{"type":"FeatureCollection","features":[{"type":"Feature","geometry":{"type":"Point","coordinates":[-112.8,49.0]},"properties":{"r":3.98,"w":2,"o":268}},{"type":"Feature","geometry":{"type":"Point","coordinates":[-112.1,49.0]},"properties":{"r":4.38,"w":2,"o":253}},{"type":"Feature","geometry":{"type":"Point","coordinates":[-111.5,49.0]},"properties":{"r":4.4,"w":1,"o":316}},{"type":"Feature","geometry":{"type":"Point","coordinates":[-111.4,49.0]},"properties":{"r":2.94,"w":1,"o":316}},{"type":"Feature","geometry":{"type":"Point","coordinates":[-111.0,49.1]},"properties":{"r":0.02,"w":1,"o":311}},{"type":"Feature","geometry":{"type":"Point","coordinates":[-112.3,49.2]},"properties":{"r":4.97,"w":1,"o":160}},{"type":"Feature","geometry":{"type":"Point","coordinates":[-112.2,49.2]},"properties":{"r":9.85,"w":8,"o":160}},{"type":"Feature","geometry":{"type":"Point","coordinates":[-112.1,49.2]},"properties":{"r":4.17,"w":1,"o":160}},{"type":"Feature","geometry":{"type":"Point","coordinates":[-112.0,49.2]},"properties":{"r":3.79,"w":1,"o":160}},{"type":"Feature","geometry":{"type":"Point","coordinates":[-111.9,49.3]},"properties":{"r":9.92,"w":3,"o":166}},{"type":"Feature","geometry":{"type":"Point","coordinates":[-110.6,49.3]},"properties":{"r":3.19,"w":1,"o":249}},{"type":"Feature","geometry":{"type":"Point","coordinates":[-111.9,49.4]},"properties":{"r":12.14,"w":7,"o":166}},{"type":"Feature","geometry":{"type":"Point","coordinates":[-111.8,49.4]},"properties":{"r":28.14,"w":9,"o":166}},{"type":"Feature","geometry":{"type":"Point","coordinates":[-110.6,49.4]},"properties":{"r":4.13,"w":1,"o":325}},{"type":"Feature","geometry":{"type":"Point","coordinates":[-112.2,49.5]},"properties":{"r":21.3,"w":6,"o":67}},{"type":"Feature","geometry":{"type":"Point","coordinates":[-112.1,49.5]},"properties":{"r":8.68,"w":3,"o":67}},{"type":"Feature","geometry":{"type":"Point","coordinates":[-113.0,49.6]},"properties":{"r":6.08,"w":2,"o":281}},{"type":"Feature","geometry":{"type":"Point","coordinates":[-112.9,49.6]},"properties":{"r":22.04,"w":8,"o":281}},{"type":"Feature","geometry":{"type":"Point","coordinates":[-112.2,49.6]},"properties":{"r":53.11,"w":14,"o":67}},{"type":"Feature","geometry":{"type":"Point","coordinates":[-112.1,49.6]},"properties":{"r":41.6,"w":13,"o":67}},{"type":"Feature","geometry":{"type":"Point","coordinates":[-112.0,49.6]},"properties":{"r":1.32,"w":1,"o":286}},{"type":"Feature","geometry":{"type":"Point","coordinates":[-113.3,49.7]},"properties":{"r":7.65,"w":2,"o":320}},{"type":"Feature","geometry":{"type":"Point","coordinates":[-113.2,49.7]},"properties":{"r":2.43,"w":1,"o":281}},{"type":"Feature","geometry":{"type":"Point","coordinates":[-113.1,49.7]},"properties":{"r":24.91,"w":8,"o":281}},{"type":"Feature","geometry":{"type":"Point","coordinates":[-113.0,49.7]},"properties":{"r":13.06,"w":8,"o":281}},{"type":"Feature","geometry":{"type":"Point","coordinates":[-112.9,49.7]},"properties":{"r":2.91,"w":2,"o":281}},{"type":"Feature","geometry":{"type":"Point","coordinates":[-112.3,49.7]},"properties":{"r":4.03,"w":1,"o":67}},{"type":"Feature","geometry":{"type":"Point","coordinates":[-112.2,49.7]},"properties":{"r":68.03,"w":24,"o":67}},{"type":"Feature","geometry":{"type":"Point","coordinates":[-112.1,49.7]},"properties":{"r":37.89,"w":14,"o":67}},{"type":"Feature","geometry":{"type":"Point","coordinates":[-111.9,49.7]},"properties":{"r":1.38,"w":1,"o":4}},{"type":"Feature","geometry":{"type":"Point","coordinates":[-111.0,49.7]},"properties":{"r":3.98,"w":1,"o":250}},{"type":"Feature","geometry":{"type":"Point","coordinates":[-113.1,49.8]},"properties":{"r":8.45,"w":2,"o":320}},{"type":"Feature","geometry":{"type":"Point","coordinates":[-112.4,49.8]},"properties":{"r":14.55,"w":4,"o":67}},{"type":"Feature","geometry":{"type":"Point","coordinates":[-112.3,49.8]},"properties":{"r":20.13,"w":6,"o":67}},{"type":"Feature","geometry":{"type":"Point","coordinates":[-112.2,49.8]},"properties":{"r":209.51,"w":63,"o":67}},{"type":"Feature","geometry":{"type":"Point","coordinates":[-112.1,49.8]},"properties":{"r":24.19,"w":8,"o":67}},{"type":"Feature","geometry":{"type":"Point","coordinates":[-111.7,49.8]},"properties":{"r":15.1,"w":6,"o":43}},{"type":"Feature","geometry":{"type":"Point","coordinates":[-111.0,49.8]},"properties":{"r":3.27,"w":1,"o":95}},{"type":"Feature","geometry":{"type":"Point","coordinates":[-110.9,49.8]},"properties":{"r":4.34,"w":1,"o":95}},{"type":"Feature","geometry":{"type":"Point","coordinates":[-113.7,49.9]},"properties":{"r":0.46,"w":1,"o":67}},{"type":"Feature","geometry":{"type":"Point","coordinates":[-113.5,49.9]},"properties":{"r":4.11,"w":2,"o":204}},{"type":"Feature","geometry":{"type":"Point","coordinates":[-113.3,49.9]},"properties":{"r":4.49,"w":1,"o":320}},{"type":"Feature","geometry":{"type":"Point","coordinates":[-113.2,49.9]},"properties":{"r":1.76,"w":1,"o":67}},{"type":"Feature","geometry":{"type":"Point","coordinates":[-113.1,49.9]},"properties":{"r":1.97,"w":1,"o":134}},{"type":"Feature","geometry":{"type":"Point","coordinates":[-112.7,49.9]},"properties":{"r":6.77,"w":2,"o":285}},{"type":"Feature","geometry":{"type":"Point","coordinates":[-112.6,49.9]},"properties":{"r":4.21,"w":2,"o":43}},{"type":"Feature","geometry":{"type":"Point","coordinates":[-112.5,49.9]},"properties":{"r":16.16,"w":4,"o":43}},{"type":"Feature","geometry":{"type":"Point","coordinates":[-112.4,49.9]},"properties":{"r":8.68,"w":3,"o":67}},{"type":"Feature","geometry":{"type":"Point","coordinates":[-112.3,49.9]},"properties":{"r":34.82,"w":11,"o":67}},{"type":"Feature","geometry":{"type":"Point","coordinates":[-112.2,49.9]},"properties":{"r":75.88,"w":24,"o":67}},{"type":"Feature","geometry":{"type":"Point","coordinates":[-112.1,49.9]},"properties":{"r":41.64,"w":11,"o":67}},{"type":"Feature","geometry":{"type":"Point","coordinates":[-112.0,49.9]},"properties":{"r":3.92,"w":2,"o":67}},{"type":"Feature","geometry":{"type":"Point","coordinates":[-111.8,49.9]},"properties":{"r":42.41,"w":16,"o":22}},{"type":"Feature","geometry":{"type":"Point","coordinates":[-111.7,49.9]},"properties":{"r":48.22,"w":19,"o":43}},{"type":"Feature","geometry":{"type":"Point","coordinates":[-111.6,49.9]},"properties":{"r":3.71,"w":1,"o":43}},{"type":"Feature","geometry":{"type":"Point","coordinates":[-111.4,49.9]},"properties":{"r":42.85,"w":11,"o":67}},{"type":"Feature","geometry":{"type":"Point","coordinates":[-110.7,49.9]},"properties":{"r":2.52,"w":1,"o":250}},{"type":"Feature","geometry":{"type":"Point","coordinates":[-113.8,50.0]},"properties":{"r":8.13,"w":3,"o":67}},{"type":"Feature","geometry":{"type":"Point","coordinates":[-113.7,50.0]},"properties":{"r":11.13,"w":3,"o":181}},{"type":"Feature","geometry":{"type":"Point","coordinates":[-113.5,50.0]},"properties":{"r":4.84,"w":1,"o":67}},{"type":"Feature","geometry":{"type":"Point","coordinates":[-113.2,50.0]},"properties":{"r":1.85,"w":2,"o":285}},{"type":"Feature","geometry":{"type":"Point","coordinates":[-113.0,50.0]},"properties":{"r":3.82,"w":1,"o":285}},{"type":"Feature","geometry":{"type":"Point","coordinates":[-112.8,50.0]},"properties":{"r":1.13,"w":1,"o":285}},{"type":"Feature","geometry":{"type":"Point","coordinates":[-112.7,50.0]},"properties":{"r":1.8,"w":1,"o":285}},{"type":"Feature","geometry":{"type":"Point","coordinates":[-112.6,50.0]},"properties":{"r":3.92,"w":1,"o":67}},{"type":"Feature","geometry":{"type":"Point","coordinates":[-112.5,50.0]},"properties":{"r":9.18,"w":3,"o":43}},{"type":"Feature","geometry":{"type":"Point","coordinates":[-112.4,50.0]},"properties":{"r":9.77,"w":4,"o":43}},{"type":"Feature","geometry":{"type":"Point","coordinates":[-112.3,50.0]},"properties":{"r":4.91,"w":1,"o":242}},{"type":"Feature","geometry":{"type":"Point","coordinates":[-112.2,50.0]},"properties":{"r":22.29,"w":7,"o":67}},{"type":"Feature","geometry":{"type":"Point","coordinates":[-112.0,50.0]},"properties":{"r":19.35,"w":8,"o":67}},{"type":"Feature","geometry":{"type":"Point","coordinates":[-111.9,50.0]},"properties":{"r":1.53,"w":1,"o":95}},{"type":"Feature","geometry":{"type":"Point","coordinates":[-111.8,50.0]},"properties":{"r":29.94,"w":8,"o":67}},{"type":"Feature","geometry":{"type":"Point","coordinates":[-111.7,50.0]},"properties":{"r":29.54,"w":10,"o":67}},{"type":"Feature","geometry":{"type":"Point","coordinates":[-110.6,50.0]},"properties":{"r":5.07,"w":2,"o":17}},{"type":"Feature","geometry":{"type":"Point","coordinates":[-113.7,50.1]},"properties":{"r":0.19,"w":1,"o":67}},{"type":"Feature","geometry":{"type":"Point","coordinates":[-113.5,50.1]},"properties":{"r":1.11,"w":1,"o":204}},{"type":"Feature","geometry":{"type":"Point","coordinates":[-113.4,50.1]},"properties":{"r":2.89,"w":2,"o":67}},{"type":"Feature","geometry":{"type":"Point","coordinates":[-113.3,50.1]},"properties":{"r":10.44,"w":4,"o":67}},{"type":"Feature","geometry":{"type":"Point","coordinates":[-113.2,50.1]},"properties":{"r":4.0,"w":2,"o":286}},{"type":"Feature","geometry":{"type":"Point","coordinates":[-113.0,50.1]},"properties":{"r":10.61,"w":6,"o":134}},{"type":"Feature","geometry":{"type":"Point","coordinates":[-112.9,50.1]},"properties":{"r":18.76,"w":8,"o":134}},{"type":"Feature","geometry":{"type":"Point","coordinates":[-112.8,50.1]},"properties":{"r":22.69,"w":8,"o":134}},{"type":"Feature","geometry":{"type":"Point","coordinates":[-112.7,50.1]},"properties":{"r":8.45,"w":4,"o":134}},{"type":"Feature","geometry":{"type":"Point","coordinates":[-112.6,50.1]},"properties":{"r":7.74,"w":4,"o":253}},{"type":"Feature","geometry":{"type":"Point","coordinates":[-112.5,50.1]},"properties":{"r":17.0,"w":5,"o":67}},{"type":"Feature","geometry":{"type":"Point","coordinates":[-112.4,50.1]},"properties":{"r":19.16,"w":10,"o":43}},{"type":"Feature","geometry":{"type":"Point","coordinates":[-112.3,50.1]},"properties":{"r":35.83,"w":13,"o":242}},{"type":"Feature","geometry":{"type":"Point","coordinates":[-112.2,50.1]},"properties":{"r":71.49,"w":23,"o":67}},{"type":"Feature","geometry":{"type":"Point","coordinates":[-112.1,50.1]},"properties":{"r":41.14,"w":14,"o":67}},{"type":"Feature","geometry":{"type":"Point","coordinates":[-112.0,50.1]},"properties":{"r":29.86,"w":11,"o":67}},{"type":"Feature","geometry":{"type":"Point","coordinates":[-111.9,50.1]},"properties":{"r":41.47,"w":11,"o":67}},{"type":"Feature","geometry":{"type":"Point","coordinates":[-111.8,50.1]},"properties":{"r":12.14,"w":3,"o":307}},{"type":"Feature","geometry":{"type":"Point","coordinates":[-111.7,50.1]},"properties":{"r":11.51,"w":3,"o":307}},{"type":"Feature","geometry":{"type":"Point","coordinates":[-111.6,50.1]},"properties":{"r":9.6,"w":3,"o":307}},{"type":"Feature","geometry":{"type":"Point","coordinates":[-110.6,50.1]},"properties":{"r":3.88,"w":1,"o":166}},{"type":"Feature","geometry":{"type":"Point","coordinates":[-113.7,50.2]},"properties":{"r":2.2,"w":2,"o":181}},{"type":"Feature","geometry":{"type":"Point","coordinates":[-113.5,50.2]},"properties":{"r":8.43,"w":2,"o":286}},{"type":"Feature","geometry":{"type":"Point","coordinates":[-113.4,50.2]},"properties":{"r":7.32,"w":2,"o":252}},{"type":"Feature","geometry":{"type":"Point","coordinates":[-113.3,50.2]},"properties":{"r":0.25,"w":1,"o":72}},{"type":"Feature","geometry":{"type":"Point","coordinates":[-112.2,50.2]},"properties":{"r":33.42,"w":8,"o":67}},{"type":"Feature","geometry":{"type":"Point","coordinates":[-112.1,50.2]},"properties":{"r":19.35,"w":6,"o":67}},{"type":"Feature","geometry":{"type":"Point","coordinates":[-112.0,50.2]},"properties":{"r":18.14,"w":5,"o":67}},{"type":"Feature","geometry":{"type":"Point","coordinates":[-111.9,50.2]},"properties":{"r":6.54,"w":2,"o":67}},{"type":"Feature","geometry":{"type":"Point","coordinates":[-111.8,50.2]},"properties":{"r":7.07,"w":2,"o":67}},{"type":"Feature","geometry":{"type":"Point","coordinates":[-111.7,50.2]},"properties":{"r":8.45,"w":3,"o":67}},{"type":"Feature","geometry":{"type":"Point","coordinates":[-111.5,50.2]},"properties":{"r":2.85,"w":1,"o":73}},{"type":"Feature","geometry":{"type":"Point","coordinates":[-111.4,50.2]},"properties":{"r":16.44,"w":6,"o":67}},{"type":"Feature","geometry":{"type":"Point","coordinates":[-111.3,50.2]},"properties":{"r":30.61,"w":9,"o":67}},{"type":"Feature","geometry":{"type":"Point","coordinates":[-111.2,50.2]},"properties":{"r":4.99,"w":1,"o":17}},{"type":"Feature","geometry":{"type":"Point","coordinates":[-111.0,50.2]},"properties":{"r":14.36,"w":5,"o":67}},{"type":"Feature","geometry":{"type":"Point","coordinates":[-113.4,50.3]},"properties":{"r":10.21,"w":4,"o":72}},{"type":"Feature","geometry":{"type":"Point","coordinates":[-113.0,50.3]},"properties":{"r":14.55,"w":4,"o":311}},{"type":"Feature","geometry":{"type":"Point","coordinates":[-112.1,50.3]},"properties":{"r":10.4,"w":6,"o":67}},{"type":"Feature","geometry":{"type":"Point","coordinates":[-112.0,50.3]},"properties":{"r":15.26,"w":4,"o":67}},{"type":"Feature","geometry":{"type":"Point","coordinates":[-111.9,50.3]},"properties":{"r":13.19,"w":4,"o":67}},{"type":"Feature","geometry":{"type":"Point","coordinates":[-111.8,50.3]},"properties":{"r":4.99,"w":3,"o":67}},{"type":"Feature","geometry":{"type":"Point","coordinates":[-111.7,50.3]},"properties":{"r":38.93,"w":12,"o":73}},{"type":"Feature","geometry":{"type":"Point","coordinates":[-111.5,50.3]},"properties":{"r":38.33,"w":13,"o":73}},{"type":"Feature","geometry":{"type":"Point","coordinates":[-111.4,50.3]},"properties":{"r":40.4,"w":11,"o":67}},{"type":"Feature","geometry":{"type":"Point","coordinates":[-111.3,50.3]},"properties":{"r":61.41,"w":18,"o":67}},{"type":"Feature","geometry":{"type":"Point","coordinates":[-111.2,50.3]},"properties":{"r":7.3,"w":2,"o":142}},{"type":"Feature","geometry":{"type":"Point","coordinates":[-111.1,50.3]},"properties":{"r":32.16,"w":10,"o":142}},{"type":"Feature","geometry":{"type":"Point","coordinates":[-111.0,50.3]},"properties":{"r":15.01,"w":6,"o":142}},{"type":"Feature","geometry":{"type":"Point","coordinates":[-112.6,50.4]},"properties":{"r":1.22,"w":1,"o":67}},{"type":"Feature","geometry":{"type":"Point","coordinates":[-112.4,50.4]},"properties":{"r":3.61,"w":1,"o":260}},{"type":"Feature","geometry":{"type":"Point","coordinates":[-112.3,50.4]},"properties":{"r":2.77,"w":1,"o":4}},{"type":"Feature","geometry":{"type":"Point","coordinates":[-112.1,50.4]},"properties":{"r":4.72,"w":1,"o":67}},{"type":"Feature","geometry":{"type":"Point","coordinates":[-111.9,50.4]},"properties":{"r":6.31,"w":2,"o":67}},{"type":"Feature","geometry":{"type":"Point","coordinates":[-111.8,50.4]},"properties":{"r":8.26,"w":2,"o":73}},{"type":"Feature","geometry":{"type":"Point","coordinates":[-111.7,50.4]},"properties":{"r":4.76,"w":1,"o":67}},{"type":"Feature","geometry":{"type":"Point","coordinates":[-111.6,50.4]},"properties":{"r":18.22,"w":9,"o":73}},{"type":"Feature","geometry":{"type":"Point","coordinates":[-111.5,50.4]},"properties":{"r":52.52,"w":19,"o":73}},{"type":"Feature","geometry":{"type":"Point","coordinates":[-111.4,50.4]},"properties":{"r":15.41,"w":4,"o":67}},{"type":"Feature","geometry":{"type":"Point","coordinates":[-111.1,50.4]},"properties":{"r":7.97,"w":2,"o":142}},{"type":"Feature","geometry":{"type":"Point","coordinates":[-111.0,50.4]},"properties":{"r":2.22,"w":1,"o":142}},{"type":"Feature","geometry":{"type":"Point","coordinates":[-110.8,50.4]},"properties":{"r":2.43,"w":3,"o":160}},{"type":"Feature","geometry":{"type":"Point","coordinates":[-114.2,50.5]},"properties":{"r":10.59,"w":3,"o":253}},{"type":"Feature","geometry":{"type":"Point","coordinates":[-113.4,50.5]},"properties":{"r":4.26,"w":1,"o":166}},{"type":"Feature","geometry":{"type":"Point","coordinates":[-113.1,50.5]},"properties":{"r":7.11,"w":2,"o":67}},{"type":"Feature","geometry":{"type":"Point","coordinates":[-112.6,50.5]},"properties":{"r":3.67,"w":1,"o":260}},{"type":"Feature","geometry":{"type":"Point","coordinates":[-112.1,50.5]},"properties":{"r":0.38,"w":1,"o":67}},{"type":"Feature","geometry":{"type":"Point","coordinates":[-111.8,50.5]},"properties":{"r":19.9,"w":8,"o":73}},{"type":"Feature","geometry":{"type":"Point","coordinates":[-111.7,50.5]},"properties":{"r":10.63,"w":4,"o":67}},{"type":"Feature","geometry":{"type":"Point","coordinates":[-111.6,50.5]},"properties":{"r":7.8,"w":4,"o":67}},{"type":"Feature","geometry":{"type":"Point","coordinates":[-111.5,50.5]},"properties":{"r":17.59,"w":5,"o":160}},{"type":"Feature","geometry":{"type":"Point","coordinates":[-111.4,50.5]},"properties":{"r":37.05,"w":11,"o":67}},{"type":"Feature","geometry":{"type":"Point","coordinates":[-111.3,50.5]},"properties":{"r":24.34,"w":10,"o":67}},{"type":"Feature","geometry":{"type":"Point","coordinates":[-111.2,50.5]},"properties":{"r":4.59,"w":1,"o":160}},{"type":"Feature","geometry":{"type":"Point","coordinates":[-111.0,50.5]},"properties":{"r":19.58,"w":7,"o":82}},{"type":"Feature","geometry":{"type":"Point","coordinates":[-110.9,50.5]},"properties":{"r":8.03,"w":2,"o":160}},{"type":"Feature","geometry":{"type":"Point","coordinates":[-110.8,50.5]},"properties":{"r":31.89,"w":12,"o":160}},{"type":"Feature","geometry":{"type":"Point","coordinates":[-114.3,50.6]},"properties":{"r":34.53,"w":12,"o":253}},{"type":"Feature","geometry":{"type":"Point","coordinates":[-114.2,50.6]},"properties":{"r":4.78,"w":1,"o":253}},{"type":"Feature","geometry":{"type":"Point","coordinates":[-113.4,50.6]},"properties":{"r":19.77,"w":5,"o":166}},{"type":"Feature","geometry":{"type":"Point","coordinates":[-113.3,50.6]},"properties":{"r":3.56,"w":1,"o":307}},{"type":"Feature","geometry":{"type":"Point","coordinates":[-113.2,50.6]},"properties":{"r":10.57,"w":4,"o":67}},{"type":"Feature","geometry":{"type":"Point","coordinates":[-113.1,50.6]},"properties":{"r":13.63,"w":6,"o":67}},{"type":"Feature","geometry":{"type":"Point","coordinates":[-113.0,50.6]},"properties":{"r":17.49,"w":7,"o":67}},{"type":"Feature","geometry":{"type":"Point","coordinates":[-112.9,50.6]},"properties":{"r":3.65,"w":1,"o":67}},{"type":"Feature","geometry":{"type":"Point","coordinates":[-112.8,50.6]},"properties":{"r":5.41,"w":2,"o":67}},{"type":"Feature","geometry":{"type":"Point","coordinates":[-112.7,50.6]},"properties":{"r":3.46,"w":1,"o":72}},{"type":"Feature","geometry":{"type":"Point","coordinates":[-112.6,50.6]},"properties":{"r":4.49,"w":2,"o":67}},{"type":"Feature","geometry":{"type":"Point","coordinates":[-112.2,50.6]},"properties":{"r":15.47,"w":5,"o":67}},{"type":"Feature","geometry":{"type":"Point","coordinates":[-112.1,50.6]},"properties":{"r":11.85,"w":6,"o":67}},{"type":"Feature","geometry":{"type":"Point","coordinates":[-112.0,50.6]},"properties":{"r":31.3,"w":11,"o":67}},{"type":"Feature","geometry":{"type":"Point","coordinates":[-111.8,50.6]},"properties":{"r":28.72,"w":10,"o":67}},{"type":"Feature","geometry":{"type":"Point","coordinates":[-111.7,50.6]},"properties":{"r":5.45,"w":3,"o":32}},{"type":"Feature","geometry":{"type":"Point","coordinates":[-111.6,50.6]},"properties":{"r":5.16,"w":3,"o":32}},{"type":"Feature","geometry":{"type":"Point","coordinates":[-111.5,50.6]},"properties":{"r":9.18,"w":3,"o":160}},{"type":"Feature","geometry":{"type":"Point","coordinates":[-111.4,50.6]},"properties":{"r":11.74,"w":5,"o":160}},{"type":"Feature","geometry":{"type":"Point","coordinates":[-111.3,50.6]},"properties":{"r":2.7,"w":2,"o":243}},{"type":"Feature","geometry":{"type":"Point","coordinates":[-111.2,50.6]},"properties":{"r":5.12,"w":2,"o":160}},{"type":"Feature","geometry":{"type":"Point","coordinates":[-111.1,50.6]},"properties":{"r":6.5,"w":3,"o":160}},{"type":"Feature","geometry":{"type":"Point","coordinates":[-111.0,50.6]},"properties":{"r":22.27,"w":8,"o":160}},{"type":"Feature","geometry":{"type":"Point","coordinates":[-110.9,50.6]},"properties":{"r":115.19,"w":43,"o":160}},{"type":"Feature","geometry":{"type":"Point","coordinates":[-110.8,50.6]},"properties":{"r":20.04,"w":7,"o":160}},{"type":"Feature","geometry":{"type":"Point","coordinates":[-114.3,50.7]},"properties":{"r":10.08,"w":5,"o":253}},{"type":"Feature","geometry":{"type":"Point","coordinates":[-113.7,50.7]},"properties":{"r":9.31,"w":2,"o":32}},{"type":"Feature","geometry":{"type":"Point","coordinates":[-113.3,50.7]},"properties":{"r":4.3,"w":1,"o":307}},{"type":"Feature","geometry":{"type":"Point","coordinates":[-113.0,50.7]},"properties":{"r":0.86,"w":1,"o":254}},{"type":"Feature","geometry":{"type":"Point","coordinates":[-112.6,50.7]},"properties":{"r":4.47,"w":1,"o":67}},{"type":"Feature","geometry":{"type":"Point","coordinates":[-112.4,50.7]},"properties":{"r":4.51,"w":2,"o":67}},{"type":"Feature","geometry":{"type":"Point","coordinates":[-112.3,50.7]},"properties":{"r":22.35,"w":8,"o":67}},{"type":"Feature","geometry":{"type":"Point","coordinates":[-112.2,50.7]},"properties":{"r":12.12,"w":5,"o":32}},{"type":"Feature","geometry":{"type":"Point","coordinates":[-112.1,50.7]},"properties":{"r":63.25,"w":22,"o":67}},{"type":"Feature","geometry":{"type":"Point","coordinates":[-112.0,50.7]},"properties":{"r":4.05,"w":1,"o":67}},{"type":"Feature","geometry":{"type":"Point","coordinates":[-111.9,50.7]},"properties":{"r":9.9,"w":4,"o":67}},{"type":"Feature","geometry":{"type":"Point","coordinates":[-111.8,50.7]},"properties":{"r":3.67,"w":2,"o":67}},{"type":"Feature","geometry":{"type":"Point","coordinates":[-111.7,50.7]},"properties":{"r":6.83,"w":2,"o":67}},{"type":"Feature","geometry":{"type":"Point","coordinates":[-111.6,50.7]},"properties":{"r":6.46,"w":3,"o":67}},{"type":"Feature","geometry":{"type":"Point","coordinates":[-111.4,50.7]},"properties":{"r":2.79,"w":1,"o":243}},{"type":"Feature","geometry":{"type":"Point","coordinates":[-111.3,50.7]},"properties":{"r":8.24,"w":2,"o":243}},{"type":"Feature","geometry":{"type":"Point","coordinates":[-111.2,50.7]},"properties":{"r":4.65,"w":2,"o":160}},{"type":"Feature","geometry":{"type":"Point","coordinates":[-111.1,50.7]},"properties":{"r":67.97,"w":23,"o":160}},{"type":"Feature","geometry":{"type":"Point","coordinates":[-111.0,50.7]},"properties":{"r":46.84,"w":16,"o":160}},{"type":"Feature","geometry":{"type":"Point","coordinates":[-110.9,50.7]},"properties":{"r":70.63,"w":23,"o":160}},{"type":"Feature","geometry":{"type":"Point","coordinates":[-114.4,50.8]},"properties":{"r":2.16,"w":1,"o":67}},{"type":"Feature","geometry":{"type":"Point","coordinates":[-113.3,50.8]},"properties":{"r":6.0,"w":2,"o":307}},{"type":"Feature","geometry":{"type":"Point","coordinates":[-112.5,50.8]},"properties":{"r":4.57,"w":2,"o":73}},{"type":"Feature","geometry":{"type":"Point","coordinates":[-112.4,50.8]},"properties":{"r":4.72,"w":1,"o":67}},{"type":"Feature","geometry":{"type":"Point","coordinates":[-112.3,50.8]},"properties":{"r":17.46,"w":6,"o":67}},{"type":"Feature","geometry":{"type":"Point","coordinates":[-112.2,50.8]},"properties":{"r":7.3,"w":4,"o":67}},{"type":"Feature","geometry":{"type":"Point","coordinates":[-112.1,50.8]},"properties":{"r":25.03,"w":9,"o":67}},{"type":"Feature","geometry":{"type":"Point","coordinates":[-112.0,50.8]},"properties":{"r":7.21,"w":2,"o":73}},{"type":"Feature","geometry":{"type":"Point","coordinates":[-111.9,50.8]},"properties":{"r":4.28,"w":2,"o":67}},{"type":"Feature","geometry":{"type":"Point","coordinates":[-111.5,50.8]},"properties":{"r":4.97,"w":1,"o":307}},{"type":"Feature","geometry":{"type":"Point","coordinates":[-111.2,50.8]},"properties":{"r":9.12,"w":2,"o":67}},{"type":"Feature","geometry":{"type":"Point","coordinates":[-111.1,50.8]},"properties":{"r":30.84,"w":8,"o":160}},{"type":"Feature","geometry":{"type":"Point","coordinates":[-111.0,50.8]},"properties":{"r":21.41,"w":6,"o":160}},{"type":"Feature","geometry":{"type":"Point","coordinates":[-110.9,50.8]},"properties":{"r":0.96,"w":2,"o":319}},{"type":"Feature","geometry":{"type":"Point","coordinates":[-110.8,50.8]},"properties":{"r":4.51,"w":1,"o":145}},{"type":"Feature","geometry":{"type":"Point","coordinates":[-113.4,50.9]},"properties":{"r":6.65,"w":5,"o":231}},{"type":"Feature","geometry":{"type":"Point","coordinates":[-113.0,50.9]},"properties":{"r":3.38,"w":3,"o":179}},{"type":"Feature","geometry":{"type":"Point","coordinates":[-112.5,50.9]},"properties":{"r":13.4,"w":3,"o":109}},{"type":"Feature","geometry":{"type":"Point","coordinates":[-112.4,50.9]},"properties":{"r":7.46,"w":2,"o":67}},{"type":"Feature","geometry":{"type":"Point","coordinates":[-112.3,50.9]},"properties":{"r":10.5,"w":6,"o":67}},{"type":"Feature","geometry":{"type":"Point","coordinates":[-112.2,50.9]},"properties":{"r":25.79,"w":8,"o":67}},{"type":"Feature","geometry":{"type":"Point","coordinates":[-112.1,50.9]},"properties":{"r":33.59,"w":10,"o":67}},{"type":"Feature","geometry":{"type":"Point","coordinates":[-112.0,50.9]},"properties":{"r":1.3,"w":1,"o":67}},{"type":"Feature","geometry":{"type":"Point","coordinates":[-111.9,50.9]},"properties":{"r":8.58,"w":3,"o":67}},{"type":"Feature","geometry":{"type":"Point","coordinates":[-111.8,50.9]},"properties":{"r":11.97,"w":4,"o":166}},{"type":"Feature","geometry":{"type":"Point","coordinates":[-111.2,50.9]},"properties":{"r":18.85,"w":8,"o":67}},{"type":"Feature","geometry":{"type":"Point","coordinates":[-111.1,50.9]},"properties":{"r":3.31,"w":1,"o":67}},{"type":"Feature","geometry":{"type":"Point","coordinates":[-113.2,51.0]},"properties":{"r":5.81,"w":2,"o":179}},{"type":"Feature","geometry":{"type":"Point","coordinates":[-113.0,51.0]},"properties":{"r":0.57,"w":1,"o":179}},{"type":"Feature","geometry":{"type":"Point","coordinates":[-112.9,51.0]},"properties":{"r":7.07,"w":2,"o":179}},{"type":"Feature","geometry":{"type":"Point","coordinates":[-112.6,51.0]},"properties":{"r":3.77,"w":2,"o":67}},{"type":"Feature","geometry":{"type":"Point","coordinates":[-112.5,51.0]},"properties":{"r":1.68,"w":1,"o":67}},{"type":"Feature","geometry":{"type":"Point","coordinates":[-112.4,51.0]},"properties":{"r":2.18,"w":2,"o":67}},{"type":"Feature","geometry":{"type":"Point","coordinates":[-112.3,51.0]},"properties":{"r":5.62,"w":2,"o":67}},{"type":"Feature","geometry":{"type":"Point","coordinates":[-112.2,51.0]},"properties":{"r":4.24,"w":1,"o":67}},{"type":"Feature","geometry":{"type":"Point","coordinates":[-112.1,51.0]},"properties":{"r":3.92,"w":1,"o":67}},{"type":"Feature","geometry":{"type":"Point","coordinates":[-111.9,51.0]},"properties":{"r":10.55,"w":3,"o":67}},{"type":"Feature","geometry":{"type":"Point","coordinates":[-111.8,51.0]},"properties":{"r":35.37,"w":17,"o":166}},{"type":"Feature","geometry":{"type":"Point","coordinates":[-111.7,51.0]},"properties":{"r":7.48,"w":2,"o":166}},{"type":"Feature","geometry":{"type":"Point","coordinates":[-111.6,51.0]},"properties":{"r":9.46,"w":2,"o":67}},{"type":"Feature","geometry":{"type":"Point","coordinates":[-114.3,51.1]},"properties":{"r":4.68,"w":1,"o":140}},{"type":"Feature","geometry":{"type":"Point","coordinates":[-113.0,51.1]},"properties":{"r":13.08,"w":7,"o":179}},{"type":"Feature","geometry":{"type":"Point","coordinates":[-112.9,51.1]},"properties":{"r":6.92,"w":2,"o":67}},{"type":"Feature","geometry":{"type":"Point","coordinates":[-112.8,51.1]},"properties":{"r":12.45,"w":4,"o":67}},{"type":"Feature","geometry":{"type":"Point","coordinates":[-112.7,51.1]},"properties":{"r":13.67,"w":6,"o":67}},{"type":"Feature","geometry":{"type":"Point","coordinates":[-112.6,51.1]},"properties":{"r":4.05,"w":1,"o":67}},{"type":"Feature","geometry":{"type":"Point","coordinates":[-112.5,51.1]},"properties":{"r":3.79,"w":1,"o":67}},{"type":"Feature","geometry":{"type":"Point","coordinates":[-112.3,51.1]},"properties":{"r":9.67,"w":5,"o":67}},{"type":"Feature","geometry":{"type":"Point","coordinates":[-112.2,51.1]},"properties":{"r":1.32,"w":1,"o":67}},{"type":"Feature","geometry":{"type":"Point","coordinates":[-111.9,51.1]},"properties":{"r":3.54,"w":1,"o":166}},{"type":"Feature","geometry":{"type":"Point","coordinates":[-111.7,51.1]},"properties":{"r":26.71,"w":13,"o":67}},{"type":"Feature","geometry":{"type":"Point","coordinates":[-111.6,51.1]},"properties":{"r":10.42,"w":5,"o":67}},{"type":"Feature","geometry":{"type":"Point","coordinates":[-114.5,51.2]},"properties":{"r":12.92,"w":3,"o":11}},{"type":"Feature","geometry":{"type":"Point","coordinates":[-114.4,51.2]},"properties":{"r":19.2,"w":15,"o":11}},{"type":"Feature","geometry":{"type":"Point","coordinates":[-114.3,51.2]},"properties":{"r":13.23,"w":6,"o":11}},{"type":"Feature","geometry":{"type":"Point","coordinates":[-112.9,51.2]},"properties":{"r":16.21,"w":6,"o":179}},{"type":"Feature","geometry":{"type":"Point","coordinates":[-112.8,51.2]},"properties":{"r":8.24,"w":4,"o":67}},{"type":"Feature","geometry":{"type":"Point","coordinates":[-112.7,51.2]},"properties":{"r":19.88,"w":7,"o":67}},{"type":"Feature","geometry":{"type":"Point","coordinates":[-112.6,51.2]},"properties":{"r":15.47,"w":6,"o":67}},{"type":"Feature","geometry":{"type":"Point","coordinates":[-112.5,51.2]},"properties":{"r":5.43,"w":2,"o":67}},{"type":"Feature","geometry":{"type":"Point","coordinates":[-112.4,51.2]},"properties":{"r":16.58,"w":6,"o":67}},{"type":"Feature","geometry":{"type":"Point","coordinates":[-112.3,51.2]},"properties":{"r":13.31,"w":7,"o":67}},{"type":"Feature","geometry":{"type":"Point","coordinates":[-111.7,51.2]},"properties":{"r":9.25,"w":4,"o":67}},{"type":"Feature","geometry":{"type":"Point","coordinates":[-111.6,51.2]},"properties":{"r":65.08,"w":21,"o":67}},{"type":"Feature","geometry":{"type":"Point","coordinates":[-111.2,51.2]},"properties":{"r":2.7,"w":1,"o":67}},{"type":"Feature","geometry":{"type":"Point","coordinates":[-114.5,51.3]},"properties":{"r":2.01,"w":3,"o":140}},{"type":"Feature","geometry":{"type":"Point","coordinates":[-114.4,51.3]},"properties":{"r":75.85,"w":54,"o":11}},{"type":"Feature","geometry":{"type":"Point","coordinates":[-114.3,51.3]},"properties":{"r":15.03,"w":10,"o":11}},{"type":"Feature","geometry":{"type":"Point","coordinates":[-113.1,51.3]},"properties":{"r":1.78,"w":2,"o":231}},{"type":"Feature","geometry":{"type":"Point","coordinates":[-113.0,51.3]},"properties":{"r":7.15,"w":2,"o":231}},{"type":"Feature","geometry":{"type":"Point","coordinates":[-112.9,51.3]},"properties":{"r":6.23,"w":3,"o":243}},{"type":"Feature","geometry":{"type":"Point","coordinates":[-112.8,51.3]},"properties":{"r":20.84,"w":8,"o":67}},{"type":"Feature","geometry":{"type":"Point","coordinates":[-112.7,51.3]},"properties":{"r":63.17,"w":24,"o":67}},{"type":"Feature","geometry":{"type":"Point","coordinates":[-112.6,51.3]},"properties":{"r":37.78,"w":15,"o":67}},{"type":"Feature","geometry":{"type":"Point","coordinates":[-112.5,51.3]},"properties":{"r":53.36,"w":17,"o":67}},{"type":"Feature","geometry":{"type":"Point","coordinates":[-112.4,51.3]},"properties":{"r":45.39,"w":26,"o":67}},{"type":"Feature","geometry":{"type":"Point","coordinates":[-112.3,51.3]},"properties":{"r":3.96,"w":4,"o":205}},{"type":"Feature","geometry":{"type":"Point","coordinates":[-111.9,51.3]},"properties":{"r":0.19,"w":1,"o":296}},{"type":"Feature","geometry":{"type":"Point","coordinates":[-111.8,51.3]},"properties":{"r":2.81,"w":3,"o":296}},{"type":"Feature","geometry":{"type":"Point","coordinates":[-111.7,51.3]},"properties":{"r":1.89,"w":2,"o":296}},{"type":"Feature","geometry":{"type":"Point","coordinates":[-111.6,51.3]},"properties":{"r":11.34,"w":4,"o":67}},{"type":"Feature","geometry":{"type":"Point","coordinates":[-111.3,51.3]},"properties":{"r":7.4,"w":3,"o":255}},{"type":"Feature","geometry":{"type":"Point","coordinates":[-111.2,51.3]},"properties":{"r":6.08,"w":3,"o":255}},{"type":"Feature","geometry":{"type":"Point","coordinates":[-110.2,51.3]},"properties":{"r":35.56,"w":10,"o":326}},{"type":"Feature","geometry":{"type":"Point","coordinates":[-110.1,51.3]},"properties":{"r":15.66,"w":4,"o":326}},{"type":"Feature","geometry":{"type":"Point","coordinates":[-114.5,51.4]},"properties":{"r":12.12,"w":7,"o":11}},{"type":"Feature","geometry":{"type":"Point","coordinates":[-114.4,51.4]},"properties":{"r":31.37,"w":24,"o":11}},{"type":"Feature","geometry":{"type":"Point","coordinates":[-114.2,51.4]},"properties":{"r":1.2,"w":1,"o":11}},{"type":"Feature","geometry":{"type":"Point","coordinates":[-114.1,51.4]},"properties":{"r":3.48,"w":2,"o":140}},{"type":"Feature","geometry":{"type":"Point","coordinates":[-113.8,51.4]},"properties":{"r":4.36,"w":1,"o":307}},{"type":"Feature","geometry":{"type":"Point","coordinates":[-113.1,51.4]},"properties":{"r":4.57,"w":1,"o":231}},{"type":"Feature","geometry":{"type":"Point","coordinates":[-113.0,51.4]},"properties":{"r":6.08,"w":2,"o":231}},{"type":"Feature","geometry":{"type":"Point","coordinates":[-112.9,51.4]},"properties":{"r":8.7,"w":3,"o":231}},{"type":"Feature","geometry":{"type":"Point","coordinates":[-112.8,51.4]},"properties":{"r":10.38,"w":5,"o":67}},{"type":"Feature","geometry":{"type":"Point","coordinates":[-112.7,51.4]},"properties":{"r":1.8,"w":1,"o":67}},{"type":"Feature","geometry":{"type":"Point","coordinates":[-112.6,51.4]},"properties":{"r":4.51,"w":4,"o":67}},{"type":"Feature","geometry":{"type":"Point","coordinates":[-112.5,51.4]},"properties":{"r":1.68,"w":1,"o":67}},{"type":"Feature","geometry":{"type":"Point","coordinates":[-112.1,51.4]},"properties":{"r":6.54,"w":3,"o":18}},{"type":"Feature","geometry":{"type":"Point","coordinates":[-111.8,51.4]},"properties":{"r":0.67,"w":1,"o":296}},{"type":"Feature","geometry":{"type":"Point","coordinates":[-111.7,51.4]},"properties":{"r":1.26,"w":2,"o":296}},{"type":"Feature","geometry":{"type":"Point","coordinates":[-111.6,51.4]},"properties":{"r":7.67,"w":2,"o":335}},{"type":"Feature","geometry":{"type":"Point","coordinates":[-111.5,51.4]},"properties":{"r":2.75,"w":1,"o":67}},{"type":"Feature","geometry":{"type":"Point","coordinates":[-111.1,51.4]},"properties":{"r":8.93,"w":2,"o":272}},{"type":"Feature","geometry":{"type":"Point","coordinates":[-111.0,51.4]},"properties":{"r":2.22,"w":1,"o":67}},{"type":"Feature","geometry":{"type":"Point","coordinates":[-110.1,51.4]},"properties":{"r":4.15,"w":1,"o":308}},{"type":"Feature","geometry":{"type":"Point","coordinates":[-114.5,51.5]},"properties":{"r":4.7,"w":11,"o":222}},{"type":"Feature","geometry":{"type":"Point","coordinates":[-114.4,51.5]},"properties":{"r":4.26,"w":2,"o":222}},{"type":"Feature","geometry":{"type":"Point","coordinates":[-114.2,51.5]},"properties":{"r":1.53,"w":1,"o":140}},{"type":"Feature","geometry":{"type":"Point","coordinates":[-113.7,51.5]},"properties":{"r":13.8,"w":4,"o":11}},{"type":"Feature","geometry":{"type":"Point","coordinates":[-113.6,51.5]},"properties":{"r":56.88,"w":22,"o":11}},{"type":"Feature","geometry":{"type":"Point","coordinates":[-113.0,51.5]},"properties":{"r":0.94,"w":1,"o":238}},{"type":"Feature","geometry":{"type":"Point","coordinates":[-112.9,51.5]},"properties":{"r":0.99,"w":1,"o":49}},{"type":"Feature","geometry":{"type":"Point","coordinates":[-112.8,51.5]},"properties":{"r":1.32,"w":3,"o":49}},{"type":"Feature","geometry":{"type":"Point","coordinates":[-112.7,51.5]},"properties":{"r":25.83,"w":19,"o":49}},{"type":"Feature","geometry":{"type":"Point","coordinates":[-112.6,51.5]},"properties":{"r":22.37,"w":8,"o":32}},{"type":"Feature","geometry":{"type":"Point","coordinates":[-112.5,51.5]},"properties":{"r":27.55,"w":10,"o":205}},{"type":"Feature","geometry":{"type":"Point","coordinates":[-112.4,51.5]},"properties":{"r":4.97,"w":1,"o":205}},{"type":"Feature","geometry":{"type":"Point","coordinates":[-112.3,51.5]},"properties":{"r":1.4,"w":1,"o":243}},{"type":"Feature","geometry":{"type":"Point","coordinates":[-112.1,51.5]},"properties":{"r":10.84,"w":4,"o":67}},{"type":"Feature","geometry":{"type":"Point","coordinates":[-112.0,51.5]},"properties":{"r":0.34,"w":1,"o":67}},{"type":"Feature","geometry":{"type":"Point","coordinates":[-111.9,51.5]},"properties":{"r":6.75,"w":2,"o":338}},{"type":"Feature","geometry":{"type":"Point","coordinates":[-111.8,51.5]},"properties":{"r":0.13,"w":1,"o":23}},{"type":"Feature","geometry":{"type":"Point","coordinates":[-111.6,51.5]},"properties":{"r":2.6,"w":1,"o":67}},{"type":"Feature","geometry":{"type":"Point","coordinates":[-110.1,51.5]},"properties":{"r":1.17,"w":1,"o":46}},{"type":"Feature","geometry":{"type":"Point","coordinates":[-114.6,51.6]},"properties":{"r":0.23,"w":1,"o":278}},{"type":"Feature","geometry":{"type":"Point","coordinates":[-114.5,51.6]},"properties":{"r":4.49,"w":17,"o":278}},{"type":"Feature","geometry":{"type":"Point","coordinates":[-114.4,51.6]},"properties":{"r":17.46,"w":6,"o":235}},{"type":"Feature","geometry":{"type":"Point","coordinates":[-114.3,51.6]},"properties":{"r":28.66,"w":9,"o":235}},{"type":"Feature","geometry":{"type":"Point","coordinates":[-114.2,51.6]},"properties":{"r":1.57,"w":1,"o":235}},{"type":"Feature","geometry":{"type":"Point","coordinates":[-113.7,51.6]},"properties":{"r":4.0,"w":1,"o":31}},{"type":"Feature","geometry":{"type":"Point","coordinates":[-113.6,51.6]},"properties":{"r":3.08,"w":2,"o":31}},{"type":"Feature","geometry":{"type":"Point","coordinates":[-113.3,51.6]},"properties":{"r":4.78,"w":1,"o":29}},{"type":"Feature","geometry":{"type":"Point","coordinates":[-113.2,51.6]},"properties":{"r":6.48,"w":2,"o":238}},{"type":"Feature","geometry":{"type":"Point","coordinates":[-113.0,51.6]},"properties":{"r":10.55,"w":5,"o":238}},{"type":"Feature","geometry":{"type":"Point","coordinates":[-112.9,51.6]},"properties":{"r":3.06,"w":1,"o":111}},{"type":"Feature","geometry":{"type":"Point","coordinates":[-112.5,51.6]},"properties":{"r":10.94,"w":3,"o":243}},{"type":"Feature","geometry":{"type":"Point","coordinates":[-112.4,51.6]},"properties":{"r":25.26,"w":7,"o":205}},{"type":"Feature","geometry":{"type":"Point","coordinates":[-112.3,51.6]},"properties":{"r":4.95,"w":3,"o":243}},{"type":"Feature","geometry":{"type":"Point","coordinates":[-112.2,51.6]},"properties":{"r":13.0,"w":7,"o":67}},{"type":"Feature","geometry":{"type":"Point","coordinates":[-112.1,51.6]},"properties":{"r":6.56,"w":4,"o":18}},{"type":"Feature","geometry":{"type":"Point","coordinates":[-111.5,51.6]},"properties":{"r":0.52,"w":1,"o":67}},{"type":"Feature","geometry":{"type":"Point","coordinates":[-110.0,51.6]},"properties":{"r":5.6,"w":3,"o":278}},{"type":"Feature","geometry":{"type":"Point","coordinates":[-114.7,51.7]},"properties":{"r":2.14,"w":12,"o":315}},{"type":"Feature","geometry":{"type":"Point","coordinates":[-114.6,51.7]},"properties":{"r":0.82,"w":3,"o":315}},{"type":"Feature","geometry":{"type":"Point","coordinates":[-114.5,51.7]},"properties":{"r":4.44,"w":2,"o":280}},{"type":"Feature","geometry":{"type":"Point","coordinates":[-114.4,51.7]},"properties":{"r":83.99,"w":42,"o":185}},{"type":"Feature","geometry":{"type":"Point","coordinates":[-114.3,51.7]},"properties":{"r":56.06,"w":19,"o":235}},{"type":"Feature","geometry":{"type":"Point","coordinates":[-114.2,51.7]},"properties":{"r":11.28,"w":5,"o":340}},{"type":"Feature","geometry":{"type":"Point","coordinates":[-114.0,51.7]},"properties":{"r":2.1,"w":1,"o":340}},{"type":"Feature","geometry":{"type":"Point","coordinates":[-113.8,51.7]},"properties":{"r":4.05,"w":1,"o":235}},{"type":"Feature","geometry":{"type":"Point","coordinates":[-113.7,51.7]},"properties":{"r":9.46,"w":3,"o":31}},{"type":"Feature","geometry":{"type":"Point","coordinates":[-113.4,51.7]},"properties":{"r":46.8,"w":25,"o":42}},{"type":"Feature","geometry":{"type":"Point","coordinates":[-113.3,51.7]},"properties":{"r":18.91,"w":10,"o":42}},{"type":"Feature","geometry":{"type":"Point","coordinates":[-113.2,51.7]},"properties":{"r":3.29,"w":2,"o":98}},{"type":"Feature","geometry":{"type":"Point","coordinates":[-112.8,51.7]},"properties":{"r":30.13,"w":11,"o":238}},{"type":"Feature","geometry":{"type":"Point","coordinates":[-112.7,51.7]},"properties":{"r":8.76,"w":4,"o":238}},{"type":"Feature","geometry":{"type":"Point","coordinates":[-112.4,51.7]},"properties":{"r":11.76,"w":5,"o":243}},{"type":"Feature","geometry":{"type":"Point","coordinates":[-112.3,51.7]},"properties":{"r":35.47,"w":12,"o":243}},{"type":"Feature","geometry":{"type":"Point","coordinates":[-112.2,51.7]},"properties":{"r":14.8,"w":6,"o":243}},{"type":"Feature","geometry":{"type":"Point","coordinates":[-112.1,51.7]},"properties":{"r":1.74,"w":1,"o":67}},{"type":"Feature","geometry":{"type":"Point","coordinates":[-111.3,51.7]},"properties":{"r":17.26,"w":9,"o":193}},{"type":"Feature","geometry":{"type":"Point","coordinates":[-110.6,51.7]},"properties":{"r":1.26,"w":2,"o":124}},{"type":"Feature","geometry":{"type":"Point","coordinates":[-110.5,51.7]},"properties":{"r":1.15,"w":3,"o":124}},{"type":"Feature","geometry":{"type":"Point","coordinates":[-110.3,51.7]},"properties":{"r":6.71,"w":4,"o":46}},{"type":"Feature","geometry":{"type":"Point","coordinates":[-110.2,51.7]},"properties":{"r":6.83,"w":2,"o":46}},{"type":"Feature","geometry":{"type":"Point","coordinates":[-110.1,51.7]},"properties":{"r":31.3,"w":15,"o":46}},{"type":"Feature","geometry":{"type":"Point","coordinates":[-110.0,51.7]},"properties":{"r":7.88,"w":5,"o":46}},{"type":"Feature","geometry":{"type":"Point","coordinates":[-115.0,51.8]},"properties":{"r":0.75,"w":1,"o":307}},{"type":"Feature","geometry":{"type":"Point","coordinates":[-114.8,51.8]},"properties":{"r":0.78,"w":1,"o":307}},{"type":"Feature","geometry":{"type":"Point","coordinates":[-114.7,51.8]},"properties":{"r":0.29,"w":1,"o":315}},{"type":"Feature","geometry":{"type":"Point","coordinates":[-114.6,51.8]},"properties":{"r":15.87,"w":9,"o":340}},{"type":"Feature","geometry":{"type":"Point","coordinates":[-114.5,51.8]},"properties":{"r":49.27,"w":23,"o":340}},{"type":"Feature","geometry":{"type":"Point","coordinates":[-114.4,51.8]},"properties":{"r":140.24,"w":59,"o":340}},{"type":"Feature","geometry":{"type":"Point","coordinates":[-114.3,51.8]},"properties":{"r":41.87,"w":14,"o":185}},{"type":"Feature","geometry":{"type":"Point","coordinates":[-114.2,51.8]},"properties":{"r":7.11,"w":2,"o":231}},{"type":"Feature","geometry":{"type":"Point","coordinates":[-113.8,51.8]},"properties":{"r":3.59,"w":1,"o":185}},{"type":"Feature","geometry":{"type":"Point","coordinates":[-113.6,51.8]},"properties":{"r":2.56,"w":1,"o":326}},{"type":"Feature","geometry":{"type":"Point","coordinates":[-113.5,51.8]},"properties":{"r":43.13,"w":16,"o":42}},{"type":"Feature","geometry":{"type":"Point","coordinates":[-113.4,51.8]},"properties":{"r":59.31,"w":24,"o":238}},{"type":"Feature","geometry":{"type":"Point","coordinates":[-113.3,51.8]},"properties":{"r":5.35,"w":6,"o":238}},{"type":"Feature","geometry":{"type":"Point","coordinates":[-113.2,51.8]},"properties":{"r":0.36,"w":1,"o":238}},{"type":"Feature","geometry":{"type":"Point","coordinates":[-113.1,51.8]},"properties":{"r":1.91,"w":1,"o":67}},{"type":"Feature","geometry":{"type":"Point","coordinates":[-112.7,51.8]},"properties":{"r":0.61,"w":1,"o":238}},{"type":"Feature","geometry":{"type":"Point","coordinates":[-112.3,51.8]},"properties":{"r":7.34,"w":2,"o":67}},{"type":"Feature","geometry":{"type":"Point","coordinates":[-112.0,51.8]},"properties":{"r":6.5,"w":4,"o":156}},{"type":"Feature","geometry":{"type":"Point","coordinates":[-110.7,51.8]},"properties":{"r":2.41,"w":1,"o":218}},{"type":"Feature","geometry":{"type":"Point","coordinates":[-110.6,51.8]},"properties":{"r":6.31,"w":5,"o":124}},{"type":"Feature","geometry":{"type":"Point","coordinates":[-110.5,51.8]},"properties":{"r":15.35,"w":13,"o":124}},{"type":"Feature","geometry":{"type":"Point","coordinates":[-110.4,51.8]},"properties":{"r":4.91,"w":1,"o":218}},{"type":"Feature","geometry":{"type":"Point","coordinates":[-110.3,51.8]},"properties":{"r":26.17,"w":16,"o":218}},{"type":"Feature","geometry":{"type":"Point","coordinates":[-110.2,51.8]},"properties":{"r":46.71,"w":45,"o":46}},{"type":"Feature","geometry":{"type":"Point","coordinates":[-110.1,51.8]},"properties":{"r":57.8,"w":46,"o":46}},{"type":"Feature","geometry":{"type":"Point","coordinates":[-110.0,51.8]},"properties":{"r":3.79,"w":3,"o":218}},{"type":"Feature","geometry":{"type":"Point","coordinates":[-115.1,51.9]},"properties":{"r":0.36,"w":1,"o":315}},{"type":"Feature","geometry":{"type":"Point","coordinates":[-115.0,51.9]},"properties":{"r":3.0,"w":4,"o":307}},{"type":"Feature","geometry":{"type":"Point","coordinates":[-114.7,51.9]},"properties":{"r":3.46,"w":1,"o":340}},{"type":"Feature","geometry":{"type":"Point","coordinates":[-114.6,51.9]},"properties":{"r":28.49,"w":15,"o":340}},{"type":"Feature","geometry":{"type":"Point","coordinates":[-114.5,51.9]},"properties":{"r":162.63,"w":83,"o":340}},{"type":"Feature","geometry":{"type":"Point","coordinates":[-114.4,51.9]},"properties":{"r":133.68,"w":70,"o":340}},{"type":"Feature","geometry":{"type":"Point","coordinates":[-114.3,51.9]},"properties":{"r":9.33,"w":7,"o":278}},{"type":"Feature","geometry":{"type":"Point","coordinates":[-114.2,51.9]},"properties":{"r":0.9,"w":1,"o":39}},{"type":"Feature","geometry":{"type":"Point","coordinates":[-113.6,51.9]},"properties":{"r":2.31,"w":2,"o":238}},{"type":"Feature","geometry":{"type":"Point","coordinates":[-113.5,51.9]},"properties":{"r":0.13,"w":1,"o":238}},{"type":"Feature","geometry":{"type":"Point","coordinates":[-113.4,51.9]},"properties":{"r":6.86,"w":2,"o":238}},{"type":"Feature","geometry":{"type":"Point","coordinates":[-112.8,51.9]},"properties":{"r":3.75,"w":1,"o":67}},{"type":"Feature","geometry":{"type":"Point","coordinates":[-112.7,51.9]},"properties":{"r":4.38,"w":1,"o":110}},{"type":"Feature","geometry":{"type":"Point","coordinates":[-112.5,51.9]},"properties":{"r":5.56,"w":3,"o":231}},{"type":"Feature","geometry":{"type":"Point","coordinates":[-111.9,51.9]},"properties":{"r":2.33,"w":1,"o":328}},{"type":"Feature","geometry":{"type":"Point","coordinates":[-111.8,51.9]},"properties":{"r":9.83,"w":4,"o":67}},{"type":"Feature","geometry":{"type":"Point","coordinates":[-111.3,51.9]},"properties":{"r":12.33,"w":13,"o":169}},{"type":"Feature","geometry":{"type":"Point","coordinates":[-111.2,51.9]},"properties":{"r":79.1,"w":59,"o":169}},{"type":"Feature","geometry":{"type":"Point","coordinates":[-111.1,51.9]},"properties":{"r":119.78,"w":64,"o":169}},{"type":"Feature","geometry":{"type":"Point","coordinates":[-111.0,51.9]},"properties":{"r":17.53,"w":6,"o":169}},{"type":"Feature","geometry":{"type":"Point","coordinates":[-110.9,51.9]},"properties":{"r":1.82,"w":1,"o":169}},{"type":"Feature","geometry":{"type":"Point","coordinates":[-110.7,51.9]},"properties":{"r":0.25,"w":1,"o":169}},{"type":"Feature","geometry":{"type":"Point","coordinates":[-110.6,51.9]},"properties":{"r":2.91,"w":3,"o":169}},{"type":"Feature","geometry":{"type":"Point","coordinates":[-110.5,51.9]},"properties":{"r":1.89,"w":2,"o":169}},{"type":"Feature","geometry":{"type":"Point","coordinates":[-110.4,51.9]},"properties":{"r":22.04,"w":20,"o":32}},{"type":"Feature","geometry":{"type":"Point","coordinates":[-110.3,51.9]},"properties":{"r":27.3,"w":24,"o":32}},{"type":"Feature","geometry":{"type":"Point","coordinates":[-110.2,51.9]},"properties":{"r":9.06,"w":3,"o":32}},{"type":"Feature","geometry":{"type":"Point","coordinates":[-115.1,52.0]},"properties":{"r":6.86,"w":3,"o":315}},{"type":"Feature","geometry":{"type":"Point","coordinates":[-115.0,52.0]},"properties":{"r":2.58,"w":2,"o":315}},{"type":"Feature","geometry":{"type":"Point","coordinates":[-114.9,52.0]},"properties":{"r":11.91,"w":6,"o":307}},{"type":"Feature","geometry":{"type":"Point","coordinates":[-114.8,52.0]},"properties":{"r":13.08,"w":9,"o":307}},{"type":"Feature","geometry":{"type":"Point","coordinates":[-114.7,52.0]},"properties":{"r":11.49,"w":6,"o":307}},{"type":"Feature","geometry":{"type":"Point","coordinates":[-114.6,52.0]},"properties":{"r":61.62,"w":31,"o":340}},{"type":"Feature","geometry":{"type":"Point","coordinates":[-114.5,52.0]},"properties":{"r":75.41,"w":43,"o":340}},{"type":"Feature","geometry":{"type":"Point","coordinates":[-114.4,52.0]},"properties":{"r":34.47,"w":19,"o":340}},{"type":"Feature","geometry":{"type":"Point","coordinates":[-114.3,52.0]},"properties":{"r":13.94,"w":7,"o":340}},{"type":"Feature","geometry":{"type":"Point","coordinates":[-114.1,52.0]},"properties":{"r":6.06,"w":2,"o":340}},{"type":"Feature","geometry":{"type":"Point","coordinates":[-113.9,52.0]},"properties":{"r":2.85,"w":1,"o":200}},{"type":"Feature","geometry":{"type":"Point","coordinates":[-113.8,52.0]},"properties":{"r":3.02,"w":2,"o":326}},{"type":"Feature","geometry":{"type":"Point","coordinates":[-113.7,52.0]},"properties":{"r":3.77,"w":1,"o":238}},{"type":"Feature","geometry":{"type":"Point","coordinates":[-113.6,52.0]},"properties":{"r":4.93,"w":1,"o":238}},{"type":"Feature","geometry":{"type":"Point","coordinates":[-113.3,52.0]},"properties":{"r":5.26,"w":3,"o":87}},{"type":"Feature","geometry":{"type":"Point","coordinates":[-113.1,52.0]},"properties":{"r":4.61,"w":1,"o":11}},{"type":"Feature","geometry":{"type":"Point","coordinates":[-112.8,52.0]},"properties":{"r":7.46,"w":3,"o":114}},{"type":"Feature","geometry":{"type":"Point","coordinates":[-112.5,52.0]},"properties":{"r":21.8,"w":8,"o":231}},{"type":"Feature","geometry":{"type":"Point","coordinates":[-112.4,52.0]},"properties":{"r":6.25,"w":2,"o":67}},{"type":"Feature","geometry":{"type":"Point","coordinates":[-111.5,52.0]},"properties":{"r":17.38,"w":5,"o":36}},{"type":"Feature","geometry":{"type":"Point","coordinates":[-111.4,52.0]},"properties":{"r":19.96,"w":5,"o":36}},{"type":"Feature","geometry":{"type":"Point","coordinates":[-111.3,52.0]},"properties":{"r":77.2,"w":30,"o":169}},{"type":"Feature","geometry":{"type":"Point","coordinates":[-111.2,52.0]},"properties":{"r":207.1,"w":90,"o":169}},{"type":"Feature","geometry":{"type":"Point","coordinates":[-111.1,52.0]},"properties":{"r":109.48,"w":43,"o":169}},{"type":"Feature","geometry":{"type":"Point","coordinates":[-111.0,52.0]},"properties":{"r":62.6,"w":28,"o":169}},{"type":"Feature","geometry":{"type":"Point","coordinates":[-110.9,52.0]},"properties":{"r":34.99,"w":18,"o":169}},{"type":"Feature","geometry":{"type":"Point","coordinates":[-110.8,52.0]},"properties":{"r":21.2,"w":7,"o":169}},{"type":"Feature","geometry":{"type":"Point","coordinates":[-110.7,52.0]},"properties":{"r":16.4,"w":7,"o":169}},{"type":"Feature","geometry":{"type":"Point","coordinates":[-110.6,52.0]},"properties":{"r":38.89,"w":11,"o":169}},{"type":"Feature","geometry":{"type":"Point","coordinates":[-110.5,52.0]},"properties":{"r":8.85,"w":9,"o":169}},{"type":"Feature","geometry":{"type":"Point","coordinates":[-110.4,52.0]},"properties":{"r":37.57,"w":24,"o":32}},{"type":"Feature","geometry":{"type":"Point","coordinates":[-110.3,52.0]},"properties":{"r":40.86,"w":27,"o":32}},{"type":"Feature","geometry":{"type":"Point","coordinates":[-110.2,52.0]},"properties":{"r":90.01,"w":60,"o":32}},{"type":"Feature","geometry":{"type":"Point","coordinates":[-115.2,52.1]},"properties":{"r":7.3,"w":8,"o":315}},{"type":"Feature","geometry":{"type":"Point","coordinates":[-115.1,52.1]},"properties":{"r":22.5,"w":11,"o":348}},{"type":"Feature","geometry":{"type":"Point","coordinates":[-115.0,52.1]},"properties":{"r":26.58,"w":15,"o":348}},{"type":"Feature","geometry":{"type":"Point","coordinates":[-114.9,52.1]},"properties":{"r":15.64,"w":8,"o":348}},{"type":"Feature","geometry":{"type":"Point","coordinates":[-114.8,52.1]},"properties":{"r":6.14,"w":3,"o":340}},{"type":"Feature","geometry":{"type":"Point","coordinates":[-114.7,52.1]},"properties":{"r":14.19,"w":5,"o":340}},{"type":"Feature","geometry":{"type":"Point","coordinates":[-114.6,52.1]},"properties":{"r":10.94,"w":7,"o":340}},{"type":"Feature","geometry":{"type":"Point","coordinates":[-114.4,52.1]},"properties":{"r":68.56,"w":29,"o":340}},{"type":"Feature","geometry":{"type":"Point","coordinates":[-114.3,52.1]},"properties":{"r":30.59,"w":13,"o":340}},{"type":"Feature","geometry":{"type":"Point","coordinates":[-114.1,52.1]},"properties":{"r":20.76,"w":10,"o":5}},{"type":"Feature","geometry":{"type":"Point","coordinates":[-114.0,52.1]},"properties":{"r":5.35,"w":2,"o":5}},{"type":"Feature","geometry":{"type":"Point","coordinates":[-113.6,52.1]},"properties":{"r":3.67,"w":1,"o":141}},{"type":"Feature","geometry":{"type":"Point","coordinates":[-113.1,52.1]},"properties":{"r":3.27,"w":1,"o":307}},{"type":"Feature","geometry":{"type":"Point","coordinates":[-112.9,52.1]},"properties":{"r":3.31,"w":1,"o":49}},{"type":"Feature","geometry":{"type":"Point","coordinates":[-112.8,52.1]},"properties":{"r":38.72,"w":13,"o":49}},{"type":"Feature","geometry":{"type":"Point","coordinates":[-112.4,52.1]},"properties":{"r":8.6,"w":5,"o":98}},{"type":"Feature","geometry":{"type":"Point","coordinates":[-111.6,52.1]},"properties":{"r":3.75,"w":2,"o":36}},{"type":"Feature","geometry":{"type":"Point","coordinates":[-111.5,52.1]},"properties":{"r":12.03,"w":3,"o":36}},{"type":"Feature","geometry":{"type":"Point","coordinates":[-111.4,52.1]},"properties":{"r":3.54,"w":1,"o":36}},{"type":"Feature","geometry":{"type":"Point","coordinates":[-111.3,52.1]},"properties":{"r":17.7,"w":12,"o":169}},{"type":"Feature","geometry":{"type":"Point","coordinates":[-111.2,52.1]},"properties":{"r":3.48,"w":3,"o":169}},{"type":"Feature","geometry":{"type":"Point","coordinates":[-111.1,52.1]},"properties":{"r":40.86,"w":12,"o":169}},{"type":"Feature","geometry":{"type":"Point","coordinates":[-111.0,52.1]},"properties":{"r":4.78,"w":2,"o":169}},{"type":"Feature","geometry":{"type":"Point","coordinates":[-110.9,52.1]},"properties":{"r":11.8,"w":3,"o":169}},{"type":"Feature","geometry":{"type":"Point","coordinates":[-110.7,52.1]},"properties":{"r":8.83,"w":5,"o":44}},{"type":"Feature","geometry":{"type":"Point","coordinates":[-110.6,52.1]},"properties":{"r":95.46,"w":39,"o":301}},{"type":"Feature","geometry":{"type":"Point","coordinates":[-110.5,52.1]},"properties":{"r":2.22,"w":1,"o":75}},{"type":"Feature","geometry":{"type":"Point","coordinates":[-110.4,52.1]},"properties":{"r":32.87,"w":10,"o":301}},{"type":"Feature","geometry":{"type":"Point","coordinates":[-110.3,52.1]},"properties":{"r":31.05,"w":8,"o":44}},{"type":"Feature","geometry":{"type":"Point","coordinates":[-110.2,52.1]},"properties":{"r":17.19,"w":7,"o":298}},{"type":"Feature","geometry":{"type":"Point","coordinates":[-110.1,52.1]},"properties":{"r":1.57,"w":2,"o":295}},{"type":"Feature","geometry":{"type":"Point","coordinates":[-115.1,52.2]},"properties":{"r":24.51,"w":12,"o":222}},{"type":"Feature","geometry":{"type":"Point","coordinates":[-115.0,52.2]},"properties":{"r":73.0,"w":51,"o":348}},{"type":"Feature","geometry":{"type":"Point","coordinates":[-114.9,52.2]},"properties":{"r":23.69,"w":17,"o":348}},{"type":"Feature","geometry":{"type":"Point","coordinates":[-114.8,52.2]},"properties":{"r":36.69,"w":14,"o":307}},{"type":"Feature","geometry":{"type":"Point","coordinates":[-114.7,52.2]},"properties":{"r":15.2,"w":5,"o":307}},{"type":"Feature","geometry":{"type":"Point","coordinates":[-114.6,52.2]},"properties":{"r":18.24,"w":9,"o":238}},{"type":"Feature","geometry":{"type":"Point","coordinates":[-114.5,52.2]},"properties":{"r":9.12,"w":4,"o":63}},{"type":"Feature","geometry":{"type":"Point","coordinates":[-114.4,52.2]},"properties":{"r":40.63,"w":17,"o":63}},{"type":"Feature","geometry":{"type":"Point","coordinates":[-114.3,52.2]},"properties":{"r":2.37,"w":2,"o":63}},{"type":"Feature","geometry":{"type":"Point","coordinates":[-114.2,52.2]},"properties":{"r":0.73,"w":1,"o":63}},{"type":"Feature","geometry":{"type":"Point","coordinates":[-114.0,52.2]},"properties":{"r":7.84,"w":2,"o":227}},{"type":"Feature","geometry":{"type":"Point","coordinates":[-113.9,52.2]},"properties":{"r":6.69,"w":2,"o":227}},{"type":"Feature","geometry":{"type":"Point","coordinates":[-113.8,52.2]},"properties":{"r":1.7,"w":1,"o":98}},{"type":"Feature","geometry":{"type":"Point","coordinates":[-113.7,52.2]},"properties":{"r":1.91,"w":1,"o":326}},{"type":"Feature","geometry":{"type":"Point","coordinates":[-113.6,52.2]},"properties":{"r":18.49,"w":7,"o":184}},{"type":"Feature","geometry":{"type":"Point","coordinates":[-113.5,52.2]},"properties":{"r":5.05,"w":2,"o":285}},{"type":"Feature","geometry":{"type":"Point","coordinates":[-113.1,52.2]},"properties":{"r":17.49,"w":7,"o":301}},{"type":"Feature","geometry":{"type":"Point","coordinates":[-113.0,52.2]},"properties":{"r":55.62,"w":30,"o":301}},{"type":"Feature","geometry":{"type":"Point","coordinates":[-112.9,52.2]},"properties":{"r":10.5,"w":4,"o":49}},{"type":"Feature","geometry":{"type":"Point","coordinates":[-112.8,52.2]},"properties":{"r":27.32,"w":14,"o":49}},{"type":"Feature","geometry":{"type":"Point","coordinates":[-112.5,52.2]},"properties":{"r":4.34,"w":2,"o":251}},{"type":"Feature","geometry":{"type":"Point","coordinates":[-112.3,52.2]},"properties":{"r":23.54,"w":7,"o":179}},{"type":"Feature","geometry":{"type":"Point","coordinates":[-111.6,52.2]},"properties":{"r":2.08,"w":2,"o":169}},{"type":"Feature","geometry":{"type":"Point","coordinates":[-111.5,52.2]},"properties":{"r":0.36,"w":1,"o":169}},{"type":"Feature","geometry":{"type":"Point","coordinates":[-111.1,52.2]},"properties":{"r":2.56,"w":1,"o":169}},{"type":"Feature","geometry":{"type":"Point","coordinates":[-110.9,52.2]},"properties":{"r":11.85,"w":3,"o":16}},{"type":"Feature","geometry":{"type":"Point","coordinates":[-110.6,52.2]},"properties":{"r":23.52,"w":10,"o":301}},{"type":"Feature","geometry":{"type":"Point","coordinates":[-110.5,52.2]},"properties":{"r":29.31,"w":11,"o":243}},{"type":"Feature","geometry":{"type":"Point","coordinates":[-110.4,52.2]},"properties":{"r":11.64,"w":8,"o":44}},{"type":"Feature","geometry":{"type":"Point","coordinates":[-110.3,52.2]},"properties":{"r":45.48,"w":14,"o":335}},{"type":"Feature","geometry":{"type":"Point","coordinates":[-110.1,52.2]},"properties":{"r":2.39,"w":1,"o":295}},{"type":"Feature","geometry":{"type":"Point","coordinates":[-110.0,52.2]},"properties":{"r":9.77,"w":3,"o":295}},{"type":"Feature","geometry":{"type":"Point","coordinates":[-115.2,52.3]},"properties":{"r":21.93,"w":12,"o":222}},{"type":"Feature","geometry":{"type":"Point","coordinates":[-115.1,52.3]},"properties":{"r":31.89,"w":27,"o":222}},{"type":"Feature","geometry":{"type":"Point","coordinates":[-115.0,52.3]},"properties":{"r":89.42,"w":51,"o":67}},{"type":"Feature","geometry":{"type":"Point","coordinates":[-114.9,52.3]},"properties":{"r":66.92,"w":30,"o":340}},{"type":"Feature","geometry":{"type":"Point","coordinates":[-114.8,52.3]},"properties":{"r":25.66,"w":10,"o":348}},{"type":"Feature","geometry":{"type":"Point","coordinates":[-114.7,52.3]},"properties":{"r":10.02,"w":6,"o":238}},{"type":"Feature","geometry":{"type":"Point","coordinates":[-114.6,52.3]},"properties":{"r":9.81,"w":6,"o":156}},{"type":"Feature","geometry":{"type":"Point","coordinates":[-114.5,52.3]},"properties":{"r":48.26,"w":18,"o":63}},{"type":"Feature","geometry":{"type":"Point","coordinates":[-114.4,52.3]},"properties":{"r":59.73,"w":20,"o":63}},{"type":"Feature","geometry":{"type":"Point","coordinates":[-114.3,52.3]},"properties":{"r":3.21,"w":2,"o":63}},{"type":"Feature","geometry":{"type":"Point","coordinates":[-114.2,52.3]},"properties":{"r":4.68,"w":2,"o":63}},{"type":"Feature","geometry":{"type":"Point","coordinates":[-114.1,52.3]},"properties":{"r":1.36,"w":1,"o":11}},{"type":"Feature","geometry":{"type":"Point","coordinates":[-114.0,52.3]},"properties":{"r":3.98,"w":2,"o":63}},{"type":"Feature","geometry":{"type":"Point","coordinates":[-113.9,52.3]},"properties":{"r":1.05,"w":1,"o":140}},{"type":"Feature","geometry":{"type":"Point","coordinates":[-113.8,52.3]},"properties":{"r":9.69,"w":4,"o":140}},{"type":"Feature","geometry":{"type":"Point","coordinates":[-113.7,52.3]},"properties":{"r":23.19,"w":9,"o":98}},{"type":"Feature","geometry":{"type":"Point","coordinates":[-113.6,52.3]},"properties":{"r":5.64,"w":3,"o":340}},{"type":"Feature","geometry":{"type":"Point","coordinates":[-113.5,52.3]},"properties":{"r":3.21,"w":2,"o":340}},{"type":"Feature","geometry":{"type":"Point","coordinates":[-113.2,52.3]},"properties":{"r":6.96,"w":4,"o":301}},{"type":"Feature","geometry":{"type":"Point","coordinates":[-113.1,52.3]},"properties":{"r":3.25,"w":2,"o":301}},{"type":"Feature","geometry":{"type":"Point","coordinates":[-113.0,52.3]},"properties":{"r":27.19,"w":13,"o":301}},{"type":"Feature","geometry":{"type":"Point","coordinates":[-112.9,52.3]},"properties":{"r":3.86,"w":1,"o":67}},{"type":"Feature","geometry":{"type":"Point","coordinates":[-112.8,52.3]},"properties":{"r":48.43,"w":30,"o":49}},{"type":"Feature","geometry":{"type":"Point","coordinates":[-112.7,52.3]},"properties":{"r":7.32,"w":4,"o":49}},{"type":"Feature","geometry":{"type":"Point","coordinates":[-112.5,52.3]},"properties":{"r":6.77,"w":2,"o":251}},{"type":"Feature","geometry":{"type":"Point","coordinates":[-112.3,52.3]},"properties":{"r":10.61,"w":4,"o":193}},{"type":"Feature","geometry":{"type":"Point","coordinates":[-112.2,52.3]},"properties":{"r":14.21,"w":5,"o":193}},{"type":"Feature","geometry":{"type":"Point","coordinates":[-111.7,52.3]},"properties":{"r":43.76,"w":19,"o":169}},{"type":"Feature","geometry":{"type":"Point","coordinates":[-111.6,52.3]},"properties":{"r":74.32,"w":38,"o":169}},{"type":"Feature","geometry":{"type":"Point","coordinates":[-111.5,52.3]},"properties":{"r":31.09,"w":11,"o":169}},{"type":"Feature","geometry":{"type":"Point","coordinates":[-111.4,52.3]},"properties":{"r":33.42,"w":15,"o":44}},{"type":"Feature","geometry":{"type":"Point","coordinates":[-111.3,52.3]},"properties":{"r":24.84,"w":10,"o":169}},{"type":"Feature","geometry":{"type":"Point","coordinates":[-111.0,52.3]},"properties":{"r":5.87,"w":3,"o":126}},{"type":"Feature","geometry":{"type":"Point","coordinates":[-110.9,52.3]},"properties":{"r":4.89,"w":2,"o":169}},{"type":"Feature","geometry":{"type":"Point","coordinates":[-110.8,52.3]},"properties":{"r":1.03,"w":1,"o":183}},{"type":"Feature","geometry":{"type":"Point","coordinates":[-110.7,52.3]},"properties":{"r":1.78,"w":1,"o":301}},{"type":"Feature","geometry":{"type":"Point","coordinates":[-110.6,52.3]},"properties":{"r":15.24,"w":5,"o":243}},{"type":"Feature","geometry":{"type":"Point","coordinates":[-110.4,52.3]},"properties":{"r":83.09,"w":30,"o":335}},{"type":"Feature","geometry":{"type":"Point","coordinates":[-110.3,52.3]},"properties":{"r":86.82,"w":30,"o":301}},{"type":"Feature","geometry":{"type":"Point","coordinates":[-110.2,52.3]},"properties":{"r":13.33,"w":4,"o":335}},{"type":"Feature","geometry":{"type":"Point","coordinates":[-110.1,52.3]},"properties":{"r":7.82,"w":2,"o":92}},{"type":"Feature","geometry":{"type":"Point","coordinates":[-115.4,52.4]},"properties":{"r":6.48,"w":2,"o":348}},{"type":"Feature","geometry":{"type":"Point","coordinates":[-115.3,52.4]},"properties":{"r":31.49,"w":13,"o":348}},{"type":"Feature","geometry":{"type":"Point","coordinates":[-115.2,52.4]},"properties":{"r":105.94,"w":50,"o":222}},{"type":"Feature","geometry":{"type":"Point","coordinates":[-115.1,52.4]},"properties":{"r":69.1,"w":40,"o":348}},{"type":"Feature","geometry":{"type":"Point","coordinates":[-115.0,52.4]},"properties":{"r":24.91,"w":8,"o":67}},{"type":"Feature","geometry":{"type":"Point","coordinates":[-114.9,52.4]},"properties":{"r":3.94,"w":1,"o":67}},{"type":"Feature","geometry":{"type":"Point","coordinates":[-114.8,52.4]},"properties":{"r":12.14,"w":4,"o":142}},{"type":"Feature","geometry":{"type":"Point","coordinates":[-114.7,52.4]},"properties":{"r":63.84,"w":19,"o":156}},{"type":"Feature","geometry":{"type":"Point","coordinates":[-114.6,52.4]},"properties":{"r":12.6,"w":9,"o":156}},{"type":"Feature","geometry":{"type":"Point","coordinates":[-114.5,52.4]},"properties":{"r":7.78,"w":5,"o":156}},{"type":"Feature","geometry":{"type":"Point","coordinates":[-114.4,52.4]},"properties":{"r":35.94,"w":19,"o":63}},{"type":"Feature","geometry":{"type":"Point","coordinates":[-114.3,52.4]},"properties":{"r":22.85,"w":7,"o":63}},{"type":"Feature","geometry":{"type":"Point","coordinates":[-114.0,52.4]},"properties":{"r":16.25,"w":8,"o":67}},{"type":"Feature","geometry":{"type":"Point","coordinates":[-113.9,52.4]},"properties":{"r":9.04,"w":5,"o":286}},{"type":"Feature","geometry":{"type":"Point","coordinates":[-113.8,52.4]},"properties":{"r":4.63,"w":2,"o":98}},{"type":"Feature","geometry":{"type":"Point","coordinates":[-113.7,52.4]},"properties":{"r":5.24,"w":3,"o":98}},{"type":"Feature","geometry":{"type":"Point","coordinates":[-113.2,52.4]},"properties":{"r":0.84,"w":5,"o":146}},{"type":"Feature","geometry":{"type":"Point","coordinates":[-113.1,52.4]},"properties":{"r":8.01,"w":2,"o":146}},{"type":"Feature","geometry":{"type":"Point","coordinates":[-112.9,52.4]},"properties":{"r":15.79,"w":5,"o":67}},{"type":"Feature","geometry":{"type":"Point","coordinates":[-112.8,52.4]},"properties":{"r":0.84,"w":1,"o":322}},{"type":"Feature","geometry":{"type":"Point","coordinates":[-112.0,52.4]},"properties":{"r":11.49,"w":5,"o":169}},{"type":"Feature","geometry":{"type":"Point","coordinates":[-111.9,52.4]},"properties":{"r":38.2,"w":19,"o":169}},{"type":"Feature","geometry":{"type":"Point","coordinates":[-111.8,52.4]},"properties":{"r":46.23,"w":21,"o":169}},{"type":"Feature","geometry":{"type":"Point","coordinates":[-111.7,52.4]},"properties":{"r":9.14,"w":8,"o":169}},{"type":"Feature","geometry":{"type":"Point","coordinates":[-111.6,52.4]},"properties":{"r":17.9,"w":9,"o":169}},{"type":"Feature","geometry":{"type":"Point","coordinates":[-111.3,52.4]},"properties":{"r":16.75,"w":5,"o":116}},{"type":"Feature","geometry":{"type":"Point","coordinates":[-111.2,52.4]},"properties":{"r":85.6,"w":23,"o":116}},{"type":"Feature","geometry":{"type":"Point","coordinates":[-111.1,52.4]},"properties":{"r":4.17,"w":1,"o":297}},{"type":"Feature","geometry":{"type":"Point","coordinates":[-110.9,52.4]},"properties":{"r":4.15,"w":1,"o":183}},{"type":"Feature","geometry":{"type":"Point","coordinates":[-110.8,52.4]},"properties":{"r":7.38,"w":2,"o":183}},{"type":"Feature","geometry":{"type":"Point","coordinates":[-110.5,52.4]},"properties":{"r":43.32,"w":12,"o":335}},{"type":"Feature","geometry":{"type":"Point","coordinates":[-110.4,52.4]},"properties":{"r":57.91,"w":16,"o":335}},{"type":"Feature","geometry":{"type":"Point","coordinates":[-110.3,52.4]},"properties":{"r":49.12,"w":17,"o":335}},{"type":"Feature","geometry":{"type":"Point","coordinates":[-110.2,52.4]},"properties":{"r":55.43,"w":16,"o":335}},{"type":"Feature","geometry":{"type":"Point","coordinates":[-110.1,52.4]},"properties":{"r":3.73,"w":1,"o":335}},{"type":"Feature","geometry":{"type":"Point","coordinates":[-115.4,52.5]},"properties":{"r":2.6,"w":1,"o":67}},{"type":"Feature","geometry":{"type":"Point","coordinates":[-115.3,52.5]},"properties":{"r":1.05,"w":1,"o":307}},{"type":"Feature","geometry":{"type":"Point","coordinates":[-115.2,52.5]},"properties":{"r":24.11,"w":9,"o":348}},{"type":"Feature","geometry":{"type":"Point","coordinates":[-115.1,52.5]},"properties":{"r":7.25,"w":3,"o":69}},{"type":"Feature","geometry":{"type":"Point","coordinates":[-115.0,52.5]},"properties":{"r":37.7,"w":16,"o":348}},{"type":"Feature","geometry":{"type":"Point","coordinates":[-114.9,52.5]},"properties":{"r":35.77,"w":13,"o":348}},{"type":"Feature","geometry":{"type":"Point","coordinates":[-114.8,52.5]},"properties":{"r":42.62,"w":18,"o":156}},{"type":"Feature","geometry":{"type":"Point","coordinates":[-114.7,52.5]},"properties":{"r":65.64,"w":24,"o":156}},{"type":"Feature","geometry":{"type":"Point","coordinates":[-114.6,52.5]},"properties":{"r":16.69,"w":8,"o":156}},{"type":"Feature","geometry":{"type":"Point","coordinates":[-114.5,52.5]},"properties":{"r":8.22,"w":4,"o":134}},{"type":"Feature","geometry":{"type":"Point","coordinates":[-114.4,52.5]},"properties":{"r":14.19,"w":6,"o":134}},{"type":"Feature","geometry":{"type":"Point","coordinates":[-114.3,52.5]},"properties":{"r":0.75,"w":1,"o":63}},{"type":"Feature","geometry":{"type":"Point","coordinates":[-114.2,52.5]},"properties":{"r":8.55,"w":3,"o":238}},{"type":"Feature","geometry":{"type":"Point","coordinates":[-114.0,52.5]},"properties":{"r":3.19,"w":1,"o":166}},{"type":"Feature","geometry":{"type":"Point","coordinates":[-113.9,52.5]},"properties":{"r":9.12,"w":2,"o":227}},{"type":"Feature","geometry":{"type":"Point","coordinates":[-113.8,52.5]},"properties":{"r":0.36,"w":1,"o":227}},{"type":"Feature","geometry":{"type":"Point","coordinates":[-113.6,52.5]},"properties":{"r":1.26,"w":1,"o":140}},{"type":"Feature","geometry":{"type":"Point","coordinates":[-113.5,52.5]},"properties":{"r":6.27,"w":3,"o":19}},{"type":"Feature","geometry":{"type":"Point","coordinates":[-113.2,52.5]},"properties":{"r":20.74,"w":7,"o":251}},{"type":"Feature","geometry":{"type":"Point","coordinates":[-113.1,52.5]},"properties":{"r":4.21,"w":1,"o":300}},{"type":"Feature","geometry":{"type":"Point","coordinates":[-112.5,52.5]},"properties":{"r":4.07,"w":1,"o":285}},{"type":"Feature","geometry":{"type":"Point","coordinates":[-112.0,52.5]},"properties":{"r":4.84,"w":2,"o":169}},{"type":"Feature","geometry":{"type":"Point","coordinates":[-111.9,52.5]},"properties":{"r":7.74,"w":4,"o":251}},{"type":"Feature","geometry":{"type":"Point","coordinates":[-111.8,52.5]},"properties":{"r":13.9,"w":5,"o":241}},{"type":"Feature","geometry":{"type":"Point","coordinates":[-111.7,52.5]},"properties":{"r":18.43,"w":7,"o":142}},{"type":"Feature","geometry":{"type":"Point","coordinates":[-111.6,52.5]},"properties":{"r":9.25,"w":3,"o":142}},{"type":"Feature","geometry":{"type":"Point","coordinates":[-111.1,52.5]},"properties":{"r":7.36,"w":2,"o":297}},{"type":"Feature","geometry":{"type":"Point","coordinates":[-110.5,52.5]},"properties":{"r":23.88,"w":6,"o":117}},{"type":"Feature","geometry":{"type":"Point","coordinates":[-110.4,52.5]},"properties":{"r":7.84,"w":5,"o":36}},{"type":"Feature","geometry":{"type":"Point","coordinates":[-110.3,52.5]},"properties":{"r":10.55,"w":5,"o":36}},{"type":"Feature","geometry":{"type":"Point","coordinates":[-110.2,52.5]},"properties":{"r":15.18,"w":4,"o":335}},{"type":"Feature","geometry":{"type":"Point","coordinates":[-110.1,52.5]},"properties":{"r":20.34,"w":9,"o":335}},{"type":"Feature","geometry":{"type":"Point","coordinates":[-116.1,52.6]},"properties":{"r":8.87,"w":4,"o":231}},{"type":"Feature","geometry":{"type":"Point","coordinates":[-116.0,52.6]},"properties":{"r":4.78,"w":1,"o":231}},{"type":"Feature","geometry":{"type":"Point","coordinates":[-115.3,52.6]},"properties":{"r":7.11,"w":3,"o":69}},{"type":"Feature","geometry":{"type":"Point","coordinates":[-115.2,52.6]},"properties":{"r":34.93,"w":19,"o":290}},{"type":"Feature","geometry":{"type":"Point","coordinates":[-115.1,52.6]},"properties":{"r":61.93,"w":31,"o":218}},{"type":"Feature","geometry":{"type":"Point","coordinates":[-115.0,52.6]},"properties":{"r":65.25,"w":30,"o":218}},{"type":"Feature","geometry":{"type":"Point","coordinates":[-114.9,52.6]},"properties":{"r":53.36,"w":20,"o":218}},{"type":"Feature","geometry":{"type":"Point","coordinates":[-114.8,52.6]},"properties":{"r":59.86,"w":36,"o":115}},{"type":"Feature","geometry":{"type":"Point","coordinates":[-114.7,52.6]},"properties":{"r":61.83,"w":28,"o":115}},{"type":"Feature","geometry":{"type":"Point","coordinates":[-114.6,52.6]},"properties":{"r":17.61,"w":9,"o":184}},{"type":"Feature","geometry":{"type":"Point","coordinates":[-114.5,52.6]},"properties":{"r":17.55,"w":6,"o":184}},{"type":"Feature","geometry":{"type":"Point","coordinates":[-114.4,52.6]},"properties":{"r":3.67,"w":1,"o":166}},{"type":"Feature","geometry":{"type":"Point","coordinates":[-113.6,52.6]},"properties":{"r":1.78,"w":1,"o":184}},{"type":"Feature","geometry":{"type":"Point","coordinates":[-113.2,52.6]},"properties":{"r":2.31,"w":1,"o":300}},{"type":"Feature","geometry":{"type":"Point","coordinates":[-113.1,52.6]},"properties":{"r":4.59,"w":1,"o":300}},{"type":"Feature","geometry":{"type":"Point","coordinates":[-111.7,52.6]},"properties":{"r":97.05,"w":37,"o":142}},{"type":"Feature","geometry":{"type":"Point","coordinates":[-111.5,52.6]},"properties":{"r":1.3,"w":2,"o":75}},{"type":"Feature","geometry":{"type":"Point","coordinates":[-110.3,52.6]},"properties":{"r":151.98,"w":52,"o":308}},{"type":"Feature","geometry":{"type":"Point","coordinates":[-110.2,52.6]},"properties":{"r":72.4,"w":26,"o":308}},{"type":"Feature","geometry":{"type":"Point","coordinates":[-110.1,52.6]},"properties":{"r":107.95,"w":33,"o":73}},{"type":"Feature","geometry":{"type":"Point","coordinates":[-115.3,52.7]},"properties":{"r":7.36,"w":9,"o":290}},{"type":"Feature","geometry":{"type":"Point","coordinates":[-115.2,52.7]},"properties":{"r":89.99,"w":60,"o":218}},{"type":"Feature","geometry":{"type":"Point","coordinates":[-115.1,52.7]},"properties":{"r":120.28,"w":49,"o":218}},{"type":"Feature","geometry":{"type":"Point","coordinates":[-115.0,52.7]},"properties":{"r":55.54,"w":30,"o":39}},{"type":"Feature","geometry":{"type":"Point","coordinates":[-114.9,52.7]},"properties":{"r":6.33,"w":2,"o":218}},{"type":"Feature","geometry":{"type":"Point","coordinates":[-114.8,52.7]},"properties":{"r":10.23,"w":6,"o":290}},{"type":"Feature","geometry":{"type":"Point","coordinates":[-114.7,52.7]},"properties":{"r":3.82,"w":2,"o":307}},{"type":"Feature","geometry":{"type":"Point","coordinates":[-114.6,52.7]},"properties":{"r":63.57,"w":28,"o":284}},{"type":"Feature","geometry":{"type":"Point","coordinates":[-114.5,52.7]},"properties":{"r":76.99,"w":32,"o":184}},{"type":"Feature","geometry":{"type":"Point","coordinates":[-114.4,52.7]},"properties":{"r":6.1,"w":3,"o":192}},{"type":"Feature","geometry":{"type":"Point","coordinates":[-114.3,52.7]},"properties":{"r":24.4,"w":10,"o":315}},{"type":"Feature","geometry":{"type":"Point","coordinates":[-114.2,52.7]},"properties":{"r":2.2,"w":1,"o":307}},{"type":"Feature","geometry":{"type":"Point","coordinates":[-114.1,52.7]},"properties":{"r":7.34,"w":2,"o":327}},{"type":"Feature","geometry":{"type":"Point","coordinates":[-114.0,52.7]},"properties":{"r":4.57,"w":2,"o":315}},{"type":"Feature","geometry":{"type":"Point","coordinates":[-113.3,52.7]},"properties":{"r":10.38,"w":4,"o":110}},{"type":"Feature","geometry":{"type":"Point","coordinates":[-111.3,52.7]},"properties":{"r":1.93,"w":1,"o":335}},{"type":"Feature","geometry":{"type":"Point","coordinates":[-110.5,52.7]},"properties":{"r":89.9,"w":33,"o":308}},{"type":"Feature","geometry":{"type":"Point","coordinates":[-110.4,52.7]},"properties":{"r":19.81,"w":7,"o":308}},{"type":"Feature","geometry":{"type":"Point","coordinates":[-110.3,52.7]},"properties":{"r":135.78,"w":48,"o":308}},{"type":"Feature","geometry":{"type":"Point","coordinates":[-110.2,52.7]},"properties":{"r":368.08,"w":126,"o":308}},{"type":"Feature","geometry":{"type":"Point","coordinates":[-110.1,52.7]},"properties":{"r":152.3,"w":56,"o":308}},{"type":"Feature","geometry":{"type":"Point","coordinates":[-110.0,52.7]},"properties":{"r":53.11,"w":16,"o":73}},{"type":"Feature","geometry":{"type":"Point","coordinates":[-115.5,52.8]},"properties":{"r":14.86,"w":15,"o":290}},{"type":"Feature","geometry":{"type":"Point","coordinates":[-115.4,52.8]},"properties":{"r":9.37,"w":7,"o":290}},{"type":"Feature","geometry":{"type":"Point","coordinates":[-115.2,52.8]},"properties":{"r":22.69,"w":14,"o":290}},{"type":"Feature","geometry":{"type":"Point","coordinates":[-115.1,52.8]},"properties":{"r":19.27,"w":11,"o":278}},{"type":"Feature","geometry":{"type":"Point","coordinates":[-115.0,52.8]},"properties":{"r":11.43,"w":5,"o":75}},{"type":"Feature","geometry":{"type":"Point","coordinates":[-114.9,52.8]},"properties":{"r":1.17,"w":1,"o":192}},{"type":"Feature","geometry":{"type":"Point","coordinates":[-114.8,52.8]},"properties":{"r":2.83,"w":1,"o":192}},{"type":"Feature","geometry":{"type":"Point","coordinates":[-114.7,52.8]},"properties":{"r":57.64,"w":23,"o":192}},{"type":"Feature","geometry":{"type":"Point","coordinates":[-114.6,52.8]},"properties":{"r":49.73,"w":21,"o":192}},{"type":"Feature","geometry":{"type":"Point","coordinates":[-114.5,52.8]},"properties":{"r":9.14,"w":4,"o":192}},{"type":"Feature","geometry":{"type":"Point","coordinates":[-114.3,52.8]},"properties":{"r":3.04,"w":1,"o":315}},{"type":"Feature","geometry":{"type":"Point","coordinates":[-112.9,52.8]},"properties":{"r":8.76,"w":2,"o":279}},{"type":"Feature","geometry":{"type":"Point","coordinates":[-112.8,52.8]},"properties":{"r":4.93,"w":3,"o":279}},{"type":"Feature","geometry":{"type":"Point","coordinates":[-112.7,52.8]},"properties":{"r":1.76,"w":1,"o":110}},{"type":"Feature","geometry":{"type":"Point","coordinates":[-111.9,52.8]},"properties":{"r":10.88,"w":5,"o":43}},{"type":"Feature","geometry":{"type":"Point","coordinates":[-111.8,52.8]},"properties":{"r":14.07,"w":3,"o":337}},{"type":"Feature","geometry":{"type":"Point","coordinates":[-110.8,52.8]},"properties":{"r":8.95,"w":4,"o":301}},{"type":"Feature","geometry":{"type":"Point","coordinates":[-110.7,52.8]},"properties":{"r":0.63,"w":1,"o":301}},{"type":"Feature","geometry":{"type":"Point","coordinates":[-110.6,52.8]},"properties":{"r":2.52,"w":1,"o":230}},{"type":"Feature","geometry":{"type":"Point","coordinates":[-110.5,52.8]},"properties":{"r":29.46,"w":13,"o":308}},{"type":"Feature","geometry":{"type":"Point","coordinates":[-110.0,52.8]},"properties":{"r":2.24,"w":1,"o":73}},{"type":"Feature","geometry":{"type":"Point","coordinates":[-115.7,52.9]},"properties":{"r":13.82,"w":8,"o":278}},{"type":"Feature","geometry":{"type":"Point","coordinates":[-115.6,52.9]},"properties":{"r":69.57,"w":34,"o":278}},{"type":"Feature","geometry":{"type":"Point","coordinates":[-115.5,52.9]},"properties":{"r":46.52,"w":30,"o":278}},{"type":"Feature","geometry":{"type":"Point","coordinates":[-115.4,52.9]},"properties":{"r":5.79,"w":5,"o":290}},{"type":"Feature","geometry":{"type":"Point","coordinates":[-115.3,52.9]},"properties":{"r":3.17,"w":1,"o":75}},{"type":"Feature","geometry":{"type":"Point","coordinates":[-115.2,52.9]},"properties":{"r":10.82,"w":6,"o":290}},{"type":"Feature","geometry":{"type":"Point","coordinates":[-115.1,52.9]},"properties":{"r":5.03,"w":5,"o":290}},{"type":"Feature","geometry":{"type":"Point","coordinates":[-115.0,52.9]},"properties":{"r":12.87,"w":7,"o":192}},{"type":"Feature","geometry":{"type":"Point","coordinates":[-114.9,52.9]},"properties":{"r":34.72,"w":30,"o":192}},{"type":"Feature","geometry":{"type":"Point","coordinates":[-114.8,52.9]},"properties":{"r":33.04,"w":24,"o":192}},{"type":"Feature","geometry":{"type":"Point","coordinates":[-114.7,52.9]},"properties":{"r":17.97,"w":12,"o":192}},{"type":"Feature","geometry":{"type":"Point","coordinates":[-114.6,52.9]},"properties":{"r":0.61,"w":3,"o":192}},{"type":"Feature","geometry":{"type":"Point","coordinates":[-114.5,52.9]},"properties":{"r":7.76,"w":3,"o":166}},{"type":"Feature","geometry":{"type":"Point","coordinates":[-114.4,52.9]},"properties":{"r":16.08,"w":5,"o":166}},{"type":"Feature","geometry":{"type":"Point","coordinates":[-114.3,52.9]},"properties":{"r":9.14,"w":6,"o":186}},{"type":"Feature","geometry":{"type":"Point","coordinates":[-114.2,52.9]},"properties":{"r":4.97,"w":1,"o":166}},{"type":"Feature","geometry":{"type":"Point","coordinates":[-114.1,52.9]},"properties":{"r":6.42,"w":2,"o":166}},{"type":"Feature","geometry":{"type":"Point","coordinates":[-111.2,52.9]},"properties":{"r":1.36,"w":1,"o":264}},{"type":"Feature","geometry":{"type":"Point","coordinates":[-111.0,52.9]},"properties":{"r":1.07,"w":1,"o":301}},{"type":"Feature","geometry":{"type":"Point","coordinates":[-110.9,52.9]},"properties":{"r":30.65,"w":9,"o":301}},{"type":"Feature","geometry":{"type":"Point","coordinates":[-110.8,52.9]},"properties":{"r":165.51,"w":55,"o":301}},{"type":"Feature","geometry":{"type":"Point","coordinates":[-110.7,52.9]},"properties":{"r":133.78,"w":49,"o":324}},{"type":"Feature","geometry":{"type":"Point","coordinates":[-110.6,52.9]},"properties":{"r":0.17,"w":1,"o":75}},{"type":"Feature","geometry":{"type":"Point","coordinates":[-116.2,53.0]},"properties":{"r":4.7,"w":1,"o":148}},{"type":"Feature","geometry":{"type":"Point","coordinates":[-116.1,53.0]},"properties":{"r":6.88,"w":2,"o":148}},{"type":"Feature","geometry":{"type":"Point","coordinates":[-115.9,53.0]},"properties":{"r":13.21,"w":6,"o":148}},{"type":"Feature","geometry":{"type":"Point","coordinates":[-115.8,53.0]},"properties":{"r":5.07,"w":2,"o":327}},{"type":"Feature","geometry":{"type":"Point","coordinates":[-115.7,53.0]},"properties":{"r":17.19,"w":5,"o":287}},{"type":"Feature","geometry":{"type":"Point","coordinates":[-115.6,53.0]},"properties":{"r":62.67,"w":18,"o":287}},{"type":"Feature","geometry":{"type":"Point","coordinates":[-115.5,53.0]},"properties":{"r":35.81,"w":13,"o":287}},{"type":"Feature","geometry":{"type":"Point","coordinates":[-115.4,53.0]},"properties":{"r":52.35,"w":18,"o":156}},{"type":"Feature","geometry":{"type":"Point","coordinates":[-115.3,53.0]},"properties":{"r":85.75,"w":38,"o":43}},{"type":"Feature","geometry":{"type":"Point","coordinates":[-115.2,53.0]},"properties":{"r":93.78,"w":36,"o":56}},{"type":"Feature","geometry":{"type":"Point","coordinates":[-115.1,53.0]},"properties":{"r":63.65,"w":28,"o":156}},{"type":"Feature","geometry":{"type":"Point","coordinates":[-115.0,53.0]},"properties":{"r":132.53,"w":49,"o":56}},{"type":"Feature","geometry":{"type":"Point","coordinates":[-114.9,53.0]},"properties":{"r":115.77,"w":44,"o":56}},{"type":"Feature","geometry":{"type":"Point","coordinates":[-114.8,53.0]},"properties":{"r":7.76,"w":17,"o":156}},{"type":"Feature","geometry":{"type":"Point","coordinates":[-114.7,53.0]},"properties":{"r":43.86,"w":13,"o":278}},{"type":"Feature","geometry":{"type":"Point","coordinates":[-114.6,53.0]},"properties":{"r":8.74,"w":3,"o":278}},{"type":"Feature","geometry":{"type":"Point","coordinates":[-114.5,53.0]},"properties":{"r":35.12,"w":8,"o":284}},{"type":"Feature","geometry":{"type":"Point","coordinates":[-114.4,53.0]},"properties":{"r":41.91,"w":13,"o":166}},{"type":"Feature","geometry":{"type":"Point","coordinates":[-114.3,53.0]},"properties":{"r":12.27,"w":5,"o":287}},{"type":"Feature","geometry":{"type":"Point","coordinates":[-114.2,53.0]},"properties":{"r":79.9,"w":28,"o":156}},{"type":"Feature","geometry":{"type":"Point","coordinates":[-114.1,53.0]},"properties":{"r":14.01,"w":4,"o":278}},{"type":"Feature","geometry":{"type":"Point","coordinates":[-113.9,53.0]},"properties":{"r":0.27,"w":1,"o":235}},{"type":"Feature","geometry":{"type":"Point","coordinates":[-111.8,53.0]},"properties":{"r":2.01,"w":3,"o":331}},{"type":"Feature","geometry":{"type":"Point","coordinates":[-111.4,53.0]},"properties":{"r":309.19,"w":79,"o":73}},{"type":"Feature","geometry":{"type":"Point","coordinates":[-111.3,53.0]},"properties":{"r":17.36,"w":5,"o":73}},{"type":"Feature","geometry":{"type":"Point","coordinates":[-111.2,53.0]},"properties":{"r":21.36,"w":10,"o":331}},{"type":"Feature","geometry":{"type":"Point","coordinates":[-110.9,53.0]},"properties":{"r":1.57,"w":1,"o":75}},{"type":"Feature","geometry":{"type":"Point","coordinates":[-110.8,53.0]},"properties":{"r":24.34,"w":10,"o":75}},{"type":"Feature","geometry":{"type":"Point","coordinates":[-110.7,53.0]},"properties":{"r":3.17,"w":1,"o":301}},{"type":"Feature","geometry":{"type":"Point","coordinates":[-110.6,53.0]},"properties":{"r":19.79,"w":6,"o":301}},{"type":"Feature","geometry":{"type":"Point","coordinates":[-110.5,53.0]},"properties":{"r":1.72,"w":1,"o":75}},{"type":"Feature","geometry":{"type":"Point","coordinates":[-116.3,53.1]},"properties":{"r":0.15,"w":1,"o":75}},{"type":"Feature","geometry":{"type":"Point","coordinates":[-116.2,53.1]},"properties":{"r":17.88,"w":6,"o":148}},{"type":"Feature","geometry":{"type":"Point","coordinates":[-116.1,53.1]},"properties":{"r":16.21,"w":5,"o":148}},{"type":"Feature","geometry":{"type":"Point","coordinates":[-116.0,53.1]},"properties":{"r":14.57,"w":5,"o":148}},{"type":"Feature","geometry":{"type":"Point","coordinates":[-115.9,53.1]},"properties":{"r":12.18,"w":5,"o":148}},{"type":"Feature","geometry":{"type":"Point","coordinates":[-115.8,53.1]},"properties":{"r":0.57,"w":1,"o":148}},{"type":"Feature","geometry":{"type":"Point","coordinates":[-115.7,53.1]},"properties":{"r":11.22,"w":3,"o":39}},{"type":"Feature","geometry":{"type":"Point","coordinates":[-115.6,53.1]},"properties":{"r":60.19,"w":18,"o":278}},{"type":"Feature","geometry":{"type":"Point","coordinates":[-115.5,53.1]},"properties":{"r":163.53,"w":54,"o":278}},{"type":"Feature","geometry":{"type":"Point","coordinates":[-115.4,53.1]},"properties":{"r":103.38,"w":39,"o":156}},{"type":"Feature","geometry":{"type":"Point","coordinates":[-115.3,53.1]},"properties":{"r":100.05,"w":31,"o":156}},{"type":"Feature","geometry":{"type":"Point","coordinates":[-115.2,53.1]},"properties":{"r":212.91,"w":77,"o":156}},{"type":"Feature","geometry":{"type":"Point","coordinates":[-115.1,53.1]},"properties":{"r":108.0,"w":37,"o":263}},{"type":"Feature","geometry":{"type":"Point","coordinates":[-115.0,53.1]},"properties":{"r":204.17,"w":75,"o":263}},{"type":"Feature","geometry":{"type":"Point","coordinates":[-114.9,53.1]},"properties":{"r":122.38,"w":43,"o":56}},{"type":"Feature","geometry":{"type":"Point","coordinates":[-114.8,53.1]},"properties":{"r":96.78,"w":41,"o":56}},{"type":"Feature","geometry":{"type":"Point","coordinates":[-114.7,53.1]},"properties":{"r":182.59,"w":65,"o":56}},{"type":"Feature","geometry":{"type":"Point","coordinates":[-114.6,53.1]},"properties":{"r":86.04,"w":30,"o":287}},{"type":"Feature","geometry":{"type":"Point","coordinates":[-114.5,53.1]},"properties":{"r":62.37,"w":23,"o":287}},{"type":"Feature","geometry":{"type":"Point","coordinates":[-114.4,53.1]},"properties":{"r":111.9,"w":43,"o":11}},{"type":"Feature","geometry":{"type":"Point","coordinates":[-114.3,53.1]},"properties":{"r":86.11,"w":40,"o":287}},{"type":"Feature","geometry":{"type":"Point","coordinates":[-114.2,53.1]},"properties":{"r":130.95,"w":49,"o":287}},{"type":"Feature","geometry":{"type":"Point","coordinates":[-114.1,53.1]},"properties":{"r":2.98,"w":2,"o":278}},{"type":"Feature","geometry":{"type":"Point","coordinates":[-113.7,53.1]},"properties":{"r":8.6,"w":2,"o":309}},{"type":"Feature","geometry":{"type":"Point","coordinates":[-111.8,53.1]},"properties":{"r":8.39,"w":2,"o":66}},{"type":"Feature","geometry":{"type":"Point","coordinates":[-111.4,53.1]},"properties":{"r":14.61,"w":4,"o":73}},{"type":"Feature","geometry":{"type":"Point","coordinates":[-111.3,53.1]},"properties":{"r":692.26,"w":197,"o":73}},{"type":"Feature","geometry":{"type":"Point","coordinates":[-111.2,53.1]},"properties":{"r":344.76,"w":110,"o":73}},{"type":"Feature","geometry":{"type":"Point","coordinates":[-111.1,53.1]},"properties":{"r":42.64,"w":13,"o":73}},{"type":"Feature","geometry":{"type":"Point","coordinates":[-111.0,53.1]},"properties":{"r":165.46,"w":47,"o":73}},{"type":"Feature","geometry":{"type":"Point","coordinates":[-110.8,53.1]},"properties":{"r":7.59,"w":2,"o":335}},{"type":"Feature","geometry":{"type":"Point","coordinates":[-110.7,53.1]},"properties":{"r":13.5,"w":3,"o":75}},{"type":"Feature","geometry":{"type":"Point","coordinates":[-110.6,53.1]},"properties":{"r":55.85,"w":20,"o":75}},{"type":"Feature","geometry":{"type":"Point","coordinates":[-110.5,53.1]},"properties":{"r":7.74,"w":2,"o":75}},{"type":"Feature","geometry":{"type":"Point","coordinates":[-110.1,53.1]},"properties":{"r":10.38,"w":4,"o":75}},{"type":"Feature","geometry":{"type":"Point","coordinates":[-110.0,53.1]},"properties":{"r":9.85,"w":2,"o":206}},{"type":"Feature","geometry":{"type":"Point","coordinates":[-116.5,53.2]},"properties":{"r":1.01,"w":1,"o":67}},{"type":"Feature","geometry":{"type":"Point","coordinates":[-116.3,53.2]},"properties":{"r":0.19,"w":1,"o":75}},{"type":"Feature","geometry":{"type":"Point","coordinates":[-116.2,53.2]},"properties":{"r":4.89,"w":1,"o":75}},{"type":"Feature","geometry":{"type":"Point","coordinates":[-116.1,53.2]},"properties":{"r":1.11,"w":2,"o":75}},{"type":"Feature","geometry":{"type":"Point","coordinates":[-116.0,53.2]},"properties":{"r":9.1,"w":2,"o":148}},{"type":"Feature","geometry":{"type":"Point","coordinates":[-115.9,53.2]},"properties":{"r":10.48,"w":3,"o":278}},{"type":"Feature","geometry":{"type":"Point","coordinates":[-115.8,53.2]},"properties":{"r":18.09,"w":6,"o":278}},{"type":"Feature","geometry":{"type":"Point","coordinates":[-115.7,53.2]},"properties":{"r":138.63,"w":46,"o":278}},{"type":"Feature","geometry":{"type":"Point","coordinates":[-115.6,53.2]},"properties":{"r":159.19,"w":59,"o":278}},{"type":"Feature","geometry":{"type":"Point","coordinates":[-115.5,53.2]},"properties":{"r":133.2,"w":47,"o":278}},{"type":"Feature","geometry":{"type":"Point","coordinates":[-115.4,53.2]},"properties":{"r":122.86,"w":40,"o":156}},{"type":"Feature","geometry":{"type":"Point","coordinates":[-115.3,53.2]},"properties":{"r":139.53,"w":53,"o":156}},{"type":"Feature","geometry":{"type":"Point","coordinates":[-115.2,53.2]},"properties":{"r":88.25,"w":28,"o":156}},{"type":"Feature","geometry":{"type":"Point","coordinates":[-115.1,53.2]},"properties":{"r":186.79,"w":65,"o":263}},{"type":"Feature","geometry":{"type":"Point","coordinates":[-115.0,53.2]},"properties":{"r":79.9,"w":24,"o":263}},{"type":"Feature","geometry":{"type":"Point","coordinates":[-114.9,53.2]},"properties":{"r":97.16,"w":40,"o":263}},{"type":"Feature","geometry":{"type":"Point","coordinates":[-114.8,53.2]},"properties":{"r":71.77,"w":34,"o":263}},{"type":"Feature","geometry":{"type":"Point","coordinates":[-114.7,53.2]},"properties":{"r":98.06,"w":43,"o":263}},{"type":"Feature","geometry":{"type":"Point","coordinates":[-114.6,53.2]},"properties":{"r":90.09,"w":33,"o":56}},{"type":"Feature","geometry":{"type":"Point","coordinates":[-114.5,53.2]},"properties":{"r":112.67,"w":33,"o":56}},{"type":"Feature","geometry":{"type":"Point","coordinates":[-114.4,53.2]},"properties":{"r":73.57,"w":24,"o":150}},{"type":"Feature","geometry":{"type":"Point","coordinates":[-114.3,53.2]},"properties":{"r":7.32,"w":4,"o":150}},{"type":"Feature","geometry":{"type":"Point","coordinates":[-114.2,53.2]},"properties":{"r":14.03,"w":5,"o":235}},{"type":"Feature","geometry":{"type":"Point","coordinates":[-114.1,53.2]},"properties":{"r":39.04,"w":11,"o":235}},{"type":"Feature","geometry":{"type":"Point","coordinates":[-113.9,53.2]},"properties":{"r":2.26,"w":1,"o":239}},{"type":"Feature","geometry":{"type":"Point","coordinates":[-113.7,53.2]},"properties":{"r":14.63,"w":4,"o":309}},{"type":"Feature","geometry":{"type":"Point","coordinates":[-113.6,53.2]},"properties":{"r":8.64,"w":2,"o":31}},{"type":"Feature","geometry":{"type":"Point","coordinates":[-111.8,53.2]},"properties":{"r":3.56,"w":1,"o":73}},{"type":"Feature","geometry":{"type":"Point","coordinates":[-111.7,53.2]},"properties":{"r":4.05,"w":1,"o":66}},{"type":"Feature","geometry":{"type":"Point","coordinates":[-111.3,53.2]},"properties":{"r":3.12,"w":1,"o":73}},{"type":"Feature","geometry":{"type":"Point","coordinates":[-111.2,53.2]},"properties":{"r":116.63,"w":32,"o":73}},{"type":"Feature","geometry":{"type":"Point","coordinates":[-110.9,53.2]},"properties":{"r":11.68,"w":3,"o":75}},{"type":"Feature","geometry":{"type":"Point","coordinates":[-110.8,53.2]},"properties":{"r":15.64,"w":4,"o":75}},{"type":"Feature","geometry":{"type":"Point","coordinates":[-110.7,53.2]},"properties":{"r":3.19,"w":1,"o":301}},{"type":"Feature","geometry":{"type":"Point","coordinates":[-110.5,53.2]},"properties":{"r":8.97,"w":2,"o":58}},{"type":"Feature","geometry":{"type":"Point","coordinates":[-110.4,53.2]},"properties":{"r":4.65,"w":1,"o":75}},{"type":"Feature","geometry":{"type":"Point","coordinates":[-110.3,53.2]},"properties":{"r":10.42,"w":3,"o":75}},{"type":"Feature","geometry":{"type":"Point","coordinates":[-110.2,53.2]},"properties":{"r":22.06,"w":5,"o":314}},{"type":"Feature","geometry":{"type":"Point","coordinates":[-110.1,53.2]},"properties":{"r":39.21,"w":10,"o":46}},{"type":"Feature","geometry":{"type":"Point","coordinates":[-110.0,53.2]},"properties":{"r":64.37,"w":21,"o":41}},{"type":"Feature","geometry":{"type":"Point","coordinates":[-116.2,53.3]},"properties":{"r":1.09,"w":1,"o":75}},{"type":"Feature","geometry":{"type":"Point","coordinates":[-115.8,53.3]},"properties":{"r":39.16,"w":12,"o":327}},{"type":"Feature","geometry":{"type":"Point","coordinates":[-115.7,53.3]},"properties":{"r":170.64,"w":57,"o":278}},{"type":"Feature","geometry":{"type":"Point","coordinates":[-115.6,53.3]},"properties":{"r":198.17,"w":74,"o":327}},{"type":"Feature","geometry":{"type":"Point","coordinates":[-115.5,53.3]},"properties":{"r":138.88,"w":45,"o":340}},{"type":"Feature","geometry":{"type":"Point","coordinates":[-115.4,53.3]},"properties":{"r":62.23,"w":23,"o":340}},{"type":"Feature","geometry":{"type":"Point","coordinates":[-115.3,53.3]},"properties":{"r":63.02,"w":35,"o":156}},{"type":"Feature","geometry":{"type":"Point","coordinates":[-115.2,53.3]},"properties":{"r":12.47,"w":7,"o":278}},{"type":"Feature","geometry":{"type":"Point","coordinates":[-115.1,53.3]},"properties":{"r":69.5,"w":22,"o":156}},{"type":"Feature","geometry":{"type":"Point","coordinates":[-115.0,53.3]},"properties":{"r":51.22,"w":28,"o":263}},{"type":"Feature","geometry":{"type":"Point","coordinates":[-114.9,53.3]},"properties":{"r":89.97,"w":32,"o":263}},{"type":"Feature","geometry":{"type":"Point","coordinates":[-114.8,53.3]},"properties":{"r":73.78,"w":28,"o":263}},{"type":"Feature","geometry":{"type":"Point","coordinates":[-114.7,53.3]},"properties":{"r":30.07,"w":11,"o":156}},{"type":"Feature","geometry":{"type":"Point","coordinates":[-114.6,53.3]},"properties":{"r":39.27,"w":13,"o":107}},{"type":"Feature","geometry":{"type":"Point","coordinates":[-114.5,53.3]},"properties":{"r":42.48,"w":18,"o":147}},{"type":"Feature","geometry":{"type":"Point","coordinates":[-114.1,53.3]},"properties":{"r":3.77,"w":2,"o":32}},{"type":"Feature","geometry":{"type":"Point","coordinates":[-113.8,53.3]},"properties":{"r":7.0,"w":3,"o":146}},{"type":"Feature","geometry":{"type":"Point","coordinates":[-113.7,53.3]},"properties":{"r":25.89,"w":10,"o":31}},{"type":"Feature","geometry":{"type":"Point","coordinates":[-111.7,53.3]},"properties":{"r":2.91,"w":1,"o":66}},{"type":"Feature","geometry":{"type":"Point","coordinates":[-111.4,53.3]},"properties":{"r":7.13,"w":2,"o":169}},{"type":"Feature","geometry":{"type":"Point","coordinates":[-111.3,53.3]},"properties":{"r":2.73,"w":1,"o":169}},{"type":"Feature","geometry":{"type":"Point","coordinates":[-111.2,53.3]},"properties":{"r":4.8,"w":1,"o":169}},{"type":"Feature","geometry":{"type":"Point","coordinates":[-111.0,53.3]},"properties":{"r":5.49,"w":2,"o":188}},{"type":"Feature","geometry":{"type":"Point","coordinates":[-110.8,53.3]},"properties":{"r":9.14,"w":2,"o":75}},{"type":"Feature","geometry":{"type":"Point","coordinates":[-110.7,53.3]},"properties":{"r":32.5,"w":14,"o":331}},{"type":"Feature","geometry":{"type":"Point","coordinates":[-110.6,53.3]},"properties":{"r":4.34,"w":1,"o":75}},{"type":"Feature","geometry":{"type":"Point","coordinates":[-110.5,53.3]},"properties":{"r":4.65,"w":1,"o":75}},{"type":"Feature","geometry":{"type":"Point","coordinates":[-110.1,53.3]},"properties":{"r":9.08,"w":2,"o":67}},{"type":"Feature","geometry":{"type":"Point","coordinates":[-116.9,53.4]},"properties":{"r":1.43,"w":1,"o":237}},{"type":"Feature","geometry":{"type":"Point","coordinates":[-116.0,53.4]},"properties":{"r":6.02,"w":2,"o":75}},{"type":"Feature","geometry":{"type":"Point","coordinates":[-115.9,53.4]},"properties":{"r":4.17,"w":3,"o":75}},{"type":"Feature","geometry":{"type":"Point","coordinates":[-115.8,53.4]},"properties":{"r":43.04,"w":13,"o":278}},{"type":"Feature","geometry":{"type":"Point","coordinates":[-115.7,53.4]},"properties":{"r":154.94,"w":49,"o":327}},{"type":"Feature","geometry":{"type":"Point","coordinates":[-115.6,53.4]},"properties":{"r":111.58,"w":47,"o":327}},{"type":"Feature","geometry":{"type":"Point","coordinates":[-115.5,53.4]},"properties":{"r":13.38,"w":5,"o":340}},{"type":"Feature","geometry":{"type":"Point","coordinates":[-115.4,53.4]},"properties":{"r":4.0,"w":4,"o":172}},{"type":"Feature","geometry":{"type":"Point","coordinates":[-115.2,53.4]},"properties":{"r":2.98,"w":2,"o":156}},{"type":"Feature","geometry":{"type":"Point","coordinates":[-115.1,53.4]},"properties":{"r":4.55,"w":1,"o":156}},{"type":"Feature","geometry":{"type":"Point","coordinates":[-114.8,53.4]},"properties":{"r":2.56,"w":1,"o":303}},{"type":"Feature","geometry":{"type":"Point","coordinates":[-114.6,53.4]},"properties":{"r":30.57,"w":14,"o":147}},{"type":"Feature","geometry":{"type":"Point","coordinates":[-114.5,53.4]},"properties":{"r":11.47,"w":11,"o":147}},{"type":"Feature","geometry":{"type":"Point","coordinates":[-113.9,53.4]},"properties":{"r":4.97,"w":1,"o":154}},{"type":"Feature","geometry":{"type":"Point","coordinates":[-113.8,53.4]},"properties":{"r":27.11,"w":8,"o":31}},{"type":"Feature","geometry":{"type":"Point","coordinates":[-113.7,53.4]},"properties":{"r":10.52,"w":6,"o":31}},{"type":"Feature","geometry":{"type":"Point","coordinates":[-111.2,53.4]},"properties":{"r":1.49,"w":1,"o":169}},{"type":"Feature","geometry":{"type":"Point","coordinates":[-111.1,53.4]},"properties":{"r":5.98,"w":2,"o":188}},{"type":"Feature","geometry":{"type":"Point","coordinates":[-110.9,53.4]},"properties":{"r":3.4,"w":1,"o":67}},{"type":"Feature","geometry":{"type":"Point","coordinates":[-110.5,53.4]},"properties":{"r":4.53,"w":1,"o":75}},{"type":"Feature","geometry":{"type":"Point","coordinates":[-110.4,53.4]},"properties":{"r":5.98,"w":2,"o":314}},{"type":"Feature","geometry":{"type":"Point","coordinates":[-110.3,53.4]},"properties":{"r":9.12,"w":2,"o":112}},{"type":"Feature","geometry":{"type":"Point","coordinates":[-110.1,53.4]},"properties":{"r":15.58,"w":4,"o":314}},{"type":"Feature","geometry":{"type":"Point","coordinates":[-116.5,53.5]},"properties":{"r":0.08,"w":1,"o":43}},{"type":"Feature","geometry":{"type":"Point","coordinates":[-116.1,53.5]},"properties":{"r":6.02,"w":2,"o":315}},{"type":"Feature","geometry":{"type":"Point","coordinates":[-116.0,53.5]},"properties":{"r":2.89,"w":2,"o":327}},{"type":"Feature","geometry":{"type":"Point","coordinates":[-115.9,53.5]},"properties":{"r":24.32,"w":6,"o":11}},{"type":"Feature","geometry":{"type":"Point","coordinates":[-115.8,53.5]},"properties":{"r":12.52,"w":5,"o":166}},{"type":"Feature","geometry":{"type":"Point","coordinates":[-115.7,53.5]},"properties":{"r":8.78,"w":3,"o":166}},{"type":"Feature","geometry":{"type":"Point","coordinates":[-115.6,53.5]},"properties":{"r":14.7,"w":7,"o":166}},{"type":"Feature","geometry":{"type":"Point","coordinates":[-115.5,53.5]},"properties":{"r":6.65,"w":2,"o":327}},{"type":"Feature","geometry":{"type":"Point","coordinates":[-115.4,53.5]},"properties":{"r":0.06,"w":1,"o":303}},{"type":"Feature","geometry":{"type":"Point","coordinates":[-115.1,53.5]},"properties":{"r":10.69,"w":3,"o":156}},{"type":"Feature","geometry":{"type":"Point","coordinates":[-114.9,53.5]},"properties":{"r":8.26,"w":3,"o":13}},{"type":"Feature","geometry":{"type":"Point","coordinates":[-114.7,53.5]},"properties":{"r":12.73,"w":10,"o":157}},{"type":"Feature","geometry":{"type":"Point","coordinates":[-113.8,53.5]},"properties":{"r":2.87,"w":1,"o":341}},{"type":"Feature","geometry":{"type":"Point","coordinates":[-111.0,53.5]},"properties":{"r":4.07,"w":1,"o":75}},{"type":"Feature","geometry":{"type":"Point","coordinates":[-110.9,53.5]},"properties":{"r":26.48,"w":8,"o":335}},{"type":"Feature","geometry":{"type":"Point","coordinates":[-110.8,53.5]},"properties":{"r":2.79,"w":1,"o":335}},{"type":"Feature","geometry":{"type":"Point","coordinates":[-110.6,53.5]},"properties":{"r":9.48,"w":3,"o":314}},{"type":"Feature","geometry":{"type":"Point","coordinates":[-110.5,53.5]},"properties":{"r":4.47,"w":1,"o":314}},{"type":"Feature","geometry":{"type":"Point","coordinates":[-110.4,53.5]},"properties":{"r":18.01,"w":5,"o":314}},{"type":"Feature","geometry":{"type":"Point","coordinates":[-110.1,53.5]},"properties":{"r":3.23,"w":1,"o":314}},{"type":"Feature","geometry":{"type":"Point","coordinates":[-116.7,53.6]},"properties":{"r":1.8,"w":2,"o":43}},{"type":"Feature","geometry":{"type":"Point","coordinates":[-116.6,53.6]},"properties":{"r":3.5,"w":5,"o":43}},{"type":"Feature","geometry":{"type":"Point","coordinates":[-116.5,53.6]},"properties":{"r":5.24,"w":6,"o":43}},{"type":"Feature","geometry":{"type":"Point","coordinates":[-116.4,53.6]},"properties":{"r":2.05,"w":1,"o":259}},{"type":"Feature","geometry":{"type":"Point","coordinates":[-116.3,53.6]},"properties":{"r":3.0,"w":2,"o":315}},{"type":"Feature","geometry":{"type":"Point","coordinates":[-116.2,53.6]},"properties":{"r":4.86,"w":3,"o":254}},{"type":"Feature","geometry":{"type":"Point","coordinates":[-116.1,53.6]},"properties":{"r":6.42,"w":2,"o":315}},{"type":"Feature","geometry":{"type":"Point","coordinates":[-116.0,53.6]},"properties":{"r":2.49,"w":1,"o":327}},{"type":"Feature","geometry":{"type":"Point","coordinates":[-115.5,53.6]},"properties":{"r":8.47,"w":3,"o":327}},{"type":"Feature","geometry":{"type":"Point","coordinates":[-115.4,53.6]},"properties":{"r":9.39,"w":3,"o":287}},{"type":"Feature","geometry":{"type":"Point","coordinates":[-115.3,53.6]},"properties":{"r":7.02,"w":2,"o":334}},{"type":"Feature","geometry":{"type":"Point","coordinates":[-112.5,53.6]},"properties":{"r":5.2,"w":3,"o":240}},{"type":"Feature","geometry":{"type":"Point","coordinates":[-116.7,53.7]},"properties":{"r":4.11,"w":5,"o":43}},{"type":"Feature","geometry":{"type":"Point","coordinates":[-116.6,53.7]},"properties":{"r":10.36,"w":14,"o":43}},{"type":"Feature","geometry":{"type":"Point","coordinates":[-116.5,53.7]},"properties":{"r":9.92,"w":24,"o":43}},{"type":"Feature","geometry":{"type":"Point","coordinates":[-116.4,53.7]},"properties":{"r":2.89,"w":1,"o":43}},{"type":"Feature","geometry":{"type":"Point","coordinates":[-116.3,53.7]},"properties":{"r":44.13,"w":13,"o":291}},{"type":"Feature","geometry":{"type":"Point","coordinates":[-116.2,53.7]},"properties":{"r":41.18,"w":17,"o":11}},{"type":"Feature","geometry":{"type":"Point","coordinates":[-115.8,53.7]},"properties":{"r":6.06,"w":2,"o":278}},{"type":"Feature","geometry":{"type":"Point","coordinates":[-115.7,53.7]},"properties":{"r":2.29,"w":1,"o":166}},{"type":"Feature","geometry":{"type":"Point","coordinates":[-115.6,53.7]},"properties":{"r":2.58,"w":1,"o":166}},{"type":"Feature","geometry":{"type":"Point","coordinates":[-114.7,53.7]},"properties":{"r":7.46,"w":4,"o":78}},{"type":"Feature","geometry":{"type":"Point","coordinates":[-114.6,53.7]},"properties":{"r":3.08,"w":1,"o":78}},{"type":"Feature","geometry":{"type":"Point","coordinates":[-113.9,53.7]},"properties":{"r":14.49,"w":7,"o":43}},{"type":"Feature","geometry":{"type":"Point","coordinates":[-113.0,53.7]},"properties":{"r":4.3,"w":1,"o":251}},{"type":"Feature","geometry":{"type":"Point","coordinates":[-112.9,53.7]},"properties":{"r":4.11,"w":1,"o":251}},{"type":"Feature","geometry":{"type":"Point","coordinates":[-117.5,53.8]},"properties":{"r":1.55,"w":1,"o":315}},{"type":"Feature","geometry":{"type":"Point","coordinates":[-116.6,53.8]},"properties":{"r":1.8,"w":1,"o":43}},{"type":"Feature","geometry":{"type":"Point","coordinates":[-116.5,53.8]},"properties":{"r":4.11,"w":1,"o":327}},{"type":"Feature","geometry":{"type":"Point","coordinates":[-116.1,53.8]},"properties":{"r":2.22,"w":1,"o":75}},{"type":"Feature","geometry":{"type":"Point","coordinates":[-116.0,53.8]},"properties":{"r":6.71,"w":2,"o":278}},{"type":"Feature","geometry":{"type":"Point","coordinates":[-115.9,53.8]},"properties":{"r":3.19,"w":1,"o":278}},{"type":"Feature","geometry":{"type":"Point","coordinates":[-115.0,53.8]},"properties":{"r":12.41,"w":4,"o":104}},{"type":"Feature","geometry":{"type":"Point","coordinates":[-114.7,53.8]},"properties":{"r":2.45,"w":1,"o":303}},{"type":"Feature","geometry":{"type":"Point","coordinates":[-113.9,53.8]},"properties":{"r":22.52,"w":7,"o":327}},{"type":"Feature","geometry":{"type":"Point","coordinates":[-113.1,53.8]},"properties":{"r":2.73,"w":1,"o":83}},{"type":"Feature","geometry":{"type":"Point","coordinates":[-113.0,53.8]},"properties":{"r":80.7,"w":31,"o":83}},{"type":"Feature","geometry":{"type":"Point","coordinates":[-112.9,53.8]},"properties":{"r":175.78,"w":80,"o":240}},{"type":"Feature","geometry":{"type":"Point","coordinates":[-112.8,53.8]},"properties":{"r":41.49,"w":21,"o":240}},{"type":"Feature","geometry":{"type":"Point","coordinates":[-115.6,53.9]},"properties":{"r":3.08,"w":1,"o":265}},{"type":"Feature","geometry":{"type":"Point","coordinates":[-114.8,53.9]},"properties":{"r":13.46,"w":5,"o":147}},{"type":"Feature","geometry":{"type":"Point","coordinates":[-114.5,53.9]},"properties":{"r":3.65,"w":1,"o":322}},{"type":"Feature","geometry":{"type":"Point","coordinates":[-113.4,53.9]},"properties":{"r":4.03,"w":2,"o":46}},{"type":"Feature","geometry":{"type":"Point","coordinates":[-113.3,53.9]},"properties":{"r":2.41,"w":1,"o":275}},{"type":"Feature","geometry":{"type":"Point","coordinates":[-113.2,53.9]},"properties":{"r":62.58,"w":20,"o":275}},{"type":"Feature","geometry":{"type":"Point","coordinates":[-113.1,53.9]},"properties":{"r":179.09,"w":54,"o":192}},{"type":"Feature","geometry":{"type":"Point","coordinates":[-113.0,53.9]},"properties":{"r":102.48,"w":42,"o":83}},{"type":"Feature","geometry":{"type":"Point","coordinates":[-112.9,53.9]},"properties":{"r":9.37,"w":5,"o":240}},{"type":"Feature","geometry":{"type":"Point","coordinates":[-112.8,53.9]},"properties":{"r":3.98,"w":1,"o":240}},{"type":"Feature","geometry":{"type":"Point","coordinates":[-112.6,53.9]},"properties":{"r":10.42,"w":3,"o":273}},{"type":"Feature","geometry":{"type":"Point","coordinates":[-117.1,54.0]},"properties":{"r":0.99,"w":1,"o":76}},{"type":"Feature","geometry":{"type":"Point","coordinates":[-116.2,54.0]},"properties":{"r":3.31,"w":1,"o":278}},{"type":"Feature","geometry":{"type":"Point","coordinates":[-115.7,54.0]},"properties":{"r":1.7,"w":1,"o":223}},{"type":"Feature","geometry":{"type":"Point","coordinates":[-114.6,54.0]},"properties":{"r":2.47,"w":1,"o":36}},{"type":"Feature","geometry":{"type":"Point","coordinates":[-113.3,54.0]},"properties":{"r":53.9,"w":18,"o":275}},{"type":"Feature","geometry":{"type":"Point","coordinates":[-113.2,54.0]},"properties":{"r":72.65,"w":23,"o":83}},{"type":"Feature","geometry":{"type":"Point","coordinates":[-113.1,54.0]},"properties":{"r":74.76,"w":22,"o":83}},{"type":"Feature","geometry":{"type":"Point","coordinates":[-113.0,54.0]},"properties":{"r":9.33,"w":2,"o":83}},{"type":"Feature","geometry":{"type":"Point","coordinates":[-112.8,54.0]},"properties":{"r":8.47,"w":2,"o":64}},{"type":"Feature","geometry":{"type":"Point","coordinates":[-112.6,54.0]},"properties":{"r":4.15,"w":1,"o":273}},{"type":"Feature","geometry":{"type":"Point","coordinates":[-117.4,54.1]},"properties":{"r":15.47,"w":7,"o":75}},{"type":"Feature","geometry":{"type":"Point","coordinates":[-117.3,54.1]},"properties":{"r":4.78,"w":2,"o":315}},{"type":"Feature","geometry":{"type":"Point","coordinates":[-117.2,54.1]},"properties":{"r":10.48,"w":5,"o":237}},{"type":"Feature","geometry":{"type":"Point","coordinates":[-117.0,54.1]},"properties":{"r":3.73,"w":1,"o":340}},{"type":"Feature","geometry":{"type":"Point","coordinates":[-116.9,54.1]},"properties":{"r":6.69,"w":2,"o":340}},{"type":"Feature","geometry":{"type":"Point","coordinates":[-116.8,54.1]},"properties":{"r":16.67,"w":5,"o":340}},{"type":"Feature","geometry":{"type":"Point","coordinates":[-116.2,54.1]},"properties":{"r":4.86,"w":1,"o":278}},{"type":"Feature","geometry":{"type":"Point","coordinates":[-115.7,54.1]},"properties":{"r":4.47,"w":1,"o":223}},{"type":"Feature","geometry":{"type":"Point","coordinates":[-115.2,54.1]},"properties":{"r":11.85,"w":4,"o":67}},{"type":"Feature","geometry":{"type":"Point","coordinates":[-114.3,54.1]},"properties":{"r":13.63,"w":4,"o":36}},{"type":"Feature","geometry":{"type":"Point","coordinates":[-113.0,54.1]},"properties":{"r":1.93,"w":1,"o":183}},{"type":"Feature","geometry":{"type":"Point","coordinates":[-112.4,54.1]},"properties":{"r":0.94,"w":1,"o":295}},{"type":"Feature","geometry":{"type":"Point","coordinates":[-118.9,54.2]},"properties":{"r":1.2,"w":1,"o":315}},{"type":"Feature","geometry":{"type":"Point","coordinates":[-118.0,54.2]},"properties":{"r":2.12,"w":1,"o":259}},{"type":"Feature","geometry":{"type":"Point","coordinates":[-117.4,54.2]},"properties":{"r":21.34,"w":9,"o":98}},{"type":"Feature","geometry":{"type":"Point","coordinates":[-117.3,54.2]},"properties":{"r":2.05,"w":1,"o":75}},{"type":"Feature","geometry":{"type":"Point","coordinates":[-117.2,54.2]},"properties":{"r":4.24,"w":1,"o":222}},{"type":"Feature","geometry":{"type":"Point","coordinates":[-117.1,54.2]},"properties":{"r":1.95,"w":1,"o":340}},{"type":"Feature","geometry":{"type":"Point","coordinates":[-117.0,54.2]},"properties":{"r":18.43,"w":5,"o":237}},{"type":"Feature","geometry":{"type":"Point","coordinates":[-116.9,54.2]},"properties":{"r":22.06,"w":7,"o":270}},{"type":"Feature","geometry":{"type":"Point","coordinates":[-116.8,54.2]},"properties":{"r":3.33,"w":1,"o":151}},{"type":"Feature","geometry":{"type":"Point","coordinates":[-116.7,54.2]},"properties":{"r":21.39,"w":5,"o":151}},{"type":"Feature","geometry":{"type":"Point","coordinates":[-116.6,54.2]},"properties":{"r":79.86,"w":24,"o":222}},{"type":"Feature","geometry":{"type":"Point","coordinates":[-116.5,54.2]},"properties":{"r":47.59,"w":13,"o":151}},{"type":"Feature","geometry":{"type":"Point","coordinates":[-116.4,54.2]},"properties":{"r":3.33,"w":2,"o":151}},{"type":"Feature","geometry":{"type":"Point","coordinates":[-116.2,54.2]},"properties":{"r":4.38,"w":1,"o":223}},{"type":"Feature","geometry":{"type":"Point","coordinates":[-115.8,54.2]},"properties":{"r":3.73,"w":1,"o":83}},{"type":"Feature","geometry":{"type":"Point","coordinates":[-119.0,54.3]},"properties":{"r":9.79,"w":3,"o":307}},{"type":"Feature","geometry":{"type":"Point","coordinates":[-118.6,54.3]},"properties":{"r":3.06,"w":1,"o":315}},{"type":"Feature","geometry":{"type":"Point","coordinates":[-118.5,54.3]},"properties":{"r":2.79,"w":1,"o":340}},{"type":"Feature","geometry":{"type":"Point","coordinates":[-118.4,54.3]},"properties":{"r":8.05,"w":8,"o":27}},{"type":"Feature","geometry":{"type":"Point","coordinates":[-117.9,54.3]},"properties":{"r":3.52,"w":1,"o":151}},{"type":"Feature","geometry":{"type":"Point","coordinates":[-117.8,54.3]},"properties":{"r":3.98,"w":2,"o":151}},{"type":"Feature","geometry":{"type":"Point","coordinates":[-117.7,54.3]},"properties":{"r":3.14,"w":1,"o":151}},{"type":"Feature","geometry":{"type":"Point","coordinates":[-117.6,54.3]},"properties":{"r":1.51,"w":1,"o":75}},{"type":"Feature","geometry":{"type":"Point","coordinates":[-116.9,54.3]},"properties":{"r":5.95,"w":3,"o":310}},{"type":"Feature","geometry":{"type":"Point","coordinates":[-116.8,54.3]},"properties":{"r":4.42,"w":3,"o":151}},{"type":"Feature","geometry":{"type":"Point","coordinates":[-116.7,54.3]},"properties":{"r":2.79,"w":2,"o":151}},{"type":"Feature","geometry":{"type":"Point","coordinates":[-116.6,54.3]},"properties":{"r":11.51,"w":5,"o":151}},{"type":"Feature","geometry":{"type":"Point","coordinates":[-116.5,54.3]},"properties":{"r":2.47,"w":1,"o":223}},{"type":"Feature","geometry":{"type":"Point","coordinates":[-115.8,54.3]},"properties":{"r":17.93,"w":5,"o":83}},{"type":"Feature","geometry":{"type":"Point","coordinates":[-115.7,54.3]},"properties":{"r":2.29,"w":1,"o":83}},{"type":"Feature","geometry":{"type":"Point","coordinates":[-115.6,54.3]},"properties":{"r":4.32,"w":1,"o":83}},{"type":"Feature","geometry":{"type":"Point","coordinates":[-115.4,54.3]},"properties":{"r":1.59,"w":1,"o":278}},{"type":"Feature","geometry":{"type":"Point","coordinates":[-113.8,54.3]},"properties":{"r":4.84,"w":1,"o":182}},{"type":"Feature","geometry":{"type":"Point","coordinates":[-119.0,54.4]},"properties":{"r":3.52,"w":1,"o":307}},{"type":"Feature","geometry":{"type":"Point","coordinates":[-118.9,54.4]},"properties":{"r":4.11,"w":2,"o":315}},{"type":"Feature","geometry":{"type":"Point","coordinates":[-118.8,54.4]},"properties":{"r":7.9,"w":4,"o":75}},{"type":"Feature","geometry":{"type":"Point","coordinates":[-118.7,54.4]},"properties":{"r":6.92,"w":5,"o":75}},{"type":"Feature","geometry":{"type":"Point","coordinates":[-118.6,54.4]},"properties":{"r":10.34,"w":5,"o":75}},{"type":"Feature","geometry":{"type":"Point","coordinates":[-118.5,54.4]},"properties":{"r":0.38,"w":1,"o":340}},{"type":"Feature","geometry":{"type":"Point","coordinates":[-118.4,54.4]},"properties":{"r":2.18,"w":3,"o":27}},{"type":"Feature","geometry":{"type":"Point","coordinates":[-118.3,54.4]},"properties":{"r":0.73,"w":1,"o":340}},{"type":"Feature","geometry":{"type":"Point","coordinates":[-117.9,54.4]},"properties":{"r":4.72,"w":2,"o":178}},{"type":"Feature","geometry":{"type":"Point","coordinates":[-117.8,54.4]},"properties":{"r":9.71,"w":4,"o":151}},{"type":"Feature","geometry":{"type":"Point","coordinates":[-117.7,54.4]},"properties":{"r":5.3,"w":2,"o":151}},{"type":"Feature","geometry":{"type":"Point","coordinates":[-117.6,54.4]},"properties":{"r":9.41,"w":3,"o":67}},{"type":"Feature","geometry":{"type":"Point","coordinates":[-117.5,54.4]},"properties":{"r":2.77,"w":1,"o":67}},{"type":"Feature","geometry":{"type":"Point","coordinates":[-116.8,54.4]},"properties":{"r":4.0,"w":1,"o":310}},{"type":"Feature","geometry":{"type":"Point","coordinates":[-116.1,54.4]},"properties":{"r":2.29,"w":1,"o":204}},{"type":"Feature","geometry":{"type":"Point","coordinates":[-115.7,54.4]},"properties":{"r":21.3,"w":6,"o":83}},{"type":"Feature","geometry":{"type":"Point","coordinates":[-115.6,54.4]},"properties":{"r":1.43,"w":1,"o":83}},{"type":"Feature","geometry":{"type":"Point","coordinates":[-115.4,54.4]},"properties":{"r":0.42,"w":1,"o":278}},{"type":"Feature","geometry":{"type":"Point","coordinates":[-115.3,54.4]},"properties":{"r":1.87,"w":1,"o":20}},{"type":"Feature","geometry":{"type":"Point","coordinates":[-115.2,54.4]},"properties":{"r":3.23,"w":1,"o":329}},{"type":"Feature","geometry":{"type":"Point","coordinates":[-114.1,54.4]},"properties":{"r":13.46,"w":3,"o":306}},{"type":"Feature","geometry":{"type":"Point","coordinates":[-114.0,54.4]},"properties":{"r":15.41,"w":4,"o":306}},{"type":"Feature","geometry":{"type":"Point","coordinates":[-113.4,54.4]},"properties":{"r":4.3,"w":1,"o":306}},{"type":"Feature","geometry":{"type":"Point","coordinates":[-113.2,54.4]},"properties":{"r":7.61,"w":2,"o":306}},{"type":"Feature","geometry":{"type":"Point","coordinates":[-113.1,54.4]},"properties":{"r":4.49,"w":1,"o":306}},{"type":"Feature","geometry":{"type":"Point","coordinates":[-113.0,54.4]},"properties":{"r":1.07,"w":2,"o":306}},{"type":"Feature","geometry":{"type":"Point","coordinates":[-112.7,54.4]},"properties":{"r":3.21,"w":1,"o":273}},{"type":"Feature","geometry":{"type":"Point","coordinates":[-112.6,54.4]},"properties":{"r":3.75,"w":1,"o":273}},{"type":"Feature","geometry":{"type":"Point","coordinates":[-119.1,54.5]},"properties":{"r":2.1,"w":3,"o":307}},{"type":"Feature","geometry":{"type":"Point","coordinates":[-118.8,54.5]},"properties":{"r":1.28,"w":1,"o":43}},{"type":"Feature","geometry":{"type":"Point","coordinates":[-118.7,54.5]},"properties":{"r":7.44,"w":4,"o":75}},{"type":"Feature","geometry":{"type":"Point","coordinates":[-117.6,54.5]},"properties":{"r":3.19,"w":1,"o":120}},{"type":"Feature","geometry":{"type":"Point","coordinates":[-117.5,54.5]},"properties":{"r":5.89,"w":5,"o":151}},{"type":"Feature","geometry":{"type":"Point","coordinates":[-117.4,54.5]},"properties":{"r":26.29,"w":18,"o":151}},{"type":"Feature","geometry":{"type":"Point","coordinates":[-117.3,54.5]},"properties":{"r":1.82,"w":2,"o":151}},{"type":"Feature","geometry":{"type":"Point","coordinates":[-116.9,54.5]},"properties":{"r":4.99,"w":2,"o":102}},{"type":"Feature","geometry":{"type":"Point","coordinates":[-116.8,54.5]},"properties":{"r":7.55,"w":3,"o":228}},{"type":"Feature","geometry":{"type":"Point","coordinates":[-116.7,54.5]},"properties":{"r":81.37,"w":29,"o":228}},{"type":"Feature","geometry":{"type":"Point","coordinates":[-116.6,54.5]},"properties":{"r":37.03,"w":15,"o":228}},{"type":"Feature","geometry":{"type":"Point","coordinates":[-115.9,54.5]},"properties":{"r":4.0,"w":1,"o":20}},{"type":"Feature","geometry":{"type":"Point","coordinates":[-115.7,54.5]},"properties":{"r":2.43,"w":1,"o":83}},{"type":"Feature","geometry":{"type":"Point","coordinates":[-115.6,54.5]},"properties":{"r":4.15,"w":2,"o":83}},{"type":"Feature","geometry":{"type":"Point","coordinates":[-115.5,54.5]},"properties":{"r":9.29,"w":3,"o":83}},{"type":"Feature","geometry":{"type":"Point","coordinates":[-115.4,54.5]},"properties":{"r":26.25,"w":10,"o":20}},{"type":"Feature","geometry":{"type":"Point","coordinates":[-115.3,54.5]},"properties":{"r":27.63,"w":8,"o":20}},{"type":"Feature","geometry":{"type":"Point","coordinates":[-113.6,54.5]},"properties":{"r":2.7,"w":1,"o":125}},{"type":"Feature","geometry":{"type":"Point","coordinates":[-113.5,54.5]},"properties":{"r":13.19,"w":4,"o":306}},{"type":"Feature","geometry":{"type":"Point","coordinates":[-113.4,54.5]},"properties":{"r":9.41,"w":3,"o":306}},{"type":"Feature","geometry":{"type":"Point","coordinates":[-113.3,54.5]},"properties":{"r":2.79,"w":1,"o":306}},{"type":"Feature","geometry":{"type":"Point","coordinates":[-113.2,54.5]},"properties":{"r":6.27,"w":3,"o":306}},{"type":"Feature","geometry":{"type":"Point","coordinates":[-113.1,54.5]},"properties":{"r":9.77,"w":3,"o":306}},{"type":"Feature","geometry":{"type":"Point","coordinates":[-119.3,54.6]},"properties":{"r":0.52,"w":1,"o":75}},{"type":"Feature","geometry":{"type":"Point","coordinates":[-119.0,54.6]},"properties":{"r":1.89,"w":1,"o":344}},{"type":"Feature","geometry":{"type":"Point","coordinates":[-118.8,54.6]},"properties":{"r":6.88,"w":2,"o":22}},{"type":"Feature","geometry":{"type":"Point","coordinates":[-118.3,54.6]},"properties":{"r":3.42,"w":1,"o":67}},{"type":"Feature","geometry":{"type":"Point","coordinates":[-118.2,54.6]},"properties":{"r":0.9,"w":1,"o":67}},{"type":"Feature","geometry":{"type":"Point","coordinates":[-117.6,54.6]},"properties":{"r":9.37,"w":3,"o":151}},{"type":"Feature","geometry":{"type":"Point","coordinates":[-117.3,54.6]},"properties":{"r":7.59,"w":3,"o":278}},{"type":"Feature","geometry":{"type":"Point","coordinates":[-116.7,54.6]},"properties":{"r":5.56,"w":2,"o":228}},{"type":"Feature","geometry":{"type":"Point","coordinates":[-116.6,54.6]},"properties":{"r":6.77,"w":2,"o":150}},{"type":"Feature","geometry":{"type":"Point","coordinates":[-115.9,54.6]},"properties":{"r":13.36,"w":5,"o":20}},{"type":"Feature","geometry":{"type":"Point","coordinates":[-115.8,54.6]},"properties":{"r":2.01,"w":1,"o":310}},{"type":"Feature","geometry":{"type":"Point","coordinates":[-115.5,54.6]},"properties":{"r":14.93,"w":4,"o":310}},{"type":"Feature","geometry":{"type":"Point","coordinates":[-115.4,54.6]},"properties":{"r":20.63,"w":5,"o":20}},{"type":"Feature","geometry":{"type":"Point","coordinates":[-112.4,54.6]},"properties":{"r":4.17,"w":1,"o":73}},{"type":"Feature","geometry":{"type":"Point","coordinates":[-119.2,54.7]},"properties":{"r":11.99,"w":6,"o":67}},{"type":"Feature","geometry":{"type":"Point","coordinates":[-119.1,54.7]},"properties":{"r":20.53,"w":16,"o":67}},{"type":"Feature","geometry":{"type":"Point","coordinates":[-119.0,54.7]},"properties":{"r":14.03,"w":11,"o":75}},{"type":"Feature","geometry":{"type":"Point","coordinates":[-118.9,54.7]},"properties":{"r":4.76,"w":1,"o":22}},{"type":"Feature","geometry":{"type":"Point","coordinates":[-118.7,54.7]},"properties":{"r":3.73,"w":1,"o":67}},{"type":"Feature","geometry":{"type":"Point","coordinates":[-118.6,54.7]},"properties":{"r":0.02,"w":1,"o":67}},{"type":"Feature","geometry":{"type":"Point","coordinates":[-118.5,54.7]},"properties":{"r":13.69,"w":3,"o":67}},{"type":"Feature","geometry":{"type":"Point","coordinates":[-118.4,54.7]},"properties":{"r":29.6,"w":11,"o":67}},{"type":"Feature","geometry":{"type":"Point","coordinates":[-117.7,54.7]},"properties":{"r":15.28,"w":4,"o":27}},{"type":"Feature","geometry":{"type":"Point","coordinates":[-117.6,54.7]},"properties":{"r":22.98,"w":8,"o":27}},{"type":"Feature","geometry":{"type":"Point","coordinates":[-117.5,54.7]},"properties":{"r":8.55,"w":3,"o":166}},{"type":"Feature","geometry":{"type":"Point","coordinates":[-117.1,54.7]},"properties":{"r":10.19,"w":4,"o":78}},{"type":"Feature","geometry":{"type":"Point","coordinates":[-116.3,54.7]},"properties":{"r":3.77,"w":1,"o":199}},{"type":"Feature","geometry":{"type":"Point","coordinates":[-115.9,54.7]},"properties":{"r":1.7,"w":1,"o":20}},{"type":"Feature","geometry":{"type":"Point","coordinates":[-115.8,54.7]},"properties":{"r":2.47,"w":1,"o":20}},{"type":"Feature","geometry":{"type":"Point","coordinates":[-115.4,54.7]},"properties":{"r":9.46,"w":5,"o":91}},{"type":"Feature","geometry":{"type":"Point","coordinates":[-115.3,54.7]},"properties":{"r":2.6,"w":2,"o":91}},{"type":"Feature","geometry":{"type":"Point","coordinates":[-113.7,54.7]},"properties":{"r":4.95,"w":1,"o":125}},{"type":"Feature","geometry":{"type":"Point","coordinates":[-119.2,54.8]},"properties":{"r":62.65,"w":27,"o":340}},{"type":"Feature","geometry":{"type":"Point","coordinates":[-119.1,54.8]},"properties":{"r":90.57,"w":50,"o":75}},{"type":"Feature","geometry":{"type":"Point","coordinates":[-119.0,54.8]},"properties":{"r":1.51,"w":3,"o":75}},{"type":"Feature","geometry":{"type":"Point","coordinates":[-118.6,54.8]},"properties":{"r":9.6,"w":4,"o":67}},{"type":"Feature","geometry":{"type":"Point","coordinates":[-118.5,54.8]},"properties":{"r":11.05,"w":3,"o":339}},{"type":"Feature","geometry":{"type":"Point","coordinates":[-117.7,54.8]},"properties":{"r":25.47,"w":8,"o":27}},{"type":"Feature","geometry":{"type":"Point","coordinates":[-117.6,54.8]},"properties":{"r":25.58,"w":12,"o":27}},{"type":"Feature","geometry":{"type":"Point","coordinates":[-117.5,54.8]},"properties":{"r":11.64,"w":3,"o":67}},{"type":"Feature","geometry":{"type":"Point","coordinates":[-115.6,54.8]},"properties":{"r":7.74,"w":3,"o":172}},{"type":"Feature","geometry":{"type":"Point","coordinates":[-115.5,54.8]},"properties":{"r":3.5,"w":1,"o":67}},{"type":"Feature","geometry":{"type":"Point","coordinates":[-115.4,54.8]},"properties":{"r":2.66,"w":1,"o":67}},{"type":"Feature","geometry":{"type":"Point","coordinates":[-115.3,54.8]},"properties":{"r":10.88,"w":6,"o":310}},{"type":"Feature","geometry":{"type":"Point","coordinates":[-115.2,54.8]},"properties":{"r":21.97,"w":8,"o":31}},{"type":"Feature","geometry":{"type":"Point","coordinates":[-115.1,54.8]},"properties":{"r":6.92,"w":3,"o":31}},{"type":"Feature","geometry":{"type":"Point","coordinates":[-119.6,54.9]},"properties":{"r":2.31,"w":2,"o":134}},{"type":"Feature","geometry":{"type":"Point","coordinates":[-119.2,54.9]},"properties":{"r":18.39,"w":11,"o":134}},{"type":"Feature","geometry":{"type":"Point","coordinates":[-119.1,54.9]},"properties":{"r":5.68,"w":5,"o":134}},{"type":"Feature","geometry":{"type":"Point","coordinates":[-119.0,54.9]},"properties":{"r":8.7,"w":4,"o":134}},{"type":"Feature","geometry":{"type":"Point","coordinates":[-118.9,54.9]},"properties":{"r":31.39,"w":11,"o":134}},{"type":"Feature","geometry":{"type":"Point","coordinates":[-118.8,54.9]},"properties":{"r":13.29,"w":4,"o":67}},{"type":"Feature","geometry":{"type":"Point","coordinates":[-118.7,54.9]},"properties":{"r":5.81,"w":2,"o":67}},{"type":"Feature","geometry":{"type":"Point","coordinates":[-118.5,54.9]},"properties":{"r":0.78,"w":1,"o":339}},{"type":"Feature","geometry":{"type":"Point","coordinates":[-118.4,54.9]},"properties":{"r":5.81,"w":2,"o":339}},{"type":"Feature","geometry":{"type":"Point","coordinates":[-118.3,54.9]},"properties":{"r":5.6,"w":4,"o":339}},{"type":"Feature","geometry":{"type":"Point","coordinates":[-117.7,54.9]},"properties":{"r":19.12,"w":5,"o":27}},{"type":"Feature","geometry":{"type":"Point","coordinates":[-117.6,54.9]},"properties":{"r":4.91,"w":1,"o":27}},{"type":"Feature","geometry":{"type":"Point","coordinates":[-115.6,54.9]},"properties":{"r":4.78,"w":1,"o":12}},{"type":"Feature","geometry":{"type":"Point","coordinates":[-115.5,54.9]},"properties":{"r":5.98,"w":3,"o":91}},{"type":"Feature","geometry":{"type":"Point","coordinates":[-115.4,54.9]},"properties":{"r":7.34,"w":3,"o":12}},{"type":"Feature","geometry":{"type":"Point","coordinates":[-115.3,54.9]},"properties":{"r":19.12,"w":6,"o":20}},{"type":"Feature","geometry":{"type":"Point","coordinates":[-115.2,54.9]},"properties":{"r":21.05,"w":9,"o":83}},{"type":"Feature","geometry":{"type":"Point","coordinates":[-119.6,55.0]},"properties":{"r":4.3,"w":1,"o":75}},{"type":"Feature","geometry":{"type":"Point","coordinates":[-119.1,55.0]},"properties":{"r":1.7,"w":1,"o":67}},{"type":"Feature","geometry":{"type":"Point","coordinates":[-119.0,55.0]},"properties":{"r":6.56,"w":2,"o":134}},{"type":"Feature","geometry":{"type":"Point","coordinates":[-118.9,55.0]},"properties":{"r":11.95,"w":4,"o":133}},{"type":"Feature","geometry":{"type":"Point","coordinates":[-118.8,55.0]},"properties":{"r":60.03,"w":23,"o":133}},{"type":"Feature","geometry":{"type":"Point","coordinates":[-117.8,55.0]},"properties":{"r":13.96,"w":8,"o":340}},{"type":"Feature","geometry":{"type":"Point","coordinates":[-117.7,55.0]},"properties":{"r":38.93,"w":20,"o":340}},{"type":"Feature","geometry":{"type":"Point","coordinates":[-117.6,55.0]},"properties":{"r":8.51,"w":4,"o":340}},{"type":"Feature","geometry":{"type":"Point","coordinates":[-116.9,55.0]},"properties":{"r":31.16,"w":9,"o":113}},{"type":"Feature","geometry":{"type":"Point","coordinates":[-115.6,55.0]},"properties":{"r":20.32,"w":8,"o":73}},{"type":"Feature","geometry":{"type":"Point","coordinates":[-115.5,55.0]},"properties":{"r":8.32,"w":3,"o":73}},{"type":"Feature","geometry":{"type":"Point","coordinates":[-115.4,55.0]},"properties":{"r":29.67,"w":11,"o":73}},{"type":"Feature","geometry":{"type":"Point","coordinates":[-115.3,55.0]},"properties":{"r":10.46,"w":7,"o":73}},{"type":"Feature","geometry":{"type":"Point","coordinates":[-115.2,55.0]},"properties":{"r":21.55,"w":5,"o":83}},{"type":"Feature","geometry":{"type":"Point","coordinates":[-119.6,55.1]},"properties":{"r":6.12,"w":2,"o":151}},{"type":"Feature","geometry":{"type":"Point","coordinates":[-119.5,55.1]},"properties":{"r":7.42,"w":3,"o":73}},{"type":"Feature","geometry":{"type":"Point","coordinates":[-119.3,55.1]},"properties":{"r":1.13,"w":1,"o":67}},{"type":"Feature","geometry":{"type":"Point","coordinates":[-119.2,55.1]},"properties":{"r":4.76,"w":1,"o":28}},{"type":"Feature","geometry":{"type":"Point","coordinates":[-118.7,55.1]},"properties":{"r":2.56,"w":1,"o":339}},{"type":"Feature","geometry":{"type":"Point","coordinates":[-117.0,55.1]},"properties":{"r":0.31,"w":3,"o":113}},{"type":"Feature","geometry":{"type":"Point","coordinates":[-116.9,55.1]},"properties":{"r":0.23,"w":2,"o":113}},{"type":"Feature","geometry":{"type":"Point","coordinates":[-116.7,55.1]},"properties":{"r":4.89,"w":2,"o":224}},{"type":"Feature","geometry":{"type":"Point","coordinates":[-116.1,55.1]},"properties":{"r":0.4,"w":1,"o":64}},{"type":"Feature","geometry":{"type":"Point","coordinates":[-115.7,55.1]},"properties":{"r":10.29,"w":4,"o":73}},{"type":"Feature","geometry":{"type":"Point","coordinates":[-115.6,55.1]},"properties":{"r":18.16,"w":5,"o":73}},{"type":"Feature","geometry":{"type":"Point","coordinates":[-114.6,55.1]},"properties":{"r":4.4,"w":1,"o":73}},{"type":"Feature","geometry":{"type":"Point","coordinates":[-114.4,55.1]},"properties":{"r":4.42,"w":1,"o":73}},{"type":"Feature","geometry":{"type":"Point","coordinates":[-113.5,55.1]},"properties":{"r":3.65,"w":1,"o":306}},{"type":"Feature","geometry":{"type":"Point","coordinates":[-119.5,55.2]},"properties":{"r":25.47,"w":14,"o":73}},{"type":"Feature","geometry":{"type":"Point","coordinates":[-119.3,55.2]},"properties":{"r":3.12,"w":2,"o":306}},{"type":"Feature","geometry":{"type":"Point","coordinates":[-119.2,55.2]},"properties":{"r":13.17,"w":4,"o":28}},{"type":"Feature","geometry":{"type":"Point","coordinates":[-118.7,55.2]},"properties":{"r":2.6,"w":2,"o":67}},{"type":"Feature","geometry":{"type":"Point","coordinates":[-118.6,55.2]},"properties":{"r":14.99,"w":5,"o":67}},{"type":"Feature","geometry":{"type":"Point","coordinates":[-118.4,55.2]},"properties":{"r":13.36,"w":4,"o":67}},{"type":"Feature","geometry":{"type":"Point","coordinates":[-117.9,55.2]},"properties":{"r":2.56,"w":1,"o":67}},{"type":"Feature","geometry":{"type":"Point","coordinates":[-116.1,55.2]},"properties":{"r":11.66,"w":4,"o":64}},{"type":"Feature","geometry":{"type":"Point","coordinates":[-115.0,55.2]},"properties":{"r":4.57,"w":2,"o":160}},{"type":"Feature","geometry":{"type":"Point","coordinates":[-114.6,55.2]},"properties":{"r":7.63,"w":3,"o":73}},{"type":"Feature","geometry":{"type":"Point","coordinates":[-114.1,55.2]},"properties":{"r":0.23,"w":1,"o":67}},{"type":"Feature","geometry":{"type":"Point","coordinates":[-119.9,55.3]},"properties":{"r":2.75,"w":1,"o":32}},{"type":"Feature","geometry":{"type":"Point","coordinates":[-119.8,55.3]},"properties":{"r":10.06,"w":4,"o":32}},{"type":"Feature","geometry":{"type":"Point","coordinates":[-119.7,55.3]},"properties":{"r":5.91,"w":3,"o":32}},{"type":"Feature","geometry":{"type":"Point","coordinates":[-119.5,55.3]},"properties":{"r":4.28,"w":1,"o":73}},{"type":"Feature","geometry":{"type":"Point","coordinates":[-119.4,55.3]},"properties":{"r":14.19,"w":7,"o":73}},{"type":"Feature","geometry":{"type":"Point","coordinates":[-119.3,55.3]},"properties":{"r":6.6,"w":2,"o":306}},{"type":"Feature","geometry":{"type":"Point","coordinates":[-119.2,55.3]},"properties":{"r":23.02,"w":7,"o":67}},{"type":"Feature","geometry":{"type":"Point","coordinates":[-119.1,55.3]},"properties":{"r":10.61,"w":5,"o":67}},{"type":"Feature","geometry":{"type":"Point","coordinates":[-118.9,55.3]},"properties":{"r":11.66,"w":4,"o":67}},{"type":"Feature","geometry":{"type":"Point","coordinates":[-118.8,55.3]},"properties":{"r":38.64,"w":16,"o":67}},{"type":"Feature","geometry":{"type":"Point","coordinates":[-118.7,55.3]},"properties":{"r":11.97,"w":5,"o":67}},{"type":"Feature","geometry":{"type":"Point","coordinates":[-118.4,55.3]},"properties":{"r":0.67,"w":1,"o":67}},{"type":"Feature","geometry":{"type":"Point","coordinates":[-114.6,55.3]},"properties":{"r":9.16,"w":3,"o":73}},{"type":"Feature","geometry":{"type":"Point","coordinates":[-114.5,55.3]},"properties":{"r":4.26,"w":1,"o":346}},{"type":"Feature","geometry":{"type":"Point","coordinates":[-119.9,55.4]},"properties":{"r":11.45,"w":3,"o":32}},{"type":"Feature","geometry":{"type":"Point","coordinates":[-119.8,55.4]},"properties":{"r":0.65,"w":1,"o":32}},{"type":"Feature","geometry":{"type":"Point","coordinates":[-119.4,55.4]},"properties":{"r":3.82,"w":1,"o":306}},{"type":"Feature","geometry":{"type":"Point","coordinates":[-119.3,55.4]},"properties":{"r":2.39,"w":2,"o":170}},{"type":"Feature","geometry":{"type":"Point","coordinates":[-119.2,55.4]},"properties":{"r":9.56,"w":4,"o":28}},{"type":"Feature","geometry":{"type":"Point","coordinates":[-119.1,55.4]},"properties":{"r":8.62,"w":4,"o":170}},{"type":"Feature","geometry":{"type":"Point","coordinates":[-119.0,55.4]},"properties":{"r":5.51,"w":2,"o":306}},{"type":"Feature","geometry":{"type":"Point","coordinates":[-118.9,55.4]},"properties":{"r":2.58,"w":1,"o":67}},{"type":"Feature","geometry":{"type":"Point","coordinates":[-118.1,55.4]},"properties":{"r":0.29,"w":2,"o":22}},{"type":"Feature","geometry":{"type":"Point","coordinates":[-114.8,55.4]},"properties":{"r":6.31,"w":2,"o":73}},{"type":"Feature","geometry":{"type":"Point","coordinates":[-114.7,55.4]},"properties":{"r":2.54,"w":1,"o":73}},{"type":"Feature","geometry":{"type":"Point","coordinates":[-119.5,55.5]},"properties":{"r":3.42,"w":1,"o":32}},{"type":"Feature","geometry":{"type":"Point","coordinates":[-119.4,55.5]},"properties":{"r":33.21,"w":13,"o":340}},{"type":"Feature","geometry":{"type":"Point","coordinates":[-119.3,55.5]},"properties":{"r":50.3,"w":18,"o":340}},{"type":"Feature","geometry":{"type":"Point","coordinates":[-119.2,55.5]},"properties":{"r":55.92,"w":21,"o":312}},{"type":"Feature","geometry":{"type":"Point","coordinates":[-119.1,55.5]},"properties":{"r":32.58,"w":12,"o":312}},{"type":"Feature","geometry":{"type":"Point","coordinates":[-118.8,55.5]},"properties":{"r":4.13,"w":4,"o":67}},{"type":"Feature","geometry":{"type":"Point","coordinates":[-117.2,55.5]},"properties":{"r":4.78,"w":1,"o":43}},{"type":"Feature","geometry":{"type":"Point","coordinates":[-117.1,55.5]},"properties":{"r":19.41,"w":10,"o":43}},{"type":"Feature","geometry":{"type":"Point","coordinates":[-117.0,55.5]},"properties":{"r":0.99,"w":2,"o":43}},{"type":"Feature","geometry":{"type":"Point","coordinates":[-114.8,55.5]},"properties":{"r":7.8,"w":2,"o":15}},{"type":"Feature","geometry":{"type":"Point","coordinates":[-119.6,55.6]},"properties":{"r":25.1,"w":9,"o":32}},{"type":"Feature","geometry":{"type":"Point","coordinates":[-119.5,55.6]},"properties":{"r":21.87,"w":16,"o":32}},{"type":"Feature","geometry":{"type":"Point","coordinates":[-119.4,55.6]},"properties":{"r":11.09,"w":3,"o":14}},{"type":"Feature","geometry":{"type":"Point","coordinates":[-119.3,55.6]},"properties":{"r":12.43,"w":7,"o":346}},{"type":"Feature","geometry":{"type":"Point","coordinates":[-119.2,55.6]},"properties":{"r":9.64,"w":5,"o":67}},{"type":"Feature","geometry":{"type":"Point","coordinates":[-119.1,55.6]},"properties":{"r":84.56,"w":28,"o":67}},{"type":"Feature","geometry":{"type":"Point","coordinates":[-119.0,55.6]},"properties":{"r":21.87,"w":8,"o":67}},{"type":"Feature","geometry":{"type":"Point","coordinates":[-118.8,55.6]},"properties":{"r":6.98,"w":2,"o":67}},{"type":"Feature","geometry":{"type":"Point","coordinates":[-117.2,55.6]},"properties":{"r":16.77,"w":9,"o":43}},{"type":"Feature","geometry":{"type":"Point","coordinates":[-117.1,55.6]},"properties":{"r":37.99,"w":21,"o":43}},{"type":"Feature","geometry":{"type":"Point","coordinates":[-117.0,55.6]},"properties":{"r":2.62,"w":1,"o":43}},{"type":"Feature","geometry":{"type":"Point","coordinates":[-115.6,55.6]},"properties":{"r":9.52,"w":2,"o":172}},{"type":"Feature","geometry":{"type":"Point","coordinates":[-115.5,55.6]},"properties":{"r":8.32,"w":2,"o":172}},{"type":"Feature","geometry":{"type":"Point","coordinates":[-115.4,55.6]},"properties":{"r":2.87,"w":1,"o":306}},{"type":"Feature","geometry":{"type":"Point","coordinates":[-115.3,55.6]},"properties":{"r":8.58,"w":2,"o":306}},{"type":"Feature","geometry":{"type":"Point","coordinates":[-115.2,55.6]},"properties":{"r":4.11,"w":1,"o":306}},{"type":"Feature","geometry":{"type":"Point","coordinates":[-115.0,55.6]},"properties":{"r":3.46,"w":1,"o":306}},{"type":"Feature","geometry":{"type":"Point","coordinates":[-114.9,55.6]},"properties":{"r":1.22,"w":2,"o":306}},{"type":"Feature","geometry":{"type":"Point","coordinates":[-114.7,55.6]},"properties":{"r":3.79,"w":1,"o":306}},{"type":"Feature","geometry":{"type":"Point","coordinates":[-114.6,55.6]},"properties":{"r":1.45,"w":1,"o":306}},{"type":"Feature","geometry":{"type":"Point","coordinates":[-119.8,55.7]},"properties":{"r":3.44,"w":1,"o":170}},{"type":"Feature","geometry":{"type":"Point","coordinates":[-119.7,55.7]},"properties":{"r":21.34,"w":9,"o":170}},{"type":"Feature","geometry":{"type":"Point","coordinates":[-119.6,55.7]},"properties":{"r":106.57,"w":40,"o":53}},{"type":"Feature","geometry":{"type":"Point","coordinates":[-119.5,55.7]},"properties":{"r":20.36,"w":6,"o":67}},{"type":"Feature","geometry":{"type":"Point","coordinates":[-119.4,55.7]},"properties":{"r":44.3,"w":15,"o":67}},{"type":"Feature","geometry":{"type":"Point","coordinates":[-119.3,55.7]},"properties":{"r":8.7,"w":3,"o":170}},{"type":"Feature","geometry":{"type":"Point","coordinates":[-119.2,55.7]},"properties":{"r":10.21,"w":3,"o":14}},{"type":"Feature","geometry":{"type":"Point","coordinates":[-119.1,55.7]},"properties":{"r":32.35,"w":12,"o":67}},{"type":"Feature","geometry":{"type":"Point","coordinates":[-119.0,55.7]},"properties":{"r":27.7,"w":16,"o":67}},{"type":"Feature","geometry":{"type":"Point","coordinates":[-118.9,55.7]},"properties":{"r":4.15,"w":1,"o":291}},{"type":"Feature","geometry":{"type":"Point","coordinates":[-118.7,55.7]},"properties":{"r":7.67,"w":2,"o":291}},{"type":"Feature","geometry":{"type":"Point","coordinates":[-117.9,55.7]},"properties":{"r":1.34,"w":2,"o":67}},{"type":"Feature","geometry":{"type":"Point","coordinates":[-117.5,55.7]},"properties":{"r":3.25,"w":1,"o":43}},{"type":"Feature","geometry":{"type":"Point","coordinates":[-117.2,55.7]},"properties":{"r":18.62,"w":6,"o":43}},{"type":"Feature","geometry":{"type":"Point","coordinates":[-115.3,55.7]},"properties":{"r":0.08,"w":1,"o":172}},{"type":"Feature","geometry":{"type":"Point","coordinates":[-115.1,55.7]},"properties":{"r":3.52,"w":1,"o":67}},{"type":"Feature","geometry":{"type":"Point","coordinates":[-119.9,55.8]},"properties":{"r":7.69,"w":2,"o":67}},{"type":"Feature","geometry":{"type":"Point","coordinates":[-119.8,55.8]},"properties":{"r":24.3,"w":9,"o":53}},{"type":"Feature","geometry":{"type":"Point","coordinates":[-119.7,55.8]},"properties":{"r":40.84,"w":13,"o":170}},{"type":"Feature","geometry":{"type":"Point","coordinates":[-119.6,55.8]},"properties":{"r":7.07,"w":4,"o":67}},{"type":"Feature","geometry":{"type":"Point","coordinates":[-119.5,55.8]},"properties":{"r":11.03,"w":3,"o":67}},{"type":"Feature","geometry":{"type":"Point","coordinates":[-119.4,55.8]},"properties":{"r":7.95,"w":2,"o":67}},{"type":"Feature","geometry":{"type":"Point","coordinates":[-119.3,55.8]},"properties":{"r":15.22,"w":7,"o":67}},{"type":"Feature","geometry":{"type":"Point","coordinates":[-119.2,55.8]},"properties":{"r":72.0,"w":23,"o":67}},{"type":"Feature","geometry":{"type":"Point","coordinates":[-119.1,55.8]},"properties":{"r":22.75,"w":9,"o":138}},{"type":"Feature","geometry":{"type":"Point","coordinates":[-119.0,55.8]},"properties":{"r":22.79,"w":9,"o":67}},{"type":"Feature","geometry":{"type":"Point","coordinates":[-118.9,55.8]},"properties":{"r":10.55,"w":3,"o":291}},{"type":"Feature","geometry":{"type":"Point","coordinates":[-117.9,55.8]},"properties":{"r":2.89,"w":1,"o":61}},{"type":"Feature","geometry":{"type":"Point","coordinates":[-117.8,55.8]},"properties":{"r":4.15,"w":2,"o":67}},{"type":"Feature","geometry":{"type":"Point","coordinates":[-117.4,55.8]},"properties":{"r":7.78,"w":3,"o":67}},{"type":"Feature","geometry":{"type":"Point","coordinates":[-117.2,55.8]},"properties":{"r":20.48,"w":10,"o":43}},{"type":"Feature","geometry":{"type":"Point","coordinates":[-117.1,55.8]},"properties":{"r":8.05,"w":2,"o":43}},{"type":"Feature","geometry":{"type":"Point","coordinates":[-115.4,55.8]},"properties":{"r":6.63,"w":2,"o":293}},{"type":"Feature","geometry":{"type":"Point","coordinates":[-115.3,55.8]},"properties":{"r":0.88,"w":1,"o":293}},{"type":"Feature","geometry":{"type":"Point","coordinates":[-115.1,55.8]},"properties":{"r":16.0,"w":5,"o":67}},{"type":"Feature","geometry":{"type":"Point","coordinates":[-119.3,55.9]},"properties":{"r":8.74,"w":2,"o":67}},{"type":"Feature","geometry":{"type":"Point","coordinates":[-119.2,55.9]},"properties":{"r":2.6,"w":2,"o":67}},{"type":"Feature","geometry":{"type":"Point","coordinates":[-119.1,55.9]},"properties":{"r":16.04,"w":5,"o":67}},{"type":"Feature","geometry":{"type":"Point","coordinates":[-117.6,55.9]},"properties":{"r":3.06,"w":1,"o":67}},{"type":"Feature","geometry":{"type":"Point","coordinates":[-117.5,55.9]},"properties":{"r":4.24,"w":2,"o":67}},{"type":"Feature","geometry":{"type":"Point","coordinates":[-117.4,55.9]},"properties":{"r":21.68,"w":9,"o":67}},{"type":"Feature","geometry":{"type":"Point","coordinates":[-115.2,55.9]},"properties":{"r":3.1,"w":1,"o":67}},{"type":"Feature","geometry":{"type":"Point","coordinates":[-115.1,55.9]},"properties":{"r":12.75,"w":4,"o":67}},{"type":"Feature","geometry":{"type":"Point","coordinates":[-120.0,56.0]},"properties":{"r":1.43,"w":1,"o":327}},{"type":"Feature","geometry":{"type":"Point","coordinates":[-119.9,56.0]},"properties":{"r":10.5,"w":3,"o":56}},{"type":"Feature","geometry":{"type":"Point","coordinates":[-119.8,56.0]},"properties":{"r":11.55,"w":3,"o":170}},{"type":"Feature","geometry":{"type":"Point","coordinates":[-119.6,56.0]},"properties":{"r":3.19,"w":1,"o":67}},{"type":"Feature","geometry":{"type":"Point","coordinates":[-119.2,56.0]},"properties":{"r":4.05,"w":1,"o":67}},{"type":"Feature","geometry":{"type":"Point","coordinates":[-119.1,56.0]},"properties":{"r":12.5,"w":4,"o":67}},{"type":"Feature","geometry":{"type":"Point","coordinates":[-119.0,56.0]},"properties":{"r":3.42,"w":2,"o":67}},{"type":"Feature","geometry":{"type":"Point","coordinates":[-117.9,56.0]},"properties":{"r":0.82,"w":1,"o":291}},{"type":"Feature","geometry":{"type":"Point","coordinates":[-117.8,56.0]},"properties":{"r":7.76,"w":4,"o":291}},{"type":"Feature","geometry":{"type":"Point","coordinates":[-117.7,56.0]},"properties":{"r":41.91,"w":14,"o":291}},{"type":"Feature","geometry":{"type":"Point","coordinates":[-117.6,56.0]},"properties":{"r":0.48,"w":1,"o":291}},{"type":"Feature","geometry":{"type":"Point","coordinates":[-115.2,56.0]},"properties":{"r":4.15,"w":2,"o":67}},{"type":"Feature","geometry":{"type":"Point","coordinates":[-120.0,56.1]},"properties":{"r":12.89,"w":5,"o":56}},{"type":"Feature","geometry":{"type":"Point","coordinates":[-119.9,56.1]},"properties":{"r":10.36,"w":7,"o":56}},{"type":"Feature","geometry":{"type":"Point","coordinates":[-119.7,56.1]},"properties":{"r":30.65,"w":14,"o":67}},{"type":"Feature","geometry":{"type":"Point","coordinates":[-119.6,56.1]},"properties":{"r":2.62,"w":2,"o":67}},{"type":"Feature","geometry":{"type":"Point","coordinates":[-119.5,56.1]},"properties":{"r":2.66,"w":2,"o":67}},{"type":"Feature","geometry":{"type":"Point","coordinates":[-119.1,56.1]},"properties":{"r":8.41,"w":5,"o":67}},{"type":"Feature","geometry":{"type":"Point","coordinates":[-119.0,56.1]},"properties":{"r":1.26,"w":1,"o":67}},{"type":"Feature","geometry":{"type":"Point","coordinates":[-115.6,56.1]},"properties":{"r":1.2,"w":1,"o":61}},{"type":"Feature","geometry":{"type":"Point","coordinates":[-119.9,56.2]},"properties":{"r":4.63,"w":1,"o":340}},{"type":"Feature","geometry":{"type":"Point","coordinates":[-119.2,56.2]},"properties":{"r":28.35,"w":10,"o":67}},{"type":"Feature","geometry":{"type":"Point","coordinates":[-119.1,56.2]},"properties":{"r":7.04,"w":3,"o":291}},{"type":"Feature","geometry":{"type":"Point","coordinates":[-119.0,56.2]},"properties":{"r":1.55,"w":2,"o":291}},{"type":"Feature","geometry":{"type":"Point","coordinates":[-117.6,56.2]},"properties":{"r":30.55,"w":9,"o":244}},{"type":"Feature","geometry":{"type":"Point","coordinates":[-117.5,56.2]},"properties":{"r":4.34,"w":1,"o":244}},{"type":"Feature","geometry":{"type":"Point","coordinates":[-120.0,56.3]},"properties":{"r":13.88,"w":5,"o":340}},{"type":"Feature","geometry":{"type":"Point","coordinates":[-119.9,56.3]},"properties":{"r":58.94,"w":20,"o":340}},{"type":"Feature","geometry":{"type":"Point","coordinates":[-119.8,56.3]},"properties":{"r":18.16,"w":5,"o":113}},{"type":"Feature","geometry":{"type":"Point","coordinates":[-119.4,56.3]},"properties":{"r":3.67,"w":1,"o":302}},{"type":"Feature","geometry":{"type":"Point","coordinates":[-119.1,56.3]},"properties":{"r":73.38,"w":23,"o":67}},{"type":"Feature","geometry":{"type":"Point","coordinates":[-119.0,56.3]},"properties":{"r":8.55,"w":3,"o":291}},{"type":"Feature","geometry":{"type":"Point","coordinates":[-115.5,56.3]},"properties":{"r":0.27,"w":1,"o":291}},{"type":"Feature","geometry":{"type":"Point","coordinates":[-115.3,56.3]},"properties":{"r":4.65,"w":1,"o":326}},{"type":"Feature","geometry":{"type":"Point","coordinates":[-120.0,56.4]},"properties":{"r":4.11,"w":1,"o":113}},{"type":"Feature","geometry":{"type":"Point","coordinates":[-119.9,56.4]},"properties":{"r":25.73,"w":10,"o":262}},{"type":"Feature","geometry":{"type":"Point","coordinates":[-119.8,56.4]},"properties":{"r":14.47,"w":5,"o":67}},{"type":"Feature","geometry":{"type":"Point","coordinates":[-117.8,56.4]},"properties":{"r":11.8,"w":3,"o":244}},{"type":"Feature","geometry":{"type":"Point","coordinates":[-117.7,56.4]},"properties":{"r":46.21,"w":13,"o":244}},{"type":"Feature","geometry":{"type":"Point","coordinates":[-115.9,56.4]},"properties":{"r":2.7,"w":1,"o":291}},{"type":"Feature","geometry":{"type":"Point","coordinates":[-115.4,56.4]},"properties":{"r":4.44,"w":3,"o":291}},{"type":"Feature","geometry":{"type":"Point","coordinates":[-115.3,56.4]},"properties":{"r":1.8,"w":1,"o":73}},{"type":"Feature","geometry":{"type":"Point","coordinates":[-120.0,56.5]},"properties":{"r":6.77,"w":2,"o":113}},{"type":"Feature","geometry":{"type":"Point","coordinates":[-119.4,56.5]},"properties":{"r":25.89,"w":7,"o":113}},{"type":"Feature","geometry":{"type":"Point","coordinates":[-119.3,56.5]},"properties":{"r":36.86,"w":11,"o":113}},{"type":"Feature","geometry":{"type":"Point","coordinates":[-118.1,56.5]},"properties":{"r":11.99,"w":3,"o":105}},{"type":"Feature","geometry":{"type":"Point","coordinates":[-118.0,56.5]},"properties":{"r":24.74,"w":8,"o":105}},{"type":"Feature","geometry":{"type":"Point","coordinates":[-117.9,56.5]},"properties":{"r":59.25,"w":18,"o":105}},{"type":"Feature","geometry":{"type":"Point","coordinates":[-116.2,56.5]},"properties":{"r":1.61,"w":1,"o":291}},{"type":"Feature","geometry":{"type":"Point","coordinates":[-115.9,56.5]},"properties":{"r":4.72,"w":2,"o":326}},{"type":"Feature","geometry":{"type":"Point","coordinates":[-115.8,56.5]},"properties":{"r":5.91,"w":4,"o":326}},{"type":"Feature","geometry":{"type":"Point","coordinates":[-115.7,56.5]},"properties":{"r":83.78,"w":37,"o":326}},{"type":"Feature","geometry":{"type":"Point","coordinates":[-115.6,56.5]},"properties":{"r":46.17,"w":17,"o":291}},{"type":"Feature","geometry":{"type":"Point","coordinates":[-115.4,56.5]},"properties":{"r":83.24,"w":28,"o":291}},{"type":"Feature","geometry":{"type":"Point","coordinates":[-115.3,56.5]},"properties":{"r":27.74,"w":9,"o":326}},{"type":"Feature","geometry":{"type":"Point","coordinates":[-115.2,56.5]},"properties":{"r":11.26,"w":5,"o":247}},{"type":"Feature","geometry":{"type":"Point","coordinates":[-115.1,56.5]},"properties":{"r":20.38,"w":7,"o":301}},{"type":"Feature","geometry":{"type":"Point","coordinates":[-115.0,56.5]},"properties":{"r":7.42,"w":3,"o":67}},{"type":"Feature","geometry":{"type":"Point","coordinates":[-119.6,56.6]},"properties":{"r":7.11,"w":2,"o":113}},{"type":"Feature","geometry":{"type":"Point","coordinates":[-119.5,56.6]},"properties":{"r":60.47,"w":20,"o":113}},{"type":"Feature","geometry":{"type":"Point","coordinates":[-119.4,56.6]},"properties":{"r":131.25,"w":44,"o":113}},{"type":"Feature","geometry":{"type":"Point","coordinates":[-119.1,56.6]},"properties":{"r":2.08,"w":2,"o":67}},{"type":"Feature","geometry":{"type":"Point","coordinates":[-119.0,56.6]},"properties":{"r":13.08,"w":5,"o":67}},{"type":"Feature","geometry":{"type":"Point","coordinates":[-115.9,56.6]},"properties":{"r":14.7,"w":4,"o":326}},{"type":"Feature","geometry":{"type":"Point","coordinates":[-115.8,56.6]},"properties":{"r":128.61,"w":52,"o":326}},{"type":"Feature","geometry":{"type":"Point","coordinates":[-115.7,56.6]},"properties":{"r":52.65,"w":22,"o":301}},{"type":"Feature","geometry":{"type":"Point","coordinates":[-115.6,56.6]},"properties":{"r":7.42,"w":3,"o":326}},{"type":"Feature","geometry":{"type":"Point","coordinates":[-115.4,56.6]},"properties":{"r":6.0,"w":2,"o":291}},{"type":"Feature","geometry":{"type":"Point","coordinates":[-115.3,56.6]},"properties":{"r":26.69,"w":9,"o":301}},{"type":"Feature","geometry":{"type":"Point","coordinates":[-115.2,56.6]},"properties":{"r":10.23,"w":4,"o":301}},{"type":"Feature","geometry":{"type":"Point","coordinates":[-115.1,56.6]},"properties":{"r":5.51,"w":2,"o":67}},{"type":"Feature","geometry":{"type":"Point","coordinates":[-115.0,56.6]},"properties":{"r":5.72,"w":2,"o":67}},{"type":"Feature","geometry":{"type":"Point","coordinates":[-119.4,56.7]},"properties":{"r":3.75,"w":1,"o":113}},{"type":"Feature","geometry":{"type":"Point","coordinates":[-119.0,56.7]},"properties":{"r":2.29,"w":1,"o":22}},{"type":"Feature","geometry":{"type":"Point","coordinates":[-118.9,56.7]},"properties":{"r":3.82,"w":2,"o":22}},{"type":"Feature","geometry":{"type":"Point","coordinates":[-115.9,56.7]},"properties":{"r":2.49,"w":1,"o":326}},{"type":"Feature","geometry":{"type":"Point","coordinates":[-115.8,56.7]},"properties":{"r":13.63,"w":5,"o":301}},{"type":"Feature","geometry":{"type":"Point","coordinates":[-115.7,56.7]},"properties":{"r":20.3,"w":5,"o":301}},{"type":"Feature","geometry":{"type":"Point","coordinates":[-115.3,56.7]},"properties":{"r":32.64,"w":12,"o":301}},{"type":"Feature","geometry":{"type":"Point","coordinates":[-115.2,56.7]},"properties":{"r":21.95,"w":7,"o":301}},{"type":"Feature","geometry":{"type":"Point","coordinates":[-115.9,56.8]},"properties":{"r":3.0,"w":1,"o":301}},{"type":"Feature","geometry":{"type":"Point","coordinates":[-115.5,56.8]},"properties":{"r":6.9,"w":3,"o":67}},{"type":"Feature","geometry":{"type":"Point","coordinates":[-115.3,56.8]},"properties":{"r":9.27,"w":3,"o":301}},{"type":"Feature","geometry":{"type":"Point","coordinates":[-114.8,56.8]},"properties":{"r":7.4,"w":3,"o":81}},{"type":"Feature","geometry":{"type":"Point","coordinates":[-116.0,56.9]},"properties":{"r":11.13,"w":4,"o":193}},{"type":"Feature","geometry":{"type":"Point","coordinates":[-115.9,56.9]},"properties":{"r":38.66,"w":9,"o":301}},{"type":"Feature","geometry":{"type":"Point","coordinates":[-115.5,56.9]},"properties":{"r":3.54,"w":1,"o":67}},{"type":"Feature","geometry":{"type":"Point","coordinates":[-116.0,57.0]},"properties":{"r":2.47,"w":1,"o":301}},{"type":"Feature","geometry":{"type":"Point","coordinates":[-115.9,57.0]},"properties":{"r":3.67,"w":1,"o":301}},{"type":"Feature","geometry":{"type":"Point","coordinates":[-119.6,57.3]},"properties":{"r":2.66,"w":1,"o":67}},{"type":"Feature","geometry":{"type":"Point","coordinates":[-119.4,57.4]},"properties":{"r":4.26,"w":1,"o":67}},{"type":"Feature","geometry":{"type":"Point","coordinates":[-119.3,58.4]},"properties":{"r":4.53,"w":2,"o":75}},{"type":"Feature","geometry":{"type":"Point","coordinates":[-119.2,58.4]},"properties":{"r":10.71,"w":7,"o":75}},{"type":"Feature","geometry":{"type":"Point","coordinates":[-119.1,58.4]},"properties":{"r":0.02,"w":1,"o":75}},{"type":"Feature","geometry":{"type":"Point","coordinates":[-119.3,58.5]},"properties":{"r":6.54,"w":2,"o":75}},{"type":"Feature","geometry":{"type":"Point","coordinates":[-119.2,58.5]},"properties":{"r":4.42,"w":4,"o":75}},{"type":"Feature","geometry":{"type":"Point","coordinates":[-119.1,58.5]},"properties":{"r":4.38,"w":1,"o":75}},{"type":"Feature","geometry":{"type":"Point","coordinates":[-118.7,58.5]},"properties":{"r":4.32,"w":1,"o":321}},{"type":"Feature","geometry":{"type":"Point","coordinates":[-119.1,58.6]},"properties":{"r":2.73,"w":1,"o":75}},{"type":"Feature","geometry":{"type":"Point","coordinates":[-119.0,58.6]},"properties":{"r":0.25,"w":4,"o":75}},{"type":"Feature","geometry":{"type":"Point","coordinates":[-118.8,58.6]},"properties":{"r":0.13,"w":1,"o":75}},{"type":"Feature","geometry":{"type":"Point","coordinates":[-118.9,58.7]},"properties":{"r":2.62,"w":1,"o":321}}]}