{"type":"FeatureCollection","features":[{"type":"Feature","geometry":{"type":"Point","coordinates":[-118.60564,54.41778]},"properties":{"r":18.89,"o":27,"n":"7GEN HZ KAKWA 1-1-63-5","u":"00/01-01-063-05W6/0","f":7917,"y":2019,"d":6264}},{"type":"Feature","geometry":{"type":"Point","coordinates":[-118.48119,54.50505]},"properties":{"r":10.67,"o":27,"n":"7GEN HZ KARR 1-2-64-4","u":"00/01-02-064-04W6/0","f":7756,"y":2013,"d":4440}},{"type":"Feature","geometry":{"type":"Point","coordinates":[-118.63334,54.59005]},"properties":{"r":78.77,"o":27,"n":"ARC RESOURCES HZ KARR 1-2-65-5","u":"00/01-02-065-05W6/0","f":7756,"y":2023,"d":6853}},{"type":"Feature","geometry":{"type":"Point","coordinates":[-114.50063,51.79656]},"properties":{"r":44.87,"o":340,"n":"WHITECAP HZ HARME 1-4-33-4","u":"00/01-04-033-04W5/2","f":10955,"y":2026,"d":5762}},{"type":"Feature","geometry":{"type":"Point","coordinates":[-116.64917,54.50285]},"properties":{"r":62.98,"o":228,"n":"PARA HZ KAYBOB 1-4-64-18","u":"00/01-04-064-18W5/0","f":9614,"y":2024,"d":7445}},{"type":"Feature","geometry":{"type":"Point","coordinates":[-118.25197,54.32703]},"properties":{"r":61.47,"o":27,"n":"ARC RESOURCES LATOR 1-5-62-2","u":"00/01-05-062-02W6/0","f":5933,"y":2017,"d":6352}},{"type":"Feature","geometry":{"type":"Point","coordinates":[-114.70347,52.75833]},"properties":{"r":8.24,"o":234,"n":"PCC PEMBINA 16-1-44-6","u":"00/01-06-044-05W5/2","f":4994,"y":2013,"d":5190}},{"type":"Feature","geometry":{"type":"Point","coordinates":[-115.42098,52.33466]},"properties":{"r":36.88,"o":348,"n":"YANGARRA HZ PHOENIX 1-7-39-10","u":"00/01-07-039-10W5/0","f":8458,"y":2025,"d":5992}},{"type":"Feature","geometry":{"type":"Point","coordinates":[-114.82,52.33481]},"properties":{"r":94.24,"o":315,"n":"TOURMALINE HZ WILLGR 1-8-39-6","u":"00/01-08-039-06W5/0","f":8221,"y":2026,"d":5605}},{"type":"Feature","geometry":{"type":"Point","coordinates":[-118.55611,54.5175]},"properties":{"r":14.42,"o":27,"n":"7GEN HZ KAKWA 1-8-64-4","u":"00/01-08-064-04W6/0","f":7756,"y":2013,"d":4800}},{"type":"Feature","geometry":{"type":"Point","coordinates":[-114.4308,51.81099]},"properties":{"r":138.19,"o":340,"n":"WHITECAP HZ GARR 1-12-33-4","u":"00/01-12-033-04W5/0","f":10427,"y":2025,"d":5800}},{"type":"Feature","geometry":{"type":"Point","coordinates":[-118.60976,54.51932]},"properties":{"r":31.78,"o":27,"n":"7GEN HZ KAKWA 1-12-64-5","u":"00/01-12-064-05W6/0","f":7756,"y":2014,"d":6136}},{"type":"Feature","geometry":{"type":"Point","coordinates":[-118.47832,54.35747]},"properties":{"r":22.69,"o":27,"n":"ARC RESOURCES HZ KAKWA 1-14-62-4","u":"00/01-14-062-04W6/2","f":7860,"y":2023,"d":6763}},{"type":"Feature","geometry":{"type":"Point","coordinates":[-117.25687,54.27189]},"properties":{"r":14.53,"o":67,"n":"RIO ALTO ET AL BIGSTONE 1-17-61-22  ","u":"00/01-17-061-22W5/0","f":1811,"y":1994,"d":2570}},{"type":"Feature","geometry":{"type":"Point","coordinates":[-118.42914,54.45945]},"properties":{"r":62.25,"o":27,"n":"7GEN HZ KARR 1-19-63-3","u":"00/01-19-063-03W6/0","f":7756,"y":2018,"d":6465}},{"type":"Feature","geometry":{"type":"Point","coordinates":[-118.85917,54.54694]},"properties":{"r":7.28,"o":27,"n":"HARVEST ENERGY KAKWA 1-20-64-6","u":"00/01-20-064-06W6/0","f":5877,"y":2018,"d":4709}},{"type":"Feature","geometry":{"type":"Point","coordinates":[-119.65789,55.59388]},"properties":{"r":7.4,"o":69,"n":"Canlin PCOUPES 1-20-76-11","u":"00/01-20-076-11W6/0","f":6485,"y":2015,"d":4273}},{"type":"Feature","geometry":{"type":"Point","coordinates":[-116.75714,54.02333]},"properties":{"r":10.55,"o":228,"n":"ACL HZ KAYBOBS 1-21-58-19","u":"00/01-21-058-19W5/0","f":9517,"y":2012,"d":4348}},{"type":"Feature","geometry":{"type":"Point","coordinates":[-113.34384,52.01526]},"properties":{"r":6.67,"o":238,"n":"G&W ET AL HUXLEY 1-22-35-24         ","u":"00/01-22-035-24W4/0","f":8173,"y":1989,"d":1730}},{"type":"Feature","geometry":{"type":"Point","coordinates":[-116.45673,54.28652]},"properties":{"r":13.59,"o":339,"n":"CPEC FC176A FOXCK 1-22-61-17","u":"00/01-22-061-17W5/0","f":6684,"y":2015,"d":4947}},{"type":"Feature","geometry":{"type":"Point","coordinates":[-118.80762,54.46061]},"properties":{"r":116.49,"o":27,"n":"ARC RESOURCES HZ KAKWA 1-22-63-6","u":"00/01-22-063-06W6/0","f":7756,"y":2025,"d":6730}},{"type":"Feature","geometry":{"type":"Point","coordinates":[-118.65685,54.54837]},"properties":{"r":68.2,"o":27,"n":"7GEN HZ KAKWA 1-22-64-5","u":"00/01-22-064-05W6/0","f":7756,"y":2020,"d":6686}},{"type":"Feature","geometry":{"type":"Point","coordinates":[-118.6322,54.45989]},"properties":{"r":5.89,"o":27,"n":"7GEN HZ KAKWA 1-23-63-5","u":"00/01-23-063-05W6/0","f":7917,"y":2013,"d":4674}},{"type":"Feature","geometry":{"type":"Point","coordinates":[-118.60648,54.54621]},"properties":{"r":302.56,"o":340,"n":"WCP HZ KAKWA 1-24-64-5","u":"00/01-24-064-05W6/0","f":9779,"y":2023,"d":6592}},{"type":"Feature","geometry":{"type":"Point","coordinates":[-114.86798,52.46651]},"properties":{"r":10.86,"o":315,"n":"BEC HZ WILLGR 1-25-40-7","u":"00/01-25-040-07W5/0","f":6960,"y":2017,"d":5543}},{"type":"Feature","geometry":{"type":"Point","coordinates":[-118.45366,54.38656]},"properties":{"r":5.51,"o":27,"n":"ARC RESOURCES HZ KAKWA 1-25-62-4","u":"00/01-25-062-04W6/0","f":7860,"y":2022,"d":6314}},{"type":"Feature","geometry":{"type":"Point","coordinates":[-118.78265,54.47596]},"properties":{"r":48.83,"o":27,"n":"ARC RESOURCES HZ KAKWA 1-26-63-6","u":"00/01-26-063-06W6/0","f":7756,"y":2022,"d":7048}},{"type":"Feature","geometry":{"type":"Point","coordinates":[-115.05285,52.20362]},"properties":{"r":47.38,"o":235,"n":"PETRUS HZ FERRIER 1-27-37-8","u":"00/01-27-037-08W5/0","f":10792,"y":2025,"d":5830}},{"type":"Feature","geometry":{"type":"Point","coordinates":[-116.4544,54.38671]},"properties":{"r":34.11,"o":339,"n":"CPEC KAYBOB 1-27-62-17","u":"00/01-27-062-17W5/0","f":5552,"y":2014,"d":5335}},{"type":"Feature","geometry":{"type":"Point","coordinates":[-118.65672,54.56062]},"properties":{"r":89.63,"o":27,"n":"ARC RESOURCES HZ KAKWA 1-27-64-5","u":"00/01-27-064-05W6/0","f":7756,"y":2021,"d":6297}},{"type":"Feature","geometry":{"type":"Point","coordinates":[-118.68438,54.5605]},"properties":{"r":27.42,"o":27,"n":"7GEN HZ KAKWA 1-28-64-5","u":"00/01-28-064-05W6/0","f":7756,"y":2012,"d":4945}},{"type":"Feature","geometry":{"type":"Point","coordinates":[-118.42988,54.38616]},"properties":{"r":323.63,"o":27,"n":"ARC RESOURCES HZ LATOR 1-30-62-3","u":"00/01-30-062-03W6/0","f":7860,"y":2024,"d":6852}},{"type":"Feature","geometry":{"type":"Point","coordinates":[-118.58388,54.56076]},"properties":{"r":171.54,"o":27,"n":"ARC RESOURCES HZ KAKWA 1-30-64-4","u":"00/01-30-064-04W6/0","f":7756,"y":2023,"d":6730}},{"type":"Feature","geometry":{"type":"Point","coordinates":[-118.42703,54.40172]},"properties":{"r":484.5,"o":27,"n":"ARC RESOURCES HZ LATOR 1-31-62-3","u":"00/01-31-062-03W6/0","f":7860,"y":2024,"d":7291}},{"type":"Feature","geometry":{"type":"Point","coordinates":[-116.62764,54.40191]},"properties":{"r":146.95,"o":339,"n":"CPEC HZ FC807A FOXCK 1-33-62-18","u":"00/01-33-062-18W5/0","f":6041,"y":2023,"d":7885}},{"type":"Feature","geometry":{"type":"Point","coordinates":[-117.35293,54.31316]},"properties":{"r":14.38,"o":90,"n":"CYGNET ENERGY GRIZZLY 1-34-61-23","u":"00/01-34-061-23W5/0","f":6860,"y":2023,"d":6695}},{"type":"Feature","geometry":{"type":"Point","coordinates":[-118.50633,54.48798]},"properties":{"r":14.51,"o":27,"n":"7GEN HZ KARR 1-34-63-4","u":"00/01-34-063-04W6/2","f":7756,"y":2013,"d":5008}},{"type":"Feature","geometry":{"type":"Point","coordinates":[-118.6057,54.48824]},"properties":{"r":12.12,"o":27,"n":"7GEN HZ KAKWA 1-36-63-5","u":"00/01-36-063-05W6/0","f":7756,"y":2013,"d":5381}},{"type":"Feature","geometry":{"type":"Point","coordinates":[-116.43,54.5026]},"properties":{"r":793.35,"o":198,"n":"MURPHY 7-15E TWOCK 2-1-64-17","u":"00/02-01-064-17W5/0","f":7970,"y":2025,"d":7847}},{"type":"Feature","geometry":{"type":"Point","coordinates":[-118.6166,54.58999]},"properties":{"r":139.82,"o":27,"n":"ARC RESOURCES HZ KARR 2-1-65-5","u":"00/02-01-065-05W6/0","f":7756,"y":2023,"d":6067}},{"type":"Feature","geometry":{"type":"Point","coordinates":[-118.64068,54.59]},"properties":{"r":138.82,"o":27,"n":"ARC RESOURCES HZ KARR 2-2-65-5","u":"00/02-02-065-05W6/0","f":7756,"y":2023,"d":6613}},{"type":"Feature","geometry":{"type":"Point","coordinates":[-118.81597,54.50284]},"properties":{"r":37.36,"o":27,"n":"7GEN HZ KAKWA 2-3-64-6","u":"00/02-03-064-06W6/0","f":7756,"y":2019,"d":5860}},{"type":"Feature","geometry":{"type":"Point","coordinates":[-116.37727,54.50394]},"properties":{"r":248.2,"o":34,"n":"ATHABASCA TWOCK 2-5-64-16","u":"00/02-05-064-16W5/0","f":10628,"y":2024,"d":7077}},{"type":"Feature","geometry":{"type":"Point","coordinates":[-116.53374,54.50355]},"properties":{"r":191.61,"o":228,"n":"PARA HZ KAYBOB 2-5-64-17","u":"00/02-05-064-17W5/0","f":9614,"y":2023,"d":7397}},{"type":"Feature","geometry":{"type":"Point","coordinates":[-116.68328,54.5028]},"properties":{"r":52.1,"o":228,"n":"PARA HZ KAYBOB 2-5-64-18","u":"00/02-05-064-18W5/0","f":9614,"y":2024,"d":6391}},{"type":"Feature","geometry":{"type":"Point","coordinates":[-116.03247,53.12312]},"properties":{"r":6.06,"o":75,"n":"VEI BRAZR 2-7-48-14","u":"00/02-07-048-14W5/0","f":3947,"y":2007,"d":3043}},{"type":"Feature","geometry":{"type":"Point","coordinates":[-118.81231,54.51766]},"properties":{"r":25.79,"o":27,"n":"7GEN HZ KAKWA 2-10-64-6","u":"00/02-10-064-06W6/0","f":7756,"y":2017,"d":5754}},{"type":"Feature","geometry":{"type":"Point","coordinates":[-118.63886,54.60448]},"properties":{"r":64.74,"o":27,"n":"7GEN HZ KARR 2-11-65-5","u":"00/02-11-065-05W6/0","f":7756,"y":2019,"d":5620}},{"type":"Feature","geometry":{"type":"Point","coordinates":[-118.61397,54.43095]},"properties":{"r":23.42,"o":27,"n":"7GEN HZ KAKWA 2-12-63-5","u":"00/02-12-063-05W6/0","f":7917,"y":2017,"d":5455}},{"type":"Feature","geometry":{"type":"Point","coordinates":[-118.61293,54.53143]},"properties":{"r":13.48,"o":27,"n":"7GEN HZ KAKWA 2-13-64-5","u":"00/02-13-064-05W6/0","f":7756,"y":2015,"d":6157}},{"type":"Feature","geometry":{"type":"Point","coordinates":[-112.57135,51.39006]},"properties":{"r":9.94,"o":67,"n":"EOG DRUMHELLER 2-14-28-19","u":"00/02-14-028-19W4/0","f":7991,"y":1998,"d":1252}},{"type":"Feature","geometry":{"type":"Point","coordinates":[-113.68596,49.02983]},"properties":{"r":19.02,"o":185,"n":"LOYAL ENERGY LOOKOUT 2-16-1-28","u":"00/02-16-001-28W4/2","f":11438,"y":2003,"d":3853}},{"type":"Feature","geometry":{"type":"Point","coordinates":[-115.40115,52.35157]},"properties":{"r":9.35,"o":348,"n":"SANSUM HZ PHOENIX 2-17-39-10","u":"00/02-17-039-10W5/0","f":8458,"y":2020,"d":4400}},{"type":"Feature","geometry":{"type":"Point","coordinates":[-118.56428,54.44486]},"properties":{"r":11.17,"o":27,"n":"7GEN HZ KAKWA 2-17-63-4","u":"00/02-17-063-04W6/0","f":7917,"y":2013,"d":4880}},{"type":"Feature","geometry":{"type":"Point","coordinates":[-119.83539,55.84136]},"properties":{"r":10.59,"o":67,"n":"TRIOIL HZ PCOUPE 2-17-79-12","u":"00/02-17-079-12W6/0","f":5874,"y":2014,"d":3702}},{"type":"Feature","geometry":{"type":"Point","coordinates":[-114.55214,51.82562]},"properties":{"r":173.14,"o":340,"n":"WHITECAP HZ CAROL 2-18-33-4","u":"00/02-18-033-04W5/0","f":10744,"y":2025,"d":5667}},{"type":"Feature","geometry":{"type":"Point","coordinates":[-118.5866,54.61943]},"properties":{"r":10.42,"o":27,"n":"7GEN HZ KARR 2-18-65-4","u":"00/02-18-065-04W6/0","f":7756,"y":2014,"d":4496}},{"type":"Feature","geometry":{"type":"Point","coordinates":[-119.6625,55.68068]},"properties":{"r":6.83,"o":158,"n":"INSIGNIA ENERGY PCOUPES 2-20-77-11","u":"00/02-20-077-11W6/0","f":4895,"y":2023,"d":3881}},{"type":"Feature","geometry":{"type":"Point","coordinates":[-118.69077,54.45813]},"properties":{"r":21.45,"o":27,"n":"7GEN HZ KAKWA 2-21-63-5","u":"00/02-21-063-05W6/0","f":7917,"y":2016,"d":5689}},{"type":"Feature","geometry":{"type":"Point","coordinates":[-118.6911,54.54639]},"properties":{"r":30.84,"o":27,"n":"7GEN HZ KAKWA 2-21-64-5","u":"00/02-21-064-05W6/0","f":7756,"y":2016,"d":6064}},{"type":"Feature","geometry":{"type":"Point","coordinates":[-119.63658,55.6806]},"properties":{"r":19.16,"o":158,"n":"INSIGNIA ENERGY PCOUPES 2-21-77-11","u":"00/02-21-077-11W6/0","f":4895,"y":2024,"d":3775}},{"type":"Feature","geometry":{"type":"Point","coordinates":[-118.64047,54.54626]},"properties":{"r":315.62,"o":340,"n":"WCP HZ KAKWA 2-23-64-5","u":"00/02-23-064-05W6/0","f":9779,"y":2024,"d":6305}},{"type":"Feature","geometry":{"type":"Point","coordinates":[-118.461,54.38641]},"properties":{"r":14.38,"o":27,"n":"ARC RESOURCES HZ KAKWA 2-25-62-4","u":"00/02-25-062-04W6/0","f":7860,"y":2022,"d":6071}},{"type":"Feature","geometry":{"type":"Point","coordinates":[-117.15914,54.38648]},"properties":{"r":15.81,"o":340,"n":"XTO HZ WAHIGAN 2-25-62-22","u":"00/02-25-062-22W5/0","f":5848,"y":2014,"d":4728}},{"type":"Feature","geometry":{"type":"Point","coordinates":[-118.78783,54.47376]},"properties":{"r":44.28,"o":27,"n":"ARC RESOURCES HZ KAKWA 2-26-63-6","u":"00/02-26-063-06W6/0","f":7756,"y":2022,"d":6933}},{"type":"Feature","geometry":{"type":"Point","coordinates":[-115.05889,52.2036]},"properties":{"r":72.48,"o":235,"n":"PETRUS HZ FERRIER 2-27-37-8","u":"00/02-27-037-08W5/0","f":10792,"y":2025,"d":5551}},{"type":"Feature","geometry":{"type":"Point","coordinates":[-118.51459,54.47284]},"properties":{"r":11.74,"o":27,"n":"7GEN HZ KAKWA 2-27-63-4","u":"00/02-27-063-04W6/0","f":6212,"y":2014,"d":4551}},{"type":"Feature","geometry":{"type":"Point","coordinates":[-118.43699,54.38664]},"properties":{"r":365.81,"o":27,"n":"ARC RESOURCES HZ LATOR 2-30-62-3","u":"00/02-30-062-03W6/0","f":7860,"y":2024,"d":6662}},{"type":"Feature","geometry":{"type":"Point","coordinates":[-118.43991,54.49029]},"properties":{"r":123.57,"o":27,"n":"ARC RESOURCES HZ KARR 2-31-63-3","u":"00/02-31-063-03W6/0","f":7756,"y":2023,"d":6002}},{"type":"Feature","geometry":{"type":"Point","coordinates":[-118.58618,54.48776]},"properties":{"r":16.08,"o":27,"n":"7GEN HZ KAKWA 2-31-63-4","u":"00/02-31-063-04W6/0","f":7756,"y":2014,"d":6400}},{"type":"Feature","geometry":{"type":"Point","coordinates":[-118.73999,54.48902]},"properties":{"r":47.84,"o":27,"n":"7GEN HZ KAKWA 2-31-63-5","u":"00/02-31-063-05W6/0","f":7756,"y":2017,"d":6130}},{"type":"Feature","geometry":{"type":"Point","coordinates":[-117.35918,54.31315]},"properties":{"r":24.97,"o":90,"n":"CYGNET ENERGY GRIZZLY 2-34-61-23","u":"00/02-34-061-23W5/0","f":6860,"y":2023,"d":6638}},{"type":"Feature","geometry":{"type":"Point","coordinates":[-116.08284,53.17971]},"properties":{"r":6.23,"o":54,"n":"BITSTONE PECO 2-35-48-15","u":"00/02-35-048-15W5/0","f":4756,"y":2013,"d":2986}},{"type":"Feature","geometry":{"type":"Point","coordinates":[-118.62214,54.59004]},"properties":{"r":144.62,"o":27,"n":"ARC RESOURCES HZ KARR 3-1-65-5","u":"00/03-01-065-05W6/0","f":7756,"y":2023,"d":6078}},{"type":"Feature","geometry":{"type":"Point","coordinates":[-118.51642,54.41506]},"properties":{"r":9.9,"o":27,"n":"ARC RESOURCES HZ KAKWA 3-3-63-4","u":"00/03-03-063-04W6/0","f":7860,"y":2022,"d":5102}},{"type":"Feature","geometry":{"type":"Point","coordinates":[-118.5463,54.50503]},"properties":{"r":21.59,"o":27,"n":"7GEN HZ KAKWA 3-4-64-4","u":"00/03-04-064-04W6/0","f":7756,"y":2015,"d":6138}},{"type":"Feature","geometry":{"type":"Point","coordinates":[-116.36388,54.50249]},"properties":{"r":375.46,"o":34,"n":"ATHABASCA TWOCK 3-4-64-16","u":"00/03-04-064-16W5/0","f":10628,"y":2024,"d":7247}},{"type":"Feature","geometry":{"type":"Point","coordinates":[-116.66298,54.50278]},"properties":{"r":41.16,"o":228,"n":"PARA HZ KAYBOB 3-4-64-18","u":"00/03-04-064-18W5/0","f":9614,"y":2024,"d":7135}},{"type":"Feature","geometry":{"type":"Point","coordinates":[-118.42051,54.50459]},"properties":{"r":11.78,"o":27,"n":"7GEN HZ 102 KARR 14-6-64-3","u":"00/03-05-064-03W6/3","f":7756,"y":2013,"d":4715}},{"type":"Feature","geometry":{"type":"Point","coordinates":[-118.74622,54.50525]},"properties":{"r":66.34,"o":27,"n":"7GEN KAKWA 3-6-64-5","u":"00/03-06-064-05W6/0","f":7756,"y":2018,"d":6099}},{"type":"Feature","geometry":{"type":"Point","coordinates":[-119.69521,55.56434]},"properties":{"r":7.55,"o":158,"n":"INSIGNIAENERGY HZ PCOUPES 3-7-76-11","u":"00/03-07-076-11W6/0","f":3576,"y":2021,"d":4937}},{"type":"Feature","geometry":{"type":"Point","coordinates":[-118.72316,54.51756]},"properties":{"r":6.71,"o":27,"n":"7GEN HZ KAKWA 3-8-64-5","u":"00/03-08-064-05W6/0","f":7756,"y":2015,"d":6150}},{"type":"Feature","geometry":{"type":"Point","coordinates":[-118.54744,54.51652]},"properties":{"r":43.38,"o":27,"n":"7GEN HZ KAKWA 3-9-64-4","u":"00/03-09-064-04W6/0","f":7917,"y":2016,"d":5679}},{"type":"Feature","geometry":{"type":"Point","coordinates":[-114.92626,52.51037]},"properties":{"r":17.55,"o":228,"n":"PARA WILLGR 3-10-41-7","u":"00/03-10-041-07W5/0","f":7588,"y":2018,"d":6400}},{"type":"Feature","geometry":{"type":"Point","coordinates":[-118.51465,54.34235]},"properties":{"r":5.85,"o":27,"n":"ARC RESOURCES HZ KAKWA 3-10-62-4","u":"00/03-10-062-04W6/0","f":7860,"y":2023,"d":7730}},{"type":"Feature","geometry":{"type":"Point","coordinates":[-116.44477,54.2569]},"properties":{"r":50.91,"o":339,"n":"CPEC FC221A CHICKDEE 3-11-61-17","u":"00/03-11-061-17W5/0","f":6909,"y":2017,"d":5868}},{"type":"Feature","geometry":{"type":"Point","coordinates":[-118.6223,54.44673]},"properties":{"r":21.49,"o":27,"n":"7GEN HZ KAKWA 3-13-63-5","u":"00/03-13-063-05W6/0","f":7917,"y":2017,"d":5835}},{"type":"Feature","geometry":{"type":"Point","coordinates":[-119.74062,55.84257]},"properties":{"r":8.13,"o":53,"n":"BIR 5-7 HZ GORD 3-13-79-12","u":"00/03-13-079-12W6/0","f":6569,"y":2016,"d":4044}},{"type":"Feature","geometry":{"type":"Point","coordinates":[-118.49235,54.53146]},"properties":{"r":26.25,"o":27,"n":"7GEN HZ KARR 3-14-64-4","u":"00/03-14-064-04W6/0","f":7756,"y":2018,"d":5324}},{"type":"Feature","geometry":{"type":"Point","coordinates":[-117.39031,54.35775]},"properties":{"r":22.83,"o":90,"n":"MURPHY 16-3A WAHIGAN 3-16-62-23","u":"00/03-16-062-23W5/0","f":6860,"y":2017,"d":6768}},{"type":"Feature","geometry":{"type":"Point","coordinates":[-117.41574,54.18299]},"properties":{"r":8.16,"o":90,"n":"ATH HZ PLACID 3-17-60-23","u":"00/03-17-060-23W5/0","f":6860,"y":2015,"d":5840}},{"type":"Feature","geometry":{"type":"Point","coordinates":[-118.56731,54.44485]},"properties":{"r":8.72,"o":27,"n":"7GEN HZ KAKWA 3-17-63-4","u":"00/03-17-063-04W6/0","f":7917,"y":2013,"d":4770}},{"type":"Feature","geometry":{"type":"Point","coordinates":[-118.7177,54.53151]},"properties":{"r":47.61,"o":27,"n":"ARC RESOURCES HZ KAKWA 3-17-64-5","u":"00/03-17-064-05W6/0","f":7756,"y":2022,"d":5223}},{"type":"Feature","geometry":{"type":"Point","coordinates":[-114.85452,52.45147]},"properties":{"r":5.41,"o":348,"n":"YANGARRA HZ WILLGR 3-19-40-6","u":"00/03-19-040-06W5/0","f":10097,"y":2024,"d":3896}},{"type":"Feature","geometry":{"type":"Point","coordinates":[-118.44513,54.45863]},"properties":{"r":23.0,"o":27,"n":"7GEN HZ KARR 3-19-63-3","u":"00/03-19-063-03W6/2","f":7756,"y":2014,"d":5820}},{"type":"Feature","geometry":{"type":"Point","coordinates":[-116.40856,54.54551]},"properties":{"r":307.55,"o":198,"n":"MURPHY 16-27D HZ TWOCK 3-19-64-16","u":"00/03-19-064-16W5/0","f":7971,"y":2025,"d":8160}},{"type":"Feature","geometry":{"type":"Point","coordinates":[-118.67209,54.54677]},"properties":{"r":21.7,"o":27,"n":"7GEN HZ KAKWA 3-22-64-5","u":"00/03-22-064-05W6/0","f":7756,"y":2014,"d":6180}},{"type":"Feature","geometry":{"type":"Point","coordinates":[-118.64658,54.54626]},"properties":{"r":307.34,"o":340,"n":"WCP HZ KAKWA 3-23-64-5","u":"00/03-23-064-05W6/2","f":9779,"y":2023,"d":6495}},{"type":"Feature","geometry":{"type":"Point","coordinates":[-116.73984,54.4607]},"properties":{"r":8.83,"o":339,"n":"CPEC FC153B KAYBOB 3-24-63-19","u":"00/03-24-063-19W5/0","f":6041,"y":2015,"d":5733}},{"type":"Feature","geometry":{"type":"Point","coordinates":[-118.62181,54.54626]},"properties":{"r":159.22,"o":340,"n":"WCP HZ KAKWA 3-24-64-5","u":"00/03-24-064-05W6/0","f":9779,"y":2024,"d":6458}},{"type":"Feature","geometry":{"type":"Point","coordinates":[-118.46821,54.38625]},"properties":{"r":7.67,"o":27,"n":"ARC RESOURCES HZ KAKWA 3-25-62-4","u":"00/03-25-062-04W6/0","f":7860,"y":2022,"d":5877}},{"type":"Feature","geometry":{"type":"Point","coordinates":[-115.06506,52.20358]},"properties":{"r":61.05,"o":235,"n":"PETRUS HZ FERRIER 3-27-37-8","u":"00/03-27-037-08W5/0","f":10792,"y":2025,"d":5567}},{"type":"Feature","geometry":{"type":"Point","coordinates":[-118.5666,54.3867]},"properties":{"r":26.06,"o":27,"n":"7GEN HZ KAKWA 3-29-62-4","u":"00/03-29-062-04W6/0","f":7860,"y":2017,"d":6233}},{"type":"Feature","geometry":{"type":"Point","coordinates":[-118.44261,54.38632]},"properties":{"r":352.17,"o":27,"n":"ARC RESOURCES HZ LATOR 3-30-62-3","u":"00/03-30-062-03W6/0","f":7860,"y":2024,"d":6585}},{"type":"Feature","geometry":{"type":"Point","coordinates":[-118.44385,54.48814]},"properties":{"r":133.76,"o":27,"n":"ARC RESOURCES HZ KARR 3-31-63-3","u":"00/03-31-063-03W6/0","f":7756,"y":2023,"d":6177}},{"type":"Feature","geometry":{"type":"Point","coordinates":[-118.74841,54.48875]},"properties":{"r":30.76,"o":27,"n":"7GEN HZ KAKWA 3-31-63-5","u":"00/03-31-063-05W6/0","f":7756,"y":2018,"d":5817}},{"type":"Feature","geometry":{"type":"Point","coordinates":[-114.58262,51.8692]},"properties":{"r":48.54,"o":340,"n":"WHITECAP HZ CAROL 3-36-33-5","u":"00/03-36-033-05W5/0","f":10818,"y":2025,"d":4115}},{"type":"Feature","geometry":{"type":"Point","coordinates":[-118.7725,54.57797]},"properties":{"r":27.49,"o":27,"n":"7GEN HZ KAKWA 3-36-64-6","u":"00/03-36-064-06W6/0","f":7756,"y":2014,"d":5856}},{"type":"Feature","geometry":{"type":"Point","coordinates":[-116.44226,54.50268]},"properties":{"r":802.31,"o":198,"n":"MURPHY 7-15F TWOCK 4-1-64-17","u":"00/04-01-064-17W5/0","f":7970,"y":2025,"d":7463}},{"type":"Feature","geometry":{"type":"Point","coordinates":[-118.6273,54.58997]},"properties":{"r":143.64,"o":27,"n":"ARC RESOURCES HZ KARR 4-1-65-5","u":"00/04-01-065-05W6/0","f":7756,"y":2023,"d":6162}},{"type":"Feature","geometry":{"type":"Point","coordinates":[-118.50253,54.50211]},"properties":{"r":73.8,"o":27,"n":"7GEN HZ KARR 4-2-64-4","u":"00/04-02-064-04W6/2","f":7756,"y":2021,"d":6177}},{"type":"Feature","geometry":{"type":"Point","coordinates":[-118.70274,54.41691]},"properties":{"r":28.28,"o":27,"n":"7GEN HZ KAKWA 4-4-63-5","u":"00/04-04-063-05W6/0","f":7917,"y":2020,"d":6494}},{"type":"Feature","geometry":{"type":"Point","coordinates":[-118.72799,54.59241]},"properties":{"r":37.51,"o":27,"n":"7GEN HZ 102 KARR 4-5-65-5","u":"00/04-05-065-05W6/2","f":7756,"y":2015,"d":6015}},{"type":"Feature","geometry":{"type":"Point","coordinates":[-118.60041,54.43217]},"properties":{"r":16.52,"o":27,"n":"7GEN HZ KAKWA 4-7-63-4","u":"00/04-07-063-04W6/0","f":7917,"y":2017,"d":4867}},{"type":"Feature","geometry":{"type":"Point","coordinates":[-118.27287,54.34211]},"properties":{"r":31.72,"o":340,"n":"XTO HZ LATOR 4-8-62-2","u":"00/04-08-062-02W6/2","f":7473,"y":2017,"d":6054}},{"type":"Feature","geometry":{"type":"Point","coordinates":[-118.70277,54.42972]},"properties":{"r":40.82,"o":27,"n":"7GEN HZ KAKWA 4-9-63-5","u":"00/04-09-063-05W6/0","f":7917,"y":2020,"d":6245}},{"type":"Feature","geometry":{"type":"Point","coordinates":[-118.54824,54.5169]},"properties":{"r":32.92,"o":27,"n":"7GEN HZ KAKWA 4-9-64-4","u":"00/04-09-064-04W6/0","f":7756,"y":2012,"d":4910}},{"type":"Feature","geometry":{"type":"Point","coordinates":[-115.85881,53.73349]},"properties":{"r":6.88,"o":75,"n":"CVE NITON 8-10-55-13","u":"00/04-10-055-13W5/2","f":715,"y":2014,"d":3089}},{"type":"Feature","geometry":{"type":"Point","coordinates":[-114.44791,51.81161]},"properties":{"r":120.09,"o":340,"n":"WHITECAP HZ GARR 4-12-33-4","u":"00/04-12-033-04W5/0","f":10428,"y":2025,"d":5814}},{"type":"Feature","geometry":{"type":"Point","coordinates":[-115.05515,52.52412]},"properties":{"r":6.58,"o":228,"n":"PARA FERRIER 4-14-41-8","u":"00/04-14-041-08W5/0","f":10412,"y":2016,"d":5525}},{"type":"Feature","geometry":{"type":"Point","coordinates":[-118.50125,54.44699]},"properties":{"r":45.83,"o":27,"n":"7GEN HZ KAKWA 4-14-63-4","u":"00/04-14-063-04W6/0","f":7917,"y":2017,"d":6213}},{"type":"Feature","geometry":{"type":"Point","coordinates":[-117.0983,54.53157]},"properties":{"r":21.28,"o":339,"n":"CPEC TONY CKN 4-15-64-21","u":"00/04-15-064-21W5/0","f":2270,"y":2012,"d":4873}},{"type":"Feature","geometry":{"type":"Point","coordinates":[-118.57346,54.44486]},"properties":{"r":8.26,"o":27,"n":"7GEN HZ KAKWA 4-17-63-4","u":"00/04-17-063-04W6/0","f":7917,"y":2013,"d":4797}},{"type":"Feature","geometry":{"type":"Point","coordinates":[-118.45158,54.44684]},"properties":{"r":34.57,"o":27,"n":"ARC RESOURCES HZ LATOR 4-18-63-3","u":"00/04-18-063-03W6/0","f":7917,"y":2021,"d":6278}},{"type":"Feature","geometry":{"type":"Point","coordinates":[-118.59792,54.37255]},"properties":{"r":11.99,"o":27,"n":"ARC RESOURCES HZ KAKWA 4-19-62-4","u":"00/04-19-062-04W6/0","f":7860,"y":2022,"d":5444}},{"type":"Feature","geometry":{"type":"Point","coordinates":[-118.60136,54.54677]},"properties":{"r":16.14,"o":27,"n":"7GEN HZ KAKWA 4-19-64-4","u":"00/04-19-064-04W6/0","f":7756,"y":2014,"d":5360}},{"type":"Feature","geometry":{"type":"Point","coordinates":[-118.57702,54.46089]},"properties":{"r":13.44,"o":27,"n":"7GEN HZ KAKWA 4-20-63-4","u":"00/04-20-063-04W6/0","f":7756,"y":2016,"d":5960}},{"type":"Feature","geometry":{"type":"Point","coordinates":[-118.67937,54.46127]},"properties":{"r":7.13,"o":27,"n":"7GEN HZ KAKWA 4-22-63-5","u":"00/04-22-063-05W6/0","f":7917,"y":2013,"d":4700}},{"type":"Feature","geometry":{"type":"Point","coordinates":[-118.99811,55.2468]},"properties":{"r":89.76,"o":170,"n":"KELT EXP HZ WEMBLEY 4-22-72-7","u":"00/04-22-072-07W6/0","f":8452,"y":2021,"d":6172}},{"type":"Feature","geometry":{"type":"Point","coordinates":[-118.65267,54.54626]},"properties":{"r":513.69,"o":340,"n":"WCP HZ KAKWA 4-23-64-5","u":"00/04-23-064-05W6/0","f":9779,"y":2023,"d":6634}},{"type":"Feature","geometry":{"type":"Point","coordinates":[-118.34835,54.63285]},"properties":{"r":17.7,"o":339,"n":"HHR HZ KARR 4-23-65-3","u":"00/04-23-065-03W6/2","f":5469,"y":2014,"d":4796}},{"type":"Feature","geometry":{"type":"Point","coordinates":[-114.8862,52.4521]},"properties":{"r":19.62,"o":315,"n":"BEC HZ WILLGR 4-24-40-7","u":"00/04-24-040-07W5/0","f":8040,"y":2022,"d":7158}},{"type":"Feature","geometry":{"type":"Point","coordinates":[-118.62787,54.54627]},"properties":{"r":211.55,"o":340,"n":"WCP HZ KAKWA 4-24-64-5","u":"00/04-24-064-05W6/0","f":9779,"y":2024,"d":6373}},{"type":"Feature","geometry":{"type":"Point","coordinates":[-118.80084,54.47385]},"properties":{"r":125.06,"o":27,"n":"ARC RESOURCES HZ KAKWA 4-26-63-6","u":"00/04-26-063-06W6/0","f":7756,"y":2025,"d":7337}},{"type":"Feature","geometry":{"type":"Point","coordinates":[-115.0703,52.2036]},"properties":{"r":70.05,"o":235,"n":"PETRUS HZ FERRIER 4-27-37-8","u":"00/04-27-037-08W5/0","f":10792,"y":2025,"d":5815}},{"type":"Feature","geometry":{"type":"Point","coordinates":[-118.673,54.38631]},"properties":{"r":21.47,"o":27,"n":"ARC RESOURCES HZ KAKWA 4-27-62-5","u":"00/04-27-062-05W6/0","f":7917,"y":2022,"d":6580}},{"type":"Feature","geometry":{"type":"Point","coordinates":[-118.67686,54.47442]},"properties":{"r":11.32,"o":27,"n":"7GEN HZ KAKWA 4-27-63-5","u":"00/04-27-063-05W6/0","f":7756,"y":2014,"d":6147}},{"type":"Feature","geometry":{"type":"Point","coordinates":[-118.55123,54.47288]},"properties":{"r":23.08,"o":27,"n":"7GEN HZ KAKWA 4-28-63-4","u":"00/04-28-063-04W6/0","f":6229,"y":2014,"d":4623}},{"type":"Feature","geometry":{"type":"Point","coordinates":[-118.44809,54.38673]},"properties":{"r":17.05,"o":27,"n":"ARC RESOURCES HZ LATOR 4-30-62-3","u":"00/04-30-062-03W6/0","f":7860,"y":2024,"d":6377}},{"type":"Feature","geometry":{"type":"Point","coordinates":[-118.59779,54.38806]},"properties":{"r":30.44,"o":27,"n":"ARC RESOURCES HZ KAKWA 4-30-62-4","u":"00/04-30-062-04W6/2","f":7860,"y":2022,"d":6343}},{"type":"Feature","geometry":{"type":"Point","coordinates":[-118.45158,54.47505]},"properties":{"r":77.91,"o":27,"n":"ARC RESOURCES HZ KARR 4-30-63-3","u":"00/04-30-063-03W6/0","f":7756,"y":2022,"d":6798}},{"type":"Feature","geometry":{"type":"Point","coordinates":[-118.60211,54.56084]},"properties":{"r":35.45,"o":27,"n":"7GEN HZ KAKWA 4-30-64-4","u":"00/04-30-064-04W6/0","f":7756,"y":2015,"d":6332}},{"type":"Feature","geometry":{"type":"Point","coordinates":[-119.87605,55.87018]},"properties":{"r":6.88,"o":53,"n":"BIR 13-30 HZ PCOUPE 4-30-79-12","u":"00/04-30-079-12W6/0","f":7514,"y":2014,"d":3343}},{"type":"Feature","geometry":{"type":"Point","coordinates":[-118.2731,54.40086]},"properties":{"r":59.0,"o":340,"n":"XTO HZ LATOR 4-32-62-2","u":"00/04-32-062-02W6/0","f":7473,"y":2018,"d":7080}},{"type":"Feature","geometry":{"type":"Point","coordinates":[-118.85255,54.4887]},"properties":{"r":7.72,"o":27,"n":"OUC HZ KAKWA 4-33-63-6","u":"00/04-33-063-06W6/0","f":6081,"y":2013,"d":4760}},{"type":"Feature","geometry":{"type":"Point","coordinates":[-119.65249,55.79893]},"properties":{"r":41.01,"o":53,"n":"BIRCHCLIFF HZ PCOUPES 4-33-78-11","u":"00/04-33-078-11W6/0","f":10392,"y":2025,"d":5175}},{"type":"Feature","geometry":{"type":"Point","coordinates":[-118.64795,54.40062]},"properties":{"r":32.79,"o":27,"n":"7GEN HZ KAKWA 4-35-62-5","u":"00/04-35-062-05W6/0","f":7917,"y":2021,"d":6493}},{"type":"Feature","geometry":{"type":"Point","coordinates":[-118.64978,54.59278]},"properties":{"r":44.05,"o":27,"n":"ARC RESOURCES HZ KARR 5-2-65-5","u":"00/05-02-065-05W6/0","f":7756,"y":2021,"d":5130}},{"type":"Feature","geometry":{"type":"Point","coordinates":[-116.77546,54.1596]},"properties":{"r":7.95,"o":339,"n":"CPEC KAYBOBS 5-3-60-19","u":"00/05-03-060-19W5/0","f":9286,"y":2012,"d":5306}},{"type":"Feature","geometry":{"type":"Point","coordinates":[-114.56597,51.90124]},"properties":{"r":13.33,"o":340,"n":"NAL HZ CAROL 5-7-34-4","u":"00/05-07-034-04W5/0","f":1147,"y":2018,"d":4034}},{"type":"Feature","geometry":{"type":"Point","coordinates":[-119.70468,55.56739]},"properties":{"r":49.1,"o":158,"n":"INSIGNIA ENERGY HZ PCOUPES 5-7-76-11","u":"00/05-07-076-11W6/0","f":3576,"y":2024,"d":5646}},{"type":"Feature","geometry":{"type":"Point","coordinates":[-118.65243,54.52149]},"properties":{"r":12.79,"o":27,"n":"7GEN HZ KAKWA 5-11-64-5","u":"00/05-11-064-05W6/0","f":7756,"y":2013,"d":5310}},{"type":"Feature","geometry":{"type":"Point","coordinates":[-117.19697,54.62431]},"properties":{"r":10.69,"o":339,"n":"CPEC FC216C MCKINLEY 5-13-65-22","u":"00/05-13-065-22W5/0","f":7791,"y":2017,"d":5776}},{"type":"Feature","geometry":{"type":"Point","coordinates":[-115.76731,53.57597]},"properties":{"r":60.8,"o":308,"n":"TEL HZ CARROT 5-18-53-12","u":"00/05-18-053-12W5/2","f":10939,"y":2024,"d":7089}},{"type":"Feature","geometry":{"type":"Point","coordinates":[-118.75432,54.53475]},"properties":{"r":27.28,"o":27,"n":"7GEN HZ KAKWA 5-18-64-5","u":"00/05-18-064-05W6/0","f":7756,"y":2018,"d":5952}},{"type":"Feature","geometry":{"type":"Point","coordinates":[-118.59791,54.37714]},"properties":{"r":27.15,"o":27,"n":"ARC RESOURCES HZ KAKWA 5-19-62-4","u":"00/05-19-062-04W6/0","f":7860,"y":2022,"d":5413}},{"type":"Feature","geometry":{"type":"Point","coordinates":[-118.57477,54.46295]},"properties":{"r":11.91,"o":27,"n":"7GEN HZ KAKWA 5-20-63-4","u":"00/05-20-063-04W6/0","f":7756,"y":2016,"d":6145}},{"type":"Feature","geometry":{"type":"Point","coordinates":[-118.82726,54.63924]},"properties":{"r":6.16,"o":225,"n":"OVV WAPITI 5-22-65-6","u":"00/05-22-065-06W6/0","f":6394,"y":2024,"d":6425}},{"type":"Feature","geometry":{"type":"Point","coordinates":[-118.65366,54.4782]},"properties":{"r":18.07,"o":27,"n":"7GEN HZ KAKWA 5-26-63-5","u":"00/05-26-063-05W6/0","f":7756,"y":2015,"d":6276}},{"type":"Feature","geometry":{"type":"Point","coordinates":[-118.80534,54.47648]},"properties":{"r":49.08,"o":27,"n":"ARC RESOURCES HZ KAKWA 5-26-63-6","u":"00/05-26-063-06W6/0","f":7756,"y":2022,"d":6702}},{"type":"Feature","geometry":{"type":"Point","coordinates":[-118.60241,54.56382]},"properties":{"r":196.66,"o":27,"n":"ARC RESOURCES HZ KAKWA 5-30-64-4","u":"00/05-30-064-04W6/0","f":7756,"y":2023,"d":6364}},{"type":"Feature","geometry":{"type":"Point","coordinates":[-118.75489,54.58052]},"properties":{"r":30.72,"o":27,"n":"7GEN HZ KAKWA 5-31-64-5","u":"00/05-31-064-05W6/0","f":7756,"y":2018,"d":6080}},{"type":"Feature","geometry":{"type":"Point","coordinates":[-119.65311,55.53827]},"properties":{"r":27.86,"o":158,"n":"INSIGNIA ENERGY VALHALLA 5-33-75-11","u":"00/05-33-075-11W6/2","f":3576,"y":2023,"d":4701}},{"type":"Feature","geometry":{"type":"Point","coordinates":[-119.64923,55.80155]},"properties":{"r":26.9,"o":53,"n":"BIRCHCLIFF HZ PCOUPES 5-33-78-11","u":"00/05-33-078-11W6/0","f":10392,"y":2025,"d":5200}},{"type":"Feature","geometry":{"type":"Point","coordinates":[-118.64644,54.40358]},"properties":{"r":40.0,"o":27,"n":"7GEN HZ KAKWA 5-35-62-5","u":"00/05-35-062-05W6/0","f":7917,"y":2021,"d":6328}},{"type":"Feature","geometry":{"type":"Point","coordinates":[-118.50088,54.49103]},"properties":{"r":11.41,"o":27,"n":"7GEN HZ KAKWA 5-35-63-4","u":"00/05-35-063-04W6/0","f":7756,"y":2014,"d":5100}},{"type":"Feature","geometry":{"type":"Point","coordinates":[-118.6533,54.58036]},"properties":{"r":64.7,"o":340,"n":"XTO KR560R01 KAKWA 5-35-64-5","u":"00/05-35-064-05W6/0","f":9779,"y":2019,"d":6187}},{"type":"Feature","geometry":{"type":"Point","coordinates":[-118.61759,54.50847]},"properties":{"r":8.32,"o":27,"n":"7GEN HZ KAKWA 6-1-64-5","u":"00/06-01-064-05W6/0","f":7756,"y":2017,"d":5481}},{"type":"Feature","geometry":{"type":"Point","coordinates":[-117.33486,55.81453]},"properties":{"r":9.54,"o":67,"n":"CNRL ET AL NVILLE 6-2-79-22","u":"00/06-02-079-22W5/0","f":503,"y":1978,"d":2125}},{"type":"Feature","geometry":{"type":"Point","coordinates":[-118.71845,54.51992]},"properties":{"r":24.84,"o":27,"n":"7GEN HZ KAKWA 6-8-64-5","u":"00/06-08-064-05W6/0","f":7756,"y":2015,"d":6300}},{"type":"Feature","geometry":{"type":"Point","coordinates":[-118.67,54.5209]},"properties":{"r":5.26,"o":27,"n":"7GEN HZ KAKWA 6-10-64-5","u":"00/06-10-064-05W6/0","f":7756,"y":2015,"d":6275}},{"type":"Feature","geometry":{"type":"Point","coordinates":[-118.49231,54.36194]},"properties":{"r":126.13,"o":27,"n":"ARC RESOURCES HZ KAKWA 6-14-62-4","u":"00/06-14-062-04W6/0","f":7860,"y":2025,"d":5475}},{"type":"Feature","geometry":{"type":"Point","coordinates":[-118.49359,54.45043]},"properties":{"r":32.31,"o":27,"n":"7GEN HZ KAKWA 6-14-63-4","u":"00/06-14-063-04W6/0","f":7917,"y":2019,"d":6034}},{"type":"Feature","geometry":{"type":"Point","coordinates":[-118.44697,54.45035]},"properties":{"r":36.21,"o":27,"n":"7GEN HZ KAKWA 6-18-63-3","u":"00/06-18-063-03W6/0","f":7756,"y":2020,"d":6318}},{"type":"Feature","geometry":{"type":"Point","coordinates":[-118.5455,54.46516]},"properties":{"r":60.72,"o":27,"n":"7GEN HZ KAKWA 6-21-63-4","u":"00/06-21-063-04W6/0","f":7917,"y":2018,"d":5421}},{"type":"Feature","geometry":{"type":"Point","coordinates":[-118.48896,54.37527]},"properties":{"r":8.22,"o":27,"n":"ARC RESOURCES HZ KAKWA 6-23-62-4","u":"00/06-23-062-04W6/0","f":7860,"y":2023,"d":4331}},{"type":"Feature","geometry":{"type":"Point","coordinates":[-118.66872,54.47665]},"properties":{"r":27.84,"o":27,"n":"7GEN HZ KAKWA 6-27-63-5","u":"00/06-27-063-05W6/0","f":7756,"y":2015,"d":6155}},{"type":"Feature","geometry":{"type":"Point","coordinates":[-118.4463,54.47844]},"properties":{"r":123.15,"o":27,"n":"ARC RESOURCES HZ KARR 6-30-63-3","u":"00/06-30-063-03W6/0","f":7756,"y":2023,"d":6624}},{"type":"Feature","geometry":{"type":"Point","coordinates":[-118.59712,54.56435]},"properties":{"r":186.74,"o":27,"n":"ARC RESOURCES HZ KAKWA 6-30-64-4","u":"00/06-30-064-04W6/0","f":7756,"y":2023,"d":6243}},{"type":"Feature","geometry":{"type":"Point","coordinates":[-118.64501,54.49159]},"properties":{"r":15.85,"o":27,"n":"7GEN HZ KAKWA 6-35-63-5","u":"00/06-35-063-05W6/0","f":7756,"y":2014,"d":6359}},{"type":"Feature","geometry":{"type":"Point","coordinates":[-118.51622,54.42037]},"properties":{"r":41.79,"o":27,"n":"7GEN HZ KAKWA 7-3-63-4","u":"00/07-03-063-04W6/0","f":7917,"y":2017,"d":6195}},{"type":"Feature","geometry":{"type":"Point","coordinates":[-118.54128,54.50681]},"properties":{"r":18.7,"o":27,"n":"7GEN HZ KAKWA 7-4-64-4","u":"00/07-04-064-04W6/0","f":7756,"y":2014,"d":6066}},{"type":"Feature","geometry":{"type":"Point","coordinates":[-118.69026,54.43498]},"properties":{"r":17.88,"o":27,"n":"7GEN HZ KAKWA 7-9-63-5","u":"00/07-09-063-05W6/0","f":7917,"y":2018,"d":5310}},{"type":"Feature","geometry":{"type":"Point","coordinates":[-118.53964,54.52074]},"properties":{"r":49.08,"o":27,"n":"7GEN HZ KAKWA 7-9-64-4","u":"00/07-09-064-04W6/0","f":7756,"y":2016,"d":5740}},{"type":"Feature","geometry":{"type":"Point","coordinates":[-118.66664,54.52235]},"properties":{"r":19.37,"o":27,"n":"7GEN HZ KAKWA 7-10-64-5","u":"00/07-10-064-05W6/0","f":7756,"y":2015,"d":6070}},{"type":"Feature","geometry":{"type":"Point","coordinates":[-118.81259,54.52296]},"properties":{"r":28.22,"o":27,"n":"7GEN HZ KAKWA 7-10-64-6","u":"00/07-10-064-06W6/0","f":7756,"y":2017,"d":6320}},{"type":"Feature","geometry":{"type":"Point","coordinates":[-116.60517,54.52063]},"properties":{"r":5.77,"o":228,"n":"TRILOGY ET AL E KAYBOB 7-11-64-18","u":"00/07-11-064-18W5/0","f":11364,"y":1973,"d":3033}},{"type":"Feature","geometry":{"type":"Point","coordinates":[-118.61285,54.43586]},"properties":{"r":20.97,"o":27,"n":"7GEN HZ KAKWA 7-12-63-5","u":"00/07-12-063-05W6/0","f":7917,"y":2017,"d":5275}},{"type":"Feature","geometry":{"type":"Point","coordinates":[-118.48693,54.36199]},"properties":{"r":57.43,"o":27,"n":"ARC RESOURCES HZ KAKWA 7-14-62-4","u":"00/07-14-062-04W6/0","f":7860,"y":2025,"d":5435}},{"type":"Feature","geometry":{"type":"Point","coordinates":[-113.6845,49.03574]},"properties":{"r":9.06,"o":185,"n":"LOYAL ENERGY LOOKOUT 7-16-1-28","u":"00/07-16-001-28W4/0","f":11438,"y":1969,"d":3560}},{"type":"Feature","geometry":{"type":"Point","coordinates":[-118.69077,54.44919]},"properties":{"r":22.04,"o":27,"n":"7GEN HZ KAKWA 7-16-63-5","u":"00/07-16-063-05W6/0","f":7917,"y":2016,"d":5616}},{"type":"Feature","geometry":{"type":"Point","coordinates":[-118.71696,54.53542]},"properties":{"r":25.24,"o":27,"n":"7GEN HZ KAKWA 7-17-64-5","u":"00/07-17-064-05W6/0","f":7756,"y":2015,"d":6156}},{"type":"Feature","geometry":{"type":"Point","coordinates":[-117.43794,54.18564]},"properties":{"r":47.68,"o":90,"n":"CYGNET ENERGY PLACID 7-18-60-23","u":"00/07-18-060-23W5/0","f":6860,"y":2023,"d":5645}},{"type":"Feature","geometry":{"type":"Point","coordinates":[-114.84939,52.45699]},"properties":{"r":7.11,"o":228,"n":"PARA WILLGR 7-19-40-6","u":"00/07-19-040-06W5/0","f":7248,"y":2017,"d":5918}},{"type":"Feature","geometry":{"type":"Point","coordinates":[-118.58627,54.46378]},"properties":{"r":9.94,"o":27,"n":"7GEN HZ KAKWA 7-19-63-4","u":"00/07-19-063-04W6/0","f":7756,"y":2016,"d":5285}},{"type":"Feature","geometry":{"type":"Point","coordinates":[-114.46249,52.11995]},"properties":{"r":12.16,"o":11,"n":"AOC SYLAKE 7-26-36-4","u":"00/07-26-036-04W5/0","f":11267,"y":1975,"d":2457,"m":1}},{"type":"Feature","geometry":{"type":"Point","coordinates":[-118.43611,54.49248]},"properties":{"r":97.45,"o":27,"n":"ARC RESOURCES HZ KARR 7-31-63-3","u":"00/07-31-063-03W6/0","f":7756,"y":2023,"d":6154}},{"type":"Feature","geometry":{"type":"Point","coordinates":[-114.57365,51.88674]},"properties":{"r":6.21,"o":340,"n":"NAL CAROL 8-1-34-5","u":"00/08-01-034-05W5/0","f":1147,"y":1985,"d":2695,"m":1}},{"type":"Feature","geometry":{"type":"Point","coordinates":[-115.77324,53.54772]},"properties":{"r":5.7,"o":166,"n":"2273271ABLTD CARROT 8-1-53-13","u":"00/08-01-053-13W5/0","f":6160,"y":2015,"d":3661}},{"type":"Feature","geometry":{"type":"Point","coordinates":[-118.60561,54.41918]},"properties":{"r":19.48,"o":27,"n":"7GEN HZ KAKWA 8-1-63-5","u":"00/08-01-063-05W6/0","f":7917,"y":2019,"d":6266}},{"type":"Feature","geometry":{"type":"Point","coordinates":[-118.4813,54.50699]},"properties":{"r":17.76,"o":27,"n":"7GEN HZ KARR 8-2-64-4","u":"00/08-02-064-04W6/0","f":7756,"y":2013,"d":4419}},{"type":"Feature","geometry":{"type":"Point","coordinates":[-116.80729,54.07026]},"properties":{"r":10.5,"o":67,"n":"CNRL HZ ET AL KAYBOBS 8-5-59-19","u":"00/08-05-059-19W5/0","f":6600,"y":2016,"d":6134}},{"type":"Feature","geometry":{"type":"Point","coordinates":[-118.55845,54.41896]},"properties":{"r":38.3,"o":27,"n":"ARC RESOURCES HZ KAKWA 8-5-63-4","u":"00/08-05-063-04W6/0","f":7860,"y":2022,"d":5859}},{"type":"Feature","geometry":{"type":"Point","coordinates":[-116.52351,54.50572]},"properties":{"r":141.19,"o":228,"n":"PARA HZ KAYBOB 8-5-64-17","u":"00/08-05-064-17W5/0","f":9614,"y":2023,"d":7824}},{"type":"Feature","geometry":{"type":"Point","coordinates":[-118.71023,54.52157]},"properties":{"r":12.08,"o":27,"n":"7GEN HZ KAKWA 8-8-64-5","u":"00/08-08-064-05W6/0","f":7756,"y":2013,"d":5434}},{"type":"Feature","geometry":{"type":"Point","coordinates":[-116.52527,54.60738]},"properties":{"r":208.88,"o":198,"n":"MURPHY 16-27E HZ KAYBOB 8-8-65-17","u":"00/08-08-065-17W5/0","f":7971,"y":2025,"d":7990}},{"type":"Feature","geometry":{"type":"Point","coordinates":[-118.50281,54.3462]},"properties":{"r":16.33,"o":27,"n":"7GEN HZ KAKWA 8-10-62-4","u":"00/08-10-062-04W6/0","f":7860,"y":2018,"d":6200}},{"type":"Feature","geometry":{"type":"Point","coordinates":[-118.65845,54.52306]},"properties":{"r":10.29,"o":27,"n":"7GEN HZ KAKWA 8-10-64-5","u":"00/08-10-064-05W6/0","f":7756,"y":2014,"d":5652}},{"type":"Feature","geometry":{"type":"Point","coordinates":[-118.48408,54.44876]},"properties":{"r":63.38,"o":27,"n":"7GEN HZ KAKWA 8-14-63-4","u":"00/08-14-063-04W6/0","f":7917,"y":2019,"d":6377}},{"type":"Feature","geometry":{"type":"Point","coordinates":[-117.40378,54.18624]},"properties":{"r":5.85,"o":90,"n":"ATH HZ PLACID 8-17-60-23","u":"00/08-17-060-23W5/0","f":6860,"y":2016,"d":6015}},{"type":"Feature","geometry":{"type":"Point","coordinates":[-119.83006,55.84521]},"properties":{"r":7.11,"o":67,"n":"TRIOIL HZ PCOUPE 8-17-79-12","u":"00/08-17-079-12W6/0","f":5874,"y":2013,"d":3580}},{"type":"Feature","geometry":{"type":"Point","coordinates":[-118.80763,54.46402]},"properties":{"r":159.45,"o":27,"n":"ARC RESOURCES HZ KAKWA 8-22-63-6","u":"00/08-22-063-06W6/0","f":7756,"y":2025,"d":6743}},{"type":"Feature","geometry":{"type":"Point","coordinates":[-118.48052,54.63638]},"properties":{"r":248.82,"o":27,"n":"ARC RESOURCES HZ KARR 8-23-65-4","u":"00/08-23-065-04W6/0","f":7756,"y":2025,"d":6243}},{"type":"Feature","geometry":{"type":"Point","coordinates":[-116.42845,54.30403]},"properties":{"r":56.59,"o":339,"n":"CPEC FC222C CHICKDEE 8-26-61-17","u":"00/08-26-061-17W5/0","f":6760,"y":2016,"d":5247}},{"type":"Feature","geometry":{"type":"Point","coordinates":[-118.65678,54.56509]},"properties":{"r":66.08,"o":27,"n":"ARC RESOURCES HZ KAKWA 8-27-64-5","u":"00/08-27-064-05W6/0","f":7756,"y":2021,"d":5865}},{"type":"Feature","geometry":{"type":"Point","coordinates":[-116.63169,54.39118]},"properties":{"r":14.51,"o":339,"n":"CPEC HZ FC807C FOXCK 8-28-62-18","u":"00/08-28-062-18W5/0","f":6041,"y":2023,"d":7303}},{"type":"Feature","geometry":{"type":"Point","coordinates":[-118.42689,54.39]},"properties":{"r":270.04,"o":27,"n":"ARC RESOURCES HZ LATOR 8-30-62-3","u":"00/08-30-062-03W6/0","f":7860,"y":2024,"d":6716}},{"type":"Feature","geometry":{"type":"Point","coordinates":[-118.42705,54.40431]},"properties":{"r":342.12,"o":27,"n":"ARC RESOURCES HZ LATOR 8-31-62-3","u":"00/08-31-062-03W6/0","f":7860,"y":2024,"d":7040}},{"type":"Feature","geometry":{"type":"Point","coordinates":[-118.43416,54.49367]},"properties":{"r":71.83,"o":27,"n":"ARC RESOURCES HZ KARR 8-31-63-3","u":"00/08-31-063-03W6/0","f":7756,"y":2023,"d":6241}},{"type":"Feature","geometry":{"type":"Point","coordinates":[-118.52725,54.40402]},"properties":{"r":24.15,"o":27,"n":"7GEN HZ KAKWA 8-33-62-4","u":"00/08-33-062-04W6/0","f":7860,"y":2021,"d":5863}},{"type":"Feature","geometry":{"type":"Point","coordinates":[-118.65897,54.49307]},"properties":{"r":15.47,"o":27,"n":"7GEN HZ KAKWA 8-34-63-5","u":"00/08-34-063-05W6/0","f":7756,"y":2013,"d":5476}},{"type":"Feature","geometry":{"type":"Point","coordinates":[-116.62754,54.57979]},"properties":{"r":50.19,"o":198,"n":"MURPHY 15-23A KAYBOB 8-34-64-18","u":"00/08-34-064-18W5/0","f":7967,"y":2019,"d":6057}},{"type":"Feature","geometry":{"type":"Point","coordinates":[-117.32908,54.23042]},"properties":{"r":12.77,"o":90,"n":"ATH HZ PLACID 8-35-60-23","u":"00/08-35-060-23W5/0","f":6860,"y":2017,"d":6020}},{"type":"Feature","geometry":{"type":"Point","coordinates":[-118.6106,54.51198]},"properties":{"r":16.08,"o":27,"n":"7GEN HZ KAKWA 9-1-64-5","u":"00/09-01-064-05W6/0","f":7756,"y":2017,"d":5455}},{"type":"Feature","geometry":{"type":"Point","coordinates":[-118.63495,54.42231]},"properties":{"r":24.15,"o":27,"n":"7GEN HZ KAKWA 9-2-63-5","u":"00/09-02-063-05W6/0","f":7917,"y":2017,"d":5610}},{"type":"Feature","geometry":{"type":"Point","coordinates":[-118.63169,54.59788]},"properties":{"r":131.65,"o":27,"n":"ARC RESOURCES HZ KARR 9-2-65-5","u":"00/09-02-065-05W6/0","f":7756,"y":2023,"d":6370}},{"type":"Feature","geometry":{"type":"Point","coordinates":[-115.3485,52.59174]},"properties":{"r":12.31,"o":307,"n":"TQN FERRIER 9-3-42-10","u":"00/09-03-042-10W5/0","f":5429,"y":2004,"d":3175,"m":1}},{"type":"Feature","geometry":{"type":"Point","coordinates":[-115.3597,52.67845]},"properties":{"r":18.26,"o":290,"n":"SPARTAN DELTA HZ FERRIER 9-3-43-10","u":"00/09-03-043-10W5/0","f":9890,"y":2024,"d":5468}},{"type":"Feature","geometry":{"type":"Point","coordinates":[-118.50888,54.42463]},"properties":{"r":60.51,"o":27,"n":"7GEN HZ KAKWA 9-3-63-4","u":"00/09-03-063-04W6/0","f":7917,"y":2017,"d":6234}},{"type":"Feature","geometry":{"type":"Point","coordinates":[-118.81204,54.51082]},"properties":{"r":56.15,"o":27,"n":"ARC RESOURCES HZ KAKWA 9-3-64-6","u":"00/09-03-064-06W6/0","f":7756,"y":2022,"d":6805}},{"type":"Feature","geometry":{"type":"Point","coordinates":[-117.42116,55.83281]},"properties":{"r":15.07,"o":67,"n":"CNRL  0-0-0-0","u":"00/09-07-079-22W5/0","f":503,"y":1985,"d":2086}},{"type":"Feature","geometry":{"type":"Point","coordinates":[-118.55468,54.43951]},"properties":{"r":6.9,"o":27,"n":"PARA HZ KAKWA 9-8-63-4","u":"00/09-08-063-04W6/0","f":7917,"y":2013,"d":4740}},{"type":"Feature","geometry":{"type":"Point","coordinates":[-119.67292,55.92275]},"properties":{"r":17.0,"o":170,"n":"KELT EXP HZ FARMTON 9-8-80-11","u":"00/09-08-080-11W6/0","f":10457,"y":2025,"d":5233}},{"type":"Feature","geometry":{"type":"Point","coordinates":[-118.50293,54.35102]},"properties":{"r":17.3,"o":27,"n":"7GEN HZ KAKWA 9-10-62-4","u":"00/09-10-062-04W6/0","f":7860,"y":2018,"d":5890}},{"type":"Feature","geometry":{"type":"Point","coordinates":[-118.8103,54.52679]},"properties":{"r":19.75,"o":27,"n":"7GEN HZ KAKWA 9-10-64-6","u":"00/09-10-064-06W6/0","f":7756,"y":2017,"d":6300}},{"type":"Feature","geometry":{"type":"Point","coordinates":[-116.62503,54.526]},"properties":{"r":78.56,"o":228,"n":"PARA HZ KAYBOB 9-10-64-18","u":"00/09-10-064-18W5/0","f":8864,"y":2022,"d":7145}},{"type":"Feature","geometry":{"type":"Point","coordinates":[-118.45402,54.52375]},"properties":{"r":28.01,"o":27,"n":"7GEN HZ KARR 9-12-64-4","u":"00/09-12-064-04W6/0","f":7756,"y":2011,"d":5350}},{"type":"Feature","geometry":{"type":"Point","coordinates":[-118.43412,54.53925]},"properties":{"r":32.25,"o":27,"n":"7GEN HZ KARR 9-18-64-3","u":"00/09-18-064-03W6/0","f":7756,"y":2012,"d":5085}},{"type":"Feature","geometry":{"type":"Point","coordinates":[-118.58128,54.62799]},"properties":{"r":666.22,"o":27,"n":"ARC RESOURCES HZ KARR 9-18-65-4","u":"00/09-18-065-04W6/0","f":7756,"y":2025,"d":6582}},{"type":"Feature","geometry":{"type":"Point","coordinates":[-118.55601,54.46584]},"properties":{"r":58.98,"o":27,"n":"7GEN HZ KAKWA 9-20-63-4","u":"00/09-20-063-04W6/0","f":7917,"y":2018,"d":5540}},{"type":"Feature","geometry":{"type":"Point","coordinates":[-117.22914,54.11796]},"properties":{"r":16.81,"o":173,"n":"DELPHI HZ KAYBOBS 9-21-59-22","u":"00/09-21-059-22W5/0","f":6865,"y":2017,"d":5919}},{"type":"Feature","geometry":{"type":"Point","coordinates":[-118.80765,54.46731]},"properties":{"r":160.24,"o":27,"n":"ARC RESOURCES HZ KAKWA 9-22-63-6","u":"00/09-22-063-06W6/0","f":7756,"y":2025,"d":6699}},{"type":"Feature","geometry":{"type":"Point","coordinates":[-118.65686,54.55285]},"properties":{"r":66.38,"o":27,"n":"7GEN HZ KAKWA 9-22-64-5","u":"00/09-22-064-05W6/0","f":7756,"y":2020,"d":6403}},{"type":"Feature","geometry":{"type":"Point","coordinates":[-118.6322,54.46555]},"properties":{"r":5.91,"o":27,"n":"7GEN HZ KAKWA 9-23-63-5","u":"00/09-23-063-05W6/0","f":7917,"y":2013,"d":4689}},{"type":"Feature","geometry":{"type":"Point","coordinates":[-118.48037,54.6411]},"properties":{"r":225.55,"o":27,"n":"ARC RESOURCES HZ KARR 9-23-65-4","u":"00/09-23-065-04W6/0","f":7756,"y":2025,"d":6118}},{"type":"Feature","geometry":{"type":"Point","coordinates":[-119.57974,55.77487]},"properties":{"r":36.59,"o":53,"n":"BIRCHCLIFF HZ PCOUPES 9-23-78-11","u":"00/09-23-078-11W6/0","f":10392,"y":2025,"d":4364}},{"type":"Feature","geometry":{"type":"Point","coordinates":[-118.50571,54.56794]},"properties":{"r":25.96,"o":27,"n":"7GEN HZ KARR 9-27-64-4","u":"00/09-27-064-04W6/0","f":7756,"y":2015,"d":4428}},{"type":"Feature","geometry":{"type":"Point","coordinates":[-118.65751,54.56773]},"properties":{"r":52.39,"o":27,"n":"ARC RESOURCES HZ KAKWA 9-27-64-5","u":"00/09-27-064-05W6/0","f":7756,"y":2021,"d":5546}},{"type":"Feature","geometry":{"type":"Point","coordinates":[-118.42684,54.3953]},"properties":{"r":112.9,"o":27,"n":"ARC RESOURCES HZ LATOR 9-30-62-3","u":"00/09-30-062-03W6/0","f":7860,"y":2024,"d":6170}},{"type":"Feature","geometry":{"type":"Point","coordinates":[-118.42703,54.40718]},"properties":{"r":499.43,"o":27,"n":"ARC RESOURCES HZ LATOR 9-31-62-3","u":"00/09-31-062-03W6/0","f":7860,"y":2024,"d":6896}},{"type":"Feature","geometry":{"type":"Point","coordinates":[-118.43053,54.49616]},"properties":{"r":134.37,"o":27,"n":"ARC RESOURCES HZ KARR 9-31-63-3","u":"00/09-31-063-03W6/0","f":7756,"y":2023,"d":6365}},{"type":"Feature","geometry":{"type":"Point","coordinates":[-116.37369,54.49537]},"properties":{"r":339.59,"o":34,"n":"ATHABASCA HZ TWOCK 9-32-63-16","u":"00/09-32-063-16W5/0","f":10628,"y":2024,"d":7588}},{"type":"Feature","geometry":{"type":"Point","coordinates":[-119.79902,55.28261]},"properties":{"r":58.56,"o":53,"n":"BIRCHCLIFF HZ SINCLAIR 9-32-72-12","u":"00/09-32-072-12W6/0","f":10945,"y":2024,"d":5978}},{"type":"Feature","geometry":{"type":"Point","coordinates":[-118.52786,54.40767]},"properties":{"r":23.61,"o":27,"n":"7GEN HZ KAKWA 9-33-62-4","u":"00/09-33-062-04W6/0","f":7860,"y":2021,"d":6083}},{"type":"Feature","geometry":{"type":"Point","coordinates":[-114.91845,52.66443]},"properties":{"r":7.42,"o":218,"n":"SUN CENTURY WILLGR 9-34-42-7","u":"00/09-34-042-07W5/0","f":2123,"y":2007,"d":2544}},{"type":"Feature","geometry":{"type":"Point","coordinates":[-118.65674,54.58252]},"properties":{"r":57.47,"o":27,"n":"ARC RESOURCES HZ KAKWA 9-34-64-5","u":"00/09-34-064-05W6/0","f":7756,"y":2021,"d":5313}},{"type":"Feature","geometry":{"type":"Point","coordinates":[-116.09398,53.53494]},"properties":{"r":8.43,"o":315,"n":"BEC HZ WESTPEM 9-35-52-15","u":"00/09-35-052-15W5/0","f":3470,"y":2011,"d":3415}},{"type":"Feature","geometry":{"type":"Point","coordinates":[-118.61514,54.5106]},"properties":{"r":22.71,"o":27,"n":"7GEN HZ KAKWA 10-1-64-5","u":"00/10-01-064-05W6/0","f":7756,"y":2014,"d":6170}},{"type":"Feature","geometry":{"type":"Point","coordinates":[-115.31829,52.1528]},"properties":{"r":8.6,"o":315,"n":"TOURMALINE HZ FERRIER 10-2-37-10","u":"00/10-02-037-10W5/0","f":10834,"y":2026,"d":4391}},{"type":"Feature","geometry":{"type":"Point","coordinates":[-118.63948,54.42238]},"properties":{"r":22.83,"o":27,"n":"7GEN HZ KAKWA 10-2-63-5","u":"00/10-02-063-05W6/0","f":7917,"y":2017,"d":5405}},{"type":"Feature","geometry":{"type":"Point","coordinates":[-118.53887,54.42372]},"properties":{"r":42.69,"o":27,"n":"7GEN HZ KAKWA 10-4-63-4","u":"00/10-04-063-04W6/0","f":7917,"y":2016,"d":6197}},{"type":"Feature","geometry":{"type":"Point","coordinates":[-118.53904,54.50959]},"properties":{"r":19.94,"o":27,"n":"7GEN HZ KAKWA 10-4-64-4","u":"00/10-04-064-04W6/0","f":7756,"y":2014,"d":6087}},{"type":"Feature","geometry":{"type":"Point","coordinates":[-113.76515,53.11495]},"properties":{"r":17.57,"o":309,"n":"TENAZ ENERGY WATELET 10-5-48-26","u":"00/10-05-048-26W4/0","f":8305,"y":2011,"d":1619,"m":1}},{"type":"Feature","geometry":{"type":"Point","coordinates":[-118.865,54.52447]},"properties":{"r":49.84,"o":27,"n":"7GEN HZ KAKWA 10-8-64-6","u":"00/10-08-064-06W6/0","f":7756,"y":2018,"d":5860}},{"type":"Feature","geometry":{"type":"Point","coordinates":[-118.66564,54.52348]},"properties":{"r":16.04,"o":27,"n":"7GEN HZ KAKWA 10-10-64-5","u":"00/10-10-064-05W6/0","f":7756,"y":2015,"d":6098}},{"type":"Feature","geometry":{"type":"Point","coordinates":[-118.61348,54.43758]},"properties":{"r":19.35,"o":27,"n":"7GEN HZ KAKWA 10-12-63-5","u":"00/10-12-063-05W6/0","f":7917,"y":2017,"d":6616}},{"type":"Feature","geometry":{"type":"Point","coordinates":[-118.4823,54.36527]},"properties":{"r":48.52,"o":27,"n":"ARC RESOURCES HZ KAKWA 10-14-62-4","u":"00/10-14-062-04W6/0","f":7860,"y":2022,"d":6409}},{"type":"Feature","geometry":{"type":"Point","coordinates":[-116.63098,54.53833]},"properties":{"r":68.22,"o":228,"n":"PARA HZ KAYBOB 10-15-64-18","u":"00/10-15-064-18W5/0","f":8864,"y":2019,"d":6121}},{"type":"Feature","geometry":{"type":"Point","coordinates":[-118.69077,54.45277]},"properties":{"r":18.97,"o":27,"n":"7GEN HZ KAKWA 10-16-63-5","u":"00/10-16-063-05W6/0","f":7917,"y":2016,"d":5582}},{"type":"Feature","geometry":{"type":"Point","coordinates":[-118.5909,54.45168]},"properties":{"r":11.95,"o":27,"n":"7GEN HZ KAKWA 10-18-63-4","u":"00/10-18-063-04W6/0","f":7756,"y":2014,"d":6272}},{"type":"Feature","geometry":{"type":"Point","coordinates":[-118.58896,54.62864]},"properties":{"r":397.05,"o":27,"n":"ARC RESOURCES HZ KARR 10-18-65-4","u":"00/10-18-065-04W6/0","f":7756,"y":2025,"d":6605}},{"type":"Feature","geometry":{"type":"Point","coordinates":[-117.48503,54.22048]},"properties":{"r":15.56,"o":90,"n":"ATH HZ PLACID 10-26-60-24","u":"00/10-26-060-24W5/0","f":6860,"y":2017,"d":5869}},{"type":"Feature","geometry":{"type":"Point","coordinates":[-118.48596,54.48038]},"properties":{"r":32.16,"o":27,"n":"ARC RESOURCES HZ KAKWA 10-26-63-4","u":"00/10-26-063-04W6/0","f":7917,"y":2022,"d":4463}},{"type":"Feature","geometry":{"type":"Point","coordinates":[-118.81586,54.48281]},"properties":{"r":24.01,"o":27,"n":"ARC RESOURCES HZ KAKWA 10-27-63-6","u":"00/10-27-063-06W6/0","f":7756,"y":2022,"d":5977}},{"type":"Feature","geometry":{"type":"Point","coordinates":[-115.75947,54.13404]},"properties":{"r":8.11,"o":223,"n":"OUTLIER GOODWIN 10-29-59-12","u":"00/10-29-059-12W5/0","f":10971,"y":1990,"d":1750,"m":1}},{"type":"Feature","geometry":{"type":"Point","coordinates":[-118.44038,54.48184]},"properties":{"r":133.18,"o":27,"n":"ARC RESOURCES HZ KARR 10-30-63-3","u":"00/10-30-063-03W6/0","f":7756,"y":2023,"d":6548}},{"type":"Feature","geometry":{"type":"Point","coordinates":[-116.60556,54.58252]},"properties":{"r":35.52,"o":198,"n":"MURPHY 9-3B HZ KAYBOB 10-35-64-18","u":"00/10-35-064-18W5/0","f":7956,"y":2019,"d":4820}},{"type":"Feature","geometry":{"type":"Point","coordinates":[-118.42009,54.51055]},"properties":{"r":41.28,"o":27,"n":"7GEN HZ KARR 11-5-64-3","u":"00/11-05-064-03W6/6","f":7756,"y":2009,"d":5474}},{"type":"Feature","geometry":{"type":"Point","coordinates":[-116.71658,54.43932]},"properties":{"r":97.39,"o":339,"n":"CPEC HZ FC807D KAYBOB 11-7-63-18","u":"00/11-07-063-18W5/2","f":6041,"y":2023,"d":6243}},{"type":"Feature","geometry":{"type":"Point","coordinates":[-110.35831,52.42675]},"properties":{"r":7.86,"o":301,"n":"SURGE ENERGY INC PROVOST 11-10-40-3","u":"00/11-10-040-03W4/0","f":9059,"y":2021,"d":2223}},{"type":"Feature","geometry":{"type":"Point","coordinates":[-118.51683,54.3493]},"properties":{"r":10.04,"o":27,"n":"7GEN HZ KAKWA 11-10-62-4","u":"00/11-10-062-04W6/2","f":7860,"y":2019,"d":5325}},{"type":"Feature","geometry":{"type":"Point","coordinates":[-118.49703,54.5265]},"properties":{"r":36.19,"o":27,"n":"ARC RESOURCES HZ KARR 11-11-64-4","u":"00/11-11-064-04W6/0","f":7756,"y":2021,"d":5055}},{"type":"Feature","geometry":{"type":"Point","coordinates":[-118.61956,54.52665]},"properties":{"r":15.01,"o":27,"n":"7GEN HZ KAKWA 11-12-64-5","u":"00/11-12-064-05W6/0","f":7756,"y":2015,"d":6125}},{"type":"Feature","geometry":{"type":"Point","coordinates":[-118.48762,54.36498]},"properties":{"r":34.51,"o":27,"n":"ARC RESOURCES HZ KAKWA 11-14-62-4","u":"00/11-14-062-04W6/0","f":7860,"y":2022,"d":6021}},{"type":"Feature","geometry":{"type":"Point","coordinates":[-118.82217,54.54119]},"properties":{"r":41.87,"o":27,"n":"7GEN HZ KAKWA 11-15-64-6","u":"00/11-15-064-06W6/0","f":7756,"y":2021,"d":6103}},{"type":"Feature","geometry":{"type":"Point","coordinates":[-118.44212,54.45242]},"properties":{"r":7.51,"o":27,"n":"7GEN HZ KAKWA 11-18-63-3","u":"00/11-18-063-03W6/0","f":7756,"y":2020,"d":6419}},{"type":"Feature","geometry":{"type":"Point","coordinates":[-116.69113,54.55489]},"properties":{"r":112.67,"o":228,"n":"PARA HZ KAYBOB 11-20-64-18","u":"00/11-20-064-18W5/0","f":9614,"y":2025,"d":6781}},{"type":"Feature","geometry":{"type":"Point","coordinates":[-118.54755,54.46528]},"properties":{"r":31.99,"o":27,"n":"7GEN HZ KAKWA 11-21-63-4","u":"00/11-21-063-04W6/0","f":7917,"y":2018,"d":5465}},{"type":"Feature","geometry":{"type":"Point","coordinates":[-118.4914,54.4827]},"properties":{"r":40.65,"o":27,"n":"ARC RESOURCES HZ KAKWA 11-26-63-4","u":"00/11-26-063-04W6/0","f":7917,"y":2022,"d":4923}},{"type":"Feature","geometry":{"type":"Point","coordinates":[-118.49329,54.57057]},"properties":{"r":28.16,"o":27,"n":"7GEN HZ KARR 11-26-64-4","u":"00/11-26-064-04W6/0","f":7756,"y":2017,"d":5054}},{"type":"Feature","geometry":{"type":"Point","coordinates":[-118.69445,54.48026]},"properties":{"r":40.36,"o":27,"n":"7GEN HZ KAKWA 11-28-63-5","u":"00/11-28-063-05W6/0","f":7917,"y":2018,"d":5725}},{"type":"Feature","geometry":{"type":"Point","coordinates":[-117.41853,54.22087]},"properties":{"r":11.82,"o":90,"n":"ATH HZ PLACID 11-29-60-23","u":"00/11-29-060-23W5/0","f":6860,"y":2019,"d":5053}},{"type":"Feature","geometry":{"type":"Point","coordinates":[-118.44272,54.4808]},"properties":{"r":17.93,"o":27,"n":"ARC RESOURCES HZ KARR 11-30-63-3","u":"00/11-30-063-03W6/0","f":7756,"y":2022,"d":6369}},{"type":"Feature","geometry":{"type":"Point","coordinates":[-118.54024,54.40787]},"properties":{"r":63.02,"o":27,"n":"ARC RESOURCES HZ KAKWA 11-33-62-4","u":"00/11-33-062-04W6/0","f":7917,"y":2022,"d":6512}},{"type":"Feature","geometry":{"type":"Point","coordinates":[-117.51522,54.40941]},"properties":{"r":6.6,"o":67,"n":"CNRL WAHIGAN 11-34-62-24","u":"00/11-34-062-24W5/0","f":7362,"y":2005,"d":1940}},{"type":"Feature","geometry":{"type":"Point","coordinates":[-118.646,54.49655]},"properties":{"r":31.43,"o":27,"n":"7GEN HZ KAKWA 11-35-63-5","u":"00/11-35-063-05W6/0","f":7756,"y":2015,"d":6119}},{"type":"Feature","geometry":{"type":"Point","coordinates":[-117.46715,54.23275]},"properties":{"r":5.01,"o":90,"n":"ATH HZ PLACID 11-36-60-24","u":"00/11-36-060-24W5/0","f":6860,"y":2017,"d":5685}},{"type":"Feature","geometry":{"type":"Point","coordinates":[-118.62585,54.42211]},"properties":{"r":27.68,"o":27,"n":"7GEN HZ KAKWA 12-1-63-5","u":"00/12-01-063-05W6/0","f":7917,"y":2018,"d":5965}},{"type":"Feature","geometry":{"type":"Point","coordinates":[-118.70278,54.4228]},"properties":{"r":28.53,"o":27,"n":"7GEN HZ KAKWA 12-4-63-5","u":"00/12-04-063-05W6/0","f":7917,"y":2020,"d":6640}},{"type":"Feature","geometry":{"type":"Point","coordinates":[-118.72792,54.61079]},"properties":{"r":66.53,"o":27,"n":"7GEN HZ KARR 12-8-65-5","u":"00/12-08-065-05W6/0","f":7756,"y":2020,"d":6721}},{"type":"Feature","geometry":{"type":"Point","coordinates":[-118.70012,54.43748]},"properties":{"r":25.93,"o":27,"n":"7GEN HZ KAKWA 12-9-63-5","u":"00/12-09-063-05W6/0","f":7917,"y":2016,"d":5601}},{"type":"Feature","geometry":{"type":"Point","coordinates":[-116.5212,54.61144]},"properties":{"r":300.69,"o":198,"n":"MURPHY 16-27F HZ KAYBOB 12-9-65-17","u":"00/12-09-065-17W5/0","f":7971,"y":2025,"d":8230}},{"type":"Feature","geometry":{"type":"Point","coordinates":[-118.50312,54.43666]},"properties":{"r":14.78,"o":27,"n":"7GEN KAKWA 12-11-63-4","u":"00/12-11-063-04W6/0","f":7917,"y":2018,"d":6000}},{"type":"Feature","geometry":{"type":"Point","coordinates":[-116.50751,53.04205]},"properties":{"r":8.91,"o":69,"n":"TOURMALINE ET AL HANLAN 12-12-47-18","u":"00/12-12-047-18W5/0","f":6248,"y":2014,"d":3682}},{"type":"Feature","geometry":{"type":"Point","coordinates":[-118.3379,55.92266]},"properties":{"r":7.11,"o":67,"n":"CNRL DUNVEG 12-12-80-3","u":"00/12-12-080-03W6/0","f":11204,"y":2003,"d":1746}},{"type":"Feature","geometry":{"type":"Point","coordinates":[-115.49614,52.9701]},"properties":{"r":5.24,"o":287,"n":"SDEL HZ PEMBINA 12-14-46-11","u":"00/12-14-046-11W5/0","f":4168,"y":2012,"d":3668}},{"type":"Feature","geometry":{"type":"Point","coordinates":[-118.4956,54.36517]},"properties":{"r":19.44,"o":27,"n":"ARC RESOURCES HZ KAKWA 12-14-62-4","u":"00/12-14-062-04W6/0","f":7860,"y":2022,"d":5991}},{"type":"Feature","geometry":{"type":"Point","coordinates":[-118.4981,54.53996]},"properties":{"r":28.37,"o":27,"n":"7GEN HZ KARR 12-14-64-4","u":"00/12-14-064-04W6/0","f":7756,"y":2013,"d":5200}},{"type":"Feature","geometry":{"type":"Point","coordinates":[-118.70331,54.62686]},"properties":{"r":128.12,"o":27,"n":"ARC RESOURCES HZ KARR 12-16-65-5","u":"00/12-16-065-05W6/0","f":7756,"y":2024,"d":4858}},{"type":"Feature","geometry":{"type":"Point","coordinates":[-118.87914,54.53945]},"properties":{"r":59.65,"o":27,"n":"ARC RESOURCES HZ KAKWA 12-17-64-6","u":"00/12-17-064-06W6/0","f":7756,"y":2023,"d":6405}},{"type":"Feature","geometry":{"type":"Point","coordinates":[-118.59795,54.37927]},"properties":{"r":19.77,"o":27,"n":"ARC RESOURCES HZ KAKWA 12-19-62-4","u":"00/12-19-062-04W6/0","f":7860,"y":2022,"d":5495}},{"type":"Feature","geometry":{"type":"Point","coordinates":[-117.04428,53.68128]},"properties":{"r":8.81,"o":237,"n":"ALBERTA856 SUNDANCE 12-21-54-21","u":"00/12-21-054-21W5/0","f":4310,"y":2012,"d":3523}},{"type":"Feature","geometry":{"type":"Point","coordinates":[-118.5513,54.46783]},"properties":{"r":12.14,"o":27,"n":"7GEN HZ KAKWA 12-21-63-4","u":"00/12-21-063-04W6/0","f":7917,"y":2013,"d":4485}},{"type":"Feature","geometry":{"type":"Point","coordinates":[-118.85388,54.55503]},"properties":{"r":50.8,"o":27,"n":"7GEN HZ KAKWA 12-21-64-6","u":"00/12-21-064-06W6/0","f":7756,"y":2018,"d":6722}},{"type":"Feature","geometry":{"type":"Point","coordinates":[-118.67938,54.46569]},"properties":{"r":6.25,"o":27,"n":"7GEN HZ KAKWA 12-22-63-5","u":"00/12-22-063-05W6/0","f":7917,"y":2013,"d":4765}},{"type":"Feature","geometry":{"type":"Point","coordinates":[-115.484,52.55956]},"properties":{"r":18.01,"o":307,"n":"TQN CHAMBERS 12-26-41-11","u":"00/12-26-041-11W5/0","f":2514,"y":2026,"d":5728}},{"type":"Feature","geometry":{"type":"Point","coordinates":[-118.65221,54.48085]},"properties":{"r":22.22,"o":27,"n":"7GEN HZ KAKWA 12-26-63-5","u":"00/12-26-063-05W6/0","f":7756,"y":2015,"d":6288}},{"type":"Feature","geometry":{"type":"Point","coordinates":[-118.67284,54.39285]},"properties":{"r":20.78,"o":27,"n":"ARC RESOURCES HZ KAKWA 12-27-62-5","u":"00/12-27-062-05W6/0","f":7917,"y":2022,"d":6481}},{"type":"Feature","geometry":{"type":"Point","coordinates":[-117.39858,54.39294]},"properties":{"r":18.18,"o":90,"n":"MURPHY 13-22C WAHIGAN 12-28-62-23","u":"00/12-28-062-23W5/0","f":6860,"y":2014,"d":5554}},{"type":"Feature","geometry":{"type":"Point","coordinates":[-118.69881,54.48348]},"properties":{"r":13.69,"o":27,"n":"7GEN HZ KAKWA 12-28-63-5","u":"00/12-28-063-05W6/0","f":7917,"y":2018,"d":5975}},{"type":"Feature","geometry":{"type":"Point","coordinates":[-118.60104,54.48206]},"properties":{"r":17.51,"o":27,"n":"7GEN HZ KAKWA 12-30-63-4","u":"00/12-30-063-04W6/0","f":7756,"y":2014,"d":6184}},{"type":"Feature","geometry":{"type":"Point","coordinates":[-118.75406,54.58191]},"properties":{"r":24.38,"o":27,"n":"7GEN HZ KAKWA 12-31-64-5","u":"00/12-31-064-05W6/0","f":7756,"y":2018,"d":6138}},{"type":"Feature","geometry":{"type":"Point","coordinates":[-118.42326,54.40781]},"properties":{"r":265.37,"o":27,"n":"ARC RESOURCES HZ LATOR 12-32-62-3","u":"00/12-32-062-03W6/0","f":7860,"y":2024,"d":7137}},{"type":"Feature","geometry":{"type":"Point","coordinates":[-118.82863,54.4967]},"properties":{"r":48.37,"o":27,"n":"ARC RESOURCES HZ KAKWA 12-34-63-6","u":"00/12-34-063-06W6/0","f":7756,"y":2022,"d":6448}},{"type":"Feature","geometry":{"type":"Point","coordinates":[-114.47149,51.79061]},"properties":{"r":84.2,"o":185,"n":"LOYAL ENERGY HARME 12-35-32-4","u":"00/12-35-032-04W5/0","f":10598,"y":2025,"d":5324}},{"type":"Feature","geometry":{"type":"Point","coordinates":[-118.64799,54.40751]},"properties":{"r":21.51,"o":27,"n":"ARC RESOURCES HZ KAKWA 12-35-62-5","u":"00/12-35-062-05W6/0","f":7917,"y":2022,"d":6116}},{"type":"Feature","geometry":{"type":"Point","coordinates":[-118.50262,54.49529]},"properties":{"r":42.77,"o":27,"n":"7GEN HZ KAKWA 12-35-63-4","u":"00/12-35-063-04W6/0","f":7756,"y":2021,"d":5321}},{"type":"Feature","geometry":{"type":"Point","coordinates":[-114.44767,51.80804]},"properties":{"r":103.57,"o":185,"n":"LOYAL ENERGY HZ HARME 13-1-33-4","u":"00/13-01-033-04W5/0","f":10336,"y":2025,"d":5720}},{"type":"Feature","geometry":{"type":"Point","coordinates":[-118.62766,54.42568]},"properties":{"r":38.01,"o":27,"n":"7GEN HZ KAKWA 13-1-63-5","u":"00/13-01-063-05W6/0","f":7917,"y":2018,"d":5886}},{"type":"Feature","geometry":{"type":"Point","coordinates":[-114.93578,52.50609]},"properties":{"r":13.65,"o":228,"n":"PARA WILLGR 13-3-41-7","u":"00/13-03-041-07W5/0","f":7588,"y":2018,"d":6417}},{"type":"Feature","geometry":{"type":"Point","coordinates":[-118.54557,54.34056]},"properties":{"r":44.74,"o":27,"n":"ARC RESOURCES HZ KAKWA 13-4-62-4","u":"00/13-04-062-04W6/3","f":7860,"y":2023,"d":6680}},{"type":"Feature","geometry":{"type":"Point","coordinates":[-118.70293,54.427]},"properties":{"r":33.31,"o":27,"n":"7GEN HZ KAKWA 13-4-63-5","u":"00/13-04-063-05W6/0","f":7917,"y":2020,"d":6423}},{"type":"Feature","geometry":{"type":"Point","coordinates":[-118.86165,55.03788]},"properties":{"r":93.26,"o":339,"n":"CPEC ELM 13-4-70-6","u":"00/13-04-070-06W6/0","f":8311,"y":2017,"d":5615}},{"type":"Feature","geometry":{"type":"Point","coordinates":[-118.72553,54.51553]},"properties":{"r":20.88,"o":27,"n":"7GEN HZ KAKWA 13-5-64-5","u":"00/13-05-064-05W6/0","f":7756,"y":2015,"d":6152}},{"type":"Feature","geometry":{"type":"Point","coordinates":[-119.52385,55.73676]},"properties":{"r":68.1,"o":307,"n":"TQN PCOUPES 13-5-78-10","u":"00/13-05-078-10W6/0","f":10679,"y":2025,"d":5475}},{"type":"Feature","geometry":{"type":"Point","coordinates":[-118.87866,54.53007]},"properties":{"r":65.43,"o":27,"n":"ARC RESOURCES HZ KAKWA 13-8-64-6","u":"00/13-08-064-06W6/0","f":7756,"y":2023,"d":6735}},{"type":"Feature","geometry":{"type":"Point","coordinates":[-119.31693,55.48938]},"properties":{"r":32.81,"o":170,"n":"KELT EXP HZ VALHALLA 13-10-75-9","u":"00/13-10-075-09W6/0","f":8389,"y":2020,"d":5752}},{"type":"Feature","geometry":{"type":"Point","coordinates":[-115.34303,52.43478]},"properties":{"r":35.87,"o":235,"n":"PETRUS HZ FERRIER 13-11-40-10","u":"00/13-11-040-10W5/0","f":10798,"y":2023,"d":4313}},{"type":"Feature","geometry":{"type":"Point","coordinates":[-118.49981,54.52727]},"properties":{"r":19.85,"o":27,"n":"7GEN HZ KARR 13-11-64-4","u":"00/13-11-064-04W6/0","f":7756,"y":2018,"d":5370}},{"type":"Feature","geometry":{"type":"Point","coordinates":[-116.62063,54.52761]},"properties":{"r":46.61,"o":228,"n":"PARA HZ KAYBOB 13-11-64-18","u":"00/13-11-064-18W5/0","f":8864,"y":2022,"d":7182}},{"type":"Feature","geometry":{"type":"Point","coordinates":[-114.75038,52.7822]},"properties":{"r":11.36,"o":234,"n":"PCC PEMBINA 13-12-44-6","u":"00/13-12-044-06W5/0","f":4994,"y":2013,"d":4786}},{"type":"Feature","geometry":{"type":"Point","coordinates":[-119.74708,55.85328]},"properties":{"r":11.91,"o":53,"n":"BIR 5-7 HZ PCOUPES 13-13-79-12","u":"00/13-13-079-12W6/0","f":6569,"y":2020,"d":5266}},{"type":"Feature","geometry":{"type":"Point","coordinates":[-114.50021,52.53467]},"properties":{"r":20.11,"o":134,"n":"I3 ENERGY GILBY 13-15-41-4","u":"00/13-15-041-04W5/0","f":9061,"y":1999,"d":2230}},{"type":"Feature","geometry":{"type":"Point","coordinates":[-118.82651,54.54407]},"properties":{"r":26.21,"o":27,"n":"7GEN HZ KAKWA 13-15-64-6","u":"00/13-15-064-06W6/0","f":7756,"y":2017,"d":5045}},{"type":"Feature","geometry":{"type":"Point","coordinates":[-114.37644,51.92451]},"properties":{"r":5.49,"o":74,"n":"SCL HZ GARR 13-16-34-3","u":"00/13-16-034-03W5/2","f":5985,"y":2014,"d":4616}},{"type":"Feature","geometry":{"type":"Point","coordinates":[-118.70102,54.54187]},"properties":{"r":38.72,"o":27,"n":"7GEN HZ KAKWA 13-16-64-5","u":"00/13-16-064-05W6/0","f":7756,"y":2015,"d":6040}},{"type":"Feature","geometry":{"type":"Point","coordinates":[-118.70319,54.62991]},"properties":{"r":107.22,"o":27,"n":"ARC RESOURCES HZ KARR 13-16-65-5","u":"00/13-16-065-05W6/0","f":7756,"y":2024,"d":5008}},{"type":"Feature","geometry":{"type":"Point","coordinates":[-118.87902,54.54266]},"properties":{"r":57.34,"o":27,"n":"ARC RESOURCES HZ KAKWA 13-17-64-6","u":"00/13-17-064-06W6/2","f":7756,"y":2023,"d":6617}},{"type":"Feature","geometry":{"type":"Point","coordinates":[-116.72286,54.45717]},"properties":{"r":201.38,"o":339,"n":"CPEC HZ FC807F KAYBOB 13-18-63-18","u":"00/13-18-063-18W5/0","f":6041,"y":2023,"d":7277}},{"type":"Feature","geometry":{"type":"Point","coordinates":[-118.59882,54.62914]},"properties":{"r":459.32,"o":27,"n":"ARC RESOURCES HZ KARR 13-18-65-4","u":"00/13-18-065-04W6/0","f":7756,"y":2025,"d":6784}},{"type":"Feature","geometry":{"type":"Point","coordinates":[-118.59798,54.38375]},"properties":{"r":27.53,"o":27,"n":"ARC RESOURCES HZ KAKWA 13-19-62-4","u":"00/13-19-062-04W6/0","f":7860,"y":2022,"d":5790}},{"type":"Feature","geometry":{"type":"Point","coordinates":[-118.60198,54.55913]},"properties":{"r":26.88,"o":27,"n":"7GEN HZ KAKWA 13-19-64-4","u":"00/13-19-064-04W6/0","f":7756,"y":2015,"d":6079}},{"type":"Feature","geometry":{"type":"Point","coordinates":[-119.70464,55.69281]},"properties":{"r":117.87,"o":158,"n":"INSIG HZ PCOUPES 13-19-77-11","u":"00/13-19-077-11W6/0","f":4895,"y":2026,"d":4674}},{"type":"Feature","geometry":{"type":"Point","coordinates":[-118.57349,54.4709]},"properties":{"r":6.23,"o":27,"n":"7GEN HZ KAKWA 13-20-63-4","u":"00/13-20-063-04W6/0","f":7917,"y":2013,"d":4290}},{"type":"Feature","geometry":{"type":"Point","coordinates":[-118.55121,54.55854]},"properties":{"r":17.51,"o":27,"n":"7GEN HZ KAKWA 13-21-64-4","u":"00/13-21-064-04W6/0","f":7756,"y":2017,"d":4880}},{"type":"Feature","geometry":{"type":"Point","coordinates":[-118.85385,54.55857]},"properties":{"r":78.25,"o":27,"n":"7GEN HZ KAKWA 13-21-64-6","u":"00/13-21-064-06W6/0","f":7756,"y":2018,"d":6837}},{"type":"Feature","geometry":{"type":"Point","coordinates":[-114.4941,51.85299]},"properties":{"r":105.69,"o":340,"n":"WHITECAP HZ GARR 13-22-33-4","u":"00/13-22-033-04W5/0","f":10858,"y":2025,"d":4328}},{"type":"Feature","geometry":{"type":"Point","coordinates":[-114.64699,52.37598]},"properties":{"r":8.03,"o":238,"n":"SITKA EXPL HZ WILLGR 13-22-39-5","u":"00/13-22-039-05W5/0","f":6536,"y":2016,"d":3627}},{"type":"Feature","geometry":{"type":"Point","coordinates":[-118.67913,54.46929]},"properties":{"r":16.88,"o":27,"n":"7GEN HZ KAKWA 13-22-63-5","u":"00/13-22-063-05W6/0","f":7756,"y":2016,"d":6435}},{"type":"Feature","geometry":{"type":"Point","coordinates":[-116.7689,54.55954]},"properties":{"r":45.37,"o":228,"n":"PARA HZ KAYBOB 13-23-64-19","u":"00/13-23-064-19W5/0","f":9614,"y":2023,"d":7480}},{"type":"Feature","geometry":{"type":"Point","coordinates":[-118.65158,54.64596]},"properties":{"r":119.4,"o":27,"n":"ARC RESOURCES HZ KARR 13-23-65-5","u":"00/13-23-065-05W6/0","f":7756,"y":2024,"d":5175}},{"type":"Feature","geometry":{"type":"Point","coordinates":[-116.74746,54.55858]},"properties":{"r":25.14,"o":228,"n":"PARA HZ KAYBOB 13-24-64-19","u":"00/13-24-064-19W5/0","f":9614,"y":2023,"d":7429}},{"type":"Feature","geometry":{"type":"Point","coordinates":[-114.44781,51.86632]},"properties":{"r":51.97,"o":340,"n":"WHITECAP GARR 13-25-33-4","u":"00/13-25-033-04W5/0","f":10132,"y":2024,"d":5865}},{"type":"Feature","geometry":{"type":"Point","coordinates":[-118.77459,54.57293]},"properties":{"r":14.93,"o":27,"n":"7GEN HZ KAKWA 13-25-64-6","u":"00/13-25-064-06W6/0","f":7756,"y":2014,"d":5666}},{"type":"Feature","geometry":{"type":"Point","coordinates":[-114.4683,51.8651]},"properties":{"r":40.74,"o":340,"n":"WHITECAP GARR 13-26-33-4","u":"00/13-26-033-04W5/0","f":10949,"y":2023,"d":5566}},{"type":"Feature","geometry":{"type":"Point","coordinates":[-118.65424,54.48619]},"properties":{"r":20.42,"o":27,"n":"7GEN HZ KAKWA 13-26-63-5","u":"00/13-26-063-05W6/0","f":7756,"y":2013,"d":6363}},{"type":"Feature","geometry":{"type":"Point","coordinates":[-118.67296,54.39622]},"properties":{"r":22.66,"o":27,"n":"ARC RESOURCES HZ KAKWA 13-27-62-5","u":"00/13-27-062-05W6/0","f":7917,"y":2021,"d":6462}},{"type":"Feature","geometry":{"type":"Point","coordinates":[-118.52276,54.4855]},"properties":{"r":9.56,"o":27,"n":"7GEN HZ KAKWA 13-27-63-4","u":"00/13-27-063-04W6/0","f":7917,"y":2013,"d":4870}},{"type":"Feature","geometry":{"type":"Point","coordinates":[-118.70277,54.48565]},"properties":{"r":17.97,"o":27,"n":"7GEN HZ KAKWA 13-28-63-5","u":"00/13-28-063-05W6/2","f":7917,"y":2018,"d":6200}},{"type":"Feature","geometry":{"type":"Point","coordinates":[-114.57001,52.05582]},"properties":{"r":15.1,"o":11,"n":"AOC GARR 13-31-35-4","u":"00/13-31-035-04W5/0","f":10327,"y":2024,"d":4805}},{"type":"Feature","geometry":{"type":"Point","coordinates":[-116.54343,54.50057]},"properties":{"r":176.7,"o":228,"n":"PARA HZ KAYBOB 13-32-63-17","u":"00/13-32-063-17W5/0","f":9614,"y":2024,"d":7750}},{"type":"Feature","geometry":{"type":"Point","coordinates":[-118.57764,54.587]},"properties":{"r":5.14,"o":27,"n":"7GEN HZ ET AL KARR 13-32-64-4","u":"00/13-32-064-04W6/0","f":4757,"y":2010,"d":3606}},{"type":"Feature","geometry":{"type":"Point","coordinates":[-118.50252,54.49883]},"properties":{"r":34.91,"o":27,"n":"7GEN HZ KAKWA 13-35-63-4","u":"00/13-35-063-04W6/0","f":7756,"y":2021,"d":5676}},{"type":"Feature","geometry":{"type":"Point","coordinates":[-114.58325,51.89543]},"properties":{"r":22.73,"o":340,"n":"WHITECAP CAROL 14-1-34-5","u":"00/14-01-034-05W5/0","f":10845,"y":2023,"d":4279}},{"type":"Feature","geometry":{"type":"Point","coordinates":[-114.87998,52.5072]},"properties":{"r":6.98,"o":315,"n":"BEC HZ WILLGR 14-1-41-7","u":"00/14-01-041-07W5/2","f":8040,"y":2020,"d":4005}},{"type":"Feature","geometry":{"type":"Point","coordinates":[-118.62253,54.42745]},"properties":{"r":31.6,"o":27,"n":"ARC RESOURCES HZ KAKWA 14-1-63-5","u":"00/14-01-063-05W6/0","f":7917,"y":2021,"d":5917}},{"type":"Feature","geometry":{"type":"Point","coordinates":[-114.93079,52.50823]},"properties":{"r":9.98,"o":228,"n":"PARA WILLGR 14-3-41-7","u":"00/14-03-041-07W5/0","f":7588,"y":2018,"d":6415}},{"type":"Feature","geometry":{"type":"Point","coordinates":[-119.51769,55.73676]},"properties":{"r":74.53,"o":307,"n":"TQN PCOUPES 14-5-78-10","u":"00/14-05-078-10W6/0","f":10679,"y":2025,"d":5390}},{"type":"Feature","geometry":{"type":"Point","coordinates":[-117.39282,54.35532]},"properties":{"r":15.49,"o":90,"n":"MURPHY 16-3B SAXON 14-9-62-23","u":"00/14-09-062-23W5/0","f":6860,"y":2017,"d":6828}},{"type":"Feature","geometry":{"type":"Point","coordinates":[-118.52225,54.5274]},"properties":{"r":51.85,"o":27,"n":"7GEN HZ KARR 14-10-64-4","u":"00/14-10-064-04W6/0","f":7756,"y":2019,"d":5839}},{"type":"Feature","geometry":{"type":"Point","coordinates":[-118.61856,54.52785]},"properties":{"r":15.45,"o":27,"n":"7GEN HZ KAKWA 14-12-64-5","u":"00/14-12-064-05W6/0","f":7756,"y":2015,"d":6234}},{"type":"Feature","geometry":{"type":"Point","coordinates":[-118.69622,54.63154]},"properties":{"r":70.42,"o":27,"n":"ARC RESOURCES HZ KARR 14-16-65-5","u":"00/14-16-065-05W6/0","f":7756,"y":2024,"d":4905}},{"type":"Feature","geometry":{"type":"Point","coordinates":[-118.59427,54.45509]},"properties":{"r":13.31,"o":27,"n":"7GEN HZ KAKWA 14-18-63-4","u":"00/14-18-063-04W6/0","f":7756,"y":2014,"d":6064}},{"type":"Feature","geometry":{"type":"Point","coordinates":[-117.92612,54.45778]},"properties":{"r":5.43,"o":67,"n":"CNRL SIMON 14-18-63-26","u":"00/14-18-063-26W5/0","f":6580,"y":2005,"d":2024}},{"type":"Feature","geometry":{"type":"Point","coordinates":[-118.59302,54.54365]},"properties":{"r":20.46,"o":27,"n":"7GEN HZ KAKWA 14-18-64-4","u":"00/14-18-064-04W6/0","f":7756,"y":2014,"d":5197}},{"type":"Feature","geometry":{"type":"Point","coordinates":[-116.41401,54.54263]},"properties":{"r":227.02,"o":198,"n":"MURPHY 16-27C HZ TWOCK 14-18-64-16","u":"00/14-18-064-16W5/0","f":7971,"y":2025,"d":8040}},{"type":"Feature","geometry":{"type":"Point","coordinates":[-118.59636,54.6291]},"properties":{"r":501.82,"o":27,"n":"ARC RESOURCES HZ KARR 14-18-65-4","u":"00/14-18-065-04W6/0","f":7756,"y":2025,"d":6708}},{"type":"Feature","geometry":{"type":"Point","coordinates":[-116.71484,54.55862]},"properties":{"r":105.65,"o":228,"n":"PARA HZ KAYBOB 14-19-64-18","u":"00/14-19-064-18W5/0","f":9614,"y":2025,"d":7193}},{"type":"Feature","geometry":{"type":"Point","coordinates":[-118.56743,54.47091]},"properties":{"r":9.75,"o":27,"n":"7GEN HZ KAKWA 14-20-63-4","u":"00/14-20-063-04W6/0","f":7917,"y":2013,"d":4370}},{"type":"Feature","geometry":{"type":"Point","coordinates":[-118.56862,54.55845]},"properties":{"r":22.56,"o":27,"n":"7GEN HZ KAKWA 14-20-64-4","u":"00/14-20-064-04W6/0","f":7756,"y":2017,"d":5779}},{"type":"Feature","geometry":{"type":"Point","coordinates":[-117.04084,53.68411]},"properties":{"r":5.07,"o":237,"n":"ALBERTA856 SUNDANCE 14-21-54-21","u":"00/14-21-054-21W5/0","f":4310,"y":2012,"d":3589}},{"type":"Feature","geometry":{"type":"Point","coordinates":[-116.61562,54.55862]},"properties":{"r":95.73,"o":228,"n":"PARA HZ KAYBOB 14-23-64-18","u":"00/14-23-064-18W5/0","f":9614,"y":2023,"d":7105}},{"type":"Feature","geometry":{"type":"Point","coordinates":[-116.76219,54.55934]},"properties":{"r":22.45,"o":228,"n":"PARA HZ KAYBOB 14-23-64-19","u":"00/14-23-064-19W5/0","f":9614,"y":2023,"d":7560}},{"type":"Feature","geometry":{"type":"Point","coordinates":[-118.64671,54.646]},"properties":{"r":107.83,"o":27,"n":"ARC RESOURCES HZ KARR 14-23-65-5","u":"00/14-23-065-05W6/0","f":7756,"y":2024,"d":4548}},{"type":"Feature","geometry":{"type":"Point","coordinates":[-116.7407,54.55862]},"properties":{"r":52.44,"o":228,"n":"PARA HZ KAYBOB 14-24-64-19","u":"00/14-24-064-19W5/0","f":9614,"y":2023,"d":7386}},{"type":"Feature","geometry":{"type":"Point","coordinates":[-118.61918,54.64599]},"properties":{"r":183.83,"o":27,"n":"ARC RESOURCES HZ KARR 14-24-65-5","u":"00/14-24-065-05W6/0","f":7756,"y":2024,"d":5765}},{"type":"Feature","geometry":{"type":"Point","coordinates":[-118.76985,54.57314]},"properties":{"r":11.01,"o":27,"n":"7GEN HZ KAKWA 14-25-64-6","u":"00/14-25-064-06W6/0","f":7756,"y":2012,"d":5424}},{"type":"Feature","geometry":{"type":"Point","coordinates":[-114.46471,51.86623]},"properties":{"r":69.17,"o":340,"n":"WHITECAP GARR 14-26-33-4","u":"00/14-26-033-04W5/0","f":10946,"y":2024,"d":5741}},{"type":"Feature","geometry":{"type":"Point","coordinates":[-118.49126,54.57276]},"properties":{"r":21.91,"o":27,"n":"7GEN HZ KARR 14-26-64-4","u":"00/14-26-064-04W6/0","f":7756,"y":2014,"d":5720}},{"type":"Feature","geometry":{"type":"Point","coordinates":[-114.48856,51.86633]},"properties":{"r":216.56,"o":340,"n":"WHITECAP HZ GARR 14-27-33-4","u":"00/14-27-033-04W5/0","f":10859,"y":2025,"d":5670}},{"type":"Feature","geometry":{"type":"Point","coordinates":[-118.82169,54.48599]},"properties":{"r":31.05,"o":27,"n":"ARC RESOURCES HZ KAKWA 14-27-63-6","u":"00/14-27-063-06W6/0","f":7756,"y":2022,"d":5695}},{"type":"Feature","geometry":{"type":"Point","coordinates":[-114.56209,51.86631]},"properties":{"r":53.86,"o":340,"n":"WHITECAP CAROL 14-30-33-4","u":"00/14-30-033-04W5/2","f":9597,"y":2023,"d":5762}},{"type":"Feature","geometry":{"type":"Point","coordinates":[-116.53622,54.50062]},"properties":{"r":158.96,"o":228,"n":"PARA HZ KAYBOB 14-32-63-17","u":"00/14-32-063-17W5/0","f":9614,"y":2024,"d":7860}},{"type":"Feature","geometry":{"type":"Point","coordinates":[-116.73598,54.58586]},"properties":{"r":36.61,"o":198,"n":"MURPHY 12-29A HZ KAYBOB 14-36-64-19","u":"00/14-36-064-19W5/0","f":9449,"y":2017,"d":5931}},{"type":"Feature","geometry":{"type":"Point","coordinates":[-117.18943,54.42632]},"properties":{"r":10.67,"o":340,"n":"XTO WAHIGAN 15-1-63-22","u":"00/15-01-063-22W5/0","f":5848,"y":2013,"d":4739}},{"type":"Feature","geometry":{"type":"Point","coordinates":[-118.61332,54.51295]},"properties":{"r":12.35,"o":27,"n":"7GEN HZ 102 KAKWA 4-14-64-5","u":"00/15-01-064-05W6/2","f":7756,"y":2014,"d":6155}},{"type":"Feature","geometry":{"type":"Point","coordinates":[-118.81221,54.51313]},"properties":{"r":68.87,"o":27,"n":"ARC RESOURCES HZ KAKWA 15-3-64-6","u":"00/15-03-064-06W6/0","f":7756,"y":2022,"d":7207}},{"type":"Feature","geometry":{"type":"Point","coordinates":[-118.53578,54.34068]},"properties":{"r":43.27,"o":27,"n":"ARC RESOURCES HZ KAKWA 15-4-62-4","u":"00/15-04-062-04W6/0","f":7860,"y":2023,"d":6985}},{"type":"Feature","geometry":{"type":"Point","coordinates":[-118.53893,54.42583]},"properties":{"r":38.68,"o":27,"n":"7GEN HZ KAKWA 15-4-63-4","u":"00/15-04-063-04W6/0","f":7917,"y":2016,"d":5940}},{"type":"Feature","geometry":{"type":"Point","coordinates":[-116.71043,54.44209]},"properties":{"r":84.81,"o":339,"n":"CPEC HZ FC807E KAYBOB 15-7-63-18","u":"00/15-07-063-18W5/0","f":6041,"y":2023,"d":5604}},{"type":"Feature","geometry":{"type":"Point","coordinates":[-118.35942,54.35441]},"properties":{"r":35.35,"o":27,"n":"ARC RESOURCES KAKWA 15-10-62-3","u":"00/15-10-062-03W6/0","f":5387,"y":2013,"d":4894}},{"type":"Feature","geometry":{"type":"Point","coordinates":[-115.30537,52.43477]},"properties":{"r":15.75,"o":235,"n":"PETRUS HZ FERRIER 15-12-40-10","u":"00/15-12-040-10W5/0","f":10799,"y":2023,"d":4054}},{"type":"Feature","geometry":{"type":"Point","coordinates":[-116.58402,54.6157]},"properties":{"r":62.56,"o":198,"n":"MURPHY 6-6B KAYBOB 15-12-65-18","u":"00/15-12-065-18W5/0","f":7907,"y":2019,"d":6040}},{"type":"Feature","geometry":{"type":"Point","coordinates":[-115.69367,53.32292]},"properties":{"r":23.04,"o":327,"n":"VEI HZ PEMBINA 15-16-50-12","u":"00/15-16-050-12W5/0","f":9688,"y":2023,"d":3930}},{"type":"Feature","geometry":{"type":"Point","coordinates":[-118.69077,54.45636]},"properties":{"r":16.12,"o":27,"n":"7GEN HZ KAKWA 15-16-63-5","u":"00/15-16-063-05W6/0","f":7917,"y":2016,"d":5567}},{"type":"Feature","geometry":{"type":"Point","coordinates":[-118.69147,54.63157]},"properties":{"r":107.18,"o":27,"n":"ARC RESOURCES HZ KARR 15-16-65-5","u":"00/15-16-065-05W6/0","f":7756,"y":2024,"d":4768}},{"type":"Feature","geometry":{"type":"Point","coordinates":[-118.43647,54.45536]},"properties":{"r":43.94,"o":27,"n":"7GEN HZ KAKWA 15-18-63-3","u":"00/15-18-063-03W6/0","f":7756,"y":2018,"d":6281}},{"type":"Feature","geometry":{"type":"Point","coordinates":[-118.58948,54.45583]},"properties":{"r":12.54,"o":27,"n":"7GEN HZ KAKWA 15-18-63-4","u":"00/15-18-063-04W6/0","f":7756,"y":2015,"d":6304}},{"type":"Feature","geometry":{"type":"Point","coordinates":[-116.70615,54.55862]},"properties":{"r":124.68,"o":228,"n":"PARA HZ KAYBOB 15-19-64-18","u":"00/15-19-064-18W5/0","f":9614,"y":2025,"d":7156}},{"type":"Feature","geometry":{"type":"Point","coordinates":[-118.56416,54.4709]},"properties":{"r":13.38,"o":27,"n":"7GEN HZ KAKWA 15-20-63-4","u":"00/15-20-063-04W6/0","f":7917,"y":2013,"d":4513}},{"type":"Feature","geometry":{"type":"Point","coordinates":[-118.56059,54.55705]},"properties":{"r":17.74,"o":27,"n":"7GEN HZ KAKWA 15-20-64-4","u":"00/15-20-064-04W6/0","f":7756,"y":2017,"d":5275}},{"type":"Feature","geometry":{"type":"Point","coordinates":[-114.517,52.90027]},"properties":{"r":8.01,"o":258,"n":"RPCL PEMBINA 15-21-45-4","u":"00/15-21-045-04W5/0","f":7735,"y":2018,"d":5172}},{"type":"Feature","geometry":{"type":"Point","coordinates":[-116.62969,54.55847]},"properties":{"r":81.96,"o":228,"n":"PARA HZ KAYBOB 15-22-64-18","u":"00/15-22-064-18W5/0","f":9614,"y":2023,"d":7351}},{"type":"Feature","geometry":{"type":"Point","coordinates":[-116.75554,54.5594]},"properties":{"r":38.68,"o":228,"n":"PARA HZ KAYBOB 15-23-64-19","u":"00/15-23-064-19W5/2","f":9614,"y":2023,"d":7292}},{"type":"Feature","geometry":{"type":"Point","coordinates":[-118.64177,54.64591]},"properties":{"r":122.78,"o":27,"n":"ARC RESOURCES HZ KARR 15-23-65-5","u":"00/15-23-065-05W6/0","f":7756,"y":2024,"d":4291}},{"type":"Feature","geometry":{"type":"Point","coordinates":[-116.73218,54.55864]},"properties":{"r":122.65,"o":228,"n":"PARA HZ KAYBOB 15-24-64-19","u":"00/15-24-064-19W5/0","f":9614,"y":2025,"d":7973}},{"type":"Feature","geometry":{"type":"Point","coordinates":[-118.61105,54.64597]},"properties":{"r":113.82,"o":27,"n":"ARC RESOURCES HZ KARR 15-24-65-5","u":"00/15-24-065-05W6/0","f":7756,"y":2024,"d":5605}},{"type":"Feature","geometry":{"type":"Point","coordinates":[-114.48271,51.86633]},"properties":{"r":49.23,"o":340,"n":"WHITECAP HZ GARR 15-27-33-4","u":"00/15-27-033-04W5/0","f":10950,"y":2023,"d":5741}},{"type":"Feature","geometry":{"type":"Point","coordinates":[-115.42622,52.39154]},"properties":{"r":22.35,"o":348,"n":"YANGARRA HZ PHOENIX 15-30-39-10","u":"00/15-30-039-10W5/0","f":8458,"y":2025,"d":5596}},{"type":"Feature","geometry":{"type":"Point","coordinates":[-114.55576,51.88076]},"properties":{"r":52.86,"o":340,"n":"WHITECAP CAROL 15-31-33-4","u":"00/15-31-033-04W5/0","f":9933,"y":2024,"d":5744}},{"type":"Feature","geometry":{"type":"Point","coordinates":[-116.55797,54.50057]},"properties":{"r":286.96,"o":228,"n":"PARA HZ KAYBOB 15-31-63-17","u":"00/15-31-063-17W5/0","f":9614,"y":2024,"d":7531}},{"type":"Feature","geometry":{"type":"Point","coordinates":[-118.73895,54.58736]},"properties":{"r":19.39,"o":27,"n":"7GEN HZ KAKWA 15-31-64-5","u":"00/15-31-064-05W6/0","f":7756,"y":2014,"d":5658}},{"type":"Feature","geometry":{"type":"Point","coordinates":[-114.48437,51.79156]},"properties":{"r":120.28,"o":185,"n":"LOYAL ENERGY HZ HARME 15-34-32-4","u":"00/15-34-032-04W5/0","f":10597,"y":2025,"d":5553}},{"type":"Feature","geometry":{"type":"Point","coordinates":[-114.89909,52.49145]},"properties":{"r":8.41,"o":228,"n":"PARA WILLGR 10-25-40-7","u":"00/15-35-040-07W5/2","f":7248,"y":2016,"d":6010}},{"type":"Feature","geometry":{"type":"Point","coordinates":[-116.73264,54.58769]},"properties":{"r":27.47,"o":198,"n":"MURPHY 12-29B HZ KAYBOB 15-36-64-19","u":"00/15-36-064-19W5/0","f":9449,"y":2017,"d":5770}},{"type":"Feature","geometry":{"type":"Point","coordinates":[-119.88895,55.8965]},"properties":{"r":6.58,"o":53,"n":"BIR 13-30 HZ PCOUPE 15-36-79-13","u":"00/15-36-079-13W6/0","f":7514,"y":2014,"d":3623}},{"type":"Feature","geometry":{"type":"Point","coordinates":[-114.57151,51.89541]},"properties":{"r":104.05,"o":340,"n":"WHITECAP HZ CAROL 16-1-34-5","u":"00/16-01-034-05W5/2","f":10819,"y":2025,"d":5727}},{"type":"Feature","geometry":{"type":"Point","coordinates":[-118.60996,54.51602]},"properties":{"r":9.77,"o":27,"n":"7GEN HZ KAKWA 16-1-64-5","u":"00/16-01-064-05W6/0","f":7756,"y":2015,"d":4885}},{"type":"Feature","geometry":{"type":"Point","coordinates":[-116.42253,54.51462]},"properties":{"r":783.67,"o":198,"n":"MURPHY 7-15C TWOCK 16-1-64-17","u":"00/16-01-064-17W5/0","f":7970,"y":2025,"d":7418}},{"type":"Feature","geometry":{"type":"Point","coordinates":[-115.18905,52.94386]},"properties":{"r":5.95,"o":75,"n":"CVE PEMBINA 16-2-46-9","u":"00/16-02-046-09W5/0","f":10918,"y":2014,"d":5210}},{"type":"Feature","geometry":{"type":"Point","coordinates":[-118.53114,54.34067]},"properties":{"r":39.14,"o":27,"n":"ARC RESOURCES HZ KAKWA 16-4-62-4","u":"00/16-04-062-04W6/0","f":7860,"y":2023,"d":7152}},{"type":"Feature","geometry":{"type":"Point","coordinates":[-119.80348,55.82424]},"properties":{"r":5.87,"o":53,"n":"BIR 07-33 HZ PCOUPE 16-4-79-12","u":"00/16-04-079-12W6/0","f":6569,"y":2017,"d":4559}},{"type":"Feature","geometry":{"type":"Point","coordinates":[-118.55667,54.42871]},"properties":{"r":8.83,"o":27,"n":"7GEN HZ KAKWA 16-5-63-4","u":"00/16-05-063-04W6/0","f":7917,"y":2013,"d":4773}},{"type":"Feature","geometry":{"type":"Point","coordinates":[-118.7315,54.51382]},"properties":{"r":37.57,"o":27,"n":"7GEN HZ KAKWA 16-6-64-5","u":"00/16-06-064-05W6/2","f":7756,"y":2016,"d":6205}},{"type":"Feature","geometry":{"type":"Point","coordinates":[-119.67294,55.92584]},"properties":{"r":42.48,"o":170,"n":"KELT EXP HZ FARMTON 16-8-80-11","u":"00/16-08-080-11W6/0","f":10457,"y":2025,"d":5463}},{"type":"Feature","geometry":{"type":"Point","coordinates":[-118.65872,54.5277]},"properties":{"r":18.43,"o":27,"n":"7GEN HZ KAKWA 16-10-64-5","u":"00/16-10-064-05W6/0","f":7756,"y":2014,"d":6100}},{"type":"Feature","geometry":{"type":"Point","coordinates":[-113.74608,49.11413]},"properties":{"r":5.03,"o":185,"n":"LOYAL ENERGY LOOKOUT 16-12-2-29","u":"00/16-12-002-29W4/0","f":11438,"y":1970,"d":3679}},{"type":"Feature","geometry":{"type":"Point","coordinates":[-114.43938,52.78219]},"properties":{"r":82.17,"o":290,"n":"SPARTAN DELTA PEMBINA 16-12-44-4","u":"00/16-12-044-04W5/0","f":10000,"y":2019,"d":6400}},{"type":"Feature","geometry":{"type":"Point","coordinates":[-118.60988,54.54336]},"properties":{"r":17.11,"o":27,"n":"7GEN HZ KAKWA 16-13-64-5","u":"00/16-13-064-05W6/0","f":7756,"y":2014,"d":5610}},{"type":"Feature","geometry":{"type":"Point","coordinates":[-118.48088,54.63208]},"properties":{"r":97.35,"o":27,"n":"7GEN HZ KARR 16-14-65-4","u":"00/16-14-065-04W6/0","f":7756,"y":2019,"d":5880}},{"type":"Feature","geometry":{"type":"Point","coordinates":[-116.45467,54.28002]},"properties":{"r":42.69,"o":339,"n":"CPEC FC176B CHICKDEE 16-15-61-17","u":"00/16-15-061-17W5/0","f":6684,"y":2016,"d":5206}},{"type":"Feature","geometry":{"type":"Point","coordinates":[-114.50071,51.83722]},"properties":{"r":151.84,"o":340,"n":"WHITECAP HZ CAROL 16-16-33-4","u":"00/16-16-033-04W5/0","f":10954,"y":2026,"d":4141}},{"type":"Feature","geometry":{"type":"Point","coordinates":[-115.68636,53.32291]},"properties":{"r":26.86,"o":327,"n":"VEI HZ PEMBINA 16-16-50-12","u":"00/16-16-050-12W5/0","f":10662,"y":2025,"d":3967}},{"type":"Feature","geometry":{"type":"Point","coordinates":[-118.68239,54.54303]},"properties":{"r":38.03,"o":27,"n":"7GEN HZ KAKWA 16-16-64-5","u":"00/16-16-064-05W6/0","f":7756,"y":2016,"d":5409}},{"type":"Feature","geometry":{"type":"Point","coordinates":[-118.53277,54.62913]},"properties":{"r":11.76,"o":27,"n":"7GEN HZ KARR 16-16-65-4","u":"00/16-16-065-04W6/0","f":7756,"y":2018,"d":5178}},{"type":"Feature","geometry":{"type":"Point","coordinates":[-117.40399,54.1939]},"properties":{"r":5.91,"o":90,"n":"ATH HZ PLACID 16-17-60-23","u":"00/16-17-060-23W5/2","f":6860,"y":2016,"d":5740}},{"type":"Feature","geometry":{"type":"Point","coordinates":[-119.98706,55.94003]},"properties":{"r":8.76,"o":327,"n":"VEI HZ PCOUPE 16-17-80-13","u":"00/16-17-080-13W6/0","f":10554,"y":2024,"d":4258}},{"type":"Feature","geometry":{"type":"Point","coordinates":[-118.55716,54.55862]},"properties":{"r":24.51,"o":27,"n":"7GEN HZ KAKWA 16-20-64-4","u":"00/16-20-064-04W6/0","f":7756,"y":2017,"d":5260}},{"type":"Feature","geometry":{"type":"Point","coordinates":[-118.53302,54.55865]},"properties":{"r":69.9,"o":27,"n":"ARC RESOURCES HZ KAKWA 16-21-64-4","u":"00/16-21-064-04W6/0","f":7756,"y":2021,"d":5720}},{"type":"Feature","geometry":{"type":"Point","coordinates":[-118.68294,54.55707]},"properties":{"r":18.55,"o":27,"n":"7GEN HZ KAKWA 16-21-64-5","u":"00/16-21-064-05W6/0","f":7756,"y":2013,"d":5340}},{"type":"Feature","geometry":{"type":"Point","coordinates":[-118.80764,54.47222]},"properties":{"r":140.05,"o":27,"n":"ARC RESOURCES HZ KAKWA 16-22-63-6","u":"00/16-22-063-06W6/0","f":7756,"y":2025,"d":6835}},{"type":"Feature","geometry":{"type":"Point","coordinates":[-118.65676,54.55837]},"properties":{"r":77.68,"o":27,"n":"ARC RESOURCES HZ KAKWA 16-22-64-5","u":"00/16-22-064-05W6/0","f":7756,"y":2021,"d":6538}},{"type":"Feature","geometry":{"type":"Point","coordinates":[-116.62272,54.55866]},"properties":{"r":62.67,"o":228,"n":"PARA HZ KAYBOB 16-22-64-18","u":"00/16-22-064-18W5/0","f":9614,"y":2023,"d":7315}},{"type":"Feature","geometry":{"type":"Point","coordinates":[-116.77591,54.55934]},"properties":{"r":97.28,"o":228,"n":"PARA HZ KAYBOB 16-22-64-19","u":"00/16-22-064-19W5/0","f":9614,"y":2023,"d":8079}},{"type":"Feature","geometry":{"type":"Point","coordinates":[-118.48038,54.64431]},"properties":{"r":133.2,"o":27,"n":"ARC RESOURCES HZ KARR 16-23-65-4","u":"00/16-23-065-04W6/0","f":7756,"y":2025,"d":6215}},{"type":"Feature","geometry":{"type":"Point","coordinates":[-119.11683,55.77918]},"properties":{"r":6.08,"o":170,"n":"KELT EXP SPIRITR 16-23-78-8","u":"00/16-23-078-08W6/0","f":9430,"y":2003,"d":1556,"m":1}},{"type":"Feature","geometry":{"type":"Point","coordinates":[-116.72353,54.55862]},"properties":{"r":116.72,"o":228,"n":"PARA HZ KAYBOB 16-24-64-19","u":"00/16-24-064-19W5/0","f":9614,"y":2025,"d":7668}},{"type":"Feature","geometry":{"type":"Point","coordinates":[-114.45432,51.86632]},"properties":{"r":77.09,"o":340,"n":"WHITECAP GARR 16-26-33-4","u":"00/16-26-033-04W5/0","f":10947,"y":2024,"d":5613}},{"type":"Feature","geometry":{"type":"Point","coordinates":[-117.47947,54.22242]},"properties":{"r":8.32,"o":90,"n":"ATH HZ PLACID 16-26-60-24","u":"00/16-26-060-24W5/0","f":6860,"y":2016,"d":5636}},{"type":"Feature","geometry":{"type":"Point","coordinates":[-118.6569,54.57186]},"properties":{"r":55.06,"o":27,"n":"ARC RESOURCES HZ KAKWA 16-27-64-5","u":"00/16-27-064-05W6/0","f":7756,"y":2021,"d":5389}},{"type":"Feature","geometry":{"type":"Point","coordinates":[-114.82066,52.39068]},"properties":{"r":161.69,"o":315,"n":"TOURMALINE HZ FERRIER 16-29-39-6","u":"00/16-29-039-06W5/2","f":8221,"y":2026,"d":5332}},{"type":"Feature","geometry":{"type":"Point","coordinates":[-116.50345,54.30948]},"properties":{"r":17.9,"o":339,"n":"CPEC FOXCK 16-29-61-17","u":"00/16-29-061-17W5/0","f":6219,"y":2015,"d":4633}},{"type":"Feature","geometry":{"type":"Point","coordinates":[-114.54522,51.86631]},"properties":{"r":50.84,"o":340,"n":"WHITECAP CAROL 16-30-33-4","u":"00/16-30-033-04W5/0","f":9932,"y":2024,"d":4184}},{"type":"Feature","geometry":{"type":"Point","coordinates":[-115.41991,52.39121]},"properties":{"r":8.47,"o":348,"n":"SANSUM HZ PHOENIX 16-30-39-10","u":"00/16-30-039-10W5/0","f":8458,"y":2021,"d":5354}},{"type":"Feature","geometry":{"type":"Point","coordinates":[-118.42687,54.39752]},"properties":{"r":266.6,"o":27,"n":"ARC RESOURCES HZ LATOR 16-30-62-3","u":"00/16-30-062-03W6/0","f":7860,"y":2024,"d":5952}},{"type":"Feature","geometry":{"type":"Point","coordinates":[-116.55064,54.50059]},"properties":{"r":157.16,"o":228,"n":"PARA HZ KAYBOB 16-31-63-17","u":"00/16-31-063-17W5/0","f":9614,"y":2024,"d":7567}},{"type":"Feature","geometry":{"type":"Point","coordinates":[-118.85778,54.67528]},"properties":{"r":47.34,"o":225,"n":"OVV WAPITI 16-32-65-6","u":"00/16-32-065-06W6/2","f":6394,"y":2015,"d":5176}},{"type":"Feature","geometry":{"type":"Point","coordinates":[-118.52771,54.41107]},"properties":{"r":39.63,"o":27,"n":"7GEN HZ KAKWA 16-33-62-4","u":"00/16-33-062-04W6/0","f":7860,"y":2021,"d":6359}},{"type":"Feature","geometry":{"type":"Point","coordinates":[-118.52954,54.49987]},"properties":{"r":21.78,"o":27,"n":"7GEN HZ KAKWA 16-33-63-4","u":"00/16-33-063-04W6/0","f":5273,"y":2013,"d":4548}},{"type":"Feature","geometry":{"type":"Point","coordinates":[-118.65665,54.5853]},"properties":{"r":38.91,"o":27,"n":"ARC RESOURCES HZ KAKWA 16-34-64-5","u":"00/16-34-064-05W6/0","f":7756,"y":2021,"d":5080}},{"type":"Feature","geometry":{"type":"Point","coordinates":[-117.32907,54.2377]},"properties":{"r":14.78,"o":90,"n":"ATH HZ PLACID 16-35-60-23","u":"00/16-35-060-23W5/0","f":6860,"y":2017,"d":6295}},{"type":"Feature","geometry":{"type":"Point","coordinates":[-117.45505,54.23871]},"properties":{"r":5.37,"o":90,"n":"ATH HZ PLACID 16-36-60-24","u":"00/16-36-060-24W5/0","f":6860,"y":2018,"d":5300}},{"type":"Feature","geometry":{"type":"Point","coordinates":[-119.88226,55.89642]},"properties":{"r":7.55,"o":53,"n":"BIR 13-30 HZ PCOUPE 16-36-79-13","u":"00/16-36-079-13W6/0","f":7514,"y":2014,"d":3595}},{"type":"Feature","geometry":{"type":"Point","coordinates":[-116.42288,54.50526]},"properties":{"r":819.37,"o":198,"n":"MURPHY 7-15D TWOCK 1-1-64-17","u":"02/01-01-064-17W5/0","f":7970,"y":2025,"d":8246}},{"type":"Feature","geometry":{"type":"Point","coordinates":[-118.48116,54.50312]},"properties":{"r":9.79,"o":27,"n":"7GEN HZ 102 KARR 1-2-64-4","u":"02/01-02-064-04W6/0","f":7756,"y":2013,"d":4579}},{"type":"Feature","geometry":{"type":"Point","coordinates":[-118.63253,54.59165]},"properties":{"r":121.67,"o":27,"n":"ARC RESOURCES 102 KARR 1-2-65-5","u":"02/01-02-065-05W6/0","f":7756,"y":2023,"d":6823}},{"type":"Feature","geometry":{"type":"Point","coordinates":[-118.55833,54.41724]},"properties":{"r":36.61,"o":27,"n":"ARC RESOURCES 102 KAKWA 1-5-63-4","u":"02/01-05-063-04W6/0","f":7860,"y":2022,"d":5838}},{"type":"Feature","geometry":{"type":"Point","coordinates":[-118.55678,54.5019]},"properties":{"r":9.98,"o":27,"n":"7GEN HZ 102 KAKWA 1-5-64-4","u":"02/01-05-064-04W6/0","f":7756,"y":2016,"d":4760}},{"type":"Feature","geometry":{"type":"Point","coordinates":[-118.50288,54.34274]},"properties":{"r":8.78,"o":27,"n":"7GEN HZ 102 KAKWA 1-10-62-4","u":"02/01-10-062-04W6/0","f":7860,"y":2019,"d":6495}},{"type":"Feature","geometry":{"type":"Point","coordinates":[-118.65528,54.51922]},"properties":{"r":11.11,"o":27,"n":"7GEN HZ 102 KAKWA 1-10-64-5","u":"02/01-10-064-05W6/0","f":7756,"y":2013,"d":5317}},{"type":"Feature","geometry":{"type":"Point","coordinates":[-118.61052,54.51622]},"properties":{"r":18.39,"o":27,"n":"7GEN HZ 102 KAKWA 1-12-64-5","u":"02/01-12-064-05W6/0","f":7756,"y":2014,"d":6203}},{"type":"Feature","geometry":{"type":"Point","coordinates":[-118.45461,54.4451]},"properties":{"r":45.33,"o":27,"n":"ARC RESOURCES HZ 102 KAKWA 1-13-63-4","u":"02/01-13-063-04W6/0","f":7917,"y":2021,"d":6115}},{"type":"Feature","geometry":{"type":"Point","coordinates":[-118.60959,54.5312]},"properties":{"r":10.19,"o":27,"n":"7GEN HZ 102 KAKWA 1-13-64-5","u":"02/01-13-064-05W6/0","f":7756,"y":2015,"d":6022}},{"type":"Feature","geometry":{"type":"Point","coordinates":[-114.47667,51.91304]},"properties":{"r":11.74,"o":340,"n":"TIMBERROCK HZ 102 CAROL 1-15-34-4","u":"02/01-15-034-04W5/0","f":7046,"y":2017,"d":4075}},{"type":"Feature","geometry":{"type":"Point","coordinates":[-114.52385,51.82595]},"properties":{"r":10.36,"o":340,"n":"TIMBERROCK HZ 102 CAROL 1-17-33-4","u":"02/01-17-033-04W5/0","f":8292,"y":2018,"d":4076}},{"type":"Feature","geometry":{"type":"Point","coordinates":[-118.7111,54.53405]},"properties":{"r":19.83,"o":27,"n":"7GEN HZ 102 KAKWA 1-17-64-5","u":"02/01-17-064-05W6/0","f":7756,"y":2016,"d":6080}},{"type":"Feature","geometry":{"type":"Point","coordinates":[-114.54744,51.82655]},"properties":{"r":223.31,"o":340,"n":"WHITECAP 102 HZ CAROL 1-18-33-4","u":"02/01-18-033-04W5/0","f":10743,"y":2025,"d":5619}},{"type":"Feature","geometry":{"type":"Point","coordinates":[-118.43052,54.45865]},"properties":{"r":47.59,"o":27,"n":"7GEN HZ 102 KARR 1-19-63-3","u":"02/01-19-063-03W6/0","f":7756,"y":2018,"d":6377}},{"type":"Feature","geometry":{"type":"Point","coordinates":[-118.57984,54.45908]},"properties":{"r":11.91,"o":27,"n":"7GEN HZ 102 KAKWA 1-19-63-4","u":"02/01-19-063-04W6/0","f":7756,"y":2016,"d":5960}},{"type":"Feature","geometry":{"type":"Point","coordinates":[-114.50055,51.84011]},"properties":{"r":23.48,"o":340,"n":"TIMBERROCK HZ 102 GARR 1-21-33-4","u":"02/01-21-033-04W5/0","f":9736,"y":2018,"d":4019}},{"type":"Feature","geometry":{"type":"Point","coordinates":[-118.83165,54.5468]},"properties":{"r":18.51,"o":27,"n":"7GEN HZ 102 KAKWA 3-23-64-6","u":"02/01-21-064-06W6/2","f":7756,"y":2013,"d":5366}},{"type":"Feature","geometry":{"type":"Point","coordinates":[-118.8077,54.45912]},"properties":{"r":196.2,"o":27,"n":"ARC RESOURCES 102 KAKWA 1-22-63-6","u":"02/01-22-063-06W6/0","f":7756,"y":2025,"d":6782}},{"type":"Feature","geometry":{"type":"Point","coordinates":[-118.63409,54.54628]},"properties":{"r":328.2,"o":340,"n":"WCP 102 HZ KAKWA 1-23-64-5","u":"02/01-23-064-05W6/0","f":9779,"y":2024,"d":6387}},{"type":"Feature","geometry":{"type":"Point","coordinates":[-118.48043,54.63492]},"properties":{"r":283.57,"o":27,"n":"ARC RESOURCES 102 KARR 1-23-65-4","u":"02/01-23-065-04W6/0","f":7756,"y":2025,"d":6397}},{"type":"Feature","geometry":{"type":"Point","coordinates":[-118.60949,54.54624]},"properties":{"r":295.35,"o":340,"n":"WCP 102 HZ KAKWA 1-24-64-5","u":"02/01-24-064-05W6/0","f":9779,"y":2023,"d":6582}},{"type":"Feature","geometry":{"type":"Point","coordinates":[-118.452,54.38779]},"properties":{"r":14.76,"o":27,"n":"ARC RESOURCES 102 KAKWA 1-25-62-4","u":"02/01-25-062-04W6/0","f":7860,"y":2022,"d":6215}},{"type":"Feature","geometry":{"type":"Point","coordinates":[-118.78317,54.47373]},"properties":{"r":49.96,"o":27,"n":"ARC RESOURCES 102 KAKWA 1-26-63-6","u":"02/01-26-063-06W6/0","f":7756,"y":2022,"d":7030}},{"type":"Feature","geometry":{"type":"Point","coordinates":[-118.65676,54.5628]},"properties":{"r":52.18,"o":27,"n":"ARC RESOURCES HZ 102 KAKWA 1-27-64-5","u":"02/01-27-064-05W6/0","f":7756,"y":2021,"d":6002}},{"type":"Feature","geometry":{"type":"Point","coordinates":[-114.84469,52.46653]},"properties":{"r":5.95,"o":315,"n":"BEC HZ WILLGR 1-30-40-6","u":"02/01-30-040-06W5/0","f":10420,"y":2017,"d":5510}},{"type":"Feature","geometry":{"type":"Point","coordinates":[-118.58131,54.56069]},"properties":{"r":267.15,"o":27,"n":"ARC RESOURCES 102 KAKWA 1-30-64-4","u":"02/01-30-064-04W6/0","f":7756,"y":2023,"d":6840}},{"type":"Feature","geometry":{"type":"Point","coordinates":[-118.57638,54.40111]},"properties":{"r":24.43,"o":27,"n":"ARC RESOURCES 102 KAKWA 1-31-62-4","u":"02/01-31-062-04W6/2","f":7860,"y":2022,"d":6021}},{"type":"Feature","geometry":{"type":"Point","coordinates":[-118.65695,54.57667]},"properties":{"r":82.48,"o":27,"n":"ARC RESOURCES 102 KAKWA 1-34-64-5","u":"02/01-34-064-05W6/0","f":7756,"y":2021,"d":5900}},{"type":"Feature","geometry":{"type":"Point","coordinates":[-118.75637,54.57774]},"properties":{"r":26.63,"o":27,"n":"7GEN HZ 102 KAKWA 1-36-64-6","u":"02/01-36-064-06W6/0","f":7756,"y":2019,"d":5806}},{"type":"Feature","geometry":{"type":"Point","coordinates":[-118.61397,54.58996]},"properties":{"r":147.47,"o":27,"n":"ARC RESOURCES 102 KARR 2-1-65-5","u":"02/02-01-065-05W6/0","f":7756,"y":2023,"d":6089}},{"type":"Feature","geometry":{"type":"Point","coordinates":[-118.51543,54.41697]},"properties":{"r":6.04,"o":27,"n":"ARC RESOURCES 102 KAKWA 2-3-63-4","u":"02/02-03-063-04W6/0","f":7860,"y":2022,"d":5151}},{"type":"Feature","geometry":{"type":"Point","coordinates":[-118.81826,54.50285]},"properties":{"r":24.43,"o":27,"n":"7GEN HZ 102 KAKWA 2-3-64-6","u":"02/02-03-064-06W6/0","f":7756,"y":2019,"d":5746}},{"type":"Feature","geometry":{"type":"Point","coordinates":[-116.65614,54.50277]},"properties":{"r":27.93,"o":228,"n":"PARA HZ 102 KAYBOB 2-4-64-18","u":"02/02-04-064-18W5/0","f":9614,"y":2024,"d":7216}},{"type":"Feature","geometry":{"type":"Point","coordinates":[-118.43929,54.50374]},"properties":{"r":37.03,"o":27,"n":"7GEN HZ 102 KARR 12-12-64-4","u":"02/02-06-064-03W6/2","f":7756,"y":2014,"d":6155}},{"type":"Feature","geometry":{"type":"Point","coordinates":[-118.5371,54.51906]},"properties":{"r":33.11,"o":27,"n":"7GEN HZ 102 KAKWA 2-9-64-4","u":"02/02-09-064-04W6/0","f":7756,"y":2019,"d":5467}},{"type":"Feature","geometry":{"type":"Point","coordinates":[-118.81238,54.51951]},"properties":{"r":27.15,"o":27,"n":"7GEN HZ 102 KAKWA 2-10-64-6","u":"02/02-10-064-06W6/0","f":7756,"y":2017,"d":6025}},{"type":"Feature","geometry":{"type":"Point","coordinates":[-118.61591,54.53139]},"properties":{"r":16.1,"o":27,"n":"7GEN HZ 102 KAKWA 2-13-64-5","u":"02/02-13-064-05W6/0","f":7756,"y":2015,"d":6135}},{"type":"Feature","geometry":{"type":"Point","coordinates":[-118.76224,54.53094]},"properties":{"r":19.37,"o":27,"n":"7GEN HZ 102 KAKWA 2-13-64-6","u":"02/02-13-064-06W6/0","f":7756,"y":2019,"d":5628}},{"type":"Feature","geometry":{"type":"Point","coordinates":[-118.71295,54.53333]},"properties":{"r":54.09,"o":27,"n":"7GEN HZ 102 KAKWA 2-17-64-5","u":"02/02-17-064-05W6/0","f":7756,"y":2016,"d":6333}},{"type":"Feature","geometry":{"type":"Point","coordinates":[-118.58647,54.6188]},"properties":{"r":366.57,"o":27,"n":"ARC RESOURCES 102 KARR 2-18-65-4","u":"02/02-18-065-04W6/0","f":7756,"y":2025,"d":5558}},{"type":"Feature","geometry":{"type":"Point","coordinates":[-119.63912,55.68062]},"properties":{"r":13.27,"o":158,"n":"INSIGNIA ENERGY 2 PCOUPES 2-21-77-11","u":"02/02-21-077-11W6/0","f":4895,"y":2024,"d":3801}},{"type":"Feature","geometry":{"type":"Point","coordinates":[-118.6372,54.54626]},"properties":{"r":384.73,"o":340,"n":"WCP 102 HZ KAKWA 2-23-64-5","u":"02/02-23-064-05W6/0","f":9779,"y":2024,"d":6391}},{"type":"Feature","geometry":{"type":"Point","coordinates":[-118.61249,54.54624]},"properties":{"r":238.09,"o":340,"n":"WCP 102 HZ KAKWA 2-24-64-5","u":"02/02-24-064-05W6/0","f":9779,"y":2023,"d":6621}},{"type":"Feature","geometry":{"type":"Point","coordinates":[-118.45671,54.38624]},"properties":{"r":17.67,"o":27,"n":"ARC RESOURCES 102 KAKWA 2-25-62-4","u":"02/02-25-062-04W6/0","f":7860,"y":2022,"d":6203}},{"type":"Feature","geometry":{"type":"Point","coordinates":[-118.79208,54.47374]},"properties":{"r":55.48,"o":27,"n":"ARC RESOURCES 102 KAKWA 2-26-63-6","u":"02/02-26-063-06W6/0","f":7756,"y":2022,"d":6874}},{"type":"Feature","geometry":{"type":"Point","coordinates":[-117.38582,54.21259]},"properties":{"r":7.11,"o":90,"n":"ATH 102 HZ PLACID 2-28-60-23","u":"02/02-28-060-23W5/0","f":6860,"y":2017,"d":5769}},{"type":"Feature","geometry":{"type":"Point","coordinates":[-118.53816,54.47285]},"properties":{"r":22.89,"o":27,"n":"7GEN HZ KAKWA 14-28-63-4","u":"02/02-28-063-04W6/2","f":6229,"y":2014,"d":4828}},{"type":"Feature","geometry":{"type":"Point","coordinates":[-118.59154,54.56332]},"properties":{"r":47.87,"o":27,"n":"7GEN HZ 102 KAKWA 2-30-64-4","u":"02/02-30-064-04W6/0","f":7756,"y":2015,"d":6013}},{"type":"Feature","geometry":{"type":"Point","coordinates":[-118.7421,54.48847]},"properties":{"r":47.87,"o":27,"n":"7GEN HZ 102 KAKWA 2-31-63-5","u":"02/02-31-063-05W6/0","f":7756,"y":2018,"d":6170}},{"type":"Feature","geometry":{"type":"Point","coordinates":[-118.61932,54.58992]},"properties":{"r":140.41,"o":27,"n":"ARC RESOURCES 102 KARR 3-1-65-5","u":"02/03-01-065-05W6/0","f":7756,"y":2023,"d":5980}},{"type":"Feature","geometry":{"type":"Point","coordinates":[-118.54192,54.5052]},"properties":{"r":43.65,"o":27,"n":"7GEN HZ 102 KAKWA 3-4-64-4","u":"02/03-04-064-04W6/0","f":7917,"y":2021,"d":5022}},{"type":"Feature","geometry":{"type":"Point","coordinates":[-118.72154,54.5183]},"properties":{"r":30.34,"o":27,"n":"7GEN HZ 102 KAKWA 3-8-64-5","u":"02/03-08-064-05W6/0","f":7756,"y":2015,"d":6175}},{"type":"Feature","geometry":{"type":"Point","coordinates":[-118.54589,54.51738]},"properties":{"r":26.92,"o":27,"n":"7GEN HZ 102 KAKWA 3-9-64-4","u":"02/03-09-064-04W6/0","f":7917,"y":2016,"d":5622}},{"type":"Feature","geometry":{"type":"Point","coordinates":[-117.60489,54.86815]},"properties":{"r":7.19,"o":27,"n":"ARC RES 102 ANTE 3-9-68-24          ","u":"02/03-09-068-24W5/0","f":7093,"y":1994,"d":1955}},{"type":"Feature","geometry":{"type":"Point","coordinates":[-118.5703,54.44485]},"properties":{"r":7.02,"o":27,"n":"7GEN HZ 102 KAKWA 3-17-63-4","u":"02/03-17-063-04W6/0","f":7917,"y":2013,"d":4680}},{"type":"Feature","geometry":{"type":"Point","coordinates":[-114.56028,51.82565]},"properties":{"r":149.07,"o":340,"n":"WHITECAP 102 HZ CAROL 3-18-33-4","u":"02/03-18-033-04W5/0","f":10745,"y":2025,"d":5781}},{"type":"Feature","geometry":{"type":"Point","coordinates":[-119.64423,55.68059]},"properties":{"r":32.02,"o":158,"n":"INSIGNIA ENERGY 2 PCOUPES 3-21-77-11","u":"02/03-21-077-11W6/0","f":4895,"y":2024,"d":3932}},{"type":"Feature","geometry":{"type":"Point","coordinates":[-118.67173,54.54648]},"properties":{"r":31.51,"o":27,"n":"7GEN HZ 102 KAKWA 3-22-64-5","u":"02/03-22-064-05W6/0","f":7756,"y":2015,"d":5354}},{"type":"Feature","geometry":{"type":"Point","coordinates":[-118.64349,54.54626]},"properties":{"r":385.31,"o":340,"n":"WCP 102 HZ KAKWA 3-23-64-5","u":"02/03-23-064-05W6/0","f":9779,"y":2023,"d":6432}},{"type":"Feature","geometry":{"type":"Point","coordinates":[-118.61871,54.54624]},"properties":{"r":189.13,"o":340,"n":"WCP 102 HZ KAKWA 3-24-64-5","u":"02/03-24-064-05W6/0","f":9779,"y":2024,"d":6513}},{"type":"Feature","geometry":{"type":"Point","coordinates":[-118.46435,54.38625]},"properties":{"r":13.12,"o":27,"n":"ARC RESOURCES 102 KAKWA 3-25-62-4","u":"02/03-25-062-04W6/0","f":7860,"y":2022,"d":5894}},{"type":"Feature","geometry":{"type":"Point","coordinates":[-118.79691,54.47383]},"properties":{"r":37.28,"o":27,"n":"ARC RESOURCES 102 KAKWA 3-26-63-6","u":"02/03-26-063-06W6/0","f":7756,"y":2022,"d":6599}},{"type":"Feature","geometry":{"type":"Point","coordinates":[-118.51984,54.47282]},"properties":{"r":18.22,"o":27,"n":"7GEN HZ 102 KAKWA 3-27-63-4","u":"02/03-27-063-04W6/0","f":6212,"y":2014,"d":4754}},{"type":"Feature","geometry":{"type":"Point","coordinates":[-118.54346,54.47287]},"properties":{"r":14.21,"o":27,"n":"7GEN HZ 102 KAKWA 3-28-63-4","u":"02/03-28-063-04W6/0","f":6229,"y":2014,"d":4603}},{"type":"Feature","geometry":{"type":"Point","coordinates":[-118.44179,54.4892]},"properties":{"r":23.9,"o":27,"n":"ARC RESOURCES 102 KARR 3-31-63-3","u":"02/03-31-063-03W6/0","f":7756,"y":2023,"d":6153}},{"type":"Feature","geometry":{"type":"Point","coordinates":[-118.74453,54.48816]},"properties":{"r":23.1,"o":27,"n":"7GEN HZ 102 KAKWA 3-31-63-5","u":"02/03-31-063-05W6/0","f":7756,"y":2018,"d":6025}},{"type":"Feature","geometry":{"type":"Point","coordinates":[-118.62463,54.58999]},"properties":{"r":136.17,"o":27,"n":"ARC RESOURCES 102 KARR 4-1-65-5","u":"02/04-01-065-05W6/0","f":7756,"y":2023,"d":6083}},{"type":"Feature","geometry":{"type":"Point","coordinates":[-118.64972,54.59002]},"properties":{"r":58.56,"o":27,"n":"ARC RESOURCES 102 KARR 4-2-65-5","u":"02/04-02-065-05W6/0","f":7756,"y":2021,"d":5213}},{"type":"Feature","geometry":{"type":"Point","coordinates":[-118.70286,54.41556]},"properties":{"r":31.7,"o":27,"n":"7GEN HZ 102 KAKWA 4-4-63-5","u":"02/04-04-063-05W6/0","f":7917,"y":2020,"d":6550}},{"type":"Feature","geometry":{"type":"Point","coordinates":[-118.72462,54.51671]},"properties":{"r":26.96,"o":27,"n":"7GEN HZ KAKWA 4-8-64-5","u":"02/04-08-064-05W6/0","f":7756,"y":2015,"d":6177}},{"type":"Feature","geometry":{"type":"Point","coordinates":[-118.51974,54.34261]},"properties":{"r":51.07,"o":27,"n":"ARC RESOURCES 102 KAKWA 4-10-62-4","u":"02/04-10-062-04W6/0","f":7860,"y":2023,"d":7408}},{"type":"Feature","geometry":{"type":"Point","coordinates":[-118.80355,54.51936]},"properties":{"r":22.66,"o":27,"n":"7GEN HZ 102 KAKWA 4-11-64-6","u":"02/04-11-064-06W6/0","f":7756,"y":2016,"d":5546}},{"type":"Feature","geometry":{"type":"Point","coordinates":[-119.74399,55.84046]},"properties":{"r":5.35,"o":53,"n":"BIR 5-7 HZ 102 GORD 4-13-79-12","u":"02/04-13-079-12W6/0","f":6569,"y":2016,"d":4070}},{"type":"Feature","geometry":{"type":"Point","coordinates":[-118.49956,54.44667]},"properties":{"r":157.85,"o":27,"n":"ARC RESOURCES 102 KAKWA 4-14-63-4","u":"02/04-14-063-04W6/0","f":7860,"y":2024,"d":5624}},{"type":"Feature","geometry":{"type":"Point","coordinates":[-118.70301,54.61969]},"properties":{"r":77.05,"o":27,"n":"ARC RESOURCES 102 KARR 4-16-65-5","u":"02/04-16-065-05W6/0","f":7756,"y":2021,"d":5458}},{"type":"Feature","geometry":{"type":"Point","coordinates":[-118.57667,54.44485]},"properties":{"r":10.44,"o":27,"n":"7GEN HZ 102 KAKWA 4-17-63-4","u":"02/04-17-063-04W6/0","f":7917,"y":2013,"d":4872}},{"type":"Feature","geometry":{"type":"Point","coordinates":[-118.87913,54.53174]},"properties":{"r":54.3,"o":27,"n":"ARC RESOURCES 102 KAKWA 4-17-64-6","u":"02/04-17-064-06W6/0","f":7756,"y":2023,"d":6655}},{"type":"Feature","geometry":{"type":"Point","coordinates":[-119.65192,55.68068]},"properties":{"r":24.87,"o":158,"n":"INSIGNIAENERGY 02 PCOUPES 4-21-77-11","u":"02/04-21-077-11W6/0","f":4895,"y":2021,"d":3858}},{"type":"Feature","geometry":{"type":"Point","coordinates":[-118.64969,54.547]},"properties":{"r":238.57,"o":340,"n":"WCP 102 HZ KAKWA 4-23-64-5","u":"02/04-23-064-05W6/0","f":9779,"y":2023,"d":6478}},{"type":"Feature","geometry":{"type":"Point","coordinates":[-118.62484,54.54623]},"properties":{"r":195.09,"o":340,"n":"WCP 102 HZ KAKWA 4-24-64-5","u":"02/04-24-064-05W6/0","f":9779,"y":2024,"d":6428}},{"type":"Feature","geometry":{"type":"Point","coordinates":[-118.77856,54.56119]},"properties":{"r":21.01,"o":27,"n":"7GEN HZ 102 KAKWA 4-25-64-6","u":"02/04-25-064-06W6/0","f":7756,"y":2018,"d":6057}},{"type":"Feature","geometry":{"type":"Point","coordinates":[-118.67289,54.38795]},"properties":{"r":22.1,"o":27,"n":"ARC RESOURCES 102 KAKWA 4-27-62-5","u":"02/04-27-062-05W6/0","f":7917,"y":2022,"d":6538}},{"type":"Feature","geometry":{"type":"Point","coordinates":[-117.39933,54.21311]},"properties":{"r":8.43,"o":90,"n":"ATH 102 HZ PLACID 4-28-60-23","u":"02/04-28-060-23W5/0","f":6860,"y":2017,"d":5747}},{"type":"Feature","geometry":{"type":"Point","coordinates":[-118.59793,54.38591]},"properties":{"r":30.02,"o":27,"n":"ARC RESOURCES 102 KAKWA 4-30-62-4","u":"02/04-30-062-04W6/0","f":7860,"y":2022,"d":6096}},{"type":"Feature","geometry":{"type":"Point","coordinates":[-118.4501,54.47609]},"properties":{"r":91.03,"o":27,"n":"ARC RESOURCES 102 KARR 4-30-63-3","u":"02/04-30-063-03W6/0","f":7756,"y":2023,"d":6777}},{"type":"Feature","geometry":{"type":"Point","coordinates":[-118.60206,54.56256]},"properties":{"r":25.77,"o":27,"n":"7GEN HZ 102 KAKWA 4-30-64-4","u":"02/04-30-064-04W6/0","f":7756,"y":2015,"d":6245}},{"type":"Feature","geometry":{"type":"Point","coordinates":[-119.65426,55.79668]},"properties":{"r":63.82,"o":53,"n":"BIRCHCLIFF HZ 102 PCOUPES 4-33-78-11","u":"02/04-33-078-11W6/0","f":10392,"y":2025,"d":5270}},{"type":"Feature","geometry":{"type":"Point","coordinates":[-118.64795,54.4021]},"properties":{"r":23.31,"o":27,"n":"7GEN HZ 102 KAKWA 4-35-62-5","u":"02/04-35-062-05W6/0","f":7917,"y":2021,"d":6444}},{"type":"Feature","geometry":{"type":"Point","coordinates":[-115.65675,53.02206]},"properties":{"r":9.12,"o":287,"n":"SINOPEC 102 HZ PEMBINA 5-2-47-12","u":"02/05-02-047-12W5/0","f":5473,"y":2014,"d":3946}},{"type":"Feature","geometry":{"type":"Point","coordinates":[-118.70287,54.42125]},"properties":{"r":34.57,"o":27,"n":"7GEN HZ 102 KAKWA 5-4-63-5","u":"02/05-04-063-05W6/2","f":7917,"y":2020,"d":6465}},{"type":"Feature","geometry":{"type":"Point","coordinates":[-118.72808,54.59479]},"properties":{"r":49.27,"o":27,"n":"7GEN HZ 102 KAKWA 14-32-64-5","u":"02/05-05-065-05W6/2","f":7756,"y":2015,"d":6580}},{"type":"Feature","geometry":{"type":"Point","coordinates":[-118.72792,54.60874]},"properties":{"r":58.37,"o":27,"n":"7GEN HZ 102 KARR 5-8-65-5","u":"02/05-08-065-05W6/0","f":7756,"y":2020,"d":6435}},{"type":"Feature","geometry":{"type":"Point","coordinates":[-118.50272,54.52314]},"properties":{"r":27.74,"o":27,"n":"ARC RESOURCES HZ 102 KARR 5-11-64-4","u":"02/05-11-064-04W6/0","f":7756,"y":2021,"d":5007}},{"type":"Feature","geometry":{"type":"Point","coordinates":[-118.4977,54.44827]},"properties":{"r":26.02,"o":27,"n":"7GEN HZ 102 KAKWA 5-14-63-4","u":"02/05-14-063-04W6/0","f":7917,"y":2017,"d":6240}},{"type":"Feature","geometry":{"type":"Point","coordinates":[-118.7032,54.62255]},"properties":{"r":63.53,"o":27,"n":"ARC RESOURCES 102 KARR 5-16-65-5","u":"02/05-16-065-05W6/0","f":7756,"y":2021,"d":5742}},{"type":"Feature","geometry":{"type":"Point","coordinates":[-118.87879,54.53475]},"properties":{"r":62.98,"o":27,"n":"ARC RESOURCES 102 KAKWA 5-17-64-6","u":"02/05-17-064-06W6/0","f":7756,"y":2023,"d":6487}},{"type":"Feature","geometry":{"type":"Point","coordinates":[-118.44803,54.44917]},"properties":{"r":73.88,"o":27,"n":"7GEN HZ 102 KAKWA 5-18-63-3","u":"02/05-18-063-03W6/0","f":7756,"y":2020,"d":6313}},{"type":"Feature","geometry":{"type":"Point","coordinates":[-118.75287,54.53571]},"properties":{"r":16.73,"o":27,"n":"7GEN HZ 102 KAKWA 5-18-64-5","u":"02/05-18-064-05W6/0","f":7756,"y":2018,"d":5829}},{"type":"Feature","geometry":{"type":"Point","coordinates":[-118.5979,54.37472]},"properties":{"r":21.62,"o":27,"n":"ARC RESOURCES 102 KAKWA 5-19-62-4","u":"02/05-19-062-04W6/0","f":7860,"y":2022,"d":5436}},{"type":"Feature","geometry":{"type":"Point","coordinates":[-118.54978,54.46512]},"properties":{"r":32.81,"o":27,"n":"7GEN HZ 102 KAKWA 5-21-63-4","u":"02/05-21-063-04W6/0","f":7917,"y":2018,"d":5435}},{"type":"Feature","geometry":{"type":"Point","coordinates":[-118.67647,54.5511]},"properties":{"r":11.17,"o":27,"n":"7GEN HZ 102 KAKWA 5-22-64-5","u":"02/05-22-064-05W6/0","f":7756,"y":2014,"d":5865}},{"type":"Feature","geometry":{"type":"Point","coordinates":[-118.77738,54.56658]},"properties":{"r":41.05,"o":27,"n":"ARC RESOURCES 102 KAKWA 5-25-64-6","u":"02/05-25-064-06W6/0","f":7756,"y":2022,"d":6547}},{"type":"Feature","geometry":{"type":"Point","coordinates":[-118.67291,54.38958]},"properties":{"r":17.3,"o":27,"n":"ARC RESOURCES 102 KAKWA 5-27-62-5","u":"02/05-27-062-05W6/0","f":7917,"y":2021,"d":6465}},{"type":"Feature","geometry":{"type":"Point","coordinates":[-118.52695,54.56624]},"properties":{"r":73.05,"o":27,"n":"ARC RESOURCES 102 KARR 5-27-64-4","u":"02/05-27-064-04W6/0","f":7756,"y":2021,"d":5973}},{"type":"Feature","geometry":{"type":"Point","coordinates":[-118.59802,54.39038]},"properties":{"r":34.09,"o":27,"n":"ARC RESOURCES 102 KAKWA 5-30-62-4","u":"02/05-30-062-04W6/0","f":7860,"y":2022,"d":6661}},{"type":"Feature","geometry":{"type":"Point","coordinates":[-118.44818,54.47748]},"properties":{"r":92.23,"o":27,"n":"ARC RESOURCES 102 KARR 5-30-63-3","u":"02/05-30-063-03W6/0","f":7756,"y":2022,"d":6585}},{"type":"Feature","geometry":{"type":"Point","coordinates":[-118.59977,54.56401]},"properties":{"r":177.18,"o":27,"n":"ARC RESOURCES 102 KAKWA 5-30-64-4","u":"02/05-30-064-04W6/0","f":7756,"y":2023,"d":6315}},{"type":"Feature","geometry":{"type":"Point","coordinates":[-116.55071,54.40616]},"properties":{"r":27.61,"o":339,"n":"CPEC KAYBOB 5-31-62-17","u":"02/05-31-062-17W5/0","f":5296,"y":2013,"d":5233}},{"type":"Feature","geometry":{"type":"Point","coordinates":[-118.59968,54.49238]},"properties":{"r":11.47,"o":27,"n":"7GEN HZ 102 KAKWA 5-31-63-4","u":"02/05-31-063-04W6/0","f":7756,"y":2014,"d":5423}},{"type":"Feature","geometry":{"type":"Point","coordinates":[-119.65091,55.80043]},"properties":{"r":62.04,"o":53,"n":"BIRCHCLIFF HZ 102 PCOUPES 5-33-78-11","u":"02/05-33-078-11W6/0","f":10392,"y":2025,"d":5052}},{"type":"Feature","geometry":{"type":"Point","coordinates":[-117.4713,54.23031]},"properties":{"r":10.36,"o":90,"n":"ATH 102 HZ PLACID 5-36-60-24","u":"02/05-36-060-24W5/0","f":6860,"y":2017,"d":5833}},{"type":"Feature","geometry":{"type":"Point","coordinates":[-114.35659,52.95045]},"properties":{"r":6.86,"o":258,"n":"RPCL CRYSTAL 6-10-46-3","u":"02/06-10-046-03W5/2","f":5871,"y":2014,"d":4941}},{"type":"Feature","geometry":{"type":"Point","coordinates":[-118.66812,54.52151]},"properties":{"r":11.28,"o":27,"n":"7GEN HZ 102 KAKWA 6-10-64-5","u":"02/06-10-064-05W6/0","f":7756,"y":2015,"d":6107}},{"type":"Feature","geometry":{"type":"Point","coordinates":[-112.94449,52.68931]},"properties":{"r":5.18,"o":279,"n":"SHACKLETON BASHAW 6-11-43-21","u":"02/06-11-043-21W4/0","f":6316,"y":2007,"d":1455}},{"type":"Feature","geometry":{"type":"Point","coordinates":[-118.48949,54.362]},"properties":{"r":153.26,"o":27,"n":"ARC RESOURCES 102 KAKWA 6-14-62-4","u":"02/06-14-062-04W6/0","f":7860,"y":2025,"d":5400}},{"type":"Feature","geometry":{"type":"Point","coordinates":[-117.59478,54.47859]},"properties":{"r":9.02,"o":90,"n":"MURPHY 15-16B WAHIGAN 6-29-63-24","u":"02/06-29-063-24W5/0","f":7074,"y":2017,"d":6671}},{"type":"Feature","geometry":{"type":"Point","coordinates":[-118.4443,54.47948]},"properties":{"r":106.72,"o":27,"n":"ARC RESOURCES 102 KARR 6-30-63-3","u":"02/06-30-063-03W6/0","f":7756,"y":2022,"d":6462}},{"type":"Feature","geometry":{"type":"Point","coordinates":[-118.59435,54.5648]},"properties":{"r":190.35,"o":27,"n":"ARC RESOURCES 102 KAKWA 6-30-64-4","u":"02/06-30-064-04W6/0","f":7756,"y":2023,"d":6153}},{"type":"Feature","geometry":{"type":"Point","coordinates":[-118.64477,54.49103]},"properties":{"r":6.73,"o":27,"n":"7GEN HZ 102 KAKWA 6-35-63-5","u":"02/06-35-063-05W6/2","f":7756,"y":2016,"d":6091}},{"type":"Feature","geometry":{"type":"Point","coordinates":[-118.51443,54.42113]},"properties":{"r":40.55,"o":27,"n":"7GEN HZ 102 KAKWA 7-3-63-4","u":"02/07-03-063-04W6/0","f":7917,"y":2017,"d":6235}},{"type":"Feature","geometry":{"type":"Point","coordinates":[-118.43893,54.50567]},"properties":{"r":24.43,"o":27,"n":"7GEN HZ 102 KARR 7-6-64-3","u":"02/07-06-064-03W6/0","f":7756,"y":2014,"d":5988}},{"type":"Feature","geometry":{"type":"Point","coordinates":[-114.2726,51.64008]},"properties":{"r":17.32,"o":11,"n":"AOC HARME 7-7-31-2","u":"02/07-07-031-02W5/0","f":10363,"y":2022,"d":3912}},{"type":"Feature","geometry":{"type":"Point","coordinates":[-118.69016,54.43493]},"properties":{"r":16.31,"o":27,"n":"7GEN HZ 102 KAKWA 7-9-63-5","u":"02/07-09-063-05W6/0","f":7917,"y":2018,"d":5255}},{"type":"Feature","geometry":{"type":"Point","coordinates":[-118.5379,54.52143]},"properties":{"r":32.62,"o":27,"n":"7GEN HZ 102 KAKWA 7-9-64-4","u":"02/07-09-064-04W6/0","f":7756,"y":2016,"d":5650}},{"type":"Feature","geometry":{"type":"Point","coordinates":[-118.51073,54.43263]},"properties":{"r":36.02,"o":27,"n":"7GEN HZ 102 KAKWA 7-10-63-4","u":"02/07-10-063-04W6/0","f":7917,"y":2019,"d":5748}},{"type":"Feature","geometry":{"type":"Point","coordinates":[-118.51044,54.52266]},"properties":{"r":32.43,"o":27,"n":"7GEN HZ 102 KARR 7-10-64-4","u":"02/07-10-064-04W6/0","f":7756,"y":2019,"d":5236}},{"type":"Feature","geometry":{"type":"Point","coordinates":[-118.81256,54.52125]},"properties":{"r":22.6,"o":27,"n":"7GEN HZ 102 KAKWA 7-10-64-6","u":"02/07-10-064-06W6/0","f":7756,"y":2017,"d":6150}},{"type":"Feature","geometry":{"type":"Point","coordinates":[-118.61648,54.43341]},"properties":{"r":24.59,"o":27,"n":"7GEN HZ 102 KAKWA 7-12-63-5","u":"02/07-12-063-05W6/0","f":7917,"y":2017,"d":5800}},{"type":"Feature","geometry":{"type":"Point","coordinates":[-118.48416,54.36196]},"properties":{"r":156.97,"o":27,"n":"ARC RESOURCES 102 KAKWA 7-14-62-4","u":"02/07-14-062-04W6/0","f":7860,"y":2025,"d":5382}},{"type":"Feature","geometry":{"type":"Point","coordinates":[-118.71274,54.53489]},"properties":{"r":25.39,"o":27,"n":"7GEN HZ 102 KAKWA 7-17-64-5","u":"02/07-17-064-05W6/0","f":7756,"y":2015,"d":6230}},{"type":"Feature","geometry":{"type":"Point","coordinates":[-118.66281,54.47662]},"properties":{"r":23.36,"o":27,"n":"7GEN HZ 102 KAKWA 7-27-63-5","u":"02/07-27-063-05W6/0","f":7756,"y":2015,"d":6245}},{"type":"Feature","geometry":{"type":"Point","coordinates":[-118.55999,54.39061]},"properties":{"r":15.93,"o":27,"n":"7GEN HZ 102 KAKWA 7-29-62-4","u":"02/07-29-062-04W6/0","f":7860,"y":2019,"d":6260}},{"type":"Feature","geometry":{"type":"Point","coordinates":[-118.59162,54.56465]},"properties":{"r":144.67,"o":27,"n":"ARC RESOURCES 102 KAKWA 7-30-64-4","u":"02/07-30-064-04W6/2","f":7756,"y":2023,"d":6029}},{"type":"Feature","geometry":{"type":"Point","coordinates":[-118.58197,54.40441]},"properties":{"r":38.37,"o":27,"n":"ARC RESOURCES 102 KAKWA 7-31-62-4","u":"02/07-31-062-04W6/0","f":7860,"y":2022,"d":6495}},{"type":"Feature","geometry":{"type":"Point","coordinates":[-118.43805,54.49137]},"properties":{"r":94.56,"o":27,"n":"ARC RESOURCES 102 KARR 7-31-63-3","u":"02/07-31-063-03W6/0","f":7756,"y":2023,"d":6174}},{"type":"Feature","geometry":{"type":"Point","coordinates":[-118.60582,54.42032]},"properties":{"r":18.91,"o":27,"n":"7GEN HZ 102 KAKWA 8-1-63-5","u":"02/08-01-063-05W6/0","f":7917,"y":2019,"d":6234}},{"type":"Feature","geometry":{"type":"Point","coordinates":[-115.79763,53.54644]},"properties":{"r":6.14,"o":327,"n":"VEI 102 CARROT 8-2-53-13","u":"02/08-02-053-13W5/2","f":5928,"y":2014,"d":3735}},{"type":"Feature","geometry":{"type":"Point","coordinates":[-118.63228,54.59374]},"properties":{"r":132.44,"o":27,"n":"ARC RESOURCES 102 KARR 8-2-65-5","u":"02/08-02-065-05W6/0","f":7756,"y":2023,"d":6648}},{"type":"Feature","geometry":{"type":"Point","coordinates":[-118.55826,54.42067]},"properties":{"r":23.59,"o":27,"n":"ARC RESOURCES 102 KAKWA 8-5-63-4","u":"02/08-05-063-04W6/0","f":7860,"y":2022,"d":5815}},{"type":"Feature","geometry":{"type":"Point","coordinates":[-118.43403,54.50879]},"properties":{"r":24.3,"o":27,"n":"7GEN HZ 102 KARR 8-6-64-3","u":"02/08-06-064-03W6/0","f":7756,"y":2014,"d":6077}},{"type":"Feature","geometry":{"type":"Point","coordinates":[-118.73542,54.50598]},"properties":{"r":36.36,"o":27,"n":"7GEN HZ 102 KAKWA 8-6-64-5","u":"02/08-06-064-05W6/0","f":7756,"y":2018,"d":5639}},{"type":"Feature","geometry":{"type":"Point","coordinates":[-118.53455,54.52294]},"properties":{"r":15.37,"o":27,"n":"7GEN HZ 102 KAKWA 8-9-64-4","u":"02/08-09-064-04W6/0","f":7756,"y":2016,"d":5578}},{"type":"Feature","geometry":{"type":"Point","coordinates":[-118.50791,54.43443]},"properties":{"r":25.89,"o":27,"n":"7GEN HZ 102 KAKWA 8-10-63-4","u":"02/08-10-063-04W6/0","f":7917,"y":2018,"d":5725}},{"type":"Feature","geometry":{"type":"Point","coordinates":[-118.75607,54.53542]},"properties":{"r":18.97,"o":27,"n":"7GEN HZ 102 KAKWA 8-13-64-6","u":"02/08-13-064-06W6/0","f":7756,"y":2021,"d":6337}},{"type":"Feature","geometry":{"type":"Point","coordinates":[-118.48052,54.45045]},"properties":{"r":69.98,"o":27,"n":"7GEN HZ 102 KAKWA 8-14-63-4","u":"02/08-14-063-04W6/0","f":7917,"y":2019,"d":6497}},{"type":"Feature","geometry":{"type":"Point","coordinates":[-118.65686,54.55054]},"properties":{"r":67.32,"o":27,"n":"7GEN HZ 102 KAKWA 8-22-64-5","u":"02/08-22-064-05W6/0","f":7756,"y":2020,"d":6590}},{"type":"Feature","geometry":{"type":"Point","coordinates":[-118.48047,54.63808]},"properties":{"r":126.15,"o":27,"n":"ARC RESOURCES 102 KARR 8-23-65-4","u":"02/08-23-065-04W6/0","f":7756,"y":2025,"d":6156}},{"type":"Feature","geometry":{"type":"Point","coordinates":[-118.78273,54.4787]},"properties":{"r":47.55,"o":27,"n":"ARC RESOURCES 102 KAKWA 8-26-63-6","u":"02/08-26-063-06W6/0","f":7756,"y":2022,"d":6852}},{"type":"Feature","geometry":{"type":"Point","coordinates":[-118.65735,54.47682]},"properties":{"r":16.84,"o":27,"n":"7GEN HZ 102 KAKWA 8-27-63-5","u":"02/08-27-063-05W6/0","f":7756,"y":2014,"d":6222}},{"type":"Feature","geometry":{"type":"Point","coordinates":[-118.81099,54.47968]},"properties":{"r":33.99,"o":27,"n":"ARC RESOURCES 102 KAKWA 8-27-63-6","u":"02/08-27-063-06W6/2","f":7756,"y":2022,"d":6277}},{"type":"Feature","geometry":{"type":"Point","coordinates":[-115.53995,53.17052]},"properties":{"r":6.77,"o":327,"n":"VEI 102 HZ PEMBINA 8-28-48-11","u":"02/08-28-048-11W5/0","f":10667,"y":2018,"d":3966}},{"type":"Feature","geometry":{"type":"Point","coordinates":[-118.52798,54.40613]},"properties":{"r":23.96,"o":27,"n":"ARC RESOURCES 102 KAKWA 8-33-62-4","u":"02/08-33-062-04W6/2","f":7860,"y":2021,"d":6007}},{"type":"Feature","geometry":{"type":"Point","coordinates":[-118.65845,54.49268]},"properties":{"r":10.44,"o":27,"n":"7GEN HZ 102 KAKWA 8-34-63-5","u":"02/08-34-063-05W6/0","f":7756,"y":2014,"d":6092}},{"type":"Feature","geometry":{"type":"Point","coordinates":[-118.65668,54.57967]},"properties":{"r":67.76,"o":27,"n":"ARC RESOURCES 102 KAKWA 8-34-64-5","u":"02/08-34-064-05W6/0","f":7756,"y":2021,"d":5641}},{"type":"Feature","geometry":{"type":"Point","coordinates":[-118.75682,54.57971]},"properties":{"r":36.21,"o":27,"n":"7GEN HZ 102 KAKWA 8-36-64-6","u":"02/08-36-064-06W6/0","f":7756,"y":2018,"d":6168}},{"type":"Feature","geometry":{"type":"Point","coordinates":[-118.6305,54.42233]},"properties":{"r":30.0,"o":27,"n":"7GEN HZ 102 KAKWA 9-2-63-5","u":"02/09-02-063-05W6/0","f":7917,"y":2017,"d":5705}},{"type":"Feature","geometry":{"type":"Point","coordinates":[-118.50698,54.4251]},"properties":{"r":17.13,"o":27,"n":"ARC RESOURCES 102 KAKWA 9-3-63-4","u":"02/09-03-063-04W6/0","f":7860,"y":2022,"d":5956}},{"type":"Feature","geometry":{"type":"Point","coordinates":[-118.56,54.51069]},"properties":{"r":8.07,"o":27,"n":"7GEN HZ 102 KAKWA 9-5-64-4","u":"02/09-05-064-04W6/0","f":7756,"y":2012,"d":4926}},{"type":"Feature","geometry":{"type":"Point","coordinates":[-118.55624,54.43784]},"properties":{"r":14.36,"o":27,"n":"ARC RESOURCES 102 KAKWA 9-8-63-4","u":"02/09-08-063-04W6/0","f":7860,"y":2022,"d":6062}},{"type":"Feature","geometry":{"type":"Point","coordinates":[-118.71139,54.52567]},"properties":{"r":21.39,"o":27,"n":"7GEN HZ 102 KAKWA 9-8-64-5","u":"02/09-08-064-05W6/0","f":7756,"y":2014,"d":5796}},{"type":"Feature","geometry":{"type":"Point","coordinates":[-118.50448,54.5246]},"properties":{"r":22.58,"o":27,"n":"7GEN HZ 102 KARR 9-10-64-4","u":"02/09-10-064-04W6/0","f":7756,"y":2018,"d":5457}},{"type":"Feature","geometry":{"type":"Point","coordinates":[-114.58,52.35746]},"properties":{"r":6.42,"o":238,"n":"SITKA EXPL HZ 102 MEDRIV 9-13-39-5","u":"02/09-13-039-05W5/0","f":6694,"y":2016,"d":3759}},{"type":"Feature","geometry":{"type":"Point","coordinates":[-118.47707,54.36512]},"properties":{"r":36.54,"o":27,"n":"ARC RESOURCES 102 KAKWA 9-14-62-4","u":"02/09-14-062-04W6/0","f":7860,"y":2022,"d":6137}},{"type":"Feature","geometry":{"type":"Point","coordinates":[-119.57978,55.75991]},"properties":{"r":11.51,"o":53,"n":"BIRCHCLIFF HZ 102 PCOUPES 9-14-78-11","u":"02/09-14-078-11W6/0","f":9524,"y":2023,"d":5255}},{"type":"Feature","geometry":{"type":"Point","coordinates":[-118.5837,54.6275]},"properties":{"r":531.03,"o":27,"n":"ARC RESOURCES 102 KARR 9-18-65-4","u":"02/09-18-065-04W6/0","f":7756,"y":2025,"d":6544}},{"type":"Feature","geometry":{"type":"Point","coordinates":[-118.80767,54.46572]},"properties":{"r":161.54,"o":27,"n":"ARC RESOURCES 102 KAKWA 9-22-63-6","u":"02/09-22-063-06W6/0","f":7756,"y":2025,"d":6665}},{"type":"Feature","geometry":{"type":"Point","coordinates":[-117.47815,54.21912]},"properties":{"r":6.02,"o":90,"n":"ATH 102 HZ PLACID 9-26-60-24","u":"02/09-26-060-24W5/2","f":6860,"y":2014,"d":5293}},{"type":"Feature","geometry":{"type":"Point","coordinates":[-118.78256,54.48114]},"properties":{"r":35.6,"o":27,"n":"ARC RESOURCES 102 KAKWA 9-26-63-6","u":"02/09-26-063-06W6/0","f":7756,"y":2022,"d":6770}},{"type":"Feature","geometry":{"type":"Point","coordinates":[-118.65684,54.56955]},"properties":{"r":60.42,"o":27,"n":"ARC RESOURCES HZ 102 KAKWA 9-27-64-5","u":"02/09-27-064-05W6/0","f":7756,"y":2021,"d":5520}},{"type":"Feature","geometry":{"type":"Point","coordinates":[-116.62743,54.3953]},"properties":{"r":109.15,"o":339,"n":"CPEC HZ FC807B FOXCK 9-28-62-18","u":"02/09-28-062-18W5/0","f":6041,"y":2023,"d":7390}},{"type":"Feature","geometry":{"type":"Point","coordinates":[-118.42685,54.39314]},"properties":{"r":280.25,"o":27,"n":"ARC RESOURCES 102 LATOR 9-30-62-3","u":"02/09-30-062-03W6/2","f":7860,"y":2024,"d":6366}},{"type":"Feature","geometry":{"type":"Point","coordinates":[-118.43237,54.49487]},"properties":{"r":86.48,"o":27,"n":"ARC RESOURCES 102 KARR 9-31-63-3","u":"02/09-31-063-03W6/0","f":7756,"y":2023,"d":6241}},{"type":"Feature","geometry":{"type":"Point","coordinates":[-118.55601,54.49637]},"properties":{"r":17.93,"o":27,"n":"7GEN HZ 102 KAKWA 9-32-63-4","u":"02/09-32-063-04W6/0","f":7756,"y":2016,"d":5264}},{"type":"Feature","geometry":{"type":"Point","coordinates":[-118.52796,54.40945]},"properties":{"r":19.54,"o":27,"n":"ARC RESOURCES HZ KAKWA 9-33-62-4","u":"02/09-33-062-04W6/0","f":7860,"y":2021,"d":6256}},{"type":"Feature","geometry":{"type":"Point","coordinates":[-118.63944,54.42235]},"properties":{"r":11.11,"o":27,"n":"7GEN HZ 102 KAKWA 10-2-63-5","u":"02/10-02-063-05W6/0","f":7917,"y":2017,"d":5495}},{"type":"Feature","geometry":{"type":"Point","coordinates":[-118.51025,54.42375]},"properties":{"r":40.59,"o":27,"n":"7GEN HZ 102 KAKWA 10-3-63-4","u":"02/10-03-063-04W6/0","f":7917,"y":2017,"d":6124}},{"type":"Feature","geometry":{"type":"Point","coordinates":[-118.61495,54.43656]},"properties":{"r":15.68,"o":27,"n":"7GEN HZ 102 KAKWA 10-12-63-5","u":"02/10-12-063-05W6/0","f":7917,"y":2017,"d":6457}},{"type":"Feature","geometry":{"type":"Point","coordinates":[-118.61378,54.53873]},"properties":{"r":25.73,"o":27,"n":"7GEN HZ 102 KAKWA 10-13-64-5","u":"02/10-13-064-05W6/0","f":7756,"y":2019,"d":4893}},{"type":"Feature","geometry":{"type":"Point","coordinates":[-118.69077,54.45086]},"properties":{"r":12.24,"o":27,"n":"7GEN HZ 102 KAKWA 10-16-63-5","u":"02/10-16-063-05W6/0","f":7917,"y":2016,"d":5591}},{"type":"Feature","geometry":{"type":"Point","coordinates":[-118.59137,54.62889]},"properties":{"r":474.31,"o":27,"n":"ARC RESOURCES 102 KARR 10-18-65-4","u":"02/10-18-065-04W6/0","f":7756,"y":2025,"d":6621}},{"type":"Feature","geometry":{"type":"Point","coordinates":[-117.48721,54.21915]},"properties":{"r":24.28,"o":90,"n":"ATH 102 HZ PLACID 10-26-60-24","u":"02/10-26-060-24W5/0","f":6860,"y":2017,"d":5865}},{"type":"Feature","geometry":{"type":"Point","coordinates":[-118.48877,54.48159]},"properties":{"r":29.94,"o":27,"n":"ARC RESOURCES 102 KAKWA 10-26-63-4","u":"02/10-26-063-04W6/0","f":7917,"y":2022,"d":4618}},{"type":"Feature","geometry":{"type":"Point","coordinates":[-118.8136,54.48119]},"properties":{"r":29.02,"o":27,"n":"ARC RESOURCES 102 KAKWA 10-27-63-6","u":"02/10-27-063-06W6/0","f":7756,"y":2022,"d":6033}},{"type":"Feature","geometry":{"type":"Point","coordinates":[-118.43878,54.48294]},"properties":{"r":56.96,"o":27,"n":"ARC RESOURCES 102 KARR 10-30-63-3","u":"02/10-30-063-03W6/0","f":7756,"y":2023,"d":6651}},{"type":"Feature","geometry":{"type":"Point","coordinates":[-118.53467,54.40945]},"properties":{"r":18.43,"o":27,"n":"ARC RESOURCES 102 KAKWA 10-33-62-4","u":"02/10-33-062-04W6/0","f":7917,"y":2022,"d":6654}},{"type":"Feature","geometry":{"type":"Point","coordinates":[-118.62022,54.51011]},"properties":{"r":20.34,"o":27,"n":"7GEN HZ 102 KAKWA 11-1-64-5","u":"02/11-01-064-05W6/0","f":7756,"y":2014,"d":6100}},{"type":"Feature","geometry":{"type":"Point","coordinates":[-118.74372,54.50925]},"properties":{"r":23.31,"o":27,"n":"7GEN HZ 102 KAKWA 11-6-64-5","u":"02/11-06-064-05W6/0","f":7756,"y":2019,"d":6314}},{"type":"Feature","geometry":{"type":"Point","coordinates":[-118.69364,54.43749]},"properties":{"r":19.88,"o":27,"n":"7GEN HZ 102 KAKWA 11-9-63-5","u":"02/11-09-063-05W6/0","f":7917,"y":2016,"d":5590}},{"type":"Feature","geometry":{"type":"Point","coordinates":[-118.4903,54.36515]},"properties":{"r":25.01,"o":27,"n":"ARC RESOURCES 102 KAKWA 11-14-62-4","u":"02/11-14-062-04W6/0","f":7860,"y":2022,"d":5930}},{"type":"Feature","geometry":{"type":"Point","coordinates":[-118.44314,54.45138]},"properties":{"r":43.36,"o":27,"n":"7GEN HZ 102 KAKWA 11-18-63-3","u":"02/11-18-063-03W6/0","f":7756,"y":2020,"d":6546}},{"type":"Feature","geometry":{"type":"Point","coordinates":[-118.49325,54.57061]},"properties":{"r":29.16,"o":27,"n":"7GEN HZ 102 KARR 11-26-64-4","u":"02/11-26-064-04W6/0","f":7756,"y":2017,"d":5115}},{"type":"Feature","geometry":{"type":"Point","coordinates":[-118.69663,54.48178]},"properties":{"r":37.51,"o":27,"n":"7GEN HZ 102 KAKWA 11-28-63-5","u":"02/11-28-063-05W6/0","f":7917,"y":2018,"d":5740}},{"type":"Feature","geometry":{"type":"Point","coordinates":[-117.41385,54.22019]},"properties":{"r":15.66,"o":90,"n":"ATH 102 HZ PLACID 11-29-60-23","u":"02/11-29-060-23W5/0","f":6860,"y":2019,"d":5102}},{"type":"Feature","geometry":{"type":"Point","coordinates":[-118.64227,54.49782]},"properties":{"r":11.24,"o":27,"n":"7GEN HZ 102 KAKWA 11-35-63-5","u":"02/11-35-063-05W6/0","f":7756,"y":2015,"d":6192}},{"type":"Feature","geometry":{"type":"Point","coordinates":[-117.4644,54.23394]},"properties":{"r":27.72,"o":90,"n":"ATH 102 HZ PLACID 11-36-60-24","u":"02/11-36-060-24W5/0","f":6860,"y":2017,"d":5660}},{"type":"Feature","geometry":{"type":"Point","coordinates":[-118.62779,54.42383]},"properties":{"r":26.52,"o":27,"n":"7GEN HZ 102 KAKWA 12-1-63-5","u":"02/12-01-063-05W6/0","f":7917,"y":2018,"d":5930}},{"type":"Feature","geometry":{"type":"Point","coordinates":[-118.70279,54.42517]},"properties":{"r":32.22,"o":27,"n":"7GEN HZ 102 KAKWA 12-4-63-5","u":"02/12-04-063-05W6/0","f":7917,"y":2020,"d":6598}},{"type":"Feature","geometry":{"type":"Point","coordinates":[-118.72798,54.61319]},"properties":{"r":141.88,"o":27,"n":"7GEN HZ 102 KARR 12-8-65-5","u":"02/12-08-065-05W6/0","f":7756,"y":2020,"d":7017}},{"type":"Feature","geometry":{"type":"Point","coordinates":[-118.52846,54.52433]},"properties":{"r":21.05,"o":27,"n":"7GEN HZ 102 KARR 12-10-64-4","u":"02/12-10-064-04W6/0","f":7756,"y":2018,"d":5565}},{"type":"Feature","geometry":{"type":"Point","coordinates":[-118.49762,54.3522]},"properties":{"r":5.83,"o":27,"n":"7GEN HZ 102 KAKWA 12-11-62-4","u":"02/12-11-062-04W6/0","f":7860,"y":2019,"d":6120}},{"type":"Feature","geometry":{"type":"Point","coordinates":[-118.50212,54.43782]},"properties":{"r":46.8,"o":27,"n":"7GEN HZ 102 KAKWA 12-11-63-4","u":"02/12-11-063-04W6/0","f":7917,"y":2018,"d":6100}},{"type":"Feature","geometry":{"type":"Point","coordinates":[-118.50311,54.52544]},"properties":{"r":11.76,"o":27,"n":"7GEN HZ 102 KARR 12-11-64-4","u":"02/12-11-064-04W6/0","f":7756,"y":2018,"d":5390}},{"type":"Feature","geometry":{"type":"Point","coordinates":[-118.49852,54.3653]},"properties":{"r":34.24,"o":27,"n":"ARC RESOURCES 102 KAKWA 12-14-62-4","u":"02/12-14-062-04W6/0","f":7860,"y":2022,"d":6091}},{"type":"Feature","geometry":{"type":"Point","coordinates":[-118.57644,54.46697]},"properties":{"r":12.24,"o":27,"n":"7GEN HZ 102 KAKWA 12-20-63-4","u":"02/12-20-063-04W6/0","f":7756,"y":2016,"d":5700}},{"type":"Feature","geometry":{"type":"Point","coordinates":[-118.67918,54.46695]},"properties":{"r":19.12,"o":27,"n":"7GEN HZ 102 KAKWA 12-22-63-5","u":"02/12-22-063-05W6/0","f":7756,"y":2016,"d":6588}},{"type":"Feature","geometry":{"type":"Point","coordinates":[-118.673,54.39462]},"properties":{"r":20.42,"o":27,"n":"ARC RESOURCES 102 KAKWA 12-27-62-5","u":"02/12-27-062-05W6/0","f":7917,"y":2021,"d":6434}},{"type":"Feature","geometry":{"type":"Point","coordinates":[-118.41938,54.40832]},"properties":{"r":435.13,"o":27,"n":"ARC RESOURCES 102 LATOR 12-32-62-3","u":"02/12-32-062-03W6/0","f":7860,"y":2024,"d":7380}},{"type":"Feature","geometry":{"type":"Point","coordinates":[-118.82663,54.4975]},"properties":{"r":37.03,"o":27,"n":"ARC RESOURCES 102 KAKWA 12-34-63-6","u":"02/12-34-063-06W6/0","f":7756,"y":2022,"d":6295}},{"type":"Feature","geometry":{"type":"Point","coordinates":[-118.64797,54.40884]},"properties":{"r":12.75,"o":27,"n":"ARC RESOURCES 102 KAKWA 12-35-62-5","u":"02/12-35-062-05W6/0","f":7917,"y":2022,"d":6255}},{"type":"Feature","geometry":{"type":"Point","coordinates":[-118.50238,54.49714]},"properties":{"r":31.22,"o":27,"n":"7GEN HZ 102 KAKWA 12-35-63-4","u":"02/12-35-063-04W6/2","f":7756,"y":2021,"d":5438}},{"type":"Feature","geometry":{"type":"Point","coordinates":[-118.62864,54.42732]},"properties":{"r":27.23,"o":27,"n":"ARC RESOURCES HZ 102 KAKWA 13-1-63-5","u":"02/13-01-063-05W6/0","f":7917,"y":2021,"d":5434}},{"type":"Feature","geometry":{"type":"Point","coordinates":[-114.69402,52.33208]},"properties":{"r":16.21,"o":228,"n":"PARA HZ 102 WILLGR 13-5-39-5","u":"02/13-05-039-05W5/2","f":8557,"y":2015,"d":5416}},{"type":"Feature","geometry":{"type":"Point","coordinates":[-118.72803,54.5152]},"properties":{"r":20.48,"o":27,"n":"7GEN HZ 102 KAKWA 13-5-64-5","u":"02/13-05-064-05W6/0","f":7756,"y":2016,"d":6143}},{"type":"Feature","geometry":{"type":"Point","coordinates":[-119.52355,55.73676]},"properties":{"r":78.16,"o":307,"n":"TQN 102 PCOUPES 13-5-78-10","u":"02/13-05-078-10W6/0","f":10679,"y":2025,"d":5755}},{"type":"Feature","geometry":{"type":"Point","coordinates":[-114.42367,51.82203]},"properties":{"r":81.31,"o":185,"n":"LOYAL ENERGY 102 HZ HARME 13-7-33-3","u":"02/13-07-033-03W5/0","f":10121,"y":2024,"d":5355}},{"type":"Feature","geometry":{"type":"Point","coordinates":[-118.72757,54.6167]},"properties":{"r":95.46,"o":27,"n":"ARC RESOURCES 102 KARR 13-8-65-5","u":"02/13-08-065-05W6/0","f":7756,"y":2021,"d":6298}},{"type":"Feature","geometry":{"type":"Point","coordinates":[-118.70298,54.6169]},"properties":{"r":43.74,"o":27,"n":"ARC RESOURCES 102 KARR 13-9-65-5","u":"02/13-09-065-05W6/0","f":7756,"y":2021,"d":5215}},{"type":"Feature","geometry":{"type":"Point","coordinates":[-118.49766,54.35269]},"properties":{"r":5.91,"o":27,"n":"7GEN HZ 102 KAKWA 13-11-62-4","u":"02/13-11-062-04W6/0","f":7860,"y":2019,"d":6086}},{"type":"Feature","geometry":{"type":"Point","coordinates":[-118.49755,54.44038]},"properties":{"r":56.63,"o":27,"n":"7GEN HZ 102 KAKWA 13-11-63-4","u":"02/13-11-063-04W6/0","f":7917,"y":2019,"d":6170}},{"type":"Feature","geometry":{"type":"Point","coordinates":[-118.5026,54.52723]},"properties":{"r":17.49,"o":27,"n":"7GEN HZ 102 KARR 13-11-64-4","u":"02/13-11-064-04W6/0","f":7756,"y":2018,"d":4940}},{"type":"Feature","geometry":{"type":"Point","coordinates":[-119.7441,55.85332]},"properties":{"r":13.46,"o":53,"n":"BIR 5-7 HZ 102 PCOUPES 13-13-79-12","u":"02/13-13-079-12W6/0","f":6569,"y":2021,"d":5400}},{"type":"Feature","geometry":{"type":"Point","coordinates":[-118.69939,54.54262]},"properties":{"r":20.48,"o":27,"n":"7GEN HZ 102 KAKWA 13-16-64-5","u":"02/13-16-064-05W6/0","f":7756,"y":2015,"d":6150}},{"type":"Feature","geometry":{"type":"Point","coordinates":[-118.70129,54.63156]},"properties":{"r":116.24,"o":27,"n":"ARC RESOURCES 102 KARR 13-16-65-5","u":"02/13-16-065-05W6/2","f":7756,"y":2024,"d":5085}},{"type":"Feature","geometry":{"type":"Point","coordinates":[-118.87915,54.54433]},"properties":{"r":83.57,"o":27,"n":"ARC RESOURCES 102 KAKWA 13-17-64-6","u":"02/13-17-064-06W6/0","f":7756,"y":2023,"d":6651}},{"type":"Feature","geometry":{"type":"Point","coordinates":[-118.59785,54.36811]},"properties":{"r":22.29,"o":27,"n":"ARC RESOURCES 102 KAKWA 13-18-62-4","u":"02/13-18-062-04W6/0","f":7860,"y":2022,"d":5205}},{"type":"Feature","geometry":{"type":"Point","coordinates":[-118.59927,54.54378]},"properties":{"r":14.38,"o":27,"n":"7GEN HZ 102 KAKWA 13-18-64-4","u":"02/13-18-064-04W6/0","f":7756,"y":2014,"d":5250}},{"type":"Feature","geometry":{"type":"Point","coordinates":[-118.60129,54.62952]},"properties":{"r":373.51,"o":27,"n":"ARC RESOURCES 102 KARR 13-18-65-4","u":"02/13-18-065-04W6/0","f":7756,"y":2025,"d":6940}},{"type":"Feature","geometry":{"type":"Point","coordinates":[-118.59788,54.38147]},"properties":{"r":23.17,"o":27,"n":"ARC RESOURCES 102 KAKWA 13-19-62-4","u":"02/13-19-062-04W6/0","f":7860,"y":2022,"d":5629}},{"type":"Feature","geometry":{"type":"Point","coordinates":[-118.60211,54.55745]},"properties":{"r":47.15,"o":27,"n":"7GEN HZ 102 KAKWA 13-19-64-4","u":"02/13-19-064-04W6/0","f":7756,"y":2015,"d":6063}},{"type":"Feature","geometry":{"type":"Point","coordinates":[-118.57671,54.4709]},"properties":{"r":9.54,"o":27,"n":"7GEN HZ 102 KAKWA 13-20-63-4","u":"02/13-20-063-04W6/0","f":7917,"y":2013,"d":4407}},{"type":"Feature","geometry":{"type":"Point","coordinates":[-118.55133,54.47084]},"properties":{"r":9.25,"o":27,"n":"7GEN HZ 102 KAKWA 13-21-63-4","u":"02/13-21-063-04W6/0","f":7917,"y":2013,"d":4435}},{"type":"Feature","geometry":{"type":"Point","coordinates":[-118.67674,54.47058]},"properties":{"r":14.89,"o":27,"n":"7GEN HZ 102 KAKWA 13-22-63-5","u":"02/13-22-063-05W6/0","f":7756,"y":2016,"d":6030}},{"type":"Feature","geometry":{"type":"Point","coordinates":[-118.77823,54.57171]},"properties":{"r":23.75,"o":27,"n":"7GEN HZ 102 KAKWA 13-25-64-6","u":"02/13-25-064-06W6/0","f":7756,"y":2014,"d":5750}},{"type":"Feature","geometry":{"type":"Point","coordinates":[-118.65373,54.48587]},"properties":{"r":10.86,"o":27,"n":"7GEN HZ 102 KAKWA 13-26-63-5","u":"02/13-26-063-05W6/0","f":7756,"y":2015,"d":4955}},{"type":"Feature","geometry":{"type":"Point","coordinates":[-118.67293,54.39789]},"properties":{"r":29.08,"o":27,"n":"ARC RESOURCES 102 KAKWA 13-27-62-5","u":"02/13-27-062-05W6/0","f":7917,"y":2021,"d":6478}},{"type":"Feature","geometry":{"type":"Point","coordinates":[-118.52606,54.48437]},"properties":{"r":14.34,"o":27,"n":"7GEN HZ 102 KAKWA 13-27-63-4","u":"02/13-27-063-04W6/0","f":7917,"y":2014,"d":4366}},{"type":"Feature","geometry":{"type":"Point","coordinates":[-118.70083,54.48443]},"properties":{"r":60.3,"o":27,"n":"7GEN HZ 102 KAKWA 13-28-63-5","u":"02/13-28-063-05W6/0","f":7917,"y":2018,"d":5970}},{"type":"Feature","geometry":{"type":"Point","coordinates":[-118.57103,54.39793]},"properties":{"r":26.52,"o":27,"n":"ARC RESOURCES 102 KAKWA 13-29-62-4","u":"02/13-29-062-04W6/2","f":7860,"y":2022,"d":5684}},{"type":"Feature","geometry":{"type":"Point","coordinates":[-118.59969,54.6606]},"properties":{"r":217.59,"o":27,"n":"ARC RESOURCES 102 KARR 13-30-65-4","u":"02/13-30-065-04W6/0","f":7756,"y":2024,"d":6374}},{"type":"Feature","geometry":{"type":"Point","coordinates":[-119.3571,55.46033]},"properties":{"r":25.18,"o":170,"n":"KELT EXP 102 HZ VALHALLA 13-32-74-9","u":"02/13-32-074-09W6/0","f":8389,"y":2020,"d":5737}},{"type":"Feature","geometry":{"type":"Point","coordinates":[-118.52028,54.4135]},"properties":{"r":58.62,"o":27,"n":"ARC RESOURCES 102 KAKWA 13-34-62-4","u":"02/13-34-062-04W6/0","f":7860,"y":2021,"d":6453}},{"type":"Feature","geometry":{"type":"Point","coordinates":[-118.5229,54.49984]},"properties":{"r":14.51,"o":27,"n":"7GEN HZ KAKWA 5-34-63-4","u":"02/13-34-063-04W6/2","f":5273,"y":2013,"d":4865}},{"type":"Feature","geometry":{"type":"Point","coordinates":[-118.53176,54.84709]},"properties":{"r":10.0,"o":339,"n":"HHR 102 HZ ELM 13-34-67-4","u":"02/13-34-067-04W6/0","f":6423,"y":2016,"d":4605}},{"type":"Feature","geometry":{"type":"Point","coordinates":[-118.50191,54.50011]},"properties":{"r":41.81,"o":27,"n":"7GEN HZ 102 KAKWA 13-35-63-4","u":"02/13-35-063-04W6/0","f":7756,"y":2021,"d":5824}},{"type":"Feature","geometry":{"type":"Point","coordinates":[-118.5406,54.34061]},"properties":{"r":36.8,"o":27,"n":"ARC RESOURCES 102 KAKWA 14-4-62-4","u":"02/14-04-062-04W6/2","f":7860,"y":2023,"d":6806}},{"type":"Feature","geometry":{"type":"Point","coordinates":[-118.72275,54.61686]},"properties":{"r":79.57,"o":27,"n":"ARC RESOURCES 102 KARR 14-8-65-5","u":"02/14-08-065-05W6/0","f":7756,"y":2021,"d":6066}},{"type":"Feature","geometry":{"type":"Point","coordinates":[-117.3945,54.3524]},"properties":{"r":24.89,"o":90,"n":"MURPHY 16-3C SAXON 14-9-62-23","u":"02/14-09-062-23W5/0","f":6860,"y":2017,"d":6849}},{"type":"Feature","geometry":{"type":"Point","coordinates":[-118.46962,54.52758]},"properties":{"r":60.09,"o":27,"n":"ARC RESOURCES 102 KARR 14-12-64-4","u":"02/14-12-064-04W6/0","f":7756,"y":2021,"d":5405}},{"type":"Feature","geometry":{"type":"Point","coordinates":[-118.77263,54.52723]},"properties":{"r":30.44,"o":27,"n":"7GEN HZ 102 KAKWA 14-12-64-6","u":"02/14-12-064-06W6/0","f":7756,"y":2018,"d":6065}},{"type":"Feature","geometry":{"type":"Point","coordinates":[-119.74049,55.85333]},"properties":{"r":5.72,"o":53,"n":"BIR 5-7 HZ 102 PCOUPES 14-13-79-12","u":"02/14-13-079-12W6/0","f":6569,"y":2021,"d":5141}},{"type":"Feature","geometry":{"type":"Point","coordinates":[-115.37269,52.79901]},"properties":{"r":8.81,"o":348,"n":"YANGARRA HZ 102 FERRIER 14-15-44-10","u":"02/14-15-044-10W5/0","f":7784,"y":2026,"d":5705}},{"type":"Feature","geometry":{"type":"Point","coordinates":[-118.67329,54.45655]},"properties":{"r":8.72,"o":27,"n":"ARC RESOURCES 102 KAKWA 14-15-63-5","u":"02/14-15-063-05W6/2","f":7917,"y":2023,"d":4462}},{"type":"Feature","geometry":{"type":"Point","coordinates":[-118.71895,54.54393]},"properties":{"r":9.12,"o":27,"n":"7GEN HZ 102 KAKWA 14-17-64-5","u":"02/14-17-064-05W6/0","f":7756,"y":2013,"d":5280}},{"type":"Feature","geometry":{"type":"Point","coordinates":[-118.59384,54.62916]},"properties":{"r":570.67,"o":27,"n":"ARC RESOURCES 102 KARR 14-18-65-4","u":"02/14-18-065-04W6/0","f":7756,"y":2025,"d":6662}},{"type":"Feature","geometry":{"type":"Point","coordinates":[-118.49411,54.48477]},"properties":{"r":47.57,"o":27,"n":"ARC RESOURCES 102 KAKWA 14-26-63-4","u":"02/14-26-063-04W6/0","f":7917,"y":2022,"d":5307}},{"type":"Feature","geometry":{"type":"Point","coordinates":[-118.81899,54.48441]},"properties":{"r":20.63,"o":27,"n":"ARC RESOURCES 102 KAKWA 14-27-63-6","u":"02/14-27-063-06W6/0","f":7756,"y":2022,"d":5798}},{"type":"Feature","geometry":{"type":"Point","coordinates":[-114.5572,51.88067]},"properties":{"r":9.46,"o":340,"n":"NAL CAROL 3-31-33-4","u":"02/14-31-033-04W5/2","f":1147,"y":2014,"d":4052}},{"type":"Feature","geometry":{"type":"Point","coordinates":[-118.61088,54.51318]},"properties":{"r":22.14,"o":27,"n":"7GEN HZ 102 KAKWA 15-1-64-5","u":"02/15-01-064-05W6/0","f":7756,"y":2014,"d":6265}},{"type":"Feature","geometry":{"type":"Point","coordinates":[-112.29827,50.75845]},"properties":{"r":5.83,"o":67,"n":"CNRL COUNTESS 15-4-21-17","u":"02/15-04-021-17W4/0","f":2071,"y":2007,"d":1365}},{"type":"Feature","geometry":{"type":"Point","coordinates":[-118.61452,54.54257]},"properties":{"r":28.37,"o":27,"n":"7GEN HZ 102 KAKWA 15-13-64-5","u":"02/15-13-064-05W6/0","f":7756,"y":2014,"d":5948}},{"type":"Feature","geometry":{"type":"Point","coordinates":[-118.69077,54.45457]},"properties":{"r":19.39,"o":27,"n":"7GEN HZ 102 KAKWA 15-16-63-5","u":"02/15-16-063-05W6/0","f":7917,"y":2016,"d":5607}},{"type":"Feature","geometry":{"type":"Point","coordinates":[-118.68644,54.63157]},"properties":{"r":131.35,"o":27,"n":"ARC RESOURCES 102 KARR 15-16-65-5","u":"02/15-16-065-05W6/2","f":7756,"y":2024,"d":4595}},{"type":"Feature","geometry":{"type":"Point","coordinates":[-118.43465,54.45607]},"properties":{"r":66.92,"o":27,"n":"7GEN HZ 102 KAKWA 15-18-63-3","u":"02/15-18-063-03W6/0","f":7756,"y":2018,"d":6429}},{"type":"Feature","geometry":{"type":"Point","coordinates":[-118.56048,54.47172]},"properties":{"r":10.65,"o":27,"n":"7GEN HZ 102 KAKWA 2-29-63-4","u":"02/15-20-063-04W6/2","f":7756,"y":2015,"d":5549}},{"type":"Feature","geometry":{"type":"Point","coordinates":[-118.6138,54.64598]},"properties":{"r":148.73,"o":27,"n":"ARC RESOURCES 102 KARR 15-24-65-5","u":"02/15-24-065-05W6/0","f":7756,"y":2024,"d":5645}},{"type":"Feature","geometry":{"type":"Point","coordinates":[-118.53544,54.48548]},"properties":{"r":11.26,"o":27,"n":"7GEN HZ 102 KAKWA 15-28-63-4","u":"02/15-28-063-04W6/0","f":7917,"y":2012,"d":4848}},{"type":"Feature","geometry":{"type":"Point","coordinates":[-118.5345,54.41273]},"properties":{"r":27.84,"o":27,"n":"ARC RESOURCES 102 KAKWA 15-33-62-4","u":"02/15-33-062-04W6/0","f":7917,"y":2022,"d":6400}},{"type":"Feature","geometry":{"type":"Point","coordinates":[-118.53548,54.49993]},"properties":{"r":17.95,"o":27,"n":"7GEN HZ 102 KAKWA 15-33-63-4","u":"02/15-33-063-04W6/0","f":5273,"y":2012,"d":4875}},{"type":"Feature","geometry":{"type":"Point","coordinates":[-118.63775,54.50025]},"properties":{"r":24.64,"o":27,"n":"7GEN HZ 102 KAKWA 15-35-63-5","u":"02/15-35-063-05W6/0","f":7756,"y":2015,"d":6412}},{"type":"Feature","geometry":{"type":"Point","coordinates":[-117.45774,54.23778]},"properties":{"r":6.37,"o":90,"n":"ATH 102 HZ PLACID 15-36-60-24","u":"02/15-36-060-24W5/0","f":6860,"y":2016,"d":5152}},{"type":"Feature","geometry":{"type":"Point","coordinates":[-118.60964,54.51406]},"properties":{"r":10.0,"o":27,"n":"7GEN HZ 102 KAKWA 16-1-64-5","u":"02/16-01-064-05W6/0","f":7756,"y":2015,"d":4850}},{"type":"Feature","geometry":{"type":"Point","coordinates":[-118.52702,54.34117]},"properties":{"r":49.02,"o":27,"n":"ARC RESOURCES 102 KAKWA 16-4-62-4","u":"02/16-04-062-04W6/2","f":7860,"y":2023,"d":7370}},{"type":"Feature","geometry":{"type":"Point","coordinates":[-118.55451,54.44141]},"properties":{"r":15.14,"o":27,"n":"7GEN HZ 102 KAKWA 16-8-63-4","u":"02/16-08-063-04W6/0","f":7917,"y":2014,"d":4622}},{"type":"Feature","geometry":{"type":"Point","coordinates":[-118.70808,54.61685]},"properties":{"r":65.9,"o":27,"n":"ARC RESOURCES 102 KARR 16-8-65-5","u":"02/16-08-065-05W6/0","f":7756,"y":2021,"d":5356}},{"type":"Feature","geometry":{"type":"Point","coordinates":[-115.06214,52.522]},"properties":{"r":5.74,"o":228,"n":"PARA FERRIER 16-10-41-8","u":"02/16-10-041-08W5/0","f":10412,"y":2016,"d":5631}},{"type":"Feature","geometry":{"type":"Point","coordinates":[-118.65647,54.52882]},"properties":{"r":7.57,"o":27,"n":"7GEN HZ 102 KAKWA 16-10-64-5","u":"02/16-10-064-05W6/0","f":7756,"y":2015,"d":6205}},{"type":"Feature","geometry":{"type":"Point","coordinates":[-118.8066,54.52809]},"properties":{"r":21.18,"o":27,"n":"7GEN HZ 102 KAKWA 16-10-64-6","u":"02/16-10-064-06W6/0","f":7756,"y":2017,"d":6450}},{"type":"Feature","geometry":{"type":"Point","coordinates":[-118.45917,54.44267]},"properties":{"r":138.38,"o":27,"n":"ARC RESOURCES 102 KAKWA 16-12-63-4","u":"02/16-12-063-04W6/0","f":7917,"y":2021,"d":6210}},{"type":"Feature","geometry":{"type":"Point","coordinates":[-118.60779,54.54362]},"properties":{"r":14.09,"o":27,"n":"7GEN HZ 102 KAKWA 16-13-64-5","u":"02/16-13-064-05W6/0","f":7756,"y":2015,"d":5340}},{"type":"Feature","geometry":{"type":"Point","coordinates":[-118.8116,54.54394]},"properties":{"r":29.52,"o":27,"n":"7GEN HZ 102 KAKWA 16-15-64-6","u":"02/16-15-064-06W6/0","f":7756,"y":2021,"d":5837}},{"type":"Feature","geometry":{"type":"Point","coordinates":[-116.80337,54.28133]},"properties":{"r":42.62,"o":339,"n":"CPEC KAYBOBS 16-17-61-19","u":"02/16-17-061-19W5/0","f":6415,"y":2016,"d":5429}},{"type":"Feature","geometry":{"type":"Point","coordinates":[-118.43356,54.45715]},"properties":{"r":27.49,"o":27,"n":"7GEN HZ 103 KAKWA 16-18-63-3","u":"02/16-18-063-03W6/0","f":7756,"y":2018,"d":6388}},{"type":"Feature","geometry":{"type":"Point","coordinates":[-118.57655,54.38212]},"properties":{"r":7.51,"o":27,"n":"7GEN HZ 103 KAKWA 16-19-62-4","u":"02/16-19-062-04W6/0","f":7917,"y":2019,"d":5434}},{"type":"Feature","geometry":{"type":"Point","coordinates":[-116.69867,54.55667]},"properties":{"r":20.69,"o":228,"n":"TRILOGY 102 HZ KAYBOB 16-19-64-18","u":"02/16-19-064-18W5/0","f":8864,"y":2014,"d":4765}},{"type":"Feature","geometry":{"type":"Point","coordinates":[-118.68167,54.55656]},"properties":{"r":31.53,"o":27,"n":"7GEN HZ 102 KAKWA 16-21-64-5","u":"02/16-21-064-05W6/0","f":7756,"y":2015,"d":6380}},{"type":"Feature","geometry":{"type":"Point","coordinates":[-118.80756,54.47062]},"properties":{"r":164.56,"o":27,"n":"ARC RESOURCES 102 KAKWA 16-22-63-6","u":"02/16-22-063-06W6/0","f":7756,"y":2025,"d":6826}},{"type":"Feature","geometry":{"type":"Point","coordinates":[-118.65667,54.64593]},"properties":{"r":305.06,"o":27,"n":"ARC RESOURCES 102 KARR 16-22-65-5","u":"02/16-22-065-05W6/0","f":7756,"y":2024,"d":5731}},{"type":"Feature","geometry":{"type":"Point","coordinates":[-118.7858,54.55866]},"properties":{"r":29.5,"o":27,"n":"7GEN HZ 102 KAKWA 16-23-64-6","u":"02/16-23-064-06W6/0","f":7756,"y":2018,"d":6437}},{"type":"Feature","geometry":{"type":"Point","coordinates":[-118.48043,54.64581]},"properties":{"r":238.78,"o":27,"n":"ARC RESOURCES 102 KARR 16-23-65-4","u":"02/16-23-065-04W6/0","f":7756,"y":2025,"d":6246}},{"type":"Feature","geometry":{"type":"Point","coordinates":[-118.60822,54.64598]},"properties":{"r":167.43,"o":27,"n":"ARC RESOURCES 102 KARR 16-24-65-5","u":"02/16-24-065-05W6/0","f":7756,"y":2024,"d":5588}},{"type":"Feature","geometry":{"type":"Point","coordinates":[-114.47666,51.86628]},"properties":{"r":50.61,"o":340,"n":"WHITECAP 102 HZ GARR 16-27-33-4","u":"02/16-27-033-04W5/0","f":10948,"y":2023,"d":5638}},{"type":"Feature","geometry":{"type":"Point","coordinates":[-114.91568,52.56622]},"properties":{"r":7.07,"o":234,"n":"PCC 102 WILLGR 16-27-41-7","u":"02/16-27-041-07W5/0","f":4912,"y":2014,"d":5710}},{"type":"Feature","geometry":{"type":"Point","coordinates":[-118.65697,54.57406]},"properties":{"r":64.81,"o":27,"n":"ARC RESOURCES 102 KAKWA 16-27-64-5","u":"02/16-27-064-05W6/0","f":7756,"y":2021,"d":5318}},{"type":"Feature","geometry":{"type":"Point","coordinates":[-118.52948,54.4869]},"properties":{"r":10.52,"o":27,"n":"7GEN HZ KAKWA 16-21-63-4","u":"02/16-28-063-04W6/2","f":7917,"y":2011,"d":4745}},{"type":"Feature","geometry":{"type":"Point","coordinates":[-114.54732,51.88077]},"properties":{"r":8.83,"o":340,"n":"NAL HZ CAROL 16-31-33-4","u":"02/16-31-033-04W5/0","f":1147,"y":2017,"d":4112}},{"type":"Feature","geometry":{"type":"Point","coordinates":[-118.52775,54.41334]},"properties":{"r":46.48,"o":27,"n":"ARC RESOURCES 102 KAKWA 16-33-62-4","u":"02/16-33-062-04W6/0","f":7860,"y":2021,"d":6730}},{"type":"Feature","geometry":{"type":"Point","coordinates":[-118.65664,54.58831]},"properties":{"r":46.61,"o":27,"n":"ARC RESOURCES 102 KAKWA 16-34-64-5","u":"02/16-34-064-05W6/0","f":7756,"y":2021,"d":4882}},{"type":"Feature","geometry":{"type":"Point","coordinates":[-118.7609,54.58762]},"properties":{"r":46.8,"o":27,"n":"7GEN HZ 102 KAKWA 16-36-64-6","u":"02/16-36-064-06W6/0","f":7756,"y":2019,"d":6760}},{"type":"Feature","geometry":{"type":"Point","coordinates":[-118.60585,54.41546]},"properties":{"r":31.41,"o":27,"n":"7GEN HZ 103 KAKWA 1-1-63-5","u":"03/01-01-063-05W6/0","f":7917,"y":2019,"d":6334}},{"type":"Feature","geometry":{"type":"Point","coordinates":[-118.60597,54.58996]},"properties":{"r":258.47,"o":27,"n":"ARC RESOURCES 103 KARR 1-1-65-5","u":"03/01-01-065-05W6/0","f":7756,"y":2023,"d":6359}},{"type":"Feature","geometry":{"type":"Point","coordinates":[-118.63,54.58998]},"properties":{"r":170.03,"o":27,"n":"ARC RESOURCES 103 KARR 1-2-65-5","u":"03/01-02-065-05W6/0","f":7756,"y":2023,"d":6216}},{"type":"Feature","geometry":{"type":"Point","coordinates":[-118.81137,54.50385]},"properties":{"r":41.14,"o":27,"n":"ARC RESOURCES 103 KAKWA 1-3-64-6","u":"03/01-03-064-06W6/2","f":7756,"y":2022,"d":5991}},{"type":"Feature","geometry":{"type":"Point","coordinates":[-118.56028,54.41689]},"properties":{"r":38.68,"o":27,"n":"ARC RESOURCES 103 KAKWA 1-5-63-4","u":"03/01-05-063-04W6/0","f":7917,"y":2022,"d":6080}},{"type":"Feature","geometry":{"type":"Point","coordinates":[-118.55549,54.50281]},"properties":{"r":19.73,"o":27,"n":"7GEN HZ 103 KAKWA 1-5-64-4","u":"03/01-05-064-04W6/0","f":7756,"y":2016,"d":4800}},{"type":"Feature","geometry":{"type":"Point","coordinates":[-118.60915,54.51898]},"properties":{"r":13.29,"o":27,"n":"7GEN HZ 103 KAKWA 1-12-64-5","u":"03/01-12-064-05W6/0","f":7756,"y":2015,"d":5120}},{"type":"Feature","geometry":{"type":"Point","coordinates":[-118.45609,54.44433]},"properties":{"r":16.29,"o":27,"n":"ARC RESOURCES HZ 103 KAKWA 1-13-63-4","u":"03/01-13-063-04W6/0","f":7917,"y":2021,"d":6143}},{"type":"Feature","geometry":{"type":"Point","coordinates":[-118.60728,54.53147]},"properties":{"r":26.02,"o":27,"n":"7GEN HZ 103 KAKWA 1-13-64-5","u":"03/01-13-064-05W6/0","f":7756,"y":2015,"d":6275}},{"type":"Feature","geometry":{"type":"Point","coordinates":[-119.65715,55.68064]},"properties":{"r":17.63,"o":158,"n":"INSIGNIAENERGY 03 PCOUPES 1-20-77-11","u":"03/01-20-077-11W6/0","f":4895,"y":2021,"d":3869}},{"type":"Feature","geometry":{"type":"Point","coordinates":[-118.35265,54.37115]},"properties":{"r":95.25,"o":27,"n":"ARC RESOURCES LATOR 1-22-62-3","u":"03/01-22-062-03W6/0","f":7604,"y":2018,"d":6788}},{"type":"Feature","geometry":{"type":"Point","coordinates":[-118.63087,54.54626]},"properties":{"r":305.26,"o":340,"n":"WCP 103 HZ KAKWA 1-23-64-5","u":"03/01-23-064-05W6/2","f":9779,"y":2024,"d":6511}},{"type":"Feature","geometry":{"type":"Point","coordinates":[-114.42969,51.84036]},"properties":{"r":51.05,"o":340,"n":"WHITECAP 103 HZ GARR 1-24-33-4","u":"03/01-24-033-04W5/0","f":9238,"y":2023,"d":5583}},{"type":"Feature","geometry":{"type":"Point","coordinates":[-118.78343,54.47387]},"properties":{"r":36.04,"o":27,"n":"ARC RESOURCES 103 KAKWA 1-26-63-6","u":"03/01-26-063-06W6/2","f":7756,"y":2022,"d":7152}},{"type":"Feature","geometry":{"type":"Point","coordinates":[-117.4069,54.21317]},"properties":{"r":8.49,"o":90,"n":"ATH 103 HZ PLACID 1-29-60-23","u":"03/01-29-060-23W5/2","f":6860,"y":2018,"d":4957}},{"type":"Feature","geometry":{"type":"Point","coordinates":[-118.579,54.40281]},"properties":{"r":30.78,"o":27,"n":"ARC RESOURCES 103 KAKWA 1-31-62-4","u":"03/01-31-062-04W6/0","f":7860,"y":2022,"d":6207}},{"type":"Feature","geometry":{"type":"Point","coordinates":[-118.52797,54.4026]},"properties":{"r":16.0,"o":27,"n":"7GEN HZ 103 KAKWA 1-33-62-4","u":"03/01-33-062-04W6/0","f":7860,"y":2021,"d":5877}},{"type":"Feature","geometry":{"type":"Point","coordinates":[-118.50966,54.48859]},"properties":{"r":22.69,"o":27,"n":"7GEN HZ 104 KAKWA 1-34-63-4","u":"03/01-34-063-04W6/0","f":7917,"y":2017,"d":4500}},{"type":"Feature","geometry":{"type":"Point","coordinates":[-118.75589,54.48822]},"properties":{"r":32.43,"o":27,"n":"7GEN HZ 103 KAKWA 1-36-63-6","u":"03/01-36-063-06W6/0","f":7756,"y":2021,"d":5511}},{"type":"Feature","geometry":{"type":"Point","coordinates":[-118.75967,54.57796]},"properties":{"r":42.2,"o":27,"n":"7GEN HZ 103 KAKWA 1-36-64-6","u":"03/01-36-064-06W6/0","f":7756,"y":2019,"d":6095}},{"type":"Feature","geometry":{"type":"Point","coordinates":[-118.61122,54.58997]},"properties":{"r":172.21,"o":27,"n":"ARC RESOURCES 103 KARR 2-1-65-5","u":"03/02-01-065-05W6/0","f":7756,"y":2023,"d":6141}},{"type":"Feature","geometry":{"type":"Point","coordinates":[-118.81804,54.50296]},"properties":{"r":25.81,"o":27,"n":"7GEN HZ KAKWA 2-3-64-6","u":"03/02-03-064-06W6/0","f":7756,"y":2019,"d":5876}},{"type":"Feature","geometry":{"type":"Point","coordinates":[-118.51354,54.43098]},"properties":{"r":44.09,"o":27,"n":"7GEN HZ 103 KAKWA 2-10-63-4","u":"03/02-10-063-04W6/0","f":7917,"y":2019,"d":5799}},{"type":"Feature","geometry":{"type":"Point","coordinates":[-118.76406,54.53114]},"properties":{"r":26.9,"o":27,"n":"7GEN HZ 103 KAKWA 2-13-64-6","u":"03/02-13-064-06W6/0","f":7756,"y":2021,"d":5762}},{"type":"Feature","geometry":{"type":"Point","coordinates":[-119.64161,55.68062]},"properties":{"r":25.52,"o":158,"n":"INSIGNIA ENERGY 3 PCOUPES 2-21-77-11","u":"03/02-21-077-11W6/0","f":4895,"y":2024,"d":3830}},{"type":"Feature","geometry":{"type":"Point","coordinates":[-118.61551,54.54628]},"properties":{"r":260.59,"o":340,"n":"WCP 103 HZ KAKWA 2-24-64-5","u":"03/02-24-064-05W6/0","f":9779,"y":2023,"d":6597}},{"type":"Feature","geometry":{"type":"Point","coordinates":[-118.3859,54.29957]},"properties":{"r":295.58,"o":27,"n":"ARC RESOURCES KAKWA 2-28-61-3","u":"03/02-28-061-03W6/0","f":10409,"y":2025,"d":6584}},{"type":"Feature","geometry":{"type":"Point","coordinates":[-118.58652,54.56197]},"properties":{"r":159.7,"o":27,"n":"ARC RESOURCES 103 KAKWA 2-30-64-4","u":"03/02-30-064-04W6/0","f":7756,"y":2023,"d":6540}},{"type":"Feature","geometry":{"type":"Point","coordinates":[-118.51609,54.48825]},"properties":{"r":12.62,"o":27,"n":"7GEN HZ 103 KAKWA 2-34-63-4","u":"03/02-34-063-04W6/0","f":7917,"y":2017,"d":4315}},{"type":"Feature","geometry":{"type":"Point","coordinates":[-118.76198,54.48814]},"properties":{"r":38.22,"o":27,"n":"7GEN HZ 103 KAKWA 2-36-63-6","u":"03/02-36-063-06W6/0","f":7756,"y":2021,"d":5341}},{"type":"Feature","geometry":{"type":"Point","coordinates":[-118.82002,54.50284]},"properties":{"r":24.24,"o":27,"n":"7GEN HZ 103 KAKWA 3-3-64-6","u":"03/03-03-064-06W6/0","f":7756,"y":2019,"d":5773}},{"type":"Feature","geometry":{"type":"Point","coordinates":[-118.54467,54.50359]},"properties":{"r":21.39,"o":27,"n":"7GEN HZ 103 KAKWA 3-4-64-4","u":"03/03-04-064-04W6/0","f":7917,"y":2021,"d":4815}},{"type":"Feature","geometry":{"type":"Point","coordinates":[-118.72045,54.51936]},"properties":{"r":20.97,"o":27,"n":"7GEN HZ 103 KAKWA 3-8-64-5","u":"03/03-08-064-05W6/0","f":7756,"y":2015,"d":6200}},{"type":"Feature","geometry":{"type":"Point","coordinates":[-118.54411,54.51821]},"properties":{"r":36.82,"o":27,"n":"7GEN HZ 103 KAKWA 3-9-64-4","u":"03/03-09-064-04W6/0","f":7917,"y":2016,"d":5644}},{"type":"Feature","geometry":{"type":"Point","coordinates":[-118.69259,54.54571]},"properties":{"r":26.77,"o":27,"n":"7GEN HZ 103 KAKWA 3-21-64-5","u":"03/03-21-064-05W6/0","f":7756,"y":2016,"d":5932}},{"type":"Feature","geometry":{"type":"Point","coordinates":[-119.64678,55.68059]},"properties":{"r":45.31,"o":158,"n":"INSIGNIA ENERGY 3 PCOUPES 3-21-77-11","u":"03/03-21-077-11W6/0","f":4895,"y":2025,"d":3900}},{"type":"Feature","geometry":{"type":"Point","coordinates":[-118.51726,54.47281]},"properties":{"r":12.1,"o":27,"n":"7GEN HZ 103 KAKWA 3-27-63-4","u":"03/03-27-063-04W6/0","f":6212,"y":2014,"d":4602}},{"type":"Feature","geometry":{"type":"Point","coordinates":[-117.39182,54.21204]},"properties":{"r":5.64,"o":90,"n":"ATH 103 HZ PLACID 3-28-60-23","u":"03/03-28-060-23W5/0","f":6860,"y":2017,"d":5820}},{"type":"Feature","geometry":{"type":"Point","coordinates":[-118.3885,54.29965]},"properties":{"r":509.35,"o":27,"n":"ARC RESOURCES KAKWA 3-28-61-3","u":"03/03-28-061-03W6/0","f":10408,"y":2025,"d":6484}},{"type":"Feature","geometry":{"type":"Point","coordinates":[-118.59632,54.56257]},"properties":{"r":16.9,"o":27,"n":"7GEN HZ 103 KAKWA 3-30-64-4","u":"03/03-30-064-04W6/0","f":7756,"y":2015,"d":6210}},{"type":"Feature","geometry":{"type":"Point","coordinates":[-118.51945,54.4886]},"properties":{"r":34.87,"o":27,"n":"7GEN HZ 103 KAKWA 3-34-63-4","u":"03/03-34-063-04W6/0","f":7917,"y":2017,"d":4345}},{"type":"Feature","geometry":{"type":"Point","coordinates":[-118.64689,54.48941]},"properties":{"r":21.72,"o":27,"n":"7GEN HZ 103 KAKWA 3-35-63-5","u":"03/03-35-063-05W6/0","f":7756,"y":2014,"d":6366}},{"type":"Feature","geometry":{"type":"Point","coordinates":[-118.55003,54.50323]},"properties":{"r":30.17,"o":27,"n":"ARC RESOURCES HZ 103 KAKWA 4-4-64-4","u":"03/04-04-064-04W6/0","f":7917,"y":2021,"d":4785}},{"type":"Feature","geometry":{"type":"Point","coordinates":[-118.72797,54.59083]},"properties":{"r":29.48,"o":27,"n":"7GEN HZ 103 KAKWA 14-32-64-5","u":"03/04-05-065-05W6/3","f":7756,"y":2015,"d":5830}},{"type":"Feature","geometry":{"type":"Point","coordinates":[-118.75319,54.50454]},"properties":{"r":24.95,"o":27,"n":"ARC RESOURCES 103 KAKWA 4-6-64-5","u":"03/04-06-064-05W6/0","f":7756,"y":2021,"d":6043}},{"type":"Feature","geometry":{"type":"Point","coordinates":[-116.72016,54.51623]},"properties":{"r":10.69,"o":228,"n":"TRILOGY 103 HZ KAYBOB 4-7-64-18","u":"03/04-07-064-18W5/0","f":5361,"y":2014,"d":4694}},{"type":"Feature","geometry":{"type":"Point","coordinates":[-118.52421,54.34245]},"properties":{"r":41.79,"o":27,"n":"ARC RESOURCES 103 KAKWA 4-10-62-4","u":"03/04-10-062-04W6/0","f":7860,"y":2023,"d":7305}},{"type":"Feature","geometry":{"type":"Point","coordinates":[-118.50181,54.4453]},"properties":{"r":244.53,"o":27,"n":"ARC RESOURCES 103 KAKWA 4-14-63-4","u":"03/04-14-063-04W6/0","f":7860,"y":2024,"d":5633}},{"type":"Feature","geometry":{"type":"Point","coordinates":[-117.42012,54.18244]},"properties":{"r":8.64,"o":90,"n":"ATH 103 HZ PLACID 4-17-60-23","u":"03/04-17-060-23W5/2","f":6860,"y":2017,"d":6011}},{"type":"Feature","geometry":{"type":"Point","coordinates":[-118.87909,54.53312]},"properties":{"r":55.94,"o":27,"n":"ARC RESOURCES 103 KAKWA 4-17-64-6","u":"03/04-17-064-06W6/0","f":7756,"y":2023,"d":6578}},{"type":"Feature","geometry":{"type":"Point","coordinates":[-119.64947,55.6806]},"properties":{"r":42.67,"o":158,"n":"INSIGNIA ENERGY 3 PCOUPES 4-21-77-11","u":"03/04-21-077-11W6/0","f":4895,"y":2025,"d":3895}},{"type":"Feature","geometry":{"type":"Point","coordinates":[-118.6766,54.54741]},"properties":{"r":22.6,"o":27,"n":"7GEN HZ 103 KAKWA 4-22-64-5","u":"03/04-22-064-05W6/0","f":7756,"y":2014,"d":6318}},{"type":"Feature","geometry":{"type":"Point","coordinates":[-118.62695,54.46063]},"properties":{"r":16.08,"o":27,"n":"7GEN HZ 103 KAKWA 2-13-63-5","u":"03/04-24-063-05W6/2","f":7917,"y":2017,"d":5143}},{"type":"Feature","geometry":{"type":"Point","coordinates":[-118.77826,54.56301]},"properties":{"r":37.38,"o":27,"n":"7GEN HZ 103 KAKWA 4-25-64-6","u":"03/04-25-064-06W6/0","f":7756,"y":2018,"d":6193}},{"type":"Feature","geometry":{"type":"Point","coordinates":[-118.67681,54.47292]},"properties":{"r":12.89,"o":27,"n":"7GEN HZ 103 KAKWA 4-27-63-5","u":"03/04-27-063-05W6/0","f":7756,"y":2016,"d":5951}},{"type":"Feature","geometry":{"type":"Point","coordinates":[-118.56901,54.38669]},"properties":{"r":25.16,"o":27,"n":"7GEN HZ 102 KAKWA 4-29-62-4","u":"03/04-29-062-04W6/0","f":7917,"y":2019,"d":5688}},{"type":"Feature","geometry":{"type":"Point","coordinates":[-118.59887,54.56243]},"properties":{"r":35.91,"o":27,"n":"7GEN HZ 103 KAKWA 4-30-64-4","u":"03/04-30-064-04W6/0","f":7756,"y":2015,"d":6240}},{"type":"Feature","geometry":{"type":"Point","coordinates":[-118.75145,54.48881]},"properties":{"r":22.33,"o":27,"n":"7GEN HZ 103 KAKWA 4-31-63-5","u":"03/04-31-063-05W6/0","f":7756,"y":2018,"d":5632}},{"type":"Feature","geometry":{"type":"Point","coordinates":[-118.65313,54.48747]},"properties":{"r":7.99,"o":27,"n":"7GEN HZ 103 KAKWA 4-35-63-5","u":"03/04-35-063-05W6/0","f":7756,"y":2015,"d":5283}},{"type":"Feature","geometry":{"type":"Point","coordinates":[-118.70273,54.41985]},"properties":{"r":30.46,"o":27,"n":"7GEN HZ 103 KAKWA 5-4-63-5","u":"03/05-04-063-05W6/0","f":7917,"y":2020,"d":6520}},{"type":"Feature","geometry":{"type":"Point","coordinates":[-118.75131,54.50559]},"properties":{"r":50.17,"o":27,"n":"ARC RESOURCES 103 KAKWA 5-6-64-5","u":"03/05-06-064-05W6/0","f":7756,"y":2021,"d":6224}},{"type":"Feature","geometry":{"type":"Point","coordinates":[-118.8036,54.52112]},"properties":{"r":17.28,"o":27,"n":"7GEN HZ 103 KAKWA 5-11-64-6","u":"03/05-11-064-06W6/0","f":7756,"y":2016,"d":5558}},{"type":"Feature","geometry":{"type":"Point","coordinates":[-118.87827,54.53637]},"properties":{"r":81.16,"o":27,"n":"ARC RESOURCES 103 KAKWA 5-17-64-6","u":"03/05-17-064-06W6/0","f":7756,"y":2023,"d":6372}},{"type":"Feature","geometry":{"type":"Point","coordinates":[-118.75256,54.53555]},"properties":{"r":21.74,"o":27,"n":"7GEN HZ 103 KAKWA 5-18-64-5","u":"03/05-18-064-05W6/2","f":7756,"y":2018,"d":6006}},{"type":"Feature","geometry":{"type":"Point","coordinates":[-118.55167,54.4652]},"properties":{"r":19.65,"o":27,"n":"7GEN HZ 103 KAKWA 13-16-63-4","u":"03/05-21-063-04W6/2","f":7917,"y":2018,"d":5450}},{"type":"Feature","geometry":{"type":"Point","coordinates":[-118.67585,54.55079]},"properties":{"r":22.24,"o":27,"n":"7GEN HZ 103 KAKWA 5-22-64-5","u":"03/05-22-064-05W6/0","f":7756,"y":2015,"d":5680}},{"type":"Feature","geometry":{"type":"Point","coordinates":[-118.62856,54.46194]},"properties":{"r":12.6,"o":27,"n":"7GEN HZ 103 KAKWA 5-24-63-5","u":"03/05-24-063-05W6/0","f":7917,"y":2017,"d":4820}},{"type":"Feature","geometry":{"type":"Point","coordinates":[-118.67306,54.39121]},"properties":{"r":17.84,"o":27,"n":"ARC RESOURCES 103 KAKWA 5-27-62-5","u":"03/05-27-062-05W6/0","f":7917,"y":2021,"d":6438}},{"type":"Feature","geometry":{"type":"Point","coordinates":[-118.52687,54.56411]},"properties":{"r":55.35,"o":27,"n":"ARC RESOURCES 103 KARR 5-27-64-4","u":"03/05-27-064-04W6/0","f":7756,"y":2021,"d":5800}},{"type":"Feature","geometry":{"type":"Point","coordinates":[-118.64785,54.40603]},"properties":{"r":22.37,"o":27,"n":"ARC RESOURCES 103 KAKWA 5-35-62-5","u":"03/05-35-062-05W6/2","f":7917,"y":2022,"d":6206}},{"type":"Feature","geometry":{"type":"Point","coordinates":[-118.7431,54.50707]},"properties":{"r":51.18,"o":27,"n":"7GEN HZ 103 KAKWA 6-6-64-5","u":"03/06-06-064-05W6/0","f":7756,"y":2018,"d":6146}},{"type":"Feature","geometry":{"type":"Point","coordinates":[-118.72018,54.52187]},"properties":{"r":29.75,"o":27,"n":"7GEN HZ 103 KAKWA 6-8-64-5","u":"03/06-08-064-05W6/0","f":7756,"y":2018,"d":5920}},{"type":"Feature","geometry":{"type":"Point","coordinates":[-118.61746,54.43548]},"properties":{"r":14.19,"o":27,"n":"7GEN HZ 103 KAKWA 6-12-63-5","u":"03/06-12-063-05W6/2","f":7917,"y":2017,"d":6380}},{"type":"Feature","geometry":{"type":"Point","coordinates":[-118.49538,54.44947]},"properties":{"r":43.55,"o":27,"n":"7GEN HZ 103 KAKWA 6-14-63-4","u":"03/06-14-063-04W6/0","f":7917,"y":2019,"d":5970}},{"type":"Feature","geometry":{"type":"Point","coordinates":[-118.56319,54.38994]},"properties":{"r":36.82,"o":27,"n":"7GEN HZ 103 KAKWA 6-29-62-4","u":"03/06-29-062-04W6/0","f":7917,"y":2019,"d":5669}},{"type":"Feature","geometry":{"type":"Point","coordinates":[-118.51333,54.421]},"properties":{"r":5.98,"o":27,"n":"ARC RESOURCES 103 KAKWA 7-3-63-4","u":"03/07-03-063-04W6/0","f":7860,"y":2022,"d":5504}},{"type":"Feature","geometry":{"type":"Point","coordinates":[-118.4376,54.50793]},"properties":{"r":27.97,"o":27,"n":"7GEN HZ 103 KARR 7-6-64-3","u":"03/07-06-064-03W6/0","f":7756,"y":2014,"d":5951}},{"type":"Feature","geometry":{"type":"Point","coordinates":[-118.53618,54.5222]},"properties":{"r":23.23,"o":27,"n":"7GEN HZ 103 KAKWA 7-9-64-4","u":"03/07-09-064-04W6/0","f":7756,"y":2016,"d":5531}},{"type":"Feature","geometry":{"type":"Point","coordinates":[-118.61115,54.5371]},"properties":{"r":23.46,"o":27,"n":"7GEN HZ 103 KAKWA 7-13-64-5","u":"03/07-13-064-05W6/0","f":7756,"y":2019,"d":5025}},{"type":"Feature","geometry":{"type":"Point","coordinates":[-118.56149,54.38964]},"properties":{"r":17.42,"o":27,"n":"7GEN HZ 103 KAKWA 7-29-62-4","u":"03/07-29-062-04W6/0","f":7860,"y":2019,"d":6180}},{"type":"Feature","geometry":{"type":"Point","coordinates":[-118.58903,54.56358]},"properties":{"r":153.11,"o":27,"n":"ARC RESOURCES 103 KAKWA 7-30-64-4","u":"03/07-30-064-04W6/2","f":7756,"y":2023,"d":6263}},{"type":"Feature","geometry":{"type":"Point","coordinates":[-118.63178,54.59566]},"properties":{"r":97.93,"o":27,"n":"ARC RESOURCES 103 KARR 8-2-65-5","u":"03/08-02-065-05W6/0","f":7756,"y":2023,"d":6558}},{"type":"Feature","geometry":{"type":"Point","coordinates":[-118.81176,54.50627]},"properties":{"r":41.18,"o":27,"n":"ARC RESOURCES 103 KAKWA 8-3-64-6","u":"03/08-03-064-06W6/0","f":7756,"y":2022,"d":6110}},{"type":"Feature","geometry":{"type":"Point","coordinates":[-118.56022,54.41852]},"properties":{"r":25.96,"o":27,"n":"ARC RESOURCES 103 KAKWA 8-5-63-4","u":"03/08-05-063-04W6/0","f":7917,"y":2022,"d":6169}},{"type":"Feature","geometry":{"type":"Point","coordinates":[-118.50641,54.43526]},"properties":{"r":31.01,"o":27,"n":"7GEN HZ 103 KAKWA 8-10-63-4","u":"03/08-10-063-04W6/0","f":7917,"y":2018,"d":5700}},{"type":"Feature","geometry":{"type":"Point","coordinates":[-118.50465,54.52203]},"properties":{"r":49.1,"o":27,"n":"ARC RESOURCES HZ 103 KARR 8-10-64-4","u":"03/08-10-064-04W6/0","f":7756,"y":2021,"d":5045}},{"type":"Feature","geometry":{"type":"Point","coordinates":[-118.60851,54.53537]},"properties":{"r":37.55,"o":27,"n":"7GEN HZ 103 KAKWA 8-13-64-5","u":"03/08-13-064-05W6/0","f":7756,"y":2019,"d":5130}},{"type":"Feature","geometry":{"type":"Point","coordinates":[-118.75598,54.53756]},"properties":{"r":43.34,"o":27,"n":"ARC RESOURCES 103 KAKWA 8-13-64-6","u":"03/08-13-064-06W6/0","f":7756,"y":2021,"d":6413}},{"type":"Feature","geometry":{"type":"Point","coordinates":[-118.48232,54.44962]},"properties":{"r":61.09,"o":27,"n":"7GEN HZ KAKWA 8-14-63-4","u":"03/08-14-063-04W6/0","f":7917,"y":2019,"d":6585}},{"type":"Feature","geometry":{"type":"Point","coordinates":[-119.57986,55.75792]},"properties":{"r":18.87,"o":53,"n":"BIRCHCLIFF HZ 103 PCOUPES 8-14-78-11","u":"03/08-14-078-11W6/0","f":9524,"y":2023,"d":5443}},{"type":"Feature","geometry":{"type":"Point","coordinates":[-118.80763,54.46206]},"properties":{"r":178.19,"o":27,"n":"ARC RESOURCES 103 KAKWA 8-22-63-6","u":"03/08-22-063-06W6/0","f":7756,"y":2025,"d":6683}},{"type":"Feature","geometry":{"type":"Point","coordinates":[-118.48031,54.63958]},"properties":{"r":260.8,"o":27,"n":"ARC RESOURCES 103 KARR 8-23-65-4","u":"03/08-23-065-04W6/2","f":7756,"y":2025,"d":6013}},{"type":"Feature","geometry":{"type":"Point","coordinates":[-119.57979,55.77086]},"properties":{"r":39.63,"o":53,"n":"BIRCHCLIFF 103 PCOUPES 8-23-78-11","u":"03/08-23-078-11W6/0","f":10392,"y":2025,"d":4522}},{"type":"Feature","geometry":{"type":"Point","coordinates":[-118.45179,54.39216]},"properties":{"r":7.48,"o":27,"n":"ARC RESOURCES 103 KAKWA 8-25-62-4","u":"03/08-25-062-04W6/0","f":7860,"y":2023,"d":6200}},{"type":"Feature","geometry":{"type":"Point","coordinates":[-118.80823,54.47801]},"properties":{"r":33.94,"o":27,"n":"ARC RESOURCES 103 KAKWA 8-27-63-6","u":"03/08-27-063-06W6/0","f":7756,"y":2022,"d":6415}},{"type":"Feature","geometry":{"type":"Point","coordinates":[-118.55614,54.47861]},"properties":{"r":11.95,"o":27,"n":"7GEN HZ 103 KAKWA 8-29-63-4","u":"03/08-29-063-04W6/0","f":7756,"y":2015,"d":5751}},{"type":"Feature","geometry":{"type":"Point","coordinates":[-118.53369,54.52411]},"properties":{"r":22.79,"o":27,"n":"7GEN HZ 103 KAKWA 9-9-64-4","u":"03/09-09-064-04W6/0","f":7756,"y":2016,"d":5485}},{"type":"Feature","geometry":{"type":"Point","coordinates":[-118.4795,54.36523]},"properties":{"r":32.62,"o":27,"n":"ARC RESOURCES 103 KAKWA 9-14-62-4","u":"03/09-14-062-04W6/0","f":7860,"y":2022,"d":6218}},{"type":"Feature","geometry":{"type":"Point","coordinates":[-118.70556,54.53889]},"properties":{"r":13.38,"o":27,"n":"7GEN HZ 103 KAKWA 9-17-64-5","u":"03/09-17-064-05W6/0","f":7756,"y":2015,"d":6162}},{"type":"Feature","geometry":{"type":"Point","coordinates":[-117.4048,54.20484]},"properties":{"r":5.7,"o":90,"n":"ATH 103 HZ PLACID 9-20-60-23","u":"03/09-20-060-23W5/0","f":6860,"y":2016,"d":5529}},{"type":"Feature","geometry":{"type":"Point","coordinates":[-118.65731,54.55538]},"properties":{"r":71.83,"o":27,"n":"7GEN HZ 103 KAKWA 9-22-64-5","u":"03/09-22-064-05W6/0","f":7756,"y":2020,"d":6304}},{"type":"Feature","geometry":{"type":"Point","coordinates":[-118.51188,54.42289]},"properties":{"r":51.18,"o":27,"n":"7GEN HZ 103 KAKWA 10-3-63-4","u":"03/10-03-063-04W6/0","f":7917,"y":2017,"d":6272}},{"type":"Feature","geometry":{"type":"Point","coordinates":[-118.74076,54.51015]},"properties":{"r":27.03,"o":27,"n":"7GEN HZ 103 KAKWA 10-6-64-5","u":"03/10-06-064-05W6/0","f":7756,"y":2019,"d":6032}},{"type":"Feature","geometry":{"type":"Point","coordinates":[-118.71344,54.5248]},"properties":{"r":61.98,"o":27,"n":"7GEN HZ 103 KAKWA 10-8-64-5","u":"03/10-08-064-05W6/0","f":7756,"y":2017,"d":6079}},{"type":"Feature","geometry":{"type":"Point","coordinates":[-118.68995,54.4368]},"properties":{"r":9.31,"o":27,"n":"7GEN HZ 103 KAKWA 10-9-63-5","u":"03/10-09-063-05W6/0","f":7917,"y":2018,"d":5426}},{"type":"Feature","geometry":{"type":"Point","coordinates":[-118.48501,54.36522]},"properties":{"r":33.82,"o":27,"n":"ARC RESOURCES 103 KAKWA 10-14-62-4","u":"03/10-14-062-04W6/0","f":7860,"y":2022,"d":6320}},{"type":"Feature","geometry":{"type":"Point","coordinates":[-118.74393,54.50922]},"properties":{"r":21.68,"o":27,"n":"7GEN HZ 103 KAKWA 11-6-64-5","u":"03/11-06-064-05W6/0","f":7756,"y":2019,"d":6040}},{"type":"Feature","geometry":{"type":"Point","coordinates":[-118.4931,54.36533]},"properties":{"r":35.58,"o":27,"n":"ARC RESOURCES 103 KAKWA 11-14-62-4","u":"03/11-14-062-04W6/2","f":7860,"y":2022,"d":5956}},{"type":"Feature","geometry":{"type":"Point","coordinates":[-118.64405,54.49715]},"properties":{"r":17.72,"o":27,"n":"7GEN HZ 103 KAKWA 11-35-63-5","u":"03/11-35-063-05W6/0","f":7756,"y":2015,"d":6050}},{"type":"Feature","geometry":{"type":"Point","coordinates":[-118.70277,54.42401]},"properties":{"r":34.38,"o":27,"n":"7GEN HZ 103 KAKWA 12-4-63-5","u":"03/12-04-063-05W6/2","f":7917,"y":2020,"d":6715}},{"type":"Feature","geometry":{"type":"Point","coordinates":[-118.55246,54.43772]},"properties":{"r":66.82,"o":27,"n":"ARC RESOURCES 103 KAKWA 12-9-63-4","u":"03/12-09-063-04W6/0","f":7860,"y":2022,"d":5928}},{"type":"Feature","geometry":{"type":"Point","coordinates":[-118.70283,54.43748]},"properties":{"r":26.06,"o":27,"n":"7GEN HZ 103 KAKWA 12-9-63-5","u":"03/12-09-063-05W6/0","f":7917,"y":2016,"d":5614}},{"type":"Feature","geometry":{"type":"Point","coordinates":[-118.52696,54.52503]},"properties":{"r":30.38,"o":27,"n":"7GEN HZ 103 KARR 12-10-64-4","u":"03/12-10-064-04W6/0","f":7756,"y":2018,"d":5690}},{"type":"Feature","geometry":{"type":"Point","coordinates":[-118.50311,54.43669]},"properties":{"r":27.59,"o":27,"n":"7GEN HZ 103 KAKWA 12-11-63-4","u":"03/12-11-063-04W6/0","f":7917,"y":2018,"d":5854}},{"type":"Feature","geometry":{"type":"Point","coordinates":[-118.8791,54.54113]},"properties":{"r":60.53,"o":27,"n":"ARC RESOURCES 103 KAKWA 12-17-64-6","u":"03/12-17-064-06W6/0","f":7756,"y":2023,"d":6505}},{"type":"Feature","geometry":{"type":"Point","coordinates":[-118.67666,54.46815]},"properties":{"r":16.25,"o":27,"n":"7GEN HZ 103 KAKWA 16-23-63-5","u":"03/12-22-063-05W6/2","f":7756,"y":2016,"d":6236}},{"type":"Feature","geometry":{"type":"Point","coordinates":[-118.67575,54.55563]},"properties":{"r":42.79,"o":27,"n":"7GEN HZ 102 KAKWA 12-22-64-5","u":"03/12-22-064-05W6/0","f":7756,"y":2015,"d":6185}},{"type":"Feature","geometry":{"type":"Point","coordinates":[-118.82664,54.4975]},"properties":{"r":37.84,"o":27,"n":"ARC RESOURCES 103 KAKWA 12-34-63-6","u":"03/12-34-063-06W6/2","f":7756,"y":2022,"d":6327}},{"type":"Feature","geometry":{"type":"Point","coordinates":[-118.72965,54.51446]},"properties":{"r":33.76,"o":27,"n":"7GEN HZ 103 KAKWA 13-5-64-5","u":"03/13-05-064-05W6/0","f":7756,"y":2016,"d":6076}},{"type":"Feature","geometry":{"type":"Point","coordinates":[-119.5218,55.73676]},"properties":{"r":83.95,"o":307,"n":"TQN 103 PCOUPES 13-5-78-10","u":"03/13-05-078-10W6/0","f":10679,"y":2025,"d":5409}},{"type":"Feature","geometry":{"type":"Point","coordinates":[-118.60349,54.44177]},"properties":{"r":5.6,"o":27,"n":"PARA HZ 103 KAKWA 13-7-63-4","u":"03/13-07-063-04W6/0","f":7917,"y":2013,"d":4565}},{"type":"Feature","geometry":{"type":"Point","coordinates":[-118.49833,54.52812]},"properties":{"r":16.56,"o":27,"n":"7GEN HZ 103 KARR 13-11-64-4","u":"03/13-11-064-04W6/0","f":7756,"y":2018,"d":5409}},{"type":"Feature","geometry":{"type":"Point","coordinates":[-118.57456,54.3832]},"properties":{"r":34.66,"o":27,"n":"7GEN HZ 104 KAKWA 13-20-62-4","u":"03/13-20-062-04W6/0","f":7917,"y":2019,"d":5556}},{"type":"Feature","geometry":{"type":"Point","coordinates":[-118.57664,54.47171]},"properties":{"r":10.92,"o":27,"n":"7GEN HZ 103 KAKWA 13-20-63-4","u":"03/13-20-063-04W6/0","f":7756,"y":2016,"d":5095}},{"type":"Feature","geometry":{"type":"Point","coordinates":[-118.55148,54.46926]},"properties":{"r":18.7,"o":27,"n":"7GEN HZ 103 KAKWA 13-21-63-4","u":"03/13-21-063-04W6/0","f":7917,"y":2014,"d":4570}},{"type":"Feature","geometry":{"type":"Point","coordinates":[-118.67912,54.47177]},"properties":{"r":14.15,"o":27,"n":"7GEN HZ 103 KAKWA 13-22-63-5","u":"03/13-22-063-05W6/0","f":7756,"y":2016,"d":6195}},{"type":"Feature","geometry":{"type":"Point","coordinates":[-118.526,54.55892]},"properties":{"r":52.6,"o":27,"n":"ARC RESOURCES 103 KARR 13-22-64-4","u":"03/13-22-064-04W6/0","f":7756,"y":2021,"d":5304}},{"type":"Feature","geometry":{"type":"Point","coordinates":[-116.64357,54.55861]},"properties":{"r":154.9,"o":228,"n":"PARA HZ 103 KAYBOB 13-22-64-18","u":"03/13-22-064-18W5/0","f":9614,"y":2023,"d":7288}},{"type":"Feature","geometry":{"type":"Point","coordinates":[-117.52653,54.47196]},"properties":{"r":5.18,"o":67,"n":"CNRL ET AL WAHIGAN 13-23-63-24","u":"03/13-23-063-24W5/0","f":5309,"y":2013,"d":5010}},{"type":"Feature","geometry":{"type":"Point","coordinates":[-118.60228,54.66054]},"properties":{"r":231.11,"o":27,"n":"ARC RESOURCES 103 KARR 13-30-65-4","u":"03/13-30-065-04W6/0","f":7756,"y":2024,"d":6370}},{"type":"Feature","geometry":{"type":"Point","coordinates":[-118.52376,54.41331]},"properties":{"r":26.94,"o":27,"n":"ARC RESOURCES 103 KAKWA 13-34-62-4","u":"03/13-34-062-04W6/0","f":7860,"y":2021,"d":6616}},{"type":"Feature","geometry":{"type":"Point","coordinates":[-117.51969,54.51568]},"properties":{"r":85.39,"o":67,"n":"CNRL 103 HZ WAHIGAN 14-2-64-24","u":"03/14-02-064-24W5/0","f":7539,"y":2018,"d":7225}},{"type":"Feature","geometry":{"type":"Point","coordinates":[-118.71801,54.61682]},"properties":{"r":70.15,"o":27,"n":"ARC RESOURCES 103 KARR 14-8-65-5","u":"03/14-08-065-05W6/0","f":7756,"y":2021,"d":5756}},{"type":"Feature","geometry":{"type":"Point","coordinates":[-118.49511,54.5298]},"properties":{"r":26.73,"o":27,"n":"7GEN HZ 103 KARR 14-11-64-4","u":"03/14-11-064-04W6/0","f":7756,"y":2018,"d":5442}},{"type":"Feature","geometry":{"type":"Point","coordinates":[-118.7683,54.52977]},"properties":{"r":37.86,"o":27,"n":"7GEN HZ 103 KAKWA 14-12-64-6","u":"03/14-12-064-06W6/0","f":7756,"y":2018,"d":5724}},{"type":"Feature","geometry":{"type":"Point","coordinates":[-118.69755,54.54331]},"properties":{"r":17.8,"o":27,"n":"7GEN HZ 103 KAKWA 14-16-64-5","u":"03/14-16-064-05W6/0","f":7756,"y":2015,"d":6050}},{"type":"Feature","geometry":{"type":"Point","coordinates":[-118.56727,54.47146]},"properties":{"r":12.01,"o":27,"n":"7GEN HZ 103 KAKWA 4-29-63-4","u":"03/14-20-063-04W6/2","f":7756,"y":2015,"d":5685}},{"type":"Feature","geometry":{"type":"Point","coordinates":[-118.57167,54.55846]},"properties":{"r":56.06,"o":27,"n":"7GEN HZ 103 KAKWA 14-20-64-4","u":"03/14-20-064-04W6/0","f":7756,"y":2017,"d":6144}},{"type":"Feature","geometry":{"type":"Point","coordinates":[-116.63662,54.5586]},"properties":{"r":64.83,"o":228,"n":"PARA HZ 103 KAYBOB 14-22-64-18","u":"03/14-22-064-18W5/0","f":9614,"y":2023,"d":7277}},{"type":"Feature","geometry":{"type":"Point","coordinates":[-118.49683,54.48604]},"properties":{"r":53.38,"o":27,"n":"ARC RESOURCES 103 KAKWA 14-26-63-4","u":"03/14-26-063-04W6/0","f":7917,"y":2022,"d":5672}},{"type":"Feature","geometry":{"type":"Point","coordinates":[-118.49428,54.57175]},"properties":{"r":23.73,"o":27,"n":"7GEN HZ 103 KARR 14-26-64-4","u":"03/14-26-064-04W6/0","f":7756,"y":2017,"d":5025}},{"type":"Feature","geometry":{"type":"Point","coordinates":[-118.59416,54.66062]},"properties":{"r":260.1,"o":27,"n":"ARC RESOURCES 103 KARR 14-30-65-4","u":"03/14-30-065-04W6/0","f":7756,"y":2024,"d":6285}},{"type":"Feature","geometry":{"type":"Point","coordinates":[-114.56187,51.88077]},"properties":{"r":36.73,"o":340,"n":"WHITECAP CAROL 14-31-33-4","u":"03/14-31-033-04W5/0","f":1147,"y":2022,"d":4207}},{"type":"Feature","geometry":{"type":"Point","coordinates":[-118.6901,54.44037]},"properties":{"r":19.44,"o":27,"n":"7GEN HZ 103 KAKWA 15-9-63-5","u":"03/15-09-063-05W6/0","f":7917,"y":2018,"d":5200}},{"type":"Feature","geometry":{"type":"Point","coordinates":[-118.61596,54.52813]},"properties":{"r":13.96,"o":27,"n":"7GEN HZ 103 KAKWA 15-12-64-5","u":"03/15-12-064-05W6/0","f":7756,"y":2015,"d":6107}},{"type":"Feature","geometry":{"type":"Point","coordinates":[-118.81557,54.54397]},"properties":{"r":23.61,"o":27,"n":"7GEN HZ 103 KAKWA 15-15-64-6","u":"03/15-15-064-06W6/0","f":7756,"y":2021,"d":6010}},{"type":"Feature","geometry":{"type":"Point","coordinates":[-118.6882,54.45657]},"properties":{"r":22.87,"o":27,"n":"ARC RESOURCES 103 KAKWA 15-16-63-5","u":"03/15-16-063-05W6/3","f":7917,"y":2023,"d":4874}},{"type":"Feature","geometry":{"type":"Point","coordinates":[-118.61656,54.64598]},"properties":{"r":145.5,"o":27,"n":"ARC RESOURCES 103 KARR 15-24-65-5","u":"03/15-24-065-05W6/0","f":7756,"y":2024,"d":5695}},{"type":"Feature","geometry":{"type":"Point","coordinates":[-118.58612,54.66062]},"properties":{"r":246.22,"o":27,"n":"ARC RESOURCES 103 KARR 15-30-65-4","u":"03/15-30-065-04W6/0","f":7756,"y":2024,"d":6012}},{"type":"Feature","geometry":{"type":"Point","coordinates":[-118.64029,54.50005]},"properties":{"r":25.73,"o":27,"n":"7GEN HZ 103 KAKWA 15-35-63-5","u":"03/15-35-063-05W6/0","f":7756,"y":2015,"d":6222}},{"type":"Feature","geometry":{"type":"Point","coordinates":[-118.80863,54.5275]},"properties":{"r":28.07,"o":27,"n":"7GEN HZ 103 KAKWA 16-10-64-6","u":"03/16-10-064-06W6/0","f":7756,"y":2017,"d":6400}},{"type":"Feature","geometry":{"type":"Point","coordinates":[-119.57988,55.76438]},"properties":{"r":25.03,"o":53,"n":"BIRCHCLIFF 103 PCOUPES 16-14-78-11","u":"03/16-14-078-11W6/0","f":9524,"y":2024,"d":4972}},{"type":"Feature","geometry":{"type":"Point","coordinates":[-118.80798,54.54395]},"properties":{"r":19.35,"o":27,"n":"7GEN HZ 103 KAKWA 16-15-64-6","u":"03/16-15-064-06W6/0","f":7756,"y":2021,"d":5687}},{"type":"Feature","geometry":{"type":"Point","coordinates":[-118.52948,54.55883]},"properties":{"r":44.53,"o":27,"n":"ARC RESOURCES 103 KAKWA 16-21-64-4","u":"03/16-21-064-04W6/0","f":7756,"y":2021,"d":5421}},{"type":"Feature","geometry":{"type":"Point","coordinates":[-118.80768,54.46892]},"properties":{"r":120.74,"o":27,"n":"ARC RESOURCES 103 KAKWA 16-22-63-6","u":"03/16-22-063-06W6/0","f":7756,"y":2025,"d":6837}},{"type":"Feature","geometry":{"type":"Point","coordinates":[-118.78119,54.55864]},"properties":{"r":19.88,"o":27,"n":"7GEN HZ 103 KAKWA 16-23-64-6","u":"03/16-23-064-06W6/0","f":7756,"y":2018,"d":6010}},{"type":"Feature","geometry":{"type":"Point","coordinates":[-118.60567,54.64593]},"properties":{"r":104.83,"o":27,"n":"ARC RESOURCES 103 KARR 16-24-65-5","u":"03/16-24-065-05W6/0","f":7756,"y":2024,"d":5608}},{"type":"Feature","geometry":{"type":"Point","coordinates":[-118.53232,54.48419]},"properties":{"r":8.62,"o":27,"n":"7GEN HZ 103 KAKWA 16-28-63-4","u":"03/16-28-063-04W6/0","f":7917,"y":2014,"d":4360}},{"type":"Feature","geometry":{"type":"Point","coordinates":[-118.55611,54.48683]},"properties":{"r":15.79,"o":27,"n":"7GEN HZ 103 KAKWA 16-29-63-4","u":"03/16-29-063-04W6/0","f":7756,"y":2016,"d":6019}},{"type":"Feature","geometry":{"type":"Point","coordinates":[-118.73566,54.58717]},"properties":{"r":24.07,"o":27,"n":"7GEN HZ 103 KAKWA 16-31-64-5","u":"03/16-31-064-05W6/0","f":7756,"y":2015,"d":5350}},{"type":"Feature","geometry":{"type":"Point","coordinates":[-118.55614,54.49983]},"properties":{"r":10.32,"o":27,"n":"7GEN HZ 102 KAKWA 6-5-64-4","u":"03/16-32-063-04W6/2","f":7756,"y":2016,"d":4856}},{"type":"Feature","geometry":{"type":"Point","coordinates":[-118.75704,54.58726]},"properties":{"r":38.2,"o":27,"n":"7GEN HZ 103 KAKWA 16-36-64-6","u":"03/16-36-064-06W6/0","f":7756,"y":2019,"d":6624}},{"type":"Feature","geometry":{"type":"Point","coordinates":[-118.60862,54.58998]},"properties":{"r":187.44,"o":27,"n":"ARC RESOURCES 104 KARR 1-1-65-5","u":"04/01-01-065-05W6/0","f":7756,"y":2023,"d":6235}},{"type":"Feature","geometry":{"type":"Point","coordinates":[-118.56018,54.41527]},"properties":{"r":43.02,"o":27,"n":"ARC RESOURCES 104 KAKWA 1-5-63-4","u":"04/01-05-063-04W6/0","f":7917,"y":2022,"d":5977}},{"type":"Feature","geometry":{"type":"Point","coordinates":[-116.67654,54.50278]},"properties":{"r":38.39,"o":228,"n":"PARA HZ 104 KAYBOB 1-5-64-18","u":"04/01-05-064-18W5/0","f":9614,"y":2024,"d":6934}},{"type":"Feature","geometry":{"type":"Point","coordinates":[-118.75576,54.53397]},"properties":{"r":19.54,"o":27,"n":"7GEN HZ 104 KAKWA 1-13-64-6","u":"04/01-13-064-06W6/0","f":7756,"y":2018,"d":5782}},{"type":"Feature","geometry":{"type":"Point","coordinates":[-118.55876,54.47389]},"properties":{"r":8.03,"o":27,"n":"7GEN HZ 104 KAKWA 1-29-63-4","u":"04/01-29-063-04W6/0","f":7756,"y":2015,"d":5940}},{"type":"Feature","geometry":{"type":"Point","coordinates":[-118.50953,54.48857]},"properties":{"r":7.65,"o":27,"n":"7GEN HZ 104 KAKWA 1-34-63-4","u":"04/01-34-063-04W6/0","f":7917,"y":2017,"d":4400}},{"type":"Feature","geometry":{"type":"Point","coordinates":[-118.75912,54.48814]},"properties":{"r":26.35,"o":27,"n":"7GEN HZ 104 KAKWA 1-36-63-6","u":"04/01-36-063-06W6/0","f":7756,"y":2021,"d":5360}},{"type":"Feature","geometry":{"type":"Point","coordinates":[-118.50847,54.34265]},"properties":{"r":35.2,"o":27,"n":"7GEN HZ 104 KAKWA 2-10-62-4","u":"04/02-10-062-04W6/0","f":7860,"y":2019,"d":6292}},{"type":"Feature","geometry":{"type":"Point","coordinates":[-118.51267,54.43218]},"properties":{"r":32.62,"o":27,"n":"7GEN HZ 104 KAKWA 2-10-63-4","u":"04/02-10-063-04W6/0","f":7917,"y":2019,"d":5641}},{"type":"Feature","geometry":{"type":"Point","coordinates":[-118.61414,54.44671]},"properties":{"r":14.99,"o":27,"n":"7GEN HZ 104 KAKWA 4-23-63-5","u":"04/02-13-063-05W6/2","f":7917,"y":2017,"d":6025}},{"type":"Feature","geometry":{"type":"Point","coordinates":[-118.69053,54.44499]},"properties":{"r":6.83,"o":27,"n":"7GEN HZ 104 KAKWA 2-16-63-5","u":"04/02-16-063-05W6/0","f":6880,"y":2018,"d":4180}},{"type":"Feature","geometry":{"type":"Point","coordinates":[-118.58891,54.45891]},"properties":{"r":14.49,"o":27,"n":"7GEN HZ 104 KAKWA 2-19-63-4","u":"04/02-19-063-04W6/0","f":7756,"y":2015,"d":6275}},{"type":"Feature","geometry":{"type":"Point","coordinates":[-118.51267,54.4885]},"properties":{"r":21.62,"o":27,"n":"7GEN HZ 104 KAKWA 2-34-63-4","u":"04/02-34-063-04W6/0","f":7917,"y":2017,"d":4438}},{"type":"Feature","geometry":{"type":"Point","coordinates":[-118.54735,54.5032]},"properties":{"r":23.61,"o":27,"n":"7GEN HZ 104 KAKWA 3-4-64-4","u":"04/03-04-064-04W6/0","f":7917,"y":2021,"d":4730}},{"type":"Feature","geometry":{"type":"Point","coordinates":[-118.54241,54.51889]},"properties":{"r":24.07,"o":27,"n":"7GEN HZ 104 KAKWA 3-9-64-4","u":"04/03-09-064-04W6/2","f":7917,"y":2016,"d":5607}},{"type":"Feature","geometry":{"type":"Point","coordinates":[-117.44126,54.18252]},"properties":{"r":80.09,"o":90,"n":"CYGNET ENERGY PLACID 3-18-60-23","u":"04/03-18-060-23W5/0","f":6860,"y":2023,"d":6255}},{"type":"Feature","geometry":{"type":"Point","coordinates":[-118.59328,54.56264]},"properties":{"r":30.34,"o":27,"n":"7GEN HZ 104 KAKWA 3-30-64-4","u":"04/03-30-064-04W6/0","f":7756,"y":2015,"d":6051}},{"type":"Feature","geometry":{"type":"Point","coordinates":[-118.72826,54.60663]},"properties":{"r":25.54,"o":27,"n":"7GEN HZ KARR 4-8-65-5","u":"04/04-08-065-05W6/0","f":7756,"y":2020,"d":6527}},{"type":"Feature","geometry":{"type":"Point","coordinates":[-118.70298,54.43139]},"properties":{"r":30.72,"o":27,"n":"7GEN HZ 104 KAKWA 4-9-63-5","u":"04/04-09-063-05W6/0","f":7917,"y":2020,"d":6170}},{"type":"Feature","geometry":{"type":"Point","coordinates":[-118.62666,54.44686]},"properties":{"r":10.99,"o":27,"n":"7GEN HZ 104 KAKWA 4-13-63-5","u":"04/04-13-063-05W6/0","f":7917,"y":2017,"d":5600}},{"type":"Feature","geometry":{"type":"Point","coordinates":[-117.4235,54.1825]},"properties":{"r":14.68,"o":90,"n":"ATH 104 HZ PLACID 4-17-60-23","u":"04/04-17-060-23W5/0","f":6860,"y":2017,"d":5815}},{"type":"Feature","geometry":{"type":"Point","coordinates":[-119.65462,55.68059]},"properties":{"r":27.13,"o":158,"n":"INSIGNIA ENERGY 4 PCOUPES 4-21-77-11","u":"04/04-21-077-11W6/0","f":4895,"y":2025,"d":3709}},{"type":"Feature","geometry":{"type":"Point","coordinates":[-118.6775,54.54613]},"properties":{"r":19.94,"o":27,"n":"7GEN HZ 105 KAKWA 4-22-64-5","u":"04/04-22-064-05W6/0","f":7756,"y":2015,"d":5540}},{"type":"Feature","geometry":{"type":"Point","coordinates":[-118.52683,54.56185]},"properties":{"r":46.98,"o":27,"n":"ARC RESOURCES 104 KARR 4-27-64-4","u":"04/04-27-064-04W6/0","f":7756,"y":2021,"d":5555}},{"type":"Feature","geometry":{"type":"Point","coordinates":[-118.57084,54.38551]},"properties":{"r":15.91,"o":27,"n":"7GEN HZ 104 KAKWA 4-29-62-4","u":"04/04-29-062-04W6/0","f":7917,"y":2019,"d":5766}},{"type":"Feature","geometry":{"type":"Point","coordinates":[-118.49944,54.48776]},"properties":{"r":60.05,"o":27,"n":"ARC RESOURCES 104 KAKWA 4-35-63-4","u":"04/04-35-063-04W6/0","f":7917,"y":2022,"d":5653}},{"type":"Feature","geometry":{"type":"Point","coordinates":[-118.70155,54.41843]},"properties":{"r":30.04,"o":27,"n":"7GEN HZ 104 KAKWA 5-4-63-5","u":"04/05-04-063-05W6/0","f":7917,"y":2020,"d":6459}},{"type":"Feature","geometry":{"type":"Point","coordinates":[-118.87912,54.53789]},"properties":{"r":66.46,"o":27,"n":"ARC RESOURCES 104 KAKWA 5-17-64-6","u":"04/05-17-064-06W6/0","f":7756,"y":2023,"d":6398}},{"type":"Feature","geometry":{"type":"Point","coordinates":[-118.7446,54.50605]},"properties":{"r":24.49,"o":27,"n":"7GEN HZ 104 KAKWA 6-6-64-5","u":"04/06-06-064-05W6/0","f":7756,"y":2018,"d":5990}},{"type":"Feature","geometry":{"type":"Point","coordinates":[-118.72358,54.52033]},"properties":{"r":22.87,"o":27,"n":"7GEN HZ 104 KAKWA 6-8-64-5","u":"04/06-08-064-05W6/0","f":7756,"y":2018,"d":6115}},{"type":"Feature","geometry":{"type":"Point","coordinates":[-118.61945,54.43412]},"properties":{"r":8.18,"o":27,"n":"7GEN HZ 104 KAKWA 6-12-63-5","u":"04/06-12-063-05W6/0","f":7917,"y":2017,"d":6160}},{"type":"Feature","geometry":{"type":"Point","coordinates":[-118.49211,54.45064]},"properties":{"r":184.86,"o":27,"n":"ARC RESOURCES 104 KAKWA 6-14-63-4","u":"04/06-14-063-04W6/0","f":7860,"y":2024,"d":5845}},{"type":"Feature","geometry":{"type":"Point","coordinates":[-118.56512,54.38885]},"properties":{"r":40.09,"o":27,"n":"7GEN HZ 102 KAKWA 6-29-62-4","u":"04/06-29-062-04W6/0","f":7917,"y":2019,"d":5970}},{"type":"Feature","geometry":{"type":"Point","coordinates":[-118.81172,54.50617]},"properties":{"r":48.31,"o":27,"n":"ARC RESOURCES 104 KAKWA 8-3-64-6","u":"04/08-03-064-06W6/0","f":7756,"y":2022,"d":6232}},{"type":"Feature","geometry":{"type":"Point","coordinates":[-118.56025,54.41852]},"properties":{"r":34.61,"o":27,"n":"ARC RESOURCES 104 KAKWA 8-5-63-4","u":"04/08-05-063-04W6/0","f":7917,"y":2022,"d":5992}},{"type":"Feature","geometry":{"type":"Point","coordinates":[-118.53139,54.52253]},"properties":{"r":40.84,"o":27,"n":"7GEN KAKWA 8-9-64-4","u":"04/08-09-064-04W6/0","f":7756,"y":2018,"d":5385}},{"type":"Feature","geometry":{"type":"Point","coordinates":[-118.50934,54.4336]},"properties":{"r":28.58,"o":27,"n":"7GEN HZ 104 KAKWA 8-10-63-4","u":"04/08-10-063-04W6/0","f":7917,"y":2018,"d":5650}},{"type":"Feature","geometry":{"type":"Point","coordinates":[-118.71037,54.53541]},"properties":{"r":38.3,"o":27,"n":"7GEN HZ 102 KAKWA 8-17-64-5","u":"04/08-17-064-05W6/0","f":7756,"y":2016,"d":6275}},{"type":"Feature","geometry":{"type":"Point","coordinates":[-119.57978,55.77274]},"properties":{"r":120.68,"o":53,"n":"BIRCHCLIFF 104 PCOUPES 8-23-78-11","u":"04/08-23-078-11W6/0","f":10392,"y":2025,"d":4368}},{"type":"Feature","geometry":{"type":"Point","coordinates":[-118.55662,54.47675]},"properties":{"r":13.9,"o":27,"n":"7GEN HZ 104 KAKWA 8-29-63-4","u":"04/08-29-063-04W6/0","f":7756,"y":2015,"d":5950}},{"type":"Feature","geometry":{"type":"Point","coordinates":[-118.57719,54.40623]},"properties":{"r":38.68,"o":27,"n":"ARC RESOURCES 104 KAKWA 8-31-62-4","u":"04/08-31-062-04W6/0","f":7860,"y":2022,"d":6234}},{"type":"Feature","geometry":{"type":"Point","coordinates":[-118.71043,54.53876]},"properties":{"r":34.28,"o":27,"n":"7GEN HZ 104 KAKWA 9-17-64-5","u":"04/09-17-064-05W6/0","f":7756,"y":2016,"d":6498}},{"type":"Feature","geometry":{"type":"Point","coordinates":[-118.55631,54.48281]},"properties":{"r":14.11,"o":27,"n":"7GEN HZ 104 KAKWA 9-29-63-4","u":"04/09-29-063-04W6/0","f":7756,"y":2015,"d":5510}},{"type":"Feature","geometry":{"type":"Point","coordinates":[-118.61273,54.5107]},"properties":{"r":8.81,"o":27,"n":"7GEN HZ 104 KAKWA 10-1-64-5","u":"04/10-01-064-05W6/0","f":7756,"y":2017,"d":5353}},{"type":"Feature","geometry":{"type":"Point","coordinates":[-118.51359,54.4223]},"properties":{"r":15.24,"o":27,"n":"7GEN HZ 104 KAKWA 10-3-63-4","u":"04/10-03-063-04W6/0","f":7917,"y":2017,"d":6155}},{"type":"Feature","geometry":{"type":"Point","coordinates":[-118.74134,54.50999]},"properties":{"r":16.42,"o":27,"n":"7GEN HZ 104 KAKWA 10-6-64-5","u":"04/10-06-064-05W6/0","f":7756,"y":2019,"d":5932}},{"type":"Feature","geometry":{"type":"Point","coordinates":[-118.68991,54.43855]},"properties":{"r":19.88,"o":27,"n":"7GEN HZ 104 KAKWA 10-9-63-5","u":"04/10-09-063-05W6/0","f":7917,"y":2018,"d":5390}},{"type":"Feature","geometry":{"type":"Point","coordinates":[-118.69699,54.43751]},"properties":{"r":23.57,"o":27,"n":"7GEN HZ 104 KAKWA 11-9-63-5","u":"04/11-09-063-05W6/0","f":7917,"y":2016,"d":5565}},{"type":"Feature","geometry":{"type":"Point","coordinates":[-118.61708,54.54039]},"properties":{"r":55.52,"o":27,"n":"7GEN HZ 104 KAKWA 11-13-64-5","u":"04/11-13-064-05W6/0","f":7756,"y":2019,"d":4798}},{"type":"Feature","geometry":{"type":"Point","coordinates":[-118.49205,54.45151]},"properties":{"r":34.28,"o":27,"n":"7GEN HZ 104 KAKWA 11-14-63-4","u":"04/11-14-063-04W6/0","f":7917,"y":2019,"d":5970}},{"type":"Feature","geometry":{"type":"Point","coordinates":[-118.44085,54.45344]},"properties":{"r":58.5,"o":27,"n":"7GEN HZ KAKWA 11-18-63-3","u":"04/11-18-063-03W6/0","f":7756,"y":2020,"d":6345}},{"type":"Feature","geometry":{"type":"Point","coordinates":[-118.64565,54.49591]},"properties":{"r":9.58,"o":27,"n":"7GEN HZ 104 KAKWA 11-35-63-5","u":"04/11-35-063-05W6/0","f":7756,"y":2016,"d":6000}},{"type":"Feature","geometry":{"type":"Point","coordinates":[-118.64798,54.41042]},"properties":{"r":21.93,"o":27,"n":"ARC RESOURCES 104 KAKWA 12-35-62-5","u":"04/12-35-062-05W6/0","f":7917,"y":2022,"d":6129}},{"type":"Feature","geometry":{"type":"Point","coordinates":[-118.70312,54.42835]},"properties":{"r":29.16,"o":27,"n":"7GEN HZ 104 KAKWA 13-4-63-5","u":"04/13-04-063-05W6/0","f":7917,"y":2020,"d":6107}},{"type":"Feature","geometry":{"type":"Point","coordinates":[-118.72824,54.59996]},"properties":{"r":88.41,"o":27,"n":"7GEN HZ 104 KARR 13-5-65-5","u":"04/13-05-065-05W6/0","f":7756,"y":2020,"d":6080}},{"type":"Feature","geometry":{"type":"Point","coordinates":[-118.60191,54.54371]},"properties":{"r":9.33,"o":27,"n":"7GEN HZ 104 KAKWA 13-18-64-4","u":"04/13-18-064-04W6/0","f":7756,"y":2014,"d":4990}},{"type":"Feature","geometry":{"type":"Point","coordinates":[-118.57532,54.46952]},"properties":{"r":8.7,"o":27,"n":"7GEN HZ 104 KAKWA 13-20-63-4","u":"04/13-20-063-04W6/0","f":7756,"y":2016,"d":5274}},{"type":"Feature","geometry":{"type":"Point","coordinates":[-118.77853,54.55947]},"properties":{"r":24.15,"o":27,"n":"7GEN HZ 104 KAKWA 13-24-64-6","u":"04/13-24-064-06W6/0","f":7756,"y":2018,"d":5928}},{"type":"Feature","geometry":{"type":"Point","coordinates":[-118.75211,54.58765]},"properties":{"r":37.0,"o":27,"n":"7GEN HZ 104 KAKWA 13-31-64-5","u":"04/13-31-064-05W6/0","f":7756,"y":2019,"d":6465}},{"type":"Feature","geometry":{"type":"Point","coordinates":[-118.72896,54.58693]},"properties":{"r":22.5,"o":27,"n":"7GEN HZ KAKWA 13-32-64-5","u":"04/13-32-064-05W6/3","f":7756,"y":2013,"d":5294}},{"type":"Feature","geometry":{"type":"Point","coordinates":[-118.82252,54.54355]},"properties":{"r":15.77,"o":27,"n":"7GEN HZ 104 KAKWA 14-15-64-6","u":"04/14-15-064-06W6/0","f":7756,"y":2021,"d":6210}},{"type":"Feature","geometry":{"type":"Point","coordinates":[-118.69531,54.54365]},"properties":{"r":34.82,"o":27,"n":"7GEN HZ 104 KAKWA 14-16-64-5","u":"04/14-16-064-05W6/0","f":7756,"y":2016,"d":6279}},{"type":"Feature","geometry":{"type":"Point","coordinates":[-118.56865,54.46952]},"properties":{"r":13.9,"o":27,"n":"7GEN HZ 104 KAKWA 14-20-63-4","u":"04/14-20-063-04W6/0","f":7756,"y":2016,"d":5896}},{"type":"Feature","geometry":{"type":"Point","coordinates":[-118.49433,54.57313]},"properties":{"r":27.23,"o":27,"n":"7GEN HZ 104 KARR 14-26-64-4","u":"04/14-26-064-04W6/0","f":7756,"y":2017,"d":5020}},{"type":"Feature","geometry":{"type":"Point","coordinates":[-118.59691,54.66058]},"properties":{"r":256.41,"o":27,"n":"ARC RESOURCES 104 KARR 14-30-65-4","u":"04/14-30-065-04W6/0","f":7756,"y":2024,"d":6293}},{"type":"Feature","geometry":{"type":"Point","coordinates":[-118.71307,54.61682]},"properties":{"r":60.93,"o":27,"n":"ARC RESOURCES 104 KARR 15-8-65-5","u":"04/15-08-065-05W6/0","f":7756,"y":2021,"d":5600}},{"type":"Feature","geometry":{"type":"Point","coordinates":[-118.68985,54.44221]},"properties":{"r":20.8,"o":27,"n":"7GEN HZ 104 KAKWA 15-9-63-5","u":"04/15-09-063-05W6/0","f":7917,"y":2018,"d":5125}},{"type":"Feature","geometry":{"type":"Point","coordinates":[-118.61504,54.5292]},"properties":{"r":15.54,"o":27,"n":"7GEN HZ 104 KAKWA 15-12-64-5","u":"04/15-12-064-05W6/0","f":7756,"y":2015,"d":6209}},{"type":"Feature","geometry":{"type":"Point","coordinates":[-118.81561,54.54407]},"properties":{"r":20.61,"o":27,"n":"7GEN HZ 104 KAKWA 15-15-64-6","u":"04/15-15-064-06W6/0","f":7756,"y":2021,"d":5885}},{"type":"Feature","geometry":{"type":"Point","coordinates":[-118.5888,54.66056]},"properties":{"r":213.56,"o":27,"n":"ARC RESOURCES 104 KARR 15-30-65-4","u":"04/15-30-065-04W6/0","f":7756,"y":2024,"d":6374}},{"type":"Feature","geometry":{"type":"Point","coordinates":[-115.1247,52.75389]},"properties":{"r":7.61,"o":134,"n":"I3 ENERGY 104 HZ WILLGR 15-32-43-8","u":"04/15-32-043-08W5/0","f":10003,"y":2024,"d":5185}},{"type":"Feature","geometry":{"type":"Point","coordinates":[-118.64066,54.49851]},"properties":{"r":15.66,"o":27,"n":"7GEN HZ 104 KAKWA 15-35-63-5","u":"04/15-35-063-05W6/0","f":7756,"y":2015,"d":6210}},{"type":"Feature","geometry":{"type":"Point","coordinates":[-119.5799,55.7662]},"properties":{"r":12.1,"o":53,"n":"BIRCHCLIFF 104 PCOUPES 16-14-78-11","u":"04/16-14-078-11W6/0","f":9524,"y":2024,"d":4890}},{"type":"Feature","geometry":{"type":"Point","coordinates":[-118.78588,54.5587]},"properties":{"r":21.03,"o":27,"n":"7GEN HZ 104 KAKWA 16-23-64-6","u":"04/16-23-064-06W6/0","f":7756,"y":2018,"d":6545}},{"type":"Feature","geometry":{"type":"Point","coordinates":[-118.55607,54.48442]},"properties":{"r":15.85,"o":27,"n":"7GEN HZ 104 KAKWA 16-29-63-4","u":"04/16-29-063-04W6/0","f":7756,"y":2016,"d":6172}},{"type":"Feature","geometry":{"type":"Point","coordinates":[-118.58051,54.66062]},"properties":{"r":334.03,"o":27,"n":"ARC RESOURCES 104 KARR 16-30-65-4","u":"04/16-30-065-04W6/2","f":7756,"y":2024,"d":6613}},{"type":"Feature","geometry":{"type":"Point","coordinates":[-118.55614,54.49812]},"properties":{"r":15.77,"o":27,"n":"7GEN HZ 104 KAKWA 6-5-64-4","u":"04/16-32-063-04W6/2","f":7756,"y":2016,"d":4772}},{"type":"Feature","geometry":{"type":"Point","coordinates":[-118.76049,54.5317]},"properties":{"r":22.31,"o":27,"n":"7GEN HZ 105 KAKWA 1-13-64-6","u":"05/01-13-064-06W6/0","f":7756,"y":2018,"d":5517}},{"type":"Feature","geometry":{"type":"Point","coordinates":[-118.55631,54.47452]},"properties":{"r":10.06,"o":27,"n":"7GEN HZ 105 KAKWA 1-29-63-4","u":"05/01-29-063-04W6/0","f":7756,"y":2015,"d":5985}},{"type":"Feature","geometry":{"type":"Point","coordinates":[-118.55602,54.48924]},"properties":{"r":20.19,"o":27,"n":"7GEN HZ 105 KAKWA 1-32-63-4","u":"05/01-32-063-04W6/0","f":7756,"y":2016,"d":5619}},{"type":"Feature","geometry":{"type":"Point","coordinates":[-118.81378,54.503]},"properties":{"r":52.21,"o":27,"n":"ARC RESOURCES 105 KAKWA 2-3-64-6","u":"05/02-03-064-06W6/0","f":7756,"y":2022,"d":6219}},{"type":"Feature","geometry":{"type":"Point","coordinates":[-118.51227,54.43193]},"properties":{"r":25.1,"o":27,"n":"7GEN HZ 105 KAKWA 2-10-63-4","u":"05/02-10-063-04W6/0","f":7917,"y":2019,"d":5885}},{"type":"Feature","geometry":{"type":"Point","coordinates":[-118.69103,54.44576]},"properties":{"r":40.32,"o":27,"n":"ARC RESOURCES 105 KAKWA 2-16-63-5","u":"05/02-16-063-05W6/0","f":7917,"y":2023,"d":5668}},{"type":"Feature","geometry":{"type":"Point","coordinates":[-118.695,54.5466]},"properties":{"r":35.22,"o":27,"n":"7GEN HZ 105 KAKWA 3-21-64-5","u":"05/03-21-064-05W6/0","f":7756,"y":2018,"d":5459}},{"type":"Feature","geometry":{"type":"Point","coordinates":[-118.64495,54.48898]},"properties":{"r":9.33,"o":27,"n":"7GEN HZ 105 KAKWA 3-35-63-5","u":"05/03-35-063-05W6/0","f":7756,"y":2016,"d":5976}},{"type":"Feature","geometry":{"type":"Point","coordinates":[-118.72827,54.60436]},"properties":{"r":60.59,"o":27,"n":"7GEN HZ 105 KARR 4-8-65-5","u":"05/04-08-065-05W6/0","f":7756,"y":2020,"d":6292}},{"type":"Feature","geometry":{"type":"Point","coordinates":[-118.67607,54.54709]},"properties":{"r":9.18,"o":27,"n":"7GEN HZ 104 KAKWA 4-22-64-5","u":"05/04-22-064-05W6/0","f":7756,"y":2015,"d":5500}},{"type":"Feature","geometry":{"type":"Point","coordinates":[-118.50215,54.48909]},"properties":{"r":65.71,"o":27,"n":"ARC RESOURCES 105 KAKWA 4-35-63-4","u":"05/04-35-063-04W6/0","f":7917,"y":2022,"d":5692}},{"type":"Feature","geometry":{"type":"Point","coordinates":[-118.60401,54.49143]},"properties":{"r":18.2,"o":27,"n":"7GEN HZ 105 KAKWA 5-31-63-4","u":"05/05-31-063-04W6/0","f":7756,"y":2013,"d":5320}},{"type":"Feature","geometry":{"type":"Point","coordinates":[-118.72246,54.5215]},"properties":{"r":18.07,"o":27,"n":"7GEN HZ 104 KAKWA 6-8-64-5","u":"05/06-08-064-05W6/0","f":7756,"y":2018,"d":5923}},{"type":"Feature","geometry":{"type":"Point","coordinates":[-118.62141,54.43281]},"properties":{"r":20.27,"o":27,"n":"7GEN HZ 105 KAKWA 6-12-63-5","u":"05/06-12-063-05W6/0","f":7917,"y":2017,"d":6092}},{"type":"Feature","geometry":{"type":"Point","coordinates":[-118.49424,54.44916]},"properties":{"r":176.26,"o":27,"n":"ARC RESOURCES 105 KAKWA 6-14-63-4","u":"05/06-14-063-04W6/0","f":7860,"y":2024,"d":5721}},{"type":"Feature","geometry":{"type":"Point","coordinates":[-118.56303,54.38886]},"properties":{"r":15.75,"o":27,"n":"7GEN HZ 105 KAKWA 6-29-62-4","u":"05/06-29-062-04W6/0","f":7860,"y":2019,"d":6238}},{"type":"Feature","geometry":{"type":"Point","coordinates":[-118.71512,54.52232]},"properties":{"r":28.37,"o":27,"n":"7GEN HZ 105 KAKWA 7-8-64-5","u":"05/07-08-064-05W6/0","f":7756,"y":2013,"d":5725}},{"type":"Feature","geometry":{"type":"Point","coordinates":[-118.56023,54.42021]},"properties":{"r":23.63,"o":27,"n":"ARC RESOURCES 105 KAKWA 8-5-63-4","u":"05/08-05-063-04W6/2","f":7917,"y":2022,"d":6120}},{"type":"Feature","geometry":{"type":"Point","coordinates":[-118.50506,54.43608]},"properties":{"r":18.74,"o":27,"n":"7GEN HZ 105 KAKWA 8-10-63-4","u":"05/08-10-063-04W6/0","f":7917,"y":2018,"d":5850}},{"type":"Feature","geometry":{"type":"Point","coordinates":[-118.70858,54.53598]},"properties":{"r":21.43,"o":27,"n":"7GEN HZ 105 KAKWA 8-17-64-5","u":"05/08-17-064-05W6/0","f":7756,"y":2016,"d":6150}},{"type":"Feature","geometry":{"type":"Point","coordinates":[-118.55608,54.49404]},"properties":{"r":17.44,"o":27,"n":"7GEN HZ 105 KAKWA 8-32-63-4","u":"05/08-32-063-04W6/0","f":7756,"y":2016,"d":5199}},{"type":"Feature","geometry":{"type":"Point","coordinates":[-118.5298,54.52538]},"properties":{"r":19.58,"o":27,"n":"7GEN HZ 105 KAKWA 9-9-64-4","u":"05/09-09-064-04W6/0","f":7756,"y":2016,"d":5449}},{"type":"Feature","geometry":{"type":"Point","coordinates":[-118.61497,54.50957]},"properties":{"r":19.52,"o":27,"n":"7GEN HZ 105 KAKWA 10-1-64-5","u":"05/10-01-064-05W6/0","f":7756,"y":2017,"d":5381}},{"type":"Feature","geometry":{"type":"Point","coordinates":[-118.7372,54.51125]},"properties":{"r":105.02,"o":27,"n":"ARC RESOURCES 105 KAKWA 10-6-64-5","u":"05/10-06-064-05W6/0","f":7756,"y":2022,"d":6184}},{"type":"Feature","geometry":{"type":"Point","coordinates":[-118.44518,54.45097]},"properties":{"r":53.06,"o":27,"n":"7GEN HZ 105 KAKWA 11-18-63-3","u":"05/11-18-063-03W6/0","f":7756,"y":2020,"d":6500}},{"type":"Feature","geometry":{"type":"Point","coordinates":[-118.64369,54.49647]},"properties":{"r":9.83,"o":27,"n":"7GEN HZ 105 KAKWA 11-35-63-5","u":"05/11-35-063-05W6/0","f":7756,"y":2016,"d":5948}},{"type":"Feature","geometry":{"type":"Point","coordinates":[-118.52257,54.52602]},"properties":{"r":33.31,"o":27,"n":"7GEN HZ 105 KARR 12-10-64-4","u":"05/12-10-064-04W6/0","f":7756,"y":2019,"d":5720}},{"type":"Feature","geometry":{"type":"Point","coordinates":[-118.49945,54.43964]},"properties":{"r":54.24,"o":27,"n":"7GEN HZ 105 KAKWA 12-11-63-4","u":"05/12-11-063-04W6/0","f":7917,"y":2019,"d":6076}},{"type":"Feature","geometry":{"type":"Point","coordinates":[-118.69975,54.42836]},"properties":{"r":22.48,"o":27,"n":"7GEN HZ 105 KAKWA 13-4-63-5","u":"05/13-04-063-05W6/0","f":7917,"y":2020,"d":6111}},{"type":"Feature","geometry":{"type":"Point","coordinates":[-118.7265,54.6011]},"properties":{"r":50.4,"o":27,"n":"7GEN HZ 105 KARR 13-5-65-5","u":"05/13-05-065-05W6/2","f":7756,"y":2020,"d":6009}},{"type":"Feature","geometry":{"type":"Point","coordinates":[-118.57268,54.38313]},"properties":{"r":8.28,"o":27,"n":"7GEN HZ 105 KAKWA 13-20-62-4","u":"05/13-20-062-04W6/0","f":7860,"y":2019,"d":6428}},{"type":"Feature","geometry":{"type":"Point","coordinates":[-118.74946,54.58769]},"properties":{"r":54.51,"o":27,"n":"7GEN HZ 105 KAKWA 13-31-64-5","u":"05/13-31-064-05W6/0","f":7756,"y":2019,"d":6380}},{"type":"Feature","geometry":{"type":"Point","coordinates":[-118.82456,54.49849]},"properties":{"r":41.81,"o":27,"n":"ARC RESOURCES 105 KAKWA 13-34-63-6","u":"05/13-34-063-06W6/0","f":7756,"y":2022,"d":6200}},{"type":"Feature","geometry":{"type":"Point","coordinates":[-118.81974,54.54416]},"properties":{"r":30.76,"o":27,"n":"7GEN HZ 105 KAKWA 14-15-64-6","u":"05/14-15-064-06W6/0","f":7756,"y":2021,"d":6141}},{"type":"Feature","geometry":{"type":"Point","coordinates":[-118.6941,54.54465]},"properties":{"r":31.55,"o":27,"n":"7GEN HZ 105 KAKWA 14-16-64-5","u":"05/14-16-064-05W6/0","f":7756,"y":2016,"d":6210}},{"type":"Feature","geometry":{"type":"Point","coordinates":[-118.7651,54.52923]},"properties":{"r":30.19,"o":27,"n":"7GEN HZ 105 KAKWA 15-12-64-6","u":"05/15-12-064-06W6/0","f":7756,"y":2019,"d":5747}},{"type":"Feature","geometry":{"type":"Point","coordinates":[-118.59142,54.66062]},"properties":{"r":227.94,"o":27,"n":"ARC RESOURCES 105 KARR 15-30-65-4","u":"05/15-30-065-04W6/0","f":7756,"y":2024,"d":6273}},{"type":"Feature","geometry":{"type":"Point","coordinates":[-118.63943,54.4991]},"properties":{"r":18.37,"o":27,"n":"7GEN HZ 105 KAKWA 15-35-63-5","u":"05/15-35-063-05W6/0","f":7756,"y":2016,"d":5875}},{"type":"Feature","geometry":{"type":"Point","coordinates":[-118.58367,54.66057]},"properties":{"r":252.66,"o":27,"n":"ARC RESOURCES 105 KARR 16-30-65-4","u":"05/16-30-065-04W6/0","f":7756,"y":2024,"d":6557}},{"type":"Feature","geometry":{"type":"Point","coordinates":[-118.7586,54.53236]},"properties":{"r":17.28,"o":27,"n":"7GEN HZ 106 KAKWA 1-13-64-6","u":"06/01-13-064-06W6/0","f":7756,"y":2018,"d":5893}},{"type":"Feature","geometry":{"type":"Point","coordinates":[-118.5118,54.43179]},"properties":{"r":192.74,"o":27,"n":"ARC RESOURCES 106 KAKWA 2-10-63-4","u":"06/02-10-063-04W6/0","f":7860,"y":2023,"d":6818}},{"type":"Feature","geometry":{"type":"Point","coordinates":[-118.69348,54.54741]},"properties":{"r":38.12,"o":27,"n":"7GEN HZ 106 KAKWA 3-21-64-5","u":"06/03-21-064-05W6/0","f":7756,"y":2018,"d":5496}},{"type":"Feature","geometry":{"type":"Point","coordinates":[-118.72823,54.60661]},"properties":{"r":57.24,"o":27,"n":"7GEN HZ 106 KARR 4-8-65-5","u":"06/04-08-065-05W6/0","f":7756,"y":2020,"d":6340}},{"type":"Feature","geometry":{"type":"Point","coordinates":[-118.67772,54.54635]},"properties":{"r":23.15,"o":27,"n":"7GEN HZ 106 KAKWA 4-22-64-5","u":"06/04-22-064-05W6/0","f":7756,"y":2015,"d":6207}},{"type":"Feature","geometry":{"type":"Point","coordinates":[-118.67752,54.47583]},"properties":{"r":91.16,"o":27,"n":"ARC RESOURCES 106 KAKWA 4-27-63-5","u":"06/04-27-063-05W6/0","f":7756,"y":2022,"d":5764}},{"type":"Feature","geometry":{"type":"Point","coordinates":[-118.71885,54.52275]},"properties":{"r":24.01,"o":27,"n":"7GEN HZ 102 KAKWA 6-8-64-5","u":"06/06-08-064-05W6/0","f":7756,"y":2018,"d":5750}},{"type":"Feature","geometry":{"type":"Point","coordinates":[-118.62159,54.43289]},"properties":{"r":17.49,"o":27,"n":"7GEN HZ 106 KAKWA 6-12-63-5","u":"06/06-12-063-05W6/0","f":7917,"y":2017,"d":6216}},{"type":"Feature","geometry":{"type":"Point","coordinates":[-118.49689,54.44785]},"properties":{"r":349.88,"o":27,"n":"ARC RESOURCES 106 KAKWA 6-14-63-4","u":"06/06-14-063-04W6/0","f":7860,"y":2024,"d":5667}},{"type":"Feature","geometry":{"type":"Point","coordinates":[-118.71654,54.52312]},"properties":{"r":38.89,"o":27,"n":"7GEN HZ 106 KAKWA 7-8-64-5","u":"06/07-08-064-05W6/0","f":7756,"y":2017,"d":6185}},{"type":"Feature","geometry":{"type":"Point","coordinates":[-118.53544,54.52002]},"properties":{"r":9.87,"o":27,"n":"7GEN HZ 106 KAKWA 7-9-64-4","u":"06/07-09-064-04W6/0","f":7756,"y":2019,"d":5484}},{"type":"Feature","geometry":{"type":"Point","coordinates":[-118.50471,54.43565]},"properties":{"r":113.36,"o":27,"n":"ARC RESOURCES 106 KAKWA 8-10-63-4","u":"06/08-10-063-04W6/0","f":7860,"y":2023,"d":6645}},{"type":"Feature","geometry":{"type":"Point","coordinates":[-118.52968,54.52695]},"properties":{"r":47.55,"o":27,"n":"7GEN HZ 106 KAKWA 9-9-64-4","u":"06/09-09-064-04W6/0","f":7756,"y":2016,"d":5474}},{"type":"Feature","geometry":{"type":"Point","coordinates":[-118.50874,54.52347]},"properties":{"r":19.98,"o":27,"n":"7GEN HZ 106 KARR 9-10-64-4","u":"06/09-10-064-04W6/0","f":7756,"y":2019,"d":5192}},{"type":"Feature","geometry":{"type":"Point","coordinates":[-118.64218,54.4973]},"properties":{"r":10.23,"o":27,"n":"7GEN HZ 106 KAKWA 11-35-63-5","u":"06/11-35-063-05W6/0","f":7756,"y":2016,"d":5806}},{"type":"Feature","geometry":{"type":"Point","coordinates":[-118.4983,54.43961]},"properties":{"r":160.12,"o":27,"n":"ARC RESOURCES 106 KAKWA 12-11-63-4","u":"06/12-11-063-04W6/2","f":7860,"y":2023,"d":6822}},{"type":"Feature","geometry":{"type":"Point","coordinates":[-118.49887,54.52536]},"properties":{"r":31.55,"o":27,"n":"7GEN HZ 106 KARR 12-11-64-4","u":"06/12-11-064-04W6/0","f":7756,"y":2020,"d":5003}},{"type":"Feature","geometry":{"type":"Point","coordinates":[-118.70447,54.53995]},"properties":{"r":35.41,"o":27,"n":"7GEN HZ 106 KAKWA 12-16-64-5","u":"06/12-16-064-05W6/0","f":7756,"y":2015,"d":6205}},{"type":"Feature","geometry":{"type":"Point","coordinates":[-118.57151,54.38393]},"properties":{"r":27.11,"o":27,"n":"7GEN HZ 106 KAKWA 13-20-62-4","u":"06/13-20-062-04W6/0","f":7860,"y":2019,"d":6362}},{"type":"Feature","geometry":{"type":"Point","coordinates":[-118.49332,54.52858]},"properties":{"r":43.84,"o":27,"n":"ARC RESOURCES HZ 106 KARR 14-11-64-4","u":"06/14-11-064-04W6/0","f":7756,"y":2021,"d":5211}},{"type":"Feature","geometry":{"type":"Point","coordinates":[-118.76196,54.5291]},"properties":{"r":20.67,"o":27,"n":"7GEN HZ 106 KAKWA 15-12-64-6","u":"06/15-12-064-06W6/0","f":7756,"y":2019,"d":5640}},{"type":"Feature","geometry":{"type":"Point","coordinates":[-118.64069,54.49817]},"properties":{"r":7.17,"o":27,"n":"7GEN HZ 106 KAKWA 15-35-63-5","u":"06/15-35-063-05W6/0","f":7756,"y":2016,"d":5882}},{"type":"Feature","geometry":{"type":"Point","coordinates":[-118.75576,54.53399]},"properties":{"r":21.11,"o":27,"n":"7GEN HZ 107 KAKWA 1-13-64-6","u":"07/01-13-064-06W6/0","f":7756,"y":2018,"d":5985}},{"type":"Feature","geometry":{"type":"Point","coordinates":[-118.69678,54.54568]},"properties":{"r":43.71,"o":27,"n":"7GEN HZ 107 KAKWA 3-21-64-5","u":"07/03-21-064-05W6/0","f":7756,"y":2018,"d":5467}},{"type":"Feature","geometry":{"type":"Point","coordinates":[-118.56713,54.38768]},"properties":{"r":32.43,"o":27,"n":"7GEN HZ 107 KAKWA 3-31-62-4","u":"07/03-29-062-04W6/2","f":7917,"y":2019,"d":5950}},{"type":"Feature","geometry":{"type":"Point","coordinates":[-118.74512,54.50751]},"properties":{"r":47.78,"o":27,"n":"7GEN HZ 107 KAKWA 6-6-64-5","u":"07/06-06-064-05W6/0","f":7756,"y":2019,"d":6350}},{"type":"Feature","geometry":{"type":"Point","coordinates":[-118.61709,54.43537]},"properties":{"r":20.17,"o":27,"n":"7GEN HZ 107 KAKWA 6-12-63-5","u":"07/06-12-063-05W6/0","f":7917,"y":2017,"d":6287}},{"type":"Feature","geometry":{"type":"Point","coordinates":[-118.53609,54.51982]},"properties":{"r":15.91,"o":27,"n":"7GEN HZ 107 KAKWA 7-9-64-4","u":"07/07-09-064-04W6/0","f":7756,"y":2019,"d":5623}},{"type":"Feature","geometry":{"type":"Point","coordinates":[-118.53423,54.5209]},"properties":{"r":39.31,"o":27,"n":"7GEN HZ 107 KAKWA 8-9-64-4","u":"07/08-09-064-04W6/0","f":7756,"y":2019,"d":5477}},{"type":"Feature","geometry":{"type":"Point","coordinates":[-118.5068,54.43414]},"properties":{"r":127.47,"o":27,"n":"ARC RESOURCES 107 KAKWA 8-10-63-4","u":"07/08-10-063-04W6/0","f":7860,"y":2023,"d":6660}},{"type":"Feature","geometry":{"type":"Point","coordinates":[-118.55606,54.4916]},"properties":{"r":11.89,"o":27,"n":"7GEN HZ 107 KAKWA 8-32-63-4","u":"07/08-32-063-04W6/0","f":7756,"y":2016,"d":5421}},{"type":"Feature","geometry":{"type":"Point","coordinates":[-118.53273,54.52536]},"properties":{"r":16.02,"o":27,"n":"7GEN HZ 107 KAKWA 9-17-64-4","u":"07/09-09-064-04W6/2","f":7756,"y":2016,"d":5461}},{"type":"Feature","geometry":{"type":"Point","coordinates":[-118.50576,54.52358]},"properties":{"r":25.16,"o":27,"n":"7GEN HZ 107 KARR 9-10-64-4","u":"07/09-10-064-04W6/0","f":7756,"y":2019,"d":5282}},{"type":"Feature","geometry":{"type":"Point","coordinates":[-118.50032,54.43816]},"properties":{"r":73.67,"o":27,"n":"ARC RESOURCES 107 KAKWA 12-11-63-4","u":"07/12-11-063-04W6/0","f":7860,"y":2023,"d":6670}},{"type":"Feature","geometry":{"type":"Point","coordinates":[-118.50088,54.52426]},"properties":{"r":28.7,"o":27,"n":"ARC RESOURCES HZ 107 KARR 12-11-64-4","u":"07/12-11-064-04W6/0","f":7756,"y":2021,"d":4965}},{"type":"Feature","geometry":{"type":"Point","coordinates":[-118.70243,54.54095]},"properties":{"r":10.32,"o":27,"n":"7GEN HZ 107 KAKWA 12-16-64-5","u":"07/12-16-064-05W6/0","f":7756,"y":2015,"d":6075}},{"type":"Feature","geometry":{"type":"Point","coordinates":[-118.56976,54.38479]},"properties":{"r":19.29,"o":27,"n":"7GEN HZ 107 KAKWA 13-20-62-4","u":"07/13-20-062-04W6/0","f":7860,"y":2019,"d":6371}},{"type":"Feature","geometry":{"type":"Point","coordinates":[-118.49514,54.52754]},"properties":{"r":38.47,"o":27,"n":"ARC RESOURCES HZ 107 KARR 14-11-64-4","u":"07/14-11-064-04W6/0","f":7756,"y":2021,"d":5137}},{"type":"Feature","geometry":{"type":"Point","coordinates":[-118.76248,54.53032]},"properties":{"r":20.32,"o":27,"n":"7GEN HZ 107 KAKWA 15-12-64-6","u":"07/15-12-064-06W6/0","f":7756,"y":2019,"d":5807}},{"type":"Feature","geometry":{"type":"Point","coordinates":[-118.75733,54.53321]},"properties":{"r":26.75,"o":27,"n":"7GEN HZ 108 KAKWA 1-13-64-6","u":"08/01-13-064-06W6/0","f":7756,"y":2018,"d":5871}},{"type":"Feature","geometry":{"type":"Point","coordinates":[-118.74685,54.50826]},"properties":{"r":19.79,"o":27,"n":"7GEN HZ 108 KAKWA 6-6-64-5","u":"08/06-06-064-05W6/0","f":7756,"y":2019,"d":6103}},{"type":"Feature","geometry":{"type":"Point","coordinates":[-118.50934,54.43314]},"properties":{"r":164.67,"o":27,"n":"ARC RESOURCES 108 KAKWA 8-10-63-4","u":"08/08-10-063-04W6/0","f":7860,"y":2023,"d":6703}},{"type":"Feature","geometry":{"type":"Point","coordinates":[-118.5298,54.5234]},"properties":{"r":48.75,"o":27,"n":"7GEN HZ 108 KAKWA 9-9-64-4","u":"08/09-09-064-04W6/0","f":7756,"y":2018,"d":5460}},{"type":"Feature","geometry":{"type":"Point","coordinates":[-118.50217,54.4367]},"properties":{"r":181.08,"o":27,"n":"ARC RESOURCES 108 KAKWA 12-11-63-4","u":"08/12-11-063-04W6/0","f":7860,"y":2023,"d":6626}},{"type":"Feature","geometry":{"type":"Point","coordinates":[-118.70383,54.5384]},"properties":{"r":27.07,"o":27,"n":"7GEN HZ 108 KAKWA 12-16-64-5","u":"08/12-16-064-05W6/0","f":7756,"y":2016,"d":6034}},{"type":"Feature","geometry":{"type":"Point","coordinates":[-118.49147,54.52976]},"properties":{"r":49.17,"o":27,"n":"ARC RESOURCES HZ 108 KARR 14-11-64-4","u":"08/14-11-064-04W6/0","f":7756,"y":2021,"d":5382}},{"type":"Feature","geometry":{"type":"Point","coordinates":[-118.76712,54.52784]},"properties":{"r":24.11,"o":27,"n":"7GEN HZ 108 KAKWA 15-12-64-6","u":"08/15-12-064-06W6/0","f":7756,"y":2019,"d":5810}},{"type":"Feature","geometry":{"type":"Point","coordinates":[-118.75983,54.53319]},"properties":{"r":46.04,"o":27,"n":"7GEN HZ 109 KAKWA 1-13-64-6","u":"09/01-13-064-06W6/0","f":7756,"y":2021,"d":6138}},{"type":"Feature","geometry":{"type":"Point","coordinates":[-118.57263,54.3844]},"properties":{"r":28.03,"o":27,"n":"7GEN HZ 109 KAKWA 13-20-62-4","u":"09/13-20-062-04W6/0","f":7917,"y":2018,"d":5622}},{"type":"Feature","geometry":{"type":"Point","coordinates":[-118.76511,54.52912]},"properties":{"r":12.29,"o":27,"n":"7GEN HZ 104 KAKWA 15-12-64-6","u":"09/15-12-064-06W6/0","f":7756,"y":2019,"d":5727}},{"type":"Feature","geometry":{"type":"Point","coordinates":[-118.75794,54.53425]},"properties":{"r":37.15,"o":27,"n":"ARC RESOURCES 110 KAKWA 1-13-64-6","u":"10/01-13-064-06W6/0","f":7756,"y":2021,"d":6117}},{"type":"Feature","geometry":{"type":"Point","coordinates":[-118.70211,54.53905]},"properties":{"r":30.9,"o":27,"n":"7GEN HZ 110 KAKWA 12-16-64-5","u":"10/12-16-064-05W6/0","f":7756,"y":2016,"d":6115}},{"type":"Feature","geometry":{"type":"Point","coordinates":[-118.57411,54.38228]},"properties":{"r":26.33,"o":27,"n":"7GEN HZ 110 KAKWA 13-20-62-4","u":"10/13-20-062-04W6/0","f":7860,"y":2019,"d":6417}},{"type":"Feature","geometry":{"type":"Point","coordinates":[-118.76605,54.52728]},"properties":{"r":17.55,"o":27,"n":"7GEN HZ 110 KAKWA 15-12-64-6","u":"10/15-12-064-06W6/0","f":7756,"y":2019,"d":5799}},{"type":"Feature","geometry":{"type":"Point","coordinates":[-118.76163,54.53187]},"properties":{"r":36.98,"o":27,"n":"ARC RESOURCES HZ 111 KAKWA 1-13-64-6","u":"11/01-13-064-06W6/0","f":7756,"y":2021,"d":6018}},{"type":"Feature","geometry":{"type":"Point","coordinates":[-118.45769,54.4435]},"properties":{"r":138.9,"o":27,"n":"ARC RESOURCES HZ KAKWA 1-13-63-4","u":"S0/01-13-063-04W6/0","f":7917,"y":2021,"d":6130}},{"type":"Feature","geometry":{"type":"Point","coordinates":[-118.65478,54.58999]},"properties":{"r":38.3,"o":27,"n":"ARC RESOURCES HZ KARR 4-2-65-5","u":"W0/04-02-065-05W6/0","f":7756,"y":2021,"d":4887}},{"type":"Feature","geometry":{"type":"Point","coordinates":[-118.75551,54.50357]},"properties":{"r":76.82,"o":27,"n":"ARC RESOURCES 102 KAKWA 4-6-64-5","u":"W0/04-06-064-05W6/0","f":7756,"y":2021,"d":6148}},{"type":"Feature","geometry":{"type":"Point","coordinates":[-118.45324,54.44596]},"properties":{"r":45.66,"o":27,"n":"ARC RESOURCES HZ 102 LATOR 4-18-63-3","u":"W0/04-18-063-03W6/0","f":7917,"y":2021,"d":6215}},{"type":"Feature","geometry":{"type":"Point","coordinates":[-118.70513,54.53743]},"properties":{"r":23.29,"o":27,"n":"7GEN HZ 1W0 KAKWA 5-16-64-5","u":"W0/05-16-064-05W6/0","f":7756,"y":2016,"d":5848}},{"type":"Feature","geometry":{"type":"Point","coordinates":[-118.55386,54.46568]},"properties":{"r":40.46,"o":27,"n":"7GEN 1W0 KAKWA 12-21-63-4","u":"W0/12-21-063-04W6/0","f":7917,"y":2018,"d":5480}},{"type":"Feature","geometry":{"type":"Point","coordinates":[-118.65486,54.64135]},"properties":{"r":42.08,"o":27,"n":"7GEN HZ 1W0 KARR 12-23-65-5","u":"W0/12-23-065-05W6/0","f":7756,"y":2017,"d":4913}},{"type":"Feature","geometry":{"type":"Point","coordinates":[-118.75522,54.58765]},"properties":{"r":46.54,"o":27,"n":"7GEN HZ 1W0 KAKWA 13-31-64-5","u":"W0/13-31-064-05W6/0","f":7756,"y":2019,"d":6638}}]}