{"type":"FeatureCollection","features":[{"type":"Feature","geometry":{"type":"Point","coordinates":[-115.72526,55.90067]},"properties":{"r":207.92,"o":79,"n":"CLEAR NORTH 100 HZ SEAL 1-1-80-12","u":"00/01-01-080-12W5/2","f":10848,"y":2026,"d":2871}},{"type":"Feature","geometry":{"type":"Point","coordinates":[-110.33376,54.59117]},"properties":{"r":560.34,"o":153,"n":"IMP 06 V10-H13 COLD LK 1-2-65-3","u":"00/01-02-065-03W4/0","f":3127,"y":2006,"d":1702}},{"type":"Feature","geometry":{"type":"Point","coordinates":[-110.98592,54.32752]},"properties":{"r":401.18,"o":46,"n":"BAYTEX HZ S630 SUGDEN 1-4-62-7","u":"00/01-04-062-07W4/4","f":10518,"y":2025,"d":1979}},{"type":"Feature","geometry":{"type":"Point","coordinates":[-110.86393,54.41639]},"properties":{"r":258.2,"o":67,"n":"CNRL 1D HZ LA COREY 1-5-63-6","u":"00/01-05-063-06W4/0","f":10741,"y":2025,"d":1911}},{"type":"Feature","geometry":{"type":"Point","coordinates":[-110.42721,53.80318]},"properties":{"r":131.29,"o":67,"n":"CNRL 1A HZ LIND 1-6-56-3","u":"00/01-06-056-03W4/0","f":10369,"y":2025,"d":1752}},{"type":"Feature","geometry":{"type":"Point","coordinates":[-110.75784,55.55098]},"properties":{"r":722.49,"o":75,"n":"CVE B23P07 KIRBY 1-6-76-5","u":"00/01-06-076-05W4/0","f":934,"y":2018,"d":2112}},{"type":"Feature","geometry":{"type":"Point","coordinates":[-111.91148,57.03387]},"properties":{"r":677.98,"o":299,"n":"SUNCOR 750P11B DOVER 1-6-93-12","u":"00/01-06-093-12W4/2","f":926,"y":2013,"d":1417}},{"type":"Feature","geometry":{"type":"Point","coordinates":[-114.44169,55.56582]},"properties":{"r":177.81,"o":293,"n":"SPL 9-18 MARTENH 1-7-76-3","u":"00/01-07-076-03W5/2","f":8235,"y":2025,"d":3023}},{"type":"Feature","geometry":{"type":"Point","coordinates":[-110.93677,57.21855]},"properties":{"r":229.12,"o":299,"n":"SUNCOR P111P8 FIREBAG 1-7-95-6","u":"00/01-07-095-06W4/2","f":1149,"y":2019,"d":1713}},{"type":"Feature","geometry":{"type":"Point","coordinates":[-110.56432,54.69229]},"properties":{"r":105.63,"o":153,"n":"IMP 06 H57-H19 COLD LK 1-8-66-4","u":"00/01-08-066-04W4/0","f":295,"y":2007,"d":1311}},{"type":"Feature","geometry":{"type":"Point","coordinates":[-113.72553,55.38876]},"properties":{"r":338.27,"o":306,"n":"DELTASTREAM W HZ MARTENH 1-11-74-25","u":"00/01-11-074-25W4/0","f":8471,"y":2019,"d":2067}},{"type":"Feature","geometry":{"type":"Point","coordinates":[-114.34155,55.56466]},"properties":{"r":266.0,"o":293,"n":"SPL 16-14 MARTENH 1-11-76-3","u":"00/01-11-076-03W5/0","f":10768,"y":2025,"d":3306}},{"type":"Feature","geometry":{"type":"Point","coordinates":[-110.8119,55.56605]},"properties":{"r":113.34,"o":75,"n":"CVE B06W03-1 LEISMER 1-11-76-6","u":"00/01-11-076-06W4/0","f":934,"y":2021,"d":2184}},{"type":"Feature","geometry":{"type":"Point","coordinates":[-110.76786,54.69203]},"properties":{"r":193.62,"o":67,"n":"CNRL SC07-07P WOLF LK 1-12-66-6","u":"00/01-12-066-06W4/0","f":11042,"y":2021,"d":1506}},{"type":"Feature","geometry":{"type":"Point","coordinates":[-116.33419,55.7381]},"properties":{"r":209.16,"o":46,"n":"BAYTEX E229 HZ HEARTR 1-12-78-16","u":"00/01-12-078-16W5/7","f":10285,"y":2024,"d":3589}},{"type":"Feature","geometry":{"type":"Point","coordinates":[-116.2715,56.18937]},"properties":{"r":100.97,"o":46,"n":"BAYTEX SLAVE 1-15-83-15","u":"00/01-15-083-15W5/0","f":3339,"y":2003,"d":2209}},{"type":"Feature","geometry":{"type":"Point","coordinates":[-110.57422,55.14336]},"properties":{"r":147.87,"o":75,"n":"CVE N28P04 FISHER 1-17-71-4","u":"00/01-17-071-04W4/3","f":10927,"y":2025,"d":2394}},{"type":"Feature","geometry":{"type":"Point","coordinates":[-116.304,55.75344]},"properties":{"r":123.47,"o":46,"n":"BAYTEX E285 HZ PEAVINE 1-18-78-15","u":"00/01-18-078-15W5/0","f":10285,"y":2024,"d":3884}},{"type":"Feature","geometry":{"type":"Point","coordinates":[-116.304,55.76908]},"properties":{"r":116.97,"o":46,"n":"BAYTEX HZ PEAVINE 1-19-78-15","u":"00/01-19-078-15W5/2","f":9500,"y":2023,"d":4025}},{"type":"Feature","geometry":{"type":"Point","coordinates":[-116.40737,55.7674]},"properties":{"r":222.7,"o":46,"n":"BAYTEX HZ N630 PEAVINE 1-21-78-16","u":"00/01-21-078-16W5/0","f":9283,"y":2024,"d":3480}},{"type":"Feature","geometry":{"type":"Point","coordinates":[-110.36188,54.80759]},"properties":{"r":110.72,"o":67,"n":"CNRL 5A94 PRIMROSE 1-22-67-3","u":"00/01-22-067-03W4/0","f":11042,"y":2011,"d":1762}},{"type":"Feature","geometry":{"type":"Point","coordinates":[-110.99035,55.50544]},"properties":{"r":342.52,"o":67,"n":"CNRL III1P CONKLIN 1-22-75-7","u":"00/01-22-075-07W4/0","f":5101,"y":2017,"d":1848}},{"type":"Feature","geometry":{"type":"Point","coordinates":[-113.94086,55.5052]},"properties":{"r":150.43,"o":306,"n":"TVE 4-26 HZ MARTENH 1-22-75-26","u":"00/01-22-075-26W4/0","f":8471,"y":2025,"d":2656}},{"type":"Feature","geometry":{"type":"Point","coordinates":[-116.29366,56.64211]},"properties":{"r":125.25,"o":293,"n":"SPL 10-10 CADOTTE 1-22-88-15","u":"00/01-22-088-15W5/0","f":10817,"y":2025,"d":2893}},{"type":"Feature","geometry":{"type":"Point","coordinates":[-112.1322,56.81438]},"properties":{"r":247.5,"o":233,"n":"MACOP AA01P CRKD ELLS 1-22-90-14","u":"00/01-22-090-14W4/0","f":6448,"y":2013,"d":1406}},{"type":"Feature","geometry":{"type":"Point","coordinates":[-110.33661,54.80873]},"properties":{"r":145.63,"o":67,"n":"CNRL 15A90 PRIMROSE 1-23-67-3","u":"00/01-23-067-03W4/0","f":11042,"y":2011,"d":1663}},{"type":"Feature","geometry":{"type":"Point","coordinates":[-110.49085,54.89386]},"properties":{"r":111.01,"o":67,"n":"CNRL 6A68 PRIMROSE 1-23-68-4","u":"00/01-23-068-04W4/0","f":11042,"y":2012,"d":2601}},{"type":"Feature","geometry":{"type":"Point","coordinates":[-113.91423,55.51934]},"properties":{"r":126.47,"o":306,"n":"TVE 4-30 HZ MARTENH 1-26-75-26","u":"00/01-26-075-26W4/0","f":8471,"y":2023,"d":2640}},{"type":"Feature","geometry":{"type":"Point","coordinates":[-110.98355,56.3078]},"properties":{"r":614.28,"o":80,"n":"CNOOC K2P17 RESDELN 1-26-84-7","u":"00/01-26-084-07W4/0","f":2026,"y":2024,"d":1659}},{"type":"Feature","geometry":{"type":"Point","coordinates":[-116.61242,56.30536]},"properties":{"r":134.39,"o":67,"n":"CNUL HZ CADOTTE 1-28-84-17","u":"00/01-28-084-17W5/0","f":2960,"y":2025,"d":2552}},{"type":"Feature","geometry":{"type":"Point","coordinates":[-111.09411,57.26581]},"properties":{"r":120.34,"o":75,"n":"HUSKY B 5-21 P1 STEEPBK 1-29-95-7","u":"00/01-29-095-07W4/0","f":5519,"y":2015,"d":1370}},{"type":"Feature","geometry":{"type":"Point","coordinates":[-110.58125,54.38513]},"properties":{"r":187.9,"o":66,"n":"CALTEX TRILOGY 100 FT KENT 1-30-62-4","u":"00/01-30-062-04W4/0","f":10656,"y":2025,"d":1806}},{"type":"Feature","geometry":{"type":"Point","coordinates":[-113.37277,55.79593]},"properties":{"r":182.93,"o":66,"n":"CALTEX TRILOGY DRIFTW 1-32-78-22","u":"00/01-32-078-22W4/0","f":10886,"y":2026,"d":2419}},{"type":"Feature","geometry":{"type":"Point","coordinates":[-116.95831,56.23492]},"properties":{"r":105.82,"o":218,"n":"OBE 100 HZ HARMONV 1-32-83-19","u":"00/01-32-083-19W5/9","f":9220,"y":2022,"d":2261}},{"type":"Feature","geometry":{"type":"Point","coordinates":[-110.90454,56.40948]},"properties":{"r":328.29,"o":80,"n":"NEXEN CNOOC 14P05 NEWBY 1-32-85-6","u":"00/01-32-085-06W4/0","f":2026,"y":2012,"d":1074}},{"type":"Feature","geometry":{"type":"Point","coordinates":[-110.23153,53.96289]},"properties":{"r":163.01,"o":190,"n":"MAHIKAN HZ MSHINE 1-33-57-2","u":"00/01-33-057-02W4/0","f":10979,"y":2026,"d":2427}},{"type":"Feature","geometry":{"type":"Point","coordinates":[-110.5385,54.48889]},"properties":{"r":183.62,"o":67,"n":"CNRL 1C HZ FT KENT 1-33-63-4","u":"00/01-33-063-04W4/0","f":9970,"y":2024,"d":1994}},{"type":"Feature","geometry":{"type":"Point","coordinates":[-111.48392,55.79558]},"properties":{"r":265.49,"o":34,"n":"ATHABASCA L4P3R LEISMER 1-33-78-10","u":"00/01-33-078-10W4/2","f":2782,"y":2009,"d":1305}},{"type":"Feature","geometry":{"type":"Point","coordinates":[-110.87678,56.23203]},"properties":{"r":291.51,"o":85,"n":"COPRC HZ 2631P07 RESDELN 1-33-83-6","u":"00/01-33-083-06W4/0","f":3130,"y":2012,"d":2014}},{"type":"Feature","geometry":{"type":"Point","coordinates":[-111.06585,54.66275]},"properties":{"r":130.26,"o":67,"n":"CNRL 1D WOLF LK 1-36-65-8","u":"00/01-36-065-08W4/0","f":7897,"y":2017,"d":637}},{"type":"Feature","geometry":{"type":"Point","coordinates":[-113.4529,56.05806]},"properties":{"r":104.54,"o":67,"n":"CVE 1A BRINT 1-36-81-23","u":"00/01-36-081-23W4/0","f":508,"y":1997,"d":1776}},{"type":"Feature","geometry":{"type":"Point","coordinates":[-110.95732,56.40984]},"properties":{"r":186.07,"o":80,"n":"NEXEN OPTI 06P03 NEWBY 1-36-85-7","u":"00/01-36-085-07W4/2","f":2026,"y":2005,"d":1004}},{"type":"Feature","geometry":{"type":"Point","coordinates":[-110.31759,54.76371]},"properties":{"r":151.1,"o":67,"n":"CNRL 11A77 PRIMROSE 2-1-67-3","u":"00/02-01-067-03W4/0","f":11042,"y":2007,"d":1648}},{"type":"Feature","geometry":{"type":"Point","coordinates":[-110.96351,56.15954]},"properties":{"r":362.33,"o":85,"n":"COPRC 102P12 HZ RESDELN 2-1-83-7","u":"00/02-01-083-07W4/0","f":3130,"y":2005,"d":1554}},{"type":"Feature","geometry":{"type":"Point","coordinates":[-116.29781,56.59653]},"properties":{"r":110.45,"o":293,"n":"SPL 10-10 CADOTTE 2-3-88-15","u":"00/02-03-088-15W5/0","f":10817,"y":2025,"d":2987}},{"type":"Feature","geometry":{"type":"Point","coordinates":[-110.88227,57.20981]},"properties":{"r":238.68,"o":299,"n":"SUNCOR SAGD P5P15 FIREBAG 15-3-95-6","u":"00/02-03-095-06W4/2","f":1149,"y":2005,"d":1550}},{"type":"Feature","geometry":{"type":"Point","coordinates":[-110.58689,55.63804]},"properties":{"r":1385.41,"o":75,"n":"MEG MD1P HARDY 2-5-77-4","u":"00/02-05-077-04W4/0","f":1892,"y":2024,"d":1835}},{"type":"Feature","geometry":{"type":"Point","coordinates":[-110.87292,54.42926]},"properties":{"r":190.87,"o":67,"n":"CNRL 2B HZ LA COREY 2-8-63-6","u":"00/02-08-063-06W4/0","f":10741,"y":2025,"d":2007}},{"type":"Feature","geometry":{"type":"Point","coordinates":[-110.93578,57.22191]},"properties":{"r":1693.47,"o":299,"n":"SUNCOR P16P17B FIREBAG 2-8-95-6","u":"00/02-08-095-06W4/2","f":1149,"y":2010,"d":1678}},{"type":"Feature","geometry":{"type":"Point","coordinates":[-116.33984,55.73808]},"properties":{"r":222.32,"o":46,"n":"BAYTEX E191 HZ HEARTR 2-12-78-16","u":"00/02-12-078-16W5/0","f":10285,"y":2024,"d":3385}},{"type":"Feature","geometry":{"type":"Point","coordinates":[-111.73757,56.10153]},"properties":{"r":188.27,"o":84,"n":"CLC 202 INF04 DIVIDE 2-13-82-12","u":"00/02-13-082-12W4/0","f":3166,"y":2020,"d":2000}},{"type":"Feature","geometry":{"type":"Point","coordinates":[-110.96144,56.19124]},"properties":{"r":231.76,"o":85,"n":"COPRC 101P16 HZ RESDELN 2-13-83-7","u":"00/02-13-083-07W4/0","f":3130,"y":2006,"d":1612}},{"type":"Feature","geometry":{"type":"Point","coordinates":[-110.96082,56.36366]},"properties":{"r":1088.03,"o":80,"n":"NEU CNOOC 16P06 NEWBY 2-13-85-7","u":"00/02-13-085-07W4/0","f":2026,"y":2019,"d":1349}},{"type":"Feature","geometry":{"type":"Point","coordinates":[-110.63585,54.0084]},"properties":{"r":634.24,"o":295,"n":"SRL D01W-P17 LIND 2-14-58-5","u":"00/02-14-058-05W4/0","f":5610,"y":2025,"d":2103}},{"type":"Feature","geometry":{"type":"Point","coordinates":[-110.51805,54.708]},"properties":{"r":187.48,"o":153,"n":"IMP 05 H59-H24 COLD LK 2-15-66-4","u":"00/02-15-066-04W4/0","f":295,"y":2006,"d":1722}},{"type":"Feature","geometry":{"type":"Point","coordinates":[-110.84567,55.66719]},"properties":{"r":2345.84,"o":75,"n":"CVE X02P04 LEISMER 2-15-77-6","u":"00/02-15-077-06W4/0","f":934,"y":2024,"d":1997}},{"type":"Feature","geometry":{"type":"Point","coordinates":[-113.81633,55.49051]},"properties":{"r":167.92,"o":293,"n":"SPL 9-15 HZ MARTENH 2-16-75-25","u":"00/02-16-075-25W4/0","f":7799,"y":2022,"d":2814}},{"type":"Feature","geometry":{"type":"Point","coordinates":[-110.76858,55.66747]},"properties":{"r":118.1,"o":75,"n":"MEG U6P HARDY 2-18-77-5","u":"00/02-18-077-05W4/0","f":1892,"y":2012,"d":1598}},{"type":"Feature","geometry":{"type":"Point","coordinates":[-116.67414,56.20337]},"properties":{"r":162.42,"o":218,"n":"OBE 100 HZ SEAL HV SOUTH 2-19-83-17","u":"00/02-19-083-17W5/9","f":10498,"y":2025,"d":2568}},{"type":"Feature","geometry":{"type":"Point","coordinates":[-110.39256,54.54608]},"properties":{"r":106.61,"o":153,"n":"IMP 09 V13-H32 COLD LK 2-21-64-3","u":"00/02-21-064-03W4/0","f":3127,"y":2010,"d":1946}},{"type":"Feature","geometry":{"type":"Point","coordinates":[-116.41582,55.76717]},"properties":{"r":193.2,"o":46,"n":"BAYTEX HZ N600 PEAVINE 2-21-78-16","u":"00/02-21-078-16W5/0","f":9283,"y":2024,"d":3190}},{"type":"Feature","geometry":{"type":"Point","coordinates":[-110.84652,55.59502]},"properties":{"r":355.94,"o":75,"n":"CVE FCCL L02P01 LEISMER 2-22-76-6","u":"00/02-22-076-06W4/0","f":934,"y":2017,"d":1990}},{"type":"Feature","geometry":{"type":"Point","coordinates":[-113.92591,55.50533]},"properties":{"r":149.8,"o":306,"n":"TVE 5-19 HZ MARTENH 2-23-75-26","u":"00/02-23-075-26W4/0","f":8471,"y":2024,"d":3454}},{"type":"Feature","geometry":{"type":"Point","coordinates":[-113.73653,55.34731]},"properties":{"r":102.17,"o":293,"n":"SPL 14-14 HZ MARTENH 2-26-73-25","u":"00/02-26-073-25W4/0","f":6992,"y":2019,"d":2743}},{"type":"Feature","geometry":{"type":"Point","coordinates":[-110.81882,55.60911]},"properties":{"r":627.99,"o":75,"n":"CVE L04P04 LEISMER 2-26-76-6","u":"00/02-26-076-06W4/5","f":934,"y":2022,"d":2199}},{"type":"Feature","geometry":{"type":"Point","coordinates":[-110.54534,54.47254]},"properties":{"r":127.43,"o":67,"n":"CNRL 2B HZ FT KENT 2-28-63-4","u":"00/02-28-063-04W4/2","f":10583,"y":2025,"d":2193}},{"type":"Feature","geometry":{"type":"Point","coordinates":[-110.57166,54.47249]},"properties":{"r":147.58,"o":67,"n":"CNRL 2B HZ FT KENT 2-29-63-4","u":"00/02-29-063-04W4/0","f":9595,"y":2023,"d":2025}},{"type":"Feature","geometry":{"type":"Point","coordinates":[-110.72387,55.08415]},"properties":{"r":448.42,"o":75,"n":"CVE W24P01 FISHER 2-29-70-5","u":"00/02-29-070-05W4/3","f":10927,"y":2025,"d":1650}},{"type":"Feature","geometry":{"type":"Point","coordinates":[-113.40844,55.79536]},"properties":{"r":338.81,"o":67,"n":"CNRL DWP09 EP1 DRIFTW 2-31-78-22","u":"00/02-31-078-22W4/0","f":10957,"y":2026,"d":3028}},{"type":"Feature","geometry":{"type":"Point","coordinates":[-110.51739,54.39959]},"properties":{"r":110.09,"o":66,"n":"CALTEX TRILOGY FT KENT 2-34-62-4","u":"00/02-34-062-04W4/2","f":10273,"y":2024,"d":1698}},{"type":"Feature","geometry":{"type":"Point","coordinates":[-110.84117,55.53686]},"properties":{"r":475.82,"o":75,"n":"CVE FCCL J15P04 KIRBY 2-34-75-6","u":"00/02-34-075-06W4/3","f":934,"y":2017,"d":2245}},{"type":"Feature","geometry":{"type":"Point","coordinates":[-110.32357,54.76375]},"properties":{"r":155.23,"o":67,"n":"CNRL 16A77 PRIMROSE 3-1-67-3","u":"00/03-01-067-03W4/0","f":11042,"y":2007,"d":1890}},{"type":"Feature","geometry":{"type":"Point","coordinates":[-116.39512,55.81129]},"properties":{"r":463.85,"o":46,"n":"BAYTEX S65 HZ DAWSON 3-2-79-16","u":"00/03-02-079-16W5/0","f":10775,"y":2025,"d":3374}},{"type":"Feature","geometry":{"type":"Point","coordinates":[-116.30266,56.59618]},"properties":{"r":104.89,"o":293,"n":"SPL 10-10 CADOTTE 3-3-88-15","u":"00/03-03-088-15W5/0","f":10817,"y":2025,"d":3091}},{"type":"Feature","geometry":{"type":"Point","coordinates":[-110.88937,57.20943]},"properties":{"r":679.59,"o":299,"n":"SUNCOR P5P18B FIREBAG 3-3-95-6","u":"00/03-03-095-06W4/3","f":1149,"y":2005,"d":1735}},{"type":"Feature","geometry":{"type":"Point","coordinates":[-110.5834,54.93702]},"properties":{"r":340.68,"o":67,"n":"CNRL 26A160 FISHER 3-5-69-4","u":"00/03-05-069-04W4/0","f":11042,"y":2024,"d":3089}},{"type":"Feature","geometry":{"type":"Point","coordinates":[-110.56863,54.34151]},"properties":{"r":166.95,"o":66,"n":"CALTEX TRILOGY 100 FT KENT 3-8-62-4","u":"00/03-08-062-04W4/4","f":10396,"y":2025,"d":1646}},{"type":"Feature","geometry":{"type":"Point","coordinates":[-110.5328,54.86462]},"properties":{"r":155.32,"o":67,"n":"CNRL 9A58 PRIMROSE 3-10-68-4","u":"00/03-10-068-04W4/0","f":11042,"y":2008,"d":1927}},{"type":"Feature","geometry":{"type":"Point","coordinates":[-110.89115,57.22385]},"properties":{"r":393.97,"o":299,"n":"SUNCOR P4N1B FIREBAG 3-10-95-6","u":"00/03-10-095-06W4/2","f":1149,"y":2012,"d":1649}},{"type":"Feature","geometry":{"type":"Point","coordinates":[-110.86228,57.22122]},"properties":{"r":566.46,"o":299,"n":"SUNCOR P5P10B FIREBAG 3-11-95-6","u":"00/03-11-095-06W4/3","f":1149,"y":2005,"d":1408}},{"type":"Feature","geometry":{"type":"Point","coordinates":[-110.64442,55.65349]},"properties":{"r":463.08,"o":75,"n":"MEG DE3P HARDY 3-12-77-5","u":"00/03-12-077-05W4/3","f":1892,"y":2018,"d":1967}},{"type":"Feature","geometry":{"type":"Point","coordinates":[-116.34437,55.73819]},"properties":{"r":191.27,"o":46,"n":"BAYTEX E140 HZ HEARTR 3-12-78-16","u":"00/03-12-078-16W5/0","f":10285,"y":2024,"d":3270}},{"type":"Feature","geometry":{"type":"Point","coordinates":[-110.99802,57.23783]},"properties":{"r":351.22,"o":75,"n":"CVE V01P08 STEEPBK 3-13-95-7","u":"00/03-13-095-07W4/0","f":5519,"y":2024,"d":1920}},{"type":"Feature","geometry":{"type":"Point","coordinates":[-116.27815,56.62525]},"properties":{"r":113.82,"o":293,"n":"SPL 6-23 CADOTTE 3-14-88-15","u":"00/03-14-088-15W5/9","f":9233,"y":2025,"d":2672}},{"type":"Feature","geometry":{"type":"Point","coordinates":[-110.9718,54.35696]},"properties":{"r":426.78,"o":67,"n":"CNRL 3C HZ FORSYTH 3-15-62-7","u":"00/03-15-062-07W4/0","f":10644,"y":2025,"d":2179}},{"type":"Feature","geometry":{"type":"Point","coordinates":[-110.87379,54.35712]},"properties":{"r":154.41,"o":67,"n":"CNRL 3C HZ FORSYTH 3-17-62-6","u":"00/03-17-062-06W4/0","f":10588,"y":2025,"d":1850}},{"type":"Feature","geometry":{"type":"Point","coordinates":[-113.66259,55.31796]},"properties":{"r":117.66,"o":67,"n":"CNRL HZ SMITH 3-17-73-24","u":"00/03-17-073-24W4/0","f":9381,"y":2024,"d":1700}},{"type":"Feature","geometry":{"type":"Point","coordinates":[-113.87494,55.49314]},"properties":{"r":183.18,"o":306,"n":"TVE 4-30 HZ MARTENH 3-18-75-25","u":"00/03-18-075-25W4/0","f":8471,"y":2023,"d":3829}},{"type":"Feature","geometry":{"type":"Point","coordinates":[-110.4267,54.54562]},"properties":{"r":158.08,"o":153,"n":"IMP 07 T14-H20 COLD LK 3-20-64-3","u":"00/03-20-064-03W4/0","f":3127,"y":2008,"d":1734}},{"type":"Feature","geometry":{"type":"Point","coordinates":[-110.71049,55.06821]},"properties":{"r":709.36,"o":75,"n":"CVE W26P01 FISHER 3-21-70-5","u":"00/03-21-070-05W4/0","f":10927,"y":2022,"d":2624}},{"type":"Feature","geometry":{"type":"Point","coordinates":[-116.4244,55.76715]},"properties":{"r":232.41,"o":46,"n":"BAYTEX HZ N595 PEAVINE 3-21-78-16","u":"00/03-21-078-16W5/0","f":9283,"y":2024,"d":2977}},{"type":"Feature","geometry":{"type":"Point","coordinates":[-110.50295,54.63208]},"properties":{"r":101.29,"o":153,"n":"ESSO 87 R3-2 COLDLK 3-23-65-4","u":"00/03-23-065-04W4/0","f":295,"y":1988,"d":571}},{"type":"Feature","geometry":{"type":"Point","coordinates":[-113.92891,55.50551]},"properties":{"r":141.25,"o":306,"n":"TVE 4-26 HZ MARTENH 3-23-75-26","u":"00/03-23-075-26W4/0","f":8471,"y":2025,"d":2536}},{"type":"Feature","geometry":{"type":"Point","coordinates":[-111.77306,56.11784]},"properties":{"r":613.38,"o":84,"n":"CONNACHER OIL P03 DIVIDE 3-23-82-12","u":"00/03-23-082-12W4/2","f":3166,"y":2023,"d":2137}},{"type":"Feature","geometry":{"type":"Point","coordinates":[-110.32912,54.80872]},"properties":{"r":133.91,"o":67,"n":"CNRL 7A90 PRIMROSE 3-24-67-3","u":"00/03-24-067-03W4/0","f":11042,"y":2011,"d":1731}},{"type":"Feature","geometry":{"type":"Point","coordinates":[-110.32929,54.82382]},"properties":{"r":158.88,"o":67,"n":"CNRL 1A91 PRIMROSE 3-25-67-3","u":"00/03-25-067-03W4/0","f":11042,"y":2011,"d":2429}},{"type":"Feature","geometry":{"type":"Point","coordinates":[-110.55208,54.47236]},"properties":{"r":146.3,"o":67,"n":"CNRL 3B HZ FT KENT 3-28-63-4","u":"00/03-28-063-04W4/0","f":9970,"y":2024,"d":1949}},{"type":"Feature","geometry":{"type":"Point","coordinates":[-113.41522,56.04391]},"properties":{"r":102.36,"o":67,"n":"CNRL HTLP3-3B BRINT 3-29-81-22","u":"00/03-29-081-22W4/0","f":4628,"y":2007,"d":1850}},{"type":"Feature","geometry":{"type":"Point","coordinates":[-111.08062,55.52229]},"properties":{"r":277.09,"o":67,"n":"CNRL PP5P CONKLIN 3-30-75-7","u":"00/03-30-075-07W4/0","f":3346,"y":2014,"d":1909}},{"type":"Feature","geometry":{"type":"Point","coordinates":[-110.57554,54.7497]},"properties":{"r":224.9,"o":153,"n":"IMP 09 H69-H13 COLD LK 3-32-66-4","u":"00/03-32-066-04W4/0","f":295,"y":2010,"d":1832}},{"type":"Feature","geometry":{"type":"Point","coordinates":[-110.7432,55.62348]},"properties":{"r":713.16,"o":75,"n":"MEG AT6P HARDY 3-32-76-5","u":"00/03-32-076-05W4/0","f":1892,"y":2017,"d":2324}},{"type":"Feature","geometry":{"type":"Point","coordinates":[-116.96979,56.23299]},"properties":{"r":112.02,"o":218,"n":"OBE 100 HZ HARMONV 3-32-83-19","u":"00/03-32-083-19W5/9","f":9220,"y":2023,"d":2210}},{"type":"Feature","geometry":{"type":"Point","coordinates":[-116.65067,56.32278]},"properties":{"r":149.4,"o":67,"n":"CNUL HZ 100 CADOTTE 3-32-84-17","u":"00/03-32-084-17W5/0","f":10585,"y":2025,"d":1643}},{"type":"Feature","geometry":{"type":"Point","coordinates":[-113.51675,55.79726]},"properties":{"r":175.76,"o":67,"n":"CNRL DWP13 SM1 PEERLESS 3-33-78-23","u":"00/03-33-078-23W4/0","f":10902,"y":2026,"d":3214}},{"type":"Feature","geometry":{"type":"Point","coordinates":[-110.52671,54.66244]},"properties":{"r":102.36,"o":153,"n":"IMP 03 H42-16 HZ COLDLK 3-34-65-4","u":"00/03-34-065-04W4/0","f":295,"y":2004,"d":915}},{"type":"Feature","geometry":{"type":"Point","coordinates":[-116.40015,55.79684]},"properties":{"r":110.47,"o":46,"n":"BAYTEX HZ PEAVINE 3-34-78-16","u":"00/03-34-078-16W5/0","f":8968,"y":2022,"d":3466}},{"type":"Feature","geometry":{"type":"Point","coordinates":[-110.47912,54.15227]},"properties":{"r":154.58,"o":66,"n":"CALTEX TRILOGY CHARLK 4-1-60-4","u":"00/04-01-060-04W4/0","f":10561,"y":2025,"d":1640}},{"type":"Feature","geometry":{"type":"Point","coordinates":[-110.80871,54.41591]},"properties":{"r":360.51,"o":67,"n":"CNRL 4D HZ LA COREY 4-2-63-6","u":"00/04-02-063-06W4/0","f":10771,"y":2025,"d":1915}},{"type":"Feature","geometry":{"type":"Point","coordinates":[-116.39606,55.81277]},"properties":{"r":120.93,"o":46,"n":"BAYTEX N422 HZ DAWSON 4-2-79-16","u":"00/04-02-079-16W5/0","f":10059,"y":2024,"d":2703}},{"type":"Feature","geometry":{"type":"Point","coordinates":[-110.86758,57.20985]},"properties":{"r":218.95,"o":299,"n":"SUNCOR P4P8B FIREBAG 4-2-95-6","u":"00/04-02-095-06W4/2","f":1149,"y":2004,"d":1511}},{"type":"Feature","geometry":{"type":"Point","coordinates":[-110.37434,53.80311]},"properties":{"r":196.89,"o":66,"n":"CALTEX TRILOGY HZ LIND 4-3-56-3","u":"00/04-03-056-03W4/0","f":10654,"y":2025,"d":2092}},{"type":"Feature","geometry":{"type":"Point","coordinates":[-110.89512,57.20862]},"properties":{"r":487.77,"o":299,"n":"SUNCOR P10P15 FIREBAG 4-3-95-6","u":"00/04-03-095-06W4/0","f":1149,"y":2012,"d":1693}},{"type":"Feature","geometry":{"type":"Point","coordinates":[-111.00275,54.32681]},"properties":{"r":253.44,"o":46,"n":"BAYTEX HZ S690 SUGDEN 4-4-62-7","u":"00/04-04-062-07W4/0","f":10518,"y":2025,"d":1460}},{"type":"Feature","geometry":{"type":"Point","coordinates":[-110.58962,54.93867]},"properties":{"r":408.46,"o":67,"n":"CNRL 1A160 FISHER 4-5-69-4","u":"00/04-05-069-04W4/0","f":11042,"y":2022,"d":3295}},{"type":"Feature","geometry":{"type":"Point","coordinates":[-113.8259,55.37429]},"properties":{"r":148.69,"o":306,"n":"TVE 13-4 HZ MARTENH 4-5-74-25","u":"00/04-05-074-25W4/0","f":8471,"y":2025,"d":2875}},{"type":"Feature","geometry":{"type":"Point","coordinates":[-110.58964,54.95161]},"properties":{"r":282.47,"o":67,"n":"CNRL 25A160 FISHER 4-8-69-4","u":"00/04-08-069-04W4/0","f":11042,"y":2022,"d":3050}},{"type":"Feature","geometry":{"type":"Point","coordinates":[-116.31735,55.82643]},"properties":{"r":358.92,"o":46,"n":"BAYTEX S7 HZ DAWSON 4-8-79-15","u":"00/04-08-079-15W5/2","f":10775,"y":2025,"d":3229}},{"type":"Feature","geometry":{"type":"Point","coordinates":[-113.42309,55.99887]},"properties":{"r":107.6,"o":67,"n":"CS HZNTL BRINTNELL 4-8-81-22","u":"00/04-08-081-22W4/0","f":4628,"y":1993,"d":1712}},{"type":"Feature","geometry":{"type":"Point","coordinates":[-110.89504,57.22332]},"properties":{"r":1415.56,"o":299,"n":"SUNCOR SAGD P16P1 FIREBAG  4-10-95-6","u":"00/04-10-095-06W4/0","f":1149,"y":2010,"d":1482}},{"type":"Feature","geometry":{"type":"Point","coordinates":[-110.62503,54.34071]},"properties":{"r":125.46,"o":67,"n":"CNRL 4A HZ FT KENT 4-12-62-5","u":"00/04-12-062-05W4/0","f":10596,"y":2025,"d":1682}},{"type":"Feature","geometry":{"type":"Point","coordinates":[-110.48565,54.86469]},"properties":{"r":284.09,"o":67,"n":"CNRL 9A66 PRIMROSE 4-12-68-4","u":"00/04-12-068-04W4/0","f":11042,"y":2008,"d":2208}},{"type":"Feature","geometry":{"type":"Point","coordinates":[-116.35203,55.73808]},"properties":{"r":161.5,"o":46,"n":"BAYTEX E33 HZ HEARTR 4-12-78-16","u":"00/04-12-078-16W5/0","f":10285,"y":2024,"d":3177}},{"type":"Feature","geometry":{"type":"Point","coordinates":[-110.9786,56.36561]},"properties":{"r":1018.51,"o":80,"n":"NEU CNOOC 17P02 NEWBY 4-13-85-7","u":"00/04-13-085-07W4/0","f":2026,"y":2019,"d":1269}},{"type":"Feature","geometry":{"type":"Point","coordinates":[-116.28386,56.62525]},"properties":{"r":106.36,"o":293,"n":"SPL 6-23 CADOTTE 4-14-88-15","u":"00/04-14-088-15W5/0","f":9233,"y":2025,"d":2821}},{"type":"Feature","geometry":{"type":"Point","coordinates":[-110.39952,54.18124]},"properties":{"r":119.76,"o":46,"n":"BAYTEX HZ N615 CHARLK 4-16-60-3","u":"00/04-16-060-03W4/2","f":10883,"y":2026,"d":2042}},{"type":"Feature","geometry":{"type":"Point","coordinates":[-110.5589,54.70749]},"properties":{"r":395.15,"o":153,"n":"IMP 05 H59-H19 COLD LK 4-16-66-4","u":"00/04-16-066-04W4/0","f":295,"y":2006,"d":1713}},{"type":"Feature","geometry":{"type":"Point","coordinates":[-114.15628,55.49088]},"properties":{"r":106.49,"o":144,"n":"HWX HZ MARTENH 4-18-75-1","u":"00/04-18-075-01W5/0","f":9573,"y":2024,"d":3158}},{"type":"Feature","geometry":{"type":"Point","coordinates":[-115.87789,56.016]},"properties":{"r":123.97,"o":162,"n":"ISLANDER SEAL SEAL 4-18-81-12","u":"00/04-18-081-12W5/0","f":10861,"y":2026,"d":2950}},{"type":"Feature","geometry":{"type":"Point","coordinates":[-110.95379,56.36366]},"properties":{"r":670.41,"o":80,"n":"NEU CNOOC 16P01 NEWBY 4-18-85-6","u":"00/04-18-085-06W4/0","f":2026,"y":2019,"d":1528}},{"type":"Feature","geometry":{"type":"Point","coordinates":[-110.43241,54.54562]},"properties":{"r":109.48,"o":153,"n":"IMP 07 T14-H12 COLD LK 4-20-64-3","u":"00/04-20-064-03W4/0","f":3127,"y":2008,"d":1741}},{"type":"Feature","geometry":{"type":"Point","coordinates":[-116.30308,55.76846]},"properties":{"r":459.87,"o":46,"n":"BAYTEX HZ E165 PEAVINE 4-20-78-15","u":"00/04-20-078-15W5/2","f":10680,"y":2025,"d":2570}},{"type":"Feature","geometry":{"type":"Point","coordinates":[-110.40386,54.54609]},"properties":{"r":468.04,"o":153,"n":"IMP 09 V13-H10 COLD LK 4-21-64-3","u":"00/04-21-064-03W4/0","f":3127,"y":2010,"d":1984}},{"type":"Feature","geometry":{"type":"Point","coordinates":[-116.42892,55.76713]},"properties":{"r":206.14,"o":46,"n":"BAYTEX HZ N610 PEAVINE 4-21-78-16","u":"00/04-21-078-16W5/0","f":9283,"y":2024,"d":2962}},{"type":"Feature","geometry":{"type":"Point","coordinates":[-110.38178,54.80696]},"properties":{"r":149.82,"o":67,"n":"CNRL 19A95 PRIMROSE 4-22-67-3","u":"00/04-22-067-03W4/0","f":11042,"y":2011,"d":2303}},{"type":"Feature","geometry":{"type":"Point","coordinates":[-110.89752,57.25286]},"properties":{"r":560.13,"o":299,"n":"SUNCOR P121P1 FIREBAG 4-22-95-6","u":"00/04-22-095-06W4/0","f":1149,"y":2018,"d":2022}},{"type":"Feature","geometry":{"type":"Point","coordinates":[-111.77478,56.11763]},"properties":{"r":594.11,"o":84,"n":"CONNACHER OIL P04 DIVIDE 4-23-82-12","u":"00/04-23-082-12W4/0","f":3166,"y":2023,"d":2195}},{"type":"Feature","geometry":{"type":"Point","coordinates":[-110.47331,53.86194]},"properties":{"r":101.27,"o":67,"n":"CNRL 4B HZ LIND 4-25-56-4","u":"00/04-25-056-04W4/0","f":10601,"y":2025,"d":2599}},{"type":"Feature","geometry":{"type":"Point","coordinates":[-110.33069,54.82382]},"properties":{"r":129.97,"o":67,"n":"CNRL 2A91 PRIMROSE 4-25-67-3","u":"00/04-25-067-03W4/0","f":11042,"y":2011,"d":2415}},{"type":"Feature","geometry":{"type":"Point","coordinates":[-113.91165,55.52217]},"properties":{"r":110.99,"o":306,"n":"TVE 4-30 HZ MARTENH 4-25-75-26","u":"00/04-25-075-26W4/0","f":8471,"y":2023,"d":2405}},{"type":"Feature","geometry":{"type":"Point","coordinates":[-111.00332,56.21761]},"properties":{"r":1975.06,"o":85,"n":"COPRC 104WP02 RSDLN 4-26-83-7","u":"00/04-26-083-07W4/2","f":3130,"y":2024,"d":2226}},{"type":"Feature","geometry":{"type":"Point","coordinates":[-110.40439,54.21177]},"properties":{"r":122.67,"o":46,"n":"BAYTEX 8HZ CHARLK 4-28-60-3","u":"00/04-28-060-03W4/0","f":9683,"y":2023,"d":2016}},{"type":"Feature","geometry":{"type":"Point","coordinates":[-111.08916,57.26584]},"properties":{"r":453.87,"o":75,"n":"HUSKY B 5-21 P4 STEEPBK 4-28-95-7","u":"00/04-28-095-07W4/0","f":5519,"y":2015,"d":1303}},{"type":"Feature","geometry":{"type":"Point","coordinates":[-110.90345,54.39942]},"properties":{"r":121.73,"o":67,"n":"CNRL 4B HZ FORSYTH 4-31-62-6","u":"00/04-31-062-06W4/0","f":10241,"y":2024,"d":2058}},{"type":"Feature","geometry":{"type":"Point","coordinates":[-110.58797,55.0998]},"properties":{"r":469.95,"o":75,"n":"CVE N11P01 FISHER 4-32-70-4","u":"00/04-32-070-04W4/2","f":10927,"y":2021,"d":2776}},{"type":"Feature","geometry":{"type":"Point","coordinates":[-116.97464,56.23299]},"properties":{"r":118.44,"o":218,"n":"OBE 100 HZ HARMONV 4-32-83-19","u":"00/04-32-083-19W5/9","f":9220,"y":2023,"d":2310}},{"type":"Feature","geometry":{"type":"Point","coordinates":[-110.56182,54.83551]},"properties":{"r":204.25,"o":67,"n":"CNRL 8A23 PRIMROSE 4-33-67-4","u":"00/04-33-067-04W4/0","f":11042,"y":2010,"d":2286}},{"type":"Feature","geometry":{"type":"Point","coordinates":[-110.38288,54.57568]},"properties":{"r":106.13,"o":153,"n":"IMP 01 V02-10 COLDLK 4-34-64-3","u":"00/04-34-064-03W4/0","f":3127,"y":2002,"d":527}},{"type":"Feature","geometry":{"type":"Point","coordinates":[-110.53335,54.66317]},"properties":{"r":111.46,"o":153,"n":"IMP 03 H41-01 HZ COLDLK 4-34-65-4","u":"00/04-34-065-04W4/0","f":295,"y":2004,"d":1419}},{"type":"Feature","geometry":{"type":"Point","coordinates":[-113.77481,55.44638]},"properties":{"r":160.08,"o":144,"n":"HWX MARTENH 5-35-74-25","u":"00/04-34-074-25W4/2","f":8565,"y":2019,"d":2746}},{"type":"Feature","geometry":{"type":"Point","coordinates":[-111.12859,55.36138]},"properties":{"r":428.67,"o":67,"n":"CNRL KS22-03P KIRBY 4-35-73-8","u":"00/04-35-073-08W4/0","f":3534,"y":2022,"d":2273}},{"type":"Feature","geometry":{"type":"Point","coordinates":[-115.90336,55.99232]},"properties":{"r":243.62,"o":162,"n":"ISLANDER HR 15 SEAL 5-1-81-13","u":"00/05-01-081-13W5/0","f":10877,"y":2026,"d":3191}},{"type":"Feature","geometry":{"type":"Point","coordinates":[-110.58963,54.94083]},"properties":{"r":438.8,"o":67,"n":"CNRL 5A160 FISHER 5-5-69-4","u":"00/05-05-069-04W4/0","f":11042,"y":2022,"d":3079}},{"type":"Feature","geometry":{"type":"Point","coordinates":[-113.82585,55.37783]},"properties":{"r":137.98,"o":306,"n":"TVE 13-4 HZ MARTENH 5-5-74-25","u":"00/05-05-074-25W4/0","f":8471,"y":2025,"d":2557}},{"type":"Feature","geometry":{"type":"Point","coordinates":[-110.90555,55.55203]},"properties":{"r":302.69,"o":67,"n":"CNRL OOO8P LEISMER 5-5-76-6","u":"00/05-05-076-06W4/0","f":2037,"y":2019,"d":2160}},{"type":"Feature","geometry":{"type":"Point","coordinates":[-116.3173,55.81597]},"properties":{"r":268.57,"o":46,"n":"BAYTEX S53 HZ DAWSON 5-5-79-15","u":"00/05-05-079-15W5/7","f":10775,"y":2025,"d":2680}},{"type":"Feature","geometry":{"type":"Point","coordinates":[-116.47974,55.81522]},"properties":{"r":120.83,"o":46,"n":"BAYTEX N500 HZ DAWSON 5-5-79-16","u":"00/05-05-079-16W5/0","f":10059,"y":2024,"d":3647}},{"type":"Feature","geometry":{"type":"Point","coordinates":[-111.05487,54.34634]},"properties":{"r":159.68,"o":67,"n":"CNRL 5C HZ SUGDEN 5-7-62-7","u":"00/05-07-062-07W4/0","f":10068,"y":2024,"d":1905}},{"type":"Feature","geometry":{"type":"Point","coordinates":[-114.44071,55.56908]},"properties":{"r":111.35,"o":293,"n":"SPL 9-18 MARTENH 5-8-76-3","u":"00/05-08-076-03W5/0","f":8235,"y":2025,"d":2700}},{"type":"Feature","geometry":{"type":"Point","coordinates":[-110.35241,54.1703]},"properties":{"r":150.91,"o":46,"n":"BAYTEX HZ N110 CHARLK 5-11-60-3","u":"00/05-11-060-03W4/4","f":10594,"y":2025,"d":2216}},{"type":"Feature","geometry":{"type":"Point","coordinates":[-110.48568,54.86826]},"properties":{"r":163.16,"o":67,"n":"CNRL 14A66 PRIMROSE 5-12-68-4","u":"00/05-12-068-04W4/0","f":11042,"y":2008,"d":2325}},{"type":"Feature","geometry":{"type":"Point","coordinates":[-110.92906,54.35947]},"properties":{"r":532.43,"o":67,"n":"CNRL 5B HZ FORSYTH 5-13-62-7","u":"00/05-13-062-07W4/2","f":10932,"y":2026,"d":1801}},{"type":"Feature","geometry":{"type":"Point","coordinates":[-110.4856,54.88253]},"properties":{"r":109.42,"o":67,"n":"CNRL 14A67 PRIMROSE 5-13-68-4","u":"00/05-13-068-04W4/0","f":11042,"y":2009,"d":2378}},{"type":"Feature","geometry":{"type":"Point","coordinates":[-115.90111,56.01946]},"properties":{"r":217.88,"o":162,"n":"ISLANDER LL 02 SEAL 5-13-81-13","u":"00/05-13-081-13W5/0","f":10027,"y":2024,"d":2339}},{"type":"Feature","geometry":{"type":"Point","coordinates":[-110.9786,56.36777]},"properties":{"r":445.42,"o":80,"n":"NEU CNOOC 17P05 NEWBY 5-13-85-7","u":"00/05-13-085-07W4/0","f":2026,"y":2019,"d":1236}},{"type":"Feature","geometry":{"type":"Point","coordinates":[-116.55848,55.84573]},"properties":{"r":192.36,"o":218,"n":"OBE 100 HZ DAWSON 5-14-79-17","u":"00/05-14-079-17W5/9","f":10944,"y":2026,"d":2427}},{"type":"Feature","geometry":{"type":"Point","coordinates":[-110.40145,54.09781]},"properties":{"r":140.74,"o":66,"n":"CALTEX TRILOGY HZ REITA 5-16-59-3","u":"00/05-16-059-03W4/0","f":10366,"y":2025,"d":2004}},{"type":"Feature","geometry":{"type":"Point","coordinates":[-116.03618,56.0213]},"properties":{"r":116.7,"o":162,"n":"ISLANDER HR 05 SEAL 5-18-81-13","u":"00/05-18-081-13W5/0","f":10088,"y":2023,"d":3020}},{"type":"Feature","geometry":{"type":"Point","coordinates":[-116.52529,56.28163]},"properties":{"r":101.71,"o":67,"n":"CNUL HZ NAMPA 5-18-84-16","u":"00/05-18-084-16W5/0","f":7349,"y":2026,"d":2596}},{"type":"Feature","geometry":{"type":"Point","coordinates":[-110.97511,57.24079]},"properties":{"r":565.12,"o":299,"n":"SUNCOR P132P4 FIREBAG 5-18-95-6","u":"00/05-18-095-06W4/0","f":1149,"y":2023,"d":1752}},{"type":"Feature","geometry":{"type":"Point","coordinates":[-110.95303,56.38147]},"properties":{"r":679.51,"o":80,"n":"NEU CNOOC 18P12 NEWBY 5-19-85-6","u":"00/05-19-085-06W4/0","f":2026,"y":2019,"d":1611}},{"type":"Feature","geometry":{"type":"Point","coordinates":[-115.82357,55.86159]},"properties":{"r":163.28,"o":79,"n":"CLEAR NORTH 100 HZ GIFT 5-21-79-12","u":"00/05-21-079-12W5/0","f":10682,"y":2026,"d":3229}},{"type":"Feature","geometry":{"type":"Point","coordinates":[-110.38156,54.80963]},"properties":{"r":160.29,"o":67,"n":"CNRL 16A93 PRIMROSE 5-22-67-3","u":"00/05-22-067-03W4/0","f":11042,"y":2011,"d":2403}},{"type":"Feature","geometry":{"type":"Point","coordinates":[-111.00933,55.51125]},"properties":{"r":182.13,"o":67,"n":"CNRL K7P CONKLIN 5-22-75-7","u":"00/05-22-075-07W4/2","f":5101,"y":2013,"d":1400}},{"type":"Feature","geometry":{"type":"Point","coordinates":[-116.40649,55.77329]},"properties":{"r":150.66,"o":46,"n":"BAYTEX S768 HZ PEAVINE 5-22-78-16","u":"00/05-22-078-16W5/0","f":9726,"y":2024,"d":3633}},{"type":"Feature","geometry":{"type":"Point","coordinates":[-113.74726,55.33702]},"properties":{"r":422.34,"o":293,"n":"SPL 12-27 HZ  MARTENH 5-23-73-25","u":"00/05-23-073-25W4/0","f":7981,"y":2021,"d":2970}},{"type":"Feature","geometry":{"type":"Point","coordinates":[-113.74911,55.421]},"properties":{"r":248.99,"o":144,"n":"HWX 5-24 HZ MARTENH 5-23-74-25","u":"00/05-23-074-25W4/3","f":8565,"y":2021,"d":2186}},{"type":"Feature","geometry":{"type":"Point","coordinates":[-114.22935,55.52388]},"properties":{"r":224.63,"o":144,"n":"HWX HZ MARTENH 5-27-75-2","u":"00/05-27-075-02W5/4","f":9068,"y":2023,"d":3630}},{"type":"Feature","geometry":{"type":"Point","coordinates":[-110.85477,55.61253]},"properties":{"r":420.26,"o":75,"n":"CVE L19P11 LEISMER 5-27-76-6","u":"00/05-27-076-06W4/0","f":934,"y":2021,"d":2235}},{"type":"Feature","geometry":{"type":"Point","coordinates":[-116.43262,55.78804]},"properties":{"r":432.93,"o":46,"n":"BAYTEX HZ N370 DAWSON 5-28-78-16","u":"00/05-28-078-16W5/6","f":8738,"y":2025,"d":1997}},{"type":"Feature","geometry":{"type":"Point","coordinates":[-113.42168,55.9612]},"properties":{"r":110.99,"o":67,"n":"AMOCO BRINTNELL 5-29-80-22","u":"00/05-29-080-22W4/0","f":4628,"y":1995,"d":1961}},{"type":"Feature","geometry":{"type":"Point","coordinates":[-110.90299,54.39081]},"properties":{"r":139.68,"o":67,"n":"CNRL 5C HZ FORSYTH 5-30-62-6","u":"00/05-30-062-06W4/0","f":10193,"y":2024,"d":2221}},{"type":"Feature","geometry":{"type":"Point","coordinates":[-113.69236,55.35118]},"properties":{"r":138.44,"o":293,"n":"SPL 11-26 HZ MARTENH 5-30-73-24","u":"00/05-30-073-24W4/0","f":7981,"y":2023,"d":3706}},{"type":"Feature","geometry":{"type":"Point","coordinates":[-110.45339,54.57844]},"properties":{"r":191.9,"o":153,"n":"IMP 99 Y36-18 COLDLK 5-31-64-3","u":"00/05-31-064-03W4/0","f":3127,"y":2000,"d":612}},{"type":"Feature","geometry":{"type":"Point","coordinates":[-110.95266,56.41336]},"properties":{"r":437.14,"o":80,"n":"NEXEN OPTI 06P13 NEWBY 5-31-85-6","u":"00/05-31-085-06W4/0","f":2026,"y":2005,"d":1450}},{"type":"Feature","geometry":{"type":"Point","coordinates":[-110.58426,55.10381]},"properties":{"r":354.49,"o":75,"n":"CVE N11P06 FISHER 5-32-70-4","u":"00/05-32-070-04W4/2","f":10927,"y":2021,"d":2485}},{"type":"Feature","geometry":{"type":"Point","coordinates":[-116.40101,55.80082]},"properties":{"r":106.0,"o":46,"n":"BAYTEX N500 HZ DAWSON 5-34-78-16","u":"00/05-34-078-16W5/0","f":8399,"y":2021,"d":2249}},{"type":"Feature","geometry":{"type":"Point","coordinates":[-110.62422,54.31623]},"properties":{"r":195.7,"o":66,"n":"CALTEX TRILOGY FT KENT 5-36-61-5","u":"00/05-36-061-05W4/3","f":10655,"y":2025,"d":1731}},{"type":"Feature","geometry":{"type":"Point","coordinates":[-110.92569,54.40592]},"properties":{"r":121.06,"o":67,"n":"CNRL 5D HZ FORSYTH 5-36-62-7","u":"00/05-36-062-07W4/0","f":10241,"y":2024,"d":2130}},{"type":"Feature","geometry":{"type":"Point","coordinates":[-110.80598,55.71193]},"properties":{"r":1346.98,"o":75,"n":"MEG AV4P HARDY 5-36-77-6","u":"00/05-36-077-06W4/0","f":1892,"y":2025,"d":1662}},{"type":"Feature","geometry":{"type":"Point","coordinates":[-110.49792,54.33281]},"properties":{"r":160.6,"o":67,"n":"CNRL 6C HZ FT KENT 6-2-62-4","u":"00/06-02-062-04W4/0","f":10776,"y":2025,"d":1704}},{"type":"Feature","geometry":{"type":"Point","coordinates":[-110.57289,54.33016]},"properties":{"r":100.72,"o":66,"n":"CALTEX TRILOGY HZ FT KENT 6-5-62-4","u":"00/06-05-062-04W4/0","f":9950,"y":2024,"d":1657}},{"type":"Feature","geometry":{"type":"Point","coordinates":[-111.04435,54.34551]},"properties":{"r":106.26,"o":67,"n":"CNRL 6A HZ SUGDEN 6-7-62-7","u":"00/06-07-062-07W4/0","f":10068,"y":2024,"d":1562}},{"type":"Feature","geometry":{"type":"Point","coordinates":[-111.55941,55.83071]},"properties":{"r":890.28,"o":34,"n":"ATH L8P1 LEISMER 6-7-79-10","u":"00/06-07-079-10W4/0","f":2782,"y":2021,"d":2164}},{"type":"Feature","geometry":{"type":"Point","coordinates":[-110.59338,55.65582]},"properties":{"r":716.11,"o":75,"n":"MEG MC2P HARDY 6-8-77-4","u":"00/06-08-077-04W4/0","f":1892,"y":2023,"d":2004}},{"type":"Feature","geometry":{"type":"Point","coordinates":[-115.9725,56.00527]},"properties":{"r":341.49,"o":162,"n":"ISLANDER HR 06 SEAL 6-9-81-13","u":"00/06-09-081-13W5/0","f":10088,"y":2024,"d":3162}},{"type":"Feature","geometry":{"type":"Point","coordinates":[-114.32873,55.58465]},"properties":{"r":164.73,"o":293,"n":"SPL 15-1 MARTENH 6-13-76-3","u":"00/06-13-076-03W5/0","f":9556,"y":2025,"d":3512}},{"type":"Feature","geometry":{"type":"Point","coordinates":[-116.52411,55.84644]},"properties":{"r":109.27,"o":218,"n":"OBE 102 HZ DAWSON 6-13-79-17","u":"00/06-13-079-17W5/9","f":10348,"y":2025,"d":1779}},{"type":"Feature","geometry":{"type":"Point","coordinates":[-113.76569,55.4071]},"properties":{"r":375.35,"o":306,"n":"DELTASTREAM MARTENH 6-15-74-25","u":"00/06-15-074-25W4/0","f":8471,"y":2021,"d":982}},{"type":"Feature","geometry":{"type":"Point","coordinates":[-113.51632,55.84566]},"properties":{"r":265.45,"o":67,"n":"CNRL DWP13 NM1 PEERLESS 6-15-79-23","u":"00/06-15-079-23W4/0","f":10902,"y":2026,"d":3449}},{"type":"Feature","geometry":{"type":"Point","coordinates":[-110.88877,57.23949]},"properties":{"r":496.64,"o":299,"n":"SUNCOR P131P7 FIREBAG 6-15-95-6","u":"00/06-15-095-06W4/0","f":1149,"y":2021,"d":1940}},{"type":"Feature","geometry":{"type":"Point","coordinates":[-110.96916,57.24147]},"properties":{"r":912.9,"o":299,"n":"SUNCOR P132P1 FIREBAG 6-18-95-6","u":"00/06-18-095-06W4/0","f":1149,"y":2023,"d":1668}},{"type":"Feature","geometry":{"type":"Point","coordinates":[-115.81976,55.86159]},"properties":{"r":160.64,"o":79,"n":"CLEAR NORTH 100 HZ GIFT 6-21-79-12","u":"00/06-21-079-12W5/0","f":10682,"y":2026,"d":3530}},{"type":"Feature","geometry":{"type":"Point","coordinates":[-110.37913,54.81189]},"properties":{"r":124.54,"o":67,"n":"CNRL 14A93 PRIMROSE 6-22-67-3","u":"00/06-22-067-03W4/0","f":11042,"y":2011,"d":2022}},{"type":"Feature","geometry":{"type":"Point","coordinates":[-111.65689,56.29682]},"properties":{"r":657.66,"o":136,"n":"GROC HE W5-P4 RF HANGSTN 6-22-84-11","u":"00/06-22-084-11W4/2","f":4543,"y":2014,"d":2341}},{"type":"Feature","geometry":{"type":"Point","coordinates":[-110.34644,54.72341]},"properties":{"r":248.66,"o":153,"n":"IMP 12 HZ N05-H19 COLD LK 6-23-66-3","u":"00/06-23-066-03W4/0","f":3827,"y":2013,"d":1843}},{"type":"Feature","geometry":{"type":"Point","coordinates":[-114.04301,55.85868]},"properties":{"r":110.83,"o":293,"n":"SPL 14-14 MISTAHAE 6-23-79-1","u":"00/06-23-079-01W5/0","f":9984,"y":2024,"d":1068}},{"type":"Feature","geometry":{"type":"Point","coordinates":[-110.84175,56.20741]},"properties":{"r":576.08,"o":85,"n":"COPRC 2671P02 NEWBY 6-23-83-6","u":"00/06-23-083-06W4/0","f":3130,"y":2022,"d":2001}},{"type":"Feature","geometry":{"type":"Point","coordinates":[-112.12413,56.81835]},"properties":{"r":194.88,"o":233,"n":"PCC AA06P ELLS 6-23-90-14","u":"00/06-23-090-14W4/0","f":6448,"y":2013,"d":1365}},{"type":"Feature","geometry":{"type":"Point","coordinates":[-110.35239,54.73931]},"properties":{"r":206.03,"o":153,"n":"IMP 12 HZ N03-H19 COLD LK 6-26-66-3","u":"00/06-26-066-03W4/0","f":3827,"y":2012,"d":1885}},{"type":"Feature","geometry":{"type":"Point","coordinates":[-110.9985,56.30876]},"properties":{"r":173.68,"o":80,"n":"NEXEN CNOOC K2P03 RESDELN 6-26-84-7","u":"00/06-26-084-07W4/0","f":2026,"y":2013,"d":1239}},{"type":"Feature","geometry":{"type":"Point","coordinates":[-111.1294,54.56358]},"properties":{"r":108.86,"o":67,"n":"CNRL 6A SUGDEN 6-27-64-8","u":"00/06-27-064-08W4/0","f":9735,"y":2024,"d":690}},{"type":"Feature","geometry":{"type":"Point","coordinates":[-111.0243,56.31033]},"properties":{"r":643.15,"o":80,"n":"CNOOC K1P17 RESDELN 6-27-84-7","u":"00/06-27-084-07W4/0","f":2026,"y":2024,"d":1903}},{"type":"Feature","geometry":{"type":"Point","coordinates":[-110.5537,54.65115]},"properties":{"r":100.34,"o":153,"n":"IMP 95 L06-03 COLDLK 6-28-65-4","u":"00/06-28-065-04W4/0","f":295,"y":1995,"d":569}},{"type":"Feature","geometry":{"type":"Point","coordinates":[-111.08096,55.52461]},"properties":{"r":193.18,"o":67,"n":"CNRL PP2P CONKLIN 6-30-75-7","u":"00/06-30-075-07W4/0","f":3346,"y":2014,"d":2020}},{"type":"Feature","geometry":{"type":"Point","coordinates":[-110.3923,54.60905]},"properties":{"r":141.46,"o":153,"n":"IMP 99 G03-30 COLDLK 7-9-65-3","u":"00/07-09-065-03W4/0","f":294,"y":1999,"d":604}},{"type":"Feature","geometry":{"type":"Point","coordinates":[-110.63581,54.01299]},"properties":{"r":973.58,"o":295,"n":"SRL D01W-P11 LIND 7-14-58-5","u":"00/07-14-058-05W4/0","f":5610,"y":2025,"d":1860}},{"type":"Feature","geometry":{"type":"Point","coordinates":[-110.51812,54.70998]},"properties":{"r":220.31,"o":153,"n":"IMP 05 H59-H18 COLD LK 7-15-66-4","u":"00/07-15-066-04W4/0","f":295,"y":2006,"d":1685}},{"type":"Feature","geometry":{"type":"Point","coordinates":[-111.14737,54.53418]},"properties":{"r":100.78,"o":67,"n":"CNRL 7A SUGDEN 7-16-64-8","u":"00/07-16-064-08W4/0","f":10450,"y":2026,"d":539}},{"type":"Feature","geometry":{"type":"Point","coordinates":[-110.59308,54.44638]},"properties":{"r":228.8,"o":67,"n":"CNRL 7A HZ FT KENT 7-18-63-4","u":"00/07-18-063-04W4/0","f":10913,"y":2026,"d":1885}},{"type":"Feature","geometry":{"type":"Point","coordinates":[-110.59322,54.4611]},"properties":{"r":176.18,"o":67,"n":"CNRL 7A HZ FT KENT 7-19-63-4","u":"00/07-19-063-04W4/0","f":10735,"y":2025,"d":2154}},{"type":"Feature","geometry":{"type":"Point","coordinates":[-115.83816,55.86159]},"properties":{"r":203.89,"o":79,"n":"CLEAR NORTH 100 HZ GIFT 7-20-79-12","u":"00/07-20-079-12W5/0","f":10682,"y":2026,"d":3044}},{"type":"Feature","geometry":{"type":"Point","coordinates":[-113.75984,55.33432]},"properties":{"r":148.38,"o":293,"n":"SPL 12-27 HZ MARTENH 7-22-73-25","u":"00/07-22-073-25W4/0","f":7981,"y":2021,"d":2844}},{"type":"Feature","geometry":{"type":"Point","coordinates":[-113.35332,55.9467]},"properties":{"r":100.45,"o":67,"n":"AMOCO BRINTNELL 7-22-80-22","u":"00/07-22-080-22W4/3","f":4628,"y":1996,"d":2626}},{"type":"Feature","geometry":{"type":"Point","coordinates":[-116.5921,56.29632]},"properties":{"r":112.29,"o":67,"n":"CNUL CLIFFD 7-22-84-17","u":"00/07-22-084-17W5/0","f":7349,"y":2015,"d":2948}},{"type":"Feature","geometry":{"type":"Point","coordinates":[-112.13949,56.82006]},"properties":{"r":156.72,"o":233,"n":"MACOP AF05P ELLS 7-22-90-14","u":"00/07-22-090-14W4/0","f":6448,"y":2014,"d":1361}},{"type":"Feature","geometry":{"type":"Point","coordinates":[-113.92591,55.50876]},"properties":{"r":135.88,"o":306,"n":"TVE 5-19 HZ MARTENH 7-23-75-26","u":"00/07-23-075-26W4/0","f":8471,"y":2024,"d":3270}},{"type":"Feature","geometry":{"type":"Point","coordinates":[-110.98755,56.20937]},"properties":{"r":1156.55,"o":85,"n":"COPRC 101P09 HZ RESDELN 7-23-83-7","u":"00/07-23-083-07W4/0","f":3130,"y":2006,"d":1923}},{"type":"Feature","geometry":{"type":"Point","coordinates":[-110.96551,56.38152]},"properties":{"r":813.04,"o":80,"n":"NEU CNOOC 18P04 NEWBY 7-24-85-7","u":"00/07-24-085-07W4/0","f":2026,"y":2019,"d":1548}},{"type":"Feature","geometry":{"type":"Point","coordinates":[-114.21524,55.52412]},"properties":{"r":222.99,"o":144,"n":"HWX HZ MARTENH 7-27-75-2","u":"00/07-27-075-02W5/0","f":9068,"y":2022,"d":3407}},{"type":"Feature","geometry":{"type":"Point","coordinates":[-110.29479,54.73716]},"properties":{"r":245.97,"o":153,"n":"IMP 24 N04-H06ST MARIE 7-30-66-2","u":"00/07-30-066-02W4/2","f":3827,"y":2013,"d":1850}},{"type":"Feature","geometry":{"type":"Point","coordinates":[-110.44666,54.57977]},"properties":{"r":102.67,"o":153,"n":"IMP 99 Y36-09 COLDLK 7-31-64-3","u":"00/07-31-064-03W4/0","f":3127,"y":2000,"d":512}},{"type":"Feature","geometry":{"type":"Point","coordinates":[-110.86641,55.54065]},"properties":{"r":427.41,"o":67,"n":"CNRL O7P LEISMER 7-33-75-6","u":"00/07-33-075-06W4/0","f":2037,"y":2015,"d":1825}},{"type":"Feature","geometry":{"type":"Point","coordinates":[-116.93944,56.23865]},"properties":{"r":106.17,"o":46,"n":"BAYTEX W530 HZ SEAL 7-33-83-19","u":"00/07-33-083-19W5/0","f":5019,"y":2013,"d":2491}},{"type":"Feature","geometry":{"type":"Point","coordinates":[-110.52141,54.66779]},"properties":{"r":112.17,"o":153,"n":"IMP 93 H22-11 COLDLK 7-34-65-4","u":"00/07-34-065-04W4/0","f":295,"y":1994,"d":550}},{"type":"Feature","geometry":{"type":"Point","coordinates":[-110.34516,54.75304]},"properties":{"r":153.74,"o":153,"n":"IMP 12 HZ N02-H01 COLD LK 7-35-66-3","u":"00/07-35-066-03W4/0","f":3827,"y":2012,"d":1877}},{"type":"Feature","geometry":{"type":"Point","coordinates":[-114.31459,55.90283]},"properties":{"r":162.47,"o":293,"n":"SPL 6-5 GODIN 8-1-80-3","u":"00/08-01-080-03W5/0","f":8590,"y":2024,"d":2408}},{"type":"Feature","geometry":{"type":"Point","coordinates":[-110.98051,54.33126]},"properties":{"r":458.46,"o":46,"n":"BAYTEX HZ S560 SUGDEN 8-4-62-7","u":"00/08-04-062-07W4/2","f":10518,"y":2025,"d":2167}},{"type":"Feature","geometry":{"type":"Point","coordinates":[-110.9593,57.22768]},"properties":{"r":680.28,"o":299,"n":"SUNCOR P112P1 FIREBAG 8-7-95-6","u":"00/08-07-095-06W4/0","f":1149,"y":2014,"d":1442}},{"type":"Feature","geometry":{"type":"Point","coordinates":[-110.90555,57.22808]},"properties":{"r":172.01,"o":299,"n":"SUNCOR SAGD P115P3 FIREBAG  8-9-95-6","u":"00/08-09-095-06W4/2","f":1149,"y":2011,"d":1618}},{"type":"Feature","geometry":{"type":"Point","coordinates":[-115.93337,56.00519]},"properties":{"r":153.62,"o":162,"n":"ISLANDER HR 14 SEAL 8-10-81-13","u":"00/08-10-081-13W5/0","f":10303,"y":2025,"d":1688}},{"type":"Feature","geometry":{"type":"Point","coordinates":[-110.85275,57.22735]},"properties":{"r":136.89,"o":299,"n":"SUNCOR SAGD P7P6 FIREBAG 8-11-95-6","u":"00/08-11-095-06W4/0","f":1149,"y":2006,"d":1557}},{"type":"Feature","geometry":{"type":"Point","coordinates":[-110.95978,56.19326]},"properties":{"r":479.45,"o":85,"n":"COPRC 101P14 HZ RESDELN 8-13-83-7","u":"00/08-13-083-07W4/0","f":3130,"y":2005,"d":1480}},{"type":"Feature","geometry":{"type":"Point","coordinates":[-110.82031,57.23936]},"properties":{"r":812.35,"o":299,"n":"SUNCOR P109P10 FIREBAG 8-13-95-6","u":"00/08-13-095-06W4/0","f":1149,"y":2013,"d":1651}},{"type":"Feature","geometry":{"type":"Point","coordinates":[-116.58521,56.27944]},"properties":{"r":157.87,"o":46,"n":"BAYTEX N553 HZ CADOTTE 8-15-84-17","u":"00/08-15-084-17W5/0","f":10442,"y":2025,"d":1787}},{"type":"Feature","geometry":{"type":"Point","coordinates":[-110.92794,57.23955]},"properties":{"r":1463.2,"o":299,"n":"SUNCOR P121P20 FIREBAG 8-17-95-6","u":"00/08-17-095-06W4/0","f":1149,"y":2018,"d":1884}},{"type":"Feature","geometry":{"type":"Point","coordinates":[-116.30421,55.75623]},"properties":{"r":145.92,"o":46,"n":"BAYTEX E319 HZ PEAVINE 8-18-78-15","u":"00/08-18-078-15W5/0","f":10285,"y":2024,"d":3745}},{"type":"Feature","geometry":{"type":"Point","coordinates":[-116.30395,55.77333]},"properties":{"r":161.96,"o":46,"n":"BAYTEX S755 HZ PEAVINE 8-19-78-15","u":"00/08-19-078-15W5/0","f":9726,"y":2024,"d":3831}},{"type":"Feature","geometry":{"type":"Point","coordinates":[-116.66367,56.29413]},"properties":{"r":150.03,"o":67,"n":"CNUL HZ CADOTTE 8-19-84-17","u":"00/08-19-084-17W5/0","f":9953,"y":2024,"d":2594}},{"type":"Feature","geometry":{"type":"Point","coordinates":[-116.40735,55.77057]},"properties":{"r":200.35,"o":46,"n":"BAYTEX HZ N673 PEAVINE 8-21-78-16","u":"00/08-21-078-16W5/0","f":9283,"y":2024,"d":3174}},{"type":"Feature","geometry":{"type":"Point","coordinates":[-110.49086,54.89745]},"properties":{"r":202.89,"o":67,"n":"CNRL 11A68 PRIMROSE 8-23-68-4","u":"00/08-23-068-04W4/0","f":11042,"y":2012,"d":2404}},{"type":"Feature","geometry":{"type":"Point","coordinates":[-110.90726,54.3746]},"properties":{"r":115.9,"o":66,"n":"CALTEX TRILOGY 100 FORSYTH 8-24-62-7","u":"00/08-24-062-07W4/0","f":9709,"y":2023,"d":2009}},{"type":"Feature","geometry":{"type":"Point","coordinates":[-110.95913,56.38171]},"properties":{"r":214.57,"o":80,"n":"NEU CNOOC 18P08 NEWBY 8-24-85-7","u":"00/08-24-085-07W4/2","f":2026,"y":2019,"d":1459}},{"type":"Feature","geometry":{"type":"Point","coordinates":[-116.23613,56.64281]},"properties":{"r":106.61,"o":293,"n":"SPL 6-23 CADOTTE 8-24-88-15","u":"00/08-24-088-15W5/0","f":9233,"y":2025,"d":3009}},{"type":"Feature","geometry":{"type":"Point","coordinates":[-116.68995,56.22441]},"properties":{"r":117.66,"o":46,"n":"BAYTEX HZ HARMON 8-25-83-18","u":"00/08-25-083-18W5/0","f":9007,"y":2024,"d":3210}},{"type":"Feature","geometry":{"type":"Point","coordinates":[-110.98661,56.31022]},"properties":{"r":257.94,"o":80,"n":"NEXEN CNOOC K2P18 RESDELN 8-26-84-7","u":"00/08-26-084-07W4/0","f":2026,"y":2013,"d":1248}},{"type":"Feature","geometry":{"type":"Point","coordinates":[-113.85148,56.31]},"properties":{"r":108.48,"o":67,"n":"CNRL GDLP1-8A GOODLOW 8-27-84-25","u":"00/08-27-084-25W4/0","f":9346,"y":2023,"d":460}},{"type":"Feature","geometry":{"type":"Point","coordinates":[-114.23813,55.52416]},"properties":{"r":193.81,"o":144,"n":"HWX HZ MARTENH 8-28-75-2","u":"00/08-28-075-02W5/0","f":9068,"y":2023,"d":3343}},{"type":"Feature","geometry":{"type":"Point","coordinates":[-111.04576,55.52437]},"properties":{"r":168.0,"o":67,"n":"CNRL BB1P CONKLIN 8-29-75-7","u":"00/08-29-075-07W4/0","f":3346,"y":2009,"d":1743}},{"type":"Feature","geometry":{"type":"Point","coordinates":[-110.91847,57.18208]},"properties":{"r":640.2,"o":299,"n":"SUNCOR P126P1 FIREBAG 8-29-94-6","u":"00/08-29-094-06W4/0","f":1149,"y":2021,"d":1869}},{"type":"Feature","geometry":{"type":"Point","coordinates":[-113.62304,55.36284]},"properties":{"r":412.17,"o":67,"n":"CNRL HZ MARTENH 8-33-73-24","u":"00/08-33-073-24W4/0","f":9010,"y":2022,"d":2514}},{"type":"Feature","geometry":{"type":"Point","coordinates":[-110.62031,54.92701]},"properties":{"r":245.57,"o":67,"n":"CNRL 4C71 FISHER 8-36-68-5","u":"00/08-36-068-05W4/0","f":11042,"y":2023,"d":2978}},{"type":"Feature","geometry":{"type":"Point","coordinates":[-115.7277,55.88816]},"properties":{"r":203.98,"o":79,"n":"CLEAR NORTH 100 HZ GIFT 8-36-79-12","u":"00/08-36-079-12W5/2","f":10848,"y":2026,"d":2626}},{"type":"Feature","geometry":{"type":"Point","coordinates":[-110.31154,54.77196]},"properties":{"r":387.1,"o":67,"n":"CNRL 4A78 PRIMROSE 9-1-67-3","u":"00/09-01-067-03W4/0","f":11042,"y":2007,"d":1741}},{"type":"Feature","geometry":{"type":"Point","coordinates":[-110.48591,54.59849]},"properties":{"r":145.02,"o":153,"n":"ESSO 85 D25-1 COLDLK 9-2-65-4","u":"00/09-02-065-04W4/0","f":294,"y":1985,"d":598}},{"type":"Feature","geometry":{"type":"Point","coordinates":[-110.33667,54.77199]},"properties":{"r":251.78,"o":67,"n":"CNRL 11A75 PRIMROSE 9-2-67-3","u":"00/09-02-067-03W4/0","f":11042,"y":2007,"d":1664}},{"type":"Feature","geometry":{"type":"Point","coordinates":[-110.64537,54.76992]},"properties":{"r":147.08,"o":67,"n":"CNRL 10A42 FSHR CK 9-2-67-5","u":"00/09-02-067-05W4/0","f":11042,"y":2013,"d":2480}},{"type":"Feature","geometry":{"type":"Point","coordinates":[-110.9806,54.33447]},"properties":{"r":261.84,"o":46,"n":"BAYTEX HZ SUGDEN 9-4-62-7","u":"00/09-04-062-07W4/2","f":10518,"y":2025,"d":2065}},{"type":"Feature","geometry":{"type":"Point","coordinates":[-110.53607,54.68482]},"properties":{"r":103.61,"o":153,"n":"IMP 04 H46-19 COLD LK 9-4-66-4","u":"00/09-04-066-04W4/0","f":295,"y":2005,"d":636}},{"type":"Feature","geometry":{"type":"Point","coordinates":[-110.58131,54.33473]},"properties":{"r":189.39,"o":67,"n":"CNRL 9A HZ FT KENT 9-6-62-4","u":"00/09-06-062-04W4/0","f":10596,"y":2025,"d":2182}},{"type":"Feature","geometry":{"type":"Point","coordinates":[-113.67536,55.29708]},"properties":{"r":159.36,"o":67,"n":"CNRL HZ SMITH 9-6-73-24","u":"00/09-06-073-24W4/0","f":9401,"y":2023,"d":3344}},{"type":"Feature","geometry":{"type":"Point","coordinates":[-114.13179,55.46884]},"properties":{"r":257.71,"o":144,"n":"HWX HZ MARTENH 9-6-75-1","u":"00/09-06-075-01W5/0","f":9909,"y":2025,"d":2845}},{"type":"Feature","geometry":{"type":"Point","coordinates":[-110.89427,54.43694]},"properties":{"r":216.49,"o":67,"n":"CNRL 9C HZ SUGDEN 9-7-63-6","u":"00/09-07-063-06W4/0","f":10642,"y":2025,"d":2293}},{"type":"Feature","geometry":{"type":"Point","coordinates":[-110.41458,54.52287]},"properties":{"r":741.71,"o":295,"n":"SRL G4-P01 ETHELLK 9-8-64-3","u":"00/09-08-064-03W4/0","f":2122,"y":2024,"d":2094}},{"type":"Feature","geometry":{"type":"Point","coordinates":[-110.51599,54.61046]},"properties":{"r":151.21,"o":153,"n":"ESSO 87 D9-2 COLDLK 9-10-65-4","u":"00/09-10-065-04W4/0","f":295,"y":1987,"d":560}},{"type":"Feature","geometry":{"type":"Point","coordinates":[-116.35875,55.7453]},"properties":{"r":139.26,"o":46,"n":"BAYTEX W19 HZ HEARTR 9-11-78-16","u":"00/09-11-078-16W5/0","f":10285,"y":2024,"d":2401}},{"type":"Feature","geometry":{"type":"Point","coordinates":[-110.93862,55.57089]},"properties":{"r":969.85,"o":142,"n":"HARVEST HZ102P10-1 LEISMER 9-12-76-7","u":"00/09-12-076-07W4/2","f":5421,"y":2011,"d":1506}},{"type":"Feature","geometry":{"type":"Point","coordinates":[-110.95712,56.19629]},"properties":{"r":315.75,"o":85,"n":"COPRC 101P11 HZ RESDELN 9-13-83-7","u":"00/09-13-083-07W4/0","f":3130,"y":2005,"d":1631}},{"type":"Feature","geometry":{"type":"Point","coordinates":[-110.38486,54.53981]},"properties":{"r":329.4,"o":295,"n":"OPC P106-P1 COLD LK 9-16-64-3","u":"00/09-16-064-03W4/0","f":2122,"y":2007,"d":1380}},{"type":"Feature","geometry":{"type":"Point","coordinates":[-116.304,55.7618]},"properties":{"r":149.28,"o":46,"n":"BAYTEX S420 HZ PEAVINE 9-18-78-15","u":"00/09-18-078-15W5/0","f":9500,"y":2024,"d":3810}},{"type":"Feature","geometry":{"type":"Point","coordinates":[-110.58811,54.46633]},"properties":{"r":155.19,"o":67,"n":"CNRL 9D HZ FT KENT 9-19-63-4","u":"00/09-19-063-04W4/0","f":10735,"y":2025,"d":2094}},{"type":"Feature","geometry":{"type":"Point","coordinates":[-116.30396,55.77619]},"properties":{"r":136.43,"o":46,"n":"BAYTEX S591 HZ PEAVINE 9-19-78-15","u":"00/09-19-078-15W5/0","f":9726,"y":2023,"d":3804}},{"type":"Feature","geometry":{"type":"Point","coordinates":[-116.43528,55.77433]},"properties":{"r":257.29,"o":46,"n":"BAYTEX HZ N637 PEAVINE 9-20-78-16","u":"00/09-20-078-16W5/0","f":9283,"y":2024,"d":2138}},{"type":"Feature","geometry":{"type":"Point","coordinates":[-110.36589,54.81574]},"properties":{"r":283.31,"o":67,"n":"CNRL 1A93 PRIMROSE 9-22-67-3","u":"00/09-22-067-03W4/0","f":11042,"y":2011,"d":2025}},{"type":"Feature","geometry":{"type":"Point","coordinates":[-116.58751,56.29956]},"properties":{"r":129.09,"o":67,"n":"CNUL CLIFFD 9-22-84-17","u":"00/09-22-084-17W5/0","f":7349,"y":2015,"d":2682}},{"type":"Feature","geometry":{"type":"Point","coordinates":[-116.35658,55.77612]},"properties":{"r":232.66,"o":46,"n":"BAYTEX W13 HZ PEAVINE 9-23-78-16","u":"00/09-23-078-16W5/0","f":10285,"y":2024,"d":2191}},{"type":"Feature","geometry":{"type":"Point","coordinates":[-110.90956,54.39375]},"properties":{"r":134.77,"o":67,"n":"CNRL 9C HZ FORSYTH 9-25-62-7","u":"00/09-25-062-07W4/0","f":10193,"y":2024,"d":1673}},{"type":"Feature","geometry":{"type":"Point","coordinates":[-110.31019,54.74298]},"properties":{"r":241.44,"o":153,"n":"IMP 12 HZ N03-H12 COLD LK 9-25-66-3","u":"00/09-25-066-03W4/0","f":3827,"y":2012,"d":1749}},{"type":"Feature","geometry":{"type":"Point","coordinates":[-110.85004,56.22617]},"properties":{"r":403.85,"o":85,"n":"COPRC 2623P12STK NEWBY 9-27-83-6","u":"00/09-27-083-06W4/3","f":3130,"y":2013,"d":1544}},{"type":"Feature","geometry":{"type":"Point","coordinates":[-110.53915,54.48244]},"properties":{"r":154.6,"o":67,"n":"CNRL 9C HZ FT KENT 9-28-63-4","u":"00/09-28-063-04W4/0","f":9970,"y":2024,"d":1901}},{"type":"Feature","geometry":{"type":"Point","coordinates":[-110.41495,54.583]},"properties":{"r":116.19,"o":153,"n":"IMP 00 T04-24 COLDLK 9-32-64-3","u":"00/09-32-064-03W4/0","f":3127,"y":2000,"d":796}},{"type":"Feature","geometry":{"type":"Point","coordinates":[-110.38706,54.58381]},"properties":{"r":147.31,"o":153,"n":"IMP 00 T01-19 COLDLK 9-33-64-3","u":"00/09-33-064-03W4/0","f":3127,"y":2001,"d":1080}},{"type":"Feature","geometry":{"type":"Point","coordinates":[-110.80876,55.71543]},"properties":{"r":1362.2,"o":75,"n":"MEG AV8P HARDY 9-35-77-6","u":"00/09-35-077-06W4/0","f":1892,"y":2025,"d":2013}},{"type":"Feature","geometry":{"type":"Point","coordinates":[-110.59595,53.71109]},"properties":{"r":147.81,"o":67,"n":"CNRL 16A HZ LIND 9-36-54-5","u":"00/09-36-054-05W4/7","f":10481,"y":2025,"d":1676}},{"type":"Feature","geometry":{"type":"Point","coordinates":[-110.62121,54.93033]},"properties":{"r":387.62,"o":67,"n":"CNRL 10C71 FISHER 9-36-68-5","u":"00/09-36-068-05W4/0","f":11042,"y":2023,"d":3071}},{"type":"Feature","geometry":{"type":"Point","coordinates":[-115.72454,55.89128]},"properties":{"r":142.13,"o":79,"n":"CLEAR NORTH 100 HZ GIFT 9-36-79-12","u":"00/09-36-079-12W5/0","f":10848,"y":2026,"d":2656}},{"type":"Feature","geometry":{"type":"Point","coordinates":[-110.31804,54.77204]},"properties":{"r":178.76,"o":67,"n":"CNRL 11A78 PRIMROSE 10-1-67-3","u":"00/10-01-067-03W4/0","f":11042,"y":2007,"d":1681}},{"type":"Feature","geometry":{"type":"Point","coordinates":[-110.34318,54.77133]},"properties":{"r":100.99,"o":67,"n":"CNRL 18A75 PRIMROSE 2-11-67-3","u":"00/10-02-067-03W4/2","f":11042,"y":2007,"d":2045}},{"type":"Feature","geometry":{"type":"Point","coordinates":[-110.81829,55.64284]},"properties":{"r":1515.38,"o":75,"n":"CVE X05P02 HARDY 10-2-77-6","u":"00/10-02-077-06W4/3","f":934,"y":2024,"d":2512}},{"type":"Feature","geometry":{"type":"Point","coordinates":[-110.3933,54.59777]},"properties":{"r":123.97,"o":153,"n":"IMP 01 U03-03 COLDLK 10-4-65-3","u":"00/10-04-065-03W4/0","f":3127,"y":2002,"d":658}},{"type":"Feature","geometry":{"type":"Point","coordinates":[-110.54577,54.68575]},"properties":{"r":236.1,"o":153,"n":"IMP H91-H07 LEMING 10-4-66-4","u":"00/10-04-066-04W4/0","f":295,"y":2020,"d":1879}},{"type":"Feature","geometry":{"type":"Point","coordinates":[-110.96245,57.21711]},"properties":{"r":862.88,"o":299,"n":"SUNCOR P111P10 FIREBAG 10-6-95-6","u":"00/10-06-095-06W4/0","f":1149,"y":2019,"d":1232}},{"type":"Feature","geometry":{"type":"Point","coordinates":[-114.29779,55.92167]},"properties":{"r":102.84,"o":293,"n":"SPL 6-6 MCLEOD LAKE 10-7-80-2","u":"00/10-07-080-02W5/0","f":8590,"y":2024,"d":2607}},{"type":"Feature","geometry":{"type":"Point","coordinates":[-110.98766,54.34831]},"properties":{"r":399.02,"o":67,"n":"CNRL 10A HZ SUGDEN 10-9-62-7","u":"00/10-09-062-07W4/0","f":10644,"y":2025,"d":2187}},{"type":"Feature","geometry":{"type":"Point","coordinates":[-110.90778,57.22965]},"properties":{"r":225.01,"o":299,"n":"SUNCOR P115P1 FIREBAG 10-9-95-6","u":"00/10-09-095-06W4/0","f":1149,"y":2012,"d":1595}},{"type":"Feature","geometry":{"type":"Point","coordinates":[-110.6358,54.0136]},"properties":{"r":935.23,"o":295,"n":"SRL D01W-P10 LIND 10-14-58-5","u":"00/10-14-058-05W4/0","f":5610,"y":2025,"d":1872}},{"type":"Feature","geometry":{"type":"Point","coordinates":[-114.3726,55.58632]},"properties":{"r":130.6,"o":293,"n":"SPL 16-14 HZ MARTENH 10-15-76-3","u":"00/10-15-076-03W5/0","f":10768,"y":2018,"d":2547}},{"type":"Feature","geometry":{"type":"Point","coordinates":[-110.84169,54.36316]},"properties":{"r":180.77,"o":66,"n":"CALTEX TRILOGY FORSYTH 10-16-62-6","u":"00/10-16-062-06W4/0","f":10725,"y":2025,"d":1467}},{"type":"Feature","geometry":{"type":"Point","coordinates":[-111.14786,54.53765]},"properties":{"r":219.72,"o":67,"n":"CNRL 10A SUGDEN 10-16-64-8","u":"00/10-16-064-08W4/0","f":10450,"y":2025,"d":575}},{"type":"Feature","geometry":{"type":"Point","coordinates":[-111.04381,57.2583]},"properties":{"r":793.79,"o":75,"n":"CVE U01P01 STEEPBK 10-22-95-7","u":"00/10-22-095-07W4/4","f":5519,"y":2023,"d":2012}},{"type":"Feature","geometry":{"type":"Point","coordinates":[-113.92592,55.51234]},"properties":{"r":235.64,"o":306,"n":"TVE 5-19 HZ MARTENH 10-23-75-26","u":"00/10-23-075-26W4/0","f":8471,"y":2024,"d":3259}},{"type":"Feature","geometry":{"type":"Point","coordinates":[-116.85512,56.38729]},"properties":{"r":183.58,"o":67,"n":"CNUL CADOTTE 10-24-85-19","u":"00/10-24-085-19W5/0","f":11717,"y":2005,"d":1503}},{"type":"Feature","geometry":{"type":"Point","coordinates":[-113.85841,56.3152]},"properties":{"r":112.94,"o":67,"n":"CNRL GOODLOW 10-27-84-25","u":"00/10-27-084-25W4/0","f":9370,"y":2013,"d":376}},{"type":"Feature","geometry":{"type":"Point","coordinates":[-110.92559,57.185]},"properties":{"r":508.4,"o":299,"n":"SUNCOR P126P7 FIREBAG 10-29-94-6","u":"00/10-29-094-06W4/0","f":1149,"y":2021,"d":1645}},{"type":"Feature","geometry":{"type":"Point","coordinates":[-110.61252,55.6306]},"properties":{"r":1003.81,"o":75,"n":"MEG MH8P HARDY 10-31-76-4","u":"00/10-31-076-04W4/0","f":1892,"y":2024,"d":1850}},{"type":"Feature","geometry":{"type":"Point","coordinates":[-110.82024,57.20213]},"properties":{"r":376.68,"o":299,"n":"SUNCOR P118P2 FIREBAG 10-36-94-6","u":"00/10-36-094-06W4/0","f":1149,"y":2015,"d":1872}},{"type":"Feature","geometry":{"type":"Point","coordinates":[-110.82157,55.64395]},"properties":{"r":3853.32,"o":75,"n":"CVE X05P01 HARDY 11-2-77-6","u":"00/11-02-077-06W4/2","f":934,"y":2024,"d":2351}},{"type":"Feature","geometry":{"type":"Point","coordinates":[-116.39148,55.81923]},"properties":{"r":140.51,"o":46,"n":"BAYTEX N720 HZ DAWSON 11-2-79-16","u":"00/11-02-079-16W5/0","f":10059,"y":2025,"d":2985}},{"type":"Feature","geometry":{"type":"Point","coordinates":[-110.86057,57.21383]},"properties":{"r":161.14,"o":299,"n":"SUNCOR SAGD P8P7 FIREBAG 11-2-95-6","u":"00/11-02-095-06W4/0","f":1149,"y":2006,"d":1195}},{"type":"Feature","geometry":{"type":"Point","coordinates":[-111.85203,56.09515]},"properties":{"r":851.01,"o":84,"n":"CLC 105 P06 DIVIDE 11-8-82-12","u":"00/11-08-082-12W4/0","f":3165,"y":2022,"d":2169}},{"type":"Feature","geometry":{"type":"Point","coordinates":[-111.87285,57.05434]},"properties":{"r":165.38,"o":299,"n":"PC F7P DOVER 11-9-93-12","u":"00/11-09-093-12W4/0","f":926,"y":2005,"d":1147}},{"type":"Feature","geometry":{"type":"Point","coordinates":[-116.36832,55.7453]},"properties":{"r":191.84,"o":46,"n":"BAYTEX W53 HZ HEARTR 11-11-78-16","u":"00/11-11-078-16W5/0","f":10285,"y":2024,"d":2581}},{"type":"Feature","geometry":{"type":"Point","coordinates":[-110.83929,57.22836]},"properties":{"r":312.2,"o":299,"n":"SUNCOR SAGD P3P6 STEEPBK 11-12-95-6","u":"00/11-12-095-06W4/0","f":1149,"y":2004,"d":1890}},{"type":"Feature","geometry":{"type":"Point","coordinates":[-110.91851,54.3638]},"properties":{"r":521.15,"o":67,"n":"CNRL 11A HZ FORSYTH 11-13-62-7","u":"00/11-13-062-07W4/0","f":10932,"y":2026,"d":2029}},{"type":"Feature","geometry":{"type":"Point","coordinates":[-111.15454,54.53828]},"properties":{"r":112.63,"o":67,"n":"CNRL 11A SUGDEN 11-16-64-8","u":"00/11-16-064-08W4/0","f":10450,"y":2025,"d":505}},{"type":"Feature","geometry":{"type":"Point","coordinates":[-116.44602,55.77433]},"properties":{"r":141.56,"o":46,"n":"BAYTEX HZ N677 PEAVINE 11-20-78-16","u":"00/11-20-078-16W5/0","f":9283,"y":2024,"d":2320}},{"type":"Feature","geometry":{"type":"Point","coordinates":[-111.08157,57.25769]},"properties":{"r":334.51,"o":75,"n":"HUSKY B 13-16 P6 STEEPBK 11-21-95-7","u":"00/11-21-095-07W4/0","f":5519,"y":2012,"d":1276}},{"type":"Feature","geometry":{"type":"Point","coordinates":[-110.3754,54.81574]},"properties":{"r":221.99,"o":67,"n":"CNRL 11A93 PRIMROSE 11-22-67-3","u":"00/11-22-067-03W4/0","f":11042,"y":2011,"d":1594}},{"type":"Feature","geometry":{"type":"Point","coordinates":[-111.002,55.51197]},"properties":{"r":822.33,"o":67,"n":"CNRL K2P RE CONKLIN 11-22-75-7","u":"00/11-22-075-07W4/2","f":5101,"y":2013,"d":1512}},{"type":"Feature","geometry":{"type":"Point","coordinates":[-111.65655,56.29742]},"properties":{"r":131.16,"o":136,"n":"GROC HE W4-P2 RD HANGSTN 11-22-84-11","u":"00/11-22-084-11W4/2","f":4543,"y":2014,"d":1510}},{"type":"Feature","geometry":{"type":"Point","coordinates":[-110.35229,54.74329]},"properties":{"r":200.56,"o":153,"n":"IMP 12 HZ N03-H07 COLD LK 11-26-66-3","u":"00/11-26-066-03W4/0","f":3827,"y":2012,"d":1734}},{"type":"Feature","geometry":{"type":"Point","coordinates":[-116.26634,55.79121]},"properties":{"r":278.13,"o":46,"n":"BAYTEX HZ E567 PEAVINE 11-28-78-15","u":"00/11-28-078-15W5/2","f":10680,"y":2025,"d":3500}},{"type":"Feature","geometry":{"type":"Point","coordinates":[-110.89376,56.39926]},"properties":{"r":349.21,"o":80,"n":"NEXEN CNOOC 15P02 NEWBY 11-28-85-6","u":"00/11-28-085-06W4/2","f":2026,"y":2012,"d":1007}},{"type":"Feature","geometry":{"type":"Point","coordinates":[-110.37782,54.84344]},"properties":{"r":506.87,"o":67,"n":"CNRL 21A93 MOORE 11-34-67-3","u":"00/11-34-067-03W4/0","f":11042,"y":2024,"d":2295}},{"type":"Feature","geometry":{"type":"Point","coordinates":[-110.4687,53.88296]},"properties":{"r":110.99,"o":67,"n":"CNRL 11B HZ LIND 11-36-56-4","u":"00/11-36-056-04W4/0","f":10284,"y":2024,"d":1556}},{"type":"Feature","geometry":{"type":"Point","coordinates":[-110.3252,54.58126]},"properties":{"r":107.24,"o":153,"n":"IMP 06 V10-33 COLD LK 11-36-64-3","u":"00/11-36-064-03W4/0","f":3127,"y":2006,"d":1132}},{"type":"Feature","geometry":{"type":"Point","coordinates":[-110.8243,57.20085]},"properties":{"r":1712.02,"o":299,"n":"SUNCOR P118P4B FIREBAG 11-36-94-6","u":"00/11-36-094-06W4/2","f":1149,"y":2015,"d":1475}},{"type":"Feature","geometry":{"type":"Point","coordinates":[-110.47792,54.33406]},"properties":{"r":167.6,"o":66,"n":"CALTEX TRILOGY FT KENT 12-1-62-4","u":"00/12-01-062-04W4/9","f":10645,"y":2025,"d":1519}},{"type":"Feature","geometry":{"type":"Point","coordinates":[-110.33014,54.77202]},"properties":{"r":339.36,"o":67,"n":"CNRL 4A75 PRIMROSE 12-1-67-3","u":"00/12-01-067-03W4/0","f":11042,"y":2007,"d":1727}},{"type":"Feature","geometry":{"type":"Point","coordinates":[-110.4859,54.859]},"properties":{"r":160.89,"o":67,"n":"CNRL 1A66 PRIMROSE 12-1-68-4","u":"00/12-01-068-04W4/0","f":11042,"y":2008,"d":2723}},{"type":"Feature","geometry":{"type":"Point","coordinates":[-111.27,55.47112]},"properties":{"r":207.73,"o":67,"n":"CNRL KN06-01P KIRBY 12-1-75-9","u":"00/12-01-075-09W4/0","f":5737,"y":2022,"d":1742}},{"type":"Feature","geometry":{"type":"Point","coordinates":[-110.35444,54.1609]},"properties":{"r":174.6,"o":46,"n":"BAYTEX HZ S250 CHARLK 12-2-60-3","u":"00/12-02-060-03W4/0","f":10594,"y":2025,"d":2364}},{"type":"Feature","geometry":{"type":"Point","coordinates":[-110.67163,53.81271]},"properties":{"r":117.83,"o":66,"n":"CALTEX TRILOGY LIND 12-3-56-5","u":"00/12-03-056-05W4/9","f":10941,"y":2026,"d":2124}},{"type":"Feature","geometry":{"type":"Point","coordinates":[-110.38251,54.59802]},"properties":{"r":112.36,"o":153,"n":"IMP 01 U03-20 COLDLK 12-3-65-3","u":"00/12-03-065-03W4/0","f":3127,"y":2002,"d":705}},{"type":"Feature","geometry":{"type":"Point","coordinates":[-110.89398,57.2167]},"properties":{"r":139.63,"o":299,"n":"SUNCOR SAGD P16P9 FIREBAG  12-3-95-6","u":"00/12-03-095-06W4/0","f":1149,"y":2010,"d":1407}},{"type":"Feature","geometry":{"type":"Point","coordinates":[-113.82589,55.38144]},"properties":{"r":105.5,"o":306,"n":"TVE 13-4 HZ MARTENH 12-5-74-25","u":"00/12-05-074-25W4/0","f":8471,"y":2025,"d":2375}},{"type":"Feature","geometry":{"type":"Point","coordinates":[-111.22008,55.46955]},"properties":{"r":1269.76,"o":67,"n":"CNRL KN07-04P DEVENISH 12-5-75-8","u":"00/12-05-075-08W4/0","f":5737,"y":2023,"d":2507}},{"type":"Feature","geometry":{"type":"Point","coordinates":[-116.47975,55.81957]},"properties":{"r":217.02,"o":46,"n":"BAYTEX N720 HZ DAWSON 12-5-79-16","u":"00/12-05-079-16W5/0","f":10059,"y":2025,"d":3732}},{"type":"Feature","geometry":{"type":"Point","coordinates":[-110.30868,54.77198]},"properties":{"r":146.01,"o":67,"n":"CNRL 1A78 PRIMROSE 12-6-67-2","u":"00/12-06-067-02W4/0","f":11042,"y":2007,"d":1763}},{"type":"Feature","geometry":{"type":"Point","coordinates":[-114.15533,55.48563]},"properties":{"r":256.73,"o":144,"n":"HWX HZ MARTENH 12-7-75-1","u":"00/12-07-075-01W5/0","f":9573,"y":2024,"d":2377}},{"type":"Feature","geometry":{"type":"Point","coordinates":[-110.98013,57.22863]},"properties":{"r":885.1,"o":299,"n":"SUNCOR P111P15 FIREBAG 12-7-95-6","u":"00/12-07-095-06W4/0","f":1149,"y":2019,"d":1592}},{"type":"Feature","geometry":{"type":"Point","coordinates":[-110.88377,54.43657]},"properties":{"r":149.17,"o":67,"n":"CNRL 12A HZ LA COREY 12-8-63-6","u":"00/12-08-063-06W4/0","f":10642,"y":2025,"d":2174}},{"type":"Feature","geometry":{"type":"Point","coordinates":[-110.59975,55.66043]},"properties":{"r":583.92,"o":75,"n":"MEG DA1P HARDY 12-8-77-4","u":"00/12-08-077-04W4/0","f":1892,"y":2022,"d":1964}},{"type":"Feature","geometry":{"type":"Point","coordinates":[-116.31739,55.83354]},"properties":{"r":405.67,"o":46,"n":"BAYTEX N24 HZ DAWSON 12-8-79-15","u":"00/12-08-079-15W5/0","f":10775,"y":2025,"d":3856}},{"type":"Feature","geometry":{"type":"Point","coordinates":[-111.8566,56.0953]},"properties":{"r":822.87,"o":84,"n":"CLC 105 P04 DIVIDE 12-8-82-12","u":"00/12-08-082-12W4/2","f":3165,"y":2022,"d":2239}},{"type":"Feature","geometry":{"type":"Point","coordinates":[-110.72848,55.65746]},"properties":{"r":108.27,"o":75,"n":"MEG G3P HARDY 12-9-77-5","u":"00/12-09-077-05W4/0","f":1892,"y":2011,"d":1303}},{"type":"Feature","geometry":{"type":"Point","coordinates":[-116.3769,55.74531]},"properties":{"r":128.69,"o":46,"n":"BAYTEX W97 HZ HEARTR 12-11-78-16","u":"00/12-11-078-16W5/0","f":10285,"y":2024,"d":2871}},{"type":"Feature","geometry":{"type":"Point","coordinates":[-110.83948,57.22984]},"properties":{"r":731.71,"o":299,"n":"SUNCOR SAGD P3P7 STEEPBK 12-12-95-6","u":"00/12-12-095-06W4/0","f":1149,"y":2004,"d":1803}},{"type":"Feature","geometry":{"type":"Point","coordinates":[-114.02383,55.85005]},"properties":{"r":106.42,"o":293,"n":"SPL 9-15 MISTAHAE 12-13-79-1","u":"00/12-13-079-01W5/2","f":9509,"y":2025,"d":2546}},{"type":"Feature","geometry":{"type":"Point","coordinates":[-114.38524,55.58848]},"properties":{"r":155.32,"o":293,"n":"SPL 11-3 MARTENH 12-15-76-3","u":"00/12-15-076-03W5/4","f":10677,"y":2025,"d":3893}},{"type":"Feature","geometry":{"type":"Point","coordinates":[-116.40627,55.76173]},"properties":{"r":140.87,"o":46,"n":"BAYTEX S425 HZ HEARTR 12-15-78-16","u":"00/12-15-078-16W5/0","f":9500,"y":2024,"d":3642}},{"type":"Feature","geometry":{"type":"Point","coordinates":[-114.1047,55.50062]},"properties":{"r":169.99,"o":144,"n":"HWX HZ MARTENH 12-16-75-1","u":"00/12-16-075-01W5/0","f":10119,"y":2024,"d":3223}},{"type":"Feature","geometry":{"type":"Point","coordinates":[-110.97985,57.24285]},"properties":{"r":259.31,"o":299,"n":"SUNCOR P132P8 FIREBAG 12-18-95-6","u":"00/12-18-095-06W4/0","f":1149,"y":2023,"d":1832}},{"type":"Feature","geometry":{"type":"Point","coordinates":[-110.57912,54.20332]},"properties":{"r":228.42,"o":177,"n":"LINEUP HZ CHARLK 12-20-60-4","u":"00/12-20-060-04W4/0","f":10689,"y":2025,"d":2162}},{"type":"Feature","geometry":{"type":"Point","coordinates":[-111.05233,55.33997]},"properties":{"r":792.72,"o":67,"n":"CNRL F3P RE KIRBY 12-20-73-7","u":"00/12-20-073-07W4/2","f":3534,"y":2012,"d":1612}},{"type":"Feature","geometry":{"type":"Point","coordinates":[-116.45341,55.77558]},"properties":{"r":127.16,"o":46,"n":"BAYTEX HZ N725 PEAVINE 12-20-78-16","u":"00/12-20-078-16W5/0","f":9283,"y":2024,"d":2455}},{"type":"Feature","geometry":{"type":"Point","coordinates":[-110.88164,55.60234]},"properties":{"r":1005.32,"o":75,"n":"CVE M17P07 LEISMER 12-21-76-6","u":"00/12-21-076-06W4/3","f":934,"y":2023,"d":1992}},{"type":"Feature","geometry":{"type":"Point","coordinates":[-110.52386,53.76709]},"properties":{"r":115.25,"o":67,"n":"CNRL 12B HZ LIND 12-22-55-4","u":"00/12-22-055-04W4/0","f":10390,"y":2025,"d":1898}},{"type":"Feature","geometry":{"type":"Point","coordinates":[-113.74911,55.4281]},"properties":{"r":140.47,"o":144,"n":"HWX MARTENH 12-23-74-25","u":"00/12-23-074-25W4/0","f":8565,"y":2021,"d":2559}},{"type":"Feature","geometry":{"type":"Point","coordinates":[-116.34979,55.79066]},"properties":{"r":186.16,"o":46,"n":"BAYTEX W80 HZ PEAVINE 12-25-78-16","u":"00/12-25-078-16W5/6","f":9726,"y":2024,"d":2375}},{"type":"Feature","geometry":{"type":"Point","coordinates":[-116.55229,56.31305]},"properties":{"r":224.71,"o":67,"n":"CNUL CLIFFD 12-25-84-17","u":"00/12-25-084-17W5/0","f":7349,"y":2015,"d":2257}},{"type":"Feature","geometry":{"type":"Point","coordinates":[-113.74863,55.35459]},"properties":{"r":246.41,"o":293,"n":"SPL 12-27 HZ MARTENH 12-26-73-25","u":"00/12-26-073-25W4/0","f":7981,"y":2021,"d":1903}},{"type":"Feature","geometry":{"type":"Point","coordinates":[-110.53478,54.82844]},"properties":{"r":251.13,"o":67,"n":"CNRL 16A22 PRIMROSE 12-27-67-4","u":"00/12-27-067-04W4/0","f":11042,"y":2010,"d":2676}},{"type":"Feature","geometry":{"type":"Point","coordinates":[-110.85279,54.39201]},"properties":{"r":321.74,"o":67,"n":"CNRL 12B HZ FORSYTH 12-28-62-6","u":"00/12-28-062-06W4/0","f":10770,"y":2025,"d":2129}},{"type":"Feature","geometry":{"type":"Point","coordinates":[-113.39692,56.05326]},"properties":{"r":164.98,"o":67,"n":"CS HZNTL BRINTNELL 12-28-81-22","u":"00/12-28-081-22W4/0","f":4628,"y":1997,"d":3000}},{"type":"Feature","geometry":{"type":"Point","coordinates":[-110.44968,54.40777]},"properties":{"r":138.04,"o":66,"n":"CALTEX TRILOGY KENT 12-31-62-3","u":"00/12-31-062-03W4/8","f":10365,"y":2026,"d":2410}},{"type":"Feature","geometry":{"type":"Point","coordinates":[-110.56181,54.84259]},"properties":{"r":303.99,"o":67,"n":"CNRL 18A23 PRIMROSE 12-33-67-4","u":"00/12-33-067-04W4/0","f":11042,"y":2010,"d":2769}},{"type":"Feature","geometry":{"type":"Point","coordinates":[-115.97934,56.06842]},"properties":{"r":241.8,"o":162,"n":"ISLANDER LL 20 SEAL 12-33-81-13","u":"00/12-33-081-13W5/0","f":9585,"y":2023,"d":1914}},{"type":"Feature","geometry":{"type":"Point","coordinates":[-110.38129,54.84346]},"properties":{"r":519.29,"o":67,"n":"CNRL 25A93 MOORE 12-34-67-3","u":"00/12-34-067-03W4/0","f":11042,"y":2024,"d":2255}},{"type":"Feature","geometry":{"type":"Point","coordinates":[-110.92977,54.40766]},"properties":{"r":165.74,"o":67,"n":"CNRL 12B HZ FORSYTH 12-36-62-7","u":"00/12-36-062-07W4/0","f":10241,"y":2024,"d":2401}},{"type":"Feature","geometry":{"type":"Point","coordinates":[-110.80576,55.5592]},"properties":{"r":428.63,"o":75,"n":"CVE J07P05 KIRBY 13-1-76-6","u":"00/13-01-076-06W4/2","f":934,"y":2015,"d":1637}},{"type":"Feature","geometry":{"type":"Point","coordinates":[-110.97847,56.43225]},"properties":{"r":105.84,"o":80,"n":"CNOOC 19P02 NEWBY 13-1-86-7","u":"00/13-01-086-07W4/0","f":2026,"y":2023,"d":1915}},{"type":"Feature","geometry":{"type":"Point","coordinates":[-110.35247,54.16563]},"properties":{"r":194.73,"o":46,"n":"BAYTEX HZ S85 CHARLK 13-2-60-3","u":"00/13-02-060-03W4/4","f":10594,"y":2025,"d":2008}},{"type":"Feature","geometry":{"type":"Point","coordinates":[-115.92862,55.99869]},"properties":{"r":107.43,"o":162,"n":"ISLANDER SEAL 13-2-81-13","u":"00/13-02-081-13W5/0","f":10303,"y":2025,"d":2581}},{"type":"Feature","geometry":{"type":"Point","coordinates":[-113.55306,55.82381]},"properties":{"r":307.05,"o":67,"n":"CNRL DWP13 WM1 PELICAN 13-4-79-23","u":"00/13-04-079-23W4/2","f":10902,"y":2025,"d":3292}},{"type":"Feature","geometry":{"type":"Point","coordinates":[-110.58964,54.94783]},"properties":{"r":386.91,"o":67,"n":"CNRL 18A160 FISHER 13-5-69-4","u":"00/13-05-069-04W4/0","f":11042,"y":2022,"d":2800}},{"type":"Feature","geometry":{"type":"Point","coordinates":[-113.67189,55.30073]},"properties":{"r":107.07,"o":67,"n":"CNRL HZ SMITH 13-5-73-24","u":"00/13-05-073-24W4/0","f":9423,"y":2022,"d":2693}},{"type":"Feature","geometry":{"type":"Point","coordinates":[-114.13016,55.4745]},"properties":{"r":151.02,"o":144,"n":"HWX HZ MARTENH 13-5-75-1","u":"00/13-05-075-01W5/3","f":10963,"y":2026,"d":2429}},{"type":"Feature","geometry":{"type":"Point","coordinates":[-116.47978,55.82242]},"properties":{"r":192.43,"o":46,"n":"BAYTEX S742 HZ DAWSON 13-5-79-16","u":"00/13-05-079-16W5/0","f":10059,"y":2025,"d":3977}},{"type":"Feature","geometry":{"type":"Point","coordinates":[-110.62138,55.64917]},"properties":{"r":526.1,"o":75,"n":"MEG DG1P HARDY 13-6-77-4","u":"00/13-06-077-04W4/0","f":1892,"y":2021,"d":1664}},{"type":"Feature","geometry":{"type":"Point","coordinates":[-114.15596,55.48808]},"properties":{"r":148.54,"o":144,"n":"HWX HZ MARTENH 13-7-75-1","u":"00/13-07-075-01W5/0","f":9573,"y":2024,"d":2645}},{"type":"Feature","geometry":{"type":"Point","coordinates":[-110.58959,54.96241]},"properties":{"r":213.06,"o":67,"n":"CNRL 20A161 FISHER 13-8-69-4","u":"00/13-08-069-04W4/0","f":11042,"y":2022,"d":2720}},{"type":"Feature","geometry":{"type":"Point","coordinates":[-110.60036,55.66092]},"properties":{"r":396.32,"o":75,"n":"MEG DG8P HARDY 13-8-77-4","u":"00/13-08-077-04W4/0","f":1892,"y":2021,"d":1970}},{"type":"Feature","geometry":{"type":"Point","coordinates":[-110.56992,55.14008]},"properties":{"r":1040.84,"o":75,"n":"CVE N28P03 FISHER 13-9-71-4","u":"00/13-09-071-04W4/0","f":10927,"y":2025,"d":1877}},{"type":"Feature","geometry":{"type":"Point","coordinates":[-113.77454,55.31312]},"properties":{"r":113.89,"o":67,"n":"CNRL HZ SMITH 13-10-73-25","u":"00/13-10-073-25W4/0","f":9422,"y":2021,"d":2298}},{"type":"Feature","geometry":{"type":"Point","coordinates":[-113.74696,55.31322]},"properties":{"r":123.47,"o":67,"n":"CNRL HZ SMITH 13-11-73-25","u":"00/13-11-073-25W4/0","f":9422,"y":2024,"d":1365}},{"type":"Feature","geometry":{"type":"Point","coordinates":[-116.37979,55.75187]},"properties":{"r":110.49,"o":46,"n":"BAYTEX S630 HZ HEARTR 13-11-78-16","u":"00/13-11-078-16W5/2","f":9500,"y":2024,"d":2436}},{"type":"Feature","geometry":{"type":"Point","coordinates":[-110.3252,54.18044]},"properties":{"r":148.52,"o":46,"n":"BAYTEX HZ E200 CHARLK 13-12-60-3","u":"00/13-12-060-03W4/0","f":10594,"y":2025,"d":1963}},{"type":"Feature","geometry":{"type":"Point","coordinates":[-116.39836,56.18769]},"properties":{"r":106.19,"o":144,"n":"HWX HZ SEAL 13-12-83-16","u":"00/13-12-083-16W5/0","f":10367,"y":2025,"d":2979}},{"type":"Feature","geometry":{"type":"Point","coordinates":[-112.10299,56.79538]},"properties":{"r":162.11,"o":233,"n":"MACOP AE01P CRKD RPS 13-12-90-14","u":"00/13-12-090-14W4/0","f":6448,"y":2013,"d":1355}},{"type":"Feature","geometry":{"type":"Point","coordinates":[-113.44645,55.7632]},"properties":{"r":528.95,"o":67,"n":"CNRL DWP27-WM1 DRIFTW 13-13-78-23","u":"00/13-13-078-23W4/0","f":10772,"y":2025,"d":2248}},{"type":"Feature","geometry":{"type":"Point","coordinates":[-110.37939,54.26831]},"properties":{"r":114.1,"o":118,"n":"CLFN HZ KENT 13-15-61-3","u":"00/13-15-061-03W4/0","f":10929,"y":2026,"d":1309}},{"type":"Feature","geometry":{"type":"Point","coordinates":[-114.38844,55.58895]},"properties":{"r":123.09,"o":293,"n":"SPL 16-14 MARTENH 13-15-76-3","u":"00/13-15-076-03W5/0","f":10768,"y":2025,"d":3533}},{"type":"Feature","geometry":{"type":"Point","coordinates":[-110.4049,54.19194]},"properties":{"r":167.83,"o":46,"n":"BAYTEX HZ S745 CHARLK 13-16-60-3","u":"00/13-16-060-03W4/2","f":10883,"y":2026,"d":2363}},{"type":"Feature","geometry":{"type":"Point","coordinates":[-116.66082,56.20259]},"properties":{"r":112.27,"o":218,"n":"OBE 100 HZ 13-17-83-17","u":"00/13-17-083-17W5/9","f":10338,"y":2025,"d":2459}},{"type":"Feature","geometry":{"type":"Point","coordinates":[-111.11034,57.24637]},"properties":{"r":220.81,"o":75,"n":"CVE BA05-1 STEEPBK 13-17-95-7","u":"00/13-17-095-07W4/0","f":5519,"y":2024,"d":1417}},{"type":"Feature","geometry":{"type":"Point","coordinates":[-116.68315,56.20255]},"properties":{"r":134.16,"o":218,"n":"OBE 100 HZ SEAL HV SOUTH 13-18-83-17","u":"00/13-18-083-17W5/9","f":10498,"y":2025,"d":2385}},{"type":"Feature","geometry":{"type":"Point","coordinates":[-113.44981,55.95405]},"properties":{"r":144.73,"o":67,"n":"CNRES SBP 38-13C BRINT 13-19-80-22","u":"00/13-19-080-22W4/0","f":4628,"y":2000,"d":2406}},{"type":"Feature","geometry":{"type":"Point","coordinates":[-110.58486,54.46997]},"properties":{"r":207.35,"o":67,"n":"CNRL 13C HZ FT KENT 13-20-63-4","u":"00/13-20-063-04W4/0","f":10913,"y":2026,"d":2212}},{"type":"Feature","geometry":{"type":"Point","coordinates":[-116.45777,55.78002]},"properties":{"r":145.4,"o":46,"n":"BAYTEX HZ N788 PEAVINE 13-20-78-16","u":"00/13-20-078-16W5/0","f":9283,"y":2024,"d":2335}},{"type":"Feature","geometry":{"type":"Point","coordinates":[-110.55851,54.47109]},"properties":{"r":142.3,"o":67,"n":"CNRL 13C HZ FT KENT 13-21-63-4","u":"00/13-21-063-04W4/0","f":9970,"y":2024,"d":1779}},{"type":"Feature","geometry":{"type":"Point","coordinates":[-110.87956,55.60477]},"properties":{"r":1884.34,"o":75,"n":"CVE M17P04 LEISMER 13-21-76-6","u":"00/13-21-076-06W4/0","f":934,"y":2023,"d":2024}},{"type":"Feature","geometry":{"type":"Point","coordinates":[-116.92295,55.95258]},"properties":{"r":184.92,"o":218,"n":"OBE 100 HZ DAWSON 13-21-80-19","u":"00/13-21-080-19W5/9","f":10874,"y":2026,"d":1852}},{"type":"Feature","geometry":{"type":"Point","coordinates":[-110.52402,53.77283]},"properties":{"r":115.04,"o":67,"n":"CNRL 13C HZ LIND 13-22-55-4","u":"00/13-22-055-04W4/0","f":10390,"y":2025,"d":1777}},{"type":"Feature","geometry":{"type":"Point","coordinates":[-116.40352,55.77904]},"properties":{"r":122.55,"o":46,"n":"BAYTEX S426 HZ PEAVINE 13-22-78-16","u":"00/13-22-078-16W5/0","f":9726,"y":2023,"d":3578}},{"type":"Feature","geometry":{"type":"Point","coordinates":[-111.00569,55.3571]},"properties":{"r":1345.2,"o":67,"n":"CNRL G 12P KIRBY 13-27-73-7","u":"00/13-27-073-07W4/0","f":3534,"y":2025,"d":2334}},{"type":"Feature","geometry":{"type":"Point","coordinates":[-113.6172,55.3586]},"properties":{"r":256.64,"o":293,"n":"SPL 10-29 HZ MARTENH 13-27-73-24","u":"00/13-27-073-24W4/0","f":7981,"y":2021,"d":3166}},{"type":"Feature","geometry":{"type":"Point","coordinates":[-113.52621,56.05499]},"properties":{"r":116.53,"o":67,"n":"CNRES WBP14-13B BRINT 13-27-81-23","u":"00/13-27-081-23W4/0","f":4628,"y":2002,"d":3119}},{"type":"Feature","geometry":{"type":"Point","coordinates":[-113.79775,55.35635]},"properties":{"r":209.2,"o":293,"n":"SPL 3-4 MARTENH 13-28-73-25","u":"00/13-28-073-25W4/0","f":7981,"y":2025,"d":2693}},{"type":"Feature","geometry":{"type":"Point","coordinates":[-110.90144,54.39643]},"properties":{"r":107.95,"o":67,"n":"CNRL 13A HZ FORSYTH 13-30-62-6","u":"00/13-30-062-06W4/0","f":9671,"y":2023,"d":2415}},{"type":"Feature","geometry":{"type":"Point","coordinates":[-110.94756,56.4031]},"properties":{"r":388.79,"o":80,"n":"NEXEN OPTI 07P06 NEWBY 13-30-85-6","u":"00/13-30-085-06W4/0","f":2026,"y":2005,"d":1362}},{"type":"Feature","geometry":{"type":"Point","coordinates":[-113.69449,55.46018]},"properties":{"r":183.41,"o":144,"n":"HWX MARTENH 13-31-74-24","u":"00/13-31-074-24W4/0","f":8565,"y":2019,"d":3242}},{"type":"Feature","geometry":{"type":"Point","coordinates":[-115.72257,55.89639]},"properties":{"r":161.92,"o":79,"n":"CLEAR NORTH 100 HZ GIFT 13-31-79-11","u":"00/13-31-079-11W5/0","f":9856,"y":2026,"d":2210}},{"type":"Feature","geometry":{"type":"Point","coordinates":[-110.92541,56.41835]},"properties":{"r":446.53,"o":80,"n":"NEXEN OPTI 02P06 NEWBY 13-32-85-6","u":"00/13-32-085-06W4/0","f":2026,"y":2004,"d":1259}},{"type":"Feature","geometry":{"type":"Point","coordinates":[-113.77483,55.46019]},"properties":{"r":148.27,"o":144,"n":"HWX MARTENH 13-34-74-25","u":"00/13-34-074-25W4/0","f":8565,"y":2019,"d":2656}},{"type":"Feature","geometry":{"type":"Point","coordinates":[-110.80252,54.41061]},"properties":{"r":439.17,"o":67,"n":"CNRL 13B HZ FORSYTH 13-35-62-6","u":"00/13-35-062-06W4/0","f":10771,"y":2025,"d":2147}},{"type":"Feature","geometry":{"type":"Point","coordinates":[-115.90398,55.98425]},"properties":{"r":396.97,"o":162,"n":"ISLANDER HR 18 SEAL 13-36-80-13","u":"00/13-36-080-13W5/0","f":10884,"y":2026,"d":2458}},{"type":"Feature","geometry":{"type":"Point","coordinates":[-113.71487,55.38458]},"properties":{"r":153.83,"o":293,"n":"SPL 13-12 MARTENH 14-1-74-25","u":"00/14-01-074-25W4/0","f":7877,"y":2023,"d":2401}},{"type":"Feature","geometry":{"type":"Point","coordinates":[-110.95419,55.56087]},"properties":{"r":783.27,"o":142,"n":"HARVEST HZ 102 P6 LEISMER 14-1-76-7","u":"00/14-01-076-07W4/0","f":5421,"y":2011,"d":1565}},{"type":"Feature","geometry":{"type":"Point","coordinates":[-110.9732,56.4321]},"properties":{"r":355.63,"o":80,"n":"CNOOC 19P05 NEWBY 14-1-86-7","u":"00/14-01-086-07W4/0","f":2026,"y":2023,"d":1951}},{"type":"Feature","geometry":{"type":"Point","coordinates":[-110.70169,54.68732]},"properties":{"r":145.06,"o":67,"n":"CNRL D9L1 WOLF LAKE 14-4-66-5","u":"00/14-04-066-05W4/0","f":11042,"y":2000,"d":1453}},{"type":"Feature","geometry":{"type":"Point","coordinates":[-116.31732,55.82503]},"properties":{"r":470.08,"o":46,"n":"BAYTEX S20 HZ DAWSON 14-5-79-15","u":"00/14-05-079-15W5/3","f":10775,"y":2025,"d":3121}},{"type":"Feature","geometry":{"type":"Point","coordinates":[-110.80607,57.21802]},"properties":{"r":1254.17,"o":299,"n":"SUNCOR SAGD P3P1 STEEPBK 14-6-95-5","u":"00/14-06-095-05W4/0","f":1149,"y":2004,"d":1722}},{"type":"Feature","geometry":{"type":"Point","coordinates":[-116.33713,55.83973]},"properties":{"r":443.79,"o":46,"n":"BAYTEX N135 HZ DAWSON 14-7-79-15","u":"00/14-07-079-15W5/2","f":10775,"y":2025,"d":3993}},{"type":"Feature","geometry":{"type":"Point","coordinates":[-113.4413,56.01241]},"properties":{"r":108.31,"o":67,"n":"CNRES WBP40-14C BRINTNELL 14-7-81-22","u":"00/14-07-081-22W4/0","f":4628,"y":2000,"d":2334}},{"type":"Feature","geometry":{"type":"Point","coordinates":[-110.94094,56.44884]},"properties":{"r":480.94,"o":80,"n":"NEXEN OPTI 12P01 NEWBY 14-7-86-6","u":"00/14-07-086-06W4/0","f":2026,"y":2011,"d":1070}},{"type":"Feature","geometry":{"type":"Point","coordinates":[-110.5628,55.13899]},"properties":{"r":1255.21,"o":75,"n":"CVE N28P05 FISHER 14-9-71-4","u":"00/14-09-071-04W4/0","f":10927,"y":2025,"d":1592}},{"type":"Feature","geometry":{"type":"Point","coordinates":[-110.88877,57.2338]},"properties":{"r":652.61,"o":299,"n":"SUNCOR SAGD P5P1 FIREBAG 6-10-95-6","u":"00/14-10-095-06W4/2","f":1149,"y":2005,"d":1668}},{"type":"Feature","geometry":{"type":"Point","coordinates":[-110.3237,54.1802]},"properties":{"r":129.36,"o":46,"n":"BAYTEX HZ E335 CHARLK 14-12-60-3","u":"00/14-12-060-03W4/3","f":10594,"y":2025,"d":1939}},{"type":"Feature","geometry":{"type":"Point","coordinates":[-113.71326,55.31431]},"properties":{"r":149.74,"o":67,"n":"CNRL HZ SMITH 14-12-73-25","u":"00/14-12-073-25W4/0","f":9381,"y":2024,"d":2448}},{"type":"Feature","geometry":{"type":"Point","coordinates":[-112.0973,56.79862]},"properties":{"r":110.37,"o":233,"n":"MACOP AE05P CRKD RPS 14-12-90-14","u":"00/14-12-090-14W4/0","f":6448,"y":2013,"d":1326}},{"type":"Feature","geometry":{"type":"Point","coordinates":[-111.74365,56.11295]},"properties":{"r":384.98,"o":84,"n":"CLC 203 P10 DIVIDE 14-13-82-12","u":"00/14-13-082-12W4/0","f":3166,"y":2021,"d":2178}},{"type":"Feature","geometry":{"type":"Point","coordinates":[-110.99634,56.20168]},"properties":{"r":257.06,"o":85,"n":"COPRC 101P01STRD RESDELN 14-14-83-7","u":"00/14-14-083-07W4/2","f":3130,"y":2008,"d":1716}},{"type":"Feature","geometry":{"type":"Point","coordinates":[-110.81865,54.36915]},"properties":{"r":319.21,"o":66,"n":"CALTEX TRILOGY FORSYTH 14-15-62-6","u":"00/14-15-062-06W4/0","f":10725,"y":2025,"d":2185}},{"type":"Feature","geometry":{"type":"Point","coordinates":[-114.38108,55.58852]},"properties":{"r":116.99,"o":293,"n":"SPL 11-3 MARTENH 14-15-76-3","u":"00/14-15-076-03W5/0","f":10677,"y":2025,"d":3800}},{"type":"Feature","geometry":{"type":"Point","coordinates":[-113.36245,55.85251]},"properties":{"r":125.5,"o":67,"n":"CNRL PRP6-14D-C PEERLESS 14-15-79-22","u":"00/14-15-079-22W4/2","f":4628,"y":2012,"d":3109}},{"type":"Feature","geometry":{"type":"Point","coordinates":[-110.89324,57.24956]},"properties":{"r":319.58,"o":299,"n":"SUNCOR P121P6 FIREBAG 14-15-95-6","u":"00/14-15-095-06W4/0","f":1149,"y":2018,"d":1758}},{"type":"Feature","geometry":{"type":"Point","coordinates":[-110.87106,54.3667]},"properties":{"r":174.71,"o":67,"n":"CNRL 14B HZ FORSYTH 14-17-62-6","u":"00/14-17-062-06W4/0","f":10588,"y":2025,"d":1834}},{"type":"Feature","geometry":{"type":"Point","coordinates":[-116.65477,56.20258]},"properties":{"r":109.51,"o":218,"n":"OBE 100 HZ 14-17-83-17","u":"00/14-17-083-17W5/9","f":10338,"y":2024,"d":2520}},{"type":"Feature","geometry":{"type":"Point","coordinates":[-116.67899,56.20115]},"properties":{"r":152.07,"o":218,"n":"OBE 100 HZ SEAL HV SOUTH 14-18-83-17","u":"00/14-18-083-17W5/9","f":10498,"y":2025,"d":2300}},{"type":"Feature","geometry":{"type":"Point","coordinates":[-111.13032,54.55592]},"properties":{"r":160.35,"o":67,"n":"CNRL 14A SUGDEN 14-22-64-8","u":"00/14-22-064-08W4/0","f":10206,"y":2024,"d":564}},{"type":"Feature","geometry":{"type":"Point","coordinates":[-116.40016,55.78047]},"properties":{"r":100.05,"o":46,"n":"BAYTEX N208 HZ PEAVINE 14-22-78-16","u":"00/14-22-078-16W5/0","f":8737,"y":2023,"d":3645}},{"type":"Feature","geometry":{"type":"Point","coordinates":[-113.92615,55.51573]},"properties":{"r":165.07,"o":306,"n":"TVE 4-30 HZ MARTENH 14-23-75-26","u":"00/14-23-075-26W4/0","f":8471,"y":2023,"d":3581}},{"type":"Feature","geometry":{"type":"Point","coordinates":[-110.83559,56.21668]},"properties":{"r":286.37,"o":85,"n":"COPRC HZ 2642P04STK NEWBY 14-23-83-6","u":"00/14-23-083-06W4/2","f":3130,"y":2012,"d":1532}},{"type":"Feature","geometry":{"type":"Point","coordinates":[-110.35235,54.74491]},"properties":{"r":159.97,"o":153,"n":"IMP 24 N03-H01ST LEMING 14-26-66-3","u":"00/14-26-066-03W4/2","f":3827,"y":2012,"d":1883}},{"type":"Feature","geometry":{"type":"Point","coordinates":[-111.0,55.35818]},"properties":{"r":1456.97,"o":67,"n":"CNRL G 16P KIRBY 14-27-73-7","u":"00/14-27-073-07W4/0","f":3534,"y":2025,"d":2646}},{"type":"Feature","geometry":{"type":"Point","coordinates":[-113.79021,55.35586]},"properties":{"r":204.08,"o":293,"n":"SPL 3-4 MARTENH 14-28-73-25","u":"00/14-28-073-25W4/0","f":7981,"y":2025,"d":2618}},{"type":"Feature","geometry":{"type":"Point","coordinates":[-110.57421,54.74572]},"properties":{"r":180.06,"o":153,"n":"IMP 08 H68-H01 COLD LK 14-29-66-4","u":"00/14-29-066-04W4/0","f":295,"y":2009,"d":1848}},{"type":"Feature","geometry":{"type":"Point","coordinates":[-110.37577,54.58714]},"properties":{"r":151.23,"o":153,"n":"IMP 01 V01-13 COLDLK 14-34-64-3","u":"00/14-34-064-03W4/0","f":3127,"y":2002,"d":700}},{"type":"Feature","geometry":{"type":"Point","coordinates":[-110.52536,54.67443]},"properties":{"r":111.35,"o":153,"n":"IMP 95 H23-01 COLDLK 14-34-65-4","u":"00/14-34-065-04W4/0","f":295,"y":1995,"d":651}},{"type":"Feature","geometry":{"type":"Point","coordinates":[-113.7675,55.373]},"properties":{"r":115.63,"o":293,"n":"SPL 10-27 HZ MARTENH 14-34-73-25","u":"00/14-34-073-25W4/2","f":7981,"y":2023,"d":2886}},{"type":"Feature","geometry":{"type":"Point","coordinates":[-110.83919,56.24285]},"properties":{"r":2064.48,"o":85,"n":"COPRC 2622P11STRD NEWBY 14-35-83-6","u":"00/14-35-083-06W4/2","f":3130,"y":2014,"d":1906}},{"type":"Feature","geometry":{"type":"Point","coordinates":[-110.85239,57.20365]},"properties":{"r":1313.21,"o":299,"n":"SUNCOR 7P9B FIREBAG 14-35-94-6","u":"00/14-35-094-06W4/2","f":1149,"y":2006,"d":1551}},{"type":"Feature","geometry":{"type":"Point","coordinates":[-110.62704,54.94804]},"properties":{"r":203.73,"o":67,"n":"CNRL 23A162 FISHER 15-1-69-5","u":"00/15-01-069-05W4/0","f":11042,"y":2023,"d":3134}},{"type":"Feature","geometry":{"type":"Point","coordinates":[-110.86851,55.56152]},"properties":{"r":477.65,"o":67,"n":"CNRL R1P LEISMER 15-4-76-6","u":"00/15-04-076-06W4/0","f":2037,"y":2017,"d":1833}},{"type":"Feature","geometry":{"type":"Point","coordinates":[-110.89213,55.56176]},"properties":{"r":405.38,"o":67,"n":"CNRL EX8P LEISMER 15-5-76-6","u":"00/15-05-076-06W4/0","f":2037,"y":2017,"d":1716}},{"type":"Feature","geometry":{"type":"Point","coordinates":[-116.332,55.83974]},"properties":{"r":410.24,"o":46,"n":"BAYTEX N107 HZ DAWSON 15-7-79-15","u":"00/15-07-079-15W5/2","f":10775,"y":2025,"d":4118}},{"type":"Feature","geometry":{"type":"Point","coordinates":[-110.65735,53.83084]},"properties":{"r":106.4,"o":67,"n":"CNRL 15D HZ LIND 15-10-56-5","u":"00/15-10-056-05W4/0","f":10341,"y":2025,"d":2201}},{"type":"Feature","geometry":{"type":"Point","coordinates":[-110.80082,55.0502]},"properties":{"r":897.95,"o":75,"n":"CVE W41P05 FISHER 15-11-70-6","u":"00/15-11-070-06W4/2","f":10927,"y":2025,"d":1504}},{"type":"Feature","geometry":{"type":"Point","coordinates":[-110.80826,56.18599]},"properties":{"r":589.86,"o":85,"n":"COPRC 2673P11 NEWBY 15-12-83-6","u":"00/15-12-083-06W4/0","f":3130,"y":2022,"d":1702}},{"type":"Feature","geometry":{"type":"Point","coordinates":[-110.34592,54.80516]},"properties":{"r":120.85,"o":67,"n":"CNRL 25A90 PRIMROSE 15-14-67-3","u":"00/15-14-067-03W4/0","f":11042,"y":2011,"d":1729}},{"type":"Feature","geometry":{"type":"Point","coordinates":[-112.11263,56.81312]},"properties":{"r":496.24,"o":233,"n":"MACOP AJ01P CRKD RPS 15-14-90-14","u":"00/15-14-090-14W4/2","f":6448,"y":2012,"d":1335}},{"type":"Feature","geometry":{"type":"Point","coordinates":[-110.44247,54.29514]},"properties":{"r":226.75,"o":177,"n":"LINEUP HZ FT KENT 15-19-61-3","u":"00/15-19-061-03W4/9","f":10070,"y":2024,"d":1910}},{"type":"Feature","geometry":{"type":"Point","coordinates":[-110.57013,54.47051]},"properties":{"r":123.49,"o":67,"n":"CNRL 15C HZ FT KENT 15-20-63-4","u":"00/15-20-063-04W4/0","f":9970,"y":2024,"d":1840}},{"type":"Feature","geometry":{"type":"Point","coordinates":[-110.74131,55.6906]},"properties":{"r":819.75,"o":75,"n":"MEG AH3P HARDY 15-20-77-5","u":"00/15-20-077-05W4/0","f":1892,"y":2018,"d":1716}},{"type":"Feature","geometry":{"type":"Point","coordinates":[-111.12485,54.55533]},"properties":{"r":112.84,"o":67,"n":"CNRL 15B SUGDEN 15-22-64-8","u":"00/15-22-064-08W4/0","f":10206,"y":2024,"d":455}},{"type":"Feature","geometry":{"type":"Point","coordinates":[-110.46275,53.78633]},"properties":{"r":150.31,"o":66,"n":"CALTEX TRILOGY LIND 15-25-55-4","u":"00/15-25-055-04W4/5","f":10727,"y":2025,"d":2096}},{"type":"Feature","geometry":{"type":"Point","coordinates":[-110.34522,54.7471]},"properties":{"r":224.84,"o":153,"n":"IMP 12 HZ N02-H19 COLD LK 15-26-66-3","u":"00/15-26-066-03W4/0","f":3827,"y":2012,"d":1876}},{"type":"Feature","geometry":{"type":"Point","coordinates":[-111.01334,55.35635]},"properties":{"r":234.78,"o":67,"n":"CNRL G 4P KIRBY 15-28-73-7","u":"00/15-28-073-07W4/0","f":3534,"y":2013,"d":1800}},{"type":"Feature","geometry":{"type":"Point","coordinates":[-110.882,56.23042]},"properties":{"r":1137.74,"o":85,"n":"COPRC HZ2631P3STK RESDELN 15-28-83-6","u":"00/15-28-083-06W4/3","f":3130,"y":2012,"d":2023}},{"type":"Feature","geometry":{"type":"Point","coordinates":[-110.58754,55.6348]},"properties":{"r":1021.55,"o":75,"n":"MEG MD8P HARDY 15-32-76-4","u":"00/15-32-076-04W4/0","f":1892,"y":2024,"d":1983}},{"type":"Feature","geometry":{"type":"Point","coordinates":[-110.84561,57.20361]},"properties":{"r":1093.36,"o":299,"n":"SUNCOR P8P4PB FIREBAG 15-35-94-6","u":"00/15-35-094-06W4/2","f":1149,"y":2006,"d":1521}},{"type":"Feature","geometry":{"type":"Point","coordinates":[-110.62728,55.64756]},"properties":{"r":649.09,"o":75,"n":"MEG DA10P HARDY 16-1-77-5","u":"00/16-01-077-05W4/0","f":1892,"y":2022,"d":1650}},{"type":"Feature","geometry":{"type":"Point","coordinates":[-113.75817,55.47485]},"properties":{"r":964.62,"o":306,"n":"DELTASTREAM HZ MARTENH 16-2-75-25","u":"00/16-02-075-25W4/0","f":8471,"y":2018,"d":2292}},{"type":"Feature","geometry":{"type":"Point","coordinates":[-113.47757,55.82154]},"properties":{"r":367.95,"o":67,"n":"CNRL DWP13 EM1 PEERLESS 16-2-79-23","u":"00/16-02-079-23W4/0","f":10902,"y":2026,"d":2236}},{"type":"Feature","geometry":{"type":"Point","coordinates":[-110.35625,54.16246]},"properties":{"r":123.53,"o":46,"n":"BAYTEX HZ S750 CHARLK 16-3-60-3","u":"00/16-03-060-03W4/0","f":10243,"y":2025,"d":1803}},{"type":"Feature","geometry":{"type":"Point","coordinates":[-110.83961,55.56016]},"properties":{"r":562.56,"o":75,"n":"CVE FCCL G09P01 KIRBY 16-3-76-6","u":"00/16-03-076-06W4/3","f":934,"y":2018,"d":2087}},{"type":"Feature","geometry":{"type":"Point","coordinates":[-116.9051,56.17092]},"properties":{"r":116.05,"o":218,"n":"OBE 100 HZ 16-3-83-19","u":"00/16-03-083-19W5/9","f":10812,"y":2025,"d":2274}},{"type":"Feature","geometry":{"type":"Point","coordinates":[-110.86804,54.42575]},"properties":{"r":267.27,"o":67,"n":"CNRL 16B HZ LA COREY 16-5-63-6","u":"00/16-05-063-06W4/0","f":10741,"y":2025,"d":1979}},{"type":"Feature","geometry":{"type":"Point","coordinates":[-110.58304,54.34012]},"properties":{"r":132.67,"o":67,"n":"CNRL 16D HZ FT KENT 16-6-62-4","u":"00/16-06-062-04W4/0","f":10596,"y":2025,"d":2423}},{"type":"Feature","geometry":{"type":"Point","coordinates":[-111.91277,57.04619]},"properties":{"r":563.42,"o":299,"n":"SUNCOR 751P17 DOVER 16-6-93-12","u":"00/16-06-093-12W4/0","f":926,"y":2012,"d":1403}},{"type":"Feature","geometry":{"type":"Point","coordinates":[-110.79426,57.21789]},"properties":{"r":782.68,"o":299,"n":"SUNCOR P109P1 FIREBAG  16-6-95-5","u":"00/16-06-095-05W4/0","f":1149,"y":2013,"d":1720}},{"type":"Feature","geometry":{"type":"Point","coordinates":[-116.32744,55.83971]},"properties":{"r":400.39,"o":46,"n":"BAYTEX N83 HZ DAWSON 16-7-79-15","u":"00/16-07-079-15W5/0","f":10775,"y":2025,"d":4207}},{"type":"Feature","geometry":{"type":"Point","coordinates":[-110.90429,57.23367]},"properties":{"r":155.06,"o":299,"n":"SUNCOR SAGD P6P1 FIREBAG 16-9-95-6","u":"00/16-09-095-06W4/0","f":1149,"y":2008,"d":1716}},{"type":"Feature","geometry":{"type":"Point","coordinates":[-116.58515,56.27207]},"properties":{"r":167.81,"o":46,"n":"BAYTEX N43 HZ CADOTTE 16-10-84-17","u":"00/16-10-084-17W5/0","f":10442,"y":2025,"d":2065}},{"type":"Feature","geometry":{"type":"Point","coordinates":[-110.45839,54.17994]},"properties":{"r":126.84,"o":66,"n":"CALTEX TRILOGY 100 CHARLK 16-12-60-4","u":"00/16-12-060-04W4/0","f":10311,"y":2024,"d":1952}},{"type":"Feature","geometry":{"type":"Point","coordinates":[-110.63132,54.19323]},"properties":{"r":127.52,"o":66,"n":"CALTEX MURIELLK 16-14-60-5","u":"00/16-14-060-05W4/9","f":10726,"y":2026,"d":2315}},{"type":"Feature","geometry":{"type":"Point","coordinates":[-110.49211,54.80231]},"properties":{"r":362.44,"o":67,"n":"CNRL 3C28 PRIMROSE 16-14-67-4","u":"00/16-14-067-04W4/0","f":11042,"y":2006,"d":2283}},{"type":"Feature","geometry":{"type":"Point","coordinates":[-116.40265,56.11522]},"properties":{"r":184.29,"o":218,"n":"OBE 100 HZ SEAL 16-15-82-16","u":"00/16-15-082-16W5/9","f":10340,"y":2025,"d":3205}},{"type":"Feature","geometry":{"type":"Point","coordinates":[-110.53689,54.55821]},"properties":{"r":539.48,"o":295,"n":"SRL H1P TUCKLK 16-21-64-4","u":"00/16-21-064-04W4/0","f":1724,"y":2022,"d":2252}},{"type":"Feature","geometry":{"type":"Point","coordinates":[-110.99351,55.51836]},"properties":{"r":407.56,"o":67,"n":"CNRL RR9P CONKLIN 16-22-75-7","u":"00/16-22-075-07W4/0","f":5101,"y":2014,"d":2149}},{"type":"Feature","geometry":{"type":"Point","coordinates":[-110.33697,54.73326]},"properties":{"r":141.27,"o":153,"n":"IMP 12 N04-H13 COLD LK 16-23-66-3","u":"00/16-23-066-03W4/0","f":3827,"y":2013,"d":1712}},{"type":"Feature","geometry":{"type":"Point","coordinates":[-110.82851,56.21556]},"properties":{"r":1203.18,"o":85,"n":"COPRC 2642P07SORW NEWBY 16-23-83-6","u":"00/16-23-083-06W4/0","f":3130,"y":2025,"d":1934}},{"type":"Feature","geometry":{"type":"Point","coordinates":[-116.5586,56.30352]},"properties":{"r":203.06,"o":67,"n":"CNUL HZ 100 CADOTTE 16-23-84-17","u":"00/16-23-084-17W5/0","f":2955,"y":2024,"d":2254}},{"type":"Feature","geometry":{"type":"Point","coordinates":[-113.69993,55.42973]},"properties":{"r":184.52,"o":144,"n":"HWX 100 7HZ MARTENH 16-24-74-25","u":"00/16-24-074-25W4/0","f":8565,"y":2022,"d":2491}},{"type":"Feature","geometry":{"type":"Point","coordinates":[-110.31019,54.74498]},"properties":{"r":112.69,"o":153,"n":"IMP 12 HZ N03-H06 COLD LK 16-25-66-3","u":"00/16-25-066-03W4/0","f":3827,"y":2012,"d":1880}},{"type":"Feature","geometry":{"type":"Point","coordinates":[-113.72553,55.44584]},"properties":{"r":398.98,"o":144,"n":"HWX MARTENH 16-26-74-25","u":"00/16-26-074-25W4/2","f":8565,"y":2021,"d":2371}},{"type":"Feature","geometry":{"type":"Point","coordinates":[-111.01209,55.35638]},"properties":{"r":426.05,"o":67,"n":"CNRL G 5P KIRBY 16-28-73-7","u":"00/16-28-073-07W4/0","f":3534,"y":2013,"d":1826}},{"type":"Feature","geometry":{"type":"Point","coordinates":[-113.77686,55.44502]},"properties":{"r":133.51,"o":293,"n":"SPL 4-2 HZ MARTENH 16-28-74-25","u":"00/16-28-074-25W4/0","f":7390,"y":2018,"d":2334}},{"type":"Feature","geometry":{"type":"Point","coordinates":[-110.87945,56.23117]},"properties":{"r":400.39,"o":85,"n":"COPRC HZ261P05STK RESDELN 16-28-83-6","u":"00/16-28-083-06W4/2","f":3130,"y":2012,"d":1975}},{"type":"Feature","geometry":{"type":"Point","coordinates":[-110.84323,53.71412]},"properties":{"r":106.21,"o":67,"n":"CNRL 16D HZ LIND 16-32-54-6","u":"00/16-32-054-06W4/0","f":10702,"y":2025,"d":2451}},{"type":"Feature","geometry":{"type":"Point","coordinates":[-110.68132,54.3228]},"properties":{"r":119.51,"o":177,"n":"LINEUP HZ BVILLE 16-33-61-5","u":"00/16-33-061-05W4/2","f":10157,"y":2024,"d":2089}},{"type":"Feature","geometry":{"type":"Point","coordinates":[-110.53583,54.67443]},"properties":{"r":104.87,"o":153,"n":"IMP 95 H25-13 COLDLK 16-33-65-4","u":"00/16-33-065-04W4/0","f":295,"y":1995,"d":514}},{"type":"Feature","geometry":{"type":"Point","coordinates":[-111.6678,56.3302]},"properties":{"r":143.87,"o":136,"n":"GROC HZOP HANGSTN 16-33-84-11","u":"00/16-33-084-11W4/0","f":1314,"y":2004,"d":1204}},{"type":"Feature","geometry":{"type":"Point","coordinates":[-113.72578,55.46019]},"properties":{"r":341.01,"o":144,"n":"HWX MARTENH 16-35-74-25","u":"00/16-35-074-25W4/0","f":8565,"y":2019,"d":2425}},{"type":"Feature","geometry":{"type":"Point","coordinates":[-110.97159,56.1583]},"properties":{"r":110.09,"o":85,"n":"COPRC 102P16 HZ RESDELN 16-35-82-7","u":"00/16-35-082-07W4/0","f":3130,"y":2008,"d":1670}},{"type":"Feature","geometry":{"type":"Point","coordinates":[-115.7238,55.89456]},"properties":{"r":183.89,"o":79,"n":"CLEAR NORTH 100 HZ GIFT 16-36-79-12","u":"00/16-36-079-12W5/0","f":10848,"y":2026,"d":2696}},{"type":"Feature","geometry":{"type":"Point","coordinates":[-110.85036,56.24835]},"properties":{"r":744.67,"o":85,"n":"COPRC HZ 2622P01 NEWBY 1-3-84-6","u":"02/01-03-084-06W4/2","f":3130,"y":2014,"d":1666}},{"type":"Feature","geometry":{"type":"Point","coordinates":[-113.37915,56.07257]},"properties":{"r":110.68,"o":67,"n":"CNRL NHP5-1B RD BRINT 1-4-82-22","u":"02/01-04-082-22W4/0","f":508,"y":2021,"d":2853}},{"type":"Feature","geometry":{"type":"Point","coordinates":[-110.75782,55.55007]},"properties":{"r":415.13,"o":75,"n":"CVE B23P08 KIRBY 1-6-76-5","u":"02/01-06-076-05W4/0","f":934,"y":2018,"d":2168}},{"type":"Feature","geometry":{"type":"Point","coordinates":[-111.91315,57.03399]},"properties":{"r":366.38,"o":299,"n":"SUNCOR 750P12 DOVER 1-6-93-12","u":"02/01-06-093-12W4/0","f":926,"y":2013,"d":1397}},{"type":"Feature","geometry":{"type":"Point","coordinates":[-110.65758,55.65234]},"properties":{"r":706.68,"o":75,"n":"CVE DE10P HARDY 1-11-77-5","u":"02/01-11-077-05W4/2","f":1892,"y":2018,"d":2181}},{"type":"Feature","geometry":{"type":"Point","coordinates":[-110.76834,54.69248]},"properties":{"r":143.83,"o":67,"n":"CNRL SC07-08P WOLF LK 1-12-66-6","u":"02/01-12-066-06W4/0","f":11042,"y":2021,"d":1481}},{"type":"Feature","geometry":{"type":"Point","coordinates":[-116.33356,55.73807]},"properties":{"r":203.45,"o":46,"n":"BAYTEX E261 HZ HEARTR 1-12-78-16","u":"02/01-12-078-16W5/0","f":10285,"y":2024,"d":3631}},{"type":"Feature","geometry":{"type":"Point","coordinates":[-110.45638,54.1826]},"properties":{"r":111.71,"o":66,"n":"CALTEX TRILOGY 102 CHARLK 1-13-60-4","u":"02/01-13-060-04W4/2","f":10311,"y":2025,"d":1962}},{"type":"Feature","geometry":{"type":"Point","coordinates":[-110.79962,56.18868]},"properties":{"r":1564.0,"o":85,"n":"COPRC 2673P04 NEWBY 1-13-83-6","u":"02/01-13-083-06W4/0","f":3130,"y":2022,"d":1924}},{"type":"Feature","geometry":{"type":"Point","coordinates":[-113.72738,55.4047]},"properties":{"r":123.03,"o":306,"n":"DELTASTREAM HZ MARTENH 1-14-74-25","u":"02/01-14-074-25W4/0","f":8471,"y":2019,"d":2390}},{"type":"Feature","geometry":{"type":"Point","coordinates":[-110.81508,54.44456]},"properties":{"r":358.73,"o":67,"n":"CNRL 1D HZ LA COREY 1-15-63-6","u":"02/01-15-063-06W4/0","f":10872,"y":2026,"d":1931}},{"type":"Feature","geometry":{"type":"Point","coordinates":[-110.5152,55.05383]},"properties":{"r":104.1,"o":75,"n":"CVE FCCL NP07 FISHER 1-15-70-4","u":"02/01-15-070-04W4/0","f":10927,"y":2018,"d":1866}},{"type":"Feature","geometry":{"type":"Point","coordinates":[-116.304,55.75589]},"properties":{"r":204.04,"o":46,"n":"BAYTEX E313 HZ PEAVINE 1-18-78-15","u":"02/01-18-078-15W5/0","f":10285,"y":2024,"d":3782}},{"type":"Feature","geometry":{"type":"Point","coordinates":[-110.438,54.54581]},"properties":{"r":172.49,"o":153,"n":"IMP 07 T14-H04 COLD LK 1-19-64-3","u":"02/01-19-064-03W4/0","f":3127,"y":2008,"d":1949}},{"type":"Feature","geometry":{"type":"Point","coordinates":[-116.30403,55.76752]},"properties":{"r":152.7,"o":46,"n":"BAYTEX S126 HZ PEAVINE 1-19-78-15","u":"02/01-19-078-15W5/0","f":9500,"y":2023,"d":3915}},{"type":"Feature","geometry":{"type":"Point","coordinates":[-116.66367,56.29069]},"properties":{"r":101.14,"o":67,"n":"CNUL HZ 102 CADOTTE 1-19-84-17","u":"02/01-19-084-17W5/0","f":9953,"y":2024,"d":2722}},{"type":"Feature","geometry":{"type":"Point","coordinates":[-110.67265,55.07141]},"properties":{"r":133.6,"o":75,"n":"CVE W19P09-1 FISHER 1-22-70-5","u":"02/01-22-070-05W4/0","f":10927,"y":2024,"d":1942}},{"type":"Feature","geometry":{"type":"Point","coordinates":[-110.99167,55.50543]},"properties":{"r":500.54,"o":67,"n":"CNRL III2P CONKLIN 1-22-75-7","u":"02/01-22-075-07W4/0","f":5101,"y":2017,"d":1801}},{"type":"Feature","geometry":{"type":"Point","coordinates":[-110.83929,55.59229]},"properties":{"r":1095.35,"o":75,"n":"CVE M07P07 LEISMER 1-22-76-6","u":"02/01-22-076-06W4/0","f":934,"y":2022,"d":2403}},{"type":"Feature","geometry":{"type":"Point","coordinates":[-111.78084,56.11816]},"properties":{"r":424.69,"o":84,"n":"CLC 232 P08 DIVIDE 1-22-82-12","u":"02/01-22-082-12W4/0","f":3166,"y":2024,"d":2410}},{"type":"Feature","geometry":{"type":"Point","coordinates":[-116.2888,56.64213]},"properties":{"r":128.5,"o":293,"n":"SPL 10-10 102 CADOTTE 1-22-88-15","u":"02/01-22-088-15W5/0","f":10817,"y":2025,"d":3064}},{"type":"Feature","geometry":{"type":"Point","coordinates":[-110.49224,54.80733]},"properties":{"r":181.65,"o":67,"n":"CNRL 10C28 PRIMROSE 1-23-67-4","u":"02/01-23-067-04W4/0","f":11042,"y":2006,"d":1857}},{"type":"Feature","geometry":{"type":"Point","coordinates":[-114.15806,55.5081]},"properties":{"r":238.3,"o":144,"n":"HWX 102 HZ MARTENH 1-24-75-2","u":"02/01-24-075-02W5/0","f":9573,"y":2025,"d":3273}},{"type":"Feature","geometry":{"type":"Point","coordinates":[-110.94078,55.52243]},"properties":{"r":209.11,"o":67,"n":"CNRL VV9P CONKLIN 1-25-75-7","u":"02/01-25-075-07W4/0","f":5101,"y":2013,"d":1653}},{"type":"Feature","geometry":{"type":"Point","coordinates":[-113.72945,55.34486]},"properties":{"r":117.16,"o":293,"n":"SPL 12-13 HZ 102 MARTENH 1-26-73-25","u":"02/01-26-073-25W4/0","f":6576,"y":2022,"d":2510}},{"type":"Feature","geometry":{"type":"Point","coordinates":[-110.36303,54.82384]},"properties":{"r":136.66,"o":67,"n":"CNRL 23A92 PRIMROSE 1-27-67-3","u":"02/01-27-067-03W4/0","f":11042,"y":2011,"d":2015}},{"type":"Feature","geometry":{"type":"Point","coordinates":[-116.61703,56.30742]},"properties":{"r":137.03,"o":67,"n":"CNUL HZ 102 CADOTTE 1-28-84-17","u":"02/01-28-084-17W5/0","f":2960,"y":2025,"d":2994}},{"type":"Feature","geometry":{"type":"Point","coordinates":[-111.04587,55.52221]},"properties":{"r":141.73,"o":67,"n":"CNRL BB4P CONKLIN 1-29-75-7","u":"02/01-29-075-07W4/0","f":3346,"y":2009,"d":1585}},{"type":"Feature","geometry":{"type":"Point","coordinates":[-110.5875,54.47229]},"properties":{"r":208.63,"o":67,"n":"CNRL 1A HZ FT KENT 1-30-63-4","u":"02/01-30-063-04W4/0","f":10735,"y":2025,"d":2002}},{"type":"Feature","geometry":{"type":"Point","coordinates":[-110.94503,57.19524]},"properties":{"r":753.04,"o":299,"n":"SUNCOR FIREBAG P119P1 1-31-94-6","u":"02/01-31-094-06W4/0","f":1149,"y":2022,"d":1896}},{"type":"Feature","geometry":{"type":"Point","coordinates":[-110.90327,56.40968]},"properties":{"r":494.32,"o":80,"n":"NEXEN CNOOC 14P06 NEWBY 1-32-85-6","u":"02/01-32-085-06W4/0","f":2026,"y":2012,"d":1097}},{"type":"Feature","geometry":{"type":"Point","coordinates":[-110.53804,54.6621]},"properties":{"r":126.74,"o":153,"n":"IMP 13 HZ H17-H02 COLD LK 1-33-65-4","u":"02/01-33-065-04W4/3","f":295,"y":2015,"d":1809}},{"type":"Feature","geometry":{"type":"Point","coordinates":[-111.48099,55.79642]},"properties":{"r":106.07,"o":34,"n":"ATHABASCA  L4P1R LEISMER 1-33-78-10","u":"02/01-33-078-10W4/2","f":2782,"y":2009,"d":1462}},{"type":"Feature","geometry":{"type":"Point","coordinates":[-110.87546,56.23244]},"properties":{"r":398.46,"o":85,"n":"COPRC HZ 2631P08 RESDELN 1-33-83-6","u":"02/01-33-083-06W4/0","f":3130,"y":2013,"d":1983}},{"type":"Feature","geometry":{"type":"Point","coordinates":[-110.8369,55.53565]},"properties":{"r":638.75,"o":75,"n":"CVE FCCL J15P01 KIRBY 1-34-75-6","u":"02/01-34-075-06W4/0","f":934,"y":2017,"d":2197}},{"type":"Feature","geometry":{"type":"Point","coordinates":[-111.01019,56.31999]},"properties":{"r":107.01,"o":80,"n":"NEXEN CNOOC K2P13 RESDELN 1-34-84-7","u":"02/01-34-084-07W4/0","f":2026,"y":2013,"d":1132}},{"type":"Feature","geometry":{"type":"Point","coordinates":[-110.61892,54.92535]},"properties":{"r":418.73,"o":67,"n":"CNRL 1C71 FISHER 1-36-68-5","u":"02/01-36-068-05W4/0","f":11042,"y":2023,"d":2997}},{"type":"Feature","geometry":{"type":"Point","coordinates":[-110.31869,54.76372]},"properties":{"r":193.47,"o":67,"n":"CNRL 12A77 PRIMROSE 2-1-67-3","u":"02/02-01-067-03W4/0","f":11042,"y":2007,"d":1712}},{"type":"Feature","geometry":{"type":"Point","coordinates":[-110.94803,54.41697]},"properties":{"r":160.01,"o":67,"n":"CNRL 2C HZ SUGDEN 2-2-63-7","u":"02/02-02-063-07W4/0","f":10520,"y":2025,"d":1331}},{"type":"Feature","geometry":{"type":"Point","coordinates":[-110.84471,55.55119]},"properties":{"r":1280.67,"o":75,"n":"CVE FCCL G11P10 KIRBY 2-3-76-6","u":"02/02-03-076-06W4/0","f":934,"y":2017,"d":1721}},{"type":"Feature","geometry":{"type":"Point","coordinates":[-110.88444,57.20982]},"properties":{"r":256.39,"o":299,"n":"SUNCOR SAGD P5P16 FIREBAG 15-3-95-6","u":"02/02-03-095-06W4/2","f":1149,"y":2005,"d":1568}},{"type":"Feature","geometry":{"type":"Point","coordinates":[-110.84445,54.41399]},"properties":{"r":148.73,"o":67,"n":"CNRL 2A HZ LA COREY 2-4-63-6","u":"02/02-04-063-06W4/0","f":10382,"y":2025,"d":2505}},{"type":"Feature","geometry":{"type":"Point","coordinates":[-113.54127,55.98562]},"properties":{"r":213.73,"o":67,"n":"CNRL WBP44-2B2 BRINT 2-4-81-23","u":"02/02-04-081-23W4/0","f":4628,"y":2026,"d":2872}},{"type":"Feature","geometry":{"type":"Point","coordinates":[-110.58662,55.63748]},"properties":{"r":1405.96,"o":75,"n":"MEG MD2P HARDY 2-5-77-4","u":"02/02-05-077-04W4/0","f":1892,"y":2024,"d":1875}},{"type":"Feature","geometry":{"type":"Point","coordinates":[-110.91276,57.22341]},"properties":{"r":365.52,"o":299,"n":"SUNCOR P117 P2 FIREBAG 2-9-95-6","u":"02/02-09-095-06W4/0","f":1149,"y":2013,"d":1513}},{"type":"Feature","geometry":{"type":"Point","coordinates":[-113.7929,55.47671]},"properties":{"r":106.0,"o":306,"n":"DELTASTREAM HZ MARTENH 2-10-75-25","u":"02/02-10-075-25W4/0","f":8471,"y":2019,"d":2541}},{"type":"Feature","geometry":{"type":"Point","coordinates":[-113.73238,55.38871]},"properties":{"r":246.81,"o":306,"n":"DELTASTREAM HZ MARTENH 2-11-74-25","u":"02/02-11-074-25W4/0","f":8471,"y":2019,"d":2144}},{"type":"Feature","geometry":{"type":"Point","coordinates":[-110.45945,53.81776]},"properties":{"r":182.03,"o":67,"n":"CNRL 2A HZ LIND 2-12-56-4","u":"02/02-12-056-04W4/0","f":10659,"y":2025,"d":1903}},{"type":"Feature","geometry":{"type":"Point","coordinates":[-110.76883,54.69295]},"properties":{"r":165.17,"o":67,"n":"CNRL SC07-09P WOLF LK 2-12-66-6","u":"02/02-12-066-06W4/0","f":11042,"y":2021,"d":1469}},{"type":"Feature","geometry":{"type":"Point","coordinates":[-110.96279,56.36366]},"properties":{"r":740.73,"o":80,"n":"NEU CNOOC 16P07 NEWBY 2-13-85-7","u":"02/02-13-085-07W4/0","f":2026,"y":2019,"d":1385}},{"type":"Feature","geometry":{"type":"Point","coordinates":[-110.63584,54.00917]},"properties":{"r":602.25,"o":295,"n":"SRL D01W-P16 LIND 2-14-58-5","u":"02/02-14-058-05W4/0","f":5610,"y":2025,"d":2047}},{"type":"Feature","geometry":{"type":"Point","coordinates":[-110.3736,55.05603]},"properties":{"r":427.39,"o":75,"n":"CVE E20P01-1 FISHER 2-15-70-3","u":"02/02-15-070-03W4/0","f":10927,"y":2023,"d":1632}},{"type":"Feature","geometry":{"type":"Point","coordinates":[-110.84434,55.6677]},"properties":{"r":2554.41,"o":75,"n":"CVE X02P05 LEISMER 2-15-77-6","u":"02/02-15-077-06W4/0","f":934,"y":2024,"d":1991}},{"type":"Feature","geometry":{"type":"Point","coordinates":[-110.88656,57.23624]},"properties":{"r":1347.63,"o":299,"n":"SUNCOR P131P3 FIREBAG 2-15-95-6","u":"02/02-15-095-06W4/0","f":1149,"y":2020,"d":1811}},{"type":"Feature","geometry":{"type":"Point","coordinates":[-115.81099,55.84051]},"properties":{"r":100.32,"o":79,"n":"CLEAR NORTH 102 HZ GIFT 2-16-79-12","u":"02/02-16-079-12W5/0","f":9855,"y":2025,"d":3498}},{"type":"Feature","geometry":{"type":"Point","coordinates":[-110.76741,55.66811]},"properties":{"r":270.44,"o":75,"n":"MEG U5P HARDY 2-18-77-5","u":"02/02-18-077-05W4/0","f":1892,"y":2012,"d":1526}},{"type":"Feature","geometry":{"type":"Point","coordinates":[-110.59389,54.45854]},"properties":{"r":219.51,"o":67,"n":"CNRL 2A HZ FT KENT 2-19-63-4","u":"02/02-19-063-04W4/0","f":10913,"y":2026,"d":1774}},{"type":"Feature","geometry":{"type":"Point","coordinates":[-110.86414,54.37062]},"properties":{"r":128.25,"o":67,"n":"CNRL 2A HZ FORSYTH 2-20-62-6","u":"02/02-20-062-06W4/0","f":9071,"y":2025,"d":1709}},{"type":"Feature","geometry":{"type":"Point","coordinates":[-110.39536,54.54608]},"properties":{"r":146.07,"o":153,"n":"IMP 09 V13-H26 COLD LK 2-21-64-3","u":"02/02-21-064-03W4/0","f":3127,"y":2010,"d":1888}},{"type":"Feature","geometry":{"type":"Point","coordinates":[-110.36933,54.8076]},"properties":{"r":124.5,"o":67,"n":"CNRL 12A94 PRIMROSE 2-22-67-3","u":"02/02-22-067-03W4/0","f":11042,"y":2011,"d":1756}},{"type":"Feature","geometry":{"type":"Point","coordinates":[-110.9974,55.50547]},"properties":{"r":608.96,"o":67,"n":"CNRL III6P CONKLIN 2-22-75-7","u":"02/02-22-075-07W4/0","f":5101,"y":2018,"d":1687}},{"type":"Feature","geometry":{"type":"Point","coordinates":[-110.64761,55.07114]},"properties":{"r":192.99,"o":75,"n":"CVE W15P03-1 FISHER 2-23-70-5","u":"02/02-23-070-05W4/0","f":10927,"y":2024,"d":1847}},{"type":"Feature","geometry":{"type":"Point","coordinates":[-113.92592,55.50706]},"properties":{"r":164.25,"o":306,"n":"TVE 5-19 HZ 102 MARTENH 2-23-75-26","u":"02/02-23-075-26W4/0","f":8471,"y":2024,"d":3355}},{"type":"Feature","geometry":{"type":"Point","coordinates":[-116.85516,56.38056]},"properties":{"r":108.98,"o":67,"n":"CNUL CADOTTE 2-24-85-19","u":"02/02-24-085-19W5/0","f":11717,"y":2005,"d":1371}},{"type":"Feature","geometry":{"type":"Point","coordinates":[-110.83514,56.21766]},"properties":{"r":173.7,"o":85,"n":"COPRC HZ 2642P03STK NEWBY 2-26-83-6","u":"02/02-26-083-06W4/2","f":3130,"y":2012,"d":1640}},{"type":"Feature","geometry":{"type":"Point","coordinates":[-110.29484,54.73496]},"properties":{"r":210.88,"o":153,"n":"IMP 12 N04-H12 COLD LK 2-30-66-2","u":"02/02-30-066-02W4/0","f":3827,"y":2013,"d":1709}},{"type":"Feature","geometry":{"type":"Point","coordinates":[-111.41221,56.49478]},"properties":{"r":363.91,"o":34,"n":"ATH AD01P HANGST 2-31-86-9","u":"02/02-31-086-09W4/0","f":5356,"y":2013,"d":1222}},{"type":"Feature","geometry":{"type":"Point","coordinates":[-110.8935,55.53377]},"properties":{"r":210.0,"o":67,"n":"CNRL A2P RE LEISMER 2-32-75-6","u":"02/02-32-075-06W4/2","f":2037,"y":2006,"d":1553}},{"type":"Feature","geometry":{"type":"Point","coordinates":[-110.32472,54.76375]},"properties":{"r":261.89,"o":67,"n":"CNRL 17A77 PRIMROSE 3-1-67-3","u":"02/03-01-067-03W4/0","f":11042,"y":2007,"d":1901}},{"type":"Feature","geometry":{"type":"Point","coordinates":[-110.96755,56.15964]},"properties":{"r":340.93,"o":85,"n":"COPRC 102P14 HZ RESDELN 3-1-83-7","u":"02/03-01-083-07W4/0","f":3130,"y":2005,"d":1483}},{"type":"Feature","geometry":{"type":"Point","coordinates":[-116.39514,55.81355]},"properties":{"r":503.35,"o":46,"n":"BAYTEX S5 HZ DAWSON 3-2-79-16","u":"02/03-02-079-16W5/0","f":10775,"y":2025,"d":3485}},{"type":"Feature","geometry":{"type":"Point","coordinates":[-113.05401,56.16013]},"properties":{"r":141.77,"o":67,"n":"CVE 5B-11 SANDY 3-2-83-20","u":"02/03-02-083-20W4/0","f":508,"y":2002,"d":2267}},{"type":"Feature","geometry":{"type":"Point","coordinates":[-110.86485,57.20957]},"properties":{"r":1594.49,"o":299,"n":"SUNCOR 4P7B FIREBAG 3-2-95-6","u":"02/03-02-095-06W4/3","f":1149,"y":2004,"d":1593}},{"type":"Feature","geometry":{"type":"Point","coordinates":[-110.36848,53.80305]},"properties":{"r":188.4,"o":66,"n":"CALTEX TRILOGY 02 HZ LIND 3-3-56-3","u":"02/03-03-056-03W4/6","f":10654,"y":2025,"d":2183}},{"type":"Feature","geometry":{"type":"Point","coordinates":[-110.58934,55.65321]},"properties":{"r":706.01,"o":75,"n":"MEG MC8P HARDY 3-8-77-4","u":"02/03-08-077-04W4/0","f":1892,"y":2023,"d":2093}},{"type":"Feature","geometry":{"type":"Point","coordinates":[-110.40154,54.60396]},"properties":{"r":115.42,"o":153,"n":"IMP 01 U05-11 COLDLK 3-9-65-3","u":"02/03-09-065-03W4/0","f":3127,"y":2002,"d":556}},{"type":"Feature","geometry":{"type":"Point","coordinates":[-110.53274,54.86529]},"properties":{"r":112.36,"o":67,"n":"CNRL 10A58 PRIMROSE 3-10-68-4","u":"02/03-10-068-04W4/0","f":11042,"y":2008,"d":1968}},{"type":"Feature","geometry":{"type":"Point","coordinates":[-110.78323,55.04112]},"properties":{"r":353.82,"o":75,"n":"CVE FCCL W35P12 FISHER 3-12-70-6","u":"02/03-12-070-06W4/2","f":10927,"y":2017,"d":2005}},{"type":"Feature","geometry":{"type":"Point","coordinates":[-116.27895,56.62525]},"properties":{"r":130.6,"o":293,"n":"SPL 6-23 102 CADOTTE 3-14-88-15","u":"02/03-14-088-15W5/0","f":9233,"y":2025,"d":2679}},{"type":"Feature","geometry":{"type":"Point","coordinates":[-110.84963,55.66567]},"properties":{"r":3349.17,"o":75,"n":"CVE X02P01 LEISMER 3-15-77-6","u":"02/03-15-077-06W4/2","f":934,"y":2024,"d":2153}},{"type":"Feature","geometry":{"type":"Point","coordinates":[-110.88739,57.23868]},"properties":{"r":1893.36,"o":299,"n":"SUNCOR P131P6 FIREBAG 3-15-95-6","u":"02/03-15-095-06W4/0","f":1149,"y":2021,"d":1825}},{"type":"Feature","geometry":{"type":"Point","coordinates":[-111.87044,57.06163]},"properties":{"r":173.45,"o":299,"n":"PC QQ(P)-8 DOVER 3-16-93-12","u":"02/03-16-093-12W4/0","f":926,"y":2009,"d":1258}},{"type":"Feature","geometry":{"type":"Point","coordinates":[-110.87368,54.35663]},"properties":{"r":152.7,"o":67,"n":"CNRL 3B HZ FORSYTH 3-17-62-6","u":"02/03-17-062-06W4/0","f":10588,"y":2025,"d":1901}},{"type":"Feature","geometry":{"type":"Point","coordinates":[-113.87803,55.49051]},"properties":{"r":113.2,"o":306,"n":"TVE 4-30 HZ 102 MARTENH 3-18-75-25","u":"02/03-18-075-25W4/0","f":8471,"y":2023,"d":4071}},{"type":"Feature","geometry":{"type":"Point","coordinates":[-110.43016,55.06994]},"properties":{"r":119.4,"o":75,"n":"CVE FCCL E24P03-1 FISHER 3-20-70-3","u":"02/03-20-070-03W4/0","f":10927,"y":2016,"d":2148}},{"type":"Feature","geometry":{"type":"Point","coordinates":[-110.39823,54.54609]},"properties":{"r":175.67,"o":153,"n":"IMP 09 V13-H20 COLD LK 3-21-64-3","u":"02/03-21-064-03W4/0","f":3127,"y":2010,"d":1850}},{"type":"Feature","geometry":{"type":"Point","coordinates":[-113.9319,55.5052]},"properties":{"r":137.98,"o":306,"n":"TVE 4-26 HZ 102 MARTENH 3-23-75-26","u":"02/03-23-075-26W4/0","f":8471,"y":2025,"d":2512}},{"type":"Feature","geometry":{"type":"Point","coordinates":[-110.32435,54.80873]},"properties":{"r":235.8,"o":67,"n":"CNRL 3A90 PRIMROSE 3-24-67-3","u":"02/03-24-067-03W4/0","f":11042,"y":2011,"d":1990}},{"type":"Feature","geometry":{"type":"Point","coordinates":[-110.34998,54.82383]},"properties":{"r":231.63,"o":67,"n":"CNRL 9A92 PRIMROSE 3-26-67-3","u":"02/03-26-067-03W4/0","f":11042,"y":2011,"d":1709}},{"type":"Feature","geometry":{"type":"Point","coordinates":[-116.40021,55.78278]},"properties":{"r":106.38,"o":46,"n":"BAYTEX 102 HZ PEAVINE 3-27-78-16","u":"02/03-27-078-16W5/0","f":8737,"y":2022,"d":3516}},{"type":"Feature","geometry":{"type":"Point","coordinates":[-110.87585,55.60679]},"properties":{"r":1203.2,"o":75,"n":"CVE M17P01 LEISMER 3-28-76-6","u":"02/03-28-076-06W4/0","f":934,"y":2023,"d":2068}},{"type":"Feature","geometry":{"type":"Point","coordinates":[-110.74919,55.69552]},"properties":{"r":276.1,"o":75,"n":"MEG AH9P HARDY 3-29-77-5","u":"02/03-29-077-05W4/0","f":1892,"y":2018,"d":1660}},{"type":"Feature","geometry":{"type":"Point","coordinates":[-111.07991,55.52157]},"properties":{"r":150.7,"o":67,"n":"CNRL PP6P CONKLIN 3-30-75-7","u":"02/03-30-075-07W4/0","f":3346,"y":2014,"d":1868}},{"type":"Feature","geometry":{"type":"Point","coordinates":[-110.52542,54.662]},"properties":{"r":195.61,"o":153,"n":"IMP 03 H42-17 HZ COLDLK 3-34-65-4","u":"02/03-34-065-04W4/0","f":295,"y":2004,"d":898}},{"type":"Feature","geometry":{"type":"Point","coordinates":[-110.61244,54.05116]},"properties":{"r":418.73,"o":295,"n":"SRL D08-P2 MURIELLK 3-36-58-5","u":"02/03-36-058-05W4/0","f":5610,"y":2022,"d":1860}},{"type":"Feature","geometry":{"type":"Point","coordinates":[-111.11065,55.53689]},"properties":{"r":1501.14,"o":67,"n":"CNRL XX1P DEVENISH 3-36-75-8","u":"02/03-36-075-08W4/0","f":3346,"y":2022,"d":2378}},{"type":"Feature","geometry":{"type":"Point","coordinates":[-110.32792,54.59081]},"properties":{"r":433.18,"o":153,"n":"IMP 06 V10-H25 COLD LK 4-1-65-3","u":"02/04-01-065-03W4/0","f":3127,"y":2006,"d":1871}},{"type":"Feature","geometry":{"type":"Point","coordinates":[-110.58963,54.93921]},"properties":{"r":434.44,"o":67,"n":"CNRL 2A160 FISHER 4-5-69-4","u":"02/04-05-069-04W4/0","f":11042,"y":2022,"d":3216}},{"type":"Feature","geometry":{"type":"Point","coordinates":[-110.98041,57.22117]},"properties":{"r":664.01,"o":299,"n":"SUNCOR P112P11 FIREBAG 4-7-95-6","u":"02/04-07-095-06W4/0","f":1149,"y":2014,"d":1463}},{"type":"Feature","geometry":{"type":"Point","coordinates":[-110.58964,54.95215]},"properties":{"r":515.39,"o":67,"n":"CNRL 1A161 FISHER 4-8-69-4","u":"02/04-08-069-04W4/0","f":11042,"y":2022,"d":3131}},{"type":"Feature","geometry":{"type":"Point","coordinates":[-113.42228,56.08707]},"properties":{"r":131.56,"o":67,"n":"CVE 12B-17 BRINT 4-8-82-22","u":"02/04-08-082-22W4/0","f":508,"y":2002,"d":2924}},{"type":"Feature","geometry":{"type":"Point","coordinates":[-110.89435,57.22283]},"properties":{"r":914.62,"o":299,"n":"SUNCOR P16P2B FIREBAG 4-10-95-6","u":"02/04-10-095-06W4/2","f":1149,"y":2010,"d":1432}},{"type":"Feature","geometry":{"type":"Point","coordinates":[-116.08511,56.0002]},"properties":{"r":116.3,"o":218,"n":"OBE 102 HZ DAWSON 4-11-81-14","u":"02/04-11-081-14W5/9","f":10422,"y":2024,"d":2288}},{"type":"Feature","geometry":{"type":"Point","coordinates":[-110.6247,54.34081]},"properties":{"r":203.77,"o":67,"n":"CNRL 4A2 HZ FT KENT 4-12-62-5","u":"02/04-12-062-05W4/0","f":10596,"y":2025,"d":1751}},{"type":"Feature","geometry":{"type":"Point","coordinates":[-110.6505,55.65353]},"properties":{"r":478.07,"o":75,"n":"MEG DE6P HARDY 4-12-77-5","u":"02/04-12-077-05W4/2","f":1892,"y":2018,"d":1858}},{"type":"Feature","geometry":{"type":"Point","coordinates":[-116.34879,55.73808]},"properties":{"r":178.71,"o":46,"n":"BAYTEX E86 HZ HEARTR 4-12-78-16","u":"02/04-12-078-16W5/0","f":10285,"y":2024,"d":3203}},{"type":"Feature","geometry":{"type":"Point","coordinates":[-110.9786,56.36472]},"properties":{"r":375.84,"o":80,"n":"NEU CNOOC 17P01 NEWBY 4-13-85-7","u":"02/04-13-085-07W4/0","f":2026,"y":2019,"d":1346}},{"type":"Feature","geometry":{"type":"Point","coordinates":[-116.55849,55.8431]},"properties":{"r":110.87,"o":218,"n":"OBE 102 HZ DAWSON 4-14-79-17","u":"02/04-14-079-17W5/9","f":10944,"y":2026,"d":2470}},{"type":"Feature","geometry":{"type":"Point","coordinates":[-110.84444,56.19079]},"properties":{"r":827.11,"o":85,"n":"COPRC HZ 2643P11 NEWBY 4-14-83-6","u":"02/04-14-083-06W4/0","f":3130,"y":2013,"d":1950}},{"type":"Feature","geometry":{"type":"Point","coordinates":[-110.74233,55.05656]},"properties":{"r":1200.97,"o":75,"n":"CVE FCCL W33P01 FISHER 4-17-70-5","u":"02/04-17-070-05W4/0","f":10927,"y":2018,"d":1898}},{"type":"Feature","geometry":{"type":"Point","coordinates":[-114.15625,55.49329]},"properties":{"r":105.35,"o":144,"n":"HWX 102 HZ MARTENH 4-18-75-1","u":"02/04-18-075-01W5/0","f":9573,"y":2024,"d":3008}},{"type":"Feature","geometry":{"type":"Point","coordinates":[-113.88105,55.49073]},"properties":{"r":120.07,"o":306,"n":"TVE 4-30 HZ 102 MARTENH 4-18-75-25","u":"02/04-18-075-25W4/0","f":8471,"y":2023,"d":4005}},{"type":"Feature","geometry":{"type":"Point","coordinates":[-110.54447,53.7593]},"properties":{"r":139.44,"o":67,"n":"CNRL 4A LNDBRGH 4-21-55-4","u":"02/04-21-055-04W4/0","f":5115,"y":2014,"d":586,"m":1}},{"type":"Feature","geometry":{"type":"Point","coordinates":[-110.4076,54.54609]},"properties":{"r":103.17,"o":153,"n":"IMP 21 V13-H05ST ETHELLK 4-21-64-3","u":"02/04-21-064-03W4/2","f":3127,"y":2010,"d":2139}},{"type":"Feature","geometry":{"type":"Point","coordinates":[-110.71471,55.07109]},"properties":{"r":630.62,"o":75,"n":"CVE FCCL W29P03 FISHER 4-21-70-5","u":"02/04-21-070-05W4/0","f":10927,"y":2018,"d":2180}},{"type":"Feature","geometry":{"type":"Point","coordinates":[-113.80036,55.41947]},"properties":{"r":157.62,"o":144,"n":"HWX 6-22 HZ 102 MARTENH 4-21-74-25","u":"02/04-21-074-25W4/0","f":8565,"y":2022,"d":2783}},{"type":"Feature","geometry":{"type":"Point","coordinates":[-110.3831,54.80697]},"properties":{"r":180.77,"o":67,"n":"CNRL 20A95 PRIMROSE 4-22-67-3","u":"02/04-22-067-03W4/2","f":11042,"y":2011,"d":2383}},{"type":"Feature","geometry":{"type":"Point","coordinates":[-116.4065,55.76752]},"properties":{"r":196.3,"o":46,"n":"BAYTEX S103 HZ PEAVINE 4-22-78-16","u":"02/04-22-078-16W5/0","f":9500,"y":2023,"d":3769}},{"type":"Feature","geometry":{"type":"Point","coordinates":[-110.89668,57.25221]},"properties":{"r":518.78,"o":299,"n":"SUNCOR P121P2 FIREBAG 4-22-95-6","u":"02/04-22-095-06W4/0","f":1149,"y":2018,"d":1964}},{"type":"Feature","geometry":{"type":"Point","coordinates":[-111.77639,56.11776]},"properties":{"r":378.88,"o":84,"n":"CONNACHER OIL P05 DIVIDE 4-23-82-12","u":"02/04-23-082-12W4/0","f":3166,"y":2023,"d":2235}},{"type":"Feature","geometry":{"type":"Point","coordinates":[-113.18579,56.11644]},"properties":{"r":103.17,"o":67,"n":"CNRL NBP8-4A BRINT 4-23-82-21","u":"02/04-23-082-21W4/0","f":508,"y":2004,"d":2762}},{"type":"Feature","geometry":{"type":"Point","coordinates":[-110.8428,56.20613]},"properties":{"r":717.48,"o":85,"n":"COPRC HZ 2652P11 NEWBY 4-23-83-6","u":"02/04-23-083-06W4/0","f":3130,"y":2014,"d":1767}},{"type":"Feature","geometry":{"type":"Point","coordinates":[-113.31781,55.85357]},"properties":{"r":185.36,"o":67,"n":"CNRL PRP2-4B-E PEERLESS 4-24-79-22","u":"02/04-24-079-22W4/0","f":4628,"y":2012,"d":2976}},{"type":"Feature","geometry":{"type":"Point","coordinates":[-113.72234,55.34549]},"properties":{"r":122.97,"o":293,"n":"SPL 13-13 HZ 102 MARTENH 4-25-73-25","u":"02/04-25-073-25W4/0","f":6576,"y":2022,"d":2451}},{"type":"Feature","geometry":{"type":"Point","coordinates":[-113.74423,55.3472]},"properties":{"r":252.18,"o":293,"n":"SPL 12-27 HZ 102 MARTENH 4-26-73-25","u":"02/04-26-073-25W4/0","f":7981,"y":2021,"d":2352}},{"type":"Feature","geometry":{"type":"Point","coordinates":[-111.002,56.21779]},"properties":{"r":2932.03,"o":85,"n":"COPRC 104WP03 RSDLN 4-26-83-7","u":"02/04-26-083-07W4/0","f":3130,"y":2024,"d":2147}},{"type":"Feature","geometry":{"type":"Point","coordinates":[-116.40111,55.78192]},"properties":{"r":141.39,"o":46,"n":"BAYTEX HZ N787 PEAVINE 4-27-78-16","u":"02/04-27-078-16W5/0","f":9283,"y":2024,"d":2813}},{"type":"Feature","geometry":{"type":"Point","coordinates":[-110.85345,54.3872]},"properties":{"r":359.65,"o":67,"n":"CNRL 4C HZ FORSYTH 4-28-62-6","u":"02/04-28-062-06W4/0","f":10770,"y":2025,"d":2025}},{"type":"Feature","geometry":{"type":"Point","coordinates":[-111.0875,57.26586]},"properties":{"r":763.35,"o":75,"n":"HUSKY B 5-21 P5 STEEPBK 4-28-95-7","u":"02/04-28-095-07W4/0","f":5519,"y":2015,"d":1319}},{"type":"Feature","geometry":{"type":"Point","coordinates":[-110.75021,55.69619]},"properties":{"r":737.73,"o":75,"n":"CVE AH10P HARDY 4-29-77-5","u":"02/04-29-077-05W4/2","f":1892,"y":2018,"d":1726}},{"type":"Feature","geometry":{"type":"Point","coordinates":[-110.77861,55.69605]},"properties":{"r":314.32,"o":75,"n":"MEG AH8P HARDY 4-30-77-5","u":"02/04-30-077-05W4/0","f":1892,"y":2018,"d":1920}},{"type":"Feature","geometry":{"type":"Point","coordinates":[-110.30304,54.74887]},"properties":{"r":113.13,"o":153,"n":"IMP 12 HZ N02-H18 COLD LK 4-31-66-2","u":"02/04-31-066-02W4/0","f":3827,"y":2012,"d":1758}},{"type":"Feature","geometry":{"type":"Point","coordinates":[-110.5618,54.83622]},"properties":{"r":235.59,"o":67,"n":"CNRL 9A23 PRIMROSE 4-33-67-4","u":"02/04-33-067-04W4/0","f":11042,"y":2010,"d":2335}},{"type":"Feature","geometry":{"type":"Point","coordinates":[-110.89893,56.40894]},"properties":{"r":255.05,"o":80,"n":"CNOOC 14P04 NEWBY 4-33-85-6","u":"02/04-33-085-06W4/0","f":2026,"y":2022,"d":1192}},{"type":"Feature","geometry":{"type":"Point","coordinates":[-110.86895,56.2318]},"properties":{"r":1137.62,"o":85,"n":"COPRC 2631P11STRD NEWBY 4-34-83-6","u":"02/04-34-083-06W4/2","f":3130,"y":2013,"d":1839}},{"type":"Feature","geometry":{"type":"Point","coordinates":[-110.80378,55.71031]},"properties":{"r":1169.36,"o":75,"n":"MEG AV1P HARDY 4-36-77-6","u":"02/04-36-077-06W4/2","f":1892,"y":2025,"d":1580}},{"type":"Feature","geometry":{"type":"Point","coordinates":[-110.35365,54.59298]},"properties":{"r":133.16,"o":153,"n":"IMP 06 U09-01 COLD LK 5-2-65-3","u":"02/05-02-065-03W4/0","f":3127,"y":2006,"d":872}},{"type":"Feature","geometry":{"type":"Point","coordinates":[-116.39604,55.8153]},"properties":{"r":135.25,"o":46,"n":"BAYTEX N508 HZ DAWSON 5-2-79-16","u":"02/05-02-079-16W5/0","f":10059,"y":2024,"d":2626}},{"type":"Feature","geometry":{"type":"Point","coordinates":[-111.4896,55.81376]},"properties":{"r":142.32,"o":34,"n":"ATH L5P2 LEISMER 5-3-79-10","u":"02/05-03-079-10W4/0","f":2782,"y":2013,"d":1428}},{"type":"Feature","geometry":{"type":"Point","coordinates":[-110.89364,57.21145]},"properties":{"r":462.01,"o":299,"n":"SUNCOR P117 P5 FIREBAG 5-3-95-6","u":"02/05-03-095-06W4/0","f":1149,"y":2013,"d":1517}},{"type":"Feature","geometry":{"type":"Point","coordinates":[-110.88517,55.55223]},"properties":{"r":213.2,"o":67,"n":"CNRL F10P LEISMER 5-4-76-6","u":"02/05-04-076-06W4/0","f":2037,"y":2017,"d":1610}},{"type":"Feature","geometry":{"type":"Point","coordinates":[-110.58963,54.94139]},"properties":{"r":216.49,"o":67,"n":"CNRL 6A160 FISHER 5-5-69-4","u":"02/05-05-069-04W4/0","f":11042,"y":2022,"d":3033}},{"type":"Feature","geometry":{"type":"Point","coordinates":[-111.22106,55.46806]},"properties":{"r":664.87,"o":67,"n":"CNRL KN07-02P DEVENISH 5-5-75-8","u":"02/05-05-075-08W4/0","f":5737,"y":2023,"d":2515}},{"type":"Feature","geometry":{"type":"Point","coordinates":[-110.44643,53.80756]},"properties":{"r":215.78,"o":67,"n":"CNRL 5A HZ LIND 5-6-56-3","u":"02/05-06-056-03W4/0","f":10659,"y":2025,"d":2135}},{"type":"Feature","geometry":{"type":"Point","coordinates":[-110.98042,57.22451]},"properties":{"r":1174.77,"o":299,"n":"SUNCOR P112P15 5-7-95-6","u":"02/05-07-095-06W4/0","f":1149,"y":2014,"d":1562}},{"type":"Feature","geometry":{"type":"Point","coordinates":[-110.58961,54.9554]},"properties":{"r":240.23,"o":67,"n":"CNRL 7A161 FISHER 5-8-69-4","u":"02/05-08-069-04W4/0","f":11042,"y":2022,"d":2789}},{"type":"Feature","geometry":{"type":"Point","coordinates":[-110.59508,55.65626]},"properties":{"r":345.83,"o":75,"n":"MEG MC1P HARDY 5-8-77-4","u":"02/05-08-077-04W4/0","f":1892,"y":2023,"d":1950}},{"type":"Feature","geometry":{"type":"Point","coordinates":[-110.95381,57.22629]},"properties":{"r":954.12,"o":299,"n":"SUNCOR P112P3 FIREBAG 5-8-95-6","u":"02/05-08-095-06W4/0","f":1149,"y":2014,"d":1386}},{"type":"Feature","geometry":{"type":"Point","coordinates":[-110.37959,54.60711]},"properties":{"r":102.42,"o":153,"n":"IMP 02 U06-19 COLDLK 5-10-65-3","u":"02/05-10-065-03W4/0","f":3127,"y":2002,"d":782}},{"type":"Feature","geometry":{"type":"Point","coordinates":[-110.97859,56.36845]},"properties":{"r":936.11,"o":80,"n":"NEU CNOOC 17P06 NEWBY 5-13-85-7","u":"02/05-13-085-07W4/0","f":2026,"y":2019,"d":1276}},{"type":"Feature","geometry":{"type":"Point","coordinates":[-110.55894,54.70998]},"properties":{"r":126.07,"o":153,"n":"IMP 05 H59-H13 COLD LK 5-16-66-4","u":"02/05-16-066-04W4/0","f":295,"y":2006,"d":1607}},{"type":"Feature","geometry":{"type":"Point","coordinates":[-114.10454,55.49577]},"properties":{"r":165.76,"o":144,"n":"HWX 102 HZ MARTENH 5-16-75-1","u":"02/05-16-075-01W5/0","f":10119,"y":2024,"d":3113}},{"type":"Feature","geometry":{"type":"Point","coordinates":[-110.43257,54.5365]},"properties":{"r":170.87,"o":295,"n":"OPC P204-P5 COLD LK 5-17-64-3","u":"02/05-17-064-03W4/0","f":2122,"y":2017,"d":1723}},{"type":"Feature","geometry":{"type":"Point","coordinates":[-110.8171,57.24023]},"properties":{"r":151.71,"o":299,"n":"SUNCOR P109P12 FIREBAG 5-18-95-5","u":"02/05-18-095-05W4/0","f":1149,"y":2013,"d":1619}},{"type":"Feature","geometry":{"type":"Point","coordinates":[-110.9779,57.24002]},"properties":{"r":599.8,"o":299,"n":"SUNCOR P132P5 FIREBAG 5-18-95-6","u":"02/05-18-095-06W4/0","f":1149,"y":2023,"d":1917}},{"type":"Feature","geometry":{"type":"Point","coordinates":[-115.82735,55.86159]},"properties":{"r":170.87,"o":79,"n":"CLEAR NORTH 102 HZ GIFT 5-21-79-12","u":"02/05-21-079-12W5/3","f":10682,"y":2026,"d":3082}},{"type":"Feature","geometry":{"type":"Point","coordinates":[-116.40589,55.77183]},"properties":{"r":113.09,"o":46,"n":"BAYTEX S850 HZ PEAVINE 5-22-78-16","u":"02/05-22-078-16W5/0","f":9726,"y":2024,"d":3678}},{"type":"Feature","geometry":{"type":"Point","coordinates":[-110.53481,54.8256]},"properties":{"r":107.16,"o":67,"n":"CNRL 12A22 PRIMROSE 5-27-67-4","u":"02/05-27-067-04W4/3","f":11042,"y":2010,"d":2473}},{"type":"Feature","geometry":{"type":"Point","coordinates":[-110.69151,55.08886]},"properties":{"r":763.27,"o":75,"n":"CVE W28P03 FISHER 5-27-70-5","u":"02/05-27-070-05W4/2","f":10927,"y":2022,"d":1784}},{"type":"Feature","geometry":{"type":"Point","coordinates":[-113.77466,55.43579]},"properties":{"r":115.4,"o":144,"n":"HWX 5-26 HZ MARTENH 5-27-74-25","u":"02/05-27-074-25W4/2","f":8565,"y":2021,"d":2350}},{"type":"Feature","geometry":{"type":"Point","coordinates":[-114.23011,55.52415]},"properties":{"r":146.43,"o":144,"n":"HWX 102 HZ MARTENH 5-27-75-2","u":"02/05-27-075-02W5/0","f":9068,"y":2023,"d":3411}},{"type":"Feature","geometry":{"type":"Point","coordinates":[-110.85317,55.61305]},"properties":{"r":382.13,"o":75,"n":"CVE L19P12 LEISMER 5-27-76-6","u":"02/05-27-076-06W4/5","f":934,"y":2021,"d":2227}},{"type":"Feature","geometry":{"type":"Point","coordinates":[-110.94754,56.399]},"properties":{"r":412.8,"o":80,"n":"NEXEN OPTI 07P11 NEWBY 5-30-85-6","u":"02/05-30-085-06W4/0","f":2026,"y":2005,"d":1380}},{"type":"Feature","geometry":{"type":"Point","coordinates":[-110.57955,54.58028]},"properties":{"r":148.21,"o":295,"n":"SRL COLD LK 5-32-64-4","u":"02/05-32-064-04W4/0","f":1724,"y":2005,"d":1495}},{"type":"Feature","geometry":{"type":"Point","coordinates":[-110.58501,55.10303]},"properties":{"r":676.76,"o":75,"n":"CVE N11P05 FISHER 5-32-70-4","u":"02/05-32-070-04W4/0","f":10927,"y":2021,"d":2511}},{"type":"Feature","geometry":{"type":"Point","coordinates":[-110.56181,54.83907]},"properties":{"r":343.32,"o":67,"n":"CNRL 13A23 PRIMROSE 5-33-67-4","u":"02/05-33-067-04W4/3","f":11042,"y":2010,"d":2382}},{"type":"Feature","geometry":{"type":"Point","coordinates":[-116.42876,55.80026]},"properties":{"r":270.99,"o":46,"n":"BAYTEX N415 HZ DAWSON 5-33-78-16","u":"02/05-33-078-16W5/0","f":10059,"y":2025,"d":2339}},{"type":"Feature","geometry":{"type":"Point","coordinates":[-110.79914,54.40502]},"properties":{"r":431.12,"o":67,"n":"CNRL 5D HZ FORSYTH 5-35-62-6","u":"02/05-35-062-06W4/0","f":10771,"y":2025,"d":2399}},{"type":"Feature","geometry":{"type":"Point","coordinates":[-110.80661,55.71347]},"properties":{"r":1186.55,"o":75,"n":"MEG AV5P HARDY 5-36-77-6","u":"02/05-36-077-06W4/0","f":1892,"y":2025,"d":1814}},{"type":"Feature","geometry":{"type":"Point","coordinates":[-110.86361,57.21113]},"properties":{"r":106.86,"o":299,"n":"SUNCOR SAGD P4N8 FIREBAG 6-2-95-6","u":"02/06-02-095-06W4/0","f":1149,"y":2014,"d":1396}},{"type":"Feature","geometry":{"type":"Point","coordinates":[-110.94131,57.21212]},"properties":{"r":1113.19,"o":299,"n":"SUNCOR P117 P8 FIREBAG 6-5-95-6","u":"02/06-05-095-06W4/0","f":1149,"y":2013,"d":1792}},{"type":"Feature","geometry":{"type":"Point","coordinates":[-111.55982,55.8301]},"properties":{"r":857.97,"o":34,"n":"ATH L8P2 LEISMER 6-7-79-10","u":"02/06-07-079-10W4/0","f":2782,"y":2021,"d":2120}},{"type":"Feature","geometry":{"type":"Point","coordinates":[-110.94101,56.4425]},"properties":{"r":217.82,"o":80,"n":"CNOOC 13P08 INF NEWBY 6-7-86-6","u":"02/06-07-086-06W4/0","f":2026,"y":2019,"d":1184}},{"type":"Feature","geometry":{"type":"Point","coordinates":[-110.87739,54.43253]},"properties":{"r":143.6,"o":67,"n":"CNRL 6A HZ LA COREY 6-8-63-6","u":"02/06-08-063-06W4/0","f":10741,"y":2025,"d":2136}},{"type":"Feature","geometry":{"type":"Point","coordinates":[-110.5916,55.65546]},"properties":{"r":1002.8,"o":75,"n":"MEG MC3P HARDY 6-8-77-4","u":"02/06-08-077-04W4/0","f":1892,"y":2023,"d":2077}},{"type":"Feature","geometry":{"type":"Point","coordinates":[-111.90311,57.05054]},"properties":{"r":171.5,"o":299,"n":"PC NN(P)-10 DOVER 6-8-93-12","u":"02/06-08-093-12W4/0","f":926,"y":2009,"d":1217}},{"type":"Feature","geometry":{"type":"Point","coordinates":[-110.9457,57.226]},"properties":{"r":380.95,"o":299,"n":"SUNCOR P16P19B FIREBAG 6-8-95-6","u":"02/06-08-095-06W4/2","f":1149,"y":2010,"d":2389}},{"type":"Feature","geometry":{"type":"Point","coordinates":[-110.78557,55.045]},"properties":{"r":900.41,"o":75,"n":"CVE FCCL W35P07 FISHER 6-12-70-6","u":"02/06-12-070-06W4/0","f":10927,"y":2017,"d":1910}},{"type":"Feature","geometry":{"type":"Point","coordinates":[-114.171,55.49714]},"properties":{"r":117.68,"o":144,"n":"HWX 102 HZ MARTENH 6-13-75-2","u":"02/06-13-075-02W5/0","f":9068,"y":2023,"d":3431}},{"type":"Feature","geometry":{"type":"Point","coordinates":[-110.99793,57.24258]},"properties":{"r":1460.51,"o":75,"n":"CVE V01P03 STEEPBK 6-13-95-7","u":"02/06-13-095-07W4/0","f":5519,"y":2024,"d":2083}},{"type":"Feature","geometry":{"type":"Point","coordinates":[-110.88752,57.24029]},"properties":{"r":390.34,"o":299,"n":"SUNCOR P131P8 FIREBAG 6-15-95-6","u":"02/06-15-095-06W4/0","f":1149,"y":2021,"d":1918}},{"type":"Feature","geometry":{"type":"Point","coordinates":[-110.39784,54.53704]},"properties":{"r":506.92,"o":295,"n":"OPC P104-P4 COLD LK 6-16-64-3","u":"02/06-16-064-03W4/0","f":2122,"y":2007,"d":1373}},{"type":"Feature","geometry":{"type":"Point","coordinates":[-111.08155,57.24207]},"properties":{"r":355.75,"o":75,"n":"HUSKY B 13-9 P6 STEEPBK 6-16-95-7","u":"02/06-16-095-07W4/0","f":5519,"y":2011,"d":1143}},{"type":"Feature","geometry":{"type":"Point","coordinates":[-110.97159,57.24109]},"properties":{"r":811.78,"o":299,"n":"SUNCOR  P132P2 FIREBAG 6-18-95-6","u":"02/06-18-095-06W4/0","f":1149,"y":2023,"d":1702}},{"type":"Feature","geometry":{"type":"Point","coordinates":[-110.89411,54.37695]},"properties":{"r":188.9,"o":67,"n":"CNRL 6D HZ FORSYTH 6-19-62-6","u":"02/06-19-062-06W4/0","f":10664,"y":2025,"d":1236}},{"type":"Feature","geometry":{"type":"Point","coordinates":[-116.49634,55.86167]},"properties":{"r":105.27,"o":218,"n":"OBE 102 HZ DAWSON 6-19-79-16","u":"02/06-19-079-16W5/9","f":10632,"y":2025,"d":2385}},{"type":"Feature","geometry":{"type":"Point","coordinates":[-113.28544,55.85851]},"properties":{"r":130.03,"o":67,"n":"CNRL SLP1-6B PEERLESS 6-19-79-21","u":"02/06-19-079-21W4/0","f":4628,"y":2012,"d":3061}},{"type":"Feature","geometry":{"type":"Point","coordinates":[-110.34646,54.72545]},"properties":{"r":132.95,"o":153,"n":"IMP 12 HZ N05-H13 COLD LK 6-23-66-3","u":"02/06-23-066-03W4/0","f":3827,"y":2013,"d":1710}},{"type":"Feature","geometry":{"type":"Point","coordinates":[-110.84051,56.20781]},"properties":{"r":1027.31,"o":85,"n":"COPRC 2671P03 NEWBY 6-23-83-6","u":"02/06-23-083-06W4/0","f":3130,"y":2022,"d":1942}},{"type":"Feature","geometry":{"type":"Point","coordinates":[-110.99725,56.30891]},"properties":{"r":127.6,"o":80,"n":"NEXEN CNOOC K2P04 RESDELN 6-26-84-7","u":"02/06-26-084-07W4/0","f":2026,"y":2013,"d":1218}},{"type":"Feature","geometry":{"type":"Point","coordinates":[-114.22152,55.52411]},"properties":{"r":142.42,"o":144,"n":"HWX 102 HZ MARTENH 6-27-75-2","u":"02/06-27-075-02W5/0","f":9068,"y":2023,"d":3453}},{"type":"Feature","geometry":{"type":"Point","coordinates":[-110.30069,54.75461]},"properties":{"r":158.46,"o":153,"n":"IMP 12 N01-H24A COLD LK 6-31-66-2","u":"02/06-31-066-02W4/0","f":3827,"y":2013,"d":1911}},{"type":"Feature","geometry":{"type":"Point","coordinates":[-110.37436,54.58005]},"properties":{"r":129.38,"o":153,"n":"IMP 01 V01-24 COLDLK 6-34-64-3      ","u":"02/06-34-064-03W4/0","f":3127,"y":2002,"d":788}},{"type":"Feature","geometry":{"type":"Point","coordinates":[-111.11054,55.53979]},"properties":{"r":1695.65,"o":67,"n":"CNRL XX5P DEVENISH 6-36-75-8","u":"02/06-36-075-08W4/0","f":3346,"y":2022,"d":2340}},{"type":"Feature","geometry":{"type":"Point","coordinates":[-110.88208,56.25064]},"properties":{"r":100.47,"o":85,"n":"COPRC HZ 2621P12 NEWBY 7-4-84-6","u":"02/07-04-084-06W4/0","f":3130,"y":2014,"d":1568}},{"type":"Feature","geometry":{"type":"Point","coordinates":[-110.51733,54.60911]},"properties":{"r":173.35,"o":153,"n":"ESSO 87 D9-7 COLDLK 7-10-65-4","u":"02/07-10-065-04W4/0","f":295,"y":1987,"d":500}},{"type":"Feature","geometry":{"type":"Point","coordinates":[-110.99225,57.24175]},"properties":{"r":376.88,"o":75,"n":"CVE V01P05 STEEPBK 7-13-95-7","u":"02/07-13-095-07W4/2","f":5519,"y":2024,"d":2327}},{"type":"Feature","geometry":{"type":"Point","coordinates":[-110.63582,54.01221]},"properties":{"r":792.2,"o":295,"n":"SRL D01W-P12 LIND 7-14-58-5","u":"02/07-14-058-05W4/0","f":5610,"y":2025,"d":1855}},{"type":"Feature","geometry":{"type":"Point","coordinates":[-110.53093,55.14721]},"properties":{"r":1127.01,"o":75,"n":"CVE N28P08 FISHER 7-15-71-4","u":"02/07-15-071-04W4/3","f":10927,"y":2025,"d":2577}},{"type":"Feature","geometry":{"type":"Point","coordinates":[-113.2806,55.85877]},"properties":{"r":121.39,"o":67,"n":"CNRL SLP2-7B PEERLESS 7-19-79-21","u":"02/07-19-079-21W4/0","f":4628,"y":2012,"d":2942}},{"type":"Feature","geometry":{"type":"Point","coordinates":[-112.14131,56.81942]},"properties":{"r":249.64,"o":233,"n":"PCC AF06P ELLS 7-22-90-14","u":"02/07-22-090-14W4/2","f":6448,"y":2014,"d":1384}},{"type":"Feature","geometry":{"type":"Point","coordinates":[-113.92591,55.51047]},"properties":{"r":185.26,"o":306,"n":"TVE 5-19 HZ 102 MARTENH 7-23-75-26","u":"02/07-23-075-26W4/0","f":8471,"y":2024,"d":3237}},{"type":"Feature","geometry":{"type":"Point","coordinates":[-113.48639,56.03336]},"properties":{"r":117.75,"o":67,"n":"CNRL WBP32-7A BRINT 7-23-81-23","u":"02/07-23-081-23W4/0","f":4628,"y":2025,"d":2154}},{"type":"Feature","geometry":{"type":"Point","coordinates":[-110.83472,56.20969]},"properties":{"r":1006.1,"o":85,"n":"COPRC 2671P08 NEWBY 7-23-83-6","u":"02/07-23-083-06W4/0","f":3130,"y":2022,"d":1863}},{"type":"Feature","geometry":{"type":"Point","coordinates":[-110.98834,56.20825]},"properties":{"r":739.87,"o":85,"n":"COPRC 101P08 HZ RESDELN 7-23-83-7","u":"02/07-23-083-07W4/0","f":3130,"y":2006,"d":1798}},{"type":"Feature","geometry":{"type":"Point","coordinates":[-110.96384,56.3815]},"properties":{"r":882.92,"o":80,"n":"NEU CNOOC 18P05 NEWBY 7-24-85-7","u":"02/07-24-085-07W4/0","f":2026,"y":2019,"d":1495}},{"type":"Feature","geometry":{"type":"Point","coordinates":[-116.85515,56.38194]},"properties":{"r":142.11,"o":67,"n":"CNUL CADOTTE 7-24-85-19","u":"02/07-24-085-19W5/0","f":11717,"y":2005,"d":1253}},{"type":"Feature","geometry":{"type":"Point","coordinates":[-110.86082,56.2215]},"properties":{"r":488.32,"o":85,"n":"COPRC HZ 2641P11 NEWBY 2-27-83-6","u":"02/07-27-083-06W4/7","f":3130,"y":2013,"d":1560}},{"type":"Feature","geometry":{"type":"Point","coordinates":[-111.0173,56.31056]},"properties":{"r":474.75,"o":80,"n":"NEXEN CNOOC K1P03 RESDELN 7-27-84-7","u":"02/07-27-084-07W4/0","f":2026,"y":2012,"d":1292}},{"type":"Feature","geometry":{"type":"Point","coordinates":[-110.44532,54.57933]},"properties":{"r":177.67,"o":153,"n":"IMP 99 Y36-10 COLDLK 7-31-64-3","u":"02/07-31-064-03W4/0","f":3127,"y":2000,"d":537}},{"type":"Feature","geometry":{"type":"Point","coordinates":[-110.74178,55.62734]},"properties":{"r":401.75,"o":75,"n":"MEG AT2P HARDY 7-32-76-5","u":"02/07-32-076-05W4/0","f":1892,"y":2017,"d":1810}},{"type":"Feature","geometry":{"type":"Point","coordinates":[-110.82157,57.19822]},"properties":{"r":977.54,"o":299,"n":"SUNCOR P118P7 FIREBAG 7-36-94-6","u":"02/07-36-094-06W4/0","f":1149,"y":2015,"d":1571}},{"type":"Feature","geometry":{"type":"Point","coordinates":[-110.81011,55.64249]},"properties":{"r":5109.9,"o":75,"n":"CVE X05P06 HARDY 8-2-77-6","u":"02/08-02-077-06W4/2","f":934,"y":2024,"d":2727}},{"type":"Feature","geometry":{"type":"Point","coordinates":[-110.88079,56.25154]},"properties":{"r":1280.48,"o":85,"n":"COPRC 2621P04STRD NEWBY 8-4-84-6","u":"02/08-04-084-06W4/2","f":3130,"y":2014,"d":1615}},{"type":"Feature","geometry":{"type":"Point","coordinates":[-110.75782,55.55454]},"properties":{"r":484.9,"o":75,"n":"CVE B23P03 KIRBY 8-6-76-5","u":"02/08-06-076-05W4/0","f":934,"y":2018,"d":2027}},{"type":"Feature","geometry":{"type":"Point","coordinates":[-110.55704,54.3473]},"properties":{"r":187.37,"o":66,"n":"CALTEX TRILOGY 102 FT KENT 8-8-62-4","u":"02/08-08-062-04W4/0","f":10396,"y":2025,"d":1315}},{"type":"Feature","geometry":{"type":"Point","coordinates":[-110.90555,57.22719]},"properties":{"r":120.58,"o":299,"n":"SUNCOR SAGD P115P4 FIREBAG  8-9-95-6","u":"02/08-09-095-06W4/0","f":1149,"y":2011,"d":1582}},{"type":"Feature","geometry":{"type":"Point","coordinates":[-114.1831,55.48253]},"properties":{"r":115.29,"o":144,"n":"HWX 102 HZ MARTENH 8-11-75-2","u":"02/08-11-075-02W5/2","f":10641,"y":2025,"d":2253}},{"type":"Feature","geometry":{"type":"Point","coordinates":[-110.85104,57.22713]},"properties":{"r":461.88,"o":299,"n":"SUNCOR P7P7B FIREBAG 8-11-95-6","u":"02/08-11-095-06W4/2","f":1149,"y":2006,"d":1571}},{"type":"Feature","geometry":{"type":"Point","coordinates":[-110.93861,55.56802]},"properties":{"r":1110.93,"o":142,"n":"HARVEST 102P7-1 LEISMER 8-12-76-7","u":"02/08-12-076-07W4/2","f":5421,"y":2011,"d":1685}},{"type":"Feature","geometry":{"type":"Point","coordinates":[-110.95893,56.19429]},"properties":{"r":309.4,"o":85,"n":"COPRC 101P13 HZ RESDELN 8-13-83-7","u":"02/08-13-083-07W4/0","f":3130,"y":2005,"d":1510}},{"type":"Feature","geometry":{"type":"Point","coordinates":[-110.86481,55.58112]},"properties":{"r":164.69,"o":75,"n":"CVE FCCL A02P02 LEISMER 8-16-76-6","u":"02/08-16-076-06W4/0","f":934,"y":2007,"d":1250}},{"type":"Feature","geometry":{"type":"Point","coordinates":[-116.30402,55.7582]},"properties":{"r":166.2,"o":46,"n":"BAYTEX E334 HZ PEAVINE 8-18-78-15","u":"02/08-18-078-15W5/2","f":10285,"y":2024,"d":3700}},{"type":"Feature","geometry":{"type":"Point","coordinates":[-110.75721,55.68498]},"properties":{"r":105.92,"o":75,"n":"MEG AG5P HARDY 8-19-77-5","u":"02/08-19-077-05W4/0","f":1892,"y":2013,"d":1406}},{"type":"Feature","geometry":{"type":"Point","coordinates":[-116.30395,55.77192]},"properties":{"r":139.03,"o":46,"n":"BAYTEX S846 HZ PEAVINE 8-19-78-15","u":"02/08-19-078-15W5/0","f":9726,"y":2024,"d":3889}},{"type":"Feature","geometry":{"type":"Point","coordinates":[-111.70694,56.12133]},"properties":{"r":259.52,"o":84,"n":"CLC 202 P07 HANGSTN 8-19-82-11","u":"02/08-19-082-11W4/0","f":3166,"y":2022,"d":1850}},{"type":"Feature","geometry":{"type":"Point","coordinates":[-110.56172,54.55106]},"properties":{"r":572.98,"o":295,"n":"SRL CS2P TUCKLK 8-20-64-4","u":"02/08-20-064-04W4/0","f":1724,"y":2024,"d":2364}},{"type":"Feature","geometry":{"type":"Point","coordinates":[-116.87529,55.94868]},"properties":{"r":135.23,"o":218,"n":"OBE 102 HZ DAWSON 8-22-80-19","u":"02/08-22-080-19W5/9","f":10874,"y":2026,"d":2201}},{"type":"Feature","geometry":{"type":"Point","coordinates":[-111.78166,56.11939]},"properties":{"r":494.57,"o":84,"n":"CLC 232 P09 DIVIDE 8-22-82-12","u":"02/08-22-082-12W4/0","f":3166,"y":2024,"d":2338}},{"type":"Feature","geometry":{"type":"Point","coordinates":[-111.63937,56.29427]},"properties":{"r":155.61,"o":136,"n":"GROC W05-P09 HANGSTN 8-22-84-11","u":"02/08-22-084-11W4/0","f":4543,"y":2014,"d":1266}},{"type":"Feature","geometry":{"type":"Point","coordinates":[-110.95753,56.38148]},"properties":{"r":961.46,"o":80,"n":"NEU CNOOC 18P09 NEWBY 8-24-85-7","u":"02/08-24-085-07W4/0","f":2026,"y":2019,"d":1434}},{"type":"Feature","geometry":{"type":"Point","coordinates":[-116.69032,56.22282]},"properties":{"r":152.4,"o":46,"n":"BAYTEX W535 HZ 02 CADOTTE 8-25-83-18","u":"02/08-25-083-18W5/0","f":10879,"y":2025,"d":3035}},{"type":"Feature","geometry":{"type":"Point","coordinates":[-110.69535,55.08886]},"properties":{"r":812.01,"o":75,"n":"CVE W28P01 KIRBY 8-28-70-5","u":"02/08-28-070-05W4/2","f":10927,"y":2022,"d":1715}},{"type":"Feature","geometry":{"type":"Point","coordinates":[-111.01529,55.52385]},"properties":{"r":213.08,"o":67,"n":"CNRL FF3P RE CONKLIN 8-28-75-7","u":"02/08-28-075-07W4/2","f":3346,"y":2012,"d":1563}},{"type":"Feature","geometry":{"type":"Point","coordinates":[-110.91956,57.18261]},"properties":{"r":567.74,"o":299,"n":"SUNCOR P126P2 FIREBAG 8-29-94-6","u":"02/08-29-094-06W4/0","f":1149,"y":2021,"d":1777}},{"type":"Feature","geometry":{"type":"Point","coordinates":[-111.07301,55.52618]},"properties":{"r":177.02,"o":67,"n":"CNRL QQ1P CONKLIN 8-30-75-7","u":"02/08-30-075-07W4/0","f":3346,"y":2017,"d":1419}},{"type":"Feature","geometry":{"type":"Point","coordinates":[-110.58677,54.49129]},"properties":{"r":113.66,"o":67,"n":"CNRL 8A2 HZ FT KENT 8-31-63-4","u":"02/08-31-063-04W4/0","f":9970,"y":2024,"d":1864}},{"type":"Feature","geometry":{"type":"Point","coordinates":[-110.90638,56.41048]},"properties":{"r":105.63,"o":80,"n":"CNOOC 14P09 NEWBY 8-32-85-6","u":"02/08-32-085-06W4/0","f":2026,"y":2022,"d":1306}},{"type":"Feature","geometry":{"type":"Point","coordinates":[-110.51084,54.66763]},"properties":{"r":112.86,"o":153,"n":"IMP 93 H32-17 COLDLK 8-34-65-4","u":"02/08-34-065-04W4/0","f":295,"y":1993,"d":551}},{"type":"Feature","geometry":{"type":"Point","coordinates":[-111.64153,56.32305]},"properties":{"r":611.79,"o":136,"n":"GROC HZRP HANGSTN 8-34-84-11","u":"02/08-34-084-11W4/0","f":1314,"y":2006,"d":1303}},{"type":"Feature","geometry":{"type":"Point","coordinates":[-110.80808,55.71439]},"properties":{"r":1483.74,"o":75,"n":"MEG AV7P HARDY 8-35-77-6","u":"02/08-35-077-06W4/0","f":1892,"y":2025,"d":1898}},{"type":"Feature","geometry":{"type":"Point","coordinates":[-110.60475,54.05403]},"properties":{"r":392.57,"o":295,"n":"SRL D08-P7 MURIELLK 8-36-58-5","u":"02/08-36-058-05W4/2","f":5610,"y":2022,"d":2350}},{"type":"Feature","geometry":{"type":"Point","coordinates":[-110.62076,54.92813]},"properties":{"r":348.16,"o":67,"n":"CNRL 6C71 FISHER 8-36-68-5","u":"02/08-36-068-05W4/0","f":11042,"y":2023,"d":3000}},{"type":"Feature","geometry":{"type":"Point","coordinates":[-113.69993,55.44998]},"properties":{"r":179.99,"o":144,"n":"HWX MARTENH 1-36-74-25","u":"02/08-36-074-25W4/8","f":8565,"y":2017,"d":2805}},{"type":"Feature","geometry":{"type":"Point","coordinates":[-110.33758,54.77203]},"properties":{"r":397.7,"o":67,"n":"CNRL 12A75 PRIMROSE 9-2-67-3","u":"02/09-02-067-03W4/0","f":11042,"y":2007,"d":1735}},{"type":"Feature","geometry":{"type":"Point","coordinates":[-110.95959,57.2167]},"properties":{"r":1088.37,"o":299,"n":"SUNCOR P111P9 FIREBAG 9-6-95-6","u":"02/09-06-095-06W4/0","f":1149,"y":2019,"d":1265}},{"type":"Feature","geometry":{"type":"Point","coordinates":[-110.5822,54.34842]},"properties":{"r":233.75,"o":66,"n":"CALTEX TRILOGY 102 FT KENT 9-7-62-4","u":"02/09-07-062-04W4/4","f":10192,"y":2025,"d":1966}},{"type":"Feature","geometry":{"type":"Point","coordinates":[-110.95491,57.2314]},"properties":{"r":579.35,"o":299,"n":"SUNCOR P114P7 FIREBAG 9-7-95-6","u":"02/09-07-095-06W4/0","f":1149,"y":2013,"d":1676}},{"type":"Feature","geometry":{"type":"Point","coordinates":[-110.41304,54.52288]},"properties":{"r":828.39,"o":295,"n":"SRL G4-P02 ETHELLK 9-8-64-3","u":"02/09-08-064-03W4/2","f":2122,"y":2024,"d":2125}},{"type":"Feature","geometry":{"type":"Point","coordinates":[-116.61159,56.35885]},"properties":{"r":123.22,"o":46,"n":"BAYTEX S475 HZ CADOTTE 9-9-85-17","u":"02/09-09-085-17W5/2","f":10025,"y":2022,"d":2194}},{"type":"Feature","geometry":{"type":"Point","coordinates":[-110.51462,54.60995]},"properties":{"r":108.58,"o":153,"n":"ESSO 87 D9-3 COLDLK 9-10-65-4","u":"02/09-10-065-04W4/0","f":295,"y":1987,"d":545}},{"type":"Feature","geometry":{"type":"Point","coordinates":[-110.89745,53.83934]},"properties":{"r":158.61,"o":66,"n":"CALTEX TRILOGY 102 LIND 9-13-56-7","u":"02/09-13-056-07W4/9","f":10887,"y":2026,"d":2248}},{"type":"Feature","geometry":{"type":"Point","coordinates":[-114.31338,55.58531]},"properties":{"r":126.4,"o":293,"n":"SPL 16-14 102 MARTENH 9-13-76-3","u":"02/09-13-076-03W5/0","f":10768,"y":2025,"d":2561}},{"type":"Feature","geometry":{"type":"Point","coordinates":[-110.4921,54.80159]},"properties":{"r":452.82,"o":67,"n":"CNRL 2C28 PRIMROSE 9-14-67-4","u":"02/09-14-067-04W4/0","f":11042,"y":2006,"d":2344}},{"type":"Feature","geometry":{"type":"Point","coordinates":[-111.0948,57.24285]},"properties":{"r":174.35,"o":75,"n":"HUSKY B 16-8 P4 STEEPBK 9-17-95-7","u":"02/09-17-095-07W4/2","f":5519,"y":2011,"d":1175}},{"type":"Feature","geometry":{"type":"Point","coordinates":[-116.304,55.75998]},"properties":{"r":200.54,"o":46,"n":"BAYTEX S480 HZ PEAVINE 9-18-78-15","u":"02/09-18-078-15W5/0","f":9500,"y":2024,"d":3847}},{"type":"Feature","geometry":{"type":"Point","coordinates":[-111.11986,57.24485]},"properties":{"r":470.31,"o":75,"n":"HUSKY B 13-8 P1 STEEPBK 9-18-95-7","u":"02/09-18-095-07W4/0","f":5519,"y":2011,"d":1260}},{"type":"Feature","geometry":{"type":"Point","coordinates":[-116.30402,55.77475]},"properties":{"r":131.25,"o":46,"n":"BAYTEX S670 HZ PEAVINE 9-19-78-15","u":"02/09-19-078-15W5/0","f":9726,"y":2024,"d":3787}},{"type":"Feature","geometry":{"type":"Point","coordinates":[-110.53916,54.55507]},"properties":{"r":187.25,"o":295,"n":"SRL H8P TUCKLK 9-21-64-4","u":"02/09-21-064-04W4/0","f":1724,"y":2022,"d":1932}},{"type":"Feature","geometry":{"type":"Point","coordinates":[-111.01272,55.34057]},"properties":{"r":272.12,"o":67,"n":"CNRL B 7P KIRBY 9-21-73-7","u":"02/09-21-073-07W4/0","f":3534,"y":2011,"d":1904}},{"type":"Feature","geometry":{"type":"Point","coordinates":[-110.36683,54.81574]},"properties":{"r":235.26,"o":67,"n":"CNRL 2A93 PRIMROSE 9-22-67-3","u":"02/09-22-067-03W4/0","f":11042,"y":2011,"d":1951}},{"type":"Feature","geometry":{"type":"Point","coordinates":[-110.85112,56.21282]},"properties":{"r":126.8,"o":85,"n":"COPRC HZ 2652P01STK NEWBY 9-22-83-6","u":"02/09-22-083-06W4/2","f":3130,"y":2014,"d":1663}},{"type":"Feature","geometry":{"type":"Point","coordinates":[-110.49214,54.81412]},"properties":{"r":119.04,"o":67,"n":"CNRL 20C28N PRIMROSE 9-23-67-4","u":"02/09-23-067-04W4/0","f":11042,"y":2007,"d":2049}},{"type":"Feature","geometry":{"type":"Point","coordinates":[-113.6999,55.42696]},"properties":{"r":101.45,"o":144,"n":"HWX 102 6HZ MARTENH 9-24-74-25","u":"02/09-24-074-25W4/0","f":8565,"y":2022,"d":2410}},{"type":"Feature","geometry":{"type":"Point","coordinates":[-110.85172,56.22555]},"properties":{"r":1323.08,"o":85,"n":"COPRC 2623P04STRD NEWBY 9-27-83-6","u":"02/09-27-083-06W4/2","f":3130,"y":2013,"d":1535}},{"type":"Feature","geometry":{"type":"Point","coordinates":[-110.41523,55.09093]},"properties":{"r":351.39,"o":75,"n":"CVE FCCL E26P10 FISHER 9-29-70-3","u":"02/09-29-070-03W4/2","f":10927,"y":2016,"d":2179}},{"type":"Feature","geometry":{"type":"Point","coordinates":[-113.80193,55.35215]},"properties":{"r":103.63,"o":293,"n":"SPL 12-27 102 MARTENH 9-29-73-25","u":"02/09-29-073-25W4/4","f":7981,"y":2025,"d":2445}},{"type":"Feature","geometry":{"type":"Point","coordinates":[-110.92437,57.18452]},"properties":{"r":1388.7,"o":299,"n":"SUNCOR  P126P6 FIREBAG 9-29-94-6","u":"02/09-29-094-06W4/0","f":1149,"y":2021,"d":1637}},{"type":"Feature","geometry":{"type":"Point","coordinates":[-111.07299,55.52688]},"properties":{"r":160.29,"o":67,"n":"CNRL QQ2P CONKLIN 9-30-75-7","u":"02/09-30-075-07W4/0","f":3346,"y":2017,"d":1393}},{"type":"Feature","geometry":{"type":"Point","coordinates":[-110.78921,57.19899]},"properties":{"r":1748.29,"o":299,"n":"SUNCOR P123P7 FIREBAG 9-31-94-5","u":"02/09-31-094-05W4/0","f":1149,"y":2019,"d":1812}},{"type":"Feature","geometry":{"type":"Point","coordinates":[-110.85773,54.40714]},"properties":{"r":209.7,"o":67,"n":"CNRL 9A HZ FORSYTH 9-32-62-6","u":"02/09-32-062-06W4/0","f":10233,"y":2024,"d":1887}},{"type":"Feature","geometry":{"type":"Point","coordinates":[-113.62309,55.36669]},"properties":{"r":136.22,"o":67,"n":"CNRL HZ 102 MARTENH 9-33-73-24","u":"02/09-33-073-24W4/0","f":9010,"y":2022,"d":2330}},{"type":"Feature","geometry":{"type":"Point","coordinates":[-110.80955,55.71557]},"properties":{"r":1286.35,"o":75,"n":"MEG AV9P HARDY 9-35-77-6","u":"02/09-35-077-06W4/0","f":1892,"y":2025,"d":2027}},{"type":"Feature","geometry":{"type":"Point","coordinates":[-110.62165,54.93133]},"properties":{"r":420.77,"o":67,"n":"CNRL 12C71 FISHER 9-36-68-5","u":"02/09-36-068-05W4/0","f":11042,"y":2023,"d":3167}},{"type":"Feature","geometry":{"type":"Point","coordinates":[-111.43025,56.50079]},"properties":{"r":860.63,"o":34,"n":"ATHABASCA AA07P HANGST 9-36-86-10","u":"02/09-36-086-10W4/0","f":5356,"y":2024,"d":2011}},{"type":"Feature","geometry":{"type":"Point","coordinates":[-110.31895,54.77205]},"properties":{"r":349.57,"o":67,"n":"CNRL 12A78 PRIMROSE 10-1-67-3","u":"02/10-01-067-03W4/0","f":11042,"y":2007,"d":1750}},{"type":"Feature","geometry":{"type":"Point","coordinates":[-110.34404,54.77061]},"properties":{"r":249.52,"o":67,"n":"CNRL 19A75 PRIMROSE 10-2-67-3","u":"02/10-02-067-03W4/0","f":11042,"y":2007,"d":2146}},{"type":"Feature","geometry":{"type":"Point","coordinates":[-110.81689,55.64327]},"properties":{"r":2797.51,"o":75,"n":"CVE X05P03 HARDY 10-2-77-6","u":"02/10-02-077-06W4/0","f":934,"y":2024,"d":2453}},{"type":"Feature","geometry":{"type":"Point","coordinates":[-110.68841,55.64619]},"properties":{"r":142.02,"o":75,"n":"MEG N9P HARDY 10-3-77-5","u":"02/10-03-077-05W4/0","f":1892,"y":2011,"d":1652}},{"type":"Feature","geometry":{"type":"Point","coordinates":[-110.3937,54.5964]},"properties":{"r":108.96,"o":153,"n":"IMP 01 U03-04 COLDLK 10-4-65-3","u":"02/10-04-065-03W4/0","f":3127,"y":2002,"d":646}},{"type":"Feature","geometry":{"type":"Point","coordinates":[-110.54575,54.68518]},"properties":{"r":233.75,"o":153,"n":"IMP H91-H08 LEMING 10-4-66-4","u":"02/10-04-066-04W4/0","f":295,"y":2020,"d":1915}},{"type":"Feature","geometry":{"type":"Point","coordinates":[-110.11112,53.81301]},"properties":{"r":166.47,"o":67,"n":"CNRL 10D FROG LK 10-5-56-1","u":"02/10-05-056-01W4/0","f":10215,"y":2013,"d":678}},{"type":"Feature","geometry":{"type":"Point","coordinates":[-111.55599,55.83349]},"properties":{"r":872.46,"o":34,"n":"ATHABASCA L10P01 LEISMER 10-7-79-10","u":"02/10-07-079-10W4/0","f":2782,"y":2024,"d":2126}},{"type":"Feature","geometry":{"type":"Point","coordinates":[-114.29523,55.92167]},"properties":{"r":116.19,"o":293,"n":"SPL 6-6 102 MCLEOD LAKE 10-7-80-2","u":"02/10-07-080-02W5/3","f":8590,"y":2024,"d":2700}},{"type":"Feature","geometry":{"type":"Point","coordinates":[-110.90807,57.22884]},"properties":{"r":161.71,"o":299,"n":"SUNCOR P115P2 FIREBAG 10-9-95-6","u":"02/10-09-095-06W4/0","f":1149,"y":2012,"d":1521}},{"type":"Feature","geometry":{"type":"Point","coordinates":[-114.3763,55.58626]},"properties":{"r":207.19,"o":293,"n":"SPL 16-14 102 MARTENH 10-15-76-3","u":"02/10-15-076-03W5/0","f":10768,"y":2025,"d":2960}},{"type":"Feature","geometry":{"type":"Point","coordinates":[-111.64663,56.28423]},"properties":{"r":137.83,"o":136,"n":"GROC W05-P03 HANGSTN 10-15-84-11","u":"02/10-15-084-11W4/0","f":4543,"y":2014,"d":1306}},{"type":"Feature","geometry":{"type":"Point","coordinates":[-110.74116,55.68831]},"properties":{"r":500.48,"o":75,"n":"MEG AH1P HARDY 10-20-77-5","u":"02/10-20-077-05W4/0","f":1892,"y":2018,"d":1620}},{"type":"Feature","geometry":{"type":"Point","coordinates":[-111.09984,57.25767]},"properties":{"r":526.69,"o":75,"n":"HUSKY B 16-17 P1 STEEPBK 10-20-95-7","u":"02/10-20-095-07W4/0","f":5519,"y":2012,"d":1269}},{"type":"Feature","geometry":{"type":"Point","coordinates":[-111.07331,57.25769]},"properties":{"r":1592.39,"o":75,"n":"HUSKY B15-16 P5 STEEPBK 10-21-95-7","u":"02/10-21-095-07W4/0","f":5519,"y":2012,"d":1253}},{"type":"Feature","geometry":{"type":"Point","coordinates":[-111.00039,55.51208]},"properties":{"r":295.22,"o":67,"n":"CNRL K1P RE CONKLIN 10-22-75-7","u":"02/10-22-075-07W4/2","f":5101,"y":2013,"d":1575}},{"type":"Feature","geometry":{"type":"Point","coordinates":[-113.9259,55.51499]},"properties":{"r":206.79,"o":306,"n":"TVE 5-19 HZ 102 MARTENH 10-23-75-26","u":"02/10-23-075-26W4/0","f":8471,"y":2024,"d":3355}},{"type":"Feature","geometry":{"type":"Point","coordinates":[-113.45492,55.77651]},"properties":{"r":656.24,"o":67,"n":"CNRL DWP09 SM1 DRIFTW 10-23-78-23","u":"02/10-23-078-23W4/0","f":10957,"y":2026,"d":2335}},{"type":"Feature","geometry":{"type":"Point","coordinates":[-116.85514,56.38595]},"properties":{"r":135.94,"o":67,"n":"CNUL CADOTTE 10-24-85-19","u":"02/10-24-085-19W5/0","f":11717,"y":2005,"d":1445}},{"type":"Feature","geometry":{"type":"Point","coordinates":[-110.78802,54.39374]},"properties":{"r":222.09,"o":67,"n":"CNRL 10D HZ FORSYTH 10-26-62-6","u":"02/10-26-062-06W4/0","f":10661,"y":2025,"d":2498}},{"type":"Feature","geometry":{"type":"Point","coordinates":[-111.01982,56.31206]},"properties":{"r":624.49,"o":80,"n":"NEXEN CNOOC K1P06 RESDELN 10-27-84-7","u":"02/10-27-084-07W4/0","f":2026,"y":2012,"d":1221}},{"type":"Feature","geometry":{"type":"Point","coordinates":[-113.85891,56.31206]},"properties":{"r":138.59,"o":67,"n":"CNRL GDLP2-10A GOODLOW 10-27-84-25","u":"02/10-27-084-25W4/0","f":9370,"y":2023,"d":492}},{"type":"Feature","geometry":{"type":"Point","coordinates":[-110.39389,55.09116]},"properties":{"r":403.95,"o":75,"n":"CVE E28P01 FISHER 10-28-70-3","u":"02/10-28-070-03W4/0","f":10927,"y":2023,"d":1843}},{"type":"Feature","geometry":{"type":"Point","coordinates":[-110.92676,57.18549]},"properties":{"r":857.13,"o":299,"n":"SUNCOR P126P8 FIREBAG 10-29-94-6","u":"02/10-29-094-06W4/0","f":1149,"y":2021,"d":1669}},{"type":"Feature","geometry":{"type":"Point","coordinates":[-110.71941,54.6697]},"properties":{"r":107.79,"o":67,"n":"CNRL S1B 1L WOLF LK 10-32-65-5","u":"02/10-32-065-05W4/0","f":11042,"y":2010,"d":1612}},{"type":"Feature","geometry":{"type":"Point","coordinates":[-110.73873,55.62842]},"properties":{"r":473.33,"o":75,"n":"MEG AT1P HARDY 10-32-76-5","u":"02/10-32-076-05W4/0","f":1892,"y":2017,"d":1555}},{"type":"Feature","geometry":{"type":"Point","coordinates":[-110.48276,53.88564]},"properties":{"r":118.29,"o":67,"n":"CNRL 10D HZ LIND 10-35-56-4","u":"02/10-35-056-04W4/0","f":10284,"y":2024,"d":2344}},{"type":"Feature","geometry":{"type":"Point","coordinates":[-110.3461,54.58207]},"properties":{"r":183.47,"o":153,"n":"IMP 03 V08-20 COLD LK 10-35-64-3","u":"02/10-35-064-03W4/0","f":3127,"y":2004,"d":731}},{"type":"Feature","geometry":{"type":"Point","coordinates":[-110.62257,54.93241]},"properties":{"r":347.47,"o":67,"n":"CNRL 14C71 FISHER 10-36-68-5","u":"02/10-36-068-05W4/2","f":11042,"y":2023,"d":3296}},{"type":"Feature","geometry":{"type":"Point","coordinates":[-110.81995,57.20158]},"properties":{"r":1980.89,"o":299,"n":"SUNCOR P118P3B FIREBAG 10-36-94-6","u":"02/10-36-094-06W4/2","f":1149,"y":2015,"d":1808}},{"type":"Feature","geometry":{"type":"Point","coordinates":[-110.49583,54.33397]},"properties":{"r":148.94,"o":66,"n":"CALTEX TRILOGY 102 FT KENT 11-2-62-4","u":"02/11-02-062-04W4/7","f":10645,"y":2025,"d":1356}},{"type":"Feature","geometry":{"type":"Point","coordinates":[-110.82271,55.64343]},"properties":{"r":3791.14,"o":75,"n":"CVE X06P01 HARDY 11-2-77-6","u":"02/11-02-077-06W4/0","f":934,"y":2023,"d":2239}},{"type":"Feature","geometry":{"type":"Point","coordinates":[-116.39357,55.82177]},"properties":{"r":162.03,"o":46,"n":"BAYTEX N815 HZ DAWSON 11-2-79-16","u":"02/11-02-079-16W5/3","f":10059,"y":2025,"d":2997}},{"type":"Feature","geometry":{"type":"Point","coordinates":[-110.86041,57.21473]},"properties":{"r":200.02,"o":299,"n":"SUNCOR SAGD P8P8 FIREBAG 11-2-95-6","u":"02/11-02-095-06W4/0","f":1149,"y":2006,"d":1155}},{"type":"Feature","geometry":{"type":"Point","coordinates":[-111.18773,55.46907]},"properties":{"r":192.76,"o":67,"n":"CNRL KN02-09P RE DEVENISH 11-4-75-8","u":"02/11-04-075-08W4/2","f":5737,"y":2018,"d":1684}},{"type":"Feature","geometry":{"type":"Point","coordinates":[-110.96829,57.22919]},"properties":{"r":858.22,"o":299,"n":"SUNCOR P130P1 FIREBAG 11-7-95-6","u":"02/11-07-095-06W4/0","f":1149,"y":2023,"d":1829}},{"type":"Feature","geometry":{"type":"Point","coordinates":[-110.53288,54.87249]},"properties":{"r":201.36,"o":67,"n":"CNRL 20A58 PRIMROSE 11-10-68-4","u":"02/11-10-068-04W4/0","f":11042,"y":2008,"d":2438}},{"type":"Feature","geometry":{"type":"Point","coordinates":[-112.12031,56.80931]},"properties":{"r":129.7,"o":233,"n":"MACOP AB01P CRKD RPS 11-14-90-14","u":"02/11-14-090-14W4/0","f":6448,"y":2013,"d":1375}},{"type":"Feature","geometry":{"type":"Point","coordinates":[-111.07908,57.24536]},"properties":{"r":939.82,"o":75,"n":"CVE EP05-1 STEEPBK 11-16-95-7","u":"02/11-16-095-07W4/0","f":5519,"y":2023,"d":1618}},{"type":"Feature","geometry":{"type":"Point","coordinates":[-110.87376,54.36375]},"properties":{"r":160.6,"o":67,"n":"CNRL 11B HZ FORSYTH 11-17-62-6","u":"02/11-17-062-06W4/2","f":10588,"y":2025,"d":1814}},{"type":"Feature","geometry":{"type":"Point","coordinates":[-110.99782,55.33807]},"properties":{"r":445.78,"o":67,"n":"CNRL A 6P KIRBY 11-22-73-7","u":"02/11-22-073-07W4/0","f":3534,"y":2011,"d":1820}},{"type":"Feature","geometry":{"type":"Point","coordinates":[-111.00376,55.51196]},"properties":{"r":567.8,"o":67,"n":"CNRL K3P RE CONKLIN 11-22-75-7","u":"02/11-22-075-07W4/2","f":5101,"y":2013,"d":1476}},{"type":"Feature","geometry":{"type":"Point","coordinates":[-111.65417,56.29734]},"properties":{"r":210.06,"o":136,"n":"GROC HE W4-P3 RD HANGSTN 11-22-84-11","u":"02/11-22-084-11W4/2","f":4543,"y":2014,"d":1377}},{"type":"Feature","geometry":{"type":"Point","coordinates":[-110.34633,54.72938]},"properties":{"r":258.76,"o":153,"n":"IMP 12 HZ N05-H01 COLD LK 11-23-66-3","u":"02/11-23-066-03W4/0","f":3827,"y":2013,"d":1842}},{"type":"Feature","geometry":{"type":"Point","coordinates":[-110.82693,55.61407]},"properties":{"r":1027.9,"o":75,"n":"CVE L04P11 LEISMER 11-26-76-6","u":"02/11-26-076-06W4/2","f":934,"y":2022,"d":2565}},{"type":"Feature","geometry":{"type":"Point","coordinates":[-113.51985,56.05171]},"properties":{"r":112.96,"o":67,"n":"CNRES WBP14-11C BRINT 11-27-81-23","u":"02/11-27-081-23W4/0","f":4628,"y":2002,"d":3021}},{"type":"Feature","geometry":{"type":"Point","coordinates":[-110.8832,57.18565]},"properties":{"r":234.46,"o":299,"n":"SUNCOR P122P11 FIREBAG 11-27-94-6","u":"02/11-27-094-06W4/0","f":1149,"y":2019,"d":1905}},{"type":"Feature","geometry":{"type":"Point","coordinates":[-110.89372,56.40005]},"properties":{"r":105.58,"o":80,"n":"NEXEN CNOOC 15P03 NEWBY 11-28-85-6","u":"02/11-28-085-06W4/0","f":2026,"y":2012,"d":922}},{"type":"Feature","geometry":{"type":"Point","coordinates":[-110.43871,53.88511]},"properties":{"r":103.87,"o":67,"n":"CNRL 11D HZ LIND 11-31-56-3","u":"02/11-31-056-03W4/0","f":10522,"y":2025,"d":2095}},{"type":"Feature","geometry":{"type":"Point","coordinates":[-110.92012,56.41389]},"properties":{"r":211.3,"o":80,"n":"NEXENCAN OPTI LLKHZ 01P01 11-32-85-6","u":"02/11-32-085-06W4/0","f":2026,"y":2002,"d":1200}},{"type":"Feature","geometry":{"type":"Point","coordinates":[-110.37869,54.84344]},"properties":{"r":384.66,"o":67,"n":"CNRL 22A93 MOORE 11-34-67-3","u":"02/11-34-067-03W4/2","f":11042,"y":2024,"d":2287}},{"type":"Feature","geometry":{"type":"Point","coordinates":[-116.40019,55.8044]},"properties":{"r":111.04,"o":46,"n":"BAYTEX S925 HZ DAWSON 11-34-78-16","u":"02/11-34-078-16W5/0","f":9451,"y":2023,"d":3297}},{"type":"Feature","geometry":{"type":"Point","coordinates":[-110.3311,54.77203]},"properties":{"r":105.48,"o":67,"n":"CNRL 5A75 PRIMROSE 12-1-67-3","u":"02/12-01-067-03W4/0","f":11042,"y":2007,"d":1667}},{"type":"Feature","geometry":{"type":"Point","coordinates":[-111.27018,55.47039]},"properties":{"r":432.76,"o":67,"n":"CNRL KN06-02P KIRBY 12-1-75-9","u":"02/12-01-075-09W4/0","f":5737,"y":2022,"d":1715}},{"type":"Feature","geometry":{"type":"Point","coordinates":[-110.95941,54.4226]},"properties":{"r":127.66,"o":67,"n":"CNRL 12B HZ SUGDEN 12-2-63-7","u":"02/12-02-063-07W4/0","f":10520,"y":2025,"d":1714}},{"type":"Feature","geometry":{"type":"Point","coordinates":[-110.50527,54.59808]},"properties":{"r":114.37,"o":153,"n":"IMP 99 D31-13 COLDLK 12-2-65-4","u":"02/12-02-065-04W4/0","f":295,"y":2000,"d":721}},{"type":"Feature","geometry":{"type":"Point","coordinates":[-110.89403,57.2159]},"properties":{"r":346.04,"o":299,"n":"SUNCOR SAGD P16P10 FIREBAG  12-3-95-","u":"02/12-03-095-06W4/0","f":1149,"y":2010,"d":1471}},{"type":"Feature","geometry":{"type":"Point","coordinates":[-110.40371,54.59754]},"properties":{"r":133.91,"o":153,"n":"IMP 01 U04-04 COLDLK 12-4-65-3","u":"02/12-04-065-03W4/0","f":3127,"y":2001,"d":579}},{"type":"Feature","geometry":{"type":"Point","coordinates":[-110.58965,54.9446]},"properties":{"r":104.05,"o":67,"n":"CNRL 12A160 FISHER 12-5-69-4","u":"02/12-05-069-04W4/0","f":11042,"y":2022,"d":2772}},{"type":"Feature","geometry":{"type":"Point","coordinates":[-114.13031,55.4707]},"properties":{"r":252.49,"o":144,"n":"HWX 102 HZ MARTENH 12-5-75-1","u":"02/12-05-075-01W5/2","f":10963,"y":2026,"d":2280}},{"type":"Feature","geometry":{"type":"Point","coordinates":[-111.22023,55.46884]},"properties":{"r":694.6,"o":67,"n":"CNRL KN07-03P DEVENISH 12-5-75-8","u":"02/12-05-075-08W4/0","f":5737,"y":2023,"d":2498}},{"type":"Feature","geometry":{"type":"Point","coordinates":[-116.47751,55.82095]},"properties":{"r":133.49,"o":46,"n":"BAYTEX N815 HZ DAWSON 12-5-79-16","u":"02/12-05-079-16W5/0","f":10059,"y":2025,"d":3711}},{"type":"Feature","geometry":{"type":"Point","coordinates":[-113.29061,55.90676]},"properties":{"r":101.52,"o":67,"n":"CNRL CBP3-12D BARNEY 12-6-80-21","u":"02/12-06-080-21W4/0","f":4628,"y":2012,"d":2590}},{"type":"Feature","geometry":{"type":"Point","coordinates":[-114.15279,55.48339]},"properties":{"r":114.62,"o":144,"n":"HWX 102 HZ MARTENH 12-7-75-1","u":"02/12-07-075-01W5/0","f":9573,"y":2024,"d":2208}},{"type":"Feature","geometry":{"type":"Point","coordinates":[-110.98014,57.22947]},"properties":{"r":1026.2,"o":299,"n":"SUNCOR P111P16 FIREBAG 12-7-95-6","u":"02/12-07-095-06W4/0","f":1149,"y":2019,"d":1626}},{"type":"Feature","geometry":{"type":"Point","coordinates":[-110.58959,54.95917]},"properties":{"r":192.03,"o":67,"n":"CNRL 14A161 FISHER 12-8-69-4","u":"02/12-08-069-04W4/0","f":11042,"y":2022,"d":2665}},{"type":"Feature","geometry":{"type":"Point","coordinates":[-113.70516,55.48344]},"properties":{"r":217.67,"o":144,"n":"HWX 9-36 HZ 102 MARTENH 12-8-75-24","u":"02/12-08-075-24W4/0","f":8565,"y":2022,"d":3618}},{"type":"Feature","geometry":{"type":"Point","coordinates":[-110.59901,55.65999]},"properties":{"r":448.42,"o":75,"n":"MEG DA2P HARDY 12-8-77-4","u":"02/12-08-077-04W4/0","f":1892,"y":2022,"d":2047}},{"type":"Feature","geometry":{"type":"Point","coordinates":[-111.85336,56.09569]},"properties":{"r":806.67,"o":84,"n":"CLC 105 P05 DIVIDE 12-8-82-12","u":"02/12-08-082-12W4/0","f":3165,"y":2022,"d":2127}},{"type":"Feature","geometry":{"type":"Point","coordinates":[-116.40101,56.00733]},"properties":{"r":161.82,"o":134,"n":"I3 ENERGY 102 DAWSON 12-11-81-16","u":"02/12-11-081-16W5/0","f":10191,"y":2024,"d":2533}},{"type":"Feature","geometry":{"type":"Point","coordinates":[-110.48575,54.87258]},"properties":{"r":110.7,"o":67,"n":"CNRL 20A66 PRIMROSE 12-12-68-4","u":"02/12-12-068-04W4/0","f":11042,"y":2008,"d":2684}},{"type":"Feature","geometry":{"type":"Point","coordinates":[-110.4859,54.80064]},"properties":{"r":281.45,"o":67,"n":"CNRL 9C27 PRIMROSE 12-14-67-4","u":"02/12-13-067-04W4/2","f":11042,"y":2006,"d":2701}},{"type":"Feature","geometry":{"type":"Point","coordinates":[-110.48566,54.88682]},"properties":{"r":238.89,"o":67,"n":"CNRL 20A67 PRIMROSE 12-13-68-4","u":"02/12-13-068-04W4/0","f":11042,"y":2009,"d":2741}},{"type":"Feature","geometry":{"type":"Point","coordinates":[-110.38056,54.54049]},"properties":{"r":721.52,"o":295,"n":"OPC P109-P5 COLD LK 12-15-64-3","u":"02/12-15-064-03W4/0","f":2122,"y":2018,"d":1712}},{"type":"Feature","geometry":{"type":"Point","coordinates":[-114.38476,55.58849]},"properties":{"r":175.86,"o":293,"n":"SPL 14-3 102 MARTENH 12-15-76-3","u":"02/12-15-076-03W5/0","f":10677,"y":2025,"d":3717}},{"type":"Feature","geometry":{"type":"Point","coordinates":[-116.40619,55.75999]},"properties":{"r":101.33,"o":46,"n":"BAYTEX S498 HZ  HEARTR 12-15-78-16","u":"02/12-15-078-16W5/0","f":9500,"y":2024,"d":3706}},{"type":"Feature","geometry":{"type":"Point","coordinates":[-110.55893,54.71196]},"properties":{"r":169.57,"o":153,"n":"IMP 05 H59-H07 COLD LK 12-16-66-4","u":"02/12-16-066-04W4/0","f":295,"y":2006,"d":1630}},{"type":"Feature","geometry":{"type":"Point","coordinates":[-114.10386,55.49994]},"properties":{"r":169.66,"o":144,"n":"HWX 104 HZ MARTENH 12-16-75-1","u":"02/12-16-075-01W5/2","f":10119,"y":2024,"d":3028}},{"type":"Feature","geometry":{"type":"Point","coordinates":[-110.43317,55.06232]},"properties":{"r":359.38,"o":75,"n":"CVE E04P01-2 FISHER 12-17-70-3","u":"02/12-17-070-03W4/3","f":10927,"y":2022,"d":2283}},{"type":"Feature","geometry":{"type":"Point","coordinates":[-114.15627,55.49818]},"properties":{"r":138.44,"o":144,"n":"HWX 102 HZ MARTENH 12-18-75-1","u":"02/12-18-075-01W5/0","f":9573,"y":2024,"d":3236}},{"type":"Feature","geometry":{"type":"Point","coordinates":[-110.97987,57.24437]},"properties":{"r":283.5,"o":299,"n":"SUNCOR P132P9 FIREBAG 12-18-95-6","u":"02/12-18-095-06W4/0","f":1149,"y":2023,"d":1764}},{"type":"Feature","geometry":{"type":"Point","coordinates":[-110.30429,54.72717]},"properties":{"r":110.76,"o":153,"n":"IMP 12 HZ N05-H12 COLD LK 12-19-66-2","u":"02/12-19-066-02W4/0","f":3827,"y":2013,"d":1703}},{"type":"Feature","geometry":{"type":"Point","coordinates":[-110.8823,55.60152]},"properties":{"r":1201.46,"o":75,"n":"CVE M17P08 LEISMER 12-21-76-6","u":"02/12-21-076-06W4/2","f":934,"y":2023,"d":2013}},{"type":"Feature","geometry":{"type":"Point","coordinates":[-111.66088,56.29741]},"properties":{"r":154.48,"o":136,"n":"GROC W01-P05 HANGSTN 12-22-84-11","u":"02/12-22-084-11W4/0","f":4543,"y":2013,"d":1407}},{"type":"Feature","geometry":{"type":"Point","coordinates":[-116.55548,56.313]},"properties":{"r":209.7,"o":67,"n":"CNUL HZ 102 CADOTTE 12-25-84-17","u":"02/12-25-084-17W5/0","f":7349,"y":2025,"d":2702}},{"type":"Feature","geometry":{"type":"Point","coordinates":[-110.82842,55.61441]},"properties":{"r":799.73,"o":75,"n":"CVE L04P12 LEISMER 12-26-76-6","u":"02/12-26-076-06W4/0","f":934,"y":2022,"d":2603}},{"type":"Feature","geometry":{"type":"Point","coordinates":[-113.62022,55.35429]},"properties":{"r":196.95,"o":293,"n":"SPL 10-29 HZ 102 MARTENH 12-27-73-24","u":"02/12-27-073-24W4/0","f":7981,"y":2021,"d":2814}},{"type":"Feature","geometry":{"type":"Point","coordinates":[-113.96373,55.52997]},"properties":{"r":101.81,"o":306,"n":"TVE 12-26 HZ 102 MARTENH 12-27-75-26","u":"02/12-27-075-26W4/0","f":8471,"y":2023,"d":2607}},{"type":"Feature","geometry":{"type":"Point","coordinates":[-113.49801,55.78969]},"properties":{"r":574.11,"o":67,"n":"CNRL DWP09 WM2 DRIFTW 12-27-78-23","u":"02/12-27-078-23W4/0","f":10957,"y":2026,"d":3400}},{"type":"Feature","geometry":{"type":"Point","coordinates":[-110.56161,54.83127]},"properties":{"r":441.92,"o":67,"n":"CNRL 2A23 PRIMROSE 12-28-67-4","u":"02/12-28-067-04W4/2","f":11042,"y":2010,"d":2675}},{"type":"Feature","geometry":{"type":"Point","coordinates":[-110.5792,54.56624]},"properties":{"r":155.04,"o":295,"n":"SRL COLD LK 12-29-64-4","u":"02/12-29-064-04W4/0","f":1724,"y":2006,"d":1479}},{"type":"Feature","geometry":{"type":"Point","coordinates":[-110.59686,54.04516]},"properties":{"r":185.49,"o":295,"n":"SRL D02-P9 LIND 12-30-58-4","u":"02/12-30-058-04W4/0","f":5610,"y":2021,"d":2245}},{"type":"Feature","geometry":{"type":"Point","coordinates":[-113.69788,55.35507]},"properties":{"r":212.91,"o":293,"n":"SPL 11-26 HZ 102 MARTENH 12-30-73-24","u":"02/12-30-073-24W4/0","f":7981,"y":2023,"d":3234}},{"type":"Feature","geometry":{"type":"Point","coordinates":[-110.44894,53.88234]},"properties":{"r":110.93,"o":67,"n":"CNRL 12D HZ LIND 12-31-56-3","u":"02/12-31-056-03W4/0","f":10522,"y":2025,"d":1693}},{"type":"Feature","geometry":{"type":"Point","coordinates":[-113.69591,55.45405]},"properties":{"r":159.36,"o":144,"n":"HWX MARTENH 16-36-74-25","u":"02/12-31-074-24W4/6","f":8565,"y":2019,"d":2884}},{"type":"Feature","geometry":{"type":"Point","coordinates":[-110.57943,54.58297]},"properties":{"r":142.97,"o":295,"n":"SRL COLD LK 12-32-64-4","u":"02/12-32-064-04W4/0","f":1724,"y":2005,"d":1405}},{"type":"Feature","geometry":{"type":"Point","coordinates":[-110.38216,54.84346]},"properties":{"r":510.58,"o":67,"n":"CNRL 26A93 MOORE 12-34-67-3","u":"02/12-34-067-03W4/0","f":11042,"y":2024,"d":2286}},{"type":"Feature","geometry":{"type":"Point","coordinates":[-110.53716,55.10742]},"properties":{"r":1145.92,"o":75,"n":"CVE N22P04 FISHER 12-34-70-4","u":"02/12-34-070-04W4/0","f":10927,"y":2022,"d":1878}},{"type":"Feature","geometry":{"type":"Point","coordinates":[-110.84207,56.24233]},"properties":{"r":429.07,"o":85,"n":"COPRC HZ 2622P10 NEWBY 12-35-83-6","u":"02/12-35-083-06W4/0","f":3130,"y":2014,"d":1655}},{"type":"Feature","geometry":{"type":"Point","coordinates":[-110.48131,54.18212]},"properties":{"r":110.09,"o":66,"n":"CALTEX 102 CHARLK 13-1-60-4","u":"02/13-01-060-04W4/5","f":10311,"y":2026,"d":2120}},{"type":"Feature","geometry":{"type":"Point","coordinates":[-110.48563,54.8618]},"properties":{"r":153.89,"o":67,"n":"CNRL 5A66 PRIMROSE 13-1-68-4","u":"02/13-01-068-04W4/0","f":11042,"y":2008,"d":2445}},{"type":"Feature","geometry":{"type":"Point","coordinates":[-110.97673,56.43217]},"properties":{"r":393.87,"o":80,"n":"CNOOC 19P03 NEWBY 13-1-86-7","u":"02/13-01-086-07W4/0","f":2026,"y":2023,"d":1887}},{"type":"Feature","geometry":{"type":"Point","coordinates":[-110.813,55.03634]},"properties":{"r":2967.55,"o":75,"n":"CVE W42P04 FISHER 13-2-70-6","u":"02/13-02-070-06W4/0","f":10927,"y":2024,"d":2224}},{"type":"Feature","geometry":{"type":"Point","coordinates":[-113.77794,55.47524]},"properties":{"r":113.97,"o":306,"n":"DELTASTREAM HZ MARTENH 13-2-75-25","u":"02/13-02-075-25W4/0","f":8471,"y":2019,"d":2252}},{"type":"Feature","geometry":{"type":"Point","coordinates":[-110.89401,57.21929]},"properties":{"r":635.77,"o":299,"n":"SUNCOR P116P6B FIREBAG 13-3-95-6","u":"02/13-03-095-06W4/2","f":1149,"y":2010,"d":1345}},{"type":"Feature","geometry":{"type":"Point","coordinates":[-110.40289,54.6002]},"properties":{"r":110.32,"o":153,"n":"IMP 01 U04-02 COLDLK 13-4-65-3","u":"02/13-04-065-03W4/0","f":3127,"y":2001,"d":742}},{"type":"Feature","geometry":{"type":"Point","coordinates":[-110.58965,54.94836]},"properties":{"r":189.13,"o":67,"n":"CNRL 19A160 FISHER 13-5-69-4","u":"02/13-05-069-04W4/0","f":11042,"y":2022,"d":2849}},{"type":"Feature","geometry":{"type":"Point","coordinates":[-114.13022,55.47524]},"properties":{"r":150.91,"o":144,"n":"HWX 102 HZ MARTENH 13-5-75-1","u":"02/13-05-075-01W5/0","f":10963,"y":2026,"d":2531}},{"type":"Feature","geometry":{"type":"Point","coordinates":[-110.62035,55.64921]},"properties":{"r":865.85,"o":75,"n":"MEG DG2P HARDY 13-6-77-4","u":"02/13-06-077-04W4/0","f":1892,"y":2021,"d":1708}},{"type":"Feature","geometry":{"type":"Point","coordinates":[-114.15544,55.48982]},"properties":{"r":254.49,"o":144,"n":"HWX 102 HZ MARTENH 13-7-75-1","u":"02/13-07-075-01W5/0","f":9573,"y":2026,"d":2641}},{"type":"Feature","geometry":{"type":"Point","coordinates":[-116.68923,56.18742]},"properties":{"r":108.62,"o":218,"n":"OBE 102 HZ 13-7-83-17","u":"02/13-07-083-17W5/8","f":10338,"y":2026,"d":2514}},{"type":"Feature","geometry":{"type":"Point","coordinates":[-110.58957,54.9629]},"properties":{"r":226.66,"o":67,"n":"CNRL 21A161 FISHER 13-8-69-4","u":"02/13-08-069-04W4/0","f":11042,"y":2022,"d":2808}},{"type":"Feature","geometry":{"type":"Point","coordinates":[-110.60048,55.66145]},"properties":{"r":112.67,"o":75,"n":"MEG DG9P HARDY 13-8-77-4","u":"02/13-08-077-04W4/0","f":1892,"y":2021,"d":1905}},{"type":"Feature","geometry":{"type":"Point","coordinates":[-111.85456,56.09756]},"properties":{"r":786.18,"o":84,"n":"CLC 105 P03 DIVIDE 13-8-82-12","u":"02/13-08-082-12W4/0","f":3165,"y":2024,"d":1912}},{"type":"Feature","geometry":{"type":"Point","coordinates":[-110.89516,57.23376]},"properties":{"r":1450.72,"o":299,"n":"SUNCOR 6P7B FIREBAG 13-10-95-6","u":"02/13-10-095-06W4/2","f":1149,"y":2008,"d":1545}},{"type":"Feature","geometry":{"type":"Point","coordinates":[-110.50953,54.61674]},"properties":{"r":102.4,"o":153,"n":"ESSO 83 A4-17 COLDLK 13-11-65-4","u":"02/13-11-065-04W4/0","f":294,"y":1983,"d":541}},{"type":"Feature","geometry":{"type":"Point","coordinates":[-110.87043,57.23362]},"properties":{"r":296.06,"o":299,"n":"SUNCOR SAGD P4P2 FIREBAG 13-11-95-6","u":"02/13-11-095-06W4/0","f":1149,"y":2004,"d":1544}},{"type":"Feature","geometry":{"type":"Point","coordinates":[-110.63493,55.06578]},"properties":{"r":326.34,"o":75,"n":"CVE W21P01-1 FISHER 13-13-70-5","u":"02/13-13-070-05W4/0","f":10927,"y":2025,"d":2100}},{"type":"Feature","geometry":{"type":"Point","coordinates":[-110.97862,56.37405]},"properties":{"r":384.41,"o":80,"n":"NEU CNOOC 16P10 NEWBY 13-13-85-7","u":"02/13-13-085-07W4/0","f":2026,"y":2019,"d":1300}},{"type":"Feature","geometry":{"type":"Point","coordinates":[-111.11181,57.24635]},"properties":{"r":262.03,"o":75,"n":"CVE BP06-1 STEEPBK 13-17-95-7","u":"02/13-17-095-07W4/0","f":5519,"y":2024,"d":1403}},{"type":"Feature","geometry":{"type":"Point","coordinates":[-110.60621,54.45531]},"properties":{"r":194.25,"o":67,"n":"CNRL 13A HZ FT KENT 13-18-63-4","u":"02/13-18-063-04W4/0","f":10735,"y":2025,"d":2326}},{"type":"Feature","geometry":{"type":"Point","coordinates":[-110.9799,57.24753]},"properties":{"r":225.99,"o":299,"n":"SUNCOR P132P11 FIREBAG 13-18-95-6","u":"02/13-18-095-06W4/0","f":1149,"y":2023,"d":1700}},{"type":"Feature","geometry":{"type":"Point","coordinates":[-110.42855,54.12119]},"properties":{"r":129.61,"o":66,"n":"CALTEX TRILOGY 102 REITA 13-20-59-3","u":"02/13-20-059-03W4/2","f":10101,"y":2024,"d":2148}},{"type":"Feature","geometry":{"type":"Point","coordinates":[-110.58353,54.47062]},"properties":{"r":217.21,"o":67,"n":"CNRL 13C2 HZ FT KENT 13-20-63-4","u":"02/13-20-063-04W4/0","f":10913,"y":2026,"d":2230}},{"type":"Feature","geometry":{"type":"Point","coordinates":[-110.88,55.60389]},"properties":{"r":1570.58,"o":75,"n":"CVE M17P05 LEISMER 13-21-76-6","u":"02/13-21-076-06W4/2","f":934,"y":2023,"d":1977}},{"type":"Feature","geometry":{"type":"Point","coordinates":[-116.4065,55.77804]},"properties":{"r":112.11,"o":46,"n":"BAYTEX S497 HZ PEAVINE 13-22-78-16","u":"02/13-22-078-16W5/2","f":9726,"y":2023,"d":3686}},{"type":"Feature","geometry":{"type":"Point","coordinates":[-110.32689,53.85981]},"properties":{"r":102.21,"o":273,"n":"RBY 02 HZ LIND 13-24-56-3","u":"02/13-24-056-03W4/0","f":10493,"y":2025,"d":2805}},{"type":"Feature","geometry":{"type":"Point","coordinates":[-115.74888,55.8799]},"properties":{"r":100.05,"o":79,"n":"CLEAR NORTH 102 HZ GIFT 13-25-79-12","u":"02/13-25-079-12W5/0","f":9856,"y":2024,"d":2306}},{"type":"Feature","geometry":{"type":"Point","coordinates":[-111.00425,55.35818]},"properties":{"r":1412.88,"o":67,"n":"CNRL G 13P KIRBY 13-27-73-7","u":"02/13-27-073-07W4/0","f":3534,"y":2025,"d":2493}},{"type":"Feature","geometry":{"type":"Point","coordinates":[-113.61693,55.35642]},"properties":{"r":177.04,"o":293,"n":"SPL 10-29 HZ 102 MARTENH 13-27-73-24","u":"02/13-27-073-24W4/0","f":7981,"y":2021,"d":3081}},{"type":"Feature","geometry":{"type":"Point","coordinates":[-113.96375,55.53326]},"properties":{"r":115.0,"o":306,"n":"TVE 12-26 HZ 102 MARTENH 13-27-75-26","u":"02/13-27-075-26W4/0","f":8471,"y":2023,"d":2685}},{"type":"Feature","geometry":{"type":"Point","coordinates":[-110.56172,54.83267]},"properties":{"r":199.37,"o":67,"n":"CNRL 4A23 PRIMROSE 13-28-67-4","u":"02/13-28-067-04W4/2","f":11042,"y":2010,"d":2480}},{"type":"Feature","geometry":{"type":"Point","coordinates":[-110.56028,54.92198]},"properties":{"r":157.81,"o":67,"n":"CNRL 2B72 PRIMROSE 13-28-68-4","u":"02/13-28-068-04W4/0","f":11042,"y":2018,"d":3039}},{"type":"Feature","geometry":{"type":"Point","coordinates":[-116.61057,55.88099]},"properties":{"r":111.37,"o":218,"n":"OBE 102 HZ DAWSON 13-28-79-17","u":"02/13-28-079-17W5/9","f":10586,"y":2025,"d":2584}},{"type":"Feature","geometry":{"type":"Point","coordinates":[-110.899,54.39803]},"properties":{"r":136.43,"o":67,"n":"CNRL 13D HZ FORSYTH 13-30-62-6","u":"02/13-30-062-06W4/0","f":10241,"y":2025,"d":2232}},{"type":"Feature","geometry":{"type":"Point","coordinates":[-114.61888,55.62064]},"properties":{"r":128.84,"o":306,"n":"TVE 12-18 HZ 102 MARTEN 13-30-76-4","u":"02/13-30-076-04W5/0","f":11000,"y":2024,"d":4575}},{"type":"Feature","geometry":{"type":"Point","coordinates":[-110.6041,54.14849]},"properties":{"r":118.33,"o":67,"n":"CNRL 13B BEAVRDM 13-31-59-4","u":"02/13-31-059-04W4/0","f":8371,"y":2021,"d":598}},{"type":"Feature","geometry":{"type":"Point","coordinates":[-110.56204,54.84686]},"properties":{"r":452.55,"o":67,"n":"CNRL 6A24 PRIMROSE 13-33-67-4","u":"02/13-33-067-04W4/0","f":11042,"y":2010,"d":2435}},{"type":"Feature","geometry":{"type":"Point","coordinates":[-110.9715,56.43201]},"properties":{"r":269.69,"o":80,"n":"CNOOC 19P06 NEWBY 14-1-86-7","u":"02/14-01-086-07W4/0","f":2026,"y":2023,"d":2011}},{"type":"Feature","geometry":{"type":"Point","coordinates":[-116.39531,55.82425]},"properties":{"r":161.69,"o":46,"n":"BAYTEX N748 HZ DAWSON 14-2-79-16","u":"02/14-02-079-16W5/0","f":10059,"y":2025,"d":3146}},{"type":"Feature","geometry":{"type":"Point","coordinates":[-110.86336,57.22044]},"properties":{"r":373.03,"o":299,"n":"SUNCOR SAGD P5P11 FIREBAG 16-3-95-6","u":"02/14-02-095-06W4/2","f":1149,"y":2005,"d":1393}},{"type":"Feature","geometry":{"type":"Point","coordinates":[-110.44406,53.81634]},"properties":{"r":166.97,"o":67,"n":"CNRL 14C2 HZ LIND 14-6-56-3","u":"02/14-06-056-03W4/0","f":10369,"y":2025,"d":1846}},{"type":"Feature","geometry":{"type":"Point","coordinates":[-110.61929,55.64945]},"properties":{"r":1111.64,"o":75,"n":"CVE DG3P HARDY 14-6-77-4","u":"02/14-06-077-04W4/2","f":1892,"y":2021,"d":1727}},{"type":"Feature","geometry":{"type":"Point","coordinates":[-111.56337,55.82414]},"properties":{"r":799.12,"o":34,"n":"ATHABASCA L08P12 LEISMER 14-6-79-10","u":"02/14-06-079-10W4/0","f":2782,"y":2023,"d":2031}},{"type":"Feature","geometry":{"type":"Point","coordinates":[-110.80774,57.21788]},"properties":{"r":296.0,"o":299,"n":"SUNCOR P3P2B FIREBAG 14-6-95-5","u":"02/14-06-095-05W4/2","f":1149,"y":2004,"d":1708}},{"type":"Feature","geometry":{"type":"Point","coordinates":[-116.34077,55.83974]},"properties":{"r":360.8,"o":46,"n":"BAYTEX N124 HZ DAWSON 14-7-79-15","u":"02/14-07-079-15W5/0","f":10775,"y":2025,"d":3956}},{"type":"Feature","geometry":{"type":"Point","coordinates":[-111.92916,57.05756]},"properties":{"r":295.91,"o":299,"n":"SUNCOR P751P1 DOVER 14-7-93-12","u":"02/14-07-093-12W4/0","f":926,"y":2013,"d":1401}},{"type":"Feature","geometry":{"type":"Point","coordinates":[-116.31733,55.83711]},"properties":{"r":440.6,"o":46,"n":"BAYTEX N46 HZ DAWSON 14-8-79-15","u":"02/14-08-079-15W5/0","f":10775,"y":2025,"d":4192}},{"type":"Feature","geometry":{"type":"Point","coordinates":[-113.41773,56.01185]},"properties":{"r":161.94,"o":67,"n":"CNRL BP6-14C BRINT 14-8-81-22","u":"02/14-08-081-22W4/0","f":4628,"y":2017,"d":1943}},{"type":"Feature","geometry":{"type":"Point","coordinates":[-110.39244,54.00296]},"properties":{"r":138.31,"o":37,"n":"LYCOS 102 HZ LIND 14-9-58-3","u":"02/14-09-058-03W4/0","f":10548,"y":2024,"d":2310}},{"type":"Feature","geometry":{"type":"Point","coordinates":[-110.56195,55.13976]},"properties":{"r":322.42,"o":75,"n":"CVE N28P06 FISHER 14-9-71-4","u":"02/14-09-071-04W4/2","f":10927,"y":2025,"d":1672}},{"type":"Feature","geometry":{"type":"Point","coordinates":[-110.66693,53.83062]},"properties":{"r":111.16,"o":67,"n":"CNRL 14C HZ LIND 14-10-56-5","u":"02/14-10-056-05W4/0","f":10341,"y":2025,"d":2185}},{"type":"Feature","geometry":{"type":"Point","coordinates":[-110.53306,55.1407]},"properties":{"r":545.41,"o":75,"n":"CVE N28P11 FISHER 14-10-71-4","u":"02/14-10-071-04W4/2","f":10927,"y":2025,"d":1988}},{"type":"Feature","geometry":{"type":"Point","coordinates":[-110.83608,57.23418]},"properties":{"r":315.14,"o":299,"n":"SUNCOR SAGD P3P10 STEEPBK 14-12-95-6","u":"02/14-12-095-06W4/0","f":1149,"y":2004,"d":1672}},{"type":"Feature","geometry":{"type":"Point","coordinates":[-110.89348,57.24843]},"properties":{"r":734.42,"o":299,"n":"SUNCOR P121P7 FIREBAG 14-15-95-6","u":"02/14-15-095-06W4/0","f":1149,"y":2018,"d":1703}},{"type":"Feature","geometry":{"type":"Point","coordinates":[-110.87886,55.60558]},"properties":{"r":1513.05,"o":75,"n":"CVE M17P03 LEISMER 14-21-76-6","u":"02/14-21-076-06W4/3","f":934,"y":2023,"d":2065}},{"type":"Feature","geometry":{"type":"Point","coordinates":[-111.12935,54.55857]},"properties":{"r":149.99,"o":67,"n":"CNRL 14D SUGDEN 14-22-64-8","u":"02/14-22-064-08W4/0","f":10206,"y":2024,"d":492}},{"type":"Feature","geometry":{"type":"Point","coordinates":[-113.92614,55.51759]},"properties":{"r":120.43,"o":306,"n":"TVE 4-30 HZ 102 MARTENH 14-23-75-26","u":"02/14-23-075-26W4/0","f":8471,"y":2023,"d":3452}},{"type":"Feature","geometry":{"type":"Point","coordinates":[-110.796,54.39743]},"properties":{"r":156.18,"o":67,"n":"CNRL 14D HZ FORSYTH 14-26-62-6","u":"02/14-26-062-06W4/0","f":10661,"y":2025,"d":2167}},{"type":"Feature","geometry":{"type":"Point","coordinates":[-110.34928,54.74612]},"properties":{"r":168.57,"o":153,"n":"IMP 23 N02-H28 LEMING 14-26-66-3","u":"02/14-26-066-03W4/0","f":3827,"y":2023,"d":2266}},{"type":"Feature","geometry":{"type":"Point","coordinates":[-110.82699,55.53281]},"properties":{"r":895.5,"o":75,"n":"CVE FCCL J17P07 KIRBY 14-26-75-6","u":"02/14-26-075-06W4/2","f":934,"y":2018,"d":2547}},{"type":"Feature","geometry":{"type":"Point","coordinates":[-113.20434,55.88168]},"properties":{"r":147.68,"o":67,"n":"CNRL SLP10A-14A PEERLESS 14-27-79-21","u":"02/14-27-079-21W4/0","f":4628,"y":2025,"d":1676}},{"type":"Feature","geometry":{"type":"Point","coordinates":[-113.79398,55.35693]},"properties":{"r":272.41,"o":293,"n":"SPL 3-4 102 MARTENH 14-28-73-25","u":"02/14-28-073-25W4/0","f":7981,"y":2025,"d":2566}},{"type":"Feature","geometry":{"type":"Point","coordinates":[-110.91601,56.40615]},"properties":{"r":287.19,"o":80,"n":"NEXEN OPTI 05P05 NEWBY 14-29-85-6","u":"02/14-29-085-06W4/0","f":2026,"y":2004,"d":996}},{"type":"Feature","geometry":{"type":"Point","coordinates":[-113.87986,55.53299]},"properties":{"r":108.62,"o":293,"n":"SPL 13-19 102 MARTENH 14-30-75-25","u":"02/14-30-075-25W4/0","f":9445,"y":2025,"d":2379}},{"type":"Feature","geometry":{"type":"Point","coordinates":[-116.49797,56.14496]},"properties":{"r":107.03,"o":218,"n":"OBE 102 HZ SEAL 14-30-82-16","u":"02/14-30-082-16W5/9","f":9583,"y":2023,"d":2468}},{"type":"Feature","geometry":{"type":"Point","coordinates":[-110.61832,55.63529]},"properties":{"r":560.57,"o":75,"n":"MEG MH1P HARDY 14-31-76-4","u":"02/14-31-076-04W4/0","f":1892,"y":2024,"d":1647}},{"type":"Feature","geometry":{"type":"Point","coordinates":[-110.39664,54.23818]},"properties":{"r":114.1,"o":46,"n":"BAYTEX E255 HZ CHARLK 14-33-60-3","u":"02/14-33-060-03W4/8","f":9564,"y":2025,"d":2452}},{"type":"Feature","geometry":{"type":"Point","coordinates":[-110.52392,54.67404]},"properties":{"r":139.57,"o":153,"n":"IMP 95 H23-02 COLDLK 14-34-65-4","u":"02/14-34-065-04W4/0","f":295,"y":1995,"d":612}},{"type":"Feature","geometry":{"type":"Point","coordinates":[-113.76321,55.37303]},"properties":{"r":204.0,"o":293,"n":"SPL 10-27 HZ 102 MARTENH 14-34-73-25","u":"02/14-34-073-25W4/2","f":7981,"y":2023,"d":2734}},{"type":"Feature","geometry":{"type":"Point","coordinates":[-110.6394,53.7993]},"properties":{"r":102.42,"o":67,"n":"CNRL 14A HZ LIND 14-35-55-5","u":"02/14-35-055-05W4/0","f":10742,"y":2025,"d":2257}},{"type":"Feature","geometry":{"type":"Point","coordinates":[-117.05041,56.42079]},"properties":{"r":137.24,"o":46,"n":"BAYTEX W655 HZ CADOTTE 14-35-85-20","u":"02/14-35-085-20W5/2","f":10421,"y":2026,"d":2421}},{"type":"Feature","geometry":{"type":"Point","coordinates":[-110.85429,57.20376]},"properties":{"r":745.43,"o":299,"n":"SUNCOR SAGD P7P10 FIREBA 14-35-94-6","u":"02/14-35-094-06W4/0","f":1149,"y":2006,"d":1520}},{"type":"Feature","geometry":{"type":"Point","coordinates":[-110.62705,54.94866]},"properties":{"r":141.0,"o":67,"n":"CNRL 24A162 FISHER 15-1-69-5","u":"02/15-01-069-05W4/0","f":11042,"y":2023,"d":3196}},{"type":"Feature","geometry":{"type":"Point","coordinates":[-113.74294,55.47481]},"properties":{"r":150.62,"o":306,"n":"DELTASTREAM MARTENH 15-1-75-25","u":"02/15-01-075-25W4/0","f":8471,"y":2022,"d":2337}},{"type":"Feature","geometry":{"type":"Point","coordinates":[-113.76447,55.47531]},"properties":{"r":844.11,"o":306,"n":"DELTASTREAM HZ100 MARTENH 15-2-75-25","u":"02/15-02-075-25W4/0","f":8471,"y":2018,"d":2401}},{"type":"Feature","geometry":{"type":"Point","coordinates":[-110.84053,55.55926]},"properties":{"r":176.09,"o":75,"n":"CVE FCCL G11P01 KIRBY 15-3-76-6","u":"02/15-03-076-06W4/0","f":934,"y":2017,"d":1968}},{"type":"Feature","geometry":{"type":"Point","coordinates":[-110.89365,55.5618]},"properties":{"r":625.92,"o":67,"n":"CNRL EX9P LEISMER 15-5-76-6","u":"02/15-05-076-06W4/0","f":2037,"y":2017,"d":1736}},{"type":"Feature","geometry":{"type":"Point","coordinates":[-110.93569,57.21755]},"properties":{"r":850.99,"o":299,"n":"SUNCOR SAGD P16P12 FIREBAG  15-5-95-","u":"02/15-05-095-06W4/0","f":1149,"y":2010,"d":1561}},{"type":"Feature","geometry":{"type":"Point","coordinates":[-110.79974,57.2179]},"properties":{"r":442.36,"o":299,"n":"SUNCOR P109P4 FIREBAG 15-6-95-5","u":"02/15-06-095-05W4/0","f":1149,"y":2013,"d":1540}},{"type":"Feature","geometry":{"type":"Point","coordinates":[-110.55689,55.13847]},"properties":{"r":413.03,"o":75,"n":"CVE N28P07 FISHER 15-9-71-4","u":"02/15-09-071-04W4/0","f":10927,"y":2025,"d":1440}},{"type":"Feature","geometry":{"type":"Point","coordinates":[-113.79241,55.48928]},"properties":{"r":557.99,"o":306,"n":"DELTASTREAM HZ MARTENH 15-10-75-25","u":"02/15-10-075-25W4/0","f":8471,"y":2018,"d":2547}},{"type":"Feature","geometry":{"type":"Point","coordinates":[-110.79776,54.43959]},"properties":{"r":217.31,"o":67,"n":"CNRL 15B HZ LA COREY 15-11-63-6","u":"02/15-11-063-06W4/0","f":10872,"y":2026,"d":2052}},{"type":"Feature","geometry":{"type":"Point","coordinates":[-110.80483,56.18532]},"properties":{"r":900.2,"o":85,"n":"COPRC 2673P10 NEWBY 15-12-83-6","u":"02/15-12-083-06W4/0","f":3130,"y":2022,"d":1866}},{"type":"Feature","geometry":{"type":"Point","coordinates":[-110.91401,54.36915]},"properties":{"r":532.77,"o":67,"n":"CNRL 15D HZ FORSYTH 15-13-62-7","u":"02/15-13-062-07W4/0","f":10932,"y":2026,"d":2148}},{"type":"Feature","geometry":{"type":"Point","coordinates":[-110.80459,53.67123]},"properties":{"r":221.86,"o":67,"n":"CNRL 15C HZ LIND 15-15-54-6","u":"02/15-15-054-06W4/0","f":10888,"y":2026,"d":2365}},{"type":"Feature","geometry":{"type":"Point","coordinates":[-113.76019,55.41699]},"properties":{"r":357.87,"o":306,"n":"DELTASTREAM W HZ MARTENH 15-15-74-25","u":"02/15-15-074-25W4/0","f":8471,"y":2019,"d":2037}},{"type":"Feature","geometry":{"type":"Point","coordinates":[-110.59731,54.45543]},"properties":{"r":139.24,"o":67,"n":"CNRL 15C HZ FT KENT 15-18-63-4","u":"02/15-18-063-04W4/2","f":10735,"y":2025,"d":2537}},{"type":"Feature","geometry":{"type":"Point","coordinates":[-110.29493,54.73104]},"properties":{"r":238.11,"o":153,"n":"IMP 12 N04-H24 COLD LK 15-19-66-2","u":"02/15-19-066-02W4/0","f":3827,"y":2013,"d":1842}},{"type":"Feature","geometry":{"type":"Point","coordinates":[-113.43571,55.95386]},"properties":{"r":104.45,"o":67,"n":"CNRES SBP37-15C BRINT 15-19-80-22","u":"02/15-19-080-22W4/0","f":4628,"y":2000,"d":2470}},{"type":"Feature","geometry":{"type":"Point","coordinates":[-110.56717,54.47004]},"properties":{"r":149.57,"o":67,"n":"CNRL 15D2 HZ FT KENT 15-20-63-4","u":"02/15-20-063-04W4/0","f":10913,"y":2026,"d":2039}},{"type":"Feature","geometry":{"type":"Point","coordinates":[-111.12513,54.5582]},"properties":{"r":129.88,"o":67,"n":"CNRL 15C SUGDEN 15-22-64-8","u":"02/15-22-064-08W4/0","f":10195,"y":2024,"d":582}},{"type":"Feature","geometry":{"type":"Point","coordinates":[-110.99908,55.51549]},"properties":{"r":490.77,"o":67,"n":"CNRL RR5P CONKLIN 15-22-75-7","u":"02/15-22-075-07W4/0","f":5101,"y":2014,"d":1613}},{"type":"Feature","geometry":{"type":"Point","coordinates":[-110.93997,54.3972]},"properties":{"r":143.28,"o":67,"n":"CNRL 15C2 HZ FORSYTH 15-26-62-7","u":"02/15-26-062-07W4/0","f":10193,"y":2024,"d":2195}},{"type":"Feature","geometry":{"type":"Point","coordinates":[-110.83183,56.23158]},"properties":{"r":305.89,"o":85,"n":"COPRC HZ 2613P01 NEWBY 15-26-83-6","u":"02/15-26-083-06W4/0","f":3130,"y":2014,"d":1780}},{"type":"Feature","geometry":{"type":"Point","coordinates":[-110.81489,54.39756]},"properties":{"r":410.66,"o":67,"n":"CNRL 15C HZ FORSYTH 15-27-62-6","u":"02/15-27-062-06W4/0","f":10771,"y":2025,"d":1923}},{"type":"Feature","geometry":{"type":"Point","coordinates":[-110.84172,54.39868]},"properties":{"r":338.89,"o":67,"n":"CNRL 15C HZ FORSYTH 15-28-62-6","u":"02/15-28-062-06W4/0","f":10661,"y":2025,"d":1856}},{"type":"Feature","geometry":{"type":"Point","coordinates":[-111.01714,55.35637]},"properties":{"r":480.5,"o":67,"n":"CNRL G 1P KIRBY 15-28-73-7","u":"02/15-28-073-07W4/0","f":3534,"y":2012,"d":1800}},{"type":"Feature","geometry":{"type":"Point","coordinates":[-113.78839,55.35586]},"properties":{"r":357.18,"o":293,"n":"SPL 3-4 102 MARTENH 15-28-73-25","u":"02/15-28-073-25W4/4","f":7981,"y":2025,"d":2722}},{"type":"Feature","geometry":{"type":"Point","coordinates":[-110.58729,55.63426]},"properties":{"r":1256.93,"o":75,"n":"MEG MD9P HARDY 15-32-76-4","u":"02/15-32-076-04W4/2","f":1892,"y":2024,"d":2035}},{"type":"Feature","geometry":{"type":"Point","coordinates":[-113.41023,56.07051]},"properties":{"r":185.36,"o":67,"n":"CNRL HTLP3-15C BRINT 15-32-81-22","u":"02/15-32-081-22W4/0","f":4628,"y":2007,"d":1979}},{"type":"Feature","geometry":{"type":"Point","coordinates":[-110.54672,55.11032]},"properties":{"r":863.11,"o":75,"n":"CVE N25P11 FISHER 15-33-70-4","u":"02/15-33-070-04W4/0","f":10927,"y":2023,"d":2275}},{"type":"Feature","geometry":{"type":"Point","coordinates":[-113.4318,55.80864]},"properties":{"r":163.51,"o":67,"n":"CNRL 15C HZ PEERLESS 15-36-78-23","u":"02/15-36-078-23W4/0","f":9849,"y":2024,"d":2458}},{"type":"Feature","geometry":{"type":"Point","coordinates":[-110.45171,53.81632]},"properties":{"r":162.57,"o":67,"n":"CNRL 16D HZ LIND 16-1-56-4","u":"02/16-01-056-04W4/0","f":10659,"y":2025,"d":2141}},{"type":"Feature","geometry":{"type":"Point","coordinates":[-113.73311,55.4748]},"properties":{"r":156.53,"o":306,"n":"DELTASTREAM MARTENH 16-1-75-25","u":"02/16-01-075-25W4/0","f":8471,"y":2022,"d":2779}},{"type":"Feature","geometry":{"type":"Point","coordinates":[-110.86419,55.56182]},"properties":{"r":593.42,"o":67,"n":"CNRL R4P LEISMER 16-4-76-6","u":"02/16-04-076-06W4/2","f":2037,"y":2017,"d":1826}},{"type":"Feature","geometry":{"type":"Point","coordinates":[-113.70705,55.47426]},"properties":{"r":144.67,"o":293,"n":"SPL 9-1 102 MARTENH 16-6-75-24","u":"02/16-06-075-24W4/0","f":7780,"y":2024,"d":2588}},{"type":"Feature","geometry":{"type":"Point","coordinates":[-111.91275,57.04547]},"properties":{"r":554.01,"o":299,"n":"SUNCOR 751P16 DOVER 16-6-93-12","u":"02/16-06-093-12W4/0","f":926,"y":2012,"d":1403}},{"type":"Feature","geometry":{"type":"Point","coordinates":[-110.79612,57.21789]},"properties":{"r":231.44,"o":299,"n":"SUNCOR P109P2 FIREBAG 16-6-95-5","u":"02/16-06-095-05W4/0","f":1149,"y":2013,"d":1640}},{"type":"Feature","geometry":{"type":"Point","coordinates":[-110.88853,54.44039]},"properties":{"r":176.53,"o":67,"n":"CNRL 16A HZ SUGDEN 16-7-63-6","u":"02/16-07-063-06W4/0","f":10642,"y":2025,"d":2583}},{"type":"Feature","geometry":{"type":"Point","coordinates":[-114.13225,55.48843]},"properties":{"r":136.8,"o":144,"n":"HWX 102 HZ MARTENH 16-7-75-1","u":"02/16-07-075-01W5/4","f":9909,"y":2024,"d":2760}},{"type":"Feature","geometry":{"type":"Point","coordinates":[-110.95499,57.23217]},"properties":{"r":559.67,"o":299,"n":"SUNCOR P114P8 FIREBAG 16-7-95-6","u":"02/16-07-095-06W4/0","f":1149,"y":2013,"d":1603}},{"type":"Feature","geometry":{"type":"Point","coordinates":[-111.83713,56.09982]},"properties":{"r":673.09,"o":84,"n":"CLC 104 P08 DIVIDE 16-8-82-12","u":"02/16-08-082-12W4/0","f":3165,"y":2021,"d":2185}},{"type":"Feature","geometry":{"type":"Point","coordinates":[-110.80212,56.18704]},"properties":{"r":939.0,"o":85,"n":"COPRC 2673P07 NEWBY 16-12-83-6","u":"02/16-12-083-06W4/0","f":3130,"y":2022,"d":1836}},{"type":"Feature","geometry":{"type":"Point","coordinates":[-110.49087,54.89098]},"properties":{"r":250.29,"o":67,"n":"CNRL 2A68 PRIMROSE 16-14-68-4","u":"02/16-14-068-04W4/0","f":11042,"y":2012,"d":2860}},{"type":"Feature","geometry":{"type":"Point","coordinates":[-110.79415,53.66934]},"properties":{"r":165.44,"o":67,"n":"CNRL 16D HZ LIND 16-15-54-6","u":"02/16-15-054-06W4/0","f":10888,"y":2026,"d":2352}},{"type":"Feature","geometry":{"type":"Point","coordinates":[-110.84005,55.59142]},"properties":{"r":1007.73,"o":75,"n":"CVE M07P06 LEISMER 16-15-76-6","u":"02/16-15-076-06W4/4","f":934,"y":2022,"d":2384}},{"type":"Feature","geometry":{"type":"Point","coordinates":[-110.60248,55.07814]},"properties":{"r":655.52,"o":75,"n":"CVE W06P06-1 FISHER 16-18-70-4","u":"02/16-18-070-04W4/0","f":10927,"y":2025,"d":2014}},{"type":"Feature","geometry":{"type":"Point","coordinates":[-116.66475,56.20257]},"properties":{"r":160.68,"o":218,"n":"OBE 102 HZ 16-18-83-17","u":"02/16-18-083-17W5/9","f":10338,"y":2025,"d":2511}},{"type":"Feature","geometry":{"type":"Point","coordinates":[-111.11894,57.24635]},"properties":{"r":188.34,"o":75,"n":"HUSKY B 13-8 P1A STEEPBK 16-18-95-7","u":"02/16-18-095-07W4/0","f":5519,"y":2019,"d":1368}},{"type":"Feature","geometry":{"type":"Point","coordinates":[-110.7624,55.69275]},"properties":{"r":114.62,"o":75,"n":"MEG AF5P HARDY 16-19-77-5","u":"02/16-19-077-05W4/0","f":1892,"y":2013,"d":1641}},{"type":"Feature","geometry":{"type":"Point","coordinates":[-116.30394,55.7791]},"properties":{"r":198.51,"o":46,"n":"BAYTEX HZ PEAVINE 16-19-78-15","u":"02/16-19-078-15W5/0","f":9726,"y":2023,"d":3950}},{"type":"Feature","geometry":{"type":"Point","coordinates":[-110.56093,54.55829]},"properties":{"r":577.95,"o":295,"n":"SRL CS1P TUCKLK 16-20-64-4","u":"02/16-20-064-04W4/0","f":1724,"y":2024,"d":1583}},{"type":"Feature","geometry":{"type":"Point","coordinates":[-110.38852,54.55766]},"properties":{"r":110.97,"o":153,"n":"IMP 09 V13-30 COLD LK 16-21-64-3","u":"02/16-21-064-03W4/0","f":3127,"y":2010,"d":822}},{"type":"Feature","geometry":{"type":"Point","coordinates":[-110.53705,54.55779]},"properties":{"r":477.33,"o":295,"n":"SRL H2P TUCKLK 16-21-64-4","u":"02/16-21-064-04W4/0","f":1724,"y":2022,"d":2199}},{"type":"Feature","geometry":{"type":"Point","coordinates":[-110.86175,55.60532]},"properties":{"r":985.63,"o":75,"n":"CVE L19P02 LEISMER 16-21-76-6","u":"02/16-21-076-06W4/3","f":934,"y":2021,"d":2313}},{"type":"Feature","geometry":{"type":"Point","coordinates":[-110.33698,54.7313]},"properties":{"r":103.43,"o":153,"n":"IMP 12 N04-H19 COLD LK 16-23-66-3","u":"02/16-23-066-03W4/0","f":3827,"y":2013,"d":1839}},{"type":"Feature","geometry":{"type":"Point","coordinates":[-111.01083,55.35634]},"properties":{"r":411.25,"o":67,"n":"CNRL G 6P KIRBY 16-28-73-7","u":"02/16-28-073-07W4/0","f":3534,"y":2013,"d":1860}},{"type":"Feature","geometry":{"type":"Point","coordinates":[-110.87797,56.2317]},"properties":{"r":1399.56,"o":85,"n":"COPRC HZ 2631P06 RESDELN 16-28-83-6","u":"02/16-28-083-06W4/0","f":3130,"y":2012,"d":1989}},{"type":"Feature","geometry":{"type":"Point","coordinates":[-110.85591,54.39794]},"properties":{"r":109.63,"o":67,"n":"CNRL 16D2 HZ FORSYTH 16-29-62-6","u":"02/16-29-062-06W4/0","f":10071,"y":2024,"d":2450}},{"type":"Feature","geometry":{"type":"Point","coordinates":[-111.07303,55.53047]},"properties":{"r":311.62,"o":67,"n":"CNRL QQ7P CONKLIN 16-30-75-7","u":"02/16-30-075-07W4/0","f":3346,"y":2017,"d":1463}},{"type":"Feature","geometry":{"type":"Point","coordinates":[-110.93049,56.40444]},"properties":{"r":338.52,"o":80,"n":"NEXEN OPTI 02P10 NEWBY 16-30-85-6","u":"02/16-30-085-06W4/0","f":2026,"y":2004,"d":1206}},{"type":"Feature","geometry":{"type":"Point","coordinates":[-110.60645,55.63244]},"properties":{"r":1185.67,"o":75,"n":"MEG MH14P HARDY 16-31-76-4","u":"02/16-31-076-04W4/2","f":1892,"y":2024,"d":1722}},{"type":"Feature","geometry":{"type":"Point","coordinates":[-110.92862,56.41916]},"properties":{"r":359.69,"o":80,"n":"NEXEN OPTI 02P04 NEWBY 16-31-85-6","u":"02/16-31-085-06W4/0","f":2026,"y":2004,"d":1182}},{"type":"Feature","geometry":{"type":"Point","coordinates":[-110.8588,54.41284]},"properties":{"r":144.9,"o":67,"n":"CNRL 16C HZ FORSYTH 16-32-62-6","u":"02/16-32-062-06W4/2","f":10233,"y":2024,"d":1861}},{"type":"Feature","geometry":{"type":"Point","coordinates":[-113.65255,55.37309]},"properties":{"r":174.4,"o":293,"n":"SPL 10-29 HZ 102 MARTENH 16-32-73-24","u":"02/16-32-073-24W4/0","f":7981,"y":2021,"d":2676}},{"type":"Feature","geometry":{"type":"Point","coordinates":[-110.65461,53.8017]},"properties":{"r":118.04,"o":67,"n":"CNRL 16C HZ LIND 16-34-55-5","u":"02/16-34-055-05W4/0","f":10951,"y":2026,"d":1703}},{"type":"Feature","geometry":{"type":"Point","coordinates":[-110.84069,57.20364]},"properties":{"r":3335.96,"o":299,"n":"SUNCOR P2P9B FIREBAG 16-35-94-6","u":"02/16-35-094-06W4/3","f":1149,"y":2001,"d":1537}},{"type":"Feature","geometry":{"type":"Point","coordinates":[-110.95948,56.15907]},"properties":{"r":429.84,"o":85,"n":"COPRC 102P10 HZ RESDELN 1-1-83-7","u":"03/01-01-083-07W4/0","f":3130,"y":2005,"d":1740}},{"type":"Feature","geometry":{"type":"Point","coordinates":[-110.87566,57.20981]},"properties":{"r":266.04,"o":299,"n":"SUNCOR SAGD P5P12 FIREBAG 1-3-95-6","u":"03/01-03-095-06W4/2","f":1149,"y":2005,"d":1691}},{"type":"Feature","geometry":{"type":"Point","coordinates":[-110.38114,53.80245]},"properties":{"r":104.35,"o":66,"n":"CALTEX TRILOGY 103HZ LIND 1-4-56-3","u":"03/01-04-056-03W4/0","f":10002,"y":2024,"d":2141}},{"type":"Feature","geometry":{"type":"Point","coordinates":[-110.84309,54.41363]},"properties":{"r":127.41,"o":67,"n":"CNRL 1B HZ LA COREY 1-4-63-6","u":"03/01-04-063-06W4/2","f":10382,"y":2025,"d":2514}},{"type":"Feature","geometry":{"type":"Point","coordinates":[-111.49823,55.81327]},"properties":{"r":337.97,"o":34,"n":"ATH L5P7 LEISMER 1-4-79-10","u":"03/01-04-079-10W4/0","f":2782,"y":2013,"d":1758}},{"type":"Feature","geometry":{"type":"Point","coordinates":[-110.57169,55.11495]},"properties":{"r":756.89,"o":75,"n":"CVE N23P09 FISHER 1-5-71-4","u":"03/01-05-071-04W4/2","f":10927,"y":2023,"d":1816}},{"type":"Feature","geometry":{"type":"Point","coordinates":[-110.75782,55.5492]},"properties":{"r":621.24,"o":75,"n":"CVE B23P09 KIRBY 1-6-76-5","u":"03/01-06-076-05W4/2","f":934,"y":2018,"d":2234}},{"type":"Feature","geometry":{"type":"Point","coordinates":[-111.91455,57.03397]},"properties":{"r":195.13,"o":299,"n":"SUNCOR 750P13 DOVER 1-6-93-12","u":"03/01-06-093-12W4/0","f":926,"y":2013,"d":1398}},{"type":"Feature","geometry":{"type":"Point","coordinates":[-111.91282,57.04807]},"properties":{"r":385.71,"o":299,"n":"SUNCOR 751P20 DOVER 1-7-93-12","u":"03/01-07-093-12W4/0","f":926,"y":2012,"d":1435}},{"type":"Feature","geometry":{"type":"Point","coordinates":[-110.87894,57.22137]},"properties":{"r":227.44,"o":299,"n":"SUNCOR SAGD P6P13 FIREBAG 1-10-95-6","u":"03/01-10-095-06W4/0","f":1149,"y":2008,"d":1303}},{"type":"Feature","geometry":{"type":"Point","coordinates":[-110.65371,55.65206]},"properties":{"r":424.23,"o":75,"n":"MEG DE8P HARDY 1-11-77-5","u":"03/01-11-077-05W4/0","f":1892,"y":2018,"d":2114}},{"type":"Feature","geometry":{"type":"Point","coordinates":[-110.84687,57.2251]},"properties":{"r":207.08,"o":299,"n":"SUNCOR P8P14B FIREBAG 1-11-95-6","u":"03/01-11-095-06W4/0","f":1149,"y":2013,"d":1268}},{"type":"Feature","geometry":{"type":"Point","coordinates":[-110.76717,54.69164]},"properties":{"r":252.3,"o":67,"n":"CNRL SC07-06P WOLF LK 1-12-66-6","u":"03/01-12-066-06W4/0","f":11042,"y":2021,"d":1525}},{"type":"Feature","geometry":{"type":"Point","coordinates":[-110.93867,55.56547]},"properties":{"r":677.87,"o":142,"n":"HARVEST HZ101P3-1  LEISMER 1-12-76-7","u":"03/01-12-076-07W4/2","f":5421,"y":2012,"d":1477}},{"type":"Feature","geometry":{"type":"Point","coordinates":[-110.7987,56.18928]},"properties":{"r":1189.02,"o":85,"n":"COPRC 2673P03 NEWBY 1-13-83-6","u":"03/01-13-083-06W4/0","f":3130,"y":2022,"d":1981}},{"type":"Feature","geometry":{"type":"Point","coordinates":[-110.80968,55.58013]},"properties":{"r":145.23,"o":75,"n":"CVE F01P11-1 LEISMER 1-14-76-6","u":"03/01-14-076-06W4/3","f":934,"y":2018,"d":1985}},{"type":"Feature","geometry":{"type":"Point","coordinates":[-116.27344,56.18911]},"properties":{"r":121.56,"o":46,"n":"BAYTEX SLAVE 1-15-83-15","u":"03/01-15-083-15W5/0","f":3339,"y":2004,"d":2329}},{"type":"Feature","geometry":{"type":"Point","coordinates":[-110.86427,55.57922]},"properties":{"r":1456.95,"o":75,"n":"CVE FCCL A02P01 LEISMER 1-16-76-6","u":"03/01-16-076-06W4/0","f":934,"y":2013,"d":1219}},{"type":"Feature","geometry":{"type":"Point","coordinates":[-110.95521,57.23622]},"properties":{"r":792.58,"o":299,"n":"SUNCOR P114P13 FIREBAG 1-18-95-6","u":"03/01-18-095-06W4/0","f":1149,"y":2013,"d":1591}},{"type":"Feature","geometry":{"type":"Point","coordinates":[-110.43518,54.54563]},"properties":{"r":177.56,"o":153,"n":"IMP 07 T14-H08 COLD LK 1-19-64-3","u":"03/01-19-064-03W4/0","f":3127,"y":2008,"d":1818}},{"type":"Feature","geometry":{"type":"Point","coordinates":[-110.36397,54.80759]},"properties":{"r":118.96,"o":67,"n":"CNRL 7A94 PRIMROSE 1-22-67-3","u":"03/01-22-067-03W4/0","f":11042,"y":2011,"d":1729}},{"type":"Feature","geometry":{"type":"Point","coordinates":[-110.99317,55.50544]},"properties":{"r":229.77,"o":67,"n":"CNRL III3P CONKLIN 1-22-75-7","u":"03/01-22-075-07W4/0","f":5101,"y":2017,"d":1762}},{"type":"Feature","geometry":{"type":"Point","coordinates":[-113.19106,56.11644]},"properties":{"r":104.54,"o":67,"n":"CNRL NBP8-1A BRINT 1-22-82-21","u":"03/01-22-082-21W4/0","f":508,"y":2004,"d":2600}},{"type":"Feature","geometry":{"type":"Point","coordinates":[-110.33849,54.80873]},"properties":{"r":390.45,"o":67,"n":"CNRL 17A90 PRIMROSE 1-23-67-3","u":"03/01-23-067-03W4/0","f":11042,"y":2011,"d":1719}},{"type":"Feature","geometry":{"type":"Point","coordinates":[-110.49085,54.89528]},"properties":{"r":263.73,"o":67,"n":"CNRL 8A68 PRIMROSE 1-23-68-4","u":"03/01-23-068-04W4/0","f":11042,"y":2012,"d":2510}},{"type":"Feature","geometry":{"type":"Point","coordinates":[-110.88026,56.21882]},"properties":{"r":725.11,"o":85,"n":"COPRC 2651P02 RESDELN 1-28-83-6","u":"03/01-28-083-06W4/0","f":3130,"y":2021,"d":1988}},{"type":"Feature","geometry":{"type":"Point","coordinates":[-110.72298,55.08499]},"properties":{"r":464.33,"o":75,"n":"CVE W24P02 FISHER 1-29-70-5","u":"03/01-29-070-05W4/0","f":10927,"y":2025,"d":1730}},{"type":"Feature","geometry":{"type":"Point","coordinates":[-111.04596,55.52078]},"properties":{"r":299.88,"o":67,"n":"CNRL BB6P CONKLIN 1-29-75-7","u":"03/01-29-075-07W4/0","f":3346,"y":2009,"d":1534}},{"type":"Feature","geometry":{"type":"Point","coordinates":[-111.09081,57.26585]},"properties":{"r":399.34,"o":75,"n":"HUSKY B 5-21 P3 STEEPBK 1-29-95-7","u":"03/01-29-095-07W4/0","f":5519,"y":2015,"d":1309}},{"type":"Feature","geometry":{"type":"Point","coordinates":[-113.67824,55.34567]},"properties":{"r":111.66,"o":293,"n":"SPL 9-20 103 MARTENH 1-30-73-24","u":"03/01-30-073-24W4/0","f":7981,"y":2025,"d":2620}},{"type":"Feature","geometry":{"type":"Point","coordinates":[-110.90206,56.4096]},"properties":{"r":117.43,"o":80,"n":"NEXEN CNOOC 14P07 NEWBY 1-32-85-6","u":"03/01-32-085-06W4/0","f":2026,"y":2012,"d":1092}},{"type":"Feature","geometry":{"type":"Point","coordinates":[-110.53678,54.66344]},"properties":{"r":127.66,"o":153,"n":"IMP 13 HZ H17-H01 COLD LK 1-33-65-4","u":"03/01-33-065-04W4/0","f":295,"y":2015,"d":2112}},{"type":"Feature","geometry":{"type":"Point","coordinates":[-111.00955,56.32059]},"properties":{"r":245.11,"o":80,"n":"CNOOC K2P14 RDL RESDELN 1-34-84-7","u":"03/01-34-084-07W4/0","f":2026,"y":2013,"d":1121}},{"type":"Feature","geometry":{"type":"Point","coordinates":[-111.08544,55.36084]},"properties":{"r":311.51,"o":67,"n":"CNRL KS22-11P KIRBY 1-36-73-8","u":"03/01-36-073-08W4/0","f":3534,"y":2022,"d":1439}},{"type":"Feature","geometry":{"type":"Point","coordinates":[-110.31987,54.76372]},"properties":{"r":118.54,"o":67,"n":"CNRL 13A77 PRIMROSE 2-1-67-3","u":"03/02-01-067-03W4/0","f":11042,"y":2007,"d":1726}},{"type":"Feature","geometry":{"type":"Point","coordinates":[-110.88667,57.20982]},"properties":{"r":536.79,"o":299,"n":"SUNCOR SAGD P5P17 FIREBAG 15-3-95-6","u":"03/02-03-095-06W4/2","f":1149,"y":2005,"d":1618}},{"type":"Feature","geometry":{"type":"Point","coordinates":[-110.88437,56.24989]},"properties":{"r":136.64,"o":85,"n":"COPRC HZ 2621P02 NEWBY 2-4-84-6","u":"03/02-04-084-06W4/0","f":3130,"y":2014,"d":1636}},{"type":"Feature","geometry":{"type":"Point","coordinates":[-110.58661,55.63702]},"properties":{"r":826.79,"o":75,"n":"MEG MD3P HARDY 2-5-77-4","u":"03/02-05-077-04W4/0","f":1892,"y":2024,"d":1896}},{"type":"Feature","geometry":{"type":"Point","coordinates":[-110.54176,54.69138]},"properties":{"r":250.23,"o":153,"n":"IMP H91-H01 LEMING 2-9-66-4","u":"03/02-09-066-04W4/0","f":295,"y":2020,"d":2429}},{"type":"Feature","geometry":{"type":"Point","coordinates":[-110.65258,55.05656]},"properties":{"r":784.95,"o":75,"n":"CVE W10P08-1 FISHER 2-14-70-5","u":"03/02-14-070-05W4/0","f":10927,"y":2025,"d":2165}},{"type":"Feature","geometry":{"type":"Point","coordinates":[-110.37207,55.05594]},"properties":{"r":538.76,"o":75,"n":"CVE E20P02-1 FISHER 2-15-70-3","u":"03/02-15-070-03W4/2","f":10927,"y":2023,"d":1713}},{"type":"Feature","geometry":{"type":"Point","coordinates":[-110.99882,55.50543]},"properties":{"r":401.5,"o":67,"n":"CNRL III7P CONKLIN 2-22-75-7","u":"03/02-22-075-07W4/0","f":5101,"y":2018,"d":1683}},{"type":"Feature","geometry":{"type":"Point","coordinates":[-116.27544,56.20352]},"properties":{"r":132.04,"o":46,"n":"BAYTEX SLAVE 2-22-83-15","u":"03/02-22-083-15W5/0","f":9297,"y":2011,"d":2430}},{"type":"Feature","geometry":{"type":"Point","coordinates":[-110.99219,56.20412]},"properties":{"r":474.25,"o":85,"n":"COPRC 101P04 HZ RESDELN 2-23-83-7","u":"03/02-23-083-07W4/0","f":3130,"y":2008,"d":1471}},{"type":"Feature","geometry":{"type":"Point","coordinates":[-113.30387,55.85395]},"properties":{"r":132.19,"o":67,"n":"CNRL PRP1-2A-W PEERLESS 2-24-79-22","u":"03/02-24-079-22W4/2","f":4628,"y":2012,"d":2782}},{"type":"Feature","geometry":{"type":"Point","coordinates":[-110.60801,54.03838]},"properties":{"r":154.29,"o":295,"n":"SRL D04-INF2 LIND 2-25-58-5","u":"03/02-25-058-05W4/0","f":5610,"y":2023,"d":2147}},{"type":"Feature","geometry":{"type":"Point","coordinates":[-110.59197,54.48636]},"properties":{"r":157.33,"o":67,"n":"CNRL 2A HZ FT KENT 2-31-63-4","u":"03/02-31-063-04W4/0","f":10643,"y":2025,"d":1807}},{"type":"Feature","geometry":{"type":"Point","coordinates":[-110.89469,55.53418]},"properties":{"r":113.93,"o":67,"n":"CNRL A3P LEISMER 2-32-75-6","u":"03/02-32-075-06W4/2","f":2037,"y":2006,"d":1524}},{"type":"Feature","geometry":{"type":"Point","coordinates":[-110.83709,54.4016]},"properties":{"r":381.33,"o":67,"n":"CNRL 2D HZ FORSYTH 2-33-62-6","u":"03/02-33-062-06W4/0","f":10661,"y":2025,"d":1838}},{"type":"Feature","geometry":{"type":"Point","coordinates":[-110.71709,55.62174]},"properties":{"r":142.95,"o":75,"n":"MEG P13P HARDY 2-33-76-5","u":"03/02-33-076-05W4/0","f":1892,"y":2018,"d":1735}},{"type":"Feature","geometry":{"type":"Point","coordinates":[-110.61085,54.05048]},"properties":{"r":208.76,"o":295,"n":"SRL D08-P3 MURIELLK 2-36-58-5","u":"03/02-36-058-05W4/0","f":5610,"y":2022,"d":1830}},{"type":"Feature","geometry":{"type":"Point","coordinates":[-110.32587,54.76376]},"properties":{"r":158.5,"o":67,"n":"CNRL 18A77 PRIMROSE 3-1-67-3","u":"03/03-01-067-03W4/0","f":11042,"y":2007,"d":1975}},{"type":"Feature","geometry":{"type":"Point","coordinates":[-110.89115,57.20949]},"properties":{"r":1111.26,"o":299,"n":"SUNCOR P6P15B FIREBAG 3-3-95-6","u":"03/03-03-095-06W4/3","f":1149,"y":2008,"d":1738}},{"type":"Feature","geometry":{"type":"Point","coordinates":[-110.87823,55.5484]},"properties":{"r":293.94,"o":67,"n":"CNRL F6P LEISMER 3-4-76-6","u":"03/03-04-076-06W4/0","f":2037,"y":2015,"d":1573}},{"type":"Feature","geometry":{"type":"Point","coordinates":[-111.92435,57.03391]},"properties":{"r":438.46,"o":299,"n":"SUNCOR P751P9 DOVER 3-6-93-12","u":"03/03-06-093-12W4/0","f":926,"y":2013,"d":1428}},{"type":"Feature","geometry":{"type":"Point","coordinates":[-110.58831,55.12769]},"properties":{"r":376.95,"o":75,"n":"CVE N23P01 FISHER 3-8-71-4","u":"03/03-08-071-04W4/2","f":10927,"y":2023,"d":1805}},{"type":"Feature","geometry":{"type":"Point","coordinates":[-113.41645,56.08737]},"properties":{"r":114.37,"o":67,"n":"CNRL SW32-103 BRINT 3-8-82-22","u":"03/03-08-082-22W4/0","f":508,"y":2024,"d":3337}},{"type":"Feature","geometry":{"type":"Point","coordinates":[-110.91459,57.22349]},"properties":{"r":976.07,"o":299,"n":"SUNCOR P117P1B FIREBAG 3-9-95-6","u":"03/03-09-095-06W4/2","f":1149,"y":2013,"d":1510}},{"type":"Feature","geometry":{"type":"Point","coordinates":[-110.52658,54.69127]},"properties":{"r":111.94,"o":153,"n":"IMP 03 H47-17 COLD LK 3-10-66-4","u":"03/03-10-066-04W4/0","f":295,"y":2004,"d":495}},{"type":"Feature","geometry":{"type":"Point","coordinates":[-110.86212,57.22282]},"properties":{"r":1171.5,"o":299,"n":"SUNCOR P5P8B FIREBAG 3-11-95-6","u":"03/03-11-095-06W4/3","f":1149,"y":2005,"d":1435}},{"type":"Feature","geometry":{"type":"Point","coordinates":[-110.84827,55.66616]},"properties":{"r":2714.41,"o":75,"n":"CVE X02P02 LEISMER 3-15-77-6","u":"03/03-15-077-06W4/2","f":934,"y":2024,"d":2079}},{"type":"Feature","geometry":{"type":"Point","coordinates":[-110.92061,57.23567]},"properties":{"r":193.94,"o":299,"n":"SUNCOR P114P2 FIREBAG 3-16-95-6","u":"03/03-16-095-06W4/0","f":1149,"y":2013,"d":1562}},{"type":"Feature","geometry":{"type":"Point","coordinates":[-114.11836,55.49095]},"properties":{"r":162.59,"o":144,"n":"HWX 103 HZ MARTENH 3-17-75-1","u":"03/03-17-075-01W5/3","f":9573,"y":2025,"d":2245}},{"type":"Feature","geometry":{"type":"Point","coordinates":[-110.45433,55.06955]},"properties":{"r":163.14,"o":75,"n":"CVE E02W04-1 FISHER 3-19-70-3","u":"03/03-19-070-03W4/2","f":10927,"y":2022,"d":2256}},{"type":"Feature","geometry":{"type":"Point","coordinates":[-113.43847,55.85435]},"properties":{"r":296.69,"o":144,"n":"HWX HZ 103 PEERLESS 3-19-79-22","u":"03/03-19-079-22W4/0","f":10669,"y":2025,"d":3036}},{"type":"Feature","geometry":{"type":"Point","coordinates":[-110.42697,54.71952]},"properties":{"r":730.27,"o":153,"n":"IMP 22 S01-P01 LEMING 3-20-66-3","u":"03/03-20-066-03W4/0","f":3827,"y":2022,"d":1846}},{"type":"Feature","geometry":{"type":"Point","coordinates":[-110.40104,54.54609]},"properties":{"r":218.05,"o":153,"n":"IMP 09 V13-H15 COLD LK 3-21-64-3","u":"03/03-21-064-03W4/0","f":3127,"y":2010,"d":1882}},{"type":"Feature","geometry":{"type":"Point","coordinates":[-110.7094,55.06926]},"properties":{"r":767.06,"o":75,"n":"CVE W26P02 FISHER 3-21-70-5","u":"03/03-21-070-05W4/0","f":10927,"y":2022,"d":2507}},{"type":"Feature","geometry":{"type":"Point","coordinates":[-111.08072,57.25006]},"properties":{"r":299.02,"o":75,"n":"HUSKY B 5-16 P6 STEEPBK 3-21-95-7","u":"03/03-21-095-07W4/0","f":5519,"y":2011,"d":1228}},{"type":"Feature","geometry":{"type":"Point","coordinates":[-113.36245,55.85631]},"properties":{"r":152.97,"o":67,"n":"CNRL PRP6-3D-C PEERLESS 3-22-79-22","u":"03/03-22-079-22W4/0","f":4628,"y":2012,"d":2883}},{"type":"Feature","geometry":{"type":"Point","coordinates":[-110.32559,54.80873]},"properties":{"r":308.18,"o":67,"n":"CNRL 4A90 PRIMROSE 3-24-67-3","u":"03/03-24-067-03W4/0","f":11042,"y":2011,"d":1938}},{"type":"Feature","geometry":{"type":"Point","coordinates":[-113.31386,55.85358]},"properties":{"r":102.54,"o":67,"n":"CNRL PRP2-3B-W PEERLESS 3-24-79-22","u":"03/03-24-079-22W4/0","f":4628,"y":2012,"d":2885}},{"type":"Feature","geometry":{"type":"Point","coordinates":[-110.99902,56.2187]},"properties":{"r":2047.98,"o":85,"n":"COPRC 104WP06 RSDLN 3-26-83-7","u":"03/03-26-083-07W4/0","f":3130,"y":2024,"d":2040}},{"type":"Feature","geometry":{"type":"Point","coordinates":[-110.52408,54.73366]},"properties":{"r":120.39,"o":153,"n":"IMP 08 H65-H18 COLD LK 3-27-66-4","u":"03/03-27-066-04W4/0","f":295,"y":2009,"d":1835}},{"type":"Feature","geometry":{"type":"Point","coordinates":[-110.86681,56.21997]},"properties":{"r":907.22,"o":85,"n":"COPRC HZ 2641P06STK NEWBY 3-27-83-6","u":"03/03-27-083-06W4/2","f":3130,"y":2013,"d":1525}},{"type":"Feature","geometry":{"type":"Point","coordinates":[-110.74369,55.62447]},"properties":{"r":340.76,"o":75,"n":"MEG AT5P HARDY 3-32-76-5","u":"03/03-32-076-05W4/0","f":1892,"y":2017,"d":2239}},{"type":"Feature","geometry":{"type":"Point","coordinates":[-110.72036,55.62205]},"properties":{"r":528.18,"o":75,"n":"MEG P11P HARDY 3-33-76-5","u":"03/03-33-076-05W4/0","f":1892,"y":2018,"d":2110}},{"type":"Feature","geometry":{"type":"Point","coordinates":[-110.37599,54.57496]},"properties":{"r":126.22,"o":153,"n":"IMP 01 V02-22 COLDLK 3-34-64-3","u":"03/03-34-064-03W4/0","f":3127,"y":2002,"d":676}},{"type":"Feature","geometry":{"type":"Point","coordinates":[-110.34776,54.57672]},"properties":{"r":105.19,"o":153,"n":"IMP 03 V08-24 COLDLK 3-35-64-3","u":"03/03-35-064-03W4/0","f":3127,"y":2004,"d":792}},{"type":"Feature","geometry":{"type":"Point","coordinates":[-110.33096,54.59111]},"properties":{"r":197.04,"o":153,"n":"IMP 06 V10-H19 COLD LK 4-1-65-3","u":"03/04-01-065-03W4/0","f":3127,"y":2006,"d":1723}},{"type":"Feature","geometry":{"type":"Point","coordinates":[-110.84726,56.24677]},"properties":{"r":1038.93,"o":85,"n":"COPRC HZ 2622P12 NEWBY 4-2-84-6","u":"03/04-02-084-06W4/0","f":3130,"y":2014,"d":1578}},{"type":"Feature","geometry":{"type":"Point","coordinates":[-110.89515,57.207]},"properties":{"r":222.51,"o":299,"n":"SUNCOR P10P13 FIREBAG 4-3-95-6","u":"03/04-03-095-06W4/0","f":1149,"y":2012,"d":1599}},{"type":"Feature","geometry":{"type":"Point","coordinates":[-110.58962,54.93975]},"properties":{"r":430.89,"o":67,"n":"CNRL 3A160 FISHER 4-5-69-4","u":"03/04-05-069-04W4/0","f":11042,"y":2022,"d":3198}},{"type":"Feature","geometry":{"type":"Point","coordinates":[-110.30707,54.76373]},"properties":{"r":129.78,"o":67,"n":"CNRL 2A77 PRIMROSE 12-6-67-2","u":"03/04-06-067-02W4/2","f":11042,"y":2007,"d":1641}},{"type":"Feature","geometry":{"type":"Point","coordinates":[-110.95107,56.17663]},"properties":{"r":144.16,"o":85,"n":"COPRC 102P08 HZ RESDELN 4-7-83-6","u":"03/04-07-083-06W4/0","f":3130,"y":2008,"d":1601}},{"type":"Feature","geometry":{"type":"Point","coordinates":[-110.58964,54.95267]},"properties":{"r":448.5,"o":67,"n":"CNRL 2A161 FISHER 4-8-69-4","u":"03/04-08-069-04W4/0","f":11042,"y":2022,"d":3040}},{"type":"Feature","geometry":{"type":"Point","coordinates":[-110.65202,55.6527]},"properties":{"r":862.23,"o":75,"n":"MEG DE7P HARDY 4-12-77-5","u":"03/04-12-077-05W4/0","f":1892,"y":2018,"d":2012}},{"type":"Feature","geometry":{"type":"Point","coordinates":[-110.84198,56.19145]},"properties":{"r":1068.43,"o":85,"n":"COPRC HZ 2643P09 NEWBY 4-14-83-6","u":"03/04-14-083-06W4/0","f":3130,"y":2013,"d":1843}},{"type":"Feature","geometry":{"type":"Point","coordinates":[-110.92206,57.23706]},"properties":{"r":500.02,"o":299,"n":"SUNCOR P121P15 FIREBAG 4-16-95-6","u":"03/04-16-095-06W4/0","f":1149,"y":2018,"d":1681}},{"type":"Feature","geometry":{"type":"Point","coordinates":[-114.15179,55.49159]},"properties":{"r":130.7,"o":144,"n":"HWX 103 HZ MARTENH 4-18-75-1","u":"03/04-18-075-01W5/0","f":9573,"y":2025,"d":2771}},{"type":"Feature","geometry":{"type":"Point","coordinates":[-110.43345,55.07088]},"properties":{"r":816.4,"o":75,"n":"CVE E05P07 FISHER 4-20-70-3","u":"03/04-20-070-03W4/3","f":10927,"y":2024,"d":2831}},{"type":"Feature","geometry":{"type":"Point","coordinates":[-110.71356,55.07047]},"properties":{"r":871.87,"o":75,"n":"CVE FCCL W29P04 FISHER 4-21-70-5","u":"03/04-21-070-05W4/0","f":10927,"y":2018,"d":2147}},{"type":"Feature","geometry":{"type":"Point","coordinates":[-110.89589,57.25152]},"properties":{"r":704.27,"o":299,"n":"SUNCOR P121P3 FIREBAG 4-22-95-6","u":"03/04-22-095-06W4/0","f":1149,"y":2018,"d":1891}},{"type":"Feature","geometry":{"type":"Point","coordinates":[-110.67666,55.68003]},"properties":{"r":377.03,"o":75,"n":"CVE DB3P-1 HARDY 4-23-77-5","u":"03/04-23-077-05W4/0","f":1892,"y":2026,"d":1715}},{"type":"Feature","geometry":{"type":"Point","coordinates":[-111.77792,56.11794]},"properties":{"r":562.35,"o":84,"n":"CONNACHER OIL P06 DIVIDE 4-23-82-12","u":"03/04-23-082-12W4/0","f":3166,"y":2023,"d":2299}},{"type":"Feature","geometry":{"type":"Point","coordinates":[-110.33009,54.80872]},"properties":{"r":242.35,"o":67,"n":"CNRL 8A90 PRIMROSE 4-24-67-3","u":"03/04-24-067-03W4/0","f":11042,"y":2011,"d":1722}},{"type":"Feature","geometry":{"type":"Point","coordinates":[-111.60684,56.2915]},"properties":{"r":601.56,"o":136,"n":"GROC W06-P04 HANGSTN 4-24-84-11","u":"03/04-24-084-11W4/0","f":4543,"y":2014,"d":1285}},{"type":"Feature","geometry":{"type":"Point","coordinates":[-110.49636,53.77499]},"properties":{"r":110.62,"o":67,"n":"CNRL 4B HZ LIND 4-26-55-4","u":"03/04-26-055-04W4/0","f":10196,"y":2024,"d":1855}},{"type":"Feature","geometry":{"type":"Point","coordinates":[-111.01319,55.5194]},"properties":{"r":192.11,"o":67,"n":"CNRL FF9P CONKLIN 4-27-75-7","u":"03/04-27-075-07W4/0","f":3346,"y":2012,"d":1353}},{"type":"Feature","geometry":{"type":"Point","coordinates":[-111.08434,57.26583]},"properties":{"r":697.71,"o":75,"n":"HUSKY B 5-21 P7 STEEPBK 4-28-95-7","u":"03/04-28-095-07W4/0","f":5519,"y":2015,"d":1380}},{"type":"Feature","geometry":{"type":"Point","coordinates":[-110.87684,54.38763]},"properties":{"r":153.55,"o":67,"n":"CNRL 4D HZ FORSYTH 4-29-62-6","u":"03/04-29-062-06W4/0","f":9108,"y":2024,"d":1650}},{"type":"Feature","geometry":{"type":"Point","coordinates":[-110.75184,55.69654]},"properties":{"r":343.23,"o":75,"n":"MEG AH11P HARDY 4-29-77-5","u":"03/04-29-077-05W4/0","f":1892,"y":2018,"d":1682}},{"type":"Feature","geometry":{"type":"Point","coordinates":[-110.59861,54.04987]},"properties":{"r":119.49,"o":295,"n":"SRL D08-P11 LIND 4-31-58-4","u":"03/04-31-058-04W4/0","f":5610,"y":2023,"d":2330}},{"type":"Feature","geometry":{"type":"Point","coordinates":[-111.42728,56.49521]},"properties":{"r":340.3,"o":34,"n":"ATH AA01P HANGST 4-31-86-9","u":"03/04-31-086-09W4/0","f":5356,"y":2013,"d":1326}},{"type":"Feature","geometry":{"type":"Point","coordinates":[-110.56181,54.83692]},"properties":{"r":229.35,"o":67,"n":"CNRL 10A23 PRIMROSE 4-33-67-4","u":"03/04-33-067-04W4/0","f":11042,"y":2010,"d":2270}},{"type":"Feature","geometry":{"type":"Point","coordinates":[-110.90039,56.40969]},"properties":{"r":265.53,"o":80,"n":"CNOOC 14P08 NEWBY 4-33-85-6","u":"03/04-33-085-06W4/0","f":2026,"y":2022,"d":1183}},{"type":"Feature","geometry":{"type":"Point","coordinates":[-110.53071,54.66382]},"properties":{"r":120.79,"o":153,"n":"IMP 03 H42-14 HZ COLDLK 4-34-65-4","u":"03/04-34-065-04W4/0","f":295,"y":2004,"d":1003}},{"type":"Feature","geometry":{"type":"Point","coordinates":[-113.498,55.79635]},"properties":{"r":476.22,"o":67,"n":"CNRL DWP09 WM1 PEERLESS 4-34-78-23","u":"03/04-34-078-23W4/0","f":10957,"y":2026,"d":3267}},{"type":"Feature","geometry":{"type":"Point","coordinates":[-110.83262,55.5345]},"properties":{"r":1653.19,"o":75,"n":"CVE J17P03 KIRBY 4-35-75-6","u":"03/04-35-075-06W4/3","f":934,"y":2018,"d":2285}},{"type":"Feature","geometry":{"type":"Point","coordinates":[-110.80448,55.71098]},"properties":{"r":1621.57,"o":75,"n":"MEG AV2P HARDY 4-36-77-6","u":"03/04-36-077-06W4/0","f":1892,"y":2025,"d":1618}},{"type":"Feature","geometry":{"type":"Point","coordinates":[-110.83603,54.41756]},"properties":{"r":141.67,"o":67,"n":"CNRL 5B HZ LA COREY 5-3-63-6","u":"03/05-03-063-06W4/0","f":10382,"y":2025,"d":1950}},{"type":"Feature","geometry":{"type":"Point","coordinates":[-110.58963,54.94193]},"properties":{"r":519.18,"o":67,"n":"CNRL 7A160 FISHER 5-5-69-4","u":"03/05-05-069-04W4/0","f":11042,"y":2022,"d":2979}},{"type":"Feature","geometry":{"type":"Point","coordinates":[-113.82589,55.37962]},"properties":{"r":120.01,"o":306,"n":"TVE 13-4 HZ 103 MARTENH 5-5-74-25","u":"03/05-05-074-25W4/0","f":8471,"y":2025,"d":2470}},{"type":"Feature","geometry":{"type":"Point","coordinates":[-110.95341,56.17768]},"properties":{"r":542.29,"o":85,"n":"COPRC 102NP07SOIN25 RSDLN 5-7-83-6","u":"03/05-07-083-06W4/0","f":3130,"y":2024,"d":1500}},{"type":"Feature","geometry":{"type":"Point","coordinates":[-110.58962,54.95592]},"properties":{"r":168.21,"o":67,"n":"CNRL 8A161 FISHER 5-8-69-4","u":"03/05-08-069-04W4/0","f":11042,"y":2022,"d":2707}},{"type":"Feature","geometry":{"type":"Point","coordinates":[-111.8785,57.05341]},"properties":{"r":159.3,"o":299,"n":"PC OO(P) - 1 DOVER 5-9-93-12","u":"03/05-09-093-12W4/0","f":926,"y":2007,"d":1032}},{"type":"Feature","geometry":{"type":"Point","coordinates":[-110.97861,56.36651]},"properties":{"r":719.43,"o":80,"n":"NEU CNOOC 17P03 NEWBY 5-13-85-7","u":"03/05-13-085-07W4/0","f":2026,"y":2019,"d":1226}},{"type":"Feature","geometry":{"type":"Point","coordinates":[-110.43259,54.53579]},"properties":{"r":296.54,"o":295,"n":"OPC P204-P6 COLD LK 5-17-64-3","u":"03/05-17-064-03W4/0","f":2122,"y":2017,"d":1739}},{"type":"Feature","geometry":{"type":"Point","coordinates":[-110.76546,55.05915]},"properties":{"r":653.34,"o":75,"n":"CVE FCCL W35P01 FISHER 5-18-70-5","u":"03/05-18-070-05W4/0","f":10927,"y":2017,"d":1507}},{"type":"Feature","geometry":{"type":"Point","coordinates":[-110.81574,57.2405]},"properties":{"r":421.33,"o":299,"n":"SUNCOR P109P13 FIREBAG 5-18-95-5","u":"03/05-18-095-05W4/0","f":1149,"y":2013,"d":1654}},{"type":"Feature","geometry":{"type":"Point","coordinates":[-110.97945,57.23999]},"properties":{"r":879.82,"o":299,"n":"SUNCOR P132P6 FIREBAG 5-18-95-6","u":"03/05-18-095-06W4/0","f":1149,"y":2023,"d":1986}},{"type":"Feature","geometry":{"type":"Point","coordinates":[-110.40721,55.07187]},"properties":{"r":100.99,"o":75,"n":"CVE FCCL E21P06 FISHER 5-21-70-3","u":"03/05-21-070-03W4/2","f":10927,"y":2008,"d":1648}},{"type":"Feature","geometry":{"type":"Point","coordinates":[-110.38403,54.80958]},"properties":{"r":330.86,"o":67,"n":"CNRL 18A93 PRIMROSE 5-22-67-3","u":"03/05-22-067-03W4/0","f":11042,"y":2011,"d":2536}},{"type":"Feature","geometry":{"type":"Point","coordinates":[-113.77006,55.33401]},"properties":{"r":178.46,"o":293,"n":"SPL 12-27 103 MARTENH 5-22-73-25","u":"03/05-22-073-25W4/6","f":7981,"y":2025,"d":2825}},{"type":"Feature","geometry":{"type":"Point","coordinates":[-116.4065,55.77145]},"properties":{"r":166.41,"o":46,"n":"BAYTEX S914 HZ PEAVINE 5-22-78-16","u":"03/05-22-078-16W5/0","f":9726,"y":2024,"d":3743}},{"type":"Feature","geometry":{"type":"Point","coordinates":[-111.65915,56.2969]},"properties":{"r":827.17,"o":136,"n":"GROC HE W5-P1 RF HANGSTN 5-22-84-11","u":"03/05-22-084-11W4/2","f":4543,"y":2014,"d":2471}},{"type":"Feature","geometry":{"type":"Point","coordinates":[-110.84684,56.20905]},"properties":{"r":726.37,"o":85,"n":"COPRC 2652P06STRD NEWBY 5-23-83-6","u":"03/05-23-083-06W4/2","f":3130,"y":2014,"d":1550}},{"type":"Feature","geometry":{"type":"Point","coordinates":[-110.69062,55.08803]},"properties":{"r":215.09,"o":75,"n":"CVE W28P04 FISHER 5-27-70-5","u":"03/05-27-070-05W4/0","f":10927,"y":2022,"d":1729}},{"type":"Feature","geometry":{"type":"Point","coordinates":[-110.60733,54.47706]},"properties":{"r":127.64,"o":67,"n":"CNRL 5D HZ FT KENT 5-30-63-4","u":"03/05-30-063-04W4/0","f":10643,"y":2025,"d":1930}},{"type":"Feature","geometry":{"type":"Point","coordinates":[-110.95344,56.41271]},"properties":{"r":322.31,"o":80,"n":"NEU CNOOC 06P05 INF NEWBY 5-31-85-6","u":"03/05-31-085-06W4/0","f":2026,"y":2018,"d":1453}},{"type":"Feature","geometry":{"type":"Point","coordinates":[-110.58718,55.10058]},"properties":{"r":899.13,"o":75,"n":"CVE N11P02 FISHER 5-32-70-4","u":"03/05-32-070-04W4/2","f":10927,"y":2021,"d":2694}},{"type":"Feature","geometry":{"type":"Point","coordinates":[-110.56192,54.83976]},"properties":{"r":162.11,"o":67,"n":"CNRL 14A23 PRIMROSE 5-33-67-4","u":"03/05-33-067-04W4/2","f":11042,"y":2010,"d":2399}},{"type":"Feature","geometry":{"type":"Point","coordinates":[-110.38246,54.57701]},"properties":{"r":125.13,"o":153,"n":"IMP 01 V02-09 COLDLK 5-34-64-3","u":"03/05-34-064-03W4/0","f":3127,"y":2002,"d":527}},{"type":"Feature","geometry":{"type":"Point","coordinates":[-110.50822,54.66668]},"properties":{"r":116.68,"o":153,"n":"IMP 93 H32-19 COLDLK 5-35-65-4","u":"03/05-35-065-04W4/0","f":295,"y":1993,"d":558}},{"type":"Feature","geometry":{"type":"Point","coordinates":[-110.80737,55.7137]},"properties":{"r":1703.93,"o":75,"n":"MEG AV6P HARDY 5-36-77-6","u":"03/05-36-077-06W4/0","f":1892,"y":2025,"d":1829}},{"type":"Feature","geometry":{"type":"Point","coordinates":[-110.95266,54.41779]},"properties":{"r":167.85,"o":67,"n":"CNRL 6A2 HZ SUGDEN 6-2-63-7","u":"03/06-02-063-07W4/0","f":10190,"y":2024,"d":1853}},{"type":"Feature","geometry":{"type":"Point","coordinates":[-110.82444,55.64232]},"properties":{"r":5250.2,"o":75,"n":"CVE X06P03 HARDY 6-2-77-6","u":"03/06-02-077-06W4/0","f":934,"y":2023,"d":2304}},{"type":"Feature","geometry":{"type":"Point","coordinates":[-111.17709,55.46288]},"properties":{"r":361.14,"o":67,"n":"CNRL KN04-11P RE DEVENISH 6-3-75-8","u":"03/06-03-075-08W4/2","f":5737,"y":2018,"d":1395}},{"type":"Feature","geometry":{"type":"Point","coordinates":[-110.9413,57.21112]},"properties":{"r":931.35,"o":299,"n":"SUNCOR P117 P7 FIREBAG 6-5-95-6","u":"03/06-05-095-06W4/0","f":1149,"y":2013,"d":1827}},{"type":"Feature","geometry":{"type":"Point","coordinates":[-111.56023,55.82952]},"properties":{"r":712.34,"o":34,"n":"ATH L8P3 LEISMER 6-7-79-10","u":"03/06-07-079-10W4/0","f":2782,"y":2021,"d":2073}},{"type":"Feature","geometry":{"type":"Point","coordinates":[-110.94095,56.44091]},"properties":{"r":243.12,"o":80,"n":"CNOOC 13P08 REDRILL NEWBY 6-7-86-6","u":"03/06-07-086-06W4/2","f":2026,"y":2011,"d":1042}},{"type":"Feature","geometry":{"type":"Point","coordinates":[-110.59061,55.65511]},"properties":{"r":1019.39,"o":75,"n":"MEG MC4P HARDY 6-8-77-4","u":"03/06-08-077-04W4/0","f":1892,"y":2023,"d":2117}},{"type":"Feature","geometry":{"type":"Point","coordinates":[-111.90319,57.05135]},"properties":{"r":159.05,"o":299,"n":"PC NN(P)-11 DOVER 6-8-93-12","u":"03/06-08-093-12W4/0","f":926,"y":2009,"d":1305}},{"type":"Feature","geometry":{"type":"Point","coordinates":[-114.07111,55.48113]},"properties":{"r":111.54,"o":144,"n":"HWX 103 HZ MARTENH 6-10-75-1","u":"03/06-10-075-01W5/0","f":10119,"y":2024,"d":2594}},{"type":"Feature","geometry":{"type":"Point","coordinates":[-110.99792,57.24162]},"properties":{"r":337.11,"o":75,"n":"CVE V01P04 STEEPBK 6-13-95-7","u":"03/06-13-095-07W4/2","f":5519,"y":2024,"d":2012}},{"type":"Feature","geometry":{"type":"Point","coordinates":[-113.28612,56.1072]},"properties":{"r":105.96,"o":67,"n":"CVE 3A-7 C6 BRINT 6-18-82-21","u":"03/06-18-082-21W4/0","f":508,"y":2004,"d":2479}},{"type":"Feature","geometry":{"type":"Point","coordinates":[-110.97291,57.24122]},"properties":{"r":945.36,"o":299,"n":"SUNCOR P132P3 FIREBAG 6-18-95-6","u":"03/06-18-095-06W4/0","f":1149,"y":2023,"d":1672}},{"type":"Feature","geometry":{"type":"Point","coordinates":[-110.83942,56.20821]},"properties":{"r":1039.89,"o":85,"n":"COPRC 2671P04 NEWBY 6-23-83-6","u":"03/06-23-083-06W4/0","f":3130,"y":2022,"d":1903}},{"type":"Feature","geometry":{"type":"Point","coordinates":[-110.84099,56.22319]},"properties":{"r":1168.1,"o":85,"n":"COPRC 2632P06STRD NEWBY 6-26-83-6","u":"03/06-26-083-06W4/3","f":3130,"y":2012,"d":1600}},{"type":"Feature","geometry":{"type":"Point","coordinates":[-110.9961,56.30905]},"properties":{"r":391.23,"o":80,"n":"NEXEN CNOOC K2P05 RESDELN 6-26-84-7","u":"03/06-26-084-07W4/0","f":2026,"y":2013,"d":1166}},{"type":"Feature","geometry":{"type":"Point","coordinates":[-111.08052,55.52309]},"properties":{"r":212.78,"o":67,"n":"CNRL PP4P CONKLIN 6-30-75-7","u":"03/06-30-075-07W4/0","f":3346,"y":2014,"d":1913}},{"type":"Feature","geometry":{"type":"Point","coordinates":[-110.74318,55.62628]},"properties":{"r":545.93,"o":75,"n":"MEG AT3P HARDY 6-32-76-5","u":"03/06-32-076-05W4/0","f":1892,"y":2017,"d":2012}},{"type":"Feature","geometry":{"type":"Point","coordinates":[-110.87804,55.53795]},"properties":{"r":200.52,"o":67,"n":"CNRL G1P LEISMER 6-33-75-6","u":"03/06-33-075-06W4/0","f":2037,"y":2014,"d":1530}},{"type":"Feature","geometry":{"type":"Point","coordinates":[-111.11185,55.53855]},"properties":{"r":1629.37,"o":67,"n":"CNRL XX3P DEVENISH 6-36-75-8","u":"03/06-36-075-08W4/0","f":3346,"y":2022,"d":2407}},{"type":"Feature","geometry":{"type":"Point","coordinates":[-110.84499,55.55294]},"properties":{"r":611.52,"o":75,"n":"CVE FCCL G11P08 KIRBY 7-3-76-6","u":"03/07-03-076-06W4/0","f":934,"y":2017,"d":1570}},{"type":"Feature","geometry":{"type":"Point","coordinates":[-113.51179,56.07675]},"properties":{"r":207.75,"o":67,"n":"CVE 15A-27 BRINT 7-3-82-23","u":"03/07-03-082-23W4/0","f":508,"y":2001,"d":2629}},{"type":"Feature","geometry":{"type":"Point","coordinates":[-111.86996,57.05316]},"properties":{"r":187.9,"o":299,"n":"SUNCOR F5PB DOVER 7-9-93-12","u":"03/07-09-093-12W4/2","f":926,"y":2005,"d":1252}},{"type":"Feature","geometry":{"type":"Point","coordinates":[-110.85718,57.22738]},"properties":{"r":1259.49,"o":299,"n":"SUNCOR SAGD P7P3 FIREBAG 7-11-95-6","u":"03/07-11-095-06W4/0","f":1149,"y":2006,"d":1534}},{"type":"Feature","geometry":{"type":"Point","coordinates":[-114.32445,55.58487]},"properties":{"r":190.06,"o":293,"n":"SPL 15-1 103 MARTENH 7-13-76-3","u":"03/07-13-076-03W5/0","f":9556,"y":2025,"d":3489}},{"type":"Feature","geometry":{"type":"Point","coordinates":[-110.63583,54.01145]},"properties":{"r":867.01,"o":295,"n":"SRL D01W-P13 LIND 7-14-58-5","u":"03/07-14-058-05W4/0","f":5610,"y":2025,"d":1876}},{"type":"Feature","geometry":{"type":"Point","coordinates":[-110.52933,55.14704]},"properties":{"r":1457.85,"o":75,"n":"CVE N28P09 FISHER 7-15-71-4","u":"03/07-15-071-04W4/0","f":10927,"y":2025,"d":2620}},{"type":"Feature","geometry":{"type":"Point","coordinates":[-110.84177,55.66875]},"properties":{"r":3042.75,"o":75,"n":"CVE X02P07 LEISMER 7-15-77-6","u":"03/07-15-077-06W4/2","f":934,"y":2024,"d":2092}},{"type":"Feature","geometry":{"type":"Point","coordinates":[-110.41614,54.53543]},"properties":{"r":314.07,"o":295,"n":"OPC P206-P7 COLD LK 7-17-64-3","u":"03/07-17-064-03W4/0","f":2122,"y":2018,"d":1558}},{"type":"Feature","geometry":{"type":"Point","coordinates":[-113.27573,55.85901]},"properties":{"r":102.27,"o":67,"n":"CNRL SLP3-7D PEERLESS 7-19-79-21","u":"03/07-19-079-21W4/0","f":4628,"y":2012,"d":3034}},{"type":"Feature","geometry":{"type":"Point","coordinates":[-110.86201,54.37399]},"properties":{"r":109.27,"o":67,"n":"CNRL 7A HZ FORSYTH 7-20-62-6","u":"03/07-20-062-06W4/0","f":9071,"y":2025,"d":1721}},{"type":"Feature","geometry":{"type":"Point","coordinates":[-110.39783,55.07393]},"properties":{"r":906.05,"o":75,"n":"CVE E23P04 FISHER 7-21-70-3","u":"03/07-21-070-03W4/2","f":10927,"y":2023,"d":1991}},{"type":"Feature","geometry":{"type":"Point","coordinates":[-110.98984,56.20748]},"properties":{"r":827.97,"o":85,"n":"COPRC 101P07 HZ RESDELN 7-23-83-7","u":"03/07-23-083-07W4/0","f":3130,"y":2006,"d":1728}},{"type":"Feature","geometry":{"type":"Point","coordinates":[-110.96229,56.38148]},"properties":{"r":516.1,"o":80,"n":"NEU CNOOC 18P06 NEWBY 7-24-85-7","u":"03/07-24-085-07W4/0","f":2026,"y":2019,"d":1454}},{"type":"Feature","geometry":{"type":"Point","coordinates":[-110.99253,56.30949]},"properties":{"r":245.39,"o":80,"n":"NEXEN CNOOC K2P08 RESDELN 7-26-84-7","u":"03/07-26-084-07W4/0","f":2026,"y":2013,"d":1118}},{"type":"Feature","geometry":{"type":"Point","coordinates":[-111.01812,56.31107]},"properties":{"r":567.97,"o":80,"n":"NEXEN CNOOC K1P04 RESDELN 7-27-84-7","u":"03/07-27-084-07W4/0","f":2026,"y":2012,"d":1269}},{"type":"Feature","geometry":{"type":"Point","coordinates":[-110.54559,54.56613]},"properties":{"r":101.2,"o":295,"n":"SRL COLD LK 7-28-64-4","u":"03/07-28-064-04W4/0","f":1724,"y":2007,"d":1555}},{"type":"Feature","geometry":{"type":"Point","coordinates":[-110.81257,54.40288]},"properties":{"r":417.16,"o":67,"n":"CNRL 7A2 HZ FORSYTH 7-34-62-6","u":"03/07-34-062-06W4/0","f":10771,"y":2025,"d":1651}},{"type":"Feature","geometry":{"type":"Point","coordinates":[-110.51872,54.66683]},"properties":{"r":150.93,"o":153,"n":"IMP 93 H22-13 COLDLK 7-34-65-4","u":"03/07-34-065-04W4/0","f":295,"y":1993,"d":482}},{"type":"Feature","geometry":{"type":"Point","coordinates":[-110.84411,55.53771]},"properties":{"r":909.51,"o":75,"n":"CVE J15P06 KIRBY 7-34-75-6","u":"03/07-34-075-06W4/3","f":934,"y":2017,"d":2373}},{"type":"Feature","geometry":{"type":"Point","coordinates":[-110.82159,57.19745]},"properties":{"r":469.91,"o":299,"n":"SUNCOR P118P8 FIREBAG 7-36-94-6","u":"03/07-36-094-06W4/0","f":1149,"y":2015,"d":1599}},{"type":"Feature","geometry":{"type":"Point","coordinates":[-113.50669,56.07617]},"properties":{"r":169.66,"o":67,"n":"CVE 15A-27 BRINT 8-3-82-23","u":"03/08-03-082-23W4/0","f":508,"y":2001,"d":2779}},{"type":"Feature","geometry":{"type":"Point","coordinates":[-110.7578,55.55368]},"properties":{"r":464.15,"o":75,"n":"CVE B23P04 KIRBY 8-6-76-5","u":"03/08-06-076-05W4/0","f":934,"y":2018,"d":2007}},{"type":"Feature","geometry":{"type":"Point","coordinates":[-116.66369,56.33953]},"properties":{"r":231.23,"o":67,"n":"CNUL HZ 103 CADOTTE 8-6-85-17","u":"03/08-06-085-17W5/0","f":10585,"y":2025,"d":2767}},{"type":"Feature","geometry":{"type":"Point","coordinates":[-110.90556,57.22641]},"properties":{"r":231.63,"o":299,"n":"SUNCOR SAGD P115P5 FIREBAG  8-9-95-6","u":"03/08-09-095-06W4/0","f":1149,"y":2011,"d":1568}},{"type":"Feature","geometry":{"type":"Point","coordinates":[-110.81203,55.56687]},"properties":{"r":170.16,"o":75,"n":"CVE B06W04-1 LEISMER 8-11-76-6","u":"03/08-11-076-06W4/0","f":934,"y":2022,"d":2043}},{"type":"Feature","geometry":{"type":"Point","coordinates":[-110.78507,55.5814]},"properties":{"r":204.59,"o":75,"n":"CVE B10P02 HARDY 8-13-76-6","u":"03/08-13-076-06W4/0","f":934,"y":2025,"d":1112}},{"type":"Feature","geometry":{"type":"Point","coordinates":[-110.80897,55.58204]},"properties":{"r":126.89,"o":75,"n":"CVE F01P12-1 LEISMER 8-14-76-6","u":"03/08-14-076-06W4/0","f":934,"y":2019,"d":1814}},{"type":"Feature","geometry":{"type":"Point","coordinates":[-110.8827,54.37512]},"properties":{"r":138.02,"o":67,"n":"CNRL 8A3 HZ FORSYTH 8-19-62-6","u":"03/08-19-062-06W4/0","f":9108,"y":2024,"d":1977}},{"type":"Feature","geometry":{"type":"Point","coordinates":[-116.30397,55.77151]},"properties":{"r":185.53,"o":46,"n":"BAYTEX S911 HZ PEAVINE 8-19-78-15","u":"03/08-19-078-15W5/0","f":9726,"y":2024,"d":3920}},{"type":"Feature","geometry":{"type":"Point","coordinates":[-111.70599,56.12062]},"properties":{"r":259.58,"o":84,"n":"CLC 202 P08 HANGSTN 8-19-82-11","u":"03/08-19-082-11W4/0","f":3166,"y":2022,"d":1831}},{"type":"Feature","geometry":{"type":"Point","coordinates":[-110.56244,54.55109]},"properties":{"r":811.64,"o":295,"n":"SRL CS3P TUCKLK 8-20-64-4","u":"03/08-20-064-04W4/0","f":1724,"y":2024,"d":2341}},{"type":"Feature","geometry":{"type":"Point","coordinates":[-111.0354,55.3359]},"properties":{"r":428.67,"o":67,"n":"CNRL E 4P KIRBY 8-20-73-7","u":"03/08-20-073-07W4/0","f":3534,"y":2012,"d":1699}},{"type":"Feature","geometry":{"type":"Point","coordinates":[-110.88726,55.59868]},"properties":{"r":1439.29,"o":75,"n":"CVE M01P01 LEISMER 8-20-76-6","u":"03/08-20-076-06W4/2","f":934,"y":2023,"d":2524}},{"type":"Feature","geometry":{"type":"Point","coordinates":[-111.66565,56.2948]},"properties":{"r":244.46,"o":136,"n":"GROC HE W1-P1 RD HANGSTN 8-21-84-11","u":"03/08-21-084-11W4/2","f":4543,"y":2013,"d":1307}},{"type":"Feature","geometry":{"type":"Point","coordinates":[-110.49217,54.8116]},"properties":{"r":221.04,"o":67,"n":"CNRL 16C28N PRIMROSE 8-23-67-4","u":"03/08-23-067-04W4/0","f":11042,"y":2007,"d":1868}},{"type":"Feature","geometry":{"type":"Point","coordinates":[-110.95604,56.38148]},"properties":{"r":1055.53,"o":80,"n":"NEU CNOOC 18P10 NEWBY 8-24-85-7","u":"03/08-24-085-07W4/0","f":2026,"y":2019,"d":1465}},{"type":"Feature","geometry":{"type":"Point","coordinates":[-110.60184,54.04155]},"properties":{"r":151.29,"o":295,"n":"PENGROWTH D02-P6 LNDBRGH 8-25-58-5","u":"03/08-25-058-05W4/0","f":5610,"y":2014,"d":1628}},{"type":"Feature","geometry":{"type":"Point","coordinates":[-110.69357,55.08875]},"properties":{"r":586.57,"o":75,"n":"CVE W28P02 KIRBY 8-28-70-5","u":"03/08-28-070-05W4/0","f":10927,"y":2022,"d":1714}},{"type":"Feature","geometry":{"type":"Point","coordinates":[-110.4156,55.08909]},"properties":{"r":155.15,"o":75,"n":"CVE E26P08-1 FISHER 8-29-70-3","u":"03/08-29-070-03W4/0","f":10927,"y":2021,"d":2170}},{"type":"Feature","geometry":{"type":"Point","coordinates":[-111.04592,55.52294]},"properties":{"r":354.64,"o":67,"n":"CNRL BB3P CONKLIN 8-29-75-7","u":"03/08-29-075-07W4/0","f":3346,"y":2009,"d":1638}},{"type":"Feature","geometry":{"type":"Point","coordinates":[-110.9209,57.18303]},"properties":{"r":605.14,"o":299,"n":"SUNCOR P126P3 FIREBAG 8-29-94-6","u":"03/08-29-094-06W4/0","f":1149,"y":2021,"d":1733}},{"type":"Feature","geometry":{"type":"Point","coordinates":[-110.51602,54.66774]},"properties":{"r":131.48,"o":153,"n":"IMP 93 H22-9 COLDLK 8-34-65-4","u":"03/08-34-065-04W4/0","f":295,"y":1994,"d":492}},{"type":"Feature","geometry":{"type":"Point","coordinates":[-110.62095,54.92918]},"properties":{"r":439.17,"o":67,"n":"CNRL 8C71 FISHER 8-36-68-5","u":"03/08-36-068-05W4/0","f":11042,"y":2023,"d":3021}},{"type":"Feature","geometry":{"type":"Point","coordinates":[-111.42901,56.50074]},"properties":{"r":1099.48,"o":34,"n":"ATHABASCA AA06P HANGST 8-36-86-10","u":"03/08-36-086-10W4/0","f":5356,"y":2024,"d":1972}},{"type":"Feature","geometry":{"type":"Point","coordinates":[-110.39022,54.59605]},"properties":{"r":131.77,"o":153,"n":"IMP 01 U03-10 COLDLK 9-4-65-3","u":"03/09-04-065-03W4/0","f":3127,"y":2002,"d":508}},{"type":"Feature","geometry":{"type":"Point","coordinates":[-110.40605,54.24751]},"properties":{"r":112.4,"o":67,"n":"CNRL 9A HZ CHARLK 9-5-61-3","u":"03/09-05-061-03W4/0","f":10856,"y":2026,"d":1477}},{"type":"Feature","geometry":{"type":"Point","coordinates":[-110.75781,55.55633]},"properties":{"r":212.99,"o":75,"n":"CVE B23P01 KIRBY 9-6-76-5","u":"03/09-06-076-05W4/2","f":934,"y":2018,"d":2155}},{"type":"Feature","geometry":{"type":"Point","coordinates":[-110.58132,54.34865]},"properties":{"r":156.76,"o":66,"n":"CALTEX TRILOGY 03HZ FT KENT 9-7-62-4","u":"03/09-07-062-04W4/9","f":10192,"y":2024,"d":2029}},{"type":"Feature","geometry":{"type":"Point","coordinates":[-110.41149,54.52289]},"properties":{"r":561.93,"o":295,"n":"SRL G4-P03 ETHELLK 9-8-64-3","u":"03/09-08-064-03W4/2","f":2122,"y":2024,"d":2134}},{"type":"Feature","geometry":{"type":"Point","coordinates":[-110.78544,55.57252]},"properties":{"r":289.04,"o":75,"n":"CVE FCCL B12P04 LEISMER 9-12-76-6","u":"03/09-12-076-06W4/0","f":934,"y":2017,"d":1438}},{"type":"Feature","geometry":{"type":"Point","coordinates":[-111.64531,56.28367]},"properties":{"r":185.61,"o":136,"n":"GROC W05-P02 HANGSTN 9-15-84-11","u":"03/09-15-084-11W4/0","f":4543,"y":2014,"d":1234}},{"type":"Feature","geometry":{"type":"Point","coordinates":[-110.38484,54.53802]},"properties":{"r":278.89,"o":295,"n":"OPC P106-P3 COLD LK 9-16-64-3","u":"03/09-16-064-03W4/0","f":2122,"y":2007,"d":1375}},{"type":"Feature","geometry":{"type":"Point","coordinates":[-110.28258,53.83891]},"properties":{"r":101.75,"o":273,"n":"RBY 03 HZ LIND 9-18-56-2","u":"03/09-18-056-02W4/0","f":10493,"y":2025,"d":2651}},{"type":"Feature","geometry":{"type":"Point","coordinates":[-111.09156,57.25773]},"properties":{"r":190.14,"o":75,"n":"HUSKY B 16-17 P6 STEEPBK 9-20-95-7","u":"03/09-20-095-07W4/0","f":5519,"y":2012,"d":1286}},{"type":"Feature","geometry":{"type":"Point","coordinates":[-110.85033,56.21218]},"properties":{"r":609.06,"o":85,"n":"COPRC 2652P02STRD NEWBY 9-22-83-6","u":"03/09-22-083-06W4/2","f":3130,"y":2014,"d":1609}},{"type":"Feature","geometry":{"type":"Point","coordinates":[-112.13554,56.82279]},"properties":{"r":287.23,"o":233,"n":"MACOP AF02P ELLS 9-22-90-14","u":"03/09-22-090-14W4/0","f":6448,"y":2014,"d":1316}},{"type":"Feature","geometry":{"type":"Point","coordinates":[-110.62422,54.02956]},"properties":{"r":164.23,"o":295,"n":"PENGROWTH D03-P7 LNDBRGH 9-23-58-5","u":"03/09-23-058-05W4/0","f":5610,"y":2013,"d":1672}},{"type":"Feature","geometry":{"type":"Point","coordinates":[-110.85393,56.22612]},"properties":{"r":128.98,"o":85,"n":"COPRC 2623P05STRD NEWBY 9-27-83-6","u":"03/09-27-083-06W4/2","f":3130,"y":2013,"d":1412}},{"type":"Feature","geometry":{"type":"Point","coordinates":[-110.39225,55.09144]},"properties":{"r":332.81,"o":75,"n":"CVE E28P02 FISHER 9-28-70-3","u":"03/09-28-070-03W4/0","f":10927,"y":2023,"d":1791}},{"type":"Feature","geometry":{"type":"Point","coordinates":[-110.88119,56.22652]},"properties":{"r":1041.42,"o":85,"n":"COPRC HZ 2631P01 RESDELN 9-28-83-6","u":"03/09-28-083-06W4/0","f":3130,"y":2012,"d":1759}},{"type":"Feature","geometry":{"type":"Point","coordinates":[-110.86945,53.69416]},"properties":{"r":111.83,"o":67,"n":"CNRL 7D HZ LIND 9-30-54-6","u":"03/09-30-054-06W4/0","f":10702,"y":2026,"d":1585}},{"type":"Feature","geometry":{"type":"Point","coordinates":[-111.07295,55.5276]},"properties":{"r":272.43,"o":67,"n":"CNRL QQ3P CONKLIN 9-30-75-7","u":"03/09-30-075-07W4/0","f":3346,"y":2017,"d":1381}},{"type":"Feature","geometry":{"type":"Point","coordinates":[-110.78771,57.199]},"properties":{"r":1716.26,"o":299,"n":"SUNCOR P123P8 FIREBAG 9-31-94-5","u":"03/09-31-094-05W4/0","f":1149,"y":2019,"d":1880}},{"type":"Feature","geometry":{"type":"Point","coordinates":[-110.81034,55.71565]},"properties":{"r":1383.61,"o":75,"n":"MEG AV10P HARDY 9-35-77-6","u":"03/09-35-077-06W4/0","f":1892,"y":2025,"d":2039}},{"type":"Feature","geometry":{"type":"Point","coordinates":[-110.62104,54.9297]},"properties":{"r":350.15,"o":67,"n":"CNRL 9C71 FISHER 9-36-68-5","u":"03/09-36-068-05W4/0","f":11042,"y":2023,"d":3065}},{"type":"Feature","geometry":{"type":"Point","coordinates":[-110.31992,54.77205]},"properties":{"r":204.8,"o":67,"n":"CNRL 13A78 PRIMROSE 10-1-67-3","u":"03/10-01-067-03W4/0","f":11042,"y":2007,"d":1730}},{"type":"Feature","geometry":{"type":"Point","coordinates":[-110.84806,54.42318]},"properties":{"r":150.41,"o":67,"n":"CNRL 10C HZ LA COREY 10-4-63-6","u":"03/10-04-063-06W4/0","f":10324,"y":2025,"d":2385}},{"type":"Feature","geometry":{"type":"Point","coordinates":[-111.55636,55.8341]},"properties":{"r":1218.52,"o":34,"n":"ATHABASCA L10P02 LEISMER 10-7-79-10","u":"03/10-07-079-10W4/0","f":2782,"y":2024,"d":2073}},{"type":"Feature","geometry":{"type":"Point","coordinates":[-110.96168,56.18082]},"properties":{"r":210.73,"o":85,"n":"COPRC 102P21 RESDELN 10-12-83-7","u":"03/10-12-083-07W4/9","f":3130,"y":2013,"d":1635}},{"type":"Feature","geometry":{"type":"Point","coordinates":[-110.99193,57.24571]},"properties":{"r":449.05,"o":75,"n":"CVE V01P01 STEEPBK 10-13-95-7","u":"03/10-13-095-07W4/0","f":5519,"y":2024,"d":2617}},{"type":"Feature","geometry":{"type":"Point","coordinates":[-110.7411,55.6895]},"properties":{"r":613.05,"o":75,"n":"MEG AH2P HARDY 10-20-77-5","u":"03/10-20-077-05W4/0","f":1892,"y":2018,"d":1645}},{"type":"Feature","geometry":{"type":"Point","coordinates":[-111.09835,57.25773]},"properties":{"r":151.12,"o":75,"n":"CVE GP02-2 STEEPBK 10-20-95-7","u":"03/10-20-095-07W4/0","f":5519,"y":2024,"d":2063}},{"type":"Feature","geometry":{"type":"Point","coordinates":[-111.07166,57.25769]},"properties":{"r":1196.93,"o":75,"n":"HUSKY B15-16 P6 STEEPBK 10-21-95-7","u":"03/10-21-095-07W4/0","f":5519,"y":2012,"d":1287}},{"type":"Feature","geometry":{"type":"Point","coordinates":[-111.04767,57.26019]},"properties":{"r":296.92,"o":75,"n":"CVE U01P03 STEEPBK 10-22-95-7","u":"03/10-22-095-07W4/0","f":5519,"y":2023,"d":1730}},{"type":"Feature","geometry":{"type":"Point","coordinates":[-110.83096,56.21341]},"properties":{"r":199.01,"o":85,"n":"COPRC HZ 2642P09STK NEWBY 10-23-83-6","u":"03/10-23-083-06W4/2","f":3130,"y":2012,"d":1638}},{"type":"Feature","geometry":{"type":"Point","coordinates":[-110.54738,54.65587]},"properties":{"r":132.23,"o":153,"n":"IMP 96 L05-10 COLDLK 10-28-65-4","u":"03/10-28-065-04W4/0","f":295,"y":1997,"d":569}},{"type":"Feature","geometry":{"type":"Point","coordinates":[-110.92798,57.18597]},"properties":{"r":783.31,"o":299,"n":"SUNCOR P126P9 FIREBAG 10-29-94-6","u":"03/10-29-094-06W4/0","f":1149,"y":2021,"d":1711}},{"type":"Feature","geometry":{"type":"Point","coordinates":[-110.44401,54.58067]},"properties":{"r":125.42,"o":153,"n":"IMP 99 Y36-05 COLDLK 10-31-64-3","u":"03/10-31-064-03W4/0","f":3127,"y":1999,"d":602}},{"type":"Feature","geometry":{"type":"Point","coordinates":[-110.87199,55.54346]},"properties":{"r":551.05,"o":67,"n":"CNRL O2P LEISMER 10-33-75-6","u":"03/10-33-075-06W4/0","f":2037,"y":2015,"d":1529}},{"type":"Feature","geometry":{"type":"Point","coordinates":[-110.52013,54.66912]},"properties":{"r":167.33,"o":153,"n":"IMP 93 H22-6 COLDLK 10-34-65-4","u":"03/10-34-065-04W4/0","f":295,"y":1994,"d":553}},{"type":"Feature","geometry":{"type":"Point","coordinates":[-110.86088,56.24176]},"properties":{"r":892.94,"o":85,"n":"COPRC 2662P04STRD NEWBY 10-34-83-6","u":"03/10-34-083-06W4/2","f":3130,"y":2014,"d":1540}},{"type":"Feature","geometry":{"type":"Point","coordinates":[-110.34314,54.75604]},"properties":{"r":113.22,"o":153,"n":"IMP 22 N01-H27 LEMING 10-35-66-3","u":"03/10-35-066-03W4/0","f":3827,"y":2022,"d":1822}},{"type":"Feature","geometry":{"type":"Point","coordinates":[-110.60305,53.70835]},"properties":{"r":272.54,"o":67,"n":"CNRL 7D HZ LIND 10-36-54-5","u":"03/10-36-054-05W4/9","f":10481,"y":2026,"d":1482}},{"type":"Feature","geometry":{"type":"Point","coordinates":[-110.62307,54.93294]},"properties":{"r":168.82,"o":67,"n":"CNRL 15C71 FISHER 10-36-68-5","u":"03/10-36-068-05W4/0","f":11042,"y":2023,"d":3392}},{"type":"Feature","geometry":{"type":"Point","coordinates":[-110.48828,53.81277]},"properties":{"r":124.58,"o":67,"n":"CNRL 11D HZ LIND 11-2-56-4","u":"03/11-02-056-04W4/2","f":10659,"y":2025,"d":1610}},{"type":"Feature","geometry":{"type":"Point","coordinates":[-110.8602,57.21636]},"properties":{"r":715.0,"o":299,"n":"SUNCOR P8P9B FIREBAG 11-2-95-6","u":"03/11-02-095-06W4/2","f":1149,"y":2006,"d":1144}},{"type":"Feature","geometry":{"type":"Point","coordinates":[-110.39984,54.59852]},"properties":{"r":102.36,"o":153,"n":"IMP 01 U04-10 COLDLK 11-4-65-3","u":"03/11-04-065-03W4/0","f":3127,"y":2001,"d":594}},{"type":"Feature","geometry":{"type":"Point","coordinates":[-111.18869,55.46935]},"properties":{"r":726.49,"o":67,"n":"CNRL KN02-10P RE DEVENISH 11-4-75-8","u":"03/11-04-075-08W4/2","f":5737,"y":2018,"d":1730}},{"type":"Feature","geometry":{"type":"Point","coordinates":[-110.96971,57.22935]},"properties":{"r":409.91,"o":299,"n":"SUNCOR P130P2 FIREBAG 11-7-95-6","u":"03/11-07-095-06W4/0","f":1149,"y":2023,"d":1737}},{"type":"Feature","geometry":{"type":"Point","coordinates":[-110.49406,53.91205]},"properties":{"r":123.51,"o":37,"n":"2619800 AYIK 103 HZ LIND 11-11-57-4","u":"03/11-11-057-04W4/0","f":10815,"y":2026,"d":1638}},{"type":"Feature","geometry":{"type":"Point","coordinates":[-110.95381,54.43512]},"properties":{"r":109.74,"o":67,"n":"CNRL 5D HZ SUGDEN 11-11-63-7","u":"03/11-11-063-07W4/0","f":10520,"y":2025,"d":1965}},{"type":"Feature","geometry":{"type":"Point","coordinates":[-110.39771,54.53976]},"properties":{"r":273.86,"o":295,"n":"OPC P104-P1 COLD LK 11-16-64-3","u":"03/11-16-064-03W4/0","f":2122,"y":2007,"d":1306}},{"type":"Feature","geometry":{"type":"Point","coordinates":[-111.00534,55.51198]},"properties":{"r":1075.2,"o":67,"n":"CNRL K4P RE CONKLIN 11-22-75-7","u":"03/11-22-075-07W4/2","f":5101,"y":2013,"d":1461}},{"type":"Feature","geometry":{"type":"Point","coordinates":[-110.99695,56.21274]},"properties":{"r":612.02,"o":85,"n":"COPRC HZ 103P03 RESDELN 11-23-83-7","u":"03/11-23-083-07W4/0","f":3130,"y":2013,"d":1756}},{"type":"Feature","geometry":{"type":"Point","coordinates":[-110.31584,53.85567]},"properties":{"r":111.66,"o":273,"n":"RBY 03 HZ LIND 11-24-56-3","u":"03/11-24-056-03W4/2","f":10493,"y":2025,"d":2008}},{"type":"Feature","geometry":{"type":"Point","coordinates":[-110.61541,54.02804]},"properties":{"r":271.4,"o":295,"n":"PENGROWTH D03-P1 LNDBRGH 11-24-58-5","u":"03/11-24-058-05W4/0","f":5610,"y":2013,"d":1622}},{"type":"Feature","geometry":{"type":"Point","coordinates":[-111.02162,56.31296]},"properties":{"r":330.86,"o":80,"n":"NEXEN CNOOC K1P08 RESDELN 11-27-84-7","u":"03/11-27-084-07W4/0","f":2026,"y":2013,"d":1332}},{"type":"Feature","geometry":{"type":"Point","coordinates":[-110.79811,57.19897]},"properties":{"r":1402.56,"o":299,"n":"SUNCOR FIREBAG P123P1 11-31-94-5","u":"03/11-31-094-05W4/0","f":1149,"y":2019,"d":1906}},{"type":"Feature","geometry":{"type":"Point","coordinates":[-110.37309,54.58408]},"properties":{"r":126.17,"o":153,"n":"IMP 01 V01-21 COLDLK 11-34-64-3","u":"03/11-34-064-03W4/0","f":3127,"y":2002,"d":664}},{"type":"Feature","geometry":{"type":"Point","coordinates":[-110.37952,54.84344]},"properties":{"r":393.13,"o":67,"n":"CNRL 23A93 MOORE 11-34-67-3","u":"03/11-34-067-03W4/0","f":11042,"y":2024,"d":2276}},{"type":"Feature","geometry":{"type":"Point","coordinates":[-110.80723,55.64333]},"properties":{"r":1011.48,"o":75,"n":"CVE X05P08 HARDY 12-1-77-6","u":"03/12-01-077-06W4/0","f":934,"y":2024,"d":2863}},{"type":"Feature","geometry":{"type":"Point","coordinates":[-110.38329,54.59533]},"properties":{"r":138.42,"o":153,"n":"IMP 01 U03-22 COLDLK 12-3-65-3","u":"03/12-03-065-03W4/0","f":3127,"y":2002,"d":661}},{"type":"Feature","geometry":{"type":"Point","coordinates":[-110.8939,57.21509]},"properties":{"r":377.14,"o":299,"n":"SUNCOR SAGD P16P11 FIREBAG  12-3-95-","u":"03/12-03-095-06W4/0","f":1149,"y":2010,"d":1515}},{"type":"Feature","geometry":{"type":"Point","coordinates":[-110.85647,54.42271]},"properties":{"r":271.45,"o":67,"n":"CNRL 12D HZ LA COREY 12-4-63-6","u":"03/12-04-063-06W4/0","f":10741,"y":2025,"d":2528}},{"type":"Feature","geometry":{"type":"Point","coordinates":[-110.58963,54.94511]},"properties":{"r":115.61,"o":67,"n":"CNRL 13A160 FISHER 12-5-69-4","u":"03/12-05-069-04W4/0","f":11042,"y":2022,"d":2756}},{"type":"Feature","geometry":{"type":"Point","coordinates":[-113.82589,55.38348]},"properties":{"r":108.14,"o":306,"n":"TVE 13-4 HZ 103 MARTENH 12-5-74-25","u":"03/12-05-074-25W4/0","f":8471,"y":2025,"d":2325}},{"type":"Feature","geometry":{"type":"Point","coordinates":[-111.21954,55.4703]},"properties":{"r":781.86,"o":67,"n":"CNRL KN07-05P DEVENISH 12-5-75-8","u":"03/12-05-075-08W4/0","f":5737,"y":2023,"d":2506}},{"type":"Feature","geometry":{"type":"Point","coordinates":[-110.98012,57.23034]},"properties":{"r":706.89,"o":299,"n":"SUNCOR P111P17 FIREBAG 12-7-95-6","u":"03/12-07-095-06W4/0","f":1149,"y":2019,"d":1669}},{"type":"Feature","geometry":{"type":"Point","coordinates":[-110.5896,54.9597]},"properties":{"r":252.12,"o":67,"n":"CNRL 15A161 FISHER 12-8-69-4","u":"03/12-08-069-04W4/0","f":11042,"y":2022,"d":2704}},{"type":"Feature","geometry":{"type":"Point","coordinates":[-110.59854,55.65951]},"properties":{"r":539.33,"o":75,"n":"MEG DA3P HARDY 12-8-77-4","u":"03/12-08-077-04W4/0","f":1892,"y":2022,"d":2117}},{"type":"Feature","geometry":{"type":"Point","coordinates":[-110.48582,54.87321]},"properties":{"r":144.23,"o":67,"n":"CNRL 1A67 PRIMROSE 12-12-68-4","u":"03/12-12-068-04W4/0","f":11042,"y":2009,"d":2732}},{"type":"Feature","geometry":{"type":"Point","coordinates":[-110.97862,56.37252]},"properties":{"r":394.12,"o":80,"n":"NEU CNOOC 16P08 NEWBY 12-13-85-7","u":"03/12-13-085-07W4/0","f":2026,"y":2019,"d":1414}},{"type":"Feature","geometry":{"type":"Point","coordinates":[-110.67567,55.67472]},"properties":{"r":113.99,"o":75,"n":"MEG L5P HARDY 12-14-77-5","u":"03/12-14-077-05W4/0","f":1892,"y":2017,"d":1528}},{"type":"Feature","geometry":{"type":"Point","coordinates":[-111.06017,57.24616]},"properties":{"r":1338.66,"o":75,"n":"CVE RP05 STEEPBK 12-15-95-7","u":"03/12-15-095-07W4/2","f":5519,"y":2018,"d":1466}},{"type":"Feature","geometry":{"type":"Point","coordinates":[-110.97987,57.24596]},"properties":{"r":181.08,"o":299,"n":"SUNCOR P132P10 FIREBAG 12-18-95-6","u":"03/12-18-095-06W4/0","f":1149,"y":2023,"d":1728}},{"type":"Feature","geometry":{"type":"Point","coordinates":[-110.88301,55.60071]},"properties":{"r":680.45,"o":75,"n":"CVE M17P09 LEISMER 12-21-76-6","u":"03/12-21-076-06W4/2","f":934,"y":2023,"d":2056}},{"type":"Feature","geometry":{"type":"Point","coordinates":[-111.65885,56.29739]},"properties":{"r":268.51,"o":136,"n":"GROC HE W4-P1 RD HANGSTN 12-22-84-11","u":"03/12-22-084-11W4/2","f":4543,"y":2014,"d":1650}},{"type":"Feature","geometry":{"type":"Point","coordinates":[-110.63965,55.07654]},"properties":{"r":1309.39,"o":75,"n":"CVE W09P04 FISHER 12-24-70-5","u":"03/12-24-070-05W4/2","f":10927,"y":2023,"d":2219}},{"type":"Feature","geometry":{"type":"Point","coordinates":[-110.84513,56.22692]},"properties":{"r":176.2,"o":85,"n":"COPRC 2632P01STRD NEWBY 12-26-83-6","u":"03/12-26-083-06W4/2","f":3130,"y":2012,"d":1725}},{"type":"Feature","geometry":{"type":"Point","coordinates":[-110.86287,57.18796]},"properties":{"r":619.75,"o":299,"n":"SUNCOR P122P8 FIREBAG 12-26-94-6","u":"03/12-26-094-06W4/0","f":1149,"y":2020,"d":1708}},{"type":"Feature","geometry":{"type":"Point","coordinates":[-110.53483,54.82993]},"properties":{"r":324.91,"o":67,"n":"CNRL 18A22 PRIMROSE 12-27-67-4","u":"03/12-27-067-04W4/0","f":11042,"y":2010,"d":2812}},{"type":"Feature","geometry":{"type":"Point","coordinates":[-110.57931,54.56714]},"properties":{"r":132.19,"o":295,"n":"SRL COLD LK 12-29-64-4","u":"03/12-29-064-04W4/0","f":1724,"y":2006,"d":1435}},{"type":"Feature","geometry":{"type":"Point","coordinates":[-110.59533,54.04389]},"properties":{"r":245.22,"o":295,"n":"SRL D02-P10 LIND 12-30-58-4","u":"03/12-30-058-04W4/0","f":5610,"y":2021,"d":2187}},{"type":"Feature","geometry":{"type":"Point","coordinates":[-113.69237,55.35313]},"properties":{"r":200.16,"o":293,"n":"SPL 11-26 HZ 103 MARTENH 12-30-73-24","u":"03/12-30-073-24W4/0","f":7981,"y":2023,"d":3650}},{"type":"Feature","geometry":{"type":"Point","coordinates":[-110.94757,56.40131]},"properties":{"r":410.41,"o":80,"n":"NEXEN OPTI 07P08 NEWBY 12-30-85-6","u":"03/12-30-085-06W4/0","f":2026,"y":2005,"d":1343}},{"type":"Feature","geometry":{"type":"Point","coordinates":[-110.92254,56.41676]},"properties":{"r":368.02,"o":80,"n":"NEU CNOOC 03P02 INF NEWBY 12-32-85-6","u":"03/12-32-085-06W4/0","f":2026,"y":2018,"d":1271}},{"type":"Feature","geometry":{"type":"Point","coordinates":[-110.5618,54.84401]},"properties":{"r":273.02,"o":67,"n":"CNRL 2A24 PRIMROSE 12-33-67-4","u":"03/12-33-067-04W4/0","f":11042,"y":2010,"d":2689}},{"type":"Feature","geometry":{"type":"Point","coordinates":[-110.53539,55.10465]},"properties":{"r":1227.08,"o":75,"n":"CVE N22P05 FISHER 12-34-70-4","u":"03/12-34-070-04W4/2","f":10927,"y":2022,"d":2232}},{"type":"Feature","geometry":{"type":"Point","coordinates":[-110.47545,53.79507]},"properties":{"r":103.49,"o":67,"n":"CNRL 12A HZ LIND 12-36-55-4","u":"03/12-36-055-04W4/0","f":10369,"y":2025,"d":2560}},{"type":"Feature","geometry":{"type":"Point","coordinates":[-113.71828,55.38462]},"properties":{"r":113.61,"o":293,"n":"SPL 13-12 103 MARTENH 13-1-74-25","u":"03/13-01-074-25W4/0","f":7877,"y":2023,"d":2280}},{"type":"Feature","geometry":{"type":"Point","coordinates":[-110.97498,56.43215]},"properties":{"r":202.89,"o":80,"n":"CNOOC 19P04 NEWBY 13-1-86-7","u":"03/13-01-086-07W4/0","f":2026,"y":2023,"d":1907}},{"type":"Feature","geometry":{"type":"Point","coordinates":[-110.89399,57.21833]},"properties":{"r":197.25,"o":299,"n":"SUNCOR SAGD P16P7 FIREBAG  13-3-95-6","u":"03/13-03-095-06W4/0","f":1149,"y":2010,"d":1348}},{"type":"Feature","geometry":{"type":"Point","coordinates":[-110.58964,54.9489]},"properties":{"r":352.19,"o":67,"n":"CNRL 20A160 FISHER 13-5-69-4","u":"03/13-05-069-04W4/0","f":11042,"y":2022,"d":2874}},{"type":"Feature","geometry":{"type":"Point","coordinates":[-114.12991,55.47527]},"properties":{"r":310.23,"o":144,"n":"HWX 103 HZ MARTENH 13-5-75-1","u":"03/13-05-075-01W5/2","f":10963,"y":2026,"d":2495}},{"type":"Feature","geometry":{"type":"Point","coordinates":[-110.62428,55.66424]},"properties":{"r":129.42,"o":75,"n":"MEG DD6P HARDY 13-7-77-4","u":"03/13-07-077-04W4/2","f":1892,"y":2018,"d":1543}},{"type":"Feature","geometry":{"type":"Point","coordinates":[-110.42736,54.35465]},"properties":{"r":100.51,"o":46,"n":"BAYTEX E170 HZ KENT 13-8-62-3","u":"03/13-08-062-03W4/0","f":10837,"y":2026,"d":1955}},{"type":"Feature","geometry":{"type":"Point","coordinates":[-110.58958,54.96347]},"properties":{"r":195.49,"o":67,"n":"CNRL 22A161 FISHER 13-8-69-4","u":"03/13-08-069-04W4/0","f":11042,"y":2022,"d":2795}},{"type":"Feature","geometry":{"type":"Point","coordinates":[-110.59981,55.6621]},"properties":{"r":221.78,"o":75,"n":"MEG DG10P HARDY 13-8-77-4","u":"03/13-08-077-04W4/2","f":1892,"y":2021,"d":1920}},{"type":"Feature","geometry":{"type":"Point","coordinates":[-110.8676,57.23361]},"properties":{"r":250.8,"o":299,"n":"SUNCOR SAGD P4P3 FIREBAG 13-11-95-6","u":"03/13-11-095-06W4/0","f":1149,"y":2004,"d":1493}},{"type":"Feature","geometry":{"type":"Point","coordinates":[-112.10028,56.79707]},"properties":{"r":137.18,"o":233,"n":"MACOP AE03P CRKD RPS 13-12-90-14","u":"03/13-12-090-14W4/0","f":6448,"y":2013,"d":1303}},{"type":"Feature","geometry":{"type":"Point","coordinates":[-110.97862,56.37482]},"properties":{"r":636.76,"o":80,"n":"NEU CNOOC 16P11 NEWBY 13-13-85-7","u":"03/13-13-085-07W4/0","f":2026,"y":2019,"d":1276}},{"type":"Feature","geometry":{"type":"Point","coordinates":[-116.40587,55.76362]},"properties":{"r":110.2,"o":46,"n":"BAYTEX S340 HZ HEARTR 13-15-78-16","u":"03/13-15-078-16W5/2","f":9500,"y":2023,"d":3568}},{"type":"Feature","geometry":{"type":"Point","coordinates":[-110.58943,55.06724]},"properties":{"r":302.79,"o":75,"n":"CVE W06P08-1 FISHER 13-17-70-4","u":"03/13-17-070-04W4/2","f":10927,"y":2024,"d":1953}},{"type":"Feature","geometry":{"type":"Point","coordinates":[-111.11315,57.24639]},"properties":{"r":682.23,"o":75,"n":"CVE BP05-1 STEEPBK 13-17-95-7","u":"03/13-17-095-07W4/0","f":5519,"y":2025,"d":1380}},{"type":"Feature","geometry":{"type":"Point","coordinates":[-114.15576,55.50328]},"properties":{"r":189.26,"o":144,"n":"HWX 103 HZ MARTENH 13-18-75-1","u":"03/13-18-075-01W5/0","f":9573,"y":2025,"d":3072}},{"type":"Feature","geometry":{"type":"Point","coordinates":[-110.97983,57.24915]},"properties":{"r":134.98,"o":299,"n":"SUNCOR P132P12 FIREBAG 13-18-95-6","u":"03/13-18-095-06W4/0","f":1149,"y":2023,"d":1647}},{"type":"Feature","geometry":{"type":"Point","coordinates":[-110.88093,55.60315]},"properties":{"r":1684.81,"o":75,"n":"CVE M17P06 LEISMER 13-21-76-6","u":"03/13-21-076-06W4/2","f":934,"y":2023,"d":1985}},{"type":"Feature","geometry":{"type":"Point","coordinates":[-114.23372,55.51876]},"properties":{"r":381.67,"o":144,"n":"HWX 103 HZ MARTENH 13-22-75-2","u":"03/13-22-075-02W5/0","f":9068,"y":2025,"d":2935}},{"type":"Feature","geometry":{"type":"Point","coordinates":[-116.73563,56.21391]},"properties":{"r":111.87,"o":46,"n":"BAYTEX HZ HARMON 13-23-83-18","u":"03/13-23-083-18W5/0","f":9007,"y":2024,"d":2785}},{"type":"Feature","geometry":{"type":"Point","coordinates":[-111.00286,55.35818]},"properties":{"r":1600.5,"o":67,"n":"CNRL G 14P KIRBY 13-27-73-7","u":"03/13-27-073-07W4/0","f":3534,"y":2025,"d":2543}},{"type":"Feature","geometry":{"type":"Point","coordinates":[-113.61693,55.3586]},"properties":{"r":305.14,"o":293,"n":"SPL 10-29 HZ 103 MARTENH 13-27-73-24","u":"03/13-27-073-24W4/0","f":7981,"y":2021,"d":3193}},{"type":"Feature","geometry":{"type":"Point","coordinates":[-110.85475,54.3969]},"properties":{"r":127.77,"o":67,"n":"CNRL 13B HZ FORSYTH 13-28-62-6","u":"03/13-28-062-06W4/0","f":9108,"y":2024,"d":2032}},{"type":"Feature","geometry":{"type":"Point","coordinates":[-110.57925,54.5704]},"properties":{"r":187.9,"o":295,"n":"SRL COLD LK 13-29-64-4","u":"03/13-29-064-04W4/0","f":1724,"y":2005,"d":1397}},{"type":"Feature","geometry":{"type":"Point","coordinates":[-113.4219,56.07043]},"properties":{"r":101.94,"o":67,"n":"CNRL HTLP2-13C BRINT 13-32-81-22","u":"03/13-32-081-22W4/0","f":4628,"y":2006,"d":2025}},{"type":"Feature","geometry":{"type":"Point","coordinates":[-110.38307,54.58653]},"properties":{"r":183.16,"o":153,"n":"IMP 01 V01-02 COLDLK 13-34-64-3","u":"03/13-34-064-03W4/0","f":3127,"y":2002,"d":726}},{"type":"Feature","geometry":{"type":"Point","coordinates":[-110.53874,55.10802]},"properties":{"r":1235.07,"o":75,"n":"CVE N22P03 FISHER 13-34-70-4","u":"03/13-34-070-04W4/0","f":10927,"y":2022,"d":1723}},{"type":"Feature","geometry":{"type":"Point","coordinates":[-110.86029,57.20375]},"properties":{"r":483.18,"o":299,"n":"SUNCOR SAGD P7P14 FIREBA 13-35-94-6","u":"03/13-35-094-06W4/0","f":1149,"y":2006,"d":1596}},{"type":"Feature","geometry":{"type":"Point","coordinates":[-110.47527,53.80203]},"properties":{"r":145.57,"o":67,"n":"CNRL 13C HZ LIND 13-36-55-4","u":"03/13-36-055-04W4/0","f":10369,"y":2025,"d":2200}},{"type":"Feature","geometry":{"type":"Point","coordinates":[-110.95562,55.56098]},"properties":{"r":761.44,"o":142,"n":"HARVEST HZ 102 P5 LEISMER 14-1-76-7","u":"03/14-01-076-07W4/0","f":5421,"y":2011,"d":1528}},{"type":"Feature","geometry":{"type":"Point","coordinates":[-113.76354,55.38762]},"properties":{"r":153.43,"o":293,"n":"SPL 14-34 103 MARTENH 14-3-74-25","u":"03/14-03-074-25W4/5","f":7981,"y":2024,"d":2400}},{"type":"Feature","geometry":{"type":"Point","coordinates":[-111.5637,55.82354]},"properties":{"r":640.26,"o":34,"n":"ATHABASCA L08P13 LEISMER 14-6-79-10","u":"03/14-06-079-10W4/0","f":2782,"y":2023,"d":2075}},{"type":"Feature","geometry":{"type":"Point","coordinates":[-110.59601,54.35454]},"properties":{"r":111.75,"o":66,"n":"CALTEX TRILOGY 103 FT KENT 14-7-62-4","u":"03/14-07-062-04W4/7","f":10192,"y":2024,"d":1291}},{"type":"Feature","geometry":{"type":"Point","coordinates":[-110.94416,56.44886]},"properties":{"r":167.81,"o":80,"n":"CNOOC 12P10 NEWBY 14-7-86-6","u":"03/14-07-086-06W4/9","f":2026,"y":2025,"d":1191}},{"type":"Feature","geometry":{"type":"Point","coordinates":[-111.92775,57.05756]},"properties":{"r":258.11,"o":299,"n":"SUNCOR P751P2 DOVER 14-7-93-12","u":"03/14-07-093-12W4/0","f":926,"y":2013,"d":1404}},{"type":"Feature","geometry":{"type":"Point","coordinates":[-111.89794,57.0593]},"properties":{"r":1000.79,"o":299,"n":"SUNCOR P826P5 DOVER 14-8-93-12","u":"03/14-08-093-12W4/0","f":926,"y":2023,"d":1645}},{"type":"Feature","geometry":{"type":"Point","coordinates":[-112.09839,56.79845]},"properties":{"r":137.16,"o":233,"n":"MACOP AD04P CRKD RPS 14-12-90-14","u":"03/14-12-090-14W4/0","f":6448,"y":2013,"d":1309}},{"type":"Feature","geometry":{"type":"Point","coordinates":[-111.60406,56.28908]},"properties":{"r":104.98,"o":136,"n":"GROC W06-P01 HANGSTN 14-13-84-11","u":"03/14-13-084-11W4/0","f":4543,"y":2014,"d":1318}},{"type":"Feature","geometry":{"type":"Point","coordinates":[-110.99513,56.2025]},"properties":{"r":770.0,"o":85,"n":"COPRC 101P02STRD RESDELN 14-14-83-7","u":"03/14-14-083-07W4/2","f":3130,"y":2008,"d":1644}},{"type":"Feature","geometry":{"type":"Point","coordinates":[-110.89285,57.24768]},"properties":{"r":548.26,"o":299,"n":"SUNCOR P121P8 FIREBAG 14-15-95-6","u":"03/14-15-095-06W4/0","f":1149,"y":2018,"d":1723}},{"type":"Feature","geometry":{"type":"Point","coordinates":[-113.44339,55.95414]},"properties":{"r":108.16,"o":67,"n":"CNRL SBP37-14C-W BRINT 14-19-80-22","u":"03/14-19-080-22W4/0","f":4628,"y":2017,"d":2434}},{"type":"Feature","geometry":{"type":"Point","coordinates":[-113.18259,55.86714]},"properties":{"r":140.54,"o":67,"n":"CNRL SLP11-14C3 PEERLESS 14-23-79-21","u":"03/14-23-079-21W4/9","f":4628,"y":2026,"d":2923}},{"type":"Feature","geometry":{"type":"Point","coordinates":[-110.46661,53.78716]},"properties":{"r":143.87,"o":66,"n":"CALTEX TRILOGY 103 LIND 14-25-55-4","u":"03/14-25-055-04W4/8","f":10727,"y":2025,"d":2157}},{"type":"Feature","geometry":{"type":"Point","coordinates":[-110.49056,53.87181]},"properties":{"r":103.78,"o":67,"n":"CNRL 14A HZ LIND 14-26-56-4","u":"03/14-26-056-04W4/0","f":10284,"y":2025,"d":2229}},{"type":"Feature","geometry":{"type":"Point","coordinates":[-110.83619,56.22984]},"properties":{"r":583.09,"o":85,"n":"COPRC 2613P05STRD NEWBY 14-26-83-6","u":"03/14-26-083-06W4/2","f":3130,"y":2014,"d":1585}},{"type":"Feature","geometry":{"type":"Point","coordinates":[-110.37684,54.5723]},"properties":{"r":112.23,"o":153,"n":"IMP 01 V02-24 COLDLK 14-27-64-3","u":"03/14-27-064-03W4/0","f":3127,"y":2002,"d":790}},{"type":"Feature","geometry":{"type":"Point","coordinates":[-110.89398,54.39834]},"properties":{"r":118.84,"o":67,"n":"CNRL 14D HZ FORSYTH 14-30-62-6","u":"03/14-30-062-06W4/0","f":10241,"y":2025,"d":2292}},{"type":"Feature","geometry":{"type":"Point","coordinates":[-110.30045,54.76074]},"properties":{"r":148.77,"o":153,"n":"IMP 13 N01-H06A COLD LK 14-31-66-2","u":"03/14-31-066-02W4/0","f":3827,"y":2013,"d":1868}},{"type":"Feature","geometry":{"type":"Point","coordinates":[-110.6175,55.63503]},"properties":{"r":603.19,"o":75,"n":"MEG MH2P HARDY 14-31-76-4","u":"03/14-31-076-04W4/2","f":1892,"y":2024,"d":1609}},{"type":"Feature","geometry":{"type":"Point","coordinates":[-113.44318,55.89645]},"properties":{"r":227.19,"o":144,"n":"HWX HZ 103 PEERLESS 14-31-79-22","u":"03/14-31-079-22W4/2","f":10669,"y":2025,"d":2557}},{"type":"Feature","geometry":{"type":"Point","coordinates":[-113.66559,55.37301]},"properties":{"r":186.72,"o":293,"n":"SPL 11-29 HZ 103 MARTENH 14-32-73-24","u":"03/14-32-073-24W4/0","f":7981,"y":2018,"d":2479}},{"type":"Feature","geometry":{"type":"Point","coordinates":[-110.59287,55.635]},"properties":{"r":580.51,"o":75,"n":"MEG MD10P HARDY 14-32-76-4","u":"03/14-32-076-04W4/0","f":1892,"y":2024,"d":1692}},{"type":"Feature","geometry":{"type":"Point","coordinates":[-110.87383,55.54658]},"properties":{"r":299.1,"o":67,"n":"CNRL B3P RE LEISMER 14-33-75-6","u":"03/14-33-075-06W4/2","f":2037,"y":2005,"d":1563}},{"type":"Feature","geometry":{"type":"Point","coordinates":[-110.3766,54.58445]},"properties":{"r":107.77,"o":153,"n":"IMP 01 V01-15 COLDLK 14-34-64-3","u":"03/14-34-064-03W4/0","f":3127,"y":2002,"d":530}},{"type":"Feature","geometry":{"type":"Point","coordinates":[-110.63727,54.33719]},"properties":{"r":121.94,"o":67,"n":"CNRL 15A2 HZ FT KENT 15-2-62-5","u":"03/15-02-062-05W4/0","f":10596,"y":2025,"d":2144}},{"type":"Feature","geometry":{"type":"Point","coordinates":[-110.80608,55.03519]},"properties":{"r":306.31,"o":75,"n":"CVE W42P01 FISHER 15-2-70-6","u":"03/15-02-070-06W4/3","f":10927,"y":2024,"d":1902}},{"type":"Feature","geometry":{"type":"Point","coordinates":[-110.86712,55.56182]},"properties":{"r":332.75,"o":67,"n":"CNRL R2P LEISMER 15-4-76-6","u":"03/15-04-076-06W4/2","f":2037,"y":2017,"d":1840}},{"type":"Feature","geometry":{"type":"Point","coordinates":[-110.89513,55.56182]},"properties":{"r":550.4,"o":67,"n":"CNRL EX10P LEISMER 15-5-76-6","u":"03/15-05-076-06W4/0","f":2037,"y":2017,"d":1760}},{"type":"Feature","geometry":{"type":"Point","coordinates":[-110.9357,57.21835]},"properties":{"r":459.28,"o":299,"n":"SUNCOR SAGD P16P13 FIREBAG  15-5-95-","u":"03/15-05-095-06W4/0","f":1149,"y":2010,"d":1555}},{"type":"Feature","geometry":{"type":"Point","coordinates":[-110.80097,57.21785]},"properties":{"r":1852.45,"o":299,"n":"SUNCOR P109P5B FIREBAG 15-6-95-5","u":"03/15-06-095-05W4/2","f":1149,"y":2013,"d":1534}},{"type":"Feature","geometry":{"type":"Point","coordinates":[-110.79389,55.57396]},"properties":{"r":490.1,"o":75,"n":"CVE FCCL B10P04 LEISMER 15-12-76-6","u":"03/15-12-076-06W4/0","f":934,"y":2014,"d":2000}},{"type":"Feature","geometry":{"type":"Point","coordinates":[-110.80397,56.1859]},"properties":{"r":467.06,"o":85,"n":"COPRC 2673P09 NEWBY 15-12-83-6","u":"03/15-12-083-06W4/0","f":3130,"y":2022,"d":1842}},{"type":"Feature","geometry":{"type":"Point","coordinates":[-110.62105,54.45522]},"properties":{"r":128.5,"o":67,"n":"CNRL 16B HZ LA COREY 15-13-63-5","u":"03/15-13-063-05W4/0","f":10735,"y":2025,"d":2351}},{"type":"Feature","geometry":{"type":"Point","coordinates":[-110.42422,55.06767]},"properties":{"r":242.14,"o":75,"n":"CVE FCCL E24W01 FISHER 15-17-70-3","u":"03/15-17-070-03W4/0","f":10927,"y":2011,"d":1919}},{"type":"Feature","geometry":{"type":"Point","coordinates":[-110.72779,55.06434]},"properties":{"r":333.17,"o":75,"n":"CVE FCCL W27P03 FISHER 15-17-70-5","u":"03/15-17-070-05W4/0","f":10927,"y":2017,"d":1840}},{"type":"Feature","geometry":{"type":"Point","coordinates":[-110.56866,54.46986]},"properties":{"r":246.92,"o":67,"n":"CNRL 15D HZ FT KENT 15-20-63-4","u":"03/15-20-063-04W4/0","f":10913,"y":2026,"d":1980}},{"type":"Feature","geometry":{"type":"Point","coordinates":[-110.99894,55.51627]},"properties":{"r":361.45,"o":67,"n":"CNRL RR6P RE CONKLIN 15-22-75-7","u":"03/15-22-075-07W4/2","f":5101,"y":2014,"d":1661}},{"type":"Feature","geometry":{"type":"Point","coordinates":[-110.83439,56.21601]},"properties":{"r":208.57,"o":85,"n":"COPRC HZ 2642P05STK NEWBY 15-23-83-6","u":"03/15-23-083-06W4/2","f":3130,"y":2012,"d":1548}},{"type":"Feature","geometry":{"type":"Point","coordinates":[-110.60974,54.03458]},"properties":{"r":463.98,"o":295,"n":"PENGROWTH D04-P2 LNDBRGH 15-24-58-5","u":"03/15-24-058-05W4/0","f":5610,"y":2017,"d":1647}},{"type":"Feature","geometry":{"type":"Point","coordinates":[-110.83304,56.23119]},"properties":{"r":578.07,"o":85,"n":"COPRC HZ 2613P02 NEWBY 15-26-83-6","u":"03/15-26-083-06W4/0","f":3130,"y":2014,"d":1696}},{"type":"Feature","geometry":{"type":"Point","coordinates":[-111.01461,55.35636]},"properties":{"r":286.9,"o":67,"n":"CNRL G 3P KIRBY 15-28-73-7","u":"03/15-28-073-07W4/0","f":3534,"y":2012,"d":1794}},{"type":"Feature","geometry":{"type":"Point","coordinates":[-110.57988,53.69765]},"properties":{"r":267.42,"o":67,"n":"CNRL 15A HZ LIND 15-30-54-4","u":"03/15-30-054-04W4/9","f":10481,"y":2026,"d":1585}},{"type":"Feature","geometry":{"type":"Point","coordinates":[-110.88682,54.39825]},"properties":{"r":138.06,"o":67,"n":"CNRL 15D HZ FORSYTH 15-30-62-6","u":"03/15-30-062-06W4/0","f":10233,"y":2024,"d":1587}},{"type":"Feature","geometry":{"type":"Point","coordinates":[-111.41005,56.4923]},"properties":{"r":218.21,"o":34,"n":"ATH AC05P HANGST 15-30-86-9","u":"03/15-30-086-09W4/0","f":5356,"y":2013,"d":1236}},{"type":"Feature","geometry":{"type":"Point","coordinates":[-110.61286,55.63368]},"properties":{"r":853.11,"o":75,"n":"MEG MH7P HARDY 15-31-76-4","u":"03/15-31-076-04W4/0","f":1892,"y":2024,"d":1529}},{"type":"Feature","geometry":{"type":"Point","coordinates":[-110.587,55.63516]},"properties":{"r":578.45,"o":75,"n":"MEG MD7P HARDY 15-32-76-4","u":"03/15-32-076-04W4/0","f":1892,"y":2024,"d":1989}},{"type":"Feature","geometry":{"type":"Point","coordinates":[-110.82207,57.20358]},"properties":{"r":423.89,"o":299,"n":"SUNCOR SAGD P1P7 FIREBAG 15-36-94-6","u":"03/15-36-094-06W4/0","f":1149,"y":2002,"d":1545}},{"type":"Feature","geometry":{"type":"Point","coordinates":[-110.86563,55.56182]},"properties":{"r":391.88,"o":67,"n":"CNRL R3P LEISMER 16-4-76-6","u":"03/16-04-076-06W4/0","f":2037,"y":2017,"d":1825}},{"type":"Feature","geometry":{"type":"Point","coordinates":[-111.91273,57.04475]},"properties":{"r":572.73,"o":299,"n":"SUNCOR 751P15 DOVER 16-6-93-12","u":"03/16-06-093-12W4/0","f":926,"y":2012,"d":1411}},{"type":"Feature","geometry":{"type":"Point","coordinates":[-110.7979,57.21784]},"properties":{"r":391.46,"o":299,"n":"SUNCOR P109P3 FIREBAG 16-6-95-5","u":"03/16-06-095-05W4/0","f":1149,"y":2013,"d":1584}},{"type":"Feature","geometry":{"type":"Point","coordinates":[-110.60228,55.66395]},"properties":{"r":483.71,"o":75,"n":"MEG DG14P HARDY 16-7-77-4","u":"03/16-07-077-04W4/0","f":1892,"y":2021,"d":1630}},{"type":"Feature","geometry":{"type":"Point","coordinates":[-110.57445,55.13994]},"properties":{"r":1094.05,"o":75,"n":"CVE N28P01 FISHER 16-8-71-4","u":"03/16-08-071-04W4/3","f":10927,"y":2025,"d":2075}},{"type":"Feature","geometry":{"type":"Point","coordinates":[-111.83542,56.09997]},"properties":{"r":767.06,"o":84,"n":"CLC 104 P09 DIVIDE 16-8-82-12","u":"03/16-08-082-12W4/0","f":3165,"y":2021,"d":2127}},{"type":"Feature","geometry":{"type":"Point","coordinates":[-111.8842,57.06036]},"properties":{"r":125.48,"o":299,"n":"PC OO(P)-12 DOVER 16-8-93-12","u":"03/16-08-093-12W4/0","f":926,"y":2009,"d":1068}},{"type":"Feature","geometry":{"type":"Point","coordinates":[-116.61158,56.35996]},"properties":{"r":235.62,"o":46,"n":"BAYTEX S300 HZ CADOTTE 16-9-85-17","u":"03/16-09-085-17W5/0","f":10025,"y":2024,"d":2220}},{"type":"Feature","geometry":{"type":"Point","coordinates":[-110.90277,57.23367]},"properties":{"r":542.47,"o":299,"n":"SUNCOR SAGD P6P2 FIREBAG 16-9-95-6","u":"03/16-09-095-06W4/0","f":1149,"y":2009,"d":1674}},{"type":"Feature","geometry":{"type":"Point","coordinates":[-110.80137,56.18761]},"properties":{"r":532.16,"o":85,"n":"COPRC 2673P06 NEWBY 16-12-83-6","u":"03/16-12-083-06W4/0","f":3130,"y":2022,"d":1850}},{"type":"Feature","geometry":{"type":"Point","coordinates":[-110.49087,54.89167]},"properties":{"r":423.83,"o":67,"n":"CNRL 3A68 PRIMROSE 16-14-68-4","u":"03/16-14-068-04W4/0","f":11042,"y":2012,"d":2780}},{"type":"Feature","geometry":{"type":"Point","coordinates":[-111.11899,57.24637]},"properties":{"r":728.53,"o":75,"n":"CVE BP02-1 STEEPBK 16-18-95-7","u":"03/16-18-095-07W4/2","f":5519,"y":2025,"d":1431}},{"type":"Feature","geometry":{"type":"Point","coordinates":[-110.53792,54.55731]},"properties":{"r":405.29,"o":295,"n":"SRL H3P TUCKLK 16-21-64-4","u":"03/16-21-064-04W4/0","f":1724,"y":2022,"d":2090}},{"type":"Feature","geometry":{"type":"Point","coordinates":[-110.60477,54.03368]},"properties":{"r":360.55,"o":295,"n":"PENGROWTH D04-P5 LNDBRGH 16-24-58-5","u":"03/16-24-058-05W4/2","f":5610,"y":2017,"d":1564}},{"type":"Feature","geometry":{"type":"Point","coordinates":[-111.01149,56.31885]},"properties":{"r":189.07,"o":80,"n":"NEXEN CNOOC K2P10 RESDELN 16-27-84-7","u":"03/16-27-084-07W4/0","f":2026,"y":2013,"d":1171}},{"type":"Feature","geometry":{"type":"Point","coordinates":[-110.39316,55.09648]},"properties":{"r":761.49,"o":75,"n":"CVE E28P03 FISHER 16-28-70-3","u":"03/16-28-070-03W4/3","f":10927,"y":2023,"d":2339}},{"type":"Feature","geometry":{"type":"Point","coordinates":[-111.00948,55.35637]},"properties":{"r":228.99,"o":67,"n":"CNRL G 7P RE KIRBY 16-28-73-7","u":"03/16-28-073-07W4/2","f":3534,"y":2013,"d":1941}},{"type":"Feature","geometry":{"type":"Point","coordinates":[-110.88045,56.23075]},"properties":{"r":601.72,"o":85,"n":"COPRC HZ 2631P04 RESDELN 16-28-83-6","u":"03/16-28-083-06W4/0","f":3130,"y":2012,"d":1975}},{"type":"Feature","geometry":{"type":"Point","coordinates":[-111.07302,55.53117]},"properties":{"r":180.24,"o":67,"n":"CNRL QQ8P CONKLIN 16-30-75-7","u":"03/16-30-075-07W4/0","f":3346,"y":2017,"d":1511}},{"type":"Feature","geometry":{"type":"Point","coordinates":[-113.3966,55.79266]},"properties":{"r":403.03,"o":67,"n":"CNRL DWP09 EP2 DRIFTW 16-30-78-22","u":"03/16-30-078-22W4/0","f":10957,"y":2026,"d":3804}},{"type":"Feature","geometry":{"type":"Point","coordinates":[-110.92903,56.40515]},"properties":{"r":118.0,"o":80,"n":"NEXEN OPTI 02P09 NEWBY 16-30-85-6","u":"03/16-30-085-06W4/0","f":2026,"y":2004,"d":1196}},{"type":"Feature","geometry":{"type":"Point","coordinates":[-110.60525,55.63362]},"properties":{"r":1735.92,"o":75,"n":"MEG MH15P HARDY 16-31-76-4","u":"03/16-31-076-04W4/0","f":1892,"y":2024,"d":1650}},{"type":"Feature","geometry":{"type":"Point","coordinates":[-110.92936,56.42]},"properties":{"r":224.94,"o":80,"n":"NEXEN OPTI 02P03 NEWBY 16-31-85-6","u":"03/16-31-085-06W4/0","f":2026,"y":2004,"d":1205}},{"type":"Feature","geometry":{"type":"Point","coordinates":[-113.65269,55.37309]},"properties":{"r":116.03,"o":293,"n":"SPL 10-29 HZ 103 MARTENH 16-32-73-24","u":"03/16-32-073-24W4/0","f":7981,"y":2021,"d":2717}},{"type":"Feature","geometry":{"type":"Point","coordinates":[-110.54183,55.10789]},"properties":{"r":838.39,"o":75,"n":"CVE N22P01 FISHER 16-33-70-4","u":"03/16-33-070-04W4/2","f":10927,"y":2022,"d":1648}},{"type":"Feature","geometry":{"type":"Point","coordinates":[-111.64058,56.33156]},"properties":{"r":772.62,"o":136,"n":"GROC DEMO RF VP HANGSTN 16-34-84-11","u":"03/16-34-084-11W4/2","f":1314,"y":2011,"d":2637}},{"type":"Feature","geometry":{"type":"Point","coordinates":[-113.16468,56.15699]},"properties":{"r":129.3,"o":67,"n":"CNRL NBP10-16D BRINT 9-35-82-21","u":"03/16-35-082-21W4/2","f":508,"y":2004,"d":2697}},{"type":"Feature","geometry":{"type":"Point","coordinates":[-110.33778,54.76377]},"properties":{"r":258.41,"o":67,"n":"CNRL 10A74 PRIMROSE 1-2-67-3","u":"04/01-02-067-03W4/0","f":11042,"y":2008,"d":1770}},{"type":"Feature","geometry":{"type":"Point","coordinates":[-110.81303,55.55045]},"properties":{"r":669.13,"o":75,"n":"CVE J09P05 KIRBY 1-2-76-6","u":"04/01-02-076-06W4/4","f":934,"y":2015,"d":1338}},{"type":"Feature","geometry":{"type":"Point","coordinates":[-110.84969,56.24773]},"properties":{"r":1351.97,"o":85,"n":"COPRC HZ 2622P02 NEWBY 1-3-84-6","u":"04/01-03-084-06W4/0","f":3130,"y":2014,"d":1621}},{"type":"Feature","geometry":{"type":"Point","coordinates":[-110.37772,53.80424]},"properties":{"r":192.55,"o":66,"n":"CALTEX TRILOGY 104 HZ LIND 1-4-56-3","u":"04/01-04-056-03W4/0","f":10654,"y":2025,"d":1985}},{"type":"Feature","geometry":{"type":"Point","coordinates":[-110.93152,56.42135]},"properties":{"r":316.02,"o":80,"n":"NEXEN OPTI 02P01 NEWBY 1-6-86-6","u":"04/01-06-086-06W4/0","f":2026,"y":2004,"d":1228}},{"type":"Feature","geometry":{"type":"Point","coordinates":[-111.91595,57.03397]},"properties":{"r":121.29,"o":299,"n":"SUNCOR 750P14 DOVER 1-6-93-12","u":"04/01-06-093-12W4/0","f":926,"y":2013,"d":1401}},{"type":"Feature","geometry":{"type":"Point","coordinates":[-111.9128,57.04763]},"properties":{"r":396.55,"o":299,"n":"SUNCOR 751P19 DOVER 1-7-93-12","u":"04/01-07-093-12W4/0","f":926,"y":2012,"d":1423}},{"type":"Feature","geometry":{"type":"Point","coordinates":[-110.41298,54.60337]},"properties":{"r":198.32,"o":153,"n":"IMP 23 Y01-P01 ETHELLK 1-8-65-3","u":"04/01-08-065-03W4/0","f":3127,"y":2023,"d":2630}},{"type":"Feature","geometry":{"type":"Point","coordinates":[-114.07979,55.4763]},"properties":{"r":181.06,"o":144,"n":"HWX 104 HZ MARTENH 1-9-75-1","u":"04/01-09-075-01W5/0","f":9573,"y":2025,"d":2678}},{"type":"Feature","geometry":{"type":"Point","coordinates":[-110.7658,54.69083]},"properties":{"r":217.1,"o":67,"n":"CNRL SC07-04P LEMING 1-12-66-6","u":"04/01-12-066-06W4/0","f":11042,"y":2021,"d":1559}},{"type":"Feature","geometry":{"type":"Point","coordinates":[-110.79803,56.18995]},"properties":{"r":1530.5,"o":85,"n":"COPRC 2673P02 NEWBY 1-13-83-6","u":"04/01-13-083-06W4/0","f":3130,"y":2022,"d":2031}},{"type":"Feature","geometry":{"type":"Point","coordinates":[-110.95518,56.36366]},"properties":{"r":588.05,"o":80,"n":"NEU CNOOC 16P02 NEWBY 1-13-85-7","u":"04/01-13-085-07W4/0","f":2026,"y":2019,"d":1452}},{"type":"Feature","geometry":{"type":"Point","coordinates":[-110.4062,54.27022]},"properties":{"r":125.84,"o":46,"n":"BAYTEX HZ N280 KENT 1-17-61-3","u":"04/01-17-061-03W4/2","f":10019,"y":2025,"d":2210}},{"type":"Feature","geometry":{"type":"Point","coordinates":[-110.41422,55.05559]},"properties":{"r":448.44,"o":75,"n":"CVE E15P10-1 FISHER 1-17-70-3","u":"04/01-17-070-03W4/0","f":10927,"y":2024,"d":1984}},{"type":"Feature","geometry":{"type":"Point","coordinates":[-110.3651,54.8076]},"properties":{"r":161.5,"o":67,"n":"CNRL 8A94 PRIMROSE 1-22-67-3","u":"04/01-22-067-03W4/0","f":11042,"y":2011,"d":1681}},{"type":"Feature","geometry":{"type":"Point","coordinates":[-110.99459,55.50544]},"properties":{"r":705.67,"o":67,"n":"CNRL III4P CONKLIN 1-22-75-7","u":"04/01-22-075-07W4/0","f":5101,"y":2017,"d":1728}},{"type":"Feature","geometry":{"type":"Point","coordinates":[-116.27233,56.20352]},"properties":{"r":170.62,"o":46,"n":"BAYTEX SLAVE 1-22-83-15","u":"04/01-22-083-15W5/0","f":9297,"y":2011,"d":2330}},{"type":"Feature","geometry":{"type":"Point","coordinates":[-110.62883,54.02337]},"properties":{"r":135.69,"o":295,"n":"PENGROWTH D05-P1 LNDBRGH 1-23-58-5","u":"04/01-23-058-05W4/2","f":5610,"y":2014,"d":1852}},{"type":"Feature","geometry":{"type":"Point","coordinates":[-110.49209,54.80895]},"properties":{"r":206.58,"o":67,"n":"CNRL 12C28N PRIMROSE 1-23-67-4","u":"04/01-23-067-04W4/0","f":11042,"y":2007,"d":1891}},{"type":"Feature","geometry":{"type":"Point","coordinates":[-110.49087,54.89601]},"properties":{"r":116.34,"o":67,"n":"CNRL 9A68 PRIMROSE 1-23-68-4","u":"04/01-23-068-04W4/0","f":11042,"y":2012,"d":2435}},{"type":"Feature","geometry":{"type":"Point","coordinates":[-116.55858,56.30599]},"properties":{"r":213.12,"o":67,"n":"CNUL HZ 104 CADOTTE 1-26-84-17","u":"04/01-26-084-17W5/0","f":2955,"y":2024,"d":2209}},{"type":"Feature","geometry":{"type":"Point","coordinates":[-110.36492,54.82383]},"properties":{"r":330.11,"o":67,"n":"CNRL 25A92 PRIMROSE 1-27-67-3","u":"04/01-27-067-03W4/2","f":11042,"y":2011,"d":2147}},{"type":"Feature","geometry":{"type":"Point","coordinates":[-111.03815,55.34751]},"properties":{"r":320.63,"o":67,"n":"CNRL C 7P RE KIRBY 1-29-73-7","u":"04/01-29-073-07W4/2","f":3534,"y":2011,"d":1809}},{"type":"Feature","geometry":{"type":"Point","coordinates":[-111.04595,55.52008]},"properties":{"r":329.42,"o":67,"n":"CNRL BB7P CONKLIN 1-29-75-7","u":"04/01-29-075-07W4/0","f":3346,"y":2009,"d":1528}},{"type":"Feature","geometry":{"type":"Point","coordinates":[-110.85672,54.40058]},"properties":{"r":122.99,"o":67,"n":"CNRL 1A2 HZ FORSYTH 1-32-62-6","u":"04/01-32-062-06W4/0","f":10071,"y":2024,"d":2248}},{"type":"Feature","geometry":{"type":"Point","coordinates":[-110.3868,54.57467]},"properties":{"r":131.77,"o":153,"n":"IMP 01 V02-05 COLDLK 1-33-64-3","u":"04/01-33-064-03W4/0","f":3127,"y":2002,"d":717}},{"type":"Feature","geometry":{"type":"Point","coordinates":[-110.53924,54.66084]},"properties":{"r":241.74,"o":153,"n":"IMP 13 HZ H17-H03 COLD LK 1-33-65-4","u":"04/01-33-065-04W4/0","f":295,"y":2015,"d":1739}},{"type":"Feature","geometry":{"type":"Point","coordinates":[-110.39207,55.09766]},"properties":{"r":757.12,"o":75,"n":"CVE E28P04 FISHER 1-33-70-3","u":"04/01-33-070-03W4/0","f":10927,"y":2023,"d":2455}},{"type":"Feature","geometry":{"type":"Point","coordinates":[-110.83969,55.53643]},"properties":{"r":602.44,"o":75,"n":"CVE FCCL J15P03 KIRBY 1-34-75-6","u":"04/01-34-075-06W4/2","f":934,"y":2017,"d":2214}},{"type":"Feature","geometry":{"type":"Point","coordinates":[-110.81567,55.55155]},"properties":{"r":256.58,"o":75,"n":"CVE J09P07 KIRBY 2-2-76-6","u":"04/02-02-076-06W4/2","f":934,"y":2015,"d":1376}},{"type":"Feature","geometry":{"type":"Point","coordinates":[-113.37983,56.07511]},"properties":{"r":125.17,"o":67,"n":"CNRL NHP5-2D BRINT 2-4-82-22","u":"04/02-04-082-22W4/0","f":508,"y":2024,"d":2803}},{"type":"Feature","geometry":{"type":"Point","coordinates":[-110.58693,55.63661]},"properties":{"r":1134.99,"o":75,"n":"MEG MD4P HARDY 2-5-77-4","u":"04/02-05-077-04W4/0","f":1892,"y":2024,"d":1905}},{"type":"Feature","geometry":{"type":"Point","coordinates":[-110.54247,54.69086]},"properties":{"r":148.1,"o":153,"n":"IMP H91-H02 LEMING 2-9-66-4","u":"04/02-09-066-04W4/0","f":295,"y":2020,"d":2333}},{"type":"Feature","geometry":{"type":"Point","coordinates":[-110.91107,57.22173]},"properties":{"r":1073.58,"o":299,"n":"SUNCOR P117P16 FIREBAG 2-9-95-6","u":"04/02-09-095-06W4/0","f":1149,"y":2021,"d":1344}},{"type":"Feature","geometry":{"type":"Point","coordinates":[-110.37044,55.05667]},"properties":{"r":652.97,"o":75,"n":"CVE E20P09-2 FISHER 2-15-70-3","u":"04/02-15-070-03W4/0","f":10927,"y":2023,"d":1646}},{"type":"Feature","geometry":{"type":"Point","coordinates":[-110.59357,54.45891]},"properties":{"r":267.02,"o":67,"n":"CNRL 2D HZ FT KENT 2-19-63-4","u":"04/02-19-063-04W4/0","f":10913,"y":2026,"d":1748}},{"type":"Feature","geometry":{"type":"Point","coordinates":[-111.099,57.25026]},"properties":{"r":579.96,"o":75,"n":"HUSKY B 8-17 P1 STEEPBK 2-20-95-7","u":"04/02-20-095-07W4/0","f":5519,"y":2011,"d":1239}},{"type":"Feature","geometry":{"type":"Point","coordinates":[-110.37147,54.8076]},"properties":{"r":119.53,"o":67,"n":"CNRL 14A94 PRIMROSE 2-22-67-3","u":"04/02-22-067-03W4/0","f":11042,"y":2011,"d":1841}},{"type":"Feature","geometry":{"type":"Point","coordinates":[-111.00029,55.50546]},"properties":{"r":506.22,"o":67,"n":"CNRL III8P CONKLIN 2-22-75-7","u":"04/02-22-075-07W4/0","f":5101,"y":2018,"d":1691}},{"type":"Feature","geometry":{"type":"Point","coordinates":[-110.8466,55.59528]},"properties":{"r":1150.64,"o":75,"n":"CVE M07P08 LEISMER 2-22-76-6","u":"04/02-22-076-06W4/0","f":934,"y":2022,"d":1885}},{"type":"Feature","geometry":{"type":"Point","coordinates":[-110.62108,54.4596]},"properties":{"r":119.59,"o":67,"n":"CNRL 15B HZ LA COREY 2-24-63-5","u":"04/02-24-063-05W4/0","f":10735,"y":2025,"d":1941}},{"type":"Feature","geometry":{"type":"Point","coordinates":[-110.73822,55.6218]},"properties":{"r":401.04,"o":75,"n":"MEG AT8P HARDY 2-32-76-5","u":"04/02-32-076-05W4/2","f":1892,"y":2017,"d":2336}},{"type":"Feature","geometry":{"type":"Point","coordinates":[-110.82418,55.55145]},"properties":{"r":1053.58,"o":75,"n":"CVE J15P05 KIRBY 2-34-75-6","u":"04/02-34-075-06W4/4","f":934,"y":2017,"d":2298}},{"type":"Feature","geometry":{"type":"Point","coordinates":[-110.32693,54.76375]},"properties":{"r":187.69,"o":67,"n":"CNRL 19A77 PRIMROSE 3-1-67-3","u":"04/03-01-067-03W4/0","f":11042,"y":2007,"d":1982}},{"type":"Feature","geometry":{"type":"Point","coordinates":[-110.96956,56.15967]},"properties":{"r":249.31,"o":85,"n":"COPRC 102P15 HZ RESDELN 3-1-83-7","u":"04/03-01-083-07W4/0","f":3130,"y":2005,"d":1511}},{"type":"Feature","geometry":{"type":"Point","coordinates":[-110.69216,55.63614]},"properties":{"r":157.01,"o":75,"n":"MEG P3P HARDY 3-3-77-5","u":"04/03-03-077-05W4/2","f":1892,"y":2014,"d":1764}},{"type":"Feature","geometry":{"type":"Point","coordinates":[-110.39888,54.59012]},"properties":{"r":110.28,"o":153,"n":"IMP 01 U04-23 COLDLK 3-4-65-3","u":"04/03-04-065-03W4/0","f":3127,"y":2001,"d":925}},{"type":"Feature","geometry":{"type":"Point","coordinates":[-111.92574,57.0339]},"properties":{"r":156.55,"o":299,"n":"SUNCOR P751P10 DOVER 3-6-93-12","u":"04/03-06-093-12W4/0","f":926,"y":2013,"d":1414}},{"type":"Feature","geometry":{"type":"Point","coordinates":[-110.99791,57.23872]},"properties":{"r":282.52,"o":75,"n":"CVE V01P07 STEEPBK 3-13-95-7","u":"04/03-13-095-07W4/0","f":5519,"y":2024,"d":1914}},{"type":"Feature","geometry":{"type":"Point","coordinates":[-110.84694,55.66669]},"properties":{"r":4313.42,"o":75,"n":"CVE X02P03 LEISMER 3-15-77-6","u":"04/03-15-077-06W4/0","f":934,"y":2024,"d":2019}},{"type":"Feature","geometry":{"type":"Point","coordinates":[-111.87105,57.06291]},"properties":{"r":554.97,"o":299,"n":"PC QQ(P)-10 DOVER 3-16-93-12","u":"04/03-16-093-12W4/0","f":926,"y":2009,"d":1319}},{"type":"Feature","geometry":{"type":"Point","coordinates":[-110.42781,54.71893]},"properties":{"r":1328.59,"o":153,"n":"IMP 22 S01-P02 LEMING 3-20-66-3","u":"04/03-20-066-03W4/0","f":3827,"y":2022,"d":1790}},{"type":"Feature","geometry":{"type":"Point","coordinates":[-110.83018,54.45735]},"properties":{"r":205.17,"o":67,"n":"CNRL 3B HZ LA COREY 3-22-63-6","u":"04/03-22-063-06W4/0","f":10872,"y":2026,"d":2610}},{"type":"Feature","geometry":{"type":"Point","coordinates":[-110.37598,55.06808]},"properties":{"r":471.88,"o":75,"n":"CVE FCCL E16P06 FISHER 3-22-70-3","u":"04/03-22-070-03W4/5","f":10927,"y":2007,"d":1700}},{"type":"Feature","geometry":{"type":"Point","coordinates":[-113.36245,55.85454]},"properties":{"r":159.28,"o":67,"n":"CNRL PRP6-3A-C PEERLESS 3-22-79-22","u":"04/03-22-079-22W4/2","f":4628,"y":2012,"d":2949}},{"type":"Feature","geometry":{"type":"Point","coordinates":[-110.32682,54.80873]},"properties":{"r":117.54,"o":67,"n":"CNRL 5A90 PRIMROSE 3-24-67-3","u":"04/03-24-067-03W4/0","f":11042,"y":2011,"d":1854}},{"type":"Feature","geometry":{"type":"Point","coordinates":[-110.35187,54.82383]},"properties":{"r":147.18,"o":67,"n":"CNRL 11A92 PRIMROSE 3-26-67-3","u":"04/03-26-067-03W4/0","f":11042,"y":2011,"d":1668}},{"type":"Feature","geometry":{"type":"Point","coordinates":[-110.83841,56.22038]},"properties":{"r":336.11,"o":85,"n":"COPRC HZ 2632P10 NEWBY 3-26-83-6","u":"04/03-26-083-06W4/0","f":3130,"y":2012,"d":1660}},{"type":"Feature","geometry":{"type":"Point","coordinates":[-110.998,56.21908]},"properties":{"r":1041.26,"o":85,"n":"COPRC 104WP07 RSDLN 3-26-83-7","u":"04/03-26-083-07W4/0","f":3130,"y":2024,"d":2016}},{"type":"Feature","geometry":{"type":"Point","coordinates":[-110.37693,55.08538]},"properties":{"r":216.45,"o":75,"n":"CVE FCCL E22P06 FISHER 3-27-70-3","u":"04/03-27-070-03W4/2","f":10927,"y":2015,"d":1915}},{"type":"Feature","geometry":{"type":"Point","coordinates":[-110.86569,56.22034]},"properties":{"r":1305.24,"o":85,"n":"COPRC 2641P07STRD NEWBY 3-27-83-6","u":"04/03-27-083-06W4/2","f":3130,"y":2013,"d":1543}},{"type":"Feature","geometry":{"type":"Point","coordinates":[-110.3997,54.56062]},"properties":{"r":145.65,"o":153,"n":"IMP 09 V13-07 COLD LK 3-28-64-3","u":"04/03-28-064-03W4/0","f":3127,"y":2010,"d":660}},{"type":"Feature","geometry":{"type":"Point","coordinates":[-110.74949,55.69604]},"properties":{"r":186.62,"o":75,"n":"MEG AH15P HARDY 3-29-77-5","u":"04/03-29-077-05W4/0","f":1892,"y":2021,"d":1636}},{"type":"Feature","geometry":{"type":"Point","coordinates":[-111.08062,55.52]},"properties":{"r":400.47,"o":67,"n":"CNRL PP8P CONKLIN 3-30-75-7","u":"04/03-30-075-07W4/0","f":3346,"y":2014,"d":1961}},{"type":"Feature","geometry":{"type":"Point","coordinates":[-110.44852,54.575]},"properties":{"r":102.36,"o":153,"n":"IMP 10 T18-H01 COLD LK 3-31-64-3","u":"04/03-31-064-03W4/0","f":3127,"y":2011,"d":1439}},{"type":"Feature","geometry":{"type":"Point","coordinates":[-111.4208,56.49565]},"properties":{"r":245.24,"o":34,"n":"ATH AE01P HANGST 3-31-86-9","u":"04/03-31-086-09W4/0","f":5356,"y":2014,"d":1323}},{"type":"Feature","geometry":{"type":"Point","coordinates":[-110.52279,54.6611]},"properties":{"r":108.79,"o":153,"n":"IMP 03 H42-19 HZ COLDLK 3-34-65-4","u":"04/03-34-065-04W4/0","f":295,"y":2004,"d":942}},{"type":"Feature","geometry":{"type":"Point","coordinates":[-111.63075,56.3191]},"properties":{"r":256.23,"o":136,"n":"GROC DEMO RD YP HANGSTN 3-35-84-11","u":"04/03-35-084-11W4/2","f":1314,"y":2007,"d":1236}},{"type":"Feature","geometry":{"type":"Point","coordinates":[-110.61395,54.05208]},"properties":{"r":207.54,"o":295,"n":"SRL D08-P12 MURIELLK 3-36-58-5","u":"04/03-36-058-05W4/2","f":5610,"y":2023,"d":2087}},{"type":"Feature","geometry":{"type":"Point","coordinates":[-110.89519,57.20783]},"properties":{"r":299.42,"o":299,"n":"SUNCOR P10P14 FIREBAG 4-3-95-6","u":"04/04-03-095-06W4/0","f":1149,"y":2012,"d":1641}},{"type":"Feature","geometry":{"type":"Point","coordinates":[-110.5896,54.94031]},"properties":{"r":273.44,"o":67,"n":"CNRL 4A160 FISHER 4-5-69-4","u":"04/04-05-069-04W4/0","f":11042,"y":2022,"d":3130}},{"type":"Feature","geometry":{"type":"Point","coordinates":[-114.15546,55.4788]},"properties":{"r":134.06,"o":144,"n":"HWX 104 HZ MARTENH 4-7-75-1","u":"04/04-07-075-01W5/0","f":9573,"y":2026,"d":2618}},{"type":"Feature","geometry":{"type":"Point","coordinates":[-110.58964,54.95323]},"properties":{"r":178.59,"o":67,"n":"CNRL 3A161 FISHER 4-8-69-4","u":"04/04-08-069-04W4/0","f":11042,"y":2022,"d":2997}},{"type":"Feature","geometry":{"type":"Point","coordinates":[-110.83384,54.42997]},"properties":{"r":143.37,"o":67,"n":"CNRL 4D HZ LA COREY 4-10-63-6","u":"04/04-10-063-06W4/0","f":10324,"y":2025,"d":1395}},{"type":"Feature","geometry":{"type":"Point","coordinates":[-110.48568,54.86684]},"properties":{"r":229.96,"o":67,"n":"CNRL 12A66 PRIMROSE 4-12-68-4","u":"04/04-12-068-04W4/0","f":11042,"y":2008,"d":2250}},{"type":"Feature","geometry":{"type":"Point","coordinates":[-110.48573,54.88112]},"properties":{"r":230.37,"o":67,"n":"CNRL 12A67 PRIMROSE 4-13-68-4","u":"04/04-13-068-04W4/0","f":11042,"y":2009,"d":2299}},{"type":"Feature","geometry":{"type":"Point","coordinates":[-110.51197,54.88102]},"properties":{"r":155.8,"o":67,"n":"CNRL 12A63 PRIMROSE 4-14-68-4","u":"04/04-14-068-04W4/0","f":11042,"y":2009,"d":1930}},{"type":"Feature","geometry":{"type":"Point","coordinates":[-110.92408,57.23709]},"properties":{"r":1965.08,"o":299,"n":"SUNCOR P121P16 FIREBAG 4-16-95-6","u":"04/04-16-095-06W4/0","f":1149,"y":2018,"d":1767}},{"type":"Feature","geometry":{"type":"Point","coordinates":[-113.44488,55.85436]},"properties":{"r":203.31,"o":144,"n":"HWX HZ 104 PEERLESS 4-19-79-22","u":"04/04-19-079-22W4/2","f":10669,"y":2025,"d":2786}},{"type":"Feature","geometry":{"type":"Point","coordinates":[-110.71249,55.06978]},"properties":{"r":489.24,"o":75,"n":"CVE FCCL W29P05 FISHER 4-21-70-5","u":"04/04-21-070-05W4/3","f":10927,"y":2018,"d":2147}},{"type":"Feature","geometry":{"type":"Point","coordinates":[-110.88408,55.5948]},"properties":{"r":2050.64,"o":75,"n":"CVE M01P04 LEISMER 4-21-76-6","u":"04/04-21-076-06W4/2","f":934,"y":2023,"d":1892}},{"type":"Feature","geometry":{"type":"Point","coordinates":[-110.89484,57.25092]},"properties":{"r":120.72,"o":299,"n":"SUNCOR P121P4 FIREBAG 4-22-95-6","u":"04/04-22-095-06W4/0","f":1149,"y":2018,"d":1843}},{"type":"Feature","geometry":{"type":"Point","coordinates":[-111.77953,56.11809]},"properties":{"r":702.61,"o":84,"n":"CONNACHER OIL P07 DIVIDE 4-23-82-12","u":"04/04-23-082-12W4/0","f":3166,"y":2023,"d":2360}},{"type":"Feature","geometry":{"type":"Point","coordinates":[-110.33102,54.80873]},"properties":{"r":107.3,"o":67,"n":"CNRL 9A90 PRIMROSE 4-24-67-3","u":"04/04-24-067-03W4/0","f":11042,"y":2011,"d":1658}},{"type":"Feature","geometry":{"type":"Point","coordinates":[-110.35838,54.82383]},"properties":{"r":180.31,"o":67,"n":"CNRL 18A92 PRIMROSE 4-26-67-3","u":"04/04-26-067-03W4/0","f":11042,"y":2011,"d":1822}},{"type":"Feature","geometry":{"type":"Point","coordinates":[-110.53486,54.82275]},"properties":{"r":121.27,"o":67,"n":"CNRL 8A22 PRIMROSE 4-27-67-4","u":"04/04-27-067-04W4/0","f":11042,"y":2010,"d":2435}},{"type":"Feature","geometry":{"type":"Point","coordinates":[-110.87232,56.21832]},"properties":{"r":606.84,"o":85,"n":"COPRC 2641P02STRD NEWBY 4-27-83-6","u":"04/04-27-083-06W4/2","f":3130,"y":2013,"d":1703}},{"type":"Feature","geometry":{"type":"Point","coordinates":[-110.75303,55.69723]},"properties":{"r":260.57,"o":75,"n":"MEG AH12P HARDY 4-29-77-5","u":"04/04-29-077-05W4/2","f":1892,"y":2018,"d":1757}},{"type":"Feature","geometry":{"type":"Point","coordinates":[-110.8975,56.40818]},"properties":{"r":120.03,"o":80,"n":"CNOOC 14P10 NEWBY 4-33-85-6","u":"04/04-33-085-06W4/2","f":2026,"y":2022,"d":1225}},{"type":"Feature","geometry":{"type":"Point","coordinates":[-110.52944,54.66341]},"properties":{"r":111.06,"o":153,"n":"IMP 03 H42-15 HZ COLDLK 4-34-65-4","u":"04/04-34-065-04W4/0","f":295,"y":2004,"d":965}},{"type":"Feature","geometry":{"type":"Point","coordinates":[-110.83134,55.53407]},"properties":{"r":760.27,"o":75,"n":"CVE J17P04 KIRBY 4-35-75-6","u":"04/04-35-075-06W4/3","f":934,"y":2018,"d":2340}},{"type":"Feature","geometry":{"type":"Point","coordinates":[-111.10857,55.3626]},"properties":{"r":628.83,"o":67,"n":"CNRL KS21-01P KIRBY 4-36-73-8","u":"04/04-36-073-08W4/0","f":3534,"y":2022,"d":1876}},{"type":"Feature","geometry":{"type":"Point","coordinates":[-110.80521,55.71163]},"properties":{"r":1214.67,"o":75,"n":"MEG AV3P HARDY 4-36-77-6","u":"04/04-36-077-06W4/0","f":1892,"y":2025,"d":1658}},{"type":"Feature","geometry":{"type":"Point","coordinates":[-110.80297,55.55388]},"properties":{"r":1104.26,"o":75,"n":"CVE B17P01 KIRBY 5-1-76-6","u":"04/05-01-076-06W4/3","f":934,"y":2019,"d":2058}},{"type":"Feature","geometry":{"type":"Point","coordinates":[-110.87382,56.25313]},"properties":{"r":1254.04,"o":85,"n":"COPRC HZ 2621P10 NEWBY 5-3-84-6","u":"04/05-03-084-06W4/0","f":3130,"y":2014,"d":1707}},{"type":"Feature","geometry":{"type":"Point","coordinates":[-110.58963,54.94244]},"properties":{"r":405.29,"o":67,"n":"CNRL 8A160 FISHER 5-5-69-4","u":"04/05-05-069-04W4/0","f":11042,"y":2022,"d":2920}},{"type":"Feature","geometry":{"type":"Point","coordinates":[-110.76614,55.04438]},"properties":{"r":163.47,"o":75,"n":"CVE FCCL W32P07 FISHER 5-7-70-5","u":"04/05-07-070-05W4/2","f":10927,"y":2017,"d":1939}},{"type":"Feature","geometry":{"type":"Point","coordinates":[-110.98012,57.22529]},"properties":{"r":1022.28,"o":299,"n":"SUNCOR P111P11 FIREBAG 5-7-95-6","u":"04/05-07-095-06W4/0","f":1149,"y":2019,"d":1581}},{"type":"Feature","geometry":{"type":"Point","coordinates":[-110.58961,54.95648]},"properties":{"r":184.27,"o":67,"n":"CNRL 9A161 FISHER 5-8-69-4","u":"04/05-08-069-04W4/0","f":11042,"y":2022,"d":2699}},{"type":"Feature","geometry":{"type":"Point","coordinates":[-110.56408,55.13076]},"properties":{"r":1127.82,"o":75,"n":"CVE N27P01 FISHER 5-9-71-4","u":"04/05-09-071-04W4/0","f":10927,"y":2024,"d":2078}},{"type":"Feature","geometry":{"type":"Point","coordinates":[-110.78776,55.04552]},"properties":{"r":509.31,"o":75,"n":"CVE W34P01-1 FISHER 5-12-70-6","u":"04/05-12-070-06W4/0","f":10927,"y":2022,"d":2076}},{"type":"Feature","geometry":{"type":"Point","coordinates":[-110.64688,55.65451]},"properties":{"r":456.68,"o":75,"n":"MEG DE4P HARDY 5-12-77-5","u":"04/05-12-077-05W4/0","f":1892,"y":2018,"d":1820}},{"type":"Feature","geometry":{"type":"Point","coordinates":[-110.97856,56.36913]},"properties":{"r":943.55,"o":80,"n":"NEU CNOOC 17P07 NEWBY 5-13-85-7","u":"04/05-13-085-07W4/0","f":2026,"y":2019,"d":1328}},{"type":"Feature","geometry":{"type":"Point","coordinates":[-110.4326,54.53507]},"properties":{"r":243.08,"o":295,"n":"OPC P204-P7 COLD LK 5-17-64-3","u":"04/05-17-064-03W4/0","f":2122,"y":2017,"d":1822}},{"type":"Feature","geometry":{"type":"Point","coordinates":[-113.66942,55.3223]},"properties":{"r":274.28,"o":67,"n":"CNRL HZ 102 SMITH 5-17-73-24","u":"04/05-17-073-24W4/8","f":9472,"y":2021,"d":2518}},{"type":"Feature","geometry":{"type":"Point","coordinates":[-110.76711,55.05917]},"properties":{"r":432.53,"o":75,"n":"CVE FCCL W35P02 FISHER 5-18-70-5","u":"04/05-18-070-05W4/0","f":10927,"y":2017,"d":1520}},{"type":"Feature","geometry":{"type":"Point","coordinates":[-110.81419,57.2409]},"properties":{"r":156.34,"o":299,"n":"SUNCOR P109P14 FIREBAG 5-18-95-5","u":"04/05-18-095-05W4/0","f":1149,"y":2013,"d":1667}},{"type":"Feature","geometry":{"type":"Point","coordinates":[-110.97976,57.24132]},"properties":{"r":527.86,"o":299,"n":"SUNCOR P132P7 FIREBAG 5-18-95-6","u":"04/05-18-095-06W4/0","f":1149,"y":2023,"d":1900}},{"type":"Feature","geometry":{"type":"Point","coordinates":[-110.71573,55.07178]},"properties":{"r":862.46,"o":75,"n":"CVE FCCL W29P02 FISHER 5-21-70-5","u":"04/05-21-070-05W4/0","f":10927,"y":2018,"d":2207}},{"type":"Feature","geometry":{"type":"Point","coordinates":[-110.84654,56.20826]},"properties":{"r":229.2,"o":85,"n":"COPRC HZ 2652P07 NEWBY 5-23-83-6","u":"04/05-23-083-06W4/0","f":3130,"y":2014,"d":1569}},{"type":"Feature","geometry":{"type":"Point","coordinates":[-110.68871,55.08804]},"properties":{"r":513.04,"o":75,"n":"CVE W28P05 FISHER 5-27-70-5","u":"04/05-27-070-05W4/2","f":10927,"y":2022,"d":1836}},{"type":"Feature","geometry":{"type":"Point","coordinates":[-110.85736,55.61228]},"properties":{"r":1060.61,"o":75,"n":"CVE L19P10 LEISMER 5-27-76-6","u":"04/05-27-076-06W4/0","f":934,"y":2021,"d":2315}},{"type":"Feature","geometry":{"type":"Point","coordinates":[-110.58569,55.1022]},"properties":{"r":790.65,"o":75,"n":"CVE N11P04 FISHER 5-32-70-4","u":"04/05-32-070-04W4/2","f":10927,"y":2021,"d":2559}},{"type":"Feature","geometry":{"type":"Point","coordinates":[-110.9559,54.42035]},"properties":{"r":173.1,"o":67,"n":"CNRL 6C HZ SUGDEN 6-2-63-7","u":"04/06-02-063-07W4/0","f":10520,"y":2025,"d":1530}},{"type":"Feature","geometry":{"type":"Point","coordinates":[-110.82539,55.64187]},"properties":{"r":2102.32,"o":75,"n":"CVE X06P04 HARDY 6-2-77-6","u":"04/06-02-077-06W4/2","f":934,"y":2023,"d":2348}},{"type":"Feature","geometry":{"type":"Point","coordinates":[-111.89786,57.0372]},"properties":{"r":322.39,"o":299,"n":"PC H(P) -4 DOVER 6-5-93-12","u":"04/06-05-093-12W4/0","f":926,"y":2008,"d":1204}},{"type":"Feature","geometry":{"type":"Point","coordinates":[-111.56056,55.82891]},"properties":{"r":753.87,"o":34,"n":"ATH L8P4 LEISMER 6-7-79-10","u":"04/06-07-079-10W4/0","f":2782,"y":2021,"d":2030}},{"type":"Feature","geometry":{"type":"Point","coordinates":[-110.59036,55.65467]},"properties":{"r":1196.26,"o":75,"n":"MEG MC5P HARDY 6-8-77-4","u":"04/06-08-077-04W4/0","f":1892,"y":2023,"d":2107}},{"type":"Feature","geometry":{"type":"Point","coordinates":[-111.9029,57.05231]},"properties":{"r":193.1,"o":299,"n":"PC NN(P)-12 DOVER 6-8-93-12","u":"04/06-08-093-12W4/0","f":926,"y":2009,"d":1230}},{"type":"Feature","geometry":{"type":"Point","coordinates":[-110.40448,55.05921]},"properties":{"r":253.88,"o":75,"n":"CVE E24P01-1 FISHER 6-16-70-3","u":"04/06-16-070-03W4/0","f":10927,"y":2024,"d":1775}},{"type":"Feature","geometry":{"type":"Point","coordinates":[-111.00687,55.51148]},"properties":{"r":390.32,"o":67,"n":"CNRL K5P RE CONKLIN 6-22-75-7","u":"04/06-22-075-07W4/2","f":5101,"y":2013,"d":1396}},{"type":"Feature","geometry":{"type":"Point","coordinates":[-110.83799,56.20864]},"properties":{"r":692.61,"o":85,"n":"COPRC 2671P05 NEWBY 6-23-83-6","u":"04/06-23-083-06W4/0","f":3130,"y":2022,"d":1852}},{"type":"Feature","geometry":{"type":"Point","coordinates":[-110.63249,55.07398]},"properties":{"r":340.07,"o":75,"n":"CVE W09P01 FISHER 6-24-70-5","u":"04/06-24-070-05W4/0","f":10927,"y":2023,"d":1669}},{"type":"Feature","geometry":{"type":"Point","coordinates":[-110.99492,56.30918]},"properties":{"r":213.87,"o":80,"n":"NEXEN CNOOC K2P06 RESDELN 6-26-84-7","u":"04/06-26-084-07W4/0","f":2026,"y":2013,"d":1145}},{"type":"Feature","geometry":{"type":"Point","coordinates":[-110.55002,54.65317]},"properties":{"r":104.96,"o":153,"n":"IMP 96 L05-22 COLDLK 6-28-65-4","u":"04/06-28-065-04W4/0","f":295,"y":1997,"d":500}},{"type":"Feature","geometry":{"type":"Point","coordinates":[-110.45068,54.57933]},"properties":{"r":193.22,"o":153,"n":"IMP 99 Y36-13 COLDLK 6-31-64-3","u":"04/06-31-064-03W4/0","f":3127,"y":2000,"d":516}},{"type":"Feature","geometry":{"type":"Point","coordinates":[-110.93771,57.19736]},"properties":{"r":1638.81,"o":299,"n":"SUNCOR P119P6 FIREBAG 6-32-94-6","u":"04/06-32-094-06W4/0","f":1149,"y":2022,"d":1530}},{"type":"Feature","geometry":{"type":"Point","coordinates":[-111.10004,55.36578]},"properties":{"r":670.95,"o":67,"n":"CNRL KS21-08P KIRBY 6-36-73-8","u":"04/06-36-073-08W4/0","f":3534,"y":2022,"d":2450}},{"type":"Feature","geometry":{"type":"Point","coordinates":[-111.1112,55.53916]},"properties":{"r":1336.04,"o":67,"n":"CNRL XX4P DEVENISH 6-36-75-8","u":"04/06-36-075-08W4/0","f":3346,"y":2022,"d":2343}},{"type":"Feature","geometry":{"type":"Point","coordinates":[-110.96561,56.42806]},"properties":{"r":523.75,"o":80,"n":"CNOOC 10P06 NEWBY 7-1-86-7","u":"04/07-01-086-07W4/0","f":2026,"y":2005,"d":1659}},{"type":"Feature","geometry":{"type":"Point","coordinates":[-110.84416,55.55386]},"properties":{"r":517.9,"o":75,"n":"CVE FCCL G11P07 KIRBY 7-3-76-6","u":"04/07-03-076-06W4/0","f":934,"y":2017,"d":1586}},{"type":"Feature","geometry":{"type":"Point","coordinates":[-110.68845,55.6408]},"properties":{"r":130.68,"o":75,"n":"MEG N3P HARDY 7-3-77-5","u":"04/07-03-077-05W4/0","f":1892,"y":2011,"d":1748}},{"type":"Feature","geometry":{"type":"Point","coordinates":[-110.57921,55.11859]},"properties":{"r":352.29,"o":75,"n":"CVE N23P05 FISHER 7-5-71-4","u":"04/07-05-071-04W4/4","f":10927,"y":2023,"d":1822}},{"type":"Feature","geometry":{"type":"Point","coordinates":[-110.85569,57.22742]},"properties":{"r":411.44,"o":299,"n":"SUNCOR SAGD P7P4 FIREBAG 7-11-95-6","u":"04/07-11-095-06W4/0","f":1149,"y":2006,"d":1530}},{"type":"Feature","geometry":{"type":"Point","coordinates":[-110.76983,54.69386]},"properties":{"r":342.58,"o":67,"n":"CNRL SC07-11P LEMING 7-12-66-6","u":"04/07-12-066-06W4/0","f":11042,"y":2024,"d":1431}},{"type":"Feature","geometry":{"type":"Point","coordinates":[-110.83248,57.22732]},"properties":{"r":1104.57,"o":299,"n":"SUNCOR SAGD P2P5 FIREBAG 7-12-95-6","u":"04/07-12-095-06W4/0","f":1149,"y":2001,"d":1624}},{"type":"Feature","geometry":{"type":"Point","coordinates":[-110.63583,54.0107]},"properties":{"r":353.68,"o":295,"n":"SRL D01W-P14 LIND 7-14-58-5","u":"04/07-14-058-05W4/0","f":5610,"y":2025,"d":1921}},{"type":"Feature","geometry":{"type":"Point","coordinates":[-110.52771,55.14677]},"properties":{"r":494.27,"o":75,"n":"CVE N28P10 FISHER 7-15-71-4","u":"04/07-15-071-04W4/4","f":10927,"y":2025,"d":2710}},{"type":"Feature","geometry":{"type":"Point","coordinates":[-110.84044,55.66923]},"properties":{"r":2757.24,"o":75,"n":"CVE X02P08 LEISMER 7-15-77-6","u":"04/07-15-077-06W4/0","f":934,"y":2024,"d":2151}},{"type":"Feature","geometry":{"type":"Point","coordinates":[-110.41612,54.53472]},"properties":{"r":336.29,"o":295,"n":"OPC P206-P8 COLD LK 7-17-64-3","u":"04/07-17-064-03W4/0","f":2122,"y":2018,"d":1619}},{"type":"Feature","geometry":{"type":"Point","coordinates":[-110.60959,55.66844]},"properties":{"r":300.04,"o":75,"n":"MEG DC7P HARDY 7-18-77-4","u":"04/07-18-077-04W4/0","f":1892,"y":2018,"d":1766}},{"type":"Feature","geometry":{"type":"Point","coordinates":[-111.04202,55.33712]},"properties":{"r":390.93,"o":67,"n":"CNRL E 6P RE KIRBY 7-20-73-7","u":"04/07-20-073-07W4/3","f":3534,"y":2012,"d":2150}},{"type":"Feature","geometry":{"type":"Point","coordinates":[-110.3963,55.07393]},"properties":{"r":495.38,"o":75,"n":"CVE E23P03 FISHER 7-21-70-3","u":"04/07-21-070-03W4/0","f":10927,"y":2023,"d":1929}},{"type":"Feature","geometry":{"type":"Point","coordinates":[-111.6504,56.29699]},"properties":{"r":498.76,"o":136,"n":"GROC HE W5-P7 RF HANGSTN 7-22-84-11","u":"04/07-22-084-11W4/2","f":4543,"y":2014,"d":1960}},{"type":"Feature","geometry":{"type":"Point","coordinates":[-110.96084,56.3818]},"properties":{"r":264.34,"o":80,"n":"NEU CNOOC 18P07 NEWBY 7-24-85-7","u":"04/07-24-085-07W4/0","f":2026,"y":2019,"d":1474}},{"type":"Feature","geometry":{"type":"Point","coordinates":[-110.98779,56.31006]},"properties":{"r":460.48,"o":80,"n":"NEXEN CNOOC K2P19 RESDELN 7-26-84-7","u":"04/07-26-084-07W4/2","f":2026,"y":2013,"d":1212}},{"type":"Feature","geometry":{"type":"Point","coordinates":[-110.44662,54.57797]},"properties":{"r":165.74,"o":153,"n":"IMP 99 Y36-16 COLDLK 7-31-64-3","u":"04/07-31-064-03W4/0","f":3127,"y":2000,"d":551}},{"type":"Feature","geometry":{"type":"Point","coordinates":[-110.74227,55.62537]},"properties":{"r":430.39,"o":75,"n":"MEG AT4P HARDY 7-32-76-5","u":"04/07-32-076-05W4/0","f":1892,"y":2017,"d":2073}},{"type":"Feature","geometry":{"type":"Point","coordinates":[-110.51732,54.66638]},"properties":{"r":193.73,"o":153,"n":"IMP 93 H22-14 COLDLK 7-34-65-4","u":"04/07-34-065-04W4/0","f":295,"y":1994,"d":494}},{"type":"Feature","geometry":{"type":"Point","coordinates":[-110.84539,55.53805]},"properties":{"r":1214.25,"o":75,"n":"CVE J15P07 KIRBY 7-34-75-6","u":"04/07-34-075-06W4/2","f":934,"y":2017,"d":2449}},{"type":"Feature","geometry":{"type":"Point","coordinates":[-110.82156,57.19662]},"properties":{"r":624.09,"o":299,"n":"SUNCOR P118P9 FIREBAG 7-36-94-6","u":"04/07-36-094-06W4/0","f":1149,"y":2015,"d":1652}},{"type":"Feature","geometry":{"type":"Point","coordinates":[-111.2766,55.46803]},"properties":{"r":908.21,"o":67,"n":"CNRL KN06-06P DEVENISH 8-2-75-9","u":"04/08-02-075-09W4/0","f":5737,"y":2022,"d":2115}},{"type":"Feature","geometry":{"type":"Point","coordinates":[-110.3881,54.59191]},"properties":{"r":109.15,"o":153,"n":"IMP 01 U01-13 COLDLK 8-4-65-3","u":"04/08-04-065-03W4/0","f":3127,"y":2002,"d":684}},{"type":"Feature","geometry":{"type":"Point","coordinates":[-110.87859,56.25178]},"properties":{"r":213.04,"o":85,"n":"COPRC HZ 2621P06 NEWBY 8-4-84-6","u":"04/08-04-084-06W4/0","f":3130,"y":2014,"d":1617}},{"type":"Feature","geometry":{"type":"Point","coordinates":[-110.57264,55.11597]},"properties":{"r":954.41,"o":75,"n":"CVE N23P08 FISHER 8-5-71-4","u":"04/08-05-071-04W4/3","f":10927,"y":2023,"d":1726}},{"type":"Feature","geometry":{"type":"Point","coordinates":[-113.70746,55.466]},"properties":{"r":119.84,"o":293,"n":"SPL 9-1 104 MARTENH 8-6-75-24","u":"04/08-06-075-24W4/0","f":7780,"y":2024,"d":2344}},{"type":"Feature","geometry":{"type":"Point","coordinates":[-110.75781,55.55279]},"properties":{"r":311.14,"o":75,"n":"CVE B23P05 KIRBY 8-6-76-5","u":"04/08-06-076-05W4/0","f":934,"y":2018,"d":2016}},{"type":"Feature","geometry":{"type":"Point","coordinates":[-110.95633,57.22748]},"properties":{"r":966.18,"o":299,"n":"SUNCOR P112P2 FIREBAG 8-7-95-6","u":"04/08-07-095-06W4/0","f":1149,"y":2014,"d":1392}},{"type":"Feature","geometry":{"type":"Point","coordinates":[-110.55857,54.34708]},"properties":{"r":111.66,"o":66,"n":"CALTEX TRILOGY 104 FT KENT 8-8-62-4","u":"04/08-08-062-04W4/0","f":10396,"y":2025,"d":1453}},{"type":"Feature","geometry":{"type":"Point","coordinates":[-111.86172,57.05136]},"properties":{"r":198.76,"o":299,"n":"PC E1P DOVER 8-9-93-12","u":"04/08-09-093-12W4/0","f":926,"y":2005,"d":1169}},{"type":"Feature","geometry":{"type":"Point","coordinates":[-110.90555,57.2256]},"properties":{"r":244.23,"o":299,"n":"SUNCOR SAGD P115P6 FIREBAG  8-9-95-6","u":"04/08-09-095-06W4/0","f":1149,"y":2011,"d":1568}},{"type":"Feature","geometry":{"type":"Point","coordinates":[-110.74412,55.05966]},"properties":{"r":140.47,"o":75,"n":"CVE FCCL W30P04 FISHER 8-18-70-5","u":"04/08-18-070-05W4/0","f":10927,"y":2017,"d":1845}},{"type":"Feature","geometry":{"type":"Point","coordinates":[-110.56323,54.5511]},"properties":{"r":811.66,"o":295,"n":"SRL CS4P TUCKLK 8-20-64-4","u":"04/08-20-064-04W4/0","f":1724,"y":2024,"d":2316}},{"type":"Feature","geometry":{"type":"Point","coordinates":[-111.66797,56.29633]},"properties":{"r":409.72,"o":136,"n":"GROC HE W2-P5 RF HANGSTN 8-21-84-11","u":"04/08-21-084-11W4/2","f":4543,"y":2014,"d":2341}},{"type":"Feature","geometry":{"type":"Point","coordinates":[-116.87559,55.94648]},"properties":{"r":174.88,"o":218,"n":"OBE 104 HZ  DAWSON 8-22-80-19","u":"04/08-22-080-19W5/8","f":10874,"y":2026,"d":2237}},{"type":"Feature","geometry":{"type":"Point","coordinates":[-110.95451,56.38147]},"properties":{"r":619.65,"o":80,"n":"NEU CNOOC 18P11 NEWBY 8-24-85-7","u":"04/08-24-085-07W4/0","f":2026,"y":2019,"d":1514}},{"type":"Feature","geometry":{"type":"Point","coordinates":[-110.31018,54.74003]},"properties":{"r":123.72,"o":153,"n":"IMP 21 N03-H27 LEMING 8-25-66-3","u":"04/08-25-066-03W4/0","f":3827,"y":2022,"d":1784}},{"type":"Feature","geometry":{"type":"Point","coordinates":[-110.22995,53.86769]},"properties":{"r":121.33,"o":67,"n":"CNRL 8D HZ LIND 8-28-56-2","u":"04/08-28-056-02W4/0","f":8849,"y":2025,"d":1842}},{"type":"Feature","geometry":{"type":"Point","coordinates":[-111.01723,55.52321]},"properties":{"r":280.27,"o":67,"n":"CNRL FF4P CONKLIN 8-28-75-7","u":"04/08-28-075-07W4/0","f":3346,"y":2012,"d":1643}},{"type":"Feature","geometry":{"type":"Point","coordinates":[-113.80193,55.34933]},"properties":{"r":112.21,"o":293,"n":"SPL 12-27 104 MARTENH 8-29-73-25","u":"04/08-29-073-25W4/0","f":7981,"y":2025,"d":2589}},{"type":"Feature","geometry":{"type":"Point","coordinates":[-110.92199,57.1836]},"properties":{"r":959.45,"o":299,"n":"SUNCOR P126P4 FIREBAG 8-29-94-6","u":"04/08-29-094-06W4/0","f":1149,"y":2021,"d":1678}},{"type":"Feature","geometry":{"type":"Point","coordinates":[-110.62051,54.9265]},"properties":{"r":315.35,"o":67,"n":"CNRL 3C71 FISHER 8-36-68-5","u":"04/08-36-068-05W4/0","f":11042,"y":2023,"d":3046}},{"type":"Feature","geometry":{"type":"Point","coordinates":[-113.42473,55.80029]},"properties":{"r":117.95,"o":67,"n":"CNRL DWP10-8A4 PEERLESS 8-36-78-23","u":"04/08-36-078-23W4/0","f":10356,"y":2025,"d":2953}},{"type":"Feature","geometry":{"type":"Point","coordinates":[-110.31523,54.77204]},"properties":{"r":289.79,"o":67,"n":"CNRL 8A78 PRIMROSE 9-1-67-3","u":"04/09-01-067-03W4/0","f":11042,"y":2007,"d":1671}},{"type":"Feature","geometry":{"type":"Point","coordinates":[-110.78803,55.47051]},"properties":{"r":3017.66,"o":67,"n":"CNRL PK101-05P KIRBY 9-1-75-6","u":"04/09-01-075-06W4/0","f":5101,"y":2024,"d":2147}},{"type":"Feature","geometry":{"type":"Point","coordinates":[-111.27604,55.47014]},"properties":{"r":280.57,"o":67,"n":"CNRL KN06-03P DEVENISH 9-2-75-9","u":"04/09-02-075-09W4/0","f":5737,"y":2022,"d":2054}},{"type":"Feature","geometry":{"type":"Point","coordinates":[-110.81294,55.64322]},"properties":{"r":1212.42,"o":75,"n":"CVE X05P05 HARDY 9-2-77-6","u":"04/09-02-077-06W4/2","f":934,"y":2024,"d":2539}},{"type":"Feature","geometry":{"type":"Point","coordinates":[-110.84173,54.42277]},"properties":{"r":148.04,"o":67,"n":"CNRL 9C HZ LA COREY 9-4-63-6","u":"04/09-04-063-06W4/0","f":10382,"y":2025,"d":2400}},{"type":"Feature","geometry":{"type":"Point","coordinates":[-110.75781,55.55546]},"properties":{"r":415.29,"o":75,"n":"CVE B23P02 KIRBY 9-6-76-5","u":"04/09-06-076-05W4/2","f":934,"y":2018,"d":2085}},{"type":"Feature","geometry":{"type":"Point","coordinates":[-110.40996,54.52289]},"properties":{"r":493.31,"o":295,"n":"SRL G4-P04 ETHELLK 9-8-64-3","u":"04/09-08-064-03W4/0","f":2122,"y":2024,"d":2160}},{"type":"Feature","geometry":{"type":"Point","coordinates":[-110.62723,55.65908]},"properties":{"r":371.87,"o":75,"n":"MEG DD10P HARDY 9-12-77-5","u":"04/09-12-077-05W4/0","f":1892,"y":2018,"d":1529}},{"type":"Feature","geometry":{"type":"Point","coordinates":[-110.9563,54.27885]},"properties":{"r":118.1,"o":67,"n":"LYCOS HZ 104 SUGDEN 9-15-61-7","u":"04/09-15-061-07W4/0","f":10277,"y":2025,"d":2339}},{"type":"Feature","geometry":{"type":"Point","coordinates":[-111.09316,57.24285]},"properties":{"r":173.45,"o":75,"n":"HUSKY B 16-8 P5 STEEPBK 9-17-95-7","u":"04/09-17-095-07W4/0","f":5519,"y":2011,"d":1197}},{"type":"Feature","geometry":{"type":"Point","coordinates":[-111.03391,55.33753]},"properties":{"r":371.69,"o":67,"n":"CNRL E 2P RE KIRBY 9-20-73-7","u":"04/09-20-073-07W4/2","f":3534,"y":2012,"d":1718}},{"type":"Feature","geometry":{"type":"Point","coordinates":[-112.13675,56.82173]},"properties":{"r":257.53,"o":233,"n":"MACOP AF03P ELLS 9-22-90-14","u":"04/09-22-090-14W4/0","f":6448,"y":2014,"d":1317}},{"type":"Feature","geometry":{"type":"Point","coordinates":[-110.85363,56.22513]},"properties":{"r":378.69,"o":85,"n":"COPRC HZ 2623P06 NEWBY 9-27-83-6","u":"04/09-27-083-06W4/0","f":3130,"y":2013,"d":1537}},{"type":"Feature","geometry":{"type":"Point","coordinates":[-110.89213,57.18646]},"properties":{"r":500.19,"o":299,"n":"SUNCOR P122P17 FIREBAG 9-28-94-6","u":"04/09-28-094-06W4/0","f":1149,"y":2019,"d":1740}},{"type":"Feature","geometry":{"type":"Point","coordinates":[-111.07297,55.52831]},"properties":{"r":267.9,"o":67,"n":"CNRL QQ4P CONKLIN 9-30-75-7","u":"04/09-30-075-07W4/0","f":3346,"y":2017,"d":1383}},{"type":"Feature","geometry":{"type":"Point","coordinates":[-110.78624,57.19895]},"properties":{"r":1280.41,"o":299,"n":"SUNCOR P123P9 FIREBAG 9-31-94-5","u":"04/09-31-094-05W4/0","f":1149,"y":2019,"d":1937}},{"type":"Feature","geometry":{"type":"Point","coordinates":[-110.3843,54.5825]},"properties":{"r":113.68,"o":153,"n":"IMP 01 V01-05 COLDLK 9-33-64-3","u":"04/09-33-064-03W4/0","f":3127,"y":2002,"d":723}},{"type":"Feature","geometry":{"type":"Point","coordinates":[-110.81113,55.71551]},"properties":{"r":1758.17,"o":75,"n":"MEG AV11P HARDY 9-35-77-6","u":"04/09-35-077-06W4/0","f":1892,"y":2025,"d":2022}},{"type":"Feature","geometry":{"type":"Point","coordinates":[-110.62145,54.93078]},"properties":{"r":346.78,"o":67,"n":"CNRL 11C71 FISHER 9-36-68-5","u":"04/09-36-068-05W4/0","f":11042,"y":2023,"d":3149}},{"type":"Feature","geometry":{"type":"Point","coordinates":[-110.82922,57.21705]},"properties":{"r":1240.29,"o":299,"n":"SUNCOR P8P1B FIREBAG  9-1-95-6","u":"04/10-01-095-06W4/3","f":1149,"y":2006,"d":1169}},{"type":"Feature","geometry":{"type":"Point","coordinates":[-110.69548,54.68396]},"properties":{"r":108.08,"o":67,"n":"CNRL D9L6 WOLF LAKE 10-4-66-5","u":"04/10-04-066-05W4/0","f":11042,"y":2000,"d":1599}},{"type":"Feature","geometry":{"type":"Point","coordinates":[-111.5568,55.83467]},"properties":{"r":1606.94,"o":34,"n":"ATHABASCA L10P03 LEISMER 10-7-79-10","u":"04/10-07-079-10W4/2","f":2782,"y":2024,"d":2016}},{"type":"Feature","geometry":{"type":"Point","coordinates":[-110.80263,55.04699]},"properties":{"r":636.32,"o":75,"n":"CVE W41P02 FISHER 10-11-70-6","u":"04/10-11-070-06W4/3","f":10927,"y":2025,"d":1587}},{"type":"Feature","geometry":{"type":"Point","coordinates":[-111.10308,57.24486]},"properties":{"r":206.41,"o":75,"n":"HUSKY B 14-8 P5 STEEPBK 10-17-95-7","u":"04/10-17-095-07W4/0","f":5519,"y":2011,"d":1216}},{"type":"Feature","geometry":{"type":"Point","coordinates":[-110.37139,54.81572]},"properties":{"r":136.32,"o":67,"n":"CNRL 7A93 PRIMROSE 10-22-67-3","u":"04/10-22-067-03W4/0","f":11042,"y":2011,"d":1720}},{"type":"Feature","geometry":{"type":"Point","coordinates":[-111.65176,56.29737]},"properties":{"r":407.18,"o":136,"n":"GROC HE W4-P4 RD HANGSTN 10-22-84-11","u":"04/10-22-084-11W4/3","f":4543,"y":2014,"d":1268}},{"type":"Feature","geometry":{"type":"Point","coordinates":[-110.92902,57.18656]},"properties":{"r":893.89,"o":299,"n":"SUNCOR P126P10 FIREBAG 10-29-94-6","u":"04/10-29-094-06W4/0","f":1149,"y":2021,"d":1723}},{"type":"Feature","geometry":{"type":"Point","coordinates":[-110.8716,55.54214]},"properties":{"r":284.63,"o":67,"n":"CNRL O3P LEISMER 10-33-75-6","u":"04/10-33-075-06W4/0","f":2037,"y":2015,"d":1662}},{"type":"Feature","geometry":{"type":"Point","coordinates":[-110.51875,54.66865]},"properties":{"r":140.58,"o":153,"n":"IMP 93 H22-7 COLDLK 10-34-65-4","u":"04/10-34-065-04W4/0","f":295,"y":1994,"d":502}},{"type":"Feature","geometry":{"type":"Point","coordinates":[-110.82153,57.19985]},"properties":{"r":621.35,"o":299,"n":"SUNCOR P118P5 FIREBAG 10-36-94-6","u":"04/10-36-094-06W4/0","f":1149,"y":2015,"d":1596}},{"type":"Feature","geometry":{"type":"Point","coordinates":[-110.50264,54.59543]},"properties":{"r":134.66,"o":153,"n":"IMP 99 D31-22 COLDLK 11-2-65-4","u":"04/11-02-065-04W4/0","f":295,"y":2000,"d":981}},{"type":"Feature","geometry":{"type":"Point","coordinates":[-110.81153,55.03466]},"properties":{"r":1678.62,"o":75,"n":"CVE W42P02 FISHER 11-2-70-6","u":"04/11-02-070-06W4/4","f":10927,"y":2024,"d":2220}},{"type":"Feature","geometry":{"type":"Point","coordinates":[-110.86026,57.21652]},"properties":{"r":453.47,"o":299,"n":"SUNCOR SAGD P8P10 FIREBAG 11-2-95-6","u":"04/11-02-095-06W4/0","f":1149,"y":2006,"d":1171}},{"type":"Feature","geometry":{"type":"Point","coordinates":[-110.53155,54.85878]},"properties":{"r":237.46,"o":67,"n":"CNRL 1A62 PRIMROSE 11-3-68-4","u":"04/11-03-068-04W4/2","f":11042,"y":2008,"d":2448}},{"type":"Feature","geometry":{"type":"Point","coordinates":[-110.97117,57.22965]},"properties":{"r":424.75,"o":299,"n":"SUNCOR P130P3 FIREBAG 11-7-95-6","u":"04/11-07-095-06W4/0","f":1149,"y":2023,"d":1653}},{"type":"Feature","geometry":{"type":"Point","coordinates":[-111.87107,57.05382]},"properties":{"r":273.63,"o":299,"n":"SUNCOR F6PB DOVER 11-9-93-12","u":"04/11-09-093-12W4/2","f":926,"y":2005,"d":1215}},{"type":"Feature","geometry":{"type":"Point","coordinates":[-110.53135,54.87242]},"properties":{"r":103.78,"o":67,"n":"CNRL 20A62 PRIMROSE 11-10-68-4","u":"04/11-10-068-04W4/0","f":11042,"y":2008,"d":2534}},{"type":"Feature","geometry":{"type":"Point","coordinates":[-110.39784,54.53888]},"properties":{"r":169.8,"o":295,"n":"OPC P104-P2 COLD LK 12-16-64-3","u":"04/11-16-064-03W4/2","f":2122,"y":2007,"d":1297}},{"type":"Feature","geometry":{"type":"Point","coordinates":[-111.07819,57.24539]},"properties":{"r":477.12,"o":75,"n":"CVE EP07 STEEPBK 11-16-95-7","u":"04/11-16-095-07W4/2","f":5519,"y":2025,"d":1646}},{"type":"Feature","geometry":{"type":"Point","coordinates":[-111.02067,54.36514]},"properties":{"r":145.82,"o":67,"n":"CNRL 11D HZ SUGDEN 11-17-62-7","u":"04/11-17-062-07W4/0","f":10068,"y":2024,"d":1749}},{"type":"Feature","geometry":{"type":"Point","coordinates":[-111.02071,56.3125]},"properties":{"r":414.06,"o":80,"n":"NEXEN CNOOC K1P07 RESDELN 11-27-84-7","u":"04/11-27-084-07W4/0","f":2026,"y":2012,"d":1282}},{"type":"Feature","geometry":{"type":"Point","coordinates":[-110.88203,57.18798]},"properties":{"r":983.83,"o":299,"n":"SUNCOR P122P10 FIREBAG 11-27-94-6","u":"04/11-27-094-06W4/0","f":1149,"y":2019,"d":1689}},{"type":"Feature","geometry":{"type":"Point","coordinates":[-110.55812,55.10478]},"properties":{"r":1171.06,"o":75,"n":"CVE N13P11 FISHER 11-33-70-4","u":"04/11-33-070-04W4/2","f":10927,"y":2022,"d":2118}},{"type":"Feature","geometry":{"type":"Point","coordinates":[-110.87408,55.54328]},"properties":{"r":1274.23,"o":67,"n":"CNRL O1P RE LEISMER 11-33-75-6","u":"04/11-33-075-06W4/3","f":2037,"y":2015,"d":1590}},{"type":"Feature","geometry":{"type":"Point","coordinates":[-110.37354,54.58274]},"properties":{"r":113.13,"o":153,"n":"IMP 01 V01-22 COLDLK 11-34-64-3","u":"04/11-34-064-03W4/0","f":3127,"y":2002,"d":667}},{"type":"Feature","geometry":{"type":"Point","coordinates":[-110.38042,54.84345]},"properties":{"r":328.6,"o":67,"n":"CNRL 24A93 MOORE 11-34-67-3","u":"04/11-34-067-03W4/0","f":11042,"y":2024,"d":2245}},{"type":"Feature","geometry":{"type":"Point","coordinates":[-110.53252,55.10715]},"properties":{"r":609.04,"o":75,"n":"CVE N22P07-1 FISHER 11-34-70-4","u":"04/11-34-070-04W4/0","f":10927,"y":2024,"d":2095}},{"type":"Feature","geometry":{"type":"Point","coordinates":[-110.33294,54.772]},"properties":{"r":131.23,"o":67,"n":"CNRL 7A75 PRIMROSE 12-1-67-3","u":"04/12-01-067-03W4/0","f":11042,"y":2007,"d":1633}},{"type":"Feature","geometry":{"type":"Point","coordinates":[-110.55574,54.68347]},"properties":{"r":230.9,"o":153,"n":"IMP H91-H09 LEMING 12-4-66-4","u":"04/12-04-066-04W4/0","f":295,"y":2020,"d":1483}},{"type":"Feature","geometry":{"type":"Point","coordinates":[-110.58964,54.9457]},"properties":{"r":214.17,"o":67,"n":"CNRL 14A160 FISHER 12-5-69-4","u":"04/12-05-069-04W4/0","f":11042,"y":2022,"d":2730}},{"type":"Feature","geometry":{"type":"Point","coordinates":[-114.1548,55.48605]},"properties":{"r":166.64,"o":144,"n":"HWX 104 HZ MARTENH 12-7-75-1","u":"04/12-07-075-01W5/0","f":9573,"y":2024,"d":2337}},{"type":"Feature","geometry":{"type":"Point","coordinates":[-110.5896,54.96024]},"properties":{"r":160.52,"o":67,"n":"CNRL 16A161 FISHER 12-8-69-4","u":"04/12-08-069-04W4/0","f":11042,"y":2022,"d":2685}},{"type":"Feature","geometry":{"type":"Point","coordinates":[-110.43649,55.04669]},"properties":{"r":105.9,"o":75,"n":"CVE FCCL E11P08 FISHER 12-8-70-3","u":"04/12-08-070-03W4/2","f":10927,"y":2007,"d":1782}},{"type":"Feature","geometry":{"type":"Point","coordinates":[-110.53052,54.6981]},"properties":{"r":103.13,"o":153,"n":"IMP 06 H57-H06 COLD LK 12-10-66-4","u":"04/12-10-066-04W4/0","f":295,"y":2007,"d":1722}},{"type":"Feature","geometry":{"type":"Point","coordinates":[-110.80547,55.57261]},"properties":{"r":255.47,"o":75,"n":"CVE B03W07-1 LEISMER 12-12-76-6","u":"04/12-12-076-06W4/0","f":934,"y":2024,"d":1225}},{"type":"Feature","geometry":{"type":"Point","coordinates":[-110.97863,56.37329]},"properties":{"r":452.47,"o":80,"n":"NEU CNOOC 16P09 NEWBY 12-13-85-7","u":"04/12-13-085-07W4/0","f":2026,"y":2019,"d":1349}},{"type":"Feature","geometry":{"type":"Point","coordinates":[-110.30167,53.83885]},"properties":{"r":113.01,"o":273,"n":"RBY 04 HZ LIND 12-18-56-2","u":"04/12-18-056-02W4/3","f":10493,"y":2025,"d":2725}},{"type":"Feature","geometry":{"type":"Point","coordinates":[-110.1521,54.2033]},"properties":{"r":146.38,"o":337,"n":"WGATE D01-CL2S MSHINE 12-19-60-1","u":"04/12-19-060-01W4/2","f":10748,"y":2025,"d":2227}},{"type":"Feature","geometry":{"type":"Point","coordinates":[-110.88218,55.59944]},"properties":{"r":2175.29,"o":75,"n":"CVE M17P10 LEISMER 12-21-76-6","u":"04/12-21-076-06W4/0","f":934,"y":2023,"d":2003}},{"type":"Feature","geometry":{"type":"Point","coordinates":[-111.06185,57.25728]},"properties":{"r":960.75,"o":75,"n":"CVE S01P06 STEEPBK 12-22-95-7","u":"04/12-22-095-07W4/0","f":5519,"y":2023,"d":1257}},{"type":"Feature","geometry":{"type":"Point","coordinates":[-110.6392,55.07591]},"properties":{"r":804.09,"o":75,"n":"CVE W09P03 FISHER 12-24-70-5","u":"04/12-24-070-05W4/0","f":10927,"y":2023,"d":2153}},{"type":"Feature","geometry":{"type":"Point","coordinates":[-110.35527,54.5696]},"properties":{"r":273.73,"o":153,"n":"IMP 13 HZ V28-H07 COLD LK 12-26-64-3","u":"04/12-26-064-03W4/3","f":3127,"y":2014,"d":1667}},{"type":"Feature","geometry":{"type":"Point","coordinates":[-110.86338,57.18701]},"properties":{"r":614.05,"o":299,"n":"SUNCOR P122P9 FIREBAG 12-26-94-6","u":"04/12-26-094-06W4/0","f":1149,"y":2020,"d":1740}},{"type":"Feature","geometry":{"type":"Point","coordinates":[-111.03924,55.52788]},"properties":{"r":211.21,"o":67,"n":"CNRL DD5P RE CONKLIN 12-28-75-7","u":"04/12-28-075-07W4/2","f":3346,"y":2009,"d":2020}},{"type":"Feature","geometry":{"type":"Point","coordinates":[-110.94759,56.40221]},"properties":{"r":359.69,"o":80,"n":"NEXEN OPTI 07P07 NEWBY 12-30-85-6","u":"04/12-30-085-06W4/0","f":2026,"y":2005,"d":1348}},{"type":"Feature","geometry":{"type":"Point","coordinates":[-110.57959,54.58117]},"properties":{"r":233.83,"o":295,"n":"SRL COLD LK 12-32-64-4","u":"04/12-32-064-04W4/0","f":1724,"y":2005,"d":1458}},{"type":"Feature","geometry":{"type":"Point","coordinates":[-110.53172,54.67124]},"properties":{"r":166.66,"o":153,"n":"IMP 95 H25-23 COLDLK 12-34-65-4","u":"04/12-34-065-04W4/0","f":295,"y":1995,"d":518}},{"type":"Feature","geometry":{"type":"Point","coordinates":[-110.5339,55.10715]},"properties":{"r":1003.85,"o":75,"n":"CVE N22P06 FISHER 12-34-70-4","u":"04/12-34-070-04W4/4","f":10927,"y":2022,"d":2026}},{"type":"Feature","geometry":{"type":"Point","coordinates":[-110.80723,55.55958]},"properties":{"r":226.37,"o":75,"n":"CVE J07P04 KIRBY 13-1-76-6","u":"04/13-01-076-06W4/2","f":934,"y":2015,"d":1649}},{"type":"Feature","geometry":{"type":"Point","coordinates":[-110.9602,55.56097]},"properties":{"r":203.29,"o":142,"n":"HARVEST HZ 102 P2 LEISMER 13-1-76-7","u":"04/13-01-076-07W4/0","f":5421,"y":2011,"d":1446}},{"type":"Feature","geometry":{"type":"Point","coordinates":[-110.81374,55.03712]},"properties":{"r":963.16,"o":75,"n":"CVE W42P05 FISHER 13-2-70-6","u":"04/13-02-070-06W4/0","f":10927,"y":2024,"d":2229}},{"type":"Feature","geometry":{"type":"Point","coordinates":[-110.58963,54.94945]},"properties":{"r":292.94,"o":67,"n":"CNRL 21A160 FISHER 13-5-69-4","u":"04/13-05-069-04W4/0","f":11042,"y":2022,"d":2890}},{"type":"Feature","geometry":{"type":"Point","coordinates":[-110.78076,55.47305]},"properties":{"r":2573.35,"o":67,"n":"CNRL PK101-12P KIRBY 13-6-75-5","u":"04/13-06-075-05W4/0","f":5101,"y":2024,"d":2423}},{"type":"Feature","geometry":{"type":"Point","coordinates":[-110.76795,55.04989]},"properties":{"r":938.5,"o":75,"n":"CVE FCCL W32P01 FISHER 13-7-70-5","u":"04/13-07-070-05W4/0","f":10927,"y":2017,"d":1711}},{"type":"Feature","geometry":{"type":"Point","coordinates":[-110.58958,54.96402]},"properties":{"r":191.78,"o":67,"n":"CNRL 23A161 FISHER 13-8-69-4","u":"04/13-08-069-04W4/0","f":11042,"y":2022,"d":2854}},{"type":"Feature","geometry":{"type":"Point","coordinates":[-111.85232,56.09986]},"properties":{"r":1021.09,"o":84,"n":"CLC 104 P12 DIVIDE 13-8-82-12","u":"04/13-08-082-12W4/0","f":3165,"y":2024,"d":2813}},{"type":"Feature","geometry":{"type":"Point","coordinates":[-111.88265,57.05928]},"properties":{"r":601.41,"o":299,"n":"SUNCOR OO10PB DOVER 13-9-93-12","u":"04/13-09-093-12W4/2","f":926,"y":2009,"d":1087}},{"type":"Feature","geometry":{"type":"Point","coordinates":[-110.80754,54.4423]},"properties":{"r":197.31,"o":67,"n":"CNRL 13D HZ LA COREY 13-11-63-6","u":"04/13-11-063-06W4/0","f":10872,"y":2026,"d":1878}},{"type":"Feature","geometry":{"type":"Point","coordinates":[-112.09878,56.79785]},"properties":{"r":102.31,"o":233,"n":"MACOP AE04P CRKD RPS 13-12-90-14","u":"04/13-12-090-14W4/0","f":6448,"y":2013,"d":1307}},{"type":"Feature","geometry":{"type":"Point","coordinates":[-110.97863,56.37558]},"properties":{"r":414.33,"o":80,"n":"NEU CNOOC 16P12 NEWBY 13-13-85-7","u":"04/13-13-085-07W4/0","f":2026,"y":2019,"d":1277}},{"type":"Feature","geometry":{"type":"Point","coordinates":[-110.82969,55.58836]},"properties":{"r":163.01,"o":75,"n":"CVE L05P01-1 LEISMER 13-14-76-6","u":"04/13-14-076-06W4/0","f":934,"y":2024,"d":1482}},{"type":"Feature","geometry":{"type":"Point","coordinates":[-110.80349,55.60542]},"properties":{"r":261.89,"o":75,"n":"CVE FCCL L09P11 HARDY 13-24-76-6","u":"04/13-24-076-06W4/0","f":934,"y":2015,"d":1635}},{"type":"Feature","geometry":{"type":"Point","coordinates":[-110.86079,57.19079]},"properties":{"r":691.98,"o":299,"n":"SUNCOR P122P5 FIREBAG 13-26-94-6","u":"04/13-26-094-06W4/0","f":1149,"y":2020,"d":1697}},{"type":"Feature","geometry":{"type":"Point","coordinates":[-111.00141,55.35818]},"properties":{"r":1441.54,"o":67,"n":"CNRL G 15P KIRBY 13-27-73-7","u":"04/13-27-073-07W4/0","f":3534,"y":2025,"d":2595}},{"type":"Feature","geometry":{"type":"Point","coordinates":[-113.61926,55.35645]},"properties":{"r":232.14,"o":293,"n":"SPL 10-29 HZ 104 MARTENH 13-27-73-24","u":"04/13-27-073-24W4/0","f":7981,"y":2021,"d":2892}},{"type":"Feature","geometry":{"type":"Point","coordinates":[-110.85232,54.39711]},"properties":{"r":387.68,"o":67,"n":"CNRL 13C HZ FORSYTH 13-28-62-6","u":"04/13-28-062-06W4/0","f":10770,"y":2025,"d":2429}},{"type":"Feature","geometry":{"type":"Point","coordinates":[-110.56177,54.83412]},"properties":{"r":142.76,"o":67,"n":"CNRL 6A23 PRIMROSE 13-28-67-4","u":"04/13-28-067-04W4/0","f":11042,"y":2010,"d":2354}},{"type":"Feature","geometry":{"type":"Point","coordinates":[-110.42915,54.22372]},"properties":{"r":109.04,"o":46,"n":"BAYTEX S360 HZ CHARLK 13-29-60-3","u":"04/13-29-060-03W4/7","f":9564,"y":2025,"d":2060}},{"type":"Feature","geometry":{"type":"Point","coordinates":[-110.15222,54.23694]},"properties":{"r":131.27,"o":337,"n":"WGATE D01-GP2N MSHINE 13-31-60-1","u":"04/13-31-060-01W4/2","f":10749,"y":2025,"d":2040}},{"type":"Feature","geometry":{"type":"Point","coordinates":[-110.57963,54.58477]},"properties":{"r":206.26,"o":295,"n":"SRL COLD LK 13-32-64-4","u":"04/13-32-064-04W4/0","f":1724,"y":2005,"d":1429}},{"type":"Feature","geometry":{"type":"Point","coordinates":[-111.66287,56.33257]},"properties":{"r":505.2,"o":136,"n":"GROC DEMO M2 RF HANGSTN 13-34-84-11","u":"04/13-34-084-11W4/2","f":1314,"y":2004,"d":2192}},{"type":"Feature","geometry":{"type":"Point","coordinates":[-110.84555,56.24559]},"properties":{"r":919.76,"o":85,"n":"COPRC HZ 2622P05 NEWBY 13-35-83-6","u":"04/13-35-083-06W4/0","f":3130,"y":2014,"d":1556}},{"type":"Feature","geometry":{"type":"Point","coordinates":[-110.81208,55.03559]},"properties":{"r":1851.8,"o":75,"n":"CVE W42P03 FISHER 14-2-70-6","u":"04/14-02-070-06W4/0","f":10927,"y":2024,"d":2228}},{"type":"Feature","geometry":{"type":"Point","coordinates":[-110.61741,55.64964]},"properties":{"r":360.43,"o":75,"n":"MEG DG5P HARDY 14-6-77-4","u":"04/14-06-077-04W4/0","f":1892,"y":2021,"d":1780}},{"type":"Feature","geometry":{"type":"Point","coordinates":[-111.56406,55.82292]},"properties":{"r":132.48,"o":34,"n":"ATHABASCA L08P14 LEISMER 14-6-79-10","u":"04/14-06-079-10W4/0","f":2782,"y":2023,"d":2134}},{"type":"Feature","geometry":{"type":"Point","coordinates":[-111.92636,57.05756]},"properties":{"r":347.2,"o":299,"n":"SUNCOR P751P3 DOVER 14-7-93-12","u":"04/14-07-093-12W4/0","f":926,"y":2013,"d":1411}},{"type":"Feature","geometry":{"type":"Point","coordinates":[-111.89927,57.05875]},"properties":{"r":942.84,"o":299,"n":"SUNCOR P826P6 DOVER 14-8-93-12","u":"04/14-08-093-12W4/0","f":926,"y":2023,"d":1655}},{"type":"Feature","geometry":{"type":"Point","coordinates":[-110.9206,57.23484]},"properties":{"r":652.88,"o":299,"n":"SUNCOR P114P3 FIREBAG 14-9-95-6","u":"04/14-09-095-06W4/0","f":1149,"y":2013,"d":1538}},{"type":"Feature","geometry":{"type":"Point","coordinates":[-114.07176,55.50341]},"properties":{"r":190.77,"o":144,"n":"HWX HZ 104 MARTENH 14-15-75-1","u":"04/14-15-075-01W5/0","f":9573,"y":2025,"d":3251}},{"type":"Feature","geometry":{"type":"Point","coordinates":[-110.89056,57.24763]},"properties":{"r":752.81,"o":299,"n":"SUNCOR P121P9 FIREBAG 14-15-95-6","u":"04/14-15-095-06W4/0","f":1149,"y":2018,"d":1883}},{"type":"Feature","geometry":{"type":"Point","coordinates":[-111.04639,55.34252]},"properties":{"r":233.56,"o":67,"n":"CNRL D 2P RE KIRBY 14-20-73-7","u":"04/14-20-073-07W4/2","f":3534,"y":2012,"d":1774}},{"type":"Feature","geometry":{"type":"Point","coordinates":[-110.83765,56.22948]},"properties":{"r":533.35,"o":85,"n":"COPRC 2613P06STRD NEWBY 14-26-83-6","u":"04/14-26-083-06W4/3","f":3130,"y":2014,"d":1565}},{"type":"Feature","geometry":{"type":"Point","coordinates":[-113.36168,56.05606]},"properties":{"r":108.14,"o":67,"n":"CNRL BP15-14D BRINT 14-27-81-22","u":"04/14-27-081-22W4/0","f":4628,"y":2024,"d":1705}},{"type":"Feature","geometry":{"type":"Point","coordinates":[-111.07229,55.35821]},"properties":{"r":715.78,"o":67,"n":"CNRL KS21-11P KIRBY 14-30-73-7","u":"04/14-30-073-07W4/0","f":3534,"y":2022,"d":1930}},{"type":"Feature","geometry":{"type":"Point","coordinates":[-110.617,55.63229]},"properties":{"r":505.05,"o":75,"n":"MEG MH3P HARDY 14-31-76-4","u":"04/14-31-076-04W4/0","f":1892,"y":2024,"d":1850}},{"type":"Feature","geometry":{"type":"Point","coordinates":[-113.662,55.373]},"properties":{"r":169.76,"o":293,"n":"SPL 11-29 HZ 104 MARTENH 14-32-73-24","u":"04/14-32-073-24W4/0","f":7981,"y":2018,"d":2464}},{"type":"Feature","geometry":{"type":"Point","coordinates":[-110.58942,55.63379]},"properties":{"r":525.43,"o":75,"n":"MEG MD11P HARDY 14-32-76-4","u":"04/14-32-076-04W4/2","f":1892,"y":2024,"d":1971}},{"type":"Feature","geometry":{"type":"Point","coordinates":[-110.3723,54.58678]},"properties":{"r":113.09,"o":153,"n":"IMP 01 V01-19 COLDLK 14-34-64-3","u":"04/14-34-064-03W4/0","f":3127,"y":2002,"d":790}},{"type":"Feature","geometry":{"type":"Point","coordinates":[-110.93569,57.21916]},"properties":{"r":331.22,"o":299,"n":"SUNCOR SAGD P16P14 FIREBAG  15-5-95-","u":"04/15-05-095-06W4/0","f":1149,"y":2010,"d":1550}},{"type":"Feature","geometry":{"type":"Point","coordinates":[-110.80269,57.21932]},"properties":{"r":617.2,"o":299,"n":"SUNCOR P109P6B FIREBAG 15-6-95-5","u":"04/15-06-095-05W4/2","f":1149,"y":2013,"d":1404}},{"type":"Feature","geometry":{"type":"Point","coordinates":[-110.58704,54.35265]},"properties":{"r":207.04,"o":66,"n":"CALTEX TRILOGY 104 FT KENT 15-7-62-4","u":"04/15-07-062-04W4/4","f":10192,"y":2025,"d":1736}},{"type":"Feature","geometry":{"type":"Point","coordinates":[-110.803,56.18645]},"properties":{"r":900.18,"o":85,"n":"COPRC 2673P08 NEWBY 15-12-83-6","u":"04/15-12-083-06W4/0","f":3130,"y":2022,"d":1836}},{"type":"Feature","geometry":{"type":"Point","coordinates":[-111.46198,55.76452]},"properties":{"r":200.85,"o":34,"n":"ATH L7P4 LEISMER 15-15-78-10","u":"04/15-15-078-10W4/2","f":2782,"y":2018,"d":2030}},{"type":"Feature","geometry":{"type":"Point","coordinates":[-110.29485,54.73324]},"properties":{"r":104.47,"o":153,"n":"IMP 21 N04-H18A MARIE 15-19-66-2","u":"04/15-19-066-02W4/0","f":3827,"y":2021,"d":1715}},{"type":"Feature","geometry":{"type":"Point","coordinates":[-110.74119,55.69005]},"properties":{"r":865.81,"o":75,"n":"MEG AH14P HARDY 15-20-77-5","u":"04/15-20-077-05W4/0","f":1892,"y":2021,"d":1598}},{"type":"Feature","geometry":{"type":"Point","coordinates":[-110.86628,55.60564]},"properties":{"r":817.59,"o":75,"n":"CVE L19P01 LEISMER 15-21-76-6","u":"04/15-21-076-06W4/3","f":934,"y":2021,"d":2647}},{"type":"Feature","geometry":{"type":"Point","coordinates":[-110.99895,55.517]},"properties":{"r":378.54,"o":67,"n":"CNRL RR7P RE CONKLIN 15-22-75-7","u":"04/15-22-075-07W4/3","f":5101,"y":2014,"d":1705}},{"type":"Feature","geometry":{"type":"Point","coordinates":[-110.60784,54.03424]},"properties":{"r":358.54,"o":295,"n":"PENGROWTH D04-P3 LNDBRGH 15-24-58-5","u":"04/15-24-058-05W4/0","f":5610,"y":2017,"d":1586}},{"type":"Feature","geometry":{"type":"Point","coordinates":[-110.83424,56.23083]},"properties":{"r":771.26,"o":85,"n":"COPRC HZ 2613P03 NEWBY 15-26-83-6","u":"04/15-26-083-06W4/0","f":3130,"y":2014,"d":1630}},{"type":"Feature","geometry":{"type":"Point","coordinates":[-111.40842,56.49237]},"properties":{"r":214.71,"o":34,"n":"ATH AC04P HANGST 15-30-86-9","u":"04/15-30-086-09W4/0","f":5356,"y":2013,"d":1202}},{"type":"Feature","geometry":{"type":"Point","coordinates":[-110.62429,54.934]},"properties":{"r":114.56,"o":67,"n":"CNRL 17C71 FISHER 15-36-68-5","u":"04/15-36-068-05W4/0","f":11042,"y":2023,"d":3538}},{"type":"Feature","geometry":{"type":"Point","coordinates":[-112.65516,55.63418]},"properties":{"r":736.83,"o":160,"n":"BLACKPEARL PRD3 PORTAGE 15-36-76-18","u":"04/15-36-076-18W4/0","f":5029,"y":2019,"d":1885}},{"type":"Feature","geometry":{"type":"Point","coordinates":[-110.78509,55.47186]},"properties":{"r":2613.89,"o":67,"n":"CNRL PK101-08P KIRBY 16-1-75-6","u":"04/16-01-075-06W4/0","f":5101,"y":2024,"d":2289}},{"type":"Feature","geometry":{"type":"Point","coordinates":[-110.86282,55.56181]},"properties":{"r":872.75,"o":67,"n":"CNRL R5P LEISMER 16-4-76-6","u":"04/16-04-076-06W4/0","f":2037,"y":2017,"d":1854}},{"type":"Feature","geometry":{"type":"Point","coordinates":[-111.91273,57.04403]},"properties":{"r":384.77,"o":299,"n":"SUNCOR 751P14 DOVER 16-6-93-12","u":"04/16-06-093-12W4/0","f":926,"y":2012,"d":1428}},{"type":"Feature","geometry":{"type":"Point","coordinates":[-114.13223,55.48805]},"properties":{"r":170.2,"o":144,"n":"HWX 104 HZ MARTENH 16-7-75-1","u":"04/16-07-075-01W5/0","f":9909,"y":2024,"d":2568}},{"type":"Feature","geometry":{"type":"Point","coordinates":[-110.95492,57.23298]},"properties":{"r":712.68,"o":299,"n":"SUNCOR P114P9 FIREBAG 16-7-95-6","u":"04/16-07-095-06W4/0","f":1149,"y":2013,"d":1571}},{"type":"Feature","geometry":{"type":"Point","coordinates":[-110.57203,55.13993]},"properties":{"r":557.3,"o":75,"n":"CVE N28P02 FISHER 16-8-71-4","u":"04/16-08-071-04W4/0","f":10927,"y":2025,"d":1951}},{"type":"Feature","geometry":{"type":"Point","coordinates":[-111.83416,56.09976]},"properties":{"r":529.37,"o":84,"n":"CLC 104 P10 DIVIDE 16-8-82-12","u":"04/16-08-082-12W4/0","f":3165,"y":2021,"d":2119}},{"type":"Feature","geometry":{"type":"Point","coordinates":[-111.86321,57.05947]},"properties":{"r":118.79,"o":299,"n":"PC QQ(P) - 2 DOVER 16-9-93-12","u":"04/16-09-093-12W4/0","f":926,"y":2007,"d":1486}},{"type":"Feature","geometry":{"type":"Point","coordinates":[-110.90128,57.23372]},"properties":{"r":1306.64,"o":299,"n":"SUNCOR SAGD P6P3 FIREBAG 16-9-95-6","u":"04/16-09-095-06W4/0","f":1149,"y":2009,"d":1626}},{"type":"Feature","geometry":{"type":"Point","coordinates":[-110.87554,57.2338]},"properties":{"r":497.57,"o":299,"n":"SUNCOR SAGD P5P7 FIREBAG 16-10-95-6","u":"04/16-10-095-06W4/0","f":1149,"y":2005,"d":1686}},{"type":"Feature","geometry":{"type":"Point","coordinates":[-110.33362,54.17861]},"properties":{"r":105.12,"o":46,"n":"BAYTEX HZ S340 CHARLK 16-11-60-3","u":"04/16-11-060-03W4/2","f":10243,"y":2025,"d":2025}},{"type":"Feature","geometry":{"type":"Point","coordinates":[-110.49223,54.80572]},"properties":{"r":132.71,"o":67,"n":"CNRL 8C28 PRIMROSE 16-14-67-4","u":"04/16-14-067-04W4/0","f":11042,"y":2006,"d":1948}},{"type":"Feature","geometry":{"type":"Point","coordinates":[-110.54177,55.06756]},"properties":{"r":318.91,"o":75,"n":"CVE KP10-1 FISHER 16-16-70-4","u":"04/16-16-070-04W4/0","f":10927,"y":2022,"d":1284}},{"type":"Feature","geometry":{"type":"Point","coordinates":[-113.77688,55.4144]},"properties":{"r":304.8,"o":293,"n":"SPL 10-17 104 MARTENH 16-16-74-25","u":"04/16-16-074-25W4/0","f":7981,"y":2024,"d":2508}},{"type":"Feature","geometry":{"type":"Point","coordinates":[-110.56092,54.5431]},"properties":{"r":107.58,"o":295,"n":"SRL COLD LK 16-17-64-4","u":"04/16-17-064-04W4/0","f":1724,"y":2014,"d":1315}},{"type":"Feature","geometry":{"type":"Point","coordinates":[-110.53879,54.55689]},"properties":{"r":491.63,"o":295,"n":"SRL H4P TUCKLK 16-21-64-4","u":"04/16-21-064-04W4/0","f":1724,"y":2022,"d":1998}},{"type":"Feature","geometry":{"type":"Point","coordinates":[-111.01131,56.31808]},"properties":{"r":213.92,"o":80,"n":"NEXEN CNOOC K2P11 RESDELN 16-27-84-7","u":"04/16-27-084-07W4/0","f":2026,"y":2013,"d":1184}},{"type":"Feature","geometry":{"type":"Point","coordinates":[-111.00828,55.35632]},"properties":{"r":563.73,"o":67,"n":"CNRL G 8P KIRBY 16-28-73-7","u":"04/16-28-073-07W4/0","f":3534,"y":2013,"d":1997}},{"type":"Feature","geometry":{"type":"Point","coordinates":[-110.56605,54.57311]},"properties":{"r":222.85,"o":295,"n":"SRL COLD LK 16-29-64-4","u":"04/16-29-064-04W4/0","f":1724,"y":2016,"d":1482}},{"type":"Feature","geometry":{"type":"Point","coordinates":[-111.073,55.53192]},"properties":{"r":135.02,"o":67,"n":"CNRL QQ9P CONKLIN 16-30-75-7","u":"04/16-30-075-07W4/0","f":3346,"y":2017,"d":1567}},{"type":"Feature","geometry":{"type":"Point","coordinates":[-111.40673,56.49237]},"properties":{"r":204.48,"o":34,"n":"ATH AC03P HANGST 16-30-86-9","u":"04/16-30-086-09W4/0","f":5356,"y":2013,"d":1190}},{"type":"Feature","geometry":{"type":"Point","coordinates":[-110.60423,55.63425]},"properties":{"r":1293.35,"o":75,"n":"MEG MH16P HARDY 16-31-76-4","u":"04/16-31-076-04W4/0","f":1892,"y":2024,"d":1645}},{"type":"Feature","geometry":{"type":"Point","coordinates":[-110.54026,55.10799]},"properties":{"r":1230.37,"o":75,"n":"CVE N22P02 FISHER 16-33-70-4","u":"04/16-33-070-04W4/0","f":10927,"y":2022,"d":1685}},{"type":"Feature","geometry":{"type":"Point","coordinates":[-110.31408,54.76372]},"properties":{"r":249.2,"o":67,"n":"CNRL 8A77 PRIMROSE 1-1-67-3","u":"05/01-01-067-03W4/0","f":11042,"y":2007,"d":1601}},{"type":"Feature","geometry":{"type":"Point","coordinates":[-110.84901,56.24707]},"properties":{"r":964.18,"o":85,"n":"COPRC HZ 2622P03 NEWBY 1-3-84-6","u":"05/01-03-084-06W4/0","f":3130,"y":2014,"d":1553}},{"type":"Feature","geometry":{"type":"Point","coordinates":[-110.38461,54.59155]},"properties":{"r":126.47,"o":153,"n":"IMP 01 U01-19 COLDLK 1-4-65-3","u":"05/01-04-065-03W4/0","f":3127,"y":2002,"d":783}},{"type":"Feature","geometry":{"type":"Point","coordinates":[-111.91279,57.0469]},"properties":{"r":409.7,"o":299,"n":"SUNCOR 751P18 DOVER 1-7-93-12","u":"05/01-07-093-12W4/0","f":926,"y":2012,"d":1410}},{"type":"Feature","geometry":{"type":"Point","coordinates":[-110.67294,54.7791]},"properties":{"r":132.65,"o":67,"n":"CNRL 19A43 FSHR CK 1-10-67-5","u":"05/01-10-067-05W4/0","f":11042,"y":2013,"d":2619}},{"type":"Feature","geometry":{"type":"Point","coordinates":[-110.76649,54.69123]},"properties":{"r":170.2,"o":67,"n":"CNRL SC07-05P LEMING 1-12-66-6","u":"05/01-12-066-06W4/0","f":11042,"y":2021,"d":1531}},{"type":"Feature","geometry":{"type":"Point","coordinates":[-110.93862,55.56368]},"properties":{"r":173.49,"o":142,"n":"HARVEST HZ 101P5-1 LEISMER 1-12-76-7","u":"05/01-12-076-07W4/2","f":5421,"y":2012,"d":1355}},{"type":"Feature","geometry":{"type":"Point","coordinates":[-110.79688,56.19038]},"properties":{"r":1271.57,"o":85,"n":"COPRC 2673P01 NEWBY 1-13-83-6","u":"05/01-13-083-06W4/0","f":3130,"y":2022,"d":2114}},{"type":"Feature","geometry":{"type":"Point","coordinates":[-110.9566,56.36366]},"properties":{"r":643.4,"o":80,"n":"NEU CNOOC 16P03 NEWBY 1-13-85-7","u":"05/01-13-085-07W4/0","f":2026,"y":2019,"d":1382}},{"type":"Feature","geometry":{"type":"Point","coordinates":[-110.51757,55.05611]},"properties":{"r":151.04,"o":75,"n":"CVE NP04-1 FISHER 1-15-70-4","u":"05/01-15-070-04W4/0","f":10927,"y":2022,"d":1569}},{"type":"Feature","geometry":{"type":"Point","coordinates":[-111.83705,56.10265]},"properties":{"r":123.43,"o":84,"n":"CLL 104 P06 DIVIDE 1-17-82-12","u":"05/01-17-082-12W4/0","f":3165,"y":2013,"d":1928}},{"type":"Feature","geometry":{"type":"Point","coordinates":[-110.60369,55.66488]},"properties":{"r":361.31,"o":75,"n":"MEG DG16P HARDY 1-18-77-4","u":"05/01-18-077-04W4/0","f":1892,"y":2021,"d":1500}},{"type":"Feature","geometry":{"type":"Point","coordinates":[-110.95509,57.23704]},"properties":{"r":661.2,"o":299,"n":"SUNCOR P114P14 FIREBAG 1-18-95-6","u":"05/01-18-095-06W4/0","f":1149,"y":2013,"d":1631}},{"type":"Feature","geometry":{"type":"Point","coordinates":[-110.40964,54.54563]},"properties":{"r":242.41,"o":153,"n":"IMP 08 T15-H36A COLD LK 12-21-64-3","u":"05/01-20-064-03W4/2","f":3127,"y":2008,"d":1993}},{"type":"Feature","geometry":{"type":"Point","coordinates":[-110.36608,54.80759]},"properties":{"r":207.44,"o":67,"n":"CNRL 9A94 PRIMROSE 1-22-67-3","u":"05/01-22-067-03W4/0","f":11042,"y":2011,"d":1747}},{"type":"Feature","geometry":{"type":"Point","coordinates":[-110.61772,55.07066]},"properties":{"r":546.77,"o":75,"n":"CVE W10P01-1 FISHER 1-24-70-5","u":"05/01-24-070-05W4/2","f":10927,"y":2025,"d":1500}},{"type":"Feature","geometry":{"type":"Point","coordinates":[-114.1573,55.50768]},"properties":{"r":192.87,"o":144,"n":"HWX 102 HZ MARTENH 3-22-75-1","u":"05/01-24-075-02W5/0","f":9573,"y":2025,"d":3161}},{"type":"Feature","geometry":{"type":"Point","coordinates":[-110.34136,54.82382]},"properties":{"r":114.73,"o":67,"n":"CNRL 10A91 PRIMROSE 1-26-67-3","u":"05/01-26-067-03W4/0","f":11042,"y":2011,"d":2476}},{"type":"Feature","geometry":{"type":"Point","coordinates":[-110.98977,55.52051]},"properties":{"r":211.84,"o":67,"n":"CNRL EE5P CONKLIN 1-27-75-7","u":"05/01-27-075-07W4/0","f":5101,"y":2013,"d":1544}},{"type":"Feature","geometry":{"type":"Point","coordinates":[-110.87774,56.2196]},"properties":{"r":177.27,"o":85,"n":"COPRC 2651P04 RESDELN 1-28-83-6","u":"05/01-28-083-06W4/0","f":3130,"y":2021,"d":1997}},{"type":"Feature","geometry":{"type":"Point","coordinates":[-110.39046,55.09796]},"properties":{"r":822.14,"o":75,"n":"CVE E28P05 FISHER 1-33-70-3","u":"05/01-33-070-03W4/2","f":10927,"y":2023,"d":2496}},{"type":"Feature","geometry":{"type":"Point","coordinates":[-110.83548,55.53524]},"properties":{"r":648.96,"o":75,"n":"CVE FCCL J17P01 KIRBY 1-34-75-6","u":"05/01-34-075-06W4/0","f":934,"y":2018,"d":2237}},{"type":"Feature","geometry":{"type":"Point","coordinates":[-111.00857,56.32173]},"properties":{"r":274.0,"o":80,"n":"NEXEN CNOOC K2P16 RESDELN 1-34-84-7","u":"05/01-34-084-07W4/2","f":2026,"y":2013,"d":1106}},{"type":"Feature","geometry":{"type":"Point","coordinates":[-110.32224,54.76372]},"properties":{"r":179.87,"o":67,"n":"CNRL 15A77 PRIMROSE 2-1-67-3","u":"05/02-01-067-03W4/0","f":11042,"y":2007,"d":1817}},{"type":"Feature","geometry":{"type":"Point","coordinates":[-110.34427,54.76377]},"properties":{"r":136.55,"o":67,"n":"CNRL 17A74 PRIMROSE 2-2-67-3","u":"05/02-02-067-03W4/0","f":11042,"y":2008,"d":1960}},{"type":"Feature","geometry":{"type":"Point","coordinates":[-110.58651,55.63602]},"properties":{"r":1148.92,"o":75,"n":"MEG MD5P HARDY 2-5-77-4","u":"05/02-05-077-04W4/0","f":1892,"y":2024,"d":1960}},{"type":"Feature","geometry":{"type":"Point","coordinates":[-110.68939,55.65068]},"properties":{"r":164.96,"o":75,"n":"MEG M5P HARDY 2-10-77-5","u":"05/02-10-077-05W4/0","f":1892,"y":2011,"d":1541}},{"type":"Feature","geometry":{"type":"Point","coordinates":[-114.11732,55.49096]},"properties":{"r":151.69,"o":144,"n":"HWX 105 HZ MARTENH 2-17-75-1","u":"05/02-17-075-01W5/0","f":9573,"y":2025,"d":2117}},{"type":"Feature","geometry":{"type":"Point","coordinates":[-111.89249,57.06137]},"properties":{"r":1293.98,"o":299,"n":"SUNCOR P826P1 DOVER 2-17-93-12","u":"05/02-17-093-12W4/0","f":926,"y":2023,"d":1735}},{"type":"Feature","geometry":{"type":"Point","coordinates":[-111.09743,57.25031]},"properties":{"r":238.49,"o":75,"n":"HUSKY B 8-17 P2-1 STEEPBK 2-20-95-7","u":"05/02-20-095-07W4/3","f":5519,"y":2021,"d":1201}},{"type":"Feature","geometry":{"type":"Point","coordinates":[-110.99093,56.205]},"properties":{"r":525.85,"o":85,"n":"COPRC 101P05 HZ RESDELN 2-23-83-7","u":"05/02-23-083-07W4/0","f":3130,"y":2008,"d":1483}},{"type":"Feature","geometry":{"type":"Point","coordinates":[-110.34715,54.82382]},"properties":{"r":164.81,"o":67,"n":"CNRL 6A92 PRIMROSE 2-26-67-3","u":"05/02-26-067-03W4/0","f":11042,"y":2011,"d":1876}},{"type":"Feature","geometry":{"type":"Point","coordinates":[-111.0726,57.26581]},"properties":{"r":238.09,"o":75,"n":"HUSKY B6-21 P7 STEEPBK 2-28-95-7","u":"05/02-28-095-07W4/0","f":5519,"y":2015,"d":1391}},{"type":"Feature","geometry":{"type":"Point","coordinates":[-111.4138,56.49435]},"properties":{"r":196.49,"o":34,"n":"ATH AB04P HANGST 2-31-86-9","u":"05/02-31-086-09W4/0","f":5356,"y":2013,"d":1108}},{"type":"Feature","geometry":{"type":"Point","coordinates":[-110.52789,54.67865]},"properties":{"r":100.89,"o":153,"n":"IMP 95 H27-21 COLDLK 3-3-66-4","u":"05/03-03-066-04W4/0","f":295,"y":1995,"d":476}},{"type":"Feature","geometry":{"type":"Point","coordinates":[-110.88775,57.20971]},"properties":{"r":624.66,"o":299,"n":"SUNCOR P105N18 FIREBAG 3-3-95-6","u":"05/03-03-095-06W4/0","f":1149,"y":2017,"d":1653}},{"type":"Feature","geometry":{"type":"Point","coordinates":[-111.92713,57.03388]},"properties":{"r":213.48,"o":299,"n":"SUNCOR P751P11 DOVER 3-6-93-12","u":"05/03-06-093-12W4/0","f":926,"y":2013,"d":1404}},{"type":"Feature","geometry":{"type":"Point","coordinates":[-111.90079,57.04709]},"properties":{"r":438.46,"o":299,"n":"PC NN(P) - 5 DOVER 3-8-93-12","u":"05/03-08-093-12W4/0","f":926,"y":2007,"d":1325}},{"type":"Feature","geometry":{"type":"Point","coordinates":[-110.91531,57.2225]},"properties":{"r":998.28,"o":299,"n":"SUNCOR P117P15 FIREBAG 3-9-95-6","u":"05/03-09-095-06W4/0","f":1149,"y":2021,"d":1394}},{"type":"Feature","geometry":{"type":"Point","coordinates":[-110.53285,54.86751]},"properties":{"r":176.55,"o":67,"n":"CNRL 13A58 PRIMROSE 3-10-68-4","u":"05/03-10-068-04W4/0","f":11042,"y":2008,"d":1985}},{"type":"Feature","geometry":{"type":"Point","coordinates":[-112.0966,56.79912]},"properties":{"r":211.82,"o":233,"n":"MACOP AD03P CRKD RPS 3-13-90-14","u":"05/03-13-090-14W4/0","f":6448,"y":2013,"d":1337}},{"type":"Feature","geometry":{"type":"Point","coordinates":[-110.88691,57.23707]},"properties":{"r":1012.66,"o":299,"n":"SUNCOR P131P4 FIREBAG 3-15-95-6","u":"05/03-15-095-06W4/0","f":1149,"y":2020,"d":1798}},{"type":"Feature","geometry":{"type":"Point","coordinates":[-111.87185,57.06325]},"properties":{"r":124.75,"o":299,"n":"PC QQ(P)-11 DOVER 3-16-93-12","u":"05/03-16-093-12W4/0","f":926,"y":2009,"d":1153}},{"type":"Feature","geometry":{"type":"Point","coordinates":[-110.91855,57.23654]},"properties":{"r":1116.84,"o":299,"n":"SUNCOR P121P13B FIREBAG 3-16-95-6","u":"05/03-16-095-06W4/2","f":1149,"y":2018,"d":1607}},{"type":"Feature","geometry":{"type":"Point","coordinates":[-110.61545,55.66467]},"properties":{"r":272.18,"o":75,"n":"MEG DC4P HARDY 3-18-77-4","u":"05/03-18-077-04W4/0","f":1892,"y":2018,"d":1418}},{"type":"Feature","geometry":{"type":"Point","coordinates":[-110.45513,55.07013]},"properties":{"r":165.95,"o":75,"n":"CVE E02W05-1 FISHER 3-19-70-3","u":"05/03-19-070-03W4/0","f":10927,"y":2025,"d":2252}},{"type":"Feature","geometry":{"type":"Point","coordinates":[-110.37559,54.80697]},"properties":{"r":223.79,"o":67,"n":"CNRL 14A95 PRIMROSE 3-22-67-3","u":"05/03-22-067-03W4/0","f":11042,"y":2011,"d":1961}},{"type":"Feature","geometry":{"type":"Point","coordinates":[-114.07169,55.50565]},"properties":{"r":142.4,"o":144,"n":"HWX 105 HZ MARTENH 3-22-75-1","u":"05/03-22-075-01W5/0","f":9573,"y":2025,"d":3224}},{"type":"Feature","geometry":{"type":"Point","coordinates":[-111.76993,56.11765]},"properties":{"r":402.51,"o":84,"n":"CLC 232 P01 DIVIDE 3-23-82-12","u":"05/03-23-082-12W4/0","f":3166,"y":2024,"d":2170}},{"type":"Feature","geometry":{"type":"Point","coordinates":[-111.60419,56.29045]},"properties":{"r":391.77,"o":136,"n":"GROC W06-P02 HANGSTN 3-24-84-11","u":"05/03-24-084-11W4/0","f":4543,"y":2014,"d":1361}},{"type":"Feature","geometry":{"type":"Point","coordinates":[-110.99637,56.21909]},"properties":{"r":1510.1,"o":85,"n":"COPRC 104WP08 RSDLN 3-26-83-7","u":"05/03-26-083-07W4/0","f":3130,"y":2024,"d":1943}},{"type":"Feature","geometry":{"type":"Point","coordinates":[-110.45314,54.57656]},"properties":{"r":392.02,"o":153,"n":"IMP 21 E12-H09 ETHELLK 3-31-64-3","u":"05/03-31-064-03W4/0","f":294,"y":2022,"d":1783}},{"type":"Feature","geometry":{"type":"Point","coordinates":[-110.71868,55.62175]},"properties":{"r":856.36,"o":75,"n":"MEG P12P HARDY 3-33-76-5","u":"05/03-33-076-05W4/0","f":1892,"y":2018,"d":2007}},{"type":"Feature","geometry":{"type":"Point","coordinates":[-110.62012,54.31403]},"properties":{"r":180.5,"o":66,"n":"CALTEX TRILOGY 105 FT KENT 3-36-61-5","u":"05/03-36-061-05W4/0","f":10655,"y":2025,"d":1547}},{"type":"Feature","geometry":{"type":"Point","coordinates":[-110.33406,54.76376]},"properties":{"r":296.59,"o":67,"n":"CNRL 6A74 PRIMROSE 4-1-67-3","u":"05/04-01-067-03W4/0","f":11042,"y":2008,"d":1746}},{"type":"Feature","geometry":{"type":"Point","coordinates":[-112.66835,55.63625]},"properties":{"r":179.55,"o":160,"n":"IPCCAN A13PN PORTAGE 4-1-77-18","u":"05/04-01-077-18W4/0","f":10595,"y":2024,"d":1931}},{"type":"Feature","geometry":{"type":"Point","coordinates":[-110.35479,54.58961]},"properties":{"r":107.79,"o":153,"n":"IMP 06 U09-03 COLD LK 4-2-65-3","u":"05/04-02-065-03W4/0","f":3127,"y":2006,"d":718}},{"type":"Feature","geometry":{"type":"Point","coordinates":[-110.58962,54.93814]},"properties":{"r":457.73,"o":67,"n":"CNRL 0A160 FISHER 4-5-69-4","u":"05/04-05-069-04W4/0","f":11042,"y":2022,"d":3304}},{"type":"Feature","geometry":{"type":"Point","coordinates":[-111.21664,55.46323]},"properties":{"r":119.36,"o":67,"n":"CNRL KN05-10P DEVENISH 4-5-75-8","u":"05/04-05-075-08W4/0","f":5737,"y":2018,"d":1581}},{"type":"Feature","geometry":{"type":"Point","coordinates":[-114.15565,55.47874]},"properties":{"r":160.58,"o":144,"n":"HWX 105 HZ MARTENH 4-7-75-1","u":"05/04-07-075-01W5/0","f":9573,"y":2026,"d":2610}},{"type":"Feature","geometry":{"type":"Point","coordinates":[-110.94948,56.17596]},"properties":{"r":236.04,"o":85,"n":"COPRC 102P09 HZ RESDELN 4-7-83-6","u":"05/04-07-083-06W4/0","f":3130,"y":2008,"d":1694}},{"type":"Feature","geometry":{"type":"Point","coordinates":[-110.53052,54.69021]},"properties":{"r":112.76,"o":153,"n":"IMP 03 H47-22 COLD LK 4-10-66-4","u":"05/04-10-066-04W4/0","f":295,"y":2004,"d":733}},{"type":"Feature","geometry":{"type":"Point","coordinates":[-110.92527,57.23758]},"properties":{"r":894.6,"o":299,"n":"SUNCOR P121P17 FIREBAG 4-16-95-6","u":"05/04-16-095-06W4/0","f":1149,"y":2018,"d":1784}},{"type":"Feature","geometry":{"type":"Point","coordinates":[-110.46088,55.05471]},"properties":{"r":426.49,"o":75,"n":"CVE E03P05-1 FISHER 4-18-70-3","u":"05/04-18-070-03W4/2","f":10927,"y":2019,"d":1301}},{"type":"Feature","geometry":{"type":"Point","coordinates":[-110.71112,55.06932]},"properties":{"r":574.7,"o":75,"n":"CVE FCCL W29P06 FISHER 4-21-70-5","u":"05/04-21-070-05W4/0","f":10927,"y":2018,"d":2131}},{"type":"Feature","geometry":{"type":"Point","coordinates":[-110.88486,55.59401]},"properties":{"r":1126.06,"o":75,"n":"CVE M01P05 LEISMER 4-21-76-6","u":"05/04-21-076-06W4/2","f":934,"y":2023,"d":1865}},{"type":"Feature","geometry":{"type":"Point","coordinates":[-110.89396,57.25027]},"properties":{"r":324.55,"o":299,"n":"SUNCOR P121P5 FIREBAG 4-22-95-6","u":"05/04-22-095-06W4/0","f":1149,"y":2018,"d":1799}},{"type":"Feature","geometry":{"type":"Point","coordinates":[-111.00073,56.21792]},"properties":{"r":3028.62,"o":85,"n":"COPRC 104WP04 RSDLN 4-26-83-7","u":"05/04-26-083-07W4/0","f":3130,"y":2024,"d":2096}},{"type":"Feature","geometry":{"type":"Point","coordinates":[-110.87112,56.21812]},"properties":{"r":192.2,"o":85,"n":"COPRC 2641P03STRD NEWBY 4-27-83-6","u":"05/04-27-083-06W4/3","f":3130,"y":2013,"d":1602}},{"type":"Feature","geometry":{"type":"Point","coordinates":[-110.56184,54.83837]},"properties":{"r":259.87,"o":67,"n":"CNRL 12A23 PRIMROSE 4-33-67-4","u":"05/04-33-067-04W4/0","f":11042,"y":2010,"d":2305}},{"type":"Feature","geometry":{"type":"Point","coordinates":[-110.56028,54.92305]},"properties":{"r":130.41,"o":67,"n":"CNRL 4B72 PRIMROSE 4-33-68-4","u":"05/04-33-068-04W4/0","f":11042,"y":2018,"d":2945}},{"type":"Feature","geometry":{"type":"Point","coordinates":[-110.532,54.66394]},"properties":{"r":121.73,"o":153,"n":"IMP 03 H42-13 HZ COLD LK 4-34-65-4","u":"05/04-34-065-04W4/0","f":295,"y":2004,"d":1054}},{"type":"Feature","geometry":{"type":"Point","coordinates":[-111.10857,55.36185]},"properties":{"r":728.86,"o":67,"n":"CNRL KS21-09P KIRBY 4-36-73-8","u":"05/04-36-073-08W4/0","f":3534,"y":2022,"d":1770}},{"type":"Feature","geometry":{"type":"Point","coordinates":[-110.80218,55.55483]},"properties":{"r":362.19,"o":75,"n":"CVE B17P02 KIRBY 5-1-76-6","u":"05/05-01-076-06W4/2","f":934,"y":2019,"d":2006}},{"type":"Feature","geometry":{"type":"Point","coordinates":[-110.87134,56.25226]},"properties":{"r":764.32,"o":85,"n":"COPRC HZ 2621P11 NEWBY 5-3-84-6","u":"05/05-03-084-06W4/0","f":3130,"y":2014,"d":1600}},{"type":"Feature","geometry":{"type":"Point","coordinates":[-110.58963,54.94297]},"properties":{"r":414.25,"o":67,"n":"CNRL 9A160 FISHER 5-5-69-4","u":"05/05-05-069-04W4/0","f":11042,"y":2022,"d":2881}},{"type":"Feature","geometry":{"type":"Point","coordinates":[-110.60393,54.34529]},"properties":{"r":152.67,"o":66,"n":"CALTEX TRILOGY 105 FT KENT 5-7-62-4","u":"05/05-07-062-04W4/0","f":9817,"y":2025,"d":2068}},{"type":"Feature","geometry":{"type":"Point","coordinates":[-114.15571,55.48128]},"properties":{"r":271.07,"o":144,"n":"HWX 105 HZ MARTENH 5-7-75-1","u":"05/05-07-075-01W5/0","f":9573,"y":2025,"d":2498}},{"type":"Feature","geometry":{"type":"Point","coordinates":[-110.9801,57.22623]},"properties":{"r":1243.22,"o":299,"n":"SUNCOR P111P12 FIREBAG 5-7-95-6","u":"05/05-07-095-06W4/0","f":1149,"y":2019,"d":1564}},{"type":"Feature","geometry":{"type":"Point","coordinates":[-110.58961,54.95699]},"properties":{"r":162.3,"o":67,"n":"CNRL 10A161 FISHER 5-8-69-4","u":"05/05-08-069-04W4/0","f":11042,"y":2022,"d":2686}},{"type":"Feature","geometry":{"type":"Point","coordinates":[-110.64865,55.65402]},"properties":{"r":356.34,"o":75,"n":"MEG DE5P HARDY 5-12-77-5","u":"05/05-12-077-05W4/0","f":1892,"y":2018,"d":1935}},{"type":"Feature","geometry":{"type":"Point","coordinates":[-110.4871,54.88538]},"properties":{"r":128.54,"o":67,"n":"CNRL 18A67 PRIMROSE 5-13-68-4","u":"05/05-13-068-04W4/0","f":11042,"y":2009,"d":2518}},{"type":"Feature","geometry":{"type":"Point","coordinates":[-110.9786,56.36711]},"properties":{"r":634.26,"o":80,"n":"NEU CNOOC 17P04 NEWBY 5-13-85-7","u":"05/05-13-085-07W4/0","f":2026,"y":2019,"d":1220}},{"type":"Feature","geometry":{"type":"Point","coordinates":[-110.43261,54.53435]},"properties":{"r":283.4,"o":295,"n":"OPC P204-P8 COLD LK 5-17-64-3","u":"05/05-17-064-03W4/0","f":2122,"y":2017,"d":1916}},{"type":"Feature","geometry":{"type":"Point","coordinates":[-110.81267,57.24128]},"properties":{"r":719.8,"o":299,"n":"SUNCOR P109P15 FIREBAG 5-18-95-5","u":"05/05-18-095-05W4/0","f":1149,"y":2013,"d":1726}},{"type":"Feature","geometry":{"type":"Point","coordinates":[-113.80037,55.42176]},"properties":{"r":135.65,"o":144,"n":"HWX 6-22 HZ 105 MARTENH 5-21-74-25","u":"05/05-21-074-25W4/0","f":8565,"y":2022,"d":2667}},{"type":"Feature","geometry":{"type":"Point","coordinates":[-111.08705,57.25601]},"properties":{"r":800.36,"o":75,"n":"CVE HA02-1 STEEPBK 5-21-95-7","u":"05/05-21-095-07W4/0","f":5519,"y":2022,"d":1842}},{"type":"Feature","geometry":{"type":"Point","coordinates":[-110.38661,54.80992]},"properties":{"r":106.78,"o":67,"n":"CNRL 20A93 PRIMROSE 5-22-67-3","u":"05/05-22-067-03W4/0","f":11042,"y":2011,"d":2671}},{"type":"Feature","geometry":{"type":"Point","coordinates":[-110.84541,56.20758]},"properties":{"r":755.99,"o":85,"n":"COPRC 2652P08STRD NEWBY 5-23-83-6","u":"05/05-23-083-06W4/2","f":3130,"y":2014,"d":1550}},{"type":"Feature","geometry":{"type":"Point","coordinates":[-112.12653,56.81715]},"properties":{"r":263.08,"o":233,"n":"MACOP AC01P ELLS 5-23-90-14","u":"05/05-23-090-14W4/0","f":6448,"y":2014,"d":1292}},{"type":"Feature","geometry":{"type":"Point","coordinates":[-110.63862,55.07501]},"properties":{"r":703.95,"o":75,"n":"CVE W09P02 FISHER 5-24-70-5","u":"05/05-24-070-05W4/0","f":10927,"y":2023,"d":2082}},{"type":"Feature","geometry":{"type":"Point","coordinates":[-110.59879,54.04033]},"properties":{"r":283.23,"o":295,"n":"STRATHCONA D02-INF9 LIND 5-30-58-4","u":"05/05-30-058-04W4/0","f":5610,"y":2021,"d":1725}},{"type":"Feature","geometry":{"type":"Point","coordinates":[-110.58642,55.1014]},"properties":{"r":404.33,"o":75,"n":"CVE N11P03 FISHER 5-32-70-4","u":"05/05-32-070-04W4/0","f":10927,"y":2021,"d":2624}},{"type":"Feature","geometry":{"type":"Point","coordinates":[-110.94397,57.19584]},"properties":{"r":580.76,"o":299,"n":"SUNCOR P119P2 FIREBAG 5-32-94-6","u":"05/05-32-094-06W4/0","f":1149,"y":2022,"d":1824}},{"type":"Feature","geometry":{"type":"Point","coordinates":[-110.56178,54.8412]},"properties":{"r":265.47,"o":67,"n":"CNRL 16A23 PRIMROSE 5-33-67-4","u":"05/05-33-067-04W4/0","f":11042,"y":2010,"d":2580}},{"type":"Feature","geometry":{"type":"Point","coordinates":[-111.10857,55.36315]},"properties":{"r":260.13,"o":67,"n":"CNRL KS21-02P KIRBY 5-36-73-8","u":"05/05-36-073-08W4/0","f":3534,"y":2022,"d":1980}},{"type":"Feature","geometry":{"type":"Point","coordinates":[-111.11249,55.53795]},"properties":{"r":1792.28,"o":67,"n":"CNRL XX2P DEVENISH 5-36-75-8","u":"05/05-36-075-08W4/0","f":3346,"y":2022,"d":2470}},{"type":"Feature","geometry":{"type":"Point","coordinates":[-110.34911,54.59211]},"properties":{"r":106.07,"o":153,"n":"IMP 13 HZ V28-H02 COLD LK 6-2-65-3","u":"05/06-02-065-03W4/0","f":3127,"y":2014,"d":1532}},{"type":"Feature","geometry":{"type":"Point","coordinates":[-110.82632,55.64143]},"properties":{"r":3709.2,"o":75,"n":"CVE X06P05 HARDY 6-2-77-6","u":"05/06-02-077-06W4/3","f":934,"y":2023,"d":2396}},{"type":"Feature","geometry":{"type":"Point","coordinates":[-110.86129,57.21187]},"properties":{"r":1744.54,"o":299,"n":"SUNCOR P4P6B FIREBAG 6-2-95-6","u":"05/06-02-095-06W4/3","f":1149,"y":2004,"d":1501}},{"type":"Feature","geometry":{"type":"Point","coordinates":[-110.89884,55.55398]},"properties":{"r":200.46,"o":67,"n":"CNRL J4P RE LEISMER 6-5-76-6","u":"05/06-05-076-06W4/3","f":2037,"y":2012,"d":1570}},{"type":"Feature","geometry":{"type":"Point","coordinates":[-111.56088,55.82828]},"properties":{"r":882.58,"o":34,"n":"ATH L8P5 LEISMER 6-7-79-10","u":"05/06-07-079-10W4/0","f":2782,"y":2021,"d":1991}},{"type":"Feature","geometry":{"type":"Point","coordinates":[-110.58977,55.65429]},"properties":{"r":1315.3,"o":75,"n":"MEG MC6P HARDY 6-8-77-4","u":"05/06-08-077-04W4/0","f":1892,"y":2023,"d":2121}},{"type":"Feature","geometry":{"type":"Point","coordinates":[-111.90241,57.05335]},"properties":{"r":136.74,"o":299,"n":"PC NN(P)-13 DOVER 6-8-93-12","u":"05/06-08-093-12W4/0","f":926,"y":2009,"d":1137}},{"type":"Feature","geometry":{"type":"Point","coordinates":[-110.56337,55.1316]},"properties":{"r":1063.31,"o":75,"n":"CVE N27P02 FISHER 6-9-71-4","u":"05/06-09-071-04W4/0","f":10927,"y":2024,"d":2085}},{"type":"Feature","geometry":{"type":"Point","coordinates":[-114.07181,55.48072]},"properties":{"r":175.93,"o":144,"n":"HWX 105 HZ MARTENH 6-10-75-1","u":"05/06-10-075-01W5/0","f":9573,"y":2025,"d":2985}},{"type":"Feature","geometry":{"type":"Point","coordinates":[-110.83899,57.22731]},"properties":{"r":526.08,"o":299,"n":"SUNCOR SAGD P2N2 FIREBAG  6-12-95-6","u":"05/06-12-095-06W4/0","f":1149,"y":2010,"d":1551}},{"type":"Feature","geometry":{"type":"Point","coordinates":[-110.99792,57.23968]},"properties":{"r":406.26,"o":75,"n":"CVE V01P06 STEEPBK 6-13-95-7","u":"05/06-13-095-07W4/0","f":5519,"y":2024,"d":1927}},{"type":"Feature","geometry":{"type":"Point","coordinates":[-110.55282,54.8841]},"properties":{"r":121.85,"o":67,"n":"CNRL 16A59 PRIMROSE 6-16-68-4","u":"05/06-16-068-04W4/0","f":11042,"y":2008,"d":2190}},{"type":"Feature","geometry":{"type":"Point","coordinates":[-110.83704,56.20893]},"properties":{"r":688.96,"o":85,"n":"COPRC 2671P06 NEWBY 6-23-83-6","u":"05/06-23-083-06W4/0","f":3130,"y":2022,"d":1835}},{"type":"Feature","geometry":{"type":"Point","coordinates":[-110.84064,56.22259]},"properties":{"r":1454.89,"o":85,"n":"COPRC HZ 2632P07 NEWBY 6-26-83-6","u":"05/06-26-083-06W4/0","f":3130,"y":2012,"d":1623}},{"type":"Feature","geometry":{"type":"Point","coordinates":[-110.99372,56.30935]},"properties":{"r":291.62,"o":80,"n":"NEXEN CNOOC K2P07 RESDELN 6-26-84-7","u":"05/06-26-084-07W4/0","f":2026,"y":2013,"d":1130}},{"type":"Feature","geometry":{"type":"Point","coordinates":[-110.86327,56.22101]},"properties":{"r":1528.04,"o":85,"n":"COPRC 2641P09STRD NEWBY 6-27-83-6","u":"05/06-27-083-06W4/2","f":3130,"y":2013,"d":1542}},{"type":"Feature","geometry":{"type":"Point","coordinates":[-110.74352,55.62492]},"properties":{"r":148.98,"o":75,"n":"MEG AT5N HARDY 6-32-76-5","u":"05/06-32-076-05W4/2","f":1892,"y":2023,"d":2261}},{"type":"Feature","geometry":{"type":"Point","coordinates":[-110.93685,57.198]},"properties":{"r":988.3,"o":299,"n":"SUNCOR P119P7 FIREBAG  6-32-94-6","u":"05/06-32-094-06W4/0","f":1149,"y":2022,"d":1561}},{"type":"Feature","geometry":{"type":"Point","coordinates":[-111.10991,55.54038]},"properties":{"r":1788.15,"o":67,"n":"CNRL XX6P DEVENISH 6-36-75-8","u":"05/06-36-075-08W4/0","f":3346,"y":2022,"d":2241}},{"type":"Feature","geometry":{"type":"Point","coordinates":[-110.34349,54.59172]},"properties":{"r":110.72,"o":153,"n":"IMP 13 HZ V28-H04 COLD LK 7-2-65-3","u":"05/07-02-065-03W4/0","f":3127,"y":2014,"d":1643}},{"type":"Feature","geometry":{"type":"Point","coordinates":[-110.84588,55.55206]},"properties":{"r":515.49,"o":75,"n":"CVE FCCL G11P09 KIRBY 7-3-76-6","u":"05/07-03-076-06W4/0","f":934,"y":2017,"d":1570}},{"type":"Feature","geometry":{"type":"Point","coordinates":[-110.57992,55.1173]},"properties":{"r":833.69,"o":75,"n":"CVE N23P06 FISHER 7-5-71-4","u":"05/07-05-071-04W4/0","f":10927,"y":2023,"d":1931}},{"type":"Feature","geometry":{"type":"Point","coordinates":[-110.6898,55.65422]},"properties":{"r":102.38,"o":75,"n":"MEG M9PR HARDY 7-10-77-5","u":"05/07-10-077-05W4/0","f":1892,"y":2015,"d":1686}},{"type":"Feature","geometry":{"type":"Point","coordinates":[-110.85424,57.22737]},"properties":{"r":356.07,"o":299,"n":"SUNCOR SAGD P7P5 FIREBAG 7-11-95-6","u":"05/07-11-095-06W4/0","f":1149,"y":2006,"d":1534}},{"type":"Feature","geometry":{"type":"Point","coordinates":[-110.77036,54.69431]},"properties":{"r":313.48,"o":67,"n":"CNRL SC07-12P LEMING 7-12-66-6","u":"05/07-12-066-06W4/0","f":11042,"y":2024,"d":1429}},{"type":"Feature","geometry":{"type":"Point","coordinates":[-110.63584,54.00994]},"properties":{"r":850.93,"o":295,"n":"SRL D01W-P15 LIND 7-14-58-5","u":"05/07-14-058-05W4/0","f":5610,"y":2025,"d":1987}},{"type":"Feature","geometry":{"type":"Point","coordinates":[-110.41614,54.53401]},"properties":{"r":335.12,"o":295,"n":"OPC P206-P9 COLD LK 7-17-64-3","u":"05/07-17-064-03W4/0","f":2122,"y":2018,"d":1675}},{"type":"Feature","geometry":{"type":"Point","coordinates":[-111.09815,57.25655]},"properties":{"r":177.37,"o":75,"n":"HUSKY B 16-17 P2 STEEPBK 7-20-95-7","u":"05/07-20-095-07W4/0","f":5519,"y":2012,"d":1121}},{"type":"Feature","geometry":{"type":"Point","coordinates":[-110.39475,55.07387]},"properties":{"r":978.8,"o":75,"n":"CVE E23P02 FISHER 7-21-70-3","u":"05/07-21-070-03W4/2","f":10927,"y":2023,"d":1884}},{"type":"Feature","geometry":{"type":"Point","coordinates":[-111.01389,55.33491]},"properties":{"r":223.58,"o":67,"n":"CNRL B 0P KIRBY 7-21-73-7","u":"05/07-21-073-07W4/0","f":3534,"y":2023,"d":2147}},{"type":"Feature","geometry":{"type":"Point","coordinates":[-110.8171,55.61314]},"properties":{"r":837.78,"o":75,"n":"CVE L04P05 LEISMER 7-26-76-6","u":"05/07-26-076-06W4/0","f":934,"y":2022,"d":2620}},{"type":"Feature","geometry":{"type":"Point","coordinates":[-110.989,56.30992]},"properties":{"r":157.52,"o":80,"n":"NEXEN CNOOC K2P20 RESDELN 7-26-84-7","u":"05/07-26-084-07W4/0","f":2026,"y":2013,"d":1172}},{"type":"Feature","geometry":{"type":"Point","coordinates":[-111.07925,55.52544]},"properties":{"r":166.13,"o":67,"n":"CNRL PP1P CONKLIN 7-30-75-7","u":"05/07-30-075-07W4/0","f":3346,"y":2014,"d":1970}},{"type":"Feature","geometry":{"type":"Point","coordinates":[-110.44525,54.57754]},"properties":{"r":103.49,"o":153,"n":"IMP 99 Y36-17 COLDLK 7-31-64-3","u":"05/07-31-064-03W4/0","f":3127,"y":2000,"d":592}},{"type":"Feature","geometry":{"type":"Point","coordinates":[-110.56675,54.57974]},"properties":{"r":174.98,"o":295,"n":"SRL COLD LK 7-32-64-4","u":"05/07-32-064-04W4/0","f":1724,"y":2005,"d":1431}},{"type":"Feature","geometry":{"type":"Point","coordinates":[-110.60785,54.05419]},"properties":{"r":168.67,"o":295,"n":"SRL D08-P5 MURIELLK 7-36-58-5","u":"05/07-36-058-05W4/0","f":5610,"y":2022,"d":2250}},{"type":"Feature","geometry":{"type":"Point","coordinates":[-110.82157,57.1958]},"properties":{"r":403.78,"o":299,"n":"SUNCOR P118P10 FIREBAG 7-36-94-6","u":"05/07-36-094-06W4/0","f":1149,"y":2015,"d":1710}},{"type":"Feature","geometry":{"type":"Point","coordinates":[-110.95426,56.42806]},"properties":{"r":161.67,"o":80,"n":"NEXEN OPTI 10P13 NEWBY 8-1-86-7","u":"05/08-01-086-07W4/0","f":2026,"y":2005,"d":1594}},{"type":"Feature","geometry":{"type":"Point","coordinates":[-111.27678,55.46733]},"properties":{"r":611.68,"o":67,"n":"CNRL KN06-07P DEVENISH 8-2-75-9","u":"05/08-02-075-09W4/0","f":5737,"y":2022,"d":2138}},{"type":"Feature","geometry":{"type":"Point","coordinates":[-110.87741,56.25214]},"properties":{"r":315.71,"o":85,"n":"COPRC HZ 2621P07 NEWBY 8-4-84-6","u":"05/08-04-084-06W4/0","f":3130,"y":2014,"d":1670}},{"type":"Feature","geometry":{"type":"Point","coordinates":[-110.75782,55.55189]},"properties":{"r":695.46,"o":75,"n":"CVE B23P06 KIRBY 8-6-76-5","u":"05/08-06-076-05W4/0","f":934,"y":2018,"d":2055}},{"type":"Feature","geometry":{"type":"Point","coordinates":[-111.86269,57.05308]},"properties":{"r":114.41,"o":299,"n":"SUNCOR E2PB DOVER 8-9-93-12","u":"05/08-09-093-12W4/3","f":926,"y":2005,"d":1185}},{"type":"Feature","geometry":{"type":"Point","coordinates":[-110.90557,57.2248]},"properties":{"r":637.47,"o":299,"n":"SUNCOR SAGD P115P7 FIREBAG  8-9-95-6","u":"05/08-09-095-06W4/0","f":1149,"y":2011,"d":1588}},{"type":"Feature","geometry":{"type":"Point","coordinates":[-110.51178,54.6091]},"properties":{"r":126.72,"o":153,"n":"ESSO 87 D9-5 COLDLK 8-10-65-4","u":"05/08-10-065-04W4/0","f":295,"y":1987,"d":606}},{"type":"Feature","geometry":{"type":"Point","coordinates":[-110.82569,57.22732]},"properties":{"r":857.49,"o":299,"n":"SUNCOR SAGD P1N2 FIREBAG  8-12-95-6","u":"05/08-12-095-06W4/0","f":1149,"y":2010,"d":1503}},{"type":"Feature","geometry":{"type":"Point","coordinates":[-110.86117,55.58376]},"properties":{"r":1505.95,"o":75,"n":"CVE G05P02 LEISMER 8-16-76-6","u":"05/08-16-076-06W4/0","f":934,"y":2021,"d":3015}},{"type":"Feature","geometry":{"type":"Point","coordinates":[-110.96089,57.2401]},"properties":{"r":1288.93,"o":299,"n":"SUNCOR P128P5 FIREBAG 8-18-95-6","u":"05/08-18-095-06W4/0","f":1149,"y":2022,"d":1538}},{"type":"Feature","geometry":{"type":"Point","coordinates":[-110.43835,55.07384]},"properties":{"r":1184.75,"o":75,"n":"CVE E05P02 FISHER 8-19-70-3","u":"05/08-19-070-03W4/0","f":10927,"y":2024,"d":2606}},{"type":"Feature","geometry":{"type":"Point","coordinates":[-110.56397,54.55109]},"properties":{"r":748.57,"o":295,"n":"SRL CS5P TUCKLK 8-20-64-4","u":"05/08-20-064-04W4/0","f":1724,"y":2024,"d":2295}},{"type":"Feature","geometry":{"type":"Point","coordinates":[-110.88786,55.59775]},"properties":{"r":1850.02,"o":75,"n":"CVE M01P02-1 LEISMER 8-20-76-6","u":"05/08-20-076-06W4/0","f":934,"y":2025,"d":2426}},{"type":"Feature","geometry":{"type":"Point","coordinates":[-111.66708,56.29651]},"properties":{"r":120.34,"o":136,"n":"GROC HE W2-P4 RF2 HANGSTN 8-21-84-11","u":"05/08-21-084-11W4/3","f":4543,"y":2014,"d":2318}},{"type":"Feature","geometry":{"type":"Point","coordinates":[-110.49221,54.81285]},"properties":{"r":138.12,"o":67,"n":"CNRL 18C28N PRIMROSE 8-23-67-4","u":"05/08-23-067-04W4/0","f":11042,"y":2007,"d":1948}},{"type":"Feature","geometry":{"type":"Point","coordinates":[-110.59936,54.04032]},"properties":{"r":121.9,"o":295,"n":"PENGROWTH D02-P8 LNDBRGH 8-25-58-5","u":"05/08-25-058-05W4/2","f":5610,"y":2014,"d":1692}},{"type":"Feature","geometry":{"type":"Point","coordinates":[-110.94153,55.52278]},"properties":{"r":121.48,"o":67,"n":"CNRL VV8P CONKLIN 8-25-75-7","u":"05/08-25-075-07W4/0","f":5101,"y":2013,"d":1641}},{"type":"Feature","geometry":{"type":"Point","coordinates":[-110.98963,55.52349]},"properties":{"r":190.2,"o":67,"n":"CNRL EE1P RD CONKLIN 8-27-75-7","u":"05/08-27-075-07W4/0","f":5101,"y":2025,"d":1655}},{"type":"Feature","geometry":{"type":"Point","coordinates":[-110.72288,55.08662]},"properties":{"r":250.84,"o":75,"n":"CVE W24P03 FISHER 8-29-70-5","u":"05/08-29-070-05W4/2","f":10927,"y":2025,"d":1839}},{"type":"Feature","geometry":{"type":"Point","coordinates":[-110.90596,56.39769]},"properties":{"r":118.0,"o":80,"n":"NEXEN CNOOC 15P05 NEWBY 8-29-85-6","u":"05/08-29-085-06W4/0","f":2026,"y":2012,"d":993}},{"type":"Feature","geometry":{"type":"Point","coordinates":[-110.92314,57.18408]},"properties":{"r":1088.49,"o":299,"n":"SUNCOR P126P5 FIREBAG 8-29-94-6","u":"05/08-29-094-06W4/0","f":1149,"y":2021,"d":1647}},{"type":"Feature","geometry":{"type":"Point","coordinates":[-110.516,54.66596]},"properties":{"r":265.09,"o":153,"n":"IMP 93 H22-15 COLDLK 8-34-65-4","u":"05/08-34-065-04W4/0","f":295,"y":1994,"d":528}},{"type":"Feature","geometry":{"type":"Point","coordinates":[-110.62064,54.92756]},"properties":{"r":384.96,"o":67,"n":"CNRL 5C71 FISHER 8-36-68-5","u":"05/08-36-068-05W4/0","f":11042,"y":2023,"d":3051}},{"type":"Feature","geometry":{"type":"Point","coordinates":[-110.78701,55.47093]},"properties":{"r":3182.01,"o":67,"n":"CNRL PK101-06P KIRBY 9-1-75-6","u":"05/09-01-075-06W4/0","f":5101,"y":2024,"d":2178}},{"type":"Feature","geometry":{"type":"Point","coordinates":[-110.34039,54.77204]},"properties":{"r":473.58,"o":67,"n":"CNRL 15A75 PRIMROSE 9-2-67-3","u":"05/09-02-067-03W4/0","f":11042,"y":2007,"d":1797}},{"type":"Feature","geometry":{"type":"Point","coordinates":[-111.27624,55.46937]},"properties":{"r":589.35,"o":67,"n":"CNRL KN06-4P RE HZ DEVENISH 9-2-75-9","u":"05/09-02-075-09W4/2","f":5737,"y":2022,"d":2059}},{"type":"Feature","geometry":{"type":"Point","coordinates":[-110.80854,55.64279]},"properties":{"r":2221.75,"o":75,"n":"CVE X05P07 HARDY 9-2-77-6","u":"05/09-02-077-06W4/2","f":934,"y":2024,"d":2798}},{"type":"Feature","geometry":{"type":"Point","coordinates":[-110.76883,55.04875]},"properties":{"r":446.11,"o":75,"n":"CVE W32P02 FISHER 9-12-70-6","u":"05/09-12-070-06W4/3","f":10927,"y":2017,"d":1781}},{"type":"Feature","geometry":{"type":"Point","coordinates":[-110.93864,55.57267]},"properties":{"r":929.4,"o":142,"n":"HARVEST HZ 102P12 LEISMER 9-12-76-7","u":"05/09-12-076-07W4/0","f":5421,"y":2023,"d":1493}},{"type":"Feature","geometry":{"type":"Point","coordinates":[-110.95653,56.1968]},"properties":{"r":245.91,"o":85,"n":"COPRC 101P10INF1 RESDELN 9-13-83-7","u":"05/09-13-083-07W4/2","f":3130,"y":2011,"d":1632}},{"type":"Feature","geometry":{"type":"Point","coordinates":[-111.09479,57.25768]},"properties":{"r":123.93,"o":75,"n":"HUSKY B 16-17 P4 STEEPBK 9-20-95-7","u":"05/09-20-095-07W4/0","f":5519,"y":2012,"d":1234}},{"type":"Feature","geometry":{"type":"Point","coordinates":[-111.01292,55.33991]},"properties":{"r":1148.6,"o":67,"n":"CNRL B 6P RD KIRBY 9-21-73-7","u":"05/09-21-073-07W4/0","f":3534,"y":2026,"d":1886}},{"type":"Feature","geometry":{"type":"Point","coordinates":[-111.06855,57.25729]},"properties":{"r":155.78,"o":75,"n":"CVE S01P02 STEEPBK 9-21-95-7","u":"05/09-21-095-07W4/8","f":5519,"y":2023,"d":1241}},{"type":"Feature","geometry":{"type":"Point","coordinates":[-110.66813,55.07861]},"properties":{"r":169.3,"o":75,"n":"CVE W20P02-2 FISHER 9-22-70-5","u":"05/09-22-070-05W4/0","f":10927,"y":2023,"d":2146}},{"type":"Feature","geometry":{"type":"Point","coordinates":[-110.84929,56.21102]},"properties":{"r":143.74,"o":85,"n":"COPRC HZ 2652P12STK NEWBY 9-22-83-6","u":"05/09-22-083-06W4/2","f":3130,"y":2014,"d":1515}},{"type":"Feature","geometry":{"type":"Point","coordinates":[-110.62574,54.0296]},"properties":{"r":153.16,"o":295,"n":"PENGROWTH D03-P8 LNDBRGH 9-23-58-5","u":"05/09-23-058-05W4/0","f":5610,"y":2020,"d":1752}},{"type":"Feature","geometry":{"type":"Point","coordinates":[-110.8798,56.227]},"properties":{"r":107.74,"o":85,"n":"COPRC HZ 2631P02 RESDELN 9-28-83-6","u":"05/09-28-083-06W4/0","f":3130,"y":2012,"d":1668}},{"type":"Feature","geometry":{"type":"Point","coordinates":[-110.89363,57.18628]},"properties":{"r":294.97,"o":299,"n":"SUNCOR P122P18 FIREBAG 9-28-94-6","u":"05/09-28-094-06W4/0","f":1149,"y":2019,"d":1822}},{"type":"Feature","geometry":{"type":"Point","coordinates":[-111.07297,55.52903]},"properties":{"r":367.79,"o":67,"n":"CNRL QQ5P CONKLIN 9-30-75-7","u":"05/09-30-075-07W4/0","f":3346,"y":2017,"d":1397}},{"type":"Feature","geometry":{"type":"Point","coordinates":[-110.8119,55.71602]},"properties":{"r":1639.27,"o":75,"n":"MEG AV12P HARDY 9-35-77-6","u":"05/09-35-077-06W4/0","f":1892,"y":2025,"d":2092}},{"type":"Feature","geometry":{"type":"Point","coordinates":[-110.62206,54.93184]},"properties":{"r":416.8,"o":67,"n":"CNRL 13C71 FISHER 9-36-68-5","u":"05/09-36-068-05W4/0","f":11042,"y":2023,"d":3271}},{"type":"Feature","geometry":{"type":"Point","coordinates":[-110.32177,54.77207]},"properties":{"r":332.79,"o":67,"n":"CNRL 15A78 PRIMROSE 10-1-67-3","u":"05/10-01-067-03W4/0","f":11042,"y":2007,"d":1810}},{"type":"Feature","geometry":{"type":"Point","coordinates":[-110.82918,57.21603]},"properties":{"r":402.84,"o":299,"n":"SUNCOR P8P2B FIREBAG 10-1-95-6","u":"05/10-01-095-06W4/2","f":1149,"y":2006,"d":1153}},{"type":"Feature","geometry":{"type":"Point","coordinates":[-110.84176,55.55654]},"properties":{"r":149.09,"o":75,"n":"CVE FCCL G11P04 KIRBY 10-3-76-6","u":"05/10-03-076-06W4/0","f":934,"y":2017,"d":1727}},{"type":"Feature","geometry":{"type":"Point","coordinates":[-110.93572,57.21432]},"properties":{"r":625.86,"o":299,"n":"SUNCOR P117 P11 FIREBAG 10-5-95-6","u":"05/10-05-095-06W4/0","f":1149,"y":2013,"d":1557}},{"type":"Feature","geometry":{"type":"Point","coordinates":[-111.55716,55.83526]},"properties":{"r":1547.35,"o":34,"n":"ATHABASCA L10P04 LEISMER 10-7-79-10","u":"05/10-07-079-10W4/0","f":2782,"y":2024,"d":2010}},{"type":"Feature","geometry":{"type":"Point","coordinates":[-110.55327,55.13374]},"properties":{"r":848.05,"o":75,"n":"CVE N27P08 FISHER 10-9-71-4","u":"05/10-09-071-04W4/3","f":10927,"y":2024,"d":2010}},{"type":"Feature","geometry":{"type":"Point","coordinates":[-110.80174,55.04817]},"properties":{"r":594.45,"o":75,"n":"CVE W41P03 FISHER 10-11-70-6","u":"05/10-11-070-06W4/0","f":10927,"y":2025,"d":1527}},{"type":"Feature","geometry":{"type":"Point","coordinates":[-110.60155,55.07818]},"properties":{"r":644.41,"o":75,"n":"CVE W07P05-2 FISHER 10-19-70-4","u":"05/10-19-070-04W4/0","f":10927,"y":2026,"d":1298}},{"type":"Feature","geometry":{"type":"Point","coordinates":[-110.99907,55.51406]},"properties":{"r":441.92,"o":67,"n":"CNRL RR3P CONKLIN 10-22-75-7","u":"05/10-22-075-07W4/0","f":5101,"y":2014,"d":1595}},{"type":"Feature","geometry":{"type":"Point","coordinates":[-110.84257,55.59975]},"properties":{"r":1020.6,"o":75,"n":"CVE FCCL L02P07 LEISMER 10-22-76-6","u":"05/10-22-076-06W4/2","f":934,"y":2017,"d":1852}},{"type":"Feature","geometry":{"type":"Point","coordinates":[-111.64853,56.29723]},"properties":{"r":503.12,"o":136,"n":"GROC HE W5-P8 RF HANGSTN 10-22-84-11","u":"05/10-22-084-11W4/2","f":4543,"y":2014,"d":1892}},{"type":"Feature","geometry":{"type":"Point","coordinates":[-110.83023,56.2125]},"properties":{"r":582.33,"o":85,"n":"COPRC 2642P10STRD NEWBY 10-23-83-6","u":"05/10-23-083-06W4/3","f":3130,"y":2012,"d":1685}},{"type":"Feature","geometry":{"type":"Point","coordinates":[-110.79664,57.199]},"properties":{"r":1490.37,"o":299,"n":"SUNCOR P123P2 FIREBAG 10-31-94-5","u":"05/10-31-094-05W4/0","f":1149,"y":2019,"d":1861}},{"type":"Feature","geometry":{"type":"Point","coordinates":[-110.74171,55.63121]},"properties":{"r":597.8,"o":75,"n":"MEG AT9P HARDY 10-32-76-5","u":"05/10-32-076-05W4/0","f":1892,"y":2021,"d":1820}},{"type":"Feature","geometry":{"type":"Point","coordinates":[-110.93125,57.20179]},"properties":{"r":536.08,"o":299,"n":"SUNCOR P125P4 FIREBAG 10-32-94-6","u":"05/10-32-094-06W4/0","f":1149,"y":2021,"d":1562}},{"type":"Feature","geometry":{"type":"Point","coordinates":[-110.86949,55.54268]},"properties":{"r":369.17,"o":67,"n":"CNRL O4P LEISMER 10-33-75-6","u":"05/10-33-075-06W4/0","f":2037,"y":2015,"d":1576}},{"type":"Feature","geometry":{"type":"Point","coordinates":[-110.82156,57.19906]},"properties":{"r":767.57,"o":299,"n":"SUNCOR P118P6 FIREBAG 10-36-94-6","u":"05/10-36-094-06W4/0","f":1149,"y":2015,"d":1571}},{"type":"Feature","geometry":{"type":"Point","coordinates":[-110.32366,54.77206]},"properties":{"r":864.72,"o":67,"n":"CNRL 17A78 PRIMROSE 11-1-67-3","u":"05/11-01-067-03W4/0","f":11042,"y":2007,"d":1884}},{"type":"Feature","geometry":{"type":"Point","coordinates":[-110.49791,54.59884]},"properties":{"r":108.18,"o":153,"n":"IMP 99 D33-15 COLDLK 11-2-65-4","u":"05/11-02-065-04W4/0","f":294,"y":2000,"d":597}},{"type":"Feature","geometry":{"type":"Point","coordinates":[-111.21227,55.47142]},"properties":{"r":300.32,"o":67,"n":"CNRL KN07-06P DEVENISH 11-5-75-8","u":"05/11-05-075-08W4/0","f":5737,"y":2023,"d":2087}},{"type":"Feature","geometry":{"type":"Point","coordinates":[-110.61713,55.65931]},"properties":{"r":1383.61,"o":75,"n":"MEG DD12P HARDY 11-7-77-4","u":"05/11-07-077-04W4/0","f":1892,"y":2018,"d":2305}},{"type":"Feature","geometry":{"type":"Point","coordinates":[-110.97263,57.22979]},"properties":{"r":261.99,"o":299,"n":"SUNCOR P130P4 FIREBAG 11-7-95-6","u":"05/11-07-095-06W4/0","f":1149,"y":2023,"d":1608}},{"type":"Feature","geometry":{"type":"Point","coordinates":[-110.42778,54.69703]},"properties":{"r":1440.66,"o":153,"n":"IMP 22 S01-P18 LEMING 11-8-66-3","u":"05/11-08-066-03W4/0","f":3827,"y":2022,"d":1673}},{"type":"Feature","geometry":{"type":"Point","coordinates":[-110.63395,55.06394]},"properties":{"r":379.11,"o":75,"n":"CVE FCCL W21P02 FISHER 11-13-70-5","u":"05/11-13-070-05W4/2","f":10927,"y":2017,"d":2222}},{"type":"Feature","geometry":{"type":"Point","coordinates":[-110.99795,57.24354]},"properties":{"r":357.62,"o":75,"n":"CVE V01P02 STEEPBK 11-13-95-7","u":"05/11-13-095-07W4/2","f":5519,"y":2024,"d":2142}},{"type":"Feature","geometry":{"type":"Point","coordinates":[-110.3978,54.53796]},"properties":{"r":254.95,"o":295,"n":"OPC P104-P3 COLD LK 11-16-64-3","u":"05/11-16-064-03W4/0","f":2122,"y":2007,"d":1325}},{"type":"Feature","geometry":{"type":"Point","coordinates":[-110.58004,55.07638]},"properties":{"r":283.31,"o":75,"n":"CVE FCCL W05P05 FISHER 11-20-70-4","u":"05/11-20-070-04W4/0","f":10927,"y":2013,"d":1383}},{"type":"Feature","geometry":{"type":"Point","coordinates":[-111.07663,57.25769]},"properties":{"r":1264.17,"o":75,"n":"HUSKY B 15-16 P3 STEEPBK 11-21-95-7","u":"05/11-21-095-07W4/0","f":5519,"y":2012,"d":1229}},{"type":"Feature","geometry":{"type":"Point","coordinates":[-110.99998,55.33748]},"properties":{"r":181.38,"o":67,"n":"CNRL A 5P KIRBY 11-22-73-7","u":"05/11-22-073-07W4/0","f":3534,"y":2011,"d":1672}},{"type":"Feature","geometry":{"type":"Point","coordinates":[-111.00823,55.51197]},"properties":{"r":452.66,"o":67,"n":"CNRL K6P RE CONKLIN 11-22-75-7","u":"05/11-22-075-07W4/2","f":5101,"y":2013,"d":1467}},{"type":"Feature","geometry":{"type":"Point","coordinates":[-111.65564,56.29734]},"properties":{"r":851.22,"o":136,"n":"GROC HE W5-P5 RF HANGSTN 11-22-84-11","u":"05/11-22-084-11W4/2","f":4543,"y":2014,"d":2292}},{"type":"Feature","geometry":{"type":"Point","coordinates":[-110.93393,57.19984]},"properties":{"r":722.7,"o":299,"n":"SUNCOR  P125P1 FIREBAG 11-32-94-6","u":"05/11-32-094-06W4/0","f":1149,"y":2021,"d":1703}},{"type":"Feature","geometry":{"type":"Point","coordinates":[-110.33389,54.77202]},"properties":{"r":101.54,"o":67,"n":"CNRL 8A75 PRIMROSE 12-1-67-3","u":"05/12-01-067-03W4/0","f":11042,"y":2007,"d":1665}},{"type":"Feature","geometry":{"type":"Point","coordinates":[-110.58964,54.94623]},"properties":{"r":102.48,"o":67,"n":"CNRL 15A160 FISHER 12-5-69-4","u":"05/12-05-069-04W4/0","f":11042,"y":2022,"d":2750}},{"type":"Feature","geometry":{"type":"Point","coordinates":[-110.76731,55.04637]},"properties":{"r":684.52,"o":75,"n":"CVE FCCL W32P05 FISHER 12-7-70-5","u":"05/12-07-070-05W4/0","f":10927,"y":2017,"d":1819}},{"type":"Feature","geometry":{"type":"Point","coordinates":[-114.15571,55.48364]},"properties":{"r":267.15,"o":144,"n":"HWX 105 HZ MARTENH 12-7-75-1","u":"05/12-07-075-01W5/0","f":9573,"y":2024,"d":2359}},{"type":"Feature","geometry":{"type":"Point","coordinates":[-110.58959,54.96078]},"properties":{"r":234.69,"o":67,"n":"CNRL 17A161 FISHER 12-8-69-4","u":"05/12-08-069-04W4/0","f":11042,"y":2022,"d":2685}},{"type":"Feature","geometry":{"type":"Point","coordinates":[-110.53049,54.69938]},"properties":{"r":151.61,"o":153,"n":"IMP H92-H01 LEMING 12-10-66-4","u":"05/12-10-066-04W4/0","f":295,"y":2020,"d":2627}},{"type":"Feature","geometry":{"type":"Point","coordinates":[-110.8275,55.58734]},"properties":{"r":356.76,"o":75,"n":"CVE FCCL L05P03 LEISMER 12-14-76-6","u":"05/12-14-076-06W4/0","f":934,"y":2015,"d":1431}},{"type":"Feature","geometry":{"type":"Point","coordinates":[-116.52614,56.28452]},"properties":{"r":121.37,"o":67,"n":"CNUL HZ 105 NAMPA 12-18-84-16","u":"05/12-18-084-16W5/0","f":7349,"y":2026,"d":2372}},{"type":"Feature","geometry":{"type":"Point","coordinates":[-110.88439,55.5991]},"properties":{"r":1251.15,"o":75,"n":"CVE M17P11 LEISMER 12-21-76-6","u":"05/12-21-076-06W4/2","f":934,"y":2023,"d":2172}},{"type":"Feature","geometry":{"type":"Point","coordinates":[-111.06018,57.25729]},"properties":{"r":1200.39,"o":75,"n":"CVE S01P07 STEEPBK 12-22-95-7","u":"05/12-22-095-07W4/2","f":5519,"y":2023,"d":1294}},{"type":"Feature","geometry":{"type":"Point","coordinates":[-110.84432,56.22627]},"properties":{"r":1129.77,"o":85,"n":"COPRC 2632P02STRD NEWBY 12-26-83-6","u":"05/12-26-083-06W4/4","f":3130,"y":2012,"d":1695}},{"type":"Feature","geometry":{"type":"Point","coordinates":[-110.41113,55.09272]},"properties":{"r":1190.16,"o":75,"n":"CVE E23P06 FISHER 12-28-70-3","u":"05/12-28-070-03W4/4","f":10927,"y":2023,"d":2180}},{"type":"Feature","geometry":{"type":"Point","coordinates":[-110.57925,54.5677]},"properties":{"r":175.42,"o":295,"n":"SRL COLD LK 12-29-64-4","u":"05/12-29-064-04W4/0","f":1724,"y":2005,"d":1395}},{"type":"Feature","geometry":{"type":"Point","coordinates":[-110.57959,54.58207]},"properties":{"r":215.07,"o":295,"n":"SRL COLD LK 12-32-64-4","u":"05/12-32-064-04W4/0","f":1724,"y":2005,"d":1431}},{"type":"Feature","geometry":{"type":"Point","coordinates":[-110.56186,54.84548]},"properties":{"r":175.84,"o":67,"n":"CNRL 4A24 PRIMROSE 12-33-67-4","u":"05/12-33-067-04W4/0","f":11042,"y":2010,"d":2554}},{"type":"Feature","geometry":{"type":"Point","coordinates":[-111.00212,56.32866]},"properties":{"r":354.45,"o":80,"n":"NEXEN CNOOC K1P11 RESDELN 12-35-84-7","u":"05/12-35-084-07W4/0","f":2026,"y":2012,"d":1218}},{"type":"Feature","geometry":{"type":"Point","coordinates":[-110.85756,57.1997]},"properties":{"r":514.25,"o":299,"n":"SUNCOR P118P15B FIREBAG 12-35-94-6","u":"05/12-35-094-06W4/2","f":1149,"y":2014,"d":1640}},{"type":"Feature","geometry":{"type":"Point","coordinates":[-110.97864,56.41625]},"properties":{"r":664.16,"o":80,"n":"NEXEN CNOOC 10P04 NEWBY 12-36-85-7","u":"05/12-36-085-07W4/2","f":2026,"y":2005,"d":1207}},{"type":"Feature","geometry":{"type":"Point","coordinates":[-110.58965,54.95]},"properties":{"r":376.63,"o":67,"n":"CNRL 22A160 FISHER 13-5-69-4","u":"05/13-05-069-04W4/0","f":11042,"y":2022,"d":2908}},{"type":"Feature","geometry":{"type":"Point","coordinates":[-114.1303,55.47287]},"properties":{"r":156.01,"o":144,"n":"HWX 105 HZ MARTENH 13-5-75-1","u":"05/13-05-075-01W5/0","f":10963,"y":2026,"d":2396}},{"type":"Feature","geometry":{"type":"Point","coordinates":[-110.62237,55.64757]},"properties":{"r":1038.43,"o":75,"n":"MEG DA5P HARDY 13-6-77-4","u":"05/13-06-077-04W4/0","f":1892,"y":2022,"d":1753}},{"type":"Feature","geometry":{"type":"Point","coordinates":[-110.58957,54.96457]},"properties":{"r":142.17,"o":67,"n":"CNRL 24A161 FISHER 13-8-69-4","u":"05/13-08-069-04W4/0","f":11042,"y":2022,"d":2887}},{"type":"Feature","geometry":{"type":"Point","coordinates":[-110.48568,54.87824]},"properties":{"r":120.6,"o":67,"n":"CNRL 8A67 PRIMROSE 13-12-68-4","u":"05/13-12-068-04W4/0","f":11042,"y":2009,"d":2321}},{"type":"Feature","geometry":{"type":"Point","coordinates":[-110.85335,55.59013]},"properties":{"r":652.82,"o":75,"n":"CVE M07P01 LEISMER 13-15-76-6","u":"05/13-15-076-06W4/0","f":934,"y":2022,"d":1875}},{"type":"Feature","geometry":{"type":"Point","coordinates":[-111.06043,57.24836]},"properties":{"r":493.04,"o":75,"n":"HUSKY R1P STEEPBK 13-15-95-7","u":"05/13-15-095-07W4/0","f":5519,"y":2018,"d":1503}},{"type":"Feature","geometry":{"type":"Point","coordinates":[-116.58074,56.30308]},"properties":{"r":240.44,"o":67,"n":"CNUL HZ 105 CADOTTE 13-23-84-17","u":"05/13-23-084-17W5/0","f":7349,"y":2023,"d":2288}},{"type":"Feature","geometry":{"type":"Point","coordinates":[-110.97855,56.40366]},"properties":{"r":288.97,"o":80,"n":"NEU CNOOC 06P06 INF NEWBY 13-25-85-7","u":"05/13-25-085-07W4/0","f":2026,"y":2018,"d":1410}},{"type":"Feature","geometry":{"type":"Point","coordinates":[-110.86123,57.18986]},"properties":{"r":329.15,"o":299,"n":"SUNCOR P122P6 FIREBAG 13-26-94-6","u":"05/13-26-094-06W4/0","f":1149,"y":2020,"d":1684}},{"type":"Feature","geometry":{"type":"Point","coordinates":[-110.55665,54.65893]},"properties":{"r":125.54,"o":153,"n":"IMP 96 L11-15 COLDLK 13-28-65-4","u":"05/13-28-065-04W4/0","f":295,"y":1996,"d":484}},{"type":"Feature","geometry":{"type":"Point","coordinates":[-110.57956,54.58566]},"properties":{"r":160.1,"o":295,"n":"SRL COLD LK 13-32-64-4","u":"05/13-32-064-04W4/0","f":1724,"y":2005,"d":1452}},{"type":"Feature","geometry":{"type":"Point","coordinates":[-110.56029,54.93556]},"properties":{"r":127.39,"o":67,"n":"CNRL 32B72 PRIMROSE 13-33-68-4","u":"05/13-33-068-04W4/0","f":11042,"y":2018,"d":2437}},{"type":"Feature","geometry":{"type":"Point","coordinates":[-110.87921,55.54806]},"properties":{"r":256.12,"o":67,"n":"CNRL C1P RD LEISMER 13-33-75-6","u":"05/13-33-075-06W4/0","f":2037,"y":2022,"d":1641}},{"type":"Feature","geometry":{"type":"Point","coordinates":[-110.37916,54.58748]},"properties":{"r":100.83,"o":153,"n":"IMP 01 V01-07 COLDLK 13-34-64-3","u":"05/13-34-064-03W4/0","f":3127,"y":2002,"d":700}},{"type":"Feature","geometry":{"type":"Point","coordinates":[-110.84481,56.24495]},"properties":{"r":577.05,"o":85,"n":"COPRC HZ 2622P06 NEWBY 13-35-83-6","u":"05/13-35-083-06W4/0","f":3130,"y":2014,"d":1569}},{"type":"Feature","geometry":{"type":"Point","coordinates":[-110.80102,55.56165]},"properties":{"r":637.68,"o":75,"n":"CVE B15P02 KIRBY 14-1-76-6","u":"05/14-01-076-06W4/3","f":934,"y":2022,"d":1882}},{"type":"Feature","geometry":{"type":"Point","coordinates":[-110.96972,56.43196]},"properties":{"r":233.27,"o":80,"n":"CNOOC 19P07 NEWBY 14-1-86-7","u":"05/14-01-086-07W4/0","f":2026,"y":2023,"d":2087}},{"type":"Feature","geometry":{"type":"Point","coordinates":[-110.53278,54.86387]},"properties":{"r":124.94,"o":67,"n":"CNRL 8A58 PRIMROSE 14-3-68-4","u":"05/14-03-068-04W4/0","f":11042,"y":2008,"d":1996}},{"type":"Feature","geometry":{"type":"Point","coordinates":[-110.61647,55.66137]},"properties":{"r":654.71,"o":75,"n":"MEG DC1P HARDY 14-7-77-4","u":"05/14-07-077-04W4/0","f":1892,"y":2018,"d":1740}},{"type":"Feature","geometry":{"type":"Point","coordinates":[-111.92496,57.05745]},"properties":{"r":245.16,"o":299,"n":"SUNCOR P751P4 DOVER 14-7-93-12","u":"05/14-07-093-12W4/0","f":926,"y":2013,"d":1410}},{"type":"Feature","geometry":{"type":"Point","coordinates":[-110.88984,57.2469]},"properties":{"r":444.77,"o":299,"n":"SUNCOR P121P10 FIREBAG 14-15-95-6","u":"05/14-15-095-06W4/0","f":1149,"y":2018,"d":1920}},{"type":"Feature","geometry":{"type":"Point","coordinates":[-110.57904,55.06627]},"properties":{"r":593.65,"o":75,"n":"CVE W03P06 FISHER 14-17-70-4","u":"05/14-17-070-04W4/0","f":10927,"y":2023,"d":2153}},{"type":"Feature","geometry":{"type":"Point","coordinates":[-111.05034,57.26103]},"properties":{"r":488.11,"o":75,"n":"CVE U01P04 STEEPBK 14-22-95-7","u":"05/14-22-095-07W4/2","f":5519,"y":2023,"d":1576}},{"type":"Feature","geometry":{"type":"Point","coordinates":[-110.99869,56.21419]},"properties":{"r":1096.65,"o":85,"n":"COPRC 103P01SOSTRD RSDLN 14-23-83-7","u":"05/14-23-083-07W4/3","f":3130,"y":2021,"d":1854}},{"type":"Feature","geometry":{"type":"Point","coordinates":[-110.83889,56.22928]},"properties":{"r":258.45,"o":85,"n":"COPRC HZ 2613P07 NEWBY 14-26-83-6","u":"05/14-26-083-06W4/0","f":3130,"y":2014,"d":1563}},{"type":"Feature","geometry":{"type":"Point","coordinates":[-110.61561,55.6343]},"properties":{"r":629.76,"o":75,"n":"MEG MH4P HARDY 14-31-76-4","u":"05/14-31-076-04W4/0","f":1892,"y":2024,"d":1570}},{"type":"Feature","geometry":{"type":"Point","coordinates":[-110.59384,55.63426]},"properties":{"r":591.62,"o":75,"n":"MEG MD12P HARDY 14-32-76-4","u":"05/14-32-076-04W4/0","f":1892,"y":2024,"d":1716}},{"type":"Feature","geometry":{"type":"Point","coordinates":[-110.87486,55.54677]},"properties":{"r":211.55,"o":67,"n":"CNRL B4P LEISMER 14-33-75-6","u":"05/14-33-075-06W4/0","f":2037,"y":2005,"d":1555}},{"type":"Feature","geometry":{"type":"Point","coordinates":[-110.37272,54.58545]},"properties":{"r":134.73,"o":153,"n":"IMP 01 V01-20 COLDLK 14-34-64-3","u":"05/14-34-064-03W4/0","f":3127,"y":2002,"d":710}},{"type":"Feature","geometry":{"type":"Point","coordinates":[-110.5239,54.67217]},"properties":{"r":109.51,"o":153,"n":"IMP 95 H23-09 COLDLK 14-34-65-4","u":"05/14-34-065-04W4/0","f":295,"y":1995,"d":487}},{"type":"Feature","geometry":{"type":"Point","coordinates":[-110.8573,57.20386]},"properties":{"r":258.95,"o":299,"n":"SUNCOR SAGD P7P12 FIREBA 14-35-94-6","u":"05/14-35-094-06W4/0","f":1149,"y":2006,"d":1517}},{"type":"Feature","geometry":{"type":"Point","coordinates":[-110.93576,57.21997]},"properties":{"r":169.87,"o":299,"n":"SUNCOR SAGD P16P15 FIREBAG  15-5-95-","u":"05/15-05-095-06W4/0","f":1149,"y":2010,"d":1571}},{"type":"Feature","geometry":{"type":"Point","coordinates":[-110.80447,57.21768]},"properties":{"r":1163.95,"o":299,"n":"SUNCOR P109P7 FIREBAG 15-6-95-5","u":"05/15-06-095-05W4/3","f":1149,"y":2013,"d":1585}},{"type":"Feature","geometry":{"type":"Point","coordinates":[-110.98919,56.20175]},"properties":{"r":674.33,"o":85,"n":"COPRC 101NP03SORW RSDLN 15-14-83-7","u":"05/15-14-083-07W4/0","f":3130,"y":2024,"d":1169}},{"type":"Feature","geometry":{"type":"Point","coordinates":[-112.1142,56.81222]},"properties":{"r":289.96,"o":233,"n":"PCC AB05P ELLS 15-14-90-14","u":"05/15-14-090-14W4/0","f":6448,"y":2013,"d":1390}},{"type":"Feature","geometry":{"type":"Point","coordinates":[-111.46394,55.76503]},"properties":{"r":280.9,"o":34,"n":"ATH L7P5 LEISMER 15-15-78-10","u":"05/15-15-078-10W4/2","f":2782,"y":2018,"d":1974}},{"type":"Feature","geometry":{"type":"Point","coordinates":[-110.54212,54.63122]},"properties":{"r":158.36,"o":153,"n":"IMP 02 H10-19HZ COLDLK 15-16-65-4","u":"05/15-16-065-04W4/0","f":295,"y":2002,"d":1000}},{"type":"Feature","geometry":{"type":"Point","coordinates":[-111.04515,57.26207]},"properties":{"r":188.17,"o":75,"n":"CVE U01P05 STEEPBK 15-22-95-7","u":"05/15-22-095-07W4/2","f":5519,"y":2023,"d":1926}},{"type":"Feature","geometry":{"type":"Point","coordinates":[-110.83339,56.21556]},"properties":{"r":334.7,"o":85,"n":"COPRC HZ 2642P06 NEWBY 15-23-83-6","u":"05/15-23-083-06W4/0","f":3130,"y":2012,"d":1590}},{"type":"Feature","geometry":{"type":"Point","coordinates":[-110.83511,56.2304]},"properties":{"r":1040.77,"o":85,"n":"COPRC 2613P04STRD NEWBY 15-26-83-6","u":"05/15-26-083-06W4/2","f":3130,"y":2014,"d":1589}},{"type":"Feature","geometry":{"type":"Point","coordinates":[-110.39127,54.57065]},"properties":{"r":105.56,"o":153,"n":"IMP 01 T07-23 COLDLK 15-28-64-3","u":"05/15-28-064-03W4/0","f":3127,"y":2001,"d":715}},{"type":"Feature","geometry":{"type":"Point","coordinates":[-110.61102,55.63345]},"properties":{"r":1093.1,"o":75,"n":"MEG MH9P HARDY 15-31-76-4","u":"05/15-31-076-04W4/0","f":1892,"y":2024,"d":1519}},{"type":"Feature","geometry":{"type":"Point","coordinates":[-110.56771,54.58693]},"properties":{"r":115.77,"o":295,"n":"SRL COLD LK 15-32-64-4","u":"05/15-32-064-04W4/0","f":1724,"y":2012,"d":1321}},{"type":"Feature","geometry":{"type":"Point","coordinates":[-113.65633,55.37309]},"properties":{"r":176.62,"o":293,"n":"SPL 10-29 HZ 103 MARTENH 15-32-73-24","u":"05/15-32-073-24W4/2","f":7981,"y":2021,"d":2653}},{"type":"Feature","geometry":{"type":"Point","coordinates":[-110.92946,57.20307]},"properties":{"r":668.4,"o":299,"n":"SUNCOR P125P6 FIREBAG 15-32-94-6","u":"05/15-32-094-06W4/0","f":1149,"y":2021,"d":1517}},{"type":"Feature","geometry":{"type":"Point","coordinates":[-110.87199,55.54652]},"properties":{"r":122.8,"o":67,"n":"CNRL F1P LEISMER 15-33-75-6","u":"05/15-33-075-06W4/0","f":2037,"y":2015,"d":1650}},{"type":"Feature","geometry":{"type":"Point","coordinates":[-110.7841,55.47233]},"properties":{"r":2411.7,"o":67,"n":"CNRL PK101-09P KIRBY 16-1-75-6","u":"05/16-01-075-06W4/0","f":5101,"y":2024,"d":2348}},{"type":"Feature","geometry":{"type":"Point","coordinates":[-110.67295,54.77645]},"properties":{"r":121.67,"o":67,"n":"CNRL 15A43 FSHR CK 16-3-67-5","u":"05/16-03-067-05W4/0","f":11042,"y":2013,"d":2400}},{"type":"Feature","geometry":{"type":"Point","coordinates":[-110.86145,55.56181]},"properties":{"r":235.2,"o":67,"n":"CNRL R6P LEISMER 16-4-76-6","u":"05/16-04-076-06W4/2","f":2037,"y":2017,"d":1890}},{"type":"Feature","geometry":{"type":"Point","coordinates":[-111.91271,57.04357]},"properties":{"r":272.26,"o":299,"n":"SUNCOR 751P13 DOVER 16-6-93-12","u":"05/16-06-093-12W4/0","f":926,"y":2012,"d":1436}},{"type":"Feature","geometry":{"type":"Point","coordinates":[-110.9312,56.44886]},"properties":{"r":307.34,"o":80,"n":"NEXEN OPTI 13P02 NEWBY 16-7-86-6","u":"05/16-07-086-06W4/0","f":2026,"y":2011,"d":1130}},{"type":"Feature","geometry":{"type":"Point","coordinates":[-111.83784,56.10056]},"properties":{"r":551.51,"o":84,"n":"CLC 104 P07 DIVIDE 16-8-82-12","u":"05/16-08-082-12W4/0","f":3165,"y":2021,"d":2137}},{"type":"Feature","geometry":{"type":"Point","coordinates":[-110.6269,55.66265]},"properties":{"r":201.08,"o":75,"n":"MEG DD7P HARDY 16-12-77-5","u":"05/16-12-077-05W4/0","f":1892,"y":2018,"d":1360}},{"type":"Feature","geometry":{"type":"Point","coordinates":[-110.49217,54.80432]},"properties":{"r":238.26,"o":67,"n":"CNRL 6C28 PRIMROSE 16-14-67-4","u":"05/16-14-067-04W4/0","f":11042,"y":2006,"d":2053}},{"type":"Feature","geometry":{"type":"Point","coordinates":[-111.45898,55.76477]},"properties":{"r":478.26,"o":34,"n":"ATH L7P2 LEISMER 16-15-78-10","u":"05/16-15-078-10W4/2","f":2782,"y":2018,"d":2064}},{"type":"Feature","geometry":{"type":"Point","coordinates":[-113.77696,55.4167]},"properties":{"r":166.03,"o":293,"n":"SPL 10-17 105 MARTENH 16-16-74-25","u":"05/16-16-074-25W4/0","f":7981,"y":2024,"d":2688}},{"type":"Feature","geometry":{"type":"Point","coordinates":[-110.44343,55.06511]},"properties":{"r":322.77,"o":75,"n":"CVE E04P06-2 FISHER 16-18-70-3","u":"05/16-18-070-03W4/0","f":10927,"y":2020,"d":1772}},{"type":"Feature","geometry":{"type":"Point","coordinates":[-110.53837,54.55642]},"properties":{"r":539.06,"o":295,"n":"SRL H5P TUCKLK 16-21-64-4","u":"05/16-21-064-04W4/0","f":1724,"y":2022,"d":2003}},{"type":"Feature","geometry":{"type":"Point","coordinates":[-110.38898,55.08155]},"properties":{"r":181.69,"o":75,"n":"CVE E22P01-1 FISHER 16-21-70-3","u":"05/16-21-070-03W4/0","f":10927,"y":2024,"d":1628}},{"type":"Feature","geometry":{"type":"Point","coordinates":[-110.66714,55.07879]},"properties":{"r":484.25,"o":75,"n":"CVE W20P03-1 FISHER 16-22-70-5","u":"05/16-22-070-05W4/0","f":10927,"y":2023,"d":2186}},{"type":"Feature","geometry":{"type":"Point","coordinates":[-110.80832,55.60467]},"properties":{"r":208.7,"o":75,"n":"CVE L09P07-1 LEISMER 16-23-76-6","u":"05/16-23-076-06W4/3","f":934,"y":2024,"d":1337}},{"type":"Feature","geometry":{"type":"Point","coordinates":[-110.36152,54.57199]},"properties":{"r":462.11,"o":153,"n":"IMP V05-H33 COLD LK 16-27-64-3","u":"05/16-27-064-03W4/0","f":3127,"y":2019,"d":1910}},{"type":"Feature","geometry":{"type":"Point","coordinates":[-111.01043,56.31721]},"properties":{"r":113.97,"o":80,"n":"NEXEN CNOOC K2P12 RESDELN 16-27-84-7","u":"05/16-27-084-07W4/0","f":2026,"y":2013,"d":1157}},{"type":"Feature","geometry":{"type":"Point","coordinates":[-110.5654,54.57312]},"properties":{"r":140.81,"o":295,"n":"SRL COLD LK 16-29-64-4","u":"05/16-29-064-04W4/0","f":1724,"y":2016,"d":1470}},{"type":"Feature","geometry":{"type":"Point","coordinates":[-111.07301,55.53261]},"properties":{"r":123.51,"o":67,"n":"CNRL QQ10P CONKLIN 16-30-75-7","u":"05/16-30-075-07W4/0","f":3346,"y":2017,"d":1628}},{"type":"Feature","geometry":{"type":"Point","coordinates":[-111.4052,56.49237]},"properties":{"r":262.7,"o":34,"n":"ATH AC02P HANGST 16-30-86-9","u":"05/16-30-086-09W4/0","f":5356,"y":2013,"d":1200}},{"type":"Feature","geometry":{"type":"Point","coordinates":[-110.53711,54.67473]},"properties":{"r":100.55,"o":153,"n":"IMP 06 H45-31 COLD LK 16-33-65-4","u":"05/16-33-065-04W4/0","f":295,"y":2007,"d":818}},{"type":"Feature","geometry":{"type":"Point","coordinates":[-110.97564,56.15831]},"properties":{"r":290.5,"o":85,"n":"COPRC 102P18 HZ RESDELN 16-35-82-7","u":"05/16-35-082-07W4/0","f":3130,"y":2008,"d":1830}},{"type":"Feature","geometry":{"type":"Point","coordinates":[-110.46352,54.58638]},"properties":{"r":170.81,"o":153,"n":"IMP 07 D29-H01 COLD LK 16-36-64-4","u":"05/16-36-064-04W4/0","f":294,"y":2008,"d":1845}},{"type":"Feature","geometry":{"type":"Point","coordinates":[-110.33966,54.76377]},"properties":{"r":205.7,"o":67,"n":"CNRL 12A74 PRIMROSE 1-2-67-3","u":"06/01-02-067-03W4/0","f":11042,"y":2008,"d":1816}},{"type":"Feature","geometry":{"type":"Point","coordinates":[-111.73433,56.10367]},"properties":{"r":180.87,"o":84,"n":"CLC 202 INF03 DIVIDE 1-13-82-12","u":"06/01-13-082-12W4/0","f":3166,"y":2020,"d":1676}},{"type":"Feature","geometry":{"type":"Point","coordinates":[-110.958,56.36366]},"properties":{"r":1099.88,"o":80,"n":"NEU CNOOC 16P04 NEWBY 1-13-85-7","u":"06/01-13-085-07W4/0","f":2026,"y":2019,"d":1352}},{"type":"Feature","geometry":{"type":"Point","coordinates":[-110.60459,55.66556]},"properties":{"r":682.04,"o":75,"n":"MEG DG17P HARDY 1-18-77-4","u":"06/01-18-077-04W4/0","f":1892,"y":2021,"d":1450}},{"type":"Feature","geometry":{"type":"Point","coordinates":[-110.36716,54.80759]},"properties":{"r":144.94,"o":67,"n":"CNRL 10A94 PRIMROSE 1-22-67-3","u":"06/01-22-067-03W4/0","f":11042,"y":2011,"d":1692}},{"type":"Feature","geometry":{"type":"Point","coordinates":[-110.93908,55.52241]},"properties":{"r":800.06,"o":67,"n":"CNRL EEE2P CONKLIN 1-25-75-7","u":"06/01-25-075-07W4/0","f":2037,"y":2016,"d":1881}},{"type":"Feature","geometry":{"type":"Point","coordinates":[-110.78716,55.69568]},"properties":{"r":319.58,"o":75,"n":"MEG AH4P HARDY 1-25-77-6","u":"06/01-25-077-06W4/0","f":1892,"y":2018,"d":2335}},{"type":"Feature","geometry":{"type":"Point","coordinates":[-110.34255,54.82382]},"properties":{"r":142.42,"o":67,"n":"CNRL 1A92 PRIMROSE 1-26-67-3","u":"06/01-26-067-03W4/0","f":11042,"y":2011,"d":2057}},{"type":"Feature","geometry":{"type":"Point","coordinates":[-110.41431,55.08544]},"properties":{"r":371.24,"o":75,"n":"CVE FCCL E26P04 FISHER 1-29-70-3","u":"06/01-29-070-03W4/2","f":10927,"y":2016,"d":2073}},{"type":"Feature","geometry":{"type":"Point","coordinates":[-110.38889,55.09841]},"properties":{"r":391.02,"o":75,"n":"CVE E28P06 FISHER 1-33-70-3","u":"06/01-33-070-03W4/0","f":10927,"y":2023,"d":2570}},{"type":"Feature","geometry":{"type":"Point","coordinates":[-110.83405,55.53485]},"properties":{"r":803.48,"o":75,"n":"CVE FCCL J17P02 KIRBY 1-34-75-6","u":"06/01-34-075-06W4/0","f":934,"y":2018,"d":2258}},{"type":"Feature","geometry":{"type":"Point","coordinates":[-110.49248,54.58829]},"properties":{"r":124.98,"o":153,"n":"ESSO 85 D26-18 COLDLK 2-2-65-4","u":"06/02-02-065-04W4/0","f":294,"y":1985,"d":562}},{"type":"Feature","geometry":{"type":"Point","coordinates":[-110.88632,57.23787]},"properties":{"r":2032.72,"o":299,"n":"SUNCOR P131P5 FIREBAG 2-15-95-6","u":"06/02-15-095-06W4/0","f":1149,"y":2020,"d":1750}},{"type":"Feature","geometry":{"type":"Point","coordinates":[-111.84014,56.10389]},"properties":{"r":127.91,"o":84,"n":"CLL 104 P03 DIVIDE 2-17-82-12","u":"06/02-17-082-12W4/0","f":3165,"y":2013,"d":1966}},{"type":"Feature","geometry":{"type":"Point","coordinates":[-110.60876,55.66804]},"properties":{"r":194.04,"o":75,"n":"MEG DC7N HARDY 2-18-77-4","u":"06/02-18-077-04W4/0","f":1892,"y":2023,"d":1822}},{"type":"Feature","geometry":{"type":"Point","coordinates":[-110.34811,54.82383]},"properties":{"r":208.88,"o":67,"n":"CNRL 7A92 PRIMROSE 2-26-67-3","u":"06/02-26-067-03W4/0","f":11042,"y":2011,"d":1811}},{"type":"Feature","geometry":{"type":"Point","coordinates":[-110.44672,54.5744]},"properties":{"r":152.36,"o":153,"n":"IMP 10 T18-H02 COLD LK 2-31-64-3","u":"06/02-31-064-03W4/0","f":3127,"y":2011,"d":1415}},{"type":"Feature","geometry":{"type":"Point","coordinates":[-111.4122,56.49435]},"properties":{"r":258.13,"o":34,"n":"ATH AB05P HANGST 2-31-86-9","u":"06/02-31-086-09W4/0","f":5356,"y":2013,"d":1140}},{"type":"Feature","geometry":{"type":"Point","coordinates":[-110.97213,56.42371]},"properties":{"r":165.99,"o":80,"n":"NEXEN OPTI 11P09 NEWBY 3-1-86-7","u":"06/03-01-086-07W4/0","f":2026,"y":2008,"d":1044}},{"type":"Feature","geometry":{"type":"Point","coordinates":[-110.88983,57.20965]},"properties":{"r":219.22,"o":299,"n":"SUNCOR P105N19 FIREBAG 3-3-95-6","u":"06/03-03-095-06W4/0","f":1149,"y":2017,"d":1767}},{"type":"Feature","geometry":{"type":"Point","coordinates":[-111.87588,57.03196]},"properties":{"r":1341.76,"o":299,"n":"SUNCOR P819P5 DOVER 3-4-93-12","u":"06/03-04-093-12W4/0","f":926,"y":2022,"d":1429}},{"type":"Feature","geometry":{"type":"Point","coordinates":[-111.92856,57.03388]},"properties":{"r":185.34,"o":299,"n":"SUNCOR P751P12 DOVER 3-6-93-12","u":"06/03-06-093-12W4/0","f":926,"y":2013,"d":1398}},{"type":"Feature","geometry":{"type":"Point","coordinates":[-111.56016,55.82764]},"properties":{"r":716.72,"o":34,"n":"ATHABASCA L08P06 LEISMER 3-7-79-10","u":"06/03-07-079-10W4/0","f":2782,"y":2022,"d":1894}},{"type":"Feature","geometry":{"type":"Point","coordinates":[-110.92006,57.23705]},"properties":{"r":485.57,"o":299,"n":"SUNCOR P121P14 FIREBAG 3-16-95-6","u":"06/03-16-095-06W4/0","f":1149,"y":2018,"d":1608}},{"type":"Feature","geometry":{"type":"Point","coordinates":[-110.3768,54.80696]},"properties":{"r":176.2,"o":67,"n":"CNRL 15A95 PRIMROSE 3-22-67-3","u":"06/03-22-067-03W4/0","f":11042,"y":2011,"d":1989}},{"type":"Feature","geometry":{"type":"Point","coordinates":[-111.77147,56.11771]},"properties":{"r":270.13,"o":84,"n":"CLC 232 P02 DIVIDE 3-23-82-12","u":"06/03-23-082-12W4/0","f":3166,"y":2024,"d":2147}},{"type":"Feature","geometry":{"type":"Point","coordinates":[-111.60517,56.29122]},"properties":{"r":628.56,"o":136,"n":"GROC W06-P03 HANGSTN 3-24-84-11","u":"06/03-24-084-11W4/0","f":4543,"y":2014,"d":1351}},{"type":"Feature","geometry":{"type":"Point","coordinates":[-110.83756,56.21982]},"properties":{"r":170.22,"o":85,"n":"COPRC 2632P11STRD NEWBY 3-26-83-6","u":"06/03-26-083-06W4/2","f":3130,"y":2012,"d":1716}},{"type":"Feature","geometry":{"type":"Point","coordinates":[-110.45131,54.57599]},"properties":{"r":309.46,"o":153,"n":"IMP 21 E12-H10 ETHELLK 3-31-64-3","u":"06/03-31-064-03W4/0","f":294,"y":2022,"d":1870}},{"type":"Feature","geometry":{"type":"Point","coordinates":[-112.66916,55.63625]},"properties":{"r":191.38,"o":160,"n":"IPCCAN A14PN PORTAGE 4-1-77-18","u":"06/04-01-077-18W4/0","f":10595,"y":2024,"d":1963}},{"type":"Feature","geometry":{"type":"Point","coordinates":[-110.8704,57.2095]},"properties":{"r":589.65,"o":299,"n":"SUNCOR P4P9B FIREBAG 4-2-95-6","u":"06/04-02-095-06W4/2","f":1149,"y":2004,"d":1593}},{"type":"Feature","geometry":{"type":"Point","coordinates":[-110.53314,54.67536]},"properties":{"r":128.48,"o":153,"n":"IMP 95 H25-08 COLDLK 4-3-66-4","u":"06/04-03-066-04W4/0","f":295,"y":1995,"d":502}},{"type":"Feature","geometry":{"type":"Point","coordinates":[-111.49187,55.81264]},"properties":{"r":172.15,"o":34,"n":"ATH L5P3 LEISMER 4-3-79-10","u":"06/04-03-079-10W4/0","f":2782,"y":2013,"d":1581}},{"type":"Feature","geometry":{"type":"Point","coordinates":[-111.21669,55.46265]},"properties":{"r":199.43,"o":67,"n":"CNRL KN05-11P DEVENISH 4-5-75-8","u":"06/04-05-075-08W4/0","f":5737,"y":2018,"d":1582}},{"type":"Feature","geometry":{"type":"Point","coordinates":[-110.30611,54.76397]},"properties":{"r":105.52,"o":67,"n":"CNRL 1A77 RD MOORE 4-6-67-2","u":"06/04-06-067-02W4/0","f":11042,"y":2025,"d":1554}},{"type":"Feature","geometry":{"type":"Point","coordinates":[-110.62297,55.63566]},"properties":{"r":665.73,"o":75,"n":"MEG MC10P HARDY 4-6-77-4","u":"06/04-06-077-04W4/0","f":1892,"y":2024,"d":1715}},{"type":"Feature","geometry":{"type":"Point","coordinates":[-110.98049,57.22285]},"properties":{"r":793.48,"o":299,"n":"SUNCOR P112P13 FIREBAG 4-7-95-6","u":"06/04-07-095-06W4/0","f":1149,"y":2014,"d":1489}},{"type":"Feature","geometry":{"type":"Point","coordinates":[-110.4857,54.8822]},"properties":{"r":170.62,"o":67,"n":"CNRL 14A63 RD MOORE 4-13-68-4","u":"06/04-13-068-04W4/0","f":11042,"y":2025,"d":3723}},{"type":"Feature","geometry":{"type":"Point","coordinates":[-110.92648,57.23806]},"properties":{"r":1909.25,"o":299,"n":"SUNCOR P121P18 FIREBAG 4-16-95-6","u":"06/04-16-095-06W4/0","f":1149,"y":2018,"d":1838}},{"type":"Feature","geometry":{"type":"Point","coordinates":[-110.62534,55.66536]},"properties":{"r":270.13,"o":75,"n":"MEG DD5P HARDY 4-18-77-4","u":"06/04-18-077-04W4/0","f":1892,"y":2018,"d":1515}},{"type":"Feature","geometry":{"type":"Point","coordinates":[-110.33291,54.80872]},"properties":{"r":176.01,"o":67,"n":"CNRL 11A90 PRIMROSE 4-24-67-3","u":"06/04-24-067-03W4/0","f":11042,"y":2011,"d":1621}},{"type":"Feature","geometry":{"type":"Point","coordinates":[-111.00012,56.21851]},"properties":{"r":2019.99,"o":85,"n":"COPRC 104WP05 RSDLN 4-26-83-7","u":"06/04-26-083-07W4/0","f":3130,"y":2024,"d":2094}},{"type":"Feature","geometry":{"type":"Point","coordinates":[-110.38473,55.09748]},"properties":{"r":560.34,"o":75,"n":"CVE E28P08 FISHER 4-34-70-3","u":"06/04-34-070-03W4/0","f":10927,"y":2023,"d":2502}},{"type":"Feature","geometry":{"type":"Point","coordinates":[-110.86175,57.19457]},"properties":{"r":1152.4,"o":299,"n":"SUNCOR P122P1 FIREBAG 4-35-94-6","u":"06/04-35-094-06W4/0","f":1149,"y":2020,"d":1809}},{"type":"Feature","geometry":{"type":"Point","coordinates":[-110.62892,54.31488]},"properties":{"r":108.1,"o":66,"n":"CALTEX TRILOGY 106 FT KENT 4-36-61-5","u":"06/04-36-061-05W4/2","f":10655,"y":2025,"d":1535}},{"type":"Feature","geometry":{"type":"Point","coordinates":[-110.83271,55.64025]},"properties":{"r":1620.32,"o":75,"n":"CVE X06P10 HARDY 5-2-77-6","u":"06/05-02-077-06W4/2","f":934,"y":2023,"d":2574}},{"type":"Feature","geometry":{"type":"Point","coordinates":[-110.58964,54.94351]},"properties":{"r":240.17,"o":67,"n":"CNRL 10A160 FISHER 5-5-69-4","u":"06/05-05-069-04W4/0","f":11042,"y":2022,"d":2837}},{"type":"Feature","geometry":{"type":"Point","coordinates":[-110.98013,57.22696]},"properties":{"r":1776.62,"o":299,"n":"SUNCOR P111P13 FIREBAG 5-7-95-6","u":"06/05-07-095-06W4/0","f":1149,"y":2019,"d":1560}},{"type":"Feature","geometry":{"type":"Point","coordinates":[-110.58962,54.95754]},"properties":{"r":196.74,"o":67,"n":"CNRL 11A161 FISHER 5-8-69-4","u":"06/05-08-069-04W4/0","f":11042,"y":2022,"d":2697}},{"type":"Feature","geometry":{"type":"Point","coordinates":[-110.84169,57.22734]},"properties":{"r":569.0,"o":299,"n":"SUNCOR SAGD P2N1 FIREBAG  5-12-95-6","u":"06/05-12-095-06W4/0","f":1149,"y":2010,"d":1643}},{"type":"Feature","geometry":{"type":"Point","coordinates":[-110.48584,54.88365]},"properties":{"r":297.51,"o":67,"n":"CNRL 16A63 RD MOORE 5-13-68-4","u":"06/05-13-068-04W4/0","f":11042,"y":2025,"d":3923}},{"type":"Feature","geometry":{"type":"Point","coordinates":[-110.9786,56.36981]},"properties":{"r":1197.37,"o":80,"n":"NEU CNOOC 17P08 NEWBY 5-13-85-7","u":"06/05-13-085-07W4/0","f":2026,"y":2019,"d":1409}},{"type":"Feature","geometry":{"type":"Point","coordinates":[-110.43258,54.53364]},"properties":{"r":310.21,"o":295,"n":"OPC P204-P9 COLD LK 5-17-64-3","u":"06/05-17-064-03W4/0","f":2122,"y":2017,"d":1980}},{"type":"Feature","geometry":{"type":"Point","coordinates":[-111.08488,57.25638]},"properties":{"r":574.99,"o":75,"n":"CVE HP04-1 STEEPBK 5-21-95-7","u":"06/05-21-095-07W4/0","f":5519,"y":2022,"d":1895}},{"type":"Feature","geometry":{"type":"Point","coordinates":[-110.8448,56.207]},"properties":{"r":1450.68,"o":85,"n":"COPRC 2652P09STRD NEWBY 5-23-83-6","u":"06/05-23-083-06W4/3","f":3130,"y":2014,"d":1598}},{"type":"Feature","geometry":{"type":"Point","coordinates":[-110.53485,54.82422]},"properties":{"r":201.06,"o":67,"n":"CNRL 10A22 PRIMROSE 5-27-67-4","u":"06/05-27-067-04W4/2","f":11042,"y":2010,"d":2418}},{"type":"Feature","geometry":{"type":"Point","coordinates":[-110.94305,57.19641]},"properties":{"r":519.03,"o":299,"n":"SUNCOR P119P3 FIREBAG 5-32-94-6","u":"06/05-32-094-06W4/0","f":1149,"y":2022,"d":1756}},{"type":"Feature","geometry":{"type":"Point","coordinates":[-110.56363,55.10116]},"properties":{"r":1996.47,"o":75,"n":"CVE N13P08 FISHER 5-33-70-4","u":"06/05-33-070-04W4/0","f":10927,"y":2022,"d":2445}},{"type":"Feature","geometry":{"type":"Point","coordinates":[-111.1286,55.36347]},"properties":{"r":470.2,"o":67,"n":"CNRL KS22-06P KIRBY 5-35-73-8","u":"06/05-35-073-08W4/0","f":3534,"y":2022,"d":2305}},{"type":"Feature","geometry":{"type":"Point","coordinates":[-110.85915,57.19706]},"properties":{"r":326.19,"o":299,"n":"SUNCOR P118P12 FIREBAG 5-35-94-6","u":"06/05-35-094-06W4/0","f":1149,"y":2014,"d":1796}},{"type":"Feature","geometry":{"type":"Point","coordinates":[-111.10857,55.36389]},"properties":{"r":220.44,"o":67,"n":"CNRL KS21-03P KIRBY 5-36-73-8","u":"06/05-36-073-08W4/0","f":3534,"y":2022,"d":2116}},{"type":"Feature","geometry":{"type":"Point","coordinates":[-110.69215,55.63944]},"properties":{"r":110.76,"o":75,"n":"MEG N2N HARDY 6-3-77-5","u":"06/06-03-077-05W4/0","f":1892,"y":2017,"d":1648}},{"type":"Feature","geometry":{"type":"Point","coordinates":[-110.89996,55.55403]},"properties":{"r":266.37,"o":67,"n":"CNRL J5P RE LEISMER 6-5-76-6","u":"06/06-05-076-06W4/2","f":2037,"y":2012,"d":1552}},{"type":"Feature","geometry":{"type":"Point","coordinates":[-110.58945,55.65383]},"properties":{"r":817.49,"o":75,"n":"MEG MC7P HARDY 6-8-77-4","u":"06/06-08-077-04W4/0","f":1892,"y":2023,"d":2119}},{"type":"Feature","geometry":{"type":"Point","coordinates":[-110.56257,55.13239]},"properties":{"r":1246.91,"o":75,"n":"CVE N27P03 FISHER 6-9-71-4","u":"06/06-09-071-04W4/0","f":10927,"y":2024,"d":2100}},{"type":"Feature","geometry":{"type":"Point","coordinates":[-110.83638,57.2274]},"properties":{"r":1136.73,"o":299,"n":"SUNCOR SAGD P2N3 FIREBAG  6-12-95-6","u":"06/06-12-095-06W4/0","f":1149,"y":2010,"d":1539}},{"type":"Feature","geometry":{"type":"Point","coordinates":[-110.55271,54.88553]},"properties":{"r":121.27,"o":67,"n":"CNRL 18A59 PRIMROSE 6-16-68-4","u":"06/06-16-068-04W4/0","f":11042,"y":2008,"d":2318}},{"type":"Feature","geometry":{"type":"Point","coordinates":[-110.45308,55.05701]},"properties":{"r":279.41,"o":75,"n":"CVE FCCL E03P06-1 FISHER 6-18-70-3","u":"06/06-18-070-03W4/0","f":10927,"y":2018,"d":1897}},{"type":"Feature","geometry":{"type":"Point","coordinates":[-110.83593,56.20933]},"properties":{"r":1102.73,"o":85,"n":"COPRC 2671P07 NEWBY 6-23-83-6","u":"06/06-23-083-06W4/0","f":3130,"y":2022,"d":1845}},{"type":"Feature","geometry":{"type":"Point","coordinates":[-110.62905,55.07323]},"properties":{"r":503.46,"o":75,"n":"CVE W10P11 FISHER 6-24-70-5","u":"06/06-24-070-05W4/3","f":10927,"y":2023,"d":1572}},{"type":"Feature","geometry":{"type":"Point","coordinates":[-110.93561,57.19852]},"properties":{"r":1002.13,"o":299,"n":"SUNCOR P119P8 FIREBAG 6-32-94-6","u":"06/06-32-094-06W4/0","f":1149,"y":2022,"d":1596}},{"type":"Feature","geometry":{"type":"Point","coordinates":[-110.52859,54.66587]},"properties":{"r":109.92,"o":153,"n":"IMP 03 H42-04 COLDLK 6-34-65-4","u":"06/06-34-065-04W4/0","f":295,"y":2004,"d":750}},{"type":"Feature","geometry":{"type":"Point","coordinates":[-110.96239,56.42805]},"properties":{"r":434.42,"o":80,"n":"NEXEN OPTI 10P08 NEWBY 7-1-86-7","u":"06/07-01-086-07W4/0","f":2026,"y":2005,"d":1492}},{"type":"Feature","geometry":{"type":"Point","coordinates":[-110.84342,55.55475]},"properties":{"r":536.6,"o":75,"n":"CVE FCCL G11P06 KIRBY 7-3-76-6","u":"06/07-03-076-06W4/0","f":934,"y":2017,"d":1610}},{"type":"Feature","geometry":{"type":"Point","coordinates":[-110.58045,55.11607]},"properties":{"r":848.7,"o":75,"n":"CVE N23P07 FISHER 7-5-71-4","u":"06/07-05-071-04W4/3","f":10927,"y":2023,"d":2052}},{"type":"Feature","geometry":{"type":"Point","coordinates":[-110.84296,55.56734]},"properties":{"r":622.29,"o":75,"n":"CVE FCCL G09P09 LEISMER 7-10-76-6","u":"06/07-10-076-06W4/0","f":934,"y":2018,"d":1675}},{"type":"Feature","geometry":{"type":"Point","coordinates":[-110.77142,54.69521]},"properties":{"r":260.69,"o":67,"n":"CNRL SC07-14P LEMING 7-12-66-6","u":"06/07-12-066-06W4/0","f":11042,"y":2024,"d":1465}},{"type":"Feature","geometry":{"type":"Point","coordinates":[-110.60593,54.01326]},"properties":{"r":369.74,"o":295,"n":"SRL D04-R6 LIND 7-13-58-5","u":"06/07-13-058-05W4/2","f":5610,"y":2025,"d":1677}},{"type":"Feature","geometry":{"type":"Point","coordinates":[-110.96684,57.24195]},"properties":{"r":665.13,"o":299,"n":"SUNCOR P128P1 FIREBAG 7-18-95-6","u":"06/07-18-095-06W4/0","f":1149,"y":2022,"d":2018}},{"type":"Feature","geometry":{"type":"Point","coordinates":[-110.94525,55.52462]},"properties":{"r":196.05,"o":67,"n":"CNRL VV3P CONKLIN 7-25-75-7","u":"06/07-25-075-07W4/0","f":5101,"y":2013,"d":1683}},{"type":"Feature","geometry":{"type":"Point","coordinates":[-110.81851,55.61354]},"properties":{"r":1495.38,"o":75,"n":"CVE L04P06 LEISMER 7-26-76-6","u":"06/07-26-076-06W4/2","f":934,"y":2022,"d":2607}},{"type":"Feature","geometry":{"type":"Point","coordinates":[-110.51752,54.65256]},"properties":{"r":182.76,"o":153,"n":"IMP 97 H15-07 COLDLK 7-27-65-4","u":"06/07-27-065-04W4/0","f":295,"y":1997,"d":594}},{"type":"Feature","geometry":{"type":"Point","coordinates":[-110.85687,56.22154]},"properties":{"r":1197.68,"o":85,"n":"COPRC 2623P10STRD NEWBY 7-27-83-6","u":"06/07-27-083-06W4/2","f":3130,"y":2013,"d":1884}},{"type":"Feature","geometry":{"type":"Point","coordinates":[-110.95589,56.42805]},"properties":{"r":268.43,"o":80,"n":"NEXEN OPTI 10P12 NEWBY 8-1-86-7","u":"06/08-01-086-07W4/0","f":2026,"y":2005,"d":1557}},{"type":"Feature","geometry":{"type":"Point","coordinates":[-111.27691,55.46678]},"properties":{"r":216.41,"o":67,"n":"CNRL KN06-08P DEVENISH 8-2-75-9","u":"06/08-02-075-09W4/0","f":5737,"y":2022,"d":2192}},{"type":"Feature","geometry":{"type":"Point","coordinates":[-110.87632,56.25258]},"properties":{"r":1883.25,"o":85,"n":"COPRC 2621P08STRD NEWBY 8-4-84-6","u":"06/08-04-084-06W4/2","f":3130,"y":2014,"d":1618}},{"type":"Feature","geometry":{"type":"Point","coordinates":[-110.82313,57.22732]},"properties":{"r":179.24,"o":299,"n":"SUNCOR SAGD P1N3 FIREBAG   8-12-95-6","u":"06/08-12-095-06W4/0","f":1149,"y":2010,"d":1507}},{"type":"Feature","geometry":{"type":"Point","coordinates":[-110.74363,55.0588]},"properties":{"r":110.62,"o":75,"n":"CVE FCCL W30P05 FISHER 8-18-70-5","u":"06/08-18-070-05W4/2","f":10927,"y":2017,"d":1851}},{"type":"Feature","geometry":{"type":"Point","coordinates":[-110.95938,57.2401]},"properties":{"r":1149.25,"o":299,"n":"SUNCOR P128P6 FIREBAG 8-18-95-6","u":"06/08-18-095-06W4/0","f":1149,"y":2022,"d":1515}},{"type":"Feature","geometry":{"type":"Point","coordinates":[-110.43919,55.0745]},"properties":{"r":971.75,"o":75,"n":"CVE E05P01 FISHER 8-19-70-3","u":"06/08-19-070-03W4/2","f":10927,"y":2024,"d":2611}},{"type":"Feature","geometry":{"type":"Point","coordinates":[-111.70652,56.12238]},"properties":{"r":171.1,"o":84,"n":"CONNACHER OIL HANGSTN 8-19-82-11","u":"06/08-19-082-11W4/2","f":3166,"y":2022,"d":1957}},{"type":"Feature","geometry":{"type":"Point","coordinates":[-110.56478,54.55109]},"properties":{"r":410.47,"o":295,"n":"SRL CS6P TUCKLK 8-20-64-4","u":"06/08-20-064-04W4/0","f":1724,"y":2024,"d":2279}},{"type":"Feature","geometry":{"type":"Point","coordinates":[-110.49225,54.80965]},"properties":{"r":188.84,"o":67,"n":"CNRL 13C28N PRIMROSE 8-23-67-4","u":"06/08-23-067-04W4/0","f":11042,"y":2007,"d":1895}},{"type":"Feature","geometry":{"type":"Point","coordinates":[-116.55853,56.31006]},"properties":{"r":184.94,"o":67,"n":"CNUL HZ 106 CADOTTE 8-26-84-17","u":"06/08-26-084-17W5/0","f":10335,"y":2025,"d":2202}},{"type":"Feature","geometry":{"type":"Point","coordinates":[-111.01628,55.52515]},"properties":{"r":164.83,"o":67,"n":"CNRL FF1P CONKLIN 8-28-75-7","u":"06/08-28-075-07W4/0","f":3346,"y":2012,"d":1735}},{"type":"Feature","geometry":{"type":"Point","coordinates":[-110.86216,55.61049]},"properties":{"r":2031.56,"o":75,"n":"CVE L19P07 LEISMER 8-28-76-6","u":"06/08-28-076-06W4/0","f":934,"y":2021,"d":2408}},{"type":"Feature","geometry":{"type":"Point","coordinates":[-110.7227,55.08813]},"properties":{"r":458.07,"o":75,"n":"CVE W24P04 FISHER 8-29-70-5","u":"06/08-29-070-05W4/2","f":10927,"y":2025,"d":1964}},{"type":"Feature","geometry":{"type":"Point","coordinates":[-113.42885,55.96089]},"properties":{"r":125.98,"o":67,"n":"CNRL SBP36-8C RE BRINT 8-30-80-22","u":"06/08-30-080-22W4/2","f":4628,"y":2000,"d":3133}},{"type":"Feature","geometry":{"type":"Point","coordinates":[-110.60018,54.05349]},"properties":{"r":505.34,"o":295,"n":"SRL D08-P10 MURIELLK 8-36-58-5","u":"06/08-36-058-05W4/2","f":5610,"y":2023,"d":2607}},{"type":"Feature","geometry":{"type":"Point","coordinates":[-110.62087,54.9286]},"properties":{"r":443.79,"o":67,"n":"CNRL 7C71 FISHER 8-36-68-5","u":"06/08-36-068-05W4/0","f":11042,"y":2023,"d":3030}},{"type":"Feature","geometry":{"type":"Point","coordinates":[-110.78606,55.47142]},"properties":{"r":2565.76,"o":67,"n":"CNRL PK101-07P KIRBY 9-1-75-6","u":"06/09-01-075-06W4/0","f":5101,"y":2024,"d":2245}},{"type":"Feature","geometry":{"type":"Point","coordinates":[-111.2764,55.46873]},"properties":{"r":658.84,"o":67,"n":"CNRL KN06-05P DEVENISH 9-2-75-9","u":"06/09-02-075-09W4/0","f":5737,"y":2022,"d":2066}},{"type":"Feature","geometry":{"type":"Point","coordinates":[-110.43975,55.04729]},"properties":{"r":136.72,"o":75,"n":"CVE FCCL E11P06-1 FISHER 9-7-70-3","u":"06/09-07-070-03W4/0","f":10927,"y":2016,"d":1800}},{"type":"Feature","geometry":{"type":"Point","coordinates":[-111.86337,57.05672]},"properties":{"r":125.61,"o":299,"n":"PC RE E6P DOVER 9-9-93-12","u":"06/09-09-093-12W4/2","f":926,"y":2005,"d":1100}},{"type":"Feature","geometry":{"type":"Point","coordinates":[-110.95712,56.19613]},"properties":{"r":278.83,"o":85,"n":"COPRC 101P11INF1 RESDELN 9-13-83-7","u":"06/09-13-083-07W4/0","f":3130,"y":2012,"d":1592}},{"type":"Feature","geometry":{"type":"Point","coordinates":[-111.66543,56.29824]},"properties":{"r":608.62,"o":136,"n":"GROC HE W3-P1 RD HANGSTN 9-21-84-11","u":"06/09-21-084-11W4/2","f":4543,"y":2013,"d":1523}},{"type":"Feature","geometry":{"type":"Point","coordinates":[-111.07301,55.52974]},"properties":{"r":440.56,"o":67,"n":"CNRL QQ6P CONKLIN 9-30-75-7","u":"06/09-30-075-07W4/0","f":3346,"y":2017,"d":1424}},{"type":"Feature","geometry":{"type":"Point","coordinates":[-111.64079,56.32954]},"properties":{"r":248.97,"o":136,"n":"GROC HZEP (105) HANGSTN 9-34-84-11","u":"06/09-34-084-11W4/0","f":1314,"y":1998,"d":1345}},{"type":"Feature","geometry":{"type":"Point","coordinates":[-110.8127,55.71585]},"properties":{"r":1481.21,"o":75,"n":"MEG AV13P HARDY 9-35-77-6","u":"06/09-35-077-06W4/0","f":1892,"y":2025,"d":2096}},{"type":"Feature","geometry":{"type":"Point","coordinates":[-110.3227,54.77196]},"properties":{"r":159.45,"o":67,"n":"CNRL 16A78 PRIMROSE 10-1-67-3","u":"06/10-01-067-03W4/0","f":11042,"y":2007,"d":1873}},{"type":"Feature","geometry":{"type":"Point","coordinates":[-111.15651,55.46827]},"properties":{"r":726.07,"o":67,"n":"CNRL KN04-10P RE DEVENISH 10-3-75-8","u":"06/10-03-075-08W4/2","f":5737,"y":2018,"d":1840}},{"type":"Feature","geometry":{"type":"Point","coordinates":[-110.84104,55.55746]},"properties":{"r":282.85,"o":75,"n":"CVE FCCL G11P03 KIRBY 10-3-76-6","u":"06/10-03-076-06W4/0","f":934,"y":2017,"d":1806}},{"type":"Feature","geometry":{"type":"Point","coordinates":[-110.93547,57.21512]},"properties":{"r":465.38,"o":299,"n":"SUNCOR P117 P12 FIREBAG 10-5-95-6","u":"06/10-05-095-06W4/0","f":1149,"y":2013,"d":1562}},{"type":"Feature","geometry":{"type":"Point","coordinates":[-110.55239,55.13456]},"properties":{"r":1010.29,"o":75,"n":"CVE N27P09 FISHER 10-9-71-4","u":"06/10-09-071-04W4/2","f":10927,"y":2024,"d":2093}},{"type":"Feature","geometry":{"type":"Point","coordinates":[-110.80234,55.04898]},"properties":{"r":680.14,"o":75,"n":"CVE W41P04 FISHER 10-11-70-6","u":"06/10-11-070-06W4/0","f":10927,"y":2025,"d":1586}},{"type":"Feature","geometry":{"type":"Point","coordinates":[-110.63497,55.67282]},"properties":{"r":186.68,"o":75,"n":"MEG DB10P HARDY 10-13-77-5","u":"06/10-13-077-05W4/0","f":1892,"y":2017,"d":1850}},{"type":"Feature","geometry":{"type":"Point","coordinates":[-110.37337,54.81572]},"properties":{"r":136.43,"o":67,"n":"CNRL 9A93 PRIMROSE 10-22-67-3","u":"06/10-22-067-03W4/2","f":11042,"y":2011,"d":1632}},{"type":"Feature","geometry":{"type":"Point","coordinates":[-110.99908,55.51477]},"properties":{"r":241.32,"o":67,"n":"CNRL RR4P CONKLIN 10-22-75-7","u":"06/10-22-075-07W4/0","f":5101,"y":2014,"d":1593}},{"type":"Feature","geometry":{"type":"Point","coordinates":[-110.84192,55.60055]},"properties":{"r":404.85,"o":75,"n":"CVE L02P08 LEISMER 10-22-76-6","u":"06/10-22-076-06W4/4","f":934,"y":2017,"d":1895}},{"type":"Feature","geometry":{"type":"Point","coordinates":[-111.04511,57.25956]},"properties":{"r":558.2,"o":75,"n":"CVE T01P09 STEEPBK 10-22-95-7","u":"06/10-22-095-07W4/3","f":5519,"y":2023,"d":1960}},{"type":"Feature","geometry":{"type":"Point","coordinates":[-110.54554,54.56702]},"properties":{"r":209.76,"o":295,"n":"SRL COLD LK 10-28-64-4","u":"06/10-28-064-04W4/0","f":1724,"y":2007,"d":1499}},{"type":"Feature","geometry":{"type":"Point","coordinates":[-110.79069,57.19898]},"properties":{"r":1202.9,"o":299,"n":"SUNCOR P123P6 FIREBAG 10-31-94-5","u":"06/10-31-094-05W4/0","f":1149,"y":2019,"d":1789}},{"type":"Feature","geometry":{"type":"Point","coordinates":[-110.93034,57.20242]},"properties":{"r":423.39,"o":299,"n":"SUNCOR P125P5 FIREBAG 10-32-94-6","u":"06/10-32-094-06W4/0","f":1149,"y":2021,"d":1523}},{"type":"Feature","geometry":{"type":"Point","coordinates":[-110.86828,55.54228]},"properties":{"r":444.94,"o":67,"n":"CNRL O5P LEISMER 10-33-75-6","u":"06/10-33-075-06W4/0","f":2037,"y":2015,"d":1615}},{"type":"Feature","geometry":{"type":"Point","coordinates":[-110.96647,56.4146]},"properties":{"r":214.21,"o":80,"n":"NEXEN CNOOC 09P04 NEWBY 10-36-85-7","u":"06/10-36-085-07W4/2","f":2026,"y":2004,"d":1210}},{"type":"Feature","geometry":{"type":"Point","coordinates":[-110.80036,55.5567]},"properties":{"r":812.26,"o":75,"n":"CVE B17P04 KIRBY 11-1-76-6","u":"06/11-01-076-06W4/2","f":934,"y":2019,"d":1948}},{"type":"Feature","geometry":{"type":"Point","coordinates":[-110.82377,55.64303]},"properties":{"r":2836.45,"o":75,"n":"CVE X06P02 HARDY 11-2-77-6","u":"06/11-02-077-06W4/2","f":934,"y":2023,"d":2244}},{"type":"Feature","geometry":{"type":"Point","coordinates":[-110.5316,54.86026]},"properties":{"r":311.41,"o":67,"n":"CNRL 3A62 PRIMROSE 11-3-68-4","u":"06/11-03-068-04W4/2","f":11042,"y":2008,"d":2324}},{"type":"Feature","geometry":{"type":"Point","coordinates":[-110.61721,55.66024]},"properties":{"r":703.16,"o":75,"n":"MEG DD11P HARDY 11-7-77-4","u":"06/11-07-077-04W4/0","f":1892,"y":2018,"d":2248}},{"type":"Feature","geometry":{"type":"Point","coordinates":[-110.97406,57.23005]},"properties":{"r":126.15,"o":299,"n":"SUNCOR P130P5 FIREBAG 11-7-95-6","u":"06/11-07-095-06W4/0","f":1149,"y":2023,"d":1563}},{"type":"Feature","geometry":{"type":"Point","coordinates":[-111.04851,55.34054]},"properties":{"r":255.01,"o":67,"n":"CNRL D 5P KIRBY 11-20-73-7","u":"06/11-20-073-07W4/0","f":3534,"y":2012,"d":1775}},{"type":"Feature","geometry":{"type":"Point","coordinates":[-111.65291,56.29741]},"properties":{"r":1529.87,"o":136,"n":"GROC HE W5-P6RF2 HANGSTN 11-22-84-11","u":"06/11-22-084-11W4/3","f":4543,"y":2014,"d":2140}},{"type":"Feature","geometry":{"type":"Point","coordinates":[-110.61618,54.02806]},"properties":{"r":180.35,"o":295,"n":"PENGROWTH D03-F2 LNDBRGH 11-24-58-5","u":"06/11-24-058-05W4/0","f":5610,"y":2020,"d":1647}},{"type":"Feature","geometry":{"type":"Point","coordinates":[-110.93301,57.20048]},"properties":{"r":919.76,"o":299,"n":"SUNCOR P125P2 FIREBAG 11-32-94-6","u":"06/11-32-094-06W4/0","f":1149,"y":2021,"d":1668}},{"type":"Feature","geometry":{"type":"Point","coordinates":[-110.33481,54.77209]},"properties":{"r":201.99,"o":67,"n":"CNRL 9A75 PRIMROSE 12-1-67-3","u":"06/12-01-067-03W4/0","f":11042,"y":2007,"d":1626}},{"type":"Feature","geometry":{"type":"Point","coordinates":[-110.58964,54.94674]},"properties":{"r":318.79,"o":67,"n":"CNRL 16A160 FISHER 12-5-69-4","u":"06/12-05-069-04W4/0","f":11042,"y":2022,"d":2751}},{"type":"Feature","geometry":{"type":"Point","coordinates":[-114.15566,55.48363]},"properties":{"r":390.81,"o":144,"n":"HWX 106 HZ MARTENH 12-7-75-1","u":"06/12-07-075-01W5/0","f":9573,"y":2025,"d":2331}},{"type":"Feature","geometry":{"type":"Point","coordinates":[-110.58959,54.96134]},"properties":{"r":159.17,"o":67,"n":"CNRL 18A161 FISHER 12-8-69-4","u":"06/12-08-069-04W4/0","f":11042,"y":2022,"d":2667}},{"type":"Feature","geometry":{"type":"Point","coordinates":[-110.53055,54.69881]},"properties":{"r":482.62,"o":153,"n":"IMP H92-H02 LEMING 12-10-66-4","u":"06/12-10-066-04W4/0","f":295,"y":2020,"d":2577}},{"type":"Feature","geometry":{"type":"Point","coordinates":[-110.78828,55.04631]},"properties":{"r":653.17,"o":75,"n":"CVE FCCL W34P02 FISHER 12-12-70-6","u":"06/12-12-070-06W4/0","f":10927,"y":2017,"d":2070}},{"type":"Feature","geometry":{"type":"Point","coordinates":[-111.08742,57.24299]},"properties":{"r":296.94,"o":75,"n":"CVE EP02-1 STEEPBK 12-16-95-7","u":"06/12-16-095-07W4/3","f":5519,"y":2025,"d":1216}},{"type":"Feature","geometry":{"type":"Point","coordinates":[-111.05861,57.25728]},"properties":{"r":1023.79,"o":75,"n":"CVE T01P01 STEEPBK 12-22-95-7","u":"06/12-22-095-07W4/0","f":5519,"y":2023,"d":1674}},{"type":"Feature","geometry":{"type":"Point","coordinates":[-110.41183,55.09181]},"properties":{"r":680.01,"o":75,"n":"CVE E23P05 FISHER 12-28-70-3","u":"06/12-28-070-03W4/3","f":10927,"y":2023,"d":2173}},{"type":"Feature","geometry":{"type":"Point","coordinates":[-110.57956,54.58386]},"properties":{"r":166.87,"o":295,"n":"SRL COLD LK 12-32-64-4","u":"06/12-32-064-04W4/0","f":1724,"y":2005,"d":1407}},{"type":"Feature","geometry":{"type":"Point","coordinates":[-110.53449,54.67031]},"properties":{"r":155.65,"o":153,"n":"IMP 95 H25-28 COLDLK 12-34-65-4","u":"06/12-34-065-04W4/0","f":295,"y":1995,"d":601}},{"type":"Feature","geometry":{"type":"Point","coordinates":[-110.85915,57.20032]},"properties":{"r":808.62,"o":299,"n":"SUNCOR P118P16 FIREBAG 12-35-94-6","u":"06/12-35-094-06W4/0","f":1149,"y":2014,"d":1771}},{"type":"Feature","geometry":{"type":"Point","coordinates":[-110.97861,56.4154]},"properties":{"r":221.34,"o":80,"n":"NEXEN OPTI 10P03 NEWBY 12-36-85-7","u":"06/12-36-085-07W4/0","f":2026,"y":2005,"d":1165}},{"type":"Feature","geometry":{"type":"Point","coordinates":[-110.95863,55.56098]},"properties":{"r":207.1,"o":142,"n":"HARVEST HZ 102 P3 LEISMER 13-1-76-7","u":"06/13-01-076-07W4/0","f":5421,"y":2011,"d":1455}},{"type":"Feature","geometry":{"type":"Point","coordinates":[-110.50802,54.60079]},"properties":{"r":105.46,"o":153,"n":"IMP 99 D31-06 COLDLK 13-2-65-4","u":"06/13-02-065-04W4/0","f":295,"y":2000,"d":606}},{"type":"Feature","geometry":{"type":"Point","coordinates":[-110.44582,53.81359]},"properties":{"r":202.78,"o":67,"n":"CNRL 13A HZ LIND 13-6-56-3","u":"06/13-06-056-03W4/0","f":10659,"y":2025,"d":2326}},{"type":"Feature","geometry":{"type":"Point","coordinates":[-110.62335,55.64739]},"properties":{"r":706.28,"o":75,"n":"MEG DA6P HARDY 13-6-77-4","u":"06/13-06-077-04W4/0","f":1892,"y":2022,"d":1740}},{"type":"Feature","geometry":{"type":"Point","coordinates":[-110.58957,54.96507]},"properties":{"r":378.52,"o":67,"n":"CNRL 25A161 FISHER 13-8-69-4","u":"06/13-08-069-04W4/0","f":11042,"y":2022,"d":2969}},{"type":"Feature","geometry":{"type":"Point","coordinates":[-110.92688,56.44897]},"properties":{"r":265.01,"o":80,"n":"CNOOC 13P06 REDRILL NEWBY 13-8-86-6","u":"06/13-08-086-06W4/2","f":2026,"y":2011,"d":1061}},{"type":"Feature","geometry":{"type":"Point","coordinates":[-110.79023,55.04973]},"properties":{"r":732.53,"o":75,"n":"CVE FCCL W34P06 FISHER 13-12-70-6","u":"06/13-12-070-06W4/0","f":10927,"y":2017,"d":1976}},{"type":"Feature","geometry":{"type":"Point","coordinates":[-111.06045,57.24771]},"properties":{"r":1096.82,"o":75,"n":"HUSKY R2P STEEPBK 13-15-95-7","u":"06/13-15-095-07W4/0","f":5519,"y":2018,"d":1485}},{"type":"Feature","geometry":{"type":"Point","coordinates":[-111.05698,55.34096]},"properties":{"r":169.59,"o":67,"n":"CNRL F 9P KIRBY 13-20-73-7","u":"06/13-20-073-07W4/0","f":3534,"y":2017,"d":1633}},{"type":"Feature","geometry":{"type":"Point","coordinates":[-110.97855,56.40299]},"properties":{"r":266.69,"o":80,"n":"NEU CNOOC 06P07 INF NEWBY 13-25-85-7","u":"06/13-25-085-07W4/0","f":2026,"y":2018,"d":1400}},{"type":"Feature","geometry":{"type":"Point","coordinates":[-110.8283,55.53312]},"properties":{"r":608.54,"o":75,"n":"CVE J17P06-1 KIRBY 13-26-75-6","u":"06/13-26-075-06W4/0","f":934,"y":2022,"d":2495}},{"type":"Feature","geometry":{"type":"Point","coordinates":[-110.84565,56.2286]},"properties":{"r":582.06,"o":85,"n":"COPRC 2613P12STRD NEWBY 13-26-83-6","u":"06/13-26-083-06W4/2","f":3130,"y":2014,"d":1665}},{"type":"Feature","geometry":{"type":"Point","coordinates":[-110.86119,57.18892]},"properties":{"r":499.6,"o":299,"n":"SUNCOR P122P7 FIREBAG 13-26-94-6","u":"06/13-26-094-06W4/0","f":1149,"y":2020,"d":1705}},{"type":"Feature","geometry":{"type":"Point","coordinates":[-110.55528,54.65846]},"properties":{"r":122.21,"o":153,"n":"IMP 96 L11-16 COLDLK 13-28-65-4","u":"06/13-28-065-04W4/0","f":295,"y":1996,"d":490}},{"type":"Feature","geometry":{"type":"Point","coordinates":[-110.56279,55.09666]},"properties":{"r":790.67,"o":75,"n":"CVE N13P03 FISHER 13-28-70-4","u":"06/13-28-070-04W4/2","f":10927,"y":2022,"d":2600}},{"type":"Feature","geometry":{"type":"Point","coordinates":[-110.58036,54.58657]},"properties":{"r":317.91,"o":295,"n":"SRL COLD LK 13-32-64-4","u":"06/13-32-064-04W4/0","f":1724,"y":2005,"d":1545}},{"type":"Feature","geometry":{"type":"Point","coordinates":[-110.84423,56.24453]},"properties":{"r":523.29,"o":85,"n":"COPRC 2622P07STRD NEWBY 13-35-83-6","u":"06/13-35-083-06W4/2","f":3130,"y":2014,"d":1616}},{"type":"Feature","geometry":{"type":"Point","coordinates":[-110.86156,57.20576]},"properties":{"r":227.29,"o":299,"n":"SUNCOR P10P5 FIREBAG 13-35-94-6","u":"06/13-35-094-06W4/0","f":1149,"y":2012,"d":1560}},{"type":"Feature","geometry":{"type":"Point","coordinates":[-110.83409,57.20383]},"properties":{"r":1221.31,"o":299,"n":"SUNCOR SAGD P2N7 FIREBAG  13-36-94-6","u":"06/13-36-094-06W4/0","f":1149,"y":2010,"d":1598}},{"type":"Feature","geometry":{"type":"Point","coordinates":[-110.96803,56.43188]},"properties":{"r":271.55,"o":80,"n":"CNOOC 19P08 NEWBY 14-1-86-7","u":"06/14-01-086-07W4/0","f":2026,"y":2023,"d":2156}},{"type":"Feature","geometry":{"type":"Point","coordinates":[-111.90102,57.04388]},"properties":{"r":299.27,"o":299,"n":"SUNCOR NN1PB DOVER 14-5-93-12","u":"06/14-05-093-12W4/3","f":926,"y":2007,"d":1543}},{"type":"Feature","geometry":{"type":"Point","coordinates":[-110.61565,55.66257]},"properties":{"r":434.21,"o":75,"n":"MEG DC2P HARDY 14-7-77-4","u":"06/14-07-077-04W4/0","f":1892,"y":2018,"d":1613}},{"type":"Feature","geometry":{"type":"Point","coordinates":[-110.92056,57.23404]},"properties":{"r":1814.48,"o":299,"n":"SUNCOR P114P4 FIREBAG 14-9-95-6","u":"06/14-09-095-06W4/0","f":1149,"y":2013,"d":1535}},{"type":"Feature","geometry":{"type":"Point","coordinates":[-110.83473,57.23357]},"properties":{"r":120.55,"o":299,"n":"SUNCOR P3N10 FIREBAG 14-12-95-6","u":"06/14-12-095-06W4/0","f":1149,"y":2013,"d":1494}},{"type":"Feature","geometry":{"type":"Point","coordinates":[-110.99788,56.20081]},"properties":{"r":785.7,"o":85,"n":"COPRC 101NP25STRD RESDELN 14-14-83-7","u":"06/14-14-083-07W4/2","f":3130,"y":2013,"d":1883}},{"type":"Feature","geometry":{"type":"Point","coordinates":[-110.67987,55.0801]},"properties":{"r":268.74,"o":75,"n":"CVE FCCL W23PO2-1 FISHER 14-22-70-5","u":"06/14-22-070-05W4/0","f":10927,"y":2017,"d":1965}},{"type":"Feature","geometry":{"type":"Point","coordinates":[-110.61474,55.63393]},"properties":{"r":893.89,"o":75,"n":"MEG MH5P HARDY 14-31-76-4","u":"06/14-31-076-04W4/0","f":1892,"y":2024,"d":1554}},{"type":"Feature","geometry":{"type":"Point","coordinates":[-110.87605,55.54701]},"properties":{"r":191.71,"o":67,"n":"CNRL B5P LEISMER 14-33-75-6","u":"06/14-33-075-06W4/0","f":2037,"y":2005,"d":1578}},{"type":"Feature","geometry":{"type":"Point","coordinates":[-110.45717,53.90364]},"properties":{"r":110.07,"o":37,"n":"2619800 AYIK 106 HZ LIND 15-1-57-4","u":"06/15-01-057-04W4/0","f":10541,"y":2025,"d":1823}},{"type":"Feature","geometry":{"type":"Point","coordinates":[-110.54452,54.68948]},"properties":{"r":568.66,"o":153,"n":"IMP H91-H03 LEMING 15-4-66-4","u":"06/15-04-066-04W4/0","f":295,"y":2020,"d":2053}},{"type":"Feature","geometry":{"type":"Point","coordinates":[-110.93576,57.22079]},"properties":{"r":507.04,"o":299,"n":"SUNCOR SAGD P16P16 FIREBAG  15-5-95-","u":"06/15-05-095-06W4/0","f":1149,"y":2010,"d":1614}},{"type":"Feature","geometry":{"type":"Point","coordinates":[-110.93969,56.44883]},"properties":{"r":357.51,"o":80,"n":"NEXEN OPTI 12P04 NEWBY 15-7-86-6","u":"06/15-07-086-06W4/0","f":2026,"y":2011,"d":1059}},{"type":"Feature","geometry":{"type":"Point","coordinates":[-110.79486,55.5742]},"properties":{"r":198.25,"o":75,"n":"CVE FCCL B10P05 LEISMER 15-12-76-6","u":"06/15-12-076-06W4/0","f":934,"y":2014,"d":1986}},{"type":"Feature","geometry":{"type":"Point","coordinates":[-112.11713,56.81072]},"properties":{"r":132.99,"o":233,"n":"MACOP AB03P CRKD RPS 15-14-90-14","u":"06/15-14-090-14W4/0","f":6448,"y":2013,"d":1334}},{"type":"Feature","geometry":{"type":"Point","coordinates":[-111.46559,55.76501]},"properties":{"r":183.87,"o":34,"n":"ATH L7P6 LEISMER 15-15-78-10","u":"06/15-15-078-10W4/0","f":2782,"y":2021,"d":1977}},{"type":"Feature","geometry":{"type":"Point","coordinates":[-111.0428,57.26287]},"properties":{"r":452.7,"o":75,"n":"CVE U01P06 STEEPBK 15-22-95-7","u":"06/15-22-095-07W4/2","f":5519,"y":2023,"d":2094}},{"type":"Feature","geometry":{"type":"Point","coordinates":[-110.61012,55.63318]},"properties":{"r":907.66,"o":75,"n":"MEG MH10P HARDY 15-31-76-4","u":"06/15-31-076-04W4/0","f":1892,"y":2024,"d":1539}},{"type":"Feature","geometry":{"type":"Point","coordinates":[-110.56889,54.58693]},"properties":{"r":154.9,"o":295,"n":"SRL COLD LK 15-32-64-4","u":"06/15-32-064-04W4/0","f":1724,"y":2012,"d":1326}},{"type":"Feature","geometry":{"type":"Point","coordinates":[-113.65744,55.37309]},"properties":{"r":167.79,"o":293,"n":"SPL 10-29 HZ 104 MARTENH 15-32-73-24","u":"06/15-32-073-24W4/0","f":7981,"y":2021,"d":2685}},{"type":"Feature","geometry":{"type":"Point","coordinates":[-110.92869,57.20377]},"properties":{"r":883.17,"o":299,"n":"SUNCOR P125P7 FIREBAG 15-32-94-6","u":"06/15-32-094-06W4/0","f":1149,"y":2021,"d":1534}},{"type":"Feature","geometry":{"type":"Point","coordinates":[-110.78311,55.47279]},"properties":{"r":2742.65,"o":67,"n":"CNRL PK101-10P KIRBY 16-1-75-6","u":"06/16-01-075-06W4/0","f":5101,"y":2024,"d":2407}},{"type":"Feature","geometry":{"type":"Point","coordinates":[-110.83882,55.56104]},"properties":{"r":627.3,"o":75,"n":"CVE FCCL G09P02 KIRBY 16-3-76-6","u":"06/16-03-076-06W4/3","f":934,"y":2018,"d":2064}},{"type":"Feature","geometry":{"type":"Point","coordinates":[-111.91655,57.05764]},"properties":{"r":455.44,"o":299,"n":"SUNCOR 750P4 DOVER 16-7-93-12","u":"06/16-07-093-12W4/0","f":926,"y":2013,"d":1401}},{"type":"Feature","geometry":{"type":"Point","coordinates":[-110.62686,55.66149]},"properties":{"r":173.54,"o":75,"n":"MEG DD8P HARDY 16-12-77-5","u":"06/16-12-077-05W4/0","f":1892,"y":2018,"d":1396}},{"type":"Feature","geometry":{"type":"Point","coordinates":[-110.49236,54.80367]},"properties":{"r":314.95,"o":67,"n":"CNRL 5C28 PRIMROSE 16-14-67-4","u":"06/16-14-067-04W4/0","f":11042,"y":2006,"d":2097}},{"type":"Feature","geometry":{"type":"Point","coordinates":[-113.77692,55.41454]},"properties":{"r":155.15,"o":293,"n":"SPL 10-17 106 MARTENH 16-16-74-25","u":"06/16-16-074-25W4/0","f":7981,"y":2024,"d":2555}},{"type":"Feature","geometry":{"type":"Point","coordinates":[-110.88304,54.3828]},"properties":{"r":119.76,"o":67,"n":"CNRL 16D HZ FORSYTH 16-19-62-6","u":"06/16-19-062-06W4/0","f":9071,"y":2025,"d":1365}},{"type":"Feature","geometry":{"type":"Point","coordinates":[-110.53916,54.55598]},"properties":{"r":361.2,"o":295,"n":"SRL H6P TUCKLK 16-21-64-4","u":"06/16-21-064-04W4/0","f":1724,"y":2022,"d":1950}},{"type":"Feature","geometry":{"type":"Point","coordinates":[-110.80873,55.6028]},"properties":{"r":373.91,"o":75,"n":"CVE L09P08-1 LEISMER 16-23-76-6","u":"06/16-23-076-06W4/0","f":934,"y":2025,"d":1170}},{"type":"Feature","geometry":{"type":"Point","coordinates":[-113.69989,55.4313]},"properties":{"r":146.91,"o":144,"n":"HWX HZ MARTENH 16-24-74-25","u":"06/16-24-074-25W4/3","f":8565,"y":2022,"d":2559}},{"type":"Feature","geometry":{"type":"Point","coordinates":[-110.35287,53.78574]},"properties":{"r":149.66,"o":66,"n":"CALTEX TRILOGY 106HZ LIND 16-27-55-3","u":"06/16-27-055-03W4/0","f":10830,"y":2025,"d":1985}},{"type":"Feature","geometry":{"type":"Point","coordinates":[-111.40356,56.49237]},"properties":{"r":167.39,"o":34,"n":"ATH AC01P HANGST 16-30-86-9","u":"06/16-30-086-09W4/0","f":5356,"y":2013,"d":1226}},{"type":"Feature","geometry":{"type":"Point","coordinates":[-110.46482,54.58508]},"properties":{"r":158.57,"o":153,"n":"IMP 07 D29-H02 COLD LK 16-36-64-4","u":"06/16-36-064-04W4/0","f":294,"y":2008,"d":1776}},{"type":"Feature","geometry":{"type":"Point","coordinates":[-110.31265,54.76383]},"properties":{"r":243.04,"o":67,"n":"CNRL 7A77 RD MOORE 1-1-67-3","u":"07/01-01-067-03W4/0","f":11042,"y":2025,"d":1527}},{"type":"Feature","geometry":{"type":"Point","coordinates":[-110.34062,54.76377]},"properties":{"r":224.55,"o":67,"n":"CNRL 13A74 PRIMROSE 1-2-67-3","u":"07/01-02-067-03W4/0","f":11042,"y":2008,"d":1816}},{"type":"Feature","geometry":{"type":"Point","coordinates":[-110.41421,54.60272]},"properties":{"r":223.81,"o":153,"n":"IMP 23 Y01-P02 ETHELLK 1-8-65-3","u":"07/01-08-065-03W4/0","f":3127,"y":2023,"d":2462}},{"type":"Feature","geometry":{"type":"Point","coordinates":[-110.93863,55.56457]},"properties":{"r":131.29,"o":142,"n":"HARVEST HZ 101P4-1 LEISMER 1-12-76-7","u":"07/01-12-076-07W4/2","f":5421,"y":2012,"d":1408}},{"type":"Feature","geometry":{"type":"Point","coordinates":[-111.7347,56.1036]},"properties":{"r":308.45,"o":84,"n":"CLC 201-202-R03 DIVIDE 1-13-82-12","u":"07/01-13-082-12W4/0","f":3166,"y":2026,"d":2012}},{"type":"Feature","geometry":{"type":"Point","coordinates":[-110.95943,56.36366]},"properties":{"r":460.22,"o":80,"n":"NEU CNOOC 16P05 NEWBY 1-13-85-7","u":"07/01-13-085-07W4/0","f":2026,"y":2019,"d":1336}},{"type":"Feature","geometry":{"type":"Point","coordinates":[-110.51652,55.05491]},"properties":{"r":367.32,"o":75,"n":"CVE GP6-2 FISHER 1-15-70-4","u":"07/01-15-070-04W4/0","f":10927,"y":2022,"d":1466}},{"type":"Feature","geometry":{"type":"Point","coordinates":[-110.34217,54.80875]},"properties":{"r":218.57,"o":67,"n":"CNRL 21A90 PRIMROSE 1-23-67-3","u":"07/01-23-067-03W4/0","f":11042,"y":2011,"d":1905}},{"type":"Feature","geometry":{"type":"Point","coordinates":[-110.9382,55.52188]},"properties":{"r":423.3,"o":67,"n":"CNRL EEE1P CONKLIN 1-25-75-7","u":"07/01-25-075-07W4/0","f":2037,"y":2016,"d":1949}},{"type":"Feature","geometry":{"type":"Point","coordinates":[-116.55856,56.30802]},"properties":{"r":251.19,"o":67,"n":"CNUL HZ 107 CADOTTE 1-26-84-17","u":"07/01-26-084-17W5/0","f":10335,"y":2025,"d":2181}},{"type":"Feature","geometry":{"type":"Point","coordinates":[-110.98976,55.52197]},"properties":{"r":223.18,"o":67,"n":"CNRL EE3P CONKLIN 1-27-75-7","u":"07/01-27-075-07W4/0","f":5101,"y":2013,"d":1549}},{"type":"Feature","geometry":{"type":"Point","coordinates":[-111.01725,55.52045]},"properties":{"r":160.81,"o":67,"n":"CNRL FF7P CONKLIN 1-28-75-7","u":"07/01-28-075-07W4/0","f":3346,"y":2012,"d":1586}},{"type":"Feature","geometry":{"type":"Point","coordinates":[-110.3645,54.57349]},"properties":{"r":626.53,"o":153,"n":"IMP V05-H32 COLD LK 1-34-64-3","u":"07/01-34-064-03W4/0","f":3127,"y":2019,"d":1674}},{"type":"Feature","geometry":{"type":"Point","coordinates":[-110.8812,57.20971]},"properties":{"r":107.49,"o":299,"n":"SUNCOR P105N15 FIREBAG 2-3-95-6","u":"07/02-03-095-06W4/0","f":1149,"y":2017,"d":1589}},{"type":"Feature","geometry":{"type":"Point","coordinates":[-110.68912,55.65248]},"properties":{"r":159.59,"o":75,"n":"MEG M7P HARDY 2-10-77-5","u":"07/02-10-077-05W4/0","f":1892,"y":2011,"d":1584}},{"type":"Feature","geometry":{"type":"Point","coordinates":[-116.53808,56.29236]},"properties":{"r":432.3,"o":67,"n":"CNUL HZ 107 CADOTTE 2-24-84-17","u":"07/02-24-084-17W5/0","f":7349,"y":2026,"d":1615}},{"type":"Feature","geometry":{"type":"Point","coordinates":[-110.44481,54.57379]},"properties":{"r":158.0,"o":153,"n":"IMP 10 T18-H03 COLD LK 2-31-64-3","u":"07/02-31-064-03W4/0","f":3127,"y":2011,"d":1355}},{"type":"Feature","geometry":{"type":"Point","coordinates":[-111.41382,56.49479]},"properties":{"r":239.01,"o":34,"n":"ATH AD02P HANGST 2-31-86-9","u":"07/02-31-086-09W4/0","f":5356,"y":2013,"d":1197}},{"type":"Feature","geometry":{"type":"Point","coordinates":[-110.89241,57.20957]},"properties":{"r":981.67,"o":299,"n":"SUNCOR P6P16B FIREBAG 3-3-95-6","u":"07/03-03-095-06W4/2","f":1149,"y":2008,"d":1657}},{"type":"Feature","geometry":{"type":"Point","coordinates":[-111.87678,57.03272]},"properties":{"r":612.82,"o":299,"n":"SUNCOR P819P6 DOVER 3-4-93-12","u":"07/03-04-093-12W4/0","f":926,"y":2022,"d":1428}},{"type":"Feature","geometry":{"type":"Point","coordinates":[-111.56165,55.82711]},"properties":{"r":624.3,"o":34,"n":"ATHABASCA L08P07 LEISMER 3-7-79-10","u":"07/03-07-079-10W4/0","f":2782,"y":2022,"d":1945}},{"type":"Feature","geometry":{"type":"Point","coordinates":[-110.53184,54.86524]},"properties":{"r":159.47,"o":67,"n":"CNRL 10A62 PRIMROSE 3-10-68-4","u":"07/03-10-068-04W4/0","f":11042,"y":2008,"d":2034}},{"type":"Feature","geometry":{"type":"Point","coordinates":[-110.78373,55.04183]},"properties":{"r":726.83,"o":75,"n":"CVE W35P11-2 FISHER 3-12-70-6","u":"07/03-12-070-06W4/2","f":10927,"y":2024,"d":1923}},{"type":"Feature","geometry":{"type":"Point","coordinates":[-110.61559,55.66515]},"properties":{"r":565.49,"o":75,"n":"MEG DD7N HARDY 3-18-77-4","u":"07/03-18-077-04W4/0","f":1892,"y":2023,"d":2130}},{"type":"Feature","geometry":{"type":"Point","coordinates":[-110.7077,55.07039]},"properties":{"r":1237.06,"o":75,"n":"CVE W26P03-1 FISHER 3-21-70-5","u":"07/03-21-070-05W4/0","f":10927,"y":2023,"d":2364}},{"type":"Feature","geometry":{"type":"Point","coordinates":[-110.35467,54.82383]},"properties":{"r":118.71,"o":67,"n":"CNRL 14A92 PRIMROSE 3-26-67-3","u":"07/03-26-067-03W4/0","f":11042,"y":2011,"d":1703}},{"type":"Feature","geometry":{"type":"Point","coordinates":[-110.4495,54.57529]},"properties":{"r":197.5,"o":153,"n":"IMP 21 E12-H11 ETHELLK 3-31-64-3","u":"07/03-31-064-03W4/0","f":294,"y":2022,"d":2008}},{"type":"Feature","geometry":{"type":"Point","coordinates":[-111.49321,55.81332]},"properties":{"r":333.42,"o":34,"n":"ATH L5P4 LEISMER 4-3-79-10","u":"07/04-03-079-10W4/0","f":2782,"y":2013,"d":1538}},{"type":"Feature","geometry":{"type":"Point","coordinates":[-110.30914,54.76374]},"properties":{"r":148.88,"o":67,"n":"CNRL 4A77 RD MOORE 4-6-67-2","u":"07/04-06-067-02W4/0","f":11042,"y":2025,"d":1579}},{"type":"Feature","geometry":{"type":"Point","coordinates":[-110.62203,55.63559]},"properties":{"r":889.31,"o":75,"n":"MEG MC11P HARDY 4-6-77-4","u":"07/04-06-077-04W4/0","f":1892,"y":2024,"d":1692}},{"type":"Feature","geometry":{"type":"Point","coordinates":[-110.98051,57.22369]},"properties":{"r":811.07,"o":299,"n":"SUNCOR P112P14 FIREBAG 4-7-95-6","u":"07/04-07-095-06W4/0","f":1149,"y":2014,"d":1530}},{"type":"Feature","geometry":{"type":"Point","coordinates":[-110.58964,54.95485]},"properties":{"r":139.68,"o":67,"n":"CNRL 6A161 FISHER 4-8-69-4","u":"07/04-08-069-04W4/0","f":11042,"y":2022,"d":2827}},{"type":"Feature","geometry":{"type":"Point","coordinates":[-110.80644,55.65264]},"properties":{"r":465.63,"o":75,"n":"MEG AN6P HARDY 4-12-77-6","u":"07/04-12-077-06W4/0","f":1892,"y":2014,"d":1381}},{"type":"Feature","geometry":{"type":"Point","coordinates":[-110.92717,57.23884]},"properties":{"r":699.34,"o":299,"n":"SUNCOR P121P19 FIREBAG 4-16-95-6","u":"07/04-16-095-06W4/0","f":1149,"y":2018,"d":1853}},{"type":"Feature","geometry":{"type":"Point","coordinates":[-114.15237,55.49345]},"properties":{"r":129.42,"o":144,"n":"HWX 107 HZ MARTENH 4-18-75-1","u":"07/04-18-075-01W5/0","f":9573,"y":2025,"d":2747}},{"type":"Feature","geometry":{"type":"Point","coordinates":[-110.62497,55.6666]},"properties":{"r":551.2,"o":75,"n":"MEG DD4P HARDY 4-18-77-4","u":"07/04-18-077-04W4/0","f":1892,"y":2018,"d":1637}},{"type":"Feature","geometry":{"type":"Point","coordinates":[-112.13046,56.81522]},"properties":{"r":173.05,"o":233,"n":"MACOP AA02P CRKD RPS 4-23-90-14","u":"07/04-23-090-14W4/0","f":6448,"y":2013,"d":1344}},{"type":"Feature","geometry":{"type":"Point","coordinates":[-110.3338,54.80872]},"properties":{"r":119.82,"o":67,"n":"CNRL 12A90 PRIMROSE 4-24-67-3","u":"07/04-24-067-03W4/0","f":11042,"y":2011,"d":1656}},{"type":"Feature","geometry":{"type":"Point","coordinates":[-110.86932,56.21921]},"properties":{"r":151.04,"o":85,"n":"COPRC 2641P04STRD NEWBY 4-27-83-6","u":"07/04-27-083-06W4/2","f":3130,"y":2013,"d":1560}},{"type":"Feature","geometry":{"type":"Point","coordinates":[-110.38264,55.09701]},"properties":{"r":606.27,"o":75,"n":"CVE E28P09 FISHER 4-34-70-3","u":"07/04-34-070-03W4/2","f":10927,"y":2023,"d":2477}},{"type":"Feature","geometry":{"type":"Point","coordinates":[-111.12859,55.35996]},"properties":{"r":450.94,"o":67,"n":"CNRL KS22-01P KIRBY 4-35-73-8","u":"07/04-35-073-08W4/0","f":3534,"y":2022,"d":2292}},{"type":"Feature","geometry":{"type":"Point","coordinates":[-110.86037,57.19364]},"properties":{"r":639.34,"o":299,"n":"SUNCOR P122P2 FIREBAG 4-35-94-6","u":"07/04-35-094-06W4/0","f":1149,"y":2020,"d":1825}},{"type":"Feature","geometry":{"type":"Point","coordinates":[-110.54274,55.11811]},"properties":{"r":1267.1,"o":75,"n":"CVE N25P02 FISHER 5-3-71-4","u":"07/05-03-071-04W4/2","f":10927,"y":2023,"d":2234}},{"type":"Feature","geometry":{"type":"Point","coordinates":[-110.89363,57.21328]},"properties":{"r":1477.81,"o":299,"n":"SUNCOR  P117N4 FIREBAG  5-3-95-6","u":"07/05-03-095-06W4/3","f":1149,"y":2021,"d":1403}},{"type":"Feature","geometry":{"type":"Point","coordinates":[-110.58962,54.94406]},"properties":{"r":173.95,"o":67,"n":"CNRL 11A160 FISHER 5-5-69-4","u":"07/05-05-069-04W4/0","f":11042,"y":2022,"d":2815}},{"type":"Feature","geometry":{"type":"Point","coordinates":[-110.76703,55.04558]},"properties":{"r":494.9,"o":75,"n":"CVE W32P06-1 FISHER 5-7-70-5","u":"07/05-07-070-05W4/2","f":10927,"y":2024,"d":1884}},{"type":"Feature","geometry":{"type":"Point","coordinates":[-110.98009,57.22779]},"properties":{"r":986.81,"o":299,"n":"SUNCOR P111P14 FIREBAG 5-7-95-6","u":"07/05-07-095-06W4/0","f":1149,"y":2019,"d":1567}},{"type":"Feature","geometry":{"type":"Point","coordinates":[-110.50683,54.60712]},"properties":{"r":251.72,"o":153,"n":"ESSO 85 D6-14 COLDLK 5-11-65-4","u":"07/05-11-065-04W4/0","f":295,"y":1985,"d":513}},{"type":"Feature","geometry":{"type":"Point","coordinates":[-110.84525,57.22734]},"properties":{"r":277.74,"o":299,"n":"SUNCOR P8P15 FIREBAG  5-12-95-6","u":"07/05-12-095-06W4/0","f":1149,"y":2013,"d":1483}},{"type":"Feature","geometry":{"type":"Point","coordinates":[-110.58398,55.07372]},"properties":{"r":408.48,"o":75,"n":"CVE W05P01-1 FISHER 5-20-70-4","u":"07/05-20-070-04W4/0","f":10927,"y":2023,"d":1531}},{"type":"Feature","geometry":{"type":"Point","coordinates":[-110.8431,56.20682]},"properties":{"r":655.59,"o":85,"n":"COPRC 2652P10STRD NEWBY 5-23-83-6","u":"07/05-23-083-06W4/2","f":3130,"y":2014,"d":1725}},{"type":"Feature","geometry":{"type":"Point","coordinates":[-110.97857,56.39807]},"properties":{"r":484.46,"o":80,"n":"NEXEN CNOOC 06P12 NEWBY 5-25-85-7","u":"07/05-25-085-07W4/2","f":2026,"y":2005,"d":1362}},{"type":"Feature","geometry":{"type":"Point","coordinates":[-110.9424,57.19718]},"properties":{"r":572.23,"o":299,"n":"SUNCOR P119P4 FIREBAG 5-32-94-6","u":"07/05-32-094-06W4/0","f":1149,"y":2022,"d":1749}},{"type":"Feature","geometry":{"type":"Point","coordinates":[-110.55988,55.10265]},"properties":{"r":925.82,"o":75,"n":"CVE N13P09 FISHER 5-33-70-4","u":"07/05-33-070-04W4/0","f":10927,"y":2022,"d":2215}},{"type":"Feature","geometry":{"type":"Point","coordinates":[-110.87927,55.53836]},"properties":{"r":191.23,"o":67,"n":"CNRL G2P LEISMER 5-33-75-6","u":"07/05-33-075-06W4/2","f":2037,"y":2014,"d":1545}},{"type":"Feature","geometry":{"type":"Point","coordinates":[-111.1286,55.36416]},"properties":{"r":686.28,"o":67,"n":"CNRL KS22-07P KIRBY 5-35-73-8","u":"07/05-35-073-08W4/0","f":3534,"y":2022,"d":2340}},{"type":"Feature","geometry":{"type":"Point","coordinates":[-110.85923,57.19787]},"properties":{"r":252.24,"o":299,"n":"SUNCOR P118P13 FIREBAG 5-35-94-6","u":"07/05-35-094-06W4/0","f":1149,"y":2014,"d":1745}},{"type":"Feature","geometry":{"type":"Point","coordinates":[-111.10855,55.36453]},"properties":{"r":506.12,"o":67,"n":"CNRL KS21-04P KIRBY 5-36-73-8","u":"07/05-36-073-08W4/0","f":3534,"y":2022,"d":2300}},{"type":"Feature","geometry":{"type":"Point","coordinates":[-110.52518,54.67955]},"properties":{"r":111.94,"o":153,"n":"IMP 95 H27-16 COLDLK 6-3-66-4","u":"07/06-03-066-04W4/0","f":295,"y":1995,"d":462}},{"type":"Feature","geometry":{"type":"Point","coordinates":[-110.90117,55.55435]},"properties":{"r":403.97,"o":67,"n":"CNRL J6P RE LEISMER 6-5-76-6","u":"07/06-05-076-06W4/2","f":2037,"y":2012,"d":1567}},{"type":"Feature","geometry":{"type":"Point","coordinates":[-110.55842,55.13154]},"properties":{"r":997.54,"o":75,"n":"CVE N27P04 FISHER 6-9-71-4","u":"07/06-09-071-04W4/2","f":10927,"y":2024,"d":1843}},{"type":"Feature","geometry":{"type":"Point","coordinates":[-110.64597,55.6547]},"properties":{"r":260.54,"o":75,"n":"MEG DE4N HARDY 6-12-77-5","u":"07/06-12-077-05W4/0","f":1892,"y":2024,"d":1820}},{"type":"Feature","geometry":{"type":"Point","coordinates":[-110.82271,55.6128]},"properties":{"r":776.9,"o":75,"n":"CVE L04P08 LEISMER 6-26-76-6","u":"07/06-26-076-06W4/2","f":934,"y":2022,"d":2436}},{"type":"Feature","geometry":{"type":"Point","coordinates":[-110.45199,54.57798]},"properties":{"r":153.93,"o":153,"n":"IMP 99 Y36-19 COLDLK 6-31-64-3","u":"07/06-31-064-03W4/0","f":3127,"y":2000,"d":573}},{"type":"Feature","geometry":{"type":"Point","coordinates":[-110.91745,56.41146]},"properties":{"r":1209.68,"o":80,"n":"NEXENCAN OPTI LLKHZ 01P03 6-32-85-6","u":"07/06-32-085-06W4/0","f":2026,"y":2002,"d":1300}},{"type":"Feature","geometry":{"type":"Point","coordinates":[-110.96399,56.42806]},"properties":{"r":668.54,"o":80,"n":"NEXEN OPTI 10P07 NEWBY 7-1-86-7","u":"07/07-01-086-07W4/0","f":2026,"y":2005,"d":1555}},{"type":"Feature","geometry":{"type":"Point","coordinates":[-110.84586,55.56824]},"properties":{"r":429.66,"o":75,"n":"CVE FCCL G09P10 LEISMER 7-10-76-6","u":"07/07-10-076-06W4/0","f":934,"y":2018,"d":1554}},{"type":"Feature","geometry":{"type":"Point","coordinates":[-110.77089,54.69476]},"properties":{"r":298.81,"o":67,"n":"CNRL SC07-13P LEMING 7-12-66-6","u":"07/07-12-066-06W4/0","f":11042,"y":2024,"d":1438}},{"type":"Feature","geometry":{"type":"Point","coordinates":[-110.82831,57.22722]},"properties":{"r":407.08,"o":299,"n":"SUNCOR SAGD P1N1 FIREBAG  7-12-95-6","u":"07/07-12-095-06W4/2","f":1149,"y":2010,"d":1614}},{"type":"Feature","geometry":{"type":"Point","coordinates":[-110.83395,56.19416]},"properties":{"r":234.02,"o":85,"n":"COPRC HZ 2643P03 NEWBY 7-14-83-6","u":"07/07-14-083-06W4/0","f":3130,"y":2013,"d":1832}},{"type":"Feature","geometry":{"type":"Point","coordinates":[-110.96535,57.24009]},"properties":{"r":684.2,"o":299,"n":"SUNCOR P128P2 FIREBAG 7-18-95-6","u":"07/07-18-095-06W4/0","f":1149,"y":2022,"d":1735}},{"type":"Feature","geometry":{"type":"Point","coordinates":[-110.84593,55.59575]},"properties":{"r":308.18,"o":75,"n":"CVE FCCL L02P02 LEISMER 7-22-76-6","u":"07/07-22-076-06W4/0","f":934,"y":2017,"d":1937}},{"type":"Feature","geometry":{"type":"Point","coordinates":[-110.99134,56.3096]},"properties":{"r":255.72,"o":80,"n":"NEXEN CNOOC K2P22 RESDELN 7-26-84-7","u":"07/07-26-084-07W4/0","f":2026,"y":2013,"d":1141}},{"type":"Feature","geometry":{"type":"Point","coordinates":[-110.85939,56.22322]},"properties":{"r":112.82,"o":85,"n":"COPRC HZ 2623P11 NEWBY 7-27-83-6","u":"07/07-27-083-06W4/0","f":3130,"y":2013,"d":1711}},{"type":"Feature","geometry":{"type":"Point","coordinates":[-110.5187,54.66508]},"properties":{"r":162.7,"o":153,"n":"IMP 93 H22-19 COLDLK 7-34-65-4","u":"07/07-34-065-04W4/0","f":295,"y":1993,"d":555}},{"type":"Feature","geometry":{"type":"Point","coordinates":[-110.9575,56.42806]},"properties":{"r":311.26,"o":80,"n":"NEXEN OPTI 10P11 NEWBY 8-1-86-7","u":"07/08-01-086-07W4/0","f":2026,"y":2005,"d":1527}},{"type":"Feature","geometry":{"type":"Point","coordinates":[-110.87745,57.21284]},"properties":{"r":818.87,"o":299,"n":"SUNCOR P5P13B FIREBAG 8-3-95-6","u":"07/08-03-095-06W4/2","f":1149,"y":2007,"d":1342}},{"type":"Feature","geometry":{"type":"Point","coordinates":[-110.93851,55.5671]},"properties":{"r":422.0,"o":142,"n":"HARVEST HZ 101 P1 LEISMER 8-12-76-7","u":"07/08-12-076-07W4/0","f":5421,"y":2012,"d":1651}},{"type":"Feature","geometry":{"type":"Point","coordinates":[-110.82033,57.22696]},"properties":{"r":565.79,"o":299,"n":"SUNCOR SAGD P1N4 FIREBAG   8-12-95-6","u":"07/08-12-095-06W4/2","f":1149,"y":2010,"d":1522}},{"type":"Feature","geometry":{"type":"Point","coordinates":[-110.95787,57.2401]},"properties":{"r":842.79,"o":299,"n":"SUNCOR P128P7 FIREBAG 8-18-95-6","u":"07/08-18-095-06W4/0","f":1149,"y":2022,"d":1523}},{"type":"Feature","geometry":{"type":"Point","coordinates":[-110.56555,54.5511]},"properties":{"r":365.04,"o":295,"n":"SRL CS7P TUCKLK 8-20-64-4","u":"07/08-20-064-04W4/0","f":1724,"y":2024,"d":2268}},{"type":"Feature","geometry":{"type":"Point","coordinates":[-110.94376,55.52388]},"properties":{"r":225.09,"o":67,"n":"CNRL VV5P CONKLIN 8-25-75-7","u":"07/08-25-075-07W4/0","f":5101,"y":2013,"d":1643}},{"type":"Feature","geometry":{"type":"Point","coordinates":[-110.85453,56.22232]},"properties":{"r":831.03,"o":85,"n":"COPRC 2623P08STRD NEWBY 8-27-83-6","u":"07/08-27-083-06W4/2","f":3130,"y":2013,"d":1789}},{"type":"Feature","geometry":{"type":"Point","coordinates":[-110.86139,55.61128]},"properties":{"r":648.18,"o":75,"n":"CVE L19P08 LEISMER 8-28-76-6","u":"07/08-28-076-06W4/0","f":934,"y":2021,"d":2418}},{"type":"Feature","geometry":{"type":"Point","coordinates":[-110.72222,55.08935]},"properties":{"r":351.66,"o":75,"n":"CVE W24P05 FISHER 8-29-70-5","u":"07/08-29-070-05W4/2","f":10927,"y":2025,"d":2124}},{"type":"Feature","geometry":{"type":"Point","coordinates":[-110.6204,54.92594]},"properties":{"r":286.19,"o":67,"n":"CNRL 2C71 FISHER 8-36-68-5","u":"07/08-36-068-05W4/0","f":11042,"y":2023,"d":3009}},{"type":"Feature","geometry":{"type":"Point","coordinates":[-110.31616,54.77189]},"properties":{"r":159.64,"o":67,"n":"CNRL 9A78 PRIMROSE 9-1-67-3","u":"07/09-01-067-03W4/0","f":11042,"y":2007,"d":1657}},{"type":"Feature","geometry":{"type":"Point","coordinates":[-110.93859,55.57177]},"properties":{"r":711.12,"o":142,"n":"HARVEST HZ 102P11 LEISMER 9-12-76-7","u":"07/09-12-076-07W4/0","f":5421,"y":2023,"d":1502}},{"type":"Feature","geometry":{"type":"Point","coordinates":[-110.54017,55.0613]},"properties":{"r":381.6,"o":75,"n":"CVE F106P01-1 FISHER 9-16-70-4","u":"07/09-16-070-04W4/0","f":10927,"y":2022,"d":1528}},{"type":"Feature","geometry":{"type":"Point","coordinates":[-111.09654,57.25774]},"properties":{"r":602.08,"o":75,"n":"CVE GA03-1 STEEPBK 9-20-95-7","u":"07/09-20-095-07W4/4","f":5519,"y":2022,"d":2062}},{"type":"Feature","geometry":{"type":"Point","coordinates":[-111.06522,57.2573]},"properties":{"r":1012.8,"o":75,"n":"CVE S01P04 STEEPBK 9-21-95-7","u":"07/09-21-095-07W4/0","f":5519,"y":2023,"d":1214}},{"type":"Feature","geometry":{"type":"Point","coordinates":[-110.66862,55.07739]},"properties":{"r":496.62,"o":75,"n":"CVE W19P07-2 FISHER 9-22-70-5","u":"07/09-22-070-05W4/0","f":10927,"y":2025,"d":2736}},{"type":"Feature","geometry":{"type":"Point","coordinates":[-110.79195,55.46871]},"properties":{"r":2424.38,"o":67,"n":"CNRL PK101-01P KIRBY 10-1-75-6","u":"07/10-01-075-06W4/0","f":5101,"y":2024,"d":2108}},{"type":"Feature","geometry":{"type":"Point","coordinates":[-110.84265,55.55565]},"properties":{"r":516.2,"o":75,"n":"CVE FCCL G11P05 KIRBY 10-3-76-6","u":"07/10-03-076-06W4/0","f":934,"y":2017,"d":1657}},{"type":"Feature","geometry":{"type":"Point","coordinates":[-110.93546,57.21593]},"properties":{"r":678.21,"o":299,"n":"SUNCOR P117 P13 FIREBAG 10-5-95-6","u":"07/10-05-095-06W4/0","f":1149,"y":2013,"d":1595}},{"type":"Feature","geometry":{"type":"Point","coordinates":[-110.55042,55.06244]},"properties":{"r":227.06,"o":75,"n":"CVE NP05 FISHER 10-16-70-4","u":"07/10-16-070-04W4/3","f":10927,"y":2013,"d":1331}},{"type":"Feature","geometry":{"type":"Point","coordinates":[-110.74114,55.68891]},"properties":{"r":636.49,"o":75,"n":"MEG AH13P HARDY 10-20-77-5","u":"07/10-20-077-05W4/0","f":1892,"y":2021,"d":1598}},{"type":"Feature","geometry":{"type":"Point","coordinates":[-110.3725,55.07622]},"properties":{"r":109.21,"o":75,"n":"CVE FCCL E20P08-1 FISHER 10-22-70-3","u":"07/10-22-070-03W4/2","f":10927,"y":2013,"d":1780}},{"type":"Feature","geometry":{"type":"Point","coordinates":[-110.99908,55.51334]},"properties":{"r":368.1,"o":67,"n":"CNRL RR2P CONKLIN 10-22-75-7","u":"07/10-22-075-07W4/0","f":5101,"y":2014,"d":1608}},{"type":"Feature","geometry":{"type":"Point","coordinates":[-110.99127,56.21015]},"properties":{"r":454.77,"o":85,"n":"COPRC 103P08 SORW RESDELN 10-23-83-7","u":"07/10-23-083-07W4/0","f":3130,"y":2023,"d":1792}},{"type":"Feature","geometry":{"type":"Point","coordinates":[-110.74097,55.63058]},"properties":{"r":458.04,"o":75,"n":"MEG AT10P HARDY 10-32-76-5","u":"07/10-32-076-05W4/0","f":1892,"y":2021,"d":1720}},{"type":"Feature","geometry":{"type":"Point","coordinates":[-110.96645,56.41539]},"properties":{"r":552.73,"o":80,"n":"NEXEN OPTI 09P03 NEWBY 10-36-85-7","u":"07/10-36-085-07W4/0","f":2026,"y":2004,"d":1196}},{"type":"Feature","geometry":{"type":"Point","coordinates":[-110.79976,55.55766]},"properties":{"r":975.11,"o":75,"n":"CVE B17P05 KIRBY 11-1-76-6","u":"07/11-01-076-06W4/0","f":934,"y":2019,"d":1961}},{"type":"Feature","geometry":{"type":"Point","coordinates":[-110.39686,54.59682]},"properties":{"r":108.62,"o":153,"n":"IMP 01 U04-18 COLDLK 11-4-65-3","u":"07/11-04-065-03W4/0","f":3127,"y":2001,"d":562}},{"type":"Feature","geometry":{"type":"Point","coordinates":[-110.87663,55.55689]},"properties":{"r":537.65,"o":67,"n":"CNRL D1P RD LEISMER 11-4-76-6","u":"07/11-04-076-06W4/0","f":2037,"y":2023,"d":1600}},{"type":"Feature","geometry":{"type":"Point","coordinates":[-110.42275,54.5983]},"properties":{"r":229.62,"o":153,"n":"IMP 23 Y01-P09 ETHELLK 11-5-65-3","u":"07/11-05-065-03W4/2","f":3127,"y":2023,"d":2020}},{"type":"Feature","geometry":{"type":"Point","coordinates":[-110.61773,55.66056]},"properties":{"r":155.44,"o":75,"n":"MEG DD11N HARDY 11-7-77-4","u":"07/11-07-077-04W4/0","f":1892,"y":2025,"d":2228}},{"type":"Feature","geometry":{"type":"Point","coordinates":[-110.63311,55.06239]},"properties":{"r":177.12,"o":75,"n":"CVE FCCL W21P04 FISHER 11-13-70-5","u":"07/11-13-070-05W4/0","f":10927,"y":2017,"d":2388}},{"type":"Feature","geometry":{"type":"Point","coordinates":[-110.85197,55.58659]},"properties":{"r":748.88,"o":75,"n":"CVE B02P04-2 LEISMER 11-15-76-6","u":"07/11-15-076-06W4/0","f":934,"y":2025,"d":1039}},{"type":"Feature","geometry":{"type":"Point","coordinates":[-110.99671,55.33836]},"properties":{"r":216.68,"o":67,"n":"CNRL A 7P KIRBY 11-22-73-7","u":"07/11-22-073-07W4/0","f":3534,"y":2018,"d":1909}},{"type":"Feature","geometry":{"type":"Point","coordinates":[-111.05034,57.25921]},"properties":{"r":361.2,"o":75,"n":"CVE U01P02 STEEPBK 11-22-95-7","u":"07/11-22-095-07W4/0","f":5519,"y":2023,"d":1578}},{"type":"Feature","geometry":{"type":"Point","coordinates":[-110.9205,56.41598]},"properties":{"r":428.55,"o":80,"n":"NEXEN OPTI 03P04 NEWBY 11-32-85-6","u":"07/11-32-085-06W4/0","f":2026,"y":2005,"d":1326}},{"type":"Feature","geometry":{"type":"Point","coordinates":[-110.93214,57.20114]},"properties":{"r":158.34,"o":299,"n":"SUNCOR P125P3 FIREBAG 11-32-94-6","u":"07/11-32-094-06W4/0","f":1149,"y":2021,"d":1616}},{"type":"Feature","geometry":{"type":"Point","coordinates":[-110.99568,56.32852]},"properties":{"r":189.34,"o":80,"n":"NEXEN CNOOC K1P16 RESDELN 11-35-84-7","u":"07/11-35-084-07W4/0","f":2026,"y":2012,"d":1494}},{"type":"Feature","geometry":{"type":"Point","coordinates":[-111.10791,55.54224]},"properties":{"r":1016.16,"o":67,"n":"CNRL XX9P DEVENISH 11-36-75-8","u":"07/11-36-075-08W4/0","f":3346,"y":2022,"d":2051}},{"type":"Feature","geometry":{"type":"Point","coordinates":[-110.50526,54.5963]},"properties":{"r":104.85,"o":153,"n":"IMP 99 D31-20 COLDLK 12-2-65-4","u":"07/12-02-065-04W4/0","f":295,"y":2000,"d":795}},{"type":"Feature","geometry":{"type":"Point","coordinates":[-110.58965,54.9473]},"properties":{"r":430.83,"o":67,"n":"CNRL 17A160 FISHER 12-5-69-4","u":"07/12-05-069-04W4/0","f":11042,"y":2022,"d":2784}},{"type":"Feature","geometry":{"type":"Point","coordinates":[-114.15544,55.48646]},"properties":{"r":261.89,"o":144,"n":"HWX 107 HZ MARTENH 12-7-75-1","u":"07/12-07-075-01W5/2","f":9573,"y":2026,"d":2356}},{"type":"Feature","geometry":{"type":"Point","coordinates":[-110.97553,57.23025]},"properties":{"r":304.62,"o":299,"n":"SUNCOR P130P6 FIREBAG 12-7-95-6","u":"07/12-07-095-06W4/0","f":1149,"y":2023,"d":1554}},{"type":"Feature","geometry":{"type":"Point","coordinates":[-110.58958,54.96188]},"properties":{"r":183.91,"o":67,"n":"CNRL 19A161 FISHER 12-8-69-4","u":"07/12-08-069-04W4/0","f":11042,"y":2022,"d":2723}},{"type":"Feature","geometry":{"type":"Point","coordinates":[-110.53251,54.6974]},"properties":{"r":712.11,"o":153,"n":"IMP H92-H03 LEMING 12-10-66-4","u":"07/12-10-066-04W4/2","f":295,"y":2020,"d":2268}},{"type":"Feature","geometry":{"type":"Point","coordinates":[-110.78878,55.04719]},"properties":{"r":732.41,"o":75,"n":"CVE FCCL W34P03 FISHER 12-12-70-6","u":"07/12-12-070-06W4/0","f":10927,"y":2017,"d":2014}},{"type":"Feature","geometry":{"type":"Point","coordinates":[-110.9786,56.37048]},"properties":{"r":1682.86,"o":80,"n":"NEU CNOOC 18P01 NEWBY 12-13-85-7","u":"07/12-13-085-07W4/0","f":2026,"y":2019,"d":1375}},{"type":"Feature","geometry":{"type":"Point","coordinates":[-110.84358,56.22551]},"properties":{"r":575.2,"o":85,"n":"COPRC HZ 2632P03 NEWBY 12-26-83-6","u":"07/12-26-083-06W4/0","f":3130,"y":2012,"d":1626}},{"type":"Feature","geometry":{"type":"Point","coordinates":[-110.88469,57.18601]},"properties":{"r":899.67,"o":299,"n":"SUNCOR P122P12 FIREBAG 12-27-94-6","u":"07/12-27-094-06W4/0","f":1149,"y":2019,"d":1796}},{"type":"Feature","geometry":{"type":"Point","coordinates":[-110.50407,54.66892]},"properties":{"r":114.73,"o":153,"n":"IMP 93 H32-10 COLDLK 12-35-65-4","u":"07/12-35-065-04W4/0","f":295,"y":1993,"d":549}},{"type":"Feature","geometry":{"type":"Point","coordinates":[-111.00363,56.32838]},"properties":{"r":405.44,"o":80,"n":"NEXEN CNOOC K1P10 RESDELN 12-35-84-7","u":"07/12-35-084-07W4/0","f":2026,"y":2012,"d":1197}},{"type":"Feature","geometry":{"type":"Point","coordinates":[-110.85923,57.20115]},"properties":{"r":960.18,"o":299,"n":"SUNCOR P118P17 FIREBAG 12-35-94-6","u":"07/12-35-094-06W4/0","f":1149,"y":2014,"d":1835}},{"type":"Feature","geometry":{"type":"Point","coordinates":[-110.50666,54.60033]},"properties":{"r":116.7,"o":153,"n":"IMP 99 D31-07 COLDLK 13-2-65-4","u":"07/13-02-065-04W4/0","f":295,"y":2000,"d":647}},{"type":"Feature","geometry":{"type":"Point","coordinates":[-110.88377,55.55992]},"properties":{"r":495.43,"o":67,"n":"CNRL E1P RD LEISMER 13-4-76-6","u":"07/13-04-076-06W4/0","f":2037,"y":2023,"d":1696}},{"type":"Feature","geometry":{"type":"Point","coordinates":[-110.58965,54.95107]},"properties":{"r":190.71,"o":67,"n":"CNRL 24A160 FISHER 13-5-69-4","u":"07/13-05-069-04W4/0","f":11042,"y":2022,"d":2989}},{"type":"Feature","geometry":{"type":"Point","coordinates":[-110.59107,55.12643]},"properties":{"r":315.33,"o":75,"n":"CVE N23P02 FISHER 13-5-71-4","u":"07/13-05-071-04W4/4","f":10927,"y":2023,"d":1995}},{"type":"Feature","geometry":{"type":"Point","coordinates":[-110.62434,55.6476]},"properties":{"r":831.45,"o":75,"n":"MEG DA7P HARDY 13-6-77-4","u":"07/13-06-077-04W4/0","f":1892,"y":2022,"d":1683}},{"type":"Feature","geometry":{"type":"Point","coordinates":[-110.8127,57.21782]},"properties":{"r":499.31,"o":299,"n":"SUNCOR P3N3 FIREBAG 13-6-95-5","u":"07/13-06-095-05W4/0","f":1149,"y":2012,"d":1640}},{"type":"Feature","geometry":{"type":"Point","coordinates":[-110.85357,55.66417]},"properties":{"r":2410.92,"o":75,"n":"CVE X01P03 HARDY 13-10-77-6","u":"07/13-10-077-06W4/2","f":934,"y":2024,"d":2067}},{"type":"Feature","geometry":{"type":"Point","coordinates":[-110.89364,57.23376]},"properties":{"r":534.47,"o":299,"n":"SUNCOR P6P8B FIREBAG 13-10-95-6","u":"07/13-10-095-06W4/2","f":1149,"y":2009,"d":1578}},{"type":"Feature","geometry":{"type":"Point","coordinates":[-110.79089,55.05057]},"properties":{"r":475.72,"o":75,"n":"CVE FCCL W34P07 FISHER 13-12-70-6","u":"07/13-12-070-06W4/2","f":10927,"y":2017,"d":2015}},{"type":"Feature","geometry":{"type":"Point","coordinates":[-110.38059,54.54266]},"properties":{"r":244.48,"o":295,"n":"OPC P109-P2 COLD LK 13-15-64-3","u":"07/13-15-064-03W4/2","f":2122,"y":2018,"d":1822}},{"type":"Feature","geometry":{"type":"Point","coordinates":[-111.06021,57.24676]},"properties":{"r":1421.14,"o":75,"n":"CVE RP04 STEEPBK 13-15-95-7","u":"07/13-15-095-07W4/3","f":5519,"y":2018,"d":1449}},{"type":"Feature","geometry":{"type":"Point","coordinates":[-110.84342,56.24363]},"properties":{"r":533.88,"o":85,"n":"COPRC HZ 2622P08 NEWBY 13-35-83-6","u":"07/13-35-083-06W4/0","f":3130,"y":2014,"d":1572}},{"type":"Feature","geometry":{"type":"Point","coordinates":[-110.32768,54.7734]},"properties":{"r":100.68,"o":67,"n":"CNRL 1A75 RD MOORE 14-1-67-3","u":"07/14-01-067-03W4/0","f":11042,"y":2024,"d":1600}},{"type":"Feature","geometry":{"type":"Point","coordinates":[-110.53169,54.86165]},"properties":{"r":186.95,"o":67,"n":"CNRL 5A62 PRIMROSE 14-3-68-4","u":"07/14-03-068-04W4/0","f":11042,"y":2008,"d":2219}},{"type":"Feature","geometry":{"type":"Point","coordinates":[-110.61548,55.66364]},"properties":{"r":709.51,"o":75,"n":"MEG DC3P HARDY 14-7-77-4","u":"07/14-07-077-04W4/0","f":1892,"y":2018,"d":1505}},{"type":"Feature","geometry":{"type":"Point","coordinates":[-110.88974,57.23412]},"properties":{"r":194.92,"o":299,"n":"SUNCOR P105N1 FIREBAG 14-10-95-6","u":"07/14-10-095-06W4/0","f":1149,"y":2017,"d":1772}},{"type":"Feature","geometry":{"type":"Point","coordinates":[-110.86127,57.23376]},"properties":{"r":851.95,"o":299,"n":"SUNCOR SAGD P4N6 FIREBAG 14-11-95-6","u":"07/14-11-095-06W4/0","f":1149,"y":2014,"d":1787}},{"type":"Feature","geometry":{"type":"Point","coordinates":[-110.84971,55.59023]},"properties":{"r":1251.82,"o":75,"n":"CVE M07P02-1 LEISMER 14-15-76-6","u":"07/14-15-076-06W4/0","f":934,"y":2025,"d":2022}},{"type":"Feature","geometry":{"type":"Point","coordinates":[-110.58083,55.06642]},"properties":{"r":418.54,"o":75,"n":"CVE W03P07 FISHER 14-17-70-4","u":"07/14-17-070-04W4/3","f":10927,"y":2023,"d":2126}},{"type":"Feature","geometry":{"type":"Point","coordinates":[-111.0458,55.34307]},"properties":{"r":367.41,"o":67,"n":"CNRL D 1P RE KIRBY 14-20-73-7","u":"07/14-20-073-07W4/2","f":3534,"y":2012,"d":1808}},{"type":"Feature","geometry":{"type":"Point","coordinates":[-110.84124,56.22845]},"properties":{"r":575.92,"o":85,"n":"COPRC 2613P09 NEWBY 14-26-83-6","u":"07/14-26-083-06W4/2","f":3130,"y":2014,"d":1651}},{"type":"Feature","geometry":{"type":"Point","coordinates":[-110.61386,55.63357]},"properties":{"r":792.64,"o":75,"n":"MEG MH6P HARDY 14-31-76-4","u":"07/14-31-076-04W4/0","f":1892,"y":2024,"d":1560}},{"type":"Feature","geometry":{"type":"Point","coordinates":[-111.87279,57.02984]},"properties":{"r":573.4,"o":299,"n":"SUNCOR P819P2 DOVER 14-33-92-12","u":"07/14-33-092-12W4/0","f":926,"y":2022,"d":1483}},{"type":"Feature","geometry":{"type":"Point","coordinates":[-110.82606,57.20389]},"properties":{"r":342.92,"o":299,"n":"SUNCOR SAGD P1N8 FIREBAG  14-36-94-6","u":"07/14-36-094-06W4/0","f":1149,"y":2010,"d":1557}},{"type":"Feature","geometry":{"type":"Point","coordinates":[-110.54528,54.68894]},"properties":{"r":153.09,"o":153,"n":"IMP H91-H04 LEMING 15-4-66-4","u":"07/15-04-066-04W4/0","f":295,"y":2020,"d":1929}},{"type":"Feature","geometry":{"type":"Point","coordinates":[-110.93848,56.44886]},"properties":{"r":216.16,"o":80,"n":"NEXEN OPTI 12P05 NEWBY 15-7-86-6","u":"07/15-07-086-06W4/0","f":2026,"y":2011,"d":1074}},{"type":"Feature","geometry":{"type":"Point","coordinates":[-111.89528,57.06038]},"properties":{"r":762.76,"o":299,"n":"SUNCOR P826P3 DOVER 15-8-93-12","u":"07/15-08-093-12W4/0","f":926,"y":2023,"d":1663}},{"type":"Feature","geometry":{"type":"Point","coordinates":[-111.86388,57.05978]},"properties":{"r":275.18,"o":299,"n":"PC QQ(P) - 3 DOVER 15-9-93-12","u":"07/15-09-093-12W4/0","f":926,"y":2007,"d":1470}},{"type":"Feature","geometry":{"type":"Point","coordinates":[-111.73722,56.11458]},"properties":{"r":218.8,"o":84,"n":"CLC 203 P8 DIVIDE 15-13-82-12","u":"07/15-13-082-12W4/0","f":3166,"y":2021,"d":1739}},{"type":"Feature","geometry":{"type":"Point","coordinates":[-111.04878,57.26133]},"properties":{"r":814.68,"o":75,"n":"CVE T01P07 STEEPBK 15-22-95-7","u":"07/15-22-095-07W4/3","f":5519,"y":2023,"d":2055}},{"type":"Feature","geometry":{"type":"Point","coordinates":[-110.60923,55.6329]},"properties":{"r":1594.28,"o":75,"n":"MEG MH11P HARDY 15-31-76-4","u":"07/15-31-076-04W4/2","f":1892,"y":2024,"d":1593}},{"type":"Feature","geometry":{"type":"Point","coordinates":[-110.92769,57.20437]},"properties":{"r":516.41,"o":299,"n":"SUNCOR P125P8 FIREBAG 15-32-94-6","u":"07/15-32-094-06W4/0","f":1149,"y":2021,"d":1557}},{"type":"Feature","geometry":{"type":"Point","coordinates":[-110.82077,57.20384]},"properties":{"r":734.61,"o":299,"n":"SUNCOR SAGD P1N6 FIREBAG  15-36-94-6","u":"07/15-36-094-06W4/0","f":1149,"y":2010,"d":1537}},{"type":"Feature","geometry":{"type":"Point","coordinates":[-110.83804,55.56194]},"properties":{"r":891.83,"o":75,"n":"CVE FCCL G09P03 KIRBY 16-3-76-6","u":"07/16-03-076-06W4/0","f":934,"y":2018,"d":2043}},{"type":"Feature","geometry":{"type":"Point","coordinates":[-111.91514,57.05765]},"properties":{"r":210.6,"o":299,"n":"SUNCOR 750P5 DOVER 16-7-93-12","u":"07/16-07-093-12W4/0","f":926,"y":2013,"d":1399}},{"type":"Feature","geometry":{"type":"Point","coordinates":[-110.56549,54.54218]},"properties":{"r":116.19,"o":295,"n":"SRL COLD LK 16-17-64-4","u":"07/16-17-064-04W4/0","f":1724,"y":2015,"d":1465}},{"type":"Feature","geometry":{"type":"Point","coordinates":[-110.53916,54.55553]},"properties":{"r":270.82,"o":295,"n":"SRL H7P TUCKLK 16-21-64-4","u":"07/16-21-064-04W4/0","f":1724,"y":2022,"d":1941}},{"type":"Feature","geometry":{"type":"Point","coordinates":[-110.6002,54.03411]},"properties":{"r":190.46,"o":295,"n":"PENGROWTH D04-P9 LNDBRGH 16-24-58-5","u":"07/16-24-058-05W4/3","f":5610,"y":2017,"d":1807}},{"type":"Feature","geometry":{"type":"Point","coordinates":[-110.5646,54.57312]},"properties":{"r":134.54,"o":295,"n":"SRL COLD LK 16-29-64-4","u":"07/16-29-064-04W4/0","f":1724,"y":2016,"d":1470}},{"type":"Feature","geometry":{"type":"Point","coordinates":[-110.31551,54.76378]},"properties":{"r":101.52,"o":67,"n":"CNRL 9A77 RD MOORE 1-1-67-3","u":"08/01-01-067-03W4/0","f":11042,"y":2024,"d":1558}},{"type":"Feature","geometry":{"type":"Point","coordinates":[-110.3632,54.58851]},"properties":{"r":245.89,"o":153,"n":"IMP V04-H26 COLD LK 1-3-65-3","u":"08/01-03-065-03W4/2","f":3127,"y":2019,"d":1645}},{"type":"Feature","geometry":{"type":"Point","coordinates":[-111.73329,56.10311]},"properties":{"r":498.72,"o":84,"n":"CLC 201-202-INF02 DIVIDE 1-13-82-12","u":"08/01-13-082-12W4/0","f":3166,"y":2026,"d":2093}},{"type":"Feature","geometry":{"type":"Point","coordinates":[-110.95515,57.23808]},"properties":{"r":260.44,"o":299,"n":"SUNCOR P114P15 FIREBAG 1-18-95-6","u":"08/01-18-095-06W4/0","f":1149,"y":2013,"d":1709}},{"type":"Feature","geometry":{"type":"Point","coordinates":[-110.36308,54.80714]},"properties":{"r":207.61,"o":67,"n":"CNRL 4A95 PRIMROSE 1-22-67-3","u":"08/01-22-067-03W4/2","f":11042,"y":2011,"d":2160}},{"type":"Feature","geometry":{"type":"Point","coordinates":[-110.33989,54.80873]},"properties":{"r":449.49,"o":67,"n":"CNRL 18A90 RD MOORE 1-23-67-3","u":"08/01-23-067-03W4/0","f":11042,"y":2024,"d":1865}},{"type":"Feature","geometry":{"type":"Point","coordinates":[-110.98975,55.5227]},"properties":{"r":176.85,"o":67,"n":"CNRL EE2P CONKLIN 1-27-75-7","u":"08/01-27-075-07W4/0","f":5101,"y":2013,"d":1575}},{"type":"Feature","geometry":{"type":"Point","coordinates":[-111.01726,55.52117]},"properties":{"r":117.45,"o":67,"n":"CNRL FF6P CONKLIN 3-27-75-7","u":"08/01-28-075-07W4/2","f":3346,"y":2012,"d":1592}},{"type":"Feature","geometry":{"type":"Point","coordinates":[-110.86438,55.60811]},"properties":{"r":352.75,"o":75,"n":"CVE L19P04 LEISMER 1-28-76-6","u":"08/01-28-076-06W4/2","f":934,"y":2021,"d":2458}},{"type":"Feature","geometry":{"type":"Point","coordinates":[-110.4167,55.08277]},"properties":{"r":232.6,"o":75,"n":"CVE FCCL E26P01 FISHER 1-29-70-3","u":"08/01-29-070-03W4/0","f":10927,"y":2016,"d":2346}},{"type":"Feature","geometry":{"type":"Point","coordinates":[-110.96132,56.15953]},"properties":{"r":151.0,"o":85,"n":"COPRC 102P011RD HZ RESDELN 2-1-83-7","u":"08/02-01-083-07W4/0","f":3130,"y":2009,"d":1564}},{"type":"Feature","geometry":{"type":"Point","coordinates":[-110.88335,57.20968]},"properties":{"r":308.16,"o":299,"n":"SUNCOR P105N16 FIREBAG 2-3-95-6","u":"08/02-03-095-06W4/0","f":1149,"y":2017,"d":1543}},{"type":"Feature","geometry":{"type":"Point","coordinates":[-111.92154,57.03393]},"properties":{"r":375.06,"o":299,"n":"SUNCOR P751P7 DOVER 2-6-93-12","u":"08/02-06-093-12W4/0","f":926,"y":2013,"d":1465}},{"type":"Feature","geometry":{"type":"Point","coordinates":[-110.41618,54.53327]},"properties":{"r":451.02,"o":295,"n":"SRL P206-P10 ETHELLK 2-17-64-3","u":"08/02-17-064-03W4/0","f":2122,"y":2021,"d":1695}},{"type":"Feature","geometry":{"type":"Point","coordinates":[-110.37061,54.80697]},"properties":{"r":134.75,"o":67,"n":"CNRL 10A95 PRIMROSE 2-22-67-3","u":"08/02-22-067-03W4/0","f":11042,"y":2011,"d":1856}},{"type":"Feature","geometry":{"type":"Point","coordinates":[-111.07583,57.26599]},"properties":{"r":573.67,"o":75,"n":"CVE QP05-1 STEEPBK 2-28-95-7","u":"08/02-28-095-07W4/3","f":5519,"y":2022,"d":1334}},{"type":"Feature","geometry":{"type":"Point","coordinates":[-111.03889,55.34676]},"properties":{"r":155.19,"o":67,"n":"CNRL C 6P RE KIRBY 2-29-73-7","u":"08/02-29-073-07W4/2","f":3534,"y":2011,"d":1766}},{"type":"Feature","geometry":{"type":"Point","coordinates":[-111.56199,55.82655]},"properties":{"r":979.97,"o":34,"n":"ATHABASCA L08P08 LEISMER 3-7-79-10","u":"08/03-07-079-10W4/0","f":2782,"y":2022,"d":1936}},{"type":"Feature","geometry":{"type":"Point","coordinates":[-111.90086,57.04642]},"properties":{"r":416.8,"o":299,"n":"PC NN(P) - 4  DOVER 3-8-93-12","u":"08/03-08-093-12W4/0","f":926,"y":2007,"d":1366}},{"type":"Feature","geometry":{"type":"Point","coordinates":[-110.42562,55.06967]},"properties":{"r":250.77,"o":75,"n":"CVE E24W04-1 FISHER 3-20-70-3","u":"08/03-20-070-03W4/0","f":10927,"y":2025,"d":2001}},{"type":"Feature","geometry":{"type":"Point","coordinates":[-110.80537,55.55013]},"properties":{"r":1924.93,"o":75,"n":"CVE B19P04 KIRBY 4-1-76-6","u":"08/04-01-076-06W4/0","f":934,"y":2019,"d":2395}},{"type":"Feature","geometry":{"type":"Point","coordinates":[-110.97854,56.42377]},"properties":{"r":548.37,"o":80,"n":"NEXEN OPTI 11P01 NEWBY 4-1-86-7","u":"08/04-01-086-07W4/0","f":2026,"y":2008,"d":1040}},{"type":"Feature","geometry":{"type":"Point","coordinates":[-110.86902,57.20967]},"properties":{"r":388.33,"o":299,"n":"SUNCOR SAGD P4N10 FIREBAG 4-2-95-6","u":"08/04-02-095-06W4/0","f":1149,"y":2014,"d":1509}},{"type":"Feature","geometry":{"type":"Point","coordinates":[-110.54352,55.11437]},"properties":{"r":1558.61,"o":75,"n":"CVE N25P06 FISHER 4-3-71-4","u":"08/04-03-071-04W4/2","f":10927,"y":2023,"d":2132}},{"type":"Feature","geometry":{"type":"Point","coordinates":[-111.48994,55.81184]},"properties":{"r":105.86,"o":34,"n":"ATH L5N1 LEISMER 4-3-79-10","u":"08/04-03-079-10W4/0","f":2782,"y":2016,"d":1611}},{"type":"Feature","geometry":{"type":"Point","coordinates":[-110.31038,54.7638]},"properties":{"r":118.35,"o":67,"n":"CNRL 5A77 RD MOORE 4-6-67-2","u":"08/04-06-067-02W4/0","f":11042,"y":2025,"d":1540}},{"type":"Feature","geometry":{"type":"Point","coordinates":[-110.80645,55.65175]},"properties":{"r":140.37,"o":75,"n":"MEG AN7P HARDY 4-12-77-6","u":"08/04-12-077-06W4/2","f":1892,"y":2014,"d":1360}},{"type":"Feature","geometry":{"type":"Point","coordinates":[-110.46165,55.05547]},"properties":{"r":335.98,"o":75,"n":"CVE E03P02-2 FISHER 4-18-70-3","u":"08/04-18-070-03W4/0","f":10927,"y":2025,"d":1238}},{"type":"Feature","geometry":{"type":"Point","coordinates":[-112.12879,56.81608]},"properties":{"r":114.31,"o":233,"n":"MACOP AA03P CRKD RPS 4-23-90-14","u":"08/04-23-090-14W4/0","f":6448,"y":2013,"d":1316}},{"type":"Feature","geometry":{"type":"Point","coordinates":[-110.33477,54.80873]},"properties":{"r":164.86,"o":67,"n":"CNRL 13A90 PRIMROSE 4-24-67-3","u":"08/04-24-067-03W4/0","f":11042,"y":2011,"d":1623}},{"type":"Feature","geometry":{"type":"Point","coordinates":[-110.56414,55.09734]},"properties":{"r":773.9,"o":75,"n":"CVE N13P04 FISHER 4-33-70-4","u":"08/04-33-070-04W4/3","f":10927,"y":2022,"d":2627}},{"type":"Feature","geometry":{"type":"Point","coordinates":[-110.38081,55.09694]},"properties":{"r":176.68,"o":75,"n":"CVE E28P10 FISHER 4-34-70-3","u":"08/04-34-070-03W4/2","f":10927,"y":2023,"d":2621}},{"type":"Feature","geometry":{"type":"Point","coordinates":[-111.12859,55.36066]},"properties":{"r":418.33,"o":67,"n":"CNRL KS22-02P KIRBY 4-35-73-8","u":"08/04-35-073-08W4/0","f":3534,"y":2022,"d":2275}},{"type":"Feature","geometry":{"type":"Point","coordinates":[-110.85997,57.19268]},"properties":{"r":533.84,"o":299,"n":"SUNCOR P122P3 FIREBAG 4-35-94-6","u":"08/04-35-094-06W4/0","f":1149,"y":2020,"d":1806}},{"type":"Feature","geometry":{"type":"Point","coordinates":[-110.80389,55.55291]},"properties":{"r":2056.93,"o":75,"n":"CVE B19P01 KIRBY 5-1-76-6","u":"08/05-01-076-06W4/0","f":934,"y":2019,"d":2135}},{"type":"Feature","geometry":{"type":"Point","coordinates":[-110.83149,55.64048]},"properties":{"r":1799.43,"o":75,"n":"CVE X06P09 HARDY 5-2-77-6","u":"08/05-02-077-06W4/2","f":934,"y":2023,"d":2514}},{"type":"Feature","geometry":{"type":"Point","coordinates":[-110.54329,55.11724]},"properties":{"r":2633.37,"o":75,"n":"CVE N25P03 FISHER 5-3-71-4","u":"08/05-03-071-04W4/3","f":10927,"y":2023,"d":2198}},{"type":"Feature","geometry":{"type":"Point","coordinates":[-110.89368,57.21208]},"properties":{"r":583.44,"o":299,"n":"SUNCOR P117N5 FIREBAG  5-3-95-6","u":"08/05-03-095-06W4/0","f":1149,"y":2021,"d":1454}},{"type":"Feature","geometry":{"type":"Point","coordinates":[-110.74022,55.05875]},"properties":{"r":413.81,"o":75,"n":"CVE W30P06-1 FISHER 5-17-70-5","u":"08/05-17-070-05W4/0","f":10927,"y":2026,"d":1687}},{"type":"Feature","geometry":{"type":"Point","coordinates":[-110.43637,55.07263]},"properties":{"r":1084.72,"o":75,"n":"CVE E05P04 FISHER 5-20-70-3","u":"08/05-20-070-03W4/0","f":10927,"y":2024,"d":2661}},{"type":"Feature","geometry":{"type":"Point","coordinates":[-111.00168,55.33675]},"properties":{"r":893.28,"o":67,"n":"CNRL A 4P RE KIRBY 5-22-73-7","u":"08/05-22-073-07W4/2","f":3534,"y":2011,"d":1564}},{"type":"Feature","geometry":{"type":"Point","coordinates":[-110.97863,56.39877]},"properties":{"r":418.86,"o":80,"n":"NEXEN OPTI 06P11 NEWBY 5-25-85-7","u":"08/05-25-085-07W4/0","f":2026,"y":2005,"d":1338}},{"type":"Feature","geometry":{"type":"Point","coordinates":[-110.68624,55.08798]},"properties":{"r":911.41,"o":75,"n":"CVE W26P04 FISHER 5-27-70-5","u":"08/05-27-070-05W4/2","f":10927,"y":2022,"d":1753}},{"type":"Feature","geometry":{"type":"Point","coordinates":[-110.41111,55.08642]},"properties":{"r":316.67,"o":75,"n":"CVE FCCL E26P05 FISHER 5-28-70-3","u":"08/05-28-070-03W4/0","f":10927,"y":2016,"d":1827}},{"type":"Feature","geometry":{"type":"Point","coordinates":[-110.93869,57.19671]},"properties":{"r":924.18,"o":299,"n":"SUNCOR P119P5 FIREBAG 5-32-94-6","u":"08/05-32-094-06W4/0","f":1149,"y":2022,"d":1525}},{"type":"Feature","geometry":{"type":"Point","coordinates":[-110.55889,55.10374]},"properties":{"r":865.39,"o":75,"n":"CVE N13P10 FISHER 5-33-70-4","u":"08/05-33-070-04W4/0","f":10927,"y":2022,"d":2171}},{"type":"Feature","geometry":{"type":"Point","coordinates":[-110.88014,55.53876]},"properties":{"r":164.12,"o":67,"n":"CNRL G3P LEISMER 5-33-75-6","u":"08/05-33-075-06W4/0","f":2037,"y":2014,"d":1590}},{"type":"Feature","geometry":{"type":"Point","coordinates":[-111.1286,55.36486]},"properties":{"r":542.39,"o":67,"n":"CNRL KS22-08P KIRBY 5-35-73-8","u":"08/05-35-073-08W4/0","f":3534,"y":2022,"d":2377}},{"type":"Feature","geometry":{"type":"Point","coordinates":[-110.85925,57.19869]},"properties":{"r":534.93,"o":299,"n":"SUNCOR P118P14 FIREBAG 5-35-94-6","u":"08/05-35-094-06W4/0","f":1149,"y":2014,"d":1731}},{"type":"Feature","geometry":{"type":"Point","coordinates":[-111.10311,55.36436]},"properties":{"r":712.42,"o":67,"n":"CNRL KS21-05P KIRBY 5-36-73-8","u":"08/05-36-073-08W4/0","f":3534,"y":2022,"d":2125}},{"type":"Feature","geometry":{"type":"Point","coordinates":[-110.90218,55.5547]},"properties":{"r":694.33,"o":67,"n":"CNRL J7P RE LEISMER 6-5-76-6","u":"08/06-05-076-06W4/2","f":2037,"y":2012,"d":1603}},{"type":"Feature","geometry":{"type":"Point","coordinates":[-111.87087,57.05139]},"properties":{"r":171.21,"o":299,"n":"SUNCOR F4PB DOVER 6-9-93-12","u":"08/06-09-093-12W4/2","f":926,"y":2005,"d":1148}},{"type":"Feature","geometry":{"type":"Point","coordinates":[-110.53172,54.8696]},"properties":{"r":105.08,"o":67,"n":"CNRL 16A62 PRIMROSE 6-10-68-4","u":"08/06-10-068-04W4/0","f":11042,"y":2008,"d":2253}},{"type":"Feature","geometry":{"type":"Point","coordinates":[-110.58241,55.07205]},"properties":{"r":188.78,"o":75,"n":"CVE FCCL W03P04 FISHER 6-20-70-4","u":"08/06-20-070-04W4/4","f":10927,"y":2013,"d":1634}},{"type":"Feature","geometry":{"type":"Point","coordinates":[-110.82415,55.61317]},"properties":{"r":777.38,"o":75,"n":"CVE L04P09 LEISMER 6-26-76-6","u":"08/06-26-076-06W4/0","f":934,"y":2022,"d":2472}},{"type":"Feature","geometry":{"type":"Point","coordinates":[-110.52418,54.66504]},"properties":{"r":142.57,"o":153,"n":"IMP 03 H42-06 COLDLK 6-34-65-4","u":"08/06-34-065-04W4/0","f":295,"y":2004,"d":639}},{"type":"Feature","geometry":{"type":"Point","coordinates":[-111.10242,55.36499]},"properties":{"r":542.37,"o":67,"n":"CNRL KS21-06P KIRBY 6-36-73-8","u":"08/06-36-073-08W4/0","f":3534,"y":2022,"d":2267}},{"type":"Feature","geometry":{"type":"Point","coordinates":[-110.68846,55.6399]},"properties":{"r":444.94,"o":75,"n":"MEG N2P HARDY 7-3-77-5","u":"08/07-03-077-05W4/0","f":1892,"y":2011,"d":1845}},{"type":"Feature","geometry":{"type":"Point","coordinates":[-110.93573,57.21271]},"properties":{"r":637.93,"o":299,"n":"SUNCOR P117 P9 FIREBAG 7-5-95-6","u":"08/07-05-095-06W4/0","f":1149,"y":2013,"d":1592}},{"type":"Feature","geometry":{"type":"Point","coordinates":[-110.55736,55.1322]},"properties":{"r":1378.05,"o":75,"n":"CVE N27P05 FISHER 7-9-71-4","u":"08/07-09-071-04W4/0","f":10927,"y":2024,"d":1870}},{"type":"Feature","geometry":{"type":"Point","coordinates":[-110.84609,55.56914]},"properties":{"r":380.11,"o":75,"n":"CVE FCCL G09P11 LEISMER 7-10-76-6","u":"08/07-10-076-06W4/0","f":934,"y":2018,"d":1609}},{"type":"Feature","geometry":{"type":"Point","coordinates":[-110.65172,55.05738]},"properties":{"r":328.68,"o":75,"n":"CVE W10P09-1 FISHER 7-14-70-5","u":"08/07-14-070-05W4/0","f":10927,"y":2025,"d":2071}},{"type":"Feature","geometry":{"type":"Point","coordinates":[-110.84308,55.66822]},"properties":{"r":1887.67,"o":75,"n":"CVE X02P06  LEISMER 7-15-77-6","u":"08/07-15-077-06W4/0","f":934,"y":2024,"d":2034}},{"type":"Feature","geometry":{"type":"Point","coordinates":[-110.96384,57.2401]},"properties":{"r":501.28,"o":299,"n":"SUNCOR P128P3 FIREBAG 7-18-95-6","u":"08/07-18-095-06W4/0","f":1149,"y":2022,"d":1647}},{"type":"Feature","geometry":{"type":"Point","coordinates":[-110.84517,55.59654]},"properties":{"r":640.66,"o":75,"n":"CVE FCCL L02P03 LEISMER 7-22-76-6","u":"08/07-22-076-06W4/2","f":934,"y":2017,"d":1865}},{"type":"Feature","geometry":{"type":"Point","coordinates":[-110.98967,56.20877]},"properties":{"r":784.67,"o":85,"n":"COPRC HZ 103P10 RESDELN 7-23-83-7","u":"08/07-23-083-07W4/0","f":3130,"y":2013,"d":1832}},{"type":"Feature","geometry":{"type":"Point","coordinates":[-111.01544,56.30971]},"properties":{"r":544.21,"o":80,"n":"NEXEN CNOOC K1P01 RESDELN 7-27-84-7","u":"08/07-27-084-07W4/0","f":2026,"y":2012,"d":1308}},{"type":"Feature","geometry":{"type":"Point","coordinates":[-110.74055,55.62788]},"properties":{"r":311.85,"o":75,"n":"MEG AT2N HARDY 7-32-76-5","u":"08/07-32-076-05W4/0","f":1892,"y":2023,"d":1762}},{"type":"Feature","geometry":{"type":"Point","coordinates":[-110.95912,56.42806]},"properties":{"r":219.24,"o":80,"n":"NEXEN OPTI 10P10 NEWBY 8-1-86-7","u":"08/08-01-086-07W4/0","f":2026,"y":2005,"d":1508}},{"type":"Feature","geometry":{"type":"Point","coordinates":[-110.86364,55.58238]},"properties":{"r":719.83,"o":75,"n":"CVE A02P04 LEISMER 8-16-76-6","u":"08/08-16-076-06W4/0","f":934,"y":2023,"d":1362}},{"type":"Feature","geometry":{"type":"Point","coordinates":[-110.95638,57.24009]},"properties":{"r":1100.02,"o":299,"n":"SUNCOR P128P8 FIREBAG 8-18-95-6","u":"08/08-18-095-06W4/0","f":1149,"y":2022,"d":1542}},{"type":"Feature","geometry":{"type":"Point","coordinates":[-110.56633,54.5511]},"properties":{"r":536.67,"o":295,"n":"SRL CS8P TUCKLK 8-20-64-4","u":"08/08-20-064-04W4/0","f":1724,"y":2024,"d":2275}},{"type":"Feature","geometry":{"type":"Point","coordinates":[-114.15809,55.51047]},"properties":{"r":171.86,"o":144,"n":"HWX 108 HZ MARTENH 8-24-75-2","u":"08/08-24-075-02W5/0","f":9573,"y":2025,"d":3519}},{"type":"Feature","geometry":{"type":"Point","coordinates":[-110.94227,55.52314]},"properties":{"r":222.58,"o":67,"n":"CNRL VV7P CONKLIN 8-25-75-7","u":"08/08-25-075-07W4/0","f":5101,"y":2013,"d":1642}},{"type":"Feature","geometry":{"type":"Point","coordinates":[-110.81144,55.61148]},"properties":{"r":1065.91,"o":75,"n":"CVE L04P01 LEISMER 8-26-76-6","u":"08/08-26-076-06W4/2","f":934,"y":2022,"d":2779}},{"type":"Feature","geometry":{"type":"Point","coordinates":[-110.86069,55.61211]},"properties":{"r":1359.1,"o":75,"n":"CVE L19P09 LEISMER 8-28-76-6","u":"08/08-28-076-06W4/3","f":934,"y":2021,"d":2451}},{"type":"Feature","geometry":{"type":"Point","coordinates":[-110.71963,55.0887]},"properties":{"r":287.55,"o":75,"n":"CVE W24P06 FISHER 8-29-70-5","u":"08/08-29-070-05W4/0","f":10927,"y":2025,"d":2018}},{"type":"Feature","geometry":{"type":"Point","coordinates":[-110.46088,54.57914]},"properties":{"r":366.44,"o":153,"n":"IMP 21 E12-H05 ETHELLK 8-36-64-4","u":"08/08-36-064-04W4/0","f":294,"y":2022,"d":1699}},{"type":"Feature","geometry":{"type":"Point","coordinates":[-110.5406,55.06061]},"properties":{"r":236.35,"o":75,"n":"CVE F106P02-1 FISHER 9-16-70-4","u":"08/09-16-070-04W4/0","f":10927,"y":2022,"d":1595}},{"type":"Feature","geometry":{"type":"Point","coordinates":[-110.74605,55.06248]},"properties":{"r":639.78,"o":75,"n":"CVE FCCL W33P08 FISHER 9-18-70-5","u":"08/09-18-070-05W4/0","f":10927,"y":2018,"d":2027}},{"type":"Feature","geometry":{"type":"Point","coordinates":[-111.66763,56.29984]},"properties":{"r":154.46,"o":136,"n":"GROC W03-P03 HANGSTN 9-21-84-11","u":"08/09-21-084-11W4/2","f":4543,"y":2013,"d":1599}},{"type":"Feature","geometry":{"type":"Point","coordinates":[-111.06348,57.25729]},"properties":{"r":933.03,"o":75,"n":"CVE S01P05 STEEPBK 9-21-95-7","u":"08/09-21-095-07W4/2","f":5519,"y":2023,"d":1229}},{"type":"Feature","geometry":{"type":"Point","coordinates":[-112.13409,56.82347]},"properties":{"r":246.37,"o":233,"n":"MACOP AF01P ELLS 9-22-90-14","u":"08/09-22-090-14W4/0","f":6448,"y":2014,"d":1382}},{"type":"Feature","geometry":{"type":"Point","coordinates":[-110.79101,55.46914]},"properties":{"r":2221.68,"o":67,"n":"CNRL PK101-02P KIRBY 10-1-75-6","u":"08/10-01-075-06W4/0","f":5101,"y":2024,"d":2136}},{"type":"Feature","geometry":{"type":"Point","coordinates":[-110.84106,55.55836]},"properties":{"r":361.37,"o":75,"n":"CVE FCCL G11P02 KIRBY 10-3-76-6","u":"08/10-03-076-06W4/3","f":934,"y":2017,"d":1863}},{"type":"Feature","geometry":{"type":"Point","coordinates":[-110.93572,57.21673]},"properties":{"r":257.65,"o":299,"n":"SUNCOR P117 P14 FIREBAG 10-5-95-6","u":"08/10-05-095-06W4/0","f":1149,"y":2013,"d":1639}},{"type":"Feature","geometry":{"type":"Point","coordinates":[-110.55114,55.13505]},"properties":{"r":1074.13,"o":75,"n":"CVE N27P10 FISHER 10-9-71-4","u":"08/10-09-071-04W4/2","f":10927,"y":2024,"d":2063}},{"type":"Feature","geometry":{"type":"Point","coordinates":[-110.72717,55.06412]},"properties":{"r":542.91,"o":75,"n":"CVE W27P02-1 FISHER 10-17-70-5","u":"08/10-17-070-05W4/0","f":10927,"y":2025,"d":1825}},{"type":"Feature","geometry":{"type":"Point","coordinates":[-111.04361,57.25889]},"properties":{"r":553.59,"o":75,"n":"CVE T01P19 STEEPBK 10-22-95-7","u":"08/10-22-095-07W4/0","f":5519,"y":2023,"d":1941}},{"type":"Feature","geometry":{"type":"Point","coordinates":[-110.52117,54.66947]},"properties":{"r":133.76,"o":153,"n":"IMP 95 H23-18 COLDLK 10-34-65-4","u":"08/10-34-065-04W4/0","f":295,"y":1995,"d":541}},{"type":"Feature","geometry":{"type":"Point","coordinates":[-110.96566,56.41627]},"properties":{"r":247.36,"o":80,"n":"NEXEN OPTI 09P02 NEWBY 10-36-85-7","u":"08/10-36-085-07W4/0","f":2026,"y":2005,"d":1155}},{"type":"Feature","geometry":{"type":"Point","coordinates":[-110.39727,54.59549]},"properties":{"r":148.69,"o":153,"n":"IMP 01 U04-19 COLDLK 11-4-65-3","u":"08/11-04-065-03W4/0","f":3127,"y":2001,"d":539}},{"type":"Feature","geometry":{"type":"Point","coordinates":[-110.42406,54.59768]},"properties":{"r":349.61,"o":153,"n":"IMP 23 Y01-P10 ETHELLK 11-5-65-3","u":"08/11-05-065-03W4/0","f":3127,"y":2023,"d":2050}},{"type":"Feature","geometry":{"type":"Point","coordinates":[-110.61777,55.65961]},"properties":{"r":544.93,"o":75,"n":"MEG DD12N HARDY 11-7-77-4","u":"08/11-07-077-04W4/0","f":1892,"y":2024,"d":2326}},{"type":"Feature","geometry":{"type":"Point","coordinates":[-111.10722,55.54284]},"properties":{"r":761.11,"o":67,"n":"CNRL XX10P DEVENISH 11-36-75-8","u":"08/11-36-075-08W4/0","f":3346,"y":2022,"d":2020}},{"type":"Feature","geometry":{"type":"Point","coordinates":[-110.50394,54.59584]},"properties":{"r":108.35,"o":153,"n":"IMP 99 D31-21 COLDLK 12-2-65-4","u":"08/12-02-065-04W4/0","f":295,"y":2000,"d":885}},{"type":"Feature","geometry":{"type":"Point","coordinates":[-110.89363,57.21397]},"properties":{"r":777.31,"o":299,"n":"SUNCOR P17P3B FIREBAG 12-3-95-6","u":"08/12-03-095-06W4/2","f":1149,"y":2013,"d":1412}},{"type":"Feature","geometry":{"type":"Point","coordinates":[-110.97699,57.23046]},"properties":{"r":210.86,"o":299,"n":"SUNCOR P130P7 FIREBAG 12-7-95-6","u":"08/12-07-095-06W4/0","f":1149,"y":2023,"d":1550}},{"type":"Feature","geometry":{"type":"Point","coordinates":[-110.78919,55.04803]},"properties":{"r":735.78,"o":75,"n":"CVE FCCL W34P04 FISHER 12-12-70-6","u":"08/12-12-070-06W4/0","f":10927,"y":2017,"d":1976}},{"type":"Feature","geometry":{"type":"Point","coordinates":[-110.9786,56.37116]},"properties":{"r":1044.95,"o":80,"n":"NEU CNOOC 18P02 NEWBY 12-13-85-7","u":"08/12-13-085-07W4/0","f":2026,"y":2019,"d":1399}},{"type":"Feature","geometry":{"type":"Point","coordinates":[-110.53179,54.62772]},"properties":{"r":136.85,"o":153,"n":"ESSO 85 J8-18 COLDLK 12-15-65-4","u":"08/12-15-065-04W4/0","f":295,"y":1986,"d":569}},{"type":"Feature","geometry":{"type":"Point","coordinates":[-111.08323,57.25769]},"properties":{"r":329.21,"o":75,"n":"HUSKY B 13-16 P5 STEEPBK 12-21-95-7","u":"08/12-21-095-07W4/0","f":5519,"y":2012,"d":1240}},{"type":"Feature","geometry":{"type":"Point","coordinates":[-111.01183,55.51194]},"properties":{"r":188.67,"o":67,"n":"CNRL K9P CONKLIN 12-22-75-7","u":"08/12-22-075-07W4/0","f":5101,"y":2013,"d":1565}},{"type":"Feature","geometry":{"type":"Point","coordinates":[-111.05696,57.25729]},"properties":{"r":1048.91,"o":75,"n":"CVE T01P02 STEEPBK 12-22-95-7","u":"08/12-22-095-07W4/2","f":5519,"y":2023,"d":1615}},{"type":"Feature","geometry":{"type":"Point","coordinates":[-110.6392,55.07725]},"properties":{"r":519.1,"o":75,"n":"CVE W09P05-1 FISHER 12-24-70-5","u":"08/12-24-070-05W4/0","f":10927,"y":2025,"d":2232}},{"type":"Feature","geometry":{"type":"Point","coordinates":[-110.88618,57.18628]},"properties":{"r":1982.17,"o":299,"n":"SUNCOR P122P13 FIREBAG 12-27-94-6","u":"08/12-27-094-06W4/0","f":1149,"y":2019,"d":1721}},{"type":"Feature","geometry":{"type":"Point","coordinates":[-110.94753,56.4004]},"properties":{"r":519.26,"o":80,"n":"NEXEN OPTI 07P09 NEWBY 12-30-85-6","u":"08/12-30-085-06W4/0","f":2026,"y":2005,"d":1343}},{"type":"Feature","geometry":{"type":"Point","coordinates":[-110.5096,54.66895]},"properties":{"r":109.17,"o":153,"n":"IMP 93 H32-12 COLDLK 12-35-65-4","u":"08/12-35-065-04W4/0","f":295,"y":1993,"d":486}},{"type":"Feature","geometry":{"type":"Point","coordinates":[-111.00099,56.32844]},"properties":{"r":180.87,"o":80,"n":"NEXEN CNOOC K1P12 RESDELN 12-35-84-7","u":"08/12-35-084-07W4/2","f":2026,"y":2012,"d":1193}},{"type":"Feature","geometry":{"type":"Point","coordinates":[-110.85914,57.20192]},"properties":{"r":813.25,"o":299,"n":"SUNCOR P118P18 FIREBAG 12-35-94-6","u":"08/12-35-094-06W4/0","f":1149,"y":2014,"d":1901}},{"type":"Feature","geometry":{"type":"Point","coordinates":[-110.50529,54.59987]},"properties":{"r":129.82,"o":153,"n":"IMP 99 D31-08 COLDLK 13-2-65-4","u":"08/13-02-065-04W4/0","f":295,"y":2000,"d":713}},{"type":"Feature","geometry":{"type":"Point","coordinates":[-110.88498,55.56023]},"properties":{"r":507.92,"o":67,"n":"CNRL E2P RD LEISMER 13-4-76-6","u":"08/13-04-076-06W4/0","f":2037,"y":2023,"d":1678}},{"type":"Feature","geometry":{"type":"Point","coordinates":[-110.58964,54.95041]},"properties":{"r":415.13,"o":67,"n":"CNRL 23A160 RD FISHER 13-5-69-4","u":"08/13-05-069-04W4/0","f":11042,"y":2024,"d":3014}},{"type":"Feature","geometry":{"type":"Point","coordinates":[-110.59312,55.12533]},"properties":{"r":404.83,"o":75,"n":"CVE N23P03 FISHER 13-5-71-4","u":"08/13-05-071-04W4/0","f":10927,"y":2023,"d":2155}},{"type":"Feature","geometry":{"type":"Point","coordinates":[-110.62534,55.64761]},"properties":{"r":545.93,"o":75,"n":"MEG DA8P HARDY 13-6-77-4","u":"08/13-06-077-04W4/0","f":1892,"y":2022,"d":1665}},{"type":"Feature","geometry":{"type":"Point","coordinates":[-110.81522,57.21806]},"properties":{"r":780.52,"o":299,"n":"SUNCOR P3N4 FIREBAG 13-6-95-5","u":"08/13-06-095-05W4/0","f":1149,"y":2012,"d":1678}},{"type":"Feature","geometry":{"type":"Point","coordinates":[-110.9239,56.44887]},"properties":{"r":356.65,"o":80,"n":"NEXEN OPTI 13P09 NEWBY 13-8-86-6","u":"08/13-08-086-06W4/0","f":2026,"y":2011,"d":1024}},{"type":"Feature","geometry":{"type":"Point","coordinates":[-110.85483,55.66362]},"properties":{"r":535.2,"o":75,"n":"CVE X01P04 HARDY 13-10-77-6","u":"08/13-10-077-06W4/0","f":934,"y":2024,"d":2070}},{"type":"Feature","geometry":{"type":"Point","coordinates":[-110.79137,55.05141]},"properties":{"r":1300.46,"o":75,"n":"CVE FCCL W34P08 FISHER 13-12-70-6","u":"08/13-12-070-06W4/0","f":10927,"y":2017,"d":2066}},{"type":"Feature","geometry":{"type":"Point","coordinates":[-110.38058,54.54191]},"properties":{"r":769.83,"o":295,"n":"OPC P109-P3 COLD LK 13-15-64-3","u":"08/13-15-064-03W4/0","f":2122,"y":2018,"d":1772}},{"type":"Feature","geometry":{"type":"Point","coordinates":[-111.06046,57.24707]},"properties":{"r":516.67,"o":75,"n":"HUSKY R3P STEEPBK 13-15-95-7","u":"08/13-15-095-07W4/0","f":5519,"y":2018,"d":1414}},{"type":"Feature","geometry":{"type":"Point","coordinates":[-110.82986,55.53357]},"properties":{"r":955.5,"o":75,"n":"CVE J17P05-1 KIRBY 13-26-75-6","u":"08/13-26-075-06W4/2","f":934,"y":2025,"d":2436}},{"type":"Feature","geometry":{"type":"Point","coordinates":[-110.8725,56.23134]},"properties":{"r":872.44,"o":85,"n":"COPRC HZ 2631P09 NEWBY 13-27-83-6","u":"08/13-27-083-06W4/0","f":3130,"y":2013,"d":1829}},{"type":"Feature","geometry":{"type":"Point","coordinates":[-110.56211,55.09581]},"properties":{"r":710.87,"o":75,"n":"CVE N13P02 FISHER 13-28-70-4","u":"08/13-28-070-04W4/2","f":10927,"y":2022,"d":2652}},{"type":"Feature","geometry":{"type":"Point","coordinates":[-110.56028,54.93344]},"properties":{"r":138.38,"o":67,"n":"CNRL 27B72 PRIMROSE 13-33-68-4","u":"08/13-33-068-04W4/0","f":11042,"y":2018,"d":2380}},{"type":"Feature","geometry":{"type":"Point","coordinates":[-110.84281,56.24297]},"properties":{"r":373.76,"o":85,"n":"COPRC HZ 2622P09 NEWBY 13-35-83-6","u":"08/13-35-083-06W4/2","f":3130,"y":2014,"d":1603}},{"type":"Feature","geometry":{"type":"Point","coordinates":[-111.90093,57.0454]},"properties":{"r":439.01,"o":299,"n":"SUNCOR NN3PB DOVER 14-5-93-12","u":"08/14-05-093-12W4/2","f":926,"y":2007,"d":1432}},{"type":"Feature","geometry":{"type":"Point","coordinates":[-110.61547,55.64986]},"properties":{"r":111.33,"o":75,"n":"MEG DG7P HARDY 14-6-77-4","u":"08/14-06-077-04W4/0","f":1892,"y":2021,"d":1894}},{"type":"Feature","geometry":{"type":"Point","coordinates":[-110.81015,57.2178]},"properties":{"r":757.54,"o":299,"n":"SUNCOR P3N2 FIREBAG 14-6-95-5","u":"08/14-06-095-05W4/0","f":1149,"y":2012,"d":1633}},{"type":"Feature","geometry":{"type":"Point","coordinates":[-110.61553,55.66416]},"properties":{"r":197.31,"o":75,"n":"MEG DC4N HARDY 14-7-77-4","u":"08/14-07-077-04W4/0","f":1892,"y":2023,"d":1509}},{"type":"Feature","geometry":{"type":"Point","coordinates":[-110.91953,57.23358]},"properties":{"r":1945.67,"o":299,"n":"SUNCOR P114P5B FIREBAG 14-9-95-6","u":"08/14-09-095-06W4/2","f":1149,"y":2013,"d":1618}},{"type":"Feature","geometry":{"type":"Point","coordinates":[-110.88769,57.23409]},"properties":{"r":292.81,"o":299,"n":"SUNCOR P105N2 FIREBAG 14-10-95-6","u":"08/14-10-095-06W4/0","f":1149,"y":2017,"d":1654}},{"type":"Feature","geometry":{"type":"Point","coordinates":[-110.99734,56.20131]},"properties":{"r":360.55,"o":85,"n":"COPRC 101NP26STRD RSDLN 14-14-83-7","u":"08/14-14-083-07W4/2","f":3130,"y":2013,"d":1777}},{"type":"Feature","geometry":{"type":"Point","coordinates":[-110.37601,55.06742]},"properties":{"r":804.82,"o":75,"n":"CVE E16P05-2 FISHER 14-15-70-3","u":"08/14-15-070-03W4/0","f":10927,"y":2026,"d":1549}},{"type":"Feature","geometry":{"type":"Point","coordinates":[-110.84682,55.59001]},"properties":{"r":345.88,"o":75,"n":"CVE H03P01-2 LEISMER 14-15-76-6","u":"08/14-15-076-06W4/0","f":934,"y":2025,"d":2083}},{"type":"Feature","geometry":{"type":"Point","coordinates":[-110.60691,55.07903]},"properties":{"r":320.49,"o":75,"n":"CVE W07P04-1 FISHER 14-19-70-4","u":"08/14-19-070-04W4/0","f":10927,"y":2022,"d":1564}},{"type":"Feature","geometry":{"type":"Point","coordinates":[-111.07102,55.3576]},"properties":{"r":567.76,"o":67,"n":"CNRL KS21-10P KIRBY 14-30-73-7","u":"08/14-30-073-07W4/0","f":3534,"y":2022,"d":1942}},{"type":"Feature","geometry":{"type":"Point","coordinates":[-110.90154,55.54496]},"properties":{"r":373.15,"o":67,"n":"CNRL OOO1P LEISMER 14-32-75-6","u":"08/14-32-075-06W4/0","f":2037,"y":2019,"d":1565}},{"type":"Feature","geometry":{"type":"Point","coordinates":[-111.87461,57.03023]},"properties":{"r":1205.73,"o":299,"n":"SUNCOR P819P3 DOVER 14-33-92-12","u":"08/14-33-092-12W4/2","f":926,"y":2022,"d":1508}},{"type":"Feature","geometry":{"type":"Point","coordinates":[-110.82872,57.20388]},"properties":{"r":643.01,"o":299,"n":"SUNCOR SAGD P1N9 FIREBAG  14-36-94-6","u":"08/14-36-094-06W4/0","f":1149,"y":2010,"d":1658}},{"type":"Feature","geometry":{"type":"Point","coordinates":[-110.54527,54.68755]},"properties":{"r":160.37,"o":153,"n":"IMP H91-H05 LEMING 15-4-66-4","u":"08/15-04-066-04W4/0","f":295,"y":2020,"d":1884}},{"type":"Feature","geometry":{"type":"Point","coordinates":[-110.41558,54.60215]},"properties":{"r":223.98,"o":153,"n":"IMP 23 Y01-P03 ETHELLK 15-5-65-3","u":"08/15-05-065-03W4/0","f":3127,"y":2023,"d":2395}},{"type":"Feature","geometry":{"type":"Point","coordinates":[-110.93727,56.44886]},"properties":{"r":396.49,"o":80,"n":"NEXEN OPTI 12P06 NEWBY 15-7-86-6","u":"08/15-07-086-06W4/0","f":2026,"y":2011,"d":1088}},{"type":"Feature","geometry":{"type":"Point","coordinates":[-111.89666,57.05987]},"properties":{"r":884.24,"o":299,"n":"SUNCOR P826P4 DOVER 15-8-93-12","u":"08/15-08-093-12W4/0","f":926,"y":2023,"d":1644}},{"type":"Feature","geometry":{"type":"Point","coordinates":[-111.86566,57.06053]},"properties":{"r":529.04,"o":299,"n":"SUNCOR QQ4PB DOVER 15-9-93-12","u":"08/15-09-093-12W4/2","f":926,"y":2007,"d":1428}},{"type":"Feature","geometry":{"type":"Point","coordinates":[-111.73883,56.11478]},"properties":{"r":325.25,"o":84,"n":"CLC 203 P9 DIVIDE 15-13-82-12","u":"08/15-13-082-12W4/0","f":3166,"y":2021,"d":1809}},{"type":"Feature","geometry":{"type":"Point","coordinates":[-111.46161,55.76512]},"properties":{"r":507.21,"o":34,"n":"ATHABASCA L07N03 LEISMER 15-15-78-10","u":"08/15-15-078-10W4/0","f":2782,"y":2023,"d":1923}},{"type":"Feature","geometry":{"type":"Point","coordinates":[-111.0424,55.34279]},"properties":{"r":191.84,"o":67,"n":"CNRL C 1P KIRBY 15-20-73-7","u":"08/15-20-073-07W4/0","f":3534,"y":2011,"d":1732}},{"type":"Feature","geometry":{"type":"Point","coordinates":[-111.04691,57.26131]},"properties":{"r":421.52,"o":75,"n":"CVE T01P08 STEEPBK 15-22-95-7","u":"08/15-22-095-07W4/2","f":5519,"y":2023,"d":2100}},{"type":"Feature","geometry":{"type":"Point","coordinates":[-110.60832,55.63263]},"properties":{"r":1332.47,"o":75,"n":"MEG MH12P HARDY 15-31-76-4","u":"08/15-31-076-04W4/0","f":1892,"y":2024,"d":1645}},{"type":"Feature","geometry":{"type":"Point","coordinates":[-110.92692,57.20507]},"properties":{"r":703.93,"o":299,"n":"SUNCOR P125P9 FIREBAG 15-32-94-6","u":"08/15-32-094-06W4/0","f":1149,"y":2021,"d":1631}},{"type":"Feature","geometry":{"type":"Point","coordinates":[-110.87243,55.54602]},"properties":{"r":715.72,"o":67,"n":"CNRL B2P RD LEISMER 15-33-75-6","u":"08/15-33-075-06W4/0","f":2037,"y":2024,"d":1575}},{"type":"Feature","geometry":{"type":"Point","coordinates":[-110.84789,57.20356]},"properties":{"r":478.23,"o":299,"n":"SUNCOR P8P6B FIREBAG 15-35-94-6","u":"08/15-35-094-06W4/2","f":1149,"y":2009,"d":1585}},{"type":"Feature","geometry":{"type":"Point","coordinates":[-110.8233,57.20383]},"properties":{"r":597.45,"o":299,"n":"SUNCOR SAGD P1N7 FIREBAG  15-36-94-6","u":"08/15-36-094-06W4/0","f":1149,"y":2010,"d":1493}},{"type":"Feature","geometry":{"type":"Point","coordinates":[-110.80856,55.56001]},"properties":{"r":274.19,"o":75,"n":"CVE J07P03 KIRBY 16-2-76-6","u":"08/16-02-076-06W4/2","f":934,"y":2015,"d":1694}},{"type":"Feature","geometry":{"type":"Point","coordinates":[-110.92874,56.44887]},"properties":{"r":306.88,"o":80,"n":"NEXEN OPTI 13P04 NEWBY 16-7-86-6","u":"08/16-07-086-06W4/2","f":2026,"y":2011,"d":1066}},{"type":"Feature","geometry":{"type":"Point","coordinates":[-111.91374,57.05766]},"properties":{"r":538.03,"o":299,"n":"SUNCOR 750P6 DOVER 16-7-93-12","u":"08/16-07-093-12W4/0","f":926,"y":2013,"d":1402}},{"type":"Feature","geometry":{"type":"Point","coordinates":[-110.95501,57.23459]},"properties":{"r":362.21,"o":299,"n":"SUNCOR P114P11 FIREBAG 16-7-95-6","u":"08/16-07-095-06W4/0","f":1149,"y":2013,"d":1537}},{"type":"Feature","geometry":{"type":"Point","coordinates":[-110.7881,55.66264]},"properties":{"r":106.82,"o":75,"n":"MEG AN9P HARDY 16-12-77-6","u":"08/16-12-077-06W4/0","f":1892,"y":2017,"d":1530}},{"type":"Feature","geometry":{"type":"Point","coordinates":[-110.67882,55.67774]},"properties":{"r":195.89,"o":75,"n":"MEG DB1N HARDY 16-15-77-5","u":"08/16-15-077-05W4/0","f":1892,"y":2023,"d":1901}},{"type":"Feature","geometry":{"type":"Point","coordinates":[-111.45849,55.7651]},"properties":{"r":138.94,"o":34,"n":"ATHABASCA L07N01 LEISMER 16-15-78-10","u":"08/16-15-078-10W4/0","f":2782,"y":2023,"d":1989}},{"type":"Feature","geometry":{"type":"Point","coordinates":[-110.56212,54.58689]},"properties":{"r":176.58,"o":295,"n":"SRL COLD LK 16-32-64-4","u":"08/16-32-064-04W4/0","f":1724,"y":2005,"d":1364}},{"type":"Feature","geometry":{"type":"Point","coordinates":[-110.34157,54.76377]},"properties":{"r":322.75,"o":67,"n":"CNRL 14A74 PRIMROSE 1-2-67-3","u":"09/01-02-067-03W4/0","f":11042,"y":2008,"d":1890}},{"type":"Feature","geometry":{"type":"Point","coordinates":[-111.49669,55.81301]},"properties":{"r":211.19,"o":34,"n":"ATH L5P6 LEISMER 1-4-79-10","u":"09/01-04-079-10W4/0","f":2782,"y":2013,"d":1696}},{"type":"Feature","geometry":{"type":"Point","coordinates":[-110.9323,56.42216]},"properties":{"r":431.84,"o":80,"n":"NEXEN OPTI 09P10 NEWBY 1-6-86-6","u":"09/01-06-086-06W4/0","f":2026,"y":2004,"d":1303}},{"type":"Feature","geometry":{"type":"Point","coordinates":[-110.54084,54.63433]},"properties":{"r":122.84,"o":153,"n":"IMP 02 H10-14 COLDLK 1-21-65-4","u":"09/01-21-065-04W4/0","f":295,"y":2002,"d":675}},{"type":"Feature","geometry":{"type":"Point","coordinates":[-110.34173,54.80872]},"properties":{"r":176.14,"o":67,"n":"CNRL 20A90 RD MOORE 1-23-67-3","u":"09/01-23-067-03W4/0","f":11042,"y":2024,"d":1918}},{"type":"Feature","geometry":{"type":"Point","coordinates":[-110.86339,55.60884]},"properties":{"r":1751.58,"o":75,"n":"CVE L19P05 LEISMER 1-28-76-6","u":"09/01-28-076-06W4/0","f":934,"y":2021,"d":2415}},{"type":"Feature","geometry":{"type":"Point","coordinates":[-111.04591,55.5215]},"properties":{"r":254.49,"o":67,"n":"CNRL BB5P CONKLIN 1-29-75-7","u":"09/01-29-075-07W4/0","f":3346,"y":2009,"d":1556}},{"type":"Feature","geometry":{"type":"Point","coordinates":[-111.09582,57.26585]},"properties":{"r":382.19,"o":75,"n":"CVE LP03-1 STEEPBK 1-29-95-7","u":"09/01-29-095-07W4/0","f":5519,"y":2024,"d":2155}},{"type":"Feature","geometry":{"type":"Point","coordinates":[-111.92294,57.03391]},"properties":{"r":351.22,"o":299,"n":"SUNCOR P751P8 DOVER 2-6-93-12","u":"09/02-06-093-12W4/0","f":926,"y":2013,"d":1445}},{"type":"Feature","geometry":{"type":"Point","coordinates":[-110.93439,57.22402]},"properties":{"r":434.56,"o":299,"n":"SUNCOR P111P1 FIREBAG 2-8-95-6","u":"09/02-08-095-06W4/0","f":1149,"y":2019,"d":1634}},{"type":"Feature","geometry":{"type":"Point","coordinates":[-110.41617,54.53255]},"properties":{"r":452.32,"o":295,"n":"SRL P206-P11 ETHELLK 2-17-64-3","u":"09/02-17-064-03W4/0","f":2122,"y":2021,"d":1800}},{"type":"Feature","geometry":{"type":"Point","coordinates":[-110.37178,54.80696]},"properties":{"r":236.77,"o":67,"n":"CNRL 11A95 PRIMROSE 2-22-67-3","u":"09/02-22-067-03W4/0","f":11042,"y":2011,"d":1819}},{"type":"Feature","geometry":{"type":"Point","coordinates":[-111.04038,55.3453]},"properties":{"r":1012.72,"o":67,"n":"CNRL A 8P KIRBY 2-29-73-7","u":"09/02-29-073-07W4/0","f":3534,"y":2025,"d":1964}},{"type":"Feature","geometry":{"type":"Point","coordinates":[-110.73859,55.62224]},"properties":{"r":157.56,"o":75,"n":"MEG AT8N HARDY 2-32-76-5","u":"09/02-32-076-05W4/0","f":1892,"y":2021,"d":2232}},{"type":"Feature","geometry":{"type":"Point","coordinates":[-110.37117,54.57417]},"properties":{"r":214.99,"o":153,"n":"IMP V05-H30 COLD LK 2-34-64-3","u":"09/02-34-064-03W4/0","f":3127,"y":2019,"d":1642}},{"type":"Feature","geometry":{"type":"Point","coordinates":[-110.3291,54.76379]},"properties":{"r":128.69,"o":67,"n":"CNRL 1A74 RD MOORE 3-1-67-3","u":"09/03-01-067-03W4/0","f":11042,"y":2026,"d":1816}},{"type":"Feature","geometry":{"type":"Point","coordinates":[-111.56228,55.82595]},"properties":{"r":1251.13,"o":34,"n":"ATHABASCA L08P09 LEISMER 3-7-79-10","u":"09/03-07-079-10W4/0","f":2782,"y":2022,"d":1935}},{"type":"Feature","geometry":{"type":"Point","coordinates":[-110.91592,57.2358]},"properties":{"r":211.53,"o":299,"n":"SUNCOR P121P11B FIREBAG 3-16-95-6","u":"09/03-16-095-06W4/2","f":1149,"y":2018,"d":1608}},{"type":"Feature","geometry":{"type":"Point","coordinates":[-110.50297,55.06955]},"properties":{"r":215.66,"o":75,"n":"CVE FCCL FP7 FISHER 3-23-70-4","u":"09/03-23-070-04W4/0","f":10927,"y":2016,"d":2503}},{"type":"Feature","geometry":{"type":"Point","coordinates":[-110.83612,56.21819]},"properties":{"r":902.5,"o":85,"n":"COPRC HZ 2642P02STK NEWBY 3-26-83-6","u":"09/03-26-083-06W4/2","f":3130,"y":2012,"d":1663}},{"type":"Feature","geometry":{"type":"Point","coordinates":[-110.86457,56.22062]},"properties":{"r":1292.6,"o":85,"n":"COPRC 2641P08STRD NEWBY 3-27-83-6","u":"09/03-27-083-06W4/2","f":3130,"y":2013,"d":1510}},{"type":"Feature","geometry":{"type":"Point","coordinates":[-111.41867,56.49433]},"properties":{"r":280.29,"o":34,"n":"ATH AB01P HANGST 3-31-86-9","u":"09/03-31-086-09W4/0","f":5356,"y":2013,"d":1127}},{"type":"Feature","geometry":{"type":"Point","coordinates":[-110.80633,55.5492]},"properties":{"r":1885.12,"o":75,"n":"CVE B19P05 KIRBY 4-1-76-6","u":"09/04-01-076-06W4/0","f":934,"y":2019,"d":2552}},{"type":"Feature","geometry":{"type":"Point","coordinates":[-110.9779,56.4237]},"properties":{"r":118.58,"o":80,"n":"NEXEN OPTI 11P02 NEWBY 4-1-86-7","u":"09/04-01-086-07W4/0","f":2026,"y":2008,"d":1030}},{"type":"Feature","geometry":{"type":"Point","coordinates":[-110.87174,57.20968]},"properties":{"r":444.84,"o":299,"n":"SUNCOR P4N11B FIREBAG 4-2-95-6","u":"09/04-02-095-06W4/2","f":1149,"y":2014,"d":1614}},{"type":"Feature","geometry":{"type":"Point","coordinates":[-110.54353,55.11342]},"properties":{"r":2621.13,"o":75,"n":"CVE N25P07 FISHER 4-3-71-4","u":"09/04-03-071-04W4/2","f":10927,"y":2023,"d":2155}},{"type":"Feature","geometry":{"type":"Point","coordinates":[-111.49106,55.81259]},"properties":{"r":133.07,"o":34,"n":"ATH L5N2 LEISMER 5-3-79-10","u":"09/04-03-079-10W4/2","f":2782,"y":2016,"d":1509}},{"type":"Feature","geometry":{"type":"Point","coordinates":[-110.98042,57.22202]},"properties":{"r":441.48,"o":299,"n":"SUNCOR P112P12 FIREBAG 4-7-95-6","u":"09/04-07-095-06W4/0","f":1149,"y":2014,"d":1460}},{"type":"Feature","geometry":{"type":"Point","coordinates":[-110.43259,54.53294]},"properties":{"r":276.5,"o":295,"n":"OPC P204-P10 COLD LK 4-17-64-3","u":"09/04-17-064-03W4/0","f":2122,"y":2017,"d":2069}},{"type":"Feature","geometry":{"type":"Point","coordinates":[-111.42565,56.49521]},"properties":{"r":252.16,"o":34,"n":"ATH AA02P HANGST 4-31-86-9","u":"09/04-31-086-09W4/0","f":5356,"y":2013,"d":1304}},{"type":"Feature","geometry":{"type":"Point","coordinates":[-111.1286,55.36206]},"properties":{"r":540.46,"o":67,"n":"CNRL KS22-04P KIRBY 4-35-73-8","u":"09/04-35-073-08W4/0","f":3534,"y":2022,"d":2279}},{"type":"Feature","geometry":{"type":"Point","coordinates":[-110.85997,57.19174]},"properties":{"r":441.02,"o":299,"n":"SUNCOR P122P4 FIREBAG 4-35-94-6","u":"09/04-35-094-06W4/0","f":1149,"y":2020,"d":1767}},{"type":"Feature","geometry":{"type":"Point","coordinates":[-110.80472,55.55197]},"properties":{"r":1374.61,"o":75,"n":"CVE B19P02 KIRBY 5-1-76-6","u":"09/05-01-076-06W4/2","f":934,"y":2019,"d":2230}},{"type":"Feature","geometry":{"type":"Point","coordinates":[-110.82923,55.6412]},"properties":{"r":2675.49,"o":75,"n":"CVE X06P07 HARDY 5-2-77-6","u":"09/05-02-077-06W4/2","f":934,"y":2023,"d":2410}},{"type":"Feature","geometry":{"type":"Point","coordinates":[-110.54342,55.11633]},"properties":{"r":1919.35,"o":75,"n":"CVE N25P04 FISHER 5-3-71-4","u":"09/05-03-071-04W4/0","f":10927,"y":2023,"d":2158}},{"type":"Feature","geometry":{"type":"Point","coordinates":[-114.15538,55.48125]},"properties":{"r":202.11,"o":144,"n":"HWX 109 HZ MARTENH 5-7-75-1","u":"09/05-07-075-01W5/0","f":9573,"y":2026,"d":2436}},{"type":"Feature","geometry":{"type":"Point","coordinates":[-110.43533,55.07209]},"properties":{"r":1233.83,"o":75,"n":"CVE E05P05 FISHER 5-20-70-3","u":"09/05-20-070-03W4/0","f":10927,"y":2024,"d":2704}},{"type":"Feature","geometry":{"type":"Point","coordinates":[-110.88121,55.53913]},"properties":{"r":617.03,"o":67,"n":"CNRL G4P LEISMER 5-33-75-6","u":"09/05-33-075-06W4/0","f":2037,"y":2014,"d":1641}},{"type":"Feature","geometry":{"type":"Point","coordinates":[-111.1286,55.36556]},"properties":{"r":406.95,"o":67,"n":"CNRL KS22-09P KIRBY 5-35-73-8","u":"09/05-35-073-08W4/0","f":3534,"y":2022,"d":2426}},{"type":"Feature","geometry":{"type":"Point","coordinates":[-110.53158,54.8703]},"properties":{"r":146.97,"o":67,"n":"CNRL 17A62 PRIMROSE 6-10-68-4","u":"09/06-10-068-04W4/0","f":11042,"y":2008,"d":2303}},{"type":"Feature","geometry":{"type":"Point","coordinates":[-110.65478,55.07192]},"properties":{"r":196.07,"o":75,"n":"CVE W15P04-2 FISHER 6-23-70-5","u":"09/06-23-070-05W4/0","f":10927,"y":2024,"d":2219}},{"type":"Feature","geometry":{"type":"Point","coordinates":[-110.82591,55.61327]},"properties":{"r":674.22,"o":75,"n":"CVE L04P10 LEISMER 6-26-76-6","u":"09/06-26-076-06W4/2","f":934,"y":2022,"d":2475}},{"type":"Feature","geometry":{"type":"Point","coordinates":[-110.83927,56.22122]},"properties":{"r":919.15,"o":85,"n":"COPRC HZ 2632P09 NEWBY 6-26-83-6","u":"09/06-26-083-06W4/0","f":3130,"y":2012,"d":1633}},{"type":"Feature","geometry":{"type":"Point","coordinates":[-110.44932,54.5771]},"properties":{"r":127.62,"o":153,"n":"IMP 99 Y36-21 COLDLK 6-31-64-3","u":"09/06-31-064-03W4/0","f":3127,"y":2000,"d":578}},{"type":"Feature","geometry":{"type":"Point","coordinates":[-111.10157,55.36552]},"properties":{"r":1190.37,"o":67,"n":"CNRL KS21-07P KIRBY 6-36-73-8","u":"09/06-36-073-08W4/0","f":3534,"y":2022,"d":2415}},{"type":"Feature","geometry":{"type":"Point","coordinates":[-110.93576,57.21351]},"properties":{"r":565.1,"o":299,"n":"SUNCOR P117 P10 FIREBAG 7-5-95-6","u":"09/07-05-095-06W4/0","f":1149,"y":2013,"d":1560}},{"type":"Feature","geometry":{"type":"Point","coordinates":[-110.55543,55.13243]},"properties":{"r":1435.08,"o":75,"n":"CVE N27P06 FISHER 7-9-71-4","u":"09/07-09-071-04W4/2","f":10927,"y":2024,"d":1848}},{"type":"Feature","geometry":{"type":"Point","coordinates":[-110.52118,54.60866]},"properties":{"r":103.45,"o":153,"n":"IMP 96 J27-10 COLDLK 7-10-65-4","u":"09/07-10-065-04W4/0","f":295,"y":1997,"d":536}},{"type":"Feature","geometry":{"type":"Point","coordinates":[-110.61021,55.66885]},"properties":{"r":210.79,"o":75,"n":"MEG DC8N HARDY 7-18-77-4","u":"09/07-18-077-04W4/0","f":1892,"y":2023,"d":1774}},{"type":"Feature","geometry":{"type":"Point","coordinates":[-110.96237,57.24016]},"properties":{"r":1081.34,"o":299,"n":"SUNCOR P128P4 FIREBAG 7-18-95-6","u":"09/07-18-095-06W4/0","f":1149,"y":2022,"d":1584}},{"type":"Feature","geometry":{"type":"Point","coordinates":[-110.84457,55.59741]},"properties":{"r":582.77,"o":75,"n":"CVE L02P04 LEISMER 7-22-76-6","u":"09/07-22-076-06W4/3","f":934,"y":2017,"d":1831}},{"type":"Feature","geometry":{"type":"Point","coordinates":[-112.13996,56.81948]},"properties":{"r":350.01,"o":233,"n":"PCC AF11P ELLS 7-22-90-14","u":"09/07-22-090-14W4/0","f":6448,"y":2023,"d":1467}},{"type":"Feature","geometry":{"type":"Point","coordinates":[-110.99067,56.20707]},"properties":{"r":313.36,"o":85,"n":"COPRC HZ 103P11STK RESDELN 7-23-83-7","u":"09/07-23-083-07W4/2","f":3130,"y":2013,"d":1703}},{"type":"Feature","geometry":{"type":"Point","coordinates":[-111.01638,56.31014]},"properties":{"r":389.25,"o":80,"n":"NEXEN CNOOC K1P02 RESDELN 7-27-84-7","u":"09/07-27-084-07W4/0","f":2026,"y":2012,"d":1302}},{"type":"Feature","geometry":{"type":"Point","coordinates":[-110.66321,54.69638]},"properties":{"r":111.18,"o":67,"n":"CNRL MC1 2L SAGD WOLF LK 8-10-66-5","u":"09/08-10-066-05W4/3","f":11042,"y":2010,"d":1745}},{"type":"Feature","geometry":{"type":"Point","coordinates":[-110.83974,55.56643]},"properties":{"r":583.02,"o":75,"n":"CVE FCCL G09P08 LEISMER 8-10-76-6","u":"09/08-10-076-06W4/0","f":934,"y":2018,"d":1829}},{"type":"Feature","geometry":{"type":"Point","coordinates":[-110.95423,56.17803]},"properties":{"r":361.14,"o":85,"n":"COPRC 102P06 HZ RESDELN 8-12-83-7","u":"09/08-12-083-07W4/0","f":3130,"y":2008,"d":1506}},{"type":"Feature","geometry":{"type":"Point","coordinates":[-110.81283,55.61194]},"properties":{"r":1915.56,"o":75,"n":"CVE L04P02 LEISMER 8-26-76-6","u":"09/08-26-076-06W4/0","f":934,"y":2022,"d":2738}},{"type":"Feature","geometry":{"type":"Point","coordinates":[-110.51498,54.66564]},"properties":{"r":131.62,"o":153,"n":"IMP 95 H21-06 COLDLK 8-34-65-4","u":"09/08-34-065-04W4/0","f":295,"y":1995,"d":530}},{"type":"Feature","geometry":{"type":"Point","coordinates":[-111.09648,57.24285]},"properties":{"r":684.81,"o":75,"n":"HUSKY B 16-8 P3 STEEPBK 9-17-95-7","u":"09/09-17-095-07W4/0","f":5519,"y":2011,"d":1176}},{"type":"Feature","geometry":{"type":"Point","coordinates":[-111.09426,57.25771]},"properties":{"r":906.3,"o":75,"n":"CVE GA04-1 STEEPBK 9-20-95-7","u":"09/09-20-095-07W4/2","f":5519,"y":2022,"d":2023}},{"type":"Feature","geometry":{"type":"Point","coordinates":[-111.64127,56.32915]},"properties":{"r":650.72,"o":136,"n":"GROC DEMO RF UP HANGSTN 9-34-84-11","u":"09/09-34-084-11W4/7","f":1314,"y":2006,"d":2263}},{"type":"Feature","geometry":{"type":"Point","coordinates":[-110.79001,55.46961]},"properties":{"r":3071.9,"o":67,"n":"CNRL PK101-03P KIRBY 10-1-75-6","u":"09/10-01-075-06W4/0","f":5101,"y":2024,"d":2091}},{"type":"Feature","geometry":{"type":"Point","coordinates":[-111.25479,55.46903]},"properties":{"r":121.77,"o":67,"n":"CNRL KN05-02P KIRBY 10-1-75-9","u":"09/10-01-075-09W4/0","f":5737,"y":2018,"d":1649}},{"type":"Feature","geometry":{"type":"Point","coordinates":[-110.72632,55.06334]},"properties":{"r":369.32,"o":75,"n":"CVE W27P01-1 FISHER 10-17-70-5","u":"09/10-17-070-05W4/0","f":10927,"y":2025,"d":1831}},{"type":"Feature","geometry":{"type":"Point","coordinates":[-111.07016,57.2573]},"properties":{"r":397.39,"o":75,"n":"CVE S01P01 STEEPBK 10-21-95-7","u":"09/10-21-095-07W4/0","f":5519,"y":2023,"d":1363}},{"type":"Feature","geometry":{"type":"Point","coordinates":[-110.83343,56.21006]},"properties":{"r":674.37,"o":85,"n":"COPRC 2671P09 NEWBY 10-23-83-6","u":"09/10-23-083-06W4/0","f":3130,"y":2022,"d":1903}},{"type":"Feature","geometry":{"type":"Point","coordinates":[-110.54555,54.56927]},"properties":{"r":817.69,"o":295,"n":"SRL CE C16L TUCKLK 10-28-64-4","u":"09/10-28-064-04W4/0","f":1724,"y":2025,"d":1427}},{"type":"Feature","geometry":{"type":"Point","coordinates":[-110.73997,55.62994]},"properties":{"r":309.25,"o":75,"n":"MEG AT11P HARDY 10-32-76-5","u":"09/10-32-076-05W4/0","f":1892,"y":2021,"d":1649}},{"type":"Feature","geometry":{"type":"Point","coordinates":[-110.42498,54.59682]},"properties":{"r":238.97,"o":153,"n":"IMP 23 Y01-P11 ETHELLK 11-5-65-3","u":"09/11-05-065-03W4/0","f":3127,"y":2023,"d":2103}},{"type":"Feature","geometry":{"type":"Point","coordinates":[-110.63369,55.06333]},"properties":{"r":106.95,"o":75,"n":"CVE W21P03-1 FISHER 11-13-70-5","u":"09/11-13-070-05W4/0","f":10927,"y":2025,"d":2354}},{"type":"Feature","geometry":{"type":"Point","coordinates":[-111.05527,57.25729]},"properties":{"r":817.25,"o":75,"n":"CVE T01P03 STEEPBK 11-22-95-7","u":"09/11-22-095-07W4/2","f":5519,"y":2023,"d":1580}},{"type":"Feature","geometry":{"type":"Point","coordinates":[-110.91935,56.41482]},"properties":{"r":250.29,"o":80,"n":"NEU CNOOC 03P05 INF NEWBY 11-32-85-6","u":"09/11-32-085-06W4/0","f":2026,"y":2018,"d":1507}},{"type":"Feature","geometry":{"type":"Point","coordinates":[-110.9348,57.19919]},"properties":{"r":1004.02,"o":299,"n":"SUNCOR P119P9 FIREBAG 11-32-94-6","u":"09/11-32-094-06W4/0","f":1149,"y":2022,"d":1686}},{"type":"Feature","geometry":{"type":"Point","coordinates":[-110.99456,56.32831]},"properties":{"r":206.14,"o":80,"n":"NEXEN CNOOC K2P01 RESDELN 11-35-84-7","u":"09/11-35-084-07W4/0","f":2026,"y":2013,"d":1382}},{"type":"Feature","geometry":{"type":"Point","coordinates":[-110.97842,57.2307]},"properties":{"r":310.57,"o":299,"n":"SUNCOR P130P8 FIREBAG 12-7-95-6","u":"09/12-07-095-06W4/0","f":1149,"y":2023,"d":1576}},{"type":"Feature","geometry":{"type":"Point","coordinates":[-110.97861,56.37183]},"properties":{"r":370.34,"o":80,"n":"NEU CNOOC 18P03 NEWBY 12-13-85-7","u":"09/12-13-085-07W4/0","f":2026,"y":2019,"d":1439}},{"type":"Feature","geometry":{"type":"Point","coordinates":[-110.82882,55.58767]},"properties":{"r":247.0,"o":75,"n":"CVE L05P02-1 LEISMER 12-14-76-6","u":"09/12-14-076-06W4/0","f":934,"y":2024,"d":1483}},{"type":"Feature","geometry":{"type":"Point","coordinates":[-111.0131,55.51196]},"properties":{"r":503.04,"o":67,"n":"CNRL K10P CONKLIN 12-22-75-7","u":"09/12-22-075-07W4/0","f":5101,"y":2013,"d":1626}},{"type":"Feature","geometry":{"type":"Point","coordinates":[-111.66432,56.29748]},"properties":{"r":343.38,"o":136,"n":"GROC HE W2-P2 RF HANGSTN 12-22-84-11","u":"09/12-22-084-11W4/2","f":4543,"y":2014,"d":2400}},{"type":"Feature","geometry":{"type":"Point","coordinates":[-110.84282,56.22491]},"properties":{"r":1002.09,"o":85,"n":"COPRC 2632P04STRD NEWBY 12-26-83-6","u":"09/12-26-083-06W4/2","f":3130,"y":2012,"d":1604}},{"type":"Feature","geometry":{"type":"Point","coordinates":[-110.88766,57.18651]},"properties":{"r":865.73,"o":299,"n":"SUNCOR P122P14 FIREBAG 12-27-94-6","u":"09/12-27-094-06W4/0","f":1149,"y":2019,"d":1666}},{"type":"Feature","geometry":{"type":"Point","coordinates":[-110.94762,56.3999]},"properties":{"r":491.82,"o":80,"n":"NEXEN OPTI 07P10 NEWBY 12-30-85-6","u":"09/12-30-085-06W4/0","f":2026,"y":2005,"d":1356}},{"type":"Feature","geometry":{"type":"Point","coordinates":[-110.88499,55.56175]},"properties":{"r":428.69,"o":67,"n":"CNRL E3P RD LEISMER 13-4-76-6","u":"09/13-04-076-06W4/0","f":2037,"y":2023,"d":1825}},{"type":"Feature","geometry":{"type":"Point","coordinates":[-110.59027,55.12478]},"properties":{"r":151.35,"o":75,"n":"CVE N23P04 FISHER 13-5-71-4","u":"09/13-05-071-04W4/3","f":10927,"y":2023,"d":1993}},{"type":"Feature","geometry":{"type":"Point","coordinates":[-110.62629,55.64737]},"properties":{"r":519.58,"o":75,"n":"MEG DA9P HARDY 13-6-77-4","u":"09/13-06-077-04W4/0","f":1892,"y":2022,"d":1677}},{"type":"Feature","geometry":{"type":"Point","coordinates":[-110.92453,56.44886]},"properties":{"r":285.26,"o":80,"n":"CNOOC 13P09 INF NEWBY 13-8-86-6","u":"09/13-08-086-06W4/0","f":2026,"y":2019,"d":1122}},{"type":"Feature","geometry":{"type":"Point","coordinates":[-110.80638,55.66434]},"properties":{"r":132.13,"o":75,"n":"MEG AP10P HARDY 13-12-77-6","u":"09/13-12-077-06W4/0","f":1892,"y":2013,"d":1604}},{"type":"Feature","geometry":{"type":"Point","coordinates":[-110.38059,54.5412]},"properties":{"r":136.01,"o":295,"n":"OPC P109-P4 COLD LK 13-15-64-3","u":"09/13-15-064-03W4/0","f":2122,"y":2018,"d":1746}},{"type":"Feature","geometry":{"type":"Point","coordinates":[-110.55935,55.09537]},"properties":{"r":439.32,"o":75,"n":"CVE N13P01-1 FISHER 13-28-70-4","u":"09/13-28-070-04W4/0","f":10927,"y":2024,"d":2470}},{"type":"Feature","geometry":{"type":"Point","coordinates":[-110.77331,55.46022]},"properties":{"r":1559.47,"o":67,"n":"CNRL PK102-04P KIRBY 13-31-74-5","u":"09/13-31-074-05W4/0","f":5101,"y":2025,"d":1891}},{"type":"Feature","geometry":{"type":"Point","coordinates":[-110.56028,54.93516]},"properties":{"r":133.05,"o":67,"n":"CNRL 31B72 PRIMROSE 13-33-68-4","u":"09/13-33-068-04W4/0","f":11042,"y":2018,"d":2446}},{"type":"Feature","geometry":{"type":"Point","coordinates":[-110.86157,57.20333]},"properties":{"r":336.61,"o":299,"n":"SUNCOR P10P8 FIREBAG 13-35-94-6","u":"09/13-35-094-06W4/0","f":1149,"y":2012,"d":1639}},{"type":"Feature","geometry":{"type":"Point","coordinates":[-110.61644,55.64981]},"properties":{"r":229.49,"o":75,"n":"MEG DG6P HARDY 14-6-77-4","u":"09/14-06-077-04W4/0","f":1892,"y":2021,"d":1820}},{"type":"Feature","geometry":{"type":"Point","coordinates":[-110.61742,55.66174]},"properties":{"r":418.29,"o":75,"n":"MEG DD10N HARDY 14-7-77-4","u":"09/14-07-077-04W4/0","f":1892,"y":2024,"d":2176}},{"type":"Feature","geometry":{"type":"Point","coordinates":[-110.88875,57.23463]},"properties":{"r":2085.63,"o":299,"n":"SUNCOR P131P1 FIREBAG 14-10-95-6","u":"09/14-10-095-06W4/0","f":1149,"y":2020,"d":2052}},{"type":"Feature","geometry":{"type":"Point","coordinates":[-110.58168,55.06774]},"properties":{"r":354.54,"o":75,"n":"CVE W06P05-2 FISHER 14-17-70-4","u":"09/14-17-070-04W4/0","f":10927,"y":2025,"d":2229}},{"type":"Feature","geometry":{"type":"Point","coordinates":[-110.44726,54.58743]},"properties":{"r":159.76,"o":153,"n":"IMP 25 T06-H45ML ETHELLK 14-31-64-3","u":"09/14-31-064-03W4/0","f":3127,"y":2025,"d":1337}},{"type":"Feature","geometry":{"type":"Point","coordinates":[-110.90271,55.54525]},"properties":{"r":395.27,"o":67,"n":"CNRL OOO2P LEISMER 14-32-75-6","u":"09/14-32-075-06W4/0","f":2037,"y":2019,"d":1519}},{"type":"Feature","geometry":{"type":"Point","coordinates":[-111.87551,57.03099]},"properties":{"r":618.58,"o":299,"n":"SUNCOR P819P4 DOVER 14-33-92-12","u":"09/14-33-092-12W4/0","f":926,"y":2022,"d":1479}},{"type":"Feature","geometry":{"type":"Point","coordinates":[-110.52749,54.67353]},"properties":{"r":193.54,"o":153,"n":"IMP 95 H25-12 COLDLK 14-34-65-4","u":"09/14-34-065-04W4/0","f":295,"y":1995,"d":575}},{"type":"Feature","geometry":{"type":"Point","coordinates":[-110.54563,54.687]},"properties":{"r":257.04,"o":153,"n":"IMP H91-H06 LEMING 15-4-66-4","u":"09/15-04-066-04W4/0","f":295,"y":2020,"d":1856}},{"type":"Feature","geometry":{"type":"Point","coordinates":[-110.41681,54.60152]},"properties":{"r":292.58,"o":153,"n":"IMP 23 Y01-P04 ETHELLK 15-5-65-3","u":"09/15-05-065-03W4/0","f":3127,"y":2023,"d":2291}},{"type":"Feature","geometry":{"type":"Point","coordinates":[-111.86997,57.06066]},"properties":{"r":240.46,"o":299,"n":"PC QQ(P) - 7 DOVER 15-9-93-12","u":"09/15-09-093-12W4/0","f":926,"y":2007,"d":1224}},{"type":"Feature","geometry":{"type":"Point","coordinates":[-110.80757,56.18467]},"properties":{"r":1268.34,"o":85,"n":"COPRC 2673P12 NEWBY 15-12-83-6","u":"09/15-12-083-06W4/0","f":3130,"y":2022,"d":1888}},{"type":"Feature","geometry":{"type":"Point","coordinates":[-112.11848,56.80982]},"properties":{"r":376.13,"o":233,"n":"MACOP AB02P ELLS 15-14-90-14","u":"09/15-14-090-14W4/0","f":6448,"y":2013,"d":1320}},{"type":"Feature","geometry":{"type":"Point","coordinates":[-111.46317,55.76508]},"properties":{"r":208.88,"o":34,"n":"ATHABASCA L07N04 LEISMER 15-15-78-10","u":"09/15-15-078-10W4/0","f":2782,"y":2023,"d":1993}},{"type":"Feature","geometry":{"type":"Point","coordinates":[-110.72819,55.06582]},"properties":{"r":707.04,"o":75,"n":"CVE W27P05-1 FISHER 15-17-70-5","u":"09/15-17-070-05W4/0","f":10927,"y":2025,"d":1831}},{"type":"Feature","geometry":{"type":"Point","coordinates":[-110.67827,55.08055]},"properties":{"r":416.78,"o":75,"n":"CVE W20P01-1 FISHER 15-22-70-5","u":"09/15-22-070-05W4/9","f":10927,"y":2024,"d":2717}},{"type":"Feature","geometry":{"type":"Point","coordinates":[-110.83166,56.21412]},"properties":{"r":216.29,"o":85,"n":"COPRC HZ 2642P08STK NEWBY 15-23-83-6","u":"09/15-23-083-06W4/2","f":3130,"y":2012,"d":1606}},{"type":"Feature","geometry":{"type":"Point","coordinates":[-110.54561,54.57197]},"properties":{"r":930.03,"o":295,"n":"SRL CE C13L TUCKLK 15-28-64-4","u":"09/15-28-064-04W4/3","f":1724,"y":2025,"d":1502}},{"type":"Feature","geometry":{"type":"Point","coordinates":[-111.01936,55.35827]},"properties":{"r":407.31,"o":67,"n":"CNRL G 10P KIRBY 15-28-73-7","u":"09/15-28-073-07W4/0","f":3534,"y":2018,"d":2097}},{"type":"Feature","geometry":{"type":"Point","coordinates":[-110.6074,55.63249]},"properties":{"r":1549.74,"o":75,"n":"MEG MH13P HARDY 15-31-76-4","u":"09/15-31-076-04W4/0","f":1892,"y":2024,"d":1688}},{"type":"Feature","geometry":{"type":"Point","coordinates":[-110.84423,57.20584]},"properties":{"r":758.84,"o":299,"n":"SUNCOR SAGD 8P11 FIREBAG 15-35-94-6","u":"09/15-35-094-06W4/2","f":1149,"y":2011,"d":1359}},{"type":"Feature","geometry":{"type":"Point","coordinates":[-112.65621,55.63428]},"properties":{"r":464.08,"o":160,"n":"IPCCAN B12PN PORTAGE 15-36-76-18","u":"09/15-36-076-18W4/0","f":10595,"y":2024,"d":1988}},{"type":"Feature","geometry":{"type":"Point","coordinates":[-110.81788,57.20363]},"properties":{"r":370.26,"o":299,"n":"SUNCOR SAGD P1P6B FIREBAG 15-36-94-6","u":"09/15-36-094-06W4/0","f":1149,"y":2014,"d":1748}},{"type":"Feature","geometry":{"type":"Point","coordinates":[-110.60099,55.66303]},"properties":{"r":386.84,"o":75,"n":"MEG DG12P HARDY 16-7-77-4","u":"09/16-07-077-04W4/0","f":1892,"y":2021,"d":1773}},{"type":"Feature","geometry":{"type":"Point","coordinates":[-111.91237,57.05767]},"properties":{"r":524.55,"o":299,"n":"SUNCOR 750P7 DOVER 16-7-93-12","u":"09/16-07-093-12W4/0","f":926,"y":2013,"d":1412}},{"type":"Feature","geometry":{"type":"Point","coordinates":[-111.45997,55.76508]},"properties":{"r":504.46,"o":34,"n":"ATHABASCA L07N02 LEISMER 16-15-78-10","u":"09/16-15-078-10W4/0","f":2782,"y":2023,"d":1944}},{"type":"Feature","geometry":{"type":"Point","coordinates":[-110.56503,54.54199]},"properties":{"r":163.89,"o":295,"n":"SRL COLD LK 16-17-64-4","u":"09/16-17-064-04W4/0","f":1724,"y":2014,"d":1509}},{"type":"Feature","geometry":{"type":"Point","coordinates":[-110.54136,54.6582]},"properties":{"r":209.37,"o":153,"n":"IMP 13 HZ H17-H05 COLD LK 16-28-65-4","u":"09/16-28-065-04W4/4","f":295,"y":2015,"d":1710}},{"type":"Feature","geometry":{"type":"Point","coordinates":[-111.00703,55.3573]},"properties":{"r":1006.39,"o":67,"n":"CNRL G 11P KIRBY 16-28-73-7","u":"09/16-28-073-07W4/0","f":3534,"y":2023,"d":2210}},{"type":"Feature","geometry":{"type":"Point","coordinates":[-111.49447,55.81257]},"properties":{"r":282.52,"o":34,"n":"ATH L5N4 LEISMER 1-4-79-10","u":"10/01-04-079-10W4/0","f":2782,"y":2016,"d":1589}},{"type":"Feature","geometry":{"type":"Point","coordinates":[-110.93863,55.56628]},"properties":{"r":989.72,"o":142,"n":"HARVEST HZ 101P2-1 LEISMER 1-12-76-7","u":"10/01-12-076-07W4/2","f":5421,"y":2012,"d":1571}},{"type":"Feature","geometry":{"type":"Point","coordinates":[-110.95503,57.2387]},"properties":{"r":255.49,"o":299,"n":"SUNCOR P129P2 FIREBAG 1-18-95-6","u":"10/01-18-095-06W4/0","f":1149,"y":2022,"d":1632}},{"type":"Feature","geometry":{"type":"Point","coordinates":[-110.36561,54.80698]},"properties":{"r":104.56,"o":67,"n":"CNRL 6A95 PRIMROSE 1-22-67-3","u":"10/01-22-067-03W4/0","f":11042,"y":2011,"d":2016}},{"type":"Feature","geometry":{"type":"Point","coordinates":[-110.78624,55.69581]},"properties":{"r":540.02,"o":75,"n":"MEG AG6P HARDY 1-25-77-6","u":"10/01-25-077-06W4/0","f":1892,"y":2020,"d":2168}},{"type":"Feature","geometry":{"type":"Point","coordinates":[-110.36661,54.58894]},"properties":{"r":229.1,"o":153,"n":"IMP V04-H25 COLD LK 2-3-65-3","u":"10/02-03-065-03W4/0","f":3127,"y":2019,"d":1741}},{"type":"Feature","geometry":{"type":"Point","coordinates":[-110.88207,57.20909]},"properties":{"r":460.52,"o":299,"n":"SUNCOR P117P6B FIREBAG 2-3-95-6","u":"10/02-03-095-06W4/2","f":1149,"y":2013,"d":2231}},{"type":"Feature","geometry":{"type":"Point","coordinates":[-110.93677,57.22357]},"properties":{"r":649.36,"o":299,"n":"SUNCOR P111P2 FIREBAG 2-8-95-6","u":"10/02-08-095-06W4/0","f":1149,"y":2019,"d":1468}},{"type":"Feature","geometry":{"type":"Point","coordinates":[-110.96242,56.18962]},"properties":{"r":236.39,"o":85,"n":"COPRC 101P17INF1 RESDELN 2-13-83-7","u":"10/02-13-083-07W4/0","f":3130,"y":2012,"d":1650}},{"type":"Feature","geometry":{"type":"Point","coordinates":[-110.41617,54.53161]},"properties":{"r":395.92,"o":295,"n":"SRL P206-P12 ETHELLK 2-17-64-3","u":"10/02-17-064-03W4/0","f":2122,"y":2021,"d":1875}},{"type":"Feature","geometry":{"type":"Point","coordinates":[-111.07457,57.26599]},"properties":{"r":1356.73,"o":75,"n":"CVE NA03-1 STEEPBK 2-28-95-7","u":"10/02-28-095-07W4/0","f":5519,"y":2023,"d":2171}},{"type":"Feature","geometry":{"type":"Point","coordinates":[-111.03975,55.34622]},"properties":{"r":1110.49,"o":67,"n":"CNRL A 9P KIRBY 2-29-73-7","u":"10/02-29-073-07W4/0","f":3534,"y":2025,"d":2011}},{"type":"Feature","geometry":{"type":"Point","coordinates":[-110.73755,55.6226]},"properties":{"r":196.16,"o":75,"n":"CVE AT7P-1 HARDY 2-32-76-5","u":"10/02-32-076-05W4/0","f":1892,"y":2026,"d":2093}},{"type":"Feature","geometry":{"type":"Point","coordinates":[-110.36786,54.5738]},"properties":{"r":429.57,"o":153,"n":"IMP V05-H31 COLD LK 2-34-64-3","u":"10/02-34-064-03W4/0","f":3127,"y":2019,"d":1628}},{"type":"Feature","geometry":{"type":"Point","coordinates":[-110.86154,57.20661]},"properties":{"r":207.29,"o":299,"n":"SUNCOR P10P4 FIREBAG 3-2-95-6","u":"10/03-02-095-06W4/0","f":1149,"y":2012,"d":1576}},{"type":"Feature","geometry":{"type":"Point","coordinates":[-111.56267,55.82533]},"properties":{"r":869.52,"o":34,"n":"ATHABASCA L08P10 LEISMER 3-7-79-10","u":"10/03-07-079-10W4/0","f":2782,"y":2022,"d":1950}},{"type":"Feature","geometry":{"type":"Point","coordinates":[-111.90194,57.04933]},"properties":{"r":200.1,"o":299,"n":"PC NN(P)-8 DOVER 3-8-93-12","u":"10/03-08-093-12W4/0","f":926,"y":2009,"d":1230}},{"type":"Feature","geometry":{"type":"Point","coordinates":[-110.85086,55.66517]},"properties":{"r":2670.12,"o":75,"n":"CVE X01P01 LEISMER 3-15-77-6","u":"10/03-15-077-06W4/0","f":934,"y":2024,"d":2124}},{"type":"Feature","geometry":{"type":"Point","coordinates":[-110.91737,57.23599]},"properties":{"r":731.29,"o":299,"n":"SUNCOR P121P12B FIREBAG 3-16-95-6","u":"10/03-16-095-06W4/3","f":1149,"y":2018,"d":1642}},{"type":"Feature","geometry":{"type":"Point","coordinates":[-111.07751,57.26599]},"properties":{"r":1763.45,"o":75,"n":"CVE QP04-1 STEEPBK 3-28-95-7","u":"10/03-28-095-07W4/5","f":5519,"y":2022,"d":1319}},{"type":"Feature","geometry":{"type":"Point","coordinates":[-111.41706,56.49433]},"properties":{"r":127.75,"o":34,"n":"ATH AB02P HANGST 3-31-86-9","u":"10/03-31-086-09W4/0","f":5356,"y":2013,"d":1099}},{"type":"Feature","geometry":{"type":"Point","coordinates":[-110.91577,56.40678]},"properties":{"r":215.05,"o":80,"n":"NEU CNOOC 05P05 INF NEWBY 3-32-85-6","u":"10/03-32-085-06W4/0","f":2026,"y":2017,"d":1033}},{"type":"Feature","geometry":{"type":"Point","coordinates":[-110.97661,56.42372]},"properties":{"r":407.1,"o":80,"n":"NEXEN OPTI 11P04 NEWBY 4-1-86-7","u":"10/04-01-086-07W4/0","f":2026,"y":2008,"d":1027}},{"type":"Feature","geometry":{"type":"Point","coordinates":[-110.35706,54.58829]},"properties":{"r":109.72,"o":153,"n":"IMP 06 U08-31 COLD LK 4-2-65-3","u":"10/04-02-065-03W4/0","f":3127,"y":2006,"d":831}},{"type":"Feature","geometry":{"type":"Point","coordinates":[-110.54358,55.11248]},"properties":{"r":1988.48,"o":75,"n":"CVE N25P08 FISHER 4-3-71-4","u":"10/04-03-071-04W4/0","f":10927,"y":2023,"d":2201}},{"type":"Feature","geometry":{"type":"Point","coordinates":[-111.49295,55.81227]},"properties":{"r":156.51,"o":34,"n":"ATH L5N3 LEISMER 4-3-79-10","u":"10/04-03-079-10W4/0","f":2782,"y":2016,"d":1581}},{"type":"Feature","geometry":{"type":"Point","coordinates":[-110.43259,54.53218]},"properties":{"r":476.62,"o":295,"n":"OPC P204-P11 COLD LK 4-17-64-3","u":"10/04-17-064-03W4/0","f":2122,"y":2017,"d":2145}},{"type":"Feature","geometry":{"type":"Point","coordinates":[-110.62348,54.02241]},"properties":{"r":136.51,"o":295,"n":"PENGROWTH D05-INF5 LNDBRGH 4-24-58-5","u":"10/04-24-058-05W4/0","f":5610,"y":2018,"d":1567}},{"type":"Feature","geometry":{"type":"Point","coordinates":[-111.42397,56.49521]},"properties":{"r":201.57,"o":34,"n":"ATH AA03P HANGST 4-31-86-9","u":"10/04-31-086-09W4/0","f":5356,"y":2013,"d":1291}},{"type":"Feature","geometry":{"type":"Point","coordinates":[-110.56029,54.92363]},"properties":{"r":100.11,"o":67,"n":"CNRL 5B72 PRIMROSE 4-33-68-4","u":"10/04-33-068-04W4/0","f":11042,"y":2018,"d":2939}},{"type":"Feature","geometry":{"type":"Point","coordinates":[-111.1286,55.36277]},"properties":{"r":458.11,"o":67,"n":"CNRL KS22-05P KIRBY 4-35-73-8","u":"10/04-35-073-08W4/0","f":3534,"y":2022,"d":2283}},{"type":"Feature","geometry":{"type":"Point","coordinates":[-110.82821,55.6416]},"properties":{"r":2003.8,"o":75,"n":"CVE X06P06 HARDY 5-2-77-6","u":"10/05-02-077-06W4/2","f":934,"y":2023,"d":2354}},{"type":"Feature","geometry":{"type":"Point","coordinates":[-110.54288,55.11908]},"properties":{"r":1421.68,"o":75,"n":"CVE N25P01-1 FISHER 5-3-71-4","u":"10/05-03-071-04W4/0","f":10927,"y":2025,"d":2313}},{"type":"Feature","geometry":{"type":"Point","coordinates":[-110.434,55.07166]},"properties":{"r":1091.72,"o":75,"n":"CVE E05P06 FISHER 5-20-70-3","u":"10/05-20-070-03W4/0","f":10927,"y":2024,"d":2790}},{"type":"Feature","geometry":{"type":"Point","coordinates":[-111.00012,55.33551]},"properties":{"r":1281.46,"o":67,"n":"CNRL C8P RD KIRBY 5-22-73-7","u":"10/05-22-073-07W4/0","f":3534,"y":2026,"d":1955}},{"type":"Feature","geometry":{"type":"Point","coordinates":[-110.45871,54.57845]},"properties":{"r":158.25,"o":153,"n":"IMP 21 E12-H06 ETHELLK 5-31-64-3","u":"10/05-31-064-03W4/0","f":294,"y":2022,"d":1618}},{"type":"Feature","geometry":{"type":"Point","coordinates":[-110.88206,55.53941]},"properties":{"r":797.65,"o":67,"n":"CNRL G5P LEISMER 5-33-75-6","u":"10/05-33-075-06W4/0","f":2037,"y":2014,"d":1701}},{"type":"Feature","geometry":{"type":"Point","coordinates":[-111.12861,55.36638]},"properties":{"r":561.62,"o":67,"n":"CNRL KS22-10P KIRBY 5-35-73-8","u":"10/05-35-073-08W4/0","f":3534,"y":2022,"d":2499}},{"type":"Feature","geometry":{"type":"Point","coordinates":[-110.97862,56.41273]},"properties":{"r":419.53,"o":80,"n":"NEXEN OPTI 08P01 NEWBY 5-36-85-7","u":"10/05-36-085-07W4/0","f":2026,"y":2005,"d":1356}},{"type":"Feature","geometry":{"type":"Point","coordinates":[-110.42683,54.69652]},"properties":{"r":1678.14,"o":153,"n":"IMP 22 S01-P19 LEMING 6-8-66-3","u":"10/06-08-066-03W4/0","f":3827,"y":2022,"d":1711}},{"type":"Feature","geometry":{"type":"Point","coordinates":[-110.53151,54.87098]},"properties":{"r":120.32,"o":67,"n":"CNRL 18A62 PRIMROSE 6-10-68-4","u":"10/06-10-068-04W4/2","f":11042,"y":2008,"d":2349}},{"type":"Feature","geometry":{"type":"Point","coordinates":[-110.78511,55.04423]},"properties":{"r":582.81,"o":75,"n":"CVE W35P08-1 FISHER 6-12-70-6","u":"10/06-12-070-06W4/0","f":10927,"y":2022,"d":1907}},{"type":"Feature","geometry":{"type":"Point","coordinates":[-111.03164,55.52578]},"properties":{"r":490.23,"o":67,"n":"CNRL DD2P RE CONKLIN 6-28-75-7","u":"10/06-28-075-07W4/2","f":3346,"y":2009,"d":1555}},{"type":"Feature","geometry":{"type":"Point","coordinates":[-110.49787,54.66487]},"properties":{"r":136.22,"o":153,"n":"IMP 96 M07-11 COLDLK 6-35-65-4","u":"10/06-35-065-04W4/0","f":295,"y":1996,"d":534}},{"type":"Feature","geometry":{"type":"Point","coordinates":[-110.96079,56.42807]},"properties":{"r":211.84,"o":80,"n":"NEXEN OPTI 10P09 NEWBY 7-1-86-7","u":"10/07-01-086-07W4/0","f":2026,"y":2005,"d":1512}},{"type":"Feature","geometry":{"type":"Point","coordinates":[-110.89553,55.55273]},"properties":{"r":157.6,"o":67,"n":"CNRL J1P LEISMER 7-5-76-6","u":"10/07-05-076-06W4/0","f":2037,"y":2012,"d":1623}},{"type":"Feature","geometry":{"type":"Point","coordinates":[-110.55457,55.13319]},"properties":{"r":2138.13,"o":75,"n":"CVE N27P07 FISHER 7-9-71-4","u":"10/07-09-071-04W4/0","f":10927,"y":2024,"d":1950}},{"type":"Feature","geometry":{"type":"Point","coordinates":[-110.52247,54.60732]},"properties":{"r":116.72,"o":153,"n":"IMP 96 J27-15 COLDLK 7-10-65-4","u":"10/07-10-065-04W4/0","f":295,"y":1997,"d":516}},{"type":"Feature","geometry":{"type":"Point","coordinates":[-110.8438,55.59809]},"properties":{"r":974.14,"o":75,"n":"CVE FCCL L02P05 LEISMER 7-22-76-6","u":"10/07-22-076-06W4/0","f":934,"y":2017,"d":1801}},{"type":"Feature","geometry":{"type":"Point","coordinates":[-112.14156,56.81851]},"properties":{"r":578.45,"o":233,"n":"PCC AF12P ELLS 7-22-90-14","u":"10/07-22-090-14W4/0","f":6448,"y":2023,"d":1550}},{"type":"Feature","geometry":{"type":"Point","coordinates":[-110.94416,55.52468]},"properties":{"r":266.35,"o":67,"n":"CNRL EEE7P CONKLIN 7-25-75-7","u":"10/07-25-075-07W4/0","f":2037,"y":2016,"d":1928}},{"type":"Feature","geometry":{"type":"Point","coordinates":[-111.01902,56.31154]},"properties":{"r":393.3,"o":80,"n":"NEXEN CNOOC K1P05 RESDELN 7-27-84-7","u":"10/07-27-084-07W4/0","f":2026,"y":2012,"d":1201}},{"type":"Feature","geometry":{"type":"Point","coordinates":[-110.74298,55.62584]},"properties":{"r":114.85,"o":75,"n":"MEG AT4N HARDY 7-32-76-5","u":"10/07-32-076-05W4/0","f":1892,"y":2024,"d":2125}},{"type":"Feature","geometry":{"type":"Point","coordinates":[-110.51459,54.60636]},"properties":{"r":203.98,"o":153,"n":"ESSO 87 D9-15 COLDLK 8-10-65-4","u":"10/08-10-065-04W4/0","f":295,"y":1987,"d":533}},{"type":"Feature","geometry":{"type":"Point","coordinates":[-110.84829,57.22566]},"properties":{"r":493.71,"o":299,"n":"SUNCOR P8P13B FIREBAG 8-11-95-6","u":"10/08-11-095-06W4/0","f":1149,"y":2013,"d":1404}},{"type":"Feature","geometry":{"type":"Point","coordinates":[-110.95859,55.57204]},"properties":{"r":1560.27,"o":142,"n":"HARVEST HZ 102P9-1 LEISMER 8-12-76-7","u":"10/08-12-076-07W4/3","f":5421,"y":2011,"d":1560}},{"type":"Feature","geometry":{"type":"Point","coordinates":[-110.77249,55.05725]},"properties":{"r":909.21,"o":75,"n":"CVE W35P06-1 FISHER 8-13-70-6","u":"10/08-13-070-06W4/0","f":10927,"y":2022,"d":1579}},{"type":"Feature","geometry":{"type":"Point","coordinates":[-110.86271,55.58378]},"properties":{"r":2714.55,"o":75,"n":"CVE G05P03-1 LEISMER 8-16-76-6","u":"10/08-16-076-06W4/0","f":934,"y":2024,"d":2952}},{"type":"Feature","geometry":{"type":"Point","coordinates":[-110.93999,55.52289]},"properties":{"r":550.97,"o":67,"n":"CNRL EEE3P CONKLIN 8-25-75-7","u":"10/08-25-075-07W4/0","f":2037,"y":2016,"d":1851}},{"type":"Feature","geometry":{"type":"Point","coordinates":[-110.5161,54.65032]},"properties":{"r":102.36,"o":153,"n":"IMP 97 H15-19 COLDLK 8-27-65-4","u":"10/08-27-065-04W4/0","f":295,"y":1997,"d":484}},{"type":"Feature","geometry":{"type":"Point","coordinates":[-110.78465,55.57235]},"properties":{"r":284.01,"o":75,"n":"CVE B12P05-1 LEISMER 9-12-76-6","u":"10/09-12-076-06W4/0","f":934,"y":2024,"d":1451}},{"type":"Feature","geometry":{"type":"Point","coordinates":[-110.41729,55.06415]},"properties":{"r":241.86,"o":75,"n":"CVE E08P08-1 FISHER 9-17-70-3","u":"10/09-17-070-03W4/0","f":10927,"y":2021,"d":1530}},{"type":"Feature","geometry":{"type":"Point","coordinates":[-111.0913,57.24296]},"properties":{"r":299.63,"o":75,"n":"HUSKY B 16-8 P6-1 STEEPBK 9-17-95-7","u":"10/09-17-095-07W4/0","f":5519,"y":2022,"d":1246}},{"type":"Feature","geometry":{"type":"Point","coordinates":[-110.74507,55.06079]},"properties":{"r":401.23,"o":75,"n":"CVE FCCL W33P06 FISHER 9-18-70-5","u":"10/09-18-070-05W4/0","f":10927,"y":2018,"d":1947}},{"type":"Feature","geometry":{"type":"Point","coordinates":[-111.6665,56.29756]},"properties":{"r":411.21,"o":136,"n":"GROC HE W2-P3 RF2 HANGSTN 9-21-84-11","u":"10/09-21-084-11W4/3","f":4543,"y":2014,"d":2420}},{"type":"Feature","geometry":{"type":"Point","coordinates":[-110.51211,54.65418]},"properties":{"r":143.16,"o":153,"n":"IMP 95 H18-14 COLDLK 9-27-65-4","u":"10/09-27-065-04W4/0","f":295,"y":1995,"d":479}},{"type":"Feature","geometry":{"type":"Point","coordinates":[-110.84914,56.22679]},"properties":{"r":190.16,"o":85,"n":"COPRC HZ 2623P03STK NEWBY 9-27-83-6","u":"10/09-27-083-06W4/2","f":3130,"y":2013,"d":1540}},{"type":"Feature","geometry":{"type":"Point","coordinates":[-110.71506,54.66872]},"properties":{"r":126.57,"o":67,"n":"CNRL S1B 4L WOLF LK 9-32-65-5","u":"10/09-32-065-05W4/0","f":11042,"y":2010,"d":1507}},{"type":"Feature","geometry":{"type":"Point","coordinates":[-111.64346,56.32951]},"properties":{"r":1323.44,"o":136,"n":"GROC DEMO RF TP HANGSTN 9-34-84-11","u":"10/09-34-084-11W4/3","f":1314,"y":2006,"d":2254}},{"type":"Feature","geometry":{"type":"Point","coordinates":[-110.78902,55.47005]},"properties":{"r":3002.12,"o":67,"n":"CNRL PK101-04P KIRBY 10-1-75-6","u":"10/10-01-075-06W4/0","f":5101,"y":2024,"d":2092}},{"type":"Feature","geometry":{"type":"Point","coordinates":[-111.25495,55.46849]},"properties":{"r":183.18,"o":67,"n":"CNRL KN05-03P KIRBY 10-1-75-9","u":"10/10-01-075-09W4/0","f":5737,"y":2018,"d":1654}},{"type":"Feature","geometry":{"type":"Point","coordinates":[-111.89295,57.03922]},"properties":{"r":267.21,"o":299,"n":"PC H(P) -1 DOVER 10-5-93-12","u":"10/10-05-093-12W4/0","f":926,"y":2008,"d":1026}},{"type":"Feature","geometry":{"type":"Point","coordinates":[-110.93711,57.21441]},"properties":{"r":1318.53,"o":299,"n":"SUNCOR P112P8 FIREBAG 10-5-95-6","u":"10/10-05-095-06W4/0","f":1149,"y":2014,"d":1658}},{"type":"Feature","geometry":{"type":"Point","coordinates":[-110.79117,55.57151]},"properties":{"r":312.35,"o":75,"n":"CVE B12P01 LEISMER 10-12-76-6","u":"10/10-12-076-06W4/2","f":934,"y":2017,"d":1801}},{"type":"Feature","geometry":{"type":"Point","coordinates":[-110.83236,56.21041]},"properties":{"r":1184.68,"o":85,"n":"COPRC 2671P10 NEWBY 10-23-83-6","u":"10/10-23-083-06W4/0","f":3130,"y":2022,"d":1950}},{"type":"Feature","geometry":{"type":"Point","coordinates":[-110.54539,54.56838]},"properties":{"r":820.5,"o":295,"n":"SRL CE C18L TUCKLK 10-28-64-4","u":"10/10-28-064-04W4/9","f":1724,"y":2025,"d":1431}},{"type":"Feature","geometry":{"type":"Point","coordinates":[-110.52254,54.66989]},"properties":{"r":114.54,"o":153,"n":"IMP 95 H23-17 COLDLK 10-34-65-4","u":"10/10-34-065-04W4/0","f":295,"y":1995,"d":513}},{"type":"Feature","geometry":{"type":"Point","coordinates":[-110.46619,54.58378]},"properties":{"r":178.78,"o":153,"n":"IMP 07 D29-H03 COLD LK 10-36-64-4","u":"10/10-36-064-04W4/0","f":294,"y":2008,"d":1776}},{"type":"Feature","geometry":{"type":"Point","coordinates":[-110.70147,54.68586]},"properties":{"r":103.8,"o":67,"n":"CNRL S1A3L RD WOLF LK 11-4-66-5","u":"10/11-04-066-05W4/0","f":11042,"y":2017,"d":1539}},{"type":"Feature","geometry":{"type":"Point","coordinates":[-110.55217,55.06184]},"properties":{"r":208.82,"o":75,"n":"CVE NP06-1 FISHER 11-16-70-4","u":"10/11-16-070-04W4/0","f":10927,"y":2021,"d":1443}},{"type":"Feature","geometry":{"type":"Point","coordinates":[-111.08003,57.2577]},"properties":{"r":627.7,"o":75,"n":"CVE HA04-1 STEEPBK 11-21-95-7","u":"10/11-21-095-07W4/0","f":5519,"y":2022,"d":2074}},{"type":"Feature","geometry":{"type":"Point","coordinates":[-111.05362,57.25729]},"properties":{"r":691.08,"o":75,"n":"CVE T01P04 STEEPBK 11-22-95-7","u":"10/11-22-095-07W4/2","f":5519,"y":2023,"d":1563}},{"type":"Feature","geometry":{"type":"Point","coordinates":[-111.03168,55.52882]},"properties":{"r":108.33,"o":67,"n":"CNRL DD6P CONKLIN 11-28-75-7","u":"10/11-28-075-07W4/0","f":3346,"y":2009,"d":1561}},{"type":"Feature","geometry":{"type":"Point","coordinates":[-111.10578,55.54407]},"properties":{"r":190.5,"o":67,"n":"CNRL XX12P DEVENISH 11-36-75-8","u":"10/11-36-075-08W4/0","f":3346,"y":2022,"d":1973}},{"type":"Feature","geometry":{"type":"Point","coordinates":[-110.97985,57.23095]},"properties":{"r":666.61,"o":299,"n":"SUNCOR  P130P9 FIREBAG 12-7-95-6","u":"10/12-07-095-06W4/0","f":1149,"y":2023,"d":1621}},{"type":"Feature","geometry":{"type":"Point","coordinates":[-110.78989,55.04891]},"properties":{"r":499.72,"o":75,"n":"CVE W34P05-1 FISHER 12-12-70-6","u":"10/12-12-070-06W4/0","f":10927,"y":2026,"d":1983}},{"type":"Feature","geometry":{"type":"Point","coordinates":[-114.15627,55.50094]},"properties":{"r":293.92,"o":144,"n":"HWX 110 HZ MARTENH 12-18-75-1","u":"10/12-18-075-01W5/3","f":9573,"y":2025,"d":3100}},{"type":"Feature","geometry":{"type":"Point","coordinates":[-110.38122,55.07574]},"properties":{"r":206.91,"o":75,"n":"CVE E16P03-1 FISHER 12-22-70-3","u":"10/12-22-070-03W4/0","f":10927,"y":2021,"d":2463}},{"type":"Feature","geometry":{"type":"Point","coordinates":[-111.66215,56.29752]},"properties":{"r":719.2,"o":136,"n":"GROC HE W2-P1 RF HANGSTN 12-22-84-11","u":"10/12-22-084-11W4/2","f":4543,"y":2014,"d":2397}},{"type":"Feature","geometry":{"type":"Point","coordinates":[-110.61773,54.02826]},"properties":{"r":103.3,"o":295,"n":"PENGROWTH D03-F3 LNDBRGH 12-24-58-5","u":"10/12-24-058-05W4/0","f":5610,"y":2020,"d":1622}},{"type":"Feature","geometry":{"type":"Point","coordinates":[-110.88916,57.18667]},"properties":{"r":312.25,"o":299,"n":"SUNCOR P122P15 FIREBAG 12-27-94-6","u":"10/12-27-094-06W4/0","f":1149,"y":2019,"d":1649}},{"type":"Feature","geometry":{"type":"Point","coordinates":[-111.00057,56.32717]},"properties":{"r":122.97,"o":80,"n":"NEXEN CNOOC K1P13 RESDELN 12-35-84-7","u":"10/12-35-084-07W4/0","f":2026,"y":2013,"d":1100}},{"type":"Feature","geometry":{"type":"Point","coordinates":[-110.95705,55.56087]},"properties":{"r":606.23,"o":142,"n":"HARVEST HZ 102 P4A LEISMER 13-1-76-7","u":"10/13-01-076-07W4/0","f":5421,"y":2012,"d":1520}},{"type":"Feature","geometry":{"type":"Point","coordinates":[-110.50797,54.59899]},"properties":{"r":123.78,"o":153,"n":"IMP 99 D31-11 COLDLK 13-2-65-4","u":"10/13-02-065-04W4/0","f":295,"y":2000,"d":583}},{"type":"Feature","geometry":{"type":"Point","coordinates":[-110.90745,55.56179]},"properties":{"r":1214.39,"o":67,"n":"CNRL S6P LEISMER 13-5-76-6","u":"10/13-05-076-06W4/0","f":2037,"y":2023,"d":1893}},{"type":"Feature","geometry":{"type":"Point","coordinates":[-110.85744,55.66258]},"properties":{"r":771.51,"o":75,"n":"CVE X01P06 HARDY 13-10-77-6","u":"10/13-10-077-06W4/2","f":934,"y":2024,"d":2154}},{"type":"Feature","geometry":{"type":"Point","coordinates":[-110.38054,54.54155]},"properties":{"r":426.43,"o":295,"n":"SRL P103-LDW01 ETHELLK 13-15-64-3","u":"10/13-15-064-03W4/0","f":2122,"y":2024,"d":2646}},{"type":"Feature","geometry":{"type":"Point","coordinates":[-110.42998,54.717]},"properties":{"r":1244.81,"o":153,"n":"IMP 22 S01-P05 LEMING 13-17-66-3","u":"10/13-17-066-03W4/0","f":3827,"y":2022,"d":1637}},{"type":"Feature","geometry":{"type":"Point","coordinates":[-110.87089,56.23163]},"properties":{"r":1223.2,"o":85,"n":"COPRC 2631P10STRD NEWBY 13-27-83-6","u":"10/13-27-083-06W4/4","f":3130,"y":2013,"d":1870}},{"type":"Feature","geometry":{"type":"Point","coordinates":[-110.77509,55.45999]},"properties":{"r":1980.28,"o":67,"n":"CNRL PK102-05P KIRBY 13-31-74-5","u":"10/13-31-074-05W4/0","f":5101,"y":2025,"d":1873}},{"type":"Feature","geometry":{"type":"Point","coordinates":[-110.49926,54.59931]},"properties":{"r":117.89,"o":153,"n":"IMP 99 D33-14 COLDLK 14-2-65-4","u":"10/14-02-065-04W4/0","f":294,"y":2000,"d":655}},{"type":"Feature","geometry":{"type":"Point","coordinates":[-110.53165,54.86391]},"properties":{"r":143.81,"o":67,"n":"CNRL 8A62 PRIMROSE 14-3-68-4","u":"10/14-03-068-04W4/0","f":11042,"y":2008,"d":2067}},{"type":"Feature","geometry":{"type":"Point","coordinates":[-110.92053,57.23243]},"properties":{"r":680.68,"o":299,"n":"SUNCOR P114P6 FIREBAG 14-9-95-6","u":"10/14-09-095-06W4/0","f":1149,"y":2013,"d":1557}},{"type":"Feature","geometry":{"type":"Point","coordinates":[-110.79651,55.57445]},"properties":{"r":434.9,"o":75,"n":"CVE B10P06-1 LEISMER 14-12-76-6","u":"10/14-12-076-06W4/0","f":934,"y":2022,"d":2010}},{"type":"Feature","geometry":{"type":"Point","coordinates":[-110.90391,55.54557]},"properties":{"r":339.06,"o":67,"n":"CNRL OOO3P LEISMER 14-32-75-6","u":"10/14-32-075-06W4/0","f":2037,"y":2019,"d":1491}},{"type":"Feature","geometry":{"type":"Point","coordinates":[-110.4174,54.60066]},"properties":{"r":230.16,"o":153,"n":"IMP 23 Y01-P05 ETHELLK 15-5-65-3","u":"10/15-05-065-03W4/0","f":3127,"y":2023,"d":2240}},{"type":"Feature","geometry":{"type":"Point","coordinates":[-110.8842,57.234]},"properties":{"r":367.03,"o":299,"n":"SUNCOR P5P3B FIREBAG  15-10-95-6","u":"10/15-10-095-06W4/0","f":1149,"y":2011,"d":1564}},{"type":"Feature","geometry":{"type":"Point","coordinates":[-110.72701,55.0652]},"properties":{"r":647.37,"o":75,"n":"CVE W27P04-1 FISHER 15-17-70-5","u":"10/15-17-070-05W4/0","f":10927,"y":2025,"d":1769}},{"type":"Feature","geometry":{"type":"Point","coordinates":[-110.54554,54.57107]},"properties":{"r":300.46,"o":295,"n":"SRL CE C14L TUCKLK 15-28-64-4","u":"10/15-28-064-04W4/0","f":1724,"y":2025,"d":1446}},{"type":"Feature","geometry":{"type":"Point","coordinates":[-111.01832,55.35827]},"properties":{"r":128.56,"o":67,"n":"CNRL G 9P KIRBY 15-28-73-7","u":"10/15-28-073-07W4/0","f":3534,"y":2018,"d":2032}},{"type":"Feature","geometry":{"type":"Point","coordinates":[-112.65712,55.63428]},"properties":{"r":297.09,"o":160,"n":"IPCCAN B13PN PORTAGE 15-36-76-18","u":"10/15-36-076-18W4/0","f":10595,"y":2024,"d":2009}},{"type":"Feature","geometry":{"type":"Point","coordinates":[-110.82038,57.20269]},"properties":{"r":801.49,"o":299,"n":"SUNCOR P118P1 FIREBAG 15-36-94-6","u":"10/15-36-094-06W4/0","f":1149,"y":2015,"d":1917}},{"type":"Feature","geometry":{"type":"Point","coordinates":[-111.91096,57.05768]},"properties":{"r":391.14,"o":299,"n":"SUNCOR 750P8 DOVER 16-7-93-12","u":"10/16-07-093-12W4/0","f":926,"y":2013,"d":1431}},{"type":"Feature","geometry":{"type":"Point","coordinates":[-111.83284,56.0993]},"properties":{"r":984.44,"o":84,"n":"CLC 104 P11 DIVIDE 16-8-82-12","u":"10/16-08-082-12W4/0","f":3165,"y":2024,"d":2110}},{"type":"Feature","geometry":{"type":"Point","coordinates":[-110.41567,55.06421]},"properties":{"r":311.01,"o":75,"n":"CVE E08P07-1 FISHER 16-17-70-3","u":"10/16-17-070-03W4/0","f":10927,"y":2022,"d":1532}},{"type":"Feature","geometry":{"type":"Point","coordinates":[-110.7772,55.45903]},"properties":{"r":1596.52,"o":67,"n":"CNRL PK102-07P KIRBY 16-36-74-6","u":"10/16-36-074-06W4/0","f":5101,"y":2025,"d":1766}},{"type":"Feature","geometry":{"type":"Point","coordinates":[-110.76261,54.68999]},"properties":{"r":317.7,"o":67,"n":"CNRL SC07-01P LEMING 1-12-66-6","u":"11/01-12-066-06W4/0","f":11042,"y":2024,"d":1553}},{"type":"Feature","geometry":{"type":"Point","coordinates":[-110.60705,55.6673]},"properties":{"r":165.92,"o":75,"n":"MEG DC6N HARDY 1-18-77-4","u":"11/01-18-077-04W4/0","f":1892,"y":2023,"d":1922}},{"type":"Feature","geometry":{"type":"Point","coordinates":[-110.51093,54.63282]},"properties":{"r":105.9,"o":153,"n":"ESSO 87 R2-17 COLDLK 1-22-65-4","u":"11/01-22-065-04W4/0","f":295,"y":1988,"d":562}},{"type":"Feature","geometry":{"type":"Point","coordinates":[-110.36686,54.80696]},"properties":{"r":218.44,"o":67,"n":"CNRL 7A95 PRIMROSE 1-22-67-3","u":"11/01-22-067-03W4/0","f":11042,"y":2011,"d":1928}},{"type":"Feature","geometry":{"type":"Point","coordinates":[-111.01643,55.52011]},"properties":{"r":188.23,"o":67,"n":"CNRL FF8P CONKLIN 1-28-75-7","u":"11/01-28-075-07W4/0","f":3346,"y":2012,"d":1536}},{"type":"Feature","geometry":{"type":"Point","coordinates":[-110.86286,55.60971]},"properties":{"r":1554.17,"o":75,"n":"CVE L19P06 LEISMER 1-28-76-6","u":"11/01-28-076-06W4/3","f":934,"y":2021,"d":2410}},{"type":"Feature","geometry":{"type":"Point","coordinates":[-111.09266,57.26681]},"properties":{"r":856.38,"o":75,"n":"CVE PP02-1 STEEPBK 1-29-95-7","u":"11/01-29-095-07W4/3","f":5519,"y":2024,"d":1459}},{"type":"Feature","geometry":{"type":"Point","coordinates":[-110.93661,57.22261]},"properties":{"r":342.19,"o":299,"n":"SUNCOR P111P3B FIREBAG 2-8-95-6","u":"11/02-08-095-06W4/2","f":1149,"y":2019,"d":1480}},{"type":"Feature","geometry":{"type":"Point","coordinates":[-110.68876,55.65013]},"properties":{"r":190.62,"o":75,"n":"MEG M4N HARDY 2-10-77-5","u":"11/02-10-077-05W4/0","f":1892,"y":2017,"d":1575}},{"type":"Feature","geometry":{"type":"Point","coordinates":[-110.86916,55.5783]},"properties":{"r":988.48,"o":75,"n":"CVE G05P07 LEISMER 2-16-76-6","u":"11/02-16-076-06W4/2","f":934,"y":2021,"d":2286}},{"type":"Feature","geometry":{"type":"Point","coordinates":[-110.41614,54.53094]},"properties":{"r":377.87,"o":295,"n":"SRL P206-P13 ETHELLK 2-17-64-3","u":"11/02-17-064-03W4/0","f":2122,"y":2021,"d":1947}},{"type":"Feature","geometry":{"type":"Point","coordinates":[-110.67359,55.0711]},"properties":{"r":275.03,"o":75,"n":"CVE W19P10-1 FISHER 2-22-70-5","u":"11/02-22-070-05W4/0","f":10927,"y":2024,"d":1958}},{"type":"Feature","geometry":{"type":"Point","coordinates":[-111.07623,57.26695]},"properties":{"r":918.19,"o":75,"n":"CVE NP02-1 STEEPBK 2-28-95-7","u":"11/02-28-095-07W4/0","f":5519,"y":2025,"d":2280}},{"type":"Feature","geometry":{"type":"Point","coordinates":[-111.56302,55.82475]},"properties":{"r":272.14,"o":34,"n":"ATHABASCA L08P11 LEISMER 3-7-79-10","u":"11/03-07-079-10W4/0","f":2782,"y":2023,"d":1997}},{"type":"Feature","geometry":{"type":"Point","coordinates":[-110.50244,55.06943]},"properties":{"r":346.59,"o":75,"n":"CVE FP8-1 FISHER 3-23-70-4","u":"11/03-23-070-04W4/0","f":10927,"y":2024,"d":2547}},{"type":"Feature","geometry":{"type":"Point","coordinates":[-111.08262,57.26595]},"properties":{"r":1105.05,"o":75,"n":"CVE QP01-1 STEEPBK 3-28-95-7","u":"11/03-28-095-07W4/2","f":5519,"y":2022,"d":1392}},{"type":"Feature","geometry":{"type":"Point","coordinates":[-111.41549,56.49432]},"properties":{"r":264.67,"o":34,"n":"ATH AB03P HANGST 3-31-86-9","u":"11/03-31-086-09W4/0","f":5356,"y":2013,"d":1092}},{"type":"Feature","geometry":{"type":"Point","coordinates":[-110.90471,55.53694]},"properties":{"r":147.96,"o":67,"n":"CNRL I5P LEISMER 3-32-75-6","u":"11/03-32-075-06W4/0","f":2037,"y":2011,"d":1532}},{"type":"Feature","geometry":{"type":"Point","coordinates":[-110.97588,56.42372]},"properties":{"r":382.02,"o":80,"n":"NEXEN OPTI 11P05 NEWBY 4-1-86-7","u":"11/04-01-086-07W4/2","f":2026,"y":2008,"d":1020}},{"type":"Feature","geometry":{"type":"Point","coordinates":[-110.38105,55.06916]},"properties":{"r":778.03,"o":75,"n":"CVE E16P04-1 FISHER 4-22-70-3","u":"11/04-22-070-03W4/0","f":10927,"y":2026,"d":1753}},{"type":"Feature","geometry":{"type":"Point","coordinates":[-110.62191,54.02274]},"properties":{"r":125.17,"o":295,"n":"PENGROWTH D05-INF6 LNDBRGH 4-24-58-5","u":"11/04-24-058-05W4/0","f":5610,"y":2018,"d":1598}},{"type":"Feature","geometry":{"type":"Point","coordinates":[-110.75111,55.69635]},"properties":{"r":261.55,"o":75,"n":"MEG AH16P HARDY 4-29-77-5","u":"11/04-29-077-05W4/0","f":1892,"y":2021,"d":1621}},{"type":"Feature","geometry":{"type":"Point","coordinates":[-111.42235,56.49522]},"properties":{"r":284.66,"o":34,"n":"ATH AA04P HANGST 4-31-86-9","u":"11/04-31-086-09W4/0","f":5356,"y":2013,"d":1306}},{"type":"Feature","geometry":{"type":"Point","coordinates":[-110.50439,54.66355]},"properties":{"r":102.21,"o":153,"n":"IMP 95 H33-18 COLDLK 4-35-65-4","u":"11/04-35-065-04W4/0","f":295,"y":1995,"d":543}},{"type":"Feature","geometry":{"type":"Point","coordinates":[-110.40424,54.60699]},"properties":{"r":122.63,"o":153,"n":"IMP 01 U05-03 COLDLK 5-9-65-3","u":"11/05-09-065-03W4/0","f":3127,"y":2002,"d":693}},{"type":"Feature","geometry":{"type":"Point","coordinates":[-110.53242,54.69681]},"properties":{"r":237.31,"o":153,"n":"IMP H92-H04 LEMING 5-10-66-4","u":"11/05-10-066-04W4/0","f":295,"y":2020,"d":2277}},{"type":"Feature","geometry":{"type":"Point","coordinates":[-110.83219,55.5692]},"properties":{"r":313.63,"o":75,"n":"CVE H01P09-1 LEISMER 5-11-76-6","u":"11/05-11-076-06W4/0","f":934,"y":2023,"d":2509}},{"type":"Feature","geometry":{"type":"Point","coordinates":[-110.43268,54.53679]},"properties":{"r":787.23,"o":295,"n":"SRL P105-LDW05 ETHELLK 5-17-64-3","u":"11/05-17-064-03W4/0","f":2122,"y":2025,"d":2208}},{"type":"Feature","geometry":{"type":"Point","coordinates":[-110.97702,56.41271]},"properties":{"r":651.37,"o":80,"n":"NEXEN OPTI 08P02 NEWBY 5-36-85-7","u":"11/05-36-085-07W4/0","f":2026,"y":2005,"d":1341}},{"type":"Feature","geometry":{"type":"Point","coordinates":[-110.4258,54.69604]},"properties":{"r":1965.31,"o":153,"n":"IMP 22 S01-P20 LEMING 6-8-66-3","u":"11/06-08-066-03W4/0","f":3827,"y":2022,"d":1753}},{"type":"Feature","geometry":{"type":"Point","coordinates":[-111.74173,56.10599]},"properties":{"r":452.99,"o":84,"n":"CLC 201 INF03-1 DIVIDE 6-13-82-12","u":"11/06-13-082-12W4/0","f":3166,"y":2025,"d":1636}},{"type":"Feature","geometry":{"type":"Point","coordinates":[-110.82119,55.6124]},"properties":{"r":1198.08,"o":75,"n":"CVE L04P07-2 LEISMER 6-26-76-6","u":"11/06-26-076-06W4/0","f":934,"y":2024,"d":2457}},{"type":"Feature","geometry":{"type":"Point","coordinates":[-110.8399,56.22248]},"properties":{"r":1177.79,"o":85,"n":"COPRC 2632P13 NEWBY 6-26-83-6","u":"11/06-26-083-06W4/0","f":3130,"y":2024,"d":1649}},{"type":"Feature","geometry":{"type":"Point","coordinates":[-111.25507,55.46796]},"properties":{"r":281.66,"o":67,"n":"CNRL KN05-04P KIRBY 7-1-75-9","u":"11/07-01-075-09W4/0","f":5737,"y":2018,"d":1666}},{"type":"Feature","geometry":{"type":"Point","coordinates":[-110.81688,55.55223]},"properties":{"r":1234.06,"o":75,"n":"CVE FCCL J09P08 KIRBY 7-2-76-6","u":"11/07-02-076-06W4/0","f":934,"y":2015,"d":1449}},{"type":"Feature","geometry":{"type":"Point","coordinates":[-110.84313,55.59891]},"properties":{"r":716.3,"o":75,"n":"CVE FCCL L02P06 LEISMER 7-22-76-6","u":"11/07-22-076-06W4/0","f":934,"y":2017,"d":1811}},{"type":"Feature","geometry":{"type":"Point","coordinates":[-110.94714,55.52611]},"properties":{"r":799.06,"o":67,"n":"CNRL EEE10P CONKLIN 7-25-75-7","u":"11/07-25-075-07W4/0","f":2037,"y":2016,"d":2097}},{"type":"Feature","geometry":{"type":"Point","coordinates":[-110.96251,56.41268]},"properties":{"r":374.18,"o":80,"n":"NEXEN OPTI 07P05 NEWBY 7-36-85-7","u":"11/07-36-085-07W4/2","f":2026,"y":2005,"d":1321}},{"type":"Feature","geometry":{"type":"Point","coordinates":[-110.51574,54.60845]},"properties":{"r":122.63,"o":153,"n":"IMP 21 D09-08R LEMING 8-10-65-4","u":"11/08-10-065-04W4/0","f":295,"y":2021,"d":490}},{"type":"Feature","geometry":{"type":"Point","coordinates":[-110.95991,56.18024]},"properties":{"r":317.24,"o":85,"n":"COPRC 102P22 RESDELN 8-12-83-7","u":"11/08-12-083-07W4/9","f":3130,"y":2013,"d":1544}},{"type":"Feature","geometry":{"type":"Point","coordinates":[-110.77144,55.0585]},"properties":{"r":620.15,"o":75,"n":"CVE W35P05-1 FISHER 8-13-70-6","u":"11/08-13-070-06W4/2","f":10927,"y":2023,"d":1660}},{"type":"Feature","geometry":{"type":"Point","coordinates":[-110.94317,55.5242]},"properties":{"r":717.56,"o":67,"n":"CNRL EEE6P CONKLIN 8-25-75-7","u":"11/08-25-075-07W4/0","f":2037,"y":2016,"d":1890}},{"type":"Feature","geometry":{"type":"Point","coordinates":[-110.83448,55.57305]},"properties":{"r":122.99,"o":75,"n":"CVE B08P08-2 LEISMER 9-10-76-6","u":"11/09-10-076-06W4/0","f":934,"y":2023,"d":1498}},{"type":"Feature","geometry":{"type":"Point","coordinates":[-111.09567,57.24369]},"properties":{"r":430.14,"o":75,"n":"CVE DP07 STEEPBK 9-17-95-7","u":"11/09-17-095-07W4/2","f":5519,"y":2025,"d":1281}},{"type":"Feature","geometry":{"type":"Point","coordinates":[-111.09484,57.25775]},"properties":{"r":229.26,"o":75,"n":"CVE GP03-1 STEEPBK 9-20-95-7","u":"11/09-20-095-07W4/0","f":5519,"y":2024,"d":2041}},{"type":"Feature","geometry":{"type":"Point","coordinates":[-111.66705,56.29725]},"properties":{"r":328.35,"o":136,"n":"GROC HE W1-P2 RD HANGSTN 9-21-84-11","u":"11/09-21-084-11W4/3","f":4543,"y":2013,"d":1553}},{"type":"Feature","geometry":{"type":"Point","coordinates":[-111.64524,56.32926]},"properties":{"r":883.95,"o":136,"n":"GROC DEMO RF SP HANGSTN 9-34-84-11","u":"11/09-34-084-11W4/3","f":1314,"y":2006,"d":2040}},{"type":"Feature","geometry":{"type":"Point","coordinates":[-110.84666,55.57003]},"properties":{"r":327.7,"o":75,"n":"CVE FCCL G09P12 LEISMER 10-10-76-6","u":"11/10-10-076-06W4/0","f":934,"y":2018,"d":1641}},{"type":"Feature","geometry":{"type":"Point","coordinates":[-110.78969,55.57128]},"properties":{"r":532.58,"o":75,"n":"CVE FCCL B12P02 LEISMER 10-12-76-6","u":"11/10-12-076-06W4/0","f":934,"y":2017,"d":1761}},{"type":"Feature","geometry":{"type":"Point","coordinates":[-110.83119,56.21075]},"properties":{"r":552.92,"o":85,"n":"COPRC 2671P11 NEWBY 10-23-83-6","u":"11/10-23-083-06W4/0","f":3130,"y":2022,"d":1998}},{"type":"Feature","geometry":{"type":"Point","coordinates":[-110.54555,54.56748]},"properties":{"r":500.92,"o":295,"n":"SRL CE C19L TUCKLK 10-28-64-4","u":"11/10-28-064-04W4/0","f":1724,"y":2025,"d":1427}},{"type":"Feature","geometry":{"type":"Point","coordinates":[-110.73974,55.62932]},"properties":{"r":492.07,"o":75,"n":"MEG AT12P HARDY 10-32-76-5","u":"11/10-32-076-05W4/0","f":1892,"y":2021,"d":1654}},{"type":"Feature","geometry":{"type":"Point","coordinates":[-110.70029,54.68539]},"properties":{"r":123.07,"o":67,"n":"CNRL S1A4L RD WOLF LK 11-4-66-5","u":"11/11-04-066-05W4/0","f":11042,"y":2017,"d":1493}},{"type":"Feature","geometry":{"type":"Point","coordinates":[-111.04915,55.33992]},"properties":{"r":203.66,"o":67,"n":"CNRL D 6P KIRBY 11-20-73-7","u":"11/11-20-073-07W4/0","f":3534,"y":2012,"d":1795}},{"type":"Feature","geometry":{"type":"Point","coordinates":[-111.08265,57.25762]},"properties":{"r":171.15,"o":75,"n":"CVE HP05-1 STEEPBK 11-21-95-7","u":"11/11-21-095-07W4/3","f":5519,"y":2025,"d":2052}},{"type":"Feature","geometry":{"type":"Point","coordinates":[-111.05193,57.25729]},"properties":{"r":680.79,"o":75,"n":"CVE T01P05 STEEPBK 11-22-95-7","u":"11/11-22-095-07W4/0","f":5519,"y":2023,"d":1565}},{"type":"Feature","geometry":{"type":"Point","coordinates":[-111.10923,55.54102]},"properties":{"r":874.74,"o":67,"n":"CNRL XX7P DEVENISH 11-36-75-8","u":"11/11-36-075-08W4/0","f":3346,"y":2022,"d":2159}},{"type":"Feature","geometry":{"type":"Point","coordinates":[-110.8314,55.55586]},"properties":{"r":382.71,"o":75,"n":"CVE FCCL H07P07 KIRBY 12-2-76-6","u":"11/12-02-076-06W4/0","f":934,"y":2016,"d":1452}},{"type":"Feature","geometry":{"type":"Point","coordinates":[-111.19122,55.46916]},"properties":{"r":119.25,"o":67,"n":"CNRL KN02-11P RE DEVENISH 12-4-75-8","u":"11/12-04-075-08W4/2","f":5737,"y":2018,"d":1890}},{"type":"Feature","geometry":{"type":"Point","coordinates":[-110.43235,54.53935]},"properties":{"r":133.74,"o":295,"n":"SRL P105-LDW52 ETHELLK 12-17-64-3","u":"11/12-17-064-03W4/0","f":2122,"y":2021,"d":2095}},{"type":"Feature","geometry":{"type":"Point","coordinates":[-111.08818,57.25772]},"properties":{"r":409.13,"o":75,"n":"CVE B 13-16 P2-1 STEEPBK 12-21-95-7","u":"11/12-21-095-07W4/3","f":5519,"y":2022,"d":1250}},{"type":"Feature","geometry":{"type":"Point","coordinates":[-110.38246,55.0757]},"properties":{"r":363.51,"o":75,"n":"CVE E16P02-1 FISHER 12-22-70-3","u":"11/12-22-070-03W4/0","f":10927,"y":2023,"d":2480}},{"type":"Feature","geometry":{"type":"Point","coordinates":[-111.66443,56.29755]},"properties":{"r":273.29,"o":136,"n":"GROC HE W1-P3 RD HANGSTN 12-22-84-11","u":"11/12-22-084-11W4/2","f":4543,"y":2013,"d":1477}},{"type":"Feature","geometry":{"type":"Point","coordinates":[-110.61916,54.02864]},"properties":{"r":108.94,"o":295,"n":"PENGROWTH D03-F4 LNDBRGH 12-24-58-5","u":"11/12-24-058-05W4/0","f":5610,"y":2020,"d":1602}},{"type":"Feature","geometry":{"type":"Point","coordinates":[-110.84783,56.22708]},"properties":{"r":117.81,"o":85,"n":"COPRC HZ 2623P02 NEWBY 12-26-83-6","u":"11/12-26-083-06W4/0","f":3130,"y":2013,"d":1605}},{"type":"Feature","geometry":{"type":"Point","coordinates":[-110.90925,55.56179]},"properties":{"r":977.81,"o":67,"n":"CNRL S7P LEISMER 13-5-76-6","u":"11/13-05-076-06W4/0","f":2037,"y":2023,"d":1876}},{"type":"Feature","geometry":{"type":"Point","coordinates":[-110.40841,54.5273]},"properties":{"r":134.58,"o":295,"n":"SRL G5-P01 ETHELLK 13-9-64-3","u":"11/13-09-064-03W4/0","f":2122,"y":2021,"d":1535}},{"type":"Feature","geometry":{"type":"Point","coordinates":[-110.85878,55.6621]},"properties":{"r":255.16,"o":75,"n":"CVE X01P07 HARDY 13-10-77-6","u":"11/13-10-077-06W4/0","f":934,"y":2024,"d":2220}},{"type":"Feature","geometry":{"type":"Point","coordinates":[-110.38055,54.54228]},"properties":{"r":605.12,"o":295,"n":"SRL P103-LDW02 ETHELLK 13-15-64-3","u":"11/13-15-064-03W4/0","f":2122,"y":2024,"d":2669}},{"type":"Feature","geometry":{"type":"Point","coordinates":[-110.4306,54.71632]},"properties":{"r":1190.89,"o":153,"n":"IMP 22 S01-P06 LEMING 13-17-66-3","u":"11/13-17-066-03W4/0","f":3827,"y":2022,"d":1606}},{"type":"Feature","geometry":{"type":"Point","coordinates":[-110.90497,55.54588]},"properties":{"r":383.47,"o":67,"n":"CNRL OOO4P LEISMER 13-32-75-6","u":"11/13-32-075-06W4/0","f":2037,"y":2019,"d":1485}},{"type":"Feature","geometry":{"type":"Point","coordinates":[-110.86157,57.20253]},"properties":{"r":398.33,"o":299,"n":"SUNCOR P10P9 FIREBAG 13-35-94-6","u":"11/13-35-094-06W4/0","f":1149,"y":2012,"d":1692}},{"type":"Feature","geometry":{"type":"Point","coordinates":[-110.89849,55.56178]},"properties":{"r":1236.76,"o":67,"n":"CNRL S2P LEISMER 14-5-76-6","u":"11/14-05-076-06W4/0","f":2037,"y":2023,"d":2094}},{"type":"Feature","geometry":{"type":"Point","coordinates":[-110.79908,55.57409]},"properties":{"r":547.0,"o":75,"n":"CVE B10P08-1 LEISMER 14-12-76-6","u":"11/14-12-076-06W4/0","f":934,"y":2022,"d":2170}},{"type":"Feature","geometry":{"type":"Point","coordinates":[-111.04856,55.34097]},"properties":{"r":149.55,"o":67,"n":"CNRL D 4PI KIRBY 14-20-73-7","u":"11/14-20-073-07W4/0","f":3534,"y":2018,"d":1688}},{"type":"Feature","geometry":{"type":"Point","coordinates":[-110.35012,54.58529]},"properties":{"r":163.43,"o":153,"n":"IMP 13 HZ V09-H26 COLD LK 14-35-64-3","u":"11/14-35-064-03W4/0","f":3127,"y":2014,"d":1726}},{"type":"Feature","geometry":{"type":"Point","coordinates":[-110.41906,54.6002]},"properties":{"r":339.19,"o":153,"n":"IMP 23 Y01-P06 ETHELLK 15-5-65-3","u":"11/15-05-065-03W4/0","f":3127,"y":2023,"d":2119}},{"type":"Feature","geometry":{"type":"Point","coordinates":[-110.60835,54.03457]},"properties":{"r":192.45,"o":295,"n":"SRL D04-INF3 LIND 15-24-58-5","u":"11/15-24-058-05W4/0","f":5610,"y":2023,"d":1672}},{"type":"Feature","geometry":{"type":"Point","coordinates":[-110.54555,54.57018]},"properties":{"r":701.35,"o":295,"n":"SRL CE C15L TUCKLK 15-28-64-4","u":"11/15-28-064-04W4/3","f":1724,"y":2025,"d":1431}},{"type":"Feature","geometry":{"type":"Point","coordinates":[-112.65802,55.63428]},"properties":{"r":229.16,"o":160,"n":"IPCCAN B14PN PORTAGE 15-36-76-18","u":"11/15-36-076-18W4/0","f":10595,"y":2024,"d":2072}},{"type":"Feature","geometry":{"type":"Point","coordinates":[-111.83481,56.09986]},"properties":{"r":672.92,"o":84,"n":"CLC 104 INF10 DIVIDE 16-8-82-12","u":"11/16-08-082-12W4/0","f":3165,"y":2025,"d":2002}},{"type":"Feature","geometry":{"type":"Point","coordinates":[-110.60382,54.03377]},"properties":{"r":120.07,"o":295,"n":"SRL D04-INF7 LIND 16-24-58-5","u":"11/16-24-058-05W4/0","f":5610,"y":2023,"d":1649}},{"type":"Feature","geometry":{"type":"Point","coordinates":[-110.56569,54.5869]},"properties":{"r":133.78,"o":295,"n":"SRL COLD LK 16-32-64-4","u":"11/16-32-064-04W4/0","f":1724,"y":2009,"d":1803}},{"type":"Feature","geometry":{"type":"Point","coordinates":[-110.77842,55.45845]},"properties":{"r":1902.83,"o":67,"n":"CNRL PK102-08P KIRBY 16-36-74-6","u":"11/16-36-074-06W4/0","f":5101,"y":2025,"d":1734}},{"type":"Feature","geometry":{"type":"Point","coordinates":[-110.76445,54.69002]},"properties":{"r":347.13,"o":67,"n":"CNRL SC07-02P LEMING 1-12-66-6","u":"12/01-12-066-06W4/0","f":11042,"y":2024,"d":1583}},{"type":"Feature","geometry":{"type":"Point","coordinates":[-110.86005,55.57806]},"properties":{"r":1301.8,"o":75,"n":"CVE G05P01 LEISMER 1-16-76-6","u":"12/01-16-076-06W4/0","f":934,"y":2021,"d":2406}},{"type":"Feature","geometry":{"type":"Point","coordinates":[-111.88495,57.06258]},"properties":{"r":180.64,"o":299,"n":"SUNCOR OO(P)-15 DOVER 1-17-93-12","u":"12/01-17-093-12W4/2","f":926,"y":2009,"d":1188}},{"type":"Feature","geometry":{"type":"Point","coordinates":[-110.60405,55.6652]},"properties":{"r":167.75,"o":75,"n":"MEG DD9N HARDY 1-18-77-4","u":"12/01-18-077-04W4/0","f":1892,"y":2024,"d":2960}},{"type":"Feature","geometry":{"type":"Point","coordinates":[-111.0915,57.25031]},"properties":{"r":279.39,"o":75,"n":"CVE GA05-1 STEEPBK 1-20-95-7","u":"12/01-20-095-07W4/2","f":5519,"y":2022,"d":1201}},{"type":"Feature","geometry":{"type":"Point","coordinates":[-110.62803,54.02383]},"properties":{"r":236.33,"o":295,"n":"PENGROWTH D05-INF2 LNDBRGH 1-23-58-5","u":"12/01-23-058-05W4/0","f":5610,"y":2018,"d":1791}},{"type":"Feature","geometry":{"type":"Point","coordinates":[-110.78501,55.69637]},"properties":{"r":142.88,"o":75,"n":"MEG AF6P HARDY 1-25-77-6","u":"12/01-25-077-06W4/0","f":1892,"y":2021,"d":1949}},{"type":"Feature","geometry":{"type":"Point","coordinates":[-111.09404,57.26673]},"properties":{"r":1280.98,"o":75,"n":"CVE LP05-2 STEEPBK 1-29-95-7","u":"12/01-29-095-07W4/2","f":5519,"y":2025,"d":2304}},{"type":"Feature","geometry":{"type":"Point","coordinates":[-111.48117,55.79667]},"properties":{"r":366.11,"o":34,"n":"ATH L6N5 LEISMER 1-33-78-10","u":"12/01-33-078-10W4/0","f":2782,"y":2021,"d":1554}},{"type":"Feature","geometry":{"type":"Point","coordinates":[-110.83832,55.53604]},"properties":{"r":1883.5,"o":75,"n":"CVE J15I02-1P KIRBY 1-34-75-6","u":"12/01-34-075-06W4/0","f":934,"y":2025,"d":2190}},{"type":"Feature","geometry":{"type":"Point","coordinates":[-111.00895,56.32118]},"properties":{"r":225.41,"o":80,"n":"NEXEN CNOOC K2P15R RESDELN 1-34-84-7","u":"12/01-34-084-07W4/0","f":2026,"y":2013,"d":1123}},{"type":"Feature","geometry":{"type":"Point","coordinates":[-110.93671,57.22189]},"properties":{"r":211.09,"o":299,"n":"SUNCOR P111P4 FIREBAG 2-8-95-6","u":"12/02-08-095-06W4/0","f":1149,"y":2019,"d":1497}},{"type":"Feature","geometry":{"type":"Point","coordinates":[-110.96276,56.18841]},"properties":{"r":607.45,"o":85,"n":"COPRC 101SP24STRD RSDLN 2-13-83-7","u":"12/02-13-083-07W4/3","f":3130,"y":2013,"d":1875}},{"type":"Feature","geometry":{"type":"Point","coordinates":[-110.87076,55.57811]},"properties":{"r":1071.49,"o":75,"n":"CVE G05P08 LEISMER 2-16-76-6","u":"12/02-16-076-06W4/0","f":934,"y":2021,"d":2321}},{"type":"Feature","geometry":{"type":"Point","coordinates":[-111.8428,56.10306]},"properties":{"r":888.79,"o":84,"n":"CLC 104 P02 DIVIDE 2-17-82-12","u":"12/02-17-082-12W4/0","f":3165,"y":2022,"d":2065}},{"type":"Feature","geometry":{"type":"Point","coordinates":[-110.42477,55.06853]},"properties":{"r":118.65,"o":75,"n":"CVE FCCL E24W02 FISHER 2-20-70-3","u":"12/02-20-070-03W4/0","f":10927,"y":2011,"d":1898}},{"type":"Feature","geometry":{"type":"Point","coordinates":[-110.36812,54.80696]},"properties":{"r":138.84,"o":67,"n":"CNRL 8A95 PRIMROSE 2-22-67-3","u":"12/02-22-067-03W4/0","f":11042,"y":2011,"d":1909}},{"type":"Feature","geometry":{"type":"Point","coordinates":[-111.0733,57.26696]},"properties":{"r":1739.38,"o":75,"n":"CVE NP04-1 STEEPBK 2-28-95-7","u":"12/02-28-095-07W4/0","f":5519,"y":2025,"d":2287}},{"type":"Feature","geometry":{"type":"Point","coordinates":[-110.49234,54.57697]},"properties":{"r":306.21,"o":153,"n":"IMP 25 D27-H45ML ETHELLK 2-35-64-4","u":"12/02-35-064-04W4/0","f":294,"y":2025,"d":1980}},{"type":"Feature","geometry":{"type":"Point","coordinates":[-110.86154,57.20908]},"properties":{"r":826.21,"o":299,"n":"SUNCOR P10P1 FIREBAG 3-2-95-6","u":"12/03-02-095-06W4/0","f":1149,"y":2012,"d":1699}},{"type":"Feature","geometry":{"type":"Point","coordinates":[-110.79711,55.5808]},"properties":{"r":138.06,"o":75,"n":"CVE F01P01-1 HARDY 3-13-76-6","u":"12/03-13-076-06W4/0","f":934,"y":2019,"d":1560}},{"type":"Feature","geometry":{"type":"Point","coordinates":[-110.86789,56.21945]},"properties":{"r":599.23,"o":85,"n":"COPRC 2641P05SORW NEWBY 3-27-83-6","u":"12/03-27-083-06W4/0","f":3130,"y":2022,"d":1522}},{"type":"Feature","geometry":{"type":"Point","coordinates":[-111.07872,57.26591]},"properties":{"r":1126.48,"o":75,"n":"CVE NA02-1 STEEPBK 3-28-95-7","u":"12/03-28-095-07W4/0","f":5519,"y":2023,"d":2150}},{"type":"Feature","geometry":{"type":"Point","coordinates":[-111.42062,56.49523]},"properties":{"r":362.44,"o":34,"n":"ATH AA05P HANGST 3-31-86-9","u":"12/03-31-086-09W4/0","f":5356,"y":2013,"d":1338}},{"type":"Feature","geometry":{"type":"Point","coordinates":[-110.97525,56.4237]},"properties":{"r":296.9,"o":80,"n":"NEXEN OPTI 11P06 NEWBY 4-1-86-7","u":"12/04-01-086-07W4/0","f":2026,"y":2008,"d":1017}},{"type":"Feature","geometry":{"type":"Point","coordinates":[-111.88258,57.03253]},"properties":{"r":730.39,"o":299,"n":"SUNCOR P819P8N DOVER 4-4-93-12","u":"12/04-04-093-12W4/0","f":926,"y":2024,"d":1814}},{"type":"Feature","geometry":{"type":"Point","coordinates":[-110.95328,57.23873]},"properties":{"r":662.86,"o":299,"n":"SUNCOR P129P1 FIREBAG 4-17-95-6","u":"12/04-17-095-06W4/0","f":1149,"y":2022,"d":1652}},{"type":"Feature","geometry":{"type":"Point","coordinates":[-111.08577,57.2501]},"properties":{"r":391.67,"o":75,"n":"HUSKY B 5-16 P3-1 STEEPBK 4-21-95-7","u":"12/04-21-095-07W4/0","f":5519,"y":2021,"d":1179}},{"type":"Feature","geometry":{"type":"Point","coordinates":[-110.62041,54.02306]},"properties":{"r":111.83,"o":295,"n":"PENGROWTH D05-INF7 LNDBRGH 4-24-58-5","u":"12/04-24-058-05W4/0","f":5610,"y":2018,"d":1652}},{"type":"Feature","geometry":{"type":"Point","coordinates":[-110.53457,54.6955]},"properties":{"r":174.79,"o":153,"n":"IMP H92-H05 LEMING 5-10-66-4","u":"12/05-10-066-04W4/0","f":295,"y":2020,"d":2103}},{"type":"Feature","geometry":{"type":"Point","coordinates":[-110.38493,55.07421]},"properties":{"r":433.53,"o":75,"n":"CVE E20W01-1 FISHER 5-22-70-3","u":"12/05-22-070-03W4/2","f":10927,"y":2024,"d":1392}},{"type":"Feature","geometry":{"type":"Point","coordinates":[-110.45505,54.57714]},"properties":{"r":188.65,"o":153,"n":"IMP 21 E12-H08 ETHELLK 5-31-64-3","u":"12/05-31-064-03W4/0","f":294,"y":2022,"d":1707}},{"type":"Feature","geometry":{"type":"Point","coordinates":[-110.97535,56.41272]},"properties":{"r":840.25,"o":80,"n":"NEXEN OPTI 08P03 NEWBY 5-36-85-7","u":"12/05-36-085-07W4/0","f":2026,"y":2005,"d":1324}},{"type":"Feature","geometry":{"type":"Point","coordinates":[-110.42485,54.69551]},"properties":{"r":846.4,"o":153,"n":"IMP 22 S01-P21 LEMING 6-8-66-3","u":"12/06-08-066-03W4/0","f":3827,"y":2022,"d":1809}},{"type":"Feature","geometry":{"type":"Point","coordinates":[-110.83624,56.19345]},"properties":{"r":334.79,"o":85,"n":"COPRC HZ 2643P04STK NEWBY 6-14-83-6","u":"12/06-14-083-06W4/2","f":3130,"y":2013,"d":1765}},{"type":"Feature","geometry":{"type":"Point","coordinates":[-111.0831,55.5252]},"properties":{"r":971.73,"o":67,"n":"CNRL TT1P CONKLIN 6-30-75-7","u":"12/06-30-075-07W4/0","f":3346,"y":2024,"d":1726}},{"type":"Feature","geometry":{"type":"Point","coordinates":[-111.25521,55.46742]},"properties":{"r":194.75,"o":67,"n":"CNRL KN05-05P KIRBY 7-1-75-9","u":"12/07-01-075-09W4/0","f":5737,"y":2018,"d":1684}},{"type":"Feature","geometry":{"type":"Point","coordinates":[-110.63569,55.6696]},"properties":{"r":107.77,"o":75,"n":"MEG DB7N HARDY 7-13-77-5","u":"12/07-13-077-05W4/0","f":1892,"y":2023,"d":2090}},{"type":"Feature","geometry":{"type":"Point","coordinates":[-110.84461,55.59772]},"properties":{"r":1357.74,"o":75,"n":"CVE M07P11 LEISMER 7-22-76-6","u":"12/07-22-076-06W4/0","f":934,"y":2022,"d":2054}},{"type":"Feature","geometry":{"type":"Point","coordinates":[-110.94515,55.52516]},"properties":{"r":413.37,"o":67,"n":"CNRL EEE8P CONKLIN 7-25-75-7","u":"12/07-25-075-07W4/0","f":2037,"y":2016,"d":1978}},{"type":"Feature","geometry":{"type":"Point","coordinates":[-110.96401,56.4127]},"properties":{"r":263.17,"o":80,"n":"NEXEN OPTI 07P04 NEWBY 7-36-85-7","u":"12/07-36-085-07W4/0","f":2026,"y":2005,"d":1304}},{"type":"Feature","geometry":{"type":"Point","coordinates":[-110.8799,56.25131]},"properties":{"r":244.0,"o":85,"n":"COPRC 2621P05SORW NEWBY 8-4-84-6","u":"12/08-04-084-06W4/0","f":3130,"y":2023,"d":1590}},{"type":"Feature","geometry":{"type":"Point","coordinates":[-110.83471,55.56855]},"properties":{"r":312.2,"o":75,"n":"CVE H01P10-1 LEISMER 8-10-76-6","u":"12/08-10-076-06W4/0","f":934,"y":2023,"d":2391}},{"type":"Feature","geometry":{"type":"Point","coordinates":[-110.95629,56.17885]},"properties":{"r":495.24,"o":85,"n":"COPRC 102P03SOIN23 RESDELN 8-12-83-7","u":"12/08-12-083-07W4/0","f":3130,"y":2023,"d":1515}},{"type":"Feature","geometry":{"type":"Point","coordinates":[-110.76954,55.05906]},"properties":{"r":794.8,"o":75,"n":"CVE W35P04-1 FISHER 8-13-70-6","u":"12/08-13-070-06W4/0","f":10927,"y":2025,"d":1599}},{"type":"Feature","geometry":{"type":"Point","coordinates":[-110.94104,55.52339]},"properties":{"r":543.67,"o":67,"n":"CNRL EEE4P CONKLIN 8-25-75-7","u":"12/08-25-075-07W4/0","f":2037,"y":2016,"d":1840}},{"type":"Feature","geometry":{"type":"Point","coordinates":[-110.33902,54.77215]},"properties":{"r":197.44,"o":67,"n":"CNRL 13A75 RD MOORE 9-2-67-3","u":"12/09-02-067-03W4/0","f":11042,"y":2024,"d":1703}},{"type":"Feature","geometry":{"type":"Point","coordinates":[-110.78662,55.57317]},"properties":{"r":357.62,"o":75,"n":"CVE B12P03-1 LEISMER 9-12-76-6","u":"12/09-12-076-06W4/0","f":934,"y":2024,"d":1446}},{"type":"Feature","geometry":{"type":"Point","coordinates":[-110.7454,55.06178]},"properties":{"r":271.97,"o":75,"n":"CVE W30P01-1 FISHER 9-18-70-5","u":"12/09-18-070-05W4/2","f":10927,"y":2025,"d":1923}},{"type":"Feature","geometry":{"type":"Point","coordinates":[-111.09104,57.25779]},"properties":{"r":302.04,"o":75,"n":"CVE GP06-1 STEEPBK 9-20-95-7","u":"12/09-20-095-07W4/2","f":5519,"y":2024,"d":2105}},{"type":"Feature","geometry":{"type":"Point","coordinates":[-110.62058,55.07699]},"properties":{"r":604.79,"o":75,"n":"CVE W08P04-1 FISHER 9-24-70-5","u":"12/09-24-070-05W4/0","f":10927,"y":2022,"d":1572}},{"type":"Feature","geometry":{"type":"Point","coordinates":[-110.83007,56.2112]},"properties":{"r":684.83,"o":85,"n":"COPRC 2671P12 NEWBY 10-23-83-6","u":"12/10-23-083-06W4/0","f":3130,"y":2022,"d":2083}},{"type":"Feature","geometry":{"type":"Point","coordinates":[-110.60584,54.04272]},"properties":{"r":445.88,"o":295,"n":"STRATHCONA D02-P3 LIND 10-25-58-5","u":"12/10-25-058-05W4/0","f":5610,"y":2021,"d":1648}},{"type":"Feature","geometry":{"type":"Point","coordinates":[-110.54564,54.56659]},"properties":{"r":431.27,"o":295,"n":"SRL CE C20L TUCKLK 10-28-64-4","u":"12/10-28-064-04W4/0","f":1724,"y":2025,"d":1526}},{"type":"Feature","geometry":{"type":"Point","coordinates":[-110.73971,55.62886]},"properties":{"r":109.51,"o":75,"n":"MEG AT1N HARDY 10-32-76-5","u":"12/10-32-076-05W4/0","f":1892,"y":2024,"d":1652}},{"type":"Feature","geometry":{"type":"Point","coordinates":[-110.86703,55.54189]},"properties":{"r":329.42,"o":67,"n":"CNRL O6P LEISMER 10-33-75-6","u":"12/10-33-075-06W4/0","f":2037,"y":2015,"d":1665}},{"type":"Feature","geometry":{"type":"Point","coordinates":[-110.49876,54.62618]},"properties":{"r":164.9,"o":153,"n":"IMP 25 A06-H45ML LEMING 11-14-65-4","u":"12/11-14-065-04W4/0","f":294,"y":2025,"d":1009}},{"type":"Feature","geometry":{"type":"Point","coordinates":[-110.82552,55.58677]},"properties":{"r":165.63,"o":75,"n":"CVE FCCL L05P05 LEISMER 11-14-76-6","u":"12/11-14-076-06W4/0","f":934,"y":2015,"d":1429}},{"type":"Feature","geometry":{"type":"Point","coordinates":[-111.05017,57.25732]},"properties":{"r":671.21,"o":75,"n":"CVE T01P06 STEEPBK 11-22-95-7","u":"12/11-22-095-07W4/2","f":5519,"y":2023,"d":1593}},{"type":"Feature","geometry":{"type":"Point","coordinates":[-110.99355,56.21113]},"properties":{"r":343.44,"o":85,"n":"COPRC 103P06SORW RESDELN 11-23-83-7","u":"12/11-23-083-07W4/2","f":3130,"y":2021,"d":1707}},{"type":"Feature","geometry":{"type":"Point","coordinates":[-111.10857,55.54163]},"properties":{"r":1637.19,"o":67,"n":"CNRL XX8P DEVENISH 11-36-75-8","u":"12/11-36-075-08W4/0","f":3346,"y":2022,"d":2100}},{"type":"Feature","geometry":{"type":"Point","coordinates":[-110.4326,54.53768]},"properties":{"r":705.63,"o":295,"n":"SRL P105-LDW04 ETHELLK 12-17-64-3","u":"12/12-17-064-03W4/0","f":2122,"y":2023,"d":2076}},{"type":"Feature","geometry":{"type":"Point","coordinates":[-111.05458,55.34018]},"properties":{"r":130.95,"o":67,"n":"CNRL F 6P KIRBY 12-20-73-7","u":"12/12-20-073-07W4/0","f":3534,"y":2012,"d":1651}},{"type":"Feature","geometry":{"type":"Point","coordinates":[-110.38566,55.07524]},"properties":{"r":475.55,"o":75,"n":"CVE E20P03-1 FISHER 12-22-70-3","u":"12/12-22-070-03W4/0","f":10927,"y":2025,"d":1588}},{"type":"Feature","geometry":{"type":"Point","coordinates":[-110.62073,54.02888]},"properties":{"r":129.88,"o":295,"n":"PENGROWTH D03-F5 LNDBRGH 12-24-58-5","u":"12/12-24-058-05W4/0","f":5610,"y":2020,"d":1626}},{"type":"Feature","geometry":{"type":"Point","coordinates":[-110.80348,55.56063]},"properties":{"r":1181.6,"o":75,"n":"CVE B15P03 KIRBY 13-1-76-6","u":"12/13-01-076-06W4/0","f":934,"y":2022,"d":1999}},{"type":"Feature","geometry":{"type":"Point","coordinates":[-110.40708,54.52754]},"properties":{"r":259.37,"o":295,"n":"SRL G5-P02 ETHELLK 13-9-64-3","u":"12/13-09-064-03W4/0","f":2122,"y":2021,"d":1505}},{"type":"Feature","geometry":{"type":"Point","coordinates":[-110.38052,54.54298]},"properties":{"r":157.69,"o":295,"n":"SRL P103-LDW03 ETHELLK 13-15-64-3","u":"12/13-15-064-03W4/0","f":2122,"y":2024,"d":2760}},{"type":"Feature","geometry":{"type":"Point","coordinates":[-110.43136,54.7157]},"properties":{"r":1096.56,"o":153,"n":"IMP 22 S01-P07 LEMING 13-17-66-3","u":"12/13-17-066-03W4/0","f":3827,"y":2022,"d":1602}},{"type":"Feature","geometry":{"type":"Point","coordinates":[-110.90617,55.54624]},"properties":{"r":428.38,"o":67,"n":"CNRL OOO5P LEISMER 13-32-75-6","u":"12/13-32-075-06W4/0","f":2037,"y":2019,"d":1492}},{"type":"Feature","geometry":{"type":"Point","coordinates":[-110.86157,57.20495]},"properties":{"r":172.53,"o":299,"n":"SUNCOR P10P6 FIREBAG 13-35-94-6","u":"12/13-35-094-06W4/0","f":1149,"y":2012,"d":1565}},{"type":"Feature","geometry":{"type":"Point","coordinates":[-110.90028,55.56182]},"properties":{"r":1373.15,"o":67,"n":"CNRL S3P LEISMER 14-5-76-6","u":"12/14-05-076-06W4/0","f":2037,"y":2023,"d":2043}},{"type":"Feature","geometry":{"type":"Point","coordinates":[-110.80037,55.57407]},"properties":{"r":479.68,"o":75,"n":"CVE B10P09-1 LEISMER 14-12-76-6","u":"12/14-12-076-06W4/2","f":934,"y":2023,"d":2260}},{"type":"Feature","geometry":{"type":"Point","coordinates":[-111.04695,55.34186]},"properties":{"r":559.77,"o":67,"n":"CNRL D 3P RD KIRBY 14-20-73-7","u":"12/14-20-073-07W4/0","f":3534,"y":2023,"d":1779}},{"type":"Feature","geometry":{"type":"Point","coordinates":[-110.4207,54.59969]},"properties":{"r":288.58,"o":153,"n":"IMP 23 Y01-P07 ETHELLK 15-5-65-3","u":"12/15-05-065-03W4/0","f":3127,"y":2023,"d":2060}},{"type":"Feature","geometry":{"type":"Point","coordinates":[-110.93707,57.21776]},"properties":{"r":677.01,"o":299,"n":"SUNCOR P112P4 FIREBAG 15-5-95-6","u":"12/15-05-095-06W4/0","f":1149,"y":2014,"d":1590}},{"type":"Feature","geometry":{"type":"Point","coordinates":[-111.86909,57.06014]},"properties":{"r":193.33,"o":299,"n":"PC QQ(P) - 6 DOVER 15-9-93-12","u":"12/15-09-093-12W4/0","f":926,"y":2007,"d":1243}},{"type":"Feature","geometry":{"type":"Point","coordinates":[-110.60705,54.03418]},"properties":{"r":241.8,"o":295,"n":"SRL D04-INF4 LIND 15-24-58-5","u":"12/15-24-058-05W4/0","f":5610,"y":2023,"d":1631}},{"type":"Feature","geometry":{"type":"Point","coordinates":[-110.5107,54.59992]},"properties":{"r":136.45,"o":153,"n":"IMP 99 D31-09 COLDLK 16-3-65-4","u":"12/16-03-065-04W4/0","f":295,"y":2000,"d":513}},{"type":"Feature","geometry":{"type":"Point","coordinates":[-110.5437,55.11053]},"properties":{"r":1356.06,"o":75,"n":"CVE N25P10 FISHER 16-33-70-4","u":"12/16-33-070-04W4/3","f":10927,"y":2023,"d":2374}},{"type":"Feature","geometry":{"type":"Point","coordinates":[-110.77964,55.4579]},"properties":{"r":1351.72,"o":67,"n":"CNRL PK102-09P KIRBY 16-36-74-6","u":"12/16-36-074-06W4/2","f":5101,"y":2025,"d":1712}},{"type":"Feature","geometry":{"type":"Point","coordinates":[-110.76513,54.69043]},"properties":{"r":414.71,"o":67,"n":"CNRL SC07-03P LEMING 1-12-66-6","u":"13/01-12-066-06W4/0","f":11042,"y":2024,"d":1585}},{"type":"Feature","geometry":{"type":"Point","coordinates":[-110.38757,54.5329]},"properties":{"r":404.06,"o":295,"n":"SRL P205-P9 ETHELLK 1-16-64-3","u":"13/01-16-064-03W4/0","f":2122,"y":2022,"d":2033}},{"type":"Feature","geometry":{"type":"Point","coordinates":[-110.86439,55.57874]},"properties":{"r":1025.15,"o":75,"n":"CVE G05P04 LEISMER 1-16-76-6","u":"13/01-16-076-06W4/0","f":934,"y":2021,"d":2327}},{"type":"Feature","geometry":{"type":"Point","coordinates":[-110.6265,54.02342]},"properties":{"r":152.32,"o":295,"n":"PENGROWTH D05-INF3 LNDBRGH 1-23-58-5","u":"13/01-23-058-05W4/0","f":5610,"y":2018,"d":1761}},{"type":"Feature","geometry":{"type":"Point","coordinates":[-110.83961,55.53642]},"properties":{"r":587.36,"o":75,"n":"CVE J15I03-1P KIRBY 1-34-75-6","u":"13/01-34-075-06W4/0","f":934,"y":2025,"d":2230}},{"type":"Feature","geometry":{"type":"Point","coordinates":[-110.93677,57.22107]},"properties":{"r":649.76,"o":299,"n":"SUNCOR P111P5 FIREBAG 2-8-95-6","u":"13/02-08-095-06W4/0","f":1149,"y":2019,"d":1521}},{"type":"Feature","geometry":{"type":"Point","coordinates":[-110.79157,55.56406]},"properties":{"r":153.53,"o":75,"n":"CVE B13P04-1 LEISMER 2-12-76-6","u":"13/02-12-076-06W4/0","f":934,"y":2023,"d":1623}},{"type":"Feature","geometry":{"type":"Point","coordinates":[-110.87232,55.57806]},"properties":{"r":1077.57,"o":75,"n":"CVE G05P09 LEISMER 2-16-76-6","u":"13/02-16-076-06W4/2","f":934,"y":2021,"d":2384}},{"type":"Feature","geometry":{"type":"Point","coordinates":[-110.86153,57.20824]},"properties":{"r":564.28,"o":299,"n":"SUNCOR P10P2 FIREBAG 3-2-95-6","u":"13/03-02-095-06W4/0","f":1149,"y":2012,"d":1652}},{"type":"Feature","geometry":{"type":"Point","coordinates":[-110.5802,55.07122]},"properties":{"r":328.2,"o":75,"n":"CVE FCCL W03P02-1 FISHER 3-20-70-4","u":"13/03-20-070-04W4/0","f":10927,"y":2018,"d":1597}},{"type":"Feature","geometry":{"type":"Point","coordinates":[-110.837,56.21918]},"properties":{"r":116.36,"o":85,"n":"COPRC 2642P01STRD NEWBY 3-26-83-6","u":"13/03-26-083-06W4/3","f":3130,"y":2012,"d":1734}},{"type":"Feature","geometry":{"type":"Point","coordinates":[-110.37509,55.08402]},"properties":{"r":205.91,"o":75,"n":"CVE E22P07-1 FISHER 3-27-70-3","u":"13/03-27-070-03W4/0","f":10927,"y":2025,"d":1863}},{"type":"Feature","geometry":{"type":"Point","coordinates":[-111.41869,56.49477]},"properties":{"r":426.7,"o":34,"n":"ATH AD05P HANST 3-31-86-9","u":"13/03-31-086-09W4/0","f":5356,"y":2013,"d":1230}},{"type":"Feature","geometry":{"type":"Point","coordinates":[-110.9746,56.42371]},"properties":{"r":439.28,"o":80,"n":"NEXEN OPTI 11P07 NEWBY 4-1-86-7","u":"13/04-01-086-07W4/0","f":2026,"y":2008,"d":1032}},{"type":"Feature","geometry":{"type":"Point","coordinates":[-110.54346,55.11542]},"properties":{"r":4826.75,"o":75,"n":"CVE N25P05-2 FISHER 4-3-71-4","u":"13/04-03-071-04W4/0","f":10927,"y":2026,"d":2180}},{"type":"Feature","geometry":{"type":"Point","coordinates":[-110.58782,55.06828]},"properties":{"r":473.68,"o":75,"n":"CVE W06P07-1 FISHER 4-20-70-4","u":"13/04-20-070-04W4/0","f":10927,"y":2025,"d":1900}},{"type":"Feature","geometry":{"type":"Point","coordinates":[-112.12803,56.81628]},"properties":{"r":218.49,"o":233,"n":"MACOP AC02P ELLS 4-23-90-14","u":"13/04-23-090-14W4/0","f":6448,"y":2014,"d":1318}},{"type":"Feature","geometry":{"type":"Point","coordinates":[-110.75261,55.69678]},"properties":{"r":286.94,"o":75,"n":"MEG AH17P HARDY 4-29-77-5","u":"13/04-29-077-05W4/0","f":1892,"y":2021,"d":1642}},{"type":"Feature","geometry":{"type":"Point","coordinates":[-110.83142,55.56739]},"properties":{"r":130.62,"o":75,"n":"CVE J01P02-1 LEISMER 5-11-76-6","u":"13/05-11-076-06W4/0","f":934,"y":2024,"d":1842}},{"type":"Feature","geometry":{"type":"Point","coordinates":[-110.8015,55.56669]},"properties":{"r":187.21,"o":75,"n":"CVE B06P05-1 LEISMER 5-12-76-6","u":"13/05-12-076-06W4/2","f":934,"y":2018,"d":1416}},{"type":"Feature","geometry":{"type":"Point","coordinates":[-110.50887,54.62076]},"properties":{"r":331.62,"o":153,"n":"IMP 97 HRZ D03-H2 COLDLK 5-14-65-4","u":"13/05-14-065-04W4/0","f":295,"y":1998,"d":1670}},{"type":"Feature","geometry":{"type":"Point","coordinates":[-111.83225,56.12154]},"properties":{"r":107.09,"o":84,"n":"CLL 102 INF03 DIVIDE 5-21-82-12","u":"13/05-21-082-12W4/0","f":3165,"y":2013,"d":1316}},{"type":"Feature","geometry":{"type":"Point","coordinates":[-110.84793,56.20961]},"properties":{"r":853.9,"o":85,"n":"COPRC HZ 2652P05 NEWBY 5-23-83-6","u":"13/05-23-083-06W4/0","f":3130,"y":2014,"d":1496}},{"type":"Feature","geometry":{"type":"Point","coordinates":[-110.57923,54.5654]},"properties":{"r":109.86,"o":295,"n":"SRL COLD LK 5-29-64-4","u":"13/05-29-064-04W4/0","f":1724,"y":2017,"d":1459}},{"type":"Feature","geometry":{"type":"Point","coordinates":[-110.88502,55.5385]},"properties":{"r":720.48,"o":67,"n":"CNRL G6P RD LEISMER 5-33-75-6","u":"13/05-33-075-06W4/0","f":2037,"y":2025,"d":1599}},{"type":"Feature","geometry":{"type":"Point","coordinates":[-110.78457,55.04323]},"properties":{"r":630.41,"o":75,"n":"CVE W35P09-1 FISHER 6-12-70-6","u":"13/06-12-070-06W4/0","f":10927,"y":2022,"d":1920}},{"type":"Feature","geometry":{"type":"Point","coordinates":[-110.83738,56.19308]},"properties":{"r":290.44,"o":85,"n":"COPRC HZ 2643P05STK NEWBY 6-14-83-6","u":"13/06-14-083-06W4/2","f":3130,"y":2013,"d":1767}},{"type":"Feature","geometry":{"type":"Point","coordinates":[-111.08182,55.52399]},"properties":{"r":1248.15,"o":67,"n":"CNRL TT2P CONKLIN 6-30-75-7","u":"13/06-30-075-07W4/2","f":3346,"y":2024,"d":1820}},{"type":"Feature","geometry":{"type":"Point","coordinates":[-110.9371,57.21274]},"properties":{"r":1276.03,"o":299,"n":"SUNCOR P112P10 FIREBAG 7-5-95-6","u":"13/07-05-095-06W4/0","f":1149,"y":2014,"d":1735}},{"type":"Feature","geometry":{"type":"Point","coordinates":[-110.84523,55.59687]},"properties":{"r":1068.72,"o":75,"n":"CVE M07P10 LEISMER 7-22-76-6","u":"13/07-22-076-06W4/2","f":934,"y":2022,"d":1992}},{"type":"Feature","geometry":{"type":"Point","coordinates":[-110.94617,55.52563]},"properties":{"r":503.12,"o":67,"n":"CNRL EEE9P CONKLIN 7-25-75-7","u":"13/07-25-075-07W4/0","f":2037,"y":2016,"d":2034}},{"type":"Feature","geometry":{"type":"Point","coordinates":[-110.99016,56.30978]},"properties":{"r":136.57,"o":80,"n":"NEXEN CNOOC K2P21R RESDELN 7-26-84-7","u":"13/07-26-084-07W4/0","f":2026,"y":2013,"d":1142}},{"type":"Feature","geometry":{"type":"Point","coordinates":[-110.96562,56.41271]},"properties":{"r":263.27,"o":80,"n":"NEXEN OPTI 07P03 NEWBY 7-36-85-7","u":"13/07-36-085-07W4/0","f":2026,"y":2005,"d":1297}},{"type":"Feature","geometry":{"type":"Point","coordinates":[-110.66308,54.69529]},"properties":{"r":161.38,"o":67,"n":"CNRL MC1 4L SAGD WOLF LK 8-10-66-5","u":"13/08-10-066-05W4/2","f":11042,"y":2010,"d":1766}},{"type":"Feature","geometry":{"type":"Point","coordinates":[-110.83394,55.56766]},"properties":{"r":468.42,"o":75,"n":"CVE H01P11 LEISMER 8-10-76-6","u":"13/08-10-076-06W4/0","f":934,"y":2023,"d":2485}},{"type":"Feature","geometry":{"type":"Point","coordinates":[-110.95473,56.17846]},"properties":{"r":1142.81,"o":85,"n":"COPRC 102P02SOIN24 RSDLN 8-12-83-7","u":"13/08-12-083-07W4/0","f":3130,"y":2024,"d":1527}},{"type":"Feature","geometry":{"type":"Point","coordinates":[-110.60406,54.04215]},"properties":{"r":156.03,"o":295,"n":"STRATHCONA D02-INF5 LIND 8-25-58-5","u":"13/08-25-058-05W4/0","f":5610,"y":2021,"d":1646}},{"type":"Feature","geometry":{"type":"Point","coordinates":[-110.94222,55.52375]},"properties":{"r":748.65,"o":67,"n":"CNRL EEE5P CONKLIN 8-25-75-7","u":"13/08-25-075-07W4/0","f":2037,"y":2016,"d":1865}},{"type":"Feature","geometry":{"type":"Point","coordinates":[-110.81423,55.61236]},"properties":{"r":991.36,"o":75,"n":"CVE L04P03 LEISMER 8-26-76-6","u":"13/08-26-076-06W4/3","f":934,"y":2022,"d":2688}},{"type":"Feature","geometry":{"type":"Point","coordinates":[-111.04596,55.52509]},"properties":{"r":500.31,"o":67,"n":"CNRL CC1P CONKLIN 8-29-75-7","u":"13/08-29-075-07W4/0","f":3346,"y":2010,"d":1602}},{"type":"Feature","geometry":{"type":"Point","coordinates":[-110.95592,56.41271]},"properties":{"r":323.84,"o":80,"n":"NEXEN OPTI 06P04 NEWBY 8-36-85-7","u":"13/08-36-085-07W4/0","f":2026,"y":2005,"d":1332}},{"type":"Feature","geometry":{"type":"Point","coordinates":[-110.74492,55.0609]},"properties":{"r":174.35,"o":75,"n":"CVE W30P03-1 FISHER 9-18-70-5","u":"13/09-18-070-05W4/0","f":10927,"y":2025,"d":1879}},{"type":"Feature","geometry":{"type":"Point","coordinates":[-110.61955,55.07619]},"properties":{"r":660.2,"o":75,"n":"CVE W08P03-1 FISHER 9-24-70-5","u":"13/09-24-070-05W4/0","f":10927,"y":2024,"d":1548}},{"type":"Feature","geometry":{"type":"Point","coordinates":[-110.8548,56.22455]},"properties":{"r":568.79,"o":85,"n":"COPRC 2623P07 SORW  NEWBY 9-27-83-6","u":"13/09-27-083-06W4/3","f":3130,"y":2021,"d":1610}},{"type":"Feature","geometry":{"type":"Point","coordinates":[-110.80156,55.04633]},"properties":{"r":140.03,"o":75,"n":"CVE W41P01 FISHER 10-11-70-6","u":"13/10-11-070-06W4/2","f":10927,"y":2025,"d":1539}},{"type":"Feature","geometry":{"type":"Point","coordinates":[-111.16023,55.47151]},"properties":{"r":132.06,"o":67,"n":"CNRL KN04-03P DEVENISH 11-3-75-8","u":"13/11-03-075-08W4/0","f":5737,"y":2018,"d":1877}},{"type":"Feature","geometry":{"type":"Point","coordinates":[-110.82456,55.58651]},"properties":{"r":161.5,"o":75,"n":"CVE FCCL L05P06 LEISMER 11-14-76-6","u":"13/11-14-076-06W4/0","f":934,"y":2015,"d":1439}},{"type":"Feature","geometry":{"type":"Point","coordinates":[-111.1046,57.24547]},"properties":{"r":480.04,"o":75,"n":"CVE K01P03 STEEPBK 11-17-95-7","u":"13/11-17-095-07W4/0","f":5519,"y":2022,"d":1255}},{"type":"Feature","geometry":{"type":"Point","coordinates":[-110.99483,56.21172]},"properties":{"r":443.18,"o":85,"n":"COPRC 103P05SORW RESDELN 11-23-83-7","u":"13/11-23-083-07W4/0","f":3130,"y":2022,"d":1708}},{"type":"Feature","geometry":{"type":"Point","coordinates":[-111.83048,56.10947]},"properties":{"r":128.35,"o":84,"n":"CLL 101 INF12 DIVIDE 12-16-82-12","u":"13/12-16-082-12W4/0","f":3165,"y":2014,"d":1612}},{"type":"Feature","geometry":{"type":"Point","coordinates":[-110.4326,54.54033]},"properties":{"r":327.66,"o":295,"n":"SRL P105-LDW03 ETHELLK 12-17-64-3","u":"13/12-17-064-03W4/0","f":2122,"y":2023,"d":2084}},{"type":"Feature","geometry":{"type":"Point","coordinates":[-110.43223,54.71511]},"properties":{"r":1439.9,"o":153,"n":"IMP 22 S01-P08 LEMING 12-17-66-3","u":"13/12-17-066-03W4/0","f":3827,"y":2022,"d":1624}},{"type":"Feature","geometry":{"type":"Point","coordinates":[-110.97862,56.39968]},"properties":{"r":469.81,"o":80,"n":"NEXEN OPTI 06P10 NEWBY 12-25-85-7","u":"13/12-25-085-07W4/0","f":2026,"y":2005,"d":1320}},{"type":"Feature","geometry":{"type":"Point","coordinates":[-110.43262,54.54133]},"properties":{"r":319.73,"o":295,"n":"SRL P105-LDW02 ETHELLK 13-17-64-3","u":"13/13-17-064-03W4/0","f":2122,"y":2023,"d":2171}},{"type":"Feature","geometry":{"type":"Point","coordinates":[-110.90722,55.54656]},"properties":{"r":759.54,"o":67,"n":"CNRL OOO6P LEISMER 13-32-75-6","u":"13/13-32-075-06W4/0","f":2037,"y":2019,"d":1517}},{"type":"Feature","geometry":{"type":"Point","coordinates":[-110.92349,56.41749]},"properties":{"r":162.74,"o":80,"n":"NEU CNOOC 03P01 INF NEWBY 13-32-85-6","u":"13/13-32-085-06W4/0","f":2026,"y":2018,"d":1249}},{"type":"Feature","geometry":{"type":"Point","coordinates":[-110.70254,54.68655]},"properties":{"r":106.23,"o":67,"n":"CNRL S1A1P RD WOLF LK 14-4-66-5","u":"13/14-04-066-05W4/2","f":11042,"y":2017,"d":1585}},{"type":"Feature","geometry":{"type":"Point","coordinates":[-110.90209,55.56178]},"properties":{"r":1032.83,"o":67,"n":"CNRL S4P LEISMER 14-5-76-6","u":"13/14-05-076-06W4/0","f":2037,"y":2023,"d":1989}},{"type":"Feature","geometry":{"type":"Point","coordinates":[-110.79731,55.5748]},"properties":{"r":381.58,"o":75,"n":"CVE B10P07-1 LEISMER 14-12-76-6","u":"13/14-12-076-06W4/0","f":934,"y":2023,"d":2023}},{"type":"Feature","geometry":{"type":"Point","coordinates":[-110.42145,54.59884]},"properties":{"r":378.08,"o":153,"n":"IMP 23 Y01-P08 ETHELLK 15-5-65-3","u":"13/15-05-065-03W4/0","f":3127,"y":2023,"d":2060}},{"type":"Feature","geometry":{"type":"Point","coordinates":[-110.8968,55.56179]},"properties":{"r":1167.05,"o":67,"n":"CNRL S1P LEISMER 15-5-76-6","u":"13/15-05-076-06W4/0","f":2037,"y":2023,"d":2157}},{"type":"Feature","geometry":{"type":"Point","coordinates":[-110.88554,57.23405]},"properties":{"r":1326.1,"o":299,"n":"SUNCOR P105N3 FIREBAG 15-10-95-6","u":"13/15-10-095-06W4/0","f":1149,"y":2017,"d":1597}},{"type":"Feature","geometry":{"type":"Point","coordinates":[-110.84122,55.58984]},"properties":{"r":246.31,"o":75,"n":"CVE B02W08-1 LEISMER 15-15-76-6","u":"13/15-15-076-06W4/2","f":934,"y":2021,"d":1875}},{"type":"Feature","geometry":{"type":"Point","coordinates":[-111.04251,55.34335]},"properties":{"r":139.11,"o":67,"n":"CNRL C 1PI KIRBY 15-20-73-7","u":"13/15-20-073-07W4/0","f":3534,"y":2017,"d":1787}},{"type":"Feature","geometry":{"type":"Point","coordinates":[-110.60552,54.0339]},"properties":{"r":249.06,"o":295,"n":"SRL D04-INF5 LIND 15-24-58-5","u":"13/15-24-058-05W4/3","f":5610,"y":2023,"d":1615}},{"type":"Feature","geometry":{"type":"Point","coordinates":[-110.93179,56.44888]},"properties":{"r":106.15,"o":80,"n":"CNOOC 13P02 INF NEWBY 16-7-86-6","u":"13/16-07-086-06W4/0","f":2026,"y":2019,"d":1185}},{"type":"Feature","geometry":{"type":"Point","coordinates":[-110.60113,54.03384]},"properties":{"r":517.0,"o":295,"n":"SRL D04-INF9 LIND 16-24-58-5","u":"13/16-24-058-05W4/0","f":5610,"y":2023,"d":1786}},{"type":"Feature","geometry":{"type":"Point","coordinates":[-110.56445,54.58688]},"properties":{"r":118.29,"o":295,"n":"SRL COLD LK 16-32-64-4","u":"13/16-32-064-04W4/0","f":1724,"y":2009,"d":1774}},{"type":"Feature","geometry":{"type":"Point","coordinates":[-110.7809,55.45732]},"properties":{"r":1530.71,"o":67,"n":"CNRL PK102-10P KIRBY 16-36-74-6","u":"13/16-36-074-06W4/0","f":5101,"y":2025,"d":1711}},{"type":"Feature","geometry":{"type":"Point","coordinates":[-110.38757,54.53218]},"properties":{"r":317.32,"o":295,"n":"SRL P205-P10 ETHELLK 1-16-64-3","u":"14/01-16-064-03W4/0","f":2122,"y":2022,"d":2094}},{"type":"Feature","geometry":{"type":"Point","coordinates":[-110.86597,55.57863]},"properties":{"r":1663.9,"o":75,"n":"CVE G05P05 LEISMER 1-16-76-6","u":"14/01-16-076-06W4/0","f":934,"y":2021,"d":2291}},{"type":"Feature","geometry":{"type":"Point","coordinates":[-110.62498,54.02243]},"properties":{"r":124.16,"o":295,"n":"PENGROWTH D05-INF4 LNDBRGH 1-23-58-5","u":"14/01-23-058-05W4/0","f":5610,"y":2018,"d":1603}},{"type":"Feature","geometry":{"type":"Point","coordinates":[-110.78989,55.56393]},"properties":{"r":768.47,"o":75,"n":"CVE B12P06-1 LEISMER 2-12-76-6","u":"14/02-12-076-06W4/0","f":934,"y":2024,"d":2448}},{"type":"Feature","geometry":{"type":"Point","coordinates":[-110.86769,55.57845]},"properties":{"r":1515.42,"o":75,"n":"CVE G05P06-1 LEISMER 2-16-76-6","u":"14/02-16-076-06W4/2","f":934,"y":2025,"d":2291}},{"type":"Feature","geometry":{"type":"Point","coordinates":[-111.84425,56.10352]},"properties":{"r":563.46,"o":84,"n":"CONNACHER OIL DIVIDE 2-17-82-12","u":"14/02-17-082-12W4/0","f":3165,"y":2022,"d":2109}},{"type":"Feature","geometry":{"type":"Point","coordinates":[-110.86157,57.20737]},"properties":{"r":1190.34,"o":299,"n":"SUNCOR P10P3 FIREBAG 3-2-95-6","u":"14/03-02-095-06W4/0","f":1149,"y":2012,"d":1608}},{"type":"Feature","geometry":{"type":"Point","coordinates":[-110.5811,55.06857]},"properties":{"r":205.68,"o":75,"n":"CVE W06P04-1 FISHER 3-20-70-4","u":"14/03-20-070-04W4/4","f":10927,"y":2019,"d":2105}},{"type":"Feature","geometry":{"type":"Point","coordinates":[-110.37782,55.08359]},"properties":{"r":277.38,"o":75,"n":"CVE E22P05-1 FISHER 3-27-70-3","u":"14/03-27-070-03W4/0","f":10927,"y":2025,"d":1747}},{"type":"Feature","geometry":{"type":"Point","coordinates":[-111.08057,57.26598]},"properties":{"r":827.17,"o":75,"n":"CVE NP01-1 STEEPBK 3-28-95-7","u":"14/03-28-095-07W4/2","f":5519,"y":2024,"d":2220}},{"type":"Feature","geometry":{"type":"Point","coordinates":[-111.417,56.49475]},"properties":{"r":450.66,"o":34,"n":"ATH AD04P HANGST 3-31-86-9","u":"14/03-31-086-09W4/0","f":5356,"y":2013,"d":1202}},{"type":"Feature","geometry":{"type":"Point","coordinates":[-112.12938,56.81551]},"properties":{"r":285.51,"o":233,"n":"PCC AC03P ELLS 4-23-90-14","u":"14/04-23-090-14W4/2","f":6448,"y":2014,"d":1370}},{"type":"Feature","geometry":{"type":"Point","coordinates":[-110.80506,55.56668]},"properties":{"r":319.1,"o":75,"n":"CVE B06W05-1 LEISMER 5-12-76-6","u":"14/05-12-076-06W4/0","f":934,"y":2025,"d":1669}},{"type":"Feature","geometry":{"type":"Point","coordinates":[-110.80639,55.65398]},"properties":{"r":177.44,"o":75,"n":"MEG AN5N HARDY 5-12-77-6","u":"14/05-12-077-06W4/0","f":1892,"y":2017,"d":1427}},{"type":"Feature","geometry":{"type":"Point","coordinates":[-110.82301,55.56991]},"properties":{"r":844.32,"o":75,"n":"CVE B05P03-1 LEISMER 6-11-76-6","u":"14/06-11-076-06W4/2","f":934,"y":2018,"d":1538}},{"type":"Feature","geometry":{"type":"Point","coordinates":[-110.78407,55.04255]},"properties":{"r":509.7,"o":75,"n":"CVE W35P10-1 FISHER 6-12-70-6","u":"14/06-12-070-06W4/0","f":10927,"y":2024,"d":1906}},{"type":"Feature","geometry":{"type":"Point","coordinates":[-110.83857,56.19264]},"properties":{"r":1045.85,"o":85,"n":"COPRC HZ 2643P06 NEWBY 6-14-83-6","u":"14/06-14-083-06W4/0","f":3130,"y":2013,"d":1786}},{"type":"Feature","geometry":{"type":"Point","coordinates":[-110.68518,55.08824]},"properties":{"r":771.19,"o":75,"n":"CVE W26P05-1 FISHER 6-27-70-5","u":"14/06-27-070-05W4/0","f":10927,"y":2024,"d":1762}},{"type":"Feature","geometry":{"type":"Point","coordinates":[-111.08051,55.52424]},"properties":{"r":1540.75,"o":67,"n":"CNRL TT3P CONKLIN 6-30-75-7","u":"14/06-30-075-07W4/0","f":3346,"y":2024,"d":1765}},{"type":"Feature","geometry":{"type":"Point","coordinates":[-111.25544,55.46636]},"properties":{"r":210.04,"o":67,"n":"CNRL KN05-07P KIRBY 7-1-75-9","u":"14/07-01-075-09W4/0","f":5737,"y":2018,"d":1745}},{"type":"Feature","geometry":{"type":"Point","coordinates":[-110.96324,57.24061]},"properties":{"r":906.23,"o":299,"n":"SUNCOR P129P8 FIREBAG 7-18-95-6","u":"14/07-18-095-06W4/0","f":1149,"y":2022,"d":1748}},{"type":"Feature","geometry":{"type":"Point","coordinates":[-110.84599,55.59611]},"properties":{"r":1023.69,"o":75,"n":"CVE M07P09 LEISMER 7-22-76-6","u":"14/07-22-076-06W4/0","f":934,"y":2022,"d":1930}},{"type":"Feature","geometry":{"type":"Point","coordinates":[-110.79542,57.19865]},"properties":{"r":1235.8,"o":299,"n":"SUNCOR P123P3 FIREBAG 7-31-94-5","u":"14/07-31-094-05W4/0","f":1149,"y":2019,"d":1785}},{"type":"Feature","geometry":{"type":"Point","coordinates":[-110.95859,56.17983]},"properties":{"r":481.63,"o":85,"n":"COPRC 102NP01SOIN26 RSDLN 8-12-83-7","u":"14/08-12-083-07W4/0","f":3130,"y":2024,"d":1529}},{"type":"Feature","geometry":{"type":"Point","coordinates":[-110.95525,57.24006]},"properties":{"r":405.21,"o":299,"n":"SUNCOR P129P3 FIREBAG 8-18-95-6","u":"14/08-18-095-06W4/0","f":1149,"y":2022,"d":1455}},{"type":"Feature","geometry":{"type":"Point","coordinates":[-110.60269,54.04184]},"properties":{"r":185.15,"o":295,"n":"STRATHCONA D02-INF6 LIND 8-25-58-5","u":"14/08-25-058-05W4/0","f":5610,"y":2021,"d":1671}},{"type":"Feature","geometry":{"type":"Point","coordinates":[-110.31398,54.77266]},"properties":{"r":314.74,"o":67,"n":"CNRL 7A78 RD MOORE 9-1-67-3","u":"14/09-01-067-03W4/0","f":11042,"y":2024,"d":1558}},{"type":"Feature","geometry":{"type":"Point","coordinates":[-110.44408,55.06313]},"properties":{"r":407.73,"o":75,"n":"CVE E04P04-1 FISHER 9-18-70-3","u":"14/09-18-070-03W4/0","f":10927,"y":2020,"d":1580}},{"type":"Feature","geometry":{"type":"Point","coordinates":[-110.75911,55.68806]},"properties":{"r":102.04,"o":75,"n":"MEG AF4N HARDY 9-19-77-5","u":"14/09-19-077-05W4/0","f":1892,"y":2017,"d":1575}},{"type":"Feature","geometry":{"type":"Point","coordinates":[-110.93712,57.21609]},"properties":{"r":1444.18,"o":299,"n":"SUNCOR P112P6 FIREBAG 10-5-95-6","u":"14/10-05-095-06W4/4","f":1149,"y":2014,"d":1615}},{"type":"Feature","geometry":{"type":"Point","coordinates":[-111.10125,57.24556]},"properties":{"r":1099.67,"o":75,"n":"CVE K01P01 STEEPBK 10-17-95-7","u":"14/10-17-095-07W4/2","f":5519,"y":2022,"d":1287}},{"type":"Feature","geometry":{"type":"Point","coordinates":[-111.15944,55.47117]},"properties":{"r":390.89,"o":67,"n":"CNRL KN04-04P DEVENISH 11-3-75-8","u":"14/11-03-075-08W4/0","f":5737,"y":2018,"d":1872}},{"type":"Feature","geometry":{"type":"Point","coordinates":[-111.90353,57.05543]},"properties":{"r":167.41,"o":299,"n":"SUNCOR NN(P)-16 DOVER 11-8-93-12","u":"14/11-08-093-12W4/2","f":926,"y":2009,"d":1088}},{"type":"Feature","geometry":{"type":"Point","coordinates":[-111.10632,57.24545]},"properties":{"r":671.33,"o":75,"n":"CVE K01P04 STEEPBK 11-17-95-7","u":"14/11-17-095-07W4/0","f":5519,"y":2022,"d":1283}},{"type":"Feature","geometry":{"type":"Point","coordinates":[-110.68252,55.07796]},"properties":{"r":559.6,"o":75,"n":"CVE W23P06-1 FISHER 11-22-70-5","u":"14/11-22-070-05W4/0","f":10927,"y":2021,"d":1711}},{"type":"Feature","geometry":{"type":"Point","coordinates":[-110.99563,56.21241]},"properties":{"r":331.33,"o":85,"n":"COPRC 103P04SORW RESDELN 11-23-83-7","u":"14/11-23-083-07W4/0","f":3130,"y":2022,"d":1770}},{"type":"Feature","geometry":{"type":"Point","coordinates":[-110.52661,54.65564]},"properties":{"r":165.99,"o":153,"n":"IMP 03 H41-12 COLDLK 11-27-65-4","u":"14/11-27-065-04W4/0","f":295,"y":2004,"d":537}},{"type":"Feature","geometry":{"type":"Point","coordinates":[-110.80642,55.659]},"properties":{"r":160.91,"o":75,"n":"MEG AP4PR HARDY 12-12-77-6","u":"14/12-12-077-06W4/0","f":1892,"y":2016,"d":1363}},{"type":"Feature","geometry":{"type":"Point","coordinates":[-110.43265,54.53854]},"properties":{"r":601.43,"o":295,"n":"SRL P105-LDW06 ETHELLK 12-17-64-3","u":"14/12-17-064-03W4/0","f":2122,"y":2025,"d":2059}},{"type":"Feature","geometry":{"type":"Point","coordinates":[-110.43291,54.71445]},"properties":{"r":1045.7,"o":153,"n":"IMP 22 S01-P09 LEMING 12-17-66-3","u":"14/12-17-066-03W4/0","f":3827,"y":2022,"d":1626}},{"type":"Feature","geometry":{"type":"Point","coordinates":[-110.97862,56.40057]},"properties":{"r":451.4,"o":80,"n":"NEXEN OPTI 06P09 NEWBY 12-25-85-7","u":"14/12-25-085-07W4/0","f":2026,"y":2005,"d":1299}},{"type":"Feature","geometry":{"type":"Point","coordinates":[-110.8058,55.55944]},"properties":{"r":1241.33,"o":75,"n":"CVE B15P04-1 KIRBY 13-1-76-6","u":"14/13-01-076-06W4/0","f":934,"y":2023,"d":2145}},{"type":"Feature","geometry":{"type":"Point","coordinates":[-110.40451,54.52763]},"properties":{"r":285.54,"o":295,"n":"SRL G5-P04 ETHELLK 13-9-64-3","u":"14/13-09-064-03W4/0","f":2122,"y":2021,"d":1525}},{"type":"Feature","geometry":{"type":"Point","coordinates":[-110.90838,55.5469]},"properties":{"r":270.34,"o":67,"n":"CNRL OOO7P LEISMER 13-32-75-6","u":"14/13-32-075-06W4/0","f":2037,"y":2019,"d":1547}},{"type":"Feature","geometry":{"type":"Point","coordinates":[-111.15905,55.47437]},"properties":{"r":130.43,"o":67,"n":"CNRL KN03-02P DEVENISH 14-3-75-8","u":"14/14-03-075-08W4/0","f":5737,"y":2018,"d":2052}},{"type":"Feature","geometry":{"type":"Point","coordinates":[-110.7018,54.68618]},"properties":{"r":132.09,"o":67,"n":"CNRL S1A2L RE WOLF LK 14-4-66-5","u":"14/14-04-066-05W4/2","f":11042,"y":2010,"d":1572}},{"type":"Feature","geometry":{"type":"Point","coordinates":[-110.90389,55.56179]},"properties":{"r":726.87,"o":67,"n":"CNRL S5P LEISMER 14-5-76-6","u":"14/14-05-076-06W4/0","f":2037,"y":2023,"d":1950}},{"type":"Feature","geometry":{"type":"Point","coordinates":[-110.93678,57.22024]},"properties":{"r":1004.9,"o":299,"n":"SUNCOR P111P6 FIREBAG 15-5-95-6","u":"14/15-05-095-06W4/0","f":1149,"y":2019,"d":1564}},{"type":"Feature","geometry":{"type":"Point","coordinates":[-110.84068,55.59067]},"properties":{"r":1162.75,"o":75,"n":"CVE M07P05 LEISMER 15-15-76-6","u":"14/15-15-076-06W4/0","f":934,"y":2022,"d":2385}},{"type":"Feature","geometry":{"type":"Point","coordinates":[-110.60644,54.03398]},"properties":{"r":557.26,"o":295,"n":"SRL D04-R04 LIND 15-24-58-5","u":"14/15-24-058-05W4/0","f":5610,"y":2026,"d":1621}},{"type":"Feature","geometry":{"type":"Point","coordinates":[-110.88639,55.56174]},"properties":{"r":882.29,"o":67,"n":"CNRL E4P RD LEISMER 16-5-76-6","u":"14/16-05-076-06W4/0","f":2037,"y":2023,"d":1794}},{"type":"Feature","geometry":{"type":"Point","coordinates":[-110.60344,54.03348]},"properties":{"r":332.46,"o":295,"n":"SRL D04-R7 LIND 16-24-58-5","u":"14/16-24-058-05W4/0","f":5610,"y":2025,"d":1565}},{"type":"Feature","geometry":{"type":"Point","coordinates":[-110.5449,55.10887]},"properties":{"r":793.5,"o":75,"n":"CVE N25P12 FISHER 16-33-70-4","u":"14/16-33-070-04W4/4","f":10927,"y":2023,"d":2499}},{"type":"Feature","geometry":{"type":"Point","coordinates":[-110.77611,55.45952]},"properties":{"r":1814.9,"o":67,"n":"CNRL PK102-06P KIRBY 16-36-74-6","u":"14/16-36-074-06W4/0","f":5101,"y":2025,"d":1808}},{"type":"Feature","geometry":{"type":"Point","coordinates":[-110.88742,55.55032]},"properties":{"r":484.0,"o":67,"n":"CNRL H1P RD LEISMER 1-5-76-6","u":"15/01-05-076-06W4/0","f":2037,"y":2025,"d":1560}},{"type":"Feature","geometry":{"type":"Point","coordinates":[-110.83729,55.56284]},"properties":{"r":920.51,"o":75,"n":"CVE FCCL G09P04 LEISMER 1-10-76-6","u":"15/01-10-076-06W4/0","f":934,"y":2018,"d":2033}},{"type":"Feature","geometry":{"type":"Point","coordinates":[-110.38758,54.53128]},"properties":{"r":364.93,"o":295,"n":"SRL P205-P11 ETHELLK 1-16-64-3","u":"15/01-16-064-03W4/0","f":2122,"y":2022,"d":2106}},{"type":"Feature","geometry":{"type":"Point","coordinates":[-111.88401,57.06211]},"properties":{"r":189.39,"o":299,"n":"SUNCOR OO(P)-14 DOVER 1-17-93-12","u":"15/01-17-093-12W4/2","f":926,"y":2009,"d":1195}},{"type":"Feature","geometry":{"type":"Point","coordinates":[-110.9606,56.1915]},"properties":{"r":401.58,"o":85,"n":"COPRC 101SP15SORW RSDLN 2-13-83-7","u":"15/02-13-083-07W4/2","f":3130,"y":2024,"d":1598}},{"type":"Feature","geometry":{"type":"Point","coordinates":[-111.16045,55.47579]},"properties":{"r":248.3,"o":67,"n":"CNRL KN03-05P DEVENISH 3-10-75-8","u":"15/03-10-075-08W4/0","f":5737,"y":2018,"d":1966}},{"type":"Feature","geometry":{"type":"Point","coordinates":[-110.83842,56.22072]},"properties":{"r":1133.84,"o":85,"n":"COPRC 2632P12 NEWBY 3-26-83-6","u":"15/03-26-083-06W4/2","f":3130,"y":2024,"d":1858}},{"type":"Feature","geometry":{"type":"Point","coordinates":[-111.41545,56.49478]},"properties":{"r":309.0,"o":34,"n":"ATH AD03P HANGST 3-31-86-9","u":"15/03-31-086-09W4/0","f":5356,"y":2013,"d":1190}},{"type":"Feature","geometry":{"type":"Point","coordinates":[-110.80452,55.55116]},"properties":{"r":2724.8,"o":75,"n":"CVE B19P03-1 KIRBY 4-1-76-6","u":"15/04-01-076-06W4/0","f":934,"y":2022,"d":2286}},{"type":"Feature","geometry":{"type":"Point","coordinates":[-110.41188,55.05638]},"properties":{"r":640.13,"o":75,"n":"CVE E15P09-1 FISHER 4-16-70-3","u":"15/04-16-070-03W4/0","f":10927,"y":2023,"d":1840}},{"type":"Feature","geometry":{"type":"Point","coordinates":[-112.13116,56.81482]},"properties":{"r":134.6,"o":233,"n":"MACOP AC04P ELLS 4-23-90-14","u":"15/04-23-090-14W4/0","f":6448,"y":2014,"d":1423}},{"type":"Feature","geometry":{"type":"Point","coordinates":[-111.4273,56.49585]},"properties":{"r":305.91,"o":34,"n":"ATH AE05P HANGST 4-31-86-9","u":"15/04-31-086-09W4/0","f":5356,"y":2014,"d":1306}},{"type":"Feature","geometry":{"type":"Point","coordinates":[-110.82813,55.56988]},"properties":{"r":325.37,"o":75,"n":"CVE J01P03-1 LEISMER 5-11-76-6","u":"15/05-11-076-06W4/0","f":934,"y":2024,"d":2146}},{"type":"Feature","geometry":{"type":"Point","coordinates":[-110.45733,55.05973]},"properties":{"r":159.93,"o":75,"n":"CVE FCCL E03P04-1 FISHER 5-18-70-3","u":"15/05-18-070-03W4/0","f":10927,"y":2016,"d":1552}},{"type":"Feature","geometry":{"type":"Point","coordinates":[-110.83976,56.19226]},"properties":{"r":213.92,"o":85,"n":"COPRC HZ 2643P07 NEWBY 6-14-83-6","u":"15/06-14-083-06W4/0","f":3130,"y":2013,"d":1842}},{"type":"Feature","geometry":{"type":"Point","coordinates":[-110.68352,55.0881]},"properties":{"r":588.49,"o":75,"n":"CVE W26P06-2 FISHER 6-27-70-5","u":"15/06-27-070-05W4/0","f":10927,"y":2025,"d":1734}},{"type":"Feature","geometry":{"type":"Point","coordinates":[-110.91557,56.40994]},"properties":{"r":601.51,"o":80,"n":"NEXEN OPTI 05P02 NEWBY 6-32-85-6","u":"15/06-32-085-06W4/0","f":2026,"y":2004,"d":1278}},{"type":"Feature","geometry":{"type":"Point","coordinates":[-110.96886,56.41271]},"properties":{"r":369.23,"o":80,"n":"NEXEN OPTI 07P01 NEWBY 6-36-85-7","u":"15/06-36-085-07W4/0","f":2026,"y":2005,"d":1321}},{"type":"Feature","geometry":{"type":"Point","coordinates":[-111.25557,55.46582]},"properties":{"r":203.01,"o":67,"n":"CNRL KN05-08P KIRBY 7-1-75-9","u":"15/07-01-075-09W4/0","f":5737,"y":2018,"d":1774}},{"type":"Feature","geometry":{"type":"Point","coordinates":[-111.73975,56.10599]},"properties":{"r":194.38,"o":84,"n":"CLC 201 INF04 DIVIDE 7-13-82-12","u":"15/07-13-082-12W4/0","f":3166,"y":2021,"d":1665}},{"type":"Feature","geometry":{"type":"Point","coordinates":[-110.96495,57.24061]},"properties":{"r":398.14,"o":299,"n":"SUNCOR P129P9 FIREBAG 7-18-95-6","u":"15/07-18-095-06W4/0","f":1149,"y":2022,"d":1856}},{"type":"Feature","geometry":{"type":"Point","coordinates":[-110.79358,57.19764]},"properties":{"r":906.05,"o":299,"n":"SUNCOR P123P4 FIREBAG 7-31-94-5","u":"15/07-31-094-05W4/0","f":1149,"y":2019,"d":1634}},{"type":"Feature","geometry":{"type":"Point","coordinates":[-110.9564,57.24061]},"properties":{"r":787.34,"o":299,"n":"SUNCOR P129P4 FIREBAG 8-18-95-6","u":"15/08-18-095-06W4/0","f":1149,"y":2022,"d":1416}},{"type":"Feature","geometry":{"type":"Point","coordinates":[-110.62112,55.07302]},"properties":{"r":339.77,"o":75,"n":"CVE W10P03-2 FISHER 8-24-70-5","u":"15/08-24-070-05W4/0","f":10927,"y":2026,"d":1665}},{"type":"Feature","geometry":{"type":"Point","coordinates":[-110.60122,54.04153]},"properties":{"r":106.23,"o":295,"n":"STRATHCONA D02-INF7 LIND 8-25-58-5","u":"15/08-25-058-05W4/0","f":5610,"y":2021,"d":1704}},{"type":"Feature","geometry":{"type":"Point","coordinates":[-110.95914,56.4127]},"properties":{"r":192.68,"o":80,"n":"NEXEN OPTI 06P02 NEWBY 8-36-85-7","u":"15/08-36-085-07W4/0","f":2026,"y":2005,"d":1330}},{"type":"Feature","geometry":{"type":"Point","coordinates":[-110.31275,54.7721]},"properties":{"r":120.45,"o":67,"n":"CNRL 5A78 RD MOORE 9-1-67-3","u":"15/09-01-067-03W4/0","f":11042,"y":2026,"d":1620}},{"type":"Feature","geometry":{"type":"Point","coordinates":[-110.44404,55.06403]},"properties":{"r":435.51,"o":75,"n":"CVE E04P05-1 FISHER 9-18-70-3","u":"15/09-18-070-03W4/0","f":10927,"y":2020,"d":1637}},{"type":"Feature","geometry":{"type":"Point","coordinates":[-110.93624,57.21708]},"properties":{"r":745.11,"o":299,"n":"SUNCOR P112P5B FIREBAG 10-5-95-6","u":"15/10-05-095-06W4/2","f":1149,"y":2014,"d":1651}},{"type":"Feature","geometry":{"type":"Point","coordinates":[-110.60731,54.04292]},"properties":{"r":1539.78,"o":295,"n":"SRL D04-R01 LIND 10-25-58-5","u":"15/10-25-058-05W4/0","f":5610,"y":2026,"d":2674}},{"type":"Feature","geometry":{"type":"Point","coordinates":[-110.80025,55.55757]},"properties":{"r":1119.58,"o":75,"n":"CVE J09I08-1P KIRBY 11-1-76-6","u":"15/11-01-076-06W4/0","f":934,"y":2025,"d":2734}},{"type":"Feature","geometry":{"type":"Point","coordinates":[-111.15897,55.47073]},"properties":{"r":207.98,"o":67,"n":"CNRL KN04-05P DEVENISH 11-3-75-8","u":"15/11-03-075-08W4/0","f":5737,"y":2018,"d":1848}},{"type":"Feature","geometry":{"type":"Point","coordinates":[-110.82257,55.58594]},"properties":{"r":143.26,"o":75,"n":"CVE FCCL L05P08 LEISMER 11-14-76-6","u":"15/11-14-076-06W4/0","f":934,"y":2015,"d":1485}},{"type":"Feature","geometry":{"type":"Point","coordinates":[-111.10794,57.24547]},"properties":{"r":468.67,"o":75,"n":"CVE K01P05 STEEPBK 11-17-95-7","u":"15/11-17-095-07W4/2","f":5519,"y":2022,"d":1316}},{"type":"Feature","geometry":{"type":"Point","coordinates":[-111.05017,55.33988]},"properties":{"r":480.14,"o":67,"n":"CNRL F 1P RE KIRBY 11-20-73-7","u":"15/11-20-073-07W4/2","f":3534,"y":2012,"d":1620}},{"type":"Feature","geometry":{"type":"Point","coordinates":[-110.68423,55.07733]},"properties":{"r":299.79,"o":75,"n":"CVE W19P03-1 FISHER 11-22-70-5","u":"15/11-22-070-05W4/0","f":10927,"y":2022,"d":2812}},{"type":"Feature","geometry":{"type":"Point","coordinates":[-110.99773,56.21335]},"properties":{"r":766.75,"o":85,"n":"COPRC 103P02SORW RESDELN 11-23-83-7","u":"15/11-23-083-07W4/0","f":3130,"y":2023,"d":1877}},{"type":"Feature","geometry":{"type":"Point","coordinates":[-110.43359,54.7138]},"properties":{"r":1552.87,"o":153,"n":"IMP 22 S01-P10 LEMING 12-17-66-3","u":"15/12-17-066-03W4/0","f":3827,"y":2022,"d":1633}},{"type":"Feature","geometry":{"type":"Point","coordinates":[-111.1155,57.24631]},"properties":{"r":335.39,"o":75,"n":"CVE BA03-1 STEEPBK 12-17-95-7","u":"15/12-17-095-07W4/0","f":5519,"y":2023,"d":1359}},{"type":"Feature","geometry":{"type":"Point","coordinates":[-110.97863,56.40147]},"properties":{"r":202.34,"o":80,"n":"NEXEN OPTI 06P08 NEWBY 12-25-85-7","u":"15/12-25-085-07W4/0","f":2026,"y":2005,"d":1300}},{"type":"Feature","geometry":{"type":"Point","coordinates":[-110.40327,54.52747]},"properties":{"r":225.66,"o":295,"n":"SRL G5-P05 ETHELLK 13-9-64-3","u":"15/13-09-064-03W4/0","f":2122,"y":2021,"d":1580}},{"type":"Feature","geometry":{"type":"Point","coordinates":[-110.43262,54.54346]},"properties":{"r":507.38,"o":295,"n":"SRL P108-P1R ETHELLK 13-17-64-3","u":"15/13-17-064-03W4/0","f":2122,"y":2025,"d":1629}},{"type":"Feature","geometry":{"type":"Point","coordinates":[-110.4286,54.71833]},"properties":{"r":1040.12,"o":153,"n":"IMP 22 S01-P03 LEMING 13-17-66-3","u":"15/13-17-066-03W4/0","f":3827,"y":2022,"d":1732}},{"type":"Feature","geometry":{"type":"Point","coordinates":[-110.84757,56.24582]},"properties":{"r":914.22,"o":85,"n":"COPRC HZ 2622P04 NEWBY 13-35-83-6","u":"15/13-35-083-06W4/2","f":3130,"y":2014,"d":1475}},{"type":"Feature","geometry":{"type":"Point","coordinates":[-111.15952,55.47484]},"properties":{"r":157.92,"o":67,"n":"CNRL KN03-03P DEVENISH 14-3-75-8","u":"15/14-03-075-08W4/0","f":5737,"y":2018,"d":2003}},{"type":"Feature","geometry":{"type":"Point","coordinates":[-110.93677,57.2194]},"properties":{"r":485.59,"o":299,"n":"SUNCOR P111P7 FIREBAG 15-5-95-6","u":"15/15-05-095-06W4/0","f":1149,"y":2019,"d":1625}},{"type":"Feature","geometry":{"type":"Point","coordinates":[-110.88111,57.2341]},"properties":{"r":340.4,"o":299,"n":"SUNCOR P105N5 FIREBAG 15-10-95-6","u":"15/15-10-095-06W4/0","f":1149,"y":2017,"d":1571}},{"type":"Feature","geometry":{"type":"Point","coordinates":[-110.84247,55.59009]},"properties":{"r":656.57,"o":75,"n":"CVE M07P04 LEISMER 15-15-76-6","u":"15/15-15-076-06W4/3","f":934,"y":2022,"d":2336}},{"type":"Feature","geometry":{"type":"Point","coordinates":[-111.04098,55.34448]},"properties":{"r":2209.9,"o":67,"n":"CNRL A 10P KIRBY 15-20-73-7","u":"15/15-20-073-07W4/0","f":3534,"y":2026,"d":1986}},{"type":"Feature","geometry":{"type":"Point","coordinates":[-110.99823,55.5178]},"properties":{"r":531.87,"o":67,"n":"CNRL RR8P RD CONKLIN 15-22-75-7","u":"15/15-22-075-07W4/0","f":5101,"y":2025,"d":1828}},{"type":"Feature","geometry":{"type":"Point","coordinates":[-110.81424,55.55943]},"properties":{"r":697.31,"o":75,"n":"CVE H09P06-1 KIRBY 16-2-76-6","u":"15/16-02-076-06W4/0","f":934,"y":2021,"d":2461}},{"type":"Feature","geometry":{"type":"Point","coordinates":[-110.88831,55.56121]},"properties":{"r":506.06,"o":67,"n":"CNRL E5P RD LEISMER 16-5-76-6","u":"15/16-05-076-06W4/0","f":2037,"y":2023,"d":1716}},{"type":"Feature","geometry":{"type":"Point","coordinates":[-110.6018,54.03436]},"properties":{"r":369.82,"o":295,"n":"SRL D04-R8 LIND 16-24-58-5","u":"15/16-24-058-05W4/0","f":5610,"y":2025,"d":1761}},{"type":"Feature","geometry":{"type":"Point","coordinates":[-110.88854,55.55065]},"properties":{"r":525.24,"o":67,"n":"CNRL H2P RD LEISMER 1-5-76-6","u":"16/01-05-076-06W4/0","f":2037,"y":2025,"d":1520}},{"type":"Feature","geometry":{"type":"Point","coordinates":[-110.83657,55.56371]},"properties":{"r":1025.91,"o":75,"n":"CVE FCCL G09P05 LEISMER 1-10-76-6","u":"16/01-10-076-06W4/0","f":934,"y":2018,"d":2037}},{"type":"Feature","geometry":{"type":"Point","coordinates":[-110.38741,54.53056]},"properties":{"r":190.22,"o":295,"n":"SRL P205-P12 ETHELLK 1-16-64-3","u":"16/01-16-064-03W4/0","f":2122,"y":2022,"d":2198}},{"type":"Feature","geometry":{"type":"Point","coordinates":[-110.78556,55.69602]},"properties":{"r":604.64,"o":75,"n":"CVE AH5P-1 HARDY 1-25-77-6","u":"16/01-25-077-06W4/0","f":1892,"y":2026,"d":2282}},{"type":"Feature","geometry":{"type":"Point","coordinates":[-110.79343,55.56361]},"properties":{"r":170.5,"o":75,"n":"CVE B13P02-1 LEISMER 2-12-76-6","u":"16/02-12-076-06W4/0","f":934,"y":2024,"d":1791}},{"type":"Feature","geometry":{"type":"Point","coordinates":[-110.96236,56.18919]},"properties":{"r":787.92,"o":85,"n":"COPRC 101SP18SORW RESDELN 2-13-83-7","u":"16/02-13-083-07W4/0","f":3130,"y":2024,"d":1750}},{"type":"Feature","geometry":{"type":"Point","coordinates":[-111.18748,55.4618]},"properties":{"r":176.51,"o":67,"n":"CNRL KN01-04P DEVENISH 3-4-75-8","u":"16/03-04-075-08W4/0","f":5737,"y":2018,"d":1827}},{"type":"Feature","geometry":{"type":"Point","coordinates":[-111.16092,55.47627]},"properties":{"r":328.12,"o":67,"n":"CNRL KN03-06P DEVENISH 3-10-75-8","u":"16/03-10-075-08W4/0","f":5737,"y":2018,"d":1963}},{"type":"Feature","geometry":{"type":"Point","coordinates":[-110.79857,55.56575]},"properties":{"r":126.8,"o":75,"n":"CVE B06P03-1 LEISMER 3-12-76-6","u":"16/03-12-076-06W4/0","f":934,"y":2018,"d":1445}},{"type":"Feature","geometry":{"type":"Point","coordinates":[-110.83742,56.21943]},"properties":{"r":774.4,"o":85,"n":"COPRC 2642P12 NEWBY 3-26-83-6","u":"16/03-26-083-06W4/0","f":3130,"y":2024,"d":1811}},{"type":"Feature","geometry":{"type":"Point","coordinates":[-110.80638,55.66525]},"properties":{"r":191.94,"o":75,"n":"MEG AQ1P HARDY 4-13-77-6","u":"16/04-13-077-06W4/0","f":1892,"y":2017,"d":1774}},{"type":"Feature","geometry":{"type":"Point","coordinates":[-110.43261,54.53127]},"properties":{"r":276.54,"o":295,"n":"SRL P204-P12 ETHELLK 4-17-64-3","u":"16/04-17-064-03W4/0","f":2122,"y":2023,"d":2302}},{"type":"Feature","geometry":{"type":"Point","coordinates":[-112.13094,56.8145]},"properties":{"r":273.33,"o":233,"n":"PCC AA07P ELLS 4-23-90-14","u":"16/04-23-090-14W4/9","f":6448,"y":2019,"d":1370}},{"type":"Feature","geometry":{"type":"Point","coordinates":[-111.42576,56.49563]},"properties":{"r":224.67,"o":34,"n":"ATH AE04P HANGST 4-31-86-9","u":"16/04-31-086-09W4/0","f":5356,"y":2014,"d":1303}},{"type":"Feature","geometry":{"type":"Point","coordinates":[-110.84284,56.20703]},"properties":{"r":1079.73,"o":85,"n":"COPRC 2671P01 NEWBY 5-23-83-6","u":"16/05-23-083-06W4/0","f":3130,"y":2022,"d":2062}},{"type":"Feature","geometry":{"type":"Point","coordinates":[-111.18718,55.46544]},"properties":{"r":292.04,"o":67,"n":"CNRL KN02-03P RE DEVENISH 6-4-75-8","u":"16/06-04-075-08W4/2","f":5737,"y":2018,"d":1941}},{"type":"Feature","geometry":{"type":"Point","coordinates":[-110.84086,56.19185]},"properties":{"r":764.42,"o":85,"n":"COPRC HZ 2643P08 NEWBY 6-14-83-6","u":"16/06-14-083-06W4/0","f":3130,"y":2013,"d":1800}},{"type":"Feature","geometry":{"type":"Point","coordinates":[-110.61414,54.02523]},"properties":{"r":832.85,"o":295,"n":"SRL D01-R3 LIND 6-24-58-5","u":"16/06-24-058-05W4/0","f":5610,"y":2025,"d":1658}},{"type":"Feature","geometry":{"type":"Point","coordinates":[-110.91568,56.41106]},"properties":{"r":179.13,"o":80,"n":"NEXEN OPTI 05P01 NEWBY 6-32-85-6","u":"16/06-32-085-06W4/0","f":2026,"y":2004,"d":1362}},{"type":"Feature","geometry":{"type":"Point","coordinates":[-110.96572,57.24147]},"properties":{"r":1060.98,"o":299,"n":"SUNCOR P129P10 FIREBAG 7-18-95-6","u":"16/07-18-095-06W4/0","f":1149,"y":2022,"d":1878}},{"type":"Feature","geometry":{"type":"Point","coordinates":[-110.99043,56.20676]},"properties":{"r":1003.01,"o":85,"n":"COPRC 103P12SOSTRD RSDLN 7-23-83-7","u":"16/07-23-083-07W4/2","f":3130,"y":2022,"d":1765}},{"type":"Feature","geometry":{"type":"Point","coordinates":[-110.79192,57.19868]},"properties":{"r":1641.18,"o":299,"n":"SUNCOR P123P5 FIREBAG 7-31-94-5","u":"16/07-31-094-05W4/0","f":1149,"y":2019,"d":1734}},{"type":"Feature","geometry":{"type":"Point","coordinates":[-110.95808,57.24061]},"properties":{"r":526.44,"o":299,"n":"SUNCOR P129P5 FIREBAG 8-18-95-6","u":"16/08-18-095-06W4/0","f":1149,"y":2022,"d":1467}},{"type":"Feature","geometry":{"type":"Point","coordinates":[-110.8382,55.55775]},"properties":{"r":407.81,"o":75,"n":"CVE H07P02 KIRBY 9-3-76-6","u":"16/09-03-076-06W4/2","f":934,"y":2016,"d":1450}},{"type":"Feature","geometry":{"type":"Point","coordinates":[-110.44178,55.06272]},"properties":{"r":867.34,"o":75,"n":"CVE E04P03-1 FISHER 9-18-70-3","u":"16/09-18-070-03W4/0","f":10927,"y":2022,"d":1688}},{"type":"Feature","geometry":{"type":"Point","coordinates":[-110.93702,57.21471]},"properties":{"r":874.81,"o":299,"n":"SUNCOR P112P7B FIREBAG 10-5-95-6","u":"16/10-05-095-06W4/3","f":1149,"y":2014,"d":1662}},{"type":"Feature","geometry":{"type":"Point","coordinates":[-110.79229,55.57151]},"properties":{"r":247.44,"o":75,"n":"CVE B10P01-1 LEISMER 10-12-76-6","u":"16/10-12-076-06W4/2","f":934,"y":2022,"d":2350}},{"type":"Feature","geometry":{"type":"Point","coordinates":[-111.1013,57.24488]},"properties":{"r":233.2,"o":75,"n":"CVE CA05-1 STEEPBK 10-17-95-7","u":"16/10-17-095-07W4/2","f":5519,"y":2022,"d":1247}},{"type":"Feature","geometry":{"type":"Point","coordinates":[-111.15849,55.47024]},"properties":{"r":304.95,"o":67,"n":"CNRL KN04-06P DEVENISH 11-3-75-8","u":"16/11-03-075-08W4/0","f":5737,"y":2018,"d":1831}},{"type":"Feature","geometry":{"type":"Point","coordinates":[-110.82158,55.58568]},"properties":{"r":115.19,"o":75,"n":"CVE FCCL L05P09 LEISMER 11-14-76-6","u":"16/11-14-076-06W4/0","f":934,"y":2015,"d":1525}},{"type":"Feature","geometry":{"type":"Point","coordinates":[-111.1096,57.24547]},"properties":{"r":662.53,"o":75,"n":"CVE K01P06 STEEPBK 11-17-95-7","u":"16/11-17-095-07W4/2","f":5519,"y":2022,"d":1369}},{"type":"Feature","geometry":{"type":"Point","coordinates":[-110.68078,55.07865]},"properties":{"r":705.84,"o":75,"n":"CVE W19P01-1 FISHER 11-22-70-5","u":"16/11-22-070-05W4/0","f":10927,"y":2023,"d":2933}},{"type":"Feature","geometry":{"type":"Point","coordinates":[-110.80144,55.55574]},"properties":{"r":331.12,"o":75,"n":"CVE B17P03 KIRBY 12-1-76-6","u":"16/12-01-076-06W4/0","f":934,"y":2019,"d":1979}},{"type":"Feature","geometry":{"type":"Point","coordinates":[-111.19178,55.46969]},"properties":{"r":196.81,"o":67,"n":"CNRL KN02-12P DEVENISH 12-4-75-8","u":"16/12-04-075-08W4/0","f":5737,"y":2018,"d":1912}},{"type":"Feature","geometry":{"type":"Point","coordinates":[-111.11468,57.24634]},"properties":{"r":385.75,"o":75,"n":"CVE BP04-1 STEEPBK 12-17-95-7","u":"16/12-17-095-07W4/0","f":5519,"y":2023,"d":1364}},{"type":"Feature","geometry":{"type":"Point","coordinates":[-110.97861,56.40238]},"properties":{"r":193.52,"o":80,"n":"NEXEN OPTI 06P07 NEWBY 12-25-85-7","u":"16/12-25-085-07W4/0","f":2026,"y":2005,"d":1313}},{"type":"Feature","geometry":{"type":"Point","coordinates":[-110.84345,56.22784]},"properties":{"r":624.16,"o":85,"n":"COPRC HZ 2613P11 NEWBY 12-26-83-6","u":"16/12-26-083-06W4/0","f":3130,"y":2014,"d":1733}},{"type":"Feature","geometry":{"type":"Point","coordinates":[-110.43259,54.54278]},"properties":{"r":860.44,"o":295,"n":"SRL P108-P2R ETHELLK 13-17-64-3","u":"16/13-17-064-03W4/0","f":2122,"y":2025,"d":1609}},{"type":"Feature","geometry":{"type":"Point","coordinates":[-110.42933,54.71768]},"properties":{"r":1645.29,"o":153,"n":"IMP 22 S01-P04 LEMING 13-17-66-3","u":"16/13-17-066-03W4/0","f":3827,"y":2022,"d":1681}},{"type":"Feature","geometry":{"type":"Point","coordinates":[-110.4611,55.06658]},"properties":{"r":142.07,"o":75,"n":"CVE E02P05-1 FISHER 13-18-70-3","u":"16/13-18-070-03W4/0","f":10927,"y":2021,"d":1633}},{"type":"Feature","geometry":{"type":"Point","coordinates":[-110.85913,57.20295]},"properties":{"r":1674.22,"o":299,"n":"SUNCOR P118P19 FIREBAG 13-35-94-6","u":"16/13-35-094-06W4/0","f":1149,"y":2014,"d":1957}},{"type":"Feature","geometry":{"type":"Point","coordinates":[-110.81562,55.57575]},"properties":{"r":438.59,"o":75,"n":"CVE B04P01-1 LEISMER 15-11-76-6","u":"16/15-11-076-06W4/2","f":934,"y":2021,"d":1632}},{"type":"Feature","geometry":{"type":"Point","coordinates":[-110.84605,55.59015]},"properties":{"r":1197.33,"o":75,"n":"CVE M07P03 LEISMER 15-15-76-6","u":"16/15-15-076-06W4/2","f":934,"y":2022,"d":2171}},{"type":"Feature","geometry":{"type":"Point","coordinates":[-110.54716,55.07973]},"properties":{"r":415.84,"o":75,"n":"CVE JP01-1 FISHER 15-21-70-4","u":"16/15-21-070-04W4/0","f":10927,"y":2024,"d":1753}},{"type":"Feature","geometry":{"type":"Point","coordinates":[-110.88939,55.5616]},"properties":{"r":655.69,"o":67,"n":"CNRL E6P RD LEISMER 16-5-76-6","u":"16/16-05-076-06W4/2","f":2037,"y":2024,"d":1760}},{"type":"Feature","geometry":{"type":"Point","coordinates":[-110.8144,55.551]},"properties":{"r":735.55,"o":75,"n":"CVE J09P06-1 KIRBY 1-2-76-6","u":"17/01-02-076-06W4/0","f":934,"y":2025,"d":1364}},{"type":"Feature","geometry":{"type":"Point","coordinates":[-110.83585,55.56465]},"properties":{"r":922.9,"o":75,"n":"CVE FCCL G09P06 LEISMER 1-10-76-6","u":"17/01-10-076-06W4/0","f":934,"y":2018,"d":2050}},{"type":"Feature","geometry":{"type":"Point","coordinates":[-110.78885,55.56367]},"properties":{"r":633.72,"o":75,"n":"CVE B12P07-1 LEISMER 2-12-76-6","u":"17/02-12-076-06W4/3","f":934,"y":2024,"d":2471}},{"type":"Feature","geometry":{"type":"Point","coordinates":[-110.78902,55.6508]},"properties":{"r":165.4,"o":75,"n":"MEG AP13P HARDY 2-12-77-6","u":"17/02-12-077-06W4/0","f":1892,"y":2016,"d":1215}},{"type":"Feature","geometry":{"type":"Point","coordinates":[-110.96154,56.19029]},"properties":{"r":719.01,"o":85,"n":"COPRC 101SP17SORW RESDELN 2-13-83-7","u":"17/02-13-083-07W4/0","f":3130,"y":2024,"d":1664}},{"type":"Feature","geometry":{"type":"Point","coordinates":[-111.18702,55.46134]},"properties":{"r":237.96,"o":67,"n":"CNRL KN01-05P DEVENISH 3-4-75-8","u":"17/03-04-075-08W4/0","f":5737,"y":2018,"d":1808}},{"type":"Feature","geometry":{"type":"Point","coordinates":[-111.16139,55.47671]},"properties":{"r":252.95,"o":67,"n":"CNRL KN03-07P DEVENISH 3-10-75-8","u":"17/03-10-075-08W4/0","f":5737,"y":2018,"d":1947}},{"type":"Feature","geometry":{"type":"Point","coordinates":[-110.8364,56.2187]},"properties":{"r":523.69,"o":85,"n":"COPRC 2642P13 NEWBY 3-26-83-6","u":"17/03-26-083-06W4/0","f":3130,"y":2024,"d":1649}},{"type":"Feature","geometry":{"type":"Point","coordinates":[-111.03173,55.52176]},"properties":{"r":575.45,"o":67,"n":"CNRL AA5P RD CONKLIN 3-28-75-7","u":"17/03-28-075-07W4/0","f":3346,"y":2024,"d":1564}},{"type":"Feature","geometry":{"type":"Point","coordinates":[-110.80638,55.66632]},"properties":{"r":321.18,"o":75,"n":"MEG AQ2P HARDY 4-13-77-6","u":"17/04-13-077-06W4/0","f":1892,"y":2017,"d":1866}},{"type":"Feature","geometry":{"type":"Point","coordinates":[-110.43259,54.53057]},"properties":{"r":498.66,"o":295,"n":"SRL P204-P13 ETHELLK 4-17-64-3","u":"17/04-17-064-03W4/0","f":2122,"y":2023,"d":2400}},{"type":"Feature","geometry":{"type":"Point","coordinates":[-112.12927,56.81546]},"properties":{"r":252.68,"o":233,"n":"PCC AA08P ELLS 4-23-90-14","u":"17/04-23-090-14W4/2","f":6448,"y":2019,"d":1351}},{"type":"Feature","geometry":{"type":"Point","coordinates":[-111.42243,56.49565]},"properties":{"r":197.44,"o":34,"n":"ATH AE02P HANGST 4-31-86-9","u":"17/04-31-086-09W4/0","f":5356,"y":2014,"d":1297}},{"type":"Feature","geometry":{"type":"Point","coordinates":[-110.6153,54.02523]},"properties":{"r":1026.66,"o":295,"n":"SRL D01-FR01 LIND 6-24-58-5","u":"17/06-24-058-05W4/0","f":5610,"y":2026,"d":1683}},{"type":"Feature","geometry":{"type":"Point","coordinates":[-111.03157,55.52462]},"properties":{"r":483.83,"o":67,"n":"CNRL AA1P RD CONKLIN 6-28-75-7","u":"17/06-28-075-07W4/0","f":3346,"y":2023,"d":1620}},{"type":"Feature","geometry":{"type":"Point","coordinates":[-111.74105,56.10629]},"properties":{"r":219.85,"o":84,"n":"CONNACHER OIL R07 DIVIDE 7-13-82-12","u":"17/07-13-082-12W4/0","f":3166,"y":2024,"d":2652}},{"type":"Feature","geometry":{"type":"Point","coordinates":[-110.96643,57.24241]},"properties":{"r":1196.59,"o":299,"n":"SUNCOR P129P11 FIREBAG 7-18-95-6","u":"17/07-18-095-06W4/0","f":1149,"y":2022,"d":1891}},{"type":"Feature","geometry":{"type":"Point","coordinates":[-110.99042,56.20984]},"properties":{"r":811.99,"o":85,"n":"COPRC 103P09SORW RESDELN 7-23-83-7","u":"17/07-23-083-07W4/0","f":3130,"y":2024,"d":1830}},{"type":"Feature","geometry":{"type":"Point","coordinates":[-110.6275,55.07321]},"properties":{"r":282.52,"o":75,"n":"CVE W10P10 FISHER 7-24-70-5","u":"17/07-24-070-05W4/0","f":10927,"y":2023,"d":1551}},{"type":"Feature","geometry":{"type":"Point","coordinates":[-110.38755,54.53592]},"properties":{"r":543.27,"o":295,"n":"OPC P205-P5 COLD LK 8-16-64-3","u":"17/08-16-064-03W4/0","f":2122,"y":2018,"d":1769}},{"type":"Feature","geometry":{"type":"Point","coordinates":[-110.9598,57.24063]},"properties":{"r":767.38,"o":299,"n":"SUNCOR P129P6 FIREBAG 8-18-95-6","u":"17/08-18-095-06W4/0","f":1149,"y":2022,"d":1539}},{"type":"Feature","geometry":{"type":"Point","coordinates":[-110.66706,55.07317]},"properties":{"r":177.81,"o":75,"n":"CVE W19P02-1 FISHER 8-22-70-5","u":"17/08-22-070-05W4/0","f":10927,"y":2023,"d":2194}},{"type":"Feature","geometry":{"type":"Point","coordinates":[-110.83555,55.55698]},"properties":{"r":958.13,"o":75,"n":"CVE H07P04 KIRBY 9-3-76-6","u":"17/09-03-076-06W4/2","f":934,"y":2016,"d":1367}},{"type":"Feature","geometry":{"type":"Point","coordinates":[-110.44127,55.06191]},"properties":{"r":543.71,"o":75,"n":"CVE E04P02-2 FISHER 9-18-70-3","u":"17/09-18-070-03W4/0","f":10927,"y":2024,"d":1722}},{"type":"Feature","geometry":{"type":"Point","coordinates":[-110.69892,54.68458]},"properties":{"r":106.09,"o":67,"n":"CNRL S1A5L RD WOLF LK 10-4-66-5","u":"17/10-04-066-05W4/0","f":11042,"y":2017,"d":1452}},{"type":"Feature","geometry":{"type":"Point","coordinates":[-111.10289,57.24547]},"properties":{"r":1028.8,"o":75,"n":"CVE K01P02 STEEPBK 10-17-95-7","u":"17/10-17-095-07W4/2","f":5519,"y":2022,"d":1263}},{"type":"Feature","geometry":{"type":"Point","coordinates":[-111.15804,55.46978]},"properties":{"r":487.08,"o":67,"n":"CNRL KN04-07P DEVENISH 11-3-75-8","u":"17/11-03-075-08W4/0","f":5737,"y":2018,"d":1820}},{"type":"Feature","geometry":{"type":"Point","coordinates":[-110.83262,55.55623]},"properties":{"r":265.72,"o":75,"n":"CVE H07P06-1 KIRBY 12-2-76-6","u":"17/12-02-076-06W4/0","f":934,"y":2026,"d":1420}},{"type":"Feature","geometry":{"type":"Point","coordinates":[-111.19146,55.47041]},"properties":{"r":429.64,"o":67,"n":"CNRL KN02-13P DEVENISH 12-4-75-8","u":"17/12-04-075-08W4/0","f":5737,"y":2024,"d":2011}},{"type":"Feature","geometry":{"type":"Point","coordinates":[-110.80317,55.57435]},"properties":{"r":112.29,"o":75,"n":"CVE FCCL B03P07-1 LEISMER 13-12-76-6","u":"17/13-12-076-06W4/0","f":934,"y":2016,"d":1495}},{"type":"Feature","geometry":{"type":"Point","coordinates":[-111.18421,55.45853]},"properties":{"r":104.2,"o":67,"n":"CNRL KN01-11P DEVENISH 13-33-74-8","u":"17/13-33-074-08W4/0","f":5737,"y":2018,"d":1820}},{"type":"Feature","geometry":{"type":"Point","coordinates":[-111.16084,55.47259]},"properties":{"r":263.58,"o":67,"n":"CNRL KN04-01P DEVENISH 14-3-75-8","u":"17/14-03-075-08W4/0","f":5737,"y":2018,"d":1970}},{"type":"Feature","geometry":{"type":"Point","coordinates":[-110.81826,55.57658]},"properties":{"r":372.75,"o":75,"n":"CVE B04P03-1 LEISMER 15-11-76-6","u":"17/15-11-076-06W4/0","f":934,"y":2021,"d":1518}},{"type":"Feature","geometry":{"type":"Point","coordinates":[-110.55073,55.07985]},"properties":{"r":422.49,"o":75,"n":"CVE JP03-2 FISHER 15-21-70-4","u":"17/15-21-070-04W4/0","f":10927,"y":2025,"d":1653}},{"type":"Feature","geometry":{"type":"Point","coordinates":[-110.81141,55.56069]},"properties":{"r":1887.74,"o":75,"n":"CVE J09P09-1 KIRBY 16-2-76-6","u":"17/16-02-076-06W4/2","f":934,"y":2025,"d":2534}},{"type":"Feature","geometry":{"type":"Point","coordinates":[-110.89061,55.56171]},"properties":{"r":462.45,"o":67,"n":"CNRL E7P RD LEISMER 16-5-76-6","u":"17/16-05-076-06W4/0","f":2037,"y":2024,"d":1785}},{"type":"Feature","geometry":{"type":"Point","coordinates":[-110.83644,55.56553]},"properties":{"r":1087.53,"o":75,"n":"CVE FCCL G09P07 LEISMER 1-10-76-6","u":"18/01-10-076-06W4/0","f":934,"y":2018,"d":2011}},{"type":"Feature","geometry":{"type":"Point","coordinates":[-110.78675,55.56389]},"properties":{"r":575.94,"o":75,"n":"CVE B12P08-1 LEISMER 1-12-76-6","u":"18/01-12-076-06W4/2","f":934,"y":2023,"d":2461}},{"type":"Feature","geometry":{"type":"Point","coordinates":[-110.78868,55.57852]},"properties":{"r":190.58,"o":75,"n":"CVE B10P03-1 HARDY 2-13-76-6","u":"18/02-13-076-06W4/0","f":934,"y":2022,"d":1456}},{"type":"Feature","geometry":{"type":"Point","coordinates":[-111.1867,55.46463]},"properties":{"r":425.84,"o":67,"n":"CNRL KN02-01P RE DEVENISH 3-4-75-8","u":"18/03-04-075-08W4/2","f":5737,"y":2018,"d":2013}},{"type":"Feature","geometry":{"type":"Point","coordinates":[-111.16191,55.47719]},"properties":{"r":109.02,"o":67,"n":"CNRL KN03-08P DEVENISH 3-10-75-8","u":"18/03-10-075-08W4/0","f":5737,"y":2018,"d":1927}},{"type":"Feature","geometry":{"type":"Point","coordinates":[-110.58024,55.06917]},"properties":{"r":104.6,"o":75,"n":"CVE W06P03-1 FISHER 3-20-70-4","u":"18/03-20-070-04W4/0","f":10927,"y":2023,"d":2124}},{"type":"Feature","geometry":{"type":"Point","coordinates":[-111.03164,55.52246]},"properties":{"r":563.38,"o":67,"n":"CNRL AA4P RD CONKLIN 3-28-75-7","u":"18/03-28-075-07W4/0","f":3346,"y":2025,"d":1566}},{"type":"Feature","geometry":{"type":"Point","coordinates":[-110.80637,55.66722]},"properties":{"r":324.43,"o":75,"n":"MEG AQ3P HARDY 4-13-77-6","u":"18/04-13-077-06W4/0","f":1892,"y":2017,"d":1971}},{"type":"Feature","geometry":{"type":"Point","coordinates":[-112.12755,56.81623]},"properties":{"r":287.11,"o":233,"n":"PCC AA09P ELLS 4-23-90-14","u":"18/04-23-090-14W4/9","f":6448,"y":2019,"d":1341}},{"type":"Feature","geometry":{"type":"Point","coordinates":[-111.42406,56.49564]},"properties":{"r":181.04,"o":34,"n":"ATH AE03P HANGST 4-31-86-9","u":"18/04-31-086-09W4/0","f":5356,"y":2014,"d":1289}},{"type":"Feature","geometry":{"type":"Point","coordinates":[-110.97375,56.41232]},"properties":{"r":228.51,"o":80,"n":"NEXEN OPTI 08P04 NEWBY 5-36-85-7","u":"18/05-36-085-07W4/0","f":2026,"y":2005,"d":1326}},{"type":"Feature","geometry":{"type":"Point","coordinates":[-111.1881,55.46635]},"properties":{"r":295.39,"o":67,"n":"CNRL KN02-05P RE DEVENISH 6-4-75-8","u":"18/06-04-075-08W4/2","f":5737,"y":2018,"d":1896}},{"type":"Feature","geometry":{"type":"Point","coordinates":[-110.71876,55.68432]},"properties":{"r":141.1,"o":75,"n":"MEG D1N HARDY 6-21-77-5","u":"18/06-21-077-05W4/0","f":1892,"y":2012,"d":1485}},{"type":"Feature","geometry":{"type":"Point","coordinates":[-111.03176,55.5239]},"properties":{"r":368.83,"o":67,"n":"CNRL AA2P RD CONKLIN 6-28-75-7","u":"18/06-28-075-07W4/0","f":3346,"y":2024,"d":1598}},{"type":"Feature","geometry":{"type":"Point","coordinates":[-110.99037,56.20734]},"properties":{"r":640.2,"o":85,"n":"COPRC 101NP06SORW RESDELN 7-23-83-7","u":"18/07-23-083-07W4/0","f":3130,"y":2024,"d":1714}},{"type":"Feature","geometry":{"type":"Point","coordinates":[-110.96653,56.41345]},"properties":{"r":241.78,"o":80,"n":"NEXEN CNOOC 09P05 NEWBY 7-36-85-7","u":"18/07-36-085-07W4/2","f":2026,"y":2004,"d":1232}},{"type":"Feature","geometry":{"type":"Point","coordinates":[-110.38755,54.53506]},"properties":{"r":249.1,"o":295,"n":"OPC P205-P6 COLD LK 8-16-64-3","u":"18/08-16-064-03W4/0","f":2122,"y":2018,"d":1810}},{"type":"Feature","geometry":{"type":"Point","coordinates":[-110.96002,56.41271]},"properties":{"r":186.51,"o":80,"n":"NEU CNOOC 06P02 INF NEWBY 8-36-85-7","u":"18/08-36-085-07W4/0","f":2026,"y":2018,"d":1351}},{"type":"Feature","geometry":{"type":"Point","coordinates":[-110.8369,55.55751]},"properties":{"r":278.49,"o":75,"n":"CVE H07P03 KIRBY 9-3-76-6","u":"18/09-03-076-06W4/2","f":934,"y":2016,"d":1410}},{"type":"Feature","geometry":{"type":"Point","coordinates":[-111.15751,55.46926]},"properties":{"r":510.5,"o":67,"n":"CNRL KN04-08P RE DEVENISH 11-3-75-8","u":"18/11-03-075-08W4/2","f":5737,"y":2018,"d":1820}},{"type":"Feature","geometry":{"type":"Point","coordinates":[-110.68086,55.07863]},"properties":{"r":368.81,"o":75,"n":"CVE W23P04-1 FISHER 11-22-70-5","u":"18/11-22-070-05W4/0","f":10927,"y":2024,"d":1844}},{"type":"Feature","geometry":{"type":"Point","coordinates":[-110.88372,55.55887]},"properties":{"r":187.31,"o":67,"n":"CNRL D7P RD LEISMER 12-4-76-6","u":"18/12-04-076-06W4/0","f":2037,"y":2022,"d":1606}},{"type":"Feature","geometry":{"type":"Point","coordinates":[-111.1604,55.47214]},"properties":{"r":162.11,"o":67,"n":"CNRL KN04-02P DEVENISH 14-3-75-8","u":"18/14-03-075-08W4/0","f":5737,"y":2018,"d":1939}},{"type":"Feature","geometry":{"type":"Point","coordinates":[-110.87328,55.54686]},"properties":{"r":185.59,"o":67,"n":"CNRL F2P LEISMER 14-33-75-6","u":"18/14-33-075-06W4/0","f":2037,"y":2015,"d":1624}},{"type":"Feature","geometry":{"type":"Point","coordinates":[-111.92075,57.05735]},"properties":{"r":346.17,"o":299,"n":"SUNCOR 750P1 DOVER 15-7-93-12","u":"18/15-07-093-12W4/0","f":926,"y":2013,"d":1401}},{"type":"Feature","geometry":{"type":"Point","coordinates":[-110.81685,55.57447]},"properties":{"r":342.46,"o":75,"n":"CVE B06P07-1 LEISMER 15-11-76-6","u":"18/15-11-076-06W4/0","f":934,"y":2022,"d":1757}},{"type":"Feature","geometry":{"type":"Point","coordinates":[-110.83505,55.56597]},"properties":{"r":204.19,"o":75,"n":"CVE H03P12-1 LEISMER 1-10-76-6","u":"19/01-10-076-06W4/2","f":934,"y":2022,"d":1504}},{"type":"Feature","geometry":{"type":"Point","coordinates":[-110.86368,55.58008]},"properties":{"r":1125.18,"o":75,"n":"CVE A02P03 LEISMER 1-16-76-6","u":"19/01-16-076-06W4/0","f":934,"y":2023,"d":1247}},{"type":"Feature","geometry":{"type":"Point","coordinates":[-110.88102,57.22275]},"properties":{"r":2357.9,"o":299,"n":"SUNCOR P6P11B FIREBAG 2-10-95-6","u":"19/02-10-095-06W4/3","f":1149,"y":2008,"d":1270}},{"type":"Feature","geometry":{"type":"Point","coordinates":[-111.16233,55.47768]},"properties":{"r":378.21,"o":67,"n":"CNRL KN03-09P DEVENISH 3-10-75-8","u":"19/03-10-075-08W4/0","f":5737,"y":2018,"d":1950}},{"type":"Feature","geometry":{"type":"Point","coordinates":[-110.89894,55.53523]},"properties":{"r":200.18,"o":67,"n":"CNRL A7P RD LEISMER 3-32-75-6","u":"19/03-32-075-06W4/0","f":2037,"y":2022,"d":1576}},{"type":"Feature","geometry":{"type":"Point","coordinates":[-110.80633,55.66813]},"properties":{"r":400.85,"o":75,"n":"MEG AQ4P HARDY 4-13-77-6","u":"19/04-13-077-06W4/0","f":1892,"y":2017,"d":2065}},{"type":"Feature","geometry":{"type":"Point","coordinates":[-110.97209,56.41272]},"properties":{"r":283.44,"o":80,"n":"NEXEN OPTI 08P05 NEWBY 6-36-85-7","u":"19/06-36-085-07W4/0","f":2026,"y":2005,"d":1340}},{"type":"Feature","geometry":{"type":"Point","coordinates":[-110.9615,57.24062]},"properties":{"r":747.75,"o":299,"n":"SUNCOR P129P7 FIREBAG 7-18-95-6","u":"19/07-18-095-06W4/0","f":1149,"y":2022,"d":1631}},{"type":"Feature","geometry":{"type":"Point","coordinates":[-110.62224,55.07292]},"properties":{"r":549.62,"o":75,"n":"CVE W10P04-2 FISHER 7-24-70-5","u":"19/07-24-070-05W4/0","f":10927,"y":2025,"d":1664}},{"type":"Feature","geometry":{"type":"Point","coordinates":[-110.54443,54.56569]},"properties":{"r":279.71,"o":295,"n":"SRL D46L TUCKLK 7-28-64-4","u":"19/07-28-064-04W4/0","f":1724,"y":2024,"d":1671}},{"type":"Feature","geometry":{"type":"Point","coordinates":[-110.38756,54.53432]},"properties":{"r":526.27,"o":295,"n":"OPC P205-P7 COLD LK 8-16-64-3","u":"19/08-16-064-03W4/0","f":2122,"y":2018,"d":1866}},{"type":"Feature","geometry":{"type":"Point","coordinates":[-110.7445,55.05995]},"properties":{"r":382.23,"o":75,"n":"CVE FCCL W33P05 FISHER 8-18-70-5","u":"19/08-18-070-05W4/0","f":10927,"y":2018,"d":1890}},{"type":"Feature","geometry":{"type":"Point","coordinates":[-111.04681,55.52522]},"properties":{"r":265.16,"o":67,"n":"CNRL OO1P RE CONKLIN 8-29-75-7","u":"19/08-29-075-07W4/3","f":3346,"y":2014,"d":1671}},{"type":"Feature","geometry":{"type":"Point","coordinates":[-110.68292,55.07781]},"properties":{"r":310.36,"o":75,"n":"CVE W23P07-1 FISHER 11-22-70-5","u":"19/11-22-070-05W4/0","f":10927,"y":2024,"d":1695}},{"type":"Feature","geometry":{"type":"Point","coordinates":[-110.88117,55.55823]},"properties":{"r":526.54,"o":67,"n":"CNRL D5P RD LEISMER 12-4-76-6","u":"19/12-04-076-06W4/0","f":2037,"y":2023,"d":1570}},{"type":"Feature","geometry":{"type":"Point","coordinates":[-110.4338,54.69999]},"properties":{"r":1238.84,"o":153,"n":"IMP 22 S01-P12 LEMING 12-8-66-3","u":"19/12-08-066-03W4/0","f":3827,"y":2022,"d":1770}},{"type":"Feature","geometry":{"type":"Point","coordinates":[-110.80638,55.66165]},"properties":{"r":155.95,"o":75,"n":"MEG AP7PR HARDY 13-12-77-6","u":"19/13-12-077-06W4/0","f":1892,"y":2024,"d":1366}},{"type":"Feature","geometry":{"type":"Point","coordinates":[-110.87453,55.54728]},"properties":{"r":400.35,"o":67,"n":"CNRL F3P LEISMER 14-33-75-6","u":"19/14-33-075-06W4/0","f":2037,"y":2015,"d":1596}},{"type":"Feature","geometry":{"type":"Point","coordinates":[-110.56554,54.58693]},"properties":{"r":131.92,"o":295,"n":"SRL COLD LK 16-32-64-4","u":"19/16-32-064-04W4/0","f":1724,"y":2011,"d":1336}},{"type":"Feature","geometry":{"type":"Point","coordinates":[-110.78523,55.56381]},"properties":{"r":475.68,"o":75,"n":"CVE B13P09-1 LEISMER 1-12-76-6","u":"20/01-12-076-06W4/0","f":934,"y":2024,"d":1502}},{"type":"Feature","geometry":{"type":"Point","coordinates":[-110.5406,55.06797]},"properties":{"r":196.81,"o":75,"n":"CVE KP04-1 FISHER 1-21-70-4","u":"20/01-21-070-04W4/0","f":10927,"y":2025,"d":1166}},{"type":"Feature","geometry":{"type":"Point","coordinates":[-110.80918,55.60774]},"properties":{"r":274.63,"o":75,"n":"CVE L09P04-1 LEISMER 1-26-76-6","u":"20/01-26-076-06W4/0","f":934,"y":2024,"d":1617}},{"type":"Feature","geometry":{"type":"Point","coordinates":[-111.04634,55.52076]},"properties":{"r":577.61,"o":67,"n":"CNRL OO7P RE CONKLIN 1-29-75-7","u":"20/01-29-075-07W4/2","f":3346,"y":2014,"d":1628}},{"type":"Feature","geometry":{"type":"Point","coordinates":[-110.79249,55.65081]},"properties":{"r":140.58,"o":75,"n":"MEG AP11P HARDY 2-12-77-6","u":"20/02-12-077-06W4/0","f":1892,"y":2016,"d":1342}},{"type":"Feature","geometry":{"type":"Point","coordinates":[-111.1628,55.47811]},"properties":{"r":213.29,"o":67,"n":"CNRL KN03-10P DEVENISH 3-10-75-8","u":"20/03-10-075-08W4/0","f":5737,"y":2018,"d":1943}},{"type":"Feature","geometry":{"type":"Point","coordinates":[-110.79865,55.56272]},"properties":{"r":144.85,"o":75,"n":"CVE B15P01 LEISMER 3-12-76-6","u":"20/03-12-076-06W4/2","f":934,"y":2022,"d":1786}},{"type":"Feature","geometry":{"type":"Point","coordinates":[-110.58077,55.07111]},"properties":{"r":259.94,"o":75,"n":"CVE W06P02-1 FISHER 3-20-70-4","u":"20/03-20-070-04W4/0","f":10927,"y":2024,"d":1927}},{"type":"Feature","geometry":{"type":"Point","coordinates":[-110.90025,55.53558]},"properties":{"r":374.73,"o":67,"n":"CNRL I1P RD LEISMER 3-32-75-6","u":"20/03-32-075-06W4/0","f":2037,"y":2023,"d":1615}},{"type":"Feature","geometry":{"type":"Point","coordinates":[-110.8795,55.54879]},"properties":{"r":157.89,"o":67,"n":"CNRL F7P LEISMER 4-4-76-6","u":"20/04-04-076-06W4/0","f":2037,"y":2015,"d":1585}},{"type":"Feature","geometry":{"type":"Point","coordinates":[-110.97456,56.41272]},"properties":{"r":125.86,"o":80,"n":"NEU CNOOC 08P03 INF NEWBY 5-36-85-7","u":"20/05-36-085-07W4/0","f":2026,"y":2017,"d":1301}},{"type":"Feature","geometry":{"type":"Point","coordinates":[-111.18767,55.46772]},"properties":{"r":310.95,"o":67,"n":"CNRL KN02-07P RE DEVENISH 6-4-75-8","u":"20/06-04-075-08W4/2","f":5737,"y":2018,"d":1768}},{"type":"Feature","geometry":{"type":"Point","coordinates":[-110.82086,55.58438]},"properties":{"r":108.71,"o":75,"n":"CVE B11P11-1 LEISMER 6-14-76-6","u":"20/06-14-076-06W4/0","f":934,"y":2019,"d":1543}},{"type":"Feature","geometry":{"type":"Point","coordinates":[-111.03286,55.52402]},"properties":{"r":2546.59,"o":67,"n":"CNRL OO3P RE CONKLIN 6-28-75-7","u":"20/06-28-075-07W4/2","f":3346,"y":2014,"d":2470}},{"type":"Feature","geometry":{"type":"Point","coordinates":[-110.62563,55.07252]},"properties":{"r":644.35,"o":75,"n":"CVE W10P07-2 FISHER 7-24-70-5","u":"20/07-24-070-05W4/0","f":10927,"y":2026,"d":1528}},{"type":"Feature","geometry":{"type":"Point","coordinates":[-110.54445,54.56467]},"properties":{"r":388.58,"o":295,"n":"SRL D45L TUCKLK 7-28-64-4","u":"20/07-28-064-04W4/9","f":1724,"y":2024,"d":1610}},{"type":"Feature","geometry":{"type":"Point","coordinates":[-111.07674,55.52633]},"properties":{"r":926.45,"o":67,"n":"CNRL TT6P CONKLIN 7-30-75-7","u":"20/07-30-075-07W4/0","f":3346,"y":2024,"d":1580}},{"type":"Feature","geometry":{"type":"Point","coordinates":[-110.96171,56.41271]},"properties":{"r":320.57,"o":80,"n":"NEU CNOOC 06P01 INF NEWBY 15-25-85-7","u":"20/07-36-085-07W4/2","f":2026,"y":2018,"d":1441}},{"type":"Feature","geometry":{"type":"Point","coordinates":[-110.74423,55.05905]},"properties":{"r":307.91,"o":75,"n":"CVE FCCL W33P04 FISHER 8-18-70-5","u":"20/08-18-070-05W4/0","f":10927,"y":2018,"d":1826}},{"type":"Feature","geometry":{"type":"Point","coordinates":[-110.39266,55.07467]},"properties":{"r":1176.95,"o":75,"n":"CVE E23P01 FISHER 8-21-70-3","u":"20/08-21-070-03W4/0","f":10927,"y":2023,"d":1722}},{"type":"Feature","geometry":{"type":"Point","coordinates":[-110.67082,55.07195]},"properties":{"r":142.78,"o":75,"n":"CVE W19P08-1 FISHER 8-22-70-5","u":"20/08-22-070-05W4/0","f":10927,"y":2024,"d":2018}},{"type":"Feature","geometry":{"type":"Point","coordinates":[-111.04632,55.52434]},"properties":{"r":513.67,"o":67,"n":"CNRL OO2P RE CONKLIN 8-29-75-7","u":"20/08-29-075-07W4/2","f":3346,"y":2014,"d":1653}},{"type":"Feature","geometry":{"type":"Point","coordinates":[-110.83426,55.55671]},"properties":{"r":610.47,"o":75,"n":"CVE H07P05 KIRBY 9-3-76-6","u":"20/09-03-076-06W4/2","f":934,"y":2016,"d":1376}},{"type":"Feature","geometry":{"type":"Point","coordinates":[-110.69312,54.6846]},"properties":{"r":112.11,"o":67,"n":"CNRL S1A8L RD WOLF LK 10-4-66-5","u":"20/10-04-066-05W4/0","f":11042,"y":2017,"d":1781}},{"type":"Feature","geometry":{"type":"Point","coordinates":[-111.09954,57.24559]},"properties":{"r":227.54,"o":75,"n":"CVE DA02-1 STEEPBK 10-17-95-7","u":"20/10-17-095-07W4/2","f":5519,"y":2025,"d":1512}},{"type":"Feature","geometry":{"type":"Point","coordinates":[-110.43283,54.69947]},"properties":{"r":1396.59,"o":153,"n":"IMP 22 S01-P13 LEMING 12-8-66-3","u":"20/12-08-066-03W4/0","f":3827,"y":2022,"d":1743}},{"type":"Feature","geometry":{"type":"Point","coordinates":[-110.84232,56.22809]},"properties":{"r":332.37,"o":85,"n":"COPRC 2613P10SOML NEWBY 12-26-83-6","u":"20/12-26-083-06W4/0","f":3130,"y":2021,"d":1738}},{"type":"Feature","geometry":{"type":"Point","coordinates":[-110.58468,54.58091]},"properties":{"r":125.82,"o":295,"n":"SRL COLD LK 12-32-64-4","u":"20/12-32-064-04W4/0","f":1724,"y":2010,"d":1840}},{"type":"Feature","geometry":{"type":"Point","coordinates":[-110.67753,55.67829]},"properties":{"r":176.76,"o":75,"n":"MEG DB2N HARDY 13-14-77-5","u":"20/13-14-077-05W4/0","f":1892,"y":2023,"d":1751}},{"type":"Feature","geometry":{"type":"Point","coordinates":[-110.8758,55.54759]},"properties":{"r":102.19,"o":67,"n":"CNRL F4P LEISMER 14-33-75-6","u":"20/14-33-075-06W4/0","f":2037,"y":2015,"d":1587}},{"type":"Feature","geometry":{"type":"Point","coordinates":[-111.72844,56.11308]},"properties":{"r":217.61,"o":84,"n":"CLC 203 INF03 DIVIDE 16-13-82-12","u":"20/16-13-082-12W4/0","f":3166,"y":2019,"d":1555}},{"type":"Feature","geometry":{"type":"Point","coordinates":[-110.38828,55.0557]},"properties":{"r":313.25,"o":75,"n":"CVE E15P05-1 FISHER 16-16-70-3","u":"20/16-16-070-03W4/0","f":10927,"y":2021,"d":1603}},{"type":"Feature","geometry":{"type":"Point","coordinates":[-110.56425,54.58694]},"properties":{"r":115.96,"o":295,"n":"SRL COLD LK 16-32-64-4","u":"20/16-32-064-04W4/0","f":1724,"y":2013,"d":1340}},{"type":"Feature","geometry":{"type":"Point","coordinates":[-110.78258,55.56538]},"properties":{"r":243.54,"o":75,"n":"CVE B13P10-2 LEISMER 1-12-76-6","u":"21/01-12-076-06W4/2","f":934,"y":2025,"d":1302}},{"type":"Feature","geometry":{"type":"Point","coordinates":[-110.86128,55.57905]},"properties":{"r":1245.3,"o":75,"n":"CVE B02P01-2 LEISMER 1-16-76-6","u":"21/01-16-076-06W4/0","f":934,"y":2024,"d":1096}},{"type":"Feature","geometry":{"type":"Point","coordinates":[-110.81145,55.60916]},"properties":{"r":163.79,"o":75,"n":"CVE L09P01-1 LEISMER 1-26-76-6","u":"21/01-26-076-06W4/0","f":934,"y":2024,"d":1769}},{"type":"Feature","geometry":{"type":"Point","coordinates":[-111.03276,55.52257]},"properties":{"r":1760.56,"o":67,"n":"CNRL OO4P RE CONKLIN 3-28-75-7","u":"21/03-28-075-07W4/2","f":3346,"y":2014,"d":2459}},{"type":"Feature","geometry":{"type":"Point","coordinates":[-110.90127,55.53601]},"properties":{"r":331.93,"o":67,"n":"CNRL I2P RD LEISMER 3-32-75-6","u":"21/03-32-075-06W4/0","f":2037,"y":2023,"d":1567}},{"type":"Feature","geometry":{"type":"Point","coordinates":[-110.80637,55.66579]},"properties":{"r":347.36,"o":75,"n":"MEG AQ8N HARDY 4-13-77-6","u":"21/04-13-077-06W4/0","f":1892,"y":2019,"d":2019}},{"type":"Feature","geometry":{"type":"Point","coordinates":[-110.97848,56.41316]},"properties":{"r":128.06,"o":80,"n":"CNOOC 09P11 NEWBY 5-36-85-7","u":"21/05-36-085-07W4/0","f":2026,"y":2024,"d":2192}},{"type":"Feature","geometry":{"type":"Point","coordinates":[-110.62451,55.07259]},"properties":{"r":211.3,"o":75,"n":"CVE W10P06-2 FISHER 7-24-70-5","u":"21/07-24-070-05W4/0","f":10927,"y":2026,"d":1536}},{"type":"Feature","geometry":{"type":"Point","coordinates":[-110.54441,54.56373]},"properties":{"r":329.71,"o":295,"n":"SRL D44L TUCKLK 7-28-64-4","u":"21/07-28-064-04W4/0","f":1724,"y":2024,"d":1539}},{"type":"Feature","geometry":{"type":"Point","coordinates":[-111.07928,55.52606]},"properties":{"r":1503.49,"o":67,"n":"CNRL TT4P CONKLIN 7-30-75-7","u":"21/07-30-075-07W4/0","f":3346,"y":2024,"d":1559}},{"type":"Feature","geometry":{"type":"Point","coordinates":[-110.38757,54.53361]},"properties":{"r":407.91,"o":295,"n":"SRL P205-P8 ETHELLK 8-16-64-3","u":"21/08-16-064-03W4/0","f":2122,"y":2022,"d":1980}},{"type":"Feature","geometry":{"type":"Point","coordinates":[-110.74373,55.05819]},"properties":{"r":408.92,"o":75,"n":"CVE FCCL W33P03 FISHER 8-18-70-5","u":"21/08-18-070-05W4/0","f":10927,"y":2018,"d":1814}},{"type":"Feature","geometry":{"type":"Point","coordinates":[-111.10254,57.24505]},"properties":{"r":567.57,"o":75,"n":"CVE CP06-1 STEEPBK 10-17-95-7","u":"21/10-17-095-07W4/0","f":5519,"y":2025,"d":1256}},{"type":"Feature","geometry":{"type":"Point","coordinates":[-110.82535,55.57044]},"properties":{"r":276.9,"o":75,"n":"CVE J01P05-1 LEISMER 11-11-76-6","u":"21/11-11-076-06W4/0","f":934,"y":2024,"d":2270}},{"type":"Feature","geometry":{"type":"Point","coordinates":[-111.10375,57.24488]},"properties":{"r":535.41,"o":75,"n":"CVE CP04-1 STEEPBK 11-17-95-7","u":"21/11-17-095-07W4/0","f":5519,"y":2023,"d":1224}},{"type":"Feature","geometry":{"type":"Point","coordinates":[-110.43182,54.69899]},"properties":{"r":1332.2,"o":153,"n":"IMP  22 S01-P14 LEMING 12-8-66-3","u":"21/12-08-066-03W4/0","f":3827,"y":2022,"d":1714}},{"type":"Feature","geometry":{"type":"Point","coordinates":[-110.46045,55.06359]},"properties":{"r":100.91,"o":75,"n":"CVE E02P02-1 FISHER 12-18-70-3","u":"21/12-18-070-03W4/0","f":10927,"y":2021,"d":1561}},{"type":"Feature","geometry":{"type":"Point","coordinates":[-110.6779,55.6765]},"properties":{"r":518.64,"o":75,"n":"CVE L3P-1 HARDY 13-14-77-5","u":"21/13-14-077-05W4/0","f":1892,"y":2026,"d":1584}},{"type":"Feature","geometry":{"type":"Point","coordinates":[-110.84241,55.58847]},"properties":{"r":208.95,"o":75,"n":"CVE B02W06-1 LEISMER 15-15-76-6","u":"21/15-15-076-06W4/0","f":934,"y":2023,"d":1737}},{"type":"Feature","geometry":{"type":"Point","coordinates":[-111.72981,56.11356]},"properties":{"r":207.52,"o":84,"n":"CLC 203 INF04 DIVIDE 16-13-82-12","u":"21/16-13-082-12W4/0","f":3166,"y":2019,"d":1470}},{"type":"Feature","geometry":{"type":"Point","coordinates":[-110.56482,54.58442]},"properties":{"r":131.94,"o":295,"n":"SRL COLD LK 16-32-64-4","u":"21/16-32-064-04W4/0","f":1724,"y":2013,"d":1065}},{"type":"Feature","geometry":{"type":"Point","coordinates":[-110.81048,55.60889]},"properties":{"r":335.06,"o":75,"n":"CVE L09P02-1 LEISMER 1-26-76-6","u":"22/01-26-076-06W4/0","f":934,"y":2024,"d":1735}},{"type":"Feature","geometry":{"type":"Point","coordinates":[-111.04568,55.52014]},"properties":{"r":1279.72,"o":67,"n":"CNRL OO8P RE CONKLIN 1-29-75-7","u":"22/01-29-075-07W4/4","f":3346,"y":2014,"d":1696}},{"type":"Feature","geometry":{"type":"Point","coordinates":[-110.54439,54.56188]},"properties":{"r":483.22,"o":295,"n":"SRL D42L TUCKLK 2-28-64-4","u":"22/02-28-064-04W4/0","f":1724,"y":2024,"d":1505}},{"type":"Feature","geometry":{"type":"Point","coordinates":[-111.03291,55.52185]},"properties":{"r":1319.79,"o":67,"n":"CNRL OO5P RE CONKLIN 3-28-75-7","u":"22/03-28-075-07W4/2","f":3346,"y":2014,"d":2443}},{"type":"Feature","geometry":{"type":"Point","coordinates":[-110.90255,55.53619]},"properties":{"r":478.47,"o":67,"n":"CNRL I3P RD LEISMER 3-32-75-6","u":"22/03-32-075-06W4/0","f":2037,"y":2023,"d":1561}},{"type":"Feature","geometry":{"type":"Point","coordinates":[-110.80638,55.66677]},"properties":{"r":222.85,"o":75,"n":"MEG AQ9N HARDY 4-13-77-6","u":"22/04-13-077-06W4/0","f":1892,"y":2019,"d":2117}},{"type":"Feature","geometry":{"type":"Point","coordinates":[-110.80388,55.58267]},"properties":{"r":181.19,"o":75,"n":"CVE B07P03-1 HARDY 5-13-76-6","u":"22/05-13-076-06W4/3","f":934,"y":2018,"d":1505}},{"type":"Feature","geometry":{"type":"Point","coordinates":[-110.79985,55.582]},"properties":{"r":181.69,"o":75,"n":"CVE F01P04-1 HARDY 6-13-76-6","u":"22/06-13-076-06W4/0","f":934,"y":2021,"d":1392}},{"type":"Feature","geometry":{"type":"Point","coordinates":[-110.54774,54.56335]},"properties":{"r":246.43,"o":295,"n":"SRL D43L TUCKLK 7-28-64-4","u":"22/07-28-064-04W4/8","f":1724,"y":2024,"d":1311}},{"type":"Feature","geometry":{"type":"Point","coordinates":[-111.07801,55.52607]},"properties":{"r":1034.0,"o":67,"n":"CNRL TT5P CONKLIN 7-30-75-7","u":"22/07-30-075-07W4/0","f":3346,"y":2024,"d":1575}},{"type":"Feature","geometry":{"type":"Point","coordinates":[-110.82441,55.57025]},"properties":{"r":172.19,"o":75,"n":"CVE J01P06-2 LEISMER 11-11-76-6","u":"22/11-11-076-06W4/0","f":934,"y":2024,"d":2292}},{"type":"Feature","geometry":{"type":"Point","coordinates":[-110.3771,55.07588]},"properties":{"r":107.22,"o":75,"n":"CVE E20P05-2 FISHER 11-22-70-3","u":"22/11-22-070-03W4/0","f":10927,"y":2024,"d":1560}},{"type":"Feature","geometry":{"type":"Point","coordinates":[-110.80195,55.55732]},"properties":{"r":1092.96,"o":75,"n":"CVE J09P02-1 KIRBY 12-1-76-6","u":"22/12-01-076-06W4/0","f":934,"y":2024,"d":2513}},{"type":"Feature","geometry":{"type":"Point","coordinates":[-110.43079,54.6985]},"properties":{"r":1306.12,"o":153,"n":"IMP 22 S01-P15 LEMING 12-8-66-3","u":"22/12-08-066-03W4/0","f":3827,"y":2022,"d":1679}},{"type":"Feature","geometry":{"type":"Point","coordinates":[-110.877,55.54803]},"properties":{"r":402.67,"o":67,"n":"CNRL F5P LEISMER 14-33-75-6","u":"22/14-33-075-06W4/0","f":2037,"y":2015,"d":1573}},{"type":"Feature","geometry":{"type":"Point","coordinates":[-111.91793,57.05766]},"properties":{"r":392.9,"o":299,"n":"SUNCOR 750P3 DOVER 15-7-93-12","u":"22/15-07-093-12W4/0","f":926,"y":2013,"d":1407}},{"type":"Feature","geometry":{"type":"Point","coordinates":[-110.84179,55.58922]},"properties":{"r":280.5,"o":75,"n":"CVE B02W07-1 LEISMER 15-15-76-6","u":"22/15-15-076-06W4/0","f":934,"y":2023,"d":1830}},{"type":"Feature","geometry":{"type":"Point","coordinates":[-110.38707,55.06534]},"properties":{"r":487.31,"o":75,"n":"CVE E15P12-2 FISHER 16-16-70-3","u":"22/16-16-070-03W4/0","f":10927,"y":2025,"d":1520}},{"type":"Feature","geometry":{"type":"Point","coordinates":[-110.80954,55.60853]},"properties":{"r":334.85,"o":75,"n":"CVE L09P03-1 LEISMER 1-26-76-6","u":"23/01-26-076-06W4/2","f":934,"y":2024,"d":1710}},{"type":"Feature","geometry":{"type":"Point","coordinates":[-110.54444,54.56099]},"properties":{"r":260.94,"o":295,"n":"SRL D41L TUCKLK 2-28-64-4","u":"23/02-28-064-04W4/0","f":1724,"y":2024,"d":1542}},{"type":"Feature","geometry":{"type":"Point","coordinates":[-111.47938,55.79659]},"properties":{"r":306.31,"o":34,"n":"ATH L6N4A LEISMER 4-34-78-10","u":"23/04-34-078-10W4/0","f":2782,"y":2021,"d":1565}},{"type":"Feature","geometry":{"type":"Point","coordinates":[-110.91943,56.41325]},"properties":{"r":188.13,"o":80,"n":"CNOOC 04P05 REDRILL NEWBY 6-32-85-6","u":"23/06-32-085-06W4/2","f":2026,"y":2019,"d":1224}},{"type":"Feature","geometry":{"type":"Point","coordinates":[-110.96725,56.41273]},"properties":{"r":199.64,"o":80,"n":"NEXEN OPTI 07P02 NEWBY 6-36-85-7","u":"23/06-36-085-07W4/0","f":2026,"y":2005,"d":1309}},{"type":"Feature","geometry":{"type":"Point","coordinates":[-110.84457,55.58265]},"properties":{"r":131.27,"o":75,"n":"CVE FCCL B01P02-1 LEISMER 7-15-76-6","u":"23/07-15-076-06W4/2","f":934,"y":2018,"d":1647}},{"type":"Feature","geometry":{"type":"Point","coordinates":[-110.42464,55.07421]},"properties":{"r":231.63,"o":75,"n":"CVE FCCL E24P08-1 FISHER 7-20-70-3","u":"23/07-20-070-03W4/0","f":10927,"y":2016,"d":1859}},{"type":"Feature","geometry":{"type":"Point","coordinates":[-111.07546,55.52633]},"properties":{"r":548.93,"o":67,"n":"CNRL TT7P CONKLIN 7-30-75-7","u":"23/07-30-075-07W4/0","f":3346,"y":2024,"d":1627}},{"type":"Feature","geometry":{"type":"Point","coordinates":[-110.38444,54.5369]},"properties":{"r":491.78,"o":295,"n":"SRL P106 P5R ETHELLK 8-16-64-3","u":"23/08-16-064-03W4/0","f":2122,"y":2025,"d":1475}},{"type":"Feature","geometry":{"type":"Point","coordinates":[-111.04712,55.52548]},"properties":{"r":514.17,"o":67,"n":"CNRL MM1P CONKLIN 8-29-75-7","u":"23/08-29-075-07W4/0","f":3346,"y":2018,"d":1566}},{"type":"Feature","geometry":{"type":"Point","coordinates":[-110.82348,55.56999]},"properties":{"r":282.43,"o":75,"n":"CVE J01P07-1 LEISMER 11-11-76-6","u":"23/11-11-076-06W4/3","f":934,"y":2024,"d":2273}},{"type":"Feature","geometry":{"type":"Point","coordinates":[-111.10774,57.24494]},"properties":{"r":244.51,"o":75,"n":"CVE CP01-1 STEEPBK 11-17-95-7","u":"23/11-17-095-07W4/0","f":5519,"y":2023,"d":1218}},{"type":"Feature","geometry":{"type":"Point","coordinates":[-110.80282,55.55833]},"properties":{"r":916.84,"o":75,"n":"CVE J09P03-1 KIRBY 12-1-76-6","u":"23/12-01-076-06W4/0","f":934,"y":2025,"d":2527}},{"type":"Feature","geometry":{"type":"Point","coordinates":[-110.4298,54.698]},"properties":{"r":2019.4,"o":153,"n":"IMP 22 S01-P16 LEMING 12-8-66-3","u":"23/12-08-066-03W4/0","f":3827,"y":2022,"d":1660}},{"type":"Feature","geometry":{"type":"Point","coordinates":[-111.91935,57.05762]},"properties":{"r":102.46,"o":299,"n":"SUNCOR 750P2 DOVER 15-7-93-12","u":"23/15-07-093-12W4/0","f":926,"y":2013,"d":1414}},{"type":"Feature","geometry":{"type":"Point","coordinates":[-110.8088,55.60677]},"properties":{"r":289.16,"o":75,"n":"CVE L09P05-1 LEISMER 1-26-76-6","u":"24/01-26-076-06W4/0","f":934,"y":2024,"d":1535}},{"type":"Feature","geometry":{"type":"Point","coordinates":[-110.54438,54.56011]},"properties":{"r":310.05,"o":295,"n":"SRL D40L TUCKLK 2-28-64-4","u":"24/02-28-064-04W4/0","f":1724,"y":2024,"d":1569}},{"type":"Feature","geometry":{"type":"Point","coordinates":[-110.88402,55.55043]},"properties":{"r":187.83,"o":67,"n":"CNRL F11P LEISMER 4-4-76-6","u":"24/04-04-076-06W4/0","f":2037,"y":2019,"d":1635}},{"type":"Feature","geometry":{"type":"Point","coordinates":[-111.47775,55.79649]},"properties":{"r":291.89,"o":34,"n":"ATHABASCA L6N3 LEISMER 4-34-78-10","u":"24/04-34-078-10W4/0","f":2782,"y":2022,"d":1556}},{"type":"Feature","geometry":{"type":"Point","coordinates":[-110.91802,56.41197]},"properties":{"r":493.69,"o":80,"n":"CNOOC 04P06 REDRILL NEWBY 6-32-85-6","u":"24/06-32-085-06W4/0","f":2026,"y":2019,"d":1204}},{"type":"Feature","geometry":{"type":"Point","coordinates":[-110.97292,56.41273]},"properties":{"r":100.51,"o":80,"n":"NEU CNOOC 08P04 INF NEWBY 6-36-85-7","u":"24/06-36-085-07W4/0","f":2026,"y":2017,"d":1324}},{"type":"Feature","geometry":{"type":"Point","coordinates":[-111.07422,55.52634]},"properties":{"r":488.28,"o":67,"n":"CNRL TT8P CONKLIN 7-30-75-7","u":"24/07-30-075-07W4/0","f":3346,"y":2024,"d":1685}},{"type":"Feature","geometry":{"type":"Point","coordinates":[-110.84379,55.5874]},"properties":{"r":154.56,"o":75,"n":"CVE B02W03-1 LEISMER 10-15-76-6","u":"24/10-15-076-06W4/0","f":934,"y":2023,"d":1620}},{"type":"Feature","geometry":{"type":"Point","coordinates":[-111.1064,57.2449]},"properties":{"r":673.55,"o":75,"n":"CVE CP02-1 STEEPBK 11-17-95-7","u":"24/11-17-095-07W4/0","f":5519,"y":2024,"d":1210}},{"type":"Feature","geometry":{"type":"Point","coordinates":[-110.8042,55.55873]},"properties":{"r":1178.94,"o":75,"n":"CVE J09P04-1 KIRBY 12-1-76-6","u":"24/12-01-076-06W4/0","f":934,"y":2025,"d":2462}},{"type":"Feature","geometry":{"type":"Point","coordinates":[-110.42879,54.69751]},"properties":{"r":1563.12,"o":153,"n":"IMP 22 S01-P17 LEMING 12-8-66-3","u":"24/12-08-066-03W4/0","f":3827,"y":2022,"d":1656}},{"type":"Feature","geometry":{"type":"Point","coordinates":[-111.18373,55.45806]},"properties":{"r":198.38,"o":67,"n":"CNRL KN01-12P DEVENISH 13-33-74-8","u":"24/13-33-074-08W4/0","f":5737,"y":2018,"d":1861}},{"type":"Feature","geometry":{"type":"Point","coordinates":[-110.82494,55.5592]},"properties":{"r":803.12,"o":75,"n":"CVE FCCL H07P09 KIRBY 14-2-76-6","u":"24/14-02-076-06W4/2","f":934,"y":2016,"d":2118}},{"type":"Feature","geometry":{"type":"Point","coordinates":[-110.8773,55.54749]},"properties":{"r":848.56,"o":67,"n":"CNRL B6P RD LEISMER 14-33-75-6","u":"24/14-33-075-06W4/0","f":2037,"y":2024,"d":1659}},{"type":"Feature","geometry":{"type":"Point","coordinates":[-111.92354,57.05719]},"properties":{"r":442.26,"o":299,"n":"SUNCOR P751P5 DOVER 15-7-93-12","u":"24/15-07-093-12W4/0","f":926,"y":2013,"d":1398}},{"type":"Feature","geometry":{"type":"Point","coordinates":[-110.52181,55.06731]},"properties":{"r":216.94,"o":75,"n":"CVE GP3-1 FISHER 15-15-70-4","u":"24/15-15-070-04W4/9","f":10927,"y":2021,"d":1591}},{"type":"Feature","geometry":{"type":"Point","coordinates":[-111.73436,56.11448]},"properties":{"r":114.29,"o":84,"n":"CLC 203 INF07 DIVIDE 16-13-82-12","u":"24/16-13-082-12W4/0","f":3166,"y":2020,"d":1401}},{"type":"Feature","geometry":{"type":"Point","coordinates":[-110.42183,55.05482]},"properties":{"r":307.49,"o":75,"n":"CVE E15P11-3 FISHER 2-17-70-3","u":"25/02-17-070-03W4/0","f":10927,"y":2025,"d":2394}},{"type":"Feature","geometry":{"type":"Point","coordinates":[-110.54438,54.55919]},"properties":{"r":367.83,"o":295,"n":"SRL D39L TUCKLK 2-28-64-4","u":"25/02-28-064-04W4/2","f":1724,"y":2024,"d":1632}},{"type":"Feature","geometry":{"type":"Point","coordinates":[-111.47613,55.79651]},"properties":{"r":501.28,"o":34,"n":"ATHABASCA L6N2 LEISMER 4-34-78-10","u":"25/04-34-078-10W4/0","f":2782,"y":2022,"d":1610}},{"type":"Feature","geometry":{"type":"Point","coordinates":[-110.80488,55.58313]},"properties":{"r":244.23,"o":75,"n":"CVE B07P02-1 HARDY 5-13-76-6","u":"25/05-13-076-06W4/0","f":934,"y":2021,"d":1570}},{"type":"Feature","geometry":{"type":"Point","coordinates":[-110.80126,55.58281]},"properties":{"r":104.98,"o":75,"n":"CVE F01P06-1 HARDY 6-13-76-6","u":"25/06-13-076-06W4/0","f":934,"y":2022,"d":1340}},{"type":"Feature","geometry":{"type":"Point","coordinates":[-110.91775,56.41071]},"properties":{"r":264.55,"o":80,"n":"CNOOC 04P07 INF NEWBY 6-32-85-6","u":"25/06-32-085-06W4/0","f":2026,"y":2019,"d":1215}},{"type":"Feature","geometry":{"type":"Point","coordinates":[-110.8436,55.58235]},"properties":{"r":619.84,"o":75,"n":"CVE L03P06-1 LEISMER 7-15-76-6","u":"25/07-15-076-06W4/0","f":934,"y":2023,"d":1710}},{"type":"Feature","geometry":{"type":"Point","coordinates":[-111.04712,55.5268]},"properties":{"r":383.38,"o":67,"n":"CNRL MM3P CONKLIN 9-29-75-7","u":"25/09-29-075-07W4/0","f":3346,"y":2018,"d":1646}},{"type":"Feature","geometry":{"type":"Point","coordinates":[-110.84452,55.58547]},"properties":{"r":656.57,"o":75,"n":"CVE L03P09-1 LEISMER 10-15-76-6","u":"25/10-15-076-06W4/0","f":934,"y":2024,"d":1530}},{"type":"Feature","geometry":{"type":"Point","coordinates":[-111.10882,57.2449]},"properties":{"r":692.28,"o":75,"n":"CVE BP07-1 STEEPBK 11-17-95-7","u":"25/11-17-095-07W4/2","f":5519,"y":2025,"d":1334}},{"type":"Feature","geometry":{"type":"Point","coordinates":[-110.80242,55.55864]},"properties":{"r":2660.17,"o":75,"n":"CVE B15P05-1 KIRBY 12-1-76-6","u":"25/12-01-076-06W4/0","f":934,"y":2026,"d":1951}},{"type":"Feature","geometry":{"type":"Point","coordinates":[-111.92215,57.05716]},"properties":{"r":203.01,"o":299,"n":"SUNCOR P751P6 DOVER 15-7-93-12","u":"25/15-07-093-12W4/0","f":926,"y":2013,"d":1415}},{"type":"Feature","geometry":{"type":"Point","coordinates":[-110.84283,55.57536]},"properties":{"r":812.66,"o":75,"n":"CVE H01P04-1 LEISMER 15-10-76-6","u":"25/15-10-076-06W4/2","f":934,"y":2023,"d":1633}},{"type":"Feature","geometry":{"type":"Point","coordinates":[-111.47756,55.79591]},"properties":{"r":163.98,"o":34,"n":"ATHABASCA L1N3R LEISMER 4-34-78-10","u":"26/04-34-078-10W4/2","f":2782,"y":2015,"d":2325}},{"type":"Feature","geometry":{"type":"Point","coordinates":[-110.84455,55.58139]},"properties":{"r":593.59,"o":75,"n":"CVE B01W03-1 LEISMER 7-15-76-6","u":"26/07-15-076-06W4/0","f":934,"y":2024,"d":1534}},{"type":"Feature","geometry":{"type":"Point","coordinates":[-111.04712,55.5261]},"properties":{"r":467.96,"o":67,"n":"CNRL MM2P CONKLIN 10-29-75-7","u":"26/08-29-075-07W4/2","f":3346,"y":2018,"d":1600}},{"type":"Feature","geometry":{"type":"Point","coordinates":[-110.83966,55.5584]},"properties":{"r":163.89,"o":75,"n":"CVE H07P01-1 KIRBY 9-3-76-6","u":"26/09-03-076-06W4/0","f":934,"y":2024,"d":1548}},{"type":"Feature","geometry":{"type":"Point","coordinates":[-111.04712,55.52744]},"properties":{"r":357.49,"o":67,"n":"CNRL MM4P CONKLIN 9-29-75-7","u":"26/09-29-075-07W4/0","f":3346,"y":2018,"d":1696}},{"type":"Feature","geometry":{"type":"Point","coordinates":[-110.8453,55.58567]},"properties":{"r":544.13,"o":75,"n":"CVE B02P02-2 LEISMER 10-15-76-6","u":"26/10-15-076-06W4/0","f":934,"y":2025,"d":1457}},{"type":"Feature","geometry":{"type":"Point","coordinates":[-110.82572,55.57915]},"properties":{"r":111.85,"o":75,"n":"CVE B11P01-1 LEISMER 3-14-76-6","u":"27/03-14-076-06W4/0","f":934,"y":2019,"d":1566}},{"type":"Feature","geometry":{"type":"Point","coordinates":[-111.47589,55.79587]},"properties":{"r":329.73,"o":34,"n":"ATHABASCA L1N2R LEISMER 4-34-78-10","u":"27/04-34-078-10W4/2","f":2782,"y":2015,"d":2369}},{"type":"Feature","geometry":{"type":"Point","coordinates":[-111.04496,55.52328]},"properties":{"r":1124.95,"o":67,"n":"CNRL AA3P RD CONKLIN 8-29-75-7","u":"27/08-29-075-07W4/0","f":3346,"y":2025,"d":2434}},{"type":"Feature","geometry":{"type":"Point","coordinates":[-110.42867,55.05555]},"properties":{"r":162.57,"o":75,"n":"CVE FCCL E12P02-2 FISHER 3-17-70-3","u":"28/03-17-070-03W4/0","f":10927,"y":2017,"d":1535}},{"type":"Feature","geometry":{"type":"Point","coordinates":[-110.88346,55.54933]},"properties":{"r":141.14,"o":67,"n":"CNRL C5P RD LEISMER 4-4-76-6","u":"28/04-04-076-06W4/0","f":2037,"y":2022,"d":1559}},{"type":"Feature","geometry":{"type":"Point","coordinates":[-111.4792,55.79606]},"properties":{"r":170.79,"o":34,"n":"ATHABASCA L1N4R LEISMER 4-34-78-10","u":"28/04-34-078-10W4/2","f":2782,"y":2015,"d":2317}},{"type":"Feature","geometry":{"type":"Point","coordinates":[-111.04609,55.52604]},"properties":{"r":2081.44,"o":67,"n":"CNRL DD3P RE CONKLIN 8-29-75-7","u":"28/08-29-075-07W4/2","f":3346,"y":2009,"d":2451}},{"type":"Feature","geometry":{"type":"Point","coordinates":[-110.8213,55.5614]},"properties":{"r":1136.61,"o":75,"n":"CVE FCCL H09P01 KIRBY 14-2-76-6","u":"28/14-02-076-06W4/0","f":934,"y":2016,"d":2217}},{"type":"Feature","geometry":{"type":"Point","coordinates":[-111.91863,57.05943]},"properties":{"r":277.67,"o":299,"n":"SUNCOR 824P1 DOVER 15-7-93-12","u":"28/15-07-093-12W4/0","f":926,"y":2015,"d":1406}},{"type":"Feature","geometry":{"type":"Point","coordinates":[-111.1636,55.47899]},"properties":{"r":770.58,"o":67,"n":"CNRL KN03-12P RE DEVENISH 3-10-75-8","u":"29/03-10-075-08W4/2","f":5737,"y":2018,"d":1955}},{"type":"Feature","geometry":{"type":"Point","coordinates":[-110.88458,55.54964]},"properties":{"r":780.79,"o":67,"n":"CNRL C6P RD LEISMER 4-4-76-6","u":"29/04-04-076-06W4/0","f":2037,"y":2025,"d":1554}},{"type":"Feature","geometry":{"type":"Point","coordinates":[-111.47463,55.79598]},"properties":{"r":346.74,"o":34,"n":"ATHABASCA L1N1R LEISMER 4-34-78-10","u":"29/04-34-078-10W4/2","f":2782,"y":2015,"d":2465}},{"type":"Feature","geometry":{"type":"Point","coordinates":[-111.91867,57.05854]},"properties":{"r":201.11,"o":299,"n":"SUNCOR 824P2 DOVER 15-7-93-12","u":"29/15-07-093-12W4/0","f":926,"y":2015,"d":1325}},{"type":"Feature","geometry":{"type":"Point","coordinates":[-110.84528,55.58069]},"properties":{"r":170.89,"o":75,"n":"CVE B01W04-1 LEISMER 2-15-76-6","u":"30/02-15-076-06W4/2","f":934,"y":2024,"d":1530}},{"type":"Feature","geometry":{"type":"Point","coordinates":[-110.84461,55.57866]},"properties":{"r":728.48,"o":75,"n":"CVE B01W06-1 LEISMER 2-15-76-6","u":"32/02-15-076-06W4/0","f":934,"y":2024,"d":1654}},{"type":"Feature","geometry":{"type":"Point","coordinates":[-111.04609,55.52661]},"properties":{"r":1388.6,"o":67,"n":"CNRL DD4P RE CONKLIN 9-29-75-7","u":"32/09-29-075-07W4/2","f":3346,"y":2009,"d":2442}},{"type":"Feature","geometry":{"type":"Point","coordinates":[-110.81982,55.56101]},"properties":{"r":552.75,"o":75,"n":"CVE FCCL H09P02 KIRBY 15-2-76-6","u":"32/15-02-076-06W4/0","f":934,"y":2016,"d":2249}},{"type":"Feature","geometry":{"type":"Point","coordinates":[-110.84395,55.57887]},"properties":{"r":1003.41,"o":75,"n":"CVE L03P04-1 LEISMER 2-15-76-6","u":"33/02-15-076-06W4/0","f":934,"y":2024,"d":2075}},{"type":"Feature","geometry":{"type":"Point","coordinates":[-110.40894,55.06441]},"properties":{"r":168.15,"o":75,"n":"CVE E12W02-1 FISHER 13-16-70-3","u":"33/13-16-070-03W4/0","f":10927,"y":2024,"d":1533}},{"type":"Feature","geometry":{"type":"Point","coordinates":[-110.82167,55.56192]},"properties":{"r":585.66,"o":75,"n":"CVE B07P12-1 KIRBY 14-2-76-6","u":"33/14-02-076-06W4/0","f":934,"y":2022,"d":1568}},{"type":"Feature","geometry":{"type":"Point","coordinates":[-110.81843,55.56061]},"properties":{"r":955.23,"o":75,"n":"CVE FCCL H09P03 KIRBY 15-2-76-6","u":"33/15-02-076-06W4/2","f":934,"y":2016,"d":2274}},{"type":"Feature","geometry":{"type":"Point","coordinates":[-110.84199,55.5782]},"properties":{"r":628.98,"o":75,"n":"CVE L03P02-1 LEISMER 2-15-76-6","u":"34/02-15-076-06W4/0","f":934,"y":2024,"d":2112}},{"type":"Feature","geometry":{"type":"Point","coordinates":[-110.82655,55.55962]},"properties":{"r":785.45,"o":75,"n":"CVE H07P08-1 KIRBY 14-2-76-6","u":"34/14-02-076-06W4/0","f":934,"y":2024,"d":2060}},{"type":"Feature","geometry":{"type":"Point","coordinates":[-110.81687,55.56023]},"properties":{"r":700.96,"o":75,"n":"CVE FCCL H09P04 KIRBY 15-2-76-6","u":"34/15-02-076-06W4/2","f":934,"y":2016,"d":2332}},{"type":"Feature","geometry":{"type":"Point","coordinates":[-110.84319,55.5782]},"properties":{"r":1022.11,"o":75,"n":"CVE L03P03-1 LEISMER 2-15-76-6","u":"35/02-15-076-06W4/0","f":934,"y":2024,"d":2125}},{"type":"Feature","geometry":{"type":"Point","coordinates":[-110.81553,55.55986]},"properties":{"r":840.63,"o":75,"n":"CVE FCCL H09P05 KIRBY 15-2-76-6","u":"35/15-02-076-06W4/0","f":934,"y":2016,"d":2398}},{"type":"Feature","geometry":{"type":"Point","coordinates":[-110.84408,55.58028]},"properties":{"r":558.05,"o":75,"n":"CVE L03P05-1 LEISMER 2-15-76-6","u":"36/02-15-076-06W4/0","f":934,"y":2024,"d":1921}},{"type":"Feature","geometry":{"type":"Point","coordinates":[-110.84502,55.57782]},"properties":{"r":184.44,"o":75,"n":"CVE B01P07-2 LEISMER 2-15-76-6","u":"37/02-15-076-06W4/0","f":934,"y":2025,"d":1742}},{"type":"Feature","geometry":{"type":"Point","coordinates":[-110.82864,55.5716]},"properties":{"r":174.19,"o":75,"n":"CVE FCCL B05P07-1 LEISMER 12-11-76-6","u":"37/12-11-076-06W4/0","f":934,"y":2017,"d":1415}},{"type":"Feature","geometry":{"type":"Point","coordinates":[-110.8169,55.56025]},"properties":{"r":126.82,"o":75,"n":"CVE B07P17-1 KIRBY 15-2-76-6","u":"40/15-02-076-06W4/0","f":934,"y":2023,"d":1684}},{"type":"Feature","geometry":{"type":"Point","coordinates":[-110.83332,55.57292]},"properties":{"r":113.11,"o":75,"n":"CVE B08P09-2 LEISMER 12-11-76-6","u":"41/12-11-076-06W4/0","f":934,"y":2023,"d":1515}},{"type":"Feature","geometry":{"type":"Point","coordinates":[-110.83146,55.5703]},"properties":{"r":229.49,"o":75,"n":"CVE H01P07-1 LEISMER 12-11-76-6","u":"42/12-11-076-06W4/0","f":934,"y":2023,"d":2454}},{"type":"Feature","geometry":{"type":"Point","coordinates":[-110.36015,54.58798]},"properties":{"r":122.15,"o":153,"n":"IMP V04-H27 COLD LK 1-3-65-3","u":"S0/01-03-065-03W4/0","f":3127,"y":2019,"d":1680}},{"type":"Feature","geometry":{"type":"Point","coordinates":[-110.92987,56.42094]},"properties":{"r":118.79,"o":80,"n":"CNOOC 02P02 NEWBY 1-6-86-6","u":"S0/01-06-086-06W4/0","f":2026,"y":2004,"d":1258}},{"type":"Feature","geometry":{"type":"Point","coordinates":[-110.45644,54.18057]},"properties":{"r":123.64,"o":66,"n":"CALTEX TRILOGY HZ CHARLK 1-13-60-4","u":"S0/01-13-060-04W4/2","f":10311,"y":2025,"d":1981}},{"type":"Feature","geometry":{"type":"Point","coordinates":[-110.80045,56.1881]},"properties":{"r":984.61,"o":85,"n":"COPRC 2673P05 NEWBY 1-13-83-6","u":"S0/01-13-083-06W4/0","f":3130,"y":2022,"d":1886}},{"type":"Feature","geometry":{"type":"Point","coordinates":[-111.83824,56.10083]},"properties":{"r":399.4,"o":84,"n":"CLC 104 INF07 DIVIDE 1-17-82-12","u":"S0/01-17-082-12W4/0","f":3165,"y":2025,"d":2079}},{"type":"Feature","geometry":{"type":"Point","coordinates":[-116.66402,56.30477]},"properties":{"r":202.41,"o":67,"n":"CNUL HZ CADOTTE 1-30-84-17","u":"S0/01-30-084-17W5/0","f":10585,"y":2025,"d":2397}},{"type":"Feature","geometry":{"type":"Point","coordinates":[-110.58654,55.63553]},"properties":{"r":896.23,"o":75,"n":"MEG MD6P HARDY 2-5-77-4","u":"S0/02-05-077-04W4/0","f":1892,"y":2024,"d":1986}},{"type":"Feature","geometry":{"type":"Point","coordinates":[-113.42948,55.75188]},"properties":{"r":278.2,"o":67,"n":"CNRL DWP27-SM1 DRIFTW 2-13-78-23","u":"S0/02-13-078-23W4/2","f":10772,"y":2025,"d":2264}},{"type":"Feature","geometry":{"type":"Point","coordinates":[-110.93774,54.35526]},"properties":{"r":504.95,"o":67,"n":"CNRL 15D HZ FORSYTH 2-14-62-7","u":"S0/02-14-062-07W4/0","f":10932,"y":2026,"d":2013}},{"type":"Feature","geometry":{"type":"Point","coordinates":[-110.82058,55.57739]},"properties":{"r":128.12,"o":75,"n":"CVE B04P05-1 LEISMER 2-14-76-6","u":"S0/02-14-076-06W4/0","f":934,"y":2021,"d":1471}},{"type":"Feature","geometry":{"type":"Point","coordinates":[-110.37191,54.58789]},"properties":{"r":116.84,"o":153,"n":"IMP 02 U02-24 COLDLK 3-3-65-3","u":"S0/03-03-065-03W4/0","f":3127,"y":2002,"d":732}},{"type":"Feature","geometry":{"type":"Point","coordinates":[-110.52753,54.67533]},"properties":{"r":116.24,"o":153,"n":"IMP 95 H25-05 COLD LK 3-3-66-4","u":"S0/03-03-066-04W4/0","f":295,"y":1995,"d":609}},{"type":"Feature","geometry":{"type":"Point","coordinates":[-111.18654,55.46088]},"properties":{"r":298.09,"o":67,"n":"CNRL KN01-06P DEVENISH 3-4-75-8","u":"S0/03-04-075-08W4/0","f":5737,"y":2018,"d":1793}},{"type":"Feature","geometry":{"type":"Point","coordinates":[-110.6192,55.63538]},"properties":{"r":772.62,"o":75,"n":"MEG MC14P HARDY 3-6-77-4","u":"S0/03-06-077-04W4/0","f":1892,"y":2024,"d":1661}},{"type":"Feature","geometry":{"type":"Point","coordinates":[-110.888,57.23546]},"properties":{"r":1249.78,"o":299,"n":"SUNCOR P131P2 3-15-95-6","u":"S0/03-15-095-06W4/0","f":1149,"y":2020,"d":1943}},{"type":"Feature","geometry":{"type":"Point","coordinates":[-110.87818,55.60638]},"properties":{"r":1564.32,"o":75,"n":"CVE M17P02 LEISMER 3-28-76-6","u":"S0/03-28-076-06W4/2","f":934,"y":2023,"d":2118}},{"type":"Feature","geometry":{"type":"Point","coordinates":[-110.84194,57.20625]},"properties":{"r":946.99,"o":299,"n":"SUNCOR SAGD 8P12 FIREBAG 4-1-95-6","u":"S0/04-01-095-06W4/0","f":1149,"y":2011,"d":1407}},{"type":"Feature","geometry":{"type":"Point","coordinates":[-110.54394,55.11157]},"properties":{"r":1461.25,"o":75,"n":"CVE N25P09 FISHER 4-3-71-4","u":"S0/04-03-071-04W4/2","f":10927,"y":2023,"d":2254}},{"type":"Feature","geometry":{"type":"Point","coordinates":[-110.89512,57.2062]},"properties":{"r":384.79,"o":299,"n":"SUNCOR P10P12 FIREBAG 4-3-95-6","u":"S0/04-03-095-06W4/0","f":1149,"y":2012,"d":1571}},{"type":"Feature","geometry":{"type":"Point","coordinates":[-111.88163,57.03179]},"properties":{"r":751.88,"o":299,"n":"SUNCOR P819P7N DOVER 4-4-93-12","u":"S0/04-04-093-12W4/0","f":926,"y":2024,"d":1789}},{"type":"Feature","geometry":{"type":"Point","coordinates":[-111.00392,56.21717]},"properties":{"r":1515.93,"o":85,"n":"COPRC 104WP01 RSDLN 4-26-83-7","u":"S0/04-26-083-07W4/2","f":3130,"y":2024,"d":2229}},{"type":"Feature","geometry":{"type":"Point","coordinates":[-110.35877,54.56995]},"properties":{"r":402.09,"o":153,"n":"IMP 13 HZ V28-H06 ETHELLK 13-26-64-3","u":"S0/13-26-064-03W4/0","f":3127,"y":2014,"d":1646}},{"type":"Feature","geometry":{"type":"Point","coordinates":[-110.60306,55.6644]},"properties":{"r":177.98,"o":75,"n":"MEG DG15P HARDY 1-18-77-4","u":"S2/01-18-077-04W4/0","f":1892,"y":2021,"d":1562}},{"type":"Feature","geometry":{"type":"Point","coordinates":[-110.95525,57.23539]},"properties":{"r":717.14,"o":299,"n":"SUNCOR P114P12 FIREBAG 1-18-95-6","u":"S2/01-18-095-06W4/0","f":1149,"y":2013,"d":1570}},{"type":"Feature","geometry":{"type":"Point","coordinates":[-110.98977,55.51909]},"properties":{"r":159.59,"o":67,"n":"CNRL EE7P CONKLIN 1-27-75-7","u":"S2/01-27-075-07W4/0","f":5101,"y":2013,"d":1598}},{"type":"Feature","geometry":{"type":"Point","coordinates":[-111.89394,57.06092]},"properties":{"r":1298.68,"o":299,"n":"SUNCOR P826P2 DOVER 2-17-93-12","u":"S2/02-17-093-12W4/0","f":926,"y":2023,"d":1687}},{"type":"Feature","geometry":{"type":"Point","coordinates":[-110.62108,55.63546]},"properties":{"r":599.29,"o":75,"n":"MEG MC12P HARDY 4-6-77-4","u":"S2/04-06-077-04W4/2","f":1892,"y":2024,"d":1682}},{"type":"Feature","geometry":{"type":"Point","coordinates":[-110.85219,55.66464]},"properties":{"r":2842.26,"o":75,"n":"CVE X01P02 LEISMER 3-15-77-6","u":"S3/03-15-077-06W4/0","f":934,"y":2024,"d":2074}},{"type":"Feature","geometry":{"type":"Point","coordinates":[-110.80744,55.54832]},"properties":{"r":1402.98,"o":75,"n":"CVE B19P06-1 KIRBY 4-1-76-6","u":"S3/04-01-076-06W4/0","f":934,"y":2021,"d":2718}},{"type":"Feature","geometry":{"type":"Point","coordinates":[-110.62018,55.63546]},"properties":{"r":564.34,"o":75,"n":"MEG MC13P HARDY 4-6-77-4","u":"S3/04-06-077-04W4/2","f":1892,"y":2024,"d":1663}},{"type":"Feature","geometry":{"type":"Point","coordinates":[-110.57038,55.11454]},"properties":{"r":1503.72,"o":75,"n":"CVE N23P10 FISHER 4-4-71-4","u":"W0/04-04-071-04W4/2","f":10927,"y":2023,"d":1869}},{"type":"Feature","geometry":{"type":"Point","coordinates":[-111.88334,57.06153]},"properties":{"r":396.63,"o":299,"n":"SUNCOR OO(P)-13 DOVER 4-16-93-12","u":"W0/04-16-093-12W4/2","f":926,"y":2009,"d":1189}},{"type":"Feature","geometry":{"type":"Point","coordinates":[-110.36177,54.80702]},"properties":{"r":105.61,"o":67,"n":"CNRL 3A95 PRIMROSE 4-23-67-3","u":"W0/04-23-067-03W4/0","f":11042,"y":2011,"d":2213}},{"type":"Feature","geometry":{"type":"Point","coordinates":[-110.33598,54.82382]},"properties":{"r":109.27,"o":67,"n":"CNRL 6A91 PRIMROSE 4-25-67-3","u":"W0/04-25-067-03W4/0","f":11042,"y":2011,"d":2312}},{"type":"Feature","geometry":{"type":"Point","coordinates":[-110.565,55.10003]},"properties":{"r":2380.77,"o":75,"n":"CVE N13P07 FISHER 4-33-70-4","u":"W0/04-33-070-04W4/0","f":10927,"y":2022,"d":2558}},{"type":"Feature","geometry":{"type":"Point","coordinates":[-110.38668,55.09789]},"properties":{"r":548.34,"o":75,"n":"CVE E28P07 FISHER 4-34-70-3","u":"W0/04-34-070-03W4/2","f":10927,"y":2023,"d":2551}},{"type":"Feature","geometry":{"type":"Point","coordinates":[-110.47581,53.80609]},"properties":{"r":128.42,"o":67,"n":"CNRL 5D HZ LIND 5-1-56-4","u":"W0/05-01-056-04W4/4","f":10369,"y":2025,"d":2202}},{"type":"Feature","geometry":{"type":"Point","coordinates":[-110.38374,54.59397]},"properties":{"r":109.0,"o":153,"n":"IMP 01 U03-23 COLDLK 5-3-65-3","u":"W0/05-03-065-03W4/0","f":3127,"y":2002,"d":712}},{"type":"Feature","geometry":{"type":"Point","coordinates":[-110.87503,56.25281]},"properties":{"r":755.3,"o":85,"n":"COPRC HZ 2621P09 NEWBY 5-3-84-6","u":"W0/05-03-084-06W4/0","f":3130,"y":2014,"d":1637}},{"type":"Feature","geometry":{"type":"Point","coordinates":[-110.92763,56.44199]},"properties":{"r":218.38,"o":80,"n":"NEXEN OPTI 12P02 NEWBY 5-8-86-6","u":"W0/05-08-086-06W4/0","f":2026,"y":2011,"d":1034}},{"type":"Feature","geometry":{"type":"Point","coordinates":[-110.43752,55.07317]},"properties":{"r":1007.16,"o":75,"n":"CVE E05P03 FISHER 5-20-70-3","u":"W0/05-20-070-03W4/2","f":10927,"y":2024,"d":2615}},{"type":"Feature","geometry":{"type":"Point","coordinates":[-110.71722,55.07211]},"properties":{"r":912.17,"o":75,"n":"CVE FCCL W29P01 FISHER 5-21-70-5","u":"W0/05-21-070-05W4/2","f":10927,"y":2018,"d":2322}},{"type":"Feature","geometry":{"type":"Point","coordinates":[-110.88528,55.59611]},"properties":{"r":1394.39,"o":75,"n":"CVE M01P03 LEISMER 5-21-76-6","u":"W0/05-21-076-06W4/2","f":934,"y":2023,"d":2090}},{"type":"Feature","geometry":{"type":"Point","coordinates":[-116.61008,56.30984]},"properties":{"r":102.96,"o":67,"n":"CNUL HZ CADOTTE 5-27-84-17","u":"W0/05-27-084-17W5/0","f":2961,"y":2023,"d":2405}},{"type":"Feature","geometry":{"type":"Point","coordinates":[-110.43429,54.71314]},"properties":{"r":1405.31,"o":153,"n":"IMP 22 S01-P11 LEMING 12-17-66-3","u":"W0/12-17-066-03W4/0","f":3827,"y":2022,"d":1654}},{"type":"Feature","geometry":{"type":"Point","coordinates":[-116.6101,56.31304]},"properties":{"r":243.98,"o":67,"n":"CNUL 105 HZ CADOTTE 12-27-84-17","u":"W0/12-27-084-17W5/0","f":2961,"y":2025,"d":2387}},{"type":"Feature","geometry":{"type":"Point","coordinates":[-110.38388,54.58384]},"properties":{"r":133.6,"o":153,"n":"IMP 01 V01-04 COLDLK 12-34-64-3","u":"W0/12-34-064-03W4/0","f":3127,"y":2002,"d":669}},{"type":"Feature","geometry":{"type":"Point","coordinates":[-110.98024,56.43229]},"properties":{"r":663.24,"o":80,"n":"CNOOC 19P01 NEWBY 13-1-86-7","u":"W0/13-01-086-07W4/0","f":2026,"y":2023,"d":1974}},{"type":"Feature","geometry":{"type":"Point","coordinates":[-111.88356,57.05982]},"properties":{"r":140.7,"o":299,"n":"SUNCOR OO(P)-11 DOVER 13-9-93-12","u":"W0/13-09-093-12W4/0","f":926,"y":2009,"d":1061}},{"type":"Feature","geometry":{"type":"Point","coordinates":[-111.11709,57.24635]},"properties":{"r":436.41,"o":75,"n":"CVE BA02-1 STEEPBK 13-17-95-7","u":"W0/13-17-095-07W4/2","f":5519,"y":2023,"d":1355}},{"type":"Feature","geometry":{"type":"Point","coordinates":[-110.38667,55.08188]},"properties":{"r":207.21,"o":75,"n":"CVE  E22P03-1 FISHER 13-22-70-3","u":"W0/13-22-070-03W4/0","f":10927,"y":2025,"d":1654}},{"type":"Feature","geometry":{"type":"Point","coordinates":[-111.18608,55.4604]},"properties":{"r":113.64,"o":67,"n":"CNRL KN01-07P DEVENISH 13-33-74-8","u":"W0/13-33-074-08W4/0","f":5737,"y":2018,"d":1787}},{"type":"Feature","geometry":{"type":"Point","coordinates":[-113.37257,55.98333]},"properties":{"r":114.64,"o":67,"n":"CNRL SBP12-16D BRINT 13-34-80-22","u":"W0/13-34-080-22W4/0","f":4628,"y":2018,"d":2325}},{"type":"Feature","geometry":{"type":"Point","coordinates":[-110.88548,55.59318]},"properties":{"r":1523.89,"o":75,"n":"CVE M01P06 LEISMER 4-21-76-6","u":"W2/04-21-076-06W4/3","f":934,"y":2023,"d":1817}},{"type":"Feature","geometry":{"type":"Point","coordinates":[-110.56482,55.0991]},"properties":{"r":2916.85,"o":75,"n":"CVE N13P06 FISHER 4-33-70-4","u":"W2/04-33-070-04W4/0","f":10927,"y":2022,"d":2561}},{"type":"Feature","geometry":{"type":"Point","coordinates":[-110.74295,55.05745]},"properties":{"r":1118.24,"o":75,"n":"CVE FCCL W33P02 FISHER 5-17-70-5","u":"W2/05-17-070-05W4/0","f":10927,"y":2018,"d":1851}},{"type":"Feature","geometry":{"type":"Point","coordinates":[-116.61012,56.30942]},"properties":{"r":187.79,"o":67,"n":"CNUL 106 HZ CADOTTE 5-27-84-17","u":"W2/05-27-084-17W5/0","f":2961,"y":2025,"d":2558}},{"type":"Feature","geometry":{"type":"Point","coordinates":[-110.7821,55.47318]},"properties":{"r":2646.54,"o":67,"n":"CNRL PK101-11P KIRBY 13-6-75-5","u":"W2/13-06-075-05W4/0","f":5101,"y":2024,"d":2473}},{"type":"Feature","geometry":{"type":"Point","coordinates":[-111.88328,57.05734]},"properties":{"r":336.02,"o":299,"n":"SUNCOR OO(P)-8 DOVER 13-9-93-12","u":"W2/13-09-093-12W4/0","f":926,"y":2009,"d":1021}},{"type":"Feature","geometry":{"type":"Point","coordinates":[-110.85972,55.6057]},"properties":{"r":1025.76,"o":75,"n":"CVE L19P03 LEISMER 13-22-76-6","u":"W2/13-22-076-06W4/2","f":934,"y":2021,"d":2135}},{"type":"Feature","geometry":{"type":"Point","coordinates":[-111.88344,57.03332]},"properties":{"r":811.8,"o":299,"n":"SUNCOR P819P9N DOVER 4-4-93-12","u":"W3/04-04-093-12W4/0","f":926,"y":2024,"d":1841}},{"type":"Feature","geometry":{"type":"Point","coordinates":[-110.81904,57.22499]},"properties":{"r":904.41,"o":299,"n":"SUNCOR P1P5B FIREBAG 5-7-95-5","u":"W3/05-07-095-05W4/2","f":1149,"y":2002,"d":1404}},{"type":"Feature","geometry":{"type":"Point","coordinates":[-110.67833,55.67817]},"properties":{"r":107.97,"o":75,"n":"MEG DB1P HARDY 13-14-77-5","u":"W3/13-14-077-05W4/0","f":1892,"y":2017,"d":1930}},{"type":"Feature","geometry":{"type":"Point","coordinates":[-110.85963,55.60283]},"properties":{"r":567.95,"o":75,"n":"CVE L04P13 LEISMER 13-22-76-6","u":"W3/13-22-076-06W4/0","f":934,"y":2022,"d":1945}},{"type":"Feature","geometry":{"type":"Point","coordinates":[-110.76805,55.04715]},"properties":{"r":524.15,"o":75,"n":"CVE W32P04-1 FISHER 12-7-70-5","u":"W4/12-07-070-05W4/0","f":10927,"y":2024,"d":1818}},{"type":"Feature","geometry":{"type":"Point","coordinates":[-110.56465,55.09828]},"properties":{"r":953.62,"o":75,"n":"CVE N13P05-1 FISHER 4-33-70-4","u":"W5/04-33-070-04W4/0","f":10927,"y":2024,"d":2623}},{"type":"Feature","geometry":{"type":"Point","coordinates":[-110.76838,55.04805]},"properties":{"r":567.19,"o":75,"n":"CVE W32P03-1 FISHER 12-7-70-5","u":"W5/12-07-070-05W4/0","f":10927,"y":2025,"d":1834}},{"type":"Feature","geometry":{"type":"Point","coordinates":[-110.74263,55.05719]},"properties":{"r":181.25,"o":75,"n":"CVE W30P07-2 FISHER 5-17-70-5","u":"W6/05-17-070-05W4/0","f":10927,"y":2025,"d":1930}}]}