{"type":"FeatureCollection","features":[{"type":"Feature","geometry":{"type":"Point","coordinates":[-112.8,49.0]},"properties":{"r":0.08,"w":7,"o":268}},{"type":"Feature","geometry":{"type":"Point","coordinates":[-112.2,49.0]},"properties":{"r":0.0,"w":1,"o":253}},{"type":"Feature","geometry":{"type":"Point","coordinates":[-112.1,49.0]},"properties":{"r":0.01,"w":2,"o":253}},{"type":"Feature","geometry":{"type":"Point","coordinates":[-111.5,49.0]},"properties":{"r":0.0,"w":1,"o":316}},{"type":"Feature","geometry":{"type":"Point","coordinates":[-111.4,49.0]},"properties":{"r":0.0,"w":1,"o":316}},{"type":"Feature","geometry":{"type":"Point","coordinates":[-111.2,49.0]},"properties":{"r":0.04,"w":1,"o":238}},{"type":"Feature","geometry":{"type":"Point","coordinates":[-111.1,49.0]},"properties":{"r":0.3,"w":10,"o":238}},{"type":"Feature","geometry":{"type":"Point","coordinates":[-111.0,49.0]},"properties":{"r":0.12,"w":5,"o":238}},{"type":"Feature","geometry":{"type":"Point","coordinates":[-113.8,49.1]},"properties":{"r":0.02,"w":1,"o":185}},{"type":"Feature","geometry":{"type":"Point","coordinates":[-113.7,49.1]},"properties":{"r":0.07,"w":1,"o":185}},{"type":"Feature","geometry":{"type":"Point","coordinates":[-112.6,49.1]},"properties":{"r":0.07,"w":8,"o":7}},{"type":"Feature","geometry":{"type":"Point","coordinates":[-111.2,49.1]},"properties":{"r":0.12,"w":6,"o":238}},{"type":"Feature","geometry":{"type":"Point","coordinates":[-111.0,49.1]},"properties":{"r":0.08,"w":6,"o":311}},{"type":"Feature","geometry":{"type":"Point","coordinates":[-110.9,49.1]},"properties":{"r":0.06,"w":1,"o":238}},{"type":"Feature","geometry":{"type":"Point","coordinates":[-114.0,49.2]},"properties":{"r":0.11,"w":2,"o":74}},{"type":"Feature","geometry":{"type":"Point","coordinates":[-112.7,49.2]},"properties":{"r":0.02,"w":3,"o":7}},{"type":"Feature","geometry":{"type":"Point","coordinates":[-112.3,49.2]},"properties":{"r":0.49,"w":10,"o":160}},{"type":"Feature","geometry":{"type":"Point","coordinates":[-112.2,49.2]},"properties":{"r":0.2,"w":11,"o":160}},{"type":"Feature","geometry":{"type":"Point","coordinates":[-112.1,49.2]},"properties":{"r":0.02,"w":1,"o":160}},{"type":"Feature","geometry":{"type":"Point","coordinates":[-112.0,49.2]},"properties":{"r":0.09,"w":3,"o":160}},{"type":"Feature","geometry":{"type":"Point","coordinates":[-111.3,49.2]},"properties":{"r":0.0,"w":1,"o":238}},{"type":"Feature","geometry":{"type":"Point","coordinates":[-111.2,49.2]},"properties":{"r":0.12,"w":25,"o":238}},{"type":"Feature","geometry":{"type":"Point","coordinates":[-111.1,49.2]},"properties":{"r":0.34,"w":49,"o":238}},{"type":"Feature","geometry":{"type":"Point","coordinates":[-111.0,49.2]},"properties":{"r":0.21,"w":19,"o":238}},{"type":"Feature","geometry":{"type":"Point","coordinates":[-110.9,49.2]},"properties":{"r":0.09,"w":7,"o":238}},{"type":"Feature","geometry":{"type":"Point","coordinates":[-114.2,49.3]},"properties":{"r":0.03,"w":1,"o":74}},{"type":"Feature","geometry":{"type":"Point","coordinates":[-114.1,49.3]},"properties":{"r":0.38,"w":8,"o":74}},{"type":"Feature","geometry":{"type":"Point","coordinates":[-114.0,49.3]},"properties":{"r":0.16,"w":3,"o":74}},{"type":"Feature","geometry":{"type":"Point","coordinates":[-113.9,49.3]},"properties":{"r":0.07,"w":1,"o":74}},{"type":"Feature","geometry":{"type":"Point","coordinates":[-112.7,49.3]},"properties":{"r":0.0,"w":1,"o":7}},{"type":"Feature","geometry":{"type":"Point","coordinates":[-111.9,49.3]},"properties":{"r":0.0,"w":3,"o":166}},{"type":"Feature","geometry":{"type":"Point","coordinates":[-111.8,49.3]},"properties":{"r":0.0,"w":2,"o":166}},{"type":"Feature","geometry":{"type":"Point","coordinates":[-111.4,49.3]},"properties":{"r":0.07,"w":22,"o":238}},{"type":"Feature","geometry":{"type":"Point","coordinates":[-111.3,49.3]},"properties":{"r":0.11,"w":15,"o":238}},{"type":"Feature","geometry":{"type":"Point","coordinates":[-111.2,49.3]},"properties":{"r":0.41,"w":38,"o":238}},{"type":"Feature","geometry":{"type":"Point","coordinates":[-111.1,49.3]},"properties":{"r":0.17,"w":21,"o":238}},{"type":"Feature","geometry":{"type":"Point","coordinates":[-111.0,49.3]},"properties":{"r":0.18,"w":19,"o":238}},{"type":"Feature","geometry":{"type":"Point","coordinates":[-110.6,49.3]},"properties":{"r":0.0,"w":1,"o":249}},{"type":"Feature","geometry":{"type":"Point","coordinates":[-114.2,49.4]},"properties":{"r":0.15,"w":3,"o":74}},{"type":"Feature","geometry":{"type":"Point","coordinates":[-113.3,49.4]},"properties":{"r":0.01,"w":1,"o":154}},{"type":"Feature","geometry":{"type":"Point","coordinates":[-112.8,49.4]},"properties":{"r":0.08,"w":4,"o":281}},{"type":"Feature","geometry":{"type":"Point","coordinates":[-111.9,49.4]},"properties":{"r":0.0,"w":8,"o":166}},{"type":"Feature","geometry":{"type":"Point","coordinates":[-111.8,49.4]},"properties":{"r":0.0,"w":12,"o":166}},{"type":"Feature","geometry":{"type":"Point","coordinates":[-111.5,49.4]},"properties":{"r":0.02,"w":4,"o":238}},{"type":"Feature","geometry":{"type":"Point","coordinates":[-111.4,49.4]},"properties":{"r":0.15,"w":20,"o":238}},{"type":"Feature","geometry":{"type":"Point","coordinates":[-111.3,49.4]},"properties":{"r":0.11,"w":15,"o":238}},{"type":"Feature","geometry":{"type":"Point","coordinates":[-111.2,49.4]},"properties":{"r":0.01,"w":2,"o":238}},{"type":"Feature","geometry":{"type":"Point","coordinates":[-111.1,49.4]},"properties":{"r":0.15,"w":11,"o":238}},{"type":"Feature","geometry":{"type":"Point","coordinates":[-110.8,49.4]},"properties":{"r":0.0,"w":1,"o":254}},{"type":"Feature","geometry":{"type":"Point","coordinates":[-110.6,49.4]},"properties":{"r":0.0,"w":1,"o":325}},{"type":"Feature","geometry":{"type":"Point","coordinates":[-112.9,49.5]},"properties":{"r":0.11,"w":7,"o":281}},{"type":"Feature","geometry":{"type":"Point","coordinates":[-112.8,49.5]},"properties":{"r":0.1,"w":9,"o":281}},{"type":"Feature","geometry":{"type":"Point","coordinates":[-112.7,49.5]},"properties":{"r":0.1,"w":5,"o":281}},{"type":"Feature","geometry":{"type":"Point","coordinates":[-112.2,49.5]},"properties":{"r":0.03,"w":15,"o":67}},{"type":"Feature","geometry":{"type":"Point","coordinates":[-112.1,49.5]},"properties":{"r":0.01,"w":6,"o":67}},{"type":"Feature","geometry":{"type":"Point","coordinates":[-111.3,49.5]},"properties":{"r":0.01,"w":1,"o":320}},{"type":"Feature","geometry":{"type":"Point","coordinates":[-111.2,49.5]},"properties":{"r":0.11,"w":3,"o":238}},{"type":"Feature","geometry":{"type":"Point","coordinates":[-113.2,49.6]},"properties":{"r":0.01,"w":1,"o":281}},{"type":"Feature","geometry":{"type":"Point","coordinates":[-113.0,49.6]},"properties":{"r":0.01,"w":3,"o":281}},{"type":"Feature","geometry":{"type":"Point","coordinates":[-112.9,49.6]},"properties":{"r":0.17,"w":28,"o":281}},{"type":"Feature","geometry":{"type":"Point","coordinates":[-112.8,49.6]},"properties":{"r":0.01,"w":2,"o":281}},{"type":"Feature","geometry":{"type":"Point","coordinates":[-112.2,49.6]},"properties":{"r":0.13,"w":58,"o":67}},{"type":"Feature","geometry":{"type":"Point","coordinates":[-112.1,49.6]},"properties":{"r":0.06,"w":38,"o":67}},{"type":"Feature","geometry":{"type":"Point","coordinates":[-112.0,49.6]},"properties":{"r":0.01,"w":3,"o":286}},{"type":"Feature","geometry":{"type":"Point","coordinates":[-111.4,49.6]},"properties":{"r":0.03,"w":7,"o":320}},{"type":"Feature","geometry":{"type":"Point","coordinates":[-111.3,49.6]},"properties":{"r":0.05,"w":10,"o":320}},{"type":"Feature","geometry":{"type":"Point","coordinates":[-111.2,49.6]},"properties":{"r":0.3,"w":4,"o":238}},{"type":"Feature","geometry":{"type":"Point","coordinates":[-111.0,49.6]},"properties":{"r":0.02,"w":1,"o":238}},{"type":"Feature","geometry":{"type":"Point","coordinates":[-113.3,49.7]},"properties":{"r":0.01,"w":3,"o":320}},{"type":"Feature","geometry":{"type":"Point","coordinates":[-113.2,49.7]},"properties":{"r":0.05,"w":5,"o":320}},{"type":"Feature","geometry":{"type":"Point","coordinates":[-113.1,49.7]},"properties":{"r":0.09,"w":19,"o":281}},{"type":"Feature","geometry":{"type":"Point","coordinates":[-113.0,49.7]},"properties":{"r":0.21,"w":35,"o":281}},{"type":"Feature","geometry":{"type":"Point","coordinates":[-112.9,49.7]},"properties":{"r":0.15,"w":11,"o":281}},{"type":"Feature","geometry":{"type":"Point","coordinates":[-112.3,49.7]},"properties":{"r":0.06,"w":7,"o":67}},{"type":"Feature","geometry":{"type":"Point","coordinates":[-112.2,49.7]},"properties":{"r":0.1,"w":36,"o":67}},{"type":"Feature","geometry":{"type":"Point","coordinates":[-112.1,49.7]},"properties":{"r":0.01,"w":20,"o":67}},{"type":"Feature","geometry":{"type":"Point","coordinates":[-111.9,49.7]},"properties":{"r":0.0,"w":1,"o":4}},{"type":"Feature","geometry":{"type":"Point","coordinates":[-111.8,49.7]},"properties":{"r":0.09,"w":1,"o":297}},{"type":"Feature","geometry":{"type":"Point","coordinates":[-111.0,49.7]},"properties":{"r":0.0,"w":1,"o":250}},{"type":"Feature","geometry":{"type":"Point","coordinates":[-110.6,49.7]},"properties":{"r":0.01,"w":2,"o":238}},{"type":"Feature","geometry":{"type":"Point","coordinates":[-110.5,49.7]},"properties":{"r":0.28,"w":28,"o":238}},{"type":"Feature","geometry":{"type":"Point","coordinates":[-110.4,49.7]},"properties":{"r":0.31,"w":27,"o":238}},{"type":"Feature","geometry":{"type":"Point","coordinates":[-113.6,49.8]},"properties":{"r":0.12,"w":3,"o":67}},{"type":"Feature","geometry":{"type":"Point","coordinates":[-113.5,49.8]},"properties":{"r":0.27,"w":8,"o":181}},{"type":"Feature","geometry":{"type":"Point","coordinates":[-113.4,49.8]},"properties":{"r":0.01,"w":3,"o":67}},{"type":"Feature","geometry":{"type":"Point","coordinates":[-113.2,49.8]},"properties":{"r":0.01,"w":2,"o":320}},{"type":"Feature","geometry":{"type":"Point","coordinates":[-113.1,49.8]},"properties":{"r":0.03,"w":4,"o":320}},{"type":"Feature","geometry":{"type":"Point","coordinates":[-112.9,49.8]},"properties":{"r":0.02,"w":3,"o":281}},{"type":"Feature","geometry":{"type":"Point","coordinates":[-112.8,49.8]},"properties":{"r":0.13,"w":8,"o":281}},{"type":"Feature","geometry":{"type":"Point","coordinates":[-112.7,49.8]},"properties":{"r":0.01,"w":3,"o":281}},{"type":"Feature","geometry":{"type":"Point","coordinates":[-112.4,49.8]},"properties":{"r":0.04,"w":7,"o":67}},{"type":"Feature","geometry":{"type":"Point","coordinates":[-112.3,49.8]},"properties":{"r":0.09,"w":11,"o":67}},{"type":"Feature","geometry":{"type":"Point","coordinates":[-112.2,49.8]},"properties":{"r":0.28,"w":93,"o":67}},{"type":"Feature","geometry":{"type":"Point","coordinates":[-112.1,49.8]},"properties":{"r":0.01,"w":9,"o":67}},{"type":"Feature","geometry":{"type":"Point","coordinates":[-111.7,49.8]},"properties":{"r":0.07,"w":19,"o":43}},{"type":"Feature","geometry":{"type":"Point","coordinates":[-111.0,49.8]},"properties":{"r":0.0,"w":2,"o":95}},{"type":"Feature","geometry":{"type":"Point","coordinates":[-110.9,49.8]},"properties":{"r":0.02,"w":4,"o":95}},{"type":"Feature","geometry":{"type":"Point","coordinates":[-110.5,49.8]},"properties":{"r":0.54,"w":27,"o":238}},{"type":"Feature","geometry":{"type":"Point","coordinates":[-110.4,49.8]},"properties":{"r":0.07,"w":6,"o":238}},{"type":"Feature","geometry":{"type":"Point","coordinates":[-114.0,49.9]},"properties":{"r":0.01,"w":1,"o":253}},{"type":"Feature","geometry":{"type":"Point","coordinates":[-113.7,49.9]},"properties":{"r":0.67,"w":16,"o":67}},{"type":"Feature","geometry":{"type":"Point","coordinates":[-113.6,49.9]},"properties":{"r":1.02,"w":25,"o":67}},{"type":"Feature","geometry":{"type":"Point","coordinates":[-113.5,49.9]},"properties":{"r":0.66,"w":14,"o":67}},{"type":"Feature","geometry":{"type":"Point","coordinates":[-113.4,49.9]},"properties":{"r":0.66,"w":20,"o":181}},{"type":"Feature","geometry":{"type":"Point","coordinates":[-113.3,49.9]},"properties":{"r":0.01,"w":2,"o":320}},{"type":"Feature","geometry":{"type":"Point","coordinates":[-113.2,49.9]},"properties":{"r":0.0,"w":1,"o":67}},{"type":"Feature","geometry":{"type":"Point","coordinates":[-113.1,49.9]},"properties":{"r":0.0,"w":1,"o":134}},{"type":"Feature","geometry":{"type":"Point","coordinates":[-112.7,49.9]},"properties":{"r":0.01,"w":2,"o":285}},{"type":"Feature","geometry":{"type":"Point","coordinates":[-112.6,49.9]},"properties":{"r":0.03,"w":2,"o":43}},{"type":"Feature","geometry":{"type":"Point","coordinates":[-112.5,49.9]},"properties":{"r":0.08,"w":7,"o":67}},{"type":"Feature","geometry":{"type":"Point","coordinates":[-112.4,49.9]},"properties":{"r":0.12,"w":13,"o":67}},{"type":"Feature","geometry":{"type":"Point","coordinates":[-112.3,49.9]},"properties":{"r":0.11,"w":20,"o":67}},{"type":"Feature","geometry":{"type":"Point","coordinates":[-112.2,49.9]},"properties":{"r":0.3,"w":30,"o":67}},{"type":"Feature","geometry":{"type":"Point","coordinates":[-112.1,49.9]},"properties":{"r":0.19,"w":37,"o":67}},{"type":"Feature","geometry":{"type":"Point","coordinates":[-112.0,49.9]},"properties":{"r":0.06,"w":3,"o":283}},{"type":"Feature","geometry":{"type":"Point","coordinates":[-111.9,49.9]},"properties":{"r":0.0,"w":1,"o":283}},{"type":"Feature","geometry":{"type":"Point","coordinates":[-111.8,49.9]},"properties":{"r":0.03,"w":18,"o":22}},{"type":"Feature","geometry":{"type":"Point","coordinates":[-111.7,49.9]},"properties":{"r":0.14,"w":40,"o":43}},{"type":"Feature","geometry":{"type":"Point","coordinates":[-111.6,49.9]},"properties":{"r":0.01,"w":3,"o":43}},{"type":"Feature","geometry":{"type":"Point","coordinates":[-111.4,49.9]},"properties":{"r":0.21,"w":40,"o":67}},{"type":"Feature","geometry":{"type":"Point","coordinates":[-110.7,49.9]},"properties":{"r":0.0,"w":2,"o":250}},{"type":"Feature","geometry":{"type":"Point","coordinates":[-113.8,50.0]},"properties":{"r":0.05,"w":3,"o":67}},{"type":"Feature","geometry":{"type":"Point","coordinates":[-113.7,50.0]},"properties":{"r":0.82,"w":23,"o":67}},{"type":"Feature","geometry":{"type":"Point","coordinates":[-113.6,50.0]},"properties":{"r":1.62,"w":32,"o":67}},{"type":"Feature","geometry":{"type":"Point","coordinates":[-113.5,50.0]},"properties":{"r":0.46,"w":10,"o":67}},{"type":"Feature","geometry":{"type":"Point","coordinates":[-113.4,50.0]},"properties":{"r":0.08,"w":4,"o":181}},{"type":"Feature","geometry":{"type":"Point","coordinates":[-113.2,50.0]},"properties":{"r":0.01,"w":4,"o":285}},{"type":"Feature","geometry":{"type":"Point","coordinates":[-113.1,50.0]},"properties":{"r":0.02,"w":2,"o":285}},{"type":"Feature","geometry":{"type":"Point","coordinates":[-113.0,50.0]},"properties":{"r":0.0,"w":1,"o":285}},{"type":"Feature","geometry":{"type":"Point","coordinates":[-112.8,50.0]},"properties":{"r":0.0,"w":1,"o":285}},{"type":"Feature","geometry":{"type":"Point","coordinates":[-112.7,50.0]},"properties":{"r":0.0,"w":1,"o":285}},{"type":"Feature","geometry":{"type":"Point","coordinates":[-112.6,50.0]},"properties":{"r":0.1,"w":2,"o":67}},{"type":"Feature","geometry":{"type":"Point","coordinates":[-112.5,50.0]},"properties":{"r":0.31,"w":6,"o":43}},{"type":"Feature","geometry":{"type":"Point","coordinates":[-112.4,50.0]},"properties":{"r":0.37,"w":16,"o":43}},{"type":"Feature","geometry":{"type":"Point","coordinates":[-112.3,50.0]},"properties":{"r":0.05,"w":4,"o":242}},{"type":"Feature","geometry":{"type":"Point","coordinates":[-112.2,50.0]},"properties":{"r":0.04,"w":10,"o":67}},{"type":"Feature","geometry":{"type":"Point","coordinates":[-112.0,50.0]},"properties":{"r":0.11,"w":16,"o":67}},{"type":"Feature","geometry":{"type":"Point","coordinates":[-111.9,50.0]},"properties":{"r":0.0,"w":2,"o":95}},{"type":"Feature","geometry":{"type":"Point","coordinates":[-111.8,50.0]},"properties":{"r":0.32,"w":39,"o":67}},{"type":"Feature","geometry":{"type":"Point","coordinates":[-111.7,50.0]},"properties":{"r":0.26,"w":38,"o":67}},{"type":"Feature","geometry":{"type":"Point","coordinates":[-111.3,50.0]},"properties":{"r":0.0,"w":1,"o":160}},{"type":"Feature","geometry":{"type":"Point","coordinates":[-111.0,50.0]},"properties":{"r":0.13,"w":21,"o":160}},{"type":"Feature","geometry":{"type":"Point","coordinates":[-110.7,50.0]},"properties":{"r":0.03,"w":1,"o":196}},{"type":"Feature","geometry":{"type":"Point","coordinates":[-110.6,50.0]},"properties":{"r":0.56,"w":64,"o":196}},{"type":"Feature","geometry":{"type":"Point","coordinates":[-110.5,50.0]},"properties":{"r":0.48,"w":42,"o":196}},{"type":"Feature","geometry":{"type":"Point","coordinates":[-110.4,50.0]},"properties":{"r":0.22,"w":23,"o":238}},{"type":"Feature","geometry":{"type":"Point","coordinates":[-110.3,50.0]},"properties":{"r":0.0,"w":2,"o":238}},{"type":"Feature","geometry":{"type":"Point","coordinates":[-113.8,50.1]},"properties":{"r":0.03,"w":1,"o":67}},{"type":"Feature","geometry":{"type":"Point","coordinates":[-113.7,50.1]},"properties":{"r":0.63,"w":12,"o":67}},{"type":"Feature","geometry":{"type":"Point","coordinates":[-113.6,50.1]},"properties":{"r":1.0,"w":21,"o":67}},{"type":"Feature","geometry":{"type":"Point","coordinates":[-113.5,50.1]},"properties":{"r":0.28,"w":8,"o":67}},{"type":"Feature","geometry":{"type":"Point","coordinates":[-113.4,50.1]},"properties":{"r":0.08,"w":2,"o":67}},{"type":"Feature","geometry":{"type":"Point","coordinates":[-113.3,50.1]},"properties":{"r":0.01,"w":4,"o":67}},{"type":"Feature","geometry":{"type":"Point","coordinates":[-113.2,50.1]},"properties":{"r":0.0,"w":2,"o":286}},{"type":"Feature","geometry":{"type":"Point","coordinates":[-113.0,50.1]},"properties":{"r":0.01,"w":5,"o":134}},{"type":"Feature","geometry":{"type":"Point","coordinates":[-112.9,50.1]},"properties":{"r":0.01,"w":7,"o":134}},{"type":"Feature","geometry":{"type":"Point","coordinates":[-112.8,50.1]},"properties":{"r":0.01,"w":8,"o":134}},{"type":"Feature","geometry":{"type":"Point","coordinates":[-112.7,50.1]},"properties":{"r":0.06,"w":5,"o":297}},{"type":"Feature","geometry":{"type":"Point","coordinates":[-112.6,50.1]},"properties":{"r":0.07,"w":3,"o":43}},{"type":"Feature","geometry":{"type":"Point","coordinates":[-112.5,50.1]},"properties":{"r":0.54,"w":18,"o":43}},{"type":"Feature","geometry":{"type":"Point","coordinates":[-112.4,50.1]},"properties":{"r":0.53,"w":17,"o":43}},{"type":"Feature","geometry":{"type":"Point","coordinates":[-112.3,50.1]},"properties":{"r":0.35,"w":31,"o":242}},{"type":"Feature","geometry":{"type":"Point","coordinates":[-112.2,50.1]},"properties":{"r":0.14,"w":38,"o":67}},{"type":"Feature","geometry":{"type":"Point","coordinates":[-112.1,50.1]},"properties":{"r":0.21,"w":38,"o":67}},{"type":"Feature","geometry":{"type":"Point","coordinates":[-112.0,50.1]},"properties":{"r":0.31,"w":37,"o":67}},{"type":"Feature","geometry":{"type":"Point","coordinates":[-111.9,50.1]},"properties":{"r":0.29,"w":30,"o":307}},{"type":"Feature","geometry":{"type":"Point","coordinates":[-111.8,50.1]},"properties":{"r":0.09,"w":7,"o":67}},{"type":"Feature","geometry":{"type":"Point","coordinates":[-111.7,50.1]},"properties":{"r":0.14,"w":20,"o":307}},{"type":"Feature","geometry":{"type":"Point","coordinates":[-111.6,50.1]},"properties":{"r":0.04,"w":8,"o":307}},{"type":"Feature","geometry":{"type":"Point","coordinates":[-111.4,50.1]},"properties":{"r":0.01,"w":5,"o":67}},{"type":"Feature","geometry":{"type":"Point","coordinates":[-111.3,50.1]},"properties":{"r":0.45,"w":62,"o":160}},{"type":"Feature","geometry":{"type":"Point","coordinates":[-111.2,50.1]},"properties":{"r":0.95,"w":133,"o":160}},{"type":"Feature","geometry":{"type":"Point","coordinates":[-111.1,50.1]},"properties":{"r":0.51,"w":103,"o":160}},{"type":"Feature","geometry":{"type":"Point","coordinates":[-111.0,50.1]},"properties":{"r":0.92,"w":131,"o":160}},{"type":"Feature","geometry":{"type":"Point","coordinates":[-110.9,50.1]},"properties":{"r":0.79,"w":102,"o":160}},{"type":"Feature","geometry":{"type":"Point","coordinates":[-110.8,50.1]},"properties":{"r":0.45,"w":65,"o":160}},{"type":"Feature","geometry":{"type":"Point","coordinates":[-110.7,50.1]},"properties":{"r":1.86,"w":145,"o":69}},{"type":"Feature","geometry":{"type":"Point","coordinates":[-110.6,50.1]},"properties":{"r":3.86,"w":229,"o":196}},{"type":"Feature","geometry":{"type":"Point","coordinates":[-110.5,50.1]},"properties":{"r":3.53,"w":304,"o":196}},{"type":"Feature","geometry":{"type":"Point","coordinates":[-110.4,50.1]},"properties":{"r":1.74,"w":310,"o":67}},{"type":"Feature","geometry":{"type":"Point","coordinates":[-110.3,50.1]},"properties":{"r":0.63,"w":81,"o":238}},{"type":"Feature","geometry":{"type":"Point","coordinates":[-110.2,50.1]},"properties":{"r":0.41,"w":49,"o":238}},{"type":"Feature","geometry":{"type":"Point","coordinates":[-110.1,50.1]},"properties":{"r":2.26,"w":188,"o":238}},{"type":"Feature","geometry":{"type":"Point","coordinates":[-110.0,50.1]},"properties":{"r":0.58,"w":66,"o":238}},{"type":"Feature","geometry":{"type":"Point","coordinates":[-113.7,50.2]},"properties":{"r":0.8,"w":18,"o":67}},{"type":"Feature","geometry":{"type":"Point","coordinates":[-113.6,50.2]},"properties":{"r":0.69,"w":19,"o":67}},{"type":"Feature","geometry":{"type":"Point","coordinates":[-113.5,50.2]},"properties":{"r":0.43,"w":15,"o":181}},{"type":"Feature","geometry":{"type":"Point","coordinates":[-113.4,50.2]},"properties":{"r":0.15,"w":12,"o":252}},{"type":"Feature","geometry":{"type":"Point","coordinates":[-113.3,50.2]},"properties":{"r":0.0,"w":1,"o":72}},{"type":"Feature","geometry":{"type":"Point","coordinates":[-112.7,50.2]},"properties":{"r":0.03,"w":3,"o":297}},{"type":"Feature","geometry":{"type":"Point","coordinates":[-112.4,50.2]},"properties":{"r":0.03,"w":4,"o":43}},{"type":"Feature","geometry":{"type":"Point","coordinates":[-112.2,50.2]},"properties":{"r":0.32,"w":19,"o":67}},{"type":"Feature","geometry":{"type":"Point","coordinates":[-112.1,50.2]},"properties":{"r":0.4,"w":23,"o":67}},{"type":"Feature","geometry":{"type":"Point","coordinates":[-112.0,50.2]},"properties":{"r":0.57,"w":18,"o":67}},{"type":"Feature","geometry":{"type":"Point","coordinates":[-111.9,50.2]},"properties":{"r":0.94,"w":27,"o":67}},{"type":"Feature","geometry":{"type":"Point","coordinates":[-111.8,50.2]},"properties":{"r":0.97,"w":35,"o":67}},{"type":"Feature","geometry":{"type":"Point","coordinates":[-111.7,50.2]},"properties":{"r":0.28,"w":24,"o":67}},{"type":"Feature","geometry":{"type":"Point","coordinates":[-111.6,50.2]},"properties":{"r":0.13,"w":5,"o":67}},{"type":"Feature","geometry":{"type":"Point","coordinates":[-111.5,50.2]},"properties":{"r":0.41,"w":62,"o":67}},{"type":"Feature","geometry":{"type":"Point","coordinates":[-111.4,50.2]},"properties":{"r":0.98,"w":138,"o":67}},{"type":"Feature","geometry":{"type":"Point","coordinates":[-111.3,50.2]},"properties":{"r":1.74,"w":206,"o":69}},{"type":"Feature","geometry":{"type":"Point","coordinates":[-111.2,50.2]},"properties":{"r":1.78,"w":215,"o":160}},{"type":"Feature","geometry":{"type":"Point","coordinates":[-111.1,50.2]},"properties":{"r":2.51,"w":280,"o":160}},{"type":"Feature","geometry":{"type":"Point","coordinates":[-111.0,50.2]},"properties":{"r":3.0,"w":437,"o":160}},{"type":"Feature","geometry":{"type":"Point","coordinates":[-110.9,50.2]},"properties":{"r":3.6,"w":415,"o":160}},{"type":"Feature","geometry":{"type":"Point","coordinates":[-110.8,50.2]},"properties":{"r":2.36,"w":358,"o":160}},{"type":"Feature","geometry":{"type":"Point","coordinates":[-110.7,50.2]},"properties":{"r":2.49,"w":335,"o":69}},{"type":"Feature","geometry":{"type":"Point","coordinates":[-110.6,50.2]},"properties":{"r":2.81,"w":337,"o":69}},{"type":"Feature","geometry":{"type":"Point","coordinates":[-110.5,50.2]},"properties":{"r":1.27,"w":166,"o":69}},{"type":"Feature","geometry":{"type":"Point","coordinates":[-110.4,50.2]},"properties":{"r":1.46,"w":286,"o":69}},{"type":"Feature","geometry":{"type":"Point","coordinates":[-110.3,50.2]},"properties":{"r":1.12,"w":225,"o":69}},{"type":"Feature","geometry":{"type":"Point","coordinates":[-110.2,50.2]},"properties":{"r":0.83,"w":139,"o":69}},{"type":"Feature","geometry":{"type":"Point","coordinates":[-110.1,50.2]},"properties":{"r":2.32,"w":284,"o":238}},{"type":"Feature","geometry":{"type":"Point","coordinates":[-110.0,50.2]},"properties":{"r":1.0,"w":135,"o":238}},{"type":"Feature","geometry":{"type":"Point","coordinates":[-113.9,50.3]},"properties":{"r":0.02,"w":1,"o":340}},{"type":"Feature","geometry":{"type":"Point","coordinates":[-113.8,50.3]},"properties":{"r":0.05,"w":1,"o":181}},{"type":"Feature","geometry":{"type":"Point","coordinates":[-113.6,50.3]},"properties":{"r":0.6,"w":9,"o":67}},{"type":"Feature","geometry":{"type":"Point","coordinates":[-113.5,50.3]},"properties":{"r":0.75,"w":14,"o":181}},{"type":"Feature","geometry":{"type":"Point","coordinates":[-113.4,50.3]},"properties":{"r":0.01,"w":4,"o":72}},{"type":"Feature","geometry":{"type":"Point","coordinates":[-113.0,50.3]},"properties":{"r":0.03,"w":7,"o":311}},{"type":"Feature","geometry":{"type":"Point","coordinates":[-112.9,50.3]},"properties":{"r":0.03,"w":2,"o":254}},{"type":"Feature","geometry":{"type":"Point","coordinates":[-112.8,50.3]},"properties":{"r":0.01,"w":1,"o":4}},{"type":"Feature","geometry":{"type":"Point","coordinates":[-112.7,50.3]},"properties":{"r":0.0,"w":1,"o":67}},{"type":"Feature","geometry":{"type":"Point","coordinates":[-112.5,50.3]},"properties":{"r":0.06,"w":2,"o":67}},{"type":"Feature","geometry":{"type":"Point","coordinates":[-112.2,50.3]},"properties":{"r":0.09,"w":5,"o":67}},{"type":"Feature","geometry":{"type":"Point","coordinates":[-112.1,50.3]},"properties":{"r":0.68,"w":50,"o":67}},{"type":"Feature","geometry":{"type":"Point","coordinates":[-112.0,50.3]},"properties":{"r":1.38,"w":80,"o":67}},{"type":"Feature","geometry":{"type":"Point","coordinates":[-111.9,50.3]},"properties":{"r":0.96,"w":72,"o":67}},{"type":"Feature","geometry":{"type":"Point","coordinates":[-111.8,50.3]},"properties":{"r":1.56,"w":120,"o":67}},{"type":"Feature","geometry":{"type":"Point","coordinates":[-111.7,50.3]},"properties":{"r":2.28,"w":165,"o":67}},{"type":"Feature","geometry":{"type":"Point","coordinates":[-111.6,50.3]},"properties":{"r":1.42,"w":186,"o":67}},{"type":"Feature","geometry":{"type":"Point","coordinates":[-111.5,50.3]},"properties":{"r":0.86,"w":179,"o":67}},{"type":"Feature","geometry":{"type":"Point","coordinates":[-111.4,50.3]},"properties":{"r":1.72,"w":210,"o":67}},{"type":"Feature","geometry":{"type":"Point","coordinates":[-111.3,50.3]},"properties":{"r":3.38,"w":262,"o":69}},{"type":"Feature","geometry":{"type":"Point","coordinates":[-111.2,50.3]},"properties":{"r":3.19,"w":221,"o":69}},{"type":"Feature","geometry":{"type":"Point","coordinates":[-111.1,50.3]},"properties":{"r":3.18,"w":386,"o":160}},{"type":"Feature","geometry":{"type":"Point","coordinates":[-111.0,50.3]},"properties":{"r":3.12,"w":415,"o":160}},{"type":"Feature","geometry":{"type":"Point","coordinates":[-110.9,50.3]},"properties":{"r":2.88,"w":413,"o":160}},{"type":"Feature","geometry":{"type":"Point","coordinates":[-110.8,50.3]},"properties":{"r":2.48,"w":311,"o":160}},{"type":"Feature","geometry":{"type":"Point","coordinates":[-110.7,50.3]},"properties":{"r":2.42,"w":241,"o":160}},{"type":"Feature","geometry":{"type":"Point","coordinates":[-110.6,50.3]},"properties":{"r":3.45,"w":357,"o":69}},{"type":"Feature","geometry":{"type":"Point","coordinates":[-110.5,50.3]},"properties":{"r":2.9,"w":319,"o":69}},{"type":"Feature","geometry":{"type":"Point","coordinates":[-110.4,50.3]},"properties":{"r":2.26,"w":410,"o":69}},{"type":"Feature","geometry":{"type":"Point","coordinates":[-110.3,50.3]},"properties":{"r":0.55,"w":91,"o":69}},{"type":"Feature","geometry":{"type":"Point","coordinates":[-110.2,50.3]},"properties":{"r":0.67,"w":131,"o":69}},{"type":"Feature","geometry":{"type":"Point","coordinates":[-110.1,50.3]},"properties":{"r":0.58,"w":131,"o":69}},{"type":"Feature","geometry":{"type":"Point","coordinates":[-110.0,50.3]},"properties":{"r":0.34,"w":63,"o":69}},{"type":"Feature","geometry":{"type":"Point","coordinates":[-114.0,50.4]},"properties":{"r":0.29,"w":7,"o":181}},{"type":"Feature","geometry":{"type":"Point","coordinates":[-113.9,50.4]},"properties":{"r":1.34,"w":22,"o":181}},{"type":"Feature","geometry":{"type":"Point","coordinates":[-113.8,50.4]},"properties":{"r":0.34,"w":6,"o":181}},{"type":"Feature","geometry":{"type":"Point","coordinates":[-112.9,50.4]},"properties":{"r":0.01,"w":1,"o":254}},{"type":"Feature","geometry":{"type":"Point","coordinates":[-112.6,50.4]},"properties":{"r":0.07,"w":3,"o":67}},{"type":"Feature","geometry":{"type":"Point","coordinates":[-112.5,50.4]},"properties":{"r":0.06,"w":4,"o":67}},{"type":"Feature","geometry":{"type":"Point","coordinates":[-112.4,50.4]},"properties":{"r":0.26,"w":9,"o":67}},{"type":"Feature","geometry":{"type":"Point","coordinates":[-112.3,50.4]},"properties":{"r":0.3,"w":15,"o":67}},{"type":"Feature","geometry":{"type":"Point","coordinates":[-112.2,50.4]},"properties":{"r":0.08,"w":9,"o":67}},{"type":"Feature","geometry":{"type":"Point","coordinates":[-112.1,50.4]},"properties":{"r":0.11,"w":10,"o":67}},{"type":"Feature","geometry":{"type":"Point","coordinates":[-112.0,50.4]},"properties":{"r":0.43,"w":24,"o":67}},{"type":"Feature","geometry":{"type":"Point","coordinates":[-111.9,50.4]},"properties":{"r":0.69,"w":70,"o":67}},{"type":"Feature","geometry":{"type":"Point","coordinates":[-111.8,50.4]},"properties":{"r":1.45,"w":150,"o":67}},{"type":"Feature","geometry":{"type":"Point","coordinates":[-111.7,50.4]},"properties":{"r":2.24,"w":175,"o":67}},{"type":"Feature","geometry":{"type":"Point","coordinates":[-111.6,50.4]},"properties":{"r":2.49,"w":162,"o":67}},{"type":"Feature","geometry":{"type":"Point","coordinates":[-111.5,50.4]},"properties":{"r":3.04,"w":246,"o":67}},{"type":"Feature","geometry":{"type":"Point","coordinates":[-111.4,50.4]},"properties":{"r":4.19,"w":355,"o":67}},{"type":"Feature","geometry":{"type":"Point","coordinates":[-111.3,50.4]},"properties":{"r":3.69,"w":312,"o":238}},{"type":"Feature","geometry":{"type":"Point","coordinates":[-111.2,50.4]},"properties":{"r":3.65,"w":328,"o":238}},{"type":"Feature","geometry":{"type":"Point","coordinates":[-111.1,50.4]},"properties":{"r":2.92,"w":393,"o":160}},{"type":"Feature","geometry":{"type":"Point","coordinates":[-111.0,50.4]},"properties":{"r":2.3,"w":367,"o":160}},{"type":"Feature","geometry":{"type":"Point","coordinates":[-110.9,50.4]},"properties":{"r":2.25,"w":319,"o":160}},{"type":"Feature","geometry":{"type":"Point","coordinates":[-110.8,50.4]},"properties":{"r":2.43,"w":400,"o":160}},{"type":"Feature","geometry":{"type":"Point","coordinates":[-110.7,50.4]},"properties":{"r":1.87,"w":286,"o":160}},{"type":"Feature","geometry":{"type":"Point","coordinates":[-110.6,50.4]},"properties":{"r":2.16,"w":231,"o":160}},{"type":"Feature","geometry":{"type":"Point","coordinates":[-110.5,50.4]},"properties":{"r":2.26,"w":395,"o":69}},{"type":"Feature","geometry":{"type":"Point","coordinates":[-110.4,50.4]},"properties":{"r":1.64,"w":329,"o":69}},{"type":"Feature","geometry":{"type":"Point","coordinates":[-110.3,50.4]},"properties":{"r":0.77,"w":149,"o":69}},{"type":"Feature","geometry":{"type":"Point","coordinates":[-110.2,50.4]},"properties":{"r":0.28,"w":49,"o":69}},{"type":"Feature","geometry":{"type":"Point","coordinates":[-110.1,50.4]},"properties":{"r":0.28,"w":83,"o":69}},{"type":"Feature","geometry":{"type":"Point","coordinates":[-110.0,50.4]},"properties":{"r":0.28,"w":58,"o":69}},{"type":"Feature","geometry":{"type":"Point","coordinates":[-114.2,50.5]},"properties":{"r":0.3,"w":23,"o":253}},{"type":"Feature","geometry":{"type":"Point","coordinates":[-113.9,50.5]},"properties":{"r":0.32,"w":6,"o":181}},{"type":"Feature","geometry":{"type":"Point","coordinates":[-113.7,50.5]},"properties":{"r":0.03,"w":2,"o":52}},{"type":"Feature","geometry":{"type":"Point","coordinates":[-113.6,50.5]},"properties":{"r":0.09,"w":8,"o":52}},{"type":"Feature","geometry":{"type":"Point","coordinates":[-113.5,50.5]},"properties":{"r":0.13,"w":9,"o":52}},{"type":"Feature","geometry":{"type":"Point","coordinates":[-113.4,50.5]},"properties":{"r":0.14,"w":9,"o":52}},{"type":"Feature","geometry":{"type":"Point","coordinates":[-113.3,50.5]},"properties":{"r":0.02,"w":1,"o":307}},{"type":"Feature","geometry":{"type":"Point","coordinates":[-113.1,50.5]},"properties":{"r":0.27,"w":7,"o":67}},{"type":"Feature","geometry":{"type":"Point","coordinates":[-113.0,50.5]},"properties":{"r":0.09,"w":3,"o":67}},{"type":"Feature","geometry":{"type":"Point","coordinates":[-112.8,50.5]},"properties":{"r":0.11,"w":4,"o":67}},{"type":"Feature","geometry":{"type":"Point","coordinates":[-112.7,50.5]},"properties":{"r":0.02,"w":7,"o":67}},{"type":"Feature","geometry":{"type":"Point","coordinates":[-112.6,50.5]},"properties":{"r":0.34,"w":30,"o":67}},{"type":"Feature","geometry":{"type":"Point","coordinates":[-112.5,50.5]},"properties":{"r":0.38,"w":27,"o":67}},{"type":"Feature","geometry":{"type":"Point","coordinates":[-112.4,50.5]},"properties":{"r":0.9,"w":72,"o":67}},{"type":"Feature","geometry":{"type":"Point","coordinates":[-112.3,50.5]},"properties":{"r":0.94,"w":102,"o":67}},{"type":"Feature","geometry":{"type":"Point","coordinates":[-112.2,50.5]},"properties":{"r":1.88,"w":139,"o":181}},{"type":"Feature","geometry":{"type":"Point","coordinates":[-112.1,50.5]},"properties":{"r":1.35,"w":127,"o":67}},{"type":"Feature","geometry":{"type":"Point","coordinates":[-112.0,50.5]},"properties":{"r":1.38,"w":169,"o":67}},{"type":"Feature","geometry":{"type":"Point","coordinates":[-111.9,50.5]},"properties":{"r":2.02,"w":180,"o":67}},{"type":"Feature","geometry":{"type":"Point","coordinates":[-111.8,50.5]},"properties":{"r":2.2,"w":196,"o":67}},{"type":"Feature","geometry":{"type":"Point","coordinates":[-111.7,50.5]},"properties":{"r":2.34,"w":148,"o":67}},{"type":"Feature","geometry":{"type":"Point","coordinates":[-111.6,50.5]},"properties":{"r":2.82,"w":157,"o":67}},{"type":"Feature","geometry":{"type":"Point","coordinates":[-111.5,50.5]},"properties":{"r":3.94,"w":356,"o":67}},{"type":"Feature","geometry":{"type":"Point","coordinates":[-111.4,50.5]},"properties":{"r":4.4,"w":464,"o":67}},{"type":"Feature","geometry":{"type":"Point","coordinates":[-111.3,50.5]},"properties":{"r":2.66,"w":336,"o":67}},{"type":"Feature","geometry":{"type":"Point","coordinates":[-111.2,50.5]},"properties":{"r":2.88,"w":297,"o":238}},{"type":"Feature","geometry":{"type":"Point","coordinates":[-111.1,50.5]},"properties":{"r":2.05,"w":366,"o":160}},{"type":"Feature","geometry":{"type":"Point","coordinates":[-111.0,50.5]},"properties":{"r":1.58,"w":263,"o":160}},{"type":"Feature","geometry":{"type":"Point","coordinates":[-110.9,50.5]},"properties":{"r":1.08,"w":176,"o":160}},{"type":"Feature","geometry":{"type":"Point","coordinates":[-110.8,50.5]},"properties":{"r":1.55,"w":232,"o":160}},{"type":"Feature","geometry":{"type":"Point","coordinates":[-110.7,50.5]},"properties":{"r":1.48,"w":240,"o":160}},{"type":"Feature","geometry":{"type":"Point","coordinates":[-110.6,50.5]},"properties":{"r":2.0,"w":260,"o":160}},{"type":"Feature","geometry":{"type":"Point","coordinates":[-110.5,50.5]},"properties":{"r":1.11,"w":159,"o":160}},{"type":"Feature","geometry":{"type":"Point","coordinates":[-110.4,50.5]},"properties":{"r":0.93,"w":165,"o":69}},{"type":"Feature","geometry":{"type":"Point","coordinates":[-110.3,50.5]},"properties":{"r":0.87,"w":186,"o":69}},{"type":"Feature","geometry":{"type":"Point","coordinates":[-110.2,50.5]},"properties":{"r":0.29,"w":81,"o":69}},{"type":"Feature","geometry":{"type":"Point","coordinates":[-110.1,50.5]},"properties":{"r":0.38,"w":97,"o":69}},{"type":"Feature","geometry":{"type":"Point","coordinates":[-110.0,50.5]},"properties":{"r":0.16,"w":43,"o":69}},{"type":"Feature","geometry":{"type":"Point","coordinates":[-114.4,50.6]},"properties":{"r":0.01,"w":1,"o":253}},{"type":"Feature","geometry":{"type":"Point","coordinates":[-114.3,50.6]},"properties":{"r":0.94,"w":41,"o":253}},{"type":"Feature","geometry":{"type":"Point","coordinates":[-114.2,50.6]},"properties":{"r":1.22,"w":45,"o":253}},{"type":"Feature","geometry":{"type":"Point","coordinates":[-113.7,50.6]},"properties":{"r":0.09,"w":5,"o":52}},{"type":"Feature","geometry":{"type":"Point","coordinates":[-113.6,50.6]},"properties":{"r":0.19,"w":16,"o":52}},{"type":"Feature","geometry":{"type":"Point","coordinates":[-113.5,50.6]},"properties":{"r":0.06,"w":2,"o":52}},{"type":"Feature","geometry":{"type":"Point","coordinates":[-113.4,50.6]},"properties":{"r":0.5,"w":14,"o":166}},{"type":"Feature","geometry":{"type":"Point","coordinates":[-113.3,50.6]},"properties":{"r":0.28,"w":6,"o":307}},{"type":"Feature","geometry":{"type":"Point","coordinates":[-113.2,50.6]},"properties":{"r":0.39,"w":18,"o":67}},{"type":"Feature","geometry":{"type":"Point","coordinates":[-113.1,50.6]},"properties":{"r":0.28,"w":12,"o":67}},{"type":"Feature","geometry":{"type":"Point","coordinates":[-113.0,50.6]},"properties":{"r":0.5,"w":16,"o":67}},{"type":"Feature","geometry":{"type":"Point","coordinates":[-112.9,50.6]},"properties":{"r":0.25,"w":6,"o":67}},{"type":"Feature","geometry":{"type":"Point","coordinates":[-112.8,50.6]},"properties":{"r":0.39,"w":12,"o":67}},{"type":"Feature","geometry":{"type":"Point","coordinates":[-112.7,50.6]},"properties":{"r":0.2,"w":10,"o":67}},{"type":"Feature","geometry":{"type":"Point","coordinates":[-112.6,50.6]},"properties":{"r":0.24,"w":22,"o":67}},{"type":"Feature","geometry":{"type":"Point","coordinates":[-112.5,50.6]},"properties":{"r":0.47,"w":34,"o":212}},{"type":"Feature","geometry":{"type":"Point","coordinates":[-112.4,50.6]},"properties":{"r":0.97,"w":71,"o":67}},{"type":"Feature","geometry":{"type":"Point","coordinates":[-112.3,50.6]},"properties":{"r":2.26,"w":156,"o":67}},{"type":"Feature","geometry":{"type":"Point","coordinates":[-112.2,50.6]},"properties":{"r":2.41,"w":156,"o":67}},{"type":"Feature","geometry":{"type":"Point","coordinates":[-112.1,50.6]},"properties":{"r":2.86,"w":201,"o":67}},{"type":"Feature","geometry":{"type":"Point","coordinates":[-112.0,50.6]},"properties":{"r":2.98,"w":290,"o":67}},{"type":"Feature","geometry":{"type":"Point","coordinates":[-111.9,50.6]},"properties":{"r":1.96,"w":178,"o":67}},{"type":"Feature","geometry":{"type":"Point","coordinates":[-111.8,50.6]},"properties":{"r":3.0,"w":205,"o":67}},{"type":"Feature","geometry":{"type":"Point","coordinates":[-111.7,50.6]},"properties":{"r":2.74,"w":214,"o":67}},{"type":"Feature","geometry":{"type":"Point","coordinates":[-111.6,50.6]},"properties":{"r":1.48,"w":106,"o":67}},{"type":"Feature","geometry":{"type":"Point","coordinates":[-111.5,50.6]},"properties":{"r":2.29,"w":242,"o":67}},{"type":"Feature","geometry":{"type":"Point","coordinates":[-111.4,50.6]},"properties":{"r":2.61,"w":297,"o":67}},{"type":"Feature","geometry":{"type":"Point","coordinates":[-111.3,50.6]},"properties":{"r":1.76,"w":206,"o":67}},{"type":"Feature","geometry":{"type":"Point","coordinates":[-111.2,50.6]},"properties":{"r":1.32,"w":218,"o":160}},{"type":"Feature","geometry":{"type":"Point","coordinates":[-111.1,50.6]},"properties":{"r":1.16,"w":227,"o":160}},{"type":"Feature","geometry":{"type":"Point","coordinates":[-111.0,50.6]},"properties":{"r":1.09,"w":162,"o":160}},{"type":"Feature","geometry":{"type":"Point","coordinates":[-110.9,50.6]},"properties":{"r":1.05,"w":195,"o":160}},{"type":"Feature","geometry":{"type":"Point","coordinates":[-110.8,50.6]},"properties":{"r":0.41,"w":90,"o":160}},{"type":"Feature","geometry":{"type":"Point","coordinates":[-110.7,50.6]},"properties":{"r":0.6,"w":115,"o":160}},{"type":"Feature","geometry":{"type":"Point","coordinates":[-110.6,50.6]},"properties":{"r":1.12,"w":125,"o":160}},{"type":"Feature","geometry":{"type":"Point","coordinates":[-110.5,50.6]},"properties":{"r":0.78,"w":112,"o":160}},{"type":"Feature","geometry":{"type":"Point","coordinates":[-110.4,50.6]},"properties":{"r":0.66,"w":118,"o":160}},{"type":"Feature","geometry":{"type":"Point","coordinates":[-110.3,50.6]},"properties":{"r":0.54,"w":136,"o":69}},{"type":"Feature","geometry":{"type":"Point","coordinates":[-110.2,50.6]},"properties":{"r":0.4,"w":188,"o":67}},{"type":"Feature","geometry":{"type":"Point","coordinates":[-110.1,50.6]},"properties":{"r":0.16,"w":87,"o":67}},{"type":"Feature","geometry":{"type":"Point","coordinates":[-110.0,50.6]},"properties":{"r":0.02,"w":13,"o":69}},{"type":"Feature","geometry":{"type":"Point","coordinates":[-114.5,50.7]},"properties":{"r":0.08,"w":1,"o":65}},{"type":"Feature","geometry":{"type":"Point","coordinates":[-114.4,50.7]},"properties":{"r":0.01,"w":1,"o":67}},{"type":"Feature","geometry":{"type":"Point","coordinates":[-114.3,50.7]},"properties":{"r":0.68,"w":28,"o":253}},{"type":"Feature","geometry":{"type":"Point","coordinates":[-113.7,50.7]},"properties":{"r":0.2,"w":5,"o":32}},{"type":"Feature","geometry":{"type":"Point","coordinates":[-113.6,50.7]},"properties":{"r":0.02,"w":1,"o":52}},{"type":"Feature","geometry":{"type":"Point","coordinates":[-113.4,50.7]},"properties":{"r":0.05,"w":3,"o":307}},{"type":"Feature","geometry":{"type":"Point","coordinates":[-113.3,50.7]},"properties":{"r":0.07,"w":14,"o":266}},{"type":"Feature","geometry":{"type":"Point","coordinates":[-113.2,50.7]},"properties":{"r":0.19,"w":27,"o":266}},{"type":"Feature","geometry":{"type":"Point","coordinates":[-113.1,50.7]},"properties":{"r":0.09,"w":7,"o":266}},{"type":"Feature","geometry":{"type":"Point","coordinates":[-113.0,50.7]},"properties":{"r":0.01,"w":2,"o":254}},{"type":"Feature","geometry":{"type":"Point","coordinates":[-112.9,50.7]},"properties":{"r":0.05,"w":3,"o":67}},{"type":"Feature","geometry":{"type":"Point","coordinates":[-112.8,50.7]},"properties":{"r":0.02,"w":3,"o":67}},{"type":"Feature","geometry":{"type":"Point","coordinates":[-112.7,50.7]},"properties":{"r":0.0,"w":1,"o":67}},{"type":"Feature","geometry":{"type":"Point","coordinates":[-112.6,50.7]},"properties":{"r":0.09,"w":3,"o":67}},{"type":"Feature","geometry":{"type":"Point","coordinates":[-112.5,50.7]},"properties":{"r":0.06,"w":9,"o":67}},{"type":"Feature","geometry":{"type":"Point","coordinates":[-112.4,50.7]},"properties":{"r":1.65,"w":105,"o":67}},{"type":"Feature","geometry":{"type":"Point","coordinates":[-112.3,50.7]},"properties":{"r":2.57,"w":168,"o":67}},{"type":"Feature","geometry":{"type":"Point","coordinates":[-112.2,50.7]},"properties":{"r":2.77,"w":152,"o":166}},{"type":"Feature","geometry":{"type":"Point","coordinates":[-112.1,50.7]},"properties":{"r":3.71,"w":226,"o":67}},{"type":"Feature","geometry":{"type":"Point","coordinates":[-112.0,50.7]},"properties":{"r":2.7,"w":226,"o":67}},{"type":"Feature","geometry":{"type":"Point","coordinates":[-111.9,50.7]},"properties":{"r":3.24,"w":234,"o":67}},{"type":"Feature","geometry":{"type":"Point","coordinates":[-111.8,50.7]},"properties":{"r":3.07,"w":247,"o":67}},{"type":"Feature","geometry":{"type":"Point","coordinates":[-111.7,50.7]},"properties":{"r":3.01,"w":264,"o":67}},{"type":"Feature","geometry":{"type":"Point","coordinates":[-111.6,50.7]},"properties":{"r":2.58,"w":162,"o":67}},{"type":"Feature","geometry":{"type":"Point","coordinates":[-111.5,50.7]},"properties":{"r":2.24,"w":193,"o":67}},{"type":"Feature","geometry":{"type":"Point","coordinates":[-111.4,50.7]},"properties":{"r":1.54,"w":209,"o":67}},{"type":"Feature","geometry":{"type":"Point","coordinates":[-111.3,50.7]},"properties":{"r":0.69,"w":124,"o":67}},{"type":"Feature","geometry":{"type":"Point","coordinates":[-111.2,50.7]},"properties":{"r":0.86,"w":164,"o":160}},{"type":"Feature","geometry":{"type":"Point","coordinates":[-111.1,50.7]},"properties":{"r":1.05,"w":184,"o":160}},{"type":"Feature","geometry":{"type":"Point","coordinates":[-111.0,50.7]},"properties":{"r":0.96,"w":138,"o":160}},{"type":"Feature","geometry":{"type":"Point","coordinates":[-110.9,50.7]},"properties":{"r":1.42,"w":150,"o":160}},{"type":"Feature","geometry":{"type":"Point","coordinates":[-110.8,50.7]},"properties":{"r":0.17,"w":34,"o":160}},{"type":"Feature","geometry":{"type":"Point","coordinates":[-110.7,50.7]},"properties":{"r":0.15,"w":30,"o":160}},{"type":"Feature","geometry":{"type":"Point","coordinates":[-110.6,50.7]},"properties":{"r":0.25,"w":38,"o":160}},{"type":"Feature","geometry":{"type":"Point","coordinates":[-110.5,50.7]},"properties":{"r":0.22,"w":41,"o":160}},{"type":"Feature","geometry":{"type":"Point","coordinates":[-110.4,50.7]},"properties":{"r":0.23,"w":47,"o":160}},{"type":"Feature","geometry":{"type":"Point","coordinates":[-110.3,50.7]},"properties":{"r":0.08,"w":29,"o":160}},{"type":"Feature","geometry":{"type":"Point","coordinates":[-110.2,50.7]},"properties":{"r":0.01,"w":2,"o":67}},{"type":"Feature","geometry":{"type":"Point","coordinates":[-110.1,50.7]},"properties":{"r":0.04,"w":18,"o":67}},{"type":"Feature","geometry":{"type":"Point","coordinates":[-114.6,50.8]},"properties":{"r":0.02,"w":2,"o":74}},{"type":"Feature","geometry":{"type":"Point","coordinates":[-114.4,50.8]},"properties":{"r":0.06,"w":6,"o":67}},{"type":"Feature","geometry":{"type":"Point","coordinates":[-113.7,50.8]},"properties":{"r":0.24,"w":11,"o":231}},{"type":"Feature","geometry":{"type":"Point","coordinates":[-113.6,50.8]},"properties":{"r":0.01,"w":1,"o":231}},{"type":"Feature","geometry":{"type":"Point","coordinates":[-113.5,50.8]},"properties":{"r":0.09,"w":2,"o":231}},{"type":"Feature","geometry":{"type":"Point","coordinates":[-113.4,50.8]},"properties":{"r":0.09,"w":6,"o":307}},{"type":"Feature","geometry":{"type":"Point","coordinates":[-113.3,50.8]},"properties":{"r":0.59,"w":47,"o":266}},{"type":"Feature","geometry":{"type":"Point","coordinates":[-113.2,50.8]},"properties":{"r":0.37,"w":101,"o":266}},{"type":"Feature","geometry":{"type":"Point","coordinates":[-113.1,50.8]},"properties":{"r":0.41,"w":59,"o":266}},{"type":"Feature","geometry":{"type":"Point","coordinates":[-113.0,50.8]},"properties":{"r":0.38,"w":49,"o":266}},{"type":"Feature","geometry":{"type":"Point","coordinates":[-112.9,50.8]},"properties":{"r":0.31,"w":33,"o":266}},{"type":"Feature","geometry":{"type":"Point","coordinates":[-112.8,50.8]},"properties":{"r":0.18,"w":30,"o":189}},{"type":"Feature","geometry":{"type":"Point","coordinates":[-112.7,50.8]},"properties":{"r":0.23,"w":35,"o":189}},{"type":"Feature","geometry":{"type":"Point","coordinates":[-112.6,50.8]},"properties":{"r":0.21,"w":27,"o":67}},{"type":"Feature","geometry":{"type":"Point","coordinates":[-112.5,50.8]},"properties":{"r":0.54,"w":47,"o":67}},{"type":"Feature","geometry":{"type":"Point","coordinates":[-112.4,50.8]},"properties":{"r":1.47,"w":154,"o":67}},{"type":"Feature","geometry":{"type":"Point","coordinates":[-112.3,50.8]},"properties":{"r":2.27,"w":200,"o":67}},{"type":"Feature","geometry":{"type":"Point","coordinates":[-112.2,50.8]},"properties":{"r":3.06,"w":206,"o":166}},{"type":"Feature","geometry":{"type":"Point","coordinates":[-112.1,50.8]},"properties":{"r":3.29,"w":210,"o":67}},{"type":"Feature","geometry":{"type":"Point","coordinates":[-112.0,50.8]},"properties":{"r":1.99,"w":188,"o":67}},{"type":"Feature","geometry":{"type":"Point","coordinates":[-111.9,50.8]},"properties":{"r":1.72,"w":196,"o":67}},{"type":"Feature","geometry":{"type":"Point","coordinates":[-111.8,50.8]},"properties":{"r":1.86,"w":194,"o":67}},{"type":"Feature","geometry":{"type":"Point","coordinates":[-111.7,50.8]},"properties":{"r":1.56,"w":175,"o":67}},{"type":"Feature","geometry":{"type":"Point","coordinates":[-111.6,50.8]},"properties":{"r":1.12,"w":108,"o":67}},{"type":"Feature","geometry":{"type":"Point","coordinates":[-111.5,50.8]},"properties":{"r":0.9,"w":104,"o":67}},{"type":"Feature","geometry":{"type":"Point","coordinates":[-111.4,50.8]},"properties":{"r":0.27,"w":66,"o":67}},{"type":"Feature","geometry":{"type":"Point","coordinates":[-111.3,50.8]},"properties":{"r":0.2,"w":69,"o":67}},{"type":"Feature","geometry":{"type":"Point","coordinates":[-111.2,50.8]},"properties":{"r":0.28,"w":13,"o":67}},{"type":"Feature","geometry":{"type":"Point","coordinates":[-111.1,50.8]},"properties":{"r":0.82,"w":73,"o":160}},{"type":"Feature","geometry":{"type":"Point","coordinates":[-111.0,50.8]},"properties":{"r":0.39,"w":32,"o":160}},{"type":"Feature","geometry":{"type":"Point","coordinates":[-110.9,50.8]},"properties":{"r":0.21,"w":9,"o":319}},{"type":"Feature","geometry":{"type":"Point","coordinates":[-110.8,50.8]},"properties":{"r":0.1,"w":1,"o":145}},{"type":"Feature","geometry":{"type":"Point","coordinates":[-110.7,50.8]},"properties":{"r":0.55,"w":45,"o":145}},{"type":"Feature","geometry":{"type":"Point","coordinates":[-114.8,50.9]},"properties":{"r":0.08,"w":1,"o":74}},{"type":"Feature","geometry":{"type":"Point","coordinates":[-113.9,50.9]},"properties":{"r":0.04,"w":1,"o":110}},{"type":"Feature","geometry":{"type":"Point","coordinates":[-113.8,50.9]},"properties":{"r":0.64,"w":24,"o":110}},{"type":"Feature","geometry":{"type":"Point","coordinates":[-113.7,50.9]},"properties":{"r":0.56,"w":21,"o":231}},{"type":"Feature","geometry":{"type":"Point","coordinates":[-113.6,50.9]},"properties":{"r":1.27,"w":75,"o":231}},{"type":"Feature","geometry":{"type":"Point","coordinates":[-113.5,50.9]},"properties":{"r":0.37,"w":29,"o":231}},{"type":"Feature","geometry":{"type":"Point","coordinates":[-113.4,50.9]},"properties":{"r":0.76,"w":31,"o":231}},{"type":"Feature","geometry":{"type":"Point","coordinates":[-113.3,50.9]},"properties":{"r":0.04,"w":4,"o":110}},{"type":"Feature","geometry":{"type":"Point","coordinates":[-113.2,50.9]},"properties":{"r":0.35,"w":28,"o":266}},{"type":"Feature","geometry":{"type":"Point","coordinates":[-113.1,50.9]},"properties":{"r":0.51,"w":62,"o":189}},{"type":"Feature","geometry":{"type":"Point","coordinates":[-113.0,50.9]},"properties":{"r":0.86,"w":114,"o":189}},{"type":"Feature","geometry":{"type":"Point","coordinates":[-112.9,50.9]},"properties":{"r":0.81,"w":124,"o":189}},{"type":"Feature","geometry":{"type":"Point","coordinates":[-112.8,50.9]},"properties":{"r":0.9,"w":126,"o":189}},{"type":"Feature","geometry":{"type":"Point","coordinates":[-112.7,50.9]},"properties":{"r":1.05,"w":113,"o":189}},{"type":"Feature","geometry":{"type":"Point","coordinates":[-112.6,50.9]},"properties":{"r":0.3,"w":48,"o":67}},{"type":"Feature","geometry":{"type":"Point","coordinates":[-112.5,50.9]},"properties":{"r":0.69,"w":57,"o":67}},{"type":"Feature","geometry":{"type":"Point","coordinates":[-112.4,50.9]},"properties":{"r":1.33,"w":172,"o":67}},{"type":"Feature","geometry":{"type":"Point","coordinates":[-112.3,50.9]},"properties":{"r":3.16,"w":214,"o":67}},{"type":"Feature","geometry":{"type":"Point","coordinates":[-112.2,50.9]},"properties":{"r":3.12,"w":211,"o":67}},{"type":"Feature","geometry":{"type":"Point","coordinates":[-112.1,50.9]},"properties":{"r":3.28,"w":217,"o":67}},{"type":"Feature","geometry":{"type":"Point","coordinates":[-112.0,50.9]},"properties":{"r":1.32,"w":225,"o":67}},{"type":"Feature","geometry":{"type":"Point","coordinates":[-111.9,50.9]},"properties":{"r":1.53,"w":150,"o":67}},{"type":"Feature","geometry":{"type":"Point","coordinates":[-111.8,50.9]},"properties":{"r":1.23,"w":117,"o":67}},{"type":"Feature","geometry":{"type":"Point","coordinates":[-111.7,50.9]},"properties":{"r":0.94,"w":118,"o":67}},{"type":"Feature","geometry":{"type":"Point","coordinates":[-111.6,50.9]},"properties":{"r":1.08,"w":169,"o":67}},{"type":"Feature","geometry":{"type":"Point","coordinates":[-111.5,50.9]},"properties":{"r":0.75,"w":178,"o":67}},{"type":"Feature","geometry":{"type":"Point","coordinates":[-111.4,50.9]},"properties":{"r":0.21,"w":106,"o":67}},{"type":"Feature","geometry":{"type":"Point","coordinates":[-111.3,50.9]},"properties":{"r":0.09,"w":46,"o":67}},{"type":"Feature","geometry":{"type":"Point","coordinates":[-111.2,50.9]},"properties":{"r":0.18,"w":19,"o":67}},{"type":"Feature","geometry":{"type":"Point","coordinates":[-111.1,50.9]},"properties":{"r":0.19,"w":11,"o":67}},{"type":"Feature","geometry":{"type":"Point","coordinates":[-111.0,50.9]},"properties":{"r":0.02,"w":2,"o":160}},{"type":"Feature","geometry":{"type":"Point","coordinates":[-110.5,50.9]},"properties":{"r":0.32,"w":7,"o":307}},{"type":"Feature","geometry":{"type":"Point","coordinates":[-110.4,50.9]},"properties":{"r":0.16,"w":16,"o":307}},{"type":"Feature","geometry":{"type":"Point","coordinates":[-110.3,50.9]},"properties":{"r":0.02,"w":3,"o":307}},{"type":"Feature","geometry":{"type":"Point","coordinates":[-113.8,51.0]},"properties":{"r":0.07,"w":7,"o":110}},{"type":"Feature","geometry":{"type":"Point","coordinates":[-113.7,51.0]},"properties":{"r":1.07,"w":55,"o":110}},{"type":"Feature","geometry":{"type":"Point","coordinates":[-113.6,51.0]},"properties":{"r":1.49,"w":108,"o":110}},{"type":"Feature","geometry":{"type":"Point","coordinates":[-113.5,51.0]},"properties":{"r":1.71,"w":116,"o":110}},{"type":"Feature","geometry":{"type":"Point","coordinates":[-113.4,51.0]},"properties":{"r":0.77,"w":60,"o":110}},{"type":"Feature","geometry":{"type":"Point","coordinates":[-113.3,51.0]},"properties":{"r":0.48,"w":43,"o":189}},{"type":"Feature","geometry":{"type":"Point","coordinates":[-113.2,51.0]},"properties":{"r":1.18,"w":97,"o":189}},{"type":"Feature","geometry":{"type":"Point","coordinates":[-113.1,51.0]},"properties":{"r":1.27,"w":112,"o":189}},{"type":"Feature","geometry":{"type":"Point","coordinates":[-113.0,51.0]},"properties":{"r":2.11,"w":185,"o":189}},{"type":"Feature","geometry":{"type":"Point","coordinates":[-112.9,51.0]},"properties":{"r":1.99,"w":152,"o":189}},{"type":"Feature","geometry":{"type":"Point","coordinates":[-112.8,51.0]},"properties":{"r":1.74,"w":145,"o":189}},{"type":"Feature","geometry":{"type":"Point","coordinates":[-112.7,51.0]},"properties":{"r":1.18,"w":87,"o":189}},{"type":"Feature","geometry":{"type":"Point","coordinates":[-112.6,51.0]},"properties":{"r":0.24,"w":7,"o":67}},{"type":"Feature","geometry":{"type":"Point","coordinates":[-112.5,51.0]},"properties":{"r":0.59,"w":43,"o":67}},{"type":"Feature","geometry":{"type":"Point","coordinates":[-112.4,51.0]},"properties":{"r":1.24,"w":91,"o":67}},{"type":"Feature","geometry":{"type":"Point","coordinates":[-112.3,51.0]},"properties":{"r":1.97,"w":140,"o":67}},{"type":"Feature","geometry":{"type":"Point","coordinates":[-112.2,51.0]},"properties":{"r":2.01,"w":185,"o":67}},{"type":"Feature","geometry":{"type":"Point","coordinates":[-112.1,51.0]},"properties":{"r":1.45,"w":183,"o":67}},{"type":"Feature","geometry":{"type":"Point","coordinates":[-112.0,51.0]},"properties":{"r":1.26,"w":170,"o":67}},{"type":"Feature","geometry":{"type":"Point","coordinates":[-111.9,51.0]},"properties":{"r":1.36,"w":124,"o":67}},{"type":"Feature","geometry":{"type":"Point","coordinates":[-111.8,51.0]},"properties":{"r":3.39,"w":223,"o":67}},{"type":"Feature","geometry":{"type":"Point","coordinates":[-111.7,51.0]},"properties":{"r":2.16,"w":179,"o":67}},{"type":"Feature","geometry":{"type":"Point","coordinates":[-111.6,51.0]},"properties":{"r":1.43,"w":197,"o":67}},{"type":"Feature","geometry":{"type":"Point","coordinates":[-111.5,51.0]},"properties":{"r":0.61,"w":127,"o":67}},{"type":"Feature","geometry":{"type":"Point","coordinates":[-111.4,51.0]},"properties":{"r":0.16,"w":73,"o":67}},{"type":"Feature","geometry":{"type":"Point","coordinates":[-111.3,51.0]},"properties":{"r":0.06,"w":47,"o":67}},{"type":"Feature","geometry":{"type":"Point","coordinates":[-114.3,51.1]},"properties":{"r":0.01,"w":2,"o":140}},{"type":"Feature","geometry":{"type":"Point","coordinates":[-113.8,51.1]},"properties":{"r":0.14,"w":5,"o":110}},{"type":"Feature","geometry":{"type":"Point","coordinates":[-113.7,51.1]},"properties":{"r":2.15,"w":96,"o":110}},{"type":"Feature","geometry":{"type":"Point","coordinates":[-113.6,51.1]},"properties":{"r":2.8,"w":97,"o":110}},{"type":"Feature","geometry":{"type":"Point","coordinates":[-113.5,51.1]},"properties":{"r":3.34,"w":176,"o":110}},{"type":"Feature","geometry":{"type":"Point","coordinates":[-113.4,51.1]},"properties":{"r":1.53,"w":91,"o":110}},{"type":"Feature","geometry":{"type":"Point","coordinates":[-113.3,51.1]},"properties":{"r":1.46,"w":94,"o":110}},{"type":"Feature","geometry":{"type":"Point","coordinates":[-113.2,51.1]},"properties":{"r":1.54,"w":117,"o":189}},{"type":"Feature","geometry":{"type":"Point","coordinates":[-113.1,51.1]},"properties":{"r":1.94,"w":122,"o":189}},{"type":"Feature","geometry":{"type":"Point","coordinates":[-113.0,51.1]},"properties":{"r":1.73,"w":135,"o":189}},{"type":"Feature","geometry":{"type":"Point","coordinates":[-112.9,51.1]},"properties":{"r":1.53,"w":85,"o":189}},{"type":"Feature","geometry":{"type":"Point","coordinates":[-112.8,51.1]},"properties":{"r":0.8,"w":80,"o":67}},{"type":"Feature","geometry":{"type":"Point","coordinates":[-112.7,51.1]},"properties":{"r":1.14,"w":87,"o":67}},{"type":"Feature","geometry":{"type":"Point","coordinates":[-112.6,51.1]},"properties":{"r":0.49,"w":21,"o":67}},{"type":"Feature","geometry":{"type":"Point","coordinates":[-112.5,51.1]},"properties":{"r":0.46,"w":29,"o":67}},{"type":"Feature","geometry":{"type":"Point","coordinates":[-112.4,51.1]},"properties":{"r":0.12,"w":9,"o":67}},{"type":"Feature","geometry":{"type":"Point","coordinates":[-112.3,51.1]},"properties":{"r":0.93,"w":41,"o":67}},{"type":"Feature","geometry":{"type":"Point","coordinates":[-112.2,51.1]},"properties":{"r":1.06,"w":152,"o":67}},{"type":"Feature","geometry":{"type":"Point","coordinates":[-112.1,51.1]},"properties":{"r":1.14,"w":174,"o":67}},{"type":"Feature","geometry":{"type":"Point","coordinates":[-112.0,51.1]},"properties":{"r":0.69,"w":100,"o":67}},{"type":"Feature","geometry":{"type":"Point","coordinates":[-111.9,51.1]},"properties":{"r":1.06,"w":115,"o":67}},{"type":"Feature","geometry":{"type":"Point","coordinates":[-111.8,51.1]},"properties":{"r":1.17,"w":125,"o":67}},{"type":"Feature","geometry":{"type":"Point","coordinates":[-111.7,51.1]},"properties":{"r":1.45,"w":154,"o":67}},{"type":"Feature","geometry":{"type":"Point","coordinates":[-111.6,51.1]},"properties":{"r":0.77,"w":174,"o":67}},{"type":"Feature","geometry":{"type":"Point","coordinates":[-111.5,51.1]},"properties":{"r":0.06,"w":62,"o":67}},{"type":"Feature","geometry":{"type":"Point","coordinates":[-111.4,51.1]},"properties":{"r":0.0,"w":4,"o":67}},{"type":"Feature","geometry":{"type":"Point","coordinates":[-111.3,51.1]},"properties":{"r":0.0,"w":1,"o":67}},{"type":"Feature","geometry":{"type":"Point","coordinates":[-114.6,51.2]},"properties":{"r":0.12,"w":3,"o":231}},{"type":"Feature","geometry":{"type":"Point","coordinates":[-114.5,51.2]},"properties":{"r":0.15,"w":4,"o":11}},{"type":"Feature","geometry":{"type":"Point","coordinates":[-114.4,51.2]},"properties":{"r":0.61,"w":17,"o":11}},{"type":"Feature","geometry":{"type":"Point","coordinates":[-114.3,51.2]},"properties":{"r":0.88,"w":16,"o":11}},{"type":"Feature","geometry":{"type":"Point","coordinates":[-114.2,51.2]},"properties":{"r":0.02,"w":1,"o":11}},{"type":"Feature","geometry":{"type":"Point","coordinates":[-113.8,51.2]},"properties":{"r":0.67,"w":13,"o":110}},{"type":"Feature","geometry":{"type":"Point","coordinates":[-113.7,51.2]},"properties":{"r":3.66,"w":66,"o":110}},{"type":"Feature","geometry":{"type":"Point","coordinates":[-113.6,51.2]},"properties":{"r":2.4,"w":65,"o":110}},{"type":"Feature","geometry":{"type":"Point","coordinates":[-113.5,51.2]},"properties":{"r":2.01,"w":102,"o":110}},{"type":"Feature","geometry":{"type":"Point","coordinates":[-113.4,51.2]},"properties":{"r":1.12,"w":87,"o":110}},{"type":"Feature","geometry":{"type":"Point","coordinates":[-113.3,51.2]},"properties":{"r":1.64,"w":114,"o":110}},{"type":"Feature","geometry":{"type":"Point","coordinates":[-113.2,51.2]},"properties":{"r":1.88,"w":129,"o":189}},{"type":"Feature","geometry":{"type":"Point","coordinates":[-113.1,51.2]},"properties":{"r":1.56,"w":134,"o":189}},{"type":"Feature","geometry":{"type":"Point","coordinates":[-113.0,51.2]},"properties":{"r":1.43,"w":115,"o":189}},{"type":"Feature","geometry":{"type":"Point","coordinates":[-112.9,51.2]},"properties":{"r":1.34,"w":69,"o":189}},{"type":"Feature","geometry":{"type":"Point","coordinates":[-112.8,51.2]},"properties":{"r":0.81,"w":61,"o":67}},{"type":"Feature","geometry":{"type":"Point","coordinates":[-112.7,51.2]},"properties":{"r":0.78,"w":61,"o":67}},{"type":"Feature","geometry":{"type":"Point","coordinates":[-112.6,51.2]},"properties":{"r":0.18,"w":12,"o":67}},{"type":"Feature","geometry":{"type":"Point","coordinates":[-112.5,51.2]},"properties":{"r":0.22,"w":10,"o":67}},{"type":"Feature","geometry":{"type":"Point","coordinates":[-112.4,51.2]},"properties":{"r":0.57,"w":19,"o":67}},{"type":"Feature","geometry":{"type":"Point","coordinates":[-112.3,51.2]},"properties":{"r":1.26,"w":39,"o":67}},{"type":"Feature","geometry":{"type":"Point","coordinates":[-112.2,51.2]},"properties":{"r":0.41,"w":27,"o":67}},{"type":"Feature","geometry":{"type":"Point","coordinates":[-112.1,51.2]},"properties":{"r":0.53,"w":68,"o":67}},{"type":"Feature","geometry":{"type":"Point","coordinates":[-112.0,51.2]},"properties":{"r":0.64,"w":38,"o":67}},{"type":"Feature","geometry":{"type":"Point","coordinates":[-111.9,51.2]},"properties":{"r":0.28,"w":40,"o":67}},{"type":"Feature","geometry":{"type":"Point","coordinates":[-111.8,51.2]},"properties":{"r":0.08,"w":9,"o":67}},{"type":"Feature","geometry":{"type":"Point","coordinates":[-111.7,51.2]},"properties":{"r":0.14,"w":14,"o":67}},{"type":"Feature","geometry":{"type":"Point","coordinates":[-111.6,51.2]},"properties":{"r":0.64,"w":75,"o":67}},{"type":"Feature","geometry":{"type":"Point","coordinates":[-111.5,51.2]},"properties":{"r":0.0,"w":3,"o":296}},{"type":"Feature","geometry":{"type":"Point","coordinates":[-111.4,51.2]},"properties":{"r":0.16,"w":9,"o":296}},{"type":"Feature","geometry":{"type":"Point","coordinates":[-111.2,51.2]},"properties":{"r":0.01,"w":1,"o":67}},{"type":"Feature","geometry":{"type":"Point","coordinates":[-110.6,51.2]},"properties":{"r":0.06,"w":1,"o":322}},{"type":"Feature","geometry":{"type":"Point","coordinates":[-114.8,51.3]},"properties":{"r":0.14,"w":3,"o":69}},{"type":"Feature","geometry":{"type":"Point","coordinates":[-114.7,51.3]},"properties":{"r":0.13,"w":3,"o":69}},{"type":"Feature","geometry":{"type":"Point","coordinates":[-114.6,51.3]},"properties":{"r":0.29,"w":5,"o":231}},{"type":"Feature","geometry":{"type":"Point","coordinates":[-114.5,51.3]},"properties":{"r":0.08,"w":2,"o":11}},{"type":"Feature","geometry":{"type":"Point","coordinates":[-114.4,51.3]},"properties":{"r":1.21,"w":62,"o":11}},{"type":"Feature","geometry":{"type":"Point","coordinates":[-114.3,51.3]},"properties":{"r":0.34,"w":14,"o":11}},{"type":"Feature","geometry":{"type":"Point","coordinates":[-114.2,51.3]},"properties":{"r":0.0,"w":1,"o":11}},{"type":"Feature","geometry":{"type":"Point","coordinates":[-114.1,51.3]},"properties":{"r":0.19,"w":5,"o":52}},{"type":"Feature","geometry":{"type":"Point","coordinates":[-114.0,51.3]},"properties":{"r":0.05,"w":1,"o":307}},{"type":"Feature","geometry":{"type":"Point","coordinates":[-113.9,51.3]},"properties":{"r":0.08,"w":12,"o":110}},{"type":"Feature","geometry":{"type":"Point","coordinates":[-113.8,51.3]},"properties":{"r":2.13,"w":107,"o":110}},{"type":"Feature","geometry":{"type":"Point","coordinates":[-113.7,51.3]},"properties":{"r":2.82,"w":159,"o":110}},{"type":"Feature","geometry":{"type":"Point","coordinates":[-113.6,51.3]},"properties":{"r":3.25,"w":157,"o":110}},{"type":"Feature","geometry":{"type":"Point","coordinates":[-113.5,51.3]},"properties":{"r":2.26,"w":110,"o":110}},{"type":"Feature","geometry":{"type":"Point","coordinates":[-113.4,51.3]},"properties":{"r":2.37,"w":101,"o":110}},{"type":"Feature","geometry":{"type":"Point","coordinates":[-113.3,51.3]},"properties":{"r":2.39,"w":152,"o":110}},{"type":"Feature","geometry":{"type":"Point","coordinates":[-113.2,51.3]},"properties":{"r":2.18,"w":119,"o":110}},{"type":"Feature","geometry":{"type":"Point","coordinates":[-113.1,51.3]},"properties":{"r":2.03,"w":115,"o":189}},{"type":"Feature","geometry":{"type":"Point","coordinates":[-113.0,51.3]},"properties":{"r":1.95,"w":137,"o":189}},{"type":"Feature","geometry":{"type":"Point","coordinates":[-112.9,51.3]},"properties":{"r":1.17,"w":80,"o":189}},{"type":"Feature","geometry":{"type":"Point","coordinates":[-112.8,51.3]},"properties":{"r":0.75,"w":40,"o":67}},{"type":"Feature","geometry":{"type":"Point","coordinates":[-112.7,51.3]},"properties":{"r":1.69,"w":82,"o":67}},{"type":"Feature","geometry":{"type":"Point","coordinates":[-112.6,51.3]},"properties":{"r":1.07,"w":84,"o":67}},{"type":"Feature","geometry":{"type":"Point","coordinates":[-112.5,51.3]},"properties":{"r":1.27,"w":71,"o":67}},{"type":"Feature","geometry":{"type":"Point","coordinates":[-112.4,51.3]},"properties":{"r":1.97,"w":88,"o":67}},{"type":"Feature","geometry":{"type":"Point","coordinates":[-112.3,51.3]},"properties":{"r":1.29,"w":34,"o":67}},{"type":"Feature","geometry":{"type":"Point","coordinates":[-112.2,51.3]},"properties":{"r":0.46,"w":15,"o":67}},{"type":"Feature","geometry":{"type":"Point","coordinates":[-112.1,51.3]},"properties":{"r":0.1,"w":8,"o":67}},{"type":"Feature","geometry":{"type":"Point","coordinates":[-112.0,51.3]},"properties":{"r":0.03,"w":1,"o":67}},{"type":"Feature","geometry":{"type":"Point","coordinates":[-111.9,51.3]},"properties":{"r":0.13,"w":4,"o":296}},{"type":"Feature","geometry":{"type":"Point","coordinates":[-111.8,51.3]},"properties":{"r":0.29,"w":11,"o":296}},{"type":"Feature","geometry":{"type":"Point","coordinates":[-111.7,51.3]},"properties":{"r":0.12,"w":11,"o":296}},{"type":"Feature","geometry":{"type":"Point","coordinates":[-111.6,51.3]},"properties":{"r":0.13,"w":9,"o":67}},{"type":"Feature","geometry":{"type":"Point","coordinates":[-111.3,51.3]},"properties":{"r":0.07,"w":6,"o":255}},{"type":"Feature","geometry":{"type":"Point","coordinates":[-111.2,51.3]},"properties":{"r":0.03,"w":5,"o":255}},{"type":"Feature","geometry":{"type":"Point","coordinates":[-110.8,51.3]},"properties":{"r":0.06,"w":1,"o":322}},{"type":"Feature","geometry":{"type":"Point","coordinates":[-110.2,51.3]},"properties":{"r":0.14,"w":28,"o":326}},{"type":"Feature","geometry":{"type":"Point","coordinates":[-110.1,51.3]},"properties":{"r":0.01,"w":5,"o":326}},{"type":"Feature","geometry":{"type":"Point","coordinates":[-115.0,51.4]},"properties":{"r":0.01,"w":1,"o":69}},{"type":"Feature","geometry":{"type":"Point","coordinates":[-114.9,51.4]},"properties":{"r":0.02,"w":2,"o":69}},{"type":"Feature","geometry":{"type":"Point","coordinates":[-114.8,51.4]},"properties":{"r":0.28,"w":8,"o":69}},{"type":"Feature","geometry":{"type":"Point","coordinates":[-114.5,51.4]},"properties":{"r":0.16,"w":7,"o":11}},{"type":"Feature","geometry":{"type":"Point","coordinates":[-114.4,51.4]},"properties":{"r":0.48,"w":29,"o":222}},{"type":"Feature","geometry":{"type":"Point","coordinates":[-114.2,51.4]},"properties":{"r":0.11,"w":5,"o":52}},{"type":"Feature","geometry":{"type":"Point","coordinates":[-114.1,51.4]},"properties":{"r":0.0,"w":2,"o":140}},{"type":"Feature","geometry":{"type":"Point","coordinates":[-114.0,51.4]},"properties":{"r":0.02,"w":7,"o":110}},{"type":"Feature","geometry":{"type":"Point","coordinates":[-113.9,51.4]},"properties":{"r":0.48,"w":25,"o":110}},{"type":"Feature","geometry":{"type":"Point","coordinates":[-113.8,51.4]},"properties":{"r":1.33,"w":60,"o":110}},{"type":"Feature","geometry":{"type":"Point","coordinates":[-113.7,51.4]},"properties":{"r":3.22,"w":94,"o":110}},{"type":"Feature","geometry":{"type":"Point","coordinates":[-113.6,51.4]},"properties":{"r":3.65,"w":216,"o":189}},{"type":"Feature","geometry":{"type":"Point","coordinates":[-113.5,51.4]},"properties":{"r":3.91,"w":204,"o":110}},{"type":"Feature","geometry":{"type":"Point","coordinates":[-113.4,51.4]},"properties":{"r":3.29,"w":199,"o":110}},{"type":"Feature","geometry":{"type":"Point","coordinates":[-113.3,51.4]},"properties":{"r":2.54,"w":136,"o":110}},{"type":"Feature","geometry":{"type":"Point","coordinates":[-113.2,51.4]},"properties":{"r":2.48,"w":131,"o":110}},{"type":"Feature","geometry":{"type":"Point","coordinates":[-113.1,51.4]},"properties":{"r":2.48,"w":174,"o":189}},{"type":"Feature","geometry":{"type":"Point","coordinates":[-113.0,51.4]},"properties":{"r":2.36,"w":136,"o":189}},{"type":"Feature","geometry":{"type":"Point","coordinates":[-112.9,51.4]},"properties":{"r":2.53,"w":149,"o":189}},{"type":"Feature","geometry":{"type":"Point","coordinates":[-112.8,51.4]},"properties":{"r":2.19,"w":128,"o":189}},{"type":"Feature","geometry":{"type":"Point","coordinates":[-112.7,51.4]},"properties":{"r":1.7,"w":96,"o":189}},{"type":"Feature","geometry":{"type":"Point","coordinates":[-112.6,51.4]},"properties":{"r":1.48,"w":66,"o":67}},{"type":"Feature","geometry":{"type":"Point","coordinates":[-112.5,51.4]},"properties":{"r":1.77,"w":119,"o":67}},{"type":"Feature","geometry":{"type":"Point","coordinates":[-112.4,51.4]},"properties":{"r":0.64,"w":47,"o":67}},{"type":"Feature","geometry":{"type":"Point","coordinates":[-112.3,51.4]},"properties":{"r":0.2,"w":10,"o":67}},{"type":"Feature","geometry":{"type":"Point","coordinates":[-112.2,51.4]},"properties":{"r":0.03,"w":2,"o":67}},{"type":"Feature","geometry":{"type":"Point","coordinates":[-112.1,51.4]},"properties":{"r":0.2,"w":10,"o":18}},{"type":"Feature","geometry":{"type":"Point","coordinates":[-112.0,51.4]},"properties":{"r":0.01,"w":1,"o":67}},{"type":"Feature","geometry":{"type":"Point","coordinates":[-111.8,51.4]},"properties":{"r":0.04,"w":3,"o":23}},{"type":"Feature","geometry":{"type":"Point","coordinates":[-111.7,51.4]},"properties":{"r":0.02,"w":3,"o":296}},{"type":"Feature","geometry":{"type":"Point","coordinates":[-111.6,51.4]},"properties":{"r":0.11,"w":3,"o":335}},{"type":"Feature","geometry":{"type":"Point","coordinates":[-111.5,51.4]},"properties":{"r":0.18,"w":5,"o":67}},{"type":"Feature","geometry":{"type":"Point","coordinates":[-111.4,51.4]},"properties":{"r":0.06,"w":2,"o":67}},{"type":"Feature","geometry":{"type":"Point","coordinates":[-111.3,51.4]},"properties":{"r":0.04,"w":4,"o":67}},{"type":"Feature","geometry":{"type":"Point","coordinates":[-111.2,51.4]},"properties":{"r":0.11,"w":4,"o":67}},{"type":"Feature","geometry":{"type":"Point","coordinates":[-111.1,51.4]},"properties":{"r":0.13,"w":7,"o":67}},{"type":"Feature","geometry":{"type":"Point","coordinates":[-111.0,51.4]},"properties":{"r":0.0,"w":1,"o":67}},{"type":"Feature","geometry":{"type":"Point","coordinates":[-110.1,51.4]},"properties":{"r":0.02,"w":1,"o":308}},{"type":"Feature","geometry":{"type":"Point","coordinates":[-115.0,51.5]},"properties":{"r":0.02,"w":1,"o":69}},{"type":"Feature","geometry":{"type":"Point","coordinates":[-114.5,51.5]},"properties":{"r":0.45,"w":15,"o":222}},{"type":"Feature","geometry":{"type":"Point","coordinates":[-114.4,51.5]},"properties":{"r":0.34,"w":12,"o":235}},{"type":"Feature","geometry":{"type":"Point","coordinates":[-114.3,51.5]},"properties":{"r":0.34,"w":7,"o":11}},{"type":"Feature","geometry":{"type":"Point","coordinates":[-114.2,51.5]},"properties":{"r":0.12,"w":6,"o":52}},{"type":"Feature","geometry":{"type":"Point","coordinates":[-114.1,51.5]},"properties":{"r":0.06,"w":1,"o":127}},{"type":"Feature","geometry":{"type":"Point","coordinates":[-114.0,51.5]},"properties":{"r":0.38,"w":9,"o":307}},{"type":"Feature","geometry":{"type":"Point","coordinates":[-113.9,51.5]},"properties":{"r":1.23,"w":61,"o":110}},{"type":"Feature","geometry":{"type":"Point","coordinates":[-113.8,51.5]},"properties":{"r":2.3,"w":89,"o":307}},{"type":"Feature","geometry":{"type":"Point","coordinates":[-113.7,51.5]},"properties":{"r":5.57,"w":180,"o":110}},{"type":"Feature","geometry":{"type":"Point","coordinates":[-113.6,51.5]},"properties":{"r":4.74,"w":166,"o":110}},{"type":"Feature","geometry":{"type":"Point","coordinates":[-113.5,51.5]},"properties":{"r":2.77,"w":99,"o":307}},{"type":"Feature","geometry":{"type":"Point","coordinates":[-113.4,51.5]},"properties":{"r":2.68,"w":110,"o":110}},{"type":"Feature","geometry":{"type":"Point","coordinates":[-113.3,51.5]},"properties":{"r":1.82,"w":84,"o":110}},{"type":"Feature","geometry":{"type":"Point","coordinates":[-113.2,51.5]},"properties":{"r":1.13,"w":63,"o":110}},{"type":"Feature","geometry":{"type":"Point","coordinates":[-113.1,51.5]},"properties":{"r":0.62,"w":16,"o":238}},{"type":"Feature","geometry":{"type":"Point","coordinates":[-113.0,51.5]},"properties":{"r":0.73,"w":36,"o":189}},{"type":"Feature","geometry":{"type":"Point","coordinates":[-112.9,51.5]},"properties":{"r":1.89,"w":106,"o":307}},{"type":"Feature","geometry":{"type":"Point","coordinates":[-112.8,51.5]},"properties":{"r":1.3,"w":65,"o":307}},{"type":"Feature","geometry":{"type":"Point","coordinates":[-112.7,51.5]},"properties":{"r":0.27,"w":30,"o":49}},{"type":"Feature","geometry":{"type":"Point","coordinates":[-112.6,51.5]},"properties":{"r":0.32,"w":17,"o":32}},{"type":"Feature","geometry":{"type":"Point","coordinates":[-112.5,51.5]},"properties":{"r":0.91,"w":26,"o":205}},{"type":"Feature","geometry":{"type":"Point","coordinates":[-112.4,51.5]},"properties":{"r":0.12,"w":7,"o":67}},{"type":"Feature","geometry":{"type":"Point","coordinates":[-112.3,51.5]},"properties":{"r":0.05,"w":5,"o":243}},{"type":"Feature","geometry":{"type":"Point","coordinates":[-112.1,51.5]},"properties":{"r":0.05,"w":9,"o":67}},{"type":"Feature","geometry":{"type":"Point","coordinates":[-112.0,51.5]},"properties":{"r":0.13,"w":7,"o":67}},{"type":"Feature","geometry":{"type":"Point","coordinates":[-111.9,51.5]},"properties":{"r":0.31,"w":6,"o":338}},{"type":"Feature","geometry":{"type":"Point","coordinates":[-111.8,51.5]},"properties":{"r":0.0,"w":1,"o":23}},{"type":"Feature","geometry":{"type":"Point","coordinates":[-111.6,51.5]},"properties":{"r":0.16,"w":4,"o":67}},{"type":"Feature","geometry":{"type":"Point","coordinates":[-111.5,51.5]},"properties":{"r":0.07,"w":2,"o":67}},{"type":"Feature","geometry":{"type":"Point","coordinates":[-111.3,51.5]},"properties":{"r":0.01,"w":1,"o":67}},{"type":"Feature","geometry":{"type":"Point","coordinates":[-111.1,51.5]},"properties":{"r":0.01,"w":1,"o":67}},{"type":"Feature","geometry":{"type":"Point","coordinates":[-110.1,51.5]},"properties":{"r":0.01,"w":1,"o":46}},{"type":"Feature","geometry":{"type":"Point","coordinates":[-114.6,51.6]},"properties":{"r":0.28,"w":7,"o":315}},{"type":"Feature","geometry":{"type":"Point","coordinates":[-114.5,51.6]},"properties":{"r":0.49,"w":18,"o":278}},{"type":"Feature","geometry":{"type":"Point","coordinates":[-114.4,51.6]},"properties":{"r":0.84,"w":25,"o":11}},{"type":"Feature","geometry":{"type":"Point","coordinates":[-114.3,51.6]},"properties":{"r":0.68,"w":26,"o":235}},{"type":"Feature","geometry":{"type":"Point","coordinates":[-114.2,51.6]},"properties":{"r":0.35,"w":9,"o":11}},{"type":"Feature","geometry":{"type":"Point","coordinates":[-114.1,51.6]},"properties":{"r":0.32,"w":6,"o":340}},{"type":"Feature","geometry":{"type":"Point","coordinates":[-114.0,51.6]},"properties":{"r":0.57,"w":11,"o":340}},{"type":"Feature","geometry":{"type":"Point","coordinates":[-113.9,51.6]},"properties":{"r":1.52,"w":56,"o":307}},{"type":"Feature","geometry":{"type":"Point","coordinates":[-113.8,51.6]},"properties":{"r":2.25,"w":90,"o":307}},{"type":"Feature","geometry":{"type":"Point","coordinates":[-113.7,51.6]},"properties":{"r":3.11,"w":99,"o":110}},{"type":"Feature","geometry":{"type":"Point","coordinates":[-113.6,51.6]},"properties":{"r":2.18,"w":72,"o":110}},{"type":"Feature","geometry":{"type":"Point","coordinates":[-113.5,51.6]},"properties":{"r":4.78,"w":158,"o":110}},{"type":"Feature","geometry":{"type":"Point","coordinates":[-113.4,51.6]},"properties":{"r":3.12,"w":140,"o":110}},{"type":"Feature","geometry":{"type":"Point","coordinates":[-113.3,51.6]},"properties":{"r":1.98,"w":100,"o":110}},{"type":"Feature","geometry":{"type":"Point","coordinates":[-113.2,51.6]},"properties":{"r":0.95,"w":61,"o":110}},{"type":"Feature","geometry":{"type":"Point","coordinates":[-113.1,51.6]},"properties":{"r":1.06,"w":63,"o":238}},{"type":"Feature","geometry":{"type":"Point","coordinates":[-113.0,51.6]},"properties":{"r":1.35,"w":69,"o":238}},{"type":"Feature","geometry":{"type":"Point","coordinates":[-112.9,51.6]},"properties":{"r":1.08,"w":44,"o":238}},{"type":"Feature","geometry":{"type":"Point","coordinates":[-112.8,51.6]},"properties":{"r":0.67,"w":26,"o":238}},{"type":"Feature","geometry":{"type":"Point","coordinates":[-112.7,51.6]},"properties":{"r":0.77,"w":25,"o":238}},{"type":"Feature","geometry":{"type":"Point","coordinates":[-112.6,51.6]},"properties":{"r":0.56,"w":18,"o":67}},{"type":"Feature","geometry":{"type":"Point","coordinates":[-112.5,51.6]},"properties":{"r":0.82,"w":23,"o":205}},{"type":"Feature","geometry":{"type":"Point","coordinates":[-112.4,51.6]},"properties":{"r":0.49,"w":24,"o":243}},{"type":"Feature","geometry":{"type":"Point","coordinates":[-112.3,51.6]},"properties":{"r":0.28,"w":13,"o":243}},{"type":"Feature","geometry":{"type":"Point","coordinates":[-112.2,51.6]},"properties":{"r":0.19,"w":12,"o":67}},{"type":"Feature","geometry":{"type":"Point","coordinates":[-112.1,51.6]},"properties":{"r":0.13,"w":16,"o":67}},{"type":"Feature","geometry":{"type":"Point","coordinates":[-112.0,51.6]},"properties":{"r":0.09,"w":21,"o":67}},{"type":"Feature","geometry":{"type":"Point","coordinates":[-111.9,51.6]},"properties":{"r":0.01,"w":2,"o":67}},{"type":"Feature","geometry":{"type":"Point","coordinates":[-111.7,51.6]},"properties":{"r":0.15,"w":2,"o":67}},{"type":"Feature","geometry":{"type":"Point","coordinates":[-111.6,51.6]},"properties":{"r":0.01,"w":1,"o":67}},{"type":"Feature","geometry":{"type":"Point","coordinates":[-111.5,51.6]},"properties":{"r":0.38,"w":9,"o":67}},{"type":"Feature","geometry":{"type":"Point","coordinates":[-111.4,51.6]},"properties":{"r":0.08,"w":1,"o":67}},{"type":"Feature","geometry":{"type":"Point","coordinates":[-110.0,51.6]},"properties":{"r":0.04,"w":3,"o":278}},{"type":"Feature","geometry":{"type":"Point","coordinates":[-115.0,51.7]},"properties":{"r":0.09,"w":1,"o":307}},{"type":"Feature","geometry":{"type":"Point","coordinates":[-114.9,51.7]},"properties":{"r":0.14,"w":3,"o":307}},{"type":"Feature","geometry":{"type":"Point","coordinates":[-114.8,51.7]},"properties":{"r":0.13,"w":4,"o":307}},{"type":"Feature","geometry":{"type":"Point","coordinates":[-114.7,51.7]},"properties":{"r":0.25,"w":14,"o":315}},{"type":"Feature","geometry":{"type":"Point","coordinates":[-114.6,51.7]},"properties":{"r":0.31,"w":10,"o":315}},{"type":"Feature","geometry":{"type":"Point","coordinates":[-114.5,51.7]},"properties":{"r":0.42,"w":10,"o":185}},{"type":"Feature","geometry":{"type":"Point","coordinates":[-114.4,51.7]},"properties":{"r":2.4,"w":64,"o":185}},{"type":"Feature","geometry":{"type":"Point","coordinates":[-114.3,51.7]},"properties":{"r":0.91,"w":40,"o":235}},{"type":"Feature","geometry":{"type":"Point","coordinates":[-114.2,51.7]},"properties":{"r":0.83,"w":17,"o":235}},{"type":"Feature","geometry":{"type":"Point","coordinates":[-114.1,51.7]},"properties":{"r":0.29,"w":8,"o":340}},{"type":"Feature","geometry":{"type":"Point","coordinates":[-114.0,51.7]},"properties":{"r":0.85,"w":31,"o":110}},{"type":"Feature","geometry":{"type":"Point","coordinates":[-113.9,51.7]},"properties":{"r":1.01,"w":38,"o":110}},{"type":"Feature","geometry":{"type":"Point","coordinates":[-113.8,51.7]},"properties":{"r":1.14,"w":27,"o":110}},{"type":"Feature","geometry":{"type":"Point","coordinates":[-113.7,51.7]},"properties":{"r":1.34,"w":45,"o":110}},{"type":"Feature","geometry":{"type":"Point","coordinates":[-113.6,51.7]},"properties":{"r":2.25,"w":84,"o":110}},{"type":"Feature","geometry":{"type":"Point","coordinates":[-113.5,51.7]},"properties":{"r":3.37,"w":93,"o":110}},{"type":"Feature","geometry":{"type":"Point","coordinates":[-113.4,51.7]},"properties":{"r":3.02,"w":123,"o":110}},{"type":"Feature","geometry":{"type":"Point","coordinates":[-113.3,51.7]},"properties":{"r":1.91,"w":89,"o":189}},{"type":"Feature","geometry":{"type":"Point","coordinates":[-113.2,51.7]},"properties":{"r":0.9,"w":56,"o":110}},{"type":"Feature","geometry":{"type":"Point","coordinates":[-113.1,51.7]},"properties":{"r":1.48,"w":87,"o":110}},{"type":"Feature","geometry":{"type":"Point","coordinates":[-113.0,51.7]},"properties":{"r":0.73,"w":56,"o":238}},{"type":"Feature","geometry":{"type":"Point","coordinates":[-112.9,51.7]},"properties":{"r":0.63,"w":31,"o":238}},{"type":"Feature","geometry":{"type":"Point","coordinates":[-112.8,51.7]},"properties":{"r":0.81,"w":49,"o":238}},{"type":"Feature","geometry":{"type":"Point","coordinates":[-112.7,51.7]},"properties":{"r":0.7,"w":27,"o":238}},{"type":"Feature","geometry":{"type":"Point","coordinates":[-112.6,51.7]},"properties":{"r":0.08,"w":4,"o":67}},{"type":"Feature","geometry":{"type":"Point","coordinates":[-112.5,51.7]},"properties":{"r":0.04,"w":4,"o":67}},{"type":"Feature","geometry":{"type":"Point","coordinates":[-112.4,51.7]},"properties":{"r":0.99,"w":33,"o":243}},{"type":"Feature","geometry":{"type":"Point","coordinates":[-112.3,51.7]},"properties":{"r":0.69,"w":31,"o":243}},{"type":"Feature","geometry":{"type":"Point","coordinates":[-112.2,51.7]},"properties":{"r":0.48,"w":26,"o":243}},{"type":"Feature","geometry":{"type":"Point","coordinates":[-112.1,51.7]},"properties":{"r":0.08,"w":11,"o":67}},{"type":"Feature","geometry":{"type":"Point","coordinates":[-112.0,51.7]},"properties":{"r":0.17,"w":31,"o":67}},{"type":"Feature","geometry":{"type":"Point","coordinates":[-111.9,51.7]},"properties":{"r":0.19,"w":52,"o":67}},{"type":"Feature","geometry":{"type":"Point","coordinates":[-111.8,51.7]},"properties":{"r":0.06,"w":14,"o":67}},{"type":"Feature","geometry":{"type":"Point","coordinates":[-111.3,51.7]},"properties":{"r":0.06,"w":11,"o":193}},{"type":"Feature","geometry":{"type":"Point","coordinates":[-110.6,51.7]},"properties":{"r":0.02,"w":2,"o":124}},{"type":"Feature","geometry":{"type":"Point","coordinates":[-110.5,51.7]},"properties":{"r":0.03,"w":3,"o":124}},{"type":"Feature","geometry":{"type":"Point","coordinates":[-110.4,51.7]},"properties":{"r":0.05,"w":2,"o":218}},{"type":"Feature","geometry":{"type":"Point","coordinates":[-110.3,51.7]},"properties":{"r":0.11,"w":8,"o":46}},{"type":"Feature","geometry":{"type":"Point","coordinates":[-110.2,51.7]},"properties":{"r":0.05,"w":4,"o":46}},{"type":"Feature","geometry":{"type":"Point","coordinates":[-110.1,51.7]},"properties":{"r":0.22,"w":22,"o":46}},{"type":"Feature","geometry":{"type":"Point","coordinates":[-110.0,51.7]},"properties":{"r":0.06,"w":7,"o":46}},{"type":"Feature","geometry":{"type":"Point","coordinates":[-115.3,51.8]},"properties":{"r":0.19,"w":4,"o":74}},{"type":"Feature","geometry":{"type":"Point","coordinates":[-115.1,51.8]},"properties":{"r":0.09,"w":3,"o":307}},{"type":"Feature","geometry":{"type":"Point","coordinates":[-115.0,51.8]},"properties":{"r":0.17,"w":5,"o":307}},{"type":"Feature","geometry":{"type":"Point","coordinates":[-114.9,51.8]},"properties":{"r":0.72,"w":16,"o":307}},{"type":"Feature","geometry":{"type":"Point","coordinates":[-114.8,51.8]},"properties":{"r":0.65,"w":11,"o":307}},{"type":"Feature","geometry":{"type":"Point","coordinates":[-114.7,51.8]},"properties":{"r":0.32,"w":5,"o":307}},{"type":"Feature","geometry":{"type":"Point","coordinates":[-114.6,51.8]},"properties":{"r":0.72,"w":16,"o":340}},{"type":"Feature","geometry":{"type":"Point","coordinates":[-114.5,51.8]},"properties":{"r":1.65,"w":38,"o":340}},{"type":"Feature","geometry":{"type":"Point","coordinates":[-114.4,51.8]},"properties":{"r":2.69,"w":84,"o":340}},{"type":"Feature","geometry":{"type":"Point","coordinates":[-114.3,51.8]},"properties":{"r":1.2,"w":34,"o":340}},{"type":"Feature","geometry":{"type":"Point","coordinates":[-114.2,51.8]},"properties":{"r":0.24,"w":5,"o":231}},{"type":"Feature","geometry":{"type":"Point","coordinates":[-114.1,51.8]},"properties":{"r":0.14,"w":3,"o":340}},{"type":"Feature","geometry":{"type":"Point","coordinates":[-114.0,51.8]},"properties":{"r":0.2,"w":20,"o":110}},{"type":"Feature","geometry":{"type":"Point","coordinates":[-113.9,51.8]},"properties":{"r":0.68,"w":25,"o":110}},{"type":"Feature","geometry":{"type":"Point","coordinates":[-113.8,51.8]},"properties":{"r":1.55,"w":43,"o":110}},{"type":"Feature","geometry":{"type":"Point","coordinates":[-113.7,51.8]},"properties":{"r":1.88,"w":72,"o":110}},{"type":"Feature","geometry":{"type":"Point","coordinates":[-113.6,51.8]},"properties":{"r":2.41,"w":104,"o":110}},{"type":"Feature","geometry":{"type":"Point","coordinates":[-113.5,51.8]},"properties":{"r":3.35,"w":106,"o":110}},{"type":"Feature","geometry":{"type":"Point","coordinates":[-113.4,51.8]},"properties":{"r":3.95,"w":134,"o":238}},{"type":"Feature","geometry":{"type":"Point","coordinates":[-113.3,51.8]},"properties":{"r":2.62,"w":122,"o":189}},{"type":"Feature","geometry":{"type":"Point","coordinates":[-113.2,51.8]},"properties":{"r":0.9,"w":47,"o":110}},{"type":"Feature","geometry":{"type":"Point","coordinates":[-113.1,51.8]},"properties":{"r":1.13,"w":50,"o":110}},{"type":"Feature","geometry":{"type":"Point","coordinates":[-113.0,51.8]},"properties":{"r":1.18,"w":68,"o":110}},{"type":"Feature","geometry":{"type":"Point","coordinates":[-112.9,51.8]},"properties":{"r":0.31,"w":17,"o":111}},{"type":"Feature","geometry":{"type":"Point","coordinates":[-112.8,51.8]},"properties":{"r":0.51,"w":38,"o":307}},{"type":"Feature","geometry":{"type":"Point","coordinates":[-112.7,51.8]},"properties":{"r":0.81,"w":48,"o":307}},{"type":"Feature","geometry":{"type":"Point","coordinates":[-112.4,51.8]},"properties":{"r":0.27,"w":4,"o":238}},{"type":"Feature","geometry":{"type":"Point","coordinates":[-112.3,51.8]},"properties":{"r":0.09,"w":5,"o":67}},{"type":"Feature","geometry":{"type":"Point","coordinates":[-112.0,51.8]},"properties":{"r":0.08,"w":19,"o":67}},{"type":"Feature","geometry":{"type":"Point","coordinates":[-111.9,51.8]},"properties":{"r":0.27,"w":82,"o":67}},{"type":"Feature","geometry":{"type":"Point","coordinates":[-111.8,51.8]},"properties":{"r":0.27,"w":82,"o":67}},{"type":"Feature","geometry":{"type":"Point","coordinates":[-111.7,51.8]},"properties":{"r":0.17,"w":50,"o":67}},{"type":"Feature","geometry":{"type":"Point","coordinates":[-111.6,51.8]},"properties":{"r":0.23,"w":56,"o":67}},{"type":"Feature","geometry":{"type":"Point","coordinates":[-111.5,51.8]},"properties":{"r":0.07,"w":9,"o":67}},{"type":"Feature","geometry":{"type":"Point","coordinates":[-111.4,51.8]},"properties":{"r":0.02,"w":1,"o":103}},{"type":"Feature","geometry":{"type":"Point","coordinates":[-111.2,51.8]},"properties":{"r":0.03,"w":3,"o":169}},{"type":"Feature","geometry":{"type":"Point","coordinates":[-111.1,51.8]},"properties":{"r":0.02,"w":2,"o":169}},{"type":"Feature","geometry":{"type":"Point","coordinates":[-110.9,51.8]},"properties":{"r":0.03,"w":1,"o":169}},{"type":"Feature","geometry":{"type":"Point","coordinates":[-110.6,51.8]},"properties":{"r":0.07,"w":5,"o":124}},{"type":"Feature","geometry":{"type":"Point","coordinates":[-110.5,51.8]},"properties":{"r":0.13,"w":14,"o":124}},{"type":"Feature","geometry":{"type":"Point","coordinates":[-110.4,51.8]},"properties":{"r":0.72,"w":27,"o":218}},{"type":"Feature","geometry":{"type":"Point","coordinates":[-110.3,51.8]},"properties":{"r":1.35,"w":49,"o":218}},{"type":"Feature","geometry":{"type":"Point","coordinates":[-110.2,51.8]},"properties":{"r":1.09,"w":58,"o":46}},{"type":"Feature","geometry":{"type":"Point","coordinates":[-110.1,51.8]},"properties":{"r":0.86,"w":64,"o":218}},{"type":"Feature","geometry":{"type":"Point","coordinates":[-110.0,51.8]},"properties":{"r":0.16,"w":12,"o":218}},{"type":"Feature","geometry":{"type":"Point","coordinates":[-115.4,51.9]},"properties":{"r":0.09,"w":2,"o":74}},{"type":"Feature","geometry":{"type":"Point","coordinates":[-115.3,51.9]},"properties":{"r":0.08,"w":2,"o":74}},{"type":"Feature","geometry":{"type":"Point","coordinates":[-115.1,51.9]},"properties":{"r":0.31,"w":7,"o":315}},{"type":"Feature","geometry":{"type":"Point","coordinates":[-115.0,51.9]},"properties":{"r":0.71,"w":16,"o":315}},{"type":"Feature","geometry":{"type":"Point","coordinates":[-114.9,51.9]},"properties":{"r":0.69,"w":15,"o":307}},{"type":"Feature","geometry":{"type":"Point","coordinates":[-114.8,51.9]},"properties":{"r":0.74,"w":12,"o":307}},{"type":"Feature","geometry":{"type":"Point","coordinates":[-114.7,51.9]},"properties":{"r":0.4,"w":9,"o":238}},{"type":"Feature","geometry":{"type":"Point","coordinates":[-114.6,51.9]},"properties":{"r":2.02,"w":51,"o":238}},{"type":"Feature","geometry":{"type":"Point","coordinates":[-114.5,51.9]},"properties":{"r":3.54,"w":92,"o":340}},{"type":"Feature","geometry":{"type":"Point","coordinates":[-114.4,51.9]},"properties":{"r":2.1,"w":75,"o":340}},{"type":"Feature","geometry":{"type":"Point","coordinates":[-114.3,51.9]},"properties":{"r":0.24,"w":9,"o":278}},{"type":"Feature","geometry":{"type":"Point","coordinates":[-114.2,51.9]},"properties":{"r":0.0,"w":1,"o":39}},{"type":"Feature","geometry":{"type":"Point","coordinates":[-114.1,51.9]},"properties":{"r":0.08,"w":1,"o":340}},{"type":"Feature","geometry":{"type":"Point","coordinates":[-113.9,51.9]},"properties":{"r":0.48,"w":13,"o":110}},{"type":"Feature","geometry":{"type":"Point","coordinates":[-113.8,51.9]},"properties":{"r":1.71,"w":39,"o":110}},{"type":"Feature","geometry":{"type":"Point","coordinates":[-113.7,51.9]},"properties":{"r":1.45,"w":47,"o":110}},{"type":"Feature","geometry":{"type":"Point","coordinates":[-113.6,51.9]},"properties":{"r":3.9,"w":132,"o":67}},{"type":"Feature","geometry":{"type":"Point","coordinates":[-113.5,51.9]},"properties":{"r":2.65,"w":90,"o":238}},{"type":"Feature","geometry":{"type":"Point","coordinates":[-113.4,51.9]},"properties":{"r":2.67,"w":104,"o":238}},{"type":"Feature","geometry":{"type":"Point","coordinates":[-113.3,51.9]},"properties":{"r":2.68,"w":114,"o":238}},{"type":"Feature","geometry":{"type":"Point","coordinates":[-113.2,51.9]},"properties":{"r":1.77,"w":59,"o":110}},{"type":"Feature","geometry":{"type":"Point","coordinates":[-113.1,51.9]},"properties":{"r":1.29,"w":57,"o":110}},{"type":"Feature","geometry":{"type":"Point","coordinates":[-113.0,51.9]},"properties":{"r":1.02,"w":43,"o":111}},{"type":"Feature","geometry":{"type":"Point","coordinates":[-112.9,51.9]},"properties":{"r":0.86,"w":41,"o":111}},{"type":"Feature","geometry":{"type":"Point","coordinates":[-112.8,51.9]},"properties":{"r":0.4,"w":20,"o":110}},{"type":"Feature","geometry":{"type":"Point","coordinates":[-112.7,51.9]},"properties":{"r":0.34,"w":14,"o":110}},{"type":"Feature","geometry":{"type":"Point","coordinates":[-112.6,51.9]},"properties":{"r":0.14,"w":7,"o":110}},{"type":"Feature","geometry":{"type":"Point","coordinates":[-112.5,51.9]},"properties":{"r":0.18,"w":17,"o":110}},{"type":"Feature","geometry":{"type":"Point","coordinates":[-112.4,51.9]},"properties":{"r":0.06,"w":1,"o":67}},{"type":"Feature","geometry":{"type":"Point","coordinates":[-112.3,51.9]},"properties":{"r":0.07,"w":1,"o":67}},{"type":"Feature","geometry":{"type":"Point","coordinates":[-112.1,51.9]},"properties":{"r":0.01,"w":1,"o":67}},{"type":"Feature","geometry":{"type":"Point","coordinates":[-111.9,51.9]},"properties":{"r":0.04,"w":11,"o":67}},{"type":"Feature","geometry":{"type":"Point","coordinates":[-111.8,51.9]},"properties":{"r":0.64,"w":51,"o":67}},{"type":"Feature","geometry":{"type":"Point","coordinates":[-111.7,51.9]},"properties":{"r":0.27,"w":74,"o":67}},{"type":"Feature","geometry":{"type":"Point","coordinates":[-111.6,51.9]},"properties":{"r":0.19,"w":61,"o":67}},{"type":"Feature","geometry":{"type":"Point","coordinates":[-111.5,51.9]},"properties":{"r":0.06,"w":17,"o":67}},{"type":"Feature","geometry":{"type":"Point","coordinates":[-111.4,51.9]},"properties":{"r":0.01,"w":3,"o":67}},{"type":"Feature","geometry":{"type":"Point","coordinates":[-111.3,51.9]},"properties":{"r":0.09,"w":13,"o":169}},{"type":"Feature","geometry":{"type":"Point","coordinates":[-111.2,51.9]},"properties":{"r":0.38,"w":56,"o":169}},{"type":"Feature","geometry":{"type":"Point","coordinates":[-111.1,51.9]},"properties":{"r":0.32,"w":75,"o":169}},{"type":"Feature","geometry":{"type":"Point","coordinates":[-111.0,51.9]},"properties":{"r":0.06,"w":19,"o":169}},{"type":"Feature","geometry":{"type":"Point","coordinates":[-110.9,51.9]},"properties":{"r":0.21,"w":7,"o":169}},{"type":"Feature","geometry":{"type":"Point","coordinates":[-110.7,51.9]},"properties":{"r":0.02,"w":1,"o":169}},{"type":"Feature","geometry":{"type":"Point","coordinates":[-110.6,51.9]},"properties":{"r":0.03,"w":3,"o":169}},{"type":"Feature","geometry":{"type":"Point","coordinates":[-110.5,51.9]},"properties":{"r":0.07,"w":3,"o":169}},{"type":"Feature","geometry":{"type":"Point","coordinates":[-110.4,51.9]},"properties":{"r":0.31,"w":22,"o":32}},{"type":"Feature","geometry":{"type":"Point","coordinates":[-110.3,51.9]},"properties":{"r":0.18,"w":25,"o":32}},{"type":"Feature","geometry":{"type":"Point","coordinates":[-110.2,51.9]},"properties":{"r":0.18,"w":7,"o":32}},{"type":"Feature","geometry":{"type":"Point","coordinates":[-110.1,51.9]},"properties":{"r":0.23,"w":6,"o":32}},{"type":"Feature","geometry":{"type":"Point","coordinates":[-110.0,51.9]},"properties":{"r":0.23,"w":11,"o":32}},{"type":"Feature","geometry":{"type":"Point","coordinates":[-115.2,52.0]},"properties":{"r":0.08,"w":1,"o":148}},{"type":"Feature","geometry":{"type":"Point","coordinates":[-115.1,52.0]},"properties":{"r":0.24,"w":6,"o":315}},{"type":"Feature","geometry":{"type":"Point","coordinates":[-115.0,52.0]},"properties":{"r":0.42,"w":12,"o":148}},{"type":"Feature","geometry":{"type":"Point","coordinates":[-114.9,52.0]},"properties":{"r":0.44,"w":10,"o":307}},{"type":"Feature","geometry":{"type":"Point","coordinates":[-114.8,52.0]},"properties":{"r":0.81,"w":16,"o":307}},{"type":"Feature","geometry":{"type":"Point","coordinates":[-114.7,52.0]},"properties":{"r":0.45,"w":12,"o":307}},{"type":"Feature","geometry":{"type":"Point","coordinates":[-114.6,52.0]},"properties":{"r":1.87,"w":41,"o":340}},{"type":"Feature","geometry":{"type":"Point","coordinates":[-114.5,52.0]},"properties":{"r":1.79,"w":49,"o":340}},{"type":"Feature","geometry":{"type":"Point","coordinates":[-114.4,52.0]},"properties":{"r":0.58,"w":24,"o":340}},{"type":"Feature","geometry":{"type":"Point","coordinates":[-114.3,52.0]},"properties":{"r":0.41,"w":12,"o":340}},{"type":"Feature","geometry":{"type":"Point","coordinates":[-114.2,52.0]},"properties":{"r":0.02,"w":1,"o":340}},{"type":"Feature","geometry":{"type":"Point","coordinates":[-114.1,52.0]},"properties":{"r":0.55,"w":16,"o":114}},{"type":"Feature","geometry":{"type":"Point","coordinates":[-114.0,52.0]},"properties":{"r":0.03,"w":1,"o":114}},{"type":"Feature","geometry":{"type":"Point","coordinates":[-113.9,52.0]},"properties":{"r":0.2,"w":10,"o":189}},{"type":"Feature","geometry":{"type":"Point","coordinates":[-113.8,52.0]},"properties":{"r":0.9,"w":42,"o":189}},{"type":"Feature","geometry":{"type":"Point","coordinates":[-113.7,52.0]},"properties":{"r":1.5,"w":74,"o":67}},{"type":"Feature","geometry":{"type":"Point","coordinates":[-113.6,52.0]},"properties":{"r":2.68,"w":105,"o":189}},{"type":"Feature","geometry":{"type":"Point","coordinates":[-113.5,52.0]},"properties":{"r":2.26,"w":73,"o":189}},{"type":"Feature","geometry":{"type":"Point","coordinates":[-113.4,52.0]},"properties":{"r":2.12,"w":84,"o":238}},{"type":"Feature","geometry":{"type":"Point","coordinates":[-113.3,52.0]},"properties":{"r":2.44,"w":100,"o":238}},{"type":"Feature","geometry":{"type":"Point","coordinates":[-113.2,52.0]},"properties":{"r":1.42,"w":67,"o":110}},{"type":"Feature","geometry":{"type":"Point","coordinates":[-113.1,52.0]},"properties":{"r":1.34,"w":75,"o":110}},{"type":"Feature","geometry":{"type":"Point","coordinates":[-113.0,52.0]},"properties":{"r":1.44,"w":88,"o":110}},{"type":"Feature","geometry":{"type":"Point","coordinates":[-112.9,52.0]},"properties":{"r":0.9,"w":31,"o":110}},{"type":"Feature","geometry":{"type":"Point","coordinates":[-112.8,52.0]},"properties":{"r":1.97,"w":76,"o":189}},{"type":"Feature","geometry":{"type":"Point","coordinates":[-112.7,52.0]},"properties":{"r":0.76,"w":51,"o":110}},{"type":"Feature","geometry":{"type":"Point","coordinates":[-112.6,52.0]},"properties":{"r":0.71,"w":41,"o":110}},{"type":"Feature","geometry":{"type":"Point","coordinates":[-112.5,52.0]},"properties":{"r":0.19,"w":18,"o":231}},{"type":"Feature","geometry":{"type":"Point","coordinates":[-112.4,52.0]},"properties":{"r":0.34,"w":15,"o":67}},{"type":"Feature","geometry":{"type":"Point","coordinates":[-112.3,52.0]},"properties":{"r":0.14,"w":6,"o":67}},{"type":"Feature","geometry":{"type":"Point","coordinates":[-112.2,52.0]},"properties":{"r":0.02,"w":2,"o":67}},{"type":"Feature","geometry":{"type":"Point","coordinates":[-112.1,52.0]},"properties":{"r":0.01,"w":1,"o":67}},{"type":"Feature","geometry":{"type":"Point","coordinates":[-112.0,52.0]},"properties":{"r":0.04,"w":2,"o":67}},{"type":"Feature","geometry":{"type":"Point","coordinates":[-111.9,52.0]},"properties":{"r":0.04,"w":2,"o":44}},{"type":"Feature","geometry":{"type":"Point","coordinates":[-111.8,52.0]},"properties":{"r":0.2,"w":6,"o":44}},{"type":"Feature","geometry":{"type":"Point","coordinates":[-111.7,52.0]},"properties":{"r":0.0,"w":1,"o":346}},{"type":"Feature","geometry":{"type":"Point","coordinates":[-111.5,52.0]},"properties":{"r":0.15,"w":8,"o":169}},{"type":"Feature","geometry":{"type":"Point","coordinates":[-111.4,52.0]},"properties":{"r":0.16,"w":8,"o":36}},{"type":"Feature","geometry":{"type":"Point","coordinates":[-111.3,52.0]},"properties":{"r":0.29,"w":36,"o":169}},{"type":"Feature","geometry":{"type":"Point","coordinates":[-111.2,52.0]},"properties":{"r":1.22,"w":117,"o":169}},{"type":"Feature","geometry":{"type":"Point","coordinates":[-111.1,52.0]},"properties":{"r":0.95,"w":82,"o":169}},{"type":"Feature","geometry":{"type":"Point","coordinates":[-111.0,52.0]},"properties":{"r":0.34,"w":49,"o":169}},{"type":"Feature","geometry":{"type":"Point","coordinates":[-110.9,52.0]},"properties":{"r":0.55,"w":23,"o":169}},{"type":"Feature","geometry":{"type":"Point","coordinates":[-110.8,52.0]},"properties":{"r":0.32,"w":20,"o":169}},{"type":"Feature","geometry":{"type":"Point","coordinates":[-110.7,52.0]},"properties":{"r":0.59,"w":30,"o":169}},{"type":"Feature","geometry":{"type":"Point","coordinates":[-110.6,52.0]},"properties":{"r":1.04,"w":58,"o":169}},{"type":"Feature","geometry":{"type":"Point","coordinates":[-110.5,52.0]},"properties":{"r":0.74,"w":56,"o":169}},{"type":"Feature","geometry":{"type":"Point","coordinates":[-110.4,52.0]},"properties":{"r":0.69,"w":59,"o":32}},{"type":"Feature","geometry":{"type":"Point","coordinates":[-110.3,52.0]},"properties":{"r":1.06,"w":49,"o":169}},{"type":"Feature","geometry":{"type":"Point","coordinates":[-110.2,52.0]},"properties":{"r":1.51,"w":81,"o":32}},{"type":"Feature","geometry":{"type":"Point","coordinates":[-110.1,52.0]},"properties":{"r":0.1,"w":8,"o":169}},{"type":"Feature","geometry":{"type":"Point","coordinates":[-115.2,52.1]},"properties":{"r":0.58,"w":14,"o":315}},{"type":"Feature","geometry":{"type":"Point","coordinates":[-115.1,52.1]},"properties":{"r":0.54,"w":10,"o":315}},{"type":"Feature","geometry":{"type":"Point","coordinates":[-115.0,52.1]},"properties":{"r":0.68,"w":15,"o":348}},{"type":"Feature","geometry":{"type":"Point","coordinates":[-114.9,52.1]},"properties":{"r":0.42,"w":8,"o":348}},{"type":"Feature","geometry":{"type":"Point","coordinates":[-114.8,52.1]},"properties":{"r":0.51,"w":10,"o":340}},{"type":"Feature","geometry":{"type":"Point","coordinates":[-114.7,52.1]},"properties":{"r":0.46,"w":12,"o":340}},{"type":"Feature","geometry":{"type":"Point","coordinates":[-114.6,52.1]},"properties":{"r":0.14,"w":7,"o":340}},{"type":"Feature","geometry":{"type":"Point","coordinates":[-114.5,52.1]},"properties":{"r":0.4,"w":12,"o":11}},{"type":"Feature","geometry":{"type":"Point","coordinates":[-114.4,52.1]},"properties":{"r":0.71,"w":42,"o":340}},{"type":"Feature","geometry":{"type":"Point","coordinates":[-114.3,52.1]},"properties":{"r":1.24,"w":38,"o":142}},{"type":"Feature","geometry":{"type":"Point","coordinates":[-114.2,52.1]},"properties":{"r":0.56,"w":11,"o":142}},{"type":"Feature","geometry":{"type":"Point","coordinates":[-114.1,52.1]},"properties":{"r":0.27,"w":13,"o":5}},{"type":"Feature","geometry":{"type":"Point","coordinates":[-114.0,52.1]},"properties":{"r":0.18,"w":6,"o":98}},{"type":"Feature","geometry":{"type":"Point","coordinates":[-113.9,52.1]},"properties":{"r":0.25,"w":11,"o":98}},{"type":"Feature","geometry":{"type":"Point","coordinates":[-113.8,52.1]},"properties":{"r":0.96,"w":40,"o":189}},{"type":"Feature","geometry":{"type":"Point","coordinates":[-113.7,52.1]},"properties":{"r":2.02,"w":89,"o":189}},{"type":"Feature","geometry":{"type":"Point","coordinates":[-113.6,52.1]},"properties":{"r":2.45,"w":94,"o":189}},{"type":"Feature","geometry":{"type":"Point","coordinates":[-113.5,52.1]},"properties":{"r":0.31,"w":10,"o":110}},{"type":"Feature","geometry":{"type":"Point","coordinates":[-113.4,52.1]},"properties":{"r":1.23,"w":42,"o":110}},{"type":"Feature","geometry":{"type":"Point","coordinates":[-113.3,52.1]},"properties":{"r":1.5,"w":71,"o":110}},{"type":"Feature","geometry":{"type":"Point","coordinates":[-113.2,52.1]},"properties":{"r":1.12,"w":73,"o":110}},{"type":"Feature","geometry":{"type":"Point","coordinates":[-113.1,52.1]},"properties":{"r":1.58,"w":99,"o":110}},{"type":"Feature","geometry":{"type":"Point","coordinates":[-113.0,52.1]},"properties":{"r":1.14,"w":52,"o":110}},{"type":"Feature","geometry":{"type":"Point","coordinates":[-112.9,52.1]},"properties":{"r":1.39,"w":56,"o":110}},{"type":"Feature","geometry":{"type":"Point","coordinates":[-112.8,52.1]},"properties":{"r":1.9,"w":93,"o":49}},{"type":"Feature","geometry":{"type":"Point","coordinates":[-112.7,52.1]},"properties":{"r":1.27,"w":53,"o":110}},{"type":"Feature","geometry":{"type":"Point","coordinates":[-112.6,52.1]},"properties":{"r":0.49,"w":24,"o":110}},{"type":"Feature","geometry":{"type":"Point","coordinates":[-112.5,52.1]},"properties":{"r":0.02,"w":2,"o":110}},{"type":"Feature","geometry":{"type":"Point","coordinates":[-112.4,52.1]},"properties":{"r":0.09,"w":10,"o":67}},{"type":"Feature","geometry":{"type":"Point","coordinates":[-112.3,52.1]},"properties":{"r":0.35,"w":8,"o":67}},{"type":"Feature","geometry":{"type":"Point","coordinates":[-112.2,52.1]},"properties":{"r":0.2,"w":5,"o":67}},{"type":"Feature","geometry":{"type":"Point","coordinates":[-112.1,52.1]},"properties":{"r":0.54,"w":13,"o":67}},{"type":"Feature","geometry":{"type":"Point","coordinates":[-112.0,52.1]},"properties":{"r":0.04,"w":1,"o":67}},{"type":"Feature","geometry":{"type":"Point","coordinates":[-111.9,52.1]},"properties":{"r":0.14,"w":3,"o":44}},{"type":"Feature","geometry":{"type":"Point","coordinates":[-111.6,52.1]},"properties":{"r":0.12,"w":5,"o":36}},{"type":"Feature","geometry":{"type":"Point","coordinates":[-111.5,52.1]},"properties":{"r":0.11,"w":4,"o":36}},{"type":"Feature","geometry":{"type":"Point","coordinates":[-111.4,52.1]},"properties":{"r":0.28,"w":12,"o":36}},{"type":"Feature","geometry":{"type":"Point","coordinates":[-111.3,52.1]},"properties":{"r":0.42,"w":35,"o":169}},{"type":"Feature","geometry":{"type":"Point","coordinates":[-111.2,52.1]},"properties":{"r":0.34,"w":30,"o":169}},{"type":"Feature","geometry":{"type":"Point","coordinates":[-111.1,52.1]},"properties":{"r":0.39,"w":44,"o":169}},{"type":"Feature","geometry":{"type":"Point","coordinates":[-111.0,52.1]},"properties":{"r":0.16,"w":13,"o":169}},{"type":"Feature","geometry":{"type":"Point","coordinates":[-110.9,52.1]},"properties":{"r":0.14,"w":9,"o":44}},{"type":"Feature","geometry":{"type":"Point","coordinates":[-110.8,52.1]},"properties":{"r":0.12,"w":4,"o":44}},{"type":"Feature","geometry":{"type":"Point","coordinates":[-110.7,52.1]},"properties":{"r":0.11,"w":9,"o":44}},{"type":"Feature","geometry":{"type":"Point","coordinates":[-110.6,52.1]},"properties":{"r":0.91,"w":88,"o":301}},{"type":"Feature","geometry":{"type":"Point","coordinates":[-110.5,52.1]},"properties":{"r":0.23,"w":19,"o":44}},{"type":"Feature","geometry":{"type":"Point","coordinates":[-110.4,52.1]},"properties":{"r":0.91,"w":44,"o":44}},{"type":"Feature","geometry":{"type":"Point","coordinates":[-110.3,52.1]},"properties":{"r":0.51,"w":56,"o":189}},{"type":"Feature","geometry":{"type":"Point","coordinates":[-110.2,52.1]},"properties":{"r":0.18,"w":26,"o":169}},{"type":"Feature","geometry":{"type":"Point","coordinates":[-110.1,52.1]},"properties":{"r":0.09,"w":11,"o":295}},{"type":"Feature","geometry":{"type":"Point","coordinates":[-110.0,52.1]},"properties":{"r":0.0,"w":1,"o":295}},{"type":"Feature","geometry":{"type":"Point","coordinates":[-115.3,52.2]},"properties":{"r":0.04,"w":1,"o":340}},{"type":"Feature","geometry":{"type":"Point","coordinates":[-115.2,52.2]},"properties":{"r":0.18,"w":3,"o":340}},{"type":"Feature","geometry":{"type":"Point","coordinates":[-115.1,52.2]},"properties":{"r":0.5,"w":11,"o":222}},{"type":"Feature","geometry":{"type":"Point","coordinates":[-115.0,52.2]},"properties":{"r":2.25,"w":44,"o":348}},{"type":"Feature","geometry":{"type":"Point","coordinates":[-114.9,52.2]},"properties":{"r":1.04,"w":22,"o":348}},{"type":"Feature","geometry":{"type":"Point","coordinates":[-114.8,52.2]},"properties":{"r":0.52,"w":22,"o":307}},{"type":"Feature","geometry":{"type":"Point","coordinates":[-114.7,52.2]},"properties":{"r":0.4,"w":13,"o":307}},{"type":"Feature","geometry":{"type":"Point","coordinates":[-114.6,52.2]},"properties":{"r":0.83,"w":23,"o":238}},{"type":"Feature","geometry":{"type":"Point","coordinates":[-114.5,52.2]},"properties":{"r":0.31,"w":12,"o":63}},{"type":"Feature","geometry":{"type":"Point","coordinates":[-114.4,52.2]},"properties":{"r":1.34,"w":44,"o":63}},{"type":"Feature","geometry":{"type":"Point","coordinates":[-114.3,52.2]},"properties":{"r":0.86,"w":31,"o":63}},{"type":"Feature","geometry":{"type":"Point","coordinates":[-114.2,52.2]},"properties":{"r":0.21,"w":5,"o":142}},{"type":"Feature","geometry":{"type":"Point","coordinates":[-114.1,52.2]},"properties":{"r":0.21,"w":4,"o":227}},{"type":"Feature","geometry":{"type":"Point","coordinates":[-114.0,52.2]},"properties":{"r":0.43,"w":7,"o":227}},{"type":"Feature","geometry":{"type":"Point","coordinates":[-113.9,52.2]},"properties":{"r":0.43,"w":9,"o":227}},{"type":"Feature","geometry":{"type":"Point","coordinates":[-113.8,52.2]},"properties":{"r":0.36,"w":10,"o":98}},{"type":"Feature","geometry":{"type":"Point","coordinates":[-113.7,52.2]},"properties":{"r":2.43,"w":88,"o":326}},{"type":"Feature","geometry":{"type":"Point","coordinates":[-113.6,52.2]},"properties":{"r":1.06,"w":39,"o":326}},{"type":"Feature","geometry":{"type":"Point","coordinates":[-113.5,52.2]},"properties":{"r":0.46,"w":14,"o":189}},{"type":"Feature","geometry":{"type":"Point","coordinates":[-113.4,52.2]},"properties":{"r":0.82,"w":37,"o":298}},{"type":"Feature","geometry":{"type":"Point","coordinates":[-113.3,52.2]},"properties":{"r":0.7,"w":37,"o":298}},{"type":"Feature","geometry":{"type":"Point","coordinates":[-113.2,52.2]},"properties":{"r":0.86,"w":47,"o":298}},{"type":"Feature","geometry":{"type":"Point","coordinates":[-113.1,52.2]},"properties":{"r":1.53,"w":55,"o":327}},{"type":"Feature","geometry":{"type":"Point","coordinates":[-113.0,52.2]},"properties":{"r":1.31,"w":97,"o":110}},{"type":"Feature","geometry":{"type":"Point","coordinates":[-112.9,52.2]},"properties":{"r":1.77,"w":98,"o":110}},{"type":"Feature","geometry":{"type":"Point","coordinates":[-112.8,52.2]},"properties":{"r":1.63,"w":73,"o":49}},{"type":"Feature","geometry":{"type":"Point","coordinates":[-112.7,52.2]},"properties":{"r":1.51,"w":76,"o":110}},{"type":"Feature","geometry":{"type":"Point","coordinates":[-112.6,52.2]},"properties":{"r":1.25,"w":46,"o":110}},{"type":"Feature","geometry":{"type":"Point","coordinates":[-112.5,52.2]},"properties":{"r":0.02,"w":5,"o":251}},{"type":"Feature","geometry":{"type":"Point","coordinates":[-112.3,52.2]},"properties":{"r":0.17,"w":16,"o":179}},{"type":"Feature","geometry":{"type":"Point","coordinates":[-112.1,52.2]},"properties":{"r":0.01,"w":1,"o":67}},{"type":"Feature","geometry":{"type":"Point","coordinates":[-112.0,52.2]},"properties":{"r":0.08,"w":2,"o":169}},{"type":"Feature","geometry":{"type":"Point","coordinates":[-111.9,52.2]},"properties":{"r":0.27,"w":8,"o":169}},{"type":"Feature","geometry":{"type":"Point","coordinates":[-111.8,52.2]},"properties":{"r":0.15,"w":4,"o":169}},{"type":"Feature","geometry":{"type":"Point","coordinates":[-111.7,52.2]},"properties":{"r":0.43,"w":11,"o":169}},{"type":"Feature","geometry":{"type":"Point","coordinates":[-111.6,52.2]},"properties":{"r":0.28,"w":13,"o":169}},{"type":"Feature","geometry":{"type":"Point","coordinates":[-111.5,52.2]},"properties":{"r":0.12,"w":5,"o":169}},{"type":"Feature","geometry":{"type":"Point","coordinates":[-111.4,52.2]},"properties":{"r":0.03,"w":2,"o":44}},{"type":"Feature","geometry":{"type":"Point","coordinates":[-111.2,52.2]},"properties":{"r":0.02,"w":1,"o":44}},{"type":"Feature","geometry":{"type":"Point","coordinates":[-111.1,52.2]},"properties":{"r":0.02,"w":1,"o":169}},{"type":"Feature","geometry":{"type":"Point","coordinates":[-110.9,52.2]},"properties":{"r":0.07,"w":10,"o":123}},{"type":"Feature","geometry":{"type":"Point","coordinates":[-110.8,52.2]},"properties":{"r":0.26,"w":8,"o":44}},{"type":"Feature","geometry":{"type":"Point","coordinates":[-110.7,52.2]},"properties":{"r":0.13,"w":7,"o":44}},{"type":"Feature","geometry":{"type":"Point","coordinates":[-110.6,52.2]},"properties":{"r":0.15,"w":20,"o":301}},{"type":"Feature","geometry":{"type":"Point","coordinates":[-110.5,52.2]},"properties":{"r":0.17,"w":19,"o":243}},{"type":"Feature","geometry":{"type":"Point","coordinates":[-110.4,52.2]},"properties":{"r":0.85,"w":56,"o":335}},{"type":"Feature","geometry":{"type":"Point","coordinates":[-110.3,52.2]},"properties":{"r":0.99,"w":71,"o":169}},{"type":"Feature","geometry":{"type":"Point","coordinates":[-110.2,52.2]},"properties":{"r":0.07,"w":5,"o":44}},{"type":"Feature","geometry":{"type":"Point","coordinates":[-110.1,52.2]},"properties":{"r":0.27,"w":36,"o":295}},{"type":"Feature","geometry":{"type":"Point","coordinates":[-110.0,52.2]},"properties":{"r":0.13,"w":43,"o":295}},{"type":"Feature","geometry":{"type":"Point","coordinates":[-115.5,52.3]},"properties":{"r":0.01,"w":1,"o":69}},{"type":"Feature","geometry":{"type":"Point","coordinates":[-115.4,52.3]},"properties":{"r":0.1,"w":1,"o":288}},{"type":"Feature","geometry":{"type":"Point","coordinates":[-115.3,52.3]},"properties":{"r":0.21,"w":3,"o":288}},{"type":"Feature","geometry":{"type":"Point","coordinates":[-115.2,52.3]},"properties":{"r":2.05,"w":31,"o":222}},{"type":"Feature","geometry":{"type":"Point","coordinates":[-115.1,52.3]},"properties":{"r":3.32,"w":58,"o":222}},{"type":"Feature","geometry":{"type":"Point","coordinates":[-115.0,52.3]},"properties":{"r":3.52,"w":86,"o":67}},{"type":"Feature","geometry":{"type":"Point","coordinates":[-114.9,52.3]},"properties":{"r":0.98,"w":66,"o":67}},{"type":"Feature","geometry":{"type":"Point","coordinates":[-114.8,52.3]},"properties":{"r":0.29,"w":13,"o":307}},{"type":"Feature","geometry":{"type":"Point","coordinates":[-114.7,52.3]},"properties":{"r":0.6,"w":14,"o":238}},{"type":"Feature","geometry":{"type":"Point","coordinates":[-114.6,52.3]},"properties":{"r":0.16,"w":9,"o":156}},{"type":"Feature","geometry":{"type":"Point","coordinates":[-114.5,52.3]},"properties":{"r":0.86,"w":37,"o":63}},{"type":"Feature","geometry":{"type":"Point","coordinates":[-114.4,52.3]},"properties":{"r":1.61,"w":63,"o":63}},{"type":"Feature","geometry":{"type":"Point","coordinates":[-114.3,52.3]},"properties":{"r":0.47,"w":11,"o":63}},{"type":"Feature","geometry":{"type":"Point","coordinates":[-114.2,52.3]},"properties":{"r":0.4,"w":11,"o":63}},{"type":"Feature","geometry":{"type":"Point","coordinates":[-114.1,52.3]},"properties":{"r":0.2,"w":6,"o":63}},{"type":"Feature","geometry":{"type":"Point","coordinates":[-114.0,52.3]},"properties":{"r":0.24,"w":8,"o":227}},{"type":"Feature","geometry":{"type":"Point","coordinates":[-113.9,52.3]},"properties":{"r":1.33,"w":24,"o":227}},{"type":"Feature","geometry":{"type":"Point","coordinates":[-113.8,52.3]},"properties":{"r":0.01,"w":8,"o":98}},{"type":"Feature","geometry":{"type":"Point","coordinates":[-113.7,52.3]},"properties":{"r":1.08,"w":33,"o":98}},{"type":"Feature","geometry":{"type":"Point","coordinates":[-113.6,52.3]},"properties":{"r":1.45,"w":43,"o":189}},{"type":"Feature","geometry":{"type":"Point","coordinates":[-113.5,52.3]},"properties":{"r":1.39,"w":49,"o":189}},{"type":"Feature","geometry":{"type":"Point","coordinates":[-113.4,52.3]},"properties":{"r":1.49,"w":62,"o":110}},{"type":"Feature","geometry":{"type":"Point","coordinates":[-113.3,52.3]},"properties":{"r":1.56,"w":62,"o":110}},{"type":"Feature","geometry":{"type":"Point","coordinates":[-113.2,52.3]},"properties":{"r":0.98,"w":42,"o":110}},{"type":"Feature","geometry":{"type":"Point","coordinates":[-113.1,52.3]},"properties":{"r":0.61,"w":20,"o":67}},{"type":"Feature","geometry":{"type":"Point","coordinates":[-113.0,52.3]},"properties":{"r":1.05,"w":58,"o":289}},{"type":"Feature","geometry":{"type":"Point","coordinates":[-112.9,52.3]},"properties":{"r":0.7,"w":45,"o":289}},{"type":"Feature","geometry":{"type":"Point","coordinates":[-112.8,52.3]},"properties":{"r":1.2,"w":77,"o":49}},{"type":"Feature","geometry":{"type":"Point","coordinates":[-112.7,52.3]},"properties":{"r":0.29,"w":17,"o":49}},{"type":"Feature","geometry":{"type":"Point","coordinates":[-112.6,52.3]},"properties":{"r":0.54,"w":17,"o":110}},{"type":"Feature","geometry":{"type":"Point","coordinates":[-112.5,52.3]},"properties":{"r":0.17,"w":6,"o":67}},{"type":"Feature","geometry":{"type":"Point","coordinates":[-112.4,52.3]},"properties":{"r":0.12,"w":3,"o":67}},{"type":"Feature","geometry":{"type":"Point","coordinates":[-112.3,52.3]},"properties":{"r":0.06,"w":8,"o":179}},{"type":"Feature","geometry":{"type":"Point","coordinates":[-112.2,52.3]},"properties":{"r":0.02,"w":9,"o":193}},{"type":"Feature","geometry":{"type":"Point","coordinates":[-112.0,52.3]},"properties":{"r":0.06,"w":7,"o":169}},{"type":"Feature","geometry":{"type":"Point","coordinates":[-111.9,52.3]},"properties":{"r":0.12,"w":12,"o":169}},{"type":"Feature","geometry":{"type":"Point","coordinates":[-111.8,52.3]},"properties":{"r":0.14,"w":9,"o":169}},{"type":"Feature","geometry":{"type":"Point","coordinates":[-111.7,52.3]},"properties":{"r":0.54,"w":36,"o":169}},{"type":"Feature","geometry":{"type":"Point","coordinates":[-111.6,52.3]},"properties":{"r":1.5,"w":76,"o":169}},{"type":"Feature","geometry":{"type":"Point","coordinates":[-111.5,52.3]},"properties":{"r":0.52,"w":25,"o":169}},{"type":"Feature","geometry":{"type":"Point","coordinates":[-111.4,52.3]},"properties":{"r":0.4,"w":33,"o":44}},{"type":"Feature","geometry":{"type":"Point","coordinates":[-111.3,52.3]},"properties":{"r":0.21,"w":17,"o":169}},{"type":"Feature","geometry":{"type":"Point","coordinates":[-111.2,52.3]},"properties":{"r":0.0,"w":3,"o":44}},{"type":"Feature","geometry":{"type":"Point","coordinates":[-111.1,52.3]},"properties":{"r":0.11,"w":5,"o":44}},{"type":"Feature","geometry":{"type":"Point","coordinates":[-111.0,52.3]},"properties":{"r":0.01,"w":4,"o":126}},{"type":"Feature","geometry":{"type":"Point","coordinates":[-110.9,52.3]},"properties":{"r":0.1,"w":16,"o":183}},{"type":"Feature","geometry":{"type":"Point","coordinates":[-110.8,52.3]},"properties":{"r":0.06,"w":6,"o":44}},{"type":"Feature","geometry":{"type":"Point","coordinates":[-110.7,52.3]},"properties":{"r":0.07,"w":7,"o":44}},{"type":"Feature","geometry":{"type":"Point","coordinates":[-110.6,52.3]},"properties":{"r":0.02,"w":8,"o":243}},{"type":"Feature","geometry":{"type":"Point","coordinates":[-110.5,52.3]},"properties":{"r":0.14,"w":7,"o":44}},{"type":"Feature","geometry":{"type":"Point","coordinates":[-110.4,52.3]},"properties":{"r":0.66,"w":66,"o":62}},{"type":"Feature","geometry":{"type":"Point","coordinates":[-110.3,52.3]},"properties":{"r":1.39,"w":93,"o":301}},{"type":"Feature","geometry":{"type":"Point","coordinates":[-110.2,52.3]},"properties":{"r":1.01,"w":57,"o":301}},{"type":"Feature","geometry":{"type":"Point","coordinates":[-110.1,52.3]},"properties":{"r":0.12,"w":10,"o":92}},{"type":"Feature","geometry":{"type":"Point","coordinates":[-115.5,52.4]},"properties":{"r":0.06,"w":1,"o":237}},{"type":"Feature","geometry":{"type":"Point","coordinates":[-115.4,52.4]},"properties":{"r":0.24,"w":7,"o":348}},{"type":"Feature","geometry":{"type":"Point","coordinates":[-115.3,52.4]},"properties":{"r":0.36,"w":6,"o":67}},{"type":"Feature","geometry":{"type":"Point","coordinates":[-115.2,52.4]},"properties":{"r":1.7,"w":30,"o":222}},{"type":"Feature","geometry":{"type":"Point","coordinates":[-115.1,52.4]},"properties":{"r":1.66,"w":31,"o":67}},{"type":"Feature","geometry":{"type":"Point","coordinates":[-115.0,52.4]},"properties":{"r":1.56,"w":52,"o":67}},{"type":"Feature","geometry":{"type":"Point","coordinates":[-114.9,52.4]},"properties":{"r":0.12,"w":3,"o":67}},{"type":"Feature","geometry":{"type":"Point","coordinates":[-114.8,52.4]},"properties":{"r":0.88,"w":17,"o":142}},{"type":"Feature","geometry":{"type":"Point","coordinates":[-114.7,52.4]},"properties":{"r":1.77,"w":46,"o":156}},{"type":"Feature","geometry":{"type":"Point","coordinates":[-114.6,52.4]},"properties":{"r":1.2,"w":21,"o":156}},{"type":"Feature","geometry":{"type":"Point","coordinates":[-114.5,52.4]},"properties":{"r":0.96,"w":17,"o":63}},{"type":"Feature","geometry":{"type":"Point","coordinates":[-114.4,52.4]},"properties":{"r":0.67,"w":33,"o":63}},{"type":"Feature","geometry":{"type":"Point","coordinates":[-114.3,52.4]},"properties":{"r":0.6,"w":16,"o":63}},{"type":"Feature","geometry":{"type":"Point","coordinates":[-114.2,52.4]},"properties":{"r":0.43,"w":13,"o":238}},{"type":"Feature","geometry":{"type":"Point","coordinates":[-114.1,52.4]},"properties":{"r":0.56,"w":25,"o":63}},{"type":"Feature","geometry":{"type":"Point","coordinates":[-114.0,52.4]},"properties":{"r":0.73,"w":23,"o":67}},{"type":"Feature","geometry":{"type":"Point","coordinates":[-113.9,52.4]},"properties":{"r":1.54,"w":44,"o":227}},{"type":"Feature","geometry":{"type":"Point","coordinates":[-113.8,52.4]},"properties":{"r":0.77,"w":21,"o":227}},{"type":"Feature","geometry":{"type":"Point","coordinates":[-113.7,52.4]},"properties":{"r":1.2,"w":38,"o":189}},{"type":"Feature","geometry":{"type":"Point","coordinates":[-113.6,52.4]},"properties":{"r":1.19,"w":56,"o":189}},{"type":"Feature","geometry":{"type":"Point","coordinates":[-113.5,52.4]},"properties":{"r":1.23,"w":65,"o":189}},{"type":"Feature","geometry":{"type":"Point","coordinates":[-113.4,52.4]},"properties":{"r":2.13,"w":96,"o":110}},{"type":"Feature","geometry":{"type":"Point","coordinates":[-113.3,52.4]},"properties":{"r":1.85,"w":97,"o":110}},{"type":"Feature","geometry":{"type":"Point","coordinates":[-113.2,52.4]},"properties":{"r":1.41,"w":77,"o":110}},{"type":"Feature","geometry":{"type":"Point","coordinates":[-113.1,52.4]},"properties":{"r":1.25,"w":74,"o":110}},{"type":"Feature","geometry":{"type":"Point","coordinates":[-113.0,52.4]},"properties":{"r":0.2,"w":29,"o":67}},{"type":"Feature","geometry":{"type":"Point","coordinates":[-112.9,52.4]},"properties":{"r":0.35,"w":19,"o":67}},{"type":"Feature","geometry":{"type":"Point","coordinates":[-112.8,52.4]},"properties":{"r":0.16,"w":10,"o":49}},{"type":"Feature","geometry":{"type":"Point","coordinates":[-112.7,52.4]},"properties":{"r":0.15,"w":2,"o":98}},{"type":"Feature","geometry":{"type":"Point","coordinates":[-112.6,52.4]},"properties":{"r":0.18,"w":2,"o":98}},{"type":"Feature","geometry":{"type":"Point","coordinates":[-112.0,52.4]},"properties":{"r":0.16,"w":14,"o":169}},{"type":"Feature","geometry":{"type":"Point","coordinates":[-111.9,52.4]},"properties":{"r":0.07,"w":21,"o":169}},{"type":"Feature","geometry":{"type":"Point","coordinates":[-111.8,52.4]},"properties":{"r":0.1,"w":28,"o":169}},{"type":"Feature","geometry":{"type":"Point","coordinates":[-111.7,52.4]},"properties":{"r":0.12,"w":13,"o":169}},{"type":"Feature","geometry":{"type":"Point","coordinates":[-111.6,52.4]},"properties":{"r":0.12,"w":10,"o":169}},{"type":"Feature","geometry":{"type":"Point","coordinates":[-111.5,52.4]},"properties":{"r":0.07,"w":4,"o":169}},{"type":"Feature","geometry":{"type":"Point","coordinates":[-111.4,52.4]},"properties":{"r":0.06,"w":3,"o":169}},{"type":"Feature","geometry":{"type":"Point","coordinates":[-111.3,52.4]},"properties":{"r":0.03,"w":14,"o":116}},{"type":"Feature","geometry":{"type":"Point","coordinates":[-111.2,52.4]},"properties":{"r":0.19,"w":41,"o":116}},{"type":"Feature","geometry":{"type":"Point","coordinates":[-111.1,52.4]},"properties":{"r":0.14,"w":7,"o":44}},{"type":"Feature","geometry":{"type":"Point","coordinates":[-111.0,52.4]},"properties":{"r":0.11,"w":7,"o":44}},{"type":"Feature","geometry":{"type":"Point","coordinates":[-110.9,52.4]},"properties":{"r":0.11,"w":20,"o":183}},{"type":"Feature","geometry":{"type":"Point","coordinates":[-110.8,52.4]},"properties":{"r":0.05,"w":21,"o":183}},{"type":"Feature","geometry":{"type":"Point","coordinates":[-110.7,52.4]},"properties":{"r":0.25,"w":9,"o":335}},{"type":"Feature","geometry":{"type":"Point","coordinates":[-110.6,52.4]},"properties":{"r":0.11,"w":5,"o":335}},{"type":"Feature","geometry":{"type":"Point","coordinates":[-110.5,52.4]},"properties":{"r":0.07,"w":28,"o":301}},{"type":"Feature","geometry":{"type":"Point","coordinates":[-110.4,52.4]},"properties":{"r":0.26,"w":74,"o":335}},{"type":"Feature","geometry":{"type":"Point","coordinates":[-110.3,52.4]},"properties":{"r":0.98,"w":68,"o":301}},{"type":"Feature","geometry":{"type":"Point","coordinates":[-110.2,52.4]},"properties":{"r":0.28,"w":49,"o":335}},{"type":"Feature","geometry":{"type":"Point","coordinates":[-110.1,52.4]},"properties":{"r":0.16,"w":10,"o":335}},{"type":"Feature","geometry":{"type":"Point","coordinates":[-110.0,52.4]},"properties":{"r":0.27,"w":7,"o":323}},{"type":"Feature","geometry":{"type":"Point","coordinates":[-115.5,52.5]},"properties":{"r":0.07,"w":1,"o":327}},{"type":"Feature","geometry":{"type":"Point","coordinates":[-115.4,52.5]},"properties":{"r":0.23,"w":5,"o":67}},{"type":"Feature","geometry":{"type":"Point","coordinates":[-115.3,52.5]},"properties":{"r":0.81,"w":15,"o":307}},{"type":"Feature","geometry":{"type":"Point","coordinates":[-115.2,52.5]},"properties":{"r":0.98,"w":20,"o":307}},{"type":"Feature","geometry":{"type":"Point","coordinates":[-115.1,52.5]},"properties":{"r":1.53,"w":37,"o":307}},{"type":"Feature","geometry":{"type":"Point","coordinates":[-115.0,52.5]},"properties":{"r":1.27,"w":38,"o":348}},{"type":"Feature","geometry":{"type":"Point","coordinates":[-114.9,52.5]},"properties":{"r":0.78,"w":23,"o":348}},{"type":"Feature","geometry":{"type":"Point","coordinates":[-114.8,52.5]},"properties":{"r":2.66,"w":62,"o":315}},{"type":"Feature","geometry":{"type":"Point","coordinates":[-114.7,52.5]},"properties":{"r":2.86,"w":60,"o":315}},{"type":"Feature","geometry":{"type":"Point","coordinates":[-114.6,52.5]},"properties":{"r":1.66,"w":33,"o":315}},{"type":"Feature","geometry":{"type":"Point","coordinates":[-114.5,52.5]},"properties":{"r":2.16,"w":49,"o":134}},{"type":"Feature","geometry":{"type":"Point","coordinates":[-114.4,52.5]},"properties":{"r":0.94,"w":30,"o":134}},{"type":"Feature","geometry":{"type":"Point","coordinates":[-114.3,52.5]},"properties":{"r":0.43,"w":11,"o":290}},{"type":"Feature","geometry":{"type":"Point","coordinates":[-114.2,52.5]},"properties":{"r":0.38,"w":11,"o":166}},{"type":"Feature","geometry":{"type":"Point","coordinates":[-114.1,52.5]},"properties":{"r":0.6,"w":14,"o":238}},{"type":"Feature","geometry":{"type":"Point","coordinates":[-114.0,52.5]},"properties":{"r":0.25,"w":9,"o":166}},{"type":"Feature","geometry":{"type":"Point","coordinates":[-113.9,52.5]},"properties":{"r":0.25,"w":14,"o":227}},{"type":"Feature","geometry":{"type":"Point","coordinates":[-113.8,52.5]},"properties":{"r":0.53,"w":21,"o":227}},{"type":"Feature","geometry":{"type":"Point","coordinates":[-113.7,52.5]},"properties":{"r":0.51,"w":22,"o":289}},{"type":"Feature","geometry":{"type":"Point","coordinates":[-113.6,52.5]},"properties":{"r":0.09,"w":8,"o":289}},{"type":"Feature","geometry":{"type":"Point","coordinates":[-113.5,52.5]},"properties":{"r":0.65,"w":27,"o":189}},{"type":"Feature","geometry":{"type":"Point","coordinates":[-113.4,52.5]},"properties":{"r":1.82,"w":67,"o":110}},{"type":"Feature","geometry":{"type":"Point","coordinates":[-113.3,52.5]},"properties":{"r":1.56,"w":92,"o":110}},{"type":"Feature","geometry":{"type":"Point","coordinates":[-113.2,52.5]},"properties":{"r":1.43,"w":95,"o":110}},{"type":"Feature","geometry":{"type":"Point","coordinates":[-113.1,52.5]},"properties":{"r":1.18,"w":61,"o":110}},{"type":"Feature","geometry":{"type":"Point","coordinates":[-113.0,52.5]},"properties":{"r":1.11,"w":73,"o":110}},{"type":"Feature","geometry":{"type":"Point","coordinates":[-112.9,52.5]},"properties":{"r":0.9,"w":44,"o":110}},{"type":"Feature","geometry":{"type":"Point","coordinates":[-112.8,52.5]},"properties":{"r":0.25,"w":8,"o":110}},{"type":"Feature","geometry":{"type":"Point","coordinates":[-112.5,52.5]},"properties":{"r":0.01,"w":2,"o":285}},{"type":"Feature","geometry":{"type":"Point","coordinates":[-112.0,52.5]},"properties":{"r":0.02,"w":3,"o":169}},{"type":"Feature","geometry":{"type":"Point","coordinates":[-111.9,52.5]},"properties":{"r":0.01,"w":4,"o":251}},{"type":"Feature","geometry":{"type":"Point","coordinates":[-111.8,52.5]},"properties":{"r":0.03,"w":7,"o":169}},{"type":"Feature","geometry":{"type":"Point","coordinates":[-111.7,52.5]},"properties":{"r":0.03,"w":12,"o":142}},{"type":"Feature","geometry":{"type":"Point","coordinates":[-111.6,52.5]},"properties":{"r":0.02,"w":4,"o":142}},{"type":"Feature","geometry":{"type":"Point","coordinates":[-111.2,52.5]},"properties":{"r":0.01,"w":1,"o":44}},{"type":"Feature","geometry":{"type":"Point","coordinates":[-111.1,52.5]},"properties":{"r":0.02,"w":9,"o":297}},{"type":"Feature","geometry":{"type":"Point","coordinates":[-110.9,52.5]},"properties":{"r":0.03,"w":2,"o":183}},{"type":"Feature","geometry":{"type":"Point","coordinates":[-110.6,52.5]},"properties":{"r":0.0,"w":2,"o":117}},{"type":"Feature","geometry":{"type":"Point","coordinates":[-110.5,52.5]},"properties":{"r":0.14,"w":27,"o":117}},{"type":"Feature","geometry":{"type":"Point","coordinates":[-110.4,52.5]},"properties":{"r":0.26,"w":29,"o":268}},{"type":"Feature","geometry":{"type":"Point","coordinates":[-110.3,52.5]},"properties":{"r":0.34,"w":35,"o":36}},{"type":"Feature","geometry":{"type":"Point","coordinates":[-110.2,52.5]},"properties":{"r":0.29,"w":19,"o":335}},{"type":"Feature","geometry":{"type":"Point","coordinates":[-110.1,52.5]},"properties":{"r":0.41,"w":69,"o":183}},{"type":"Feature","geometry":{"type":"Point","coordinates":[-110.0,52.5]},"properties":{"r":0.07,"w":5,"o":183}},{"type":"Feature","geometry":{"type":"Point","coordinates":[-116.4,52.6]},"properties":{"r":0.08,"w":2,"o":69}},{"type":"Feature","geometry":{"type":"Point","coordinates":[-116.2,52.6]},"properties":{"r":0.09,"w":1,"o":69}},{"type":"Feature","geometry":{"type":"Point","coordinates":[-116.1,52.6]},"properties":{"r":0.0,"w":5,"o":231}},{"type":"Feature","geometry":{"type":"Point","coordinates":[-116.0,52.6]},"properties":{"r":0.03,"w":5,"o":231}},{"type":"Feature","geometry":{"type":"Point","coordinates":[-115.7,52.6]},"properties":{"r":0.07,"w":2,"o":237}},{"type":"Feature","geometry":{"type":"Point","coordinates":[-115.6,52.6]},"properties":{"r":0.1,"w":1,"o":307}},{"type":"Feature","geometry":{"type":"Point","coordinates":[-115.5,52.6]},"properties":{"r":0.05,"w":1,"o":307}},{"type":"Feature","geometry":{"type":"Point","coordinates":[-115.4,52.6]},"properties":{"r":0.21,"w":4,"o":307}},{"type":"Feature","geometry":{"type":"Point","coordinates":[-115.3,52.6]},"properties":{"r":0.21,"w":5,"o":307}},{"type":"Feature","geometry":{"type":"Point","coordinates":[-115.2,52.6]},"properties":{"r":2.01,"w":61,"o":69}},{"type":"Feature","geometry":{"type":"Point","coordinates":[-115.1,52.6]},"properties":{"r":1.25,"w":44,"o":218}},{"type":"Feature","geometry":{"type":"Point","coordinates":[-115.0,52.6]},"properties":{"r":1.24,"w":52,"o":218}},{"type":"Feature","geometry":{"type":"Point","coordinates":[-114.9,52.6]},"properties":{"r":1.18,"w":47,"o":218}},{"type":"Feature","geometry":{"type":"Point","coordinates":[-114.8,52.6]},"properties":{"r":2.79,"w":62,"o":115}},{"type":"Feature","geometry":{"type":"Point","coordinates":[-114.7,52.6]},"properties":{"r":3.45,"w":73,"o":315}},{"type":"Feature","geometry":{"type":"Point","coordinates":[-114.6,52.6]},"properties":{"r":3.29,"w":72,"o":315}},{"type":"Feature","geometry":{"type":"Point","coordinates":[-114.5,52.6]},"properties":{"r":3.87,"w":85,"o":315}},{"type":"Feature","geometry":{"type":"Point","coordinates":[-114.4,52.6]},"properties":{"r":1.58,"w":47,"o":315}},{"type":"Feature","geometry":{"type":"Point","coordinates":[-114.3,52.6]},"properties":{"r":0.91,"w":27,"o":192}},{"type":"Feature","geometry":{"type":"Point","coordinates":[-114.2,52.6]},"properties":{"r":0.55,"w":14,"o":192}},{"type":"Feature","geometry":{"type":"Point","coordinates":[-114.1,52.6]},"properties":{"r":0.11,"w":2,"o":192}},{"type":"Feature","geometry":{"type":"Point","coordinates":[-114.0,52.6]},"properties":{"r":0.19,"w":7,"o":67}},{"type":"Feature","geometry":{"type":"Point","coordinates":[-113.9,52.6]},"properties":{"r":0.93,"w":21,"o":315}},{"type":"Feature","geometry":{"type":"Point","coordinates":[-113.8,52.6]},"properties":{"r":0.63,"w":35,"o":289}},{"type":"Feature","geometry":{"type":"Point","coordinates":[-113.7,52.6]},"properties":{"r":0.94,"w":30,"o":289}},{"type":"Feature","geometry":{"type":"Point","coordinates":[-113.6,52.6]},"properties":{"r":0.12,"w":11,"o":289}},{"type":"Feature","geometry":{"type":"Point","coordinates":[-113.5,52.6]},"properties":{"r":0.82,"w":51,"o":189}},{"type":"Feature","geometry":{"type":"Point","coordinates":[-113.4,52.6]},"properties":{"r":0.87,"w":29,"o":110}},{"type":"Feature","geometry":{"type":"Point","coordinates":[-113.3,52.6]},"properties":{"r":1.03,"w":57,"o":110}},{"type":"Feature","geometry":{"type":"Point","coordinates":[-113.2,52.6]},"properties":{"r":1.66,"w":72,"o":110}},{"type":"Feature","geometry":{"type":"Point","coordinates":[-113.1,52.6]},"properties":{"r":1.9,"w":77,"o":110}},{"type":"Feature","geometry":{"type":"Point","coordinates":[-113.0,52.6]},"properties":{"r":0.84,"w":67,"o":110}},{"type":"Feature","geometry":{"type":"Point","coordinates":[-112.9,52.6]},"properties":{"r":1.22,"w":68,"o":110}},{"type":"Feature","geometry":{"type":"Point","coordinates":[-112.8,52.6]},"properties":{"r":0.63,"w":39,"o":110}},{"type":"Feature","geometry":{"type":"Point","coordinates":[-112.7,52.6]},"properties":{"r":0.09,"w":6,"o":110}},{"type":"Feature","geometry":{"type":"Point","coordinates":[-112.6,52.6]},"properties":{"r":0.01,"w":1,"o":110}},{"type":"Feature","geometry":{"type":"Point","coordinates":[-111.9,52.6]},"properties":{"r":0.0,"w":1,"o":213}},{"type":"Feature","geometry":{"type":"Point","coordinates":[-111.8,52.6]},"properties":{"r":0.01,"w":1,"o":213}},{"type":"Feature","geometry":{"type":"Point","coordinates":[-111.7,52.6]},"properties":{"r":0.2,"w":46,"o":142}},{"type":"Feature","geometry":{"type":"Point","coordinates":[-111.6,52.6]},"properties":{"r":0.02,"w":3,"o":142}},{"type":"Feature","geometry":{"type":"Point","coordinates":[-111.5,52.6]},"properties":{"r":0.08,"w":6,"o":75}},{"type":"Feature","geometry":{"type":"Point","coordinates":[-111.2,52.6]},"properties":{"r":0.03,"w":2,"o":297}},{"type":"Feature","geometry":{"type":"Point","coordinates":[-110.5,52.6]},"properties":{"r":0.0,"w":1,"o":308}},{"type":"Feature","geometry":{"type":"Point","coordinates":[-110.4,52.6]},"properties":{"r":0.0,"w":1,"o":308}},{"type":"Feature","geometry":{"type":"Point","coordinates":[-110.3,52.6]},"properties":{"r":0.19,"w":124,"o":308}},{"type":"Feature","geometry":{"type":"Point","coordinates":[-110.2,52.6]},"properties":{"r":0.14,"w":65,"o":308}},{"type":"Feature","geometry":{"type":"Point","coordinates":[-110.1,52.6]},"properties":{"r":0.14,"w":62,"o":73}},{"type":"Feature","geometry":{"type":"Point","coordinates":[-116.0,52.7]},"properties":{"r":0.33,"w":4,"o":237}},{"type":"Feature","geometry":{"type":"Point","coordinates":[-115.9,52.7]},"properties":{"r":0.12,"w":2,"o":236}},{"type":"Feature","geometry":{"type":"Point","coordinates":[-115.8,52.7]},"properties":{"r":0.17,"w":2,"o":236}},{"type":"Feature","geometry":{"type":"Point","coordinates":[-115.7,52.7]},"properties":{"r":0.32,"w":6,"o":237}},{"type":"Feature","geometry":{"type":"Point","coordinates":[-115.6,52.7]},"properties":{"r":0.36,"w":8,"o":237}},{"type":"Feature","geometry":{"type":"Point","coordinates":[-115.5,52.7]},"properties":{"r":0.08,"w":3,"o":307}},{"type":"Feature","geometry":{"type":"Point","coordinates":[-115.4,52.7]},"properties":{"r":0.52,"w":12,"o":307}},{"type":"Feature","geometry":{"type":"Point","coordinates":[-115.3,52.7]},"properties":{"r":0.9,"w":14,"o":290}},{"type":"Feature","geometry":{"type":"Point","coordinates":[-115.2,52.7]},"properties":{"r":2.54,"w":60,"o":218}},{"type":"Feature","geometry":{"type":"Point","coordinates":[-115.1,52.7]},"properties":{"r":2.63,"w":86,"o":218}},{"type":"Feature","geometry":{"type":"Point","coordinates":[-115.0,52.7]},"properties":{"r":2.08,"w":41,"o":218}},{"type":"Feature","geometry":{"type":"Point","coordinates":[-114.9,52.7]},"properties":{"r":0.26,"w":10,"o":218}},{"type":"Feature","geometry":{"type":"Point","coordinates":[-114.8,52.7]},"properties":{"r":0.31,"w":12,"o":290}},{"type":"Feature","geometry":{"type":"Point","coordinates":[-114.7,52.7]},"properties":{"r":0.49,"w":16,"o":164}},{"type":"Feature","geometry":{"type":"Point","coordinates":[-114.6,52.7]},"properties":{"r":2.3,"w":75,"o":307}},{"type":"Feature","geometry":{"type":"Point","coordinates":[-114.5,52.7]},"properties":{"r":4.93,"w":125,"o":315}},{"type":"Feature","geometry":{"type":"Point","coordinates":[-114.4,52.7]},"properties":{"r":2.02,"w":56,"o":315}},{"type":"Feature","geometry":{"type":"Point","coordinates":[-114.3,52.7]},"properties":{"r":1.11,"w":51,"o":192}},{"type":"Feature","geometry":{"type":"Point","coordinates":[-114.2,52.7]},"properties":{"r":2.29,"w":54,"o":134}},{"type":"Feature","geometry":{"type":"Point","coordinates":[-114.1,52.7]},"properties":{"r":1.52,"w":32,"o":134}},{"type":"Feature","geometry":{"type":"Point","coordinates":[-114.0,52.7]},"properties":{"r":0.54,"w":12,"o":315}},{"type":"Feature","geometry":{"type":"Point","coordinates":[-113.9,52.7]},"properties":{"r":0.83,"w":18,"o":315}},{"type":"Feature","geometry":{"type":"Point","coordinates":[-113.8,52.7]},"properties":{"r":0.08,"w":2,"o":315}},{"type":"Feature","geometry":{"type":"Point","coordinates":[-113.7,52.7]},"properties":{"r":0.3,"w":6,"o":289}},{"type":"Feature","geometry":{"type":"Point","coordinates":[-113.6,52.7]},"properties":{"r":0.11,"w":6,"o":67}},{"type":"Feature","geometry":{"type":"Point","coordinates":[-113.5,52.7]},"properties":{"r":0.03,"w":5,"o":189}},{"type":"Feature","geometry":{"type":"Point","coordinates":[-113.4,52.7]},"properties":{"r":0.29,"w":12,"o":189}},{"type":"Feature","geometry":{"type":"Point","coordinates":[-113.3,52.7]},"properties":{"r":1.05,"w":47,"o":110}},{"type":"Feature","geometry":{"type":"Point","coordinates":[-113.2,52.7]},"properties":{"r":1.27,"w":61,"o":110}},{"type":"Feature","geometry":{"type":"Point","coordinates":[-113.1,52.7]},"properties":{"r":0.79,"w":55,"o":110}},{"type":"Feature","geometry":{"type":"Point","coordinates":[-113.0,52.7]},"properties":{"r":0.86,"w":54,"o":110}},{"type":"Feature","geometry":{"type":"Point","coordinates":[-112.9,52.7]},"properties":{"r":0.71,"w":37,"o":110}},{"type":"Feature","geometry":{"type":"Point","coordinates":[-112.8,52.7]},"properties":{"r":0.24,"w":11,"o":110}},{"type":"Feature","geometry":{"type":"Point","coordinates":[-112.7,52.7]},"properties":{"r":0.47,"w":13,"o":110}},{"type":"Feature","geometry":{"type":"Point","coordinates":[-112.6,52.7]},"properties":{"r":0.16,"w":7,"o":110}},{"type":"Feature","geometry":{"type":"Point","coordinates":[-112.5,52.7]},"properties":{"r":0.15,"w":3,"o":110}},{"type":"Feature","geometry":{"type":"Point","coordinates":[-112.4,52.7]},"properties":{"r":0.0,"w":1,"o":110}},{"type":"Feature","geometry":{"type":"Point","coordinates":[-111.7,52.7]},"properties":{"r":0.1,"w":1,"o":36}},{"type":"Feature","geometry":{"type":"Point","coordinates":[-111.6,52.7]},"properties":{"r":0.14,"w":3,"o":75}},{"type":"Feature","geometry":{"type":"Point","coordinates":[-111.5,52.7]},"properties":{"r":0.1,"w":4,"o":75}},{"type":"Feature","geometry":{"type":"Point","coordinates":[-111.4,52.7]},"properties":{"r":0.04,"w":2,"o":67}},{"type":"Feature","geometry":{"type":"Point","coordinates":[-111.3,52.7]},"properties":{"r":0.16,"w":5,"o":335}},{"type":"Feature","geometry":{"type":"Point","coordinates":[-111.2,52.7]},"properties":{"r":0.01,"w":2,"o":297}},{"type":"Feature","geometry":{"type":"Point","coordinates":[-111.1,52.7]},"properties":{"r":0.03,"w":2,"o":297}},{"type":"Feature","geometry":{"type":"Point","coordinates":[-110.5,52.7]},"properties":{"r":0.18,"w":62,"o":308}},{"type":"Feature","geometry":{"type":"Point","coordinates":[-110.4,52.7]},"properties":{"r":0.02,"w":11,"o":308}},{"type":"Feature","geometry":{"type":"Point","coordinates":[-110.3,52.7]},"properties":{"r":0.16,"w":110,"o":308}},{"type":"Feature","geometry":{"type":"Point","coordinates":[-110.2,52.7]},"properties":{"r":0.51,"w":244,"o":308}},{"type":"Feature","geometry":{"type":"Point","coordinates":[-110.1,52.7]},"properties":{"r":1.08,"w":178,"o":308}},{"type":"Feature","geometry":{"type":"Point","coordinates":[-110.0,52.7]},"properties":{"r":0.22,"w":46,"o":308}},{"type":"Feature","geometry":{"type":"Point","coordinates":[-116.4,52.8]},"properties":{"r":0.09,"w":2,"o":69}},{"type":"Feature","geometry":{"type":"Point","coordinates":[-116.1,52.8]},"properties":{"r":0.21,"w":4,"o":315}},{"type":"Feature","geometry":{"type":"Point","coordinates":[-116.0,52.8]},"properties":{"r":0.65,"w":11,"o":315}},{"type":"Feature","geometry":{"type":"Point","coordinates":[-115.9,52.8]},"properties":{"r":0.19,"w":4,"o":315}},{"type":"Feature","geometry":{"type":"Point","coordinates":[-115.8,52.8]},"properties":{"r":0.3,"w":4,"o":237}},{"type":"Feature","geometry":{"type":"Point","coordinates":[-115.7,52.8]},"properties":{"r":0.25,"w":4,"o":237}},{"type":"Feature","geometry":{"type":"Point","coordinates":[-115.6,52.8]},"properties":{"r":0.09,"w":1,"o":327}},{"type":"Feature","geometry":{"type":"Point","coordinates":[-115.5,52.8]},"properties":{"r":1.29,"w":22,"o":290}},{"type":"Feature","geometry":{"type":"Point","coordinates":[-115.4,52.8]},"properties":{"r":1.01,"w":14,"o":290}},{"type":"Feature","geometry":{"type":"Point","coordinates":[-115.3,52.8]},"properties":{"r":1.07,"w":19,"o":290}},{"type":"Feature","geometry":{"type":"Point","coordinates":[-115.2,52.8]},"properties":{"r":1.25,"w":21,"o":218}},{"type":"Feature","geometry":{"type":"Point","coordinates":[-115.1,52.8]},"properties":{"r":1.88,"w":31,"o":218}},{"type":"Feature","geometry":{"type":"Point","coordinates":[-115.0,52.8]},"properties":{"r":0.54,"w":13,"o":75}},{"type":"Feature","geometry":{"type":"Point","coordinates":[-114.9,52.8]},"properties":{"r":0.48,"w":14,"o":164}},{"type":"Feature","geometry":{"type":"Point","coordinates":[-114.8,52.8]},"properties":{"r":0.96,"w":20,"o":192}},{"type":"Feature","geometry":{"type":"Point","coordinates":[-114.7,52.8]},"properties":{"r":1.31,"w":41,"o":192}},{"type":"Feature","geometry":{"type":"Point","coordinates":[-114.6,52.8]},"properties":{"r":0.99,"w":41,"o":192}},{"type":"Feature","geometry":{"type":"Point","coordinates":[-114.5,52.8]},"properties":{"r":1.06,"w":31,"o":192}},{"type":"Feature","geometry":{"type":"Point","coordinates":[-114.4,52.8]},"properties":{"r":1.13,"w":32,"o":134}},{"type":"Feature","geometry":{"type":"Point","coordinates":[-114.3,52.8]},"properties":{"r":2.46,"w":63,"o":315}},{"type":"Feature","geometry":{"type":"Point","coordinates":[-114.2,52.8]},"properties":{"r":3.14,"w":48,"o":134}},{"type":"Feature","geometry":{"type":"Point","coordinates":[-114.1,52.8]},"properties":{"r":1.55,"w":35,"o":134}},{"type":"Feature","geometry":{"type":"Point","coordinates":[-114.0,52.8]},"properties":{"r":0.16,"w":4,"o":315}},{"type":"Feature","geometry":{"type":"Point","coordinates":[-113.9,52.8]},"properties":{"r":0.51,"w":16,"o":67}},{"type":"Feature","geometry":{"type":"Point","coordinates":[-113.8,52.8]},"properties":{"r":0.03,"w":3,"o":176}},{"type":"Feature","geometry":{"type":"Point","coordinates":[-113.6,52.8]},"properties":{"r":0.01,"w":1,"o":67}},{"type":"Feature","geometry":{"type":"Point","coordinates":[-113.3,52.8]},"properties":{"r":0.12,"w":3,"o":238}},{"type":"Feature","geometry":{"type":"Point","coordinates":[-113.2,52.8]},"properties":{"r":0.2,"w":12,"o":110}},{"type":"Feature","geometry":{"type":"Point","coordinates":[-113.1,52.8]},"properties":{"r":0.16,"w":10,"o":189}},{"type":"Feature","geometry":{"type":"Point","coordinates":[-113.0,52.8]},"properties":{"r":0.07,"w":4,"o":110}},{"type":"Feature","geometry":{"type":"Point","coordinates":[-112.9,52.8]},"properties":{"r":1.01,"w":16,"o":279}},{"type":"Feature","geometry":{"type":"Point","coordinates":[-112.8,52.8]},"properties":{"r":0.43,"w":6,"o":279}},{"type":"Feature","geometry":{"type":"Point","coordinates":[-112.7,52.8]},"properties":{"r":0.05,"w":3,"o":110}},{"type":"Feature","geometry":{"type":"Point","coordinates":[-112.6,52.8]},"properties":{"r":0.05,"w":4,"o":110}},{"type":"Feature","geometry":{"type":"Point","coordinates":[-112.5,52.8]},"properties":{"r":0.41,"w":11,"o":110}},{"type":"Feature","geometry":{"type":"Point","coordinates":[-112.4,52.8]},"properties":{"r":0.13,"w":3,"o":67}},{"type":"Feature","geometry":{"type":"Point","coordinates":[-111.9,52.8]},"properties":{"r":0.03,"w":6,"o":43}},{"type":"Feature","geometry":{"type":"Point","coordinates":[-111.8,52.8]},"properties":{"r":0.31,"w":11,"o":337}},{"type":"Feature","geometry":{"type":"Point","coordinates":[-111.7,52.8]},"properties":{"r":0.04,"w":1,"o":36}},{"type":"Feature","geometry":{"type":"Point","coordinates":[-111.6,52.8]},"properties":{"r":0.02,"w":2,"o":36}},{"type":"Feature","geometry":{"type":"Point","coordinates":[-111.4,52.8]},"properties":{"r":0.13,"w":4,"o":67}},{"type":"Feature","geometry":{"type":"Point","coordinates":[-111.3,52.8]},"properties":{"r":0.08,"w":4,"o":67}},{"type":"Feature","geometry":{"type":"Point","coordinates":[-111.2,52.8]},"properties":{"r":0.09,"w":8,"o":67}},{"type":"Feature","geometry":{"type":"Point","coordinates":[-111.1,52.8]},"properties":{"r":0.27,"w":16,"o":297}},{"type":"Feature","geometry":{"type":"Point","coordinates":[-111.0,52.8]},"properties":{"r":0.96,"w":38,"o":301}},{"type":"Feature","geometry":{"type":"Point","coordinates":[-110.9,52.8]},"properties":{"r":0.31,"w":11,"o":297}},{"type":"Feature","geometry":{"type":"Point","coordinates":[-110.8,52.8]},"properties":{"r":0.02,"w":6,"o":301}},{"type":"Feature","geometry":{"type":"Point","coordinates":[-110.7,52.8]},"properties":{"r":0.35,"w":14,"o":260}},{"type":"Feature","geometry":{"type":"Point","coordinates":[-110.6,52.8]},"properties":{"r":0.24,"w":12,"o":260}},{"type":"Feature","geometry":{"type":"Point","coordinates":[-110.5,52.8]},"properties":{"r":0.19,"w":29,"o":308}},{"type":"Feature","geometry":{"type":"Point","coordinates":[-110.2,52.8]},"properties":{"r":0.02,"w":4,"o":75}},{"type":"Feature","geometry":{"type":"Point","coordinates":[-110.0,52.8]},"properties":{"r":0.0,"w":2,"o":73}},{"type":"Feature","geometry":{"type":"Point","coordinates":[-116.8,52.9]},"properties":{"r":0.1,"w":1,"o":69}},{"type":"Feature","geometry":{"type":"Point","coordinates":[-116.6,52.9]},"properties":{"r":0.1,"w":1,"o":69}},{"type":"Feature","geometry":{"type":"Point","coordinates":[-116.5,52.9]},"properties":{"r":0.05,"w":1,"o":69}},{"type":"Feature","geometry":{"type":"Point","coordinates":[-116.2,52.9]},"properties":{"r":0.1,"w":1,"o":315}},{"type":"Feature","geometry":{"type":"Point","coordinates":[-116.1,52.9]},"properties":{"r":0.23,"w":5,"o":315}},{"type":"Feature","geometry":{"type":"Point","coordinates":[-116.0,52.9]},"properties":{"r":0.07,"w":1,"o":315}},{"type":"Feature","geometry":{"type":"Point","coordinates":[-115.9,52.9]},"properties":{"r":0.18,"w":3,"o":75}},{"type":"Feature","geometry":{"type":"Point","coordinates":[-115.8,52.9]},"properties":{"r":0.23,"w":4,"o":75}},{"type":"Feature","geometry":{"type":"Point","coordinates":[-115.7,52.9]},"properties":{"r":0.5,"w":12,"o":278}},{"type":"Feature","geometry":{"type":"Point","coordinates":[-115.6,52.9]},"properties":{"r":1.32,"w":31,"o":278}},{"type":"Feature","geometry":{"type":"Point","coordinates":[-115.5,52.9]},"properties":{"r":1.66,"w":32,"o":290}},{"type":"Feature","geometry":{"type":"Point","coordinates":[-115.4,52.9]},"properties":{"r":0.72,"w":14,"o":75}},{"type":"Feature","geometry":{"type":"Point","coordinates":[-115.3,52.9]},"properties":{"r":0.72,"w":13,"o":75}},{"type":"Feature","geometry":{"type":"Point","coordinates":[-115.2,52.9]},"properties":{"r":1.13,"w":21,"o":290}},{"type":"Feature","geometry":{"type":"Point","coordinates":[-115.1,52.9]},"properties":{"r":0.92,"w":22,"o":75}},{"type":"Feature","geometry":{"type":"Point","coordinates":[-115.0,52.9]},"properties":{"r":0.82,"w":13,"o":75}},{"type":"Feature","geometry":{"type":"Point","coordinates":[-114.9,52.9]},"properties":{"r":0.9,"w":23,"o":192}},{"type":"Feature","geometry":{"type":"Point","coordinates":[-114.8,52.9]},"properties":{"r":1.17,"w":31,"o":192}},{"type":"Feature","geometry":{"type":"Point","coordinates":[-114.7,52.9]},"properties":{"r":0.13,"w":11,"o":192}},{"type":"Feature","geometry":{"type":"Point","coordinates":[-114.6,52.9]},"properties":{"r":0.01,"w":3,"o":192}},{"type":"Feature","geometry":{"type":"Point","coordinates":[-114.5,52.9]},"properties":{"r":0.51,"w":12,"o":166}},{"type":"Feature","geometry":{"type":"Point","coordinates":[-114.4,52.9]},"properties":{"r":0.36,"w":12,"o":166}},{"type":"Feature","geometry":{"type":"Point","coordinates":[-114.3,52.9]},"properties":{"r":0.4,"w":22,"o":186}},{"type":"Feature","geometry":{"type":"Point","coordinates":[-114.2,52.9]},"properties":{"r":0.86,"w":19,"o":315}},{"type":"Feature","geometry":{"type":"Point","coordinates":[-114.1,52.9]},"properties":{"r":0.77,"w":25,"o":166}},{"type":"Feature","geometry":{"type":"Point","coordinates":[-114.0,52.9]},"properties":{"r":0.4,"w":14,"o":134}},{"type":"Feature","geometry":{"type":"Point","coordinates":[-113.9,52.9]},"properties":{"r":0.65,"w":18,"o":67}},{"type":"Feature","geometry":{"type":"Point","coordinates":[-113.8,52.9]},"properties":{"r":0.47,"w":19,"o":67}},{"type":"Feature","geometry":{"type":"Point","coordinates":[-113.7,52.9]},"properties":{"r":0.03,"w":15,"o":35}},{"type":"Feature","geometry":{"type":"Point","coordinates":[-113.6,52.9]},"properties":{"r":0.07,"w":1,"o":209}},{"type":"Feature","geometry":{"type":"Point","coordinates":[-113.3,52.9]},"properties":{"r":0.56,"w":22,"o":238}},{"type":"Feature","geometry":{"type":"Point","coordinates":[-113.2,52.9]},"properties":{"r":0.51,"w":23,"o":110}},{"type":"Feature","geometry":{"type":"Point","coordinates":[-113.1,52.9]},"properties":{"r":0.3,"w":29,"o":189}},{"type":"Feature","geometry":{"type":"Point","coordinates":[-113.0,52.9]},"properties":{"r":0.01,"w":3,"o":189}},{"type":"Feature","geometry":{"type":"Point","coordinates":[-112.7,52.9]},"properties":{"r":0.06,"w":1,"o":110}},{"type":"Feature","geometry":{"type":"Point","coordinates":[-112.6,52.9]},"properties":{"r":0.1,"w":2,"o":67}},{"type":"Feature","geometry":{"type":"Point","coordinates":[-112.5,52.9]},"properties":{"r":0.52,"w":13,"o":238}},{"type":"Feature","geometry":{"type":"Point","coordinates":[-112.4,52.9]},"properties":{"r":0.08,"w":1,"o":238}},{"type":"Feature","geometry":{"type":"Point","coordinates":[-111.9,52.9]},"properties":{"r":0.04,"w":4,"o":36}},{"type":"Feature","geometry":{"type":"Point","coordinates":[-111.7,52.9]},"properties":{"r":0.18,"w":9,"o":73}},{"type":"Feature","geometry":{"type":"Point","coordinates":[-111.5,52.9]},"properties":{"r":0.01,"w":2,"o":238}},{"type":"Feature","geometry":{"type":"Point","coordinates":[-111.4,52.9]},"properties":{"r":0.15,"w":9,"o":238}},{"type":"Feature","geometry":{"type":"Point","coordinates":[-111.3,52.9]},"properties":{"r":0.25,"w":13,"o":238}},{"type":"Feature","geometry":{"type":"Point","coordinates":[-111.2,52.9]},"properties":{"r":0.56,"w":26,"o":238}},{"type":"Feature","geometry":{"type":"Point","coordinates":[-111.1,52.9]},"properties":{"r":0.22,"w":5,"o":238}},{"type":"Feature","geometry":{"type":"Point","coordinates":[-111.0,52.9]},"properties":{"r":0.77,"w":25,"o":301}},{"type":"Feature","geometry":{"type":"Point","coordinates":[-110.9,52.9]},"properties":{"r":0.04,"w":11,"o":301}},{"type":"Feature","geometry":{"type":"Point","coordinates":[-110.8,52.9]},"properties":{"r":0.15,"w":67,"o":301}},{"type":"Feature","geometry":{"type":"Point","coordinates":[-110.7,52.9]},"properties":{"r":0.06,"w":63,"o":324}},{"type":"Feature","geometry":{"type":"Point","coordinates":[-110.6,52.9]},"properties":{"r":0.12,"w":8,"o":75}},{"type":"Feature","geometry":{"type":"Point","coordinates":[-110.5,52.9]},"properties":{"r":0.1,"w":9,"o":75}},{"type":"Feature","geometry":{"type":"Point","coordinates":[-110.4,52.9]},"properties":{"r":0.07,"w":9,"o":295}},{"type":"Feature","geometry":{"type":"Point","coordinates":[-116.5,53.0]},"properties":{"r":0.05,"w":1,"o":69}},{"type":"Feature","geometry":{"type":"Point","coordinates":[-116.2,53.0]},"properties":{"r":0.02,"w":1,"o":148}},{"type":"Feature","geometry":{"type":"Point","coordinates":[-116.1,53.0]},"properties":{"r":0.26,"w":9,"o":148}},{"type":"Feature","geometry":{"type":"Point","coordinates":[-116.0,53.0]},"properties":{"r":0.11,"w":2,"o":148}},{"type":"Feature","geometry":{"type":"Point","coordinates":[-115.9,53.0]},"properties":{"r":0.36,"w":7,"o":75}},{"type":"Feature","geometry":{"type":"Point","coordinates":[-115.8,53.0]},"properties":{"r":0.15,"w":6,"o":327}},{"type":"Feature","geometry":{"type":"Point","coordinates":[-115.7,53.0]},"properties":{"r":0.18,"w":9,"o":327}},{"type":"Feature","geometry":{"type":"Point","coordinates":[-115.6,53.0]},"properties":{"r":0.94,"w":36,"o":287}},{"type":"Feature","geometry":{"type":"Point","coordinates":[-115.5,53.0]},"properties":{"r":0.86,"w":30,"o":287}},{"type":"Feature","geometry":{"type":"Point","coordinates":[-115.4,53.0]},"properties":{"r":1.12,"w":41,"o":156}},{"type":"Feature","geometry":{"type":"Point","coordinates":[-115.3,53.0]},"properties":{"r":2.93,"w":60,"o":43}},{"type":"Feature","geometry":{"type":"Point","coordinates":[-115.2,53.0]},"properties":{"r":1.66,"w":51,"o":56}},{"type":"Feature","geometry":{"type":"Point","coordinates":[-115.1,53.0]},"properties":{"r":1.17,"w":57,"o":75}},{"type":"Feature","geometry":{"type":"Point","coordinates":[-115.0,53.0]},"properties":{"r":2.63,"w":90,"o":56}},{"type":"Feature","geometry":{"type":"Point","coordinates":[-114.9,53.0]},"properties":{"r":2.5,"w":83,"o":56}},{"type":"Feature","geometry":{"type":"Point","coordinates":[-114.8,53.0]},"properties":{"r":0.47,"w":23,"o":156}},{"type":"Feature","geometry":{"type":"Point","coordinates":[-114.7,53.0]},"properties":{"r":0.48,"w":18,"o":278}},{"type":"Feature","geometry":{"type":"Point","coordinates":[-114.6,53.0]},"properties":{"r":0.05,"w":4,"o":278}},{"type":"Feature","geometry":{"type":"Point","coordinates":[-114.5,53.0]},"properties":{"r":0.31,"w":16,"o":284}},{"type":"Feature","geometry":{"type":"Point","coordinates":[-114.4,53.0]},"properties":{"r":0.64,"w":35,"o":284}},{"type":"Feature","geometry":{"type":"Point","coordinates":[-114.3,53.0]},"properties":{"r":0.04,"w":9,"o":156}},{"type":"Feature","geometry":{"type":"Point","coordinates":[-114.2,53.0]},"properties":{"r":0.36,"w":46,"o":156}},{"type":"Feature","geometry":{"type":"Point","coordinates":[-114.1,53.0]},"properties":{"r":0.29,"w":13,"o":156}},{"type":"Feature","geometry":{"type":"Point","coordinates":[-114.0,53.0]},"properties":{"r":0.14,"w":2,"o":134}},{"type":"Feature","geometry":{"type":"Point","coordinates":[-113.9,53.0]},"properties":{"r":0.07,"w":5,"o":315}},{"type":"Feature","geometry":{"type":"Point","coordinates":[-113.8,53.0]},"properties":{"r":0.23,"w":6,"o":67}},{"type":"Feature","geometry":{"type":"Point","coordinates":[-113.7,53.0]},"properties":{"r":0.12,"w":6,"o":67}},{"type":"Feature","geometry":{"type":"Point","coordinates":[-113.6,53.0]},"properties":{"r":0.03,"w":5,"o":35}},{"type":"Feature","geometry":{"type":"Point","coordinates":[-113.3,53.0]},"properties":{"r":0.42,"w":11,"o":238}},{"type":"Feature","geometry":{"type":"Point","coordinates":[-113.2,53.0]},"properties":{"r":0.19,"w":7,"o":110}},{"type":"Feature","geometry":{"type":"Point","coordinates":[-113.1,53.0]},"properties":{"r":0.01,"w":2,"o":110}},{"type":"Feature","geometry":{"type":"Point","coordinates":[-112.6,53.0]},"properties":{"r":0.01,"w":1,"o":238}},{"type":"Feature","geometry":{"type":"Point","coordinates":[-112.4,53.0]},"properties":{"r":0.08,"w":2,"o":238}},{"type":"Feature","geometry":{"type":"Point","coordinates":[-112.0,53.0]},"properties":{"r":0.01,"w":1,"o":36}},{"type":"Feature","geometry":{"type":"Point","coordinates":[-111.9,53.0]},"properties":{"r":0.02,"w":2,"o":36}},{"type":"Feature","geometry":{"type":"Point","coordinates":[-111.8,53.0]},"properties":{"r":0.11,"w":6,"o":36}},{"type":"Feature","geometry":{"type":"Point","coordinates":[-111.7,53.0]},"properties":{"r":0.31,"w":23,"o":73}},{"type":"Feature","geometry":{"type":"Point","coordinates":[-111.6,53.0]},"properties":{"r":0.27,"w":9,"o":238}},{"type":"Feature","geometry":{"type":"Point","coordinates":[-111.5,53.0]},"properties":{"r":0.47,"w":25,"o":238}},{"type":"Feature","geometry":{"type":"Point","coordinates":[-111.4,53.0]},"properties":{"r":0.75,"w":124,"o":73}},{"type":"Feature","geometry":{"type":"Point","coordinates":[-111.3,53.0]},"properties":{"r":0.56,"w":30,"o":238}},{"type":"Feature","geometry":{"type":"Point","coordinates":[-111.2,53.0]},"properties":{"r":0.44,"w":29,"o":238}},{"type":"Feature","geometry":{"type":"Point","coordinates":[-111.1,53.0]},"properties":{"r":0.05,"w":5,"o":297}},{"type":"Feature","geometry":{"type":"Point","coordinates":[-111.0,53.0]},"properties":{"r":0.03,"w":2,"o":297}},{"type":"Feature","geometry":{"type":"Point","coordinates":[-110.9,53.0]},"properties":{"r":0.11,"w":8,"o":75}},{"type":"Feature","geometry":{"type":"Point","coordinates":[-110.8,53.0]},"properties":{"r":0.08,"w":21,"o":75}},{"type":"Feature","geometry":{"type":"Point","coordinates":[-110.7,53.0]},"properties":{"r":0.07,"w":7,"o":301}},{"type":"Feature","geometry":{"type":"Point","coordinates":[-110.6,53.0]},"properties":{"r":0.92,"w":38,"o":301}},{"type":"Feature","geometry":{"type":"Point","coordinates":[-110.5,53.0]},"properties":{"r":0.32,"w":18,"o":301}},{"type":"Feature","geometry":{"type":"Point","coordinates":[-110.1,53.0]},"properties":{"r":0.04,"w":2,"o":67}},{"type":"Feature","geometry":{"type":"Point","coordinates":[-110.0,53.0]},"properties":{"r":0.11,"w":7,"o":67}},{"type":"Feature","geometry":{"type":"Point","coordinates":[-117.0,53.1]},"properties":{"r":0.05,"w":1,"o":69}},{"type":"Feature","geometry":{"type":"Point","coordinates":[-116.9,53.1]},"properties":{"r":0.07,"w":1,"o":315}},{"type":"Feature","geometry":{"type":"Point","coordinates":[-116.6,53.1]},"properties":{"r":0.02,"w":1,"o":75}},{"type":"Feature","geometry":{"type":"Point","coordinates":[-116.5,53.1]},"properties":{"r":0.11,"w":2,"o":67}},{"type":"Feature","geometry":{"type":"Point","coordinates":[-116.4,53.1]},"properties":{"r":0.47,"w":10,"o":67}},{"type":"Feature","geometry":{"type":"Point","coordinates":[-116.3,53.1]},"properties":{"r":0.44,"w":9,"o":75}},{"type":"Feature","geometry":{"type":"Point","coordinates":[-116.2,53.1]},"properties":{"r":1.12,"w":27,"o":75}},{"type":"Feature","geometry":{"type":"Point","coordinates":[-116.1,53.1]},"properties":{"r":0.56,"w":14,"o":75}},{"type":"Feature","geometry":{"type":"Point","coordinates":[-116.0,53.1]},"properties":{"r":0.6,"w":23,"o":148}},{"type":"Feature","geometry":{"type":"Point","coordinates":[-115.9,53.1]},"properties":{"r":0.42,"w":11,"o":148}},{"type":"Feature","geometry":{"type":"Point","coordinates":[-115.8,53.1]},"properties":{"r":0.08,"w":3,"o":148}},{"type":"Feature","geometry":{"type":"Point","coordinates":[-115.7,53.1]},"properties":{"r":1.07,"w":16,"o":39}},{"type":"Feature","geometry":{"type":"Point","coordinates":[-115.6,53.1]},"properties":{"r":2.42,"w":59,"o":287}},{"type":"Feature","geometry":{"type":"Point","coordinates":[-115.5,53.1]},"properties":{"r":3.01,"w":99,"o":278}},{"type":"Feature","geometry":{"type":"Point","coordinates":[-115.4,53.1]},"properties":{"r":2.17,"w":91,"o":156}},{"type":"Feature","geometry":{"type":"Point","coordinates":[-115.3,53.1]},"properties":{"r":1.27,"w":71,"o":156}},{"type":"Feature","geometry":{"type":"Point","coordinates":[-115.2,53.1]},"properties":{"r":1.36,"w":114,"o":156}},{"type":"Feature","geometry":{"type":"Point","coordinates":[-115.1,53.1]},"properties":{"r":1.07,"w":67,"o":263}},{"type":"Feature","geometry":{"type":"Point","coordinates":[-115.0,53.1]},"properties":{"r":1.11,"w":126,"o":263}},{"type":"Feature","geometry":{"type":"Point","coordinates":[-114.9,53.1]},"properties":{"r":1.34,"w":86,"o":56}},{"type":"Feature","geometry":{"type":"Point","coordinates":[-114.8,53.1]},"properties":{"r":2.21,"w":62,"o":56}},{"type":"Feature","geometry":{"type":"Point","coordinates":[-114.7,53.1]},"properties":{"r":2.04,"w":88,"o":56}},{"type":"Feature","geometry":{"type":"Point","coordinates":[-114.6,53.1]},"properties":{"r":0.37,"w":39,"o":56}},{"type":"Feature","geometry":{"type":"Point","coordinates":[-114.5,53.1]},"properties":{"r":0.38,"w":31,"o":287}},{"type":"Feature","geometry":{"type":"Point","coordinates":[-114.4,53.1]},"properties":{"r":0.47,"w":50,"o":287}},{"type":"Feature","geometry":{"type":"Point","coordinates":[-114.3,53.1]},"properties":{"r":0.44,"w":52,"o":287}},{"type":"Feature","geometry":{"type":"Point","coordinates":[-114.2,53.1]},"properties":{"r":0.73,"w":71,"o":287}},{"type":"Feature","geometry":{"type":"Point","coordinates":[-114.1,53.1]},"properties":{"r":0.06,"w":6,"o":293}},{"type":"Feature","geometry":{"type":"Point","coordinates":[-114.0,53.1]},"properties":{"r":0.01,"w":2,"o":293}},{"type":"Feature","geometry":{"type":"Point","coordinates":[-113.9,53.1]},"properties":{"r":0.05,"w":1,"o":261}},{"type":"Feature","geometry":{"type":"Point","coordinates":[-113.8,53.1]},"properties":{"r":0.06,"w":1,"o":309}},{"type":"Feature","geometry":{"type":"Point","coordinates":[-113.7,53.1]},"properties":{"r":0.22,"w":5,"o":309}},{"type":"Feature","geometry":{"type":"Point","coordinates":[-113.2,53.1]},"properties":{"r":0.04,"w":1,"o":110}},{"type":"Feature","geometry":{"type":"Point","coordinates":[-113.1,53.1]},"properties":{"r":0.06,"w":1,"o":110}},{"type":"Feature","geometry":{"type":"Point","coordinates":[-112.5,53.1]},"properties":{"r":0.11,"w":3,"o":238}},{"type":"Feature","geometry":{"type":"Point","coordinates":[-112.4,53.1]},"properties":{"r":0.28,"w":5,"o":238}},{"type":"Feature","geometry":{"type":"Point","coordinates":[-112.3,53.1]},"properties":{"r":0.04,"w":2,"o":238}},{"type":"Feature","geometry":{"type":"Point","coordinates":[-112.2,53.1]},"properties":{"r":0.03,"w":1,"o":238}},{"type":"Feature","geometry":{"type":"Point","coordinates":[-112.1,53.1]},"properties":{"r":0.02,"w":1,"o":238}},{"type":"Feature","geometry":{"type":"Point","coordinates":[-111.9,53.1]},"properties":{"r":0.04,"w":1,"o":238}},{"type":"Feature","geometry":{"type":"Point","coordinates":[-111.8,53.1]},"properties":{"r":0.3,"w":13,"o":238}},{"type":"Feature","geometry":{"type":"Point","coordinates":[-111.7,53.1]},"properties":{"r":0.56,"w":25,"o":238}},{"type":"Feature","geometry":{"type":"Point","coordinates":[-111.6,53.1]},"properties":{"r":0.94,"w":36,"o":238}},{"type":"Feature","geometry":{"type":"Point","coordinates":[-111.5,53.1]},"properties":{"r":0.72,"w":35,"o":238}},{"type":"Feature","geometry":{"type":"Point","coordinates":[-111.4,53.1]},"properties":{"r":0.83,"w":42,"o":238}},{"type":"Feature","geometry":{"type":"Point","coordinates":[-111.3,53.1]},"properties":{"r":0.87,"w":249,"o":73}},{"type":"Feature","geometry":{"type":"Point","coordinates":[-111.2,53.1]},"properties":{"r":0.74,"w":164,"o":73}},{"type":"Feature","geometry":{"type":"Point","coordinates":[-111.1,53.1]},"properties":{"r":0.25,"w":22,"o":73}},{"type":"Feature","geometry":{"type":"Point","coordinates":[-111.0,53.1]},"properties":{"r":0.03,"w":58,"o":73}},{"type":"Feature","geometry":{"type":"Point","coordinates":[-110.9,53.1]},"properties":{"r":0.1,"w":4,"o":335}},{"type":"Feature","geometry":{"type":"Point","coordinates":[-110.8,53.1]},"properties":{"r":0.45,"w":18,"o":75}},{"type":"Feature","geometry":{"type":"Point","coordinates":[-110.7,53.1]},"properties":{"r":0.99,"w":36,"o":75}},{"type":"Feature","geometry":{"type":"Point","coordinates":[-110.6,53.1]},"properties":{"r":0.72,"w":126,"o":301}},{"type":"Feature","geometry":{"type":"Point","coordinates":[-110.5,53.1]},"properties":{"r":0.18,"w":29,"o":75}},{"type":"Feature","geometry":{"type":"Point","coordinates":[-110.1,53.1]},"properties":{"r":0.03,"w":3,"o":206}},{"type":"Feature","geometry":{"type":"Point","coordinates":[-110.0,53.1]},"properties":{"r":0.2,"w":12,"o":67}},{"type":"Feature","geometry":{"type":"Point","coordinates":[-117.1,53.2]},"properties":{"r":0.05,"w":1,"o":69}},{"type":"Feature","geometry":{"type":"Point","coordinates":[-117.0,53.2]},"properties":{"r":0.12,"w":2,"o":315}},{"type":"Feature","geometry":{"type":"Point","coordinates":[-116.9,53.2]},"properties":{"r":0.22,"w":3,"o":315}},{"type":"Feature","geometry":{"type":"Point","coordinates":[-116.8,53.2]},"properties":{"r":0.53,"w":7,"o":315}},{"type":"Feature","geometry":{"type":"Point","coordinates":[-116.7,53.2]},"properties":{"r":0.43,"w":7,"o":75}},{"type":"Feature","geometry":{"type":"Point","coordinates":[-116.6,53.2]},"properties":{"r":1.01,"w":21,"o":75}},{"type":"Feature","geometry":{"type":"Point","coordinates":[-116.5,53.2]},"properties":{"r":1.95,"w":42,"o":67}},{"type":"Feature","geometry":{"type":"Point","coordinates":[-116.4,53.2]},"properties":{"r":0.61,"w":12,"o":75}},{"type":"Feature","geometry":{"type":"Point","coordinates":[-116.3,53.2]},"properties":{"r":0.36,"w":10,"o":75}},{"type":"Feature","geometry":{"type":"Point","coordinates":[-116.2,53.2]},"properties":{"r":0.43,"w":9,"o":75}},{"type":"Feature","geometry":{"type":"Point","coordinates":[-116.1,53.2]},"properties":{"r":0.22,"w":6,"o":75}},{"type":"Feature","geometry":{"type":"Point","coordinates":[-116.0,53.2]},"properties":{"r":0.15,"w":7,"o":75}},{"type":"Feature","geometry":{"type":"Point","coordinates":[-115.9,53.2]},"properties":{"r":0.04,"w":3,"o":278}},{"type":"Feature","geometry":{"type":"Point","coordinates":[-115.8,53.2]},"properties":{"r":0.63,"w":17,"o":278}},{"type":"Feature","geometry":{"type":"Point","coordinates":[-115.7,53.2]},"properties":{"r":3.04,"w":80,"o":278}},{"type":"Feature","geometry":{"type":"Point","coordinates":[-115.6,53.2]},"properties":{"r":2.95,"w":101,"o":278}},{"type":"Feature","geometry":{"type":"Point","coordinates":[-115.5,53.2]},"properties":{"r":3.35,"w":98,"o":278}},{"type":"Feature","geometry":{"type":"Point","coordinates":[-115.4,53.2]},"properties":{"r":0.87,"w":62,"o":156}},{"type":"Feature","geometry":{"type":"Point","coordinates":[-115.3,53.2]},"properties":{"r":0.47,"w":76,"o":156}},{"type":"Feature","geometry":{"type":"Point","coordinates":[-115.2,53.2]},"properties":{"r":0.74,"w":48,"o":156}},{"type":"Feature","geometry":{"type":"Point","coordinates":[-115.1,53.2]},"properties":{"r":1.9,"w":147,"o":263}},{"type":"Feature","geometry":{"type":"Point","coordinates":[-115.0,53.2]},"properties":{"r":1.44,"w":107,"o":263}},{"type":"Feature","geometry":{"type":"Point","coordinates":[-114.9,53.2]},"properties":{"r":1.25,"w":94,"o":263}},{"type":"Feature","geometry":{"type":"Point","coordinates":[-114.8,53.2]},"properties":{"r":1.2,"w":71,"o":263}},{"type":"Feature","geometry":{"type":"Point","coordinates":[-114.7,53.2]},"properties":{"r":1.24,"w":72,"o":263}},{"type":"Feature","geometry":{"type":"Point","coordinates":[-114.6,53.2]},"properties":{"r":0.63,"w":41,"o":56}},{"type":"Feature","geometry":{"type":"Point","coordinates":[-114.5,53.2]},"properties":{"r":1.73,"w":56,"o":56}},{"type":"Feature","geometry":{"type":"Point","coordinates":[-114.4,53.2]},"properties":{"r":0.64,"w":33,"o":150}},{"type":"Feature","geometry":{"type":"Point","coordinates":[-114.3,53.2]},"properties":{"r":0.11,"w":5,"o":150}},{"type":"Feature","geometry":{"type":"Point","coordinates":[-114.2,53.2]},"properties":{"r":0.57,"w":12,"o":235}},{"type":"Feature","geometry":{"type":"Point","coordinates":[-114.1,53.2]},"properties":{"r":0.59,"w":23,"o":235}},{"type":"Feature","geometry":{"type":"Point","coordinates":[-114.0,53.2]},"properties":{"r":0.29,"w":5,"o":235}},{"type":"Feature","geometry":{"type":"Point","coordinates":[-113.9,53.2]},"properties":{"r":0.18,"w":3,"o":239}},{"type":"Feature","geometry":{"type":"Point","coordinates":[-113.8,53.2]},"properties":{"r":0.04,"w":2,"o":114}},{"type":"Feature","geometry":{"type":"Point","coordinates":[-113.7,53.2]},"properties":{"r":0.19,"w":9,"o":309}},{"type":"Feature","geometry":{"type":"Point","coordinates":[-113.6,53.2]},"properties":{"r":1.45,"w":27,"o":31}},{"type":"Feature","geometry":{"type":"Point","coordinates":[-112.4,53.2]},"properties":{"r":0.11,"w":3,"o":238}},{"type":"Feature","geometry":{"type":"Point","coordinates":[-112.3,53.2]},"properties":{"r":0.05,"w":4,"o":238}},{"type":"Feature","geometry":{"type":"Point","coordinates":[-112.2,53.2]},"properties":{"r":0.0,"w":1,"o":293}},{"type":"Feature","geometry":{"type":"Point","coordinates":[-112.1,53.2]},"properties":{"r":0.08,"w":4,"o":293}},{"type":"Feature","geometry":{"type":"Point","coordinates":[-112.0,53.2]},"properties":{"r":0.0,"w":1,"o":293}},{"type":"Feature","geometry":{"type":"Point","coordinates":[-111.9,53.2]},"properties":{"r":0.02,"w":3,"o":73}},{"type":"Feature","geometry":{"type":"Point","coordinates":[-111.8,53.2]},"properties":{"r":0.52,"w":30,"o":238}},{"type":"Feature","geometry":{"type":"Point","coordinates":[-111.7,53.2]},"properties":{"r":0.92,"w":30,"o":238}},{"type":"Feature","geometry":{"type":"Point","coordinates":[-111.6,53.2]},"properties":{"r":0.46,"w":17,"o":238}},{"type":"Feature","geometry":{"type":"Point","coordinates":[-111.5,53.2]},"properties":{"r":1.28,"w":43,"o":238}},{"type":"Feature","geometry":{"type":"Point","coordinates":[-111.4,53.2]},"properties":{"r":0.64,"w":28,"o":238}},{"type":"Feature","geometry":{"type":"Point","coordinates":[-111.3,53.2]},"properties":{"r":0.45,"w":22,"o":238}},{"type":"Feature","geometry":{"type":"Point","coordinates":[-111.2,53.2]},"properties":{"r":0.16,"w":64,"o":73}},{"type":"Feature","geometry":{"type":"Point","coordinates":[-111.1,53.2]},"properties":{"r":0.07,"w":21,"o":221}},{"type":"Feature","geometry":{"type":"Point","coordinates":[-111.0,53.2]},"properties":{"r":0.12,"w":7,"o":293}},{"type":"Feature","geometry":{"type":"Point","coordinates":[-110.9,53.2]},"properties":{"r":0.4,"w":18,"o":188}},{"type":"Feature","geometry":{"type":"Point","coordinates":[-110.8,53.2]},"properties":{"r":0.82,"w":31,"o":75}},{"type":"Feature","geometry":{"type":"Point","coordinates":[-110.7,53.2]},"properties":{"r":0.87,"w":39,"o":188}},{"type":"Feature","geometry":{"type":"Point","coordinates":[-110.6,53.2]},"properties":{"r":0.1,"w":2,"o":67}},{"type":"Feature","geometry":{"type":"Point","coordinates":[-110.5,53.2]},"properties":{"r":0.12,"w":9,"o":67}},{"type":"Feature","geometry":{"type":"Point","coordinates":[-110.4,53.2]},"properties":{"r":0.07,"w":7,"o":75}},{"type":"Feature","geometry":{"type":"Point","coordinates":[-110.3,53.2]},"properties":{"r":0.41,"w":26,"o":75}},{"type":"Feature","geometry":{"type":"Point","coordinates":[-110.2,53.2]},"properties":{"r":0.35,"w":13,"o":314}},{"type":"Feature","geometry":{"type":"Point","coordinates":[-110.1,53.2]},"properties":{"r":1.24,"w":39,"o":46}},{"type":"Feature","geometry":{"type":"Point","coordinates":[-110.0,53.2]},"properties":{"r":0.15,"w":34,"o":41}},{"type":"Feature","geometry":{"type":"Point","coordinates":[-117.2,53.3]},"properties":{"r":0.07,"w":1,"o":315}},{"type":"Feature","geometry":{"type":"Point","coordinates":[-117.1,53.3]},"properties":{"r":0.27,"w":5,"o":69}},{"type":"Feature","geometry":{"type":"Point","coordinates":[-117.0,53.3]},"properties":{"r":0.55,"w":7,"o":315}},{"type":"Feature","geometry":{"type":"Point","coordinates":[-116.9,53.3]},"properties":{"r":0.43,"w":7,"o":315}},{"type":"Feature","geometry":{"type":"Point","coordinates":[-116.8,53.3]},"properties":{"r":0.74,"w":19,"o":75}},{"type":"Feature","geometry":{"type":"Point","coordinates":[-116.7,53.3]},"properties":{"r":0.91,"w":18,"o":75}},{"type":"Feature","geometry":{"type":"Point","coordinates":[-116.6,53.3]},"properties":{"r":2.87,"w":56,"o":75}},{"type":"Feature","geometry":{"type":"Point","coordinates":[-116.5,53.3]},"properties":{"r":0.86,"w":14,"o":67}},{"type":"Feature","geometry":{"type":"Point","coordinates":[-116.4,53.3]},"properties":{"r":0.17,"w":3,"o":315}},{"type":"Feature","geometry":{"type":"Point","coordinates":[-116.3,53.3]},"properties":{"r":0.19,"w":5,"o":75}},{"type":"Feature","geometry":{"type":"Point","coordinates":[-116.2,53.3]},"properties":{"r":0.54,"w":11,"o":75}},{"type":"Feature","geometry":{"type":"Point","coordinates":[-116.1,53.3]},"properties":{"r":0.78,"w":19,"o":75}},{"type":"Feature","geometry":{"type":"Point","coordinates":[-116.0,53.3]},"properties":{"r":0.82,"w":17,"o":75}},{"type":"Feature","geometry":{"type":"Point","coordinates":[-115.9,53.3]},"properties":{"r":0.9,"w":17,"o":327}},{"type":"Feature","geometry":{"type":"Point","coordinates":[-115.8,53.3]},"properties":{"r":1.37,"w":40,"o":327}},{"type":"Feature","geometry":{"type":"Point","coordinates":[-115.7,53.3]},"properties":{"r":2.78,"w":101,"o":327}},{"type":"Feature","geometry":{"type":"Point","coordinates":[-115.6,53.3]},"properties":{"r":2.74,"w":122,"o":340}},{"type":"Feature","geometry":{"type":"Point","coordinates":[-115.5,53.3]},"properties":{"r":1.98,"w":89,"o":340}},{"type":"Feature","geometry":{"type":"Point","coordinates":[-115.4,53.3]},"properties":{"r":0.39,"w":46,"o":340}},{"type":"Feature","geometry":{"type":"Point","coordinates":[-115.3,53.3]},"properties":{"r":1.06,"w":62,"o":156}},{"type":"Feature","geometry":{"type":"Point","coordinates":[-115.2,53.3]},"properties":{"r":0.3,"w":17,"o":156}},{"type":"Feature","geometry":{"type":"Point","coordinates":[-115.1,53.3]},"properties":{"r":0.72,"w":42,"o":156}},{"type":"Feature","geometry":{"type":"Point","coordinates":[-115.0,53.3]},"properties":{"r":1.24,"w":55,"o":263}},{"type":"Feature","geometry":{"type":"Point","coordinates":[-114.9,53.3]},"properties":{"r":1.01,"w":52,"o":263}},{"type":"Feature","geometry":{"type":"Point","coordinates":[-114.8,53.3]},"properties":{"r":0.77,"w":50,"o":263}},{"type":"Feature","geometry":{"type":"Point","coordinates":[-114.7,53.3]},"properties":{"r":0.12,"w":20,"o":107}},{"type":"Feature","geometry":{"type":"Point","coordinates":[-114.6,53.3]},"properties":{"r":0.39,"w":27,"o":107}},{"type":"Feature","geometry":{"type":"Point","coordinates":[-114.5,53.3]},"properties":{"r":0.78,"w":21,"o":147}},{"type":"Feature","geometry":{"type":"Point","coordinates":[-114.1,53.3]},"properties":{"r":0.24,"w":5,"o":32}},{"type":"Feature","geometry":{"type":"Point","coordinates":[-114.0,53.3]},"properties":{"r":0.49,"w":11,"o":235}},{"type":"Feature","geometry":{"type":"Point","coordinates":[-113.8,53.3]},"properties":{"r":0.62,"w":19,"o":31}},{"type":"Feature","geometry":{"type":"Point","coordinates":[-113.7,53.3]},"properties":{"r":0.92,"w":31,"o":31}},{"type":"Feature","geometry":{"type":"Point","coordinates":[-113.6,53.3]},"properties":{"r":0.2,"w":4,"o":31}},{"type":"Feature","geometry":{"type":"Point","coordinates":[-112.6,53.3]},"properties":{"r":0.06,"w":2,"o":238}},{"type":"Feature","geometry":{"type":"Point","coordinates":[-112.2,53.3]},"properties":{"r":0.06,"w":1,"o":238}},{"type":"Feature","geometry":{"type":"Point","coordinates":[-112.1,53.3]},"properties":{"r":0.03,"w":1,"o":293}},{"type":"Feature","geometry":{"type":"Point","coordinates":[-111.7,53.3]},"properties":{"r":0.01,"w":1,"o":66}},{"type":"Feature","geometry":{"type":"Point","coordinates":[-111.4,53.3]},"properties":{"r":0.23,"w":7,"o":169}},{"type":"Feature","geometry":{"type":"Point","coordinates":[-111.3,53.3]},"properties":{"r":0.1,"w":7,"o":169}},{"type":"Feature","geometry":{"type":"Point","coordinates":[-111.2,53.3]},"properties":{"r":0.47,"w":27,"o":169}},{"type":"Feature","geometry":{"type":"Point","coordinates":[-111.1,53.3]},"properties":{"r":0.2,"w":13,"o":293}},{"type":"Feature","geometry":{"type":"Point","coordinates":[-111.0,53.3]},"properties":{"r":0.25,"w":25,"o":293}},{"type":"Feature","geometry":{"type":"Point","coordinates":[-110.9,53.3]},"properties":{"r":0.0,"w":1,"o":293}},{"type":"Feature","geometry":{"type":"Point","coordinates":[-110.8,53.3]},"properties":{"r":0.23,"w":14,"o":75}},{"type":"Feature","geometry":{"type":"Point","coordinates":[-110.7,53.3]},"properties":{"r":0.16,"w":20,"o":331}},{"type":"Feature","geometry":{"type":"Point","coordinates":[-110.6,53.3]},"properties":{"r":0.1,"w":3,"o":75}},{"type":"Feature","geometry":{"type":"Point","coordinates":[-110.5,53.3]},"properties":{"r":0.01,"w":2,"o":75}},{"type":"Feature","geometry":{"type":"Point","coordinates":[-110.4,53.3]},"properties":{"r":0.01,"w":1,"o":75}},{"type":"Feature","geometry":{"type":"Point","coordinates":[-110.3,53.3]},"properties":{"r":0.14,"w":2,"o":75}},{"type":"Feature","geometry":{"type":"Point","coordinates":[-110.2,53.3]},"properties":{"r":0.11,"w":4,"o":75}},{"type":"Feature","geometry":{"type":"Point","coordinates":[-110.1,53.3]},"properties":{"r":0.32,"w":20,"o":67}},{"type":"Feature","geometry":{"type":"Point","coordinates":[-110.0,53.3]},"properties":{"r":0.07,"w":1,"o":67}},{"type":"Feature","geometry":{"type":"Point","coordinates":[-117.7,53.4]},"properties":{"r":0.05,"w":2,"o":315}},{"type":"Feature","geometry":{"type":"Point","coordinates":[-117.6,53.4]},"properties":{"r":0.27,"w":5,"o":315}},{"type":"Feature","geometry":{"type":"Point","coordinates":[-117.5,53.4]},"properties":{"r":0.12,"w":2,"o":315}},{"type":"Feature","geometry":{"type":"Point","coordinates":[-117.4,53.4]},"properties":{"r":0.05,"w":2,"o":315}},{"type":"Feature","geometry":{"type":"Point","coordinates":[-117.3,53.4]},"properties":{"r":0.17,"w":3,"o":315}},{"type":"Feature","geometry":{"type":"Point","coordinates":[-117.1,53.4]},"properties":{"r":0.13,"w":2,"o":315}},{"type":"Feature","geometry":{"type":"Point","coordinates":[-117.0,53.4]},"properties":{"r":0.07,"w":1,"o":67}},{"type":"Feature","geometry":{"type":"Point","coordinates":[-116.9,53.4]},"properties":{"r":0.29,"w":5,"o":237}},{"type":"Feature","geometry":{"type":"Point","coordinates":[-116.8,53.4]},"properties":{"r":2.36,"w":41,"o":67}},{"type":"Feature","geometry":{"type":"Point","coordinates":[-116.7,53.4]},"properties":{"r":4.48,"w":80,"o":75}},{"type":"Feature","geometry":{"type":"Point","coordinates":[-116.6,53.4]},"properties":{"r":0.72,"w":11,"o":75}},{"type":"Feature","geometry":{"type":"Point","coordinates":[-116.5,53.4]},"properties":{"r":0.3,"w":5,"o":315}},{"type":"Feature","geometry":{"type":"Point","coordinates":[-116.4,53.4]},"properties":{"r":0.2,"w":3,"o":315}},{"type":"Feature","geometry":{"type":"Point","coordinates":[-116.3,53.4]},"properties":{"r":0.41,"w":7,"o":75}},{"type":"Feature","geometry":{"type":"Point","coordinates":[-116.2,53.4]},"properties":{"r":0.11,"w":3,"o":315}},{"type":"Feature","geometry":{"type":"Point","coordinates":[-116.1,53.4]},"properties":{"r":1.07,"w":19,"o":75}},{"type":"Feature","geometry":{"type":"Point","coordinates":[-116.0,53.4]},"properties":{"r":1.17,"w":20,"o":75}},{"type":"Feature","geometry":{"type":"Point","coordinates":[-115.9,53.4]},"properties":{"r":0.79,"w":21,"o":327}},{"type":"Feature","geometry":{"type":"Point","coordinates":[-115.8,53.4]},"properties":{"r":0.89,"w":28,"o":327}},{"type":"Feature","geometry":{"type":"Point","coordinates":[-115.7,53.4]},"properties":{"r":2.51,"w":86,"o":39}},{"type":"Feature","geometry":{"type":"Point","coordinates":[-115.6,53.4]},"properties":{"r":1.1,"w":61,"o":327}},{"type":"Feature","geometry":{"type":"Point","coordinates":[-115.5,53.4]},"properties":{"r":0.79,"w":27,"o":327}},{"type":"Feature","geometry":{"type":"Point","coordinates":[-115.4,53.4]},"properties":{"r":0.23,"w":17,"o":340}},{"type":"Feature","geometry":{"type":"Point","coordinates":[-115.3,53.4]},"properties":{"r":0.13,"w":4,"o":248}},{"type":"Feature","geometry":{"type":"Point","coordinates":[-115.2,53.4]},"properties":{"r":0.25,"w":5,"o":156}},{"type":"Feature","geometry":{"type":"Point","coordinates":[-115.1,53.4]},"properties":{"r":0.18,"w":5,"o":156}},{"type":"Feature","geometry":{"type":"Point","coordinates":[-115.0,53.4]},"properties":{"r":0.16,"w":5,"o":156}},{"type":"Feature","geometry":{"type":"Point","coordinates":[-114.9,53.4]},"properties":{"r":0.01,"w":1,"o":146}},{"type":"Feature","geometry":{"type":"Point","coordinates":[-114.8,53.4]},"properties":{"r":0.01,"w":2,"o":303}},{"type":"Feature","geometry":{"type":"Point","coordinates":[-114.6,53.4]},"properties":{"r":0.45,"w":17,"o":147}},{"type":"Feature","geometry":{"type":"Point","coordinates":[-114.5,53.4]},"properties":{"r":0.46,"w":11,"o":147}},{"type":"Feature","geometry":{"type":"Point","coordinates":[-114.4,53.4]},"properties":{"r":0.01,"w":1,"o":147}},{"type":"Feature","geometry":{"type":"Point","coordinates":[-113.9,53.4]},"properties":{"r":0.1,"w":6,"o":152}},{"type":"Feature","geometry":{"type":"Point","coordinates":[-113.8,53.4]},"properties":{"r":0.89,"w":20,"o":31}},{"type":"Feature","geometry":{"type":"Point","coordinates":[-113.7,53.4]},"properties":{"r":0.41,"w":14,"o":31}},{"type":"Feature","geometry":{"type":"Point","coordinates":[-111.4,53.4]},"properties":{"r":0.05,"w":1,"o":169}},{"type":"Feature","geometry":{"type":"Point","coordinates":[-111.3,53.4]},"properties":{"r":0.21,"w":13,"o":169}},{"type":"Feature","geometry":{"type":"Point","coordinates":[-111.2,53.4]},"properties":{"r":0.22,"w":11,"o":169}},{"type":"Feature","geometry":{"type":"Point","coordinates":[-111.1,53.4]},"properties":{"r":0.4,"w":13,"o":169}},{"type":"Feature","geometry":{"type":"Point","coordinates":[-110.9,53.4]},"properties":{"r":0.35,"w":11,"o":75}},{"type":"Feature","geometry":{"type":"Point","coordinates":[-110.8,53.4]},"properties":{"r":0.1,"w":4,"o":67}},{"type":"Feature","geometry":{"type":"Point","coordinates":[-110.7,53.4]},"properties":{"r":0.09,"w":1,"o":75}},{"type":"Feature","geometry":{"type":"Point","coordinates":[-110.6,53.4]},"properties":{"r":0.0,"w":1,"o":314}},{"type":"Feature","geometry":{"type":"Point","coordinates":[-110.5,53.4]},"properties":{"r":0.08,"w":4,"o":75}},{"type":"Feature","geometry":{"type":"Point","coordinates":[-110.4,53.4]},"properties":{"r":0.08,"w":7,"o":314}},{"type":"Feature","geometry":{"type":"Point","coordinates":[-110.3,53.4]},"properties":{"r":0.11,"w":5,"o":112}},{"type":"Feature","geometry":{"type":"Point","coordinates":[-110.2,53.4]},"properties":{"r":0.08,"w":1,"o":67}},{"type":"Feature","geometry":{"type":"Point","coordinates":[-110.1,53.4]},"properties":{"r":0.29,"w":21,"o":314}},{"type":"Feature","geometry":{"type":"Point","coordinates":[-110.0,53.4]},"properties":{"r":0.08,"w":5,"o":314}},{"type":"Feature","geometry":{"type":"Point","coordinates":[-117.8,53.5]},"properties":{"r":0.02,"w":1,"o":315}},{"type":"Feature","geometry":{"type":"Point","coordinates":[-117.7,53.5]},"properties":{"r":0.14,"w":3,"o":315}},{"type":"Feature","geometry":{"type":"Point","coordinates":[-117.6,53.5]},"properties":{"r":0.2,"w":4,"o":67}},{"type":"Feature","geometry":{"type":"Point","coordinates":[-117.5,53.5]},"properties":{"r":0.02,"w":1,"o":67}},{"type":"Feature","geometry":{"type":"Point","coordinates":[-117.4,53.5]},"properties":{"r":0.25,"w":4,"o":67}},{"type":"Feature","geometry":{"type":"Point","coordinates":[-117.3,53.5]},"properties":{"r":0.29,"w":4,"o":67}},{"type":"Feature","geometry":{"type":"Point","coordinates":[-117.2,53.5]},"properties":{"r":0.24,"w":5,"o":237}},{"type":"Feature","geometry":{"type":"Point","coordinates":[-117.1,53.5]},"properties":{"r":0.4,"w":8,"o":237}},{"type":"Feature","geometry":{"type":"Point","coordinates":[-117.0,53.5]},"properties":{"r":0.62,"w":21,"o":237}},{"type":"Feature","geometry":{"type":"Point","coordinates":[-116.9,53.5]},"properties":{"r":1.18,"w":22,"o":67}},{"type":"Feature","geometry":{"type":"Point","coordinates":[-116.8,53.5]},"properties":{"r":5.99,"w":101,"o":67}},{"type":"Feature","geometry":{"type":"Point","coordinates":[-116.7,53.5]},"properties":{"r":1.47,"w":29,"o":67}},{"type":"Feature","geometry":{"type":"Point","coordinates":[-116.5,53.5]},"properties":{"r":0.08,"w":2,"o":237}},{"type":"Feature","geometry":{"type":"Point","coordinates":[-116.4,53.5]},"properties":{"r":0.32,"w":5,"o":315}},{"type":"Feature","geometry":{"type":"Point","coordinates":[-116.3,53.5]},"properties":{"r":0.09,"w":2,"o":315}},{"type":"Feature","geometry":{"type":"Point","coordinates":[-116.2,53.5]},"properties":{"r":0.05,"w":2,"o":315}},{"type":"Feature","geometry":{"type":"Point","coordinates":[-116.1,53.5]},"properties":{"r":1.38,"w":23,"o":315}},{"type":"Feature","geometry":{"type":"Point","coordinates":[-116.0,53.5]},"properties":{"r":0.78,"w":14,"o":327}},{"type":"Feature","geometry":{"type":"Point","coordinates":[-115.9,53.5]},"properties":{"r":0.92,"w":21,"o":327}},{"type":"Feature","geometry":{"type":"Point","coordinates":[-115.8,53.5]},"properties":{"r":0.39,"w":13,"o":166}},{"type":"Feature","geometry":{"type":"Point","coordinates":[-115.7,53.5]},"properties":{"r":0.26,"w":10,"o":166}},{"type":"Feature","geometry":{"type":"Point","coordinates":[-115.6,53.5]},"properties":{"r":0.56,"w":13,"o":166}},{"type":"Feature","geometry":{"type":"Point","coordinates":[-115.5,53.5]},"properties":{"r":0.73,"w":16,"o":327}},{"type":"Feature","geometry":{"type":"Point","coordinates":[-115.4,53.5]},"properties":{"r":0.12,"w":2,"o":308}},{"type":"Feature","geometry":{"type":"Point","coordinates":[-115.2,53.5]},"properties":{"r":0.06,"w":4,"o":156}},{"type":"Feature","geometry":{"type":"Point","coordinates":[-115.1,53.5]},"properties":{"r":0.36,"w":19,"o":156}},{"type":"Feature","geometry":{"type":"Point","coordinates":[-114.9,53.5]},"properties":{"r":0.04,"w":4,"o":13}},{"type":"Feature","geometry":{"type":"Point","coordinates":[-114.7,53.5]},"properties":{"r":0.05,"w":10,"o":157}},{"type":"Feature","geometry":{"type":"Point","coordinates":[-114.5,53.5]},"properties":{"r":0.03,"w":1,"o":147}},{"type":"Feature","geometry":{"type":"Point","coordinates":[-113.8,53.5]},"properties":{"r":0.01,"w":1,"o":341}},{"type":"Feature","geometry":{"type":"Point","coordinates":[-113.7,53.5]},"properties":{"r":0.02,"w":2,"o":341}},{"type":"Feature","geometry":{"type":"Point","coordinates":[-112.9,53.5]},"properties":{"r":0.1,"w":1,"o":235}},{"type":"Feature","geometry":{"type":"Point","coordinates":[-112.8,53.5]},"properties":{"r":0.02,"w":1,"o":235}},{"type":"Feature","geometry":{"type":"Point","coordinates":[-111.8,53.5]},"properties":{"r":0.17,"w":4,"o":238}},{"type":"Feature","geometry":{"type":"Point","coordinates":[-111.2,53.5]},"properties":{"r":0.01,"w":1,"o":67}},{"type":"Feature","geometry":{"type":"Point","coordinates":[-111.1,53.5]},"properties":{"r":0.14,"w":2,"o":169}},{"type":"Feature","geometry":{"type":"Point","coordinates":[-111.0,53.5]},"properties":{"r":0.68,"w":18,"o":75}},{"type":"Feature","geometry":{"type":"Point","coordinates":[-110.9,53.5]},"properties":{"r":1.48,"w":61,"o":335}},{"type":"Feature","geometry":{"type":"Point","coordinates":[-110.8,53.5]},"properties":{"r":0.01,"w":1,"o":335}},{"type":"Feature","geometry":{"type":"Point","coordinates":[-110.6,53.5]},"properties":{"r":0.09,"w":10,"o":75}},{"type":"Feature","geometry":{"type":"Point","coordinates":[-110.5,53.5]},"properties":{"r":0.1,"w":6,"o":314}},{"type":"Feature","geometry":{"type":"Point","coordinates":[-110.4,53.5]},"properties":{"r":0.48,"w":27,"o":75}},{"type":"Feature","geometry":{"type":"Point","coordinates":[-110.2,53.5]},"properties":{"r":0.3,"w":7,"o":75}},{"type":"Feature","geometry":{"type":"Point","coordinates":[-110.1,53.5]},"properties":{"r":0.02,"w":2,"o":314}},{"type":"Feature","geometry":{"type":"Point","coordinates":[-118.1,53.6]},"properties":{"r":0.05,"w":1,"o":315}},{"type":"Feature","geometry":{"type":"Point","coordinates":[-118.0,53.6]},"properties":{"r":0.12,"w":2,"o":315}},{"type":"Feature","geometry":{"type":"Point","coordinates":[-117.9,53.6]},"properties":{"r":0.0,"w":1,"o":315}},{"type":"Feature","geometry":{"type":"Point","coordinates":[-117.8,53.6]},"properties":{"r":0.01,"w":1,"o":315}},{"type":"Feature","geometry":{"type":"Point","coordinates":[-117.7,53.6]},"properties":{"r":0.13,"w":3,"o":315}},{"type":"Feature","geometry":{"type":"Point","coordinates":[-117.5,53.6]},"properties":{"r":0.16,"w":3,"o":67}},{"type":"Feature","geometry":{"type":"Point","coordinates":[-117.4,53.6]},"properties":{"r":0.73,"w":11,"o":315}},{"type":"Feature","geometry":{"type":"Point","coordinates":[-117.3,53.6]},"properties":{"r":0.35,"w":7,"o":67}},{"type":"Feature","geometry":{"type":"Point","coordinates":[-117.2,53.6]},"properties":{"r":1.6,"w":27,"o":237}},{"type":"Feature","geometry":{"type":"Point","coordinates":[-117.1,53.6]},"properties":{"r":3.78,"w":57,"o":315}},{"type":"Feature","geometry":{"type":"Point","coordinates":[-117.0,53.6]},"properties":{"r":2.05,"w":52,"o":237}},{"type":"Feature","geometry":{"type":"Point","coordinates":[-116.9,53.6]},"properties":{"r":4.18,"w":78,"o":75}},{"type":"Feature","geometry":{"type":"Point","coordinates":[-116.8,53.6]},"properties":{"r":1.63,"w":28,"o":237}},{"type":"Feature","geometry":{"type":"Point","coordinates":[-116.7,53.6]},"properties":{"r":0.16,"w":3,"o":237}},{"type":"Feature","geometry":{"type":"Point","coordinates":[-116.6,53.6]},"properties":{"r":0.43,"w":8,"o":43}},{"type":"Feature","geometry":{"type":"Point","coordinates":[-116.5,53.6]},"properties":{"r":0.24,"w":6,"o":43}},{"type":"Feature","geometry":{"type":"Point","coordinates":[-116.4,53.6]},"properties":{"r":0.1,"w":5,"o":43}},{"type":"Feature","geometry":{"type":"Point","coordinates":[-116.3,53.6]},"properties":{"r":0.36,"w":7,"o":315}},{"type":"Feature","geometry":{"type":"Point","coordinates":[-116.2,53.6]},"properties":{"r":0.7,"w":16,"o":315}},{"type":"Feature","geometry":{"type":"Point","coordinates":[-116.1,53.6]},"properties":{"r":1.7,"w":28,"o":315}},{"type":"Feature","geometry":{"type":"Point","coordinates":[-116.0,53.6]},"properties":{"r":0.81,"w":16,"o":327}},{"type":"Feature","geometry":{"type":"Point","coordinates":[-115.9,53.6]},"properties":{"r":0.5,"w":12,"o":327}},{"type":"Feature","geometry":{"type":"Point","coordinates":[-115.8,53.6]},"properties":{"r":0.33,"w":6,"o":327}},{"type":"Feature","geometry":{"type":"Point","coordinates":[-115.7,53.6]},"properties":{"r":0.12,"w":2,"o":166}},{"type":"Feature","geometry":{"type":"Point","coordinates":[-115.6,53.6]},"properties":{"r":0.12,"w":4,"o":334}},{"type":"Feature","geometry":{"type":"Point","coordinates":[-115.5,53.6]},"properties":{"r":0.35,"w":9,"o":327}},{"type":"Feature","geometry":{"type":"Point","coordinates":[-115.4,53.6]},"properties":{"r":0.23,"w":9,"o":334}},{"type":"Feature","geometry":{"type":"Point","coordinates":[-115.3,53.6]},"properties":{"r":0.02,"w":4,"o":334}},{"type":"Feature","geometry":{"type":"Point","coordinates":[-112.5,53.6]},"properties":{"r":0.08,"w":17,"o":240}},{"type":"Feature","geometry":{"type":"Point","coordinates":[-112.0,53.6]},"properties":{"r":0.03,"w":2,"o":330}},{"type":"Feature","geometry":{"type":"Point","coordinates":[-111.8,53.6]},"properties":{"r":0.17,"w":3,"o":67}},{"type":"Feature","geometry":{"type":"Point","coordinates":[-111.7,53.6]},"properties":{"r":0.09,"w":2,"o":238}},{"type":"Feature","geometry":{"type":"Point","coordinates":[-111.6,53.6]},"properties":{"r":0.04,"w":1,"o":67}},{"type":"Feature","geometry":{"type":"Point","coordinates":[-111.4,53.6]},"properties":{"r":0.03,"w":1,"o":67}},{"type":"Feature","geometry":{"type":"Point","coordinates":[-111.3,53.6]},"properties":{"r":0.19,"w":5,"o":67}},{"type":"Feature","geometry":{"type":"Point","coordinates":[-111.2,53.6]},"properties":{"r":0.08,"w":3,"o":67}},{"type":"Feature","geometry":{"type":"Point","coordinates":[-111.1,53.6]},"properties":{"r":0.05,"w":2,"o":67}},{"type":"Feature","geometry":{"type":"Point","coordinates":[-110.9,53.6]},"properties":{"r":0.18,"w":7,"o":67}},{"type":"Feature","geometry":{"type":"Point","coordinates":[-110.8,53.6]},"properties":{"r":0.5,"w":12,"o":75}},{"type":"Feature","geometry":{"type":"Point","coordinates":[-110.7,53.6]},"properties":{"r":0.15,"w":8,"o":67}},{"type":"Feature","geometry":{"type":"Point","coordinates":[-110.6,53.6]},"properties":{"r":0.01,"w":1,"o":335}},{"type":"Feature","geometry":{"type":"Point","coordinates":[-110.5,53.6]},"properties":{"r":0.04,"w":1,"o":119}},{"type":"Feature","geometry":{"type":"Point","coordinates":[-110.3,53.6]},"properties":{"r":0.12,"w":2,"o":67}},{"type":"Feature","geometry":{"type":"Point","coordinates":[-110.2,53.6]},"properties":{"r":0.19,"w":7,"o":75}},{"type":"Feature","geometry":{"type":"Point","coordinates":[-110.1,53.6]},"properties":{"r":0.02,"w":1,"o":216}},{"type":"Feature","geometry":{"type":"Point","coordinates":[-118.2,53.7]},"properties":{"r":0.07,"w":1,"o":315}},{"type":"Feature","geometry":{"type":"Point","coordinates":[-117.6,53.7]},"properties":{"r":0.32,"w":5,"o":315}},{"type":"Feature","geometry":{"type":"Point","coordinates":[-117.5,53.7]},"properties":{"r":0.53,"w":9,"o":67}},{"type":"Feature","geometry":{"type":"Point","coordinates":[-117.4,53.7]},"properties":{"r":0.57,"w":10,"o":315}},{"type":"Feature","geometry":{"type":"Point","coordinates":[-117.3,53.7]},"properties":{"r":0.76,"w":11,"o":315}},{"type":"Feature","geometry":{"type":"Point","coordinates":[-117.2,53.7]},"properties":{"r":2.56,"w":50,"o":237}},{"type":"Feature","geometry":{"type":"Point","coordinates":[-117.1,53.7]},"properties":{"r":6.1,"w":108,"o":237}},{"type":"Feature","geometry":{"type":"Point","coordinates":[-117.0,53.7]},"properties":{"r":2.54,"w":51,"o":237}},{"type":"Feature","geometry":{"type":"Point","coordinates":[-116.9,53.7]},"properties":{"r":0.62,"w":11,"o":237}},{"type":"Feature","geometry":{"type":"Point","coordinates":[-116.8,53.7]},"properties":{"r":0.19,"w":4,"o":237}},{"type":"Feature","geometry":{"type":"Point","coordinates":[-116.7,53.7]},"properties":{"r":0.43,"w":8,"o":43}},{"type":"Feature","geometry":{"type":"Point","coordinates":[-116.6,53.7]},"properties":{"r":1.57,"w":29,"o":43}},{"type":"Feature","geometry":{"type":"Point","coordinates":[-116.5,53.7]},"properties":{"r":1.7,"w":33,"o":43}},{"type":"Feature","geometry":{"type":"Point","coordinates":[-116.4,53.7]},"properties":{"r":0.8,"w":13,"o":327}},{"type":"Feature","geometry":{"type":"Point","coordinates":[-116.3,53.7]},"properties":{"r":0.79,"w":22,"o":291}},{"type":"Feature","geometry":{"type":"Point","coordinates":[-116.2,53.7]},"properties":{"r":0.65,"w":23,"o":11}},{"type":"Feature","geometry":{"type":"Point","coordinates":[-116.1,53.7]},"properties":{"r":0.37,"w":7,"o":327}},{"type":"Feature","geometry":{"type":"Point","coordinates":[-116.0,53.7]},"properties":{"r":0.37,"w":8,"o":327}},{"type":"Feature","geometry":{"type":"Point","coordinates":[-115.9,53.7]},"properties":{"r":0.32,"w":7,"o":327}},{"type":"Feature","geometry":{"type":"Point","coordinates":[-115.8,53.7]},"properties":{"r":0.24,"w":7,"o":327}},{"type":"Feature","geometry":{"type":"Point","coordinates":[-115.7,53.7]},"properties":{"r":0.19,"w":5,"o":166}},{"type":"Feature","geometry":{"type":"Point","coordinates":[-115.6,53.7]},"properties":{"r":0.38,"w":8,"o":166}},{"type":"Feature","geometry":{"type":"Point","coordinates":[-114.8,53.7]},"properties":{"r":0.05,"w":1,"o":197}},{"type":"Feature","geometry":{"type":"Point","coordinates":[-114.7,53.7]},"properties":{"r":0.23,"w":4,"o":78}},{"type":"Feature","geometry":{"type":"Point","coordinates":[-114.6,53.7]},"properties":{"r":0.12,"w":2,"o":78}},{"type":"Feature","geometry":{"type":"Point","coordinates":[-113.9,53.7]},"properties":{"r":0.32,"w":11,"o":43}},{"type":"Feature","geometry":{"type":"Point","coordinates":[-113.7,53.7]},"properties":{"r":0.0,"w":3,"o":108}},{"type":"Feature","geometry":{"type":"Point","coordinates":[-113.0,53.7]},"properties":{"r":0.08,"w":7,"o":251}},{"type":"Feature","geometry":{"type":"Point","coordinates":[-112.9,53.7]},"properties":{"r":0.01,"w":1,"o":251}},{"type":"Feature","geometry":{"type":"Point","coordinates":[-112.8,53.7]},"properties":{"r":0.02,"w":2,"o":240}},{"type":"Feature","geometry":{"type":"Point","coordinates":[-112.6,53.7]},"properties":{"r":0.07,"w":13,"o":99}},{"type":"Feature","geometry":{"type":"Point","coordinates":[-111.3,53.7]},"properties":{"r":0.02,"w":1,"o":67}},{"type":"Feature","geometry":{"type":"Point","coordinates":[-111.2,53.7]},"properties":{"r":0.02,"w":2,"o":67}},{"type":"Feature","geometry":{"type":"Point","coordinates":[-111.1,53.7]},"properties":{"r":0.02,"w":1,"o":67}},{"type":"Feature","geometry":{"type":"Point","coordinates":[-110.9,53.7]},"properties":{"r":0.29,"w":14,"o":67}},{"type":"Feature","geometry":{"type":"Point","coordinates":[-110.8,53.7]},"properties":{"r":0.95,"w":36,"o":75}},{"type":"Feature","geometry":{"type":"Point","coordinates":[-110.7,53.7]},"properties":{"r":1.48,"w":58,"o":67}},{"type":"Feature","geometry":{"type":"Point","coordinates":[-110.6,53.7]},"properties":{"r":0.84,"w":35,"o":67}},{"type":"Feature","geometry":{"type":"Point","coordinates":[-110.5,53.7]},"properties":{"r":0.09,"w":5,"o":67}},{"type":"Feature","geometry":{"type":"Point","coordinates":[-110.4,53.7]},"properties":{"r":0.14,"w":6,"o":75}},{"type":"Feature","geometry":{"type":"Point","coordinates":[-110.3,53.7]},"properties":{"r":0.03,"w":2,"o":67}},{"type":"Feature","geometry":{"type":"Point","coordinates":[-110.2,53.7]},"properties":{"r":0.04,"w":4,"o":67}},{"type":"Feature","geometry":{"type":"Point","coordinates":[-110.1,53.7]},"properties":{"r":0.1,"w":5,"o":67}},{"type":"Feature","geometry":{"type":"Point","coordinates":[-110.0,53.7]},"properties":{"r":0.02,"w":2,"o":67}},{"type":"Feature","geometry":{"type":"Point","coordinates":[-118.5,53.8]},"properties":{"r":0.21,"w":3,"o":67}},{"type":"Feature","geometry":{"type":"Point","coordinates":[-117.9,53.8]},"properties":{"r":0.09,"w":1,"o":67}},{"type":"Feature","geometry":{"type":"Point","coordinates":[-117.8,53.8]},"properties":{"r":0.13,"w":2,"o":67}},{"type":"Feature","geometry":{"type":"Point","coordinates":[-117.7,53.8]},"properties":{"r":0.31,"w":6,"o":67}},{"type":"Feature","geometry":{"type":"Point","coordinates":[-117.6,53.8]},"properties":{"r":1.44,"w":24,"o":237}},{"type":"Feature","geometry":{"type":"Point","coordinates":[-117.5,53.8]},"properties":{"r":3.81,"w":61,"o":237}},{"type":"Feature","geometry":{"type":"Point","coordinates":[-117.4,53.8]},"properties":{"r":1.2,"w":27,"o":237}},{"type":"Feature","geometry":{"type":"Point","coordinates":[-117.3,53.8]},"properties":{"r":1.18,"w":22,"o":237}},{"type":"Feature","geometry":{"type":"Point","coordinates":[-117.2,53.8]},"properties":{"r":2.65,"w":59,"o":237}},{"type":"Feature","geometry":{"type":"Point","coordinates":[-117.1,53.8]},"properties":{"r":3.38,"w":63,"o":237}},{"type":"Feature","geometry":{"type":"Point","coordinates":[-117.0,53.8]},"properties":{"r":3.1,"w":63,"o":237}},{"type":"Feature","geometry":{"type":"Point","coordinates":[-116.9,53.8]},"properties":{"r":1.43,"w":27,"o":237}},{"type":"Feature","geometry":{"type":"Point","coordinates":[-116.8,53.8]},"properties":{"r":0.98,"w":18,"o":315}},{"type":"Feature","geometry":{"type":"Point","coordinates":[-116.7,53.8]},"properties":{"r":0.34,"w":5,"o":315}},{"type":"Feature","geometry":{"type":"Point","coordinates":[-116.6,53.8]},"properties":{"r":0.39,"w":7,"o":43}},{"type":"Feature","geometry":{"type":"Point","coordinates":[-116.5,53.8]},"properties":{"r":0.1,"w":3,"o":327}},{"type":"Feature","geometry":{"type":"Point","coordinates":[-116.4,53.8]},"properties":{"r":0.31,"w":5,"o":11}},{"type":"Feature","geometry":{"type":"Point","coordinates":[-116.3,53.8]},"properties":{"r":0.62,"w":12,"o":161}},{"type":"Feature","geometry":{"type":"Point","coordinates":[-116.2,53.8]},"properties":{"r":0.78,"w":13,"o":67}},{"type":"Feature","geometry":{"type":"Point","coordinates":[-116.1,53.8]},"properties":{"r":0.3,"w":6,"o":238}},{"type":"Feature","geometry":{"type":"Point","coordinates":[-116.0,53.8]},"properties":{"r":0.2,"w":7,"o":75}},{"type":"Feature","geometry":{"type":"Point","coordinates":[-115.9,53.8]},"properties":{"r":0.38,"w":9,"o":75}},{"type":"Feature","geometry":{"type":"Point","coordinates":[-115.8,53.8]},"properties":{"r":0.16,"w":4,"o":75}},{"type":"Feature","geometry":{"type":"Point","coordinates":[-115.7,53.8]},"properties":{"r":0.18,"w":5,"o":75}},{"type":"Feature","geometry":{"type":"Point","coordinates":[-115.6,53.8]},"properties":{"r":0.26,"w":4,"o":180}},{"type":"Feature","geometry":{"type":"Point","coordinates":[-115.5,53.8]},"properties":{"r":0.09,"w":2,"o":75}},{"type":"Feature","geometry":{"type":"Point","coordinates":[-115.2,53.8]},"properties":{"r":0.06,"w":1,"o":290}},{"type":"Feature","geometry":{"type":"Point","coordinates":[-115.0,53.8]},"properties":{"r":0.09,"w":5,"o":104}},{"type":"Feature","geometry":{"type":"Point","coordinates":[-114.7,53.8]},"properties":{"r":0.0,"w":1,"o":303}},{"type":"Feature","geometry":{"type":"Point","coordinates":[-114.6,53.8]},"properties":{"r":0.18,"w":10,"o":78}},{"type":"Feature","geometry":{"type":"Point","coordinates":[-114.5,53.8]},"properties":{"r":0.12,"w":5,"o":166}},{"type":"Feature","geometry":{"type":"Point","coordinates":[-114.2,53.8]},"properties":{"r":0.02,"w":1,"o":211}},{"type":"Feature","geometry":{"type":"Point","coordinates":[-113.9,53.8]},"properties":{"r":0.09,"w":10,"o":327}},{"type":"Feature","geometry":{"type":"Point","coordinates":[-113.7,53.8]},"properties":{"r":0.01,"w":3,"o":259}},{"type":"Feature","geometry":{"type":"Point","coordinates":[-113.5,53.8]},"properties":{"r":0.15,"w":5,"o":46}},{"type":"Feature","geometry":{"type":"Point","coordinates":[-113.1,53.8]},"properties":{"r":0.0,"w":2,"o":83}},{"type":"Feature","geometry":{"type":"Point","coordinates":[-113.0,53.8]},"properties":{"r":0.49,"w":77,"o":83}},{"type":"Feature","geometry":{"type":"Point","coordinates":[-112.9,53.8]},"properties":{"r":0.52,"w":89,"o":240}},{"type":"Feature","geometry":{"type":"Point","coordinates":[-112.8,53.8]},"properties":{"r":0.17,"w":30,"o":240}},{"type":"Feature","geometry":{"type":"Point","coordinates":[-111.1,53.8]},"properties":{"r":0.0,"w":1,"o":67}},{"type":"Feature","geometry":{"type":"Point","coordinates":[-111.0,53.8]},"properties":{"r":0.01,"w":1,"o":67}},{"type":"Feature","geometry":{"type":"Point","coordinates":[-110.9,53.8]},"properties":{"r":0.65,"w":34,"o":67}},{"type":"Feature","geometry":{"type":"Point","coordinates":[-110.8,53.8]},"properties":{"r":0.23,"w":15,"o":67}},{"type":"Feature","geometry":{"type":"Point","coordinates":[-110.7,53.8]},"properties":{"r":0.82,"w":34,"o":67}},{"type":"Feature","geometry":{"type":"Point","coordinates":[-110.6,53.8]},"properties":{"r":0.74,"w":32,"o":67}},{"type":"Feature","geometry":{"type":"Point","coordinates":[-110.5,53.8]},"properties":{"r":2.29,"w":66,"o":67}},{"type":"Feature","geometry":{"type":"Point","coordinates":[-110.4,53.8]},"properties":{"r":2.29,"w":52,"o":66}},{"type":"Feature","geometry":{"type":"Point","coordinates":[-110.3,53.8]},"properties":{"r":1.82,"w":60,"o":273}},{"type":"Feature","geometry":{"type":"Point","coordinates":[-110.2,53.8]},"properties":{"r":0.21,"w":17,"o":66}},{"type":"Feature","geometry":{"type":"Point","coordinates":[-110.1,53.8]},"properties":{"r":0.32,"w":20,"o":67}},{"type":"Feature","geometry":{"type":"Point","coordinates":[-110.0,53.8]},"properties":{"r":0.05,"w":5,"o":67}},{"type":"Feature","geometry":{"type":"Point","coordinates":[-118.8,53.9]},"properties":{"r":0.06,"w":1,"o":74}},{"type":"Feature","geometry":{"type":"Point","coordinates":[-118.3,53.9]},"properties":{"r":0.08,"w":2,"o":237}},{"type":"Feature","geometry":{"type":"Point","coordinates":[-118.2,53.9]},"properties":{"r":0.02,"w":1,"o":67}},{"type":"Feature","geometry":{"type":"Point","coordinates":[-118.1,53.9]},"properties":{"r":0.18,"w":2,"o":67}},{"type":"Feature","geometry":{"type":"Point","coordinates":[-118.0,53.9]},"properties":{"r":0.1,"w":2,"o":67}},{"type":"Feature","geometry":{"type":"Point","coordinates":[-117.9,53.9]},"properties":{"r":0.3,"w":6,"o":315}},{"type":"Feature","geometry":{"type":"Point","coordinates":[-117.8,53.9]},"properties":{"r":0.08,"w":1,"o":315}},{"type":"Feature","geometry":{"type":"Point","coordinates":[-117.7,53.9]},"properties":{"r":0.47,"w":8,"o":315}},{"type":"Feature","geometry":{"type":"Point","coordinates":[-117.6,53.9]},"properties":{"r":1.58,"w":26,"o":315}},{"type":"Feature","geometry":{"type":"Point","coordinates":[-117.5,53.9]},"properties":{"r":2.37,"w":49,"o":237}},{"type":"Feature","geometry":{"type":"Point","coordinates":[-117.4,53.9]},"properties":{"r":2.14,"w":36,"o":237}},{"type":"Feature","geometry":{"type":"Point","coordinates":[-117.3,53.9]},"properties":{"r":1.09,"w":18,"o":67}},{"type":"Feature","geometry":{"type":"Point","coordinates":[-117.2,53.9]},"properties":{"r":0.86,"w":14,"o":237}},{"type":"Feature","geometry":{"type":"Point","coordinates":[-117.1,53.9]},"properties":{"r":0.4,"w":6,"o":237}},{"type":"Feature","geometry":{"type":"Point","coordinates":[-117.0,53.9]},"properties":{"r":1.26,"w":17,"o":315}},{"type":"Feature","geometry":{"type":"Point","coordinates":[-116.9,53.9]},"properties":{"r":0.2,"w":4,"o":315}},{"type":"Feature","geometry":{"type":"Point","coordinates":[-116.8,53.9]},"properties":{"r":0.26,"w":3,"o":228}},{"type":"Feature","geometry":{"type":"Point","coordinates":[-116.7,53.9]},"properties":{"r":0.42,"w":7,"o":315}},{"type":"Feature","geometry":{"type":"Point","coordinates":[-116.6,53.9]},"properties":{"r":0.2,"w":3,"o":315}},{"type":"Feature","geometry":{"type":"Point","coordinates":[-116.5,53.9]},"properties":{"r":0.09,"w":1,"o":339}},{"type":"Feature","geometry":{"type":"Point","coordinates":[-116.4,53.9]},"properties":{"r":0.08,"w":1,"o":11}},{"type":"Feature","geometry":{"type":"Point","coordinates":[-116.3,53.9]},"properties":{"r":0.22,"w":3,"o":161}},{"type":"Feature","geometry":{"type":"Point","coordinates":[-116.2,53.9]},"properties":{"r":0.51,"w":9,"o":327}},{"type":"Feature","geometry":{"type":"Point","coordinates":[-116.1,53.9]},"properties":{"r":0.41,"w":9,"o":238}},{"type":"Feature","geometry":{"type":"Point","coordinates":[-116.0,53.9]},"properties":{"r":0.28,"w":5,"o":75}},{"type":"Feature","geometry":{"type":"Point","coordinates":[-115.9,53.9]},"properties":{"r":0.23,"w":6,"o":75}},{"type":"Feature","geometry":{"type":"Point","coordinates":[-115.6,53.9]},"properties":{"r":0.08,"w":2,"o":25}},{"type":"Feature","geometry":{"type":"Point","coordinates":[-114.8,53.9]},"properties":{"r":0.14,"w":4,"o":147}},{"type":"Feature","geometry":{"type":"Point","coordinates":[-114.6,53.9]},"properties":{"r":0.2,"w":8,"o":166}},{"type":"Feature","geometry":{"type":"Point","coordinates":[-114.5,53.9]},"properties":{"r":0.01,"w":1,"o":322}},{"type":"Feature","geometry":{"type":"Point","coordinates":[-113.7,53.9]},"properties":{"r":0.0,"w":1,"o":50}},{"type":"Feature","geometry":{"type":"Point","coordinates":[-113.6,53.9]},"properties":{"r":0.05,"w":2,"o":46}},{"type":"Feature","geometry":{"type":"Point","coordinates":[-113.5,53.9]},"properties":{"r":0.49,"w":12,"o":46}},{"type":"Feature","geometry":{"type":"Point","coordinates":[-113.4,53.9]},"properties":{"r":0.12,"w":7,"o":46}},{"type":"Feature","geometry":{"type":"Point","coordinates":[-113.3,53.9]},"properties":{"r":0.0,"w":1,"o":275}},{"type":"Feature","geometry":{"type":"Point","coordinates":[-113.2,53.9]},"properties":{"r":0.1,"w":27,"o":275}},{"type":"Feature","geometry":{"type":"Point","coordinates":[-113.1,53.9]},"properties":{"r":0.4,"w":82,"o":192}},{"type":"Feature","geometry":{"type":"Point","coordinates":[-113.0,53.9]},"properties":{"r":0.7,"w":134,"o":83}},{"type":"Feature","geometry":{"type":"Point","coordinates":[-112.9,53.9]},"properties":{"r":0.06,"w":5,"o":240}},{"type":"Feature","geometry":{"type":"Point","coordinates":[-112.8,53.9]},"properties":{"r":0.02,"w":2,"o":64}},{"type":"Feature","geometry":{"type":"Point","coordinates":[-112.7,53.9]},"properties":{"r":0.26,"w":14,"o":240}},{"type":"Feature","geometry":{"type":"Point","coordinates":[-112.6,53.9]},"properties":{"r":0.78,"w":35,"o":293}},{"type":"Feature","geometry":{"type":"Point","coordinates":[-112.5,53.9]},"properties":{"r":0.53,"w":16,"o":293}},{"type":"Feature","geometry":{"type":"Point","coordinates":[-111.5,53.9]},"properties":{"r":0.04,"w":2,"o":67}},{"type":"Feature","geometry":{"type":"Point","coordinates":[-111.3,53.9]},"properties":{"r":0.02,"w":1,"o":67}},{"type":"Feature","geometry":{"type":"Point","coordinates":[-111.0,53.9]},"properties":{"r":0.16,"w":3,"o":67}},{"type":"Feature","geometry":{"type":"Point","coordinates":[-110.9,53.9]},"properties":{"r":0.11,"w":6,"o":67}},{"type":"Feature","geometry":{"type":"Point","coordinates":[-110.8,53.9]},"properties":{"r":0.31,"w":14,"o":67}},{"type":"Feature","geometry":{"type":"Point","coordinates":[-110.7,53.9]},"properties":{"r":0.21,"w":15,"o":67}},{"type":"Feature","geometry":{"type":"Point","coordinates":[-110.6,53.9]},"properties":{"r":0.0,"w":1,"o":67}},{"type":"Feature","geometry":{"type":"Point","coordinates":[-110.5,53.9]},"properties":{"r":1.96,"w":59,"o":67}},{"type":"Feature","geometry":{"type":"Point","coordinates":[-110.4,53.9]},"properties":{"r":0.63,"w":25,"o":273}},{"type":"Feature","geometry":{"type":"Point","coordinates":[-110.3,53.9]},"properties":{"r":0.44,"w":16,"o":273}},{"type":"Feature","geometry":{"type":"Point","coordinates":[-110.2,53.9]},"properties":{"r":0.23,"w":14,"o":67}},{"type":"Feature","geometry":{"type":"Point","coordinates":[-110.1,53.9]},"properties":{"r":0.22,"w":20,"o":67}},{"type":"Feature","geometry":{"type":"Point","coordinates":[-118.9,54.0]},"properties":{"r":0.07,"w":1,"o":74}},{"type":"Feature","geometry":{"type":"Point","coordinates":[-118.8,54.0]},"properties":{"r":0.04,"w":1,"o":74}},{"type":"Feature","geometry":{"type":"Point","coordinates":[-118.6,54.0]},"properties":{"r":0.18,"w":3,"o":67}},{"type":"Feature","geometry":{"type":"Point","coordinates":[-118.5,54.0]},"properties":{"r":0.09,"w":1,"o":67}},{"type":"Feature","geometry":{"type":"Point","coordinates":[-118.4,54.0]},"properties":{"r":0.22,"w":3,"o":237}},{"type":"Feature","geometry":{"type":"Point","coordinates":[-118.3,54.0]},"properties":{"r":0.85,"w":13,"o":67}},{"type":"Feature","geometry":{"type":"Point","coordinates":[-118.2,54.0]},"properties":{"r":0.26,"w":4,"o":67}},{"type":"Feature","geometry":{"type":"Point","coordinates":[-118.1,54.0]},"properties":{"r":0.01,"w":1,"o":315}},{"type":"Feature","geometry":{"type":"Point","coordinates":[-118.0,54.0]},"properties":{"r":0.32,"w":8,"o":315}},{"type":"Feature","geometry":{"type":"Point","coordinates":[-117.9,54.0]},"properties":{"r":0.26,"w":6,"o":315}},{"type":"Feature","geometry":{"type":"Point","coordinates":[-117.8,54.0]},"properties":{"r":0.13,"w":3,"o":75}},{"type":"Feature","geometry":{"type":"Point","coordinates":[-117.7,54.0]},"properties":{"r":0.39,"w":6,"o":75}},{"type":"Feature","geometry":{"type":"Point","coordinates":[-117.6,54.0]},"properties":{"r":0.8,"w":20,"o":67}},{"type":"Feature","geometry":{"type":"Point","coordinates":[-117.5,54.0]},"properties":{"r":1.16,"w":33,"o":67}},{"type":"Feature","geometry":{"type":"Point","coordinates":[-117.4,54.0]},"properties":{"r":1.42,"w":25,"o":67}},{"type":"Feature","geometry":{"type":"Point","coordinates":[-117.3,54.0]},"properties":{"r":1.35,"w":27,"o":67}},{"type":"Feature","geometry":{"type":"Point","coordinates":[-117.2,54.0]},"properties":{"r":0.77,"w":14,"o":67}},{"type":"Feature","geometry":{"type":"Point","coordinates":[-117.1,54.0]},"properties":{"r":0.71,"w":11,"o":315}},{"type":"Feature","geometry":{"type":"Point","coordinates":[-117.0,54.0]},"properties":{"r":0.31,"w":7,"o":315}},{"type":"Feature","geometry":{"type":"Point","coordinates":[-116.8,54.0]},"properties":{"r":0.19,"w":8,"o":228}},{"type":"Feature","geometry":{"type":"Point","coordinates":[-116.7,54.0]},"properties":{"r":0.95,"w":15,"o":315}},{"type":"Feature","geometry":{"type":"Point","coordinates":[-116.6,54.0]},"properties":{"r":0.12,"w":2,"o":315}},{"type":"Feature","geometry":{"type":"Point","coordinates":[-116.5,54.0]},"properties":{"r":0.07,"w":2,"o":11}},{"type":"Feature","geometry":{"type":"Point","coordinates":[-116.4,54.0]},"properties":{"r":0.1,"w":4,"o":11}},{"type":"Feature","geometry":{"type":"Point","coordinates":[-116.2,54.0]},"properties":{"r":0.09,"w":1,"o":278}},{"type":"Feature","geometry":{"type":"Point","coordinates":[-116.1,54.0]},"properties":{"r":0.06,"w":1,"o":223}},{"type":"Feature","geometry":{"type":"Point","coordinates":[-116.0,54.0]},"properties":{"r":0.08,"w":1,"o":238}},{"type":"Feature","geometry":{"type":"Point","coordinates":[-115.9,54.0]},"properties":{"r":0.01,"w":1,"o":223}},{"type":"Feature","geometry":{"type":"Point","coordinates":[-115.7,54.0]},"properties":{"r":0.08,"w":3,"o":223}},{"type":"Feature","geometry":{"type":"Point","coordinates":[-115.6,54.0]},"properties":{"r":0.06,"w":2,"o":223}},{"type":"Feature","geometry":{"type":"Point","coordinates":[-114.6,54.0]},"properties":{"r":0.02,"w":1,"o":36}},{"type":"Feature","geometry":{"type":"Point","coordinates":[-114.3,54.0]},"properties":{"r":0.01,"w":1,"o":45}},{"type":"Feature","geometry":{"type":"Point","coordinates":[-113.3,54.0]},"properties":{"r":0.07,"w":17,"o":275}},{"type":"Feature","geometry":{"type":"Point","coordinates":[-113.2,54.0]},"properties":{"r":0.12,"w":37,"o":83}},{"type":"Feature","geometry":{"type":"Point","coordinates":[-113.1,54.0]},"properties":{"r":0.29,"w":68,"o":83}},{"type":"Feature","geometry":{"type":"Point","coordinates":[-113.0,54.0]},"properties":{"r":0.02,"w":5,"o":83}},{"type":"Feature","geometry":{"type":"Point","coordinates":[-112.8,54.0]},"properties":{"r":0.0,"w":7,"o":64}},{"type":"Feature","geometry":{"type":"Point","coordinates":[-112.6,54.0]},"properties":{"r":0.04,"w":3,"o":273}},{"type":"Feature","geometry":{"type":"Point","coordinates":[-112.5,54.0]},"properties":{"r":0.06,"w":1,"o":293}},{"type":"Feature","geometry":{"type":"Point","coordinates":[-112.4,54.0]},"properties":{"r":0.07,"w":1,"o":295}},{"type":"Feature","geometry":{"type":"Point","coordinates":[-112.1,54.0]},"properties":{"r":0.01,"w":2,"o":293}},{"type":"Feature","geometry":{"type":"Point","coordinates":[-112.0,54.0]},"properties":{"r":0.03,"w":11,"o":293}},{"type":"Feature","geometry":{"type":"Point","coordinates":[-111.7,54.0]},"properties":{"r":0.13,"w":3,"o":67}},{"type":"Feature","geometry":{"type":"Point","coordinates":[-111.6,54.0]},"properties":{"r":0.06,"w":3,"o":67}},{"type":"Feature","geometry":{"type":"Point","coordinates":[-111.5,54.0]},"properties":{"r":0.21,"w":7,"o":67}},{"type":"Feature","geometry":{"type":"Point","coordinates":[-111.4,54.0]},"properties":{"r":0.13,"w":5,"o":67}},{"type":"Feature","geometry":{"type":"Point","coordinates":[-111.3,54.0]},"properties":{"r":0.11,"w":5,"o":67}},{"type":"Feature","geometry":{"type":"Point","coordinates":[-111.2,54.0]},"properties":{"r":0.0,"w":1,"o":67}},{"type":"Feature","geometry":{"type":"Point","coordinates":[-110.9,54.0]},"properties":{"r":0.0,"w":1,"o":67}},{"type":"Feature","geometry":{"type":"Point","coordinates":[-110.8,54.0]},"properties":{"r":0.04,"w":4,"o":67}},{"type":"Feature","geometry":{"type":"Point","coordinates":[-110.7,54.0]},"properties":{"r":0.21,"w":20,"o":67}},{"type":"Feature","geometry":{"type":"Point","coordinates":[-110.6,54.0]},"properties":{"r":1.86,"w":39,"o":295}},{"type":"Feature","geometry":{"type":"Point","coordinates":[-110.5,54.0]},"properties":{"r":0.05,"w":5,"o":37}},{"type":"Feature","geometry":{"type":"Point","coordinates":[-110.4,54.0]},"properties":{"r":0.1,"w":6,"o":37}},{"type":"Feature","geometry":{"type":"Point","coordinates":[-110.3,54.0]},"properties":{"r":0.01,"w":3,"o":67}},{"type":"Feature","geometry":{"type":"Point","coordinates":[-110.2,54.0]},"properties":{"r":0.02,"w":9,"o":190}},{"type":"Feature","geometry":{"type":"Point","coordinates":[-119.2,54.1]},"properties":{"r":0.04,"w":1,"o":170}},{"type":"Feature","geometry":{"type":"Point","coordinates":[-119.1,54.1]},"properties":{"r":0.22,"w":4,"o":170}},{"type":"Feature","geometry":{"type":"Point","coordinates":[-119.0,54.1]},"properties":{"r":0.07,"w":2,"o":170}},{"type":"Feature","geometry":{"type":"Point","coordinates":[-118.8,54.1]},"properties":{"r":0.07,"w":1,"o":237}},{"type":"Feature","geometry":{"type":"Point","coordinates":[-118.7,54.1]},"properties":{"r":0.3,"w":6,"o":237}},{"type":"Feature","geometry":{"type":"Point","coordinates":[-118.5,54.1]},"properties":{"r":0.43,"w":7,"o":237}},{"type":"Feature","geometry":{"type":"Point","coordinates":[-118.4,54.1]},"properties":{"r":0.7,"w":18,"o":67}},{"type":"Feature","geometry":{"type":"Point","coordinates":[-118.3,54.1]},"properties":{"r":0.23,"w":4,"o":67}},{"type":"Feature","geometry":{"type":"Point","coordinates":[-118.2,54.1]},"properties":{"r":0.09,"w":1,"o":315}},{"type":"Feature","geometry":{"type":"Point","coordinates":[-118.1,54.1]},"properties":{"r":0.16,"w":4,"o":315}},{"type":"Feature","geometry":{"type":"Point","coordinates":[-117.9,54.1]},"properties":{"r":0.31,"w":5,"o":67}},{"type":"Feature","geometry":{"type":"Point","coordinates":[-117.8,54.1]},"properties":{"r":0.02,"w":1,"o":98}},{"type":"Feature","geometry":{"type":"Point","coordinates":[-117.7,54.1]},"properties":{"r":0.12,"w":2,"o":173}},{"type":"Feature","geometry":{"type":"Point","coordinates":[-117.6,54.1]},"properties":{"r":0.22,"w":6,"o":75}},{"type":"Feature","geometry":{"type":"Point","coordinates":[-117.5,54.1]},"properties":{"r":0.32,"w":6,"o":75}},{"type":"Feature","geometry":{"type":"Point","coordinates":[-117.4,54.1]},"properties":{"r":0.61,"w":12,"o":75}},{"type":"Feature","geometry":{"type":"Point","coordinates":[-117.3,54.1]},"properties":{"r":0.84,"w":15,"o":315}},{"type":"Feature","geometry":{"type":"Point","coordinates":[-117.2,54.1]},"properties":{"r":0.72,"w":13,"o":237}},{"type":"Feature","geometry":{"type":"Point","coordinates":[-117.1,54.1]},"properties":{"r":0.49,"w":7,"o":237}},{"type":"Feature","geometry":{"type":"Point","coordinates":[-117.0,54.1]},"properties":{"r":0.33,"w":7,"o":228}},{"type":"Feature","geometry":{"type":"Point","coordinates":[-116.9,54.1]},"properties":{"r":1.23,"w":22,"o":228}},{"type":"Feature","geometry":{"type":"Point","coordinates":[-116.8,54.1]},"properties":{"r":0.6,"w":18,"o":340}},{"type":"Feature","geometry":{"type":"Point","coordinates":[-116.6,54.1]},"properties":{"r":0.33,"w":6,"o":340}},{"type":"Feature","geometry":{"type":"Point","coordinates":[-116.5,54.1]},"properties":{"r":1.07,"w":22,"o":223}},{"type":"Feature","geometry":{"type":"Point","coordinates":[-116.4,54.1]},"properties":{"r":0.37,"w":9,"o":223}},{"type":"Feature","geometry":{"type":"Point","coordinates":[-116.3,54.1]},"properties":{"r":0.1,"w":3,"o":223}},{"type":"Feature","geometry":{"type":"Point","coordinates":[-116.2,54.1]},"properties":{"r":0.18,"w":6,"o":278}},{"type":"Feature","geometry":{"type":"Point","coordinates":[-116.0,54.1]},"properties":{"r":0.05,"w":1,"o":223}},{"type":"Feature","geometry":{"type":"Point","coordinates":[-115.9,54.1]},"properties":{"r":0.06,"w":1,"o":223}},{"type":"Feature","geometry":{"type":"Point","coordinates":[-115.8,54.1]},"properties":{"r":0.1,"w":3,"o":223}},{"type":"Feature","geometry":{"type":"Point","coordinates":[-115.7,54.1]},"properties":{"r":0.1,"w":3,"o":223}},{"type":"Feature","geometry":{"type":"Point","coordinates":[-115.2,54.1]},"properties":{"r":0.26,"w":10,"o":67}},{"type":"Feature","geometry":{"type":"Point","coordinates":[-114.9,54.1]},"properties":{"r":0.01,"w":1,"o":46}},{"type":"Feature","geometry":{"type":"Point","coordinates":[-114.3,54.1]},"properties":{"r":0.38,"w":11,"o":36}},{"type":"Feature","geometry":{"type":"Point","coordinates":[-113.0,54.1]},"properties":{"r":0.0,"w":1,"o":183}},{"type":"Feature","geometry":{"type":"Point","coordinates":[-112.9,54.1]},"properties":{"r":0.01,"w":3,"o":183}},{"type":"Feature","geometry":{"type":"Point","coordinates":[-112.5,54.1]},"properties":{"r":0.05,"w":2,"o":295}},{"type":"Feature","geometry":{"type":"Point","coordinates":[-112.4,54.1]},"properties":{"r":0.35,"w":19,"o":295}},{"type":"Feature","geometry":{"type":"Point","coordinates":[-112.3,54.1]},"properties":{"r":0.18,"w":5,"o":67}},{"type":"Feature","geometry":{"type":"Point","coordinates":[-112.2,54.1]},"properties":{"r":0.09,"w":3,"o":67}},{"type":"Feature","geometry":{"type":"Point","coordinates":[-112.1,54.1]},"properties":{"r":0.14,"w":3,"o":67}},{"type":"Feature","geometry":{"type":"Point","coordinates":[-111.9,54.1]},"properties":{"r":0.11,"w":2,"o":144}},{"type":"Feature","geometry":{"type":"Point","coordinates":[-111.8,54.1]},"properties":{"r":0.04,"w":2,"o":67}},{"type":"Feature","geometry":{"type":"Point","coordinates":[-111.6,54.1]},"properties":{"r":0.12,"w":6,"o":67}},{"type":"Feature","geometry":{"type":"Point","coordinates":[-111.5,54.1]},"properties":{"r":0.02,"w":2,"o":67}},{"type":"Feature","geometry":{"type":"Point","coordinates":[-111.0,54.1]},"properties":{"r":0.03,"w":3,"o":67}},{"type":"Feature","geometry":{"type":"Point","coordinates":[-110.9,54.1]},"properties":{"r":0.08,"w":1,"o":67}},{"type":"Feature","geometry":{"type":"Point","coordinates":[-110.8,54.1]},"properties":{"r":0.1,"w":3,"o":67}},{"type":"Feature","geometry":{"type":"Point","coordinates":[-110.6,54.1]},"properties":{"r":0.49,"w":29,"o":67}},{"type":"Feature","geometry":{"type":"Point","coordinates":[-110.5,54.1]},"properties":{"r":0.02,"w":2,"o":67}},{"type":"Feature","geometry":{"type":"Point","coordinates":[-110.4,54.1]},"properties":{"r":0.14,"w":8,"o":66}},{"type":"Feature","geometry":{"type":"Point","coordinates":[-110.3,54.1]},"properties":{"r":0.03,"w":4,"o":46}},{"type":"Feature","geometry":{"type":"Point","coordinates":[-119.4,54.2]},"properties":{"r":0.05,"w":1,"o":67}},{"type":"Feature","geometry":{"type":"Point","coordinates":[-119.3,54.2]},"properties":{"r":0.09,"w":1,"o":67}},{"type":"Feature","geometry":{"type":"Point","coordinates":[-119.2,54.2]},"properties":{"r":0.07,"w":1,"o":67}},{"type":"Feature","geometry":{"type":"Point","coordinates":[-118.9,54.2]},"properties":{"r":0.15,"w":2,"o":315}},{"type":"Feature","geometry":{"type":"Point","coordinates":[-118.5,54.2]},"properties":{"r":0.36,"w":6,"o":237}},{"type":"Feature","geometry":{"type":"Point","coordinates":[-118.3,54.2]},"properties":{"r":0.18,"w":3,"o":27}},{"type":"Feature","geometry":{"type":"Point","coordinates":[-118.2,54.2]},"properties":{"r":0.15,"w":2,"o":315}},{"type":"Feature","geometry":{"type":"Point","coordinates":[-118.1,54.2]},"properties":{"r":0.23,"w":4,"o":340}},{"type":"Feature","geometry":{"type":"Point","coordinates":[-118.0,54.2]},"properties":{"r":0.2,"w":3,"o":27}},{"type":"Feature","geometry":{"type":"Point","coordinates":[-117.9,54.2]},"properties":{"r":0.1,"w":1,"o":75}},{"type":"Feature","geometry":{"type":"Point","coordinates":[-117.8,54.2]},"properties":{"r":0.18,"w":3,"o":75}},{"type":"Feature","geometry":{"type":"Point","coordinates":[-117.6,54.2]},"properties":{"r":0.3,"w":5,"o":75}},{"type":"Feature","geometry":{"type":"Point","coordinates":[-117.5,54.2]},"properties":{"r":0.71,"w":11,"o":67}},{"type":"Feature","geometry":{"type":"Point","coordinates":[-117.4,54.2]},"properties":{"r":1.31,"w":23,"o":67}},{"type":"Feature","geometry":{"type":"Point","coordinates":[-117.3,54.2]},"properties":{"r":1.03,"w":21,"o":237}},{"type":"Feature","geometry":{"type":"Point","coordinates":[-117.2,54.2]},"properties":{"r":1.99,"w":31,"o":228}},{"type":"Feature","geometry":{"type":"Point","coordinates":[-117.1,54.2]},"properties":{"r":1.52,"w":25,"o":228}},{"type":"Feature","geometry":{"type":"Point","coordinates":[-117.0,54.2]},"properties":{"r":1.19,"w":27,"o":340}},{"type":"Feature","geometry":{"type":"Point","coordinates":[-116.9,54.2]},"properties":{"r":2.9,"w":58,"o":340}},{"type":"Feature","geometry":{"type":"Point","coordinates":[-116.8,54.2]},"properties":{"r":1.41,"w":23,"o":151}},{"type":"Feature","geometry":{"type":"Point","coordinates":[-116.7,54.2]},"properties":{"r":1.44,"w":28,"o":151}},{"type":"Feature","geometry":{"type":"Point","coordinates":[-116.6,54.2]},"properties":{"r":1.89,"w":47,"o":222}},{"type":"Feature","geometry":{"type":"Point","coordinates":[-116.5,54.2]},"properties":{"r":3.74,"w":97,"o":223}},{"type":"Feature","geometry":{"type":"Point","coordinates":[-116.4,54.2]},"properties":{"r":2.12,"w":44,"o":223}},{"type":"Feature","geometry":{"type":"Point","coordinates":[-116.3,54.2]},"properties":{"r":0.06,"w":2,"o":223}},{"type":"Feature","geometry":{"type":"Point","coordinates":[-116.2,54.2]},"properties":{"r":0.0,"w":1,"o":223}},{"type":"Feature","geometry":{"type":"Point","coordinates":[-116.1,54.2]},"properties":{"r":0.35,"w":7,"o":223}},{"type":"Feature","geometry":{"type":"Point","coordinates":[-116.0,54.2]},"properties":{"r":0.1,"w":2,"o":223}},{"type":"Feature","geometry":{"type":"Point","coordinates":[-115.9,54.2]},"properties":{"r":0.01,"w":1,"o":223}},{"type":"Feature","geometry":{"type":"Point","coordinates":[-115.8,54.2]},"properties":{"r":0.0,"w":1,"o":83}},{"type":"Feature","geometry":{"type":"Point","coordinates":[-115.7,54.2]},"properties":{"r":0.11,"w":2,"o":83}},{"type":"Feature","geometry":{"type":"Point","coordinates":[-115.4,54.2]},"properties":{"r":0.03,"w":1,"o":329}},{"type":"Feature","geometry":{"type":"Point","coordinates":[-114.8,54.2]},"properties":{"r":0.1,"w":4,"o":199}},{"type":"Feature","geometry":{"type":"Point","coordinates":[-114.7,54.2]},"properties":{"r":0.25,"w":7,"o":199}},{"type":"Feature","geometry":{"type":"Point","coordinates":[-114.4,54.2]},"properties":{"r":0.03,"w":1,"o":36}},{"type":"Feature","geometry":{"type":"Point","coordinates":[-114.0,54.2]},"properties":{"r":0.03,"w":1,"o":139}},{"type":"Feature","geometry":{"type":"Point","coordinates":[-112.5,54.2]},"properties":{"r":0.01,"w":1,"o":273}},{"type":"Feature","geometry":{"type":"Point","coordinates":[-112.4,54.2]},"properties":{"r":0.02,"w":1,"o":67}},{"type":"Feature","geometry":{"type":"Point","coordinates":[-112.3,54.2]},"properties":{"r":0.22,"w":5,"o":67}},{"type":"Feature","geometry":{"type":"Point","coordinates":[-112.2,54.2]},"properties":{"r":0.21,"w":5,"o":67}},{"type":"Feature","geometry":{"type":"Point","coordinates":[-112.1,54.2]},"properties":{"r":0.17,"w":5,"o":67}},{"type":"Feature","geometry":{"type":"Point","coordinates":[-112.0,54.2]},"properties":{"r":0.09,"w":3,"o":67}},{"type":"Feature","geometry":{"type":"Point","coordinates":[-111.9,54.2]},"properties":{"r":0.09,"w":4,"o":67}},{"type":"Feature","geometry":{"type":"Point","coordinates":[-111.6,54.2]},"properties":{"r":0.07,"w":4,"o":67}},{"type":"Feature","geometry":{"type":"Point","coordinates":[-111.5,54.2]},"properties":{"r":0.01,"w":1,"o":67}},{"type":"Feature","geometry":{"type":"Point","coordinates":[-111.4,54.2]},"properties":{"r":0.02,"w":1,"o":67}},{"type":"Feature","geometry":{"type":"Point","coordinates":[-111.2,54.2]},"properties":{"r":0.09,"w":2,"o":326}},{"type":"Feature","geometry":{"type":"Point","coordinates":[-111.1,54.2]},"properties":{"r":0.08,"w":6,"o":326}},{"type":"Feature","geometry":{"type":"Point","coordinates":[-111.0,54.2]},"properties":{"r":0.2,"w":6,"o":67}},{"type":"Feature","geometry":{"type":"Point","coordinates":[-110.9,54.2]},"properties":{"r":0.12,"w":3,"o":67}},{"type":"Feature","geometry":{"type":"Point","coordinates":[-110.8,54.2]},"properties":{"r":0.0,"w":1,"o":67}},{"type":"Feature","geometry":{"type":"Point","coordinates":[-110.7,54.2]},"properties":{"r":0.13,"w":3,"o":66}},{"type":"Feature","geometry":{"type":"Point","coordinates":[-110.6,54.2]},"properties":{"r":0.43,"w":30,"o":67}},{"type":"Feature","geometry":{"type":"Point","coordinates":[-110.5,54.2]},"properties":{"r":0.38,"w":15,"o":66}},{"type":"Feature","geometry":{"type":"Point","coordinates":[-110.4,54.2]},"properties":{"r":0.49,"w":35,"o":46}},{"type":"Feature","geometry":{"type":"Point","coordinates":[-110.3,54.2]},"properties":{"r":0.07,"w":19,"o":77}},{"type":"Feature","geometry":{"type":"Point","coordinates":[-110.2,54.2]},"properties":{"r":0.42,"w":56,"o":67}},{"type":"Feature","geometry":{"type":"Point","coordinates":[-110.1,54.2]},"properties":{"r":0.0,"w":1,"o":46}},{"type":"Feature","geometry":{"type":"Point","coordinates":[-119.4,54.3]},"properties":{"r":0.04,"w":2,"o":67}},{"type":"Feature","geometry":{"type":"Point","coordinates":[-119.0,54.3]},"properties":{"r":0.21,"w":8,"o":307}},{"type":"Feature","geometry":{"type":"Point","coordinates":[-118.9,54.3]},"properties":{"r":0.1,"w":4,"o":307}},{"type":"Feature","geometry":{"type":"Point","coordinates":[-118.8,54.3]},"properties":{"r":0.47,"w":7,"o":315}},{"type":"Feature","geometry":{"type":"Point","coordinates":[-118.7,54.3]},"properties":{"r":0.46,"w":7,"o":315}},{"type":"Feature","geometry":{"type":"Point","coordinates":[-118.6,54.3]},"properties":{"r":0.19,"w":5,"o":315}},{"type":"Feature","geometry":{"type":"Point","coordinates":[-118.5,54.3]},"properties":{"r":0.04,"w":1,"o":27}},{"type":"Feature","geometry":{"type":"Point","coordinates":[-118.4,54.3]},"properties":{"r":0.45,"w":11,"o":27}},{"type":"Feature","geometry":{"type":"Point","coordinates":[-118.3,54.3]},"properties":{"r":0.0,"w":1,"o":340}},{"type":"Feature","geometry":{"type":"Point","coordinates":[-118.2,54.3]},"properties":{"r":0.06,"w":1,"o":67}},{"type":"Feature","geometry":{"type":"Point","coordinates":[-118.1,54.3]},"properties":{"r":0.04,"w":1,"o":178}},{"type":"Feature","geometry":{"type":"Point","coordinates":[-118.0,54.3]},"properties":{"r":0.22,"w":5,"o":178}},{"type":"Feature","geometry":{"type":"Point","coordinates":[-117.9,54.3]},"properties":{"r":0.19,"w":4,"o":178}},{"type":"Feature","geometry":{"type":"Point","coordinates":[-117.8,54.3]},"properties":{"r":0.21,"w":4,"o":151}},{"type":"Feature","geometry":{"type":"Point","coordinates":[-117.7,54.3]},"properties":{"r":0.35,"w":6,"o":75}},{"type":"Feature","geometry":{"type":"Point","coordinates":[-117.6,54.3]},"properties":{"r":0.27,"w":9,"o":173}},{"type":"Feature","geometry":{"type":"Point","coordinates":[-117.5,54.3]},"properties":{"r":0.25,"w":8,"o":75}},{"type":"Feature","geometry":{"type":"Point","coordinates":[-117.4,54.3]},"properties":{"r":0.08,"w":2,"o":67}},{"type":"Feature","geometry":{"type":"Point","coordinates":[-117.3,54.3]},"properties":{"r":0.44,"w":11,"o":67}},{"type":"Feature","geometry":{"type":"Point","coordinates":[-117.2,54.3]},"properties":{"r":0.41,"w":11,"o":67}},{"type":"Feature","geometry":{"type":"Point","coordinates":[-117.1,54.3]},"properties":{"r":0.1,"w":2,"o":237}},{"type":"Feature","geometry":{"type":"Point","coordinates":[-117.0,54.3]},"properties":{"r":0.87,"w":14,"o":237}},{"type":"Feature","geometry":{"type":"Point","coordinates":[-116.9,54.3]},"properties":{"r":1.0,"w":24,"o":340}},{"type":"Feature","geometry":{"type":"Point","coordinates":[-116.8,54.3]},"properties":{"r":0.3,"w":6,"o":151}},{"type":"Feature","geometry":{"type":"Point","coordinates":[-116.7,54.3]},"properties":{"r":0.22,"w":8,"o":151}},{"type":"Feature","geometry":{"type":"Point","coordinates":[-116.6,54.3]},"properties":{"r":0.57,"w":14,"o":151}},{"type":"Feature","geometry":{"type":"Point","coordinates":[-116.5,54.3]},"properties":{"r":0.23,"w":4,"o":339}},{"type":"Feature","geometry":{"type":"Point","coordinates":[-116.4,54.3]},"properties":{"r":1.1,"w":24,"o":223}},{"type":"Feature","geometry":{"type":"Point","coordinates":[-116.3,54.3]},"properties":{"r":1.08,"w":26,"o":223}},{"type":"Feature","geometry":{"type":"Point","coordinates":[-116.2,54.3]},"properties":{"r":0.05,"w":2,"o":223}},{"type":"Feature","geometry":{"type":"Point","coordinates":[-116.1,54.3]},"properties":{"r":0.18,"w":3,"o":223}},{"type":"Feature","geometry":{"type":"Point","coordinates":[-115.9,54.3]},"properties":{"r":0.04,"w":1,"o":223}},{"type":"Feature","geometry":{"type":"Point","coordinates":[-115.8,54.3]},"properties":{"r":0.48,"w":15,"o":83}},{"type":"Feature","geometry":{"type":"Point","coordinates":[-115.7,54.3]},"properties":{"r":0.63,"w":18,"o":83}},{"type":"Feature","geometry":{"type":"Point","coordinates":[-115.6,54.3]},"properties":{"r":0.14,"w":5,"o":83}},{"type":"Feature","geometry":{"type":"Point","coordinates":[-115.4,54.3]},"properties":{"r":0.01,"w":2,"o":278}},{"type":"Feature","geometry":{"type":"Point","coordinates":[-114.9,54.3]},"properties":{"r":0.01,"w":2,"o":199}},{"type":"Feature","geometry":{"type":"Point","coordinates":[-114.8,54.3]},"properties":{"r":0.44,"w":13,"o":199}},{"type":"Feature","geometry":{"type":"Point","coordinates":[-114.7,54.3]},"properties":{"r":0.23,"w":8,"o":199}},{"type":"Feature","geometry":{"type":"Point","coordinates":[-114.6,54.3]},"properties":{"r":0.05,"w":2,"o":199}},{"type":"Feature","geometry":{"type":"Point","coordinates":[-114.1,54.3]},"properties":{"r":0.0,"w":1,"o":298}},{"type":"Feature","geometry":{"type":"Point","coordinates":[-113.9,54.3]},"properties":{"r":0.25,"w":5,"o":182}},{"type":"Feature","geometry":{"type":"Point","coordinates":[-113.8,54.3]},"properties":{"r":0.16,"w":4,"o":182}},{"type":"Feature","geometry":{"type":"Point","coordinates":[-112.5,54.3]},"properties":{"r":0.49,"w":10,"o":273}},{"type":"Feature","geometry":{"type":"Point","coordinates":[-112.4,54.3]},"properties":{"r":0.42,"w":7,"o":67}},{"type":"Feature","geometry":{"type":"Point","coordinates":[-112.3,54.3]},"properties":{"r":0.2,"w":5,"o":273}},{"type":"Feature","geometry":{"type":"Point","coordinates":[-112.2,54.3]},"properties":{"r":0.04,"w":1,"o":67}},{"type":"Feature","geometry":{"type":"Point","coordinates":[-112.1,54.3]},"properties":{"r":0.05,"w":1,"o":67}},{"type":"Feature","geometry":{"type":"Point","coordinates":[-111.9,54.3]},"properties":{"r":0.08,"w":2,"o":67}},{"type":"Feature","geometry":{"type":"Point","coordinates":[-111.4,54.3]},"properties":{"r":0.13,"w":6,"o":67}},{"type":"Feature","geometry":{"type":"Point","coordinates":[-111.3,54.3]},"properties":{"r":0.16,"w":7,"o":67}},{"type":"Feature","geometry":{"type":"Point","coordinates":[-111.2,54.3]},"properties":{"r":0.24,"w":12,"o":326}},{"type":"Feature","geometry":{"type":"Point","coordinates":[-111.1,54.3]},"properties":{"r":0.54,"w":13,"o":326}},{"type":"Feature","geometry":{"type":"Point","coordinates":[-111.0,54.3]},"properties":{"r":0.99,"w":21,"o":67}},{"type":"Feature","geometry":{"type":"Point","coordinates":[-110.9,54.3]},"properties":{"r":0.0,"w":1,"o":66}},{"type":"Feature","geometry":{"type":"Point","coordinates":[-110.8,54.3]},"properties":{"r":0.1,"w":4,"o":66}},{"type":"Feature","geometry":{"type":"Point","coordinates":[-110.7,54.3]},"properties":{"r":0.11,"w":7,"o":177}},{"type":"Feature","geometry":{"type":"Point","coordinates":[-110.6,54.3]},"properties":{"r":1.2,"w":53,"o":66}},{"type":"Feature","geometry":{"type":"Point","coordinates":[-110.5,54.3]},"properties":{"r":0.65,"w":45,"o":67}},{"type":"Feature","geometry":{"type":"Point","coordinates":[-110.4,54.3]},"properties":{"r":0.71,"w":45,"o":46}},{"type":"Feature","geometry":{"type":"Point","coordinates":[-110.3,54.3]},"properties":{"r":0.03,"w":3,"o":97}},{"type":"Feature","geometry":{"type":"Point","coordinates":[-110.2,54.3]},"properties":{"r":0.01,"w":6,"o":67}},{"type":"Feature","geometry":{"type":"Point","coordinates":[-119.6,54.4]},"properties":{"r":0.05,"w":1,"o":67}},{"type":"Feature","geometry":{"type":"Point","coordinates":[-119.5,54.4]},"properties":{"r":0.1,"w":2,"o":67}},{"type":"Feature","geometry":{"type":"Point","coordinates":[-119.2,54.4]},"properties":{"r":0.09,"w":2,"o":307}},{"type":"Feature","geometry":{"type":"Point","coordinates":[-119.1,54.4]},"properties":{"r":0.58,"w":11,"o":307}},{"type":"Feature","geometry":{"type":"Point","coordinates":[-119.0,54.4]},"properties":{"r":0.57,"w":13,"o":307}},{"type":"Feature","geometry":{"type":"Point","coordinates":[-118.9,54.4]},"properties":{"r":0.4,"w":7,"o":315}},{"type":"Feature","geometry":{"type":"Point","coordinates":[-118.8,54.4]},"properties":{"r":0.56,"w":11,"o":315}},{"type":"Feature","geometry":{"type":"Point","coordinates":[-118.7,54.4]},"properties":{"r":0.81,"w":13,"o":75}},{"type":"Feature","geometry":{"type":"Point","coordinates":[-118.6,54.4]},"properties":{"r":1.14,"w":20,"o":27}},{"type":"Feature","geometry":{"type":"Point","coordinates":[-118.5,54.4]},"properties":{"r":0.47,"w":12,"o":27}},{"type":"Feature","geometry":{"type":"Point","coordinates":[-118.4,54.4]},"properties":{"r":0.2,"w":7,"o":27}},{"type":"Feature","geometry":{"type":"Point","coordinates":[-118.3,54.4]},"properties":{"r":0.0,"w":1,"o":67}},{"type":"Feature","geometry":{"type":"Point","coordinates":[-118.2,54.4]},"properties":{"r":0.04,"w":1,"o":67}},{"type":"Feature","geometry":{"type":"Point","coordinates":[-118.0,54.4]},"properties":{"r":0.19,"w":3,"o":67}},{"type":"Feature","geometry":{"type":"Point","coordinates":[-117.9,54.4]},"properties":{"r":0.52,"w":11,"o":178}},{"type":"Feature","geometry":{"type":"Point","coordinates":[-117.8,54.4]},"properties":{"r":0.67,"w":10,"o":178}},{"type":"Feature","geometry":{"type":"Point","coordinates":[-117.7,54.4]},"properties":{"r":0.21,"w":3,"o":178}},{"type":"Feature","geometry":{"type":"Point","coordinates":[-117.6,54.4]},"properties":{"r":0.7,"w":16,"o":67}},{"type":"Feature","geometry":{"type":"Point","coordinates":[-117.5,54.4]},"properties":{"r":0.15,"w":4,"o":67}},{"type":"Feature","geometry":{"type":"Point","coordinates":[-117.4,54.4]},"properties":{"r":0.19,"w":4,"o":67}},{"type":"Feature","geometry":{"type":"Point","coordinates":[-117.3,54.4]},"properties":{"r":0.59,"w":12,"o":67}},{"type":"Feature","geometry":{"type":"Point","coordinates":[-117.2,54.4]},"properties":{"r":1.12,"w":24,"o":67}},{"type":"Feature","geometry":{"type":"Point","coordinates":[-117.1,54.4]},"properties":{"r":0.64,"w":13,"o":134}},{"type":"Feature","geometry":{"type":"Point","coordinates":[-117.0,54.4]},"properties":{"r":0.24,"w":5,"o":339}},{"type":"Feature","geometry":{"type":"Point","coordinates":[-116.9,54.4]},"properties":{"r":0.45,"w":16,"o":228}},{"type":"Feature","geometry":{"type":"Point","coordinates":[-116.8,54.4]},"properties":{"r":0.58,"w":12,"o":228}},{"type":"Feature","geometry":{"type":"Point","coordinates":[-116.7,54.4]},"properties":{"r":0.39,"w":11,"o":339}},{"type":"Feature","geometry":{"type":"Point","coordinates":[-116.6,54.4]},"properties":{"r":0.79,"w":18,"o":228}},{"type":"Feature","geometry":{"type":"Point","coordinates":[-116.5,54.4]},"properties":{"r":0.03,"w":2,"o":339}},{"type":"Feature","geometry":{"type":"Point","coordinates":[-116.3,54.4]},"properties":{"r":0.17,"w":3,"o":228}},{"type":"Feature","geometry":{"type":"Point","coordinates":[-116.1,54.4]},"properties":{"r":0.04,"w":2,"o":204}},{"type":"Feature","geometry":{"type":"Point","coordinates":[-115.9,54.4]},"properties":{"r":0.05,"w":1,"o":204}},{"type":"Feature","geometry":{"type":"Point","coordinates":[-115.8,54.4]},"properties":{"r":0.03,"w":2,"o":83}},{"type":"Feature","geometry":{"type":"Point","coordinates":[-115.7,54.4]},"properties":{"r":0.11,"w":11,"o":83}},{"type":"Feature","geometry":{"type":"Point","coordinates":[-115.6,54.4]},"properties":{"r":0.06,"w":4,"o":83}},{"type":"Feature","geometry":{"type":"Point","coordinates":[-115.4,54.4]},"properties":{"r":0.06,"w":3,"o":278}},{"type":"Feature","geometry":{"type":"Point","coordinates":[-115.3,54.4]},"properties":{"r":0.01,"w":1,"o":20}},{"type":"Feature","geometry":{"type":"Point","coordinates":[-115.2,54.4]},"properties":{"r":0.04,"w":1,"o":329}},{"type":"Feature","geometry":{"type":"Point","coordinates":[-114.9,54.4]},"properties":{"r":0.0,"w":1,"o":199}},{"type":"Feature","geometry":{"type":"Point","coordinates":[-114.8,54.4]},"properties":{"r":0.15,"w":10,"o":199}},{"type":"Feature","geometry":{"type":"Point","coordinates":[-114.7,54.4]},"properties":{"r":0.19,"w":7,"o":199}},{"type":"Feature","geometry":{"type":"Point","coordinates":[-114.6,54.4]},"properties":{"r":0.0,"w":1,"o":199}},{"type":"Feature","geometry":{"type":"Point","coordinates":[-114.1,54.4]},"properties":{"r":0.32,"w":7,"o":306}},{"type":"Feature","geometry":{"type":"Point","coordinates":[-114.0,54.4]},"properties":{"r":0.43,"w":8,"o":306}},{"type":"Feature","geometry":{"type":"Point","coordinates":[-113.8,54.4]},"properties":{"r":0.01,"w":1,"o":306}},{"type":"Feature","geometry":{"type":"Point","coordinates":[-113.7,54.4]},"properties":{"r":0.14,"w":3,"o":306}},{"type":"Feature","geometry":{"type":"Point","coordinates":[-113.6,54.4]},"properties":{"r":0.01,"w":2,"o":161}},{"type":"Feature","geometry":{"type":"Point","coordinates":[-113.5,54.4]},"properties":{"r":0.03,"w":1,"o":306}},{"type":"Feature","geometry":{"type":"Point","coordinates":[-113.4,54.4]},"properties":{"r":0.06,"w":2,"o":306}},{"type":"Feature","geometry":{"type":"Point","coordinates":[-113.2,54.4]},"properties":{"r":0.35,"w":12,"o":306}},{"type":"Feature","geometry":{"type":"Point","coordinates":[-113.1,54.4]},"properties":{"r":0.27,"w":7,"o":306}},{"type":"Feature","geometry":{"type":"Point","coordinates":[-113.0,54.4]},"properties":{"r":0.5,"w":20,"o":306}},{"type":"Feature","geometry":{"type":"Point","coordinates":[-112.7,54.4]},"properties":{"r":0.59,"w":9,"o":273}},{"type":"Feature","geometry":{"type":"Point","coordinates":[-112.6,54.4]},"properties":{"r":0.74,"w":16,"o":273}},{"type":"Feature","geometry":{"type":"Point","coordinates":[-112.5,54.4]},"properties":{"r":0.1,"w":2,"o":273}},{"type":"Feature","geometry":{"type":"Point","coordinates":[-112.4,54.4]},"properties":{"r":0.09,"w":3,"o":273}},{"type":"Feature","geometry":{"type":"Point","coordinates":[-112.3,54.4]},"properties":{"r":0.01,"w":1,"o":273}},{"type":"Feature","geometry":{"type":"Point","coordinates":[-111.9,54.4]},"properties":{"r":0.25,"w":12,"o":67}},{"type":"Feature","geometry":{"type":"Point","coordinates":[-111.8,54.4]},"properties":{"r":0.21,"w":11,"o":67}},{"type":"Feature","geometry":{"type":"Point","coordinates":[-111.7,54.4]},"properties":{"r":0.01,"w":1,"o":67}},{"type":"Feature","geometry":{"type":"Point","coordinates":[-111.5,54.4]},"properties":{"r":0.02,"w":1,"o":67}},{"type":"Feature","geometry":{"type":"Point","coordinates":[-111.4,54.4]},"properties":{"r":0.05,"w":3,"o":67}},{"type":"Feature","geometry":{"type":"Point","coordinates":[-111.3,54.4]},"properties":{"r":0.65,"w":59,"o":67}},{"type":"Feature","geometry":{"type":"Point","coordinates":[-111.2,54.4]},"properties":{"r":0.97,"w":47,"o":67}},{"type":"Feature","geometry":{"type":"Point","coordinates":[-111.1,54.4]},"properties":{"r":0.72,"w":94,"o":67}},{"type":"Feature","geometry":{"type":"Point","coordinates":[-111.0,54.4]},"properties":{"r":3.14,"w":142,"o":67}},{"type":"Feature","geometry":{"type":"Point","coordinates":[-110.9,54.4]},"properties":{"r":4.65,"w":124,"o":67}},{"type":"Feature","geometry":{"type":"Point","coordinates":[-110.8,54.4]},"properties":{"r":1.29,"w":55,"o":67}},{"type":"Feature","geometry":{"type":"Point","coordinates":[-110.7,54.4]},"properties":{"r":0.54,"w":58,"o":67}},{"type":"Feature","geometry":{"type":"Point","coordinates":[-110.6,54.4]},"properties":{"r":0.63,"w":40,"o":67}},{"type":"Feature","geometry":{"type":"Point","coordinates":[-110.5,54.4]},"properties":{"r":0.46,"w":31,"o":66}},{"type":"Feature","geometry":{"type":"Point","coordinates":[-110.4,54.4]},"properties":{"r":0.38,"w":44,"o":46}},{"type":"Feature","geometry":{"type":"Point","coordinates":[-110.3,54.4]},"properties":{"r":0.03,"w":5,"o":177}},{"type":"Feature","geometry":{"type":"Point","coordinates":[-110.2,54.4]},"properties":{"r":0.02,"w":3,"o":67}},{"type":"Feature","geometry":{"type":"Point","coordinates":[-119.9,54.5]},"properties":{"r":0.06,"w":1,"o":67}},{"type":"Feature","geometry":{"type":"Point","coordinates":[-119.3,54.5]},"properties":{"r":0.02,"w":1,"o":315}},{"type":"Feature","geometry":{"type":"Point","coordinates":[-119.2,54.5]},"properties":{"r":0.03,"w":1,"o":307}},{"type":"Feature","geometry":{"type":"Point","coordinates":[-119.1,54.5]},"properties":{"r":0.41,"w":9,"o":307}},{"type":"Feature","geometry":{"type":"Point","coordinates":[-119.0,54.5]},"properties":{"r":0.17,"w":3,"o":75}},{"type":"Feature","geometry":{"type":"Point","coordinates":[-118.9,54.5]},"properties":{"r":0.24,"w":5,"o":75}},{"type":"Feature","geometry":{"type":"Point","coordinates":[-118.8,54.5]},"properties":{"r":0.67,"w":14,"o":43}},{"type":"Feature","geometry":{"type":"Point","coordinates":[-118.7,54.5]},"properties":{"r":1.42,"w":19,"o":27}},{"type":"Feature","geometry":{"type":"Point","coordinates":[-118.6,54.5]},"properties":{"r":0.85,"w":15,"o":27}},{"type":"Feature","geometry":{"type":"Point","coordinates":[-118.5,54.5]},"properties":{"r":0.29,"w":5,"o":27}},{"type":"Feature","geometry":{"type":"Point","coordinates":[-118.4,54.5]},"properties":{"r":0.48,"w":11,"o":27}},{"type":"Feature","geometry":{"type":"Point","coordinates":[-118.3,54.5]},"properties":{"r":0.49,"w":8,"o":339}},{"type":"Feature","geometry":{"type":"Point","coordinates":[-118.2,54.5]},"properties":{"r":0.17,"w":3,"o":67}},{"type":"Feature","geometry":{"type":"Point","coordinates":[-118.1,54.5]},"properties":{"r":0.2,"w":4,"o":67}},{"type":"Feature","geometry":{"type":"Point","coordinates":[-118.0,54.5]},"properties":{"r":0.1,"w":2,"o":67}},{"type":"Feature","geometry":{"type":"Point","coordinates":[-117.9,54.5]},"properties":{"r":0.18,"w":2,"o":151}},{"type":"Feature","geometry":{"type":"Point","coordinates":[-117.8,54.5]},"properties":{"r":0.28,"w":5,"o":178}},{"type":"Feature","geometry":{"type":"Point","coordinates":[-117.6,54.5]},"properties":{"r":0.08,"w":4,"o":90}},{"type":"Feature","geometry":{"type":"Point","coordinates":[-117.5,54.5]},"properties":{"r":0.36,"w":9,"o":67}},{"type":"Feature","geometry":{"type":"Point","coordinates":[-117.4,54.5]},"properties":{"r":0.82,"w":29,"o":151}},{"type":"Feature","geometry":{"type":"Point","coordinates":[-117.3,54.5]},"properties":{"r":0.17,"w":5,"o":234}},{"type":"Feature","geometry":{"type":"Point","coordinates":[-117.2,54.5]},"properties":{"r":0.33,"w":8,"o":234}},{"type":"Feature","geometry":{"type":"Point","coordinates":[-117.1,54.5]},"properties":{"r":0.48,"w":11,"o":234}},{"type":"Feature","geometry":{"type":"Point","coordinates":[-117.0,54.5]},"properties":{"r":0.62,"w":11,"o":339}},{"type":"Feature","geometry":{"type":"Point","coordinates":[-116.9,54.5]},"properties":{"r":0.94,"w":21,"o":339}},{"type":"Feature","geometry":{"type":"Point","coordinates":[-116.8,54.5]},"properties":{"r":0.82,"w":16,"o":228}},{"type":"Feature","geometry":{"type":"Point","coordinates":[-116.7,54.5]},"properties":{"r":1.62,"w":48,"o":228}},{"type":"Feature","geometry":{"type":"Point","coordinates":[-116.6,54.5]},"properties":{"r":0.6,"w":21,"o":228}},{"type":"Feature","geometry":{"type":"Point","coordinates":[-116.5,54.5]},"properties":{"r":0.11,"w":2,"o":198}},{"type":"Feature","geometry":{"type":"Point","coordinates":[-116.4,54.5]},"properties":{"r":0.19,"w":4,"o":34}},{"type":"Feature","geometry":{"type":"Point","coordinates":[-116.3,54.5]},"properties":{"r":0.17,"w":3,"o":198}},{"type":"Feature","geometry":{"type":"Point","coordinates":[-116.2,54.5]},"properties":{"r":0.09,"w":2,"o":198}},{"type":"Feature","geometry":{"type":"Point","coordinates":[-116.1,54.5]},"properties":{"r":0.04,"w":1,"o":204}},{"type":"Feature","geometry":{"type":"Point","coordinates":[-115.9,54.5]},"properties":{"r":0.01,"w":1,"o":20}},{"type":"Feature","geometry":{"type":"Point","coordinates":[-115.7,54.5]},"properties":{"r":0.12,"w":5,"o":83}},{"type":"Feature","geometry":{"type":"Point","coordinates":[-115.6,54.5]},"properties":{"r":1.15,"w":35,"o":83}},{"type":"Feature","geometry":{"type":"Point","coordinates":[-115.5,54.5]},"properties":{"r":1.5,"w":43,"o":83}},{"type":"Feature","geometry":{"type":"Point","coordinates":[-115.4,54.5]},"properties":{"r":0.61,"w":28,"o":20}},{"type":"Feature","geometry":{"type":"Point","coordinates":[-115.3,54.5]},"properties":{"r":0.32,"w":13,"o":20}},{"type":"Feature","geometry":{"type":"Point","coordinates":[-114.8,54.5]},"properties":{"r":0.0,"w":1,"o":199}},{"type":"Feature","geometry":{"type":"Point","coordinates":[-114.7,54.5]},"properties":{"r":0.04,"w":4,"o":199}},{"type":"Feature","geometry":{"type":"Point","coordinates":[-114.0,54.5]},"properties":{"r":0.41,"w":6,"o":306}},{"type":"Feature","geometry":{"type":"Point","coordinates":[-113.9,54.5]},"properties":{"r":0.12,"w":2,"o":306}},{"type":"Feature","geometry":{"type":"Point","coordinates":[-113.8,54.5]},"properties":{"r":0.03,"w":1,"o":306}},{"type":"Feature","geometry":{"type":"Point","coordinates":[-113.7,54.5]},"properties":{"r":0.01,"w":1,"o":161}},{"type":"Feature","geometry":{"type":"Point","coordinates":[-113.6,54.5]},"properties":{"r":0.15,"w":8,"o":161}},{"type":"Feature","geometry":{"type":"Point","coordinates":[-113.5,54.5]},"properties":{"r":1.16,"w":25,"o":306}},{"type":"Feature","geometry":{"type":"Point","coordinates":[-113.4,54.5]},"properties":{"r":1.68,"w":29,"o":306}},{"type":"Feature","geometry":{"type":"Point","coordinates":[-113.3,54.5]},"properties":{"r":0.24,"w":5,"o":306}},{"type":"Feature","geometry":{"type":"Point","coordinates":[-113.2,54.5]},"properties":{"r":0.24,"w":10,"o":306}},{"type":"Feature","geometry":{"type":"Point","coordinates":[-113.1,54.5]},"properties":{"r":0.45,"w":10,"o":306}},{"type":"Feature","geometry":{"type":"Point","coordinates":[-112.6,54.5]},"properties":{"r":1.75,"w":27,"o":273}},{"type":"Feature","geometry":{"type":"Point","coordinates":[-112.5,54.5]},"properties":{"r":0.37,"w":5,"o":273}},{"type":"Feature","geometry":{"type":"Point","coordinates":[-112.4,54.5]},"properties":{"r":0.15,"w":3,"o":73}},{"type":"Feature","geometry":{"type":"Point","coordinates":[-111.9,54.5]},"properties":{"r":0.09,"w":5,"o":67}},{"type":"Feature","geometry":{"type":"Point","coordinates":[-111.8,54.5]},"properties":{"r":0.12,"w":8,"o":67}},{"type":"Feature","geometry":{"type":"Point","coordinates":[-111.7,54.5]},"properties":{"r":0.08,"w":5,"o":67}},{"type":"Feature","geometry":{"type":"Point","coordinates":[-111.5,54.5]},"properties":{"r":0.03,"w":1,"o":67}},{"type":"Feature","geometry":{"type":"Point","coordinates":[-111.4,54.5]},"properties":{"r":0.17,"w":3,"o":67}},{"type":"Feature","geometry":{"type":"Point","coordinates":[-111.3,54.5]},"properties":{"r":0.37,"w":12,"o":67}},{"type":"Feature","geometry":{"type":"Point","coordinates":[-111.2,54.5]},"properties":{"r":0.86,"w":96,"o":67}},{"type":"Feature","geometry":{"type":"Point","coordinates":[-111.1,54.5]},"properties":{"r":0.62,"w":36,"o":67}},{"type":"Feature","geometry":{"type":"Point","coordinates":[-111.0,54.5]},"properties":{"r":0.57,"w":70,"o":67}},{"type":"Feature","geometry":{"type":"Point","coordinates":[-110.9,54.5]},"properties":{"r":3.16,"w":194,"o":67}},{"type":"Feature","geometry":{"type":"Point","coordinates":[-110.8,54.5]},"properties":{"r":1.36,"w":90,"o":67}},{"type":"Feature","geometry":{"type":"Point","coordinates":[-110.7,54.5]},"properties":{"r":0.25,"w":25,"o":67}},{"type":"Feature","geometry":{"type":"Point","coordinates":[-110.6,54.5]},"properties":{"r":1.36,"w":53,"o":67}},{"type":"Feature","geometry":{"type":"Point","coordinates":[-110.5,54.5]},"properties":{"r":0.29,"w":16,"o":67}},{"type":"Feature","geometry":{"type":"Point","coordinates":[-110.4,54.5]},"properties":{"r":0.68,"w":27,"o":153}},{"type":"Feature","geometry":{"type":"Point","coordinates":[-110.3,54.5]},"properties":{"r":0.26,"w":27,"o":67}},{"type":"Feature","geometry":{"type":"Point","coordinates":[-110.2,54.5]},"properties":{"r":0.01,"w":2,"o":67}},{"type":"Feature","geometry":{"type":"Point","coordinates":[-119.9,54.6]},"properties":{"r":0.15,"w":3,"o":75}},{"type":"Feature","geometry":{"type":"Point","coordinates":[-119.8,54.6]},"properties":{"r":0.06,"w":1,"o":67}},{"type":"Feature","geometry":{"type":"Point","coordinates":[-119.5,54.6]},"properties":{"r":0.2,"w":5,"o":67}},{"type":"Feature","geometry":{"type":"Point","coordinates":[-119.4,54.6]},"properties":{"r":1.4,"w":30,"o":67}},{"type":"Feature","geometry":{"type":"Point","coordinates":[-119.3,54.6]},"properties":{"r":1.41,"w":31,"o":67}},{"type":"Feature","geometry":{"type":"Point","coordinates":[-119.2,54.6]},"properties":{"r":0.38,"w":9,"o":67}},{"type":"Feature","geometry":{"type":"Point","coordinates":[-119.1,54.6]},"properties":{"r":0.35,"w":9,"o":67}},{"type":"Feature","geometry":{"type":"Point","coordinates":[-119.0,54.6]},"properties":{"r":0.4,"w":9,"o":75}},{"type":"Feature","geometry":{"type":"Point","coordinates":[-118.9,54.6]},"properties":{"r":0.07,"w":3,"o":75}},{"type":"Feature","geometry":{"type":"Point","coordinates":[-118.8,54.6]},"properties":{"r":1.06,"w":23,"o":225}},{"type":"Feature","geometry":{"type":"Point","coordinates":[-118.7,54.6]},"properties":{"r":0.24,"w":4,"o":27}},{"type":"Feature","geometry":{"type":"Point","coordinates":[-118.6,54.6]},"properties":{"r":0.05,"w":1,"o":27}},{"type":"Feature","geometry":{"type":"Point","coordinates":[-118.5,54.6]},"properties":{"r":0.35,"w":5,"o":27}},{"type":"Feature","geometry":{"type":"Point","coordinates":[-118.4,54.6]},"properties":{"r":0.99,"w":17,"o":67}},{"type":"Feature","geometry":{"type":"Point","coordinates":[-118.3,54.6]},"properties":{"r":0.33,"w":7,"o":67}},{"type":"Feature","geometry":{"type":"Point","coordinates":[-118.2,54.6]},"properties":{"r":0.42,"w":8,"o":67}},{"type":"Feature","geometry":{"type":"Point","coordinates":[-118.0,54.6]},"properties":{"r":0.08,"w":1,"o":151}},{"type":"Feature","geometry":{"type":"Point","coordinates":[-117.9,54.6]},"properties":{"r":0.04,"w":1,"o":151}},{"type":"Feature","geometry":{"type":"Point","coordinates":[-117.8,54.6]},"properties":{"r":0.07,"w":1,"o":27}},{"type":"Feature","geometry":{"type":"Point","coordinates":[-117.7,54.6]},"properties":{"r":0.06,"w":1,"o":27}},{"type":"Feature","geometry":{"type":"Point","coordinates":[-117.6,54.6]},"properties":{"r":0.22,"w":5,"o":27}},{"type":"Feature","geometry":{"type":"Point","coordinates":[-117.5,54.6]},"properties":{"r":0.18,"w":2,"o":151}},{"type":"Feature","geometry":{"type":"Point","coordinates":[-117.4,54.6]},"properties":{"r":0.15,"w":2,"o":67}},{"type":"Feature","geometry":{"type":"Point","coordinates":[-117.3,54.6]},"properties":{"r":0.18,"w":5,"o":339}},{"type":"Feature","geometry":{"type":"Point","coordinates":[-117.2,54.6]},"properties":{"r":0.48,"w":9,"o":339}},{"type":"Feature","geometry":{"type":"Point","coordinates":[-117.0,54.6]},"properties":{"r":0.2,"w":5,"o":198}},{"type":"Feature","geometry":{"type":"Point","coordinates":[-116.9,54.6]},"properties":{"r":0.13,"w":2,"o":198}},{"type":"Feature","geometry":{"type":"Point","coordinates":[-116.8,54.6]},"properties":{"r":0.33,"w":4,"o":150}},{"type":"Feature","geometry":{"type":"Point","coordinates":[-116.7,54.6]},"properties":{"r":0.55,"w":12,"o":228}},{"type":"Feature","geometry":{"type":"Point","coordinates":[-116.6,54.6]},"properties":{"r":0.18,"w":7,"o":150}},{"type":"Feature","geometry":{"type":"Point","coordinates":[-116.5,54.6]},"properties":{"r":0.09,"w":1,"o":198}},{"type":"Feature","geometry":{"type":"Point","coordinates":[-116.4,54.6]},"properties":{"r":0.16,"w":2,"o":198}},{"type":"Feature","geometry":{"type":"Point","coordinates":[-116.3,54.6]},"properties":{"r":0.16,"w":5,"o":131}},{"type":"Feature","geometry":{"type":"Point","coordinates":[-116.0,54.6]},"properties":{"r":0.02,"w":2,"o":20}},{"type":"Feature","geometry":{"type":"Point","coordinates":[-115.9,54.6]},"properties":{"r":0.29,"w":16,"o":20}},{"type":"Feature","geometry":{"type":"Point","coordinates":[-115.8,54.6]},"properties":{"r":0.02,"w":3,"o":310}},{"type":"Feature","geometry":{"type":"Point","coordinates":[-115.6,54.6]},"properties":{"r":0.14,"w":4,"o":20}},{"type":"Feature","geometry":{"type":"Point","coordinates":[-115.5,54.6]},"properties":{"r":0.25,"w":9,"o":310}},{"type":"Feature","geometry":{"type":"Point","coordinates":[-115.4,54.6]},"properties":{"r":0.46,"w":18,"o":20}},{"type":"Feature","geometry":{"type":"Point","coordinates":[-115.3,54.6]},"properties":{"r":0.06,"w":1,"o":20}},{"type":"Feature","geometry":{"type":"Point","coordinates":[-113.7,54.6]},"properties":{"r":0.08,"w":2,"o":125}},{"type":"Feature","geometry":{"type":"Point","coordinates":[-112.4,54.6]},"properties":{"r":0.54,"w":11,"o":73}},{"type":"Feature","geometry":{"type":"Point","coordinates":[-111.1,54.6]},"properties":{"r":1.32,"w":40,"o":67}},{"type":"Feature","geometry":{"type":"Point","coordinates":[-111.0,54.6]},"properties":{"r":0.9,"w":88,"o":67}},{"type":"Feature","geometry":{"type":"Point","coordinates":[-110.9,54.6]},"properties":{"r":0.26,"w":29,"o":67}},{"type":"Feature","geometry":{"type":"Point","coordinates":[-110.8,54.6]},"properties":{"r":0.87,"w":64,"o":67}},{"type":"Feature","geometry":{"type":"Point","coordinates":[-110.7,54.6]},"properties":{"r":0.01,"w":3,"o":67}},{"type":"Feature","geometry":{"type":"Point","coordinates":[-110.6,54.6]},"properties":{"r":2.78,"w":75,"o":295}},{"type":"Feature","geometry":{"type":"Point","coordinates":[-110.5,54.6]},"properties":{"r":10.26,"w":1292,"o":153}},{"type":"Feature","geometry":{"type":"Point","coordinates":[-110.4,54.6]},"properties":{"r":8.14,"w":865,"o":153}},{"type":"Feature","geometry":{"type":"Point","coordinates":[-110.3,54.6]},"properties":{"r":0.77,"w":66,"o":153}},{"type":"Feature","geometry":{"type":"Point","coordinates":[-120.0,54.7]},"properties":{"r":0.05,"w":1,"o":75}},{"type":"Feature","geometry":{"type":"Point","coordinates":[-119.9,54.7]},"properties":{"r":0.27,"w":6,"o":67}},{"type":"Feature","geometry":{"type":"Point","coordinates":[-119.8,54.7]},"properties":{"r":0.37,"w":9,"o":67}},{"type":"Feature","geometry":{"type":"Point","coordinates":[-119.7,54.7]},"properties":{"r":0.4,"w":10,"o":67}},{"type":"Feature","geometry":{"type":"Point","coordinates":[-119.6,54.7]},"properties":{"r":0.49,"w":11,"o":67}},{"type":"Feature","geometry":{"type":"Point","coordinates":[-119.5,54.7]},"properties":{"r":1.67,"w":38,"o":67}},{"type":"Feature","geometry":{"type":"Point","coordinates":[-119.4,54.7]},"properties":{"r":1.81,"w":39,"o":67}},{"type":"Feature","geometry":{"type":"Point","coordinates":[-119.3,54.7]},"properties":{"r":0.83,"w":18,"o":67}},{"type":"Feature","geometry":{"type":"Point","coordinates":[-119.2,54.7]},"properties":{"r":0.67,"w":14,"o":67}},{"type":"Feature","geometry":{"type":"Point","coordinates":[-119.1,54.7]},"properties":{"r":1.03,"w":30,"o":67}},{"type":"Feature","geometry":{"type":"Point","coordinates":[-119.0,54.7]},"properties":{"r":0.64,"w":30,"o":67}},{"type":"Feature","geometry":{"type":"Point","coordinates":[-118.9,54.7]},"properties":{"r":0.27,"w":8,"o":22}},{"type":"Feature","geometry":{"type":"Point","coordinates":[-118.8,54.7]},"properties":{"r":0.59,"w":18,"o":225}},{"type":"Feature","geometry":{"type":"Point","coordinates":[-118.7,54.7]},"properties":{"r":0.61,"w":15,"o":67}},{"type":"Feature","geometry":{"type":"Point","coordinates":[-118.6,54.7]},"properties":{"r":0.03,"w":5,"o":67}},{"type":"Feature","geometry":{"type":"Point","coordinates":[-118.5,54.7]},"properties":{"r":1.3,"w":21,"o":67}},{"type":"Feature","geometry":{"type":"Point","coordinates":[-118.4,54.7]},"properties":{"r":2.36,"w":48,"o":67}},{"type":"Feature","geometry":{"type":"Point","coordinates":[-118.3,54.7]},"properties":{"r":0.24,"w":5,"o":67}},{"type":"Feature","geometry":{"type":"Point","coordinates":[-117.7,54.7]},"properties":{"r":0.86,"w":15,"o":27}},{"type":"Feature","geometry":{"type":"Point","coordinates":[-117.6,54.7]},"properties":{"r":0.68,"w":14,"o":27}},{"type":"Feature","geometry":{"type":"Point","coordinates":[-117.5,54.7]},"properties":{"r":0.53,"w":10,"o":166}},{"type":"Feature","geometry":{"type":"Point","coordinates":[-117.2,54.7]},"properties":{"r":0.02,"w":1,"o":278}},{"type":"Feature","geometry":{"type":"Point","coordinates":[-117.1,54.7]},"properties":{"r":0.02,"w":5,"o":78}},{"type":"Feature","geometry":{"type":"Point","coordinates":[-117.0,54.7]},"properties":{"r":0.16,"w":2,"o":198}},{"type":"Feature","geometry":{"type":"Point","coordinates":[-116.9,54.7]},"properties":{"r":0.07,"w":1,"o":198}},{"type":"Feature","geometry":{"type":"Point","coordinates":[-116.8,54.7]},"properties":{"r":0.28,"w":6,"o":150}},{"type":"Feature","geometry":{"type":"Point","coordinates":[-116.7,54.7]},"properties":{"r":0.19,"w":7,"o":150}},{"type":"Feature","geometry":{"type":"Point","coordinates":[-116.6,54.7]},"properties":{"r":0.06,"w":2,"o":150}},{"type":"Feature","geometry":{"type":"Point","coordinates":[-116.3,54.7]},"properties":{"r":0.04,"w":3,"o":199}},{"type":"Feature","geometry":{"type":"Point","coordinates":[-116.2,54.7]},"properties":{"r":0.13,"w":4,"o":199}},{"type":"Feature","geometry":{"type":"Point","coordinates":[-115.9,54.7]},"properties":{"r":0.32,"w":12,"o":20}},{"type":"Feature","geometry":{"type":"Point","coordinates":[-115.8,54.7]},"properties":{"r":0.07,"w":5,"o":20}},{"type":"Feature","geometry":{"type":"Point","coordinates":[-115.5,54.7]},"properties":{"r":0.11,"w":4,"o":310}},{"type":"Feature","geometry":{"type":"Point","coordinates":[-115.4,54.7]},"properties":{"r":0.07,"w":13,"o":67}},{"type":"Feature","geometry":{"type":"Point","coordinates":[-115.3,54.7]},"properties":{"r":0.2,"w":5,"o":20}},{"type":"Feature","geometry":{"type":"Point","coordinates":[-114.1,54.7]},"properties":{"r":0.01,"w":1,"o":67}},{"type":"Feature","geometry":{"type":"Point","coordinates":[-114.0,54.7]},"properties":{"r":0.02,"w":1,"o":67}},{"type":"Feature","geometry":{"type":"Point","coordinates":[-113.7,54.7]},"properties":{"r":0.14,"w":5,"o":125}},{"type":"Feature","geometry":{"type":"Point","coordinates":[-113.0,54.7]},"properties":{"r":0.13,"w":3,"o":67}},{"type":"Feature","geometry":{"type":"Point","coordinates":[-112.9,54.7]},"properties":{"r":0.01,"w":1,"o":67}},{"type":"Feature","geometry":{"type":"Point","coordinates":[-112.8,54.7]},"properties":{"r":0.03,"w":1,"o":67}},{"type":"Feature","geometry":{"type":"Point","coordinates":[-111.1,54.7]},"properties":{"r":0.05,"w":1,"o":67}},{"type":"Feature","geometry":{"type":"Point","coordinates":[-111.0,54.7]},"properties":{"r":0.05,"w":5,"o":67}},{"type":"Feature","geometry":{"type":"Point","coordinates":[-110.8,54.7]},"properties":{"r":0.24,"w":32,"o":67}},{"type":"Feature","geometry":{"type":"Point","coordinates":[-110.7,54.7]},"properties":{"r":0.36,"w":33,"o":67}},{"type":"Feature","geometry":{"type":"Point","coordinates":[-110.6,54.7]},"properties":{"r":2.56,"w":160,"o":153}},{"type":"Feature","geometry":{"type":"Point","coordinates":[-110.5,54.7]},"properties":{"r":6.83,"w":575,"o":153}},{"type":"Feature","geometry":{"type":"Point","coordinates":[-110.4,54.7]},"properties":{"r":1.59,"w":26,"o":153}},{"type":"Feature","geometry":{"type":"Point","coordinates":[-110.3,54.7]},"properties":{"r":2.43,"w":171,"o":153}},{"type":"Feature","geometry":{"type":"Point","coordinates":[-120.0,54.8]},"properties":{"r":0.11,"w":2,"o":75}},{"type":"Feature","geometry":{"type":"Point","coordinates":[-119.9,54.8]},"properties":{"r":0.19,"w":4,"o":75}},{"type":"Feature","geometry":{"type":"Point","coordinates":[-119.8,54.8]},"properties":{"r":0.43,"w":11,"o":67}},{"type":"Feature","geometry":{"type":"Point","coordinates":[-119.7,54.8]},"properties":{"r":0.42,"w":16,"o":67}},{"type":"Feature","geometry":{"type":"Point","coordinates":[-119.6,54.8]},"properties":{"r":0.88,"w":22,"o":67}},{"type":"Feature","geometry":{"type":"Point","coordinates":[-119.5,54.8]},"properties":{"r":0.71,"w":16,"o":67}},{"type":"Feature","geometry":{"type":"Point","coordinates":[-119.4,54.8]},"properties":{"r":0.27,"w":7,"o":67}},{"type":"Feature","geometry":{"type":"Point","coordinates":[-119.3,54.8]},"properties":{"r":0.08,"w":2,"o":67}},{"type":"Feature","geometry":{"type":"Point","coordinates":[-119.2,54.8]},"properties":{"r":2.11,"w":54,"o":340}},{"type":"Feature","geometry":{"type":"Point","coordinates":[-119.1,54.8]},"properties":{"r":2.2,"w":86,"o":75}},{"type":"Feature","geometry":{"type":"Point","coordinates":[-119.0,54.8]},"properties":{"r":0.38,"w":13,"o":67}},{"type":"Feature","geometry":{"type":"Point","coordinates":[-118.9,54.8]},"properties":{"r":0.39,"w":10,"o":67}},{"type":"Feature","geometry":{"type":"Point","coordinates":[-118.8,54.8]},"properties":{"r":0.53,"w":10,"o":67}},{"type":"Feature","geometry":{"type":"Point","coordinates":[-118.7,54.8]},"properties":{"r":0.46,"w":7,"o":67}},{"type":"Feature","geometry":{"type":"Point","coordinates":[-118.6,54.8]},"properties":{"r":0.46,"w":8,"o":67}},{"type":"Feature","geometry":{"type":"Point","coordinates":[-118.4,54.8]},"properties":{"r":0.13,"w":2,"o":339}},{"type":"Feature","geometry":{"type":"Point","coordinates":[-117.7,54.8]},"properties":{"r":0.88,"w":35,"o":27}},{"type":"Feature","geometry":{"type":"Point","coordinates":[-117.6,54.8]},"properties":{"r":0.67,"w":22,"o":27}},{"type":"Feature","geometry":{"type":"Point","coordinates":[-117.5,54.8]},"properties":{"r":0.27,"w":8,"o":166}},{"type":"Feature","geometry":{"type":"Point","coordinates":[-116.7,54.8]},"properties":{"r":0.0,"w":1,"o":83}},{"type":"Feature","geometry":{"type":"Point","coordinates":[-115.6,54.8]},"properties":{"r":0.01,"w":4,"o":172}},{"type":"Feature","geometry":{"type":"Point","coordinates":[-115.5,54.8]},"properties":{"r":0.91,"w":30,"o":67}},{"type":"Feature","geometry":{"type":"Point","coordinates":[-115.4,54.8]},"properties":{"r":0.57,"w":26,"o":67}},{"type":"Feature","geometry":{"type":"Point","coordinates":[-115.3,54.8]},"properties":{"r":0.1,"w":11,"o":310}},{"type":"Feature","geometry":{"type":"Point","coordinates":[-115.2,54.8]},"properties":{"r":0.34,"w":22,"o":31}},{"type":"Feature","geometry":{"type":"Point","coordinates":[-115.1,54.8]},"properties":{"r":0.26,"w":19,"o":31}},{"type":"Feature","geometry":{"type":"Point","coordinates":[-114.2,54.8]},"properties":{"r":0.1,"w":3,"o":67}},{"type":"Feature","geometry":{"type":"Point","coordinates":[-114.1,54.8]},"properties":{"r":0.07,"w":1,"o":67}},{"type":"Feature","geometry":{"type":"Point","coordinates":[-114.0,54.8]},"properties":{"r":0.1,"w":1,"o":67}},{"type":"Feature","geometry":{"type":"Point","coordinates":[-113.9,54.8]},"properties":{"r":0.01,"w":1,"o":67}},{"type":"Feature","geometry":{"type":"Point","coordinates":[-112.8,54.8]},"properties":{"r":0.02,"w":1,"o":67}},{"type":"Feature","geometry":{"type":"Point","coordinates":[-112.7,54.8]},"properties":{"r":0.05,"w":1,"o":67}},{"type":"Feature","geometry":{"type":"Point","coordinates":[-112.6,54.8]},"properties":{"r":0.0,"w":1,"o":67}},{"type":"Feature","geometry":{"type":"Point","coordinates":[-112.5,54.8]},"properties":{"r":0.15,"w":2,"o":67}},{"type":"Feature","geometry":{"type":"Point","coordinates":[-111.8,54.8]},"properties":{"r":0.07,"w":2,"o":67}},{"type":"Feature","geometry":{"type":"Point","coordinates":[-111.7,54.8]},"properties":{"r":0.05,"w":2,"o":67}},{"type":"Feature","geometry":{"type":"Point","coordinates":[-110.7,54.8]},"properties":{"r":0.53,"w":25,"o":67}},{"type":"Feature","geometry":{"type":"Point","coordinates":[-110.6,54.8]},"properties":{"r":1.41,"w":54,"o":67}},{"type":"Feature","geometry":{"type":"Point","coordinates":[-110.5,54.8]},"properties":{"r":0.93,"w":26,"o":67}},{"type":"Feature","geometry":{"type":"Point","coordinates":[-110.4,54.8]},"properties":{"r":1.02,"w":60,"o":67}},{"type":"Feature","geometry":{"type":"Point","coordinates":[-110.3,54.8]},"properties":{"r":2.22,"w":115,"o":67}},{"type":"Feature","geometry":{"type":"Point","coordinates":[-120.0,54.9]},"properties":{"r":0.2,"w":4,"o":75}},{"type":"Feature","geometry":{"type":"Point","coordinates":[-119.9,54.9]},"properties":{"r":0.3,"w":7,"o":75}},{"type":"Feature","geometry":{"type":"Point","coordinates":[-119.8,54.9]},"properties":{"r":0.51,"w":8,"o":75}},{"type":"Feature","geometry":{"type":"Point","coordinates":[-119.7,54.9]},"properties":{"r":0.45,"w":13,"o":75}},{"type":"Feature","geometry":{"type":"Point","coordinates":[-119.6,54.9]},"properties":{"r":0.53,"w":11,"o":67}},{"type":"Feature","geometry":{"type":"Point","coordinates":[-119.5,54.9]},"properties":{"r":0.32,"w":6,"o":67}},{"type":"Feature","geometry":{"type":"Point","coordinates":[-119.4,54.9]},"properties":{"r":0.85,"w":15,"o":43}},{"type":"Feature","geometry":{"type":"Point","coordinates":[-119.3,54.9]},"properties":{"r":0.3,"w":8,"o":67}},{"type":"Feature","geometry":{"type":"Point","coordinates":[-119.2,54.9]},"properties":{"r":0.97,"w":25,"o":67}},{"type":"Feature","geometry":{"type":"Point","coordinates":[-119.1,54.9]},"properties":{"r":0.33,"w":9,"o":134}},{"type":"Feature","geometry":{"type":"Point","coordinates":[-119.0,54.9]},"properties":{"r":1.19,"w":21,"o":67}},{"type":"Feature","geometry":{"type":"Point","coordinates":[-118.9,54.9]},"properties":{"r":1.46,"w":30,"o":67}},{"type":"Feature","geometry":{"type":"Point","coordinates":[-118.8,54.9]},"properties":{"r":0.97,"w":17,"o":67}},{"type":"Feature","geometry":{"type":"Point","coordinates":[-118.5,54.9]},"properties":{"r":0.08,"w":2,"o":339}},{"type":"Feature","geometry":{"type":"Point","coordinates":[-118.4,54.9]},"properties":{"r":0.27,"w":4,"o":339}},{"type":"Feature","geometry":{"type":"Point","coordinates":[-118.3,54.9]},"properties":{"r":0.02,"w":1,"o":339}},{"type":"Feature","geometry":{"type":"Point","coordinates":[-117.7,54.9]},"properties":{"r":0.4,"w":9,"o":27}},{"type":"Feature","geometry":{"type":"Point","coordinates":[-117.6,54.9]},"properties":{"r":0.35,"w":6,"o":27}},{"type":"Feature","geometry":{"type":"Point","coordinates":[-115.6,54.9]},"properties":{"r":0.04,"w":6,"o":12}},{"type":"Feature","geometry":{"type":"Point","coordinates":[-115.5,54.9]},"properties":{"r":0.03,"w":11,"o":12}},{"type":"Feature","geometry":{"type":"Point","coordinates":[-115.4,54.9]},"properties":{"r":0.09,"w":12,"o":12}},{"type":"Feature","geometry":{"type":"Point","coordinates":[-115.3,54.9]},"properties":{"r":0.59,"w":21,"o":20}},{"type":"Feature","geometry":{"type":"Point","coordinates":[-115.2,54.9]},"properties":{"r":0.41,"w":46,"o":31}},{"type":"Feature","geometry":{"type":"Point","coordinates":[-115.1,54.9]},"properties":{"r":0.17,"w":8,"o":31}},{"type":"Feature","geometry":{"type":"Point","coordinates":[-114.3,54.9]},"properties":{"r":0.01,"w":1,"o":73}},{"type":"Feature","geometry":{"type":"Point","coordinates":[-112.4,54.9]},"properties":{"r":0.07,"w":1,"o":67}},{"type":"Feature","geometry":{"type":"Point","coordinates":[-112.3,54.9]},"properties":{"r":0.09,"w":1,"o":67}},{"type":"Feature","geometry":{"type":"Point","coordinates":[-112.1,54.9]},"properties":{"r":0.08,"w":2,"o":67}},{"type":"Feature","geometry":{"type":"Point","coordinates":[-112.0,54.9]},"properties":{"r":0.07,"w":2,"o":67}},{"type":"Feature","geometry":{"type":"Point","coordinates":[-111.9,54.9]},"properties":{"r":0.15,"w":2,"o":67}},{"type":"Feature","geometry":{"type":"Point","coordinates":[-111.8,54.9]},"properties":{"r":0.03,"w":1,"o":67}},{"type":"Feature","geometry":{"type":"Point","coordinates":[-110.8,54.9]},"properties":{"r":0.08,"w":1,"o":67}},{"type":"Feature","geometry":{"type":"Point","coordinates":[-110.7,54.9]},"properties":{"r":0.25,"w":4,"o":67}},{"type":"Feature","geometry":{"type":"Point","coordinates":[-110.6,54.9]},"properties":{"r":2.57,"w":131,"o":67}},{"type":"Feature","geometry":{"type":"Point","coordinates":[-110.5,54.9]},"properties":{"r":2.68,"w":68,"o":67}},{"type":"Feature","geometry":{"type":"Point","coordinates":[-110.4,54.9]},"properties":{"r":0.19,"w":5,"o":67}},{"type":"Feature","geometry":{"type":"Point","coordinates":[-120.0,55.0]},"properties":{"r":0.12,"w":3,"o":75}},{"type":"Feature","geometry":{"type":"Point","coordinates":[-119.9,55.0]},"properties":{"r":0.45,"w":9,"o":75}},{"type":"Feature","geometry":{"type":"Point","coordinates":[-119.8,55.0]},"properties":{"r":0.63,"w":16,"o":75}},{"type":"Feature","geometry":{"type":"Point","coordinates":[-119.7,55.0]},"properties":{"r":0.79,"w":20,"o":75}},{"type":"Feature","geometry":{"type":"Point","coordinates":[-119.6,55.0]},"properties":{"r":0.39,"w":8,"o":75}},{"type":"Feature","geometry":{"type":"Point","coordinates":[-119.5,55.0]},"properties":{"r":0.82,"w":12,"o":75}},{"type":"Feature","geometry":{"type":"Point","coordinates":[-119.4,55.0]},"properties":{"r":0.45,"w":8,"o":75}},{"type":"Feature","geometry":{"type":"Point","coordinates":[-119.3,55.0]},"properties":{"r":0.33,"w":7,"o":67}},{"type":"Feature","geometry":{"type":"Point","coordinates":[-119.2,55.0]},"properties":{"r":0.62,"w":13,"o":67}},{"type":"Feature","geometry":{"type":"Point","coordinates":[-119.1,55.0]},"properties":{"r":0.66,"w":13,"o":67}},{"type":"Feature","geometry":{"type":"Point","coordinates":[-119.0,55.0]},"properties":{"r":0.28,"w":7,"o":67}},{"type":"Feature","geometry":{"type":"Point","coordinates":[-118.9,55.0]},"properties":{"r":0.27,"w":8,"o":67}},{"type":"Feature","geometry":{"type":"Point","coordinates":[-118.8,55.0]},"properties":{"r":0.89,"w":27,"o":133}},{"type":"Feature","geometry":{"type":"Point","coordinates":[-118.6,55.0]},"properties":{"r":0.12,"w":2,"o":339}},{"type":"Feature","geometry":{"type":"Point","coordinates":[-118.4,55.0]},"properties":{"r":0.05,"w":2,"o":339}},{"type":"Feature","geometry":{"type":"Point","coordinates":[-117.8,55.0]},"properties":{"r":0.39,"w":10,"o":340}},{"type":"Feature","geometry":{"type":"Point","coordinates":[-117.7,55.0]},"properties":{"r":0.37,"w":20,"o":340}},{"type":"Feature","geometry":{"type":"Point","coordinates":[-117.6,55.0]},"properties":{"r":0.1,"w":5,"o":340}},{"type":"Feature","geometry":{"type":"Point","coordinates":[-117.3,55.0]},"properties":{"r":0.02,"w":1,"o":150}},{"type":"Feature","geometry":{"type":"Point","coordinates":[-117.2,55.0]},"properties":{"r":0.03,"w":2,"o":150}},{"type":"Feature","geometry":{"type":"Point","coordinates":[-116.9,55.0]},"properties":{"r":0.29,"w":26,"o":113}},{"type":"Feature","geometry":{"type":"Point","coordinates":[-116.8,55.0]},"properties":{"r":0.08,"w":1,"o":113}},{"type":"Feature","geometry":{"type":"Point","coordinates":[-115.6,55.0]},"properties":{"r":0.18,"w":22,"o":73}},{"type":"Feature","geometry":{"type":"Point","coordinates":[-115.5,55.0]},"properties":{"r":0.35,"w":26,"o":73}},{"type":"Feature","geometry":{"type":"Point","coordinates":[-115.4,55.0]},"properties":{"r":0.42,"w":38,"o":73}},{"type":"Feature","geometry":{"type":"Point","coordinates":[-115.3,55.0]},"properties":{"r":0.39,"w":35,"o":73}},{"type":"Feature","geometry":{"type":"Point","coordinates":[-115.2,55.0]},"properties":{"r":0.04,"w":10,"o":83}},{"type":"Feature","geometry":{"type":"Point","coordinates":[-114.4,55.0]},"properties":{"r":0.04,"w":4,"o":73}},{"type":"Feature","geometry":{"type":"Point","coordinates":[-114.3,55.0]},"properties":{"r":0.02,"w":1,"o":73}},{"type":"Feature","geometry":{"type":"Point","coordinates":[-114.0,55.0]},"properties":{"r":0.09,"w":1,"o":67}},{"type":"Feature","geometry":{"type":"Point","coordinates":[-113.9,55.0]},"properties":{"r":0.08,"w":1,"o":67}},{"type":"Feature","geometry":{"type":"Point","coordinates":[-113.4,55.0]},"properties":{"r":0.17,"w":4,"o":306}},{"type":"Feature","geometry":{"type":"Point","coordinates":[-113.2,55.0]},"properties":{"r":0.06,"w":1,"o":67}},{"type":"Feature","geometry":{"type":"Point","coordinates":[-113.1,55.0]},"properties":{"r":0.01,"w":1,"o":67}},{"type":"Feature","geometry":{"type":"Point","coordinates":[-112.5,55.0]},"properties":{"r":0.08,"w":1,"o":67}},{"type":"Feature","geometry":{"type":"Point","coordinates":[-112.4,55.0]},"properties":{"r":0.01,"w":1,"o":67}},{"type":"Feature","geometry":{"type":"Point","coordinates":[-112.0,55.0]},"properties":{"r":0.27,"w":5,"o":67}},{"type":"Feature","geometry":{"type":"Point","coordinates":[-111.9,55.0]},"properties":{"r":0.17,"w":4,"o":67}},{"type":"Feature","geometry":{"type":"Point","coordinates":[-111.8,55.0]},"properties":{"r":0.03,"w":1,"o":67}},{"type":"Feature","geometry":{"type":"Point","coordinates":[-111.5,55.0]},"properties":{"r":0.08,"w":3,"o":67}},{"type":"Feature","geometry":{"type":"Point","coordinates":[-111.4,55.0]},"properties":{"r":0.13,"w":4,"o":67}},{"type":"Feature","geometry":{"type":"Point","coordinates":[-110.8,55.0]},"properties":{"r":0.56,"w":10,"o":67}},{"type":"Feature","geometry":{"type":"Point","coordinates":[-110.7,55.0]},"properties":{"r":0.2,"w":4,"o":75}},{"type":"Feature","geometry":{"type":"Point","coordinates":[-110.6,55.0]},"properties":{"r":1.7,"w":27,"o":67}},{"type":"Feature","geometry":{"type":"Point","coordinates":[-110.5,55.0]},"properties":{"r":0.02,"w":2,"o":75}},{"type":"Feature","geometry":{"type":"Point","coordinates":[-110.4,55.0]},"properties":{"r":0.1,"w":3,"o":75}},{"type":"Feature","geometry":{"type":"Point","coordinates":[-120.0,55.1]},"properties":{"r":0.14,"w":2,"o":75}},{"type":"Feature","geometry":{"type":"Point","coordinates":[-119.9,55.1]},"properties":{"r":1.53,"w":38,"o":75}},{"type":"Feature","geometry":{"type":"Point","coordinates":[-119.8,55.1]},"properties":{"r":1.73,"w":41,"o":75}},{"type":"Feature","geometry":{"type":"Point","coordinates":[-119.7,55.1]},"properties":{"r":0.96,"w":16,"o":75}},{"type":"Feature","geometry":{"type":"Point","coordinates":[-119.6,55.1]},"properties":{"r":0.73,"w":16,"o":75}},{"type":"Feature","geometry":{"type":"Point","coordinates":[-119.5,55.1]},"properties":{"r":0.41,"w":9,"o":73}},{"type":"Feature","geometry":{"type":"Point","coordinates":[-119.4,55.1]},"properties":{"r":0.03,"w":1,"o":75}},{"type":"Feature","geometry":{"type":"Point","coordinates":[-119.3,55.1]},"properties":{"r":0.15,"w":5,"o":225}},{"type":"Feature","geometry":{"type":"Point","coordinates":[-119.2,55.1]},"properties":{"r":0.18,"w":5,"o":225}},{"type":"Feature","geometry":{"type":"Point","coordinates":[-119.1,55.1]},"properties":{"r":0.03,"w":1,"o":67}},{"type":"Feature","geometry":{"type":"Point","coordinates":[-118.8,55.1]},"properties":{"r":0.04,"w":1,"o":133}},{"type":"Feature","geometry":{"type":"Point","coordinates":[-118.7,55.1]},"properties":{"r":0.0,"w":1,"o":339}},{"type":"Feature","geometry":{"type":"Point","coordinates":[-117.4,55.1]},"properties":{"r":0.06,"w":2,"o":150}},{"type":"Feature","geometry":{"type":"Point","coordinates":[-117.3,55.1]},"properties":{"r":0.07,"w":4,"o":150}},{"type":"Feature","geometry":{"type":"Point","coordinates":[-117.0,55.1]},"properties":{"r":0.21,"w":4,"o":113}},{"type":"Feature","geometry":{"type":"Point","coordinates":[-116.9,55.1]},"properties":{"r":0.08,"w":2,"o":113}},{"type":"Feature","geometry":{"type":"Point","coordinates":[-116.7,55.1]},"properties":{"r":0.0,"w":2,"o":224}},{"type":"Feature","geometry":{"type":"Point","coordinates":[-116.1,55.1]},"properties":{"r":0.05,"w":3,"o":64}},{"type":"Feature","geometry":{"type":"Point","coordinates":[-115.7,55.1]},"properties":{"r":0.05,"w":9,"o":73}},{"type":"Feature","geometry":{"type":"Point","coordinates":[-115.6,55.1]},"properties":{"r":0.31,"w":24,"o":73}},{"type":"Feature","geometry":{"type":"Point","coordinates":[-115.5,55.1]},"properties":{"r":0.05,"w":2,"o":73}},{"type":"Feature","geometry":{"type":"Point","coordinates":[-115.4,55.1]},"properties":{"r":0.01,"w":1,"o":73}},{"type":"Feature","geometry":{"type":"Point","coordinates":[-115.2,55.1]},"properties":{"r":0.0,"w":1,"o":172}},{"type":"Feature","geometry":{"type":"Point","coordinates":[-114.6,55.1]},"properties":{"r":0.18,"w":8,"o":73}},{"type":"Feature","geometry":{"type":"Point","coordinates":[-114.5,55.1]},"properties":{"r":0.16,"w":9,"o":73}},{"type":"Feature","geometry":{"type":"Point","coordinates":[-114.4,55.1]},"properties":{"r":0.03,"w":2,"o":73}},{"type":"Feature","geometry":{"type":"Point","coordinates":[-114.2,55.1]},"properties":{"r":0.08,"w":1,"o":67}},{"type":"Feature","geometry":{"type":"Point","coordinates":[-114.1,55.1]},"properties":{"r":0.06,"w":2,"o":67}},{"type":"Feature","geometry":{"type":"Point","coordinates":[-113.5,55.1]},"properties":{"r":0.45,"w":18,"o":306}},{"type":"Feature","geometry":{"type":"Point","coordinates":[-113.4,55.1]},"properties":{"r":0.06,"w":4,"o":306}},{"type":"Feature","geometry":{"type":"Point","coordinates":[-112.3,55.1]},"properties":{"r":0.13,"w":4,"o":67}},{"type":"Feature","geometry":{"type":"Point","coordinates":[-111.9,55.1]},"properties":{"r":0.12,"w":4,"o":67}},{"type":"Feature","geometry":{"type":"Point","coordinates":[-111.8,55.1]},"properties":{"r":0.08,"w":4,"o":67}},{"type":"Feature","geometry":{"type":"Point","coordinates":[-111.7,55.1]},"properties":{"r":0.07,"w":3,"o":67}},{"type":"Feature","geometry":{"type":"Point","coordinates":[-111.2,55.1]},"properties":{"r":0.12,"w":2,"o":75}},{"type":"Feature","geometry":{"type":"Point","coordinates":[-110.9,55.1]},"properties":{"r":0.07,"w":1,"o":75}},{"type":"Feature","geometry":{"type":"Point","coordinates":[-110.8,55.1]},"properties":{"r":0.2,"w":5,"o":75}},{"type":"Feature","geometry":{"type":"Point","coordinates":[-110.7,55.1]},"properties":{"r":2.1,"w":43,"o":75}},{"type":"Feature","geometry":{"type":"Point","coordinates":[-110.6,55.1]},"properties":{"r":2.69,"w":55,"o":75}},{"type":"Feature","geometry":{"type":"Point","coordinates":[-110.5,55.1]},"properties":{"r":1.7,"w":35,"o":75}},{"type":"Feature","geometry":{"type":"Point","coordinates":[-110.4,55.1]},"properties":{"r":2.23,"w":54,"o":75}},{"type":"Feature","geometry":{"type":"Point","coordinates":[-110.3,55.1]},"properties":{"r":0.11,"w":4,"o":75}},{"type":"Feature","geometry":{"type":"Point","coordinates":[-120.0,55.2]},"properties":{"r":1.05,"w":26,"o":75}},{"type":"Feature","geometry":{"type":"Point","coordinates":[-119.9,55.2]},"properties":{"r":1.74,"w":60,"o":75}},{"type":"Feature","geometry":{"type":"Point","coordinates":[-119.8,55.2]},"properties":{"r":0.15,"w":4,"o":75}},{"type":"Feature","geometry":{"type":"Point","coordinates":[-119.7,55.2]},"properties":{"r":0.06,"w":2,"o":75}},{"type":"Feature","geometry":{"type":"Point","coordinates":[-119.6,55.2]},"properties":{"r":0.61,"w":12,"o":75}},{"type":"Feature","geometry":{"type":"Point","coordinates":[-119.5,55.2]},"properties":{"r":1.08,"w":25,"o":73}},{"type":"Feature","geometry":{"type":"Point","coordinates":[-119.4,55.2]},"properties":{"r":0.15,"w":3,"o":225}},{"type":"Feature","geometry":{"type":"Point","coordinates":[-119.3,55.2]},"properties":{"r":0.28,"w":9,"o":225}},{"type":"Feature","geometry":{"type":"Point","coordinates":[-119.2,55.2]},"properties":{"r":0.65,"w":20,"o":306}},{"type":"Feature","geometry":{"type":"Point","coordinates":[-119.1,55.2]},"properties":{"r":0.2,"w":5,"o":67}},{"type":"Feature","geometry":{"type":"Point","coordinates":[-118.7,55.2]},"properties":{"r":0.11,"w":4,"o":67}},{"type":"Feature","geometry":{"type":"Point","coordinates":[-118.6,55.2]},"properties":{"r":0.4,"w":10,"o":67}},{"type":"Feature","geometry":{"type":"Point","coordinates":[-118.5,55.2]},"properties":{"r":0.14,"w":3,"o":67}},{"type":"Feature","geometry":{"type":"Point","coordinates":[-118.4,55.2]},"properties":{"r":0.03,"w":3,"o":67}},{"type":"Feature","geometry":{"type":"Point","coordinates":[-117.9,55.2]},"properties":{"r":0.04,"w":3,"o":67}},{"type":"Feature","geometry":{"type":"Point","coordinates":[-117.4,55.2]},"properties":{"r":0.02,"w":2,"o":38}},{"type":"Feature","geometry":{"type":"Point","coordinates":[-117.3,55.2]},"properties":{"r":0.04,"w":2,"o":38}},{"type":"Feature","geometry":{"type":"Point","coordinates":[-117.1,55.2]},"properties":{"r":0.06,"w":4,"o":113}},{"type":"Feature","geometry":{"type":"Point","coordinates":[-117.0,55.2]},"properties":{"r":0.08,"w":2,"o":113}},{"type":"Feature","geometry":{"type":"Point","coordinates":[-116.1,55.2]},"properties":{"r":0.13,"w":5,"o":64}},{"type":"Feature","geometry":{"type":"Point","coordinates":[-115.2,55.2]},"properties":{"r":0.01,"w":6,"o":160}},{"type":"Feature","geometry":{"type":"Point","coordinates":[-115.1,55.2]},"properties":{"r":0.03,"w":14,"o":160}},{"type":"Feature","geometry":{"type":"Point","coordinates":[-115.0,55.2]},"properties":{"r":0.02,"w":9,"o":160}},{"type":"Feature","geometry":{"type":"Point","coordinates":[-114.7,55.2]},"properties":{"r":0.09,"w":3,"o":73}},{"type":"Feature","geometry":{"type":"Point","coordinates":[-114.6,55.2]},"properties":{"r":0.56,"w":17,"o":73}},{"type":"Feature","geometry":{"type":"Point","coordinates":[-114.5,55.2]},"properties":{"r":0.23,"w":9,"o":73}},{"type":"Feature","geometry":{"type":"Point","coordinates":[-114.4,55.2]},"properties":{"r":0.01,"w":1,"o":67}},{"type":"Feature","geometry":{"type":"Point","coordinates":[-114.3,55.2]},"properties":{"r":0.01,"w":1,"o":67}},{"type":"Feature","geometry":{"type":"Point","coordinates":[-114.2,55.2]},"properties":{"r":0.07,"w":1,"o":67}},{"type":"Feature","geometry":{"type":"Point","coordinates":[-114.1,55.2]},"properties":{"r":0.01,"w":1,"o":67}},{"type":"Feature","geometry":{"type":"Point","coordinates":[-112.5,55.2]},"properties":{"r":0.02,"w":2,"o":67}},{"type":"Feature","geometry":{"type":"Point","coordinates":[-112.3,55.2]},"properties":{"r":0.04,"w":1,"o":67}},{"type":"Feature","geometry":{"type":"Point","coordinates":[-112.2,55.2]},"properties":{"r":0.08,"w":2,"o":67}},{"type":"Feature","geometry":{"type":"Point","coordinates":[-112.1,55.2]},"properties":{"r":0.1,"w":3,"o":67}},{"type":"Feature","geometry":{"type":"Point","coordinates":[-112.0,55.2]},"properties":{"r":0.06,"w":1,"o":67}},{"type":"Feature","geometry":{"type":"Point","coordinates":[-111.8,55.2]},"properties":{"r":0.01,"w":1,"o":67}},{"type":"Feature","geometry":{"type":"Point","coordinates":[-111.7,55.2]},"properties":{"r":0.04,"w":2,"o":67}},{"type":"Feature","geometry":{"type":"Point","coordinates":[-111.1,55.2]},"properties":{"r":0.39,"w":10,"o":75}},{"type":"Feature","geometry":{"type":"Point","coordinates":[-111.0,55.2]},"properties":{"r":0.26,"w":6,"o":75}},{"type":"Feature","geometry":{"type":"Point","coordinates":[-110.7,55.2]},"properties":{"r":0.02,"w":2,"o":75}},{"type":"Feature","geometry":{"type":"Point","coordinates":[-110.6,55.2]},"properties":{"r":0.0,"w":1,"o":75}},{"type":"Feature","geometry":{"type":"Point","coordinates":[-110.5,55.2]},"properties":{"r":0.06,"w":2,"o":75}},{"type":"Feature","geometry":{"type":"Point","coordinates":[-110.4,55.2]},"properties":{"r":0.05,"w":2,"o":75}},{"type":"Feature","geometry":{"type":"Point","coordinates":[-120.0,55.3]},"properties":{"r":0.38,"w":9,"o":75}},{"type":"Feature","geometry":{"type":"Point","coordinates":[-119.9,55.3]},"properties":{"r":0.72,"w":12,"o":75}},{"type":"Feature","geometry":{"type":"Point","coordinates":[-119.8,55.3]},"properties":{"r":0.15,"w":9,"o":32}},{"type":"Feature","geometry":{"type":"Point","coordinates":[-119.7,55.3]},"properties":{"r":0.46,"w":15,"o":32}},{"type":"Feature","geometry":{"type":"Point","coordinates":[-119.6,55.3]},"properties":{"r":0.28,"w":4,"o":67}},{"type":"Feature","geometry":{"type":"Point","coordinates":[-119.5,55.3]},"properties":{"r":0.87,"w":17,"o":67}},{"type":"Feature","geometry":{"type":"Point","coordinates":[-119.4,55.3]},"properties":{"r":0.48,"w":17,"o":73}},{"type":"Feature","geometry":{"type":"Point","coordinates":[-119.3,55.3]},"properties":{"r":0.22,"w":5,"o":67}},{"type":"Feature","geometry":{"type":"Point","coordinates":[-119.2,55.3]},"properties":{"r":0.76,"w":21,"o":67}},{"type":"Feature","geometry":{"type":"Point","coordinates":[-119.1,55.3]},"properties":{"r":0.24,"w":17,"o":67}},{"type":"Feature","geometry":{"type":"Point","coordinates":[-119.0,55.3]},"properties":{"r":0.11,"w":3,"o":170}},{"type":"Feature","geometry":{"type":"Point","coordinates":[-118.9,55.3]},"properties":{"r":0.07,"w":4,"o":67}},{"type":"Feature","geometry":{"type":"Point","coordinates":[-118.8,55.3]},"properties":{"r":0.41,"w":17,"o":67}},{"type":"Feature","geometry":{"type":"Point","coordinates":[-118.7,55.3]},"properties":{"r":0.27,"w":7,"o":67}},{"type":"Feature","geometry":{"type":"Point","coordinates":[-118.4,55.3]},"properties":{"r":0.0,"w":1,"o":275}},{"type":"Feature","geometry":{"type":"Point","coordinates":[-118.3,55.3]},"properties":{"r":0.01,"w":1,"o":275}},{"type":"Feature","geometry":{"type":"Point","coordinates":[-117.8,55.3]},"properties":{"r":0.1,"w":3,"o":67}},{"type":"Feature","geometry":{"type":"Point","coordinates":[-115.2,55.3]},"properties":{"r":0.0,"w":2,"o":160}},{"type":"Feature","geometry":{"type":"Point","coordinates":[-115.1,55.3]},"properties":{"r":0.01,"w":3,"o":160}},{"type":"Feature","geometry":{"type":"Point","coordinates":[-114.7,55.3]},"properties":{"r":0.29,"w":8,"o":73}},{"type":"Feature","geometry":{"type":"Point","coordinates":[-114.6,55.3]},"properties":{"r":0.11,"w":5,"o":73}},{"type":"Feature","geometry":{"type":"Point","coordinates":[-114.5,55.3]},"properties":{"r":0.0,"w":1,"o":346}},{"type":"Feature","geometry":{"type":"Point","coordinates":[-114.2,55.3]},"properties":{"r":0.07,"w":1,"o":67}},{"type":"Feature","geometry":{"type":"Point","coordinates":[-113.8,55.3]},"properties":{"r":1.07,"w":22,"o":293}},{"type":"Feature","geometry":{"type":"Point","coordinates":[-113.7,55.3]},"properties":{"r":3.28,"w":64,"o":67}},{"type":"Feature","geometry":{"type":"Point","coordinates":[-113.6,55.3]},"properties":{"r":0.85,"w":18,"o":293}},{"type":"Feature","geometry":{"type":"Point","coordinates":[-113.1,55.3]},"properties":{"r":0.01,"w":1,"o":52}},{"type":"Feature","geometry":{"type":"Point","coordinates":[-113.0,55.3]},"properties":{"r":0.07,"w":2,"o":52}},{"type":"Feature","geometry":{"type":"Point","coordinates":[-112.9,55.3]},"properties":{"r":0.04,"w":6,"o":52}},{"type":"Feature","geometry":{"type":"Point","coordinates":[-112.5,55.3]},"properties":{"r":0.04,"w":4,"o":79}},{"type":"Feature","geometry":{"type":"Point","coordinates":[-112.4,55.3]},"properties":{"r":0.23,"w":5,"o":67}},{"type":"Feature","geometry":{"type":"Point","coordinates":[-112.2,55.3]},"properties":{"r":0.2,"w":5,"o":67}},{"type":"Feature","geometry":{"type":"Point","coordinates":[-112.1,55.3]},"properties":{"r":0.18,"w":4,"o":67}},{"type":"Feature","geometry":{"type":"Point","coordinates":[-112.0,55.3]},"properties":{"r":0.07,"w":2,"o":67}},{"type":"Feature","geometry":{"type":"Point","coordinates":[-111.1,55.3]},"properties":{"r":0.09,"w":7,"o":67}},{"type":"Feature","geometry":{"type":"Point","coordinates":[-111.0,55.3]},"properties":{"r":0.51,"w":24,"o":67}},{"type":"Feature","geometry":{"type":"Point","coordinates":[-110.6,55.3]},"properties":{"r":0.09,"w":1,"o":75}},{"type":"Feature","geometry":{"type":"Point","coordinates":[-119.9,55.4]},"properties":{"r":0.18,"w":7,"o":32}},{"type":"Feature","geometry":{"type":"Point","coordinates":[-119.8,55.4]},"properties":{"r":0.46,"w":8,"o":225}},{"type":"Feature","geometry":{"type":"Point","coordinates":[-119.7,55.4]},"properties":{"r":0.29,"w":6,"o":225}},{"type":"Feature","geometry":{"type":"Point","coordinates":[-119.6,55.4]},"properties":{"r":0.62,"w":10,"o":67}},{"type":"Feature","geometry":{"type":"Point","coordinates":[-119.5,55.4]},"properties":{"r":0.53,"w":10,"o":67}},{"type":"Feature","geometry":{"type":"Point","coordinates":[-119.4,55.4]},"properties":{"r":0.17,"w":7,"o":67}},{"type":"Feature","geometry":{"type":"Point","coordinates":[-119.3,55.4]},"properties":{"r":0.21,"w":4,"o":306}},{"type":"Feature","geometry":{"type":"Point","coordinates":[-119.2,55.4]},"properties":{"r":0.39,"w":7,"o":28}},{"type":"Feature","geometry":{"type":"Point","coordinates":[-119.1,55.4]},"properties":{"r":0.74,"w":14,"o":67}},{"type":"Feature","geometry":{"type":"Point","coordinates":[-119.0,55.4]},"properties":{"r":0.24,"w":6,"o":225}},{"type":"Feature","geometry":{"type":"Point","coordinates":[-118.9,55.4]},"properties":{"r":0.39,"w":7,"o":67}},{"type":"Feature","geometry":{"type":"Point","coordinates":[-118.7,55.4]},"properties":{"r":0.08,"w":1,"o":67}},{"type":"Feature","geometry":{"type":"Point","coordinates":[-118.1,55.4]},"properties":{"r":0.07,"w":3,"o":22}},{"type":"Feature","geometry":{"type":"Point","coordinates":[-114.8,55.4]},"properties":{"r":0.03,"w":6,"o":73}},{"type":"Feature","geometry":{"type":"Point","coordinates":[-114.7,55.4]},"properties":{"r":0.01,"w":3,"o":67}},{"type":"Feature","geometry":{"type":"Point","coordinates":[-114.6,55.4]},"properties":{"r":0.01,"w":2,"o":73}},{"type":"Feature","geometry":{"type":"Point","coordinates":[-113.9,55.4]},"properties":{"r":0.62,"w":26,"o":306}},{"type":"Feature","geometry":{"type":"Point","coordinates":[-113.8,55.4]},"properties":{"r":4.9,"w":128,"o":293}},{"type":"Feature","geometry":{"type":"Point","coordinates":[-113.7,55.4]},"properties":{"r":3.5,"w":134,"o":293}},{"type":"Feature","geometry":{"type":"Point","coordinates":[-113.6,55.4]},"properties":{"r":1.43,"w":29,"o":293}},{"type":"Feature","geometry":{"type":"Point","coordinates":[-113.2,55.4]},"properties":{"r":0.03,"w":2,"o":52}},{"type":"Feature","geometry":{"type":"Point","coordinates":[-113.1,55.4]},"properties":{"r":0.09,"w":3,"o":52}},{"type":"Feature","geometry":{"type":"Point","coordinates":[-113.0,55.4]},"properties":{"r":0.08,"w":9,"o":52}},{"type":"Feature","geometry":{"type":"Point","coordinates":[-112.9,55.4]},"properties":{"r":0.04,"w":4,"o":52}},{"type":"Feature","geometry":{"type":"Point","coordinates":[-112.4,55.4]},"properties":{"r":0.0,"w":1,"o":67}},{"type":"Feature","geometry":{"type":"Point","coordinates":[-112.2,55.4]},"properties":{"r":0.25,"w":6,"o":67}},{"type":"Feature","geometry":{"type":"Point","coordinates":[-112.1,55.4]},"properties":{"r":0.01,"w":2,"o":67}},{"type":"Feature","geometry":{"type":"Point","coordinates":[-112.0,55.4]},"properties":{"r":0.1,"w":3,"o":67}},{"type":"Feature","geometry":{"type":"Point","coordinates":[-111.4,55.4]},"properties":{"r":0.05,"w":2,"o":67}},{"type":"Feature","geometry":{"type":"Point","coordinates":[-111.3,55.4]},"properties":{"r":0.04,"w":1,"o":67}},{"type":"Feature","geometry":{"type":"Point","coordinates":[-111.1,55.4]},"properties":{"r":0.66,"w":24,"o":67}},{"type":"Feature","geometry":{"type":"Point","coordinates":[-111.0,55.4]},"properties":{"r":0.57,"w":16,"o":67}},{"type":"Feature","geometry":{"type":"Point","coordinates":[-119.8,55.5]},"properties":{"r":0.07,"w":1,"o":225}},{"type":"Feature","geometry":{"type":"Point","coordinates":[-119.7,55.5]},"properties":{"r":0.02,"w":5,"o":14}},{"type":"Feature","geometry":{"type":"Point","coordinates":[-119.6,55.5]},"properties":{"r":0.33,"w":8,"o":67}},{"type":"Feature","geometry":{"type":"Point","coordinates":[-119.5,55.5]},"properties":{"r":0.36,"w":12,"o":158}},{"type":"Feature","geometry":{"type":"Point","coordinates":[-119.4,55.5]},"properties":{"r":0.61,"w":23,"o":340}},{"type":"Feature","geometry":{"type":"Point","coordinates":[-119.3,55.5]},"properties":{"r":1.53,"w":63,"o":340}},{"type":"Feature","geometry":{"type":"Point","coordinates":[-119.2,55.5]},"properties":{"r":1.6,"w":47,"o":312}},{"type":"Feature","geometry":{"type":"Point","coordinates":[-119.1,55.5]},"properties":{"r":0.88,"w":31,"o":312}},{"type":"Feature","geometry":{"type":"Point","coordinates":[-119.0,55.5]},"properties":{"r":0.1,"w":1,"o":225}},{"type":"Feature","geometry":{"type":"Point","coordinates":[-118.8,55.5]},"properties":{"r":0.69,"w":16,"o":67}},{"type":"Feature","geometry":{"type":"Point","coordinates":[-117.2,55.5]},"properties":{"r":0.0,"w":1,"o":43}},{"type":"Feature","geometry":{"type":"Point","coordinates":[-117.1,55.5]},"properties":{"r":0.21,"w":11,"o":43}},{"type":"Feature","geometry":{"type":"Point","coordinates":[-117.0,55.5]},"properties":{"r":0.19,"w":5,"o":43}},{"type":"Feature","geometry":{"type":"Point","coordinates":[-116.9,55.5]},"properties":{"r":0.0,"w":1,"o":326}},{"type":"Feature","geometry":{"type":"Point","coordinates":[-116.8,55.5]},"properties":{"r":0.01,"w":1,"o":326}},{"type":"Feature","geometry":{"type":"Point","coordinates":[-115.6,55.5]},"properties":{"r":0.0,"w":1,"o":172}},{"type":"Feature","geometry":{"type":"Point","coordinates":[-115.0,55.5]},"properties":{"r":0.03,"w":1,"o":306}},{"type":"Feature","geometry":{"type":"Point","coordinates":[-114.9,55.5]},"properties":{"r":0.03,"w":2,"o":73}},{"type":"Feature","geometry":{"type":"Point","coordinates":[-114.8,55.5]},"properties":{"r":0.15,"w":8,"o":15}},{"type":"Feature","geometry":{"type":"Point","coordinates":[-114.7,55.5]},"properties":{"r":0.85,"w":12,"o":293}},{"type":"Feature","geometry":{"type":"Point","coordinates":[-114.6,55.5]},"properties":{"r":0.11,"w":3,"o":293}},{"type":"Feature","geometry":{"type":"Point","coordinates":[-114.5,55.5]},"properties":{"r":0.06,"w":1,"o":306}},{"type":"Feature","geometry":{"type":"Point","coordinates":[-114.4,55.5]},"properties":{"r":0.15,"w":4,"o":144}},{"type":"Feature","geometry":{"type":"Point","coordinates":[-114.3,55.5]},"properties":{"r":0.84,"w":16,"o":144}},{"type":"Feature","geometry":{"type":"Point","coordinates":[-114.2,55.5]},"properties":{"r":2.68,"w":83,"o":144}},{"type":"Feature","geometry":{"type":"Point","coordinates":[-114.1,55.5]},"properties":{"r":1.65,"w":34,"o":144}},{"type":"Feature","geometry":{"type":"Point","coordinates":[-114.0,55.5]},"properties":{"r":0.38,"w":8,"o":306}},{"type":"Feature","geometry":{"type":"Point","coordinates":[-113.9,55.5]},"properties":{"r":3.05,"w":68,"o":306}},{"type":"Feature","geometry":{"type":"Point","coordinates":[-113.8,55.5]},"properties":{"r":2.05,"w":66,"o":306}},{"type":"Feature","geometry":{"type":"Point","coordinates":[-113.7,55.5]},"properties":{"r":1.08,"w":36,"o":144}},{"type":"Feature","geometry":{"type":"Point","coordinates":[-113.6,55.5]},"properties":{"r":0.31,"w":5,"o":67}},{"type":"Feature","geometry":{"type":"Point","coordinates":[-112.4,55.5]},"properties":{"r":0.16,"w":3,"o":67}},{"type":"Feature","geometry":{"type":"Point","coordinates":[-112.3,55.5]},"properties":{"r":0.04,"w":2,"o":67}},{"type":"Feature","geometry":{"type":"Point","coordinates":[-112.0,55.5]},"properties":{"r":0.12,"w":3,"o":67}},{"type":"Feature","geometry":{"type":"Point","coordinates":[-111.3,55.5]},"properties":{"r":0.48,"w":14,"o":67}},{"type":"Feature","geometry":{"type":"Point","coordinates":[-111.2,55.5]},"properties":{"r":1.28,"w":50,"o":67}},{"type":"Feature","geometry":{"type":"Point","coordinates":[-111.1,55.5]},"properties":{"r":0.94,"w":18,"o":67}},{"type":"Feature","geometry":{"type":"Point","coordinates":[-111.0,55.5]},"properties":{"r":2.34,"w":49,"o":67}},{"type":"Feature","geometry":{"type":"Point","coordinates":[-110.9,55.5]},"properties":{"r":1.22,"w":24,"o":67}},{"type":"Feature","geometry":{"type":"Point","coordinates":[-110.8,55.5]},"properties":{"r":0.03,"w":5,"o":75}},{"type":"Feature","geometry":{"type":"Point","coordinates":[-120.0,55.6]},"properties":{"r":0.42,"w":15,"o":14}},{"type":"Feature","geometry":{"type":"Point","coordinates":[-119.9,55.6]},"properties":{"r":0.63,"w":14,"o":14}},{"type":"Feature","geometry":{"type":"Point","coordinates":[-119.8,55.6]},"properties":{"r":0.55,"w":18,"o":14}},{"type":"Feature","geometry":{"type":"Point","coordinates":[-119.7,55.6]},"properties":{"r":0.3,"w":7,"o":69}},{"type":"Feature","geometry":{"type":"Point","coordinates":[-119.6,55.6]},"properties":{"r":0.58,"w":23,"o":67}},{"type":"Feature","geometry":{"type":"Point","coordinates":[-119.5,55.6]},"properties":{"r":0.55,"w":35,"o":32}},{"type":"Feature","geometry":{"type":"Point","coordinates":[-119.4,55.6]},"properties":{"r":0.52,"w":9,"o":67}},{"type":"Feature","geometry":{"type":"Point","coordinates":[-119.3,55.6]},"properties":{"r":0.69,"w":17,"o":340}},{"type":"Feature","geometry":{"type":"Point","coordinates":[-119.2,55.6]},"properties":{"r":0.43,"w":14,"o":67}},{"type":"Feature","geometry":{"type":"Point","coordinates":[-119.1,55.6]},"properties":{"r":0.79,"w":57,"o":67}},{"type":"Feature","geometry":{"type":"Point","coordinates":[-119.0,55.6]},"properties":{"r":0.37,"w":14,"o":67}},{"type":"Feature","geometry":{"type":"Point","coordinates":[-118.8,55.6]},"properties":{"r":0.21,"w":4,"o":67}},{"type":"Feature","geometry":{"type":"Point","coordinates":[-117.2,55.6]},"properties":{"r":0.5,"w":16,"o":43}},{"type":"Feature","geometry":{"type":"Point","coordinates":[-117.1,55.6]},"properties":{"r":0.64,"w":33,"o":43}},{"type":"Feature","geometry":{"type":"Point","coordinates":[-117.0,55.6]},"properties":{"r":0.23,"w":6,"o":43}},{"type":"Feature","geometry":{"type":"Point","coordinates":[-115.6,55.6]},"properties":{"r":0.04,"w":9,"o":172}},{"type":"Feature","geometry":{"type":"Point","coordinates":[-115.5,55.6]},"properties":{"r":0.2,"w":15,"o":172}},{"type":"Feature","geometry":{"type":"Point","coordinates":[-115.4,55.6]},"properties":{"r":0.67,"w":28,"o":306}},{"type":"Feature","geometry":{"type":"Point","coordinates":[-115.3,55.6]},"properties":{"r":0.8,"w":25,"o":306}},{"type":"Feature","geometry":{"type":"Point","coordinates":[-115.2,55.6]},"properties":{"r":1.26,"w":39,"o":293}},{"type":"Feature","geometry":{"type":"Point","coordinates":[-115.1,55.6]},"properties":{"r":2.86,"w":68,"o":306}},{"type":"Feature","geometry":{"type":"Point","coordinates":[-115.0,55.6]},"properties":{"r":1.69,"w":53,"o":306}},{"type":"Feature","geometry":{"type":"Point","coordinates":[-114.9,55.6]},"properties":{"r":3.72,"w":83,"o":293}},{"type":"Feature","geometry":{"type":"Point","coordinates":[-114.8,55.6]},"properties":{"r":3.54,"w":77,"o":293}},{"type":"Feature","geometry":{"type":"Point","coordinates":[-114.7,55.6]},"properties":{"r":3.05,"w":63,"o":306}},{"type":"Feature","geometry":{"type":"Point","coordinates":[-114.6,55.6]},"properties":{"r":0.93,"w":18,"o":306}},{"type":"Feature","geometry":{"type":"Point","coordinates":[-114.5,55.6]},"properties":{"r":0.36,"w":5,"o":293}},{"type":"Feature","geometry":{"type":"Point","coordinates":[-114.4,55.6]},"properties":{"r":0.51,"w":12,"o":293}},{"type":"Feature","geometry":{"type":"Point","coordinates":[-114.3,55.6]},"properties":{"r":0.71,"w":18,"o":144}},{"type":"Feature","geometry":{"type":"Point","coordinates":[-114.2,55.6]},"properties":{"r":0.1,"w":5,"o":144}},{"type":"Feature","geometry":{"type":"Point","coordinates":[-114.0,55.6]},"properties":{"r":0.0,"w":1,"o":67}},{"type":"Feature","geometry":{"type":"Point","coordinates":[-113.9,55.6]},"properties":{"r":0.09,"w":3,"o":67}},{"type":"Feature","geometry":{"type":"Point","coordinates":[-113.8,55.6]},"properties":{"r":0.16,"w":4,"o":67}},{"type":"Feature","geometry":{"type":"Point","coordinates":[-112.7,55.6]},"properties":{"r":0.36,"w":28,"o":160}},{"type":"Feature","geometry":{"type":"Point","coordinates":[-112.6,55.6]},"properties":{"r":0.02,"w":5,"o":160}},{"type":"Feature","geometry":{"type":"Point","coordinates":[-112.4,55.6]},"properties":{"r":0.03,"w":1,"o":67}},{"type":"Feature","geometry":{"type":"Point","coordinates":[-112.3,55.6]},"properties":{"r":0.38,"w":5,"o":67}},{"type":"Feature","geometry":{"type":"Point","coordinates":[-112.2,55.6]},"properties":{"r":0.68,"w":11,"o":67}},{"type":"Feature","geometry":{"type":"Point","coordinates":[-112.1,55.6]},"properties":{"r":0.06,"w":2,"o":67}},{"type":"Feature","geometry":{"type":"Point","coordinates":[-112.0,55.6]},"properties":{"r":0.1,"w":1,"o":67}},{"type":"Feature","geometry":{"type":"Point","coordinates":[-111.9,55.6]},"properties":{"r":0.1,"w":2,"o":67}},{"type":"Feature","geometry":{"type":"Point","coordinates":[-111.8,55.6]},"properties":{"r":0.16,"w":3,"o":67}},{"type":"Feature","geometry":{"type":"Point","coordinates":[-111.7,55.6]},"properties":{"r":0.09,"w":1,"o":67}},{"type":"Feature","geometry":{"type":"Point","coordinates":[-111.2,55.6]},"properties":{"r":0.09,"w":1,"o":75}},{"type":"Feature","geometry":{"type":"Point","coordinates":[-111.1,55.6]},"properties":{"r":0.04,"w":1,"o":75}},{"type":"Feature","geometry":{"type":"Point","coordinates":[-111.0,55.6]},"properties":{"r":0.24,"w":9,"o":142}},{"type":"Feature","geometry":{"type":"Point","coordinates":[-110.9,55.6]},"properties":{"r":0.78,"w":21,"o":142}},{"type":"Feature","geometry":{"type":"Point","coordinates":[-110.8,55.6]},"properties":{"r":4.51,"w":93,"o":75}},{"type":"Feature","geometry":{"type":"Point","coordinates":[-110.7,55.6]},"properties":{"r":0.99,"w":28,"o":75}},{"type":"Feature","geometry":{"type":"Point","coordinates":[-110.6,55.6]},"properties":{"r":0.06,"w":2,"o":75}},{"type":"Feature","geometry":{"type":"Point","coordinates":[-120.0,55.7]},"properties":{"r":0.11,"w":2,"o":53}},{"type":"Feature","geometry":{"type":"Point","coordinates":[-119.9,55.7]},"properties":{"r":0.19,"w":6,"o":53}},{"type":"Feature","geometry":{"type":"Point","coordinates":[-119.8,55.7]},"properties":{"r":0.02,"w":1,"o":170}},{"type":"Feature","geometry":{"type":"Point","coordinates":[-119.7,55.7]},"properties":{"r":1.08,"w":35,"o":170}},{"type":"Feature","geometry":{"type":"Point","coordinates":[-119.6,55.7]},"properties":{"r":2.05,"w":41,"o":67}},{"type":"Feature","geometry":{"type":"Point","coordinates":[-119.5,55.7]},"properties":{"r":0.95,"w":17,"o":53}},{"type":"Feature","geometry":{"type":"Point","coordinates":[-119.4,55.7]},"properties":{"r":1.37,"w":32,"o":67}},{"type":"Feature","geometry":{"type":"Point","coordinates":[-119.3,55.7]},"properties":{"r":0.64,"w":12,"o":170}},{"type":"Feature","geometry":{"type":"Point","coordinates":[-119.2,55.7]},"properties":{"r":0.78,"w":18,"o":67}},{"type":"Feature","geometry":{"type":"Point","coordinates":[-119.1,55.7]},"properties":{"r":1.69,"w":38,"o":67}},{"type":"Feature","geometry":{"type":"Point","coordinates":[-119.0,55.7]},"properties":{"r":1.57,"w":35,"o":67}},{"type":"Feature","geometry":{"type":"Point","coordinates":[-118.9,55.7]},"properties":{"r":0.33,"w":6,"o":67}},{"type":"Feature","geometry":{"type":"Point","coordinates":[-118.8,55.7]},"properties":{"r":0.14,"w":8,"o":291}},{"type":"Feature","geometry":{"type":"Point","coordinates":[-118.7,55.7]},"properties":{"r":0.09,"w":12,"o":291}},{"type":"Feature","geometry":{"type":"Point","coordinates":[-118.0,55.7]},"properties":{"r":0.03,"w":1,"o":67}},{"type":"Feature","geometry":{"type":"Point","coordinates":[-117.9,55.7]},"properties":{"r":0.21,"w":7,"o":67}},{"type":"Feature","geometry":{"type":"Point","coordinates":[-117.8,55.7]},"properties":{"r":0.06,"w":1,"o":67}},{"type":"Feature","geometry":{"type":"Point","coordinates":[-117.5,55.7]},"properties":{"r":0.0,"w":1,"o":43}},{"type":"Feature","geometry":{"type":"Point","coordinates":[-117.2,55.7]},"properties":{"r":0.37,"w":26,"o":43}},{"type":"Feature","geometry":{"type":"Point","coordinates":[-117.1,55.7]},"properties":{"r":0.09,"w":3,"o":43}},{"type":"Feature","geometry":{"type":"Point","coordinates":[-117.0,55.7]},"properties":{"r":0.0,"w":2,"o":43}},{"type":"Feature","geometry":{"type":"Point","coordinates":[-116.4,55.7]},"properties":{"r":0.16,"w":5,"o":218}},{"type":"Feature","geometry":{"type":"Point","coordinates":[-116.3,55.7]},"properties":{"r":0.21,"w":9,"o":218}},{"type":"Feature","geometry":{"type":"Point","coordinates":[-115.5,55.7]},"properties":{"r":0.01,"w":2,"o":172}},{"type":"Feature","geometry":{"type":"Point","coordinates":[-115.4,55.7]},"properties":{"r":0.06,"w":6,"o":293}},{"type":"Feature","geometry":{"type":"Point","coordinates":[-115.3,55.7]},"properties":{"r":0.12,"w":11,"o":306}},{"type":"Feature","geometry":{"type":"Point","coordinates":[-115.2,55.7]},"properties":{"r":0.37,"w":14,"o":293}},{"type":"Feature","geometry":{"type":"Point","coordinates":[-115.1,55.7]},"properties":{"r":0.35,"w":13,"o":293}},{"type":"Feature","geometry":{"type":"Point","coordinates":[-115.0,55.7]},"properties":{"r":0.42,"w":31,"o":293}},{"type":"Feature","geometry":{"type":"Point","coordinates":[-114.9,55.7]},"properties":{"r":1.52,"w":44,"o":293}},{"type":"Feature","geometry":{"type":"Point","coordinates":[-114.8,55.7]},"properties":{"r":0.82,"w":22,"o":293}},{"type":"Feature","geometry":{"type":"Point","coordinates":[-114.3,55.7]},"properties":{"r":0.05,"w":2,"o":293}},{"type":"Feature","geometry":{"type":"Point","coordinates":[-113.8,55.7]},"properties":{"r":0.0,"w":2,"o":75}},{"type":"Feature","geometry":{"type":"Point","coordinates":[-113.4,55.7]},"properties":{"r":0.01,"w":1,"o":66}},{"type":"Feature","geometry":{"type":"Point","coordinates":[-112.7,55.7]},"properties":{"r":0.1,"w":2,"o":160}},{"type":"Feature","geometry":{"type":"Point","coordinates":[-112.6,55.7]},"properties":{"r":0.04,"w":1,"o":160}},{"type":"Feature","geometry":{"type":"Point","coordinates":[-112.5,55.7]},"properties":{"r":0.1,"w":2,"o":160}},{"type":"Feature","geometry":{"type":"Point","coordinates":[-112.4,55.7]},"properties":{"r":0.12,"w":4,"o":67}},{"type":"Feature","geometry":{"type":"Point","coordinates":[-112.3,55.7]},"properties":{"r":0.09,"w":1,"o":67}},{"type":"Feature","geometry":{"type":"Point","coordinates":[-112.1,55.7]},"properties":{"r":0.02,"w":1,"o":67}},{"type":"Feature","geometry":{"type":"Point","coordinates":[-112.0,55.7]},"properties":{"r":0.05,"w":1,"o":67}},{"type":"Feature","geometry":{"type":"Point","coordinates":[-111.9,55.7]},"properties":{"r":0.24,"w":5,"o":67}},{"type":"Feature","geometry":{"type":"Point","coordinates":[-111.8,55.7]},"properties":{"r":0.19,"w":4,"o":67}},{"type":"Feature","geometry":{"type":"Point","coordinates":[-111.3,55.7]},"properties":{"r":0.08,"w":1,"o":67}},{"type":"Feature","geometry":{"type":"Point","coordinates":[-111.2,55.7]},"properties":{"r":0.31,"w":4,"o":67}},{"type":"Feature","geometry":{"type":"Point","coordinates":[-111.1,55.7]},"properties":{"r":0.09,"w":1,"o":75}},{"type":"Feature","geometry":{"type":"Point","coordinates":[-111.0,55.7]},"properties":{"r":0.1,"w":2,"o":75}},{"type":"Feature","geometry":{"type":"Point","coordinates":[-110.9,55.7]},"properties":{"r":0.08,"w":1,"o":75}},{"type":"Feature","geometry":{"type":"Point","coordinates":[-110.8,55.7]},"properties":{"r":1.69,"w":50,"o":75}},{"type":"Feature","geometry":{"type":"Point","coordinates":[-110.7,55.7]},"properties":{"r":1.23,"w":47,"o":75}},{"type":"Feature","geometry":{"type":"Point","coordinates":[-110.6,55.7]},"properties":{"r":1.41,"w":33,"o":75}},{"type":"Feature","geometry":{"type":"Point","coordinates":[-120.0,55.8]},"properties":{"r":0.09,"w":1,"o":53}},{"type":"Feature","geometry":{"type":"Point","coordinates":[-119.9,55.8]},"properties":{"r":0.21,"w":6,"o":53}},{"type":"Feature","geometry":{"type":"Point","coordinates":[-119.8,55.8]},"properties":{"r":0.33,"w":21,"o":14}},{"type":"Feature","geometry":{"type":"Point","coordinates":[-119.7,55.8]},"properties":{"r":0.63,"w":18,"o":67}},{"type":"Feature","geometry":{"type":"Point","coordinates":[-119.6,55.8]},"properties":{"r":2.68,"w":57,"o":53}},{"type":"Feature","geometry":{"type":"Point","coordinates":[-119.5,55.8]},"properties":{"r":0.16,"w":4,"o":67}},{"type":"Feature","geometry":{"type":"Point","coordinates":[-119.4,55.8]},"properties":{"r":0.34,"w":8,"o":67}},{"type":"Feature","geometry":{"type":"Point","coordinates":[-119.3,55.8]},"properties":{"r":0.19,"w":11,"o":67}},{"type":"Feature","geometry":{"type":"Point","coordinates":[-119.2,55.8]},"properties":{"r":0.76,"w":49,"o":67}},{"type":"Feature","geometry":{"type":"Point","coordinates":[-119.1,55.8]},"properties":{"r":0.5,"w":35,"o":138}},{"type":"Feature","geometry":{"type":"Point","coordinates":[-119.0,55.8]},"properties":{"r":1.49,"w":44,"o":67}},{"type":"Feature","geometry":{"type":"Point","coordinates":[-118.9,55.8]},"properties":{"r":0.5,"w":9,"o":67}},{"type":"Feature","geometry":{"type":"Point","coordinates":[-118.2,55.8]},"properties":{"r":0.03,"w":1,"o":67}},{"type":"Feature","geometry":{"type":"Point","coordinates":[-118.1,55.8]},"properties":{"r":0.23,"w":6,"o":67}},{"type":"Feature","geometry":{"type":"Point","coordinates":[-117.9,55.8]},"properties":{"r":0.0,"w":1,"o":61}},{"type":"Feature","geometry":{"type":"Point","coordinates":[-117.8,55.8]},"properties":{"r":0.02,"w":2,"o":67}},{"type":"Feature","geometry":{"type":"Point","coordinates":[-117.4,55.8]},"properties":{"r":0.49,"w":9,"o":67}},{"type":"Feature","geometry":{"type":"Point","coordinates":[-117.3,55.8]},"properties":{"r":0.17,"w":3,"o":67}},{"type":"Feature","geometry":{"type":"Point","coordinates":[-117.2,55.8]},"properties":{"r":0.23,"w":21,"o":43}},{"type":"Feature","geometry":{"type":"Point","coordinates":[-117.1,55.8]},"properties":{"r":0.14,"w":10,"o":43}},{"type":"Feature","geometry":{"type":"Point","coordinates":[-117.0,55.8]},"properties":{"r":0.19,"w":8,"o":46}},{"type":"Feature","geometry":{"type":"Point","coordinates":[-116.6,55.8]},"properties":{"r":0.04,"w":3,"o":218}},{"type":"Feature","geometry":{"type":"Point","coordinates":[-116.5,55.8]},"properties":{"r":1.3,"w":35,"o":218}},{"type":"Feature","geometry":{"type":"Point","coordinates":[-116.4,55.8]},"properties":{"r":2.12,"w":48,"o":46}},{"type":"Feature","geometry":{"type":"Point","coordinates":[-116.3,55.8]},"properties":{"r":0.71,"w":23,"o":46}},{"type":"Feature","geometry":{"type":"Point","coordinates":[-115.9,55.8]},"properties":{"r":0.0,"w":1,"o":79}},{"type":"Feature","geometry":{"type":"Point","coordinates":[-115.8,55.8]},"properties":{"r":0.08,"w":1,"o":79}},{"type":"Feature","geometry":{"type":"Point","coordinates":[-115.6,55.8]},"properties":{"r":0.01,"w":2,"o":67}},{"type":"Feature","geometry":{"type":"Point","coordinates":[-115.5,55.8]},"properties":{"r":0.02,"w":12,"o":67}},{"type":"Feature","geometry":{"type":"Point","coordinates":[-115.4,55.8]},"properties":{"r":0.48,"w":27,"o":293}},{"type":"Feature","geometry":{"type":"Point","coordinates":[-115.3,55.8]},"properties":{"r":0.36,"w":18,"o":293}},{"type":"Feature","geometry":{"type":"Point","coordinates":[-115.2,55.8]},"properties":{"r":0.03,"w":1,"o":67}},{"type":"Feature","geometry":{"type":"Point","coordinates":[-115.1,55.8]},"properties":{"r":0.08,"w":11,"o":67}},{"type":"Feature","geometry":{"type":"Point","coordinates":[-114.1,55.8]},"properties":{"r":0.03,"w":3,"o":293}},{"type":"Feature","geometry":{"type":"Point","coordinates":[-114.0,55.8]},"properties":{"r":0.01,"w":1,"o":293}},{"type":"Feature","geometry":{"type":"Point","coordinates":[-113.9,55.8]},"properties":{"r":0.01,"w":1,"o":75}},{"type":"Feature","geometry":{"type":"Point","coordinates":[-113.8,55.8]},"properties":{"r":0.37,"w":14,"o":75}},{"type":"Feature","geometry":{"type":"Point","coordinates":[-113.7,55.8]},"properties":{"r":0.08,"w":7,"o":75}},{"type":"Feature","geometry":{"type":"Point","coordinates":[-113.5,55.8]},"properties":{"r":0.33,"w":5,"o":67}},{"type":"Feature","geometry":{"type":"Point","coordinates":[-113.4,55.8]},"properties":{"r":0.38,"w":14,"o":67}},{"type":"Feature","geometry":{"type":"Point","coordinates":[-113.3,55.8]},"properties":{"r":0.01,"w":4,"o":67}},{"type":"Feature","geometry":{"type":"Point","coordinates":[-112.6,55.8]},"properties":{"r":0.08,"w":2,"o":160}},{"type":"Feature","geometry":{"type":"Point","coordinates":[-112.5,55.8]},"properties":{"r":0.18,"w":4,"o":160}},{"type":"Feature","geometry":{"type":"Point","coordinates":[-112.4,55.8]},"properties":{"r":0.07,"w":1,"o":160}},{"type":"Feature","geometry":{"type":"Point","coordinates":[-112.0,55.8]},"properties":{"r":0.12,"w":2,"o":67}},{"type":"Feature","geometry":{"type":"Point","coordinates":[-111.6,55.8]},"properties":{"r":0.57,"w":8,"o":34}},{"type":"Feature","geometry":{"type":"Point","coordinates":[-111.5,55.8]},"properties":{"r":0.95,"w":42,"o":34}},{"type":"Feature","geometry":{"type":"Point","coordinates":[-111.1,55.8]},"properties":{"r":0.07,"w":2,"o":67}},{"type":"Feature","geometry":{"type":"Point","coordinates":[-110.9,55.8]},"properties":{"r":0.09,"w":1,"o":67}},{"type":"Feature","geometry":{"type":"Point","coordinates":[-110.8,55.8]},"properties":{"r":0.28,"w":7,"o":67}},{"type":"Feature","geometry":{"type":"Point","coordinates":[-120.0,55.9]},"properties":{"r":0.26,"w":6,"o":53}},{"type":"Feature","geometry":{"type":"Point","coordinates":[-119.9,55.9]},"properties":{"r":0.26,"w":7,"o":53}},{"type":"Feature","geometry":{"type":"Point","coordinates":[-119.8,55.9]},"properties":{"r":0.2,"w":4,"o":53}},{"type":"Feature","geometry":{"type":"Point","coordinates":[-119.7,55.9]},"properties":{"r":0.02,"w":1,"o":170}},{"type":"Feature","geometry":{"type":"Point","coordinates":[-119.5,55.9]},"properties":{"r":0.06,"w":1,"o":14}},{"type":"Feature","geometry":{"type":"Point","coordinates":[-119.4,55.9]},"properties":{"r":0.07,"w":2,"o":14}},{"type":"Feature","geometry":{"type":"Point","coordinates":[-119.3,55.9]},"properties":{"r":0.08,"w":1,"o":14}},{"type":"Feature","geometry":{"type":"Point","coordinates":[-119.2,55.9]},"properties":{"r":0.24,"w":6,"o":67}},{"type":"Feature","geometry":{"type":"Point","coordinates":[-119.1,55.9]},"properties":{"r":0.15,"w":7,"o":67}},{"type":"Feature","geometry":{"type":"Point","coordinates":[-119.0,55.9]},"properties":{"r":0.13,"w":3,"o":67}},{"type":"Feature","geometry":{"type":"Point","coordinates":[-118.5,55.9]},"properties":{"r":0.23,"w":3,"o":67}},{"type":"Feature","geometry":{"type":"Point","coordinates":[-118.4,55.9]},"properties":{"r":1.05,"w":17,"o":67}},{"type":"Feature","geometry":{"type":"Point","coordinates":[-118.3,55.9]},"properties":{"r":0.62,"w":10,"o":67}},{"type":"Feature","geometry":{"type":"Point","coordinates":[-117.6,55.9]},"properties":{"r":0.08,"w":1,"o":67}},{"type":"Feature","geometry":{"type":"Point","coordinates":[-117.5,55.9]},"properties":{"r":0.06,"w":3,"o":67}},{"type":"Feature","geometry":{"type":"Point","coordinates":[-117.4,55.9]},"properties":{"r":0.41,"w":12,"o":67}},{"type":"Feature","geometry":{"type":"Point","coordinates":[-117.1,55.9]},"properties":{"r":0.25,"w":10,"o":46}},{"type":"Feature","geometry":{"type":"Point","coordinates":[-117.0,55.9]},"properties":{"r":0.02,"w":2,"o":46}},{"type":"Feature","geometry":{"type":"Point","coordinates":[-116.9,55.9]},"properties":{"r":0.19,"w":3,"o":218}},{"type":"Feature","geometry":{"type":"Point","coordinates":[-116.6,55.9]},"properties":{"r":0.9,"w":26,"o":218}},{"type":"Feature","geometry":{"type":"Point","coordinates":[-116.5,55.9]},"properties":{"r":0.56,"w":13,"o":218}},{"type":"Feature","geometry":{"type":"Point","coordinates":[-116.4,55.9]},"properties":{"r":0.1,"w":3,"o":218}},{"type":"Feature","geometry":{"type":"Point","coordinates":[-116.0,55.9]},"properties":{"r":0.08,"w":3,"o":218}},{"type":"Feature","geometry":{"type":"Point","coordinates":[-115.9,55.9]},"properties":{"r":0.12,"w":2,"o":79}},{"type":"Feature","geometry":{"type":"Point","coordinates":[-115.8,55.9]},"properties":{"r":0.95,"w":24,"o":79}},{"type":"Feature","geometry":{"type":"Point","coordinates":[-115.7,55.9]},"properties":{"r":0.32,"w":12,"o":79}},{"type":"Feature","geometry":{"type":"Point","coordinates":[-115.4,55.9]},"properties":{"r":0.01,"w":1,"o":67}},{"type":"Feature","geometry":{"type":"Point","coordinates":[-115.3,55.9]},"properties":{"r":0.02,"w":2,"o":67}},{"type":"Feature","geometry":{"type":"Point","coordinates":[-115.2,55.9]},"properties":{"r":0.4,"w":15,"o":67}},{"type":"Feature","geometry":{"type":"Point","coordinates":[-115.1,55.9]},"properties":{"r":0.06,"w":12,"o":67}},{"type":"Feature","geometry":{"type":"Point","coordinates":[-114.3,55.9]},"properties":{"r":1.05,"w":35,"o":293}},{"type":"Feature","geometry":{"type":"Point","coordinates":[-114.2,55.9]},"properties":{"r":0.09,"w":8,"o":293}},{"type":"Feature","geometry":{"type":"Point","coordinates":[-114.1,55.9]},"properties":{"r":0.14,"w":7,"o":293}},{"type":"Feature","geometry":{"type":"Point","coordinates":[-114.0,55.9]},"properties":{"r":0.12,"w":5,"o":293}},{"type":"Feature","geometry":{"type":"Point","coordinates":[-113.6,55.9]},"properties":{"r":0.0,"w":1,"o":144}},{"type":"Feature","geometry":{"type":"Point","coordinates":[-113.5,55.9]},"properties":{"r":0.05,"w":7,"o":67}},{"type":"Feature","geometry":{"type":"Point","coordinates":[-113.4,55.9]},"properties":{"r":0.33,"w":30,"o":67}},{"type":"Feature","geometry":{"type":"Point","coordinates":[-113.3,55.9]},"properties":{"r":0.53,"w":69,"o":67}},{"type":"Feature","geometry":{"type":"Point","coordinates":[-113.2,55.9]},"properties":{"r":0.28,"w":58,"o":67}},{"type":"Feature","geometry":{"type":"Point","coordinates":[-113.1,55.9]},"properties":{"r":0.09,"w":8,"o":67}},{"type":"Feature","geometry":{"type":"Point","coordinates":[-111.0,55.9]},"properties":{"r":0.08,"w":1,"o":67}},{"type":"Feature","geometry":{"type":"Point","coordinates":[-110.9,55.9]},"properties":{"r":0.22,"w":4,"o":67}},{"type":"Feature","geometry":{"type":"Point","coordinates":[-110.8,55.9]},"properties":{"r":0.23,"w":4,"o":67}},{"type":"Feature","geometry":{"type":"Point","coordinates":[-119.9,56.0]},"properties":{"r":0.16,"w":4,"o":56}},{"type":"Feature","geometry":{"type":"Point","coordinates":[-119.8,56.0]},"properties":{"r":0.16,"w":6,"o":170}},{"type":"Feature","geometry":{"type":"Point","coordinates":[-119.6,56.0]},"properties":{"r":0.08,"w":6,"o":67}},{"type":"Feature","geometry":{"type":"Point","coordinates":[-119.5,56.0]},"properties":{"r":0.21,"w":4,"o":67}},{"type":"Feature","geometry":{"type":"Point","coordinates":[-119.2,56.0]},"properties":{"r":0.06,"w":1,"o":67}},{"type":"Feature","geometry":{"type":"Point","coordinates":[-119.1,56.0]},"properties":{"r":0.42,"w":6,"o":67}},{"type":"Feature","geometry":{"type":"Point","coordinates":[-119.0,56.0]},"properties":{"r":0.12,"w":3,"o":67}},{"type":"Feature","geometry":{"type":"Point","coordinates":[-118.6,56.0]},"properties":{"r":1.54,"w":23,"o":67}},{"type":"Feature","geometry":{"type":"Point","coordinates":[-118.5,56.0]},"properties":{"r":1.76,"w":26,"o":67}},{"type":"Feature","geometry":{"type":"Point","coordinates":[-118.4,56.0]},"properties":{"r":0.06,"w":3,"o":67}},{"type":"Feature","geometry":{"type":"Point","coordinates":[-117.9,56.0]},"properties":{"r":0.09,"w":4,"o":291}},{"type":"Feature","geometry":{"type":"Point","coordinates":[-117.8,56.0]},"properties":{"r":0.08,"w":5,"o":291}},{"type":"Feature","geometry":{"type":"Point","coordinates":[-117.7,56.0]},"properties":{"r":0.37,"w":14,"o":291}},{"type":"Feature","geometry":{"type":"Point","coordinates":[-117.6,56.0]},"properties":{"r":0.0,"w":2,"o":291}},{"type":"Feature","geometry":{"type":"Point","coordinates":[-116.9,56.0]},"properties":{"r":0.25,"w":4,"o":218}},{"type":"Feature","geometry":{"type":"Point","coordinates":[-116.8,56.0]},"properties":{"r":0.03,"w":1,"o":46}},{"type":"Feature","geometry":{"type":"Point","coordinates":[-116.6,56.0]},"properties":{"r":0.0,"w":1,"o":67}},{"type":"Feature","geometry":{"type":"Point","coordinates":[-116.5,56.0]},"properties":{"r":0.01,"w":1,"o":167}},{"type":"Feature","geometry":{"type":"Point","coordinates":[-116.4,56.0]},"properties":{"r":0.03,"w":1,"o":134}},{"type":"Feature","geometry":{"type":"Point","coordinates":[-116.3,56.0]},"properties":{"r":0.07,"w":1,"o":46}},{"type":"Feature","geometry":{"type":"Point","coordinates":[-116.0,56.0]},"properties":{"r":0.04,"w":10,"o":162}},{"type":"Feature","geometry":{"type":"Point","coordinates":[-115.9,56.0]},"properties":{"r":0.09,"w":15,"o":162}},{"type":"Feature","geometry":{"type":"Point","coordinates":[-115.3,56.0]},"properties":{"r":0.0,"w":1,"o":67}},{"type":"Feature","geometry":{"type":"Point","coordinates":[-115.2,56.0]},"properties":{"r":0.1,"w":8,"o":67}},{"type":"Feature","geometry":{"type":"Point","coordinates":[-115.0,56.0]},"properties":{"r":0.01,"w":1,"o":36}},{"type":"Feature","geometry":{"type":"Point","coordinates":[-114.3,56.0]},"properties":{"r":0.02,"w":1,"o":293}},{"type":"Feature","geometry":{"type":"Point","coordinates":[-114.2,56.0]},"properties":{"r":0.19,"w":6,"o":293}},{"type":"Feature","geometry":{"type":"Point","coordinates":[-113.6,56.0]},"properties":{"r":0.04,"w":12,"o":67}},{"type":"Feature","geometry":{"type":"Point","coordinates":[-113.5,56.0]},"properties":{"r":0.12,"w":42,"o":67}},{"type":"Feature","geometry":{"type":"Point","coordinates":[-113.4,56.0]},"properties":{"r":0.11,"w":25,"o":67}},{"type":"Feature","geometry":{"type":"Point","coordinates":[-113.3,56.0]},"properties":{"r":0.06,"w":30,"o":67}},{"type":"Feature","geometry":{"type":"Point","coordinates":[-113.2,56.0]},"properties":{"r":0.19,"w":70,"o":67}},{"type":"Feature","geometry":{"type":"Point","coordinates":[-113.1,56.0]},"properties":{"r":0.07,"w":36,"o":67}},{"type":"Feature","geometry":{"type":"Point","coordinates":[-120.0,56.1]},"properties":{"r":0.32,"w":6,"o":56}},{"type":"Feature","geometry":{"type":"Point","coordinates":[-119.9,56.1]},"properties":{"r":0.37,"w":12,"o":56}},{"type":"Feature","geometry":{"type":"Point","coordinates":[-119.7,56.1]},"properties":{"r":0.06,"w":19,"o":67}},{"type":"Feature","geometry":{"type":"Point","coordinates":[-119.6,56.1]},"properties":{"r":0.16,"w":6,"o":67}},{"type":"Feature","geometry":{"type":"Point","coordinates":[-119.5,56.1]},"properties":{"r":0.17,"w":7,"o":67}},{"type":"Feature","geometry":{"type":"Point","coordinates":[-119.4,56.1]},"properties":{"r":0.15,"w":3,"o":254}},{"type":"Feature","geometry":{"type":"Point","coordinates":[-119.2,56.1]},"properties":{"r":0.04,"w":1,"o":67}},{"type":"Feature","geometry":{"type":"Point","coordinates":[-119.1,56.1]},"properties":{"r":0.23,"w":5,"o":67}},{"type":"Feature","geometry":{"type":"Point","coordinates":[-119.0,56.1]},"properties":{"r":0.02,"w":2,"o":67}},{"type":"Feature","geometry":{"type":"Point","coordinates":[-118.6,56.1]},"properties":{"r":0.1,"w":2,"o":67}},{"type":"Feature","geometry":{"type":"Point","coordinates":[-116.8,56.1]},"properties":{"r":0.29,"w":4,"o":46}},{"type":"Feature","geometry":{"type":"Point","coordinates":[-116.7,56.1]},"properties":{"r":0.99,"w":20,"o":218}},{"type":"Feature","geometry":{"type":"Point","coordinates":[-116.6,56.1]},"properties":{"r":0.46,"w":8,"o":218}},{"type":"Feature","geometry":{"type":"Point","coordinates":[-116.5,56.1]},"properties":{"r":0.62,"w":10,"o":218}},{"type":"Feature","geometry":{"type":"Point","coordinates":[-116.4,56.1]},"properties":{"r":0.14,"w":4,"o":218}},{"type":"Feature","geometry":{"type":"Point","coordinates":[-116.3,56.1]},"properties":{"r":1.05,"w":32,"o":218}},{"type":"Feature","geometry":{"type":"Point","coordinates":[-116.2,56.1]},"properties":{"r":0.0,"w":1,"o":46}},{"type":"Feature","geometry":{"type":"Point","coordinates":[-116.1,56.1]},"properties":{"r":0.14,"w":14,"o":46}},{"type":"Feature","geometry":{"type":"Point","coordinates":[-116.0,56.1]},"properties":{"r":0.02,"w":2,"o":162}},{"type":"Feature","geometry":{"type":"Point","coordinates":[-115.9,56.1]},"properties":{"r":0.03,"w":6,"o":162}},{"type":"Feature","geometry":{"type":"Point","coordinates":[-115.8,56.1]},"properties":{"r":0.01,"w":1,"o":162}},{"type":"Feature","geometry":{"type":"Point","coordinates":[-115.6,56.1]},"properties":{"r":0.0,"w":2,"o":61}},{"type":"Feature","geometry":{"type":"Point","coordinates":[-113.8,56.1]},"properties":{"r":0.04,"w":1,"o":177}},{"type":"Feature","geometry":{"type":"Point","coordinates":[-113.6,56.1]},"properties":{"r":0.02,"w":14,"o":67}},{"type":"Feature","geometry":{"type":"Point","coordinates":[-113.5,56.1]},"properties":{"r":0.11,"w":64,"o":67}},{"type":"Feature","geometry":{"type":"Point","coordinates":[-113.4,56.1]},"properties":{"r":0.12,"w":66,"o":67}},{"type":"Feature","geometry":{"type":"Point","coordinates":[-113.3,56.1]},"properties":{"r":0.27,"w":73,"o":67}},{"type":"Feature","geometry":{"type":"Point","coordinates":[-113.2,56.1]},"properties":{"r":0.08,"w":39,"o":67}},{"type":"Feature","geometry":{"type":"Point","coordinates":[-113.1,56.1]},"properties":{"r":0.21,"w":105,"o":67}},{"type":"Feature","geometry":{"type":"Point","coordinates":[-113.0,56.1]},"properties":{"r":0.01,"w":10,"o":67}},{"type":"Feature","geometry":{"type":"Point","coordinates":[-112.9,56.1]},"properties":{"r":0.01,"w":6,"o":67}},{"type":"Feature","geometry":{"type":"Point","coordinates":[-112.4,56.1]},"properties":{"r":0.03,"w":1,"o":67}},{"type":"Feature","geometry":{"type":"Point","coordinates":[-112.3,56.1]},"properties":{"r":0.12,"w":2,"o":67}},{"type":"Feature","geometry":{"type":"Point","coordinates":[-112.2,56.1]},"properties":{"r":0.15,"w":5,"o":67}},{"type":"Feature","geometry":{"type":"Point","coordinates":[-112.1,56.1]},"properties":{"r":0.1,"w":3,"o":67}},{"type":"Feature","geometry":{"type":"Point","coordinates":[-111.8,56.1]},"properties":{"r":0.58,"w":15,"o":84}},{"type":"Feature","geometry":{"type":"Point","coordinates":[-111.7,56.1]},"properties":{"r":0.85,"w":15,"o":84}},{"type":"Feature","geometry":{"type":"Point","coordinates":[-111.4,56.1]},"properties":{"r":0.18,"w":5,"o":136}},{"type":"Feature","geometry":{"type":"Point","coordinates":[-111.3,56.1]},"properties":{"r":0.09,"w":2,"o":136}},{"type":"Feature","geometry":{"type":"Point","coordinates":[-119.9,56.2]},"properties":{"r":0.02,"w":3,"o":340}},{"type":"Feature","geometry":{"type":"Point","coordinates":[-119.4,56.2]},"properties":{"r":0.03,"w":1,"o":67}},{"type":"Feature","geometry":{"type":"Point","coordinates":[-119.2,56.2]},"properties":{"r":0.49,"w":12,"o":67}},{"type":"Feature","geometry":{"type":"Point","coordinates":[-119.1,56.2]},"properties":{"r":0.39,"w":24,"o":291}},{"type":"Feature","geometry":{"type":"Point","coordinates":[-119.0,56.2]},"properties":{"r":0.27,"w":11,"o":291}},{"type":"Feature","geometry":{"type":"Point","coordinates":[-118.6,56.2]},"properties":{"r":0.08,"w":1,"o":276}},{"type":"Feature","geometry":{"type":"Point","coordinates":[-117.7,56.2]},"properties":{"r":0.05,"w":2,"o":244}},{"type":"Feature","geometry":{"type":"Point","coordinates":[-117.6,56.2]},"properties":{"r":0.7,"w":39,"o":244}},{"type":"Feature","geometry":{"type":"Point","coordinates":[-117.5,56.2]},"properties":{"r":0.02,"w":2,"o":244}},{"type":"Feature","geometry":{"type":"Point","coordinates":[-117.0,56.2]},"properties":{"r":0.17,"w":7,"o":218}},{"type":"Feature","geometry":{"type":"Point","coordinates":[-116.9,56.2]},"properties":{"r":0.47,"w":17,"o":46}},{"type":"Feature","geometry":{"type":"Point","coordinates":[-116.8,56.2]},"properties":{"r":1.48,"w":30,"o":218}},{"type":"Feature","geometry":{"type":"Point","coordinates":[-116.7,56.2]},"properties":{"r":1.51,"w":24,"o":218}},{"type":"Feature","geometry":{"type":"Point","coordinates":[-116.6,56.2]},"properties":{"r":0.2,"w":5,"o":218}},{"type":"Feature","geometry":{"type":"Point","coordinates":[-116.5,56.2]},"properties":{"r":0.02,"w":2,"o":218}},{"type":"Feature","geometry":{"type":"Point","coordinates":[-116.4,56.2]},"properties":{"r":0.01,"w":1,"o":144}},{"type":"Feature","geometry":{"type":"Point","coordinates":[-116.3,56.2]},"properties":{"r":1.14,"w":72,"o":46}},{"type":"Feature","geometry":{"type":"Point","coordinates":[-116.2,56.2]},"properties":{"r":0.29,"w":9,"o":46}},{"type":"Feature","geometry":{"type":"Point","coordinates":[-116.1,56.2]},"properties":{"r":0.62,"w":29,"o":46}},{"type":"Feature","geometry":{"type":"Point","coordinates":[-113.4,56.2]},"properties":{"r":0.0,"w":1,"o":67}},{"type":"Feature","geometry":{"type":"Point","coordinates":[-113.3,56.2]},"properties":{"r":0.01,"w":18,"o":67}},{"type":"Feature","geometry":{"type":"Point","coordinates":[-113.2,56.2]},"properties":{"r":0.01,"w":22,"o":67}},{"type":"Feature","geometry":{"type":"Point","coordinates":[-113.1,56.2]},"properties":{"r":0.04,"w":32,"o":67}},{"type":"Feature","geometry":{"type":"Point","coordinates":[-113.0,56.2]},"properties":{"r":0.03,"w":52,"o":67}},{"type":"Feature","geometry":{"type":"Point","coordinates":[-112.9,56.2]},"properties":{"r":0.21,"w":59,"o":67}},{"type":"Feature","geometry":{"type":"Point","coordinates":[-112.8,56.2]},"properties":{"r":0.19,"w":72,"o":67}},{"type":"Feature","geometry":{"type":"Point","coordinates":[-112.4,56.2]},"properties":{"r":0.09,"w":1,"o":67}},{"type":"Feature","geometry":{"type":"Point","coordinates":[-112.2,56.2]},"properties":{"r":0.09,"w":2,"o":67}},{"type":"Feature","geometry":{"type":"Point","coordinates":[-112.1,56.2]},"properties":{"r":0.08,"w":2,"o":67}},{"type":"Feature","geometry":{"type":"Point","coordinates":[-112.0,56.2]},"properties":{"r":0.05,"w":1,"o":67}},{"type":"Feature","geometry":{"type":"Point","coordinates":[-111.4,56.2]},"properties":{"r":0.13,"w":3,"o":136}},{"type":"Feature","geometry":{"type":"Point","coordinates":[-111.3,56.2]},"properties":{"r":0.08,"w":2,"o":136}},{"type":"Feature","geometry":{"type":"Point","coordinates":[-111.2,56.2]},"properties":{"r":0.02,"w":1,"o":136}},{"type":"Feature","geometry":{"type":"Point","coordinates":[-111.1,56.2]},"properties":{"r":0.06,"w":1,"o":136}},{"type":"Feature","geometry":{"type":"Point","coordinates":[-111.0,56.2]},"properties":{"r":1.75,"w":54,"o":85}},{"type":"Feature","geometry":{"type":"Point","coordinates":[-110.9,56.2]},"properties":{"r":1.57,"w":39,"o":85}},{"type":"Feature","geometry":{"type":"Point","coordinates":[-110.8,56.2]},"properties":{"r":4.03,"w":91,"o":85}},{"type":"Feature","geometry":{"type":"Point","coordinates":[-120.0,56.3]},"properties":{"r":0.15,"w":8,"o":340}},{"type":"Feature","geometry":{"type":"Point","coordinates":[-119.9,56.3]},"properties":{"r":0.31,"w":28,"o":340}},{"type":"Feature","geometry":{"type":"Point","coordinates":[-119.8,56.3]},"properties":{"r":0.15,"w":7,"o":113}},{"type":"Feature","geometry":{"type":"Point","coordinates":[-119.6,56.3]},"properties":{"r":0.04,"w":2,"o":113}},{"type":"Feature","geometry":{"type":"Point","coordinates":[-119.5,56.3]},"properties":{"r":0.01,"w":1,"o":113}},{"type":"Feature","geometry":{"type":"Point","coordinates":[-119.4,56.3]},"properties":{"r":0.04,"w":2,"o":113}},{"type":"Feature","geometry":{"type":"Point","coordinates":[-119.2,56.3]},"properties":{"r":0.07,"w":1,"o":322}},{"type":"Feature","geometry":{"type":"Point","coordinates":[-119.1,56.3]},"properties":{"r":0.98,"w":45,"o":67}},{"type":"Feature","geometry":{"type":"Point","coordinates":[-119.0,56.3]},"properties":{"r":0.23,"w":7,"o":291}},{"type":"Feature","geometry":{"type":"Point","coordinates":[-118.1,56.3]},"properties":{"r":0.0,"w":1,"o":291}},{"type":"Feature","geometry":{"type":"Point","coordinates":[-118.0,56.3]},"properties":{"r":0.1,"w":5,"o":244}},{"type":"Feature","geometry":{"type":"Point","coordinates":[-117.8,56.3]},"properties":{"r":0.09,"w":3,"o":244}},{"type":"Feature","geometry":{"type":"Point","coordinates":[-117.6,56.3]},"properties":{"r":0.09,"w":4,"o":244}},{"type":"Feature","geometry":{"type":"Point","coordinates":[-116.9,56.3]},"properties":{"r":1.82,"w":37,"o":46}},{"type":"Feature","geometry":{"type":"Point","coordinates":[-116.8,56.3]},"properties":{"r":3.69,"w":87,"o":46}},{"type":"Feature","geometry":{"type":"Point","coordinates":[-116.7,56.3]},"properties":{"r":2.69,"w":43,"o":46}},{"type":"Feature","geometry":{"type":"Point","coordinates":[-116.6,56.3]},"properties":{"r":4.41,"w":102,"o":67}},{"type":"Feature","geometry":{"type":"Point","coordinates":[-116.5,56.3]},"properties":{"r":1.0,"w":30,"o":67}},{"type":"Feature","geometry":{"type":"Point","coordinates":[-116.3,56.3]},"properties":{"r":0.31,"w":8,"o":46}},{"type":"Feature","geometry":{"type":"Point","coordinates":[-116.2,56.3]},"properties":{"r":0.25,"w":6,"o":46}},{"type":"Feature","geometry":{"type":"Point","coordinates":[-115.4,56.3]},"properties":{"r":0.01,"w":5,"o":73}},{"type":"Feature","geometry":{"type":"Point","coordinates":[-115.3,56.3]},"properties":{"r":0.01,"w":3,"o":73}},{"type":"Feature","geometry":{"type":"Point","coordinates":[-113.9,56.3]},"properties":{"r":0.25,"w":10,"o":67}},{"type":"Feature","geometry":{"type":"Point","coordinates":[-113.8,56.3]},"properties":{"r":0.05,"w":3,"o":67}},{"type":"Feature","geometry":{"type":"Point","coordinates":[-111.7,56.3]},"properties":{"r":0.23,"w":27,"o":136}},{"type":"Feature","geometry":{"type":"Point","coordinates":[-111.6,56.3]},"properties":{"r":0.48,"w":22,"o":136}},{"type":"Feature","geometry":{"type":"Point","coordinates":[-111.5,56.3]},"properties":{"r":0.26,"w":5,"o":136}},{"type":"Feature","geometry":{"type":"Point","coordinates":[-111.4,56.3]},"properties":{"r":0.22,"w":4,"o":136}},{"type":"Feature","geometry":{"type":"Point","coordinates":[-111.2,56.3]},"properties":{"r":0.21,"w":5,"o":136}},{"type":"Feature","geometry":{"type":"Point","coordinates":[-111.1,56.3]},"properties":{"r":0.08,"w":2,"o":136}},{"type":"Feature","geometry":{"type":"Point","coordinates":[-111.0,56.3]},"properties":{"r":0.49,"w":38,"o":80}},{"type":"Feature","geometry":{"type":"Point","coordinates":[-110.9,56.3]},"properties":{"r":0.34,"w":8,"o":85}},{"type":"Feature","geometry":{"type":"Point","coordinates":[-120.0,56.4]},"properties":{"r":0.02,"w":2,"o":113}},{"type":"Feature","geometry":{"type":"Point","coordinates":[-119.9,56.4]},"properties":{"r":0.45,"w":16,"o":262}},{"type":"Feature","geometry":{"type":"Point","coordinates":[-119.8,56.4]},"properties":{"r":0.16,"w":10,"o":67}},{"type":"Feature","geometry":{"type":"Point","coordinates":[-117.8,56.4]},"properties":{"r":0.17,"w":7,"o":244}},{"type":"Feature","geometry":{"type":"Point","coordinates":[-117.7,56.4]},"properties":{"r":0.24,"w":19,"o":244}},{"type":"Feature","geometry":{"type":"Point","coordinates":[-117.1,56.4]},"properties":{"r":0.21,"w":5,"o":46}},{"type":"Feature","geometry":{"type":"Point","coordinates":[-117.0,56.4]},"properties":{"r":0.08,"w":1,"o":46}},{"type":"Feature","geometry":{"type":"Point","coordinates":[-116.9,56.4]},"properties":{"r":0.64,"w":18,"o":67}},{"type":"Feature","geometry":{"type":"Point","coordinates":[-116.8,56.4]},"properties":{"r":0.71,"w":34,"o":67}},{"type":"Feature","geometry":{"type":"Point","coordinates":[-116.7,56.4]},"properties":{"r":0.03,"w":1,"o":46}},{"type":"Feature","geometry":{"type":"Point","coordinates":[-116.6,56.4]},"properties":{"r":0.04,"w":2,"o":67}},{"type":"Feature","geometry":{"type":"Point","coordinates":[-116.5,56.4]},"properties":{"r":0.15,"w":3,"o":218}},{"type":"Feature","geometry":{"type":"Point","coordinates":[-116.4,56.4]},"properties":{"r":0.01,"w":1,"o":218}},{"type":"Feature","geometry":{"type":"Point","coordinates":[-116.3,56.4]},"properties":{"r":0.11,"w":3,"o":46}},{"type":"Feature","geometry":{"type":"Point","coordinates":[-116.2,56.4]},"properties":{"r":0.0,"w":1,"o":137}},{"type":"Feature","geometry":{"type":"Point","coordinates":[-115.9,56.4]},"properties":{"r":0.01,"w":3,"o":291}},{"type":"Feature","geometry":{"type":"Point","coordinates":[-115.7,56.4]},"properties":{"r":0.0,"w":1,"o":64}},{"type":"Feature","geometry":{"type":"Point","coordinates":[-115.4,56.4]},"properties":{"r":0.02,"w":9,"o":73}},{"type":"Feature","geometry":{"type":"Point","coordinates":[-115.3,56.4]},"properties":{"r":0.0,"w":1,"o":73}},{"type":"Feature","geometry":{"type":"Point","coordinates":[-113.6,56.4]},"properties":{"r":0.0,"w":1,"o":67}},{"type":"Feature","geometry":{"type":"Point","coordinates":[-111.8,56.4]},"properties":{"r":0.01,"w":9,"o":137}},{"type":"Feature","geometry":{"type":"Point","coordinates":[-111.0,56.4]},"properties":{"r":1.94,"w":94,"o":80}},{"type":"Feature","geometry":{"type":"Point","coordinates":[-110.9,56.4]},"properties":{"r":0.75,"w":59,"o":80}},{"type":"Feature","geometry":{"type":"Point","coordinates":[-120.0,56.5]},"properties":{"r":0.12,"w":5,"o":113}},{"type":"Feature","geometry":{"type":"Point","coordinates":[-119.4,56.5]},"properties":{"r":0.17,"w":14,"o":113}},{"type":"Feature","geometry":{"type":"Point","coordinates":[-119.3,56.5]},"properties":{"r":0.18,"w":18,"o":113}},{"type":"Feature","geometry":{"type":"Point","coordinates":[-119.1,56.5]},"properties":{"r":0.13,"w":2,"o":67}},{"type":"Feature","geometry":{"type":"Point","coordinates":[-118.1,56.5]},"properties":{"r":0.01,"w":6,"o":105}},{"type":"Feature","geometry":{"type":"Point","coordinates":[-118.0,56.5]},"properties":{"r":0.15,"w":50,"o":105}},{"type":"Feature","geometry":{"type":"Point","coordinates":[-117.9,56.5]},"properties":{"r":0.04,"w":33,"o":105}},{"type":"Feature","geometry":{"type":"Point","coordinates":[-116.6,56.5]},"properties":{"r":0.03,"w":2,"o":293}},{"type":"Feature","geometry":{"type":"Point","coordinates":[-116.2,56.5]},"properties":{"r":0.03,"w":9,"o":291}},{"type":"Feature","geometry":{"type":"Point","coordinates":[-115.9,56.5]},"properties":{"r":0.02,"w":3,"o":326}},{"type":"Feature","geometry":{"type":"Point","coordinates":[-115.8,56.5]},"properties":{"r":0.01,"w":5,"o":326}},{"type":"Feature","geometry":{"type":"Point","coordinates":[-115.7,56.5]},"properties":{"r":0.14,"w":48,"o":326}},{"type":"Feature","geometry":{"type":"Point","coordinates":[-115.6,56.5]},"properties":{"r":0.08,"w":25,"o":291}},{"type":"Feature","geometry":{"type":"Point","coordinates":[-115.5,56.5]},"properties":{"r":0.0,"w":1,"o":291}},{"type":"Feature","geometry":{"type":"Point","coordinates":[-115.4,56.5]},"properties":{"r":0.19,"w":52,"o":291}},{"type":"Feature","geometry":{"type":"Point","coordinates":[-115.3,56.5]},"properties":{"r":0.03,"w":12,"o":291}},{"type":"Feature","geometry":{"type":"Point","coordinates":[-115.2,56.5]},"properties":{"r":0.01,"w":6,"o":301}},{"type":"Feature","geometry":{"type":"Point","coordinates":[-115.1,56.5]},"properties":{"r":0.04,"w":15,"o":301}},{"type":"Feature","geometry":{"type":"Point","coordinates":[-115.0,56.5]},"properties":{"r":0.02,"w":7,"o":67}},{"type":"Feature","geometry":{"type":"Point","coordinates":[-113.7,56.5]},"properties":{"r":0.08,"w":9,"o":67}},{"type":"Feature","geometry":{"type":"Point","coordinates":[-113.6,56.5]},"properties":{"r":0.03,"w":36,"o":67}},{"type":"Feature","geometry":{"type":"Point","coordinates":[-111.4,56.5]},"properties":{"r":0.36,"w":27,"o":34}},{"type":"Feature","geometry":{"type":"Point","coordinates":[-119.6,56.6]},"properties":{"r":0.31,"w":6,"o":113}},{"type":"Feature","geometry":{"type":"Point","coordinates":[-119.5,56.6]},"properties":{"r":0.57,"w":29,"o":113}},{"type":"Feature","geometry":{"type":"Point","coordinates":[-119.4,56.6]},"properties":{"r":1.5,"w":98,"o":113}},{"type":"Feature","geometry":{"type":"Point","coordinates":[-119.3,56.6]},"properties":{"r":0.09,"w":1,"o":113}},{"type":"Feature","geometry":{"type":"Point","coordinates":[-119.1,56.6]},"properties":{"r":0.13,"w":5,"o":67}},{"type":"Feature","geometry":{"type":"Point","coordinates":[-119.0,56.6]},"properties":{"r":0.38,"w":17,"o":67}},{"type":"Feature","geometry":{"type":"Point","coordinates":[-118.9,56.6]},"properties":{"r":0.03,"w":3,"o":73}},{"type":"Feature","geometry":{"type":"Point","coordinates":[-116.3,56.6]},"properties":{"r":0.66,"w":14,"o":293}},{"type":"Feature","geometry":{"type":"Point","coordinates":[-116.2,56.6]},"properties":{"r":0.03,"w":2,"o":293}},{"type":"Feature","geometry":{"type":"Point","coordinates":[-115.9,56.6]},"properties":{"r":0.01,"w":5,"o":326}},{"type":"Feature","geometry":{"type":"Point","coordinates":[-115.8,56.6]},"properties":{"r":0.25,"w":80,"o":326}},{"type":"Feature","geometry":{"type":"Point","coordinates":[-115.7,56.6]},"properties":{"r":0.08,"w":37,"o":326}},{"type":"Feature","geometry":{"type":"Point","coordinates":[-115.6,56.6]},"properties":{"r":0.02,"w":5,"o":326}},{"type":"Feature","geometry":{"type":"Point","coordinates":[-115.4,56.6]},"properties":{"r":0.0,"w":1,"o":291}},{"type":"Feature","geometry":{"type":"Point","coordinates":[-115.3,56.6]},"properties":{"r":0.03,"w":13,"o":301}},{"type":"Feature","geometry":{"type":"Point","coordinates":[-115.2,56.6]},"properties":{"r":0.02,"w":12,"o":301}},{"type":"Feature","geometry":{"type":"Point","coordinates":[-115.1,56.6]},"properties":{"r":0.02,"w":9,"o":67}},{"type":"Feature","geometry":{"type":"Point","coordinates":[-115.0,56.6]},"properties":{"r":0.01,"w":4,"o":67}},{"type":"Feature","geometry":{"type":"Point","coordinates":[-119.5,56.7]},"properties":{"r":0.07,"w":3,"o":113}},{"type":"Feature","geometry":{"type":"Point","coordinates":[-119.0,56.7]},"properties":{"r":0.0,"w":1,"o":22}},{"type":"Feature","geometry":{"type":"Point","coordinates":[-118.9,56.7]},"properties":{"r":0.05,"w":2,"o":22}},{"type":"Feature","geometry":{"type":"Point","coordinates":[-118.8,56.7]},"properties":{"r":0.03,"w":2,"o":22}},{"type":"Feature","geometry":{"type":"Point","coordinates":[-116.3,56.7]},"properties":{"r":0.08,"w":4,"o":293}},{"type":"Feature","geometry":{"type":"Point","coordinates":[-116.2,56.7]},"properties":{"r":0.03,"w":2,"o":293}},{"type":"Feature","geometry":{"type":"Point","coordinates":[-115.9,56.7]},"properties":{"r":0.0,"w":1,"o":326}},{"type":"Feature","geometry":{"type":"Point","coordinates":[-115.8,56.7]},"properties":{"r":0.0,"w":5,"o":301}},{"type":"Feature","geometry":{"type":"Point","coordinates":[-115.7,56.7]},"properties":{"r":0.03,"w":6,"o":301}},{"type":"Feature","geometry":{"type":"Point","coordinates":[-115.3,56.7]},"properties":{"r":0.03,"w":17,"o":301}},{"type":"Feature","geometry":{"type":"Point","coordinates":[-115.2,56.7]},"properties":{"r":0.02,"w":13,"o":301}},{"type":"Feature","geometry":{"type":"Point","coordinates":[-118.8,56.8]},"properties":{"r":0.05,"w":3,"o":22}},{"type":"Feature","geometry":{"type":"Point","coordinates":[-118.7,56.8]},"properties":{"r":0.13,"w":3,"o":22}},{"type":"Feature","geometry":{"type":"Point","coordinates":[-115.9,56.8]},"properties":{"r":0.0,"w":1,"o":301}},{"type":"Feature","geometry":{"type":"Point","coordinates":[-115.5,56.8]},"properties":{"r":0.0,"w":2,"o":67}},{"type":"Feature","geometry":{"type":"Point","coordinates":[-115.4,56.8]},"properties":{"r":0.0,"w":1,"o":67}},{"type":"Feature","geometry":{"type":"Point","coordinates":[-115.3,56.8]},"properties":{"r":0.06,"w":5,"o":67}},{"type":"Feature","geometry":{"type":"Point","coordinates":[-114.8,56.8]},"properties":{"r":0.01,"w":4,"o":81}},{"type":"Feature","geometry":{"type":"Point","coordinates":[-114.5,56.8]},"properties":{"r":0.0,"w":1,"o":3}},{"type":"Feature","geometry":{"type":"Point","coordinates":[-112.1,56.8]},"properties":{"r":0.89,"w":42,"o":233}},{"type":"Feature","geometry":{"type":"Point","coordinates":[-116.0,56.9]},"properties":{"r":0.02,"w":30,"o":301}},{"type":"Feature","geometry":{"type":"Point","coordinates":[-115.9,56.9]},"properties":{"r":0.05,"w":31,"o":301}},{"type":"Feature","geometry":{"type":"Point","coordinates":[-115.5,56.9]},"properties":{"r":0.0,"w":3,"o":67}},{"type":"Feature","geometry":{"type":"Point","coordinates":[-115.4,56.9]},"properties":{"r":0.09,"w":2,"o":67}},{"type":"Feature","geometry":{"type":"Point","coordinates":[-115.3,56.9]},"properties":{"r":0.04,"w":1,"o":67}},{"type":"Feature","geometry":{"type":"Point","coordinates":[-116.0,57.0]},"properties":{"r":0.0,"w":7,"o":301}},{"type":"Feature","geometry":{"type":"Point","coordinates":[-115.9,57.0]},"properties":{"r":0.01,"w":1,"o":301}},{"type":"Feature","geometry":{"type":"Point","coordinates":[-114.6,57.0]},"properties":{"r":0.0,"w":3,"o":3}},{"type":"Feature","geometry":{"type":"Point","coordinates":[-111.9,57.0]},"properties":{"r":0.09,"w":43,"o":299}},{"type":"Feature","geometry":{"type":"Point","coordinates":[-118.7,57.1]},"properties":{"r":0.01,"w":1,"o":12}},{"type":"Feature","geometry":{"type":"Point","coordinates":[-115.7,57.1]},"properties":{"r":0.05,"w":1,"o":67}},{"type":"Feature","geometry":{"type":"Point","coordinates":[-115.4,57.1]},"properties":{"r":0.07,"w":1,"o":67}},{"type":"Feature","geometry":{"type":"Point","coordinates":[-115.3,57.1]},"properties":{"r":0.04,"w":1,"o":67}},{"type":"Feature","geometry":{"type":"Point","coordinates":[-114.6,57.1]},"properties":{"r":0.0,"w":1,"o":3}},{"type":"Feature","geometry":{"type":"Point","coordinates":[-111.9,57.1]},"properties":{"r":0.1,"w":58,"o":299}},{"type":"Feature","geometry":{"type":"Point","coordinates":[-118.8,57.2]},"properties":{"r":0.29,"w":8,"o":12}},{"type":"Feature","geometry":{"type":"Point","coordinates":[-118.6,57.2]},"properties":{"r":0.15,"w":2,"o":67}},{"type":"Feature","geometry":{"type":"Point","coordinates":[-111.1,57.2]},"properties":{"r":1.06,"w":41,"o":75}},{"type":"Feature","geometry":{"type":"Point","coordinates":[-111.0,57.2]},"properties":{"r":1.55,"w":73,"o":299}},{"type":"Feature","geometry":{"type":"Point","coordinates":[-110.9,57.2]},"properties":{"r":4.08,"w":206,"o":299}},{"type":"Feature","geometry":{"type":"Point","coordinates":[-110.8,57.2]},"properties":{"r":1.59,"w":73,"o":299}},{"type":"Feature","geometry":{"type":"Point","coordinates":[-119.9,57.3]},"properties":{"r":0.27,"w":4,"o":67}},{"type":"Feature","geometry":{"type":"Point","coordinates":[-119.8,57.3]},"properties":{"r":0.08,"w":2,"o":67}},{"type":"Feature","geometry":{"type":"Point","coordinates":[-119.7,57.3]},"properties":{"r":0.41,"w":9,"o":67}},{"type":"Feature","geometry":{"type":"Point","coordinates":[-119.6,57.3]},"properties":{"r":0.07,"w":2,"o":67}},{"type":"Feature","geometry":{"type":"Point","coordinates":[-118.7,57.3]},"properties":{"r":0.04,"w":2,"o":67}},{"type":"Feature","geometry":{"type":"Point","coordinates":[-118.6,57.3]},"properties":{"r":0.17,"w":3,"o":67}},{"type":"Feature","geometry":{"type":"Point","coordinates":[-118.4,57.3]},"properties":{"r":0.13,"w":2,"o":67}},{"type":"Feature","geometry":{"type":"Point","coordinates":[-118.3,57.3]},"properties":{"r":0.08,"w":1,"o":67}},{"type":"Feature","geometry":{"type":"Point","coordinates":[-114.7,57.3]},"properties":{"r":0.0,"w":2,"o":245}},{"type":"Feature","geometry":{"type":"Point","coordinates":[-111.1,57.3]},"properties":{"r":1.96,"w":64,"o":75}},{"type":"Feature","geometry":{"type":"Point","coordinates":[-111.0,57.3]},"properties":{"r":0.21,"w":8,"o":75}},{"type":"Feature","geometry":{"type":"Point","coordinates":[-110.9,57.3]},"properties":{"r":0.07,"w":5,"o":299}},{"type":"Feature","geometry":{"type":"Point","coordinates":[-119.9,57.4]},"properties":{"r":0.0,"w":1,"o":67}},{"type":"Feature","geometry":{"type":"Point","coordinates":[-119.8,57.4]},"properties":{"r":0.15,"w":2,"o":67}},{"type":"Feature","geometry":{"type":"Point","coordinates":[-119.7,57.4]},"properties":{"r":0.04,"w":2,"o":67}},{"type":"Feature","geometry":{"type":"Point","coordinates":[-119.6,57.4]},"properties":{"r":0.13,"w":2,"o":67}},{"type":"Feature","geometry":{"type":"Point","coordinates":[-119.4,57.4]},"properties":{"r":0.05,"w":1,"o":67}},{"type":"Feature","geometry":{"type":"Point","coordinates":[-119.3,57.4]},"properties":{"r":0.3,"w":4,"o":67}},{"type":"Feature","geometry":{"type":"Point","coordinates":[-119.0,57.4]},"properties":{"r":0.07,"w":1,"o":67}},{"type":"Feature","geometry":{"type":"Point","coordinates":[-118.7,57.4]},"properties":{"r":0.07,"w":1,"o":67}},{"type":"Feature","geometry":{"type":"Point","coordinates":[-118.6,57.4]},"properties":{"r":0.41,"w":8,"o":67}},{"type":"Feature","geometry":{"type":"Point","coordinates":[-118.5,57.4]},"properties":{"r":0.54,"w":8,"o":67}},{"type":"Feature","geometry":{"type":"Point","coordinates":[-118.4,57.4]},"properties":{"r":0.21,"w":3,"o":67}},{"type":"Feature","geometry":{"type":"Point","coordinates":[-118.3,57.4]},"properties":{"r":0.36,"w":4,"o":67}},{"type":"Feature","geometry":{"type":"Point","coordinates":[-114.6,57.4]},"properties":{"r":0.0,"w":2,"o":245}},{"type":"Feature","geometry":{"type":"Point","coordinates":[-113.8,57.4]},"properties":{"r":0.12,"w":2,"o":67}},{"type":"Feature","geometry":{"type":"Point","coordinates":[-119.9,57.5]},"properties":{"r":0.15,"w":2,"o":67}},{"type":"Feature","geometry":{"type":"Point","coordinates":[-119.8,57.5]},"properties":{"r":0.15,"w":2,"o":67}},{"type":"Feature","geometry":{"type":"Point","coordinates":[-119.7,57.5]},"properties":{"r":0.32,"w":5,"o":67}},{"type":"Feature","geometry":{"type":"Point","coordinates":[-119.6,57.5]},"properties":{"r":0.07,"w":1,"o":67}},{"type":"Feature","geometry":{"type":"Point","coordinates":[-119.3,57.5]},"properties":{"r":0.19,"w":4,"o":67}},{"type":"Feature","geometry":{"type":"Point","coordinates":[-119.2,57.5]},"properties":{"r":0.04,"w":1,"o":67}},{"type":"Feature","geometry":{"type":"Point","coordinates":[-119.1,57.5]},"properties":{"r":0.03,"w":1,"o":67}},{"type":"Feature","geometry":{"type":"Point","coordinates":[-113.9,57.5]},"properties":{"r":0.02,"w":2,"o":67}},{"type":"Feature","geometry":{"type":"Point","coordinates":[-113.8,57.5]},"properties":{"r":0.14,"w":2,"o":67}},{"type":"Feature","geometry":{"type":"Point","coordinates":[-119.9,57.6]},"properties":{"r":0.01,"w":2,"o":67}},{"type":"Feature","geometry":{"type":"Point","coordinates":[-119.8,57.6]},"properties":{"r":0.09,"w":4,"o":67}},{"type":"Feature","geometry":{"type":"Point","coordinates":[-119.7,57.6]},"properties":{"r":0.11,"w":2,"o":67}},{"type":"Feature","geometry":{"type":"Point","coordinates":[-120.0,57.7]},"properties":{"r":0.0,"w":2,"o":67}},{"type":"Feature","geometry":{"type":"Point","coordinates":[-119.9,57.7]},"properties":{"r":0.25,"w":6,"o":67}},{"type":"Feature","geometry":{"type":"Point","coordinates":[-119.8,57.7]},"properties":{"r":0.12,"w":5,"o":67}},{"type":"Feature","geometry":{"type":"Point","coordinates":[-119.7,57.7]},"properties":{"r":0.06,"w":1,"o":67}},{"type":"Feature","geometry":{"type":"Point","coordinates":[-118.5,57.7]},"properties":{"r":0.02,"w":1,"o":293}},{"type":"Feature","geometry":{"type":"Point","coordinates":[-114.0,57.7]},"properties":{"r":0.01,"w":1,"o":67}},{"type":"Feature","geometry":{"type":"Point","coordinates":[-120.0,57.8]},"properties":{"r":0.28,"w":5,"o":67}},{"type":"Feature","geometry":{"type":"Point","coordinates":[-119.5,58.3]},"properties":{"r":0.09,"w":2,"o":75}},{"type":"Feature","geometry":{"type":"Point","coordinates":[-119.4,58.4]},"properties":{"r":0.04,"w":2,"o":75}},{"type":"Feature","geometry":{"type":"Point","coordinates":[-119.3,58.4]},"properties":{"r":0.17,"w":7,"o":75}},{"type":"Feature","geometry":{"type":"Point","coordinates":[-119.3,58.5]},"properties":{"r":0.04,"w":5,"o":75}},{"type":"Feature","geometry":{"type":"Point","coordinates":[-119.2,58.5]},"properties":{"r":0.17,"w":7,"o":75}},{"type":"Feature","geometry":{"type":"Point","coordinates":[-119.1,58.5]},"properties":{"r":0.02,"w":3,"o":75}},{"type":"Feature","geometry":{"type":"Point","coordinates":[-119.0,58.5]},"properties":{"r":0.07,"w":1,"o":75}},{"type":"Feature","geometry":{"type":"Point","coordinates":[-118.7,58.5]},"properties":{"r":0.02,"w":2,"o":321}},{"type":"Feature","geometry":{"type":"Point","coordinates":[-118.6,58.5]},"properties":{"r":0.02,"w":2,"o":321}},{"type":"Feature","geometry":{"type":"Point","coordinates":[-119.9,58.6]},"properties":{"r":0.0,"w":1,"o":142}},{"type":"Feature","geometry":{"type":"Point","coordinates":[-119.5,58.6]},"properties":{"r":0.03,"w":1,"o":75}},{"type":"Feature","geometry":{"type":"Point","coordinates":[-119.4,58.6]},"properties":{"r":0.03,"w":2,"o":75}},{"type":"Feature","geometry":{"type":"Point","coordinates":[-119.3,58.6]},"properties":{"r":0.02,"w":1,"o":75}},{"type":"Feature","geometry":{"type":"Point","coordinates":[-119.2,58.6]},"properties":{"r":0.03,"w":2,"o":75}},{"type":"Feature","geometry":{"type":"Point","coordinates":[-119.1,58.6]},"properties":{"r":0.03,"w":6,"o":75}},{"type":"Feature","geometry":{"type":"Point","coordinates":[-119.0,58.6]},"properties":{"r":0.02,"w":2,"o":75}},{"type":"Feature","geometry":{"type":"Point","coordinates":[-118.9,58.6]},"properties":{"r":0.05,"w":3,"o":321}},{"type":"Feature","geometry":{"type":"Point","coordinates":[-118.8,58.6]},"properties":{"r":0.01,"w":1,"o":75}},{"type":"Feature","geometry":{"type":"Point","coordinates":[-118.9,58.7]},"properties":{"r":0.01,"w":2,"o":321}},{"type":"Feature","geometry":{"type":"Point","coordinates":[-118.8,58.7]},"properties":{"r":0.09,"w":8,"o":321}},{"type":"Feature","geometry":{"type":"Point","coordinates":[-118.8,58.9]},"properties":{"r":0.01,"w":1,"o":321}}]}