{"type":"FeatureCollection","features":[{"type":"Feature","geometry":{"type":"LineString","coordinates":[[-120.58582,50.69383],[-120.56857,50.68431],[-120.56411,50.67891],[-120.56326,50.6772],[-120.55886,50.67276],[-120.54534,50.66441],[-120.52855,50.66456]]},"properties":{"operator_group":"Other BC operator","is_key_operator":false,"tooltip_title":"FortisBC Energy Inc.","tooltip_line1":"FortisBC Energy Inc.","tooltip_line2":"Transmission \u00b7 5.6 km","tooltip_line3":"Project 000001003 seg 3 \u00b7 Active","tooltip_line4":"Authority: ERAA \u00b7 BCER permitted","tooltip_line5":"Post-2016 permits only \u2014 layer is partial","tooltip_line6":""}},{"type":"Feature","geometry":{"type":"LineString","coordinates":[[-118.37544,49.01658],[-118.3719,49.01763],[-118.35567,49.01789],[-118.35313,49.01891],[-118.34268,49.01693],[-118.32789,49.01286],[-118.30874,49.01314],[-118.30236,49.01241],[-118.29246,49.00988],[-118.26956,49.01002],[-118.26393,49.01108],[-118.25817,49.01122],[-118.25538,49.00941],[-118.25366,49.0106],[-118.21955,49.00788]]},"properties":{"operator_group":"Other BC operator","is_key_operator":false,"tooltip_title":"FortisBC Energy Inc.","tooltip_line1":"FortisBC Energy Inc.","tooltip_line2":"Transmission \u00b7 11.9 km","tooltip_line3":"Project 000001003 seg 19 \u00b7 Active","tooltip_line4":"Authority: ERAA \u00b7 BCER permitted","tooltip_line5":"Post-2016 permits only \u2014 layer is partial","tooltip_line6":""}},{"type":"Feature","geometry":{"type":"LineString","coordinates":[[-118.12771,49.01422],[-118.11021,49.01725],[-118.10084,49.01813],[-118.0687,49.01294],[-118.06062,49.01253],[-118.03974,49.01278],[-118.03539,49.01149],[-118.02037,49.01074],[-118.00463,49.01619],[-118.00056,49.01692],[-117.99518,49.01777],[-117.99286,49.01711],[-117.99108,49.01735],[-117.98218,49.02005],[-117.97217,49.02003],[-117.9695,49.01953],[-117.9642,49.02036],[-117.95571,49.0197],[-117.94346,49.01235],[-117.9401,49.00775],[-117.93975,49.00474],[-117.93607,49.0039],[-117.93167,49.00405],[-117.92758,49.007],[-117.91858,49.01056],[-117.91877,49.01347],[-117.91771,49.01665],[-117.91387,49.01994],[-117.90233,49.02312],[-117.89916,49.02593],[-117.89663,49.03152],[-117.87163,49.04526],[-117.87111,49.04672],[-117.84723,49.05929],[-117.84266,49.06549],[-117.84148,49.06587],[-117.83912,49.06816],[-117.82081,49.07522],[-117.81819,49.08068],[-117.81425,49.08583],[-117.81054,49.08705],[-117.80753,49.0887],[-117.80634,49.09455],[-117.80554,49.09613],[-117.80546,49.09994],[-117.80486,49.10258],[-117.80055,49.1085],[-117.79843,49.11244],[-117.79589,49.11463],[-117.79217,49.11637],[-117.78734,49.1195],[-117.78165,49.12092],[-117.77867,49.12331],[-117.76001,49.12815]]},"properties":{"operator_group":"Other BC operator","is_key_operator":false,"tooltip_title":"FortisBC Energy Inc.","tooltip_line1":"FortisBC Energy Inc.","tooltip_line2":"Transmission \u00b7 36.3 km","tooltip_line3":"Project 000001003 seg 20 \u00b7 Active","tooltip_line4":"Authority: ERAA \u00b7 BCER permitted","tooltip_line5":"Post-2016 permits only \u2014 layer is partial","tooltip_line6":""}},{"type":"Feature","geometry":{"type":"LineString","coordinates":[[-120.52742,50.6646],[-120.52552,50.66471],[-120.52225,50.66709],[-120.51223,50.66795],[-120.50956,50.66744],[-120.50801,50.66803],[-120.5031,50.667],[-120.47942,50.67161],[-120.41819,50.66665]]},"properties":{"operator_group":"Other BC operator","is_key_operator":false,"tooltip_title":"FortisBC Energy Inc.","tooltip_line1":"FortisBC Energy Inc.","tooltip_line2":"Transmission \u00b7 8.0 km","tooltip_line3":"Project 000001003 seg 111 \u00b7 Active","tooltip_line4":"Authority: ERAA \u00b7 BCER permitted","tooltip_line5":"Post-2016 permits only \u2014 layer is partial","tooltip_line6":""}},{"type":"Feature","geometry":{"type":"LineString","coordinates":[[-120.41552,50.66631],[-120.41084,50.66472],[-120.40957,50.66519],[-120.40465,50.66428]]},"properties":{"operator_group":"Other BC operator","is_key_operator":false,"tooltip_title":"FortisBC Energy Inc.","tooltip_line1":"FortisBC Energy Inc.","tooltip_line2":"Transmission \u00b7 0.9 km","tooltip_line3":"Project 000001003 seg 113 \u00b7 Active","tooltip_line4":"Authority: ERAA \u00b7 BCER permitted","tooltip_line5":"Post-2016 permits only \u2014 layer is partial","tooltip_line6":""}},{"type":"Feature","geometry":{"type":"LineString","coordinates":[[-118.21955,49.00788],[-118.21889,49.00783]]},"properties":{"operator_group":"Other BC operator","is_key_operator":false,"tooltip_title":"FortisBC Energy Inc.","tooltip_line1":"FortisBC Energy Inc.","tooltip_line2":"Transmission \u00b7 0.0 km","tooltip_line3":"Project 000001003 seg 115 \u00b7 Active","tooltip_line4":"Authority: ERAA \u00b7 BCER permitted","tooltip_line5":"Post-2016 permits only \u2014 layer is partial","tooltip_line6":""}},{"type":"Feature","geometry":{"type":"LineString","coordinates":[[-118.21891,49.0078],[-118.20533,49.0064],[-118.19772,49.00943],[-118.1784,49.00903]]},"properties":{"operator_group":"Other BC operator","is_key_operator":false,"tooltip_title":"FortisBC Energy Inc.","tooltip_line1":"FortisBC Energy Inc.","tooltip_line2":"Transmission \u00b7 3.2 km","tooltip_line3":"Project 000001003 seg 116 \u00b7 Active","tooltip_line4":"Authority: ERAA \u00b7 BCER permitted","tooltip_line5":"Post-2016 permits only \u2014 layer is partial","tooltip_line6":""}},{"type":"Feature","geometry":{"type":"LineString","coordinates":[[-118.21955,49.00788],[-118.21889,49.00783]]},"properties":{"operator_group":"Other BC operator","is_key_operator":false,"tooltip_title":"FortisBC Energy Inc.","tooltip_line1":"FortisBC Energy Inc.","tooltip_line2":"Transmission \u00b7 0.0 km","tooltip_line3":"Project 000001003 seg 117 \u00b7 New","tooltip_line4":"Authority: ERAA \u00b7 BCER permitted","tooltip_line5":"Post-2016 permits only \u2014 layer is partial","tooltip_line6":""}},{"type":"Feature","geometry":{"type":"LineString","coordinates":[[-120.40195,50.66352],[-120.40172,50.66334]]},"properties":{"operator_group":"Other BC operator","is_key_operator":false,"tooltip_title":"FortisBC Energy Inc.","tooltip_line1":"FortisBC Energy Inc.","tooltip_line2":"Transmission \u00b7 0.0 km","tooltip_line3":"Project 000001003 seg 119 \u00b7 Active","tooltip_line4":"Authority: ERAA \u00b7 BCER permitted","tooltip_line5":"Post-2016 permits only \u2014 layer is partial","tooltip_line6":""}},{"type":"Feature","geometry":{"type":"LineString","coordinates":[[-120.40465,50.66428],[-120.40195,50.66352]]},"properties":{"operator_group":"Other BC operator","is_key_operator":false,"tooltip_title":"FortisBC Energy Inc.","tooltip_line1":"FortisBC Energy Inc.","tooltip_line2":"Transmission \u00b7 0.2 km","tooltip_line3":"Project 000001003 seg 120 \u00b7 Active","tooltip_line4":"Authority: ERAA \u00b7 BCER permitted","tooltip_line5":"Post-2016 permits only \u2014 layer is partial","tooltip_line6":""}},{"type":"Feature","geometry":{"type":"LineString","coordinates":[[-118.1784,49.00903],[-118.17702,49.00865]]},"properties":{"operator_group":"Other BC operator","is_key_operator":false,"tooltip_title":"FortisBC Energy Inc.","tooltip_line1":"FortisBC Energy Inc.","tooltip_line2":"Transmission \u00b7 0.1 km","tooltip_line3":"Project 000001003 seg 121 \u00b7 Active","tooltip_line4":"Authority: ERAA \u00b7 BCER permitted","tooltip_line5":"Post-2016 permits only \u2014 layer is partial","tooltip_line6":""}},{"type":"Feature","geometry":{"type":"LineString","coordinates":[[-118.17702,49.00865],[-118.1606,49.00901],[-118.15927,49.00976],[-118.12773,49.01421]]},"properties":{"operator_group":"Other BC operator","is_key_operator":false,"tooltip_title":"FortisBC Energy Inc.","tooltip_line1":"FortisBC Energy Inc.","tooltip_line2":"Transmission \u00b7 3.8 km","tooltip_line3":"Project 000001003 seg 123 \u00b7 Active","tooltip_line4":"Authority: ERAA \u00b7 BCER permitted","tooltip_line5":"Post-2016 permits only \u2014 layer is partial","tooltip_line6":""}},{"type":"Feature","geometry":{"type":"LineString","coordinates":[[-122.62246,53.91565],[-122.62509,53.91569],[-122.62666,53.91635],[-122.63712,53.91539]]},"properties":{"operator_group":"Other BC operator","is_key_operator":false,"tooltip_title":"FortisBC Energy Inc.","tooltip_line1":"FortisBC Energy Inc.","tooltip_line2":"Transmission \u00b7 1.0 km","tooltip_line3":"Project 000001004 seg 1 \u00b7 Active","tooltip_line4":"Authority: ERAA \u00b7 BCER permitted","tooltip_line5":"Post-2016 permits only \u2014 layer is partial","tooltip_line6":""}},{"type":"Feature","geometry":{"type":"LineString","coordinates":[[-122.63712,53.91539],[-122.64498,53.91467]]},"properties":{"operator_group":"Other BC operator","is_key_operator":false,"tooltip_title":"FortisBC Energy Inc.","tooltip_line1":"FortisBC Energy Inc.","tooltip_line2":"Transmission \u00b7 0.5 km","tooltip_line3":"Project 000001004 seg 2 \u00b7 Active","tooltip_line4":"Authority: ERAA \u00b7 BCER permitted","tooltip_line5":"Post-2016 permits only \u2014 layer is partial","tooltip_line6":""}},{"type":"Feature","geometry":{"type":"LineString","coordinates":[[-122.64498,53.91467],[-122.66258,53.91333]]},"properties":{"operator_group":"Other BC operator","is_key_operator":false,"tooltip_title":"FortisBC Energy Inc.","tooltip_line1":"FortisBC Energy Inc.","tooltip_line2":"Transmission \u00b7 1.2 km","tooltip_line3":"Project 000001004 seg 3 \u00b7 Active","tooltip_line4":"Authority: ERAA \u00b7 BCER permitted","tooltip_line5":"Post-2016 permits only \u2014 layer is partial","tooltip_line6":""}},{"type":"Feature","geometry":{"type":"LineString","coordinates":[[-122.66258,53.91333],[-122.66938,53.91298],[-122.67387,53.91195]]},"properties":{"operator_group":"Other BC operator","is_key_operator":false,"tooltip_title":"FortisBC Energy Inc.","tooltip_line1":"FortisBC Energy Inc.","tooltip_line2":"Transmission \u00b7 0.8 km","tooltip_line3":"Project 000001004 seg 4 \u00b7 Active","tooltip_line4":"Authority: ERAA \u00b7 BCER permitted","tooltip_line5":"Post-2016 permits only \u2014 layer is partial","tooltip_line6":""}},{"type":"Feature","geometry":{"type":"LineString","coordinates":[[-122.67388,53.91195],[-122.6796,53.91082],[-122.68764,53.9125]]},"properties":{"operator_group":"Other BC operator","is_key_operator":false,"tooltip_title":"FortisBC Energy Inc.","tooltip_line1":"FortisBC Energy Inc.","tooltip_line2":"Transmission \u00b7 1.0 km","tooltip_line3":"Project 000001004 seg 5 \u00b7 Active","tooltip_line4":"Authority: ERAA \u00b7 BCER permitted","tooltip_line5":"Post-2016 permits only \u2014 layer is partial","tooltip_line6":""}},{"type":"Feature","geometry":{"type":"LineString","coordinates":[[-122.69122,53.91278],[-122.69124,53.91278]]},"properties":{"operator_group":"Other BC operator","is_key_operator":false,"tooltip_title":"FortisBC Energy Inc.","tooltip_line1":"FortisBC Energy Inc.","tooltip_line2":"Transmission \u00b7 0.0 km","tooltip_line3":"Project 000001004 seg 6 \u00b7 Active","tooltip_line4":"Authority: ERAA \u00b7 BCER permitted","tooltip_line5":"Post-2016 permits only \u2014 layer is partial","tooltip_line6":""}},{"type":"Feature","geometry":{"type":"LineString","coordinates":[[-122.62194,53.91567],[-122.62246,53.91565]]},"properties":{"operator_group":"Other BC operator","is_key_operator":false,"tooltip_title":"FortisBC Energy Inc.","tooltip_line1":"FortisBC Energy Inc.","tooltip_line2":"Transmission \u00b7 0.0 km","tooltip_line3":"Project 000001004 seg 10 \u00b7 Active","tooltip_line4":"Authority: ERAA \u00b7 BCER permitted","tooltip_line5":"Post-2016 permits only \u2014 layer is partial","tooltip_line6":""}},{"type":"Feature","geometry":{"type":"LineString","coordinates":[[-122.62226,53.91677],[-122.62246,53.91565]]},"properties":{"operator_group":"Other BC operator","is_key_operator":false,"tooltip_title":"FortisBC Energy Inc.","tooltip_line1":"FortisBC Energy Inc.","tooltip_line2":"Transmission \u00b7 0.1 km","tooltip_line3":"Project 000001004 seg 11 \u00b7 Active","tooltip_line4":"Authority: ERAA \u00b7 BCER permitted","tooltip_line5":"Post-2016 permits only \u2014 layer is partial","tooltip_line6":""}},{"type":"Feature","geometry":{"type":"LineString","coordinates":[[-122.68764,53.9125],[-122.69122,53.91278]]},"properties":{"operator_group":"Other BC operator","is_key_operator":false,"tooltip_title":"FortisBC Energy Inc.","tooltip_line1":"FortisBC Energy Inc.","tooltip_line2":"Transmission \u00b7 0.2 km","tooltip_line3":"Project 000001004 seg 12 \u00b7 Active","tooltip_line4":"Authority: ERAA \u00b7 BCER permitted","tooltip_line5":"Post-2016 permits only \u2014 layer is partial","tooltip_line6":""}},{"type":"Feature","geometry":{"type":"LineString","coordinates":[[-121.30371,51.65139],[-121.30371,51.65135]]},"properties":{"operator_group":"Other BC operator","is_key_operator":false,"tooltip_title":"FortisBC Energy Inc.","tooltip_line1":"FortisBC Energy Inc.","tooltip_line2":"Transmission \u00b7 0.0 km","tooltip_line3":"Project 000001019 seg 1 \u00b7 Active","tooltip_line4":"Authority: ERAA \u00b7 BCER permitted","tooltip_line5":"Post-2016 permits only \u2014 layer is partial","tooltip_line6":""}},{"type":"Feature","geometry":{"type":"LineString","coordinates":[[-120.29963,50.66086],[-120.30123,50.66363]]},"properties":{"operator_group":"Other BC operator","is_key_operator":false,"tooltip_title":"FortisBC Energy Inc.","tooltip_line1":"FortisBC Energy Inc.","tooltip_line2":"Transmission \u00b7 0.4 km","tooltip_line3":"Project 000001021 seg 1 \u00b7 Active","tooltip_line4":"Authority: ERAA \u00b7 BCER permitted","tooltip_line5":"Post-2016 permits only \u2014 layer is partial","tooltip_line6":""}},{"type":"Feature","geometry":{"type":"LineString","coordinates":[[-120.30123,50.66363],[-120.30234,50.66528],[-120.30225,50.66767],[-120.30278,50.67002]]},"properties":{"operator_group":"Other BC operator","is_key_operator":false,"tooltip_title":"FortisBC Energy Inc.","tooltip_line1":"FortisBC Energy Inc.","tooltip_line2":"Transmission \u00b7 0.7 km","tooltip_line3":"Project 000001021 seg 2 \u00b7 Active","tooltip_line4":"Authority: ERAA \u00b7 BCER permitted","tooltip_line5":"Post-2016 permits only \u2014 layer is partial","tooltip_line6":""}},{"type":"Feature","geometry":{"type":"LineString","coordinates":[[-123.0133,49.13966],[-123.01325,49.12731]]},"properties":{"operator_group":"Other BC operator","is_key_operator":false,"tooltip_title":"FortisBC Energy Inc.","tooltip_line1":"FortisBC Energy Inc.","tooltip_line2":"Transmission \u00b7 1.4 km","tooltip_line3":"Project 000001034 seg 3 \u00b7 Active","tooltip_line4":"Authority: ERAA \u00b7 BCER permitted","tooltip_line5":"Post-2016 permits only \u2014 layer is partial","tooltip_line6":""}},{"type":"Feature","geometry":{"type":"LineString","coordinates":[[-123.01325,49.12731],[-123.01278,49.1256],[-123.01283,49.11936],[-123.02362,49.11937],[-123.02377,49.10033]]},"properties":{"operator_group":"Other BC operator","is_key_operator":false,"tooltip_title":"FortisBC Energy Inc.","tooltip_line1":"FortisBC Energy Inc.","tooltip_line2":"Transmission \u00b7 3.8 km","tooltip_line3":"Project 000001034 seg 4 \u00b7 Active","tooltip_line4":"Authority: ERAA \u00b7 BCER permitted","tooltip_line5":"Post-2016 permits only \u2014 layer is partial","tooltip_line6":""}},{"type":"Feature","geometry":{"type":"LineString","coordinates":[[-123.02377,49.10033],[-123.02377,49.09646]]},"properties":{"operator_group":"Other BC operator","is_key_operator":false,"tooltip_title":"FortisBC Energy Inc.","tooltip_line1":"FortisBC Energy Inc.","tooltip_line2":"Transmission \u00b7 0.4 km","tooltip_line3":"Project 000001034 seg 5 \u00b7 Active","tooltip_line4":"Authority: ERAA \u00b7 BCER permitted","tooltip_line5":"Post-2016 permits only \u2014 layer is partial","tooltip_line6":""}},{"type":"Feature","geometry":{"type":"LineString","coordinates":[[-123.02377,49.09646],[-123.02365,49.09431]]},"properties":{"operator_group":"Other BC operator","is_key_operator":false,"tooltip_title":"FortisBC Energy Inc.","tooltip_line1":"FortisBC Energy Inc.","tooltip_line2":"Transmission \u00b7 0.3 km","tooltip_line3":"Project 000001034 seg 6 \u00b7 Active","tooltip_line4":"Authority: ERAA \u00b7 BCER permitted","tooltip_line5":"Post-2016 permits only \u2014 layer is partial","tooltip_line6":""}},{"type":"Feature","geometry":{"type":"LineString","coordinates":[[-123.02372,49.09881],[-123.0178,49.09837]]},"properties":{"operator_group":"Other BC operator","is_key_operator":false,"tooltip_title":"FortisBC Energy Inc.","tooltip_line1":"FortisBC Energy Inc.","tooltip_line2":"Transmission \u00b7 0.5 km","tooltip_line3":"Project 000001034 seg 7 \u00b7 Active","tooltip_line4":"Authority: ERAA \u00b7 BCER permitted","tooltip_line5":"Post-2016 permits only \u2014 layer is partial","tooltip_line6":""}},{"type":"Feature","geometry":{"type":"LineString","coordinates":[[-120.82206,50.74722],[-120.82039,50.75261]]},"properties":{"operator_group":"Other BC operator","is_key_operator":false,"tooltip_title":"FortisBC Energy Inc.","tooltip_line1":"FortisBC Energy Inc.","tooltip_line2":"Transmission \u00b7 0.6 km","tooltip_line3":"Project 000001035 seg 1 \u00b7 Active","tooltip_line4":"Authority: ERAA \u00b7 BCER permitted","tooltip_line5":"Post-2016 permits only \u2014 layer is partial","tooltip_line6":""}},{"type":"Feature","geometry":{"type":"LineString","coordinates":[[-120.82039,50.75261],[-120.81995,50.75438],[-120.81832,50.75574],[-120.81767,50.75829],[-120.81697,50.75847],[-120.81736,50.75905],[-120.81619,50.75952]]},"properties":{"operator_group":"Other BC operator","is_key_operator":false,"tooltip_title":"FortisBC Energy Inc.","tooltip_line1":"FortisBC Energy Inc.","tooltip_line2":"Transmission \u00b7 0.9 km","tooltip_line3":"Project 000001035 seg 2 \u00b7 Active","tooltip_line4":"Authority: ERAA \u00b7 BCER permitted","tooltip_line5":"Post-2016 permits only \u2014 layer is partial","tooltip_line6":""}},{"type":"Feature","geometry":{"type":"LineString","coordinates":[[-122.85936,49.16841],[-122.87856,49.16335],[-122.87893,49.163],[-122.87895,49.15872],[-122.89075,49.15886],[-122.8944,49.15745],[-122.92429,49.15773],[-122.92453,49.15179],[-122.93551,49.15179],[-122.93744,49.1489],[-122.94446,49.14756],[-122.95748,49.14752],[-122.96838,49.14676],[-122.98429,49.14679],[-122.99645,49.14246],[-123.00179,49.14244],[-123.01309,49.13969],[-123.01551,49.14402],[-123.01852,49.15664],[-123.01849,49.16815],[-123.04932,49.16821],[-123.04948,49.18842],[-123.05038,49.18843],[-123.05039,49.18926],[-123.05029,49.20218],[-123.04961,49.20213],[-123.0494,49.20549]]},"properties":{"operator_group":"Other BC operator","is_key_operator":false,"tooltip_title":"FortisBC Energy Inc.","tooltip_line1":"FortisBC Energy Inc.","tooltip_line2":"Transmission \u00b7 22.7 km","tooltip_line3":"Project 000001041 seg 1 \u00b7 Active","tooltip_line4":"Authority: ERAA \u00b7 BCER permitted","tooltip_line5":"Post-2016 permits only \u2014 layer is partial","tooltip_line6":""}},{"type":"Feature","geometry":{"type":"LineString","coordinates":[[-122.94301,49.14787],[-122.94283,49.14797]]},"properties":{"operator_group":"Other BC operator","is_key_operator":false,"tooltip_title":"FortisBC Energy Inc.","tooltip_line1":"FortisBC Energy Inc.","tooltip_line2":"Transmission \u00b7 0.0 km","tooltip_line3":"Project 000001041 seg 14 \u00b7 New","tooltip_line4":"Authority: ERAA \u00b7 BCER permitted","tooltip_line5":"Post-2016 permits only \u2014 layer is partial","tooltip_line6":""}},{"type":"Feature","geometry":{"type":"LineString","coordinates":[[-123.01342,49.14075],[-123.01541,49.14401],[-123.0186,49.15664],[-123.01857,49.16808],[-123.04939,49.16817],[-123.04955,49.18835],[-123.05046,49.18838],[-123.05013,49.20555]]},"properties":{"operator_group":"Other BC operator","is_key_operator":false,"tooltip_title":"FortisBC Energy Inc.","tooltip_line1":"FortisBC Energy Inc.","tooltip_line2":"Transmission \u00b7 9.6 km","tooltip_line3":"Project 000001042 seg 1 \u00b7 Active","tooltip_line4":"Authority: ERAA \u00b7 BCER permitted","tooltip_line5":"Post-2016 permits only \u2014 layer is partial","tooltip_line6":""}},{"type":"Feature","geometry":{"type":"LineString","coordinates":[[-123.01324,49.13988],[-123.01342,49.14075]]},"properties":{"operator_group":"Other BC operator","is_key_operator":false,"tooltip_title":"FortisBC Energy Inc.","tooltip_line1":"FortisBC Energy Inc.","tooltip_line2":"Transmission \u00b7 0.1 km","tooltip_line3":"Project 000001042 seg 8 \u00b7 Active","tooltip_line4":"Authority: ERAA \u00b7 BCER permitted","tooltip_line5":"Post-2016 permits only \u2014 layer is partial","tooltip_line6":""}},{"type":"Feature","geometry":{"type":"LineString","coordinates":[[-122.85936,49.16841],[-122.85902,49.16841]]},"properties":{"operator_group":"Other BC operator","is_key_operator":false,"tooltip_title":"FortisBC Energy Inc.","tooltip_line1":"FortisBC Energy Inc.","tooltip_line2":"Transmission \u00b7 0.0 km","tooltip_line3":"Project 000001047 seg 1 \u00b7 Active","tooltip_line4":"Authority: ERAA \u00b7 BCER permitted","tooltip_line5":"Post-2016 permits only \u2014 layer is partial","tooltip_line6":""}},{"type":"Feature","geometry":{"type":"LineString","coordinates":[[-122.85902,49.16841],[-122.85339,49.16847],[-122.83966,49.17189],[-122.83966,49.17253]]},"properties":{"operator_group":"Other BC operator","is_key_operator":false,"tooltip_title":"FortisBC Energy Inc.","tooltip_line1":"FortisBC Energy Inc.","tooltip_line2":"Transmission \u00b7 1.6 km","tooltip_line3":"Project 000001047 seg 2 \u00b7 Active","tooltip_line4":"Authority: ERAA \u00b7 BCER permitted","tooltip_line5":"Post-2016 permits only \u2014 layer is partial","tooltip_line6":""}},{"type":"Feature","geometry":{"type":"LineString","coordinates":[[-122.83966,49.17253],[-122.83956,49.17267]]},"properties":{"operator_group":"Other BC operator","is_key_operator":false,"tooltip_title":"FortisBC Energy Inc.","tooltip_line1":"FortisBC Energy Inc.","tooltip_line2":"Transmission \u00b7 0.0 km","tooltip_line3":"Project 000001047 seg 3 \u00b7 Active","tooltip_line4":"Authority: ERAA \u00b7 BCER permitted","tooltip_line5":"Post-2016 permits only \u2014 layer is partial","tooltip_line6":""}},{"type":"Feature","geometry":{"type":"LineString","coordinates":[[-122.83956,49.17269],[-122.83966,49.17272]]},"properties":{"operator_group":"Other BC operator","is_key_operator":false,"tooltip_title":"FortisBC Energy Inc.","tooltip_line1":"FortisBC Energy Inc.","tooltip_line2":"Transmission \u00b7 0.0 km","tooltip_line3":"Project 000001047 seg 4 \u00b7 Active","tooltip_line4":"Authority: ERAA \u00b7 BCER permitted","tooltip_line5":"Post-2016 permits only \u2014 layer is partial","tooltip_line6":""}},{"type":"Feature","geometry":{"type":"LineString","coordinates":[[-122.83966,49.17272],[-122.83966,49.17278]]},"properties":{"operator_group":"Other BC operator","is_key_operator":false,"tooltip_title":"FortisBC Energy Inc.","tooltip_line1":"FortisBC Energy Inc.","tooltip_line2":"Transmission \u00b7 0.0 km","tooltip_line3":"Project 000001047 seg 5 \u00b7 Active","tooltip_line4":"Authority: ERAA \u00b7 BCER permitted","tooltip_line5":"Post-2016 permits only \u2014 layer is partial","tooltip_line6":""}},{"type":"Feature","geometry":{"type":"LineString","coordinates":[[-122.83966,49.17278],[-122.83966,49.17284]]},"properties":{"operator_group":"Other BC operator","is_key_operator":false,"tooltip_title":"FortisBC Energy Inc.","tooltip_line1":"FortisBC Energy Inc.","tooltip_line2":"Transmission \u00b7 0.0 km","tooltip_line3":"Project 000001047 seg 6 \u00b7 Active","tooltip_line4":"Authority: ERAA \u00b7 BCER permitted","tooltip_line5":"Post-2016 permits only \u2014 layer is partial","tooltip_line6":""}},{"type":"Feature","geometry":{"type":"LineString","coordinates":[[-122.83966,49.17284],[-122.83948,49.17971],[-122.83665,49.1825],[-122.83579,49.18408]]},"properties":{"operator_group":"Other BC operator","is_key_operator":false,"tooltip_title":"FortisBC Energy Inc.","tooltip_line1":"FortisBC Energy Inc.","tooltip_line2":"Transmission \u00b7 1.3 km","tooltip_line3":"Project 000001047 seg 7 \u00b7 Active","tooltip_line4":"Authority: ERAA \u00b7 BCER permitted","tooltip_line5":"Post-2016 permits only \u2014 layer is partial","tooltip_line6":""}},{"type":"Feature","geometry":{"type":"LineString","coordinates":[[-122.83579,49.18408],[-122.83579,49.18409]]},"properties":{"operator_group":"Other BC operator","is_key_operator":false,"tooltip_title":"FortisBC Energy Inc.","tooltip_line1":"FortisBC Energy Inc.","tooltip_line2":"Transmission \u00b7 0.0 km","tooltip_line3":"Project 000001047 seg 8 \u00b7 Active","tooltip_line4":"Authority: ERAA \u00b7 BCER permitted","tooltip_line5":"Post-2016 permits only \u2014 layer is partial","tooltip_line6":""}},{"type":"Feature","geometry":{"type":"LineString","coordinates":[[-122.83579,49.18409],[-122.83482,49.18587],[-122.83469,49.1902],[-122.83229,49.19273],[-122.83225,49.19835]]},"properties":{"operator_group":"Other BC operator","is_key_operator":false,"tooltip_title":"FortisBC Energy Inc.","tooltip_line1":"FortisBC Energy Inc.","tooltip_line2":"Transmission \u00b7 1.6 km","tooltip_line3":"Project 000001047 seg 9 \u00b7 Active","tooltip_line4":"Authority: ERAA \u00b7 BCER permitted","tooltip_line5":"Post-2016 permits only \u2014 layer is partial","tooltip_line6":""}},{"type":"Feature","geometry":{"type":"LineString","coordinates":[[-122.83225,49.19835],[-122.83226,49.19862]]},"properties":{"operator_group":"Other BC operator","is_key_operator":false,"tooltip_title":"FortisBC Energy Inc.","tooltip_line1":"FortisBC Energy Inc.","tooltip_line2":"Transmission \u00b7 0.0 km","tooltip_line3":"Project 000001047 seg 12 \u00b7 Active","tooltip_line4":"Authority: ERAA \u00b7 BCER permitted","tooltip_line5":"Post-2016 permits only \u2014 layer is partial","tooltip_line6":""}},{"type":"Feature","geometry":{"type":"LineString","coordinates":[[-122.83226,49.19862],[-122.83234,49.20261],[-122.82846,49.20624]]},"properties":{"operator_group":"Other BC operator","is_key_operator":false,"tooltip_title":"FortisBC Energy Inc.","tooltip_line1":"FortisBC Energy Inc.","tooltip_line2":"Transmission \u00b7 0.9 km","tooltip_line3":"Project 000001047 seg 13 \u00b7 Active","tooltip_line4":"Authority: ERAA \u00b7 BCER permitted","tooltip_line5":"Post-2016 permits only \u2014 layer is partial","tooltip_line6":""}},{"type":"Feature","geometry":{"type":"LineString","coordinates":[[-122.82847,49.20624],[-122.82828,49.20641]]},"properties":{"operator_group":"Other BC operator","is_key_operator":false,"tooltip_title":"FortisBC Energy Inc.","tooltip_line1":"FortisBC Energy Inc.","tooltip_line2":"Transmission \u00b7 0.0 km","tooltip_line3":"Project 000001047 seg 14 \u00b7 Active","tooltip_line4":"Authority: ERAA \u00b7 BCER permitted","tooltip_line5":"Post-2016 permits only \u2014 layer is partial","tooltip_line6":""}},{"type":"Feature","geometry":{"type":"LineString","coordinates":[[-122.82828,49.20641],[-122.82561,49.2089],[-122.82419,49.21241],[-122.82403,49.21403]]},"properties":{"operator_group":"Other BC operator","is_key_operator":false,"tooltip_title":"FortisBC Energy Inc.","tooltip_line1":"FortisBC Energy Inc.","tooltip_line2":"Transmission \u00b7 0.9 km","tooltip_line3":"Project 000001047 seg 15 \u00b7 Active","tooltip_line4":"Authority: ERAA \u00b7 BCER permitted","tooltip_line5":"Post-2016 permits only \u2014 layer is partial","tooltip_line6":""}},{"type":"Feature","geometry":{"type":"LineString","coordinates":[[-122.82403,49.21403],[-122.82423,49.21415]]},"properties":{"operator_group":"Other BC operator","is_key_operator":false,"tooltip_title":"FortisBC Energy Inc.","tooltip_line1":"FortisBC Energy Inc.","tooltip_line2":"Transmission \u00b7 0.0 km","tooltip_line3":"Project 000001047 seg 16 \u00b7 Active","tooltip_line4":"Authority: ERAA \u00b7 BCER permitted","tooltip_line5":"Post-2016 permits only \u2014 layer is partial","tooltip_line6":""}},{"type":"Feature","geometry":{"type":"LineString","coordinates":[[-122.69005,49.23102],[-122.72452,49.24448],[-122.72781,49.24549],[-122.72854,49.24484],[-122.73566,49.24827],[-122.73569,49.24878],[-122.73818,49.24871],[-122.73898,49.24915],[-122.74235,49.24723],[-122.74768,49.24683],[-122.77502,49.25842],[-122.77516,49.2609],[-122.78442,49.26087],[-122.78957,49.26305],[-122.81532,49.26317],[-122.81658,49.26284]]},"properties":{"operator_group":"Other BC operator","is_key_operator":false,"tooltip_title":"FortisBC Energy Inc.","tooltip_line1":"FortisBC Energy Inc.","tooltip_line2":"Transmission \u00b7 10.8 km","tooltip_line3":"Project 000001048 seg 1 \u00b7 Active","tooltip_line4":"Authority: ERAA \u00b7 BCER permitted","tooltip_line5":"Post-2016 permits only \u2014 layer is partial","tooltip_line6":""}},{"type":"Feature","geometry":{"type":"LineString","coordinates":[[-122.58067,49.10198],[-122.57952,49.1021],[-122.57917,49.10503],[-122.57938,49.11164],[-122.57897,49.11191],[-122.57947,49.11427],[-122.57951,49.12666],[-122.57828,49.12795],[-122.5782,49.13146],[-122.57938,49.13239],[-122.57887,49.15378],[-122.59174,49.15394],[-122.59175,49.15667],[-122.59082,49.16424],[-122.58919,49.16991],[-122.58863,49.17039],[-122.5871,49.1698],[-122.58361,49.17239],[-122.5787,49.17921],[-122.57883,49.1798],[-122.57061,49.187],[-122.57484,49.1905],[-122.57892,49.19591],[-122.57901,49.19888],[-122.58228,49.2034],[-122.58737,49.20522],[-122.5877,49.20675],[-122.59031,49.20956],[-122.59045,49.21359],[-122.59321,49.21353],[-122.59315,49.22058],[-122.59539,49.22062],[-122.59503,49.22438],[-122.59755,49.2244],[-122.59753,49.22546],[-122.60333,49.2255]]},"properties":{"operator_group":"Other BC operator","is_key_operator":false,"tooltip_title":"FortisBC Energy Inc.","tooltip_line1":"FortisBC Energy Inc.","tooltip_line2":"Transmission \u00b7 16.9 km","tooltip_line3":"Project 000001049 seg 1 \u00b7 Active","tooltip_line4":"Authority: ERAA \u00b7 BCER permitted","tooltip_line5":"Post-2016 permits only \u2014 layer is partial","tooltip_line6":""}},{"type":"Feature","geometry":{"type":"LineString","coordinates":[[-122.66794,49.22311],[-122.66846,49.22259],[-122.67087,49.22342],[-122.69005,49.23102]]},"properties":{"operator_group":"Other BC operator","is_key_operator":false,"tooltip_title":"FortisBC Energy Inc.","tooltip_line1":"FortisBC Energy Inc.","tooltip_line2":"Transmission \u00b7 1.9 km","tooltip_line3":"Project 000001049 seg 5 \u00b7 Active","tooltip_line4":"Authority: ERAA \u00b7 BCER permitted","tooltip_line5":"Post-2016 permits only \u2014 layer is partial","tooltip_line6":""}},{"type":"Feature","geometry":{"type":"LineString","coordinates":[[-122.66794,49.22311],[-122.66559,49.22319]]},"properties":{"operator_group":"Other BC operator","is_key_operator":false,"tooltip_title":"FortisBC Energy Inc.","tooltip_line1":"FortisBC Energy Inc.","tooltip_line2":"Transmission \u00b7 0.2 km","tooltip_line3":"Project 000001049 seg 6 \u00b7 Active","tooltip_line4":"Authority: ERAA \u00b7 BCER permitted","tooltip_line5":"Post-2016 permits only \u2014 layer is partial","tooltip_line6":""}},{"type":"Feature","geometry":{"type":"LineString","coordinates":[[-122.6034,49.2255],[-122.60369,49.2255]]},"properties":{"operator_group":"Other BC operator","is_key_operator":false,"tooltip_title":"FortisBC Energy Inc.","tooltip_line1":"FortisBC Energy Inc.","tooltip_line2":"Transmission \u00b7 0.0 km","tooltip_line3":"Project 000001049 seg 7 \u00b7 Active","tooltip_line4":"Authority: ERAA \u00b7 BCER permitted","tooltip_line5":"Post-2016 permits only \u2014 layer is partial","tooltip_line6":""}},{"type":"Feature","geometry":{"type":"LineString","coordinates":[[-122.60376,49.2255],[-122.60944,49.22555],[-122.60952,49.22196],[-122.61756,49.22157],[-122.62935,49.22168],[-122.62955,49.2224],[-122.66412,49.2224],[-122.66416,49.22319],[-122.66559,49.22319]]},"properties":{"operator_group":"Other BC operator","is_key_operator":false,"tooltip_title":"FortisBC Energy Inc.","tooltip_line1":"FortisBC Energy Inc.","tooltip_line2":"Transmission \u00b7 5.1 km","tooltip_line3":"Project 000001049 seg 8 \u00b7 Active","tooltip_line4":"Authority: ERAA \u00b7 BCER permitted","tooltip_line5":"Post-2016 permits only \u2014 layer is partial","tooltip_line6":""}},{"type":"Feature","geometry":{"type":"LineString","coordinates":[[-122.60333,49.2255],[-122.60376,49.2255]]},"properties":{"operator_group":"Other BC operator","is_key_operator":false,"tooltip_title":"FortisBC Energy Inc.","tooltip_line1":"FortisBC Energy Inc.","tooltip_line2":"Transmission \u00b7 0.0 km","tooltip_line3":"Project 000001049 seg 9 \u00b7 Active","tooltip_line4":"Authority: ERAA \u00b7 BCER permitted","tooltip_line5":"Post-2016 permits only \u2014 layer is partial","tooltip_line6":""}},{"type":"Feature","geometry":{"type":"LineString","coordinates":[[-122.8165,49.26262],[-122.8165,49.26271]]},"properties":{"operator_group":"Other BC operator","is_key_operator":false,"tooltip_title":"FortisBC Energy Inc.","tooltip_line1":"FortisBC Energy Inc.","tooltip_line2":"Transmission \u00b7 0.0 km","tooltip_line3":"Project 000001055 seg 1 \u00b7 Active","tooltip_line4":"Authority: ERAA \u00b7 BCER permitted","tooltip_line5":"Post-2016 permits only \u2014 layer is partial","tooltip_line6":""}},{"type":"Feature","geometry":{"type":"LineString","coordinates":[[-122.8165,49.26271],[-122.81577,49.29474]]},"properties":{"operator_group":"Other BC operator","is_key_operator":false,"tooltip_title":"FortisBC Energy Inc.","tooltip_line1":"FortisBC Energy Inc.","tooltip_line2":"Transmission \u00b7 3.6 km","tooltip_line3":"Project 000001055 seg 2 \u00b7 Active","tooltip_line4":"Authority: ERAA \u00b7 BCER permitted","tooltip_line5":"Post-2016 permits only \u2014 layer is partial","tooltip_line6":""}},{"type":"Feature","geometry":{"type":"LineString","coordinates":[[-122.81577,49.29474],[-122.81576,49.29518],[-122.81649,49.29544]]},"properties":{"operator_group":"Other BC operator","is_key_operator":false,"tooltip_title":"FortisBC Energy Inc.","tooltip_line1":"FortisBC Energy Inc.","tooltip_line2":"Transmission \u00b7 0.1 km","tooltip_line3":"Project 000001055 seg 3 \u00b7 Active","tooltip_line4":"Authority: ERAA \u00b7 BCER permitted","tooltip_line5":"Post-2016 permits only \u2014 layer is partial","tooltip_line6":""}},{"type":"Feature","geometry":{"type":"LineString","coordinates":[[-122.81649,49.29544],[-122.81753,49.29629]]},"properties":{"operator_group":"Other BC operator","is_key_operator":false,"tooltip_title":"FortisBC Energy Inc.","tooltip_line1":"FortisBC Energy Inc.","tooltip_line2":"Transmission \u00b7 0.1 km","tooltip_line3":"Project 000001055 seg 4 \u00b7 Active","tooltip_line4":"Authority: ERAA \u00b7 BCER permitted","tooltip_line5":"Post-2016 permits only \u2014 layer is partial","tooltip_line6":""}},{"type":"Feature","geometry":{"type":"LineString","coordinates":[[-122.81753,49.29629],[-122.81784,49.29654]]},"properties":{"operator_group":"Other BC operator","is_key_operator":false,"tooltip_title":"FortisBC Energy Inc.","tooltip_line1":"FortisBC Energy Inc.","tooltip_line2":"Transmission \u00b7 0.0 km","tooltip_line3":"Project 000001055 seg 5 \u00b7 Active","tooltip_line4":"Authority: ERAA \u00b7 BCER permitted","tooltip_line5":"Post-2016 permits only \u2014 layer is partial","tooltip_line6":""}},{"type":"Feature","geometry":{"type":"LineString","coordinates":[[-122.81784,49.29654],[-122.8223,49.3002]]},"properties":{"operator_group":"Other BC operator","is_key_operator":false,"tooltip_title":"FortisBC Energy Inc.","tooltip_line1":"FortisBC Energy Inc.","tooltip_line2":"Transmission \u00b7 0.5 km","tooltip_line3":"Project 000001055 seg 6 \u00b7 Active","tooltip_line4":"Authority: ERAA \u00b7 BCER permitted","tooltip_line5":"Post-2016 permits only \u2014 layer is partial","tooltip_line6":""}},{"type":"Feature","geometry":{"type":"LineString","coordinates":[[-122.8223,49.3002],[-122.82255,49.30039]]},"properties":{"operator_group":"Other BC operator","is_key_operator":false,"tooltip_title":"FortisBC Energy Inc.","tooltip_line1":"FortisBC Energy Inc.","tooltip_line2":"Transmission \u00b7 0.0 km","tooltip_line3":"Project 000001055 seg 7 \u00b7 Active","tooltip_line4":"Authority: ERAA \u00b7 BCER permitted","tooltip_line5":"Post-2016 permits only \u2014 layer is partial","tooltip_line6":""}},{"type":"Feature","geometry":{"type":"LineString","coordinates":[[-122.82302,49.30055],[-122.8236,49.30056]]},"properties":{"operator_group":"Other BC operator","is_key_operator":false,"tooltip_title":"FortisBC Energy Inc.","tooltip_line1":"FortisBC Energy Inc.","tooltip_line2":"Transmission \u00b7 0.0 km","tooltip_line3":"Project 000001055 seg 8 \u00b7 Active","tooltip_line4":"Authority: ERAA \u00b7 BCER permitted","tooltip_line5":"Post-2016 permits only \u2014 layer is partial","tooltip_line6":""}},{"type":"Feature","geometry":{"type":"LineString","coordinates":[[-122.8236,49.30056],[-122.84207,49.30077],[-122.85127,49.30782],[-122.85127,49.31398],[-122.87656,49.31423],[-122.88982,49.31368],[-122.89021,49.31244],[-122.89372,49.30917],[-122.89409,49.30745],[-122.89337,49.30603]]},"properties":{"operator_group":"Other BC operator","is_key_operator":false,"tooltip_title":"FortisBC Energy Inc.","tooltip_line1":"FortisBC Energy Inc.","tooltip_line2":"Transmission \u00b7 6.8 km","tooltip_line3":"Project 000001055 seg 9 \u00b7 Active","tooltip_line4":"Authority: ERAA \u00b7 BCER permitted","tooltip_line5":"Post-2016 permits only \u2014 layer is partial","tooltip_line6":""}},{"type":"Feature","geometry":{"type":"LineString","coordinates":[[-122.89337,49.30603],[-122.89334,49.30596]]},"properties":{"operator_group":"Other BC operator","is_key_operator":false,"tooltip_title":"FortisBC Energy Inc.","tooltip_line1":"FortisBC Energy Inc.","tooltip_line2":"Transmission \u00b7 0.0 km","tooltip_line3":"Project 000001055 seg 10 \u00b7 Active","tooltip_line4":"Authority: ERAA \u00b7 BCER permitted","tooltip_line5":"Post-2016 permits only \u2014 layer is partial","tooltip_line6":""}},{"type":"Feature","geometry":{"type":"LineString","coordinates":[[-122.89334,49.30596],[-122.89203,49.30516],[-122.89225,49.3043],[-122.88989,49.30371],[-122.88876,49.30136],[-122.88666,49.30112],[-122.88642,49.30076],[-122.8869,49.30008]]},"properties":{"operator_group":"Other BC operator","is_key_operator":false,"tooltip_title":"FortisBC Energy Inc.","tooltip_line1":"FortisBC Energy Inc.","tooltip_line2":"Transmission \u00b7 1.0 km","tooltip_line3":"Project 000001055 seg 11 \u00b7 Active","tooltip_line4":"Authority: ERAA \u00b7 BCER permitted","tooltip_line5":"Post-2016 permits only \u2014 layer is partial","tooltip_line6":""}},{"type":"Feature","geometry":{"type":"LineString","coordinates":[[-122.8869,49.30008],[-122.88706,49.30001]]},"properties":{"operator_group":"Other BC operator","is_key_operator":false,"tooltip_title":"FortisBC Energy Inc.","tooltip_line1":"FortisBC Energy Inc.","tooltip_line2":"Transmission \u00b7 0.0 km","tooltip_line3":"Project 000001055 seg 12 \u00b7 Active","tooltip_line4":"Authority: ERAA \u00b7 BCER permitted","tooltip_line5":"Post-2016 permits only \u2014 layer is partial","tooltip_line6":""}},{"type":"Feature","geometry":{"type":"LineString","coordinates":[[-122.81755,49.29629],[-122.81779,49.29648]]},"properties":{"operator_group":"Other BC operator","is_key_operator":false,"tooltip_title":"FortisBC Energy Inc.","tooltip_line1":"FortisBC Energy Inc.","tooltip_line2":"Transmission \u00b7 0.0 km","tooltip_line3":"Project 000001055 seg 13 \u00b7 Active","tooltip_line4":"Authority: ERAA \u00b7 BCER permitted","tooltip_line5":"Post-2016 permits only \u2014 layer is partial","tooltip_line6":""}},{"type":"Feature","geometry":{"type":"LineString","coordinates":[[-122.82283,49.30056],[-122.82329,49.30056]]},"properties":{"operator_group":"Other BC operator","is_key_operator":false,"tooltip_title":"FortisBC Energy Inc.","tooltip_line1":"FortisBC Energy Inc.","tooltip_line2":"Transmission \u00b7 0.0 km","tooltip_line3":"Project 000001055 seg 14 \u00b7 Active","tooltip_line4":"Authority: ERAA \u00b7 BCER permitted","tooltip_line5":"Post-2016 permits only \u2014 layer is partial","tooltip_line6":""}},{"type":"Feature","geometry":{"type":"LineString","coordinates":[[-117.6654,49.31143],[-117.66807,49.31136]]},"properties":{"operator_group":"Other BC operator","is_key_operator":false,"tooltip_title":"FortisBC Energy Inc.","tooltip_line1":"FortisBC Energy Inc.","tooltip_line2":"Transmission \u00b7 0.2 km","tooltip_line3":"Project 000001059 seg 1 \u00b7 Active","tooltip_line4":"Authority: ERAA \u00b7 BCER permitted","tooltip_line5":"Post-2016 permits only \u2014 layer is partial","tooltip_line6":""}},{"type":"Feature","geometry":{"type":"LineString","coordinates":[[-117.66807,49.31136],[-117.6699,49.3159],[-117.6889,49.31978],[-117.70155,49.32657],[-117.71898,49.33088],[-117.72239,49.33123]]},"properties":{"operator_group":"Other BC operator","is_key_operator":false,"tooltip_title":"FortisBC Energy Inc.","tooltip_line1":"FortisBC Energy Inc.","tooltip_line2":"Transmission \u00b7 4.9 km","tooltip_line3":"Project 000001059 seg 2 \u00b7 Active","tooltip_line4":"Authority: ERAA \u00b7 BCER permitted","tooltip_line5":"Post-2016 permits only \u2014 layer is partial","tooltip_line6":""}},{"type":"Feature","geometry":{"type":"LineString","coordinates":[[-117.72239,49.33123],[-117.72763,49.33231],[-117.72944,49.33449]]},"properties":{"operator_group":"Other BC operator","is_key_operator":false,"tooltip_title":"FortisBC Energy Inc.","tooltip_line1":"FortisBC Energy Inc.","tooltip_line2":"Transmission \u00b7 0.7 km","tooltip_line3":"Project 000001059 seg 3 \u00b7 Active","tooltip_line4":"Authority: ERAA \u00b7 BCER permitted","tooltip_line5":"Post-2016 permits only \u2014 layer is partial","tooltip_line6":""}},{"type":"Feature","geometry":{"type":"LineString","coordinates":[[-122.22392,49.0031],[-122.22762,49.00467],[-122.26274,49.01499],[-122.26982,49.01635],[-122.27093,49.0183],[-122.27597,49.0199],[-122.28404,49.02046],[-122.31459,49.02933],[-122.32015,49.03023],[-122.32193,49.03172],[-122.33625,49.03681],[-122.37571,49.03894],[-122.37738,49.03926],[-122.3806,49.04113],[-122.38677,49.04135],[-122.39173,49.04394],[-122.40059,49.0467],[-122.42014,49.05486],[-122.42182,49.058],[-122.42477,49.05968],[-122.44612,49.06709],[-122.46203,49.07125],[-122.4696,49.07563],[-122.48231,49.07564],[-122.51307,49.08204],[-122.51921,49.08291],[-122.5316,49.08776],[-122.53763,49.08954],[-122.54196,49.09207],[-122.54849,49.09491],[-122.5551,49.09502],[-122.56075,49.09628],[-122.57404,49.10072],[-122.58074,49.10196]]},"properties":{"operator_group":"Other BC operator","is_key_operator":false,"tooltip_title":"FortisBC Energy Inc.","tooltip_line1":"FortisBC Energy Inc.","tooltip_line2":"Transmission \u00b7 29.1 km","tooltip_line3":"Project 000001064 seg 1 \u00b7 Active","tooltip_line4":"Authority: ERAA \u00b7 BCER permitted","tooltip_line5":"Post-2016 permits only \u2014 layer is partial","tooltip_line6":""}},{"type":"Feature","geometry":{"type":"LineString","coordinates":[[-122.68791,58.65053],[-122.68964,58.65134],[-122.69373,58.65162],[-122.69321,58.65762]]},"properties":{"operator_group":"Other BC operator","is_key_operator":false,"tooltip_title":"FortisBC Energy Inc.","tooltip_line1":"FortisBC Energy Inc.","tooltip_line2":"Transmission \u00b7 1.1 km","tooltip_line3":"Project 000001068 seg 9 \u00b7 Active","tooltip_line4":"Authority: ERAA \u00b7 BCER permitted","tooltip_line5":"Post-2016 permits only \u2014 layer is partial","tooltip_line6":""}},{"type":"Feature","geometry":{"type":"LineString","coordinates":[[-122.69321,58.65762],[-122.69402,58.66194],[-122.69575,58.66726],[-122.69998,58.67093],[-122.71311,58.678],[-122.716,58.68172],[-122.71671,58.68439],[-122.71659,58.68578],[-122.7173,58.68662],[-122.71571,58.69033],[-122.71514,58.69293],[-122.71569,58.69877],[-122.71271,58.70247],[-122.71121,58.70749],[-122.70373,58.71258],[-122.70052,58.71366],[-122.69874,58.71595]]},"properties":{"operator_group":"Other BC operator","is_key_operator":false,"tooltip_title":"FortisBC Energy Inc.","tooltip_line1":"FortisBC Energy Inc.","tooltip_line2":"Transmission \u00b7 7.2 km","tooltip_line3":"Project 000001068 seg 10 \u00b7 Active","tooltip_line4":"Authority: ERAA \u00b7 BCER permitted","tooltip_line5":"Post-2016 permits only \u2014 layer is partial","tooltip_line6":""}},{"type":"Feature","geometry":{"type":"LineString","coordinates":[[-122.69874,58.71595],[-122.69674,58.71796],[-122.68874,58.72908]]},"properties":{"operator_group":"Other BC operator","is_key_operator":false,"tooltip_title":"FortisBC Energy Inc.","tooltip_line1":"FortisBC Energy Inc.","tooltip_line2":"Transmission \u00b7 1.5 km","tooltip_line3":"Project 000001068 seg 11 \u00b7 Active","tooltip_line4":"Authority: ERAA \u00b7 BCER permitted","tooltip_line5":"Post-2016 permits only \u2014 layer is partial","tooltip_line6":""}},{"type":"Feature","geometry":{"type":"LineString","coordinates":[[-122.68874,58.72908],[-122.68265,58.73408],[-122.68046,58.73661]]},"properties":{"operator_group":"Other BC operator","is_key_operator":false,"tooltip_title":"FortisBC Energy Inc.","tooltip_line1":"FortisBC Energy Inc.","tooltip_line2":"Transmission \u00b7 1.0 km","tooltip_line3":"Project 000001068 seg 12 \u00b7 Active","tooltip_line4":"Authority: ERAA \u00b7 BCER permitted","tooltip_line5":"Post-2016 permits only \u2014 layer is partial","tooltip_line6":""}},{"type":"Feature","geometry":{"type":"LineString","coordinates":[[-122.68046,58.73661],[-122.67715,58.74927]]},"properties":{"operator_group":"Other BC operator","is_key_operator":false,"tooltip_title":"FortisBC Energy Inc.","tooltip_line1":"FortisBC Energy Inc.","tooltip_line2":"Transmission \u00b7 1.5 km","tooltip_line3":"Project 000001068 seg 13 \u00b7 Active","tooltip_line4":"Authority: ERAA \u00b7 BCER permitted","tooltip_line5":"Post-2016 permits only \u2014 layer is partial","tooltip_line6":""}},{"type":"Feature","geometry":{"type":"LineString","coordinates":[[-122.67715,58.74927],[-122.67586,58.75413]]},"properties":{"operator_group":"Other BC operator","is_key_operator":false,"tooltip_title":"FortisBC Energy Inc.","tooltip_line1":"FortisBC Energy Inc.","tooltip_line2":"Transmission \u00b7 0.6 km","tooltip_line3":"Project 000001068 seg 14 \u00b7 Active","tooltip_line4":"Authority: ERAA \u00b7 BCER permitted","tooltip_line5":"Post-2016 permits only \u2014 layer is partial","tooltip_line6":""}},{"type":"Feature","geometry":{"type":"LineString","coordinates":[[-122.67586,58.75413],[-122.67474,58.75857],[-122.6713,58.75841]]},"properties":{"operator_group":"Other BC operator","is_key_operator":false,"tooltip_title":"FortisBC Energy Inc.","tooltip_line1":"FortisBC Energy Inc.","tooltip_line2":"Transmission \u00b7 0.7 km","tooltip_line3":"Project 000001068 seg 15 \u00b7 Active","tooltip_line4":"Authority: ERAA \u00b7 BCER permitted","tooltip_line5":"Post-2016 permits only \u2014 layer is partial","tooltip_line6":""}},{"type":"Feature","geometry":{"type":"LineString","coordinates":[[-122.6713,58.75841],[-122.66658,58.75823]]},"properties":{"operator_group":"Other BC operator","is_key_operator":false,"tooltip_title":"FortisBC Energy Inc.","tooltip_line1":"FortisBC Energy Inc.","tooltip_line2":"Transmission \u00b7 0.3 km","tooltip_line3":"Project 000001068 seg 16 \u00b7 Active","tooltip_line4":"Authority: ERAA \u00b7 BCER permitted","tooltip_line5":"Post-2016 permits only \u2014 layer is partial","tooltip_line6":""}},{"type":"Feature","geometry":{"type":"LineString","coordinates":[[-122.66658,58.75823],[-122.667,58.75836],[-122.66515,58.76089]]},"properties":{"operator_group":"Other BC operator","is_key_operator":false,"tooltip_title":"FortisBC Energy Inc.","tooltip_line1":"FortisBC Energy Inc.","tooltip_line2":"Transmission \u00b7 0.2 km","tooltip_line3":"Project 000001068 seg 17 \u00b7 Active","tooltip_line4":"Authority: ERAA \u00b7 BCER permitted","tooltip_line5":"Post-2016 permits only \u2014 layer is partial","tooltip_line6":""}},{"type":"Feature","geometry":{"type":"LineString","coordinates":[[-122.66515,58.76089],[-122.65876,58.7696],[-122.65935,58.77573],[-122.65092,58.77606],[-122.65138,58.77816],[-122.65209,58.77895]]},"properties":{"operator_group":"Other BC operator","is_key_operator":false,"tooltip_title":"FortisBC Energy Inc.","tooltip_line1":"FortisBC Energy Inc.","tooltip_line2":"Transmission \u00b7 2.3 km","tooltip_line3":"Project 000001068 seg 18 \u00b7 Active","tooltip_line4":"Authority: ERAA \u00b7 BCER permitted","tooltip_line5":"Post-2016 permits only \u2014 layer is partial","tooltip_line6":""}},{"type":"Feature","geometry":{"type":"LineString","coordinates":[[-122.65209,58.77895],[-122.65721,58.78444],[-122.6589,58.78551]]},"properties":{"operator_group":"Other BC operator","is_key_operator":false,"tooltip_title":"FortisBC Energy Inc.","tooltip_line1":"FortisBC Energy Inc.","tooltip_line2":"Transmission \u00b7 0.9 km","tooltip_line3":"Project 000001068 seg 19 \u00b7 Active","tooltip_line4":"Authority: ERAA \u00b7 BCER permitted","tooltip_line5":"Post-2016 permits only \u2014 layer is partial","tooltip_line6":""}},{"type":"Feature","geometry":{"type":"LineString","coordinates":[[-122.6589,58.78551],[-122.66541,58.79053]]},"properties":{"operator_group":"Other BC operator","is_key_operator":false,"tooltip_title":"FortisBC Energy Inc.","tooltip_line1":"FortisBC Energy Inc.","tooltip_line2":"Transmission \u00b7 0.7 km","tooltip_line3":"Project 000001068 seg 20 \u00b7 Active","tooltip_line4":"Authority: ERAA \u00b7 BCER permitted","tooltip_line5":"Post-2016 permits only \u2014 layer is partial","tooltip_line6":""}},{"type":"Feature","geometry":{"type":"LineString","coordinates":[[-122.66541,58.79053],[-122.67495,58.79567],[-122.67376,58.79629]]},"properties":{"operator_group":"Other BC operator","is_key_operator":false,"tooltip_title":"FortisBC Energy Inc.","tooltip_line1":"FortisBC Energy Inc.","tooltip_line2":"Transmission \u00b7 0.9 km","tooltip_line3":"Project 000001068 seg 21 \u00b7 Active","tooltip_line4":"Authority: ERAA \u00b7 BCER permitted","tooltip_line5":"Post-2016 permits only \u2014 layer is partial","tooltip_line6":""}},{"type":"Feature","geometry":{"type":"LineString","coordinates":[[-114.93069,49.31416],[-114.93012,49.32008],[-114.93094,49.32258],[-114.9349,49.32446],[-114.93629,49.32708],[-114.93721,49.32772],[-114.94044,49.3327],[-114.94551,49.33899],[-114.9481,49.34151],[-114.95112,49.34269],[-114.95328,49.34424],[-114.95476,49.34689],[-114.95705,49.34811],[-114.95739,49.34888],[-114.96337,49.3491],[-114.96594,49.3497],[-114.96854,49.35122],[-114.96902,49.35296],[-114.97191,49.35313],[-114.9744,49.35469],[-114.97892,49.35604],[-114.97983,49.35676],[-114.98036,49.35918],[-114.97974,49.36045],[-114.98235,49.36127]]},"properties":{"operator_group":"Other BC operator","is_key_operator":false,"tooltip_title":"FortisBC Energy Inc.","tooltip_line1":"FortisBC Energy Inc.","tooltip_line2":"Transmission \u00b7 7.2 km","tooltip_line3":"Project 000001132 seg 1 \u00b7 Active","tooltip_line4":"Authority: ERAA \u00b7 BCER permitted","tooltip_line5":"Post-2016 permits only \u2014 layer is partial","tooltip_line6":""}},{"type":"Feature","geometry":{"type":"LineString","coordinates":[[-114.98235,49.36127],[-114.98241,49.36127]]},"properties":{"operator_group":"Other BC operator","is_key_operator":false,"tooltip_title":"FortisBC Energy Inc.","tooltip_line1":"FortisBC Energy Inc.","tooltip_line2":"Transmission \u00b7 0.0 km","tooltip_line3":"Project 000001132 seg 2 \u00b7 Active","tooltip_line4":"Authority: ERAA \u00b7 BCER permitted","tooltip_line5":"Post-2016 permits only \u2014 layer is partial","tooltip_line6":""}},{"type":"Feature","geometry":{"type":"LineString","coordinates":[[-114.98241,49.36127],[-114.98503,49.36214],[-114.98928,49.3648]]},"properties":{"operator_group":"Other BC operator","is_key_operator":false,"tooltip_title":"FortisBC Energy Inc.","tooltip_line1":"FortisBC Energy Inc.","tooltip_line2":"Transmission \u00b7 0.6 km","tooltip_line3":"Project 000001132 seg 3 \u00b7 Active","tooltip_line4":"Authority: ERAA \u00b7 BCER permitted","tooltip_line5":"Post-2016 permits only \u2014 layer is partial","tooltip_line6":""}},{"type":"Feature","geometry":{"type":"LineString","coordinates":[[-114.98928,49.3648],[-114.99826,49.37033],[-115.00309,49.37213],[-115.00782,49.37262],[-115.0089,49.37405],[-115.01276,49.38373],[-115.01423,49.39171],[-115.01613,49.39312],[-115.02053,49.39864],[-115.02557,49.40909],[-115.02606,49.40969],[-115.02713,49.40988],[-115.03168,49.41411],[-115.03209,49.41496],[-115.03181,49.41715],[-115.03258,49.41948],[-115.03838,49.4242],[-115.04654,49.43203],[-115.04766,49.43384],[-115.04845,49.43708]]},"properties":{"operator_group":"Other BC operator","is_key_operator":false,"tooltip_title":"FortisBC Energy Inc.","tooltip_line1":"FortisBC Energy Inc.","tooltip_line2":"Transmission \u00b7 9.7 km","tooltip_line3":"Project 000001132 seg 4 \u00b7 Active","tooltip_line4":"Authority: ERAA \u00b7 BCER permitted","tooltip_line5":"Post-2016 permits only \u2014 layer is partial","tooltip_line6":""}},{"type":"Feature","geometry":{"type":"LineString","coordinates":[[-115.04845,49.43708],[-115.04909,49.43885],[-115.04871,49.44093],[-115.05361,49.45052],[-115.05495,49.45645],[-115.06686,49.47585],[-115.06684,49.47778],[-115.06448,49.4832],[-115.06503,49.48431],[-115.06743,49.48614],[-115.06794,49.4889]]},"properties":{"operator_group":"Other BC operator","is_key_operator":false,"tooltip_title":"FortisBC Energy Inc.","tooltip_line1":"FortisBC Energy Inc.","tooltip_line2":"Transmission \u00b7 6.1 km","tooltip_line3":"Project 000001132 seg 5 \u00b7 Active","tooltip_line4":"Authority: ERAA \u00b7 BCER permitted","tooltip_line5":"Post-2016 permits only \u2014 layer is partial","tooltip_line6":""}},{"type":"Feature","geometry":{"type":"LineString","coordinates":[[-115.46904,49.28045],[-115.469,49.2815],[-115.4698,49.28288],[-115.4781,49.28744],[-115.47953,49.2894],[-115.48689,49.29594],[-115.49128,49.30361],[-115.49266,49.30715],[-115.49682,49.30954],[-115.49911,49.31416],[-115.49844,49.31825],[-115.49938,49.31918],[-115.49956,49.32065],[-115.49885,49.32169],[-115.49892,49.32293],[-115.50039,49.32583],[-115.49909,49.32764],[-115.50066,49.33291],[-115.5008,49.3351],[-115.50551,49.3393],[-115.50844,49.34099],[-115.50966,49.34312],[-115.51114,49.34439],[-115.51739,49.34767],[-115.52147,49.35228],[-115.52579,49.35371],[-115.53911,49.35463],[-115.54062,49.35663],[-115.54176,49.35967],[-115.54646,49.36363],[-115.55027,49.36382],[-115.55532,49.36652],[-115.56188,49.36858],[-115.56436,49.37063],[-115.57155,49.37298],[-115.57593,49.3758],[-115.58069,49.37813],[-115.58454,49.3809],[-115.58923,49.38184],[-115.59283,49.38204],[-115.59496,49.38149],[-115.59666,49.38206],[-115.59847,49.38331],[-115.60091,49.38615],[-115.60235,49.389],[-115.61023,49.39093],[-115.61329,49.39651],[-115.61875,49.39929],[-115.62185,49.40202],[-115.62446,49.41153],[-115.63061,49.41986],[-115.63636,49.42234],[-115.64367,49.42731],[-115.64876,49.4369],[-115.65492,49.43912],[-115.66336,49.4402],[-115.68349,49.44991],[-115.68802,49.45267],[-115.6953,49.45431],[-115.69728,49.45533],[-115.69948,49.45836],[-115.70619,49.46573],[-115.71391,49.47154]]},"properties":{"operator_group":"Other BC operator","is_key_operator":false,"tooltip_title":"FortisBC Energy Inc.","tooltip_line1":"FortisBC Energy Inc.","tooltip_line2":"Transmission \u00b7 30.1 km","tooltip_line3":"Project 000001133 seg 1 \u00b7 Active","tooltip_line4":"Authority: ERAA \u00b7 BCER permitted","tooltip_line5":"Post-2016 permits only \u2014 layer is partial","tooltip_line6":""}},{"type":"Feature","geometry":{"type":"LineString","coordinates":[[-115.71391,49.47154],[-115.72082,49.47669]]},"properties":{"operator_group":"Other BC operator","is_key_operator":false,"tooltip_title":"FortisBC Energy Inc.","tooltip_line1":"FortisBC Energy Inc.","tooltip_line2":"Transmission \u00b7 0.8 km","tooltip_line3":"Project 000001133 seg 2 \u00b7 Active","tooltip_line4":"Authority: ERAA \u00b7 BCER permitted","tooltip_line5":"Post-2016 permits only \u2014 layer is partial","tooltip_line6":""}},{"type":"Feature","geometry":{"type":"LineString","coordinates":[[-115.72082,49.47669],[-115.73065,49.48397],[-115.73872,49.48689],[-115.73904,49.48727],[-115.73904,49.49403],[-115.74286,49.49603]]},"properties":{"operator_group":"Other BC operator","is_key_operator":false,"tooltip_title":"FortisBC Energy Inc.","tooltip_line1":"FortisBC Energy Inc.","tooltip_line2":"Transmission \u00b7 2.9 km","tooltip_line3":"Project 000001133 seg 3 \u00b7 Active","tooltip_line4":"Authority: ERAA \u00b7 BCER permitted","tooltip_line5":"Post-2016 permits only \u2014 layer is partial","tooltip_line6":""}},{"type":"Feature","geometry":{"type":"LineString","coordinates":[[-115.76486,49.55156],[-115.77178,49.55339]]},"properties":{"operator_group":"Other BC operator","is_key_operator":false,"tooltip_title":"FortisBC Energy Inc.","tooltip_line1":"FortisBC Energy Inc.","tooltip_line2":"Transmission \u00b7 0.5 km","tooltip_line3":"Project 000001133 seg 14 \u00b7 Active","tooltip_line4":"Authority: ERAA \u00b7 BCER permitted","tooltip_line5":"Post-2016 permits only \u2014 layer is partial","tooltip_line6":""}},{"type":"Feature","geometry":{"type":"LineString","coordinates":[[-115.77178,49.55339],[-115.7732,49.55375]]},"properties":{"operator_group":"Other BC operator","is_key_operator":false,"tooltip_title":"FortisBC Energy Inc.","tooltip_line1":"FortisBC Energy Inc.","tooltip_line2":"Transmission \u00b7 0.1 km","tooltip_line3":"Project 000001133 seg 15 \u00b7 Active","tooltip_line4":"Authority: ERAA \u00b7 BCER permitted","tooltip_line5":"Post-2016 permits only \u2014 layer is partial","tooltip_line6":""}},{"type":"Feature","geometry":{"type":"LineString","coordinates":[[-115.7732,49.55375],[-115.77749,49.55482],[-115.78137,49.55662],[-115.78219,49.55797],[-115.78321,49.5585],[-115.78504,49.55827],[-115.78627,49.55885],[-115.7875,49.56062],[-115.79476,49.56347],[-115.79536,49.56415]]},"properties":{"operator_group":"Other BC operator","is_key_operator":false,"tooltip_title":"FortisBC Energy Inc.","tooltip_line1":"FortisBC Energy Inc.","tooltip_line2":"Transmission \u00b7 2.1 km","tooltip_line3":"Project 000001133 seg 16 \u00b7 Active","tooltip_line4":"Authority: ERAA \u00b7 BCER permitted","tooltip_line5":"Post-2016 permits only \u2014 layer is partial","tooltip_line6":""}},{"type":"Feature","geometry":{"type":"LineString","coordinates":[[-115.79536,49.56415],[-115.79766,49.56515],[-115.79875,49.56711],[-115.80151,49.57017],[-115.80827,49.57177],[-115.81016,49.57377]]},"properties":{"operator_group":"Other BC operator","is_key_operator":false,"tooltip_title":"FortisBC Energy Inc.","tooltip_line1":"FortisBC Energy Inc.","tooltip_line2":"Transmission \u00b7 1.6 km","tooltip_line3":"Project 000001133 seg 17 \u00b7 Active","tooltip_line4":"Authority: ERAA \u00b7 BCER permitted","tooltip_line5":"Post-2016 permits only \u2014 layer is partial","tooltip_line6":""}},{"type":"Feature","geometry":{"type":"LineString","coordinates":[[-115.81016,49.57377],[-115.81853,49.57875],[-115.82391,49.58055],[-115.83036,49.58061],[-115.83197,49.58091],[-115.83432,49.58223],[-115.83816,49.58242],[-115.84709,49.58684]]},"properties":{"operator_group":"Other BC operator","is_key_operator":false,"tooltip_title":"FortisBC Energy Inc.","tooltip_line1":"FortisBC Energy Inc.","tooltip_line2":"Transmission \u00b7 3.2 km","tooltip_line3":"Project 000001133 seg 18 \u00b7 Active","tooltip_line4":"Authority: ERAA \u00b7 BCER permitted","tooltip_line5":"Post-2016 permits only \u2014 layer is partial","tooltip_line6":""}},{"type":"Feature","geometry":{"type":"LineString","coordinates":[[-115.86576,49.59918],[-115.86568,49.60024]]},"properties":{"operator_group":"Other BC operator","is_key_operator":false,"tooltip_title":"FortisBC Energy Inc.","tooltip_line1":"FortisBC Energy Inc.","tooltip_line2":"Transmission \u00b7 0.1 km","tooltip_line3":"Project 000001133 seg 19 \u00b7 Active","tooltip_line4":"Authority: ERAA \u00b7 BCER permitted","tooltip_line5":"Post-2016 permits only \u2014 layer is partial","tooltip_line6":""}},{"type":"Feature","geometry":{"type":"LineString","coordinates":[[-115.86568,49.60024],[-115.86228,49.60125]]},"properties":{"operator_group":"Other BC operator","is_key_operator":false,"tooltip_title":"FortisBC Energy Inc.","tooltip_line1":"FortisBC Energy Inc.","tooltip_line2":"Transmission \u00b7 0.3 km","tooltip_line3":"Project 000001133 seg 20 \u00b7 Active","tooltip_line4":"Authority: ERAA \u00b7 BCER permitted","tooltip_line5":"Post-2016 permits only \u2014 layer is partial","tooltip_line6":""}},{"type":"Feature","geometry":{"type":"LineString","coordinates":[[-115.93803,49.63706],[-115.92447,49.62951],[-115.91258,49.62379],[-115.90986,49.61905],[-115.90589,49.61734],[-115.87971,49.60653],[-115.87151,49.60575],[-115.8652,49.60647]]},"properties":{"operator_group":"Other BC operator","is_key_operator":false,"tooltip_title":"FortisBC Energy Inc.","tooltip_line1":"FortisBC Energy Inc.","tooltip_line2":"Transmission \u00b7 6.6 km","tooltip_line3":"Project 000001133 seg 21 \u00b7 Active","tooltip_line4":"Authority: ERAA \u00b7 BCER permitted","tooltip_line5":"Post-2016 permits only \u2014 layer is partial","tooltip_line6":""}},{"type":"Feature","geometry":{"type":"LineString","coordinates":[[-115.93803,49.63706],[-115.94105,49.63878]]},"properties":{"operator_group":"Other BC operator","is_key_operator":false,"tooltip_title":"FortisBC Energy Inc.","tooltip_line1":"FortisBC Energy Inc.","tooltip_line2":"Transmission \u00b7 0.3 km","tooltip_line3":"Project 000001133 seg 22 \u00b7 Active","tooltip_line4":"Authority: ERAA \u00b7 BCER permitted","tooltip_line5":"Post-2016 permits only \u2014 layer is partial","tooltip_line6":""}},{"type":"Feature","geometry":{"type":"LineString","coordinates":[[-115.94105,49.63878],[-115.94218,49.63948],[-115.94377,49.64278],[-115.94576,49.64396]]},"properties":{"operator_group":"Other BC operator","is_key_operator":false,"tooltip_title":"FortisBC Energy Inc.","tooltip_line1":"FortisBC Energy Inc.","tooltip_line2":"Transmission \u00b7 0.7 km","tooltip_line3":"Project 000001133 seg 23 \u00b7 Active","tooltip_line4":"Authority: ERAA \u00b7 BCER permitted","tooltip_line5":"Post-2016 permits only \u2014 layer is partial","tooltip_line6":""}},{"type":"Feature","geometry":{"type":"LineString","coordinates":[[-115.94576,49.64396],[-115.9458,49.64398]]},"properties":{"operator_group":"Other BC operator","is_key_operator":false,"tooltip_title":"FortisBC Energy Inc.","tooltip_line1":"FortisBC Energy Inc.","tooltip_line2":"Transmission \u00b7 0.0 km","tooltip_line3":"Project 000001133 seg 24 \u00b7 Active","tooltip_line4":"Authority: ERAA \u00b7 BCER permitted","tooltip_line5":"Post-2016 permits only \u2014 layer is partial","tooltip_line6":""}},{"type":"Feature","geometry":{"type":"LineString","coordinates":[[-115.9458,49.64398],[-115.94767,49.64466],[-115.95252,49.64456]]},"properties":{"operator_group":"Other BC operator","is_key_operator":false,"tooltip_title":"FortisBC Energy Inc.","tooltip_line1":"FortisBC Energy Inc.","tooltip_line2":"Transmission \u00b7 0.5 km","tooltip_line3":"Project 000001133 seg 25 \u00b7 Active","tooltip_line4":"Authority: ERAA \u00b7 BCER permitted","tooltip_line5":"Post-2016 permits only \u2014 layer is partial","tooltip_line6":""}},{"type":"Feature","geometry":{"type":"LineString","coordinates":[[-115.95252,49.64456],[-115.95877,49.64338],[-115.96393,49.64331],[-115.96675,49.64747]]},"properties":{"operator_group":"Other BC operator","is_key_operator":false,"tooltip_title":"FortisBC Energy Inc.","tooltip_line1":"FortisBC Energy Inc.","tooltip_line2":"Transmission \u00b7 1.4 km","tooltip_line3":"Project 000001133 seg 26 \u00b7 Active","tooltip_line4":"Authority: ERAA \u00b7 BCER permitted","tooltip_line5":"Post-2016 permits only \u2014 layer is partial","tooltip_line6":""}},{"type":"Feature","geometry":{"type":"LineString","coordinates":[[-115.96675,49.64747],[-115.96775,49.65053]]},"properties":{"operator_group":"Other BC operator","is_key_operator":false,"tooltip_title":"FortisBC Energy Inc.","tooltip_line1":"FortisBC Energy Inc.","tooltip_line2":"Transmission \u00b7 0.4 km","tooltip_line3":"Project 000001133 seg 27 \u00b7 Active","tooltip_line4":"Authority: ERAA \u00b7 BCER permitted","tooltip_line5":"Post-2016 permits only \u2014 layer is partial","tooltip_line6":""}},{"type":"Feature","geometry":{"type":"LineString","coordinates":[[-115.96775,49.65053],[-115.96775,49.65054]]},"properties":{"operator_group":"Other BC operator","is_key_operator":false,"tooltip_title":"FortisBC Energy Inc.","tooltip_line1":"FortisBC Energy Inc.","tooltip_line2":"Transmission \u00b7 0.0 km","tooltip_line3":"Project 000001133 seg 28 \u00b7 Active","tooltip_line4":"Authority: ERAA \u00b7 BCER permitted","tooltip_line5":"Post-2016 permits only \u2014 layer is partial","tooltip_line6":""}},{"type":"Feature","geometry":{"type":"LineString","coordinates":[[-115.96775,49.65054],[-115.96775,49.65054]]},"properties":{"operator_group":"Other BC operator","is_key_operator":false,"tooltip_title":"FortisBC Energy Inc.","tooltip_line1":"FortisBC Energy Inc.","tooltip_line2":"Transmission \u00b7 0.0 km","tooltip_line3":"Project 000001133 seg 31 \u00b7 Active","tooltip_line4":"Authority: ERAA \u00b7 BCER permitted","tooltip_line5":"Post-2016 permits only \u2014 layer is partial","tooltip_line6":""}},{"type":"Feature","geometry":{"type":"LineString","coordinates":[[-115.96775,49.65054],[-115.96752,49.65163]]},"properties":{"operator_group":"Other BC operator","is_key_operator":false,"tooltip_title":"FortisBC Energy Inc.","tooltip_line1":"FortisBC Energy Inc.","tooltip_line2":"Transmission \u00b7 0.1 km","tooltip_line3":"Project 000001133 seg 32 \u00b7 Active","tooltip_line4":"Authority: ERAA \u00b7 BCER permitted","tooltip_line5":"Post-2016 permits only \u2014 layer is partial","tooltip_line6":""}},{"type":"Feature","geometry":{"type":"LineString","coordinates":[[-115.96752,49.65163],[-115.9675,49.65168]]},"properties":{"operator_group":"Other BC operator","is_key_operator":false,"tooltip_title":"FortisBC Energy Inc.","tooltip_line1":"FortisBC Energy Inc.","tooltip_line2":"Transmission \u00b7 0.0 km","tooltip_line3":"Project 000001133 seg 33 \u00b7 Active","tooltip_line4":"Authority: ERAA \u00b7 BCER permitted","tooltip_line5":"Post-2016 permits only \u2014 layer is partial","tooltip_line6":""}},{"type":"Feature","geometry":{"type":"LineString","coordinates":[[-115.9675,49.65168],[-115.96744,49.65347]]},"properties":{"operator_group":"Other BC operator","is_key_operator":false,"tooltip_title":"FortisBC Energy Inc.","tooltip_line1":"FortisBC Energy Inc.","tooltip_line2":"Transmission \u00b7 0.2 km","tooltip_line3":"Project 000001133 seg 34 \u00b7 Active","tooltip_line4":"Authority: ERAA \u00b7 BCER permitted","tooltip_line5":"Post-2016 permits only \u2014 layer is partial","tooltip_line6":""}},{"type":"Feature","geometry":{"type":"LineString","coordinates":[[-115.96744,49.65347],[-115.96741,49.65455]]},"properties":{"operator_group":"Other BC operator","is_key_operator":false,"tooltip_title":"FortisBC Energy Inc.","tooltip_line1":"FortisBC Energy Inc.","tooltip_line2":"Transmission \u00b7 0.1 km","tooltip_line3":"Project 000001133 seg 35 \u00b7 Active","tooltip_line4":"Authority: ERAA \u00b7 BCER permitted","tooltip_line5":"Post-2016 permits only \u2014 layer is partial","tooltip_line6":""}},{"type":"Feature","geometry":{"type":"LineString","coordinates":[[-115.96741,49.65455],[-115.96741,49.65459]]},"properties":{"operator_group":"Other BC operator","is_key_operator":false,"tooltip_title":"FortisBC Energy Inc.","tooltip_line1":"FortisBC Energy Inc.","tooltip_line2":"Transmission \u00b7 0.0 km","tooltip_line3":"Project 000001133 seg 36 \u00b7 Active","tooltip_line4":"Authority: ERAA \u00b7 BCER permitted","tooltip_line5":"Post-2016 permits only \u2014 layer is partial","tooltip_line6":""}},{"type":"Feature","geometry":{"type":"LineString","coordinates":[[-115.96741,49.65459],[-115.96807,49.65595],[-115.96794,49.65724],[-115.96852,49.65776],[-115.96781,49.65994]]},"properties":{"operator_group":"Other BC operator","is_key_operator":false,"tooltip_title":"FortisBC Energy Inc.","tooltip_line1":"FortisBC Energy Inc.","tooltip_line2":"Transmission \u00b7 0.6 km","tooltip_line3":"Project 000001133 seg 37 \u00b7 Active","tooltip_line4":"Authority: ERAA \u00b7 BCER permitted","tooltip_line5":"Post-2016 permits only \u2014 layer is partial","tooltip_line6":""}},{"type":"Feature","geometry":{"type":"LineString","coordinates":[[-115.96781,49.65994],[-115.96793,49.66175],[-115.96962,49.66252],[-115.97246,49.66563],[-115.97205,49.66744],[-115.97332,49.66858]]},"properties":{"operator_group":"Other BC operator","is_key_operator":false,"tooltip_title":"FortisBC Energy Inc.","tooltip_line1":"FortisBC Energy Inc.","tooltip_line2":"Transmission \u00b7 1.1 km","tooltip_line3":"Project 000001133 seg 38 \u00b7 Active","tooltip_line4":"Authority: ERAA \u00b7 BCER permitted","tooltip_line5":"Post-2016 permits only \u2014 layer is partial","tooltip_line6":""}},{"type":"Feature","geometry":{"type":"LineString","coordinates":[[-115.97332,49.66858],[-115.97353,49.66848]]},"properties":{"operator_group":"Other BC operator","is_key_operator":false,"tooltip_title":"FortisBC Energy Inc.","tooltip_line1":"FortisBC Energy Inc.","tooltip_line2":"Transmission \u00b7 0.0 km","tooltip_line3":"Project 000001133 seg 39 \u00b7 Active","tooltip_line4":"Authority: ERAA \u00b7 BCER permitted","tooltip_line5":"Post-2016 permits only \u2014 layer is partial","tooltip_line6":""}},{"type":"Feature","geometry":{"type":"LineString","coordinates":[[-115.97353,49.66848],[-115.97354,49.66848]]},"properties":{"operator_group":"Other BC operator","is_key_operator":false,"tooltip_title":"FortisBC Energy Inc.","tooltip_line1":"FortisBC Energy Inc.","tooltip_line2":"Transmission \u00b7 0.0 km","tooltip_line3":"Project 000001133 seg 40 \u00b7 Active","tooltip_line4":"Authority: ERAA \u00b7 BCER permitted","tooltip_line5":"Post-2016 permits only \u2014 layer is partial","tooltip_line6":""}},{"type":"Feature","geometry":{"type":"LineString","coordinates":[[-115.94578,49.64397],[-115.9458,49.64395]]},"properties":{"operator_group":"Other BC operator","is_key_operator":false,"tooltip_title":"FortisBC Energy Inc.","tooltip_line1":"FortisBC Energy Inc.","tooltip_line2":"Transmission \u00b7 0.0 km","tooltip_line3":"Project 000001133 seg 43 \u00b7 Active","tooltip_line4":"Authority: ERAA \u00b7 BCER permitted","tooltip_line5":"Post-2016 permits only \u2014 layer is partial","tooltip_line6":""}},{"type":"Feature","geometry":{"type":"LineString","coordinates":[[-115.9458,49.64395],[-115.94666,49.64248],[-115.9463,49.64214],[-115.94856,49.64113],[-115.95052,49.63863],[-115.95144,49.6383]]},"properties":{"operator_group":"Other BC operator","is_key_operator":false,"tooltip_title":"FortisBC Energy Inc.","tooltip_line1":"FortisBC Energy Inc.","tooltip_line2":"Transmission \u00b7 0.8 km","tooltip_line3":"Project 000001133 seg 44 \u00b7 Active","tooltip_line4":"Authority: ERAA \u00b7 BCER permitted","tooltip_line5":"Post-2016 permits only \u2014 layer is partial","tooltip_line6":""}},{"type":"Feature","geometry":{"type":"LineString","coordinates":[[-115.95144,49.6383],[-115.95144,49.63831]]},"properties":{"operator_group":"Other BC operator","is_key_operator":false,"tooltip_title":"FortisBC Energy Inc.","tooltip_line1":"FortisBC Energy Inc.","tooltip_line2":"Transmission \u00b7 0.0 km","tooltip_line3":"Project 000001133 seg 45 \u00b7 Active","tooltip_line4":"Authority: ERAA \u00b7 BCER permitted","tooltip_line5":"Post-2016 permits only \u2014 layer is partial","tooltip_line6":""}},{"type":"Feature","geometry":{"type":"LineString","coordinates":[[-115.84702,49.58762],[-115.86445,49.59701],[-115.86576,49.59918]]},"properties":{"operator_group":"Other BC operator","is_key_operator":false,"tooltip_title":"FortisBC Energy Inc.","tooltip_line1":"FortisBC Energy Inc.","tooltip_line2":"Transmission \u00b7 1.9 km","tooltip_line3":"Project 000001133 seg 47 \u00b7 Active","tooltip_line4":"Authority: ERAA \u00b7 BCER permitted","tooltip_line5":"Post-2016 permits only \u2014 layer is partial","tooltip_line6":""}},{"type":"Feature","geometry":{"type":"LineString","coordinates":[[-115.86176,49.60157],[-115.86128,49.60213],[-115.86263,49.60629],[-115.8652,49.60647]]},"properties":{"operator_group":"Other BC operator","is_key_operator":false,"tooltip_title":"FortisBC Energy Inc.","tooltip_line1":"FortisBC Energy Inc.","tooltip_line2":"Transmission \u00b7 0.7 km","tooltip_line3":"Project 000001133 seg 49 \u00b7 Active","tooltip_line4":"Authority: ERAA \u00b7 BCER permitted","tooltip_line5":"Post-2016 permits only \u2014 layer is partial","tooltip_line6":""}},{"type":"Feature","geometry":{"type":"LineString","coordinates":[[-115.84709,49.58684],[-115.84702,49.58762]]},"properties":{"operator_group":"Other BC operator","is_key_operator":false,"tooltip_title":"FortisBC Energy Inc.","tooltip_line1":"FortisBC Energy Inc.","tooltip_line2":"Transmission \u00b7 0.1 km","tooltip_line3":"Project 000001133 seg 50 \u00b7 Active","tooltip_line4":"Authority: ERAA \u00b7 BCER permitted","tooltip_line5":"Post-2016 permits only \u2014 layer is partial","tooltip_line6":""}},{"type":"Feature","geometry":{"type":"LineString","coordinates":[[-115.86228,49.60125],[-115.86176,49.60157]]},"properties":{"operator_group":"Other BC operator","is_key_operator":false,"tooltip_title":"FortisBC Energy Inc.","tooltip_line1":"FortisBC Energy Inc.","tooltip_line2":"Transmission \u00b7 0.1 km","tooltip_line3":"Project 000001133 seg 51 \u00b7 Active","tooltip_line4":"Authority: ERAA \u00b7 BCER permitted","tooltip_line5":"Post-2016 permits only \u2014 layer is partial","tooltip_line6":""}},{"type":"Feature","geometry":{"type":"LineString","coordinates":[[-116.44023,49.13363],[-116.44187,49.13078]]},"properties":{"operator_group":"Other BC operator","is_key_operator":false,"tooltip_title":"FortisBC Energy Inc.","tooltip_line1":"FortisBC Energy Inc.","tooltip_line2":"Transmission \u00b7 0.3 km","tooltip_line3":"Project 000001134 seg 8 \u00b7 Active","tooltip_line4":"Authority: ERAA \u00b7 BCER permitted","tooltip_line5":"Post-2016 permits only \u2014 layer is partial","tooltip_line6":""}},{"type":"Feature","geometry":{"type":"LineString","coordinates":[[-116.44199,49.13065],[-116.44598,49.12698],[-116.44686,49.12677],[-116.45054,49.12135],[-116.46135,49.11738]]},"properties":{"operator_group":"Other BC operator","is_key_operator":false,"tooltip_title":"FortisBC Energy Inc.","tooltip_line1":"FortisBC Energy Inc.","tooltip_line2":"Transmission \u00b7 2.1 km","tooltip_line3":"Project 000001134 seg 9 \u00b7 Active","tooltip_line4":"Authority: ERAA \u00b7 BCER permitted","tooltip_line5":"Post-2016 permits only \u2014 layer is partial","tooltip_line6":""}},{"type":"Feature","geometry":{"type":"LineString","coordinates":[[-116.46135,49.11738],[-116.46414,49.11412],[-116.46418,49.10961],[-116.46683,49.10811]]},"properties":{"operator_group":"Other BC operator","is_key_operator":false,"tooltip_title":"FortisBC Energy Inc.","tooltip_line1":"FortisBC Energy Inc.","tooltip_line2":"Transmission \u00b7 1.2 km","tooltip_line3":"Project 000001134 seg 10 \u00b7 Active","tooltip_line4":"Authority: ERAA \u00b7 BCER permitted","tooltip_line5":"Post-2016 permits only \u2014 layer is partial","tooltip_line6":""}},{"type":"Feature","geometry":{"type":"LineString","coordinates":[[-116.46683,49.10811],[-116.4699,49.10643],[-116.47798,49.10641],[-116.48194,49.10381],[-116.48797,49.10322],[-116.49865,49.1048]]},"properties":{"operator_group":"Other BC operator","is_key_operator":false,"tooltip_title":"FortisBC Energy Inc.","tooltip_line1":"FortisBC Energy Inc.","tooltip_line2":"Transmission \u00b7 2.1 km","tooltip_line3":"Project 000001134 seg 11 \u00b7 Active","tooltip_line4":"Authority: ERAA \u00b7 BCER permitted","tooltip_line5":"Post-2016 permits only \u2014 layer is partial","tooltip_line6":""}},{"type":"Feature","geometry":{"type":"LineString","coordinates":[[-116.49865,49.1048],[-116.50125,49.10487],[-116.50255,49.10384],[-116.50276,49.10284],[-116.50628,49.10289]]},"properties":{"operator_group":"Other BC operator","is_key_operator":false,"tooltip_title":"FortisBC Energy Inc.","tooltip_line1":"FortisBC Energy Inc.","tooltip_line2":"Transmission \u00b7 1.1 km","tooltip_line3":"Project 000001134 seg 12 \u00b7 Active","tooltip_line4":"Authority: ERAA \u00b7 BCER permitted","tooltip_line5":"Post-2016 permits only \u2014 layer is partial","tooltip_line6":""}},{"type":"Feature","geometry":{"type":"LineString","coordinates":[[-120.82063,56.24052],[-120.82093,56.24664],[-120.82037,56.24669]]},"properties":{"operator_group":"Other BC operator","is_key_operator":false,"tooltip_title":"Pacific Northern Gas (N.E.) Ltd.","tooltip_line1":"Pacific Northern Gas (N.E.) Ltd.","tooltip_line2":"Transmission \u00b7 0.7 km","tooltip_line3":"Project 000001137 seg 1 \u00b7 Active","tooltip_line4":"Authority: ERAA \u00b7 BCER permitted","tooltip_line5":"Post-2016 permits only \u2014 layer is partial","tooltip_line6":""}},{"type":"Feature","geometry":{"type":"LineString","coordinates":[[-120.82036,56.24669],[-120.79863,56.24667],[-120.79845,56.24783],[-120.78329,56.24783]]},"properties":{"operator_group":"Other BC operator","is_key_operator":false,"tooltip_title":"Pacific Northern Gas (N.E.) Ltd.","tooltip_line1":"Pacific Northern Gas (N.E.) Ltd.","tooltip_line2":"Transmission \u00b7 2.4 km","tooltip_line3":"Project 000001137 seg 2 \u00b7 Active","tooltip_line4":"Authority: ERAA \u00b7 BCER permitted","tooltip_line5":"Post-2016 permits only \u2014 layer is partial","tooltip_line6":""}},{"type":"Feature","geometry":{"type":"LineString","coordinates":[[-120.82039,56.24669],[-120.83259,56.24666],[-120.83262,56.24734]]},"properties":{"operator_group":"Other BC operator","is_key_operator":false,"tooltip_title":"Pacific Northern Gas (N.E.) Ltd.","tooltip_line1":"Pacific Northern Gas (N.E.) Ltd.","tooltip_line2":"Transmission \u00b7 0.8 km","tooltip_line3":"Project 000001137 seg 3 \u00b7 Active","tooltip_line4":"Authority: ERAA \u00b7 BCER permitted","tooltip_line5":"Post-2016 permits only \u2014 layer is partial","tooltip_line6":""}},{"type":"Feature","geometry":{"type":"LineString","coordinates":[[-120.78079,56.24783],[-120.78022,56.24783]]},"properties":{"operator_group":"Other BC operator","is_key_operator":false,"tooltip_title":"Pacific Northern Gas (N.E.) Ltd.","tooltip_line1":"Pacific Northern Gas (N.E.) Ltd.","tooltip_line2":"Transmission \u00b7 0.0 km","tooltip_line3":"Project 000001137 seg 4 \u00b7 Active","tooltip_line4":"Authority: ERAA \u00b7 BCER permitted","tooltip_line5":"Post-2016 permits only \u2014 layer is partial","tooltip_line6":""}},{"type":"Feature","geometry":{"type":"LineString","coordinates":[[-120.78329,56.24783],[-120.78329,56.24861],[-120.78191,56.24861],[-120.78185,56.24783]]},"properties":{"operator_group":"Other BC operator","is_key_operator":false,"tooltip_title":"Pacific Northern Gas (N.E.) Ltd.","tooltip_line1":"Pacific Northern Gas (N.E.) Ltd.","tooltip_line2":"Transmission \u00b7 0.3 km","tooltip_line3":"Project 000001137 seg 5 \u00b7 Active","tooltip_line4":"Authority: ERAA \u00b7 BCER permitted","tooltip_line5":"Post-2016 permits only \u2014 layer is partial","tooltip_line6":""}},{"type":"Feature","geometry":{"type":"LineString","coordinates":[[-120.78185,56.24783],[-120.78082,56.24783],[-120.78081,56.24838],[-120.7802,56.24838],[-120.78016,56.24782],[-120.76783,56.24783],[-120.76776,56.2466],[-120.76375,56.24659]]},"properties":{"operator_group":"Other BC operator","is_key_operator":false,"tooltip_title":"Pacific Northern Gas (N.E.) Ltd.","tooltip_line1":"Pacific Northern Gas (N.E.) Ltd.","tooltip_line2":"Transmission \u00b7 1.4 km","tooltip_line3":"Project 000001137 seg 6 \u00b7 Active","tooltip_line4":"Authority: ERAA \u00b7 BCER permitted","tooltip_line5":"Post-2016 permits only \u2014 layer is partial","tooltip_line6":""}},{"type":"Feature","geometry":{"type":"LineString","coordinates":[[-120.78326,56.24783],[-120.78187,56.24783]]},"properties":{"operator_group":"Other BC operator","is_key_operator":false,"tooltip_title":"Pacific Northern Gas (N.E.) Ltd.","tooltip_line1":"Pacific Northern Gas (N.E.) Ltd.","tooltip_line2":"Transmission \u00b7 0.1 km","tooltip_line3":"Project 000001137 seg 7 \u00b7 Active","tooltip_line4":"Authority: ERAA \u00b7 BCER permitted","tooltip_line5":"Post-2016 permits only \u2014 layer is partial","tooltip_line6":""}},{"type":"Feature","geometry":{"type":"LineString","coordinates":[[-117.75444,49.12242],[-117.75117,49.11992],[-117.74103,49.11779],[-117.73415,49.11363],[-117.73307,49.11197],[-117.73194,49.11183],[-117.73023,49.11057]]},"properties":{"operator_group":"Other BC operator","is_key_operator":false,"tooltip_title":"FortisBC Energy Inc.","tooltip_line1":"FortisBC Energy Inc.","tooltip_line2":"Transmission \u00b7 2.3 km","tooltip_line3":"Project 000001187 seg 1 \u00b7 Active","tooltip_line4":"Authority: ERAA \u00b7 BCER permitted","tooltip_line5":"Post-2016 permits only \u2014 layer is partial","tooltip_line6":""}},{"type":"Feature","geometry":{"type":"LineString","coordinates":[[-117.73023,49.11057],[-117.72931,49.10862],[-117.73188,49.10798]]},"properties":{"operator_group":"Other BC operator","is_key_operator":false,"tooltip_title":"FortisBC Energy Inc.","tooltip_line1":"FortisBC Energy Inc.","tooltip_line2":"Transmission \u00b7 0.5 km","tooltip_line3":"Project 000001187 seg 2 \u00b7 Active","tooltip_line4":"Authority: ERAA \u00b7 BCER permitted","tooltip_line5":"Post-2016 permits only \u2014 layer is partial","tooltip_line6":""}},{"type":"Feature","geometry":{"type":"LineString","coordinates":[[-117.73188,49.10798],[-117.73791,49.10733],[-117.74095,49.10617]]},"properties":{"operator_group":"Other BC operator","is_key_operator":false,"tooltip_title":"FortisBC Energy Inc.","tooltip_line1":"FortisBC Energy Inc.","tooltip_line2":"Transmission \u00b7 0.7 km","tooltip_line3":"Project 000001187 seg 3 \u00b7 Active","tooltip_line4":"Authority: ERAA \u00b7 BCER permitted","tooltip_line5":"Post-2016 permits only \u2014 layer is partial","tooltip_line6":""}},{"type":"Feature","geometry":{"type":"LineString","coordinates":[[-117.74095,49.10617],[-117.74094,49.10617]]},"properties":{"operator_group":"Other BC operator","is_key_operator":false,"tooltip_title":"FortisBC Energy Inc.","tooltip_line1":"FortisBC Energy Inc.","tooltip_line2":"Transmission \u00b7 0.0 km","tooltip_line3":"Project 000001187 seg 4 \u00b7 Active","tooltip_line4":"Authority: ERAA \u00b7 BCER permitted","tooltip_line5":"Post-2016 permits only \u2014 layer is partial","tooltip_line6":""}},{"type":"Feature","geometry":{"type":"LineString","coordinates":[[-117.76,49.12812],[-117.75442,49.12242]]},"properties":{"operator_group":"Other BC operator","is_key_operator":false,"tooltip_title":"FortisBC Energy Inc.","tooltip_line1":"FortisBC Energy Inc.","tooltip_line2":"Transmission \u00b7 0.8 km","tooltip_line3":"Project 000001187 seg 5 \u00b7 Active","tooltip_line4":"Authority: ERAA \u00b7 BCER permitted","tooltip_line5":"Post-2016 permits only \u2014 layer is partial","tooltip_line6":""}},{"type":"Feature","geometry":{"type":"LineString","coordinates":[[-117.72854,49.10965],[-117.72979,49.10959]]},"properties":{"operator_group":"Other BC operator","is_key_operator":false,"tooltip_title":"FortisBC Energy Inc.","tooltip_line1":"FortisBC Energy Inc.","tooltip_line2":"Transmission \u00b7 0.1 km","tooltip_line3":"Project 000001187 seg 6 \u00b7 New","tooltip_line4":"Authority: ERAA \u00b7 BCER permitted","tooltip_line5":"Post-2016 permits only \u2014 layer is partial","tooltip_line6":""}},{"type":"Feature","geometry":{"type":"LineString","coordinates":[[-122.69123,53.91277],[-122.69072,53.91374],[-122.69134,53.91384],[-122.69018,53.91631],[-122.68927,53.91617],[-122.68882,53.91715]]},"properties":{"operator_group":"Other BC operator","is_key_operator":false,"tooltip_title":"FortisBC Energy Inc.","tooltip_line1":"FortisBC Energy Inc.","tooltip_line2":"Transmission \u00b7 0.6 km","tooltip_line3":"Project 000001213 seg 1 \u00b7 Active","tooltip_line4":"Authority: ERAA \u00b7 BCER permitted","tooltip_line5":"Post-2016 permits only \u2014 layer is partial","tooltip_line6":""}},{"type":"Feature","geometry":{"type":"LineString","coordinates":[[-122.68882,53.91715],[-122.68847,53.91852],[-122.68893,53.92055]]},"properties":{"operator_group":"Other BC operator","is_key_operator":false,"tooltip_title":"FortisBC Energy Inc.","tooltip_line1":"FortisBC Energy Inc.","tooltip_line2":"Transmission \u00b7 0.4 km","tooltip_line3":"Project 000001213 seg 2 \u00b7 Active","tooltip_line4":"Authority: ERAA \u00b7 BCER permitted","tooltip_line5":"Post-2016 permits only \u2014 layer is partial","tooltip_line6":""}},{"type":"Feature","geometry":{"type":"LineString","coordinates":[[-122.64894,54.49519],[-122.65857,54.49497],[-122.66505,54.49683]]},"properties":{"operator_group":"Other BC operator","is_key_operator":false,"tooltip_title":"FortisBC Energy Inc.","tooltip_line1":"FortisBC Energy Inc.","tooltip_line2":"Transmission \u00b7 1.1 km","tooltip_line3":"Project 000001219 seg 1 \u00b7 Active","tooltip_line4":"Authority: ERAA \u00b7 BCER permitted","tooltip_line5":"Post-2016 permits only \u2014 layer is partial","tooltip_line6":""}},{"type":"Feature","geometry":{"type":"LineString","coordinates":[[-122.66505,54.49683],[-122.6668,54.49743]]},"properties":{"operator_group":"Other BC operator","is_key_operator":false,"tooltip_title":"FortisBC Energy Inc.","tooltip_line1":"FortisBC Energy Inc.","tooltip_line2":"Transmission \u00b7 0.1 km","tooltip_line3":"Project 000001219 seg 3 \u00b7 Active","tooltip_line4":"Authority: ERAA \u00b7 BCER permitted","tooltip_line5":"Post-2016 permits only \u2014 layer is partial","tooltip_line6":""}},{"type":"Feature","geometry":{"type":"LineString","coordinates":[[-122.92416,55.1208],[-122.94518,55.1351],[-122.96449,55.14986],[-122.98628,55.164],[-122.98012,55.18136],[-123.00002,55.18972]]},"properties":{"operator_group":"Other BC operator","is_key_operator":false,"tooltip_title":"FortisBC Energy Inc.","tooltip_line1":"FortisBC Energy Inc.","tooltip_line2":"Transmission \u00b7 9.8 km","tooltip_line3":"Project 000001248 seg 1 \u00b7 Active","tooltip_line4":"Authority: ERAA \u00b7 BCER permitted","tooltip_line5":"Post-2016 permits only \u2014 layer is partial","tooltip_line6":""}},{"type":"Feature","geometry":{"type":"LineString","coordinates":[[-123.03658,55.20465],[-123.0393,55.20577]]},"properties":{"operator_group":"Other BC operator","is_key_operator":false,"tooltip_title":"FortisBC Energy Inc.","tooltip_line1":"FortisBC Energy Inc.","tooltip_line2":"Transmission \u00b7 0.2 km","tooltip_line3":"Project 000001248 seg 3 \u00b7 Active","tooltip_line4":"Authority: ERAA \u00b7 BCER permitted","tooltip_line5":"Post-2016 permits only \u2014 layer is partial","tooltip_line6":""}},{"type":"Feature","geometry":{"type":"LineString","coordinates":[[-123.14808,55.2992],[-123.13437,55.31138],[-123.13457,55.31206],[-123.133,55.31247]]},"properties":{"operator_group":"Other BC operator","is_key_operator":false,"tooltip_title":"FortisBC Energy Inc.","tooltip_line1":"FortisBC Energy Inc.","tooltip_line2":"Transmission \u00b7 1.8 km","tooltip_line3":"Project 000001248 seg 4 \u00b7 Active","tooltip_line4":"Authority: ERAA \u00b7 BCER permitted","tooltip_line5":"Post-2016 permits only \u2014 layer is partial","tooltip_line6":""}},{"type":"Feature","geometry":{"type":"LineString","coordinates":[[-123.13299,55.31247],[-123.13184,55.31289]]},"properties":{"operator_group":"Other BC operator","is_key_operator":false,"tooltip_title":"FortisBC Energy Inc.","tooltip_line1":"FortisBC Energy Inc.","tooltip_line2":"Transmission \u00b7 0.1 km","tooltip_line3":"Project 000001248 seg 5 \u00b7 Active","tooltip_line4":"Authority: ERAA \u00b7 BCER permitted","tooltip_line5":"Post-2016 permits only \u2014 layer is partial","tooltip_line6":""}},{"type":"Feature","geometry":{"type":"LineString","coordinates":[[-123.13183,55.3129],[-123.12043,55.31707],[-123.1196,55.32078],[-123.10874,55.32515],[-123.09708,55.32512],[-123.09708,55.32585]]},"properties":{"operator_group":"Other BC operator","is_key_operator":false,"tooltip_title":"FortisBC Energy Inc.","tooltip_line1":"FortisBC Energy Inc.","tooltip_line2":"Transmission \u00b7 2.8 km","tooltip_line3":"Project 000001248 seg 6 \u00b7 Active","tooltip_line4":"Authority: ERAA \u00b7 BCER permitted","tooltip_line5":"Post-2016 permits only \u2014 layer is partial","tooltip_line6":""}},{"type":"Feature","geometry":{"type":"LineString","coordinates":[[-123.09708,55.32585],[-123.09416,55.32602]]},"properties":{"operator_group":"Other BC operator","is_key_operator":false,"tooltip_title":"FortisBC Energy Inc.","tooltip_line1":"FortisBC Energy Inc.","tooltip_line2":"Transmission \u00b7 0.2 km","tooltip_line3":"Project 000001248 seg 7 \u00b7 Active","tooltip_line4":"Authority: ERAA \u00b7 BCER permitted","tooltip_line5":"Post-2016 permits only \u2014 layer is partial","tooltip_line6":""}},{"type":"Feature","geometry":{"type":"LineString","coordinates":[[-123.09416,55.32602],[-123.09417,55.32611]]},"properties":{"operator_group":"Other BC operator","is_key_operator":false,"tooltip_title":"FortisBC Energy Inc.","tooltip_line1":"FortisBC Energy Inc.","tooltip_line2":"Transmission \u00b7 0.0 km","tooltip_line3":"Project 000001248 seg 8 \u00b7 Active","tooltip_line4":"Authority: ERAA \u00b7 BCER permitted","tooltip_line5":"Post-2016 permits only \u2014 layer is partial","tooltip_line6":""}},{"type":"Feature","geometry":{"type":"LineString","coordinates":[[-123.00195,55.19049],[-123.01965,55.19776]]},"properties":{"operator_group":"Other BC operator","is_key_operator":false,"tooltip_title":"FortisBC Energy Inc.","tooltip_line1":"FortisBC Energy Inc.","tooltip_line2":"Transmission \u00b7 1.4 km","tooltip_line3":"Project 000001248 seg 15 \u00b7 Active","tooltip_line4":"Authority: ERAA \u00b7 BCER permitted","tooltip_line5":"Post-2016 permits only \u2014 layer is partial","tooltip_line6":""}},{"type":"Feature","geometry":{"type":"LineString","coordinates":[[-123.02222,55.19883],[-123.03128,55.20244]]},"properties":{"operator_group":"Other BC operator","is_key_operator":false,"tooltip_title":"FortisBC Energy Inc.","tooltip_line1":"FortisBC Energy Inc.","tooltip_line2":"Transmission \u00b7 0.7 km","tooltip_line3":"Project 000001248 seg 17 \u00b7 Active","tooltip_line4":"Authority: ERAA \u00b7 BCER permitted","tooltip_line5":"Post-2016 permits only \u2014 layer is partial","tooltip_line6":""}},{"type":"Feature","geometry":{"type":"LineString","coordinates":[[-123.00002,55.18972],[-123.00195,55.19049]]},"properties":{"operator_group":"Other BC operator","is_key_operator":false,"tooltip_title":"FortisBC Energy Inc.","tooltip_line1":"FortisBC Energy Inc.","tooltip_line2":"Transmission \u00b7 0.2 km","tooltip_line3":"Project 000001248 seg 18 \u00b7 Active","tooltip_line4":"Authority: ERAA \u00b7 BCER permitted","tooltip_line5":"Post-2016 permits only \u2014 layer is partial","tooltip_line6":""}},{"type":"Feature","geometry":{"type":"LineString","coordinates":[[-123.01965,55.19776],[-123.02222,55.19883]]},"properties":{"operator_group":"Other BC operator","is_key_operator":false,"tooltip_title":"FortisBC Energy Inc.","tooltip_line1":"FortisBC Energy Inc.","tooltip_line2":"Transmission \u00b7 0.2 km","tooltip_line3":"Project 000001248 seg 19 \u00b7 Active","tooltip_line4":"Authority: ERAA \u00b7 BCER permitted","tooltip_line5":"Post-2016 permits only \u2014 layer is partial","tooltip_line6":""}},{"type":"Feature","geometry":{"type":"LineString","coordinates":[[-123.04309,55.20736],[-123.09546,55.2285],[-123.12552,55.2462],[-123.14279,55.2691],[-123.14153,55.27075],[-123.14212,55.27119],[-123.13723,55.27694],[-123.13482,55.28056]]},"properties":{"operator_group":"Other BC operator","is_key_operator":false,"tooltip_title":"FortisBC Energy Inc.","tooltip_line1":"FortisBC Energy Inc.","tooltip_line2":"Transmission \u00b7 11.0 km","tooltip_line3":"Project 000001248 seg 21 \u00b7 Active","tooltip_line4":"Authority: ERAA \u00b7 BCER permitted","tooltip_line5":"Post-2016 permits only \u2014 layer is partial","tooltip_line6":""}},{"type":"Feature","geometry":{"type":"LineString","coordinates":[[-123.03981,55.2058],[-123.04823,55.20923]]},"properties":{"operator_group":"Other BC operator","is_key_operator":false,"tooltip_title":"FortisBC Energy Inc.","tooltip_line1":"FortisBC Energy Inc.","tooltip_line2":"Transmission \u00b7 0.7 km","tooltip_line3":"Project 000001248 seg 23 \u00b7 Active","tooltip_line4":"Authority: ERAA \u00b7 BCER permitted","tooltip_line5":"Post-2016 permits only \u2014 layer is partial","tooltip_line6":""}},{"type":"Feature","geometry":{"type":"LineString","coordinates":[[-123.13441,55.31151],[-123.1337,55.31178]]},"properties":{"operator_group":"Other BC operator","is_key_operator":false,"tooltip_title":"FortisBC Energy Inc.","tooltip_line1":"FortisBC Energy Inc.","tooltip_line2":"Transmission \u00b7 0.1 km","tooltip_line3":"Project 000001248 seg 24 \u00b7 Active","tooltip_line4":"Authority: ERAA \u00b7 BCER permitted","tooltip_line5":"Post-2016 permits only \u2014 layer is partial","tooltip_line6":""}},{"type":"Feature","geometry":{"type":"LineString","coordinates":[[-123.1337,55.31178],[-123.13299,55.31247]]},"properties":{"operator_group":"Other BC operator","is_key_operator":false,"tooltip_title":"FortisBC Energy Inc.","tooltip_line1":"FortisBC Energy Inc.","tooltip_line2":"Transmission \u00b7 0.1 km","tooltip_line3":"Project 000001248 seg 25 \u00b7 Active","tooltip_line4":"Authority: ERAA \u00b7 BCER permitted","tooltip_line5":"Post-2016 permits only \u2014 layer is partial","tooltip_line6":""}},{"type":"Feature","geometry":{"type":"LineString","coordinates":[[-123.03128,55.20244],[-123.0366,55.20466]]},"properties":{"operator_group":"Other BC operator","is_key_operator":false,"tooltip_title":"FortisBC Energy Inc.","tooltip_line1":"FortisBC Energy Inc.","tooltip_line2":"Transmission \u00b7 0.5 km","tooltip_line3":"Project 000001248 seg 26 \u00b7 Active","tooltip_line4":"Authority: ERAA \u00b7 BCER permitted","tooltip_line5":"Post-2016 permits only \u2014 layer is partial","tooltip_line6":""}},{"type":"Feature","geometry":{"type":"LineString","coordinates":[[-123.15091,55.29375],[-123.15208,55.29564],[-123.14808,55.2992]]},"properties":{"operator_group":"Other BC operator","is_key_operator":false,"tooltip_title":"FortisBC Energy Inc.","tooltip_line1":"FortisBC Energy Inc.","tooltip_line2":"Transmission \u00b7 0.7 km","tooltip_line3":"Project 000001248 seg 28 \u00b7 Active","tooltip_line4":"Authority: ERAA \u00b7 BCER permitted","tooltip_line5":"Post-2016 permits only \u2014 layer is partial","tooltip_line6":""}},{"type":"Feature","geometry":{"type":"LineString","coordinates":[[-123.13482,55.28056],[-123.14205,55.289],[-123.15102,55.29326]]},"properties":{"operator_group":"Other BC operator","is_key_operator":false,"tooltip_title":"FortisBC Energy Inc.","tooltip_line1":"FortisBC Energy Inc.","tooltip_line2":"Transmission \u00b7 1.8 km","tooltip_line3":"Project 000001248 seg 29 \u00b7 Active","tooltip_line4":"Authority: ERAA \u00b7 BCER permitted","tooltip_line5":"Post-2016 permits only \u2014 layer is partial","tooltip_line6":""}},{"type":"Feature","geometry":{"type":"LineString","coordinates":[[-123.15102,55.29326],[-123.15081,55.29372]]},"properties":{"operator_group":"Other BC operator","is_key_operator":false,"tooltip_title":"FortisBC Energy Inc.","tooltip_line1":"FortisBC Energy Inc.","tooltip_line2":"Transmission \u00b7 0.1 km","tooltip_line3":"Project 000001248 seg 30 \u00b7 Active","tooltip_line4":"Authority: ERAA \u00b7 BCER permitted","tooltip_line5":"Post-2016 permits only \u2014 layer is partial","tooltip_line6":""}},{"type":"Feature","geometry":{"type":"LineString","coordinates":[[-122.62721,53.86594],[-122.62034,53.86566]]},"properties":{"operator_group":"Other BC operator","is_key_operator":false,"tooltip_title":"FortisBC Energy Inc.","tooltip_line1":"FortisBC Energy Inc.","tooltip_line2":"Transmission \u00b7 0.5 km","tooltip_line3":"Project 000001257 seg 1 \u00b7 Active","tooltip_line4":"Authority: ERAA \u00b7 BCER permitted","tooltip_line5":"Post-2016 permits only \u2014 layer is partial","tooltip_line6":""}},{"type":"Feature","geometry":{"type":"LineString","coordinates":[[-122.62721,53.86594],[-122.65104,53.86592]]},"properties":{"operator_group":"Other BC operator","is_key_operator":false,"tooltip_title":"FortisBC Energy Inc.","tooltip_line1":"FortisBC Energy Inc.","tooltip_line2":"Transmission \u00b7 1.6 km","tooltip_line3":"Project 000001257 seg 2 \u00b7 Active","tooltip_line4":"Authority: ERAA \u00b7 BCER permitted","tooltip_line5":"Post-2016 permits only \u2014 layer is partial","tooltip_line6":""}},{"type":"Feature","geometry":{"type":"LineString","coordinates":[[-122.65397,53.86592],[-122.65104,53.86592]]},"properties":{"operator_group":"Other BC operator","is_key_operator":false,"tooltip_title":"FortisBC Energy Inc.","tooltip_line1":"FortisBC Energy Inc.","tooltip_line2":"Transmission \u00b7 0.2 km","tooltip_line3":"Project 000001257 seg 3 \u00b7 Active","tooltip_line4":"Authority: ERAA \u00b7 BCER permitted","tooltip_line5":"Post-2016 permits only \u2014 layer is partial","tooltip_line6":""}},{"type":"Feature","geometry":{"type":"LineString","coordinates":[[-122.68048,53.86571],[-122.65397,53.86592]]},"properties":{"operator_group":"Other BC operator","is_key_operator":false,"tooltip_title":"FortisBC Energy Inc.","tooltip_line1":"FortisBC Energy Inc.","tooltip_line2":"Transmission \u00b7 1.8 km","tooltip_line3":"Project 000001257 seg 4 \u00b7 Active","tooltip_line4":"Authority: ERAA \u00b7 BCER permitted","tooltip_line5":"Post-2016 permits only \u2014 layer is partial","tooltip_line6":""}},{"type":"Feature","geometry":{"type":"LineString","coordinates":[[-122.68584,53.86568],[-122.68048,53.86571]]},"properties":{"operator_group":"Other BC operator","is_key_operator":false,"tooltip_title":"FortisBC Energy Inc.","tooltip_line1":"FortisBC Energy Inc.","tooltip_line2":"Transmission \u00b7 0.4 km","tooltip_line3":"Project 000001257 seg 5 \u00b7 Active","tooltip_line4":"Authority: ERAA \u00b7 BCER permitted","tooltip_line5":"Post-2016 permits only \u2014 layer is partial","tooltip_line6":""}},{"type":"Feature","geometry":{"type":"LineString","coordinates":[[-122.68953,53.86568],[-122.68584,53.86568]]},"properties":{"operator_group":"Other BC operator","is_key_operator":false,"tooltip_title":"FortisBC Energy Inc.","tooltip_line1":"FortisBC Energy Inc.","tooltip_line2":"Transmission \u00b7 0.3 km","tooltip_line3":"Project 000001257 seg 6 \u00b7 Active","tooltip_line4":"Authority: ERAA \u00b7 BCER permitted","tooltip_line5":"Post-2016 permits only \u2014 layer is partial","tooltip_line6":""}},{"type":"Feature","geometry":{"type":"LineString","coordinates":[[-122.68953,53.86568],[-122.70591,53.86566],[-122.7059,53.86745]]},"properties":{"operator_group":"Other BC operator","is_key_operator":false,"tooltip_title":"FortisBC Energy Inc.","tooltip_line1":"FortisBC Energy Inc.","tooltip_line2":"Transmission \u00b7 1.3 km","tooltip_line3":"Project 000001257 seg 7 \u00b7 Active","tooltip_line4":"Authority: ERAA \u00b7 BCER permitted","tooltip_line5":"Post-2016 permits only \u2014 layer is partial","tooltip_line6":""}},{"type":"Feature","geometry":{"type":"LineString","coordinates":[[-122.7059,53.86745],[-122.7059,53.87038],[-122.7268,53.87043]]},"properties":{"operator_group":"Other BC operator","is_key_operator":false,"tooltip_title":"FortisBC Energy Inc.","tooltip_line1":"FortisBC Energy Inc.","tooltip_line2":"Transmission \u00b7 1.9 km","tooltip_line3":"Project 000001257 seg 8 \u00b7 Active","tooltip_line4":"Authority: ERAA \u00b7 BCER permitted","tooltip_line5":"Post-2016 permits only \u2014 layer is partial","tooltip_line6":""}},{"type":"Feature","geometry":{"type":"LineString","coordinates":[[-122.73531,53.87522],[-122.73453,53.87116],[-122.73036,53.8711],[-122.7268,53.87043]]},"properties":{"operator_group":"Other BC operator","is_key_operator":false,"tooltip_title":"FortisBC Energy Inc.","tooltip_line1":"FortisBC Energy Inc.","tooltip_line2":"Transmission \u00b7 0.8 km","tooltip_line3":"Project 000001257 seg 9 \u00b7 Active","tooltip_line4":"Authority: ERAA \u00b7 BCER permitted","tooltip_line5":"Post-2016 permits only \u2014 layer is partial","tooltip_line6":""}},{"type":"Feature","geometry":{"type":"LineString","coordinates":[[-122.82577,49.22439],[-122.82577,49.22454]]},"properties":{"operator_group":"Other BC operator","is_key_operator":false,"tooltip_title":"FortisBC Energy Inc.","tooltip_line1":"FortisBC Energy Inc.","tooltip_line2":"Transmission \u00b7 0.0 km","tooltip_line3":"Project 000001263 seg 1 \u00b7 Active","tooltip_line4":"Authority: ERAA \u00b7 BCER permitted","tooltip_line5":"Post-2016 permits only \u2014 layer is partial","tooltip_line6":""}},{"type":"Feature","geometry":{"type":"LineString","coordinates":[[-122.82577,49.22454],[-122.82592,49.22859]]},"properties":{"operator_group":"Other BC operator","is_key_operator":false,"tooltip_title":"FortisBC Energy Inc.","tooltip_line1":"FortisBC Energy Inc.","tooltip_line2":"Transmission \u00b7 0.4 km","tooltip_line3":"Project 000001263 seg 2 \u00b7 Active","tooltip_line4":"Authority: ERAA \u00b7 BCER permitted","tooltip_line5":"Post-2016 permits only \u2014 layer is partial","tooltip_line6":""}},{"type":"Feature","geometry":{"type":"LineString","coordinates":[[-122.82608,49.23264],[-122.82592,49.22859]]},"properties":{"operator_group":"Other BC operator","is_key_operator":false,"tooltip_title":"FortisBC Energy Inc.","tooltip_line1":"FortisBC Energy Inc.","tooltip_line2":"Transmission \u00b7 0.4 km","tooltip_line3":"Project 000001263 seg 3 \u00b7 Active","tooltip_line4":"Authority: ERAA \u00b7 BCER permitted","tooltip_line5":"Post-2016 permits only \u2014 layer is partial","tooltip_line6":""}},{"type":"Feature","geometry":{"type":"LineString","coordinates":[[-122.8251,49.23556],[-122.82494,49.2361],[-122.82209,49.23748]]},"properties":{"operator_group":"Other BC operator","is_key_operator":false,"tooltip_title":"FortisBC Energy Inc.","tooltip_line1":"FortisBC Energy Inc.","tooltip_line2":"Transmission \u00b7 0.3 km","tooltip_line3":"Project 000001263 seg 6 \u00b7 Active","tooltip_line4":"Authority: ERAA \u00b7 BCER permitted","tooltip_line5":"Post-2016 permits only \u2014 layer is partial","tooltip_line6":""}},{"type":"Feature","geometry":{"type":"LineString","coordinates":[[-122.82209,49.23749],[-122.81936,49.23835],[-122.8196,49.23913]]},"properties":{"operator_group":"Other BC operator","is_key_operator":false,"tooltip_title":"FortisBC Energy Inc.","tooltip_line1":"FortisBC Energy Inc.","tooltip_line2":"Transmission \u00b7 0.3 km","tooltip_line3":"Project 000001263 seg 7 \u00b7 Active","tooltip_line4":"Authority: ERAA \u00b7 BCER permitted","tooltip_line5":"Post-2016 permits only \u2014 layer is partial","tooltip_line6":""}},{"type":"Feature","geometry":{"type":"LineString","coordinates":[[-122.8196,49.23913],[-122.81707,49.24116],[-122.81678,49.24896]]},"properties":{"operator_group":"Other BC operator","is_key_operator":false,"tooltip_title":"FortisBC Energy Inc.","tooltip_line1":"FortisBC Energy Inc.","tooltip_line2":"Transmission \u00b7 1.2 km","tooltip_line3":"Project 000001263 seg 8 \u00b7 Active","tooltip_line4":"Authority: ERAA \u00b7 BCER permitted","tooltip_line5":"Post-2016 permits only \u2014 layer is partial","tooltip_line6":""}},{"type":"Feature","geometry":{"type":"LineString","coordinates":[[-122.81678,49.24896],[-122.81678,49.24925]]},"properties":{"operator_group":"Other BC operator","is_key_operator":false,"tooltip_title":"FortisBC Energy Inc.","tooltip_line1":"FortisBC Energy Inc.","tooltip_line2":"Transmission \u00b7 0.0 km","tooltip_line3":"Project 000001263 seg 9 \u00b7 Active","tooltip_line4":"Authority: ERAA \u00b7 BCER permitted","tooltip_line5":"Post-2016 permits only \u2014 layer is partial","tooltip_line6":""}},{"type":"Feature","geometry":{"type":"LineString","coordinates":[[-122.81678,49.24925],[-122.8165,49.26252]]},"properties":{"operator_group":"Other BC operator","is_key_operator":false,"tooltip_title":"FortisBC Energy Inc.","tooltip_line1":"FortisBC Energy Inc.","tooltip_line2":"Transmission \u00b7 1.5 km","tooltip_line3":"Project 000001263 seg 10 \u00b7 Active","tooltip_line4":"Authority: ERAA \u00b7 BCER permitted","tooltip_line5":"Post-2016 permits only \u2014 layer is partial","tooltip_line6":""}},{"type":"Feature","geometry":{"type":"LineString","coordinates":[[-122.8165,49.26252],[-122.8165,49.26262]]},"properties":{"operator_group":"Other BC operator","is_key_operator":false,"tooltip_title":"FortisBC Energy Inc.","tooltip_line1":"FortisBC Energy Inc.","tooltip_line2":"Transmission \u00b7 0.0 km","tooltip_line3":"Project 000001263 seg 11 \u00b7 Active","tooltip_line4":"Authority: ERAA \u00b7 BCER permitted","tooltip_line5":"Post-2016 permits only \u2014 layer is partial","tooltip_line6":""}},{"type":"Feature","geometry":{"type":"LineString","coordinates":[[-122.82608,49.23264],[-122.8251,49.23555]]},"properties":{"operator_group":"Other BC operator","is_key_operator":false,"tooltip_title":"FortisBC Energy Inc.","tooltip_line1":"FortisBC Energy Inc.","tooltip_line2":"Transmission \u00b7 0.3 km","tooltip_line3":"Project 000001263 seg 21 \u00b7 Active","tooltip_line4":"Authority: ERAA \u00b7 BCER permitted","tooltip_line5":"Post-2016 permits only \u2014 layer is partial","tooltip_line6":""}},{"type":"Feature","geometry":{"type":"LineString","coordinates":[[-122.58074,49.10196],[-122.57943,49.10205],[-122.57909,49.105],[-122.57944,49.12664],[-122.57819,49.12794],[-122.57812,49.13146],[-122.5793,49.13241],[-122.57885,49.15384],[-122.59169,49.15401],[-122.59075,49.16416],[-122.58913,49.16988],[-122.58858,49.17041],[-122.59537,49.17359],[-122.60607,49.17544],[-122.61103,49.17564],[-122.67863,49.17573],[-122.68561,49.17533],[-122.78373,49.17576],[-122.82756,49.17561],[-122.83948,49.17291]]},"properties":{"operator_group":"Other BC operator","is_key_operator":false,"tooltip_title":"FortisBC Energy Inc.","tooltip_line1":"FortisBC Energy Inc.","tooltip_line2":"Transmission \u00b7 27.3 km","tooltip_line3":"Project 000001265 seg 1 \u00b7 Active","tooltip_line4":"Authority: ERAA \u00b7 BCER permitted","tooltip_line5":"Post-2016 permits only \u2014 layer is partial","tooltip_line6":""}},{"type":"Feature","geometry":{"type":"LineString","coordinates":[[-122.66536,54.00473],[-122.68131,53.99835],[-122.68532,53.99829]]},"properties":{"operator_group":"Other BC operator","is_key_operator":false,"tooltip_title":"FortisBC Energy Inc.","tooltip_line1":"FortisBC Energy Inc.","tooltip_line2":"Transmission \u00b7 1.4 km","tooltip_line3":"Project 000001282 seg 3 \u00b7 Active","tooltip_line4":"Authority: ERAA \u00b7 BCER permitted","tooltip_line5":"Post-2016 permits only \u2014 layer is partial","tooltip_line6":""}},{"type":"Feature","geometry":{"type":"LineString","coordinates":[[-122.68532,53.99829],[-122.6916,53.99823],[-122.69362,53.9911]]},"properties":{"operator_group":"Other BC operator","is_key_operator":false,"tooltip_title":"FortisBC Energy Inc.","tooltip_line1":"FortisBC Energy Inc.","tooltip_line2":"Transmission \u00b7 1.2 km","tooltip_line3":"Project 000001282 seg 4 \u00b7 Active","tooltip_line4":"Authority: ERAA \u00b7 BCER permitted","tooltip_line5":"Post-2016 permits only \u2014 layer is partial","tooltip_line6":""}},{"type":"Feature","geometry":{"type":"LineString","coordinates":[[-122.69362,53.9911],[-122.69568,53.98315]]},"properties":{"operator_group":"Other BC operator","is_key_operator":false,"tooltip_title":"FortisBC Energy Inc.","tooltip_line1":"FortisBC Energy Inc.","tooltip_line2":"Transmission \u00b7 1.0 km","tooltip_line3":"Project 000001282 seg 5 \u00b7 Active","tooltip_line4":"Authority: ERAA \u00b7 BCER permitted","tooltip_line5":"Post-2016 permits only \u2014 layer is partial","tooltip_line6":""}},{"type":"Feature","geometry":{"type":"LineString","coordinates":[[-122.69568,53.98315],[-122.69569,53.98138]]},"properties":{"operator_group":"Other BC operator","is_key_operator":false,"tooltip_title":"FortisBC Energy Inc.","tooltip_line1":"FortisBC Energy Inc.","tooltip_line2":"Transmission \u00b7 0.2 km","tooltip_line3":"Project 000001282 seg 6 \u00b7 Active","tooltip_line4":"Authority: ERAA \u00b7 BCER permitted","tooltip_line5":"Post-2016 permits only \u2014 layer is partial","tooltip_line6":""}},{"type":"Feature","geometry":{"type":"LineString","coordinates":[[-122.66536,54.00472],[-122.66297,54.00518],[-122.64528,54.00529]]},"properties":{"operator_group":"Other BC operator","is_key_operator":false,"tooltip_title":"FortisBC Energy Inc.","tooltip_line1":"FortisBC Energy Inc.","tooltip_line2":"Transmission \u00b7 1.3 km","tooltip_line3":"Project 000001282 seg 7 \u00b7 Active","tooltip_line4":"Authority: ERAA \u00b7 BCER permitted","tooltip_line5":"Post-2016 permits only \u2014 layer is partial","tooltip_line6":""}},{"type":"Feature","geometry":{"type":"LineString","coordinates":[[-120.39837,50.68617],[-120.39762,50.68573],[-120.39721,50.68341],[-120.39766,50.68259],[-120.39873,50.68225],[-120.39769,50.68125],[-120.39812,50.67996],[-120.39675,50.67924],[-120.3943,50.6789],[-120.3929,50.67559],[-120.39126,50.67428],[-120.38971,50.67209],[-120.38884,50.66901],[-120.39043,50.66637],[-120.40165,50.66345]]},"properties":{"operator_group":"Other BC operator","is_key_operator":false,"tooltip_title":"FortisBC Energy Inc.","tooltip_line1":"FortisBC Energy Inc.","tooltip_line2":"Transmission \u00b7 3.5 km","tooltip_line3":"Project 000001294 seg 6 \u00b7 Active","tooltip_line4":"Authority: ERAA \u00b7 BCER permitted","tooltip_line5":"Post-2016 permits only \u2014 layer is partial","tooltip_line6":""}},{"type":"Feature","geometry":{"type":"LineString","coordinates":[[-122.07224,56.02772],[-122.07184,56.02762]]},"properties":{"operator_group":"Other BC operator","is_key_operator":false,"tooltip_title":"FortisBC Energy Inc.","tooltip_line1":"FortisBC Energy Inc.","tooltip_line2":"Transmission \u00b7 0.0 km","tooltip_line3":"Project 000001316 seg 1 \u00b7 Active","tooltip_line4":"Authority: ERAA \u00b7 BCER permitted","tooltip_line5":"Post-2016 permits only \u2014 layer is partial","tooltip_line6":""}},{"type":"Feature","geometry":{"type":"LineString","coordinates":[[-122.07184,56.02762],[-122.05598,56.03044],[-122.05126,56.02993],[-122.02513,56.03023],[-122.01881,56.0307],[-122.01407,56.03193],[-122.00716,56.03095]]},"properties":{"operator_group":"Other BC operator","is_key_operator":false,"tooltip_title":"FortisBC Energy Inc.","tooltip_line1":"FortisBC Energy Inc.","tooltip_line2":"Transmission \u00b7 4.2 km","tooltip_line3":"Project 000001316 seg 2 \u00b7 Active","tooltip_line4":"Authority: ERAA \u00b7 BCER permitted","tooltip_line5":"Post-2016 permits only \u2014 layer is partial","tooltip_line6":""}},{"type":"Feature","geometry":{"type":"LineString","coordinates":[[-121.93293,56.02799],[-121.93093,56.02865],[-121.92943,56.02863],[-121.92739,56.02768],[-121.92316,56.02821],[-121.92229,56.0271]]},"properties":{"operator_group":"Other BC operator","is_key_operator":false,"tooltip_title":"FortisBC Energy Inc.","tooltip_line1":"FortisBC Energy Inc.","tooltip_line2":"Transmission \u00b7 0.8 km","tooltip_line3":"Project 000001316 seg 3 \u00b7 Active","tooltip_line4":"Authority: ERAA \u00b7 BCER permitted","tooltip_line5":"Post-2016 permits only \u2014 layer is partial","tooltip_line6":""}},{"type":"Feature","geometry":{"type":"LineString","coordinates":[[-121.94099,56.02677],[-121.93863,56.02637],[-121.93293,56.02799]]},"properties":{"operator_group":"Other BC operator","is_key_operator":false,"tooltip_title":"FortisBC Energy Inc.","tooltip_line1":"FortisBC Energy Inc.","tooltip_line2":"Transmission \u00b7 0.6 km","tooltip_line3":"Project 000001316 seg 10 \u00b7 Active","tooltip_line4":"Authority: ERAA \u00b7 BCER permitted","tooltip_line5":"Post-2016 permits only \u2014 layer is partial","tooltip_line6":""}},{"type":"Feature","geometry":{"type":"LineString","coordinates":[[-121.94584,56.02735],[-121.94359,56.0275],[-121.94099,56.02677]]},"properties":{"operator_group":"Other BC operator","is_key_operator":false,"tooltip_title":"FortisBC Energy Inc.","tooltip_line1":"FortisBC Energy Inc.","tooltip_line2":"Transmission \u00b7 0.3 km","tooltip_line3":"Project 000001316 seg 11 \u00b7 Active","tooltip_line4":"Authority: ERAA \u00b7 BCER permitted","tooltip_line5":"Post-2016 permits only \u2014 layer is partial","tooltip_line6":""}},{"type":"Feature","geometry":{"type":"LineString","coordinates":[[-122.00374,56.03084],[-121.98678,56.03323],[-121.98093,56.03304],[-121.96083,56.03153],[-121.95835,56.03081],[-121.95497,56.02816],[-121.94583,56.02744]]},"properties":{"operator_group":"Other BC operator","is_key_operator":false,"tooltip_title":"FortisBC Energy Inc.","tooltip_line1":"FortisBC Energy Inc.","tooltip_line2":"Transmission \u00b7 3.8 km","tooltip_line3":"Project 000001316 seg 13 \u00b7 Active","tooltip_line4":"Authority: ERAA \u00b7 BCER permitted","tooltip_line5":"Post-2016 permits only \u2014 layer is partial","tooltip_line6":""}},{"type":"Feature","geometry":{"type":"LineString","coordinates":[[-122.00716,56.03095],[-122.00375,56.03084]]},"properties":{"operator_group":"Other BC operator","is_key_operator":false,"tooltip_title":"FortisBC Energy Inc.","tooltip_line1":"FortisBC Energy Inc.","tooltip_line2":"Transmission \u00b7 0.2 km","tooltip_line3":"Project 000001316 seg 14 \u00b7 Active","tooltip_line4":"Authority: ERAA \u00b7 BCER permitted","tooltip_line5":"Post-2016 permits only \u2014 layer is partial","tooltip_line6":""}},{"type":"Feature","geometry":{"type":"LineString","coordinates":[[-121.62823,55.70323],[-121.62843,55.70301]]},"properties":{"operator_group":"Other BC operator","is_key_operator":false,"tooltip_title":"FortisBC Energy Inc.","tooltip_line1":"FortisBC Energy Inc.","tooltip_line2":"Transmission \u00b7 0.0 km","tooltip_line3":"Project 000001321 seg 1 \u00b7 Active","tooltip_line4":"Authority: ERAA \u00b7 BCER permitted","tooltip_line5":"Post-2016 permits only \u2014 layer is partial","tooltip_line6":""}},{"type":"Feature","geometry":{"type":"LineString","coordinates":[[-120.86091,56.24119],[-120.86051,56.25561],[-120.86052,56.25657],[-120.86099,56.25657]]},"properties":{"operator_group":"Other BC operator","is_key_operator":false,"tooltip_title":"Pacific Northern Gas (N.E.) Ltd.","tooltip_line1":"Pacific Northern Gas (N.E.) Ltd.","tooltip_line2":"Transmission \u00b7 1.8 km","tooltip_line3":"Project 000001372 seg 1 \u00b7 Active","tooltip_line4":"Authority: ERAA \u00b7 BCER permitted","tooltip_line5":"Post-2016 permits only \u2014 layer is partial","tooltip_line6":""}},{"type":"Feature","geometry":{"type":"LineString","coordinates":[[-128.53379,54.45074],[-128.5309,54.44673],[-128.53058,54.44545],[-128.53357,54.44273],[-128.53172,54.44108],[-128.53176,54.43417],[-128.53229,54.43105],[-128.5317,54.42576],[-128.53204,54.41908],[-128.53015,54.41766],[-128.52107,54.41439],[-128.5193,54.41293],[-128.51783,54.41054],[-128.5145,54.40921],[-128.51413,54.40558],[-128.51439,54.40419],[-128.51525,54.40323],[-128.51457,54.3999],[-128.51004,54.39317],[-128.51327,54.3857],[-128.52096,54.38112],[-128.53135,54.36853],[-128.53432,54.36456],[-128.53571,54.36168],[-128.53753,54.36058],[-128.53915,54.35845]]},"properties":{"operator_group":"Other BC operator","is_key_operator":false,"tooltip_title":"Pacific Northern Gas Ltd.","tooltip_line1":"Pacific Northern Gas Ltd.","tooltip_line2":"Transmission \u00b7 11.6 km","tooltip_line3":"Project 000001422 seg 24 \u00b7 Active","tooltip_line4":"Authority: ERAA \u00b7 BCER permitted","tooltip_line5":"Post-2016 permits only \u2014 layer is partial","tooltip_line6":""}},{"type":"Feature","geometry":{"type":"LineString","coordinates":[[-128.69533,54.05496],[-128.69931,54.05428],[-128.70118,54.05291],[-128.703,54.05235],[-128.70699,54.05289],[-128.70949,54.05158],[-128.71007,54.05081],[-128.7105,54.04797],[-128.71321,54.04358]]},"properties":{"operator_group":"Other BC operator","is_key_operator":false,"tooltip_title":"Pacific Northern Gas Ltd.","tooltip_line1":"Pacific Northern Gas Ltd.","tooltip_line2":"Transmission \u00b7 2.0 km","tooltip_line3":"Project 000001422 seg 25 \u00b7 Active","tooltip_line4":"Authority: ERAA \u00b7 BCER permitted","tooltip_line5":"Post-2016 permits only \u2014 layer is partial","tooltip_line6":""}},{"type":"Feature","geometry":{"type":"LineString","coordinates":[[-128.60158,54.112],[-128.60153,54.11364],[-128.59876,54.12169],[-128.59713,54.12311],[-128.58872,54.13326],[-128.58686,54.13946],[-128.58681,54.14112],[-128.58536,54.14294],[-128.586,54.14467],[-128.58363,54.15007],[-128.58287,54.15343],[-128.56721,54.17935],[-128.56559,54.18903],[-128.56323,54.19034],[-128.5622,54.19448],[-128.55064,54.20736],[-128.55033,54.2082],[-128.54732,54.21003],[-128.54715,54.21263],[-128.54543,54.21629],[-128.54224,54.21975],[-128.54309,54.22212],[-128.54254,54.22369],[-128.54143,54.22494],[-128.54213,54.2276],[-128.53937,54.23299],[-128.53889,54.23501],[-128.53662,54.23811],[-128.53428,54.23998],[-128.5343,54.24359],[-128.53209,54.24623],[-128.53162,54.24771],[-128.52902,54.24958],[-128.52458,54.25023],[-128.52398,54.2542],[-128.52336,54.256],[-128.52285,54.25622],[-128.52248,54.25886],[-128.51803,54.26648],[-128.51936,54.27317],[-128.532,54.27776],[-128.53561,54.30069],[-128.535,54.31327],[-128.5357,54.31428],[-128.53448,54.32694],[-128.53581,54.33743],[-128.5365,54.34893],[-128.53698,54.35213],[-128.53849,54.35468],[-128.53843,54.359],[-128.53486,54.3626],[-128.53392,54.36501],[-128.53273,54.3655],[-128.52077,54.38106],[-128.51391,54.38524],[-128.51004,54.39317],[-128.51426,54.39947],[-128.51515,54.40264],[-128.51501,54.40359],[-128.51405,54.40441],[-128.51405,54.40884],[-128.5129,54.41209],[-128.51442,54.414],[-128.51289,54.41702],[-128.51455,54.4183],[-128.53288,54.42007],[-128.53338,54.4402],[-128.53283,54.44193],[-128.53371,54.44262],[-128.53122,54.44457],[-128.53065,54.44554],[-128.53242,54.4495],[-128.53366,54.45079],[-128.53325,54.45094]]},"properties":{"operator_group":"Other BC operator","is_key_operator":false,"tooltip_title":"Pacific Northern Gas Ltd.","tooltip_line1":"Pacific Northern Gas Ltd.","tooltip_line2":"Transmission \u00b7 41.5 km","tooltip_line3":"Project 000001422 seg 27 \u00b7 Active","tooltip_line4":"Authority: ERAA \u00b7 BCER permitted","tooltip_line5":"Post-2016 permits only \u2014 layer is partial","tooltip_line6":""}},{"type":"Feature","geometry":{"type":"LineString","coordinates":[[-128.81752,54.41469],[-128.82173,54.4121]]},"properties":{"operator_group":"Other BC operator","is_key_operator":false,"tooltip_title":"Pacific Northern Gas Ltd.","tooltip_line1":"Pacific Northern Gas Ltd.","tooltip_line2":"Transmission \u00b7 0.4 km","tooltip_line3":"Project 000001422 seg 36 \u00b7 Active","tooltip_line4":"Authority: ERAA \u00b7 BCER permitted","tooltip_line5":"Post-2016 permits only \u2014 layer is partial","tooltip_line6":""}},{"type":"Feature","geometry":{"type":"LineString","coordinates":[[-128.53915,54.35845],[-128.53848,54.35807],[-128.53851,54.3546],[-128.53701,54.35205],[-128.53637,54.34728]]},"properties":{"operator_group":"Other BC operator","is_key_operator":false,"tooltip_title":"Pacific Northern Gas Ltd.","tooltip_line1":"Pacific Northern Gas Ltd.","tooltip_line2":"Transmission \u00b7 1.3 km","tooltip_line3":"Project 000001422 seg 42 \u00b7 Active","tooltip_line4":"Authority: ERAA \u00b7 BCER permitted","tooltip_line5":"Post-2016 permits only \u2014 layer is partial","tooltip_line6":""}},{"type":"Feature","geometry":{"type":"LineString","coordinates":[[-128.53635,54.34672],[-128.53637,54.34728]]},"properties":{"operator_group":"Other BC operator","is_key_operator":false,"tooltip_title":"Pacific Northern Gas Ltd.","tooltip_line1":"Pacific Northern Gas Ltd.","tooltip_line2":"Transmission \u00b7 0.1 km","tooltip_line3":"Project 000001422 seg 43 \u00b7 Active","tooltip_line4":"Authority: ERAA \u00b7 BCER permitted","tooltip_line5":"Post-2016 permits only \u2014 layer is partial","tooltip_line6":""}},{"type":"Feature","geometry":{"type":"LineString","coordinates":[[-128.53552,54.33875],[-128.53436,54.32653],[-128.53566,54.31236],[-128.53525,54.31095],[-128.53598,54.30247],[-128.53161,54.27342],[-128.52114,54.26925],[-128.5186,54.26689],[-128.52002,54.26319],[-128.52278,54.261],[-128.52286,54.2575],[-128.52383,54.25332]]},"properties":{"operator_group":"Other BC operator","is_key_operator":false,"tooltip_title":"Pacific Northern Gas Ltd.","tooltip_line1":"Pacific Northern Gas Ltd.","tooltip_line2":"Transmission \u00b7 10.0 km","tooltip_line3":"Project 000001422 seg 45 \u00b7 Active","tooltip_line4":"Authority: ERAA \u00b7 BCER permitted","tooltip_line5":"Post-2016 permits only \u2014 layer is partial","tooltip_line6":""}},{"type":"Feature","geometry":{"type":"LineString","coordinates":[[-128.52383,54.25331],[-128.52436,54.25042],[-128.52741,54.25077],[-128.52941,54.24945]]},"properties":{"operator_group":"Other BC operator","is_key_operator":false,"tooltip_title":"Pacific Northern Gas Ltd.","tooltip_line1":"Pacific Northern Gas Ltd.","tooltip_line2":"Transmission \u00b7 0.7 km","tooltip_line3":"Project 000001422 seg 46 \u00b7 Active","tooltip_line4":"Authority: ERAA \u00b7 BCER permitted","tooltip_line5":"Post-2016 permits only \u2014 layer is partial","tooltip_line6":""}},{"type":"Feature","geometry":{"type":"LineString","coordinates":[[-128.52942,54.24944],[-128.53128,54.24812],[-128.53184,54.24636],[-128.53376,54.24458],[-128.53455,54.24234],[-128.53431,54.24005],[-128.53866,54.23461],[-128.54137,54.22947]]},"properties":{"operator_group":"Other BC operator","is_key_operator":false,"tooltip_title":"Pacific Northern Gas Ltd.","tooltip_line1":"Pacific Northern Gas Ltd.","tooltip_line2":"Transmission \u00b7 2.4 km","tooltip_line3":"Project 000001422 seg 47 \u00b7 Active","tooltip_line4":"Authority: ERAA \u00b7 BCER permitted","tooltip_line5":"Post-2016 permits only \u2014 layer is partial","tooltip_line6":""}},{"type":"Feature","geometry":{"type":"LineString","coordinates":[[-128.56218,54.48913],[-128.56145,54.4867],[-128.56091,54.4799],[-128.56132,54.4784],[-128.55727,54.47512],[-128.55659,54.47357],[-128.54924,54.46729],[-128.54539,54.46464],[-128.54541,54.46407],[-128.5338,54.45076]]},"properties":{"operator_group":"Other BC operator","is_key_operator":false,"tooltip_title":"Pacific Northern Gas Ltd.","tooltip_line1":"Pacific Northern Gas Ltd.","tooltip_line2":"Transmission \u00b7 4.8 km","tooltip_line3":"Project 000001422 seg 48 \u00b7 Active","tooltip_line4":"Authority: ERAA \u00b7 BCER permitted","tooltip_line5":"Post-2016 permits only \u2014 layer is partial","tooltip_line6":""}},{"type":"Feature","geometry":{"type":"LineString","coordinates":[[-128.53635,54.34672],[-128.53548,54.3461],[-128.53506,54.34221],[-128.53479,54.33926],[-128.53552,54.33875]]},"properties":{"operator_group":"Other BC operator","is_key_operator":false,"tooltip_title":"Pacific Northern Gas Ltd.","tooltip_line1":"Pacific Northern Gas Ltd.","tooltip_line2":"Transmission \u00b7 0.9 km","tooltip_line3":"Project 000001422 seg 49 \u00b7 Active","tooltip_line4":"Authority: ERAA \u00b7 BCER permitted","tooltip_line5":"Post-2016 permits only \u2014 layer is partial","tooltip_line6":""}},{"type":"Feature","geometry":{"type":"LineString","coordinates":[[-128.69125,54.06638],[-128.68868,54.06587]]},"properties":{"operator_group":"Other BC operator","is_key_operator":false,"tooltip_title":"Pacific Northern Gas Ltd.","tooltip_line1":"Pacific Northern Gas Ltd.","tooltip_line2":"Transmission \u00b7 0.2 km","tooltip_line3":"Project 000001422 seg 51 \u00b7 Active","tooltip_line4":"Authority: ERAA \u00b7 BCER permitted","tooltip_line5":"Post-2016 permits only \u2014 layer is partial","tooltip_line6":""}},{"type":"Feature","geometry":{"type":"LineString","coordinates":[[-128.60158,54.112],[-128.60136,54.10819]]},"properties":{"operator_group":"Other BC operator","is_key_operator":false,"tooltip_title":"Pacific Northern Gas Ltd.","tooltip_line1":"Pacific Northern Gas Ltd.","tooltip_line2":"Transmission \u00b7 0.4 km","tooltip_line3":"Project 000001422 seg 59 \u00b7 Active","tooltip_line4":"Authority: ERAA \u00b7 BCER permitted","tooltip_line5":"Post-2016 permits only \u2014 layer is partial","tooltip_line6":""}},{"type":"Feature","geometry":{"type":"LineString","coordinates":[[-128.60136,54.10819],[-128.60075,54.10248],[-128.60041,54.08988],[-128.60742,54.07429],[-128.60701,54.07168],[-128.60625,54.07028],[-128.60016,54.06104],[-128.60181,54.05784],[-128.6001,54.0564],[-128.60023,54.05567],[-128.60717,54.04869],[-128.62502,54.04892],[-128.64125,54.05135],[-128.64496,54.05019],[-128.65893,54.0439],[-128.65989,54.04288],[-128.65996,54.04231],[-128.65391,54.03657],[-128.65371,54.03462],[-128.6789,54.03422],[-128.68063,54.03533],[-128.68224,54.03534],[-128.68539,54.03331],[-128.68558,54.03115]]},"properties":{"operator_group":"Other BC operator","is_key_operator":false,"tooltip_title":"Pacific Northern Gas Ltd.","tooltip_line1":"Pacific Northern Gas Ltd.","tooltip_line2":"Transmission \u00b7 14.3 km","tooltip_line3":"Project 000001422 seg 60 \u00b7 Active","tooltip_line4":"Authority: ERAA \u00b7 BCER permitted","tooltip_line5":"Post-2016 permits only \u2014 layer is partial","tooltip_line6":""}},{"type":"Feature","geometry":{"type":"LineString","coordinates":[[-128.60158,54.112],[-128.60136,54.10819]]},"properties":{"operator_group":"Other BC operator","is_key_operator":false,"tooltip_title":"Pacific Northern Gas Ltd.","tooltip_line1":"Pacific Northern Gas Ltd.","tooltip_line2":"Transmission \u00b7 0.4 km","tooltip_line3":"Project 000001422 seg 61 \u00b7 Active","tooltip_line4":"Authority: ERAA \u00b7 BCER permitted","tooltip_line5":"Post-2016 permits only \u2014 layer is partial","tooltip_line6":""}},{"type":"Feature","geometry":{"type":"LineString","coordinates":[[-122.72084,55.22229],[-122.72084,55.22225]]},"properties":{"operator_group":"Other BC operator","is_key_operator":false,"tooltip_title":"FortisBC Energy Inc.","tooltip_line1":"FortisBC Energy Inc.","tooltip_line2":"Transmission \u00b7 0.0 km","tooltip_line3":"Project 000001435 seg 1 \u00b7 Active","tooltip_line4":"Authority: ERAA \u00b7 BCER permitted","tooltip_line5":"Post-2016 permits only \u2014 layer is partial","tooltip_line6":""}},{"type":"Feature","geometry":{"type":"LineString","coordinates":[[-122.68893,53.92055],[-122.69074,53.92645],[-122.6942,53.92616],[-122.69755,53.9265]]},"properties":{"operator_group":"Other BC operator","is_key_operator":false,"tooltip_title":"FortisBC Energy Inc.","tooltip_line1":"FortisBC Energy Inc.","tooltip_line2":"Transmission \u00b7 1.1 km","tooltip_line3":"Project 000001440 seg 1 \u00b7 Active","tooltip_line4":"Authority: ERAA \u00b7 BCER permitted","tooltip_line5":"Post-2016 permits only \u2014 layer is partial","tooltip_line6":""}},{"type":"Feature","geometry":{"type":"LineString","coordinates":[[-122.69755,53.9265],[-122.70857,53.92806],[-122.70882,53.92737]]},"properties":{"operator_group":"Other BC operator","is_key_operator":false,"tooltip_title":"FortisBC Energy Inc.","tooltip_line1":"FortisBC Energy Inc.","tooltip_line2":"Transmission \u00b7 1.1 km","tooltip_line3":"Project 000001440 seg 2 \u00b7 Active","tooltip_line4":"Authority: ERAA \u00b7 BCER permitted","tooltip_line5":"Post-2016 permits only \u2014 layer is partial","tooltip_line6":""}},{"type":"Feature","geometry":{"type":"LineString","coordinates":[[-119.28818,50.33919],[-119.28068,50.34014],[-119.26523,50.3401]]},"properties":{"operator_group":"Other BC operator","is_key_operator":false,"tooltip_title":"FortisBC Energy Inc.","tooltip_line1":"FortisBC Energy Inc.","tooltip_line2":"Transmission \u00b7 1.7 km","tooltip_line3":"Project 000001442 seg 1 \u00b7 Active","tooltip_line4":"Authority: ERAA \u00b7 BCER permitted","tooltip_line5":"Post-2016 permits only \u2014 layer is partial","tooltip_line6":""}},{"type":"Feature","geometry":{"type":"LineString","coordinates":[[-119.67917,49.58856],[-119.67911,49.589],[-119.68134,49.58903],[-119.68131,49.59018],[-119.68352,49.59134],[-119.68511,49.59147],[-119.68732,49.59265],[-119.68929,49.5927],[-119.68925,49.59433],[-119.69312,49.59444],[-119.693,49.59522],[-119.69445,49.59662],[-119.69643,49.60252],[-119.69632,49.60345],[-119.69525,49.60377],[-119.69517,49.6057],[-119.69371,49.60568],[-119.69355,49.61109],[-119.6969,49.61111],[-119.69695,49.61257],[-119.69862,49.61466],[-119.69887,49.61851],[-119.69845,49.61947]]},"properties":{"operator_group":"Other BC operator","is_key_operator":false,"tooltip_title":"FortisBC Energy Inc.","tooltip_line1":"FortisBC Energy Inc.","tooltip_line2":"Transmission \u00b7 4.8 km","tooltip_line3":"Project 000001473 seg 1 \u00b7 Active","tooltip_line4":"Authority: ERAA \u00b7 BCER permitted","tooltip_line5":"Post-2016 permits only \u2014 layer is partial","tooltip_line6":""}},{"type":"Feature","geometry":{"type":"LineString","coordinates":[[-119.69845,49.61947],[-119.69811,49.621],[-119.69906,49.62216],[-119.69901,49.62371],[-119.70085,49.62511],[-119.70337,49.62924],[-119.70461,49.63241],[-119.70504,49.6361],[-119.71678,49.65125],[-119.71929,49.65287]]},"properties":{"operator_group":"Other BC operator","is_key_operator":false,"tooltip_title":"FortisBC Energy Inc.","tooltip_line1":"FortisBC Energy Inc.","tooltip_line2":"Transmission \u00b7 4.1 km","tooltip_line3":"Project 000001473 seg 2 \u00b7 Active","tooltip_line4":"Authority: ERAA \u00b7 BCER permitted","tooltip_line5":"Post-2016 permits only \u2014 layer is partial","tooltip_line6":""}},{"type":"Feature","geometry":{"type":"LineString","coordinates":[[-119.71929,49.65287],[-119.72478,49.65821],[-119.72776,49.66249],[-119.72962,49.66712],[-119.74134,49.66833],[-119.75654,49.67532],[-119.7644,49.67954],[-119.76762,49.68328],[-119.77097,49.69305],[-119.77388,49.6993],[-119.77557,49.70437],[-119.7768,49.70558],[-119.77646,49.70708],[-119.77521,49.70903],[-119.77524,49.71018],[-119.77846,49.71646],[-119.77845,49.71893],[-119.77769,49.71984],[-119.77221,49.72163],[-119.77054,49.7232],[-119.76973,49.72617],[-119.77411,49.73261],[-119.77396,49.73361],[-119.77148,49.73641],[-119.77069,49.74121],[-119.76827,49.74326],[-119.76847,49.74485],[-119.76906,49.74546]]},"properties":{"operator_group":"Other BC operator","is_key_operator":false,"tooltip_title":"FortisBC Energy Inc.","tooltip_line1":"FortisBC Energy Inc.","tooltip_line2":"Transmission \u00b7 12.9 km","tooltip_line3":"Project 000001473 seg 3 \u00b7 Active","tooltip_line4":"Authority: ERAA \u00b7 BCER permitted","tooltip_line5":"Post-2016 permits only \u2014 layer is partial","tooltip_line6":""}},{"type":"Feature","geometry":{"type":"LineString","coordinates":[[-119.76906,49.74546],[-119.76935,49.74607],[-119.76782,49.74661],[-119.76462,49.74623],[-119.76452,49.74954],[-119.76391,49.75074],[-119.76268,49.75205],[-119.75877,49.75424],[-119.75591,49.75709],[-119.75123,49.76244],[-119.75122,49.76391],[-119.75174,49.76467],[-119.74794,49.76689],[-119.74788,49.76874]]},"properties":{"operator_group":"Other BC operator","is_key_operator":false,"tooltip_title":"FortisBC Energy Inc.","tooltip_line1":"FortisBC Energy Inc.","tooltip_line2":"Transmission \u00b7 3.5 km","tooltip_line3":"Project 000001473 seg 4 \u00b7 Active","tooltip_line4":"Authority: ERAA \u00b7 BCER permitted","tooltip_line5":"Post-2016 permits only \u2014 layer is partial","tooltip_line6":""}},{"type":"Feature","geometry":{"type":"LineString","coordinates":[[-119.74788,49.76874],[-119.74784,49.76943],[-119.74289,49.77387],[-119.74193,49.77614],[-119.74195,49.7786],[-119.7402,49.77947]]},"properties":{"operator_group":"Other BC operator","is_key_operator":false,"tooltip_title":"FortisBC Energy Inc.","tooltip_line1":"FortisBC Energy Inc.","tooltip_line2":"Transmission \u00b7 1.4 km","tooltip_line3":"Project 000001473 seg 5 \u00b7 Active","tooltip_line4":"Authority: ERAA \u00b7 BCER permitted","tooltip_line5":"Post-2016 permits only \u2014 layer is partial","tooltip_line6":""}},{"type":"Feature","geometry":{"type":"LineString","coordinates":[[-119.7402,49.77947],[-119.73943,49.77994],[-119.73852,49.78196],[-119.73714,49.78344]]},"properties":{"operator_group":"Other BC operator","is_key_operator":false,"tooltip_title":"FortisBC Energy Inc.","tooltip_line1":"FortisBC Energy Inc.","tooltip_line2":"Transmission \u00b7 0.5 km","tooltip_line3":"Project 000001473 seg 6 \u00b7 Active","tooltip_line4":"Authority: ERAA \u00b7 BCER permitted","tooltip_line5":"Post-2016 permits only \u2014 layer is partial","tooltip_line6":""}},{"type":"Feature","geometry":{"type":"LineString","coordinates":[[-119.73714,49.78344],[-119.73598,49.78497],[-119.73092,49.78806],[-119.71631,49.78792],[-119.71716,49.78987],[-119.71682,49.79034],[-119.71353,49.79087]]},"properties":{"operator_group":"Other BC operator","is_key_operator":false,"tooltip_title":"FortisBC Energy Inc.","tooltip_line1":"FortisBC Energy Inc.","tooltip_line2":"Transmission \u00b7 2.4 km","tooltip_line3":"Project 000001473 seg 7 \u00b7 Active","tooltip_line4":"Authority: ERAA \u00b7 BCER permitted","tooltip_line5":"Post-2016 permits only \u2014 layer is partial","tooltip_line6":""}},{"type":"Feature","geometry":{"type":"LineString","coordinates":[[-115.46907,49.28045],[-115.46905,49.2815],[-115.46984,49.28286],[-115.47813,49.28742],[-115.47957,49.28939],[-115.48693,49.29593],[-115.49132,49.3036],[-115.4927,49.30713],[-115.49686,49.30952],[-115.49916,49.31415],[-115.49849,49.31825],[-115.49942,49.31916],[-115.49962,49.32065],[-115.4989,49.3217],[-115.49896,49.32293],[-115.50043,49.32583],[-115.49913,49.32764],[-115.50071,49.33291],[-115.50085,49.33509],[-115.50556,49.33929],[-115.50847,49.34097],[-115.5097,49.34311],[-115.51115,49.34435],[-115.51742,49.34765],[-115.5215,49.35226],[-115.5258,49.35368],[-115.53913,49.3546],[-115.54067,49.35662],[-115.5418,49.35966],[-115.54649,49.36361],[-115.55029,49.36379],[-115.55627,49.36688],[-115.5619,49.36855],[-115.56438,49.3706],[-115.57158,49.37295],[-115.57596,49.37578],[-115.58072,49.37811],[-115.58457,49.38087],[-115.58924,49.38181],[-115.59283,49.38201],[-115.59496,49.38146],[-115.59664,49.38203],[-115.59851,49.3833],[-115.60094,49.38614],[-115.60238,49.38898],[-115.61026,49.39091],[-115.61333,49.3965],[-115.61878,49.39927],[-115.6219,49.40201],[-115.62451,49.41152],[-115.63065,49.41984],[-115.63639,49.42232],[-115.64371,49.4273],[-115.6488,49.43688],[-115.65493,49.43909],[-115.66338,49.44017],[-115.68352,49.44989],[-115.68804,49.45264],[-115.69527,49.45434],[-115.69725,49.45535],[-115.69944,49.45837],[-115.70615,49.46574],[-115.71388,49.47155]]},"properties":{"operator_group":"Other BC operator","is_key_operator":false,"tooltip_title":"FortisBC Energy Inc.","tooltip_line1":"FortisBC Energy Inc.","tooltip_line2":"Transmission \u00b7 30.1 km","tooltip_line3":"Project 000001474 seg 1 \u00b7 Active","tooltip_line4":"Authority: ERAA \u00b7 BCER permitted","tooltip_line5":"Post-2016 permits only \u2014 layer is partial","tooltip_line6":""}},{"type":"Feature","geometry":{"type":"LineString","coordinates":[[-115.71388,49.47155],[-115.72079,49.47672]]},"properties":{"operator_group":"Other BC operator","is_key_operator":false,"tooltip_title":"FortisBC Energy Inc.","tooltip_line1":"FortisBC Energy Inc.","tooltip_line2":"Transmission \u00b7 1.3 km","tooltip_line3":"Project 000001474 seg 2 \u00b7 Active","tooltip_line4":"Authority: ERAA \u00b7 BCER permitted","tooltip_line5":"Post-2016 permits only \u2014 layer is partial","tooltip_line6":""}},{"type":"Feature","geometry":{"type":"LineString","coordinates":[[-115.72079,49.47672],[-115.73061,49.48399],[-115.73869,49.48691],[-115.73898,49.49406],[-115.74286,49.49605]]},"properties":{"operator_group":"Other BC operator","is_key_operator":false,"tooltip_title":"FortisBC Energy Inc.","tooltip_line1":"FortisBC Energy Inc.","tooltip_line2":"Transmission \u00b7 2.9 km","tooltip_line3":"Project 000001474 seg 3 \u00b7 Active","tooltip_line4":"Authority: ERAA \u00b7 BCER permitted","tooltip_line5":"Post-2016 permits only \u2014 layer is partial","tooltip_line6":""}},{"type":"Feature","geometry":{"type":"LineString","coordinates":[[-115.86248,49.60613],[-115.85809,49.60862],[-115.85828,49.61189],[-115.85755,49.61415],[-115.85743,49.61672]]},"properties":{"operator_group":"Other BC operator","is_key_operator":false,"tooltip_title":"FortisBC Energy Inc.","tooltip_line1":"FortisBC Energy Inc.","tooltip_line2":"Transmission \u00b7 1.3 km","tooltip_line3":"Project 000001474 seg 4 \u00b7 Active","tooltip_line4":"Authority: ERAA \u00b7 BCER permitted","tooltip_line5":"Post-2016 permits only \u2014 layer is partial","tooltip_line6":""}},{"type":"Feature","geometry":{"type":"LineString","coordinates":[[-115.85743,49.61672],[-115.85662,49.63382],[-115.85448,49.63817],[-115.85407,49.64387],[-115.83928,49.67662],[-115.83909,49.68401],[-115.83714,49.69176],[-115.79975,49.71757],[-115.79257,49.75873],[-115.79809,49.77654],[-115.79545,49.78307],[-115.78901,49.79156],[-115.78361,49.81469],[-115.7775,49.83672],[-115.76745,49.85831],[-115.76576,49.85961],[-115.76246,49.90289],[-115.7627,49.91026]]},"properties":{"operator_group":"Other BC operator","is_key_operator":false,"tooltip_title":"FortisBC Energy Inc.","tooltip_line1":"FortisBC Energy Inc.","tooltip_line2":"Transmission \u00b7 34.3 km","tooltip_line3":"Project 000001474 seg 5 \u00b7 Active","tooltip_line4":"Authority: ERAA \u00b7 BCER permitted","tooltip_line5":"Post-2016 permits only \u2014 layer is partial","tooltip_line6":""}},{"type":"Feature","geometry":{"type":"LineString","coordinates":[[-115.76269,49.91027],[-115.76274,49.91202]]},"properties":{"operator_group":"Other BC operator","is_key_operator":false,"tooltip_title":"FortisBC Energy Inc.","tooltip_line1":"FortisBC Energy Inc.","tooltip_line2":"Transmission \u00b7 0.2 km","tooltip_line3":"Project 000001474 seg 6 \u00b7 Active","tooltip_line4":"Authority: ERAA \u00b7 BCER permitted","tooltip_line5":"Post-2016 permits only \u2014 layer is partial","tooltip_line6":""}},{"type":"Feature","geometry":{"type":"LineString","coordinates":[[-115.76274,49.91202],[-115.76274,49.91204]]},"properties":{"operator_group":"Other BC operator","is_key_operator":false,"tooltip_title":"FortisBC Energy Inc.","tooltip_line1":"FortisBC Energy Inc.","tooltip_line2":"Transmission \u00b7 0.0 km","tooltip_line3":"Project 000001474 seg 7 \u00b7 Active","tooltip_line4":"Authority: ERAA \u00b7 BCER permitted","tooltip_line5":"Post-2016 permits only \u2014 layer is partial","tooltip_line6":""}},{"type":"Feature","geometry":{"type":"LineString","coordinates":[[-115.46906,49.28046],[-115.46901,49.28101]]},"properties":{"operator_group":"Other BC operator","is_key_operator":false,"tooltip_title":"FortisBC Energy Inc.","tooltip_line1":"FortisBC Energy Inc.","tooltip_line2":"Transmission \u00b7 0.1 km","tooltip_line3":"Project 000001474 seg 9 \u00b7 Active","tooltip_line4":"Authority: ERAA \u00b7 BCER permitted","tooltip_line5":"Post-2016 permits only \u2014 layer is partial","tooltip_line6":""}},{"type":"Feature","geometry":{"type":"LineString","coordinates":[[-119.32374,50.23107],[-119.31024,50.23109],[-119.30675,50.23313]]},"properties":{"operator_group":"Other BC operator","is_key_operator":false,"tooltip_title":"FortisBC Energy Inc.","tooltip_line1":"FortisBC Energy Inc.","tooltip_line2":"Transmission \u00b7 1.3 km","tooltip_line3":"Project 000001488 seg 1 \u00b7 Active","tooltip_line4":"Authority: ERAA \u00b7 BCER permitted","tooltip_line5":"Post-2016 permits only \u2014 layer is partial","tooltip_line6":""}},{"type":"Feature","geometry":{"type":"LineString","coordinates":[[-125.30674,50.23313],[-125.30496,50.23465],[-125.30275,50.23344],[-125.2974,50.23738]]},"properties":{"operator_group":"Other BC operator","is_key_operator":false,"tooltip_title":"FortisBC Energy Inc.","tooltip_line1":"FortisBC Energy Inc.","tooltip_line2":"Transmission \u00b7 1.0 km","tooltip_line3":"Project 000001488 seg 2 \u00b7 Active","tooltip_line4":"Authority: ERAA \u00b7 BCER permitted","tooltip_line5":"Post-2016 permits only \u2014 layer is partial","tooltip_line6":""}},{"type":"Feature","geometry":{"type":"LineString","coordinates":[[-125.2974,50.23738],[-125.29636,50.23815],[-125.27987,50.2382]]},"properties":{"operator_group":"Other BC operator","is_key_operator":false,"tooltip_title":"FortisBC Energy Inc.","tooltip_line1":"FortisBC Energy Inc.","tooltip_line2":"Transmission \u00b7 1.3 km","tooltip_line3":"Project 000001488 seg 3 \u00b7 Active","tooltip_line4":"Authority: ERAA \u00b7 BCER permitted","tooltip_line5":"Post-2016 permits only \u2014 layer is partial","tooltip_line6":""}},{"type":"Feature","geometry":{"type":"LineString","coordinates":[[-125.27987,50.2382],[-125.27959,50.2382]]},"properties":{"operator_group":"Other BC operator","is_key_operator":false,"tooltip_title":"FortisBC Energy Inc.","tooltip_line1":"FortisBC Energy Inc.","tooltip_line2":"Transmission \u00b7 0.0 km","tooltip_line3":"Project 000001488 seg 4 \u00b7 Active","tooltip_line4":"Authority: ERAA \u00b7 BCER permitted","tooltip_line5":"Post-2016 permits only \u2014 layer is partial","tooltip_line6":""}},{"type":"Feature","geometry":{"type":"LineString","coordinates":[[-125.27959,50.2382],[-125.2737,50.23803]]},"properties":{"operator_group":"Other BC operator","is_key_operator":false,"tooltip_title":"FortisBC Energy Inc.","tooltip_line1":"FortisBC Energy Inc.","tooltip_line2":"Transmission \u00b7 0.4 km","tooltip_line3":"Project 000001488 seg 5 \u00b7 Active","tooltip_line4":"Authority: ERAA \u00b7 BCER permitted","tooltip_line5":"Post-2016 permits only \u2014 layer is partial","tooltip_line6":""}},{"type":"Feature","geometry":{"type":"LineString","coordinates":[[-119.3237,50.23077],[-119.32374,50.23107]]},"properties":{"operator_group":"Other BC operator","is_key_operator":false,"tooltip_title":"FortisBC Energy Inc.","tooltip_line1":"FortisBC Energy Inc.","tooltip_line2":"Transmission \u00b7 0.1 km","tooltip_line3":"Project 000001488 seg 6 \u00b7 Active","tooltip_line4":"Authority: ERAA \u00b7 BCER permitted","tooltip_line5":"Post-2016 permits only \u2014 layer is partial","tooltip_line6":""}},{"type":"Feature","geometry":{"type":"LineString","coordinates":[[-120.914,49.93846],[-120.90816,49.93574],[-120.9058,49.93532],[-120.90642,49.93301],[-120.9027,49.92436],[-120.89834,49.92365],[-120.87377,49.91515],[-120.87176,49.91499],[-120.86459,49.91583],[-120.84936,49.91172],[-120.83811,49.91294],[-120.83408,49.91254],[-120.83291,49.91206],[-120.82623,49.90641],[-120.82248,49.9053],[-120.80535,49.90827],[-120.79579,49.90833],[-120.79112,49.90667],[-120.77389,49.90204],[-120.76078,49.89224],[-120.73625,49.88052],[-120.73331,49.87769],[-120.73252,49.87476],[-120.71941,49.86242],[-120.71682,49.85306],[-120.71558,49.85155],[-120.71044,49.84037],[-120.69564,49.82606],[-120.68859,49.82019],[-120.68232,49.81628],[-120.67987,49.81397],[-120.67531,49.81099],[-120.6721,49.81016],[-120.66893,49.8081],[-120.65826,49.79541],[-120.65719,49.79326],[-120.65608,49.79273],[-120.64262,49.77616],[-120.63135,49.7652],[-120.63028,49.76485],[-120.62725,49.76107],[-120.62485,49.75655],[-120.62025,49.75225],[-120.61932,49.74836],[-120.61735,49.74559],[-120.61602,49.74428],[-120.60691,49.73874],[-120.60676,49.73594],[-120.60518,49.73285],[-120.60318,49.7313],[-120.60188,49.72796],[-120.60205,49.72334],[-120.6002,49.71877],[-120.59378,49.71084],[-120.57953,49.69679],[-120.57906,49.6955],[-120.56348,49.67961],[-120.56125,49.67599],[-120.56041,49.67321],[-120.55876,49.67105],[-120.55891,49.65301],[-120.55981,49.65065],[-120.55622,49.63411],[-120.54828,49.62252],[-120.54549,49.61942],[-120.54433,49.61894],[-120.54369,49.61795],[-120.53942,49.61455],[-120.53816,49.6123],[-120.53749,49.60956],[-120.53559,49.60632],[-120.537,49.604],[-120.53674,49.59879],[-120.53028,49.59095],[-120.52971,49.58486],[-120.53198,49.58182],[-120.53034,49.57757],[-120.53077,49.57581],[-120.52596,49.57035],[-120.52595,49.55968],[-120.52782,49.5551],[-120.52894,49.55407],[-120.5289,49.55231],[-120.52504,49.54918],[-120.52143,49.54307],[-120.51892,49.54066],[-120.51855,49.5367]]},"properties":{"operator_group":"Other BC operator","is_key_operator":false,"tooltip_title":"FortisBC Energy Inc.","tooltip_line1":"FortisBC Energy Inc.","tooltip_line2":"Transmission \u00b7 59.4 km","tooltip_line3":"Project 000001489 seg 1 \u00b7 Active","tooltip_line4":"Authority: ERAA \u00b7 BCER permitted","tooltip_line5":"Post-2016 permits only \u2014 layer is partial","tooltip_line6":""}},{"type":"Feature","geometry":{"type":"LineString","coordinates":[[-120.51855,49.5367],[-120.51525,49.5329],[-120.51489,49.52968],[-120.51192,49.52677],[-120.51281,49.52496],[-120.5128,49.52145]]},"properties":{"operator_group":"Other BC operator","is_key_operator":false,"tooltip_title":"FortisBC Energy Inc.","tooltip_line1":"FortisBC Energy Inc.","tooltip_line2":"Transmission \u00b7 1.8 km","tooltip_line3":"Project 000001489 seg 2 \u00b7 Active","tooltip_line4":"Authority: ERAA \u00b7 BCER permitted","tooltip_line5":"Post-2016 permits only \u2014 layer is partial","tooltip_line6":""}},{"type":"Feature","geometry":{"type":"LineString","coordinates":[[-120.5128,49.52145],[-120.51279,49.51234],[-120.5098,49.50747],[-120.5098,49.50598],[-120.50581,49.50319],[-120.50534,49.49498],[-120.50476,49.49282],[-120.50081,49.48693],[-120.50283,49.47864],[-120.50059,49.47248],[-120.50057,49.47007]]},"properties":{"operator_group":"Other BC operator","is_key_operator":false,"tooltip_title":"FortisBC Energy Inc.","tooltip_line1":"FortisBC Energy Inc.","tooltip_line2":"Transmission \u00b7 6.0 km","tooltip_line3":"Project 000001489 seg 3 \u00b7 Active","tooltip_line4":"Authority: ERAA \u00b7 BCER permitted","tooltip_line5":"Post-2016 permits only \u2014 layer is partial","tooltip_line6":""}},{"type":"Feature","geometry":{"type":"LineString","coordinates":[[-120.50057,49.47007],[-120.50124,49.467]]},"properties":{"operator_group":"Other BC operator","is_key_operator":false,"tooltip_title":"FortisBC Energy Inc.","tooltip_line1":"FortisBC Energy Inc.","tooltip_line2":"Transmission \u00b7 0.3 km","tooltip_line3":"Project 000001489 seg 4 \u00b7 Active","tooltip_line4":"Authority: ERAA \u00b7 BCER permitted","tooltip_line5":"Post-2016 permits only \u2014 layer is partial","tooltip_line6":""}},{"type":"Feature","geometry":{"type":"LineString","coordinates":[[-115.09783,49.26454],[-115.09558,49.26784],[-115.09619,49.26894]]},"properties":{"operator_group":"Other BC operator","is_key_operator":false,"tooltip_title":"FortisBC Energy Inc.","tooltip_line1":"FortisBC Energy Inc.","tooltip_line2":"Transmission \u00b7 0.5 km","tooltip_line3":"Project 000001511 seg 1 \u00b7 Active","tooltip_line4":"Authority: ERAA \u00b7 BCER permitted","tooltip_line5":"Post-2016 permits only \u2014 layer is partial","tooltip_line6":""}},{"type":"Feature","geometry":{"type":"LineString","coordinates":[[-115.09619,49.26894],[-115.09804,49.27207]]},"properties":{"operator_group":"Other BC operator","is_key_operator":false,"tooltip_title":"FortisBC Energy Inc.","tooltip_line1":"FortisBC Energy Inc.","tooltip_line2":"Transmission \u00b7 0.4 km","tooltip_line3":"Project 000001511 seg 2 \u00b7 Active","tooltip_line4":"Authority: ERAA \u00b7 BCER permitted","tooltip_line5":"Post-2016 permits only \u2014 layer is partial","tooltip_line6":""}},{"type":"Feature","geometry":{"type":"LineString","coordinates":[[-124.15675,54.13025],[-124.16475,54.14678],[-124.16618,54.15186]]},"properties":{"operator_group":"Other BC operator","is_key_operator":false,"tooltip_title":"Pacific Northern Gas Ltd.","tooltip_line1":"Pacific Northern Gas Ltd.","tooltip_line2":"Transmission \u00b7 2.5 km","tooltip_line3":"Project 000001522 seg 1 \u00b7 Active","tooltip_line4":"Authority: ERAA \u00b7 BCER permitted","tooltip_line5":"Post-2016 permits only \u2014 layer is partial","tooltip_line6":""}},{"type":"Feature","geometry":{"type":"LineString","coordinates":[[-124.16618,54.15186],[-124.16429,54.15301]]},"properties":{"operator_group":"Other BC operator","is_key_operator":false,"tooltip_title":"Pacific Northern Gas Ltd.","tooltip_line1":"Pacific Northern Gas Ltd.","tooltip_line2":"Transmission \u00b7 0.2 km","tooltip_line3":"Project 000001522 seg 2 \u00b7 Active","tooltip_line4":"Authority: ERAA \u00b7 BCER permitted","tooltip_line5":"Post-2016 permits only \u2014 layer is partial","tooltip_line6":""}},{"type":"Feature","geometry":{"type":"LineString","coordinates":[[-124.16429,54.15301],[-124.16441,54.15381],[-124.16617,54.15435],[-124.20392,54.18371],[-124.20477,54.21209],[-124.22754,54.2298],[-124.23651,54.23419],[-124.22784,54.25109],[-124.23304,54.26169],[-124.23726,54.26833],[-124.24913,54.275],[-124.25619,54.27972],[-124.26026,54.28046],[-124.26223,54.28237]]},"properties":{"operator_group":"Other BC operator","is_key_operator":false,"tooltip_title":"Pacific Northern Gas Ltd.","tooltip_line1":"Pacific Northern Gas Ltd.","tooltip_line2":"Transmission \u00b7 17.0 km","tooltip_line3":"Project 000001522 seg 3 \u00b7 Active","tooltip_line4":"Authority: ERAA \u00b7 BCER permitted","tooltip_line5":"Post-2016 permits only \u2014 layer is partial","tooltip_line6":""}},{"type":"Feature","geometry":{"type":"LineString","coordinates":[[-124.26203,54.28466],[-124.25717,54.32158],[-124.25938,54.32361],[-124.25872,54.32771],[-124.25898,54.32923],[-124.25715,54.33342],[-124.25892,54.33584],[-124.26068,54.33668],[-124.26398,54.34176],[-124.26393,54.34681],[-124.26321,54.35024],[-124.26448,54.36655],[-124.25999,54.38362],[-124.25766,54.38708],[-124.25742,54.39023],[-124.25974,54.39667],[-124.25861,54.39911],[-124.2587,54.40075],[-124.2503,54.41025],[-124.24597,54.41658],[-124.23198,54.42316],[-124.23132,54.42939],[-124.22839,54.43337],[-124.23125,54.43869],[-124.23313,54.43945]]},"properties":{"operator_group":"Other BC operator","is_key_operator":false,"tooltip_title":"Pacific Northern Gas Ltd.","tooltip_line1":"Pacific Northern Gas Ltd.","tooltip_line2":"Transmission \u00b7 18.3 km","tooltip_line3":"Project 000001522 seg 5 \u00b7 Active","tooltip_line4":"Authority: ERAA \u00b7 BCER permitted","tooltip_line5":"Post-2016 permits only \u2014 layer is partial","tooltip_line6":""}},{"type":"Feature","geometry":{"type":"LineString","coordinates":[[-124.23313,54.43945],[-124.23481,54.44112],[-124.23512,54.44255],[-124.232,54.44677],[-124.21145,54.45196],[-124.20446,54.45506],[-124.17077,54.46386],[-124.1709,54.46895],[-124.16597,54.46951],[-124.16576,54.46894]]},"properties":{"operator_group":"Other BC operator","is_key_operator":false,"tooltip_title":"Pacific Northern Gas Ltd.","tooltip_line1":"Pacific Northern Gas Ltd.","tooltip_line2":"Transmission \u00b7 6.3 km","tooltip_line3":"Project 000001522 seg 6 \u00b7 Active","tooltip_line4":"Authority: ERAA \u00b7 BCER permitted","tooltip_line5":"Post-2016 permits only \u2014 layer is partial","tooltip_line6":""}},{"type":"Feature","geometry":{"type":"LineString","coordinates":[[-121.20469,51.20176],[-121.24258,51.19159],[-121.24413,51.19155],[-121.24608,51.19065],[-121.30747,51.17395],[-121.31248,51.17044],[-121.33183,51.16521],[-121.33623,51.16507],[-121.36808,51.15639],[-121.3758,51.15092],[-121.4146,51.14031],[-121.42607,51.1332],[-121.46032,51.12174],[-121.46405,51.12089],[-121.47136,51.1167],[-121.47359,51.11783],[-121.47523,51.118],[-121.47624,51.11748],[-121.47684,51.11642]]},"properties":{"operator_group":"Other BC operator","is_key_operator":false,"tooltip_title":"FortisBC Energy Inc.","tooltip_line1":"FortisBC Energy Inc.","tooltip_line2":"Transmission \u00b7 21.8 km","tooltip_line3":"Project 000001525 seg 2 \u00b7 Active","tooltip_line4":"Authority: ERAA \u00b7 BCER permitted","tooltip_line5":"Post-2016 permits only \u2014 layer is partial","tooltip_line6":""}},{"type":"Feature","geometry":{"type":"LineString","coordinates":[[-119.20328,50.45417],[-119.20331,50.45108],[-119.20245,50.45068]]},"properties":{"operator_group":"Other BC operator","is_key_operator":false,"tooltip_title":"FortisBC Energy Inc.","tooltip_line1":"FortisBC Energy Inc.","tooltip_line2":"Transmission \u00b7 0.5 km","tooltip_line3":"Project 000001527 seg 1 \u00b7 Active","tooltip_line4":"Authority: ERAA \u00b7 BCER permitted","tooltip_line5":"Post-2016 permits only \u2014 layer is partial","tooltip_line6":""}},{"type":"Feature","geometry":{"type":"LineString","coordinates":[[-119.20245,50.45068],[-119.2024,50.4507]]},"properties":{"operator_group":"Other BC operator","is_key_operator":false,"tooltip_title":"FortisBC Energy Inc.","tooltip_line1":"FortisBC Energy Inc.","tooltip_line2":"Transmission \u00b7 0.0 km","tooltip_line3":"Project 000001527 seg 2 \u00b7 Active","tooltip_line4":"Authority: ERAA \u00b7 BCER permitted","tooltip_line5":"Post-2016 permits only \u2014 layer is partial","tooltip_line6":""}},{"type":"Feature","geometry":{"type":"LineString","coordinates":[[-126.56257,54.44096],[-126.60178,54.41355],[-126.60956,54.40851],[-126.61177,54.40825],[-126.61623,54.40517],[-126.61915,54.40174],[-126.63117,54.39361],[-126.63116,54.38932]]},"properties":{"operator_group":"Other BC operator","is_key_operator":false,"tooltip_title":"Pacific Northern Gas Ltd.","tooltip_line1":"Pacific Northern Gas Ltd.","tooltip_line2":"Transmission \u00b7 7.4 km","tooltip_line3":"Project 000001532 seg 1 \u00b7 Active","tooltip_line4":"Authority: ERAA \u00b7 BCER permitted","tooltip_line5":"Post-2016 permits only \u2014 layer is partial","tooltip_line6":""}},{"type":"Feature","geometry":{"type":"LineString","coordinates":[[-126.63116,54.38927],[-126.632,54.38917]]},"properties":{"operator_group":"Other BC operator","is_key_operator":false,"tooltip_title":"Pacific Northern Gas Ltd.","tooltip_line1":"Pacific Northern Gas Ltd.","tooltip_line2":"Transmission \u00b7 0.1 km","tooltip_line3":"Project 000001532 seg 2 \u00b7 Active","tooltip_line4":"Authority: ERAA \u00b7 BCER permitted","tooltip_line5":"Post-2016 permits only \u2014 layer is partial","tooltip_line6":""}},{"type":"Feature","geometry":{"type":"LineString","coordinates":[[-126.632,54.38917],[-126.63114,54.38812]]},"properties":{"operator_group":"Other BC operator","is_key_operator":false,"tooltip_title":"Pacific Northern Gas Ltd.","tooltip_line1":"Pacific Northern Gas Ltd.","tooltip_line2":"Transmission \u00b7 0.1 km","tooltip_line3":"Project 000001532 seg 3 \u00b7 Active","tooltip_line4":"Authority: ERAA \u00b7 BCER permitted","tooltip_line5":"Post-2016 permits only \u2014 layer is partial","tooltip_line6":""}},{"type":"Feature","geometry":{"type":"LineString","coordinates":[[-126.63114,54.38812],[-126.63143,54.38733],[-126.63105,54.38505],[-126.62983,54.38394],[-126.63063,54.38309],[-126.63098,54.38169],[-126.70579,54.38182],[-126.70599,54.38395],[-126.70986,54.38424]]},"properties":{"operator_group":"Other BC operator","is_key_operator":false,"tooltip_title":"Pacific Northern Gas Ltd.","tooltip_line1":"Pacific Northern Gas Ltd.","tooltip_line2":"Transmission \u00b7 6.1 km","tooltip_line3":"Project 000001532 seg 4 \u00b7 Active","tooltip_line4":"Authority: ERAA \u00b7 BCER permitted","tooltip_line5":"Post-2016 permits only \u2014 layer is partial","tooltip_line6":""}},{"type":"Feature","geometry":{"type":"LineString","coordinates":[[-114.77867,49.6435],[-114.77244,49.65454],[-114.77073,49.65571],[-114.77082,49.65708],[-114.77458,49.66064],[-114.77379,49.66154],[-114.77767,49.66183],[-114.78014,49.6627],[-114.78015,49.66345],[-114.77858,49.66409],[-114.7784,49.66472],[-114.7819,49.66919],[-114.7839,49.67051],[-114.78572,49.67285],[-114.78501,49.6749],[-114.78777,49.67708]]},"properties":{"operator_group":"Other BC operator","is_key_operator":false,"tooltip_title":"FortisBC Energy Inc.","tooltip_line1":"FortisBC Energy Inc.","tooltip_line2":"Transmission \u00b7 4.9 km","tooltip_line3":"Project 000001534 seg 1 \u00b7 Active","tooltip_line4":"Authority: ERAA \u00b7 BCER permitted","tooltip_line5":"Post-2016 permits only \u2014 layer is partial","tooltip_line6":""}},{"type":"Feature","geometry":{"type":"LineString","coordinates":[[-114.79037,49.67911],[-114.79283,49.68187],[-114.79877,49.68509],[-114.80671,49.68605],[-114.81517,49.68827],[-114.81592,49.69029],[-114.81743,49.69099],[-114.81791,49.69051],[-114.81887,49.69074],[-114.82237,49.69226],[-114.82158,49.6941],[-114.82228,49.69621],[-114.82361,49.69738],[-114.8264,49.69869],[-114.82746,49.70053]]},"properties":{"operator_group":"Other BC operator","is_key_operator":false,"tooltip_title":"FortisBC Energy Inc.","tooltip_line1":"FortisBC Energy Inc.","tooltip_line2":"Transmission \u00b7 4.2 km","tooltip_line3":"Project 000001534 seg 2 \u00b7 Active","tooltip_line4":"Authority: ERAA \u00b7 BCER permitted","tooltip_line5":"Post-2016 permits only \u2014 layer is partial","tooltip_line6":""}},{"type":"Feature","geometry":{"type":"LineString","coordinates":[[-122.58084,49.1018],[-122.59068,49.10357],[-122.5927,49.10589],[-122.61045,49.10909],[-122.62044,49.1117],[-122.62189,49.1125],[-122.6262,49.11255],[-122.6324,49.11162],[-122.64115,49.11648],[-122.65582,49.12147],[-122.66595,49.12558],[-122.67011,49.12569],[-122.69022,49.13143],[-122.69191,49.13155],[-122.69547,49.13499],[-122.70928,49.13619],[-122.71041,49.13731],[-122.71464,49.13741],[-122.73006,49.14018],[-122.7314,49.14091],[-122.73429,49.14101],[-122.74585,49.14429],[-122.74822,49.14318],[-122.75043,49.1431],[-122.75716,49.14622],[-122.80199,49.14597],[-122.80546,49.14788],[-122.80548,49.16106],[-122.80584,49.16138],[-122.86036,49.16154],[-122.86062,49.16448],[-122.85965,49.16515],[-122.85954,49.16796],[-122.85906,49.16805]]},"properties":{"operator_group":"Other BC operator","is_key_operator":false,"tooltip_title":"FortisBC Energy Inc.","tooltip_line1":"FortisBC Energy Inc.","tooltip_line2":"Transmission \u00b7 24.3 km","tooltip_line3":"Project 000001543 seg 5 \u00b7 Active","tooltip_line4":"Authority: ERAA \u00b7 BCER permitted","tooltip_line5":"Post-2016 permits only \u2014 layer is partial","tooltip_line6":""}},{"type":"Feature","geometry":{"type":"LineString","coordinates":[[-122.85954,49.16836],[-122.85916,49.17781],[-122.86034,49.17919],[-122.86017,49.18334],[-122.8672,49.18373]]},"properties":{"operator_group":"Other BC operator","is_key_operator":false,"tooltip_title":"FortisBC Energy Inc.","tooltip_line1":"FortisBC Energy Inc.","tooltip_line2":"Transmission \u00b7 2.2 km","tooltip_line3":"Project 000001543 seg 12 \u00b7 Active","tooltip_line4":"Authority: ERAA \u00b7 BCER permitted","tooltip_line5":"Post-2016 permits only \u2014 layer is partial","tooltip_line6":""}},{"type":"Feature","geometry":{"type":"LineString","coordinates":[[-118.82024,49.01496],[-118.81991,49.01424]]},"properties":{"operator_group":"Other BC operator","is_key_operator":false,"tooltip_title":"FortisBC Energy Inc.","tooltip_line1":"FortisBC Energy Inc.","tooltip_line2":"Transmission \u00b7 0.1 km","tooltip_line3":"Project 000001569 seg 1 \u00b7 Active","tooltip_line4":"Authority: ERAA \u00b7 BCER permitted","tooltip_line5":"Post-2016 permits only \u2014 layer is partial","tooltip_line6":""}},{"type":"Feature","geometry":{"type":"LineString","coordinates":[[-118.81991,49.01424],[-118.81912,49.01251]]},"properties":{"operator_group":"Other BC operator","is_key_operator":false,"tooltip_title":"FortisBC Energy Inc.","tooltip_line1":"FortisBC Energy Inc.","tooltip_line2":"Transmission \u00b7 0.2 km","tooltip_line3":"Project 000001569 seg 2 \u00b7 Active","tooltip_line4":"Authority: ERAA \u00b7 BCER permitted","tooltip_line5":"Post-2016 permits only \u2014 layer is partial","tooltip_line6":""}},{"type":"Feature","geometry":{"type":"LineString","coordinates":[[-120.06554,50.63427],[-120.0648,50.6446],[-120.06864,50.64969],[-120.06991,50.65035],[-120.06627,50.65261],[-120.06361,50.65286]]},"properties":{"operator_group":"Other BC operator","is_key_operator":false,"tooltip_title":"FortisBC Energy Inc.","tooltip_line1":"FortisBC Energy Inc.","tooltip_line2":"Transmission \u00b7 2.5 km","tooltip_line3":"Project 000001574 seg 1 \u00b7 Active","tooltip_line4":"Authority: ERAA \u00b7 BCER permitted","tooltip_line5":"Post-2016 permits only \u2014 layer is partial","tooltip_line6":""}},{"type":"Feature","geometry":{"type":"LineString","coordinates":[[-120.06361,50.65286],[-120.06195,50.65314],[-120.06184,50.65361],[-120.06213,50.65428],[-120.06172,50.65867],[-120.06225,50.65875]]},"properties":{"operator_group":"Other BC operator","is_key_operator":false,"tooltip_title":"FortisBC Energy Inc.","tooltip_line1":"FortisBC Energy Inc.","tooltip_line2":"Transmission \u00b7 0.9 km","tooltip_line3":"Project 000001574 seg 2 \u00b7 Active","tooltip_line4":"Authority: ERAA \u00b7 BCER permitted","tooltip_line5":"Post-2016 permits only \u2014 layer is partial","tooltip_line6":""}},{"type":"Feature","geometry":{"type":"LineString","coordinates":[[-119.14783,50.55062],[-119.14482,50.55057]]},"properties":{"operator_group":"Other BC operator","is_key_operator":false,"tooltip_title":"FortisBC Energy Inc.","tooltip_line1":"FortisBC Energy Inc.","tooltip_line2":"Transmission \u00b7 0.3 km","tooltip_line3":"Project 000001577 seg 1 \u00b7 Active","tooltip_line4":"Authority: ERAA \u00b7 BCER permitted","tooltip_line5":"Post-2016 permits only \u2014 layer is partial","tooltip_line6":""}},{"type":"Feature","geometry":{"type":"LineString","coordinates":[[-119.14482,50.55057],[-119.14469,50.55059]]},"properties":{"operator_group":"Other BC operator","is_key_operator":false,"tooltip_title":"FortisBC Energy Inc.","tooltip_line1":"FortisBC Energy Inc.","tooltip_line2":"Transmission \u00b7 0.0 km","tooltip_line3":"Project 000001577 seg 2 \u00b7 Active","tooltip_line4":"Authority: ERAA \u00b7 BCER permitted","tooltip_line5":"Post-2016 permits only \u2014 layer is partial","tooltip_line6":""}},{"type":"Feature","geometry":{"type":"LineString","coordinates":[[-114.87172,49.74392],[-114.87198,49.74494],[-114.8707,49.74638]]},"properties":{"operator_group":"Other BC operator","is_key_operator":false,"tooltip_title":"FortisBC Energy Inc.","tooltip_line1":"FortisBC Energy Inc.","tooltip_line2":"Transmission \u00b7 0.3 km","tooltip_line3":"Project 000001578 seg 1 \u00b7 Active","tooltip_line4":"Authority: ERAA \u00b7 BCER permitted","tooltip_line5":"Post-2016 permits only \u2014 layer is partial","tooltip_line6":""}},{"type":"Feature","geometry":{"type":"LineString","coordinates":[[-114.8707,49.74638],[-114.86856,49.74742],[-114.86769,49.75022],[-114.8674,49.75425]]},"properties":{"operator_group":"Other BC operator","is_key_operator":false,"tooltip_title":"FortisBC Energy Inc.","tooltip_line1":"FortisBC Energy Inc.","tooltip_line2":"Transmission \u00b7 1.0 km","tooltip_line3":"Project 000001578 seg 2 \u00b7 Active","tooltip_line4":"Authority: ERAA \u00b7 BCER permitted","tooltip_line5":"Post-2016 permits only \u2014 layer is partial","tooltip_line6":""}},{"type":"Feature","geometry":{"type":"LineString","coordinates":[[-114.8674,49.75425],[-114.86734,49.75605],[-114.86611,49.75628]]},"properties":{"operator_group":"Other BC operator","is_key_operator":false,"tooltip_title":"FortisBC Energy Inc.","tooltip_line1":"FortisBC Energy Inc.","tooltip_line2":"Transmission \u00b7 0.3 km","tooltip_line3":"Project 000001578 seg 3 \u00b7 Active","tooltip_line4":"Authority: ERAA \u00b7 BCER permitted","tooltip_line5":"Post-2016 permits only \u2014 layer is partial","tooltip_line6":""}},{"type":"Feature","geometry":{"type":"LineString","coordinates":[[-123.14861,55.29296],[-123.1493,55.29235]]},"properties":{"operator_group":"Other BC operator","is_key_operator":false,"tooltip_title":"FortisBC Energy Inc.","tooltip_line1":"FortisBC Energy Inc.","tooltip_line2":"Transmission \u00b7 0.1 km","tooltip_line3":"Project 000001592 seg 1 \u00b7 Active","tooltip_line4":"Authority: ERAA \u00b7 BCER permitted","tooltip_line5":"Post-2016 permits only \u2014 layer is partial","tooltip_line6":""}},{"type":"Feature","geometry":{"type":"LineString","coordinates":[[-123.1493,55.29235],[-123.15496,55.29266]]},"properties":{"operator_group":"Other BC operator","is_key_operator":false,"tooltip_title":"FortisBC Energy Inc.","tooltip_line1":"FortisBC Energy Inc.","tooltip_line2":"Transmission \u00b7 0.4 km","tooltip_line3":"Project 000001592 seg 2 \u00b7 Active","tooltip_line4":"Authority: ERAA \u00b7 BCER permitted","tooltip_line5":"Post-2016 permits only \u2014 layer is partial","tooltip_line6":""}},{"type":"Feature","geometry":{"type":"LineString","coordinates":[[-123.15496,55.29266],[-123.15504,55.29262]]},"properties":{"operator_group":"Other BC operator","is_key_operator":false,"tooltip_title":"FortisBC Energy Inc.","tooltip_line1":"FortisBC Energy Inc.","tooltip_line2":"Transmission \u00b7 0.0 km","tooltip_line3":"Project 000001592 seg 3 \u00b7 Active","tooltip_line4":"Authority: ERAA \u00b7 BCER permitted","tooltip_line5":"Post-2016 permits only \u2014 layer is partial","tooltip_line6":""}},{"type":"Feature","geometry":{"type":"LineString","coordinates":[[-123.14997,55.29284],[-123.15146,55.29327],[-123.15497,55.29263]]},"properties":{"operator_group":"Other BC operator","is_key_operator":false,"tooltip_title":"FortisBC Energy Inc.","tooltip_line1":"FortisBC Energy Inc.","tooltip_line2":"Transmission \u00b7 0.5 km","tooltip_line3":"Project 000001592 seg 4 \u00b7 Active","tooltip_line4":"Authority: ERAA \u00b7 BCER permitted","tooltip_line5":"Post-2016 permits only \u2014 layer is partial","tooltip_line6":""}},{"type":"Feature","geometry":{"type":"LineString","coordinates":[[-114.82719,49.69998],[-114.82744,49.70031],[-114.82671,49.70051],[-114.83418,49.71171],[-114.83657,49.7139]]},"properties":{"operator_group":"Other BC operator","is_key_operator":false,"tooltip_title":"FortisBC Energy Inc.","tooltip_line1":"FortisBC Energy Inc.","tooltip_line2":"Transmission \u00b7 1.8 km","tooltip_line3":"Project 000001600 seg 1 \u00b7 Active","tooltip_line4":"Authority: ERAA \u00b7 BCER permitted","tooltip_line5":"Post-2016 permits only \u2014 layer is partial","tooltip_line6":""}},{"type":"Feature","geometry":{"type":"LineString","coordinates":[[-114.83657,49.7139],[-114.84207,49.71878]]},"properties":{"operator_group":"Other BC operator","is_key_operator":false,"tooltip_title":"FortisBC Energy Inc.","tooltip_line1":"FortisBC Energy Inc.","tooltip_line2":"Transmission \u00b7 0.7 km","tooltip_line3":"Project 000001600 seg 2 \u00b7 Active","tooltip_line4":"Authority: ERAA \u00b7 BCER permitted","tooltip_line5":"Post-2016 permits only \u2014 layer is partial","tooltip_line6":""}},{"type":"Feature","geometry":{"type":"LineString","coordinates":[[-114.84207,49.71878],[-114.85201,49.72757],[-114.85474,49.72908]]},"properties":{"operator_group":"Other BC operator","is_key_operator":false,"tooltip_title":"FortisBC Energy Inc.","tooltip_line1":"FortisBC Energy Inc.","tooltip_line2":"Transmission \u00b7 1.5 km","tooltip_line3":"Project 000001600 seg 3 \u00b7 Active","tooltip_line4":"Authority: ERAA \u00b7 BCER permitted","tooltip_line5":"Post-2016 permits only \u2014 layer is partial","tooltip_line6":""}},{"type":"Feature","geometry":{"type":"LineString","coordinates":[[-114.85474,49.72908],[-114.85525,49.72929],[-114.85453,49.73055],[-114.85683,49.73198]]},"properties":{"operator_group":"Other BC operator","is_key_operator":false,"tooltip_title":"FortisBC Energy Inc.","tooltip_line1":"FortisBC Energy Inc.","tooltip_line2":"Transmission \u00b7 0.4 km","tooltip_line3":"Project 000001600 seg 4 \u00b7 Active","tooltip_line4":"Authority: ERAA \u00b7 BCER permitted","tooltip_line5":"Post-2016 permits only \u2014 layer is partial","tooltip_line6":""}},{"type":"Feature","geometry":{"type":"LineString","coordinates":[[-114.85683,49.73198],[-114.86625,49.73366],[-114.86587,49.7347],[-114.86939,49.73581],[-114.8709,49.73875],[-114.87058,49.74271],[-114.87177,49.74344],[-114.87192,49.74403]]},"properties":{"operator_group":"Other BC operator","is_key_operator":false,"tooltip_title":"FortisBC Energy Inc.","tooltip_line1":"FortisBC Energy Inc.","tooltip_line2":"Transmission \u00b7 2.0 km","tooltip_line3":"Project 000001600 seg 5 \u00b7 Active","tooltip_line4":"Authority: ERAA \u00b7 BCER permitted","tooltip_line5":"Post-2016 permits only \u2014 layer is partial","tooltip_line6":""}},{"type":"Feature","geometry":{"type":"LineString","coordinates":[[-123.01319,49.13992],[-123.02324,49.13752],[-123.02535,49.13858],[-123.02654,49.13835],[-123.02694,49.13926],[-123.03299,49.14225]]},"properties":{"operator_group":"Other BC operator","is_key_operator":false,"tooltip_title":"FortisBC Energy Inc.","tooltip_line1":"FortisBC Energy Inc.","tooltip_line2":"Transmission \u00b7 1.7 km","tooltip_line3":"Project 000001603 seg 1 \u00b7 Active","tooltip_line4":"Authority: ERAA \u00b7 BCER permitted","tooltip_line5":"Post-2016 permits only \u2014 layer is partial","tooltip_line6":""}},{"type":"Feature","geometry":{"type":"LineString","coordinates":[[-123.03275,49.14214],[-123.02694,49.13929],[-123.02654,49.13836],[-123.02533,49.1386],[-123.02322,49.13754],[-123.01336,49.13988]]},"properties":{"operator_group":"Other BC operator","is_key_operator":false,"tooltip_title":"FortisBC Energy Inc.","tooltip_line1":"FortisBC Energy Inc.","tooltip_line2":"Transmission \u00b7 1.7 km","tooltip_line3":"Project 000001603 seg 2 \u00b7 Active","tooltip_line4":"Authority: ERAA \u00b7 BCER permitted","tooltip_line5":"Post-2016 permits only \u2014 layer is partial","tooltip_line6":""}},{"type":"Feature","geometry":{"type":"LineString","coordinates":[[-122.69534,53.98401],[-122.70535,53.98386]]},"properties":{"operator_group":"Other BC operator","is_key_operator":false,"tooltip_title":"FortisBC Energy Inc.","tooltip_line1":"FortisBC Energy Inc.","tooltip_line2":"Transmission \u00b7 0.6 km","tooltip_line3":"Project 000001606 seg 1 \u00b7 Active","tooltip_line4":"Authority: ERAA \u00b7 BCER permitted","tooltip_line5":"Post-2016 permits only \u2014 layer is partial","tooltip_line6":""}},{"type":"Feature","geometry":{"type":"LineString","coordinates":[[-122.70535,53.98386],[-122.70589,53.98386],[-122.70587,53.97942],[-122.70532,53.97869],[-122.71014,53.97845],[-122.71353,53.97404],[-122.72657,53.97136],[-122.73047,53.97141],[-122.7309,53.96728],[-122.73619,53.96721],[-122.74157,53.96614],[-122.74392,53.96487],[-122.74643,53.96455],[-122.74612,53.96382],[-122.74808,53.96345]]},"properties":{"operator_group":"Other BC operator","is_key_operator":false,"tooltip_title":"FortisBC Energy Inc.","tooltip_line1":"FortisBC Energy Inc.","tooltip_line2":"Transmission \u00b7 4.5 km","tooltip_line3":"Project 000001606 seg 2 \u00b7 Active","tooltip_line4":"Authority: ERAA \u00b7 BCER permitted","tooltip_line5":"Post-2016 permits only \u2014 layer is partial","tooltip_line6":""}},{"type":"Feature","geometry":{"type":"LineString","coordinates":[[-122.74808,53.96345],[-122.74889,53.96226],[-122.74967,53.96233]]},"properties":{"operator_group":"Other BC operator","is_key_operator":false,"tooltip_title":"FortisBC Energy Inc.","tooltip_line1":"FortisBC Energy Inc.","tooltip_line2":"Transmission \u00b7 0.2 km","tooltip_line3":"Project 000001606 seg 3 \u00b7 Active","tooltip_line4":"Authority: ERAA \u00b7 BCER permitted","tooltip_line5":"Post-2016 permits only \u2014 layer is partial","tooltip_line6":""}},{"type":"Feature","geometry":{"type":"LineString","coordinates":[[-128.69908,54.01954],[-128.70906,54.01943],[-128.70953,54.02254],[-128.71219,54.02637],[-128.7129,54.0306],[-128.71263,54.0328],[-128.71431,54.03553],[-128.71315,54.03744],[-128.71325,54.04339]]},"properties":{"operator_group":"Other BC operator","is_key_operator":false,"tooltip_title":"Pacific Northern Gas Ltd.","tooltip_line1":"Pacific Northern Gas Ltd.","tooltip_line2":"Transmission \u00b7 3.4 km","tooltip_line3":"Project 000001610 seg 1 \u00b7 Active","tooltip_line4":"Authority: ERAA \u00b7 BCER permitted","tooltip_line5":"Post-2016 permits only \u2014 layer is partial","tooltip_line6":""}},{"type":"Feature","geometry":{"type":"LineString","coordinates":[[-128.6982,54.0176],[-128.69908,54.01954]]},"properties":{"operator_group":"Other BC operator","is_key_operator":false,"tooltip_title":"Pacific Northern Gas Ltd.","tooltip_line1":"Pacific Northern Gas Ltd.","tooltip_line2":"Transmission \u00b7 0.2 km","tooltip_line3":"Project 000001610 seg 2 \u00b7 Active","tooltip_line4":"Authority: ERAA \u00b7 BCER permitted","tooltip_line5":"Post-2016 permits only \u2014 layer is partial","tooltip_line6":""}},{"type":"Feature","geometry":{"type":"LineString","coordinates":[[-128.6982,54.0176],[-128.69797,54.01766]]},"properties":{"operator_group":"Other BC operator","is_key_operator":false,"tooltip_title":"Pacific Northern Gas Ltd.","tooltip_line1":"Pacific Northern Gas Ltd.","tooltip_line2":"Transmission \u00b7 0.0 km","tooltip_line3":"Project 000001610 seg 3 \u00b7 Active","tooltip_line4":"Authority: ERAA \u00b7 BCER permitted","tooltip_line5":"Post-2016 permits only \u2014 layer is partial","tooltip_line6":""}},{"type":"Feature","geometry":{"type":"LineString","coordinates":[[-128.70942,54.02155],[-128.70928,54.02156]]},"properties":{"operator_group":"Other BC operator","is_key_operator":false,"tooltip_title":"Pacific Northern Gas Ltd.","tooltip_line1":"Pacific Northern Gas Ltd.","tooltip_line2":"Transmission \u00b7 0.0 km","tooltip_line3":"Project 000001610 seg 4 \u00b7 Active","tooltip_line4":"Authority: ERAA \u00b7 BCER permitted","tooltip_line5":"Post-2016 permits only \u2014 layer is partial","tooltip_line6":""}},{"type":"Feature","geometry":{"type":"LineString","coordinates":[[-128.70927,54.02153],[-128.70949,54.02153]]},"properties":{"operator_group":"Other BC operator","is_key_operator":false,"tooltip_title":"Pacific Northern Gas Ltd.","tooltip_line1":"Pacific Northern Gas Ltd.","tooltip_line2":"Transmission \u00b7 0.0 km","tooltip_line3":"Project 000001610 seg 5 \u00b7 Active","tooltip_line4":"Authority: ERAA \u00b7 BCER permitted","tooltip_line5":"Post-2016 permits only \u2014 layer is partial","tooltip_line6":""}},{"type":"Feature","geometry":{"type":"LineString","coordinates":[[-119.30311,50.38492],[-119.29245,50.38564]]},"properties":{"operator_group":"Other BC operator","is_key_operator":false,"tooltip_title":"FortisBC Energy Inc.","tooltip_line1":"FortisBC Energy Inc.","tooltip_line2":"Transmission \u00b7 0.8 km","tooltip_line3":"Project 000001644 seg 1 \u00b7 Active","tooltip_line4":"Authority: ERAA \u00b7 BCER permitted","tooltip_line5":"Post-2016 permits only \u2014 layer is partial","tooltip_line6":""}},{"type":"Feature","geometry":{"type":"LineString","coordinates":[[-119.29245,50.38564],[-119.28988,50.3868],[-119.28441,50.38786],[-119.27868,50.39262],[-119.27148,50.39556],[-119.2602,50.40822],[-119.24791,50.42499],[-119.24218,50.42837],[-119.23171,50.4365],[-119.23258,50.43753],[-119.23222,50.43802],[-119.22997,50.44047],[-119.22554,50.44332]]},"properties":{"operator_group":"Other BC operator","is_key_operator":false,"tooltip_title":"FortisBC Energy Inc.","tooltip_line1":"FortisBC Energy Inc.","tooltip_line2":"Transmission \u00b7 8.3 km","tooltip_line3":"Project 000001644 seg 2 \u00b7 Active","tooltip_line4":"Authority: ERAA \u00b7 BCER permitted","tooltip_line5":"Post-2016 permits only \u2014 layer is partial","tooltip_line6":""}},{"type":"Feature","geometry":{"type":"LineString","coordinates":[[-119.22554,50.44332],[-119.22321,50.44479]]},"properties":{"operator_group":"Other BC operator","is_key_operator":false,"tooltip_title":"FortisBC Energy Inc.","tooltip_line1":"FortisBC Energy Inc.","tooltip_line2":"Transmission \u00b7 0.2 km","tooltip_line3":"Project 000001644 seg 3 \u00b7 Active","tooltip_line4":"Authority: ERAA \u00b7 BCER permitted","tooltip_line5":"Post-2016 permits only \u2014 layer is partial","tooltip_line6":""}},{"type":"Feature","geometry":{"type":"LineString","coordinates":[[-119.22321,50.44479],[-119.20902,50.4542],[-119.20238,50.45416],[-119.20138,50.45492],[-119.186,50.45574],[-119.1839,50.45687]]},"properties":{"operator_group":"Other BC operator","is_key_operator":false,"tooltip_title":"FortisBC Energy Inc.","tooltip_line1":"FortisBC Energy Inc.","tooltip_line2":"Transmission \u00b7 3.4 km","tooltip_line3":"Project 000001644 seg 4 \u00b7 Active","tooltip_line4":"Authority: ERAA \u00b7 BCER permitted","tooltip_line5":"Post-2016 permits only \u2014 layer is partial","tooltip_line6":""}},{"type":"Feature","geometry":{"type":"LineString","coordinates":[[-119.1839,50.45687],[-119.16938,50.46497],[-119.14945,50.4735],[-119.13848,50.4854],[-119.13734,50.48539],[-119.13711,50.48773]]},"properties":{"operator_group":"Other BC operator","is_key_operator":false,"tooltip_title":"FortisBC Energy Inc.","tooltip_line1":"FortisBC Energy Inc.","tooltip_line2":"Transmission \u00b7 4.9 km","tooltip_line3":"Project 000001644 seg 5 \u00b7 Active","tooltip_line4":"Authority: ERAA \u00b7 BCER permitted","tooltip_line5":"Post-2016 permits only \u2014 layer is partial","tooltip_line6":""}},{"type":"Feature","geometry":{"type":"LineString","coordinates":[[-119.13711,50.48773],[-119.13674,50.49149]]},"properties":{"operator_group":"Other BC operator","is_key_operator":false,"tooltip_title":"FortisBC Energy Inc.","tooltip_line1":"FortisBC Energy Inc.","tooltip_line2":"Transmission \u00b7 0.4 km","tooltip_line3":"Project 000001644 seg 6 \u00b7 Active","tooltip_line4":"Authority: ERAA \u00b7 BCER permitted","tooltip_line5":"Post-2016 permits only \u2014 layer is partial","tooltip_line6":""}},{"type":"Feature","geometry":{"type":"LineString","coordinates":[[-119.13674,50.49149],[-119.13623,50.52692],[-119.13722,50.52696],[-119.1385,50.53332]]},"properties":{"operator_group":"Other BC operator","is_key_operator":false,"tooltip_title":"FortisBC Energy Inc.","tooltip_line1":"FortisBC Energy Inc.","tooltip_line2":"Transmission \u00b7 4.8 km","tooltip_line3":"Project 000001644 seg 7 \u00b7 Active","tooltip_line4":"Authority: ERAA \u00b7 BCER permitted","tooltip_line5":"Post-2016 permits only \u2014 layer is partial","tooltip_line6":""}},{"type":"Feature","geometry":{"type":"LineString","coordinates":[[-119.14008,50.53699],[-119.13908,50.53601],[-119.1385,50.53332]]},"properties":{"operator_group":"Other BC operator","is_key_operator":false,"tooltip_title":"FortisBC Energy Inc.","tooltip_line1":"FortisBC Energy Inc.","tooltip_line2":"Transmission \u00b7 0.4 km","tooltip_line3":"Project 000001644 seg 8 \u00b7 Active","tooltip_line4":"Authority: ERAA \u00b7 BCER permitted","tooltip_line5":"Post-2016 permits only \u2014 layer is partial","tooltip_line6":""}},{"type":"Feature","geometry":{"type":"LineString","coordinates":[[-119.14008,50.53699],[-119.14444,50.54305],[-119.14539,50.54476],[-119.14578,50.5471],[-119.14774,50.54953],[-119.14888,50.56096]]},"properties":{"operator_group":"Other BC operator","is_key_operator":false,"tooltip_title":"FortisBC Energy Inc.","tooltip_line1":"FortisBC Energy Inc.","tooltip_line2":"Transmission \u00b7 2.8 km","tooltip_line3":"Project 000001644 seg 9 \u00b7 Active","tooltip_line4":"Authority: ERAA \u00b7 BCER permitted","tooltip_line5":"Post-2016 permits only \u2014 layer is partial","tooltip_line6":""}},{"type":"Feature","geometry":{"type":"LineString","coordinates":[[-119.14888,50.56096],[-119.14982,50.56635]]},"properties":{"operator_group":"Other BC operator","is_key_operator":false,"tooltip_title":"FortisBC Energy Inc.","tooltip_line1":"FortisBC Energy Inc.","tooltip_line2":"Transmission \u00b7 0.6 km","tooltip_line3":"Project 000001644 seg 10 \u00b7 Active","tooltip_line4":"Authority: ERAA \u00b7 BCER permitted","tooltip_line5":"Post-2016 permits only \u2014 layer is partial","tooltip_line6":""}},{"type":"Feature","geometry":{"type":"LineString","coordinates":[[-119.14982,50.56635],[-119.15106,50.57179],[-119.16015,50.57957],[-119.16093,50.58089],[-119.16309,50.58838],[-119.1656,50.59196],[-119.16591,50.59367],[-119.16701,50.59539],[-119.16683,50.59705],[-119.17668,50.61228],[-119.1862,50.61961],[-119.18907,50.62105]]},"properties":{"operator_group":"Other BC operator","is_key_operator":false,"tooltip_title":"FortisBC Energy Inc.","tooltip_line1":"FortisBC Energy Inc.","tooltip_line2":"Transmission \u00b7 6.9 km","tooltip_line3":"Project 000001644 seg 11 \u00b7 Active","tooltip_line4":"Authority: ERAA \u00b7 BCER permitted","tooltip_line5":"Post-2016 permits only \u2014 layer is partial","tooltip_line6":""}},{"type":"Feature","geometry":{"type":"LineString","coordinates":[[-119.18907,50.62105],[-119.19768,50.62532],[-119.19855,50.63623],[-119.20089,50.64285],[-119.20496,50.64782],[-119.20865,50.65075]]},"properties":{"operator_group":"Other BC operator","is_key_operator":false,"tooltip_title":"FortisBC Energy Inc.","tooltip_line1":"FortisBC Energy Inc.","tooltip_line2":"Transmission \u00b7 3.9 km","tooltip_line3":"Project 000001644 seg 12 \u00b7 Active","tooltip_line4":"Authority: ERAA \u00b7 BCER permitted","tooltip_line5":"Post-2016 permits only \u2014 layer is partial","tooltip_line6":""}},{"type":"Feature","geometry":{"type":"LineString","coordinates":[[-119.20865,50.65075],[-119.21483,50.65544],[-119.2184,50.65735],[-119.23786,50.67171]]},"properties":{"operator_group":"Other BC operator","is_key_operator":false,"tooltip_title":"FortisBC Energy Inc.","tooltip_line1":"FortisBC Energy Inc.","tooltip_line2":"Transmission \u00b7 3.1 km","tooltip_line3":"Project 000001644 seg 13 \u00b7 Active","tooltip_line4":"Authority: ERAA \u00b7 BCER permitted","tooltip_line5":"Post-2016 permits only \u2014 layer is partial","tooltip_line6":""}},{"type":"Feature","geometry":{"type":"LineString","coordinates":[[-119.23786,50.67171],[-119.2433,50.6755],[-119.24965,50.67864],[-119.25835,50.6813],[-119.26921,50.68294]]},"properties":{"operator_group":"Other BC operator","is_key_operator":false,"tooltip_title":"FortisBC Energy Inc.","tooltip_line1":"FortisBC Energy Inc.","tooltip_line2":"Transmission \u00b7 2.7 km","tooltip_line3":"Project 000001644 seg 14 \u00b7 Active","tooltip_line4":"Authority: ERAA \u00b7 BCER permitted","tooltip_line5":"Post-2016 permits only \u2014 layer is partial","tooltip_line6":""}},{"type":"Feature","geometry":{"type":"LineString","coordinates":[[-119.26921,50.68294],[-119.27363,50.68361],[-119.27678,50.68719],[-119.27851,50.68998],[-119.27916,50.69196],[-119.27988,50.6923]]},"properties":{"operator_group":"Other BC operator","is_key_operator":false,"tooltip_title":"FortisBC Energy Inc.","tooltip_line1":"FortisBC Energy Inc.","tooltip_line2":"Transmission \u00b7 1.4 km","tooltip_line3":"Project 000001644 seg 15 \u00b7 Active","tooltip_line4":"Authority: ERAA \u00b7 BCER permitted","tooltip_line5":"Post-2016 permits only \u2014 layer is partial","tooltip_line6":""}},{"type":"Feature","geometry":{"type":"LineString","coordinates":[[-114.7787,49.64343],[-114.77249,49.65455],[-114.77078,49.65571],[-114.77087,49.65708],[-114.77465,49.66064],[-114.77374,49.66144],[-114.77768,49.66182],[-114.78016,49.66269],[-114.78017,49.66345],[-114.7786,49.6641],[-114.77844,49.66471],[-114.78194,49.66918],[-114.78395,49.67048],[-114.78579,49.67285],[-114.78508,49.6749],[-114.78923,49.67808],[-114.79289,49.68184],[-114.79898,49.68516],[-114.80672,49.68602],[-114.8152,49.68825],[-114.81594,49.68983]]},"properties":{"operator_group":"Other BC operator","is_key_operator":false,"tooltip_title":"FortisBC Energy Inc.","tooltip_line1":"FortisBC Energy Inc.","tooltip_line2":"Transmission \u00b7 7.7 km","tooltip_line3":"Project 000001682 seg 1 \u00b7 Active","tooltip_line4":"Authority: ERAA \u00b7 BCER permitted","tooltip_line5":"Post-2016 permits only \u2014 layer is partial","tooltip_line6":""}},{"type":"Feature","geometry":{"type":"LineString","coordinates":[[-114.8179,49.69048],[-114.82241,49.69225],[-114.82163,49.69409],[-114.82221,49.69597],[-114.82366,49.69734],[-114.82646,49.69867],[-114.82718,49.69997]]},"properties":{"operator_group":"Other BC operator","is_key_operator":false,"tooltip_title":"FortisBC Energy Inc.","tooltip_line1":"FortisBC Energy Inc.","tooltip_line2":"Transmission \u00b7 1.4 km","tooltip_line3":"Project 000001682 seg 12 \u00b7 Active","tooltip_line4":"Authority: ERAA \u00b7 BCER permitted","tooltip_line5":"Post-2016 permits only \u2014 layer is partial","tooltip_line6":""}},{"type":"Feature","geometry":{"type":"LineString","coordinates":[[-114.81594,49.68983],[-114.8179,49.69048]]},"properties":{"operator_group":"Other BC operator","is_key_operator":false,"tooltip_title":"FortisBC Energy Inc.","tooltip_line1":"FortisBC Energy Inc.","tooltip_line2":"Transmission \u00b7 0.2 km","tooltip_line3":"Project 000001682 seg 13 \u00b7 Active","tooltip_line4":"Authority: ERAA \u00b7 BCER permitted","tooltip_line5":"Post-2016 permits only \u2014 layer is partial","tooltip_line6":""}},{"type":"Feature","geometry":{"type":"LineString","coordinates":[[-120.91543,49.95794],[-120.91484,49.95692],[-120.91269,49.95602],[-120.90871,49.94776],[-120.90899,49.93925],[-120.9075,49.93581],[-120.90574,49.93531],[-120.90634,49.93302],[-120.90268,49.92444],[-120.89852,49.92378],[-120.8738,49.91523],[-120.87192,49.91505],[-120.86457,49.9159],[-120.84934,49.91179],[-120.83813,49.91301],[-120.83405,49.91261],[-120.83274,49.91204],[-120.82616,49.90646],[-120.82247,49.90536],[-120.80505,49.90837],[-120.79589,49.90841],[-120.79281,49.90767],[-120.79106,49.90672],[-120.77363,49.90201],[-120.76052,49.89217],[-120.73617,49.88057],[-120.73325,49.87777],[-120.73263,49.87501],[-120.71931,49.86245],[-120.71671,49.85307],[-120.7155,49.85159],[-120.71033,49.84037],[-120.69529,49.82585],[-120.68851,49.82023],[-120.68241,49.81644],[-120.67978,49.81401],[-120.67488,49.81081],[-120.67206,49.81023],[-120.66884,49.80814],[-120.65819,49.79548],[-120.6571,49.7933],[-120.65592,49.79269],[-120.64251,49.77617],[-120.63133,49.7653],[-120.63019,49.76488],[-120.62716,49.76111],[-120.62457,49.75636],[-120.62012,49.75223],[-120.61922,49.74838],[-120.61726,49.74562],[-120.61584,49.74425],[-120.60681,49.73877],[-120.6065,49.7356],[-120.60508,49.73288],[-120.60309,49.73134],[-120.60178,49.72797],[-120.60194,49.72335],[-120.6001,49.71879],[-120.59579,49.71311],[-120.57944,49.69683],[-120.57895,49.69552],[-120.56339,49.67964],[-120.56115,49.67601],[-120.56031,49.67323],[-120.55866,49.67109],[-120.5588,49.653],[-120.5597,49.65064],[-120.55611,49.63413],[-120.54819,49.62255],[-120.54541,49.61947],[-120.54425,49.61898],[-120.5436,49.61799],[-120.53933,49.61458],[-120.53806,49.61232],[-120.53739,49.60957],[-120.5355,49.60637],[-120.53692,49.60388],[-120.53663,49.59881],[-120.53017,49.59096],[-120.52961,49.58484],[-120.53188,49.58186],[-120.53025,49.57762],[-120.53066,49.57583],[-120.52584,49.57029],[-120.52584,49.55967],[-120.52772,49.55509],[-120.52883,49.55406],[-120.52885,49.55248],[-120.52494,49.54922],[-120.52134,49.5431],[-120.51882,49.54069],[-120.51846,49.53658],[-120.51564,49.5335]]},"properties":{"operator_group":"Other BC operator","is_key_operator":false,"tooltip_title":"FortisBC Energy Inc.","tooltip_line1":"FortisBC Energy Inc.","tooltip_line2":"Transmission \u00b7 61.3 km","tooltip_line3":"Project 000001684 seg 2 \u00b7 Active","tooltip_line4":"Authority: ERAA \u00b7 BCER permitted","tooltip_line5":"Post-2016 permits only \u2014 layer is partial","tooltip_line6":""}},{"type":"Feature","geometry":{"type":"LineString","coordinates":[[-120.51564,49.5335],[-120.51515,49.53291],[-120.51479,49.5297],[-120.51182,49.52676],[-120.51271,49.52488],[-120.51268,49.51747]]},"properties":{"operator_group":"Other BC operator","is_key_operator":false,"tooltip_title":"FortisBC Energy Inc.","tooltip_line1":"FortisBC Energy Inc.","tooltip_line2":"Transmission \u00b7 1.9 km","tooltip_line3":"Project 000001684 seg 3 \u00b7 Active","tooltip_line4":"Authority: ERAA \u00b7 BCER permitted","tooltip_line5":"Post-2016 permits only \u2014 layer is partial","tooltip_line6":""}},{"type":"Feature","geometry":{"type":"LineString","coordinates":[[-120.51268,49.51747],[-120.51268,49.51235],[-120.50969,49.50749],[-120.5097,49.506],[-120.50567,49.50311],[-120.50523,49.49498],[-120.50466,49.49283],[-120.50072,49.48698],[-120.5017,49.48328]]},"properties":{"operator_group":"Other BC operator","is_key_operator":false,"tooltip_title":"FortisBC Energy Inc.","tooltip_line1":"FortisBC Energy Inc.","tooltip_line2":"Transmission \u00b7 4.0 km","tooltip_line3":"Project 000001684 seg 4 \u00b7 Active","tooltip_line4":"Authority: ERAA \u00b7 BCER permitted","tooltip_line5":"Post-2016 permits only \u2014 layer is partial","tooltip_line6":""}},{"type":"Feature","geometry":{"type":"LineString","coordinates":[[-120.50164,49.48334],[-120.49132,49.4832],[-120.49029,49.48295],[-120.48797,49.48093]]},"properties":{"operator_group":"Other BC operator","is_key_operator":false,"tooltip_title":"FortisBC Energy Inc.","tooltip_line1":"FortisBC Energy Inc.","tooltip_line2":"Transmission \u00b7 1.1 km","tooltip_line3":"Project 000001684 seg 5 \u00b7 Active","tooltip_line4":"Authority: ERAA \u00b7 BCER permitted","tooltip_line5":"Post-2016 permits only \u2014 layer is partial","tooltip_line6":""}},{"type":"Feature","geometry":{"type":"LineString","coordinates":[[-120.48797,49.48093],[-120.48476,49.47749],[-120.47766,49.47635]]},"properties":{"operator_group":"Other BC operator","is_key_operator":false,"tooltip_title":"FortisBC Energy Inc.","tooltip_line1":"FortisBC Energy Inc.","tooltip_line2":"Transmission \u00b7 1.0 km","tooltip_line3":"Project 000001684 seg 6 \u00b7 Active","tooltip_line4":"Authority: ERAA \u00b7 BCER permitted","tooltip_line5":"Post-2016 permits only \u2014 layer is partial","tooltip_line6":""}},{"type":"Feature","geometry":{"type":"LineString","coordinates":[[-120.47766,49.47635],[-120.4758,49.4758],[-120.47205,49.47589],[-120.46526,49.47712],[-120.46293,49.47649],[-120.46013,49.47828],[-120.45808,49.47873],[-120.43178,49.4789],[-120.43095,49.47857],[-120.429,49.47243],[-120.42585,49.47046],[-120.42042,49.47199],[-120.41895,49.47166],[-120.41667,49.46874],[-120.4162,49.46329],[-120.4134,49.46172],[-120.40356,49.46347],[-120.3969,49.46214],[-120.39349,49.46046],[-120.39156,49.46021]]},"properties":{"operator_group":"Other BC operator","is_key_operator":false,"tooltip_title":"FortisBC Energy Inc.","tooltip_line1":"FortisBC Energy Inc.","tooltip_line2":"Transmission \u00b7 8.1 km","tooltip_line3":"Project 000001684 seg 7 \u00b7 Active","tooltip_line4":"Authority: ERAA \u00b7 BCER permitted","tooltip_line5":"Post-2016 permits only \u2014 layer is partial","tooltip_line6":""}},{"type":"Feature","geometry":{"type":"LineString","coordinates":[[-120.39156,49.46021],[-120.38773,49.46049],[-120.37442,49.46413],[-120.37131,49.46433],[-120.36565,49.4633],[-120.3639,49.46386],[-120.35922,49.46372]]},"properties":{"operator_group":"Other BC operator","is_key_operator":false,"tooltip_title":"FortisBC Energy Inc.","tooltip_line1":"FortisBC Energy Inc.","tooltip_line2":"Transmission \u00b7 2.5 km","tooltip_line3":"Project 000001684 seg 8 \u00b7 Active","tooltip_line4":"Authority: ERAA \u00b7 BCER permitted","tooltip_line5":"Post-2016 permits only \u2014 layer is partial","tooltip_line6":""}},{"type":"Feature","geometry":{"type":"LineString","coordinates":[[-120.35922,49.46372],[-120.35101,49.4623],[-120.34167,49.45803],[-120.33884,49.45745],[-120.3364,49.45779],[-120.33314,49.45624],[-120.32694,49.45125]]},"properties":{"operator_group":"Other BC operator","is_key_operator":false,"tooltip_title":"FortisBC Energy Inc.","tooltip_line1":"FortisBC Energy Inc.","tooltip_line2":"Transmission \u00b7 2.9 km","tooltip_line3":"Project 000001684 seg 9 \u00b7 Active","tooltip_line4":"Authority: ERAA \u00b7 BCER permitted","tooltip_line5":"Post-2016 permits only \u2014 layer is partial","tooltip_line6":""}},{"type":"Feature","geometry":{"type":"LineString","coordinates":[[-120.32694,49.45125],[-120.32443,49.45025],[-120.32079,49.44723],[-120.31838,49.44611],[-120.31487,49.44531],[-120.31313,49.44383]]},"properties":{"operator_group":"Other BC operator","is_key_operator":false,"tooltip_title":"FortisBC Energy Inc.","tooltip_line1":"FortisBC Energy Inc.","tooltip_line2":"Transmission \u00b7 1.3 km","tooltip_line3":"Project 000001684 seg 10 \u00b7 Active","tooltip_line4":"Authority: ERAA \u00b7 BCER permitted","tooltip_line5":"Post-2016 permits only \u2014 layer is partial","tooltip_line6":""}},{"type":"Feature","geometry":{"type":"LineString","coordinates":[[-120.31313,49.44383],[-120.30869,49.4413],[-120.30135,49.44102],[-120.29843,49.44176],[-120.292,49.44171],[-120.2894,49.44078],[-120.28079,49.43907],[-120.27823,49.4367],[-120.27236,49.43279],[-120.26885,49.43132],[-120.25654,49.42233],[-120.25579,49.41904],[-120.25803,49.41622],[-120.25849,49.41142],[-120.25816,49.4103],[-120.25369,49.40664],[-120.2506,49.40543],[-120.24681,49.4056],[-120.24373,49.4042],[-120.23965,49.40443],[-120.23096,49.40309],[-120.22508,49.40284],[-120.21739,49.40062],[-120.21399,49.39914],[-120.21168,49.3977],[-120.21082,49.39619]]},"properties":{"operator_group":"Other BC operator","is_key_operator":false,"tooltip_title":"FortisBC Energy Inc.","tooltip_line1":"FortisBC Energy Inc.","tooltip_line2":"Transmission \u00b7 10.6 km","tooltip_line3":"Project 000001684 seg 11 \u00b7 Active","tooltip_line4":"Authority: ERAA \u00b7 BCER permitted","tooltip_line5":"Post-2016 permits only \u2014 layer is partial","tooltip_line6":""}},{"type":"Feature","geometry":{"type":"LineString","coordinates":[[-120.21082,49.39619],[-120.205,49.39306],[-120.20325,49.39022],[-120.19982,49.38783],[-120.1974,49.38673],[-120.19488,49.38668]]},"properties":{"operator_group":"Other BC operator","is_key_operator":false,"tooltip_title":"FortisBC Energy Inc.","tooltip_line1":"FortisBC Energy Inc.","tooltip_line2":"Transmission \u00b7 1.7 km","tooltip_line3":"Project 000001684 seg 12 \u00b7 Active","tooltip_line4":"Authority: ERAA \u00b7 BCER permitted","tooltip_line5":"Post-2016 permits only \u2014 layer is partial","tooltip_line6":""}},{"type":"Feature","geometry":{"type":"LineString","coordinates":[[-120.19488,49.38668],[-120.19316,49.38569],[-120.18474,49.38397],[-120.17546,49.38391],[-120.16888,49.38303],[-120.1649,49.3832],[-120.15892,49.38199],[-120.15508,49.37971],[-120.15234,49.37951],[-120.14021,49.37475],[-120.13492,49.37139]]},"properties":{"operator_group":"Other BC operator","is_key_operator":false,"tooltip_title":"FortisBC Energy Inc.","tooltip_line1":"FortisBC Energy Inc.","tooltip_line2":"Transmission \u00b7 4.9 km","tooltip_line3":"Project 000001684 seg 13 \u00b7 Active","tooltip_line4":"Authority: ERAA \u00b7 BCER permitted","tooltip_line5":"Post-2016 permits only \u2014 layer is partial","tooltip_line6":""}},{"type":"Feature","geometry":{"type":"LineString","coordinates":[[-120.13492,49.37139],[-120.13241,49.36991],[-120.12684,49.3677],[-120.12426,49.36846]]},"properties":{"operator_group":"Other BC operator","is_key_operator":false,"tooltip_title":"FortisBC Energy Inc.","tooltip_line1":"FortisBC Energy Inc.","tooltip_line2":"Transmission \u00b7 0.9 km","tooltip_line3":"Project 000001684 seg 14 \u00b7 Active","tooltip_line4":"Authority: ERAA \u00b7 BCER permitted","tooltip_line5":"Post-2016 permits only \u2014 layer is partial","tooltip_line6":""}},{"type":"Feature","geometry":{"type":"LineString","coordinates":[[-120.12426,49.36846],[-120.11124,49.3674],[-120.1051,49.36523],[-120.104,49.36415],[-120.1005,49.363],[-120.09594,49.36349],[-120.09448,49.36308],[-120.09163,49.35813],[-120.09105,49.35377],[-120.08295,49.35088],[-120.08173,49.34765],[-120.07991,49.34509],[-120.07297,49.34177],[-120.06855,49.33515],[-120.05986,49.32919],[-120.05572,49.32719],[-120.0549,49.3257],[-120.05279,49.32478],[-120.04819,49.32079],[-120.04615,49.31979],[-120.04261,49.31615],[-120.03811,49.3128],[-120.03736,49.31169],[-120.03776,49.30937],[-120.03719,49.30338],[-120.03922,49.30033],[-120.03938,49.298],[-120.04029,49.29714],[-120.04055,49.29504],[-120.04169,49.29299],[-120.04061,49.28966],[-120.04045,49.28714],[-120.03953,49.28565],[-120.03998,49.28362],[-120.03883,49.28191],[-120.03898,49.28002],[-120.03831,49.27543],[-120.03755,49.27408],[-120.03633,49.27294],[-120.03285,49.27112],[-120.03237,49.27029],[-120.03251,49.26905],[-120.03063,49.2663],[-120.02903,49.26503],[-120.02836,49.26148],[-120.0239,49.25389],[-120.01566,49.24561],[-120.01,49.24137],[-120.00654,49.23959],[-119.99814,49.22995],[-119.99671,49.22702],[-119.99132,49.22441],[-119.98237,49.22293]]},"properties":{"operator_group":"Other BC operator","is_key_operator":false,"tooltip_title":"FortisBC Energy Inc.","tooltip_line1":"FortisBC Energy Inc.","tooltip_line2":"Transmission \u00b7 21.4 km","tooltip_line3":"Project 000001684 seg 15 \u00b7 Active","tooltip_line4":"Authority: ERAA \u00b7 BCER permitted","tooltip_line5":"Post-2016 permits only \u2014 layer is partial","tooltip_line6":""}},{"type":"Feature","geometry":{"type":"LineString","coordinates":[[-119.98237,49.22293],[-119.97471,49.22182],[-119.96689,49.21933]]},"properties":{"operator_group":"Other BC operator","is_key_operator":false,"tooltip_title":"FortisBC Energy Inc.","tooltip_line1":"FortisBC Energy Inc.","tooltip_line2":"Transmission \u00b7 1.2 km","tooltip_line3":"Project 000001684 seg 16 \u00b7 Active","tooltip_line4":"Authority: ERAA \u00b7 BCER permitted","tooltip_line5":"Post-2016 permits only \u2014 layer is partial","tooltip_line6":""}},{"type":"Feature","geometry":{"type":"LineString","coordinates":[[-119.96689,49.21933],[-119.95645,49.21621],[-119.9525,49.21634],[-119.94798,49.21814],[-119.94277,49.21804],[-119.93658,49.21553],[-119.92584,49.21256],[-119.92382,49.21258],[-119.91597,49.20992],[-119.90977,49.20991],[-119.90612,49.20892],[-119.90523,49.20779],[-119.90184,49.20557],[-119.89609,49.20306],[-119.88518,49.19731],[-119.88361,49.19572],[-119.87602,49.19517],[-119.86828,49.19558],[-119.86293,49.19596],[-119.86089,49.19732],[-119.85374,49.19801],[-119.84792,49.19787],[-119.84585,49.19749],[-119.84433,49.19555],[-119.83669,49.1913],[-119.8249,49.18951],[-119.82218,49.19016],[-119.81583,49.19043],[-119.80454,49.19316],[-119.78964,49.19795],[-119.78641,49.19822],[-119.77841,49.19669],[-119.76587,49.19674]]},"properties":{"operator_group":"Other BC operator","is_key_operator":false,"tooltip_title":"FortisBC Energy Inc.","tooltip_line1":"FortisBC Energy Inc.","tooltip_line2":"Transmission \u00b7 16.3 km","tooltip_line3":"Project 000001684 seg 17 \u00b7 Active","tooltip_line4":"Authority: ERAA \u00b7 BCER permitted","tooltip_line5":"Post-2016 permits only \u2014 layer is partial","tooltip_line6":""}},{"type":"Feature","geometry":{"type":"LineString","coordinates":[[-119.76587,49.19674],[-119.76123,49.1964],[-119.7494,49.19669],[-119.7456,49.19431],[-119.74041,49.19249]]},"properties":{"operator_group":"Other BC operator","is_key_operator":false,"tooltip_title":"FortisBC Energy Inc.","tooltip_line1":"FortisBC Energy Inc.","tooltip_line2":"Transmission \u00b7 2.0 km","tooltip_line3":"Project 000001684 seg 18 \u00b7 Active","tooltip_line4":"Authority: ERAA \u00b7 BCER permitted","tooltip_line5":"Post-2016 permits only \u2014 layer is partial","tooltip_line6":""}},{"type":"Feature","geometry":{"type":"LineString","coordinates":[[-119.74041,49.19249],[-119.73027,49.19071],[-119.72634,49.19276],[-119.72332,49.19527],[-119.70727,49.20607],[-119.70314,49.21002],[-119.70007,49.21109],[-119.69581,49.21401],[-119.68298,49.21997],[-119.68132,49.21985],[-119.67964,49.22043],[-119.67806,49.2217],[-119.6756,49.22215],[-119.67479,49.22304],[-119.67212,49.22402],[-119.67096,49.225],[-119.66908,49.22544],[-119.66341,49.22951],[-119.65995,49.23107],[-119.65617,49.23146],[-119.64887,49.2292],[-119.6467,49.22997],[-119.64219,49.23017],[-119.64055,49.23104],[-119.63632,49.23186],[-119.62664,49.22863],[-119.62187,49.22896],[-119.61247,49.22648],[-119.60836,49.2274],[-119.60175,49.22603],[-119.59847,49.22712],[-119.59732,49.22798],[-119.59924,49.23146],[-119.59716,49.23334],[-119.59495,49.23416],[-119.58979,49.23333],[-119.58759,49.23187],[-119.58093,49.234],[-119.57508,49.23675],[-119.57142,49.23906],[-119.56811,49.23854],[-119.55733,49.24081],[-119.53791,49.24079],[-119.5354,49.24267],[-119.53335,49.24516],[-119.53059,49.24689]]},"properties":{"operator_group":"Other BC operator","is_key_operator":false,"tooltip_title":"FortisBC Energy Inc.","tooltip_line1":"FortisBC Energy Inc.","tooltip_line2":"Transmission \u00b7 19.1 km","tooltip_line3":"Project 000001684 seg 19 \u00b7 Active","tooltip_line4":"Authority: ERAA \u00b7 BCER permitted","tooltip_line5":"Post-2016 permits only \u2014 layer is partial","tooltip_line6":""}},{"type":"Feature","geometry":{"type":"LineString","coordinates":[[-119.53059,49.24689],[-119.5296,49.24749],[-119.52813,49.2475]]},"properties":{"operator_group":"Other BC operator","is_key_operator":false,"tooltip_title":"FortisBC Energy Inc.","tooltip_line1":"FortisBC Energy Inc.","tooltip_line2":"Transmission \u00b7 0.2 km","tooltip_line3":"Project 000001684 seg 20 \u00b7 Active","tooltip_line4":"Authority: ERAA \u00b7 BCER permitted","tooltip_line5":"Post-2016 permits only \u2014 layer is partial","tooltip_line6":""}},{"type":"Feature","geometry":{"type":"LineString","coordinates":[[-120.96878,50.88423],[-120.97192,50.88396]]},"properties":{"operator_group":"Other BC operator","is_key_operator":false,"tooltip_title":"FortisBC Energy Inc.","tooltip_line1":"FortisBC Energy Inc.","tooltip_line2":"Transmission \u00b7 0.2 km","tooltip_line3":"Project 000001685 seg 1 \u00b7 Active","tooltip_line4":"Authority: ERAA \u00b7 BCER permitted","tooltip_line5":"Post-2016 permits only \u2014 layer is partial","tooltip_line6":""}},{"type":"Feature","geometry":{"type":"LineString","coordinates":[[-120.97192,50.88396],[-120.97258,50.88394]]},"properties":{"operator_group":"Other BC operator","is_key_operator":false,"tooltip_title":"FortisBC Energy Inc.","tooltip_line1":"FortisBC Energy Inc.","tooltip_line2":"Transmission \u00b7 0.1 km","tooltip_line3":"Project 000001685 seg 2 \u00b7 Active","tooltip_line4":"Authority: ERAA \u00b7 BCER permitted","tooltip_line5":"Post-2016 permits only \u2014 layer is partial","tooltip_line6":""}},{"type":"Feature","geometry":{"type":"LineString","coordinates":[[-120.97258,50.88394],[-120.97411,50.88433],[-120.97818,50.88368],[-120.98357,50.88363],[-120.99276,50.8857],[-121.00405,50.88423],[-121.00913,50.88618],[-121.03824,50.87746],[-121.03985,50.87521],[-121.03958,50.87068],[-121.04175,50.86931],[-121.04502,50.86857],[-121.04555,50.86629],[-121.04671,50.86504],[-121.04973,50.86446],[-121.05416,50.86054],[-121.05944,50.85897],[-121.06772,50.85546],[-121.08284,50.84764],[-121.08932,50.84221],[-121.0908,50.84149],[-121.09246,50.84175],[-121.09532,50.84103],[-121.10492,50.8414],[-121.15043,50.8407],[-121.15553,50.83887],[-121.16833,50.8398],[-121.17397,50.83777],[-121.17549,50.83773],[-121.18508,50.84062],[-121.20036,50.84035],[-121.20871,50.84142],[-121.21344,50.84272],[-121.21547,50.84211],[-121.22081,50.84173],[-121.22407,50.84219],[-121.23478,50.83912],[-121.23541,50.83848],[-121.23536,50.83594],[-121.24059,50.83464],[-121.24246,50.8321],[-121.24272,50.83069],[-121.24376,50.82967],[-121.24739,50.82863],[-121.24958,50.82693],[-121.25858,50.82434],[-121.26895,50.82425],[-121.27296,50.82284],[-121.27427,50.82008],[-121.27852,50.81793],[-121.28126,50.81448],[-121.28141,50.81265],[-121.28904,50.80601]]},"properties":{"operator_group":"Other BC operator","is_key_operator":false,"tooltip_title":"FortisBC Energy Inc.","tooltip_line1":"FortisBC Energy Inc.","tooltip_line2":"Transmission \u00b7 27.4 km","tooltip_line3":"Project 000001685 seg 3 \u00b7 Active","tooltip_line4":"Authority: ERAA \u00b7 BCER permitted","tooltip_line5":"Post-2016 permits only \u2014 layer is partial","tooltip_line6":""}},{"type":"Feature","geometry":{"type":"LineString","coordinates":[[-121.28904,50.80601],[-121.29546,50.79684],[-121.29331,50.79559],[-121.29523,50.79294],[-121.29227,50.78683],[-121.27399,50.77025],[-121.27116,50.75792],[-121.26546,50.74779],[-121.26417,50.74348],[-121.26573,50.74273]]},"properties":{"operator_group":"Other BC operator","is_key_operator":false,"tooltip_title":"FortisBC Energy Inc.","tooltip_line1":"FortisBC Energy Inc.","tooltip_line2":"Transmission \u00b7 7.8 km","tooltip_line3":"Project 000001685 seg 4 \u00b7 Active","tooltip_line4":"Authority: ERAA \u00b7 BCER permitted","tooltip_line5":"Post-2016 permits only \u2014 layer is partial","tooltip_line6":""}},{"type":"Feature","geometry":{"type":"LineString","coordinates":[[-121.26573,50.74273],[-121.26824,50.74169],[-121.27154,50.74108]]},"properties":{"operator_group":"Other BC operator","is_key_operator":false,"tooltip_title":"FortisBC Energy Inc.","tooltip_line1":"FortisBC Energy Inc.","tooltip_line2":"Transmission \u00b7 0.5 km","tooltip_line3":"Project 000001685 seg 5 \u00b7 Active","tooltip_line4":"Authority: ERAA \u00b7 BCER permitted","tooltip_line5":"Post-2016 permits only \u2014 layer is partial","tooltip_line6":""}},{"type":"Feature","geometry":{"type":"LineString","coordinates":[[-121.27154,50.74108],[-121.27355,50.74034]]},"properties":{"operator_group":"Other BC operator","is_key_operator":false,"tooltip_title":"FortisBC Energy Inc.","tooltip_line1":"FortisBC Energy Inc.","tooltip_line2":"Transmission \u00b7 0.2 km","tooltip_line3":"Project 000001685 seg 8 \u00b7 Active","tooltip_line4":"Authority: ERAA \u00b7 BCER permitted","tooltip_line5":"Post-2016 permits only \u2014 layer is partial","tooltip_line6":""}},{"type":"Feature","geometry":{"type":"LineString","coordinates":[[-121.27355,50.74034],[-121.27964,50.73769],[-121.28107,50.73663]]},"properties":{"operator_group":"Other BC operator","is_key_operator":false,"tooltip_title":"FortisBC Energy Inc.","tooltip_line1":"FortisBC Energy Inc.","tooltip_line2":"Transmission \u00b7 0.7 km","tooltip_line3":"Project 000001685 seg 9 \u00b7 Active","tooltip_line4":"Authority: ERAA \u00b7 BCER permitted","tooltip_line5":"Post-2016 permits only \u2014 layer is partial","tooltip_line6":""}},{"type":"Feature","geometry":{"type":"LineString","coordinates":[[-120.83122,50.49269],[-120.83143,50.49375]]},"properties":{"operator_group":"Other BC operator","is_key_operator":false,"tooltip_title":"FortisBC Energy Inc.","tooltip_line1":"FortisBC Energy Inc.","tooltip_line2":"Transmission \u00b7 0.1 km","tooltip_line3":"Project 000001686 seg 4 \u00b7 Active","tooltip_line4":"Authority: ERAA \u00b7 BCER permitted","tooltip_line5":"Post-2016 permits only \u2014 layer is partial","tooltip_line6":""}},{"type":"Feature","geometry":{"type":"LineString","coordinates":[[-120.83143,50.49375],[-120.83232,50.49718],[-120.83514,50.49722]]},"properties":{"operator_group":"Other BC operator","is_key_operator":false,"tooltip_title":"FortisBC Energy Inc.","tooltip_line1":"FortisBC Energy Inc.","tooltip_line2":"Transmission \u00b7 0.7 km","tooltip_line3":"Project 000001686 seg 5 \u00b7 Active","tooltip_line4":"Authority: ERAA \u00b7 BCER permitted","tooltip_line5":"Post-2016 permits only \u2014 layer is partial","tooltip_line6":""}},{"type":"Feature","geometry":{"type":"LineString","coordinates":[[-120.83514,50.49722],[-120.84028,50.49725],[-120.84488,50.49542],[-120.85386,50.49726],[-120.85965,50.49622],[-120.86169,50.49662],[-120.86546,50.49401],[-120.8723,50.49667],[-120.89506,50.48425],[-120.89922,50.4835],[-120.90267,50.48202],[-120.90789,50.48119],[-120.91061,50.48226],[-120.9489,50.47605],[-120.96632,50.47602],[-120.97073,50.47275],[-120.97978,50.47213],[-120.98172,50.47243],[-120.98338,50.47155],[-120.98995,50.4715],[-120.98923,50.46699],[-120.98808,50.46549],[-120.99111,50.46437],[-120.99325,50.46261],[-120.9972,50.46594],[-121.00102,50.46828],[-121.00539,50.46939],[-121.00863,50.47082],[-121.01432,50.47173]]},"properties":{"operator_group":"Other BC operator","is_key_operator":false,"tooltip_title":"FortisBC Energy Inc.","tooltip_line1":"FortisBC Energy Inc.","tooltip_line2":"Transmission \u00b7 15.6 km","tooltip_line3":"Project 000001686 seg 6 \u00b7 Active","tooltip_line4":"Authority: ERAA \u00b7 BCER permitted","tooltip_line5":"Post-2016 permits only \u2014 layer is partial","tooltip_line6":""}},{"type":"Feature","geometry":{"type":"LineString","coordinates":[[-121.01432,50.47173],[-121.01686,50.47339]]},"properties":{"operator_group":"Other BC operator","is_key_operator":false,"tooltip_title":"FortisBC Energy Inc.","tooltip_line1":"FortisBC Energy Inc.","tooltip_line2":"Transmission \u00b7 0.3 km","tooltip_line3":"Project 000001686 seg 7 \u00b7 Active","tooltip_line4":"Authority: ERAA \u00b7 BCER permitted","tooltip_line5":"Post-2016 permits only \u2014 layer is partial","tooltip_line6":""}},{"type":"Feature","geometry":{"type":"LineString","coordinates":[[-120.83122,50.49269],[-120.82373,50.49254]]},"properties":{"operator_group":"Other BC operator","is_key_operator":false,"tooltip_title":"FortisBC Energy Inc.","tooltip_line1":"FortisBC Energy Inc.","tooltip_line2":"Transmission \u00b7 0.5 km","tooltip_line3":"Project 000001687 seg 1 \u00b7 Active","tooltip_line4":"Authority: ERAA \u00b7 BCER permitted","tooltip_line5":"Post-2016 permits only \u2014 layer is partial","tooltip_line6":""}},{"type":"Feature","geometry":{"type":"LineString","coordinates":[[-120.82373,50.49254],[-120.82096,50.49252]]},"properties":{"operator_group":"Other BC operator","is_key_operator":false,"tooltip_title":"FortisBC Energy Inc.","tooltip_line1":"FortisBC Energy Inc.","tooltip_line2":"Transmission \u00b7 0.2 km","tooltip_line3":"Project 000001687 seg 2 \u00b7 Active","tooltip_line4":"Authority: ERAA \u00b7 BCER permitted","tooltip_line5":"Post-2016 permits only \u2014 layer is partial","tooltip_line6":""}},{"type":"Feature","geometry":{"type":"LineString","coordinates":[[-122.48127,52.99912],[-122.47293,53.00006],[-122.46543,53.00026],[-122.46184,52.99974]]},"properties":{"operator_group":"Other BC operator","is_key_operator":false,"tooltip_title":"FortisBC Energy Inc.","tooltip_line1":"FortisBC Energy Inc.","tooltip_line2":"Transmission \u00b7 1.4 km","tooltip_line3":"Project 000001701 seg 4 \u00b7 Active","tooltip_line4":"Authority: ERAA \u00b7 BCER permitted","tooltip_line5":"Post-2016 permits only \u2014 layer is partial","tooltip_line6":""}},{"type":"Feature","geometry":{"type":"LineString","coordinates":[[-122.41748,52.50521],[-122.41682,52.50539],[-122.41618,52.50657],[-122.40992,52.50735],[-122.35841,52.51037],[-122.35427,52.51098],[-122.32826,52.51798],[-122.31689,52.52635],[-122.28973,52.53375],[-122.28863,52.53324]]},"properties":{"operator_group":"Other BC operator","is_key_operator":false,"tooltip_title":"FortisBC Energy Inc.","tooltip_line1":"FortisBC Energy Inc.","tooltip_line2":"Transmission \u00b7 9.8 km","tooltip_line3":"Project 000001706 seg 1 \u00b7 Active","tooltip_line4":"Authority: ERAA \u00b7 BCER permitted","tooltip_line5":"Post-2016 permits only \u2014 layer is partial","tooltip_line6":""}},{"type":"Feature","geometry":{"type":"LineString","coordinates":[[-122.28863,52.53324],[-122.28629,52.53215],[-122.2845,52.53204],[-122.28273,52.53123],[-122.28325,52.53081]]},"properties":{"operator_group":"Other BC operator","is_key_operator":false,"tooltip_title":"FortisBC Energy Inc.","tooltip_line1":"FortisBC Energy Inc.","tooltip_line2":"Transmission \u00b7 0.5 km","tooltip_line3":"Project 000001706 seg 2 \u00b7 Active","tooltip_line4":"Authority: ERAA \u00b7 BCER permitted","tooltip_line5":"Post-2016 permits only \u2014 layer is partial","tooltip_line6":""}},{"type":"Feature","geometry":{"type":"LineString","coordinates":[[-125.03607,54.09321],[-125.03628,54.09075],[-125.03708,54.08855]]},"properties":{"operator_group":"Other BC operator","is_key_operator":false,"tooltip_title":"Pacific Northern Gas Ltd.","tooltip_line1":"Pacific Northern Gas Ltd.","tooltip_line2":"Transmission \u00b7 0.5 km","tooltip_line3":"Project 000001717 seg 1 \u00b7 Active","tooltip_line4":"Authority: ERAA \u00b7 BCER permitted","tooltip_line5":"Post-2016 permits only \u2014 layer is partial","tooltip_line6":""}},{"type":"Feature","geometry":{"type":"LineString","coordinates":[[-124.29527,54.12639],[-124.29532,54.10766],[-124.29489,54.10708],[-124.29219,54.10621],[-124.29205,54.0704],[-124.29154,54.06831],[-124.29178,54.0646],[-124.2909,54.06261],[-124.29169,54.06127],[-124.2917,54.04162],[-124.31634,54.0415],[-124.31648,54.02912],[-124.31755,54.02732],[-124.32016,54.02818],[-124.32264,54.02836],[-124.3318,54.02728],[-124.33179,54.02679]]},"properties":{"operator_group":"Other BC operator","is_key_operator":false,"tooltip_title":"Pacific Northern Gas Ltd.","tooltip_line1":"Pacific Northern Gas Ltd.","tooltip_line2":"Transmission \u00b7 13.8 km","tooltip_line3":"Project 000001734 seg 1 \u00b7 Active","tooltip_line4":"Authority: ERAA \u00b7 BCER permitted","tooltip_line5":"Post-2016 permits only \u2014 layer is partial","tooltip_line6":""}},{"type":"Feature","geometry":{"type":"LineString","coordinates":[[-114.87182,49.74394],[-114.87858,49.74424]]},"properties":{"operator_group":"Other BC operator","is_key_operator":false,"tooltip_title":"FortisBC Energy Inc.","tooltip_line1":"FortisBC Energy Inc.","tooltip_line2":"Transmission \u00b7 0.5 km","tooltip_line3":"Project 000001741 seg 4 \u00b7 Active","tooltip_line4":"Authority: ERAA \u00b7 BCER permitted","tooltip_line5":"Post-2016 permits only \u2014 layer is partial","tooltip_line6":""}},{"type":"Feature","geometry":{"type":"LineString","coordinates":[[-114.87858,49.74424],[-114.8824,49.74454],[-114.8832,49.7465]]},"properties":{"operator_group":"Other BC operator","is_key_operator":false,"tooltip_title":"FortisBC Energy Inc.","tooltip_line1":"FortisBC Energy Inc.","tooltip_line2":"Transmission \u00b7 0.5 km","tooltip_line3":"Project 000001741 seg 5 \u00b7 Active","tooltip_line4":"Authority: ERAA \u00b7 BCER permitted","tooltip_line5":"Post-2016 permits only \u2014 layer is partial","tooltip_line6":""}},{"type":"Feature","geometry":{"type":"LineString","coordinates":[[-114.8832,49.7465],[-114.88361,49.74721],[-114.88185,49.7492],[-114.88134,49.75066],[-114.88166,49.75182],[-114.88296,49.75325],[-114.88275,49.75542],[-114.88681,49.75539],[-114.88681,49.75572]]},"properties":{"operator_group":"Other BC operator","is_key_operator":false,"tooltip_title":"FortisBC Energy Inc.","tooltip_line1":"FortisBC Energy Inc.","tooltip_line2":"Transmission \u00b7 1.4 km","tooltip_line3":"Project 000001741 seg 6 \u00b7 Active","tooltip_line4":"Authority: ERAA \u00b7 BCER permitted","tooltip_line5":"Post-2016 permits only \u2014 layer is partial","tooltip_line6":""}},{"type":"Feature","geometry":{"type":"LineString","coordinates":[[-114.88681,49.75572],[-114.88686,49.76625],[-114.88757,49.76684],[-114.89007,49.76726],[-114.89016,49.76922]]},"properties":{"operator_group":"Other BC operator","is_key_operator":false,"tooltip_title":"FortisBC Energy Inc.","tooltip_line1":"FortisBC Energy Inc.","tooltip_line2":"Transmission \u00b7 1.6 km","tooltip_line3":"Project 000001741 seg 7 \u00b7 Active","tooltip_line4":"Authority: ERAA \u00b7 BCER permitted","tooltip_line5":"Post-2016 permits only \u2014 layer is partial","tooltip_line6":""}},{"type":"Feature","geometry":{"type":"LineString","coordinates":[[-114.89016,49.76922],[-114.89019,49.76971],[-114.89133,49.76996],[-114.89296,49.77829],[-114.88813,49.78866],[-114.88815,49.78939]]},"properties":{"operator_group":"Other BC operator","is_key_operator":false,"tooltip_title":"FortisBC Energy Inc.","tooltip_line1":"FortisBC Energy Inc.","tooltip_line2":"Transmission \u00b7 2.4 km","tooltip_line3":"Project 000001741 seg 8 \u00b7 Active","tooltip_line4":"Authority: ERAA \u00b7 BCER permitted","tooltip_line5":"Post-2016 permits only \u2014 layer is partial","tooltip_line6":""}},{"type":"Feature","geometry":{"type":"LineString","coordinates":[[-114.88815,49.78939],[-114.8882,49.79096],[-114.89041,49.79503],[-114.89065,49.80335]]},"properties":{"operator_group":"Other BC operator","is_key_operator":false,"tooltip_title":"FortisBC Energy Inc.","tooltip_line1":"FortisBC Energy Inc.","tooltip_line2":"Transmission \u00b7 1.6 km","tooltip_line3":"Project 000001741 seg 9 \u00b7 Active","tooltip_line4":"Authority: ERAA \u00b7 BCER permitted","tooltip_line5":"Post-2016 permits only \u2014 layer is partial","tooltip_line6":""}},{"type":"Feature","geometry":{"type":"LineString","coordinates":[[-114.89065,49.80335],[-114.88993,49.80908],[-114.88943,49.8093],[-114.88876,49.81134],[-114.88642,49.81264],[-114.88598,49.82946]]},"properties":{"operator_group":"Other BC operator","is_key_operator":false,"tooltip_title":"FortisBC Energy Inc.","tooltip_line1":"FortisBC Energy Inc.","tooltip_line2":"Transmission \u00b7 3.0 km","tooltip_line3":"Project 000001741 seg 10 \u00b7 Active","tooltip_line4":"Authority: ERAA \u00b7 BCER permitted","tooltip_line5":"Post-2016 permits only \u2014 layer is partial","tooltip_line6":""}},{"type":"Feature","geometry":{"type":"LineString","coordinates":[[-114.88598,49.82946],[-114.88582,49.83713],[-114.88172,49.84875],[-114.87909,49.85402]]},"properties":{"operator_group":"Other BC operator","is_key_operator":false,"tooltip_title":"FortisBC Energy Inc.","tooltip_line1":"FortisBC Energy Inc.","tooltip_line2":"Transmission \u00b7 2.8 km","tooltip_line3":"Project 000001741 seg 11 \u00b7 Active","tooltip_line4":"Authority: ERAA \u00b7 BCER permitted","tooltip_line5":"Post-2016 permits only \u2014 layer is partial","tooltip_line6":""}},{"type":"Feature","geometry":{"type":"LineString","coordinates":[[-114.87909,49.85402],[-114.8771,49.85802],[-114.88227,49.87065],[-114.88316,49.87103],[-114.88938,49.88447],[-114.8892,49.88489],[-114.8898,49.88526],[-114.89527,49.89712]]},"properties":{"operator_group":"Other BC operator","is_key_operator":false,"tooltip_title":"FortisBC Energy Inc.","tooltip_line1":"FortisBC Energy Inc.","tooltip_line2":"Transmission \u00b7 5.0 km","tooltip_line3":"Project 000001741 seg 12 \u00b7 Active","tooltip_line4":"Authority: ERAA \u00b7 BCER permitted","tooltip_line5":"Post-2016 permits only \u2014 layer is partial","tooltip_line6":""}},{"type":"Feature","geometry":{"type":"LineString","coordinates":[[-114.89549,49.89913],[-114.9186,49.97167]]},"properties":{"operator_group":"Other BC operator","is_key_operator":false,"tooltip_title":"FortisBC Energy Inc.","tooltip_line1":"FortisBC Energy Inc.","tooltip_line2":"Transmission \u00b7 8.3 km","tooltip_line3":"Project 000001741 seg 13 \u00b7 Active","tooltip_line4":"Authority: ERAA \u00b7 BCER permitted","tooltip_line5":"Post-2016 permits only \u2014 layer is partial","tooltip_line6":""}},{"type":"Feature","geometry":{"type":"LineString","coordinates":[[-114.9186,49.97167],[-114.91924,49.97342],[-114.91697,49.97444]]},"properties":{"operator_group":"Other BC operator","is_key_operator":false,"tooltip_title":"FortisBC Energy Inc.","tooltip_line1":"FortisBC Energy Inc.","tooltip_line2":"Transmission \u00b7 0.4 km","tooltip_line3":"Project 000001741 seg 14 \u00b7 Active","tooltip_line4":"Authority: ERAA \u00b7 BCER permitted","tooltip_line5":"Post-2016 permits only \u2014 layer is partial","tooltip_line6":""}},{"type":"Feature","geometry":{"type":"LineString","coordinates":[[-114.91697,49.97444],[-114.91611,49.97461],[-114.91572,49.97571],[-114.92298,49.9835],[-114.91872,49.9918],[-114.91853,49.99647],[-114.91778,49.9984],[-114.91723,50.00563]]},"properties":{"operator_group":"Other BC operator","is_key_operator":false,"tooltip_title":"FortisBC Energy Inc.","tooltip_line1":"FortisBC Energy Inc.","tooltip_line2":"Transmission \u00b7 3.7 km","tooltip_line3":"Project 000001741 seg 15 \u00b7 Active","tooltip_line4":"Authority: ERAA \u00b7 BCER permitted","tooltip_line5":"Post-2016 permits only \u2014 layer is partial","tooltip_line6":""}},{"type":"Feature","geometry":{"type":"LineString","coordinates":[[-114.91723,50.00563],[-114.91645,50.01901]]},"properties":{"operator_group":"Other BC operator","is_key_operator":false,"tooltip_title":"FortisBC Energy Inc.","tooltip_line1":"FortisBC Energy Inc.","tooltip_line2":"Transmission \u00b7 1.5 km","tooltip_line3":"Project 000001741 seg 16 \u00b7 Active","tooltip_line4":"Authority: ERAA \u00b7 BCER permitted","tooltip_line5":"Post-2016 permits only \u2014 layer is partial","tooltip_line6":""}},{"type":"Feature","geometry":{"type":"LineString","coordinates":[[-114.91645,50.01901],[-114.9162,50.022],[-114.91493,50.02237]]},"properties":{"operator_group":"Other BC operator","is_key_operator":false,"tooltip_title":"FortisBC Energy Inc.","tooltip_line1":"FortisBC Energy Inc.","tooltip_line2":"Transmission \u00b7 0.4 km","tooltip_line3":"Project 000001741 seg 17 \u00b7 Active","tooltip_line4":"Authority: ERAA \u00b7 BCER permitted","tooltip_line5":"Post-2016 permits only \u2014 layer is partial","tooltip_line6":""}},{"type":"Feature","geometry":{"type":"LineString","coordinates":[[-114.91493,50.02237],[-114.91405,50.02333],[-114.91492,50.02727]]},"properties":{"operator_group":"Other BC operator","is_key_operator":false,"tooltip_title":"FortisBC Energy Inc.","tooltip_line1":"FortisBC Energy Inc.","tooltip_line2":"Transmission \u00b7 0.6 km","tooltip_line3":"Project 000001741 seg 18 \u00b7 Active","tooltip_line4":"Authority: ERAA \u00b7 BCER permitted","tooltip_line5":"Post-2016 permits only \u2014 layer is partial","tooltip_line6":""}},{"type":"Feature","geometry":{"type":"LineString","coordinates":[[-114.91492,50.02727],[-114.91546,50.0298],[-114.91364,50.03169],[-114.91112,50.03262],[-114.90879,50.03207],[-114.89139,50.03855],[-114.88155,50.04039]]},"properties":{"operator_group":"Other BC operator","is_key_operator":false,"tooltip_title":"FortisBC Energy Inc.","tooltip_line1":"FortisBC Energy Inc.","tooltip_line2":"Transmission \u00b7 3.1 km","tooltip_line3":"Project 000001741 seg 19 \u00b7 Active","tooltip_line4":"Authority: ERAA \u00b7 BCER permitted","tooltip_line5":"Post-2016 permits only \u2014 layer is partial","tooltip_line6":""}},{"type":"Feature","geometry":{"type":"LineString","coordinates":[[-114.85282,50.04455],[-114.84999,50.04416],[-114.84714,50.0429],[-114.84459,50.03988]]},"properties":{"operator_group":"Other BC operator","is_key_operator":false,"tooltip_title":"FortisBC Energy Inc.","tooltip_line1":"FortisBC Energy Inc.","tooltip_line2":"Transmission \u00b7 0.8 km","tooltip_line3":"Project 000001741 seg 20 \u00b7 Active","tooltip_line4":"Authority: ERAA \u00b7 BCER permitted","tooltip_line5":"Post-2016 permits only \u2014 layer is partial","tooltip_line6":""}},{"type":"Feature","geometry":{"type":"LineString","coordinates":[[-114.84459,50.03988],[-114.84288,50.03785],[-114.83965,50.03102],[-114.83569,50.02694],[-114.83395,50.02642],[-114.82384,50.02661],[-114.82001,50.03048],[-114.81699,50.03272],[-114.81072,50.03968],[-114.80385,50.05125],[-114.80395,50.0578],[-114.80485,50.05791],[-114.80515,50.06222],[-114.80843,50.06491],[-114.80854,50.0675],[-114.80629,50.07341],[-114.8058,50.07695],[-114.80066,50.07906],[-114.80236,50.08204],[-114.80312,50.08614],[-114.81168,50.10063],[-114.81917,50.10682],[-114.82364,50.10581],[-114.8252,50.10705],[-114.82547,50.11239],[-114.8272,50.11376],[-114.8279,50.11847],[-114.82987,50.12201],[-114.83213,50.12454],[-114.83509,50.12635],[-114.84245,50.13243],[-114.84745,50.13963],[-114.84936,50.13995],[-114.85289,50.14324],[-114.86053,50.1543],[-114.86147,50.15981],[-114.86129,50.16092],[-114.86425,50.16918]]},"properties":{"operator_group":"Other BC operator","is_key_operator":false,"tooltip_title":"FortisBC Energy Inc.","tooltip_line1":"FortisBC Energy Inc.","tooltip_line2":"Transmission \u00b7 20.7 km","tooltip_line3":"Project 000001741 seg 21 \u00b7 Active","tooltip_line4":"Authority: ERAA \u00b7 BCER permitted","tooltip_line5":"Post-2016 permits only \u2014 layer is partial","tooltip_line6":""}},{"type":"Feature","geometry":{"type":"LineString","coordinates":[[-114.89527,49.89712],[-114.89468,49.89791],[-114.8955,49.8988]]},"properties":{"operator_group":"Other BC operator","is_key_operator":false,"tooltip_title":"FortisBC Energy Inc.","tooltip_line1":"FortisBC Energy Inc.","tooltip_line2":"Transmission \u00b7 0.2 km","tooltip_line3":"Project 000001741 seg 29 \u00b7 Active","tooltip_line4":"Authority: ERAA \u00b7 BCER permitted","tooltip_line5":"Post-2016 permits only \u2014 layer is partial","tooltip_line6":""}},{"type":"Feature","geometry":{"type":"LineString","coordinates":[[-114.8813,50.04076],[-114.87901,50.04099],[-114.87424,50.04286],[-114.86992,50.04387],[-114.86476,50.04631],[-114.86168,50.04597],[-114.85717,50.04466],[-114.85282,50.04455]]},"properties":{"operator_group":"Other BC operator","is_key_operator":false,"tooltip_title":"FortisBC Energy Inc.","tooltip_line1":"FortisBC Energy Inc.","tooltip_line2":"Transmission \u00b7 2.2 km","tooltip_line3":"Project 000001741 seg 31 \u00b7 Active","tooltip_line4":"Authority: ERAA \u00b7 BCER permitted","tooltip_line5":"Post-2016 permits only \u2014 layer is partial","tooltip_line6":""}},{"type":"Feature","geometry":{"type":"LineString","coordinates":[[-114.88155,50.04039],[-114.8813,50.04076]]},"properties":{"operator_group":"Other BC operator","is_key_operator":false,"tooltip_title":"FortisBC Energy Inc.","tooltip_line1":"FortisBC Energy Inc.","tooltip_line2":"Transmission \u00b7 0.0 km","tooltip_line3":"Project 000001741 seg 32 \u00b7 Active","tooltip_line4":"Authority: ERAA \u00b7 BCER permitted","tooltip_line5":"Post-2016 permits only \u2014 layer is partial","tooltip_line6":""}},{"type":"Feature","geometry":{"type":"LineString","coordinates":[[-120.85066,50.13801],[-120.85085,50.13671],[-120.84804,50.13529]]},"properties":{"operator_group":"Other BC operator","is_key_operator":false,"tooltip_title":"FortisBC Energy Inc.","tooltip_line1":"FortisBC Energy Inc.","tooltip_line2":"Transmission \u00b7 0.4 km","tooltip_line3":"Project 000001794 seg 1 \u00b7 Active","tooltip_line4":"Authority: ERAA \u00b7 BCER permitted","tooltip_line5":"Post-2016 permits only \u2014 layer is partial","tooltip_line6":""}},{"type":"Feature","geometry":{"type":"LineString","coordinates":[[-120.84804,50.13529],[-120.83577,50.12913],[-120.8366,50.12798],[-120.83374,50.12526],[-120.82924,50.12337]]},"properties":{"operator_group":"Other BC operator","is_key_operator":false,"tooltip_title":"FortisBC Energy Inc.","tooltip_line1":"FortisBC Energy Inc.","tooltip_line2":"Transmission \u00b7 2.0 km","tooltip_line3":"Project 000001794 seg 2 \u00b7 Active","tooltip_line4":"Authority: ERAA \u00b7 BCER permitted","tooltip_line5":"Post-2016 permits only \u2014 layer is partial","tooltip_line6":""}},{"type":"Feature","geometry":{"type":"LineString","coordinates":[[-120.82924,50.12337],[-120.8197,50.11946],[-120.81867,50.11812],[-120.81518,50.11711]]},"properties":{"operator_group":"Other BC operator","is_key_operator":false,"tooltip_title":"FortisBC Energy Inc.","tooltip_line1":"FortisBC Energy Inc.","tooltip_line2":"Transmission \u00b7 1.3 km","tooltip_line3":"Project 000001794 seg 3 \u00b7 Active","tooltip_line4":"Authority: ERAA \u00b7 BCER permitted","tooltip_line5":"Post-2016 permits only \u2014 layer is partial","tooltip_line6":""}},{"type":"Feature","geometry":{"type":"LineString","coordinates":[[-120.81518,50.11711],[-120.81161,50.11607]]},"properties":{"operator_group":"Other BC operator","is_key_operator":false,"tooltip_title":"FortisBC Energy Inc.","tooltip_line1":"FortisBC Energy Inc.","tooltip_line2":"Transmission \u00b7 0.3 km","tooltip_line3":"Project 000001794 seg 4 \u00b7 Active","tooltip_line4":"Authority: ERAA \u00b7 BCER permitted","tooltip_line5":"Post-2016 permits only \u2014 layer is partial","tooltip_line6":""}},{"type":"Feature","geometry":{"type":"LineString","coordinates":[[-120.80222,50.11392],[-120.80095,50.1135]]},"properties":{"operator_group":"Other BC operator","is_key_operator":false,"tooltip_title":"FortisBC Energy Inc.","tooltip_line1":"FortisBC Energy Inc.","tooltip_line2":"Transmission \u00b7 0.1 km","tooltip_line3":"Project 000001794 seg 5 \u00b7 Active","tooltip_line4":"Authority: ERAA \u00b7 BCER permitted","tooltip_line5":"Post-2016 permits only \u2014 layer is partial","tooltip_line6":""}},{"type":"Feature","geometry":{"type":"LineString","coordinates":[[-120.81161,50.11607],[-120.81131,50.11598]]},"properties":{"operator_group":"Other BC operator","is_key_operator":false,"tooltip_title":"FortisBC Energy Inc.","tooltip_line1":"FortisBC Energy Inc.","tooltip_line2":"Transmission \u00b7 0.0 km","tooltip_line3":"Project 000001794 seg 6 \u00b7 New","tooltip_line4":"Authority: ERAA \u00b7 BCER permitted","tooltip_line5":"Post-2016 permits only \u2014 layer is partial","tooltip_line6":""}},{"type":"Feature","geometry":{"type":"LineString","coordinates":[[-120.81131,50.11598],[-120.80513,50.11419]]},"properties":{"operator_group":"Other BC operator","is_key_operator":false,"tooltip_title":"FortisBC Energy Inc.","tooltip_line1":"FortisBC Energy Inc.","tooltip_line2":"Transmission \u00b7 0.5 km","tooltip_line3":"Project 000001794 seg 7 \u00b7 New","tooltip_line4":"Authority: ERAA \u00b7 BCER permitted","tooltip_line5":"Post-2016 permits only \u2014 layer is partial","tooltip_line6":""}},{"type":"Feature","geometry":{"type":"LineString","coordinates":[[-120.80513,50.11419],[-120.8033,50.11381]]},"properties":{"operator_group":"Other BC operator","is_key_operator":false,"tooltip_title":"FortisBC Energy Inc.","tooltip_line1":"FortisBC Energy Inc.","tooltip_line2":"Transmission \u00b7 0.1 km","tooltip_line3":"Project 000001794 seg 8 \u00b7 New","tooltip_line4":"Authority: ERAA \u00b7 BCER permitted","tooltip_line5":"Post-2016 permits only \u2014 layer is partial","tooltip_line6":""}},{"type":"Feature","geometry":{"type":"LineString","coordinates":[[-120.8033,50.11381],[-120.80269,50.11387]]},"properties":{"operator_group":"Other BC operator","is_key_operator":false,"tooltip_title":"FortisBC Energy Inc.","tooltip_line1":"FortisBC Energy Inc.","tooltip_line2":"Transmission \u00b7 0.0 km","tooltip_line3":"Project 000001794 seg 9 \u00b7 New","tooltip_line4":"Authority: ERAA \u00b7 BCER permitted","tooltip_line5":"Post-2016 permits only \u2014 layer is partial","tooltip_line6":""}},{"type":"Feature","geometry":{"type":"LineString","coordinates":[[-120.80269,50.11387],[-120.80234,50.1139]]},"properties":{"operator_group":"Other BC operator","is_key_operator":false,"tooltip_title":"FortisBC Energy Inc.","tooltip_line1":"FortisBC Energy Inc.","tooltip_line2":"Transmission \u00b7 0.0 km","tooltip_line3":"Project 000001794 seg 10 \u00b7 New","tooltip_line4":"Authority: ERAA \u00b7 BCER permitted","tooltip_line5":"Post-2016 permits only \u2014 layer is partial","tooltip_line6":""}},{"type":"Feature","geometry":{"type":"LineString","coordinates":[[-120.80234,50.1139],[-120.80222,50.11392]]},"properties":{"operator_group":"Other BC operator","is_key_operator":false,"tooltip_title":"FortisBC Energy Inc.","tooltip_line1":"FortisBC Energy Inc.","tooltip_line2":"Transmission \u00b7 0.0 km","tooltip_line3":"Project 000001794 seg 11 \u00b7 New","tooltip_line4":"Authority: ERAA \u00b7 BCER permitted","tooltip_line5":"Post-2016 permits only \u2014 layer is partial","tooltip_line6":""}},{"type":"Feature","geometry":{"type":"LineString","coordinates":[[-120.81161,50.11607],[-120.80222,50.11392]]},"properties":{"operator_group":"Other BC operator","is_key_operator":false,"tooltip_title":"FortisBC Energy Inc.","tooltip_line1":"FortisBC Energy Inc.","tooltip_line2":"Transmission \u00b7 0.7 km","tooltip_line3":"Project 000001794 seg 12 \u00b7 Active","tooltip_line4":"Authority: ERAA \u00b7 BCER permitted","tooltip_line5":"Post-2016 permits only \u2014 layer is partial","tooltip_line6":""}},{"type":"Feature","geometry":{"type":"LineString","coordinates":[[-122.92457,55.12116],[-122.9452,55.13525],[-122.96441,55.14994],[-122.98614,55.16402],[-122.97995,55.18147],[-123.0003,55.18979]]},"properties":{"operator_group":"Other BC operator","is_key_operator":false,"tooltip_title":"FortisBC Energy Inc.","tooltip_line1":"FortisBC Energy Inc.","tooltip_line2":"Transmission \u00b7 9.8 km","tooltip_line3":"Project 000001802 seg 2 \u00b7 Active","tooltip_line4":"Authority: ERAA \u00b7 BCER permitted","tooltip_line5":"Post-2016 permits only \u2014 layer is partial","tooltip_line6":""}},{"type":"Feature","geometry":{"type":"LineString","coordinates":[[-123.03866,55.20544],[-123.06344,55.21564]]},"properties":{"operator_group":"Other BC operator","is_key_operator":false,"tooltip_title":"FortisBC Energy Inc.","tooltip_line1":"FortisBC Energy Inc.","tooltip_line2":"Transmission \u00b7 1.9 km","tooltip_line3":"Project 000001802 seg 4 \u00b7 Active","tooltip_line4":"Authority: ERAA \u00b7 BCER permitted","tooltip_line5":"Post-2016 permits only \u2014 layer is partial","tooltip_line6":""}},{"type":"Feature","geometry":{"type":"LineString","coordinates":[[-123.06289,55.21524],[-123.06276,55.21523]]},"properties":{"operator_group":"Other BC operator","is_key_operator":false,"tooltip_title":"FortisBC Energy Inc.","tooltip_line1":"FortisBC Energy Inc.","tooltip_line2":"Transmission \u00b7 0.0 km","tooltip_line3":"Project 000001802 seg 5 \u00b7 Active","tooltip_line4":"Authority: ERAA \u00b7 BCER permitted","tooltip_line5":"Post-2016 permits only \u2014 layer is partial","tooltip_line6":""}},{"type":"Feature","geometry":{"type":"LineString","coordinates":[[-123.00115,55.18982],[-123.0202,55.19789]]},"properties":{"operator_group":"Other BC operator","is_key_operator":false,"tooltip_title":"FortisBC Energy Inc.","tooltip_line1":"FortisBC Energy Inc.","tooltip_line2":"Transmission \u00b7 1.5 km","tooltip_line3":"Project 000001802 seg 7 \u00b7 Active","tooltip_line4":"Authority: ERAA \u00b7 BCER permitted","tooltip_line5":"Post-2016 permits only \u2014 layer is partial","tooltip_line6":""}},{"type":"Feature","geometry":{"type":"LineString","coordinates":[[-123.02259,55.19888],[-123.03009,55.20189]]},"properties":{"operator_group":"Other BC operator","is_key_operator":false,"tooltip_title":"FortisBC Energy Inc.","tooltip_line1":"FortisBC Energy Inc.","tooltip_line2":"Transmission \u00b7 0.6 km","tooltip_line3":"Project 000001802 seg 8 \u00b7 Active","tooltip_line4":"Authority: ERAA \u00b7 BCER permitted","tooltip_line5":"Post-2016 permits only \u2014 layer is partial","tooltip_line6":""}},{"type":"Feature","geometry":{"type":"LineString","coordinates":[[-123.0003,55.18979],[-123.00115,55.18982]]},"properties":{"operator_group":"Other BC operator","is_key_operator":false,"tooltip_title":"FortisBC Energy Inc.","tooltip_line1":"FortisBC Energy Inc.","tooltip_line2":"Transmission \u00b7 0.1 km","tooltip_line3":"Project 000001802 seg 11 \u00b7 Active","tooltip_line4":"Authority: ERAA \u00b7 BCER permitted","tooltip_line5":"Post-2016 permits only \u2014 layer is partial","tooltip_line6":""}},{"type":"Feature","geometry":{"type":"LineString","coordinates":[[-123.0202,55.19789],[-123.02259,55.19888]]},"properties":{"operator_group":"Other BC operator","is_key_operator":false,"tooltip_title":"FortisBC Energy Inc.","tooltip_line1":"FortisBC Energy Inc.","tooltip_line2":"Transmission \u00b7 0.2 km","tooltip_line3":"Project 000001802 seg 12 \u00b7 Active","tooltip_line4":"Authority: ERAA \u00b7 BCER permitted","tooltip_line5":"Post-2016 permits only \u2014 layer is partial","tooltip_line6":""}},{"type":"Feature","geometry":{"type":"LineString","coordinates":[[-123.03009,55.20189],[-123.03061,55.20219]]},"properties":{"operator_group":"Other BC operator","is_key_operator":false,"tooltip_title":"FortisBC Energy Inc.","tooltip_line1":"FortisBC Energy Inc.","tooltip_line2":"Transmission \u00b7 0.0 km","tooltip_line3":"Project 000001802 seg 13 \u00b7 Active","tooltip_line4":"Authority: ERAA \u00b7 BCER permitted","tooltip_line5":"Post-2016 permits only \u2014 layer is partial","tooltip_line6":""}},{"type":"Feature","geometry":{"type":"LineString","coordinates":[[-123.03638,55.20453],[-123.03866,55.20544]]},"properties":{"operator_group":"Other BC operator","is_key_operator":false,"tooltip_title":"FortisBC Energy Inc.","tooltip_line1":"FortisBC Energy Inc.","tooltip_line2":"Transmission \u00b7 0.2 km","tooltip_line3":"Project 000001802 seg 14 \u00b7 Active","tooltip_line4":"Authority: ERAA \u00b7 BCER permitted","tooltip_line5":"Post-2016 permits only \u2014 layer is partial","tooltip_line6":""}},{"type":"Feature","geometry":{"type":"LineString","coordinates":[[-123.03061,55.20219],[-123.03638,55.20453]]},"properties":{"operator_group":"Other BC operator","is_key_operator":false,"tooltip_title":"FortisBC Energy Inc.","tooltip_line1":"FortisBC Energy Inc.","tooltip_line2":"Transmission \u00b7 0.5 km","tooltip_line3":"Project 000001802 seg 15 \u00b7 New","tooltip_line4":"Authority: ERAA \u00b7 BCER permitted","tooltip_line5":"Post-2016 permits only \u2014 layer is partial","tooltip_line6":""}},{"type":"Feature","geometry":{"type":"LineString","coordinates":[[-119.30572,50.26712],[-119.30413,50.26664],[-119.30005,50.26307]]},"properties":{"operator_group":"Other BC operator","is_key_operator":false,"tooltip_title":"FortisBC Energy Inc.","tooltip_line1":"FortisBC Energy Inc.","tooltip_line2":"Transmission \u00b7 0.6 km","tooltip_line3":"Project 000001829 seg 1 \u00b7 Active","tooltip_line4":"Authority: ERAA \u00b7 BCER permitted","tooltip_line5":"Post-2016 permits only \u2014 layer is partial","tooltip_line6":""}},{"type":"Feature","geometry":{"type":"LineString","coordinates":[[-119.30005,50.26307],[-119.30005,50.26303]]},"properties":{"operator_group":"Other BC operator","is_key_operator":false,"tooltip_title":"FortisBC Energy Inc.","tooltip_line1":"FortisBC Energy Inc.","tooltip_line2":"Transmission \u00b7 0.0 km","tooltip_line3":"Project 000001829 seg 2 \u00b7 Active","tooltip_line4":"Authority: ERAA \u00b7 BCER permitted","tooltip_line5":"Post-2016 permits only \u2014 layer is partial","tooltip_line6":""}},{"type":"Feature","geometry":{"type":"LineString","coordinates":[[-120.18522,50.65749],[-120.18471,50.65828]]},"properties":{"operator_group":"Other BC operator","is_key_operator":false,"tooltip_title":"FortisBC Energy Inc.","tooltip_line1":"FortisBC Energy Inc.","tooltip_line2":"Transmission \u00b7 0.1 km","tooltip_line3":"Project 000001843 seg 1 \u00b7 Active","tooltip_line4":"Authority: ERAA \u00b7 BCER permitted","tooltip_line5":"Post-2016 permits only \u2014 layer is partial","tooltip_line6":""}},{"type":"Feature","geometry":{"type":"LineString","coordinates":[[-122.03736,52.1973],[-122.07082,52.17924],[-122.07304,52.17597],[-122.07326,52.17431],[-122.07489,52.17317],[-122.08443,52.15881],[-122.09099,52.15536],[-122.09333,52.15323],[-122.10283,52.14738]]},"properties":{"operator_group":"Other BC operator","is_key_operator":false,"tooltip_title":"FortisBC Energy Inc.","tooltip_line1":"FortisBC Energy Inc.","tooltip_line2":"Transmission \u00b7 7.4 km","tooltip_line3":"Project 000001901 seg 1 \u00b7 Active","tooltip_line4":"Authority: ERAA \u00b7 BCER permitted","tooltip_line5":"Post-2016 permits only \u2014 layer is partial","tooltip_line6":""}},{"type":"Feature","geometry":{"type":"LineString","coordinates":[[-122.10283,52.14738],[-122.11758,52.13831]]},"properties":{"operator_group":"Other BC operator","is_key_operator":false,"tooltip_title":"FortisBC Energy Inc.","tooltip_line1":"FortisBC Energy Inc.","tooltip_line2":"Transmission \u00b7 1.4 km","tooltip_line3":"Project 000001901 seg 2 \u00b7 Active","tooltip_line4":"Authority: ERAA \u00b7 BCER permitted","tooltip_line5":"Post-2016 permits only \u2014 layer is partial","tooltip_line6":""}},{"type":"Feature","geometry":{"type":"LineString","coordinates":[[-122.11758,52.13831],[-122.11966,52.13339],[-122.12096,52.13267],[-122.12124,52.13196]]},"properties":{"operator_group":"Other BC operator","is_key_operator":false,"tooltip_title":"FortisBC Energy Inc.","tooltip_line1":"FortisBC Energy Inc.","tooltip_line2":"Transmission \u00b7 0.8 km","tooltip_line3":"Project 000001901 seg 3 \u00b7 Active","tooltip_line4":"Authority: ERAA \u00b7 BCER permitted","tooltip_line5":"Post-2016 permits only \u2014 layer is partial","tooltip_line6":""}},{"type":"Feature","geometry":{"type":"LineString","coordinates":[[-122.12124,52.13196],[-122.12299,52.12857]]},"properties":{"operator_group":"Other BC operator","is_key_operator":false,"tooltip_title":"FortisBC Energy Inc.","tooltip_line1":"FortisBC Energy Inc.","tooltip_line2":"Transmission \u00b7 0.4 km","tooltip_line3":"Project 000001901 seg 4 \u00b7 Active","tooltip_line4":"Authority: ERAA \u00b7 BCER permitted","tooltip_line5":"Post-2016 permits only \u2014 layer is partial","tooltip_line6":""}},{"type":"Feature","geometry":{"type":"LineString","coordinates":[[-117.81073,49.08697],[-117.81011,49.08639],[-117.80336,49.08569]]},"properties":{"operator_group":"Other BC operator","is_key_operator":false,"tooltip_title":"FortisBC Energy Inc.","tooltip_line1":"FortisBC Energy Inc.","tooltip_line2":"Transmission \u00b7 0.6 km","tooltip_line3":"Project 000001902 seg 1 \u00b7 Active","tooltip_line4":"Authority: ERAA \u00b7 BCER permitted","tooltip_line5":"Post-2016 permits only \u2014 layer is partial","tooltip_line6":""}},{"type":"Feature","geometry":{"type":"LineString","coordinates":[[-117.80336,49.08569],[-117.8022,49.08409],[-117.79916,49.08452]]},"properties":{"operator_group":"Other BC operator","is_key_operator":false,"tooltip_title":"FortisBC Energy Inc.","tooltip_line1":"FortisBC Energy Inc.","tooltip_line2":"Transmission \u00b7 0.5 km","tooltip_line3":"Project 000001902 seg 2 \u00b7 Active","tooltip_line4":"Authority: ERAA \u00b7 BCER permitted","tooltip_line5":"Post-2016 permits only \u2014 layer is partial","tooltip_line6":""}},{"type":"Feature","geometry":{"type":"LineString","coordinates":[[-117.79916,49.08452],[-117.79919,49.08451]]},"properties":{"operator_group":"Other BC operator","is_key_operator":false,"tooltip_title":"FortisBC Energy Inc.","tooltip_line1":"FortisBC Energy Inc.","tooltip_line2":"Transmission \u00b7 0.0 km","tooltip_line3":"Project 000001902 seg 3 \u00b7 Active","tooltip_line4":"Authority: ERAA \u00b7 BCER permitted","tooltip_line5":"Post-2016 permits only \u2014 layer is partial","tooltip_line6":""}},{"type":"Feature","geometry":{"type":"LineString","coordinates":[[-120.81621,56.22753],[-120.8164,56.22727],[-120.82096,56.22902],[-120.82094,56.2405],[-120.82063,56.24052]]},"properties":{"operator_group":"Other BC operator","is_key_operator":false,"tooltip_title":"Pacific Northern Gas (N.E.) Ltd.","tooltip_line1":"Pacific Northern Gas (N.E.) Ltd.","tooltip_line2":"Transmission \u00b7 1.7 km","tooltip_line3":"Project 000001912 seg 1 \u00b7 Active","tooltip_line4":"Authority: ERAA \u00b7 BCER permitted","tooltip_line5":"Post-2016 permits only \u2014 layer is partial","tooltip_line6":""}},{"type":"Feature","geometry":{"type":"LineString","coordinates":[[-125.92029,54.34198],[-125.92008,54.34654],[-125.91933,54.34834]]},"properties":{"operator_group":"Other BC operator","is_key_operator":false,"tooltip_title":"Pacific Northern Gas Ltd.","tooltip_line1":"Pacific Northern Gas Ltd.","tooltip_line2":"Transmission \u00b7 0.7 km","tooltip_line3":"Project 000001934 seg 1 \u00b7 Active","tooltip_line4":"Authority: ERAA \u00b7 BCER permitted","tooltip_line5":"Post-2016 permits only \u2014 layer is partial","tooltip_line6":""}},{"type":"Feature","geometry":{"type":"LineString","coordinates":[[-121.99251,49.12097],[-121.99251,49.12093]]},"properties":{"operator_group":"Other BC operator","is_key_operator":false,"tooltip_title":"FortisBC Energy Inc.","tooltip_line1":"FortisBC Energy Inc.","tooltip_line2":"Transmission \u00b7 0.0 km","tooltip_line3":"Project 000001976 seg 1 \u00b7 Active","tooltip_line4":"Authority: ERAA \u00b7 BCER permitted","tooltip_line5":"Post-2016 permits only \u2014 layer is partial","tooltip_line6":""}},{"type":"Feature","geometry":{"type":"LineString","coordinates":[[-117.76009,49.12809],[-117.75454,49.12203],[-117.75641,49.11632],[-117.75786,49.11448],[-117.76278,49.11381],[-117.76601,49.11194],[-117.76729,49.10937],[-117.76746,49.10792],[-117.76473,49.10329],[-117.76381,49.09913],[-117.76406,49.09819],[-117.76277,49.09664],[-117.7619,49.08797],[-117.75959,49.0848],[-117.75574,49.08219],[-117.75545,49.08047],[-117.74844,49.07362],[-117.7408,49.07189],[-117.73962,49.07211],[-117.73429,49.07109],[-117.72365,49.06372],[-117.71834,49.05906],[-117.71655,49.05873],[-117.71467,49.05659],[-117.70539,49.05689],[-117.70042,49.05569],[-117.69851,49.05679],[-117.69086,49.05694],[-117.66358,49.06076],[-117.65828,49.06096],[-117.6537,49.06255],[-117.64698,49.06702],[-117.64167,49.06855],[-117.63091,49.06637],[-117.62593,49.06706],[-117.61496,49.06464]]},"properties":{"operator_group":"Other BC operator","is_key_operator":false,"tooltip_title":"FortisBC Energy Inc.","tooltip_line1":"FortisBC Energy Inc.","tooltip_line2":"Transmission \u00b7 18.5 km","tooltip_line3":"Project 000002044 seg 1 \u00b7 Active","tooltip_line4":"Authority: ERAA \u00b7 BCER permitted","tooltip_line5":"Post-2016 permits only \u2014 layer is partial","tooltip_line6":""}},{"type":"Feature","geometry":{"type":"LineString","coordinates":[[-117.61496,49.06464],[-117.6095,49.06464],[-117.60804,49.06376],[-117.60502,49.06411]]},"properties":{"operator_group":"Other BC operator","is_key_operator":false,"tooltip_title":"FortisBC Energy Inc.","tooltip_line1":"FortisBC Energy Inc.","tooltip_line2":"Transmission \u00b7 0.8 km","tooltip_line3":"Project 000002044 seg 2 \u00b7 Active","tooltip_line4":"Authority: ERAA \u00b7 BCER permitted","tooltip_line5":"Post-2016 permits only \u2014 layer is partial","tooltip_line6":""}},{"type":"Feature","geometry":{"type":"LineString","coordinates":[[-117.57354,49.07952],[-117.56874,49.08248],[-117.56652,49.08262],[-117.56329,49.08704],[-117.56166,49.0883],[-117.55472,49.09603],[-117.55098,49.09661],[-117.54915,49.09596],[-117.54846,49.09647]]},"properties":{"operator_group":"Other BC operator","is_key_operator":false,"tooltip_title":"FortisBC Energy Inc.","tooltip_line1":"FortisBC Energy Inc.","tooltip_line2":"Transmission \u00b7 2.9 km","tooltip_line3":"Project 000002044 seg 3 \u00b7 Active","tooltip_line4":"Authority: ERAA \u00b7 BCER permitted","tooltip_line5":"Post-2016 permits only \u2014 layer is partial","tooltip_line6":""}},{"type":"Feature","geometry":{"type":"LineString","coordinates":[[-117.54846,49.09647],[-117.54421,49.10069],[-117.54367,49.10175],[-117.53955,49.10194],[-117.53574,49.1036],[-117.53397,49.10788],[-117.5343,49.10902],[-117.52521,49.11366],[-117.52477,49.11554],[-117.523,49.11699],[-117.52282,49.1177]]},"properties":{"operator_group":"Other BC operator","is_key_operator":false,"tooltip_title":"FortisBC Energy Inc.","tooltip_line1":"FortisBC Energy Inc.","tooltip_line2":"Transmission \u00b7 3.3 km","tooltip_line3":"Project 000002044 seg 4 \u00b7 Active","tooltip_line4":"Authority: ERAA \u00b7 BCER permitted","tooltip_line5":"Post-2016 permits only \u2014 layer is partial","tooltip_line6":""}},{"type":"Feature","geometry":{"type":"LineString","coordinates":[[-117.5109,49.14015],[-117.51091,49.14257],[-117.50752,49.14458],[-117.50705,49.14765],[-117.50705,49.15343],[-117.5095,49.15961],[-117.50938,49.16076],[-117.50641,49.16197],[-117.50175,49.16663],[-117.49551,49.17024],[-117.49299,49.17034],[-117.49168,49.17213],[-117.48617,49.17302],[-117.48353,49.17427],[-117.48025,49.1768],[-117.47523,49.17817],[-117.46176,49.17855],[-117.45839,49.18029],[-117.43514,49.18619],[-117.43207,49.18543],[-117.42915,49.1861],[-117.41432,49.18668],[-117.40309,49.1861],[-117.40112,49.18543],[-117.39757,49.18265],[-117.3928,49.18253],[-117.39009,49.1819],[-117.37706,49.18429],[-117.36883,49.1829],[-117.36437,49.18513],[-117.36038,49.18628],[-117.35175,49.1861],[-117.34868,49.18693],[-117.34421,49.18695],[-117.34212,49.18636],[-117.33351,49.18647],[-117.32852,49.18704],[-117.32302,49.18485],[-117.3159,49.18423],[-117.31248,49.18427],[-117.30706,49.18516],[-117.30562,49.18588]]},"properties":{"operator_group":"Other BC operator","is_key_operator":false,"tooltip_title":"FortisBC Energy Inc.","tooltip_line1":"FortisBC Energy Inc.","tooltip_line2":"Transmission \u00b7 19.1 km","tooltip_line3":"Project 000002044 seg 5 \u00b7 Active","tooltip_line4":"Authority: ERAA \u00b7 BCER permitted","tooltip_line5":"Post-2016 permits only \u2014 layer is partial","tooltip_line6":""}},{"type":"Feature","geometry":{"type":"LineString","coordinates":[[-117.60502,49.06411],[-117.60376,49.06531],[-117.60089,49.06645],[-117.59796,49.06865],[-117.59519,49.06987],[-117.5912,49.0698],[-117.58544,49.07105],[-117.58213,49.07326],[-117.5794,49.07317],[-117.57717,49.07678],[-117.57375,49.07885],[-117.57354,49.07952]]},"properties":{"operator_group":"Other BC operator","is_key_operator":false,"tooltip_title":"FortisBC Energy Inc.","tooltip_line1":"FortisBC Energy Inc.","tooltip_line2":"Transmission \u00b7 3.2 km","tooltip_line3":"Project 000002044 seg 6 \u00b7 Active","tooltip_line4":"Authority: ERAA \u00b7 BCER permitted","tooltip_line5":"Post-2016 permits only \u2014 layer is partial","tooltip_line6":""}},{"type":"Feature","geometry":{"type":"LineString","coordinates":[[-117.52282,49.1177],[-117.52269,49.11939],[-117.51914,49.11997],[-117.51731,49.12303],[-117.51656,49.12804],[-117.5151,49.12955],[-117.51288,49.13437],[-117.5112,49.13564],[-117.5109,49.14015]]},"properties":{"operator_group":"Other BC operator","is_key_operator":false,"tooltip_title":"FortisBC Energy Inc.","tooltip_line1":"FortisBC Energy Inc.","tooltip_line2":"Transmission \u00b7 2.9 km","tooltip_line3":"Project 000002044 seg 7 \u00b7 Active","tooltip_line4":"Authority: ERAA \u00b7 BCER permitted","tooltip_line5":"Post-2016 permits only \u2014 layer is partial","tooltip_line6":""}},{"type":"Feature","geometry":{"type":"LineString","coordinates":[[-117.30562,49.18588],[-117.29583,49.18688]]},"properties":{"operator_group":"Other BC operator","is_key_operator":false,"tooltip_title":"FortisBC Energy Inc.","tooltip_line1":"FortisBC Energy Inc.","tooltip_line2":"Transmission \u00b7 0.7 km","tooltip_line3":"Project 000002044 seg 8 \u00b7 Active","tooltip_line4":"Authority: ERAA \u00b7 BCER permitted","tooltip_line5":"Post-2016 permits only \u2014 layer is partial","tooltip_line6":""}},{"type":"Feature","geometry":{"type":"LineString","coordinates":[[-117.29583,49.18688],[-117.29057,49.18676],[-117.2848,49.18034]]},"properties":{"operator_group":"Other BC operator","is_key_operator":false,"tooltip_title":"FortisBC Energy Inc.","tooltip_line1":"FortisBC Energy Inc.","tooltip_line2":"Transmission \u00b7 1.2 km","tooltip_line3":"Project 000002044 seg 9 \u00b7 Active","tooltip_line4":"Authority: ERAA \u00b7 BCER permitted","tooltip_line5":"Post-2016 permits only \u2014 layer is partial","tooltip_line6":""}},{"type":"Feature","geometry":{"type":"LineString","coordinates":[[-125.42302,54.21884],[-125.42037,54.21236],[-125.42119,54.1994],[-125.42172,54.19841],[-125.43093,54.19456],[-125.43615,54.19085],[-125.43697,54.18993],[-125.43722,54.18666],[-125.43804,54.18562],[-125.44296,54.1836],[-125.44815,54.18025],[-125.455,54.17955],[-125.4617,54.17509],[-125.46459,54.17391]]},"properties":{"operator_group":"Other BC operator","is_key_operator":false,"tooltip_title":"Pacific Northern Gas Ltd.","tooltip_line1":"Pacific Northern Gas Ltd.","tooltip_line2":"Transmission \u00b7 6.4 km","tooltip_line3":"Project 000002096 seg 1 \u00b7 Active","tooltip_line4":"Authority: ERAA \u00b7 BCER permitted","tooltip_line5":"Post-2016 permits only \u2014 layer is partial","tooltip_line6":""}},{"type":"Feature","geometry":{"type":"LineString","coordinates":[[-125.46459,54.17391],[-125.46788,54.1728],[-125.46976,54.17271],[-125.47472,54.17819]]},"properties":{"operator_group":"Other BC operator","is_key_operator":false,"tooltip_title":"Pacific Northern Gas Ltd.","tooltip_line1":"Pacific Northern Gas Ltd.","tooltip_line2":"Transmission \u00b7 1.1 km","tooltip_line3":"Project 000002096 seg 2 \u00b7 Active","tooltip_line4":"Authority: ERAA \u00b7 BCER permitted","tooltip_line5":"Post-2016 permits only \u2014 layer is partial","tooltip_line6":""}},{"type":"Feature","geometry":{"type":"LineString","coordinates":[[-125.47472,54.17819],[-125.47615,54.18027],[-125.47753,54.18085]]},"properties":{"operator_group":"Other BC operator","is_key_operator":false,"tooltip_title":"Pacific Northern Gas Ltd.","tooltip_line1":"Pacific Northern Gas Ltd.","tooltip_line2":"Transmission \u00b7 0.4 km","tooltip_line3":"Project 000002096 seg 3 \u00b7 Active","tooltip_line4":"Authority: ERAA \u00b7 BCER permitted","tooltip_line5":"Post-2016 permits only \u2014 layer is partial","tooltip_line6":""}},{"type":"Feature","geometry":{"type":"LineString","coordinates":[[-125.47753,54.18085],[-125.48087,54.18264],[-125.48477,54.18398]]},"properties":{"operator_group":"Other BC operator","is_key_operator":false,"tooltip_title":"Pacific Northern Gas Ltd.","tooltip_line1":"Pacific Northern Gas Ltd.","tooltip_line2":"Transmission \u00b7 0.6 km","tooltip_line3":"Project 000002096 seg 4 \u00b7 Active","tooltip_line4":"Authority: ERAA \u00b7 BCER permitted","tooltip_line5":"Post-2016 permits only \u2014 layer is partial","tooltip_line6":""}},{"type":"Feature","geometry":{"type":"LineString","coordinates":[[-125.48477,54.18398],[-125.48551,54.18394],[-125.48558,54.18309]]},"properties":{"operator_group":"Other BC operator","is_key_operator":false,"tooltip_title":"Pacific Northern Gas Ltd.","tooltip_line1":"Pacific Northern Gas Ltd.","tooltip_line2":"Transmission \u00b7 0.1 km","tooltip_line3":"Project 000002096 seg 5 \u00b7 Active","tooltip_line4":"Authority: ERAA \u00b7 BCER permitted","tooltip_line5":"Post-2016 permits only \u2014 layer is partial","tooltip_line6":""}},{"type":"Feature","geometry":{"type":"LineString","coordinates":[[-125.46459,54.17391],[-125.46883,54.1784],[-125.47283,54.18006],[-125.47415,54.18139],[-125.48477,54.18398]]},"properties":{"operator_group":"Other BC operator","is_key_operator":false,"tooltip_title":"Pacific Northern Gas Ltd.","tooltip_line1":"Pacific Northern Gas Ltd.","tooltip_line2":"Transmission \u00b7 1.8 km","tooltip_line3":"Project 000002096 seg 6 \u00b7 Active","tooltip_line4":"Authority: ERAA \u00b7 BCER permitted","tooltip_line5":"Post-2016 permits only \u2014 layer is partial","tooltip_line6":""}},{"type":"Feature","geometry":{"type":"LineString","coordinates":[[-125.47472,54.17819],[-125.47611,54.17873],[-125.47686,54.17999],[-125.47769,54.18044],[-125.47753,54.18085]]},"properties":{"operator_group":"Other BC operator","is_key_operator":false,"tooltip_title":"Pacific Northern Gas Ltd.","tooltip_line1":"Pacific Northern Gas Ltd.","tooltip_line2":"Transmission \u00b7 0.4 km","tooltip_line3":"Project 000002096 seg 8 \u00b7 Active","tooltip_line4":"Authority: ERAA \u00b7 BCER permitted","tooltip_line5":"Post-2016 permits only \u2014 layer is partial","tooltip_line6":""}},{"type":"Feature","geometry":{"type":"LineString","coordinates":[[-117.2848,49.18034],[-117.28043,49.1765],[-117.27782,49.17596],[-117.27152,49.17589],[-117.27139,49.17467],[-117.26525,49.16764],[-117.26392,49.1595],[-117.2625,49.15816],[-117.2619,49.15259],[-117.26237,49.14619],[-117.26028,49.14186]]},"properties":{"operator_group":"Other BC operator","is_key_operator":false,"tooltip_title":"FortisBC Energy Inc.","tooltip_line1":"FortisBC Energy Inc.","tooltip_line2":"Transmission \u00b7 5.2 km","tooltip_line3":"Project 000002182 seg 1 \u00b7 Active","tooltip_line4":"Authority: ERAA \u00b7 BCER permitted","tooltip_line5":"Post-2016 permits only \u2014 layer is partial","tooltip_line6":""}},{"type":"Feature","geometry":{"type":"LineString","coordinates":[[-117.26028,49.14186],[-117.25927,49.13898],[-117.2605,49.12983],[-117.26127,49.1293],[-117.26031,49.12753]]},"properties":{"operator_group":"Other BC operator","is_key_operator":false,"tooltip_title":"FortisBC Energy Inc.","tooltip_line1":"FortisBC Energy Inc.","tooltip_line2":"Transmission \u00b7 1.7 km","tooltip_line3":"Project 000002182 seg 2 \u00b7 Active","tooltip_line4":"Authority: ERAA \u00b7 BCER permitted","tooltip_line5":"Post-2016 permits only \u2014 layer is partial","tooltip_line6":""}},{"type":"Feature","geometry":{"type":"LineString","coordinates":[[-117.26031,49.12753],[-117.25805,49.12565],[-117.25623,49.12573],[-117.25454,49.12378],[-117.25108,49.12133],[-117.25114,49.11945],[-117.25358,49.114],[-117.2522,49.11203],[-117.25301,49.1095],[-117.25432,49.10857],[-117.25553,49.10569],[-117.25386,49.0989],[-117.25176,49.09818],[-117.24855,49.09575],[-117.24634,49.09521],[-117.23978,49.09068],[-117.23482,49.08428],[-117.23314,49.08312],[-117.22458,49.08588],[-117.20497,49.0911],[-117.19336,49.09014],[-117.18894,49.09141],[-117.18414,49.09171],[-117.18277,49.09217],[-117.17882,49.09498],[-117.17772,49.09508],[-117.17522,49.09425],[-117.17028,49.09411],[-117.16705,49.09318],[-117.16223,49.09316],[-117.1602,49.09392],[-117.14904,49.09398],[-117.14148,49.09312],[-117.13878,49.09214],[-117.12815,49.09097],[-117.07275,49.09238],[-117.06597,49.09134],[-117.06375,49.089],[-117.05829,49.0852],[-117.05406,49.08513],[-117.047,49.08604],[-117.03789,49.08987],[-117.03621,49.09079],[-117.03187,49.09574],[-117.01495,49.09729],[-117.00101,49.09718],[-116.99394,49.09445],[-116.98745,49.09541],[-116.96056,49.09201],[-116.95513,49.0933],[-116.93772,49.10154],[-116.9346,49.10257],[-116.92832,49.10228],[-116.92557,49.10284],[-116.92035,49.10234],[-116.91536,49.1029],[-116.91292,49.10236],[-116.90422,49.1026],[-116.89798,49.10178],[-116.89607,49.10219],[-116.89244,49.10168],[-116.88857,49.10182],[-116.88408,49.10303],[-116.88103,49.10166],[-116.87702,49.1012],[-116.86969,49.10356],[-116.86412,49.10462],[-116.86229,49.10606],[-116.85879,49.10556],[-116.85484,49.10425],[-116.85231,49.10192],[-116.85075,49.09912],[-116.84816,49.09758],[-116.84583,49.09701],[-116.84234,49.0978],[-116.8371,49.09724],[-116.83476,49.09785],[-116.82628,49.09751],[-116.82235,49.09831],[-116.81045,49.0993],[-116.80036,49.10273],[-116.79669,49.1027],[-116.79046,49.09861],[-116.78936,49.09681],[-116.78299,49.0926],[-116.78059,49.09037],[-116.77767,49.08997],[-116.77396,49.08844],[-116.76611,49.08657],[-116.76151,49.08681],[-116.75194,49.08556],[-116.73343,49.08995],[-116.72334,49.08873],[-116.71987,49.08899],[-116.71692,49.08864],[-116.71323,49.0891],[-116.70636,49.08694],[-116.7057,49.0844],[-116.70461,49.08275],[-116.70457,49.08014],[-116.70218,49.07841],[-116.69928,49.0775],[-116.69802,49.07551],[-116.6983,49.0742],[-116.69449,49.07175],[-116.69126,49.0711],[-116.68585,49.07111],[-116.68188,49.07214],[-116.67936,49.07212],[-116.66938,49.06938],[-116.66569,49.06888],[-116.66205,49.06895],[-116.6417,49.07644],[-116.63931,49.0804],[-116.63945,49.08128],[-116.63775,49.08541],[-116.63481,49.08926],[-116.63359,49.09193],[-116.63113,49.09416],[-116.62183,49.09471],[-116.62058,49.0958],[-116.6174,49.0961],[-116.61648,49.09757],[-116.61417,49.0995],[-116.61034,49.10045],[-116.60692,49.10285],[-116.60545,49.10544],[-116.60323,49.10673],[-116.60121,49.11046],[-116.58284,49.11579],[-116.58287,49.11711],[-116.58211,49.11703]]},"properties":{"operator_group":"Other BC operator","is_key_operator":false,"tooltip_title":"FortisBC Energy Inc.","tooltip_line1":"FortisBC Energy Inc.","tooltip_line2":"Transmission \u00b7 62.4 km","tooltip_line3":"Project 000002182 seg 3 \u00b7 Active","tooltip_line4":"Authority: ERAA \u00b7 BCER permitted","tooltip_line5":"Post-2016 permits only \u2014 layer is partial","tooltip_line6":""}},{"type":"Feature","geometry":{"type":"LineString","coordinates":[[-116.58211,49.11703],[-116.54535,49.11686],[-116.54506,49.13528],[-116.54114,49.13636],[-116.53768,49.13654],[-116.53664,49.13615],[-116.53535,49.13649],[-116.53491,49.13684],[-116.5349,49.13812],[-116.53322,49.1399],[-116.53263,49.14143],[-116.52016,49.14732],[-116.4806,49.1494],[-116.47432,49.14458],[-116.47381,49.14309],[-116.47101,49.14089],[-116.46936,49.14068],[-116.46167,49.13466],[-116.45912,49.13391]]},"properties":{"operator_group":"Other BC operator","is_key_operator":false,"tooltip_title":"FortisBC Energy Inc.","tooltip_line1":"FortisBC Energy Inc.","tooltip_line2":"Transmission \u00b7 12.7 km","tooltip_line3":"Project 000002183 seg 1 \u00b7 Active","tooltip_line4":"Authority: ERAA \u00b7 BCER permitted","tooltip_line5":"Post-2016 permits only \u2014 layer is partial","tooltip_line6":""}},{"type":"Feature","geometry":{"type":"LineString","coordinates":[[-116.45912,49.13391],[-116.45585,49.13327],[-116.44066,49.13342],[-116.43738,49.13544],[-116.43577,49.13567],[-116.43342,49.13722],[-116.42548,49.14089]]},"properties":{"operator_group":"Other BC operator","is_key_operator":false,"tooltip_title":"FortisBC Energy Inc.","tooltip_line1":"FortisBC Energy Inc.","tooltip_line2":"Transmission \u00b7 2.8 km","tooltip_line3":"Project 000002183 seg 2 \u00b7 Active","tooltip_line4":"Authority: ERAA \u00b7 BCER permitted","tooltip_line5":"Post-2016 permits only \u2014 layer is partial","tooltip_line6":""}},{"type":"Feature","geometry":{"type":"LineString","coordinates":[[-116.42548,49.14089],[-116.39488,49.1484],[-116.38978,49.15077],[-116.38477,49.15424],[-116.35947,49.16049],[-116.35658,49.16047],[-116.34865,49.16246],[-116.34575,49.16165],[-116.3365,49.16271],[-116.33347,49.16552],[-116.33181,49.1661],[-116.31575,49.16365],[-116.29367,49.16242],[-116.28595,49.16253]]},"properties":{"operator_group":"Other BC operator","is_key_operator":false,"tooltip_title":"FortisBC Energy Inc.","tooltip_line1":"FortisBC Energy Inc.","tooltip_line2":"Transmission \u00b7 11.1 km","tooltip_line3":"Project 000002183 seg 3 \u00b7 Active","tooltip_line4":"Authority: ERAA \u00b7 BCER permitted","tooltip_line5":"Post-2016 permits only \u2014 layer is partial","tooltip_line6":""}},{"type":"Feature","geometry":{"type":"LineString","coordinates":[[-116.28595,49.16253],[-116.26862,49.16234],[-116.2681,49.16174],[-116.26196,49.16165]]},"properties":{"operator_group":"Other BC operator","is_key_operator":false,"tooltip_title":"FortisBC Energy Inc.","tooltip_line1":"FortisBC Energy Inc.","tooltip_line2":"Transmission \u00b7 1.8 km","tooltip_line3":"Project 000002183 seg 4 \u00b7 Active","tooltip_line4":"Authority: ERAA \u00b7 BCER permitted","tooltip_line5":"Post-2016 permits only \u2014 layer is partial","tooltip_line6":""}},{"type":"Feature","geometry":{"type":"LineString","coordinates":[[-116.26196,49.16165],[-116.25707,49.16061],[-116.25062,49.15745],[-116.24752,49.15805],[-116.23956,49.15324],[-116.23016,49.14747],[-116.23147,49.14547],[-116.23091,49.14382],[-116.22885,49.1412],[-116.21304,49.13252],[-116.21114,49.12932],[-116.19191,49.11984],[-116.18497,49.11379],[-116.17813,49.10921],[-116.17378,49.10782],[-116.17034,49.10516],[-116.16344,49.09455],[-116.15515,49.08894],[-116.15208,49.08544],[-116.15277,49.08329],[-116.14926,49.07917],[-116.15044,49.07737]]},"properties":{"operator_group":"Other BC operator","is_key_operator":false,"tooltip_title":"FortisBC Energy Inc.","tooltip_line1":"FortisBC Energy Inc.","tooltip_line2":"Transmission \u00b7 13.3 km","tooltip_line3":"Project 000002183 seg 5 \u00b7 Active","tooltip_line4":"Authority: ERAA \u00b7 BCER permitted","tooltip_line5":"Post-2016 permits only \u2014 layer is partial","tooltip_line6":""}},{"type":"Feature","geometry":{"type":"LineString","coordinates":[[-116.15044,49.07737],[-116.15219,49.07366],[-116.15443,49.07104],[-116.15084,49.06853],[-116.1508,49.06718]]},"properties":{"operator_group":"Other BC operator","is_key_operator":false,"tooltip_title":"FortisBC Energy Inc.","tooltip_line1":"FortisBC Energy Inc.","tooltip_line2":"Transmission \u00b7 1.3 km","tooltip_line3":"Project 000002183 seg 6 \u00b7 Active","tooltip_line4":"Authority: ERAA \u00b7 BCER permitted","tooltip_line5":"Post-2016 permits only \u2014 layer is partial","tooltip_line6":""}},{"type":"Feature","geometry":{"type":"LineString","coordinates":[[-120.28878,50.66046],[-120.29018,50.65721]]},"properties":{"operator_group":"Other BC operator","is_key_operator":false,"tooltip_title":"FortisBC Energy Inc.","tooltip_line1":"FortisBC Energy Inc.","tooltip_line2":"Transmission \u00b7 0.4 km","tooltip_line3":"Project 000002194 seg 1 \u00b7 Active","tooltip_line4":"Authority: ERAA \u00b7 BCER permitted","tooltip_line5":"Post-2016 permits only \u2014 layer is partial","tooltip_line6":""}},{"type":"Feature","geometry":{"type":"LineString","coordinates":[[-120.29018,50.65721],[-120.2915,50.65563]]},"properties":{"operator_group":"Other BC operator","is_key_operator":false,"tooltip_title":"FortisBC Energy Inc.","tooltip_line1":"FortisBC Energy Inc.","tooltip_line2":"Transmission \u00b7 0.2 km","tooltip_line3":"Project 000002194 seg 2 \u00b7 Active","tooltip_line4":"Authority: ERAA \u00b7 BCER permitted","tooltip_line5":"Post-2016 permits only \u2014 layer is partial","tooltip_line6":""}},{"type":"Feature","geometry":{"type":"LineString","coordinates":[[-119.50065,49.20232],[-119.51965,49.16777],[-119.52187,49.158],[-119.52316,49.15588],[-119.51691,49.13874],[-119.50882,49.12768],[-119.50813,49.1197],[-119.50508,49.10885],[-119.50162,49.10353],[-119.4999,49.09903],[-119.50015,49.08781],[-119.4959,49.08147],[-119.48719,49.07549]]},"properties":{"operator_group":"Other BC operator","is_key_operator":false,"tooltip_title":"FortisBC Energy Inc.","tooltip_line1":"FortisBC Energy Inc.","tooltip_line2":"Transmission \u00b7 15.0 km","tooltip_line3":"Project 000002199 seg 1 \u00b7 Active","tooltip_line4":"Authority: ERAA \u00b7 BCER permitted","tooltip_line5":"Post-2016 permits only \u2014 layer is partial","tooltip_line6":""}},{"type":"Feature","geometry":{"type":"LineString","coordinates":[[-119.48719,49.07549],[-119.48309,49.07267]]},"properties":{"operator_group":"Other BC operator","is_key_operator":false,"tooltip_title":"FortisBC Energy Inc.","tooltip_line1":"FortisBC Energy Inc.","tooltip_line2":"Transmission \u00b7 0.4 km","tooltip_line3":"Project 000002199 seg 2 \u00b7 Active","tooltip_line4":"Authority: ERAA \u00b7 BCER permitted","tooltip_line5":"Post-2016 permits only \u2014 layer is partial","tooltip_line6":""}},{"type":"Feature","geometry":{"type":"LineString","coordinates":[[-119.48309,49.07267],[-119.44701,49.0479]]},"properties":{"operator_group":"Other BC operator","is_key_operator":false,"tooltip_title":"FortisBC Energy Inc.","tooltip_line1":"FortisBC Energy Inc.","tooltip_line2":"Transmission \u00b7 3.9 km","tooltip_line3":"Project 000002199 seg 3 \u00b7 Active","tooltip_line4":"Authority: ERAA \u00b7 BCER permitted","tooltip_line5":"Post-2016 permits only \u2014 layer is partial","tooltip_line6":""}},{"type":"Feature","geometry":{"type":"LineString","coordinates":[[-119.44701,49.0479],[-119.44196,49.04438],[-119.44128,49.03942],[-119.44157,49.03885]]},"properties":{"operator_group":"Other BC operator","is_key_operator":false,"tooltip_title":"FortisBC Energy Inc.","tooltip_line1":"FortisBC Energy Inc.","tooltip_line2":"Transmission \u00b7 1.2 km","tooltip_line3":"Project 000002199 seg 4 \u00b7 Active","tooltip_line4":"Authority: ERAA \u00b7 BCER permitted","tooltip_line5":"Post-2016 permits only \u2014 layer is partial","tooltip_line6":""}},{"type":"Feature","geometry":{"type":"LineString","coordinates":[[-119.44157,49.03885],[-119.4434,49.0343]]},"properties":{"operator_group":"Other BC operator","is_key_operator":false,"tooltip_title":"FortisBC Energy Inc.","tooltip_line1":"FortisBC Energy Inc.","tooltip_line2":"Transmission \u00b7 0.6 km","tooltip_line3":"Project 000002199 seg 5 \u00b7 Active","tooltip_line4":"Authority: ERAA \u00b7 BCER permitted","tooltip_line5":"Post-2016 permits only \u2014 layer is partial","tooltip_line6":""}},{"type":"Feature","geometry":{"type":"LineString","coordinates":[[-119.51652,49.17386],[-119.51962,49.17473]]},"properties":{"operator_group":"Other BC operator","is_key_operator":false,"tooltip_title":"FortisBC Energy Inc.","tooltip_line1":"FortisBC Energy Inc.","tooltip_line2":"Transmission \u00b7 0.2 km","tooltip_line3":"Project 000002200 seg 1 \u00b7 Active","tooltip_line4":"Authority: ERAA \u00b7 BCER permitted","tooltip_line5":"Post-2016 permits only \u2014 layer is partial","tooltip_line6":""}},{"type":"Feature","geometry":{"type":"LineString","coordinates":[[-119.51962,49.17473],[-119.53745,49.18001],[-119.53759,49.18245]]},"properties":{"operator_group":"Other BC operator","is_key_operator":false,"tooltip_title":"FortisBC Energy Inc.","tooltip_line1":"FortisBC Energy Inc.","tooltip_line2":"Transmission \u00b7 1.7 km","tooltip_line3":"Project 000002200 seg 2 \u00b7 Active","tooltip_line4":"Authority: ERAA \u00b7 BCER permitted","tooltip_line5":"Post-2016 permits only \u2014 layer is partial","tooltip_line6":""}},{"type":"Feature","geometry":{"type":"LineString","coordinates":[[-122.07996,49.09746],[-122.07996,49.09742]]},"properties":{"operator_group":"Other BC operator","is_key_operator":false,"tooltip_title":"FortisBC Energy Inc.","tooltip_line1":"FortisBC Energy Inc.","tooltip_line2":"Transmission \u00b7 0.0 km","tooltip_line3":"Project 000002206 seg 1 \u00b7 Active","tooltip_line4":"Authority: ERAA \u00b7 BCER permitted","tooltip_line5":"Post-2016 permits only \u2014 layer is partial","tooltip_line6":""}},{"type":"Feature","geometry":{"type":"LineString","coordinates":[[-120.50022,50.66756],[-120.50088,50.66307],[-120.49941,50.66119]]},"properties":{"operator_group":"Other BC operator","is_key_operator":false,"tooltip_title":"FortisBC Energy Inc.","tooltip_line1":"FortisBC Energy Inc.","tooltip_line2":"Transmission \u00b7 0.8 km","tooltip_line3":"Project 000002260 seg 1 \u00b7 Active","tooltip_line4":"Authority: ERAA \u00b7 BCER permitted","tooltip_line5":"Post-2016 permits only \u2014 layer is partial","tooltip_line6":""}},{"type":"Feature","geometry":{"type":"LineString","coordinates":[[-119.30312,50.38495],[-119.29267,50.38561],[-119.28992,50.38685],[-119.28445,50.3879],[-119.27875,50.39267],[-119.27155,50.39563],[-119.25932,50.4095]]},"properties":{"operator_group":"Other BC operator","is_key_operator":false,"tooltip_title":"FortisBC Energy Inc.","tooltip_line1":"FortisBC Energy Inc.","tooltip_line2":"Transmission \u00b7 4.5 km","tooltip_line3":"Project 000002282 seg 1 \u00b7 Active","tooltip_line4":"Authority: ERAA \u00b7 BCER permitted","tooltip_line5":"Post-2016 permits only \u2014 layer is partial","tooltip_line6":""}},{"type":"Feature","geometry":{"type":"LineString","coordinates":[[-119.25932,50.4095],[-119.25198,50.4197]]},"properties":{"operator_group":"Other BC operator","is_key_operator":false,"tooltip_title":"FortisBC Energy Inc.","tooltip_line1":"FortisBC Energy Inc.","tooltip_line2":"Transmission \u00b7 1.3 km","tooltip_line3":"Project 000002282 seg 2 \u00b7 Active","tooltip_line4":"Authority: ERAA \u00b7 BCER permitted","tooltip_line5":"Post-2016 permits only \u2014 layer is partial","tooltip_line6":""}},{"type":"Feature","geometry":{"type":"LineString","coordinates":[[-119.25198,50.4197],[-119.24796,50.42502],[-119.24223,50.4284],[-119.2318,50.43651],[-119.23266,50.43753],[-119.23231,50.43802],[-119.23003,50.44047],[-119.22558,50.44334]]},"properties":{"operator_group":"Other BC operator","is_key_operator":false,"tooltip_title":"FortisBC Energy Inc.","tooltip_line1":"FortisBC Energy Inc.","tooltip_line2":"Transmission \u00b7 3.3 km","tooltip_line3":"Project 000002282 seg 3 \u00b7 Active","tooltip_line4":"Authority: ERAA \u00b7 BCER permitted","tooltip_line5":"Post-2016 permits only \u2014 layer is partial","tooltip_line6":""}},{"type":"Feature","geometry":{"type":"LineString","coordinates":[[-119.22558,50.44334],[-119.22274,50.44525]]},"properties":{"operator_group":"Other BC operator","is_key_operator":false,"tooltip_title":"FortisBC Energy Inc.","tooltip_line1":"FortisBC Energy Inc.","tooltip_line2":"Transmission \u00b7 0.3 km","tooltip_line3":"Project 000002282 seg 4 \u00b7 Active","tooltip_line4":"Authority: ERAA \u00b7 BCER permitted","tooltip_line5":"Post-2016 permits only \u2014 layer is partial","tooltip_line6":""}},{"type":"Feature","geometry":{"type":"LineString","coordinates":[[-119.22274,50.44525],[-119.20905,50.45424],[-119.20242,50.45421],[-119.20142,50.45496],[-119.18602,50.45579],[-119.17727,50.46067]]},"properties":{"operator_group":"Other BC operator","is_key_operator":false,"tooltip_title":"FortisBC Energy Inc.","tooltip_line1":"FortisBC Energy Inc.","tooltip_line2":"Transmission \u00b7 4.0 km","tooltip_line3":"Project 000002282 seg 5 \u00b7 Active","tooltip_line4":"Authority: ERAA \u00b7 BCER permitted","tooltip_line5":"Post-2016 permits only \u2014 layer is partial","tooltip_line6":""}},{"type":"Feature","geometry":{"type":"LineString","coordinates":[[-119.17727,50.46067],[-119.1694,50.465],[-119.14951,50.47352],[-119.13852,50.48544],[-119.13741,50.48543],[-119.13717,50.48773]]},"properties":{"operator_group":"Other BC operator","is_key_operator":false,"tooltip_title":"FortisBC Energy Inc.","tooltip_line1":"FortisBC Energy Inc.","tooltip_line2":"Transmission \u00b7 4.3 km","tooltip_line3":"Project 000002282 seg 6 \u00b7 Active","tooltip_line4":"Authority: ERAA \u00b7 BCER permitted","tooltip_line5":"Post-2016 permits only \u2014 layer is partial","tooltip_line6":""}},{"type":"Feature","geometry":{"type":"LineString","coordinates":[[-119.13717,50.48773],[-119.13682,50.49149]]},"properties":{"operator_group":"Other BC operator","is_key_operator":false,"tooltip_title":"FortisBC Energy Inc.","tooltip_line1":"FortisBC Energy Inc.","tooltip_line2":"Transmission \u00b7 0.4 km","tooltip_line3":"Project 000002282 seg 7 \u00b7 Active","tooltip_line4":"Authority: ERAA \u00b7 BCER permitted","tooltip_line5":"Post-2016 permits only \u2014 layer is partial","tooltip_line6":""}},{"type":"Feature","geometry":{"type":"LineString","coordinates":[[-119.13682,50.49149],[-119.13629,50.51936],[-119.13882,50.51969],[-119.13666,50.52718],[-119.13792,50.53339]]},"properties":{"operator_group":"Other BC operator","is_key_operator":false,"tooltip_title":"FortisBC Energy Inc.","tooltip_line1":"FortisBC Energy Inc.","tooltip_line2":"Transmission \u00b7 4.8 km","tooltip_line3":"Project 000002282 seg 8 \u00b7 Active","tooltip_line4":"Authority: ERAA \u00b7 BCER permitted","tooltip_line5":"Post-2016 permits only \u2014 layer is partial","tooltip_line6":""}},{"type":"Feature","geometry":{"type":"LineString","coordinates":[[-119.13792,50.53339],[-119.14006,50.54302],[-119.14372,50.54301]]},"properties":{"operator_group":"Other BC operator","is_key_operator":false,"tooltip_title":"FortisBC Energy Inc.","tooltip_line1":"FortisBC Energy Inc.","tooltip_line2":"Transmission \u00b7 1.3 km","tooltip_line3":"Project 000002282 seg 9 \u00b7 Active","tooltip_line4":"Authority: ERAA \u00b7 BCER permitted","tooltip_line5":"Post-2016 permits only \u2014 layer is partial","tooltip_line6":""}},{"type":"Feature","geometry":{"type":"LineString","coordinates":[[-119.14372,50.54301],[-119.14449,50.54301],[-119.14485,50.54366]]},"properties":{"operator_group":"Other BC operator","is_key_operator":false,"tooltip_title":"FortisBC Energy Inc.","tooltip_line1":"FortisBC Energy Inc.","tooltip_line2":"Transmission \u00b7 0.1 km","tooltip_line3":"Project 000002282 seg 10 \u00b7 Active","tooltip_line4":"Authority: ERAA \u00b7 BCER permitted","tooltip_line5":"Post-2016 permits only \u2014 layer is partial","tooltip_line6":""}},{"type":"Feature","geometry":{"type":"LineString","coordinates":[[-119.14485,50.54366],[-119.14584,50.54709],[-119.14781,50.54952],[-119.14895,50.56096]]},"properties":{"operator_group":"Other BC operator","is_key_operator":false,"tooltip_title":"FortisBC Energy Inc.","tooltip_line1":"FortisBC Energy Inc.","tooltip_line2":"Transmission \u00b7 2.0 km","tooltip_line3":"Project 000002282 seg 11 \u00b7 Active","tooltip_line4":"Authority: ERAA \u00b7 BCER permitted","tooltip_line5":"Post-2016 permits only \u2014 layer is partial","tooltip_line6":""}},{"type":"Feature","geometry":{"type":"LineString","coordinates":[[-119.14895,50.56096],[-119.14989,50.56638]]},"properties":{"operator_group":"Other BC operator","is_key_operator":false,"tooltip_title":"FortisBC Energy Inc.","tooltip_line1":"FortisBC Energy Inc.","tooltip_line2":"Transmission \u00b7 0.6 km","tooltip_line3":"Project 000002282 seg 12 \u00b7 Active","tooltip_line4":"Authority: ERAA \u00b7 BCER permitted","tooltip_line5":"Post-2016 permits only \u2014 layer is partial","tooltip_line6":""}},{"type":"Feature","geometry":{"type":"LineString","coordinates":[[-119.14989,50.56638],[-119.15116,50.57179],[-119.16027,50.57956],[-119.16102,50.58085],[-119.16315,50.58838],[-119.16567,50.59195],[-119.16599,50.59366],[-119.1671,50.59539],[-119.16695,50.5971],[-119.17676,50.61225],[-119.18625,50.61958],[-119.18911,50.62102]]},"properties":{"operator_group":"Other BC operator","is_key_operator":false,"tooltip_title":"FortisBC Energy Inc.","tooltip_line1":"FortisBC Energy Inc.","tooltip_line2":"Transmission \u00b7 6.9 km","tooltip_line3":"Project 000002282 seg 13 \u00b7 Active","tooltip_line4":"Authority: ERAA \u00b7 BCER permitted","tooltip_line5":"Post-2016 permits only \u2014 layer is partial","tooltip_line6":""}},{"type":"Feature","geometry":{"type":"LineString","coordinates":[[-119.18911,50.62102],[-119.19775,50.6253],[-119.19864,50.63623],[-119.20096,50.64285],[-119.20503,50.64778],[-119.20869,50.65072]]},"properties":{"operator_group":"Other BC operator","is_key_operator":false,"tooltip_title":"FortisBC Energy Inc.","tooltip_line1":"FortisBC Energy Inc.","tooltip_line2":"Transmission \u00b7 3.8 km","tooltip_line3":"Project 000002282 seg 14 \u00b7 Active","tooltip_line4":"Authority: ERAA \u00b7 BCER permitted","tooltip_line5":"Post-2016 permits only \u2014 layer is partial","tooltip_line6":""}},{"type":"Feature","geometry":{"type":"LineString","coordinates":[[-119.20869,50.65072],[-119.21486,50.6554],[-119.21876,50.65754],[-119.23792,50.67168]]},"properties":{"operator_group":"Other BC operator","is_key_operator":false,"tooltip_title":"FortisBC Energy Inc.","tooltip_line1":"FortisBC Energy Inc.","tooltip_line2":"Transmission \u00b7 3.1 km","tooltip_line3":"Project 000002282 seg 15 \u00b7 Active","tooltip_line4":"Authority: ERAA \u00b7 BCER permitted","tooltip_line5":"Post-2016 permits only \u2014 layer is partial","tooltip_line6":""}},{"type":"Feature","geometry":{"type":"LineString","coordinates":[[-119.23792,50.67168],[-119.24334,50.67547],[-119.24969,50.67861],[-119.25837,50.68126],[-119.26971,50.68299]]},"properties":{"operator_group":"Other BC operator","is_key_operator":false,"tooltip_title":"FortisBC Energy Inc.","tooltip_line1":"FortisBC Energy Inc.","tooltip_line2":"Transmission \u00b7 2.7 km","tooltip_line3":"Project 000002282 seg 16 \u00b7 Active","tooltip_line4":"Authority: ERAA \u00b7 BCER permitted","tooltip_line5":"Post-2016 permits only \u2014 layer is partial","tooltip_line6":""}},{"type":"Feature","geometry":{"type":"LineString","coordinates":[[-119.26971,50.68299],[-119.27365,50.68358],[-119.27685,50.68718],[-119.27858,50.68997],[-119.27922,50.69194],[-119.27992,50.69227]]},"properties":{"operator_group":"Other BC operator","is_key_operator":false,"tooltip_title":"FortisBC Energy Inc.","tooltip_line1":"FortisBC Energy Inc.","tooltip_line2":"Transmission \u00b7 1.3 km","tooltip_line3":"Project 000002282 seg 17 \u00b7 Active","tooltip_line4":"Authority: ERAA \u00b7 BCER permitted","tooltip_line5":"Post-2016 permits only \u2014 layer is partial","tooltip_line6":""}},{"type":"Feature","geometry":{"type":"LineString","coordinates":[[-122.22251,49.00307],[-122.2225,49.0034],[-122.22463,49.00317]]},"properties":{"operator_group":"Other BC operator","is_key_operator":false,"tooltip_title":"FortisBC Energy Inc.","tooltip_line1":"FortisBC Energy Inc.","tooltip_line2":"Transmission \u00b7 0.2 km","tooltip_line3":"Project 000002398 seg 1 \u00b7 Active","tooltip_line4":"Authority: ERAA \u00b7 BCER permitted","tooltip_line5":"Post-2016 permits only \u2014 layer is partial","tooltip_line6":""}},{"type":"Feature","geometry":{"type":"LineString","coordinates":[[-122.22408,49.00311],[-122.22497,49.00318],[-122.22688,49.0044],[-122.26465,49.01545],[-122.2701,49.01634],[-122.27112,49.01825],[-122.27607,49.01987],[-122.28405,49.02041],[-122.31495,49.02938],[-122.32039,49.03023],[-122.32176,49.0316],[-122.33631,49.03679],[-122.37585,49.03892],[-122.37752,49.03925],[-122.38068,49.04111],[-122.38685,49.04129],[-122.39185,49.04393],[-122.4007,49.0467],[-122.42042,49.05493],[-122.42194,49.05802],[-122.42481,49.05966],[-122.4462,49.06707],[-122.4621,49.07123],[-122.46965,49.0756],[-122.48221,49.07558],[-122.51307,49.082],[-122.51932,49.08288],[-122.53179,49.08778],[-122.53764,49.08949],[-122.54208,49.0921],[-122.54846,49.09486],[-122.55499,49.09495],[-122.56067,49.09619],[-122.56272,49.0971],[-122.56276,49.10436],[-122.56527,49.10631],[-122.56804,49.10597],[-122.57039,49.10686],[-122.5792,49.1047]]},"properties":{"operator_group":"Other BC operator","is_key_operator":false,"tooltip_title":"FortisBC Energy Inc.","tooltip_line1":"FortisBC Energy Inc.","tooltip_line2":"Transmission \u00b7 29.8 km","tooltip_line3":"Project 000002398 seg 2 \u00b7 Active","tooltip_line4":"Authority: ERAA \u00b7 BCER permitted","tooltip_line5":"Post-2016 permits only \u2014 layer is partial","tooltip_line6":""}},{"type":"Feature","geometry":{"type":"LineString","coordinates":[[-119.42772,49.88895],[-119.42773,49.88897]]},"properties":{"operator_group":"Other BC operator","is_key_operator":false,"tooltip_title":"FortisBC Energy Inc.","tooltip_line1":"FortisBC Energy Inc.","tooltip_line2":"Transmission \u00b7 0.0 km","tooltip_line3":"Project 000002442 seg 1 \u00b7 Active","tooltip_line4":"Authority: ERAA \u00b7 BCER permitted","tooltip_line5":"Post-2016 permits only \u2014 layer is partial","tooltip_line6":""}},{"type":"Feature","geometry":{"type":"LineString","coordinates":[[-119.42773,49.88897],[-119.42739,49.88913],[-119.42783,49.88936],[-119.42942,49.88838]]},"properties":{"operator_group":"Other BC operator","is_key_operator":false,"tooltip_title":"FortisBC Energy Inc.","tooltip_line1":"FortisBC Energy Inc.","tooltip_line2":"Transmission \u00b7 0.2 km","tooltip_line3":"Project 000002442 seg 2 \u00b7 Active","tooltip_line4":"Authority: ERAA \u00b7 BCER permitted","tooltip_line5":"Post-2016 permits only \u2014 layer is partial","tooltip_line6":""}},{"type":"Feature","geometry":{"type":"LineString","coordinates":[[-119.42942,49.88838],[-119.43081,49.88927],[-119.43163,49.88879],[-119.43346,49.8889],[-119.44709,49.88575]]},"properties":{"operator_group":"Other BC operator","is_key_operator":false,"tooltip_title":"FortisBC Energy Inc.","tooltip_line1":"FortisBC Energy Inc.","tooltip_line2":"Transmission \u00b7 1.4 km","tooltip_line3":"Project 000002442 seg 3 \u00b7 Active","tooltip_line4":"Authority: ERAA \u00b7 BCER permitted","tooltip_line5":"Post-2016 permits only \u2014 layer is partial","tooltip_line6":""}},{"type":"Feature","geometry":{"type":"LineString","coordinates":[[-119.44709,49.88575],[-119.45023,49.88503],[-119.45306,49.88545]]},"properties":{"operator_group":"Other BC operator","is_key_operator":false,"tooltip_title":"FortisBC Energy Inc.","tooltip_line1":"FortisBC Energy Inc.","tooltip_line2":"Transmission \u00b7 0.5 km","tooltip_line3":"Project 000002442 seg 4 \u00b7 Active","tooltip_line4":"Authority: ERAA \u00b7 BCER permitted","tooltip_line5":"Post-2016 permits only \u2014 layer is partial","tooltip_line6":""}},{"type":"Feature","geometry":{"type":"LineString","coordinates":[[-119.45306,49.88545],[-119.45307,49.88544]]},"properties":{"operator_group":"Other BC operator","is_key_operator":false,"tooltip_title":"FortisBC Energy Inc.","tooltip_line1":"FortisBC Energy Inc.","tooltip_line2":"Transmission \u00b7 0.0 km","tooltip_line3":"Project 000002442 seg 5 \u00b7 Active","tooltip_line4":"Authority: ERAA \u00b7 BCER permitted","tooltip_line5":"Post-2016 permits only \u2014 layer is partial","tooltip_line6":""}},{"type":"Feature","geometry":{"type":"LineString","coordinates":[[-119.42768,49.88897],[-119.42735,49.88913],[-119.42783,49.88938],[-119.42939,49.88841]]},"properties":{"operator_group":"Other BC operator","is_key_operator":false,"tooltip_title":"FortisBC Energy Inc.","tooltip_line1":"FortisBC Energy Inc.","tooltip_line2":"Transmission \u00b7 0.2 km","tooltip_line3":"Project 000002457 seg 1 \u00b7 Active","tooltip_line4":"Authority: ERAA \u00b7 BCER permitted","tooltip_line5":"Post-2016 permits only \u2014 layer is partial","tooltip_line6":""}},{"type":"Feature","geometry":{"type":"LineString","coordinates":[[-119.42939,49.88841],[-119.4308,49.88934],[-119.43166,49.88884],[-119.43348,49.88894],[-119.44711,49.88579]]},"properties":{"operator_group":"Other BC operator","is_key_operator":false,"tooltip_title":"FortisBC Energy Inc.","tooltip_line1":"FortisBC Energy Inc.","tooltip_line2":"Transmission \u00b7 1.4 km","tooltip_line3":"Project 000002457 seg 2 \u00b7 Active","tooltip_line4":"Authority: ERAA \u00b7 BCER permitted","tooltip_line5":"Post-2016 permits only \u2014 layer is partial","tooltip_line6":""}},{"type":"Feature","geometry":{"type":"LineString","coordinates":[[-119.44711,49.88579],[-119.45024,49.88507],[-119.4524,49.88527]]},"properties":{"operator_group":"Other BC operator","is_key_operator":false,"tooltip_title":"FortisBC Energy Inc.","tooltip_line1":"FortisBC Energy Inc.","tooltip_line2":"Transmission \u00b7 0.4 km","tooltip_line3":"Project 000002457 seg 3 \u00b7 Active","tooltip_line4":"Authority: ERAA \u00b7 BCER permitted","tooltip_line5":"Post-2016 permits only \u2014 layer is partial","tooltip_line6":""}},{"type":"Feature","geometry":{"type":"LineString","coordinates":[[-117.75996,49.12815],[-117.75712,49.12907],[-117.75298,49.13185],[-117.75159,49.13474],[-117.75166,49.14048],[-117.7535,49.14169],[-117.7543,49.14406],[-117.74788,49.15636],[-117.74119,49.16057],[-117.73979,49.16533],[-117.73966,49.16865],[-117.72905,49.18655],[-117.72662,49.18972],[-117.72632,49.19229],[-117.72146,49.19644],[-117.71575,49.2048],[-117.71079,49.20819],[-117.706,49.2127]]},"properties":{"operator_group":"Other BC operator","is_key_operator":false,"tooltip_title":"FortisBC Energy Inc.","tooltip_line1":"FortisBC Energy Inc.","tooltip_line2":"Transmission \u00b7 10.9 km","tooltip_line3":"Project 000002602 seg 1 \u00b7 Active","tooltip_line4":"Authority: ERAA \u00b7 BCER permitted","tooltip_line5":"Post-2016 permits only \u2014 layer is partial","tooltip_line6":""}},{"type":"Feature","geometry":{"type":"LineString","coordinates":[[-117.706,49.2127],[-117.70258,49.21564]]},"properties":{"operator_group":"Other BC operator","is_key_operator":false,"tooltip_title":"FortisBC Energy Inc.","tooltip_line1":"FortisBC Energy Inc.","tooltip_line2":"Transmission \u00b7 0.4 km","tooltip_line3":"Project 000002602 seg 2 \u00b7 Active","tooltip_line4":"Authority: ERAA \u00b7 BCER permitted","tooltip_line5":"Post-2016 permits only \u2014 layer is partial","tooltip_line6":""}},{"type":"Feature","geometry":{"type":"LineString","coordinates":[[-117.70258,49.21564],[-117.69228,49.22456],[-117.68891,49.22654],[-117.67951,49.23385],[-117.68012,49.23614],[-117.67754,49.23923],[-117.67261,49.23938]]},"properties":{"operator_group":"Other BC operator","is_key_operator":false,"tooltip_title":"FortisBC Energy Inc.","tooltip_line1":"FortisBC Energy Inc.","tooltip_line2":"Transmission \u00b7 3.7 km","tooltip_line3":"Project 000002602 seg 3 \u00b7 Active","tooltip_line4":"Authority: ERAA \u00b7 BCER permitted","tooltip_line5":"Post-2016 permits only \u2014 layer is partial","tooltip_line6":""}},{"type":"Feature","geometry":{"type":"LineString","coordinates":[[-117.67261,49.23938],[-117.66931,49.24566],[-117.65912,49.25828],[-117.65858,49.25948]]},"properties":{"operator_group":"Other BC operator","is_key_operator":false,"tooltip_title":"FortisBC Energy Inc.","tooltip_line1":"FortisBC Energy Inc.","tooltip_line2":"Transmission \u00b7 2.5 km","tooltip_line3":"Project 000002602 seg 4 \u00b7 Active","tooltip_line4":"Authority: ERAA \u00b7 BCER permitted","tooltip_line5":"Post-2016 permits only \u2014 layer is partial","tooltip_line6":""}},{"type":"Feature","geometry":{"type":"LineString","coordinates":[[-117.65858,49.25948],[-117.65822,49.26031],[-117.65851,49.26153]]},"properties":{"operator_group":"Other BC operator","is_key_operator":false,"tooltip_title":"FortisBC Energy Inc.","tooltip_line1":"FortisBC Energy Inc.","tooltip_line2":"Transmission \u00b7 0.2 km","tooltip_line3":"Project 000002602 seg 5 \u00b7 Active","tooltip_line4":"Authority: ERAA \u00b7 BCER permitted","tooltip_line5":"Post-2016 permits only \u2014 layer is partial","tooltip_line6":""}},{"type":"Feature","geometry":{"type":"LineString","coordinates":[[-117.65851,49.26153],[-117.65928,49.26476],[-117.65885,49.26596],[-117.65473,49.2686],[-117.65373,49.27093],[-117.65435,49.2723]]},"properties":{"operator_group":"Other BC operator","is_key_operator":false,"tooltip_title":"FortisBC Energy Inc.","tooltip_line1":"FortisBC Energy Inc.","tooltip_line2":"Transmission \u00b7 1.4 km","tooltip_line3":"Project 000002602 seg 6 \u00b7 Active","tooltip_line4":"Authority: ERAA \u00b7 BCER permitted","tooltip_line5":"Post-2016 permits only \u2014 layer is partial","tooltip_line6":""}},{"type":"Feature","geometry":{"type":"LineString","coordinates":[[-117.65435,49.2723],[-117.65586,49.27497],[-117.65715,49.27879]]},"properties":{"operator_group":"Other BC operator","is_key_operator":false,"tooltip_title":"FortisBC Energy Inc.","tooltip_line1":"FortisBC Energy Inc.","tooltip_line2":"Transmission \u00b7 0.8 km","tooltip_line3":"Project 000002602 seg 7 \u00b7 Active","tooltip_line4":"Authority: ERAA \u00b7 BCER permitted","tooltip_line5":"Post-2016 permits only \u2014 layer is partial","tooltip_line6":""}},{"type":"Feature","geometry":{"type":"LineString","coordinates":[[-117.65715,49.27879],[-117.65718,49.28251],[-117.65803,49.28331],[-117.65879,49.28822],[-117.6609,49.29058],[-117.66201,49.29877],[-117.66254,49.29977]]},"properties":{"operator_group":"Other BC operator","is_key_operator":false,"tooltip_title":"FortisBC Energy Inc.","tooltip_line1":"FortisBC Energy Inc.","tooltip_line2":"Transmission \u00b7 2.5 km","tooltip_line3":"Project 000002602 seg 8 \u00b7 Active","tooltip_line4":"Authority: ERAA \u00b7 BCER permitted","tooltip_line5":"Post-2016 permits only \u2014 layer is partial","tooltip_line6":""}},{"type":"Feature","geometry":{"type":"LineString","coordinates":[[-117.66254,49.29977],[-117.66559,49.30514],[-117.6642,49.30769],[-117.66524,49.31077]]},"properties":{"operator_group":"Other BC operator","is_key_operator":false,"tooltip_title":"FortisBC Energy Inc.","tooltip_line1":"FortisBC Energy Inc.","tooltip_line2":"Transmission \u00b7 1.3 km","tooltip_line3":"Project 000002602 seg 9 \u00b7 Active","tooltip_line4":"Authority: ERAA \u00b7 BCER permitted","tooltip_line5":"Post-2016 permits only \u2014 layer is partial","tooltip_line6":""}},{"type":"Feature","geometry":{"type":"LineString","coordinates":[[-117.66524,49.31077],[-117.66525,49.31212],[-117.66308,49.31286]]},"properties":{"operator_group":"Other BC operator","is_key_operator":false,"tooltip_title":"FortisBC Energy Inc.","tooltip_line1":"FortisBC Energy Inc.","tooltip_line2":"Transmission \u00b7 0.3 km","tooltip_line3":"Project 000002602 seg 10 \u00b7 Active","tooltip_line4":"Authority: ERAA \u00b7 BCER permitted","tooltip_line5":"Post-2016 permits only \u2014 layer is partial","tooltip_line6":""}},{"type":"Feature","geometry":{"type":"LineString","coordinates":[[-120.40169,50.66332],[-120.39032,50.6663],[-120.38999,50.66671]]},"properties":{"operator_group":"Other BC operator","is_key_operator":false,"tooltip_title":"FortisBC Energy Inc.","tooltip_line1":"FortisBC Energy Inc.","tooltip_line2":"Transmission \u00b7 0.9 km","tooltip_line3":"Project 000002834 seg 1 \u00b7 Active","tooltip_line4":"Authority: ERAA \u00b7 BCER permitted","tooltip_line5":"Post-2016 permits only \u2014 layer is partial","tooltip_line6":""}},{"type":"Feature","geometry":{"type":"LineString","coordinates":[[-120.38999,50.66671],[-120.38864,50.66896],[-120.39044,50.67314],[-120.39279,50.67563],[-120.39418,50.67895],[-120.39669,50.67932],[-120.39801,50.68],[-120.39752,50.68115],[-120.39867,50.68235]]},"properties":{"operator_group":"Other BC operator","is_key_operator":false,"tooltip_title":"FortisBC Energy Inc.","tooltip_line1":"FortisBC Energy Inc.","tooltip_line2":"Transmission \u00b7 2.1 km","tooltip_line3":"Project 000002834 seg 2 \u00b7 Active","tooltip_line4":"Authority: ERAA \u00b7 BCER permitted","tooltip_line5":"Post-2016 permits only \u2014 layer is partial","tooltip_line6":""}},{"type":"Feature","geometry":{"type":"LineString","coordinates":[[-120.98806,50.46551],[-120.98806,50.4617],[-120.98488,50.45689],[-120.98553,50.45569],[-120.98832,50.45416],[-120.99091,50.44854],[-120.99422,50.44691],[-120.9966,50.44482]]},"properties":{"operator_group":"Other BC operator","is_key_operator":false,"tooltip_title":"FortisBC Energy Inc.","tooltip_line1":"FortisBC Energy Inc.","tooltip_line2":"Transmission \u00b7 2.7 km","tooltip_line3":"Project 000002851 seg 2 \u00b7 Active","tooltip_line4":"Authority: ERAA \u00b7 BCER permitted","tooltip_line5":"Post-2016 permits only \u2014 layer is partial","tooltip_line6":""}},{"type":"Feature","geometry":{"type":"LineString","coordinates":[[-120.9966,50.44482],[-120.99902,50.44393]]},"properties":{"operator_group":"Other BC operator","is_key_operator":false,"tooltip_title":"FortisBC Energy Inc.","tooltip_line1":"FortisBC Energy Inc.","tooltip_line2":"Transmission \u00b7 0.2 km","tooltip_line3":"Project 000002851 seg 3 \u00b7 Active","tooltip_line4":"Authority: ERAA \u00b7 BCER permitted","tooltip_line5":"Post-2016 permits only \u2014 layer is partial","tooltip_line6":""}},{"type":"Feature","geometry":{"type":"LineString","coordinates":[[-117.66308,49.31286],[-117.66,49.31318],[-117.65994,49.31488],[-117.65597,49.31847],[-117.65651,49.32164],[-117.65127,49.32465],[-117.64773,49.32538],[-117.64594,49.32527],[-117.64644,49.3256],[-117.6442,49.32662]]},"properties":{"operator_group":"Other BC operator","is_key_operator":false,"tooltip_title":"FortisBC Energy Inc.","tooltip_line1":"FortisBC Energy Inc.","tooltip_line2":"Transmission \u00b7 2.5 km","tooltip_line3":"Project 000002863 seg 1 \u00b7 Active","tooltip_line4":"Authority: ERAA \u00b7 BCER permitted","tooltip_line5":"Post-2016 permits only \u2014 layer is partial","tooltip_line6":""}},{"type":"Feature","geometry":{"type":"LineString","coordinates":[[-117.6442,49.32662],[-117.64275,49.32697],[-117.63832,49.32477],[-117.6311,49.32659],[-117.62614,49.32894],[-117.6257,49.33054],[-117.6231,49.33281],[-117.61402,49.33523],[-117.60894,49.33793],[-117.60206,49.34059],[-117.60173,49.3416],[-117.59941,49.34372]]},"properties":{"operator_group":"Other BC operator","is_key_operator":false,"tooltip_title":"FortisBC Energy Inc.","tooltip_line1":"FortisBC Energy Inc.","tooltip_line2":"Transmission \u00b7 4.4 km","tooltip_line3":"Project 000002863 seg 2 \u00b7 Active","tooltip_line4":"Authority: ERAA \u00b7 BCER permitted","tooltip_line5":"Post-2016 permits only \u2014 layer is partial","tooltip_line6":""}},{"type":"Feature","geometry":{"type":"LineString","coordinates":[[-117.59941,49.34372],[-117.58419,49.3527],[-117.58314,49.35528]]},"properties":{"operator_group":"Other BC operator","is_key_operator":false,"tooltip_title":"FortisBC Energy Inc.","tooltip_line1":"FortisBC Energy Inc.","tooltip_line2":"Transmission \u00b7 1.9 km","tooltip_line3":"Project 000002863 seg 3 \u00b7 Active","tooltip_line4":"Authority: ERAA \u00b7 BCER permitted","tooltip_line5":"Post-2016 permits only \u2014 layer is partial","tooltip_line6":""}},{"type":"Feature","geometry":{"type":"LineString","coordinates":[[-117.58314,49.35528],[-117.58311,49.35538]]},"properties":{"operator_group":"Other BC operator","is_key_operator":false,"tooltip_title":"FortisBC Energy Inc.","tooltip_line1":"FortisBC Energy Inc.","tooltip_line2":"Transmission \u00b7 0.0 km","tooltip_line3":"Project 000002863 seg 4 \u00b7 Active","tooltip_line4":"Authority: ERAA \u00b7 BCER permitted","tooltip_line5":"Post-2016 permits only \u2014 layer is partial","tooltip_line6":""}},{"type":"Feature","geometry":{"type":"LineString","coordinates":[[-117.58311,49.35538],[-117.58264,49.35646],[-117.57859,49.36028],[-117.57399,49.3644],[-117.57119,49.36619],[-117.56862,49.36948],[-117.56804,49.37217],[-117.56673,49.3743],[-117.56489,49.37579],[-117.56457,49.37772]]},"properties":{"operator_group":"Other BC operator","is_key_operator":false,"tooltip_title":"FortisBC Energy Inc.","tooltip_line1":"FortisBC Energy Inc.","tooltip_line2":"Transmission \u00b7 2.9 km","tooltip_line3":"Project 000002863 seg 5 \u00b7 Active","tooltip_line4":"Authority: ERAA \u00b7 BCER permitted","tooltip_line5":"Post-2016 permits only \u2014 layer is partial","tooltip_line6":""}},{"type":"Feature","geometry":{"type":"LineString","coordinates":[[-117.56457,49.37772],[-117.56273,49.38126]]},"properties":{"operator_group":"Other BC operator","is_key_operator":false,"tooltip_title":"FortisBC Energy Inc.","tooltip_line1":"FortisBC Energy Inc.","tooltip_line2":"Transmission \u00b7 0.4 km","tooltip_line3":"Project 000002863 seg 6 \u00b7 Active","tooltip_line4":"Authority: ERAA \u00b7 BCER permitted","tooltip_line5":"Post-2016 permits only \u2014 layer is partial","tooltip_line6":""}},{"type":"Feature","geometry":{"type":"LineString","coordinates":[[-117.56273,49.38126],[-117.54975,49.39733],[-117.55012,49.3982],[-117.5497,49.39894],[-117.54922,49.39884],[-117.54572,49.40417]]},"properties":{"operator_group":"Other BC operator","is_key_operator":false,"tooltip_title":"FortisBC Energy Inc.","tooltip_line1":"FortisBC Energy Inc.","tooltip_line2":"Transmission \u00b7 2.9 km","tooltip_line3":"Project 000002863 seg 7 \u00b7 Active","tooltip_line4":"Authority: ERAA \u00b7 BCER permitted","tooltip_line5":"Post-2016 permits only \u2014 layer is partial","tooltip_line6":""}},{"type":"Feature","geometry":{"type":"LineString","coordinates":[[-117.54572,49.40417],[-117.53786,49.41585],[-117.53685,49.41617],[-117.53569,49.41582],[-117.53181,49.41845],[-117.52879,49.41813],[-117.52536,49.41929]]},"properties":{"operator_group":"Other BC operator","is_key_operator":false,"tooltip_title":"FortisBC Energy Inc.","tooltip_line1":"FortisBC Energy Inc.","tooltip_line2":"Transmission \u00b7 2.5 km","tooltip_line3":"Project 000002863 seg 8 \u00b7 Active","tooltip_line4":"Authority: ERAA \u00b7 BCER permitted","tooltip_line5":"Post-2016 permits only \u2014 layer is partial","tooltip_line6":""}},{"type":"Feature","geometry":{"type":"LineString","coordinates":[[-117.52536,49.41929],[-117.52118,49.42039],[-117.51952,49.4214],[-117.51791,49.42465],[-117.51789,49.42674],[-117.51124,49.43641],[-117.51017,49.43997],[-117.50697,49.44273],[-117.47116,49.45402],[-117.44826,49.46238]]},"properties":{"operator_group":"Other BC operator","is_key_operator":false,"tooltip_title":"FortisBC Energy Inc.","tooltip_line1":"FortisBC Energy Inc.","tooltip_line2":"Transmission \u00b7 7.9 km","tooltip_line3":"Project 000002863 seg 9 \u00b7 Active","tooltip_line4":"Authority: ERAA \u00b7 BCER permitted","tooltip_line5":"Post-2016 permits only \u2014 layer is partial","tooltip_line6":""}},{"type":"Feature","geometry":{"type":"LineString","coordinates":[[-117.44826,49.46238],[-117.44112,49.46495],[-117.42659,49.46812]]},"properties":{"operator_group":"Other BC operator","is_key_operator":false,"tooltip_title":"FortisBC Energy Inc.","tooltip_line1":"FortisBC Energy Inc.","tooltip_line2":"Transmission \u00b7 1.7 km","tooltip_line3":"Project 000002863 seg 10 \u00b7 Active","tooltip_line4":"Authority: ERAA \u00b7 BCER permitted","tooltip_line5":"Post-2016 permits only \u2014 layer is partial","tooltip_line6":""}},{"type":"Feature","geometry":{"type":"LineString","coordinates":[[-117.42659,49.46812],[-117.41001,49.47167],[-117.39157,49.47336],[-117.38404,49.47665],[-117.36606,49.48251],[-117.35058,49.48642],[-117.34558,49.48828],[-117.34517,49.48896],[-117.34293,49.48984],[-117.33401,49.48816]]},"properties":{"operator_group":"Other BC operator","is_key_operator":false,"tooltip_title":"FortisBC Energy Inc.","tooltip_line1":"FortisBC Energy Inc.","tooltip_line2":"Transmission \u00b7 7.4 km","tooltip_line3":"Project 000002863 seg 11 \u00b7 Active","tooltip_line4":"Authority: ERAA \u00b7 BCER permitted","tooltip_line5":"Post-2016 permits only \u2014 layer is partial","tooltip_line6":""}},{"type":"Feature","geometry":{"type":"LineString","coordinates":[[-117.33401,49.48816],[-117.33017,49.48697],[-117.32671,49.48686],[-117.31921,49.48541],[-117.31847,49.48394],[-117.31865,49.48223],[-117.31447,49.48218],[-117.31222,49.48351],[-117.31085,49.48367],[-117.30546,49.48303],[-117.30415,49.48245]]},"properties":{"operator_group":"Other BC operator","is_key_operator":false,"tooltip_title":"FortisBC Energy Inc.","tooltip_line1":"FortisBC Energy Inc.","tooltip_line2":"Transmission \u00b7 2.8 km","tooltip_line3":"Project 000002863 seg 12 \u00b7 Active","tooltip_line4":"Authority: ERAA \u00b7 BCER permitted","tooltip_line5":"Post-2016 permits only \u2014 layer is partial","tooltip_line6":""}},{"type":"Feature","geometry":{"type":"LineString","coordinates":[[-122.53427,53.249],[-122.53299,53.24968],[-122.53119,53.25178],[-122.52921,53.2515],[-122.49878,53.26631],[-122.49818,53.26709],[-122.4967,53.26738],[-122.48499,53.27315],[-122.48308,53.27276],[-122.48233,53.27335],[-122.46802,53.27652]]},"properties":{"operator_group":"Other BC operator","is_key_operator":false,"tooltip_title":"FortisBC Energy Inc.","tooltip_line1":"FortisBC Energy Inc.","tooltip_line2":"Transmission \u00b7 5.6 km","tooltip_line3":"Project 000002894 seg 1 \u00b7 Active","tooltip_line4":"Authority: ERAA \u00b7 BCER permitted","tooltip_line5":"Post-2016 permits only \u2014 layer is partial","tooltip_line6":""}},{"type":"Feature","geometry":{"type":"LineString","coordinates":[[-122.46802,53.27652],[-122.46801,53.27659]]},"properties":{"operator_group":"Other BC operator","is_key_operator":false,"tooltip_title":"FortisBC Energy Inc.","tooltip_line1":"FortisBC Energy Inc.","tooltip_line2":"Transmission \u00b7 0.0 km","tooltip_line3":"Project 000002894 seg 2 \u00b7 Active","tooltip_line4":"Authority: ERAA \u00b7 BCER permitted","tooltip_line5":"Post-2016 permits only \u2014 layer is partial","tooltip_line6":""}},{"type":"Feature","geometry":{"type":"LineString","coordinates":[[-120.69496,56.16281],[-120.69561,56.16343]]},"properties":{"operator_group":"Other BC operator","is_key_operator":false,"tooltip_title":"Pacific Northern Gas (N.E.) Ltd.","tooltip_line1":"Pacific Northern Gas (N.E.) Ltd.","tooltip_line2":"Transmission \u00b7 0.1 km","tooltip_line3":"Project 000003050 seg 1 \u00b7 Active","tooltip_line4":"Authority: ERAA \u00b7 BCER permitted","tooltip_line5":"Post-2016 permits only \u2014 layer is partial","tooltip_line6":""}},{"type":"Feature","geometry":{"type":"LineString","coordinates":[[-120.69561,56.16343],[-120.69941,56.16729],[-120.70047,56.17093],[-120.70154,56.17232],[-120.70911,56.17871],[-120.70937,56.18231],[-120.70453,56.19158],[-120.70566,56.195],[-120.7079,56.19617],[-120.70955,56.1977],[-120.71437,56.20474],[-120.71559,56.20756],[-120.7243,56.21472],[-120.72849,56.21568],[-120.76903,56.21576],[-120.78025,56.21645],[-120.78018,56.2175],[-120.78747,56.2179],[-120.79403,56.21925],[-120.81622,56.22753]]},"properties":{"operator_group":"Other BC operator","is_key_operator":false,"tooltip_title":"Pacific Northern Gas (N.E.) Ltd.","tooltip_line1":"Pacific Northern Gas (N.E.) Ltd.","tooltip_line2":"Transmission \u00b7 12.5 km","tooltip_line3":"Project 000003050 seg 2 \u00b7 Active","tooltip_line4":"Authority: ERAA \u00b7 BCER permitted","tooltip_line5":"Post-2016 permits only \u2014 layer is partial","tooltip_line6":""}},{"type":"Feature","geometry":{"type":"LineString","coordinates":[[-120.69386,56.16153],[-120.69496,56.16281]]},"properties":{"operator_group":"Other BC operator","is_key_operator":false,"tooltip_title":"Pacific Northern Gas (N.E.) Ltd.","tooltip_line1":"Pacific Northern Gas (N.E.) Ltd.","tooltip_line2":"Transmission \u00b7 0.2 km","tooltip_line3":"Project 000003050 seg 3 \u00b7 Active","tooltip_line4":"Authority: ERAA \u00b7 BCER permitted","tooltip_line5":"Post-2016 permits only \u2014 layer is partial","tooltip_line6":""}},{"type":"Feature","geometry":{"type":"LineString","coordinates":[[-120.69384,56.1615],[-120.6853,56.15298],[-120.68589,56.15288]]},"properties":{"operator_group":"Other BC operator","is_key_operator":false,"tooltip_title":"Pacific Northern Gas (N.E.) Ltd.","tooltip_line1":"Pacific Northern Gas (N.E.) Ltd.","tooltip_line2":"Transmission \u00b7 1.1 km","tooltip_line3":"Project 000003050 seg 4 \u00b7 Active","tooltip_line4":"Authority: ERAA \u00b7 BCER permitted","tooltip_line5":"Post-2016 permits only \u2014 layer is partial","tooltip_line6":""}},{"type":"Feature","geometry":{"type":"LineString","coordinates":[[-120.69385,56.16152],[-120.69929,56.1672],[-120.70051,56.17114],[-120.70264,56.17364],[-120.70905,56.17863],[-120.70933,56.1823],[-120.70447,56.19159],[-120.70562,56.19502],[-120.70938,56.19757],[-120.71543,56.20655],[-120.71558,56.20759],[-120.71805,56.20938]]},"properties":{"operator_group":"Other BC operator","is_key_operator":false,"tooltip_title":"Pacific Northern Gas (N.E.) Ltd.","tooltip_line1":"Pacific Northern Gas (N.E.) Ltd.","tooltip_line2":"Transmission \u00b7 5.9 km","tooltip_line3":"Project 000003050 seg 5 \u00b7 Active","tooltip_line4":"Authority: ERAA \u00b7 BCER permitted","tooltip_line5":"Post-2016 permits only \u2014 layer is partial","tooltip_line6":""}},{"type":"Feature","geometry":{"type":"LineString","coordinates":[[-120.71805,56.20938],[-120.71865,56.21074],[-120.72025,56.21123]]},"properties":{"operator_group":"Other BC operator","is_key_operator":false,"tooltip_title":"Pacific Northern Gas (N.E.) Ltd.","tooltip_line1":"Pacific Northern Gas (N.E.) Ltd.","tooltip_line2":"Transmission \u00b7 0.3 km","tooltip_line3":"Project 000003050 seg 6 \u00b7 Active","tooltip_line4":"Authority: ERAA \u00b7 BCER permitted","tooltip_line5":"Post-2016 permits only \u2014 layer is partial","tooltip_line6":""}},{"type":"Feature","geometry":{"type":"LineString","coordinates":[[-120.72025,56.21123],[-120.72434,56.21479],[-120.72849,56.2157],[-120.76838,56.21577],[-120.78026,56.21648],[-120.78013,56.21753],[-120.78745,56.21793],[-120.794,56.21928],[-120.81622,56.22754]]},"properties":{"operator_group":"Other BC operator","is_key_operator":false,"tooltip_title":"Pacific Northern Gas (N.E.) Ltd.","tooltip_line1":"Pacific Northern Gas (N.E.) Ltd.","tooltip_line2":"Transmission \u00b7 6.7 km","tooltip_line3":"Project 000003050 seg 7 \u00b7 Active","tooltip_line4":"Authority: ERAA \u00b7 BCER permitted","tooltip_line5":"Post-2016 permits only \u2014 layer is partial","tooltip_line6":""}},{"type":"Feature","geometry":{"type":"LineString","coordinates":[[-115.28847,49.31439],[-115.272,49.34549],[-115.26597,49.34737],[-115.23314,49.34724],[-115.23312,49.36535],[-115.22799,49.36825],[-115.22799,49.37109]]},"properties":{"operator_group":"Other BC operator","is_key_operator":false,"tooltip_title":"FortisBC Energy Inc.","tooltip_line1":"FortisBC Energy Inc.","tooltip_line2":"Transmission \u00b7 9.4 km","tooltip_line3":"Project 000003161 seg 1 \u00b7 Active","tooltip_line4":"Authority: ERAA \u00b7 BCER permitted","tooltip_line5":"Post-2016 permits only \u2014 layer is partial","tooltip_line6":""}},{"type":"Feature","geometry":{"type":"LineString","coordinates":[[-115.22799,49.37109],[-115.22799,49.37191],[-115.22714,49.37258]]},"properties":{"operator_group":"Other BC operator","is_key_operator":false,"tooltip_title":"FortisBC Energy Inc.","tooltip_line1":"FortisBC Energy Inc.","tooltip_line2":"Transmission \u00b7 0.2 km","tooltip_line3":"Project 000003161 seg 2 \u00b7 Active","tooltip_line4":"Authority: ERAA \u00b7 BCER permitted","tooltip_line5":"Post-2016 permits only \u2014 layer is partial","tooltip_line6":""}},{"type":"Feature","geometry":{"type":"LineString","coordinates":[[-123.13373,55.31175],[-123.135,55.3127]]},"properties":{"operator_group":"Other BC operator","is_key_operator":false,"tooltip_title":"FortisBC Energy Inc.","tooltip_line1":"FortisBC Energy Inc.","tooltip_line2":"Transmission \u00b7 0.2 km","tooltip_line3":"Project 000003235 seg 1 \u00b7 Active","tooltip_line4":"Authority: ERAA \u00b7 BCER permitted","tooltip_line5":"Post-2016 permits only \u2014 layer is partial","tooltip_line6":""}},{"type":"Feature","geometry":{"type":"LineString","coordinates":[[-123.135,55.3127],[-123.13814,55.31561]]},"properties":{"operator_group":"Other BC operator","is_key_operator":false,"tooltip_title":"FortisBC Energy Inc.","tooltip_line1":"FortisBC Energy Inc.","tooltip_line2":"Transmission \u00b7 0.4 km","tooltip_line3":"Project 000003235 seg 2 \u00b7 Active","tooltip_line4":"Authority: ERAA \u00b7 BCER permitted","tooltip_line5":"Post-2016 permits only \u2014 layer is partial","tooltip_line6":""}},{"type":"Feature","geometry":{"type":"LineString","coordinates":[[-123.13814,55.31561],[-123.1391,55.31648],[-123.14694,55.32007],[-123.17521,55.3324],[-123.17579,55.33446]]},"properties":{"operator_group":"Other BC operator","is_key_operator":false,"tooltip_title":"FortisBC Energy Inc.","tooltip_line1":"FortisBC Energy Inc.","tooltip_line2":"Transmission \u00b7 3.2 km","tooltip_line3":"Project 000003235 seg 3 \u00b7 Active","tooltip_line4":"Authority: ERAA \u00b7 BCER permitted","tooltip_line5":"Post-2016 permits only \u2014 layer is partial","tooltip_line6":""}},{"type":"Feature","geometry":{"type":"LineString","coordinates":[[-123.17794,55.33923],[-123.17579,55.33446]]},"properties":{"operator_group":"Other BC operator","is_key_operator":false,"tooltip_title":"FortisBC Energy Inc.","tooltip_line1":"FortisBC Energy Inc.","tooltip_line2":"Transmission \u00b7 0.6 km","tooltip_line3":"Project 000003235 seg 4 \u00b7 Active","tooltip_line4":"Authority: ERAA \u00b7 BCER permitted","tooltip_line5":"Post-2016 permits only \u2014 layer is partial","tooltip_line6":""}},{"type":"Feature","geometry":{"type":"LineString","coordinates":[[-121.2891,50.80603],[-121.30367,50.80867]]},"properties":{"operator_group":"Other BC operator","is_key_operator":false,"tooltip_title":"FortisBC Energy Inc.","tooltip_line1":"FortisBC Energy Inc.","tooltip_line2":"Transmission \u00b7 1.1 km","tooltip_line3":"Project 000003248 seg 1 \u00b7 Active","tooltip_line4":"Authority: ERAA \u00b7 BCER permitted","tooltip_line5":"Post-2016 permits only \u2014 layer is partial","tooltip_line6":""}},{"type":"Feature","geometry":{"type":"LineString","coordinates":[[-121.30367,50.80867],[-121.30727,50.80917]]},"properties":{"operator_group":"Other BC operator","is_key_operator":false,"tooltip_title":"FortisBC Energy Inc.","tooltip_line1":"FortisBC Energy Inc.","tooltip_line2":"Transmission \u00b7 0.3 km","tooltip_line3":"Project 000003248 seg 2 \u00b7 Active","tooltip_line4":"Authority: ERAA \u00b7 BCER permitted","tooltip_line5":"Post-2016 permits only \u2014 layer is partial","tooltip_line6":""}},{"type":"Feature","geometry":{"type":"LineString","coordinates":[[-120.40173,50.66334],[-120.3995,50.66155],[-120.39465,50.66013],[-120.39502,50.6595],[-120.3899,50.65582],[-120.38002,50.65287]]},"properties":{"operator_group":"Other BC operator","is_key_operator":false,"tooltip_title":"FortisBC Energy Inc.","tooltip_line1":"FortisBC Energy Inc.","tooltip_line2":"Transmission \u00b7 2.1 km","tooltip_line3":"Project 000003249 seg 1 \u00b7 Active","tooltip_line4":"Authority: ERAA \u00b7 BCER permitted","tooltip_line5":"Post-2016 permits only \u2014 layer is partial","tooltip_line6":""}},{"type":"Feature","geometry":{"type":"LineString","coordinates":[[-120.38002,50.65287],[-120.37751,50.65225],[-120.37518,50.65226]]},"properties":{"operator_group":"Other BC operator","is_key_operator":false,"tooltip_title":"FortisBC Energy Inc.","tooltip_line1":"FortisBC Energy Inc.","tooltip_line2":"Transmission \u00b7 0.4 km","tooltip_line3":"Project 000003249 seg 2 \u00b7 Active","tooltip_line4":"Authority: ERAA \u00b7 BCER permitted","tooltip_line5":"Post-2016 permits only \u2014 layer is partial","tooltip_line6":""}},{"type":"Feature","geometry":{"type":"LineString","coordinates":[[-120.37518,50.65226],[-120.37458,50.65224]]},"properties":{"operator_group":"Other BC operator","is_key_operator":false,"tooltip_title":"FortisBC Energy Inc.","tooltip_line1":"FortisBC Energy Inc.","tooltip_line2":"Transmission \u00b7 0.0 km","tooltip_line3":"Project 000003249 seg 3 \u00b7 Active","tooltip_line4":"Authority: ERAA \u00b7 BCER permitted","tooltip_line5":"Post-2016 permits only \u2014 layer is partial","tooltip_line6":""}},{"type":"Feature","geometry":{"type":"LineString","coordinates":[[-120.33084,50.65767],[-120.32849,50.65725],[-120.32436,50.65885],[-120.31233,50.65891],[-120.30388,50.66098],[-120.28355,50.66029],[-120.27638,50.66139]]},"properties":{"operator_group":"Other BC operator","is_key_operator":false,"tooltip_title":"FortisBC Energy Inc.","tooltip_line1":"FortisBC Energy Inc.","tooltip_line2":"Transmission \u00b7 4.0 km","tooltip_line3":"Project 000003249 seg 4 \u00b7 Active","tooltip_line4":"Authority: ERAA \u00b7 BCER permitted","tooltip_line5":"Post-2016 permits only \u2014 layer is partial","tooltip_line6":""}},{"type":"Feature","geometry":{"type":"LineString","coordinates":[[-120.27638,50.66139],[-120.27467,50.66163],[-120.24857,50.65987],[-120.23411,50.65748],[-120.21702,50.65868]]},"properties":{"operator_group":"Other BC operator","is_key_operator":false,"tooltip_title":"FortisBC Energy Inc.","tooltip_line1":"FortisBC Energy Inc.","tooltip_line2":"Transmission \u00b7 4.3 km","tooltip_line3":"Project 000003249 seg 5 \u00b7 Active","tooltip_line4":"Authority: ERAA \u00b7 BCER permitted","tooltip_line5":"Post-2016 permits only \u2014 layer is partial","tooltip_line6":""}},{"type":"Feature","geometry":{"type":"LineString","coordinates":[[-120.21702,50.65868],[-120.2027,50.66119],[-120.19494,50.66035]]},"properties":{"operator_group":"Other BC operator","is_key_operator":false,"tooltip_title":"FortisBC Energy Inc.","tooltip_line1":"FortisBC Energy Inc.","tooltip_line2":"Transmission \u00b7 1.6 km","tooltip_line3":"Project 000003249 seg 6 \u00b7 Active","tooltip_line4":"Authority: ERAA \u00b7 BCER permitted","tooltip_line5":"Post-2016 permits only \u2014 layer is partial","tooltip_line6":""}},{"type":"Feature","geometry":{"type":"LineString","coordinates":[[-120.19494,50.66035],[-120.18422,50.65717],[-120.17698,50.65384],[-120.1711,50.65395],[-120.14554,50.64725],[-120.14328,50.64734],[-120.13537,50.64559]]},"properties":{"operator_group":"Other BC operator","is_key_operator":false,"tooltip_title":"FortisBC Energy Inc.","tooltip_line1":"FortisBC Energy Inc.","tooltip_line2":"Transmission \u00b7 4.6 km","tooltip_line3":"Project 000003249 seg 7 \u00b7 Active","tooltip_line4":"Authority: ERAA \u00b7 BCER permitted","tooltip_line5":"Post-2016 permits only \u2014 layer is partial","tooltip_line6":""}},{"type":"Feature","geometry":{"type":"LineString","coordinates":[[-120.13537,50.64559],[-120.1159,50.64087],[-120.08996,50.63765]]},"properties":{"operator_group":"Other BC operator","is_key_operator":false,"tooltip_title":"FortisBC Energy Inc.","tooltip_line1":"FortisBC Energy Inc.","tooltip_line2":"Transmission \u00b7 3.4 km","tooltip_line3":"Project 000003249 seg 8 \u00b7 Active","tooltip_line4":"Authority: ERAA \u00b7 BCER permitted","tooltip_line5":"Post-2016 permits only \u2014 layer is partial","tooltip_line6":""}},{"type":"Feature","geometry":{"type":"LineString","coordinates":[[-120.08996,50.63765],[-120.08002,50.63732],[-120.07337,50.6359]]},"properties":{"operator_group":"Other BC operator","is_key_operator":false,"tooltip_title":"FortisBC Energy Inc.","tooltip_line1":"FortisBC Energy Inc.","tooltip_line2":"Transmission \u00b7 1.2 km","tooltip_line3":"Project 000003249 seg 9 \u00b7 Active","tooltip_line4":"Authority: ERAA \u00b7 BCER permitted","tooltip_line5":"Post-2016 permits only \u2014 layer is partial","tooltip_line6":""}},{"type":"Feature","geometry":{"type":"LineString","coordinates":[[-120.07337,50.6359],[-120.05989,50.63308],[-120.04639,50.62856],[-120.03665,50.62718],[-120.01966,50.63027],[-120.00002,50.62867]]},"properties":{"operator_group":"Other BC operator","is_key_operator":false,"tooltip_title":"FortisBC Energy Inc.","tooltip_line1":"FortisBC Energy Inc.","tooltip_line2":"Transmission \u00b7 5.4 km","tooltip_line3":"Project 000003249 seg 10 \u00b7 Active","tooltip_line4":"Authority: ERAA \u00b7 BCER permitted","tooltip_line5":"Post-2016 permits only \u2014 layer is partial","tooltip_line6":""}},{"type":"Feature","geometry":{"type":"LineString","coordinates":[[-120.00002,50.62867],[-119.98725,50.62303],[-119.98381,50.61857],[-119.97636,50.61293],[-119.96166,50.6098],[-119.95839,50.60717],[-119.95145,50.603],[-119.94896,50.60247],[-119.94625,50.59931],[-119.93036,50.598],[-119.91515,50.59],[-119.88901,50.58033],[-119.88398,50.58004],[-119.88225,50.57603],[-119.88213,50.56665],[-119.86021,50.55135],[-119.83125,50.5329],[-119.82048,50.51825],[-119.76426,50.48166],[-119.75745,50.48059]]},"properties":{"operator_group":"Other BC operator","is_key_operator":false,"tooltip_title":"FortisBC Energy Inc.","tooltip_line1":"FortisBC Energy Inc.","tooltip_line2":"Transmission \u00b7 25.0 km","tooltip_line3":"Project 000003249 seg 11 \u00b7 Active","tooltip_line4":"Authority: ERAA \u00b7 BCER permitted","tooltip_line5":"Post-2016 permits only \u2014 layer is partial","tooltip_line6":""}},{"type":"Feature","geometry":{"type":"LineString","coordinates":[[-120.33084,50.65767],[-120.33656,50.65939],[-120.35242,50.65612],[-120.35814,50.65542],[-120.36326,50.65295],[-120.36687,50.65261],[-120.36886,50.65144],[-120.3734,50.6517]]},"properties":{"operator_group":"Other BC operator","is_key_operator":false,"tooltip_title":"FortisBC Energy Inc.","tooltip_line1":"FortisBC Energy Inc.","tooltip_line2":"Transmission \u00b7 3.3 km","tooltip_line3":"Project 000003249 seg 18 \u00b7 Active","tooltip_line4":"Authority: ERAA \u00b7 BCER permitted","tooltip_line5":"Post-2016 permits only \u2014 layer is partial","tooltip_line6":""}},{"type":"Feature","geometry":{"type":"LineString","coordinates":[[-120.37458,50.65224],[-120.37348,50.65222],[-120.3734,50.6517]]},"properties":{"operator_group":"Other BC operator","is_key_operator":false,"tooltip_title":"FortisBC Energy Inc.","tooltip_line1":"FortisBC Energy Inc.","tooltip_line2":"Transmission \u00b7 0.1 km","tooltip_line3":"Project 000003249 seg 19 \u00b7 Active","tooltip_line4":"Authority: ERAA \u00b7 BCER permitted","tooltip_line5":"Post-2016 permits only \u2014 layer is partial","tooltip_line6":""}},{"type":"Feature","geometry":{"type":"LineString","coordinates":[[-124.15685,54.13028],[-124.2048,54.12976]]},"properties":{"operator_group":"Other BC operator","is_key_operator":false,"tooltip_title":"Pacific Northern Gas Ltd.","tooltip_line1":"Pacific Northern Gas Ltd.","tooltip_line2":"Transmission \u00b7 3.1 km","tooltip_line3":"Project 000003268 seg 1 \u00b7 Active","tooltip_line4":"Authority: ERAA \u00b7 BCER permitted","tooltip_line5":"Post-2016 permits only \u2014 layer is partial","tooltip_line6":""}},{"type":"Feature","geometry":{"type":"LineString","coordinates":[[-124.2048,54.12976],[-124.20689,54.12973]]},"properties":{"operator_group":"Other BC operator","is_key_operator":false,"tooltip_title":"Pacific Northern Gas Ltd.","tooltip_line1":"Pacific Northern Gas Ltd.","tooltip_line2":"Transmission \u00b7 0.1 km","tooltip_line3":"Project 000003268 seg 2 \u00b7 Active","tooltip_line4":"Authority: ERAA \u00b7 BCER permitted","tooltip_line5":"Post-2016 permits only \u2014 layer is partial","tooltip_line6":""}},{"type":"Feature","geometry":{"type":"LineString","coordinates":[[-124.34697,54.12958],[-124.35791,54.13242],[-124.36024,54.13255],[-124.36432,54.13164],[-124.3922,54.13143],[-124.40892,54.1308],[-124.41227,54.13138],[-124.41973,54.13133],[-124.42197,54.13185],[-124.43497,54.1312],[-124.4371,54.13045],[-124.46426,54.12954],[-124.47527,54.12798]]},"properties":{"operator_group":"Other BC operator","is_key_operator":false,"tooltip_title":"Pacific Northern Gas Ltd.","tooltip_line1":"Pacific Northern Gas Ltd.","tooltip_line2":"Transmission \u00b7 8.6 km","tooltip_line3":"Project 000003268 seg 3 \u00b7 Active","tooltip_line4":"Authority: ERAA \u00b7 BCER permitted","tooltip_line5":"Post-2016 permits only \u2014 layer is partial","tooltip_line6":""}},{"type":"Feature","geometry":{"type":"LineString","coordinates":[[-124.47527,54.12798],[-124.47596,54.12797]]},"properties":{"operator_group":"Other BC operator","is_key_operator":false,"tooltip_title":"Pacific Northern Gas Ltd.","tooltip_line1":"Pacific Northern Gas Ltd.","tooltip_line2":"Transmission \u00b7 0.0 km","tooltip_line3":"Project 000003268 seg 4 \u00b7 Active","tooltip_line4":"Authority: ERAA \u00b7 BCER permitted","tooltip_line5":"Post-2016 permits only \u2014 layer is partial","tooltip_line6":""}},{"type":"Feature","geometry":{"type":"LineString","coordinates":[[-124.49596,54.12498],[-124.51627,54.12243]]},"properties":{"operator_group":"Other BC operator","is_key_operator":false,"tooltip_title":"Pacific Northern Gas Ltd.","tooltip_line1":"Pacific Northern Gas Ltd.","tooltip_line2":"Transmission \u00b7 1.4 km","tooltip_line3":"Project 000003268 seg 5 \u00b7 Active","tooltip_line4":"Authority: ERAA \u00b7 BCER permitted","tooltip_line5":"Post-2016 permits only \u2014 layer is partial","tooltip_line6":""}},{"type":"Feature","geometry":{"type":"LineString","coordinates":[[-124.51627,54.12243],[-124.5167,54.12237]]},"properties":{"operator_group":"Other BC operator","is_key_operator":false,"tooltip_title":"Pacific Northern Gas Ltd.","tooltip_line1":"Pacific Northern Gas Ltd.","tooltip_line2":"Transmission \u00b7 0.0 km","tooltip_line3":"Project 000003268 seg 6 \u00b7 Active","tooltip_line4":"Authority: ERAA \u00b7 BCER permitted","tooltip_line5":"Post-2016 permits only \u2014 layer is partial","tooltip_line6":""}},{"type":"Feature","geometry":{"type":"LineString","coordinates":[[-124.20689,54.12973],[-124.22199,54.12961],[-124.22859,54.12915],[-124.23102,54.12815],[-124.23317,54.12799],[-124.26086,54.12779],[-124.32711,54.12514],[-124.33257,54.12529],[-124.33394,54.12631],[-124.34697,54.12958]]},"properties":{"operator_group":"Other BC operator","is_key_operator":false,"tooltip_title":"Pacific Northern Gas Ltd.","tooltip_line1":"Pacific Northern Gas Ltd.","tooltip_line2":"Transmission \u00b7 9.3 km","tooltip_line3":"Project 000003268 seg 9 \u00b7 Active","tooltip_line4":"Authority: ERAA \u00b7 BCER permitted","tooltip_line5":"Post-2016 permits only \u2014 layer is partial","tooltip_line6":""}},{"type":"Feature","geometry":{"type":"LineString","coordinates":[[-124.47596,54.12797],[-124.49596,54.12498]]},"properties":{"operator_group":"Other BC operator","is_key_operator":false,"tooltip_title":"Pacific Northern Gas Ltd.","tooltip_line1":"Pacific Northern Gas Ltd.","tooltip_line2":"Transmission \u00b7 1.3 km","tooltip_line3":"Project 000003268 seg 10 \u00b7 Active","tooltip_line4":"Authority: ERAA \u00b7 BCER permitted","tooltip_line5":"Post-2016 permits only \u2014 layer is partial","tooltip_line6":""}},{"type":"Feature","geometry":{"type":"LineString","coordinates":[[-124.5167,54.12237],[-124.54632,54.1186],[-124.57727,54.11377]]},"properties":{"operator_group":"Other BC operator","is_key_operator":false,"tooltip_title":"Pacific Northern Gas Ltd.","tooltip_line1":"Pacific Northern Gas Ltd.","tooltip_line2":"Transmission \u00b7 4.1 km","tooltip_line3":"Project 000003268 seg 11 \u00b7 Active","tooltip_line4":"Authority: ERAA \u00b7 BCER permitted","tooltip_line5":"Post-2016 permits only \u2014 layer is partial","tooltip_line6":""}},{"type":"Feature","geometry":{"type":"LineString","coordinates":[[-124.57727,54.11377],[-124.57872,54.11369]]},"properties":{"operator_group":"Other BC operator","is_key_operator":false,"tooltip_title":"Pacific Northern Gas Ltd.","tooltip_line1":"Pacific Northern Gas Ltd.","tooltip_line2":"Transmission \u00b7 0.1 km","tooltip_line3":"Project 000003268 seg 12 \u00b7 Active","tooltip_line4":"Authority: ERAA \u00b7 BCER permitted","tooltip_line5":"Post-2016 permits only \u2014 layer is partial","tooltip_line6":""}},{"type":"Feature","geometry":{"type":"LineString","coordinates":[[-124.57872,54.11369],[-124.59251,54.11204],[-124.6095,54.11146],[-124.61208,54.11216],[-124.6237,54.11167],[-124.6256,54.11064],[-124.62787,54.11045],[-124.62941,54.10971],[-124.63473,54.10934],[-124.63943,54.11037],[-124.65079,54.11038],[-124.65397,54.11171],[-124.65836,54.11178],[-124.66533,54.11466],[-124.68131,54.11434],[-124.69409,54.11573],[-124.70269,54.11406],[-124.72229,54.11341],[-124.72881,54.10974],[-124.74217,54.10995]]},"properties":{"operator_group":"Other BC operator","is_key_operator":false,"tooltip_title":"Pacific Northern Gas Ltd.","tooltip_line1":"Pacific Northern Gas Ltd.","tooltip_line2":"Transmission \u00b7 11.2 km","tooltip_line3":"Project 000003268 seg 13 \u00b7 Active","tooltip_line4":"Authority: ERAA \u00b7 BCER permitted","tooltip_line5":"Post-2016 permits only \u2014 layer is partial","tooltip_line6":""}},{"type":"Feature","geometry":{"type":"LineString","coordinates":[[-119.56337,50.49835],[-119.56563,50.49831],[-119.5661,50.49912],[-119.57002,50.4997],[-119.57072,50.50076],[-119.57252,50.50132],[-119.58396,50.49875],[-119.59803,50.49326],[-119.61308,50.49186],[-119.62124,50.48895],[-119.62785,50.48873],[-119.64478,50.48457],[-119.6458,50.4837],[-119.65099,50.48365],[-119.65508,50.48284],[-119.65677,50.48374],[-119.66169,50.4825],[-119.69129,50.47757],[-119.74881,50.47937],[-119.75745,50.48059]]},"properties":{"operator_group":"Other BC operator","is_key_operator":false,"tooltip_title":"FortisBC Energy Inc.","tooltip_line1":"FortisBC Energy Inc.","tooltip_line2":"Transmission \u00b7 14.7 km","tooltip_line3":"Project 000003272 seg 1 \u00b7 Active","tooltip_line4":"Authority: ERAA \u00b7 BCER permitted","tooltip_line5":"Post-2016 permits only \u2014 layer is partial","tooltip_line6":""}},{"type":"Feature","geometry":{"type":"LineString","coordinates":[[-119.56337,50.49835],[-119.55868,50.49867],[-119.55093,50.49721],[-119.5439,50.49398],[-119.54319,50.49324]]},"properties":{"operator_group":"Other BC operator","is_key_operator":false,"tooltip_title":"FortisBC Energy Inc.","tooltip_line1":"FortisBC Energy Inc.","tooltip_line2":"Transmission \u00b7 1.6 km","tooltip_line3":"Project 000003272 seg 2 \u00b7 Active","tooltip_line4":"Authority: ERAA \u00b7 BCER permitted","tooltip_line5":"Post-2016 permits only \u2014 layer is partial","tooltip_line6":""}},{"type":"Feature","geometry":{"type":"LineString","coordinates":[[-119.54319,50.49324],[-119.53846,50.4874],[-119.52695,50.47563],[-119.52019,50.46754],[-119.51539,50.46266],[-119.515,50.46047],[-119.51026,50.45714],[-119.49438,50.45011],[-119.48512,50.44927],[-119.48179,50.44717],[-119.47908,50.44662]]},"properties":{"operator_group":"Other BC operator","is_key_operator":false,"tooltip_title":"FortisBC Energy Inc.","tooltip_line1":"FortisBC Energy Inc.","tooltip_line2":"Transmission \u00b7 7.3 km","tooltip_line3":"Project 000003272 seg 3 \u00b7 Active","tooltip_line4":"Authority: ERAA \u00b7 BCER permitted","tooltip_line5":"Post-2016 permits only \u2014 layer is partial","tooltip_line6":""}},{"type":"Feature","geometry":{"type":"LineString","coordinates":[[-119.47908,50.44662],[-119.46435,50.44368],[-119.45411,50.44359],[-119.45288,50.44503],[-119.44394,50.44963]]},"properties":{"operator_group":"Other BC operator","is_key_operator":false,"tooltip_title":"FortisBC Energy Inc.","tooltip_line1":"FortisBC Energy Inc.","tooltip_line2":"Transmission \u00b7 2.8 km","tooltip_line3":"Project 000003272 seg 4 \u00b7 Active","tooltip_line4":"Authority: ERAA \u00b7 BCER permitted","tooltip_line5":"Post-2016 permits only \u2014 layer is partial","tooltip_line6":""}},{"type":"Feature","geometry":{"type":"LineString","coordinates":[[-119.44394,50.44963],[-119.42512,50.45861],[-119.42158,50.45909],[-119.41347,50.45874],[-119.407,50.4591],[-119.40546,50.46025],[-119.37944,50.46214],[-119.37049,50.45934]]},"properties":{"operator_group":"Other BC operator","is_key_operator":false,"tooltip_title":"FortisBC Energy Inc.","tooltip_line1":"FortisBC Energy Inc.","tooltip_line2":"Transmission \u00b7 5.8 km","tooltip_line3":"Project 000003272 seg 5 \u00b7 Active","tooltip_line4":"Authority: ERAA \u00b7 BCER permitted","tooltip_line5":"Post-2016 permits only \u2014 layer is partial","tooltip_line6":""}},{"type":"Feature","geometry":{"type":"LineString","coordinates":[[-119.33909,50.42931],[-119.33163,50.42112]]},"properties":{"operator_group":"Other BC operator","is_key_operator":false,"tooltip_title":"FortisBC Energy Inc.","tooltip_line1":"FortisBC Energy Inc.","tooltip_line2":"Transmission \u00b7 1.1 km","tooltip_line3":"Project 000003272 seg 6 \u00b7 Active","tooltip_line4":"Authority: ERAA \u00b7 BCER permitted","tooltip_line5":"Post-2016 permits only \u2014 layer is partial","tooltip_line6":""}},{"type":"Feature","geometry":{"type":"LineString","coordinates":[[-119.33163,50.42112],[-119.31532,50.40576],[-119.30552,50.3895],[-119.2935,50.36677]]},"properties":{"operator_group":"Other BC operator","is_key_operator":false,"tooltip_title":"FortisBC Energy Inc.","tooltip_line1":"FortisBC Energy Inc.","tooltip_line2":"Transmission \u00b7 6.7 km","tooltip_line3":"Project 000003272 seg 7 \u00b7 Active","tooltip_line4":"Authority: ERAA \u00b7 BCER permitted","tooltip_line5":"Post-2016 permits only \u2014 layer is partial","tooltip_line6":""}},{"type":"Feature","geometry":{"type":"LineString","coordinates":[[-119.2935,50.36677],[-119.28857,50.35947],[-119.28862,50.35186],[-119.28793,50.34883],[-119.28865,50.34113]]},"properties":{"operator_group":"Other BC operator","is_key_operator":false,"tooltip_title":"FortisBC Energy Inc.","tooltip_line1":"FortisBC Energy Inc.","tooltip_line2":"Transmission \u00b7 3.0 km","tooltip_line3":"Project 000003272 seg 8 \u00b7 Active","tooltip_line4":"Authority: ERAA \u00b7 BCER permitted","tooltip_line5":"Post-2016 permits only \u2014 layer is partial","tooltip_line6":""}},{"type":"Feature","geometry":{"type":"LineString","coordinates":[[-119.28865,50.34113],[-119.28628,50.33356],[-119.28843,50.32875],[-119.29042,50.32176],[-119.29354,50.31623],[-119.29799,50.30472],[-119.29605,50.29863],[-119.2994,50.28926],[-119.30113,50.2827],[-119.30053,50.27877],[-119.30389,50.27238],[-119.30574,50.2671]]},"properties":{"operator_group":"Other BC operator","is_key_operator":false,"tooltip_title":"FortisBC Energy Inc.","tooltip_line1":"FortisBC Energy Inc.","tooltip_line2":"Transmission \u00b7 8.6 km","tooltip_line3":"Project 000003272 seg 9 \u00b7 Active","tooltip_line4":"Authority: ERAA \u00b7 BCER permitted","tooltip_line5":"Post-2016 permits only \u2014 layer is partial","tooltip_line6":""}},{"type":"Feature","geometry":{"type":"LineString","coordinates":[[-119.36858,50.45837],[-119.36607,50.45707]]},"properties":{"operator_group":"Other BC operator","is_key_operator":false,"tooltip_title":"FortisBC Energy Inc.","tooltip_line1":"FortisBC Energy Inc.","tooltip_line2":"Transmission \u00b7 0.2 km","tooltip_line3":"Project 000003272 seg 14 \u00b7 Active","tooltip_line4":"Authority: ERAA \u00b7 BCER permitted","tooltip_line5":"Post-2016 permits only \u2014 layer is partial","tooltip_line6":""}},{"type":"Feature","geometry":{"type":"LineString","coordinates":[[-119.36607,50.45707],[-119.36006,50.45394],[-119.35569,50.44783],[-119.33909,50.42931]]},"properties":{"operator_group":"Other BC operator","is_key_operator":false,"tooltip_title":"FortisBC Energy Inc.","tooltip_line1":"FortisBC Energy Inc.","tooltip_line2":"Transmission \u00b7 3.6 km","tooltip_line3":"Project 000003272 seg 15 \u00b7 Active","tooltip_line4":"Authority: ERAA \u00b7 BCER permitted","tooltip_line5":"Post-2016 permits only \u2014 layer is partial","tooltip_line6":""}},{"type":"Feature","geometry":{"type":"LineString","coordinates":[[-119.37049,50.45934],[-119.36607,50.45707]]},"properties":{"operator_group":"Other BC operator","is_key_operator":false,"tooltip_title":"FortisBC Energy Inc.","tooltip_line1":"FortisBC Energy Inc.","tooltip_line2":"Transmission \u00b7 0.4 km","tooltip_line3":"Project 000003272 seg 16 \u00b7 Active","tooltip_line4":"Authority: ERAA \u00b7 BCER permitted","tooltip_line5":"Post-2016 permits only \u2014 layer is partial","tooltip_line6":""}},{"type":"Feature","geometry":{"type":"LineString","coordinates":[[-122.45795,53.0174],[-122.45834,53.01831],[-122.46311,53.01831],[-122.47019,53.01723],[-122.47677,53.01533],[-122.4821,53.01532],[-122.4891,53.01306],[-122.49286,53.01312]]},"properties":{"operator_group":"Other BC operator","is_key_operator":false,"tooltip_title":"FortisBC Energy Inc.","tooltip_line1":"FortisBC Energy Inc.","tooltip_line2":"Transmission \u00b7 2.6 km","tooltip_line3":"Project 000003282 seg 4 \u00b7 Active","tooltip_line4":"Authority: ERAA \u00b7 BCER permitted","tooltip_line5":"Post-2016 permits only \u2014 layer is partial","tooltip_line6":""}},{"type":"Feature","geometry":{"type":"LineString","coordinates":[[-122.49286,53.01312],[-122.49585,53.01315]]},"properties":{"operator_group":"Other BC operator","is_key_operator":false,"tooltip_title":"FortisBC Energy Inc.","tooltip_line1":"FortisBC Energy Inc.","tooltip_line2":"Transmission \u00b7 0.2 km","tooltip_line3":"Project 000003282 seg 5 \u00b7 Active","tooltip_line4":"Authority: ERAA \u00b7 BCER permitted","tooltip_line5":"Post-2016 permits only \u2014 layer is partial","tooltip_line6":""}},{"type":"Feature","geometry":{"type":"LineString","coordinates":[[-122.85936,49.16814],[-122.87845,49.16337],[-122.87936,49.16247],[-122.88999,49.16242],[-122.89007,49.16191],[-122.89243,49.1615],[-122.91593,49.16164],[-122.91871,49.16122],[-122.9241,49.15905],[-122.92412,49.15182],[-122.93561,49.15183],[-122.93758,49.14895],[-122.94445,49.14779],[-122.98437,49.14686],[-122.9965,49.1425],[-123.00124,49.14246],[-123.01294,49.13964]]},"properties":{"operator_group":"Other BC operator","is_key_operator":false,"tooltip_title":"FortisBC Energy Inc.","tooltip_line1":"FortisBC Energy Inc.","tooltip_line2":"Transmission \u00b7 12.8 km","tooltip_line3":"Project 000003286 seg 1 \u00b7 Active","tooltip_line4":"Authority: ERAA \u00b7 BCER permitted","tooltip_line5":"Post-2016 permits only \u2014 layer is partial","tooltip_line6":""}},{"type":"Feature","geometry":{"type":"LineString","coordinates":[[-119.30574,50.2671],[-119.31334,50.25561],[-119.31328,50.25275],[-119.312,50.25162],[-119.31251,50.24972],[-119.31991,50.24654],[-119.322,50.24317],[-119.32252,50.24005]]},"properties":{"operator_group":"Other BC operator","is_key_operator":false,"tooltip_title":"FortisBC Energy Inc.","tooltip_line1":"FortisBC Energy Inc.","tooltip_line2":"Transmission \u00b7 3.5 km","tooltip_line3":"Project 000003304 seg 1 \u00b7 Active","tooltip_line4":"Authority: ERAA \u00b7 BCER permitted","tooltip_line5":"Post-2016 permits only \u2014 layer is partial","tooltip_line6":""}},{"type":"Feature","geometry":{"type":"LineString","coordinates":[[-119.32252,50.24005],[-119.32496,50.22156],[-119.32574,50.21936],[-119.32534,50.21714],[-119.32692,50.21419],[-119.32684,50.21298],[-119.32773,50.21028],[-119.33171,50.20632]]},"properties":{"operator_group":"Other BC operator","is_key_operator":false,"tooltip_title":"FortisBC Energy Inc.","tooltip_line1":"FortisBC Energy Inc.","tooltip_line2":"Transmission \u00b7 3.9 km","tooltip_line3":"Project 000003304 seg 2 \u00b7 Active","tooltip_line4":"Authority: ERAA \u00b7 BCER permitted","tooltip_line5":"Post-2016 permits only \u2014 layer is partial","tooltip_line6":""}},{"type":"Feature","geometry":{"type":"LineString","coordinates":[[-119.33171,50.20632],[-119.33525,50.20283]]},"properties":{"operator_group":"Other BC operator","is_key_operator":false,"tooltip_title":"FortisBC Energy Inc.","tooltip_line1":"FortisBC Energy Inc.","tooltip_line2":"Transmission \u00b7 0.5 km","tooltip_line3":"Project 000003304 seg 3 \u00b7 Active","tooltip_line4":"Authority: ERAA \u00b7 BCER permitted","tooltip_line5":"Post-2016 permits only \u2014 layer is partial","tooltip_line6":""}},{"type":"Feature","geometry":{"type":"LineString","coordinates":[[-119.33525,50.20283],[-119.34087,50.19782],[-119.3566,50.19042],[-119.37039,50.17755],[-119.37116,50.17612],[-119.37694,50.17043],[-119.38097,50.16704],[-119.38502,50.16274],[-119.39826,50.14656],[-119.40319,50.13882],[-119.40314,50.13668],[-119.39979,50.13293],[-119.39768,50.12967],[-119.39817,50.12456],[-119.39142,50.11795]]},"properties":{"operator_group":"Other BC operator","is_key_operator":false,"tooltip_title":"FortisBC Energy Inc.","tooltip_line1":"FortisBC Energy Inc.","tooltip_line2":"Transmission \u00b7 11.4 km","tooltip_line3":"Project 000003304 seg 4 \u00b7 Active","tooltip_line4":"Authority: ERAA \u00b7 BCER permitted","tooltip_line5":"Post-2016 permits only \u2014 layer is partial","tooltip_line6":""}},{"type":"Feature","geometry":{"type":"LineString","coordinates":[[-119.39142,50.11795],[-119.38639,50.11667],[-119.38607,50.11229],[-119.37606,50.11046],[-119.36965,50.10984],[-119.36689,50.11005],[-119.36346,50.10869],[-119.36264,50.10469],[-119.3635,50.10182],[-119.36374,50.09678],[-119.36328,50.09412],[-119.36388,50.09222],[-119.36221,50.09003],[-119.36234,50.08113]]},"properties":{"operator_group":"Other BC operator","is_key_operator":false,"tooltip_title":"FortisBC Energy Inc.","tooltip_line1":"FortisBC Energy Inc.","tooltip_line2":"Transmission \u00b7 5.7 km","tooltip_line3":"Project 000003304 seg 5 \u00b7 Active","tooltip_line4":"Authority: ERAA \u00b7 BCER permitted","tooltip_line5":"Post-2016 permits only \u2014 layer is partial","tooltip_line6":""}},{"type":"Feature","geometry":{"type":"LineString","coordinates":[[-119.36234,50.08113],[-119.36237,50.07874]]},"properties":{"operator_group":"Other BC operator","is_key_operator":false,"tooltip_title":"FortisBC Energy Inc.","tooltip_line1":"FortisBC Energy Inc.","tooltip_line2":"Transmission \u00b7 0.3 km","tooltip_line3":"Project 000003304 seg 6 \u00b7 Active","tooltip_line4":"Authority: ERAA \u00b7 BCER permitted","tooltip_line5":"Post-2016 permits only \u2014 layer is partial","tooltip_line6":""}},{"type":"Feature","geometry":{"type":"LineString","coordinates":[[-119.36237,50.07874],[-119.36289,50.07137],[-119.36377,50.06863],[-119.37239,50.05534],[-119.37602,50.04792],[-119.37805,50.04481],[-119.37847,50.03316],[-119.37817,50.02832],[-119.37944,50.01955]]},"properties":{"operator_group":"Other BC operator","is_key_operator":false,"tooltip_title":"FortisBC Energy Inc.","tooltip_line1":"FortisBC Energy Inc.","tooltip_line2":"Transmission \u00b7 6.8 km","tooltip_line3":"Project 000003304 seg 7 \u00b7 Active","tooltip_line4":"Authority: ERAA \u00b7 BCER permitted","tooltip_line5":"Post-2016 permits only \u2014 layer is partial","tooltip_line6":""}},{"type":"Feature","geometry":{"type":"LineString","coordinates":[[-119.37944,50.01955],[-119.3799,50.01818]]},"properties":{"operator_group":"Other BC operator","is_key_operator":false,"tooltip_title":"FortisBC Energy Inc.","tooltip_line1":"FortisBC Energy Inc.","tooltip_line2":"Transmission \u00b7 0.2 km","tooltip_line3":"Project 000003304 seg 8 \u00b7 Active","tooltip_line4":"Authority: ERAA \u00b7 BCER permitted","tooltip_line5":"Post-2016 permits only \u2014 layer is partial","tooltip_line6":""}},{"type":"Feature","geometry":{"type":"LineString","coordinates":[[-120.68592,56.15287],[-120.68691,56.15247],[-120.68061,56.14612],[-120.68399,56.14528]]},"properties":{"operator_group":"Other BC operator","is_key_operator":false,"tooltip_title":"Pacific Northern Gas (N.E.) Ltd.","tooltip_line1":"Pacific Northern Gas (N.E.) Ltd.","tooltip_line2":"Transmission \u00b7 1.1 km","tooltip_line3":"Project 000003340 seg 1 \u00b7 Active","tooltip_line4":"Authority: ERAA \u00b7 BCER permitted","tooltip_line5":"Post-2016 permits only \u2014 layer is partial","tooltip_line6":""}},{"type":"Feature","geometry":{"type":"LineString","coordinates":[[-119.21579,50.66365],[-119.21585,50.65607]]},"properties":{"operator_group":"Other BC operator","is_key_operator":false,"tooltip_title":"FortisBC Energy Inc.","tooltip_line1":"FortisBC Energy Inc.","tooltip_line2":"Transmission \u00b7 0.9 km","tooltip_line3":"Project 000003344 seg 4 \u00b7 Active","tooltip_line4":"Authority: ERAA \u00b7 BCER permitted","tooltip_line5":"Post-2016 permits only \u2014 layer is partial","tooltip_line6":""}},{"type":"Feature","geometry":{"type":"LineString","coordinates":[[-114.88247,49.87076],[-114.87079,49.87423]]},"properties":{"operator_group":"Other BC operator","is_key_operator":false,"tooltip_title":"FortisBC Energy Inc.","tooltip_line1":"FortisBC Energy Inc.","tooltip_line2":"Transmission \u00b7 0.9 km","tooltip_line3":"Project 000003353 seg 1 \u00b7 Active","tooltip_line4":"Authority: ERAA \u00b7 BCER permitted","tooltip_line5":"Post-2016 permits only \u2014 layer is partial","tooltip_line6":""}},{"type":"Feature","geometry":{"type":"LineString","coordinates":[[-114.86461,49.87599],[-114.86379,49.87622],[-114.85931,49.88062],[-114.85746,49.88164],[-114.85573,49.88112],[-114.85351,49.88128]]},"properties":{"operator_group":"Other BC operator","is_key_operator":false,"tooltip_title":"FortisBC Energy Inc.","tooltip_line1":"FortisBC Energy Inc.","tooltip_line2":"Transmission \u00b7 1.1 km","tooltip_line3":"Project 000003353 seg 3 \u00b7 Active","tooltip_line4":"Authority: ERAA \u00b7 BCER permitted","tooltip_line5":"Post-2016 permits only \u2014 layer is partial","tooltip_line6":""}},{"type":"Feature","geometry":{"type":"LineString","coordinates":[[-114.87079,49.87423],[-114.86461,49.87599]]},"properties":{"operator_group":"Other BC operator","is_key_operator":false,"tooltip_title":"FortisBC Energy Inc.","tooltip_line1":"FortisBC Energy Inc.","tooltip_line2":"Transmission \u00b7 0.5 km","tooltip_line3":"Project 000003353 seg 4 \u00b7 Active","tooltip_line4":"Authority: ERAA \u00b7 BCER permitted","tooltip_line5":"Post-2016 permits only \u2014 layer is partial","tooltip_line6":""}},{"type":"Feature","geometry":{"type":"LineString","coordinates":[[-114.85351,49.88128],[-114.8531,49.88287]]},"properties":{"operator_group":"Other BC operator","is_key_operator":false,"tooltip_title":"FortisBC Energy Inc.","tooltip_line1":"FortisBC Energy Inc.","tooltip_line2":"Transmission \u00b7 0.2 km","tooltip_line3":"Project 000003353 seg 5 \u00b7 Active","tooltip_line4":"Authority: ERAA \u00b7 BCER permitted","tooltip_line5":"Post-2016 permits only \u2014 layer is partial","tooltip_line6":""}},{"type":"Feature","geometry":{"type":"LineString","coordinates":[[-119.3799,50.01818],[-119.38337,50.00771]]},"properties":{"operator_group":"Other BC operator","is_key_operator":false,"tooltip_title":"FortisBC Energy Inc.","tooltip_line1":"FortisBC Energy Inc.","tooltip_line2":"Transmission \u00b7 1.2 km","tooltip_line3":"Project 000003354 seg 1 \u00b7 Active","tooltip_line4":"Authority: ERAA \u00b7 BCER permitted","tooltip_line5":"Post-2016 permits only \u2014 layer is partial","tooltip_line6":""}},{"type":"Feature","geometry":{"type":"LineString","coordinates":[[-119.38337,50.00771],[-119.38506,50.00203],[-119.38119,49.98153],[-119.38396,49.97172],[-119.38676,49.97024],[-119.38907,49.96767],[-119.39066,49.96355]]},"properties":{"operator_group":"Other BC operator","is_key_operator":false,"tooltip_title":"FortisBC Energy Inc.","tooltip_line1":"FortisBC Energy Inc.","tooltip_line2":"Transmission \u00b7 5.1 km","tooltip_line3":"Project 000003354 seg 2 \u00b7 Active","tooltip_line4":"Authority: ERAA \u00b7 BCER permitted","tooltip_line5":"Post-2016 permits only \u2014 layer is partial","tooltip_line6":""}},{"type":"Feature","geometry":{"type":"LineString","coordinates":[[-119.39066,49.96355],[-119.39163,49.95829],[-119.39728,49.94197],[-119.39961,49.94056],[-119.3989,49.93713],[-119.39922,49.93617],[-119.39965,49.9362],[-119.40122,49.93433],[-119.4013,49.93261]]},"properties":{"operator_group":"Other BC operator","is_key_operator":false,"tooltip_title":"FortisBC Energy Inc.","tooltip_line1":"FortisBC Energy Inc.","tooltip_line2":"Transmission \u00b7 3.7 km","tooltip_line3":"Project 000003354 seg 3 \u00b7 Active","tooltip_line4":"Authority: ERAA \u00b7 BCER permitted","tooltip_line5":"Post-2016 permits only \u2014 layer is partial","tooltip_line6":""}},{"type":"Feature","geometry":{"type":"LineString","coordinates":[[-119.4013,49.93261],[-119.40072,49.93183],[-119.40281,49.92569]]},"properties":{"operator_group":"Other BC operator","is_key_operator":false,"tooltip_title":"FortisBC Energy Inc.","tooltip_line1":"FortisBC Energy Inc.","tooltip_line2":"Transmission \u00b7 0.8 km","tooltip_line3":"Project 000003354 seg 4 \u00b7 Active","tooltip_line4":"Authority: ERAA \u00b7 BCER permitted","tooltip_line5":"Post-2016 permits only \u2014 layer is partial","tooltip_line6":""}},{"type":"Feature","geometry":{"type":"LineString","coordinates":[[-119.40281,49.92569],[-119.40752,49.91197]]},"properties":{"operator_group":"Other BC operator","is_key_operator":false,"tooltip_title":"FortisBC Energy Inc.","tooltip_line1":"FortisBC Energy Inc.","tooltip_line2":"Transmission \u00b7 1.6 km","tooltip_line3":"Project 000003354 seg 5 \u00b7 Active","tooltip_line4":"Authority: ERAA \u00b7 BCER permitted","tooltip_line5":"Post-2016 permits only \u2014 layer is partial","tooltip_line6":""}},{"type":"Feature","geometry":{"type":"LineString","coordinates":[[-119.40752,49.91197],[-119.4091,49.90816],[-119.41554,49.9043]]},"properties":{"operator_group":"Other BC operator","is_key_operator":false,"tooltip_title":"FortisBC Energy Inc.","tooltip_line1":"FortisBC Energy Inc.","tooltip_line2":"Transmission \u00b7 1.1 km","tooltip_line3":"Project 000003354 seg 6 \u00b7 Active","tooltip_line4":"Authority: ERAA \u00b7 BCER permitted","tooltip_line5":"Post-2016 permits only \u2014 layer is partial","tooltip_line6":""}},{"type":"Feature","geometry":{"type":"LineString","coordinates":[[-119.41554,49.9043],[-119.41647,49.90364],[-119.41893,49.89616],[-119.42301,49.89393],[-119.42219,49.89294],[-119.42313,49.89222],[-119.42282,49.89206],[-119.4262,49.88952],[-119.42773,49.88892],[-119.42487,49.88718],[-119.42555,49.88661],[-119.42479,49.88596],[-119.42465,49.88365],[-119.42872,49.87848],[-119.42745,49.87678]]},"properties":{"operator_group":"Other BC operator","is_key_operator":false,"tooltip_title":"FortisBC Energy Inc.","tooltip_line1":"FortisBC Energy Inc.","tooltip_line2":"Transmission \u00b7 3.7 km","tooltip_line3":"Project 000003354 seg 7 \u00b7 Active","tooltip_line4":"Authority: ERAA \u00b7 BCER permitted","tooltip_line5":"Post-2016 permits only \u2014 layer is partial","tooltip_line6":""}},{"type":"Feature","geometry":{"type":"LineString","coordinates":[[-119.42745,49.87678],[-119.43319,49.8744],[-119.43432,49.87322]]},"properties":{"operator_group":"Other BC operator","is_key_operator":false,"tooltip_title":"FortisBC Energy Inc.","tooltip_line1":"FortisBC Energy Inc.","tooltip_line2":"Transmission \u00b7 0.7 km","tooltip_line3":"Project 000003354 seg 8 \u00b7 Active","tooltip_line4":"Authority: ERAA \u00b7 BCER permitted","tooltip_line5":"Post-2016 permits only \u2014 layer is partial","tooltip_line6":""}},{"type":"Feature","geometry":{"type":"LineString","coordinates":[[-119.43432,49.87322],[-119.43431,49.86733],[-119.43797,49.8653],[-119.44194,49.86124]]},"properties":{"operator_group":"Other BC operator","is_key_operator":false,"tooltip_title":"FortisBC Energy Inc.","tooltip_line1":"FortisBC Energy Inc.","tooltip_line2":"Transmission \u00b7 1.5 km","tooltip_line3":"Project 000003354 seg 9 \u00b7 Active","tooltip_line4":"Authority: ERAA \u00b7 BCER permitted","tooltip_line5":"Post-2016 permits only \u2014 layer is partial","tooltip_line6":""}},{"type":"Feature","geometry":{"type":"LineString","coordinates":[[-119.45375,49.8501],[-119.46454,49.84131]]},"properties":{"operator_group":"Other BC operator","is_key_operator":false,"tooltip_title":"FortisBC Energy Inc.","tooltip_line1":"FortisBC Energy Inc.","tooltip_line2":"Transmission \u00b7 1.2 km","tooltip_line3":"Project 000003354 seg 10 \u00b7 Active","tooltip_line4":"Authority: ERAA \u00b7 BCER permitted","tooltip_line5":"Post-2016 permits only \u2014 layer is partial","tooltip_line6":""}},{"type":"Feature","geometry":{"type":"LineString","coordinates":[[-119.46454,49.84131],[-119.47228,49.83471]]},"properties":{"operator_group":"Other BC operator","is_key_operator":false,"tooltip_title":"FortisBC Energy Inc.","tooltip_line1":"FortisBC Energy Inc.","tooltip_line2":"Transmission \u00b7 1.3 km","tooltip_line3":"Project 000003354 seg 11 \u00b7 Active","tooltip_line4":"Authority: ERAA \u00b7 BCER permitted","tooltip_line5":"Post-2016 permits only \u2014 layer is partial","tooltip_line6":""}},{"type":"Feature","geometry":{"type":"LineString","coordinates":[[-119.47228,49.83471],[-119.47523,49.8314]]},"properties":{"operator_group":"Other BC operator","is_key_operator":false,"tooltip_title":"FortisBC Energy Inc.","tooltip_line1":"FortisBC Energy Inc.","tooltip_line2":"Transmission \u00b7 0.4 km","tooltip_line3":"Project 000003354 seg 12 \u00b7 Active","tooltip_line4":"Authority: ERAA \u00b7 BCER permitted","tooltip_line5":"Post-2016 permits only \u2014 layer is partial","tooltip_line6":""}},{"type":"Feature","geometry":{"type":"LineString","coordinates":[[-119.47523,49.8314],[-119.48095,49.82499],[-119.48174,49.8235],[-119.48352,49.82234],[-119.48354,49.82037],[-119.48603,49.82033],[-119.49066,49.8157],[-119.49317,49.81486],[-119.49327,49.81303],[-119.49595,49.81048],[-119.49788,49.80975],[-119.50007,49.8077],[-119.50043,49.79992],[-119.50212,49.79047]]},"properties":{"operator_group":"Other BC operator","is_key_operator":false,"tooltip_title":"FortisBC Energy Inc.","tooltip_line1":"FortisBC Energy Inc.","tooltip_line2":"Transmission \u00b7 5.3 km","tooltip_line3":"Project 000003354 seg 13 \u00b7 Active","tooltip_line4":"Authority: ERAA \u00b7 BCER permitted","tooltip_line5":"Post-2016 permits only \u2014 layer is partial","tooltip_line6":""}},{"type":"Feature","geometry":{"type":"LineString","coordinates":[[-119.50212,49.79047],[-119.50758,49.77916],[-119.50934,49.77834],[-119.51119,49.77367]]},"properties":{"operator_group":"Other BC operator","is_key_operator":false,"tooltip_title":"FortisBC Energy Inc.","tooltip_line1":"FortisBC Energy Inc.","tooltip_line2":"Transmission \u00b7 2.1 km","tooltip_line3":"Project 000003354 seg 14 \u00b7 Active","tooltip_line4":"Authority: ERAA \u00b7 BCER permitted","tooltip_line5":"Post-2016 permits only \u2014 layer is partial","tooltip_line6":""}},{"type":"Feature","geometry":{"type":"LineString","coordinates":[[-119.4427,49.86036],[-119.44308,49.85899],[-119.45375,49.8501]]},"properties":{"operator_group":"Other BC operator","is_key_operator":false,"tooltip_title":"FortisBC Energy Inc.","tooltip_line1":"FortisBC Energy Inc.","tooltip_line2":"Transmission \u00b7 1.4 km","tooltip_line3":"Project 000003354 seg 19 \u00b7 Active","tooltip_line4":"Authority: ERAA \u00b7 BCER permitted","tooltip_line5":"Post-2016 permits only \u2014 layer is partial","tooltip_line6":""}},{"type":"Feature","geometry":{"type":"LineString","coordinates":[[-119.4427,49.86036],[-119.44194,49.86124]]},"properties":{"operator_group":"Other BC operator","is_key_operator":false,"tooltip_title":"FortisBC Energy Inc.","tooltip_line1":"FortisBC Energy Inc.","tooltip_line2":"Transmission \u00b7 0.1 km","tooltip_line3":"Project 000003354 seg 20 \u00b7 Active","tooltip_line4":"Authority: ERAA \u00b7 BCER permitted","tooltip_line5":"Post-2016 permits only \u2014 layer is partial","tooltip_line6":""}},{"type":"Feature","geometry":{"type":"LineString","coordinates":[[-123.13495,55.31265],[-123.13817,55.31558]]},"properties":{"operator_group":"Other BC operator","is_key_operator":false,"tooltip_title":"FortisBC Energy Inc.","tooltip_line1":"FortisBC Energy Inc.","tooltip_line2":"Transmission \u00b7 0.4 km","tooltip_line3":"Project 000003363 seg 1 \u00b7 Active","tooltip_line4":"Authority: ERAA \u00b7 BCER permitted","tooltip_line5":"Post-2016 permits only \u2014 layer is partial","tooltip_line6":""}},{"type":"Feature","geometry":{"type":"LineString","coordinates":[[-123.13817,55.31558],[-123.13918,55.31645],[-123.15062,55.32167],[-123.1753,55.33238],[-123.17581,55.33426]]},"properties":{"operator_group":"Other BC operator","is_key_operator":false,"tooltip_title":"FortisBC Energy Inc.","tooltip_line1":"FortisBC Energy Inc.","tooltip_line2":"Transmission \u00b7 3.2 km","tooltip_line3":"Project 000003363 seg 2 \u00b7 Active","tooltip_line4":"Authority: ERAA \u00b7 BCER permitted","tooltip_line5":"Post-2016 permits only \u2014 layer is partial","tooltip_line6":""}},{"type":"Feature","geometry":{"type":"LineString","coordinates":[[-123.17581,55.33426],[-123.17796,55.33923]]},"properties":{"operator_group":"Other BC operator","is_key_operator":false,"tooltip_title":"FortisBC Energy Inc.","tooltip_line1":"FortisBC Energy Inc.","tooltip_line2":"Transmission \u00b7 0.6 km","tooltip_line3":"Project 000003363 seg 3 \u00b7 Active","tooltip_line4":"Authority: ERAA \u00b7 BCER permitted","tooltip_line5":"Post-2016 permits only \u2014 layer is partial","tooltip_line6":""}},{"type":"Feature","geometry":{"type":"LineString","coordinates":[[-119.51119,49.77367],[-119.5124,49.77057],[-119.51231,49.76699],[-119.51479,49.76054],[-119.5154,49.75721],[-119.52361,49.74411],[-119.52507,49.74334],[-119.52862,49.73804],[-119.5281,49.73224],[-119.52743,49.73125],[-119.52656,49.72736],[-119.53154,49.71408],[-119.53224,49.70958],[-119.5367,49.70226],[-119.54006,49.69554],[-119.54423,49.69248],[-119.54819,49.69158],[-119.57196,49.67681],[-119.58475,49.66424],[-119.58616,49.65485],[-119.58455,49.6527],[-119.58449,49.64641],[-119.58487,49.6456],[-119.58347,49.64022],[-119.58171,49.635],[-119.57901,49.63115],[-119.57598,49.62306],[-119.56947,49.61237],[-119.56909,49.6079],[-119.56744,49.60221],[-119.56456,49.59745],[-119.5645,49.59458],[-119.56754,49.58535],[-119.56688,49.57846],[-119.56448,49.5709],[-119.56315,49.55713]]},"properties":{"operator_group":"Other BC operator","is_key_operator":false,"tooltip_title":"FortisBC Energy Inc.","tooltip_line1":"FortisBC Energy Inc.","tooltip_line2":"Transmission \u00b7 26.4 km","tooltip_line3":"Project 000003403 seg 1 \u00b7 Active","tooltip_line4":"Authority: ERAA \u00b7 BCER permitted","tooltip_line5":"Post-2016 permits only \u2014 layer is partial","tooltip_line6":""}},{"type":"Feature","geometry":{"type":"LineString","coordinates":[[-119.56315,49.55713],[-119.56314,49.55332],[-119.56275,49.55283],[-119.56106,49.5378],[-119.56079,49.53722],[-119.55539,49.5344],[-119.55549,49.52992]]},"properties":{"operator_group":"Other BC operator","is_key_operator":false,"tooltip_title":"FortisBC Energy Inc.","tooltip_line1":"FortisBC Energy Inc.","tooltip_line2":"Transmission \u00b7 3.3 km","tooltip_line3":"Project 000003403 seg 2 \u00b7 Active","tooltip_line4":"Authority: ERAA \u00b7 BCER permitted","tooltip_line5":"Post-2016 permits only \u2014 layer is partial","tooltip_line6":""}},{"type":"Feature","geometry":{"type":"LineString","coordinates":[[-119.55549,49.52992],[-119.55569,49.52692],[-119.55536,49.52629],[-119.55576,49.52559]]},"properties":{"operator_group":"Other BC operator","is_key_operator":false,"tooltip_title":"FortisBC Energy Inc.","tooltip_line1":"FortisBC Energy Inc.","tooltip_line2":"Transmission \u00b7 0.5 km","tooltip_line3":"Project 000003403 seg 3 \u00b7 Active","tooltip_line4":"Authority: ERAA \u00b7 BCER permitted","tooltip_line5":"Post-2016 permits only \u2014 layer is partial","tooltip_line6":""}},{"type":"Feature","geometry":{"type":"LineString","coordinates":[[-119.55576,49.52559],[-119.55604,49.52369],[-119.55465,49.52214]]},"properties":{"operator_group":"Other BC operator","is_key_operator":false,"tooltip_title":"FortisBC Energy Inc.","tooltip_line1":"FortisBC Energy Inc.","tooltip_line2":"Transmission \u00b7 0.4 km","tooltip_line3":"Project 000003403 seg 4 \u00b7 Active","tooltip_line4":"Authority: ERAA \u00b7 BCER permitted","tooltip_line5":"Post-2016 permits only \u2014 layer is partial","tooltip_line6":""}},{"type":"Feature","geometry":{"type":"LineString","coordinates":[[-119.55465,49.52214],[-119.5538,49.52117]]},"properties":{"operator_group":"Other BC operator","is_key_operator":false,"tooltip_title":"FortisBC Energy Inc.","tooltip_line1":"FortisBC Energy Inc.","tooltip_line2":"Transmission \u00b7 0.1 km","tooltip_line3":"Project 000003403 seg 5 \u00b7 Active","tooltip_line4":"Authority: ERAA \u00b7 BCER permitted","tooltip_line5":"Post-2016 permits only \u2014 layer is partial","tooltip_line6":""}},{"type":"Feature","geometry":{"type":"LineString","coordinates":[[-119.5538,49.52117],[-119.55323,49.52048],[-119.55459,49.51608],[-119.55597,49.51345],[-119.55839,49.50509]]},"properties":{"operator_group":"Other BC operator","is_key_operator":false,"tooltip_title":"FortisBC Energy Inc.","tooltip_line1":"FortisBC Energy Inc.","tooltip_line2":"Transmission \u00b7 1.9 km","tooltip_line3":"Project 000003403 seg 6 \u00b7 Active","tooltip_line4":"Authority: ERAA \u00b7 BCER permitted","tooltip_line5":"Post-2016 permits only \u2014 layer is partial","tooltip_line6":""}},{"type":"Feature","geometry":{"type":"LineString","coordinates":[[-119.55839,49.50509],[-119.56097,49.49602],[-119.56087,49.49261],[-119.5614,49.49003],[-119.55885,49.48764],[-119.55905,49.48139],[-119.56106,49.47981],[-119.5687,49.47671],[-119.5709,49.4768]]},"properties":{"operator_group":"Other BC operator","is_key_operator":false,"tooltip_title":"FortisBC Energy Inc.","tooltip_line1":"FortisBC Energy Inc.","tooltip_line2":"Transmission \u00b7 3.8 km","tooltip_line3":"Project 000003403 seg 7 \u00b7 Active","tooltip_line4":"Authority: ERAA \u00b7 BCER permitted","tooltip_line5":"Post-2016 permits only \u2014 layer is partial","tooltip_line6":""}},{"type":"Feature","geometry":{"type":"LineString","coordinates":[[-119.5709,49.4768],[-119.57358,49.47644]]},"properties":{"operator_group":"Other BC operator","is_key_operator":false,"tooltip_title":"FortisBC Energy Inc.","tooltip_line1":"FortisBC Energy Inc.","tooltip_line2":"Transmission \u00b7 0.2 km","tooltip_line3":"Project 000003403 seg 8 \u00b7 Active","tooltip_line4":"Authority: ERAA \u00b7 BCER permitted","tooltip_line5":"Post-2016 permits only \u2014 layer is partial","tooltip_line6":""}},{"type":"Feature","geometry":{"type":"LineString","coordinates":[[-119.57351,49.4765],[-119.57883,49.47562],[-119.58215,49.47564],[-119.59845,49.47294]]},"properties":{"operator_group":"Other BC operator","is_key_operator":false,"tooltip_title":"FortisBC Energy Inc.","tooltip_line1":"FortisBC Energy Inc.","tooltip_line2":"Transmission \u00b7 1.9 km","tooltip_line3":"Project 000003502 seg 1 \u00b7 Active","tooltip_line4":"Authority: ERAA \u00b7 BCER permitted","tooltip_line5":"Post-2016 permits only \u2014 layer is partial","tooltip_line6":""}},{"type":"Feature","geometry":{"type":"LineString","coordinates":[[-119.59845,49.47294],[-119.60269,49.47299],[-119.6068,49.47228],[-119.60998,49.47011],[-119.61458,49.46891],[-119.61696,49.46682],[-119.61769,49.46605],[-119.61787,49.46502],[-119.61764,49.46156],[-119.61449,49.45903],[-119.61448,49.458]]},"properties":{"operator_group":"Other BC operator","is_key_operator":false,"tooltip_title":"FortisBC Energy Inc.","tooltip_line1":"FortisBC Energy Inc.","tooltip_line2":"Transmission \u00b7 2.7 km","tooltip_line3":"Project 000003502 seg 2 \u00b7 Active","tooltip_line4":"Authority: ERAA \u00b7 BCER permitted","tooltip_line5":"Post-2016 permits only \u2014 layer is partial","tooltip_line6":""}},{"type":"Feature","geometry":{"type":"LineString","coordinates":[[-119.61448,49.458],[-119.61416,49.45598],[-119.61461,49.45391],[-119.61622,49.45127],[-119.61851,49.44904],[-119.61736,49.44605],[-119.61747,49.44391]]},"properties":{"operator_group":"Other BC operator","is_key_operator":false,"tooltip_title":"FortisBC Energy Inc.","tooltip_line1":"FortisBC Energy Inc.","tooltip_line2":"Transmission \u00b7 1.7 km","tooltip_line3":"Project 000003502 seg 3 \u00b7 Active","tooltip_line4":"Authority: ERAA \u00b7 BCER permitted","tooltip_line5":"Post-2016 permits only \u2014 layer is partial","tooltip_line6":""}},{"type":"Feature","geometry":{"type":"LineString","coordinates":[[-119.61747,49.44391],[-119.61966,49.44007],[-119.61844,49.43872],[-119.61828,49.4363],[-119.61723,49.43484],[-119.61705,49.43353],[-119.61525,49.4312],[-119.61499,49.42962],[-119.61184,49.42618],[-119.61265,49.42299],[-119.61227,49.42233],[-119.61105,49.42197],[-119.60992,49.42096],[-119.60917,49.41867],[-119.60665,49.41536],[-119.60837,49.41299]]},"properties":{"operator_group":"Other BC operator","is_key_operator":false,"tooltip_title":"FortisBC Energy Inc.","tooltip_line1":"FortisBC Energy Inc.","tooltip_line2":"Transmission \u00b7 3.9 km","tooltip_line3":"Project 000003502 seg 4 \u00b7 Active","tooltip_line4":"Authority: ERAA \u00b7 BCER permitted","tooltip_line5":"Post-2016 permits only \u2014 layer is partial","tooltip_line6":""}},{"type":"Feature","geometry":{"type":"LineString","coordinates":[[-119.60837,49.41299],[-119.60759,49.40097],[-119.6057,49.40075],[-119.60451,49.39989],[-119.60465,49.39414],[-119.6042,49.39163],[-119.60544,49.3897],[-119.60525,49.38931]]},"properties":{"operator_group":"Other BC operator","is_key_operator":false,"tooltip_title":"FortisBC Energy Inc.","tooltip_line1":"FortisBC Energy Inc.","tooltip_line2":"Transmission \u00b7 2.9 km","tooltip_line3":"Project 000003502 seg 5 \u00b7 Active","tooltip_line4":"Authority: ERAA \u00b7 BCER permitted","tooltip_line5":"Post-2016 permits only \u2014 layer is partial","tooltip_line6":""}},{"type":"Feature","geometry":{"type":"LineString","coordinates":[[-119.60525,49.38931],[-119.5958,49.37259],[-119.59196,49.35741],[-119.59203,49.35609],[-119.59312,49.35515],[-119.58964,49.35174],[-119.58479,49.33889]]},"properties":{"operator_group":"Other BC operator","is_key_operator":false,"tooltip_title":"FortisBC Energy Inc.","tooltip_line1":"FortisBC Energy Inc.","tooltip_line2":"Transmission \u00b7 6.0 km","tooltip_line3":"Project 000003502 seg 6 \u00b7 Active","tooltip_line4":"Authority: ERAA \u00b7 BCER permitted","tooltip_line5":"Post-2016 permits only \u2014 layer is partial","tooltip_line6":""}},{"type":"Feature","geometry":{"type":"LineString","coordinates":[[-119.58479,49.33889],[-119.58128,49.33552]]},"properties":{"operator_group":"Other BC operator","is_key_operator":false,"tooltip_title":"FortisBC Energy Inc.","tooltip_line1":"FortisBC Energy Inc.","tooltip_line2":"Transmission \u00b7 0.5 km","tooltip_line3":"Project 000003502 seg 7 \u00b7 Active","tooltip_line4":"Authority: ERAA \u00b7 BCER permitted","tooltip_line5":"Post-2016 permits only \u2014 layer is partial","tooltip_line6":""}},{"type":"Feature","geometry":{"type":"LineString","coordinates":[[-119.58128,49.33552],[-119.56718,49.32242],[-119.56239,49.31629],[-119.56297,49.31541],[-119.55382,49.31054],[-119.54706,49.30456],[-119.54425,49.30073],[-119.54192,49.29663],[-119.53994,49.28523],[-119.53679,49.27538],[-119.53669,49.26717],[-119.53351,49.26498],[-119.53258,49.26368],[-119.52943,49.26354],[-119.52671,49.25589],[-119.52731,49.24991],[-119.52648,49.24936]]},"properties":{"operator_group":"Other BC operator","is_key_operator":false,"tooltip_title":"FortisBC Energy Inc.","tooltip_line1":"FortisBC Energy Inc.","tooltip_line2":"Transmission \u00b7 11.1 km","tooltip_line3":"Project 000003502 seg 8 \u00b7 Active","tooltip_line4":"Authority: ERAA \u00b7 BCER permitted","tooltip_line5":"Post-2016 permits only \u2014 layer is partial","tooltip_line6":""}},{"type":"Feature","geometry":{"type":"LineString","coordinates":[[-119.52648,49.24936],[-119.52645,49.24747]]},"properties":{"operator_group":"Other BC operator","is_key_operator":false,"tooltip_title":"FortisBC Energy Inc.","tooltip_line1":"FortisBC Energy Inc.","tooltip_line2":"Transmission \u00b7 0.2 km","tooltip_line3":"Project 000003502 seg 9 \u00b7 Active","tooltip_line4":"Authority: ERAA \u00b7 BCER permitted","tooltip_line5":"Post-2016 permits only \u2014 layer is partial","tooltip_line6":""}},{"type":"Feature","geometry":{"type":"LineString","coordinates":[[-119.52649,49.24741],[-119.52653,49.23953],[-119.52528,49.23841],[-119.52591,49.23662]]},"properties":{"operator_group":"Other BC operator","is_key_operator":false,"tooltip_title":"FortisBC Energy Inc.","tooltip_line1":"FortisBC Energy Inc.","tooltip_line2":"Transmission \u00b7 1.2 km","tooltip_line3":"Project 000003506 seg 1 \u00b7 Active","tooltip_line4":"Authority: ERAA \u00b7 BCER permitted","tooltip_line5":"Post-2016 permits only \u2014 layer is partial","tooltip_line6":""}},{"type":"Feature","geometry":{"type":"LineString","coordinates":[[-119.52591,49.23662],[-119.53017,49.22442],[-119.52347,49.21986],[-119.5191,49.21832],[-119.50072,49.20236],[-119.49158,49.1985],[-119.45618,49.16283],[-119.44529,49.15633]]},"properties":{"operator_group":"Other BC operator","is_key_operator":false,"tooltip_title":"FortisBC Energy Inc.","tooltip_line1":"FortisBC Energy Inc.","tooltip_line2":"Transmission \u00b7 11.3 km","tooltip_line3":"Project 000003506 seg 2 \u00b7 Active","tooltip_line4":"Authority: ERAA \u00b7 BCER permitted","tooltip_line5":"Post-2016 permits only \u2014 layer is partial","tooltip_line6":""}},{"type":"Feature","geometry":{"type":"LineString","coordinates":[[-119.44529,49.15633],[-119.43887,49.15246],[-119.4371,49.14955],[-119.43386,49.14818],[-119.42048,49.14512]]},"properties":{"operator_group":"Other BC operator","is_key_operator":false,"tooltip_title":"FortisBC Energy Inc.","tooltip_line1":"FortisBC Energy Inc.","tooltip_line2":"Transmission \u00b7 2.3 km","tooltip_line3":"Project 000003506 seg 3 \u00b7 Active","tooltip_line4":"Authority: ERAA \u00b7 BCER permitted","tooltip_line5":"Post-2016 permits only \u2014 layer is partial","tooltip_line6":""}},{"type":"Feature","geometry":{"type":"LineString","coordinates":[[-119.42048,49.14512],[-119.40454,49.14125],[-119.39921,49.14234],[-119.39249,49.14186],[-119.38685,49.13963],[-119.38378,49.13592],[-119.38125,49.13401],[-119.3526,49.12839],[-119.34137,49.12429],[-119.27916,49.11012],[-119.26718,49.10885],[-119.20452,49.11175],[-119.18296,49.10702],[-119.17618,49.10594],[-119.16489,49.1033],[-119.14373,49.0928],[-119.13268,49.0858],[-119.12127,49.0803],[-119.11905,49.078],[-119.1131,49.07663],[-119.10333,49.07214],[-119.08862,49.06843],[-119.04684,49.06175],[-119.01754,49.055],[-119.0158,49.05407],[-119.00914,49.05478],[-119.00291,49.05238],[-118.99513,49.05082]]},"properties":{"operator_group":"Other BC operator","is_key_operator":false,"tooltip_title":"FortisBC Energy Inc.","tooltip_line1":"FortisBC Energy Inc.","tooltip_line2":"Transmission \u00b7 34.4 km","tooltip_line3":"Project 000003506 seg 4 \u00b7 Active","tooltip_line4":"Authority: ERAA \u00b7 BCER permitted","tooltip_line5":"Post-2016 permits only \u2014 layer is partial","tooltip_line6":""}},{"type":"Feature","geometry":{"type":"LineString","coordinates":[[-118.99513,49.05082],[-118.99287,49.05034],[-118.98914,49.04869],[-118.97893,49.04758],[-118.96603,49.04891],[-118.95861,49.05035],[-118.9539,49.0505]]},"properties":{"operator_group":"Other BC operator","is_key_operator":false,"tooltip_title":"FortisBC Energy Inc.","tooltip_line1":"FortisBC Energy Inc.","tooltip_line2":"Transmission \u00b7 3.2 km","tooltip_line3":"Project 000003506 seg 5 \u00b7 Active","tooltip_line4":"Authority: ERAA \u00b7 BCER permitted","tooltip_line5":"Post-2016 permits only \u2014 layer is partial","tooltip_line6":""}},{"type":"Feature","geometry":{"type":"LineString","coordinates":[[-118.9539,49.0505],[-118.94157,49.05071]]},"properties":{"operator_group":"Other BC operator","is_key_operator":false,"tooltip_title":"FortisBC Energy Inc.","tooltip_line1":"FortisBC Energy Inc.","tooltip_line2":"Transmission \u00b7 0.9 km","tooltip_line3":"Project 000003506 seg 6 \u00b7 Active","tooltip_line4":"Authority: ERAA \u00b7 BCER permitted","tooltip_line5":"Post-2016 permits only \u2014 layer is partial","tooltip_line6":""}},{"type":"Feature","geometry":{"type":"LineString","coordinates":[[-118.94157,49.05071],[-118.93929,49.05186],[-118.93845,49.05314],[-118.92641,49.05294],[-118.9166,49.05056],[-118.90103,49.04819],[-118.89029,49.04489],[-118.88399,49.04389],[-118.87691,49.04363]]},"properties":{"operator_group":"Other BC operator","is_key_operator":false,"tooltip_title":"FortisBC Energy Inc.","tooltip_line1":"FortisBC Energy Inc.","tooltip_line2":"Transmission \u00b7 5.1 km","tooltip_line3":"Project 000003506 seg 7 \u00b7 Active","tooltip_line4":"Authority: ERAA \u00b7 BCER permitted","tooltip_line5":"Post-2016 permits only \u2014 layer is partial","tooltip_line6":""}},{"type":"Feature","geometry":{"type":"LineString","coordinates":[[-118.87691,49.04363],[-118.87364,49.04321],[-118.86077,49.03454],[-118.85814,49.03044],[-118.85472,49.0229],[-118.8534,49.02208],[-118.85167,49.01944],[-118.84966,49.01791],[-118.84801,49.01672],[-118.84394,49.01546],[-118.83536,49.01356]]},"properties":{"operator_group":"Other BC operator","is_key_operator":false,"tooltip_title":"FortisBC Energy Inc.","tooltip_line1":"FortisBC Energy Inc.","tooltip_line2":"Transmission \u00b7 4.9 km","tooltip_line3":"Project 000003506 seg 8 \u00b7 Active","tooltip_line4":"Authority: ERAA \u00b7 BCER permitted","tooltip_line5":"Post-2016 permits only \u2014 layer is partial","tooltip_line6":""}},{"type":"Feature","geometry":{"type":"LineString","coordinates":[[-118.83536,49.01356],[-118.83271,49.01335],[-118.83018,49.01433]]},"properties":{"operator_group":"Other BC operator","is_key_operator":false,"tooltip_title":"FortisBC Energy Inc.","tooltip_line1":"FortisBC Energy Inc.","tooltip_line2":"Transmission \u00b7 0.4 km","tooltip_line3":"Project 000003506 seg 9 \u00b7 Active","tooltip_line4":"Authority: ERAA \u00b7 BCER permitted","tooltip_line5":"Post-2016 permits only \u2014 layer is partial","tooltip_line6":""}},{"type":"Feature","geometry":{"type":"LineString","coordinates":[[-118.83018,49.01433],[-118.82293,49.01453]]},"properties":{"operator_group":"Other BC operator","is_key_operator":false,"tooltip_title":"FortisBC Energy Inc.","tooltip_line1":"FortisBC Energy Inc.","tooltip_line2":"Transmission \u00b7 0.5 km","tooltip_line3":"Project 000003506 seg 10 \u00b7 Active","tooltip_line4":"Authority: ERAA \u00b7 BCER permitted","tooltip_line5":"Post-2016 permits only \u2014 layer is partial","tooltip_line6":""}},{"type":"Feature","geometry":{"type":"LineString","coordinates":[[-118.82293,49.01453],[-118.80713,49.01625],[-118.80208,49.01628]]},"properties":{"operator_group":"Other BC operator","is_key_operator":false,"tooltip_title":"FortisBC Energy Inc.","tooltip_line1":"FortisBC Energy Inc.","tooltip_line2":"Transmission \u00b7 1.6 km","tooltip_line3":"Project 000003546 seg 1 \u00b7 Active","tooltip_line4":"Authority: ERAA \u00b7 BCER permitted","tooltip_line5":"Post-2016 permits only \u2014 layer is partial","tooltip_line6":""}},{"type":"Feature","geometry":{"type":"LineString","coordinates":[[-118.80208,49.01628],[-118.78588,49.01503],[-118.77451,49.01255]]},"properties":{"operator_group":"Other BC operator","is_key_operator":false,"tooltip_title":"FortisBC Energy Inc.","tooltip_line1":"FortisBC Energy Inc.","tooltip_line2":"Transmission \u00b7 2.1 km","tooltip_line3":"Project 000003546 seg 2 \u00b7 Active","tooltip_line4":"Authority: ERAA \u00b7 BCER permitted","tooltip_line5":"Post-2016 permits only \u2014 layer is partial","tooltip_line6":""}},{"type":"Feature","geometry":{"type":"LineString","coordinates":[[-118.77451,49.01255],[-118.75932,49.00919],[-118.75803,49.0094],[-118.75194,49.01464],[-118.74858,49.01383],[-118.74077,49.01533],[-118.72874,49.0163],[-118.71697,49.01964],[-118.70502,49.02453],[-118.70119,49.0251],[-118.69938,49.02761],[-118.69607,49.02899],[-118.69077,49.03017],[-118.68365,49.03322],[-118.66705,49.03602],[-118.64838,49.03558],[-118.62036,49.03673],[-118.61772,49.03661],[-118.60928,49.03161],[-118.60193,49.03003],[-118.59281,49.02896],[-118.57268,49.02409],[-118.56693,49.01894],[-118.54027,49.00934],[-118.53865,49.00924],[-118.53565,49.00619],[-118.53275,49.00567],[-118.53065,49.00601],[-118.52971,49.00662]]},"properties":{"operator_group":"Other BC operator","is_key_operator":false,"tooltip_title":"FortisBC Energy Inc.","tooltip_line1":"FortisBC Energy Inc.","tooltip_line2":"Transmission \u00b7 20.5 km","tooltip_line3":"Project 000003546 seg 3 \u00b7 Active","tooltip_line4":"Authority: ERAA \u00b7 BCER permitted","tooltip_line5":"Post-2016 permits only \u2014 layer is partial","tooltip_line6":""}},{"type":"Feature","geometry":{"type":"LineString","coordinates":[[-118.52971,49.00662],[-118.52755,49.00752],[-118.52561,49.0067],[-118.52366,49.00722]]},"properties":{"operator_group":"Other BC operator","is_key_operator":false,"tooltip_title":"FortisBC Energy Inc.","tooltip_line1":"FortisBC Energy Inc.","tooltip_line2":"Transmission \u00b7 0.5 km","tooltip_line3":"Project 000003546 seg 4 \u00b7 Active","tooltip_line4":"Authority: ERAA \u00b7 BCER permitted","tooltip_line5":"Post-2016 permits only \u2014 layer is partial","tooltip_line6":""}},{"type":"Feature","geometry":{"type":"LineString","coordinates":[[-118.52366,49.00722],[-118.50424,49.00745],[-118.50163,49.0058],[-118.49301,49.00667],[-118.49026,49.00785],[-118.48007,49.00933]]},"properties":{"operator_group":"Other BC operator","is_key_operator":false,"tooltip_title":"FortisBC Energy Inc.","tooltip_line1":"FortisBC Energy Inc.","tooltip_line2":"Transmission \u00b7 3.3 km","tooltip_line3":"Project 000003546 seg 5 \u00b7 Active","tooltip_line4":"Authority: ERAA \u00b7 BCER permitted","tooltip_line5":"Post-2016 permits only \u2014 layer is partial","tooltip_line6":""}},{"type":"Feature","geometry":{"type":"LineString","coordinates":[[-118.48007,49.00933],[-118.47454,49.0101],[-118.46648,49.00958],[-118.46106,49.01074],[-118.45658,49.01097],[-118.45548,49.00978],[-118.44241,49.01205]]},"properties":{"operator_group":"Other BC operator","is_key_operator":false,"tooltip_title":"FortisBC Energy Inc.","tooltip_line1":"FortisBC Energy Inc.","tooltip_line2":"Transmission \u00b7 2.9 km","tooltip_line3":"Project 000003546 seg 6 \u00b7 Active","tooltip_line4":"Authority: ERAA \u00b7 BCER permitted","tooltip_line5":"Post-2016 permits only \u2014 layer is partial","tooltip_line6":""}},{"type":"Feature","geometry":{"type":"LineString","coordinates":[[-122.40792,52.84038],[-122.40799,52.84038]]},"properties":{"operator_group":"Other BC operator","is_key_operator":false,"tooltip_title":"FortisBC Energy Inc.","tooltip_line1":"FortisBC Energy Inc.","tooltip_line2":"Transmission \u00b7 0.0 km","tooltip_line3":"Project 000003583 seg 6 \u00b7 Active","tooltip_line4":"Authority: ERAA \u00b7 BCER permitted","tooltip_line5":"Post-2016 permits only \u2014 layer is partial","tooltip_line6":""}},{"type":"Feature","geometry":{"type":"LineString","coordinates":[[-122.07845,52.17848],[-122.07177,52.17783]]},"properties":{"operator_group":"Other BC operator","is_key_operator":false,"tooltip_title":"FortisBC Energy Inc.","tooltip_line1":"FortisBC Energy Inc.","tooltip_line2":"Transmission \u00b7 0.5 km","tooltip_line3":"Project 000003591 seg 1 \u00b7 Active","tooltip_line4":"Authority: ERAA \u00b7 BCER permitted","tooltip_line5":"Post-2016 permits only \u2014 layer is partial","tooltip_line6":""}},{"type":"Feature","geometry":{"type":"LineString","coordinates":[[-121.99435,55.60061],[-121.99428,55.60061]]},"properties":{"operator_group":"Other BC operator","is_key_operator":false,"tooltip_title":"FortisBC Energy Inc.","tooltip_line1":"FortisBC Energy Inc.","tooltip_line2":"Transmission \u00b7 0.0 km","tooltip_line3":"Project 000003592 seg 1 \u00b7 Active","tooltip_line4":"Authority: ERAA \u00b7 BCER permitted","tooltip_line5":"Post-2016 permits only \u2014 layer is partial","tooltip_line6":""}},{"type":"Feature","geometry":{"type":"LineString","coordinates":[[-130.29024,54.23961],[-130.29024,54.2396]]},"properties":{"operator_group":"Other BC operator","is_key_operator":false,"tooltip_title":"Pacific Northern Gas Ltd.","tooltip_line1":"Pacific Northern Gas Ltd.","tooltip_line2":"Transmission \u00b7 0.0 km","tooltip_line3":"Project 000003597 seg 3 \u00b7 Active","tooltip_line4":"Authority: ERAA \u00b7 BCER permitted","tooltip_line5":"Post-2016 permits only \u2014 layer is partial","tooltip_line6":""}},{"type":"Feature","geometry":{"type":"LineString","coordinates":[[-130.30233,54.24238],[-130.29447,54.24383],[-130.29249,54.24291],[-130.29178,54.24081],[-130.29024,54.23961]]},"properties":{"operator_group":"Other BC operator","is_key_operator":false,"tooltip_title":"Pacific Northern Gas Ltd.","tooltip_line1":"Pacific Northern Gas Ltd.","tooltip_line2":"Transmission \u00b7 1.1 km","tooltip_line3":"Project 000003597 seg 24 \u00b7 Active","tooltip_line4":"Authority: ERAA \u00b7 BCER permitted","tooltip_line5":"Post-2016 permits only \u2014 layer is partial","tooltip_line6":""}},{"type":"Feature","geometry":{"type":"LineString","coordinates":[[-130.29024,54.2396],[-130.29024,54.23961]]},"properties":{"operator_group":"Other BC operator","is_key_operator":false,"tooltip_title":"Pacific Northern Gas Ltd.","tooltip_line1":"Pacific Northern Gas Ltd.","tooltip_line2":"Transmission \u00b7 0.0 km","tooltip_line3":"Project 000003597 seg 25 \u00b7 Active","tooltip_line4":"Authority: ERAA \u00b7 BCER permitted","tooltip_line5":"Post-2016 permits only \u2014 layer is partial","tooltip_line6":""}},{"type":"Feature","geometry":{"type":"LineString","coordinates":[[-130.29045,54.23952],[-130.28993,54.23798],[-130.29102,54.23655]]},"properties":{"operator_group":"Other BC operator","is_key_operator":false,"tooltip_title":"Pacific Northern Gas Ltd.","tooltip_line1":"Pacific Northern Gas Ltd.","tooltip_line2":"Transmission \u00b7 0.4 km","tooltip_line3":"Project 000003597 seg 26 \u00b7 Active","tooltip_line4":"Authority: ERAA \u00b7 BCER permitted","tooltip_line5":"Post-2016 permits only \u2014 layer is partial","tooltip_line6":""}},{"type":"Feature","geometry":{"type":"LineString","coordinates":[[-130.29103,54.23655],[-130.29269,54.23611]]},"properties":{"operator_group":"Other BC operator","is_key_operator":false,"tooltip_title":"Pacific Northern Gas Ltd.","tooltip_line1":"Pacific Northern Gas Ltd.","tooltip_line2":"Transmission \u00b7 0.2 km","tooltip_line3":"Project 000003597 seg 27 \u00b7 Active","tooltip_line4":"Authority: ERAA \u00b7 BCER permitted","tooltip_line5":"Post-2016 permits only \u2014 layer is partial","tooltip_line6":""}},{"type":"Feature","geometry":{"type":"LineString","coordinates":[[-130.32955,54.22351],[-130.32633,54.21877]]},"properties":{"operator_group":"Other BC operator","is_key_operator":false,"tooltip_title":"Pacific Northern Gas Ltd.","tooltip_line1":"Pacific Northern Gas Ltd.","tooltip_line2":"Transmission \u00b7 0.6 km","tooltip_line3":"Project 000003597 seg 28 \u00b7 Active","tooltip_line4":"Authority: ERAA \u00b7 BCER permitted","tooltip_line5":"Post-2016 permits only \u2014 layer is partial","tooltip_line6":""}},{"type":"Feature","geometry":{"type":"LineString","coordinates":[[-122.81016,49.31513],[-122.8095,49.31654],[-122.80413,49.31841]]},"properties":{"operator_group":"Other BC operator","is_key_operator":false,"tooltip_title":"FortisBC Energy Inc.","tooltip_line1":"FortisBC Energy Inc.","tooltip_line2":"Transmission \u00b7 0.6 km","tooltip_line3":"Project 000003655 seg 1 \u00b7 Active","tooltip_line4":"Authority: ERAA \u00b7 BCER permitted","tooltip_line5":"Post-2016 permits only \u2014 layer is partial","tooltip_line6":""}},{"type":"Feature","geometry":{"type":"LineString","coordinates":[[-122.80413,49.31841],[-122.80189,49.31941],[-122.79824,49.32322],[-122.79332,49.32438]]},"properties":{"operator_group":"Other BC operator","is_key_operator":false,"tooltip_title":"FortisBC Energy Inc.","tooltip_line1":"FortisBC Energy Inc.","tooltip_line2":"Transmission \u00b7 1.1 km","tooltip_line3":"Project 000003655 seg 2 \u00b7 Active","tooltip_line4":"Authority: ERAA \u00b7 BCER permitted","tooltip_line5":"Post-2016 permits only \u2014 layer is partial","tooltip_line6":""}},{"type":"Feature","geometry":{"type":"LineString","coordinates":[[-122.79332,49.32438],[-122.78412,49.33371],[-122.7826,49.33829],[-122.78287,49.34276],[-122.78134,49.34377],[-122.78237,49.34669],[-122.77985,49.34857],[-122.78,49.34933],[-122.77712,49.35136],[-122.77675,49.352],[-122.77799,49.35281],[-122.77786,49.35322],[-122.77464,49.35474],[-122.77525,49.35574],[-122.77755,49.35537],[-122.77881,49.35604],[-122.78102,49.36178],[-122.78333,49.36439],[-122.78287,49.36731],[-122.78123,49.36928],[-122.77893,49.37098],[-122.77746,49.37902],[-122.77674,49.38038],[-122.77683,49.38128],[-122.78055,49.38315],[-122.78068,49.38502],[-122.78129,49.38579],[-122.78075,49.38687],[-122.7809,49.38788],[-122.77956,49.38883],[-122.77981,49.38966],[-122.78153,49.3903],[-122.78488,49.38968],[-122.78926,49.3913],[-122.7903,49.39297],[-122.78849,49.39511],[-122.78139,49.39982],[-122.7804,49.40142],[-122.77908,49.40181],[-122.77876,49.40292],[-122.76646,49.41235],[-122.76399,49.41583],[-122.76061,49.41813],[-122.76025,49.41936],[-122.75471,49.42366],[-122.75502,49.42434],[-122.75444,49.42538],[-122.75546,49.42825],[-122.75614,49.42879],[-122.75606,49.42955],[-122.75722,49.43101],[-122.75717,49.4351],[-122.75767,49.43698],[-122.75885,49.43848],[-122.76047,49.43929],[-122.75999,49.44084],[-122.76264,49.44218],[-122.76295,49.44435],[-122.76367,49.44526],[-122.76344,49.44711],[-122.76482,49.44863],[-122.76429,49.44961],[-122.76187,49.45068],[-122.7625,49.45162],[-122.76255,49.45345],[-122.75865,49.45504],[-122.75665,49.45523],[-122.75512,49.4562],[-122.75375,49.45827],[-122.75345,49.46073],[-122.75557,49.46318],[-122.75543,49.4645],[-122.75664,49.46536],[-122.75722,49.4652],[-122.75743,49.46406],[-122.75915,49.46294],[-122.75962,49.46187],[-122.76069,49.46185],[-122.76155,49.46364],[-122.76863,49.46832],[-122.76853,49.46978],[-122.77646,49.47105],[-122.78056,49.4723],[-122.78124,49.47342],[-122.78418,49.47587],[-122.7851,49.47759],[-122.78999,49.48313],[-122.79176,49.48394],[-122.79328,49.48558],[-122.79458,49.48625],[-122.7948,49.48827],[-122.79605,49.48919],[-122.79614,49.49043],[-122.79716,49.49193],[-122.79606,49.49338],[-122.79717,49.496],[-122.79613,49.49705],[-122.7954,49.49927],[-122.79605,49.50422],[-122.7973,49.50676],[-122.79509,49.50923],[-122.79523,49.51037],[-122.79467,49.511],[-122.79659,49.51077],[-122.7994,49.50861],[-122.80441,49.50942],[-122.80795,49.51191],[-122.81056,49.51277],[-122.81327,49.51469],[-122.81462,49.51512],[-122.81492,49.51594],[-122.81777,49.5183],[-122.82023,49.51945]]},"properties":{"operator_group":"Other BC operator","is_key_operator":false,"tooltip_title":"FortisBC Energy Inc.","tooltip_line1":"FortisBC Energy Inc.","tooltip_line2":"Transmission \u00b7 29.8 km","tooltip_line3":"Project 000003655 seg 3 \u00b7 Active","tooltip_line4":"Authority: ERAA \u00b7 BCER permitted","tooltip_line5":"Post-2016 permits only \u2014 layer is partial","tooltip_line6":""}},{"type":"Feature","geometry":{"type":"LineString","coordinates":[[-122.80992,49.31541],[-122.80917,49.31653],[-122.80221,49.31896],[-122.79804,49.3232],[-122.79339,49.32427],[-122.78419,49.33384]]},"properties":{"operator_group":"Other BC operator","is_key_operator":false,"tooltip_title":"FortisBC Energy Inc.","tooltip_line1":"FortisBC Energy Inc.","tooltip_line2":"Transmission \u00b7 2.9 km","tooltip_line3":"Project 000003655 seg 4 \u00b7 Active","tooltip_line4":"Authority: ERAA \u00b7 BCER permitted","tooltip_line5":"Post-2016 permits only \u2014 layer is partial","tooltip_line6":""}},{"type":"Feature","geometry":{"type":"LineString","coordinates":[[-122.82025,49.51941],[-122.82594,49.52234],[-122.82807,49.52278],[-122.83256,49.52297],[-122.83592,49.52395],[-122.83996,49.52432],[-122.85037,49.52414],[-122.86735,49.52016],[-122.87131,49.51878],[-122.87391,49.51879],[-122.88579,49.51443],[-122.88668,49.5151],[-122.88709,49.5173],[-122.88666,49.5196],[-122.88799,49.52099],[-122.88844,49.52375],[-122.89339,49.52859],[-122.89697,49.52935],[-122.89798,49.52861],[-122.89986,49.52863],[-122.90124,49.52731],[-122.90576,49.52732],[-122.91219,49.53713],[-122.91286,49.5388],[-122.91258,49.54027],[-122.91528,49.54354],[-122.91547,49.5448],[-122.91851,49.54687],[-122.92144,49.5506],[-122.92411,49.55141],[-122.92623,49.55398],[-122.92783,49.55442],[-122.93075,49.55726],[-122.9392,49.56292],[-122.94426,49.56842],[-122.94607,49.56981],[-122.94743,49.57291],[-122.94979,49.57443],[-122.95464,49.58319],[-122.95791,49.58539],[-122.95847,49.58664],[-122.96208,49.59003],[-122.96976,49.59555],[-122.97173,49.59752],[-122.98142,49.60399],[-122.98204,49.60517],[-122.98364,49.60568],[-122.98663,49.60856],[-122.99927,49.61766],[-123.00011,49.61863],[-123.00134,49.6224],[-123.00217,49.62345],[-123.01224,49.63007],[-123.01342,49.6315],[-123.01303,49.63342],[-123.01513,49.63613],[-123.02047,49.63932],[-123.02336,49.64047],[-123.02725,49.64116],[-123.03041,49.64232],[-123.03403,49.64219],[-123.03613,49.64295],[-123.03684,49.644],[-123.04003,49.64629],[-123.04239,49.65252],[-123.04826,49.65521],[-123.0536,49.66196],[-123.06456,49.66591],[-123.07319,49.67235],[-123.0773,49.67692],[-123.08181,49.68087],[-123.08113,49.68218],[-123.08309,49.68481],[-123.08481,49.69023],[-123.08743,49.69256],[-123.08745,49.69344],[-123.09135,49.69602],[-123.09327,49.69792],[-123.10134,49.70311],[-123.10271,49.70344],[-123.10316,49.70532],[-123.10483,49.70624]]},"properties":{"operator_group":"Other BC operator","is_key_operator":false,"tooltip_title":"FortisBC Energy Inc.","tooltip_line1":"FortisBC Energy Inc.","tooltip_line2":"Transmission \u00b7 36.3 km","tooltip_line3":"Project 000003770 seg 1 \u00b7 Active","tooltip_line4":"Authority: ERAA \u00b7 BCER permitted","tooltip_line5":"Post-2016 permits only \u2014 layer is partial","tooltip_line6":""}},{"type":"Feature","geometry":{"type":"LineString","coordinates":[[-123.13076,49.71604],[-123.13264,49.71652],[-123.13298,49.71816],[-123.15469,49.71818],[-123.15522,49.71724],[-123.15733,49.71575],[-123.15849,49.71578],[-123.15929,49.71663]]},"properties":{"operator_group":"Other BC operator","is_key_operator":false,"tooltip_title":"FortisBC Energy Inc.","tooltip_line1":"FortisBC Energy Inc.","tooltip_line2":"Transmission \u00b7 2.6 km","tooltip_line3":"Project 000003770 seg 2 \u00b7 Active","tooltip_line4":"Authority: ERAA \u00b7 BCER permitted","tooltip_line5":"Post-2016 permits only \u2014 layer is partial","tooltip_line6":""}},{"type":"Feature","geometry":{"type":"LineString","coordinates":[[-123.15929,49.71663],[-123.16355,49.7201],[-123.16716,49.72005],[-123.17317,49.71877],[-123.17591,49.71523],[-123.17755,49.71473],[-123.17915,49.71269],[-123.18081,49.70785],[-123.17967,49.70579],[-123.17991,49.70524],[-123.18097,49.70475],[-123.18342,49.70495],[-123.18981,49.70012],[-123.19328,49.69812],[-123.19596,49.69742],[-123.19686,49.69541],[-123.19916,49.69279],[-123.1988,49.69127],[-123.20047,49.68959],[-123.20438,49.68944],[-123.20625,49.69057],[-123.2095,49.68905],[-123.21117,49.68914],[-123.21493,49.68824],[-123.21748,49.68638],[-123.21979,49.68638],[-123.22774,49.68311],[-123.2326,49.67937],[-123.23481,49.67828],[-123.23753,49.67786],[-123.23833,49.67664],[-123.24052,49.67573],[-123.2434,49.6728],[-123.24864,49.67097],[-123.24908,49.67036],[-123.25435,49.67188],[-123.2564,49.67111],[-123.25878,49.67092],[-123.25973,49.67042],[-123.26173,49.66681],[-123.26827,49.6645],[-123.27875,49.66782],[-123.28191,49.66807],[-123.28431,49.66885],[-123.28982,49.66947],[-123.29415,49.66871],[-123.30266,49.67087],[-123.30503,49.66979],[-123.30798,49.67054],[-123.30687,49.66812],[-123.30967,49.66693],[-123.31604,49.66854],[-123.3173,49.66938],[-123.32163,49.66926],[-123.32468,49.67026],[-123.33012,49.66841],[-123.33167,49.66748],[-123.33286,49.666],[-123.33741,49.66514],[-123.34056,49.66592],[-123.34411,49.66769],[-123.34715,49.66787],[-123.34972,49.66948],[-123.35383,49.66805],[-123.35463,49.66601],[-123.35655,49.66441],[-123.35951,49.66429],[-123.36159,49.66365],[-123.36441,49.66428],[-123.3681,49.66329],[-123.37886,49.66458],[-123.38466,49.66427],[-123.39722,49.66506],[-123.39982,49.66409],[-123.4032,49.66498],[-123.4088,49.6646],[-123.41021,49.66496],[-123.41157,49.66618],[-123.41669,49.6669],[-123.42548,49.66494],[-123.42606,49.66382],[-123.42829,49.66262],[-123.43056,49.65959],[-123.43088,49.65646],[-123.43171,49.65461],[-123.43118,49.65097],[-123.43153,49.64575],[-123.43221,49.64458],[-123.43198,49.64248],[-123.43009,49.63995],[-123.43022,49.63832],[-123.42809,49.63421],[-123.42639,49.63286],[-123.42639,49.62944],[-123.42177,49.62528],[-123.42132,49.62355],[-123.42151,49.62222],[-123.41655,49.61714],[-123.41378,49.61153],[-123.41418,49.60785],[-123.4135,49.60633],[-123.41467,49.60393],[-123.41418,49.59951],[-123.41464,49.5983],[-123.41305,49.59409],[-123.41361,49.58961],[-123.41331,49.58543],[-123.41377,49.58357],[-123.41455,49.583],[-123.41637,49.58286],[-123.42785,49.58601],[-123.43161,49.5863],[-123.43312,49.58591],[-123.43531,49.58724],[-123.45238,49.58331],[-123.45638,49.5828],[-123.46107,49.58307],[-123.46583,49.58122],[-123.46745,49.57958],[-123.4681,49.57779],[-123.47038,49.57551],[-123.47322,49.57391],[-123.47697,49.573],[-123.48103,49.57379],[-123.48421,49.57579],[-123.48789,49.57714],[-123.49422,49.58171],[-123.49633,49.58238],[-123.49765,49.58356],[-123.50399,49.58001],[-123.50571,49.57848],[-123.50548,49.57721],[-123.5059,49.57633],[-123.50853,49.57359],[-123.50831,49.57188],[-123.50725,49.57044],[-123.50756,49.56892],[-123.5093,49.5678],[-123.5091,49.56544],[-123.50708,49.56187],[-123.50738,49.56047],[-123.50537,49.55781],[-123.50471,49.55547],[-123.50349,49.55467],[-123.50287,49.55297],[-123.50135,49.55166],[-123.49787,49.55005],[-123.49712,49.5485],[-123.49427,49.54623],[-123.49112,49.54484],[-123.49105,49.54355],[-123.49029,49.54232],[-123.48863,49.54142],[-123.48655,49.53938],[-123.48373,49.5346],[-123.48456,49.53364],[-123.48727,49.5321],[-123.48767,49.53042],[-123.48949,49.52876],[-123.49291,49.52793],[-123.49844,49.52339],[-123.50076,49.519],[-123.49984,49.51719],[-123.49995,49.51478],[-123.49894,49.51334],[-123.49881,49.51094],[-123.5009,49.50933],[-123.5031,49.50899],[-123.5048,49.50809],[-123.50494,49.5039],[-123.50611,49.50261],[-123.5068,49.50265],[-123.50756,49.50358],[-123.51105,49.50294],[-123.51413,49.50354],[-123.52009,49.50326],[-123.52237,49.50276],[-123.52527,49.50097],[-123.52648,49.50117],[-123.53378,49.49951],[-123.54216,49.49459],[-123.55918,49.4919],[-123.56253,49.49237],[-123.56538,49.49215],[-123.56901,49.4931],[-123.57155,49.49315],[-123.57314,49.4938],[-123.57693,49.49398],[-123.58264,49.49259],[-123.59096,49.48893],[-123.60089,49.48583],[-123.62675,49.48585],[-123.63144,49.48603],[-123.63998,49.48726],[-123.64612,49.48647],[-123.65109,49.4886],[-123.65517,49.48862],[-123.65831,49.48785],[-123.66138,49.48804],[-123.66368,49.48724],[-123.66666,49.48471],[-123.671,49.48507],[-123.67701,49.47968],[-123.67889,49.47881],[-123.68434,49.47783],[-123.68937,49.47631],[-123.70859,49.47274],[-123.71947,49.47201],[-123.72642,49.46985],[-123.72964,49.47011],[-123.74154,49.47475]]},"properties":{"operator_group":"Other BC operator","is_key_operator":false,"tooltip_title":"FortisBC Energy Inc.","tooltip_line1":"FortisBC Energy Inc.","tooltip_line2":"Transmission \u00b7 10.3 km","tooltip_line3":"Project 000003770 seg 3 \u00b7 Active","tooltip_line4":"Authority: ERAA \u00b7 BCER permitted","tooltip_line5":"Post-2016 permits only \u2014 layer is partial","tooltip_line6":""}},{"type":"Feature","geometry":{"type":"LineString","coordinates":[[-123.74154,49.47475],[-123.74808,49.47728],[-123.76383,49.4773],[-123.80563,49.48497]]},"properties":{"operator_group":"Other BC operator","is_key_operator":false,"tooltip_title":"FortisBC Energy Inc.","tooltip_line1":"FortisBC Energy Inc.","tooltip_line2":"Transmission \u00b7 4.9 km","tooltip_line3":"Project 000003770 seg 4 \u00b7 Active","tooltip_line4":"Authority: ERAA \u00b7 BCER permitted","tooltip_line5":"Post-2016 permits only \u2014 layer is partial","tooltip_line6":""}},{"type":"Feature","geometry":{"type":"LineString","coordinates":[[-123.80563,49.48497],[-123.82004,49.49038],[-123.82237,49.49299],[-123.82568,49.49431],[-123.84073,49.49787],[-123.84976,49.50221],[-123.852,49.50245],[-123.85549,49.50423],[-123.8614,49.50583],[-123.864,49.506],[-123.86953,49.50794],[-123.87652,49.51196],[-123.87853,49.51247],[-123.8798,49.51397],[-123.89184,49.52152],[-123.89327,49.52181],[-123.89406,49.52298],[-123.8969,49.52424],[-123.89856,49.52579],[-123.90665,49.5309],[-123.91757,49.53377],[-123.91893,49.5337],[-123.92079,49.53483],[-123.92586,49.5351],[-123.93151,49.53611],[-123.9344,49.53733],[-123.94843,49.5402],[-123.96783,49.54528],[-123.97108,49.54476],[-123.97452,49.54494],[-123.9785,49.54631],[-123.97959,49.54544],[-123.98182,49.54514]]},"properties":{"operator_group":"Other BC operator","is_key_operator":false,"tooltip_title":"FortisBC Energy Inc.","tooltip_line1":"FortisBC Energy Inc.","tooltip_line2":"Transmission \u00b7 15.2 km","tooltip_line3":"Project 000003770 seg 5 \u00b7 Active","tooltip_line4":"Authority: ERAA \u00b7 BCER permitted","tooltip_line5":"Post-2016 permits only \u2014 layer is partial","tooltip_line6":""}},{"type":"Feature","geometry":{"type":"LineString","coordinates":[[-123.10483,49.70624],[-123.1165,49.70847],[-123.11727,49.71064],[-123.12891,49.715]]},"properties":{"operator_group":"Other BC operator","is_key_operator":false,"tooltip_title":"FortisBC Energy Inc.","tooltip_line1":"FortisBC Energy Inc.","tooltip_line2":"Transmission \u00b7 2.1 km","tooltip_line3":"Project 000003770 seg 10 \u00b7 Active","tooltip_line4":"Authority: ERAA \u00b7 BCER permitted","tooltip_line5":"Post-2016 permits only \u2014 layer is partial","tooltip_line6":""}},{"type":"Feature","geometry":{"type":"LineString","coordinates":[[-123.12891,49.715],[-123.13076,49.71604]]},"properties":{"operator_group":"Other BC operator","is_key_operator":false,"tooltip_title":"FortisBC Energy Inc.","tooltip_line1":"FortisBC Energy Inc.","tooltip_line2":"Transmission \u00b7 0.2 km","tooltip_line3":"Project 000003770 seg 11 \u00b7 Active","tooltip_line4":"Authority: ERAA \u00b7 BCER permitted","tooltip_line5":"Post-2016 permits only \u2014 layer is partial","tooltip_line6":""}},{"type":"Feature","geometry":{"type":"LineString","coordinates":[[-123.1062,49.70652],[-123.10452,49.70913],[-123.10482,49.70928],[-123.11259,49.70849],[-123.11507,49.70884],[-123.1172,49.71069],[-123.12258,49.71269]]},"properties":{"operator_group":"Other BC operator","is_key_operator":false,"tooltip_title":"FortisBC Energy Inc.","tooltip_line1":"FortisBC Energy Inc.","tooltip_line2":"Transmission \u00b7 1.8 km","tooltip_line3":"Project 000003770 seg 12 \u00b7 New","tooltip_line4":"Authority: ERAA \u00b7 BCER permitted","tooltip_line5":"Post-2016 permits only \u2014 layer is partial","tooltip_line6":""}},{"type":"Feature","geometry":{"type":"LineString","coordinates":[[-114.88902,49.79248],[-114.88795,49.79272]]},"properties":{"operator_group":"Other BC operator","is_key_operator":false,"tooltip_title":"FortisBC Energy Inc.","tooltip_line1":"FortisBC Energy Inc.","tooltip_line2":"Transmission \u00b7 0.1 km","tooltip_line3":"Project 000003787 seg 1 \u00b7 Active","tooltip_line4":"Authority: ERAA \u00b7 BCER permitted","tooltip_line5":"Post-2016 permits only \u2014 layer is partial","tooltip_line6":""}},{"type":"Feature","geometry":{"type":"LineString","coordinates":[[-122.59839,53.43117],[-122.59839,53.43112]]},"properties":{"operator_group":"Other BC operator","is_key_operator":false,"tooltip_title":"FortisBC Energy Inc.","tooltip_line1":"FortisBC Energy Inc.","tooltip_line2":"Transmission \u00b7 0.0 km","tooltip_line3":"Project 000003792 seg 1 \u00b7 Active","tooltip_line4":"Authority: ERAA \u00b7 BCER permitted","tooltip_line5":"Post-2016 permits only \u2014 layer is partial","tooltip_line6":""}},{"type":"Feature","geometry":{"type":"LineString","coordinates":[[-122.61673,54.28848],[-122.61673,54.28852]]},"properties":{"operator_group":"Other BC operator","is_key_operator":false,"tooltip_title":"FortisBC Energy Inc.","tooltip_line1":"FortisBC Energy Inc.","tooltip_line2":"Transmission \u00b7 0.0 km","tooltip_line3":"Project 000003928 seg 1 \u00b7 Active","tooltip_line4":"Authority: ERAA \u00b7 BCER permitted","tooltip_line5":"Post-2016 permits only \u2014 layer is partial","tooltip_line6":""}},{"type":"Feature","geometry":{"type":"LineString","coordinates":[[-122.62906,54.09072],[-122.62906,54.09076]]},"properties":{"operator_group":"Other BC operator","is_key_operator":false,"tooltip_title":"FortisBC Energy Inc.","tooltip_line1":"FortisBC Energy Inc.","tooltip_line2":"Transmission \u00b7 0.0 km","tooltip_line3":"Project 000003929 seg 1 \u00b7 Active","tooltip_line4":"Authority: ERAA \u00b7 BCER permitted","tooltip_line5":"Post-2016 permits only \u2014 layer is partial","tooltip_line6":""}},{"type":"Feature","geometry":{"type":"LineString","coordinates":[[-120.67191,56.14221],[-120.67364,56.14508],[-120.67614,56.1478]]},"properties":{"operator_group":"Other BC operator","is_key_operator":false,"tooltip_title":"Pacific Northern Gas (N.E.) Ltd.","tooltip_line1":"Pacific Northern Gas (N.E.) Ltd.","tooltip_line2":"Transmission \u00b7 0.7 km","tooltip_line3":"Project 000003946 seg 1 \u00b7 Active","tooltip_line4":"Authority: ERAA \u00b7 BCER permitted","tooltip_line5":"Post-2016 permits only \u2014 layer is partial","tooltip_line6":""}},{"type":"Feature","geometry":{"type":"LineString","coordinates":[[-120.32629,50.65816],[-120.3267,50.65278],[-120.32627,50.65161],[-120.32464,50.65017],[-120.32513,50.64988],[-120.32824,50.63885],[-120.32746,50.63735],[-120.32609,50.6313],[-120.32333,50.62646],[-120.32554,50.62648],[-120.32707,50.62352]]},"properties":{"operator_group":"Other BC operator","is_key_operator":false,"tooltip_title":"FortisBC Energy Inc.","tooltip_line1":"FortisBC Energy Inc.","tooltip_line2":"Transmission \u00b7 4.3 km","tooltip_line3":"Project 000003951 seg 1 \u00b7 Active","tooltip_line4":"Authority: ERAA \u00b7 BCER permitted","tooltip_line5":"Post-2016 permits only \u2014 layer is partial","tooltip_line6":""}},{"type":"Feature","geometry":{"type":"LineString","coordinates":[[-123.98194,49.54507],[-124.00471,49.54019],[-124.02418,49.53759],[-124.03036,49.53729],[-124.0631,49.53897],[-124.06697,49.53875],[-124.07899,49.53711],[-124.09389,49.53319],[-124.12267,49.52806],[-124.1445,49.5266]]},"properties":{"operator_group":"Other BC operator","is_key_operator":false,"tooltip_title":"FortisBC Energy Inc.","tooltip_line1":"FortisBC Energy Inc.","tooltip_line2":"Transmission \u00b7 12.3 km","tooltip_line3":"Project 000003954 seg 1 \u00b7 Active","tooltip_line4":"Authority: ERAA \u00b7 BCER permitted","tooltip_line5":"Post-2016 permits only \u2014 layer is partial","tooltip_line6":""}},{"type":"Feature","geometry":{"type":"LineString","coordinates":[[-123.9819,49.545],[-123.98685,49.54425],[-124.01025,49.53878],[-124.02606,49.53658],[-124.02964,49.53638],[-124.06019,49.53807],[-124.06628,49.5379],[-124.07834,49.53631],[-124.09024,49.53336],[-124.10121,49.53151],[-124.11826,49.52776],[-124.14458,49.52644]]},"properties":{"operator_group":"Other BC operator","is_key_operator":false,"tooltip_title":"FortisBC Energy Inc.","tooltip_line1":"FortisBC Energy Inc.","tooltip_line2":"Transmission \u00b7 12.3 km","tooltip_line3":"Project 000003955 seg 1 \u00b7 Active","tooltip_line4":"Authority: ERAA \u00b7 BCER permitted","tooltip_line5":"Post-2016 permits only \u2014 layer is partial","tooltip_line6":""}},{"type":"Feature","geometry":{"type":"LineString","coordinates":[[-122.66653,58.79111],[-122.67498,58.79567],[-122.67378,58.79629]]},"properties":{"operator_group":"Other BC operator","is_key_operator":false,"tooltip_title":"FortisBC Energy Inc.","tooltip_line1":"FortisBC Energy Inc.","tooltip_line2":"Transmission \u00b7 0.8 km","tooltip_line3":"Project 000004003 seg 1 \u00b7 Active","tooltip_line4":"Authority: ERAA \u00b7 BCER permitted","tooltip_line5":"Post-2016 permits only \u2014 layer is partial","tooltip_line6":""}},{"type":"Feature","geometry":{"type":"LineString","coordinates":[[-124.63482,49.7986],[-124.63738,49.79945],[-124.64668,49.8063],[-124.64732,49.80794],[-124.64706,49.80975],[-124.6439,49.81259],[-124.631,49.81905],[-124.6146,49.82619],[-124.59285,49.83654],[-124.57874,49.84392],[-124.5599,49.85123],[-124.54337,49.85847]]},"properties":{"operator_group":"Other BC operator","is_key_operator":false,"tooltip_title":"FortisBC Energy Inc.","tooltip_line1":"FortisBC Energy Inc.","tooltip_line2":"Transmission \u00b7 10.9 km","tooltip_line3":"Project 000004029 seg 1 \u00b7 Active","tooltip_line4":"Authority: ERAA \u00b7 BCER permitted","tooltip_line5":"Post-2016 permits only \u2014 layer is partial","tooltip_line6":""}},{"type":"Feature","geometry":{"type":"LineString","coordinates":[[-124.63478,49.79863],[-124.63652,49.79893],[-124.64645,49.80611],[-124.64681,49.80741],[-124.64647,49.80901],[-124.64482,49.81086],[-124.64168,49.81226],[-124.6283,49.81481],[-124.60052,49.82741],[-124.59751,49.82916],[-124.57935,49.84266],[-124.5433,49.85842]]},"properties":{"operator_group":"Other BC operator","is_key_operator":false,"tooltip_title":"FortisBC Energy Inc.","tooltip_line1":"FortisBC Energy Inc.","tooltip_line2":"Transmission \u00b7 11.0 km","tooltip_line3":"Project 000004030 seg 1 \u00b7 Active","tooltip_line4":"Authority: ERAA \u00b7 BCER permitted","tooltip_line5":"Post-2016 permits only \u2014 layer is partial","tooltip_line6":""}},{"type":"Feature","geometry":{"type":"LineString","coordinates":[[-119.88372,50.57978],[-119.8831,50.58095],[-119.86421,50.60194],[-119.8534,50.61531],[-119.85038,50.61588],[-119.85004,50.61911],[-119.83493,50.63013],[-119.83356,50.63045],[-119.83357,50.63119],[-119.83241,50.63234],[-119.80312,50.65183],[-119.78541,50.6616]]},"properties":{"operator_group":"Other BC operator","is_key_operator":false,"tooltip_title":"FortisBC Energy Inc.","tooltip_line1":"FortisBC Energy Inc.","tooltip_line2":"Transmission \u00b7 12.0 km","tooltip_line3":"Project 000004075 seg 1 \u00b7 Active","tooltip_line4":"Authority: ERAA \u00b7 BCER permitted","tooltip_line5":"Post-2016 permits only \u2014 layer is partial","tooltip_line6":""}},{"type":"Feature","geometry":{"type":"LineString","coordinates":[[-119.78541,50.6616],[-119.78256,50.66316],[-119.76695,50.66317]]},"properties":{"operator_group":"Other BC operator","is_key_operator":false,"tooltip_title":"FortisBC Energy Inc.","tooltip_line1":"FortisBC Energy Inc.","tooltip_line2":"Transmission \u00b7 1.4 km","tooltip_line3":"Project 000004075 seg 2 \u00b7 Active","tooltip_line4":"Authority: ERAA \u00b7 BCER permitted","tooltip_line5":"Post-2016 permits only \u2014 layer is partial","tooltip_line6":""}},{"type":"Feature","geometry":{"type":"LineString","coordinates":[[-119.76695,50.66317],[-119.76512,50.66325],[-119.75718,50.67042],[-119.74539,50.6776],[-119.74446,50.6814],[-119.74367,50.6817],[-119.74329,50.68273],[-119.74216,50.68942],[-119.74304,50.6911],[-119.74417,50.69137],[-119.74359,50.69383],[-119.74197,50.69383],[-119.74124,50.69439],[-119.73963,50.70276],[-119.73493,50.70676],[-119.72926,50.71593],[-119.72913,50.71834],[-119.73054,50.71974],[-119.73109,50.72288],[-119.72833,50.73064],[-119.7246,50.73291],[-119.72522,50.73434],[-119.7235,50.73613],[-119.72264,50.73893],[-119.71965,50.74064],[-119.71233,50.75121],[-119.71126,50.7537],[-119.69348,50.76942],[-119.69901,50.77634],[-119.70331,50.78932]]},"properties":{"operator_group":"Other BC operator","is_key_operator":false,"tooltip_title":"FortisBC Energy Inc.","tooltip_line1":"FortisBC Energy Inc.","tooltip_line2":"Transmission \u00b7 16.7 km","tooltip_line3":"Project 000004075 seg 3 \u00b7 Active","tooltip_line4":"Authority: ERAA \u00b7 BCER permitted","tooltip_line5":"Post-2016 permits only \u2014 layer is partial","tooltip_line6":""}},{"type":"Feature","geometry":{"type":"LineString","coordinates":[[-119.70483,50.79693],[-119.70817,50.79127],[-119.70452,50.79053]]},"properties":{"operator_group":"Other BC operator","is_key_operator":false,"tooltip_title":"FortisBC Energy Inc.","tooltip_line1":"FortisBC Energy Inc.","tooltip_line2":"Transmission \u00b7 0.9 km","tooltip_line3":"Project 000004075 seg 5 \u00b7 Active","tooltip_line4":"Authority: ERAA \u00b7 BCER permitted","tooltip_line5":"Post-2016 permits only \u2014 layer is partial","tooltip_line6":""}},{"type":"Feature","geometry":{"type":"LineString","coordinates":[[-119.70452,50.79053],[-119.7033,50.78928]]},"properties":{"operator_group":"Other BC operator","is_key_operator":false,"tooltip_title":"FortisBC Energy Inc.","tooltip_line1":"FortisBC Energy Inc.","tooltip_line2":"Transmission \u00b7 0.2 km","tooltip_line3":"Project 000004075 seg 6 \u00b7 Active","tooltip_line4":"Authority: ERAA \u00b7 BCER permitted","tooltip_line5":"Post-2016 permits only \u2014 layer is partial","tooltip_line6":""}},{"type":"Feature","geometry":{"type":"LineString","coordinates":[[-119.27523,50.68524],[-119.2788,50.68524]]},"properties":{"operator_group":"Other BC operator","is_key_operator":false,"tooltip_title":"FortisBC Energy Inc.","tooltip_line1":"FortisBC Energy Inc.","tooltip_line2":"Transmission \u00b7 0.3 km","tooltip_line3":"Project 000004081 seg 1 \u00b7 Active","tooltip_line4":"Authority: ERAA \u00b7 BCER permitted","tooltip_line5":"Post-2016 permits only \u2014 layer is partial","tooltip_line6":""}},{"type":"Feature","geometry":{"type":"LineString","coordinates":[[-119.2788,50.68524],[-119.28557,50.68534]]},"properties":{"operator_group":"Other BC operator","is_key_operator":false,"tooltip_title":"FortisBC Energy Inc.","tooltip_line1":"FortisBC Energy Inc.","tooltip_line2":"Transmission \u00b7 0.5 km","tooltip_line3":"Project 000004081 seg 2 \u00b7 Active","tooltip_line4":"Authority: ERAA \u00b7 BCER permitted","tooltip_line5":"Post-2016 permits only \u2014 layer is partial","tooltip_line6":""}},{"type":"Feature","geometry":{"type":"LineString","coordinates":[[-119.28557,50.68534],[-119.28887,50.68535],[-119.28928,50.68713],[-119.30288,50.68732],[-119.30291,50.68529],[-119.30574,50.68527]]},"properties":{"operator_group":"Other BC operator","is_key_operator":false,"tooltip_title":"FortisBC Energy Inc.","tooltip_line1":"FortisBC Energy Inc.","tooltip_line2":"Transmission \u00b7 1.8 km","tooltip_line3":"Project 000004081 seg 3 \u00b7 Active","tooltip_line4":"Authority: ERAA \u00b7 BCER permitted","tooltip_line5":"Post-2016 permits only \u2014 layer is partial","tooltip_line6":""}},{"type":"Feature","geometry":{"type":"LineString","coordinates":[[-119.30574,50.68527],[-119.33845,50.68526],[-119.33846,50.6888]]},"properties":{"operator_group":"Other BC operator","is_key_operator":false,"tooltip_title":"FortisBC Energy Inc.","tooltip_line1":"FortisBC Energy Inc.","tooltip_line2":"Transmission \u00b7 2.7 km","tooltip_line3":"Project 000004081 seg 4 \u00b7 Active","tooltip_line4":"Authority: ERAA \u00b7 BCER permitted","tooltip_line5":"Post-2016 permits only \u2014 layer is partial","tooltip_line6":""}},{"type":"Feature","geometry":{"type":"LineString","coordinates":[[-119.33846,50.6888],[-119.33846,50.6906],[-119.34109,50.69062],[-119.34275,50.69301],[-119.34328,50.70246],[-119.34295,50.70246],[-119.34302,50.71203]]},"properties":{"operator_group":"Other BC operator","is_key_operator":false,"tooltip_title":"FortisBC Energy Inc.","tooltip_line1":"FortisBC Energy Inc.","tooltip_line2":"Transmission \u00b7 3.0 km","tooltip_line3":"Project 000004081 seg 5 \u00b7 Active","tooltip_line4":"Authority: ERAA \u00b7 BCER permitted","tooltip_line5":"Post-2016 permits only \u2014 layer is partial","tooltip_line6":""}},{"type":"Feature","geometry":{"type":"LineString","coordinates":[[-119.34302,50.71203],[-119.34302,50.71386]]},"properties":{"operator_group":"Other BC operator","is_key_operator":false,"tooltip_title":"FortisBC Energy Inc.","tooltip_line1":"FortisBC Energy Inc.","tooltip_line2":"Transmission \u00b7 0.2 km","tooltip_line3":"Project 000004081 seg 6 \u00b7 Active","tooltip_line4":"Authority: ERAA \u00b7 BCER permitted","tooltip_line5":"Post-2016 permits only \u2014 layer is partial","tooltip_line6":""}},{"type":"Feature","geometry":{"type":"LineString","coordinates":[[-119.34302,50.71386],[-119.343,50.72404],[-119.34088,50.72591],[-119.33959,50.73889],[-119.33403,50.75034],[-119.33565,50.75316],[-119.33892,50.75497],[-119.34072,50.75782],[-119.34048,50.75995],[-119.33964,50.76058],[-119.34287,50.76503],[-119.34291,50.76802]]},"properties":{"operator_group":"Other BC operator","is_key_operator":false,"tooltip_title":"FortisBC Energy Inc.","tooltip_line1":"FortisBC Energy Inc.","tooltip_line2":"Transmission \u00b7 6.6 km","tooltip_line3":"Project 000004081 seg 7 \u00b7 Active","tooltip_line4":"Authority: ERAA \u00b7 BCER permitted","tooltip_line5":"Post-2016 permits only \u2014 layer is partial","tooltip_line6":""}},{"type":"Feature","geometry":{"type":"LineString","coordinates":[[-119.34291,50.76802],[-119.34213,50.76844],[-119.34296,50.77018]]},"properties":{"operator_group":"Other BC operator","is_key_operator":false,"tooltip_title":"FortisBC Energy Inc.","tooltip_line1":"FortisBC Energy Inc.","tooltip_line2":"Transmission \u00b7 0.3 km","tooltip_line3":"Project 000004081 seg 8 \u00b7 Active","tooltip_line4":"Authority: ERAA \u00b7 BCER permitted","tooltip_line5":"Post-2016 permits only \u2014 layer is partial","tooltip_line6":""}},{"type":"Feature","geometry":{"type":"LineString","coordinates":[[-119.34296,50.77018],[-119.34274,50.78663]]},"properties":{"operator_group":"Other BC operator","is_key_operator":false,"tooltip_title":"FortisBC Energy Inc.","tooltip_line1":"FortisBC Energy Inc.","tooltip_line2":"Transmission \u00b7 1.8 km","tooltip_line3":"Project 000004081 seg 9 \u00b7 Active","tooltip_line4":"Authority: ERAA \u00b7 BCER permitted","tooltip_line5":"Post-2016 permits only \u2014 layer is partial","tooltip_line6":""}},{"type":"Feature","geometry":{"type":"LineString","coordinates":[[-119.34274,50.78663],[-119.34264,50.79302]]},"properties":{"operator_group":"Other BC operator","is_key_operator":false,"tooltip_title":"FortisBC Energy Inc.","tooltip_line1":"FortisBC Energy Inc.","tooltip_line2":"Transmission \u00b7 0.7 km","tooltip_line3":"Project 000004081 seg 10 \u00b7 Active","tooltip_line4":"Authority: ERAA \u00b7 BCER permitted","tooltip_line5":"Post-2016 permits only \u2014 layer is partial","tooltip_line6":""}},{"type":"Feature","geometry":{"type":"LineString","coordinates":[[-119.34264,50.79302],[-119.34261,50.79437],[-119.34011,50.79431],[-119.34022,50.79744]]},"properties":{"operator_group":"Other BC operator","is_key_operator":false,"tooltip_title":"FortisBC Energy Inc.","tooltip_line1":"FortisBC Energy Inc.","tooltip_line2":"Transmission \u00b7 0.7 km","tooltip_line3":"Project 000004081 seg 11 \u00b7 Active","tooltip_line4":"Authority: ERAA \u00b7 BCER permitted","tooltip_line5":"Post-2016 permits only \u2014 layer is partial","tooltip_line6":""}},{"type":"Feature","geometry":{"type":"LineString","coordinates":[[-119.34022,50.79744],[-119.34049,50.80347],[-119.34282,50.80541],[-119.34276,50.81441],[-119.3488,50.81968],[-119.35236,50.83252],[-119.35361,50.8324],[-119.35628,50.83481],[-119.35609,50.83586],[-119.35514,50.83664],[-119.35729,50.83773],[-119.35692,50.83836],[-119.35699,50.84997]]},"properties":{"operator_group":"Other BC operator","is_key_operator":false,"tooltip_title":"FortisBC Energy Inc.","tooltip_line1":"FortisBC Energy Inc.","tooltip_line2":"Transmission \u00b7 6.3 km","tooltip_line3":"Project 000004081 seg 12 \u00b7 Active","tooltip_line4":"Authority: ERAA \u00b7 BCER permitted","tooltip_line5":"Post-2016 permits only \u2014 layer is partial","tooltip_line6":""}},{"type":"Feature","geometry":{"type":"LineString","coordinates":[[-119.35699,50.84997],[-119.35715,50.85178]]},"properties":{"operator_group":"Other BC operator","is_key_operator":false,"tooltip_title":"FortisBC Energy Inc.","tooltip_line1":"FortisBC Energy Inc.","tooltip_line2":"Transmission \u00b7 0.2 km","tooltip_line3":"Project 000004081 seg 13 \u00b7 Active","tooltip_line4":"Authority: ERAA \u00b7 BCER permitted","tooltip_line5":"Post-2016 permits only \u2014 layer is partial","tooltip_line6":""}},{"type":"Feature","geometry":{"type":"LineString","coordinates":[[-119.33845,50.68526],[-119.34258,50.68534],[-119.34259,50.68166],[-119.35062,50.68166],[-119.35066,50.67795],[-119.35407,50.67792],[-119.35437,50.65708],[-119.35596,50.65618],[-119.36577,50.65615],[-119.36577,50.64896],[-119.37728,50.64871]]},"properties":{"operator_group":"Other BC operator","is_key_operator":false,"tooltip_title":"FortisBC Energy Inc.","tooltip_line1":"FortisBC Energy Inc.","tooltip_line2":"Transmission \u00b7 6.7 km","tooltip_line3":"Project 000004081 seg 14 \u00b7 Active","tooltip_line4":"Authority: ERAA \u00b7 BCER permitted","tooltip_line5":"Post-2016 permits only \u2014 layer is partial","tooltip_line6":""}},{"type":"Feature","geometry":{"type":"LineString","coordinates":[[-120.67613,56.14779],[-120.68707,56.15893]]},"properties":{"operator_group":"Other BC operator","is_key_operator":false,"tooltip_title":"Pacific Northern Gas (N.E.) Ltd.","tooltip_line1":"Pacific Northern Gas (N.E.) Ltd.","tooltip_line2":"Transmission \u00b7 1.4 km","tooltip_line3":"Project 000004088 seg 1 \u00b7 Active","tooltip_line4":"Authority: ERAA \u00b7 BCER permitted","tooltip_line5":"Post-2016 permits only \u2014 layer is partial","tooltip_line6":""}},{"type":"Feature","geometry":{"type":"LineString","coordinates":[[-120.68707,56.15893],[-120.68811,56.15861]]},"properties":{"operator_group":"Other BC operator","is_key_operator":false,"tooltip_title":"Pacific Northern Gas (N.E.) Ltd.","tooltip_line1":"Pacific Northern Gas (N.E.) Ltd.","tooltip_line2":"Transmission \u00b7 0.1 km","tooltip_line3":"Project 000004088 seg 2 \u00b7 Active","tooltip_line4":"Authority: ERAA \u00b7 BCER permitted","tooltip_line5":"Post-2016 permits only \u2014 layer is partial","tooltip_line6":""}},{"type":"Feature","geometry":{"type":"LineString","coordinates":[[-120.68811,56.15861],[-120.69113,56.16166],[-120.69321,56.16103],[-120.69386,56.16153]]},"properties":{"operator_group":"Other BC operator","is_key_operator":false,"tooltip_title":"Pacific Northern Gas (N.E.) Ltd.","tooltip_line1":"Pacific Northern Gas (N.E.) Ltd.","tooltip_line2":"Transmission \u00b7 0.6 km","tooltip_line3":"Project 000004088 seg 3 \u00b7 Active","tooltip_line4":"Authority: ERAA \u00b7 BCER permitted","tooltip_line5":"Post-2016 permits only \u2014 layer is partial","tooltip_line6":""}},{"type":"Feature","geometry":{"type":"LineString","coordinates":[[-120.80591,56.24666],[-120.80606,56.23965]]},"properties":{"operator_group":"Other BC operator","is_key_operator":false,"tooltip_title":"Pacific Northern Gas (N.E.) Ltd.","tooltip_line1":"Pacific Northern Gas (N.E.) Ltd.","tooltip_line2":"Transmission \u00b7 0.8 km","tooltip_line3":"Project 000004090 seg 1 \u00b7 Active","tooltip_line4":"Authority: ERAA \u00b7 BCER permitted","tooltip_line5":"Post-2016 permits only \u2014 layer is partial","tooltip_line6":""}},{"type":"Feature","geometry":{"type":"LineString","coordinates":[[-114.78789,49.57061],[-114.78703,49.57095],[-114.78471,49.56989],[-114.78114,49.56986],[-114.76608,49.57097],[-114.76052,49.57059],[-114.74405,49.55929],[-114.74103,49.55549],[-114.74124,49.55502],[-114.73819,49.5502]]},"properties":{"operator_group":"Other BC operator","is_key_operator":false,"tooltip_title":"FortisBC Energy Inc.","tooltip_line1":"FortisBC Energy Inc.","tooltip_line2":"Transmission \u00b7 4.9 km","tooltip_line3":"Project 000004118 seg 1 \u00b7 Active","tooltip_line4":"Authority: ERAA \u00b7 BCER permitted","tooltip_line5":"Post-2016 permits only \u2014 layer is partial","tooltip_line6":""}},{"type":"Feature","geometry":{"type":"LineString","coordinates":[[-114.73819,49.5502],[-114.73802,49.54977]]},"properties":{"operator_group":"Other BC operator","is_key_operator":false,"tooltip_title":"FortisBC Energy Inc.","tooltip_line1":"FortisBC Energy Inc.","tooltip_line2":"Transmission \u00b7 0.0 km","tooltip_line3":"Project 000004118 seg 2 \u00b7 Active","tooltip_line4":"Authority: ERAA \u00b7 BCER permitted","tooltip_line5":"Post-2016 permits only \u2014 layer is partial","tooltip_line6":""}},{"type":"Feature","geometry":{"type":"LineString","coordinates":[[-114.73802,49.54977],[-114.73676,49.54753],[-114.73198,49.54201],[-114.72951,49.54049],[-114.72271,49.53845],[-114.72018,49.5386],[-114.71725,49.53703],[-114.71507,49.53645],[-114.71506,49.53459],[-114.71451,49.53342],[-114.71203,49.53212],[-114.70564,49.52982],[-114.69478,49.52843],[-114.6912,49.52743],[-114.68733,49.52733],[-114.67568,49.52392],[-114.67184,49.51978],[-114.6695,49.51794]]},"properties":{"operator_group":"Other BC operator","is_key_operator":false,"tooltip_title":"FortisBC Energy Inc.","tooltip_line1":"FortisBC Energy Inc.","tooltip_line2":"Transmission \u00b7 6.7 km","tooltip_line3":"Project 000004118 seg 3 \u00b7 Active","tooltip_line4":"Authority: ERAA \u00b7 BCER permitted","tooltip_line5":"Post-2016 permits only \u2014 layer is partial","tooltip_line6":""}},{"type":"Feature","geometry":{"type":"LineString","coordinates":[[-120.42573,56.25512],[-120.42578,56.28955],[-120.42541,56.29039]]},"properties":{"operator_group":"Other BC operator","is_key_operator":false,"tooltip_title":"Pacific Northern Gas (N.E.) Ltd.","tooltip_line1":"Pacific Northern Gas (N.E.) Ltd.","tooltip_line2":"Transmission \u00b7 3.9 km","tooltip_line3":"Project 000004282 seg 1 \u00b7 Active","tooltip_line4":"Authority: ERAA \u00b7 BCER permitted","tooltip_line5":"Post-2016 permits only \u2014 layer is partial","tooltip_line6":""}},{"type":"Feature","geometry":{"type":"LineString","coordinates":[[-120.42555,56.2913],[-120.42541,56.29039]]},"properties":{"operator_group":"Other BC operator","is_key_operator":false,"tooltip_title":"Pacific Northern Gas (N.E.) Ltd.","tooltip_line1":"Pacific Northern Gas (N.E.) Ltd.","tooltip_line2":"Transmission \u00b7 0.1 km","tooltip_line3":"Project 000004282 seg 2 \u00b7 Active","tooltip_line4":"Authority: ERAA \u00b7 BCER permitted","tooltip_line5":"Post-2016 permits only \u2014 layer is partial","tooltip_line6":""}},{"type":"Feature","geometry":{"type":"LineString","coordinates":[[-120.42555,56.2913],[-120.42597,56.30472],[-120.42595,56.30596],[-120.42544,56.30599],[-120.42554,56.31216],[-120.47826,56.31219],[-120.47844,56.30625],[-120.47927,56.30524],[-120.48127,56.30458],[-120.52144,56.30457]]},"properties":{"operator_group":"Other BC operator","is_key_operator":false,"tooltip_title":"Pacific Northern Gas (N.E.) Ltd.","tooltip_line1":"Pacific Northern Gas (N.E.) Ltd.","tooltip_line2":"Transmission \u00b7 9.1 km","tooltip_line3":"Project 000004282 seg 3 \u00b7 Active","tooltip_line4":"Authority: ERAA \u00b7 BCER permitted","tooltip_line5":"Post-2016 permits only \u2014 layer is partial","tooltip_line6":""}},{"type":"Feature","geometry":{"type":"LineString","coordinates":[[-120.52969,56.30457],[-120.52144,56.30457]]},"properties":{"operator_group":"Other BC operator","is_key_operator":false,"tooltip_title":"Pacific Northern Gas (N.E.) Ltd.","tooltip_line1":"Pacific Northern Gas (N.E.) Ltd.","tooltip_line2":"Transmission \u00b7 0.5 km","tooltip_line3":"Project 000004282 seg 4 \u00b7 Active","tooltip_line4":"Authority: ERAA \u00b7 BCER permitted","tooltip_line5":"Post-2016 permits only \u2014 layer is partial","tooltip_line6":""}},{"type":"Feature","geometry":{"type":"LineString","coordinates":[[-120.52969,56.30457],[-120.55677,56.30447]]},"properties":{"operator_group":"Other BC operator","is_key_operator":false,"tooltip_title":"Pacific Northern Gas (N.E.) Ltd.","tooltip_line1":"Pacific Northern Gas (N.E.) Ltd.","tooltip_line2":"Transmission \u00b7 1.7 km","tooltip_line3":"Project 000004282 seg 5 \u00b7 Active","tooltip_line4":"Authority: ERAA \u00b7 BCER permitted","tooltip_line5":"Post-2016 permits only \u2014 layer is partial","tooltip_line6":""}},{"type":"Feature","geometry":{"type":"LineString","coordinates":[[-120.81627,56.22753],[-120.82723,56.23113],[-120.83422,56.23272],[-120.83522,56.23211],[-120.85357,56.23848],[-120.85466,56.23745]]},"properties":{"operator_group":"Other BC operator","is_key_operator":false,"tooltip_title":"Pacific Northern Gas (N.E.) Ltd.","tooltip_line1":"Pacific Northern Gas (N.E.) Ltd.","tooltip_line2":"Transmission \u00b7 2.9 km","tooltip_line3":"Project 000004299 seg 1 \u00b7 Active","tooltip_line4":"Authority: ERAA \u00b7 BCER permitted","tooltip_line5":"Post-2016 permits only \u2014 layer is partial","tooltip_line6":""}},{"type":"Feature","geometry":{"type":"LineString","coordinates":[[-120.87642,56.24658],[-120.94249,56.26961],[-120.97024,56.28287],[-120.97084,56.2827]]},"properties":{"operator_group":"Other BC operator","is_key_operator":false,"tooltip_title":"Pacific Northern Gas (N.E.) Ltd.","tooltip_line1":"Pacific Northern Gas (N.E.) Ltd.","tooltip_line2":"Transmission \u00b7 7.2 km","tooltip_line3":"Project 000004299 seg 2 \u00b7 Active","tooltip_line4":"Authority: ERAA \u00b7 BCER permitted","tooltip_line5":"Post-2016 permits only \u2014 layer is partial","tooltip_line6":""}},{"type":"Feature","geometry":{"type":"LineString","coordinates":[[-121.00457,56.3048],[-120.99519,56.29766],[-120.98278,56.28943],[-120.97045,56.28296],[-120.97084,56.28271]]},"properties":{"operator_group":"Other BC operator","is_key_operator":false,"tooltip_title":"Pacific Northern Gas (N.E.) Ltd.","tooltip_line1":"Pacific Northern Gas (N.E.) Ltd.","tooltip_line2":"Transmission \u00b7 3.3 km","tooltip_line3":"Project 000004299 seg 3 \u00b7 Active","tooltip_line4":"Authority: ERAA \u00b7 BCER permitted","tooltip_line5":"Post-2016 permits only \u2014 layer is partial","tooltip_line6":""}},{"type":"Feature","geometry":{"type":"LineString","coordinates":[[-120.86086,56.25657],[-120.86054,56.26475]]},"properties":{"operator_group":"Other BC operator","is_key_operator":false,"tooltip_title":"Pacific Northern Gas (N.E.) Ltd.","tooltip_line1":"Pacific Northern Gas (N.E.) Ltd.","tooltip_line2":"Transmission \u00b7 0.9 km","tooltip_line3":"Project 000004299 seg 4 \u00b7 Active","tooltip_line4":"Authority: ERAA \u00b7 BCER permitted","tooltip_line5":"Post-2016 permits only \u2014 layer is partial","tooltip_line6":""}},{"type":"Feature","geometry":{"type":"LineString","coordinates":[[-120.86062,56.26179],[-120.85687,56.26379],[-120.85438,56.2645],[-120.84809,56.26453]]},"properties":{"operator_group":"Other BC operator","is_key_operator":false,"tooltip_title":"Pacific Northern Gas (N.E.) Ltd.","tooltip_line1":"Pacific Northern Gas (N.E.) Ltd.","tooltip_line2":"Transmission \u00b7 0.9 km","tooltip_line3":"Project 000004299 seg 5 \u00b7 Active","tooltip_line4":"Authority: ERAA \u00b7 BCER permitted","tooltip_line5":"Post-2016 permits only \u2014 layer is partial","tooltip_line6":""}},{"type":"Feature","geometry":{"type":"LineString","coordinates":[[-120.85934,56.29738],[-120.86349,56.3013],[-120.86765,56.30437]]},"properties":{"operator_group":"Other BC operator","is_key_operator":false,"tooltip_title":"Pacific Northern Gas (N.E.) Ltd.","tooltip_line1":"Pacific Northern Gas (N.E.) Ltd.","tooltip_line2":"Transmission \u00b7 0.9 km","tooltip_line3":"Project 000004299 seg 6 \u00b7 Active","tooltip_line4":"Authority: ERAA \u00b7 BCER permitted","tooltip_line5":"Post-2016 permits only \u2014 layer is partial","tooltip_line6":""}},{"type":"Feature","geometry":{"type":"LineString","coordinates":[[-120.85388,56.33352],[-120.84712,56.33373],[-120.84309,56.33487],[-120.83641,56.33362],[-120.82135,56.33377]]},"properties":{"operator_group":"Other BC operator","is_key_operator":false,"tooltip_title":"Pacific Northern Gas (N.E.) Ltd.","tooltip_line1":"Pacific Northern Gas (N.E.) Ltd.","tooltip_line2":"Transmission \u00b7 2.1 km","tooltip_line3":"Project 000004299 seg 7 \u00b7 Active","tooltip_line4":"Authority: ERAA \u00b7 BCER permitted","tooltip_line5":"Post-2016 permits only \u2014 layer is partial","tooltip_line6":""}},{"type":"Feature","geometry":{"type":"LineString","coordinates":[[-120.86054,56.26475],[-120.86017,56.26567],[-120.86065,56.26603]]},"properties":{"operator_group":"Other BC operator","is_key_operator":false,"tooltip_title":"Pacific Northern Gas (N.E.) Ltd.","tooltip_line1":"Pacific Northern Gas (N.E.) Ltd.","tooltip_line2":"Transmission \u00b7 0.2 km","tooltip_line3":"Project 000004299 seg 8 \u00b7 Active","tooltip_line4":"Authority: ERAA \u00b7 BCER permitted","tooltip_line5":"Post-2016 permits only \u2014 layer is partial","tooltip_line6":""}},{"type":"Feature","geometry":{"type":"LineString","coordinates":[[-120.86065,56.26603],[-120.86075,56.27161],[-120.86156,56.27227],[-120.8608,56.27274],[-120.86072,56.27495],[-120.86287,56.27624],[-120.86397,56.27873],[-120.86398,56.29416],[-120.86362,56.29567],[-120.86071,56.29741],[-120.85931,56.29735]]},"properties":{"operator_group":"Other BC operator","is_key_operator":false,"tooltip_title":"Pacific Northern Gas (N.E.) Ltd.","tooltip_line1":"Pacific Northern Gas (N.E.) Ltd.","tooltip_line2":"Transmission \u00b7 3.8 km","tooltip_line3":"Project 000004299 seg 9 \u00b7 Active","tooltip_line4":"Authority: ERAA \u00b7 BCER permitted","tooltip_line5":"Post-2016 permits only \u2014 layer is partial","tooltip_line6":""}},{"type":"Feature","geometry":{"type":"LineString","coordinates":[[-120.85466,56.23745],[-120.8566,56.23795],[-120.8552,56.23919],[-120.85563,56.23951],[-120.87642,56.24658]]},"properties":{"operator_group":"Other BC operator","is_key_operator":false,"tooltip_title":"Pacific Northern Gas (N.E.) Ltd.","tooltip_line1":"Pacific Northern Gas (N.E.) Ltd.","tooltip_line2":"Transmission \u00b7 1.9 km","tooltip_line3":"Project 000004299 seg 10 \u00b7 Active","tooltip_line4":"Authority: ERAA \u00b7 BCER permitted","tooltip_line5":"Post-2016 permits only \u2014 layer is partial","tooltip_line6":""}},{"type":"Feature","geometry":{"type":"LineString","coordinates":[[-120.87642,56.24658],[-120.88484,56.2467]]},"properties":{"operator_group":"Other BC operator","is_key_operator":false,"tooltip_title":"Pacific Northern Gas (N.E.) Ltd.","tooltip_line1":"Pacific Northern Gas (N.E.) Ltd.","tooltip_line2":"Transmission \u00b7 0.5 km","tooltip_line3":"Project 000004299 seg 11 \u00b7 Active","tooltip_line4":"Authority: ERAA \u00b7 BCER permitted","tooltip_line5":"Post-2016 permits only \u2014 layer is partial","tooltip_line6":""}},{"type":"Feature","geometry":{"type":"LineString","coordinates":[[-120.86765,56.30437],[-120.87016,56.3065],[-120.87035,56.30739],[-120.86988,56.30853],[-120.86381,56.30893],[-120.8634,56.31039],[-120.86067,56.31164],[-120.85923,56.31323],[-120.85852,56.32089],[-120.85937,56.32543],[-120.85504,56.32937],[-120.8554,56.33191],[-120.8539,56.33352]]},"properties":{"operator_group":"Other BC operator","is_key_operator":false,"tooltip_title":"Pacific Northern Gas (N.E.) Ltd.","tooltip_line1":"Pacific Northern Gas (N.E.) Ltd.","tooltip_line2":"Transmission \u00b7 3.9 km","tooltip_line3":"Project 000004299 seg 12 \u00b7 Active","tooltip_line4":"Authority: ERAA \u00b7 BCER permitted","tooltip_line5":"Post-2016 permits only \u2014 layer is partial","tooltip_line6":""}},{"type":"Feature","geometry":{"type":"LineString","coordinates":[[-120.47518,55.81074],[-120.47514,55.81083]]},"properties":{"operator_group":"Other BC operator","is_key_operator":false,"tooltip_title":"Pacific Northern Gas (N.E.) Ltd.","tooltip_line1":"Pacific Northern Gas (N.E.) Ltd.","tooltip_line2":"Transmission \u00b7 0.0 km","tooltip_line3":"Project 000004305 seg 10 \u00b7 Active","tooltip_line4":"Authority: ERAA \u00b7 BCER permitted","tooltip_line5":"Post-2016 permits only \u2014 layer is partial","tooltip_line6":""}},{"type":"Feature","geometry":{"type":"LineString","coordinates":[[-120.84586,50.57506],[-120.84586,50.57501]]},"properties":{"operator_group":"Other BC operator","is_key_operator":false,"tooltip_title":"FortisBC Energy Inc.","tooltip_line1":"FortisBC Energy Inc.","tooltip_line2":"Transmission \u00b7 0.0 km","tooltip_line3":"Project 000004324 seg 1 \u00b7 Active","tooltip_line4":"Authority: ERAA \u00b7 BCER permitted","tooltip_line5":"Post-2016 permits only \u2014 layer is partial","tooltip_line6":""}},{"type":"Feature","geometry":{"type":"LineString","coordinates":[[-117.72942,49.3345],[-117.73388,49.33545]]},"properties":{"operator_group":"Other BC operator","is_key_operator":false,"tooltip_title":"FortisBC Energy Inc.","tooltip_line1":"FortisBC Energy Inc.","tooltip_line2":"Transmission \u00b7 0.4 km","tooltip_line3":"Project 000004491 seg 1 \u00b7 Active","tooltip_line4":"Authority: ERAA \u00b7 BCER permitted","tooltip_line5":"Post-2016 permits only \u2014 layer is partial","tooltip_line6":""}},{"type":"Feature","geometry":{"type":"LineString","coordinates":[[-117.73388,49.33545],[-117.73505,49.33559]]},"properties":{"operator_group":"Other BC operator","is_key_operator":false,"tooltip_title":"FortisBC Energy Inc.","tooltip_line1":"FortisBC Energy Inc.","tooltip_line2":"Transmission \u00b7 0.1 km","tooltip_line3":"Project 000004491 seg 2 \u00b7 Active","tooltip_line4":"Authority: ERAA \u00b7 BCER permitted","tooltip_line5":"Post-2016 permits only \u2014 layer is partial","tooltip_line6":""}},{"type":"Feature","geometry":{"type":"LineString","coordinates":[[-117.73505,49.33559],[-117.74198,49.33736]]},"properties":{"operator_group":"Other BC operator","is_key_operator":false,"tooltip_title":"FortisBC Energy Inc.","tooltip_line1":"FortisBC Energy Inc.","tooltip_line2":"Transmission \u00b7 0.6 km","tooltip_line3":"Project 000004491 seg 3 \u00b7 Active","tooltip_line4":"Authority: ERAA \u00b7 BCER permitted","tooltip_line5":"Post-2016 permits only \u2014 layer is partial","tooltip_line6":""}},{"type":"Feature","geometry":{"type":"LineString","coordinates":[[-122.68243,58.0947],[-122.68252,58.0947]]},"properties":{"operator_group":"Other BC operator","is_key_operator":false,"tooltip_title":"FortisBC Energy Inc.","tooltip_line1":"FortisBC Energy Inc.","tooltip_line2":"Transmission \u00b7 0.0 km","tooltip_line3":"Project 000004729 seg 1 \u00b7 Active","tooltip_line4":"Authority: ERAA \u00b7 BCER permitted","tooltip_line5":"Post-2016 permits only \u2014 layer is partial","tooltip_line6":""}},{"type":"Feature","geometry":{"type":"LineString","coordinates":[[-117.72975,49.10953],[-117.72849,49.10964]]},"properties":{"operator_group":"Other BC operator","is_key_operator":false,"tooltip_title":"FortisBC Energy Inc.","tooltip_line1":"FortisBC Energy Inc.","tooltip_line2":"Transmission \u00b7 0.1 km","tooltip_line3":"Project 000004776 seg 2 \u00b7 Active","tooltip_line4":"Authority: ERAA \u00b7 BCER permitted","tooltip_line5":"Post-2016 permits only \u2014 layer is partial","tooltip_line6":""}},{"type":"Feature","geometry":{"type":"LineString","coordinates":[[-117.72817,49.10979],[-117.72555,49.11166],[-117.72232,49.10993],[-117.71993,49.10794]]},"properties":{"operator_group":"Other BC operator","is_key_operator":false,"tooltip_title":"FortisBC Energy Inc.","tooltip_line1":"FortisBC Energy Inc.","tooltip_line2":"Transmission \u00b7 0.9 km","tooltip_line3":"Project 000004776 seg 3 \u00b7 Active","tooltip_line4":"Authority: ERAA \u00b7 BCER permitted","tooltip_line5":"Post-2016 permits only \u2014 layer is partial","tooltip_line6":""}},{"type":"Feature","geometry":{"type":"LineString","coordinates":[[-117.72818,49.1098],[-117.72858,49.10966]]},"properties":{"operator_group":"Other BC operator","is_key_operator":false,"tooltip_title":"FortisBC Energy Inc.","tooltip_line1":"FortisBC Energy Inc.","tooltip_line2":"Transmission \u00b7 0.0 km","tooltip_line3":"Project 000004776 seg 4 \u00b7 Active","tooltip_line4":"Authority: ERAA \u00b7 BCER permitted","tooltip_line5":"Post-2016 permits only \u2014 layer is partial","tooltip_line6":""}},{"type":"Feature","geometry":{"type":"LineString","coordinates":[[-117.72854,49.10965],[-117.72817,49.10979]]},"properties":{"operator_group":"Other BC operator","is_key_operator":false,"tooltip_title":"FortisBC Energy Inc.","tooltip_line1":"FortisBC Energy Inc.","tooltip_line2":"Transmission \u00b7 0.0 km","tooltip_line3":"Project 000004776 seg 5 \u00b7 New","tooltip_line4":"Authority: ERAA \u00b7 BCER permitted","tooltip_line5":"Post-2016 permits only \u2014 layer is partial","tooltip_line6":""}},{"type":"Feature","geometry":{"type":"LineString","coordinates":[[-121.17713,56.4269],[-121.17766,56.42685],[-121.17422,56.42014],[-121.16551,56.4137],[-121.14844,56.40597],[-121.14481,56.40335],[-121.13479,56.39265],[-121.11839,56.37648],[-121.10698,56.36335],[-121.09395,56.3462],[-121.08902,56.34192],[-121.08361,56.33914],[-121.02386,56.31877],[-121.02239,56.31781],[-121.01512,56.31014],[-121.00911,56.30604],[-121.00786,56.30463],[-121.0046,56.30481]]},"properties":{"operator_group":"Other BC operator","is_key_operator":false,"tooltip_title":"Pacific Northern Gas (N.E.) Ltd.","tooltip_line1":"Pacific Northern Gas (N.E.) Ltd.","tooltip_line2":"Transmission \u00b7 18.0 km","tooltip_line3":"Project 000004817 seg 1 \u00b7 Active","tooltip_line4":"Authority: ERAA \u00b7 BCER permitted","tooltip_line5":"Post-2016 permits only \u2014 layer is partial","tooltip_line6":""}},{"type":"Feature","geometry":{"type":"LineString","coordinates":[[-119.32265,50.23898],[-119.29981,50.23934],[-119.2976,50.23811],[-119.28327,50.23826],[-119.27972,50.23781]]},"properties":{"operator_group":"Other BC operator","is_key_operator":false,"tooltip_title":"FortisBC Energy Inc.","tooltip_line1":"FortisBC Energy Inc.","tooltip_line2":"Transmission \u00b7 3.2 km","tooltip_line3":"Project 000004834 seg 1 \u00b7 Active","tooltip_line4":"Authority: ERAA \u00b7 BCER permitted","tooltip_line5":"Post-2016 permits only \u2014 layer is partial","tooltip_line6":""}},{"type":"Feature","geometry":{"type":"LineString","coordinates":[[-119.27971,50.23781],[-119.27951,50.23793]]},"properties":{"operator_group":"Other BC operator","is_key_operator":false,"tooltip_title":"FortisBC Energy Inc.","tooltip_line1":"FortisBC Energy Inc.","tooltip_line2":"Transmission \u00b7 0.0 km","tooltip_line3":"Project 000004834 seg 2 \u00b7 Active","tooltip_line4":"Authority: ERAA \u00b7 BCER permitted","tooltip_line5":"Post-2016 permits only \u2014 layer is partial","tooltip_line6":""}},{"type":"Feature","geometry":{"type":"LineString","coordinates":[[-119.27951,50.23793],[-119.27542,50.2381],[-119.27537,50.23725],[-119.27366,50.23728],[-119.2737,50.23802]]},"properties":{"operator_group":"Other BC operator","is_key_operator":false,"tooltip_title":"FortisBC Energy Inc.","tooltip_line1":"FortisBC Energy Inc.","tooltip_line2":"Transmission \u00b7 0.6 km","tooltip_line3":"Project 000004834 seg 3 \u00b7 Active","tooltip_line4":"Authority: ERAA \u00b7 BCER permitted","tooltip_line5":"Post-2016 permits only \u2014 layer is partial","tooltip_line6":""}},{"type":"Feature","geometry":{"type":"LineString","coordinates":[[-119.32264,50.23899],[-119.32369,50.23077]]},"properties":{"operator_group":"Other BC operator","is_key_operator":false,"tooltip_title":"FortisBC Energy Inc.","tooltip_line1":"FortisBC Energy Inc.","tooltip_line2":"Transmission \u00b7 0.9 km","tooltip_line3":"Project 000004834 seg 4 \u00b7 Active","tooltip_line4":"Authority: ERAA \u00b7 BCER permitted","tooltip_line5":"Post-2016 permits only \u2014 layer is partial","tooltip_line6":""}},{"type":"Feature","geometry":{"type":"LineString","coordinates":[[-124.93635,49.7437],[-124.9437,49.74214],[-124.95504,49.74216],[-124.95523,49.74054],[-124.96445,49.74072],[-124.99793,49.72356],[-125.0034,49.71908],[-125.00847,49.71629],[-125.00828,49.71424],[-125.01363,49.71136],[-125.01685,49.71057],[-125.04009,49.69812],[-125.04576,49.69786],[-125.04576,49.69288],[-125.04377,49.69194],[-125.04365,49.6898],[-125.04317,49.68893],[-125.04357,49.68734],[-125.04675,49.68595],[-125.04833,49.68436],[-125.04849,49.68297],[-125.01026,49.65344],[-125.0062,49.65316],[-124.99618,49.64565],[-124.96531,49.6218],[-124.96448,49.6209],[-124.9644,49.61938],[-124.96386,49.6189],[-124.9594,49.61708],[-124.89328,49.55886],[-124.84972,49.51678],[-124.84979,49.51463],[-124.84822,49.513],[-124.84431,49.51078],[-124.84245,49.50866],[-124.82307,49.48496],[-124.82336,49.48276],[-124.82174,49.4812],[-124.81894,49.47988],[-124.80395,49.46139],[-124.80121,49.46066],[-124.79804,49.45871],[-124.78794,49.45463],[-124.78723,49.45319],[-124.77541,49.44805],[-124.75699,49.43816],[-124.72923,49.41954],[-124.71982,49.41438],[-124.7166,49.41375],[-124.71477,49.41165],[-124.70305,49.40645],[-124.70255,49.40552],[-124.70006,49.40503],[-124.69786,49.40329],[-124.69465,49.40341],[-124.68772,49.40041],[-124.68619,49.40031],[-124.67468,49.39612],[-124.67088,49.396],[-124.66574,49.39451],[-124.66296,49.39341],[-124.66245,49.39216],[-124.64184,49.38461],[-124.64026,49.38234],[-124.63398,49.37933],[-124.62678,49.38007],[-124.62441,49.37984],[-124.58144,49.36764],[-124.58018,49.36772],[-124.55934,49.36021],[-124.5531,49.35735],[-124.50904,49.34472],[-124.50588,49.34283],[-124.50141,49.34244],[-124.48104,49.33694],[-124.47371,49.33578],[-124.45158,49.33357],[-124.42782,49.32753],[-124.4008,49.32673],[-124.39901,49.32728],[-124.39454,49.32732],[-124.39111,49.32646],[-124.38419,49.32667],[-124.38302,49.32618],[-124.37231,49.32554],[-124.3693,49.32298],[-124.36542,49.32242],[-124.34638,49.31273],[-124.34518,49.31256],[-124.3381,49.309],[-124.32369,49.30721],[-124.32347,49.30648],[-124.32141,49.3058],[-124.32127,49.30034],[-124.3162,49.29777],[-124.31058,49.29565]]},"properties":{"operator_group":"Other BC operator","is_key_operator":false,"tooltip_title":"FortisBC Energy Inc.","tooltip_line1":"FortisBC Energy Inc.","tooltip_line2":"Transmission \u00b7 81.5 km","tooltip_line3":"Project 000004880 seg 22 \u00b7 Active","tooltip_line4":"Authority: ERAA \u00b7 BCER permitted","tooltip_line5":"Post-2016 permits only \u2014 layer is partial","tooltip_line6":""}},{"type":"Feature","geometry":{"type":"LineString","coordinates":[[-124.31059,49.29565],[-124.28392,49.2862],[-124.28275,49.28519],[-124.2802,49.28439],[-124.27923,49.28453],[-124.2499,49.27393],[-124.24897,49.27402],[-124.24429,49.27257],[-124.24302,49.2714],[-124.22841,49.2647],[-124.21133,49.25824],[-124.21021,49.25714],[-124.20642,49.25757],[-124.20476,49.25694],[-124.20345,49.25548],[-124.20215,49.25493],[-124.18714,49.2497],[-124.18012,49.24804],[-124.17803,49.24661],[-124.15967,49.24569],[-124.14371,49.24618],[-124.1271,49.2431],[-124.12356,49.24153],[-124.11866,49.24137],[-124.08502,49.23681],[-124.08273,49.23425],[-124.08197,49.23263],[-124.06733,49.21635],[-124.0672,49.21493],[-124.0653,49.2143],[-124.05442,49.2021],[-124.05439,49.19706],[-124.05137,49.19513],[-124.05143,49.19329],[-124.044,49.1896],[-124.04279,49.18985],[-124.03756,49.18496],[-124.0352,49.18378],[-124.03071,49.17976],[-124.03066,49.17128],[-124.02898,49.17041],[-124.02368,49.17032],[-124.02019,49.16682],[-124.01956,49.16454],[-123.99857,49.15702],[-123.99597,49.1567],[-123.99286,49.15548],[-123.99254,49.15486],[-123.98769,49.15166],[-123.9771,49.13958],[-123.97484,49.1389],[-123.96822,49.13306],[-123.9608,49.13148],[-123.95986,49.13034],[-123.95996,49.12608],[-123.93432,49.10656],[-123.93333,49.10548],[-123.93342,49.097],[-123.93172,49.09616],[-123.92349,49.08993],[-123.91683,49.08995],[-123.91374,49.08487],[-123.91414,49.0824],[-123.91209,49.08113],[-123.91136,49.08003],[-123.9114,49.07717],[-123.91082,49.076],[-123.91098,49.07331],[-123.90862,49.07233],[-123.90625,49.07047],[-123.90605,49.06285],[-123.90689,49.06173],[-123.90604,49.05966],[-123.90629,49.05738],[-123.90523,49.05424],[-123.90385,49.05285],[-123.90035,49.05105]]},"properties":{"operator_group":"Other BC operator","is_key_operator":false,"tooltip_title":"FortisBC Energy Inc.","tooltip_line1":"FortisBC Energy Inc.","tooltip_line2":"Transmission \u00b7 45.2 km","tooltip_line3":"Project 000004880 seg 23 \u00b7 Active","tooltip_line4":"Authority: ERAA \u00b7 BCER permitted","tooltip_line5":"Post-2016 permits only \u2014 layer is partial","tooltip_line6":""}},{"type":"Feature","geometry":{"type":"LineString","coordinates":[[-123.94225,49.11278],[-123.93596,49.10806],[-123.93336,49.10556],[-123.9335,49.09716],[-123.9312,49.09576]]},"properties":{"operator_group":"Other BC operator","is_key_operator":false,"tooltip_title":"FortisBC Energy Inc.","tooltip_line1":"FortisBC Energy Inc.","tooltip_line2":"Transmission \u00b7 2.2 km","tooltip_line3":"Project 000004880 seg 57 \u00b7 Active","tooltip_line4":"Authority: ERAA \u00b7 BCER permitted","tooltip_line5":"Post-2016 permits only \u2014 layer is partial","tooltip_line6":""}},{"type":"Feature","geometry":{"type":"LineString","coordinates":[[-123.75865,48.78668],[-123.76056,48.79037],[-123.76232,48.79186],[-123.76276,48.79359]]},"properties":{"operator_group":"Other BC operator","is_key_operator":false,"tooltip_title":"FortisBC Energy Inc.","tooltip_line1":"FortisBC Energy Inc.","tooltip_line2":"Transmission \u00b7 0.8 km","tooltip_line3":"Project 000004880 seg 58 \u00b7 Active","tooltip_line4":"Authority: ERAA \u00b7 BCER permitted","tooltip_line5":"Post-2016 permits only \u2014 layer is partial","tooltip_line6":""}},{"type":"Feature","geometry":{"type":"LineString","coordinates":[[-125.00599,49.653],[-125.01026,49.65344],[-125.04782,49.68228],[-125.04851,49.68305],[-125.04833,49.68436],[-125.04675,49.68595],[-125.04355,49.68742]]},"properties":{"operator_group":"Other BC operator","is_key_operator":false,"tooltip_title":"FortisBC Energy Inc.","tooltip_line1":"FortisBC Energy Inc.","tooltip_line2":"Transmission \u00b7 5.3 km","tooltip_line3":"Project 000004880 seg 59 \u00b7 Active","tooltip_line4":"Authority: ERAA \u00b7 BCER permitted","tooltip_line5":"Post-2016 permits only \u2014 layer is partial","tooltip_line6":""}},{"type":"Feature","geometry":{"type":"LineString","coordinates":[[-124.32142,49.30329],[-124.32144,49.30587],[-124.32341,49.30646],[-124.32369,49.30721],[-124.33025,49.30791]]},"properties":{"operator_group":"Other BC operator","is_key_operator":false,"tooltip_title":"FortisBC Energy Inc.","tooltip_line1":"FortisBC Energy Inc.","tooltip_line2":"Transmission \u00b7 1.0 km","tooltip_line3":"Project 000004880 seg 60 \u00b7 Active","tooltip_line4":"Authority: ERAA \u00b7 BCER permitted","tooltip_line5":"Post-2016 permits only \u2014 layer is partial","tooltip_line6":""}},{"type":"Feature","geometry":{"type":"LineString","coordinates":[[-123.70077,48.66329],[-123.70069,48.66214],[-123.69566,48.65664],[-123.69312,48.65542]]},"properties":{"operator_group":"Other BC operator","is_key_operator":false,"tooltip_title":"FortisBC Energy Inc.","tooltip_line1":"FortisBC Energy Inc.","tooltip_line2":"Transmission \u00b7 1.1 km","tooltip_line3":"Project 000004880 seg 61 \u00b7 Active","tooltip_line4":"Authority: ERAA \u00b7 BCER permitted","tooltip_line5":"Post-2016 permits only \u2014 layer is partial","tooltip_line6":""}},{"type":"Feature","geometry":{"type":"LineString","coordinates":[[-123.89796,49.04985],[-123.89291,49.04735],[-123.89265,49.04651],[-123.88967,49.04499],[-123.87917,49.02611],[-123.87484,49.02264],[-123.85857,49.00761],[-123.85594,49.00651],[-123.85448,49.00375],[-123.85335,49.00282],[-123.85335,48.99716],[-123.85238,48.99199],[-123.84842,48.98991],[-123.8427,48.98457],[-123.83904,48.98286],[-123.83577,48.98033],[-123.83321,48.97987],[-123.82702,48.97767],[-123.8086,48.97305],[-123.79996,48.96569],[-123.79548,48.96108],[-123.78999,48.928],[-123.76772,48.91059],[-123.76455,48.90955],[-123.75859,48.90605],[-123.7549,48.90059],[-123.73741,48.88691],[-123.73715,48.88584],[-123.7152,48.86849],[-123.71467,48.86522],[-123.71566,48.86399],[-123.71546,48.86273],[-123.71847,48.8618],[-123.71918,48.86012],[-123.72088,48.85909],[-123.72087,48.85674],[-123.72427,48.85272],[-123.72443,48.85138],[-123.72666,48.8499],[-123.73189,48.84385],[-123.73243,48.84265],[-123.73474,48.84093],[-123.7374,48.82881],[-123.73836,48.82765],[-123.74007,48.82337],[-123.74038,48.82172],[-123.73979,48.82007],[-123.74626,48.81425],[-123.74791,48.81403],[-123.75407,48.80879],[-123.75466,48.80826],[-123.75474,48.80639],[-123.76227,48.79996],[-123.76463,48.79861],[-123.76405,48.79538],[-123.7627,48.79351],[-123.76232,48.79186],[-123.76024,48.78987],[-123.75593,48.78068],[-123.75468,48.78066],[-123.75457,48.77753],[-123.75371,48.77496],[-123.75192,48.77417],[-123.75281,48.77216],[-123.75263,48.77148],[-123.75334,48.77071]]},"properties":{"operator_group":"Other BC operator","is_key_operator":false,"tooltip_title":"FortisBC Energy Inc.","tooltip_line1":"FortisBC Energy Inc.","tooltip_line2":"Transmission \u00b7 38.1 km","tooltip_line3":"Project 000004880 seg 63 \u00b7 Active","tooltip_line4":"Authority: ERAA \u00b7 BCER permitted","tooltip_line5":"Post-2016 permits only \u2014 layer is partial","tooltip_line6":""}},{"type":"Feature","geometry":{"type":"LineString","coordinates":[[-123.90035,49.05105],[-123.89796,49.04985]]},"properties":{"operator_group":"Other BC operator","is_key_operator":false,"tooltip_title":"FortisBC Energy Inc.","tooltip_line1":"FortisBC Energy Inc.","tooltip_line2":"Transmission \u00b7 0.2 km","tooltip_line3":"Project 000004880 seg 64 \u00b7 Active","tooltip_line4":"Authority: ERAA \u00b7 BCER permitted","tooltip_line5":"Post-2016 permits only \u2014 layer is partial","tooltip_line6":""}},{"type":"Feature","geometry":{"type":"LineString","coordinates":[[-121.31176,55.82125],[-121.31241,55.82107],[-121.31096,55.81672],[-121.3115,55.81574],[-121.31042,55.81464],[-121.30976,55.81255],[-121.30816,55.81137],[-121.30672,55.80933],[-121.29019,55.75094],[-121.29043,55.75048],[-121.29605,55.74938],[-121.29804,55.74832],[-121.29923,55.74675],[-121.29861,55.74491]]},"properties":{"operator_group":"Other BC operator","is_key_operator":false,"tooltip_title":"FortisBC Energy Inc.","tooltip_line1":"FortisBC Energy Inc.","tooltip_line2":"Transmission \u00b7 9.2 km","tooltip_line3":"Project 000005026 seg 1 \u00b7 Active","tooltip_line4":"Authority: ERAA \u00b7 BCER permitted","tooltip_line5":"Post-2016 permits only \u2014 layer is partial","tooltip_line6":""}},{"type":"Feature","geometry":{"type":"LineString","coordinates":[[-121.29861,55.74491],[-121.29833,55.74432],[-121.30007,55.74336],[-121.30058,55.74257]]},"properties":{"operator_group":"Other BC operator","is_key_operator":false,"tooltip_title":"FortisBC Energy Inc.","tooltip_line1":"FortisBC Energy Inc.","tooltip_line2":"Transmission \u00b7 0.3 km","tooltip_line3":"Project 000005026 seg 2 \u00b7 Active","tooltip_line4":"Authority: ERAA \u00b7 BCER permitted","tooltip_line5":"Post-2016 permits only \u2014 layer is partial","tooltip_line6":""}},{"type":"Feature","geometry":{"type":"LineString","coordinates":[[-124.63487,49.79857],[-124.63656,49.79892],[-124.64696,49.8058],[-124.64886,49.80633],[-124.65212,49.80622],[-124.70427,49.78323],[-124.72708,49.77493],[-124.75278,49.76738],[-124.80452,49.75715],[-124.85627,49.74942],[-124.88493,49.74649],[-124.90514,49.74771],[-124.93452,49.74478],[-124.93616,49.74371]]},"properties":{"operator_group":"Other BC operator","is_key_operator":false,"tooltip_title":"FortisBC Energy Inc.","tooltip_line1":"FortisBC Energy Inc.","tooltip_line2":"Transmission \u00b7 23.7 km","tooltip_line3":"Project 000005221 seg 1 \u00b7 Active","tooltip_line4":"Authority: ERAA \u00b7 BCER permitted","tooltip_line5":"Post-2016 permits only \u2014 layer is partial","tooltip_line6":""}},{"type":"Feature","geometry":{"type":"LineString","coordinates":[[-124.63492,49.79854],[-124.63658,49.79891],[-124.64644,49.80525],[-124.64987,49.80586],[-124.65294,49.80557],[-124.70148,49.78345],[-124.71696,49.77757],[-124.75018,49.76752],[-124.76149,49.76552],[-124.80759,49.7556],[-124.85552,49.74861],[-124.88384,49.7457],[-124.88767,49.74561],[-124.90927,49.74721],[-124.93445,49.74476],[-124.93608,49.74366]]},"properties":{"operator_group":"Other BC operator","is_key_operator":false,"tooltip_title":"FortisBC Energy Inc.","tooltip_line1":"FortisBC Energy Inc.","tooltip_line2":"Transmission \u00b7 23.7 km","tooltip_line3":"Project 000005222 seg 1 \u00b7 Active","tooltip_line4":"Authority: ERAA \u00b7 BCER permitted","tooltip_line5":"Post-2016 permits only \u2014 layer is partial","tooltip_line6":""}},{"type":"Feature","geometry":{"type":"LineString","coordinates":[[-117.52735,49.41867],[-117.52694,49.42084],[-117.52732,49.42154]]},"properties":{"operator_group":"Other BC operator","is_key_operator":false,"tooltip_title":"FortisBC Energy Inc.","tooltip_line1":"FortisBC Energy Inc.","tooltip_line2":"Transmission \u00b7 0.3 km","tooltip_line3":"Project 000005230 seg 1 \u00b7 Active","tooltip_line4":"Authority: ERAA \u00b7 BCER permitted","tooltip_line5":"Post-2016 permits only \u2014 layer is partial","tooltip_line6":""}},{"type":"Feature","geometry":{"type":"LineString","coordinates":[[-117.52732,49.42154],[-117.52732,49.42155]]},"properties":{"operator_group":"Other BC operator","is_key_operator":false,"tooltip_title":"FortisBC Energy Inc.","tooltip_line1":"FortisBC Energy Inc.","tooltip_line2":"Transmission \u00b7 0.0 km","tooltip_line3":"Project 000005230 seg 2 \u00b7 Active","tooltip_line4":"Authority: ERAA \u00b7 BCER permitted","tooltip_line5":"Post-2016 permits only \u2014 layer is partial","tooltip_line6":""}},{"type":"Feature","geometry":{"type":"LineString","coordinates":[[-116.15073,49.06731],[-116.15003,49.07034],[-116.1506,49.07094],[-116.15068,49.07227],[-116.15206,49.07367],[-116.15034,49.07734],[-116.1485,49.07928]]},"properties":{"operator_group":"Other BC operator","is_key_operator":false,"tooltip_title":"FortisBC Energy Inc.","tooltip_line1":"FortisBC Energy Inc.","tooltip_line2":"Transmission \u00b7 1.5 km","tooltip_line3":"Project 000005244 seg 1 \u00b7 Active","tooltip_line4":"Authority: ERAA \u00b7 BCER permitted","tooltip_line5":"Post-2016 permits only \u2014 layer is partial","tooltip_line6":""}},{"type":"Feature","geometry":{"type":"LineString","coordinates":[[-116.1485,49.07928],[-116.14742,49.08115],[-116.14792,49.08192],[-116.14926,49.08255],[-116.15511,49.08902],[-116.16335,49.09458],[-116.17036,49.10533],[-116.17374,49.10791],[-116.17801,49.10924],[-116.18481,49.11378],[-116.19172,49.11984],[-116.21101,49.12935],[-116.2129,49.13255],[-116.22872,49.14121],[-116.23087,49.14399],[-116.22941,49.14578],[-116.22955,49.14729],[-116.25241,49.16134],[-116.25918,49.16242],[-116.26297,49.16255]]},"properties":{"operator_group":"Other BC operator","is_key_operator":false,"tooltip_title":"FortisBC Energy Inc.","tooltip_line1":"FortisBC Energy Inc.","tooltip_line2":"Transmission \u00b7 13.3 km","tooltip_line3":"Project 000005244 seg 2 \u00b7 Active","tooltip_line4":"Authority: ERAA \u00b7 BCER permitted","tooltip_line5":"Post-2016 permits only \u2014 layer is partial","tooltip_line6":""}},{"type":"Feature","geometry":{"type":"LineString","coordinates":[[-116.26297,49.16255],[-116.28668,49.16243]]},"properties":{"operator_group":"Other BC operator","is_key_operator":false,"tooltip_title":"FortisBC Energy Inc.","tooltip_line1":"FortisBC Energy Inc.","tooltip_line2":"Transmission \u00b7 1.7 km","tooltip_line3":"Project 000005244 seg 3 \u00b7 Active","tooltip_line4":"Authority: ERAA \u00b7 BCER permitted","tooltip_line5":"Post-2016 permits only \u2014 layer is partial","tooltip_line6":""}},{"type":"Feature","geometry":{"type":"LineString","coordinates":[[-116.28668,49.16243],[-116.30732,49.16312],[-116.31888,49.16399],[-116.33174,49.1662],[-116.3334,49.16567],[-116.33556,49.16415],[-116.34022,49.16361],[-116.34203,49.16227],[-116.34733,49.16287],[-116.35754,49.16032],[-116.36151,49.15656],[-116.36834,49.1567],[-116.38386,49.15384],[-116.38681,49.15201],[-116.39486,49.1483],[-116.40735,49.1452],[-116.41497,49.14584],[-116.42191,49.14383],[-116.42689,49.14097]]},"properties":{"operator_group":"Other BC operator","is_key_operator":false,"tooltip_title":"FortisBC Energy Inc.","tooltip_line1":"FortisBC Energy Inc.","tooltip_line2":"Transmission \u00b7 11.3 km","tooltip_line3":"Project 000005244 seg 4 \u00b7 Active","tooltip_line4":"Authority: ERAA \u00b7 BCER permitted","tooltip_line5":"Post-2016 permits only \u2014 layer is partial","tooltip_line6":""}},{"type":"Feature","geometry":{"type":"LineString","coordinates":[[-116.42689,49.14097],[-116.43573,49.13561],[-116.43745,49.13532],[-116.44056,49.13339],[-116.45582,49.13322],[-116.46027,49.13424]]},"properties":{"operator_group":"Other BC operator","is_key_operator":false,"tooltip_title":"FortisBC Energy Inc.","tooltip_line1":"FortisBC Energy Inc.","tooltip_line2":"Transmission \u00b7 2.8 km","tooltip_line3":"Project 000005244 seg 5 \u00b7 Active","tooltip_line4":"Authority: ERAA \u00b7 BCER permitted","tooltip_line5":"Post-2016 permits only \u2014 layer is partial","tooltip_line6":""}},{"type":"Feature","geometry":{"type":"LineString","coordinates":[[-116.46027,49.13424],[-116.46344,49.13508],[-116.47357,49.14298],[-116.4742,49.14458],[-116.48056,49.14945],[-116.52027,49.14737],[-116.53267,49.14149],[-116.53329,49.13996],[-116.53503,49.13806],[-116.53521,49.13663],[-116.5369,49.13619],[-116.53767,49.13661],[-116.54256,49.13635],[-116.54513,49.13534],[-116.5455,49.11615],[-116.553,49.11198],[-116.55848,49.11075],[-116.58077,49.10811],[-116.58804,49.10944],[-116.59612,49.10919],[-116.59909,49.10665],[-116.60708,49.10263],[-116.60903,49.1008],[-116.61407,49.09965],[-116.61654,49.0976],[-116.61752,49.09611],[-116.62067,49.09582],[-116.6217,49.09481],[-116.63123,49.09418],[-116.63371,49.09189],[-116.63673,49.08664],[-116.63865,49.08479],[-116.64362,49.08377],[-116.64816,49.08123],[-116.64911,49.07977],[-116.65146,49.07885],[-116.65502,49.07851],[-116.65767,49.07754],[-116.65851,49.07665],[-116.66436,49.0751],[-116.66899,49.07602],[-116.67496,49.07884],[-116.67524,49.07943],[-116.67483,49.08096],[-116.6721,49.084],[-116.67149,49.08765],[-116.67576,49.09157],[-116.68038,49.09332],[-116.68614,49.09447],[-116.68858,49.0962],[-116.69247,49.09806],[-116.69984,49.10416],[-116.70351,49.10863],[-116.70564,49.1092],[-116.71278,49.10945],[-116.72205,49.11211],[-116.72732,49.11289],[-116.7319,49.11523],[-116.73436,49.11575],[-116.74189,49.11439],[-116.74545,49.11474],[-116.75129,49.1125],[-116.75795,49.10878],[-116.76107,49.10836],[-116.7742,49.11195],[-116.7789,49.11583],[-116.78546,49.11595],[-116.79494,49.11726],[-116.79752,49.11716],[-116.80499,49.11332],[-116.81212,49.11088],[-116.82086,49.10556],[-116.8337,49.10307],[-116.83646,49.10212],[-116.83962,49.10096],[-116.84123,49.09973],[-116.8423,49.09802],[-116.84483,49.09709],[-116.84761,49.09745],[-116.85058,49.09912],[-116.85225,49.10201],[-116.85496,49.1044],[-116.85872,49.10561],[-116.86216,49.10611],[-116.86288,49.10599],[-116.86416,49.10469],[-116.86973,49.10362],[-116.87647,49.1013],[-116.88107,49.10176],[-116.88384,49.10323],[-116.89245,49.10177],[-116.8957,49.10217],[-116.89805,49.10175],[-116.90437,49.1027],[-116.91274,49.10243],[-116.91529,49.10297],[-116.92042,49.10242],[-116.92549,49.10291],[-116.92855,49.10236],[-116.93447,49.10266],[-116.93614,49.10233],[-116.95519,49.09337],[-116.96033,49.0921],[-116.98724,49.09546],[-116.9942,49.09446],[-116.99933,49.09642],[-117.01543,49.09655],[-117.03122,49.09505],[-117.03365,49.09405],[-117.03617,49.09096],[-117.03792,49.08978],[-117.04516,49.08666],[-117.04808,49.08572],[-117.05574,49.08499],[-117.05834,49.08513],[-117.06378,49.0889],[-117.06606,49.09128],[-117.07282,49.09231],[-117.12809,49.0909],[-117.13877,49.09207],[-117.14138,49.09304],[-117.14897,49.09391],[-117.16013,49.09385],[-117.16214,49.09309],[-117.16714,49.09308],[-117.17032,49.09402],[-117.17536,49.09419],[-117.17769,49.09498],[-117.17885,49.09483],[-117.18252,49.09218],[-117.18422,49.09161],[-117.18912,49.0913],[-117.19342,49.09006],[-117.20492,49.09103],[-117.22441,49.08585],[-117.23313,49.08305],[-117.23488,49.08421],[-117.24003,49.09075],[-117.24646,49.09519],[-117.24863,49.09569],[-117.25184,49.09812],[-117.25396,49.09887],[-117.25458,49.10191],[-117.25552,49.1032]]},"properties":{"operator_group":"Other BC operator","is_key_operator":false,"tooltip_title":"FortisBC Energy Inc.","tooltip_line1":"FortisBC Energy Inc.","tooltip_line2":"Transmission \u00b7 72.6 km","tooltip_line3":"Project 000005244 seg 6 \u00b7 Active","tooltip_line4":"Authority: ERAA \u00b7 BCER permitted","tooltip_line5":"Post-2016 permits only \u2014 layer is partial","tooltip_line6":""}},{"type":"Feature","geometry":{"type":"LineString","coordinates":[[-115.01515,49.39268],[-115.01495,49.39369],[-115.01705,49.39756],[-115.0219,49.41131],[-115.02662,49.41949],[-115.03657,49.42623],[-115.04169,49.43399],[-115.04174,49.43491],[-115.04252,49.43526],[-115.04402,49.43776]]},"properties":{"operator_group":"Other BC operator","is_key_operator":false,"tooltip_title":"FortisBC Energy Inc.","tooltip_line1":"FortisBC Energy Inc.","tooltip_line2":"Transmission \u00b7 5.6 km","tooltip_line3":"Project 000005258 seg 1 \u00b7 Active","tooltip_line4":"Authority: ERAA \u00b7 BCER permitted","tooltip_line5":"Post-2016 permits only \u2014 layer is partial","tooltip_line6":""}},{"type":"Feature","geometry":{"type":"LineString","coordinates":[[-115.04402,49.43776],[-115.04818,49.4494],[-115.05119,49.45067],[-115.05107,49.45169],[-115.05237,49.45353],[-115.05273,49.45933],[-115.05758,49.46798],[-115.05963,49.47465]]},"properties":{"operator_group":"Other BC operator","is_key_operator":false,"tooltip_title":"FortisBC Energy Inc.","tooltip_line1":"FortisBC Energy Inc.","tooltip_line2":"Transmission \u00b7 4.4 km","tooltip_line3":"Project 000005258 seg 2 \u00b7 Active","tooltip_line4":"Authority: ERAA \u00b7 BCER permitted","tooltip_line5":"Post-2016 permits only \u2014 layer is partial","tooltip_line6":""}},{"type":"Feature","geometry":{"type":"LineString","coordinates":[[-115.05963,49.47465],[-115.05971,49.48581]]},"properties":{"operator_group":"Other BC operator","is_key_operator":false,"tooltip_title":"FortisBC Energy Inc.","tooltip_line1":"FortisBC Energy Inc.","tooltip_line2":"Transmission \u00b7 1.2 km","tooltip_line3":"Project 000005258 seg 3 \u00b7 Active","tooltip_line4":"Authority: ERAA \u00b7 BCER permitted","tooltip_line5":"Post-2016 permits only \u2014 layer is partial","tooltip_line6":""}},{"type":"Feature","geometry":{"type":"LineString","coordinates":[[-115.05971,49.48581],[-115.0602,49.48682],[-115.06105,49.48729],[-115.06456,49.48749],[-115.06794,49.48891]]},"properties":{"operator_group":"Other BC operator","is_key_operator":false,"tooltip_title":"FortisBC Energy Inc.","tooltip_line1":"FortisBC Energy Inc.","tooltip_line2":"Transmission \u00b7 0.8 km","tooltip_line3":"Project 000005258 seg 4 \u00b7 Active","tooltip_line4":"Authority: ERAA \u00b7 BCER permitted","tooltip_line5":"Post-2016 permits only \u2014 layer is partial","tooltip_line6":""}},{"type":"Feature","geometry":{"type":"LineString","coordinates":[[-117.25552,49.1032],[-117.25781,49.10457],[-117.26206,49.10594],[-117.27473,49.10636],[-117.28093,49.10558],[-117.29615,49.10192],[-117.29904,49.10162],[-117.30395,49.10461],[-117.3061,49.10754],[-117.31241,49.11243],[-117.31406,49.11514],[-117.31687,49.11669],[-117.33078,49.11484],[-117.34997,49.1184],[-117.35333,49.11851],[-117.37446,49.11527],[-117.39082,49.11502],[-117.39904,49.11415],[-117.4045,49.11454],[-117.41079,49.11396],[-117.41687,49.11237],[-117.41993,49.11249],[-117.42445,49.11044],[-117.43091,49.10944],[-117.43328,49.10818],[-117.43451,49.10691],[-117.43486,49.10483],[-117.43851,49.10251],[-117.45016,49.09826],[-117.45463,49.09952],[-117.45942,49.09698],[-117.46442,49.09575],[-117.48103,49.08941],[-117.48685,49.08577],[-117.49258,49.08389],[-117.50286,49.08693],[-117.50558,49.08674],[-117.51309,49.08506],[-117.51671,49.08652],[-117.52951,49.08881],[-117.53965,49.09142],[-117.54176,49.091],[-117.54443,49.08896],[-117.54767,49.08788],[-117.55324,49.08786],[-117.55976,49.09059],[-117.56329,49.08716],[-117.56653,49.08276],[-117.56747,49.08261]]},"properties":{"operator_group":"Other BC operator","is_key_operator":false,"tooltip_title":"FortisBC Energy Inc.","tooltip_line1":"FortisBC Energy Inc.","tooltip_line2":"Transmission \u00b7 27.0 km","tooltip_line3":"Project 000005299 seg 1 \u00b7 Active","tooltip_line4":"Authority: ERAA \u00b7 BCER permitted","tooltip_line5":"Post-2016 permits only \u2014 layer is partial","tooltip_line6":""}},{"type":"Feature","geometry":{"type":"LineString","coordinates":[[-117.56747,49.08261],[-117.56877,49.08255],[-117.57352,49.07969],[-117.57385,49.07887],[-117.57632,49.07771],[-117.57776,49.07622],[-117.57919,49.07318],[-117.58212,49.07317],[-117.58538,49.07116],[-117.58892,49.07037]]},"properties":{"operator_group":"Other BC operator","is_key_operator":false,"tooltip_title":"FortisBC Energy Inc.","tooltip_line1":"FortisBC Energy Inc.","tooltip_line2":"Transmission \u00b7 2.3 km","tooltip_line3":"Project 000005299 seg 2 \u00b7 Active","tooltip_line4":"Authority: ERAA \u00b7 BCER permitted","tooltip_line5":"Post-2016 permits only \u2014 layer is partial","tooltip_line6":""}},{"type":"Feature","geometry":{"type":"LineString","coordinates":[[-117.58892,49.07037],[-117.59184,49.06974],[-117.59521,49.06994],[-117.59802,49.06867],[-117.60204,49.06577],[-117.60396,49.06507],[-117.60542,49.06366],[-117.62004,49.0639],[-117.6216,49.06449],[-117.62244,49.06559]]},"properties":{"operator_group":"Other BC operator","is_key_operator":false,"tooltip_title":"FortisBC Energy Inc.","tooltip_line1":"FortisBC Energy Inc.","tooltip_line2":"Transmission \u00b7 2.9 km","tooltip_line3":"Project 000005299 seg 3 \u00b7 Active","tooltip_line4":"Authority: ERAA \u00b7 BCER permitted","tooltip_line5":"Post-2016 permits only \u2014 layer is partial","tooltip_line6":""}},{"type":"Feature","geometry":{"type":"LineString","coordinates":[[-117.62244,49.06559],[-117.62294,49.06628],[-117.62581,49.06712],[-117.63061,49.06645],[-117.63582,49.06769]]},"properties":{"operator_group":"Other BC operator","is_key_operator":false,"tooltip_title":"FortisBC Energy Inc.","tooltip_line1":"FortisBC Energy Inc.","tooltip_line2":"Transmission \u00b7 1.1 km","tooltip_line3":"Project 000005299 seg 4 \u00b7 Active","tooltip_line4":"Authority: ERAA \u00b7 BCER permitted","tooltip_line5":"Post-2016 permits only \u2014 layer is partial","tooltip_line6":""}},{"type":"Feature","geometry":{"type":"LineString","coordinates":[[-117.63582,49.06769],[-117.64158,49.06861],[-117.64537,49.06765],[-117.64716,49.067],[-117.65508,49.0617],[-117.65808,49.06094],[-117.66362,49.06067],[-117.69096,49.05685],[-117.6985,49.05672],[-117.70044,49.05561],[-117.70411,49.05668],[-117.71165,49.05688],[-117.71467,49.05647],[-117.7165,49.05855],[-117.71845,49.05901],[-117.72305,49.06308],[-117.72417,49.06346],[-117.74093,49.06464],[-117.75169,49.06431],[-117.76485,49.06593],[-117.7715,49.06423],[-117.77329,49.06434],[-117.78061,49.06232],[-117.7863,49.06199],[-117.79232,49.06001],[-117.79477,49.05862]]},"properties":{"operator_group":"Other BC operator","is_key_operator":false,"tooltip_title":"FortisBC Energy Inc.","tooltip_line1":"FortisBC Energy Inc.","tooltip_line2":"Transmission \u00b7 12.9 km","tooltip_line3":"Project 000005299 seg 5 \u00b7 Active","tooltip_line4":"Authority: ERAA \u00b7 BCER permitted","tooltip_line5":"Post-2016 permits only \u2014 layer is partial","tooltip_line6":""}},{"type":"Feature","geometry":{"type":"LineString","coordinates":[[-117.79477,49.05862],[-117.79902,49.05786],[-117.80092,49.05684],[-117.8051,49.05663],[-117.80646,49.05604],[-117.81577,49.05621]]},"properties":{"operator_group":"Other BC operator","is_key_operator":false,"tooltip_title":"FortisBC Energy Inc.","tooltip_line1":"FortisBC Energy Inc.","tooltip_line2":"Transmission \u00b7 1.7 km","tooltip_line3":"Project 000005299 seg 6 \u00b7 Active","tooltip_line4":"Authority: ERAA \u00b7 BCER permitted","tooltip_line5":"Post-2016 permits only \u2014 layer is partial","tooltip_line6":""}},{"type":"Feature","geometry":{"type":"LineString","coordinates":[[-117.81577,49.05621],[-117.82218,49.05592],[-117.84066,49.0527],[-117.84542,49.05255],[-117.8482,49.0551],[-117.84883,49.05625],[-117.85044,49.05699],[-117.86968,49.04646]]},"properties":{"operator_group":"Other BC operator","is_key_operator":false,"tooltip_title":"FortisBC Energy Inc.","tooltip_line1":"FortisBC Energy Inc.","tooltip_line2":"Transmission \u00b7 4.9 km","tooltip_line3":"Project 000005299 seg 7 \u00b7 Active","tooltip_line4":"Authority: ERAA \u00b7 BCER permitted","tooltip_line5":"Post-2016 permits only \u2014 layer is partial","tooltip_line6":""}},{"type":"Feature","geometry":{"type":"LineString","coordinates":[[-117.86968,49.04646],[-117.87365,49.04408]]},"properties":{"operator_group":"Other BC operator","is_key_operator":false,"tooltip_title":"FortisBC Energy Inc.","tooltip_line1":"FortisBC Energy Inc.","tooltip_line2":"Transmission \u00b7 0.4 km","tooltip_line3":"Project 000005299 seg 8 \u00b7 Active","tooltip_line4":"Authority: ERAA \u00b7 BCER permitted","tooltip_line5":"Post-2016 permits only \u2014 layer is partial","tooltip_line6":""}},{"type":"Feature","geometry":{"type":"LineString","coordinates":[[-117.87365,49.04408],[-117.8967,49.03157],[-117.89929,49.02593],[-117.90255,49.02312],[-117.91402,49.01994],[-117.91789,49.01661],[-117.91905,49.01246],[-117.92053,49.00985],[-117.92769,49.00704],[-117.93198,49.00411],[-117.93606,49.00395],[-117.93949,49.00477],[-117.94002,49.00775],[-117.94343,49.0124],[-117.95568,49.01956],[-117.96422,49.0203],[-117.96978,49.01948],[-117.97226,49.01994],[-117.98292,49.01998],[-117.99073,49.01753],[-117.9928,49.01727],[-117.99517,49.01782],[-118.00501,49.01606],[-118.02083,49.01066],[-118.03537,49.01142],[-118.03841,49.01256],[-118.04074,49.01274],[-118.06075,49.01244],[-118.0688,49.01286],[-118.10116,49.01797],[-118.10977,49.01717],[-118.12366,49.01446],[-118.16071,49.00892],[-118.17118,49.009],[-118.17607,49.00838],[-118.17895,49.00904],[-118.18904,49.01435],[-118.19251,49.01273],[-118.20375,49.01265],[-118.20635,49.01351],[-118.21352,49.01842],[-118.21541,49.01831],[-118.21715,49.01724],[-118.22133,49.01673],[-118.22855,49.01719]]},"properties":{"operator_group":"Other BC operator","is_key_operator":false,"tooltip_title":"FortisBC Energy Inc.","tooltip_line1":"FortisBC Energy Inc.","tooltip_line2":"Transmission \u00b7 31.0 km","tooltip_line3":"Project 000005299 seg 9 \u00b7 Active","tooltip_line4":"Authority: ERAA \u00b7 BCER permitted","tooltip_line5":"Post-2016 permits only \u2014 layer is partial","tooltip_line6":""}},{"type":"Feature","geometry":{"type":"LineString","coordinates":[[-118.22855,49.01719],[-118.23134,49.01721],[-118.23454,49.01793],[-118.24064,49.01763],[-118.24948,49.01482],[-118.25162,49.01324]]},"properties":{"operator_group":"Other BC operator","is_key_operator":false,"tooltip_title":"FortisBC Energy Inc.","tooltip_line1":"FortisBC Energy Inc.","tooltip_line2":"Transmission \u00b7 1.9 km","tooltip_line3":"Project 000005299 seg 10 \u00b7 Active","tooltip_line4":"Authority: ERAA \u00b7 BCER permitted","tooltip_line5":"Post-2016 permits only \u2014 layer is partial","tooltip_line6":""}},{"type":"Feature","geometry":{"type":"LineString","coordinates":[[-118.25162,49.01324],[-118.25562,49.01025],[-118.26456,49.00612],[-118.28098,49.00385],[-118.28584,49.00511],[-118.29247,49.00557],[-118.30784,49.01006],[-118.32194,49.01256],[-118.33119,49.01211],[-118.33582,49.01324],[-118.34329,49.01269]]},"properties":{"operator_group":"Other BC operator","is_key_operator":false,"tooltip_title":"FortisBC Energy Inc.","tooltip_line1":"FortisBC Energy Inc.","tooltip_line2":"Transmission \u00b7 7.3 km","tooltip_line3":"Project 000005299 seg 11 \u00b7 Active","tooltip_line4":"Authority: ERAA \u00b7 BCER permitted","tooltip_line5":"Post-2016 permits only \u2014 layer is partial","tooltip_line6":""}},{"type":"Feature","geometry":{"type":"LineString","coordinates":[[-118.34329,49.01269],[-118.34589,49.01392],[-118.34702,49.01603],[-118.34787,49.01661],[-118.34989,49.0171],[-118.35274,49.01683],[-118.35526,49.01867]]},"properties":{"operator_group":"Other BC operator","is_key_operator":false,"tooltip_title":"FortisBC Energy Inc.","tooltip_line1":"FortisBC Energy Inc.","tooltip_line2":"Transmission \u00b7 1.2 km","tooltip_line3":"Project 000005299 seg 12 \u00b7 Active","tooltip_line4":"Authority: ERAA \u00b7 BCER permitted","tooltip_line5":"Post-2016 permits only \u2014 layer is partial","tooltip_line6":""}},{"type":"Feature","geometry":{"type":"LineString","coordinates":[[-121.30819,51.34545],[-121.30823,51.34562]]},"properties":{"operator_group":"Other BC operator","is_key_operator":false,"tooltip_title":"FortisBC Energy Inc.","tooltip_line1":"FortisBC Energy Inc.","tooltip_line2":"Transmission \u00b7 0.0 km","tooltip_line3":"Project 000005332 seg 1 \u00b7 Active","tooltip_line4":"Authority: ERAA \u00b7 BCER permitted","tooltip_line5":"Post-2016 permits only \u2014 layer is partial","tooltip_line6":""}},{"type":"Feature","geometry":{"type":"LineString","coordinates":[[-122.06548,52.18214],[-122.06547,52.18213]]},"properties":{"operator_group":"Other BC operator","is_key_operator":false,"tooltip_title":"FortisBC Energy Inc.","tooltip_line1":"FortisBC Energy Inc.","tooltip_line2":"Transmission \u00b7 0.0 km","tooltip_line3":"Project 000005427 seg 1 \u00b7 Active","tooltip_line4":"Authority: ERAA \u00b7 BCER permitted","tooltip_line5":"Post-2016 permits only \u2014 layer is partial","tooltip_line6":""}},{"type":"Feature","geometry":{"type":"LineString","coordinates":[[-122.06547,52.18213],[-122.07078,52.17922],[-122.07299,52.17596],[-122.07322,52.1743],[-122.07484,52.17317],[-122.08439,52.1588],[-122.0888,52.15648]]},"properties":{"operator_group":"Other BC operator","is_key_operator":false,"tooltip_title":"FortisBC Energy Inc.","tooltip_line1":"FortisBC Energy Inc.","tooltip_line2":"Transmission \u00b7 3.4 km","tooltip_line3":"Project 000005427 seg 2 \u00b7 Active","tooltip_line4":"Authority: ERAA \u00b7 BCER permitted","tooltip_line5":"Post-2016 permits only \u2014 layer is partial","tooltip_line6":""}},{"type":"Feature","geometry":{"type":"LineString","coordinates":[[-122.0888,52.15648],[-122.08884,52.15647]]},"properties":{"operator_group":"Other BC operator","is_key_operator":false,"tooltip_title":"FortisBC Energy Inc.","tooltip_line1":"FortisBC Energy Inc.","tooltip_line2":"Transmission \u00b7 0.0 km","tooltip_line3":"Project 000005427 seg 3 \u00b7 Active","tooltip_line4":"Authority: ERAA \u00b7 BCER permitted","tooltip_line5":"Post-2016 permits only \u2014 layer is partial","tooltip_line6":""}},{"type":"Feature","geometry":{"type":"LineString","coordinates":[[-122.08884,52.1565],[-122.1277,52.15614],[-122.1469,52.15781]]},"properties":{"operator_group":"Other BC operator","is_key_operator":false,"tooltip_title":"FortisBC Energy Inc.","tooltip_line1":"FortisBC Energy Inc.","tooltip_line2":"Transmission \u00b7 4.0 km","tooltip_line3":"Project 000005427 seg 4 \u00b7 Active","tooltip_line4":"Authority: ERAA \u00b7 BCER permitted","tooltip_line5":"Post-2016 permits only \u2014 layer is partial","tooltip_line6":""}},{"type":"Feature","geometry":{"type":"LineString","coordinates":[[-122.1469,52.15781],[-122.15025,52.15781],[-122.15426,52.15864]]},"properties":{"operator_group":"Other BC operator","is_key_operator":false,"tooltip_title":"FortisBC Energy Inc.","tooltip_line1":"FortisBC Energy Inc.","tooltip_line2":"Transmission \u00b7 0.6 km","tooltip_line3":"Project 000005427 seg 5 \u00b7 Active","tooltip_line4":"Authority: ERAA \u00b7 BCER permitted","tooltip_line5":"Post-2016 permits only \u2014 layer is partial","tooltip_line6":""}},{"type":"Feature","geometry":{"type":"LineString","coordinates":[[-122.15426,52.15864],[-122.15522,52.15915],[-122.15646,52.16233],[-122.15565,52.16314]]},"properties":{"operator_group":"Other BC operator","is_key_operator":false,"tooltip_title":"FortisBC Energy Inc.","tooltip_line1":"FortisBC Energy Inc.","tooltip_line2":"Transmission \u00b7 0.6 km","tooltip_line3":"Project 000005427 seg 6 \u00b7 Active","tooltip_line4":"Authority: ERAA \u00b7 BCER permitted","tooltip_line5":"Post-2016 permits only \u2014 layer is partial","tooltip_line6":""}},{"type":"Feature","geometry":{"type":"LineString","coordinates":[[-122.15565,52.16314],[-122.15686,52.16365],[-122.16148,52.16384]]},"properties":{"operator_group":"Other BC operator","is_key_operator":false,"tooltip_title":"FortisBC Energy Inc.","tooltip_line1":"FortisBC Energy Inc.","tooltip_line2":"Transmission \u00b7 0.4 km","tooltip_line3":"Project 000005427 seg 7 \u00b7 Active","tooltip_line4":"Authority: ERAA \u00b7 BCER permitted","tooltip_line5":"Post-2016 permits only \u2014 layer is partial","tooltip_line6":""}},{"type":"Feature","geometry":{"type":"LineString","coordinates":[[-122.16148,52.16384],[-122.16326,52.16391]]},"properties":{"operator_group":"Other BC operator","is_key_operator":false,"tooltip_title":"FortisBC Energy Inc.","tooltip_line1":"FortisBC Energy Inc.","tooltip_line2":"Transmission \u00b7 0.1 km","tooltip_line3":"Project 000005427 seg 8 \u00b7 Active","tooltip_line4":"Authority: ERAA \u00b7 BCER permitted","tooltip_line5":"Post-2016 permits only \u2014 layer is partial","tooltip_line6":""}},{"type":"Feature","geometry":{"type":"LineString","coordinates":[[-122.16326,52.16391],[-122.16615,52.16419],[-122.16857,52.1607],[-122.16939,52.16021],[-122.17031,52.16053]]},"properties":{"operator_group":"Other BC operator","is_key_operator":false,"tooltip_title":"FortisBC Energy Inc.","tooltip_line1":"FortisBC Energy Inc.","tooltip_line2":"Transmission \u00b7 1.1 km","tooltip_line3":"Project 000005427 seg 9 \u00b7 Active","tooltip_line4":"Authority: ERAA \u00b7 BCER permitted","tooltip_line5":"Post-2016 permits only \u2014 layer is partial","tooltip_line6":""}},{"type":"Feature","geometry":{"type":"LineString","coordinates":[[-122.5792,49.1047],[-122.58044,49.10581],[-122.59163,49.1056],[-122.61045,49.10916],[-122.62036,49.11175],[-122.6219,49.11259],[-122.62619,49.11261],[-122.63209,49.11165],[-122.64108,49.11652],[-122.65578,49.12153],[-122.66594,49.12563],[-122.6701,49.12575],[-122.68993,49.1314],[-122.69205,49.13165],[-122.69536,49.13502],[-122.70934,49.13625],[-122.71025,49.13735],[-122.71476,49.13748],[-122.72331,49.13914],[-122.72364,49.17534],[-122.73278,49.17534],[-122.7357,49.17578],[-122.82747,49.17556],[-122.85926,49.16824]]},"properties":{"operator_group":"Other BC operator","is_key_operator":false,"tooltip_title":"FortisBC Energy Inc.","tooltip_line1":"FortisBC Energy Inc.","tooltip_line2":"Transmission \u00b7 25.9 km","tooltip_line3":"Project 000005447 seg 1 \u00b7 Active","tooltip_line4":"Authority: ERAA \u00b7 BCER permitted","tooltip_line5":"Post-2016 permits only \u2014 layer is partial","tooltip_line6":""}},{"type":"Feature","geometry":{"type":"LineString","coordinates":[[-115.74288,49.49601],[-115.7419,49.49556],[-115.73902,49.4968],[-115.73902,49.4981],[-115.73346,49.49815],[-115.73228,49.50247],[-115.73224,49.50775]]},"properties":{"operator_group":"Other BC operator","is_key_operator":false,"tooltip_title":"FortisBC Energy Inc.","tooltip_line1":"FortisBC Energy Inc.","tooltip_line2":"Transmission \u00b7 2.0 km","tooltip_line3":"Project 000005472 seg 1 \u00b7 Active","tooltip_line4":"Authority: ERAA \u00b7 BCER permitted","tooltip_line5":"Post-2016 permits only \u2014 layer is partial","tooltip_line6":""}},{"type":"Feature","geometry":{"type":"LineString","coordinates":[[-115.73224,49.50775],[-115.73225,49.50849],[-115.73326,49.50977],[-115.73265,49.51189],[-115.73281,49.51795],[-115.72796,49.52309],[-115.72785,49.53992],[-115.72913,49.54304],[-115.7413,49.54736]]},"properties":{"operator_group":"Other BC operator","is_key_operator":false,"tooltip_title":"FortisBC Energy Inc.","tooltip_line1":"FortisBC Energy Inc.","tooltip_line2":"Transmission \u00b7 5.1 km","tooltip_line3":"Project 000005472 seg 2 \u00b7 Active","tooltip_line4":"Authority: ERAA \u00b7 BCER permitted","tooltip_line5":"Post-2016 permits only \u2014 layer is partial","tooltip_line6":""}},{"type":"Feature","geometry":{"type":"LineString","coordinates":[[-115.7413,49.54736],[-115.74753,49.54733],[-115.75203,49.54588],[-115.75365,49.54602],[-115.7541,49.54449],[-115.75908,49.54449],[-115.76502,49.55154]]},"properties":{"operator_group":"Other BC operator","is_key_operator":false,"tooltip_title":"FortisBC Energy Inc.","tooltip_line1":"FortisBC Energy Inc.","tooltip_line2":"Transmission \u00b7 2.4 km","tooltip_line3":"Project 000005472 seg 3 \u00b7 Active","tooltip_line4":"Authority: ERAA \u00b7 BCER permitted","tooltip_line5":"Post-2016 permits only \u2014 layer is partial","tooltip_line6":""}},{"type":"Feature","geometry":{"type":"LineString","coordinates":[[-115.76502,49.55154],[-115.76501,49.55154]]},"properties":{"operator_group":"Other BC operator","is_key_operator":false,"tooltip_title":"FortisBC Energy Inc.","tooltip_line1":"FortisBC Energy Inc.","tooltip_line2":"Transmission \u00b7 0.0 km","tooltip_line3":"Project 000005472 seg 4 \u00b7 Active","tooltip_line4":"Authority: ERAA \u00b7 BCER permitted","tooltip_line5":"Post-2016 permits only \u2014 layer is partial","tooltip_line6":""}},{"type":"Feature","geometry":{"type":"LineString","coordinates":[[-115.765,49.55154],[-115.76533,49.55267],[-115.77219,49.5572]]},"properties":{"operator_group":"Other BC operator","is_key_operator":false,"tooltip_title":"FortisBC Energy Inc.","tooltip_line1":"FortisBC Energy Inc.","tooltip_line2":"Transmission \u00b7 0.8 km","tooltip_line3":"Project 000005472 seg 5 \u00b7 Active","tooltip_line4":"Authority: ERAA \u00b7 BCER permitted","tooltip_line5":"Post-2016 permits only \u2014 layer is partial","tooltip_line6":""}},{"type":"Feature","geometry":{"type":"LineString","coordinates":[[-115.77219,49.5572],[-115.77458,49.55837],[-115.77703,49.55887],[-115.78389,49.55884],[-115.78523,49.55843],[-115.78618,49.55886],[-115.78749,49.56068],[-115.79469,49.56352],[-115.7953,49.56417]]},"properties":{"operator_group":"Other BC operator","is_key_operator":false,"tooltip_title":"FortisBC Energy Inc.","tooltip_line1":"FortisBC Energy Inc.","tooltip_line2":"Transmission \u00b7 2.0 km","tooltip_line3":"Project 000005472 seg 6 \u00b7 Active","tooltip_line4":"Authority: ERAA \u00b7 BCER permitted","tooltip_line5":"Post-2016 permits only \u2014 layer is partial","tooltip_line6":""}},{"type":"Feature","geometry":{"type":"LineString","coordinates":[[-115.7953,49.56417],[-115.7976,49.56517],[-115.79863,49.56708],[-115.8014,49.57019],[-115.80517,49.57112]]},"properties":{"operator_group":"Other BC operator","is_key_operator":false,"tooltip_title":"FortisBC Energy Inc.","tooltip_line1":"FortisBC Energy Inc.","tooltip_line2":"Transmission \u00b7 1.1 km","tooltip_line3":"Project 000005472 seg 7 \u00b7 Active","tooltip_line4":"Authority: ERAA \u00b7 BCER permitted","tooltip_line5":"Post-2016 permits only \u2014 layer is partial","tooltip_line6":""}},{"type":"Feature","geometry":{"type":"LineString","coordinates":[[-115.80517,49.57112],[-115.80519,49.57108]]},"properties":{"operator_group":"Other BC operator","is_key_operator":false,"tooltip_title":"FortisBC Energy Inc.","tooltip_line1":"FortisBC Energy Inc.","tooltip_line2":"Transmission \u00b7 0.0 km","tooltip_line3":"Project 000005472 seg 8 \u00b7 Active","tooltip_line4":"Authority: ERAA \u00b7 BCER permitted","tooltip_line5":"Post-2016 permits only \u2014 layer is partial","tooltip_line6":""}},{"type":"Feature","geometry":{"type":"LineString","coordinates":[[-119.25027,50.42206],[-119.25043,50.42179],[-119.24793,50.42025],[-119.24251,50.41938],[-119.24112,50.41857]]},"properties":{"operator_group":"Other BC operator","is_key_operator":false,"tooltip_title":"FortisBC Energy Inc.","tooltip_line1":"FortisBC Energy Inc.","tooltip_line2":"Transmission \u00b7 0.8 km","tooltip_line3":"Project 000005475 seg 1 \u00b7 Active","tooltip_line4":"Authority: ERAA \u00b7 BCER permitted","tooltip_line5":"Post-2016 permits only \u2014 layer is partial","tooltip_line6":""}},{"type":"Feature","geometry":{"type":"LineString","coordinates":[[-119.24112,50.41857],[-119.23982,50.41782],[-119.23414,50.41696],[-119.23177,50.41586],[-119.23161,50.41242],[-119.22883,50.41247],[-119.22884,50.41005]]},"properties":{"operator_group":"Other BC operator","is_key_operator":false,"tooltip_title":"FortisBC Energy Inc.","tooltip_line1":"FortisBC Energy Inc.","tooltip_line2":"Transmission \u00b7 1.6 km","tooltip_line3":"Project 000005475 seg 2 \u00b7 Active","tooltip_line4":"Authority: ERAA \u00b7 BCER permitted","tooltip_line5":"Post-2016 permits only \u2014 layer is partial","tooltip_line6":""}},{"type":"Feature","geometry":{"type":"LineString","coordinates":[[-119.22884,50.41005],[-119.22888,50.40501],[-119.22818,50.40502]]},"properties":{"operator_group":"Other BC operator","is_key_operator":false,"tooltip_title":"FortisBC Energy Inc.","tooltip_line1":"FortisBC Energy Inc.","tooltip_line2":"Transmission \u00b7 0.6 km","tooltip_line3":"Project 000005475 seg 3 \u00b7 Active","tooltip_line4":"Authority: ERAA \u00b7 BCER permitted","tooltip_line5":"Post-2016 permits only \u2014 layer is partial","tooltip_line6":""}},{"type":"Feature","geometry":{"type":"LineString","coordinates":[[-119.22818,50.40502],[-119.22241,50.40509],[-119.22241,50.40477]]},"properties":{"operator_group":"Other BC operator","is_key_operator":false,"tooltip_title":"FortisBC Energy Inc.","tooltip_line1":"FortisBC Energy Inc.","tooltip_line2":"Transmission \u00b7 0.5 km","tooltip_line3":"Project 000005475 seg 4 \u00b7 Active","tooltip_line4":"Authority: ERAA \u00b7 BCER permitted","tooltip_line5":"Post-2016 permits only \u2014 layer is partial","tooltip_line6":""}},{"type":"Feature","geometry":{"type":"LineString","coordinates":[[-125.81924,54.32292],[-125.81912,54.30391],[-125.81863,54.30358],[-125.81912,54.30353],[-125.819,54.29065]]},"properties":{"operator_group":"Other BC operator","is_key_operator":false,"tooltip_title":"Pacific Northern Gas Ltd.","tooltip_line1":"Pacific Northern Gas Ltd.","tooltip_line2":"Transmission \u00b7 3.6 km","tooltip_line3":"Project 000005486 seg 1 \u00b7 Active","tooltip_line4":"Authority: ERAA \u00b7 BCER permitted","tooltip_line5":"Post-2016 permits only \u2014 layer is partial","tooltip_line6":""}},{"type":"Feature","geometry":{"type":"LineString","coordinates":[[-122.47839,53.09392],[-122.47839,53.09387]]},"properties":{"operator_group":"Other BC operator","is_key_operator":false,"tooltip_title":"FortisBC Energy Inc.","tooltip_line1":"FortisBC Energy Inc.","tooltip_line2":"Transmission \u00b7 0.0 km","tooltip_line3":"Project 000005488 seg 1 \u00b7 Active","tooltip_line4":"Authority: ERAA \u00b7 BCER permitted","tooltip_line5":"Post-2016 permits only \u2014 layer is partial","tooltip_line6":""}},{"type":"Feature","geometry":{"type":"LineString","coordinates":[[-124.23313,54.43945],[-124.23414,54.43899],[-124.24937,54.43896],[-124.24936,54.44014],[-124.24887,54.44016]]},"properties":{"operator_group":"Other BC operator","is_key_operator":false,"tooltip_title":"Pacific Northern Gas Ltd.","tooltip_line1":"Pacific Northern Gas Ltd.","tooltip_line2":"Transmission \u00b7 1.2 km","tooltip_line3":"Project 000005694 seg 1 \u00b7 Active","tooltip_line4":"Authority: ERAA \u00b7 BCER permitted","tooltip_line5":"Post-2016 permits only \u2014 layer is partial","tooltip_line6":""}},{"type":"Feature","geometry":{"type":"LineString","coordinates":[[-121.28906,50.80601],[-121.29557,50.79683],[-121.29344,50.79558],[-121.29531,50.79293],[-121.29232,50.7868],[-121.27407,50.77022],[-121.27122,50.75788],[-121.26534,50.74717],[-121.26436,50.7439],[-121.2658,50.74289]]},"properties":{"operator_group":"Other BC operator","is_key_operator":false,"tooltip_title":"FortisBC Energy Inc.","tooltip_line1":"FortisBC Energy Inc.","tooltip_line2":"Transmission \u00b7 7.8 km","tooltip_line3":"Project 000005741 seg 1 \u00b7 Active","tooltip_line4":"Authority: ERAA \u00b7 BCER permitted","tooltip_line5":"Post-2016 permits only \u2014 layer is partial","tooltip_line6":""}},{"type":"Feature","geometry":{"type":"LineString","coordinates":[[-121.2658,50.74289],[-121.26828,50.74174],[-121.27156,50.74113]]},"properties":{"operator_group":"Other BC operator","is_key_operator":false,"tooltip_title":"FortisBC Energy Inc.","tooltip_line1":"FortisBC Energy Inc.","tooltip_line2":"Transmission \u00b7 0.5 km","tooltip_line3":"Project 000005741 seg 2 \u00b7 Active","tooltip_line4":"Authority: ERAA \u00b7 BCER permitted","tooltip_line5":"Post-2016 permits only \u2014 layer is partial","tooltip_line6":""}},{"type":"Feature","geometry":{"type":"LineString","coordinates":[[-121.27156,50.74113],[-121.27354,50.7404]]},"properties":{"operator_group":"Other BC operator","is_key_operator":false,"tooltip_title":"FortisBC Energy Inc.","tooltip_line1":"FortisBC Energy Inc.","tooltip_line2":"Transmission \u00b7 0.2 km","tooltip_line3":"Project 000005741 seg 3 \u00b7 Active","tooltip_line4":"Authority: ERAA \u00b7 BCER permitted","tooltip_line5":"Post-2016 permits only \u2014 layer is partial","tooltip_line6":""}},{"type":"Feature","geometry":{"type":"LineString","coordinates":[[-121.27354,50.7404],[-121.27971,50.73772],[-121.28107,50.73663]]},"properties":{"operator_group":"Other BC operator","is_key_operator":false,"tooltip_title":"FortisBC Energy Inc.","tooltip_line1":"FortisBC Energy Inc.","tooltip_line2":"Transmission \u00b7 0.7 km","tooltip_line3":"Project 000005741 seg 4 \u00b7 Active","tooltip_line4":"Authority: ERAA \u00b7 BCER permitted","tooltip_line5":"Post-2016 permits only \u2014 layer is partial","tooltip_line6":""}},{"type":"Feature","geometry":{"type":"LineString","coordinates":[[-121.29236,51.63709],[-121.29229,51.63709]]},"properties":{"operator_group":"Other BC operator","is_key_operator":false,"tooltip_title":"FortisBC Energy Inc.","tooltip_line1":"FortisBC Energy Inc.","tooltip_line2":"Transmission \u00b7 0.0 km","tooltip_line3":"Project 000005829 seg 1 \u00b7 Active","tooltip_line4":"Authority: ERAA \u00b7 BCER permitted","tooltip_line5":"Post-2016 permits only \u2014 layer is partial","tooltip_line6":""}},{"type":"Feature","geometry":{"type":"LineString","coordinates":[[-122.82259,49.30053],[-122.82263,49.30796],[-122.81895,49.31076],[-122.8125,49.31362]]},"properties":{"operator_group":"Other BC operator","is_key_operator":false,"tooltip_title":"FortisBC Energy Inc.","tooltip_line1":"FortisBC Energy Inc.","tooltip_line2":"Transmission \u00b7 1.8 km","tooltip_line3":"Project 000005916 seg 1 \u00b7 Active","tooltip_line4":"Authority: ERAA \u00b7 BCER permitted","tooltip_line5":"Post-2016 permits only \u2014 layer is partial","tooltip_line6":""}},{"type":"Feature","geometry":{"type":"LineString","coordinates":[[-119.52656,49.24763],[-119.52655,49.24941]]},"properties":{"operator_group":"Other BC operator","is_key_operator":false,"tooltip_title":"FortisBC Energy Inc.","tooltip_line1":"FortisBC Energy Inc.","tooltip_line2":"Transmission \u00b7 0.2 km","tooltip_line3":"Project 000006155 seg 1 \u00b7 Active","tooltip_line4":"Authority: ERAA \u00b7 BCER permitted","tooltip_line5":"Post-2016 permits only \u2014 layer is partial","tooltip_line6":""}},{"type":"Feature","geometry":{"type":"LineString","coordinates":[[-119.52655,49.24941],[-119.52726,49.2499],[-119.52671,49.25593],[-119.52941,49.26348],[-119.5327,49.26367],[-119.53359,49.26506],[-119.53687,49.26725],[-119.53704,49.27568],[-119.54006,49.28509],[-119.54202,49.29666],[-119.54412,49.30065],[-119.54679,49.3044],[-119.55371,49.31051],[-119.56293,49.3154],[-119.56232,49.31623],[-119.5668,49.32196],[-119.5724,49.32726]]},"properties":{"operator_group":"Other BC operator","is_key_operator":false,"tooltip_title":"FortisBC Energy Inc.","tooltip_line1":"FortisBC Energy Inc.","tooltip_line2":"Transmission \u00b7 9.9 km","tooltip_line3":"Project 000006155 seg 2 \u00b7 Active","tooltip_line4":"Authority: ERAA \u00b7 BCER permitted","tooltip_line5":"Post-2016 permits only \u2014 layer is partial","tooltip_line6":""}},{"type":"Feature","geometry":{"type":"LineString","coordinates":[[-119.5724,49.32726],[-119.58485,49.33885]]},"properties":{"operator_group":"Other BC operator","is_key_operator":false,"tooltip_title":"FortisBC Energy Inc.","tooltip_line1":"FortisBC Energy Inc.","tooltip_line2":"Transmission \u00b7 1.6 km","tooltip_line3":"Project 000006155 seg 3 \u00b7 Active","tooltip_line4":"Authority: ERAA \u00b7 BCER permitted","tooltip_line5":"Post-2016 permits only \u2014 layer is partial","tooltip_line6":""}},{"type":"Feature","geometry":{"type":"LineString","coordinates":[[-119.58485,49.33885],[-119.58966,49.3517],[-119.59319,49.3552],[-119.59208,49.35612],[-119.59198,49.35716],[-119.58946,49.35863],[-119.58451,49.35867],[-119.58097,49.35975],[-119.57293,49.37463],[-119.57217,49.37692],[-119.59249,49.4347],[-119.59201,49.43889],[-119.58697,49.44852],[-119.58512,49.45075]]},"properties":{"operator_group":"Other BC operator","is_key_operator":false,"tooltip_title":"FortisBC Energy Inc.","tooltip_line1":"FortisBC Energy Inc.","tooltip_line2":"Transmission \u00b7 13.6 km","tooltip_line3":"Project 000006155 seg 4 \u00b7 Active","tooltip_line4":"Authority: ERAA \u00b7 BCER permitted","tooltip_line5":"Post-2016 permits only \u2014 layer is partial","tooltip_line6":""}},{"type":"Feature","geometry":{"type":"LineString","coordinates":[[-119.58512,49.45075],[-119.57907,49.45297],[-119.57631,49.45456],[-119.56857,49.45483],[-119.56686,49.45443]]},"properties":{"operator_group":"Other BC operator","is_key_operator":false,"tooltip_title":"FortisBC Energy Inc.","tooltip_line1":"FortisBC Energy Inc.","tooltip_line2":"Transmission \u00b7 1.5 km","tooltip_line3":"Project 000006155 seg 5 \u00b7 Active","tooltip_line4":"Authority: ERAA \u00b7 BCER permitted","tooltip_line5":"Post-2016 permits only \u2014 layer is partial","tooltip_line6":""}},{"type":"Feature","geometry":{"type":"LineString","coordinates":[[-119.56686,49.45443],[-119.56527,49.45481],[-119.56302,49.45416],[-119.55982,49.45499],[-119.55407,49.45486],[-119.55145,49.45595],[-119.55019,49.4571],[-119.54932,49.45997],[-119.54633,49.46463],[-119.54335,49.46758],[-119.54285,49.46917],[-119.54401,49.47223],[-119.5462,49.47351],[-119.54701,49.47644],[-119.54781,49.47694],[-119.55034,49.47711],[-119.55167,49.47862],[-119.55315,49.47848]]},"properties":{"operator_group":"Other BC operator","is_key_operator":false,"tooltip_title":"FortisBC Energy Inc.","tooltip_line1":"FortisBC Energy Inc.","tooltip_line2":"Transmission \u00b7 4.5 km","tooltip_line3":"Project 000006155 seg 6 \u00b7 Active","tooltip_line4":"Authority: ERAA \u00b7 BCER permitted","tooltip_line5":"Post-2016 permits only \u2014 layer is partial","tooltip_line6":""}},{"type":"Feature","geometry":{"type":"LineString","coordinates":[[-119.55315,49.47848],[-119.55521,49.47784],[-119.55759,49.47849],[-119.5617,49.47823],[-119.56235,49.47907]]},"properties":{"operator_group":"Other BC operator","is_key_operator":false,"tooltip_title":"FortisBC Energy Inc.","tooltip_line1":"FortisBC Energy Inc.","tooltip_line2":"Transmission \u00b7 0.8 km","tooltip_line3":"Project 000006155 seg 7 \u00b7 Active","tooltip_line4":"Authority: ERAA \u00b7 BCER permitted","tooltip_line5":"Post-2016 permits only \u2014 layer is partial","tooltip_line6":""}},{"type":"Feature","geometry":{"type":"LineString","coordinates":[[-121.26845,51.55235],[-121.26838,51.55235]]},"properties":{"operator_group":"Other BC operator","is_key_operator":false,"tooltip_title":"FortisBC Energy Inc.","tooltip_line1":"FortisBC Energy Inc.","tooltip_line2":"Transmission \u00b7 0.0 km","tooltip_line3":"Project 000006302 seg 1 \u00b7 Active","tooltip_line4":"Authority: ERAA \u00b7 BCER permitted","tooltip_line5":"Post-2016 permits only \u2014 layer is partial","tooltip_line6":""}},{"type":"Feature","geometry":{"type":"LineString","coordinates":[[-122.66446,54.00526],[-122.6814,53.99845],[-122.6848,53.99842]]},"properties":{"operator_group":"Other BC operator","is_key_operator":false,"tooltip_title":"FortisBC Energy Inc.","tooltip_line1":"FortisBC Energy Inc.","tooltip_line2":"Transmission \u00b7 1.6 km","tooltip_line3":"Project 000006482 seg 4 \u00b7 Active","tooltip_line4":"Authority: ERAA \u00b7 BCER permitted","tooltip_line5":"Post-2016 permits only \u2014 layer is partial","tooltip_line6":""}},{"type":"Feature","geometry":{"type":"LineString","coordinates":[[-122.6848,53.99842],[-122.69357,53.99835],[-122.69365,53.99413],[-122.69675,53.98442],[-122.69757,53.9845],[-122.69727,53.98404],[-122.69777,53.984]]},"properties":{"operator_group":"Other BC operator","is_key_operator":false,"tooltip_title":"FortisBC Energy Inc.","tooltip_line1":"FortisBC Energy Inc.","tooltip_line2":"Transmission \u00b7 2.3 km","tooltip_line3":"Project 000006482 seg 5 \u00b7 Active","tooltip_line4":"Authority: ERAA \u00b7 BCER permitted","tooltip_line5":"Post-2016 permits only \u2014 layer is partial","tooltip_line6":""}},{"type":"Feature","geometry":{"type":"LineString","coordinates":[[-122.64528,54.00535],[-122.64709,54.00581],[-122.66322,54.00575],[-122.66446,54.00525]]},"properties":{"operator_group":"Other BC operator","is_key_operator":false,"tooltip_title":"FortisBC Energy Inc.","tooltip_line1":"FortisBC Energy Inc.","tooltip_line2":"Transmission \u00b7 1.3 km","tooltip_line3":"Project 000006482 seg 9 \u00b7 Active","tooltip_line4":"Authority: ERAA \u00b7 BCER permitted","tooltip_line5":"Post-2016 permits only \u2014 layer is partial","tooltip_line6":""}},{"type":"Feature","geometry":{"type":"LineString","coordinates":[[-122.64512,54.00533],[-122.63662,54.00315],[-122.63546,54.00349]]},"properties":{"operator_group":"Other BC operator","is_key_operator":false,"tooltip_title":"FortisBC Energy Inc.","tooltip_line1":"FortisBC Energy Inc.","tooltip_line2":"Transmission \u00b7 0.7 km","tooltip_line3":"Project 000006482 seg 10 \u00b7 Active","tooltip_line4":"Authority: ERAA \u00b7 BCER permitted","tooltip_line5":"Post-2016 permits only \u2014 layer is partial","tooltip_line6":""}},{"type":"Feature","geometry":{"type":"LineString","coordinates":[[-120.81627,56.22753],[-120.82721,56.23116],[-120.8342,56.23276],[-120.83506,56.23229],[-120.85331,56.23866],[-120.85481,56.23732],[-120.85663,56.23795],[-120.85551,56.23931],[-120.86091,56.24119]]},"properties":{"operator_group":"Other BC operator","is_key_operator":false,"tooltip_title":"Pacific Northern Gas (N.E.) Ltd.","tooltip_line1":"Pacific Northern Gas (N.E.) Ltd.","tooltip_line2":"Transmission \u00b7 3.6 km","tooltip_line3":"Project 000006585 seg 1 \u00b7 Active","tooltip_line4":"Authority: ERAA \u00b7 BCER permitted","tooltip_line5":"Post-2016 permits only \u2014 layer is partial","tooltip_line6":""}},{"type":"Feature","geometry":{"type":"LineString","coordinates":[[-115.78024,49.82683],[-115.7712,49.82678]]},"properties":{"operator_group":"Other BC operator","is_key_operator":false,"tooltip_title":"FortisBC Energy Inc.","tooltip_line1":"FortisBC Energy Inc.","tooltip_line2":"Transmission \u00b7 0.6 km","tooltip_line3":"Project 000006609 seg 1 \u00b7 Active","tooltip_line4":"Authority: ERAA \u00b7 BCER permitted","tooltip_line5":"Post-2016 permits only \u2014 layer is partial","tooltip_line6":""}},{"type":"Feature","geometry":{"type":"LineString","coordinates":[[-121.39969,57.3347],[-121.40628,57.33105],[-121.40528,57.30605],[-121.40408,57.30589]]},"properties":{"operator_group":"Other BC operator","is_key_operator":false,"tooltip_title":"Tourmaline Oil Corp.","tooltip_line1":"Tourmaline Oil Corp.","tooltip_line2":"Transmission \u00b7 3.4 km","tooltip_line3":"Project 000006644 seg 5 \u00b7 Active","tooltip_line4":"Authority: ERAA \u00b7 BCER permitted","tooltip_line5":"Post-2016 permits only \u2014 layer is partial","tooltip_line6":""}},{"type":"Feature","geometry":{"type":"LineString","coordinates":[[-121.7322,57.06305],[-121.72684,57.06354],[-121.70903,57.06814],[-121.69875,57.07226],[-121.69399,57.07203],[-121.67532,57.07686],[-121.67173,57.07982]]},"properties":{"operator_group":"Other BC operator","is_key_operator":false,"tooltip_title":"Tourmaline Oil Corp.","tooltip_line1":"Tourmaline Oil Corp.","tooltip_line2":"Transmission \u00b7 4.2 km","tooltip_line3":"Project 000006644 seg 10 \u00b7 Active","tooltip_line4":"Authority: ERAA \u00b7 BCER permitted","tooltip_line5":"Post-2016 permits only \u2014 layer is partial","tooltip_line6":""}},{"type":"Feature","geometry":{"type":"LineString","coordinates":[[-121.40425,57.30588],[-121.40527,57.30595],[-121.45951,57.28585],[-121.46016,57.28057],[-121.46146,57.27759]]},"properties":{"operator_group":"Other BC operator","is_key_operator":false,"tooltip_title":"Tourmaline Oil Corp.","tooltip_line1":"Tourmaline Oil Corp.","tooltip_line2":"Transmission \u00b7 5.0 km","tooltip_line3":"Project 000006644 seg 15 \u00b7 Active","tooltip_line4":"Authority: ERAA \u00b7 BCER permitted","tooltip_line5":"Post-2016 permits only \u2014 layer is partial","tooltip_line6":""}},{"type":"Feature","geometry":{"type":"LineString","coordinates":[[-121.81893,57.02088],[-121.78035,57.04565],[-121.75915,57.05468],[-121.7322,57.06305]]},"properties":{"operator_group":"Other BC operator","is_key_operator":false,"tooltip_title":"Tourmaline Oil Corp.","tooltip_line1":"Tourmaline Oil Corp.","tooltip_line2":"Transmission \u00b7 7.1 km","tooltip_line3":"Project 000006644 seg 16 \u00b7 Active","tooltip_line4":"Authority: ERAA \u00b7 BCER permitted","tooltip_line5":"Post-2016 permits only \u2014 layer is partial","tooltip_line6":""}},{"type":"Feature","geometry":{"type":"LineString","coordinates":[[-122.61974,53.79383],[-122.61974,53.79378]]},"properties":{"operator_group":"Other BC operator","is_key_operator":false,"tooltip_title":"FortisBC Energy Inc.","tooltip_line1":"FortisBC Energy Inc.","tooltip_line2":"Transmission \u00b7 0.0 km","tooltip_line3":"Project 000006940 seg 1 \u00b7 Active","tooltip_line4":"Authority: ERAA \u00b7 BCER permitted","tooltip_line5":"Post-2016 permits only \u2014 layer is partial","tooltip_line6":""}},{"type":"Feature","geometry":{"type":"LineString","coordinates":[[-121.99517,57.48116],[-121.9955,57.48035],[-121.99049,57.47258],[-121.97445,57.44983],[-121.97366,57.44957],[-121.97328,57.44186],[-121.97571,57.44044],[-121.99022,57.43679],[-121.99034,57.43617],[-121.98876,57.43525],[-121.98845,57.43323],[-121.9917,57.43223],[-121.99453,57.43211],[-121.99611,57.43045],[-121.99809,57.42676],[-121.99909,57.4263],[-121.99876,57.42547],[-122.00235,57.41871],[-122.00496,57.41722],[-122.00647,57.41547],[-122.00648,57.41434],[-122.03233,57.40034],[-122.03287,57.39939],[-122.03542,57.39802],[-122.03675,57.39577],[-122.03635,57.39331],[-122.03756,57.39242],[-122.0357,57.39058],[-122.04892,57.36305],[-122.0498,57.36243],[-122.04985,57.36121],[-122.05229,57.35724],[-122.05193,57.35686],[-122.0552,57.35005],[-122.05587,57.34981],[-122.0567,57.3479],[-122.05634,57.34736],[-122.06022,57.33936],[-122.06421,57.33755],[-122.07443,57.32947],[-122.0761,57.32867],[-122.0764,57.32789],[-122.08214,57.32336],[-122.0826,57.32128],[-122.0836,57.32054],[-122.08434,57.31838],[-122.09033,57.30982],[-122.09102,57.3096],[-122.09123,57.30855],[-122.10159,57.29362],[-122.10245,57.29313],[-122.10449,57.29031],[-122.10426,57.28976],[-122.10634,57.28675],[-122.10833,57.28137],[-122.11221,57.27547],[-122.11314,57.27485],[-122.11237,57.2738],[-122.11241,57.27308],[-122.1113,57.27236],[-122.10612,57.26523],[-122.10506,57.26051],[-122.10442,57.25219],[-122.10504,57.25123],[-122.10429,57.25023]]},"properties":{"operator_group":"Other BC operator","is_key_operator":false,"tooltip_title":"NorthRiver Midstream Inc.","tooltip_line1":"NorthRiver Midstream Inc.","tooltip_line2":"Transmission \u00b7 29.1 km","tooltip_line3":"Project 000007103 seg 2 \u00b7 Active","tooltip_line4":"Authority: ERAA \u00b7 BCER permitted","tooltip_line5":"Post-2016 permits only \u2014 layer is partial","tooltip_line6":""}},{"type":"Feature","geometry":{"type":"LineString","coordinates":[[-120.60955,56.12613],[-120.60672,56.12304],[-120.60652,56.12178],[-120.60716,56.12067],[-120.60507,56.11799],[-120.59703,56.11714],[-120.59672,56.1129],[-120.59298,56.11308],[-120.58442,56.11153],[-120.58443,56.10442],[-120.58741,56.10146],[-120.58751,56.09446],[-120.59598,56.07994],[-120.59601,56.07303],[-120.59716,56.0716],[-120.59719,56.05808],[-120.59296,56.05677],[-120.59241,56.0558],[-120.59029,56.05571],[-120.58595,56.05423],[-120.58198,56.05225],[-120.55748,56.04287],[-120.52136,56.02687]]},"properties":{"operator_group":"Other BC operator","is_key_operator":false,"tooltip_title":"Plateau Pipe Line Ltd.","tooltip_line1":"Plateau Pipe Line Ltd.","tooltip_line2":"Transmission \u00b7 14.9 km","tooltip_line3":"Project 000007261 seg 5 \u00b7 Active","tooltip_line4":"Authority: ERAA \u00b7 BCER permitted","tooltip_line5":"Post-2016 permits only \u2014 layer is partial","tooltip_line6":""}},{"type":"Feature","geometry":{"type":"LineString","coordinates":[[-120.39622,55.98628],[-120.39695,55.98477]]},"properties":{"operator_group":"Other BC operator","is_key_operator":false,"tooltip_title":"Plateau Pipe Line Ltd.","tooltip_line1":"Plateau Pipe Line Ltd.","tooltip_line2":"Transmission \u00b7 0.1 km","tooltip_line3":"Project 000007261 seg 6 \u00b7 Active","tooltip_line4":"Authority: ERAA \u00b7 BCER permitted","tooltip_line5":"Post-2016 permits only \u2014 layer is partial","tooltip_line6":""}},{"type":"Feature","geometry":{"type":"LineString","coordinates":[[-120.39717,55.98427],[-120.39786,55.98252],[-120.39725,55.98118],[-120.39779,55.97914],[-120.39615,55.9779],[-120.39377,55.97722],[-120.3837,55.95904],[-120.3837,55.93185],[-120.37569,55.92208],[-120.37565,55.90531],[-120.37469,55.90412],[-120.37573,55.90305],[-120.37571,55.88112],[-120.37387,55.87822],[-120.37264,55.87351],[-120.37286,55.86812],[-120.37242,55.86782]]},"properties":{"operator_group":"Other BC operator","is_key_operator":false,"tooltip_title":"Plateau Pipe Line Ltd.","tooltip_line1":"Plateau Pipe Line Ltd.","tooltip_line2":"Transmission \u00b7 13.4 km","tooltip_line3":"Project 000007261 seg 7 \u00b7 Active","tooltip_line4":"Authority: ERAA \u00b7 BCER permitted","tooltip_line5":"Post-2016 permits only \u2014 layer is partial","tooltip_line6":""}},{"type":"Feature","geometry":{"type":"LineString","coordinates":[[-120.51305,56.02358],[-120.49297,56.01679],[-120.4829,56.01414],[-120.4678,56.00784],[-120.46478,56.00571],[-120.46071,56.00506],[-120.44291,55.99889],[-120.41084,55.99209],[-120.39625,55.98666],[-120.39653,55.98573]]},"properties":{"operator_group":"Other BC operator","is_key_operator":false,"tooltip_title":"Plateau Pipe Line Ltd.","tooltip_line1":"Plateau Pipe Line Ltd.","tooltip_line2":"Transmission \u00b7 8.6 km","tooltip_line3":"Project 000007261 seg 12 \u00b7 Active","tooltip_line4":"Authority: ERAA \u00b7 BCER permitted","tooltip_line5":"Post-2016 permits only \u2014 layer is partial","tooltip_line6":""}},{"type":"Feature","geometry":{"type":"LineString","coordinates":[[-120.52136,56.02687],[-120.51304,56.02358]]},"properties":{"operator_group":"Other BC operator","is_key_operator":false,"tooltip_title":"Plateau Pipe Line Ltd.","tooltip_line1":"Plateau Pipe Line Ltd.","tooltip_line2":"Transmission \u00b7 0.6 km","tooltip_line3":"Project 000007261 seg 13 \u00b7 Active","tooltip_line4":"Authority: ERAA \u00b7 BCER permitted","tooltip_line5":"Post-2016 permits only \u2014 layer is partial","tooltip_line6":""}},{"type":"Feature","geometry":{"type":"LineString","coordinates":[[-120.39237,55.97445],[-120.38952,55.97699],[-120.38817,55.97689],[-120.38832,55.97725],[-120.38249,55.98243],[-120.38291,55.98307],[-120.40976,55.99261],[-120.41062,55.99186]]},"properties":{"operator_group":"Other BC operator","is_key_operator":false,"tooltip_title":"Plateau Pipe Line Ltd.","tooltip_line1":"Plateau Pipe Line Ltd.","tooltip_line2":"Transmission \u00b7 3.3 km","tooltip_line3":"Project 000007261 seg 14 \u00b7 New","tooltip_line4":"Authority: ERAA \u00b7 BCER permitted","tooltip_line5":"Post-2016 permits only \u2014 layer is partial","tooltip_line6":""}},{"type":"Feature","geometry":{"type":"LineString","coordinates":[[-120.37154,55.8674],[-120.37242,55.86782]]},"properties":{"operator_group":"Other BC operator","is_key_operator":false,"tooltip_title":"Plateau Pipe Line Ltd.","tooltip_line1":"Plateau Pipe Line Ltd.","tooltip_line2":"Transmission \u00b7 0.1 km","tooltip_line3":"Project 000007261 seg 15 \u00b7 New","tooltip_line4":"Authority: ERAA \u00b7 BCER permitted","tooltip_line5":"Post-2016 permits only \u2014 layer is partial","tooltip_line6":""}},{"type":"Feature","geometry":{"type":"LineString","coordinates":[[-120.37242,55.86782],[-120.37154,55.8674]]},"properties":{"operator_group":"Other BC operator","is_key_operator":false,"tooltip_title":"Plateau Pipe Line Ltd.","tooltip_line1":"Plateau Pipe Line Ltd.","tooltip_line2":"Transmission \u00b7 0.1 km","tooltip_line3":"Project 000007261 seg 16 \u00b7 Active","tooltip_line4":"Authority: ERAA \u00b7 BCER permitted","tooltip_line5":"Post-2016 permits only \u2014 layer is partial","tooltip_line6":""}},{"type":"Feature","geometry":{"type":"LineString","coordinates":[[-120.37154,55.8674],[-120.31,55.83748],[-120.29757,55.83269],[-120.28338,55.82574],[-120.28108,55.82327],[-120.27614,55.8222],[-120.22765,55.79858],[-120.22357,55.79623],[-120.22353,55.79298],[-120.21795,55.79258],[-120.21172,55.7885]]},"properties":{"operator_group":"Other BC operator","is_key_operator":false,"tooltip_title":"Plateau Pipe Line Ltd.","tooltip_line1":"Plateau Pipe Line Ltd.","tooltip_line2":"Transmission \u00b7 13.6 km","tooltip_line3":"Project 000007261 seg 17 \u00b7 Active","tooltip_line4":"Authority: ERAA \u00b7 BCER permitted","tooltip_line5":"Post-2016 permits only \u2014 layer is partial","tooltip_line6":""}},{"type":"Feature","geometry":{"type":"LineString","coordinates":[[-120.85663,50.74918],[-120.85441,50.74839],[-120.85068,50.74851]]},"properties":{"operator_group":"Other BC operator","is_key_operator":false,"tooltip_title":"FortisBC Energy Inc.","tooltip_line1":"FortisBC Energy Inc.","tooltip_line2":"Transmission \u00b7 0.4 km","tooltip_line3":"Project 000007320 seg 1 \u00b7 Active","tooltip_line4":"Authority: ERAA \u00b7 BCER permitted","tooltip_line5":"Post-2016 permits only \u2014 layer is partial","tooltip_line6":""}},{"type":"Feature","geometry":{"type":"LineString","coordinates":[[-120.85068,50.74851],[-120.84461,50.7477],[-120.83272,50.7479],[-120.80648,50.74637]]},"properties":{"operator_group":"Other BC operator","is_key_operator":false,"tooltip_title":"FortisBC Energy Inc.","tooltip_line1":"FortisBC Energy Inc.","tooltip_line2":"Transmission \u00b7 3.2 km","tooltip_line3":"Project 000007320 seg 2 \u00b7 Active","tooltip_line4":"Authority: ERAA \u00b7 BCER permitted","tooltip_line5":"Post-2016 permits only \u2014 layer is partial","tooltip_line6":""}},{"type":"Feature","geometry":{"type":"LineString","coordinates":[[-119.27369,50.23801],[-119.27382,50.24435],[-119.27203,50.24532]]},"properties":{"operator_group":"Other BC operator","is_key_operator":false,"tooltip_title":"FortisBC Energy Inc.","tooltip_line1":"FortisBC Energy Inc.","tooltip_line2":"Transmission \u00b7 0.9 km","tooltip_line3":"Project 000007697 seg 1 \u00b7 Active","tooltip_line4":"Authority: ERAA \u00b7 BCER permitted","tooltip_line5":"Post-2016 permits only \u2014 layer is partial","tooltip_line6":""}},{"type":"Feature","geometry":{"type":"LineString","coordinates":[[-119.27203,50.24532],[-119.27122,50.24768],[-119.26781,50.25087],[-119.26476,50.25097]]},"properties":{"operator_group":"Other BC operator","is_key_operator":false,"tooltip_title":"FortisBC Energy Inc.","tooltip_line1":"FortisBC Energy Inc.","tooltip_line2":"Transmission \u00b7 0.9 km","tooltip_line3":"Project 000007697 seg 2 \u00b7 Active","tooltip_line4":"Authority: ERAA \u00b7 BCER permitted","tooltip_line5":"Post-2016 permits only \u2014 layer is partial","tooltip_line6":""}},{"type":"Feature","geometry":{"type":"LineString","coordinates":[[-114.93069,49.31416],[-114.93015,49.32007],[-114.93104,49.32267],[-114.93492,49.32444],[-114.93632,49.32707],[-114.93724,49.3277],[-114.94042,49.33263],[-114.94554,49.33898],[-114.94812,49.34149],[-114.95114,49.34267],[-114.9533,49.34423],[-114.95479,49.34688],[-114.95708,49.34809],[-114.95742,49.34886],[-114.96336,49.34908],[-114.96595,49.34968],[-114.96856,49.3512],[-114.96905,49.35295],[-114.97193,49.35311],[-114.97446,49.35469],[-114.97895,49.35603],[-114.97987,49.35676],[-114.98039,49.35916],[-114.97978,49.36045],[-114.98236,49.36125]]},"properties":{"operator_group":"Other BC operator","is_key_operator":false,"tooltip_title":"FortisBC Energy Inc.","tooltip_line1":"FortisBC Energy Inc.","tooltip_line2":"Transmission \u00b7 7.3 km","tooltip_line3":"Project 000007732 seg 1 \u00b7 Active","tooltip_line4":"Authority: ERAA \u00b7 BCER permitted","tooltip_line5":"Post-2016 permits only \u2014 layer is partial","tooltip_line6":""}},{"type":"Feature","geometry":{"type":"LineString","coordinates":[[-122.20849,55.648],[-122.20849,55.64795]]},"properties":{"operator_group":"Other BC operator","is_key_operator":false,"tooltip_title":"FortisBC Energy Inc.","tooltip_line1":"FortisBC Energy Inc.","tooltip_line2":"Transmission \u00b7 0.0 km","tooltip_line3":"Project 000007745 seg 1 \u00b7 Active","tooltip_line4":"Authority: ERAA \u00b7 BCER permitted","tooltip_line5":"Post-2016 permits only \u2014 layer is partial","tooltip_line6":""}},{"type":"Feature","geometry":{"type":"LineString","coordinates":[[-122.03782,52.19719],[-122.03781,52.19718]]},"properties":{"operator_group":"Other BC operator","is_key_operator":false,"tooltip_title":"FortisBC Energy Inc.","tooltip_line1":"FortisBC Energy Inc.","tooltip_line2":"Transmission \u00b7 0.0 km","tooltip_line3":"Project 000007752 seg 1 \u00b7 Active","tooltip_line4":"Authority: ERAA \u00b7 BCER permitted","tooltip_line5":"Post-2016 permits only \u2014 layer is partial","tooltip_line6":""}},{"type":"Feature","geometry":{"type":"LineString","coordinates":[[-122.03781,52.19718],[-122.06532,52.18225]]},"properties":{"operator_group":"Other BC operator","is_key_operator":false,"tooltip_title":"FortisBC Energy Inc.","tooltip_line1":"FortisBC Energy Inc.","tooltip_line2":"Transmission \u00b7 2.5 km","tooltip_line3":"Project 000007752 seg 8 \u00b7 Active","tooltip_line4":"Authority: ERAA \u00b7 BCER permitted","tooltip_line5":"Post-2016 permits only \u2014 layer is partial","tooltip_line6":""}},{"type":"Feature","geometry":{"type":"LineString","coordinates":[[-128.47426,54.54335],[-128.4719,54.54475],[-128.47071,54.54605],[-128.47001,54.54605]]},"properties":{"operator_group":"Other BC operator","is_key_operator":false,"tooltip_title":"Pacific Northern Gas Ltd.","tooltip_line1":"Pacific Northern Gas Ltd.","tooltip_line2":"Transmission \u00b7 0.4 km","tooltip_line3":"Project 000007838 seg 1 \u00b7 Active","tooltip_line4":"Authority: ERAA \u00b7 BCER permitted","tooltip_line5":"Post-2016 permits only \u2014 layer is partial","tooltip_line6":""}},{"type":"Feature","geometry":{"type":"LineString","coordinates":[[-121.11496,56.44263],[-121.11512,56.44263]]},"properties":{"operator_group":"Other BC operator","is_key_operator":false,"tooltip_title":"Pacific Northern Gas (N.E.) Ltd.","tooltip_line1":"Pacific Northern Gas (N.E.) Ltd.","tooltip_line2":"Transmission \u00b7 0.0 km","tooltip_line3":"Project 000007878 seg 1 \u00b7 Active","tooltip_line4":"Authority: ERAA \u00b7 BCER permitted","tooltip_line5":"Post-2016 permits only \u2014 layer is partial","tooltip_line6":""}},{"type":"Feature","geometry":{"type":"LineString","coordinates":[[-121.11512,56.44263],[-121.12106,56.44264],[-121.131,56.4406],[-121.15373,56.43358],[-121.17579,56.42771],[-121.17554,56.42724],[-121.17717,56.42698]]},"properties":{"operator_group":"Other BC operator","is_key_operator":false,"tooltip_title":"Pacific Northern Gas (N.E.) Ltd.","tooltip_line1":"Pacific Northern Gas (N.E.) Ltd.","tooltip_line2":"Transmission \u00b7 4.3 km","tooltip_line3":"Project 000007878 seg 2 \u00b7 Active","tooltip_line4":"Authority: ERAA \u00b7 BCER permitted","tooltip_line5":"Post-2016 permits only \u2014 layer is partial","tooltip_line6":""}},{"type":"Feature","geometry":{"type":"LineString","coordinates":[[-121.83543,56.53918],[-121.83157,56.54274]]},"properties":{"operator_group":"Other BC operator","is_key_operator":false,"tooltip_title":"Plateau Pipe Line Ltd.","tooltip_line1":"Plateau Pipe Line Ltd.","tooltip_line2":"Transmission \u00b7 0.5 km","tooltip_line3":"Project 000008054 seg 5 \u00b7 Active","tooltip_line4":"Authority: ERAA \u00b7 BCER permitted","tooltip_line5":"Post-2016 permits only \u2014 layer is partial","tooltip_line6":""}},{"type":"Feature","geometry":{"type":"LineString","coordinates":[[-122.82427,49.21419],[-122.82486,49.21424],[-122.8265,49.22311],[-122.82663,49.22449],[-122.82585,49.22439]]},"properties":{"operator_group":"Other BC operator","is_key_operator":false,"tooltip_title":"FortisBC Energy Inc.","tooltip_line1":"FortisBC Energy Inc.","tooltip_line2":"Transmission \u00b7 1.3 km","tooltip_line3":"Project 000008278 seg 1 \u00b7 Active","tooltip_line4":"Authority: ERAA \u00b7 BCER permitted","tooltip_line5":"Post-2016 permits only \u2014 layer is partial","tooltip_line6":""}},{"type":"Feature","geometry":{"type":"LineString","coordinates":[[-122.61596,55.35552],[-122.61588,55.35552]]},"properties":{"operator_group":"Other BC operator","is_key_operator":false,"tooltip_title":"FortisBC Energy Inc.","tooltip_line1":"FortisBC Energy Inc.","tooltip_line2":"Transmission \u00b7 0.0 km","tooltip_line3":"Project 000008517 seg 1 \u00b7 Active","tooltip_line4":"Authority: ERAA \u00b7 BCER permitted","tooltip_line5":"Post-2016 permits only \u2014 layer is partial","tooltip_line6":""}},{"type":"Feature","geometry":{"type":"LineString","coordinates":[[-118.35526,49.01867],[-118.35686,49.01992],[-118.35886,49.02067]]},"properties":{"operator_group":"Other BC operator","is_key_operator":false,"tooltip_title":"FortisBC Energy Inc.","tooltip_line1":"FortisBC Energy Inc.","tooltip_line2":"Transmission \u00b7 0.4 km","tooltip_line3":"Project 000008901 seg 1 \u00b7 Active","tooltip_line4":"Authority: ERAA \u00b7 BCER permitted","tooltip_line5":"Post-2016 permits only \u2014 layer is partial","tooltip_line6":""}},{"type":"Feature","geometry":{"type":"LineString","coordinates":[[-118.35886,49.02067],[-118.36731,49.02242],[-118.37138,49.02698],[-118.37316,49.02798],[-118.37918,49.02815],[-118.38313,49.02734],[-118.39882,49.02202],[-118.41539,49.02184],[-118.41708,49.02081],[-118.41727,49.01613],[-118.41816,49.01514],[-118.41822,49.01429],[-118.41936,49.0132],[-118.42227,49.01257]]},"properties":{"operator_group":"Other BC operator","is_key_operator":false,"tooltip_title":"FortisBC Energy Inc.","tooltip_line1":"FortisBC Energy Inc.","tooltip_line2":"Transmission \u00b7 6.0 km","tooltip_line3":"Project 000008901 seg 2 \u00b7 Active","tooltip_line4":"Authority: ERAA \u00b7 BCER permitted","tooltip_line5":"Post-2016 permits only \u2014 layer is partial","tooltip_line6":""}},{"type":"Feature","geometry":{"type":"LineString","coordinates":[[-118.42227,49.01257],[-118.43756,49.0126],[-118.45538,49.00971],[-118.45652,49.01088],[-118.4611,49.01065],[-118.46644,49.00952],[-118.47479,49.01],[-118.47731,49.00911],[-118.48076,49.00914],[-118.49012,49.00779],[-118.49243,49.00668],[-118.49852,49.00596],[-118.49874,49.0044],[-118.50427,49.00353],[-118.50749,49.00541],[-118.52473,49.0055],[-118.52814,49.00713],[-118.53055,49.00597],[-118.53256,49.00563],[-118.53566,49.00603],[-118.53833,49.00816],[-118.53879,49.00912],[-118.54038,49.00929],[-118.56764,49.01935]]},"properties":{"operator_group":"Other BC operator","is_key_operator":false,"tooltip_title":"FortisBC Energy Inc.","tooltip_line1":"FortisBC Energy Inc.","tooltip_line2":"Transmission \u00b7 11.9 km","tooltip_line3":"Project 000008901 seg 3 \u00b7 Active","tooltip_line4":"Authority: ERAA \u00b7 BCER permitted","tooltip_line5":"Post-2016 permits only \u2014 layer is partial","tooltip_line6":""}},{"type":"Feature","geometry":{"type":"LineString","coordinates":[[-118.56764,49.01935],[-118.57278,49.02404],[-118.59288,49.0289],[-118.60197,49.02997],[-118.60922,49.03152],[-118.618,49.03659],[-118.62341,49.03672],[-118.64966,49.03537],[-118.65107,49.03581],[-118.66348,49.03605],[-118.66901,49.0356],[-118.67237,49.03652],[-118.70534,49.03578],[-118.71024,49.03636],[-118.71221,49.03587],[-118.72117,49.03687],[-118.73551,49.02792],[-118.73721,49.02542],[-118.74287,49.02395],[-118.74562,49.02114],[-118.74969,49.02005],[-118.75914,49.01273],[-118.76415,49.01037],[-118.78597,49.01512],[-118.80182,49.01635],[-118.81936,49.01521],[-118.82541,49.01413],[-118.83021,49.01427],[-118.8327,49.0133],[-118.83757,49.01395],[-118.84095,49.01237],[-118.84292,49.01218],[-118.85142,49.01519],[-118.85556,49.01872]]},"properties":{"operator_group":"Other BC operator","is_key_operator":false,"tooltip_title":"FortisBC Energy Inc.","tooltip_line1":"FortisBC Energy Inc.","tooltip_line2":"Transmission \u00b7 23.8 km","tooltip_line3":"Project 000008901 seg 4 \u00b7 Active","tooltip_line4":"Authority: ERAA \u00b7 BCER permitted","tooltip_line5":"Post-2016 permits only \u2014 layer is partial","tooltip_line6":""}},{"type":"Feature","geometry":{"type":"LineString","coordinates":[[-118.85556,49.01872],[-118.85764,49.02061],[-118.85773,49.02267],[-118.85908,49.02534],[-118.86087,49.02613],[-118.86553,49.02664]]},"properties":{"operator_group":"Other BC operator","is_key_operator":false,"tooltip_title":"FortisBC Energy Inc.","tooltip_line1":"FortisBC Energy Inc.","tooltip_line2":"Transmission \u00b7 1.3 km","tooltip_line3":"Project 000008901 seg 5 \u00b7 Active","tooltip_line4":"Authority: ERAA \u00b7 BCER permitted","tooltip_line5":"Post-2016 permits only \u2014 layer is partial","tooltip_line6":""}},{"type":"Feature","geometry":{"type":"LineString","coordinates":[[-118.86553,49.02664],[-118.86711,49.02737],[-118.87348,49.03381],[-118.87425,49.03532],[-118.87449,49.03803],[-118.87524,49.04006],[-118.87936,49.04079],[-118.88039,49.04183],[-118.88063,49.04379],[-118.89028,49.04493],[-118.90053,49.04807],[-118.91657,49.0505]]},"properties":{"operator_group":"Other BC operator","is_key_operator":false,"tooltip_title":"FortisBC Energy Inc.","tooltip_line1":"FortisBC Energy Inc.","tooltip_line2":"Transmission \u00b7 5.1 km","tooltip_line3":"Project 000008901 seg 6 \u00b7 Active","tooltip_line4":"Authority: ERAA \u00b7 BCER permitted","tooltip_line5":"Post-2016 permits only \u2014 layer is partial","tooltip_line6":""}},{"type":"Feature","geometry":{"type":"LineString","coordinates":[[-118.91657,49.0505],[-118.92654,49.05287],[-118.93823,49.05306],[-118.93918,49.05181],[-118.94135,49.05064],[-118.95855,49.05028],[-118.96597,49.04886],[-118.97626,49.04774],[-118.98469,49.04776],[-118.98923,49.04865],[-118.99306,49.05033],[-119.00308,49.05234],[-119.00905,49.05467],[-119.01576,49.05399],[-119.01792,49.05502],[-119.0353,49.05901]]},"properties":{"operator_group":"Other BC operator","is_key_operator":false,"tooltip_title":"FortisBC Energy Inc.","tooltip_line1":"FortisBC Energy Inc.","tooltip_line2":"Transmission \u00b7 9.3 km","tooltip_line3":"Project 000008901 seg 7 \u00b7 Active","tooltip_line4":"Authority: ERAA \u00b7 BCER permitted","tooltip_line5":"Post-2016 permits only \u2014 layer is partial","tooltip_line6":""}},{"type":"Feature","geometry":{"type":"LineString","coordinates":[[-119.0353,49.05901],[-119.04831,49.06198],[-119.06148,49.06372],[-119.08845,49.06833],[-119.10355,49.07212],[-119.11302,49.07654],[-119.1193,49.0779],[-119.12153,49.08021],[-119.13169,49.085],[-119.14449,49.0931],[-119.15031,49.09628],[-119.16604,49.10361],[-119.20446,49.11167],[-119.24446,49.11017],[-119.26709,49.10878],[-119.27924,49.11007],[-119.34136,49.12421],[-119.35265,49.12834],[-119.38137,49.13399],[-119.38378,49.13583],[-119.38695,49.1396],[-119.39245,49.14179],[-119.39934,49.14227],[-119.40462,49.14116],[-119.43329,49.14802],[-119.43716,49.14972],[-119.44037,49.15426],[-119.44305,49.15509],[-119.44918,49.1588],[-119.44923,49.17601],[-119.44972,49.17662],[-119.45831,49.17951],[-119.46293,49.18024],[-119.47089,49.18306],[-119.48008,49.1894],[-119.48743,49.19642],[-119.50076,49.20254],[-119.51841,49.21786],[-119.51905,49.21908],[-119.52309,49.22003],[-119.52609,49.22179],[-119.53306,49.22273],[-119.53237,49.22434],[-119.53054,49.22571],[-119.52646,49.23867],[-119.52632,49.24759],[-119.52666,49.2476]]},"properties":{"operator_group":"Other BC operator","is_key_operator":false,"tooltip_title":"FortisBC Energy Inc.","tooltip_line1":"FortisBC Energy Inc.","tooltip_line2":"Transmission \u00b7 47.1 km","tooltip_line3":"Project 000008901 seg 8 \u00b7 Active","tooltip_line4":"Authority: ERAA \u00b7 BCER permitted","tooltip_line5":"Post-2016 permits only \u2014 layer is partial","tooltip_line6":""}},{"type":"Feature","geometry":{"type":"LineString","coordinates":[[-124.14489,49.52649],[-124.14551,49.52794],[-124.15468,49.53778],[-124.17562,49.55395],[-124.18611,49.55849],[-124.18941,49.55921],[-124.19485,49.55956],[-124.20031,49.56134],[-124.20839,49.56217],[-124.21531,49.56571],[-124.22439,49.56855],[-124.22693,49.57005],[-124.23095,49.57048],[-124.23464,49.57228],[-124.24055,49.57349],[-124.24411,49.57564],[-124.24506,49.57802],[-124.25105,49.58052],[-124.25237,49.58252],[-124.25493,49.58367],[-124.26241,49.58562],[-124.26493,49.58783],[-124.26582,49.58996],[-124.26801,49.59242],[-124.27354,49.59583],[-124.27446,49.59692],[-124.27943,49.59803],[-124.28359,49.59966],[-124.28615,49.59914],[-124.29058,49.60067],[-124.29291,49.59952],[-124.29809,49.6022],[-124.3008,49.60433],[-124.30051,49.60519],[-124.30169,49.60619],[-124.30749,49.60687],[-124.31087,49.60791],[-124.31269,49.60998],[-124.3178,49.61215],[-124.32555,49.61805],[-124.33041,49.62083],[-124.33224,49.62278],[-124.33583,49.62522],[-124.33933,49.62904],[-124.33982,49.6307],[-124.34191,49.63367],[-124.34638,49.63757],[-124.34984,49.63965],[-124.3526,49.64259],[-124.35351,49.64412],[-124.35308,49.6453],[-124.35405,49.64666],[-124.35748,49.64764],[-124.36027,49.6468],[-124.36816,49.64747],[-124.38593,49.65373],[-124.38909,49.65526],[-124.40716,49.66697],[-124.40823,49.66901],[-124.41353,49.67332],[-124.42093,49.67839],[-124.42171,49.6798],[-124.4247,49.68284],[-124.42754,49.68452],[-124.43588,49.68781],[-124.44577,49.69311],[-124.45136,49.69466],[-124.45395,49.69715],[-124.46288,49.70236],[-124.46802,49.70705],[-124.47615,49.71169],[-124.48047,49.71535],[-124.49106,49.72121],[-124.49191,49.7222],[-124.49597,49.72385],[-124.49972,49.72611],[-124.50126,49.72626],[-124.50268,49.72705],[-124.50879,49.732],[-124.51262,49.7332],[-124.51501,49.73455],[-124.51999,49.73446],[-124.52612,49.73607],[-124.52849,49.7359],[-124.53274,49.73839],[-124.53594,49.73963],[-124.55058,49.73966],[-124.55461,49.74185],[-124.55528,49.743],[-124.55812,49.7441],[-124.56137,49.74623],[-124.56376,49.74804],[-124.56407,49.74907],[-124.5679,49.75028],[-124.57299,49.75107],[-124.57869,49.75373],[-124.58163,49.75601],[-124.58989,49.75831],[-124.60832,49.76981],[-124.61832,49.77518],[-124.62271,49.77672],[-124.62579,49.77927],[-124.63032,49.78208],[-124.63072,49.78253],[-124.62888,49.78871],[-124.62945,49.78952],[-124.62853,49.79149],[-124.62883,49.79449],[-124.63491,49.79847]]},"properties":{"operator_group":"Other BC operator","is_key_operator":false,"tooltip_title":"FortisBC Energy Inc.","tooltip_line1":"FortisBC Energy Inc.","tooltip_line2":"Transmission \u00b7 48.4 km","tooltip_line3":"Project 000010295 seg 1 \u00b7 Active","tooltip_line4":"Authority: ERAA \u00b7 BCER permitted","tooltip_line5":"Post-2016 permits only \u2014 layer is partial","tooltip_line6":""}},{"type":"Feature","geometry":{"type":"LineString","coordinates":[[-121.96012,49.14213],[-121.96012,49.14218]]},"properties":{"operator_group":"Other BC operator","is_key_operator":false,"tooltip_title":"FortisBC Energy Inc.","tooltip_line1":"FortisBC Energy Inc.","tooltip_line2":"Transmission \u00b7 0.0 km","tooltip_line3":"Project 000010785 seg 1 \u00b7 Active","tooltip_line4":"Authority: ERAA \u00b7 BCER permitted","tooltip_line5":"Post-2016 permits only \u2014 layer is partial","tooltip_line6":""}},{"type":"Feature","geometry":{"type":"LineString","coordinates":[[-123.92163,49.01307],[-123.92465,49.0151],[-123.92787,49.01835],[-123.92613,49.02486],[-123.92454,49.02631],[-123.92415,49.02758],[-123.91989,49.02985],[-123.91606,49.02966],[-123.91457,49.03034],[-123.9111,49.02916],[-123.90749,49.02875],[-123.89938,49.032],[-123.89696,49.03394],[-123.89239,49.03373],[-123.89229,49.03655],[-123.89125,49.0371],[-123.88597,49.03712]]},"properties":{"operator_group":"Other BC operator","is_key_operator":false,"tooltip_title":"FortisBC Energy Inc.","tooltip_line1":"FortisBC Energy Inc.","tooltip_line2":"Transmission \u00b7 5.3 km","tooltip_line3":"Project 000013232 seg 1 \u00b7 Active","tooltip_line4":"Authority: ERAA \u00b7 BCER permitted","tooltip_line5":"Post-2016 permits only \u2014 layer is partial","tooltip_line6":""}},{"type":"Feature","geometry":{"type":"LineString","coordinates":[[-123.92159,49.01306],[-123.92466,49.0151],[-123.9279,49.01834],[-123.92615,49.02486],[-123.92456,49.02632],[-123.92417,49.02758],[-123.91995,49.02985],[-123.91606,49.02967],[-123.91459,49.03036],[-123.91109,49.02918],[-123.9075,49.02876],[-123.89934,49.03203],[-123.89697,49.03395],[-123.89244,49.03374],[-123.89231,49.03655],[-123.89125,49.03712],[-123.88604,49.03717]]},"properties":{"operator_group":"Other BC operator","is_key_operator":false,"tooltip_title":"FortisBC Energy Inc.","tooltip_line1":"FortisBC Energy Inc.","tooltip_line2":"Transmission \u00b7 5.3 km","tooltip_line3":"Project 000013232 seg 2 \u00b7 Active","tooltip_line4":"Authority: ERAA \u00b7 BCER permitted","tooltip_line5":"Post-2016 permits only \u2014 layer is partial","tooltip_line6":""}},{"type":"Feature","geometry":{"type":"LineString","coordinates":[[-122.53376,53.24935],[-122.53121,53.25179],[-122.52947,53.2514],[-122.49881,53.26632],[-122.4982,53.2671],[-122.49663,53.26743],[-122.48576,53.27279]]},"properties":{"operator_group":"Other BC operator","is_key_operator":false,"tooltip_title":"FortisBC Energy Inc.","tooltip_line1":"FortisBC Energy Inc.","tooltip_line2":"Transmission \u00b7 4.2 km","tooltip_line3":"Project 000013312 seg 1 \u00b7 Active","tooltip_line4":"Authority: ERAA \u00b7 BCER permitted","tooltip_line5":"Post-2016 permits only \u2014 layer is partial","tooltip_line6":""}},{"type":"Feature","geometry":{"type":"LineString","coordinates":[[-116.08237,49.08171],[-116.08237,49.08175]]},"properties":{"operator_group":"Other BC operator","is_key_operator":false,"tooltip_title":"FortisBC Energy Inc.","tooltip_line1":"FortisBC Energy Inc.","tooltip_line2":"Transmission \u00b7 0.0 km","tooltip_line3":"Project 000014088 seg 1 \u00b7 Active","tooltip_line4":"Authority: ERAA \u00b7 BCER permitted","tooltip_line5":"Post-2016 permits only \u2014 layer is partial","tooltip_line6":""}},{"type":"Feature","geometry":{"type":"LineString","coordinates":[[-123.8532,49.00276],[-123.8488,48.99865]]},"properties":{"operator_group":"Other BC operator","is_key_operator":false,"tooltip_title":"FortisBC Energy Inc.","tooltip_line1":"FortisBC Energy Inc.","tooltip_line2":"Transmission \u00b7 0.6 km","tooltip_line3":"Project 000017972 seg 2 \u00b7 Active","tooltip_line4":"Authority: ERAA \u00b7 BCER permitted","tooltip_line5":"Post-2016 permits only \u2014 layer is partial","tooltip_line6":""}},{"type":"Feature","geometry":{"type":"LineString","coordinates":[[-123.8488,48.99865],[-123.8451,48.99497]]},"properties":{"operator_group":"Other BC operator","is_key_operator":false,"tooltip_title":"FortisBC Energy Inc.","tooltip_line1":"FortisBC Energy Inc.","tooltip_line2":"Transmission \u00b7 0.5 km","tooltip_line3":"Project 000017972 seg 3 \u00b7 Active","tooltip_line4":"Authority: ERAA \u00b7 BCER permitted","tooltip_line5":"Post-2016 permits only \u2014 layer is partial","tooltip_line6":""}},{"type":"Feature","geometry":{"type":"LineString","coordinates":[[-122.1612,49.03376],[-122.1612,49.03381]]},"properties":{"operator_group":"Other BC operator","is_key_operator":false,"tooltip_title":"FortisBC Energy Inc.","tooltip_line1":"FortisBC Energy Inc.","tooltip_line2":"Transmission \u00b7 0.0 km","tooltip_line3":"Project 000018617 seg 1 \u00b7 Active","tooltip_line4":"Authority: ERAA \u00b7 BCER permitted","tooltip_line5":"Post-2016 permits only \u2014 layer is partial","tooltip_line6":""}},{"type":"Feature","geometry":{"type":"LineString","coordinates":[[-122.11235,56.46252],[-122.1115,56.46256],[-122.11261,56.46881],[-122.12423,56.49775],[-122.12262,56.5005],[-122.12484,56.50316],[-122.12505,56.50412],[-122.12703,56.50494],[-122.12877,56.51115],[-122.12942,56.51929],[-122.13068,56.52599],[-122.09505,56.52465],[-122.09358,56.52532],[-122.06454,56.52534],[-122.05824,56.52816],[-122.05558,56.52794],[-122.05354,56.52553],[-122.04986,56.52615],[-122.04927,56.52545],[-122.04969,56.52528]]},"properties":{"operator_group":"Other BC operator","is_key_operator":false,"tooltip_title":"Plateau Pipe Line Ltd.","tooltip_line1":"Plateau Pipe Line Ltd.","tooltip_line2":"Transmission \u00b7 12.9 km","tooltip_line3":"Project 000020615 seg 1 \u00b7 Active","tooltip_line4":"Authority: ERAA \u00b7 BCER permitted","tooltip_line5":"Post-2016 permits only \u2014 layer is partial","tooltip_line6":""}},{"type":"Feature","geometry":{"type":"LineString","coordinates":[[-123.49643,49.52489],[-123.49453,49.52394],[-123.49037,49.52482]]},"properties":{"operator_group":"Other BC operator","is_key_operator":false,"tooltip_title":"FortisBC Energy Inc.","tooltip_line1":"FortisBC Energy Inc.","tooltip_line2":"Transmission \u00b7 0.5 km","tooltip_line3":"Project 000021047 seg 1 \u00b7 Active","tooltip_line4":"Authority: ERAA \u00b7 BCER permitted","tooltip_line5":"Post-2016 permits only \u2014 layer is partial","tooltip_line6":""}},{"type":"Feature","geometry":{"type":"LineString","coordinates":[[-123.49037,49.52482],[-123.48768,49.52427]]},"properties":{"operator_group":"Other BC operator","is_key_operator":false,"tooltip_title":"FortisBC Energy Inc.","tooltip_line1":"FortisBC Energy Inc.","tooltip_line2":"Transmission \u00b7 0.2 km","tooltip_line3":"Project 000021047 seg 2 \u00b7 Active","tooltip_line4":"Authority: ERAA \u00b7 BCER permitted","tooltip_line5":"Post-2016 permits only \u2014 layer is partial","tooltip_line6":""}},{"type":"Feature","geometry":{"type":"LineString","coordinates":[[-124.54435,49.85903],[-124.54567,49.86167],[-124.54989,49.867]]},"properties":{"operator_group":"Other BC operator","is_key_operator":false,"tooltip_title":"FortisBC Energy Inc.","tooltip_line1":"FortisBC Energy Inc.","tooltip_line2":"Transmission \u00b7 1.0 km","tooltip_line3":"Project 000021048 seg 1 \u00b7 Active","tooltip_line4":"Authority: ERAA \u00b7 BCER permitted","tooltip_line5":"Post-2016 permits only \u2014 layer is partial","tooltip_line6":""}},{"type":"Feature","geometry":{"type":"LineString","coordinates":[[-124.54338,49.85852],[-124.54435,49.85903]]},"properties":{"operator_group":"Other BC operator","is_key_operator":false,"tooltip_title":"FortisBC Energy Inc.","tooltip_line1":"FortisBC Energy Inc.","tooltip_line2":"Transmission \u00b7 0.1 km","tooltip_line3":"Project 000021048 seg 2 \u00b7 Active","tooltip_line4":"Authority: ERAA \u00b7 BCER permitted","tooltip_line5":"Post-2016 permits only \u2014 layer is partial","tooltip_line6":""}},{"type":"Feature","geometry":{"type":"LineString","coordinates":[[-124.67717,49.39687],[-124.67721,49.38505],[-124.67867,49.38253],[-124.68161,49.38041],[-124.68301,49.37873],[-124.68361,49.37553],[-124.68312,49.37426],[-124.68393,49.37367],[-124.68422,49.37227],[-124.68416,49.35964],[-124.68346,49.35732],[-124.6849,49.35583],[-124.69525,49.35362],[-124.69729,49.35395],[-124.70184,49.35294]]},"properties":{"operator_group":"Other BC operator","is_key_operator":false,"tooltip_title":"FortisBC Energy Inc.","tooltip_line1":"FortisBC Energy Inc.","tooltip_line2":"Transmission \u00b7 6.1 km","tooltip_line3":"Project 000021050 seg 1 \u00b7 Active","tooltip_line4":"Authority: ERAA \u00b7 BCER permitted","tooltip_line5":"Post-2016 permits only \u2014 layer is partial","tooltip_line6":""}},{"type":"Feature","geometry":{"type":"LineString","coordinates":[[-124.70184,49.35294],[-124.70458,49.35279],[-124.72405,49.35578],[-124.73458,49.3556],[-124.7385,49.35409],[-124.74143,49.35222],[-124.74296,49.34641],[-124.74329,49.34279],[-124.7422,49.33604],[-124.74337,49.33442],[-124.7442,49.33108]]},"properties":{"operator_group":"Other BC operator","is_key_operator":false,"tooltip_title":"FortisBC Energy Inc.","tooltip_line1":"FortisBC Energy Inc.","tooltip_line2":"Transmission \u00b7 5.5 km","tooltip_line3":"Project 000021050 seg 2 \u00b7 Active","tooltip_line4":"Authority: ERAA \u00b7 BCER permitted","tooltip_line5":"Post-2016 permits only \u2014 layer is partial","tooltip_line6":""}},{"type":"Feature","geometry":{"type":"LineString","coordinates":[[-124.7442,49.33108],[-124.74386,49.32938],[-124.74441,49.32881],[-124.74451,49.32731],[-124.74381,49.32677],[-124.74385,49.32523],[-124.74199,49.32318],[-124.74206,49.32258],[-124.74306,49.32206],[-124.74287,49.32034],[-124.74359,49.31833],[-124.7444,49.31758],[-124.74327,49.316],[-124.74967,49.30971],[-124.75197,49.30871],[-124.75304,49.30591],[-124.75516,49.30333],[-124.75562,49.30192],[-124.75647,49.3018],[-124.76924,49.28665],[-124.76916,49.28588],[-124.77015,49.28452],[-124.77389,49.28036]]},"properties":{"operator_group":"Other BC operator","is_key_operator":false,"tooltip_title":"FortisBC Energy Inc.","tooltip_line1":"FortisBC Energy Inc.","tooltip_line2":"Transmission \u00b7 6.6 km","tooltip_line3":"Project 000021050 seg 3 \u00b7 Active","tooltip_line4":"Authority: ERAA \u00b7 BCER permitted","tooltip_line5":"Post-2016 permits only \u2014 layer is partial","tooltip_line6":""}},{"type":"Feature","geometry":{"type":"LineString","coordinates":[[-124.77389,49.28036],[-124.77594,49.27702],[-124.77734,49.27276],[-124.77757,49.2599],[-124.78032,49.25823],[-124.78201,49.25554],[-124.78281,49.25147],[-124.78321,49.25123]]},"properties":{"operator_group":"Other BC operator","is_key_operator":false,"tooltip_title":"FortisBC Energy Inc.","tooltip_line1":"FortisBC Energy Inc.","tooltip_line2":"Transmission \u00b7 3.5 km","tooltip_line3":"Project 000021050 seg 4 \u00b7 Active","tooltip_line4":"Authority: ERAA \u00b7 BCER permitted","tooltip_line5":"Post-2016 permits only \u2014 layer is partial","tooltip_line6":""}},{"type":"Feature","geometry":{"type":"LineString","coordinates":[[-124.78321,49.25123],[-124.78425,49.25079],[-124.80213,49.25077],[-124.80677,49.25089],[-124.80779,49.25137]]},"properties":{"operator_group":"Other BC operator","is_key_operator":false,"tooltip_title":"FortisBC Energy Inc.","tooltip_line1":"FortisBC Energy Inc.","tooltip_line2":"Transmission \u00b7 1.9 km","tooltip_line3":"Project 000021051 seg 1 \u00b7 Active","tooltip_line4":"Authority: ERAA \u00b7 BCER permitted","tooltip_line5":"Post-2016 permits only \u2014 layer is partial","tooltip_line6":""}},{"type":"Feature","geometry":{"type":"LineString","coordinates":[[-123.85606,49.13271],[-123.85631,49.13418],[-123.8573,49.13508],[-123.85544,49.13532]]},"properties":{"operator_group":"Other BC operator","is_key_operator":false,"tooltip_title":"FortisBC Energy Inc.","tooltip_line1":"FortisBC Energy Inc.","tooltip_line2":"Transmission \u00b7 0.4 km","tooltip_line3":"Project 000021052 seg 1 \u00b7 Active","tooltip_line4":"Authority: ERAA \u00b7 BCER permitted","tooltip_line5":"Post-2016 permits only \u2014 layer is partial","tooltip_line6":""}},{"type":"Feature","geometry":{"type":"LineString","coordinates":[[-123.91681,49.08997],[-123.9088,49.09021],[-123.90857,49.09078]]},"properties":{"operator_group":"Other BC operator","is_key_operator":false,"tooltip_title":"FortisBC Energy Inc.","tooltip_line1":"FortisBC Energy Inc.","tooltip_line2":"Transmission \u00b7 0.7 km","tooltip_line3":"Project 000021052 seg 2 \u00b7 Active","tooltip_line4":"Authority: ERAA \u00b7 BCER permitted","tooltip_line5":"Post-2016 permits only \u2014 layer is partial","tooltip_line6":""}},{"type":"Feature","geometry":{"type":"LineString","coordinates":[[-123.90857,49.09078],[-123.90809,49.09728],[-123.90586,49.0975],[-123.90571,49.10104],[-123.90622,49.10332]]},"properties":{"operator_group":"Other BC operator","is_key_operator":false,"tooltip_title":"FortisBC Energy Inc.","tooltip_line1":"FortisBC Energy Inc.","tooltip_line2":"Transmission \u00b7 1.6 km","tooltip_line3":"Project 000021052 seg 3 \u00b7 Active","tooltip_line4":"Authority: ERAA \u00b7 BCER permitted","tooltip_line5":"Post-2016 permits only \u2014 layer is partial","tooltip_line6":""}},{"type":"Feature","geometry":{"type":"LineString","coordinates":[[-123.90622,49.10332],[-123.90618,49.10464],[-123.88575,49.10459]]},"properties":{"operator_group":"Other BC operator","is_key_operator":false,"tooltip_title":"FortisBC Energy Inc.","tooltip_line1":"FortisBC Energy Inc.","tooltip_line2":"Transmission \u00b7 1.6 km","tooltip_line3":"Project 000021052 seg 4 \u00b7 Active","tooltip_line4":"Authority: ERAA \u00b7 BCER permitted","tooltip_line5":"Post-2016 permits only \u2014 layer is partial","tooltip_line6":""}},{"type":"Feature","geometry":{"type":"LineString","coordinates":[[-123.88575,49.10459],[-123.86796,49.10466]]},"properties":{"operator_group":"Other BC operator","is_key_operator":false,"tooltip_title":"FortisBC Energy Inc.","tooltip_line1":"FortisBC Energy Inc.","tooltip_line2":"Transmission \u00b7 1.3 km","tooltip_line3":"Project 000021052 seg 5 \u00b7 Active","tooltip_line4":"Authority: ERAA \u00b7 BCER permitted","tooltip_line5":"Post-2016 permits only \u2014 layer is partial","tooltip_line6":""}},{"type":"Feature","geometry":{"type":"LineString","coordinates":[[-123.86796,49.10466],[-123.8666,49.10457]]},"properties":{"operator_group":"Other BC operator","is_key_operator":false,"tooltip_title":"FortisBC Energy Inc.","tooltip_line1":"FortisBC Energy Inc.","tooltip_line2":"Transmission \u00b7 0.1 km","tooltip_line3":"Project 000021052 seg 6 \u00b7 Active","tooltip_line4":"Authority: ERAA \u00b7 BCER permitted","tooltip_line5":"Post-2016 permits only \u2014 layer is partial","tooltip_line6":""}},{"type":"Feature","geometry":{"type":"LineString","coordinates":[[-123.8666,49.10457],[-123.85699,49.10464],[-123.85576,49.1078],[-123.85563,49.1099],[-123.85187,49.11525],[-123.85186,49.11913],[-123.85378,49.12973]]},"properties":{"operator_group":"Other BC operator","is_key_operator":false,"tooltip_title":"FortisBC Energy Inc.","tooltip_line1":"FortisBC Energy Inc.","tooltip_line2":"Transmission \u00b7 3.6 km","tooltip_line3":"Project 000021052 seg 7 \u00b7 Active","tooltip_line4":"Authority: ERAA \u00b7 BCER permitted","tooltip_line5":"Post-2016 permits only \u2014 layer is partial","tooltip_line6":""}},{"type":"Feature","geometry":{"type":"LineString","coordinates":[[-123.85378,49.12973],[-123.85519,49.13082],[-123.85606,49.13271]]},"properties":{"operator_group":"Other BC operator","is_key_operator":false,"tooltip_title":"FortisBC Energy Inc.","tooltip_line1":"FortisBC Energy Inc.","tooltip_line2":"Transmission \u00b7 0.4 km","tooltip_line3":"Project 000021052 seg 8 \u00b7 Active","tooltip_line4":"Authority: ERAA \u00b7 BCER permitted","tooltip_line5":"Post-2016 permits only \u2014 layer is partial","tooltip_line6":""}},{"type":"Feature","geometry":{"type":"LineString","coordinates":[[-123.85546,49.13539],[-123.85551,49.13518]]},"properties":{"operator_group":"Other BC operator","is_key_operator":false,"tooltip_title":"FortisBC Energy Inc.","tooltip_line1":"FortisBC Energy Inc.","tooltip_line2":"Transmission \u00b7 0.1 km","tooltip_line3":"Project 000021052 seg 9 \u00b7 Active","tooltip_line4":"Authority: ERAA \u00b7 BCER permitted","tooltip_line5":"Post-2016 permits only \u2014 layer is partial","tooltip_line6":""}},{"type":"Feature","geometry":{"type":"LineString","coordinates":[[-123.71844,48.87104],[-123.7156,48.86887]]},"properties":{"operator_group":"Other BC operator","is_key_operator":false,"tooltip_title":"FortisBC Energy Inc.","tooltip_line1":"FortisBC Energy Inc.","tooltip_line2":"Transmission \u00b7 0.3 km","tooltip_line3":"Project 000021053 seg 1 \u00b7 Active","tooltip_line4":"Authority: ERAA \u00b7 BCER permitted","tooltip_line5":"Post-2016 permits only \u2014 layer is partial","tooltip_line6":""}},{"type":"Feature","geometry":{"type":"LineString","coordinates":[[-123.71561,48.86887],[-123.71433,48.86961],[-123.71433,48.87054],[-123.71383,48.87077],[-123.70069,48.87089],[-123.70047,48.87037],[-123.69889,48.87036],[-123.69621,48.87081],[-123.69466,48.87021],[-123.69257,48.87073],[-123.68273,48.87071],[-123.67824,48.87157],[-123.67309,48.87332],[-123.65113,48.87344]]},"properties":{"operator_group":"Other BC operator","is_key_operator":false,"tooltip_title":"FortisBC Energy Inc.","tooltip_line1":"FortisBC Energy Inc.","tooltip_line2":"Transmission \u00b7 5.1 km","tooltip_line3":"Project 000021053 seg 2 \u00b7 Active","tooltip_line4":"Authority: ERAA \u00b7 BCER permitted","tooltip_line5":"Post-2016 permits only \u2014 layer is partial","tooltip_line6":""}},{"type":"Feature","geometry":{"type":"LineString","coordinates":[[-123.65113,48.87344],[-123.65093,48.87349]]},"properties":{"operator_group":"Other BC operator","is_key_operator":false,"tooltip_title":"FortisBC Energy Inc.","tooltip_line1":"FortisBC Energy Inc.","tooltip_line2":"Transmission \u00b7 0.0 km","tooltip_line3":"Project 000021053 seg 3 \u00b7 Active","tooltip_line4":"Authority: ERAA \u00b7 BCER permitted","tooltip_line5":"Post-2016 permits only \u2014 layer is partial","tooltip_line6":""}},{"type":"Feature","geometry":{"type":"LineString","coordinates":[[-125.046,49.69787],[-125.05008,49.69804]]},"properties":{"operator_group":"Other BC operator","is_key_operator":false,"tooltip_title":"FortisBC Energy Inc.","tooltip_line1":"FortisBC Energy Inc.","tooltip_line2":"Transmission \u00b7 0.3 km","tooltip_line3":"Project 000021054 seg 1 \u00b7 Active","tooltip_line4":"Authority: ERAA \u00b7 BCER permitted","tooltip_line5":"Post-2016 permits only \u2014 layer is partial","tooltip_line6":""}},{"type":"Feature","geometry":{"type":"LineString","coordinates":[[-125.05008,49.69804],[-125.06078,49.69809],[-125.06574,49.70195],[-125.07035,49.7034],[-125.08872,49.71834],[-125.09101,49.71872],[-125.10092,49.72826],[-125.10576,49.73397],[-125.12198,49.75937],[-125.12568,49.76177],[-125.13318,49.77135],[-125.14439,49.78148],[-125.14436,49.78277],[-125.16439,49.79921],[-125.16633,49.79942],[-125.17008,49.80236],[-125.17779,49.81045],[-125.18036,49.81256],[-125.18024,49.81328],[-125.22943,49.87097],[-125.22834,49.87335],[-125.22826,49.87488],[-125.23021,49.87626],[-125.23593,49.87858],[-125.24919,49.8941]]},"properties":{"operator_group":"Other BC operator","is_key_operator":false,"tooltip_title":"FortisBC Energy Inc.","tooltip_line1":"FortisBC Energy Inc.","tooltip_line2":"Transmission \u00b7 34.9 km","tooltip_line3":"Project 000021054 seg 2 \u00b7 Active","tooltip_line4":"Authority: ERAA \u00b7 BCER permitted","tooltip_line5":"Post-2016 permits only \u2014 layer is partial","tooltip_line6":""}},{"type":"Feature","geometry":{"type":"LineString","coordinates":[[-125.25707,49.90329],[-125.27292,49.92184],[-125.27241,49.92277],[-125.27291,49.92346],[-125.2728,49.9288],[-125.27477,49.93066],[-125.28261,49.93496],[-125.28409,49.93744],[-125.28728,49.93854],[-125.30468,49.95889],[-125.30427,49.96003],[-125.31276,49.97013],[-125.3152,49.97138],[-125.31633,49.97452],[-125.31709,49.9798],[-125.31816,49.98054],[-125.31814,49.9814],[-125.31762,49.98621],[-125.31592,49.9905],[-125.31482,50.0196],[-125.31409,50.02309],[-125.31411,50.03284],[-125.31179,50.03487],[-125.31015,50.03815],[-125.31402,50.04069]]},"properties":{"operator_group":"Other BC operator","is_key_operator":false,"tooltip_title":"FortisBC Energy Inc.","tooltip_line1":"FortisBC Energy Inc.","tooltip_line2":"Transmission \u00b7 17.0 km","tooltip_line3":"Project 000021054 seg 3 \u00b7 Active","tooltip_line4":"Authority: ERAA \u00b7 BCER permitted","tooltip_line5":"Post-2016 permits only \u2014 layer is partial","tooltip_line6":""}},{"type":"Feature","geometry":{"type":"LineString","coordinates":[[-125.24919,49.8941],[-125.24959,49.89457],[-125.24947,49.89618],[-125.25456,49.902],[-125.25632,49.90242],[-125.25707,49.90329]]},"properties":{"operator_group":"Other BC operator","is_key_operator":false,"tooltip_title":"FortisBC Energy Inc.","tooltip_line1":"FortisBC Energy Inc.","tooltip_line2":"Transmission \u00b7 1.2 km","tooltip_line3":"Project 000021054 seg 4 \u00b7 Active","tooltip_line4":"Authority: ERAA \u00b7 BCER permitted","tooltip_line5":"Post-2016 permits only \u2014 layer is partial","tooltip_line6":""}},{"type":"Feature","geometry":{"type":"LineString","coordinates":[[-125.31402,50.04069],[-125.3151,50.04403],[-125.31028,50.04613]]},"properties":{"operator_group":"Other BC operator","is_key_operator":false,"tooltip_title":"FortisBC Energy Inc.","tooltip_line1":"FortisBC Energy Inc.","tooltip_line2":"Transmission \u00b7 0.8 km","tooltip_line3":"Project 000021054 seg 5 \u00b7 Active","tooltip_line4":"Authority: ERAA \u00b7 BCER permitted","tooltip_line5":"Post-2016 permits only \u2014 layer is partial","tooltip_line6":""}},{"type":"Feature","geometry":{"type":"LineString","coordinates":[[-125.31028,50.04613],[-125.30399,50.04753],[-125.29753,50.05219],[-125.29661,50.05404],[-125.28501,50.06309],[-125.28514,50.06414]]},"properties":{"operator_group":"Other BC operator","is_key_operator":false,"tooltip_title":"FortisBC Energy Inc.","tooltip_line1":"FortisBC Energy Inc.","tooltip_line2":"Transmission \u00b7 2.8 km","tooltip_line3":"Project 000021054 seg 6 \u00b7 Active","tooltip_line4":"Authority: ERAA \u00b7 BCER permitted","tooltip_line5":"Post-2016 permits only \u2014 layer is partial","tooltip_line6":""}},{"type":"Feature","geometry":{"type":"LineString","coordinates":[[-125.28514,50.06414],[-125.28489,50.0681]]},"properties":{"operator_group":"Other BC operator","is_key_operator":false,"tooltip_title":"FortisBC Energy Inc.","tooltip_line1":"FortisBC Energy Inc.","tooltip_line2":"Transmission \u00b7 0.1 km","tooltip_line3":"Project 000021054 seg 7 \u00b7 Active","tooltip_line4":"Authority: ERAA \u00b7 BCER permitted","tooltip_line5":"Post-2016 permits only \u2014 layer is partial","tooltip_line6":""}},{"type":"Feature","geometry":{"type":"LineString","coordinates":[[-125.31427,50.02427],[-125.31292,50.02445]]},"properties":{"operator_group":"Other BC operator","is_key_operator":false,"tooltip_title":"FortisBC Energy Inc.","tooltip_line1":"FortisBC Energy Inc.","tooltip_line2":"Transmission \u00b7 0.1 km","tooltip_line3":"Project 000021054 seg 8 \u00b7 Active","tooltip_line4":"Authority: ERAA \u00b7 BCER permitted","tooltip_line5":"Post-2016 permits only \u2014 layer is partial","tooltip_line6":""}},{"type":"Feature","geometry":{"type":"LineString","coordinates":[[-124.00013,54.14404],[-124.00014,54.11542],[-123.9986,54.10913],[-123.99847,54.10647],[-123.99981,54.10448],[-123.99953,54.09725],[-124.00015,54.09646],[-123.9998,54.08434],[-123.99852,54.08322],[-123.99886,54.07847],[-123.9975,54.0767],[-123.99738,54.07094],[-123.99671,54.07027],[-123.99677,54.04006]]},"properties":{"operator_group":"Other BC operator","is_key_operator":false,"tooltip_title":"Pacific Northern Gas Ltd.","tooltip_line1":"Pacific Northern Gas Ltd.","tooltip_line2":"Transmission \u00b7 11.7 km","tooltip_line3":"Project 000021109 seg 1 \u00b7 Active","tooltip_line4":"Authority: ERAA \u00b7 BCER permitted","tooltip_line5":"Post-2016 permits only \u2014 layer is partial","tooltip_line6":""}},{"type":"Feature","geometry":{"type":"LineString","coordinates":[[-123.99677,54.04006],[-123.99661,54.02756]]},"properties":{"operator_group":"Other BC operator","is_key_operator":false,"tooltip_title":"Pacific Northern Gas Ltd.","tooltip_line1":"Pacific Northern Gas Ltd.","tooltip_line2":"Transmission \u00b7 1.4 km","tooltip_line3":"Project 000021109 seg 2 \u00b7 Active","tooltip_line4":"Authority: ERAA \u00b7 BCER permitted","tooltip_line5":"Post-2016 permits only \u2014 layer is partial","tooltip_line6":""}},{"type":"Feature","geometry":{"type":"LineString","coordinates":[[-124.96989,54.09111],[-124.9688,54.08043],[-124.96503,54.07663],[-124.96497,54.07151],[-124.96282,54.07015],[-124.95891,54.06604],[-124.95785,54.06],[-124.92791,54.0452],[-124.92406,54.04425],[-124.91736,54.04484],[-124.91174,54.04434],[-124.90764,54.04475],[-124.90278,54.04618],[-124.89574,54.04726],[-124.88506,54.04795],[-124.87222,54.05172],[-124.86649,54.05255]]},"properties":{"operator_group":"Other BC operator","is_key_operator":false,"tooltip_title":"Pacific Northern Gas Ltd.","tooltip_line1":"Pacific Northern Gas Ltd.","tooltip_line2":"Transmission \u00b7 10.5 km","tooltip_line3":"Project 000021110 seg 1 \u00b7 Active","tooltip_line4":"Authority: ERAA \u00b7 BCER permitted","tooltip_line5":"Post-2016 permits only \u2014 layer is partial","tooltip_line6":""}},{"type":"Feature","geometry":{"type":"LineString","coordinates":[[-124.95785,54.06],[-124.99184,54.06003],[-124.99993,54.06216],[-125.02074,54.05277],[-125.02881,54.04841],[-125.04653,54.04647],[-125.06137,54.04222],[-125.08419,54.03972]]},"properties":{"operator_group":"Other BC operator","is_key_operator":false,"tooltip_title":"Pacific Northern Gas Ltd.","tooltip_line1":"Pacific Northern Gas Ltd.","tooltip_line2":"Transmission \u00b7 9.1 km","tooltip_line3":"Project 000021110 seg 2 \u00b7 Active","tooltip_line4":"Authority: ERAA \u00b7 BCER permitted","tooltip_line5":"Post-2016 permits only \u2014 layer is partial","tooltip_line6":""}},{"type":"Feature","geometry":{"type":"LineString","coordinates":[[-127.12219,54.65978],[-127.12051,54.66096]]},"properties":{"operator_group":"Other BC operator","is_key_operator":false,"tooltip_title":"Pacific Northern Gas Ltd.","tooltip_line1":"Pacific Northern Gas Ltd.","tooltip_line2":"Transmission \u00b7 0.2 km","tooltip_line3":"Project 000021112 seg 1 \u00b7 Active","tooltip_line4":"Authority: ERAA \u00b7 BCER permitted","tooltip_line5":"Post-2016 permits only \u2014 layer is partial","tooltip_line6":""}},{"type":"Feature","geometry":{"type":"LineString","coordinates":[[-127.12051,54.66096],[-127.11802,54.66189],[-127.1145,54.66627]]},"properties":{"operator_group":"Other BC operator","is_key_operator":false,"tooltip_title":"Pacific Northern Gas Ltd.","tooltip_line1":"Pacific Northern Gas Ltd.","tooltip_line2":"Transmission \u00b7 0.7 km","tooltip_line3":"Project 000021112 seg 2 \u00b7 Active","tooltip_line4":"Authority: ERAA \u00b7 BCER permitted","tooltip_line5":"Post-2016 permits only \u2014 layer is partial","tooltip_line6":""}},{"type":"Feature","geometry":{"type":"LineString","coordinates":[[-127.1145,54.66627],[-127.1144,54.66829]]},"properties":{"operator_group":"Other BC operator","is_key_operator":false,"tooltip_title":"Pacific Northern Gas Ltd.","tooltip_line1":"Pacific Northern Gas Ltd.","tooltip_line2":"Transmission \u00b7 0.2 km","tooltip_line3":"Project 000021112 seg 3 \u00b7 Active","tooltip_line4":"Authority: ERAA \u00b7 BCER permitted","tooltip_line5":"Post-2016 permits only \u2014 layer is partial","tooltip_line6":""}},{"type":"Feature","geometry":{"type":"LineString","coordinates":[[-127.1144,54.66829],[-127.11489,54.67074],[-127.11566,54.67146],[-127.11664,54.67613],[-127.1188,54.6781],[-127.11997,54.68348],[-127.11883,54.68539],[-127.11969,54.6889],[-127.12185,54.69138],[-127.12729,54.69353],[-127.12931,54.6949],[-127.13153,54.69742],[-127.13224,54.69833],[-127.13072,54.70004],[-127.13761,54.70904],[-127.14102,54.71086],[-127.14163,54.7124],[-127.14108,54.71803],[-127.14292,54.7199],[-127.14467,54.72055],[-127.14566,54.72171],[-127.1461,54.7268],[-127.14506,54.72798],[-127.14589,54.73151],[-127.14505,54.73297],[-127.145,54.73555],[-127.14444,54.73715],[-127.14461,54.73984],[-127.14516,54.74103],[-127.14568,54.75278],[-127.14867,54.7536],[-127.15183,54.75569],[-127.15246,54.75715],[-127.15167,54.75876]]},"properties":{"operator_group":"Other BC operator","is_key_operator":false,"tooltip_title":"Pacific Northern Gas Ltd.","tooltip_line1":"Pacific Northern Gas Ltd.","tooltip_line2":"Transmission \u00b7 11.1 km","tooltip_line3":"Project 000021112 seg 6 \u00b7 Active","tooltip_line4":"Authority: ERAA \u00b7 BCER permitted","tooltip_line5":"Post-2016 permits only \u2014 layer is partial","tooltip_line6":""}},{"type":"Feature","geometry":{"type":"LineString","coordinates":[[-127.15167,54.75876],[-127.15517,54.76135],[-127.15483,54.76206],[-127.15556,54.7626],[-127.15528,54.76273]]},"properties":{"operator_group":"Other BC operator","is_key_operator":false,"tooltip_title":"Pacific Northern Gas Ltd.","tooltip_line1":"Pacific Northern Gas Ltd.","tooltip_line2":"Transmission \u00b7 0.5 km","tooltip_line3":"Project 000021112 seg 8 \u00b7 Active","tooltip_line4":"Authority: ERAA \u00b7 BCER permitted","tooltip_line5":"Post-2016 permits only \u2014 layer is partial","tooltip_line6":""}},{"type":"Feature","geometry":{"type":"LineString","coordinates":[[-127.15528,54.76273],[-127.15742,54.76448]]},"properties":{"operator_group":"Other BC operator","is_key_operator":false,"tooltip_title":"Pacific Northern Gas Ltd.","tooltip_line1":"Pacific Northern Gas Ltd.","tooltip_line2":"Transmission \u00b7 0.3 km","tooltip_line3":"Project 000021112 seg 9 \u00b7 Active","tooltip_line4":"Authority: ERAA \u00b7 BCER permitted","tooltip_line5":"Post-2016 permits only \u2014 layer is partial","tooltip_line6":""}},{"type":"Feature","geometry":{"type":"LineString","coordinates":[[-127.12205,54.6597],[-127.11775,54.65817],[-127.11429,54.65985],[-127.109,54.66102],[-127.10733,54.6634],[-127.10654,54.66383],[-127.09837,54.6643],[-127.08602,54.6697],[-127.07867,54.67594],[-127.06705,54.6818]]},"properties":{"operator_group":"Other BC operator","is_key_operator":false,"tooltip_title":"Pacific Northern Gas Ltd.","tooltip_line1":"Pacific Northern Gas Ltd.","tooltip_line2":"Transmission \u00b7 4.7 km","tooltip_line3":"Project 000021114 seg 1 \u00b7 Active","tooltip_line4":"Authority: ERAA \u00b7 BCER permitted","tooltip_line5":"Post-2016 permits only \u2014 layer is partial","tooltip_line6":""}},{"type":"Feature","geometry":{"type":"LineString","coordinates":[[-130.27175,54.27428],[-130.27336,54.27024],[-130.27113,54.26485],[-130.26983,54.26345],[-130.26611,54.2635],[-130.26472,54.26203],[-130.2623,54.26126],[-130.25984,54.25614],[-130.2589,54.25559],[-130.2591,54.25456],[-130.25815,54.253]]},"properties":{"operator_group":"Other BC operator","is_key_operator":false,"tooltip_title":"Pacific Northern Gas Ltd.","tooltip_line1":"Pacific Northern Gas Ltd.","tooltip_line2":"Transmission \u00b7 2.9 km","tooltip_line3":"Project 000021115 seg 1 \u00b7 Active","tooltip_line4":"Authority: ERAA \u00b7 BCER permitted","tooltip_line5":"Post-2016 permits only \u2014 layer is partial","tooltip_line6":""}},{"type":"Feature","geometry":{"type":"LineString","coordinates":[[-130.27119,54.27539],[-130.27175,54.27428]]},"properties":{"operator_group":"Other BC operator","is_key_operator":false,"tooltip_title":"Pacific Northern Gas Ltd.","tooltip_line1":"Pacific Northern Gas Ltd.","tooltip_line2":"Transmission \u00b7 0.1 km","tooltip_line3":"Project 000021115 seg 2 \u00b7 Active","tooltip_line4":"Authority: ERAA \u00b7 BCER permitted","tooltip_line5":"Post-2016 permits only \u2014 layer is partial","tooltip_line6":""}},{"type":"Feature","geometry":{"type":"LineString","coordinates":[[-130.27275,54.28951],[-130.27302,54.28569],[-130.27091,54.2832],[-130.26984,54.2803],[-130.26995,54.27819],[-130.27119,54.27539]]},"properties":{"operator_group":"Other BC operator","is_key_operator":false,"tooltip_title":"Pacific Northern Gas Ltd.","tooltip_line1":"Pacific Northern Gas Ltd.","tooltip_line2":"Transmission \u00b7 1.6 km","tooltip_line3":"Project 000021115 seg 3 \u00b7 Active","tooltip_line4":"Authority: ERAA \u00b7 BCER permitted","tooltip_line5":"Post-2016 permits only \u2014 layer is partial","tooltip_line6":""}},{"type":"Feature","geometry":{"type":"LineString","coordinates":[[-130.27255,54.29282],[-130.27275,54.28951]]},"properties":{"operator_group":"Other BC operator","is_key_operator":false,"tooltip_title":"Pacific Northern Gas Ltd.","tooltip_line1":"Pacific Northern Gas Ltd.","tooltip_line2":"Transmission \u00b7 0.4 km","tooltip_line3":"Project 000021115 seg 4 \u00b7 Active","tooltip_line4":"Authority: ERAA \u00b7 BCER permitted","tooltip_line5":"Post-2016 permits only \u2014 layer is partial","tooltip_line6":""}},{"type":"Feature","geometry":{"type":"LineString","coordinates":[[-130.26739,54.30697],[-130.26797,54.30525],[-130.26752,54.30088],[-130.2709,54.29668],[-130.27255,54.29282]]},"properties":{"operator_group":"Other BC operator","is_key_operator":false,"tooltip_title":"Pacific Northern Gas Ltd.","tooltip_line1":"Pacific Northern Gas Ltd.","tooltip_line2":"Transmission \u00b7 1.7 km","tooltip_line3":"Project 000021115 seg 5 \u00b7 Active","tooltip_line4":"Authority: ERAA \u00b7 BCER permitted","tooltip_line5":"Post-2016 permits only \u2014 layer is partial","tooltip_line6":""}},{"type":"Feature","geometry":{"type":"LineString","coordinates":[[-130.26739,54.30697],[-130.2691,54.31032],[-130.26831,54.31182],[-130.26946,54.31273],[-130.27186,54.31893]]},"properties":{"operator_group":"Other BC operator","is_key_operator":false,"tooltip_title":"Pacific Northern Gas Ltd.","tooltip_line1":"Pacific Northern Gas Ltd.","tooltip_line2":"Transmission \u00b7 1.4 km","tooltip_line3":"Project 000021115 seg 6 \u00b7 Active","tooltip_line4":"Authority: ERAA \u00b7 BCER permitted","tooltip_line5":"Post-2016 permits only \u2014 layer is partial","tooltip_line6":""}},{"type":"Feature","geometry":{"type":"LineString","coordinates":[[-120.52495,56.02895],[-120.52781,56.03017],[-120.53048,56.02934],[-120.56012,56.02936],[-120.60237,56.0362],[-120.6232,56.04101],[-120.66417,56.04128],[-120.67743,56.04285],[-120.67897,56.04401],[-120.71372,56.04878],[-120.72523,56.04953],[-120.73828,56.05181]]},"properties":{"operator_group":"Other BC operator","is_key_operator":false,"tooltip_title":"Aux Sable Canada Ltd.","tooltip_line1":"Aux Sable Canada Ltd.","tooltip_line2":"Transmission \u00b7 13.9 km","tooltip_line3":"Project 000021905 seg 1 \u00b7 Active","tooltip_line4":"Authority: ERAA \u00b7 BCER permitted","tooltip_line5":"Post-2016 permits only \u2014 layer is partial","tooltip_line6":""}},{"type":"Feature","geometry":{"type":"LineString","coordinates":[[-120.50774,56.02388],[-120.51472,56.02461],[-120.52495,56.02895]]},"properties":{"operator_group":"Other BC operator","is_key_operator":false,"tooltip_title":"Aux Sable Canada Ltd.","tooltip_line1":"Aux Sable Canada Ltd.","tooltip_line2":"Transmission \u00b7 1.2 km","tooltip_line3":"Project 000021905 seg 2 \u00b7 Active","tooltip_line4":"Authority: ERAA \u00b7 BCER permitted","tooltip_line5":"Post-2016 permits only \u2014 layer is partial","tooltip_line6":""}},{"type":"Feature","geometry":{"type":"LineString","coordinates":[[-120.42686,56.02981],[-120.42834,56.02984],[-120.4302,56.03063],[-120.43602,56.02978],[-120.45383,56.02475],[-120.45905,56.02246],[-120.47201,56.01876],[-120.48424,56.01877],[-120.49076,56.02203],[-120.50084,56.02205],[-120.50397,56.02352],[-120.50774,56.02388]]},"properties":{"operator_group":"Other BC operator","is_key_operator":false,"tooltip_title":"Aux Sable Canada Ltd.","tooltip_line1":"Aux Sable Canada Ltd.","tooltip_line2":"Transmission \u00b7 5.7 km","tooltip_line3":"Project 000021905 seg 3 \u00b7 Active","tooltip_line4":"Authority: ERAA \u00b7 BCER permitted","tooltip_line5":"Post-2016 permits only \u2014 layer is partial","tooltip_line6":""}},{"type":"Feature","geometry":{"type":"LineString","coordinates":[[-120.50774,56.02388],[-120.50925,56.02377],[-120.51456,56.0251],[-120.52495,56.02895]]},"properties":{"operator_group":"Other BC operator","is_key_operator":false,"tooltip_title":"Aux Sable Canada Ltd.","tooltip_line1":"Aux Sable Canada Ltd.","tooltip_line2":"Transmission \u00b7 1.1 km","tooltip_line3":"Project 000021905 seg 4 \u00b7 Active","tooltip_line4":"Authority: ERAA \u00b7 BCER permitted","tooltip_line5":"Post-2016 permits only \u2014 layer is partial","tooltip_line6":""}},{"type":"Feature","geometry":{"type":"LineString","coordinates":[[-122.19193,56.96733],[-122.18597,56.96728],[-122.18446,56.96776],[-122.18394,56.9691],[-122.18047,56.97164],[-122.17882,56.9723],[-122.17717,56.97229]]},"properties":{"operator_group":"Other BC operator","is_key_operator":false,"tooltip_title":"PETRONAS Energy Canada Ltd.","tooltip_line1":"PETRONAS Energy Canada Ltd.","tooltip_line2":"Transmission \u00b7 1.2 km","tooltip_line3":"Project 000023136 seg 2 \u00b7 Active","tooltip_line4":"Authority: ERAA \u00b7 BCER permitted","tooltip_line5":"Post-2016 permits only \u2014 layer is partial","tooltip_line6":""}},{"type":"Feature","geometry":{"type":"LineString","coordinates":[[-122.22766,56.96683],[-122.22256,56.9653],[-122.21554,56.96751],[-122.19193,56.96733]]},"properties":{"operator_group":"Other BC operator","is_key_operator":false,"tooltip_title":"PETRONAS Energy Canada Ltd.","tooltip_line1":"PETRONAS Energy Canada Ltd.","tooltip_line2":"Transmission \u00b7 2.3 km","tooltip_line3":"Project 000023136 seg 5 \u00b7 Active","tooltip_line4":"Authority: ERAA \u00b7 BCER permitted","tooltip_line5":"Post-2016 permits only \u2014 layer is partial","tooltip_line6":""}},{"type":"Feature","geometry":{"type":"LineString","coordinates":[[-120.82135,56.3338],[-120.82129,56.3338]]},"properties":{"operator_group":"Other BC operator","is_key_operator":false,"tooltip_title":"Pacific Northern Gas (N.E.) Ltd.","tooltip_line1":"Pacific Northern Gas (N.E.) Ltd.","tooltip_line2":"Transmission \u00b7 0.0 km","tooltip_line3":"Project 000023360 seg 1 \u00b7 Active","tooltip_line4":"Authority: ERAA \u00b7 BCER permitted","tooltip_line5":"Post-2016 permits only \u2014 layer is partial","tooltip_line6":""}},{"type":"Feature","geometry":{"type":"LineString","coordinates":[[-120.82129,56.3338],[-120.82059,56.3338],[-120.82052,56.40657]]},"properties":{"operator_group":"Other BC operator","is_key_operator":false,"tooltip_title":"Pacific Northern Gas (N.E.) Ltd.","tooltip_line1":"Pacific Northern Gas (N.E.) Ltd.","tooltip_line2":"Transmission \u00b7 8.2 km","tooltip_line3":"Project 000023360 seg 2 \u00b7 Active","tooltip_line4":"Authority: ERAA \u00b7 BCER permitted","tooltip_line5":"Post-2016 permits only \u2014 layer is partial","tooltip_line6":""}},{"type":"Feature","geometry":{"type":"LineString","coordinates":[[-120.82052,56.40657],[-120.82052,56.40664]]},"properties":{"operator_group":"Other BC operator","is_key_operator":false,"tooltip_title":"Pacific Northern Gas (N.E.) Ltd.","tooltip_line1":"Pacific Northern Gas (N.E.) Ltd.","tooltip_line2":"Transmission \u00b7 0.0 km","tooltip_line3":"Project 000023360 seg 3 \u00b7 Active","tooltip_line4":"Authority: ERAA \u00b7 BCER permitted","tooltip_line5":"Post-2016 permits only \u2014 layer is partial","tooltip_line6":""}},{"type":"Feature","geometry":{"type":"LineString","coordinates":[[-120.82052,56.40664],[-120.81655,56.40751],[-120.81639,56.42343],[-120.8154,56.42826],[-120.80795,56.42827],[-120.80796,56.43285],[-120.81439,56.43891],[-120.82061,56.44245],[-120.82061,56.44919],[-120.82012,56.45297],[-120.81958,56.45316],[-120.81974,56.45659],[-120.82049,56.4577],[-120.82059,56.47891]]},"properties":{"operator_group":"Other BC operator","is_key_operator":false,"tooltip_title":"Pacific Northern Gas (N.E.) Ltd.","tooltip_line1":"Pacific Northern Gas (N.E.) Ltd.","tooltip_line2":"Transmission \u00b7 9.0 km","tooltip_line3":"Project 000023360 seg 4 \u00b7 Active","tooltip_line4":"Authority: ERAA \u00b7 BCER permitted","tooltip_line5":"Post-2016 permits only \u2014 layer is partial","tooltip_line6":""}},{"type":"Feature","geometry":{"type":"LineString","coordinates":[[-120.82059,56.47891],[-120.82059,56.47895]]},"properties":{"operator_group":"Other BC operator","is_key_operator":false,"tooltip_title":"Pacific Northern Gas (N.E.) Ltd.","tooltip_line1":"Pacific Northern Gas (N.E.) Ltd.","tooltip_line2":"Transmission \u00b7 0.0 km","tooltip_line3":"Project 000023360 seg 5 \u00b7 Active","tooltip_line4":"Authority: ERAA \u00b7 BCER permitted","tooltip_line5":"Post-2016 permits only \u2014 layer is partial","tooltip_line6":""}},{"type":"Feature","geometry":{"type":"LineString","coordinates":[[-122.21446,55.64682],[-122.21521,55.64798],[-122.22001,55.64709],[-122.23939,55.64201],[-122.24488,55.63899],[-122.2511,55.63654],[-122.25884,55.63253],[-122.26069,55.63087],[-122.26587,55.62885],[-122.26889,55.62664],[-122.273,55.6246],[-122.27663,55.62438],[-122.29768,55.61508],[-122.30223,55.61383],[-122.30568,55.61349],[-122.30798,55.61253],[-122.31156,55.60843],[-122.31892,55.60382],[-122.33151,55.59991],[-122.33699,55.59935],[-122.36996,55.58427],[-122.38566,55.57946],[-122.40832,55.5698],[-122.42724,55.56073],[-122.45951,55.54999],[-122.45771,55.54823],[-122.47107,55.54132],[-122.48059,55.53349],[-122.4854,55.53077],[-122.49209,55.52473],[-122.49319,55.52424],[-122.50812,55.52161],[-122.5173,55.522],[-122.53125,55.52094],[-122.53187,55.52157],[-122.53994,55.52055],[-122.54872,55.51759],[-122.55094,55.5161],[-122.55426,55.51252],[-122.56003,55.51134],[-122.56757,55.51257],[-122.5741,55.51186],[-122.58296,55.50687],[-122.58577,55.50244],[-122.58937,55.50154],[-122.5905,55.50048],[-122.59886,55.49993],[-122.60543,55.50138],[-122.61541,55.50749],[-122.62221,55.50777],[-122.63648,55.50722],[-122.64017,55.50588],[-122.6417,55.5064],[-122.65439,55.50075],[-122.67655,55.50185],[-122.68343,55.50446],[-122.68708,55.50516],[-122.694,55.50754],[-122.69768,55.5093],[-122.70877,55.51796],[-122.71069,55.51898],[-122.71717,55.52008],[-122.72586,55.51981],[-122.74648,55.51692],[-122.74802,55.5153],[-122.74911,55.51484],[-122.7533,55.51484],[-122.75647,55.51403],[-122.75758,55.51453],[-122.77261,55.51266],[-122.77636,55.51165],[-122.77863,55.51033],[-122.78034,55.50992],[-122.78042,55.50898],[-122.78211,55.50686],[-122.78545,55.50603],[-122.79898,55.49621],[-122.80625,55.49194],[-122.80992,55.48632],[-122.80848,55.48356],[-122.80878,55.48195],[-122.81162,55.4793],[-122.81114,55.47749],[-122.80998,55.47601],[-122.80326,55.47169],[-122.80113,55.46871],[-122.79607,55.46625],[-122.79156,55.46523],[-122.78734,55.46172],[-122.78216,55.45849],[-122.77922,55.45727],[-122.76781,55.45428],[-122.76009,55.44932],[-122.72664,55.44165],[-122.71127,55.4307],[-122.7059,55.43076],[-122.66354,55.40933],[-122.65297,55.39872],[-122.63558,55.3934],[-122.62972,55.38806],[-122.62555,55.38566],[-122.61725,55.37933],[-122.61374,55.375],[-122.6146,55.37296],[-122.61257,55.37114],[-122.61228,55.36994],[-122.61673,55.35724],[-122.61756,55.3536],[-122.61963,55.34994],[-122.62634,55.34289],[-122.62957,55.34016],[-122.63229,55.33868],[-122.64403,55.33535],[-122.64679,55.33409],[-122.65956,55.32623],[-122.66466,55.32045],[-122.6665,55.31638],[-122.67785,55.31036],[-122.681,55.30613],[-122.68672,55.30464],[-122.68837,55.30366],[-122.69076,55.3],[-122.69208,55.29718],[-122.69039,55.29304],[-122.69185,55.28981],[-122.69134,55.28714],[-122.6948,55.27923],[-122.69384,55.27551],[-122.69105,55.27224],[-122.68986,55.26419],[-122.69064,55.262],[-122.69053,55.2563],[-122.69278,55.25193],[-122.69261,55.24827],[-122.69418,55.2457],[-122.69442,55.24428],[-122.6931,55.24221],[-122.69252,55.24027],[-122.69377,55.23815],[-122.69388,55.2364],[-122.69807,55.23476],[-122.70206,55.23163],[-122.70748,55.2288],[-122.71266,55.22705],[-122.72143,55.22528],[-122.7265,55.2236],[-122.72606,55.2187],[-122.72635,55.21813],[-122.74553,55.20423],[-122.7483,55.20309],[-122.74938,55.20207],[-122.75011,55.2004],[-122.75505,55.19573],[-122.76149,55.19285],[-122.77254,55.18478],[-122.79022,55.17557],[-122.7919,55.17335],[-122.79775,55.17145],[-122.84422,55.14595],[-122.85876,55.14329],[-122.87379,55.14128],[-122.8784,55.13908],[-122.8971,55.13244],[-122.92265,55.12173],[-122.92229,55.12104],[-122.92603,55.1194],[-122.95912,55.11208],[-122.9794,55.10889],[-122.98598,55.10954],[-122.99544,55.10882],[-123.00228,55.10668],[-123.01384,55.11497],[-123.02636,55.11773],[-123.02678,55.11945],[-123.02853,55.11984],[-123.1034,55.12823],[-123.11057,55.13016],[-123.12903,55.12931],[-123.16509,55.11001],[-123.18417,55.10039],[-123.19297,55.09681],[-123.21868,55.08867],[-123.22245,55.08602],[-123.22762,55.08585],[-123.23797,55.08261],[-123.25885,55.08114],[-123.26048,55.08208],[-123.26289,55.08165],[-123.26444,55.08074],[-123.27877,55.07969],[-123.28486,55.07705],[-123.2884,55.072],[-123.32302,55.06046],[-123.3378,55.06129],[-123.34569,55.06087],[-123.35677,55.05825],[-123.38495,55.0558],[-123.38873,55.05332],[-123.39402,55.0516],[-123.40143,55.05083],[-123.40793,55.05134],[-123.41591,55.05042],[-123.42089,55.04766],[-123.42955,55.04829],[-123.49594,55.05632],[-123.51238,55.05696],[-123.53632,55.05508],[-123.55594,55.05657],[-123.56061,55.05465],[-123.57472,55.05513],[-123.60383,55.06087],[-123.60516,55.06228],[-123.61907,55.06542],[-123.64297,55.07404],[-123.69153,55.07961],[-123.70762,55.0798],[-123.74084,55.08513],[-123.7633,55.08468],[-123.76478,55.08566],[-123.76476,55.09311],[-123.76908,55.09601],[-123.77684,55.09642],[-123.7805,55.09876],[-123.8135,55.09998],[-123.81887,55.09958],[-123.82742,55.10046],[-123.8565,55.10806],[-123.86402,55.11276],[-123.8694,55.11901],[-123.87027,55.12137],[-123.87415,55.12461],[-123.90446,55.12406],[-123.9104,55.12252],[-123.91569,55.11993],[-123.92002,55.11631],[-123.92173,55.11669],[-123.9283,55.1127],[-123.93613,55.10906],[-123.95481,55.09641],[-123.96168,55.09316],[-123.96284,55.09151],[-123.96261,55.08467],[-123.96448,55.08408],[-123.97017,55.08066],[-123.9773,55.06813],[-123.98348,55.06151],[-123.9906,55.05807],[-123.99446,55.0576],[-123.99445,55.05633],[-124.00853,55.0552],[-124.01277,55.05544],[-124.02332,55.05398],[-124.0363,55.05102],[-124.04808,55.04739],[-124.05654,55.04593],[-124.06269,55.04345],[-124.06601,55.04061],[-124.06942,55.01917],[-124.07145,55.01864],[-124.09289,55.00888]]},"properties":{"operator_group":"Prince Rupert Gas Transmission","is_key_operator":true,"tooltip_title":"Prince Rupert Gas Transmission","tooltip_line1":"Prince Rupert Gas Transmission Ltd.","tooltip_line2":"Transmission \u00b7 193.7 km","tooltip_line3":"Project 000023564 seg 1 \u00b7 New","tooltip_line4":"Authority: ERAA \u00b7 BCER permitted","tooltip_line5":"Post-2016 permits only \u2014 layer is partial","tooltip_line6":""}},{"type":"Feature","geometry":{"type":"LineString","coordinates":[[-122.21283,55.64848],[-122.21506,55.64801],[-122.21431,55.64685]]},"properties":{"operator_group":"Prince Rupert Gas Transmission","is_key_operator":true,"tooltip_title":"Prince Rupert Gas Transmission","tooltip_line1":"Prince Rupert Gas Transmission Ltd.","tooltip_line2":"Transmission \u00b7 0.3 km","tooltip_line3":"Project 000023564 seg 2 \u00b7 New","tooltip_line4":"Authority: ERAA \u00b7 BCER permitted","tooltip_line5":"Post-2016 permits only \u2014 layer is partial","tooltip_line6":""}},{"type":"Feature","geometry":{"type":"LineString","coordinates":[[-126.04096,54.12881],[-126.05226,54.12733],[-126.05463,54.12663],[-126.06983,54.11637],[-126.07423,54.11546],[-126.08058,54.11508],[-126.09441,54.11566],[-126.10866,54.11264],[-126.11686,54.11031],[-126.13342,54.10741],[-126.14139,54.10379],[-126.14632,54.10209],[-126.16034,54.09477],[-126.16607,54.0906],[-126.1747,54.08837],[-126.18297,54.08966],[-126.2102,54.09068],[-126.2244,54.09063],[-126.23065,54.09315],[-126.23769,54.09522],[-126.28906,54.10414],[-126.29724,54.10492],[-126.30187,54.10862],[-126.30687,54.11075],[-126.31234,54.11123],[-126.31564,54.11078],[-126.31952,54.10883],[-126.32571,54.10797],[-126.33081,54.10855],[-126.33594,54.10708],[-126.35683,54.10459],[-126.36412,54.10231],[-126.38033,54.10196],[-126.39311,54.10372],[-126.41189,54.10875],[-126.41611,54.11241],[-126.4227,54.11594],[-126.43292,54.11678],[-126.43922,54.11803],[-126.4569,54.11809],[-126.46958,54.12309],[-126.47266,54.12381],[-126.47476,54.1271],[-126.49018,54.13436],[-126.49278,54.13451],[-126.51358,54.1448],[-126.52116,54.14763],[-126.52384,54.1484],[-126.53106,54.14928],[-126.55015,54.15563],[-126.55313,54.15542],[-126.56366,54.15673],[-126.57796,54.16057],[-126.5827,54.16143],[-126.5839,54.16198],[-126.58785,54.1655],[-126.58986,54.16792],[-126.58927,54.16871],[-126.59103,54.17092],[-126.59774,54.1739]]},"properties":{"operator_group":"Coastal GasLink","is_key_operator":true,"tooltip_title":"Coastal GasLink","tooltip_line1":"Coastal GasLink Pipeline Ltd.","tooltip_line2":"Transmission \u00b7 41.7 km","tooltip_line3":"Project 000023596 seg 2 \u00b7 Active","tooltip_line4":"Authority: ERAA \u00b7 BCER permitted","tooltip_line5":"Post-2016 permits only \u2014 layer is partial","tooltip_line6":""}},{"type":"Feature","geometry":{"type":"LineString","coordinates":[[-129.62816,54.97782],[-129.64185,54.97447],[-129.64395,54.9728],[-129.65098,54.97074],[-129.65339,54.96922],[-129.6591,54.96715],[-129.67163,54.96536],[-129.68002,54.96786],[-129.68504,54.96799],[-129.69871,54.9656],[-129.70182,54.96649],[-129.70587,54.96915],[-129.71365,54.9712],[-129.71885,54.97187],[-129.72467,54.97112],[-129.72862,54.97153],[-129.73185,54.97271],[-129.73849,54.97352],[-129.74474,54.97247],[-129.74686,54.97163],[-129.75036,54.96933],[-129.757,54.9675],[-129.76172,54.968],[-129.77376,54.96765],[-129.78167,54.95891],[-129.78592,54.95341],[-129.79675,54.94363],[-129.79995,54.942],[-129.80704,54.94103],[-129.81708,54.94767],[-129.82357,54.94997],[-129.84013,54.94998],[-129.85232,54.94891],[-129.86027,54.949],[-129.86145,54.94964],[-129.86212,54.95237],[-129.86972,54.95539],[-129.91645,54.95355],[-129.92703,54.95215],[-129.9336,54.9504],[-129.93959,54.94805],[-129.96188,54.93546],[-129.99595,54.91356],[-130.00153,54.90604],[-130.0053,54.90405],[-130.02028,54.89841],[-130.02832,54.89741],[-130.03378,54.89436],[-130.03869,54.88978],[-130.04424,54.88565],[-130.04602,54.88498],[-130.05029,54.88527]]},"properties":{"operator_group":"Prince Rupert Gas Transmission","is_key_operator":true,"tooltip_title":"Prince Rupert Gas Transmission","tooltip_line1":"Prince Rupert Gas Transmission Ltd.","tooltip_line2":"Transmission \u00b7 9.5 km","tooltip_line3":"Project 000023648 seg 1 \u00b7 New","tooltip_line4":"Authority: ERAA \u00b7 BCER permitted","tooltip_line5":"Post-2016 permits only \u2014 layer is partial","tooltip_line6":""}},{"type":"Feature","geometry":{"type":"LineString","coordinates":[[-130.05029,54.88527],[-130.0562,54.88532],[-130.06081,54.88448],[-130.07406,54.88072],[-130.08142,54.87765],[-130.08937,54.8724],[-130.09815,54.86271],[-130.10124,54.85991],[-130.11448,54.85089],[-130.12015,54.84801],[-130.12654,54.8457],[-130.14726,54.84151],[-130.15323,54.83969],[-130.15868,54.8374],[-130.163,54.835],[-130.16759,54.83158],[-130.17866,54.81944],[-130.18172,54.81738],[-130.18631,54.81527],[-130.19157,54.81375],[-130.19725,54.8129],[-130.20253,54.81274],[-130.20834,54.81323],[-130.21384,54.81441],[-130.2188,54.81623],[-130.22299,54.8186],[-130.22624,54.82143],[-130.22854,54.82491],[-130.22941,54.8286],[-130.22891,54.83198],[-130.22696,54.83553],[-130.13184,54.94176],[-130.12902,54.94583],[-130.12738,54.95011],[-130.12709,54.9558],[-130.12866,54.96097],[-130.15361,55.00623],[-130.16872,55.0239],[-130.18031,55.02584]]},"properties":{"operator_group":"Prince Rupert Gas Transmission","is_key_operator":true,"tooltip_title":"Prince Rupert Gas Transmission","tooltip_line1":"Prince Rupert Gas Transmission Ltd.","tooltip_line2":"Transmission \u00b7 40.6 km","tooltip_line3":"Project 000023649 seg 1 \u00b7 New","tooltip_line4":"Authority: ERAA \u00b7 BCER permitted","tooltip_line5":"Post-2016 permits only \u2014 layer is partial","tooltip_line6":""}},{"type":"Feature","geometry":{"type":"LineString","coordinates":[[-130.05029,54.88527],[-130.0562,54.88532],[-130.06081,54.88448],[-130.07406,54.88072],[-130.08142,54.87765],[-130.08937,54.8724],[-130.09815,54.86271],[-130.10124,54.85991],[-130.11448,54.85089],[-130.12015,54.84801],[-130.12654,54.8457],[-130.14726,54.84151],[-130.15323,54.83969],[-130.15868,54.8374],[-130.163,54.835],[-130.16759,54.83158],[-130.17866,54.81944],[-130.18172,54.81738],[-130.18631,54.81527],[-130.19157,54.81375],[-130.19725,54.8129],[-130.20253,54.81274],[-130.20834,54.81323],[-130.21384,54.81441],[-130.2188,54.81623],[-130.22299,54.8186],[-130.22624,54.82143],[-130.22854,54.82491],[-130.22941,54.8286],[-130.22891,54.83198],[-130.22696,54.83553],[-130.13184,54.94176],[-130.12902,54.94583],[-130.12738,54.95011],[-130.12709,54.9558],[-130.12866,54.96097],[-130.15361,55.00623],[-130.16872,55.0239],[-130.18031,55.02584]]},"properties":{"operator_group":"Prince Rupert Gas Transmission","is_key_operator":true,"tooltip_title":"Prince Rupert Gas Transmission","tooltip_line1":"Prince Rupert Gas Transmission Ltd.","tooltip_line2":"Transmission \u00b7 40.6 km","tooltip_line3":"Project 000023649 seg 2 \u00b7 New","tooltip_line4":"Authority: ERAA \u00b7 BCER permitted","tooltip_line5":"Post-2016 permits only \u2014 layer is partial","tooltip_line6":""}},{"type":"Feature","geometry":{"type":"LineString","coordinates":[[-120.44584,55.99984],[-120.44633,55.99997],[-120.44762,55.99904]]},"properties":{"operator_group":"Other BC operator","is_key_operator":false,"tooltip_title":"Plateau Pipe Line Ltd.","tooltip_line1":"Plateau Pipe Line Ltd.","tooltip_line2":"Transmission \u00b7 0.2 km","tooltip_line3":"Project 000023692 seg 3 \u00b7 Active","tooltip_line4":"Authority: ERAA \u00b7 BCER permitted","tooltip_line5":"Post-2016 permits only \u2014 layer is partial","tooltip_line6":""}},{"type":"Feature","geometry":{"type":"LineString","coordinates":[[-122.15512,56.68927],[-122.15435,56.68951],[-122.15299,56.68818],[-122.15026,56.68914],[-122.14479,56.68468],[-122.13635,56.68107],[-122.11919,56.68561]]},"properties":{"operator_group":"Other BC operator","is_key_operator":false,"tooltip_title":"Altagas Holdings Inc.","tooltip_line1":"Altagas Holdings Inc.","tooltip_line2":"Transmission \u00b7 2.8 km","tooltip_line3":"Project 000023738 seg 8 \u00b7 Active","tooltip_line4":"Authority: ERAA \u00b7 BCER permitted","tooltip_line5":"Post-2016 permits only \u2014 layer is partial","tooltip_line6":""}},{"type":"Feature","geometry":{"type":"LineString","coordinates":[[-122.11919,56.68561],[-122.10997,56.68657]]},"properties":{"operator_group":"Other BC operator","is_key_operator":false,"tooltip_title":"Altagas Holdings Inc.","tooltip_line1":"Altagas Holdings Inc.","tooltip_line2":"Transmission \u00b7 0.6 km","tooltip_line3":"Project 000023738 seg 9 \u00b7 Active","tooltip_line4":"Authority: ERAA \u00b7 BCER permitted","tooltip_line5":"Post-2016 permits only \u2014 layer is partial","tooltip_line6":""}},{"type":"Feature","geometry":{"type":"LineString","coordinates":[[-122.10997,56.68657],[-122.10684,56.6869],[-122.09749,56.68624],[-122.08298,56.68786],[-122.07046,56.68601],[-122.05865,56.67939],[-122.0423,56.67848],[-122.03092,56.67289],[-122.01978,56.67141],[-122.00206,56.67153]]},"properties":{"operator_group":"Other BC operator","is_key_operator":false,"tooltip_title":"Altagas Holdings Inc.","tooltip_line1":"Altagas Holdings Inc.","tooltip_line2":"Transmission \u00b7 7.2 km","tooltip_line3":"Project 000023738 seg 10 \u00b7 Active","tooltip_line4":"Authority: ERAA \u00b7 BCER permitted","tooltip_line5":"Post-2016 permits only \u2014 layer is partial","tooltip_line6":""}},{"type":"Feature","geometry":{"type":"LineString","coordinates":[[-121.97559,56.67432],[-121.96373,56.67529],[-121.95769,56.6763],[-121.94395,56.67704],[-121.93818,56.67685],[-121.93384,56.67558],[-121.93263,56.67562]]},"properties":{"operator_group":"Other BC operator","is_key_operator":false,"tooltip_title":"Altagas Holdings Inc.","tooltip_line1":"Altagas Holdings Inc.","tooltip_line2":"Transmission \u00b7 2.7 km","tooltip_line3":"Project 000023738 seg 11 \u00b7 Active","tooltip_line4":"Authority: ERAA \u00b7 BCER permitted","tooltip_line5":"Post-2016 permits only \u2014 layer is partial","tooltip_line6":""}},{"type":"Feature","geometry":{"type":"LineString","coordinates":[[-121.93263,56.67562],[-121.91925,56.67615],[-121.90474,56.67929],[-121.88762,56.6685],[-121.87676,56.66839],[-121.87526,56.66894],[-121.86641,56.66914]]},"properties":{"operator_group":"Other BC operator","is_key_operator":false,"tooltip_title":"Altagas Holdings Inc.","tooltip_line1":"Altagas Holdings Inc.","tooltip_line2":"Transmission \u00b7 4.2 km","tooltip_line3":"Project 000023738 seg 12 \u00b7 Active","tooltip_line4":"Authority: ERAA \u00b7 BCER permitted","tooltip_line5":"Post-2016 permits only \u2014 layer is partial","tooltip_line6":""}},{"type":"Feature","geometry":{"type":"LineString","coordinates":[[-121.86641,56.66914],[-121.80968,56.6705],[-121.79782,56.66899]]},"properties":{"operator_group":"Other BC operator","is_key_operator":false,"tooltip_title":"Altagas Holdings Inc.","tooltip_line1":"Altagas Holdings Inc.","tooltip_line2":"Transmission \u00b7 4.3 km","tooltip_line3":"Project 000023738 seg 13 \u00b7 Active","tooltip_line4":"Authority: ERAA \u00b7 BCER permitted","tooltip_line5":"Post-2016 permits only \u2014 layer is partial","tooltip_line6":""}},{"type":"Feature","geometry":{"type":"LineString","coordinates":[[-122.00206,56.67153],[-121.97402,56.67449]]},"properties":{"operator_group":"Other BC operator","is_key_operator":false,"tooltip_title":"Altagas Holdings Inc.","tooltip_line1":"Altagas Holdings Inc.","tooltip_line2":"Transmission \u00b7 1.8 km","tooltip_line3":"Project 000023738 seg 15 \u00b7 Active","tooltip_line4":"Authority: ERAA \u00b7 BCER permitted","tooltip_line5":"Post-2016 permits only \u2014 layer is partial","tooltip_line6":""}},{"type":"Feature","geometry":{"type":"LineString","coordinates":[[-128.57872,54.05865],[-128.58093,54.05837],[-128.58259,54.05914],[-128.58475,54.0592],[-128.5903,54.0588],[-128.59396,54.05705],[-128.5987,54.0559],[-128.60137,54.05393],[-128.60289,54.05377],[-128.60421,54.05195],[-128.60809,54.04836],[-128.63883,54.04833],[-128.63952,54.04766],[-128.64002,54.03487],[-128.67403,54.03475],[-128.67759,54.03257],[-128.68002,54.02679],[-128.67785,54.02584],[-128.67747,54.02399]]},"properties":{"operator_group":"Coastal GasLink","is_key_operator":true,"tooltip_title":"Coastal GasLink","tooltip_line1":"Coastal GasLink Pipeline Ltd.","tooltip_line2":"Transmission \u00b7 9.6 km","tooltip_line3":"Project 000023852 seg 2 \u00b7 Active","tooltip_line4":"Authority: ERAA \u00b7 BCER permitted","tooltip_line5":"Post-2016 permits only \u2014 layer is partial","tooltip_line6":""}},{"type":"Feature","geometry":{"type":"LineString","coordinates":[[-120.64926,56.16823],[-120.64705,56.16856],[-120.65224,56.16214],[-120.65839,56.15647],[-120.65684,56.15273],[-120.64959,56.1527],[-120.64959,56.15149],[-120.64873,56.15104],[-120.649,56.14075],[-120.63953,56.14009],[-120.62259,56.12542],[-120.61473,56.12406],[-120.61281,56.12431],[-120.60602,56.12183],[-120.60423,56.11806],[-120.60427,56.11708],[-120.6059,56.11608],[-120.60602,56.11249],[-120.59976,56.10296],[-120.59684,56.09564],[-120.59526,56.09384],[-120.59541,56.08398],[-120.59444,56.08196],[-120.59735,56.08168],[-120.59771,56.08079],[-120.60026,56.07996],[-120.60037,56.07902],[-120.59779,56.07829],[-120.59779,56.06909],[-120.59631,56.06905],[-120.59632,56.05846],[-120.5913,56.05709],[-120.58188,56.05277],[-120.56589,56.04682],[-120.56698,56.04588],[-120.5577,56.04216],[-120.54508,56.03596],[-120.54101,56.03458],[-120.5115,56.02158],[-120.50611,56.01746],[-120.50354,56.01746],[-120.5003,56.01834],[-120.49366,56.01608],[-120.48333,56.01338],[-120.47013,56.00782],[-120.46811,56.00543],[-120.45609,56.00214],[-120.44542,55.99825],[-120.44027,55.99784],[-120.43936,55.99882],[-120.41429,55.99369],[-120.41201,55.99365],[-120.41176,55.99274],[-120.38357,55.98275],[-120.38339,55.98219],[-120.39192,55.97453],[-120.38627,55.9643]]},"properties":{"operator_group":"Other BC operator","is_key_operator":false,"tooltip_title":"Plateau Pipe Line Ltd.","tooltip_line1":"Plateau Pipe Line Ltd.","tooltip_line2":"Transmission \u00b7 34.1 km","tooltip_line3":"Project 000023859 seg 1 \u00b7 Active","tooltip_line4":"Authority: ERAA \u00b7 BCER permitted","tooltip_line5":"Post-2016 permits only \u2014 layer is partial","tooltip_line6":""}},{"type":"Feature","geometry":{"type":"LineString","coordinates":[[-120.54355,55.78943],[-120.5464,55.78945],[-120.54873,55.79022],[-120.55811,55.78909],[-120.57937,55.78893],[-120.58065,55.78973],[-120.58809,55.79104],[-120.5948,55.79388],[-120.59687,55.79407],[-120.59901,55.79558],[-120.60542,55.7974],[-120.60736,55.79623],[-120.60702,55.79601],[-120.62107,55.78918],[-120.63356,55.78895],[-120.64968,55.7923],[-120.65142,55.79381],[-120.66467,55.79353],[-120.68748,55.79418],[-120.68748,55.79613],[-120.7062,55.79618],[-120.71227,55.80276],[-120.71375,55.80359],[-120.73563,55.80334],[-120.74075,55.8057],[-120.77878,55.80515],[-120.7924,55.80625],[-120.80274,55.80627],[-120.81241,55.80565],[-120.8283,55.80565],[-120.83184,55.80778],[-120.83189,55.81109],[-120.86052,55.8111],[-120.86052,55.81028],[-120.88548,55.81019],[-120.88556,55.79969]]},"properties":{"operator_group":"Other BC operator","is_key_operator":false,"tooltip_title":"Diamond LNG Canada Ltd.","tooltip_line1":"Diamond LNG Canada Ltd.","tooltip_line2":"Transmission \u00b7 24.9 km","tooltip_line3":"Project 000023944 seg 1 \u00b7 New","tooltip_line4":"Authority: ERAA \u00b7 BCER permitted","tooltip_line5":"Post-2016 permits only \u2014 layer is partial","tooltip_line6":""}},{"type":"Feature","geometry":{"type":"LineString","coordinates":[[-122.83985,49.17273],[-122.83958,49.17923],[-122.83691,49.18214],[-122.83485,49.18591],[-122.83474,49.19024],[-122.83239,49.19271],[-122.83238,49.20263],[-122.82565,49.20894],[-122.82422,49.21256],[-122.82409,49.2143]]},"properties":{"operator_group":"Other BC operator","is_key_operator":false,"tooltip_title":"FortisBC Energy Inc.","tooltip_line1":"FortisBC Energy Inc.","tooltip_line2":"Transmission \u00b7 4.9 km","tooltip_line3":"Project 000023984 seg 2 \u00b7 Active","tooltip_line4":"Authority: ERAA \u00b7 BCER permitted","tooltip_line5":"Post-2016 permits only \u2014 layer is partial","tooltip_line6":""}},{"type":"Feature","geometry":{"type":"LineString","coordinates":[[-122.82594,49.22425],[-122.82629,49.23255],[-122.82503,49.2359],[-122.82085,49.23805],[-122.81696,49.24117],[-122.81663,49.26275],[-122.81754,49.26276]]},"properties":{"operator_group":"Other BC operator","is_key_operator":false,"tooltip_title":"FortisBC Energy Inc.","tooltip_line1":"FortisBC Energy Inc.","tooltip_line2":"Transmission \u00b7 4.6 km","tooltip_line3":"Project 000023984 seg 3 \u00b7 Active","tooltip_line4":"Authority: ERAA \u00b7 BCER permitted","tooltip_line5":"Post-2016 permits only \u2014 layer is partial","tooltip_line6":""}},{"type":"Feature","geometry":{"type":"LineString","coordinates":[[-122.30779,55.60356],[-122.30444,55.60339]]},"properties":{"operator_group":"Westcoast Energy","is_key_operator":true,"tooltip_title":"Westcoast Energy","tooltip_line1":"Westcoast Energy GP Inc.","tooltip_line2":"Transmission \u00b7 0.2 km","tooltip_line3":"Project 000024013 seg 1 \u00b7 New","tooltip_line4":"Authority: CER \u00b7 BCER permitted","tooltip_line5":"Post-2016 permits only \u2014 layer is partial","tooltip_line6":""}},{"type":"Feature","geometry":{"type":"LineString","coordinates":[[-120.37082,55.95006],[-120.36846,55.95006],[-120.36271,55.95169],[-120.36272,55.95557],[-120.36119,55.95836],[-120.3618,55.95937],[-120.3606,55.96091],[-120.36182,55.96324],[-120.36183,55.96914],[-120.37182,55.97065],[-120.37182,55.97292],[-120.37029,55.97682],[-120.371,55.97734],[-120.37812,55.97744],[-120.37974,55.9766],[-120.37714,55.97502]]},"properties":{"operator_group":"Other BC operator","is_key_operator":false,"tooltip_title":"Tourmaline Oil Corp.","tooltip_line1":"Tourmaline Oil Corp.","tooltip_line2":"Transmission \u00b7 4.8 km","tooltip_line3":"Project 000024044 seg 2 \u00b7 Active","tooltip_line4":"Authority: ERAA \u00b7 BCER permitted","tooltip_line5":"Post-2016 permits only \u2014 layer is partial","tooltip_line6":""}},{"type":"Feature","geometry":{"type":"LineString","coordinates":[[-122.68778,54.56888],[-122.68834,54.56808],[-122.68806,54.56549],[-122.68728,54.56442]]},"properties":{"operator_group":"Westcoast Energy","is_key_operator":true,"tooltip_title":"Westcoast Energy","tooltip_line1":"Westcoast Energy GP Inc.","tooltip_line2":"Transmission \u00b7 0.5 km","tooltip_line3":"Project 000024097 seg 1 \u00b7 New","tooltip_line4":"Authority: CER \u00b7 BCER permitted","tooltip_line5":"Post-2016 permits only \u2014 layer is partial","tooltip_line6":""}},{"type":"Feature","geometry":{"type":"LineString","coordinates":[[-122.68722,54.56451],[-122.68797,54.56551],[-122.68824,54.56806],[-122.68771,54.56882]]},"properties":{"operator_group":"Westcoast Energy","is_key_operator":true,"tooltip_title":"Westcoast Energy","tooltip_line1":"Westcoast Energy GP Inc.","tooltip_line2":"Transmission \u00b7 0.5 km","tooltip_line3":"Project 000024097 seg 2 \u00b7 New","tooltip_line4":"Authority: CER \u00b7 BCER permitted","tooltip_line5":"Post-2016 permits only \u2014 layer is partial","tooltip_line6":""}},{"type":"Feature","geometry":{"type":"LineString","coordinates":[[-122.68757,54.56869],[-122.68814,54.56804],[-122.68787,54.56553],[-122.68713,54.56456]]},"properties":{"operator_group":"Westcoast Energy","is_key_operator":true,"tooltip_title":"Westcoast Energy","tooltip_line1":"Westcoast Energy GP Inc.","tooltip_line2":"Transmission \u00b7 0.5 km","tooltip_line3":"Project 000024097 seg 3 \u00b7 New","tooltip_line4":"Authority: CER \u00b7 BCER permitted","tooltip_line5":"Post-2016 permits only \u2014 layer is partial","tooltip_line6":""}},{"type":"Feature","geometry":{"type":"LineString","coordinates":[[-121.70709,56.66879],[-121.69604,56.66346],[-121.69385,56.66357],[-121.67136,56.6533],[-121.66355,56.64586],[-121.66391,56.6423],[-121.66324,56.64186],[-121.66355,56.64016],[-121.66532,56.63924],[-121.66609,56.63498],[-121.66248,56.63477],[-121.65634,56.63136],[-121.64764,56.63333],[-121.63472,56.63217]]},"properties":{"operator_group":"Other BC operator","is_key_operator":false,"tooltip_title":"Altagas Holdings Inc.","tooltip_line1":"Altagas Holdings Inc.","tooltip_line2":"Transmission \u00b7 7.2 km","tooltip_line3":"Project 000024113 seg 1 \u00b7 Active","tooltip_line4":"Authority: ERAA \u00b7 BCER permitted","tooltip_line5":"Post-2016 permits only \u2014 layer is partial","tooltip_line6":""}},{"type":"Feature","geometry":{"type":"LineString","coordinates":[[-121.63472,56.63217],[-121.632,56.63162],[-121.57527,56.62684],[-121.57326,56.62631],[-121.57254,56.6266],[-121.55753,56.62524]]},"properties":{"operator_group":"Other BC operator","is_key_operator":false,"tooltip_title":"Altagas Holdings Inc.","tooltip_line1":"Altagas Holdings Inc.","tooltip_line2":"Transmission \u00b7 4.9 km","tooltip_line3":"Project 000024113 seg 2 \u00b7 Active","tooltip_line4":"Authority: ERAA \u00b7 BCER permitted","tooltip_line5":"Post-2016 permits only \u2014 layer is partial","tooltip_line6":""}},{"type":"Feature","geometry":{"type":"LineString","coordinates":[[-121.55753,56.62524],[-121.50703,56.62054],[-121.4606,56.59029],[-121.45766,56.5857],[-121.45362,56.58553]]},"properties":{"operator_group":"Other BC operator","is_key_operator":false,"tooltip_title":"Altagas Holdings Inc.","tooltip_line1":"Altagas Holdings Inc.","tooltip_line2":"Transmission \u00b7 8.4 km","tooltip_line3":"Project 000024113 seg 3 \u00b7 Active","tooltip_line4":"Authority: ERAA \u00b7 BCER permitted","tooltip_line5":"Post-2016 permits only \u2014 layer is partial","tooltip_line6":""}},{"type":"Feature","geometry":{"type":"LineString","coordinates":[[-121.45362,56.58553],[-121.44827,56.5853],[-121.4458,56.58437],[-121.4393,56.58916],[-121.42988,56.58747],[-121.42776,56.58809],[-121.39648,56.57573],[-121.37284,56.57618],[-121.35126,56.57168]]},"properties":{"operator_group":"Other BC operator","is_key_operator":false,"tooltip_title":"Altagas Holdings Inc.","tooltip_line1":"Altagas Holdings Inc.","tooltip_line2":"Transmission \u00b7 7.2 km","tooltip_line3":"Project 000024113 seg 4 \u00b7 Active","tooltip_line4":"Authority: ERAA \u00b7 BCER permitted","tooltip_line5":"Post-2016 permits only \u2014 layer is partial","tooltip_line6":""}},{"type":"Feature","geometry":{"type":"LineString","coordinates":[[-121.35126,56.57168],[-121.34744,56.57088],[-121.33383,56.57398],[-121.32756,56.57454],[-121.30296,56.58065],[-121.26816,56.5807],[-121.25172,56.57628]]},"properties":{"operator_group":"Other BC operator","is_key_operator":false,"tooltip_title":"Altagas Holdings Inc.","tooltip_line1":"Altagas Holdings Inc.","tooltip_line2":"Transmission \u00b7 6.5 km","tooltip_line3":"Project 000024113 seg 5 \u00b7 Active","tooltip_line4":"Authority: ERAA \u00b7 BCER permitted","tooltip_line5":"Post-2016 permits only \u2014 layer is partial","tooltip_line6":""}},{"type":"Feature","geometry":{"type":"LineString","coordinates":[[-121.25172,56.57628],[-121.24984,56.57559],[-121.23653,56.57435],[-121.22662,56.57198],[-121.22249,56.57179],[-121.21715,56.57049],[-121.2137,56.56888],[-121.20987,56.57077],[-121.202,56.56936],[-121.17306,56.57533],[-121.16059,56.57472],[-121.15733,56.5728],[-121.15831,56.57229]]},"properties":{"operator_group":"Other BC operator","is_key_operator":false,"tooltip_title":"Altagas Holdings Inc.","tooltip_line1":"Altagas Holdings Inc.","tooltip_line2":"Transmission \u00b7 6.4 km","tooltip_line3":"Project 000024113 seg 6 \u00b7 Active","tooltip_line4":"Authority: ERAA \u00b7 BCER permitted","tooltip_line5":"Post-2016 permits only \u2014 layer is partial","tooltip_line6":""}},{"type":"Feature","geometry":{"type":"LineString","coordinates":[[-120.00136,55.79529],[-120.00636,55.79532],[-120.01343,55.79769],[-120.01726,55.79775]]},"properties":{"operator_group":"NGTL (BC extension)","is_key_operator":true,"tooltip_title":"NGTL (BC extension)","tooltip_line1":"NGTL GP Ltd.","tooltip_line2":"Transmission \u00b7 1.1 km","tooltip_line3":"Project 000024134 seg 1 \u00b7 New","tooltip_line4":"Authority: CER \u00b7 BCER permitted","tooltip_line5":"Post-2016 permits only \u2014 layer is partial","tooltip_line6":""}},{"type":"Feature","geometry":{"type":"LineString","coordinates":[[-120.01726,55.79775],[-120.01758,55.79775]]},"properties":{"operator_group":"NGTL (BC extension)","is_key_operator":true,"tooltip_title":"NGTL (BC extension)","tooltip_line1":"NGTL GP Ltd.","tooltip_line2":"Transmission \u00b7 0.0 km","tooltip_line3":"Project 000024134 seg 2 \u00b7 New","tooltip_line4":"Authority: CER \u00b7 BCER permitted","tooltip_line5":"Post-2016 permits only \u2014 layer is partial","tooltip_line6":""}},{"type":"Feature","geometry":{"type":"LineString","coordinates":[[-120.01758,55.79775],[-120.01952,55.79792],[-120.03036,55.80146]]},"properties":{"operator_group":"NGTL (BC extension)","is_key_operator":true,"tooltip_title":"NGTL (BC extension)","tooltip_line1":"NGTL GP Ltd.","tooltip_line2":"Transmission \u00b7 0.9 km","tooltip_line3":"Project 000024134 seg 3 \u00b7 New","tooltip_line4":"Authority: CER \u00b7 BCER permitted","tooltip_line5":"Post-2016 permits only \u2014 layer is partial","tooltip_line6":""}},{"type":"Feature","geometry":{"type":"LineString","coordinates":[[-120.03036,55.80146],[-120.03532,55.80308]]},"properties":{"operator_group":"NGTL (BC extension)","is_key_operator":true,"tooltip_title":"NGTL (BC extension)","tooltip_line1":"NGTL GP Ltd.","tooltip_line2":"Transmission \u00b7 0.4 km","tooltip_line3":"Project 000024134 seg 4 \u00b7 New","tooltip_line4":"Authority: CER \u00b7 BCER permitted","tooltip_line5":"Post-2016 permits only \u2014 layer is partial","tooltip_line6":""}},{"type":"Feature","geometry":{"type":"LineString","coordinates":[[-120.03532,55.80308],[-120.04315,55.80535]]},"properties":{"operator_group":"NGTL (BC extension)","is_key_operator":true,"tooltip_title":"NGTL (BC extension)","tooltip_line1":"NGTL GP Ltd.","tooltip_line2":"Transmission \u00b7 0.6 km","tooltip_line3":"Project 000024134 seg 5 \u00b7 New","tooltip_line4":"Authority: CER \u00b7 BCER permitted","tooltip_line5":"Post-2016 permits only \u2014 layer is partial","tooltip_line6":""}},{"type":"Feature","geometry":{"type":"LineString","coordinates":[[-120.04315,55.80535],[-120.04347,55.80535]]},"properties":{"operator_group":"NGTL (BC extension)","is_key_operator":true,"tooltip_title":"NGTL (BC extension)","tooltip_line1":"NGTL GP Ltd.","tooltip_line2":"Transmission \u00b7 0.0 km","tooltip_line3":"Project 000024134 seg 6 \u00b7 New","tooltip_line4":"Authority: CER \u00b7 BCER permitted","tooltip_line5":"Post-2016 permits only \u2014 layer is partial","tooltip_line6":""}},{"type":"Feature","geometry":{"type":"LineString","coordinates":[[-120.04347,55.80535],[-120.069,55.80504]]},"properties":{"operator_group":"NGTL (BC extension)","is_key_operator":true,"tooltip_title":"NGTL (BC extension)","tooltip_line1":"NGTL GP Ltd.","tooltip_line2":"Transmission \u00b7 1.6 km","tooltip_line3":"Project 000024134 seg 7 \u00b7 New","tooltip_line4":"Authority: CER \u00b7 BCER permitted","tooltip_line5":"Post-2016 permits only \u2014 layer is partial","tooltip_line6":""}},{"type":"Feature","geometry":{"type":"LineString","coordinates":[[-120.069,55.80504],[-120.06932,55.80503]]},"properties":{"operator_group":"NGTL (BC extension)","is_key_operator":true,"tooltip_title":"NGTL (BC extension)","tooltip_line1":"NGTL GP Ltd.","tooltip_line2":"Transmission \u00b7 0.0 km","tooltip_line3":"Project 000024134 seg 8 \u00b7 New","tooltip_line4":"Authority: CER \u00b7 BCER permitted","tooltip_line5":"Post-2016 permits only \u2014 layer is partial","tooltip_line6":""}},{"type":"Feature","geometry":{"type":"LineString","coordinates":[[-120.06932,55.80503],[-120.07869,55.80484],[-120.08794,55.80858],[-120.09488,55.80861]]},"properties":{"operator_group":"NGTL (BC extension)","is_key_operator":true,"tooltip_title":"NGTL (BC extension)","tooltip_line1":"NGTL GP Ltd.","tooltip_line2":"Transmission \u00b7 1.7 km","tooltip_line3":"Project 000024134 seg 9 \u00b7 New","tooltip_line4":"Authority: CER \u00b7 BCER permitted","tooltip_line5":"Post-2016 permits only \u2014 layer is partial","tooltip_line6":""}},{"type":"Feature","geometry":{"type":"LineString","coordinates":[[-120.09488,55.80861],[-120.0952,55.80861]]},"properties":{"operator_group":"NGTL (BC extension)","is_key_operator":true,"tooltip_title":"NGTL (BC extension)","tooltip_line1":"NGTL GP Ltd.","tooltip_line2":"Transmission \u00b7 0.0 km","tooltip_line3":"Project 000024134 seg 10 \u00b7 New","tooltip_line4":"Authority: CER \u00b7 BCER permitted","tooltip_line5":"Post-2016 permits only \u2014 layer is partial","tooltip_line6":""}},{"type":"Feature","geometry":{"type":"LineString","coordinates":[[-120.0952,55.80861],[-120.09866,55.80861],[-120.09867,55.80983],[-120.1208,55.80983]]},"properties":{"operator_group":"NGTL (BC extension)","is_key_operator":true,"tooltip_title":"NGTL (BC extension)","tooltip_line1":"NGTL GP Ltd.","tooltip_line2":"Transmission \u00b7 1.7 km","tooltip_line3":"Project 000024134 seg 11 \u00b7 New","tooltip_line4":"Authority: CER \u00b7 BCER permitted","tooltip_line5":"Post-2016 permits only \u2014 layer is partial","tooltip_line6":""}},{"type":"Feature","geometry":{"type":"LineString","coordinates":[[-120.1208,55.80983],[-120.12112,55.80983]]},"properties":{"operator_group":"NGTL (BC extension)","is_key_operator":true,"tooltip_title":"NGTL (BC extension)","tooltip_line1":"NGTL GP Ltd.","tooltip_line2":"Transmission \u00b7 0.0 km","tooltip_line3":"Project 000024134 seg 12 \u00b7 New","tooltip_line4":"Authority: CER \u00b7 BCER permitted","tooltip_line5":"Post-2016 permits only \u2014 layer is partial","tooltip_line6":""}},{"type":"Feature","geometry":{"type":"LineString","coordinates":[[-120.12112,55.80983],[-120.1427,55.80991],[-120.14286,55.81044]]},"properties":{"operator_group":"NGTL (BC extension)","is_key_operator":true,"tooltip_title":"NGTL (BC extension)","tooltip_line1":"NGTL GP Ltd.","tooltip_line2":"Transmission \u00b7 1.4 km","tooltip_line3":"Project 000024134 seg 13 \u00b7 New","tooltip_line4":"Authority: CER \u00b7 BCER permitted","tooltip_line5":"Post-2016 permits only \u2014 layer is partial","tooltip_line6":""}},{"type":"Feature","geometry":{"type":"LineString","coordinates":[[-120.14286,55.81044],[-120.14297,55.8108]]},"properties":{"operator_group":"NGTL (BC extension)","is_key_operator":true,"tooltip_title":"NGTL (BC extension)","tooltip_line1":"NGTL GP Ltd.","tooltip_line2":"Transmission \u00b7 0.0 km","tooltip_line3":"Project 000024134 seg 14 \u00b7 New","tooltip_line4":"Authority: CER \u00b7 BCER permitted","tooltip_line5":"Post-2016 permits only \u2014 layer is partial","tooltip_line6":""}},{"type":"Feature","geometry":{"type":"LineString","coordinates":[[-120.14297,55.8108],[-120.16634,55.81109]]},"properties":{"operator_group":"NGTL (BC extension)","is_key_operator":true,"tooltip_title":"NGTL (BC extension)","tooltip_line1":"NGTL GP Ltd.","tooltip_line2":"Transmission \u00b7 1.5 km","tooltip_line3":"Project 000024134 seg 15 \u00b7 New","tooltip_line4":"Authority: CER \u00b7 BCER permitted","tooltip_line5":"Post-2016 permits only \u2014 layer is partial","tooltip_line6":""}},{"type":"Feature","geometry":{"type":"LineString","coordinates":[[-120.16634,55.81109],[-120.16682,55.81109]]},"properties":{"operator_group":"NGTL (BC extension)","is_key_operator":true,"tooltip_title":"NGTL (BC extension)","tooltip_line1":"NGTL GP Ltd.","tooltip_line2":"Transmission \u00b7 0.0 km","tooltip_line3":"Project 000024134 seg 16 \u00b7 New","tooltip_line4":"Authority: CER \u00b7 BCER permitted","tooltip_line5":"Post-2016 permits only \u2014 layer is partial","tooltip_line6":""}},{"type":"Feature","geometry":{"type":"LineString","coordinates":[[-120.16682,55.81109],[-120.1925,55.81109]]},"properties":{"operator_group":"NGTL (BC extension)","is_key_operator":true,"tooltip_title":"NGTL (BC extension)","tooltip_line1":"NGTL GP Ltd.","tooltip_line2":"Transmission \u00b7 1.6 km","tooltip_line3":"Project 000024134 seg 17 \u00b7 New","tooltip_line4":"Authority: CER \u00b7 BCER permitted","tooltip_line5":"Post-2016 permits only \u2014 layer is partial","tooltip_line6":""}},{"type":"Feature","geometry":{"type":"LineString","coordinates":[[-120.1925,55.81109],[-120.19282,55.81109]]},"properties":{"operator_group":"NGTL (BC extension)","is_key_operator":true,"tooltip_title":"NGTL (BC extension)","tooltip_line1":"NGTL GP Ltd.","tooltip_line2":"Transmission \u00b7 0.0 km","tooltip_line3":"Project 000024134 seg 18 \u00b7 New","tooltip_line4":"Authority: CER \u00b7 BCER permitted","tooltip_line5":"Post-2016 permits only \u2014 layer is partial","tooltip_line6":""}},{"type":"Feature","geometry":{"type":"LineString","coordinates":[[-120.19282,55.81109],[-120.21857,55.81109]]},"properties":{"operator_group":"NGTL (BC extension)","is_key_operator":true,"tooltip_title":"NGTL (BC extension)","tooltip_line1":"NGTL GP Ltd.","tooltip_line2":"Transmission \u00b7 1.6 km","tooltip_line3":"Project 000024134 seg 19 \u00b7 New","tooltip_line4":"Authority: CER \u00b7 BCER permitted","tooltip_line5":"Post-2016 permits only \u2014 layer is partial","tooltip_line6":""}},{"type":"Feature","geometry":{"type":"LineString","coordinates":[[-120.21857,55.81109],[-120.21889,55.81109]]},"properties":{"operator_group":"NGTL (BC extension)","is_key_operator":true,"tooltip_title":"NGTL (BC extension)","tooltip_line1":"NGTL GP Ltd.","tooltip_line2":"Transmission \u00b7 0.0 km","tooltip_line3":"Project 000024134 seg 20 \u00b7 New","tooltip_line4":"Authority: CER \u00b7 BCER permitted","tooltip_line5":"Post-2016 permits only \u2014 layer is partial","tooltip_line6":""}},{"type":"Feature","geometry":{"type":"LineString","coordinates":[[-120.21889,55.81109],[-120.24061,55.81109],[-120.24281,55.81213],[-120.24449,55.81218]]},"properties":{"operator_group":"NGTL (BC extension)","is_key_operator":true,"tooltip_title":"NGTL (BC extension)","tooltip_line1":"NGTL GP Ltd.","tooltip_line2":"Transmission \u00b7 1.7 km","tooltip_line3":"Project 000024134 seg 21 \u00b7 New","tooltip_line4":"Authority: CER \u00b7 BCER permitted","tooltip_line5":"Post-2016 permits only \u2014 layer is partial","tooltip_line6":""}},{"type":"Feature","geometry":{"type":"LineString","coordinates":[[-120.24449,55.81218],[-120.24513,55.81218]]},"properties":{"operator_group":"NGTL (BC extension)","is_key_operator":true,"tooltip_title":"NGTL (BC extension)","tooltip_line1":"NGTL GP Ltd.","tooltip_line2":"Transmission \u00b7 0.0 km","tooltip_line3":"Project 000024134 seg 22 \u00b7 New","tooltip_line4":"Authority: CER \u00b7 BCER permitted","tooltip_line5":"Post-2016 permits only \u2014 layer is partial","tooltip_line6":""}},{"type":"Feature","geometry":{"type":"LineString","coordinates":[[-120.24513,55.81218],[-120.25458,55.81109],[-120.27064,55.81109]]},"properties":{"operator_group":"NGTL (BC extension)","is_key_operator":true,"tooltip_title":"NGTL (BC extension)","tooltip_line1":"NGTL GP Ltd.","tooltip_line2":"Transmission \u00b7 1.6 km","tooltip_line3":"Project 000024134 seg 23 \u00b7 New","tooltip_line4":"Authority: CER \u00b7 BCER permitted","tooltip_line5":"Post-2016 permits only \u2014 layer is partial","tooltip_line6":""}},{"type":"Feature","geometry":{"type":"LineString","coordinates":[[-120.27064,55.81109],[-120.27113,55.81109]]},"properties":{"operator_group":"NGTL (BC extension)","is_key_operator":true,"tooltip_title":"NGTL (BC extension)","tooltip_line1":"NGTL GP Ltd.","tooltip_line2":"Transmission \u00b7 0.0 km","tooltip_line3":"Project 000024134 seg 24 \u00b7 New","tooltip_line4":"Authority: CER \u00b7 BCER permitted","tooltip_line5":"Post-2016 permits only \u2014 layer is partial","tooltip_line6":""}},{"type":"Feature","geometry":{"type":"LineString","coordinates":[[-120.27113,55.81109],[-120.2968,55.81108]]},"properties":{"operator_group":"NGTL (BC extension)","is_key_operator":true,"tooltip_title":"NGTL (BC extension)","tooltip_line1":"NGTL GP Ltd.","tooltip_line2":"Transmission \u00b7 1.6 km","tooltip_line3":"Project 000024134 seg 25 \u00b7 New","tooltip_line4":"Authority: CER \u00b7 BCER permitted","tooltip_line5":"Post-2016 permits only \u2014 layer is partial","tooltip_line6":""}},{"type":"Feature","geometry":{"type":"LineString","coordinates":[[-120.2968,55.81108],[-120.29712,55.81108]]},"properties":{"operator_group":"NGTL (BC extension)","is_key_operator":true,"tooltip_title":"NGTL (BC extension)","tooltip_line1":"NGTL GP Ltd.","tooltip_line2":"Transmission \u00b7 0.0 km","tooltip_line3":"Project 000024134 seg 26 \u00b7 New","tooltip_line4":"Authority: CER \u00b7 BCER permitted","tooltip_line5":"Post-2016 permits only \u2014 layer is partial","tooltip_line6":""}},{"type":"Feature","geometry":{"type":"LineString","coordinates":[[-120.29712,55.81108],[-120.31401,55.81107],[-120.31401,55.81066]]},"properties":{"operator_group":"NGTL (BC extension)","is_key_operator":true,"tooltip_title":"NGTL (BC extension)","tooltip_line1":"NGTL GP Ltd.","tooltip_line2":"Transmission \u00b7 1.1 km","tooltip_line3":"Project 000024134 seg 27 \u00b7 New","tooltip_line4":"Authority: CER \u00b7 BCER permitted","tooltip_line5":"Post-2016 permits only \u2014 layer is partial","tooltip_line6":""}},{"type":"Feature","geometry":{"type":"LineString","coordinates":[[-120.31401,55.81066],[-120.31401,55.81047]]},"properties":{"operator_group":"NGTL (BC extension)","is_key_operator":true,"tooltip_title":"NGTL (BC extension)","tooltip_line1":"NGTL GP Ltd.","tooltip_line2":"Transmission \u00b7 0.0 km","tooltip_line3":"Project 000024134 seg 28 \u00b7 New","tooltip_line4":"Authority: CER \u00b7 BCER permitted","tooltip_line5":"Post-2016 permits only \u2014 layer is partial","tooltip_line6":""}},{"type":"Feature","geometry":{"type":"LineString","coordinates":[[-120.31401,55.81047],[-120.31401,55.80999],[-120.32009,55.80986],[-120.3235,55.80759]]},"properties":{"operator_group":"NGTL (BC extension)","is_key_operator":true,"tooltip_title":"NGTL (BC extension)","tooltip_line1":"NGTL GP Ltd.","tooltip_line2":"Transmission \u00b7 0.8 km","tooltip_line3":"Project 000024134 seg 29 \u00b7 New","tooltip_line4":"Authority: CER \u00b7 BCER permitted","tooltip_line5":"Post-2016 permits only \u2014 layer is partial","tooltip_line6":""}},{"type":"Feature","geometry":{"type":"LineString","coordinates":[[-120.3235,55.80759],[-120.32452,55.80692]]},"properties":{"operator_group":"NGTL (BC extension)","is_key_operator":true,"tooltip_title":"NGTL (BC extension)","tooltip_line1":"NGTL GP Ltd.","tooltip_line2":"Transmission \u00b7 0.1 km","tooltip_line3":"Project 000024134 seg 30 \u00b7 New","tooltip_line4":"Authority: CER \u00b7 BCER permitted","tooltip_line5":"Post-2016 permits only \u2014 layer is partial","tooltip_line6":""}},{"type":"Feature","geometry":{"type":"LineString","coordinates":[[-120.32452,55.80692],[-120.32523,55.80646]]},"properties":{"operator_group":"NGTL (BC extension)","is_key_operator":true,"tooltip_title":"NGTL (BC extension)","tooltip_line1":"NGTL GP Ltd.","tooltip_line2":"Transmission \u00b7 0.1 km","tooltip_line3":"Project 000024134 seg 31 \u00b7 New","tooltip_line4":"Authority: CER \u00b7 BCER permitted","tooltip_line5":"Post-2016 permits only \u2014 layer is partial","tooltip_line6":""}},{"type":"Feature","geometry":{"type":"LineString","coordinates":[[-120.32523,55.80646],[-120.32815,55.80454]]},"properties":{"operator_group":"NGTL (BC extension)","is_key_operator":true,"tooltip_title":"NGTL (BC extension)","tooltip_line1":"NGTL GP Ltd.","tooltip_line2":"Transmission \u00b7 0.3 km","tooltip_line3":"Project 000024134 seg 32 \u00b7 New","tooltip_line4":"Authority: CER \u00b7 BCER permitted","tooltip_line5":"Post-2016 permits only \u2014 layer is partial","tooltip_line6":""}},{"type":"Feature","geometry":{"type":"LineString","coordinates":[[-120.32815,55.80454],[-120.32855,55.80428]]},"properties":{"operator_group":"NGTL (BC extension)","is_key_operator":true,"tooltip_title":"NGTL (BC extension)","tooltip_line1":"NGTL GP Ltd.","tooltip_line2":"Transmission \u00b7 0.0 km","tooltip_line3":"Project 000024134 seg 33 \u00b7 New","tooltip_line4":"Authority: CER \u00b7 BCER permitted","tooltip_line5":"Post-2016 permits only \u2014 layer is partial","tooltip_line6":""}},{"type":"Feature","geometry":{"type":"LineString","coordinates":[[-120.32855,55.80428],[-120.33148,55.80285],[-120.35404,55.80285]]},"properties":{"operator_group":"NGTL (BC extension)","is_key_operator":true,"tooltip_title":"NGTL (BC extension)","tooltip_line1":"NGTL GP Ltd.","tooltip_line2":"Transmission \u00b7 1.7 km","tooltip_line3":"Project 000024134 seg 34 \u00b7 New","tooltip_line4":"Authority: CER \u00b7 BCER permitted","tooltip_line5":"Post-2016 permits only \u2014 layer is partial","tooltip_line6":""}},{"type":"Feature","geometry":{"type":"LineString","coordinates":[[-120.35404,55.80285],[-120.35436,55.80285]]},"properties":{"operator_group":"NGTL (BC extension)","is_key_operator":true,"tooltip_title":"NGTL (BC extension)","tooltip_line1":"NGTL GP Ltd.","tooltip_line2":"Transmission \u00b7 0.0 km","tooltip_line3":"Project 000024134 seg 35 \u00b7 New","tooltip_line4":"Authority: CER \u00b7 BCER permitted","tooltip_line5":"Post-2016 permits only \u2014 layer is partial","tooltip_line6":""}},{"type":"Feature","geometry":{"type":"LineString","coordinates":[[-120.35436,55.80285],[-120.3671,55.80275]]},"properties":{"operator_group":"NGTL (BC extension)","is_key_operator":true,"tooltip_title":"NGTL (BC extension)","tooltip_line1":"NGTL GP Ltd.","tooltip_line2":"Transmission \u00b7 0.8 km","tooltip_line3":"Project 000024134 seg 36 \u00b7 New","tooltip_line4":"Authority: CER \u00b7 BCER permitted","tooltip_line5":"Post-2016 permits only \u2014 layer is partial","tooltip_line6":""}},{"type":"Feature","geometry":{"type":"LineString","coordinates":[[-120.3671,55.80275],[-120.37985,55.80278]]},"properties":{"operator_group":"NGTL (BC extension)","is_key_operator":true,"tooltip_title":"NGTL (BC extension)","tooltip_line1":"NGTL GP Ltd.","tooltip_line2":"Transmission \u00b7 0.8 km","tooltip_line3":"Project 000024134 seg 37 \u00b7 New","tooltip_line4":"Authority: CER \u00b7 BCER permitted","tooltip_line5":"Post-2016 permits only \u2014 layer is partial","tooltip_line6":""}},{"type":"Feature","geometry":{"type":"LineString","coordinates":[[-120.37985,55.80278],[-120.38017,55.80278]]},"properties":{"operator_group":"NGTL (BC extension)","is_key_operator":true,"tooltip_title":"NGTL (BC extension)","tooltip_line1":"NGTL GP Ltd.","tooltip_line2":"Transmission \u00b7 0.0 km","tooltip_line3":"Project 000024134 seg 38 \u00b7 New","tooltip_line4":"Authority: CER \u00b7 BCER permitted","tooltip_line5":"Post-2016 permits only \u2014 layer is partial","tooltip_line6":""}},{"type":"Feature","geometry":{"type":"LineString","coordinates":[[-120.38017,55.80278],[-120.38814,55.80279],[-120.38814,55.80336],[-120.40221,55.80332],[-120.40565,55.80406]]},"properties":{"operator_group":"NGTL (BC extension)","is_key_operator":true,"tooltip_title":"NGTL (BC extension)","tooltip_line1":"NGTL GP Ltd.","tooltip_line2":"Transmission \u00b7 1.7 km","tooltip_line3":"Project 000024134 seg 39 \u00b7 New","tooltip_line4":"Authority: CER \u00b7 BCER permitted","tooltip_line5":"Post-2016 permits only \u2014 layer is partial","tooltip_line6":""}},{"type":"Feature","geometry":{"type":"LineString","coordinates":[[-120.40565,55.80406],[-120.40597,55.80406]]},"properties":{"operator_group":"NGTL (BC extension)","is_key_operator":true,"tooltip_title":"NGTL (BC extension)","tooltip_line1":"NGTL GP Ltd.","tooltip_line2":"Transmission \u00b7 0.0 km","tooltip_line3":"Project 000024134 seg 40 \u00b7 New","tooltip_line4":"Authority: CER \u00b7 BCER permitted","tooltip_line5":"Post-2016 permits only \u2014 layer is partial","tooltip_line6":""}},{"type":"Feature","geometry":{"type":"LineString","coordinates":[[-120.40597,55.80406],[-120.41262,55.80405],[-120.4195,55.80332],[-120.42907,55.80331],[-120.42907,55.80278],[-120.43154,55.80278]]},"properties":{"operator_group":"NGTL (BC extension)","is_key_operator":true,"tooltip_title":"NGTL (BC extension)","tooltip_line1":"NGTL GP Ltd.","tooltip_line2":"Transmission \u00b7 1.7 km","tooltip_line3":"Project 000024134 seg 41 \u00b7 New","tooltip_line4":"Authority: CER \u00b7 BCER permitted","tooltip_line5":"Post-2016 permits only \u2014 layer is partial","tooltip_line6":""}},{"type":"Feature","geometry":{"type":"LineString","coordinates":[[-120.43154,55.80278],[-120.43186,55.80278]]},"properties":{"operator_group":"NGTL (BC extension)","is_key_operator":true,"tooltip_title":"NGTL (BC extension)","tooltip_line1":"NGTL GP Ltd.","tooltip_line2":"Transmission \u00b7 0.0 km","tooltip_line3":"Project 000024134 seg 42 \u00b7 New","tooltip_line4":"Authority: CER \u00b7 BCER permitted","tooltip_line5":"Post-2016 permits only \u2014 layer is partial","tooltip_line6":""}},{"type":"Feature","geometry":{"type":"LineString","coordinates":[[-120.43186,55.80278],[-120.45198,55.80281],[-120.45491,55.80139],[-120.45723,55.8013]]},"properties":{"operator_group":"NGTL (BC extension)","is_key_operator":true,"tooltip_title":"NGTL (BC extension)","tooltip_line1":"NGTL GP Ltd.","tooltip_line2":"Transmission \u00b7 1.7 km","tooltip_line3":"Project 000024134 seg 43 \u00b7 New","tooltip_line4":"Authority: CER \u00b7 BCER permitted","tooltip_line5":"Post-2016 permits only \u2014 layer is partial","tooltip_line6":""}},{"type":"Feature","geometry":{"type":"LineString","coordinates":[[-120.45723,55.8013],[-120.45756,55.8013]]},"properties":{"operator_group":"NGTL (BC extension)","is_key_operator":true,"tooltip_title":"NGTL (BC extension)","tooltip_line1":"NGTL GP Ltd.","tooltip_line2":"Transmission \u00b7 0.0 km","tooltip_line3":"Project 000024134 seg 44 \u00b7 New","tooltip_line4":"Authority: CER \u00b7 BCER permitted","tooltip_line5":"Post-2016 permits only \u2014 layer is partial","tooltip_line6":""}},{"type":"Feature","geometry":{"type":"LineString","coordinates":[[-120.45756,55.8013],[-120.46051,55.80125],[-120.46256,55.80063],[-120.46602,55.80136],[-120.47041,55.8016],[-120.48308,55.80075]]},"properties":{"operator_group":"NGTL (BC extension)","is_key_operator":true,"tooltip_title":"NGTL (BC extension)","tooltip_line1":"NGTL GP Ltd.","tooltip_line2":"Transmission \u00b7 1.6 km","tooltip_line3":"Project 000024134 seg 45 \u00b7 New","tooltip_line4":"Authority: CER \u00b7 BCER permitted","tooltip_line5":"Post-2016 permits only \u2014 layer is partial","tooltip_line6":""}},{"type":"Feature","geometry":{"type":"LineString","coordinates":[[-120.48308,55.80075],[-120.48356,55.80075]]},"properties":{"operator_group":"NGTL (BC extension)","is_key_operator":true,"tooltip_title":"NGTL (BC extension)","tooltip_line1":"NGTL GP Ltd.","tooltip_line2":"Transmission \u00b7 0.0 km","tooltip_line3":"Project 000024134 seg 46 \u00b7 New","tooltip_line4":"Authority: CER \u00b7 BCER permitted","tooltip_line5":"Post-2016 permits only \u2014 layer is partial","tooltip_line6":""}},{"type":"Feature","geometry":{"type":"LineString","coordinates":[[-120.48356,55.80075],[-120.4965,55.80097],[-120.50904,55.79831]]},"properties":{"operator_group":"NGTL (BC extension)","is_key_operator":true,"tooltip_title":"NGTL (BC extension)","tooltip_line1":"NGTL GP Ltd.","tooltip_line2":"Transmission \u00b7 1.7 km","tooltip_line3":"Project 000024134 seg 47 \u00b7 New","tooltip_line4":"Authority: CER \u00b7 BCER permitted","tooltip_line5":"Post-2016 permits only \u2014 layer is partial","tooltip_line6":""}},{"type":"Feature","geometry":{"type":"LineString","coordinates":[[-120.50904,55.79831],[-120.50936,55.79831]]},"properties":{"operator_group":"NGTL (BC extension)","is_key_operator":true,"tooltip_title":"NGTL (BC extension)","tooltip_line1":"NGTL GP Ltd.","tooltip_line2":"Transmission \u00b7 0.0 km","tooltip_line3":"Project 000024134 seg 48 \u00b7 New","tooltip_line4":"Authority: CER \u00b7 BCER permitted","tooltip_line5":"Post-2016 permits only \u2014 layer is partial","tooltip_line6":""}},{"type":"Feature","geometry":{"type":"LineString","coordinates":[[-120.50936,55.79831],[-120.51087,55.79827],[-120.51188,55.7977],[-120.51218,55.79264],[-120.51409,55.79071],[-120.5165,55.79002],[-120.51793,55.78903],[-120.53485,55.78871]]},"properties":{"operator_group":"NGTL (BC extension)","is_key_operator":true,"tooltip_title":"NGTL (BC extension)","tooltip_line1":"NGTL GP Ltd.","tooltip_line2":"Transmission \u00b7 2.4 km","tooltip_line3":"Project 000024134 seg 49 \u00b7 New","tooltip_line4":"Authority: CER \u00b7 BCER permitted","tooltip_line5":"Post-2016 permits only \u2014 layer is partial","tooltip_line6":""}},{"type":"Feature","geometry":{"type":"LineString","coordinates":[[-120.53485,55.78871],[-120.53517,55.78871]]},"properties":{"operator_group":"NGTL (BC extension)","is_key_operator":true,"tooltip_title":"NGTL (BC extension)","tooltip_line1":"NGTL GP Ltd.","tooltip_line2":"Transmission \u00b7 0.0 km","tooltip_line3":"Project 000024134 seg 50 \u00b7 New","tooltip_line4":"Authority: CER \u00b7 BCER permitted","tooltip_line5":"Post-2016 permits only \u2014 layer is partial","tooltip_line6":""}},{"type":"Feature","geometry":{"type":"LineString","coordinates":[[-120.53517,55.78871],[-120.54279,55.78896]]},"properties":{"operator_group":"NGTL (BC extension)","is_key_operator":true,"tooltip_title":"NGTL (BC extension)","tooltip_line1":"NGTL GP Ltd.","tooltip_line2":"Transmission \u00b7 0.5 km","tooltip_line3":"Project 000024134 seg 51 \u00b7 New","tooltip_line4":"Authority: CER \u00b7 BCER permitted","tooltip_line5":"Post-2016 permits only \u2014 layer is partial","tooltip_line6":""}},{"type":"Feature","geometry":{"type":"LineString","coordinates":[[-120.54199,55.78937],[-120.54198,55.79177],[-120.54474,55.79346],[-120.54471,55.8035],[-120.53693,55.80703],[-120.53673,55.81021],[-120.53717,55.81052]]},"properties":{"operator_group":"NGTL (BC extension)","is_key_operator":true,"tooltip_title":"NGTL (BC extension)","tooltip_line1":"NGTL GP Ltd.","tooltip_line2":"Transmission \u00b7 2.7 km","tooltip_line3":"Project 000024134 seg 52 \u00b7 New","tooltip_line4":"Authority: CER \u00b7 BCER permitted","tooltip_line5":"Post-2016 permits only \u2014 layer is partial","tooltip_line6":""}},{"type":"Feature","geometry":{"type":"LineString","coordinates":[[-120.53717,55.81052],[-120.53718,55.81083]]},"properties":{"operator_group":"NGTL (BC extension)","is_key_operator":true,"tooltip_title":"NGTL (BC extension)","tooltip_line1":"NGTL GP Ltd.","tooltip_line2":"Transmission \u00b7 0.0 km","tooltip_line3":"Project 000024134 seg 53 \u00b7 New","tooltip_line4":"Authority: CER \u00b7 BCER permitted","tooltip_line5":"Post-2016 permits only \u2014 layer is partial","tooltip_line6":""}},{"type":"Feature","geometry":{"type":"LineString","coordinates":[[-120.53718,55.81083],[-120.53677,55.81176],[-120.53692,55.81465],[-120.54314,55.81819],[-120.54283,55.82762],[-120.53388,55.83499],[-120.53352,55.8398]]},"properties":{"operator_group":"NGTL (BC extension)","is_key_operator":true,"tooltip_title":"NGTL (BC extension)","tooltip_line1":"NGTL GP Ltd.","tooltip_line2":"Transmission \u00b7 3.6 km","tooltip_line3":"Project 000024134 seg 54 \u00b7 New","tooltip_line4":"Authority: CER \u00b7 BCER permitted","tooltip_line5":"Post-2016 permits only \u2014 layer is partial","tooltip_line6":""}},{"type":"Feature","geometry":{"type":"LineString","coordinates":[[-120.53352,55.8398],[-120.53352,55.84007]]},"properties":{"operator_group":"NGTL (BC extension)","is_key_operator":true,"tooltip_title":"NGTL (BC extension)","tooltip_line1":"NGTL GP Ltd.","tooltip_line2":"Transmission \u00b7 0.0 km","tooltip_line3":"Project 000024134 seg 55 \u00b7 New","tooltip_line4":"Authority: CER \u00b7 BCER permitted","tooltip_line5":"Post-2016 permits only \u2014 layer is partial","tooltip_line6":""}},{"type":"Feature","geometry":{"type":"LineString","coordinates":[[-120.53352,55.84007],[-120.53351,55.84784],[-120.53314,55.8486],[-120.53337,55.86173],[-120.5381,55.86556],[-120.54626,55.86784],[-120.55777,55.86789]]},"properties":{"operator_group":"NGTL (BC extension)","is_key_operator":true,"tooltip_title":"NGTL (BC extension)","tooltip_line1":"NGTL GP Ltd.","tooltip_line2":"Transmission \u00b7 4.2 km","tooltip_line3":"Project 000024134 seg 56 \u00b7 New","tooltip_line4":"Authority: CER \u00b7 BCER permitted","tooltip_line5":"Post-2016 permits only \u2014 layer is partial","tooltip_line6":""}},{"type":"Feature","geometry":{"type":"LineString","coordinates":[[-120.55777,55.86789],[-120.55825,55.86789]]},"properties":{"operator_group":"NGTL (BC extension)","is_key_operator":true,"tooltip_title":"NGTL (BC extension)","tooltip_line1":"NGTL GP Ltd.","tooltip_line2":"Transmission \u00b7 0.0 km","tooltip_line3":"Project 000024134 seg 57 \u00b7 New","tooltip_line4":"Authority: CER \u00b7 BCER permitted","tooltip_line5":"Post-2016 permits only \u2014 layer is partial","tooltip_line6":""}},{"type":"Feature","geometry":{"type":"LineString","coordinates":[[-120.55825,55.86789],[-120.559,55.86789],[-120.559,55.86888]]},"properties":{"operator_group":"NGTL (BC extension)","is_key_operator":true,"tooltip_title":"NGTL (BC extension)","tooltip_line1":"NGTL GP Ltd.","tooltip_line2":"Transmission \u00b7 0.2 km","tooltip_line3":"Project 000024134 seg 58 \u00b7 New","tooltip_line4":"Authority: CER \u00b7 BCER permitted","tooltip_line5":"Post-2016 permits only \u2014 layer is partial","tooltip_line6":""}},{"type":"Feature","geometry":{"type":"LineString","coordinates":[[-120.559,55.86888],[-120.559,55.86907]]},"properties":{"operator_group":"NGTL (BC extension)","is_key_operator":true,"tooltip_title":"NGTL (BC extension)","tooltip_line1":"NGTL GP Ltd.","tooltip_line2":"Transmission \u00b7 0.0 km","tooltip_line3":"Project 000024134 seg 59 \u00b7 New","tooltip_line4":"Authority: CER \u00b7 BCER permitted","tooltip_line5":"Post-2016 permits only \u2014 layer is partial","tooltip_line6":""}},{"type":"Feature","geometry":{"type":"LineString","coordinates":[[-120.559,55.86907],[-120.559,55.87577],[-120.56668,55.87577],[-120.56823,55.87732],[-120.57283,55.87737],[-120.57395,55.87785],[-120.57405,55.88374],[-120.57178,55.88546],[-120.57208,55.89486],[-120.57365,55.89623],[-120.57373,55.89797]]},"properties":{"operator_group":"NGTL (BC extension)","is_key_operator":true,"tooltip_title":"NGTL (BC extension)","tooltip_line1":"NGTL GP Ltd.","tooltip_line2":"Transmission \u00b7 4.1 km","tooltip_line3":"Project 000024134 seg 60 \u00b7 New","tooltip_line4":"Authority: CER \u00b7 BCER permitted","tooltip_line5":"Post-2016 permits only \u2014 layer is partial","tooltip_line6":""}},{"type":"Feature","geometry":{"type":"LineString","coordinates":[[-120.57373,55.89797],[-120.57373,55.89815]]},"properties":{"operator_group":"NGTL (BC extension)","is_key_operator":true,"tooltip_title":"NGTL (BC extension)","tooltip_line1":"NGTL GP Ltd.","tooltip_line2":"Transmission \u00b7 0.0 km","tooltip_line3":"Project 000024134 seg 61 \u00b7 New","tooltip_line4":"Authority: CER \u00b7 BCER permitted","tooltip_line5":"Post-2016 permits only \u2014 layer is partial","tooltip_line6":""}},{"type":"Feature","geometry":{"type":"LineString","coordinates":[[-120.57373,55.89815],[-120.57373,55.89871],[-120.58396,55.89906]]},"properties":{"operator_group":"NGTL (BC extension)","is_key_operator":true,"tooltip_title":"NGTL (BC extension)","tooltip_line1":"NGTL GP Ltd.","tooltip_line2":"Transmission \u00b7 0.7 km","tooltip_line3":"Project 000024134 seg 62 \u00b7 New","tooltip_line4":"Authority: CER \u00b7 BCER permitted","tooltip_line5":"Post-2016 permits only \u2014 layer is partial","tooltip_line6":""}},{"type":"Feature","geometry":{"type":"LineString","coordinates":[[-120.58396,55.89906],[-120.58428,55.89906]]},"properties":{"operator_group":"NGTL (BC extension)","is_key_operator":true,"tooltip_title":"NGTL (BC extension)","tooltip_line1":"NGTL GP Ltd.","tooltip_line2":"Transmission \u00b7 0.0 km","tooltip_line3":"Project 000024134 seg 63 \u00b7 New","tooltip_line4":"Authority: CER \u00b7 BCER permitted","tooltip_line5":"Post-2016 permits only \u2014 layer is partial","tooltip_line6":""}},{"type":"Feature","geometry":{"type":"LineString","coordinates":[[-120.58428,55.89906],[-120.59798,55.89886],[-120.59796,55.90948],[-120.60021,55.91101],[-120.60032,55.91256]]},"properties":{"operator_group":"NGTL (BC extension)","is_key_operator":true,"tooltip_title":"NGTL (BC extension)","tooltip_line1":"NGTL GP Ltd.","tooltip_line2":"Transmission \u00b7 2.4 km","tooltip_line3":"Project 000024134 seg 64 \u00b7 New","tooltip_line4":"Authority: CER \u00b7 BCER permitted","tooltip_line5":"Post-2016 permits only \u2014 layer is partial","tooltip_line6":""}},{"type":"Feature","geometry":{"type":"LineString","coordinates":[[-120.60032,55.91256],[-120.60032,55.91263]]},"properties":{"operator_group":"NGTL (BC extension)","is_key_operator":true,"tooltip_title":"NGTL (BC extension)","tooltip_line1":"NGTL GP Ltd.","tooltip_line2":"Transmission \u00b7 0.0 km","tooltip_line3":"Project 000024134 seg 65 \u00b7 New","tooltip_line4":"Authority: CER \u00b7 BCER permitted","tooltip_line5":"Post-2016 permits only \u2014 layer is partial","tooltip_line6":""}},{"type":"Feature","geometry":{"type":"LineString","coordinates":[[-120.60032,55.91263],[-120.60021,55.91337],[-120.59824,55.91471],[-120.5985,55.92613],[-120.60998,55.92611]]},"properties":{"operator_group":"NGTL (BC extension)","is_key_operator":true,"tooltip_title":"NGTL (BC extension)","tooltip_line1":"NGTL GP Ltd.","tooltip_line2":"Transmission \u00b7 2.3 km","tooltip_line3":"Project 000024134 seg 66 \u00b7 New","tooltip_line4":"Authority: CER \u00b7 BCER permitted","tooltip_line5":"Post-2016 permits only \u2014 layer is partial","tooltip_line6":""}},{"type":"Feature","geometry":{"type":"LineString","coordinates":[[-120.60998,55.92611],[-120.6103,55.92611]]},"properties":{"operator_group":"NGTL (BC extension)","is_key_operator":true,"tooltip_title":"NGTL (BC extension)","tooltip_line1":"NGTL GP Ltd.","tooltip_line2":"Transmission \u00b7 0.0 km","tooltip_line3":"Project 000024134 seg 67 \u00b7 New","tooltip_line4":"Authority: CER \u00b7 BCER permitted","tooltip_line5":"Post-2016 permits only \u2014 layer is partial","tooltip_line6":""}},{"type":"Feature","geometry":{"type":"LineString","coordinates":[[-120.6103,55.92611],[-120.62168,55.92611],[-120.62169,55.92704]]},"properties":{"operator_group":"NGTL (BC extension)","is_key_operator":true,"tooltip_title":"NGTL (BC extension)","tooltip_line1":"NGTL GP Ltd.","tooltip_line2":"Transmission \u00b7 0.8 km","tooltip_line3":"Project 000024134 seg 68 \u00b7 New","tooltip_line4":"Authority: CER \u00b7 BCER permitted","tooltip_line5":"Post-2016 permits only \u2014 layer is partial","tooltip_line6":""}},{"type":"Feature","geometry":{"type":"LineString","coordinates":[[-120.62169,55.92704],[-120.62169,55.92722]]},"properties":{"operator_group":"NGTL (BC extension)","is_key_operator":true,"tooltip_title":"NGTL (BC extension)","tooltip_line1":"NGTL GP Ltd.","tooltip_line2":"Transmission \u00b7 0.0 km","tooltip_line3":"Project 000024134 seg 69 \u00b7 New","tooltip_line4":"Authority: CER \u00b7 BCER permitted","tooltip_line5":"Post-2016 permits only \u2014 layer is partial","tooltip_line6":""}},{"type":"Feature","geometry":{"type":"LineString","coordinates":[[-120.62169,55.92722],[-120.62169,55.9281],[-120.631,55.92799],[-120.63176,55.92842],[-120.63196,55.92967],[-120.63294,55.93045],[-120.63601,55.93061]]},"properties":{"operator_group":"NGTL (BC extension)","is_key_operator":true,"tooltip_title":"NGTL (BC extension)","tooltip_line1":"NGTL GP Ltd.","tooltip_line2":"Transmission \u00b7 1.2 km","tooltip_line3":"Project 000024134 seg 70 \u00b7 New","tooltip_line4":"Authority: CER \u00b7 BCER permitted","tooltip_line5":"Post-2016 permits only \u2014 layer is partial","tooltip_line6":""}},{"type":"Feature","geometry":{"type":"LineString","coordinates":[[-120.63601,55.93061],[-120.6364,55.93061]]},"properties":{"operator_group":"NGTL (BC extension)","is_key_operator":true,"tooltip_title":"NGTL (BC extension)","tooltip_line1":"NGTL GP Ltd.","tooltip_line2":"Transmission \u00b7 0.0 km","tooltip_line3":"Project 000024134 seg 71 \u00b7 New","tooltip_line4":"Authority: CER \u00b7 BCER permitted","tooltip_line5":"Post-2016 permits only \u2014 layer is partial","tooltip_line6":""}},{"type":"Feature","geometry":{"type":"LineString","coordinates":[[-120.6364,55.93061],[-120.64385,55.93062],[-120.64804,55.93263],[-120.65341,55.9414],[-120.65907,55.94375],[-120.66219,55.94558]]},"properties":{"operator_group":"NGTL (BC extension)","is_key_operator":true,"tooltip_title":"NGTL (BC extension)","tooltip_line1":"NGTL GP Ltd.","tooltip_line2":"Transmission \u00b7 2.6 km","tooltip_line3":"Project 000024134 seg 72 \u00b7 New","tooltip_line4":"Authority: CER \u00b7 BCER permitted","tooltip_line5":"Post-2016 permits only \u2014 layer is partial","tooltip_line6":""}},{"type":"Feature","geometry":{"type":"LineString","coordinates":[[-120.66219,55.94558],[-120.66252,55.94575]]},"properties":{"operator_group":"NGTL (BC extension)","is_key_operator":true,"tooltip_title":"NGTL (BC extension)","tooltip_line1":"NGTL GP Ltd.","tooltip_line2":"Transmission \u00b7 0.0 km","tooltip_line3":"Project 000024134 seg 73 \u00b7 New","tooltip_line4":"Authority: CER \u00b7 BCER permitted","tooltip_line5":"Post-2016 permits only \u2014 layer is partial","tooltip_line6":""}},{"type":"Feature","geometry":{"type":"LineString","coordinates":[[-120.66252,55.94575],[-120.67614,55.95307],[-120.67167,55.95611]]},"properties":{"operator_group":"NGTL (BC extension)","is_key_operator":true,"tooltip_title":"NGTL (BC extension)","tooltip_line1":"NGTL GP Ltd.","tooltip_line2":"Transmission \u00b7 1.6 km","tooltip_line3":"Project 000024134 seg 74 \u00b7 New","tooltip_line4":"Authority: CER \u00b7 BCER permitted","tooltip_line5":"Post-2016 permits only \u2014 layer is partial","tooltip_line6":""}},{"type":"Feature","geometry":{"type":"LineString","coordinates":[[-120.67167,55.95611],[-120.67139,55.95634]]},"properties":{"operator_group":"NGTL (BC extension)","is_key_operator":true,"tooltip_title":"NGTL (BC extension)","tooltip_line1":"NGTL GP Ltd.","tooltip_line2":"Transmission \u00b7 0.0 km","tooltip_line3":"Project 000024134 seg 75 \u00b7 New","tooltip_line4":"Authority: CER \u00b7 BCER permitted","tooltip_line5":"Post-2016 permits only \u2014 layer is partial","tooltip_line6":""}},{"type":"Feature","geometry":{"type":"LineString","coordinates":[[-120.67139,55.95634],[-120.66858,55.95676],[-120.66509,55.95869],[-120.66365,55.96553],[-120.66422,55.96715]]},"properties":{"operator_group":"NGTL (BC extension)","is_key_operator":true,"tooltip_title":"NGTL (BC extension)","tooltip_line1":"NGTL GP Ltd.","tooltip_line2":"Transmission \u00b7 1.5 km","tooltip_line3":"Project 000024134 seg 76 \u00b7 New","tooltip_line4":"Authority: CER \u00b7 BCER permitted","tooltip_line5":"Post-2016 permits only \u2014 layer is partial","tooltip_line6":""}},{"type":"Feature","geometry":{"type":"LineString","coordinates":[[-120.66422,55.96715],[-120.66431,55.96737]]},"properties":{"operator_group":"NGTL (BC extension)","is_key_operator":true,"tooltip_title":"NGTL (BC extension)","tooltip_line1":"NGTL GP Ltd.","tooltip_line2":"Transmission \u00b7 0.0 km","tooltip_line3":"Project 000024134 seg 77 \u00b7 New","tooltip_line4":"Authority: CER \u00b7 BCER permitted","tooltip_line5":"Post-2016 permits only \u2014 layer is partial","tooltip_line6":""}},{"type":"Feature","geometry":{"type":"LineString","coordinates":[[-120.66431,55.96737],[-120.66421,55.96828],[-120.66288,55.96879],[-120.66389,55.96993],[-120.66367,55.97228],[-120.66949,55.97932],[-120.66839,55.97962],[-120.67001,55.983],[-120.66954,55.98516]]},"properties":{"operator_group":"NGTL (BC extension)","is_key_operator":true,"tooltip_title":"NGTL (BC extension)","tooltip_line1":"NGTL GP Ltd.","tooltip_line2":"Transmission \u00b7 2.2 km","tooltip_line3":"Project 000024134 seg 78 \u00b7 New","tooltip_line4":"Authority: CER \u00b7 BCER permitted","tooltip_line5":"Post-2016 permits only \u2014 layer is partial","tooltip_line6":""}},{"type":"Feature","geometry":{"type":"LineString","coordinates":[[-120.66954,55.98516],[-120.66952,55.98543]]},"properties":{"operator_group":"NGTL (BC extension)","is_key_operator":true,"tooltip_title":"NGTL (BC extension)","tooltip_line1":"NGTL GP Ltd.","tooltip_line2":"Transmission \u00b7 0.0 km","tooltip_line3":"Project 000024134 seg 79 \u00b7 New","tooltip_line4":"Authority: CER \u00b7 BCER permitted","tooltip_line5":"Post-2016 permits only \u2014 layer is partial","tooltip_line6":""}},{"type":"Feature","geometry":{"type":"LineString","coordinates":[[-120.66952,55.98543],[-120.66918,55.98614],[-120.66289,55.9896],[-120.66286,55.99785],[-120.66251,55.99794]]},"properties":{"operator_group":"NGTL (BC extension)","is_key_operator":true,"tooltip_title":"NGTL (BC extension)","tooltip_line1":"NGTL GP Ltd.","tooltip_line2":"Transmission \u00b7 1.6 km","tooltip_line3":"Project 000024134 seg 80 \u00b7 New","tooltip_line4":"Authority: CER \u00b7 BCER permitted","tooltip_line5":"Post-2016 permits only \u2014 layer is partial","tooltip_line6":""}},{"type":"Feature","geometry":{"type":"LineString","coordinates":[[-120.66251,55.99794],[-120.66218,55.99802]]},"properties":{"operator_group":"NGTL (BC extension)","is_key_operator":true,"tooltip_title":"NGTL (BC extension)","tooltip_line1":"NGTL GP Ltd.","tooltip_line2":"Transmission \u00b7 0.0 km","tooltip_line3":"Project 000024134 seg 81 \u00b7 New","tooltip_line4":"Authority: CER \u00b7 BCER permitted","tooltip_line5":"Post-2016 permits only \u2014 layer is partial","tooltip_line6":""}},{"type":"Feature","geometry":{"type":"LineString","coordinates":[[-120.66218,55.99802],[-120.6617,55.99814],[-120.66194,56.0001]]},"properties":{"operator_group":"NGTL (BC extension)","is_key_operator":true,"tooltip_title":"NGTL (BC extension)","tooltip_line1":"NGTL GP Ltd.","tooltip_line2":"Transmission \u00b7 0.3 km","tooltip_line3":"Project 000024134 seg 82 \u00b7 New","tooltip_line4":"Authority: CER \u00b7 BCER permitted","tooltip_line5":"Post-2016 permits only \u2014 layer is partial","tooltip_line6":""}},{"type":"Feature","geometry":{"type":"LineString","coordinates":[[-120.18448,55.92662],[-120.18448,55.9276],[-120.19203,55.9276],[-120.19228,55.94126],[-120.19379,55.94126],[-120.19699,55.94487],[-120.21869,55.94903],[-120.26372,55.95565],[-120.26371,55.95655],[-120.27476,55.95927],[-120.2907,55.96447],[-120.30482,55.96543],[-120.30969,55.96483],[-120.31864,55.96569],[-120.39385,55.97711]]},"properties":{"operator_group":"Other BC operator","is_key_operator":false,"tooltip_title":"Plateau Pipe Line Ltd.","tooltip_line1":"Plateau Pipe Line Ltd.","tooltip_line2":"Transmission \u00b7 15.6 km","tooltip_line3":"Project 000024221 seg 1 \u00b7 Active","tooltip_line4":"Authority: ERAA \u00b7 BCER permitted","tooltip_line5":"Post-2016 permits only \u2014 layer is partial","tooltip_line6":""}},{"type":"Feature","geometry":{"type":"LineString","coordinates":[[-122.04846,56.35147],[-122.05364,56.34887],[-122.05634,56.34889],[-122.05638,56.34831]]},"properties":{"operator_group":"Other BC operator","is_key_operator":false,"tooltip_title":"Plateau Pipe Line Ltd.","tooltip_line1":"Plateau Pipe Line Ltd.","tooltip_line2":"Transmission \u00b7 0.7 km","tooltip_line3":"Project 000024222 seg 1 \u00b7 Active","tooltip_line4":"Authority: ERAA \u00b7 BCER permitted","tooltip_line5":"Post-2016 permits only \u2014 layer is partial","tooltip_line6":""}},{"type":"Feature","geometry":{"type":"LineString","coordinates":[[-122.04951,56.52527],[-122.04896,56.52454],[-122.01335,56.52615]]},"properties":{"operator_group":"Other BC operator","is_key_operator":false,"tooltip_title":"Plateau Pipe Line Ltd.","tooltip_line1":"Plateau Pipe Line Ltd.","tooltip_line2":"Transmission \u00b7 2.3 km","tooltip_line3":"Project 000024225 seg 1 \u00b7 Active","tooltip_line4":"Authority: ERAA \u00b7 BCER permitted","tooltip_line5":"Post-2016 permits only \u2014 layer is partial","tooltip_line6":""}},{"type":"Feature","geometry":{"type":"LineString","coordinates":[[-120.65624,56.00607],[-120.65749,56.0061],[-120.65125,56.01402],[-120.65081,56.02308],[-120.65028,56.02402],[-120.63803,56.03484],[-120.63505,56.03493],[-120.63226,56.03608],[-120.59926,56.03603],[-120.59881,56.03626],[-120.59839,56.0427],[-120.59785,56.04303],[-120.58912,56.04315],[-120.58901,56.04881],[-120.5859,56.04964],[-120.5859,56.05062],[-120.58481,56.05124],[-120.58485,56.05295],[-120.58639,56.05383],[-120.58632,56.05418]]},"properties":{"operator_group":"Other BC operator","is_key_operator":false,"tooltip_title":"Plateau Pipe Line Ltd.","tooltip_line1":"Plateau Pipe Line Ltd.","tooltip_line2":"Transmission \u00b7 8.8 km","tooltip_line3":"Project 000024238 seg 1 \u00b7 Active","tooltip_line4":"Authority: ERAA \u00b7 BCER permitted","tooltip_line5":"Post-2016 permits only \u2014 layer is partial","tooltip_line6":""}},{"type":"Feature","geometry":{"type":"LineString","coordinates":[[-120.65624,56.00607],[-120.65749,56.0061],[-120.65125,56.01402],[-120.65081,56.02308],[-120.65028,56.02402],[-120.63803,56.03484],[-120.63505,56.03493],[-120.63226,56.03608],[-120.59926,56.03603],[-120.59881,56.03626],[-120.59839,56.0427],[-120.59785,56.04303],[-120.58912,56.04315],[-120.58901,56.04881],[-120.5859,56.04964],[-120.5859,56.05062],[-120.58481,56.05124],[-120.58485,56.05295],[-120.58639,56.05383],[-120.58608,56.05489]]},"properties":{"operator_group":"Other BC operator","is_key_operator":false,"tooltip_title":"Plateau Pipe Line Ltd.","tooltip_line1":"Plateau Pipe Line Ltd.","tooltip_line2":"Transmission \u00b7 8.8 km","tooltip_line3":"Project 000024238 seg 2 \u00b7 Active","tooltip_line4":"Authority: ERAA \u00b7 BCER permitted","tooltip_line5":"Post-2016 permits only \u2014 layer is partial","tooltip_line6":""}},{"type":"Feature","geometry":{"type":"LineString","coordinates":[[-120.3864,55.96423],[-120.38686,55.96415],[-120.38399,55.95898],[-120.38396,55.93177],[-120.37594,55.922],[-120.37601,55.88138],[-120.37566,55.88082],[-120.37494,55.88082],[-120.37356,55.87816],[-120.37236,55.87346],[-120.37255,55.86863],[-120.30942,55.83794],[-120.29619,55.83304],[-120.26353,55.81705],[-120.26262,55.81593],[-120.22549,55.79784],[-120.21677,55.79615],[-120.21185,55.79617],[-120.21184,55.78926],[-120.21244,55.78868],[-120.21225,55.78833]]},"properties":{"operator_group":"Other BC operator","is_key_operator":false,"tooltip_title":"Plateau Pipe Line Ltd.","tooltip_line1":"Plateau Pipe Line Ltd.","tooltip_line2":"Transmission \u00b7 24.9 km","tooltip_line3":"Project 000024259 seg 1 \u00b7 Active","tooltip_line4":"Authority: ERAA \u00b7 BCER permitted","tooltip_line5":"Post-2016 permits only \u2014 layer is partial","tooltip_line6":""}},{"type":"Feature","geometry":{"type":"LineString","coordinates":[[-121.27121,49.44606],[-121.27187,49.44468],[-121.27335,49.44349],[-121.27545,49.44283]]},"properties":{"operator_group":"Westcoast Energy","is_key_operator":true,"tooltip_title":"Westcoast Energy","tooltip_line1":"Westcoast Energy GP Inc.","tooltip_line2":"Transmission \u00b7 0.5 km","tooltip_line3":"Project 000024365 seg 1 \u00b7 New","tooltip_line4":"Authority: CER \u00b7 BCER permitted","tooltip_line5":"Post-2016 permits only \u2014 layer is partial","tooltip_line6":""}},{"type":"Feature","geometry":{"type":"LineString","coordinates":[[-121.27132,49.44588],[-121.27182,49.4447],[-121.2734,49.44342],[-121.27528,49.4428]]},"properties":{"operator_group":"Westcoast Energy","is_key_operator":true,"tooltip_title":"Westcoast Energy","tooltip_line1":"Westcoast Energy GP Inc.","tooltip_line2":"Transmission \u00b7 0.5 km","tooltip_line3":"Project 000024365 seg 2 \u00b7 New","tooltip_line4":"Authority: CER \u00b7 BCER permitted","tooltip_line5":"Post-2016 permits only \u2014 layer is partial","tooltip_line6":""}},{"type":"Feature","geometry":{"type":"LineString","coordinates":[[-121.12385,55.94627],[-121.12243,55.94634],[-121.1183,55.9493],[-121.11544,55.95023],[-121.10876,55.94968],[-121.09508,55.9502],[-121.08479,55.95335],[-121.07484,55.95559],[-121.07461,55.95633],[-121.07274,55.95633]]},"properties":{"operator_group":"Other BC operator","is_key_operator":false,"tooltip_title":"Tourmaline Oil Corp.","tooltip_line1":"Tourmaline Oil Corp.","tooltip_line2":"Transmission \u00b7 3.7 km","tooltip_line3":"Project 000024438 seg 1 \u00b7 Active","tooltip_line4":"Authority: ERAA \u00b7 BCER permitted","tooltip_line5":"Post-2016 permits only \u2014 layer is partial","tooltip_line6":""}},{"type":"Feature","geometry":{"type":"LineString","coordinates":[[-121.42182,49.37402],[-121.42194,49.37405]]},"properties":{"operator_group":"Other BC operator","is_key_operator":false,"tooltip_title":"FortisBC Energy Inc.","tooltip_line1":"FortisBC Energy Inc.","tooltip_line2":"Transmission \u00b7 0.0 km","tooltip_line3":"Project 000024458 seg 1 \u00b7 Active","tooltip_line4":"Authority: ERAA \u00b7 BCER permitted","tooltip_line5":"Post-2016 permits only \u2014 layer is partial","tooltip_line6":""}},{"type":"Feature","geometry":{"type":"LineString","coordinates":[[-122.20765,55.64898],[-122.20211,55.65125],[-122.19593,55.65194],[-122.19074,55.65087],[-122.18207,55.65051],[-122.17556,55.64964],[-122.16876,55.65011],[-122.15503,55.64939],[-122.15042,55.64974],[-122.14098,55.64882],[-122.1382,55.64739],[-122.13443,55.64729],[-122.12409,55.64577],[-122.11321,55.64333],[-122.10663,55.64097],[-122.09819,55.6359],[-122.09224,55.63424],[-122.08634,55.63148],[-122.07466,55.6304],[-122.07157,55.63071],[-122.0668,55.62953],[-122.0612,55.62907],[-122.0589,55.62784],[-122.05301,55.62185],[-122.04612,55.61697],[-122.04239,55.61545],[-122.03879,55.61228],[-122.0395,55.61191],[-122.03792,55.61106],[-122.03778,55.61046],[-122.03884,55.60876],[-122.03881,55.60806],[-122.03728,55.6065],[-122.03473,55.60533],[-122.0127,55.60152],[-122.0083,55.60325],[-121.97402,55.60659],[-121.95924,55.61025],[-121.95356,55.61112],[-121.95178,55.61035],[-121.94155,55.60877],[-121.93187,55.60869],[-121.91967,55.61084],[-121.91909,55.61255],[-121.91594,55.61271],[-121.91386,55.61195],[-121.91159,55.61204],[-121.9043,55.61373],[-121.89715,55.61437],[-121.89567,55.61389],[-121.88434,55.61431],[-121.86089,55.61785],[-121.85183,55.61803],[-121.84964,55.61863],[-121.84634,55.61797],[-121.8387,55.61809],[-121.83208,55.61847],[-121.82744,55.61947]]},"properties":{"operator_group":"Westcoast Energy","is_key_operator":true,"tooltip_title":"Westcoast Energy","tooltip_line1":"Westcoast Energy GP Inc.","tooltip_line2":"Transmission \u00b7 27.2 km","tooltip_line3":"Project 000024527 seg 1 \u00b7 New","tooltip_line4":"Authority: CER \u00b7 BCER permitted","tooltip_line5":"Post-2016 permits only \u2014 layer is partial","tooltip_line6":""}},{"type":"Feature","geometry":{"type":"LineString","coordinates":[[-121.26576,56.06129],[-121.26532,56.06081],[-121.26566,56.05975],[-121.26023,56.05893],[-121.25845,56.05788],[-121.25747,56.05601],[-121.24683,56.04491],[-121.24716,56.04392],[-121.24672,56.04349],[-121.24998,56.03856],[-121.24599,56.03167],[-121.24683,56.03117],[-121.24552,56.02812],[-121.2438,56.02592],[-121.24236,56.02543],[-121.23995,56.02546],[-121.23726,56.0241],[-121.22954,56.0238],[-121.22677,56.02253],[-121.21846,56.02039],[-121.21403,56.02061],[-121.20703,56.02006],[-121.20622,56.02027],[-121.20546,56.02247],[-121.20426,56.02317],[-121.1802,56.0283],[-121.17408,56.02605],[-121.16681,56.0201],[-121.16805,56.01787],[-121.16695,56.01664],[-121.16453,56.01638],[-121.16287,56.01517],[-121.16239,56.01271],[-121.16159,56.01195],[-121.16775,56.00955],[-121.16829,56.00855],[-121.17453,56.0047],[-121.15443,55.9993],[-121.15678,55.99579],[-121.1554,55.99323],[-121.15411,55.99221],[-121.13077,55.99326],[-121.12936,55.99257],[-121.12769,55.99263],[-121.1264,55.99345],[-121.12149,55.99366],[-121.12035,55.99312],[-121.11557,55.99393],[-121.10566,55.99439],[-121.10347,55.99356],[-121.10097,55.99365],[-121.10072,55.99182],[-121.10116,55.99159],[-121.10124,55.99002],[-121.10003,55.9893],[-121.09979,55.98765],[-121.10041,55.98265],[-121.09982,55.98127],[-121.09991,55.97781],[-121.09792,55.97505],[-121.09939,55.97238],[-121.09973,55.97042],[-121.10108,55.96902],[-121.09857,55.96826],[-121.09751,55.96844],[-121.09141,55.96661],[-121.09046,55.96502],[-121.09115,55.96422],[-121.08932,55.96362],[-121.08432,55.95952],[-121.0784,55.95715],[-121.07461,55.95673],[-121.07408,55.95632],[-121.07394,55.95532]]},"properties":{"operator_group":"Other BC operator","is_key_operator":false,"tooltip_title":"Tourmaline Oil Corp.","tooltip_line1":"Tourmaline Oil Corp.","tooltip_line2":"Transmission \u00b7 23.8 km","tooltip_line3":"Project 000024716 seg 1 \u00b7 Active","tooltip_line4":"Authority: ERAA \u00b7 BCER permitted","tooltip_line5":"Post-2016 permits only \u2014 layer is partial","tooltip_line6":""}},{"type":"Feature","geometry":{"type":"LineString","coordinates":[[-121.07394,55.95532],[-121.07218,55.95532]]},"properties":{"operator_group":"Other BC operator","is_key_operator":false,"tooltip_title":"Tourmaline Oil Corp.","tooltip_line1":"Tourmaline Oil Corp.","tooltip_line2":"Transmission \u00b7 0.1 km","tooltip_line3":"Project 000024716 seg 2 \u00b7 Active","tooltip_line4":"Authority: ERAA \u00b7 BCER permitted","tooltip_line5":"Post-2016 permits only \u2014 layer is partial","tooltip_line6":""}},{"type":"Feature","geometry":{"type":"LineString","coordinates":[[-121.01408,56.11341],[-121.01507,56.1138],[-121.01417,56.11409],[-121.01532,56.11586],[-121.02152,56.1227],[-121.02661,56.12127],[-121.03038,56.12106],[-121.03187,56.11979],[-121.07104,56.10875],[-121.0732,56.10904],[-121.08123,56.10694],[-121.09992,56.10598],[-121.10612,56.10324],[-121.11214,56.09636],[-121.16149,56.08227],[-121.16446,56.08282],[-121.16709,56.08169],[-121.1678,56.08049],[-121.2344,56.0617],[-121.23614,56.06262],[-121.24566,56.05986],[-121.25431,56.05919],[-121.25766,56.06131],[-121.26564,56.06116]]},"properties":{"operator_group":"Other BC operator","is_key_operator":false,"tooltip_title":"Tourmaline Oil Corp.","tooltip_line1":"Tourmaline Oil Corp.","tooltip_line2":"Transmission \u00b7 18.7 km","tooltip_line3":"Project 000024801 seg 1 \u00b7 Active","tooltip_line4":"Authority: ERAA \u00b7 BCER permitted","tooltip_line5":"Post-2016 permits only \u2014 layer is partial","tooltip_line6":""}},{"type":"Feature","geometry":{"type":"LineString","coordinates":[[-121.26541,56.06122],[-121.25766,56.06131],[-121.25431,56.05919],[-121.24566,56.05986],[-121.23614,56.06262],[-121.2344,56.0617],[-121.1678,56.08049],[-121.16709,56.08169],[-121.16446,56.08282],[-121.16149,56.08227],[-121.11214,56.09636],[-121.10612,56.10324],[-121.09992,56.10598],[-121.08123,56.10694],[-121.0732,56.10904],[-121.07104,56.10875],[-121.04988,56.11471]]},"properties":{"operator_group":"Other BC operator","is_key_operator":false,"tooltip_title":"Tourmaline Oil Corp.","tooltip_line1":"Tourmaline Oil Corp.","tooltip_line2":"Transmission \u00b7 15.5 km","tooltip_line3":"Project 000024801 seg 2 \u00b7 Active","tooltip_line4":"Authority: ERAA \u00b7 BCER permitted","tooltip_line5":"Post-2016 permits only \u2014 layer is partial","tooltip_line6":""}},{"type":"Feature","geometry":{"type":"LineString","coordinates":[[-121.26541,56.06122],[-121.25766,56.06131],[-121.25431,56.05919],[-121.24566,56.05986],[-121.23614,56.06262],[-121.2344,56.0617],[-121.1678,56.08049],[-121.16709,56.08169],[-121.16446,56.08282],[-121.16149,56.08227],[-121.11214,56.09636],[-121.10612,56.10324],[-121.09992,56.10598],[-121.08123,56.10694],[-121.0732,56.10904],[-121.07104,56.10875],[-121.04988,56.11471]]},"properties":{"operator_group":"Other BC operator","is_key_operator":false,"tooltip_title":"Tourmaline Oil Corp.","tooltip_line1":"Tourmaline Oil Corp.","tooltip_line2":"Transmission \u00b7 15.5 km","tooltip_line3":"Project 000024801 seg 3 \u00b7 Active","tooltip_line4":"Authority: ERAA \u00b7 BCER permitted","tooltip_line5":"Post-2016 permits only \u2014 layer is partial","tooltip_line6":""}},{"type":"Feature","geometry":{"type":"LineString","coordinates":[[-121.04988,56.11471],[-121.03187,56.11979],[-121.03038,56.12106],[-121.02661,56.12127],[-121.02152,56.1227],[-121.01417,56.11409]]},"properties":{"operator_group":"Other BC operator","is_key_operator":false,"tooltip_title":"Tourmaline Oil Corp.","tooltip_line1":"Tourmaline Oil Corp.","tooltip_line2":"Transmission \u00b7 3.1 km","tooltip_line3":"Project 000024801 seg 4 \u00b7 Active","tooltip_line4":"Authority: ERAA \u00b7 BCER permitted","tooltip_line5":"Post-2016 permits only \u2014 layer is partial","tooltip_line6":""}},{"type":"Feature","geometry":{"type":"LineString","coordinates":[[-121.04988,56.11471],[-121.03187,56.11979],[-121.03038,56.12106],[-121.02661,56.12127],[-121.02152,56.1227],[-121.01417,56.11409]]},"properties":{"operator_group":"Other BC operator","is_key_operator":false,"tooltip_title":"Tourmaline Oil Corp.","tooltip_line1":"Tourmaline Oil Corp.","tooltip_line2":"Transmission \u00b7 3.1 km","tooltip_line3":"Project 000024801 seg 5 \u00b7 Active","tooltip_line4":"Authority: ERAA \u00b7 BCER permitted","tooltip_line5":"Post-2016 permits only \u2014 layer is partial","tooltip_line6":""}},{"type":"Feature","geometry":{"type":"LineString","coordinates":[[-121.91877,56.95505],[-121.91912,56.95505],[-121.91878,56.9538],[-121.91929,56.95176],[-121.9206,56.9517]]},"properties":{"operator_group":"Other BC operator","is_key_operator":false,"tooltip_title":"Aitken Creek Gas Storage Ltd.","tooltip_line1":"Aitken Creek Gas Storage Ltd.","tooltip_line2":"Transmission \u00b7 0.5 km","tooltip_line3":"Project 000024806 seg 1 \u00b7 Active","tooltip_line4":"Authority: ERAA \u00b7 BCER permitted","tooltip_line5":"Post-2016 permits only \u2014 layer is partial","tooltip_line6":""}},{"type":"Feature","geometry":{"type":"LineString","coordinates":[[-122.0262,56.30798],[-122.02756,56.30799],[-122.02749,56.30977],[-122.02811,56.31088],[-122.02671,56.31112],[-122.02734,56.31236],[-122.0265,56.31721],[-122.02637,56.33374],[-122.02761,56.33476],[-122.03149,56.33575],[-122.0321,56.33541],[-122.03834,56.33974],[-122.03746,56.34014],[-122.05148,56.34986],[-122.04926,56.35105]]},"properties":{"operator_group":"Other BC operator","is_key_operator":false,"tooltip_title":"Plateau Pipe Line Ltd.","tooltip_line1":"Plateau Pipe Line Ltd.","tooltip_line2":"Transmission \u00b7 5.8 km","tooltip_line3":"Project 000024837 seg 1 \u00b7 Active","tooltip_line4":"Authority: ERAA \u00b7 BCER permitted","tooltip_line5":"Post-2016 permits only \u2014 layer is partial","tooltip_line6":""}},{"type":"Feature","geometry":{"type":"LineString","coordinates":[[-122.0132,56.52607],[-121.96609,56.52827],[-121.92412,56.53144],[-121.85622,56.52834]]},"properties":{"operator_group":"Other BC operator","is_key_operator":false,"tooltip_title":"Plateau Pipe Line Ltd.","tooltip_line1":"Plateau Pipe Line Ltd.","tooltip_line2":"Transmission \u00b7 9.7 km","tooltip_line3":"Project 000024837 seg 3 \u00b7 Active","tooltip_line4":"Authority: ERAA \u00b7 BCER permitted","tooltip_line5":"Post-2016 permits only \u2014 layer is partial","tooltip_line6":""}},{"type":"Feature","geometry":{"type":"LineString","coordinates":[[-120.94751,50.84117],[-120.94825,50.84105]]},"properties":{"operator_group":"Other BC operator","is_key_operator":false,"tooltip_title":"FortisBC Energy Inc.","tooltip_line1":"FortisBC Energy Inc.","tooltip_line2":"Transmission \u00b7 0.0 km","tooltip_line3":"Project 000024865 seg 1 \u00b7 Active","tooltip_line4":"Authority: ERAA \u00b7 BCER permitted","tooltip_line5":"Post-2016 permits only \u2014 layer is partial","tooltip_line6":""}},{"type":"Feature","geometry":{"type":"LineString","coordinates":[[-122.05638,56.34838],[-122.08989,56.34865],[-122.0927,56.35143],[-122.09276,56.35242],[-122.09341,56.3526],[-122.1022,56.38378],[-122.10598,56.38737],[-122.1052,56.38919],[-122.10652,56.42151],[-122.11044,56.4425],[-122.11152,56.44438],[-122.11123,56.44799],[-122.11016,56.45119],[-122.1124,56.46278]]},"properties":{"operator_group":"Other BC operator","is_key_operator":false,"tooltip_title":"Plateau Pipe Line Ltd.","tooltip_line1":"Plateau Pipe Line Ltd.","tooltip_line2":"Transmission \u00b7 14.7 km","tooltip_line3":"Project 000024898 seg 8 \u00b7 Active","tooltip_line4":"Authority: ERAA \u00b7 BCER permitted","tooltip_line5":"Post-2016 permits only \u2014 layer is partial","tooltip_line6":""}},{"type":"Feature","geometry":{"type":"LineString","coordinates":[[-121.76541,56.68198],[-121.76801,56.68131],[-121.77088,56.68345],[-121.76755,56.6863],[-121.76753,56.68806],[-121.77449,56.69433],[-121.81174,56.71075],[-121.81749,56.71718],[-121.82087,56.71908],[-121.85488,56.73156],[-121.85515,56.73222],[-121.85423,56.73234],[-121.85532,56.7356],[-121.86047,56.74708],[-121.86134,56.74791],[-121.86133,56.74997],[-121.86248,56.75151],[-121.85863,56.75249],[-121.89243,56.79289],[-121.94941,56.82225],[-121.95204,56.82452],[-121.95344,56.82471],[-121.95342,56.82513],[-121.95881,56.82995],[-121.96005,56.83035],[-121.96146,56.8316],[-121.96058,56.83212],[-121.96549,56.83462],[-121.97105,56.83943],[-121.97009,56.84187],[-121.97185,56.84208],[-121.97874,56.84929]]},"properties":{"operator_group":"Other BC operator","is_key_operator":false,"tooltip_title":"ConocoPhillips Canada Resources Corp.","tooltip_line1":"ConocoPhillips Canada Resources Corp.","tooltip_line2":"Transmission \u00b7 24.4 km","tooltip_line3":"Project 000024909 seg 1 \u00b7 Active","tooltip_line4":"Authority: ERAA \u00b7 BCER permitted","tooltip_line5":"Post-2016 permits only \u2014 layer is partial","tooltip_line6":""}},{"type":"Feature","geometry":{"type":"LineString","coordinates":[[-121.55058,55.72709],[-121.55144,55.72671],[-121.55158,55.72608],[-121.54884,55.72429],[-121.54881,55.72149],[-121.54776,55.72077],[-121.54754,55.70951],[-121.55096,55.70808],[-121.56546,55.70793],[-121.56612,55.69481],[-121.5674,55.69393],[-121.58504,55.69194],[-121.58744,55.69108],[-121.58761,55.68848],[-121.59121,55.68724],[-121.59625,55.68107],[-121.59737,55.6807],[-121.61093,55.68056],[-121.62277,55.67438],[-121.63251,55.67437],[-121.63428,55.67602],[-121.65753,55.67676],[-121.66285,55.67456],[-121.70027,55.66197],[-121.71024,55.65709],[-121.71128,55.65768],[-121.71585,55.65503],[-121.7188,55.65225],[-121.72071,55.65191],[-121.72331,55.64936],[-121.74388,55.64034],[-121.75078,55.63893],[-121.75977,55.63636],[-121.76303,55.63717],[-121.77002,55.63493],[-121.78707,55.63255],[-121.79046,55.63133],[-121.79156,55.63005],[-121.79309,55.6295],[-121.81129,55.62374],[-121.8275,55.61948]]},"properties":{"operator_group":"Westcoast Energy","is_key_operator":true,"tooltip_title":"Westcoast Energy","tooltip_line1":"Westcoast Energy GP Inc.","tooltip_line2":"Transmission \u00b7 24.6 km","tooltip_line3":"Project 000024934 seg 1 \u00b7 New","tooltip_line4":"Authority: CER \u00b7 BCER permitted","tooltip_line5":"Post-2016 permits only \u2014 layer is partial","tooltip_line6":""}},{"type":"Feature","geometry":{"type":"LineString","coordinates":[[-122.02784,56.81618],[-122.02884,56.81648],[-122.02654,56.81876],[-122.02048,56.81984],[-122.0144,56.82253]]},"properties":{"operator_group":"Other BC operator","is_key_operator":false,"tooltip_title":"PETRONAS Energy Canada Ltd.","tooltip_line1":"PETRONAS Energy Canada Ltd.","tooltip_line2":"Transmission \u00b7 1.2 km","tooltip_line3":"Project 000024991 seg 1 \u00b7 Active","tooltip_line4":"Authority: ERAA \u00b7 BCER permitted","tooltip_line5":"Post-2016 permits only \u2014 layer is partial","tooltip_line6":""}},{"type":"Feature","geometry":{"type":"LineString","coordinates":[[-122.02501,56.30743],[-122.02642,56.30737],[-122.02645,56.30601],[-122.04181,56.30619],[-122.04413,56.30704],[-122.04612,56.30846],[-122.05183,56.30915],[-122.0545,56.3102],[-122.0648,56.31142],[-122.06974,56.30935],[-122.07446,56.3107],[-122.08629,56.31209],[-122.0909,56.31065],[-122.09616,56.31066]]},"properties":{"operator_group":"Other BC operator","is_key_operator":false,"tooltip_title":"Pacific Canbriam Energy Limited","tooltip_line1":"Pacific Canbriam Energy Limited","tooltip_line2":"Transmission \u00b7 4.9 km","tooltip_line3":"Project 000024993 seg 1 \u00b7 Active","tooltip_line4":"Authority: ERAA \u00b7 BCER permitted","tooltip_line5":"Post-2016 permits only \u2014 layer is partial","tooltip_line6":""}},{"type":"Feature","geometry":{"type":"LineString","coordinates":[[-122.11524,56.93336],[-122.09434,56.9441],[-122.09569,56.94491],[-122.09529,56.94675],[-122.08668,56.94848],[-122.07289,56.94835],[-122.06887,56.94726],[-122.06235,56.94737],[-122.05686,56.94919],[-122.05394,56.94937],[-122.04764,56.94911],[-122.04322,56.94762],[-122.02312,56.94803],[-122.01716,56.94943],[-122.01471,56.94951],[-122.0119,56.94861],[-122.00136,56.94885],[-121.92149,56.9531],[-121.92039,56.95325],[-121.9205,56.95426]]},"properties":{"operator_group":"Westcoast Energy","is_key_operator":true,"tooltip_title":"Westcoast Energy","tooltip_line1":"Westcoast Energy GP Inc.","tooltip_line2":"Transmission \u00b7 13.1 km","tooltip_line3":"Project 000025007 seg 1 \u00b7 New","tooltip_line4":"Authority: CER \u00b7 BCER permitted","tooltip_line5":"Post-2016 permits only \u2014 layer is partial","tooltip_line6":""}},{"type":"Feature","geometry":{"type":"LineString","coordinates":[[-122.17847,56.75307],[-122.17929,56.75293],[-122.17817,56.75235],[-122.17915,56.72582],[-122.18263,56.72476],[-122.17916,56.72132],[-122.17503,56.70626],[-122.17003,56.70454],[-122.16278,56.70062],[-122.16237,56.70085],[-122.16144,56.70035],[-122.15218,56.69363],[-122.15486,56.69247],[-122.15823,56.69253]]},"properties":{"operator_group":"Other BC operator","is_key_operator":false,"tooltip_title":"Altagas Holdings Inc.","tooltip_line1":"Altagas Holdings Inc.","tooltip_line2":"Transmission \u00b7 8.0 km","tooltip_line3":"Project 000025057 seg 1 \u00b7 Active","tooltip_line4":"Authority: ERAA \u00b7 BCER permitted","tooltip_line5":"Post-2016 permits only \u2014 layer is partial","tooltip_line6":""}},{"type":"Feature","geometry":{"type":"LineString","coordinates":[[-122.17847,56.75307],[-122.17929,56.75293],[-122.17817,56.75235],[-122.17915,56.72582],[-122.18263,56.72476],[-122.17916,56.72132],[-122.17503,56.70626],[-122.17003,56.70454],[-122.16278,56.70062],[-122.16237,56.70085],[-122.16144,56.70035],[-122.15218,56.69363],[-122.15486,56.69247],[-122.15823,56.69253]]},"properties":{"operator_group":"Other BC operator","is_key_operator":false,"tooltip_title":"Altagas Holdings Inc.","tooltip_line1":"Altagas Holdings Inc.","tooltip_line2":"Transmission \u00b7 8.0 km","tooltip_line3":"Project 000025057 seg 2 \u00b7 Active","tooltip_line4":"Authority: ERAA \u00b7 BCER permitted","tooltip_line5":"Post-2016 permits only \u2014 layer is partial","tooltip_line6":""}},{"type":"Feature","geometry":{"type":"LineString","coordinates":[[-122.15823,56.69253],[-122.15486,56.69247],[-122.15218,56.69363],[-122.16144,56.70035],[-122.16246,56.70032]]},"properties":{"operator_group":"Other BC operator","is_key_operator":false,"tooltip_title":"Altagas Holdings Inc.","tooltip_line1":"Altagas Holdings Inc.","tooltip_line2":"Transmission \u00b7 1.5 km","tooltip_line3":"Project 000025057 seg 3 \u00b7 Active","tooltip_line4":"Authority: ERAA \u00b7 BCER permitted","tooltip_line5":"Post-2016 permits only \u2014 layer is partial","tooltip_line6":""}},{"type":"Feature","geometry":{"type":"LineString","coordinates":[[-120.64987,56.00044],[-120.64866,56.00053],[-120.64866,56.00639],[-120.65103,56.00639],[-120.65239,56.00715],[-120.65594,56.00715],[-120.66154,56.00854],[-120.66155,56.02108],[-120.66372,56.02134],[-120.6637,56.02315],[-120.66525,56.0235],[-120.66525,56.02611],[-120.66463,56.02611],[-120.66454,56.03336],[-120.66707,56.03336],[-120.66708,56.03624],[-120.66299,56.03642],[-120.66299,56.04384],[-120.67421,56.04385],[-120.68158,56.04438],[-120.71367,56.04895],[-120.72515,56.04969],[-120.73785,56.05185],[-120.73831,56.05228]]},"properties":{"operator_group":"Other BC operator","is_key_operator":false,"tooltip_title":"Veresen Midstream General Partner Inc.","tooltip_line1":"Veresen Midstream General Partner Inc.","tooltip_line2":"Transmission \u00b7 11.0 km","tooltip_line3":"Project 000025149 seg 1 \u00b7 Active","tooltip_line4":"Authority: ERAA \u00b7 BCER permitted","tooltip_line5":"Post-2016 permits only \u2014 layer is partial","tooltip_line6":""}},{"type":"Feature","geometry":{"type":"LineString","coordinates":[[-122.17893,56.75331],[-122.17277,56.75669],[-122.1741,56.75861],[-122.16416,56.7607],[-122.16166,56.762],[-122.16233,56.76298],[-122.1616,56.76314],[-122.16174,56.76594],[-122.16052,56.76771]]},"properties":{"operator_group":"Other BC operator","is_key_operator":false,"tooltip_title":"Altagas Holdings Inc.","tooltip_line1":"Altagas Holdings Inc.","tooltip_line2":"Transmission \u00b7 2.3 km","tooltip_line3":"Project 000025163 seg 1 \u00b7 Active","tooltip_line4":"Authority: ERAA \u00b7 BCER permitted","tooltip_line5":"Post-2016 permits only \u2014 layer is partial","tooltip_line6":""}},{"type":"Feature","geometry":{"type":"LineString","coordinates":[[-122.16052,56.76771],[-122.15542,56.7725],[-122.15122,56.77939],[-122.13318,56.78578],[-122.12903,56.78895],[-122.13023,56.79193],[-122.12687,56.7948],[-122.12782,56.79611],[-122.12715,56.79689],[-122.12537,56.79747],[-122.12657,56.79913],[-122.1216,56.8016],[-122.12132,56.80241],[-122.11659,56.80182],[-122.11489,56.80261],[-122.11375,56.80405],[-122.11227,56.80458],[-122.11524,56.80852],[-122.10581,56.81011],[-122.10697,56.81096],[-122.10857,56.81768],[-122.11095,56.81925],[-122.11495,56.82091],[-122.11903,56.82454],[-122.11929,56.83109],[-122.11806,56.83197],[-122.11822,56.83361],[-122.12042,56.83439],[-122.12092,56.83607],[-122.12051,56.83718],[-122.11764,56.84034],[-122.11321,56.84785]]},"properties":{"operator_group":"Other BC operator","is_key_operator":false,"tooltip_title":"Altagas Holdings Inc.","tooltip_line1":"Altagas Holdings Inc.","tooltip_line2":"Transmission \u00b7 11.5 km","tooltip_line3":"Project 000025163 seg 2 \u00b7 Active","tooltip_line4":"Authority: ERAA \u00b7 BCER permitted","tooltip_line5":"Post-2016 permits only \u2014 layer is partial","tooltip_line6":""}},{"type":"Feature","geometry":{"type":"LineString","coordinates":[[-122.11321,56.84785],[-122.11261,56.85011],[-122.11555,56.86227],[-122.1161,56.86249],[-122.1168,56.86561],[-122.11636,56.86689],[-122.11785,56.86951],[-122.11432,56.87178],[-122.11194,56.87401],[-122.10983,56.87476],[-122.11512,56.87908],[-122.11374,56.88283],[-122.11522,56.88496],[-122.11536,56.88732],[-122.11747,56.89057],[-122.11773,56.89352],[-122.11538,56.89499],[-122.11765,56.89825],[-122.11648,56.89977],[-122.11414,56.90813],[-122.1152,56.91193],[-122.11301,56.91601],[-122.1113,56.91703],[-122.10657,56.91885],[-122.10424,56.91875],[-122.10043,56.91693],[-122.0932,56.92107],[-122.09745,56.92345]]},"properties":{"operator_group":"Other BC operator","is_key_operator":false,"tooltip_title":"Altagas Holdings Inc.","tooltip_line1":"Altagas Holdings Inc.","tooltip_line2":"Transmission \u00b7 10.1 km","tooltip_line3":"Project 000025163 seg 3 \u00b7 Active","tooltip_line4":"Authority: ERAA \u00b7 BCER permitted","tooltip_line5":"Post-2016 permits only \u2014 layer is partial","tooltip_line6":""}},{"type":"Feature","geometry":{"type":"LineString","coordinates":[[-121.9002,56.21594],[-121.90479,56.21565],[-121.91032,56.21717],[-121.92859,56.21716],[-121.92913,56.21768],[-121.93779,56.21485],[-121.94132,56.21479],[-121.9444,56.21378],[-121.94531,56.21239],[-121.95386,56.20959],[-121.95508,56.20959],[-121.95695,56.20993],[-121.96122,56.21267],[-121.96675,56.21205],[-121.96986,56.21121],[-121.9731,56.213],[-121.97858,56.21374],[-121.98535,56.2163],[-121.99402,56.21644],[-121.99432,56.21817],[-121.99742,56.21996],[-122.02607,56.22244],[-122.02693,56.22213],[-122.03053,56.22506],[-122.03386,56.22672],[-122.0378,56.22646],[-122.04345,56.22347],[-122.0482,56.22511],[-122.05867,56.22274],[-122.05871,56.22171],[-122.06256,56.22162],[-122.06617,56.22039],[-122.07231,56.22073],[-122.08473,56.21897],[-122.08578,56.21796],[-122.08639,56.2156],[-122.08943,56.21489],[-122.0884,56.21401],[-122.08785,56.2101]]},"properties":{"operator_group":"Other BC operator","is_key_operator":false,"tooltip_title":"ARC Resources Ltd.","tooltip_line1":"ARC Resources Ltd.","tooltip_line2":"Transmission \u00b7 14.3 km","tooltip_line3":"Project 000025169 seg 1 \u00b7 Active","tooltip_line4":"Authority: ERAA \u00b7 BCER permitted","tooltip_line5":"Post-2016 permits only \u2014 layer is partial","tooltip_line6":""}},{"type":"Feature","geometry":{"type":"LineString","coordinates":[[-121.23544,51.23857],[-121.2347,51.23788]]},"properties":{"operator_group":"Westcoast Energy","is_key_operator":true,"tooltip_title":"Westcoast Energy","tooltip_line1":"Westcoast Energy GP Inc.","tooltip_line2":"Transmission \u00b7 0.0 km","tooltip_line3":"Project 000025179 seg 1 \u00b7 New","tooltip_line4":"Authority: CER \u00b7 BCER permitted","tooltip_line5":"Post-2016 permits only \u2014 layer is partial","tooltip_line6":""}},{"type":"Feature","geometry":{"type":"LineString","coordinates":[[-121.07089,51.04745],[-121.07024,51.04673]]},"properties":{"operator_group":"Westcoast Energy","is_key_operator":true,"tooltip_title":"Westcoast Energy","tooltip_line1":"Westcoast Energy GP Inc.","tooltip_line2":"Transmission \u00b7 0.0 km","tooltip_line3":"Project 000025180 seg 1 \u00b7 New","tooltip_line4":"Authority: CER \u00b7 BCER permitted","tooltip_line5":"Post-2016 permits only \u2014 layer is partial","tooltip_line6":""}},{"type":"Feature","geometry":{"type":"LineString","coordinates":[[-121.76451,56.29315],[-121.76093,56.29384],[-121.75651,56.29373],[-121.75651,56.28988],[-121.77,56.28987],[-121.76988,56.27665],[-121.78297,56.27663],[-121.78298,56.27434],[-121.77278,56.26175],[-121.77058,56.26119],[-121.7704,56.25891],[-121.76646,56.25403],[-121.76138,56.25155],[-121.76076,56.24658],[-121.76413,56.23711],[-121.76338,56.23479],[-121.76512,56.23191],[-121.80771,56.23193],[-121.80851,56.23172],[-121.81179,56.2269],[-121.8305,56.22691],[-121.83312,56.2237],[-121.83705,56.22473],[-121.88443,56.22513],[-121.88691,56.22372],[-121.88812,56.21942],[-121.88958,56.21717],[-121.89527,56.21691],[-121.90052,56.21592]]},"properties":{"operator_group":"Other BC operator","is_key_operator":false,"tooltip_title":"ARC Resources Ltd.","tooltip_line1":"ARC Resources Ltd.","tooltip_line2":"Transmission \u00b7 19.2 km","tooltip_line3":"Project 000025187 seg 1 \u00b7 Active","tooltip_line4":"Authority: ERAA \u00b7 BCER permitted","tooltip_line5":"Post-2016 permits only \u2014 layer is partial","tooltip_line6":""}},{"type":"Feature","geometry":{"type":"LineString","coordinates":[[-121.75859,56.68285],[-121.75741,56.68315],[-121.75582,56.68182],[-121.75418,56.68241],[-121.75297,56.6814],[-121.7546,56.68081],[-121.75158,56.67828],[-121.72662,56.6844],[-121.71146,56.67221],[-121.67054,56.65369],[-121.66462,56.64805],[-121.65813,56.65061],[-121.6564,56.64956]]},"properties":{"operator_group":"Other BC operator","is_key_operator":false,"tooltip_title":"Plateau Pipe Line Ltd.","tooltip_line1":"Plateau Pipe Line Ltd.","tooltip_line2":"Transmission \u00b7 8.9 km","tooltip_line3":"Project 000025195 seg 1 \u00b7 Active","tooltip_line4":"Authority: ERAA \u00b7 BCER permitted","tooltip_line5":"Post-2016 permits only \u2014 layer is partial","tooltip_line6":""}},{"type":"Feature","geometry":{"type":"LineString","coordinates":[[-121.75859,56.68285],[-121.75741,56.68315],[-121.75582,56.68182],[-121.75418,56.68241],[-121.75297,56.6814],[-121.7546,56.68081],[-121.75158,56.67828],[-121.72662,56.6844],[-121.71146,56.67221],[-121.67054,56.65369],[-121.66462,56.64805],[-121.65813,56.65061],[-121.6564,56.64956]]},"properties":{"operator_group":"Other BC operator","is_key_operator":false,"tooltip_title":"Plateau Pipe Line Ltd.","tooltip_line1":"Plateau Pipe Line Ltd.","tooltip_line2":"Transmission \u00b7 8.9 km","tooltip_line3":"Project 000025195 seg 2 \u00b7 Active","tooltip_line4":"Authority: ERAA \u00b7 BCER permitted","tooltip_line5":"Post-2016 permits only \u2014 layer is partial","tooltip_line6":""}},{"type":"Feature","geometry":{"type":"LineString","coordinates":[[-121.75859,56.68285],[-121.75741,56.68315],[-121.75582,56.68182],[-121.75418,56.68241],[-121.75297,56.6814],[-121.7546,56.68081],[-121.75158,56.67828],[-121.72662,56.6844],[-121.71146,56.67221],[-121.67054,56.65369],[-121.66462,56.64805],[-121.65813,56.65061],[-121.6564,56.64956]]},"properties":{"operator_group":"Other BC operator","is_key_operator":false,"tooltip_title":"Plateau Pipe Line Ltd.","tooltip_line1":"Plateau Pipe Line Ltd.","tooltip_line2":"Transmission \u00b7 8.9 km","tooltip_line3":"Project 000025195 seg 3 \u00b7 New","tooltip_line4":"Authority: ERAA \u00b7 BCER permitted","tooltip_line5":"Post-2016 permits only \u2014 layer is partial","tooltip_line6":""}},{"type":"Feature","geometry":{"type":"LineString","coordinates":[[-120.73823,56.05207],[-120.73924,56.05242]]},"properties":{"operator_group":"Other BC operator","is_key_operator":false,"tooltip_title":"Veresen Midstream General Partner Inc.","tooltip_line1":"Veresen Midstream General Partner Inc.","tooltip_line2":"Transmission \u00b7 0.1 km","tooltip_line3":"Project 000025234 seg 1 \u00b7 Active","tooltip_line4":"Authority: ERAA \u00b7 BCER permitted","tooltip_line5":"Post-2016 permits only \u2014 layer is partial","tooltip_line6":""}},{"type":"Feature","geometry":{"type":"LineString","coordinates":[[-122.51658,53.14056],[-122.51623,53.13969]]},"properties":{"operator_group":"Westcoast Energy","is_key_operator":true,"tooltip_title":"Westcoast Energy","tooltip_line1":"Westcoast Energy GP Inc.","tooltip_line2":"Transmission \u00b7 0.1 km","tooltip_line3":"Project 000025246 seg 1 \u00b7 New","tooltip_line4":"Authority: CER \u00b7 BCER permitted","tooltip_line5":"Post-2016 permits only \u2014 layer is partial","tooltip_line6":""}},{"type":"Feature","geometry":{"type":"LineString","coordinates":[[-121.9206,52.10524],[-121.92026,52.10457]]},"properties":{"operator_group":"Other BC operator","is_key_operator":false,"tooltip_title":"FortisBC Energy Inc.","tooltip_line1":"FortisBC Energy Inc.","tooltip_line2":"Transmission \u00b7 0.1 km","tooltip_line3":"Project 000025280 seg 1 \u00b7 Active","tooltip_line4":"Authority: ERAA \u00b7 BCER permitted","tooltip_line5":"Post-2016 permits only \u2014 layer is partial","tooltip_line6":""}},{"type":"Feature","geometry":{"type":"LineString","coordinates":[[-121.35191,51.7203],[-121.35253,51.72082]]},"properties":{"operator_group":"Other BC operator","is_key_operator":false,"tooltip_title":"FortisBC Energy Inc.","tooltip_line1":"FortisBC Energy Inc.","tooltip_line2":"Transmission \u00b7 0.1 km","tooltip_line3":"Project 000025294 seg 1 \u00b7 Active","tooltip_line4":"Authority: ERAA \u00b7 BCER permitted","tooltip_line5":"Post-2016 permits only \u2014 layer is partial","tooltip_line6":""}},{"type":"Feature","geometry":{"type":"LineString","coordinates":[[-121.47688,51.81901],[-121.47474,51.81787]]},"properties":{"operator_group":"Other BC operator","is_key_operator":false,"tooltip_title":"FortisBC Energy Inc.","tooltip_line1":"FortisBC Energy Inc.","tooltip_line2":"Transmission \u00b7 0.2 km","tooltip_line3":"Project 000025295 seg 1 \u00b7 Active","tooltip_line4":"Authority: ERAA \u00b7 BCER permitted","tooltip_line5":"Post-2016 permits only \u2014 layer is partial","tooltip_line6":""}},{"type":"Feature","geometry":{"type":"LineString","coordinates":[[-119.50034,49.80168],[-119.49916,49.80165]]},"properties":{"operator_group":"Other BC operator","is_key_operator":false,"tooltip_title":"FortisBC Energy Inc.","tooltip_line1":"FortisBC Energy Inc.","tooltip_line2":"Transmission \u00b7 0.1 km","tooltip_line3":"Project 000025296 seg 1 \u00b7 Active","tooltip_line4":"Authority: ERAA \u00b7 BCER permitted","tooltip_line5":"Post-2016 permits only \u2014 layer is partial","tooltip_line6":""}},{"type":"Feature","geometry":{"type":"LineString","coordinates":[[-120.94751,50.84117],[-120.94759,50.84116]]},"properties":{"operator_group":"Other BC operator","is_key_operator":false,"tooltip_title":"FortisBC Energy Inc.","tooltip_line1":"FortisBC Energy Inc.","tooltip_line2":"Transmission \u00b7 0.0 km","tooltip_line3":"Project 000025297 seg 1 \u00b7 Active","tooltip_line4":"Authority: ERAA \u00b7 BCER permitted","tooltip_line5":"Post-2016 permits only \u2014 layer is partial","tooltip_line6":""}},{"type":"Feature","geometry":{"type":"LineString","coordinates":[[-120.54238,55.78931],[-120.54238,55.7918],[-120.54498,55.79341],[-120.54497,55.80122],[-120.54539,55.80178],[-120.5482,55.8027],[-120.56604,55.80272],[-120.56981,55.80847],[-120.58249,55.81816],[-120.62018,55.81844],[-120.63409,55.82511],[-120.65075,55.82505],[-120.67038,55.81968],[-120.67132,55.81986],[-120.6735,55.81927],[-120.67503,55.81765],[-120.67628,55.81725],[-120.68359,55.81726],[-120.68745,55.81816],[-120.6949,55.8182],[-120.69788,55.81887],[-120.70453,55.81694],[-120.74947,55.81658],[-120.80025,55.81704],[-120.8047,55.81771],[-120.82724,55.81789],[-120.83117,55.81834],[-120.86529,55.81836],[-120.86912,55.81977]]},"properties":{"operator_group":"NGTL (BC extension)","is_key_operator":true,"tooltip_title":"NGTL (BC extension)","tooltip_line1":"NGTL GP Ltd.","tooltip_line2":"Transmission \u00b7 23.5 km","tooltip_line3":"Project 000025360 seg 1 \u00b7 New","tooltip_line4":"Authority: CER \u00b7 BCER permitted","tooltip_line5":"Post-2016 permits only \u2014 layer is partial","tooltip_line6":""}},{"type":"Feature","geometry":{"type":"LineString","coordinates":[[-120.54448,55.78965],[-120.54077,55.78967],[-120.5408,55.78909]]},"properties":{"operator_group":"Other BC operator","is_key_operator":false,"tooltip_title":"Diamond LNG Canada Ltd.","tooltip_line1":"Diamond LNG Canada Ltd.","tooltip_line2":"Transmission \u00b7 0.3 km","tooltip_line3":"Project 000025398 seg 1 \u00b7 Active","tooltip_line4":"Authority: ERAA \u00b7 BCER permitted","tooltip_line5":"Post-2016 permits only \u2014 layer is partial","tooltip_line6":""}},{"type":"Feature","geometry":{"type":"LineString","coordinates":[[-120.54479,55.78965],[-120.52932,55.78979],[-120.524,55.79092]]},"properties":{"operator_group":"Other BC operator","is_key_operator":false,"tooltip_title":"Diamond LNG Canada Ltd.","tooltip_line1":"Diamond LNG Canada Ltd.","tooltip_line2":"Transmission \u00b7 1.3 km","tooltip_line3":"Project 000025399 seg 1 \u00b7 Active","tooltip_line4":"Authority: ERAA \u00b7 BCER permitted","tooltip_line5":"Post-2016 permits only \u2014 layer is partial","tooltip_line6":""}},{"type":"Feature","geometry":{"type":"LineString","coordinates":[[-123.15994,49.71882],[-123.16145,49.71695]]},"properties":{"operator_group":"Other BC operator","is_key_operator":false,"tooltip_title":"FortisBC Energy Inc.","tooltip_line1":"FortisBC Energy Inc.","tooltip_line2":"Transmission \u00b7 0.2 km","tooltip_line3":"Project 000025418 seg 1 \u00b7 New","tooltip_line4":"Authority: ERAA \u00b7 BCER permitted","tooltip_line5":"Post-2016 permits only \u2014 layer is partial","tooltip_line6":""}},{"type":"Feature","geometry":{"type":"LineString","coordinates":[[-123.16145,49.71695],[-123.18087,49.69293],[-123.1839,49.6905],[-123.18691,49.6892],[-123.24605,49.67035]]},"properties":{"operator_group":"Other BC operator","is_key_operator":false,"tooltip_title":"FortisBC Energy Inc.","tooltip_line1":"FortisBC Energy Inc.","tooltip_line2":"Transmission \u00b7 8.4 km","tooltip_line3":"Project 000025418 seg 2 \u00b7 New","tooltip_line4":"Authority: ERAA \u00b7 BCER permitted","tooltip_line5":"Post-2016 permits only \u2014 layer is partial","tooltip_line6":""}},{"type":"Feature","geometry":{"type":"LineString","coordinates":[[-123.24605,49.67035],[-123.24834,49.6696]]},"properties":{"operator_group":"Other BC operator","is_key_operator":false,"tooltip_title":"FortisBC Energy Inc.","tooltip_line1":"FortisBC Energy Inc.","tooltip_line2":"Transmission \u00b7 0.2 km","tooltip_line3":"Project 000025418 seg 3 \u00b7 New","tooltip_line4":"Authority: ERAA \u00b7 BCER permitted","tooltip_line5":"Post-2016 permits only \u2014 layer is partial","tooltip_line6":""}},{"type":"Feature","geometry":{"type":"LineString","coordinates":[[-123.15996,49.71883],[-123.16147,49.71696]]},"properties":{"operator_group":"Other BC operator","is_key_operator":false,"tooltip_title":"FortisBC Energy Inc.","tooltip_line1":"FortisBC Energy Inc.","tooltip_line2":"Transmission \u00b7 0.1 km","tooltip_line3":"Project 000025418 seg 4 \u00b7 New","tooltip_line4":"Authority: ERAA \u00b7 BCER permitted","tooltip_line5":"Post-2016 permits only \u2014 layer is partial","tooltip_line6":""}},{"type":"Feature","geometry":{"type":"LineString","coordinates":[[-123.16147,49.71696],[-123.1809,49.69294],[-123.18391,49.69051],[-123.24606,49.67036]]},"properties":{"operator_group":"Other BC operator","is_key_operator":false,"tooltip_title":"FortisBC Energy Inc.","tooltip_line1":"FortisBC Energy Inc.","tooltip_line2":"Transmission \u00b7 8.4 km","tooltip_line3":"Project 000025418 seg 5 \u00b7 New","tooltip_line4":"Authority: ERAA \u00b7 BCER permitted","tooltip_line5":"Post-2016 permits only \u2014 layer is partial","tooltip_line6":""}},{"type":"Feature","geometry":{"type":"LineString","coordinates":[[-123.24607,49.67036],[-123.24836,49.66962]]},"properties":{"operator_group":"Other BC operator","is_key_operator":false,"tooltip_title":"FortisBC Energy Inc.","tooltip_line1":"FortisBC Energy Inc.","tooltip_line2":"Transmission \u00b7 0.2 km","tooltip_line3":"Project 000025418 seg 6 \u00b7 New","tooltip_line4":"Authority: ERAA \u00b7 BCER permitted","tooltip_line5":"Post-2016 permits only \u2014 layer is partial","tooltip_line6":""}},{"type":"Feature","geometry":{"type":"LineString","coordinates":[[-123.25408,49.67119],[-123.25261,49.66959],[-123.25058,49.66908]]},"properties":{"operator_group":"Other BC operator","is_key_operator":false,"tooltip_title":"FortisBC Energy Inc.","tooltip_line1":"FortisBC Energy Inc.","tooltip_line2":"Transmission \u00b7 0.4 km","tooltip_line3":"Project 000025418 seg 7 \u00b7 New","tooltip_line4":"Authority: ERAA \u00b7 BCER permitted","tooltip_line5":"Post-2016 permits only \u2014 layer is partial","tooltip_line6":""}},{"type":"Feature","geometry":{"type":"LineString","coordinates":[[-123.24836,49.66962],[-123.25223,49.66949],[-123.25383,49.67094]]},"properties":{"operator_group":"Other BC operator","is_key_operator":false,"tooltip_title":"FortisBC Energy Inc.","tooltip_line1":"FortisBC Energy Inc.","tooltip_line2":"Transmission \u00b7 0.5 km","tooltip_line3":"Project 000025418 seg 8 \u00b7 New","tooltip_line4":"Authority: ERAA \u00b7 BCER permitted","tooltip_line5":"Post-2016 permits only \u2014 layer is partial","tooltip_line6":""}},{"type":"Feature","geometry":{"type":"LineString","coordinates":[[-123.24834,49.6696],[-123.24989,49.66927]]},"properties":{"operator_group":"Other BC operator","is_key_operator":false,"tooltip_title":"FortisBC Energy Inc.","tooltip_line1":"FortisBC Energy Inc.","tooltip_line2":"Transmission \u00b7 0.1 km","tooltip_line3":"Project 000025418 seg 9 \u00b7 New","tooltip_line4":"Authority: ERAA \u00b7 BCER permitted","tooltip_line5":"Post-2016 permits only \u2014 layer is partial","tooltip_line6":""}},{"type":"Feature","geometry":{"type":"LineString","coordinates":[[-122.09643,56.92394],[-122.0975,56.92304],[-122.09798,56.92325],[-122.09911,56.92264],[-122.09808,56.9221],[-122.0988,56.922]]},"properties":{"operator_group":"Other BC operator","is_key_operator":false,"tooltip_title":"Plateau Pipe Line Ltd.","tooltip_line1":"Plateau Pipe Line Ltd.","tooltip_line2":"Transmission \u00b7 0.4 km","tooltip_line3":"Project 000025427 seg 1 \u00b7 Active","tooltip_line4":"Authority: ERAA \u00b7 BCER permitted","tooltip_line5":"Post-2016 permits only \u2014 layer is partial","tooltip_line6":""}},{"type":"Feature","geometry":{"type":"LineString","coordinates":[[-120.86691,55.81314],[-120.86867,55.81314]]},"properties":{"operator_group":"Other BC operator","is_key_operator":false,"tooltip_title":"PETRONAS Energy Canada Ltd.","tooltip_line1":"PETRONAS Energy Canada Ltd.","tooltip_line2":"Transmission \u00b7 0.1 km","tooltip_line3":"Project 000025443 seg 1 \u00b7 Active","tooltip_line4":"Authority: ERAA \u00b7 BCER permitted","tooltip_line5":"Post-2016 permits only \u2014 layer is partial","tooltip_line6":""}},{"type":"Feature","geometry":{"type":"LineString","coordinates":[[-120.86867,55.81314],[-120.87005,55.81281],[-120.87005,55.81002],[-120.88711,55.80993],[-120.88763,55.80963],[-120.88758,55.80238]]},"properties":{"operator_group":"Other BC operator","is_key_operator":false,"tooltip_title":"PETRONAS Energy Canada Ltd.","tooltip_line1":"PETRONAS Energy Canada Ltd.","tooltip_line2":"Transmission \u00b7 2.3 km","tooltip_line3":"Project 000025443 seg 2 \u00b7 Active","tooltip_line4":"Authority: ERAA \u00b7 BCER permitted","tooltip_line5":"Post-2016 permits only \u2014 layer is partial","tooltip_line6":""}},{"type":"Feature","geometry":{"type":"LineString","coordinates":[[-122.23773,56.98377],[-122.23967,56.98386],[-122.24351,56.98656],[-122.24481,56.98867],[-122.25126,56.9883],[-122.25139,56.98894],[-122.25095,56.98897]]},"properties":{"operator_group":"Other BC operator","is_key_operator":false,"tooltip_title":"PETRONAS Energy Canada Ltd.","tooltip_line1":"PETRONAS Energy Canada Ltd.","tooltip_line2":"Transmission \u00b7 1.3 km","tooltip_line3":"Project 000025446 seg 1 \u00b7 Active","tooltip_line4":"Authority: ERAA \u00b7 BCER permitted","tooltip_line5":"Post-2016 permits only \u2014 layer is partial","tooltip_line6":""}},{"type":"Feature","geometry":{"type":"LineString","coordinates":[[-120.89386,55.92954],[-120.89431,55.92835],[-120.89363,55.9276],[-120.89372,55.92692]]},"properties":{"operator_group":"Other BC operator","is_key_operator":false,"tooltip_title":"Shell Canada Limited","tooltip_line1":"Shell Canada Limited","tooltip_line2":"Transmission \u00b7 0.3 km","tooltip_line3":"Project 000025488 seg 1 \u00b7 Active","tooltip_line4":"Authority: ERAA \u00b7 BCER permitted","tooltip_line5":"Post-2016 permits only \u2014 layer is partial","tooltip_line6":""}},{"type":"Feature","geometry":{"type":"LineString","coordinates":[[-120.89372,55.92692],[-120.88965,55.92654],[-120.88744,55.92569],[-120.8877,55.92169],[-120.87738,55.90598],[-120.8777,55.90564],[-120.87656,55.90477],[-120.87482,55.9021],[-120.87568,55.90072],[-120.87358,55.89731],[-120.88601,55.88935],[-120.88602,55.88493],[-120.88719,55.88432],[-120.88782,55.8789],[-120.88672,55.8782],[-120.8882,55.86278],[-120.88734,55.85875],[-120.88746,55.85262],[-120.89398,55.84632],[-120.89397,55.84445],[-120.89142,55.84302],[-120.89138,55.83908],[-120.89226,55.83829],[-120.88871,55.83599],[-120.88729,55.82691],[-120.88279,55.81932],[-120.88214,55.81255],[-120.88045,55.81255]]},"properties":{"operator_group":"Other BC operator","is_key_operator":false,"tooltip_title":"Shell Canada Limited","tooltip_line1":"Shell Canada Limited","tooltip_line2":"Transmission \u00b7 14.0 km","tooltip_line3":"Project 000025488 seg 2 \u00b7 Active","tooltip_line4":"Authority: ERAA \u00b7 BCER permitted","tooltip_line5":"Post-2016 permits only \u2014 layer is partial","tooltip_line6":""}},{"type":"Feature","geometry":{"type":"LineString","coordinates":[[-121.07282,55.96247],[-121.06833,55.96422],[-121.06502,55.96628],[-121.05567,55.96157],[-121.05092,55.96242],[-121.03612,55.96256],[-121.01398,55.96202],[-120.99258,55.94294],[-120.95453,55.94168],[-120.9367,55.9327],[-120.92275,55.93318],[-120.90488,55.92932],[-120.90154,55.92914],[-120.89542,55.92702],[-120.89351,55.92688]]},"properties":{"operator_group":"Other BC operator","is_key_operator":false,"tooltip_title":"Shell Canada Limited","tooltip_line1":"Shell Canada Limited","tooltip_line2":"Transmission \u00b7 13.3 km","tooltip_line3":"Project 000025535 seg 1 \u00b7 Active","tooltip_line4":"Authority: ERAA \u00b7 BCER permitted","tooltip_line5":"Post-2016 permits only \u2014 layer is partial","tooltip_line6":""}},{"type":"Feature","geometry":{"type":"LineString","coordinates":[[-116.03443,49.1281],[-116.03426,49.1263],[-116.03367,49.12554],[-116.0347,49.12378],[-116.0379,49.12111],[-116.03803,49.11977],[-116.0413,49.11568],[-116.04207,49.11244],[-116.05109,49.10668],[-116.05496,49.1019],[-116.05702,49.10121],[-116.06271,49.09804],[-116.06335,49.09725],[-116.06991,49.09338],[-116.07549,49.08855],[-116.07691,49.08664],[-116.07894,49.08601],[-116.07884,49.08503],[-116.08006,49.08307],[-116.08906,49.07631],[-116.09383,49.07459],[-116.09831,49.07104],[-116.10232,49.06977],[-116.10461,49.06977],[-116.10705,49.06872],[-116.11185,49.06902],[-116.12023,49.06796],[-116.12101,49.06714],[-116.12554,49.06716],[-116.12911,49.06766],[-116.13082,49.06843],[-116.13593,49.06795],[-116.1408,49.06593],[-116.14746,49.06104]]},"properties":{"operator_group":"Foothills South BC","is_key_operator":true,"tooltip_title":"Foothills South BC","tooltip_line1":"Foothills Pipe Lines (South B.C.) Ltd.","tooltip_line2":"Transmission \u00b7 12.5 km","tooltip_line3":"Project 000025787 seg 1 \u00b7 New","tooltip_line4":"Authority: CER \u00b7 BCER permitted","tooltip_line5":"Post-2016 permits only \u2014 layer is partial","tooltip_line6":""}},{"type":"Feature","geometry":{"type":"LineString","coordinates":[[-114.81316,49.51703],[-114.81347,49.51601],[-114.81425,49.51598],[-114.81485,49.51423],[-114.81367,49.51022],[-114.81107,49.50562],[-114.80766,49.50216],[-114.80406,49.50071],[-114.79965,49.49795],[-114.79846,49.49798],[-114.7971,49.49427],[-114.79465,49.49306],[-114.79345,49.49131],[-114.79137,49.48949],[-114.79096,49.48383],[-114.78886,49.47769],[-114.78671,49.47523],[-114.78557,49.47227],[-114.78079,49.46955],[-114.77615,49.46469],[-114.76975,49.46072],[-114.76853,49.45905],[-114.77138,49.45583],[-114.77321,49.45436],[-114.77405,49.45422],[-114.77423,49.4497],[-114.77713,49.44758],[-114.78793,49.44579],[-114.79518,49.44632],[-114.80023,49.44533],[-114.80181,49.4413],[-114.80634,49.43829],[-114.80957,49.43503],[-114.81395,49.43304],[-114.81935,49.43192],[-114.82963,49.42779],[-114.83388,49.42771],[-114.83535,49.42679],[-114.83608,49.42492],[-114.84161,49.41913],[-114.84961,49.40443],[-114.85338,49.39512],[-114.85662,49.39162],[-114.8591,49.38678],[-114.86253,49.3793],[-114.87452,49.34848],[-114.87564,49.339],[-114.87178,49.33727],[-114.86839,49.33665],[-114.86771,49.33587],[-114.8674,49.33359],[-114.86591,49.33153],[-114.87665,49.32537],[-114.87675,49.32437],[-114.87788,49.32319],[-114.87702,49.3211],[-114.87716,49.32038],[-114.88,49.31705],[-114.88184,49.31587],[-114.88389,49.31549],[-114.89913,49.31792],[-114.90344,49.31802],[-114.91522,49.32077],[-114.9235,49.31903]]},"properties":{"operator_group":"Foothills South BC","is_key_operator":true,"tooltip_title":"Foothills South BC","tooltip_line1":"Foothills Pipe Lines (South B.C.) Ltd.","tooltip_line2":"Transmission \u00b7 31.9 km","tooltip_line3":"Project 000025830 seg 1 \u00b7 New","tooltip_line4":"Authority: CER \u00b7 BCER permitted","tooltip_line5":"Post-2016 permits only \u2014 layer is partial","tooltip_line6":""}},{"type":"Feature","geometry":{"type":"LineString","coordinates":[[-122.8205,49.51951],[-122.826,49.52229],[-122.83266,49.52292],[-122.83565,49.524],[-122.85019,49.52409],[-122.86735,49.5201],[-122.87127,49.51874],[-122.87357,49.51883],[-122.88156,49.51603],[-122.88417,49.51693],[-122.88705,49.51874],[-122.891,49.52603],[-122.89333,49.52751],[-122.89958,49.52831],[-122.90108,49.5271],[-122.90592,49.52732],[-122.91008,49.53354],[-122.91256,49.53821],[-122.91259,49.54142],[-122.91468,49.54274],[-122.91548,49.54489],[-122.91957,49.54779],[-122.92077,49.5492],[-122.92356,49.5508],[-122.92618,49.55402],[-122.92782,49.55447],[-122.93002,49.55653],[-122.93152,49.55876],[-122.93545,49.55993],[-122.939,49.56254],[-122.94442,49.56829],[-122.94674,49.5698],[-122.95162,49.57601],[-122.9542,49.58053],[-122.95384,49.58129],[-122.95463,49.58333],[-122.95787,49.58542],[-122.95888,49.58713],[-122.96422,49.59197],[-122.96744,49.59341],[-122.9732,49.59803],[-122.98236,49.60398],[-122.98442,49.60571],[-122.98508,49.60684],[-122.98979,49.61047],[-122.98973,49.61087],[-122.99922,49.61768],[-123.00002,49.61863],[-123.00182,49.62315],[-123.00749,49.62755],[-123.00995,49.62851],[-123.01614,49.63297],[-123.02148,49.63567],[-123.02593,49.63732],[-123.02746,49.63694],[-123.03362,49.63949],[-123.03584,49.6412],[-123.03658,49.64197],[-123.03694,49.64357],[-123.03999,49.64514],[-123.04113,49.6494],[-123.04255,49.65239],[-123.04864,49.65526],[-123.05346,49.6616],[-123.06632,49.66663],[-123.07196,49.6712],[-123.07346,49.67339],[-123.07614,49.67545],[-123.07827,49.67844],[-123.08144,49.6808],[-123.08395,49.68653],[-123.08595,49.69556],[-123.08823,49.69762],[-123.09057,49.6982],[-123.09267,49.70008],[-123.09462,49.70368],[-123.09598,49.70496]]},"properties":{"operator_group":"Other BC operator","is_key_operator":false,"tooltip_title":"FortisBC Energy Inc.","tooltip_line1":"FortisBC Energy Inc.","tooltip_line2":"Transmission \u00b7 33.8 km","tooltip_line3":"Project 000025844 seg 1 \u00b7 Active","tooltip_line4":"Authority: ERAA \u00b7 BCER permitted","tooltip_line5":"Post-2016 permits only \u2014 layer is partial","tooltip_line6":""}},{"type":"Feature","geometry":{"type":"LineString","coordinates":[[-123.09598,49.70496],[-123.09782,49.7067],[-123.09838,49.70828],[-123.09962,49.70915],[-123.10071,49.70844],[-123.10474,49.70938],[-123.11282,49.70856],[-123.11569,49.70909],[-123.1172,49.71068],[-123.11914,49.71166],[-123.12465,49.71321],[-123.131,49.71625],[-123.13243,49.71647],[-123.13288,49.71823],[-123.15952,49.71832],[-123.15962,49.71894]]},"properties":{"operator_group":"Other BC operator","is_key_operator":false,"tooltip_title":"FortisBC Energy Inc.","tooltip_line1":"FortisBC Energy Inc.","tooltip_line2":"Transmission \u00b7 4.9 km","tooltip_line3":"Project 000025844 seg 2 \u00b7 New","tooltip_line4":"Authority: ERAA \u00b7 BCER permitted","tooltip_line5":"Post-2016 permits only \u2014 layer is partial","tooltip_line6":""}},{"type":"Feature","geometry":{"type":"LineString","coordinates":[[-121.07151,55.9557],[-121.07008,55.9555],[-121.06097,55.95113],[-121.05302,55.95023],[-121.05047,55.94799],[-121.04541,55.94557],[-121.03732,55.94014],[-121.01801,55.93162],[-121.00508,55.92695],[-121.00352,55.91972],[-120.99473,55.9147],[-120.98978,55.90391],[-120.98637,55.89441],[-120.98881,55.88972],[-120.98839,55.88642],[-120.98995,55.88117],[-120.98667,55.88065],[-120.97009,55.86933],[-120.96438,55.86658],[-120.96013,55.86613],[-120.95477,55.86189],[-120.9475,55.86153],[-120.93434,55.85536],[-120.93389,55.85303],[-120.92799,55.84069],[-120.92795,55.83796],[-120.92751,55.8374],[-120.90692,55.8359],[-120.90224,55.83631],[-120.88991,55.83603],[-120.88909,55.83537],[-120.88773,55.82665],[-120.86955,55.82664],[-120.86932,55.82002]]},"properties":{"operator_group":"NGTL (BC extension)","is_key_operator":true,"tooltip_title":"NGTL (BC extension)","tooltip_line1":"NGTL GP Ltd.","tooltip_line2":"Transmission \u00b7 22.9 km","tooltip_line3":"Project 000025927 seg 1 \u00b7 New","tooltip_line4":"Authority: CER \u00b7 BCER permitted","tooltip_line5":"Post-2016 permits only \u2014 layer is partial","tooltip_line6":""}},{"type":"Feature","geometry":{"type":"LineString","coordinates":[[-120.87969,55.81225],[-120.87925,55.81129],[-120.87168,55.81129],[-120.87169,55.812],[-120.86597,55.812],[-120.86098,55.81199],[-120.85798,55.81127],[-120.83159,55.81126],[-120.83155,55.80783],[-120.82827,55.80582],[-120.79237,55.80642],[-120.78615,55.80573],[-120.78188,55.80601],[-120.77877,55.80532],[-120.77075,55.80544],[-120.76912,55.80644],[-120.75647,55.80662],[-120.75546,55.80566],[-120.74505,55.8058],[-120.7425,55.80732],[-120.73641,55.80731],[-120.73525,55.80666],[-120.73524,55.80406],[-120.73427,55.80352],[-120.67947,55.80344],[-120.67659,55.80495],[-120.66656,55.80496],[-120.66608,55.80523],[-120.66605,55.80955],[-120.6634,55.80962]]},"properties":{"operator_group":"Other BC operator","is_key_operator":false,"tooltip_title":"Shell Canada Limited","tooltip_line1":"Shell Canada Limited","tooltip_line2":"Transmission \u00b7 15.4 km","tooltip_line3":"Project 000025992 seg 1 \u00b7 Active","tooltip_line4":"Authority: ERAA \u00b7 BCER permitted","tooltip_line5":"Post-2016 permits only \u2014 layer is partial","tooltip_line6":""}},{"type":"Feature","geometry":{"type":"LineString","coordinates":[[-122.61773,54.28833],[-122.61806,54.28727],[-122.62814,54.27751],[-122.64694,54.27181],[-122.65103,54.26921],[-122.65443,54.26925],[-122.6637,54.26634],[-122.6658,54.26494],[-122.66603,54.26403],[-122.66696,54.26316],[-122.671,54.26233],[-122.67908,54.25612],[-122.68243,54.25456],[-122.70578,54.25467],[-122.71032,54.25395],[-122.712,54.25277],[-122.72073,54.24928],[-122.72905,54.24875],[-122.73196,54.24759],[-122.73291,54.24648],[-122.74262,54.24379],[-122.75256,54.24311],[-122.75812,54.24195],[-122.76145,54.24193],[-122.76537,54.23977],[-122.78529,54.23821],[-122.79346,54.23537],[-122.81837,54.23283],[-122.85721,54.23458],[-122.89467,54.23174],[-122.90185,54.23202],[-122.90453,54.23103],[-122.92481,54.2278],[-122.95774,54.22458],[-123.00032,54.21827],[-123.00804,54.21533],[-123.04509,54.21246],[-123.05495,54.2096],[-123.07224,54.21136],[-123.0805,54.2178],[-123.0822,54.21838],[-123.1535,54.20207],[-123.17918,54.20084],[-123.19121,54.19938],[-123.23052,54.19704],[-123.26075,54.18568],[-123.2677,54.18415],[-123.30979,54.1804],[-123.31389,54.18166],[-123.32767,54.17925],[-123.33391,54.17736],[-123.38271,54.17344],[-123.39221,54.17329],[-123.43609,54.17949],[-123.45364,54.18087],[-123.45703,54.18267],[-123.46267,54.18387],[-123.46927,54.18893],[-123.47599,54.18732],[-123.4824,54.18701],[-123.48495,54.18565],[-123.48911,54.18573],[-123.49076,54.18783],[-123.49236,54.18819],[-123.50436,54.18677],[-123.50892,54.18718],[-123.52224,54.18626],[-123.53019,54.18707],[-123.53939,54.18562],[-123.54149,54.1849],[-123.54671,54.1844],[-123.55227,54.18084],[-123.57424,54.18104],[-123.59512,54.17771],[-123.59854,54.1781],[-123.60179,54.17736],[-123.60331,54.17639],[-123.62093,54.17358],[-123.62821,54.17575],[-123.64143,54.17534],[-123.65888,54.16941],[-123.66304,54.1674],[-123.66421,54.1662],[-123.66675,54.16552],[-123.70052,54.16217],[-123.71574,54.16116],[-123.72842,54.15964],[-123.75089,54.15796],[-123.75303,54.15696],[-123.76181,54.15696],[-123.80902,54.15202],[-123.81369,54.15345],[-123.82747,54.15233],[-123.8402,54.15368],[-123.87712,54.15498],[-123.88069,54.15644],[-123.90796,54.15651],[-123.92681,54.15334],[-123.92783,54.15274],[-123.92891,54.14986],[-123.92968,54.14932],[-123.93592,54.14802],[-123.94657,54.14686],[-123.95536,54.14691],[-123.97125,54.1436],[-123.99128,54.14373],[-124.01965,54.14477],[-124.02232,54.14364],[-124.05276,54.13946],[-124.0617,54.14078],[-124.08103,54.1387],[-124.12726,54.13206],[-124.1344,54.13319],[-124.14551,54.13079],[-124.15678,54.13033]]},"properties":{"operator_group":"Other BC operator","is_key_operator":false,"tooltip_title":"Pacific Northern Gas Ltd.","tooltip_line1":"Pacific Northern Gas Ltd.","tooltip_line2":"Transmission \u00b7 107.3 km","tooltip_line3":"Project 000026021 seg 1 \u00b7 Active","tooltip_line4":"Authority: ERAA \u00b7 BCER permitted","tooltip_line5":"Post-2016 permits only \u2014 layer is partial","tooltip_line6":""}},{"type":"Feature","geometry":{"type":"LineString","coordinates":[[-124.15678,54.13033],[-124.22197,54.12957],[-124.22866,54.1291],[-124.2319,54.128],[-124.26284,54.12769],[-124.32629,54.12508],[-124.33275,54.12526],[-124.33403,54.12629],[-124.35836,54.1325],[-124.36077,54.13256],[-124.36445,54.13164],[-124.39092,54.13145],[-124.40889,54.13077],[-124.41242,54.1314],[-124.42689,54.13163],[-124.43499,54.13121],[-124.43714,54.13044],[-124.46431,54.12952],[-124.50165,54.12415],[-124.50558,54.12398],[-124.54618,54.11856],[-124.57676,54.11377],[-124.58343,54.1134],[-124.59226,54.112],[-124.60948,54.11142],[-124.61206,54.11213],[-124.62384,54.11164],[-124.62553,54.11063],[-124.62787,54.11041],[-124.62938,54.10967],[-124.63475,54.1093],[-124.63973,54.11036],[-124.6507,54.11031],[-124.65369,54.11163],[-124.65817,54.11168],[-124.66533,54.11461],[-124.6813,54.11428],[-124.6941,54.11567],[-124.70277,54.11401],[-124.7221,54.11342],[-124.72878,54.10968],[-124.74869,54.10992],[-124.76969,54.10893],[-124.77068,54.10856],[-124.77138,54.10727],[-124.77269,54.1062],[-124.80423,54.11011],[-124.82927,54.11016],[-124.84053,54.10382],[-124.8418,54.1035],[-124.85226,54.10205],[-124.87398,54.10408],[-124.90261,54.09999],[-124.9082,54.09859],[-124.90976,54.09669],[-124.91259,54.09557],[-124.91645,54.09495],[-124.92519,54.09526],[-124.92712,54.0962],[-124.93053,54.09686],[-124.9402,54.09393],[-124.97438,54.09055],[-124.98382,54.09012],[-124.98498,54.09014],[-124.99156,54.09261],[-124.99488,54.09257],[-124.99882,54.09134],[-125.00309,54.09142],[-125.02291,54.09361],[-125.02947,54.09377],[-125.03554,54.09332],[-125.04061,54.09214],[-125.04449,54.09199],[-125.04601,54.09139],[-125.04879,54.09184],[-125.06481,54.09103],[-125.06892,54.09202],[-125.07629,54.08995],[-125.08596,54.09381],[-125.0922,54.09406],[-125.09919,54.09551],[-125.10574,54.09992],[-125.10837,54.10079],[-125.11441,54.10416],[-125.12461,54.10758],[-125.12818,54.11217],[-125.13485,54.1125],[-125.14135,54.11418],[-125.14431,54.11733],[-125.17597,54.12815],[-125.19091,54.13411],[-125.19336,54.13568],[-125.20064,54.13558],[-125.21436,54.14074],[-125.21838,54.14008],[-125.22553,54.14235],[-125.2528,54.15935],[-125.26009,54.15932],[-125.26266,54.16018],[-125.26508,54.16245],[-125.2695,54.16293],[-125.27806,54.16594],[-125.27909,54.16673],[-125.29419,54.17184],[-125.29636,54.17325],[-125.3014,54.1744],[-125.306,54.17638],[-125.31777,54.17988],[-125.32051,54.1819],[-125.33456,54.18643],[-125.3445,54.19068],[-125.35309,54.19763],[-125.35848,54.20008],[-125.36932,54.20248],[-125.42757,54.22008],[-125.43079,54.22192],[-125.45271,54.23071],[-125.48325,54.24233],[-125.49152,54.24418],[-125.49509,54.24639],[-125.49664,54.24665],[-125.50114,54.2462],[-125.53593,54.25397],[-125.57707,54.26386],[-125.59785,54.26766],[-125.60291,54.26615],[-125.61553,54.26799],[-125.63697,54.27376],[-125.63934,54.27707],[-125.64216,54.27944],[-125.65405,54.28165],[-125.67416,54.28832],[-125.68541,54.28989],[-125.69532,54.28959],[-125.69747,54.29115],[-125.70642,54.29251],[-125.74178,54.30377],[-125.74994,54.30378]]},"properties":{"operator_group":"Other BC operator","is_key_operator":false,"tooltip_title":"Pacific Northern Gas Ltd.","tooltip_line1":"Pacific Northern Gas Ltd.","tooltip_line2":"Transmission \u00b7 114.3 km","tooltip_line3":"Project 000026023 seg 1 \u00b7 Active","tooltip_line4":"Authority: ERAA \u00b7 BCER permitted","tooltip_line5":"Post-2016 permits only \u2014 layer is partial","tooltip_line6":""}},{"type":"Feature","geometry":{"type":"LineString","coordinates":[[-125.74994,54.30378],[-125.75402,54.30378],[-125.75631,54.30516],[-125.76774,54.30836],[-125.76877,54.3091],[-125.83246,54.32672],[-125.83847,54.33028],[-125.84426,54.33175],[-125.85065,54.33133],[-125.85598,54.33313],[-125.85661,54.33402],[-125.85806,54.3346],[-125.86339,54.33536],[-125.87205,54.33806],[-125.87791,54.341],[-125.89013,54.34127],[-125.89365,54.34008],[-125.918,54.34155],[-125.92827,54.34352],[-125.93329,54.34368],[-125.93617,54.34479],[-125.94192,54.34535],[-125.94972,54.34705],[-125.95491,54.34688],[-125.96029,54.34975],[-125.97163,54.35283],[-126.00852,54.35577],[-126.01233,54.35885],[-126.01499,54.35918],[-126.01855,54.36087],[-126.02469,54.36052],[-126.0321,54.36244],[-126.06426,54.36036],[-126.06795,54.35939],[-126.11685,54.36331],[-126.12346,54.36218],[-126.13571,54.36388],[-126.1466,54.36396],[-126.15709,54.36669],[-126.1755,54.36826],[-126.17774,54.36814],[-126.17959,54.36736],[-126.18239,54.36746],[-126.20604,54.36896],[-126.21128,54.37019],[-126.21451,54.36983],[-126.23914,54.3715],[-126.25232,54.37375],[-126.25723,54.37659],[-126.29831,54.38722],[-126.30785,54.38932],[-126.31542,54.38858],[-126.35177,54.39791],[-126.35674,54.398],[-126.35861,54.39872],[-126.36161,54.40091],[-126.36355,54.40119],[-126.38204,54.39752],[-126.3902,54.39683],[-126.39335,54.39835],[-126.41485,54.39793],[-126.41922,54.39949],[-126.4215,54.40252],[-126.42671,54.40443],[-126.4308,54.40413],[-126.44071,54.40642],[-126.44521,54.40659],[-126.45438,54.40844],[-126.47456,54.41512],[-126.48099,54.42143],[-126.49412,54.42542],[-126.52876,54.43915],[-126.53566,54.43997],[-126.54971,54.43993],[-126.5626,54.44098],[-126.5632,54.44129],[-126.56486,54.44534],[-126.5687,54.44608],[-126.57048,54.44697],[-126.57265,54.45148],[-126.5885,54.45397],[-126.59585,54.45642],[-126.60267,54.4565],[-126.60498,54.45831],[-126.6342,54.46887],[-126.63611,54.47015],[-126.6524,54.47557],[-126.65785,54.47801],[-126.65909,54.47942],[-126.66376,54.48115],[-126.66573,54.48335],[-126.67185,54.48567],[-126.6888,54.49622],[-126.70768,54.49852],[-126.71319,54.49836],[-126.71487,54.50101],[-126.7274,54.50785],[-126.76765,54.52581],[-126.7693,54.52587],[-126.77244,54.52941],[-126.77864,54.53408],[-126.80314,54.55511],[-126.80752,54.55667],[-126.81052,54.56019],[-126.81286,54.56804],[-126.83127,54.58069],[-126.8489,54.58494],[-126.85136,54.58664],[-126.85784,54.58725],[-126.86521,54.58997],[-126.86786,54.59248],[-126.87071,54.59371],[-126.87383,54.59432],[-126.90457,54.60383],[-126.90757,54.60419],[-126.91165,54.60633],[-126.95034,54.61922],[-126.95505,54.61874],[-126.96153,54.62091],[-127.00686,54.63323],[-127.01118,54.6335],[-127.01809,54.63633],[-127.03926,54.64186],[-127.05948,54.64587],[-127.06906,54.64661],[-127.07542,54.64923],[-127.11634,54.65767],[-127.12196,54.6597]]},"properties":{"operator_group":"Other BC operator","is_key_operator":false,"tooltip_title":"Pacific Northern Gas Ltd.","tooltip_line1":"Pacific Northern Gas Ltd.","tooltip_line2":"Transmission \u00b7 103.3 km","tooltip_line3":"Project 000026024 seg 1 \u00b7 Active","tooltip_line4":"Authority: ERAA \u00b7 BCER permitted","tooltip_line5":"Post-2016 permits only \u2014 layer is partial","tooltip_line6":""}},{"type":"Feature","geometry":{"type":"LineString","coordinates":[[-127.12212,54.65978],[-127.12633,54.65825],[-127.13479,54.65233],[-127.14158,54.65052],[-127.14714,54.64962],[-127.15022,54.64731],[-127.16063,54.64424],[-127.17328,54.64312],[-127.2158,54.63084],[-127.21959,54.6319],[-127.22794,54.63194],[-127.24046,54.63308],[-127.24506,54.63495],[-127.25054,54.63312],[-127.26267,54.63156],[-127.2679,54.63219],[-127.27461,54.63434],[-127.27887,54.63356]]},"properties":{"operator_group":"Other BC operator","is_key_operator":false,"tooltip_title":"Pacific Northern Gas Ltd.","tooltip_line1":"Pacific Northern Gas Ltd.","tooltip_line2":"Transmission \u00b7 11.4 km","tooltip_line3":"Project 000026025 seg 1 \u00b7 Active","tooltip_line4":"Authority: ERAA \u00b7 BCER permitted","tooltip_line5":"Post-2016 permits only \u2014 layer is partial","tooltip_line6":""}},{"type":"Feature","geometry":{"type":"LineString","coordinates":[[-127.27887,54.63356],[-127.28402,54.63222],[-127.29909,54.62502],[-127.30269,54.62467],[-127.30429,54.62376],[-127.30601,54.62349],[-127.31089,54.62026],[-127.31703,54.61933],[-127.31794,54.61839],[-127.33224,54.61452],[-127.33525,54.613],[-127.34688,54.61159],[-127.35155,54.60936],[-127.35578,54.61035],[-127.3621,54.60885],[-127.37237,54.60811],[-127.37725,54.60862],[-127.38857,54.60798],[-127.40414,54.60888],[-127.418,54.60882],[-127.44323,54.61206],[-127.45251,54.61119],[-127.45873,54.61189],[-127.4628,54.61311],[-127.46919,54.61337],[-127.47106,54.61397],[-127.50398,54.61418],[-127.51208,54.61533],[-127.51489,54.61503],[-127.51709,54.61413],[-127.52022,54.61401],[-127.52796,54.6114],[-127.53434,54.61055],[-127.53649,54.60916],[-127.53808,54.60686],[-127.53921,54.60603],[-127.56162,54.59425],[-127.57194,54.59555],[-127.58171,54.59411],[-127.58589,54.59119],[-127.58719,54.58953],[-127.6045,54.57948],[-127.63606,54.57417],[-127.6595,54.5721],[-127.6662,54.56737],[-127.67345,54.56841],[-127.67758,54.56788],[-127.68699,54.56877],[-127.68815,54.56931],[-127.69077,54.57263],[-127.69294,54.57327],[-127.7042,54.57489],[-127.70779,54.57421],[-127.71621,54.57494],[-127.72046,54.57377],[-127.7229,54.57028],[-127.73177,54.56734],[-127.75624,54.55643],[-127.76151,54.55264],[-127.77291,54.54766],[-127.77816,54.54702],[-127.78672,54.54134],[-127.7909,54.5401],[-127.79322,54.5406],[-127.79513,54.54178],[-127.80006,54.54364],[-127.80448,54.54126],[-127.80585,54.53995],[-127.80858,54.5394],[-127.82273,54.533],[-127.82295,54.53181],[-127.82405,54.53082],[-127.8378,54.53103],[-127.84159,54.5304],[-127.84444,54.52909],[-127.8493,54.52825],[-127.85526,54.52886],[-127.8585,54.52729],[-127.86447,54.52586],[-127.87334,54.52539],[-127.88137,54.52315],[-127.88869,54.52346],[-127.92085,54.51635],[-127.92363,54.51505],[-127.93145,54.50969],[-127.93969,54.50699],[-127.94204,54.50556],[-127.94466,54.50322],[-127.94487,54.50215],[-127.94374,54.50078],[-127.94484,54.50018],[-127.94486,54.49949]]},"properties":{"operator_group":"Other BC operator","is_key_operator":false,"tooltip_title":"Pacific Northern Gas Ltd.","tooltip_line1":"Pacific Northern Gas Ltd.","tooltip_line2":"Transmission \u00b7 50.4 km","tooltip_line3":"Project 000026025 seg 2 \u00b7 Active","tooltip_line4":"Authority: ERAA \u00b7 BCER permitted","tooltip_line5":"Post-2016 permits only \u2014 layer is partial","tooltip_line6":""}},{"type":"Feature","geometry":{"type":"LineString","coordinates":[[-127.94486,54.49949],[-127.94551,54.49813],[-127.94728,54.49715],[-127.94742,54.49422],[-127.94681,54.49326],[-127.94979,54.4796],[-127.94924,54.47822],[-127.95067,54.4757],[-127.95424,54.47406],[-127.95499,54.47289],[-127.95492,54.47186],[-127.95193,54.46943],[-127.95319,54.46909],[-127.96032,54.46488],[-127.96688,54.46279],[-127.96965,54.4626],[-127.9702,54.46213],[-127.97019,54.46137],[-127.97903,54.46118],[-127.98264,54.46049],[-127.98374,54.46079]]},"properties":{"operator_group":"Other BC operator","is_key_operator":false,"tooltip_title":"Pacific Northern Gas Ltd.","tooltip_line1":"Pacific Northern Gas Ltd.","tooltip_line2":"Transmission \u00b7 6.1 km","tooltip_line3":"Project 000026025 seg 3 \u00b7 Active","tooltip_line4":"Authority: ERAA \u00b7 BCER permitted","tooltip_line5":"Post-2016 permits only \u2014 layer is partial","tooltip_line6":""}},{"type":"Feature","geometry":{"type":"LineString","coordinates":[[-127.98374,54.46079],[-127.99117,54.45925],[-127.99343,54.45966],[-128.00273,54.45925],[-128.00657,54.45997],[-128.01202,54.45976]]},"properties":{"operator_group":"Other BC operator","is_key_operator":false,"tooltip_title":"Pacific Northern Gas Ltd.","tooltip_line1":"Pacific Northern Gas Ltd.","tooltip_line2":"Transmission \u00b7 1.9 km","tooltip_line3":"Project 000026025 seg 4 \u00b7 Active","tooltip_line4":"Authority: ERAA \u00b7 BCER permitted","tooltip_line5":"Post-2016 permits only \u2014 layer is partial","tooltip_line6":""}},{"type":"Feature","geometry":{"type":"LineString","coordinates":[[-128.01202,54.45976],[-128.01378,54.45861],[-128.01787,54.45848],[-128.02079,54.45689],[-128.02562,54.45538],[-128.02747,54.45536],[-128.02961,54.45412],[-128.03046,54.45263],[-128.03229,54.4516],[-128.03535,54.44886],[-128.03959,54.44819],[-128.04028,54.44842],[-128.0403,54.44922],[-128.04101,54.45003],[-128.04802,54.45087],[-128.05351,54.45405],[-128.05574,54.45419],[-128.05878,54.45563],[-128.06606,54.45694],[-128.0703,54.4596],[-128.07138,54.45978]]},"properties":{"operator_group":"Other BC operator","is_key_operator":false,"tooltip_title":"Pacific Northern Gas Ltd.","tooltip_line1":"Pacific Northern Gas Ltd.","tooltip_line2":"Transmission \u00b7 5.0 km","tooltip_line3":"Project 000026025 seg 5 \u00b7 Active","tooltip_line4":"Authority: ERAA \u00b7 BCER permitted","tooltip_line5":"Post-2016 permits only \u2014 layer is partial","tooltip_line6":""}},{"type":"Feature","geometry":{"type":"LineString","coordinates":[[-128.07138,54.45978],[-128.10683,54.46081],[-128.11132,54.46035],[-128.11299,54.45936],[-128.12026,54.46099],[-128.14421,54.46216],[-128.15525,54.46323]]},"properties":{"operator_group":"Other BC operator","is_key_operator":false,"tooltip_title":"Pacific Northern Gas Ltd.","tooltip_line1":"Pacific Northern Gas Ltd.","tooltip_line2":"Transmission \u00b7 5.6 km","tooltip_line3":"Project 000026025 seg 6 \u00b7 Active","tooltip_line4":"Authority: ERAA \u00b7 BCER permitted","tooltip_line5":"Post-2016 permits only \u2014 layer is partial","tooltip_line6":""}},{"type":"Feature","geometry":{"type":"LineString","coordinates":[[-128.15525,54.46323],[-128.16437,54.46398],[-128.17174,54.46316],[-128.18107,54.46462],[-128.19232,54.46319],[-128.20133,54.46445],[-128.20485,54.46574],[-128.20665,54.46595],[-128.21006,54.46504],[-128.21378,54.46551],[-128.21469,54.46622],[-128.21588,54.465],[-128.22073,54.46523],[-128.22423,54.46461],[-128.22529,54.46479],[-128.22618,54.46594],[-128.23235,54.46907],[-128.24229,54.4711],[-128.24468,54.4712],[-128.24791,54.47258]]},"properties":{"operator_group":"Other BC operator","is_key_operator":false,"tooltip_title":"Pacific Northern Gas Ltd.","tooltip_line1":"Pacific Northern Gas Ltd.","tooltip_line2":"Transmission \u00b7 6.7 km","tooltip_line3":"Project 000026025 seg 7 \u00b7 Active","tooltip_line4":"Authority: ERAA \u00b7 BCER permitted","tooltip_line5":"Post-2016 permits only \u2014 layer is partial","tooltip_line6":""}},{"type":"Feature","geometry":{"type":"LineString","coordinates":[[-128.24791,54.47258],[-128.25675,54.47419],[-128.26233,54.47185],[-128.26561,54.47242],[-128.2663,54.47094],[-128.26792,54.4702],[-128.2689,54.4706],[-128.27041,54.47276],[-128.27265,54.47472],[-128.27941,54.47364],[-128.28664,54.47421],[-128.28906,54.47388],[-128.29732,54.47744],[-128.29997,54.47962],[-128.30296,54.48021],[-128.30731,54.48277],[-128.30902,54.48444],[-128.31197,54.48566],[-128.31404,54.48761],[-128.31773,54.48991],[-128.32158,54.49064],[-128.33104,54.4954],[-128.33949,54.49805],[-128.34597,54.49904],[-128.35024,54.50045],[-128.3531,54.50011],[-128.35296,54.50245],[-128.36183,54.50411],[-128.3701,54.50708],[-128.37254,54.50656],[-128.37512,54.50765],[-128.37707,54.50786],[-128.37905,54.50854],[-128.38094,54.51013],[-128.38279,54.51323],[-128.38784,54.51509],[-128.39886,54.51692],[-128.40185,54.51824],[-128.4039,54.5203],[-128.4071,54.52155],[-128.40766,54.52443],[-128.40992,54.5262],[-128.41114,54.52791],[-128.4111,54.52905],[-128.41157,54.5296],[-128.41566,54.53059],[-128.42024,54.5329],[-128.4375,54.53377],[-128.44124,54.53438],[-128.44568,54.53429],[-128.45493,54.53695],[-128.46007,54.54065],[-128.4659,54.54148],[-128.47546,54.54384],[-128.4769,54.54245],[-128.48118,54.54088],[-128.4876,54.54007],[-128.48849,54.53928],[-128.49253,54.53909],[-128.493,54.5385],[-128.49661,54.537]]},"properties":{"operator_group":"Other BC operator","is_key_operator":false,"tooltip_title":"Pacific Northern Gas Ltd.","tooltip_line1":"Pacific Northern Gas Ltd.","tooltip_line2":"Transmission \u00b7 20.6 km","tooltip_line3":"Project 000026025 seg 8 \u00b7 Active","tooltip_line4":"Authority: ERAA \u00b7 BCER permitted","tooltip_line5":"Post-2016 permits only \u2014 layer is partial","tooltip_line6":""}},{"type":"Feature","geometry":{"type":"LineString","coordinates":[[-127.94496,54.49949],[-127.94551,54.4982],[-127.94725,54.49742],[-127.94732,54.49421],[-127.94672,54.49328],[-127.94698,54.49191],[-127.94976,54.47942],[-127.95155,54.47822],[-127.95166,54.4756],[-127.95472,54.47445],[-127.95655,54.47318],[-127.96311,54.47144],[-127.96819,54.46798],[-127.97028,54.46784],[-127.97573,54.46497],[-127.98046,54.46374],[-127.98163,54.46317],[-127.98183,54.46149],[-127.98374,54.46079]]},"properties":{"operator_group":"Other BC operator","is_key_operator":false,"tooltip_title":"Pacific Northern Gas Ltd.","tooltip_line1":"Pacific Northern Gas Ltd.","tooltip_line2":"Transmission \u00b7 5.6 km","tooltip_line3":"Project 000026025 seg 9 \u00b7 Active","tooltip_line4":"Authority: ERAA \u00b7 BCER permitted","tooltip_line5":"Post-2016 permits only \u2014 layer is partial","tooltip_line6":""}},{"type":"Feature","geometry":{"type":"LineString","coordinates":[[-128.49661,54.537],[-128.50676,54.5318],[-128.5128,54.52674],[-128.52281,54.52059],[-128.5258,54.51978],[-128.52538,54.51245],[-128.52755,54.51063],[-128.52725,54.50838],[-128.53116,54.50736],[-128.5317,54.50665],[-128.53608,54.5055],[-128.5415,54.50304],[-128.54207,54.50219],[-128.54203,54.49911],[-128.54489,54.49403],[-128.54579,54.49356],[-128.54874,54.4935],[-128.55069,54.4926],[-128.55824,54.49091],[-128.55924,54.48983],[-128.56216,54.48905]]},"properties":{"operator_group":"Other BC operator","is_key_operator":false,"tooltip_title":"Pacific Northern Gas Ltd.","tooltip_line1":"Pacific Northern Gas Ltd.","tooltip_line2":"Transmission \u00b7 7.5 km","tooltip_line3":"Project 000026026 seg 1 \u00b7 Active","tooltip_line4":"Authority: ERAA \u00b7 BCER permitted","tooltip_line5":"Post-2016 permits only \u2014 layer is partial","tooltip_line6":""}},{"type":"Feature","geometry":{"type":"LineString","coordinates":[[-128.56216,54.48905],[-128.57069,54.48681],[-128.59114,54.48333],[-128.59473,54.48104],[-128.61398,54.47617],[-128.6156,54.47506],[-128.62421,54.47479],[-128.62699,54.47247],[-128.63821,54.46921],[-128.65032,54.46646],[-128.65393,54.46717],[-128.65517,54.46697],[-128.65887,54.46536],[-128.66257,54.46493],[-128.66996,54.46247],[-128.67496,54.46048],[-128.68158,54.4565],[-128.68581,54.45545],[-128.69727,54.45485],[-128.70095,54.45508],[-128.70652,54.45404],[-128.70872,54.45312],[-128.71052,54.45111],[-128.72307,54.44706],[-128.74124,54.44256]]},"properties":{"operator_group":"Other BC operator","is_key_operator":false,"tooltip_title":"Pacific Northern Gas Ltd.","tooltip_line1":"Pacific Northern Gas Ltd.","tooltip_line2":"Transmission \u00b7 13.2 km","tooltip_line3":"Project 000026026 seg 2 \u00b7 Active","tooltip_line4":"Authority: ERAA \u00b7 BCER permitted","tooltip_line5":"Post-2016 permits only \u2014 layer is partial","tooltip_line6":""}},{"type":"Feature","geometry":{"type":"LineString","coordinates":[[-128.74124,54.44256],[-128.7526,54.43978]]},"properties":{"operator_group":"Other BC operator","is_key_operator":false,"tooltip_title":"Pacific Northern Gas Ltd.","tooltip_line1":"Pacific Northern Gas Ltd.","tooltip_line2":"Transmission \u00b7 0.8 km","tooltip_line3":"Project 000026026 seg 3 \u00b7 Active","tooltip_line4":"Authority: ERAA \u00b7 BCER permitted","tooltip_line5":"Post-2016 permits only \u2014 layer is partial","tooltip_line6":""}},{"type":"Feature","geometry":{"type":"LineString","coordinates":[[-128.7526,54.43978],[-128.76045,54.43735],[-128.76473,54.43504],[-128.76765,54.43504],[-128.77677,54.43211],[-128.78158,54.43006],[-128.78534,54.42938],[-128.79262,54.42701],[-128.80042,54.42399],[-128.80916,54.4181],[-128.81171,54.41776],[-128.82035,54.41303],[-128.82365,54.41063],[-128.82996,54.40869],[-128.84557,54.40055],[-128.85886,54.39139],[-128.89679,54.38646],[-128.90907,54.38892]]},"properties":{"operator_group":"Other BC operator","is_key_operator":false,"tooltip_title":"Pacific Northern Gas Ltd.","tooltip_line1":"Pacific Northern Gas Ltd.","tooltip_line2":"Transmission \u00b7 12.3 km","tooltip_line3":"Project 000026026 seg 4 \u00b7 Active","tooltip_line4":"Authority: ERAA \u00b7 BCER permitted","tooltip_line5":"Post-2016 permits only \u2014 layer is partial","tooltip_line6":""}},{"type":"Feature","geometry":{"type":"LineString","coordinates":[[-128.90907,54.38892],[-128.91373,54.38532],[-128.91508,54.38498],[-128.91515,54.38602],[-128.92,54.38752],[-128.92105,54.38897],[-128.92712,54.39261]]},"properties":{"operator_group":"Other BC operator","is_key_operator":false,"tooltip_title":"Pacific Northern Gas Ltd.","tooltip_line1":"Pacific Northern Gas Ltd.","tooltip_line2":"Transmission \u00b7 1.8 km","tooltip_line3":"Project 000026026 seg 5 \u00b7 Active","tooltip_line4":"Authority: ERAA \u00b7 BCER permitted","tooltip_line5":"Post-2016 permits only \u2014 layer is partial","tooltip_line6":""}},{"type":"Feature","geometry":{"type":"LineString","coordinates":[[-128.92712,54.39261],[-128.93309,54.39702],[-128.9391,54.39907],[-128.94398,54.39951],[-128.94859,54.40175],[-128.95608,54.40162],[-128.96697,54.40238],[-128.97178,54.40004],[-128.97727,54.39899],[-128.97913,54.39779],[-128.97962,54.39642]]},"properties":{"operator_group":"Other BC operator","is_key_operator":false,"tooltip_title":"Pacific Northern Gas Ltd.","tooltip_line1":"Pacific Northern Gas Ltd.","tooltip_line2":"Transmission \u00b7 4.2 km","tooltip_line3":"Project 000026026 seg 6 \u00b7 Active","tooltip_line4":"Authority: ERAA \u00b7 BCER permitted","tooltip_line5":"Post-2016 permits only \u2014 layer is partial","tooltip_line6":""}},{"type":"Feature","geometry":{"type":"LineString","coordinates":[[-128.97962,54.39642],[-128.9796,54.39524],[-128.98133,54.39296]]},"properties":{"operator_group":"Other BC operator","is_key_operator":false,"tooltip_title":"Pacific Northern Gas Ltd.","tooltip_line1":"Pacific Northern Gas Ltd.","tooltip_line2":"Transmission \u00b7 0.4 km","tooltip_line3":"Project 000026026 seg 7 \u00b7 Active","tooltip_line4":"Authority: ERAA \u00b7 BCER permitted","tooltip_line5":"Post-2016 permits only \u2014 layer is partial","tooltip_line6":""}},{"type":"Feature","geometry":{"type":"LineString","coordinates":[[-128.98133,54.39296],[-128.98276,54.3912],[-128.98307,54.38953],[-128.98388,54.38865],[-128.99242,54.38617],[-129.01871,54.38098],[-129.02648,54.38054],[-129.03283,54.37778],[-129.03589,54.37809],[-129.04071,54.38042],[-129.04249,54.38038],[-129.05072,54.37841],[-129.05228,54.37774],[-129.05364,54.37586],[-129.05651,54.37458],[-129.05812,54.37329],[-129.05868,54.37076],[-129.06485,54.36878],[-129.07722,54.36639],[-129.07963,54.36655],[-129.08489,54.36591],[-129.09065,54.3644],[-129.09782,54.36515],[-129.09917,54.36484],[-129.10064,54.36334],[-129.10392,54.36133],[-129.12317,54.35247],[-129.14411,54.3533],[-129.15476,54.34813],[-129.16814,54.34055],[-129.18023,54.3318],[-129.2081,54.3207]]},"properties":{"operator_group":"Other BC operator","is_key_operator":false,"tooltip_title":"Pacific Northern Gas Ltd.","tooltip_line1":"Pacific Northern Gas Ltd.","tooltip_line2":"Transmission \u00b7 18.2 km","tooltip_line3":"Project 000026026 seg 8 \u00b7 Active","tooltip_line4":"Authority: ERAA \u00b7 BCER permitted","tooltip_line5":"Post-2016 permits only \u2014 layer is partial","tooltip_line6":""}},{"type":"Feature","geometry":{"type":"LineString","coordinates":[[-129.2081,54.3207],[-129.20844,54.31993],[-129.21133,54.31972],[-129.21308,54.31748],[-129.21578,54.31677],[-129.22126,54.31871],[-129.2286,54.31877]]},"properties":{"operator_group":"Other BC operator","is_key_operator":false,"tooltip_title":"Pacific Northern Gas Ltd.","tooltip_line1":"Pacific Northern Gas Ltd.","tooltip_line2":"Transmission \u00b7 1.7 km","tooltip_line3":"Project 000026026 seg 9 \u00b7 Active","tooltip_line4":"Authority: ERAA \u00b7 BCER permitted","tooltip_line5":"Post-2016 permits only \u2014 layer is partial","tooltip_line6":""}},{"type":"Feature","geometry":{"type":"LineString","coordinates":[[-129.2286,54.31877],[-129.23201,54.31974],[-129.23587,54.31931],[-129.24041,54.32057],[-129.24523,54.32003],[-129.25049,54.3201],[-129.25641,54.31893],[-129.26197,54.31865],[-129.26297,54.31816],[-129.26569,54.31849],[-129.27841,54.3145],[-129.28896,54.31381],[-129.30504,54.31061],[-129.31637,54.31092]]},"properties":{"operator_group":"Other BC operator","is_key_operator":false,"tooltip_title":"Pacific Northern Gas Ltd.","tooltip_line1":"Pacific Northern Gas Ltd.","tooltip_line2":"Transmission \u00b7 6.0 km","tooltip_line3":"Project 000026026 seg 10 \u00b7 Active","tooltip_line4":"Authority: ERAA \u00b7 BCER permitted","tooltip_line5":"Post-2016 permits only \u2014 layer is partial","tooltip_line6":""}},{"type":"Feature","geometry":{"type":"LineString","coordinates":[[-129.31637,54.31092],[-129.33109,54.31191]]},"properties":{"operator_group":"Other BC operator","is_key_operator":false,"tooltip_title":"Pacific Northern Gas Ltd.","tooltip_line1":"Pacific Northern Gas Ltd.","tooltip_line2":"Transmission \u00b7 1.0 km","tooltip_line3":"Project 000026026 seg 11 \u00b7 Active","tooltip_line4":"Authority: ERAA \u00b7 BCER permitted","tooltip_line5":"Post-2016 permits only \u2014 layer is partial","tooltip_line6":""}},{"type":"Feature","geometry":{"type":"LineString","coordinates":[[-129.33109,54.31191],[-129.33675,54.31063]]},"properties":{"operator_group":"Other BC operator","is_key_operator":false,"tooltip_title":"Pacific Northern Gas Ltd.","tooltip_line1":"Pacific Northern Gas Ltd.","tooltip_line2":"Transmission \u00b7 0.4 km","tooltip_line3":"Project 000026026 seg 12 \u00b7 Active","tooltip_line4":"Authority: ERAA \u00b7 BCER permitted","tooltip_line5":"Post-2016 permits only \u2014 layer is partial","tooltip_line6":""}},{"type":"Feature","geometry":{"type":"LineString","coordinates":[[-129.33675,54.31063],[-129.34752,54.31548],[-129.35671,54.31235]]},"properties":{"operator_group":"Other BC operator","is_key_operator":false,"tooltip_title":"Pacific Northern Gas Ltd.","tooltip_line1":"Pacific Northern Gas Ltd.","tooltip_line2":"Transmission \u00b7 1.6 km","tooltip_line3":"Project 000026026 seg 13 \u00b7 Active","tooltip_line4":"Authority: ERAA \u00b7 BCER permitted","tooltip_line5":"Post-2016 permits only \u2014 layer is partial","tooltip_line6":""}},{"type":"Feature","geometry":{"type":"LineString","coordinates":[[-129.35671,54.31235],[-129.36378,54.30994],[-129.36729,54.30981]]},"properties":{"operator_group":"Other BC operator","is_key_operator":false,"tooltip_title":"Pacific Northern Gas Ltd.","tooltip_line1":"Pacific Northern Gas Ltd.","tooltip_line2":"Transmission \u00b7 0.8 km","tooltip_line3":"Project 000026026 seg 14 \u00b7 Active","tooltip_line4":"Authority: ERAA \u00b7 BCER permitted","tooltip_line5":"Post-2016 permits only \u2014 layer is partial","tooltip_line6":""}},{"type":"Feature","geometry":{"type":"LineString","coordinates":[[-128.74125,54.44256],[-128.7526,54.43979]]},"properties":{"operator_group":"Other BC operator","is_key_operator":false,"tooltip_title":"Pacific Northern Gas Ltd.","tooltip_line1":"Pacific Northern Gas Ltd.","tooltip_line2":"Transmission \u00b7 0.8 km","tooltip_line3":"Project 000026026 seg 15 \u00b7 Active","tooltip_line4":"Authority: ERAA \u00b7 BCER permitted","tooltip_line5":"Post-2016 permits only \u2014 layer is partial","tooltip_line6":""}},{"type":"Feature","geometry":{"type":"LineString","coordinates":[[-128.90924,54.38895],[-128.92696,54.39256]]},"properties":{"operator_group":"Other BC operator","is_key_operator":false,"tooltip_title":"Pacific Northern Gas Ltd.","tooltip_line1":"Pacific Northern Gas Ltd.","tooltip_line2":"Transmission \u00b7 1.2 km","tooltip_line3":"Project 000026026 seg 16 \u00b7 Active","tooltip_line4":"Authority: ERAA \u00b7 BCER permitted","tooltip_line5":"Post-2016 permits only \u2014 layer is partial","tooltip_line6":""}},{"type":"Feature","geometry":{"type":"LineString","coordinates":[[-128.97963,54.3964],[-128.98133,54.393]]},"properties":{"operator_group":"Other BC operator","is_key_operator":false,"tooltip_title":"Pacific Northern Gas Ltd.","tooltip_line1":"Pacific Northern Gas Ltd.","tooltip_line2":"Transmission \u00b7 0.4 km","tooltip_line3":"Project 000026026 seg 17 \u00b7 Active","tooltip_line4":"Authority: ERAA \u00b7 BCER permitted","tooltip_line5":"Post-2016 permits only \u2014 layer is partial","tooltip_line6":""}},{"type":"Feature","geometry":{"type":"LineString","coordinates":[[-129.20815,54.32069],[-129.22247,54.31939],[-129.23084,54.31951]]},"properties":{"operator_group":"Other BC operator","is_key_operator":false,"tooltip_title":"Pacific Northern Gas Ltd.","tooltip_line1":"Pacific Northern Gas Ltd.","tooltip_line2":"Transmission \u00b7 1.5 km","tooltip_line3":"Project 000026026 seg 18 \u00b7 Active","tooltip_line4":"Authority: ERAA \u00b7 BCER permitted","tooltip_line5":"Post-2016 permits only \u2014 layer is partial","tooltip_line6":""}},{"type":"Feature","geometry":{"type":"LineString","coordinates":[[-129.21246,54.32009],[-129.21205,54.31909]]},"properties":{"operator_group":"Other BC operator","is_key_operator":false,"tooltip_title":"Pacific Northern Gas Ltd.","tooltip_line1":"Pacific Northern Gas Ltd.","tooltip_line2":"Transmission \u00b7 0.1 km","tooltip_line3":"Project 000026026 seg 19 \u00b7 Active","tooltip_line4":"Authority: ERAA \u00b7 BCER permitted","tooltip_line5":"Post-2016 permits only \u2014 layer is partial","tooltip_line6":""}},{"type":"Feature","geometry":{"type":"LineString","coordinates":[[-129.21309,54.3175],[-129.21666,54.31708]]},"properties":{"operator_group":"Other BC operator","is_key_operator":false,"tooltip_title":"Pacific Northern Gas Ltd.","tooltip_line1":"Pacific Northern Gas Ltd.","tooltip_line2":"Transmission \u00b7 0.2 km","tooltip_line3":"Project 000026026 seg 20 \u00b7 Active","tooltip_line4":"Authority: ERAA \u00b7 BCER permitted","tooltip_line5":"Post-2016 permits only \u2014 layer is partial","tooltip_line6":""}},{"type":"Feature","geometry":{"type":"LineString","coordinates":[[-129.22053,54.31828],[-129.22389,54.31926],[-129.22858,54.31878]]},"properties":{"operator_group":"Other BC operator","is_key_operator":false,"tooltip_title":"Pacific Northern Gas Ltd.","tooltip_line1":"Pacific Northern Gas Ltd.","tooltip_line2":"Transmission \u00b7 0.6 km","tooltip_line3":"Project 000026026 seg 21 \u00b7 Active","tooltip_line4":"Authority: ERAA \u00b7 BCER permitted","tooltip_line5":"Post-2016 permits only \u2014 layer is partial","tooltip_line6":""}},{"type":"Feature","geometry":{"type":"LineString","coordinates":[[-129.31656,54.3109],[-129.32095,54.31018],[-129.32673,54.31273],[-129.33095,54.31193]]},"properties":{"operator_group":"Other BC operator","is_key_operator":false,"tooltip_title":"Pacific Northern Gas Ltd.","tooltip_line1":"Pacific Northern Gas Ltd.","tooltip_line2":"Transmission \u00b7 1.1 km","tooltip_line3":"Project 000026026 seg 22 \u00b7 Active","tooltip_line4":"Authority: ERAA \u00b7 BCER permitted","tooltip_line5":"Post-2016 permits only \u2014 layer is partial","tooltip_line6":""}},{"type":"Feature","geometry":{"type":"LineString","coordinates":[[-129.33677,54.31062],[-129.3501,54.31025],[-129.35475,54.31127],[-129.35647,54.31235]]},"properties":{"operator_group":"Other BC operator","is_key_operator":false,"tooltip_title":"Pacific Northern Gas Ltd.","tooltip_line1":"Pacific Northern Gas Ltd.","tooltip_line2":"Transmission \u00b7 1.4 km","tooltip_line3":"Project 000026026 seg 23 \u00b7 Active","tooltip_line4":"Authority: ERAA \u00b7 BCER permitted","tooltip_line5":"Post-2016 permits only \u2014 layer is partial","tooltip_line6":""}},{"type":"Feature","geometry":{"type":"LineString","coordinates":[[-129.01014,54.38255],[-129.00743,54.38218],[-128.9946,54.38486],[-128.99318,54.38605]]},"properties":{"operator_group":"Other BC operator","is_key_operator":false,"tooltip_title":"Pacific Northern Gas Ltd.","tooltip_line1":"Pacific Northern Gas Ltd.","tooltip_line2":"Transmission \u00b7 1.2 km","tooltip_line3":"Project 000026026 seg 24 \u00b7 Active","tooltip_line4":"Authority: ERAA \u00b7 BCER permitted","tooltip_line5":"Post-2016 permits only \u2014 layer is partial","tooltip_line6":""}},{"type":"Feature","geometry":{"type":"LineString","coordinates":[[-129.36729,54.30981],[-129.37406,54.3102],[-129.37626,54.3108],[-129.38262,54.31411],[-129.38691,54.31495],[-129.39523,54.31358],[-129.39867,54.31491],[-129.40556,54.31506],[-129.40934,54.31567],[-129.41183,54.31665],[-129.41575,54.31521],[-129.4178,54.31527],[-129.42328,54.3171],[-129.42439,54.31809],[-129.42522,54.31973],[-129.42544,54.32308],[-129.42609,54.32524],[-129.42779,54.32675],[-129.43268,54.32722],[-129.43469,54.32994],[-129.43628,54.33075],[-129.4395,54.33185],[-129.44345,54.33227],[-129.44953,54.33535],[-129.45165,54.33556],[-129.45538,54.3369],[-129.46331,54.3354],[-129.46516,54.33457],[-129.47486,54.33489],[-129.48245,54.33628]]},"properties":{"operator_group":"Other BC operator","is_key_operator":false,"tooltip_title":"Pacific Northern Gas Ltd.","tooltip_line1":"Pacific Northern Gas Ltd.","tooltip_line2":"Transmission \u00b7 9.3 km","tooltip_line3":"Project 000026027 seg 1 \u00b7 Active","tooltip_line4":"Authority: ERAA \u00b7 BCER permitted","tooltip_line5":"Post-2016 permits only \u2014 layer is partial","tooltip_line6":""}},{"type":"Feature","geometry":{"type":"LineString","coordinates":[[-129.48245,54.33628],[-129.48732,54.33688],[-129.49921,54.33709]]},"properties":{"operator_group":"Other BC operator","is_key_operator":false,"tooltip_title":"Pacific Northern Gas Ltd.","tooltip_line1":"Pacific Northern Gas Ltd.","tooltip_line2":"Transmission \u00b7 1.1 km","tooltip_line3":"Project 000026027 seg 2 \u00b7 Active","tooltip_line4":"Authority: ERAA \u00b7 BCER permitted","tooltip_line5":"Post-2016 permits only \u2014 layer is partial","tooltip_line6":""}},{"type":"Feature","geometry":{"type":"LineString","coordinates":[[-129.49921,54.33709],[-129.50105,54.33717],[-129.51087,54.34313],[-129.51262,54.34371],[-129.51427,54.34576],[-129.52145,54.34776],[-129.52354,54.34986],[-129.52664,54.35159],[-129.53079,54.35215]]},"properties":{"operator_group":"Other BC operator","is_key_operator":false,"tooltip_title":"Pacific Northern Gas Ltd.","tooltip_line1":"Pacific Northern Gas Ltd.","tooltip_line2":"Transmission \u00b7 2.8 km","tooltip_line3":"Project 000026027 seg 3 \u00b7 Active","tooltip_line4":"Authority: ERAA \u00b7 BCER permitted","tooltip_line5":"Post-2016 permits only \u2014 layer is partial","tooltip_line6":""}},{"type":"Feature","geometry":{"type":"LineString","coordinates":[[-129.53079,54.35215],[-129.53582,54.35364],[-129.53864,54.35309],[-129.53904,54.35152]]},"properties":{"operator_group":"Other BC operator","is_key_operator":false,"tooltip_title":"Pacific Northern Gas Ltd.","tooltip_line1":"Pacific Northern Gas Ltd.","tooltip_line2":"Transmission \u00b7 0.8 km","tooltip_line3":"Project 000026027 seg 4 \u00b7 Active","tooltip_line4":"Authority: ERAA \u00b7 BCER permitted","tooltip_line5":"Post-2016 permits only \u2014 layer is partial","tooltip_line6":""}},{"type":"Feature","geometry":{"type":"LineString","coordinates":[[-129.53904,54.35152],[-129.53938,54.35075],[-129.5556,54.3404],[-129.55706,54.33895],[-129.55774,54.33664],[-129.56166,54.33217],[-129.56252,54.33003],[-129.57065,54.32646],[-129.57304,54.32487],[-129.57332,54.32373],[-129.57419,54.32305],[-129.57655,54.32239],[-129.57622,54.32054],[-129.57714,54.31671],[-129.57713,54.31465],[-129.57433,54.31074],[-129.57401,54.30705],[-129.57588,54.30338],[-129.57562,54.30215],[-129.57821,54.30092],[-129.57936,54.29776],[-129.58155,54.29613],[-129.58359,54.29581],[-129.58599,54.29432],[-129.59243,54.2935],[-129.59878,54.29083],[-129.60169,54.29113],[-129.6034,54.29071],[-129.60492,54.29006],[-129.60719,54.2878],[-129.60969,54.28906],[-129.6121,54.28912],[-129.6217,54.28552],[-129.62969,54.28486],[-129.63274,54.28507],[-129.63466,54.28586],[-129.63653,54.28532],[-129.647,54.28616],[-129.65731,54.2886],[-129.66072,54.29035],[-129.66043,54.2974],[-129.66119,54.29969],[-129.66236,54.30102],[-129.66246,54.30358],[-129.66487,54.30799],[-129.66518,54.31058],[-129.6679,54.31158],[-129.67974,54.31265],[-129.68278,54.31238],[-129.68608,54.31309],[-129.68741,54.31426],[-129.68874,54.31458],[-129.70623,54.31474],[-129.70988,54.31444],[-129.71114,54.31326],[-129.71497,54.31166],[-129.72085,54.31194],[-129.72503,54.31124],[-129.73009,54.31288],[-129.73501,54.31137],[-129.74062,54.31085],[-129.74445,54.30815],[-129.7462,54.30459],[-129.74739,54.30385],[-129.74818,54.30222],[-129.75038,54.30072],[-129.75372,54.29988],[-129.75511,54.29529],[-129.75826,54.29379],[-129.76106,54.28976],[-129.76449,54.28902],[-129.76909,54.29103],[-129.77316,54.29086],[-129.77812,54.28677],[-129.78293,54.28601],[-129.78433,54.28521],[-129.78437,54.28446],[-129.78323,54.28342],[-129.78314,54.28278],[-129.78929,54.27711],[-129.78969,54.27516],[-129.79147,54.27199],[-129.79601,54.26674],[-129.79767,54.26603],[-129.79835,54.26478],[-129.79754,54.2635],[-129.79744,54.26107],[-129.79412,54.25453],[-129.79534,54.25226],[-129.79494,54.25073],[-129.79641,54.24877],[-129.79489,54.2418],[-129.79521,54.2404],[-129.79631,54.23903],[-129.7989,54.23933],[-129.80192,54.23771],[-129.8024,54.23698],[-129.80598,54.23591],[-129.81887,54.23838],[-129.82792,54.24125],[-129.83504,54.24232],[-129.83865,54.24386],[-129.84152,54.24593],[-129.8518,54.25041],[-129.85338,54.25177],[-129.85509,54.25195],[-129.85665,54.25273],[-129.86047,54.25612],[-129.86905,54.26053],[-129.87468,54.2624],[-129.88422,54.26794],[-129.88755,54.26947],[-129.89398,54.27146],[-129.90505,54.27649],[-129.90812,54.27691],[-129.92321,54.28476],[-129.95199,54.29154],[-129.95698,54.29187],[-129.95828,54.2915],[-129.96191,54.2923],[-129.96751,54.2946],[-129.97478,54.29927],[-129.97713,54.2998],[-129.98051,54.3016],[-129.98564,54.30267],[-129.98822,54.30232],[-129.99038,54.30113],[-129.99397,54.30042],[-129.99545,54.29966],[-129.99673,54.29741]]},"properties":{"operator_group":"Other BC operator","is_key_operator":false,"tooltip_title":"Pacific Northern Gas Ltd.","tooltip_line1":"Pacific Northern Gas Ltd.","tooltip_line2":"Transmission \u00b7 47.5 km","tooltip_line3":"Project 000026027 seg 5 \u00b7 Active","tooltip_line4":"Authority: ERAA \u00b7 BCER permitted","tooltip_line5":"Post-2016 permits only \u2014 layer is partial","tooltip_line6":""}},{"type":"Feature","geometry":{"type":"LineString","coordinates":[[-129.99673,54.29741],[-129.99872,54.29594],[-129.99905,54.29433],[-130.00077,54.29329],[-130.00158,54.29166]]},"properties":{"operator_group":"Other BC operator","is_key_operator":false,"tooltip_title":"Pacific Northern Gas Ltd.","tooltip_line1":"Pacific Northern Gas Ltd.","tooltip_line2":"Transmission \u00b7 0.8 km","tooltip_line3":"Project 000026027 seg 6 \u00b7 Active","tooltip_line4":"Authority: ERAA \u00b7 BCER permitted","tooltip_line5":"Post-2016 permits only \u2014 layer is partial","tooltip_line6":""}},{"type":"Feature","geometry":{"type":"LineString","coordinates":[[-130.00158,54.29166],[-130.00238,54.29081],[-130.00442,54.29121],[-130.00714,54.29045],[-130.00874,54.28939],[-130.01031,54.28695],[-130.01585,54.28392],[-130.01921,54.28458],[-130.02657,54.28286],[-130.03085,54.28331],[-130.03998,54.28029],[-130.04299,54.27668],[-130.04871,54.27449],[-130.05601,54.27258],[-130.06028,54.27245],[-130.0643,54.27123],[-130.0662,54.27012],[-130.07378,54.26846],[-130.08094,54.26547],[-130.08503,54.26513],[-130.09754,54.26173],[-130.10204,54.26232],[-130.10489,54.26197],[-130.11184,54.2626],[-130.11355,54.26222],[-130.11791,54.26241],[-130.12219,54.26006],[-130.12355,54.26004],[-130.12584,54.2591],[-130.12585,54.25823],[-130.13366,54.25395],[-130.13646,54.24977],[-130.14002,54.24854],[-130.14223,54.24704],[-130.14712,54.24549],[-130.14829,54.24429],[-130.14964,54.2437],[-130.15059,54.24377],[-130.15113,54.24446],[-130.15263,54.24468],[-130.15315,54.24523],[-130.15486,54.24474],[-130.16007,54.24579],[-130.15995,54.24736],[-130.16178,54.24878],[-130.1651,54.25005],[-130.16997,54.24802],[-130.17497,54.24666],[-130.18043,54.24629],[-130.18204,54.24694],[-130.18408,54.24679],[-130.18537,54.24745],[-130.18693,54.2475],[-130.19006,54.24613],[-130.19258,54.2463],[-130.19578,54.24573],[-130.20022,54.24675],[-130.20488,54.2499],[-130.20868,54.25085],[-130.21058,54.25185],[-130.22504,54.25512],[-130.22905,54.25545]]},"properties":{"operator_group":"Other BC operator","is_key_operator":false,"tooltip_title":"Pacific Northern Gas Ltd.","tooltip_line1":"Pacific Northern Gas Ltd.","tooltip_line2":"Transmission \u00b7 18.4 km","tooltip_line3":"Project 000026027 seg 7 \u00b7 Active","tooltip_line4":"Authority: ERAA \u00b7 BCER permitted","tooltip_line5":"Post-2016 permits only \u2014 layer is partial","tooltip_line6":""}},{"type":"Feature","geometry":{"type":"LineString","coordinates":[[-130.22905,54.25545],[-130.22943,54.25554]]},"properties":{"operator_group":"Other BC operator","is_key_operator":false,"tooltip_title":"Pacific Northern Gas Ltd.","tooltip_line1":"Pacific Northern Gas Ltd.","tooltip_line2":"Transmission \u00b7 0.0 km","tooltip_line3":"Project 000026027 seg 8 \u00b7 Active","tooltip_line4":"Authority: ERAA \u00b7 BCER permitted","tooltip_line5":"Post-2016 permits only \u2014 layer is partial","tooltip_line6":""}},{"type":"Feature","geometry":{"type":"LineString","coordinates":[[-130.22943,54.25554],[-130.23647,54.25746],[-130.24052,54.25748],[-130.24068,54.25662]]},"properties":{"operator_group":"Other BC operator","is_key_operator":false,"tooltip_title":"Pacific Northern Gas Ltd.","tooltip_line1":"Pacific Northern Gas Ltd.","tooltip_line2":"Transmission \u00b7 0.9 km","tooltip_line3":"Project 000026027 seg 9 \u00b7 Active","tooltip_line4":"Authority: ERAA \u00b7 BCER permitted","tooltip_line5":"Post-2016 permits only \u2014 layer is partial","tooltip_line6":""}},{"type":"Feature","geometry":{"type":"LineString","coordinates":[[-130.24068,54.25662],[-130.24122,54.25564],[-130.2444,54.25485],[-130.24886,54.25489],[-130.25096,54.2541],[-130.25778,54.25332],[-130.25843,54.25242],[-130.26023,54.252],[-130.2612,54.25125],[-130.26121,54.25013],[-130.26506,54.24758],[-130.26889,54.24293],[-130.27243,54.2408],[-130.28301,54.24011],[-130.28495,54.23871]]},"properties":{"operator_group":"Other BC operator","is_key_operator":false,"tooltip_title":"Pacific Northern Gas Ltd.","tooltip_line1":"Pacific Northern Gas Ltd.","tooltip_line2":"Transmission \u00b7 4.0 km","tooltip_line3":"Project 000026027 seg 10 \u00b7 Active","tooltip_line4":"Authority: ERAA \u00b7 BCER permitted","tooltip_line5":"Post-2016 permits only \u2014 layer is partial","tooltip_line6":""}},{"type":"Feature","geometry":{"type":"LineString","coordinates":[[-129.48245,54.33628],[-129.48857,54.33307],[-129.49472,54.33334],[-129.49654,54.33451],[-129.49666,54.33571],[-129.49726,54.33646],[-129.49921,54.33709]]},"properties":{"operator_group":"Other BC operator","is_key_operator":false,"tooltip_title":"Pacific Northern Gas Ltd.","tooltip_line1":"Pacific Northern Gas Ltd.","tooltip_line2":"Transmission \u00b7 1.5 km","tooltip_line3":"Project 000026027 seg 11 \u00b7 Active","tooltip_line4":"Authority: ERAA \u00b7 BCER permitted","tooltip_line5":"Post-2016 permits only \u2014 layer is partial","tooltip_line6":""}},{"type":"Feature","geometry":{"type":"LineString","coordinates":[[-129.53079,54.35215],[-129.53512,54.35093],[-129.53857,54.35179],[-129.53904,54.35152]]},"properties":{"operator_group":"Other BC operator","is_key_operator":false,"tooltip_title":"Pacific Northern Gas Ltd.","tooltip_line1":"Pacific Northern Gas Ltd.","tooltip_line2":"Transmission \u00b7 0.6 km","tooltip_line3":"Project 000026027 seg 12 \u00b7 Active","tooltip_line4":"Authority: ERAA \u00b7 BCER permitted","tooltip_line5":"Post-2016 permits only \u2014 layer is partial","tooltip_line6":""}},{"type":"Feature","geometry":{"type":"LineString","coordinates":[[-129.99673,54.29741],[-129.99919,54.2961],[-129.99972,54.29475],[-130.00142,54.29342],[-130.00158,54.29166]]},"properties":{"operator_group":"Other BC operator","is_key_operator":false,"tooltip_title":"Pacific Northern Gas Ltd.","tooltip_line1":"Pacific Northern Gas Ltd.","tooltip_line2":"Transmission \u00b7 0.8 km","tooltip_line3":"Project 000026027 seg 13 \u00b7 Active","tooltip_line4":"Authority: ERAA \u00b7 BCER permitted","tooltip_line5":"Post-2016 permits only \u2014 layer is partial","tooltip_line6":""}},{"type":"Feature","geometry":{"type":"LineString","coordinates":[[-130.22943,54.25554],[-130.2299,54.25565]]},"properties":{"operator_group":"Other BC operator","is_key_operator":false,"tooltip_title":"Pacific Northern Gas Ltd.","tooltip_line1":"Pacific Northern Gas Ltd.","tooltip_line2":"Transmission \u00b7 0.0 km","tooltip_line3":"Project 000026027 seg 14 \u00b7 Active","tooltip_line4":"Authority: ERAA \u00b7 BCER permitted","tooltip_line5":"Post-2016 permits only \u2014 layer is partial","tooltip_line6":""}},{"type":"Feature","geometry":{"type":"LineString","coordinates":[[-130.2299,54.25565],[-130.23655,54.25744],[-130.24029,54.25748]]},"properties":{"operator_group":"Other BC operator","is_key_operator":false,"tooltip_title":"Pacific Northern Gas Ltd.","tooltip_line1":"Pacific Northern Gas Ltd.","tooltip_line2":"Transmission \u00b7 0.7 km","tooltip_line3":"Project 000026027 seg 15 \u00b7 Active","tooltip_line4":"Authority: ERAA \u00b7 BCER permitted","tooltip_line5":"Post-2016 permits only \u2014 layer is partial","tooltip_line6":""}},{"type":"Feature","geometry":{"type":"LineString","coordinates":[[-130.24029,54.25748],[-130.24083,54.25717],[-130.24068,54.25662]]},"properties":{"operator_group":"Other BC operator","is_key_operator":false,"tooltip_title":"Pacific Northern Gas Ltd.","tooltip_line1":"Pacific Northern Gas Ltd.","tooltip_line2":"Transmission \u00b7 0.1 km","tooltip_line3":"Project 000026027 seg 16 \u00b7 Active","tooltip_line4":"Authority: ERAA \u00b7 BCER permitted","tooltip_line5":"Post-2016 permits only \u2014 layer is partial","tooltip_line6":""}},{"type":"Feature","geometry":{"type":"LineString","coordinates":[[-130.2299,54.25565],[-130.23663,54.25743],[-130.24029,54.25748]]},"properties":{"operator_group":"Other BC operator","is_key_operator":false,"tooltip_title":"Pacific Northern Gas Ltd.","tooltip_line1":"Pacific Northern Gas Ltd.","tooltip_line2":"Transmission \u00b7 0.7 km","tooltip_line3":"Project 000026027 seg 17 \u00b7 Active","tooltip_line4":"Authority: ERAA \u00b7 BCER permitted","tooltip_line5":"Post-2016 permits only \u2014 layer is partial","tooltip_line6":""}},{"type":"Feature","geometry":{"type":"LineString","coordinates":[[-130.26196,54.24955],[-130.26501,54.24755],[-130.26882,54.2429],[-130.27074,54.24174]]},"properties":{"operator_group":"Other BC operator","is_key_operator":false,"tooltip_title":"Pacific Northern Gas Ltd.","tooltip_line1":"Pacific Northern Gas Ltd.","tooltip_line2":"Transmission \u00b7 1.1 km","tooltip_line3":"Project 000026027 seg 18 \u00b7 Active","tooltip_line4":"Authority: ERAA \u00b7 BCER permitted","tooltip_line5":"Post-2016 permits only \u2014 layer is partial","tooltip_line6":""}},{"type":"Feature","geometry":{"type":"LineString","coordinates":[[-130.26192,54.24952],[-130.26496,54.24754],[-130.26877,54.24288],[-130.27068,54.2417]]},"properties":{"operator_group":"Other BC operator","is_key_operator":false,"tooltip_title":"Pacific Northern Gas Ltd.","tooltip_line1":"Pacific Northern Gas Ltd.","tooltip_line2":"Transmission \u00b7 1.1 km","tooltip_line3":"Project 000026027 seg 19 \u00b7 Active","tooltip_line4":"Authority: ERAA \u00b7 BCER permitted","tooltip_line5":"Post-2016 permits only \u2014 layer is partial","tooltip_line6":""}},{"type":"Feature","geometry":{"type":"LineString","coordinates":[[-120.86731,55.81418],[-120.86802,55.81512],[-120.87162,55.81438],[-120.87168,55.81129],[-120.87925,55.81129],[-120.87969,55.81225]]},"properties":{"operator_group":"Other BC operator","is_key_operator":false,"tooltip_title":"Shell Canada Limited","tooltip_line1":"Shell Canada Limited","tooltip_line2":"Transmission \u00b7 1.3 km","tooltip_line3":"Project 000026056 seg 1 \u00b7 Active","tooltip_line4":"Authority: ERAA \u00b7 BCER permitted","tooltip_line5":"Post-2016 permits only \u2014 layer is partial","tooltip_line6":""}},{"type":"Feature","geometry":{"type":"LineString","coordinates":[[-121.05359,56.00725],[-121.05146,56.00666],[-121.05208,56.00611],[-121.05151,56.00589],[-121.0531,56.00442],[-121.05103,56.00357],[-121.05813,55.99797],[-121.05853,55.99188],[-121.05811,55.98684],[-121.05839,55.9816],[-121.0553,55.97957],[-121.055,55.97409],[-121.0567,55.97281],[-121.05755,55.97143],[-121.05865,55.96499],[-121.06422,55.96152],[-121.06269,55.95885],[-121.06538,55.95628],[-121.06907,55.95628],[-121.07066,55.95502],[-121.07175,55.95502]]},"properties":{"operator_group":"Other BC operator","is_key_operator":false,"tooltip_title":"ARC Resources Ltd.","tooltip_line1":"ARC Resources Ltd.","tooltip_line2":"Transmission \u00b7 6.8 km","tooltip_line3":"Project 000026123 seg 1 \u00b7 New","tooltip_line4":"Authority: ERAA \u00b7 BCER permitted","tooltip_line5":"Post-2016 permits only \u2014 layer is partial","tooltip_line6":""}},{"type":"Feature","geometry":{"type":"LineString","coordinates":[[-120.53659,55.78778],[-120.53842,55.78836],[-120.54477,55.78836],[-120.54477,55.78911]]},"properties":{"operator_group":"Other BC operator","is_key_operator":false,"tooltip_title":"Diamond LNG Canada Ltd.","tooltip_line1":"Diamond LNG Canada Ltd.","tooltip_line2":"Transmission \u00b7 0.6 km","tooltip_line3":"Project 000026238 seg 1 \u00b7 Active","tooltip_line4":"Authority: ERAA \u00b7 BCER permitted","tooltip_line5":"Post-2016 permits only \u2014 layer is partial","tooltip_line6":""}},{"type":"Feature","geometry":{"type":"LineString","coordinates":[[-128.67992,54.02723],[-128.68517,54.03016],[-128.68515,54.03153],[-128.68923,54.03149],[-128.68924,54.03214],[-128.69132,54.03213]]},"properties":{"operator_group":"Other BC operator","is_key_operator":false,"tooltip_title":"Cedar LNG Partners (GP) Ltd.","tooltip_line1":"Cedar LNG Partners (GP) Ltd.","tooltip_line2":"Transmission \u00b7 1.1 km","tooltip_line3":"Project 000026251 seg 1 \u00b7 Active","tooltip_line4":"Authority: ERAA \u00b7 BCER permitted","tooltip_line5":"Post-2016 permits only \u2014 layer is partial","tooltip_line6":""}},{"type":"Feature","geometry":{"type":"LineString","coordinates":[[-128.68019,54.02746],[-128.6777,54.02589],[-128.67744,54.02476]]},"properties":{"operator_group":"Coastal GasLink","is_key_operator":true,"tooltip_title":"Coastal GasLink","tooltip_line1":"Coastal GasLink Pipeline Ltd.","tooltip_line2":"Transmission \u00b7 0.4 km","tooltip_line3":"Project 000026255 seg 1 \u00b7 Active","tooltip_line4":"Authority: ERAA \u00b7 BCER permitted","tooltip_line5":"Post-2016 permits only \u2014 layer is partial","tooltip_line6":""}},{"type":"Feature","geometry":{"type":"LineString","coordinates":[[-121.30161,56.05622],[-121.30309,56.05752],[-121.29105,56.06331],[-121.27048,56.06037],[-121.26983,56.06122],[-121.26756,56.06187],[-121.26649,56.06142]]},"properties":{"operator_group":"Other BC operator","is_key_operator":false,"tooltip_title":"Tourmaline Oil Corp.","tooltip_line1":"Tourmaline Oil Corp.","tooltip_line2":"Transmission \u00b7 2.8 km","tooltip_line3":"Project 000026300 seg 1 \u00b7 New","tooltip_line4":"Authority: ERAA \u00b7 BCER permitted","tooltip_line5":"Post-2016 permits only \u2014 layer is partial","tooltip_line6":""}},{"type":"Feature","geometry":{"type":"LineString","coordinates":[[-121.30161,56.05622],[-121.30309,56.05752],[-121.29105,56.06331],[-121.27048,56.06037],[-121.26983,56.06122],[-121.26756,56.06187],[-121.26649,56.06142]]},"properties":{"operator_group":"Other BC operator","is_key_operator":false,"tooltip_title":"Tourmaline Oil Corp.","tooltip_line1":"Tourmaline Oil Corp.","tooltip_line2":"Transmission \u00b7 2.8 km","tooltip_line3":"Project 000026300 seg 9 \u00b7 New","tooltip_line4":"Authority: ERAA \u00b7 BCER permitted","tooltip_line5":"Post-2016 permits only \u2014 layer is partial","tooltip_line6":""}},{"type":"Feature","geometry":{"type":"LineString","coordinates":[[-121.30161,56.05622],[-121.30309,56.05752],[-121.29105,56.06331],[-121.27048,56.06037],[-121.26983,56.06122],[-121.26756,56.06187],[-121.26649,56.06142]]},"properties":{"operator_group":"Other BC operator","is_key_operator":false,"tooltip_title":"Tourmaline Oil Corp.","tooltip_line1":"Tourmaline Oil Corp.","tooltip_line2":"Transmission \u00b7 2.8 km","tooltip_line3":"Project 000026300 seg 10 \u00b7 New","tooltip_line4":"Authority: ERAA \u00b7 BCER permitted","tooltip_line5":"Post-2016 permits only \u2014 layer is partial","tooltip_line6":""}},{"type":"Feature","geometry":{"type":"LineString","coordinates":[[-120.67266,56.12318],[-120.67595,56.1162]]},"properties":{"operator_group":"Westcoast Energy","is_key_operator":true,"tooltip_title":"Westcoast Energy","tooltip_line1":"Westcoast Energy GP Inc.","tooltip_line2":"Transmission \u00b7 0.8 km","tooltip_line3":"Project 000026332 seg 1 \u00b7 New","tooltip_line4":"Authority: CER \u00b7 BCER permitted","tooltip_line5":"Post-2016 permits only \u2014 layer is partial","tooltip_line6":""}},{"type":"Feature","geometry":{"type":"LineString","coordinates":[[-122.69742,57.73847],[-122.69726,57.7264]]},"properties":{"operator_group":"Westcoast Energy","is_key_operator":true,"tooltip_title":"Westcoast Energy","tooltip_line1":"Westcoast Energy GP Inc.","tooltip_line2":"Transmission \u00b7 1.3 km","tooltip_line3":"Project 000026333 seg 1 \u00b7 New","tooltip_line4":"Authority: CER \u00b7 BCER permitted","tooltip_line5":"Post-2016 permits only \u2014 layer is partial","tooltip_line6":""}},{"type":"Feature","geometry":{"type":"LineString","coordinates":[[-121.07487,55.95529],[-121.07282,55.95387],[-121.07043,55.95482],[-121.06912,55.95587],[-121.07181,55.95659]]},"properties":{"operator_group":"Other BC operator","is_key_operator":false,"tooltip_title":"Shell Canada Limited","tooltip_line1":"Shell Canada Limited","tooltip_line2":"Transmission \u00b7 0.7 km","tooltip_line3":"Project 000026408 seg 1 \u00b7 Active","tooltip_line4":"Authority: ERAA \u00b7 BCER permitted","tooltip_line5":"Post-2016 permits only \u2014 layer is partial","tooltip_line6":""}},{"type":"Feature","geometry":{"type":"LineString","coordinates":[[-121.07222,55.9566],[-121.07037,55.95835],[-121.07071,55.95964],[-121.07342,55.96002],[-121.0731,55.96089]]},"properties":{"operator_group":"Other BC operator","is_key_operator":false,"tooltip_title":"Shell Canada Limited","tooltip_line1":"Shell Canada Limited","tooltip_line2":"Transmission \u00b7 0.7 km","tooltip_line3":"Project 000026408 seg 2 \u00b7 Active","tooltip_line4":"Authority: ERAA \u00b7 BCER permitted","tooltip_line5":"Post-2016 permits only \u2014 layer is partial","tooltip_line6":""}},{"type":"Feature","geometry":{"type":"LineString","coordinates":[[-125.73298,54.30083],[-125.74226,54.27937],[-125.7421,54.25823],[-125.74685,54.25754],[-125.74689,54.24367],[-125.75148,54.24194]]},"properties":{"operator_group":"Other BC operator","is_key_operator":false,"tooltip_title":"Pacific Northern Gas Ltd.","tooltip_line1":"Pacific Northern Gas Ltd.","tooltip_line2":"Transmission \u00b7 7.0 km","tooltip_line3":"Project 000026489 seg 1 \u00b7 Active","tooltip_line4":"Authority: ERAA \u00b7 BCER permitted","tooltip_line5":"Post-2016 permits only \u2014 layer is partial","tooltip_line6":""}},{"type":"Feature","geometry":{"type":"LineString","coordinates":[[-128.58284,54.47716],[-128.5862,54.47862],[-128.58942,54.48363]]},"properties":{"operator_group":"Other BC operator","is_key_operator":false,"tooltip_title":"Pacific Northern Gas Ltd.","tooltip_line1":"Pacific Northern Gas Ltd.","tooltip_line2":"Transmission \u00b7 0.9 km","tooltip_line3":"Project 000026491 seg 1 \u00b7 Active","tooltip_line4":"Authority: ERAA \u00b7 BCER permitted","tooltip_line5":"Post-2016 permits only \u2014 layer is partial","tooltip_line6":""}},{"type":"Feature","geometry":{"type":"LineString","coordinates":[[-120.66801,56.14261],[-120.66801,56.14161],[-120.67226,56.14162],[-120.67246,56.14092],[-120.67208,56.13493],[-120.66951,56.13498],[-120.66952,56.1339],[-120.66764,56.13142],[-120.66763,56.13085],[-120.66898,56.12918]]},"properties":{"operator_group":"Other BC operator","is_key_operator":false,"tooltip_title":"Tidewater Western Pipeline GP Ltd.","tooltip_line1":"Tidewater Western Pipeline GP Ltd.","tooltip_line2":"Transmission \u00b7 2.0 km","tooltip_line3":"Project 000026536 seg 1 \u00b7 Active","tooltip_line4":"Authority: ERAA \u00b7 BCER permitted","tooltip_line5":"Post-2016 permits only \u2014 layer is partial","tooltip_line6":""}},{"type":"Feature","geometry":{"type":"LineString","coordinates":[[-120.6693,56.12857],[-120.672,56.12358]]},"properties":{"operator_group":"Other BC operator","is_key_operator":false,"tooltip_title":"Tidewater Western Pipeline GP Ltd.","tooltip_line1":"Tidewater Western Pipeline GP Ltd.","tooltip_line2":"Transmission \u00b7 0.6 km","tooltip_line3":"Project 000026536 seg 2 \u00b7 Active","tooltip_line4":"Authority: ERAA \u00b7 BCER permitted","tooltip_line5":"Post-2016 permits only \u2014 layer is partial","tooltip_line6":""}},{"type":"Feature","geometry":{"type":"LineString","coordinates":[[-120.67754,56.11017],[-120.67815,56.10867],[-120.69448,56.09384],[-120.69853,56.08949],[-120.7232,56.06719],[-120.73319,56.05749],[-120.75183,56.04137],[-120.75741,56.03752],[-120.80545,56.01862],[-120.82941,56.00819],[-120.83813,56.00548],[-120.87844,55.98822],[-120.91598,55.97114],[-120.93156,55.9665],[-120.94049,55.96438],[-120.99728,55.94373],[-121.03822,55.92778],[-121.05404,55.92385],[-121.07238,55.91752],[-121.0993,55.91603],[-121.11664,55.91805],[-121.15354,55.91492],[-121.16987,55.91127],[-121.1745,55.9108],[-121.18922,55.91067],[-121.19253,55.90978],[-121.19313,55.90928],[-121.20194,55.89118],[-121.20484,55.88196],[-121.20673,55.87879],[-121.20407,55.87155],[-121.20285,55.86121],[-121.21469,55.85636]]},"properties":{"operator_group":"Other BC operator","is_key_operator":false,"tooltip_title":"Tidewater Western Pipeline GP Ltd.","tooltip_line1":"Tidewater Western Pipeline GP Ltd.","tooltip_line2":"Transmission \u00b7 47.5 km","tooltip_line3":"Project 000026536 seg 3 \u00b7 Active","tooltip_line4":"Authority: ERAA \u00b7 BCER permitted","tooltip_line5":"Post-2016 permits only \u2014 layer is partial","tooltip_line6":""}},{"type":"Feature","geometry":{"type":"LineString","coordinates":[[-120.66898,56.12918],[-120.66933,56.12847]]},"properties":{"operator_group":"Other BC operator","is_key_operator":false,"tooltip_title":"Tidewater Western Pipeline GP Ltd.","tooltip_line1":"Tidewater Western Pipeline GP Ltd.","tooltip_line2":"Transmission \u00b7 0.1 km","tooltip_line3":"Project 000026536 seg 6 \u00b7 Active","tooltip_line4":"Authority: ERAA \u00b7 BCER permitted","tooltip_line5":"Post-2016 permits only \u2014 layer is partial","tooltip_line6":""}},{"type":"Feature","geometry":{"type":"LineString","coordinates":[[-120.67621,56.11428],[-120.67754,56.11017]]},"properties":{"operator_group":"Other BC operator","is_key_operator":false,"tooltip_title":"Tidewater Western Pipeline GP Ltd.","tooltip_line1":"Tidewater Western Pipeline GP Ltd.","tooltip_line2":"Transmission \u00b7 0.5 km","tooltip_line3":"Project 000026536 seg 7 \u00b7 Active","tooltip_line4":"Authority: ERAA \u00b7 BCER permitted","tooltip_line5":"Post-2016 permits only \u2014 layer is partial","tooltip_line6":""}},{"type":"Feature","geometry":{"type":"LineString","coordinates":[[-120.66898,56.12918],[-120.67117,56.12544],[-120.67794,56.11078],[-120.67754,56.11017]]},"properties":{"operator_group":"Other BC operator","is_key_operator":false,"tooltip_title":"Tidewater Western Pipeline GP Ltd.","tooltip_line1":"Tidewater Western Pipeline GP Ltd.","tooltip_line2":"Transmission \u00b7 2.3 km","tooltip_line3":"Project 000026536 seg 8 \u00b7 New","tooltip_line4":"Authority: ERAA \u00b7 BCER permitted","tooltip_line5":"Post-2016 permits only \u2014 layer is partial","tooltip_line6":""}},{"type":"Feature","geometry":{"type":"LineString","coordinates":[[-122.05785,56.92281],[-122.05685,56.92121],[-122.05183,56.92124],[-122.03063,56.89727],[-122.02579,56.89259],[-122.0248,56.88653],[-122.01468,56.88375],[-122.01035,56.87877],[-122.01097,56.87766],[-122.00593,56.87319],[-122.00592,56.86169],[-121.99582,56.85725],[-121.9946,56.85616],[-121.99322,56.856],[-121.98864,56.85209],[-121.98939,56.85029],[-121.97633,56.83602],[-121.97228,56.83268],[-121.97257,56.83197],[-121.96998,56.83033],[-121.9705,56.82938],[-121.97009,56.82828],[-121.9687,56.82773],[-121.96146,56.82161],[-121.95907,56.82176],[-121.95693,56.81999],[-121.95574,56.82015],[-121.95345,56.81825],[-121.9408,56.81054],[-121.93905,56.81049],[-121.93189,56.80524],[-121.92073,56.7995],[-121.92073,56.79867],[-121.89159,56.78299],[-121.89159,56.78223],[-121.89094,56.78187],[-121.88956,56.78188],[-121.88687,56.7804],[-121.87057,56.76245],[-121.86267,56.75181],[-121.86163,56.74994],[-121.86163,56.74787],[-121.86074,56.74702],[-121.85561,56.73558],[-121.85479,56.73292],[-121.85548,56.7323],[-121.85513,56.73143],[-121.82106,56.71896],[-121.81812,56.7173],[-121.81723,56.71747],[-121.80874,56.71422],[-121.79536,56.71136],[-121.78433,56.71094],[-121.75495,56.70663],[-121.73006,56.68663],[-121.73025,56.68633],[-121.71187,56.672],[-121.69817,56.66577],[-121.69817,56.66404],[-121.68761,56.65925],[-121.67888,56.65397],[-121.67768,56.65221],[-121.67428,56.65126],[-121.66076,56.64321],[-121.65686,56.63948],[-121.65568,56.63929],[-121.64717,56.6336],[-121.50696,56.62099],[-121.46228,56.59188],[-121.46273,56.59145],[-121.46078,56.59017],[-121.45787,56.58556],[-121.44836,56.58516],[-121.44031,56.5824],[-121.43962,56.58268],[-121.39429,56.56544],[-121.38266,56.55447],[-121.3461,56.54232],[-121.32888,56.54063],[-121.30547,56.54029],[-121.30489,56.53994],[-121.27255,56.53801],[-121.24933,56.53322],[-121.24651,56.53083],[-121.24546,56.53073],[-121.23658,56.53372],[-121.23573,56.53366],[-121.22075,56.52281],[-121.21864,56.52254],[-121.21667,56.52085],[-121.21673,56.51962],[-121.2075,56.51293],[-121.20701,56.51213],[-121.16001,56.47885],[-121.14687,56.46803],[-121.13597,56.46778],[-121.13597,56.46441],[-121.13497,56.46441],[-121.13116,56.46178],[-121.13115,56.45739],[-121.12506,56.45246],[-121.12505,56.44921],[-121.12142,56.44763],[-121.08789,56.42038],[-121.07235,56.4121],[-121.07249,56.40683],[-121.07129,56.4064],[-121.07129,56.40485],[-121.06454,56.39949],[-121.05013,56.39949],[-121.04497,56.3978],[-121.03786,56.39462],[-121.03699,56.39522],[-121.03221,56.39308],[-121.02529,56.38824],[-121.02639,56.38777],[-121.01097,56.37675],[-120.99946,56.37128],[-120.99276,56.36889],[-120.99276,56.3626],[-120.98206,56.3626],[-120.97626,56.36097],[-120.96813,56.35552],[-120.94553,56.35553],[-120.94387,56.35606],[-120.94129,56.35606],[-120.93954,56.3555],[-120.93979,56.33949],[-120.93059,56.33478],[-120.9255,56.33478],[-120.9255,56.33226],[-120.92508,56.3321],[-120.92508,56.33144],[-120.90353,56.31949],[-120.90436,56.31906],[-120.88618,56.30829],[-120.88113,56.30579],[-120.87971,56.30565],[-120.87642,56.3042],[-120.86882,56.30395],[-120.86193,56.29837],[-120.86038,56.29881],[-120.85921,56.29765],[-120.8366,56.2976],[-120.83555,56.29715],[-120.83231,56.29714],[-120.82769,56.292],[-120.82782,56.28317],[-120.81507,56.27407],[-120.80107,56.27119],[-120.79749,56.27212],[-120.79507,56.27117],[-120.7838,56.26941],[-120.78226,56.26849],[-120.78226,56.26771],[-120.77853,56.26727],[-120.77822,56.26788],[-120.73662,56.26124],[-120.72909,56.26123],[-120.72909,56.26028],[-120.70396,56.2606],[-120.68567,56.25709],[-120.68185,56.25385],[-120.68039,56.25394],[-120.67928,56.25307],[-120.67736,56.24935],[-120.67861,56.24919],[-120.67802,56.24767],[-120.67802,56.24567],[-120.67243,56.23398],[-120.66333,56.22884],[-120.66118,56.22711],[-120.65896,56.22436],[-120.65589,56.22315],[-120.65092,56.21698],[-120.65124,56.21477],[-120.65002,56.21327],[-120.64825,56.20944],[-120.64827,56.20646],[-120.64763,56.20491],[-120.64575,56.20489],[-120.64578,56.18698],[-120.64814,56.17733],[-120.64931,56.17435],[-120.64548,56.17415],[-120.6457,56.16903],[-120.64285,56.16834],[-120.6431,56.16711],[-120.64455,56.16659],[-120.64477,56.16574],[-120.65264,56.16244],[-120.65746,56.15781],[-120.65695,56.1574],[-120.65807,56.15651],[-120.65657,56.15289],[-120.65094,56.15289],[-120.65094,56.15182],[-120.64876,56.15182]]},"properties":{"operator_group":"NorthRiver NEBC Connector","is_key_operator":true,"tooltip_title":"NorthRiver NEBC Connector","tooltip_line1":"NorthRiver Midstream NEBC Connector GP Inc.","tooltip_line2":"Transmission \u00b7 139.3 km","tooltip_line3":"Project 000026592 seg 1 \u00b7 New","tooltip_line4":"Authority: CER \u00b7 BCER permitted","tooltip_line5":"Post-2016 permits only \u2014 layer is partial","tooltip_line6":""}},{"type":"Feature","geometry":{"type":"LineString","coordinates":[[-120.64876,56.15182],[-120.64847,56.14844],[-120.64028,56.14133],[-120.60583,56.12195],[-120.60396,56.11809],[-120.60401,56.11699],[-120.60565,56.11609],[-120.60579,56.11256],[-120.59951,56.103],[-120.59661,56.09569],[-120.59494,56.09388],[-120.59515,56.0867],[-120.59685,56.0867],[-120.59714,56.0821],[-120.59786,56.08091],[-120.60053,56.08004],[-120.60064,56.0789],[-120.59808,56.07822],[-120.59805,56.06893],[-120.5961,56.06854],[-120.59611,56.05852],[-120.58678,56.05578],[-120.57955,56.0521],[-120.56603,56.04706],[-120.5674,56.0459],[-120.55192,56.03935],[-120.54525,56.03585],[-120.54122,56.03449],[-120.51168,56.02147],[-120.50629,56.01733],[-120.50488,56.01733],[-120.50488,56.01594],[-120.50079,56.01317],[-120.49158,56.01306],[-120.48716,56.01359],[-120.48104,56.0122],[-120.47026,56.00769],[-120.46908,56.00675],[-120.46836,56.00535],[-120.45626,56.00203],[-120.44548,55.99811],[-120.43976,55.99758],[-120.43868,55.99883],[-120.43129,55.99768],[-120.41421,55.99383],[-120.41145,55.99383],[-120.4112,55.99273],[-120.38336,55.98284],[-120.3833,55.97934],[-120.37731,55.97571],[-120.34852,55.97169],[-120.34721,55.97145],[-120.34672,55.97069],[-120.31839,55.96631],[-120.30972,55.96548],[-120.3049,55.96607],[-120.29819,55.96572],[-120.29752,55.9661],[-120.29361,55.9661],[-120.29361,55.96539],[-120.29032,55.96508],[-120.27237,55.95938],[-120.26294,55.9573],[-120.26059,55.95644],[-120.26046,55.95529],[-120.24967,55.95331],[-120.24613,55.95312],[-120.23247,55.95068],[-120.22,55.94906],[-120.21946,55.94832],[-120.21568,55.94832],[-120.19719,55.94475],[-120.19396,55.94111],[-120.19094,55.94154],[-120.17148,55.94154],[-120.15226,55.93878],[-120.14734,55.93926],[-120.13879,55.93805],[-120.12797,55.9353],[-120.07671,55.92785],[-120.07384,55.92614],[-120.07003,55.92573],[-120.06002,55.9224],[-120.04684,55.92234],[-120.00136,55.91527]]},"properties":{"operator_group":"NorthRiver NEBC Connector","is_key_operator":true,"tooltip_title":"NorthRiver NEBC Connector","tooltip_line1":"NorthRiver Midstream NEBC Connector GP Inc.","tooltip_line2":"Transmission \u00b7 55.0 km","tooltip_line3":"Project 000026592 seg 2 \u00b7 New","tooltip_line4":"Authority: CER \u00b7 BCER permitted","tooltip_line5":"Post-2016 permits only \u2014 layer is partial","tooltip_line6":""}},{"type":"Feature","geometry":{"type":"LineString","coordinates":[[-122.05785,56.92281],[-122.05684,56.92122],[-122.05183,56.92125],[-122.03063,56.89727],[-122.02579,56.89259],[-122.02479,56.88653],[-122.01467,56.88375],[-122.01034,56.87877],[-122.01097,56.87766],[-122.00593,56.87319],[-122.00591,56.8617],[-121.99582,56.85725],[-121.99459,56.85616],[-121.99322,56.85601],[-121.98863,56.85209],[-121.98938,56.85029],[-121.97632,56.83602],[-121.97228,56.83268],[-121.97256,56.83197],[-121.96998,56.83033],[-121.97049,56.82938],[-121.97009,56.82828],[-121.96869,56.82773],[-121.96146,56.82161],[-121.95907,56.82177],[-121.95693,56.81999],[-121.95574,56.82015],[-121.95344,56.81826],[-121.9408,56.81054],[-121.93905,56.81049],[-121.93189,56.80524],[-121.92072,56.7995],[-121.92072,56.79867],[-121.89158,56.78299],[-121.89158,56.78223],[-121.89093,56.78187],[-121.88956,56.78188],[-121.88687,56.7804],[-121.87057,56.76245],[-121.86266,56.75181],[-121.86162,56.74994],[-121.86163,56.74787],[-121.86074,56.74702],[-121.85561,56.73558],[-121.85479,56.73292],[-121.85547,56.7323],[-121.85513,56.73143],[-121.82105,56.71896],[-121.81812,56.7173],[-121.81723,56.71747],[-121.80874,56.71423],[-121.79536,56.71136],[-121.78433,56.71095],[-121.75495,56.70663],[-121.73005,56.68663],[-121.73025,56.68633],[-121.71186,56.672],[-121.69817,56.66577],[-121.69817,56.66405],[-121.68761,56.65926],[-121.67887,56.65397],[-121.67768,56.65221],[-121.67428,56.65127],[-121.66075,56.64321],[-121.65686,56.63948],[-121.65568,56.6393],[-121.64717,56.63361],[-121.50696,56.62099],[-121.46227,56.59188],[-121.46272,56.59145],[-121.46078,56.59017],[-121.45786,56.58556],[-121.44836,56.58516],[-121.44031,56.58241],[-121.43962,56.58268],[-121.39429,56.56545],[-121.38266,56.55447],[-121.34609,56.54232],[-121.32888,56.54063],[-121.30547,56.54029],[-121.27255,56.53802],[-121.24933,56.53322],[-121.24651,56.53084],[-121.24546,56.53074],[-121.23658,56.53373],[-121.23573,56.53366],[-121.22075,56.52281],[-121.219,56.52281],[-121.21666,56.52085],[-121.21672,56.51962],[-121.2075,56.51294],[-121.207,56.51213],[-121.16001,56.47885],[-121.14686,56.46804],[-121.13597,56.46778],[-121.13597,56.46441],[-121.13497,56.46441],[-121.13116,56.46178],[-121.13114,56.45739],[-121.12505,56.45246],[-121.12505,56.44921],[-121.12142,56.44763],[-121.08789,56.42038],[-121.07235,56.4121],[-121.07249,56.40683],[-121.07128,56.40641],[-121.07128,56.40485],[-121.06454,56.39949],[-121.05013,56.39949],[-121.04497,56.39781],[-121.03786,56.39463],[-121.03699,56.39522],[-121.03221,56.39308],[-121.02529,56.38824],[-121.02638,56.38777],[-121.01097,56.37675],[-120.99946,56.37128],[-120.99276,56.36889],[-120.99276,56.3626],[-120.98205,56.3626],[-120.97625,56.36097],[-120.96813,56.35552],[-120.94553,56.35553],[-120.94387,56.35606],[-120.94129,56.35606],[-120.93953,56.3555],[-120.93979,56.33949],[-120.93059,56.33478],[-120.9255,56.33478],[-120.9255,56.33226],[-120.92508,56.3321],[-120.92508,56.33144],[-120.90352,56.31949],[-120.90435,56.31905],[-120.88618,56.30829],[-120.88112,56.30579],[-120.87971,56.30565],[-120.87642,56.3042],[-120.86882,56.30395],[-120.86193,56.29838],[-120.86038,56.29882],[-120.85921,56.29766],[-120.8366,56.2976],[-120.83555,56.29715],[-120.83231,56.29715],[-120.82769,56.292],[-120.82782,56.28317],[-120.81507,56.27408],[-120.80107,56.27119],[-120.79749,56.27212],[-120.79507,56.27117],[-120.7838,56.26941],[-120.78225,56.26849],[-120.78225,56.26771],[-120.77853,56.26727],[-120.77822,56.26788],[-120.73661,56.26124],[-120.72908,56.26123],[-120.72908,56.26029],[-120.70396,56.2606],[-120.68567,56.2571],[-120.68185,56.25386],[-120.68038,56.25394],[-120.67928,56.25307],[-120.67736,56.24934],[-120.67861,56.24919],[-120.67802,56.24767],[-120.67801,56.24567],[-120.67242,56.23398],[-120.66333,56.22884],[-120.66118,56.22711],[-120.65896,56.22436],[-120.65589,56.22315],[-120.65091,56.21698],[-120.65124,56.21477],[-120.65002,56.21327],[-120.64824,56.20944],[-120.64827,56.20646],[-120.64763,56.20491],[-120.64575,56.2049],[-120.64577,56.18698],[-120.64814,56.17733],[-120.64931,56.17436],[-120.64547,56.17415],[-120.64569,56.16903],[-120.64284,56.16834],[-120.64309,56.16711],[-120.64455,56.16659],[-120.64476,56.16574],[-120.65264,56.16244],[-120.65746,56.15781],[-120.65695,56.1574],[-120.65807,56.15651],[-120.65657,56.15289],[-120.65094,56.15289],[-120.65094,56.15182],[-120.64876,56.15182]]},"properties":{"operator_group":"NorthRiver NEBC Connector","is_key_operator":true,"tooltip_title":"NorthRiver NEBC Connector","tooltip_line1":"NorthRiver Midstream NEBC Connector GP Inc.","tooltip_line2":"Transmission \u00b7 139.3 km","tooltip_line3":"Project 000026592 seg 3 \u00b7 New","tooltip_line4":"Authority: CER \u00b7 BCER permitted","tooltip_line5":"Post-2016 permits only \u2014 layer is partial","tooltip_line6":""}},{"type":"Feature","geometry":{"type":"LineString","coordinates":[[-120.64876,56.15182],[-120.64846,56.14844],[-120.64028,56.14133],[-120.60582,56.12195],[-120.60396,56.11809],[-120.604,56.11699],[-120.60564,56.11609],[-120.60578,56.11256],[-120.59951,56.103],[-120.5966,56.09569],[-120.59494,56.09388],[-120.59514,56.0867],[-120.59684,56.0867],[-120.59713,56.0821],[-120.59786,56.0809],[-120.60052,56.08004],[-120.60063,56.0789],[-120.59808,56.07822],[-120.59804,56.06894],[-120.5961,56.06854],[-120.5961,56.05852],[-120.58677,56.05578],[-120.57955,56.0521],[-120.56603,56.04706],[-120.56739,56.0459],[-120.55192,56.03935],[-120.54524,56.03585],[-120.54122,56.03449],[-120.51168,56.02147],[-120.50629,56.01733],[-120.50487,56.01733],[-120.50487,56.01594],[-120.50079,56.01317],[-120.49158,56.01306],[-120.48716,56.0136],[-120.48104,56.0122],[-120.47025,56.00769],[-120.46907,56.00675],[-120.46835,56.00535],[-120.45626,56.00203],[-120.44548,55.99811],[-120.43976,55.99758],[-120.43868,55.99883],[-120.43129,55.99768],[-120.41421,55.99383],[-120.41145,55.99383],[-120.4112,55.99273],[-120.38336,55.98284],[-120.3833,55.97934],[-120.37731,55.97571],[-120.34852,55.97169],[-120.34721,55.97145],[-120.34672,55.97069],[-120.31838,55.96632],[-120.30972,55.96548],[-120.3049,55.96607],[-120.2982,55.96573],[-120.29753,55.9661],[-120.29361,55.9661],[-120.29361,55.96539],[-120.29032,55.96508],[-120.27237,55.95938],[-120.26293,55.9573],[-120.26058,55.95644],[-120.26045,55.95529],[-120.24967,55.95332],[-120.24613,55.95312],[-120.23247,55.95069],[-120.22,55.94907],[-120.21945,55.94832],[-120.21568,55.94832],[-120.19719,55.94475],[-120.19396,55.94111],[-120.19094,55.94154],[-120.17147,55.94155],[-120.15226,55.93878],[-120.14734,55.93926],[-120.13879,55.93805],[-120.12797,55.93531],[-120.07671,55.92785],[-120.07384,55.92614],[-120.07003,55.92574],[-120.06001,55.9224],[-120.04684,55.92234],[-120.00136,55.91527]]},"properties":{"operator_group":"NorthRiver NEBC Connector","is_key_operator":true,"tooltip_title":"NorthRiver NEBC Connector","tooltip_line1":"NorthRiver Midstream NEBC Connector GP Inc.","tooltip_line2":"Transmission \u00b7 55.0 km","tooltip_line3":"Project 000026592 seg 4 \u00b7 New","tooltip_line4":"Authority: CER \u00b7 BCER permitted","tooltip_line5":"Post-2016 permits only \u2014 layer is partial","tooltip_line6":""}},{"type":"Feature","geometry":{"type":"LineString","coordinates":[[-122.36623,56.83288],[-122.36701,56.83499],[-122.36434,56.8356],[-122.35668,56.84012],[-122.351,56.84199],[-122.32594,56.85278],[-122.31286,56.85775],[-122.28749,56.86835],[-122.28662,56.86944],[-122.28303,56.87008],[-122.26491,56.87682],[-122.25493,56.88106]]},"properties":{"operator_group":"Westcoast Energy","is_key_operator":true,"tooltip_title":"Westcoast Energy","tooltip_line1":"Westcoast Energy GP Inc.","tooltip_line2":"Transmission \u00b7 8.9 km","tooltip_line3":"Project 000026658 seg 1 \u00b7 New","tooltip_line4":"Authority: CER \u00b7 BCER permitted","tooltip_line5":"Post-2016 permits only \u2014 layer is partial","tooltip_line6":""}},{"type":"Feature","geometry":{"type":"LineString","coordinates":[[-121.20608,55.87929],[-121.20693,55.8787],[-121.20508,55.87369],[-121.20463,55.87374],[-121.20393,55.87187],[-121.20239,55.86108],[-121.21466,55.85612],[-121.21588,55.85484],[-121.21818,55.85398],[-121.2215,55.854],[-121.22664,55.85234],[-121.23302,55.85837],[-121.2554,55.85899],[-121.25705,55.85808],[-121.25715,55.85404],[-121.2618,55.84712],[-121.2586,55.84484],[-121.26296,55.84334]]},"properties":{"operator_group":"Westcoast Energy","is_key_operator":true,"tooltip_title":"Westcoast Energy","tooltip_line1":"Westcoast Energy GP Inc.","tooltip_line2":"Transmission \u00b7 8.2 km","tooltip_line3":"Project 000026671 seg 1 \u00b7 New","tooltip_line4":"Authority: CER \u00b7 BCER permitted","tooltip_line5":"Post-2016 permits only \u2014 layer is partial","tooltip_line6":""}},{"type":"Feature","geometry":{"type":"LineString","coordinates":[[-121.65626,56.64961],[-121.65697,56.6502],[-121.65471,56.65074],[-121.64849,56.64941],[-121.64455,56.6449],[-121.64141,56.64362],[-121.57722,56.64362],[-121.57592,56.64415],[-121.57232,56.64362],[-121.56649,56.64363],[-121.56234,56.64244],[-121.56181,56.64299],[-121.5313,56.63423],[-121.52635,56.63447],[-121.42993,56.6035],[-121.42523,56.60049],[-121.36287,56.58137],[-121.3634,56.58085],[-121.3603,56.57816],[-121.3372,56.57097],[-121.33215,56.57105],[-121.32509,56.56886],[-121.32421,56.56974],[-121.31366,56.56644],[-121.26966,56.55498],[-121.25893,56.55119],[-121.24921,56.54416],[-121.24816,56.54393]]},"properties":{"operator_group":"Other BC operator","is_key_operator":false,"tooltip_title":"Plateau Pipe Line Ltd.","tooltip_line1":"Plateau Pipe Line Ltd.","tooltip_line2":"Transmission \u00b7 29.1 km","tooltip_line3":"Project 000026696 seg 1 \u00b7 New","tooltip_line4":"Authority: ERAA \u00b7 BCER permitted","tooltip_line5":"Post-2016 permits only \u2014 layer is partial","tooltip_line6":""}},{"type":"Feature","geometry":{"type":"LineString","coordinates":[[-121.24816,56.54393],[-121.22297,56.52547],[-121.2183,56.5226],[-121.21634,56.52062],[-121.19078,56.50181],[-121.15878,56.47934],[-121.15262,56.47405],[-121.15418,56.47349],[-121.15295,56.47244],[-121.15152,56.47295],[-121.1454,56.46819],[-121.13563,56.46796],[-121.13598,56.46129],[-121.13493,56.46046],[-121.13577,56.4598],[-121.1254,56.4514],[-121.12539,56.44911],[-121.12085,56.44684],[-121.11945,56.44736],[-121.08697,56.42077],[-121.07313,56.4134],[-121.07333,56.40568],[-121.06916,56.40237],[-121.06945,56.40031],[-121.06656,56.40031],[-121.0656,56.39955],[-121.0656,56.39892],[-121.04524,56.39892],[-121.03156,56.39303],[-121.00998,56.3773],[-120.9922,56.36962],[-120.9922,56.36884],[-120.98038,56.36373],[-120.97845,56.36373],[-120.97775,56.36326]]},"properties":{"operator_group":"Other BC operator","is_key_operator":false,"tooltip_title":"Plateau Pipe Line Ltd.","tooltip_line1":"Plateau Pipe Line Ltd.","tooltip_line2":"Transmission \u00b7 28.0 km","tooltip_line3":"Project 000026702 seg 1 \u00b7 New","tooltip_line4":"Authority: ERAA \u00b7 BCER permitted","tooltip_line5":"Post-2016 permits only \u2014 layer is partial","tooltip_line6":""}},{"type":"Feature","geometry":{"type":"LineString","coordinates":[[-120.97775,56.36326],[-120.9666,56.35571],[-120.94562,56.35572],[-120.94396,56.35625],[-120.9412,56.35625],[-120.93848,56.35537],[-120.92745,56.35538],[-120.92745,56.35348],[-120.92364,56.35348],[-120.9227,56.35424],[-120.9227,56.35538],[-120.90481,56.35513],[-120.89977,56.35416],[-120.89977,56.31727],[-120.8854,56.30876],[-120.87315,56.30337],[-120.86105,56.29608],[-120.86133,56.28985],[-120.85216,56.28985],[-120.84393,56.28582],[-120.832,56.2854],[-120.82898,56.28322]]},"properties":{"operator_group":"Other BC operator","is_key_operator":false,"tooltip_title":"Plateau Pipe Line Ltd.","tooltip_line1":"Plateau Pipe Line Ltd.","tooltip_line2":"Transmission \u00b7 16.2 km","tooltip_line3":"Project 000026703 seg 1 \u00b7 New","tooltip_line4":"Authority: ERAA \u00b7 BCER permitted","tooltip_line5":"Post-2016 permits only \u2014 layer is partial","tooltip_line6":""}},{"type":"Feature","geometry":{"type":"LineString","coordinates":[[-120.82898,56.28322],[-120.82591,56.28107],[-120.81779,56.27384],[-120.8,56.27052],[-120.79696,56.27214],[-120.79468,56.27125],[-120.78478,56.26976],[-120.78477,56.26765],[-120.77804,56.26718],[-120.73571,56.2606],[-120.73016,56.26059],[-120.73015,56.26142],[-120.70415,56.26123],[-120.69059,56.25853],[-120.68656,56.25852],[-120.68494,56.25754],[-120.679,56.25315],[-120.67702,56.24928],[-120.67636,56.24684],[-120.67636,56.24442],[-120.67151,56.23427],[-120.66,56.22747],[-120.65783,56.22479],[-120.65877,56.22405],[-120.65778,56.22366],[-120.65215,56.21667],[-120.6521,56.21461],[-120.65102,56.21403],[-120.64967,56.21175],[-120.64823,56.21196],[-120.64738,56.21013],[-120.64712,56.20653],[-120.64651,56.20506],[-120.64541,56.20506],[-120.64561,56.19528],[-120.64701,56.19529],[-120.6471,56.18622],[-120.65065,56.17508],[-120.64877,56.17486],[-120.64886,56.17434],[-120.64514,56.17434],[-120.64514,56.17226],[-120.64536,56.16869],[-120.64909,56.1681]]},"properties":{"operator_group":"Other BC operator","is_key_operator":false,"tooltip_title":"Plateau Pipe Line Ltd.","tooltip_line1":"Plateau Pipe Line Ltd.","tooltip_line2":"Transmission \u00b7 21.7 km","tooltip_line3":"Project 000026704 seg 1 \u00b7 New","tooltip_line4":"Authority: ERAA \u00b7 BCER permitted","tooltip_line5":"Post-2016 permits only \u2014 layer is partial","tooltip_line6":""}},{"type":"Feature","geometry":{"type":"LineString","coordinates":[[-120.6771,56.11758],[-120.67848,56.12115],[-120.67825,56.12161]]},"properties":{"operator_group":"Westcoast Energy","is_key_operator":true,"tooltip_title":"Westcoast Energy","tooltip_line1":"Westcoast Energy GP Inc.","tooltip_line2":"Transmission \u00b7 0.5 km","tooltip_line3":"Project 000026712 seg 1 \u00b7 New","tooltip_line4":"Authority: CER \u00b7 BCER permitted","tooltip_line5":"Post-2016 permits only \u2014 layer is partial","tooltip_line6":""}},{"type":"Feature","geometry":{"type":"LineString","coordinates":[[-122.11809,56.79948],[-122.11627,56.80056],[-122.11597,56.80133]]},"properties":{"operator_group":"Other BC operator","is_key_operator":false,"tooltip_title":"Plateau Pipe Line Ltd.","tooltip_line1":"Plateau Pipe Line Ltd.","tooltip_line2":"Transmission \u00b7 0.3 km","tooltip_line3":"Project 000026803 seg 1 \u00b7 Active","tooltip_line4":"Authority: ERAA \u00b7 BCER permitted","tooltip_line5":"Post-2016 permits only \u2014 layer is partial","tooltip_line6":""}},{"type":"Feature","geometry":{"type":"LineString","coordinates":[[-122.118,56.7995],[-122.1162,56.80058],[-122.11593,56.80132]]},"properties":{"operator_group":"Other BC operator","is_key_operator":false,"tooltip_title":"Plateau Pipe Line Ltd.","tooltip_line1":"Plateau Pipe Line Ltd.","tooltip_line2":"Transmission \u00b7 0.3 km","tooltip_line3":"Project 000026803 seg 2 \u00b7 Active","tooltip_line4":"Authority: ERAA \u00b7 BCER permitted","tooltip_line5":"Post-2016 permits only \u2014 layer is partial","tooltip_line6":""}},{"type":"Feature","geometry":{"type":"LineString","coordinates":[[-122.33731,57.02802],[-122.3356,57.02831],[-122.33405,57.02724],[-122.33555,57.02561],[-122.33417,57.0244],[-122.33017,57.02465],[-122.3193,57.0185],[-122.29249,57.01678]]},"properties":{"operator_group":"Other BC operator","is_key_operator":false,"tooltip_title":"PETRONAS Energy Canada Ltd.","tooltip_line1":"PETRONAS Energy Canada Ltd.","tooltip_line2":"Transmission \u00b7 3.5 km","tooltip_line3":"Project 000026983 seg 4 \u00b7 New","tooltip_line4":"Authority: ERAA \u00b7 BCER permitted","tooltip_line5":"Post-2016 permits only \u2014 layer is partial","tooltip_line6":""}},{"type":"Feature","geometry":{"type":"LineString","coordinates":[[-122.86337,55.1426],[-122.87387,55.14113],[-122.88398,55.13763],[-122.88407,55.13684],[-122.89692,55.13231],[-122.92248,55.12159],[-122.92264,55.12099],[-122.9259,55.11952],[-122.94394,55.11928],[-122.94983,55.11794],[-122.95507,55.11791],[-122.96137,55.11643],[-122.97388,55.11651],[-122.97482,55.11618],[-122.98629,55.10181],[-122.98691,55.10197],[-122.99585,55.09279],[-122.99996,55.0877],[-123.00483,55.08139],[-123.00739,55.07664],[-123.00676,55.07649],[-123.00738,55.07548],[-123.01612,55.06763],[-123.01777,55.06532],[-123.01917,55.06323],[-123.02236,55.05397],[-123.02409,55.05211],[-123.02477,55.05022],[-123.02495,55.04614],[-123.02668,55.04365],[-123.02832,55.03924],[-123.0305,55.03572],[-123.03094,55.03346]]},"properties":{"operator_group":"Westcoast Energy","is_key_operator":true,"tooltip_title":"Westcoast Energy","tooltip_line1":"Westcoast Energy GP Inc.","tooltip_line2":"Transmission \u00b7 18.1 km","tooltip_line3":"Project 000027016 seg 1 \u00b7 New","tooltip_line4":"Authority: CER \u00b7 BCER permitted","tooltip_line5":"Post-2016 permits only \u2014 layer is partial","tooltip_line6":""}},{"type":"Feature","geometry":{"type":"LineString","coordinates":[[-122.23159,56.98477],[-122.23858,56.9834],[-122.23349,56.97985],[-122.23328,56.97866],[-122.23392,56.97812],[-122.23246,56.97761],[-122.23439,56.97598],[-122.23565,56.97641],[-122.23646,56.97584],[-122.23557,56.97393],[-122.23386,56.97392],[-122.2339,56.97154],[-122.23356,56.97129],[-122.22677,56.96896],[-122.22641,56.96795],[-122.22734,56.96785],[-122.22716,56.96733],[-122.22773,56.96676]]},"properties":{"operator_group":"Other BC operator","is_key_operator":false,"tooltip_title":"PETRONAS Energy Canada Ltd.","tooltip_line1":"PETRONAS Energy Canada Ltd.","tooltip_line2":"Transmission \u00b7 3.1 km","tooltip_line3":"Project 000027031 seg 1 \u00b7 New","tooltip_line4":"Authority: ERAA \u00b7 BCER permitted","tooltip_line5":"Post-2016 permits only \u2014 layer is partial","tooltip_line6":""}},{"type":"Feature","geometry":{"type":"LineString","coordinates":[[-122.11445,56.94413],[-122.11294,56.94549],[-122.11054,56.94471],[-122.11367,56.94183],[-122.11297,56.93883],[-122.10833,56.93606],[-122.08973,56.93902],[-122.0869,56.93871],[-122.06992,56.93192],[-122.0644,56.92951],[-122.06027,56.92699],[-122.05939,56.92691],[-122.05711,56.92309]]},"properties":{"operator_group":"Other BC operator","is_key_operator":false,"tooltip_title":"PETRONAS Energy Canada Ltd.","tooltip_line1":"PETRONAS Energy Canada Ltd.","tooltip_line2":"Transmission \u00b7 5.4 km","tooltip_line3":"Project 000027031 seg 2 \u00b7 New","tooltip_line4":"Authority: ERAA \u00b7 BCER permitted","tooltip_line5":"Post-2016 permits only \u2014 layer is partial","tooltip_line6":""}},{"type":"Feature","geometry":{"type":"LineString","coordinates":[[-122.61475,54.28682],[-122.61424,54.28604],[-122.61489,54.2859],[-122.61274,54.28252],[-122.60619,54.26673],[-122.60288,54.26456],[-122.60327,54.26131],[-122.59435,54.24042],[-122.59416,54.23537],[-122.59301,54.23469],[-122.59292,54.23215],[-122.59393,54.23153],[-122.59393,54.2299],[-122.59485,54.22783],[-122.59365,54.22477],[-122.59221,54.1939],[-122.60282,54.14758],[-122.60124,54.14615],[-122.60226,54.14337],[-122.60413,54.14268],[-122.61427,54.11688],[-122.61591,54.11396]]},"properties":{"operator_group":"Westcoast Energy","is_key_operator":true,"tooltip_title":"Westcoast Energy","tooltip_line1":"Westcoast Energy GP Inc.","tooltip_line2":"Transmission \u00b7 19.8 km","tooltip_line3":"Project 000027039 seg 1 \u00b7 New","tooltip_line4":"Authority: CER \u00b7 BCER permitted","tooltip_line5":"Post-2016 permits only \u2014 layer is partial","tooltip_line6":""}}]}