{"type":"FeatureCollection","features":[{"type":"Feature","geometry":{"type":"Point","coordinates":[-110.28821,51.36463]},"properties":{"LICINSTNO":"80064-1","INSTA_LIC":"80064","INSTA_NUM":"1","INSTA_TYPE":"Meter Station","BA_NAME":"NOVA Gas Transmission Ltd.","POWER":0.0,"PRIME_SORC":null,"INST_LOCAT":"08-01-028-03W4","FLD_CENTRE":"Medicine Hat","SUBSTANCE1":"Natural Gas","PLINSTATUS":"Operating"}},{"type":"Feature","geometry":{"type":"Point","coordinates":[-112.10005,50.39699]},"properties":{"LICINSTNO":"80064-2","INSTA_LIC":"80064","INSTA_NUM":"2","INSTA_TYPE":"Meter Station","BA_NAME":"NOVA Gas Transmission Ltd.","POWER":0.0,"PRIME_SORC":null,"INST_LOCAT":"15-35-016-16W4","FLD_CENTRE":"Medicine Hat","SUBSTANCE1":"Natural Gas","PLINSTATUS":"Operating"}},{"type":"Feature","geometry":{"type":"Point","coordinates":[-111.82892,50.57406]},"properties":{"LICINSTNO":"80064-4","INSTA_LIC":"80064","INSTA_NUM":"4","INSTA_TYPE":"Meter Station","BA_NAME":"NOVA Gas Transmission Ltd.","POWER":0.0,"PRIME_SORC":null,"INST_LOCAT":"01-02-019-14W4","FLD_CENTRE":"Medicine Hat","SUBSTANCE1":"Natural Gas","PLINSTATUS":"Operating"}},{"type":"Feature","geometry":{"type":"Point","coordinates":[-111.88238,50.5381]},"properties":{"LICINSTNO":"80064-5","INSTA_LIC":"80064","INSTA_NUM":"5","INSTA_TYPE":"Meter Station","BA_NAME":"NOVA Gas Transmission Ltd.","POWER":0.0,"PRIME_SORC":null,"INST_LOCAT":"12-21-018-14W4","FLD_CENTRE":"Medicine Hat","SUBSTANCE1":"Natural Gas","PLINSTATUS":"Operating"}},{"type":"Feature","geometry":{"type":"Point","coordinates":[-110.03073,50.68133]},"properties":{"LICINSTNO":"80064-13","INSTA_LIC":"80064","INSTA_NUM":"13","INSTA_TYPE":"Meter Station","BA_NAME":"NOVA Gas Transmission Ltd.","POWER":0.0,"PRIME_SORC":null,"INST_LOCAT":"09-11-020-01W4","FLD_CENTRE":"Medicine Hat","SUBSTANCE1":"Natural Gas","PLINSTATUS":"Operating"}},{"type":"Feature","geometry":{"type":"Point","coordinates":[-111.15752,50.70266]},"properties":{"LICINSTNO":"80064-14","INSTA_LIC":"80064","INSTA_NUM":"14","INSTA_TYPE":"Meter Station","BA_NAME":"NOVA Gas Transmission Ltd.","POWER":0.0,"PRIME_SORC":null,"INST_LOCAT":"13-14-020-09W4","FLD_CENTRE":"Medicine Hat","SUBSTANCE1":"Natural Gas","PLINSTATUS":"Operating"}},{"type":"Feature","geometry":{"type":"Point","coordinates":[-111.87148,50.45522]},"properties":{"LICINSTNO":"80064-16","INSTA_LIC":"80064","INSTA_NUM":"16","INSTA_TYPE":"Meter Station","BA_NAME":"NOVA Gas Transmission Ltd.","POWER":0.0,"PRIME_SORC":null,"INST_LOCAT":"15-21-017-14W4","FLD_CENTRE":"Medicine Hat","SUBSTANCE1":"Natural Gas","PLINSTATUS":"Operating"}},{"type":"Feature","geometry":{"type":"Point","coordinates":[-112.9126,49.88918]},"properties":{"LICINSTNO":"80064-17","INSTA_LIC":"80064","INSTA_NUM":"17","INSTA_TYPE":"Meter Station","BA_NAME":"NOVA Gas Transmission Ltd.","POWER":0.0,"PRIME_SORC":null,"INST_LOCAT":"04-11-011-22W4","FLD_CENTRE":"Medicine Hat","SUBSTANCE1":"Natural Gas","PLINSTATUS":"Operating"}},{"type":"Feature","geometry":{"type":"Point","coordinates":[-111.96574,50.62892]},"properties":{"LICINSTNO":"80064-18","INSTA_LIC":"80064","INSTA_NUM":"18","INSTA_TYPE":"Meter Station","BA_NAME":"NOVA Gas Transmission Ltd.","POWER":0.0,"PRIME_SORC":null,"INST_LOCAT":"13-24-019-15W4","FLD_CENTRE":"Medicine Hat","SUBSTANCE1":"Natural Gas","PLINSTATUS":"Operating"}},{"type":"Feature","geometry":{"type":"Point","coordinates":[-111.59104,50.97898]},"properties":{"LICINSTNO":"80064-19","INSTA_LIC":"80064","INSTA_NUM":"19","INSTA_TYPE":"Meter Station","BA_NAME":"NOVA Gas Transmission Ltd.","POWER":0.0,"PRIME_SORC":null,"INST_LOCAT":"16-22-023-12W4","FLD_CENTRE":"Medicine Hat","SUBSTANCE1":"Natural Gas","PLINSTATUS":"Operating"}},{"type":"Feature","geometry":{"type":"Point","coordinates":[-111.90973,50.5223]},"properties":{"LICINSTNO":"80064-25","INSTA_LIC":"80064","INSTA_NUM":"25","INSTA_TYPE":"Meter Station","BA_NAME":"NOVA Gas Transmission Ltd.","POWER":0.0,"PRIME_SORC":null,"INST_LOCAT":"09-18-018-14W4","FLD_CENTRE":"Medicine Hat","SUBSTANCE1":"Natural Gas","PLINSTATUS":"Operating"}},{"type":"Feature","geometry":{"type":"Point","coordinates":[-112.87225,50.00362]},"properties":{"LICINSTNO":"80064-27","INSTA_LIC":"80064","INSTA_NUM":"27","INSTA_TYPE":"Meter Station","BA_NAME":"NOVA Gas Transmission Ltd.","POWER":0.0,"PRIME_SORC":null,"INST_LOCAT":"16-13-012-22W4","FLD_CENTRE":"Medicine Hat","SUBSTANCE1":"Natural Gas","PLINSTATUS":"Operating"}},{"type":"Feature","geometry":{"type":"Point","coordinates":[-112.91736,49.57372]},"properties":{"LICINSTNO":"80064-28","INSTA_LIC":"80064","INSTA_NUM":"28","INSTA_TYPE":"Meter Station","BA_NAME":"NOVA Gas Transmission Ltd.","POWER":0.0,"PRIME_SORC":null,"INST_LOCAT":"08-21-007-22W4","FLD_CENTRE":"Medicine Hat","SUBSTANCE1":"Natural Gas","PLINSTATUS":"Operating"}},{"type":"Feature","geometry":{"type":"Point","coordinates":[-111.958,50.49161]},"properties":{"LICINSTNO":"80064-29","INSTA_LIC":"80064","INSTA_NUM":"29","INSTA_TYPE":"Meter Station","BA_NAME":"NOVA Gas Transmission Ltd.","POWER":0.0,"PRIME_SORC":null,"INST_LOCAT":"07-02-018-15W4","FLD_CENTRE":"Medicine Hat","SUBSTANCE1":"Natural Gas","PLINSTATUS":"Operating"}},{"type":"Feature","geometry":{"type":"Point","coordinates":[-110.05032,50.68264]},"properties":{"LICINSTNO":"80064-30","INSTA_LIC":"80064","INSTA_NUM":"30","INSTA_TYPE":"Meter Station","BA_NAME":"NOVA Gas Transmission Ltd.","POWER":0.0,"PRIME_SORC":null,"INST_LOCAT":"11-09-020-10W4","FLD_CENTRE":"Medicine Hat","SUBSTANCE1":"Natural Gas","PLINSTATUS":"Operating"}},{"type":"Feature","geometry":{"type":"Point","coordinates":[-111.29215,50.6828]},"properties":{"LICINSTNO":"80064-31","INSTA_LIC":"80064","INSTA_NUM":"31","INSTA_TYPE":"Meter Station","BA_NAME":"NOVA Gas Transmission Ltd.","POWER":0.0,"PRIME_SORC":null,"INST_LOCAT":"12-11-020-10W4","FLD_CENTRE":"Medicine Hat","SUBSTANCE1":"Natural Gas","PLINSTATUS":"Operating"}},{"type":"Feature","geometry":{"type":"Point","coordinates":[-112.78177,51.1155]},"properties":{"LICINSTNO":"80064-32","INSTA_LIC":"80064","INSTA_NUM":"32","INSTA_TYPE":"Meter Station","BA_NAME":"NOVA Gas Transmission Ltd.","POWER":0.0,"PRIME_SORC":null,"INST_LOCAT":"07-07-025-20W4","FLD_CENTRE":"Medicine Hat","SUBSTANCE1":"Natural Gas","PLINSTATUS":"Operating"}},{"type":"Feature","geometry":{"type":"Point","coordinates":[-113.04933,49.79614]},"properties":{"LICINSTNO":"80064-33","INSTA_LIC":"80064","INSTA_NUM":"33","INSTA_TYPE":"Meter Station","BA_NAME":"NOVA Gas Transmission Ltd.","POWER":0.0,"PRIME_SORC":null,"INST_LOCAT":"12-03-010-23W4","FLD_CENTRE":"Medicine Hat","SUBSTANCE1":"Natural Gas","PLINSTATUS":"Operating"}},{"type":"Feature","geometry":{"type":"Point","coordinates":[-112.85315,49.5251]},"properties":{"LICINSTNO":"80064-34","INSTA_LIC":"80064","INSTA_NUM":"34","INSTA_TYPE":"Meter Station","BA_NAME":"NOVA Gas Transmission Ltd.","POWER":0.0,"PRIME_SORC":null,"INST_LOCAT":"02-01-007-22W4","FLD_CENTRE":"Medicine Hat","SUBSTANCE1":"Natural Gas","PLINSTATUS":"Operating"}},{"type":"Feature","geometry":{"type":"Point","coordinates":[-113.81209,49.31272]},"properties":{"LICINSTNO":"80064-35","INSTA_LIC":"80064","INSTA_NUM":"35","INSTA_TYPE":"Meter Station","BA_NAME":"NOVA Gas Transmission Ltd.","POWER":0.0,"PRIME_SORC":null,"INST_LOCAT":"05-23-004-29W4","FLD_CENTRE":"Medicine Hat","SUBSTANCE1":"Natural Gas","PLINSTATUS":"Operating"}},{"type":"Feature","geometry":{"type":"Point","coordinates":[-111.5497,50.68866]},"properties":{"LICINSTNO":"80064-36","INSTA_LIC":"80064","INSTA_NUM":"36","INSTA_TYPE":"Meter Station","BA_NAME":"NOVA Gas Transmission Ltd.","POWER":0.0,"PRIME_SORC":null,"INST_LOCAT":"04-13-020-12W4","FLD_CENTRE":"Medicine Hat","SUBSTANCE1":"Natural Gas","PLINSTATUS":"Operating"}},{"type":"Feature","geometry":{"type":"Point","coordinates":[-111.61896,51.02361]},"properties":{"LICINSTNO":"80066-1","INSTA_LIC":"80066","INSTA_NUM":"1","INSTA_TYPE":"Meter Station","BA_NAME":"NOVA Gas Transmission Ltd.","POWER":0.0,"PRIME_SORC":null,"INST_LOCAT":"02-09-024-12W4","FLD_CENTRE":"Medicine Hat","SUBSTANCE1":"Natural Gas","PLINSTATUS":"Operating"}},{"type":"Feature","geometry":{"type":"Point","coordinates":[-111.61799,51.02357]},"properties":{"LICINSTNO":"80066-2","INSTA_LIC":"80066","INSTA_NUM":"2","INSTA_TYPE":"Meter Station","BA_NAME":"NOVA Gas Transmission Ltd.","POWER":0.0,"PRIME_SORC":null,"INST_LOCAT":"02-09-024-12W4","FLD_CENTRE":"Medicine Hat","SUBSTANCE1":"Natural Gas","PLINSTATUS":"Operating"}},{"type":"Feature","geometry":{"type":"Point","coordinates":[-110.56818,51.44491]},"properties":{"LICINSTNO":"80067-1","INSTA_LIC":"80067","INSTA_NUM":"1","INSTA_TYPE":"Meter Station","BA_NAME":"NOVA Gas Transmission Ltd.","POWER":0.0,"PRIME_SORC":null,"INST_LOCAT":"16-36-028-05W4","FLD_CENTRE":"Medicine Hat","SUBSTANCE1":"Natural Gas","PLINSTATUS":"Operating"}},{"type":"Feature","geometry":{"type":"Point","coordinates":[-110.83631,50.78437]},"properties":{"LICINSTNO":"80068-1","INSTA_LIC":"80068","INSTA_NUM":"1","INSTA_TYPE":"Meter Station","BA_NAME":"NOVA Gas Transmission Ltd.","POWER":0.0,"PRIME_SORC":null,"INST_LOCAT":"09-13-021-07W4","FLD_CENTRE":"Medicine Hat","SUBSTANCE1":"Natural Gas","PLINSTATUS":"Operating"}},{"type":"Feature","geometry":{"type":"Point","coordinates":[-111.51329,50.90827]},"properties":{"LICINSTNO":"80069-1","INSTA_LIC":"80069","INSTA_NUM":"1","INSTA_TYPE":"Meter Station","BA_NAME":"NOVA Gas Transmission Ltd.","POWER":0.0,"PRIME_SORC":null,"INST_LOCAT":"02-31-022-11W4","FLD_CENTRE":"Medicine Hat","SUBSTANCE1":"Natural Gas","PLINSTATUS":"Operating"}},{"type":"Feature","geometry":{"type":"Point","coordinates":[-111.69082,50.81176]},"properties":{"LICINSTNO":"80071-2","INSTA_LIC":"80071","INSTA_NUM":"2","INSTA_TYPE":"Meter Station","BA_NAME":"NOVA Gas Transmission Ltd.","POWER":0.0,"PRIME_SORC":null,"INST_LOCAT":"08-26-021-13W4","FLD_CENTRE":"Medicine Hat","SUBSTANCE1":"Natural Gas","PLINSTATUS":"Operating"}},{"type":"Feature","geometry":{"type":"Point","coordinates":[-111.77581,50.78578]},"properties":{"LICINSTNO":"80071-5","INSTA_LIC":"80071","INSTA_NUM":"5","INSTA_TYPE":"Meter Station","BA_NAME":"NOVA Gas Transmission Ltd.","POWER":0.0,"PRIME_SORC":null,"INST_LOCAT":"11-17-021-13W4","FLD_CENTRE":"Medicine Hat","SUBSTANCE1":"Natural Gas","PLINSTATUS":"Operating"}},{"type":"Feature","geometry":{"type":"Point","coordinates":[-112.45069,50.92043]},"properties":{"LICINSTNO":"80074-2","INSTA_LIC":"80074","INSTA_NUM":"2","INSTA_TYPE":"Meter Station","BA_NAME":"NOVA Gas Transmission Ltd.","POWER":0.0,"PRIME_SORC":null,"INST_LOCAT":"13-33-022-18W4","FLD_CENTRE":"Calgary","SUBSTANCE1":"Natural Gas","PLINSTATUS":"Operating"}},{"type":"Feature","geometry":{"type":"Point","coordinates":[-112.77025,51.35949]},"properties":{"LICINSTNO":"80075-1","INSTA_LIC":"80075","INSTA_NUM":"1","INSTA_TYPE":"Meter Station","BA_NAME":"NOVA Gas Transmission Ltd.","POWER":0.0,"PRIME_SORC":null,"INST_LOCAT":"04-04-028-20W4","FLD_CENTRE":"Calgary","SUBSTANCE1":"Natural Gas","PLINSTATUS":"Operating"}},{"type":"Feature","geometry":{"type":"Point","coordinates":[-112.80976,51.09548]},"properties":{"LICINSTNO":"80076-1","INSTA_LIC":"80076","INSTA_NUM":"1","INSTA_TYPE":"Meter Station","BA_NAME":"NOVA Gas Transmission Ltd.","POWER":0.0,"PRIME_SORC":null,"INST_LOCAT":"14-36-024-21W4","FLD_CENTRE":"Calgary","SUBSTANCE1":"Natural Gas","PLINSTATUS":"Operating"}},{"type":"Feature","geometry":{"type":"Point","coordinates":[-110.2573,50.32706]},"properties":{"LICINSTNO":"80079-2","INSTA_LIC":"80079","INSTA_NUM":"2","INSTA_TYPE":"Meter Station","BA_NAME":"NOVA Gas Transmission Ltd.","POWER":0.0,"PRIME_SORC":null,"INST_LOCAT":"01-07-016-02W4","FLD_CENTRE":"Medicine Hat","SUBSTANCE1":"Natural Gas","PLINSTATUS":"Operating"}},{"type":"Feature","geometry":{"type":"Point","coordinates":[-110.14155,50.33741]},"properties":{"LICINSTNO":"80079-3","INSTA_LIC":"80079","INSTA_NUM":"3","INSTA_TYPE":"Meter Station","BA_NAME":"NOVA Gas Transmission Ltd.","POWER":0.0,"PRIME_SORC":null,"INST_LOCAT":"13-07-016-01W4","FLD_CENTRE":"Medicine Hat","SUBSTANCE1":"Natural Gas","PLINSTATUS":"Operating"}},{"type":"Feature","geometry":{"type":"Point","coordinates":[-110.76334,51.95988]},"properties":{"LICINSTNO":"80080-1","INSTA_LIC":"80080","INSTA_NUM":"1","INSTA_TYPE":"Meter Station","BA_NAME":"NOVA Gas Transmission Ltd.","POWER":0.0,"PRIME_SORC":null,"INST_LOCAT":"08-34-034-06W4","FLD_CENTRE":"Wainwright","SUBSTANCE1":"Natural Gas","PLINSTATUS":"Operating"}},{"type":"Feature","geometry":{"type":"Point","coordinates":[-110.94924,51.82373]},"properties":{"LICINSTNO":"80080-2","INSTA_LIC":"80080","INSTA_NUM":"2","INSTA_TYPE":"Meter Station","BA_NAME":"NOVA Gas Transmission Ltd.","POWER":0.0,"PRIME_SORC":null,"INST_LOCAT":"04-16-033-07W4","FLD_CENTRE":"Wainwright","SUBSTANCE1":"Natural Gas","PLINSTATUS":"Operating"}},{"type":"Feature","geometry":{"type":"Point","coordinates":[-110.63178,51.96756]},"properties":{"LICINSTNO":"80081-3","INSTA_LIC":"80081","INSTA_NUM":"3","INSTA_TYPE":"Meter Station","BA_NAME":"NOVA Gas Transmission Ltd.","POWER":0.0,"PRIME_SORC":null,"INST_LOCAT":"14-34-034-05W4","FLD_CENTRE":"Medicine Hat","SUBSTANCE1":"Natural Gas","PLINSTATUS":"Operating"}},{"type":"Feature","geometry":{"type":"Point","coordinates":[-110.5302,51.48249]},"properties":{"LICINSTNO":"80081-7","INSTA_LIC":"80081","INSTA_NUM":"7","INSTA_TYPE":"Meter Station","BA_NAME":"NOVA Gas Transmission Ltd.","POWER":0.0,"PRIME_SORC":null,"INST_LOCAT":"10-17-029-04W4","FLD_CENTRE":"Medicine Hat","SUBSTANCE1":"Natural Gas","PLINSTATUS":"Operating"}},{"type":"Feature","geometry":{"type":"Point","coordinates":[-110.5248,51.36554]},"properties":{"LICINSTNO":"80081-12","INSTA_LIC":"80081","INSTA_NUM":"12","INSTA_TYPE":"Meter Station","BA_NAME":"NOVA Gas Transmission Ltd.","POWER":0.0,"PRIME_SORC":null,"INST_LOCAT":"09-05-028-04W4","FLD_CENTRE":"Medicine Hat","SUBSTANCE1":"Natural Gas","PLINSTATUS":"Operating"}},{"type":"Feature","geometry":{"type":"Point","coordinates":[-110.75349,51.59151]},"properties":{"LICINSTNO":"80081-14","INSTA_LIC":"80081","INSTA_NUM":"14","INSTA_TYPE":"Meter Station","BA_NAME":"NOVA Gas Transmission Ltd.","POWER":0.0,"PRIME_SORC":null,"INST_LOCAT":"04-26-030-06W4","FLD_CENTRE":"Medicine Hat","SUBSTANCE1":"Natural Gas","PLINSTATUS":"Operating"}},{"type":"Feature","geometry":{"type":"Point","coordinates":[-110.51594,51.42509]},"properties":{"LICINSTNO":"80081-16","INSTA_LIC":"80081","INSTA_NUM":"16","INSTA_TYPE":"Meter Station","BA_NAME":"NOVA Gas Transmission Ltd.","POWER":0.0,"PRIME_SORC":null,"INST_LOCAT":"12-28-028-04W4","FLD_CENTRE":"Medicine Hat","SUBSTANCE1":"Natural Gas","PLINSTATUS":"Operating"}},{"type":"Feature","geometry":{"type":"Point","coordinates":[-111.41106,50.65994]},"properties":{"LICINSTNO":"80081-19","INSTA_LIC":"80081","INSTA_NUM":"19","INSTA_TYPE":"Meter Station","BA_NAME":"NOVA Gas Transmission Ltd.","POWER":0.0,"PRIME_SORC":null,"INST_LOCAT":"04-01-020-11W4","FLD_CENTRE":"Medicine Hat","SUBSTANCE1":"Natural Gas","PLINSTATUS":"Operating"}},{"type":"Feature","geometry":{"type":"Point","coordinates":[-110.63564,51.33245]},"properties":{"LICINSTNO":"80081-24","INSTA_LIC":"80081","INSTA_NUM":"24","INSTA_TYPE":"Meter Station","BA_NAME":"NOVA Gas Transmission Ltd.","POWER":0.0,"PRIME_SORC":null,"INST_LOCAT":"04-27-027-05W4","FLD_CENTRE":"Medicine Hat","SUBSTANCE1":"Natural Gas","PLINSTATUS":"Operating"}},{"type":"Feature","geometry":{"type":"Point","coordinates":[-110.80977,51.79398]},"properties":{"LICINSTNO":"80081-26","INSTA_LIC":"80081","INSTA_NUM":"26","INSTA_TYPE":"Meter Station","BA_NAME":"NOVA Gas Transmission Ltd.","POWER":0.0,"PRIME_SORC":null,"INST_LOCAT":"16-32-032-06W4","FLD_CENTRE":"Medicine Hat","SUBSTANCE1":"Natural Gas","PLINSTATUS":"Operating"}},{"type":"Feature","geometry":{"type":"Point","coordinates":[-110.54609,51.64811]},"properties":{"LICINSTNO":"80081-28","INSTA_LIC":"80081","INSTA_NUM":"28","INSTA_TYPE":"Meter Station","BA_NAME":"NOVA Gas Transmission Ltd.","POWER":0.0,"PRIME_SORC":null,"INST_LOCAT":"13-08-031-04W4","FLD_CENTRE":"Medicine Hat","SUBSTANCE1":"Natural Gas","PLINSTATUS":"Operating"}},{"type":"Feature","geometry":{"type":"Point","coordinates":[-110.42715,50.86485]},"properties":{"LICINSTNO":"80081-29","INSTA_LIC":"80081","INSTA_NUM":"29","INSTA_TYPE":"Meter Station","BA_NAME":"NOVA Gas Transmission Ltd.","POWER":0.0,"PRIME_SORC":null,"INST_LOCAT":"02-13-022-04W4","FLD_CENTRE":"Medicine Hat","SUBSTANCE1":"Natural Gas","PLINSTATUS":"Operating"}},{"type":"Feature","geometry":{"type":"Point","coordinates":[-110.69947,52.09749]},"properties":{"LICINSTNO":"80081-30","INSTA_LIC":"80081","INSTA_NUM":"30","INSTA_TYPE":"Meter Station","BA_NAME":"NOVA Gas Transmission Ltd.","POWER":0.0,"PRIME_SORC":null,"INST_LOCAT":"16-18-036-05W4","FLD_CENTRE":"Medicine Hat","SUBSTANCE1":"Natural Gas","PLINSTATUS":"Operating"}},{"type":"Feature","geometry":{"type":"Point","coordinates":[-110.28514,51.61112]},"properties":{"LICINSTNO":"80081-31","INSTA_LIC":"80081","INSTA_NUM":"31","INSTA_TYPE":"Meter Station","BA_NAME":"NOVA Gas Transmission Ltd.","POWER":0.0,"PRIME_SORC":null,"INST_LOCAT":"05-31-030-02W4","FLD_CENTRE":"Medicine Hat","SUBSTANCE1":"Natural Gas","PLINSTATUS":"Operating"}},{"type":"Feature","geometry":{"type":"Point","coordinates":[-111.88845,51.26312]},"properties":{"LICINSTNO":"80082-1","INSTA_LIC":"80082","INSTA_NUM":"1","INSTA_TYPE":"Meter Station","BA_NAME":"NOVA Gas Transmission Ltd.","POWER":0.0,"PRIME_SORC":null,"INST_LOCAT":"05-34-026-14W4","FLD_CENTRE":"Medicine Hat","SUBSTANCE1":"Natural Gas","PLINSTATUS":"Operating"}},{"type":"Feature","geometry":{"type":"Point","coordinates":[-112.3524,51.35862]},"properties":{"LICINSTNO":"80082-2","INSTA_LIC":"80082","INSTA_NUM":"2","INSTA_TYPE":"Meter Station","BA_NAME":"NOVA Gas Transmission Ltd.","POWER":0.0,"PRIME_SORC":null,"INST_LOCAT":"01-05-028-17W4","FLD_CENTRE":"Medicine Hat","SUBSTANCE1":"Natural Gas","PLINSTATUS":"Operating"}},{"type":"Feature","geometry":{"type":"Point","coordinates":[-111.81091,51.24111]},"properties":{"LICINSTNO":"80082-3","INSTA_LIC":"80082","INSTA_NUM":"3","INSTA_TYPE":"Meter Station","BA_NAME":"NOVA Gas Transmission Ltd.","POWER":0.0,"PRIME_SORC":null,"INST_LOCAT":"14-19-026-13W4","FLD_CENTRE":"Medicine Hat","SUBSTANCE1":"Natural Gas","PLINSTATUS":"Operating"}},{"type":"Feature","geometry":{"type":"Point","coordinates":[-111.92794,51.2754]},"properties":{"LICINSTNO":"80082-4","INSTA_LIC":"80082","INSTA_NUM":"4","INSTA_TYPE":"Meter Station","BA_NAME":"NOVA Gas Transmission Ltd.","POWER":0.0,"PRIME_SORC":null,"INST_LOCAT":"08-05-027-14W4","FLD_CENTRE":"Medicine Hat","SUBSTANCE1":"Natural Gas","PLINSTATUS":"Operating"}},{"type":"Feature","geometry":{"type":"Point","coordinates":[-112.04359,51.29928]},"properties":{"LICINSTNO":"80082-5","INSTA_LIC":"80082","INSTA_NUM":"5","INSTA_TYPE":"Meter Station","BA_NAME":"NOVA Gas Transmission Ltd.","POWER":0.0,"PRIME_SORC":null,"INST_LOCAT":"13-10-027-15W4","FLD_CENTRE":"Medicine Hat","SUBSTANCE1":"Natural Gas","PLINSTATUS":"Operating"}},{"type":"Feature","geometry":{"type":"Point","coordinates":[-111.56406,51.23661]},"properties":{"LICINSTNO":"80083-1","INSTA_LIC":"80083","INSTA_NUM":"1","INSTA_TYPE":"Meter Station","BA_NAME":"NOVA Gas Transmission Ltd.","POWER":0.0,"PRIME_SORC":null,"INST_LOCAT":"09-23-026-12W4","FLD_CENTRE":"Medicine Hat","SUBSTANCE1":"Natural Gas","PLINSTATUS":"Operating"}},{"type":"Feature","geometry":{"type":"Point","coordinates":[-111.86144,51.03844]},"properties":{"LICINSTNO":"80084-1","INSTA_LIC":"80084","INSTA_NUM":"1","INSTA_TYPE":"Meter Station","BA_NAME":"NOVA Gas Transmission Ltd.","POWER":0.0,"PRIME_SORC":null,"INST_LOCAT":"04-14-024-14W4","FLD_CENTRE":"Medicine Hat","SUBSTANCE1":"Natural Gas","PLINSTATUS":"Operating"}},{"type":"Feature","geometry":{"type":"Point","coordinates":[-111.65208,51.19107]},"properties":{"LICINSTNO":"80084-4","INSTA_LIC":"80084","INSTA_NUM":"4","INSTA_TYPE":"Meter Station","BA_NAME":"NOVA Gas Transmission Ltd.","POWER":0.0,"PRIME_SORC":null,"INST_LOCAT":"12-05-026-12W4","FLD_CENTRE":"Medicine Hat","SUBSTANCE1":"Natural Gas","PLINSTATUS":"Operating"}},{"type":"Feature","geometry":{"type":"Point","coordinates":[-112.1046,50.70364]},"properties":{"LICINSTNO":"80085-1","INSTA_LIC":"80085","INSTA_NUM":"1","INSTA_TYPE":"Meter Station","BA_NAME":"NOVA Gas Transmission Ltd.","POWER":0.0,"PRIME_SORC":null,"INST_LOCAT":"04-24-020-16W4","FLD_CENTRE":"Medicine Hat","SUBSTANCE1":"Natural Gas","PLINSTATUS":"Operating"}},{"type":"Feature","geometry":{"type":"Point","coordinates":[-112.06513,50.7469]},"properties":{"LICINSTNO":"80085-2","INSTA_LIC":"80085","INSTA_NUM":"2","INSTA_TYPE":"Meter Station","BA_NAME":"NOVA Gas Transmission Ltd.","POWER":0.0,"PRIME_SORC":null,"INST_LOCAT":"02-06-021-15W4","FLD_CENTRE":"Medicine Hat","SUBSTANCE1":"Natural Gas","PLINSTATUS":"Operating"}},{"type":"Feature","geometry":{"type":"Point","coordinates":[-111.40266,51.008]},"properties":{"LICINSTNO":"80086-26","INSTA_LIC":"80086","INSTA_NUM":"26","INSTA_TYPE":"Meter Station","BA_NAME":"NOVA Gas Transmission Ltd.","POWER":0.0,"PRIME_SORC":null,"INST_LOCAT":"16-36-023-11W4","FLD_CENTRE":"Medicine Hat","SUBSTANCE1":"Natural Gas","PLINSTATUS":"Operating"}},{"type":"Feature","geometry":{"type":"Point","coordinates":[-111.47293,50.69804]},"properties":{"LICINSTNO":"80086-27","INSTA_LIC":"80086","INSTA_NUM":"27","INSTA_TYPE":"Meter Station","BA_NAME":"NOVA Gas Transmission Ltd.","POWER":0.0,"PRIME_SORC":null,"INST_LOCAT":"11-16-020-11W4","FLD_CENTRE":"Medicine Hat","SUBSTANCE1":"Natural Gas","PLINSTATUS":"Operating"}},{"type":"Feature","geometry":{"type":"Point","coordinates":[-113.59477,51.81504]},"properties":{"LICINSTNO":"80088-6","INSTA_LIC":"80088","INSTA_NUM":"6","INSTA_TYPE":"Meter Station","BA_NAME":"NOVA Gas Transmission Ltd.","POWER":0.0,"PRIME_SORC":null,"INST_LOCAT":"05-11-033-26W4","FLD_CENTRE":"Red Deer","SUBSTANCE1":"Natural Gas","PLINSTATUS":"Operating"}},{"type":"Feature","geometry":{"type":"Point","coordinates":[-110.56454,51.56361]},"properties":{"LICINSTNO":"80091-1","INSTA_LIC":"80091","INSTA_NUM":"1","INSTA_TYPE":"Meter Station","BA_NAME":"NOVA Gas Transmission Ltd.","POWER":0.0,"PRIME_SORC":null,"INST_LOCAT":"04-18-030-04W4","FLD_CENTRE":"Medicine Hat","SUBSTANCE1":"Natural Gas","PLINSTATUS":"Operating"}},{"type":"Feature","geometry":{"type":"Point","coordinates":[-110.66785,51.69284]},"properties":{"LICINSTNO":"80092-1","INSTA_LIC":"80092","INSTA_NUM":"1","INSTA_TYPE":"Meter Station","BA_NAME":"NOVA Gas Transmission Ltd.","POWER":0.0,"PRIME_SORC":null,"INST_LOCAT":"01-32-031-05W4","FLD_CENTRE":"Medicine Hat","SUBSTANCE1":"Natural Gas","PLINSTATUS":"Operating"}},{"type":"Feature","geometry":{"type":"Point","coordinates":[-112.24585,50.14624]},"properties":{"LICINSTNO":"80094-5","INSTA_LIC":"80094","INSTA_NUM":"5","INSTA_TYPE":"Meter Station","BA_NAME":"NOVA Gas Transmission Ltd.","POWER":0.0,"PRIME_SORC":null,"INST_LOCAT":"11-03-014-17W4","FLD_CENTRE":"Medicine Hat","SUBSTANCE1":"Natural Gas","PLINSTATUS":"Operating"}},{"type":"Feature","geometry":{"type":"Point","coordinates":[-114.58519,49.63522]},"properties":{"LICINSTNO":"80096-4","INSTA_LIC":"80096","INSTA_NUM":"4","INSTA_TYPE":"Meter Station","BA_NAME":"NOVA Gas Transmission Ltd.","POWER":0.0,"PRIME_SORC":null,"INST_LOCAT":"12-11-008-05W5","FLD_CENTRE":"Calgary","SUBSTANCE1":"Natural Gas","PLINSTATUS":"Operating"}},{"type":"Feature","geometry":{"type":"Point","coordinates":[-114.58471,49.63514]},"properties":{"LICINSTNO":"80096-15","INSTA_LIC":"80096","INSTA_NUM":"15","INSTA_TYPE":"Meter Station","BA_NAME":"NOVA Gas Transmission Ltd.","POWER":0.0,"PRIME_SORC":null,"INST_LOCAT":"12-11-008-05W5","FLD_CENTRE":"Calgary","SUBSTANCE1":"Natural Gas","PLINSTATUS":"Operating"}},{"type":"Feature","geometry":{"type":"Point","coordinates":[-114.55266,52.54158]},"properties":{"LICINSTNO":"80098-7","INSTA_LIC":"80098","INSTA_NUM":"7","INSTA_TYPE":"Meter Station","BA_NAME":"NOVA Gas Transmission Ltd.","POWER":0.0,"PRIME_SORC":null,"INST_LOCAT":"05-20-041-04W5","FLD_CENTRE":"Red Deer","SUBSTANCE1":"Natural Gas","PLINSTATUS":"Operating"}},{"type":"Feature","geometry":{"type":"Point","coordinates":[-115.98802,53.70285]},"properties":{"LICINSTNO":"80108-2","INSTA_LIC":"80108","INSTA_NUM":"2","INSTA_TYPE":"Meter Station","BA_NAME":"NOVA Gas Transmission Ltd.","POWER":0.0,"PRIME_SORC":null,"INST_LOCAT":"04-34-054-14W5","FLD_CENTRE":"Red Deer","SUBSTANCE1":"Natural Gas","PLINSTATUS":"Operating"}},{"type":"Feature","geometry":{"type":"Point","coordinates":[-115.09991,52.86881]},"properties":{"LICINSTNO":"80108-3","INSTA_LIC":"80108","INSTA_NUM":"3","INSTA_TYPE":"Meter Station","BA_NAME":"NOVA Gas Transmission Ltd.","POWER":0.0,"PRIME_SORC":null,"INST_LOCAT":"10-09-045-08W5","FLD_CENTRE":"Red Deer","SUBSTANCE1":"Natural Gas","PLINSTATUS":"Operating"}},{"type":"Feature","geometry":{"type":"Point","coordinates":[-115.87849,53.61519]},"properties":{"LICINSTNO":"80108-4","INSTA_LIC":"80108","INSTA_NUM":"4","INSTA_TYPE":"Meter Station","BA_NAME":"NOVA Gas Transmission Ltd.","POWER":0.0,"PRIME_SORC":null,"INST_LOCAT":"02-32-053-13W5","FLD_CENTRE":"Red Deer","SUBSTANCE1":"Natural Gas","PLINSTATUS":"Operating"}},{"type":"Feature","geometry":{"type":"Point","coordinates":[-114.95321,52.667]},"properties":{"LICINSTNO":"80108-5","INSTA_LIC":"80108","INSTA_NUM":"5","INSTA_TYPE":"Meter Station","BA_NAME":"NOVA Gas Transmission Ltd.","POWER":0.0,"PRIME_SORC":null,"INST_LOCAT":"14-33-042-07W5","FLD_CENTRE":"Red Deer","SUBSTANCE1":"Natural Gas","PLINSTATUS":"Operating"}},{"type":"Feature","geometry":{"type":"Point","coordinates":[-115.60828,53.3857]},"properties":{"LICINSTNO":"80108-11","INSTA_LIC":"80108","INSTA_NUM":"11","INSTA_TYPE":"Meter Station","BA_NAME":"NOVA Gas Transmission Ltd.","POWER":0.0,"PRIME_SORC":null,"INST_LOCAT":"07-07-051-11W5","FLD_CENTRE":"Red Deer","SUBSTANCE1":"Natural Gas","PLINSTATUS":"Operating"}},{"type":"Feature","geometry":{"type":"Point","coordinates":[-115.87794,53.61507]},"properties":{"LICINSTNO":"80108-12","INSTA_LIC":"80108","INSTA_NUM":"12","INSTA_TYPE":"Meter Station","BA_NAME":"NOVA Gas Transmission Ltd.","POWER":0.0,"PRIME_SORC":null,"INST_LOCAT":"02-32-053-13W4","FLD_CENTRE":"Red Deer","SUBSTANCE1":"Natural Gas","PLINSTATUS":"Operating"}},{"type":"Feature","geometry":{"type":"Point","coordinates":[-115.32428,52.90538]},"properties":{"LICINSTNO":"80108-22","INSTA_LIC":"80108","INSTA_NUM":"22","INSTA_TYPE":"Meter Station","BA_NAME":"NOVA Gas Transmission Ltd.","POWER":0.0,"PRIME_SORC":null,"INST_LOCAT":"06-25-042-10W5","FLD_CENTRE":"Red Deer","SUBSTANCE1":"Natural Gas","PLINSTATUS":"Operating"}},{"type":"Feature","geometry":{"type":"Point","coordinates":[-115.36393,53.10011]},"properties":{"LICINSTNO":"80108-23","INSTA_LIC":"80108","INSTA_NUM":"23","INSTA_TYPE":"Meter Station","BA_NAME":"NOVA Gas Transmission Ltd.","POWER":0.0,"PRIME_SORC":null,"INST_LOCAT":"12-35-047-10W5","FLD_CENTRE":"Red Deer","SUBSTANCE1":"Natural Gas","PLINSTATUS":"Operating"}},{"type":"Feature","geometry":{"type":"Point","coordinates":[-114.57656,49.63738]},"properties":{"LICINSTNO":"80108-24","INSTA_LIC":"80108","INSTA_NUM":"24","INSTA_TYPE":"Meter Station","BA_NAME":"NOVA Gas Transmission Ltd.","POWER":0.0,"PRIME_SORC":null,"INST_LOCAT":"15-11-008-05W5","FLD_CENTRE":"Red Deer","SUBSTANCE1":"Natural Gas","PLINSTATUS":"Operating"}},{"type":"Feature","geometry":{"type":"Point","coordinates":[-116.46027,53.96088]},"properties":{"LICINSTNO":"80108-25","INSTA_LIC":"80108","INSTA_NUM":"25","INSTA_TYPE":"Meter Station","BA_NAME":"NOVA Gas Transmission Ltd.","POWER":0.0,"PRIME_SORC":null,"INST_LOCAT":"15-28-057-17W5","FLD_CENTRE":"Red Deer","SUBSTANCE1":"Natural Gas","PLINSTATUS":"Operating"}},{"type":"Feature","geometry":{"type":"Point","coordinates":[-114.65565,51.79725]},"properties":{"LICINSTNO":"80108-26","INSTA_LIC":"80108","INSTA_NUM":"26","INSTA_TYPE":"Meter Station","BA_NAME":"NOVA Gas Transmission Ltd.","POWER":0.0,"PRIME_SORC":null,"INST_LOCAT":"03-04-033-05W5","FLD_CENTRE":"Red Deer","SUBSTANCE1":"Natural Gas","PLINSTATUS":"Operating"}},{"type":"Feature","geometry":{"type":"Point","coordinates":[-116.21578,54.18015]},"properties":{"LICINSTNO":"80109-1","INSTA_LIC":"80109","INSTA_NUM":"1","INSTA_TYPE":"Meter Station","BA_NAME":"NOVA Gas Transmission Ltd.","POWER":0.0,"PRIME_SORC":null,"INST_LOCAT":"14-08-060-15W5","FLD_CENTRE":"Edmonton","SUBSTANCE1":"Natural Gas","PLINSTATUS":"Operating"}},{"type":"Feature","geometry":{"type":"Point","coordinates":[-113.3671,49.02566]},"properties":{"LICINSTNO":"80110-2","INSTA_LIC":"80110","INSTA_NUM":"2","INSTA_TYPE":"Meter Station","BA_NAME":"NOVA Gas Transmission Ltd.","POWER":0.0,"PRIME_SORC":null,"INST_LOCAT":"16-11-001-26W4","FLD_CENTRE":"Calgary","SUBSTANCE1":"Natural Gas","PLINSTATUS":"Operating"}},{"type":"Feature","geometry":{"type":"Point","coordinates":[-113.74054,49.1742]},"properties":{"LICINSTNO":"80110-4","INSTA_LIC":"80110","INSTA_NUM":"4","INSTA_TYPE":"Meter Station","BA_NAME":"NOVA Gas Transmission Ltd.","POWER":0.0,"PRIME_SORC":null,"INST_LOCAT":"13-31-002-28W4","FLD_CENTRE":"Calgary","SUBSTANCE1":"Natural Gas","PLINSTATUS":"Operating"}},{"type":"Feature","geometry":{"type":"Point","coordinates":[-114.63036,51.22014]},"properties":{"LICINSTNO":"80111-1","INSTA_LIC":"80111","INSTA_NUM":"1","INSTA_TYPE":"Meter Station","BA_NAME":"NOVA Gas Transmission Ltd.","POWER":0.0,"PRIME_SORC":null,"INST_LOCAT":"09-16-026-05W5","FLD_CENTRE":"Calgary","SUBSTANCE1":"Natural Gas","PLINSTATUS":"Operating"}},{"type":"Feature","geometry":{"type":"Point","coordinates":[-114.88321,52.93309]},"properties":{"LICINSTNO":"80112-1","INSTA_LIC":"80112","INSTA_NUM":"1","INSTA_TYPE":"Meter Station","BA_NAME":"NOVA Gas Transmission Ltd.","POWER":0.0,"PRIME_SORC":null,"INST_LOCAT":"02-01-046-07W5","FLD_CENTRE":"Drayton Valley","SUBSTANCE1":"Natural Gas","PLINSTATUS":"Operating"}},{"type":"Feature","geometry":{"type":"Point","coordinates":[-114.88321,52.93309]},"properties":{"LICINSTNO":"80112-2","INSTA_LIC":"80112","INSTA_NUM":"2","INSTA_TYPE":"Meter Station","BA_NAME":"NOVA Gas Transmission Ltd.","POWER":0.0,"PRIME_SORC":null,"INST_LOCAT":"02-01-046-07W5","FLD_CENTRE":"Drayton Valley","SUBSTANCE1":"Natural Gas","PLINSTATUS":"Operating"}},{"type":"Feature","geometry":{"type":"Point","coordinates":[-114.21083,51.5397]},"properties":{"LICINSTNO":"80114-1","INSTA_LIC":"80114","INSTA_NUM":"1","INSTA_TYPE":"Meter Station","BA_NAME":"NOVA Gas Transmission Ltd.","POWER":0.0,"PRIME_SORC":null,"INST_LOCAT":"05-03-030-02W5","FLD_CENTRE":"Red Deer","SUBSTANCE1":"Natural Gas","PLINSTATUS":"Operating"}},{"type":"Feature","geometry":{"type":"Point","coordinates":[-114.49447,51.51805]},"properties":{"LICINSTNO":"80114-4","INSTA_LIC":"80114","INSTA_NUM":"4","INSTA_TYPE":"Meter Station","BA_NAME":"NOVA Gas Transmission Ltd.","POWER":0.0,"PRIME_SORC":null,"INST_LOCAT":"16-28-029-04W5","FLD_CENTRE":"Red Deer","SUBSTANCE1":"Natural Gas","PLINSTATUS":"Operating"}},{"type":"Feature","geometry":{"type":"Point","coordinates":[-114.32865,51.53461]},"properties":{"LICINSTNO":"80114-5","INSTA_LIC":"80114","INSTA_NUM":"5","INSTA_TYPE":"Meter Station","BA_NAME":"NOVA Gas Transmission Ltd.","POWER":0.0,"PRIME_SORC":null,"INST_LOCAT":"04-02-030-03W5","FLD_CENTRE":"Red Deer","SUBSTANCE1":"Natural Gas","PLINSTATUS":"Operating"}},{"type":"Feature","geometry":{"type":"Point","coordinates":[-114.56244,49.62969]},"properties":{"LICINSTNO":"80115-1","INSTA_LIC":"80115","INSTA_NUM":"1","INSTA_TYPE":"Meter Station","BA_NAME":"NOVA Gas Transmission Ltd.","POWER":0.0,"PRIME_SORC":null,"INST_LOCAT":"05-12-008-05W5","FLD_CENTRE":"Calgary","SUBSTANCE1":"Natural Gas","PLINSTATUS":"Operating"}},{"type":"Feature","geometry":{"type":"Point","coordinates":[-111.11859,52.33146]},"properties":{"LICINSTNO":"80116-1","INSTA_LIC":"80116","INSTA_NUM":"1","INSTA_TYPE":"Meter Station","BA_NAME":"NOVA Gas Transmission Ltd.","POWER":0.0,"PRIME_SORC":null,"INST_LOCAT":"15-05-039-08W4","FLD_CENTRE":"Wainwright","SUBSTANCE1":"Natural Gas","PLINSTATUS":"Operating"}},{"type":"Feature","geometry":{"type":"Point","coordinates":[-112.66172,51.29881]},"properties":{"LICINSTNO":"80118-1","INSTA_LIC":"80118","INSTA_NUM":"1","INSTA_TYPE":"Meter Station","BA_NAME":"NOVA Gas Transmission Ltd.","POWER":0.0,"PRIME_SORC":null,"INST_LOCAT":"15-07-027-19W4","FLD_CENTRE":"Calgary","SUBSTANCE1":"Natural Gas","PLINSTATUS":"Operating"}},{"type":"Feature","geometry":{"type":"Point","coordinates":[-119.92965,56.36681]},"properties":{"LICINSTNO":"80120-1","INSTA_LIC":"80120","INSTA_NUM":"1","INSTA_TYPE":"Meter Station","BA_NAME":"NOVA Gas Transmission Ltd.","POWER":0.0,"PRIME_SORC":null,"INST_LOCAT":"08-14-085-13W6","FLD_CENTRE":"Grande Prairie","SUBSTANCE1":"Natural Gas","PLINSTATUS":"Operating"}},{"type":"Feature","geometry":{"type":"Point","coordinates":[-116.79165,54.47805]},"properties":{"LICINSTNO":"80121-1","INSTA_LIC":"80121","INSTA_NUM":"1","INSTA_TYPE":"Meter Station","BA_NAME":"NOVA Gas Transmission Ltd.","POWER":0.0,"PRIME_SORC":null,"INST_LOCAT":"06-27-063-19W5","FLD_CENTRE":"Edmonton","SUBSTANCE1":"Natural Gas","PLINSTATUS":"Operating"}},{"type":"Feature","geometry":{"type":"Point","coordinates":[-116.69469,54.20193]},"properties":{"LICINSTNO":"80121-2","INSTA_LIC":"80121","INSTA_NUM":"2","INSTA_TYPE":"Meter Station","BA_NAME":"NOVA Gas Transmission Ltd.","POWER":0.0,"PRIME_SORC":null,"INST_LOCAT":"06-19-060-18W5","FLD_CENTRE":"Edmonton","SUBSTANCE1":"Natural Gas","PLINSTATUS":"Operating"}},{"type":"Feature","geometry":{"type":"Point","coordinates":[-116.79642,54.50804]},"properties":{"LICINSTNO":"80121-3","INSTA_LIC":"80121","INSTA_NUM":"3","INSTA_TYPE":"Meter Station","BA_NAME":"NOVA Gas Transmission Ltd.","POWER":0.0,"PRIME_SORC":null,"INST_LOCAT":"05-03-064-19W5","FLD_CENTRE":"Edmonton","SUBSTANCE1":"Natural Gas","PLINSTATUS":"Operating"}},{"type":"Feature","geometry":{"type":"Point","coordinates":[-116.76116,54.33854]},"properties":{"LICINSTNO":"80121-4","INSTA_LIC":"80121","INSTA_NUM":"4","INSTA_TYPE":"Meter Station","BA_NAME":"NOVA Gas Transmission Ltd.","POWER":0.0,"PRIME_SORC":null,"INST_LOCAT":"15-03-062-19W5","FLD_CENTRE":"Edmonton","SUBSTANCE1":"Natural Gas","PLINSTATUS":"Operating"}},{"type":"Feature","geometry":{"type":"Point","coordinates":[-114.01644,49.30704]},"properties":{"LICINSTNO":"80122-1","INSTA_LIC":"80122","INSTA_NUM":"1","INSTA_TYPE":"Meter Station","BA_NAME":"NOVA Gas Transmission Ltd.","POWER":0.0,"PRIME_SORC":null,"INST_LOCAT":"03-24-004-01W5","FLD_CENTRE":"Calgary","SUBSTANCE1":"Natural Gas","PLINSTATUS":"Operating"}},{"type":"Feature","geometry":{"type":"Point","coordinates":[-114.25696,49.54684]},"properties":{"LICINSTNO":"80122-2","INSTA_LIC":"80122","INSTA_NUM":"2","INSTA_TYPE":"Meter Station","BA_NAME":"NOVA Gas Transmission Ltd.","POWER":0.0,"PRIME_SORC":null,"INST_LOCAT":"10-07-007-02W5","FLD_CENTRE":"Calgary","SUBSTANCE1":"Natural Gas","PLINSTATUS":"Operating"}},{"type":"Feature","geometry":{"type":"Point","coordinates":[-119.1888,56.34757]},"properties":{"LICINSTNO":"80124-3","INSTA_LIC":"80124","INSTA_NUM":"3","INSTA_TYPE":"Meter Station","BA_NAME":"NOVA Gas Transmission Ltd.","POWER":0.0,"PRIME_SORC":null,"INST_LOCAT":"16-04-085-08W6","FLD_CENTRE":"Grande Prairie","SUBSTANCE1":"Natural Gas","PLINSTATUS":"Operating"}},{"type":"Feature","geometry":{"type":"Point","coordinates":[-110.95581,52.10694]},"properties":{"LICINSTNO":"80131-1","INSTA_LIC":"80131","INSTA_NUM":"1","INSTA_TYPE":"Meter Station","BA_NAME":"NOVA Gas Transmission Ltd.","POWER":0.0,"PRIME_SORC":null,"INST_LOCAT":"12-21-036-07W4","FLD_CENTRE":"Wainwright","SUBSTANCE1":"Natural Gas","PLINSTATUS":"Operating"}},{"type":"Feature","geometry":{"type":"Point","coordinates":[-110.0309,50.68074]},"properties":{"LICINSTNO":"80134-1","INSTA_LIC":"80134","INSTA_NUM":"1","INSTA_TYPE":"Meter Station","BA_NAME":"NOVA Gas Transmission Ltd.","POWER":0.0,"PRIME_SORC":null,"INST_LOCAT":"08-11-020-01W4","FLD_CENTRE":"Medicine Hat","SUBSTANCE1":"Natural Gas","PLINSTATUS":"Operating"}},{"type":"Feature","geometry":{"type":"Point","coordinates":[-110.25739,50.32706]},"properties":{"LICINSTNO":"80134-2","INSTA_LIC":"80134","INSTA_NUM":"2","INSTA_TYPE":"Meter Station","BA_NAME":"NOVA Gas Transmission Ltd.","POWER":0.0,"PRIME_SORC":null,"INST_LOCAT":"01-07-016-02W4","FLD_CENTRE":"Medicine Hat","SUBSTANCE1":"Natural Gas","PLINSTATUS":"Operating"}},{"type":"Feature","geometry":{"type":"Point","coordinates":[-110.2186,50.16332]},"properties":{"LICINSTNO":"80134-4","INSTA_LIC":"80134","INSTA_NUM":"4","INSTA_TYPE":"Meter Station","BA_NAME":"NOVA Gas Transmission Ltd.","POWER":0.0,"PRIME_SORC":null,"INST_LOCAT":"15-09-014-02W4","FLD_CENTRE":"Medicine Hat","SUBSTANCE1":"Natural Gas","PLINSTATUS":"Operating"}},{"type":"Feature","geometry":{"type":"Point","coordinates":[-110.16668,50.00528]},"properties":{"LICINSTNO":"80134-5","INSTA_LIC":"80134","INSTA_NUM":"5","INSTA_TYPE":"Meter Station","BA_NAME":"NOVA Gas Transmission Ltd.","POWER":0.0,"PRIME_SORC":null,"INST_LOCAT":"01-23-012-02W4","FLD_CENTRE":"Medicine Hat","SUBSTANCE1":"Natural Gas","PLINSTATUS":"Operating"}},{"type":"Feature","geometry":{"type":"Point","coordinates":[-110.09656,50.16674]},"properties":{"LICINSTNO":"80134-6","INSTA_LIC":"80134","INSTA_NUM":"6","INSTA_TYPE":"Meter Station","BA_NAME":"NOVA Gas Transmission Ltd.","POWER":0.0,"PRIME_SORC":null,"INST_LOCAT":"01-17-014-01W4","FLD_CENTRE":"Medicine Hat","SUBSTANCE1":"Natural Gas","PLINSTATUS":"Operating"}},{"type":"Feature","geometry":{"type":"Point","coordinates":[-111.15749,50.70497]},"properties":{"LICINSTNO":"80136-2","INSTA_LIC":"80136","INSTA_NUM":"2","INSTA_TYPE":"Meter Station","BA_NAME":"NOVA Gas Transmission Ltd.","POWER":0.0,"PRIME_SORC":null,"INST_LOCAT":"04-23-020-09W4","FLD_CENTRE":"Calgary","SUBSTANCE1":"Natural Gas","PLINSTATUS":"Operating"}},{"type":"Feature","geometry":{"type":"Point","coordinates":[-111.78302,50.80387]},"properties":{"LICINSTNO":"80136-4","INSTA_LIC":"80136","INSTA_NUM":"4","INSTA_TYPE":"Meter Station","BA_NAME":"NOVA Gas Transmission Ltd.","POWER":0.0,"PRIME_SORC":null,"INST_LOCAT":"16-19-021-13W4","FLD_CENTRE":"Calgary","SUBSTANCE1":"Natural Gas","PLINSTATUS":"Operating"}},{"type":"Feature","geometry":{"type":"Point","coordinates":[-111.64277,50.76017]},"properties":{"LICINSTNO":"80136-8","INSTA_LIC":"80136","INSTA_NUM":"8","INSTA_TYPE":"Meter Station","BA_NAME":"NOVA Gas Transmission Ltd.","POWER":0.0,"PRIME_SORC":null,"INST_LOCAT":"13-05-021-12W4","FLD_CENTRE":"Calgary","SUBSTANCE1":"Natural Gas","PLINSTATUS":"Operating"}},{"type":"Feature","geometry":{"type":"Point","coordinates":[-112.28146,50.97466]},"properties":{"LICINSTNO":"80136-9","INSTA_LIC":"80136","INSTA_NUM":"9","INSTA_TYPE":"Meter Station","BA_NAME":"NOVA Gas Transmission Ltd.","POWER":0.0,"PRIME_SORC":null,"INST_LOCAT":"12-23-023-17W4","FLD_CENTRE":"Calgary","SUBSTANCE1":"Natural Gas","PLINSTATUS":"Operating"}},{"type":"Feature","geometry":{"type":"Point","coordinates":[-112.66569,50.96654]},"properties":{"LICINSTNO":"80136-10","INSTA_LIC":"80136","INSTA_NUM":"10","INSTA_TYPE":"Meter Station","BA_NAME":"NOVA Gas Transmission Ltd.","POWER":0.0,"PRIME_SORC":null,"INST_LOCAT":"02-24-023-20W4","FLD_CENTRE":"Calgary","SUBSTANCE1":"Natural Gas","PLINSTATUS":"Operating"}},{"type":"Feature","geometry":{"type":"Point","coordinates":[-114.13434,51.74032]},"properties":{"LICINSTNO":"80138-2","INSTA_LIC":"80138","INSTA_NUM":"2","INSTA_TYPE":"Meter Station","BA_NAME":"NOVA Gas Transmission Ltd.","POWER":0.0,"PRIME_SORC":null,"INST_LOCAT":"03-18-032-01W5","FLD_CENTRE":"Red Deer","SUBSTANCE1":"Natural Gas","PLINSTATUS":"Operating"}},{"type":"Feature","geometry":{"type":"Point","coordinates":[-111.89488,50.8113]},"properties":{"LICINSTNO":"80141-1","INSTA_LIC":"80141","INSTA_NUM":"1","INSTA_TYPE":"Meter Station","BA_NAME":"NOVA Gas Transmission Ltd.","POWER":0.0,"PRIME_SORC":null,"INST_LOCAT":"05-28-021-14W4","FLD_CENTRE":"Medicine Hat","SUBSTANCE1":"Natural Gas","PLINSTATUS":"Operating"}},{"type":"Feature","geometry":{"type":"Point","coordinates":[-113.81273,54.55609]},"properties":{"LICINSTNO":"80142-6","INSTA_LIC":"80142","INSTA_NUM":"6","INSTA_TYPE":"Meter Station","BA_NAME":"NOVA Gas Transmission Ltd.","POWER":0.0,"PRIME_SORC":null,"INST_LOCAT":"16-23-064-26W4","FLD_CENTRE":"Slave Lake","SUBSTANCE1":"Natural Gas","PLINSTATUS":"Operating"}},{"type":"Feature","geometry":{"type":"Point","coordinates":[-113.71045,54.34916]},"properties":{"LICINSTNO":"80142-15","INSTA_LIC":"80142","INSTA_NUM":"15","INSTA_TYPE":"Meter Station","BA_NAME":"NOVA Gas Transmission Ltd.","POWER":0.0,"PRIME_SORC":null,"INST_LOCAT":"10-08-062-25W4","FLD_CENTRE":"Slave Lake","SUBSTANCE1":"Natural Gas","PLINSTATUS":"Operating"}},{"type":"Feature","geometry":{"type":"Point","coordinates":[-113.84487,54.524]},"properties":{"LICINSTNO":"80142-16","INSTA_LIC":"80142","INSTA_NUM":"16","INSTA_TYPE":"Meter Station","BA_NAME":"NOVA Gas Transmission Ltd.","POWER":0.0,"PRIME_SORC":null,"INST_LOCAT":"10-10-064-26W4","FLD_CENTRE":"Slave Lake","SUBSTANCE1":"Natural Gas","PLINSTATUS":"Operating"}},{"type":"Feature","geometry":{"type":"Point","coordinates":[-113.07873,53.95671]},"properties":{"LICINSTNO":"80142-17","INSTA_LIC":"80142","INSTA_NUM":"17","INSTA_TYPE":"Meter Station","BA_NAME":"NOVA Gas Transmission Ltd.","POWER":0.0,"PRIME_SORC":null,"INST_LOCAT":"09-29-057-21W4","FLD_CENTRE":"Slave Lake","SUBSTANCE1":"Natural Gas","PLINSTATUS":"Operating"}},{"type":"Feature","geometry":{"type":"Point","coordinates":[-113.47944,54.22101]},"properties":{"LICINSTNO":"80142-18","INSTA_LIC":"80142","INSTA_NUM":"18","INSTA_TYPE":"Meter Station","BA_NAME":"NOVA Gas Transmission Ltd.","POWER":0.0,"PRIME_SORC":null,"INST_LOCAT":"09-26-060-24W4","FLD_CENTRE":"Slave Lake","SUBSTANCE1":"Natural Gas","PLINSTATUS":"Operating"}},{"type":"Feature","geometry":{"type":"Point","coordinates":[-113.81238,54.55621]},"properties":{"LICINSTNO":"80142-22","INSTA_LIC":"80142","INSTA_NUM":"22","INSTA_TYPE":"Meter Station","BA_NAME":"NOVA Gas Transmission Ltd.","POWER":0.0,"PRIME_SORC":null,"INST_LOCAT":"16-23-064-26W4","FLD_CENTRE":"Slave Lake","SUBSTANCE1":"Natural Gas","PLINSTATUS":"Operating"}},{"type":"Feature","geometry":{"type":"Point","coordinates":[-114.07949,54.58749]},"properties":{"LICINSTNO":"80142-25","INSTA_LIC":"80142","INSTA_NUM":"25","INSTA_TYPE":"Meter Station","BA_NAME":"NOVA Gas Transmission Ltd.","POWER":0.0,"PRIME_SORC":null,"INST_LOCAT":"16-33-064-01W5","FLD_CENTRE":"Slave Lake","SUBSTANCE1":"Natural Gas","PLINSTATUS":"Operating"}},{"type":"Feature","geometry":{"type":"Point","coordinates":[-113.0784,53.9567]},"properties":{"LICINSTNO":"80142-26","INSTA_LIC":"80142","INSTA_NUM":"26","INSTA_TYPE":"Meter Station","BA_NAME":"NOVA Gas Transmission Ltd.","POWER":0.0,"PRIME_SORC":null,"INST_LOCAT":"09-29-057-21W4","FLD_CENTRE":"Slave Lake","SUBSTANCE1":"Natural Gas","PLINSTATUS":"Operating"}},{"type":"Feature","geometry":{"type":"Point","coordinates":[-113.08482,51.23544]},"properties":{"LICINSTNO":"80143-2","INSTA_LIC":"80143","INSTA_NUM":"2","INSTA_TYPE":"Meter Station","BA_NAME":"NOVA Gas Transmission Ltd.","POWER":0.0,"PRIME_SORC":null,"INST_LOCAT":"10-24-026-23W4","FLD_CENTRE":"Red Deer","SUBSTANCE1":"Natural Gas","PLINSTATUS":"Operating"}},{"type":"Feature","geometry":{"type":"Point","coordinates":[-113.1996,51.26486]},"properties":{"LICINSTNO":"80143-7","INSTA_LIC":"80143","INSTA_NUM":"7","INSTA_TYPE":"Meter Station","BA_NAME":"NOVA Gas Transmission Ltd.","POWER":0.0,"PRIME_SORC":null,"INST_LOCAT":"10-31-026-23W4","FLD_CENTRE":"Red Deer","SUBSTANCE1":"Natural Gas","PLINSTATUS":"Operating"}},{"type":"Feature","geometry":{"type":"Point","coordinates":[-113.58983,51.38813]},"properties":{"LICINSTNO":"80143-8","INSTA_LIC":"80143","INSTA_NUM":"8","INSTA_TYPE":"Meter Station","BA_NAME":"NOVA Gas Transmission Ltd.","POWER":0.0,"PRIME_SORC":null,"INST_LOCAT":"04-15-028-26W4","FLD_CENTRE":"Red Deer","SUBSTANCE1":"Natural Gas","PLINSTATUS":"Operating"}},{"type":"Feature","geometry":{"type":"Point","coordinates":[-113.04377,51.22066]},"properties":{"LICINSTNO":"80143-9","INSTA_LIC":"80143","INSTA_NUM":"9","INSTA_TYPE":"Meter Station","BA_NAME":"NOVA Gas Transmission Ltd.","POWER":0.0,"PRIME_SORC":null,"INST_LOCAT":"11-17-026-22W4","FLD_CENTRE":"Red Deer","SUBSTANCE1":"Natural Gas","PLINSTATUS":"Operating"}},{"type":"Feature","geometry":{"type":"Point","coordinates":[-113.04325,51.22067]},"properties":{"LICINSTNO":"80143-10","INSTA_LIC":"80143","INSTA_NUM":"10","INSTA_TYPE":"Meter Station","BA_NAME":"NOVA Gas Transmission Ltd.","POWER":0.0,"PRIME_SORC":null,"INST_LOCAT":"11-17-026-22W4","FLD_CENTRE":"Red Deer","SUBSTANCE1":"Natural Gas","PLINSTATUS":"Operating"}},{"type":"Feature","geometry":{"type":"Point","coordinates":[-112.46059,50.01228]},"properties":{"LICINSTNO":"80144-1","INSTA_LIC":"80144","INSTA_NUM":"1","INSTA_TYPE":"Meter Station","BA_NAME":"NOVA Gas Transmission Ltd.","POWER":0.0,"PRIME_SORC":null,"INST_LOCAT":"12-19-012-18W4","FLD_CENTRE":"Calgary","SUBSTANCE1":"Natural Gas","PLINSTATUS":"Operating"}},{"type":"Feature","geometry":{"type":"Point","coordinates":[-116.54295,53.55709]},"properties":{"LICINSTNO":"80146-1","INSTA_LIC":"80146","INSTA_NUM":"1","INSTA_TYPE":"Meter Station","BA_NAME":"NOVA Gas Transmission Ltd.","POWER":0.0,"PRIME_SORC":null,"INST_LOCAT":"02-11-053-18W5","FLD_CENTRE":"Drayton Valley","SUBSTANCE1":"Natural Gas","PLINSTATUS":"Operating"}},{"type":"Feature","geometry":{"type":"Point","coordinates":[-116.21577,53.19467]},"properties":{"LICINSTNO":"80146-4","INSTA_LIC":"80146","INSTA_NUM":"4","INSTA_TYPE":"Meter Station","BA_NAME":"NOVA Gas Transmission Ltd.","POWER":0.0,"PRIME_SORC":null,"INST_LOCAT":"04-01-049-16W5","FLD_CENTRE":"Drayton Valley","SUBSTANCE1":"Natural Gas","PLINSTATUS":"Operating"}},{"type":"Feature","geometry":{"type":"Point","coordinates":[-114.33637,51.66346]},"properties":{"LICINSTNO":"80146-18","INSTA_LIC":"80146","INSTA_NUM":"18","INSTA_TYPE":"Meter Station","BA_NAME":"NOVA Gas Transmission Ltd.","POWER":0.0,"PRIME_SORC":null,"INST_LOCAT":"16-15-031-03W5","FLD_CENTRE":"Drayton Valley","SUBSTANCE1":"Natural Gas","PLINSTATUS":"Operating"}},{"type":"Feature","geometry":{"type":"Point","coordinates":[-114.48382,51.62476]},"properties":{"LICINSTNO":"80147-1","INSTA_LIC":"80147","INSTA_NUM":"1","INSTA_TYPE":"Meter Station","BA_NAME":"NOVA Gas Transmission Ltd.","POWER":0.0,"PRIME_SORC":null,"INST_LOCAT":"07-03-031-04W5","FLD_CENTRE":"Red Deer","SUBSTANCE1":"Natural Gas","PLINSTATUS":"Operating"}},{"type":"Feature","geometry":{"type":"Point","coordinates":[-110.03041,52.25558]},"properties":{"LICINSTNO":"80149-1","INSTA_LIC":"80149","INSTA_NUM":"1","INSTA_TYPE":"Meter Station","BA_NAME":"NOVA Gas Transmission Ltd.","POWER":0.0,"PRIME_SORC":null,"INST_LOCAT":"09-11-038-01W4","FLD_CENTRE":"Wainwright","SUBSTANCE1":"Natural Gas","PLINSTATUS":"Operating"}},{"type":"Feature","geometry":{"type":"Point","coordinates":[-110.26794,52.22937]},"properties":{"LICINSTNO":"80149-5","INSTA_LIC":"80149","INSTA_NUM":"5","INSTA_TYPE":"Meter Station","BA_NAME":"NOVA Gas Transmission Ltd.","POWER":0.0,"PRIME_SORC":null,"INST_LOCAT":"16-31-037-02W4","FLD_CENTRE":"Wainwright","SUBSTANCE1":"Natural Gas","PLINSTATUS":"Operating"}},{"type":"Feature","geometry":{"type":"Point","coordinates":[-113.84151,51.5797]},"properties":{"LICINSTNO":"80150-1","INSTA_LIC":"80150","INSTA_NUM":"1","INSTA_TYPE":"Meter Station","BA_NAME":"NOVA Gas Transmission Ltd.","POWER":0.0,"PRIME_SORC":null,"INST_LOCAT":"06-23-030-28W4","FLD_CENTRE":"Red Deer","SUBSTANCE1":"Natural Gas","PLINSTATUS":"Operating"}},{"type":"Feature","geometry":{"type":"Point","coordinates":[-112.36077,51.12369]},"properties":{"LICINSTNO":"80151-1","INSTA_LIC":"80151","INSTA_NUM":"1","INSTA_TYPE":"Meter Station","BA_NAME":"NOVA Gas Transmission Ltd.","POWER":0.0,"PRIME_SORC":null,"INST_LOCAT":"15-07-025-17W4","FLD_CENTRE":"Medicine Hat","SUBSTANCE1":"Natural Gas","PLINSTATUS":"Operating"}},{"type":"Feature","geometry":{"type":"Point","coordinates":[-115.70272,54.28403]},"properties":{"LICINSTNO":"80152-1","INSTA_LIC":"80152","INSTA_NUM":"1","INSTA_TYPE":"Meter Station","BA_NAME":"NOVA Gas Transmission Ltd.","POWER":0.0,"PRIME_SORC":null,"INST_LOCAT":"01-22-061-12W5","FLD_CENTRE":"Edmonton","SUBSTANCE1":"Natural Gas","PLINSTATUS":"Operating"}},{"type":"Feature","geometry":{"type":"Point","coordinates":[-114.07279,51.61958]},"properties":{"LICINSTNO":"80153-2","INSTA_LIC":"80153","INSTA_NUM":"2","INSTA_TYPE":"Meter Station","BA_NAME":"NOVA Gas Transmission Ltd.","POWER":0.0,"PRIME_SORC":null,"INST_LOCAT":"16-33-030-01W5","FLD_CENTRE":"Red Deer","SUBSTANCE1":"Natural Gas","PLINSTATUS":"Operating"}},{"type":"Feature","geometry":{"type":"Point","coordinates":[-112.62546,51.60986]},"properties":{"LICINSTNO":"80155-1","INSTA_LIC":"80155","INSTA_NUM":"1","INSTA_TYPE":"Meter Station","BA_NAME":"NOVA Gas Transmission Ltd.","POWER":0.0,"PRIME_SORC":null,"INST_LOCAT":"05-33-030-19W4","FLD_CENTRE":"Red Deer","SUBSTANCE1":"Natural Gas","PLINSTATUS":"Operating"}},{"type":"Feature","geometry":{"type":"Point","coordinates":[-112.86401,51.63348]},"properties":{"LICINSTNO":"80155-2","INSTA_LIC":"80155","INSTA_NUM":"2","INSTA_TYPE":"Meter Station","BA_NAME":"NOVA Gas Transmission Ltd.","POWER":0.0,"PRIME_SORC":null,"INST_LOCAT":"16-02-031-21W4","FLD_CENTRE":"Red Deer","SUBSTANCE1":"Natural Gas","PLINSTATUS":"Operating"}},{"type":"Feature","geometry":{"type":"Point","coordinates":[-112.86402,51.63318]},"properties":{"LICINSTNO":"80155-3","INSTA_LIC":"80155","INSTA_NUM":"3","INSTA_TYPE":"Meter Station","BA_NAME":"NOVA Gas Transmission Ltd.","POWER":0.0,"PRIME_SORC":null,"INST_LOCAT":"16-02-031-21W4","FLD_CENTRE":"Red Deer","SUBSTANCE1":"Natural Gas","PLINSTATUS":"Operating"}},{"type":"Feature","geometry":{"type":"Point","coordinates":[-113.05115,51.48126]},"properties":{"LICINSTNO":"80155-4","INSTA_LIC":"80155","INSTA_NUM":"4","INSTA_TYPE":"Meter Station","BA_NAME":"NOVA Gas Transmission Ltd.","POWER":0.0,"PRIME_SORC":null,"INST_LOCAT":"05-16-029-22W4","FLD_CENTRE":"Red Deer","SUBSTANCE1":"Natural Gas","PLINSTATUS":"Operating"}},{"type":"Feature","geometry":{"type":"Point","coordinates":[-113.05122,51.48078]},"properties":{"LICINSTNO":"80155-5","INSTA_LIC":"80155","INSTA_NUM":"5","INSTA_TYPE":"Meter Station","BA_NAME":"NOVA Gas Transmission Ltd.","POWER":0.0,"PRIME_SORC":null,"INST_LOCAT":"05-16-029-22W4","FLD_CENTRE":"Red Deer","SUBSTANCE1":"Natural Gas","PLINSTATUS":"Operating"}},{"type":"Feature","geometry":{"type":"Point","coordinates":[-114.53078,52.72799]},"properties":{"LICINSTNO":"80156-1","INSTA_LIC":"80156","INSTA_NUM":"1","INSTA_TYPE":"Meter Station","BA_NAME":"NOVA Gas Transmission Ltd.","POWER":0.0,"PRIME_SORC":null,"INST_LOCAT":"04-28-043-04W5","FLD_CENTRE":"Red Deer","SUBSTANCE1":"Natural Gas","PLINSTATUS":"Operating"}},{"type":"Feature","geometry":{"type":"Point","coordinates":[-114.46781,52.68877]},"properties":{"LICINSTNO":"80156-2","INSTA_LIC":"80156","INSTA_NUM":"2","INSTA_TYPE":"Meter Station","BA_NAME":"NOVA Gas Transmission Ltd.","POWER":0.0,"PRIME_SORC":null,"INST_LOCAT":"07-11-043-04W5","FLD_CENTRE":"Red Deer","SUBSTANCE1":"Natural Gas","PLINSTATUS":"Operating"}},{"type":"Feature","geometry":{"type":"Point","coordinates":[-111.47993,50.29229]},"properties":{"LICINSTNO":"80157-1","INSTA_LIC":"80157","INSTA_NUM":"1","INSTA_TYPE":"Meter Station","BA_NAME":"NOVA Gas Transmission Ltd.","POWER":0.0,"PRIME_SORC":null,"INST_LOCAT":"15-29-015-11W4","FLD_CENTRE":"Medicine Hat","SUBSTANCE1":"Natural Gas","PLINSTATUS":"Operating"}},{"type":"Feature","geometry":{"type":"Point","coordinates":[-111.6529,50.52421]},"properties":{"LICINSTNO":"80157-2","INSTA_LIC":"80157","INSTA_NUM":"2","INSTA_TYPE":"Meter Station","BA_NAME":"NOVA Gas Transmission Ltd.","POWER":0.0,"PRIME_SORC":null,"INST_LOCAT":"12-18-018-12W4","FLD_CENTRE":"Medicine Hat","SUBSTANCE1":"Natural Gas","PLINSTATUS":"Operating"}},{"type":"Feature","geometry":{"type":"Point","coordinates":[-111.58942,50.458]},"properties":{"LICINSTNO":"80157-3","INSTA_LIC":"80157","INSTA_NUM":"3","INSTA_TYPE":"Meter Station","BA_NAME":"NOVA Gas Transmission Ltd.","POWER":0.0,"PRIME_SORC":null,"INST_LOCAT":"01-28-017-12W4","FLD_CENTRE":"Medicine Hat","SUBSTANCE1":"Natural Gas","PLINSTATUS":"Operating"}},{"type":"Feature","geometry":{"type":"Point","coordinates":[-112.8903,50.27268]},"properties":{"LICINSTNO":"80158-1","INSTA_LIC":"80158","INSTA_NUM":"1","INSTA_TYPE":"Meter Station","BA_NAME":"NOVA Gas Transmission Ltd.","POWER":0.0,"PRIME_SORC":null,"INST_LOCAT":"05-19-015-21W4","FLD_CENTRE":"Calgary","SUBSTANCE1":"Natural Gas","PLINSTATUS":"Operating"}},{"type":"Feature","geometry":{"type":"Point","coordinates":[-113.21855,51.69242]},"properties":{"LICINSTNO":"80160-1","INSTA_LIC":"80160","INSTA_NUM":"1","INSTA_TYPE":"Meter Station","BA_NAME":"NOVA Gas Transmission Ltd.","POWER":0.0,"PRIME_SORC":null,"INST_LOCAT":"16-29-031-23W4","FLD_CENTRE":"Red Deer","SUBSTANCE1":"Natural Gas","PLINSTATUS":"Operating"}},{"type":"Feature","geometry":{"type":"Point","coordinates":[-113.33487,51.64129]},"properties":{"LICINSTNO":"80160-3","INSTA_LIC":"80160","INSTA_NUM":"3","INSTA_TYPE":"Meter Station","BA_NAME":"NOVA Gas Transmission Ltd.","POWER":0.0,"PRIME_SORC":null,"INST_LOCAT":"05-10-031-24W4","FLD_CENTRE":"Red Deer","SUBSTANCE1":"Natural Gas","PLINSTATUS":"Operating"}},{"type":"Feature","geometry":{"type":"Point","coordinates":[-113.21834,51.6924]},"properties":{"LICINSTNO":"80160-4","INSTA_LIC":"80160","INSTA_NUM":"4","INSTA_TYPE":"Meter Station","BA_NAME":"NOVA Gas Transmission Ltd.","POWER":0.0,"PRIME_SORC":null,"INST_LOCAT":"16-29-031-23W4","FLD_CENTRE":"Red Deer","SUBSTANCE1":"Natural Gas","PLINSTATUS":"Operating"}},{"type":"Feature","geometry":{"type":"Point","coordinates":[-114.7297,51.96526]},"properties":{"LICINSTNO":"80161-2","INSTA_LIC":"80161","INSTA_NUM":"2","INSTA_TYPE":"Meter Station","BA_NAME":"NOVA Gas Transmission Ltd.","POWER":0.0,"PRIME_SORC":null,"INST_LOCAT":"12-36-034-06W5","FLD_CENTRE":"Red Deer","SUBSTANCE1":"Natural Gas","PLINSTATUS":"Operating"}},{"type":"Feature","geometry":{"type":"Point","coordinates":[-118.06299,57.11407]},"properties":{"LICINSTNO":"80162-4","INSTA_LIC":"80162","INSTA_NUM":"4","INSTA_TYPE":"Meter Station","BA_NAME":"NOVA Gas Transmission Ltd.","POWER":0.0,"PRIME_SORC":null,"INST_LOCAT":"10-34-093-01W6","FLD_CENTRE":"Grande Prairie","SUBSTANCE1":"Natural Gas","PLINSTATUS":"Operating"}},{"type":"Feature","geometry":{"type":"Point","coordinates":[-119.02102,56.5577]},"properties":{"LICINSTNO":"80162-5","INSTA_LIC":"80162","INSTA_NUM":"5","INSTA_TYPE":"Meter Station","BA_NAME":"NOVA Gas Transmission Ltd.","POWER":0.0,"PRIME_SORC":null,"INST_LOCAT":"07-22-087-07W6","FLD_CENTRE":"Grande Prairie","SUBSTANCE1":"Natural Gas","PLINSTATUS":"Operating"}},{"type":"Feature","geometry":{"type":"Point","coordinates":[-118.2045,57.19296]},"properties":{"LICINSTNO":"80162-6","INSTA_LIC":"80162","INSTA_NUM":"6","INSTA_TYPE":"Meter Station","BA_NAME":"NOVA Gas Transmission Ltd.","POWER":0.0,"PRIME_SORC":null,"INST_LOCAT":"03-35-094-02W6","FLD_CENTRE":"Grande Prairie","SUBSTANCE1":"Natural Gas","PLINSTATUS":"Operating"}},{"type":"Feature","geometry":{"type":"Point","coordinates":[-118.58077,56.56554]},"properties":{"LICINSTNO":"80162-9","INSTA_LIC":"80162","INSTA_NUM":"9","INSTA_TYPE":"Meter Station","BA_NAME":"NOVA Gas Transmission Ltd.","POWER":0.0,"PRIME_SORC":null,"INST_LOCAT":"13-21-087-04W6","FLD_CENTRE":"Grande Prairie","SUBSTANCE1":"Natural Gas","PLINSTATUS":"Operating"}},{"type":"Feature","geometry":{"type":"Point","coordinates":[-118.87546,59.05915]},"properties":{"LICINSTNO":"80162-10","INSTA_LIC":"80162","INSTA_NUM":"10","INSTA_TYPE":"Meter Station","BA_NAME":"NOVA Gas Transmission Ltd.","POWER":0.0,"PRIME_SORC":null,"INST_LOCAT":"06-12-116-06W6","FLD_CENTRE":"Grande Prairie","SUBSTANCE1":"Natural Gas","PLINSTATUS":"Operating"}},{"type":"Feature","geometry":{"type":"Point","coordinates":[-118.30422,57.85629]},"properties":{"LICINSTNO":"80162-11","INSTA_LIC":"80162","INSTA_NUM":"11","INSTA_TYPE":"Meter Station","BA_NAME":"NOVA Gas Transmission Ltd.","POWER":0.0,"PRIME_SORC":null,"INST_LOCAT":"09-18-102-02W6","FLD_CENTRE":"Grande Prairie","SUBSTANCE1":"Natural Gas","PLINSTATUS":"Operating"}},{"type":"Feature","geometry":{"type":"Point","coordinates":[-117.76158,55.66643]},"properties":{"LICINSTNO":"80162-12","INSTA_LIC":"80162","INSTA_NUM":"12","INSTA_TYPE":"Meter Station","BA_NAME":"NOVA Gas Transmission Ltd.","POWER":0.0,"PRIME_SORC":null,"INST_LOCAT":"02-14-077-25W5","FLD_CENTRE":"Grande Prairie","SUBSTANCE1":"Natural Gas","PLINSTATUS":"Operating"}},{"type":"Feature","geometry":{"type":"Point","coordinates":[-118.22692,57.29884]},"properties":{"LICINSTNO":"80162-13","INSTA_LIC":"80162","INSTA_NUM":"13","INSTA_TYPE":"Meter Station","BA_NAME":"NOVA Gas Transmission Ltd.","POWER":0.0,"PRIME_SORC":null,"INST_LOCAT":"07-03-096-02W6","FLD_CENTRE":"Grande Prairie","SUBSTANCE1":"Natural Gas","PLINSTATUS":"Operating"}},{"type":"Feature","geometry":{"type":"Point","coordinates":[-118.79643,58.9586]},"properties":{"LICINSTNO":"80162-14","INSTA_LIC":"80162","INSTA_NUM":"14","INSTA_TYPE":"Meter Station","BA_NAME":"NOVA Gas Transmission Ltd.","POWER":0.0,"PRIME_SORC":null,"INST_LOCAT":"12-04-115-05W6","FLD_CENTRE":"Grande Prairie","SUBSTANCE1":"Natural Gas","PLINSTATUS":"Operating"}},{"type":"Feature","geometry":{"type":"Point","coordinates":[-116.63333,55.24787]},"properties":{"LICINSTNO":"80162-17","INSTA_LIC":"80162","INSTA_NUM":"17","INSTA_TYPE":"Meter Station","BA_NAME":"NOVA Gas Transmission Ltd.","POWER":0.0,"PRIME_SORC":null,"INST_LOCAT":"06-24-072-18W5","FLD_CENTRE":"Grande Prairie","SUBSTANCE1":"Natural Gas","PLINSTATUS":"Operating"}},{"type":"Feature","geometry":{"type":"Point","coordinates":[-118.51278,56.38741]},"properties":{"LICINSTNO":"80162-18","INSTA_LIC":"80162","INSTA_NUM":"18","INSTA_TYPE":"Meter Station","BA_NAME":"NOVA Gas Transmission Ltd.","POWER":0.0,"PRIME_SORC":null,"INST_LOCAT":"10-23-085-04W6","FLD_CENTRE":"Grande Prairie","SUBSTANCE1":"Natural Gas","PLINSTATUS":"Operating"}},{"type":"Feature","geometry":{"type":"Point","coordinates":[-116.96186,55.07492]},"properties":{"LICINSTNO":"80162-19","INSTA_LIC":"80162","INSTA_NUM":"19","INSTA_TYPE":"Meter Station","BA_NAME":"NOVA Gas Transmission Ltd.","POWER":0.0,"PRIME_SORC":null,"INST_LOCAT":"07-22-070-20W5","FLD_CENTRE":"Grande Prairie","SUBSTANCE1":"Natural Gas","PLINSTATUS":"Operating"}},{"type":"Feature","geometry":{"type":"Point","coordinates":[-118.87482,59.05901]},"properties":{"LICINSTNO":"80162-20","INSTA_LIC":"80162","INSTA_NUM":"20","INSTA_TYPE":"Meter Station","BA_NAME":"NOVA Gas Transmission Ltd.","POWER":0.0,"PRIME_SORC":null,"INST_LOCAT":"06-12-116-06W6","FLD_CENTRE":"Grande Prairie","SUBSTANCE1":"Natural Gas","PLINSTATUS":"Operating"}},{"type":"Feature","geometry":{"type":"Point","coordinates":[-119.99804,59.30749]},"properties":{"LICINSTNO":"80162-22","INSTA_LIC":"80162","INSTA_NUM":"22","INSTA_TYPE":"Meter Station","BA_NAME":"NOVA Gas Transmission Ltd.","POWER":0.0,"PRIME_SORC":null,"INST_LOCAT":"11-04-119-12W6","FLD_CENTRE":"Grande Prairie","SUBSTANCE1":"Natural Gas","PLINSTATUS":"Operating"}},{"type":"Feature","geometry":{"type":"Point","coordinates":[-118.66928,58.68405]},"properties":{"LICINSTNO":"80162-23","INSTA_LIC":"80162","INSTA_NUM":"23","INSTA_TYPE":"Meter Station","BA_NAME":"NOVA Gas Transmission Ltd.","POWER":0.0,"PRIME_SORC":null,"INST_LOCAT":"11-31-111-04W6","FLD_CENTRE":"Grande Prairie","SUBSTANCE1":"Natural Gas","PLINSTATUS":"Operating"}},{"type":"Feature","geometry":{"type":"Point","coordinates":[-119.01124,56.55933]},"properties":{"LICINSTNO":"80162-26","INSTA_LIC":"80162","INSTA_NUM":"26","INSTA_TYPE":"Meter Station","BA_NAME":"NOVA Gas Transmission Ltd.","POWER":0.0,"PRIME_SORC":null,"INST_LOCAT":"12-23-087-07W6","FLD_CENTRE":"Grande Prairie","SUBSTANCE1":"Natural Gas","PLINSTATUS":"Operating"}},{"type":"Feature","geometry":{"type":"Point","coordinates":[-118.3041,59.64046]},"properties":{"LICINSTNO":"80162-27","INSTA_LIC":"80162","INSTA_NUM":"27","INSTA_TYPE":"Meter Station","BA_NAME":"NOVA Gas Transmission Ltd.","POWER":0.0,"PRIME_SORC":null,"INST_LOCAT":"06-32-122-02W6","FLD_CENTRE":"Grande Prairie","SUBSTANCE1":"Natural Gas","PLINSTATUS":"Operating"}},{"type":"Feature","geometry":{"type":"Point","coordinates":[-118.61092,58.59903]},"properties":{"LICINSTNO":"80162-29","INSTA_LIC":"80162","INSTA_NUM":"29","INSTA_TYPE":"Meter Station","BA_NAME":"NOVA Gas Transmission Ltd.","POWER":0.0,"PRIME_SORC":null,"INST_LOCAT":"13-33-110-04W6","FLD_CENTRE":"Grande Prairie","SUBSTANCE1":"Natural Gas","PLINSTATUS":"Operating"}},{"type":"Feature","geometry":{"type":"Point","coordinates":[-119.95723,59.46192]},"properties":{"LICINSTNO":"80162-30","INSTA_LIC":"80162","INSTA_NUM":"30","INSTA_TYPE":"Meter Station","BA_NAME":"NOVA Gas Transmission Ltd.","POWER":0.0,"PRIME_SORC":null,"INST_LOCAT":"01-34-120-12W6","FLD_CENTRE":"Grande Prairie","SUBSTANCE1":"Natural Gas","PLINSTATUS":"Operating"}},{"type":"Feature","geometry":{"type":"Point","coordinates":[-117.39988,59.59978]},"properties":{"LICINSTNO":"80162-31","INSTA_LIC":"80162","INSTA_NUM":"31","INSTA_TYPE":"Meter Station","BA_NAME":"NOVA Gas Transmission Ltd.","POWER":0.0,"PRIME_SORC":null,"INST_LOCAT":"09-17-122-20W5","FLD_CENTRE":"Grande Prairie","SUBSTANCE1":"Natural Gas","PLINSTATUS":"Operating"}},{"type":"Feature","geometry":{"type":"Point","coordinates":[-111.51432,56.97925]},"properties":{"LICINSTNO":"80162-32","INSTA_LIC":"80162","INSTA_NUM":"32","INSTA_TYPE":"Meter Station","BA_NAME":"NOVA Gas Transmission Ltd.","POWER":0.0,"PRIME_SORC":null,"INST_LOCAT":"08-15-092-10W4","FLD_CENTRE":"Grande Prairie","SUBSTANCE1":"Natural Gas","PLINSTATUS":"Operating"}},{"type":"Feature","geometry":{"type":"Point","coordinates":[-117.49779,55.18101]},"properties":{"LICINSTNO":"80162-33","INSTA_LIC":"80162","INSTA_NUM":"33","INSTA_TYPE":"Meter Station","BA_NAME":"NOVA Gas Transmission Ltd.","POWER":0.0,"PRIME_SORC":null,"INST_LOCAT":"10-29-071-23W5","FLD_CENTRE":"Grande Prairie","SUBSTANCE1":"Natural Gas","PLINSTATUS":"Operating"}},{"type":"Feature","geometry":{"type":"Point","coordinates":[-111.51432,56.97925]},"properties":{"LICINSTNO":"80162-34","INSTA_LIC":"80162","INSTA_NUM":"34","INSTA_TYPE":"Meter Station","BA_NAME":"NOVA Gas Transmission Ltd.","POWER":0.0,"PRIME_SORC":null,"INST_LOCAT":"08-15-092-10W4","FLD_CENTRE":"Grande Prairie","SUBSTANCE1":"Natural Gas","PLINSTATUS":"Operating"}},{"type":"Feature","geometry":{"type":"Point","coordinates":[-117.71194,59.62043]},"properties":{"LICINSTNO":"80162-35","INSTA_LIC":"80162","INSTA_NUM":"35","INSTA_TYPE":"Meter Station","BA_NAME":"NOVA Gas Transmission Ltd.","POWER":0.0,"PRIME_SORC":null,"INST_LOCAT":"01-28-122-22W5","FLD_CENTRE":"Grande Prairie","SUBSTANCE1":"Natural Gas","PLINSTATUS":"Operating"}},{"type":"Feature","geometry":{"type":"Point","coordinates":[-118.46557,58.02379]},"properties":{"LICINSTNO":"80162-36","INSTA_LIC":"80162","INSTA_NUM":"36","INSTA_TYPE":"Meter Station","BA_NAME":"NOVA Gas Transmission Ltd.","POWER":0.0,"PRIME_SORC":null,"INST_LOCAT":"04-17-104-03W6","FLD_CENTRE":"Grande Prairie","SUBSTANCE1":"Natural Gas","PLINSTATUS":"Operating"}},{"type":"Feature","geometry":{"type":"Point","coordinates":[-118.61091,58.59898]},"properties":{"LICINSTNO":"80162-37","INSTA_LIC":"80162","INSTA_NUM":"37","INSTA_TYPE":"Meter Station","BA_NAME":"NOVA Gas Transmission Ltd.","POWER":0.0,"PRIME_SORC":null,"INST_LOCAT":"13-33-110-04W6","FLD_CENTRE":"Grande Prairie","SUBSTANCE1":"Natural Gas","PLINSTATUS":"Operating"}},{"type":"Feature","geometry":{"type":"Point","coordinates":[-117.63431,55.46228]},"properties":{"LICINSTNO":"80162-38","INSTA_LIC":"80162","INSTA_NUM":"38","INSTA_TYPE":"Meter Station","BA_NAME":"NOVA Gas Transmission Ltd.","POWER":0.0,"PRIME_SORC":null,"INST_LOCAT":"02-03-075-24W5","FLD_CENTRE":"Grande Prairie","SUBSTANCE1":"Natural Gas","PLINSTATUS":"Operating"}},{"type":"Feature","geometry":{"type":"Point","coordinates":[-117.29281,54.98092]},"properties":{"LICINSTNO":"80162-39","INSTA_LIC":"80162","INSTA_NUM":"39","INSTA_TYPE":"Meter Station","BA_NAME":"NOVA Gas Transmission Ltd.","POWER":0.0,"PRIME_SORC":null,"INST_LOCAT":"15-16-069-22W5","FLD_CENTRE":"Grande Prairie","SUBSTANCE1":"Natural Gas","PLINSTATUS":"Operating"}},{"type":"Feature","geometry":{"type":"Point","coordinates":[-117.34879,54.94563]},"properties":{"LICINSTNO":"80162-40","INSTA_LIC":"80162","INSTA_NUM":"40","INSTA_TYPE":"Meter Station","BA_NAME":"NOVA Gas Transmission Ltd.","POWER":0.0,"PRIME_SORC":null,"INST_LOCAT":"11-06-069-22W5","FLD_CENTRE":"Grande Prairie","SUBSTANCE1":"Natural Gas","PLINSTATUS":"Operating"}},{"type":"Feature","geometry":{"type":"Point","coordinates":[-118.412,57.87664]},"properties":{"LICINSTNO":"80162-41","INSTA_LIC":"80162","INSTA_NUM":"41","INSTA_TYPE":"Meter Station","BA_NAME":"NOVA Gas Transmission Ltd.","POWER":0.0,"PRIME_SORC":null,"INST_LOCAT":"01-28-102-03W6","FLD_CENTRE":"Grande Prairie","SUBSTANCE1":"Natural Gas","PLINSTATUS":"Operating"}},{"type":"Feature","geometry":{"type":"Point","coordinates":[-116.87017,54.34563]},"properties":{"LICINSTNO":"80163-2","INSTA_LIC":"80163","INSTA_NUM":"2","INSTA_TYPE":"Meter Station","BA_NAME":"NOVA Gas Transmission Ltd.","POWER":0.0,"PRIME_SORC":null,"INST_LOCAT":"05-12-062-20W5","FLD_CENTRE":"Edmonton","SUBSTANCE1":"Natural Gas","PLINSTATUS":"Operating"}},{"type":"Feature","geometry":{"type":"Point","coordinates":[-117.21201,54.25882]},"properties":{"LICINSTNO":"80163-3","INSTA_LIC":"80163","INSTA_NUM":"3","INSTA_TYPE":"Meter Station","BA_NAME":"NOVA Gas Transmission Ltd.","POWER":0.0,"PRIME_SORC":null,"INST_LOCAT":"07-10-061-22W5","FLD_CENTRE":"Edmonton","SUBSTANCE1":"Natural Gas","PLINSTATUS":"Operating"}},{"type":"Feature","geometry":{"type":"Point","coordinates":[-114.54421,51.92621]},"properties":{"LICINSTNO":"80164-1","INSTA_LIC":"80164","INSTA_NUM":"1","INSTA_TYPE":"Meter Station","BA_NAME":"NOVA Gas Transmission Ltd.","POWER":0.0,"PRIME_SORC":null,"INST_LOCAT":"04-20-034-04W5","FLD_CENTRE":"Red Deer","SUBSTANCE1":"Natural Gas","PLINSTATUS":"Operating"}},{"type":"Feature","geometry":{"type":"Point","coordinates":[-114.39771,51.92284]},"properties":{"LICINSTNO":"80164-2","INSTA_LIC":"80164","INSTA_NUM":"2","INSTA_TYPE":"Meter Station","BA_NAME":"NOVA Gas Transmission Ltd.","POWER":0.0,"PRIME_SORC":null,"INST_LOCAT":"13-17-034-03W5","FLD_CENTRE":"Red Deer","SUBSTANCE1":"Natural Gas","PLINSTATUS":"Operating"}},{"type":"Feature","geometry":{"type":"Point","coordinates":[-113.95973,54.76274]},"properties":{"LICINSTNO":"80164-4","INSTA_LIC":"80164","INSTA_NUM":"4","INSTA_TYPE":"Meter Station","BA_NAME":"NOVA Gas Transmission Ltd.","POWER":0.0,"PRIME_SORC":null,"INST_LOCAT":"03-06-067-26W4","FLD_CENTRE":"Red Deer","SUBSTANCE1":"Natural Gas","PLINSTATUS":"Operating"}},{"type":"Feature","geometry":{"type":"Point","coordinates":[-114.4007,51.89702]},"properties":{"LICINSTNO":"80164-5","INSTA_LIC":"80164","INSTA_NUM":"5","INSTA_TYPE":"Meter Station","BA_NAME":"NOVA Gas Transmission Ltd.","POWER":0.0,"PRIME_SORC":null,"INST_LOCAT":"04-08-034-03W5","FLD_CENTRE":"Red Deer","SUBSTANCE1":"Natural Gas","PLINSTATUS":"Operating"}},{"type":"Feature","geometry":{"type":"Point","coordinates":[-110.73938,50.77985]},"properties":{"LICINSTNO":"80166-9","INSTA_LIC":"80166","INSTA_NUM":"9","INSTA_TYPE":"Meter Station","BA_NAME":"NOVA Gas Transmission Ltd.","POWER":0.0,"PRIME_SORC":null,"INST_LOCAT":"05-14-021-06W4","FLD_CENTRE":"Medicine Hat","SUBSTANCE1":"Natural Gas","PLINSTATUS":"Operating"}},{"type":"Feature","geometry":{"type":"Point","coordinates":[-111.84541,50.86382]},"properties":{"LICINSTNO":"80166-13","INSTA_LIC":"80166","INSTA_NUM":"13","INSTA_TYPE":"Meter Station","BA_NAME":"NOVA Gas Transmission Ltd.","POWER":0.0,"PRIME_SORC":null,"INST_LOCAT":"03-14-022-14W4","FLD_CENTRE":"Medicine Hat","SUBSTANCE1":"Natural Gas","PLINSTATUS":"Operating"}},{"type":"Feature","geometry":{"type":"Point","coordinates":[-110.81626,50.70917]},"properties":{"LICINSTNO":"80166-14","INSTA_LIC":"80166","INSTA_NUM":"14","INSTA_TYPE":"Meter Station","BA_NAME":"NOVA Gas Transmission Ltd.","POWER":0.0,"PRIME_SORC":null,"INST_LOCAT":"08-19-020-06W4","FLD_CENTRE":"Medicine Hat","SUBSTANCE1":"Natural Gas","PLINSTATUS":"Operating"}},{"type":"Feature","geometry":{"type":"Point","coordinates":[-113.02207,51.35666]},"properties":{"LICINSTNO":"80166-17","INSTA_LIC":"80166","INSTA_NUM":"17","INSTA_TYPE":"Meter Station","BA_NAME":"NOVA Gas Transmission Ltd.","POWER":0.0,"PRIME_SORC":null,"INST_LOCAT":"14-34-027-22W4","FLD_CENTRE":"Medicine Hat","SUBSTANCE1":"Natural Gas","PLINSTATUS":"Operating"}},{"type":"Feature","geometry":{"type":"Point","coordinates":[-112.90099,51.2713]},"properties":{"LICINSTNO":"80166-18","INSTA_LIC":"80166","INSTA_NUM":"18","INSTA_TYPE":"Meter Station","BA_NAME":"NOVA Gas Transmission Ltd.","POWER":0.0,"PRIME_SORC":null,"INST_LOCAT":"03-04-027-21W4","FLD_CENTRE":"Medicine Hat","SUBSTANCE1":"Natural Gas","PLINSTATUS":"Operating"}},{"type":"Feature","geometry":{"type":"Point","coordinates":[-116.46759,53.60009]},"properties":{"LICINSTNO":"80169-14","INSTA_LIC":"80169","INSTA_NUM":"14","INSTA_TYPE":"Meter Station","BA_NAME":"NOVA Gas Transmission Ltd.","POWER":0.0,"PRIME_SORC":null,"INST_LOCAT":"02-29-053-17W5","FLD_CENTRE":"Drayton Valley","SUBSTANCE1":"Natural Gas","PLINSTATUS":"Operating"}},{"type":"Feature","geometry":{"type":"Point","coordinates":[-113.96117,54.77811]},"properties":{"LICINSTNO":"80169-16","INSTA_LIC":"80169","INSTA_NUM":"16","INSTA_TYPE":"Meter Station","BA_NAME":"NOVA Gas Transmission Ltd.","POWER":0.0,"PRIME_SORC":null,"INST_LOCAT":"03-07-067-26W4","FLD_CENTRE":"Drayton Valley","SUBSTANCE1":"Natural Gas","PLINSTATUS":"Operating"}},{"type":"Feature","geometry":{"type":"Point","coordinates":[-115.55935,53.82437]},"properties":{"LICINSTNO":"80169-17","INSTA_LIC":"80169","INSTA_NUM":"17","INSTA_TYPE":"Meter Station","BA_NAME":"NOVA Gas Transmission Ltd.","POWER":0.0,"PRIME_SORC":null,"INST_LOCAT":"05-10-056-11W5","FLD_CENTRE":"Drayton Valley","SUBSTANCE1":"Natural Gas","PLINSTATUS":"Operating"}},{"type":"Feature","geometry":{"type":"Point","coordinates":[-114.24328,55.17714]},"properties":{"LICINSTNO":"80169-19","INSTA_LIC":"80169","INSTA_NUM":"19","INSTA_TYPE":"Meter Station","BA_NAME":"NOVA Gas Transmission Ltd.","POWER":0.0,"PRIME_SORC":null,"INST_LOCAT":"07-28-071-02W5","FLD_CENTRE":"Drayton Valley","SUBSTANCE1":"Natural Gas","PLINSTATUS":"Operating"}},{"type":"Feature","geometry":{"type":"Point","coordinates":[-116.06387,53.78822]},"properties":{"LICINSTNO":"80169-22","INSTA_LIC":"80169","INSTA_NUM":"22","INSTA_TYPE":"Meter Station","BA_NAME":"NOVA Gas Transmission Ltd.","POWER":0.0,"PRIME_SORC":null,"INST_LOCAT":"16-30-055-14W5","FLD_CENTRE":"Drayton Valley","SUBSTANCE1":"Natural Gas","PLINSTATUS":"Operating"}},{"type":"Feature","geometry":{"type":"Point","coordinates":[-114.3259,54.93146]},"properties":{"LICINSTNO":"80169-23","INSTA_LIC":"80169","INSTA_NUM":"23","INSTA_TYPE":"Meter Station","BA_NAME":"NOVA Gas Transmission Ltd.","POWER":0.0,"PRIME_SORC":null,"INST_LOCAT":"11-36-068-03W5","FLD_CENTRE":"Drayton Valley","SUBSTANCE1":"Natural Gas","PLINSTATUS":"Operating"}},{"type":"Feature","geometry":{"type":"Point","coordinates":[-115.06193,54.3368]},"properties":{"LICINSTNO":"80169-25","INSTA_LIC":"80169","INSTA_NUM":"25","INSTA_TYPE":"Meter Station","BA_NAME":"NOVA Gas Transmission Ltd.","POWER":0.0,"PRIME_SORC":null,"INST_LOCAT":"10-01-062-08W5","FLD_CENTRE":"Drayton Valley","SUBSTANCE1":"Natural Gas","PLINSTATUS":"Operating"}},{"type":"Feature","geometry":{"type":"Point","coordinates":[-113.87875,55.57514]},"properties":{"LICINSTNO":"80169-27","INSTA_LIC":"80169","INSTA_NUM":"27","INSTA_TYPE":"Meter Station","BA_NAME":"NOVA Gas Transmission Ltd.","POWER":0.0,"PRIME_SORC":null,"INST_LOCAT":"14-07-076-25W4","FLD_CENTRE":"Drayton Valley","SUBSTANCE1":"Natural Gas","PLINSTATUS":"Operating"}},{"type":"Feature","geometry":{"type":"Point","coordinates":[-114.79216,54.54608]},"properties":{"LICINSTNO":"80169-28","INSTA_LIC":"80169","INSTA_NUM":"28","INSTA_TYPE":"Meter Station","BA_NAME":"NOVA Gas Transmission Ltd.","POWER":0.0,"PRIME_SORC":null,"INST_LOCAT":"02-23-064-06W5","FLD_CENTRE":"Drayton Valley","SUBSTANCE1":"Natural Gas","PLINSTATUS":"Operating"}},{"type":"Feature","geometry":{"type":"Point","coordinates":[-114.44333,54.844]},"properties":{"LICINSTNO":"80169-34","INSTA_LIC":"80169","INSTA_NUM":"34","INSTA_TYPE":"Meter Station","BA_NAME":"NOVA Gas Transmission Ltd.","POWER":0.0,"PRIME_SORC":null,"INST_LOCAT":"10-31-067-03W5","FLD_CENTRE":"Drayton Valley","SUBSTANCE1":"Natural Gas","PLINSTATUS":"Operating"}},{"type":"Feature","geometry":{"type":"Point","coordinates":[-115.9528,53.86496]},"properties":{"LICINSTNO":"80169-36","INSTA_LIC":"80169","INSTA_NUM":"36","INSTA_TYPE":"Meter Station","BA_NAME":"NOVA Gas Transmission Ltd.","POWER":0.0,"PRIME_SORC":null,"INST_LOCAT":"05-25-056-14W5","FLD_CENTRE":"Drayton Valley","SUBSTANCE1":"Natural Gas","PLINSTATUS":"Operating"}},{"type":"Feature","geometry":{"type":"Point","coordinates":[-115.78085,53.91995]},"properties":{"LICINSTNO":"80169-37","INSTA_LIC":"80169","INSTA_NUM":"37","INSTA_TYPE":"Meter Station","BA_NAME":"NOVA Gas Transmission Ltd.","POWER":0.0,"PRIME_SORC":null,"INST_LOCAT":"04-18-057-12W5","FLD_CENTRE":"Drayton Valley","SUBSTANCE1":"Natural Gas","PLINSTATUS":"Operating"}},{"type":"Feature","geometry":{"type":"Point","coordinates":[-114.93865,54.42261]},"properties":{"LICINSTNO":"80169-39","INSTA_LIC":"80169","INSTA_NUM":"39","INSTA_TYPE":"Meter Station","BA_NAME":"NOVA Gas Transmission Ltd.","POWER":0.0,"PRIME_SORC":null,"INST_LOCAT":"09-02-063-07W5","FLD_CENTRE":"Drayton Valley","SUBSTANCE1":"Natural Gas","PLINSTATUS":"Operating"}},{"type":"Feature","geometry":{"type":"Point","coordinates":[-115.66516,52.77722]},"properties":{"LICINSTNO":"80171-1","INSTA_LIC":"80171","INSTA_NUM":"1","INSTA_TYPE":"Meter Station","BA_NAME":"NOVA Gas Transmission Ltd.","POWER":0.0,"PRIME_SORC":null,"INST_LOCAT":"05-10-044-12W5","FLD_CENTRE":"Drayton Valley","SUBSTANCE1":"Natural Gas","PLINSTATUS":"Operating"}},{"type":"Feature","geometry":{"type":"Point","coordinates":[-113.61036,55.42979]},"properties":{"LICINSTNO":"80172-1","INSTA_LIC":"80172","INSTA_NUM":"1","INSTA_TYPE":"Meter Station","BA_NAME":"NOVA Gas Transmission Ltd.","POWER":0.0,"PRIME_SORC":null,"INST_LOCAT":"14-22-074-24W4","FLD_CENTRE":"Slave Lake","SUBSTANCE1":"Natural Gas","PLINSTATUS":"Operating"}},{"type":"Feature","geometry":{"type":"Point","coordinates":[-112.41866,54.24044]},"properties":{"LICINSTNO":"80173-2","INSTA_LIC":"80173","INSTA_NUM":"2","INSTA_TYPE":"Meter Station","BA_NAME":"NOVA Gas Transmission Ltd.","POWER":0.0,"PRIME_SORC":null,"INST_LOCAT":"03-01-061-17W4","FLD_CENTRE":"Edmonton","SUBSTANCE1":"Natural Gas","PLINSTATUS":"Operating"}},{"type":"Feature","geometry":{"type":"Point","coordinates":[-111.87332,53.3659]},"properties":{"LICINSTNO":"80173-7","INSTA_LIC":"80173","INSTA_NUM":"7","INSTA_TYPE":"Meter Station","BA_NAME":"NOVA Gas Transmission Ltd.","POWER":0.0,"PRIME_SORC":null,"INST_LOCAT":"14-32-050-13W4","FLD_CENTRE":"Edmonton","SUBSTANCE1":"Natural Gas","PLINSTATUS":"Operating"}},{"type":"Feature","geometry":{"type":"Point","coordinates":[-111.96856,53.5404]},"properties":{"LICINSTNO":"80173-8","INSTA_LIC":"80173","INSTA_NUM":"8","INSTA_TYPE":"Meter Station","BA_NAME":"NOVA Gas Transmission Ltd.","POWER":0.0,"PRIME_SORC":null,"INST_LOCAT":"16-34-052-14W4","FLD_CENTRE":"Edmonton","SUBSTANCE1":"Natural Gas","PLINSTATUS":"Operating"}},{"type":"Feature","geometry":{"type":"Point","coordinates":[-111.37815,52.81356]},"properties":{"LICINSTNO":"80173-9","INSTA_LIC":"80173","INSTA_NUM":"9","INSTA_TYPE":"Meter Station","BA_NAME":"NOVA Gas Transmission Ltd.","POWER":0.0,"PRIME_SORC":null,"INST_LOCAT":"13-22-044-10W4","FLD_CENTRE":"Edmonton","SUBSTANCE1":"Natural Gas","PLINSTATUS":"Operating"}},{"type":"Feature","geometry":{"type":"Point","coordinates":[-111.42997,52.84752]},"properties":{"LICINSTNO":"80173-10","INSTA_LIC":"80173","INSTA_NUM":"10","INSTA_TYPE":"Meter Station","BA_NAME":"NOVA Gas Transmission Ltd.","POWER":0.0,"PRIME_SORC":null,"INST_LOCAT":"05-05-045-10W4","FLD_CENTRE":"Edmonton","SUBSTANCE1":"Natural Gas","PLINSTATUS":"Operating"}},{"type":"Feature","geometry":{"type":"Point","coordinates":[-111.4818,52.87917]},"properties":{"LICINSTNO":"80173-12","INSTA_LIC":"80173","INSTA_NUM":"12","INSTA_TYPE":"Meter Station","BA_NAME":"NOVA Gas Transmission Ltd.","POWER":0.0,"PRIME_SORC":null,"INST_LOCAT":"08-14-045-11W4","FLD_CENTRE":"Edmonton","SUBSTANCE1":"Natural Gas","PLINSTATUS":"Operating"}},{"type":"Feature","geometry":{"type":"Point","coordinates":[-111.2849,52.75932]},"properties":{"LICINSTNO":"80173-21","INSTA_LIC":"80173","INSTA_NUM":"21","INSTA_TYPE":"Meter Station","BA_NAME":"NOVA Gas Transmission Ltd.","POWER":0.0,"PRIME_SORC":null,"INST_LOCAT":"04-05-044-09W4","FLD_CENTRE":"Edmonton","SUBSTANCE1":"Natural Gas","PLINSTATUS":"Operating"}},{"type":"Feature","geometry":{"type":"Point","coordinates":[-111.58785,53.27727]},"properties":{"LICINSTNO":"80173-22","INSTA_LIC":"80173","INSTA_NUM":"22","INSTA_TYPE":"Meter Station","BA_NAME":"NOVA Gas Transmission Ltd.","POWER":0.0,"PRIME_SORC":null,"INST_LOCAT":"13-32-049-11W4","FLD_CENTRE":"Edmonton","SUBSTANCE1":"Natural Gas","PLINSTATUS":"Operating"}},{"type":"Feature","geometry":{"type":"Point","coordinates":[-111.24959,53.33787]},"properties":{"LICINSTNO":"80173-24","INSTA_LIC":"80173","INSTA_NUM":"24","INSTA_TYPE":"Meter Station","BA_NAME":"NOVA Gas Transmission Ltd.","POWER":0.0,"PRIME_SORC":null,"INST_LOCAT":"01-28-050-09W4","FLD_CENTRE":"Edmonton","SUBSTANCE1":"Natural Gas","PLINSTATUS":"Operating"}},{"type":"Feature","geometry":{"type":"Point","coordinates":[-111.2492,53.33787]},"properties":{"LICINSTNO":"80173-25","INSTA_LIC":"80173","INSTA_NUM":"25","INSTA_TYPE":"Meter Station","BA_NAME":"NOVA Gas Transmission Ltd.","POWER":0.0,"PRIME_SORC":null,"INST_LOCAT":"01-28-050-09W4","FLD_CENTRE":"Edmonton","SUBSTANCE1":"Natural Gas","PLINSTATUS":"Operating"}},{"type":"Feature","geometry":{"type":"Point","coordinates":[-110.60801,52.83942]},"properties":{"LICINSTNO":"80173-30","INSTA_LIC":"80173","INSTA_NUM":"30","INSTA_TYPE":"Meter Station","BA_NAME":"NOVA Gas Transmission Ltd.","POWER":0.0,"PRIME_SORC":null,"INST_LOCAT":"12-36-044-05W4","FLD_CENTRE":"Edmonton","SUBSTANCE1":"Natural Gas","PLINSTATUS":"Operating"}},{"type":"Feature","geometry":{"type":"Point","coordinates":[-110.67236,52.98929]},"properties":{"LICINSTNO":"80173-31","INSTA_LIC":"80173","INSTA_NUM":"31","INSTA_TYPE":"Meter Station","BA_NAME":"NOVA Gas Transmission Ltd.","POWER":0.0,"PRIME_SORC":null,"INST_LOCAT":"03-28-046-05W4","FLD_CENTRE":"Edmonton","SUBSTANCE1":"Natural Gas","PLINSTATUS":"Operating"}},{"type":"Feature","geometry":{"type":"Point","coordinates":[-110.6721,52.98946]},"properties":{"LICINSTNO":"80173-32","INSTA_LIC":"80173","INSTA_NUM":"32","INSTA_TYPE":"Meter Station","BA_NAME":"NOVA Gas Transmission Ltd.","POWER":0.0,"PRIME_SORC":null,"INST_LOCAT":"03-28-046-05W4","FLD_CENTRE":"Edmonton","SUBSTANCE1":"Natural Gas","PLINSTATUS":"Operating"}},{"type":"Feature","geometry":{"type":"Point","coordinates":[-110.68343,52.84428]},"properties":{"LICINSTNO":"80173-33","INSTA_LIC":"80173","INSTA_NUM":"33","INSTA_TYPE":"Meter Station","BA_NAME":"NOVA Gas Transmission Ltd.","POWER":0.0,"PRIME_SORC":null,"INST_LOCAT":"01-05-045-05W4","FLD_CENTRE":"Edmonton","SUBSTANCE1":"Natural Gas","PLINSTATUS":"Operating"}},{"type":"Feature","geometry":{"type":"Point","coordinates":[-110.6737,52.91562]},"properties":{"LICINSTNO":"80173-34","INSTA_LIC":"80173","INSTA_NUM":"34","INSTA_TYPE":"Meter Station","BA_NAME":"NOVA Gas Transmission Ltd.","POWER":0.0,"PRIME_SORC":null,"INST_LOCAT":"14-28-045-05W4","FLD_CENTRE":"Edmonton","SUBSTANCE1":"Natural Gas","PLINSTATUS":"Operating"}},{"type":"Feature","geometry":{"type":"Point","coordinates":[-110.46221,52.87827]},"properties":{"LICINSTNO":"80173-37","INSTA_LIC":"80173","INSTA_NUM":"37","INSTA_TYPE":"Meter Station","BA_NAME":"NOVA Gas Transmission Ltd.","POWER":0.0,"PRIME_SORC":null,"INST_LOCAT":"05-13-045-04W4","FLD_CENTRE":"Edmonton","SUBSTANCE1":"Natural Gas","PLINSTATUS":"Operating"}},{"type":"Feature","geometry":{"type":"Point","coordinates":[-111.90722,53.19847]},"properties":{"LICINSTNO":"80173-38","INSTA_LIC":"80173","INSTA_NUM":"38","INSTA_TYPE":"Meter Station","BA_NAME":"NOVA Gas Transmission Ltd.","POWER":0.0,"PRIME_SORC":null,"INST_LOCAT":"09-01-049-14W4","FLD_CENTRE":"Edmonton","SUBSTANCE1":"Natural Gas","PLINSTATUS":"Operating"}},{"type":"Feature","geometry":{"type":"Point","coordinates":[-111.90539,53.27741]},"properties":{"LICINSTNO":"80173-39","INSTA_LIC":"80173","INSTA_NUM":"39","INSTA_TYPE":"Meter Station","BA_NAME":"NOVA Gas Transmission Ltd.","POWER":0.0,"PRIME_SORC":null,"INST_LOCAT":"13-31-049-13W4","FLD_CENTRE":"Edmonton","SUBSTANCE1":"Natural Gas","PLINSTATUS":"Operating"}},{"type":"Feature","geometry":{"type":"Point","coordinates":[-111.9732,54.73354]},"properties":{"LICINSTNO":"80173-40","INSTA_LIC":"80173","INSTA_NUM":"40","INSTA_TYPE":"Meter Station","BA_NAME":"NOVA Gas Transmission Ltd.","POWER":0.0,"PRIME_SORC":null,"INST_LOCAT":"01-25-066-14W4","FLD_CENTRE":"Edmonton","SUBSTANCE1":"Natural Gas","PLINSTATUS":"Operating"}},{"type":"Feature","geometry":{"type":"Point","coordinates":[-111.99747,54.55883]},"properties":{"LICINSTNO":"80173-41","INSTA_LIC":"80173","INSTA_NUM":"41","INSTA_TYPE":"Meter Station","BA_NAME":"NOVA Gas Transmission Ltd.","POWER":0.0,"PRIME_SORC":null,"INST_LOCAT":"01-26-064-14W4","FLD_CENTRE":"Edmonton","SUBSTANCE1":"Natural Gas","PLINSTATUS":"Operating"}},{"type":"Feature","geometry":{"type":"Point","coordinates":[-112.26881,53.96991]},"properties":{"LICINSTNO":"80173-42","INSTA_LIC":"80173","INSTA_NUM":"42","INSTA_TYPE":"Meter Station","BA_NAME":"NOVA Gas Transmission Ltd.","POWER":0.0,"PRIME_SORC":null,"INST_LOCAT":"10-35-057-16W4","FLD_CENTRE":"Edmonton","SUBSTANCE1":"Natural Gas","PLINSTATUS":"Operating"}},{"type":"Feature","geometry":{"type":"Point","coordinates":[-111.56528,54.00214]},"properties":{"LICINSTNO":"80173-45","INSTA_LIC":"80173","INSTA_NUM":"45","INSTA_TYPE":"Meter Station","BA_NAME":"NOVA Gas Transmission Ltd.","POWER":0.0,"PRIME_SORC":null,"INST_LOCAT":"09-09-058-11W4","FLD_CENTRE":"Edmonton","SUBSTANCE1":"Natural Gas","PLINSTATUS":"Operating"}},{"type":"Feature","geometry":{"type":"Point","coordinates":[-112.20971,53.94071]},"properties":{"LICINSTNO":"80173-46","INSTA_LIC":"80173","INSTA_NUM":"46","INSTA_TYPE":"Meter Station","BA_NAME":"NOVA Gas Transmission Ltd.","POWER":0.0,"PRIME_SORC":null,"INST_LOCAT":"09-19-057-15W4","FLD_CENTRE":"Edmonton","SUBSTANCE1":"Natural Gas","PLINSTATUS":"Operating"}},{"type":"Feature","geometry":{"type":"Point","coordinates":[-111.19198,52.69709]},"properties":{"LICINSTNO":"80173-47","INSTA_LIC":"80173","INSTA_NUM":"47","INSTA_TYPE":"Meter Station","BA_NAME":"NOVA Gas Transmission Ltd.","POWER":0.0,"PRIME_SORC":null,"INST_LOCAT":"16-11-043-09W4","FLD_CENTRE":"Edmonton","SUBSTANCE1":"Natural Gas","PLINSTATUS":"Operating"}},{"type":"Feature","geometry":{"type":"Point","coordinates":[-110.74845,53.71462]},"properties":{"LICINSTNO":"80173-50","INSTA_LIC":"80173","INSTA_NUM":"50","INSTA_TYPE":"Meter Station","BA_NAME":"NOVA Gas Transmission Ltd.","POWER":0.0,"PRIME_SORC":null,"INST_LOCAT":"16-36-054-06W4","FLD_CENTRE":"Edmonton","SUBSTANCE1":"Natural Gas","PLINSTATUS":"Operating"}},{"type":"Feature","geometry":{"type":"Point","coordinates":[-111.2073,53.7098]},"properties":{"LICINSTNO":"80173-51","INSTA_LIC":"80173","INSTA_NUM":"51","INSTA_TYPE":"Meter Station","BA_NAME":"NOVA Gas Transmission Ltd.","POWER":0.0,"PRIME_SORC":null,"INST_LOCAT":"09-35-054-09W4","FLD_CENTRE":"Edmonton","SUBSTANCE1":"Natural Gas","PLINSTATUS":"Operating"}},{"type":"Feature","geometry":{"type":"Point","coordinates":[-111.42686,53.64929]},"properties":{"LICINSTNO":"80173-53","INSTA_LIC":"80173","INSTA_NUM":"53","INSTA_TYPE":"Meter Station","BA_NAME":"NOVA Gas Transmission Ltd.","POWER":0.0,"PRIME_SORC":null,"INST_LOCAT":"05-09-054-10W4","FLD_CENTRE":"Edmonton","SUBSTANCE1":"Natural Gas","PLINSTATUS":"Operating"}},{"type":"Feature","geometry":{"type":"Point","coordinates":[-111.0042,53.53362]},"properties":{"LICINSTNO":"80173-54","INSTA_LIC":"80173","INSTA_NUM":"54","INSTA_TYPE":"Meter Station","BA_NAME":"NOVA Gas Transmission Ltd.","POWER":0.0,"PRIME_SORC":null,"INST_LOCAT":"11-32-052-07W4","FLD_CENTRE":"Edmonton","SUBSTANCE1":"Natural Gas","PLINSTATUS":"Operating"}},{"type":"Feature","geometry":{"type":"Point","coordinates":[-112.80084,54.64555]},"properties":{"LICINSTNO":"80173-59","INSTA_LIC":"80173","INSTA_NUM":"59","INSTA_TYPE":"Meter Station","BA_NAME":"NOVA Gas Transmission Ltd.","POWER":0.0,"PRIME_SORC":null,"INST_LOCAT":"04-27-065-19W4","FLD_CENTRE":"Edmonton","SUBSTANCE1":"Natural Gas","PLINSTATUS":"Operating"}},{"type":"Feature","geometry":{"type":"Point","coordinates":[-112.30951,54.102]},"properties":{"LICINSTNO":"80173-60","INSTA_LIC":"80173","INSTA_NUM":"60","INSTA_TYPE":"Meter Station","BA_NAME":"NOVA Gas Transmission Ltd.","POWER":0.0,"PRIME_SORC":null,"INST_LOCAT":"10-15-059-16W4","FLD_CENTRE":"Edmonton","SUBSTANCE1":"Natural Gas","PLINSTATUS":"Operating"}},{"type":"Feature","geometry":{"type":"Point","coordinates":[-111.05002,53.67648]},"properties":{"LICINSTNO":"80173-61","INSTA_LIC":"80173","INSTA_NUM":"61","INSTA_TYPE":"Meter Station","BA_NAME":"NOVA Gas Transmission Ltd.","POWER":0.0,"PRIME_SORC":null,"INST_LOCAT":"07-24-054-08W4","FLD_CENTRE":"Edmonton","SUBSTANCE1":"Natural Gas","PLINSTATUS":"Operating"}},{"type":"Feature","geometry":{"type":"Point","coordinates":[-110.17221,52.65364]},"properties":{"LICINSTNO":"80173-62","INSTA_LIC":"80173","INSTA_NUM":"62","INSTA_TYPE":"Meter Station","BA_NAME":"NOVA Gas Transmission Ltd.","POWER":0.0,"PRIME_SORC":null,"INST_LOCAT":"04-36-042-02W4","FLD_CENTRE":"Edmonton","SUBSTANCE1":"Natural Gas","PLINSTATUS":"Operating"}},{"type":"Feature","geometry":{"type":"Point","coordinates":[-110.29172,52.75558]},"properties":{"LICINSTNO":"80173-64","INSTA_LIC":"80173","INSTA_NUM":"64","INSTA_TYPE":"Meter Station","BA_NAME":"NOVA Gas Transmission Ltd.","POWER":0.0,"PRIME_SORC":null,"INST_LOCAT":"13-31-043-02W4","FLD_CENTRE":"Edmonton","SUBSTANCE1":"Natural Gas","PLINSTATUS":"Operating"}},{"type":"Feature","geometry":{"type":"Point","coordinates":[-110.75014,53.71473]},"properties":{"LICINSTNO":"80173-66","INSTA_LIC":"80173","INSTA_NUM":"66","INSTA_TYPE":"Meter Station","BA_NAME":"NOVA Gas Transmission Ltd.","POWER":0.0,"PRIME_SORC":null,"INST_LOCAT":"15-36-054-06W4","FLD_CENTRE":"Edmonton","SUBSTANCE1":"Natural Gas","PLINSTATUS":"Operating"}},{"type":"Feature","geometry":{"type":"Point","coordinates":[-111.78357,53.19162]},"properties":{"LICINSTNO":"80173-67","INSTA_LIC":"80173","INSTA_NUM":"67","INSTA_TYPE":"Meter Station","BA_NAME":"NOVA Gas Transmission Ltd.","POWER":0.0,"PRIME_SORC":null,"INST_LOCAT":"04-01-049-13W4","FLD_CENTRE":"Edmonton","SUBSTANCE1":"Natural Gas","PLINSTATUS":"Operating"}},{"type":"Feature","geometry":{"type":"Point","coordinates":[-115.53705,54.12154]},"properties":{"LICINSTNO":"80175-1","INSTA_LIC":"80175","INSTA_NUM":"1","INSTA_TYPE":"Meter Station","BA_NAME":"NOVA Gas Transmission Ltd.","POWER":0.0,"PRIME_SORC":null,"INST_LOCAT":"15-23-059-11W5","FLD_CENTRE":"Edmonton","SUBSTANCE1":"Natural Gas","PLINSTATUS":"Operating"}},{"type":"Feature","geometry":{"type":"Point","coordinates":[-115.55028,54.12981]},"properties":{"LICINSTNO":"80175-2","INSTA_LIC":"80175","INSTA_NUM":"2","INSTA_TYPE":"Meter Station","BA_NAME":"NOVA Gas Transmission Ltd.","POWER":0.0,"PRIME_SORC":null,"INST_LOCAT":"05-26-059-11W5","FLD_CENTRE":"Edmonton","SUBSTANCE1":"Natural Gas","PLINSTATUS":"Operating"}},{"type":"Feature","geometry":{"type":"Point","coordinates":[-114.98822,52.49365]},"properties":{"LICINSTNO":"80177-10","INSTA_LIC":"80177","INSTA_NUM":"10","INSTA_TYPE":"Meter Station","BA_NAME":"NOVA Gas Transmission Ltd.","POWER":0.0,"PRIME_SORC":null,"INST_LOCAT":"16-31-040-07W5","FLD_CENTRE":"Red Deer","SUBSTANCE1":"Natural Gas","PLINSTATUS":"Operating"}},{"type":"Feature","geometry":{"type":"Point","coordinates":[-117.24599,54.93798]},"properties":{"LICINSTNO":"80179-3","INSTA_LIC":"80179","INSTA_NUM":"3","INSTA_TYPE":"Meter Station","BA_NAME":"NOVA Gas Transmission Ltd.","POWER":0.0,"PRIME_SORC":null,"INST_LOCAT":"03-02-069-22W5","FLD_CENTRE":"Grande Prairie","SUBSTANCE1":"Natural Gas","PLINSTATUS":"Operating"}},{"type":"Feature","geometry":{"type":"Point","coordinates":[-117.7568,54.42202]},"properties":{"LICINSTNO":"80180-1","INSTA_LIC":"80180","INSTA_NUM":"1","INSTA_TYPE":"Meter Station","BA_NAME":"NOVA Gas Transmission Ltd.","POWER":0.0,"PRIME_SORC":null,"INST_LOCAT":"12-05-063-25W5","FLD_CENTRE":"Grande Prairie","SUBSTANCE1":"Natural Gas","PLINSTATUS":"Operating"}},{"type":"Feature","geometry":{"type":"Point","coordinates":[-117.75249,54.42599]},"properties":{"LICINSTNO":"80180-2","INSTA_LIC":"80180","INSTA_NUM":"2","INSTA_TYPE":"Meter Station","BA_NAME":"NOVA Gas Transmission Ltd.","POWER":0.0,"PRIME_SORC":null,"INST_LOCAT":"13-05-063-25W5","FLD_CENTRE":"Grande Prairie","SUBSTANCE1":"Natural Gas","PLINSTATUS":"Operating"}},{"type":"Feature","geometry":{"type":"Point","coordinates":[-117.75265,54.42593]},"properties":{"LICINSTNO":"80180-3","INSTA_LIC":"80180","INSTA_NUM":"3","INSTA_TYPE":"Meter Station","BA_NAME":"NOVA Gas Transmission Ltd.","POWER":0.0,"PRIME_SORC":null,"INST_LOCAT":"13-05-063-25W5","FLD_CENTRE":"Grande Prairie","SUBSTANCE1":"Natural Gas","PLINSTATUS":"Operating"}},{"type":"Feature","geometry":{"type":"Point","coordinates":[-117.7545,54.42478]},"properties":{"LICINSTNO":"80180-4","INSTA_LIC":"80180","INSTA_NUM":"4","INSTA_TYPE":"Meter Station","BA_NAME":"NOVA Gas Transmission Ltd.","POWER":0.0,"PRIME_SORC":null,"INST_LOCAT":"12-05-063-25W5","FLD_CENTRE":"Grande Prairie","SUBSTANCE1":"Natural Gas","PLINSTATUS":"Operating"}},{"type":"Feature","geometry":{"type":"Point","coordinates":[-117.75466,54.42465]},"properties":{"LICINSTNO":"80180-5","INSTA_LIC":"80180","INSTA_NUM":"5","INSTA_TYPE":"Meter Station","BA_NAME":"NOVA Gas Transmission Ltd.","POWER":0.0,"PRIME_SORC":null,"INST_LOCAT":"12-05-063-25W5","FLD_CENTRE":"Grande Prairie","SUBSTANCE1":"Natural Gas","PLINSTATUS":"Operating"}},{"type":"Feature","geometry":{"type":"Point","coordinates":[-118.52387,54.83771]},"properties":{"LICINSTNO":"80181-2","INSTA_LIC":"80181","INSTA_NUM":"2","INSTA_TYPE":"Meter Station","BA_NAME":"NOVA Gas Transmission Ltd.","POWER":0.0,"PRIME_SORC":null,"INST_LOCAT":"03-34-067-04W6","FLD_CENTRE":"Grande Prairie","SUBSTANCE1":"Natural Gas","PLINSTATUS":"Operating"}},{"type":"Feature","geometry":{"type":"Point","coordinates":[-118.65074,54.83028]},"properties":{"LICINSTNO":"80181-3","INSTA_LIC":"80181","INSTA_NUM":"3","INSTA_TYPE":"Meter Station","BA_NAME":"NOVA Gas Transmission Ltd.","POWER":0.0,"PRIME_SORC":null,"INST_LOCAT":"11-26-067-05W6","FLD_CENTRE":"Grande Prairie","SUBSTANCE1":"Natural Gas","PLINSTATUS":"Operating"}},{"type":"Feature","geometry":{"type":"Point","coordinates":[-119.63056,55.04127]},"properties":{"LICINSTNO":"80181-4","INSTA_LIC":"80181","INSTA_NUM":"4","INSTA_TYPE":"Meter Station","BA_NAME":"NOVA Gas Transmission Ltd.","POWER":0.0,"PRIME_SORC":null,"INST_LOCAT":"01-08-070-11W6","FLD_CENTRE":"Grande Prairie","SUBSTANCE1":"Natural Gas","PLINSTATUS":"Operating"}},{"type":"Feature","geometry":{"type":"Point","coordinates":[-118.65088,54.83055]},"properties":{"LICINSTNO":"80181-5","INSTA_LIC":"80181","INSTA_NUM":"5","INSTA_TYPE":"Meter Station","BA_NAME":"NOVA Gas Transmission Ltd.","POWER":0.0,"PRIME_SORC":null,"INST_LOCAT":"11-26-067-05W6","FLD_CENTRE":"Grande Prairie","SUBSTANCE1":"Natural Gas","PLINSTATUS":"Operating"}},{"type":"Feature","geometry":{"type":"Point","coordinates":[-117.11382,54.53453]},"properties":{"LICINSTNO":"80182-1","INSTA_LIC":"80182","INSTA_NUM":"1","INSTA_TYPE":"Meter Station","BA_NAME":"NOVA Gas Transmission Ltd.","POWER":0.0,"PRIME_SORC":null,"INST_LOCAT":"07-16-064-21W5","FLD_CENTRE":"Edmonton","SUBSTANCE1":"Natural Gas","PLINSTATUS":"Operating"}},{"type":"Feature","geometry":{"type":"Point","coordinates":[-117.18218,54.44724]},"properties":{"LICINSTNO":"80182-2","INSTA_LIC":"80182","INSTA_NUM":"2","INSTA_TYPE":"Meter Station","BA_NAME":"NOVA Gas Transmission Ltd.","POWER":0.0,"PRIME_SORC":null,"INST_LOCAT":"08-13-063-22W5","FLD_CENTRE":"Edmonton","SUBSTANCE1":"Natural Gas","PLINSTATUS":"Operating"}},{"type":"Feature","geometry":{"type":"Point","coordinates":[-117.29215,54.4482]},"properties":{"LICINSTNO":"80182-3","INSTA_LIC":"80182","INSTA_NUM":"3","INSTA_TYPE":"Meter Station","BA_NAME":"NOVA Gas Transmission Ltd.","POWER":0.0,"PRIME_SORC":null,"INST_LOCAT":"06-17-063-22W5","FLD_CENTRE":"Edmonton","SUBSTANCE1":"Natural Gas","PLINSTATUS":"Operating"}},{"type":"Feature","geometry":{"type":"Point","coordinates":[-115.36092,54.14316]},"properties":{"LICINSTNO":"80183-1","INSTA_LIC":"80183","INSTA_NUM":"1","INSTA_TYPE":"Meter Station","BA_NAME":"NOVA Gas Transmission Ltd.","POWER":0.0,"PRIME_SORC":null,"INST_LOCAT":"07-36-059-10W5","FLD_CENTRE":"Edmonton","SUBSTANCE1":"Natural Gas","PLINSTATUS":"Operating"}},{"type":"Feature","geometry":{"type":"Point","coordinates":[-115.23586,54.13161]},"properties":{"LICINSTNO":"80183-2","INSTA_LIC":"80183","INSTA_NUM":"2","INSTA_TYPE":"Meter Station","BA_NAME":"NOVA Gas Transmission Ltd.","POWER":0.0,"PRIME_SORC":null,"INST_LOCAT":"10-26-059-09W5","FLD_CENTRE":"Edmonton","SUBSTANCE1":"Natural Gas","PLINSTATUS":"Operating"}},{"type":"Feature","geometry":{"type":"Point","coordinates":[-114.55177,55.22052]},"properties":{"LICINSTNO":"80184-1","INSTA_LIC":"80184","INSTA_NUM":"1","INSTA_TYPE":"Meter Station","BA_NAME":"NOVA Gas Transmission Ltd.","POWER":0.0,"PRIME_SORC":null,"INST_LOCAT":"07-09-072-04W5","FLD_CENTRE":"Slave Lake","SUBSTANCE1":"Natural Gas","PLINSTATUS":"Operating"}},{"type":"Feature","geometry":{"type":"Point","coordinates":[-114.60073,55.26686]},"properties":{"LICINSTNO":"80184-3","INSTA_LIC":"80184","INSTA_NUM":"3","INSTA_TYPE":"Meter Station","BA_NAME":"NOVA Gas Transmission Ltd.","POWER":0.0,"PRIME_SORC":null,"INST_LOCAT":"10-30-072-04W5","FLD_CENTRE":"Slave Lake","SUBSTANCE1":"Natural Gas","PLINSTATUS":"Operating"}},{"type":"Feature","geometry":{"type":"Point","coordinates":[-114.60092,55.26757]},"properties":{"LICINSTNO":"80184-4","INSTA_LIC":"80184","INSTA_NUM":"4","INSTA_TYPE":"Meter Station","BA_NAME":"NOVA Gas Transmission Ltd.","POWER":0.0,"PRIME_SORC":null,"INST_LOCAT":"10-30-072-04W5","FLD_CENTRE":"Slave Lake","SUBSTANCE1":"Natural Gas","PLINSTATUS":"Operating"}},{"type":"Feature","geometry":{"type":"Point","coordinates":[-114.50351,55.15087]},"properties":{"LICINSTNO":"80184-5","INSTA_LIC":"80184","INSTA_NUM":"5","INSTA_TYPE":"Meter Station","BA_NAME":"NOVA Gas Transmission Ltd.","POWER":0.0,"PRIME_SORC":null,"INST_LOCAT":"11-14-071-04W5","FLD_CENTRE":"Slave Lake","SUBSTANCE1":"Natural Gas","PLINSTATUS":"Operating"}},{"type":"Feature","geometry":{"type":"Point","coordinates":[-114.43764,55.0563]},"properties":{"LICINSTNO":"80184-6","INSTA_LIC":"80184","INSTA_NUM":"6","INSTA_TYPE":"Meter Station","BA_NAME":"NOVA Gas Transmission Ltd.","POWER":0.0,"PRIME_SORC":null,"INST_LOCAT":"01-18-070-03W5","FLD_CENTRE":"Slave Lake","SUBSTANCE1":"Natural Gas","PLINSTATUS":"Operating"}},{"type":"Feature","geometry":{"type":"Point","coordinates":[-111.93631,53.47839]},"properties":{"LICINSTNO":"80185-1","INSTA_LIC":"80185","INSTA_NUM":"1","INSTA_TYPE":"Meter Station","BA_NAME":"NOVA Gas Transmission Ltd.","POWER":0.0,"PRIME_SORC":null,"INST_LOCAT":"11-12-052-14W4","FLD_CENTRE":"Wainwright","SUBSTANCE1":"Natural Gas","PLINSTATUS":"Operating"}},{"type":"Feature","geometry":{"type":"Point","coordinates":[-110.30844,50.7565]},"properties":{"LICINSTNO":"80186-1","INSTA_LIC":"80186","INSTA_NUM":"1","INSTA_TYPE":"Meter Station","BA_NAME":"NOVA Gas Transmission Ltd.","POWER":0.0,"PRIME_SORC":null,"INST_LOCAT":"09-02-021-03W4","FLD_CENTRE":"Medicine Hat","SUBSTANCE1":"Natural Gas","PLINSTATUS":"Operating"}},{"type":"Feature","geometry":{"type":"Point","coordinates":[-111.06343,50.70937]},"properties":{"LICINSTNO":"80186-5","INSTA_LIC":"80186","INSTA_NUM":"5","INSTA_TYPE":"Meter Station","BA_NAME":"NOVA Gas Transmission Ltd.","POWER":0.0,"PRIME_SORC":null,"INST_LOCAT":"05-21-020-08W4","FLD_CENTRE":"Medicine Hat","SUBSTANCE1":"Natural Gas","PLINSTATUS":"Operating"}},{"type":"Feature","geometry":{"type":"Point","coordinates":[-111.06577,50.70661]},"properties":{"LICINSTNO":"80186-6","INSTA_LIC":"80186","INSTA_NUM":"6","INSTA_TYPE":"Meter Station","BA_NAME":"NOVA Gas Transmission Ltd.","POWER":0.0,"PRIME_SORC":null,"INST_LOCAT":"04-21-020-08W4","FLD_CENTRE":"Medicine Hat","SUBSTANCE1":"Natural Gas","PLINSTATUS":"Operating"}},{"type":"Feature","geometry":{"type":"Point","coordinates":[-110.19063,50.6881]},"properties":{"LICINSTNO":"80186-8","INSTA_LIC":"80186","INSTA_NUM":"8","INSTA_TYPE":"Meter Station","BA_NAME":"NOVA Gas Transmission Ltd.","POWER":0.0,"PRIME_SORC":null,"INST_LOCAT":"16-10-020-02W4","FLD_CENTRE":"Medicine Hat","SUBSTANCE1":"Natural Gas","PLINSTATUS":"Operating"}},{"type":"Feature","geometry":{"type":"Point","coordinates":[-115.17961,52.22858]},"properties":{"LICINSTNO":"80187-1","INSTA_LIC":"80187","INSTA_NUM":"1","INSTA_TYPE":"Meter Station","BA_NAME":"NOVA Gas Transmission Ltd.","POWER":0.0,"PRIME_SORC":null,"INST_LOCAT":"15-35-037-09W5","FLD_CENTRE":"Red Deer","SUBSTANCE1":"Natural Gas","PLINSTATUS":"Operating"}},{"type":"Feature","geometry":{"type":"Point","coordinates":[-111.78246,53.54086]},"properties":{"LICINSTNO":"80188-1","INSTA_LIC":"80188","INSTA_NUM":"1","INSTA_TYPE":"Meter Station","BA_NAME":"NOVA Gas Transmission Ltd.","POWER":0.0,"PRIME_SORC":null,"INST_LOCAT":"15-36-052-13W4","FLD_CENTRE":"Wainwright","SUBSTANCE1":"Natural Gas","PLINSTATUS":"Operating"}},{"type":"Feature","geometry":{"type":"Point","coordinates":[-110.48823,50.7041]},"properties":{"LICINSTNO":"80189-1","INSTA_LIC":"80189","INSTA_NUM":"1","INSTA_TYPE":"Meter Station","BA_NAME":"NOVA Gas Transmission Ltd.","POWER":0.0,"PRIME_SORC":null,"INST_LOCAT":"04-22-020-04W4","FLD_CENTRE":"Medicine Hat","SUBSTANCE1":"Natural Gas","PLINSTATUS":"Operating"}},{"type":"Feature","geometry":{"type":"Point","coordinates":[-114.40244,51.70859]},"properties":{"LICINSTNO":"80190-3","INSTA_LIC":"80190","INSTA_NUM":"3","INSTA_TYPE":"Meter Station","BA_NAME":"NOVA Gas Transmission Ltd.","POWER":0.0,"PRIME_SORC":null,"INST_LOCAT":"04-05-032-03W5","FLD_CENTRE":"Drayton Valley","SUBSTANCE1":"Natural Gas","PLINSTATUS":"Operating"}},{"type":"Feature","geometry":{"type":"Point","coordinates":[-113.38008,51.32211]},"properties":{"LICINSTNO":"80190-4","INSTA_LIC":"80190","INSTA_NUM":"4","INSTA_TYPE":"Meter Station","BA_NAME":"NOVA Gas Transmission Ltd.","POWER":0.0,"PRIME_SORC":null,"INST_LOCAT":"12-19-027-24W4","FLD_CENTRE":"Drayton Valley","SUBSTANCE1":"Natural Gas","PLINSTATUS":"Operating"}},{"type":"Feature","geometry":{"type":"Point","coordinates":[-113.38008,51.32211]},"properties":{"LICINSTNO":"80190-5","INSTA_LIC":"80190","INSTA_NUM":"5","INSTA_TYPE":"Meter Station","BA_NAME":"NOVA Gas Transmission Ltd.","POWER":0.0,"PRIME_SORC":null,"INST_LOCAT":"12-19-027-24W4","FLD_CENTRE":"Drayton Valley","SUBSTANCE1":"Natural Gas","PLINSTATUS":"Operating"}},{"type":"Feature","geometry":{"type":"Point","coordinates":[-112.38342,53.95356]},"properties":{"LICINSTNO":"80193-1","INSTA_LIC":"80193","INSTA_NUM":"1","INSTA_TYPE":"Meter Station","BA_NAME":"NOVA Gas Transmission Ltd.","POWER":0.0,"PRIME_SORC":null,"INST_LOCAT":"08-25-057-17W4","FLD_CENTRE":"Wainwright","SUBSTANCE1":"Natural Gas","PLINSTATUS":"Operating"}},{"type":"Feature","geometry":{"type":"Point","coordinates":[-111.09897,51.94033]},"properties":{"LICINSTNO":"80195-1","INSTA_LIC":"80195","INSTA_NUM":"1","INSTA_TYPE":"Meter Station","BA_NAME":"NOVA Gas Transmission Ltd.","POWER":0.0,"PRIME_SORC":null,"INST_LOCAT":"02-29-034-08W4","FLD_CENTRE":"Wainwright","SUBSTANCE1":"Natural Gas","PLINSTATUS":"Operating"}},{"type":"Feature","geometry":{"type":"Point","coordinates":[-110.7622,51.95989]},"properties":{"LICINSTNO":"80195-2","INSTA_LIC":"80195","INSTA_NUM":"2","INSTA_TYPE":"Meter Station","BA_NAME":"NOVA Gas Transmission Ltd.","POWER":0.0,"PRIME_SORC":null,"INST_LOCAT":"08-34-034-06W4","FLD_CENTRE":"Wainwright","SUBSTANCE1":"Natural Gas","PLINSTATUS":"Operating"}},{"type":"Feature","geometry":{"type":"Point","coordinates":[-114.8536,51.57234]},"properties":{"LICINSTNO":"80196-2","INSTA_LIC":"80196","INSTA_NUM":"2","INSTA_TYPE":"Meter Station","BA_NAME":"NOVA Gas Transmission Ltd.","POWER":0.0,"PRIME_SORC":null,"INST_LOCAT":"10-13-030-07W5","FLD_CENTRE":"Red Deer","SUBSTANCE1":"Natural Gas","PLINSTATUS":"Operating"}},{"type":"Feature","geometry":{"type":"Point","coordinates":[-112.10831,54.18875]},"properties":{"LICINSTNO":"80197-1","INSTA_LIC":"80197","INSTA_NUM":"1","INSTA_TYPE":"Meter Station","BA_NAME":"NOVA Gas Transmission Ltd.","POWER":0.0,"PRIME_SORC":null,"INST_LOCAT":"10-13-060-15W4","FLD_CENTRE":"Bonnyville","SUBSTANCE1":"Natural Gas","PLINSTATUS":"Operating"}},{"type":"Feature","geometry":{"type":"Point","coordinates":[-112.19271,54.15828]},"properties":{"LICINSTNO":"80197-2","INSTA_LIC":"80197","INSTA_NUM":"2","INSTA_TYPE":"Meter Station","BA_NAME":"NOVA Gas Transmission Ltd.","POWER":0.0,"PRIME_SORC":null,"INST_LOCAT":"06-04-060-15W4","FLD_CENTRE":"Bonnyville","SUBSTANCE1":"Natural Gas","PLINSTATUS":"Operating"}},{"type":"Feature","geometry":{"type":"Point","coordinates":[-114.49212,50.74869]},"properties":{"LICINSTNO":"80198-1","INSTA_LIC":"80198","INSTA_NUM":"1","INSTA_TYPE":"Meter Station","BA_NAME":"NOVA Gas Transmission Ltd.","POWER":0.0,"PRIME_SORC":null,"INST_LOCAT":"01-04-021-04W5","FLD_CENTRE":"Calgary","SUBSTANCE1":"Natural Gas","PLINSTATUS":"Operating"}},{"type":"Feature","geometry":{"type":"Point","coordinates":[-111.5762,51.44859]},"properties":{"LICINSTNO":"80199-1","INSTA_LIC":"80199","INSTA_NUM":"1","INSTA_TYPE":"Meter Station","BA_NAME":"NOVA Gas Transmission Ltd.","POWER":0.0,"PRIME_SORC":null,"INST_LOCAT":"01-02-029-12W4","FLD_CENTRE":"Medicine Hat","SUBSTANCE1":"Natural Gas","PLINSTATUS":"Operating"}},{"type":"Feature","geometry":{"type":"Point","coordinates":[-111.62861,51.35855]},"properties":{"LICINSTNO":"80199-2","INSTA_LIC":"80199","INSTA_NUM":"2","INSTA_TYPE":"Meter Station","BA_NAME":"NOVA Gas Transmission Ltd.","POWER":0.0,"PRIME_SORC":null,"INST_LOCAT":"02-04-028-12W4","FLD_CENTRE":"Medicine Hat","SUBSTANCE1":"Natural Gas","PLINSTATUS":"Operating"}},{"type":"Feature","geometry":{"type":"Point","coordinates":[-115.92145,54.5391]},"properties":{"LICINSTNO":"80200-1","INSTA_LIC":"80200","INSTA_NUM":"1","INSTA_TYPE":"Meter Station","BA_NAME":"NOVA Gas Transmission Ltd.","POWER":0.0,"PRIME_SORC":null,"INST_LOCAT":"09-17-064-13W5","FLD_CENTRE":"Edmonton","SUBSTANCE1":"Natural Gas","PLINSTATUS":"Operating"}},{"type":"Feature","geometry":{"type":"Point","coordinates":[-115.32449,52.15249]},"properties":{"LICINSTNO":"80205-1","INSTA_LIC":"80205","INSTA_NUM":"1","INSTA_TYPE":"Meter Station","BA_NAME":"NOVA Gas Transmission Ltd.","POWER":0.0,"PRIME_SORC":null,"INST_LOCAT":"11-02-037-10W5","FLD_CENTRE":"Red Deer","SUBSTANCE1":"Natural Gas","PLINSTATUS":"Operating"}},{"type":"Feature","geometry":{"type":"Point","coordinates":[-116.62158,54.09352]},"properties":{"LICINSTNO":"80208-1","INSTA_LIC":"80208","INSTA_NUM":"1","INSTA_TYPE":"Meter Station","BA_NAME":"NOVA Gas Transmission Ltd.","POWER":0.0,"PRIME_SORC":null,"INST_LOCAT":"13-10-059-18W5","FLD_CENTRE":"Edmonton","SUBSTANCE1":"Natural Gas","PLINSTATUS":"Operating"}},{"type":"Feature","geometry":{"type":"Point","coordinates":[-111.7871,54.46077]},"properties":{"LICINSTNO":"80211-1","INSTA_LIC":"80211","INSTA_NUM":"1","INSTA_TYPE":"Meter Station","BA_NAME":"NOVA Gas Transmission Ltd.","POWER":0.0,"PRIME_SORC":null,"INST_LOCAT":"06-20-063-12W4","FLD_CENTRE":"Bonnyville","SUBSTANCE1":"Natural Gas","PLINSTATUS":"Operating"}},{"type":"Feature","geometry":{"type":"Point","coordinates":[-113.87208,51.50786]},"properties":{"LICINSTNO":"80215-1","INSTA_LIC":"80215","INSTA_NUM":"1","INSTA_TYPE":"Meter Station","BA_NAME":"NOVA Gas Transmission Ltd.","POWER":0.0,"PRIME_SORC":null,"INST_LOCAT":"05-27-029-28W4","FLD_CENTRE":"Calgary","SUBSTANCE1":"Natural Gas","PLINSTATUS":"Operating"}},{"type":"Feature","geometry":{"type":"Point","coordinates":[-111.97327,50.91076]},"properties":{"LICINSTNO":"80216-2","INSTA_LIC":"80216","INSTA_NUM":"2","INSTA_TYPE":"Meter Station","BA_NAME":"NOVA Gas Transmission Ltd.","POWER":0.0,"PRIME_SORC":null,"INST_LOCAT":"07-35-022-15W4","FLD_CENTRE":"Medicine Hat","SUBSTANCE1":"Natural Gas","PLINSTATUS":"Operating"}},{"type":"Feature","geometry":{"type":"Point","coordinates":[-111.97002,50.90944]},"properties":{"LICINSTNO":"80216-3","INSTA_LIC":"80216","INSTA_NUM":"3","INSTA_TYPE":"Meter Station","BA_NAME":"NOVA Gas Transmission Ltd.","POWER":0.0,"PRIME_SORC":null,"INST_LOCAT":"01-35-022-15W4","FLD_CENTRE":"Medicine Hat","SUBSTANCE1":"Natural Gas","PLINSTATUS":"Operating"}},{"type":"Feature","geometry":{"type":"Point","coordinates":[-111.895,50.94211]},"properties":{"LICINSTNO":"80216-4","INSTA_LIC":"80216","INSTA_NUM":"4","INSTA_TYPE":"Meter Station","BA_NAME":"NOVA Gas Transmission Ltd.","POWER":0.0,"PRIME_SORC":null,"INST_LOCAT":"07-09-023-14W4","FLD_CENTRE":"Medicine Hat","SUBSTANCE1":"Natural Gas","PLINSTATUS":"Operating"}},{"type":"Feature","geometry":{"type":"Point","coordinates":[-114.41077,52.41432]},"properties":{"LICINSTNO":"80217-1","INSTA_LIC":"80217","INSTA_NUM":"1","INSTA_TYPE":"Meter Station","BA_NAME":"NOVA Gas Transmission Ltd.","POWER":0.0,"PRIME_SORC":null,"INST_LOCAT":"09-06-040-03W5","FLD_CENTRE":"Red Deer","SUBSTANCE1":"Natural Gas","PLINSTATUS":"Operating"}},{"type":"Feature","geometry":{"type":"Point","coordinates":[-114.48691,52.49052]},"properties":{"LICINSTNO":"80217-4","INSTA_LIC":"80217","INSTA_NUM":"4","INSTA_TYPE":"Meter Station","BA_NAME":"NOVA Gas Transmission Ltd.","POWER":0.0,"PRIME_SORC":null,"INST_LOCAT":"16-34-040-04W5","FLD_CENTRE":"Red Deer","SUBSTANCE1":"Natural Gas","PLINSTATUS":"Operating"}},{"type":"Feature","geometry":{"type":"Point","coordinates":[-114.55902,51.13261]},"properties":{"LICINSTNO":"80219-1","INSTA_LIC":"80219","INSTA_NUM":"1","INSTA_TYPE":"Meter Station","BA_NAME":"NOVA Gas Transmission Ltd.","POWER":0.0,"PRIME_SORC":null,"INST_LOCAT":"12-18-025-04W5","FLD_CENTRE":"Calgary","SUBSTANCE1":"Natural Gas","PLINSTATUS":"Operating"}},{"type":"Feature","geometry":{"type":"Point","coordinates":[-114.67252,52.45074]},"properties":{"LICINSTNO":"80221-1","INSTA_LIC":"80221","INSTA_NUM":"1","INSTA_TYPE":"Meter Station","BA_NAME":"NOVA Gas Transmission Ltd.","POWER":0.0,"PRIME_SORC":null,"INST_LOCAT":"04-21-040-05W5","FLD_CENTRE":"Red Deer","SUBSTANCE1":"Natural Gas","PLINSTATUS":"Operating"}},{"type":"Feature","geometry":{"type":"Point","coordinates":[-111.84703,51.91136]},"properties":{"LICINSTNO":"80224-23","INSTA_LIC":"80224","INSTA_NUM":"23","INSTA_TYPE":"Meter Station","BA_NAME":"NOVA Gas Transmission Ltd.","POWER":0.0,"PRIME_SORC":null,"INST_LOCAT":"04-18-034-13W4","FLD_CENTRE":"Wainwright","SUBSTANCE1":"Natural Gas","PLINSTATUS":"Operating"}},{"type":"Feature","geometry":{"type":"Point","coordinates":[-112.23551,52.48475]},"properties":{"LICINSTNO":"80224-29","INSTA_LIC":"80224","INSTA_NUM":"29","INSTA_TYPE":"Meter Station","BA_NAME":"NOVA Gas Transmission Ltd.","POWER":0.0,"PRIME_SORC":null,"INST_LOCAT":"05-34-040-16W4","FLD_CENTRE":"Wainwright","SUBSTANCE1":"Natural Gas","PLINSTATUS":"Operating"}},{"type":"Feature","geometry":{"type":"Point","coordinates":[-112.05025,53.58019]},"properties":{"LICINSTNO":"80224-30","INSTA_LIC":"80224","INSTA_NUM":"30","INSTA_TYPE":"Meter Station","BA_NAME":"NOVA Gas Transmission Ltd.","POWER":0.0,"PRIME_SORC":null,"INST_LOCAT":"10-18-053-14W4","FLD_CENTRE":"Wainwright","SUBSTANCE1":"Natural Gas","PLINSTATUS":"Operating"}},{"type":"Feature","geometry":{"type":"Point","coordinates":[-112.10083,52.00625]},"properties":{"LICINSTNO":"80224-31","INSTA_LIC":"80224","INSTA_NUM":"31","INSTA_TYPE":"Meter Station","BA_NAME":"NOVA Gas Transmission Ltd.","POWER":0.0,"PRIME_SORC":null,"INST_LOCAT":"09-17-035-15W4","FLD_CENTRE":"Wainwright","SUBSTANCE1":"Natural Gas","PLINSTATUS":"Operating"}},{"type":"Feature","geometry":{"type":"Point","coordinates":[-112.15806,52.14347]},"properties":{"LICINSTNO":"80224-32","INSTA_LIC":"80224","INSTA_NUM":"32","INSTA_TYPE":"Meter Station","BA_NAME":"NOVA Gas Transmission Ltd.","POWER":0.0,"PRIME_SORC":null,"INST_LOCAT":"02-01-037-16W4","FLD_CENTRE":"Wainwright","SUBSTANCE1":"Natural Gas","PLINSTATUS":"Operating"}},{"type":"Feature","geometry":{"type":"Point","coordinates":[-112.09789,53.42407]},"properties":{"LICINSTNO":"80224-33","INSTA_LIC":"80224","INSTA_NUM":"33","INSTA_TYPE":"Meter Station","BA_NAME":"NOVA Gas Transmission Ltd.","POWER":0.0,"PRIME_SORC":null,"INST_LOCAT":"15-23-051-15W4","FLD_CENTRE":"Wainwright","SUBSTANCE1":"Natural Gas","PLINSTATUS":"Operating"}},{"type":"Feature","geometry":{"type":"Point","coordinates":[-111.78725,51.44455]},"properties":{"LICINSTNO":"80224-35","INSTA_LIC":"80224","INSTA_NUM":"35","INSTA_TYPE":"Meter Station","BA_NAME":"NOVA Gas Transmission Ltd.","POWER":0.0,"PRIME_SORC":null,"INST_LOCAT":"16-32-028-13W4","FLD_CENTRE":"Wainwright","SUBSTANCE1":"Natural Gas","PLINSTATUS":"Operating"}},{"type":"Feature","geometry":{"type":"Point","coordinates":[-112.06854,51.62053]},"properties":{"LICINSTNO":"80224-37","INSTA_LIC":"80224","INSTA_NUM":"37","INSTA_TYPE":"Meter Station","BA_NAME":"NOVA Gas Transmission Ltd.","POWER":0.0,"PRIME_SORC":null,"INST_LOCAT":"02-04-031-15W4","FLD_CENTRE":"Wainwright","SUBSTANCE1":"Natural Gas","PLINSTATUS":"Operating"}},{"type":"Feature","geometry":{"type":"Point","coordinates":[-112.2083,52.9099]},"properties":{"LICINSTNO":"80224-40","INSTA_LIC":"80224","INSTA_NUM":"40","INSTA_TYPE":"Meter Station","BA_NAME":"NOVA Gas Transmission Ltd.","POWER":0.0,"PRIME_SORC":null,"INST_LOCAT":"09-26-045-16W4","FLD_CENTRE":"Wainwright","SUBSTANCE1":"Natural Gas","PLINSTATUS":"Operating"}},{"type":"Feature","geometry":{"type":"Point","coordinates":[-112.10415,53.36643]},"properties":{"LICINSTNO":"80224-41","INSTA_LIC":"80224","INSTA_NUM":"41","INSTA_TYPE":"Meter Station","BA_NAME":"NOVA Gas Transmission Ltd.","POWER":0.0,"PRIME_SORC":null,"INST_LOCAT":"16-34-050-15W4","FLD_CENTRE":"Wainwright","SUBSTANCE1":"Natural Gas","PLINSTATUS":"Operating"}},{"type":"Feature","geometry":{"type":"Point","coordinates":[-112.07442,51.94062]},"properties":{"LICINSTNO":"80224-42","INSTA_LIC":"80224","INSTA_NUM":"42","INSTA_TYPE":"Meter Station","BA_NAME":"NOVA Gas Transmission Ltd.","POWER":0.0,"PRIME_SORC":null,"INST_LOCAT":"03-28-034-15W4","FLD_CENTRE":"Wainwright","SUBSTANCE1":"Natural Gas","PLINSTATUS":"Operating"}},{"type":"Feature","geometry":{"type":"Point","coordinates":[-112.13268,52.08437]},"properties":{"LICINSTNO":"80224-43","INSTA_LIC":"80224","INSTA_NUM":"43","INSTA_TYPE":"Meter Station","BA_NAME":"NOVA Gas Transmission Ltd.","POWER":0.0,"PRIME_SORC":null,"INST_LOCAT":"15-07-036-15W4","FLD_CENTRE":"Wainwright","SUBSTANCE1":"Natural Gas","PLINSTATUS":"Operating"}},{"type":"Feature","geometry":{"type":"Point","coordinates":[-111.77734,51.41571]},"properties":{"LICINSTNO":"80224-44","INSTA_LIC":"80224","INSTA_NUM":"44","INSTA_TYPE":"Meter Station","BA_NAME":"NOVA Gas Transmission Ltd.","POWER":0.0,"PRIME_SORC":null,"INST_LOCAT":"14-21-028-13W4","FLD_CENTRE":"Wainwright","SUBSTANCE1":"Natural Gas","PLINSTATUS":"Operating"}},{"type":"Feature","geometry":{"type":"Point","coordinates":[-112.66674,54.54705]},"properties":{"LICINSTNO":"80224-52","INSTA_LIC":"80224","INSTA_NUM":"52","INSTA_TYPE":"Meter Station","BA_NAME":"NOVA Gas Transmission Ltd.","POWER":0.0,"PRIME_SORC":null,"INST_LOCAT":"03-21-064-18W4","FLD_CENTRE":"Wainwright","SUBSTANCE1":"Natural Gas","PLINSTATUS":"Operating"}},{"type":"Feature","geometry":{"type":"Point","coordinates":[-112.04874,52.52413]},"properties":{"LICINSTNO":"80224-53","INSTA_LIC":"80224","INSTA_NUM":"53","INSTA_TYPE":"Meter Station","BA_NAME":"NOVA Gas Transmission Ltd.","POWER":0.0,"PRIME_SORC":null,"INST_LOCAT":"01-14-041-15W4","FLD_CENTRE":"Wainwright","SUBSTANCE1":"Natural Gas","PLINSTATUS":"Operating"}},{"type":"Feature","geometry":{"type":"Point","coordinates":[-111.9637,51.76709]},"properties":{"LICINSTNO":"80224-60","INSTA_LIC":"80224","INSTA_NUM":"60","INSTA_TYPE":"Meter Station","BA_NAME":"NOVA Gas Transmission Ltd.","POWER":0.0,"PRIME_SORC":null,"INST_LOCAT":"04-29-032-14W4","FLD_CENTRE":"Wainwright","SUBSTANCE1":"Natural Gas","PLINSTATUS":"Operating"}},{"type":"Feature","geometry":{"type":"Point","coordinates":[-112.07325,53.10945]},"properties":{"LICINSTNO":"80224-61","INSTA_LIC":"80224","INSTA_NUM":"61","INSTA_TYPE":"Meter Station","BA_NAME":"NOVA Gas Transmission Ltd.","POWER":0.0,"PRIME_SORC":null,"INST_LOCAT":"05-01-048-15W4","FLD_CENTRE":"Wainwright","SUBSTANCE1":"Natural Gas","PLINSTATUS":"Operating"}},{"type":"Feature","geometry":{"type":"Point","coordinates":[-111.91363,51.67721]},"properties":{"LICINSTNO":"80224-62","INSTA_LIC":"80224","INSTA_NUM":"62","INSTA_TYPE":"Meter Station","BA_NAME":"NOVA Gas Transmission Ltd.","POWER":0.0,"PRIME_SORC":null,"INST_LOCAT":"13-22-031-14W4","FLD_CENTRE":"Wainwright","SUBSTANCE1":"Natural Gas","PLINSTATUS":"Operating"}},{"type":"Feature","geometry":{"type":"Point","coordinates":[-112.21045,52.34537]},"properties":{"LICINSTNO":"80224-63","INSTA_LIC":"80224","INSTA_NUM":"63","INSTA_TYPE":"Meter Station","BA_NAME":"NOVA Gas Transmission Ltd.","POWER":0.0,"PRIME_SORC":null,"INST_LOCAT":"13-11-039-16W4","FLD_CENTRE":"Wainwright","SUBSTANCE1":"Natural Gas","PLINSTATUS":"Operating"}},{"type":"Feature","geometry":{"type":"Point","coordinates":[-112.08361,53.49877]},"properties":{"LICINSTNO":"80224-64","INSTA_LIC":"80224","INSTA_NUM":"64","INSTA_TYPE":"Meter Station","BA_NAME":"NOVA Gas Transmission Ltd.","POWER":0.0,"PRIME_SORC":null,"INST_LOCAT":"03-24-052-15W4","FLD_CENTRE":"Wainwright","SUBSTANCE1":"Natural Gas","PLINSTATUS":"Operating"}},{"type":"Feature","geometry":{"type":"Point","coordinates":[-111.88912,52.92976]},"properties":{"LICINSTNO":"80225-10","INSTA_LIC":"80225","INSTA_NUM":"10","INSTA_TYPE":"Meter Station","BA_NAME":"NOVA Gas Transmission Ltd.","POWER":0.0,"PRIME_SORC":null,"INST_LOCAT":"13-31-045-13W4","FLD_CENTRE":"Wainwright","SUBSTANCE1":"Natural Gas","PLINSTATUS":"Operating"}},{"type":"Feature","geometry":{"type":"Point","coordinates":[-111.71512,52.84691]},"properties":{"LICINSTNO":"80225-11","INSTA_LIC":"80225","INSTA_NUM":"11","INSTA_TYPE":"Meter Station","BA_NAME":"NOVA Gas Transmission Ltd.","POWER":0.0,"PRIME_SORC":null,"INST_LOCAT":"04-05-045-12W4","FLD_CENTRE":"Wainwright","SUBSTANCE1":"Natural Gas","PLINSTATUS":"Operating"}},{"type":"Feature","geometry":{"type":"Point","coordinates":[-112.18903,53.01967]},"properties":{"LICINSTNO":"80227-1","INSTA_LIC":"80227","INSTA_NUM":"1","INSTA_TYPE":"Meter Station","BA_NAME":"NOVA Gas Transmission Ltd.","POWER":0.0,"PRIME_SORC":null,"INST_LOCAT":"03-06-047-15W4","FLD_CENTRE":"Wainwright","SUBSTANCE1":"Natural Gas","PLINSTATUS":"Operating"}},{"type":"Feature","geometry":{"type":"Point","coordinates":[-114.47338,51.68898]},"properties":{"LICINSTNO":"80228-1","INSTA_LIC":"80228","INSTA_NUM":"1","INSTA_TYPE":"Meter Station","BA_NAME":"NOVA Gas Transmission Ltd.","POWER":0.0,"PRIME_SORC":null,"INST_LOCAT":"12-26-031-04W5","FLD_CENTRE":"Red Deer","SUBSTANCE1":"Natural Gas","PLINSTATUS":"Operating"}},{"type":"Feature","geometry":{"type":"Point","coordinates":[-118.079,55.77263]},"properties":{"LICINSTNO":"80229-1","INSTA_LIC":"80229","INSTA_NUM":"1","INSTA_TYPE":"Meter Station","BA_NAME":"NOVA Gas Transmission Ltd.","POWER":0.0,"PRIME_SORC":null,"INST_LOCAT":"08-21-078-01W6","FLD_CENTRE":"Grande Prairie","SUBSTANCE1":"Natural Gas","PLINSTATUS":"Operating"}},{"type":"Feature","geometry":{"type":"Point","coordinates":[-117.8015,55.79515]},"properties":{"LICINSTNO":"80229-4","INSTA_LIC":"80229","INSTA_NUM":"4","INSTA_TYPE":"Meter Station","BA_NAME":"NOVA Gas Transmission Ltd.","POWER":0.0,"PRIME_SORC":null,"INST_LOCAT":"13-27-078-25W5","FLD_CENTRE":"Grande Prairie","SUBSTANCE1":"Natural Gas","PLINSTATUS":"Operating"}},{"type":"Feature","geometry":{"type":"Point","coordinates":[-118.53352,55.99863]},"properties":{"LICINSTNO":"80231-1","INSTA_LIC":"80231","INSTA_NUM":"1","INSTA_TYPE":"Meter Station","BA_NAME":"NOVA Gas Transmission Ltd.","POWER":0.0,"PRIME_SORC":null,"INST_LOCAT":"15-03-081-04W6","FLD_CENTRE":"Grande Prairie","SUBSTANCE1":"Natural Gas","PLINSTATUS":"Operating"}},{"type":"Feature","geometry":{"type":"Point","coordinates":[-110.25739,50.32706]},"properties":{"LICINSTNO":"80232-1","INSTA_LIC":"80232","INSTA_NUM":"1","INSTA_TYPE":"Meter Station","BA_NAME":"NOVA Gas Transmission Ltd.","POWER":0.0,"PRIME_SORC":null,"INST_LOCAT":"01-07-016-02W4","FLD_CENTRE":"Medicine Hat","SUBSTANCE1":"Natural Gas","PLINSTATUS":"Operating"}},{"type":"Feature","geometry":{"type":"Point","coordinates":[-110.5063,50.30948]},"properties":{"LICINSTNO":"80232-3","INSTA_LIC":"80232","INSTA_NUM":"3","INSTA_TYPE":"Meter Station","BA_NAME":"NOVA Gas Transmission Ltd.","POWER":0.0,"PRIME_SORC":null,"INST_LOCAT":"13-33-015-04W4","FLD_CENTRE":"Medicine Hat","SUBSTANCE1":"Natural Gas","PLINSTATUS":"Operating"}},{"type":"Feature","geometry":{"type":"Point","coordinates":[-110.66179,50.20206]},"properties":{"LICINSTNO":"80232-4","INSTA_LIC":"80232","INSTA_NUM":"4","INSTA_TYPE":"Meter Station","BA_NAME":"NOVA Gas Transmission Ltd.","POWER":0.0,"PRIME_SORC":null,"INST_LOCAT":"12-29-014-05W4","FLD_CENTRE":"Medicine Hat","SUBSTANCE1":"Natural Gas","PLINSTATUS":"Operating"}},{"type":"Feature","geometry":{"type":"Point","coordinates":[-110.66488,50.16288]},"properties":{"LICINSTNO":"80232-5","INSTA_LIC":"80232","INSTA_NUM":"5","INSTA_TYPE":"Meter Station","BA_NAME":"NOVA Gas Transmission Ltd.","POWER":0.0,"PRIME_SORC":null,"INST_LOCAT":"16-07-014-05W4","FLD_CENTRE":"Medicine Hat","SUBSTANCE1":"Natural Gas","PLINSTATUS":"Operating"}},{"type":"Feature","geometry":{"type":"Point","coordinates":[-110.43817,50.11387]},"properties":{"LICINSTNO":"80232-6","INSTA_LIC":"80232","INSTA_NUM":"6","INSTA_TYPE":"Meter Station","BA_NAME":"NOVA Gas Transmission Ltd.","POWER":0.0,"PRIME_SORC":null,"INST_LOCAT":"09-26-013-04W4","FLD_CENTRE":"Medicine Hat","SUBSTANCE1":"Natural Gas","PLINSTATUS":"Operating"}},{"type":"Feature","geometry":{"type":"Point","coordinates":[-110.48199,50.19261]},"properties":{"LICINSTNO":"80232-7","INSTA_LIC":"80232","INSTA_NUM":"7","INSTA_TYPE":"Meter Station","BA_NAME":"NOVA Gas Transmission Ltd.","POWER":0.0,"PRIME_SORC":null,"INST_LOCAT":"13-22-014-04W4","FLD_CENTRE":"Medicine Hat","SUBSTANCE1":"Natural Gas","PLINSTATUS":"Operating"}},{"type":"Feature","geometry":{"type":"Point","coordinates":[-110.66488,50.16288]},"properties":{"LICINSTNO":"80232-11","INSTA_LIC":"80232","INSTA_NUM":"11","INSTA_TYPE":"Meter Station","BA_NAME":"NOVA Gas Transmission Ltd.","POWER":0.0,"PRIME_SORC":null,"INST_LOCAT":"16-07-014-05W4","FLD_CENTRE":"Medicine Hat","SUBSTANCE1":"Natural Gas","PLINSTATUS":"Operating"}},{"type":"Feature","geometry":{"type":"Point","coordinates":[-110.46335,50.28205]},"properties":{"LICINSTNO":"80232-12","INSTA_LIC":"80232","INSTA_NUM":"12","INSTA_TYPE":"Meter Station","BA_NAME":"NOVA Gas Transmission Ltd.","POWER":0.0,"PRIME_SORC":null,"INST_LOCAT":"01-27-015-04W4","FLD_CENTRE":"Medicine Hat","SUBSTANCE1":"Natural Gas","PLINSTATUS":"Operating"}},{"type":"Feature","geometry":{"type":"Point","coordinates":[-112.37231,52.79832]},"properties":{"LICINSTNO":"80233-1","INSTA_LIC":"80233","INSTA_NUM":"1","INSTA_TYPE":"Meter Station","BA_NAME":"NOVA Gas Transmission Ltd.","POWER":0.0,"PRIME_SORC":null,"INST_LOCAT":"13-14-044-17W4","FLD_CENTRE":"Wainwright","SUBSTANCE1":"Natural Gas","PLINSTATUS":"Operating"}},{"type":"Feature","geometry":{"type":"Point","coordinates":[-114.47338,51.68898]},"properties":{"LICINSTNO":"80234-1","INSTA_LIC":"80234","INSTA_NUM":"1","INSTA_TYPE":"Meter Station","BA_NAME":"NOVA Gas Transmission Ltd.","POWER":0.0,"PRIME_SORC":null,"INST_LOCAT":"12-26-031-04W5","FLD_CENTRE":"Red Deer","SUBSTANCE1":"Natural Gas","PLINSTATUS":"Operating"}},{"type":"Feature","geometry":{"type":"Point","coordinates":[-111.9363,53.79462]},"properties":{"LICINSTNO":"80235-1","INSTA_LIC":"80235","INSTA_NUM":"1","INSTA_TYPE":"Meter Station","BA_NAME":"NOVA Gas Transmission Ltd.","POWER":0.0,"PRIME_SORC":null,"INST_LOCAT":"08-36-055-14W4","FLD_CENTRE":"Wainwright","SUBSTANCE1":"Natural Gas","PLINSTATUS":"Operating"}},{"type":"Feature","geometry":{"type":"Point","coordinates":[-111.28697,50.44122]},"properties":{"LICINSTNO":"80236-1","INSTA_LIC":"80236","INSTA_NUM":"1","INSTA_TYPE":"Meter Station","BA_NAME":"NOVA Gas Transmission Ltd.","POWER":0.0,"PRIME_SORC":null,"INST_LOCAT":"04-23-017-10W4","FLD_CENTRE":"Medicine Hat","SUBSTANCE1":"Natural Gas","PLINSTATUS":"Operating"}},{"type":"Feature","geometry":{"type":"Point","coordinates":[-111.28833,50.63075]},"properties":{"LICINSTNO":"80236-2","INSTA_LIC":"80236","INSTA_NUM":"2","INSTA_TYPE":"Meter Station","BA_NAME":"NOVA Gas Transmission Ltd.","POWER":0.0,"PRIME_SORC":null,"INST_LOCAT":"03-26-019-10W4","FLD_CENTRE":"Medicine Hat","SUBSTANCE1":"Natural Gas","PLINSTATUS":"Operating"}},{"type":"Feature","geometry":{"type":"Point","coordinates":[-111.26368,50.31994]},"properties":{"LICINSTNO":"80236-3","INSTA_LIC":"80236","INSTA_NUM":"3","INSTA_TYPE":"Meter Station","BA_NAME":"NOVA Gas Transmission Ltd.","POWER":0.0,"PRIME_SORC":null,"INST_LOCAT":"12-01-016-10W4","FLD_CENTRE":"Medicine Hat","SUBSTANCE1":"Natural Gas","PLINSTATUS":"Operating"}},{"type":"Feature","geometry":{"type":"Point","coordinates":[-111.27791,50.56643]},"properties":{"LICINSTNO":"80236-4","INSTA_LIC":"80236","INSTA_NUM":"4","INSTA_TYPE":"Meter Station","BA_NAME":"NOVA Gas Transmission Ltd.","POWER":0.0,"PRIME_SORC":null,"INST_LOCAT":"11-35-018-10W4","FLD_CENTRE":"Medicine Hat","SUBSTANCE1":"Natural Gas","PLINSTATUS":"Operating"}},{"type":"Feature","geometry":{"type":"Point","coordinates":[-111.2796,50.51411]},"properties":{"LICINSTNO":"80236-5","INSTA_LIC":"80236","INSTA_NUM":"5","INSTA_TYPE":"Meter Station","BA_NAME":"NOVA Gas Transmission Ltd.","POWER":0.0,"PRIME_SORC":null,"INST_LOCAT":"03-14-018-10W4","FLD_CENTRE":"Medicine Hat","SUBSTANCE1":"Natural Gas","PLINSTATUS":"Operating"}},{"type":"Feature","geometry":{"type":"Point","coordinates":[-110.22762,50.39763]},"properties":{"LICINSTNO":"80237-4","INSTA_LIC":"80237","INSTA_NUM":"4","INSTA_TYPE":"Meter Station","BA_NAME":"NOVA Gas Transmission Ltd.","POWER":0.0,"PRIME_SORC":null,"INST_LOCAT":"03-04-017-02W4","FLD_CENTRE":"Medicine Hat","SUBSTANCE1":"Natural Gas","PLINSTATUS":"Operating"}},{"type":"Feature","geometry":{"type":"Point","coordinates":[-114.8119,54.47409]},"properties":{"LICINSTNO":"80238-2","INSTA_LIC":"80238","INSTA_NUM":"2","INSTA_TYPE":"Meter Station","BA_NAME":"NOVA Gas Transmission Ltd.","POWER":0.0,"PRIME_SORC":null,"INST_LOCAT":"01-27-063-06W5","FLD_CENTRE":"Edmonton","SUBSTANCE1":"Natural Gas","PLINSTATUS":"Operating"}},{"type":"Feature","geometry":{"type":"Point","coordinates":[-111.80724,54.89383]},"properties":{"LICINSTNO":"80239-1","INSTA_LIC":"80239","INSTA_NUM":"1","INSTA_TYPE":"Meter Station","BA_NAME":"NOVA Gas Transmission Ltd.","POWER":0.0,"PRIME_SORC":null,"INST_LOCAT":"04-20-068-12W4","FLD_CENTRE":"Bonnyville","SUBSTANCE1":"Natural Gas","PLINSTATUS":"Operating"}},{"type":"Feature","geometry":{"type":"Point","coordinates":[-111.80501,54.85788]},"properties":{"LICINSTNO":"80239-2","INSTA_LIC":"80239","INSTA_NUM":"2","INSTA_TYPE":"Meter Station","BA_NAME":"NOVA Gas Transmission Ltd.","POWER":0.0,"PRIME_SORC":null,"INST_LOCAT":"12-05-068-12W4","FLD_CENTRE":"Bonnyville","SUBSTANCE1":"Natural Gas","PLINSTATUS":"Operating"}},{"type":"Feature","geometry":{"type":"Point","coordinates":[-112.91499,55.01639]},"properties":{"LICINSTNO":"80240-2","INSTA_LIC":"80240","INSTA_NUM":"2","INSTA_TYPE":"Meter Station","BA_NAME":"NOVA Gas Transmission Ltd.","POWER":0.0,"PRIME_SORC":null,"INST_LOCAT":"07-36-069-20W4","FLD_CENTRE":"Edmonton","SUBSTANCE1":"Natural Gas","PLINSTATUS":"Operating"}},{"type":"Feature","geometry":{"type":"Point","coordinates":[-112.54916,54.83807]},"properties":{"LICINSTNO":"80240-4","INSTA_LIC":"80240","INSTA_NUM":"4","INSTA_TYPE":"Meter Station","BA_NAME":"NOVA Gas Transmission Ltd.","POWER":0.0,"PRIME_SORC":null,"INST_LOCAT":"01-32-067-17W4","FLD_CENTRE":"Edmonton","SUBSTANCE1":"Natural Gas","PLINSTATUS":"Operating"}},{"type":"Feature","geometry":{"type":"Point","coordinates":[-112.82244,54.88527]},"properties":{"LICINSTNO":"80240-5","INSTA_LIC":"80240","INSTA_NUM":"5","INSTA_TYPE":"Meter Station","BA_NAME":"NOVA Gas Transmission Ltd.","POWER":0.0,"PRIME_SORC":null,"INST_LOCAT":"05-15-068-19W4","FLD_CENTRE":"Edmonton","SUBSTANCE1":"Natural Gas","PLINSTATUS":"Operating"}},{"type":"Feature","geometry":{"type":"Point","coordinates":[-112.87681,54.93015]},"properties":{"LICINSTNO":"80240-7","INSTA_LIC":"80240","INSTA_NUM":"7","INSTA_TYPE":"Meter Station","BA_NAME":"NOVA Gas Transmission Ltd.","POWER":0.0,"PRIME_SORC":null,"INST_LOCAT":"12-32-068-19W4","FLD_CENTRE":"Edmonton","SUBSTANCE1":"Natural Gas","PLINSTATUS":"Operating"}},{"type":"Feature","geometry":{"type":"Point","coordinates":[-112.96635,54.90843]},"properties":{"LICINSTNO":"80240-8","INSTA_LIC":"80240","INSTA_NUM":"8","INSTA_TYPE":"Meter Station","BA_NAME":"NOVA Gas Transmission Ltd.","POWER":0.0,"PRIME_SORC":null,"INST_LOCAT":"02-27-068-20W4","FLD_CENTRE":"Edmonton","SUBSTANCE1":"Natural Gas","PLINSTATUS":"Operating"}},{"type":"Feature","geometry":{"type":"Point","coordinates":[-110.08683,50.68449]},"properties":{"LICINSTNO":"80241-1","INSTA_LIC":"80241","INSTA_NUM":"1","INSTA_TYPE":"Meter Station","BA_NAME":"NOVA Gas Transmission Ltd.","POWER":0.0,"PRIME_SORC":null,"INST_LOCAT":"11-09-020-01W4","FLD_CENTRE":"Medicine Hat","SUBSTANCE1":"Natural Gas","PLINSTATUS":"Operating"}},{"type":"Feature","geometry":{"type":"Point","coordinates":[-110.02315,50.66005]},"properties":{"LICINSTNO":"80242-1","INSTA_LIC":"80242","INSTA_NUM":"1","INSTA_TYPE":"Meter Station","BA_NAME":"NOVA Gas Transmission Ltd.","POWER":0.0,"PRIME_SORC":null,"INST_LOCAT":"04-01-020-01W4","FLD_CENTRE":"Medicine Hat","SUBSTANCE1":"Natural Gas","PLINSTATUS":"Operating"}},{"type":"Feature","geometry":{"type":"Point","coordinates":[-110.02636,50.66528]},"properties":{"LICINSTNO":"80242-2","INSTA_LIC":"80242","INSTA_NUM":"2","INSTA_TYPE":"Meter Station","BA_NAME":"NOVA Gas Transmission Ltd.","POWER":0.0,"PRIME_SORC":null,"INST_LOCAT":"05-01-020-01W4","FLD_CENTRE":"Medicine Hat","SUBSTANCE1":"Natural Gas","PLINSTATUS":"Operating"}},{"type":"Feature","geometry":{"type":"Point","coordinates":[-110.72159,50.09081]},"properties":{"LICINSTNO":"80244-1","INSTA_LIC":"80244","INSTA_NUM":"1","INSTA_TYPE":"Meter Station","BA_NAME":"NOVA Gas Transmission Ltd.","POWER":0.0,"PRIME_SORC":null,"INST_LOCAT":"14-14-013-06W4","FLD_CENTRE":"Medicine Hat","SUBSTANCE1":"Natural Gas","PLINSTATUS":"Operating"}},{"type":"Feature","geometry":{"type":"Point","coordinates":[-110.72178,50.09099]},"properties":{"LICINSTNO":"80244-2","INSTA_LIC":"80244","INSTA_NUM":"2","INSTA_TYPE":"Meter Station","BA_NAME":"NOVA Gas Transmission Ltd.","POWER":0.0,"PRIME_SORC":null,"INST_LOCAT":"14-14-013-06W4","FLD_CENTRE":"Medicine Hat","SUBSTANCE1":"Natural Gas","PLINSTATUS":"Operating"}},{"type":"Feature","geometry":{"type":"Point","coordinates":[-110.72159,50.09081]},"properties":{"LICINSTNO":"80244-3","INSTA_LIC":"80244","INSTA_NUM":"3","INSTA_TYPE":"Meter Station","BA_NAME":"NOVA Gas Transmission Ltd.","POWER":0.0,"PRIME_SORC":null,"INST_LOCAT":"14-14-013-06W4","FLD_CENTRE":"Medicine Hat","SUBSTANCE1":"Natural Gas","PLINSTATUS":"Operating"}},{"type":"Feature","geometry":{"type":"Point","coordinates":[-112.74455,54.78782]},"properties":{"LICINSTNO":"80245-1","INSTA_LIC":"80245","INSTA_NUM":"1","INSTA_TYPE":"Meter Station","BA_NAME":"NOVA Gas Transmission Ltd.","POWER":0.0,"PRIME_SORC":null,"INST_LOCAT":"14-07-067-18W4","FLD_CENTRE":"Edmonton","SUBSTANCE1":"Natural Gas","PLINSTATUS":"Operating"}},{"type":"Feature","geometry":{"type":"Point","coordinates":[-118.10922,56.5949]},"properties":{"LICINSTNO":"80246-1","INSTA_LIC":"80246","INSTA_NUM":"1","INSTA_TYPE":"Meter Station","BA_NAME":"NOVA Gas Transmission Ltd.","POWER":0.0,"PRIME_SORC":null,"INST_LOCAT":"16-32-087-01W6","FLD_CENTRE":"Grande Prairie","SUBSTANCE1":"Natural Gas","PLINSTATUS":"Operating"}},{"type":"Feature","geometry":{"type":"Point","coordinates":[-112.56595,54.20455]},"properties":{"LICINSTNO":"80247-1","INSTA_LIC":"80247","INSTA_NUM":"1","INSTA_TYPE":"Meter Station","BA_NAME":"NOVA Gas Transmission Ltd.","POWER":0.0,"PRIME_SORC":null,"INST_LOCAT":"11-24-060-18W4","FLD_CENTRE":"Edmonton","SUBSTANCE1":"Natural Gas","PLINSTATUS":"Operating"}},{"type":"Feature","geometry":{"type":"Point","coordinates":[-112.67042,54.20269]},"properties":{"LICINSTNO":"80247-2","INSTA_LIC":"80247","INSTA_NUM":"2","INSTA_TYPE":"Meter Station","BA_NAME":"NOVA Gas Transmission Ltd.","POWER":0.0,"PRIME_SORC":null,"INST_LOCAT":"12-20-060-18W4","FLD_CENTRE":"Edmonton","SUBSTANCE1":"Natural Gas","PLINSTATUS":"Operating"}},{"type":"Feature","geometry":{"type":"Point","coordinates":[-113.2149,54.46753]},"properties":{"LICINSTNO":"80249-1","INSTA_LIC":"80249","INSTA_NUM":"1","INSTA_TYPE":"Meter Station","BA_NAME":"NOVA Gas Transmission Ltd.","POWER":0.0,"PRIME_SORC":null,"INST_LOCAT":"15-23-063-22W4","FLD_CENTRE":"Edmonton","SUBSTANCE1":"Natural Gas","PLINSTATUS":"Operating"}},{"type":"Feature","geometry":{"type":"Point","coordinates":[-113.13297,54.51268]},"properties":{"LICINSTNO":"80249-2","INSTA_LIC":"80249","INSTA_NUM":"2","INSTA_TYPE":"Meter Station","BA_NAME":"NOVA Gas Transmission Ltd.","POWER":0.0,"PRIME_SORC":null,"INST_LOCAT":"16-05-064-21W4","FLD_CENTRE":"Edmonton","SUBSTANCE1":"Natural Gas","PLINSTATUS":"Operating"}},{"type":"Feature","geometry":{"type":"Point","coordinates":[-111.59631,50.67344]},"properties":{"LICINSTNO":"80252-1","INSTA_LIC":"80252","INSTA_NUM":"1","INSTA_TYPE":"Meter Station","BA_NAME":"NOVA Gas Transmission Ltd.","POWER":0.0,"PRIME_SORC":null,"INST_LOCAT":"13-03-020-12W4","FLD_CENTRE":"Medicine Hat","SUBSTANCE1":"Natural Gas","PLINSTATUS":"Operating"}},{"type":"Feature","geometry":{"type":"Point","coordinates":[-111.10813,50.09911]},"properties":{"LICINSTNO":"80253-1","INSTA_LIC":"80253","INSTA_NUM":"1","INSTA_TYPE":"Meter Station","BA_NAME":"NOVA Gas Transmission Ltd.","POWER":0.0,"PRIME_SORC":null,"INST_LOCAT":"11-24-013-09W4","FLD_CENTRE":"Medicine Hat","SUBSTANCE1":"Natural Gas","PLINSTATUS":"Operating"}},{"type":"Feature","geometry":{"type":"Point","coordinates":[-111.75895,50.542]},"properties":{"LICINSTNO":"80253-2","INSTA_LIC":"80253","INSTA_NUM":"2","INSTA_TYPE":"Meter Station","BA_NAME":"NOVA Gas Transmission Ltd.","POWER":0.0,"PRIME_SORC":null,"INST_LOCAT":"14-20-018-13W4","FLD_CENTRE":"Medicine Hat","SUBSTANCE1":"Natural Gas","PLINSTATUS":"Operating"}},{"type":"Feature","geometry":{"type":"Point","coordinates":[-111.10828,50.09913]},"properties":{"LICINSTNO":"80253-3","INSTA_LIC":"80253","INSTA_NUM":"3","INSTA_TYPE":"Meter Station","BA_NAME":"NOVA Gas Transmission Ltd.","POWER":0.0,"PRIME_SORC":null,"INST_LOCAT":"11-24-013-09W4","FLD_CENTRE":"Medicine Hat","SUBSTANCE1":"Natural Gas","PLINSTATUS":"Operating"}},{"type":"Feature","geometry":{"type":"Point","coordinates":[-111.75818,50.67535]},"properties":{"LICINSTNO":"80254-1","INSTA_LIC":"80254","INSTA_NUM":"1","INSTA_TYPE":"Meter Station","BA_NAME":"NOVA Gas Transmission Ltd.","POWER":0.0,"PRIME_SORC":null,"INST_LOCAT":"04-09-020-13W4","FLD_CENTRE":"Medicine Hat","SUBSTANCE1":"Natural Gas","PLINSTATUS":"Operating"}},{"type":"Feature","geometry":{"type":"Point","coordinates":[-113.50625,54.39612]},"properties":{"LICINSTNO":"80256-1","INSTA_LIC":"80256","INSTA_NUM":"1","INSTA_TYPE":"Meter Station","BA_NAME":"NOVA Gas Transmission Ltd.","POWER":0.0,"PRIME_SORC":null,"INST_LOCAT":"16-27-062-24W4","FLD_CENTRE":"Edmonton","SUBSTANCE1":"Natural Gas","PLINSTATUS":"Operating"}},{"type":"Feature","geometry":{"type":"Point","coordinates":[-112.45363,50.84351]},"properties":{"LICINSTNO":"80258-1","INSTA_LIC":"80258","INSTA_NUM":"1","INSTA_TYPE":"Meter Station","BA_NAME":"NOVA Gas Transmission Ltd.","POWER":0.0,"PRIME_SORC":null,"INST_LOCAT":"09-05-022-18W4","FLD_CENTRE":"Calgary","SUBSTANCE1":"Natural Gas","PLINSTATUS":"Operating"}},{"type":"Feature","geometry":{"type":"Point","coordinates":[-112.45298,50.84347]},"properties":{"LICINSTNO":"80258-2","INSTA_LIC":"80258","INSTA_NUM":"2","INSTA_TYPE":"Meter Station","BA_NAME":"NOVA Gas Transmission Ltd.","POWER":0.0,"PRIME_SORC":null,"INST_LOCAT":"09-05-022-18W4","FLD_CENTRE":"Calgary","SUBSTANCE1":"Natural Gas","PLINSTATUS":"Operating"}},{"type":"Feature","geometry":{"type":"Point","coordinates":[-113.25174,54.31498]},"properties":{"LICINSTNO":"80260-1","INSTA_LIC":"80260","INSTA_NUM":"1","INSTA_TYPE":"Meter Station","BA_NAME":"NOVA Gas Transmission Ltd.","POWER":0.0,"PRIME_SORC":null,"INST_LOCAT":"01-32-061-22W4","FLD_CENTRE":"Edmonton","SUBSTANCE1":"Natural Gas","PLINSTATUS":"Operating"}},{"type":"Feature","geometry":{"type":"Point","coordinates":[-113.04936,49.79575]},"properties":{"LICINSTNO":"80262-1","INSTA_LIC":"80262","INSTA_NUM":"1","INSTA_TYPE":"Meter Station","BA_NAME":"NOVA Gas Transmission Ltd.","POWER":0.0,"PRIME_SORC":null,"INST_LOCAT":"12-03-010-23W4","FLD_CENTRE":"Medicine Hat","SUBSTANCE1":"Natural Gas","PLINSTATUS":"Operating"}},{"type":"Feature","geometry":{"type":"Point","coordinates":[-110.77446,50.70512]},"properties":{"LICINSTNO":"80263-1","INSTA_LIC":"80263","INSTA_NUM":"1","INSTA_TYPE":"Meter Station","BA_NAME":"NOVA Gas Transmission Ltd.","POWER":0.0,"PRIME_SORC":null,"INST_LOCAT":"02-21-020-06W4","FLD_CENTRE":"Medicine Hat","SUBSTANCE1":"Natural Gas","PLINSTATUS":"Operating"}},{"type":"Feature","geometry":{"type":"Point","coordinates":[-111.18231,50.57393]},"properties":{"LICINSTNO":"80264-1","INSTA_LIC":"80264","INSTA_NUM":"1","INSTA_TYPE":"Meter Station","BA_NAME":"NOVA Gas Transmission Ltd.","POWER":0.0,"PRIME_SORC":null,"INST_LOCAT":"01-04-019-09W4","FLD_CENTRE":"Medicine Hat","SUBSTANCE1":"Natural Gas","PLINSTATUS":"Operating"}},{"type":"Feature","geometry":{"type":"Point","coordinates":[-111.27583,52.44504]},"properties":{"LICINSTNO":"80265-1","INSTA_LIC":"80265","INSTA_NUM":"1","INSTA_TYPE":"Meter Station","BA_NAME":"NOVA Gas Transmission Ltd.","POWER":0.0,"PRIME_SORC":null,"INST_LOCAT":"13-17-040-09W4","FLD_CENTRE":"Wainwright","SUBSTANCE1":"Natural Gas","PLINSTATUS":"Operating"}},{"type":"Feature","geometry":{"type":"Point","coordinates":[-111.82109,54.51337]},"properties":{"LICINSTNO":"80268-1","INSTA_LIC":"80268","INSTA_NUM":"1","INSTA_TYPE":"Meter Station","BA_NAME":"NOVA Gas Transmission Ltd.","POWER":0.0,"PRIME_SORC":null,"INST_LOCAT":"16-01-064-13W4","FLD_CENTRE":"Bonnyville","SUBSTANCE1":"Natural Gas","PLINSTATUS":"Operating"}},{"type":"Feature","geometry":{"type":"Point","coordinates":[-113.77396,54.21005]},"properties":{"LICINSTNO":"80269-1","INSTA_LIC":"80269","INSTA_NUM":"1","INSTA_TYPE":"Meter Station","BA_NAME":"NOVA Gas Transmission Ltd.","POWER":0.0,"PRIME_SORC":null,"INST_LOCAT":"13-24-060-26W4","FLD_CENTRE":"Edmonton","SUBSTANCE1":"Natural Gas","PLINSTATUS":"Operating"}},{"type":"Feature","geometry":{"type":"Point","coordinates":[-113.04954,49.79597]},"properties":{"LICINSTNO":"80270-1","INSTA_LIC":"80270","INSTA_NUM":"1","INSTA_TYPE":"Meter Station","BA_NAME":"NOVA Gas Transmission Ltd.","POWER":0.0,"PRIME_SORC":null,"INST_LOCAT":"12-03-010-23W4","FLD_CENTRE":"Medicine Hat","SUBSTANCE1":"Natural Gas","PLINSTATUS":"Operating"}},{"type":"Feature","geometry":{"type":"Point","coordinates":[-112.91565,54.24514]},"properties":{"LICINSTNO":"80271-2","INSTA_LIC":"80271","INSTA_NUM":"2","INSTA_TYPE":"Meter Station","BA_NAME":"NOVA Gas Transmission Ltd.","POWER":0.0,"PRIME_SORC":null,"INST_LOCAT":"06-03-061-20W4","FLD_CENTRE":"Edmonton","SUBSTANCE1":"Natural Gas","PLINSTATUS":"Operating"}},{"type":"Feature","geometry":{"type":"Point","coordinates":[-112.20418,52.30498]},"properties":{"LICINSTNO":"80272-1","INSTA_LIC":"80272","INSTA_NUM":"1","INSTA_TYPE":"Meter Station","BA_NAME":"NOVA Gas Transmission Ltd.","POWER":0.0,"PRIME_SORC":null,"INST_LOCAT":"02-34-038-16W4","FLD_CENTRE":"Wainwright","SUBSTANCE1":"Natural Gas","PLINSTATUS":"Operating"}},{"type":"Feature","geometry":{"type":"Point","coordinates":[-112.18434,53.85183]},"properties":{"LICINSTNO":"80274-1","INSTA_LIC":"80274","INSTA_NUM":"1","INSTA_TYPE":"Meter Station","BA_NAME":"NOVA Gas Transmission Ltd.","POWER":0.0,"PRIME_SORC":null,"INST_LOCAT":"08-20-056-15W4","FLD_CENTRE":"Wainwright","SUBSTANCE1":"Natural Gas","PLINSTATUS":"Operating"}},{"type":"Feature","geometry":{"type":"Point","coordinates":[-111.2796,50.51411]},"properties":{"LICINSTNO":"80276-1","INSTA_LIC":"80276","INSTA_NUM":"1","INSTA_TYPE":"Meter Station","BA_NAME":"NOVA Gas Transmission Ltd.","POWER":0.0,"PRIME_SORC":null,"INST_LOCAT":"03-14-018-10W4","FLD_CENTRE":"Medicine Hat","SUBSTANCE1":"Natural Gas","PLINSTATUS":"Operating"}},{"type":"Feature","geometry":{"type":"Point","coordinates":[-113.35943,54.79808]},"properties":{"LICINSTNO":"80277-1","INSTA_LIC":"80277","INSTA_NUM":"1","INSTA_TYPE":"Meter Station","BA_NAME":"NOVA Gas Transmission Ltd.","POWER":0.0,"PRIME_SORC":null,"INST_LOCAT":"05-18-067-22W4","FLD_CENTRE":"Edmonton","SUBSTANCE1":"Natural Gas","PLINSTATUS":"Operating"}},{"type":"Feature","geometry":{"type":"Point","coordinates":[-111.81391,54.00465]},"properties":{"LICINSTNO":"80278-1","INSTA_LIC":"80278","INSTA_NUM":"1","INSTA_TYPE":"Meter Station","BA_NAME":"NOVA Gas Transmission Ltd.","POWER":0.0,"PRIME_SORC":null,"INST_LOCAT":"16-11-058-13W4","FLD_CENTRE":"Bonnyville","SUBSTANCE1":"Natural Gas","PLINSTATUS":"Operating"}},{"type":"Feature","geometry":{"type":"Point","coordinates":[-110.59369,50.29302]},"properties":{"LICINSTNO":"80279-1","INSTA_LIC":"80279","INSTA_NUM":"1","INSTA_TYPE":"Meter Station","BA_NAME":"NOVA Gas Transmission Ltd.","POWER":0.0,"PRIME_SORC":null,"INST_LOCAT":"14-26-015-05W4","FLD_CENTRE":"Medicine Hat","SUBSTANCE1":"Natural Gas","PLINSTATUS":"Operating"}},{"type":"Feature","geometry":{"type":"Point","coordinates":[-111.34046,53.83359]},"properties":{"LICINSTNO":"80280-1","INSTA_LIC":"80280","INSTA_NUM":"1","INSTA_TYPE":"Meter Station","BA_NAME":"NOVA Gas Transmission Ltd.","POWER":0.0,"PRIME_SORC":null,"INST_LOCAT":"04-18-056-09W4","FLD_CENTRE":"Bonnyville","SUBSTANCE1":"Natural Gas","PLINSTATUS":"Operating"}},{"type":"Feature","geometry":{"type":"Point","coordinates":[-110.86778,50.10466]},"properties":{"LICINSTNO":"80281-1","INSTA_LIC":"80281","INSTA_NUM":"1","INSTA_TYPE":"Meter Station","BA_NAME":"NOVA Gas Transmission Ltd.","POWER":0.0,"PRIME_SORC":null,"INST_LOCAT":"13-23-013-07W4","FLD_CENTRE":"Medicine Hat","SUBSTANCE1":"Natural Gas","PLINSTATUS":"Operating"}},{"type":"Feature","geometry":{"type":"Point","coordinates":[-111.2415,51.60126]},"properties":{"LICINSTNO":"80282-1","INSTA_LIC":"80282","INSTA_NUM":"1","INSTA_TYPE":"Meter Station","BA_NAME":"NOVA Gas Transmission Ltd.","POWER":0.0,"PRIME_SORC":null,"INST_LOCAT":"12-29-030-09W4","FLD_CENTRE":"Medicine Hat","SUBSTANCE1":"Natural Gas","PLINSTATUS":"Operating"}},{"type":"Feature","geometry":{"type":"Point","coordinates":[-117.8895,55.66562]},"properties":{"LICINSTNO":"80283-2","INSTA_LIC":"80283","INSTA_NUM":"2","INSTA_TYPE":"Meter Station","BA_NAME":"NOVA Gas Transmission Ltd.","POWER":0.0,"PRIME_SORC":null,"INST_LOCAT":"02-13-077-26W5","FLD_CENTRE":"Grande Prairie","SUBSTANCE1":"Natural Gas","PLINSTATUS":"Operating"}},{"type":"Feature","geometry":{"type":"Point","coordinates":[-117.69373,54.90933]},"properties":{"LICINSTNO":"80283-5","INSTA_LIC":"80283","INSTA_NUM":"5","INSTA_TYPE":"Meter Station","BA_NAME":"NOVA Gas Transmission Ltd.","POWER":0.0,"PRIME_SORC":null,"INST_LOCAT":"01-26-068-25W5","FLD_CENTRE":"Grande Prairie","SUBSTANCE1":"Natural Gas","PLINSTATUS":"Operating"}},{"type":"Feature","geometry":{"type":"Point","coordinates":[-117.86667,55.32214]},"properties":{"LICINSTNO":"80283-8","INSTA_LIC":"80283","INSTA_NUM":"8","INSTA_TYPE":"Meter Station","BA_NAME":"NOVA Gas Transmission Ltd.","POWER":0.0,"PRIME_SORC":null,"INST_LOCAT":"06-13-073-26W5","FLD_CENTRE":"Grande Prairie","SUBSTANCE1":"Natural Gas","PLINSTATUS":"Operating"}},{"type":"Feature","geometry":{"type":"Point","coordinates":[-116.45796,53.81496]},"properties":{"LICINSTNO":"80284-2","INSTA_LIC":"80284","INSTA_NUM":"2","INSTA_TYPE":"Meter Station","BA_NAME":"NOVA Gas Transmission Ltd.","POWER":0.0,"PRIME_SORC":null,"INST_LOCAT":"16-04-056-17W5","FLD_CENTRE":"Drayton Valley","SUBSTANCE1":"Natural Gas","PLINSTATUS":"Operating"}},{"type":"Feature","geometry":{"type":"Point","coordinates":[-113.90329,54.8972]},"properties":{"LICINSTNO":"80285-1","INSTA_LIC":"80285","INSTA_NUM":"1","INSTA_TYPE":"Meter Station","BA_NAME":"NOVA Gas Transmission Ltd.","POWER":0.0,"PRIME_SORC":null,"INST_LOCAT":"07-21-068-26W4","FLD_CENTRE":"Edmonton","SUBSTANCE1":"Natural Gas","PLINSTATUS":"Operating"}},{"type":"Feature","geometry":{"type":"Point","coordinates":[-110.51285,52.68285]},"properties":{"LICINSTNO":"80286-1","INSTA_LIC":"80286","INSTA_NUM":"1","INSTA_TYPE":"Meter Station","BA_NAME":"NOVA Gas Transmission Ltd.","POWER":0.0,"PRIME_SORC":null,"INST_LOCAT":"16-04-043-04W4","FLD_CENTRE":"Wainwright","SUBSTANCE1":"Natural Gas","PLINSTATUS":"Operating"}},{"type":"Feature","geometry":{"type":"Point","coordinates":[-110.58063,52.77722]},"properties":{"LICINSTNO":"80286-2","INSTA_LIC":"80286","INSTA_NUM":"2","INSTA_TYPE":"Meter Station","BA_NAME":"NOVA Gas Transmission Ltd.","POWER":0.0,"PRIME_SORC":null,"INST_LOCAT":"05-07-044-04W4","FLD_CENTRE":"Wainwright","SUBSTANCE1":"Natural Gas","PLINSTATUS":"Operating"}},{"type":"Feature","geometry":{"type":"Point","coordinates":[-113.27618,51.5306]},"properties":{"LICINSTNO":"80287-1","INSTA_LIC":"80287","INSTA_NUM":"1","INSTA_TYPE":"Meter Station","BA_NAME":"NOVA Gas Transmission Ltd.","POWER":0.0,"PRIME_SORC":null,"INST_LOCAT":"14-35-029-24W4","FLD_CENTRE":"Calgary","SUBSTANCE1":"Natural Gas","PLINSTATUS":"Operating"}},{"type":"Feature","geometry":{"type":"Point","coordinates":[-112.62444,54.10105]},"properties":{"LICINSTNO":"80288-1","INSTA_LIC":"80288","INSTA_NUM":"1","INSTA_TYPE":"Meter Station","BA_NAME":"NOVA Gas Transmission Ltd.","POWER":0.0,"PRIME_SORC":null,"INST_LOCAT":"12-15-059-18W4","FLD_CENTRE":"Edmonton","SUBSTANCE1":"Natural Gas","PLINSTATUS":"Operating"}},{"type":"Feature","geometry":{"type":"Point","coordinates":[-111.8962,51.67039]},"properties":{"LICINSTNO":"80289-2","INSTA_LIC":"80289","INSTA_NUM":"2","INSTA_TYPE":"Meter Station","BA_NAME":"NOVA Gas Transmission Ltd.","POWER":0.0,"PRIME_SORC":null,"INST_LOCAT":"08-22-031-14W4","FLD_CENTRE":"Medicine Hat","SUBSTANCE1":"Natural Gas","PLINSTATUS":"Operating"}},{"type":"Feature","geometry":{"type":"Point","coordinates":[-111.91291,51.08123]},"properties":{"LICINSTNO":"80291-1","INSTA_LIC":"80291","INSTA_NUM":"1","INSTA_TYPE":"Meter Station","BA_NAME":"NOVA Gas Transmission Ltd.","POWER":0.0,"PRIME_SORC":null,"INST_LOCAT":"16-29-024-14W4","FLD_CENTRE":"Medicine Hat","SUBSTANCE1":"Natural Gas","PLINSTATUS":"Operating"}},{"type":"Feature","geometry":{"type":"Point","coordinates":[-117.97242,56.50667]},"properties":{"LICINSTNO":"80292-1","INSTA_LIC":"80292","INSTA_NUM":"1","INSTA_TYPE":"Meter Station","BA_NAME":"NOVA Gas Transmission Ltd.","POWER":0.0,"PRIME_SORC":null,"INST_LOCAT":"14-36-086-26W5","FLD_CENTRE":"Grande Prairie","SUBSTANCE1":"Natural Gas","PLINSTATUS":"Operating"}},{"type":"Feature","geometry":{"type":"Point","coordinates":[-113.04916,49.79574]},"properties":{"LICINSTNO":"80294-2","INSTA_LIC":"80294","INSTA_NUM":"2","INSTA_TYPE":"Meter Station","BA_NAME":"NOVA Gas Transmission Ltd.","POWER":0.0,"PRIME_SORC":null,"INST_LOCAT":"12-03-010-23W4","FLD_CENTRE":"Medicine Hat","SUBSTANCE1":"Natural Gas","PLINSTATUS":"Operating"}},{"type":"Feature","geometry":{"type":"Point","coordinates":[-112.5067,54.18612]},"properties":{"LICINSTNO":"80295-1","INSTA_LIC":"80295","INSTA_NUM":"1","INSTA_TYPE":"Meter Station","BA_NAME":"NOVA Gas Transmission Ltd.","POWER":0.0,"PRIME_SORC":null,"INST_LOCAT":"08-17-060-17W4","FLD_CENTRE":"Edmonton","SUBSTANCE1":"Natural Gas","PLINSTATUS":"Operating"}},{"type":"Feature","geometry":{"type":"Point","coordinates":[-111.68928,50.89697]},"properties":{"LICINSTNO":"80297-1","INSTA_LIC":"80297","INSTA_NUM":"1","INSTA_TYPE":"Meter Station","BA_NAME":"NOVA Gas Transmission Ltd.","POWER":0.0,"PRIME_SORC":null,"INST_LOCAT":"05-25-022-13W4","FLD_CENTRE":"Medicine Hat","SUBSTANCE1":"Natural Gas","PLINSTATUS":"Operating"}},{"type":"Feature","geometry":{"type":"Point","coordinates":[-110.7775,52.97403]},"properties":{"LICINSTNO":"80298-1","INSTA_LIC":"80298","INSTA_NUM":"1","INSTA_TYPE":"Meter Station","BA_NAME":"NOVA Gas Transmission Ltd.","POWER":0.0,"PRIME_SORC":null,"INST_LOCAT":"13-14-046-06W4","FLD_CENTRE":"Wainwright","SUBSTANCE1":"Natural Gas","PLINSTATUS":"Operating"}},{"type":"Feature","geometry":{"type":"Point","coordinates":[-110.77755,52.97444]},"properties":{"LICINSTNO":"80298-2","INSTA_LIC":"80298","INSTA_NUM":"2","INSTA_TYPE":"Meter Station","BA_NAME":"NOVA Gas Transmission Ltd.","POWER":0.0,"PRIME_SORC":null,"INST_LOCAT":"04-23-046-06W4","FLD_CENTRE":"Wainwright","SUBSTANCE1":"Natural Gas","PLINSTATUS":"Operating"}},{"type":"Feature","geometry":{"type":"Point","coordinates":[-111.44623,50.48531]},"properties":{"LICINSTNO":"80299-1","INSTA_LIC":"80299","INSTA_NUM":"1","INSTA_TYPE":"Meter Station","BA_NAME":"NOVA Gas Transmission Ltd.","POWER":0.0,"PRIME_SORC":null,"INST_LOCAT":"04-03-018-11W4","FLD_CENTRE":"Medicine Hat","SUBSTANCE1":"Natural Gas","PLINSTATUS":"Operating"}},{"type":"Feature","geometry":{"type":"Point","coordinates":[-113.40588,51.78673]},"properties":{"LICINSTNO":"80301-1","INSTA_LIC":"80301","INSTA_NUM":"1","INSTA_TYPE":"Meter Station","BA_NAME":"NOVA Gas Transmission Ltd.","POWER":0.0,"PRIME_SORC":null,"INST_LOCAT":"05-31-032-24W4","FLD_CENTRE":"Red Deer","SUBSTANCE1":"Natural Gas","PLINSTATUS":"Operating"}},{"type":"Feature","geometry":{"type":"Point","coordinates":[-113.26349,51.78114]},"properties":{"LICINSTNO":"80301-2","INSTA_LIC":"80301","INSTA_NUM":"2","INSTA_TYPE":"Meter Station","BA_NAME":"NOVA Gas Transmission Ltd.","POWER":0.0,"PRIME_SORC":null,"INST_LOCAT":"04-31-032-23W4","FLD_CENTRE":"Red Deer","SUBSTANCE1":"Natural Gas","PLINSTATUS":"Operating"}},{"type":"Feature","geometry":{"type":"Point","coordinates":[-110.84706,50.01027]},"properties":{"LICINSTNO":"80302-1","INSTA_LIC":"80302","INSTA_NUM":"1","INSTA_TYPE":"Meter Station","BA_NAME":"NOVA Gas Transmission Ltd.","POWER":0.0,"PRIME_SORC":null,"INST_LOCAT":"08-23-012-07W4","FLD_CENTRE":"Medicine Hat","SUBSTANCE1":"Natural Gas","PLINSTATUS":"Operating"}},{"type":"Feature","geometry":{"type":"Point","coordinates":[-113.20959,54.72785]},"properties":{"LICINSTNO":"80303-1","INSTA_LIC":"80303","INSTA_NUM":"1","INSTA_TYPE":"Meter Station","BA_NAME":"NOVA Gas Transmission Ltd.","POWER":0.0,"PRIME_SORC":null,"INST_LOCAT":"09-23-066-22W4","FLD_CENTRE":"Edmonton","SUBSTANCE1":"Natural Gas","PLINSTATUS":"Operating"}},{"type":"Feature","geometry":{"type":"Point","coordinates":[-111.60583,57.04725]},"properties":{"LICINSTNO":"80304-2","INSTA_LIC":"80304","INSTA_NUM":"2","INSTA_TYPE":"Meter Station","BA_NAME":"NOVA Gas Transmission Ltd.","POWER":0.0,"PRIME_SORC":null,"INST_LOCAT":"03-07-093-10W4","FLD_CENTRE":"Bonnyville","SUBSTANCE1":"Natural Gas","PLINSTATUS":"Operating"}},{"type":"Feature","geometry":{"type":"Point","coordinates":[-113.54954,54.67444]},"properties":{"LICINSTNO":"80305-1","INSTA_LIC":"80305","INSTA_NUM":"1","INSTA_TYPE":"Meter Station","BA_NAME":"NOVA Gas Transmission Ltd.","POWER":0.0,"PRIME_SORC":null,"INST_LOCAT":"14-34-065-24W4","FLD_CENTRE":"Edmonton","SUBSTANCE1":"Natural Gas","PLINSTATUS":"Operating"}},{"type":"Feature","geometry":{"type":"Point","coordinates":[-113.59976,54.81536]},"properties":{"LICINSTNO":"80306-1","INSTA_LIC":"80306","INSTA_NUM":"1","INSTA_TYPE":"Meter Station","BA_NAME":"NOVA Gas Transmission Ltd.","POWER":0.0,"PRIME_SORC":null,"INST_LOCAT":"10-21-067-24W4","FLD_CENTRE":"Edmonton","SUBSTANCE1":"Natural Gas","PLINSTATUS":"Operating"}},{"type":"Feature","geometry":{"type":"Point","coordinates":[-118.15263,57.12261]},"properties":{"LICINSTNO":"80307-1","INSTA_LIC":"80307","INSTA_NUM":"1","INSTA_TYPE":"Meter Station","BA_NAME":"NOVA Gas Transmission Ltd.","POWER":0.0,"PRIME_SORC":null,"INST_LOCAT":"03-06-094-01W6","FLD_CENTRE":"Grande Prairie","SUBSTANCE1":"Natural Gas","PLINSTATUS":"Operating"}},{"type":"Feature","geometry":{"type":"Point","coordinates":[-113.81624,55.44635]},"properties":{"LICINSTNO":"80309-1","INSTA_LIC":"80309","INSTA_NUM":"1","INSTA_TYPE":"Meter Station","BA_NAME":"NOVA Gas Transmission Ltd.","POWER":0.0,"PRIME_SORC":null,"INST_LOCAT":"03-32-074-25W4","FLD_CENTRE":"Slave Lake","SUBSTANCE1":"Natural Gas","PLINSTATUS":"Operating"}},{"type":"Feature","geometry":{"type":"Point","coordinates":[-110.73421,50.09192]},"properties":{"LICINSTNO":"80310-1","INSTA_LIC":"80310","INSTA_NUM":"1","INSTA_TYPE":"Meter Station","BA_NAME":"NOVA Gas Transmission Ltd.","POWER":0.0,"PRIME_SORC":null,"INST_LOCAT":"01-22-013-06W4","FLD_CENTRE":"Medicine Hat","SUBSTANCE1":"Natural Gas","PLINSTATUS":"Operating"}},{"type":"Feature","geometry":{"type":"Point","coordinates":[-113.13932,55.08967]},"properties":{"LICINSTNO":"80312-1","INSTA_LIC":"80312","INSTA_NUM":"1","INSTA_TYPE":"Meter Station","BA_NAME":"NOVA Gas Transmission Ltd.","POWER":0.0,"PRIME_SORC":null,"INST_LOCAT":"10-28-070-21W4","FLD_CENTRE":"Slave Lake","SUBSTANCE1":"Natural Gas","PLINSTATUS":"Operating"}},{"type":"Feature","geometry":{"type":"Point","coordinates":[-111.67051,54.48662]},"properties":{"LICINSTNO":"80313-1","INSTA_LIC":"80313","INSTA_NUM":"1","INSTA_TYPE":"Meter Station","BA_NAME":"NOVA Gas Transmission Ltd.","POWER":0.0,"PRIME_SORC":null,"INST_LOCAT":"01-36-063-12W4","FLD_CENTRE":"Bonnyville","SUBSTANCE1":"Natural Gas","PLINSTATUS":"Operating"}},{"type":"Feature","geometry":{"type":"Point","coordinates":[-117.71159,55.95385]},"properties":{"LICINSTNO":"80314-1","INSTA_LIC":"80314","INSTA_NUM":"1","INSTA_TYPE":"Meter Station","BA_NAME":"NOVA Gas Transmission Ltd.","POWER":0.0,"PRIME_SORC":null,"INST_LOCAT":"16-20-080-24W5","FLD_CENTRE":"Grande Prairie","SUBSTANCE1":"Natural Gas","PLINSTATUS":"Operating"}},{"type":"Feature","geometry":{"type":"Point","coordinates":[-117.71168,55.95404]},"properties":{"LICINSTNO":"80314-2","INSTA_LIC":"80314","INSTA_NUM":"2","INSTA_TYPE":"Meter Station","BA_NAME":"NOVA Gas Transmission Ltd.","POWER":0.0,"PRIME_SORC":null,"INST_LOCAT":"16-20-080-24W5","FLD_CENTRE":"Grande Prairie","SUBSTANCE1":"Natural Gas","PLINSTATUS":"Operating"}},{"type":"Feature","geometry":{"type":"Point","coordinates":[-112.97458,55.15216]},"properties":{"LICINSTNO":"80316-1","INSTA_LIC":"80316","INSTA_NUM":"1","INSTA_TYPE":"Meter Station","BA_NAME":"NOVA Gas Transmission Ltd.","POWER":0.0,"PRIME_SORC":null,"INST_LOCAT":"13-14-071-20W4","FLD_CENTRE":"Slave Lake","SUBSTANCE1":"Natural Gas","PLINSTATUS":"Operating"}},{"type":"Feature","geometry":{"type":"Point","coordinates":[-112.00514,50.29099]},"properties":{"LICINSTNO":"80317-1","INSTA_LIC":"80317","INSTA_NUM":"1","INSTA_TYPE":"Meter Station","BA_NAME":"NOVA Gas Transmission Ltd.","POWER":0.0,"PRIME_SORC":null,"INST_LOCAT":"10-28-015-15W4","FLD_CENTRE":"Medicine Hat","SUBSTANCE1":"Natural Gas","PLINSTATUS":"Operating"}},{"type":"Feature","geometry":{"type":"Point","coordinates":[-112.1014,50.3052]},"properties":{"LICINSTNO":"80317-2","INSTA_LIC":"80317","INSTA_NUM":"2","INSTA_TYPE":"Meter Station","BA_NAME":"NOVA Gas Transmission Ltd.","POWER":0.0,"PRIME_SORC":null,"INST_LOCAT":"11-35-015-16W4","FLD_CENTRE":"Medicine Hat","SUBSTANCE1":"Natural Gas","PLINSTATUS":"Operating"}},{"type":"Feature","geometry":{"type":"Point","coordinates":[-111.81109,53.96039]},"properties":{"LICINSTNO":"80319-1","INSTA_LIC":"80319","INSTA_NUM":"1","INSTA_TYPE":"Meter Station","BA_NAME":"NOVA Gas Transmission Ltd.","POWER":0.0,"PRIME_SORC":null,"INST_LOCAT":"13-25-057-13W4","FLD_CENTRE":"Bonnyville","SUBSTANCE1":"Natural Gas","PLINSTATUS":"Operating"}},{"type":"Feature","geometry":{"type":"Point","coordinates":[-118.2869,58.06005]},"properties":{"LICINSTNO":"80320-1","INSTA_LIC":"80320","INSTA_NUM":"1","INSTA_TYPE":"Meter Station","BA_NAME":"NOVA Gas Transmission Ltd.","POWER":0.0,"PRIME_SORC":null,"INST_LOCAT":"10-29-104-02W6","FLD_CENTRE":"Grande Prairie","SUBSTANCE1":"Natural Gas","PLINSTATUS":"Operating"}},{"type":"Feature","geometry":{"type":"Point","coordinates":[-113.42365,55.5429]},"properties":{"LICINSTNO":"80322-1","INSTA_LIC":"80322","INSTA_NUM":"1","INSTA_TYPE":"Meter Station","BA_NAME":"NOVA Gas Transmission Ltd.","POWER":0.0,"PRIME_SORC":null,"INST_LOCAT":"09-36-075-23W4","FLD_CENTRE":"Slave Lake","SUBSTANCE1":"Natural Gas","PLINSTATUS":"Operating"}},{"type":"Feature","geometry":{"type":"Point","coordinates":[-118.98963,58.36621]},"properties":{"LICINSTNO":"80323-1","INSTA_LIC":"80323","INSTA_NUM":"1","INSTA_TYPE":"Meter Station","BA_NAME":"NOVA Gas Transmission Ltd.","POWER":0.0,"PRIME_SORC":null,"INST_LOCAT":"15-07-108-06W6","FLD_CENTRE":"Grande Prairie","SUBSTANCE1":"Natural Gas","PLINSTATUS":"Operating"}},{"type":"Feature","geometry":{"type":"Point","coordinates":[-118.88364,58.30494]},"properties":{"LICINSTNO":"80323-2","INSTA_LIC":"80323","INSTA_NUM":"2","INSTA_TYPE":"Meter Station","BA_NAME":"NOVA Gas Transmission Ltd.","POWER":0.0,"PRIME_SORC":null,"INST_LOCAT":"11-23-107-06W6","FLD_CENTRE":"Grande Prairie","SUBSTANCE1":"Natural Gas","PLINSTATUS":"Operating"}},{"type":"Feature","geometry":{"type":"Point","coordinates":[-115.76454,53.66924]},"properties":{"LICINSTNO":"80325-1","INSTA_LIC":"80325","INSTA_NUM":"1","INSTA_TYPE":"Meter Station","BA_NAME":"NOVA Gas Transmission Ltd.","POWER":0.0,"PRIME_SORC":null,"INST_LOCAT":"14-18-054-12W5","FLD_CENTRE":"Drayton Valley","SUBSTANCE1":"Natural Gas","PLINSTATUS":"Operating"}},{"type":"Feature","geometry":{"type":"Point","coordinates":[-111.93518,50.86945]},"properties":{"LICINSTNO":"80327-1","INSTA_LIC":"80327","INSTA_NUM":"1","INSTA_TYPE":"Meter Station","BA_NAME":"NOVA Gas Transmission Ltd.","POWER":0.0,"PRIME_SORC":null,"INST_LOCAT":"06-18-022-14W4","FLD_CENTRE":"Medicine Hat","SUBSTANCE1":"Natural Gas","PLINSTATUS":"Operating"}},{"type":"Feature","geometry":{"type":"Point","coordinates":[-113.71572,55.03099]},"properties":{"LICINSTNO":"80328-1","INSTA_LIC":"80328","INSTA_NUM":"1","INSTA_TYPE":"Meter Station","BA_NAME":"NOVA Gas Transmission Ltd.","POWER":0.0,"PRIME_SORC":null,"INST_LOCAT":"05-02-070-25W4","FLD_CENTRE":"Slave Lake","SUBSTANCE1":"Natural Gas","PLINSTATUS":"Operating"}},{"type":"Feature","geometry":{"type":"Point","coordinates":[-113.94556,54.9719]},"properties":{"LICINSTNO":"80328-3","INSTA_LIC":"80328","INSTA_NUM":"3","INSTA_TYPE":"Meter Station","BA_NAME":"NOVA Gas Transmission Ltd.","POWER":0.0,"PRIME_SORC":null,"INST_LOCAT":"05-17-069-26W4","FLD_CENTRE":"Slave Lake","SUBSTANCE1":"Natural Gas","PLINSTATUS":"Operating"}},{"type":"Feature","geometry":{"type":"Point","coordinates":[-113.29452,54.82051]},"properties":{"LICINSTNO":"80329-1","INSTA_LIC":"80329","INSTA_NUM":"1","INSTA_TYPE":"Meter Station","BA_NAME":"NOVA Gas Transmission Ltd.","POWER":0.0,"PRIME_SORC":null,"INST_LOCAT":"02-28-067-22W4","FLD_CENTRE":"Edmonton","SUBSTANCE1":"Natural Gas","PLINSTATUS":"Operating"}},{"type":"Feature","geometry":{"type":"Point","coordinates":[-112.14023,55.26705]},"properties":{"LICINSTNO":"80331-1","INSTA_LIC":"80331","INSTA_NUM":"1","INSTA_TYPE":"Meter Station","BA_NAME":"NOVA Gas Transmission Ltd.","POWER":0.0,"PRIME_SORC":null,"INST_LOCAT":"09-30-072-14W4","FLD_CENTRE":"Bonnyville","SUBSTANCE1":"Natural Gas","PLINSTATUS":"Operating"}},{"type":"Feature","geometry":{"type":"Point","coordinates":[-117.81741,57.92587]},"properties":{"LICINSTNO":"80334-2","INSTA_LIC":"80334","INSTA_NUM":"2","INSTA_TYPE":"Meter Station","BA_NAME":"NOVA Gas Transmission Ltd.","POWER":0.0,"PRIME_SORC":null,"INST_LOCAT":"08-12-103-24W5","FLD_CENTRE":"Grande Prairie","SUBSTANCE1":"Natural Gas","PLINSTATUS":"Operating"}},{"type":"Feature","geometry":{"type":"Point","coordinates":[-114.07914,54.70448]},"properties":{"LICINSTNO":"80338-1","INSTA_LIC":"80338","INSTA_NUM":"1","INSTA_TYPE":"Meter Station","BA_NAME":"NOVA Gas Transmission Ltd.","POWER":0.0,"PRIME_SORC":null,"INST_LOCAT":"16-09-066-01W5","FLD_CENTRE":"Edmonton","SUBSTANCE1":"Natural Gas","PLINSTATUS":"Operating"}},{"type":"Feature","geometry":{"type":"Point","coordinates":[-112.6336,54.34892]},"properties":{"LICINSTNO":"80339-1","INSTA_LIC":"80339","INSTA_NUM":"1","INSTA_TYPE":"Meter Station","BA_NAME":"NOVA Gas Transmission Ltd.","POWER":0.0,"PRIME_SORC":null,"INST_LOCAT":"10-09-062-18W4","FLD_CENTRE":"Edmonton","SUBSTANCE1":"Natural Gas","PLINSTATUS":"Operating"}},{"type":"Feature","geometry":{"type":"Point","coordinates":[-115.59233,54.4597]},"properties":{"LICINSTNO":"80340-1","INSTA_LIC":"80340","INSTA_NUM":"1","INSTA_TYPE":"Meter Station","BA_NAME":"NOVA Gas Transmission Ltd.","POWER":0.0,"PRIME_SORC":null,"INST_LOCAT":"01-21-063-11W5","FLD_CENTRE":"Edmonton","SUBSTANCE1":"Natural Gas","PLINSTATUS":"Operating"}},{"type":"Feature","geometry":{"type":"Point","coordinates":[-113.15978,54.13147]},"properties":{"LICINSTNO":"80341-1","INSTA_LIC":"80341","INSTA_NUM":"1","INSTA_TYPE":"Meter Station","BA_NAME":"NOVA Gas Transmission Ltd.","POWER":0.0,"PRIME_SORC":null,"INST_LOCAT":"10-25-059-22W4","FLD_CENTRE":"Edmonton","SUBSTANCE1":"Natural Gas","PLINSTATUS":"Operating"}},{"type":"Feature","geometry":{"type":"Point","coordinates":[-114.77122,51.9689]},"properties":{"LICINSTNO":"80342-1","INSTA_LIC":"80342","INSTA_NUM":"1","INSTA_TYPE":"Meter Station","BA_NAME":"NOVA Gas Transmission Ltd.","POWER":0.0,"PRIME_SORC":null,"INST_LOCAT":"14-34-034-06W5","FLD_CENTRE":"Red Deer","SUBSTANCE1":"Natural Gas","PLINSTATUS":"Operating"}},{"type":"Feature","geometry":{"type":"Point","coordinates":[-116.88318,54.27953]},"properties":{"LICINSTNO":"80346-1","INSTA_LIC":"80346","INSTA_NUM":"1","INSTA_TYPE":"Meter Station","BA_NAME":"NOVA Gas Transmission Ltd.","POWER":0.0,"PRIME_SORC":null,"INST_LOCAT":"10-14-061-20W5","FLD_CENTRE":"Edmonton","SUBSTANCE1":"Natural Gas","PLINSTATUS":"Operating"}},{"type":"Feature","geometry":{"type":"Point","coordinates":[-111.67142,52.60973]},"properties":{"LICINSTNO":"80347-1","INSTA_LIC":"80347","INSTA_NUM":"1","INSTA_TYPE":"Meter Station","BA_NAME":"NOVA Gas Transmission Ltd.","POWER":0.0,"PRIME_SORC":null,"INST_LOCAT":"02-16-042-12W4","FLD_CENTRE":"Wainwright","SUBSTANCE1":"Natural Gas","PLINSTATUS":"Operating"}},{"type":"Feature","geometry":{"type":"Point","coordinates":[-111.50257,52.72014]},"properties":{"LICINSTNO":"80347-2","INSTA_LIC":"80347","INSTA_NUM":"2","INSTA_TYPE":"Meter Station","BA_NAME":"NOVA Gas Transmission Ltd.","POWER":0.0,"PRIME_SORC":null,"INST_LOCAT":"12-23-043-11W4","FLD_CENTRE":"Wainwright","SUBSTANCE1":"Natural Gas","PLINSTATUS":"Operating"}},{"type":"Feature","geometry":{"type":"Point","coordinates":[-113.49284,54.88519]},"properties":{"LICINSTNO":"80348-1","INSTA_LIC":"80348","INSTA_NUM":"1","INSTA_TYPE":"Meter Station","BA_NAME":"NOVA Gas Transmission Ltd.","POWER":0.0,"PRIME_SORC":null,"INST_LOCAT":"08-18-068-23W4","FLD_CENTRE":"Edmonton","SUBSTANCE1":"Natural Gas","PLINSTATUS":"Operating"}},{"type":"Feature","geometry":{"type":"Point","coordinates":[-113.49316,54.88518]},"properties":{"LICINSTNO":"80348-2","INSTA_LIC":"80348","INSTA_NUM":"2","INSTA_TYPE":"Meter Station","BA_NAME":"NOVA Gas Transmission Ltd.","POWER":0.0,"PRIME_SORC":null,"INST_LOCAT":"08-18-068-23W4","FLD_CENTRE":"Edmonton","SUBSTANCE1":"Natural Gas","PLINSTATUS":"Operating"}},{"type":"Feature","geometry":{"type":"Point","coordinates":[-119.73679,55.82569]},"properties":{"LICINSTNO":"80350-2","INSTA_LIC":"80350","INSTA_NUM":"2","INSTA_TYPE":"Meter Station","BA_NAME":"NOVA Gas Transmission Ltd.","POWER":0.0,"PRIME_SORC":null,"INST_LOCAT":"03-12-079-12W6","FLD_CENTRE":"Grande Prairie","SUBSTANCE1":"Natural Gas","PLINSTATUS":"Operating"}},{"type":"Feature","geometry":{"type":"Point","coordinates":[-119.58279,55.86337]},"properties":{"LICINSTNO":"80350-3","INSTA_LIC":"80350","INSTA_NUM":"3","INSTA_TYPE":"Meter Station","BA_NAME":"NOVA Gas Transmission Ltd.","POWER":0.0,"PRIME_SORC":null,"INST_LOCAT":"11-24-079-11W6","FLD_CENTRE":"Grande Prairie","SUBSTANCE1":"Natural Gas","PLINSTATUS":"Operating"}},{"type":"Feature","geometry":{"type":"Point","coordinates":[-119.87515,56.27474]},"properties":{"LICINSTNO":"80350-5","INSTA_LIC":"80350","INSTA_NUM":"5","INSTA_TYPE":"Meter Station","BA_NAME":"NOVA Gas Transmission Ltd.","POWER":0.0,"PRIME_SORC":null,"INST_LOCAT":"16-07-084-12W6","FLD_CENTRE":"Grande Prairie","SUBSTANCE1":"Natural Gas","PLINSTATUS":"Operating"}},{"type":"Feature","geometry":{"type":"Point","coordinates":[-118.82692,55.78804]},"properties":{"LICINSTNO":"80350-6","INSTA_LIC":"80350","INSTA_NUM":"6","INSTA_TYPE":"Meter Station","BA_NAME":"NOVA Gas Transmission Ltd.","POWER":0.0,"PRIME_SORC":null,"INST_LOCAT":"05-26-078-06W6","FLD_CENTRE":"Grande Prairie","SUBSTANCE1":"Natural Gas","PLINSTATUS":"Operating"}},{"type":"Feature","geometry":{"type":"Point","coordinates":[-111.7892,52.23205]},"properties":{"LICINSTNO":"80352-1","INSTA_LIC":"80352","INSTA_NUM":"1","INSTA_TYPE":"Meter Station","BA_NAME":"NOVA Gas Transmission Ltd.","POWER":0.0,"PRIME_SORC":null,"INST_LOCAT":"04-03-038-13W4","FLD_CENTRE":"Wainwright","SUBSTANCE1":"Natural Gas","PLINSTATUS":"Operating"}},{"type":"Feature","geometry":{"type":"Point","coordinates":[-111.33101,53.41475]},"properties":{"LICINSTNO":"80353-1","INSTA_LIC":"80353","INSTA_NUM":"1","INSTA_TYPE":"Meter Station","BA_NAME":"NOVA Gas Transmission Ltd.","POWER":0.0,"PRIME_SORC":null,"INST_LOCAT":"08-24-051-10W4","FLD_CENTRE":"Wainwright","SUBSTANCE1":"Natural Gas","PLINSTATUS":"Operating"}},{"type":"Feature","geometry":{"type":"Point","coordinates":[-118.0863,56.0634]},"properties":{"LICINSTNO":"80354-1","INSTA_LIC":"80354","INSTA_NUM":"1","INSTA_TYPE":"Meter Station","BA_NAME":"NOVA Gas Transmission Ltd.","POWER":0.0,"PRIME_SORC":null,"INST_LOCAT":"07-33-081-01W6","FLD_CENTRE":"Grande Prairie","SUBSTANCE1":"Natural Gas","PLINSTATUS":"Operating"}},{"type":"Feature","geometry":{"type":"Point","coordinates":[-118.6912,56.10824]},"properties":{"LICINSTNO":"80356-2","INSTA_LIC":"80356","INSTA_NUM":"2","INSTA_TYPE":"Meter Station","BA_NAME":"NOVA Gas Transmission Ltd.","POWER":0.0,"PRIME_SORC":null,"INST_LOCAT":"07-15-082-05W6","FLD_CENTRE":"Grande Prairie","SUBSTANCE1":"Natural Gas","PLINSTATUS":"Operating"}},{"type":"Feature","geometry":{"type":"Point","coordinates":[-118.49694,55.37972]},"properties":{"LICINSTNO":"80357-1","INSTA_LIC":"80357","INSTA_NUM":"1","INSTA_TYPE":"Meter Station","BA_NAME":"NOVA Gas Transmission Ltd.","POWER":0.0,"PRIME_SORC":null,"INST_LOCAT":"07-02-074-04W6","FLD_CENTRE":"Grande Prairie","SUBSTANCE1":"Natural Gas","PLINSTATUS":"Operating"}},{"type":"Feature","geometry":{"type":"Point","coordinates":[-118.61185,55.52787]},"properties":{"LICINSTNO":"80357-2","INSTA_LIC":"80357","INSTA_NUM":"2","INSTA_TYPE":"Meter Station","BA_NAME":"NOVA Gas Transmission Ltd.","POWER":0.0,"PRIME_SORC":null,"INST_LOCAT":"11-30-075-04W6","FLD_CENTRE":"Grande Prairie","SUBSTANCE1":"Natural Gas","PLINSTATUS":"Operating"}},{"type":"Feature","geometry":{"type":"Point","coordinates":[-118.49683,55.43304]},"properties":{"LICINSTNO":"80357-3","INSTA_LIC":"80357","INSTA_NUM":"3","INSTA_TYPE":"Meter Station","BA_NAME":"NOVA Gas Transmission Ltd.","POWER":0.0,"PRIME_SORC":null,"INST_LOCAT":"02-26-074-04W6","FLD_CENTRE":"Grande Prairie","SUBSTANCE1":"Natural Gas","PLINSTATUS":"Operating"}},{"type":"Feature","geometry":{"type":"Point","coordinates":[-118.54562,55.48893]},"properties":{"LICINSTNO":"80357-4","INSTA_LIC":"80357","INSTA_NUM":"4","INSTA_TYPE":"Meter Station","BA_NAME":"NOVA Gas Transmission Ltd.","POWER":0.0,"PRIME_SORC":null,"INST_LOCAT":"16-09-075-04W6","FLD_CENTRE":"Grande Prairie","SUBSTANCE1":"Natural Gas","PLINSTATUS":"Operating"}},{"type":"Feature","geometry":{"type":"Point","coordinates":[-118.46909,55.63543]},"properties":{"LICINSTNO":"80357-5","INSTA_LIC":"80357","INSTA_NUM":"5","INSTA_TYPE":"Meter Station","BA_NAME":"NOVA Gas Transmission Ltd.","POWER":0.0,"PRIME_SORC":null,"INST_LOCAT":"16-36-076-04W6","FLD_CENTRE":"Grande Prairie","SUBSTANCE1":"Natural Gas","PLINSTATUS":"Operating"}},{"type":"Feature","geometry":{"type":"Point","coordinates":[-111.30596,54.29596]},"properties":{"LICINSTNO":"80358-2","INSTA_LIC":"80358","INSTA_NUM":"2","INSTA_TYPE":"Meter Station","BA_NAME":"NOVA Gas Transmission Ltd.","POWER":0.0,"PRIME_SORC":null,"INST_LOCAT":"16-20-061-09W4","FLD_CENTRE":"Bonnyville","SUBSTANCE1":"Natural Gas","PLINSTATUS":"Operating"}},{"type":"Feature","geometry":{"type":"Point","coordinates":[-111.15228,54.35411]},"properties":{"LICINSTNO":"80358-3","INSTA_LIC":"80358","INSTA_NUM":"3","INSTA_TYPE":"Meter Station","BA_NAME":"NOVA Gas Transmission Ltd.","POWER":0.0,"PRIME_SORC":null,"INST_LOCAT":"13-09-062-08W4","FLD_CENTRE":"Bonnyville","SUBSTANCE1":"Natural Gas","PLINSTATUS":"Operating"}},{"type":"Feature","geometry":{"type":"Point","coordinates":[-110.31712,54.36797]},"properties":{"LICINSTNO":"80358-5","INSTA_LIC":"80358","INSTA_NUM":"5","INSTA_TYPE":"Meter Station","BA_NAME":"NOVA Gas Transmission Ltd.","POWER":0.0,"PRIME_SORC":null,"INST_LOCAT":"15-13-062-03W4","FLD_CENTRE":"Bonnyville","SUBSTANCE1":"Natural Gas","PLINSTATUS":"Operating"}},{"type":"Feature","geometry":{"type":"Point","coordinates":[-110.02977,54.34588]},"properties":{"LICINSTNO":"80358-6","INSTA_LIC":"80358","INSTA_NUM":"6","INSTA_TYPE":"Meter Station","BA_NAME":"NOVA Gas Transmission Ltd.","POWER":0.0,"PRIME_SORC":null,"INST_LOCAT":"05-12-062-01W4","FLD_CENTRE":"Bonnyville","SUBSTANCE1":"Natural Gas","PLINSTATUS":"Operating"}},{"type":"Feature","geometry":{"type":"Point","coordinates":[-111.40794,54.07927]},"properties":{"LICINSTNO":"80358-8","INSTA_LIC":"80358","INSTA_NUM":"8","INSTA_TYPE":"Meter Station","BA_NAME":"NOVA Gas Transmission Ltd.","POWER":0.0,"PRIME_SORC":null,"INST_LOCAT":"01-10-059-10W4","FLD_CENTRE":"Bonnyville","SUBSTANCE1":"Natural Gas","PLINSTATUS":"Operating"}},{"type":"Feature","geometry":{"type":"Point","coordinates":[-111.00568,54.35355]},"properties":{"LICINSTNO":"80358-9","INSTA_LIC":"80358","INSTA_NUM":"9","INSTA_TYPE":"Meter Station","BA_NAME":"NOVA Gas Transmission Ltd.","POWER":0.0,"PRIME_SORC":null,"INST_LOCAT":"16-08-062-07W4","FLD_CENTRE":"Bonnyville","SUBSTANCE1":"Natural Gas","PLINSTATUS":"Operating"}},{"type":"Feature","geometry":{"type":"Point","coordinates":[-110.75945,54.35361]},"properties":{"LICINSTNO":"80358-10","INSTA_LIC":"80358","INSTA_NUM":"10","INSTA_TYPE":"Meter Station","BA_NAME":"NOVA Gas Transmission Ltd.","POWER":0.0,"PRIME_SORC":null,"INST_LOCAT":"16-12-062-06W4","FLD_CENTRE":"Bonnyville","SUBSTANCE1":"Natural Gas","PLINSTATUS":"Operating"}},{"type":"Feature","geometry":{"type":"Point","coordinates":[-111.0395,54.40427]},"properties":{"LICINSTNO":"80358-11","INSTA_LIC":"80358","INSTA_NUM":"11","INSTA_TYPE":"Meter Station","BA_NAME":"NOVA Gas Transmission Ltd.","POWER":0.0,"PRIME_SORC":null,"INST_LOCAT":"07-31-062-07W4","FLD_CENTRE":"Bonnyville","SUBSTANCE1":"Natural Gas","PLINSTATUS":"Operating"}},{"type":"Feature","geometry":{"type":"Point","coordinates":[-110.91423,54.5084]},"properties":{"LICINSTNO":"80358-12","INSTA_LIC":"80358","INSTA_NUM":"12","INSTA_TYPE":"Meter Station","BA_NAME":"NOVA Gas Transmission Ltd.","POWER":0.0,"PRIME_SORC":null,"INST_LOCAT":"09-01-064-07W4","FLD_CENTRE":"Bonnyville","SUBSTANCE1":"Natural Gas","PLINSTATUS":"Operating"}},{"type":"Feature","geometry":{"type":"Point","coordinates":[-110.72449,54.42349]},"properties":{"LICINSTNO":"80358-13","INSTA_LIC":"80358","INSTA_NUM":"13","INSTA_TYPE":"Meter Station","BA_NAME":"NOVA Gas Transmission Ltd.","POWER":0.0,"PRIME_SORC":null,"INST_LOCAT":"11-05-063-05W4","FLD_CENTRE":"Bonnyville","SUBSTANCE1":"Natural Gas","PLINSTATUS":"Operating"}},{"type":"Feature","geometry":{"type":"Point","coordinates":[-111.02429,54.47941]},"properties":{"LICINSTNO":"80358-14","INSTA_LIC":"80358","INSTA_NUM":"14","INSTA_TYPE":"Meter Station","BA_NAME":"NOVA Gas Transmission Ltd.","POWER":0.0,"PRIME_SORC":null,"INST_LOCAT":"10-29-063-07W4","FLD_CENTRE":"Bonnyville","SUBSTANCE1":"Natural Gas","PLINSTATUS":"Operating"}},{"type":"Feature","geometry":{"type":"Point","coordinates":[-111.20407,54.4357]},"properties":{"LICINSTNO":"80360-1","INSTA_LIC":"80360","INSTA_NUM":"1","INSTA_TYPE":"Meter Station","BA_NAME":"NOVA Gas Transmission Ltd.","POWER":0.0,"PRIME_SORC":null,"INST_LOCAT":"11-07-063-08W4","FLD_CENTRE":"Bonnyville","SUBSTANCE1":"Natural Gas","PLINSTATUS":"Operating"}},{"type":"Feature","geometry":{"type":"Point","coordinates":[-112.0521,51.1749]},"properties":{"LICINSTNO":"80362-1","INSTA_LIC":"80362","INSTA_NUM":"1","INSTA_TYPE":"Meter Station","BA_NAME":"NOVA Gas Transmission Ltd.","POWER":0.0,"PRIME_SORC":null,"INST_LOCAT":"08-32-025-15W4","FLD_CENTRE":"Medicine Hat","SUBSTANCE1":"Natural Gas","PLINSTATUS":"Operating"}},{"type":"Feature","geometry":{"type":"Point","coordinates":[-111.7005,50.39261]},"properties":{"LICINSTNO":"80364-2","INSTA_LIC":"80364","INSTA_NUM":"2","INSTA_TYPE":"Meter Station","BA_NAME":"NOVA Gas Transmission Ltd.","POWER":0.0,"PRIME_SORC":null,"INST_LOCAT":"09-34-016-13W4","FLD_CENTRE":"Medicine Hat","SUBSTANCE1":"Natural Gas","PLINSTATUS":"Operating"}},{"type":"Feature","geometry":{"type":"Point","coordinates":[-119.03747,56.11141]},"properties":{"LICINSTNO":"80367-1","INSTA_LIC":"80367","INSTA_NUM":"1","INSTA_TYPE":"Meter Station","BA_NAME":"NOVA Gas Transmission Ltd.","POWER":0.0,"PRIME_SORC":null,"INST_LOCAT":"11-16-082-07W6","FLD_CENTRE":"Grande Prairie","SUBSTANCE1":"Natural Gas","PLINSTATUS":"Operating"}},{"type":"Feature","geometry":{"type":"Point","coordinates":[-119.09801,56.10607]},"properties":{"LICINSTNO":"80367-2","INSTA_LIC":"80367","INSTA_NUM":"2","INSTA_TYPE":"Meter Station","BA_NAME":"NOVA Gas Transmission Ltd.","POWER":0.0,"PRIME_SORC":null,"INST_LOCAT":"08-13-082-08W6","FLD_CENTRE":"Grande Prairie","SUBSTANCE1":"Natural Gas","PLINSTATUS":"Operating"}},{"type":"Feature","geometry":{"type":"Point","coordinates":[-119.29687,55.87879]},"properties":{"LICINSTNO":"80368-2","INSTA_LIC":"80368","INSTA_NUM":"2","INSTA_TYPE":"Meter Station","BA_NAME":"NOVA Gas Transmission Ltd.","POWER":0.0,"PRIME_SORC":null,"INST_LOCAT":"11-26-079-09W6","FLD_CENTRE":"Grande Prairie","SUBSTANCE1":"Natural Gas","PLINSTATUS":"Operating"}},{"type":"Feature","geometry":{"type":"Point","coordinates":[-119.42355,56.15934]},"properties":{"LICINSTNO":"80368-3","INSTA_LIC":"80368","INSTA_NUM":"3","INSTA_TYPE":"Meter Station","BA_NAME":"NOVA Gas Transmission Ltd.","POWER":0.0,"PRIME_SORC":null,"INST_LOCAT":"14-36-082-10W6","FLD_CENTRE":"Grande Prairie","SUBSTANCE1":"Natural Gas","PLINSTATUS":"Operating"}},{"type":"Feature","geometry":{"type":"Point","coordinates":[-114.20239,54.79987]},"properties":{"LICINSTNO":"80370-1","INSTA_LIC":"80370","INSTA_NUM":"1","INSTA_TYPE":"Meter Station","BA_NAME":"NOVA Gas Transmission Ltd.","POWER":0.0,"PRIME_SORC":null,"INST_LOCAT":"12-14-067-02W5","FLD_CENTRE":"Edmonton","SUBSTANCE1":"Natural Gas","PLINSTATUS":"Operating"}},{"type":"Feature","geometry":{"type":"Point","coordinates":[-110.47199,51.59959]},"properties":{"LICINSTNO":"80371-1","INSTA_LIC":"80371","INSTA_NUM":"1","INSTA_TYPE":"Meter Station","BA_NAME":"NOVA Gas Transmission Ltd.","POWER":0.0,"PRIME_SORC":null,"INST_LOCAT":"12-26-030-04W4","FLD_CENTRE":"Medicine Hat","SUBSTANCE1":"Natural Gas","PLINSTATUS":"Operating"}},{"type":"Feature","geometry":{"type":"Point","coordinates":[-118.33093,57.15385]},"properties":{"LICINSTNO":"80373-2","INSTA_LIC":"80373","INSTA_NUM":"2","INSTA_TYPE":"Meter Station","BA_NAME":"NOVA Gas Transmission Ltd.","POWER":0.0,"PRIME_SORC":null,"INST_LOCAT":"07-13-094-03W6","FLD_CENTRE":"Grande Prairie","SUBSTANCE1":"Natural Gas","PLINSTATUS":"Operating"}},{"type":"Feature","geometry":{"type":"Point","coordinates":[-118.01842,56.53466]},"properties":{"LICINSTNO":"80373-4","INSTA_LIC":"80373","INSTA_NUM":"4","INSTA_TYPE":"Meter Station","BA_NAME":"NOVA Gas Transmission Ltd.","POWER":0.0,"PRIME_SORC":null,"INST_LOCAT":"14-12-087-01W6","FLD_CENTRE":"Grande Prairie","SUBSTANCE1":"Natural Gas","PLINSTATUS":"Operating"}},{"type":"Feature","geometry":{"type":"Point","coordinates":[-118.03541,57.06698]},"properties":{"LICINSTNO":"80373-5","INSTA_LIC":"80373","INSTA_NUM":"5","INSTA_TYPE":"Meter Station","BA_NAME":"NOVA Gas Transmission Ltd.","POWER":0.0,"PRIME_SORC":null,"INST_LOCAT":"07-14-093-01W6","FLD_CENTRE":"Grande Prairie","SUBSTANCE1":"Natural Gas","PLINSTATUS":"Operating"}},{"type":"Feature","geometry":{"type":"Point","coordinates":[-117.93864,56.25445]},"properties":{"LICINSTNO":"80373-6","INSTA_LIC":"80373","INSTA_NUM":"6","INSTA_TYPE":"Meter Station","BA_NAME":"NOVA Gas Transmission Ltd.","POWER":0.0,"PRIME_SORC":null,"INST_LOCAT":"07-06-084-25W5","FLD_CENTRE":"Grande Prairie","SUBSTANCE1":"Natural Gas","PLINSTATUS":"Operating"}},{"type":"Feature","geometry":{"type":"Point","coordinates":[-118.0509,56.59221]},"properties":{"LICINSTNO":"80373-7","INSTA_LIC":"80373","INSTA_NUM":"7","INSTA_TYPE":"Meter Station","BA_NAME":"NOVA Gas Transmission Ltd.","POWER":0.0,"PRIME_SORC":null,"INST_LOCAT":"12-35-087-01W6","FLD_CENTRE":"Grande Prairie","SUBSTANCE1":"Natural Gas","PLINSTATUS":"Operating"}},{"type":"Feature","geometry":{"type":"Point","coordinates":[-117.91745,56.15078]},"properties":{"LICINSTNO":"80373-9","INSTA_LIC":"80373","INSTA_NUM":"9","INSTA_TYPE":"Meter Station","BA_NAME":"NOVA Gas Transmission Ltd.","POWER":0.0,"PRIME_SORC":null,"INST_LOCAT":"08-36-082-26W5","FLD_CENTRE":"Grande Prairie","SUBSTANCE1":"Natural Gas","PLINSTATUS":"Operating"}},{"type":"Feature","geometry":{"type":"Point","coordinates":[-118.76299,58.07503]},"properties":{"LICINSTNO":"80374-1","INSTA_LIC":"80374","INSTA_NUM":"1","INSTA_TYPE":"Meter Station","BA_NAME":"NOVA Gas Transmission Ltd.","POWER":0.0,"PRIME_SORC":null,"INST_LOCAT":"14-33-104-05W6","FLD_CENTRE":"Grande Prairie","SUBSTANCE1":"Natural Gas","PLINSTATUS":"Operating"}},{"type":"Feature","geometry":{"type":"Point","coordinates":[-112.4613,51.00194]},"properties":{"LICINSTNO":"80375-1","INSTA_LIC":"80375","INSTA_NUM":"1","INSTA_TYPE":"Meter Station","BA_NAME":"NOVA Gas Transmission Ltd.","POWER":0.0,"PRIME_SORC":null,"INST_LOCAT":"11-33-023-18W4","FLD_CENTRE":"Calgary","SUBSTANCE1":"Natural Gas","PLINSTATUS":"Operating"}},{"type":"Feature","geometry":{"type":"Point","coordinates":[-113.40741,54.70593]},"properties":{"LICINSTNO":"80377-2","INSTA_LIC":"80377","INSTA_NUM":"2","INSTA_TYPE":"Meter Station","BA_NAME":"NOVA Gas Transmission Ltd.","POWER":0.0,"PRIME_SORC":null,"INST_LOCAT":"04-15-066-23W4","FLD_CENTRE":"Edmonton","SUBSTANCE1":"Natural Gas","PLINSTATUS":"Operating"}},{"type":"Feature","geometry":{"type":"Point","coordinates":[-110.14491,51.76409]},"properties":{"LICINSTNO":"80379-1","INSTA_LIC":"80379","INSTA_NUM":"1","INSTA_TYPE":"Meter Station","BA_NAME":"NOVA Gas Transmission Ltd.","POWER":0.0,"PRIME_SORC":null,"INST_LOCAT":"13-19-032-01W4","FLD_CENTRE":"Medicine Hat","SUBSTANCE1":"Natural Gas","PLINSTATUS":"Operating"}},{"type":"Feature","geometry":{"type":"Point","coordinates":[-110.1659,51.21162]},"properties":{"LICINSTNO":"80381-1","INSTA_LIC":"80381","INSTA_NUM":"1","INSTA_TYPE":"Meter Station","BA_NAME":"NOVA Gas Transmission Ltd.","POWER":0.0,"PRIME_SORC":null,"INST_LOCAT":"13-12-026-02W4","FLD_CENTRE":"Medicine Hat","SUBSTANCE1":"Natural Gas","PLINSTATUS":"Operating"}},{"type":"Feature","geometry":{"type":"Point","coordinates":[-110.34067,51.21305]},"properties":{"LICINSTNO":"80381-2","INSTA_LIC":"80381","INSTA_NUM":"2","INSTA_TYPE":"Meter Station","BA_NAME":"NOVA Gas Transmission Ltd.","POWER":0.0,"PRIME_SORC":null,"INST_LOCAT":"02-15-026-03W4","FLD_CENTRE":"Medicine Hat","SUBSTANCE1":"Natural Gas","PLINSTATUS":"Operating"}},{"type":"Feature","geometry":{"type":"Point","coordinates":[-115.14177,52.34897]},"properties":{"LICINSTNO":"80382-1","INSTA_LIC":"80382","INSTA_NUM":"1","INSTA_TYPE":"Meter Station","BA_NAME":"NOVA Gas Transmission Ltd.","POWER":0.0,"PRIME_SORC":null,"INST_LOCAT":"03-18-039-08W5","FLD_CENTRE":"Red Deer","SUBSTANCE1":"Natural Gas","PLINSTATUS":"Operating"}},{"type":"Feature","geometry":{"type":"Point","coordinates":[-111.27792,55.69274]},"properties":{"LICINSTNO":"80384-1","INSTA_LIC":"80384","INSTA_NUM":"1","INSTA_TYPE":"Meter Station","BA_NAME":"NOVA Gas Transmission Ltd.","POWER":0.0,"PRIME_SORC":null,"INST_LOCAT":"16-23-077-09W4","FLD_CENTRE":"Bonnyville","SUBSTANCE1":"Natural Gas","PLINSTATUS":"Operating"}},{"type":"Feature","geometry":{"type":"Point","coordinates":[-111.97806,55.98508]},"properties":{"LICINSTNO":"80384-2","INSTA_LIC":"80384","INSTA_NUM":"2","INSTA_TYPE":"Meter Station","BA_NAME":"NOVA Gas Transmission Ltd.","POWER":0.0,"PRIME_SORC":null,"INST_LOCAT":"03-04-081-13W4","FLD_CENTRE":"Bonnyville","SUBSTANCE1":"Natural Gas","PLINSTATUS":"Operating"}},{"type":"Feature","geometry":{"type":"Point","coordinates":[-116.76582,54.2048]},"properties":{"LICINSTNO":"80386-1","INSTA_LIC":"80386","INSTA_NUM":"1","INSTA_TYPE":"Meter Station","BA_NAME":"NOVA Gas Transmission Ltd.","POWER":0.0,"PRIME_SORC":null,"INST_LOCAT":"11-22-060-19W5","FLD_CENTRE":"Edmonton","SUBSTANCE1":"Natural Gas","PLINSTATUS":"Operating"}},{"type":"Feature","geometry":{"type":"Point","coordinates":[-117.4635,54.62432]},"properties":{"LICINSTNO":"80387-1","INSTA_LIC":"80387","INSTA_NUM":"1","INSTA_TYPE":"Meter Station","BA_NAME":"NOVA Gas Transmission Ltd.","POWER":0.0,"PRIME_SORC":null,"INST_LOCAT":"07-18-065-23W5","FLD_CENTRE":"Grande Prairie","SUBSTANCE1":"Natural Gas","PLINSTATUS":"Operating"}},{"type":"Feature","geometry":{"type":"Point","coordinates":[-110.48831,50.70436]},"properties":{"LICINSTNO":"80390-1","INSTA_LIC":"80390","INSTA_NUM":"1","INSTA_TYPE":"Meter Station","BA_NAME":"NOVA Gas Transmission Ltd.","POWER":0.0,"PRIME_SORC":null,"INST_LOCAT":"04-22-020-04W4","FLD_CENTRE":"Medicine Hat","SUBSTANCE1":"Natural Gas","PLINSTATUS":"Operating"}},{"type":"Feature","geometry":{"type":"Point","coordinates":[-114.07633,51.85227]},"properties":{"LICINSTNO":"80394-1","INSTA_LIC":"80394","INSTA_NUM":"1","INSTA_TYPE":"Meter Station","BA_NAME":"NOVA Gas Transmission Ltd.","POWER":0.0,"PRIME_SORC":null,"INST_LOCAT":"16-21-033-01W5","FLD_CENTRE":"Red Deer","SUBSTANCE1":"Natural Gas","PLINSTATUS":"Operating"}},{"type":"Feature","geometry":{"type":"Point","coordinates":[-111.32106,50.71841]},"properties":{"LICINSTNO":"80395-1","INSTA_LIC":"80395","INSTA_NUM":"1","INSTA_TYPE":"Meter Station","BA_NAME":"NOVA Gas Transmission Ltd.","POWER":0.0,"PRIME_SORC":null,"INST_LOCAT":"01-28-020-10W4","FLD_CENTRE":"Medicine Hat","SUBSTANCE1":"Natural Gas","PLINSTATUS":"Operating"}},{"type":"Feature","geometry":{"type":"Point","coordinates":[-111.32093,50.70254]},"properties":{"LICINSTNO":"80395-2","INSTA_LIC":"80395","INSTA_NUM":"2","INSTA_TYPE":"Meter Station","BA_NAME":"NOVA Gas Transmission Ltd.","POWER":0.0,"PRIME_SORC":null,"INST_LOCAT":"16-16-020-10W4","FLD_CENTRE":"Medicine Hat","SUBSTANCE1":"Natural Gas","PLINSTATUS":"Operating"}},{"type":"Feature","geometry":{"type":"Point","coordinates":[-116.10071,53.65291]},"properties":{"LICINSTNO":"80396-1","INSTA_LIC":"80396","INSTA_NUM":"1","INSTA_TYPE":"Meter Station","BA_NAME":"NOVA Gas Transmission Ltd.","POWER":0.0,"PRIME_SORC":null,"INST_LOCAT":"10-11-054-15W5","FLD_CENTRE":"Drayton Valley","SUBSTANCE1":"Natural Gas","PLINSTATUS":"Operating"}},{"type":"Feature","geometry":{"type":"Point","coordinates":[-119.6907,55.24384]},"properties":{"LICINSTNO":"80398-1","INSTA_LIC":"80398","INSTA_NUM":"1","INSTA_TYPE":"Meter Station","BA_NAME":"NOVA Gas Transmission Ltd.","POWER":0.0,"PRIME_SORC":null,"INST_LOCAT":"04-19-072-11W6","FLD_CENTRE":"Grande Prairie","SUBSTANCE1":"Natural Gas","PLINSTATUS":"Operating"}},{"type":"Feature","geometry":{"type":"Point","coordinates":[-111.15846,50.20189]},"properties":{"LICINSTNO":"80399-1","INSTA_LIC":"80399","INSTA_NUM":"1","INSTA_TYPE":"Meter Station","BA_NAME":"NOVA Gas Transmission Ltd.","POWER":0.0,"PRIME_SORC":null,"INST_LOCAT":"11-27-014-09W4","FLD_CENTRE":"Medicine Hat","SUBSTANCE1":"Natural Gas","PLINSTATUS":"Operating"}},{"type":"Feature","geometry":{"type":"Point","coordinates":[-112.70664,51.15193]},"properties":{"LICINSTNO":"80400-1","INSTA_LIC":"80400","INSTA_NUM":"1","INSTA_TYPE":"Meter Station","BA_NAME":"NOVA Gas Transmission Ltd.","POWER":0.0,"PRIME_SORC":null,"INST_LOCAT":"16-22-025-20W4","FLD_CENTRE":"Calgary","SUBSTANCE1":"Natural Gas","PLINSTATUS":"Operating"}},{"type":"Feature","geometry":{"type":"Point","coordinates":[-118.65531,57.33809]},"properties":{"LICINSTNO":"80401-1","INSTA_LIC":"80401","INSTA_NUM":"1","INSTA_TYPE":"Meter Station","BA_NAME":"NOVA Gas Transmission Ltd.","POWER":0.0,"PRIME_SORC":null,"INST_LOCAT":"01-24-096-05W6","FLD_CENTRE":"Grande Prairie","SUBSTANCE1":"Natural Gas","PLINSTATUS":"Operating"}},{"type":"Feature","geometry":{"type":"Point","coordinates":[-118.46293,57.33703]},"properties":{"LICINSTNO":"80401-2","INSTA_LIC":"80401","INSTA_NUM":"2","INSTA_TYPE":"Meter Station","BA_NAME":"NOVA Gas Transmission Ltd.","POWER":0.0,"PRIME_SORC":null,"INST_LOCAT":"16-18-096-03W6","FLD_CENTRE":"Grande Prairie","SUBSTANCE1":"Natural Gas","PLINSTATUS":"Operating"}},{"type":"Feature","geometry":{"type":"Point","coordinates":[-115.13297,52.0361]},"properties":{"LICINSTNO":"80404-1","INSTA_LIC":"80404","INSTA_NUM":"1","INSTA_TYPE":"Meter Station","BA_NAME":"NOVA Gas Transmission Ltd.","POWER":0.0,"PRIME_SORC":null,"INST_LOCAT":"11-30-035-08W5","FLD_CENTRE":"Red Deer","SUBSTANCE1":"Natural Gas","PLINSTATUS":"Operating"}},{"type":"Feature","geometry":{"type":"Point","coordinates":[-119.35208,55.51993]},"properties":{"LICINSTNO":"80405-1","INSTA_LIC":"80405","INSTA_NUM":"1","INSTA_TYPE":"Meter Station","BA_NAME":"NOVA Gas Transmission Ltd.","POWER":0.0,"PRIME_SORC":null,"INST_LOCAT":"02-29-075-09W6","FLD_CENTRE":"Grande Prairie","SUBSTANCE1":"Natural Gas","PLINSTATUS":"Operating"}},{"type":"Feature","geometry":{"type":"Point","coordinates":[-119.35453,55.52136]},"properties":{"LICINSTNO":"80405-2","INSTA_LIC":"80405","INSTA_NUM":"2","INSTA_TYPE":"Meter Station","BA_NAME":"NOVA Gas Transmission Ltd.","POWER":0.0,"PRIME_SORC":null,"INST_LOCAT":"02-29-075-09W6","FLD_CENTRE":"Grande Prairie","SUBSTANCE1":"Natural Gas","PLINSTATUS":"Operating"}},{"type":"Feature","geometry":{"type":"Point","coordinates":[-115.48765,53.18341]},"properties":{"LICINSTNO":"80409-1","INSTA_LIC":"80409","INSTA_NUM":"1","INSTA_TYPE":"Meter Station","BA_NAME":"NOVA Gas Transmission Ltd.","POWER":0.0,"PRIME_SORC":null,"INST_LOCAT":"05-36-048-11W5","FLD_CENTRE":"Drayton Valley","SUBSTANCE1":"Natural Gas","PLINSTATUS":"Operating"}},{"type":"Feature","geometry":{"type":"Point","coordinates":[-113.31262,55.07087]},"properties":{"LICINSTNO":"80411-1","INSTA_LIC":"80411","INSTA_NUM":"1","INSTA_TYPE":"Meter Station","BA_NAME":"NOVA Gas Transmission Ltd.","POWER":0.0,"PRIME_SORC":null,"INST_LOCAT":"01-20-070-22W4","FLD_CENTRE":"Slave Lake","SUBSTANCE1":"Natural Gas","PLINSTATUS":"Operating"}},{"type":"Feature","geometry":{"type":"Point","coordinates":[-112.43937,50.22065]},"properties":{"LICINSTNO":"80412-1","INSTA_LIC":"80412","INSTA_NUM":"1","INSTA_TYPE":"Meter Station","BA_NAME":"NOVA Gas Transmission Ltd.","POWER":0.0,"PRIME_SORC":null,"INST_LOCAT":"16-31-014-18W4","FLD_CENTRE":"Calgary","SUBSTANCE1":"Natural Gas","PLINSTATUS":"Operating"}},{"type":"Feature","geometry":{"type":"Point","coordinates":[-115.9757,53.69961]},"properties":{"LICINSTNO":"80413-1","INSTA_LIC":"80413","INSTA_NUM":"1","INSTA_TYPE":"Meter Station","BA_NAME":"NOVA Gas Transmission Ltd.","POWER":0.0,"PRIME_SORC":null,"INST_LOCAT":"15-27-054-14W5","FLD_CENTRE":"Drayton Valley","SUBSTANCE1":"Natural Gas","PLINSTATUS":"Operating"}},{"type":"Feature","geometry":{"type":"Point","coordinates":[-115.34572,52.36985]},"properties":{"LICINSTNO":"80413-3","INSTA_LIC":"80413","INSTA_NUM":"3","INSTA_TYPE":"Meter Station","BA_NAME":"NOVA Gas Transmission Ltd.","POWER":0.0,"PRIME_SORC":null,"INST_LOCAT":"08-22-039-10W5","FLD_CENTRE":"Drayton Valley","SUBSTANCE1":"Natural Gas","PLINSTATUS":"Operating"}},{"type":"Feature","geometry":{"type":"Point","coordinates":[-115.84333,53.58182]},"properties":{"LICINSTNO":"80414-1","INSTA_LIC":"80414","INSTA_NUM":"1","INSTA_TYPE":"Meter Station","BA_NAME":"NOVA Gas Transmission Ltd.","POWER":0.0,"PRIME_SORC":null,"INST_LOCAT":"13-15-053-13W5","FLD_CENTRE":"Drayton Valley","SUBSTANCE1":"Natural Gas","PLINSTATUS":"Operating"}},{"type":"Feature","geometry":{"type":"Point","coordinates":[-112.53293,51.20902]},"properties":{"LICINSTNO":"80416-1","INSTA_LIC":"80416","INSTA_NUM":"1","INSTA_TYPE":"Meter Station","BA_NAME":"NOVA Gas Transmission Ltd.","POWER":0.0,"PRIME_SORC":null,"INST_LOCAT":"14-12-026-19W4","FLD_CENTRE":"Calgary","SUBSTANCE1":"Natural Gas","PLINSTATUS":"Operating"}},{"type":"Feature","geometry":{"type":"Point","coordinates":[-118.21866,54.60955]},"properties":{"LICINSTNO":"80417-1","INSTA_LIC":"80417","INSTA_NUM":"1","INSTA_TYPE":"Meter Station","BA_NAME":"NOVA Gas Transmission Ltd.","POWER":0.0,"PRIME_SORC":null,"INST_LOCAT":"06-10-065-02W6","FLD_CENTRE":"Drayton Valley","SUBSTANCE1":"Natural Gas","PLINSTATUS":"Operating"}},{"type":"Feature","geometry":{"type":"Point","coordinates":[-117.28523,53.97576]},"properties":{"LICINSTNO":"80417-3","INSTA_LIC":"80417","INSTA_NUM":"3","INSTA_TYPE":"Meter Station","BA_NAME":"NOVA Gas Transmission Ltd.","POWER":0.0,"PRIME_SORC":null,"INST_LOCAT":"14-36-057-23W5","FLD_CENTRE":"Drayton Valley","SUBSTANCE1":"Natural Gas","PLINSTATUS":"Operating"}},{"type":"Feature","geometry":{"type":"Point","coordinates":[-117.66685,54.16115]},"properties":{"LICINSTNO":"80417-4","INSTA_LIC":"80417","INSTA_NUM":"4","INSTA_TYPE":"Meter Station","BA_NAME":"NOVA Gas Transmission Ltd.","POWER":0.0,"PRIME_SORC":null,"INST_LOCAT":"11-03-060-25W5","FLD_CENTRE":"Drayton Valley","SUBSTANCE1":"Natural Gas","PLINSTATUS":"Operating"}},{"type":"Feature","geometry":{"type":"Point","coordinates":[-116.96767,53.76795]},"properties":{"LICINSTNO":"80417-6","INSTA_LIC":"80417","INSTA_NUM":"6","INSTA_TYPE":"Meter Station","BA_NAME":"NOVA Gas Transmission Ltd.","POWER":0.0,"PRIME_SORC":null,"INST_LOCAT":"11-19-055-20W5","FLD_CENTRE":"Drayton Valley","SUBSTANCE1":"Natural Gas","PLINSTATUS":"Operating"}},{"type":"Feature","geometry":{"type":"Point","coordinates":[-116.95888,53.79377]},"properties":{"LICINSTNO":"80417-7","INSTA_LIC":"80417","INSTA_NUM":"7","INSTA_TYPE":"Meter Station","BA_NAME":"NOVA Gas Transmission Ltd.","POWER":0.0,"PRIME_SORC":null,"INST_LOCAT":"07-31-055-20W5","FLD_CENTRE":"Drayton Valley","SUBSTANCE1":"Natural Gas","PLINSTATUS":"Operating"}},{"type":"Feature","geometry":{"type":"Point","coordinates":[-113.77218,54.20739]},"properties":{"LICINSTNO":"80418-1","INSTA_LIC":"80418","INSTA_NUM":"1","INSTA_TYPE":"Meter Station","BA_NAME":"NOVA Gas Transmission Ltd.","POWER":0.0,"PRIME_SORC":null,"INST_LOCAT":"13-24-060-26W4","FLD_CENTRE":"Edmonton","SUBSTANCE1":"Natural Gas","PLINSTATUS":"Operating"}},{"type":"Feature","geometry":{"type":"Point","coordinates":[-110.62952,55.35378]},"properties":{"LICINSTNO":"80419-1","INSTA_LIC":"80419","INSTA_NUM":"1","INSTA_TYPE":"Meter Station","BA_NAME":"NOVA Gas Transmission Ltd.","POWER":0.0,"PRIME_SORC":null,"INST_LOCAT":"10-25-073-05W4","FLD_CENTRE":"Bonnyville","SUBSTANCE1":"Natural Gas","PLINSTATUS":"Operating"}},{"type":"Feature","geometry":{"type":"Point","coordinates":[-110.74217,55.39952]},"properties":{"LICINSTNO":"80419-2","INSTA_LIC":"80419","INSTA_NUM":"2","INSTA_TYPE":"Meter Station","BA_NAME":"NOVA Gas Transmission Ltd.","POWER":0.0,"PRIME_SORC":null,"INST_LOCAT":"14-08-074-05W4","FLD_CENTRE":"Bonnyville","SUBSTANCE1":"Natural Gas","PLINSTATUS":"Operating"}},{"type":"Feature","geometry":{"type":"Point","coordinates":[-111.04738,55.35193]},"properties":{"LICINSTNO":"80419-3","INSTA_LIC":"80419","INSTA_NUM":"3","INSTA_TYPE":"Meter Station","BA_NAME":"NOVA Gas Transmission Ltd.","POWER":0.0,"PRIME_SORC":null,"INST_LOCAT":"06-29-073-07W4","FLD_CENTRE":"Bonnyville","SUBSTANCE1":"Natural Gas","PLINSTATUS":"Operating"}},{"type":"Feature","geometry":{"type":"Point","coordinates":[-111.69146,55.12448]},"properties":{"LICINSTNO":"80419-4","INSTA_LIC":"80419","INSTA_NUM":"4","INSTA_TYPE":"Meter Station","BA_NAME":"NOVA Gas Transmission Ltd.","POWER":0.0,"PRIME_SORC":null,"INST_LOCAT":"14-06-071-11W4","FLD_CENTRE":"Bonnyville","SUBSTANCE1":"Natural Gas","PLINSTATUS":"Operating"}},{"type":"Feature","geometry":{"type":"Point","coordinates":[-110.74342,55.39846]},"properties":{"LICINSTNO":"80419-5","INSTA_LIC":"80419","INSTA_NUM":"5","INSTA_TYPE":"Meter Station","BA_NAME":"NOVA Gas Transmission Ltd.","POWER":0.0,"PRIME_SORC":null,"INST_LOCAT":"11-08-074-05W4","FLD_CENTRE":"Bonnyville","SUBSTANCE1":"Natural Gas","PLINSTATUS":"Operating"}},{"type":"Feature","geometry":{"type":"Point","coordinates":[-111.2694,55.33852]},"properties":{"LICINSTNO":"80419-8","INSTA_LIC":"80419","INSTA_NUM":"8","INSTA_TYPE":"Meter Station","BA_NAME":"NOVA Gas Transmission Ltd.","POWER":0.0,"PRIME_SORC":null,"INST_LOCAT":"09-23-073-09W4","FLD_CENTRE":"Bonnyville","SUBSTANCE1":"Natural Gas","PLINSTATUS":"Operating"}},{"type":"Feature","geometry":{"type":"Point","coordinates":[-115.20689,52.47959]},"properties":{"LICINSTNO":"80420-1","INSTA_LIC":"80420","INSTA_NUM":"1","INSTA_TYPE":"Meter Station","BA_NAME":"NOVA Gas Transmission Ltd.","POWER":0.0,"PRIME_SORC":null,"INST_LOCAT":"02-34-040-09W5","FLD_CENTRE":"Red Deer","SUBSTANCE1":"Natural Gas","PLINSTATUS":"Operating"}},{"type":"Feature","geometry":{"type":"Point","coordinates":[-119.3456,55.5969]},"properties":{"LICINSTNO":"80421-1","INSTA_LIC":"80421","INSTA_NUM":"1","INSTA_TYPE":"Meter Station","BA_NAME":"NOVA Gas Transmission Ltd.","POWER":0.0,"PRIME_SORC":null,"INST_LOCAT":"08-20-076-09W6","FLD_CENTRE":"Grande Prairie","SUBSTANCE1":"Natural Gas","PLINSTATUS":"Operating"}},{"type":"Feature","geometry":{"type":"Point","coordinates":[-114.74043,51.98291]},"properties":{"LICINSTNO":"80422-1","INSTA_LIC":"80422","INSTA_NUM":"1","INSTA_TYPE":"Meter Station","BA_NAME":"NOVA Gas Transmission Ltd.","POWER":0.0,"PRIME_SORC":null,"INST_LOCAT":"16-02-035-06W5","FLD_CENTRE":"Red Deer","SUBSTANCE1":"Natural Gas","PLINSTATUS":"Operating"}},{"type":"Feature","geometry":{"type":"Point","coordinates":[-114.46543,55.04082]},"properties":{"LICINSTNO":"80423-1","INSTA_LIC":"80423","INSTA_NUM":"1","INSTA_TYPE":"Meter Station","BA_NAME":"NOVA Gas Transmission Ltd.","POWER":0.0,"PRIME_SORC":null,"INST_LOCAT":"01-12-070-04W5","FLD_CENTRE":"Slave Lake","SUBSTANCE1":"Natural Gas","PLINSTATUS":"Operating"}},{"type":"Feature","geometry":{"type":"Point","coordinates":[-111.43942,55.18684]},"properties":{"LICINSTNO":"80424-1","INSTA_LIC":"80424","INSTA_NUM":"1","INSTA_TYPE":"Meter Station","BA_NAME":"NOVA Gas Transmission Ltd.","POWER":0.0,"PRIME_SORC":null,"INST_LOCAT":"04-35-071-10W4","FLD_CENTRE":"Bonnyville","SUBSTANCE1":"Natural Gas","PLINSTATUS":"Operating"}},{"type":"Feature","geometry":{"type":"Point","coordinates":[-111.14462,54.26846]},"properties":{"LICINSTNO":"80425-1","INSTA_LIC":"80425","INSTA_NUM":"1","INSTA_TYPE":"Meter Station","BA_NAME":"NOVA Gas Transmission Ltd.","POWER":0.0,"PRIME_SORC":null,"INST_LOCAT":"03-16-061-08W4","FLD_CENTRE":"Bonnyville","SUBSTANCE1":"Natural Gas","PLINSTATUS":"Operating"}},{"type":"Feature","geometry":{"type":"Point","coordinates":[-112.39406,54.16236]},"properties":{"LICINSTNO":"80427-1","INSTA_LIC":"80427","INSTA_NUM":"1","INSTA_TYPE":"Meter Station","BA_NAME":"NOVA Gas Transmission Ltd.","POWER":0.0,"PRIME_SORC":null,"INST_LOCAT":"11-06-060-16W4","FLD_CENTRE":"Bonnyville","SUBSTANCE1":"Natural Gas","PLINSTATUS":"Operating"}},{"type":"Feature","geometry":{"type":"Point","coordinates":[-112.03318,50.86106]},"properties":{"LICINSTNO":"80429-1","INSTA_LIC":"80429","INSTA_NUM":"1","INSTA_TYPE":"Meter Station","BA_NAME":"NOVA Gas Transmission Ltd.","POWER":0.0,"PRIME_SORC":null,"INST_LOCAT":"13-09-022-15W4","FLD_CENTRE":"Medicine Hat","SUBSTANCE1":"Natural Gas","PLINSTATUS":"Operating"}},{"type":"Feature","geometry":{"type":"Point","coordinates":[-112.01333,50.79522]},"properties":{"LICINSTNO":"80430-1","INSTA_LIC":"80430","INSTA_NUM":"1","INSTA_TYPE":"Meter Station","BA_NAME":"NOVA Gas Transmission Ltd.","POWER":0.0,"PRIME_SORC":null,"INST_LOCAT":"08-21-021-15W4","FLD_CENTRE":"Medicine Hat","SUBSTANCE1":"Natural Gas","PLINSTATUS":"Operating"}},{"type":"Feature","geometry":{"type":"Point","coordinates":[-111.90334,54.13664]},"properties":{"LICINSTNO":"80431-1","INSTA_LIC":"80431","INSTA_NUM":"1","INSTA_TYPE":"Meter Station","BA_NAME":"NOVA Gas Transmission Ltd.","POWER":0.0,"PRIME_SORC":null,"INST_LOCAT":"01-32-059-13W4","FLD_CENTRE":"Bonnyville","SUBSTANCE1":"Natural Gas","PLINSTATUS":"Operating"}},{"type":"Feature","geometry":{"type":"Point","coordinates":[-112.04992,51.44026]},"properties":{"LICINSTNO":"80432-1","INSTA_LIC":"80432","INSTA_NUM":"1","INSTA_TYPE":"Meter Station","BA_NAME":"NOVA Gas Transmission Ltd.","POWER":0.0,"PRIME_SORC":null,"INST_LOCAT":"09-33-028-15W4","FLD_CENTRE":"Medicine Hat","SUBSTANCE1":"Natural Gas","PLINSTATUS":"Operating"}},{"type":"Feature","geometry":{"type":"Point","coordinates":[-110.63326,50.89898]},"properties":{"LICINSTNO":"80433-1","INSTA_LIC":"80433","INSTA_NUM":"1","INSTA_TYPE":"Meter Station","BA_NAME":"NOVA Gas Transmission Ltd.","POWER":0.0,"PRIME_SORC":null,"INST_LOCAT":"08-28-022-05W4","FLD_CENTRE":"Medicine Hat","SUBSTANCE1":"Natural Gas","PLINSTATUS":"Operating"}},{"type":"Feature","geometry":{"type":"Point","coordinates":[-115.55166,53.25374]},"properties":{"LICINSTNO":"80434-1","INSTA_LIC":"80434","INSTA_NUM":"1","INSTA_TYPE":"Meter Station","BA_NAME":"NOVA Gas Transmission Ltd.","POWER":0.0,"PRIME_SORC":null,"INST_LOCAT":"03-28-049-11W5","FLD_CENTRE":"Drayton Valley","SUBSTANCE1":"Natural Gas","PLINSTATUS":"Operating"}},{"type":"Feature","geometry":{"type":"Point","coordinates":[-115.55176,53.25359]},"properties":{"LICINSTNO":"80434-2","INSTA_LIC":"80434","INSTA_NUM":"2","INSTA_TYPE":"Meter Station","BA_NAME":"NOVA Gas Transmission Ltd.","POWER":0.0,"PRIME_SORC":null,"INST_LOCAT":"03-28-049-11W5","FLD_CENTRE":"Drayton Valley","SUBSTANCE1":"Natural Gas","PLINSTATUS":"Operating"}},{"type":"Feature","geometry":{"type":"Point","coordinates":[-111.17454,50.48532]},"properties":{"LICINSTNO":"80435-1","INSTA_LIC":"80435","INSTA_NUM":"1","INSTA_TYPE":"Meter Station","BA_NAME":"NOVA Gas Transmission Ltd.","POWER":0.0,"PRIME_SORC":null,"INST_LOCAT":"01-04-018-09W4","FLD_CENTRE":"Medicine Hat","SUBSTANCE1":"Natural Gas","PLINSTATUS":"Operating"}},{"type":"Feature","geometry":{"type":"Point","coordinates":[-115.60821,53.48648]},"properties":{"LICINSTNO":"80436-1","INSTA_LIC":"80436","INSTA_NUM":"1","INSTA_TYPE":"Meter Station","BA_NAME":"NOVA Gas Transmission Ltd.","POWER":0.0,"PRIME_SORC":null,"INST_LOCAT":"02-18-052-11W5","FLD_CENTRE":"Drayton Valley","SUBSTANCE1":"Natural Gas","PLINSTATUS":"Operating"}},{"type":"Feature","geometry":{"type":"Point","coordinates":[-119.8327,55.41754]},"properties":{"LICINSTNO":"80438-1","INSTA_LIC":"80438","INSTA_NUM":"1","INSTA_TYPE":"Meter Station","BA_NAME":"NOVA Gas Transmission Ltd.","POWER":0.0,"PRIME_SORC":null,"INST_LOCAT":"15-18-074-12W6","FLD_CENTRE":"Grande Prairie","SUBSTANCE1":"Natural Gas","PLINSTATUS":"Operating"}},{"type":"Feature","geometry":{"type":"Point","coordinates":[-119.59381,55.39625]},"properties":{"LICINSTNO":"80438-2","INSTA_LIC":"80438","INSTA_NUM":"2","INSTA_TYPE":"Meter Station","BA_NAME":"NOVA Gas Transmission Ltd.","POWER":0.0,"PRIME_SORC":null,"INST_LOCAT":"09-10-074-11W6","FLD_CENTRE":"Grande Prairie","SUBSTANCE1":"Natural Gas","PLINSTATUS":"Operating"}},{"type":"Feature","geometry":{"type":"Point","coordinates":[-119.8323,55.41757]},"properties":{"LICINSTNO":"80438-4","INSTA_LIC":"80438","INSTA_NUM":"4","INSTA_TYPE":"Meter Station","BA_NAME":"NOVA Gas Transmission Ltd.","POWER":0.0,"PRIME_SORC":null,"INST_LOCAT":"15-18-074-12W6","FLD_CENTRE":"Grande Prairie","SUBSTANCE1":"Natural Gas","PLINSTATUS":"Operating"}},{"type":"Feature","geometry":{"type":"Point","coordinates":[-116.80081,53.20847]},"properties":{"LICINSTNO":"80439-1","INSTA_LIC":"80439","INSTA_NUM":"1","INSTA_TYPE":"Meter Station","BA_NAME":"NOVA Gas Transmission Ltd.","POWER":0.0,"PRIME_SORC":null,"INST_LOCAT":"04-12-049-20W5","FLD_CENTRE":"Drayton Valley","SUBSTANCE1":"Natural Gas","PLINSTATUS":"Operating"}},{"type":"Feature","geometry":{"type":"Point","coordinates":[-119.13196,54.36163]},"properties":{"LICINSTNO":"80440-1","INSTA_LIC":"80440","INSTA_NUM":"1","INSTA_TYPE":"Meter Station","BA_NAME":"NOVA Gas Transmission Ltd.","POWER":0.0,"PRIME_SORC":null,"INST_LOCAT":"07-16-062-08W6","FLD_CENTRE":"Grande Prairie","SUBSTANCE1":"Natural Gas","PLINSTATUS":"Operating"}},{"type":"Feature","geometry":{"type":"Point","coordinates":[-118.77392,54.38767]},"properties":{"LICINSTNO":"80440-3","INSTA_LIC":"80440","INSTA_NUM":"3","INSTA_TYPE":"Meter Station","BA_NAME":"NOVA Gas Transmission Ltd.","POWER":0.0,"PRIME_SORC":null,"INST_LOCAT":"05-25-062-06W6","FLD_CENTRE":"Grande Prairie","SUBSTANCE1":"Natural Gas","PLINSTATUS":"Operating"}},{"type":"Feature","geometry":{"type":"Point","coordinates":[-119.11856,54.35263]},"properties":{"LICINSTNO":"80440-4","INSTA_LIC":"80440","INSTA_NUM":"4","INSTA_TYPE":"Meter Station","BA_NAME":"NOVA Gas Transmission Ltd.","POWER":0.0,"PRIME_SORC":null,"INST_LOCAT":"13-10-062-08W6","FLD_CENTRE":"Grande Prairie","SUBSTANCE1":"Natural Gas","PLINSTATUS":"Operating"}},{"type":"Feature","geometry":{"type":"Point","coordinates":[-119.44545,54.35776]},"properties":{"LICINSTNO":"80440-5","INSTA_LIC":"80440","INSTA_NUM":"5","INSTA_TYPE":"Meter Station","BA_NAME":"NOVA Gas Transmission Ltd.","POWER":0.0,"PRIME_SORC":null,"INST_LOCAT":"04-16-062-10W6","FLD_CENTRE":"Grande Prairie","SUBSTANCE1":"Natural Gas","PLINSTATUS":"Operating"}},{"type":"Feature","geometry":{"type":"Point","coordinates":[-112.79635,50.83592]},"properties":{"LICINSTNO":"80441-1","INSTA_LIC":"80441","INSTA_NUM":"1","INSTA_TYPE":"Meter Station","BA_NAME":"NOVA Gas Transmission Ltd.","POWER":0.0,"PRIME_SORC":null,"INST_LOCAT":"04-01-022-21W4","FLD_CENTRE":"Calgary","SUBSTANCE1":"Natural Gas","PLINSTATUS":"Operating"}},{"type":"Feature","geometry":{"type":"Point","coordinates":[-112.54911,54.83843]},"properties":{"LICINSTNO":"80442-1","INSTA_LIC":"80442","INSTA_NUM":"1","INSTA_TYPE":"Meter Station","BA_NAME":"NOVA Gas Transmission Ltd.","POWER":0.0,"PRIME_SORC":null,"INST_LOCAT":"01-32-067-17W4","FLD_CENTRE":"Fort McMurray","SUBSTANCE1":"Natural Gas","PLINSTATUS":"Operating"}},{"type":"Feature","geometry":{"type":"Point","coordinates":[-113.18936,57.00516]},"properties":{"LICINSTNO":"80442-2","INSTA_LIC":"80442","INSTA_NUM":"2","INSTA_TYPE":"Meter Station","BA_NAME":"NOVA Gas Transmission Ltd.","POWER":0.0,"PRIME_SORC":null,"INST_LOCAT":"06-29-092-20W4","FLD_CENTRE":"Fort McMurray","SUBSTANCE1":"Natural Gas","PLINSTATUS":"Operating"}},{"type":"Feature","geometry":{"type":"Point","coordinates":[-113.18933,57.00451]},"properties":{"LICINSTNO":"80442-3","INSTA_LIC":"80442","INSTA_NUM":"3","INSTA_TYPE":"Meter Station","BA_NAME":"NOVA Gas Transmission Ltd.","POWER":0.0,"PRIME_SORC":null,"INST_LOCAT":"03-29-092-20W4","FLD_CENTRE":"Fort McMurray","SUBSTANCE1":"Natural Gas","PLINSTATUS":"Operating"}},{"type":"Feature","geometry":{"type":"Point","coordinates":[-112.85379,56.49727]},"properties":{"LICINSTNO":"80442-5","INSTA_LIC":"80442","INSTA_NUM":"5","INSTA_TYPE":"Meter Station","BA_NAME":"NOVA Gas Transmission Ltd.","POWER":0.0,"PRIME_SORC":null,"INST_LOCAT":"08-36-086-19W4","FLD_CENTRE":"Fort McMurray","SUBSTANCE1":"Natural Gas","PLINSTATUS":"Operating"}},{"type":"Feature","geometry":{"type":"Point","coordinates":[-112.70324,56.22283]},"properties":{"LICINSTNO":"80442-6","INSTA_LIC":"80442","INSTA_NUM":"6","INSTA_TYPE":"Meter Station","BA_NAME":"NOVA Gas Transmission Ltd.","POWER":0.0,"PRIME_SORC":null,"INST_LOCAT":"07-25-083-18W4","FLD_CENTRE":"Fort McMurray","SUBSTANCE1":"Natural Gas","PLINSTATUS":"Operating"}},{"type":"Feature","geometry":{"type":"Point","coordinates":[-112.52315,56.08235]},"properties":{"LICINSTNO":"80442-8","INSTA_LIC":"80442","INSTA_NUM":"8","INSTA_TYPE":"Meter Station","BA_NAME":"NOVA Gas Transmission Ltd.","POWER":0.0,"PRIME_SORC":null,"INST_LOCAT":"10-01-082-17W4","FLD_CENTRE":"Fort McMurray","SUBSTANCE1":"Natural Gas","PLINSTATUS":"Operating"}},{"type":"Feature","geometry":{"type":"Point","coordinates":[-113.18935,57.00479]},"properties":{"LICINSTNO":"80442-11","INSTA_LIC":"80442","INSTA_NUM":"11","INSTA_TYPE":"Meter Station","BA_NAME":"NOVA Gas Transmission Ltd.","POWER":0.0,"PRIME_SORC":null,"INST_LOCAT":"03-29-092-20W4","FLD_CENTRE":"Fort McMurray","SUBSTANCE1":"Natural Gas","PLINSTATUS":"Operating"}},{"type":"Feature","geometry":{"type":"Point","coordinates":[-118.60057,58.78033]},"properties":{"LICINSTNO":"80443-1","INSTA_LIC":"80443","INSTA_NUM":"1","INSTA_TYPE":"Meter Station","BA_NAME":"NOVA Gas Transmission Ltd.","POWER":0.0,"PRIME_SORC":null,"INST_LOCAT":"07-04-113-04W6","FLD_CENTRE":"Grande Prairie","SUBSTANCE1":"Natural Gas","PLINSTATUS":"Operating"}},{"type":"Feature","geometry":{"type":"Point","coordinates":[-110.62526,55.95033]},"properties":{"LICINSTNO":"80444-1","INSTA_LIC":"80444","INSTA_NUM":"1","INSTA_TYPE":"Meter Station","BA_NAME":"NOVA Gas Transmission Ltd.","POWER":0.0,"PRIME_SORC":null,"INST_LOCAT":"11-19-080-04W4","FLD_CENTRE":"Bonnyville","SUBSTANCE1":"Natural Gas","PLINSTATUS":"Operating"}},{"type":"Feature","geometry":{"type":"Point","coordinates":[-110.75388,55.89434]},"properties":{"LICINSTNO":"80444-2","INSTA_LIC":"80444","INSTA_NUM":"2","INSTA_TYPE":"Meter Station","BA_NAME":"NOVA Gas Transmission Ltd.","POWER":0.0,"PRIME_SORC":null,"INST_LOCAT":"14-32-079-05W4","FLD_CENTRE":"Bonnyville","SUBSTANCE1":"Natural Gas","PLINSTATUS":"Operating"}},{"type":"Feature","geometry":{"type":"Point","coordinates":[-110.70561,55.6414]},"properties":{"LICINSTNO":"80444-4","INSTA_LIC":"80444","INSTA_NUM":"4","INSTA_TYPE":"Meter Station","BA_NAME":"NOVA Gas Transmission Ltd.","POWER":0.0,"PRIME_SORC":null,"INST_LOCAT":"08-04-077-05W4","FLD_CENTRE":"Bonnyville","SUBSTANCE1":"Natural Gas","PLINSTATUS":"Operating"}},{"type":"Feature","geometry":{"type":"Point","coordinates":[-110.70929,55.5393]},"properties":{"LICINSTNO":"80444-5","INSTA_LIC":"80444","INSTA_NUM":"5","INSTA_TYPE":"Meter Station","BA_NAME":"NOVA Gas Transmission Ltd.","POWER":0.0,"PRIME_SORC":null,"INST_LOCAT":"08-33-075-05W4","FLD_CENTRE":"Bonnyville","SUBSTANCE1":"Natural Gas","PLINSTATUS":"Operating"}},{"type":"Feature","geometry":{"type":"Point","coordinates":[-118.11254,58.10984]},"properties":{"LICINSTNO":"80445-1","INSTA_LIC":"80445","INSTA_NUM":"1","INSTA_TYPE":"Meter Station","BA_NAME":"NOVA Gas Transmission Ltd.","POWER":0.0,"PRIME_SORC":null,"INST_LOCAT":"01-17-105-01W6","FLD_CENTRE":"Grande Prairie","SUBSTANCE1":"Natural Gas","PLINSTATUS":"Operating"}},{"type":"Feature","geometry":{"type":"Point","coordinates":[-119.67671,56.41998]},"properties":{"LICINSTNO":"80446-1","INSTA_LIC":"80446","INSTA_NUM":"1","INSTA_TYPE":"Meter Station","BA_NAME":"NOVA Gas Transmission Ltd.","POWER":0.0,"PRIME_SORC":null,"INST_LOCAT":"14-33-085-11W6","FLD_CENTRE":"Grande Prairie","SUBSTANCE1":"Natural Gas","PLINSTATUS":"Operating"}},{"type":"Feature","geometry":{"type":"Point","coordinates":[-112.39886,54.56034]},"properties":{"LICINSTNO":"80447-1","INSTA_LIC":"80447","INSTA_NUM":"1","INSTA_TYPE":"Meter Station","BA_NAME":"NOVA Gas Transmission Ltd.","POWER":0.0,"PRIME_SORC":null,"INST_LOCAT":"04-29-064-16W4","FLD_CENTRE":"Bonnyville","SUBSTANCE1":"Natural Gas","PLINSTATUS":"Operating"}},{"type":"Feature","geometry":{"type":"Point","coordinates":[-112.52714,54.60212]},"properties":{"LICINSTNO":"80447-2","INSTA_LIC":"80447","INSTA_NUM":"2","INSTA_TYPE":"Meter Station","BA_NAME":"NOVA Gas Transmission Ltd.","POWER":0.0,"PRIME_SORC":null,"INST_LOCAT":"01-08-065-17W4","FLD_CENTRE":"Bonnyville","SUBSTANCE1":"Natural Gas","PLINSTATUS":"Operating"}},{"type":"Feature","geometry":{"type":"Point","coordinates":[-112.24147,50.97938]},"properties":{"LICINSTNO":"80449-1","INSTA_LIC":"80449","INSTA_NUM":"1","INSTA_TYPE":"Meter Station","BA_NAME":"NOVA Gas Transmission Ltd.","POWER":0.0,"PRIME_SORC":null,"INST_LOCAT":"16-24-023-17W4","FLD_CENTRE":"Medicine Hat","SUBSTANCE1":"Natural Gas","PLINSTATUS":"Operating"}},{"type":"Feature","geometry":{"type":"Point","coordinates":[-119.49903,55.50046]},"properties":{"LICINSTNO":"80450-1","INSTA_LIC":"80450","INSTA_NUM":"1","INSTA_TYPE":"Meter Station","BA_NAME":"NOVA Gas Transmission Ltd.","POWER":0.0,"PRIME_SORC":null,"INST_LOCAT":"12-16-075-10W6","FLD_CENTRE":"Grande Prairie","SUBSTANCE1":"Natural Gas","PLINSTATUS":"Operating"}},{"type":"Feature","geometry":{"type":"Point","coordinates":[-117.06473,54.27145]},"properties":{"LICINSTNO":"80451-1","INSTA_LIC":"80451","INSTA_NUM":"1","INSTA_TYPE":"Meter Station","BA_NAME":"NOVA Gas Transmission Ltd.","POWER":0.0,"PRIME_SORC":null,"INST_LOCAT":"03-15-061-21W5","FLD_CENTRE":"Edmonton","SUBSTANCE1":"Natural Gas","PLINSTATUS":"Operating"}},{"type":"Feature","geometry":{"type":"Point","coordinates":[-119.19465,54.95488]},"properties":{"LICINSTNO":"80452-1","INSTA_LIC":"80452","INSTA_NUM":"1","INSTA_TYPE":"Meter Station","BA_NAME":"NOVA Gas Transmission Ltd.","POWER":0.0,"PRIME_SORC":null,"INST_LOCAT":"04-08-069-08W6","FLD_CENTRE":"Grande Prairie","SUBSTANCE1":"Natural Gas","PLINSTATUS":"Operating"}},{"type":"Feature","geometry":{"type":"Point","coordinates":[-112.29452,54.79214]},"properties":{"LICINSTNO":"80455-1","INSTA_LIC":"80455","INSTA_NUM":"1","INSTA_TYPE":"Meter Station","BA_NAME":"NOVA Gas Transmission Ltd.","POWER":0.0,"PRIME_SORC":null,"INST_LOCAT":"01-13-067-16W4","FLD_CENTRE":"Bonnyville","SUBSTANCE1":"Natural Gas","PLINSTATUS":"Operating"}},{"type":"Feature","geometry":{"type":"Point","coordinates":[-112.90016,54.34811]},"properties":{"LICINSTNO":"80456-1","INSTA_LIC":"80456","INSTA_NUM":"1","INSTA_TYPE":"Meter Station","BA_NAME":"NOVA Gas Transmission Ltd.","POWER":0.0,"PRIME_SORC":null,"INST_LOCAT":"12-11-062-20W4","FLD_CENTRE":"Edmonton","SUBSTANCE1":"Natural Gas","PLINSTATUS":"Operating"}},{"type":"Feature","geometry":{"type":"Point","coordinates":[-119.12805,55.82078]},"properties":{"LICINSTNO":"80457-1","INSTA_LIC":"80457","INSTA_NUM":"1","INSTA_TYPE":"Meter Station","BA_NAME":"NOVA Gas Transmission Ltd.","POWER":0.0,"PRIME_SORC":null,"INST_LOCAT":"09-02-079-08W6","FLD_CENTRE":"Grande Prairie","SUBSTANCE1":"Natural Gas","PLINSTATUS":"Operating"}},{"type":"Feature","geometry":{"type":"Point","coordinates":[-119.12805,55.82078]},"properties":{"LICINSTNO":"80457-2","INSTA_LIC":"80457","INSTA_NUM":"2","INSTA_TYPE":"Meter Station","BA_NAME":"NOVA Gas Transmission Ltd.","POWER":0.0,"PRIME_SORC":null,"INST_LOCAT":"09-02-079-08W4","FLD_CENTRE":"Grande Prairie","SUBSTANCE1":"Natural Gas","PLINSTATUS":"Operating"}},{"type":"Feature","geometry":{"type":"Point","coordinates":[-111.26401,54.31841]},"properties":{"LICINSTNO":"80458-1","INSTA_LIC":"80458","INSTA_NUM":"1","INSTA_TYPE":"Meter Station","BA_NAME":"NOVA Gas Transmission Ltd.","POWER":0.0,"PRIME_SORC":null,"INST_LOCAT":"07-34-061-09W4","FLD_CENTRE":"Bonnyville","SUBSTANCE1":"Natural Gas","PLINSTATUS":"Operating"}},{"type":"Feature","geometry":{"type":"Point","coordinates":[-111.29997,54.35612]},"properties":{"LICINSTNO":"80458-2","INSTA_LIC":"80458","INSTA_NUM":"2","INSTA_TYPE":"Meter Station","BA_NAME":"NOVA Gas Transmission Ltd.","POWER":0.0,"PRIME_SORC":null,"INST_LOCAT":"04-16-062-09W4","FLD_CENTRE":"Bonnyville","SUBSTANCE1":"Natural Gas","PLINSTATUS":"Operating"}},{"type":"Feature","geometry":{"type":"Point","coordinates":[-112.89466,55.17718]},"properties":{"LICINSTNO":"80459-1","INSTA_LIC":"80459","INSTA_NUM":"1","INSTA_TYPE":"Meter Station","BA_NAME":"NOVA Gas Transmission Ltd.","POWER":0.0,"PRIME_SORC":null,"INST_LOCAT":"06-29-071-19W4","FLD_CENTRE":"Slave Lake","SUBSTANCE1":"Natural Gas","PLINSTATUS":"Operating"}},{"type":"Feature","geometry":{"type":"Point","coordinates":[-112.89769,55.1772]},"properties":{"LICINSTNO":"80459-2","INSTA_LIC":"80459","INSTA_NUM":"2","INSTA_TYPE":"Meter Station","BA_NAME":"NOVA Gas Transmission Ltd.","POWER":0.0,"PRIME_SORC":null,"INST_LOCAT":"05-29-071-19W4","FLD_CENTRE":"Slave Lake","SUBSTANCE1":"Natural Gas","PLINSTATUS":"Operating"}},{"type":"Feature","geometry":{"type":"Point","coordinates":[-113.34195,54.08815]},"properties":{"LICINSTNO":"80461-1","INSTA_LIC":"80461","INSTA_NUM":"1","INSTA_TYPE":"Meter Station","BA_NAME":"NOVA Gas Transmission Ltd.","POWER":0.0,"PRIME_SORC":null,"INST_LOCAT":"11-11-059-23W4","FLD_CENTRE":"Edmonton","SUBSTANCE1":"Natural Gas","PLINSTATUS":"Operating"}},{"type":"Feature","geometry":{"type":"Point","coordinates":[-111.35833,51.57106]},"properties":{"LICINSTNO":"80462-1","INSTA_LIC":"80462","INSTA_NUM":"1","INSTA_TYPE":"Meter Station","BA_NAME":"NOVA Gas Transmission Ltd.","POWER":0.0,"PRIME_SORC":null,"INST_LOCAT":"11-16-030-10W4","FLD_CENTRE":"Medicine Hat","SUBSTANCE1":"Natural Gas","PLINSTATUS":"Operating"}},{"type":"Feature","geometry":{"type":"Point","coordinates":[-110.16053,53.01628]},"properties":{"LICINSTNO":"80463-1","INSTA_LIC":"80463","INSTA_NUM":"1","INSTA_TYPE":"Meter Station","BA_NAME":"NOVA Gas Transmission Ltd.","POWER":0.0,"PRIME_SORC":null,"INST_LOCAT":"15-36-046-02W4","FLD_CENTRE":"Wainwright","SUBSTANCE1":"Natural Gas","PLINSTATUS":"Operating"}},{"type":"Feature","geometry":{"type":"Point","coordinates":[-110.23258,52.98938]},"properties":{"LICINSTNO":"80463-3","INSTA_LIC":"80463","INSTA_NUM":"3","INSTA_TYPE":"Meter Station","BA_NAME":"NOVA Gas Transmission Ltd.","POWER":0.0,"PRIME_SORC":null,"INST_LOCAT":"02-28-046-02W4","FLD_CENTRE":"Wainwright","SUBSTANCE1":"Natural Gas","PLINSTATUS":"Operating"}},{"type":"Feature","geometry":{"type":"Point","coordinates":[-112.53204,51.6366]},"properties":{"LICINSTNO":"80464-1","INSTA_LIC":"80464","INSTA_NUM":"1","INSTA_TYPE":"Meter Station","BA_NAME":"NOVA Gas Transmission Ltd.","POWER":0.0,"PRIME_SORC":null,"INST_LOCAT":"04-08-031-18W4","FLD_CENTRE":"Red Deer","SUBSTANCE1":"Natural Gas","PLINSTATUS":"Operating"}},{"type":"Feature","geometry":{"type":"Point","coordinates":[-112.67867,51.52468]},"properties":{"LICINSTNO":"80464-3","INSTA_LIC":"80464","INSTA_NUM":"3","INSTA_TYPE":"Meter Station","BA_NAME":"NOVA Gas Transmission Ltd.","POWER":0.0,"PRIME_SORC":null,"INST_LOCAT":"08-36-029-20W4","FLD_CENTRE":"Red Deer","SUBSTANCE1":"Natural Gas","PLINSTATUS":"Operating"}},{"type":"Feature","geometry":{"type":"Point","coordinates":[-116.84062,53.58511]},"properties":{"LICINSTNO":"80465-1","INSTA_LIC":"80465","INSTA_NUM":"1","INSTA_TYPE":"Meter Station","BA_NAME":"NOVA Gas Transmission Ltd.","POWER":0.0,"PRIME_SORC":null,"INST_LOCAT":"03-23-053-20W5","FLD_CENTRE":"Drayton Valley","SUBSTANCE1":"Natural Gas","PLINSTATUS":"Operating"}},{"type":"Feature","geometry":{"type":"Point","coordinates":[-112.61542,54.88256]},"properties":{"LICINSTNO":"80466-1","INSTA_LIC":"80466","INSTA_NUM":"1","INSTA_TYPE":"Meter Station","BA_NAME":"NOVA Gas Transmission Ltd.","POWER":0.0,"PRIME_SORC":null,"INST_LOCAT":"06-13-068-18W4","FLD_CENTRE":"Edmonton","SUBSTANCE1":"Natural Gas","PLINSTATUS":"Operating"}},{"type":"Feature","geometry":{"type":"Point","coordinates":[-117.82388,56.36879]},"properties":{"LICINSTNO":"80467-1","INSTA_LIC":"80467","INSTA_NUM":"1","INSTA_TYPE":"Meter Station","BA_NAME":"NOVA Gas Transmission Ltd.","POWER":0.0,"PRIME_SORC":null,"INST_LOCAT":"08-14-085-25W5","FLD_CENTRE":"Grande Prairie","SUBSTANCE1":"Natural Gas","PLINSTATUS":"Operating"}},{"type":"Feature","geometry":{"type":"Point","coordinates":[-117.41369,54.68443]},"properties":{"LICINSTNO":"80468-1","INSTA_LIC":"80468","INSTA_NUM":"1","INSTA_TYPE":"Meter Station","BA_NAME":"NOVA Gas Transmission Ltd.","POWER":0.0,"PRIME_SORC":null,"INST_LOCAT":"10-04-066-23W5","FLD_CENTRE":"Grande Prairie","SUBSTANCE1":"Natural Gas","PLINSTATUS":"Operating"}},{"type":"Feature","geometry":{"type":"Point","coordinates":[-113.53924,54.34991]},"properties":{"LICINSTNO":"80469-2","INSTA_LIC":"80469","INSTA_NUM":"2","INSTA_TYPE":"Meter Station","BA_NAME":"NOVA Gas Transmission Ltd.","POWER":0.0,"PRIME_SORC":null,"INST_LOCAT":"11-09-062-24W4","FLD_CENTRE":"Edmonton","SUBSTANCE1":"Natural Gas","PLINSTATUS":"Operating"}},{"type":"Feature","geometry":{"type":"Point","coordinates":[-110.91049,54.12861]},"properties":{"LICINSTNO":"80470-1","INSTA_LIC":"80470","INSTA_NUM":"1","INSTA_TYPE":"Meter Station","BA_NAME":"NOVA Gas Transmission Ltd.","POWER":0.0,"PRIME_SORC":null,"INST_LOCAT":"08-25-059-07W4","FLD_CENTRE":"Bonnyville","SUBSTANCE1":"Natural Gas","PLINSTATUS":"Operating"}},{"type":"Feature","geometry":{"type":"Point","coordinates":[-116.37964,55.65391]},"properties":{"LICINSTNO":"80472-1","INSTA_LIC":"80472","INSTA_NUM":"1","INSTA_TYPE":"Meter Station","BA_NAME":"NOVA Gas Transmission Ltd.","POWER":0.0,"PRIME_SORC":null,"INST_LOCAT":"05-11-077-16W5","FLD_CENTRE":"Slave Lake","SUBSTANCE1":"Natural Gas","PLINSTATUS":"Operating"}},{"type":"Feature","geometry":{"type":"Point","coordinates":[-117.03217,55.86455]},"properties":{"LICINSTNO":"80472-3","INSTA_LIC":"80472","INSTA_NUM":"3","INSTA_TYPE":"Meter Station","BA_NAME":"NOVA Gas Transmission Ltd.","POWER":0.0,"PRIME_SORC":null,"INST_LOCAT":"09-22-079-20W5","FLD_CENTRE":"Slave Lake","SUBSTANCE1":"Natural Gas","PLINSTATUS":"Operating"}},{"type":"Feature","geometry":{"type":"Point","coordinates":[-117.11791,55.63946]},"properties":{"LICINSTNO":"80472-4","INSTA_LIC":"80472","INSTA_NUM":"4","INSTA_TYPE":"Meter Station","BA_NAME":"NOVA Gas Transmission Ltd.","POWER":0.0,"PRIME_SORC":null,"INST_LOCAT":"02-01-077-21W5","FLD_CENTRE":"Slave Lake","SUBSTANCE1":"Natural Gas","PLINSTATUS":"Operating"}},{"type":"Feature","geometry":{"type":"Point","coordinates":[-116.45805,55.6606]},"properties":{"LICINSTNO":"80472-5","INSTA_LIC":"80472","INSTA_NUM":"5","INSTA_TYPE":"Meter Station","BA_NAME":"NOVA Gas Transmission Ltd.","POWER":0.0,"PRIME_SORC":null,"INST_LOCAT":"12-08-077-16W5","FLD_CENTRE":"Slave Lake","SUBSTANCE1":"Natural Gas","PLINSTATUS":"Operating"}},{"type":"Feature","geometry":{"type":"Point","coordinates":[-117.07981,55.7271]},"properties":{"LICINSTNO":"80472-7","INSTA_LIC":"80472","INSTA_NUM":"7","INSTA_TYPE":"Meter Station","BA_NAME":"NOVA Gas Transmission Ltd.","POWER":0.0,"PRIME_SORC":null,"INST_LOCAT":"08-06-078-20W5","FLD_CENTRE":"Slave Lake","SUBSTANCE1":"Natural Gas","PLINSTATUS":"Operating"}},{"type":"Feature","geometry":{"type":"Point","coordinates":[-116.59435,55.67813]},"properties":{"LICINSTNO":"80472-8","INSTA_LIC":"80472","INSTA_NUM":"8","INSTA_TYPE":"Meter Station","BA_NAME":"NOVA Gas Transmission Ltd.","POWER":0.0,"PRIME_SORC":null,"INST_LOCAT":"16-17-077-17W5","FLD_CENTRE":"Slave Lake","SUBSTANCE1":"Natural Gas","PLINSTATUS":"Operating"}},{"type":"Feature","geometry":{"type":"Point","coordinates":[-117.36272,55.70181]},"properties":{"LICINSTNO":"80472-9","INSTA_LIC":"80472","INSTA_NUM":"9","INSTA_TYPE":"Meter Station","BA_NAME":"NOVA Gas Transmission Ltd.","POWER":0.0,"PRIME_SORC":null,"INST_LOCAT":"12-28-077-22W5","FLD_CENTRE":"Slave Lake","SUBSTANCE1":"Natural Gas","PLINSTATUS":"Operating"}},{"type":"Feature","geometry":{"type":"Point","coordinates":[-116.8558,55.79036]},"properties":{"LICINSTNO":"80472-10","INSTA_LIC":"80472","INSTA_NUM":"10","INSTA_TYPE":"Meter Station","BA_NAME":"NOVA Gas Transmission Ltd.","POWER":0.0,"PRIME_SORC":null,"INST_LOCAT":"10-27-078-19W5","FLD_CENTRE":"Slave Lake","SUBSTANCE1":"Natural Gas","PLINSTATUS":"Operating"}},{"type":"Feature","geometry":{"type":"Point","coordinates":[-117.04896,55.76872]},"properties":{"LICINSTNO":"80472-11","INSTA_LIC":"80472","INSTA_NUM":"11","INSTA_TYPE":"Meter Station","BA_NAME":"NOVA Gas Transmission Ltd.","POWER":0.0,"PRIME_SORC":null,"INST_LOCAT":"04-21-078-20W5","FLD_CENTRE":"Slave Lake","SUBSTANCE1":"Natural Gas","PLINSTATUS":"Operating"}},{"type":"Feature","geometry":{"type":"Point","coordinates":[-114.157,55.1219]},"properties":{"LICINSTNO":"80473-1","INSTA_LIC":"80473","INSTA_NUM":"1","INSTA_TYPE":"Meter Station","BA_NAME":"NOVA Gas Transmission Ltd.","POWER":0.0,"PRIME_SORC":null,"INST_LOCAT":"09-01-071-02W5","FLD_CENTRE":"Slave Lake","SUBSTANCE1":"Natural Gas","PLINSTATUS":"Operating"}},{"type":"Feature","geometry":{"type":"Point","coordinates":[-114.15697,55.12193]},"properties":{"LICINSTNO":"80473-2","INSTA_LIC":"80473","INSTA_NUM":"2","INSTA_TYPE":"Meter Station","BA_NAME":"NOVA Gas Transmission Ltd.","POWER":0.0,"PRIME_SORC":null,"INST_LOCAT":"09-01-071-02W5","FLD_CENTRE":"Slave Lake","SUBSTANCE1":"Natural Gas","PLINSTATUS":"Operating"}},{"type":"Feature","geometry":{"type":"Point","coordinates":[-117.85234,57.83966]},"properties":{"LICINSTNO":"80475-1","INSTA_LIC":"80475","INSTA_NUM":"1","INSTA_TYPE":"Meter Station","BA_NAME":"NOVA Gas Transmission Ltd.","POWER":0.0,"PRIME_SORC":null,"INST_LOCAT":"12-10-102-24W5","FLD_CENTRE":"Grande Prairie","SUBSTANCE1":"Natural Gas","PLINSTATUS":"Operating"}},{"type":"Feature","geometry":{"type":"Point","coordinates":[-119.07209,56.00828]},"properties":{"LICINSTNO":"80476-2","INSTA_LIC":"80476","INSTA_NUM":"2","INSTA_TYPE":"Meter Station","BA_NAME":"NOVA Gas Transmission Ltd.","POWER":0.0,"PRIME_SORC":null,"INST_LOCAT":"09-07-081-07W6","FLD_CENTRE":"Grande Prairie","SUBSTANCE1":"Natural Gas","PLINSTATUS":"Operating"}},{"type":"Feature","geometry":{"type":"Point","coordinates":[-111.43266,54.00673]},"properties":{"LICINSTNO":"80477-1","INSTA_LIC":"80477","INSTA_NUM":"1","INSTA_TYPE":"Meter Station","BA_NAME":"NOVA Gas Transmission Ltd.","POWER":0.0,"PRIME_SORC":null,"INST_LOCAT":"03-16-058-10W4","FLD_CENTRE":"Bonnyville","SUBSTANCE1":"Natural Gas","PLINSTATUS":"Operating"}},{"type":"Feature","geometry":{"type":"Point","coordinates":[-114.13868,56.03872]},"properties":{"LICINSTNO":"80479-2","INSTA_LIC":"80479","INSTA_NUM":"2","INSTA_TYPE":"Meter Station","BA_NAME":"NOVA Gas Transmission Ltd.","POWER":0.0,"PRIME_SORC":null,"INST_LOCAT":"09-19-081-01W5","FLD_CENTRE":"Slave Lake","SUBSTANCE1":"Natural Gas","PLINSTATUS":"Operating"}},{"type":"Feature","geometry":{"type":"Point","coordinates":[-113.92623,55.94002]},"properties":{"LICINSTNO":"80479-3","INSTA_LIC":"80479","INSTA_NUM":"3","INSTA_TYPE":"Meter Station","BA_NAME":"NOVA Gas Transmission Ltd.","POWER":0.0,"PRIME_SORC":null,"INST_LOCAT":"16-13-080-26W4","FLD_CENTRE":"Slave Lake","SUBSTANCE1":"Natural Gas","PLINSTATUS":"Operating"}},{"type":"Feature","geometry":{"type":"Point","coordinates":[-113.83068,55.85826]},"properties":{"LICINSTNO":"80479-4","INSTA_LIC":"80479","INSTA_NUM":"4","INSTA_TYPE":"Meter Station","BA_NAME":"NOVA Gas Transmission Ltd.","POWER":0.0,"PRIME_SORC":null,"INST_LOCAT":"06-22-079-25W4","FLD_CENTRE":"Slave Lake","SUBSTANCE1":"Natural Gas","PLINSTATUS":"Operating"}},{"type":"Feature","geometry":{"type":"Point","coordinates":[-113.88006,55.77601]},"properties":{"LICINSTNO":"80479-5","INSTA_LIC":"80479","INSTA_NUM":"5","INSTA_TYPE":"Meter Station","BA_NAME":"NOVA Gas Transmission Ltd.","POWER":0.0,"PRIME_SORC":null,"INST_LOCAT":"11-19-078-25W4","FLD_CENTRE":"Slave Lake","SUBSTANCE1":"Natural Gas","PLINSTATUS":"Operating"}},{"type":"Feature","geometry":{"type":"Point","coordinates":[-113.89213,55.84528]},"properties":{"LICINSTNO":"80479-6","INSTA_LIC":"80479","INSTA_NUM":"6","INSTA_TYPE":"Meter Station","BA_NAME":"NOVA Gas Transmission Ltd.","POWER":0.0,"PRIME_SORC":null,"INST_LOCAT":"05-17-079-25W4","FLD_CENTRE":"Slave Lake","SUBSTANCE1":"Natural Gas","PLINSTATUS":"Operating"}},{"type":"Feature","geometry":{"type":"Point","coordinates":[-119.1099,57.54721]},"properties":{"LICINSTNO":"80480-1","INSTA_LIC":"80480","INSTA_NUM":"1","INSTA_TYPE":"Meter Station","BA_NAME":"NOVA Gas Transmission Ltd.","POWER":0.0,"PRIME_SORC":null,"INST_LOCAT":"05-32-098-07W6","FLD_CENTRE":"Grande Prairie","SUBSTANCE1":"Natural Gas","PLINSTATUS":"Operating"}},{"type":"Feature","geometry":{"type":"Point","coordinates":[-118.74051,57.50079]},"properties":{"LICINSTNO":"80480-2","INSTA_LIC":"80480","INSTA_NUM":"2","INSTA_TYPE":"Meter Station","BA_NAME":"NOVA Gas Transmission Ltd.","POWER":0.0,"PRIME_SORC":null,"INST_LOCAT":"02-16-098-05W6","FLD_CENTRE":"Grande Prairie","SUBSTANCE1":"Natural Gas","PLINSTATUS":"Operating"}},{"type":"Feature","geometry":{"type":"Point","coordinates":[-111.30709,54.55307]},"properties":{"LICINSTNO":"80481-1","INSTA_LIC":"80481","INSTA_NUM":"1","INSTA_TYPE":"Meter Station","BA_NAME":"NOVA Gas Transmission Ltd.","POWER":0.0,"PRIME_SORC":null,"INST_LOCAT":"11-21-064-09W4","FLD_CENTRE":"Bonnyville","SUBSTANCE1":"Natural Gas","PLINSTATUS":"Operating"}},{"type":"Feature","geometry":{"type":"Point","coordinates":[-111.68007,55.01347]},"properties":{"LICINSTNO":"80483-1","INSTA_LIC":"80483","INSTA_NUM":"1","INSTA_TYPE":"Meter Station","BA_NAME":"NOVA Gas Transmission Ltd.","POWER":0.0,"PRIME_SORC":null,"INST_LOCAT":"05-31-069-11W4","FLD_CENTRE":"Bonnyville","SUBSTANCE1":"Natural Gas","PLINSTATUS":"Operating"}},{"type":"Feature","geometry":{"type":"Point","coordinates":[-112.1945,52.80603]},"properties":{"LICINSTNO":"80484-1","INSTA_LIC":"80484","INSTA_NUM":"1","INSTA_TYPE":"Meter Station","BA_NAME":"NOVA Gas Transmission Ltd.","POWER":0.0,"PRIME_SORC":null,"INST_LOCAT":"06-24-044-16W4","FLD_CENTRE":"Wainwright","SUBSTANCE1":"Natural Gas","PLINSTATUS":"Operating"}},{"type":"Feature","geometry":{"type":"Point","coordinates":[-110.07482,50.68378]},"properties":{"LICINSTNO":"80485-1","INSTA_LIC":"80485","INSTA_NUM":"1","INSTA_TYPE":"Meter Station","BA_NAME":"NOVA Gas Transmission Ltd.","POWER":0.0,"PRIME_SORC":null,"INST_LOCAT":"09-09-020-01W4","FLD_CENTRE":"Medicine Hat","SUBSTANCE1":"Natural Gas","PLINSTATUS":"Operating"}},{"type":"Feature","geometry":{"type":"Point","coordinates":[-110.79316,53.53307]},"properties":{"LICINSTNO":"80486-1","INSTA_LIC":"80486","INSTA_NUM":"1","INSTA_TYPE":"Meter Station","BA_NAME":"NOVA Gas Transmission Ltd.","POWER":0.0,"PRIME_SORC":null,"INST_LOCAT":"08-34-052-06W4","FLD_CENTRE":"Wainwright","SUBSTANCE1":"Natural Gas","PLINSTATUS":"Operating"}},{"type":"Feature","geometry":{"type":"Point","coordinates":[-113.63238,54.09147]},"properties":{"LICINSTNO":"80487-1","INSTA_LIC":"80487","INSTA_NUM":"1","INSTA_TYPE":"Meter Station","BA_NAME":"NOVA Gas Transmission Ltd.","POWER":0.0,"PRIME_SORC":null,"INST_LOCAT":"15-11-059-25W4","FLD_CENTRE":"Edmonton","SUBSTANCE1":"Natural Gas","PLINSTATUS":"Operating"}},{"type":"Feature","geometry":{"type":"Point","coordinates":[-112.83881,51.87357]},"properties":{"LICINSTNO":"80489-1","INSTA_LIC":"80489","INSTA_NUM":"1","INSTA_TYPE":"Meter Station","BA_NAME":"NOVA Gas Transmission Ltd.","POWER":0.0,"PRIME_SORC":null,"INST_LOCAT":"05-31-033-20W4","FLD_CENTRE":"Red Deer","SUBSTANCE1":"Natural Gas","PLINSTATUS":"Operating"}},{"type":"Feature","geometry":{"type":"Point","coordinates":[-112.36852,51.9577]},"properties":{"LICINSTNO":"80489-3","INSTA_LIC":"80489","INSTA_NUM":"3","INSTA_TYPE":"Meter Station","BA_NAME":"NOVA Gas Transmission Ltd.","POWER":0.0,"PRIME_SORC":null,"INST_LOCAT":"01-32-034-17W4","FLD_CENTRE":"Red Deer","SUBSTANCE1":"Natural Gas","PLINSTATUS":"Operating"}},{"type":"Feature","geometry":{"type":"Point","coordinates":[-112.88614,51.87063]},"properties":{"LICINSTNO":"80489-5","INSTA_LIC":"80489","INSTA_NUM":"5","INSTA_TYPE":"Meter Station","BA_NAME":"NOVA Gas Transmission Ltd.","POWER":0.0,"PRIME_SORC":null,"INST_LOCAT":"04-35-033-21W4","FLD_CENTRE":"Red Deer","SUBSTANCE1":"Natural Gas","PLINSTATUS":"Operating"}},{"type":"Feature","geometry":{"type":"Point","coordinates":[-112.76669,52.06994]},"properties":{"LICINSTNO":"80489-6","INSTA_LIC":"80489","INSTA_NUM":"6","INSTA_TYPE":"Meter Station","BA_NAME":"NOVA Gas Transmission Ltd.","POWER":0.0,"PRIME_SORC":null,"INST_LOCAT":"13-02-036-20W4","FLD_CENTRE":"Red Deer","SUBSTANCE1":"Natural Gas","PLINSTATUS":"Operating"}},{"type":"Feature","geometry":{"type":"Point","coordinates":[-112.63068,51.97113]},"properties":{"LICINSTNO":"80489-7","INSTA_LIC":"80489","INSTA_NUM":"7","INSTA_TYPE":"Meter Station","BA_NAME":"NOVA Gas Transmission Ltd.","POWER":0.0,"PRIME_SORC":null,"INST_LOCAT":"02-03-035-19W4","FLD_CENTRE":"Red Deer","SUBSTANCE1":"Natural Gas","PLINSTATUS":"Operating"}},{"type":"Feature","geometry":{"type":"Point","coordinates":[-114.11002,54.34096]},"properties":{"LICINSTNO":"80490-1","INSTA_LIC":"80490","INSTA_NUM":"1","INSTA_TYPE":"Meter Station","BA_NAME":"NOVA Gas Transmission Ltd.","POWER":0.0,"PRIME_SORC":null,"INST_LOCAT":"15-05-062-01W5","FLD_CENTRE":"Edmonton","SUBSTANCE1":"Natural Gas","PLINSTATUS":"Operating"}},{"type":"Feature","geometry":{"type":"Point","coordinates":[-112.95383,51.023]},"properties":{"LICINSTNO":"80491-1","INSTA_LIC":"80491","INSTA_NUM":"1","INSTA_TYPE":"Meter Station","BA_NAME":"NOVA Gas Transmission Ltd.","POWER":0.0,"PRIME_SORC":null,"INST_LOCAT":"13-01-024-22W4","FLD_CENTRE":"Calgary","SUBSTANCE1":"Natural Gas","PLINSTATUS":"Operating"}},{"type":"Feature","geometry":{"type":"Point","coordinates":[-114.75067,51.85527]},"properties":{"LICINSTNO":"80492-1","INSTA_LIC":"80492","INSTA_NUM":"1","INSTA_TYPE":"Meter Station","BA_NAME":"NOVA Gas Transmission Ltd.","POWER":0.0,"PRIME_SORC":null,"INST_LOCAT":"03-26-033-06W5","FLD_CENTRE":"Red Deer","SUBSTANCE1":"Natural Gas","PLINSTATUS":"Operating"}},{"type":"Feature","geometry":{"type":"Point","coordinates":[-118.36825,58.12799]},"properties":{"LICINSTNO":"80497-1","INSTA_LIC":"80497","INSTA_NUM":"1","INSTA_TYPE":"Meter Station","BA_NAME":"NOVA Gas Transmission Ltd.","POWER":0.0,"PRIME_SORC":null,"INST_LOCAT":"07-23-105-03W6","FLD_CENTRE":"Grande Prairie","SUBSTANCE1":"Natural Gas","PLINSTATUS":"Operating"}},{"type":"Feature","geometry":{"type":"Point","coordinates":[-110.57601,54.76956]},"properties":{"LICINSTNO":"80498-1","INSTA_LIC":"80498","INSTA_NUM":"1","INSTA_TYPE":"Meter Station","BA_NAME":"NOVA Gas Transmission Ltd.","POWER":0.0,"PRIME_SORC":null,"INST_LOCAT":"07-05-067-04W4","FLD_CENTRE":"Bonnyville","SUBSTANCE1":"Natural Gas","PLINSTATUS":"Operating"}},{"type":"Feature","geometry":{"type":"Point","coordinates":[-112.90057,57.20107]},"properties":{"LICINSTNO":"80500-1","INSTA_LIC":"80500","INSTA_NUM":"1","INSTA_TYPE":"Meter Station","BA_NAME":"NOVA Gas Transmission Ltd.","POWER":0.0,"PRIME_SORC":null,"INST_LOCAT":"12-31-094-18W4","FLD_CENTRE":"Fort McMurray","SUBSTANCE1":"Natural Gas","PLINSTATUS":"Operating"}},{"type":"Feature","geometry":{"type":"Point","coordinates":[-112.90078,57.20109]},"properties":{"LICINSTNO":"80500-2","INSTA_LIC":"80500","INSTA_NUM":"2","INSTA_TYPE":"Meter Station","BA_NAME":"NOVA Gas Transmission Ltd.","POWER":0.0,"PRIME_SORC":null,"INST_LOCAT":"12-31-094-18W4","FLD_CENTRE":"Fort McMurray","SUBSTANCE1":"Natural Gas","PLINSTATUS":"Operating"}},{"type":"Feature","geometry":{"type":"Point","coordinates":[-113.15211,57.02196]},"properties":{"LICINSTNO":"80500-3","INSTA_LIC":"80500","INSTA_NUM":"3","INSTA_TYPE":"Meter Station","BA_NAME":"NOVA Gas Transmission Ltd.","POWER":0.0,"PRIME_SORC":null,"INST_LOCAT":"07-33-092-20W4","FLD_CENTRE":"Fort McMurray","SUBSTANCE1":"Natural Gas","PLINSTATUS":"Operating"}},{"type":"Feature","geometry":{"type":"Point","coordinates":[-112.3903,51.72205]},"properties":{"LICINSTNO":"80501-1","INSTA_LIC":"80501","INSTA_NUM":"1","INSTA_TYPE":"Meter Station","BA_NAME":"NOVA Gas Transmission Ltd.","POWER":0.0,"PRIME_SORC":null,"INST_LOCAT":"04-08-032-17W4","FLD_CENTRE":"Medicine Hat","SUBSTANCE1":"Natural Gas","PLINSTATUS":"Operating"}},{"type":"Feature","geometry":{"type":"Point","coordinates":[-112.46774,51.73971]},"properties":{"LICINSTNO":"80501-2","INSTA_LIC":"80501","INSTA_NUM":"2","INSTA_TYPE":"Meter Station","BA_NAME":"NOVA Gas Transmission Ltd.","POWER":0.0,"PRIME_SORC":null,"INST_LOCAT":"02-15-032-18W4","FLD_CENTRE":"Medicine Hat","SUBSTANCE1":"Natural Gas","PLINSTATUS":"Operating"}},{"type":"Feature","geometry":{"type":"Point","coordinates":[-112.55768,51.73737]},"properties":{"LICINSTNO":"80501-3","INSTA_LIC":"80501","INSTA_NUM":"3","INSTA_TYPE":"Meter Station","BA_NAME":"NOVA Gas Transmission Ltd.","POWER":0.0,"PRIME_SORC":null,"INST_LOCAT":"01-13-032-19W4","FLD_CENTRE":"Medicine Hat","SUBSTANCE1":"Natural Gas","PLINSTATUS":"Operating"}},{"type":"Feature","geometry":{"type":"Point","coordinates":[-113.29287,56.73689]},"properties":{"LICINSTNO":"80502-1","INSTA_LIC":"80502","INSTA_NUM":"1","INSTA_TYPE":"Meter Station","BA_NAME":"NOVA Gas Transmission Ltd.","POWER":0.0,"PRIME_SORC":null,"INST_LOCAT":"14-21-089-21W4","FLD_CENTRE":"Fort McMurray","SUBSTANCE1":"Natural Gas","PLINSTATUS":"Operating"}},{"type":"Feature","geometry":{"type":"Point","coordinates":[-113.29145,56.7365]},"properties":{"LICINSTNO":"80502-2","INSTA_LIC":"80502","INSTA_NUM":"2","INSTA_TYPE":"Meter Station","BA_NAME":"NOVA Gas Transmission Ltd.","POWER":0.0,"PRIME_SORC":null,"INST_LOCAT":"11-21-089-21W4","FLD_CENTRE":"Fort McMurray","SUBSTANCE1":"Natural Gas","PLINSTATUS":"Operating"}},{"type":"Feature","geometry":{"type":"Point","coordinates":[-118.80868,58.57762]},"properties":{"LICINSTNO":"80503-1","INSTA_LIC":"80503","INSTA_NUM":"1","INSTA_TYPE":"Meter Station","BA_NAME":"NOVA Gas Transmission Ltd.","POWER":0.0,"PRIME_SORC":null,"INST_LOCAT":"05-29-110-05W6","FLD_CENTRE":"Grande Prairie","SUBSTANCE1":"Natural Gas","PLINSTATUS":"Operating"}},{"type":"Feature","geometry":{"type":"Point","coordinates":[-118.56635,56.81937]},"properties":{"LICINSTNO":"80504-1","INSTA_LIC":"80504","INSTA_NUM":"1","INSTA_TYPE":"Meter Station","BA_NAME":"NOVA Gas Transmission Ltd.","POWER":0.0,"PRIME_SORC":null,"INST_LOCAT":"07-21-090-04W6","FLD_CENTRE":"Grande Prairie","SUBSTANCE1":"Natural Gas","PLINSTATUS":"Operating"}},{"type":"Feature","geometry":{"type":"Point","coordinates":[-118.27728,56.8369]},"properties":{"LICINSTNO":"80504-2","INSTA_LIC":"80504","INSTA_NUM":"2","INSTA_TYPE":"Meter Station","BA_NAME":"NOVA Gas Transmission Ltd.","POWER":0.0,"PRIME_SORC":null,"INST_LOCAT":"10-29-090-02W6","FLD_CENTRE":"Grande Prairie","SUBSTANCE1":"Natural Gas","PLINSTATUS":"Operating"}},{"type":"Feature","geometry":{"type":"Point","coordinates":[-110.9202,49.78191]},"properties":{"LICINSTNO":"80505-3","INSTA_LIC":"80505","INSTA_NUM":"3","INSTA_TYPE":"Meter Station","BA_NAME":"NOVA Gas Transmission Ltd.","POWER":0.0,"PRIME_SORC":null,"INST_LOCAT":"11-32-009-07W4","FLD_CENTRE":"Medicine Hat","SUBSTANCE1":"Natural Gas","PLINSTATUS":"Operating"}},{"type":"Feature","geometry":{"type":"Point","coordinates":[-110.80183,49.97172]},"properties":{"LICINSTNO":"80505-7","INSTA_LIC":"80505","INSTA_NUM":"7","INSTA_TYPE":"Meter Station","BA_NAME":"NOVA Gas Transmission Ltd.","POWER":0.0,"PRIME_SORC":null,"INST_LOCAT":"16-06-012-06W4","FLD_CENTRE":"Medicine Hat","SUBSTANCE1":"Natural Gas","PLINSTATUS":"Operating"}},{"type":"Feature","geometry":{"type":"Point","coordinates":[-110.72647,50.04083]},"properties":{"LICINSTNO":"80505-8","INSTA_LIC":"80505","INSTA_NUM":"8","INSTA_TYPE":"Meter Station","BA_NAME":"NOVA Gas Transmission Ltd.","POWER":0.0,"PRIME_SORC":null,"INST_LOCAT":"11-35-012-06W4","FLD_CENTRE":"Medicine Hat","SUBSTANCE1":"Natural Gas","PLINSTATUS":"Operating"}},{"type":"Feature","geometry":{"type":"Point","coordinates":[-110.73012,50.05899]},"properties":{"LICINSTNO":"80505-10","INSTA_LIC":"80505","INSTA_NUM":"10","INSTA_TYPE":"Meter Station","BA_NAME":"NOVA Gas Transmission Ltd.","POWER":0.0,"PRIME_SORC":null,"INST_LOCAT":"13-02-013-06W4","FLD_CENTRE":"Medicine Hat","SUBSTANCE1":"Natural Gas","PLINSTATUS":"Operating"}},{"type":"Feature","geometry":{"type":"Point","coordinates":[-110.73012,50.05897]},"properties":{"LICINSTNO":"80505-11","INSTA_LIC":"80505","INSTA_NUM":"11","INSTA_TYPE":"Meter Station","BA_NAME":"NOVA Gas Transmission Ltd.","POWER":0.0,"PRIME_SORC":null,"INST_LOCAT":"13-02-013-06W4","FLD_CENTRE":"Medicine Hat","SUBSTANCE1":"Natural Gas","PLINSTATUS":"Operating"}},{"type":"Feature","geometry":{"type":"Point","coordinates":[-111.01264,49.50147]},"properties":{"LICINSTNO":"80505-12","INSTA_LIC":"80505","INSTA_NUM":"12","INSTA_TYPE":"Meter Station","BA_NAME":"NOVA Gas Transmission Ltd.","POWER":0.0,"PRIME_SORC":null,"INST_LOCAT":"05-27-006-08W4","FLD_CENTRE":"Medicine Hat","SUBSTANCE1":"Natural Gas","PLINSTATUS":"Operating"}},{"type":"Feature","geometry":{"type":"Point","coordinates":[-110.8866,49.8368]},"properties":{"LICINSTNO":"80505-13","INSTA_LIC":"80505","INSTA_NUM":"13","INSTA_TYPE":"Meter Station","BA_NAME":"NOVA Gas Transmission Ltd.","POWER":0.0,"PRIME_SORC":null,"INST_LOCAT":"08-21-010-07W4","FLD_CENTRE":"Medicine Hat","SUBSTANCE1":"Natural Gas","PLINSTATUS":"Operating"}},{"type":"Feature","geometry":{"type":"Point","coordinates":[-114.87136,52.48302]},"properties":{"LICINSTNO":"80506-1","INSTA_LIC":"80506","INSTA_NUM":"1","INSTA_TYPE":"Meter Station","BA_NAME":"NOVA Gas Transmission Ltd.","POWER":0.0,"PRIME_SORC":null,"INST_LOCAT":"02-36-040-07W5","FLD_CENTRE":"Red Deer","SUBSTANCE1":"Natural Gas","PLINSTATUS":"Operating"}},{"type":"Feature","geometry":{"type":"Point","coordinates":[-115.52249,54.56731]},"properties":{"LICINSTNO":"80507-1","INSTA_LIC":"80507","INSTA_NUM":"1","INSTA_TYPE":"Meter Station","BA_NAME":"NOVA Gas Transmission Ltd.","POWER":0.0,"PRIME_SORC":null,"INST_LOCAT":"10-25-064-11W5","FLD_CENTRE":"Edmonton","SUBSTANCE1":"Natural Gas","PLINSTATUS":"Operating"}},{"type":"Feature","geometry":{"type":"Point","coordinates":[-114.82279,52.47177]},"properties":{"LICINSTNO":"80508-1","INSTA_LIC":"80508","INSTA_NUM":"1","INSTA_TYPE":"Meter Station","BA_NAME":"NOVA Gas Transmission Ltd.","POWER":0.0,"PRIME_SORC":null,"INST_LOCAT":"08-29-040-06W5","FLD_CENTRE":"Red Deer","SUBSTANCE1":"Natural Gas","PLINSTATUS":"Operating"}},{"type":"Feature","geometry":{"type":"Point","coordinates":[-112.63764,54.73355]},"properties":{"LICINSTNO":"80509-1","INSTA_LIC":"80509","INSTA_NUM":"1","INSTA_TYPE":"Meter Station","BA_NAME":"NOVA Gas Transmission Ltd.","POWER":0.0,"PRIME_SORC":null,"INST_LOCAT":"02-27-066-18W4","FLD_CENTRE":"Edmonton","SUBSTANCE1":"Natural Gas","PLINSTATUS":"Operating"}},{"type":"Feature","geometry":{"type":"Point","coordinates":[-110.72603,54.69456]},"properties":{"LICINSTNO":"80510-1","INSTA_LIC":"80510","INSTA_NUM":"1","INSTA_TYPE":"Meter Station","BA_NAME":"NOVA Gas Transmission Ltd.","POWER":0.0,"PRIME_SORC":null,"INST_LOCAT":"06-08-066-05W4","FLD_CENTRE":"Bonnyville","SUBSTANCE1":"Natural Gas","PLINSTATUS":"Operating"}},{"type":"Feature","geometry":{"type":"Point","coordinates":[-110.57671,54.76906]},"properties":{"LICINSTNO":"80510-5","INSTA_LIC":"80510","INSTA_NUM":"5","INSTA_TYPE":"Meter Station","BA_NAME":"NOVA Gas Transmission Ltd.","POWER":0.0,"PRIME_SORC":null,"INST_LOCAT":"07-05-067-04W4","FLD_CENTRE":"Bonnyville","SUBSTANCE1":"Natural Gas","PLINSTATUS":"Operating"}},{"type":"Feature","geometry":{"type":"Point","coordinates":[-111.58804,54.64089]},"properties":{"LICINSTNO":"80510-6","INSTA_LIC":"80510","INSTA_NUM":"6","INSTA_TYPE":"Meter Station","BA_NAME":"NOVA Gas Transmission Ltd.","POWER":0.0,"PRIME_SORC":null,"INST_LOCAT":"12-22-065-11W4","FLD_CENTRE":"Bonnyville","SUBSTANCE1":"Natural Gas","PLINSTATUS":"Operating"}},{"type":"Feature","geometry":{"type":"Point","coordinates":[-110.56838,54.66579]},"properties":{"LICINSTNO":"80510-7","INSTA_LIC":"80510","INSTA_NUM":"7","INSTA_TYPE":"Meter Station","BA_NAME":"NOVA Gas Transmission Ltd.","POWER":0.0,"PRIME_SORC":null,"INST_LOCAT":"07-32-065-04W4","FLD_CENTRE":"Bonnyville","SUBSTANCE1":"Natural Gas","PLINSTATUS":"Operating"}},{"type":"Feature","geometry":{"type":"Point","coordinates":[-113.91652,54.40542]},"properties":{"LICINSTNO":"80512-1","INSTA_LIC":"80512","INSTA_NUM":"1","INSTA_TYPE":"Meter Station","BA_NAME":"NOVA Gas Transmission Ltd.","POWER":0.0,"PRIME_SORC":null,"INST_LOCAT":"06-36-062-27W4","FLD_CENTRE":"Edmonton","SUBSTANCE1":"Natural Gas","PLINSTATUS":"Operating"}},{"type":"Feature","geometry":{"type":"Point","coordinates":[-114.70651,52.40631]},"properties":{"LICINSTNO":"80513-1","INSTA_LIC":"80513","INSTA_NUM":"1","INSTA_TYPE":"Meter Station","BA_NAME":"NOVA Gas Transmission Ltd.","POWER":0.0,"PRIME_SORC":null,"INST_LOCAT":"15-31-039-05W5","FLD_CENTRE":"Red Deer","SUBSTANCE1":"Natural Gas","PLINSTATUS":"Operating"}},{"type":"Feature","geometry":{"type":"Point","coordinates":[-113.10212,56.83443]},"properties":{"LICINSTNO":"80514-1","INSTA_LIC":"80514","INSTA_NUM":"1","INSTA_TYPE":"Meter Station","BA_NAME":"NOVA Gas Transmission Ltd.","POWER":0.0,"PRIME_SORC":null,"INST_LOCAT":"07-27-090-20W4","FLD_CENTRE":"Fort McMurray","SUBSTANCE1":"Natural Gas","PLINSTATUS":"Operating"}},{"type":"Feature","geometry":{"type":"Point","coordinates":[-112.30942,56.30228]},"properties":{"LICINSTNO":"80517-1","INSTA_LIC":"80517","INSTA_NUM":"1","INSTA_TYPE":"Meter Station","BA_NAME":"NOVA Gas Transmission Ltd.","POWER":0.0,"PRIME_SORC":null,"INST_LOCAT":"15-21-084-15W4","FLD_CENTRE":"Bonnyville","SUBSTANCE1":"Natural Gas","PLINSTATUS":"Operating"}},{"type":"Feature","geometry":{"type":"Point","coordinates":[-117.18847,56.37496]},"properties":{"LICINSTNO":"80518-3","INSTA_LIC":"80518","INSTA_NUM":"3","INSTA_TYPE":"Meter Station","BA_NAME":"NOVA Gas Transmission Ltd.","POWER":0.0,"PRIME_SORC":null,"INST_LOCAT":"13-13-085-21W5","FLD_CENTRE":"Grande Prairie","SUBSTANCE1":"Natural Gas","PLINSTATUS":"Operating"}},{"type":"Feature","geometry":{"type":"Point","coordinates":[-116.79589,56.38521]},"properties":{"LICINSTNO":"80518-4","INSTA_LIC":"80518","INSTA_NUM":"4","INSTA_TYPE":"Meter Station","BA_NAME":"NOVA Gas Transmission Ltd.","POWER":0.0,"PRIME_SORC":null,"INST_LOCAT":"09-20-085-18W5","FLD_CENTRE":"Grande Prairie","SUBSTANCE1":"Natural Gas","PLINSTATUS":"Operating"}},{"type":"Feature","geometry":{"type":"Point","coordinates":[-116.80577,53.50079]},"properties":{"LICINSTNO":"80519-1","INSTA_LIC":"80519","INSTA_NUM":"1","INSTA_TYPE":"Meter Station","BA_NAME":"NOVA Gas Transmission Ltd.","POWER":0.0,"PRIME_SORC":null,"INST_LOCAT":"01-24-052-20W5","FLD_CENTRE":"Drayton Valley","SUBSTANCE1":"Natural Gas","PLINSTATUS":"Operating"}},{"type":"Feature","geometry":{"type":"Point","coordinates":[-116.80577,53.50079]},"properties":{"LICINSTNO":"80519-2","INSTA_LIC":"80519","INSTA_NUM":"2","INSTA_TYPE":"Meter Station","BA_NAME":"NOVA Gas Transmission Ltd.","POWER":0.0,"PRIME_SORC":null,"INST_LOCAT":"08-24-052-20W5","FLD_CENTRE":"Drayton Valley","SUBSTANCE1":"Natural Gas","PLINSTATUS":"Operating"}},{"type":"Feature","geometry":{"type":"Point","coordinates":[-119.21861,55.33868]},"properties":{"LICINSTNO":"80520-1","INSTA_LIC":"80520","INSTA_NUM":"1","INSTA_TYPE":"Meter Station","BA_NAME":"NOVA Gas Transmission Ltd.","POWER":0.0,"PRIME_SORC":null,"INST_LOCAT":"11-19-073-08W6","FLD_CENTRE":"Grande Prairie","SUBSTANCE1":"Natural Gas","PLINSTATUS":"Operating"}},{"type":"Feature","geometry":{"type":"Point","coordinates":[-119.21858,55.33842]},"properties":{"LICINSTNO":"80520-2","INSTA_LIC":"80520","INSTA_NUM":"2","INSTA_TYPE":"Meter Station","BA_NAME":"NOVA Gas Transmission Ltd.","POWER":0.0,"PRIME_SORC":null,"INST_LOCAT":"11-19-073-08W6","FLD_CENTRE":"Grande Prairie","SUBSTANCE1":"Natural Gas","PLINSTATUS":"Operating"}},{"type":"Feature","geometry":{"type":"Point","coordinates":[-112.85093,56.61227]},"properties":{"LICINSTNO":"80523-1","INSTA_LIC":"80523","INSTA_NUM":"1","INSTA_TYPE":"Meter Station","BA_NAME":"NOVA Gas Transmission Ltd.","POWER":0.0,"PRIME_SORC":null,"INST_LOCAT":"01-07-088-18W4","FLD_CENTRE":"Fort McMurray","SUBSTANCE1":"Natural Gas","PLINSTATUS":"Operating"}},{"type":"Feature","geometry":{"type":"Point","coordinates":[-112.6116,50.5588]},"properties":{"LICINSTNO":"80524-1","INSTA_LIC":"80524","INSTA_NUM":"1","INSTA_TYPE":"Meter Station","BA_NAME":"NOVA Gas Transmission Ltd.","POWER":0.0,"PRIME_SORC":null,"INST_LOCAT":"04-31-018-19W4","FLD_CENTRE":"Calgary","SUBSTANCE1":"Natural Gas","PLINSTATUS":"Operating"}},{"type":"Feature","geometry":{"type":"Point","coordinates":[-112.45146,50.49731]},"properties":{"LICINSTNO":"80524-2","INSTA_LIC":"80524","INSTA_NUM":"2","INSTA_TYPE":"Meter Station","BA_NAME":"NOVA Gas Transmission Ltd.","POWER":0.0,"PRIME_SORC":null,"INST_LOCAT":"13-05-018-18W4","FLD_CENTRE":"Calgary","SUBSTANCE1":"Natural Gas","PLINSTATUS":"Operating"}},{"type":"Feature","geometry":{"type":"Point","coordinates":[-119.79026,55.89229]},"properties":{"LICINSTNO":"80525-1","INSTA_LIC":"80525","INSTA_NUM":"1","INSTA_TYPE":"Meter Station","BA_NAME":"NOVA Gas Transmission Ltd.","POWER":0.0,"PRIME_SORC":null,"INST_LOCAT":"11-34-079-12W6","FLD_CENTRE":"Grande Prairie","SUBSTANCE1":"Natural Gas","PLINSTATUS":"Operating"}},{"type":"Feature","geometry":{"type":"Point","coordinates":[-111.92884,54.91683]},"properties":{"LICINSTNO":"80526-1","INSTA_LIC":"80526","INSTA_NUM":"1","INSTA_TYPE":"Meter Station","BA_NAME":"NOVA Gas Transmission Ltd.","POWER":0.0,"PRIME_SORC":null,"INST_LOCAT":"11-28-068-13W4","FLD_CENTRE":"Bonnyville","SUBSTANCE1":"Natural Gas","PLINSTATUS":"Operating"}},{"type":"Feature","geometry":{"type":"Point","coordinates":[-112.12689,55.89118]},"properties":{"LICINSTNO":"80527-1","INSTA_LIC":"80527","INSTA_NUM":"1","INSTA_TYPE":"Meter Station","BA_NAME":"NOVA Gas Transmission Ltd.","POWER":0.0,"PRIME_SORC":null,"INST_LOCAT":"10-33-079-14W4","FLD_CENTRE":"Bonnyville","SUBSTANCE1":"Natural Gas","PLINSTATUS":"Operating"}},{"type":"Feature","geometry":{"type":"Point","coordinates":[-112.22407,51.69214]},"properties":{"LICINSTNO":"80529-1","INSTA_LIC":"80529","INSTA_NUM":"1","INSTA_TYPE":"Meter Station","BA_NAME":"NOVA Gas Transmission Ltd.","POWER":0.0,"PRIME_SORC":null,"INST_LOCAT":"13-28-031-16W4","FLD_CENTRE":"Medicine Hat","SUBSTANCE1":"Natural Gas","PLINSTATUS":"Operating"}},{"type":"Feature","geometry":{"type":"Point","coordinates":[-112.84311,54.16221]},"properties":{"LICINSTNO":"80531-1","INSTA_LIC":"80531","INSTA_NUM":"1","INSTA_TYPE":"Meter Station","BA_NAME":"NOVA Gas Transmission Ltd.","POWER":0.0,"PRIME_SORC":null,"INST_LOCAT":"11-06-060-19W4","FLD_CENTRE":"Edmonton","SUBSTANCE1":"Natural Gas","PLINSTATUS":"Operating"}},{"type":"Feature","geometry":{"type":"Point","coordinates":[-119.46394,55.34322]},"properties":{"LICINSTNO":"80533-1","INSTA_LIC":"80533","INSTA_NUM":"1","INSTA_TYPE":"Meter Station","BA_NAME":"NOVA Gas Transmission Ltd.","POWER":0.0,"PRIME_SORC":null,"INST_LOCAT":"16-21-073-10W6","FLD_CENTRE":"Grande Prairie","SUBSTANCE1":"Natural Gas","PLINSTATUS":"Operating"}},{"type":"Feature","geometry":{"type":"Point","coordinates":[-118.7603,56.56025]},"properties":{"LICINSTNO":"80534-1","INSTA_LIC":"80534","INSTA_NUM":"1","INSTA_TYPE":"Meter Station","BA_NAME":"NOVA Gas Transmission Ltd.","POWER":0.0,"PRIME_SORC":null,"INST_LOCAT":"11-20-087-05W6","FLD_CENTRE":"Grande Prairie","SUBSTANCE1":"Natural Gas","PLINSTATUS":"Operating"}},{"type":"Feature","geometry":{"type":"Point","coordinates":[-116.79578,56.38453]},"properties":{"LICINSTNO":"80535-1","INSTA_LIC":"80535","INSTA_NUM":"1","INSTA_TYPE":"Meter Station","BA_NAME":"NOVA Gas Transmission Ltd.","POWER":0.0,"PRIME_SORC":null,"INST_LOCAT":"08-20-085-18W5","FLD_CENTRE":"Slave Lake","SUBSTANCE1":"Natural Gas","PLINSTATUS":"Operating"}},{"type":"Feature","geometry":{"type":"Point","coordinates":[-117.16146,56.38632]},"properties":{"LICINSTNO":"80535-2","INSTA_LIC":"80535","INSTA_NUM":"2","INSTA_TYPE":"Meter Station","BA_NAME":"NOVA Gas Transmission Ltd.","POWER":0.0,"PRIME_SORC":null,"INST_LOCAT":"12-19-085-20W5","FLD_CENTRE":"Slave Lake","SUBSTANCE1":"Natural Gas","PLINSTATUS":"Operating"}},{"type":"Feature","geometry":{"type":"Point","coordinates":[-110.82508,55.90637]},"properties":{"LICINSTNO":"80538-1","INSTA_LIC":"80538","INSTA_NUM":"1","INSTA_TYPE":"Meter Station","BA_NAME":"NOVA Gas Transmission Ltd.","POWER":0.0,"PRIME_SORC":null,"INST_LOCAT":"10-02-080-06W4","FLD_CENTRE":"Bonnyville","SUBSTANCE1":"Natural Gas","PLINSTATUS":"Operating"}},{"type":"Feature","geometry":{"type":"Point","coordinates":[-115.99774,53.83264]},"properties":{"LICINSTNO":"80540-1","INSTA_LIC":"80540","INSTA_NUM":"1","INSTA_TYPE":"Meter Station","BA_NAME":"NOVA Gas Transmission Ltd.","POWER":0.0,"PRIME_SORC":null,"INST_LOCAT":"03-15-056-14W5","FLD_CENTRE":"Drayton Valley","SUBSTANCE1":"Natural Gas","PLINSTATUS":"Operating"}},{"type":"Feature","geometry":{"type":"Point","coordinates":[-119.83444,55.91653]},"properties":{"LICINSTNO":"80541-1","INSTA_LIC":"80541","INSTA_NUM":"1","INSTA_TYPE":"Meter Station","BA_NAME":"NOVA Gas Transmission Ltd.","POWER":0.0,"PRIME_SORC":null,"INST_LOCAT":"07-08-080-12W6","FLD_CENTRE":"Grande Prairie","SUBSTANCE1":"Natural Gas","PLINSTATUS":"Operating"}},{"type":"Feature","geometry":{"type":"Point","coordinates":[-113.01876,56.84197]},"properties":{"LICINSTNO":"80542-1","INSTA_LIC":"80542","INSTA_NUM":"1","INSTA_TYPE":"Meter Station","BA_NAME":"NOVA Gas Transmission Ltd.","POWER":0.0,"PRIME_SORC":null,"INST_LOCAT":"15-30-090-19W4","FLD_CENTRE":"Fort McMurray","SUBSTANCE1":"Natural Gas","PLINSTATUS":"Operating"}},{"type":"Feature","geometry":{"type":"Point","coordinates":[-116.84127,54.20494]},"properties":{"LICINSTNO":"80543-1","INSTA_LIC":"80543","INSTA_NUM":"1","INSTA_TYPE":"Meter Station","BA_NAME":"NOVA Gas Transmission Ltd.","POWER":0.0,"PRIME_SORC":null,"INST_LOCAT":"11-19-060-19W5","FLD_CENTRE":"Edmonton","SUBSTANCE1":"Natural Gas","PLINSTATUS":"Operating"}},{"type":"Feature","geometry":{"type":"Point","coordinates":[-116.77314,53.68867]},"properties":{"LICINSTNO":"80544-1","INSTA_LIC":"80544","INSTA_NUM":"1","INSTA_TYPE":"Meter Station","BA_NAME":"NOVA Gas Transmission Ltd.","POWER":0.0,"PRIME_SORC":null,"INST_LOCAT":"04-29-054-19W5","FLD_CENTRE":"Drayton Valley","SUBSTANCE1":"Natural Gas","PLINSTATUS":"Operating"}},{"type":"Feature","geometry":{"type":"Point","coordinates":[-118.83342,55.71618]},"properties":{"LICINSTNO":"80546-1","INSTA_LIC":"80546","INSTA_NUM":"1","INSTA_TYPE":"Meter Station","BA_NAME":"NOVA Gas Transmission Ltd.","POWER":0.0,"PRIME_SORC":null,"INST_LOCAT":"09-34-077-06W6","FLD_CENTRE":"Grande Prairie","SUBSTANCE1":"Natural Gas","PLINSTATUS":"Operating"}},{"type":"Feature","geometry":{"type":"Point","coordinates":[-118.77737,55.69932]},"properties":{"LICINSTNO":"80547-1","INSTA_LIC":"80547","INSTA_NUM":"1","INSTA_TYPE":"Meter Station","BA_NAME":"NOVA Gas Transmission Ltd.","POWER":0.0,"PRIME_SORC":null,"INST_LOCAT":"08-25-077-06W6","FLD_CENTRE":"Grande Prairie","SUBSTANCE1":"Natural Gas","PLINSTATUS":"Operating"}},{"type":"Feature","geometry":{"type":"Point","coordinates":[-114.51141,52.72012]},"properties":{"LICINSTNO":"80548-1","INSTA_LIC":"80548","INSTA_NUM":"1","INSTA_TYPE":"Meter Station","BA_NAME":"NOVA Gas Transmission Ltd.","POWER":0.0,"PRIME_SORC":null,"INST_LOCAT":"09-21-043-04W5","FLD_CENTRE":"Red Deer","SUBSTANCE1":"Natural Gas","PLINSTATUS":"Operating"}},{"type":"Feature","geometry":{"type":"Point","coordinates":[-115.71633,53.69044]},"properties":{"LICINSTNO":"80549-1","INSTA_LIC":"80549","INSTA_NUM":"1","INSTA_TYPE":"Meter Station","BA_NAME":"NOVA Gas Transmission Ltd.","POWER":0.0,"PRIME_SORC":null,"INST_LOCAT":"05-28-054-12W5","FLD_CENTRE":"Drayton Valley","SUBSTANCE1":"Natural Gas","PLINSTATUS":"Operating"}},{"type":"Feature","geometry":{"type":"Point","coordinates":[-115.60775,53.72989]},"properties":{"LICINSTNO":"80549-2","INSTA_LIC":"80549","INSTA_NUM":"2","INSTA_TYPE":"Meter Station","BA_NAME":"NOVA Gas Transmission Ltd.","POWER":0.0,"PRIME_SORC":null,"INST_LOCAT":"13-05-055-11W5","FLD_CENTRE":"Drayton Valley","SUBSTANCE1":"Natural Gas","PLINSTATUS":"Operating"}},{"type":"Feature","geometry":{"type":"Point","coordinates":[-119.71647,55.86411]},"properties":{"LICINSTNO":"80550-1","INSTA_LIC":"80550","INSTA_NUM":"1","INSTA_TYPE":"Meter Station","BA_NAME":"NOVA Gas Transmission Ltd.","POWER":0.0,"PRIME_SORC":null,"INST_LOCAT":"12-19-079-11W6","FLD_CENTRE":"Grande Prairie","SUBSTANCE1":"Natural Gas","PLINSTATUS":"Operating"}},{"type":"Feature","geometry":{"type":"Point","coordinates":[-113.08424,50.67469]},"properties":{"LICINSTNO":"80552-1","INSTA_LIC":"80552","INSTA_NUM":"1","INSTA_TYPE":"Meter Station","BA_NAME":"NOVA Gas Transmission Ltd.","POWER":0.0,"PRIME_SORC":null,"INST_LOCAT":"02-11-020-23W4","FLD_CENTRE":"Calgary","SUBSTANCE1":"Natural Gas","PLINSTATUS":"Operating"}},{"type":"Feature","geometry":{"type":"Point","coordinates":[-116.70614,53.94406]},"properties":{"LICINSTNO":"80553-1","INSTA_LIC":"80553","INSTA_NUM":"1","INSTA_TYPE":"Meter Station","BA_NAME":"NOVA Gas Transmission Ltd.","POWER":0.0,"PRIME_SORC":null,"INST_LOCAT":"09-23-057-19W5","FLD_CENTRE":"Drayton Valley","SUBSTANCE1":"Natural Gas","PLINSTATUS":"Operating"}},{"type":"Feature","geometry":{"type":"Point","coordinates":[-110.49325,54.35487]},"properties":{"LICINSTNO":"80554-1","INSTA_LIC":"80554","INSTA_NUM":"1","INSTA_TYPE":"Meter Station","BA_NAME":"NOVA Gas Transmission Ltd.","POWER":0.0,"PRIME_SORC":null,"INST_LOCAT":"14-11-062-04W4","FLD_CENTRE":"Bonnyville","SUBSTANCE1":"Natural Gas","PLINSTATUS":"Operating"}},{"type":"Feature","geometry":{"type":"Point","coordinates":[-119.33607,56.01901]},"properties":{"LICINSTNO":"80556-1","INSTA_LIC":"80556","INSTA_NUM":"1","INSTA_TYPE":"Meter Station","BA_NAME":"NOVA Gas Transmission Ltd.","POWER":0.0,"PRIME_SORC":null,"INST_LOCAT":"08-16-081-09W6","FLD_CENTRE":"Grande Prairie","SUBSTANCE1":"Natural Gas","PLINSTATUS":"Operating"}},{"type":"Feature","geometry":{"type":"Point","coordinates":[-111.35449,51.21393]},"properties":{"LICINSTNO":"80557-1","INSTA_LIC":"80557","INSTA_NUM":"1","INSTA_TYPE":"Meter Station","BA_NAME":"NOVA Gas Transmission Ltd.","POWER":0.0,"PRIME_SORC":null,"INST_LOCAT":"01-17-026-10W4","FLD_CENTRE":"Medicine Hat","SUBSTANCE1":"Natural Gas","PLINSTATUS":"Operating"}},{"type":"Feature","geometry":{"type":"Point","coordinates":[-110.00733,53.81646]},"properties":{"LICINSTNO":"80558-1","INSTA_LIC":"80558","INSTA_NUM":"1","INSTA_TYPE":"Meter Station","BA_NAME":"NOVA Gas Transmission Ltd.","POWER":0.0,"PRIME_SORC":null,"INST_LOCAT":"16-01-056-01W4","FLD_CENTRE":"Bonnyville","SUBSTANCE1":"Natural Gas","PLINSTATUS":"Operating"}},{"type":"Feature","geometry":{"type":"Point","coordinates":[-113.48052,56.52598]},"properties":{"LICINSTNO":"80560-7","INSTA_LIC":"80560","INSTA_NUM":"7","INSTA_TYPE":"Meter Station","BA_NAME":"NOVA Gas Transmission Ltd.","POWER":0.0,"PRIME_SORC":null,"INST_LOCAT":"03-08-087-22W4","FLD_CENTRE":"Fort McMurray","SUBSTANCE1":"Natural Gas","PLINSTATUS":"Operating"}},{"type":"Feature","geometry":{"type":"Point","coordinates":[-112.1928,55.78904]},"properties":{"LICINSTNO":"80564-1","INSTA_LIC":"80564","INSTA_NUM":"1","INSTA_TYPE":"Meter Station","BA_NAME":"NOVA Gas Transmission Ltd.","POWER":0.0,"PRIME_SORC":null,"INST_LOCAT":"11-25-078-15W4","FLD_CENTRE":"Bonnyville","SUBSTANCE1":"Natural Gas","PLINSTATUS":"Operating"}},{"type":"Feature","geometry":{"type":"Point","coordinates":[-112.19707,55.741]},"properties":{"LICINSTNO":"80564-2","INSTA_LIC":"80564","INSTA_NUM":"2","INSTA_TYPE":"Meter Station","BA_NAME":"NOVA Gas Transmission Ltd.","POWER":0.0,"PRIME_SORC":null,"INST_LOCAT":"06-12-078-15W4","FLD_CENTRE":"Bonnyville","SUBSTANCE1":"Natural Gas","PLINSTATUS":"Operating"}},{"type":"Feature","geometry":{"type":"Point","coordinates":[-111.96203,55.05371]},"properties":{"LICINSTNO":"80564-4","INSTA_LIC":"80564","INSTA_NUM":"4","INSTA_TYPE":"Meter Station","BA_NAME":"NOVA Gas Transmission Ltd.","POWER":0.0,"PRIME_SORC":null,"INST_LOCAT":"04-17-070-13W4","FLD_CENTRE":"Bonnyville","SUBSTANCE1":"Natural Gas","PLINSTATUS":"Operating"}},{"type":"Feature","geometry":{"type":"Point","coordinates":[-112.13064,55.36541]},"properties":{"LICINSTNO":"80564-5","INSTA_LIC":"80564","INSTA_NUM":"5","INSTA_TYPE":"Meter Station","BA_NAME":"NOVA Gas Transmission Ltd.","POWER":0.0,"PRIME_SORC":null,"INST_LOCAT":"05-32-073-14W4","FLD_CENTRE":"Bonnyville","SUBSTANCE1":"Natural Gas","PLINSTATUS":"Operating"}},{"type":"Feature","geometry":{"type":"Point","coordinates":[-111.9085,50.12962]},"properties":{"LICINSTNO":"80567-1","INSTA_LIC":"80567","INSTA_NUM":"1","INSTA_TYPE":"Meter Station","BA_NAME":"NOVA Gas Transmission Ltd.","POWER":0.0,"PRIME_SORC":null,"INST_LOCAT":"11-31-013-14W4","FLD_CENTRE":"Medicine Hat","SUBSTANCE1":"Natural Gas","PLINSTATUS":"Operating"}},{"type":"Feature","geometry":{"type":"Point","coordinates":[-114.74095,52.18771]},"properties":{"LICINSTNO":"80568-1","INSTA_LIC":"80568","INSTA_NUM":"1","INSTA_TYPE":"Meter Station","BA_NAME":"NOVA Gas Transmission Ltd.","POWER":0.0,"PRIME_SORC":null,"INST_LOCAT":"16-14-037-06W5","FLD_CENTRE":"Red Deer","SUBSTANCE1":"Natural Gas","PLINSTATUS":"Operating"}},{"type":"Feature","geometry":{"type":"Point","coordinates":[-110.58502,51.86663]},"properties":{"LICINSTNO":"80569-1","INSTA_LIC":"80569","INSTA_NUM":"1","INSTA_TYPE":"Meter Station","BA_NAME":"NOVA Gas Transmission Ltd.","POWER":0.0,"PRIME_SORC":null,"INST_LOCAT":"14-25-033-05W4","FLD_CENTRE":"Wainwright","SUBSTANCE1":"Natural Gas","PLINSTATUS":"Operating"}},{"type":"Feature","geometry":{"type":"Point","coordinates":[-116.93217,53.79521]},"properties":{"LICINSTNO":"80570-1","INSTA_LIC":"80570","INSTA_NUM":"1","INSTA_TYPE":"Meter Station","BA_NAME":"NOVA Gas Transmission Ltd.","POWER":0.0,"PRIME_SORC":null,"INST_LOCAT":"07-32-055-20W5","FLD_CENTRE":"Drayton Valley","SUBSTANCE1":"Natural Gas","PLINSTATUS":"Operating"}},{"type":"Feature","geometry":{"type":"Point","coordinates":[-112.45602,51.81579]},"properties":{"LICINSTNO":"80571-1","INSTA_LIC":"80571","INSTA_NUM":"1","INSTA_TYPE":"Meter Station","BA_NAME":"NOVA Gas Transmission Ltd.","POWER":0.0,"PRIME_SORC":null,"INST_LOCAT":"05-11-033-18W4","FLD_CENTRE":"Red Deer","SUBSTANCE1":"Natural Gas","PLINSTATUS":"Operating"}},{"type":"Feature","geometry":{"type":"Point","coordinates":[-110.14512,51.76313]},"properties":{"LICINSTNO":"80575-1","INSTA_LIC":"80575","INSTA_NUM":"1","INSTA_TYPE":"Meter Station","BA_NAME":"NOVA Gas Transmission Ltd.","POWER":0.0,"PRIME_SORC":null,"INST_LOCAT":"13-19-032-01W4","FLD_CENTRE":"Medicine Hat","SUBSTANCE1":"Natural Gas","PLINSTATUS":"Operating"}},{"type":"Feature","geometry":{"type":"Point","coordinates":[-111.38954,50.92192]},"properties":{"LICINSTNO":"80576-1","INSTA_LIC":"80576","INSTA_NUM":"1","INSTA_TYPE":"Meter Station","BA_NAME":"NOVA Gas Transmission Ltd.","POWER":0.0,"PRIME_SORC":null,"INST_LOCAT":"03-06-023-10W4","FLD_CENTRE":"Medicine Hat","SUBSTANCE1":"Natural Gas","PLINSTATUS":"Operating"}},{"type":"Feature","geometry":{"type":"Point","coordinates":[-112.25161,54.41353]},"properties":{"LICINSTNO":"80577-1","INSTA_LIC":"80577","INSTA_NUM":"1","INSTA_TYPE":"Meter Station","BA_NAME":"NOVA Gas Transmission Ltd.","POWER":0.0,"PRIME_SORC":null,"INST_LOCAT":"01-06-063-15W4","FLD_CENTRE":"Bonnyville","SUBSTANCE1":"Natural Gas","PLINSTATUS":"Operating"}},{"type":"Feature","geometry":{"type":"Point","coordinates":[-111.64235,51.73277]},"properties":{"LICINSTNO":"80578-1","INSTA_LIC":"80578","INSTA_NUM":"1","INSTA_TYPE":"Meter Station","BA_NAME":"NOVA Gas Transmission Ltd.","POWER":0.0,"PRIME_SORC":null,"INST_LOCAT":"15-09-032-12W4","FLD_CENTRE":"Medicine Hat","SUBSTANCE1":"Natural Gas","PLINSTATUS":"Operating"}},{"type":"Feature","geometry":{"type":"Point","coordinates":[-110.40163,51.25221]},"properties":{"LICINSTNO":"80579-1","INSTA_LIC":"80579","INSTA_NUM":"1","INSTA_TYPE":"Meter Station","BA_NAME":"NOVA Gas Transmission Ltd.","POWER":0.0,"PRIME_SORC":null,"INST_LOCAT":"09-30-026-03W4","FLD_CENTRE":"Medicine Hat","SUBSTANCE1":"Natural Gas","PLINSTATUS":"Operating"}},{"type":"Feature","geometry":{"type":"Point","coordinates":[-112.73311,49.88264]},"properties":{"LICINSTNO":"80581-1","INSTA_LIC":"80581","INSTA_NUM":"1","INSTA_TYPE":"Meter Station","BA_NAME":"NOVA Gas Transmission Ltd.","POWER":0.0,"PRIME_SORC":null,"INST_LOCAT":"12-06-011-20W4","FLD_CENTRE":"Calgary","SUBSTANCE1":"Natural Gas","PLINSTATUS":"Operating"}},{"type":"Feature","geometry":{"type":"Point","coordinates":[-112.79213,49.92553]},"properties":{"LICINSTNO":"80581-2","INSTA_LIC":"80581","INSTA_NUM":"2","INSTA_TYPE":"Meter Station","BA_NAME":"NOVA Gas Transmission Ltd.","POWER":0.0,"PRIME_SORC":null,"INST_LOCAT":"11-22-011-21W4","FLD_CENTRE":"Calgary","SUBSTANCE1":"Natural Gas","PLINSTATUS":"Operating"}},{"type":"Feature","geometry":{"type":"Point","coordinates":[-119.63089,56.03998]},"properties":{"LICINSTNO":"80583-1","INSTA_LIC":"80583","INSTA_NUM":"1","INSTA_TYPE":"Meter Station","BA_NAME":"NOVA Gas Transmission Ltd.","POWER":0.0,"PRIME_SORC":null,"INST_LOCAT":"15-22-081-11W6","FLD_CENTRE":"Grande Prairie","SUBSTANCE1":"Natural Gas","PLINSTATUS":"Operating"}},{"type":"Feature","geometry":{"type":"Point","coordinates":[-113.28175,57.13501]},"properties":{"LICINSTNO":"80584-1","INSTA_LIC":"80584","INSTA_NUM":"1","INSTA_TYPE":"Meter Station","BA_NAME":"NOVA Gas Transmission Ltd.","POWER":0.0,"PRIME_SORC":null,"INST_LOCAT":"01-10-094-21W4","FLD_CENTRE":"Fort McMurray","SUBSTANCE1":"Natural Gas","PLINSTATUS":"Operating"}},{"type":"Feature","geometry":{"type":"Point","coordinates":[-111.27549,55.68945]},"properties":{"LICINSTNO":"80585-1","INSTA_LIC":"80585","INSTA_NUM":"1","INSTA_TYPE":"Meter Station","BA_NAME":"NOVA Gas Transmission Ltd.","POWER":0.0,"PRIME_SORC":null,"INST_LOCAT":"09-23-077-09W4","FLD_CENTRE":"Bonnyville","SUBSTANCE1":"Natural Gas","PLINSTATUS":"Operating"}},{"type":"Feature","geometry":{"type":"Point","coordinates":[-111.35699,55.84978]},"properties":{"LICINSTNO":"80585-3","INSTA_LIC":"80585","INSTA_NUM":"3","INSTA_TYPE":"Meter Station","BA_NAME":"NOVA Gas Transmission Ltd.","POWER":0.0,"PRIME_SORC":null,"INST_LOCAT":"12-16-079-09W4","FLD_CENTRE":"Bonnyville","SUBSTANCE1":"Natural Gas","PLINSTATUS":"Operating"}},{"type":"Feature","geometry":{"type":"Point","coordinates":[-111.35296,55.99818]},"properties":{"LICINSTNO":"80585-4","INSTA_LIC":"80585","INSTA_NUM":"4","INSTA_TYPE":"Meter Station","BA_NAME":"NOVA Gas Transmission Ltd.","POWER":0.0,"PRIME_SORC":null,"INST_LOCAT":"14-04-081-09W4","FLD_CENTRE":"Bonnyville","SUBSTANCE1":"Natural Gas","PLINSTATUS":"Operating"}},{"type":"Feature","geometry":{"type":"Point","coordinates":[-111.13792,55.93577]},"properties":{"LICINSTNO":"80585-5","INSTA_LIC":"80585","INSTA_NUM":"5","INSTA_TYPE":"Meter Station","BA_NAME":"NOVA Gas Transmission Ltd.","POWER":0.0,"PRIME_SORC":null,"INST_LOCAT":"10-14-080-08W4","FLD_CENTRE":"Bonnyville","SUBSTANCE1":"Natural Gas","PLINSTATUS":"Operating"}},{"type":"Feature","geometry":{"type":"Point","coordinates":[-111.10069,55.65121]},"properties":{"LICINSTNO":"80586-1","INSTA_LIC":"80586","INSTA_NUM":"1","INSTA_TYPE":"Meter Station","BA_NAME":"NOVA Gas Transmission Ltd.","POWER":0.0,"PRIME_SORC":null,"INST_LOCAT":"02-12-077-08W4","FLD_CENTRE":"Bonnyville","SUBSTANCE1":"Natural Gas","PLINSTATUS":"Operating"}},{"type":"Feature","geometry":{"type":"Point","coordinates":[-111.21894,55.43262]},"properties":{"LICINSTNO":"80586-2","INSTA_LIC":"80586","INSTA_NUM":"2","INSTA_TYPE":"Meter Station","BA_NAME":"NOVA Gas Transmission Ltd.","POWER":0.0,"PRIME_SORC":null,"INST_LOCAT":"02-30-074-08W4","FLD_CENTRE":"Bonnyville","SUBSTANCE1":"Natural Gas","PLINSTATUS":"Operating"}},{"type":"Feature","geometry":{"type":"Point","coordinates":[-111.21442,55.38321]},"properties":{"LICINSTNO":"80586-4","INSTA_LIC":"80586","INSTA_NUM":"4","INSTA_TYPE":"Meter Station","BA_NAME":"NOVA Gas Transmission Ltd.","POWER":0.0,"PRIME_SORC":null,"INST_LOCAT":"09-06-074-08W4","FLD_CENTRE":"Bonnyville","SUBSTANCE1":"Natural Gas","PLINSTATUS":"Operating"}},{"type":"Feature","geometry":{"type":"Point","coordinates":[-115.86282,54.58943]},"properties":{"LICINSTNO":"80588-1","INSTA_LIC":"80588","INSTA_NUM":"1","INSTA_TYPE":"Meter Station","BA_NAME":"NOVA Gas Transmission Ltd.","POWER":0.0,"PRIME_SORC":null,"INST_LOCAT":"04-02-065-13W5","FLD_CENTRE":"Edmonton","SUBSTANCE1":"Natural Gas","PLINSTATUS":"Operating"}},{"type":"Feature","geometry":{"type":"Point","coordinates":[-110.82283,55.99578]},"properties":{"LICINSTNO":"80591-1","INSTA_LIC":"80591","INSTA_NUM":"1","INSTA_TYPE":"Meter Station","BA_NAME":"NOVA Gas Transmission Ltd.","POWER":0.0,"PRIME_SORC":null,"INST_LOCAT":"15-02-081-06W4","FLD_CENTRE":"Bonnyville","SUBSTANCE1":"Natural Gas","PLINSTATUS":"Operating"}},{"type":"Feature","geometry":{"type":"Point","coordinates":[-119.62112,55.50976]},"properties":{"LICINSTNO":"80592-1","INSTA_LIC":"80592","INSTA_NUM":"1","INSTA_TYPE":"Meter Station","BA_NAME":"NOVA Gas Transmission Ltd.","POWER":0.0,"PRIME_SORC":null,"INST_LOCAT":"06-22-075-11W6","FLD_CENTRE":"Grande Prairie","SUBSTANCE1":"Natural Gas","PLINSTATUS":"Operating"}},{"type":"Feature","geometry":{"type":"Point","coordinates":[-110.53495,55.75754]},"properties":{"LICINSTNO":"80593-1","INSTA_LIC":"80593","INSTA_NUM":"1","INSTA_TYPE":"Meter Station","BA_NAME":"NOVA Gas Transmission Ltd.","POWER":0.0,"PRIME_SORC":null,"INST_LOCAT":"07-15-078-04W4","FLD_CENTRE":"Bonnyville","SUBSTANCE1":"Natural Gas","PLINSTATUS":"Operating"}},{"type":"Feature","geometry":{"type":"Point","coordinates":[-111.47065,51.71759]},"properties":{"LICINSTNO":"80594-1","INSTA_LIC":"80594","INSTA_NUM":"1","INSTA_TYPE":"Meter Station","BA_NAME":"NOVA Gas Transmission Ltd.","POWER":0.0,"PRIME_SORC":null,"INST_LOCAT":"09-03-032-11W4","FLD_CENTRE":"Medicine Hat","SUBSTANCE1":"Natural Gas","PLINSTATUS":"Operating"}},{"type":"Feature","geometry":{"type":"Point","coordinates":[-115.55867,54.24111]},"properties":{"LICINSTNO":"80595-1","INSTA_LIC":"80595","INSTA_NUM":"1","INSTA_TYPE":"Meter Station","BA_NAME":"NOVA Gas Transmission Ltd.","POWER":0.0,"PRIME_SORC":null,"INST_LOCAT":"02-03-061-11W5","FLD_CENTRE":"Edmonton","SUBSTANCE1":"Natural Gas","PLINSTATUS":"Operating"}},{"type":"Feature","geometry":{"type":"Point","coordinates":[-113.0085,51.52134]},"properties":{"LICINSTNO":"80596-1","INSTA_LIC":"80596","INSTA_NUM":"1","INSTA_TYPE":"Meter Station","BA_NAME":"NOVA Gas Transmission Ltd.","POWER":0.0,"PRIME_SORC":null,"INST_LOCAT":"01-34-029-22W4","FLD_CENTRE":"Calgary","SUBSTANCE1":"Natural Gas","PLINSTATUS":"Operating"}},{"type":"Feature","geometry":{"type":"Point","coordinates":[-111.63807,53.86319]},"properties":{"LICINSTNO":"80597-1","INSTA_LIC":"80597","INSTA_NUM":"1","INSTA_TYPE":"Meter Station","BA_NAME":"NOVA Gas Transmission Ltd.","POWER":0.0,"PRIME_SORC":null,"INST_LOCAT":"04-30-056-11W4","FLD_CENTRE":"Bonnyville","SUBSTANCE1":"Natural Gas","PLINSTATUS":"Operating"}},{"type":"Feature","geometry":{"type":"Point","coordinates":[-119.24253,55.4788]},"properties":{"LICINSTNO":"80599-1","INSTA_LIC":"80599","INSTA_NUM":"1","INSTA_TYPE":"Meter Station","BA_NAME":"NOVA Gas Transmission Ltd.","POWER":0.0,"PRIME_SORC":null,"INST_LOCAT":"01-12-075-09W6","FLD_CENTRE":"Grande Prairie","SUBSTANCE1":"Natural Gas","PLINSTATUS":"Operating"}},{"type":"Feature","geometry":{"type":"Point","coordinates":[-112.18807,55.63181]},"properties":{"LICINSTNO":"80601-1","INSTA_LIC":"80601","INSTA_NUM":"1","INSTA_TYPE":"Meter Station","BA_NAME":"NOVA Gas Transmission Ltd.","POWER":0.0,"PRIME_SORC":null,"INST_LOCAT":"15-36-076-15W4","FLD_CENTRE":"Bonnyville","SUBSTANCE1":"Natural Gas","PLINSTATUS":"Operating"}},{"type":"Feature","geometry":{"type":"Point","coordinates":[-114.04186,54.79107]},"properties":{"LICINSTNO":"80605-1","INSTA_LIC":"80605","INSTA_NUM":"1","INSTA_TYPE":"Meter Station","BA_NAME":"NOVA Gas Transmission Ltd.","POWER":0.0,"PRIME_SORC":null,"INST_LOCAT":"14-11-067-01W5","FLD_CENTRE":"Edmonton","SUBSTANCE1":"Natural Gas","PLINSTATUS":"Operating"}},{"type":"Feature","geometry":{"type":"Point","coordinates":[-112.91948,54.52989]},"properties":{"LICINSTNO":"80607-1","INSTA_LIC":"80607","INSTA_NUM":"1","INSTA_TYPE":"Meter Station","BA_NAME":"NOVA Gas Transmission Ltd.","POWER":0.0,"PRIME_SORC":null,"INST_LOCAT":"03-14-064-20W4","FLD_CENTRE":"Edmonton","SUBSTANCE1":"Natural Gas","PLINSTATUS":"Operating"}},{"type":"Feature","geometry":{"type":"Point","coordinates":[-110.56818,54.66591]},"properties":{"LICINSTNO":"80608-1","INSTA_LIC":"80608","INSTA_NUM":"1","INSTA_TYPE":"Meter Station","BA_NAME":"NOVA Gas Transmission Ltd.","POWER":0.0,"PRIME_SORC":null,"INST_LOCAT":"07-32-065-04W4","FLD_CENTRE":"Bonnyville","SUBSTANCE1":"Natural Gas","PLINSTATUS":"Operating"}},{"type":"Feature","geometry":{"type":"Point","coordinates":[-119.99519,55.12286]},"properties":{"LICINSTNO":"80612-1","INSTA_LIC":"80612","INSTA_NUM":"1","INSTA_TYPE":"Meter Station","BA_NAME":"NOVA Gas Transmission Ltd.","POWER":0.0,"PRIME_SORC":null,"INST_LOCAT":"12-06-071-13W6","FLD_CENTRE":"Grande Prairie","SUBSTANCE1":"Natural Gas","PLINSTATUS":"Operating"}},{"type":"Feature","geometry":{"type":"Point","coordinates":[-118.30472,56.98392]},"properties":{"LICINSTNO":"80613-1","INSTA_LIC":"80613","INSTA_NUM":"1","INSTA_TYPE":"Meter Station","BA_NAME":"NOVA Gas Transmission Ltd.","POWER":0.0,"PRIME_SORC":null,"INST_LOCAT":"10-18-092-02W6","FLD_CENTRE":"Grande Prairie","SUBSTANCE1":"Natural Gas","PLINSTATUS":"Operating"}},{"type":"Feature","geometry":{"type":"Point","coordinates":[-119.30549,55.77312]},"properties":{"LICINSTNO":"80615-1","INSTA_LIC":"80615","INSTA_NUM":"1","INSTA_TYPE":"Meter Station","BA_NAME":"NOVA Gas Transmission Ltd.","POWER":0.0,"PRIME_SORC":null,"INST_LOCAT":"07-22-078-09W6","FLD_CENTRE":"Grande Prairie","SUBSTANCE1":"Natural Gas","PLINSTATUS":"Operating"}},{"type":"Feature","geometry":{"type":"Point","coordinates":[-114.14545,55.29447]},"properties":{"LICINSTNO":"80616-1","INSTA_LIC":"80616","INSTA_NUM":"1","INSTA_TYPE":"Meter Station","BA_NAME":"NOVA Gas Transmission Ltd.","POWER":0.0,"PRIME_SORC":null,"INST_LOCAT":"11-06-073-01W5","FLD_CENTRE":"Slave Lake","SUBSTANCE1":"Natural Gas","PLINSTATUS":"Operating"}},{"type":"Feature","geometry":{"type":"Point","coordinates":[-110.58477,55.04583]},"properties":{"LICINSTNO":"80618-1","INSTA_LIC":"80618","INSTA_NUM":"1","INSTA_TYPE":"Meter Station","BA_NAME":"NOVA Gas Transmission Ltd.","POWER":0.0,"PRIME_SORC":null,"INST_LOCAT":"05-08-070-04W4","FLD_CENTRE":"Bonnyville","SUBSTANCE1":"Natural Gas","PLINSTATUS":"Operating"}},{"type":"Feature","geometry":{"type":"Point","coordinates":[-110.79459,55.29433]},"properties":{"LICINSTNO":"80619-1","INSTA_LIC":"80619","INSTA_NUM":"1","INSTA_TYPE":"Meter Station","BA_NAME":"NOVA Gas Transmission Ltd.","POWER":0.0,"PRIME_SORC":null,"INST_LOCAT":"11-01-073-06W4","FLD_CENTRE":"Bonnyville","SUBSTANCE1":"Natural Gas","PLINSTATUS":"Operating"}},{"type":"Feature","geometry":{"type":"Point","coordinates":[-110.62261,54.95065]},"properties":{"LICINSTNO":"80621-1","INSTA_LIC":"80621","INSTA_NUM":"1","INSTA_TYPE":"Meter Station","BA_NAME":"NOVA Gas Transmission Ltd.","POWER":0.0,"PRIME_SORC":null,"INST_LOCAT":"15-01-069-05W4","FLD_CENTRE":"Bonnyville","SUBSTANCE1":"Natural Gas","PLINSTATUS":"Operating"}},{"type":"Feature","geometry":{"type":"Point","coordinates":[-113.076,55.09553]},"properties":{"LICINSTNO":"80622-1","INSTA_LIC":"80622","INSTA_NUM":"1","INSTA_TYPE":"Meter Station","BA_NAME":"NOVA Gas Transmission Ltd.","POWER":0.0,"PRIME_SORC":null,"INST_LOCAT":"13-25-070-21W4","FLD_CENTRE":"Slave Lake","SUBSTANCE1":"Natural Gas","PLINSTATUS":"Operating"}},{"type":"Feature","geometry":{"type":"Point","coordinates":[-111.98165,54.41793]},"properties":{"LICINSTNO":"80626-1","INSTA_LIC":"80626","INSTA_NUM":"1","INSTA_TYPE":"Meter Station","BA_NAME":"NOVA Gas Transmission Ltd.","POWER":0.0,"PRIME_SORC":null,"INST_LOCAT":"07-01-063-14W4","FLD_CENTRE":"Bonnyville","SUBSTANCE1":"Natural Gas","PLINSTATUS":"Operating"}},{"type":"Feature","geometry":{"type":"Point","coordinates":[-112.00348,54.50678]},"properties":{"LICINSTNO":"80626-2","INSTA_LIC":"80626","INSTA_NUM":"2","INSTA_TYPE":"Meter Station","BA_NAME":"NOVA Gas Transmission Ltd.","POWER":0.0,"PRIME_SORC":null,"INST_LOCAT":"07-02-064-14W4","FLD_CENTRE":"Bonnyville","SUBSTANCE1":"Natural Gas","PLINSTATUS":"Operating"}},{"type":"Feature","geometry":{"type":"Point","coordinates":[-114.14771,55.74527]},"properties":{"LICINSTNO":"80627-1","INSTA_LIC":"80627","INSTA_NUM":"1","INSTA_TYPE":"Meter Station","BA_NAME":"NOVA Gas Transmission Ltd.","POWER":0.0,"PRIME_SORC":null,"INST_LOCAT":"11-07-078-01W5","FLD_CENTRE":"Slave Lake","SUBSTANCE1":"Natural Gas","PLINSTATUS":"Operating"}},{"type":"Feature","geometry":{"type":"Point","coordinates":[-115.97124,53.78015]},"properties":{"LICINSTNO":"80630-1","INSTA_LIC":"80630","INSTA_NUM":"1","INSTA_TYPE":"Meter Station","BA_NAME":"NOVA Gas Transmission Ltd.","POWER":0.0,"PRIME_SORC":null,"INST_LOCAT":"06-26-055-14W5","FLD_CENTRE":"Drayton Valley","SUBSTANCE1":"Natural Gas","PLINSTATUS":"Operating"}},{"type":"Feature","geometry":{"type":"Point","coordinates":[-119.15178,58.44007]},"properties":{"LICINSTNO":"80632-1","INSTA_LIC":"80632","INSTA_NUM":"1","INSTA_TYPE":"Meter Station","BA_NAME":"NOVA Gas Transmission Ltd.","POWER":0.0,"PRIME_SORC":null,"INST_LOCAT":"15-06-109-07W6","FLD_CENTRE":"Grande Prairie","SUBSTANCE1":"Natural Gas","PLINSTATUS":"Operating"}},{"type":"Feature","geometry":{"type":"Point","coordinates":[-112.28882,54.06368]},"properties":{"LICINSTNO":"80633-1","INSTA_LIC":"80633","INSTA_NUM":"1","INSTA_TYPE":"Meter Station","BA_NAME":"NOVA Gas Transmission Ltd.","POWER":0.0,"PRIME_SORC":null,"INST_LOCAT":"15-34-058-16W4","FLD_CENTRE":"Wainwright","SUBSTANCE1":"Natural Gas","PLINSTATUS":"Operating"}},{"type":"Feature","geometry":{"type":"Point","coordinates":[-112.45653,50.42804]},"properties":{"LICINSTNO":"80634-1","INSTA_LIC":"80634","INSTA_NUM":"1","INSTA_TYPE":"Meter Station","BA_NAME":"NOVA Gas Transmission Ltd.","POWER":0.0,"PRIME_SORC":null,"INST_LOCAT":"01-18-017-18W4","FLD_CENTRE":"Calgary","SUBSTANCE1":"Natural Gas","PLINSTATUS":"Operating"}},{"type":"Feature","geometry":{"type":"Point","coordinates":[-110.62218,54.95713]},"properties":{"LICINSTNO":"80640-1","INSTA_LIC":"80640","INSTA_NUM":"1","INSTA_TYPE":"Meter Station","BA_NAME":"NOVA Gas Transmission Ltd.","POWER":0.0,"PRIME_SORC":null,"INST_LOCAT":"08-12-069-05W4","FLD_CENTRE":"Bonnyville","SUBSTANCE1":"Natural Gas","PLINSTATUS":"Operating"}},{"type":"Feature","geometry":{"type":"Point","coordinates":[-119.94802,55.98608]},"properties":{"LICINSTNO":"80643-1","INSTA_LIC":"80643","INSTA_NUM":"1","INSTA_TYPE":"Meter Station","BA_NAME":"NOVA Gas Transmission Ltd.","POWER":0.0,"PRIME_SORC":null,"INST_LOCAT":"03-03-081-13W6","FLD_CENTRE":"Grande Prairie","SUBSTANCE1":"Natural Gas","PLINSTATUS":"Operating"}},{"type":"Feature","geometry":{"type":"Point","coordinates":[-119.93308,55.95061]},"properties":{"LICINSTNO":"80643-2","INSTA_LIC":"80643","INSTA_NUM":"2","INSTA_TYPE":"Meter Station","BA_NAME":"NOVA Gas Transmission Ltd.","POWER":0.0,"PRIME_SORC":null,"INST_LOCAT":"09-22-080-13W6","FLD_CENTRE":"Grande Prairie","SUBSTANCE1":"Natural Gas","PLINSTATUS":"Operating"}},{"type":"Feature","geometry":{"type":"Point","coordinates":[-110.87163,55.72405]},"properties":{"LICINSTNO":"80647-1","INSTA_LIC":"80647","INSTA_NUM":"1","INSTA_TYPE":"Meter Station","BA_NAME":"NOVA Gas Transmission Ltd.","POWER":0.0,"PRIME_SORC":null,"INST_LOCAT":"02-04-078-06W4","FLD_CENTRE":"Bonnyville","SUBSTANCE1":"Natural Gas","PLINSTATUS":"Operating"}},{"type":"Feature","geometry":{"type":"Point","coordinates":[-119.28526,56.09835]},"properties":{"LICINSTNO":"80648-1","INSTA_LIC":"80648","INSTA_NUM":"1","INSTA_TYPE":"Meter Station","BA_NAME":"NOVA Gas Transmission Ltd.","POWER":0.0,"PRIME_SORC":null,"INST_LOCAT":"16-11-082-09W6","FLD_CENTRE":"Grande Prairie","SUBSTANCE1":"Natural Gas","PLINSTATUS":"Operating"}},{"type":"Feature","geometry":{"type":"Point","coordinates":[-119.99509,57.74156]},"properties":{"LICINSTNO":"80649-1","INSTA_LIC":"80649","INSTA_NUM":"1","INSTA_TYPE":"Meter Station","BA_NAME":"NOVA Gas Transmission Ltd.","POWER":0.0,"PRIME_SORC":null,"INST_LOCAT":"13-01-101-13W6","FLD_CENTRE":"Grande Prairie","SUBSTANCE1":"Natural Gas","PLINSTATUS":"Operating"}},{"type":"Feature","geometry":{"type":"Point","coordinates":[-119.09215,57.34808]},"properties":{"LICINSTNO":"80650-1","INSTA_LIC":"80650","INSTA_NUM":"1","INSTA_TYPE":"Meter Station","BA_NAME":"NOVA Gas Transmission Ltd.","POWER":0.0,"PRIME_SORC":null,"INST_LOCAT":"10-20-096-07W6","FLD_CENTRE":"Grande Prairie","SUBSTANCE1":"Natural Gas","PLINSTATUS":"Operating"}},{"type":"Feature","geometry":{"type":"Point","coordinates":[-110.67344,56.19892]},"properties":{"LICINSTNO":"80651-1","INSTA_LIC":"80651","INSTA_NUM":"1","INSTA_TYPE":"Meter Station","BA_NAME":"NOVA Gas Transmission Ltd.","POWER":0.0,"PRIME_SORC":null,"INST_LOCAT":"10-14-083-05W4","FLD_CENTRE":"Bonnyville","SUBSTANCE1":"Natural Gas","PLINSTATUS":"Operating"}},{"type":"Feature","geometry":{"type":"Point","coordinates":[-110.83465,56.16521]},"properties":{"LICINSTNO":"80652-1","INSTA_LIC":"80652","INSTA_NUM":"1","INSTA_TYPE":"Meter Station","BA_NAME":"NOVA Gas Transmission Ltd.","POWER":0.0,"PRIME_SORC":null,"INST_LOCAT":"07-02-083-06W4","FLD_CENTRE":"Bonnyville","SUBSTANCE1":"Natural Gas","PLINSTATUS":"Operating"}},{"type":"Feature","geometry":{"type":"Point","coordinates":[-110.98085,56.09171]},"properties":{"LICINSTNO":"80653-1","INSTA_LIC":"80653","INSTA_NUM":"1","INSTA_TYPE":"Meter Station","BA_NAME":"NOVA Gas Transmission Ltd.","POWER":0.0,"PRIME_SORC":null,"INST_LOCAT":"07-11-082-07W4","FLD_CENTRE":"Bonnyville","SUBSTANCE1":"Natural Gas","PLINSTATUS":"Operating"}},{"type":"Feature","geometry":{"type":"Point","coordinates":[-110.90379,55.56182]},"properties":{"LICINSTNO":"80655-1","INSTA_LIC":"80655","INSTA_NUM":"1","INSTA_TYPE":"Meter Station","BA_NAME":"NOVA Gas Transmission Ltd.","POWER":0.0,"PRIME_SORC":null,"INST_LOCAT":"14-05-076-06W4","FLD_CENTRE":"Bonnyville","SUBSTANCE1":"Natural Gas","PLINSTATUS":"Operating"}},{"type":"Feature","geometry":{"type":"Point","coordinates":[-110.90488,55.56106]},"properties":{"LICINSTNO":"80655-2","INSTA_LIC":"80655","INSTA_NUM":"2","INSTA_TYPE":"Meter Station","BA_NAME":"NOVA Gas Transmission Ltd.","POWER":0.0,"PRIME_SORC":null,"INST_LOCAT":"13-05-076-06W4","FLD_CENTRE":"Bonnyville","SUBSTANCE1":"Natural Gas","PLINSTATUS":"Operating"}},{"type":"Feature","geometry":{"type":"Point","coordinates":[-110.68454,55.77733]},"properties":{"LICINSTNO":"80656-1","INSTA_LIC":"80656","INSTA_NUM":"1","INSTA_TYPE":"Meter Station","BA_NAME":"NOVA Gas Transmission Ltd.","POWER":0.0,"PRIME_SORC":null,"INST_LOCAT":"16-22-078-05W4","FLD_CENTRE":"Bonnyville","SUBSTANCE1":"Natural Gas","PLINSTATUS":"Operating"}},{"type":"Feature","geometry":{"type":"Point","coordinates":[-113.89858,55.68753]},"properties":{"LICINSTNO":"80657-1","INSTA_LIC":"80657","INSTA_NUM":"1","INSTA_TYPE":"Meter Station","BA_NAME":"NOVA Gas Transmission Ltd.","POWER":0.0,"PRIME_SORC":null,"INST_LOCAT":"10-24-077-26W4","FLD_CENTRE":"Slave Lake","SUBSTANCE1":"Natural Gas","PLINSTATUS":"Operating"}},{"type":"Feature","geometry":{"type":"Point","coordinates":[-114.04159,55.24243]},"properties":{"LICINSTNO":"80658-1","INSTA_LIC":"80658","INSTA_NUM":"1","INSTA_TYPE":"Meter Station","BA_NAME":"NOVA Gas Transmission Ltd.","POWER":0.0,"PRIME_SORC":null,"INST_LOCAT":"14-14-072-01W5","FLD_CENTRE":"Slave Lake","SUBSTANCE1":"Natural Gas","PLINSTATUS":"Operating"}},{"type":"Feature","geometry":{"type":"Point","coordinates":[-118.94824,55.19257]},"properties":{"LICINSTNO":"80660-1","INSTA_LIC":"80660","INSTA_NUM":"1","INSTA_TYPE":"Meter Station","BA_NAME":"NOVA Gas Transmission Ltd.","POWER":0.0,"PRIME_SORC":null,"INST_LOCAT":"12-36-071-07W6","FLD_CENTRE":"Grande Prairie","SUBSTANCE1":"Natural Gas","PLINSTATUS":"Operating"}},{"type":"Feature","geometry":{"type":"Point","coordinates":[-118.94824,55.19257]},"properties":{"LICINSTNO":"80660-2","INSTA_LIC":"80660","INSTA_NUM":"2","INSTA_TYPE":"Meter Station","BA_NAME":"NOVA Gas Transmission Ltd.","POWER":0.0,"PRIME_SORC":null,"INST_LOCAT":"12-36-071-07W6","FLD_CENTRE":"Grande Prairie","SUBSTANCE1":"Natural Gas","PLINSTATUS":"Operating"}},{"type":"Feature","geometry":{"type":"Point","coordinates":[-119.92907,56.36728]},"properties":{"LICINSTNO":"80661-1","INSTA_LIC":"80661","INSTA_NUM":"1","INSTA_TYPE":"Meter Station","BA_NAME":"NOVA Gas Transmission Ltd.","POWER":0.0,"PRIME_SORC":null,"INST_LOCAT":"08-14-085-13W6","FLD_CENTRE":"Grande Prairie","SUBSTANCE1":"Natural Gas","PLINSTATUS":"Operating"}},{"type":"Feature","geometry":{"type":"Point","coordinates":[-114.52955,54.65077]},"properties":{"LICINSTNO":"80662-1","INSTA_LIC":"80662","INSTA_NUM":"1","INSTA_TYPE":"Meter Station","BA_NAME":"NOVA Gas Transmission Ltd.","POWER":0.0,"PRIME_SORC":null,"INST_LOCAT":"05-27-065-04W5","FLD_CENTRE":"Edmonton","SUBSTANCE1":"Natural Gas","PLINSTATUS":"Operating"}},{"type":"Feature","geometry":{"type":"Point","coordinates":[-112.6602,54.61894]},"properties":{"LICINSTNO":"80663-10","INSTA_LIC":"80663","INSTA_NUM":"10","INSTA_TYPE":"Meter Station","BA_NAME":"NOVA Gas Transmission Ltd.","POWER":0.0,"PRIME_SORC":null,"INST_LOCAT":"02-16-065-18W4","FLD_CENTRE":"Edmonton","SUBSTANCE1":"Natural Gas","PLINSTATUS":"Operating"}},{"type":"Feature","geometry":{"type":"Point","coordinates":[-110.83175,56.34164]},"properties":{"LICINSTNO":"80664-1","INSTA_LIC":"80664","INSTA_NUM":"1","INSTA_TYPE":"Meter Station","BA_NAME":"NOVA Gas Transmission Ltd.","POWER":0.0,"PRIME_SORC":null,"INST_LOCAT":"10-02-085-06W4","FLD_CENTRE":"Bonnyville","SUBSTANCE1":"Natural Gas","PLINSTATUS":"Operating"}},{"type":"Feature","geometry":{"type":"Point","coordinates":[-110.8806,56.27402]},"properties":{"LICINSTNO":"80664-3","INSTA_LIC":"80664","INSTA_NUM":"3","INSTA_TYPE":"Meter Station","BA_NAME":"NOVA Gas Transmission Ltd.","POWER":0.0,"PRIME_SORC":null,"INST_LOCAT":"16-09-084-06W4","FLD_CENTRE":"Bonnyville","SUBSTANCE1":"Natural Gas","PLINSTATUS":"Operating"}},{"type":"Feature","geometry":{"type":"Point","coordinates":[-119.23821,58.44504]},"properties":{"LICINSTNO":"80665-1","INSTA_LIC":"80665","INSTA_NUM":"1","INSTA_TYPE":"Meter Station","BA_NAME":"NOVA Gas Transmission Ltd.","POWER":0.0,"PRIME_SORC":null,"INST_LOCAT":"02-10-109-08W6","FLD_CENTRE":"Grande Prairie","SUBSTANCE1":"Natural Gas","PLINSTATUS":"Operating"}},{"type":"Feature","geometry":{"type":"Point","coordinates":[-119.22425,58.44522]},"properties":{"LICINSTNO":"80665-2","INSTA_LIC":"80665","INSTA_NUM":"2","INSTA_TYPE":"Meter Station","BA_NAME":"NOVA Gas Transmission Ltd.","POWER":0.0,"PRIME_SORC":null,"INST_LOCAT":"05-11-109-08W6","FLD_CENTRE":"Grande Prairie","SUBSTANCE1":"Natural Gas","PLINSTATUS":"Operating"}},{"type":"Feature","geometry":{"type":"Point","coordinates":[-119.75388,57.36236]},"properties":{"LICINSTNO":"80666-1","INSTA_LIC":"80666","INSTA_NUM":"1","INSTA_TYPE":"Meter Station","BA_NAME":"NOVA Gas Transmission Ltd.","POWER":0.0,"PRIME_SORC":null,"INST_LOCAT":"11-29-096-11W6","FLD_CENTRE":"Grande Prairie","SUBSTANCE1":"Natural Gas","PLINSTATUS":"Operating"}},{"type":"Feature","geometry":{"type":"Point","coordinates":[-116.15842,53.32911]},"properties":{"LICINSTNO":"80667-2","INSTA_LIC":"80667","INSTA_NUM":"2","INSTA_TYPE":"Meter Station","BA_NAME":"NOVA Gas Transmission Ltd.","POWER":0.0,"PRIME_SORC":null,"INST_LOCAT":"07-20-050-15W5","FLD_CENTRE":"Drayton Valley","SUBSTANCE1":"Natural Gas","PLINSTATUS":"Operating"}},{"type":"Feature","geometry":{"type":"Point","coordinates":[-113.62284,55.09322]},"properties":{"LICINSTNO":"80668-1","INSTA_LIC":"80668","INSTA_NUM":"1","INSTA_TYPE":"Meter Station","BA_NAME":"NOVA Gas Transmission Ltd.","POWER":0.0,"PRIME_SORC":null,"INST_LOCAT":"15-29-070-24W4","FLD_CENTRE":"Slave Lake","SUBSTANCE1":"Natural Gas","PLINSTATUS":"Operating"}},{"type":"Feature","geometry":{"type":"Point","coordinates":[-117.67915,55.81745]},"properties":{"LICINSTNO":"80669-1","INSTA_LIC":"80669","INSTA_NUM":"1","INSTA_TYPE":"Meter Station","BA_NAME":"NOVA Gas Transmission Ltd.","POWER":0.0,"PRIME_SORC":null,"INST_LOCAT":"05-03-079-24W5","FLD_CENTRE":"Grande Prairie","SUBSTANCE1":"Natural Gas","PLINSTATUS":"Operating"}},{"type":"Feature","geometry":{"type":"Point","coordinates":[-111.54587,50.22216]},"properties":{"LICINSTNO":"80670-1","INSTA_LIC":"80670","INSTA_NUM":"1","INSTA_TYPE":"Meter Station","BA_NAME":"NOVA Gas Transmission Ltd.","POWER":0.0,"PRIME_SORC":null,"INST_LOCAT":"13-35-014-12W4","FLD_CENTRE":"Medicine Hat","SUBSTANCE1":"Natural Gas","PLINSTATUS":"Operating"}},{"type":"Feature","geometry":{"type":"Point","coordinates":[-117.39101,55.83768]},"properties":{"LICINSTNO":"80671-2","INSTA_LIC":"80671","INSTA_NUM":"2","INSTA_TYPE":"Meter Station","BA_NAME":"NOVA Gas Transmission Ltd.","POWER":0.0,"PRIME_SORC":null,"INST_LOCAT":"13-09-079-22W5","FLD_CENTRE":"Grande Prairie","SUBSTANCE1":"Natural Gas","PLINSTATUS":"Operating"}},{"type":"Feature","geometry":{"type":"Point","coordinates":[-117.49174,55.76882]},"properties":{"LICINSTNO":"80671-3","INSTA_LIC":"80671","INSTA_NUM":"3","INSTA_TYPE":"Meter Station","BA_NAME":"NOVA Gas Transmission Ltd.","POWER":0.0,"PRIME_SORC":null,"INST_LOCAT":"04-22-078-23W5","FLD_CENTRE":"Grande Prairie","SUBSTANCE1":"Natural Gas","PLINSTATUS":"Operating"}},{"type":"Feature","geometry":{"type":"Point","coordinates":[-116.498,57.50198]},"properties":{"LICINSTNO":"80672-1","INSTA_LIC":"80672","INSTA_NUM":"1","INSTA_TYPE":"Meter Station","BA_NAME":"NOVA Gas Transmission Ltd.","POWER":0.0,"PRIME_SORC":null,"INST_LOCAT":"08-15-098-16W5","FLD_CENTRE":"Slave Lake","SUBSTANCE1":"Natural Gas","PLINSTATUS":"Operating"}},{"type":"Feature","geometry":{"type":"Point","coordinates":[-115.54258,57.29672]},"properties":{"LICINSTNO":"80672-2","INSTA_LIC":"80672","INSTA_NUM":"2","INSTA_TYPE":"Meter Station","BA_NAME":"NOVA Gas Transmission Ltd.","POWER":0.0,"PRIME_SORC":null,"INST_LOCAT":"04-03-096-10W5","FLD_CENTRE":"Slave Lake","SUBSTANCE1":"Natural Gas","PLINSTATUS":"Operating"}},{"type":"Feature","geometry":{"type":"Point","coordinates":[-116.39633,57.21772]},"properties":{"LICINSTNO":"80672-3","INSTA_LIC":"80672","INSTA_NUM":"3","INSTA_TYPE":"Meter Station","BA_NAME":"NOVA Gas Transmission Ltd.","POWER":0.0,"PRIME_SORC":null,"INST_LOCAT":"15-05-095-15W5","FLD_CENTRE":"Slave Lake","SUBSTANCE1":"Natural Gas","PLINSTATUS":"Operating"}},{"type":"Feature","geometry":{"type":"Point","coordinates":[-115.25454,56.93057]},"properties":{"LICINSTNO":"80672-4","INSTA_LIC":"80672","INSTA_NUM":"4","INSTA_TYPE":"Meter Station","BA_NAME":"NOVA Gas Transmission Ltd.","POWER":0.0,"PRIME_SORC":null,"INST_LOCAT":"03-32-091-08W5","FLD_CENTRE":"Slave Lake","SUBSTANCE1":"Natural Gas","PLINSTATUS":"Operating"}},{"type":"Feature","geometry":{"type":"Point","coordinates":[-116.74909,56.50228]},"properties":{"LICINSTNO":"80672-6","INSTA_LIC":"80672","INSTA_NUM":"6","INSTA_TYPE":"Meter Station","BA_NAME":"NOVA Gas Transmission Ltd.","POWER":0.0,"PRIME_SORC":null,"INST_LOCAT":"10-34-086-18W5","FLD_CENTRE":"Slave Lake","SUBSTANCE1":"Natural Gas","PLINSTATUS":"Operating"}},{"type":"Feature","geometry":{"type":"Point","coordinates":[-116.56037,57.18262]},"properties":{"LICINSTNO":"80672-7","INSTA_LIC":"80672","INSTA_NUM":"7","INSTA_TYPE":"Meter Station","BA_NAME":"NOVA Gas Transmission Ltd.","POWER":0.0,"PRIME_SORC":null,"INST_LOCAT":"07-30-094-16W5","FLD_CENTRE":"Slave Lake","SUBSTANCE1":"Natural Gas","PLINSTATUS":"Operating"}},{"type":"Feature","geometry":{"type":"Point","coordinates":[-115.88667,57.27409]},"properties":{"LICINSTNO":"80672-8","INSTA_LIC":"80672","INSTA_NUM":"8","INSTA_TYPE":"Meter Station","BA_NAME":"NOVA Gas Transmission Ltd.","POWER":0.0,"PRIME_SORC":null,"INST_LOCAT":"11-28-095-12W5","FLD_CENTRE":"Slave Lake","SUBSTANCE1":"Natural Gas","PLINSTATUS":"Operating"}},{"type":"Feature","geometry":{"type":"Point","coordinates":[-116.65976,57.00404]},"properties":{"LICINSTNO":"80672-9","INSTA_LIC":"80672","INSTA_NUM":"9","INSTA_TYPE":"Meter Station","BA_NAME":"NOVA Gas Transmission Ltd.","POWER":0.0,"PRIME_SORC":null,"INST_LOCAT":"01-28-092-17W5","FLD_CENTRE":"Slave Lake","SUBSTANCE1":"Natural Gas","PLINSTATUS":"Operating"}},{"type":"Feature","geometry":{"type":"Point","coordinates":[-114.14624,50.00723]},"properties":{"LICINSTNO":"80672-10","INSTA_LIC":"80672","INSTA_NUM":"10","INSTA_TYPE":"Meter Station","BA_NAME":"NOVA Gas Transmission Ltd.","POWER":0.0,"PRIME_SORC":null,"INST_LOCAT":"02-24-012-02W5","FLD_CENTRE":"Slave Lake","SUBSTANCE1":"Natural Gas","PLINSTATUS":"Operating"}},{"type":"Feature","geometry":{"type":"Point","coordinates":[-115.25456,56.93076]},"properties":{"LICINSTNO":"80672-11","INSTA_LIC":"80672","INSTA_NUM":"11","INSTA_TYPE":"Meter Station","BA_NAME":"NOVA Gas Transmission Ltd.","POWER":0.0,"PRIME_SORC":null,"INST_LOCAT":"03-32-091-08W5","FLD_CENTRE":"Slave Lake","SUBSTANCE1":"Natural Gas","PLINSTATUS":"Operating"}},{"type":"Feature","geometry":{"type":"Point","coordinates":[-116.11619,56.28275]},"properties":{"LICINSTNO":"80673-1","INSTA_LIC":"80673","INSTA_NUM":"1","INSTA_TYPE":"Meter Station","BA_NAME":"NOVA Gas Transmission Ltd.","POWER":0.0,"PRIME_SORC":null,"INST_LOCAT":"08-15-084-14W5","FLD_CENTRE":"Slave Lake","SUBSTANCE1":"Natural Gas","PLINSTATUS":"Operating"}},{"type":"Feature","geometry":{"type":"Point","coordinates":[-112.4918,57.25111]},"properties":{"LICINSTNO":"80674-1","INSTA_LIC":"80674","INSTA_NUM":"1","INSTA_TYPE":"Meter Station","BA_NAME":"NOVA Gas Transmission Ltd.","POWER":0.0,"PRIME_SORC":null,"INST_LOCAT":"04-23-095-16W4","FLD_CENTRE":"Fort McMurray","SUBSTANCE1":"Natural Gas","PLINSTATUS":"Operating"}},{"type":"Feature","geometry":{"type":"Point","coordinates":[-116.44259,54.5057]},"properties":{"LICINSTNO":"80675-1","INSTA_LIC":"80675","INSTA_NUM":"1","INSTA_TYPE":"Meter Station","BA_NAME":"NOVA Gas Transmission Ltd.","POWER":0.0,"PRIME_SORC":null,"INST_LOCAT":"05-01-064-17W5","FLD_CENTRE":"Edmonton","SUBSTANCE1":"Natural Gas","PLINSTATUS":"Operating"}},{"type":"Feature","geometry":{"type":"Point","coordinates":[-116.35145,54.41967]},"properties":{"LICINSTNO":"80676-1","INSTA_LIC":"80676","INSTA_NUM":"1","INSTA_TYPE":"Meter Station","BA_NAME":"NOVA Gas Transmission Ltd.","POWER":0.0,"PRIME_SORC":null,"INST_LOCAT":"08-04-063-16W5","FLD_CENTRE":"Edmonton","SUBSTANCE1":"Natural Gas","PLINSTATUS":"Operating"}},{"type":"Feature","geometry":{"type":"Point","coordinates":[-116.13413,54.4339]},"properties":{"LICINSTNO":"80676-2","INSTA_LIC":"80676","INSTA_NUM":"2","INSTA_TYPE":"Meter Station","BA_NAME":"NOVA Gas Transmission Ltd.","POWER":0.0,"PRIME_SORC":null,"INST_LOCAT":"06-12-063-15W5","FLD_CENTRE":"Edmonton","SUBSTANCE1":"Natural Gas","PLINSTATUS":"Operating"}},{"type":"Feature","geometry":{"type":"Point","coordinates":[-116.20265,54.422]},"properties":{"LICINSTNO":"80676-3","INSTA_LIC":"80676","INSTA_NUM":"3","INSTA_TYPE":"Meter Station","BA_NAME":"NOVA Gas Transmission Ltd.","POWER":0.0,"PRIME_SORC":null,"INST_LOCAT":"10-04-063-15W5","FLD_CENTRE":"Edmonton","SUBSTANCE1":"Natural Gas","PLINSTATUS":"Operating"}},{"type":"Feature","geometry":{"type":"Point","coordinates":[-117.24033,54.13415]},"properties":{"LICINSTNO":"80677-1","INSTA_LIC":"80677","INSTA_NUM":"1","INSTA_TYPE":"Meter Station","BA_NAME":"NOVA Gas Transmission Ltd.","POWER":0.0,"PRIME_SORC":null,"INST_LOCAT":"14-28-059-22W5","FLD_CENTRE":"Drayton Valley","SUBSTANCE1":"Natural Gas","PLINSTATUS":"Operating"}},{"type":"Feature","geometry":{"type":"Point","coordinates":[-111.62289,54.6585]},"properties":{"LICINSTNO":"80678-1","INSTA_LIC":"80678","INSTA_NUM":"1","INSTA_TYPE":"Meter Station","BA_NAME":"NOVA Gas Transmission Ltd.","POWER":0.0,"PRIME_SORC":null,"INST_LOCAT":"16-29-065-11W4","FLD_CENTRE":"Bonnyville","SUBSTANCE1":"Natural Gas","PLINSTATUS":"Operating"}},{"type":"Feature","geometry":{"type":"Point","coordinates":[-112.57767,52.27985]},"properties":{"LICINSTNO":"80679-1","INSTA_LIC":"80679","INSTA_NUM":"1","INSTA_TYPE":"Meter Station","BA_NAME":"NOVA Gas Transmission Ltd.","POWER":0.0,"PRIME_SORC":null,"INST_LOCAT":"08-24-038-19W4","FLD_CENTRE":"Red Deer","SUBSTANCE1":"Natural Gas","PLINSTATUS":"Operating"}},{"type":"Feature","geometry":{"type":"Point","coordinates":[-112.31387,52.28177]},"properties":{"LICINSTNO":"80679-2","INSTA_LIC":"80679","INSTA_NUM":"2","INSTA_TYPE":"Meter Station","BA_NAME":"NOVA Gas Transmission Ltd.","POWER":0.0,"PRIME_SORC":null,"INST_LOCAT":"12-24-038-17W4","FLD_CENTRE":"Red Deer","SUBSTANCE1":"Natural Gas","PLINSTATUS":"Operating"}},{"type":"Feature","geometry":{"type":"Point","coordinates":[-110.32026,52.44039]},"properties":{"LICINSTNO":"80680-1","INSTA_LIC":"80680","INSTA_NUM":"1","INSTA_TYPE":"Meter Station","BA_NAME":"NOVA Gas Transmission Ltd.","POWER":0.0,"PRIME_SORC":null,"INST_LOCAT":"08-14-040-03W4","FLD_CENTRE":"Wainwright","SUBSTANCE1":"Natural Gas","PLINSTATUS":"Operating"}},{"type":"Feature","geometry":{"type":"Point","coordinates":[-119.13421,55.41332]},"properties":{"LICINSTNO":"80681-1","INSTA_LIC":"80681","INSTA_NUM":"1","INSTA_TYPE":"Meter Station","BA_NAME":"NOVA Gas Transmission Ltd.","POWER":0.0,"PRIME_SORC":null,"INST_LOCAT":"09-15-074-08W6","FLD_CENTRE":"Grande Prairie","SUBSTANCE1":"Natural Gas","PLINSTATUS":"Operating"}},{"type":"Feature","geometry":{"type":"Point","coordinates":[-119.06447,55.47645]},"properties":{"LICINSTNO":"80682-2","INSTA_LIC":"80682","INSTA_NUM":"2","INSTA_TYPE":"Meter Station","BA_NAME":"NOVA Gas Transmission Ltd.","POWER":0.0,"PRIME_SORC":null,"INST_LOCAT":"01-07-075-07W6","FLD_CENTRE":"Grande Prairie","SUBSTANCE1":"Natural Gas","PLINSTATUS":"Operating"}},{"type":"Feature","geometry":{"type":"Point","coordinates":[-119.03743,55.49718]},"properties":{"LICINSTNO":"80683-2","INSTA_LIC":"80683","INSTA_NUM":"2","INSTA_TYPE":"Meter Station","BA_NAME":"NOVA Gas Transmission Ltd.","POWER":0.0,"PRIME_SORC":null,"INST_LOCAT":"08-17-075-07W6","FLD_CENTRE":"Grande Prairie","SUBSTANCE1":"Natural Gas","PLINSTATUS":"Operating"}},{"type":"Feature","geometry":{"type":"Point","coordinates":[-113.17349,51.00818]},"properties":{"LICINSTNO":"80684-1","INSTA_LIC":"80684","INSTA_NUM":"1","INSTA_TYPE":"Meter Station","BA_NAME":"NOVA Gas Transmission Ltd.","POWER":0.0,"PRIME_SORC":null,"INST_LOCAT":"16-32-023-23W4","FLD_CENTRE":"Calgary","SUBSTANCE1":"Natural Gas","PLINSTATUS":"Operating"}},{"type":"Feature","geometry":{"type":"Point","coordinates":[-117.97657,55.34484]},"properties":{"LICINSTNO":"80686-1","INSTA_LIC":"80686","INSTA_NUM":"1","INSTA_TYPE":"Meter Station","BA_NAME":"NOVA Gas Transmission Ltd.","POWER":0.0,"PRIME_SORC":null,"INST_LOCAT":"16-19-073-26W5","FLD_CENTRE":"Grande Prairie","SUBSTANCE1":"Natural Gas","PLINSTATUS":"Operating"}},{"type":"Feature","geometry":{"type":"Point","coordinates":[-118.04721,55.43287]},"properties":{"LICINSTNO":"80686-2","INSTA_LIC":"80686","INSTA_NUM":"2","INSTA_TYPE":"Meter Station","BA_NAME":"NOVA Gas Transmission Ltd.","POWER":0.0,"PRIME_SORC":null,"INST_LOCAT":"04-26-074-01W6","FLD_CENTRE":"Grande Prairie","SUBSTANCE1":"Natural Gas","PLINSTATUS":"Operating"}},{"type":"Feature","geometry":{"type":"Point","coordinates":[-111.75908,53.19444]},"properties":{"LICINSTNO":"80687-1","INSTA_LIC":"80687","INSTA_NUM":"1","INSTA_TYPE":"Meter Station","BA_NAME":"NOVA Gas Transmission Ltd.","POWER":0.0,"PRIME_SORC":null,"INST_LOCAT":"05-06-049-12W4","FLD_CENTRE":"Wainwright","SUBSTANCE1":"Natural Gas","PLINSTATUS":"Operating"}},{"type":"Feature","geometry":{"type":"Point","coordinates":[-111.09343,55.84154]},"properties":{"LICINSTNO":"80691-1","INSTA_LIC":"80691","INSTA_NUM":"1","INSTA_TYPE":"Meter Station","BA_NAME":"NOVA Gas Transmission Ltd.","POWER":0.0,"PRIME_SORC":null,"INST_LOCAT":"03-18-079-07W4","FLD_CENTRE":"Bonnyville","SUBSTANCE1":"Natural Gas","PLINSTATUS":"Operating"}},{"type":"Feature","geometry":{"type":"Point","coordinates":[-119.98496,58.0035]},"properties":{"LICINSTNO":"80693-1","INSTA_LIC":"80693","INSTA_NUM":"1","INSTA_TYPE":"Meter Station","BA_NAME":"NOVA Gas Transmission Ltd.","POWER":0.0,"PRIME_SORC":null,"INST_LOCAT":"13-06-104-12W6","FLD_CENTRE":"Grande Prairie","SUBSTANCE1":"Natural Gas","PLINSTATUS":"Operating"}},{"type":"Feature","geometry":{"type":"Point","coordinates":[-119.73722,57.87675]},"properties":{"LICINSTNO":"80693-2","INSTA_LIC":"80693","INSTA_NUM":"2","INSTA_TYPE":"Meter Station","BA_NAME":"NOVA Gas Transmission Ltd.","POWER":0.0,"PRIME_SORC":null,"INST_LOCAT":"02-28-102-11W6","FLD_CENTRE":"Grande Prairie","SUBSTANCE1":"Natural Gas","PLINSTATUS":"Operating"}},{"type":"Feature","geometry":{"type":"Point","coordinates":[-119.89116,57.17361]},"properties":{"LICINSTNO":"80693-4","INSTA_LIC":"80693","INSTA_NUM":"4","INSTA_TYPE":"Meter Station","BA_NAME":"NOVA Gas Transmission Ltd.","POWER":0.0,"PRIME_SORC":null,"INST_LOCAT":"15-20-094-12W6","FLD_CENTRE":"Grande Prairie","SUBSTANCE1":"Natural Gas","PLINSTATUS":"Operating"}},{"type":"Feature","geometry":{"type":"Point","coordinates":[-119.8909,57.17375]},"properties":{"LICINSTNO":"80693-5","INSTA_LIC":"80693","INSTA_NUM":"5","INSTA_TYPE":"Meter Station","BA_NAME":"NOVA Gas Transmission Ltd.","POWER":0.0,"PRIME_SORC":null,"INST_LOCAT":"15-20-094-12W6","FLD_CENTRE":"Grande Prairie","SUBSTANCE1":"Natural Gas","PLINSTATUS":"Operating"}},{"type":"Feature","geometry":{"type":"Point","coordinates":[-119.89065,57.17363]},"properties":{"LICINSTNO":"80693-7","INSTA_LIC":"80693","INSTA_NUM":"7","INSTA_TYPE":"Meter Station","BA_NAME":"NOVA Gas Transmission Ltd.","POWER":0.0,"PRIME_SORC":null,"INST_LOCAT":"15-20-094-12W6","FLD_CENTRE":"Grande Prairie","SUBSTANCE1":"Natural Gas","PLINSTATUS":"Operating"}},{"type":"Feature","geometry":{"type":"Point","coordinates":[-111.41413,55.41861]},"properties":{"LICINSTNO":"80694-1","INSTA_LIC":"80694","INSTA_NUM":"1","INSTA_TYPE":"Meter Station","BA_NAME":"NOVA Gas Transmission Ltd.","POWER":0.0,"PRIME_SORC":null,"INST_LOCAT":"04-24-074-10W4","FLD_CENTRE":"Bonnyville","SUBSTANCE1":"Natural Gas","PLINSTATUS":"Operating"}},{"type":"Feature","geometry":{"type":"Point","coordinates":[-113.82704,55.46884]},"properties":{"LICINSTNO":"80696-1","INSTA_LIC":"80696","INSTA_NUM":"1","INSTA_TYPE":"Meter Station","BA_NAME":"NOVA Gas Transmission Ltd.","POWER":0.0,"PRIME_SORC":null,"INST_LOCAT":"11-04-075-25W4","FLD_CENTRE":"Slave Lake","SUBSTANCE1":"Natural Gas","PLINSTATUS":"Operating"}},{"type":"Feature","geometry":{"type":"Point","coordinates":[-115.7474,53.18245]},"properties":{"LICINSTNO":"80698-1","INSTA_LIC":"80698","INSTA_NUM":"1","INSTA_TYPE":"Meter Station","BA_NAME":"NOVA Gas Transmission Ltd.","POWER":0.0,"PRIME_SORC":null,"INST_LOCAT":"06-31-048-12W5","FLD_CENTRE":"Drayton Valley","SUBSTANCE1":"Natural Gas","PLINSTATUS":"Operating"}},{"type":"Feature","geometry":{"type":"Point","coordinates":[-115.63585,53.1918]},"properties":{"LICINSTNO":"80698-2","INSTA_LIC":"80698","INSTA_NUM":"2","INSTA_TYPE":"Meter Station","BA_NAME":"NOVA Gas Transmission Ltd.","POWER":0.0,"PRIME_SORC":null,"INST_LOCAT":"16-35-048-12W5","FLD_CENTRE":"Drayton Valley","SUBSTANCE1":"Natural Gas","PLINSTATUS":"Operating"}},{"type":"Feature","geometry":{"type":"Point","coordinates":[-113.86003,55.39757]},"properties":{"LICINSTNO":"80700-1","INSTA_LIC":"80700","INSTA_NUM":"1","INSTA_TYPE":"Meter Station","BA_NAME":"NOVA Gas Transmission Ltd.","POWER":0.0,"PRIME_SORC":null,"INST_LOCAT":"10-12-074-26W4","FLD_CENTRE":"Slave Lake","SUBSTANCE1":"Natural Gas","PLINSTATUS":"Operating"}},{"type":"Feature","geometry":{"type":"Point","coordinates":[-113.70567,55.30626]},"properties":{"LICINSTNO":"80700-2","INSTA_LIC":"80700","INSTA_NUM":"2","INSTA_TYPE":"Meter Station","BA_NAME":"NOVA Gas Transmission Ltd.","POWER":0.0,"PRIME_SORC":null,"INST_LOCAT":"07-12-073-25W4","FLD_CENTRE":"Slave Lake","SUBSTANCE1":"Natural Gas","PLINSTATUS":"Operating"}},{"type":"Feature","geometry":{"type":"Point","coordinates":[-110.96942,54.6422]},"properties":{"LICINSTNO":"80702-1","INSTA_LIC":"80702","INSTA_NUM":"1","INSTA_TYPE":"Meter Station","BA_NAME":"NOVA Gas Transmission Ltd.","POWER":0.0,"PRIME_SORC":null,"INST_LOCAT":"09-22-065-07W4","FLD_CENTRE":"Bonnyville","SUBSTANCE1":"Natural Gas","PLINSTATUS":"Operating"}},{"type":"Feature","geometry":{"type":"Point","coordinates":[-119.2347,57.37419]},"properties":{"LICINSTNO":"80703-1","INSTA_LIC":"80703","INSTA_NUM":"1","INSTA_TYPE":"Meter Station","BA_NAME":"NOVA Gas Transmission Ltd.","POWER":0.0,"PRIME_SORC":null,"INST_LOCAT":"11-33-096-08W6","FLD_CENTRE":"Grande Prairie","SUBSTANCE1":"Natural Gas","PLINSTATUS":"Operating"}},{"type":"Feature","geometry":{"type":"Point","coordinates":[-114.65966,55.64394]},"properties":{"LICINSTNO":"80704-1","INSTA_LIC":"80704","INSTA_NUM":"1","INSTA_TYPE":"Meter Station","BA_NAME":"NOVA Gas Transmission Ltd.","POWER":0.0,"PRIME_SORC":null,"INST_LOCAT":"10-02-077-05W5","FLD_CENTRE":"Slave Lake","SUBSTANCE1":"Natural Gas","PLINSTATUS":"Operating"}},{"type":"Feature","geometry":{"type":"Point","coordinates":[-114.36861,55.69792]},"properties":{"LICINSTNO":"80704-2","INSTA_LIC":"80704","INSTA_NUM":"2","INSTA_TYPE":"Meter Station","BA_NAME":"NOVA Gas Transmission Ltd.","POWER":0.0,"PRIME_SORC":null,"INST_LOCAT":"08-27-077-03W5","FLD_CENTRE":"Slave Lake","SUBSTANCE1":"Natural Gas","PLINSTATUS":"Operating"}},{"type":"Feature","geometry":{"type":"Point","coordinates":[-119.94709,56.62518]},"properties":{"LICINSTNO":"80705-1","INSTA_LIC":"80705","INSTA_NUM":"1","INSTA_TYPE":"Meter Station","BA_NAME":"NOVA Gas Transmission Ltd.","POWER":0.0,"PRIME_SORC":null,"INST_LOCAT":"01-14-088-13W6","FLD_CENTRE":"Grande Prairie","SUBSTANCE1":"Natural Gas","PLINSTATUS":"Operating"}},{"type":"Feature","geometry":{"type":"Point","coordinates":[-112.25971,54.49378]},"properties":{"LICINSTNO":"80706-1","INSTA_LIC":"80706","INSTA_NUM":"1","INSTA_TYPE":"Meter Station","BA_NAME":"NOVA Gas Transmission Ltd.","POWER":0.0,"PRIME_SORC":null,"INST_LOCAT":"10-31-063-15W4","FLD_CENTRE":"Bonnyville","SUBSTANCE1":"Natural Gas","PLINSTATUS":"Operating"}},{"type":"Feature","geometry":{"type":"Point","coordinates":[-113.88939,56.23511]},"properties":{"LICINSTNO":"80707-1","INSTA_LIC":"80707","INSTA_NUM":"1","INSTA_TYPE":"Meter Station","BA_NAME":"NOVA Gas Transmission Ltd.","POWER":0.0,"PRIME_SORC":null,"INST_LOCAT":"02-33-083-25W4","FLD_CENTRE":"Slave Lake","SUBSTANCE1":"Natural Gas","PLINSTATUS":"Operating"}},{"type":"Feature","geometry":{"type":"Point","coordinates":[-114.53305,56.88808]},"properties":{"LICINSTNO":"80707-2","INSTA_LIC":"80707","INSTA_NUM":"2","INSTA_TYPE":"Meter Station","BA_NAME":"NOVA Gas Transmission Ltd.","POWER":0.0,"PRIME_SORC":null,"INST_LOCAT":"04-14-091-04W5","FLD_CENTRE":"Slave Lake","SUBSTANCE1":"Natural Gas","PLINSTATUS":"Operating"}},{"type":"Feature","geometry":{"type":"Point","coordinates":[-114.07113,56.52698]},"properties":{"LICINSTNO":"80707-3","INSTA_LIC":"80707","INSTA_NUM":"3","INSTA_TYPE":"Meter Station","BA_NAME":"NOVA Gas Transmission Ltd.","POWER":0.0,"PRIME_SORC":null,"INST_LOCAT":"06-10-087-01W5","FLD_CENTRE":"Slave Lake","SUBSTANCE1":"Natural Gas","PLINSTATUS":"Operating"}},{"type":"Feature","geometry":{"type":"Point","coordinates":[-114.89419,57.26566]},"properties":{"LICINSTNO":"80707-4","INSTA_LIC":"80707","INSTA_NUM":"4","INSTA_TYPE":"Meter Station","BA_NAME":"NOVA Gas Transmission Ltd.","POWER":0.0,"PRIME_SORC":null,"INST_LOCAT":"04-27-095-06W5","FLD_CENTRE":"Slave Lake","SUBSTANCE1":"Natural Gas","PLINSTATUS":"Operating"}},{"type":"Feature","geometry":{"type":"Point","coordinates":[-115.00643,57.07782]},"properties":{"LICINSTNO":"80707-5","INSTA_LIC":"80707","INSTA_NUM":"5","INSTA_TYPE":"Meter Station","BA_NAME":"NOVA Gas Transmission Ltd.","POWER":0.0,"PRIME_SORC":null,"INST_LOCAT":"02-23-093-07W5","FLD_CENTRE":"Slave Lake","SUBSTANCE1":"Natural Gas","PLINSTATUS":"Operating"}},{"type":"Feature","geometry":{"type":"Point","coordinates":[-114.39229,56.79448]},"properties":{"LICINSTNO":"80707-6","INSTA_LIC":"80707","INSTA_NUM":"6","INSTA_TYPE":"Meter Station","BA_NAME":"NOVA Gas Transmission Ltd.","POWER":0.0,"PRIME_SORC":null,"INST_LOCAT":"11-10-090-03W5","FLD_CENTRE":"Slave Lake","SUBSTANCE1":"Natural Gas","PLINSTATUS":"Operating"}},{"type":"Feature","geometry":{"type":"Point","coordinates":[-114.75504,56.95147]},"properties":{"LICINSTNO":"80707-7","INSTA_LIC":"80707","INSTA_NUM":"7","INSTA_TYPE":"Meter Station","BA_NAME":"NOVA Gas Transmission Ltd.","POWER":0.0,"PRIME_SORC":null,"INST_LOCAT":"08-05-092-05W5","FLD_CENTRE":"Slave Lake","SUBSTANCE1":"Natural Gas","PLINSTATUS":"Operating"}},{"type":"Feature","geometry":{"type":"Point","coordinates":[-119.75152,57.36247]},"properties":{"LICINSTNO":"80725-1","INSTA_LIC":"80725","INSTA_NUM":"1","INSTA_TYPE":"Meter Station","BA_NAME":"NOVA Gas Transmission Ltd.","POWER":0.0,"PRIME_SORC":null,"INST_LOCAT":"11-29-096-11W6","FLD_CENTRE":"Grande Prairie","SUBSTANCE1":"Natural Gas","PLINSTATUS":"Operating"}},{"type":"Feature","geometry":{"type":"Point","coordinates":[-119.75007,57.36534]},"properties":{"LICINSTNO":"80725-2","INSTA_LIC":"80725","INSTA_NUM":"2","INSTA_TYPE":"Meter Station","BA_NAME":"NOVA Gas Transmission Ltd.","POWER":0.0,"PRIME_SORC":null,"INST_LOCAT":"14-29-096-11W6","FLD_CENTRE":"Grande Prairie","SUBSTANCE1":"Natural Gas","PLINSTATUS":"Operating"}},{"type":"Feature","geometry":{"type":"Point","coordinates":[-119.75206,57.36244]},"properties":{"LICINSTNO":"80725-3","INSTA_LIC":"80725","INSTA_NUM":"3","INSTA_TYPE":"Meter Station","BA_NAME":"NOVA Gas Transmission Ltd.","POWER":0.0,"PRIME_SORC":null,"INST_LOCAT":"11-29-096-11W6","FLD_CENTRE":"Grande Prairie","SUBSTANCE1":"Natural Gas","PLINSTATUS":"Operating"}},{"type":"Feature","geometry":{"type":"Point","coordinates":[-114.48934,49.62394]},"properties":{"LICINSTNO":"80744-1","INSTA_LIC":"80744","INSTA_NUM":"1","INSTA_TYPE":"Meter Station","BA_NAME":"NOVA Gas Transmission Ltd.","POWER":0.0,"PRIME_SORC":null,"INST_LOCAT":"14-04-008-04W5","FLD_CENTRE":"Calgary","SUBSTANCE1":"Natural Gas","PLINSTATUS":"Operating"}},{"type":"Feature","geometry":{"type":"Point","coordinates":[-114.20792,50.2913]},"properties":{"LICINSTNO":"80745-1","INSTA_LIC":"80745","INSTA_NUM":"1","INSTA_TYPE":"Meter Station","BA_NAME":"NOVA Gas Transmission Ltd.","POWER":0.0,"PRIME_SORC":null,"INST_LOCAT":"09-28-015-02W5","FLD_CENTRE":"Calgary","SUBSTANCE1":"Natural Gas","PLINSTATUS":"Operating"}},{"type":"Feature","geometry":{"type":"Point","coordinates":[-114.91605,52.5818]},"properties":{"LICINSTNO":"80746-1","INSTA_LIC":"80746","INSTA_NUM":"1","INSTA_TYPE":"Meter Station","BA_NAME":"NOVA Gas Transmission Ltd.","POWER":0.0,"PRIME_SORC":null,"INST_LOCAT":"01-03-042-07W5","FLD_CENTRE":"Red Deer","SUBSTANCE1":"Natural Gas","PLINSTATUS":"Operating"}},{"type":"Feature","geometry":{"type":"Point","coordinates":[-115.52713,54.55978]},"properties":{"LICINSTNO":"80747-2","INSTA_LIC":"80747","INSTA_NUM":"2","INSTA_TYPE":"Meter Station","BA_NAME":"NOVA Gas Transmission Ltd.","POWER":0.0,"PRIME_SORC":null,"INST_LOCAT":"03-25-064-11W5","FLD_CENTRE":"Edmonton","SUBSTANCE1":"Natural Gas","PLINSTATUS":"Operating"}},{"type":"Feature","geometry":{"type":"Point","coordinates":[-110.01033,50.68042]},"properties":{"LICINSTNO":"80748-1","INSTA_LIC":"80748","INSTA_NUM":"1","INSTA_TYPE":"Meter Station","BA_NAME":"NOVA Gas Transmission Ltd.","POWER":0.0,"PRIME_SORC":null,"INST_LOCAT":"08-12-020-01W4","FLD_CENTRE":"Medicine Hat","SUBSTANCE1":"Natural Gas","PLINSTATUS":"Operating"}},{"type":"Feature","geometry":{"type":"Point","coordinates":[-117.46419,54.5291]},"properties":{"LICINSTNO":"80749-1","INSTA_LIC":"80749","INSTA_NUM":"1","INSTA_TYPE":"Meter Station","BA_NAME":"NOVA Gas Transmission Ltd.","POWER":0.0,"PRIME_SORC":null,"INST_LOCAT":"15-07-064-23W5","FLD_CENTRE":"Grande Prairie","SUBSTANCE1":"Natural Gas","PLINSTATUS":"Operating"}},{"type":"Feature","geometry":{"type":"Point","coordinates":[-110.74792,52.75557]},"properties":{"LICINSTNO":"80751-1","INSTA_LIC":"80751","INSTA_NUM":"1","INSTA_TYPE":"Meter Station","BA_NAME":"NOVA Gas Transmission Ltd.","POWER":0.0,"PRIME_SORC":null,"INST_LOCAT":"13-36-043-06W4","FLD_CENTRE":"Wainwright","SUBSTANCE1":"Natural Gas","PLINSTATUS":"Operating"}},{"type":"Feature","geometry":{"type":"Point","coordinates":[-118.25037,56.59226]},"properties":{"LICINSTNO":"80753-1","INSTA_LIC":"80753","INSTA_NUM":"1","INSTA_TYPE":"Meter Station","BA_NAME":"NOVA Gas Transmission Ltd.","POWER":0.0,"PRIME_SORC":null,"INST_LOCAT":"15-33-087-02W6","FLD_CENTRE":"Grande Prairie","SUBSTANCE1":"Natural Gas","PLINSTATUS":"Operating"}},{"type":"Feature","geometry":{"type":"Point","coordinates":[-118.25117,56.59004]},"properties":{"LICINSTNO":"80753-2","INSTA_LIC":"80753","INSTA_NUM":"2","INSTA_TYPE":"Meter Station","BA_NAME":"NOVA Gas Transmission Ltd.","POWER":0.0,"PRIME_SORC":null,"INST_LOCAT":"10-33-087-02W6","FLD_CENTRE":"Grande Prairie","SUBSTANCE1":"Natural Gas","PLINSTATUS":"Operating"}},{"type":"Feature","geometry":{"type":"Point","coordinates":[-115.55743,53.24196]},"properties":{"LICINSTNO":"80754-1","INSTA_LIC":"80754","INSTA_NUM":"1","INSTA_TYPE":"Meter Station","BA_NAME":"NOVA Gas Transmission Ltd.","POWER":0.0,"PRIME_SORC":null,"INST_LOCAT":"05-21-049-11W5","FLD_CENTRE":"Drayton Valley","SUBSTANCE1":"Natural Gas","PLINSTATUS":"Operating"}},{"type":"Feature","geometry":{"type":"Point","coordinates":[-115.55728,53.24196]},"properties":{"LICINSTNO":"80754-2","INSTA_LIC":"80754","INSTA_NUM":"2","INSTA_TYPE":"Meter Station","BA_NAME":"NOVA Gas Transmission Ltd.","POWER":0.0,"PRIME_SORC":null,"INST_LOCAT":"05-21-049-11W5","FLD_CENTRE":"Drayton Valley","SUBSTANCE1":"Natural Gas","PLINSTATUS":"Operating"}},{"type":"Feature","geometry":{"type":"Point","coordinates":[-114.00231,49.30859]},"properties":{"LICINSTNO":"80755-1","INSTA_LIC":"80755","INSTA_NUM":"1","INSTA_TYPE":"Meter Station","BA_NAME":"NOVA Gas Transmission Ltd.","POWER":0.0,"PRIME_SORC":null,"INST_LOCAT":"01-24-004-01W5","FLD_CENTRE":"Calgary","SUBSTANCE1":"Natural Gas","PLINSTATUS":"Operating"}},{"type":"Feature","geometry":{"type":"Point","coordinates":[-119.92991,56.36682]},"properties":{"LICINSTNO":"80756-1","INSTA_LIC":"80756","INSTA_NUM":"1","INSTA_TYPE":"Meter Station","BA_NAME":"NOVA Gas Transmission Ltd.","POWER":0.0,"PRIME_SORC":null,"INST_LOCAT":"08-14-085-13W6","FLD_CENTRE":"Grande Prairie","SUBSTANCE1":"Natural Gas","PLINSTATUS":"Operating"}},{"type":"Feature","geometry":{"type":"Point","coordinates":[-111.53693,50.80486]},"properties":{"LICINSTNO":"80757-1","INSTA_LIC":"80757","INSTA_NUM":"1","INSTA_TYPE":"Meter Station","BA_NAME":"NOVA Gas Transmission Ltd.","POWER":0.0,"PRIME_SORC":null,"INST_LOCAT":"15-24-021-12W4","FLD_CENTRE":"Medicine Hat","SUBSTANCE1":"Natural Gas","PLINSTATUS":"Operating"}},{"type":"Feature","geometry":{"type":"Point","coordinates":[-111.81543,53.24924]},"properties":{"LICINSTNO":"80759-1","INSTA_LIC":"80759","INSTA_NUM":"1","INSTA_TYPE":"Meter Station","BA_NAME":"NOVA Gas Transmission Ltd.","POWER":0.0,"PRIME_SORC":null,"INST_LOCAT":"02-27-049-13W4","FLD_CENTRE":"Wainwright","SUBSTANCE1":"Natural Gas","PLINSTATUS":"Operating"}},{"type":"Feature","geometry":{"type":"Point","coordinates":[-112.76991,51.35995]},"properties":{"LICINSTNO":"80760-1","INSTA_LIC":"80760","INSTA_NUM":"1","INSTA_TYPE":"Meter Station","BA_NAME":"NOVA Gas Transmission Ltd.","POWER":0.0,"PRIME_SORC":null,"INST_LOCAT":"04-04-028-20W4","FLD_CENTRE":"Calgary","SUBSTANCE1":"Natural Gas","PLINSTATUS":"Operating"}},{"type":"Feature","geometry":{"type":"Point","coordinates":[-111.98993,54.67539]},"properties":{"LICINSTNO":"80761-1","INSTA_LIC":"80761","INSTA_NUM":"1","INSTA_TYPE":"Meter Station","BA_NAME":"NOVA Gas Transmission Ltd.","POWER":0.0,"PRIME_SORC":null,"INST_LOCAT":"03-01-066-14W4","FLD_CENTRE":"Bonnyville","SUBSTANCE1":"Natural Gas","PLINSTATUS":"Operating"}},{"type":"Feature","geometry":{"type":"Point","coordinates":[-113.44839,54.71183]},"properties":{"LICINSTNO":"80763-1","INSTA_LIC":"80763","INSTA_NUM":"1","INSTA_TYPE":"Meter Station","BA_NAME":"NOVA Gas Transmission Ltd.","POWER":0.0,"PRIME_SORC":null,"INST_LOCAT":"06-17-066-23W4","FLD_CENTRE":"Edmonton","SUBSTANCE1":"Natural Gas","PLINSTATUS":"Operating"}},{"type":"Feature","geometry":{"type":"Point","coordinates":[-113.33512,51.30774]},"properties":{"LICINSTNO":"80764-1","INSTA_LIC":"80764","INSTA_NUM":"1","INSTA_TYPE":"Meter Station","BA_NAME":"NOVA Gas Transmission Ltd.","POWER":0.0,"PRIME_SORC":null,"INST_LOCAT":"09-17-027-24W4","FLD_CENTRE":"Calgary","SUBSTANCE1":"Natural Gas","PLINSTATUS":"Operating"}},{"type":"Feature","geometry":{"type":"Point","coordinates":[-111.57632,51.54735]},"properties":{"LICINSTNO":"80765-1","INSTA_LIC":"80765","INSTA_NUM":"1","INSTA_TYPE":"Meter Station","BA_NAME":"NOVA Gas Transmission Ltd.","POWER":0.0,"PRIME_SORC":null,"INST_LOCAT":"01-11-030-12W4","FLD_CENTRE":"Medicine Hat","SUBSTANCE1":"Natural Gas","PLINSTATUS":"Operating"}},{"type":"Feature","geometry":{"type":"Point","coordinates":[-111.79627,50.86791]},"properties":{"LICINSTNO":"80766-1","INSTA_LIC":"80766","INSTA_NUM":"1","INSTA_TYPE":"Meter Station","BA_NAME":"NOVA Gas Transmission Ltd.","POWER":0.0,"PRIME_SORC":null,"INST_LOCAT":"06-18-022-13W4","FLD_CENTRE":"Medicine Hat","SUBSTANCE1":"Natural Gas","PLINSTATUS":"Operating"}},{"type":"Feature","geometry":{"type":"Point","coordinates":[-112.20467,50.34705]},"properties":{"LICINSTNO":"80768-1","INSTA_LIC":"80768","INSTA_NUM":"1","INSTA_TYPE":"Meter Station","BA_NAME":"NOVA Gas Transmission Ltd.","POWER":0.0,"PRIME_SORC":null,"INST_LOCAT":"09-13-016-17W4","FLD_CENTRE":"Medicine Hat","SUBSTANCE1":"Natural Gas","PLINSTATUS":"Operating"}},{"type":"Feature","geometry":{"type":"Point","coordinates":[-112.54938,54.83815]},"properties":{"LICINSTNO":"80769-1","INSTA_LIC":"80769","INSTA_NUM":"1","INSTA_TYPE":"Meter Station","BA_NAME":"NOVA Gas Transmission Ltd.","POWER":0.0,"PRIME_SORC":null,"INST_LOCAT":"01-32-067-17W4","FLD_CENTRE":"Bonnyville","SUBSTANCE1":"Natural Gas","PLINSTATUS":"Operating"}},{"type":"Feature","geometry":{"type":"Point","coordinates":[-110.48168,50.89921]},"properties":{"LICINSTNO":"80770-1","INSTA_LIC":"80770","INSTA_NUM":"1","INSTA_TYPE":"Meter Station","BA_NAME":"NOVA Gas Transmission Ltd.","POWER":0.0,"PRIME_SORC":null,"INST_LOCAT":"06-27-022-04W4","FLD_CENTRE":"Medicine Hat","SUBSTANCE1":"Natural Gas","PLINSTATUS":"Operating"}},{"type":"Feature","geometry":{"type":"Point","coordinates":[-112.64379,49.64278]},"properties":{"LICINSTNO":"80771-1","INSTA_LIC":"80771","INSTA_NUM":"1","INSTA_TYPE":"Meter Station","BA_NAME":"NOVA Gas Transmission Ltd.","POWER":0.0,"PRIME_SORC":null,"INST_LOCAT":"04-15-008-20W4","FLD_CENTRE":"Medicine Hat","SUBSTANCE1":"Natural Gas","PLINSTATUS":"Operating"}},{"type":"Feature","geometry":{"type":"Point","coordinates":[-111.78264,50.59396]},"properties":{"LICINSTNO":"80772-1","INSTA_LIC":"80772","INSTA_NUM":"1","INSTA_TYPE":"Meter Station","BA_NAME":"NOVA Gas Transmission Ltd.","POWER":0.0,"PRIME_SORC":null,"INST_LOCAT":"09-07-019-13W4","FLD_CENTRE":"Medicine Hat","SUBSTANCE1":"Natural Gas","PLINSTATUS":"Operating"}},{"type":"Feature","geometry":{"type":"Point","coordinates":[-118.10267,57.80775]},"properties":{"LICINSTNO":"80773-1","INSTA_LIC":"80773","INSTA_NUM":"1","INSTA_TYPE":"Meter Station","BA_NAME":"NOVA Gas Transmission Ltd.","POWER":0.0,"PRIME_SORC":null,"INST_LOCAT":"06-33-101-01W6","FLD_CENTRE":"Grande Prairie","SUBSTANCE1":"Natural Gas","PLINSTATUS":"Operating"}},{"type":"Feature","geometry":{"type":"Point","coordinates":[-113.63932,55.431]},"properties":{"LICINSTNO":"80774-1","INSTA_LIC":"80774","INSTA_NUM":"1","INSTA_TYPE":"Meter Station","BA_NAME":"NOVA Gas Transmission Ltd.","POWER":0.0,"PRIME_SORC":null,"INST_LOCAT":"14-21-074-24W4","FLD_CENTRE":"Slave Lake","SUBSTANCE1":"Natural Gas","PLINSTATUS":"Operating"}},{"type":"Feature","geometry":{"type":"Point","coordinates":[-111.53642,50.83456]},"properties":{"LICINSTNO":"80775-1","INSTA_LIC":"80775","INSTA_NUM":"1","INSTA_TYPE":"Meter Station","BA_NAME":"NOVA Gas Transmission Ltd.","POWER":0.0,"PRIME_SORC":null,"INST_LOCAT":"02-01-022-12W4","FLD_CENTRE":"Medicine Hat","SUBSTANCE1":"Natural Gas","PLINSTATUS":"Operating"}},{"type":"Feature","geometry":{"type":"Point","coordinates":[-111.88498,51.62053]},"properties":{"LICINSTNO":"80777-1","INSTA_LIC":"80777","INSTA_NUM":"1","INSTA_TYPE":"Meter Station","BA_NAME":"NOVA Gas Transmission Ltd.","POWER":0.0,"PRIME_SORC":null,"INST_LOCAT":"03-02-031-14W4","FLD_CENTRE":"Medicine Hat","SUBSTANCE1":"Natural Gas","PLINSTATUS":"Operating"}},{"type":"Feature","geometry":{"type":"Point","coordinates":[-118.5081,58.25552]},"properties":{"LICINSTNO":"80778-1","INSTA_LIC":"80778","INSTA_NUM":"1","INSTA_TYPE":"Meter Station","BA_NAME":"NOVA Gas Transmission Ltd.","POWER":0.0,"PRIME_SORC":null,"INST_LOCAT":"01-01-107-04W6","FLD_CENTRE":"Grande Prairie","SUBSTANCE1":"Natural Gas","PLINSTATUS":"Operating"}},{"type":"Feature","geometry":{"type":"Point","coordinates":[-111.6793,53.0444]},"properties":{"LICINSTNO":"80779-1","INSTA_LIC":"80779","INSTA_NUM":"1","INSTA_TYPE":"Meter Station","BA_NAME":"NOVA Gas Transmission Ltd.","POWER":0.0,"PRIME_SORC":null,"INST_LOCAT":"14-10-047-12W4","FLD_CENTRE":"Wainwright","SUBSTANCE1":"Natural Gas","PLINSTATUS":"Operating"}},{"type":"Feature","geometry":{"type":"Point","coordinates":[-111.04745,50.17372]},"properties":{"LICINSTNO":"80780-1","INSTA_LIC":"80780","INSTA_NUM":"1","INSTA_TYPE":"Meter Station","BA_NAME":"NOVA Gas Transmission Ltd.","POWER":0.0,"PRIME_SORC":null,"INST_LOCAT":"12-16-014-08W4","FLD_CENTRE":"Medicine Hat","SUBSTANCE1":"Natural Gas","PLINSTATUS":"Operating"}},{"type":"Feature","geometry":{"type":"Point","coordinates":[-112.10796,53.76637]},"properties":{"LICINSTNO":"80781-1","INSTA_LIC":"80781","INSTA_NUM":"1","INSTA_TYPE":"Meter Station","BA_NAME":"NOVA Gas Transmission Ltd.","POWER":0.0,"PRIME_SORC":null,"INST_LOCAT":"12-24-055-15W4","FLD_CENTRE":"Wainwright","SUBSTANCE1":"Natural Gas","PLINSTATUS":"Operating"}},{"type":"Feature","geometry":{"type":"Point","coordinates":[-113.19964,54.17583]},"properties":{"LICINSTNO":"80782-1","INSTA_LIC":"80782","INSTA_NUM":"1","INSTA_TYPE":"Meter Station","BA_NAME":"NOVA Gas Transmission Ltd.","POWER":0.0,"PRIME_SORC":null,"INST_LOCAT":"12-11-060-22W4","FLD_CENTRE":"Edmonton","SUBSTANCE1":"Natural Gas","PLINSTATUS":"Operating"}},{"type":"Feature","geometry":{"type":"Point","coordinates":[-117.99569,57.18735]},"properties":{"LICINSTNO":"80783-2","INSTA_LIC":"80783","INSTA_NUM":"2","INSTA_TYPE":"Meter Station","BA_NAME":"NOVA Gas Transmission Ltd.","POWER":0.0,"PRIME_SORC":null,"INST_LOCAT":"12-29-094-25W5","FLD_CENTRE":"Grande Prairie","SUBSTANCE1":"Natural Gas","PLINSTATUS":"Operating"}},{"type":"Feature","geometry":{"type":"Point","coordinates":[-114.11288,54.92251]},"properties":{"LICINSTNO":"80784-1","INSTA_LIC":"80784","INSTA_NUM":"1","INSTA_TYPE":"Meter Station","BA_NAME":"NOVA Gas Transmission Ltd.","POWER":0.0,"PRIME_SORC":null,"INST_LOCAT":"15-29-068-01W5","FLD_CENTRE":"Edmonton","SUBSTANCE1":"Natural Gas","PLINSTATUS":"Operating"}},{"type":"Feature","geometry":{"type":"Point","coordinates":[-112.10412,53.36629]},"properties":{"LICINSTNO":"80785-1","INSTA_LIC":"80785","INSTA_NUM":"1","INSTA_TYPE":"Meter Station","BA_NAME":"NOVA Gas Transmission Ltd.","POWER":0.0,"PRIME_SORC":null,"INST_LOCAT":"16-34-050-15W4","FLD_CENTRE":"Wainwright","SUBSTANCE1":"Natural Gas","PLINSTATUS":"Operating"}},{"type":"Feature","geometry":{"type":"Point","coordinates":[-112.10556,50.9046]},"properties":{"LICINSTNO":"80786-1","INSTA_LIC":"80786","INSTA_NUM":"1","INSTA_TYPE":"Meter Station","BA_NAME":"NOVA Gas Transmission Ltd.","POWER":0.0,"PRIME_SORC":null,"INST_LOCAT":"16-26-022-16W4","FLD_CENTRE":"Medicine Hat","SUBSTANCE1":"Natural Gas","PLINSTATUS":"Operating"}},{"type":"Feature","geometry":{"type":"Point","coordinates":[-118.30054,55.75823]},"properties":{"LICINSTNO":"80787-1","INSTA_LIC":"80787","INSTA_NUM":"1","INSTA_TYPE":"Meter Station","BA_NAME":"NOVA Gas Transmission Ltd.","POWER":0.0,"PRIME_SORC":null,"INST_LOCAT":"06-18-078-02W6","FLD_CENTRE":"Grande Prairie","SUBSTANCE1":"Natural Gas","PLINSTATUS":"Operating"}},{"type":"Feature","geometry":{"type":"Point","coordinates":[-115.14218,52.92799]},"properties":{"LICINSTNO":"80788-1","INSTA_LIC":"80788","INSTA_NUM":"1","INSTA_TYPE":"Meter Station","BA_NAME":"NOVA Gas Transmission Ltd.","POWER":0.0,"PRIME_SORC":null,"INST_LOCAT":"16-31-045-08W5","FLD_CENTRE":"Drayton Valley","SUBSTANCE1":"Natural Gas","PLINSTATUS":"Operating"}},{"type":"Feature","geometry":{"type":"Point","coordinates":[-112.23168,52.60927]},"properties":{"LICINSTNO":"80789-1","INSTA_LIC":"80789","INSTA_NUM":"1","INSTA_TYPE":"Meter Station","BA_NAME":"NOVA Gas Transmission Ltd.","POWER":0.0,"PRIME_SORC":null,"INST_LOCAT":"04-15-042-16W4","FLD_CENTRE":"Wainwright","SUBSTANCE1":"Natural Gas","PLINSTATUS":"Operating"}},{"type":"Feature","geometry":{"type":"Point","coordinates":[-118.01771,56.53269]},"properties":{"LICINSTNO":"80790-1","INSTA_LIC":"80790","INSTA_NUM":"1","INSTA_TYPE":"Meter Station","BA_NAME":"NOVA Gas Transmission Ltd.","POWER":0.0,"PRIME_SORC":null,"INST_LOCAT":"11-12-087-01W6","FLD_CENTRE":"Grande Prairie","SUBSTANCE1":"Natural Gas","PLINSTATUS":"Operating"}},{"type":"Feature","geometry":{"type":"Point","coordinates":[-111.83798,51.5037]},"properties":{"LICINSTNO":"80791-1","INSTA_LIC":"80791","INSTA_NUM":"1","INSTA_TYPE":"Meter Station","BA_NAME":"NOVA Gas Transmission Ltd.","POWER":0.0,"PRIME_SORC":null,"INST_LOCAT":"01-25-029-14W4","FLD_CENTRE":"Medicine Hat","SUBSTANCE1":"Natural Gas","PLINSTATUS":"Operating"}},{"type":"Feature","geometry":{"type":"Point","coordinates":[-110.17825,54.36696]},"properties":{"LICINSTNO":"80792-1","INSTA_LIC":"80792","INSTA_NUM":"1","INSTA_TYPE":"Meter Station","BA_NAME":"NOVA Gas Transmission Ltd.","POWER":0.0,"PRIME_SORC":null,"INST_LOCAT":"13-13-062-02W4","FLD_CENTRE":"Bonnyville","SUBSTANCE1":"Natural Gas","PLINSTATUS":"Operating"}},{"type":"Feature","geometry":{"type":"Point","coordinates":[-111.47879,54.10535]},"properties":{"LICINSTNO":"80793-1","INSTA_LIC":"80793","INSTA_NUM":"1","INSTA_TYPE":"Meter Station","BA_NAME":"NOVA Gas Transmission Ltd.","POWER":0.0,"PRIME_SORC":null,"INST_LOCAT":"16-18-059-10W4","FLD_CENTRE":"Bonnyville","SUBSTANCE1":"Natural Gas","PLINSTATUS":"Operating"}},{"type":"Feature","geometry":{"type":"Point","coordinates":[-114.38201,50.89232]},"properties":{"LICINSTNO":"80794-1","INSTA_LIC":"80794","INSTA_NUM":"1","INSTA_TYPE":"Meter Station","BA_NAME":"NOVA Gas Transmission Ltd.","POWER":0.0,"PRIME_SORC":null,"INST_LOCAT":"02-29-022-03W5","FLD_CENTRE":"Calgary","SUBSTANCE1":"Natural Gas","PLINSTATUS":"Operating"}},{"type":"Feature","geometry":{"type":"Point","coordinates":[-114.38201,50.89232]},"properties":{"LICINSTNO":"80794-2","INSTA_LIC":"80794","INSTA_NUM":"2","INSTA_TYPE":"Meter Station","BA_NAME":"NOVA Gas Transmission Ltd.","POWER":0.0,"PRIME_SORC":null,"INST_LOCAT":"02-29-022-03W5","FLD_CENTRE":"Calgary","SUBSTANCE1":"Natural Gas","PLINSTATUS":"Operating"}},{"type":"Feature","geometry":{"type":"Point","coordinates":[-118.98995,58.36532]},"properties":{"LICINSTNO":"80795-1","INSTA_LIC":"80795","INSTA_NUM":"1","INSTA_TYPE":"Meter Station","BA_NAME":"NOVA Gas Transmission Ltd.","POWER":0.0,"PRIME_SORC":null,"INST_LOCAT":"15-07-108-06W6","FLD_CENTRE":"Grande Prairie","SUBSTANCE1":"Natural Gas","PLINSTATUS":"Operating"}},{"type":"Feature","geometry":{"type":"Point","coordinates":[-116.68457,53.63997]},"properties":{"LICINSTNO":"80796-1","INSTA_LIC":"80796","INSTA_NUM":"1","INSTA_TYPE":"Meter Station","BA_NAME":"NOVA Gas Transmission Ltd.","POWER":0.0,"PRIME_SORC":null,"INST_LOCAT":"16-02-054-19W5","FLD_CENTRE":"Drayton Valley","SUBSTANCE1":"Natural Gas","PLINSTATUS":"Operating"}},{"type":"Feature","geometry":{"type":"Point","coordinates":[-111.57852,50.95018]},"properties":{"LICINSTNO":"80797-1","INSTA_LIC":"80797","INSTA_NUM":"1","INSTA_TYPE":"Meter Station","BA_NAME":"NOVA Gas Transmission Ltd.","POWER":0.0,"PRIME_SORC":null,"INST_LOCAT":"14-11-023-12W4","FLD_CENTRE":"Medicine Hat","SUBSTANCE1":"Natural Gas","PLINSTATUS":"Operating"}},{"type":"Feature","geometry":{"type":"Point","coordinates":[-110.02977,54.34588]},"properties":{"LICINSTNO":"80798-1","INSTA_LIC":"80798","INSTA_NUM":"1","INSTA_TYPE":"Meter Station","BA_NAME":"NOVA Gas Transmission Ltd.","POWER":0.0,"PRIME_SORC":null,"INST_LOCAT":"05-12-062-01W4","FLD_CENTRE":"Bonnyville","SUBSTANCE1":"Natural Gas","PLINSTATUS":"Operating"}},{"type":"Feature","geometry":{"type":"Point","coordinates":[-113.07818,53.9567]},"properties":{"LICINSTNO":"80799-1","INSTA_LIC":"80799","INSTA_NUM":"1","INSTA_TYPE":"Meter Station","BA_NAME":"NOVA Gas Transmission Ltd.","POWER":0.0,"PRIME_SORC":null,"INST_LOCAT":"09-29-057-21W4","FLD_CENTRE":"Edmonton","SUBSTANCE1":"Natural Gas","PLINSTATUS":"Operating"}},{"type":"Feature","geometry":{"type":"Point","coordinates":[-114.46869,51.69415]},"properties":{"LICINSTNO":"80800-1","INSTA_LIC":"80800","INSTA_NUM":"1","INSTA_TYPE":"Meter Station","BA_NAME":"NOVA Gas Transmission Ltd.","POWER":0.0,"PRIME_SORC":null,"INST_LOCAT":"04-35-031-04W5","FLD_CENTRE":"Red Deer","SUBSTANCE1":"Natural Gas","PLINSTATUS":"Operating"}},{"type":"Feature","geometry":{"type":"Point","coordinates":[-112.78043,49.96092]},"properties":{"LICINSTNO":"80801-1","INSTA_LIC":"80801","INSTA_NUM":"1","INSTA_TYPE":"Meter Station","BA_NAME":"NOVA Gas Transmission Ltd.","POWER":0.0,"PRIME_SORC":null,"INST_LOCAT":"01-03-012-21W4","FLD_CENTRE":"Calgary","SUBSTANCE1":"Natural Gas","PLINSTATUS":"Operating"}},{"type":"Feature","geometry":{"type":"Point","coordinates":[-119.3606,55.67909]},"properties":{"LICINSTNO":"80802-1","INSTA_LIC":"80802","INSTA_NUM":"1","INSTA_TYPE":"Meter Station","BA_NAME":"NOVA Gas Transmission Ltd.","POWER":0.0,"PRIME_SORC":null,"INST_LOCAT":"14-17-077-09W6","FLD_CENTRE":"Grande Prairie","SUBSTANCE1":"Natural Gas","PLINSTATUS":"Operating"}},{"type":"Feature","geometry":{"type":"Point","coordinates":[-115.61054,53.48506]},"properties":{"LICINSTNO":"80803-1","INSTA_LIC":"80803","INSTA_NUM":"1","INSTA_TYPE":"Meter Station","BA_NAME":"NOVA Gas Transmission Ltd.","POWER":0.0,"PRIME_SORC":null,"INST_LOCAT":"02-18-052-11W5","FLD_CENTRE":"Drayton Valley","SUBSTANCE1":"Natural Gas","PLINSTATUS":"Operating"}},{"type":"Feature","geometry":{"type":"Point","coordinates":[-111.91154,54.76632]},"properties":{"LICINSTNO":"80806-1","INSTA_LIC":"80806","INSTA_NUM":"1","INSTA_TYPE":"Meter Station","BA_NAME":"NOVA Gas Transmission Ltd.","POWER":0.0,"PRIME_SORC":null,"INST_LOCAT":"05-03-067-13W4","FLD_CENTRE":"Bonnyville","SUBSTANCE1":"Natural Gas","PLINSTATUS":"Operating"}},{"type":"Feature","geometry":{"type":"Point","coordinates":[-111.91153,54.76632]},"properties":{"LICINSTNO":"80806-2","INSTA_LIC":"80806","INSTA_NUM":"2","INSTA_TYPE":"Meter Station","BA_NAME":"NOVA Gas Transmission Ltd.","POWER":0.0,"PRIME_SORC":null,"INST_LOCAT":"05-03-067-13W4","FLD_CENTRE":"Bonnyville","SUBSTANCE1":"Natural Gas","PLINSTATUS":"Operating"}},{"type":"Feature","geometry":{"type":"Point","coordinates":[-110.80146,52.42221]},"properties":{"LICINSTNO":"80807-1","INSTA_LIC":"80807","INSTA_NUM":"1","INSTA_TYPE":"Meter Station","BA_NAME":"NOVA Gas Transmission Ltd.","POWER":0.0,"PRIME_SORC":null,"INST_LOCAT":"01-09-040-06W4","FLD_CENTRE":"Wainwright","SUBSTANCE1":"Natural Gas","PLINSTATUS":"Operating"}},{"type":"Feature","geometry":{"type":"Point","coordinates":[-115.89848,54.22563]},"properties":{"LICINSTNO":"80808-1","INSTA_LIC":"80808","INSTA_NUM":"1","INSTA_TYPE":"Meter Station","BA_NAME":"NOVA Gas Transmission Ltd.","POWER":0.0,"PRIME_SORC":null,"INST_LOCAT":"04-33-060-13W5","FLD_CENTRE":"Edmonton","SUBSTANCE1":"Natural Gas","PLINSTATUS":"Operating"}},{"type":"Feature","geometry":{"type":"Point","coordinates":[-113.47869,55.49867]},"properties":{"LICINSTNO":"80809-2","INSTA_LIC":"80809","INSTA_NUM":"2","INSTA_TYPE":"Meter Station","BA_NAME":"NOVA Gas Transmission Ltd.","POWER":0.0,"PRIME_SORC":null,"INST_LOCAT":"09-15-075-23W4","FLD_CENTRE":"Slave Lake","SUBSTANCE1":"Natural Gas","PLINSTATUS":"Operating"}},{"type":"Feature","geometry":{"type":"Point","coordinates":[-114.60077,55.26594]},"properties":{"LICINSTNO":"80810-1","INSTA_LIC":"80810","INSTA_NUM":"1","INSTA_TYPE":"Meter Station","BA_NAME":"NOVA Gas Transmission Ltd.","POWER":0.0,"PRIME_SORC":null,"INST_LOCAT":"10-30-072-04W5","FLD_CENTRE":"Slave Lake","SUBSTANCE1":"Natural Gas","PLINSTATUS":"Operating"}},{"type":"Feature","geometry":{"type":"Point","coordinates":[-111.96574,50.62892]},"properties":{"LICINSTNO":"80811-1","INSTA_LIC":"80811","INSTA_NUM":"1","INSTA_TYPE":"Meter Station","BA_NAME":"NOVA Gas Transmission Ltd.","POWER":0.0,"PRIME_SORC":null,"INST_LOCAT":"13-24-019-15W4","FLD_CENTRE":"Medicine Hat","SUBSTANCE1":"Natural Gas","PLINSTATUS":"Operating"}},{"type":"Feature","geometry":{"type":"Point","coordinates":[-114.13317,49.97631]},"properties":{"LICINSTNO":"80812-1","INSTA_LIC":"80812","INSTA_NUM":"1","INSTA_TYPE":"Meter Station","BA_NAME":"NOVA Gas Transmission Ltd.","POWER":0.0,"PRIME_SORC":null,"INST_LOCAT":"04-07-012-01W5","FLD_CENTRE":"Calgary","SUBSTANCE1":"Natural Gas","PLINSTATUS":"Operating"}},{"type":"Feature","geometry":{"type":"Point","coordinates":[-114.13332,49.97633]},"properties":{"LICINSTNO":"80812-2","INSTA_LIC":"80812","INSTA_NUM":"2","INSTA_TYPE":"Meter Station","BA_NAME":"NOVA Gas Transmission Ltd.","POWER":0.0,"PRIME_SORC":null,"INST_LOCAT":"04-07-012-01W5","FLD_CENTRE":"Calgary","SUBSTANCE1":"Natural Gas","PLINSTATUS":"Operating"}},{"type":"Feature","geometry":{"type":"Point","coordinates":[-114.76648,51.9641]},"properties":{"LICINSTNO":"80814-1","INSTA_LIC":"80814","INSTA_NUM":"1","INSTA_TYPE":"Meter Station","BA_NAME":"NOVA Gas Transmission Ltd.","POWER":0.0,"PRIME_SORC":null,"INST_LOCAT":"10-34-034-06W5","FLD_CENTRE":"Red Deer","SUBSTANCE1":"Natural Gas","PLINSTATUS":"Operating"}},{"type":"Feature","geometry":{"type":"Point","coordinates":[-110.71985,55.46685]},"properties":{"LICINSTNO":"80815-1","INSTA_LIC":"80815","INSTA_NUM":"1","INSTA_TYPE":"Meter Station","BA_NAME":"NOVA Gas Transmission Ltd.","POWER":0.0,"PRIME_SORC":null,"INST_LOCAT":"06-04-075-05W4","FLD_CENTRE":"Bonnyville","SUBSTANCE1":"Natural Gas","PLINSTATUS":"Operating"}},{"type":"Feature","geometry":{"type":"Point","coordinates":[-112.57981,54.4446]},"properties":{"LICINSTNO":"80816-1","INSTA_LIC":"80816","INSTA_NUM":"1","INSTA_TYPE":"Meter Station","BA_NAME":"NOVA Gas Transmission Ltd.","POWER":0.0,"PRIME_SORC":null,"INST_LOCAT":"01-13-063-18W4","FLD_CENTRE":"Edmonton","SUBSTANCE1":"Natural Gas","PLINSTATUS":"Operating"}},{"type":"Feature","geometry":{"type":"Point","coordinates":[-114.0397,54.93956]},"properties":{"LICINSTNO":"80819-1","INSTA_LIC":"80819","INSTA_NUM":"1","INSTA_TYPE":"Meter Station","BA_NAME":"NOVA Gas Transmission Ltd.","POWER":0.0,"PRIME_SORC":null,"INST_LOCAT":"02-02-069-01W5","FLD_CENTRE":"Edmonton","SUBSTANCE1":"Natural Gas","PLINSTATUS":"Operating"}},{"type":"Feature","geometry":{"type":"Point","coordinates":[-113.21852,51.69246]},"properties":{"LICINSTNO":"80824-1","INSTA_LIC":"80824","INSTA_NUM":"1","INSTA_TYPE":"Meter Station","BA_NAME":"NOVA Gas Transmission Ltd.","POWER":0.0,"PRIME_SORC":null,"INST_LOCAT":"16-29-031-23W4","FLD_CENTRE":"Red Deer","SUBSTANCE1":"Natural Gas","PLINSTATUS":"Operating"}},{"type":"Feature","geometry":{"type":"Point","coordinates":[-113.05799,51.46708]},"properties":{"LICINSTNO":"80825-1","INSTA_LIC":"80825","INSTA_NUM":"1","INSTA_TYPE":"Meter Station","BA_NAME":"NOVA Gas Transmission Ltd.","POWER":0.0,"PRIME_SORC":null,"INST_LOCAT":"09-08-029-22W4","FLD_CENTRE":"Calgary","SUBSTANCE1":"Natural Gas","PLINSTATUS":"Operating"}},{"type":"Feature","geometry":{"type":"Point","coordinates":[-117.12695,53.89378]},"properties":{"LICINSTNO":"80826-1","INSTA_LIC":"80826","INSTA_NUM":"1","INSTA_TYPE":"Meter Station","BA_NAME":"NOVA Gas Transmission Ltd.","POWER":0.0,"PRIME_SORC":null,"INST_LOCAT":"01-01-057-22W5","FLD_CENTRE":"Drayton Valley","SUBSTANCE1":"Natural Gas","PLINSTATUS":"Operating"}},{"type":"Feature","geometry":{"type":"Point","coordinates":[-119.8207,55.77476]},"properties":{"LICINSTNO":"80499-1","INSTA_LIC":"80499","INSTA_NUM":"1","INSTA_TYPE":"Meter Station","BA_NAME":"NOVA Gas Transmission Ltd.","POWER":0.0,"PRIME_SORC":null,"INST_LOCAT":"10-20-078-12W6","FLD_CENTRE":"Grande Prairie","SUBSTANCE1":"Natural Gas","PLINSTATUS":"Operating"}},{"type":"Feature","geometry":{"type":"Point","coordinates":[-118.98406,55.63887]},"properties":{"LICINSTNO":"80683-1","INSTA_LIC":"80683","INSTA_NUM":"1","INSTA_TYPE":"Meter Station","BA_NAME":"NOVA Gas Transmission Ltd.","POWER":0.0,"PRIME_SORC":null,"INST_LOCAT":"01-03-077-07W6","FLD_CENTRE":"Grande Prairie","SUBSTANCE1":"Natural Gas","PLINSTATUS":"Operating"}},{"type":"Feature","geometry":{"type":"Point","coordinates":[-117.99568,57.18734]},"properties":{"LICINSTNO":"80783-1","INSTA_LIC":"80783","INSTA_NUM":"1","INSTA_TYPE":"Meter Station","BA_NAME":"NOVA Gas Transmission Ltd.","POWER":0.0,"PRIME_SORC":null,"INST_LOCAT":"12-29-094-25W5","FLD_CENTRE":"Grande Prairie","SUBSTANCE1":"Natural Gas","PLINSTATUS":"Operating"}},{"type":"Feature","geometry":{"type":"Point","coordinates":[-118.69114,56.10829]},"properties":{"LICINSTNO":"80356-1","INSTA_LIC":"80356","INSTA_NUM":"1","INSTA_TYPE":"Meter Station","BA_NAME":"NOVA Gas Transmission Ltd.","POWER":0.0,"PRIME_SORC":null,"INST_LOCAT":"07-15-082-05W6","FLD_CENTRE":"Grande Prairie","SUBSTANCE1":"Natural Gas","PLINSTATUS":"Operating"}},{"type":"Feature","geometry":{"type":"Point","coordinates":[-118.437,55.14478]},"properties":{"LICINSTNO":"80283-3","INSTA_LIC":"80283","INSTA_NUM":"3","INSTA_TYPE":"Meter Station","BA_NAME":"NOVA Gas Transmission Ltd.","POWER":0.0,"PRIME_SORC":null,"INST_LOCAT":"01-18-071-03W6","FLD_CENTRE":"Grande Prairie","SUBSTANCE1":"Natural Gas","PLINSTATUS":"Operating"}},{"type":"Feature","geometry":{"type":"Point","coordinates":[-112.01623,53.63671]},"properties":{"LICINSTNO":"80173-20","INSTA_LIC":"80173","INSTA_NUM":"20","INSTA_TYPE":"Meter Station","BA_NAME":"NOVA Gas Transmission Ltd.","POWER":0.0,"PRIME_SORC":null,"INST_LOCAT":"12-04-054-14W4","FLD_CENTRE":"Edmonton","SUBSTANCE1":"Natural Gas","PLINSTATUS":"Operating"}},{"type":"Feature","geometry":{"type":"Point","coordinates":[-118.58445,57.97087]},"properties":{"LICINSTNO":"80162-16","INSTA_LIC":"80162","INSTA_NUM":"16","INSTA_TYPE":"Meter Station","BA_NAME":"NOVA Gas Transmission Ltd.","POWER":0.0,"PRIME_SORC":null,"INST_LOCAT":"09-28-103-04W6","FLD_CENTRE":"Grande Prairie","SUBSTANCE1":"Natural Gas","PLINSTATUS":"Operating"}},{"type":"Feature","geometry":{"type":"Point","coordinates":[-110.82232,53.73061]},"properties":{"LICINSTNO":"80173-55","INSTA_LIC":"80173","INSTA_NUM":"55","INSTA_TYPE":"Meter Station","BA_NAME":"NOVA Gas Transmission Ltd.","POWER":0.0,"PRIME_SORC":null,"INST_LOCAT":"01-09-055-06W4","FLD_CENTRE":"Edmonton","SUBSTANCE1":"Natural Gas","PLINSTATUS":"Operating"}},{"type":"Feature","geometry":{"type":"Point","coordinates":[-111.75491,55.38321]},"properties":{"LICINSTNO":"80694-3","INSTA_LIC":"80694","INSTA_NUM":"3","INSTA_TYPE":"Meter Station","BA_NAME":"NOVA Gas Transmission Ltd.","POWER":0.0,"PRIME_SORC":null,"INST_LOCAT":"09-03-074-12W4","FLD_CENTRE":"Bonnyville","SUBSTANCE1":"Natural Gas","PLINSTATUS":"Operating"}},{"type":"Feature","geometry":{"type":"Point","coordinates":[-111.61192,51.21553]},"properties":{"LICINSTNO":"80083-2","INSTA_LIC":"80083","INSTA_NUM":"2","INSTA_TYPE":"Meter Station","BA_NAME":"NOVA Gas Transmission Ltd.","POWER":0.0,"PRIME_SORC":null,"INST_LOCAT":"01-16-026-12W4","FLD_CENTRE":"Medicine Hat","SUBSTANCE1":"Natural Gas","PLINSTATUS":"Operating"}},{"type":"Feature","geometry":{"type":"Point","coordinates":[-115.86683,53.75452]},"properties":{"LICINSTNO":"80366-1","INSTA_LIC":"80366","INSTA_NUM":"1","INSTA_TYPE":"Meter Station","BA_NAME":"NOVA Gas Transmission Ltd.","POWER":0.0,"PRIME_SORC":null,"INST_LOCAT":"10-16-055-13W5","FLD_CENTRE":"Drayton Valley","SUBSTANCE1":"Natural Gas","PLINSTATUS":"Operating"}},{"type":"Feature","geometry":{"type":"Point","coordinates":[-117.62554,58.08023]},"properties":{"LICINSTNO":"80334-1","INSTA_LIC":"80334","INSTA_NUM":"1","INSTA_TYPE":"Meter Station","BA_NAME":"NOVA Gas Transmission Ltd.","POWER":0.0,"PRIME_SORC":null,"INST_LOCAT":"01-06-105-22W5","FLD_CENTRE":"Grande Prairie","SUBSTANCE1":"Natural Gas","PLINSTATUS":"Operating"}},{"type":"Feature","geometry":{"type":"Point","coordinates":[-112.31808,53.15931]},"properties":{"LICINSTNO":"80223-1","INSTA_LIC":"80223","INSTA_NUM":"1","INSTA_TYPE":"Meter Station","BA_NAME":"NOVA Gas Transmission Ltd.","POWER":0.0,"PRIME_SORC":null,"INST_LOCAT":"12-20-048-16W4","FLD_CENTRE":"Wainwright","SUBSTANCE1":"Natural Gas","PLINSTATUS":"Operating"}},{"type":"Feature","geometry":{"type":"Point","coordinates":[-111.74306,51.91628]},"properties":{"LICINSTNO":"80224-59","INSTA_LIC":"80224","INSTA_NUM":"59","INSTA_TYPE":"Meter Station","BA_NAME":"NOVA Gas Transmission Ltd.","POWER":0.0,"PRIME_SORC":null,"INST_LOCAT":"06-14-034-13W4","FLD_CENTRE":"Wainwright","SUBSTANCE1":"Natural Gas","PLINSTATUS":"Operating"}},{"type":"Feature","geometry":{"type":"Point","coordinates":[-110.13288,50.53299]},"properties":{"LICINSTNO":"80776-1","INSTA_LIC":"80776","INSTA_NUM":"1","INSTA_TYPE":"Meter Station","BA_NAME":"NOVA Gas Transmission Ltd.","POWER":0.0,"PRIME_SORC":null,"INST_LOCAT":"06-19-018-01W4","FLD_CENTRE":"Medicine Hat","SUBSTANCE1":"Natural Gas","PLINSTATUS":"Operating"}},{"type":"Feature","geometry":{"type":"Point","coordinates":[-110.19827,50.45635]},"properties":{"LICINSTNO":"80134-3","INSTA_LIC":"80134","INSTA_NUM":"3","INSTA_TYPE":"Meter Station","BA_NAME":"NOVA Gas Transmission Ltd.","POWER":0.0,"PRIME_SORC":null,"INST_LOCAT":"02-27-017-02W4","FLD_CENTRE":"Medicine Hat","SUBSTANCE1":"Natural Gas","PLINSTATUS":"Operating"}},{"type":"Feature","geometry":{"type":"Point","coordinates":[-110.19841,50.45619]},"properties":{"LICINSTNO":"80079-7","INSTA_LIC":"80079","INSTA_NUM":"7","INSTA_TYPE":"Meter Station","BA_NAME":"NOVA Gas Transmission Ltd.","POWER":0.0,"PRIME_SORC":null,"INST_LOCAT":"02-27-017-02W4","FLD_CENTRE":"Medicine Hat","SUBSTANCE1":"Natural Gas","PLINSTATUS":"Operating"}},{"type":"Feature","geometry":{"type":"Point","coordinates":[-110.19823,50.45591]},"properties":{"LICINSTNO":"80237-1","INSTA_LIC":"80237","INSTA_NUM":"1","INSTA_TYPE":"Meter Station","BA_NAME":"NOVA Gas Transmission Ltd.","POWER":0.0,"PRIME_SORC":null,"INST_LOCAT":"02-27-017-02W4","FLD_CENTRE":"Medicine Hat","SUBSTANCE1":"Natural Gas","PLINSTATUS":"Operating"}},{"type":"Feature","geometry":{"type":"Point","coordinates":[-110.19777,50.4561]},"properties":{"LICINSTNO":"80237-3","INSTA_LIC":"80237","INSTA_NUM":"3","INSTA_TYPE":"Meter Station","BA_NAME":"NOVA Gas Transmission Ltd.","POWER":0.0,"PRIME_SORC":null,"INST_LOCAT":"02-27-017-02W4","FLD_CENTRE":"Medicine Hat","SUBSTANCE1":"Natural Gas","PLINSTATUS":"Operating"}},{"type":"Feature","geometry":{"type":"Point","coordinates":[-115.52913,54.57232]},"properties":{"LICINSTNO":"80747-4","INSTA_LIC":"80747","INSTA_NUM":"4","INSTA_TYPE":"Meter Station","BA_NAME":"NOVA Gas Transmission Ltd.","POWER":0.0,"PRIME_SORC":null,"INST_LOCAT":"14-25-064-11W5","FLD_CENTRE":"Edmonton","SUBSTANCE1":"Natural Gas","PLINSTATUS":"Operating"}},{"type":"Feature","geometry":{"type":"Point","coordinates":[-112.529,50.06991]},"properties":{"LICINSTNO":"80144-4","INSTA_LIC":"80144","INSTA_NUM":"4","INSTA_TYPE":"Meter Station","BA_NAME":"NOVA Gas Transmission Ltd.","POWER":0.0,"PRIME_SORC":null,"INST_LOCAT":"12-10-013-19W4","FLD_CENTRE":"Calgary","SUBSTANCE1":"Natural Gas","PLINSTATUS":"Operating"}},{"type":"Feature","geometry":{"type":"Point","coordinates":[-114.03563,51.40401]},"properties":{"LICINSTNO":"80139-2","INSTA_LIC":"80139","INSTA_NUM":"2","INSTA_TYPE":"Meter Station","BA_NAME":"NOVA Gas Transmission Ltd.","POWER":0.0,"PRIME_SORC":null,"INST_LOCAT":"02-23-028-01W5","FLD_CENTRE":"Calgary","SUBSTANCE1":"Natural Gas","PLINSTATUS":"Operating"}},{"type":"Feature","geometry":{"type":"Point","coordinates":[-112.84304,50.61633]},"properties":{"LICINSTNO":"80552-3","INSTA_LIC":"80552","INSTA_NUM":"3","INSTA_TYPE":"Meter Station","BA_NAME":"NOVA Gas Transmission Ltd.","POWER":0.0,"PRIME_SORC":null,"INST_LOCAT":"04-22-019-21W4","FLD_CENTRE":"Calgary","SUBSTANCE1":"Natural Gas","PLINSTATUS":"Operating"}},{"type":"Feature","geometry":{"type":"Point","coordinates":[-112.84317,50.61609]},"properties":{"LICINSTNO":"80552-2","INSTA_LIC":"80552","INSTA_NUM":"2","INSTA_TYPE":"Meter Station","BA_NAME":"NOVA Gas Transmission Ltd.","POWER":0.0,"PRIME_SORC":null,"INST_LOCAT":"04-22-019-21W4","FLD_CENTRE":"Calgary","SUBSTANCE1":"Natural Gas","PLINSTATUS":"Operating"}},{"type":"Feature","geometry":{"type":"Point","coordinates":[-110.79356,55.8236]},"properties":{"LICINSTNO":"80646-1","INSTA_LIC":"80646","INSTA_NUM":"1","INSTA_TYPE":"Meter Station","BA_NAME":"NOVA Gas Transmission Ltd.","POWER":0.0,"PRIME_SORC":null,"INST_LOCAT":"16-01-079-06W4","FLD_CENTRE":"Bonnyville","SUBSTANCE1":"Natural Gas","PLINSTATUS":"Operating"}},{"type":"Feature","geometry":{"type":"Point","coordinates":[-111.58601,50.43148]},"properties":{"LICINSTNO":"80226-1","INSTA_LIC":"80226","INSTA_NUM":"1","INSTA_TYPE":"Meter Station","BA_NAME":"NOVA Gas Transmission Ltd.","POWER":0.0,"PRIME_SORC":null,"INST_LOCAT":"08-16-017-12W4","FLD_CENTRE":"Medicine Hat","SUBSTANCE1":"Natural Gas","PLINSTATUS":"Operating"}},{"type":"Feature","geometry":{"type":"Point","coordinates":[-114.98644,51.87258]},"properties":{"LICINSTNO":"80266-1","INSTA_LIC":"80266","INSTA_NUM":"1","INSTA_TYPE":"Meter Station","BA_NAME":"NOVA Gas Transmission Ltd.","POWER":0.0,"PRIME_SORC":null,"INST_LOCAT":"06-31-033-07W5","FLD_CENTRE":"Red Deer","SUBSTANCE1":"Natural Gas","PLINSTATUS":"Operating"}},{"type":"Feature","geometry":{"type":"Point","coordinates":[-119.35576,56.55851]},"properties":{"LICINSTNO":"80124-2","INSTA_LIC":"80124","INSTA_NUM":"2","INSTA_TYPE":"Meter Station","BA_NAME":"NOVA Gas Transmission Ltd.","POWER":0.0,"PRIME_SORC":null,"INST_LOCAT":"05-22-087-09W6","FLD_CENTRE":"Grande Prairie","SUBSTANCE1":"Natural Gas","PLINSTATUS":"Operating"}},{"type":"Feature","geometry":{"type":"Point","coordinates":[-114.30155,54.76619]},"properties":{"LICINSTNO":"80474-1","INSTA_LIC":"80474","INSTA_NUM":"1","INSTA_TYPE":"Meter Station","BA_NAME":"NOVA Gas Transmission Ltd.","POWER":0.0,"PRIME_SORC":null,"INST_LOCAT":"04-06-067-02W5","FLD_CENTRE":"Edmonton","SUBSTANCE1":"Natural Gas","PLINSTATUS":"Operating"}},{"type":"Feature","geometry":{"type":"Point","coordinates":[-119.40018,55.7226]},"properties":{"LICINSTNO":"80511-1","INSTA_LIC":"80511","INSTA_NUM":"1","INSTA_TYPE":"Meter Station","BA_NAME":"NOVA Gas Transmission Ltd.","POWER":0.0,"PRIME_SORC":null,"INST_LOCAT":"16-36-077-10W6","FLD_CENTRE":"Grande Prairie","SUBSTANCE1":"Natural Gas","PLINSTATUS":"Operating"}},{"type":"Feature","geometry":{"type":"Point","coordinates":[-114.96257,52.36756]},"properties":{"LICINSTNO":"80178-1","INSTA_LIC":"80178","INSTA_NUM":"1","INSTA_TYPE":"Meter Station","BA_NAME":"NOVA Gas Transmission Ltd.","POWER":0.0,"PRIME_SORC":null,"INST_LOCAT":"08-20-039-07W5","FLD_CENTRE":"Red Deer","SUBSTANCE1":"Natural Gas","PLINSTATUS":"Operating"}},{"type":"Feature","geometry":{"type":"Point","coordinates":[-114.9621,52.36569]},"properties":{"LICINSTNO":"80099-1","INSTA_LIC":"80099","INSTA_NUM":"1","INSTA_TYPE":"Meter Station","BA_NAME":"NOVA Gas Transmission Ltd.","POWER":0.0,"PRIME_SORC":null,"INST_LOCAT":"01-20-039-07W5","FLD_CENTRE":"Red Deer","SUBSTANCE1":"Natural Gas","PLINSTATUS":"Operating"}},{"type":"Feature","geometry":{"type":"Point","coordinates":[-113.14291,54.72209]},"properties":{"LICINSTNO":"80303-2","INSTA_LIC":"80303","INSTA_NUM":"2","INSTA_TYPE":"Meter Station","BA_NAME":"NOVA Gas Transmission Ltd.","POWER":0.0,"PRIME_SORC":null,"INST_LOCAT":"07-20-066-21W4","FLD_CENTRE":"Edmonton","SUBSTANCE1":"Natural Gas","PLINSTATUS":"Operating"}},{"type":"Feature","geometry":{"type":"Point","coordinates":[-116.88332,54.27939]},"properties":{"LICINSTNO":"80163-1","INSTA_LIC":"80163","INSTA_NUM":"1","INSTA_TYPE":"Meter Station","BA_NAME":"NOVA Gas Transmission Ltd.","POWER":0.0,"PRIME_SORC":null,"INST_LOCAT":"10-14-061-20W5","FLD_CENTRE":"Edmonton","SUBSTANCE1":"Natural Gas","PLINSTATUS":"Operating"}},{"type":"Feature","geometry":{"type":"Point","coordinates":[-116.08405,53.37216]},"properties":{"LICINSTNO":"80667-1","INSTA_LIC":"80667","INSTA_NUM":"1","INSTA_TYPE":"Meter Station","BA_NAME":"NOVA Gas Transmission Ltd.","POWER":0.0,"PRIME_SORC":null,"INST_LOCAT":"05-01-051-15W5","FLD_CENTRE":"Drayton Valley","SUBSTANCE1":"Natural Gas","PLINSTATUS":"Operating"}},{"type":"Feature","geometry":{"type":"Point","coordinates":[-117.53436,54.09982]},"properties":{"LICINSTNO":"80417-8","INSTA_LIC":"80417","INSTA_NUM":"8","INSTA_TYPE":"Meter Station","BA_NAME":"NOVA Gas Transmission Ltd.","POWER":0.0,"PRIME_SORC":null,"INST_LOCAT":"07-16-059-24W5","FLD_CENTRE":"Drayton Valley","SUBSTANCE1":"Natural Gas","PLINSTATUS":"Operating"}},{"type":"Feature","geometry":{"type":"Point","coordinates":[-117.53437,54.09969]},"properties":{"LICINSTNO":"80417-5","INSTA_LIC":"80417","INSTA_NUM":"5","INSTA_TYPE":"Meter Station","BA_NAME":"NOVA Gas Transmission Ltd.","POWER":0.0,"PRIME_SORC":null,"INST_LOCAT":"07-16-059-24W5","FLD_CENTRE":"Drayton Valley","SUBSTANCE1":"Natural Gas","PLINSTATUS":"Operating"}},{"type":"Feature","geometry":{"type":"Point","coordinates":[-115.29174,53.05926]},"properties":{"LICINSTNO":"80743-3","INSTA_LIC":"80743","INSTA_NUM":"3","INSTA_TYPE":"Meter Station","BA_NAME":"NOVA Gas Transmission Ltd.","POWER":0.0,"PRIME_SORC":null,"INST_LOCAT":"13-17-047-09W5","FLD_CENTRE":"Drayton Valley","SUBSTANCE1":"Natural Gas","PLINSTATUS":"Operating"}},{"type":"Feature","geometry":{"type":"Point","coordinates":[-110.08273,50.68454]},"properties":{"LICINSTNO":"80750-1","INSTA_LIC":"80750","INSTA_NUM":"1","INSTA_TYPE":"Meter Station","BA_NAME":"NOVA Gas Transmission Ltd.","POWER":0.0,"PRIME_SORC":null,"INST_LOCAT":"10-09-020-01W4","FLD_CENTRE":"Medicine Hat","SUBSTANCE1":"Natural Gas","PLINSTATUS":"Operating"}},{"type":"Feature","geometry":{"type":"Point","coordinates":[-110.08365,50.68644]},"properties":{"LICINSTNO":"80750-2","INSTA_LIC":"80750","INSTA_NUM":"2","INSTA_TYPE":"Meter Station","BA_NAME":"NOVA Gas Transmission Ltd.","POWER":0.0,"PRIME_SORC":null,"INST_LOCAT":"15-09-020-01W4","FLD_CENTRE":"Medicine Hat","SUBSTANCE1":"Natural Gas","PLINSTATUS":"Operating"}},{"type":"Feature","geometry":{"type":"Point","coordinates":[-110.28569,52.69311]},"properties":{"LICINSTNO":"80344-1","INSTA_LIC":"80344","INSTA_NUM":"1","INSTA_TYPE":"Meter Station","BA_NAME":"NOVA Gas Transmission Ltd.","POWER":0.0,"PRIME_SORC":null,"INST_LOCAT":"11-07-043-02W4","FLD_CENTRE":"Wainwright","SUBSTANCE1":"Natural Gas","PLINSTATUS":"Operating"}}]}