GasDay,Metric,NumericValue,TextValue,SourceFile
2025-07-01,END_OF_DAY_LINEPACK,19688.0,,GdsrNGTLImperial20250701.csv
2025-07-01,LINEPACK_CHANGE_24H,8.0,,GdsrNGTLImperial20250701.csv
2025-07-01,LINEPACK_RATE_OF_CHANGE,-157.0,,GdsrNGTLImperial20250701.csv
2025-07-01,LINEPACK_TARGET,20659.0,,GdsrNGTLImperial20250701.csv
2025-07-01,NGTL_FIELD_RECEIPTS,13826.0,,GdsrNGTLImperial20250701.csv
2025-07-01,TOLERANCE,,-2/0 (%),GdsrNGTLImperial20250701.csv
2025-07-01,TOLERANCE_LAST_CHANGED,,2025-Jan-13 at 08:00,GdsrNGTLImperial20250701.csv
2025-07-01,TOTAL_OBA_ACCOUNT_TJ,852.7,,GdsrNGTLImperial20250701.csv
2025-07-01,TOTAL_SD_ACCOUNT_TJ,-640.1,,GdsrNGTLImperial20250701.csv
2025-07-02,END_OF_DAY_LINEPACK,19985.0,,GdsrNGTLImperial20250702.csv
2025-07-02,LINEPACK_CHANGE_24H,297.0,,GdsrNGTLImperial20250702.csv
2025-07-02,LINEPACK_RATE_OF_CHANGE,227.0,,GdsrNGTLImperial20250702.csv
2025-07-02,LINEPACK_TARGET,20659.0,,GdsrNGTLImperial20250702.csv
2025-07-02,NGTL_FIELD_RECEIPTS,13981.0,,GdsrNGTLImperial20250702.csv
2025-07-02,TOLERANCE,,-2/0 (%),GdsrNGTLImperial20250702.csv
2025-07-02,TOLERANCE_LAST_CHANGED,,2025-Jan-13 at 08:00,GdsrNGTLImperial20250702.csv
2025-07-02,TOTAL_OBA_ACCOUNT_TJ,1161.1,,GdsrNGTLImperial20250702.csv
2025-07-02,TOTAL_SD_ACCOUNT_TJ,-612.5,,GdsrNGTLImperial20250702.csv
2025-07-03,END_OF_DAY_LINEPACK,20147.0,,GdsrNGTLImperial20250703.csv
2025-07-03,LINEPACK_CHANGE_24H,162.0,,GdsrNGTLImperial20250703.csv
2025-07-03,LINEPACK_RATE_OF_CHANGE,-12.0,,GdsrNGTLImperial20250703.csv
2025-07-03,LINEPACK_TARGET,20659.0,,GdsrNGTLImperial20250703.csv
2025-07-03,NGTL_FIELD_RECEIPTS,13936.0,,GdsrNGTLImperial20250703.csv
2025-07-03,TOLERANCE,,-2/0 (%),GdsrNGTLImperial20250703.csv
2025-07-03,TOLERANCE_LAST_CHANGED,,2025-Jan-13 at 08:00,GdsrNGTLImperial20250703.csv
2025-07-03,TOTAL_OBA_ACCOUNT_TJ,1157.9,,GdsrNGTLImperial20250703.csv
2025-07-03,TOTAL_SD_ACCOUNT_TJ,-355.8,,GdsrNGTLImperial20250703.csv
2025-07-04,END_OF_DAY_LINEPACK,20131.0,,GdsrNGTLImperial20250704.csv
2025-07-04,LINEPACK_CHANGE_24H,-16.0,,GdsrNGTLImperial20250704.csv
2025-07-04,LINEPACK_RATE_OF_CHANGE,-57.0,,GdsrNGTLImperial20250704.csv
2025-07-04,LINEPACK_TARGET,20659.0,,GdsrNGTLImperial20250704.csv
2025-07-04,NGTL_FIELD_RECEIPTS,14057.0,,GdsrNGTLImperial20250704.csv
2025-07-04,TOLERANCE,,-2/0 (%),GdsrNGTLImperial20250704.csv
2025-07-04,TOLERANCE_LAST_CHANGED,,2025-Jan-13 at 08:00,GdsrNGTLImperial20250704.csv
2025-07-04,TOTAL_OBA_ACCOUNT_TJ,1057.0,,GdsrNGTLImperial20250704.csv
2025-07-04,TOTAL_SD_ACCOUNT_TJ,-367.6,,GdsrNGTLImperial20250704.csv
2025-07-05,END_OF_DAY_LINEPACK,20146.0,,GdsrNGTLImperial20250705.csv
2025-07-05,LINEPACK_CHANGE_24H,15.0,,GdsrNGTLImperial20250705.csv
2025-07-05,LINEPACK_RATE_OF_CHANGE,-21.0,,GdsrNGTLImperial20250705.csv
2025-07-05,LINEPACK_TARGET,20659.0,,GdsrNGTLImperial20250705.csv
2025-07-05,NGTL_FIELD_RECEIPTS,14105.0,,GdsrNGTLImperial20250705.csv
2025-07-05,TOLERANCE,,-2/0 (%),GdsrNGTLImperial20250705.csv
2025-07-05,TOLERANCE_LAST_CHANGED,,2025-Jan-13 at 08:00,GdsrNGTLImperial20250705.csv
2025-07-05,TOTAL_OBA_ACCOUNT_TJ,934.9,,GdsrNGTLImperial20250705.csv
2025-07-05,TOTAL_SD_ACCOUNT_TJ,-262.3,,GdsrNGTLImperial20250705.csv
2025-07-06,END_OF_DAY_LINEPACK,19941.0,,GdsrNGTLImperial20250706.csv
2025-07-06,LINEPACK_CHANGE_24H,-205.0,,GdsrNGTLImperial20250706.csv
2025-07-06,LINEPACK_RATE_OF_CHANGE,-621.0,,GdsrNGTLImperial20250706.csv
2025-07-06,LINEPACK_TARGET,20659.0,,GdsrNGTLImperial20250706.csv
2025-07-06,NGTL_FIELD_RECEIPTS,13955.0,,GdsrNGTLImperial20250706.csv
2025-07-06,TOLERANCE,,-2/0 (%),GdsrNGTLImperial20250706.csv
2025-07-06,TOLERANCE_LAST_CHANGED,,2025-Jan-13 at 08:00,GdsrNGTLImperial20250706.csv
2025-07-06,TOTAL_OBA_ACCOUNT_TJ,862.3,,GdsrNGTLImperial20250706.csv
2025-07-06,TOTAL_SD_ACCOUNT_TJ,-362.7,,GdsrNGTLImperial20250706.csv
2025-07-07,END_OF_DAY_LINEPACK,19706.0,,GdsrNGTLImperial20250707.csv
2025-07-07,LINEPACK_CHANGE_24H,-236.0,,GdsrNGTLImperial20250707.csv
2025-07-07,LINEPACK_RATE_OF_CHANGE,-107.0,,GdsrNGTLImperial20250707.csv
2025-07-07,LINEPACK_TARGET,20659.0,,GdsrNGTLImperial20250707.csv
2025-07-07,NGTL_FIELD_RECEIPTS,14098.0,,GdsrNGTLImperial20250707.csv
2025-07-07,TOLERANCE,,-2/0 (%),GdsrNGTLImperial20250707.csv
2025-07-07,TOLERANCE_LAST_CHANGED,,2025-Jan-13 at 08:00,GdsrNGTLImperial20250707.csv
2025-07-07,TOTAL_OBA_ACCOUNT_TJ,821.5,,GdsrNGTLImperial20250707.csv
2025-07-07,TOTAL_SD_ACCOUNT_TJ,-359.3,,GdsrNGTLImperial20250707.csv
2025-07-08,END_OF_DAY_LINEPACK,19731.0,,GdsrNGTLImperial20250708.csv
2025-07-08,LINEPACK_CHANGE_24H,26.0,,GdsrNGTLImperial20250708.csv
2025-07-08,LINEPACK_RATE_OF_CHANGE,-28.0,,GdsrNGTLImperial20250708.csv
2025-07-08,LINEPACK_TARGET,20659.0,,GdsrNGTLImperial20250708.csv
2025-07-08,NGTL_FIELD_RECEIPTS,13775.0,,GdsrNGTLImperial20250708.csv
2025-07-08,TOLERANCE,,-2/0 (%),GdsrNGTLImperial20250708.csv
2025-07-08,TOLERANCE_LAST_CHANGED,,2025-Jan-13 at 08:00,GdsrNGTLImperial20250708.csv
2025-07-08,TOTAL_OBA_ACCOUNT_TJ,918.3,,GdsrNGTLImperial20250708.csv
2025-07-08,TOTAL_SD_ACCOUNT_TJ,-517.5,,GdsrNGTLImperial20250708.csv
2025-07-09,END_OF_DAY_LINEPACK,20005.0,,GdsrNGTLImperial20250709.csv
2025-07-09,LINEPACK_CHANGE_24H,274.0,,GdsrNGTLImperial20250709.csv
2025-07-09,LINEPACK_RATE_OF_CHANGE,254.0,,GdsrNGTLImperial20250709.csv
2025-07-09,LINEPACK_TARGET,20659.0,,GdsrNGTLImperial20250709.csv
2025-07-09,NGTL_FIELD_RECEIPTS,14046.0,,GdsrNGTLImperial20250709.csv
2025-07-09,TOLERANCE,,-2/0 (%),GdsrNGTLImperial20250709.csv
2025-07-09,TOLERANCE_LAST_CHANGED,,2025-Jan-13 at 08:00,GdsrNGTLImperial20250709.csv
2025-07-09,TOTAL_OBA_ACCOUNT_TJ,1082.8,,GdsrNGTLImperial20250709.csv
2025-07-09,TOTAL_SD_ACCOUNT_TJ,-262.2,,GdsrNGTLImperial20250709.csv
2025-07-10,END_OF_DAY_LINEPACK,20091.0,,GdsrNGTLImperial20250710.csv
2025-07-10,LINEPACK_CHANGE_24H,85.0,,GdsrNGTLImperial20250710.csv
2025-07-10,LINEPACK_RATE_OF_CHANGE,-388.0,,GdsrNGTLImperial20250710.csv
2025-07-10,LINEPACK_TARGET,20659.0,,GdsrNGTLImperial20250710.csv
2025-07-10,NGTL_FIELD_RECEIPTS,14108.0,,GdsrNGTLImperial20250710.csv
2025-07-10,TOLERANCE,,-2/0 (%),GdsrNGTLImperial20250710.csv
2025-07-10,TOLERANCE_LAST_CHANGED,,2025-Jan-13 at 08:00,GdsrNGTLImperial20250710.csv
2025-07-10,TOTAL_OBA_ACCOUNT_TJ,915.1,,GdsrNGTLImperial20250710.csv
2025-07-10,TOTAL_SD_ACCOUNT_TJ,-193.5,,GdsrNGTLImperial20250710.csv
2025-07-11,END_OF_DAY_LINEPACK,20060.0,,GdsrNGTLImperial20250711.csv
2025-07-11,LINEPACK_CHANGE_24H,-30.0,,GdsrNGTLImperial20250711.csv
2025-07-11,LINEPACK_RATE_OF_CHANGE,125.0,,GdsrNGTLImperial20250711.csv
2025-07-11,LINEPACK_TARGET,20659.0,,GdsrNGTLImperial20250711.csv
2025-07-11,NGTL_FIELD_RECEIPTS,14271.0,,GdsrNGTLImperial20250711.csv
2025-07-11,TOLERANCE,,-2/0 (%),GdsrNGTLImperial20250711.csv
2025-07-11,TOLERANCE_LAST_CHANGED,,2025-Jan-13 at 08:00,GdsrNGTLImperial20250711.csv
2025-07-11,TOTAL_OBA_ACCOUNT_TJ,837.6,,GdsrNGTLImperial20250711.csv
2025-07-11,TOTAL_SD_ACCOUNT_TJ,-315.9,,GdsrNGTLImperial20250711.csv
2025-07-12,END_OF_DAY_LINEPACK,20042.0,,GdsrNGTLImperial20250712.csv
2025-07-12,LINEPACK_CHANGE_24H,-18.0,,GdsrNGTLImperial20250712.csv
2025-07-12,LINEPACK_RATE_OF_CHANGE,-179.0,,GdsrNGTLImperial20250712.csv
2025-07-12,LINEPACK_TARGET,20659.0,,GdsrNGTLImperial20250712.csv
2025-07-12,NGTL_FIELD_RECEIPTS,14374.0,,GdsrNGTLImperial20250712.csv
2025-07-12,TOLERANCE,,-2/0 (%),GdsrNGTLImperial20250712.csv
2025-07-12,TOLERANCE_LAST_CHANGED,,2025-Jan-13 at 08:00,GdsrNGTLImperial20250712.csv
2025-07-12,TOTAL_OBA_ACCOUNT_TJ,724.2,,GdsrNGTLImperial20250712.csv
2025-07-12,TOTAL_SD_ACCOUNT_TJ,-215.9,,GdsrNGTLImperial20250712.csv
2025-07-13,END_OF_DAY_LINEPACK,19862.0,,GdsrNGTLImperial20250713.csv
2025-07-13,LINEPACK_CHANGE_24H,-180.0,,GdsrNGTLImperial20250713.csv
2025-07-13,LINEPACK_RATE_OF_CHANGE,-94.0,,GdsrNGTLImperial20250713.csv
2025-07-13,LINEPACK_TARGET,20659.0,,GdsrNGTLImperial20250713.csv
2025-07-13,NGTL_FIELD_RECEIPTS,14281.0,,GdsrNGTLImperial20250713.csv
2025-07-13,TOLERANCE,,-2/0 (%),GdsrNGTLImperial20250713.csv
2025-07-13,TOLERANCE_LAST_CHANGED,,2025-Jan-13 at 08:00,GdsrNGTLImperial20250713.csv
2025-07-13,TOTAL_OBA_ACCOUNT_TJ,737.3,,GdsrNGTLImperial20250713.csv
2025-07-13,TOTAL_SD_ACCOUNT_TJ,-407.5,,GdsrNGTLImperial20250713.csv
2025-07-14,END_OF_DAY_LINEPACK,20002.0,,GdsrNGTLImperial20250714.csv
2025-07-14,LINEPACK_CHANGE_24H,140.0,,GdsrNGTLImperial20250714.csv
2025-07-14,LINEPACK_RATE_OF_CHANGE,238.0,,GdsrNGTLImperial20250714.csv
2025-07-14,LINEPACK_TARGET,20659.0,,GdsrNGTLImperial20250714.csv
2025-07-14,NGTL_FIELD_RECEIPTS,14085.0,,GdsrNGTLImperial20250714.csv
2025-07-14,TOLERANCE,,-2/0 (%),GdsrNGTLImperial20250714.csv
2025-07-14,TOLERANCE_LAST_CHANGED,,2025-Jan-13 at 08:00,GdsrNGTLImperial20250714.csv
2025-07-14,TOTAL_OBA_ACCOUNT_TJ,753.3,,GdsrNGTLImperial20250714.csv
2025-07-14,TOTAL_SD_ACCOUNT_TJ,-424.3,,GdsrNGTLImperial20250714.csv
2025-07-15,END_OF_DAY_LINEPACK,20075.0,,GdsrNGTLImperial20250715.csv
2025-07-15,LINEPACK_CHANGE_24H,73.0,,GdsrNGTLImperial20250715.csv
2025-07-15,LINEPACK_RATE_OF_CHANGE,4.0,,GdsrNGTLImperial20250715.csv
2025-07-15,LINEPACK_TARGET,20659.0,,GdsrNGTLImperial20250715.csv
2025-07-15,NGTL_FIELD_RECEIPTS,14053.0,,GdsrNGTLImperial20250715.csv
2025-07-15,TOLERANCE,,-2/0 (%),GdsrNGTLImperial20250715.csv
2025-07-15,TOLERANCE_LAST_CHANGED,,2025-Jan-13 at 08:00,GdsrNGTLImperial20250715.csv
2025-07-15,TOTAL_OBA_ACCOUNT_TJ,950.3,,GdsrNGTLImperial20250715.csv
2025-07-15,TOTAL_SD_ACCOUNT_TJ,-454.7,,GdsrNGTLImperial20250715.csv
2025-07-16,END_OF_DAY_LINEPACK,20000.0,,GdsrNGTLImperial20250716.csv
2025-07-16,LINEPACK_CHANGE_24H,-75.0,,GdsrNGTLImperial20250716.csv
2025-07-16,LINEPACK_RATE_OF_CHANGE,-397.0,,GdsrNGTLImperial20250716.csv
2025-07-16,LINEPACK_TARGET,20659.0,,GdsrNGTLImperial20250716.csv
2025-07-16,NGTL_FIELD_RECEIPTS,13914.0,,GdsrNGTLImperial20250716.csv
2025-07-16,TOLERANCE,,-2/0 (%),GdsrNGTLImperial20250716.csv
2025-07-16,TOLERANCE_LAST_CHANGED,,2025-Jan-13 at 08:00,GdsrNGTLImperial20250716.csv
2025-07-16,TOTAL_OBA_ACCOUNT_TJ,742.2,,GdsrNGTLImperial20250716.csv
2025-07-16,TOTAL_SD_ACCOUNT_TJ,-313.0,,GdsrNGTLImperial20250716.csv
2025-07-17,END_OF_DAY_LINEPACK,19573.0,,GdsrNGTLImperial20250717.csv
2025-07-17,LINEPACK_CHANGE_24H,-427.0,,GdsrNGTLImperial20250717.csv
2025-07-17,LINEPACK_RATE_OF_CHANGE,-503.0,,GdsrNGTLImperial20250717.csv
2025-07-17,LINEPACK_TARGET,20659.0,,GdsrNGTLImperial20250717.csv
2025-07-17,NGTL_FIELD_RECEIPTS,13990.0,,GdsrNGTLImperial20250717.csv
2025-07-17,TOLERANCE,,-2/0 (%),GdsrNGTLImperial20250717.csv
2025-07-17,TOLERANCE_LAST_CHANGED,,2025-Jan-13 at 08:00,GdsrNGTLImperial20250717.csv
2025-07-17,TOTAL_OBA_ACCOUNT_TJ,520.0,,GdsrNGTLImperial20250717.csv
2025-07-17,TOTAL_SD_ACCOUNT_TJ,-570.5,,GdsrNGTLImperial20250717.csv
2025-07-18,END_OF_DAY_LINEPACK,19686.0,,GdsrNGTLImperial20250718.csv
2025-07-18,LINEPACK_CHANGE_24H,113.0,,GdsrNGTLImperial20250718.csv
2025-07-18,LINEPACK_RATE_OF_CHANGE,9.0,,GdsrNGTLImperial20250718.csv
2025-07-18,LINEPACK_TARGET,20659.0,,GdsrNGTLImperial20250718.csv
2025-07-18,NGTL_FIELD_RECEIPTS,13980.0,,GdsrNGTLImperial20250718.csv
2025-07-18,TOLERANCE,,-2/0 (%),GdsrNGTLImperial20250718.csv
2025-07-18,TOLERANCE_LAST_CHANGED,,2025-Jan-13 at 08:00,GdsrNGTLImperial20250718.csv
2025-07-18,TOTAL_OBA_ACCOUNT_TJ,620.6,,GdsrNGTLImperial20250718.csv
2025-07-18,TOTAL_SD_ACCOUNT_TJ,-464.4,,GdsrNGTLImperial20250718.csv
2025-07-19,END_OF_DAY_LINEPACK,19088.0,,GdsrNGTLImperial20250719.csv
2025-07-19,LINEPACK_CHANGE_24H,-598.0,,GdsrNGTLImperial20250719.csv
2025-07-19,LINEPACK_RATE_OF_CHANGE,-396.0,,GdsrNGTLImperial20250719.csv
2025-07-19,LINEPACK_TARGET,20659.0,,GdsrNGTLImperial20250719.csv
2025-07-19,NGTL_FIELD_RECEIPTS,13597.0,,GdsrNGTLImperial20250719.csv
2025-07-19,TOLERANCE,,-2/0 (%),GdsrNGTLImperial20250719.csv
2025-07-19,TOLERANCE_LAST_CHANGED,,2025-Jan-13 at 08:00,GdsrNGTLImperial20250719.csv
2025-07-19,TOTAL_OBA_ACCOUNT_TJ,422.4,,GdsrNGTLImperial20250719.csv
2025-07-19,TOTAL_SD_ACCOUNT_TJ,-884.4,,GdsrNGTLImperial20250719.csv
2025-07-20,END_OF_DAY_LINEPACK,19448.0,,GdsrNGTLImperial20250720.csv
2025-07-20,LINEPACK_CHANGE_24H,360.0,,GdsrNGTLImperial20250720.csv
2025-07-20,LINEPACK_RATE_OF_CHANGE,430.0,,GdsrNGTLImperial20250720.csv
2025-07-20,LINEPACK_TARGET,20659.0,,GdsrNGTLImperial20250720.csv
2025-07-20,NGTL_FIELD_RECEIPTS,14229.0,,GdsrNGTLImperial20250720.csv
2025-07-20,TOLERANCE,,-2/0 (%),GdsrNGTLImperial20250720.csv
2025-07-20,TOLERANCE_LAST_CHANGED,,2025-Jan-13 at 08:00,GdsrNGTLImperial20250720.csv
2025-07-20,TOTAL_OBA_ACCOUNT_TJ,302.8,,GdsrNGTLImperial20250720.csv
2025-07-20,TOTAL_SD_ACCOUNT_TJ,-212.6,,GdsrNGTLImperial20250720.csv
2025-07-21,END_OF_DAY_LINEPACK,19507.0,,GdsrNGTLImperial20250721.csv
2025-07-21,LINEPACK_CHANGE_24H,59.0,,GdsrNGTLImperial20250721.csv
2025-07-21,LINEPACK_RATE_OF_CHANGE,-217.0,,GdsrNGTLImperial20250721.csv
2025-07-21,LINEPACK_TARGET,20659.0,,GdsrNGTLImperial20250721.csv
2025-07-21,NGTL_FIELD_RECEIPTS,14092.0,,GdsrNGTLImperial20250721.csv
2025-07-21,TOLERANCE,,-1/1 (%),GdsrNGTLImperial20250721.csv
2025-07-21,TOLERANCE_LAST_CHANGED,,2025-Jul-21 at 08:00,GdsrNGTLImperial20250721.csv
2025-07-21,TOTAL_OBA_ACCOUNT_TJ,492.7,,GdsrNGTLImperial20250721.csv
2025-07-21,TOTAL_SD_ACCOUNT_TJ,-325.0,,GdsrNGTLImperial20250721.csv
2025-07-22,END_OF_DAY_LINEPACK,19175.0,,GdsrNGTLImperial20250722.csv
2025-07-22,LINEPACK_CHANGE_24H,-331.0,,GdsrNGTLImperial20250722.csv
2025-07-22,LINEPACK_RATE_OF_CHANGE,-245.0,,GdsrNGTLImperial20250722.csv
2025-07-22,LINEPACK_TARGET,20659.0,,GdsrNGTLImperial20250722.csv
2025-07-22,NGTL_FIELD_RECEIPTS,14001.0,,GdsrNGTLImperial20250722.csv
2025-07-22,TOLERANCE,,-1/1 (%),GdsrNGTLImperial20250722.csv
2025-07-22,TOLERANCE_LAST_CHANGED,,2025-Jul-21 at 08:00,GdsrNGTLImperial20250722.csv
2025-07-22,TOTAL_OBA_ACCOUNT_TJ,41.2,,GdsrNGTLImperial20250722.csv
2025-07-22,TOTAL_SD_ACCOUNT_TJ,-143.1,,GdsrNGTLImperial20250722.csv
2025-07-23,END_OF_DAY_LINEPACK,19175.0,,GdsrNGTLImperial20250723.csv
2025-07-23,LINEPACK_CHANGE_24H,-1.0,,GdsrNGTLImperial20250723.csv
2025-07-23,LINEPACK_RATE_OF_CHANGE,178.0,,GdsrNGTLImperial20250723.csv
2025-07-23,LINEPACK_TARGET,20659.0,,GdsrNGTLImperial20250723.csv
2025-07-23,NGTL_FIELD_RECEIPTS,13923.0,,GdsrNGTLImperial20250723.csv
2025-07-23,TOLERANCE,,-1/1 (%),GdsrNGTLImperial20250723.csv
2025-07-23,TOLERANCE_LAST_CHANGED,,2025-Jul-21 at 08:00,GdsrNGTLImperial20250723.csv
2025-07-23,TOTAL_OBA_ACCOUNT_TJ,20.9,,GdsrNGTLImperial20250723.csv
2025-07-23,TOTAL_SD_ACCOUNT_TJ,-252.3,,GdsrNGTLImperial20250723.csv
2025-07-24,END_OF_DAY_LINEPACK,19389.0,,GdsrNGTLImperial20250724.csv
2025-07-24,LINEPACK_CHANGE_24H,214.0,,GdsrNGTLImperial20250724.csv
2025-07-24,LINEPACK_RATE_OF_CHANGE,902.0,,GdsrNGTLImperial20250724.csv
2025-07-24,LINEPACK_TARGET,20659.0,,GdsrNGTLImperial20250724.csv
2025-07-24,NGTL_FIELD_RECEIPTS,13819.0,,GdsrNGTLImperial20250724.csv
2025-07-24,TOLERANCE,,-1/1 (%),GdsrNGTLImperial20250724.csv
2025-07-24,TOLERANCE_LAST_CHANGED,,2025-Jul-21 at 08:00,GdsrNGTLImperial20250724.csv
2025-07-24,TOTAL_OBA_ACCOUNT_TJ,-55.9,,GdsrNGTLImperial20250724.csv
2025-07-24,TOTAL_SD_ACCOUNT_TJ,-69.3,,GdsrNGTLImperial20250724.csv
2025-07-25,END_OF_DAY_LINEPACK,19455.0,,GdsrNGTLImperial20250725.csv
2025-07-25,LINEPACK_CHANGE_24H,66.0,,GdsrNGTLImperial20250725.csv
2025-07-25,LINEPACK_RATE_OF_CHANGE,-76.0,,GdsrNGTLImperial20250725.csv
2025-07-25,LINEPACK_TARGET,20659.0,,GdsrNGTLImperial20250725.csv
2025-07-25,NGTL_FIELD_RECEIPTS,13745.0,,GdsrNGTLImperial20250725.csv
2025-07-25,TOLERANCE,,-1/1 (%),GdsrNGTLImperial20250725.csv
2025-07-25,TOLERANCE_LAST_CHANGED,,2025-Jul-21 at 08:00,GdsrNGTLImperial20250725.csv
2025-07-25,TOTAL_OBA_ACCOUNT_TJ,91.9,,GdsrNGTLImperial20250725.csv
2025-07-25,TOTAL_SD_ACCOUNT_TJ,-37.5,,GdsrNGTLImperial20250725.csv
2025-07-26,END_OF_DAY_LINEPACK,19564.0,,GdsrNGTLImperial20250726.csv
2025-07-26,LINEPACK_CHANGE_24H,110.0,,GdsrNGTLImperial20250726.csv
2025-07-26,LINEPACK_RATE_OF_CHANGE,-30.0,,GdsrNGTLImperial20250726.csv
2025-07-26,LINEPACK_TARGET,20659.0,,GdsrNGTLImperial20250726.csv
2025-07-26,NGTL_FIELD_RECEIPTS,13952.0,,GdsrNGTLImperial20250726.csv
2025-07-26,TOLERANCE,,-1/1 (%),GdsrNGTLImperial20250726.csv
2025-07-26,TOLERANCE_LAST_CHANGED,,2025-Jul-21 at 08:00,GdsrNGTLImperial20250726.csv
2025-07-26,TOTAL_OBA_ACCOUNT_TJ,184.3,,GdsrNGTLImperial20250726.csv
2025-07-26,TOTAL_SD_ACCOUNT_TJ,93.9,,GdsrNGTLImperial20250726.csv
2025-07-27,END_OF_DAY_LINEPACK,19725.0,,GdsrNGTLImperial20250727.csv
2025-07-27,LINEPACK_CHANGE_24H,161.0,,GdsrNGTLImperial20250727.csv
2025-07-27,LINEPACK_RATE_OF_CHANGE,342.0,,GdsrNGTLImperial20250727.csv
2025-07-27,LINEPACK_TARGET,20659.0,,GdsrNGTLImperial20250727.csv
2025-07-27,NGTL_FIELD_RECEIPTS,14006.0,,GdsrNGTLImperial20250727.csv
2025-07-27,TOLERANCE,,-1/1 (%),GdsrNGTLImperial20250727.csv
2025-07-27,TOLERANCE_LAST_CHANGED,,2025-Jul-21 at 08:00,GdsrNGTLImperial20250727.csv
2025-07-27,TOTAL_OBA_ACCOUNT_TJ,275.1,,GdsrNGTLImperial20250727.csv
2025-07-27,TOTAL_SD_ACCOUNT_TJ,137.0,,GdsrNGTLImperial20250727.csv
2025-07-28,END_OF_DAY_LINEPACK,19726.0,,GdsrNGTLImperial20250728.csv
2025-07-28,LINEPACK_CHANGE_24H,1.0,,GdsrNGTLImperial20250728.csv
2025-07-28,LINEPACK_RATE_OF_CHANGE,184.0,,GdsrNGTLImperial20250728.csv
2025-07-28,LINEPACK_TARGET,20659.0,,GdsrNGTLImperial20250728.csv
2025-07-28,NGTL_FIELD_RECEIPTS,13960.0,,GdsrNGTLImperial20250728.csv
2025-07-28,TOLERANCE,,-1/1 (%),GdsrNGTLImperial20250728.csv
2025-07-28,TOLERANCE_LAST_CHANGED,,2025-Jul-21 at 08:00,GdsrNGTLImperial20250728.csv
2025-07-28,TOTAL_OBA_ACCOUNT_TJ,299.4,,GdsrNGTLImperial20250728.csv
2025-07-28,TOTAL_SD_ACCOUNT_TJ,-3.8,,GdsrNGTLImperial20250728.csv
2025-07-29,END_OF_DAY_LINEPACK,19903.0,,GdsrNGTLImperial20250729.csv
2025-07-29,LINEPACK_CHANGE_24H,177.0,,GdsrNGTLImperial20250729.csv
2025-07-29,LINEPACK_RATE_OF_CHANGE,231.0,,GdsrNGTLImperial20250729.csv
2025-07-29,LINEPACK_TARGET,20659.0,,GdsrNGTLImperial20250729.csv
2025-07-29,NGTL_FIELD_RECEIPTS,13875.0,,GdsrNGTLImperial20250729.csv
2025-07-29,TOLERANCE,,-1/1 (%),GdsrNGTLImperial20250729.csv
2025-07-29,TOLERANCE_LAST_CHANGED,,2025-Jul-21 at 08:00,GdsrNGTLImperial20250729.csv
2025-07-29,TOTAL_OBA_ACCOUNT_TJ,292.5,,GdsrNGTLImperial20250729.csv
2025-07-29,TOTAL_SD_ACCOUNT_TJ,132.4,,GdsrNGTLImperial20250729.csv
2025-07-30,END_OF_DAY_LINEPACK,19615.0,,GdsrNGTLImperial20250730.csv
2025-07-30,LINEPACK_CHANGE_24H,-288.0,,GdsrNGTLImperial20250730.csv
2025-07-30,LINEPACK_RATE_OF_CHANGE,-84.0,,GdsrNGTLImperial20250730.csv
2025-07-30,LINEPACK_TARGET,20659.0,,GdsrNGTLImperial20250730.csv
2025-07-30,NGTL_FIELD_RECEIPTS,13355.0,,GdsrNGTLImperial20250730.csv
2025-07-30,TOLERANCE,,-1/1 (%),GdsrNGTLImperial20250730.csv
2025-07-30,TOLERANCE_LAST_CHANGED,,2025-Jul-21 at 08:00,GdsrNGTLImperial20250730.csv
2025-07-30,TOTAL_OBA_ACCOUNT_TJ,-225.7,,GdsrNGTLImperial20250730.csv
2025-07-30,TOTAL_SD_ACCOUNT_TJ,-233.4,,GdsrNGTLImperial20250730.csv
2025-07-31,END_OF_DAY_LINEPACK,19545.0,,GdsrNGTLImperial20250731.csv
2025-07-31,LINEPACK_CHANGE_24H,-70.0,,GdsrNGTLImperial20250731.csv
2025-07-31,LINEPACK_RATE_OF_CHANGE,337.0,,GdsrNGTLImperial20250731.csv
2025-07-31,LINEPACK_TARGET,20659.0,,GdsrNGTLImperial20250731.csv
2025-07-31,NGTL_FIELD_RECEIPTS,13599.0,,GdsrNGTLImperial20250731.csv
2025-07-31,TOLERANCE,,-1/1 (%),GdsrNGTLImperial20250731.csv
2025-07-31,TOLERANCE_LAST_CHANGED,,2025-Jul-21 at 08:00,GdsrNGTLImperial20250731.csv
2025-07-31,TOTAL_OBA_ACCOUNT_TJ,-443.3,,GdsrNGTLImperial20250731.csv
2025-07-31,TOTAL_SD_ACCOUNT_TJ,-412.6,,GdsrNGTLImperial20250731.csv
2025-08-01,END_OF_DAY_LINEPACK,19523.0,,GdsrNGTLImperial20250801.csv
2025-08-01,LINEPACK_CHANGE_24H,-22.0,,GdsrNGTLImperial20250801.csv
2025-08-01,LINEPACK_RATE_OF_CHANGE,-266.0,,GdsrNGTLImperial20250801.csv
2025-08-01,LINEPACK_TARGET,20659.0,,GdsrNGTLImperial20250801.csv
2025-08-01,NGTL_FIELD_RECEIPTS,13645.0,,GdsrNGTLImperial20250801.csv
2025-08-01,TOLERANCE,,-1/1 (%),GdsrNGTLImperial20250801.csv
2025-08-01,TOLERANCE_LAST_CHANGED,,2025-Jul-21 at 08:00,GdsrNGTLImperial20250801.csv
2025-08-01,TOTAL_OBA_ACCOUNT_TJ,-645.5,,GdsrNGTLImperial20250801.csv
2025-08-01,TOTAL_SD_ACCOUNT_TJ,-114.1,,GdsrNGTLImperial20250801.csv
2025-08-02,END_OF_DAY_LINEPACK,19639.0,,GdsrNGTLImperial20250802.csv
2025-08-02,LINEPACK_CHANGE_24H,116.0,,GdsrNGTLImperial20250802.csv
2025-08-02,LINEPACK_RATE_OF_CHANGE,191.0,,GdsrNGTLImperial20250802.csv
2025-08-02,LINEPACK_TARGET,20659.0,,GdsrNGTLImperial20250802.csv
2025-08-02,NGTL_FIELD_RECEIPTS,13681.0,,GdsrNGTLImperial20250802.csv
2025-08-02,TOLERANCE,,-1/1 (%),GdsrNGTLImperial20250802.csv
2025-08-02,TOLERANCE_LAST_CHANGED,,2025-Jul-21 at 08:00,GdsrNGTLImperial20250802.csv
2025-08-02,TOTAL_OBA_ACCOUNT_TJ,-622.7,,GdsrNGTLImperial20250802.csv
2025-08-02,TOTAL_SD_ACCOUNT_TJ,-32.1,,GdsrNGTLImperial20250802.csv
2025-08-03,END_OF_DAY_LINEPACK,19808.0,,GdsrNGTLImperial20250803.csv
2025-08-03,LINEPACK_CHANGE_24H,169.0,,GdsrNGTLImperial20250803.csv
2025-08-03,LINEPACK_RATE_OF_CHANGE,207.0,,GdsrNGTLImperial20250803.csv
2025-08-03,LINEPACK_TARGET,20659.0,,GdsrNGTLImperial20250803.csv
2025-08-03,NGTL_FIELD_RECEIPTS,13706.0,,GdsrNGTLImperial20250803.csv
2025-08-03,TOLERANCE,,-1/1 (%),GdsrNGTLImperial20250803.csv
2025-08-03,TOLERANCE_LAST_CHANGED,,2025-Jul-21 at 08:00,GdsrNGTLImperial20250803.csv
2025-08-03,TOTAL_OBA_ACCOUNT_TJ,-587.4,,GdsrNGTLImperial20250803.csv
2025-08-03,TOTAL_SD_ACCOUNT_TJ,159.0,,GdsrNGTLImperial20250803.csv
2025-08-04,END_OF_DAY_LINEPACK,19798.0,,GdsrNGTLImperial20250804.csv
2025-08-04,LINEPACK_CHANGE_24H,-10.0,,GdsrNGTLImperial20250804.csv
2025-08-04,LINEPACK_RATE_OF_CHANGE,-305.0,,GdsrNGTLImperial20250804.csv
2025-08-04,LINEPACK_TARGET,20659.0,,GdsrNGTLImperial20250804.csv
2025-08-04,NGTL_FIELD_RECEIPTS,13729.0,,GdsrNGTLImperial20250804.csv
2025-08-04,TOLERANCE,,-1/1 (%),GdsrNGTLImperial20250804.csv
2025-08-04,TOLERANCE_LAST_CHANGED,,2025-Jul-21 at 08:00,GdsrNGTLImperial20250804.csv
2025-08-04,TOTAL_OBA_ACCOUNT_TJ,-433.6,,GdsrNGTLImperial20250804.csv
2025-08-04,TOTAL_SD_ACCOUNT_TJ,-10.9,,GdsrNGTLImperial20250804.csv
2025-08-05,END_OF_DAY_LINEPACK,19501.0,,GdsrNGTLImperial20250805.csv
2025-08-05,LINEPACK_CHANGE_24H,-297.0,,GdsrNGTLImperial20250805.csv
2025-08-05,LINEPACK_RATE_OF_CHANGE,-345.0,,GdsrNGTLImperial20250805.csv
2025-08-05,LINEPACK_TARGET,20659.0,,GdsrNGTLImperial20250805.csv
2025-08-05,NGTL_FIELD_RECEIPTS,13472.0,,GdsrNGTLImperial20250805.csv
2025-08-05,TOLERANCE,,-1/1 (%),GdsrNGTLImperial20250805.csv
2025-08-05,TOLERANCE_LAST_CHANGED,,2025-Jul-21 at 08:00,GdsrNGTLImperial20250805.csv
2025-08-05,TOTAL_OBA_ACCOUNT_TJ,-494.8,,GdsrNGTLImperial20250805.csv
2025-08-05,TOTAL_SD_ACCOUNT_TJ,-263.4,,GdsrNGTLImperial20250805.csv
2025-08-06,END_OF_DAY_LINEPACK,19563.0,,GdsrNGTLImperial20250806.csv
2025-08-06,LINEPACK_CHANGE_24H,62.0,,GdsrNGTLImperial20250806.csv
2025-08-06,LINEPACK_RATE_OF_CHANGE,337.0,,GdsrNGTLImperial20250806.csv
2025-08-06,LINEPACK_TARGET,20659.0,,GdsrNGTLImperial20250806.csv
2025-08-06,NGTL_FIELD_RECEIPTS,13497.0,,GdsrNGTLImperial20250806.csv
2025-08-06,TOLERANCE,,-1/1 (%),GdsrNGTLImperial20250806.csv
2025-08-06,TOLERANCE_LAST_CHANGED,,2025-Jul-21 at 08:00,GdsrNGTLImperial20250806.csv
2025-08-06,TOTAL_OBA_ACCOUNT_TJ,-509.6,,GdsrNGTLImperial20250806.csv
2025-08-06,TOTAL_SD_ACCOUNT_TJ,-134.8,,GdsrNGTLImperial20250806.csv
2025-08-07,END_OF_DAY_LINEPACK,19435.0,,GdsrNGTLImperial20250807.csv
2025-08-07,LINEPACK_CHANGE_24H,-128.0,,GdsrNGTLImperial20250807.csv
2025-08-07,LINEPACK_RATE_OF_CHANGE,-90.0,,GdsrNGTLImperial20250807.csv
2025-08-07,LINEPACK_TARGET,20659.0,,GdsrNGTLImperial20250807.csv
2025-08-07,NGTL_FIELD_RECEIPTS,13447.0,,GdsrNGTLImperial20250807.csv
2025-08-07,TOLERANCE,,-1/1 (%),GdsrNGTLImperial20250807.csv
2025-08-07,TOLERANCE_LAST_CHANGED,,2025-Jul-21 at 08:00,GdsrNGTLImperial20250807.csv
2025-08-07,TOTAL_OBA_ACCOUNT_TJ,-723.4,,GdsrNGTLImperial20250807.csv
2025-08-07,TOTAL_SD_ACCOUNT_TJ,-10.1,,GdsrNGTLImperial20250807.csv
2025-08-08,END_OF_DAY_LINEPACK,19275.0,,GdsrNGTLImperial20250808.csv
2025-08-08,LINEPACK_CHANGE_24H,-160.0,,GdsrNGTLImperial20250808.csv
2025-08-08,LINEPACK_RATE_OF_CHANGE,-120.0,,GdsrNGTLImperial20250808.csv
2025-08-08,LINEPACK_TARGET,20659.0,,GdsrNGTLImperial20250808.csv
2025-08-08,NGTL_FIELD_RECEIPTS,13302.0,,GdsrNGTLImperial20250808.csv
2025-08-08,TOLERANCE,,-1/1 (%),GdsrNGTLImperial20250808.csv
2025-08-08,TOLERANCE_LAST_CHANGED,,2025-Jul-21 at 08:00,GdsrNGTLImperial20250808.csv
2025-08-08,TOTAL_OBA_ACCOUNT_TJ,-661.0,,GdsrNGTLImperial20250808.csv
2025-08-08,TOTAL_SD_ACCOUNT_TJ,-176.2,,GdsrNGTLImperial20250808.csv
2025-08-09,END_OF_DAY_LINEPACK,19092.0,,GdsrNGTLImperial20250809.csv
2025-08-09,LINEPACK_CHANGE_24H,-183.0,,GdsrNGTLImperial20250809.csv
2025-08-09,LINEPACK_RATE_OF_CHANGE,-254.0,,GdsrNGTLImperial20250809.csv
2025-08-09,LINEPACK_TARGET,20659.0,,GdsrNGTLImperial20250809.csv
2025-08-09,NGTL_FIELD_RECEIPTS,13434.0,,GdsrNGTLImperial20250809.csv
2025-08-09,TOLERANCE,,-1/1 (%),GdsrNGTLImperial20250809.csv
2025-08-09,TOLERANCE_LAST_CHANGED,,2025-Jul-21 at 08:00,GdsrNGTLImperial20250809.csv
2025-08-09,TOTAL_OBA_ACCOUNT_TJ,-817.1,,GdsrNGTLImperial20250809.csv
2025-08-09,TOTAL_SD_ACCOUNT_TJ,-238.4,,GdsrNGTLImperial20250809.csv
2025-08-10,END_OF_DAY_LINEPACK,18959.0,,GdsrNGTLImperial20250810.csv
2025-08-10,LINEPACK_CHANGE_24H,-133.0,,GdsrNGTLImperial20250810.csv
2025-08-10,LINEPACK_RATE_OF_CHANGE,-150.0,,GdsrNGTLImperial20250810.csv
2025-08-10,LINEPACK_TARGET,20659.0,,GdsrNGTLImperial20250810.csv
2025-08-10,NGTL_FIELD_RECEIPTS,13349.0,,GdsrNGTLImperial20250810.csv
2025-08-10,TOLERANCE,,-1/1 (%),GdsrNGTLImperial20250810.csv
2025-08-10,TOLERANCE_LAST_CHANGED,,2025-Jul-21 at 08:00,GdsrNGTLImperial20250810.csv
2025-08-10,TOTAL_OBA_ACCOUNT_TJ,-742.9,,GdsrNGTLImperial20250810.csv
2025-08-10,TOTAL_SD_ACCOUNT_TJ,-296.4,,GdsrNGTLImperial20250810.csv
2025-08-11,END_OF_DAY_LINEPACK,19172.0,,GdsrNGTLImperial20250811.csv
2025-08-11,LINEPACK_CHANGE_24H,213.0,,GdsrNGTLImperial20250811.csv
2025-08-11,LINEPACK_RATE_OF_CHANGE,38.0,,GdsrNGTLImperial20250811.csv
2025-08-11,LINEPACK_TARGET,20659.0,,GdsrNGTLImperial20250811.csv
2025-08-11,NGTL_FIELD_RECEIPTS,13427.0,,GdsrNGTLImperial20250811.csv
2025-08-11,TOLERANCE,,0/2 (%),GdsrNGTLImperial20250811.csv
2025-08-11,TOLERANCE_LAST_CHANGED,,2025-Aug-11 at 08:00,GdsrNGTLImperial20250811.csv
2025-08-11,TOTAL_OBA_ACCOUNT_TJ,-613.7,,GdsrNGTLImperial20250811.csv
2025-08-11,TOTAL_SD_ACCOUNT_TJ,-211.4,,GdsrNGTLImperial20250811.csv
2025-08-12,END_OF_DAY_LINEPACK,19589.0,,GdsrNGTLImperial20250812.csv
2025-08-12,LINEPACK_CHANGE_24H,417.0,,GdsrNGTLImperial20250812.csv
2025-08-12,LINEPACK_RATE_OF_CHANGE,361.0,,GdsrNGTLImperial20250812.csv
2025-08-12,LINEPACK_TARGET,20659.0,,GdsrNGTLImperial20250812.csv
2025-08-12,NGTL_FIELD_RECEIPTS,13131.0,,GdsrNGTLImperial20250812.csv
2025-08-12,TOLERANCE,,0/2 (%),GdsrNGTLImperial20250812.csv
2025-08-12,TOLERANCE_LAST_CHANGED,,2025-Aug-11 at 08:00,GdsrNGTLImperial20250812.csv
2025-08-12,TOTAL_OBA_ACCOUNT_TJ,-704.4,,GdsrNGTLImperial20250812.csv
2025-08-12,TOTAL_SD_ACCOUNT_TJ,24.7,,GdsrNGTLImperial20250812.csv
2025-08-13,END_OF_DAY_LINEPACK,19720.0,,GdsrNGTLImperial20250813.csv
2025-08-13,LINEPACK_CHANGE_24H,131.0,,GdsrNGTLImperial20250813.csv
2025-08-13,LINEPACK_RATE_OF_CHANGE,46.0,,GdsrNGTLImperial20250813.csv
2025-08-13,LINEPACK_TARGET,20659.0,,GdsrNGTLImperial20250813.csv
2025-08-13,NGTL_FIELD_RECEIPTS,13297.0,,GdsrNGTLImperial20250813.csv
2025-08-13,TOLERANCE,,0/2 (%),GdsrNGTLImperial20250813.csv
2025-08-13,TOLERANCE_LAST_CHANGED,,2025-Aug-11 at 08:00,GdsrNGTLImperial20250813.csv
2025-08-13,TOTAL_OBA_ACCOUNT_TJ,-699.7,,GdsrNGTLImperial20250813.csv
2025-08-13,TOTAL_SD_ACCOUNT_TJ,374.9,,GdsrNGTLImperial20250813.csv
2025-08-14,END_OF_DAY_LINEPACK,19786.0,,GdsrNGTLImperial20250814.csv
2025-08-14,LINEPACK_CHANGE_24H,67.0,,GdsrNGTLImperial20250814.csv
2025-08-14,LINEPACK_RATE_OF_CHANGE,187.0,,GdsrNGTLImperial20250814.csv
2025-08-14,LINEPACK_TARGET,20659.0,,GdsrNGTLImperial20250814.csv
2025-08-14,NGTL_FIELD_RECEIPTS,13300.0,,GdsrNGTLImperial20250814.csv
2025-08-14,TOLERANCE,,0/2 (%),GdsrNGTLImperial20250814.csv
2025-08-14,TOLERANCE_LAST_CHANGED,,2025-Aug-11 at 08:00,GdsrNGTLImperial20250814.csv
2025-08-14,TOTAL_OBA_ACCOUNT_TJ,-626.6,,GdsrNGTLImperial20250814.csv
2025-08-14,TOTAL_SD_ACCOUNT_TJ,-63.0,,GdsrNGTLImperial20250814.csv
2025-08-15,END_OF_DAY_LINEPACK,20272.0,,GdsrNGTLImperial20250815.csv
2025-08-15,LINEPACK_CHANGE_24H,486.0,,GdsrNGTLImperial20250815.csv
2025-08-15,LINEPACK_RATE_OF_CHANGE,571.0,,GdsrNGTLImperial20250815.csv
2025-08-15,LINEPACK_TARGET,20659.0,,GdsrNGTLImperial20250815.csv
2025-08-15,NGTL_FIELD_RECEIPTS,13616.0,,GdsrNGTLImperial20250815.csv
2025-08-15,TOLERANCE,,0/2 (%),GdsrNGTLImperial20250815.csv
2025-08-15,TOLERANCE_LAST_CHANGED,,2025-Aug-11 at 08:00,GdsrNGTLImperial20250815.csv
2025-08-15,TOTAL_OBA_ACCOUNT_TJ,-459.9,,GdsrNGTLImperial20250815.csv
2025-08-15,TOTAL_SD_ACCOUNT_TJ,341.6,,GdsrNGTLImperial20250815.csv
2025-08-16,END_OF_DAY_LINEPACK,20485.0,,GdsrNGTLImperial20250816.csv
2025-08-16,LINEPACK_CHANGE_24H,213.0,,GdsrNGTLImperial20250816.csv
2025-08-16,LINEPACK_RATE_OF_CHANGE,103.0,,GdsrNGTLImperial20250816.csv
2025-08-16,LINEPACK_TARGET,20659.0,,GdsrNGTLImperial20250816.csv
2025-08-16,NGTL_FIELD_RECEIPTS,13641.0,,GdsrNGTLImperial20250816.csv
2025-08-16,TOLERANCE,,0/2 (%),GdsrNGTLImperial20250816.csv
2025-08-16,TOLERANCE_LAST_CHANGED,,2025-Aug-11 at 08:00,GdsrNGTLImperial20250816.csv
2025-08-16,TOTAL_OBA_ACCOUNT_TJ,-334.3,,GdsrNGTLImperial20250816.csv
2025-08-16,TOTAL_SD_ACCOUNT_TJ,353.4,,GdsrNGTLImperial20250816.csv
2025-08-17,END_OF_DAY_LINEPACK,20565.0,,GdsrNGTLImperial20250817.csv
2025-08-17,LINEPACK_CHANGE_24H,80.0,,GdsrNGTLImperial20250817.csv
2025-08-17,LINEPACK_RATE_OF_CHANGE,171.0,,GdsrNGTLImperial20250817.csv
2025-08-17,LINEPACK_TARGET,20659.0,,GdsrNGTLImperial20250817.csv
2025-08-17,NGTL_FIELD_RECEIPTS,13661.0,,GdsrNGTLImperial20250817.csv
2025-08-17,TOLERANCE,,0/2 (%),GdsrNGTLImperial20250817.csv
2025-08-17,TOLERANCE_LAST_CHANGED,,2025-Aug-11 at 08:00,GdsrNGTLImperial20250817.csv
2025-08-17,TOTAL_OBA_ACCOUNT_TJ,-212.2,,GdsrNGTLImperial20250817.csv
2025-08-17,TOTAL_SD_ACCOUNT_TJ,217.1,,GdsrNGTLImperial20250817.csv
2025-08-18,END_OF_DAY_LINEPACK,20627.0,,GdsrNGTLImperial20250818.csv
2025-08-18,LINEPACK_CHANGE_24H,62.0,,GdsrNGTLImperial20250818.csv
2025-08-18,LINEPACK_RATE_OF_CHANGE,15.0,,GdsrNGTLImperial20250818.csv
2025-08-18,LINEPACK_TARGET,20659.0,,GdsrNGTLImperial20250818.csv
2025-08-18,NGTL_FIELD_RECEIPTS,13615.0,,GdsrNGTLImperial20250818.csv
2025-08-18,TOLERANCE,,0/2 (%),GdsrNGTLImperial20250818.csv
2025-08-18,TOLERANCE_LAST_CHANGED,,2025-Aug-11 at 08:00,GdsrNGTLImperial20250818.csv
2025-08-18,TOTAL_OBA_ACCOUNT_TJ,-229.6,,GdsrNGTLImperial20250818.csv
2025-08-18,TOTAL_SD_ACCOUNT_TJ,122.3,,GdsrNGTLImperial20250818.csv
2025-08-19,END_OF_DAY_LINEPACK,20816.0,,GdsrNGTLImperial20250819.csv
2025-08-19,LINEPACK_CHANGE_24H,189.0,,GdsrNGTLImperial20250819.csv
2025-08-19,LINEPACK_RATE_OF_CHANGE,460.0,,GdsrNGTLImperial20250819.csv
2025-08-19,LINEPACK_TARGET,20659.0,,GdsrNGTLImperial20250819.csv
2025-08-19,NGTL_FIELD_RECEIPTS,13510.0,,GdsrNGTLImperial20250819.csv
2025-08-19,TOLERANCE,,0/2 (%),GdsrNGTLImperial20250819.csv
2025-08-19,TOLERANCE_LAST_CHANGED,,2025-Aug-11 at 08:00,GdsrNGTLImperial20250819.csv
2025-08-19,TOTAL_OBA_ACCOUNT_TJ,-49.2,,GdsrNGTLImperial20250819.csv
2025-08-19,TOTAL_SD_ACCOUNT_TJ,90.0,,GdsrNGTLImperial20250819.csv
2025-08-20,END_OF_DAY_LINEPACK,20818.0,,GdsrNGTLImperial20250820.csv
2025-08-20,LINEPACK_CHANGE_24H,2.0,,GdsrNGTLImperial20250820.csv
2025-08-20,LINEPACK_RATE_OF_CHANGE,-280.0,,GdsrNGTLImperial20250820.csv
2025-08-20,LINEPACK_TARGET,20659.0,,GdsrNGTLImperial20250820.csv
2025-08-20,NGTL_FIELD_RECEIPTS,13487.0,,GdsrNGTLImperial20250820.csv
2025-08-20,TOLERANCE,,0/2 (%),GdsrNGTLImperial20250820.csv
2025-08-20,TOLERANCE_LAST_CHANGED,,2025-Aug-11 at 08:00,GdsrNGTLImperial20250820.csv
2025-08-20,TOTAL_OBA_ACCOUNT_TJ,9.6,,GdsrNGTLImperial20250820.csv
2025-08-20,TOTAL_SD_ACCOUNT_TJ,309.3,,GdsrNGTLImperial20250820.csv
2025-08-21,END_OF_DAY_LINEPACK,20574.0,,GdsrNGTLImperial20250821.csv
2025-08-21,LINEPACK_CHANGE_24H,-244.0,,GdsrNGTLImperial20250821.csv
2025-08-21,LINEPACK_RATE_OF_CHANGE,-100.0,,GdsrNGTLImperial20250821.csv
2025-08-21,LINEPACK_TARGET,20659.0,,GdsrNGTLImperial20250821.csv
2025-08-21,NGTL_FIELD_RECEIPTS,13476.0,,GdsrNGTLImperial20250821.csv
2025-08-21,TOLERANCE,,-1/1 (%),GdsrNGTLImperial20250821.csv
2025-08-21,TOLERANCE_LAST_CHANGED,,2025-Aug-21 at 08:00,GdsrNGTLImperial20250821.csv
2025-08-21,TOTAL_OBA_ACCOUNT_TJ,-109.1,,GdsrNGTLImperial20250821.csv
2025-08-21,TOTAL_SD_ACCOUNT_TJ,188.6,,GdsrNGTLImperial20250821.csv
2025-08-22,END_OF_DAY_LINEPACK,20234.0,,GdsrNGTLImperial20250822.csv
2025-08-22,LINEPACK_CHANGE_24H,-340.0,,GdsrNGTLImperial20250822.csv
2025-08-22,LINEPACK_RATE_OF_CHANGE,-364.0,,GdsrNGTLImperial20250822.csv
2025-08-22,LINEPACK_TARGET,20659.0,,GdsrNGTLImperial20250822.csv
2025-08-22,NGTL_FIELD_RECEIPTS,13582.0,,GdsrNGTLImperial20250822.csv
2025-08-22,TOLERANCE,,-1/1 (%),GdsrNGTLImperial20250822.csv
2025-08-22,TOLERANCE_LAST_CHANGED,,2025-Aug-21 at 08:00,GdsrNGTLImperial20250822.csv
2025-08-22,TOTAL_OBA_ACCOUNT_TJ,-490.7,,GdsrNGTLImperial20250822.csv
2025-08-22,TOTAL_SD_ACCOUNT_TJ,63.0,,GdsrNGTLImperial20250822.csv
2025-08-23,END_OF_DAY_LINEPACK,20130.0,,GdsrNGTLImperial20250823.csv
2025-08-23,LINEPACK_CHANGE_24H,-104.0,,GdsrNGTLImperial20250823.csv
2025-08-23,LINEPACK_RATE_OF_CHANGE,27.0,,GdsrNGTLImperial20250823.csv
2025-08-23,LINEPACK_TARGET,20659.0,,GdsrNGTLImperial20250823.csv
2025-08-23,NGTL_FIELD_RECEIPTS,13513.0,,GdsrNGTLImperial20250823.csv
2025-08-23,TOLERANCE,,-1/1 (%),GdsrNGTLImperial20250823.csv
2025-08-23,TOLERANCE_LAST_CHANGED,,2025-Aug-21 at 08:00,GdsrNGTLImperial20250823.csv
2025-08-23,TOTAL_OBA_ACCOUNT_TJ,-485.3,,GdsrNGTLImperial20250823.csv
2025-08-23,TOTAL_SD_ACCOUNT_TJ,-33.5,,GdsrNGTLImperial20250823.csv
2025-08-24,END_OF_DAY_LINEPACK,19993.0,,GdsrNGTLImperial20250824.csv
2025-08-24,LINEPACK_CHANGE_24H,-137.0,,GdsrNGTLImperial20250824.csv
2025-08-24,LINEPACK_RATE_OF_CHANGE,-319.0,,GdsrNGTLImperial20250824.csv
2025-08-24,LINEPACK_TARGET,20659.0,,GdsrNGTLImperial20250824.csv
2025-08-24,NGTL_FIELD_RECEIPTS,13400.0,,GdsrNGTLImperial20250824.csv
2025-08-24,TOLERANCE,,-1/1 (%),GdsrNGTLImperial20250824.csv
2025-08-24,TOLERANCE_LAST_CHANGED,,2025-Aug-21 at 08:00,GdsrNGTLImperial20250824.csv
2025-08-24,TOTAL_OBA_ACCOUNT_TJ,-412.4,,GdsrNGTLImperial20250824.csv
2025-08-24,TOTAL_SD_ACCOUNT_TJ,-236.6,,GdsrNGTLImperial20250824.csv
2025-08-25,END_OF_DAY_LINEPACK,19737.0,,GdsrNGTLImperial20250825.csv
2025-08-25,LINEPACK_CHANGE_24H,-256.0,,GdsrNGTLImperial20250825.csv
2025-08-25,LINEPACK_RATE_OF_CHANGE,-46.0,,GdsrNGTLImperial20250825.csv
2025-08-25,LINEPACK_TARGET,20659.0,,GdsrNGTLImperial20250825.csv
2025-08-25,NGTL_FIELD_RECEIPTS,13374.0,,GdsrNGTLImperial20250825.csv
2025-08-25,TOLERANCE,,-1/1 (%),GdsrNGTLImperial20250825.csv
2025-08-25,TOLERANCE_LAST_CHANGED,,2025-Aug-21 at 08:00,GdsrNGTLImperial20250825.csv
2025-08-25,TOTAL_OBA_ACCOUNT_TJ,-685.2,,GdsrNGTLImperial20250825.csv
2025-08-25,TOTAL_SD_ACCOUNT_TJ,-818.8,,GdsrNGTLImperial20250825.csv
2025-08-26,END_OF_DAY_LINEPACK,20325.0,,GdsrNGTLImperial20250826.csv
2025-08-26,LINEPACK_CHANGE_24H,588.0,,GdsrNGTLImperial20250826.csv
2025-08-26,LINEPACK_RATE_OF_CHANGE,633.0,,GdsrNGTLImperial20250826.csv
2025-08-26,LINEPACK_TARGET,20659.0,,GdsrNGTLImperial20250826.csv
2025-08-26,NGTL_FIELD_RECEIPTS,13588.0,,GdsrNGTLImperial20250826.csv
2025-08-26,TOLERANCE,,-1/1 (%),GdsrNGTLImperial20250826.csv
2025-08-26,TOLERANCE_LAST_CHANGED,,2025-Aug-21 at 08:00,GdsrNGTLImperial20250826.csv
2025-08-26,TOTAL_OBA_ACCOUNT_TJ,-530.6,,GdsrNGTLImperial20250826.csv
2025-08-26,TOTAL_SD_ACCOUNT_TJ,-208.3,,GdsrNGTLImperial20250826.csv
2025-08-27,END_OF_DAY_LINEPACK,20567.0,,GdsrNGTLImperial20250827.csv
2025-08-27,LINEPACK_CHANGE_24H,242.0,,GdsrNGTLImperial20250827.csv
2025-08-27,LINEPACK_RATE_OF_CHANGE,503.0,,GdsrNGTLImperial20250827.csv
2025-08-27,LINEPACK_TARGET,20659.0,,GdsrNGTLImperial20250827.csv
2025-08-27,NGTL_FIELD_RECEIPTS,13447.0,,GdsrNGTLImperial20250827.csv
2025-08-27,TOLERANCE,,-1/1 (%),GdsrNGTLImperial20250827.csv
2025-08-27,TOLERANCE_LAST_CHANGED,,2025-Aug-21 at 08:00,GdsrNGTLImperial20250827.csv
2025-08-27,TOTAL_OBA_ACCOUNT_TJ,-451.1,,GdsrNGTLImperial20250827.csv
2025-08-27,TOTAL_SD_ACCOUNT_TJ,-75.5,,GdsrNGTLImperial20250827.csv
2025-08-28,END_OF_DAY_LINEPACK,20553.0,,GdsrNGTLImperial20250828.csv
2025-08-28,LINEPACK_CHANGE_24H,-14.0,,GdsrNGTLImperial20250828.csv
2025-08-28,LINEPACK_RATE_OF_CHANGE,88.0,,GdsrNGTLImperial20250828.csv
2025-08-28,LINEPACK_TARGET,20659.0,,GdsrNGTLImperial20250828.csv
2025-08-28,NGTL_FIELD_RECEIPTS,13652.0,,GdsrNGTLImperial20250828.csv
2025-08-28,TOLERANCE,,-1/1 (%),GdsrNGTLImperial20250828.csv
2025-08-28,TOLERANCE_LAST_CHANGED,,2025-Aug-21 at 08:00,GdsrNGTLImperial20250828.csv
2025-08-28,TOTAL_OBA_ACCOUNT_TJ,-417.6,,GdsrNGTLImperial20250828.csv
2025-08-28,TOTAL_SD_ACCOUNT_TJ,-74.7,,GdsrNGTLImperial20250828.csv
2025-08-29,END_OF_DAY_LINEPACK,20328.0,,GdsrNGTLImperial20250829.csv
2025-08-29,LINEPACK_CHANGE_24H,-226.0,,GdsrNGTLImperial20250829.csv
2025-08-29,LINEPACK_RATE_OF_CHANGE,29.0,,GdsrNGTLImperial20250829.csv
2025-08-29,LINEPACK_TARGET,20659.0,,GdsrNGTLImperial20250829.csv
2025-08-29,NGTL_FIELD_RECEIPTS,13651.0,,GdsrNGTLImperial20250829.csv
2025-08-29,TOLERANCE,,-1/1 (%),GdsrNGTLImperial20250829.csv
2025-08-29,TOLERANCE_LAST_CHANGED,,2025-Aug-21 at 08:00,GdsrNGTLImperial20250829.csv
2025-08-29,TOTAL_OBA_ACCOUNT_TJ,-415.8,,GdsrNGTLImperial20250829.csv
2025-08-29,TOTAL_SD_ACCOUNT_TJ,-244.3,,GdsrNGTLImperial20250829.csv
2025-08-30,END_OF_DAY_LINEPACK,20364.0,,GdsrNGTLImperial20250830.csv
2025-08-30,LINEPACK_CHANGE_24H,36.0,,GdsrNGTLImperial20250830.csv
2025-08-30,LINEPACK_RATE_OF_CHANGE,240.0,,GdsrNGTLImperial20250830.csv
2025-08-30,LINEPACK_TARGET,20659.0,,GdsrNGTLImperial20250830.csv
2025-08-30,NGTL_FIELD_RECEIPTS,13716.0,,GdsrNGTLImperial20250830.csv
2025-08-30,TOLERANCE,,-1/1 (%),GdsrNGTLImperial20250830.csv
2025-08-30,TOLERANCE_LAST_CHANGED,,2025-Aug-21 at 08:00,GdsrNGTLImperial20250830.csv
2025-08-30,TOTAL_OBA_ACCOUNT_TJ,-414.1,,GdsrNGTLImperial20250830.csv
2025-08-30,TOTAL_SD_ACCOUNT_TJ,-165.8,,GdsrNGTLImperial20250830.csv
2025-08-31,END_OF_DAY_LINEPACK,20659.0,,GdsrNGTLImperial20250831.csv
2025-08-31,LINEPACK_CHANGE_24H,296.0,,GdsrNGTLImperial20250831.csv
2025-08-31,LINEPACK_RATE_OF_CHANGE,42.0,,GdsrNGTLImperial20250831.csv
2025-08-31,LINEPACK_TARGET,20659.0,,GdsrNGTLImperial20250831.csv
2025-08-31,NGTL_FIELD_RECEIPTS,13878.0,,GdsrNGTLImperial20250831.csv
2025-08-31,TOLERANCE,,-1/1 (%),GdsrNGTLImperial20250831.csv
2025-08-31,TOLERANCE_LAST_CHANGED,,2025-Aug-21 at 08:00,GdsrNGTLImperial20250831.csv
2025-08-31,TOTAL_OBA_ACCOUNT_TJ,-383.3,,GdsrNGTLImperial20250831.csv
2025-08-31,TOTAL_SD_ACCOUNT_TJ,72.4,,GdsrNGTLImperial20250831.csv
2025-09-01,END_OF_DAY_LINEPACK,20898.0,,GdsrNGTLImperial20250901.csv
2025-09-01,LINEPACK_CHANGE_24H,239.0,,GdsrNGTLImperial20250901.csv
2025-09-01,LINEPACK_RATE_OF_CHANGE,544.0,,GdsrNGTLImperial20250901.csv
2025-09-01,LINEPACK_TARGET,20659.0,,GdsrNGTLImperial20250901.csv
2025-09-01,NGTL_FIELD_RECEIPTS,14006.0,,GdsrNGTLImperial20250901.csv
2025-09-01,TOLERANCE,,-1/1 (%),GdsrNGTLImperial20250901.csv
2025-09-01,TOLERANCE_LAST_CHANGED,,2025-Aug-21 at 08:00,GdsrNGTLImperial20250901.csv
2025-09-01,TOTAL_OBA_ACCOUNT_TJ,-345.6,,GdsrNGTLImperial20250901.csv
2025-09-01,TOTAL_SD_ACCOUNT_TJ,171.2,,GdsrNGTLImperial20250901.csv
2025-09-02,END_OF_DAY_LINEPACK,21144.0,,GdsrNGTLImperial20250902.csv
2025-09-02,LINEPACK_CHANGE_24H,246.0,,GdsrNGTLImperial20250902.csv
2025-09-02,LINEPACK_RATE_OF_CHANGE,543.0,,GdsrNGTLImperial20250902.csv
2025-09-02,LINEPACK_TARGET,20659.0,,GdsrNGTLImperial20250902.csv
2025-09-02,NGTL_FIELD_RECEIPTS,13774.0,,GdsrNGTLImperial20250902.csv
2025-09-02,TOLERANCE,,-1/1 (%),GdsrNGTLImperial20250902.csv
2025-09-02,TOLERANCE_LAST_CHANGED,,2025-Aug-21 at 08:00,GdsrNGTLImperial20250902.csv
2025-09-02,TOTAL_OBA_ACCOUNT_TJ,-79.0,,GdsrNGTLImperial20250902.csv
2025-09-02,TOTAL_SD_ACCOUNT_TJ,146.5,,GdsrNGTLImperial20250902.csv
2025-09-03,END_OF_DAY_LINEPACK,20934.0,,GdsrNGTLImperial20250903.csv
2025-09-03,LINEPACK_CHANGE_24H,-211.0,,GdsrNGTLImperial20250903.csv
2025-09-03,LINEPACK_RATE_OF_CHANGE,-77.0,,GdsrNGTLImperial20250903.csv
2025-09-03,LINEPACK_TARGET,20659.0,,GdsrNGTLImperial20250903.csv
2025-09-03,NGTL_FIELD_RECEIPTS,13264.0,,GdsrNGTLImperial20250903.csv
2025-09-03,TOLERANCE,,-2/0 (%),GdsrNGTLImperial20250903.csv
2025-09-03,TOLERANCE_LAST_CHANGED,,2025-Sep-3 at 08:00,GdsrNGTLImperial20250903.csv
2025-09-03,TOTAL_OBA_ACCOUNT_TJ,65.3,,GdsrNGTLImperial20250903.csv
2025-09-03,TOTAL_SD_ACCOUNT_TJ,-215.1,,GdsrNGTLImperial20250903.csv
2025-09-04,END_OF_DAY_LINEPACK,20700.0,,GdsrNGTLImperial20250904.csv
2025-09-04,LINEPACK_CHANGE_24H,-234.0,,GdsrNGTLImperial20250904.csv
2025-09-04,LINEPACK_RATE_OF_CHANGE,-361.0,,GdsrNGTLImperial20250904.csv
2025-09-04,LINEPACK_TARGET,20659.0,,GdsrNGTLImperial20250904.csv
2025-09-04,NGTL_FIELD_RECEIPTS,13477.0,,GdsrNGTLImperial20250904.csv
2025-09-04,TOLERANCE,,-2/0 (%),GdsrNGTLImperial20250904.csv
2025-09-04,TOLERANCE_LAST_CHANGED,,2025-Sep-3 at 08:00,GdsrNGTLImperial20250904.csv
2025-09-04,TOTAL_OBA_ACCOUNT_TJ,-466.2,,GdsrNGTLImperial20250904.csv
2025-09-04,TOTAL_SD_ACCOUNT_TJ,-13.7,,GdsrNGTLImperial20250904.csv
2025-09-05,END_OF_DAY_LINEPACK,20231.0,,GdsrNGTLImperial20250905.csv
2025-09-05,LINEPACK_CHANGE_24H,-468.0,,GdsrNGTLImperial20250905.csv
2025-09-05,LINEPACK_RATE_OF_CHANGE,-94.0,,GdsrNGTLImperial20250905.csv
2025-09-05,LINEPACK_TARGET,20659.0,,GdsrNGTLImperial20250905.csv
2025-09-05,NGTL_FIELD_RECEIPTS,13598.0,,GdsrNGTLImperial20250905.csv
2025-09-05,TOLERANCE,,-2/0 (%),GdsrNGTLImperial20250905.csv
2025-09-05,TOLERANCE_LAST_CHANGED,,2025-Sep-3 at 08:00,GdsrNGTLImperial20250905.csv
2025-09-05,TOTAL_OBA_ACCOUNT_TJ,-373.0,,GdsrNGTLImperial20250905.csv
2025-09-05,TOTAL_SD_ACCOUNT_TJ,-295.0,,GdsrNGTLImperial20250905.csv
2025-09-06,END_OF_DAY_LINEPACK,19953.0,,GdsrNGTLImperial20250906.csv
2025-09-06,LINEPACK_CHANGE_24H,-278.0,,GdsrNGTLImperial20250906.csv
2025-09-06,LINEPACK_RATE_OF_CHANGE,-241.0,,GdsrNGTLImperial20250906.csv
2025-09-06,LINEPACK_TARGET,20659.0,,GdsrNGTLImperial20250906.csv
2025-09-06,NGTL_FIELD_RECEIPTS,13533.0,,GdsrNGTLImperial20250906.csv
2025-09-06,TOLERANCE,,-2/0 (%),GdsrNGTLImperial20250906.csv
2025-09-06,TOLERANCE_LAST_CHANGED,,2025-Sep-3 at 08:00,GdsrNGTLImperial20250906.csv
2025-09-06,TOTAL_OBA_ACCOUNT_TJ,-385.0,,GdsrNGTLImperial20250906.csv
2025-09-06,TOTAL_SD_ACCOUNT_TJ,-439.0,,GdsrNGTLImperial20250906.csv
2025-09-07,END_OF_DAY_LINEPACK,19889.0,,GdsrNGTLImperial20250907.csv
2025-09-07,LINEPACK_CHANGE_24H,-64.0,,GdsrNGTLImperial20250907.csv
2025-09-07,LINEPACK_RATE_OF_CHANGE,130.0,,GdsrNGTLImperial20250907.csv
2025-09-07,LINEPACK_TARGET,20659.0,,GdsrNGTLImperial20250907.csv
2025-09-07,NGTL_FIELD_RECEIPTS,13565.0,,GdsrNGTLImperial20250907.csv
2025-09-07,TOLERANCE,,-2/0 (%),GdsrNGTLImperial20250907.csv
2025-09-07,TOLERANCE_LAST_CHANGED,,2025-Sep-3 at 08:00,GdsrNGTLImperial20250907.csv
2025-09-07,TOTAL_OBA_ACCOUNT_TJ,-466.8,,GdsrNGTLImperial20250907.csv
2025-09-07,TOTAL_SD_ACCOUNT_TJ,-354.4,,GdsrNGTLImperial20250907.csv
2025-09-08,END_OF_DAY_LINEPACK,19664.0,,GdsrNGTLImperial20250908.csv
2025-09-08,LINEPACK_CHANGE_24H,-226.0,,GdsrNGTLImperial20250908.csv
2025-09-08,LINEPACK_RATE_OF_CHANGE,-182.0,,GdsrNGTLImperial20250908.csv
2025-09-08,LINEPACK_TARGET,20659.0,,GdsrNGTLImperial20250908.csv
2025-09-08,NGTL_FIELD_RECEIPTS,13234.0,,GdsrNGTLImperial20250908.csv
2025-09-08,TOLERANCE,,-2/0 (%),GdsrNGTLImperial20250908.csv
2025-09-08,TOLERANCE_LAST_CHANGED,,2025-Sep-3 at 08:00,GdsrNGTLImperial20250908.csv
2025-09-08,TOTAL_OBA_ACCOUNT_TJ,-424.1,,GdsrNGTLImperial20250908.csv
2025-09-08,TOTAL_SD_ACCOUNT_TJ,-579.8,,GdsrNGTLImperial20250908.csv
2025-09-09,END_OF_DAY_LINEPACK,19794.0,,GdsrNGTLImperial20250909.csv
2025-09-09,LINEPACK_CHANGE_24H,130.0,,GdsrNGTLImperial20250909.csv
2025-09-09,LINEPACK_RATE_OF_CHANGE,468.0,,GdsrNGTLImperial20250909.csv
2025-09-09,LINEPACK_TARGET,20659.0,,GdsrNGTLImperial20250909.csv
2025-09-09,NGTL_FIELD_RECEIPTS,13105.0,,GdsrNGTLImperial20250909.csv
2025-09-09,TOLERANCE,,-2/0 (%),GdsrNGTLImperial20250909.csv
2025-09-09,TOLERANCE_LAST_CHANGED,,2025-Sep-3 at 08:00,GdsrNGTLImperial20250909.csv
2025-09-09,TOTAL_OBA_ACCOUNT_TJ,-684.8,,GdsrNGTLImperial20250909.csv
2025-09-09,TOTAL_SD_ACCOUNT_TJ,-287.3,,GdsrNGTLImperial20250909.csv
2025-09-10,END_OF_DAY_LINEPACK,19993.0,,GdsrNGTLImperial20250910.csv
2025-09-10,LINEPACK_CHANGE_24H,200.0,,GdsrNGTLImperial20250910.csv
2025-09-10,LINEPACK_RATE_OF_CHANGE,813.0,,GdsrNGTLImperial20250910.csv
2025-09-10,LINEPACK_TARGET,20659.0,,GdsrNGTLImperial20250910.csv
2025-09-10,NGTL_FIELD_RECEIPTS,13546.0,,GdsrNGTLImperial20250910.csv
2025-09-10,TOLERANCE,,-2/0 (%),GdsrNGTLImperial20250910.csv
2025-09-10,TOLERANCE_LAST_CHANGED,,2025-Sep-3 at 08:00,GdsrNGTLImperial20250910.csv
2025-09-10,TOTAL_OBA_ACCOUNT_TJ,-624.1,,GdsrNGTLImperial20250910.csv
2025-09-10,TOTAL_SD_ACCOUNT_TJ,-45.9,,GdsrNGTLImperial20250910.csv
2025-09-11,END_OF_DAY_LINEPACK,19989.0,,GdsrNGTLImperial20250911.csv
2025-09-11,LINEPACK_CHANGE_24H,-4.0,,GdsrNGTLImperial20250911.csv
2025-09-11,LINEPACK_RATE_OF_CHANGE,44.0,,GdsrNGTLImperial20250911.csv
2025-09-11,LINEPACK_TARGET,20659.0,,GdsrNGTLImperial20250911.csv
2025-09-11,NGTL_FIELD_RECEIPTS,13263.0,,GdsrNGTLImperial20250911.csv
2025-09-11,TOLERANCE,,-2/0 (%),GdsrNGTLImperial20250911.csv
2025-09-11,TOLERANCE_LAST_CHANGED,,2025-Sep-3 at 08:00,GdsrNGTLImperial20250911.csv
2025-09-11,TOTAL_OBA_ACCOUNT_TJ,-450.2,,GdsrNGTLImperial20250911.csv
2025-09-11,TOTAL_SD_ACCOUNT_TJ,-211.4,,GdsrNGTLImperial20250911.csv
2025-09-12,END_OF_DAY_LINEPACK,20509.0,,GdsrNGTLImperial20250912.csv
2025-09-12,LINEPACK_CHANGE_24H,520.0,,GdsrNGTLImperial20250912.csv
2025-09-12,LINEPACK_RATE_OF_CHANGE,521.0,,GdsrNGTLImperial20250912.csv
2025-09-12,LINEPACK_TARGET,20659.0,,GdsrNGTLImperial20250912.csv
2025-09-12,NGTL_FIELD_RECEIPTS,13634.0,,GdsrNGTLImperial20250912.csv
2025-09-12,TOLERANCE,,-2/0 (%),GdsrNGTLImperial20250912.csv
2025-09-12,TOLERANCE_LAST_CHANGED,,2025-Sep-3 at 08:00,GdsrNGTLImperial20250912.csv
2025-09-12,TOTAL_OBA_ACCOUNT_TJ,-5.4,,GdsrNGTLImperial20250912.csv
2025-09-12,TOTAL_SD_ACCOUNT_TJ,-105.6,,GdsrNGTLImperial20250912.csv
2025-09-13,END_OF_DAY_LINEPACK,20564.0,,GdsrNGTLImperial20250913.csv
2025-09-13,LINEPACK_CHANGE_24H,55.0,,GdsrNGTLImperial20250913.csv
2025-09-13,LINEPACK_RATE_OF_CHANGE,89.0,,GdsrNGTLImperial20250913.csv
2025-09-13,LINEPACK_TARGET,20659.0,,GdsrNGTLImperial20250913.csv
2025-09-13,NGTL_FIELD_RECEIPTS,13545.0,,GdsrNGTLImperial20250913.csv
2025-09-13,TOLERANCE,,-2/0 (%),GdsrNGTLImperial20250913.csv
2025-09-13,TOLERANCE_LAST_CHANGED,,2025-Sep-3 at 08:00,GdsrNGTLImperial20250913.csv
2025-09-13,TOTAL_OBA_ACCOUNT_TJ,186.1,,GdsrNGTLImperial20250913.csv
2025-09-13,TOTAL_SD_ACCOUNT_TJ,-173.5,,GdsrNGTLImperial20250913.csv
2025-09-14,END_OF_DAY_LINEPACK,20594.0,,GdsrNGTLImperial20250914.csv
2025-09-14,LINEPACK_CHANGE_24H,30.0,,GdsrNGTLImperial20250914.csv
2025-09-14,LINEPACK_RATE_OF_CHANGE,439.0,,GdsrNGTLImperial20250914.csv
2025-09-14,LINEPACK_TARGET,20659.0,,GdsrNGTLImperial20250914.csv
2025-09-14,NGTL_FIELD_RECEIPTS,13603.0,,GdsrNGTLImperial20250914.csv
2025-09-14,TOLERANCE,,-2/0 (%),GdsrNGTLImperial20250914.csv
2025-09-14,TOLERANCE_LAST_CHANGED,,2025-Sep-3 at 08:00,GdsrNGTLImperial20250914.csv
2025-09-14,TOTAL_OBA_ACCOUNT_TJ,254.5,,GdsrNGTLImperial20250914.csv
2025-09-14,TOTAL_SD_ACCOUNT_TJ,-270.1,,GdsrNGTLImperial20250914.csv
2025-09-15,END_OF_DAY_LINEPACK,20437.0,,GdsrNGTLImperial20250915.csv
2025-09-15,LINEPACK_CHANGE_24H,-157.0,,GdsrNGTLImperial20250915.csv
2025-09-15,LINEPACK_RATE_OF_CHANGE,-222.0,,GdsrNGTLImperial20250915.csv
2025-09-15,LINEPACK_TARGET,20659.0,,GdsrNGTLImperial20250915.csv
2025-09-15,NGTL_FIELD_RECEIPTS,13251.0,,GdsrNGTLImperial20250915.csv
2025-09-15,TOLERANCE,,-2/0 (%),GdsrNGTLImperial20250915.csv
2025-09-15,TOLERANCE_LAST_CHANGED,,2025-Sep-3 at 08:00,GdsrNGTLImperial20250915.csv
2025-09-15,TOTAL_OBA_ACCOUNT_TJ,261.2,,GdsrNGTLImperial20250915.csv
2025-09-15,TOTAL_SD_ACCOUNT_TJ,-516.4,,GdsrNGTLImperial20250915.csv
2025-09-16,END_OF_DAY_LINEPACK,20379.0,,GdsrNGTLImperial20250916.csv
2025-09-16,LINEPACK_CHANGE_24H,-59.0,,GdsrNGTLImperial20250916.csv
2025-09-16,LINEPACK_RATE_OF_CHANGE,325.0,,GdsrNGTLImperial20250916.csv
2025-09-16,LINEPACK_TARGET,20659.0,,GdsrNGTLImperial20250916.csv
2025-09-16,NGTL_FIELD_RECEIPTS,13379.0,,GdsrNGTLImperial20250916.csv
2025-09-16,TOLERANCE,,-2/0 (%),GdsrNGTLImperial20250916.csv
2025-09-16,TOLERANCE_LAST_CHANGED,,2025-Sep-3 at 08:00,GdsrNGTLImperial20250916.csv
2025-09-16,TOTAL_OBA_ACCOUNT_TJ,-26.2,,GdsrNGTLImperial20250916.csv
2025-09-16,TOTAL_SD_ACCOUNT_TJ,-441.1,,GdsrNGTLImperial20250916.csv
2025-09-17,END_OF_DAY_LINEPACK,20503.0,,GdsrNGTLImperial20250917.csv
2025-09-17,LINEPACK_CHANGE_24H,125.0,,GdsrNGTLImperial20250917.csv
2025-09-17,LINEPACK_RATE_OF_CHANGE,169.0,,GdsrNGTLImperial20250917.csv
2025-09-17,LINEPACK_TARGET,20659.0,,GdsrNGTLImperial20250917.csv
2025-09-17,NGTL_FIELD_RECEIPTS,13320.0,,GdsrNGTLImperial20250917.csv
2025-09-17,TOLERANCE,,-2/0 (%),GdsrNGTLImperial20250917.csv
2025-09-17,TOLERANCE_LAST_CHANGED,,2025-Sep-3 at 08:00,GdsrNGTLImperial20250917.csv
2025-09-17,TOTAL_OBA_ACCOUNT_TJ,54.9,,GdsrNGTLImperial20250917.csv
2025-09-17,TOTAL_SD_ACCOUNT_TJ,-277.7,,GdsrNGTLImperial20250917.csv
2025-09-18,END_OF_DAY_LINEPACK,20370.0,,GdsrNGTLImperial20250918.csv
2025-09-18,LINEPACK_CHANGE_24H,-133.0,,GdsrNGTLImperial20250918.csv
2025-09-18,LINEPACK_RATE_OF_CHANGE,-2.0,,GdsrNGTLImperial20250918.csv
2025-09-18,LINEPACK_TARGET,20659.0,,GdsrNGTLImperial20250918.csv
2025-09-18,NGTL_FIELD_RECEIPTS,13383.0,,GdsrNGTLImperial20250918.csv
2025-09-18,TOLERANCE,,-2/0 (%),GdsrNGTLImperial20250918.csv
2025-09-18,TOLERANCE_LAST_CHANGED,,2025-Sep-3 at 08:00,GdsrNGTLImperial20250918.csv
2025-09-18,TOTAL_OBA_ACCOUNT_TJ,-9.3,,GdsrNGTLImperial20250918.csv
2025-09-18,TOTAL_SD_ACCOUNT_TJ,-430.9,,GdsrNGTLImperial20250918.csv
2025-09-19,END_OF_DAY_LINEPACK,20167.0,,GdsrNGTLImperial20250919.csv
2025-09-19,LINEPACK_CHANGE_24H,-203.0,,GdsrNGTLImperial20250919.csv
2025-09-19,LINEPACK_RATE_OF_CHANGE,125.0,,GdsrNGTLImperial20250919.csv
2025-09-19,LINEPACK_TARGET,20659.0,,GdsrNGTLImperial20250919.csv
2025-09-19,NGTL_FIELD_RECEIPTS,13421.0,,GdsrNGTLImperial20250919.csv
2025-09-19,TOLERANCE,,-2/0 (%),GdsrNGTLImperial20250919.csv
2025-09-19,TOLERANCE_LAST_CHANGED,,2025-Sep-3 at 08:00,GdsrNGTLImperial20250919.csv
2025-09-19,TOTAL_OBA_ACCOUNT_TJ,-193.0,,GdsrNGTLImperial20250919.csv
2025-09-19,TOTAL_SD_ACCOUNT_TJ,-430.5,,GdsrNGTLImperial20250919.csv
2025-09-20,END_OF_DAY_LINEPACK,20378.0,,GdsrNGTLImperial20250920.csv
2025-09-20,LINEPACK_CHANGE_24H,210.0,,GdsrNGTLImperial20250920.csv
2025-09-20,LINEPACK_RATE_OF_CHANGE,575.0,,GdsrNGTLImperial20250920.csv
2025-09-20,LINEPACK_TARGET,20659.0,,GdsrNGTLImperial20250920.csv
2025-09-20,NGTL_FIELD_RECEIPTS,13503.0,,GdsrNGTLImperial20250920.csv
2025-09-20,TOLERANCE,,-2/0 (%),GdsrNGTLImperial20250920.csv
2025-09-20,TOLERANCE_LAST_CHANGED,,2025-Sep-3 at 08:00,GdsrNGTLImperial20250920.csv
2025-09-20,TOTAL_OBA_ACCOUNT_TJ,-245.3,,GdsrNGTLImperial20250920.csv
2025-09-20,TOTAL_SD_ACCOUNT_TJ,-125.0,,GdsrNGTLImperial20250920.csv
2025-09-21,END_OF_DAY_LINEPACK,20473.0,,GdsrNGTLImperial20250921.csv
2025-09-21,LINEPACK_CHANGE_24H,95.0,,GdsrNGTLImperial20250921.csv
2025-09-21,LINEPACK_RATE_OF_CHANGE,-188.0,,GdsrNGTLImperial20250921.csv
2025-09-21,LINEPACK_TARGET,20659.0,,GdsrNGTLImperial20250921.csv
2025-09-21,NGTL_FIELD_RECEIPTS,13332.0,,GdsrNGTLImperial20250921.csv
2025-09-21,TOLERANCE,,-2/0 (%),GdsrNGTLImperial20250921.csv
2025-09-21,TOLERANCE_LAST_CHANGED,,2025-Sep-3 at 08:00,GdsrNGTLImperial20250921.csv
2025-09-21,TOTAL_OBA_ACCOUNT_TJ,-79.0,,GdsrNGTLImperial20250921.csv
2025-09-21,TOTAL_SD_ACCOUNT_TJ,-225.1,,GdsrNGTLImperial20250921.csv
2025-09-22,END_OF_DAY_LINEPACK,20453.0,,GdsrNGTLImperial20250922.csv
2025-09-22,LINEPACK_CHANGE_24H,-20.0,,GdsrNGTLImperial20250922.csv
2025-09-22,LINEPACK_RATE_OF_CHANGE,277.0,,GdsrNGTLImperial20250922.csv
2025-09-22,LINEPACK_TARGET,20659.0,,GdsrNGTLImperial20250922.csv
2025-09-22,NGTL_FIELD_RECEIPTS,12969.0,,GdsrNGTLImperial20250922.csv
2025-09-22,TOLERANCE,,-2/0 (%),GdsrNGTLImperial20250922.csv
2025-09-22,TOLERANCE_LAST_CHANGED,,2025-Sep-3 at 08:00,GdsrNGTLImperial20250922.csv
2025-09-22,TOTAL_OBA_ACCOUNT_TJ,5.0,,GdsrNGTLImperial20250922.csv
2025-09-22,TOTAL_SD_ACCOUNT_TJ,-195.0,,GdsrNGTLImperial20250922.csv
2025-09-23,END_OF_DAY_LINEPACK,20482.0,,GdsrNGTLImperial20250923.csv
2025-09-23,LINEPACK_CHANGE_24H,29.0,,GdsrNGTLImperial20250923.csv
2025-09-23,LINEPACK_RATE_OF_CHANGE,327.0,,GdsrNGTLImperial20250923.csv
2025-09-23,LINEPACK_TARGET,20659.0,,GdsrNGTLImperial20250923.csv
2025-09-23,NGTL_FIELD_RECEIPTS,12883.0,,GdsrNGTLImperial20250923.csv
2025-09-23,TOLERANCE,,-2/0 (%),GdsrNGTLImperial20250923.csv
2025-09-23,TOLERANCE_LAST_CHANGED,,2025-Sep-3 at 08:00,GdsrNGTLImperial20250923.csv
2025-09-23,TOTAL_OBA_ACCOUNT_TJ,66.2,,GdsrNGTLImperial20250923.csv
2025-09-23,TOTAL_SD_ACCOUNT_TJ,-271.5,,GdsrNGTLImperial20250923.csv
2025-09-24,END_OF_DAY_LINEPACK,20594.0,,GdsrNGTLImperial20250924.csv
2025-09-24,LINEPACK_CHANGE_24H,112.0,,GdsrNGTLImperial20250924.csv
2025-09-24,LINEPACK_RATE_OF_CHANGE,234.0,,GdsrNGTLImperial20250924.csv
2025-09-24,LINEPACK_TARGET,20659.0,,GdsrNGTLImperial20250924.csv
2025-09-24,NGTL_FIELD_RECEIPTS,12801.0,,GdsrNGTLImperial20250924.csv
2025-09-24,TOLERANCE,,-2/0 (%),GdsrNGTLImperial20250924.csv
2025-09-24,TOLERANCE_LAST_CHANGED,,2025-Sep-3 at 08:00,GdsrNGTLImperial20250924.csv
2025-09-24,TOTAL_OBA_ACCOUNT_TJ,161.5,,GdsrNGTLImperial20250924.csv
2025-09-24,TOTAL_SD_ACCOUNT_TJ,-256.9,,GdsrNGTLImperial20250924.csv
2025-09-25,END_OF_DAY_LINEPACK,20785.0,,GdsrNGTLImperial20250925.csv
2025-09-25,LINEPACK_CHANGE_24H,190.0,,GdsrNGTLImperial20250925.csv
2025-09-25,LINEPACK_RATE_OF_CHANGE,240.0,,GdsrNGTLImperial20250925.csv
2025-09-25,LINEPACK_TARGET,20659.0,,GdsrNGTLImperial20250925.csv
2025-09-25,NGTL_FIELD_RECEIPTS,12656.0,,GdsrNGTLImperial20250925.csv
2025-09-25,TOLERANCE,,-2/0 (%),GdsrNGTLImperial20250925.csv
2025-09-25,TOLERANCE_LAST_CHANGED,,2025-Sep-3 at 08:00,GdsrNGTLImperial20250925.csv
2025-09-25,TOTAL_OBA_ACCOUNT_TJ,71.2,,GdsrNGTLImperial20250925.csv
2025-09-25,TOTAL_SD_ACCOUNT_TJ,14.0,,GdsrNGTLImperial20250925.csv
2025-09-26,END_OF_DAY_LINEPACK,20301.0,,GdsrNGTLImperial20250926.csv
2025-09-26,LINEPACK_CHANGE_24H,-484.0,,GdsrNGTLImperial20250926.csv
2025-09-26,LINEPACK_RATE_OF_CHANGE,-515.0,,GdsrNGTLImperial20250926.csv
2025-09-26,LINEPACK_TARGET,20659.0,,GdsrNGTLImperial20250926.csv
2025-09-26,NGTL_FIELD_RECEIPTS,12545.0,,GdsrNGTLImperial20250926.csv
2025-09-26,TOLERANCE,,-2/0 (%),GdsrNGTLImperial20250926.csv
2025-09-26,TOLERANCE_LAST_CHANGED,,2025-Sep-3 at 08:00,GdsrNGTLImperial20250926.csv
2025-09-26,TOTAL_OBA_ACCOUNT_TJ,-183.4,,GdsrNGTLImperial20250926.csv
2025-09-26,TOTAL_SD_ACCOUNT_TJ,-364.1,,GdsrNGTLImperial20250926.csv
2025-09-27,END_OF_DAY_LINEPACK,19928.0,,GdsrNGTLImperial20250927.csv
2025-09-27,LINEPACK_CHANGE_24H,-372.0,,GdsrNGTLImperial20250927.csv
2025-09-27,LINEPACK_RATE_OF_CHANGE,-437.0,,GdsrNGTLImperial20250927.csv
2025-09-27,LINEPACK_TARGET,20659.0,,GdsrNGTLImperial20250927.csv
2025-09-27,NGTL_FIELD_RECEIPTS,12708.0,,GdsrNGTLImperial20250927.csv
2025-09-27,TOLERANCE,,-2/0 (%),GdsrNGTLImperial20250927.csv
2025-09-27,TOLERANCE_LAST_CHANGED,,2025-Sep-3 at 08:00,GdsrNGTLImperial20250927.csv
2025-09-27,TOTAL_OBA_ACCOUNT_TJ,-480.1,,GdsrNGTLImperial20250927.csv
2025-09-27,TOTAL_SD_ACCOUNT_TJ,-513.5,,GdsrNGTLImperial20250927.csv
2025-09-28,END_OF_DAY_LINEPACK,19776.0,,GdsrNGTLImperial20250928.csv
2025-09-28,LINEPACK_CHANGE_24H,-152.0,,GdsrNGTLImperial20250928.csv
2025-09-28,LINEPACK_RATE_OF_CHANGE,-314.0,,GdsrNGTLImperial20250928.csv
2025-09-28,LINEPACK_TARGET,20659.0,,GdsrNGTLImperial20250928.csv
2025-09-28,NGTL_FIELD_RECEIPTS,13002.0,,GdsrNGTLImperial20250928.csv
2025-09-28,TOLERANCE,,-2/0 (%),GdsrNGTLImperial20250928.csv
2025-09-28,TOLERANCE_LAST_CHANGED,,2025-Sep-3 at 08:00,GdsrNGTLImperial20250928.csv
2025-09-28,TOTAL_OBA_ACCOUNT_TJ,-423.3,,GdsrNGTLImperial20250928.csv
2025-09-28,TOTAL_SD_ACCOUNT_TJ,-496.5,,GdsrNGTLImperial20250928.csv
2025-09-29,END_OF_DAY_LINEPACK,19923.0,,GdsrNGTLImperial20250929.csv
2025-09-29,LINEPACK_CHANGE_24H,147.0,,GdsrNGTLImperial20250929.csv
2025-09-29,LINEPACK_RATE_OF_CHANGE,72.0,,GdsrNGTLImperial20250929.csv
2025-09-29,LINEPACK_TARGET,20659.0,,GdsrNGTLImperial20250929.csv
2025-09-29,NGTL_FIELD_RECEIPTS,12890.0,,GdsrNGTLImperial20250929.csv
2025-09-29,TOLERANCE,,-2/0 (%),GdsrNGTLImperial20250929.csv
2025-09-29,TOLERANCE_LAST_CHANGED,,2025-Sep-3 at 08:00,GdsrNGTLImperial20250929.csv
2025-09-29,TOTAL_OBA_ACCOUNT_TJ,-270.8,,GdsrNGTLImperial20250929.csv
2025-09-29,TOTAL_SD_ACCOUNT_TJ,-205.9,,GdsrNGTLImperial20250929.csv
2025-09-30,END_OF_DAY_LINEPACK,19802.0,,GdsrNGTLImperial20250930.csv
2025-09-30,LINEPACK_CHANGE_24H,-121.0,,GdsrNGTLImperial20250930.csv
2025-09-30,LINEPACK_RATE_OF_CHANGE,118.0,,GdsrNGTLImperial20250930.csv
2025-09-30,LINEPACK_TARGET,20659.0,,GdsrNGTLImperial20250930.csv
2025-09-30,NGTL_FIELD_RECEIPTS,12742.0,,GdsrNGTLImperial20250930.csv
2025-09-30,TOLERANCE,,-2/0 (%),GdsrNGTLImperial20250930.csv
2025-09-30,TOLERANCE_LAST_CHANGED,,2025-Sep-3 at 08:00,GdsrNGTLImperial20250930.csv
2025-09-30,TOTAL_OBA_ACCOUNT_TJ,-184.7,,GdsrNGTLImperial20250930.csv
2025-09-30,TOTAL_SD_ACCOUNT_TJ,-590.8,,GdsrNGTLImperial20250930.csv
2025-10-01,END_OF_DAY_LINEPACK,19872.0,,GdsrNGTLImperial20251001.csv
2025-10-01,LINEPACK_CHANGE_24H,70.0,,GdsrNGTLImperial20251001.csv
2025-10-01,LINEPACK_RATE_OF_CHANGE,335.0,,GdsrNGTLImperial20251001.csv
2025-10-01,LINEPACK_TARGET,20659.0,,GdsrNGTLImperial20251001.csv
2025-10-01,NGTL_FIELD_RECEIPTS,12969.0,,GdsrNGTLImperial20251001.csv
2025-10-01,TOLERANCE,,-2/0 (%),GdsrNGTLImperial20251001.csv
2025-10-01,TOLERANCE_LAST_CHANGED,,2025-Sep-3 at 08:00,GdsrNGTLImperial20251001.csv
2025-10-01,TOTAL_OBA_ACCOUNT_TJ,-170.9,,GdsrNGTLImperial20251001.csv
2025-10-01,TOTAL_SD_ACCOUNT_TJ,-477.5,,GdsrNGTLImperial20251001.csv
2025-10-02,END_OF_DAY_LINEPACK,20103.0,,GdsrNGTLImperial20251002.csv
2025-10-02,LINEPACK_CHANGE_24H,230.0,,GdsrNGTLImperial20251002.csv
2025-10-02,LINEPACK_RATE_OF_CHANGE,329.0,,GdsrNGTLImperial20251002.csv
2025-10-02,LINEPACK_TARGET,20659.0,,GdsrNGTLImperial20251002.csv
2025-10-02,NGTL_FIELD_RECEIPTS,13224.0,,GdsrNGTLImperial20251002.csv
2025-10-02,TOLERANCE,,-2/0 (%),GdsrNGTLImperial20251002.csv
2025-10-02,TOLERANCE_LAST_CHANGED,,2025-Sep-3 at 08:00,GdsrNGTLImperial20251002.csv
2025-10-02,TOTAL_OBA_ACCOUNT_TJ,126.3,,GdsrNGTLImperial20251002.csv
2025-10-02,TOTAL_SD_ACCOUNT_TJ,-396.7,,GdsrNGTLImperial20251002.csv
2025-10-03,END_OF_DAY_LINEPACK,20302.0,,GdsrNGTLImperial20251003.csv
2025-10-03,LINEPACK_CHANGE_24H,199.0,,GdsrNGTLImperial20251003.csv
2025-10-03,LINEPACK_RATE_OF_CHANGE,294.0,,GdsrNGTLImperial20251003.csv
2025-10-03,LINEPACK_TARGET,20659.0,,GdsrNGTLImperial20251003.csv
2025-10-03,NGTL_FIELD_RECEIPTS,13481.0,,GdsrNGTLImperial20251003.csv
2025-10-03,TOLERANCE,,-2/0 (%),GdsrNGTLImperial20251003.csv
2025-10-03,TOLERANCE_LAST_CHANGED,,2025-Sep-3 at 08:00,GdsrNGTLImperial20251003.csv
2025-10-03,TOTAL_OBA_ACCOUNT_TJ,289.8,,GdsrNGTLImperial20251003.csv
2025-10-03,TOTAL_SD_ACCOUNT_TJ,-269.6,,GdsrNGTLImperial20251003.csv
2025-10-04,END_OF_DAY_LINEPACK,20183.0,,GdsrNGTLImperial20251004.csv
2025-10-04,LINEPACK_CHANGE_24H,-119.0,,GdsrNGTLImperial20251004.csv
2025-10-04,LINEPACK_RATE_OF_CHANGE,-441.0,,GdsrNGTLImperial20251004.csv
2025-10-04,LINEPACK_TARGET,20659.0,,GdsrNGTLImperial20251004.csv
2025-10-04,NGTL_FIELD_RECEIPTS,13411.0,,GdsrNGTLImperial20251004.csv
2025-10-04,TOLERANCE,,-2/0 (%),GdsrNGTLImperial20251004.csv
2025-10-04,TOLERANCE_LAST_CHANGED,,2025-Sep-3 at 08:00,GdsrNGTLImperial20251004.csv
2025-10-04,TOTAL_OBA_ACCOUNT_TJ,386.8,,GdsrNGTLImperial20251004.csv
2025-10-04,TOTAL_SD_ACCOUNT_TJ,-365.0,,GdsrNGTLImperial20251004.csv
2025-10-05,END_OF_DAY_LINEPACK,19794.0,,GdsrNGTLImperial20251005.csv
2025-10-05,LINEPACK_CHANGE_24H,-389.0,,GdsrNGTLImperial20251005.csv
2025-10-05,LINEPACK_RATE_OF_CHANGE,-362.0,,GdsrNGTLImperial20251005.csv
2025-10-05,LINEPACK_TARGET,20659.0,,GdsrNGTLImperial20251005.csv
2025-10-05,NGTL_FIELD_RECEIPTS,13309.0,,GdsrNGTLImperial20251005.csv
2025-10-05,TOLERANCE,,-2/0 (%),GdsrNGTLImperial20251005.csv
2025-10-05,TOLERANCE_LAST_CHANGED,,2025-Sep-3 at 08:00,GdsrNGTLImperial20251005.csv
2025-10-05,TOTAL_OBA_ACCOUNT_TJ,154.3,,GdsrNGTLImperial20251005.csv
2025-10-05,TOTAL_SD_ACCOUNT_TJ,-380.6,,GdsrNGTLImperial20251005.csv
2025-10-06,END_OF_DAY_LINEPACK,19556.0,,GdsrNGTLImperial20251006.csv
2025-10-06,LINEPACK_CHANGE_24H,-238.0,,GdsrNGTLImperial20251006.csv
2025-10-06,LINEPACK_RATE_OF_CHANGE,-35.0,,GdsrNGTLImperial20251006.csv
2025-10-06,LINEPACK_TARGET,20659.0,,GdsrNGTLImperial20251006.csv
2025-10-06,NGTL_FIELD_RECEIPTS,13108.0,,GdsrNGTLImperial20251006.csv
2025-10-06,TOLERANCE,,-2/0 (%),GdsrNGTLImperial20251006.csv
2025-10-06,TOLERANCE_LAST_CHANGED,,2025-Sep-3 at 08:00,GdsrNGTLImperial20251006.csv
2025-10-06,TOTAL_OBA_ACCOUNT_TJ,54.7,,GdsrNGTLImperial20251006.csv
2025-10-06,TOTAL_SD_ACCOUNT_TJ,-467.6,,GdsrNGTLImperial20251006.csv
2025-10-07,END_OF_DAY_LINEPACK,19613.0,,GdsrNGTLImperial20251007.csv
2025-10-07,LINEPACK_CHANGE_24H,56.0,,GdsrNGTLImperial20251007.csv
2025-10-07,LINEPACK_RATE_OF_CHANGE,219.0,,GdsrNGTLImperial20251007.csv
2025-10-07,LINEPACK_TARGET,20659.0,,GdsrNGTLImperial20251007.csv
2025-10-07,NGTL_FIELD_RECEIPTS,13144.0,,GdsrNGTLImperial20251007.csv
2025-10-07,TOLERANCE,,-2/0 (%),GdsrNGTLImperial20251007.csv
2025-10-07,TOLERANCE_LAST_CHANGED,,2025-Sep-3 at 08:00,GdsrNGTLImperial20251007.csv
2025-10-07,TOTAL_OBA_ACCOUNT_TJ,7.3,,GdsrNGTLImperial20251007.csv
2025-10-07,TOTAL_SD_ACCOUNT_TJ,-435.4,,GdsrNGTLImperial20251007.csv
2025-10-08,END_OF_DAY_LINEPACK,19319.0,,GdsrNGTLImperial20251008.csv
2025-10-08,LINEPACK_CHANGE_24H,-294.0,,GdsrNGTLImperial20251008.csv
2025-10-08,LINEPACK_RATE_OF_CHANGE,-611.0,,GdsrNGTLImperial20251008.csv
2025-10-08,LINEPACK_TARGET,20659.0,,GdsrNGTLImperial20251008.csv
2025-10-08,NGTL_FIELD_RECEIPTS,13382.0,,GdsrNGTLImperial20251008.csv
2025-10-08,TOLERANCE,,-1/1 (%),GdsrNGTLImperial20251008.csv
2025-10-08,TOLERANCE_LAST_CHANGED,,2025-Oct-8 at 08:00,GdsrNGTLImperial20251008.csv
2025-10-08,TOTAL_OBA_ACCOUNT_TJ,-306.7,,GdsrNGTLImperial20251008.csv
2025-10-08,TOTAL_SD_ACCOUNT_TJ,-345.6,,GdsrNGTLImperial20251008.csv
2025-10-09,END_OF_DAY_LINEPACK,19906.0,,GdsrNGTLImperial20251009.csv
2025-10-09,LINEPACK_CHANGE_24H,587.0,,GdsrNGTLImperial20251009.csv
2025-10-09,LINEPACK_RATE_OF_CHANGE,591.0,,GdsrNGTLImperial20251009.csv
2025-10-09,LINEPACK_TARGET,20659.0,,GdsrNGTLImperial20251009.csv
2025-10-09,NGTL_FIELD_RECEIPTS,13687.0,,GdsrNGTLImperial20251009.csv
2025-10-09,TOLERANCE,,-1/1 (%),GdsrNGTLImperial20251009.csv
2025-10-09,TOLERANCE_LAST_CHANGED,,2025-Oct-8 at 08:00,GdsrNGTLImperial20251009.csv
2025-10-09,TOTAL_OBA_ACCOUNT_TJ,-115.1,,GdsrNGTLImperial20251009.csv
2025-10-09,TOTAL_SD_ACCOUNT_TJ,163.7,,GdsrNGTLImperial20251009.csv
2025-10-10,END_OF_DAY_LINEPACK,20180.0,,GdsrNGTLImperial20251010.csv
2025-10-10,LINEPACK_CHANGE_24H,275.0,,GdsrNGTLImperial20251010.csv
2025-10-10,LINEPACK_RATE_OF_CHANGE,593.0,,GdsrNGTLImperial20251010.csv
2025-10-10,LINEPACK_TARGET,20659.0,,GdsrNGTLImperial20251010.csv
2025-10-10,NGTL_FIELD_RECEIPTS,13778.0,,GdsrNGTLImperial20251010.csv
2025-10-10,TOLERANCE,,-1/1 (%),GdsrNGTLImperial20251010.csv
2025-10-10,TOLERANCE_LAST_CHANGED,,2025-Oct-8 at 08:00,GdsrNGTLImperial20251010.csv
2025-10-10,TOTAL_OBA_ACCOUNT_TJ,-20.7,,GdsrNGTLImperial20251010.csv
2025-10-10,TOTAL_SD_ACCOUNT_TJ,-109.8,,GdsrNGTLImperial20251010.csv
2025-10-11,END_OF_DAY_LINEPACK,20351.0,,GdsrNGTLImperial20251011.csv
2025-10-11,LINEPACK_CHANGE_24H,170.0,,GdsrNGTLImperial20251011.csv
2025-10-11,LINEPACK_RATE_OF_CHANGE,-1388.0,,GdsrNGTLImperial20251011.csv
2025-10-11,LINEPACK_TARGET,20659.0,,GdsrNGTLImperial20251011.csv
2025-10-11,NGTL_FIELD_RECEIPTS,13831.0,,GdsrNGTLImperial20251011.csv
2025-10-11,TOLERANCE,,-1/1 (%),GdsrNGTLImperial20251011.csv
2025-10-11,TOLERANCE_LAST_CHANGED,,2025-Oct-8 at 08:00,GdsrNGTLImperial20251011.csv
2025-10-11,TOTAL_OBA_ACCOUNT_TJ,218.3,,GdsrNGTLImperial20251011.csv
2025-10-11,TOTAL_SD_ACCOUNT_TJ,-77.1,,GdsrNGTLImperial20251011.csv
2025-10-12,END_OF_DAY_LINEPACK,20018.0,,GdsrNGTLImperial20251012.csv
2025-10-12,LINEPACK_CHANGE_24H,-333.0,,GdsrNGTLImperial20251012.csv
2025-10-12,LINEPACK_RATE_OF_CHANGE,-715.0,,GdsrNGTLImperial20251012.csv
2025-10-12,LINEPACK_TARGET,20659.0,,GdsrNGTLImperial20251012.csv
2025-10-12,NGTL_FIELD_RECEIPTS,13727.0,,GdsrNGTLImperial20251012.csv
2025-10-12,TOLERANCE,,-1/1 (%),GdsrNGTLImperial20251012.csv
2025-10-12,TOLERANCE_LAST_CHANGED,,2025-Oct-8 at 08:00,GdsrNGTLImperial20251012.csv
2025-10-12,TOTAL_OBA_ACCOUNT_TJ,-25.9,,GdsrNGTLImperial20251012.csv
2025-10-12,TOTAL_SD_ACCOUNT_TJ,-126.7,,GdsrNGTLImperial20251012.csv
2025-10-13,END_OF_DAY_LINEPACK,19699.0,,GdsrNGTLImperial20251013.csv
2025-10-13,LINEPACK_CHANGE_24H,-318.0,,GdsrNGTLImperial20251013.csv
2025-10-13,LINEPACK_RATE_OF_CHANGE,-591.0,,GdsrNGTLImperial20251013.csv
2025-10-13,LINEPACK_TARGET,20659.0,,GdsrNGTLImperial20251013.csv
2025-10-13,NGTL_FIELD_RECEIPTS,13563.0,,GdsrNGTLImperial20251013.csv
2025-10-13,TOLERANCE,,-1/1 (%),GdsrNGTLImperial20251013.csv
2025-10-13,TOLERANCE_LAST_CHANGED,,2025-Oct-8 at 08:00,GdsrNGTLImperial20251013.csv
2025-10-13,TOTAL_OBA_ACCOUNT_TJ,-174.4,,GdsrNGTLImperial20251013.csv
2025-10-13,TOTAL_SD_ACCOUNT_TJ,-336.7,,GdsrNGTLImperial20251013.csv
2025-10-14,END_OF_DAY_LINEPACK,20490.0,,GdsrNGTLImperial20251014.csv
2025-10-14,LINEPACK_CHANGE_24H,790.0,,GdsrNGTLImperial20251014.csv
2025-10-14,LINEPACK_RATE_OF_CHANGE,-64.0,,GdsrNGTLImperial20251014.csv
2025-10-14,LINEPACK_TARGET,20659.0,,GdsrNGTLImperial20251014.csv
2025-10-14,NGTL_FIELD_RECEIPTS,13539.0,,GdsrNGTLImperial20251014.csv
2025-10-14,TOLERANCE,,-1/1 (%),GdsrNGTLImperial20251014.csv
2025-10-14,TOLERANCE_LAST_CHANGED,,2025-Oct-8 at 08:00,GdsrNGTLImperial20251014.csv
2025-10-14,TOTAL_OBA_ACCOUNT_TJ,85.1,,GdsrNGTLImperial20251014.csv
2025-10-14,TOTAL_SD_ACCOUNT_TJ,-311.1,,GdsrNGTLImperial20251014.csv
2025-10-15,END_OF_DAY_LINEPACK,20053.0,,GdsrNGTLImperial20251015.csv
2025-10-15,LINEPACK_CHANGE_24H,-436.0,,GdsrNGTLImperial20251015.csv
2025-10-15,LINEPACK_RATE_OF_CHANGE,-74.0,,GdsrNGTLImperial20251015.csv
2025-10-15,LINEPACK_TARGET,20659.0,,GdsrNGTLImperial20251015.csv
2025-10-15,NGTL_FIELD_RECEIPTS,13673.0,,GdsrNGTLImperial20251015.csv
2025-10-15,TOLERANCE,,-1/1 (%),GdsrNGTLImperial20251015.csv
2025-10-15,TOLERANCE_LAST_CHANGED,,2025-Oct-8 at 08:00,GdsrNGTLImperial20251015.csv
2025-10-15,TOTAL_OBA_ACCOUNT_TJ,155.5,,GdsrNGTLImperial20251015.csv
2025-10-15,TOTAL_SD_ACCOUNT_TJ,-260.5,,GdsrNGTLImperial20251015.csv
2025-10-16,END_OF_DAY_LINEPACK,20679.0,,GdsrNGTLImperial20251016.csv
2025-10-16,LINEPACK_CHANGE_24H,625.0,,GdsrNGTLImperial20251016.csv
2025-10-16,LINEPACK_RATE_OF_CHANGE,486.0,,GdsrNGTLImperial20251016.csv
2025-10-16,LINEPACK_TARGET,20659.0,,GdsrNGTLImperial20251016.csv
2025-10-16,NGTL_FIELD_RECEIPTS,14008.0,,GdsrNGTLImperial20251016.csv
2025-10-16,TOLERANCE,,-1/1 (%),GdsrNGTLImperial20251016.csv
2025-10-16,TOLERANCE_LAST_CHANGED,,2025-Oct-8 at 08:00,GdsrNGTLImperial20251016.csv
2025-10-16,TOTAL_OBA_ACCOUNT_TJ,552.4,,GdsrNGTLImperial20251016.csv
2025-10-16,TOTAL_SD_ACCOUNT_TJ,97.7,,GdsrNGTLImperial20251016.csv
2025-10-17,END_OF_DAY_LINEPACK,20586.0,,GdsrNGTLImperial20251017.csv
2025-10-17,LINEPACK_CHANGE_24H,-92.0,,GdsrNGTLImperial20251017.csv
2025-10-17,LINEPACK_RATE_OF_CHANGE,161.0,,GdsrNGTLImperial20251017.csv
2025-10-17,LINEPACK_TARGET,20659.0,,GdsrNGTLImperial20251017.csv
2025-10-17,NGTL_FIELD_RECEIPTS,14138.0,,GdsrNGTLImperial20251017.csv
2025-10-17,TOLERANCE,,-1/1 (%),GdsrNGTLImperial20251017.csv
2025-10-17,TOLERANCE_LAST_CHANGED,,2025-Oct-8 at 08:00,GdsrNGTLImperial20251017.csv
2025-10-17,TOTAL_OBA_ACCOUNT_TJ,731.0,,GdsrNGTLImperial20251017.csv
2025-10-17,TOTAL_SD_ACCOUNT_TJ,-62.8,,GdsrNGTLImperial20251017.csv
2025-10-18,END_OF_DAY_LINEPACK,20249.0,,GdsrNGTLImperial20251018.csv
2025-10-18,LINEPACK_CHANGE_24H,-338.0,,GdsrNGTLImperial20251018.csv
2025-10-18,LINEPACK_RATE_OF_CHANGE,-430.0,,GdsrNGTLImperial20251018.csv
2025-10-18,LINEPACK_TARGET,20659.0,,GdsrNGTLImperial20251018.csv
2025-10-18,NGTL_FIELD_RECEIPTS,13943.0,,GdsrNGTLImperial20251018.csv
2025-10-18,TOLERANCE,,-1/1 (%),GdsrNGTLImperial20251018.csv
2025-10-18,TOLERANCE_LAST_CHANGED,,2025-Oct-8 at 08:00,GdsrNGTLImperial20251018.csv
2025-10-18,TOTAL_OBA_ACCOUNT_TJ,551.1,,GdsrNGTLImperial20251018.csv
2025-10-18,TOTAL_SD_ACCOUNT_TJ,-155.7,,GdsrNGTLImperial20251018.csv
2025-10-19,END_OF_DAY_LINEPACK,19688.0,,GdsrNGTLImperial20251019.csv
2025-10-19,LINEPACK_CHANGE_24H,-561.0,,GdsrNGTLImperial20251019.csv
2025-10-19,LINEPACK_RATE_OF_CHANGE,-807.0,,GdsrNGTLImperial20251019.csv
2025-10-19,LINEPACK_TARGET,20659.0,,GdsrNGTLImperial20251019.csv
2025-10-19,NGTL_FIELD_RECEIPTS,13848.0,,GdsrNGTLImperial20251019.csv
2025-10-19,TOLERANCE,,-1/1 (%),GdsrNGTLImperial20251019.csv
2025-10-19,TOLERANCE_LAST_CHANGED,,2025-Oct-8 at 08:00,GdsrNGTLImperial20251019.csv
2025-10-19,TOTAL_OBA_ACCOUNT_TJ,274.6,,GdsrNGTLImperial20251019.csv
2025-10-19,TOTAL_SD_ACCOUNT_TJ,-342.9,,GdsrNGTLImperial20251019.csv
2025-10-20,END_OF_DAY_LINEPACK,19995.0,,GdsrNGTLImperial20251020.csv
2025-10-20,LINEPACK_CHANGE_24H,307.0,,GdsrNGTLImperial20251020.csv
2025-10-20,LINEPACK_RATE_OF_CHANGE,583.0,,GdsrNGTLImperial20251020.csv
2025-10-20,LINEPACK_TARGET,20659.0,,GdsrNGTLImperial20251020.csv
2025-10-20,NGTL_FIELD_RECEIPTS,13683.0,,GdsrNGTLImperial20251020.csv
2025-10-20,TOLERANCE,,-1/1 (%),GdsrNGTLImperial20251020.csv
2025-10-20,TOLERANCE_LAST_CHANGED,,2025-Oct-8 at 08:00,GdsrNGTLImperial20251020.csv
2025-10-20,TOTAL_OBA_ACCOUNT_TJ,198.2,,GdsrNGTLImperial20251020.csv
2025-10-20,TOTAL_SD_ACCOUNT_TJ,-244.0,,GdsrNGTLImperial20251020.csv
2025-10-21,END_OF_DAY_LINEPACK,20188.0,,GdsrNGTLImperial20251021.csv
2025-10-21,LINEPACK_CHANGE_24H,194.0,,GdsrNGTLImperial20251021.csv
2025-10-21,LINEPACK_RATE_OF_CHANGE,-210.0,,GdsrNGTLImperial20251021.csv
2025-10-21,LINEPACK_TARGET,20659.0,,GdsrNGTLImperial20251021.csv
2025-10-21,NGTL_FIELD_RECEIPTS,13712.0,,GdsrNGTLImperial20251021.csv
2025-10-21,TOLERANCE,,-1/1 (%),GdsrNGTLImperial20251021.csv
2025-10-21,TOLERANCE_LAST_CHANGED,,2025-Oct-8 at 08:00,GdsrNGTLImperial20251021.csv
2025-10-21,TOTAL_OBA_ACCOUNT_TJ,521.5,,GdsrNGTLImperial20251021.csv
2025-10-21,TOTAL_SD_ACCOUNT_TJ,-306.3,,GdsrNGTLImperial20251021.csv
2025-10-22,END_OF_DAY_LINEPACK,20398.0,,GdsrNGTLImperial20251022.csv
2025-10-22,LINEPACK_CHANGE_24H,210.0,,GdsrNGTLImperial20251022.csv
2025-10-22,LINEPACK_RATE_OF_CHANGE,407.0,,GdsrNGTLImperial20251022.csv
2025-10-22,LINEPACK_TARGET,20659.0,,GdsrNGTLImperial20251022.csv
2025-10-22,NGTL_FIELD_RECEIPTS,13918.0,,GdsrNGTLImperial20251022.csv
2025-10-22,TOLERANCE,,-1/1 (%),GdsrNGTLImperial20251022.csv
2025-10-22,TOLERANCE_LAST_CHANGED,,2025-Oct-8 at 08:00,GdsrNGTLImperial20251022.csv
2025-10-22,TOTAL_OBA_ACCOUNT_TJ,677.5,,GdsrNGTLImperial20251022.csv
2025-10-22,TOTAL_SD_ACCOUNT_TJ,-202.7,,GdsrNGTLImperial20251022.csv
2025-10-23,END_OF_DAY_LINEPACK,20820.0,,GdsrNGTLImperial20251023.csv
2025-10-23,LINEPACK_CHANGE_24H,421.0,,GdsrNGTLImperial20251023.csv
2025-10-23,LINEPACK_RATE_OF_CHANGE,389.0,,GdsrNGTLImperial20251023.csv
2025-10-23,LINEPACK_TARGET,20659.0,,GdsrNGTLImperial20251023.csv
2025-10-23,NGTL_FIELD_RECEIPTS,14219.0,,GdsrNGTLImperial20251023.csv
2025-10-23,TOLERANCE,,-1/1 (%),GdsrNGTLImperial20251023.csv
2025-10-23,TOLERANCE_LAST_CHANGED,,2025-Oct-8 at 08:00,GdsrNGTLImperial20251023.csv
2025-10-23,TOTAL_OBA_ACCOUNT_TJ,1114.3,,GdsrNGTLImperial20251023.csv
2025-10-23,TOTAL_SD_ACCOUNT_TJ,-120.4,,GdsrNGTLImperial20251023.csv
2025-10-24,END_OF_DAY_LINEPACK,20831.0,,GdsrNGTLImperial20251024.csv
2025-10-24,LINEPACK_CHANGE_24H,11.0,,GdsrNGTLImperial20251024.csv
2025-10-24,LINEPACK_RATE_OF_CHANGE,99.0,,GdsrNGTLImperial20251024.csv
2025-10-24,LINEPACK_TARGET,20659.0,,GdsrNGTLImperial20251024.csv
2025-10-24,NGTL_FIELD_RECEIPTS,14248.0,,GdsrNGTLImperial20251024.csv
2025-10-24,TOLERANCE,,-1/1 (%),GdsrNGTLImperial20251024.csv
2025-10-24,TOLERANCE_LAST_CHANGED,,2025-Oct-8 at 08:00,GdsrNGTLImperial20251024.csv
2025-10-24,TOTAL_OBA_ACCOUNT_TJ,1020.2,,GdsrNGTLImperial20251024.csv
2025-10-24,TOTAL_SD_ACCOUNT_TJ,-97.0,,GdsrNGTLImperial20251024.csv
2025-10-25,END_OF_DAY_LINEPACK,20532.0,,GdsrNGTLImperial20251025.csv
2025-10-25,LINEPACK_CHANGE_24H,-299.0,,GdsrNGTLImperial20251025.csv
2025-10-25,LINEPACK_RATE_OF_CHANGE,-502.0,,GdsrNGTLImperial20251025.csv
2025-10-25,LINEPACK_TARGET,20659.0,,GdsrNGTLImperial20251025.csv
2025-10-25,NGTL_FIELD_RECEIPTS,14295.0,,GdsrNGTLImperial20251025.csv
2025-10-25,TOLERANCE,,-1/1 (%),GdsrNGTLImperial20251025.csv
2025-10-25,TOLERANCE_LAST_CHANGED,,2025-Oct-8 at 08:00,GdsrNGTLImperial20251025.csv
2025-10-25,TOTAL_OBA_ACCOUNT_TJ,797.5,,GdsrNGTLImperial20251025.csv
2025-10-25,TOTAL_SD_ACCOUNT_TJ,-159.4,,GdsrNGTLImperial20251025.csv
2025-10-26,END_OF_DAY_LINEPACK,20282.0,,GdsrNGTLImperial20251026.csv
2025-10-26,LINEPACK_CHANGE_24H,-250.0,,GdsrNGTLImperial20251026.csv
2025-10-26,LINEPACK_RATE_OF_CHANGE,-148.0,,GdsrNGTLImperial20251026.csv
2025-10-26,LINEPACK_TARGET,20659.0,,GdsrNGTLImperial20251026.csv
2025-10-26,NGTL_FIELD_RECEIPTS,14500.0,,GdsrNGTLImperial20251026.csv
2025-10-26,TOLERANCE,,-1/1 (%),GdsrNGTLImperial20251026.csv
2025-10-26,TOLERANCE_LAST_CHANGED,,2025-Oct-8 at 08:00,GdsrNGTLImperial20251026.csv
2025-10-26,TOTAL_OBA_ACCOUNT_TJ,628.4,,GdsrNGTLImperial20251026.csv
2025-10-26,TOTAL_SD_ACCOUNT_TJ,-48.9,,GdsrNGTLImperial20251026.csv
2025-10-27,END_OF_DAY_LINEPACK,20007.0,,GdsrNGTLImperial20251027.csv
2025-10-27,LINEPACK_CHANGE_24H,-275.0,,GdsrNGTLImperial20251027.csv
2025-10-27,LINEPACK_RATE_OF_CHANGE,-252.0,,GdsrNGTLImperial20251027.csv
2025-10-27,LINEPACK_TARGET,20659.0,,GdsrNGTLImperial20251027.csv
2025-10-27,NGTL_FIELD_RECEIPTS,14205.0,,GdsrNGTLImperial20251027.csv
2025-10-27,TOLERANCE,,-1/1 (%),GdsrNGTLImperial20251027.csv
2025-10-27,TOLERANCE_LAST_CHANGED,,2025-Oct-8 at 08:00,GdsrNGTLImperial20251027.csv
2025-10-27,TOTAL_OBA_ACCOUNT_TJ,509.7,,GdsrNGTLImperial20251027.csv
2025-10-27,TOTAL_SD_ACCOUNT_TJ,-151.0,,GdsrNGTLImperial20251027.csv
2025-10-28,END_OF_DAY_LINEPACK,19802.0,,GdsrNGTLImperial20251028.csv
2025-10-28,LINEPACK_CHANGE_24H,-205.0,,GdsrNGTLImperial20251028.csv
2025-10-28,LINEPACK_RATE_OF_CHANGE,255.0,,GdsrNGTLImperial20251028.csv
2025-10-28,LINEPACK_TARGET,20659.0,,GdsrNGTLImperial20251028.csv
2025-10-28,NGTL_FIELD_RECEIPTS,14007.0,,GdsrNGTLImperial20251028.csv
2025-10-28,TOLERANCE,,-1/1 (%),GdsrNGTLImperial20251028.csv
2025-10-28,TOLERANCE_LAST_CHANGED,,2025-Oct-8 at 08:00,GdsrNGTLImperial20251028.csv
2025-10-28,TOTAL_OBA_ACCOUNT_TJ,393.3,,GdsrNGTLImperial20251028.csv
2025-10-28,TOTAL_SD_ACCOUNT_TJ,-161.6,,GdsrNGTLImperial20251028.csv
2025-10-29,END_OF_DAY_LINEPACK,19711.0,,GdsrNGTLImperial20251029.csv
2025-10-29,LINEPACK_CHANGE_24H,-91.0,,GdsrNGTLImperial20251029.csv
2025-10-29,LINEPACK_RATE_OF_CHANGE,-98.0,,GdsrNGTLImperial20251029.csv
2025-10-29,LINEPACK_TARGET,20659.0,,GdsrNGTLImperial20251029.csv
2025-10-29,NGTL_FIELD_RECEIPTS,14114.0,,GdsrNGTLImperial20251029.csv
2025-10-29,TOLERANCE,,-1/1 (%),GdsrNGTLImperial20251029.csv
2025-10-29,TOLERANCE_LAST_CHANGED,,2025-Oct-8 at 08:00,GdsrNGTLImperial20251029.csv
2025-10-29,TOTAL_OBA_ACCOUNT_TJ,427.7,,GdsrNGTLImperial20251029.csv
2025-10-29,TOTAL_SD_ACCOUNT_TJ,-106.0,,GdsrNGTLImperial20251029.csv
2025-10-30,END_OF_DAY_LINEPACK,19540.0,,GdsrNGTLImperial20251030.csv
2025-10-30,LINEPACK_CHANGE_24H,-172.0,,GdsrNGTLImperial20251030.csv
2025-10-30,LINEPACK_RATE_OF_CHANGE,-185.0,,GdsrNGTLImperial20251030.csv
2025-10-30,LINEPACK_TARGET,20659.0,,GdsrNGTLImperial20251030.csv
2025-10-30,NGTL_FIELD_RECEIPTS,14281.0,,GdsrNGTLImperial20251030.csv
2025-10-30,TOLERANCE,,-1/1 (%),GdsrNGTLImperial20251030.csv
2025-10-30,TOLERANCE_LAST_CHANGED,,2025-Oct-8 at 08:00,GdsrNGTLImperial20251030.csv
2025-10-30,TOTAL_OBA_ACCOUNT_TJ,360.4,,GdsrNGTLImperial20251030.csv
2025-10-30,TOTAL_SD_ACCOUNT_TJ,-15.4,,GdsrNGTLImperial20251030.csv
2025-10-31,END_OF_DAY_LINEPACK,19664.0,,GdsrNGTLImperial20251031.csv
2025-10-31,LINEPACK_CHANGE_24H,124.0,,GdsrNGTLImperial20251031.csv
2025-10-31,LINEPACK_RATE_OF_CHANGE,524.0,,GdsrNGTLImperial20251031.csv
2025-10-31,LINEPACK_TARGET,20659.0,,GdsrNGTLImperial20251031.csv
2025-10-31,NGTL_FIELD_RECEIPTS,14594.0,,GdsrNGTLImperial20251031.csv
2025-10-31,TOLERANCE,,-1/1 (%),GdsrNGTLImperial20251031.csv
2025-10-31,TOLERANCE_LAST_CHANGED,,2025-Oct-8 at 08:00,GdsrNGTLImperial20251031.csv
2025-10-31,TOTAL_OBA_ACCOUNT_TJ,602.9,,GdsrNGTLImperial20251031.csv
2025-10-31,TOTAL_SD_ACCOUNT_TJ,-279.9,,GdsrNGTLImperial20251031.csv
2025-11-01,END_OF_DAY_LINEPACK,20041.0,,GdsrNGTLImperial20251101.csv
2025-11-01,LINEPACK_CHANGE_24H,377.0,,GdsrNGTLImperial20251101.csv
2025-11-01,LINEPACK_RATE_OF_CHANGE,330.0,,GdsrNGTLImperial20251101.csv
2025-11-01,LINEPACK_TARGET,20659.0,,GdsrNGTLImperial20251101.csv
2025-11-01,NGTL_FIELD_RECEIPTS,14657.0,,GdsrNGTLImperial20251101.csv
2025-11-01,TOLERANCE,,-1/1 (%),GdsrNGTLImperial20251101.csv
2025-11-01,TOLERANCE_LAST_CHANGED,,2025-Oct-8 at 08:00,GdsrNGTLImperial20251101.csv
2025-11-01,TOTAL_OBA_ACCOUNT_TJ,601.5,,GdsrNGTLImperial20251101.csv
2025-11-01,TOTAL_SD_ACCOUNT_TJ,-210.7,,GdsrNGTLImperial20251101.csv
2025-11-02,END_OF_DAY_LINEPACK,20358.0,,GdsrNGTLImperial20251102.csv
2025-11-02,LINEPACK_CHANGE_24H,317.0,,GdsrNGTLImperial20251102.csv
2025-11-02,LINEPACK_RATE_OF_CHANGE,441.0,,GdsrNGTLImperial20251102.csv
2025-11-02,LINEPACK_TARGET,20659.0,,GdsrNGTLImperial20251102.csv
2025-11-02,NGTL_FIELD_RECEIPTS,14876.0,,GdsrNGTLImperial20251102.csv
2025-11-02,TOLERANCE,,-1/1 (%),GdsrNGTLImperial20251102.csv
2025-11-02,TOLERANCE_LAST_CHANGED,,2025-Oct-8 at 08:00,GdsrNGTLImperial20251102.csv
2025-11-02,TOTAL_OBA_ACCOUNT_TJ,729.7,,GdsrNGTLImperial20251102.csv
2025-11-02,TOTAL_SD_ACCOUNT_TJ,-170.3,,GdsrNGTLImperial20251102.csv
2025-11-03,END_OF_DAY_LINEPACK,20102.0,,GdsrNGTLImperial20251103.csv
2025-11-03,LINEPACK_CHANGE_24H,-257.0,,GdsrNGTLImperial20251103.csv
2025-11-03,LINEPACK_RATE_OF_CHANGE,52.0,,GdsrNGTLImperial20251103.csv
2025-11-03,LINEPACK_TARGET,20659.0,,GdsrNGTLImperial20251103.csv
2025-11-03,NGTL_FIELD_RECEIPTS,14746.0,,GdsrNGTLImperial20251103.csv
2025-11-03,TOLERANCE,,-1/1 (%),GdsrNGTLImperial20251103.csv
2025-11-03,TOLERANCE_LAST_CHANGED,,2025-Oct-8 at 08:00,GdsrNGTLImperial20251103.csv
2025-11-03,TOTAL_OBA_ACCOUNT_TJ,535.6,,GdsrNGTLImperial20251103.csv
2025-11-03,TOTAL_SD_ACCOUNT_TJ,-79.0,,GdsrNGTLImperial20251103.csv
2025-11-04,END_OF_DAY_LINEPACK,20459.0,,GdsrNGTLImperial20251104.csv
2025-11-04,LINEPACK_CHANGE_24H,357.0,,GdsrNGTLImperial20251104.csv
2025-11-04,LINEPACK_RATE_OF_CHANGE,491.0,,GdsrNGTLImperial20251104.csv
2025-11-04,LINEPACK_TARGET,20659.0,,GdsrNGTLImperial20251104.csv
2025-11-04,NGTL_FIELD_RECEIPTS,14958.0,,GdsrNGTLImperial20251104.csv
2025-11-04,TOLERANCE,,-1/1 (%),GdsrNGTLImperial20251104.csv
2025-11-04,TOLERANCE_LAST_CHANGED,,2025-Oct-8 at 08:00,GdsrNGTLImperial20251104.csv
2025-11-04,TOTAL_OBA_ACCOUNT_TJ,672.4,,GdsrNGTLImperial20251104.csv
2025-11-04,TOTAL_SD_ACCOUNT_TJ,294.8,,GdsrNGTLImperial20251104.csv
2025-11-05,END_OF_DAY_LINEPACK,20270.0,,GdsrNGTLImperial20251105.csv
2025-11-05,LINEPACK_CHANGE_24H,-189.0,,GdsrNGTLImperial20251105.csv
2025-11-05,LINEPACK_RATE_OF_CHANGE,-168.0,,GdsrNGTLImperial20251105.csv
2025-11-05,LINEPACK_TARGET,20659.0,,GdsrNGTLImperial20251105.csv
2025-11-05,NGTL_FIELD_RECEIPTS,14474.0,,GdsrNGTLImperial20251105.csv
2025-11-05,TOLERANCE,,-1/1 (%),GdsrNGTLImperial20251105.csv
2025-11-05,TOLERANCE_LAST_CHANGED,,2025-Oct-8 at 08:00,GdsrNGTLImperial20251105.csv
2025-11-05,TOTAL_OBA_ACCOUNT_TJ,872.0,,GdsrNGTLImperial20251105.csv
2025-11-05,TOTAL_SD_ACCOUNT_TJ,-54.7,,GdsrNGTLImperial20251105.csv
2025-11-06,END_OF_DAY_LINEPACK,20170.0,,GdsrNGTLImperial20251106.csv
2025-11-06,LINEPACK_CHANGE_24H,-100.0,,GdsrNGTLImperial20251106.csv
2025-11-06,LINEPACK_RATE_OF_CHANGE,122.0,,GdsrNGTLImperial20251106.csv
2025-11-06,LINEPACK_TARGET,20659.0,,GdsrNGTLImperial20251106.csv
2025-11-06,NGTL_FIELD_RECEIPTS,14573.0,,GdsrNGTLImperial20251106.csv
2025-11-06,TOLERANCE,,-1/1 (%),GdsrNGTLImperial20251106.csv
2025-11-06,TOLERANCE_LAST_CHANGED,,2025-Oct-8 at 08:00,GdsrNGTLImperial20251106.csv
2025-11-06,TOTAL_OBA_ACCOUNT_TJ,1036.6,,GdsrNGTLImperial20251106.csv
2025-11-06,TOTAL_SD_ACCOUNT_TJ,-231.1,,GdsrNGTLImperial20251106.csv
2025-11-07,END_OF_DAY_LINEPACK,20028.0,,GdsrNGTLImperial20251107.csv
2025-11-07,LINEPACK_CHANGE_24H,-142.0,,GdsrNGTLImperial20251107.csv
2025-11-07,LINEPACK_RATE_OF_CHANGE,44.0,,GdsrNGTLImperial20251107.csv
2025-11-07,LINEPACK_TARGET,20659.0,,GdsrNGTLImperial20251107.csv
2025-11-07,NGTL_FIELD_RECEIPTS,14565.0,,GdsrNGTLImperial20251107.csv
2025-11-07,TOLERANCE,,-1/1 (%),GdsrNGTLImperial20251107.csv
2025-11-07,TOLERANCE_LAST_CHANGED,,2025-Oct-8 at 08:00,GdsrNGTLImperial20251107.csv
2025-11-07,TOTAL_OBA_ACCOUNT_TJ,1131.2,,GdsrNGTLImperial20251107.csv
2025-11-07,TOTAL_SD_ACCOUNT_TJ,-410.1,,GdsrNGTLImperial20251107.csv
2025-11-08,END_OF_DAY_LINEPACK,20022.0,,GdsrNGTLImperial20251108.csv
2025-11-08,LINEPACK_CHANGE_24H,-6.0,,GdsrNGTLImperial20251108.csv
2025-11-08,LINEPACK_RATE_OF_CHANGE,130.0,,GdsrNGTLImperial20251108.csv
2025-11-08,LINEPACK_TARGET,20659.0,,GdsrNGTLImperial20251108.csv
2025-11-08,NGTL_FIELD_RECEIPTS,14495.0,,GdsrNGTLImperial20251108.csv
2025-11-08,TOLERANCE,,-1/1 (%),GdsrNGTLImperial20251108.csv
2025-11-08,TOLERANCE_LAST_CHANGED,,2025-Oct-8 at 08:00,GdsrNGTLImperial20251108.csv
2025-11-08,TOTAL_OBA_ACCOUNT_TJ,949.4,,GdsrNGTLImperial20251108.csv
2025-11-08,TOTAL_SD_ACCOUNT_TJ,-186.2,,GdsrNGTLImperial20251108.csv
2025-11-09,END_OF_DAY_LINEPACK,20202.0,,GdsrNGTLImperial20251109.csv
2025-11-09,LINEPACK_CHANGE_24H,180.0,,GdsrNGTLImperial20251109.csv
2025-11-09,LINEPACK_RATE_OF_CHANGE,140.0,,GdsrNGTLImperial20251109.csv
2025-11-09,LINEPACK_TARGET,20659.0,,GdsrNGTLImperial20251109.csv
2025-11-09,NGTL_FIELD_RECEIPTS,14271.0,,GdsrNGTLImperial20251109.csv
2025-11-09,TOLERANCE,,-1/1 (%),GdsrNGTLImperial20251109.csv
2025-11-09,TOLERANCE_LAST_CHANGED,,2025-Oct-8 at 08:00,GdsrNGTLImperial20251109.csv
2025-11-09,TOTAL_OBA_ACCOUNT_TJ,1066.6,,GdsrNGTLImperial20251109.csv
2025-11-09,TOTAL_SD_ACCOUNT_TJ,-98.6,,GdsrNGTLImperial20251109.csv
2025-11-10,END_OF_DAY_LINEPACK,20346.0,,GdsrNGTLImperial20251110.csv
2025-11-10,LINEPACK_CHANGE_24H,144.0,,GdsrNGTLImperial20251110.csv
2025-11-10,LINEPACK_RATE_OF_CHANGE,-207.0,,GdsrNGTLImperial20251110.csv
2025-11-10,LINEPACK_TARGET,20659.0,,GdsrNGTLImperial20251110.csv
2025-11-10,NGTL_FIELD_RECEIPTS,14259.0,,GdsrNGTLImperial20251110.csv
2025-11-10,TOLERANCE,,-1/1 (%),GdsrNGTLImperial20251110.csv
2025-11-10,TOLERANCE_LAST_CHANGED,,2025-Oct-8 at 08:00,GdsrNGTLImperial20251110.csv
2025-11-10,TOTAL_OBA_ACCOUNT_TJ,1056.3,,GdsrNGTLImperial20251110.csv
2025-11-10,TOTAL_SD_ACCOUNT_TJ,-72.0,,GdsrNGTLImperial20251110.csv
2025-11-11,END_OF_DAY_LINEPACK,20154.0,,GdsrNGTLImperial20251111.csv
2025-11-11,LINEPACK_CHANGE_24H,-192.0,,GdsrNGTLImperial20251111.csv
2025-11-11,LINEPACK_RATE_OF_CHANGE,-632.0,,GdsrNGTLImperial20251111.csv
2025-11-11,LINEPACK_TARGET,20659.0,,GdsrNGTLImperial20251111.csv
2025-11-11,NGTL_FIELD_RECEIPTS,14281.0,,GdsrNGTLImperial20251111.csv
2025-11-11,TOLERANCE,,-1/1 (%),GdsrNGTLImperial20251111.csv
2025-11-11,TOLERANCE_LAST_CHANGED,,2025-Oct-8 at 08:00,GdsrNGTLImperial20251111.csv
2025-11-11,TOTAL_OBA_ACCOUNT_TJ,819.6,,GdsrNGTLImperial20251111.csv
2025-11-11,TOTAL_SD_ACCOUNT_TJ,-163.4,,GdsrNGTLImperial20251111.csv
2025-11-12,END_OF_DAY_LINEPACK,20377.0,,GdsrNGTLImperial20251112.csv
2025-11-12,LINEPACK_CHANGE_24H,223.0,,GdsrNGTLImperial20251112.csv
2025-11-12,LINEPACK_RATE_OF_CHANGE,902.0,,GdsrNGTLImperial20251112.csv
2025-11-12,LINEPACK_TARGET,20659.0,,GdsrNGTLImperial20251112.csv
2025-11-12,NGTL_FIELD_RECEIPTS,14133.0,,GdsrNGTLImperial20251112.csv
2025-11-12,TOLERANCE,,-1/1 (%),GdsrNGTLImperial20251112.csv
2025-11-12,TOLERANCE_LAST_CHANGED,,2025-Oct-8 at 08:00,GdsrNGTLImperial20251112.csv
2025-11-12,TOTAL_OBA_ACCOUNT_TJ,870.3,,GdsrNGTLImperial20251112.csv
2025-11-12,TOTAL_SD_ACCOUNT_TJ,-313.4,,GdsrNGTLImperial20251112.csv
2025-11-13,END_OF_DAY_LINEPACK,21013.0,,GdsrNGTLImperial20251113.csv
2025-11-13,LINEPACK_CHANGE_24H,636.0,,GdsrNGTLImperial20251113.csv
2025-11-13,LINEPACK_RATE_OF_CHANGE,115.0,,GdsrNGTLImperial20251113.csv
2025-11-13,LINEPACK_TARGET,20659.0,,GdsrNGTLImperial20251113.csv
2025-11-13,NGTL_FIELD_RECEIPTS,14641.0,,GdsrNGTLImperial20251113.csv
2025-11-13,TOLERANCE,,-1/1 (%),GdsrNGTLImperial20251113.csv
2025-11-13,TOLERANCE_LAST_CHANGED,,2025-Oct-8 at 08:00,GdsrNGTLImperial20251113.csv
2025-11-13,TOTAL_OBA_ACCOUNT_TJ,1193.7,,GdsrNGTLImperial20251113.csv
2025-11-13,TOTAL_SD_ACCOUNT_TJ,-20.0,,GdsrNGTLImperial20251113.csv
2025-11-14,END_OF_DAY_LINEPACK,20565.0,,GdsrNGTLImperial20251114.csv
2025-11-14,LINEPACK_CHANGE_24H,-447.0,,GdsrNGTLImperial20251114.csv
2025-11-14,LINEPACK_RATE_OF_CHANGE,13.0,,GdsrNGTLImperial20251114.csv
2025-11-14,LINEPACK_TARGET,20659.0,,GdsrNGTLImperial20251114.csv
2025-11-14,NGTL_FIELD_RECEIPTS,14553.0,,GdsrNGTLImperial20251114.csv
2025-11-14,TOLERANCE,,-1/1 (%),GdsrNGTLImperial20251114.csv
2025-11-14,TOLERANCE_LAST_CHANGED,,2025-Oct-8 at 08:00,GdsrNGTLImperial20251114.csv
2025-11-14,TOTAL_OBA_ACCOUNT_TJ,1064.8,,GdsrNGTLImperial20251114.csv
2025-11-14,TOTAL_SD_ACCOUNT_TJ,-348.7,,GdsrNGTLImperial20251114.csv
2025-11-15,END_OF_DAY_LINEPACK,20415.0,,GdsrNGTLImperial20251115.csv
2025-11-15,LINEPACK_CHANGE_24H,-150.0,,GdsrNGTLImperial20251115.csv
2025-11-15,LINEPACK_RATE_OF_CHANGE,-221.0,,GdsrNGTLImperial20251115.csv
2025-11-15,LINEPACK_TARGET,20659.0,,GdsrNGTLImperial20251115.csv
2025-11-15,NGTL_FIELD_RECEIPTS,14593.0,,GdsrNGTLImperial20251115.csv
2025-11-15,TOLERANCE,,-1/1 (%),GdsrNGTLImperial20251115.csv
2025-11-15,TOLERANCE_LAST_CHANGED,,2025-Oct-8 at 08:00,GdsrNGTLImperial20251115.csv
2025-11-15,TOTAL_OBA_ACCOUNT_TJ,965.9,,GdsrNGTLImperial20251115.csv
2025-11-15,TOTAL_SD_ACCOUNT_TJ,-470.9,,GdsrNGTLImperial20251115.csv
2025-11-16,END_OF_DAY_LINEPACK,20772.0,,GdsrNGTLImperial20251116.csv
2025-11-16,LINEPACK_CHANGE_24H,358.0,,GdsrNGTLImperial20251116.csv
2025-11-16,LINEPACK_RATE_OF_CHANGE,323.0,,GdsrNGTLImperial20251116.csv
2025-11-16,LINEPACK_TARGET,20659.0,,GdsrNGTLImperial20251116.csv
2025-11-16,NGTL_FIELD_RECEIPTS,14592.0,,GdsrNGTLImperial20251116.csv
2025-11-16,TOLERANCE,,-1/1 (%),GdsrNGTLImperial20251116.csv
2025-11-16,TOLERANCE_LAST_CHANGED,,2025-Oct-8 at 08:00,GdsrNGTLImperial20251116.csv
2025-11-16,TOTAL_OBA_ACCOUNT_TJ,1107.1,,GdsrNGTLImperial20251116.csv
2025-11-16,TOTAL_SD_ACCOUNT_TJ,-176.7,,GdsrNGTLImperial20251116.csv
2025-11-17,END_OF_DAY_LINEPACK,20778.0,,GdsrNGTLImperial20251117.csv
2025-11-17,LINEPACK_CHANGE_24H,5.0,,GdsrNGTLImperial20251117.csv
2025-11-17,LINEPACK_RATE_OF_CHANGE,-69.0,,GdsrNGTLImperial20251117.csv
2025-11-17,LINEPACK_TARGET,20659.0,,GdsrNGTLImperial20251117.csv
2025-11-17,NGTL_FIELD_RECEIPTS,14564.0,,GdsrNGTLImperial20251117.csv
2025-11-17,TOLERANCE,,-1/1 (%),GdsrNGTLImperial20251117.csv
2025-11-17,TOLERANCE_LAST_CHANGED,,2025-Oct-8 at 08:00,GdsrNGTLImperial20251117.csv
2025-11-17,TOTAL_OBA_ACCOUNT_TJ,1226.1,,GdsrNGTLImperial20251117.csv
2025-11-17,TOTAL_SD_ACCOUNT_TJ,-332.9,,GdsrNGTLImperial20251117.csv
2025-11-18,END_OF_DAY_LINEPACK,20382.0,,GdsrNGTLImperial20251118.csv
2025-11-18,LINEPACK_CHANGE_24H,-395.0,,GdsrNGTLImperial20251118.csv
2025-11-18,LINEPACK_RATE_OF_CHANGE,-207.0,,GdsrNGTLImperial20251118.csv
2025-11-18,LINEPACK_TARGET,20659.0,,GdsrNGTLImperial20251118.csv
2025-11-18,NGTL_FIELD_RECEIPTS,14504.0,,GdsrNGTLImperial20251118.csv
2025-11-18,TOLERANCE,,-1/1 (%),GdsrNGTLImperial20251118.csv
2025-11-18,TOLERANCE_LAST_CHANGED,,2025-Oct-8 at 08:00,GdsrNGTLImperial20251118.csv
2025-11-18,TOTAL_OBA_ACCOUNT_TJ,774.8,,GdsrNGTLImperial20251118.csv
2025-11-18,TOTAL_SD_ACCOUNT_TJ,-302.9,,GdsrNGTLImperial20251118.csv
2025-11-19,END_OF_DAY_LINEPACK,20407.0,,GdsrNGTLImperial20251119.csv
2025-11-19,LINEPACK_CHANGE_24H,25.0,,GdsrNGTLImperial20251119.csv
2025-11-19,LINEPACK_RATE_OF_CHANGE,-156.0,,GdsrNGTLImperial20251119.csv
2025-11-19,LINEPACK_TARGET,20659.0,,GdsrNGTLImperial20251119.csv
2025-11-19,NGTL_FIELD_RECEIPTS,14633.0,,GdsrNGTLImperial20251119.csv
2025-11-19,TOLERANCE,,-1/1 (%),GdsrNGTLImperial20251119.csv
2025-11-19,TOLERANCE_LAST_CHANGED,,2025-Oct-8 at 08:00,GdsrNGTLImperial20251119.csv
2025-11-19,TOTAL_OBA_ACCOUNT_TJ,552.1,,GdsrNGTLImperial20251119.csv
2025-11-19,TOTAL_SD_ACCOUNT_TJ,-98.7,,GdsrNGTLImperial20251119.csv
2025-11-20,END_OF_DAY_LINEPACK,20267.0,,GdsrNGTLImperial20251120.csv
2025-11-20,LINEPACK_CHANGE_24H,-139.0,,GdsrNGTLImperial20251120.csv
2025-11-20,LINEPACK_RATE_OF_CHANGE,-109.0,,GdsrNGTLImperial20251120.csv
2025-11-20,LINEPACK_TARGET,20659.0,,GdsrNGTLImperial20251120.csv
2025-11-20,NGTL_FIELD_RECEIPTS,14446.0,,GdsrNGTLImperial20251120.csv
2025-11-20,TOLERANCE,,-1/1 (%),GdsrNGTLImperial20251120.csv
2025-11-20,TOLERANCE_LAST_CHANGED,,2025-Oct-8 at 08:00,GdsrNGTLImperial20251120.csv
2025-11-20,TOTAL_OBA_ACCOUNT_TJ,450.8,,GdsrNGTLImperial20251120.csv
2025-11-20,TOTAL_SD_ACCOUNT_TJ,-123.9,,GdsrNGTLImperial20251120.csv
2025-11-21,END_OF_DAY_LINEPACK,20211.0,,GdsrNGTLImperial20251121.csv
2025-11-21,LINEPACK_CHANGE_24H,-56.0,,GdsrNGTLImperial20251121.csv
2025-11-21,LINEPACK_RATE_OF_CHANGE,-55.0,,GdsrNGTLImperial20251121.csv
2025-11-21,LINEPACK_TARGET,20659.0,,GdsrNGTLImperial20251121.csv
2025-11-21,NGTL_FIELD_RECEIPTS,14458.0,,GdsrNGTLImperial20251121.csv
2025-11-21,TOLERANCE,,-1/1 (%),GdsrNGTLImperial20251121.csv
2025-11-21,TOLERANCE_LAST_CHANGED,,2025-Oct-8 at 08:00,GdsrNGTLImperial20251121.csv
2025-11-21,TOTAL_OBA_ACCOUNT_TJ,330.0,,GdsrNGTLImperial20251121.csv
2025-11-21,TOTAL_SD_ACCOUNT_TJ,-133.1,,GdsrNGTLImperial20251121.csv
2025-11-22,END_OF_DAY_LINEPACK,20444.0,,GdsrNGTLImperial20251122.csv
2025-11-22,LINEPACK_CHANGE_24H,233.0,,GdsrNGTLImperial20251122.csv
2025-11-22,LINEPACK_RATE_OF_CHANGE,390.0,,GdsrNGTLImperial20251122.csv
2025-11-22,LINEPACK_TARGET,20659.0,,GdsrNGTLImperial20251122.csv
2025-11-22,NGTL_FIELD_RECEIPTS,14655.0,,GdsrNGTLImperial20251122.csv
2025-11-22,TOLERANCE,,-1/1 (%),GdsrNGTLImperial20251122.csv
2025-11-22,TOLERANCE_LAST_CHANGED,,2025-Oct-8 at 08:00,GdsrNGTLImperial20251122.csv
2025-11-22,TOTAL_OBA_ACCOUNT_TJ,347.2,,GdsrNGTLImperial20251122.csv
2025-11-22,TOTAL_SD_ACCOUNT_TJ,-136.4,,GdsrNGTLImperial20251122.csv
2025-11-23,END_OF_DAY_LINEPACK,20188.0,,GdsrNGTLImperial20251123.csv
2025-11-23,LINEPACK_CHANGE_24H,-256.0,,GdsrNGTLImperial20251123.csv
2025-11-23,LINEPACK_RATE_OF_CHANGE,-321.0,,GdsrNGTLImperial20251123.csv
2025-11-23,LINEPACK_TARGET,20659.0,,GdsrNGTLImperial20251123.csv
2025-11-23,NGTL_FIELD_RECEIPTS,14584.0,,GdsrNGTLImperial20251123.csv
2025-11-23,TOLERANCE,,-1/1 (%),GdsrNGTLImperial20251123.csv
2025-11-23,TOLERANCE_LAST_CHANGED,,2025-Oct-8 at 08:00,GdsrNGTLImperial20251123.csv
2025-11-23,TOTAL_OBA_ACCOUNT_TJ,255.1,,GdsrNGTLImperial20251123.csv
2025-11-23,TOTAL_SD_ACCOUNT_TJ,-262.0,,GdsrNGTLImperial20251123.csv
2025-11-24,END_OF_DAY_LINEPACK,20283.0,,GdsrNGTLImperial20251124.csv
2025-11-24,LINEPACK_CHANGE_24H,95.0,,GdsrNGTLImperial20251124.csv
2025-11-24,LINEPACK_RATE_OF_CHANGE,20.0,,GdsrNGTLImperial20251124.csv
2025-11-24,LINEPACK_TARGET,20659.0,,GdsrNGTLImperial20251124.csv
2025-11-24,NGTL_FIELD_RECEIPTS,14440.0,,GdsrNGTLImperial20251124.csv
2025-11-24,TOLERANCE,,-1/1 (%),GdsrNGTLImperial20251124.csv
2025-11-24,TOLERANCE_LAST_CHANGED,,2025-Oct-8 at 08:00,GdsrNGTLImperial20251124.csv
2025-11-24,TOTAL_OBA_ACCOUNT_TJ,376.7,,GdsrNGTLImperial20251124.csv
2025-11-24,TOTAL_SD_ACCOUNT_TJ,83.7,,GdsrNGTLImperial20251124.csv
2025-11-25,END_OF_DAY_LINEPACK,20458.0,,GdsrNGTLImperial20251125.csv
2025-11-25,LINEPACK_CHANGE_24H,175.0,,GdsrNGTLImperial20251125.csv
2025-11-25,LINEPACK_RATE_OF_CHANGE,321.0,,GdsrNGTLImperial20251125.csv
2025-11-25,LINEPACK_TARGET,20659.0,,GdsrNGTLImperial20251125.csv
2025-11-25,NGTL_FIELD_RECEIPTS,14453.0,,GdsrNGTLImperial20251125.csv
2025-11-25,TOLERANCE,,-1/1 (%),GdsrNGTLImperial20251125.csv
2025-11-25,TOLERANCE_LAST_CHANGED,,2025-Oct-8 at 08:00,GdsrNGTLImperial20251125.csv
2025-11-25,TOTAL_OBA_ACCOUNT_TJ,524.8,,GdsrNGTLImperial20251125.csv
2025-11-25,TOTAL_SD_ACCOUNT_TJ,163.1,,GdsrNGTLImperial20251125.csv
2025-11-26,END_OF_DAY_LINEPACK,20044.0,,GdsrNGTLImperial20251126.csv
2025-11-26,LINEPACK_CHANGE_24H,-414.0,,GdsrNGTLImperial20251126.csv
2025-11-26,LINEPACK_RATE_OF_CHANGE,-616.0,,GdsrNGTLImperial20251126.csv
2025-11-26,LINEPACK_TARGET,20659.0,,GdsrNGTLImperial20251126.csv
2025-11-26,NGTL_FIELD_RECEIPTS,14329.0,,GdsrNGTLImperial20251126.csv
2025-11-26,TOLERANCE,,-1/1 (%),GdsrNGTLImperial20251126.csv
2025-11-26,TOLERANCE_LAST_CHANGED,,2025-Oct-8 at 08:00,GdsrNGTLImperial20251126.csv
2025-11-26,TOTAL_OBA_ACCOUNT_TJ,290.1,,GdsrNGTLImperial20251126.csv
2025-11-26,TOTAL_SD_ACCOUNT_TJ,-107.0,,GdsrNGTLImperial20251126.csv
2025-11-27,END_OF_DAY_LINEPACK,19934.0,,GdsrNGTLImperial20251127.csv
2025-11-27,LINEPACK_CHANGE_24H,-110.0,,GdsrNGTLImperial20251127.csv
2025-11-27,LINEPACK_RATE_OF_CHANGE,213.0,,GdsrNGTLImperial20251127.csv
2025-11-27,LINEPACK_TARGET,20659.0,,GdsrNGTLImperial20251127.csv
2025-11-27,NGTL_FIELD_RECEIPTS,14270.0,,GdsrNGTLImperial20251127.csv
2025-11-27,TOLERANCE,,-1/1 (%),GdsrNGTLImperial20251127.csv
2025-11-27,TOLERANCE_LAST_CHANGED,,2025-Oct-8 at 08:00,GdsrNGTLImperial20251127.csv
2025-11-27,TOTAL_OBA_ACCOUNT_TJ,59.8,,GdsrNGTLImperial20251127.csv
2025-11-27,TOTAL_SD_ACCOUNT_TJ,8.1,,GdsrNGTLImperial20251127.csv
2025-11-28,END_OF_DAY_LINEPACK,19980.0,,GdsrNGTLImperial20251128.csv
2025-11-28,LINEPACK_CHANGE_24H,46.0,,GdsrNGTLImperial20251128.csv
2025-11-28,LINEPACK_RATE_OF_CHANGE,-342.0,,GdsrNGTLImperial20251128.csv
2025-11-28,LINEPACK_TARGET,20659.0,,GdsrNGTLImperial20251128.csv
2025-11-28,NGTL_FIELD_RECEIPTS,14210.0,,GdsrNGTLImperial20251128.csv
2025-11-28,TOLERANCE,,-1/1 (%),GdsrNGTLImperial20251128.csv
2025-11-28,TOLERANCE_LAST_CHANGED,,2025-Oct-8 at 08:00,GdsrNGTLImperial20251128.csv
2025-11-28,TOTAL_OBA_ACCOUNT_TJ,98.9,,GdsrNGTLImperial20251128.csv
2025-11-28,TOTAL_SD_ACCOUNT_TJ,-36.7,,GdsrNGTLImperial20251128.csv
2025-11-29,END_OF_DAY_LINEPACK,19629.0,,GdsrNGTLImperial20251129.csv
2025-11-29,LINEPACK_CHANGE_24H,-351.0,,GdsrNGTLImperial20251129.csv
2025-11-29,LINEPACK_RATE_OF_CHANGE,-210.0,,GdsrNGTLImperial20251129.csv
2025-11-29,LINEPACK_TARGET,20659.0,,GdsrNGTLImperial20251129.csv
2025-11-29,NGTL_FIELD_RECEIPTS,14183.0,,GdsrNGTLImperial20251129.csv
2025-11-29,TOLERANCE,,-1/1 (%),GdsrNGTLImperial20251129.csv
2025-11-29,TOLERANCE_LAST_CHANGED,,2025-Oct-8 at 08:00,GdsrNGTLImperial20251129.csv
2025-11-29,TOTAL_OBA_ACCOUNT_TJ,207.5,,GdsrNGTLImperial20251129.csv
2025-11-29,TOTAL_SD_ACCOUNT_TJ,-272.6,,GdsrNGTLImperial20251129.csv
2025-11-30,END_OF_DAY_LINEPACK,20027.0,,GdsrNGTLImperial20251130.csv
2025-11-30,LINEPACK_CHANGE_24H,398.0,,GdsrNGTLImperial20251130.csv
2025-11-30,LINEPACK_RATE_OF_CHANGE,234.0,,GdsrNGTLImperial20251130.csv
2025-11-30,LINEPACK_TARGET,20659.0,,GdsrNGTLImperial20251130.csv
2025-11-30,NGTL_FIELD_RECEIPTS,14418.0,,GdsrNGTLImperial20251130.csv
2025-11-30,TOLERANCE,,-1/1 (%),GdsrNGTLImperial20251130.csv
2025-11-30,TOLERANCE_LAST_CHANGED,,2025-Oct-8 at 08:00,GdsrNGTLImperial20251130.csv
2025-11-30,TOTAL_OBA_ACCOUNT_TJ,512.6,,GdsrNGTLImperial20251130.csv
2025-11-30,TOTAL_SD_ACCOUNT_TJ,-8.9,,GdsrNGTLImperial20251130.csv
2025-12-01,END_OF_DAY_LINEPACK,20842.0,,GdsrNGTLImperial20251201.csv
2025-12-01,LINEPACK_CHANGE_24H,815.0,,GdsrNGTLImperial20251201.csv
2025-12-01,LINEPACK_RATE_OF_CHANGE,833.0,,GdsrNGTLImperial20251201.csv
2025-12-01,LINEPACK_TARGET,20659.0,,GdsrNGTLImperial20251201.csv
2025-12-01,NGTL_FIELD_RECEIPTS,14446.0,,GdsrNGTLImperial20251201.csv
2025-12-01,TOLERANCE,,0/2 (%),GdsrNGTLImperial20251201.csv
2025-12-01,TOLERANCE_LAST_CHANGED,,2025-Dec-1 at 08:00,GdsrNGTLImperial20251201.csv
2025-12-01,TOTAL_OBA_ACCOUNT_TJ,1114.3,,GdsrNGTLImperial20251201.csv
2025-12-01,TOTAL_SD_ACCOUNT_TJ,273.5,,GdsrNGTLImperial20251201.csv
2025-12-02,END_OF_DAY_LINEPACK,20634.0,,GdsrNGTLImperial20251202.csv
2025-12-02,LINEPACK_CHANGE_24H,-208.0,,GdsrNGTLImperial20251202.csv
2025-12-02,LINEPACK_RATE_OF_CHANGE,-41.0,,GdsrNGTLImperial20251202.csv
2025-12-02,LINEPACK_TARGET,20659.0,,GdsrNGTLImperial20251202.csv
2025-12-02,NGTL_FIELD_RECEIPTS,14546.0,,GdsrNGTLImperial20251202.csv
2025-12-02,TOLERANCE,,0/2 (%),GdsrNGTLImperial20251202.csv
2025-12-02,TOLERANCE_LAST_CHANGED,,2025-Dec-1 at 08:00,GdsrNGTLImperial20251202.csv
2025-12-02,TOTAL_OBA_ACCOUNT_TJ,788.6,,GdsrNGTLImperial20251202.csv
2025-12-02,TOTAL_SD_ACCOUNT_TJ,154.3,,GdsrNGTLImperial20251202.csv
2025-12-03,END_OF_DAY_LINEPACK,20872.0,,GdsrNGTLImperial20251203.csv
2025-12-03,LINEPACK_CHANGE_24H,238.0,,GdsrNGTLImperial20251203.csv
2025-12-03,LINEPACK_RATE_OF_CHANGE,941.0,,GdsrNGTLImperial20251203.csv
2025-12-03,LINEPACK_TARGET,20659.0,,GdsrNGTLImperial20251203.csv
2025-12-03,NGTL_FIELD_RECEIPTS,14643.0,,GdsrNGTLImperial20251203.csv
2025-12-03,TOLERANCE,,0/2 (%),GdsrNGTLImperial20251203.csv
2025-12-03,TOLERANCE_LAST_CHANGED,,2025-Dec-1 at 08:00,GdsrNGTLImperial20251203.csv
2025-12-03,TOTAL_OBA_ACCOUNT_TJ,923.3,,GdsrNGTLImperial20251203.csv
2025-12-03,TOTAL_SD_ACCOUNT_TJ,906.2,,GdsrNGTLImperial20251203.csv
2025-12-04,END_OF_DAY_LINEPACK,20688.0,,GdsrNGTLImperial20251204.csv
2025-12-04,LINEPACK_CHANGE_24H,-183.0,,GdsrNGTLImperial20251204.csv
2025-12-04,LINEPACK_RATE_OF_CHANGE,-271.0,,GdsrNGTLImperial20251204.csv
2025-12-04,LINEPACK_TARGET,20659.0,,GdsrNGTLImperial20251204.csv
2025-12-04,NGTL_FIELD_RECEIPTS,14714.0,,GdsrNGTLImperial20251204.csv
2025-12-04,TOLERANCE,,0/2 (%),GdsrNGTLImperial20251204.csv
2025-12-04,TOLERANCE_LAST_CHANGED,,2025-Dec-1 at 08:00,GdsrNGTLImperial20251204.csv
2025-12-04,TOTAL_OBA_ACCOUNT_TJ,820.0,,GdsrNGTLImperial20251204.csv
2025-12-04,TOTAL_SD_ACCOUNT_TJ,714.1,,GdsrNGTLImperial20251204.csv
2025-12-05,END_OF_DAY_LINEPACK,20305.0,,GdsrNGTLImperial20251205.csv
2025-12-05,LINEPACK_CHANGE_24H,-383.0,,GdsrNGTLImperial20251205.csv
2025-12-05,LINEPACK_RATE_OF_CHANGE,-340.0,,GdsrNGTLImperial20251205.csv
2025-12-05,LINEPACK_TARGET,20659.0,,GdsrNGTLImperial20251205.csv
2025-12-05,NGTL_FIELD_RECEIPTS,14826.0,,GdsrNGTLImperial20251205.csv
2025-12-05,TOLERANCE,,0/2 (%),GdsrNGTLImperial20251205.csv
2025-12-05,TOLERANCE_LAST_CHANGED,,2025-Dec-1 at 08:00,GdsrNGTLImperial20251205.csv
2025-12-05,TOTAL_OBA_ACCOUNT_TJ,512.9,,GdsrNGTLImperial20251205.csv
2025-12-05,TOTAL_SD_ACCOUNT_TJ,575.9,,GdsrNGTLImperial20251205.csv
2025-12-06,END_OF_DAY_LINEPACK,20229.0,,GdsrNGTLImperial20251206.csv
2025-12-06,LINEPACK_CHANGE_24H,-76.0,,GdsrNGTLImperial20251206.csv
2025-12-06,LINEPACK_RATE_OF_CHANGE,130.0,,GdsrNGTLImperial20251206.csv
2025-12-06,LINEPACK_TARGET,20659.0,,GdsrNGTLImperial20251206.csv
2025-12-06,NGTL_FIELD_RECEIPTS,14774.0,,GdsrNGTLImperial20251206.csv
2025-12-06,TOLERANCE,,0/2 (%),GdsrNGTLImperial20251206.csv
2025-12-06,TOLERANCE_LAST_CHANGED,,2025-Dec-1 at 08:00,GdsrNGTLImperial20251206.csv
2025-12-06,TOTAL_OBA_ACCOUNT_TJ,694.6,,GdsrNGTLImperial20251206.csv
2025-12-06,TOTAL_SD_ACCOUNT_TJ,390.4,,GdsrNGTLImperial20251206.csv
2025-12-07,END_OF_DAY_LINEPACK,20467.0,,GdsrNGTLImperial20251207.csv
2025-12-07,LINEPACK_CHANGE_24H,238.0,,GdsrNGTLImperial20251207.csv
2025-12-07,LINEPACK_RATE_OF_CHANGE,215.0,,GdsrNGTLImperial20251207.csv
2025-12-07,LINEPACK_TARGET,20659.0,,GdsrNGTLImperial20251207.csv
2025-12-07,NGTL_FIELD_RECEIPTS,14518.0,,GdsrNGTLImperial20251207.csv
2025-12-07,TOLERANCE,,0/2 (%),GdsrNGTLImperial20251207.csv
2025-12-07,TOLERANCE_LAST_CHANGED,,2025-Dec-1 at 08:00,GdsrNGTLImperial20251207.csv
2025-12-07,TOTAL_OBA_ACCOUNT_TJ,1018.9,,GdsrNGTLImperial20251207.csv
2025-12-07,TOTAL_SD_ACCOUNT_TJ,44.2,,GdsrNGTLImperial20251207.csv
2025-12-08,END_OF_DAY_LINEPACK,20508.0,,GdsrNGTLImperial20251208.csv
2025-12-08,LINEPACK_CHANGE_24H,41.0,,GdsrNGTLImperial20251208.csv
2025-12-08,LINEPACK_RATE_OF_CHANGE,166.0,,GdsrNGTLImperial20251208.csv
2025-12-08,LINEPACK_TARGET,20659.0,,GdsrNGTLImperial20251208.csv
2025-12-08,NGTL_FIELD_RECEIPTS,14360.0,,GdsrNGTLImperial20251208.csv
2025-12-08,TOLERANCE,,0/2 (%),GdsrNGTLImperial20251208.csv
2025-12-08,TOLERANCE_LAST_CHANGED,,2025-Dec-1 at 08:00,GdsrNGTLImperial20251208.csv
2025-12-08,TOTAL_OBA_ACCOUNT_TJ,597.1,,GdsrNGTLImperial20251208.csv
2025-12-08,TOTAL_SD_ACCOUNT_TJ,129.0,,GdsrNGTLImperial20251208.csv
2025-12-09,END_OF_DAY_LINEPACK,20048.0,,GdsrNGTLImperial20251209.csv
2025-12-09,LINEPACK_CHANGE_24H,-460.0,,GdsrNGTLImperial20251209.csv
2025-12-09,LINEPACK_RATE_OF_CHANGE,-345.0,,GdsrNGTLImperial20251209.csv
2025-12-09,LINEPACK_TARGET,20659.0,,GdsrNGTLImperial20251209.csv
2025-12-09,NGTL_FIELD_RECEIPTS,13980.0,,GdsrNGTLImperial20251209.csv
2025-12-09,TOLERANCE,,0/2 (%),GdsrNGTLImperial20251209.csv
2025-12-09,TOLERANCE_LAST_CHANGED,,2025-Dec-1 at 08:00,GdsrNGTLImperial20251209.csv
2025-12-09,TOTAL_OBA_ACCOUNT_TJ,-44.5,,GdsrNGTLImperial20251209.csv
2025-12-09,TOTAL_SD_ACCOUNT_TJ,289.2,,GdsrNGTLImperial20251209.csv
2025-12-10,END_OF_DAY_LINEPACK,20217.0,,GdsrNGTLImperial20251210.csv
2025-12-10,LINEPACK_CHANGE_24H,170.0,,GdsrNGTLImperial20251210.csv
2025-12-10,LINEPACK_RATE_OF_CHANGE,125.0,,GdsrNGTLImperial20251210.csv
2025-12-10,LINEPACK_TARGET,20659.0,,GdsrNGTLImperial20251210.csv
2025-12-10,NGTL_FIELD_RECEIPTS,14392.0,,GdsrNGTLImperial20251210.csv
2025-12-10,TOLERANCE,,0/2 (%),GdsrNGTLImperial20251210.csv
2025-12-10,TOLERANCE_LAST_CHANGED,,2025-Dec-1 at 08:00,GdsrNGTLImperial20251210.csv
2025-12-10,TOTAL_OBA_ACCOUNT_TJ,-60.3,,GdsrNGTLImperial20251210.csv
2025-12-10,TOTAL_SD_ACCOUNT_TJ,134.5,,GdsrNGTLImperial20251210.csv
2025-12-11,END_OF_DAY_LINEPACK,20518.0,,GdsrNGTLImperial20251211.csv
2025-12-11,LINEPACK_CHANGE_24H,301.0,,GdsrNGTLImperial20251211.csv
2025-12-11,LINEPACK_RATE_OF_CHANGE,251.0,,GdsrNGTLImperial20251211.csv
2025-12-11,LINEPACK_TARGET,20659.0,,GdsrNGTLImperial20251211.csv
2025-12-11,NGTL_FIELD_RECEIPTS,14267.0,,GdsrNGTLImperial20251211.csv
2025-12-11,TOLERANCE,,0/2 (%),GdsrNGTLImperial20251211.csv
2025-12-11,TOLERANCE_LAST_CHANGED,,2025-Dec-1 at 08:00,GdsrNGTLImperial20251211.csv
2025-12-11,TOTAL_OBA_ACCOUNT_TJ,97.8,,GdsrNGTLImperial20251211.csv
2025-12-11,TOTAL_SD_ACCOUNT_TJ,308.0,,GdsrNGTLImperial20251211.csv
2025-12-12,END_OF_DAY_LINEPACK,20589.0,,GdsrNGTLImperial20251212.csv
2025-12-12,LINEPACK_CHANGE_24H,70.0,,GdsrNGTLImperial20251212.csv
2025-12-12,LINEPACK_RATE_OF_CHANGE,-152.0,,GdsrNGTLImperial20251212.csv
2025-12-12,LINEPACK_TARGET,20659.0,,GdsrNGTLImperial20251212.csv
2025-12-12,NGTL_FIELD_RECEIPTS,14474.0,,GdsrNGTLImperial20251212.csv
2025-12-12,TOLERANCE,,0/2 (%),GdsrNGTLImperial20251212.csv
2025-12-12,TOLERANCE_LAST_CHANGED,,2025-Dec-1 at 08:00,GdsrNGTLImperial20251212.csv
2025-12-12,TOTAL_OBA_ACCOUNT_TJ,304.5,,GdsrNGTLImperial20251212.csv
2025-12-12,TOTAL_SD_ACCOUNT_TJ,228.8,,GdsrNGTLImperial20251212.csv
2025-12-13,END_OF_DAY_LINEPACK,20795.0,,GdsrNGTLImperial20251213.csv
2025-12-13,LINEPACK_CHANGE_24H,206.0,,GdsrNGTLImperial20251213.csv
2025-12-13,LINEPACK_RATE_OF_CHANGE,788.0,,GdsrNGTLImperial20251213.csv
2025-12-13,LINEPACK_TARGET,20659.0,,GdsrNGTLImperial20251213.csv
2025-12-13,NGTL_FIELD_RECEIPTS,14305.0,,GdsrNGTLImperial20251213.csv
2025-12-13,TOLERANCE,,0/2 (%),GdsrNGTLImperial20251213.csv
2025-12-13,TOLERANCE_LAST_CHANGED,,2025-Dec-1 at 08:00,GdsrNGTLImperial20251213.csv
2025-12-13,TOTAL_OBA_ACCOUNT_TJ,419.3,,GdsrNGTLImperial20251213.csv
2025-12-13,TOTAL_SD_ACCOUNT_TJ,498.0,,GdsrNGTLImperial20251213.csv
2025-12-14,END_OF_DAY_LINEPACK,21001.0,,GdsrNGTLImperial20251214.csv
2025-12-14,LINEPACK_CHANGE_24H,206.0,,GdsrNGTLImperial20251214.csv
2025-12-14,LINEPACK_RATE_OF_CHANGE,98.0,,GdsrNGTLImperial20251214.csv
2025-12-14,LINEPACK_TARGET,20659.0,,GdsrNGTLImperial20251214.csv
2025-12-14,NGTL_FIELD_RECEIPTS,14559.0,,GdsrNGTLImperial20251214.csv
2025-12-14,TOLERANCE,,0/2 (%),GdsrNGTLImperial20251214.csv
2025-12-14,TOLERANCE_LAST_CHANGED,,2025-Dec-1 at 08:00,GdsrNGTLImperial20251214.csv
2025-12-14,TOTAL_OBA_ACCOUNT_TJ,211.5,,GdsrNGTLImperial20251214.csv
2025-12-14,TOTAL_SD_ACCOUNT_TJ,771.1,,GdsrNGTLImperial20251214.csv
2025-12-15,END_OF_DAY_LINEPACK,20785.0,,GdsrNGTLImperial20251215.csv
2025-12-15,LINEPACK_CHANGE_24H,-215.0,,GdsrNGTLImperial20251215.csv
2025-12-15,LINEPACK_RATE_OF_CHANGE,-666.0,,GdsrNGTLImperial20251215.csv
2025-12-15,LINEPACK_TARGET,20836.0,,GdsrNGTLImperial20251215.csv
2025-12-15,NGTL_FIELD_RECEIPTS,14441.0,,GdsrNGTLImperial20251215.csv
2025-12-15,TOLERANCE,,0/2 (%),GdsrNGTLImperial20251215.csv
2025-12-15,TOLERANCE_LAST_CHANGED,,2025-Dec-1 at 08:00,GdsrNGTLImperial20251215.csv
2025-12-15,TOTAL_OBA_ACCOUNT_TJ,354.2,,GdsrNGTLImperial20251215.csv
2025-12-15,TOTAL_SD_ACCOUNT_TJ,402.1,,GdsrNGTLImperial20251215.csv
2025-12-16,END_OF_DAY_LINEPACK,20593.0,,GdsrNGTLImperial20251216.csv
2025-12-16,LINEPACK_CHANGE_24H,-193.0,,GdsrNGTLImperial20251216.csv
2025-12-16,LINEPACK_RATE_OF_CHANGE,96.0,,GdsrNGTLImperial20251216.csv
2025-12-16,LINEPACK_TARGET,20836.0,,GdsrNGTLImperial20251216.csv
2025-12-16,NGTL_FIELD_RECEIPTS,14511.0,,GdsrNGTLImperial20251216.csv
2025-12-16,TOLERANCE,,0/2 (%),GdsrNGTLImperial20251216.csv
2025-12-16,TOLERANCE_LAST_CHANGED,,2025-Dec-1 at 08:00,GdsrNGTLImperial20251216.csv
2025-12-16,TOTAL_OBA_ACCOUNT_TJ,23.9,,GdsrNGTLImperial20251216.csv
2025-12-16,TOTAL_SD_ACCOUNT_TJ,51.9,,GdsrNGTLImperial20251216.csv
2025-12-17,END_OF_DAY_LINEPACK,20965.0,,GdsrNGTLImperial20251217.csv
2025-12-17,LINEPACK_CHANGE_24H,373.0,,GdsrNGTLImperial20251217.csv
2025-12-17,LINEPACK_RATE_OF_CHANGE,98.0,,GdsrNGTLImperial20251217.csv
2025-12-17,LINEPACK_TARGET,20836.0,,GdsrNGTLImperial20251217.csv
2025-12-17,NGTL_FIELD_RECEIPTS,14307.0,,GdsrNGTLImperial20251217.csv
2025-12-17,TOLERANCE,,0/2 (%),GdsrNGTLImperial20251217.csv
2025-12-17,TOLERANCE_LAST_CHANGED,,2025-Dec-1 at 08:00,GdsrNGTLImperial20251217.csv
2025-12-17,TOTAL_OBA_ACCOUNT_TJ,279.4,,GdsrNGTLImperial20251217.csv
2025-12-17,TOTAL_SD_ACCOUNT_TJ,263.5,,GdsrNGTLImperial20251217.csv
2025-12-18,END_OF_DAY_LINEPACK,21417.0,,GdsrNGTLImperial20251218.csv
2025-12-18,LINEPACK_CHANGE_24H,452.0,,GdsrNGTLImperial20251218.csv
2025-12-18,LINEPACK_RATE_OF_CHANGE,544.0,,GdsrNGTLImperial20251218.csv
2025-12-18,LINEPACK_TARGET,20836.0,,GdsrNGTLImperial20251218.csv
2025-12-18,NGTL_FIELD_RECEIPTS,14363.0,,GdsrNGTLImperial20251218.csv
2025-12-18,TOLERANCE,,0/2 (%),GdsrNGTLImperial20251218.csv
2025-12-18,TOLERANCE_LAST_CHANGED,,2025-Dec-1 at 08:00,GdsrNGTLImperial20251218.csv
2025-12-18,TOTAL_OBA_ACCOUNT_TJ,286.0,,GdsrNGTLImperial20251218.csv
2025-12-18,TOTAL_SD_ACCOUNT_TJ,555.7,,GdsrNGTLImperial20251218.csv
2025-12-19,END_OF_DAY_LINEPACK,21097.0,,GdsrNGTLImperial20251219.csv
2025-12-19,LINEPACK_CHANGE_24H,-320.0,,GdsrNGTLImperial20251219.csv
2025-12-19,LINEPACK_RATE_OF_CHANGE,-486.0,,GdsrNGTLImperial20251219.csv
2025-12-19,LINEPACK_TARGET,21012.0,,GdsrNGTLImperial20251219.csv
2025-12-19,NGTL_FIELD_RECEIPTS,14206.0,,GdsrNGTLImperial20251219.csv
2025-12-19,TOLERANCE,,0/2 (%),GdsrNGTLImperial20251219.csv
2025-12-19,TOLERANCE_LAST_CHANGED,,2025-Dec-1 at 08:00,GdsrNGTLImperial20251219.csv
2025-12-19,TOTAL_OBA_ACCOUNT_TJ,137.2,,GdsrNGTLImperial20251219.csv
2025-12-19,TOTAL_SD_ACCOUNT_TJ,391.1,,GdsrNGTLImperial20251219.csv
2025-12-20,END_OF_DAY_LINEPACK,21220.0,,GdsrNGTLImperial20251220.csv
2025-12-20,LINEPACK_CHANGE_24H,123.0,,GdsrNGTLImperial20251220.csv
2025-12-20,LINEPACK_RATE_OF_CHANGE,248.0,,GdsrNGTLImperial20251220.csv
2025-12-20,LINEPACK_TARGET,21012.0,,GdsrNGTLImperial20251220.csv
2025-12-20,NGTL_FIELD_RECEIPTS,14240.0,,GdsrNGTLImperial20251220.csv
2025-12-20,TOLERANCE,,0/2 (%),GdsrNGTLImperial20251220.csv
2025-12-20,TOLERANCE_LAST_CHANGED,,2025-Dec-1 at 08:00,GdsrNGTLImperial20251220.csv
2025-12-20,TOTAL_OBA_ACCOUNT_TJ,225.3,,GdsrNGTLImperial20251220.csv
2025-12-20,TOTAL_SD_ACCOUNT_TJ,453.5,,GdsrNGTLImperial20251220.csv
2025-12-21,END_OF_DAY_LINEPACK,21021.0,,GdsrNGTLImperial20251221.csv
2025-12-21,LINEPACK_CHANGE_24H,-199.0,,GdsrNGTLImperial20251221.csv
2025-12-21,LINEPACK_RATE_OF_CHANGE,-327.0,,GdsrNGTLImperial20251221.csv
2025-12-21,LINEPACK_TARGET,21012.0,,GdsrNGTLImperial20251221.csv
2025-12-21,NGTL_FIELD_RECEIPTS,14179.0,,GdsrNGTLImperial20251221.csv
2025-12-21,TOLERANCE,,0/2 (%),GdsrNGTLImperial20251221.csv
2025-12-21,TOLERANCE_LAST_CHANGED,,2025-Dec-1 at 08:00,GdsrNGTLImperial20251221.csv
2025-12-21,TOTAL_OBA_ACCOUNT_TJ,194.7,,GdsrNGTLImperial20251221.csv
2025-12-21,TOTAL_SD_ACCOUNT_TJ,290.6,,GdsrNGTLImperial20251221.csv
2025-12-22,END_OF_DAY_LINEPACK,21027.0,,GdsrNGTLImperial20251222.csv
2025-12-22,LINEPACK_CHANGE_24H,5.0,,GdsrNGTLImperial20251222.csv
2025-12-22,LINEPACK_RATE_OF_CHANGE,381.0,,GdsrNGTLImperial20251222.csv
2025-12-22,LINEPACK_TARGET,21012.0,,GdsrNGTLImperial20251222.csv
2025-12-22,NGTL_FIELD_RECEIPTS,14077.0,,GdsrNGTLImperial20251222.csv
2025-12-22,TOLERANCE,,0/2 (%),GdsrNGTLImperial20251222.csv
2025-12-22,TOLERANCE_LAST_CHANGED,,2025-Dec-1 at 08:00,GdsrNGTLImperial20251222.csv
2025-12-22,TOTAL_OBA_ACCOUNT_TJ,252.2,,GdsrNGTLImperial20251222.csv
2025-12-22,TOTAL_SD_ACCOUNT_TJ,249.2,,GdsrNGTLImperial20251222.csv
2025-12-23,END_OF_DAY_LINEPACK,20956.0,,GdsrNGTLImperial20251223.csv
2025-12-23,LINEPACK_CHANGE_24H,-71.0,,GdsrNGTLImperial20251223.csv
2025-12-23,LINEPACK_RATE_OF_CHANGE,-251.0,,GdsrNGTLImperial20251223.csv
2025-12-23,LINEPACK_TARGET,21012.0,,GdsrNGTLImperial20251223.csv
2025-12-23,NGTL_FIELD_RECEIPTS,14232.0,,GdsrNGTLImperial20251223.csv
2025-12-23,TOLERANCE,,0/2 (%),GdsrNGTLImperial20251223.csv
2025-12-23,TOLERANCE_LAST_CHANGED,,2025-Dec-1 at 08:00,GdsrNGTLImperial20251223.csv
2025-12-23,TOTAL_OBA_ACCOUNT_TJ,108.6,,GdsrNGTLImperial20251223.csv
2025-12-23,TOTAL_SD_ACCOUNT_TJ,265.8,,GdsrNGTLImperial20251223.csv
2025-12-24,END_OF_DAY_LINEPACK,20891.0,,GdsrNGTLImperial20251224.csv
2025-12-24,LINEPACK_CHANGE_24H,-64.0,,GdsrNGTLImperial20251224.csv
2025-12-24,LINEPACK_RATE_OF_CHANGE,222.0,,GdsrNGTLImperial20251224.csv
2025-12-24,LINEPACK_TARGET,21012.0,,GdsrNGTLImperial20251224.csv
2025-12-24,NGTL_FIELD_RECEIPTS,14266.0,,GdsrNGTLImperial20251224.csv
2025-12-24,TOLERANCE,,0/2 (%),GdsrNGTLImperial20251224.csv
2025-12-24,TOLERANCE_LAST_CHANGED,,2025-Dec-1 at 08:00,GdsrNGTLImperial20251224.csv
2025-12-24,TOTAL_OBA_ACCOUNT_TJ,144.1,,GdsrNGTLImperial20251224.csv
2025-12-24,TOTAL_SD_ACCOUNT_TJ,14.6,,GdsrNGTLImperial20251224.csv
2025-12-25,END_OF_DAY_LINEPACK,21103.0,,GdsrNGTLImperial20251225.csv
2025-12-25,LINEPACK_CHANGE_24H,211.0,,GdsrNGTLImperial20251225.csv
2025-12-25,LINEPACK_RATE_OF_CHANGE,337.0,,GdsrNGTLImperial20251225.csv
2025-12-25,LINEPACK_TARGET,21012.0,,GdsrNGTLImperial20251225.csv
2025-12-25,NGTL_FIELD_RECEIPTS,14076.0,,GdsrNGTLImperial20251225.csv
2025-12-25,TOLERANCE,,0/2 (%),GdsrNGTLImperial20251225.csv
2025-12-25,TOLERANCE_LAST_CHANGED,,2025-Dec-1 at 08:00,GdsrNGTLImperial20251225.csv
2025-12-25,TOTAL_OBA_ACCOUNT_TJ,189.5,,GdsrNGTLImperial20251225.csv
2025-12-25,TOTAL_SD_ACCOUNT_TJ,186.9,,GdsrNGTLImperial20251225.csv
2025-12-26,END_OF_DAY_LINEPACK,21407.0,,GdsrNGTLImperial20251226.csv
2025-12-26,LINEPACK_CHANGE_24H,304.0,,GdsrNGTLImperial20251226.csv
2025-12-26,LINEPACK_RATE_OF_CHANGE,125.0,,GdsrNGTLImperial20251226.csv
2025-12-26,LINEPACK_TARGET,21012.0,,GdsrNGTLImperial20251226.csv
2025-12-26,NGTL_FIELD_RECEIPTS,14088.0,,GdsrNGTLImperial20251226.csv
2025-12-26,TOLERANCE,,0/2 (%),GdsrNGTLImperial20251226.csv
2025-12-26,TOLERANCE_LAST_CHANGED,,2025-Dec-1 at 08:00,GdsrNGTLImperial20251226.csv
2025-12-26,TOTAL_OBA_ACCOUNT_TJ,362.5,,GdsrNGTLImperial20251226.csv
2025-12-26,TOTAL_SD_ACCOUNT_TJ,389.2,,GdsrNGTLImperial20251226.csv
2025-12-27,END_OF_DAY_LINEPACK,21005.0,,GdsrNGTLImperial20251227.csv
2025-12-27,LINEPACK_CHANGE_24H,-402.0,,GdsrNGTLImperial20251227.csv
2025-12-27,LINEPACK_RATE_OF_CHANGE,-764.0,,GdsrNGTLImperial20251227.csv
2025-12-27,LINEPACK_TARGET,21012.0,,GdsrNGTLImperial20251227.csv
2025-12-27,NGTL_FIELD_RECEIPTS,13649.0,,GdsrNGTLImperial20251227.csv
2025-12-27,TOLERANCE,,0/2 (%),GdsrNGTLImperial20251227.csv
2025-12-27,TOLERANCE_LAST_CHANGED,,2025-Dec-1 at 08:00,GdsrNGTLImperial20251227.csv
2025-12-27,TOTAL_OBA_ACCOUNT_TJ,296.3,,GdsrNGTLImperial20251227.csv
2025-12-27,TOTAL_SD_ACCOUNT_TJ,168.0,,GdsrNGTLImperial20251227.csv
2025-12-28,END_OF_DAY_LINEPACK,21351.0,,GdsrNGTLImperial20251228.csv
2025-12-28,LINEPACK_CHANGE_24H,346.0,,GdsrNGTLImperial20251228.csv
2025-12-28,LINEPACK_RATE_OF_CHANGE,774.0,,GdsrNGTLImperial20251228.csv
2025-12-28,LINEPACK_TARGET,21012.0,,GdsrNGTLImperial20251228.csv
2025-12-28,NGTL_FIELD_RECEIPTS,13962.0,,GdsrNGTLImperial20251228.csv
2025-12-28,TOLERANCE,,0/2 (%),GdsrNGTLImperial20251228.csv
2025-12-28,TOLERANCE_LAST_CHANGED,,2025-Dec-1 at 08:00,GdsrNGTLImperial20251228.csv
2025-12-28,TOTAL_OBA_ACCOUNT_TJ,258.2,,GdsrNGTLImperial20251228.csv
2025-12-28,TOTAL_SD_ACCOUNT_TJ,475.8,,GdsrNGTLImperial20251228.csv
2025-12-29,END_OF_DAY_LINEPACK,21508.0,,GdsrNGTLImperial20251229.csv
2025-12-29,LINEPACK_CHANGE_24H,157.0,,GdsrNGTLImperial20251229.csv
2025-12-29,LINEPACK_RATE_OF_CHANGE,163.0,,GdsrNGTLImperial20251229.csv
2025-12-29,LINEPACK_TARGET,21012.0,,GdsrNGTLImperial20251229.csv
2025-12-29,NGTL_FIELD_RECEIPTS,14188.0,,GdsrNGTLImperial20251229.csv
2025-12-29,TOLERANCE,,0/2 (%),GdsrNGTLImperial20251229.csv
2025-12-29,TOLERANCE_LAST_CHANGED,,2025-Dec-1 at 08:00,GdsrNGTLImperial20251229.csv
2025-12-29,TOTAL_OBA_ACCOUNT_TJ,383.4,,GdsrNGTLImperial20251229.csv
2025-12-29,TOTAL_SD_ACCOUNT_TJ,491.1,,GdsrNGTLImperial20251229.csv
2025-12-30,END_OF_DAY_LINEPACK,21361.0,,GdsrNGTLImperial20251230.csv
2025-12-30,LINEPACK_CHANGE_24H,-147.0,,GdsrNGTLImperial20251230.csv
2025-12-30,LINEPACK_RATE_OF_CHANGE,-409.0,,GdsrNGTLImperial20251230.csv
2025-12-30,LINEPACK_TARGET,21012.0,,GdsrNGTLImperial20251230.csv
2025-12-30,NGTL_FIELD_RECEIPTS,14430.0,,GdsrNGTLImperial20251230.csv
2025-12-30,TOLERANCE,,0/2 (%),GdsrNGTLImperial20251230.csv
2025-12-30,TOLERANCE_LAST_CHANGED,,2025-Dec-1 at 08:00,GdsrNGTLImperial20251230.csv
2025-12-30,TOTAL_OBA_ACCOUNT_TJ,273.2,,GdsrNGTLImperial20251230.csv
2025-12-30,TOTAL_SD_ACCOUNT_TJ,349.4,,GdsrNGTLImperial20251230.csv
2025-12-31,END_OF_DAY_LINEPACK,21088.0,,GdsrNGTLImperial20251231.csv
2025-12-31,LINEPACK_CHANGE_24H,-272.0,,GdsrNGTLImperial20251231.csv
2025-12-31,LINEPACK_RATE_OF_CHANGE,-430.0,,GdsrNGTLImperial20251231.csv
2025-12-31,LINEPACK_TARGET,21012.0,,GdsrNGTLImperial20251231.csv
2025-12-31,NGTL_FIELD_RECEIPTS,14402.0,,GdsrNGTLImperial20251231.csv
2025-12-31,TOLERANCE,,0/2 (%),GdsrNGTLImperial20251231.csv
2025-12-31,TOLERANCE_LAST_CHANGED,,2025-Dec-1 at 08:00,GdsrNGTLImperial20251231.csv
2025-12-31,TOTAL_OBA_ACCOUNT_TJ,52.3,,GdsrNGTLImperial20251231.csv
2025-12-31,TOTAL_SD_ACCOUNT_TJ,77.1,,GdsrNGTLImperial20251231.csv
2026-01-01,END_OF_DAY_LINEPACK,21027.0,,GdsrNGTLImperial20260101.csv
2026-01-01,LINEPACK_CHANGE_24H,-62.0,,GdsrNGTLImperial20260101.csv
2026-01-01,LINEPACK_RATE_OF_CHANGE,18.0,,GdsrNGTLImperial20260101.csv
2026-01-01,LINEPACK_TARGET,21012.0,,GdsrNGTLImperial20260101.csv
2026-01-01,NGTL_FIELD_RECEIPTS,14354.0,,GdsrNGTLImperial20260101.csv
2026-01-01,TOLERANCE,,0/2 (%),GdsrNGTLImperial20260101.csv
2026-01-01,TOLERANCE_LAST_CHANGED,,2025-Dec-1 at 08:00,GdsrNGTLImperial20260101.csv
2026-01-01,TOTAL_OBA_ACCOUNT_TJ,-115.8,,GdsrNGTLImperial20260101.csv
2026-01-01,TOTAL_SD_ACCOUNT_TJ,-375.8,,GdsrNGTLImperial20260101.csv
2026-01-02,END_OF_DAY_LINEPACK,20978.0,,GdsrNGTLImperial20260102.csv
2026-01-02,LINEPACK_CHANGE_24H,-49.0,,GdsrNGTLImperial20260102.csv
2026-01-02,LINEPACK_RATE_OF_CHANGE,-195.0,,GdsrNGTLImperial20260102.csv
2026-01-02,LINEPACK_TARGET,21012.0,,GdsrNGTLImperial20260102.csv
2026-01-02,NGTL_FIELD_RECEIPTS,14141.0,,GdsrNGTLImperial20260102.csv
2026-01-02,TOLERANCE,,0/2 (%),GdsrNGTLImperial20260102.csv
2026-01-02,TOLERANCE_LAST_CHANGED,,2025-Dec-1 at 08:00,GdsrNGTLImperial20260102.csv
2026-01-02,TOTAL_OBA_ACCOUNT_TJ,-109.7,,GdsrNGTLImperial20260102.csv
2026-01-02,TOTAL_SD_ACCOUNT_TJ,42.2,,GdsrNGTLImperial20260102.csv
2026-01-03,END_OF_DAY_LINEPACK,21159.0,,GdsrNGTLImperial20260103.csv
2026-01-03,LINEPACK_CHANGE_24H,181.0,,GdsrNGTLImperial20260103.csv
2026-01-03,LINEPACK_RATE_OF_CHANGE,-186.0,,GdsrNGTLImperial20260103.csv
2026-01-03,LINEPACK_TARGET,21012.0,,GdsrNGTLImperial20260103.csv
2026-01-03,NGTL_FIELD_RECEIPTS,13897.0,,GdsrNGTLImperial20260103.csv
2026-01-03,TOLERANCE,,0/2 (%),GdsrNGTLImperial20260103.csv
2026-01-03,TOLERANCE_LAST_CHANGED,,2025-Dec-1 at 08:00,GdsrNGTLImperial20260103.csv
2026-01-03,TOTAL_OBA_ACCOUNT_TJ,53.6,,GdsrNGTLImperial20260103.csv
2026-01-03,TOTAL_SD_ACCOUNT_TJ,270.1,,GdsrNGTLImperial20260103.csv
2026-01-04,END_OF_DAY_LINEPACK,20940.0,,GdsrNGTLImperial20260104.csv
2026-01-04,LINEPACK_CHANGE_24H,-219.0,,GdsrNGTLImperial20260104.csv
2026-01-04,LINEPACK_RATE_OF_CHANGE,-405.0,,GdsrNGTLImperial20260104.csv
2026-01-04,LINEPACK_TARGET,21012.0,,GdsrNGTLImperial20260104.csv
2026-01-04,NGTL_FIELD_RECEIPTS,14144.0,,GdsrNGTLImperial20260104.csv
2026-01-04,TOLERANCE,,0/2 (%),GdsrNGTLImperial20260104.csv
2026-01-04,TOLERANCE_LAST_CHANGED,,2025-Dec-1 at 08:00,GdsrNGTLImperial20260104.csv
2026-01-04,TOTAL_OBA_ACCOUNT_TJ,-229.9,,GdsrNGTLImperial20260104.csv
2026-01-04,TOTAL_SD_ACCOUNT_TJ,165.3,,GdsrNGTLImperial20260104.csv
2026-01-05,END_OF_DAY_LINEPACK,21043.0,,GdsrNGTLImperial20260105.csv
2026-01-05,LINEPACK_CHANGE_24H,103.0,,GdsrNGTLImperial20260105.csv
2026-01-05,LINEPACK_RATE_OF_CHANGE,712.0,,GdsrNGTLImperial20260105.csv
2026-01-05,LINEPACK_TARGET,21012.0,,GdsrNGTLImperial20260105.csv
2026-01-05,NGTL_FIELD_RECEIPTS,14152.0,,GdsrNGTLImperial20260105.csv
2026-01-05,TOLERANCE,,0/2 (%),GdsrNGTLImperial20260105.csv
2026-01-05,TOLERANCE_LAST_CHANGED,,2025-Dec-1 at 08:00,GdsrNGTLImperial20260105.csv
2026-01-05,TOTAL_OBA_ACCOUNT_TJ,-209.4,,GdsrNGTLImperial20260105.csv
2026-01-05,TOTAL_SD_ACCOUNT_TJ,194.2,,GdsrNGTLImperial20260105.csv
2026-01-06,END_OF_DAY_LINEPACK,21602.0,,GdsrNGTLImperial20260106.csv
2026-01-06,LINEPACK_CHANGE_24H,559.0,,GdsrNGTLImperial20260106.csv
2026-01-06,LINEPACK_RATE_OF_CHANGE,108.0,,GdsrNGTLImperial20260106.csv
2026-01-06,LINEPACK_TARGET,21012.0,,GdsrNGTLImperial20260106.csv
2026-01-06,NGTL_FIELD_RECEIPTS,14221.0,,GdsrNGTLImperial20260106.csv
2026-01-06,TOLERANCE,,0/2 (%),GdsrNGTLImperial20260106.csv
2026-01-06,TOLERANCE_LAST_CHANGED,,2025-Dec-1 at 08:00,GdsrNGTLImperial20260106.csv
2026-01-06,TOTAL_OBA_ACCOUNT_TJ,142.0,,GdsrNGTLImperial20260106.csv
2026-01-06,TOTAL_SD_ACCOUNT_TJ,529.7,,GdsrNGTLImperial20260106.csv
2026-01-07,END_OF_DAY_LINEPACK,21442.0,,GdsrNGTLImperial20260107.csv
2026-01-07,LINEPACK_CHANGE_24H,-161.0,,GdsrNGTLImperial20260107.csv
2026-01-07,LINEPACK_RATE_OF_CHANGE,-25.0,,GdsrNGTLImperial20260107.csv
2026-01-07,LINEPACK_TARGET,21012.0,,GdsrNGTLImperial20260107.csv
2026-01-07,NGTL_FIELD_RECEIPTS,14215.0,,GdsrNGTLImperial20260107.csv
2026-01-07,TOLERANCE,,0/2 (%),GdsrNGTLImperial20260107.csv
2026-01-07,TOLERANCE_LAST_CHANGED,,2025-Dec-1 at 08:00,GdsrNGTLImperial20260107.csv
2026-01-07,TOTAL_OBA_ACCOUNT_TJ,22.1,,GdsrNGTLImperial20260107.csv
2026-01-07,TOTAL_SD_ACCOUNT_TJ,333.2,,GdsrNGTLImperial20260107.csv
2026-01-08,END_OF_DAY_LINEPACK,21185.0,,GdsrNGTLImperial20260108.csv
2026-01-08,LINEPACK_CHANGE_24H,-257.0,,GdsrNGTLImperial20260108.csv
2026-01-08,LINEPACK_RATE_OF_CHANGE,-254.0,,GdsrNGTLImperial20260108.csv
2026-01-08,LINEPACK_TARGET,21012.0,,GdsrNGTLImperial20260108.csv
2026-01-08,NGTL_FIELD_RECEIPTS,14291.0,,GdsrNGTLImperial20260108.csv
2026-01-08,TOLERANCE,,-1/1 (%),GdsrNGTLImperial20260108.csv
2026-01-08,TOLERANCE_LAST_CHANGED,,2026-Jan-8 at 08:00,GdsrNGTLImperial20260108.csv
2026-01-08,TOTAL_OBA_ACCOUNT_TJ,-12.5,,GdsrNGTLImperial20260108.csv
2026-01-08,TOTAL_SD_ACCOUNT_TJ,-251.1,,GdsrNGTLImperial20260108.csv
2026-01-09,END_OF_DAY_LINEPACK,21190.0,,GdsrNGTLImperial20260109.csv
2026-01-09,LINEPACK_CHANGE_24H,6.0,,GdsrNGTLImperial20260109.csv
2026-01-09,LINEPACK_RATE_OF_CHANGE,220.0,,GdsrNGTLImperial20260109.csv
2026-01-09,LINEPACK_TARGET,21012.0,,GdsrNGTLImperial20260109.csv
2026-01-09,NGTL_FIELD_RECEIPTS,14456.0,,GdsrNGTLImperial20260109.csv
2026-01-09,TOLERANCE,,-1/1 (%),GdsrNGTLImperial20260109.csv
2026-01-09,TOLERANCE_LAST_CHANGED,,2026-Jan-8 at 08:00,GdsrNGTLImperial20260109.csv
2026-01-09,TOTAL_OBA_ACCOUNT_TJ,149.2,,GdsrNGTLImperial20260109.csv
2026-01-09,TOTAL_SD_ACCOUNT_TJ,-279.5,,GdsrNGTLImperial20260109.csv
2026-01-10,END_OF_DAY_LINEPACK,21664.0,,GdsrNGTLImperial20260110.csv
2026-01-10,LINEPACK_CHANGE_24H,473.0,,GdsrNGTLImperial20260110.csv
2026-01-10,LINEPACK_RATE_OF_CHANGE,599.0,,GdsrNGTLImperial20260110.csv
2026-01-10,LINEPACK_TARGET,21012.0,,GdsrNGTLImperial20260110.csv
2026-01-10,NGTL_FIELD_RECEIPTS,14696.0,,GdsrNGTLImperial20260110.csv
2026-01-10,TOLERANCE,,-1/1 (%),GdsrNGTLImperial20260110.csv
2026-01-10,TOLERANCE_LAST_CHANGED,,2026-Jan-8 at 08:00,GdsrNGTLImperial20260110.csv
2026-01-10,TOTAL_OBA_ACCOUNT_TJ,78.9,,GdsrNGTLImperial20260110.csv
2026-01-10,TOTAL_SD_ACCOUNT_TJ,288.3,,GdsrNGTLImperial20260110.csv
2026-01-11,END_OF_DAY_LINEPACK,21629.0,,GdsrNGTLImperial20260111.csv
2026-01-11,LINEPACK_CHANGE_24H,-35.0,,GdsrNGTLImperial20260111.csv
2026-01-11,LINEPACK_RATE_OF_CHANGE,-168.0,,GdsrNGTLImperial20260111.csv
2026-01-11,LINEPACK_TARGET,21012.0,,GdsrNGTLImperial20260111.csv
2026-01-11,NGTL_FIELD_RECEIPTS,14623.0,,GdsrNGTLImperial20260111.csv
2026-01-11,TOLERANCE,,-1/1 (%),GdsrNGTLImperial20260111.csv
2026-01-11,TOLERANCE_LAST_CHANGED,,2026-Jan-8 at 08:00,GdsrNGTLImperial20260111.csv
2026-01-11,TOTAL_OBA_ACCOUNT_TJ,290.3,,GdsrNGTLImperial20260111.csv
2026-01-11,TOTAL_SD_ACCOUNT_TJ,-43.6,,GdsrNGTLImperial20260111.csv
2026-01-12,END_OF_DAY_LINEPACK,21070.0,,GdsrNGTLImperial20260112.csv
2026-01-12,LINEPACK_CHANGE_24H,-559.0,,GdsrNGTLImperial20260112.csv
2026-01-12,LINEPACK_RATE_OF_CHANGE,-92.0,,GdsrNGTLImperial20260112.csv
2026-01-12,LINEPACK_TARGET,21012.0,,GdsrNGTLImperial20260112.csv
2026-01-12,NGTL_FIELD_RECEIPTS,14695.0,,GdsrNGTLImperial20260112.csv
2026-01-12,TOLERANCE,,-2/0 (%),GdsrNGTLImperial20260112.csv
2026-01-12,TOLERANCE_LAST_CHANGED,,2026-Jan-12 at 08:00,GdsrNGTLImperial20260112.csv
2026-01-12,TOTAL_OBA_ACCOUNT_TJ,45.2,,GdsrNGTLImperial20260112.csv
2026-01-12,TOTAL_SD_ACCOUNT_TJ,-225.0,,GdsrNGTLImperial20260112.csv
2026-01-13,END_OF_DAY_LINEPACK,21063.0,,GdsrNGTLImperial20260113.csv
2026-01-13,LINEPACK_CHANGE_24H,-6.0,,GdsrNGTLImperial20260113.csv
2026-01-13,LINEPACK_RATE_OF_CHANGE,282.0,,GdsrNGTLImperial20260113.csv
2026-01-13,LINEPACK_TARGET,21012.0,,GdsrNGTLImperial20260113.csv
2026-01-13,NGTL_FIELD_RECEIPTS,14851.0,,GdsrNGTLImperial20260113.csv
2026-01-13,TOLERANCE,,-2/0 (%),GdsrNGTLImperial20260113.csv
2026-01-13,TOLERANCE_LAST_CHANGED,,2026-Jan-12 at 08:00,GdsrNGTLImperial20260113.csv
2026-01-13,TOTAL_OBA_ACCOUNT_TJ,96.5,,GdsrNGTLImperial20260113.csv
2026-01-13,TOTAL_SD_ACCOUNT_TJ,-285.5,,GdsrNGTLImperial20260113.csv
2026-01-14,END_OF_DAY_LINEPACK,20993.0,,GdsrNGTLImperial20260114.csv
2026-01-14,LINEPACK_CHANGE_24H,-70.0,,GdsrNGTLImperial20260114.csv
2026-01-14,LINEPACK_RATE_OF_CHANGE,193.0,,GdsrNGTLImperial20260114.csv
2026-01-14,LINEPACK_TARGET,21012.0,,GdsrNGTLImperial20260114.csv
2026-01-14,NGTL_FIELD_RECEIPTS,14585.0,,GdsrNGTLImperial20260114.csv
2026-01-14,TOLERANCE,,-2/0 (%),GdsrNGTLImperial20260114.csv
2026-01-14,TOLERANCE_LAST_CHANGED,,2026-Jan-12 at 08:00,GdsrNGTLImperial20260114.csv
2026-01-14,TOTAL_OBA_ACCOUNT_TJ,101.6,,GdsrNGTLImperial20260114.csv
2026-01-14,TOTAL_SD_ACCOUNT_TJ,-308.7,,GdsrNGTLImperial20260114.csv
2026-01-15,END_OF_DAY_LINEPACK,20903.0,,GdsrNGTLImperial20260115.csv
2026-01-15,LINEPACK_CHANGE_24H,-90.0,,GdsrNGTLImperial20260115.csv
2026-01-15,LINEPACK_RATE_OF_CHANGE,-264.0,,GdsrNGTLImperial20260115.csv
2026-01-15,LINEPACK_TARGET,21012.0,,GdsrNGTLImperial20260115.csv
2026-01-15,NGTL_FIELD_RECEIPTS,14376.0,,GdsrNGTLImperial20260115.csv
2026-01-15,TOLERANCE,,-2/0 (%),GdsrNGTLImperial20260115.csv
2026-01-15,TOLERANCE_LAST_CHANGED,,2026-Jan-12 at 08:00,GdsrNGTLImperial20260115.csv
2026-01-15,TOTAL_OBA_ACCOUNT_TJ,-235.6,,GdsrNGTLImperial20260115.csv
2026-01-15,TOTAL_SD_ACCOUNT_TJ,-271.5,,GdsrNGTLImperial20260115.csv
2026-01-16,END_OF_DAY_LINEPACK,20844.0,,GdsrNGTLImperial20260116.csv
2026-01-16,LINEPACK_CHANGE_24H,-59.0,,GdsrNGTLImperial20260116.csv
2026-01-16,LINEPACK_RATE_OF_CHANGE,88.0,,GdsrNGTLImperial20260116.csv
2026-01-16,LINEPACK_TARGET,21012.0,,GdsrNGTLImperial20260116.csv
2026-01-16,NGTL_FIELD_RECEIPTS,14361.0,,GdsrNGTLImperial20260116.csv
2026-01-16,TOLERANCE,,-2/0 (%),GdsrNGTLImperial20260116.csv
2026-01-16,TOLERANCE_LAST_CHANGED,,2026-Jan-12 at 08:00,GdsrNGTLImperial20260116.csv
2026-01-16,TOTAL_OBA_ACCOUNT_TJ,-424.9,,GdsrNGTLImperial20260116.csv
2026-01-16,TOTAL_SD_ACCOUNT_TJ,-361.6,,GdsrNGTLImperial20260116.csv
2026-01-17,END_OF_DAY_LINEPACK,21230.0,,GdsrNGTLImperial20260117.csv
2026-01-17,LINEPACK_CHANGE_24H,386.0,,GdsrNGTLImperial20260117.csv
2026-01-17,LINEPACK_RATE_OF_CHANGE,168.0,,GdsrNGTLImperial20260117.csv
2026-01-17,LINEPACK_TARGET,21012.0,,GdsrNGTLImperial20260117.csv
2026-01-17,NGTL_FIELD_RECEIPTS,14446.0,,GdsrNGTLImperial20260117.csv
2026-01-17,TOLERANCE,,-2/0 (%),GdsrNGTLImperial20260117.csv
2026-01-17,TOLERANCE_LAST_CHANGED,,2026-Jan-12 at 08:00,GdsrNGTLImperial20260117.csv
2026-01-17,TOTAL_OBA_ACCOUNT_TJ,-225.1,,GdsrNGTLImperial20260117.csv
2026-01-17,TOTAL_SD_ACCOUNT_TJ,-208.6,,GdsrNGTLImperial20260117.csv
2026-01-18,END_OF_DAY_LINEPACK,20919.0,,GdsrNGTLImperial20260118.csv
2026-01-18,LINEPACK_CHANGE_24H,-311.0,,GdsrNGTLImperial20260118.csv
2026-01-18,LINEPACK_RATE_OF_CHANGE,-264.0,,GdsrNGTLImperial20260118.csv
2026-01-18,LINEPACK_TARGET,21012.0,,GdsrNGTLImperial20260118.csv
2026-01-18,NGTL_FIELD_RECEIPTS,14479.0,,GdsrNGTLImperial20260118.csv
2026-01-18,TOLERANCE,,-2/0 (%),GdsrNGTLImperial20260118.csv
2026-01-18,TOLERANCE_LAST_CHANGED,,2026-Jan-12 at 08:00,GdsrNGTLImperial20260118.csv
2026-01-18,TOTAL_OBA_ACCOUNT_TJ,-395.8,,GdsrNGTLImperial20260118.csv
2026-01-18,TOTAL_SD_ACCOUNT_TJ,-433.5,,GdsrNGTLImperial20260118.csv
2026-01-19,END_OF_DAY_LINEPACK,20650.0,,GdsrNGTLImperial20260119.csv
2026-01-19,LINEPACK_CHANGE_24H,-269.0,,GdsrNGTLImperial20260119.csv
2026-01-19,LINEPACK_RATE_OF_CHANGE,-231.0,,GdsrNGTLImperial20260119.csv
2026-01-19,LINEPACK_TARGET,21012.0,,GdsrNGTLImperial20260119.csv
2026-01-19,NGTL_FIELD_RECEIPTS,14317.0,,GdsrNGTLImperial20260119.csv
2026-01-19,TOLERANCE,,-2/0 (%),GdsrNGTLImperial20260119.csv
2026-01-19,TOLERANCE_LAST_CHANGED,,2026-Jan-12 at 08:00,GdsrNGTLImperial20260119.csv
2026-01-19,TOTAL_OBA_ACCOUNT_TJ,-497.4,,GdsrNGTLImperial20260119.csv
2026-01-19,TOTAL_SD_ACCOUNT_TJ,-338.6,,GdsrNGTLImperial20260119.csv
2026-01-20,END_OF_DAY_LINEPACK,20808.0,,GdsrNGTLImperial20260120.csv
2026-01-20,LINEPACK_CHANGE_24H,158.0,,GdsrNGTLImperial20260120.csv
2026-01-20,LINEPACK_RATE_OF_CHANGE,75.0,,GdsrNGTLImperial20260120.csv
2026-01-20,LINEPACK_TARGET,21012.0,,GdsrNGTLImperial20260120.csv
2026-01-20,NGTL_FIELD_RECEIPTS,14220.0,,GdsrNGTLImperial20260120.csv
2026-01-20,TOLERANCE,,-2/0 (%),GdsrNGTLImperial20260120.csv
2026-01-20,TOLERANCE_LAST_CHANGED,,2026-Jan-12 at 08:00,GdsrNGTLImperial20260120.csv
2026-01-20,TOTAL_OBA_ACCOUNT_TJ,-485.7,,GdsrNGTLImperial20260120.csv
2026-01-20,TOTAL_SD_ACCOUNT_TJ,-322.0,,GdsrNGTLImperial20260120.csv
2026-01-21,END_OF_DAY_LINEPACK,20694.0,,GdsrNGTLImperial20260121.csv
2026-01-21,LINEPACK_CHANGE_24H,-114.0,,GdsrNGTLImperial20260121.csv
2026-01-21,LINEPACK_RATE_OF_CHANGE,-653.0,,GdsrNGTLImperial20260121.csv
2026-01-21,LINEPACK_TARGET,21012.0,,GdsrNGTLImperial20260121.csv
2026-01-21,NGTL_FIELD_RECEIPTS,14307.0,,GdsrNGTLImperial20260121.csv
2026-01-21,TOLERANCE,,-2/0 (%),GdsrNGTLImperial20260121.csv
2026-01-21,TOLERANCE_LAST_CHANGED,,2026-Jan-12 at 08:00,GdsrNGTLImperial20260121.csv
2026-01-21,TOTAL_OBA_ACCOUNT_TJ,-499.1,,GdsrNGTLImperial20260121.csv
2026-01-21,TOTAL_SD_ACCOUNT_TJ,-359.0,,GdsrNGTLImperial20260121.csv
2026-01-22,END_OF_DAY_LINEPACK,20482.0,,GdsrNGTLImperial20260122.csv
2026-01-22,LINEPACK_CHANGE_24H,-212.0,,GdsrNGTLImperial20260122.csv
2026-01-22,LINEPACK_RATE_OF_CHANGE,-356.0,,GdsrNGTLImperial20260122.csv
2026-01-22,LINEPACK_TARGET,21012.0,,GdsrNGTLImperial20260122.csv
2026-01-22,NGTL_FIELD_RECEIPTS,13992.0,,GdsrNGTLImperial20260122.csv
2026-01-22,TOLERANCE,,-2/0 (%),GdsrNGTLImperial20260122.csv
2026-01-22,TOLERANCE_LAST_CHANGED,,2026-Jan-12 at 08:00,GdsrNGTLImperial20260122.csv
2026-01-22,TOTAL_OBA_ACCOUNT_TJ,-627.8,,GdsrNGTLImperial20260122.csv
2026-01-22,TOTAL_SD_ACCOUNT_TJ,-515.5,,GdsrNGTLImperial20260122.csv
2026-01-23,END_OF_DAY_LINEPACK,20941.0,,GdsrNGTLImperial20260123.csv
2026-01-23,LINEPACK_CHANGE_24H,459.0,,GdsrNGTLImperial20260123.csv
2026-01-23,LINEPACK_RATE_OF_CHANGE,718.0,,GdsrNGTLImperial20260123.csv
2026-01-23,LINEPACK_TARGET,21012.0,,GdsrNGTLImperial20260123.csv
2026-01-23,NGTL_FIELD_RECEIPTS,14183.0,,GdsrNGTLImperial20260123.csv
2026-01-23,TOLERANCE,,-2/0 (%),GdsrNGTLImperial20260123.csv
2026-01-23,TOLERANCE_LAST_CHANGED,,2026-Jan-12 at 08:00,GdsrNGTLImperial20260123.csv
2026-01-23,TOTAL_OBA_ACCOUNT_TJ,-438.3,,GdsrNGTLImperial20260123.csv
2026-01-23,TOTAL_SD_ACCOUNT_TJ,18.7,,GdsrNGTLImperial20260123.csv
2026-01-24,END_OF_DAY_LINEPACK,20811.0,,GdsrNGTLImperial20260124.csv
2026-01-24,LINEPACK_CHANGE_24H,-130.0,,GdsrNGTLImperial20260124.csv
2026-01-24,LINEPACK_RATE_OF_CHANGE,-558.0,,GdsrNGTLImperial20260124.csv
2026-01-24,LINEPACK_TARGET,21012.0,,GdsrNGTLImperial20260124.csv
2026-01-24,NGTL_FIELD_RECEIPTS,14670.0,,GdsrNGTLImperial20260124.csv
2026-01-24,TOLERANCE,,-2/0 (%),GdsrNGTLImperial20260124.csv
2026-01-24,TOLERANCE_LAST_CHANGED,,2026-Jan-12 at 08:00,GdsrNGTLImperial20260124.csv
2026-01-24,TOTAL_OBA_ACCOUNT_TJ,-128.5,,GdsrNGTLImperial20260124.csv
2026-01-24,TOTAL_SD_ACCOUNT_TJ,-342.1,,GdsrNGTLImperial20260124.csv
2026-01-25,END_OF_DAY_LINEPACK,20929.0,,GdsrNGTLImperial20260125.csv
2026-01-25,LINEPACK_CHANGE_24H,118.0,,GdsrNGTLImperial20260125.csv
2026-01-25,LINEPACK_RATE_OF_CHANGE,-55.0,,GdsrNGTLImperial20260125.csv
2026-01-25,LINEPACK_TARGET,21012.0,,GdsrNGTLImperial20260125.csv
2026-01-25,NGTL_FIELD_RECEIPTS,14942.0,,GdsrNGTLImperial20260125.csv
2026-01-25,TOLERANCE,,-2/0 (%),GdsrNGTLImperial20260125.csv
2026-01-25,TOLERANCE_LAST_CHANGED,,2026-Jan-12 at 08:00,GdsrNGTLImperial20260125.csv
2026-01-25,TOTAL_OBA_ACCOUNT_TJ,-140.7,,GdsrNGTLImperial20260125.csv
2026-01-25,TOTAL_SD_ACCOUNT_TJ,-112.7,,GdsrNGTLImperial20260125.csv
2026-01-26,END_OF_DAY_LINEPACK,20638.0,,GdsrNGTLImperial20260126.csv
2026-01-26,LINEPACK_CHANGE_24H,-291.0,,GdsrNGTLImperial20260126.csv
2026-01-26,LINEPACK_RATE_OF_CHANGE,-5.0,,GdsrNGTLImperial20260126.csv
2026-01-26,LINEPACK_TARGET,21012.0,,GdsrNGTLImperial20260126.csv
2026-01-26,NGTL_FIELD_RECEIPTS,14599.0,,GdsrNGTLImperial20260126.csv
2026-01-26,TOLERANCE,,-2/0 (%),GdsrNGTLImperial20260126.csv
2026-01-26,TOLERANCE_LAST_CHANGED,,2026-Jan-12 at 08:00,GdsrNGTLImperial20260126.csv
2026-01-26,TOTAL_OBA_ACCOUNT_TJ,-280.1,,GdsrNGTLImperial20260126.csv
2026-01-26,TOTAL_SD_ACCOUNT_TJ,-373.2,,GdsrNGTLImperial20260126.csv
2026-01-27,END_OF_DAY_LINEPACK,20779.0,,GdsrNGTLImperial20260127.csv
2026-01-27,LINEPACK_CHANGE_24H,141.0,,GdsrNGTLImperial20260127.csv
2026-01-27,LINEPACK_RATE_OF_CHANGE,481.0,,GdsrNGTLImperial20260127.csv
2026-01-27,LINEPACK_TARGET,21012.0,,GdsrNGTLImperial20260127.csv
2026-01-27,NGTL_FIELD_RECEIPTS,14741.0,,GdsrNGTLImperial20260127.csv
2026-01-27,TOLERANCE,,-2/0 (%),GdsrNGTLImperial20260127.csv
2026-01-27,TOLERANCE_LAST_CHANGED,,2026-Jan-12 at 08:00,GdsrNGTLImperial20260127.csv
2026-01-27,TOTAL_OBA_ACCOUNT_TJ,-189.6,,GdsrNGTLImperial20260127.csv
2026-01-27,TOTAL_SD_ACCOUNT_TJ,-61.8,,GdsrNGTLImperial20260127.csv
2026-01-28,END_OF_DAY_LINEPACK,20828.0,,GdsrNGTLImperial20260128.csv
2026-01-28,LINEPACK_CHANGE_24H,49.0,,GdsrNGTLImperial20260128.csv
2026-01-28,LINEPACK_RATE_OF_CHANGE,109.0,,GdsrNGTLImperial20260128.csv
2026-01-28,LINEPACK_TARGET,21012.0,,GdsrNGTLImperial20260128.csv
2026-01-28,NGTL_FIELD_RECEIPTS,14718.0,,GdsrNGTLImperial20260128.csv
2026-01-28,TOLERANCE,,-2/0 (%),GdsrNGTLImperial20260128.csv
2026-01-28,TOLERANCE_LAST_CHANGED,,2026-Jan-12 at 08:00,GdsrNGTLImperial20260128.csv
2026-01-28,TOTAL_OBA_ACCOUNT_TJ,60.8,,GdsrNGTLImperial20260128.csv
2026-01-28,TOTAL_SD_ACCOUNT_TJ,-381.8,,GdsrNGTLImperial20260128.csv
2026-01-29,END_OF_DAY_LINEPACK,20947.0,,GdsrNGTLImperial20260129.csv
2026-01-29,LINEPACK_CHANGE_24H,118.0,,GdsrNGTLImperial20260129.csv
2026-01-29,LINEPACK_RATE_OF_CHANGE,183.0,,GdsrNGTLImperial20260129.csv
2026-01-29,LINEPACK_TARGET,21012.0,,GdsrNGTLImperial20260129.csv
2026-01-29,NGTL_FIELD_RECEIPTS,14842.0,,GdsrNGTLImperial20260129.csv
2026-01-29,TOLERANCE,,-2/0 (%),GdsrNGTLImperial20260129.csv
2026-01-29,TOLERANCE_LAST_CHANGED,,2026-Jan-12 at 08:00,GdsrNGTLImperial20260129.csv
2026-01-29,TOTAL_OBA_ACCOUNT_TJ,90.0,,GdsrNGTLImperial20260129.csv
2026-01-29,TOTAL_SD_ACCOUNT_TJ,-306.8,,GdsrNGTLImperial20260129.csv
2026-01-30,END_OF_DAY_LINEPACK,20883.0,,GdsrNGTLImperial20260130.csv
2026-01-30,LINEPACK_CHANGE_24H,-64.0,,GdsrNGTLImperial20260130.csv
2026-01-30,LINEPACK_RATE_OF_CHANGE,297.0,,GdsrNGTLImperial20260130.csv
2026-01-30,LINEPACK_TARGET,21012.0,,GdsrNGTLImperial20260130.csv
2026-01-30,NGTL_FIELD_RECEIPTS,14624.0,,GdsrNGTLImperial20260130.csv
2026-01-30,TOLERANCE,,-2/0 (%),GdsrNGTLImperial20260130.csv
2026-01-30,TOLERANCE_LAST_CHANGED,,2026-Jan-12 at 08:00,GdsrNGTLImperial20260130.csv
2026-01-30,TOTAL_OBA_ACCOUNT_TJ,167.1,,GdsrNGTLImperial20260130.csv
2026-01-30,TOTAL_SD_ACCOUNT_TJ,-362.0,,GdsrNGTLImperial20260130.csv
2026-01-31,END_OF_DAY_LINEPACK,20984.0,,GdsrNGTLImperial20260131.csv
2026-01-31,LINEPACK_CHANGE_24H,101.0,,GdsrNGTLImperial20260131.csv
2026-01-31,LINEPACK_RATE_OF_CHANGE,104.0,,GdsrNGTLImperial20260131.csv
2026-01-31,LINEPACK_TARGET,21012.0,,GdsrNGTLImperial20260131.csv
2026-01-31,NGTL_FIELD_RECEIPTS,14427.0,,GdsrNGTLImperial20260131.csv
2026-01-31,TOLERANCE,,-2/0 (%),GdsrNGTLImperial20260131.csv
2026-01-31,TOLERANCE_LAST_CHANGED,,2026-Jan-12 at 08:00,GdsrNGTLImperial20260131.csv
2026-01-31,TOTAL_OBA_ACCOUNT_TJ,233.0,,GdsrNGTLImperial20260131.csv
2026-01-31,TOTAL_SD_ACCOUNT_TJ,-493.6,,GdsrNGTLImperial20260131.csv
2026-02-01,END_OF_DAY_LINEPACK,20959.0,,GdsrNGTLImperial20260201.csv
2026-02-01,LINEPACK_CHANGE_24H,-25.0,,GdsrNGTLImperial20260201.csv
2026-02-01,LINEPACK_RATE_OF_CHANGE,-356.0,,GdsrNGTLImperial20260201.csv
2026-02-01,LINEPACK_TARGET,21012.0,,GdsrNGTLImperial20260201.csv
2026-02-01,NGTL_FIELD_RECEIPTS,14364.0,,GdsrNGTLImperial20260201.csv
2026-02-01,TOLERANCE,,-2/0 (%),GdsrNGTLImperial20260201.csv
2026-02-01,TOLERANCE_LAST_CHANGED,,2026-Jan-12 at 08:00,GdsrNGTLImperial20260201.csv
2026-02-01,TOTAL_OBA_ACCOUNT_TJ,147.4,,GdsrNGTLImperial20260201.csv
2026-02-01,TOTAL_SD_ACCOUNT_TJ,-544.6,,GdsrNGTLImperial20260201.csv
2026-02-02,END_OF_DAY_LINEPACK,21420.0,,GdsrNGTLImperial20260202.csv
2026-02-02,LINEPACK_CHANGE_24H,461.0,,GdsrNGTLImperial20260202.csv
2026-02-02,LINEPACK_RATE_OF_CHANGE,535.0,,GdsrNGTLImperial20260202.csv
2026-02-02,LINEPACK_TARGET,21012.0,,GdsrNGTLImperial20260202.csv
2026-02-02,NGTL_FIELD_RECEIPTS,14618.0,,GdsrNGTLImperial20260202.csv
2026-02-02,TOLERANCE,,-2/0 (%),GdsrNGTLImperial20260202.csv
2026-02-02,TOLERANCE_LAST_CHANGED,,2026-Jan-12 at 08:00,GdsrNGTLImperial20260202.csv
2026-02-02,TOTAL_OBA_ACCOUNT_TJ,460.7,,GdsrNGTLImperial20260202.csv
2026-02-02,TOTAL_SD_ACCOUNT_TJ,-235.6,,GdsrNGTLImperial20260202.csv
2026-02-03,END_OF_DAY_LINEPACK,21094.0,,GdsrNGTLImperial20260203.csv
2026-02-03,LINEPACK_CHANGE_24H,-326.0,,GdsrNGTLImperial20260203.csv
2026-02-03,LINEPACK_RATE_OF_CHANGE,-86.0,,GdsrNGTLImperial20260203.csv
2026-02-03,LINEPACK_TARGET,21012.0,,GdsrNGTLImperial20260203.csv
2026-02-03,NGTL_FIELD_RECEIPTS,14469.0,,GdsrNGTLImperial20260203.csv
2026-02-03,TOLERANCE,,-2/0 (%),GdsrNGTLImperial20260203.csv
2026-02-03,TOLERANCE_LAST_CHANGED,,2026-Jan-12 at 08:00,GdsrNGTLImperial20260203.csv
2026-02-03,TOTAL_OBA_ACCOUNT_TJ,483.4,,GdsrNGTLImperial20260203.csv
2026-02-03,TOTAL_SD_ACCOUNT_TJ,-459.9,,GdsrNGTLImperial20260203.csv
2026-02-04,END_OF_DAY_LINEPACK,21539.0,,GdsrNGTLImperial20260204.csv
2026-02-04,LINEPACK_CHANGE_24H,445.0,,GdsrNGTLImperial20260204.csv
2026-02-04,LINEPACK_RATE_OF_CHANGE,652.0,,GdsrNGTLImperial20260204.csv
2026-02-04,LINEPACK_TARGET,21012.0,,GdsrNGTLImperial20260204.csv
2026-02-04,NGTL_FIELD_RECEIPTS,14662.0,,GdsrNGTLImperial20260204.csv
2026-02-04,TOLERANCE,,-2/0 (%),GdsrNGTLImperial20260204.csv
2026-02-04,TOLERANCE_LAST_CHANGED,,2026-Jan-12 at 08:00,GdsrNGTLImperial20260204.csv
2026-02-04,TOTAL_OBA_ACCOUNT_TJ,919.4,,GdsrNGTLImperial20260204.csv
2026-02-04,TOTAL_SD_ACCOUNT_TJ,-340.1,,GdsrNGTLImperial20260204.csv
2026-02-05,END_OF_DAY_LINEPACK,21629.0,,GdsrNGTLImperial20260205.csv
2026-02-05,LINEPACK_CHANGE_24H,90.0,,GdsrNGTLImperial20260205.csv
2026-02-05,LINEPACK_RATE_OF_CHANGE,-112.0,,GdsrNGTLImperial20260205.csv
2026-02-05,LINEPACK_TARGET,21012.0,,GdsrNGTLImperial20260205.csv
2026-02-05,NGTL_FIELD_RECEIPTS,14597.0,,GdsrNGTLImperial20260205.csv
2026-02-05,TOLERANCE,,-2/0 (%),GdsrNGTLImperial20260205.csv
2026-02-05,TOLERANCE_LAST_CHANGED,,2026-Jan-12 at 08:00,GdsrNGTLImperial20260205.csv
2026-02-05,TOTAL_OBA_ACCOUNT_TJ,953.4,,GdsrNGTLImperial20260205.csv
2026-02-05,TOTAL_SD_ACCOUNT_TJ,-411.7,,GdsrNGTLImperial20260205.csv
2026-02-06,END_OF_DAY_LINEPACK,21372.0,,GdsrNGTLImperial20260206.csv
2026-02-06,LINEPACK_CHANGE_24H,-257.0,,GdsrNGTLImperial20260206.csv
2026-02-06,LINEPACK_RATE_OF_CHANGE,-212.0,,GdsrNGTLImperial20260206.csv
2026-02-06,LINEPACK_TARGET,21012.0,,GdsrNGTLImperial20260206.csv
2026-02-06,NGTL_FIELD_RECEIPTS,14549.0,,GdsrNGTLImperial20260206.csv
2026-02-06,TOLERANCE,,-2/0 (%),GdsrNGTLImperial20260206.csv
2026-02-06,TOLERANCE_LAST_CHANGED,,2026-Jan-12 at 08:00,GdsrNGTLImperial20260206.csv
2026-02-06,TOTAL_OBA_ACCOUNT_TJ,992.0,,GdsrNGTLImperial20260206.csv
2026-02-06,TOTAL_SD_ACCOUNT_TJ,-449.9,,GdsrNGTLImperial20260206.csv
2026-02-07,END_OF_DAY_LINEPACK,21295.0,,GdsrNGTLImperial20260207.csv
2026-02-07,LINEPACK_CHANGE_24H,-78.0,,GdsrNGTLImperial20260207.csv
2026-02-07,LINEPACK_RATE_OF_CHANGE,82.0,,GdsrNGTLImperial20260207.csv
2026-02-07,LINEPACK_TARGET,21012.0,,GdsrNGTLImperial20260207.csv
2026-02-07,NGTL_FIELD_RECEIPTS,14634.0,,GdsrNGTLImperial20260207.csv
2026-02-07,TOLERANCE,,-2/0 (%),GdsrNGTLImperial20260207.csv
2026-02-07,TOLERANCE_LAST_CHANGED,,2026-Jan-12 at 08:00,GdsrNGTLImperial20260207.csv
2026-02-07,TOTAL_OBA_ACCOUNT_TJ,677.6,,GdsrNGTLImperial20260207.csv
2026-02-07,TOTAL_SD_ACCOUNT_TJ,-214.0,,GdsrNGTLImperial20260207.csv
2026-02-08,END_OF_DAY_LINEPACK,21102.0,,GdsrNGTLImperial20260208.csv
2026-02-08,LINEPACK_CHANGE_24H,-193.0,,GdsrNGTLImperial20260208.csv
2026-02-08,LINEPACK_RATE_OF_CHANGE,-482.0,,GdsrNGTLImperial20260208.csv
2026-02-08,LINEPACK_TARGET,21012.0,,GdsrNGTLImperial20260208.csv
2026-02-08,NGTL_FIELD_RECEIPTS,14636.0,,GdsrNGTLImperial20260208.csv
2026-02-08,TOLERANCE,,-2/0 (%),GdsrNGTLImperial20260208.csv
2026-02-08,TOLERANCE_LAST_CHANGED,,2026-Jan-12 at 08:00,GdsrNGTLImperial20260208.csv
2026-02-08,TOTAL_OBA_ACCOUNT_TJ,584.8,,GdsrNGTLImperial20260208.csv
2026-02-08,TOTAL_SD_ACCOUNT_TJ,-297.6,,GdsrNGTLImperial20260208.csv
2026-02-09,END_OF_DAY_LINEPACK,21073.0,,GdsrNGTLImperial20260209.csv
2026-02-09,LINEPACK_CHANGE_24H,-28.0,,GdsrNGTLImperial20260209.csv
2026-02-09,LINEPACK_RATE_OF_CHANGE,-46.0,,GdsrNGTLImperial20260209.csv
2026-02-09,LINEPACK_TARGET,21012.0,,GdsrNGTLImperial20260209.csv
2026-02-09,NGTL_FIELD_RECEIPTS,14838.0,,GdsrNGTLImperial20260209.csv
2026-02-09,TOLERANCE,,-2/0 (%),GdsrNGTLImperial20260209.csv
2026-02-09,TOLERANCE_LAST_CHANGED,,2026-Jan-12 at 08:00,GdsrNGTLImperial20260209.csv
2026-02-09,TOTAL_OBA_ACCOUNT_TJ,666.7,,GdsrNGTLImperial20260209.csv
2026-02-09,TOTAL_SD_ACCOUNT_TJ,-528.7,,GdsrNGTLImperial20260209.csv
2026-02-10,END_OF_DAY_LINEPACK,21211.0,,GdsrNGTLImperial20260210.csv
2026-02-10,LINEPACK_CHANGE_24H,138.0,,GdsrNGTLImperial20260210.csv
2026-02-10,LINEPACK_RATE_OF_CHANGE,-6.0,,GdsrNGTLImperial20260210.csv
2026-02-10,LINEPACK_TARGET,21012.0,,GdsrNGTLImperial20260210.csv
2026-02-10,NGTL_FIELD_RECEIPTS,14770.0,,GdsrNGTLImperial20260210.csv
2026-02-10,TOLERANCE,,-2/0 (%),GdsrNGTLImperial20260210.csv
2026-02-10,TOLERANCE_LAST_CHANGED,,2026-Jan-12 at 08:00,GdsrNGTLImperial20260210.csv
2026-02-10,TOTAL_OBA_ACCOUNT_TJ,617.6,,GdsrNGTLImperial20260210.csv
2026-02-10,TOTAL_SD_ACCOUNT_TJ,-296.8,,GdsrNGTLImperial20260210.csv
2026-02-11,END_OF_DAY_LINEPACK,21198.0,,GdsrNGTLImperial20260211.csv
2026-02-11,LINEPACK_CHANGE_24H,-13.0,,GdsrNGTLImperial20260211.csv
2026-02-11,LINEPACK_RATE_OF_CHANGE,68.0,,GdsrNGTLImperial20260211.csv
2026-02-11,LINEPACK_TARGET,21012.0,,GdsrNGTLImperial20260211.csv
2026-02-11,NGTL_FIELD_RECEIPTS,14773.0,,GdsrNGTLImperial20260211.csv
2026-02-11,TOLERANCE,,-2/0 (%),GdsrNGTLImperial20260211.csv
2026-02-11,TOLERANCE_LAST_CHANGED,,2026-Jan-12 at 08:00,GdsrNGTLImperial20260211.csv
2026-02-11,TOTAL_OBA_ACCOUNT_TJ,499.1,,GdsrNGTLImperial20260211.csv
2026-02-11,TOTAL_SD_ACCOUNT_TJ,-238.9,,GdsrNGTLImperial20260211.csv
2026-02-12,END_OF_DAY_LINEPACK,21320.0,,GdsrNGTLImperial20260212.csv
2026-02-12,LINEPACK_CHANGE_24H,123.0,,GdsrNGTLImperial20260212.csv
2026-02-12,LINEPACK_RATE_OF_CHANGE,126.0,,GdsrNGTLImperial20260212.csv
2026-02-12,LINEPACK_TARGET,21012.0,,GdsrNGTLImperial20260212.csv
2026-02-12,NGTL_FIELD_RECEIPTS,14710.0,,GdsrNGTLImperial20260212.csv
2026-02-12,TOLERANCE,,-2/0 (%),GdsrNGTLImperial20260212.csv
2026-02-12,TOLERANCE_LAST_CHANGED,,2026-Jan-12 at 08:00,GdsrNGTLImperial20260212.csv
2026-02-12,TOTAL_OBA_ACCOUNT_TJ,692.3,,GdsrNGTLImperial20260212.csv
2026-02-12,TOTAL_SD_ACCOUNT_TJ,-267.8,,GdsrNGTLImperial20260212.csv
2026-02-13,END_OF_DAY_LINEPACK,21219.0,,GdsrNGTLImperial20260213.csv
2026-02-13,LINEPACK_CHANGE_24H,-101.0,,GdsrNGTLImperial20260213.csv
2026-02-13,LINEPACK_RATE_OF_CHANGE,-133.0,,GdsrNGTLImperial20260213.csv
2026-02-13,LINEPACK_TARGET,21012.0,,GdsrNGTLImperial20260213.csv
2026-02-13,NGTL_FIELD_RECEIPTS,14876.0,,GdsrNGTLImperial20260213.csv
2026-02-13,TOLERANCE,,-2/0 (%),GdsrNGTLImperial20260213.csv
2026-02-13,TOLERANCE_LAST_CHANGED,,2026-Jan-12 at 08:00,GdsrNGTLImperial20260213.csv
2026-02-13,TOTAL_OBA_ACCOUNT_TJ,440.8,,GdsrNGTLImperial20260213.csv
2026-02-13,TOTAL_SD_ACCOUNT_TJ,-367.3,,GdsrNGTLImperial20260213.csv
2026-02-14,END_OF_DAY_LINEPACK,21242.0,,GdsrNGTLImperial20260214.csv
2026-02-14,LINEPACK_CHANGE_24H,24.0,,GdsrNGTLImperial20260214.csv
2026-02-14,LINEPACK_RATE_OF_CHANGE,12.0,,GdsrNGTLImperial20260214.csv
2026-02-14,LINEPACK_TARGET,21012.0,,GdsrNGTLImperial20260214.csv
2026-02-14,NGTL_FIELD_RECEIPTS,14884.0,,GdsrNGTLImperial20260214.csv
2026-02-14,TOLERANCE,,-2/0 (%),GdsrNGTLImperial20260214.csv
2026-02-14,TOLERANCE_LAST_CHANGED,,2026-Jan-12 at 08:00,GdsrNGTLImperial20260214.csv
2026-02-14,TOTAL_OBA_ACCOUNT_TJ,236.3,,GdsrNGTLImperial20260214.csv
2026-02-14,TOTAL_SD_ACCOUNT_TJ,-199.2,,GdsrNGTLImperial20260214.csv
2026-02-15,END_OF_DAY_LINEPACK,21314.0,,GdsrNGTLImperial20260215.csv
2026-02-15,LINEPACK_CHANGE_24H,72.0,,GdsrNGTLImperial20260215.csv
2026-02-15,LINEPACK_RATE_OF_CHANGE,-133.0,,GdsrNGTLImperial20260215.csv
2026-02-15,LINEPACK_TARGET,21012.0,,GdsrNGTLImperial20260215.csv
2026-02-15,NGTL_FIELD_RECEIPTS,14901.0,,GdsrNGTLImperial20260215.csv
2026-02-15,TOLERANCE,,-2/0 (%),GdsrNGTLImperial20260215.csv
2026-02-15,TOLERANCE_LAST_CHANGED,,2026-Jan-12 at 08:00,GdsrNGTLImperial20260215.csv
2026-02-15,TOTAL_OBA_ACCOUNT_TJ,89.0,,GdsrNGTLImperial20260215.csv
2026-02-15,TOTAL_SD_ACCOUNT_TJ,-46.0,,GdsrNGTLImperial20260215.csv
2026-02-16,END_OF_DAY_LINEPACK,20717.0,,GdsrNGTLImperial20260216.csv
2026-02-16,LINEPACK_CHANGE_24H,-597.0,,GdsrNGTLImperial20260216.csv
2026-02-16,LINEPACK_RATE_OF_CHANGE,-863.0,,GdsrNGTLImperial20260216.csv
2026-02-16,LINEPACK_TARGET,21012.0,,GdsrNGTLImperial20260216.csv
2026-02-16,NGTL_FIELD_RECEIPTS,14540.0,,GdsrNGTLImperial20260216.csv
2026-02-16,TOLERANCE,,-2/0 (%),GdsrNGTLImperial20260216.csv
2026-02-16,TOLERANCE_LAST_CHANGED,,2026-Jan-12 at 08:00,GdsrNGTLImperial20260216.csv
2026-02-16,TOTAL_OBA_ACCOUNT_TJ,-67.9,,GdsrNGTLImperial20260216.csv
2026-02-16,TOTAL_SD_ACCOUNT_TJ,-445.9,,GdsrNGTLImperial20260216.csv
2026-02-17,END_OF_DAY_LINEPACK,20290.0,,GdsrNGTLImperial20260217.csv
2026-02-17,LINEPACK_CHANGE_24H,-427.0,,GdsrNGTLImperial20260217.csv
2026-02-17,LINEPACK_RATE_OF_CHANGE,-732.0,,GdsrNGTLImperial20260217.csv
2026-02-17,LINEPACK_TARGET,21012.0,,GdsrNGTLImperial20260217.csv
2026-02-17,NGTL_FIELD_RECEIPTS,13760.0,,GdsrNGTLImperial20260217.csv
2026-02-17,TOLERANCE,,-2/0 (%),GdsrNGTLImperial20260217.csv
2026-02-17,TOLERANCE_LAST_CHANGED,,2026-Jan-12 at 08:00,GdsrNGTLImperial20260217.csv
2026-02-17,TOTAL_OBA_ACCOUNT_TJ,316.1,,GdsrNGTLImperial20260217.csv
2026-02-17,TOTAL_SD_ACCOUNT_TJ,-865.5,,GdsrNGTLImperial20260217.csv
2026-02-18,END_OF_DAY_LINEPACK,20649.0,,GdsrNGTLImperial20260218.csv
2026-02-18,LINEPACK_CHANGE_24H,359.0,,GdsrNGTLImperial20260218.csv
2026-02-18,LINEPACK_RATE_OF_CHANGE,320.0,,GdsrNGTLImperial20260218.csv
2026-02-18,LINEPACK_TARGET,21012.0,,GdsrNGTLImperial20260218.csv
2026-02-18,NGTL_FIELD_RECEIPTS,13548.0,,GdsrNGTLImperial20260218.csv
2026-02-18,TOLERANCE,,-2/0 (%),GdsrNGTLImperial20260218.csv
2026-02-18,TOLERANCE_LAST_CHANGED,,2026-Jan-12 at 08:00,GdsrNGTLImperial20260218.csv
2026-02-18,TOTAL_OBA_ACCOUNT_TJ,257.8,,GdsrNGTLImperial20260218.csv
2026-02-18,TOTAL_SD_ACCOUNT_TJ,-252.1,,GdsrNGTLImperial20260218.csv
2026-02-19,END_OF_DAY_LINEPACK,20688.0,,GdsrNGTLImperial20260219.csv
2026-02-19,LINEPACK_CHANGE_24H,40.0,,GdsrNGTLImperial20260219.csv
2026-02-19,LINEPACK_RATE_OF_CHANGE,-28.0,,GdsrNGTLImperial20260219.csv
2026-02-19,LINEPACK_TARGET,21012.0,,GdsrNGTLImperial20260219.csv
2026-02-19,NGTL_FIELD_RECEIPTS,13667.0,,GdsrNGTLImperial20260219.csv
2026-02-19,TOLERANCE,,-2/0 (%),GdsrNGTLImperial20260219.csv
2026-02-19,TOLERANCE_LAST_CHANGED,,2026-Jan-12 at 08:00,GdsrNGTLImperial20260219.csv
2026-02-19,TOTAL_OBA_ACCOUNT_TJ,86.8,,GdsrNGTLImperial20260219.csv
2026-02-19,TOTAL_SD_ACCOUNT_TJ,23.9,,GdsrNGTLImperial20260219.csv
2026-02-20,END_OF_DAY_LINEPACK,20681.0,,GdsrNGTLImperial20260220.csv
2026-02-20,LINEPACK_CHANGE_24H,-7.0,,GdsrNGTLImperial20260220.csv
2026-02-20,LINEPACK_RATE_OF_CHANGE,-228.0,,GdsrNGTLImperial20260220.csv
2026-02-20,LINEPACK_TARGET,21012.0,,GdsrNGTLImperial20260220.csv
2026-02-20,NGTL_FIELD_RECEIPTS,13707.0,,GdsrNGTLImperial20260220.csv
2026-02-20,TOLERANCE,,-2/0 (%),GdsrNGTLImperial20260220.csv
2026-02-20,TOLERANCE_LAST_CHANGED,,2026-Jan-12 at 08:00,GdsrNGTLImperial20260220.csv
2026-02-20,TOTAL_OBA_ACCOUNT_TJ,409.3,,GdsrNGTLImperial20260220.csv
2026-02-20,TOTAL_SD_ACCOUNT_TJ,-122.2,,GdsrNGTLImperial20260220.csv
2026-02-21,END_OF_DAY_LINEPACK,20802.0,,GdsrNGTLImperial20260221.csv
2026-02-21,LINEPACK_CHANGE_24H,121.0,,GdsrNGTLImperial20260221.csv
2026-02-21,LINEPACK_RATE_OF_CHANGE,198.0,,GdsrNGTLImperial20260221.csv
2026-02-21,LINEPACK_TARGET,21012.0,,GdsrNGTLImperial20260221.csv
2026-02-21,NGTL_FIELD_RECEIPTS,13925.0,,GdsrNGTLImperial20260221.csv
2026-02-21,TOLERANCE,,-2/0 (%),GdsrNGTLImperial20260221.csv
2026-02-21,TOLERANCE_LAST_CHANGED,,2026-Jan-12 at 08:00,GdsrNGTLImperial20260221.csv
2026-02-21,TOTAL_OBA_ACCOUNT_TJ,463.1,,GdsrNGTLImperial20260221.csv
2026-02-21,TOTAL_SD_ACCOUNT_TJ,-4.2,,GdsrNGTLImperial20260221.csv
2026-02-22,END_OF_DAY_LINEPACK,20998.0,,GdsrNGTLImperial20260222.csv
2026-02-22,LINEPACK_CHANGE_24H,196.0,,GdsrNGTLImperial20260222.csv
2026-02-22,LINEPACK_RATE_OF_CHANGE,-9.0,,GdsrNGTLImperial20260222.csv
2026-02-22,LINEPACK_TARGET,21012.0,,GdsrNGTLImperial20260222.csv
2026-02-22,NGTL_FIELD_RECEIPTS,13927.0,,GdsrNGTLImperial20260222.csv
2026-02-22,TOLERANCE,,-2/0 (%),GdsrNGTLImperial20260222.csv
2026-02-22,TOLERANCE_LAST_CHANGED,,2026-Jan-12 at 08:00,GdsrNGTLImperial20260222.csv
2026-02-22,TOTAL_OBA_ACCOUNT_TJ,551.3,,GdsrNGTLImperial20260222.csv
2026-02-22,TOTAL_SD_ACCOUNT_TJ,93.0,,GdsrNGTLImperial20260222.csv
2026-02-23,END_OF_DAY_LINEPACK,20659.0,,GdsrNGTLImperial20260223.csv
2026-02-23,LINEPACK_CHANGE_24H,-340.0,,GdsrNGTLImperial20260223.csv
2026-02-23,LINEPACK_RATE_OF_CHANGE,-215.0,,GdsrNGTLImperial20260223.csv
2026-02-23,LINEPACK_TARGET,21012.0,,GdsrNGTLImperial20260223.csv
2026-02-23,NGTL_FIELD_RECEIPTS,13806.0,,GdsrNGTLImperial20260223.csv
2026-02-23,TOLERANCE,,-2/0 (%),GdsrNGTLImperial20260223.csv
2026-02-23,TOLERANCE_LAST_CHANGED,,2026-Jan-12 at 08:00,GdsrNGTLImperial20260223.csv
2026-02-23,TOTAL_OBA_ACCOUNT_TJ,524.4,,GdsrNGTLImperial20260223.csv
2026-02-23,TOTAL_SD_ACCOUNT_TJ,-166.6,,GdsrNGTLImperial20260223.csv
2026-02-24,END_OF_DAY_LINEPACK,20857.0,,GdsrNGTLImperial20260224.csv
2026-02-24,LINEPACK_CHANGE_24H,198.0,,GdsrNGTLImperial20260224.csv
2026-02-24,LINEPACK_RATE_OF_CHANGE,359.0,,GdsrNGTLImperial20260224.csv
2026-02-24,LINEPACK_TARGET,21012.0,,GdsrNGTLImperial20260224.csv
2026-02-24,NGTL_FIELD_RECEIPTS,13906.0,,GdsrNGTLImperial20260224.csv
2026-02-24,TOLERANCE,,-2/0 (%),GdsrNGTLImperial20260224.csv
2026-02-24,TOLERANCE_LAST_CHANGED,,2026-Jan-12 at 08:00,GdsrNGTLImperial20260224.csv
2026-02-24,TOTAL_OBA_ACCOUNT_TJ,640.7,,GdsrNGTLImperial20260224.csv
2026-02-24,TOTAL_SD_ACCOUNT_TJ,-76.0,,GdsrNGTLImperial20260224.csv
2026-02-25,END_OF_DAY_LINEPACK,20981.0,,GdsrNGTLImperial20260225.csv
2026-02-25,LINEPACK_CHANGE_24H,124.0,,GdsrNGTLImperial20260225.csv
2026-02-25,LINEPACK_RATE_OF_CHANGE,74.0,,GdsrNGTLImperial20260225.csv
2026-02-25,LINEPACK_TARGET,21012.0,,GdsrNGTLImperial20260225.csv
2026-02-25,NGTL_FIELD_RECEIPTS,14063.0,,GdsrNGTLImperial20260225.csv
2026-02-25,TOLERANCE,,-2/0 (%),GdsrNGTLImperial20260225.csv
2026-02-25,TOLERANCE_LAST_CHANGED,,2026-Jan-12 at 08:00,GdsrNGTLImperial20260225.csv
2026-02-25,TOTAL_OBA_ACCOUNT_TJ,754.7,,GdsrNGTLImperial20260225.csv
2026-02-25,TOTAL_SD_ACCOUNT_TJ,-38.2,,GdsrNGTLImperial20260225.csv
2026-02-26,END_OF_DAY_LINEPACK,20825.0,,GdsrNGTLImperial20260226.csv
2026-02-26,LINEPACK_CHANGE_24H,-155.0,,GdsrNGTLImperial20260226.csv
2026-02-26,LINEPACK_RATE_OF_CHANGE,-728.0,,GdsrNGTLImperial20260226.csv
2026-02-26,LINEPACK_TARGET,21012.0,,GdsrNGTLImperial20260226.csv
2026-02-26,NGTL_FIELD_RECEIPTS,14203.0,,GdsrNGTLImperial20260226.csv
2026-02-26,TOLERANCE,,-2/0 (%),GdsrNGTLImperial20260226.csv
2026-02-26,TOLERANCE_LAST_CHANGED,,2026-Jan-12 at 08:00,GdsrNGTLImperial20260226.csv
2026-02-26,TOTAL_OBA_ACCOUNT_TJ,669.5,,GdsrNGTLImperial20260226.csv
2026-02-26,TOTAL_SD_ACCOUNT_TJ,-195.3,,GdsrNGTLImperial20260226.csv
2026-02-27,END_OF_DAY_LINEPACK,20323.0,,GdsrNGTLImperial20260227.csv
2026-02-27,LINEPACK_CHANGE_24H,-503.0,,GdsrNGTLImperial20260227.csv
2026-02-27,LINEPACK_RATE_OF_CHANGE,-538.0,,GdsrNGTLImperial20260227.csv
2026-02-27,LINEPACK_TARGET,21012.0,,GdsrNGTLImperial20260227.csv
2026-02-27,NGTL_FIELD_RECEIPTS,14105.0,,GdsrNGTLImperial20260227.csv
2026-02-27,TOLERANCE,,-2/0 (%),GdsrNGTLImperial20260227.csv
2026-02-27,TOLERANCE_LAST_CHANGED,,2026-Jan-12 at 08:00,GdsrNGTLImperial20260227.csv
2026-02-27,TOTAL_OBA_ACCOUNT_TJ,340.7,,GdsrNGTLImperial20260227.csv
2026-02-27,TOTAL_SD_ACCOUNT_TJ,-487.0,,GdsrNGTLImperial20260227.csv
2026-02-28,END_OF_DAY_LINEPACK,20388.0,,GdsrNGTLImperial20260228.csv
2026-02-28,LINEPACK_CHANGE_24H,66.0,,GdsrNGTLImperial20260228.csv
2026-02-28,LINEPACK_RATE_OF_CHANGE,239.0,,GdsrNGTLImperial20260228.csv
2026-02-28,LINEPACK_TARGET,21012.0,,GdsrNGTLImperial20260228.csv
2026-02-28,NGTL_FIELD_RECEIPTS,13999.0,,GdsrNGTLImperial20260228.csv
2026-02-28,TOLERANCE,,-2/0 (%),GdsrNGTLImperial20260228.csv
2026-02-28,TOLERANCE_LAST_CHANGED,,2026-Jan-12 at 08:00,GdsrNGTLImperial20260228.csv
2026-02-28,TOTAL_OBA_ACCOUNT_TJ,178.1,,GdsrNGTLImperial20260228.csv
2026-02-28,TOTAL_SD_ACCOUNT_TJ,-262.5,,GdsrNGTLImperial20260228.csv
2026-03-01,END_OF_DAY_LINEPACK,20487.0,,GdsrNGTLImperial20260301.csv
2026-03-01,LINEPACK_CHANGE_24H,99.0,,GdsrNGTLImperial20260301.csv
2026-03-01,LINEPACK_RATE_OF_CHANGE,-266.0,,GdsrNGTLImperial20260301.csv
2026-03-01,LINEPACK_TARGET,21012.0,,GdsrNGTLImperial20260301.csv
2026-03-01,NGTL_FIELD_RECEIPTS,14064.0,,GdsrNGTLImperial20260301.csv
2026-03-01,TOLERANCE,,-2/0 (%),GdsrNGTLImperial20260301.csv
2026-03-01,TOLERANCE_LAST_CHANGED,,2026-Jan-12 at 08:00,GdsrNGTLImperial20260301.csv
2026-03-01,TOTAL_OBA_ACCOUNT_TJ,384.2,,GdsrNGTLImperial20260301.csv
2026-03-01,TOTAL_SD_ACCOUNT_TJ,-287.5,,GdsrNGTLImperial20260301.csv
2026-03-02,END_OF_DAY_LINEPACK,20082.0,,GdsrNGTLImperial20260302.csv
2026-03-02,LINEPACK_CHANGE_24H,-405.0,,GdsrNGTLImperial20260302.csv
2026-03-02,LINEPACK_RATE_OF_CHANGE,-276.0,,GdsrNGTLImperial20260302.csv
2026-03-02,LINEPACK_TARGET,21012.0,,GdsrNGTLImperial20260302.csv
2026-03-02,NGTL_FIELD_RECEIPTS,13968.0,,GdsrNGTLImperial20260302.csv
2026-03-02,TOLERANCE,,-2/0 (%),GdsrNGTLImperial20260302.csv
2026-03-02,TOLERANCE_LAST_CHANGED,,2026-Jan-12 at 08:00,GdsrNGTLImperial20260302.csv
2026-03-02,TOTAL_OBA_ACCOUNT_TJ,218.2,,GdsrNGTLImperial20260302.csv
2026-03-02,TOTAL_SD_ACCOUNT_TJ,-560.8,,GdsrNGTLImperial20260302.csv
2026-03-03,END_OF_DAY_LINEPACK,20215.0,,GdsrNGTLImperial20260303.csv
2026-03-03,LINEPACK_CHANGE_24H,133.0,,GdsrNGTLImperial20260303.csv
2026-03-03,LINEPACK_RATE_OF_CHANGE,24.0,,GdsrNGTLImperial20260303.csv
2026-03-03,LINEPACK_TARGET,21012.0,,GdsrNGTLImperial20260303.csv
2026-03-03,NGTL_FIELD_RECEIPTS,13881.0,,GdsrNGTLImperial20260303.csv
2026-03-03,TOLERANCE,,-1/1 (%),GdsrNGTLImperial20260303.csv
2026-03-03,TOLERANCE_LAST_CHANGED,,2026-Mar-3 at 08:00,GdsrNGTLImperial20260303.csv
2026-03-03,TOTAL_OBA_ACCOUNT_TJ,303.0,,GdsrNGTLImperial20260303.csv
2026-03-03,TOTAL_SD_ACCOUNT_TJ,-450.5,,GdsrNGTLImperial20260303.csv
2026-03-04,END_OF_DAY_LINEPACK,20650.0,,GdsrNGTLImperial20260304.csv
2026-03-04,LINEPACK_CHANGE_24H,435.0,,GdsrNGTLImperial20260304.csv
2026-03-04,LINEPACK_RATE_OF_CHANGE,942.0,,GdsrNGTLImperial20260304.csv
2026-03-04,LINEPACK_TARGET,21012.0,,GdsrNGTLImperial20260304.csv
2026-03-04,NGTL_FIELD_RECEIPTS,14049.0,,GdsrNGTLImperial20260304.csv
2026-03-04,TOLERANCE,,-1/1 (%),GdsrNGTLImperial20260304.csv
2026-03-04,TOLERANCE_LAST_CHANGED,,2026-Mar-3 at 08:00,GdsrNGTLImperial20260304.csv
2026-03-04,TOTAL_OBA_ACCOUNT_TJ,559.2,,GdsrNGTLImperial20260304.csv
2026-03-04,TOTAL_SD_ACCOUNT_TJ,-299.3,,GdsrNGTLImperial20260304.csv
2026-03-05,END_OF_DAY_LINEPACK,21119.0,,GdsrNGTLImperial20260305.csv
2026-03-05,LINEPACK_CHANGE_24H,468.0,,GdsrNGTLImperial20260305.csv
2026-03-05,LINEPACK_RATE_OF_CHANGE,508.0,,GdsrNGTLImperial20260305.csv
2026-03-05,LINEPACK_TARGET,21012.0,,GdsrNGTLImperial20260305.csv
2026-03-05,NGTL_FIELD_RECEIPTS,14462.0,,GdsrNGTLImperial20260305.csv
2026-03-05,TOLERANCE,,-1/1 (%),GdsrNGTLImperial20260305.csv
2026-03-05,TOLERANCE_LAST_CHANGED,,2026-Mar-3 at 08:00,GdsrNGTLImperial20260305.csv
2026-03-05,TOTAL_OBA_ACCOUNT_TJ,699.1,,GdsrNGTLImperial20260305.csv
2026-03-05,TOTAL_SD_ACCOUNT_TJ,179.8,,GdsrNGTLImperial20260305.csv
2026-03-06,END_OF_DAY_LINEPACK,21170.0,,GdsrNGTLImperial20260306.csv
2026-03-06,LINEPACK_CHANGE_24H,51.0,,GdsrNGTLImperial20260306.csv
2026-03-06,LINEPACK_RATE_OF_CHANGE,246.0,,GdsrNGTLImperial20260306.csv
2026-03-06,LINEPACK_TARGET,21012.0,,GdsrNGTLImperial20260306.csv
2026-03-06,NGTL_FIELD_RECEIPTS,14098.0,,GdsrNGTLImperial20260306.csv
2026-03-06,TOLERANCE,,-1/1 (%),GdsrNGTLImperial20260306.csv
2026-03-06,TOLERANCE_LAST_CHANGED,,2026-Mar-3 at 08:00,GdsrNGTLImperial20260306.csv
2026-03-06,TOTAL_OBA_ACCOUNT_TJ,633.9,,GdsrNGTLImperial20260306.csv
2026-03-06,TOTAL_SD_ACCOUNT_TJ,215.4,,GdsrNGTLImperial20260306.csv
2026-03-07,END_OF_DAY_LINEPACK,21007.0,,GdsrNGTLImperial20260307.csv
2026-03-07,LINEPACK_CHANGE_24H,-163.0,,GdsrNGTLImperial20260307.csv
2026-03-07,LINEPACK_RATE_OF_CHANGE,-1746.0,,GdsrNGTLImperial20260307.csv
2026-03-07,LINEPACK_TARGET,21012.0,,GdsrNGTLImperial20260307.csv
2026-03-07,NGTL_FIELD_RECEIPTS,13751.0,,GdsrNGTLImperial20260307.csv
2026-03-07,TOLERANCE,,-1/1 (%),GdsrNGTLImperial20260307.csv
2026-03-07,TOLERANCE_LAST_CHANGED,,2026-Mar-3 at 08:00,GdsrNGTLImperial20260307.csv
2026-03-07,TOTAL_OBA_ACCOUNT_TJ,891.8,,GdsrNGTLImperial20260307.csv
2026-03-07,TOTAL_SD_ACCOUNT_TJ,43.4,,GdsrNGTLImperial20260307.csv
2026-03-08,END_OF_DAY_LINEPACK,20554.0,,GdsrNGTLImperial20260308.csv
2026-03-08,LINEPACK_CHANGE_24H,-454.0,,GdsrNGTLImperial20260308.csv
2026-03-08,LINEPACK_RATE_OF_CHANGE,493.0,,GdsrNGTLImperial20260308.csv
2026-03-08,LINEPACK_TARGET,21012.0,,GdsrNGTLImperial20260308.csv
2026-03-08,NGTL_FIELD_RECEIPTS,12915.0,,GdsrNGTLImperial20260308.csv
2026-03-08,TOLERANCE,,-1/1 (%),GdsrNGTLImperial20260308.csv
2026-03-08,TOLERANCE_LAST_CHANGED,,2026-Mar-3 at 08:00,GdsrNGTLImperial20260308.csv
2026-03-08,TOTAL_OBA_ACCOUNT_TJ,567.5,,GdsrNGTLImperial20260308.csv
2026-03-08,TOTAL_SD_ACCOUNT_TJ,-565.7,,GdsrNGTLImperial20260308.csv
2026-03-09,END_OF_DAY_LINEPACK,21381.0,,GdsrNGTLImperial20260309.csv
2026-03-09,LINEPACK_CHANGE_24H,828.0,,GdsrNGTLImperial20260309.csv
2026-03-09,LINEPACK_RATE_OF_CHANGE,266.0,,GdsrNGTLImperial20260309.csv
2026-03-09,LINEPACK_TARGET,21012.0,,GdsrNGTLImperial20260309.csv
2026-03-09,NGTL_FIELD_RECEIPTS,14166.0,,GdsrNGTLImperial20260309.csv
2026-03-09,TOLERANCE,,-1/1 (%),GdsrNGTLImperial20260309.csv
2026-03-09,TOLERANCE_LAST_CHANGED,,2026-Mar-3 at 08:00,GdsrNGTLImperial20260309.csv
2026-03-09,TOTAL_OBA_ACCOUNT_TJ,603.2,,GdsrNGTLImperial20260309.csv
2026-03-09,TOTAL_SD_ACCOUNT_TJ,220.4,,GdsrNGTLImperial20260309.csv
2026-03-10,END_OF_DAY_LINEPACK,21202.0,,GdsrNGTLImperial20260310.csv
2026-03-10,LINEPACK_CHANGE_24H,-179.0,,GdsrNGTLImperial20260310.csv
2026-03-10,LINEPACK_RATE_OF_CHANGE,-634.0,,GdsrNGTLImperial20260310.csv
2026-03-10,LINEPACK_TARGET,21012.0,,GdsrNGTLImperial20260310.csv
2026-03-10,NGTL_FIELD_RECEIPTS,14521.0,,GdsrNGTLImperial20260310.csv
2026-03-10,TOLERANCE,,-1/1 (%),GdsrNGTLImperial20260310.csv
2026-03-10,TOLERANCE_LAST_CHANGED,,2026-Mar-3 at 08:00,GdsrNGTLImperial20260310.csv
2026-03-10,TOTAL_OBA_ACCOUNT_TJ,382.5,,GdsrNGTLImperial20260310.csv
2026-03-10,TOTAL_SD_ACCOUNT_TJ,230.4,,GdsrNGTLImperial20260310.csv
2026-03-11,END_OF_DAY_LINEPACK,21084.0,,GdsrNGTLImperial20260311.csv
2026-03-11,LINEPACK_CHANGE_24H,-119.0,,GdsrNGTLImperial20260311.csv
2026-03-11,LINEPACK_RATE_OF_CHANGE,306.0,,GdsrNGTLImperial20260311.csv
2026-03-11,LINEPACK_TARGET,21012.0,,GdsrNGTLImperial20260311.csv
2026-03-11,NGTL_FIELD_RECEIPTS,14366.0,,GdsrNGTLImperial20260311.csv
2026-03-11,TOLERANCE,,-1/1 (%),GdsrNGTLImperial20260311.csv
2026-03-11,TOLERANCE_LAST_CHANGED,,2026-Mar-3 at 08:00,GdsrNGTLImperial20260311.csv
2026-03-11,TOTAL_OBA_ACCOUNT_TJ,463.1,,GdsrNGTLImperial20260311.csv
2026-03-11,TOTAL_SD_ACCOUNT_TJ,134.3,,GdsrNGTLImperial20260311.csv
2026-03-12,END_OF_DAY_LINEPACK,20717.0,,GdsrNGTLImperial20260312.csv
2026-03-12,LINEPACK_CHANGE_24H,-367.0,,GdsrNGTLImperial20260312.csv
2026-03-12,LINEPACK_RATE_OF_CHANGE,-625.0,,GdsrNGTLImperial20260312.csv
2026-03-12,LINEPACK_TARGET,21012.0,,GdsrNGTLImperial20260312.csv
2026-03-12,NGTL_FIELD_RECEIPTS,14885.0,,GdsrNGTLImperial20260312.csv
2026-03-12,TOLERANCE,,-1/1 (%),GdsrNGTLImperial20260312.csv
2026-03-12,TOLERANCE_LAST_CHANGED,,2026-Mar-3 at 08:00,GdsrNGTLImperial20260312.csv
2026-03-12,TOTAL_OBA_ACCOUNT_TJ,482.8,,GdsrNGTLImperial20260312.csv
2026-03-12,TOTAL_SD_ACCOUNT_TJ,-264.9,,GdsrNGTLImperial20260312.csv
2026-03-13,END_OF_DAY_LINEPACK,20831.0,,GdsrNGTLImperial20260313.csv
2026-03-13,LINEPACK_CHANGE_24H,114.0,,GdsrNGTLImperial20260313.csv
2026-03-13,LINEPACK_RATE_OF_CHANGE,-431.0,,GdsrNGTLImperial20260313.csv
2026-03-13,LINEPACK_TARGET,21012.0,,GdsrNGTLImperial20260313.csv
2026-03-13,NGTL_FIELD_RECEIPTS,14507.0,,GdsrNGTLImperial20260313.csv
2026-03-13,TOLERANCE,,-1/1 (%),GdsrNGTLImperial20260313.csv
2026-03-13,TOLERANCE_LAST_CHANGED,,2026-Mar-3 at 08:00,GdsrNGTLImperial20260313.csv
2026-03-13,TOTAL_OBA_ACCOUNT_TJ,297.5,,GdsrNGTLImperial20260313.csv
2026-03-13,TOTAL_SD_ACCOUNT_TJ,-8.4,,GdsrNGTLImperial20260313.csv
2026-03-14,END_OF_DAY_LINEPACK,20978.0,,GdsrNGTLImperial20260314.csv
2026-03-14,LINEPACK_CHANGE_24H,147.0,,GdsrNGTLImperial20260314.csv
2026-03-14,LINEPACK_RATE_OF_CHANGE,357.0,,GdsrNGTLImperial20260314.csv
2026-03-14,LINEPACK_TARGET,21012.0,,GdsrNGTLImperial20260314.csv
2026-03-14,NGTL_FIELD_RECEIPTS,14111.0,,GdsrNGTLImperial20260314.csv
2026-03-14,TOLERANCE,,-1/1 (%),GdsrNGTLImperial20260314.csv
2026-03-14,TOLERANCE_LAST_CHANGED,,2026-Mar-3 at 08:00,GdsrNGTLImperial20260314.csv
2026-03-14,TOTAL_OBA_ACCOUNT_TJ,426.0,,GdsrNGTLImperial20260314.csv
2026-03-14,TOTAL_SD_ACCOUNT_TJ,101.9,,GdsrNGTLImperial20260314.csv
2026-03-15,END_OF_DAY_LINEPACK,21206.0,,GdsrNGTLImperial20260315.csv
2026-03-15,LINEPACK_CHANGE_24H,228.0,,GdsrNGTLImperial20260315.csv
2026-03-15,LINEPACK_RATE_OF_CHANGE,127.0,,GdsrNGTLImperial20260315.csv
2026-03-15,LINEPACK_TARGET,21012.0,,GdsrNGTLImperial20260315.csv
2026-03-15,NGTL_FIELD_RECEIPTS,14115.0,,GdsrNGTLImperial20260315.csv
2026-03-15,TOLERANCE,,-1/1 (%),GdsrNGTLImperial20260315.csv
2026-03-15,TOLERANCE_LAST_CHANGED,,2026-Mar-3 at 08:00,GdsrNGTLImperial20260315.csv
2026-03-15,TOTAL_OBA_ACCOUNT_TJ,692.6,,GdsrNGTLImperial20260315.csv
2026-03-15,TOTAL_SD_ACCOUNT_TJ,69.5,,GdsrNGTLImperial20260315.csv
2026-03-16,END_OF_DAY_LINEPACK,21078.0,,GdsrNGTLImperial20260316.csv
2026-03-16,LINEPACK_CHANGE_24H,-128.0,,GdsrNGTLImperial20260316.csv
2026-03-16,LINEPACK_RATE_OF_CHANGE,-83.0,,GdsrNGTLImperial20260316.csv
2026-03-16,LINEPACK_TARGET,21012.0,,GdsrNGTLImperial20260316.csv
2026-03-16,NGTL_FIELD_RECEIPTS,13926.0,,GdsrNGTLImperial20260316.csv
2026-03-16,TOLERANCE,,-1/1 (%),GdsrNGTLImperial20260316.csv
2026-03-16,TOLERANCE_LAST_CHANGED,,2026-Mar-3 at 08:00,GdsrNGTLImperial20260316.csv
2026-03-16,TOTAL_OBA_ACCOUNT_TJ,888.8,,GdsrNGTLImperial20260316.csv
2026-03-16,TOTAL_SD_ACCOUNT_TJ,-20.7,,GdsrNGTLImperial20260316.csv
2026-03-17,END_OF_DAY_LINEPACK,20999.0,,GdsrNGTLImperial20260317.csv
2026-03-17,LINEPACK_CHANGE_24H,-79.0,,GdsrNGTLImperial20260317.csv
2026-03-17,LINEPACK_RATE_OF_CHANGE,-194.0,,GdsrNGTLImperial20260317.csv
2026-03-17,LINEPACK_TARGET,21012.0,,GdsrNGTLImperial20260317.csv
2026-03-17,NGTL_FIELD_RECEIPTS,14145.0,,GdsrNGTLImperial20260317.csv
2026-03-17,TOLERANCE,,-1/1 (%),GdsrNGTLImperial20260317.csv
2026-03-17,TOLERANCE_LAST_CHANGED,,2026-Mar-3 at 08:00,GdsrNGTLImperial20260317.csv
2026-03-17,TOTAL_OBA_ACCOUNT_TJ,598.2,,GdsrNGTLImperial20260317.csv
2026-03-17,TOTAL_SD_ACCOUNT_TJ,-125.2,,GdsrNGTLImperial20260317.csv
2026-03-18,END_OF_DAY_LINEPACK,21010.0,,GdsrNGTLImperial20260318.csv
2026-03-18,LINEPACK_CHANGE_24H,11.0,,GdsrNGTLImperial20260318.csv
2026-03-18,LINEPACK_RATE_OF_CHANGE,-191.0,,GdsrNGTLImperial20260318.csv
2026-03-18,LINEPACK_TARGET,21012.0,,GdsrNGTLImperial20260318.csv
2026-03-18,NGTL_FIELD_RECEIPTS,13902.0,,GdsrNGTLImperial20260318.csv
2026-03-18,TOLERANCE,,-1/1 (%),GdsrNGTLImperial20260318.csv
2026-03-18,TOLERANCE_LAST_CHANGED,,2026-Mar-3 at 08:00,GdsrNGTLImperial20260318.csv
2026-03-18,TOTAL_OBA_ACCOUNT_TJ,410.9,,GdsrNGTLImperial20260318.csv
2026-03-18,TOTAL_SD_ACCOUNT_TJ,-5.3,,GdsrNGTLImperial20260318.csv
2026-03-19,END_OF_DAY_LINEPACK,21432.0,,GdsrNGTLImperial20260319.csv
2026-03-19,LINEPACK_CHANGE_24H,422.0,,GdsrNGTLImperial20260319.csv
2026-03-19,LINEPACK_RATE_OF_CHANGE,260.0,,GdsrNGTLImperial20260319.csv
2026-03-19,LINEPACK_TARGET,21012.0,,GdsrNGTLImperial20260319.csv
2026-03-19,NGTL_FIELD_RECEIPTS,14023.0,,GdsrNGTLImperial20260319.csv
2026-03-19,TOLERANCE,,-1/1 (%),GdsrNGTLImperial20260319.csv
2026-03-19,TOLERANCE_LAST_CHANGED,,2026-Mar-3 at 08:00,GdsrNGTLImperial20260319.csv
2026-03-19,TOTAL_OBA_ACCOUNT_TJ,639.8,,GdsrNGTLImperial20260319.csv
2026-03-19,TOTAL_SD_ACCOUNT_TJ,114.6,,GdsrNGTLImperial20260319.csv
2026-03-20,END_OF_DAY_LINEPACK,21394.0,,GdsrNGTLImperial20260320.csv
2026-03-20,LINEPACK_CHANGE_24H,-38.0,,GdsrNGTLImperial20260320.csv
2026-03-20,LINEPACK_RATE_OF_CHANGE,-573.0,,GdsrNGTLImperial20260320.csv
2026-03-20,LINEPACK_TARGET,21012.0,,GdsrNGTLImperial20260320.csv
2026-03-20,NGTL_FIELD_RECEIPTS,14127.0,,GdsrNGTLImperial20260320.csv
2026-03-20,TOLERANCE,,-2/0 (%),GdsrNGTLImperial20260320.csv
2026-03-20,TOLERANCE_LAST_CHANGED,,2026-Mar-20 at 08:00,GdsrNGTLImperial20260320.csv
2026-03-20,TOTAL_OBA_ACCOUNT_TJ,967.1,,GdsrNGTLImperial20260320.csv
2026-03-20,TOTAL_SD_ACCOUNT_TJ,-354.0,,GdsrNGTLImperial20260320.csv
2026-03-21,END_OF_DAY_LINEPACK,21622.0,,GdsrNGTLImperial20260321.csv
2026-03-21,LINEPACK_CHANGE_24H,229.0,,GdsrNGTLImperial20260321.csv
2026-03-21,LINEPACK_RATE_OF_CHANGE,227.0,,GdsrNGTLImperial20260321.csv
2026-03-21,LINEPACK_TARGET,21012.0,,GdsrNGTLImperial20260321.csv
2026-03-21,NGTL_FIELD_RECEIPTS,14453.0,,GdsrNGTLImperial20260321.csv
2026-03-21,TOLERANCE,,-2/0 (%),GdsrNGTLImperial20260321.csv
2026-03-21,TOLERANCE_LAST_CHANGED,,2026-Mar-20 at 08:00,GdsrNGTLImperial20260321.csv
2026-03-21,TOTAL_OBA_ACCOUNT_TJ,793.3,,GdsrNGTLImperial20260321.csv
2026-03-21,TOTAL_SD_ACCOUNT_TJ,1.5,,GdsrNGTLImperial20260321.csv
2026-03-22,END_OF_DAY_LINEPACK,21640.0,,GdsrNGTLImperial20260322.csv
2026-03-22,LINEPACK_CHANGE_24H,18.0,,GdsrNGTLImperial20260322.csv
2026-03-22,LINEPACK_RATE_OF_CHANGE,-268.0,,GdsrNGTLImperial20260322.csv
2026-03-22,LINEPACK_TARGET,21012.0,,GdsrNGTLImperial20260322.csv
2026-03-22,NGTL_FIELD_RECEIPTS,14280.0,,GdsrNGTLImperial20260322.csv
2026-03-22,TOLERANCE,,-2/0 (%),GdsrNGTLImperial20260322.csv
2026-03-22,TOLERANCE_LAST_CHANGED,,2026-Mar-20 at 08:00,GdsrNGTLImperial20260322.csv
2026-03-22,TOTAL_OBA_ACCOUNT_TJ,1043.0,,GdsrNGTLImperial20260322.csv
2026-03-22,TOTAL_SD_ACCOUNT_TJ,-228.3,,GdsrNGTLImperial20260322.csv
2026-03-23,END_OF_DAY_LINEPACK,21492.0,,GdsrNGTLImperial20260323.csv
2026-03-23,LINEPACK_CHANGE_24H,-148.0,,GdsrNGTLImperial20260323.csv
2026-03-23,LINEPACK_RATE_OF_CHANGE,-503.0,,GdsrNGTLImperial20260323.csv
2026-03-23,LINEPACK_TARGET,21012.0,,GdsrNGTLImperial20260323.csv
2026-03-23,NGTL_FIELD_RECEIPTS,14220.0,,GdsrNGTLImperial20260323.csv
2026-03-23,TOLERANCE,,-2/0 (%),GdsrNGTLImperial20260323.csv
2026-03-23,TOLERANCE_LAST_CHANGED,,2026-Mar-20 at 08:00,GdsrNGTLImperial20260323.csv
2026-03-23,TOTAL_OBA_ACCOUNT_TJ,1161.0,,GdsrNGTLImperial20260323.csv
2026-03-23,TOTAL_SD_ACCOUNT_TJ,-7.8,,GdsrNGTLImperial20260323.csv
2026-03-24,END_OF_DAY_LINEPACK,20944.0,,GdsrNGTLImperial20260324.csv
2026-03-24,LINEPACK_CHANGE_24H,-548.0,,GdsrNGTLImperial20260324.csv
2026-03-24,LINEPACK_RATE_OF_CHANGE,-307.0,,GdsrNGTLImperial20260324.csv
2026-03-24,LINEPACK_TARGET,21012.0,,GdsrNGTLImperial20260324.csv
2026-03-24,NGTL_FIELD_RECEIPTS,14017.0,,GdsrNGTLImperial20260324.csv
2026-03-24,TOLERANCE,,-2/0 (%),GdsrNGTLImperial20260324.csv
2026-03-24,TOLERANCE_LAST_CHANGED,,2026-Mar-20 at 08:00,GdsrNGTLImperial20260324.csv
2026-03-24,TOTAL_OBA_ACCOUNT_TJ,1072.5,,GdsrNGTLImperial20260324.csv
2026-03-24,TOTAL_SD_ACCOUNT_TJ,-249.9,,GdsrNGTLImperial20260324.csv
2026-03-25,END_OF_DAY_LINEPACK,20434.0,,GdsrNGTLImperial20260325.csv
2026-03-25,LINEPACK_CHANGE_24H,-510.0,,GdsrNGTLImperial20260325.csv
2026-03-25,LINEPACK_RATE_OF_CHANGE,-737.0,,GdsrNGTLImperial20260325.csv
2026-03-25,LINEPACK_TARGET,20836.0,,GdsrNGTLImperial20260325.csv
2026-03-25,NGTL_FIELD_RECEIPTS,13850.0,,GdsrNGTLImperial20260325.csv
2026-03-25,TOLERANCE,,-2/0 (%),GdsrNGTLImperial20260325.csv
2026-03-25,TOLERANCE_LAST_CHANGED,,2026-Mar-20 at 08:00,GdsrNGTLImperial20260325.csv
2026-03-25,TOTAL_OBA_ACCOUNT_TJ,651.5,,GdsrNGTLImperial20260325.csv
2026-03-25,TOTAL_SD_ACCOUNT_TJ,-462.0,,GdsrNGTLImperial20260325.csv
2026-03-26,END_OF_DAY_LINEPACK,20823.0,,GdsrNGTLImperial20260326.csv
2026-03-26,LINEPACK_CHANGE_24H,389.0,,GdsrNGTLImperial20260326.csv
2026-03-26,LINEPACK_RATE_OF_CHANGE,627.0,,GdsrNGTLImperial20260326.csv
2026-03-26,LINEPACK_TARGET,20836.0,,GdsrNGTLImperial20260326.csv
2026-03-26,NGTL_FIELD_RECEIPTS,13866.0,,GdsrNGTLImperial20260326.csv
2026-03-26,TOLERANCE,,-2/0 (%),GdsrNGTLImperial20260326.csv
2026-03-26,TOLERANCE_LAST_CHANGED,,2026-Mar-20 at 08:00,GdsrNGTLImperial20260326.csv
2026-03-26,TOTAL_OBA_ACCOUNT_TJ,845.5,,GdsrNGTLImperial20260326.csv
2026-03-26,TOTAL_SD_ACCOUNT_TJ,-232.3,,GdsrNGTLImperial20260326.csv
2026-03-27,END_OF_DAY_LINEPACK,20977.0,,GdsrNGTLImperial20260327.csv
2026-03-27,LINEPACK_CHANGE_24H,154.0,,GdsrNGTLImperial20260327.csv
2026-03-27,LINEPACK_RATE_OF_CHANGE,-326.0,,GdsrNGTLImperial20260327.csv
2026-03-27,LINEPACK_TARGET,20836.0,,GdsrNGTLImperial20260327.csv
2026-03-27,NGTL_FIELD_RECEIPTS,13866.0,,GdsrNGTLImperial20260327.csv
2026-03-27,TOLERANCE,,-2/0 (%),GdsrNGTLImperial20260327.csv
2026-03-27,TOLERANCE_LAST_CHANGED,,2026-Mar-20 at 08:00,GdsrNGTLImperial20260327.csv
2026-03-27,TOTAL_OBA_ACCOUNT_TJ,1043.7,,GdsrNGTLImperial20260327.csv
2026-03-27,TOTAL_SD_ACCOUNT_TJ,-87.6,,GdsrNGTLImperial20260327.csv
2026-03-28,END_OF_DAY_LINEPACK,21105.0,,GdsrNGTLImperial20260328.csv
2026-03-28,LINEPACK_CHANGE_24H,129.0,,GdsrNGTLImperial20260328.csv
2026-03-28,LINEPACK_RATE_OF_CHANGE,-644.0,,GdsrNGTLImperial20260328.csv
2026-03-28,LINEPACK_TARGET,20836.0,,GdsrNGTLImperial20260328.csv
2026-03-28,NGTL_FIELD_RECEIPTS,14154.0,,GdsrNGTLImperial20260328.csv
2026-03-28,TOLERANCE,,-2/0 (%),GdsrNGTLImperial20260328.csv
2026-03-28,TOLERANCE_LAST_CHANGED,,2026-Mar-20 at 08:00,GdsrNGTLImperial20260328.csv
2026-03-28,TOTAL_OBA_ACCOUNT_TJ,922.7,,GdsrNGTLImperial20260328.csv
2026-03-28,TOTAL_SD_ACCOUNT_TJ,96.3,,GdsrNGTLImperial20260328.csv
2026-03-29,END_OF_DAY_LINEPACK,20867.0,,GdsrNGTLImperial20260329.csv
2026-03-29,LINEPACK_CHANGE_24H,-238.0,,GdsrNGTLImperial20260329.csv
2026-03-29,LINEPACK_RATE_OF_CHANGE,-606.0,,GdsrNGTLImperial20260329.csv
2026-03-29,LINEPACK_TARGET,20836.0,,GdsrNGTLImperial20260329.csv
2026-03-29,NGTL_FIELD_RECEIPTS,14676.0,,GdsrNGTLImperial20260329.csv
2026-03-29,TOLERANCE,,-2/0 (%),GdsrNGTLImperial20260329.csv
2026-03-29,TOLERANCE_LAST_CHANGED,,2026-Mar-20 at 08:00,GdsrNGTLImperial20260329.csv
2026-03-29,TOTAL_OBA_ACCOUNT_TJ,1001.9,,GdsrNGTLImperial20260329.csv
2026-03-29,TOTAL_SD_ACCOUNT_TJ,-239.7,,GdsrNGTLImperial20260329.csv
2026-03-30,END_OF_DAY_LINEPACK,21019.0,,GdsrNGTLImperial20260330.csv
2026-03-30,LINEPACK_CHANGE_24H,152.0,,GdsrNGTLImperial20260330.csv
2026-03-30,LINEPACK_RATE_OF_CHANGE,-396.0,,GdsrNGTLImperial20260330.csv
2026-03-30,LINEPACK_TARGET,20836.0,,GdsrNGTLImperial20260330.csv
2026-03-30,NGTL_FIELD_RECEIPTS,14659.0,,GdsrNGTLImperial20260330.csv
2026-03-30,TOLERANCE,,-2/0 (%),GdsrNGTLImperial20260330.csv
2026-03-30,TOLERANCE_LAST_CHANGED,,2026-Mar-20 at 08:00,GdsrNGTLImperial20260330.csv
2026-03-30,TOTAL_OBA_ACCOUNT_TJ,970.9,,GdsrNGTLImperial20260330.csv
2026-03-30,TOTAL_SD_ACCOUNT_TJ,-29.5,,GdsrNGTLImperial20260330.csv
2026-03-31,END_OF_DAY_LINEPACK,20830.0,,GdsrNGTLImperial20260331.csv
2026-03-31,LINEPACK_CHANGE_24H,-189.0,,GdsrNGTLImperial20260331.csv
2026-03-31,LINEPACK_RATE_OF_CHANGE,-711.0,,GdsrNGTLImperial20260331.csv
2026-03-31,LINEPACK_TARGET,20836.0,,GdsrNGTLImperial20260331.csv
2026-03-31,NGTL_FIELD_RECEIPTS,14655.0,,GdsrNGTLImperial20260331.csv
2026-03-31,TOLERANCE,,-2/0 (%),GdsrNGTLImperial20260331.csv
2026-03-31,TOLERANCE_LAST_CHANGED,,2026-Mar-20 at 08:00,GdsrNGTLImperial20260331.csv
2026-03-31,TOTAL_OBA_ACCOUNT_TJ,926.7,,GdsrNGTLImperial20260331.csv
2026-03-31,TOTAL_SD_ACCOUNT_TJ,-94.1,,GdsrNGTLImperial20260331.csv
2026-04-01,END_OF_DAY_LINEPACK,20723.0,,GdsrNGTLImperial20260401.csv
2026-04-01,LINEPACK_CHANGE_24H,-107.0,,GdsrNGTLImperial20260401.csv
2026-04-01,LINEPACK_RATE_OF_CHANGE,-191.0,,GdsrNGTLImperial20260401.csv
2026-04-01,LINEPACK_TARGET,20836.0,,GdsrNGTLImperial20260401.csv
2026-04-01,NGTL_FIELD_RECEIPTS,14762.0,,GdsrNGTLImperial20260401.csv
2026-04-01,TOLERANCE,,-2/0 (%),GdsrNGTLImperial20260401.csv
2026-04-01,TOLERANCE_LAST_CHANGED,,2026-Mar-20 at 08:00,GdsrNGTLImperial20260401.csv
2026-04-01,TOTAL_OBA_ACCOUNT_TJ,957.5,,GdsrNGTLImperial20260401.csv
2026-04-01,TOTAL_SD_ACCOUNT_TJ,54.8,,GdsrNGTLImperial20260401.csv
2026-04-02,END_OF_DAY_LINEPACK,20538.0,,GdsrNGTLImperial20260402.csv
2026-04-02,LINEPACK_CHANGE_24H,-184.0,,GdsrNGTLImperial20260402.csv
2026-04-02,LINEPACK_RATE_OF_CHANGE,9.0,,GdsrNGTLImperial20260402.csv
2026-04-02,LINEPACK_TARGET,20836.0,,GdsrNGTLImperial20260402.csv
2026-04-02,NGTL_FIELD_RECEIPTS,14450.0,,GdsrNGTLImperial20260402.csv
2026-04-02,TOLERANCE,,-2/0 (%),GdsrNGTLImperial20260402.csv
2026-04-02,TOLERANCE_LAST_CHANGED,,2026-Mar-20 at 08:00,GdsrNGTLImperial20260402.csv
2026-04-02,TOTAL_OBA_ACCOUNT_TJ,852.7,,GdsrNGTLImperial20260402.csv
2026-04-02,TOTAL_SD_ACCOUNT_TJ,-91.2,,GdsrNGTLImperial20260402.csv
2026-04-03,END_OF_DAY_LINEPACK,20590.0,,GdsrNGTLImperial20260403.csv
2026-04-03,LINEPACK_CHANGE_24H,52.0,,GdsrNGTLImperial20260403.csv
2026-04-03,LINEPACK_RATE_OF_CHANGE,-126.0,,GdsrNGTLImperial20260403.csv
2026-04-03,LINEPACK_TARGET,20836.0,,GdsrNGTLImperial20260403.csv
2026-04-03,NGTL_FIELD_RECEIPTS,14547.0,,GdsrNGTLImperial20260403.csv
2026-04-03,TOLERANCE,,-2/0 (%),GdsrNGTLImperial20260403.csv
2026-04-03,TOLERANCE_LAST_CHANGED,,2026-Mar-20 at 08:00,GdsrNGTLImperial20260403.csv
2026-04-03,TOTAL_OBA_ACCOUNT_TJ,752.1,,GdsrNGTLImperial20260403.csv
2026-04-03,TOTAL_SD_ACCOUNT_TJ,-177.7,,GdsrNGTLImperial20260403.csv
2026-04-04,END_OF_DAY_LINEPACK,20660.0,,GdsrNGTLImperial20260404.csv
2026-04-04,LINEPACK_CHANGE_24H,70.0,,GdsrNGTLImperial20260404.csv
2026-04-04,LINEPACK_RATE_OF_CHANGE,-431.0,,GdsrNGTLImperial20260404.csv
2026-04-04,LINEPACK_TARGET,20836.0,,GdsrNGTLImperial20260404.csv
2026-04-04,NGTL_FIELD_RECEIPTS,14544.0,,GdsrNGTLImperial20260404.csv
2026-04-04,TOLERANCE,,-2/0 (%),GdsrNGTLImperial20260404.csv
2026-04-04,TOLERANCE_LAST_CHANGED,,2026-Mar-20 at 08:00,GdsrNGTLImperial20260404.csv
2026-04-04,TOTAL_OBA_ACCOUNT_TJ,586.9,,GdsrNGTLImperial20260404.csv
2026-04-04,TOTAL_SD_ACCOUNT_TJ,-24.2,,GdsrNGTLImperial20260404.csv
2026-04-05,END_OF_DAY_LINEPACK,20526.0,,GdsrNGTLImperial20260405.csv
2026-04-05,LINEPACK_CHANGE_24H,-134.0,,GdsrNGTLImperial20260405.csv
2026-04-05,LINEPACK_RATE_OF_CHANGE,-177.0,,GdsrNGTLImperial20260405.csv
2026-04-05,LINEPACK_TARGET,20836.0,,GdsrNGTLImperial20260405.csv
2026-04-05,NGTL_FIELD_RECEIPTS,14555.0,,GdsrNGTLImperial20260405.csv
2026-04-05,TOLERANCE,,-2/0 (%),GdsrNGTLImperial20260405.csv
2026-04-05,TOLERANCE_LAST_CHANGED,,2026-Mar-20 at 08:00,GdsrNGTLImperial20260405.csv
2026-04-05,TOTAL_OBA_ACCOUNT_TJ,663.8,,GdsrNGTLImperial20260405.csv
2026-04-05,TOTAL_SD_ACCOUNT_TJ,-208.0,,GdsrNGTLImperial20260405.csv
2026-04-06,END_OF_DAY_LINEPACK,20550.0,,GdsrNGTLImperial20260406.csv
2026-04-06,LINEPACK_CHANGE_24H,24.0,,GdsrNGTLImperial20260406.csv
2026-04-06,LINEPACK_RATE_OF_CHANGE,-16.0,,GdsrNGTLImperial20260406.csv
2026-04-06,LINEPACK_TARGET,20659.0,,GdsrNGTLImperial20260406.csv
2026-04-06,NGTL_FIELD_RECEIPTS,14437.0,,GdsrNGTLImperial20260406.csv
2026-04-06,TOLERANCE,,-2/0 (%),GdsrNGTLImperial20260406.csv
2026-04-06,TOLERANCE_LAST_CHANGED,,2026-Mar-20 at 08:00,GdsrNGTLImperial20260406.csv
2026-04-06,TOTAL_OBA_ACCOUNT_TJ,930.9,,GdsrNGTLImperial20260406.csv
2026-04-06,TOTAL_SD_ACCOUNT_TJ,-359.4,,GdsrNGTLImperial20260406.csv
2026-04-07,END_OF_DAY_LINEPACK,20188.0,,GdsrNGTLImperial20260407.csv
2026-04-07,LINEPACK_CHANGE_24H,-362.0,,GdsrNGTLImperial20260407.csv
2026-04-07,LINEPACK_RATE_OF_CHANGE,-495.0,,GdsrNGTLImperial20260407.csv
2026-04-07,LINEPACK_TARGET,20659.0,,GdsrNGTLImperial20260407.csv
2026-04-07,NGTL_FIELD_RECEIPTS,14219.0,,GdsrNGTLImperial20260407.csv
2026-04-07,TOLERANCE,,-2/0 (%),GdsrNGTLImperial20260407.csv
2026-04-07,TOLERANCE_LAST_CHANGED,,2026-Mar-20 at 08:00,GdsrNGTLImperial20260407.csv
2026-04-07,TOTAL_OBA_ACCOUNT_TJ,616.9,,GdsrNGTLImperial20260407.csv
2026-04-07,TOTAL_SD_ACCOUNT_TJ,-487.5,,GdsrNGTLImperial20260407.csv
2026-04-08,END_OF_DAY_LINEPACK,20309.0,,GdsrNGTLImperial20260408.csv
2026-04-08,LINEPACK_CHANGE_24H,120.0,,GdsrNGTLImperial20260408.csv
2026-04-08,LINEPACK_RATE_OF_CHANGE,245.0,,GdsrNGTLImperial20260408.csv
2026-04-08,LINEPACK_TARGET,20659.0,,GdsrNGTLImperial20260408.csv
2026-04-08,NGTL_FIELD_RECEIPTS,14167.0,,GdsrNGTLImperial20260408.csv
2026-04-08,TOLERANCE,,-2/0 (%),GdsrNGTLImperial20260408.csv
2026-04-08,TOLERANCE_LAST_CHANGED,,2026-Mar-20 at 08:00,GdsrNGTLImperial20260408.csv
2026-04-08,TOTAL_OBA_ACCOUNT_TJ,517.3,,GdsrNGTLImperial20260408.csv
2026-04-08,TOTAL_SD_ACCOUNT_TJ,-428.9,,GdsrNGTLImperial20260408.csv
2026-04-09,END_OF_DAY_LINEPACK,20765.0,,GdsrNGTLImperial20260409.csv
2026-04-09,LINEPACK_CHANGE_24H,456.0,,GdsrNGTLImperial20260409.csv
2026-04-09,LINEPACK_RATE_OF_CHANGE,293.0,,GdsrNGTLImperial20260409.csv
2026-04-09,LINEPACK_TARGET,20659.0,,GdsrNGTLImperial20260409.csv
2026-04-09,NGTL_FIELD_RECEIPTS,14171.0,,GdsrNGTLImperial20260409.csv
2026-04-09,TOLERANCE,,-2/0 (%),GdsrNGTLImperial20260409.csv
2026-04-09,TOLERANCE_LAST_CHANGED,,2026-Mar-20 at 08:00,GdsrNGTLImperial20260409.csv
2026-04-09,TOTAL_OBA_ACCOUNT_TJ,627.3,,GdsrNGTLImperial20260409.csv
2026-04-09,TOTAL_SD_ACCOUNT_TJ,-60.3,,GdsrNGTLImperial20260409.csv
2026-04-10,END_OF_DAY_LINEPACK,20529.0,,GdsrNGTLImperial20260410.csv
2026-04-10,LINEPACK_CHANGE_24H,-235.0,,GdsrNGTLImperial20260410.csv
2026-04-10,LINEPACK_RATE_OF_CHANGE,-737.0,,GdsrNGTLImperial20260410.csv
2026-04-10,LINEPACK_TARGET,20659.0,,GdsrNGTLImperial20260410.csv
2026-04-10,NGTL_FIELD_RECEIPTS,14189.0,,GdsrNGTLImperial20260410.csv
2026-04-10,TOLERANCE,,-2/0 (%),GdsrNGTLImperial20260410.csv
2026-04-10,TOLERANCE_LAST_CHANGED,,2026-Mar-20 at 08:00,GdsrNGTLImperial20260410.csv
2026-04-10,TOTAL_OBA_ACCOUNT_TJ,490.3,,GdsrNGTLImperial20260410.csv
2026-04-10,TOTAL_SD_ACCOUNT_TJ,-278.4,,GdsrNGTLImperial20260410.csv
2026-04-11,END_OF_DAY_LINEPACK,20509.0,,GdsrNGTLImperial20260411.csv
2026-04-11,LINEPACK_CHANGE_24H,-20.0,,GdsrNGTLImperial20260411.csv
2026-04-11,LINEPACK_RATE_OF_CHANGE,-156.0,,GdsrNGTLImperial20260411.csv
2026-04-11,LINEPACK_TARGET,20659.0,,GdsrNGTLImperial20260411.csv
2026-04-11,NGTL_FIELD_RECEIPTS,14360.0,,GdsrNGTLImperial20260411.csv
2026-04-11,TOLERANCE,,-2/0 (%),GdsrNGTLImperial20260411.csv
2026-04-11,TOLERANCE_LAST_CHANGED,,2026-Mar-20 at 08:00,GdsrNGTLImperial20260411.csv
2026-04-11,TOTAL_OBA_ACCOUNT_TJ,231.7,,GdsrNGTLImperial20260411.csv
2026-04-11,TOTAL_SD_ACCOUNT_TJ,-60.4,,GdsrNGTLImperial20260411.csv
2026-04-12,END_OF_DAY_LINEPACK,20024.0,,GdsrNGTLImperial20260412.csv
2026-04-12,LINEPACK_CHANGE_24H,-486.0,,GdsrNGTLImperial20260412.csv
2026-04-12,LINEPACK_RATE_OF_CHANGE,-882.0,,GdsrNGTLImperial20260412.csv
2026-04-12,LINEPACK_TARGET,20659.0,,GdsrNGTLImperial20260412.csv
2026-04-12,NGTL_FIELD_RECEIPTS,13991.0,,GdsrNGTLImperial20260412.csv
2026-04-12,TOLERANCE,,-2/0 (%),GdsrNGTLImperial20260412.csv
2026-04-12,TOLERANCE_LAST_CHANGED,,2026-Mar-20 at 08:00,GdsrNGTLImperial20260412.csv
2026-04-12,TOTAL_OBA_ACCOUNT_TJ,277.9,,GdsrNGTLImperial20260412.csv
2026-04-12,TOTAL_SD_ACCOUNT_TJ,-623.8,,GdsrNGTLImperial20260412.csv
2026-04-13,END_OF_DAY_LINEPACK,20558.0,,GdsrNGTLImperial20260413.csv
2026-04-13,LINEPACK_CHANGE_24H,534.0,,GdsrNGTLImperial20260413.csv
2026-04-13,LINEPACK_RATE_OF_CHANGE,786.0,,GdsrNGTLImperial20260413.csv
2026-04-13,LINEPACK_TARGET,20659.0,,GdsrNGTLImperial20260413.csv
2026-04-13,NGTL_FIELD_RECEIPTS,14176.0,,GdsrNGTLImperial20260413.csv
2026-04-13,TOLERANCE,,-2/0 (%),GdsrNGTLImperial20260413.csv
2026-04-13,TOLERANCE_LAST_CHANGED,,2026-Mar-20 at 08:00,GdsrNGTLImperial20260413.csv
2026-04-13,TOTAL_OBA_ACCOUNT_TJ,534.6,,GdsrNGTLImperial20260413.csv
2026-04-13,TOTAL_SD_ACCOUNT_TJ,-506.3,,GdsrNGTLImperial20260413.csv
2026-04-14,END_OF_DAY_LINEPACK,20511.0,,GdsrNGTLImperial20260414.csv
2026-04-14,LINEPACK_CHANGE_24H,-47.0,,GdsrNGTLImperial20260414.csv
2026-04-14,LINEPACK_RATE_OF_CHANGE,-199.0,,GdsrNGTLImperial20260414.csv
2026-04-14,LINEPACK_TARGET,20659.0,,GdsrNGTLImperial20260414.csv
2026-04-14,NGTL_FIELD_RECEIPTS,14012.0,,GdsrNGTLImperial20260414.csv
2026-04-14,TOLERANCE,,-2/0 (%),GdsrNGTLImperial20260414.csv
2026-04-14,TOLERANCE_LAST_CHANGED,,2026-Mar-20 at 08:00,GdsrNGTLImperial20260414.csv
2026-04-14,TOTAL_OBA_ACCOUNT_TJ,412.8,,GdsrNGTLImperial20260414.csv
2026-04-14,TOTAL_SD_ACCOUNT_TJ,-493.6,,GdsrNGTLImperial20260414.csv
2026-04-15,END_OF_DAY_LINEPACK,20415.0,,GdsrNGTLImperial20260415.csv
2026-04-15,LINEPACK_CHANGE_24H,-96.0,,GdsrNGTLImperial20260415.csv
2026-04-15,LINEPACK_RATE_OF_CHANGE,-398.0,,GdsrNGTLImperial20260415.csv
2026-04-15,LINEPACK_TARGET,20659.0,,GdsrNGTLImperial20260415.csv
2026-04-15,NGTL_FIELD_RECEIPTS,14213.0,,GdsrNGTLImperial20260415.csv
2026-04-15,TOLERANCE,,-2/0 (%),GdsrNGTLImperial20260415.csv
2026-04-15,TOLERANCE_LAST_CHANGED,,2026-Mar-20 at 08:00,GdsrNGTLImperial20260415.csv
2026-04-15,TOTAL_OBA_ACCOUNT_TJ,458.0,,GdsrNGTLImperial20260415.csv
2026-04-15,TOTAL_SD_ACCOUNT_TJ,-569.7,,GdsrNGTLImperial20260415.csv
2026-04-16,END_OF_DAY_LINEPACK,20525.0,,GdsrNGTLImperial20260416.csv
2026-04-16,LINEPACK_CHANGE_24H,110.0,,GdsrNGTLImperial20260416.csv
2026-04-16,LINEPACK_RATE_OF_CHANGE,-11.0,,GdsrNGTLImperial20260416.csv
2026-04-16,LINEPACK_TARGET,20659.0,,GdsrNGTLImperial20260416.csv
2026-04-16,NGTL_FIELD_RECEIPTS,13978.0,,GdsrNGTLImperial20260416.csv
2026-04-16,TOLERANCE,,-2/0 (%),GdsrNGTLImperial20260416.csv
2026-04-16,TOLERANCE_LAST_CHANGED,,2026-Mar-20 at 08:00,GdsrNGTLImperial20260416.csv
2026-04-16,TOTAL_OBA_ACCOUNT_TJ,492.6,,GdsrNGTLImperial20260416.csv
2026-04-16,TOTAL_SD_ACCOUNT_TJ,-464.7,,GdsrNGTLImperial20260416.csv
2026-04-17,END_OF_DAY_LINEPACK,20643.0,,GdsrNGTLImperial20260417.csv
2026-04-17,LINEPACK_CHANGE_24H,118.0,,GdsrNGTLImperial20260417.csv
2026-04-17,LINEPACK_RATE_OF_CHANGE,29.0,,GdsrNGTLImperial20260417.csv
2026-04-17,LINEPACK_TARGET,20659.0,,GdsrNGTLImperial20260417.csv
2026-04-17,NGTL_FIELD_RECEIPTS,14075.0,,GdsrNGTLImperial20260417.csv
2026-04-17,TOLERANCE,,-2/0 (%),GdsrNGTLImperial20260417.csv
2026-04-17,TOLERANCE_LAST_CHANGED,,2026-Mar-20 at 08:00,GdsrNGTLImperial20260417.csv
2026-04-17,TOTAL_OBA_ACCOUNT_TJ,271.2,,GdsrNGTLImperial20260417.csv
2026-04-17,TOTAL_SD_ACCOUNT_TJ,-147.0,,GdsrNGTLImperial20260417.csv
2026-04-18,END_OF_DAY_LINEPACK,20652.0,,GdsrNGTLImperial20260418.csv
2026-04-18,LINEPACK_CHANGE_24H,10.0,,GdsrNGTLImperial20260418.csv
2026-04-18,LINEPACK_RATE_OF_CHANGE,-28.0,,GdsrNGTLImperial20260418.csv
2026-04-18,LINEPACK_TARGET,20659.0,,GdsrNGTLImperial20260418.csv
2026-04-18,NGTL_FIELD_RECEIPTS,14009.0,,GdsrNGTLImperial20260418.csv
2026-04-18,TOLERANCE,,-2/0 (%),GdsrNGTLImperial20260418.csv
2026-04-18,TOLERANCE_LAST_CHANGED,,2026-Mar-20 at 08:00,GdsrNGTLImperial20260418.csv
2026-04-18,TOTAL_OBA_ACCOUNT_TJ,370.5,,GdsrNGTLImperial20260418.csv
2026-04-18,TOTAL_SD_ACCOUNT_TJ,-221.9,,GdsrNGTLImperial20260418.csv
2026-04-19,END_OF_DAY_LINEPACK,21052.0,,GdsrNGTLImperial20260419.csv
2026-04-19,LINEPACK_CHANGE_24H,400.0,,GdsrNGTLImperial20260419.csv
2026-04-19,LINEPACK_RATE_OF_CHANGE,-329.0,,GdsrNGTLImperial20260419.csv
2026-04-19,LINEPACK_TARGET,20659.0,,GdsrNGTLImperial20260419.csv
2026-04-19,NGTL_FIELD_RECEIPTS,13976.0,,GdsrNGTLImperial20260419.csv
2026-04-19,TOLERANCE,,-2/0 (%),GdsrNGTLImperial20260419.csv
2026-04-19,TOLERANCE_LAST_CHANGED,,2026-Mar-20 at 08:00,GdsrNGTLImperial20260419.csv
2026-04-19,TOTAL_OBA_ACCOUNT_TJ,685.8,,GdsrNGTLImperial20260419.csv
2026-04-19,TOTAL_SD_ACCOUNT_TJ,-60.7,,GdsrNGTLImperial20260419.csv
2026-04-20,END_OF_DAY_LINEPACK,20714.0,,GdsrNGTLImperial20260420.csv
2026-04-20,LINEPACK_CHANGE_24H,-338.0,,GdsrNGTLImperial20260420.csv
2026-04-20,LINEPACK_RATE_OF_CHANGE,-551.0,,GdsrNGTLImperial20260420.csv
2026-04-20,LINEPACK_TARGET,20659.0,,GdsrNGTLImperial20260420.csv
2026-04-20,NGTL_FIELD_RECEIPTS,13781.0,,GdsrNGTLImperial20260420.csv
2026-04-20,TOLERANCE,,-2/0 (%),GdsrNGTLImperial20260420.csv
2026-04-20,TOLERANCE_LAST_CHANGED,,2026-Mar-20 at 08:00,GdsrNGTLImperial20260420.csv
2026-04-20,TOTAL_OBA_ACCOUNT_TJ,595.2,,GdsrNGTLImperial20260420.csv
2026-04-20,TOTAL_SD_ACCOUNT_TJ,-458.4,,GdsrNGTLImperial20260420.csv
2026-04-21,END_OF_DAY_LINEPACK,20974.0,,GdsrNGTLImperial20260421.csv
2026-04-21,LINEPACK_CHANGE_24H,260.0,,GdsrNGTLImperial20260421.csv
2026-04-21,LINEPACK_RATE_OF_CHANGE,245.0,,GdsrNGTLImperial20260421.csv
2026-04-21,LINEPACK_TARGET,20659.0,,GdsrNGTLImperial20260421.csv
2026-04-21,NGTL_FIELD_RECEIPTS,13913.0,,GdsrNGTLImperial20260421.csv
2026-04-21,TOLERANCE,,-2/0 (%),GdsrNGTLImperial20260421.csv
2026-04-21,TOLERANCE_LAST_CHANGED,,2026-Mar-20 at 08:00,GdsrNGTLImperial20260421.csv
2026-04-21,TOTAL_OBA_ACCOUNT_TJ,526.9,,GdsrNGTLImperial20260421.csv
2026-04-21,TOTAL_SD_ACCOUNT_TJ,-163.1,,GdsrNGTLImperial20260421.csv
2026-04-22,END_OF_DAY_LINEPACK,20805.0,,GdsrNGTLImperial20260422.csv
2026-04-22,LINEPACK_CHANGE_24H,-169.0,,GdsrNGTLImperial20260422.csv
2026-04-22,LINEPACK_RATE_OF_CHANGE,-216.0,,GdsrNGTLImperial20260422.csv
2026-04-22,LINEPACK_TARGET,20659.0,,GdsrNGTLImperial20260422.csv
2026-04-22,NGTL_FIELD_RECEIPTS,13727.0,,GdsrNGTLImperial20260422.csv
2026-04-22,TOLERANCE,,-2/0 (%),GdsrNGTLImperial20260422.csv
2026-04-22,TOLERANCE_LAST_CHANGED,,2026-Mar-20 at 08:00,GdsrNGTLImperial20260422.csv
2026-04-22,TOTAL_OBA_ACCOUNT_TJ,578.8,,GdsrNGTLImperial20260422.csv
2026-04-22,TOTAL_SD_ACCOUNT_TJ,-304.3,,GdsrNGTLImperial20260422.csv
2026-04-23,END_OF_DAY_LINEPACK,20592.0,,GdsrNGTLImperial20260423.csv
2026-04-23,LINEPACK_CHANGE_24H,-213.0,,GdsrNGTLImperial20260423.csv
2026-04-23,LINEPACK_RATE_OF_CHANGE,-806.0,,GdsrNGTLImperial20260423.csv
2026-04-23,LINEPACK_TARGET,20659.0,,GdsrNGTLImperial20260423.csv
2026-04-23,NGTL_FIELD_RECEIPTS,13754.0,,GdsrNGTLImperial20260423.csv
2026-04-23,TOLERANCE,,-2/0 (%),GdsrNGTLImperial20260423.csv
2026-04-23,TOLERANCE_LAST_CHANGED,,2026-Mar-20 at 08:00,GdsrNGTLImperial20260423.csv
2026-04-23,TOTAL_OBA_ACCOUNT_TJ,515.9,,GdsrNGTLImperial20260423.csv
2026-04-23,TOTAL_SD_ACCOUNT_TJ,-493.4,,GdsrNGTLImperial20260423.csv
2026-04-24,END_OF_DAY_LINEPACK,20449.0,,GdsrNGTLImperial20260424.csv
2026-04-24,LINEPACK_CHANGE_24H,-143.0,,GdsrNGTLImperial20260424.csv
2026-04-24,LINEPACK_RATE_OF_CHANGE,-52.0,,GdsrNGTLImperial20260424.csv
2026-04-24,LINEPACK_TARGET,20659.0,,GdsrNGTLImperial20260424.csv
2026-04-24,NGTL_FIELD_RECEIPTS,13868.0,,GdsrNGTLImperial20260424.csv
2026-04-24,TOLERANCE,,-2/0 (%),GdsrNGTLImperial20260424.csv
2026-04-24,TOLERANCE_LAST_CHANGED,,2026-Mar-20 at 08:00,GdsrNGTLImperial20260424.csv
2026-04-24,TOTAL_OBA_ACCOUNT_TJ,486.3,,GdsrNGTLImperial20260424.csv
2026-04-24,TOTAL_SD_ACCOUNT_TJ,-450.2,,GdsrNGTLImperial20260424.csv
2026-04-25,END_OF_DAY_LINEPACK,20599.0,,GdsrNGTLImperial20260425.csv
2026-04-25,LINEPACK_CHANGE_24H,150.0,,GdsrNGTLImperial20260425.csv
2026-04-25,LINEPACK_RATE_OF_CHANGE,-112.0,,GdsrNGTLImperial20260425.csv
2026-04-25,LINEPACK_TARGET,20659.0,,GdsrNGTLImperial20260425.csv
2026-04-25,NGTL_FIELD_RECEIPTS,13866.0,,GdsrNGTLImperial20260425.csv
2026-04-25,TOLERANCE,,-2/0 (%),GdsrNGTLImperial20260425.csv
2026-04-25,TOLERANCE_LAST_CHANGED,,2026-Mar-20 at 08:00,GdsrNGTLImperial20260425.csv
2026-04-25,TOTAL_OBA_ACCOUNT_TJ,465.2,,GdsrNGTLImperial20260425.csv
2026-04-25,TOTAL_SD_ACCOUNT_TJ,-204.3,,GdsrNGTLImperial20260425.csv
2026-04-26,END_OF_DAY_LINEPACK,20710.0,,GdsrNGTLImperial20260426.csv
2026-04-26,LINEPACK_CHANGE_24H,112.0,,GdsrNGTLImperial20260426.csv
2026-04-26,LINEPACK_RATE_OF_CHANGE,-436.0,,GdsrNGTLImperial20260426.csv
2026-04-26,LINEPACK_TARGET,20659.0,,GdsrNGTLImperial20260426.csv
2026-04-26,NGTL_FIELD_RECEIPTS,13883.0,,GdsrNGTLImperial20260426.csv
2026-04-26,TOLERANCE,,-2/0 (%),GdsrNGTLImperial20260426.csv
2026-04-26,TOLERANCE_LAST_CHANGED,,2026-Mar-20 at 08:00,GdsrNGTLImperial20260426.csv
2026-04-26,TOTAL_OBA_ACCOUNT_TJ,567.7,,GdsrNGTLImperial20260426.csv
2026-04-26,TOTAL_SD_ACCOUNT_TJ,-253.2,,GdsrNGTLImperial20260426.csv
2026-04-27,END_OF_DAY_LINEPACK,20971.0,,GdsrNGTLImperial20260427.csv
2026-04-27,LINEPACK_CHANGE_24H,261.0,,GdsrNGTLImperial20260427.csv
2026-04-27,LINEPACK_RATE_OF_CHANGE,-194.0,,GdsrNGTLImperial20260427.csv
2026-04-27,LINEPACK_TARGET,20659.0,,GdsrNGTLImperial20260427.csv
2026-04-27,NGTL_FIELD_RECEIPTS,13843.0,,GdsrNGTLImperial20260427.csv
2026-04-27,TOLERANCE,,-2/0 (%),GdsrNGTLImperial20260427.csv
2026-04-27,TOLERANCE_LAST_CHANGED,,2026-Mar-20 at 08:00,GdsrNGTLImperial20260427.csv
2026-04-27,TOTAL_OBA_ACCOUNT_TJ,813.7,,GdsrNGTLImperial20260427.csv
2026-04-27,TOTAL_SD_ACCOUNT_TJ,-234.9,,GdsrNGTLImperial20260427.csv
2026-04-28,END_OF_DAY_LINEPACK,21017.0,,GdsrNGTLImperial20260428.csv
2026-04-28,LINEPACK_CHANGE_24H,46.0,,GdsrNGTLImperial20260428.csv
2026-04-28,LINEPACK_RATE_OF_CHANGE,-703.0,,GdsrNGTLImperial20260428.csv
2026-04-28,LINEPACK_TARGET,20659.0,,GdsrNGTLImperial20260428.csv
2026-04-28,NGTL_FIELD_RECEIPTS,14485.0,,GdsrNGTLImperial20260428.csv
2026-04-28,TOLERANCE,,-2/0 (%),GdsrNGTLImperial20260428.csv
2026-04-28,TOLERANCE_LAST_CHANGED,,2026-Mar-20 at 08:00,GdsrNGTLImperial20260428.csv
2026-04-28,TOTAL_OBA_ACCOUNT_TJ,857.8,,GdsrNGTLImperial20260428.csv
2026-04-28,TOTAL_SD_ACCOUNT_TJ,-294.1,,GdsrNGTLImperial20260428.csv
2026-04-29,END_OF_DAY_LINEPACK,20888.0,,GdsrNGTLImperial20260429.csv
2026-04-29,LINEPACK_CHANGE_24H,-129.0,,GdsrNGTLImperial20260429.csv
2026-04-29,LINEPACK_RATE_OF_CHANGE,-405.0,,GdsrNGTLImperial20260429.csv
2026-04-29,LINEPACK_TARGET,20659.0,,GdsrNGTLImperial20260429.csv
2026-04-29,NGTL_FIELD_RECEIPTS,14508.0,,GdsrNGTLImperial20260429.csv
2026-04-29,TOLERANCE,,-2/0 (%),GdsrNGTLImperial20260429.csv
2026-04-29,TOLERANCE_LAST_CHANGED,,2026-Mar-20 at 08:00,GdsrNGTLImperial20260429.csv
2026-04-29,TOTAL_OBA_ACCOUNT_TJ,914.1,,GdsrNGTLImperial20260429.csv
2026-04-29,TOTAL_SD_ACCOUNT_TJ,-321.0,,GdsrNGTLImperial20260429.csv
2026-04-30,END_OF_DAY_LINEPACK,20818.0,,GdsrNGTLImperial20260430.csv
2026-04-30,LINEPACK_CHANGE_24H,-70.0,,GdsrNGTLImperial20260430.csv
2026-04-30,LINEPACK_RATE_OF_CHANGE,-13.0,,GdsrNGTLImperial20260430.csv
2026-04-30,LINEPACK_TARGET,20659.0,,GdsrNGTLImperial20260430.csv
2026-04-30,NGTL_FIELD_RECEIPTS,13844.0,,GdsrNGTLImperial20260430.csv
2026-04-30,TOLERANCE,,-2/0 (%),GdsrNGTLImperial20260430.csv
2026-04-30,TOLERANCE_LAST_CHANGED,,2026-Mar-20 at 08:00,GdsrNGTLImperial20260430.csv
2026-04-30,TOTAL_OBA_ACCOUNT_TJ,786.3,,GdsrNGTLImperial20260430.csv
2026-04-30,TOTAL_SD_ACCOUNT_TJ,-224.9,,GdsrNGTLImperial20260430.csv
2026-05-01,END_OF_DAY_LINEPACK,20495.0,,GdsrNGTLImperial20260501.csv
2026-05-01,LINEPACK_CHANGE_24H,-323.0,,GdsrNGTLImperial20260501.csv
2026-05-01,LINEPACK_RATE_OF_CHANGE,-358.0,,GdsrNGTLImperial20260501.csv
2026-05-01,LINEPACK_TARGET,20659.0,,GdsrNGTLImperial20260501.csv
2026-05-01,NGTL_FIELD_RECEIPTS,13715.0,,GdsrNGTLImperial20260501.csv
2026-05-01,TOLERANCE,,-2/0 (%),GdsrNGTLImperial20260501.csv
2026-05-01,TOLERANCE_LAST_CHANGED,,2026-Mar-20 at 08:00,GdsrNGTLImperial20260501.csv
2026-05-01,TOTAL_OBA_ACCOUNT_TJ,656.9,,GdsrNGTLImperial20260501.csv
2026-05-01,TOTAL_SD_ACCOUNT_TJ,-367.4,,GdsrNGTLImperial20260501.csv
2026-05-02,END_OF_DAY_LINEPACK,20790.0,,GdsrNGTLImperial20260502.csv
2026-05-02,LINEPACK_CHANGE_24H,295.0,,GdsrNGTLImperial20260502.csv
2026-05-02,LINEPACK_RATE_OF_CHANGE,416.0,,GdsrNGTLImperial20260502.csv
2026-05-02,LINEPACK_TARGET,20659.0,,GdsrNGTLImperial20260502.csv
2026-05-02,NGTL_FIELD_RECEIPTS,13740.0,,GdsrNGTLImperial20260502.csv
2026-05-02,TOLERANCE,,-2/0 (%),GdsrNGTLImperial20260502.csv
2026-05-02,TOLERANCE_LAST_CHANGED,,2026-Mar-20 at 08:00,GdsrNGTLImperial20260502.csv
2026-05-02,TOTAL_OBA_ACCOUNT_TJ,761.8,,GdsrNGTLImperial20260502.csv
2026-05-02,TOTAL_SD_ACCOUNT_TJ,-180.8,,GdsrNGTLImperial20260502.csv
2026-05-03,END_OF_DAY_LINEPACK,20814.0,,GdsrNGTLImperial20260503.csv
2026-05-03,LINEPACK_CHANGE_24H,24.0,,GdsrNGTLImperial20260503.csv
2026-05-03,LINEPACK_RATE_OF_CHANGE,-356.0,,GdsrNGTLImperial20260503.csv
2026-05-03,LINEPACK_TARGET,20659.0,,GdsrNGTLImperial20260503.csv
2026-05-03,NGTL_FIELD_RECEIPTS,13884.0,,GdsrNGTLImperial20260503.csv
2026-05-03,TOLERANCE,,-2/0 (%),GdsrNGTLImperial20260503.csv
2026-05-03,TOLERANCE_LAST_CHANGED,,2026-Mar-20 at 08:00,GdsrNGTLImperial20260503.csv
2026-05-03,TOTAL_OBA_ACCOUNT_TJ,970.9,,GdsrNGTLImperial20260503.csv
2026-05-03,TOTAL_SD_ACCOUNT_TJ,-336.2,,GdsrNGTLImperial20260503.csv
2026-05-04,END_OF_DAY_LINEPACK,20655.0,,GdsrNGTLImperial20260504.csv
2026-05-04,LINEPACK_CHANGE_24H,-159.0,,GdsrNGTLImperial20260504.csv
2026-05-04,LINEPACK_RATE_OF_CHANGE,-437.0,,GdsrNGTLImperial20260504.csv
2026-05-04,LINEPACK_TARGET,20659.0,,GdsrNGTLImperial20260504.csv
2026-05-04,NGTL_FIELD_RECEIPTS,13775.0,,GdsrNGTLImperial20260504.csv
2026-05-04,TOLERANCE,,-2/0 (%),GdsrNGTLImperial20260504.csv
2026-05-04,TOLERANCE_LAST_CHANGED,,2026-Mar-20 at 08:00,GdsrNGTLImperial20260504.csv
2026-05-04,TOTAL_OBA_ACCOUNT_TJ,954.6,,GdsrNGTLImperial20260504.csv
2026-05-04,TOTAL_SD_ACCOUNT_TJ,-562.5,,GdsrNGTLImperial20260504.csv
2026-05-05,END_OF_DAY_LINEPACK,20671.0,,GdsrNGTLImperial20260505.csv
2026-05-05,LINEPACK_CHANGE_24H,16.0,,GdsrNGTLImperial20260505.csv
2026-05-05,LINEPACK_RATE_OF_CHANGE,-81.0,,GdsrNGTLImperial20260505.csv
2026-05-05,LINEPACK_TARGET,20659.0,,GdsrNGTLImperial20260505.csv
2026-05-05,NGTL_FIELD_RECEIPTS,13592.0,,GdsrNGTLImperial20260505.csv
2026-05-05,TOLERANCE,,-2/0 (%),GdsrNGTLImperial20260505.csv
2026-05-05,TOLERANCE_LAST_CHANGED,,2026-Mar-20 at 08:00,GdsrNGTLImperial20260505.csv
2026-05-05,TOTAL_OBA_ACCOUNT_TJ,685.3,,GdsrNGTLImperial20260505.csv
2026-05-05,TOTAL_SD_ACCOUNT_TJ,-393.1,,GdsrNGTLImperial20260505.csv
2026-05-06,END_OF_DAY_LINEPACK,20821.0,,GdsrNGTLImperial20260506.csv
2026-05-06,LINEPACK_CHANGE_24H,150.0,,GdsrNGTLImperial20260506.csv
2026-05-06,LINEPACK_RATE_OF_CHANGE,535.0,,GdsrNGTLImperial20260506.csv
2026-05-06,LINEPACK_TARGET,20659.0,,GdsrNGTLImperial20260506.csv
2026-05-06,NGTL_FIELD_RECEIPTS,13651.0,,GdsrNGTLImperial20260506.csv
2026-05-06,TOLERANCE,,-2/0 (%),GdsrNGTLImperial20260506.csv
2026-05-06,TOLERANCE_LAST_CHANGED,,2026-Mar-20 at 08:00,GdsrNGTLImperial20260506.csv
2026-05-06,TOTAL_OBA_ACCOUNT_TJ,889.4,,GdsrNGTLImperial20260506.csv
2026-05-06,TOTAL_SD_ACCOUNT_TJ,-117.3,,GdsrNGTLImperial20260506.csv
2026-05-07,END_OF_DAY_LINEPACK,20952.0,,GdsrNGTLImperial20260507.csv
2026-05-07,LINEPACK_CHANGE_24H,131.0,,GdsrNGTLImperial20260507.csv
2026-05-07,LINEPACK_RATE_OF_CHANGE,1.0,,GdsrNGTLImperial20260507.csv
2026-05-07,LINEPACK_TARGET,20659.0,,GdsrNGTLImperial20260507.csv
2026-05-07,NGTL_FIELD_RECEIPTS,14085.0,,GdsrNGTLImperial20260507.csv
2026-05-07,TOLERANCE,,-2/0 (%),GdsrNGTLImperial20260507.csv
2026-05-07,TOLERANCE_LAST_CHANGED,,2026-Mar-20 at 08:00,GdsrNGTLImperial20260507.csv
2026-05-07,TOTAL_OBA_ACCOUNT_TJ,1129.1,,GdsrNGTLImperial20260507.csv
2026-05-07,TOTAL_SD_ACCOUNT_TJ,71.3,,GdsrNGTLImperial20260507.csv
2026-05-08,END_OF_DAY_LINEPACK,20640.0,,GdsrNGTLImperial20260508.csv
2026-05-08,LINEPACK_CHANGE_24H,-312.0,,GdsrNGTLImperial20260508.csv
2026-05-08,LINEPACK_RATE_OF_CHANGE,-330.0,,GdsrNGTLImperial20260508.csv
2026-05-08,LINEPACK_TARGET,20659.0,,GdsrNGTLImperial20260508.csv
2026-05-08,NGTL_FIELD_RECEIPTS,13947.0,,GdsrNGTLImperial20260508.csv
2026-05-08,TOLERANCE,,-2/0 (%),GdsrNGTLImperial20260508.csv
2026-05-08,TOLERANCE_LAST_CHANGED,,2026-Mar-20 at 08:00,GdsrNGTLImperial20260508.csv
2026-05-08,TOTAL_OBA_ACCOUNT_TJ,1077.2,,GdsrNGTLImperial20260508.csv
2026-05-08,TOTAL_SD_ACCOUNT_TJ,-183.4,,GdsrNGTLImperial20260508.csv
2026-05-09,END_OF_DAY_LINEPACK,20510.0,,GdsrNGTLImperial20260509.csv
2026-05-09,LINEPACK_CHANGE_24H,-129.0,,GdsrNGTLImperial20260509.csv
2026-05-09,LINEPACK_RATE_OF_CHANGE,-149.0,,GdsrNGTLImperial20260509.csv
2026-05-09,LINEPACK_TARGET,20659.0,,GdsrNGTLImperial20260509.csv
2026-05-09,NGTL_FIELD_RECEIPTS,14003.0,,GdsrNGTLImperial20260509.csv
2026-05-09,TOLERANCE,,-2/0 (%),GdsrNGTLImperial20260509.csv
2026-05-09,TOLERANCE_LAST_CHANGED,,2026-Mar-20 at 08:00,GdsrNGTLImperial20260509.csv
2026-05-09,TOTAL_OBA_ACCOUNT_TJ,1094.7,,GdsrNGTLImperial20260509.csv
2026-05-09,TOTAL_SD_ACCOUNT_TJ,-219.1,,GdsrNGTLImperial20260509.csv
2026-05-10,END_OF_DAY_LINEPACK,20279.0,,GdsrNGTLImperial20260510.csv
2026-05-10,LINEPACK_CHANGE_24H,-232.0,,GdsrNGTLImperial20260510.csv
2026-05-10,LINEPACK_RATE_OF_CHANGE,-528.0,,GdsrNGTLImperial20260510.csv
2026-05-10,LINEPACK_TARGET,20659.0,,GdsrNGTLImperial20260510.csv
2026-05-10,NGTL_FIELD_RECEIPTS,13917.0,,GdsrNGTLImperial20260510.csv
2026-05-10,TOLERANCE,,-2/0 (%),GdsrNGTLImperial20260510.csv
2026-05-10,TOLERANCE_LAST_CHANGED,,2026-Mar-20 at 08:00,GdsrNGTLImperial20260510.csv
2026-05-10,TOTAL_OBA_ACCOUNT_TJ,1102.9,,GdsrNGTLImperial20260510.csv
2026-05-10,TOTAL_SD_ACCOUNT_TJ,-390.6,,GdsrNGTLImperial20260510.csv
2026-05-11,END_OF_DAY_LINEPACK,19990.0,,GdsrNGTLImperial20260511.csv
2026-05-11,LINEPACK_CHANGE_24H,-288.0,,GdsrNGTLImperial20260511.csv
2026-05-11,LINEPACK_RATE_OF_CHANGE,-430.0,,GdsrNGTLImperial20260511.csv
2026-05-11,LINEPACK_TARGET,20659.0,,GdsrNGTLImperial20260511.csv
2026-05-11,NGTL_FIELD_RECEIPTS,13563.0,,GdsrNGTLImperial20260511.csv
2026-05-11,TOLERANCE,,-2/0 (%),GdsrNGTLImperial20260511.csv
2026-05-11,TOLERANCE_LAST_CHANGED,,2026-Mar-20 at 08:00,GdsrNGTLImperial20260511.csv
2026-05-11,TOTAL_OBA_ACCOUNT_TJ,864.8,,GdsrNGTLImperial20260511.csv
2026-05-11,TOTAL_SD_ACCOUNT_TJ,-624.3,,GdsrNGTLImperial20260511.csv
2026-05-12,END_OF_DAY_LINEPACK,20263.0,,GdsrNGTLImperial20260512.csv
2026-05-12,LINEPACK_CHANGE_24H,273.0,,GdsrNGTLImperial20260512.csv
2026-05-12,LINEPACK_RATE_OF_CHANGE,651.0,,GdsrNGTLImperial20260512.csv
2026-05-12,LINEPACK_TARGET,20659.0,,GdsrNGTLImperial20260512.csv
2026-05-12,NGTL_FIELD_RECEIPTS,13523.0,,GdsrNGTLImperial20260512.csv
2026-05-12,TOLERANCE,,-2/0 (%),GdsrNGTLImperial20260512.csv
2026-05-12,TOLERANCE_LAST_CHANGED,,2026-Mar-20 at 08:00,GdsrNGTLImperial20260512.csv
2026-05-12,TOTAL_OBA_ACCOUNT_TJ,910.6,,GdsrNGTLImperial20260512.csv
2026-05-12,TOTAL_SD_ACCOUNT_TJ,-414.5,,GdsrNGTLImperial20260512.csv
2026-05-13,END_OF_DAY_LINEPACK,20486.0,,GdsrNGTLImperial20260513.csv
2026-05-13,LINEPACK_CHANGE_24H,223.0,,GdsrNGTLImperial20260513.csv
2026-05-13,LINEPACK_RATE_OF_CHANGE,181.0,,GdsrNGTLImperial20260513.csv
2026-05-13,LINEPACK_TARGET,20659.0,,GdsrNGTLImperial20260513.csv
2026-05-13,NGTL_FIELD_RECEIPTS,13724.0,,GdsrNGTLImperial20260513.csv
2026-05-13,TOLERANCE,,-2/0 (%),GdsrNGTLImperial20260513.csv
2026-05-13,TOLERANCE_LAST_CHANGED,,2026-Mar-20 at 08:00,GdsrNGTLImperial20260513.csv
2026-05-13,TOTAL_OBA_ACCOUNT_TJ,1171.5,,GdsrNGTLImperial20260513.csv
2026-05-13,TOTAL_SD_ACCOUNT_TJ,-347.0,,GdsrNGTLImperial20260513.csv
2026-05-14,END_OF_DAY_LINEPACK,20051.0,,GdsrNGTLImperial20260514.csv
2026-05-14,LINEPACK_CHANGE_24H,-435.0,,GdsrNGTLImperial20260514.csv
2026-05-14,LINEPACK_RATE_OF_CHANGE,-577.0,,GdsrNGTLImperial20260514.csv
2026-05-14,LINEPACK_TARGET,20659.0,,GdsrNGTLImperial20260514.csv
2026-05-14,NGTL_FIELD_RECEIPTS,13617.0,,GdsrNGTLImperial20260514.csv
2026-05-14,TOLERANCE,,-2/0 (%),GdsrNGTLImperial20260514.csv
2026-05-14,TOLERANCE_LAST_CHANGED,,2026-Mar-20 at 08:00,GdsrNGTLImperial20260514.csv
2026-05-14,TOTAL_OBA_ACCOUNT_TJ,866.1,,GdsrNGTLImperial20260514.csv
2026-05-14,TOTAL_SD_ACCOUNT_TJ,-590.0,,GdsrNGTLImperial20260514.csv
2026-05-15,END_OF_DAY_LINEPACK,19978.0,,GdsrNGTLImperial20260515.csv
2026-05-15,LINEPACK_CHANGE_24H,-73.0,,GdsrNGTLImperial20260515.csv
2026-05-15,LINEPACK_RATE_OF_CHANGE,-124.0,,GdsrNGTLImperial20260515.csv
2026-05-15,LINEPACK_TARGET,20659.0,,GdsrNGTLImperial20260515.csv
2026-05-15,NGTL_FIELD_RECEIPTS,13445.0,,GdsrNGTLImperial20260515.csv
2026-05-15,TOLERANCE,,-2/0 (%),GdsrNGTLImperial20260515.csv
2026-05-15,TOLERANCE_LAST_CHANGED,,2026-Mar-20 at 08:00,GdsrNGTLImperial20260515.csv
2026-05-15,TOTAL_OBA_ACCOUNT_TJ,568.7,,GdsrNGTLImperial20260515.csv
2026-05-15,TOTAL_SD_ACCOUNT_TJ,-407.0,,GdsrNGTLImperial20260515.csv
2026-05-16,END_OF_DAY_LINEPACK,20137.0,,GdsrNGTLImperial20260516.csv
2026-05-16,LINEPACK_CHANGE_24H,160.0,,GdsrNGTLImperial20260516.csv
2026-05-16,LINEPACK_RATE_OF_CHANGE,44.0,,GdsrNGTLImperial20260516.csv
2026-05-16,LINEPACK_TARGET,20659.0,,GdsrNGTLImperial20260516.csv
2026-05-16,NGTL_FIELD_RECEIPTS,13600.0,,GdsrNGTLImperial20260516.csv
2026-05-16,TOLERANCE,,-2/0 (%),GdsrNGTLImperial20260516.csv
2026-05-16,TOLERANCE_LAST_CHANGED,,2026-Mar-20 at 08:00,GdsrNGTLImperial20260516.csv
2026-05-16,TOTAL_OBA_ACCOUNT_TJ,731.3,,GdsrNGTLImperial20260516.csv
2026-05-16,TOTAL_SD_ACCOUNT_TJ,-360.3,,GdsrNGTLImperial20260516.csv
2026-05-17,END_OF_DAY_LINEPACK,20292.0,,GdsrNGTLImperial20260517.csv
2026-05-17,LINEPACK_CHANGE_24H,155.0,,GdsrNGTLImperial20260517.csv
2026-05-17,LINEPACK_RATE_OF_CHANGE,-168.0,,GdsrNGTLImperial20260517.csv
2026-05-17,LINEPACK_TARGET,20659.0,,GdsrNGTLImperial20260517.csv
2026-05-17,NGTL_FIELD_RECEIPTS,13907.0,,GdsrNGTLImperial20260517.csv
2026-05-17,TOLERANCE,,-2/0 (%),GdsrNGTLImperial20260517.csv
2026-05-17,TOLERANCE_LAST_CHANGED,,2026-Mar-20 at 08:00,GdsrNGTLImperial20260517.csv
2026-05-17,TOTAL_OBA_ACCOUNT_TJ,646.2,,GdsrNGTLImperial20260517.csv
2026-05-17,TOTAL_SD_ACCOUNT_TJ,-101.3,,GdsrNGTLImperial20260517.csv
2026-05-18,END_OF_DAY_LINEPACK,20208.0,,GdsrNGTLImperial20260518.csv
2026-05-18,LINEPACK_CHANGE_24H,-84.0,,GdsrNGTLImperial20260518.csv
2026-05-18,LINEPACK_RATE_OF_CHANGE,-423.0,,GdsrNGTLImperial20260518.csv
2026-05-18,LINEPACK_TARGET,20659.0,,GdsrNGTLImperial20260518.csv
2026-05-18,NGTL_FIELD_RECEIPTS,13860.0,,GdsrNGTLImperial20260518.csv
2026-05-18,TOLERANCE,,-2/0 (%),GdsrNGTLImperial20260518.csv
2026-05-18,TOLERANCE_LAST_CHANGED,,2026-Mar-20 at 08:00,GdsrNGTLImperial20260518.csv
2026-05-18,TOTAL_OBA_ACCOUNT_TJ,634.9,,GdsrNGTLImperial20260518.csv
2026-05-18,TOTAL_SD_ACCOUNT_TJ,-192.2,,GdsrNGTLImperial20260518.csv
2026-05-19,END_OF_DAY_LINEPACK,19835.0,,GdsrNGTLImperial20260519.csv
2026-05-19,LINEPACK_CHANGE_24H,-373.0,,GdsrNGTLImperial20260519.csv
2026-05-19,LINEPACK_RATE_OF_CHANGE,-331.0,,GdsrNGTLImperial20260519.csv
2026-05-19,LINEPACK_TARGET,20659.0,,GdsrNGTLImperial20260519.csv
2026-05-19,NGTL_FIELD_RECEIPTS,13539.0,,GdsrNGTLImperial20260519.csv
2026-05-19,TOLERANCE,,-2/0 (%),GdsrNGTLImperial20260519.csv
2026-05-19,TOLERANCE_LAST_CHANGED,,2026-Mar-20 at 08:00,GdsrNGTLImperial20260519.csv
2026-05-19,TOTAL_OBA_ACCOUNT_TJ,575.6,,GdsrNGTLImperial20260519.csv
2026-05-19,TOTAL_SD_ACCOUNT_TJ,-479.2,,GdsrNGTLImperial20260519.csv
2026-05-20,END_OF_DAY_LINEPACK,20040.0,,GdsrNGTLImperial20260520.csv
2026-05-20,LINEPACK_CHANGE_24H,204.0,,GdsrNGTLImperial20260520.csv
2026-05-20,LINEPACK_RATE_OF_CHANGE,110.0,,GdsrNGTLImperial20260520.csv
2026-05-20,LINEPACK_TARGET,20659.0,,GdsrNGTLImperial20260520.csv
2026-05-20,NGTL_FIELD_RECEIPTS,13378.0,,GdsrNGTLImperial20260520.csv
2026-05-20,TOLERANCE,,-1/1 (%),GdsrNGTLImperial20260520.csv
2026-05-20,TOLERANCE_LAST_CHANGED,,2026-May-20 at 08:00,GdsrNGTLImperial20260520.csv
2026-05-20,TOTAL_OBA_ACCOUNT_TJ,494.0,,GdsrNGTLImperial20260520.csv
2026-05-20,TOTAL_SD_ACCOUNT_TJ,-25.9,,GdsrNGTLImperial20260520.csv
2026-05-21,END_OF_DAY_LINEPACK,20300.0,,GdsrNGTLImperial20260521.csv
2026-05-21,LINEPACK_CHANGE_24H,261.0,,GdsrNGTLImperial20260521.csv
2026-05-21,LINEPACK_RATE_OF_CHANGE,150.0,,GdsrNGTLImperial20260521.csv
2026-05-21,LINEPACK_TARGET,20659.0,,GdsrNGTLImperial20260521.csv
2026-05-21,NGTL_FIELD_RECEIPTS,13469.0,,GdsrNGTLImperial20260521.csv
2026-05-21,TOLERANCE,,-1/1 (%),GdsrNGTLImperial20260521.csv
2026-05-21,TOLERANCE_LAST_CHANGED,,2026-May-20 at 08:00,GdsrNGTLImperial20260521.csv
2026-05-21,TOTAL_OBA_ACCOUNT_TJ,627.9,,GdsrNGTLImperial20260521.csv
2026-05-21,TOTAL_SD_ACCOUNT_TJ,167.8,,GdsrNGTLImperial20260521.csv
2026-05-22,END_OF_DAY_LINEPACK,20306.0,,GdsrNGTLImperial20260522.csv
2026-05-22,LINEPACK_CHANGE_24H,5.0,,GdsrNGTLImperial20260522.csv
2026-05-22,LINEPACK_RATE_OF_CHANGE,-111.0,,GdsrNGTLImperial20260522.csv
2026-05-22,LINEPACK_TARGET,20659.0,,GdsrNGTLImperial20260522.csv
2026-05-22,NGTL_FIELD_RECEIPTS,13463.0,,GdsrNGTLImperial20260522.csv
2026-05-22,TOLERANCE,,-1/1 (%),GdsrNGTLImperial20260522.csv
2026-05-22,TOLERANCE_LAST_CHANGED,,2026-May-20 at 08:00,GdsrNGTLImperial20260522.csv
2026-05-22,TOTAL_OBA_ACCOUNT_TJ,652.7,,GdsrNGTLImperial20260522.csv
2026-05-22,TOTAL_SD_ACCOUNT_TJ,197.2,,GdsrNGTLImperial20260522.csv
2026-05-23,END_OF_DAY_LINEPACK,20370.0,,GdsrNGTLImperial20260523.csv
2026-05-23,LINEPACK_CHANGE_24H,64.0,,GdsrNGTLImperial20260523.csv
2026-05-23,LINEPACK_RATE_OF_CHANGE,-473.0,,GdsrNGTLImperial20260523.csv
2026-05-23,LINEPACK_TARGET,20659.0,,GdsrNGTLImperial20260523.csv
2026-05-23,NGTL_FIELD_RECEIPTS,13333.0,,GdsrNGTLImperial20260523.csv
2026-05-23,TOLERANCE,,-1/1 (%),GdsrNGTLImperial20260523.csv
2026-05-23,TOLERANCE_LAST_CHANGED,,2026-May-20 at 08:00,GdsrNGTLImperial20260523.csv
2026-05-23,TOTAL_OBA_ACCOUNT_TJ,592.2,,GdsrNGTLImperial20260523.csv
2026-05-23,TOTAL_SD_ACCOUNT_TJ,112.8,,GdsrNGTLImperial20260523.csv
2026-05-24,END_OF_DAY_LINEPACK,20155.0,,GdsrNGTLImperial20260524.csv
2026-05-24,LINEPACK_CHANGE_24H,-215.0,,GdsrNGTLImperial20260524.csv
2026-05-24,LINEPACK_RATE_OF_CHANGE,-439.0,,GdsrNGTLImperial20260524.csv
2026-05-24,LINEPACK_TARGET,20659.0,,GdsrNGTLImperial20260524.csv
2026-05-24,NGTL_FIELD_RECEIPTS,12922.0,,GdsrNGTLImperial20260524.csv
2026-05-24,TOLERANCE,,-1/1 (%),GdsrNGTLImperial20260524.csv
2026-05-24,TOLERANCE_LAST_CHANGED,,2026-May-20 at 08:00,GdsrNGTLImperial20260524.csv
2026-05-24,TOTAL_OBA_ACCOUNT_TJ,498.9,,GdsrNGTLImperial20260524.csv
2026-05-24,TOTAL_SD_ACCOUNT_TJ,-151.8,,GdsrNGTLImperial20260524.csv
2026-05-25,END_OF_DAY_LINEPACK,19776.0,,GdsrNGTLImperial20260525.csv
2026-05-25,LINEPACK_CHANGE_24H,-378.0,,GdsrNGTLImperial20260525.csv
2026-05-25,LINEPACK_RATE_OF_CHANGE,-422.0,,GdsrNGTLImperial20260525.csv
2026-05-25,LINEPACK_TARGET,20659.0,,GdsrNGTLImperial20260525.csv
2026-05-25,NGTL_FIELD_RECEIPTS,12631.0,,GdsrNGTLImperial20260525.csv
2026-05-25,TOLERANCE,,-1/1 (%),GdsrNGTLImperial20260525.csv
2026-05-25,TOLERANCE_LAST_CHANGED,,2026-May-20 at 08:00,GdsrNGTLImperial20260525.csv
2026-05-25,TOTAL_OBA_ACCOUNT_TJ,485.0,,GdsrNGTLImperial20260525.csv
2026-05-25,TOTAL_SD_ACCOUNT_TJ,-373.1,,GdsrNGTLImperial20260525.csv
2026-05-26,END_OF_DAY_LINEPACK,20225.0,,GdsrNGTLImperial20260526.csv
2026-05-26,LINEPACK_CHANGE_24H,449.0,,GdsrNGTLImperial20260526.csv
2026-05-26,LINEPACK_RATE_OF_CHANGE,515.0,,GdsrNGTLImperial20260526.csv
2026-05-26,LINEPACK_TARGET,20659.0,,GdsrNGTLImperial20260526.csv
2026-05-26,NGTL_FIELD_RECEIPTS,12759.0,,GdsrNGTLImperial20260526.csv
2026-05-26,TOLERANCE,,-1/1 (%),GdsrNGTLImperial20260526.csv
2026-05-26,TOLERANCE_LAST_CHANGED,,2026-May-20 at 08:00,GdsrNGTLImperial20260526.csv
2026-05-26,TOTAL_OBA_ACCOUNT_TJ,631.0,,GdsrNGTLImperial20260526.csv
2026-05-26,TOTAL_SD_ACCOUNT_TJ,61.5,,GdsrNGTLImperial20260526.csv
2026-05-27,END_OF_DAY_LINEPACK,20091.0,,GdsrNGTLImperial20260527.csv
2026-05-27,LINEPACK_CHANGE_24H,-134.0,,GdsrNGTLImperial20260527.csv
2026-05-27,LINEPACK_RATE_OF_CHANGE,-39.0,,GdsrNGTLImperial20260527.csv
2026-05-27,LINEPACK_TARGET,20659.0,,GdsrNGTLImperial20260527.csv
2026-05-27,NGTL_FIELD_RECEIPTS,12576.0,,GdsrNGTLImperial20260527.csv
2026-05-27,TOLERANCE,,-1/1 (%),GdsrNGTLImperial20260527.csv
2026-05-27,TOLERANCE_LAST_CHANGED,,2026-May-20 at 08:00,GdsrNGTLImperial20260527.csv
2026-05-27,TOTAL_OBA_ACCOUNT_TJ,697.6,,GdsrNGTLImperial20260527.csv
2026-05-27,TOTAL_SD_ACCOUNT_TJ,-163.8,,GdsrNGTLImperial20260527.csv
2026-05-28,END_OF_DAY_LINEPACK,20085.0,,GdsrNGTLImperial20260528.csv
2026-05-28,LINEPACK_CHANGE_24H,-6.0,,GdsrNGTLImperial20260528.csv
2026-05-28,LINEPACK_RATE_OF_CHANGE,103.0,,GdsrNGTLImperial20260528.csv
2026-05-28,LINEPACK_TARGET,20659.0,,GdsrNGTLImperial20260528.csv
2026-05-28,NGTL_FIELD_RECEIPTS,12582.0,,GdsrNGTLImperial20260528.csv
2026-05-28,TOLERANCE,,-1/1 (%),GdsrNGTLImperial20260528.csv
2026-05-28,TOLERANCE_LAST_CHANGED,,2026-May-20 at 08:00,GdsrNGTLImperial20260528.csv
2026-05-28,TOTAL_OBA_ACCOUNT_TJ,841.2,,GdsrNGTLImperial20260528.csv
2026-05-28,TOTAL_SD_ACCOUNT_TJ,-219.4,,GdsrNGTLImperial20260528.csv
2026-05-29,END_OF_DAY_LINEPACK,20413.0,,GdsrNGTLImperial20260529.csv
2026-05-29,LINEPACK_CHANGE_24H,328.0,,GdsrNGTLImperial20260529.csv
2026-05-29,LINEPACK_RATE_OF_CHANGE,385.0,,GdsrNGTLImperial20260529.csv
2026-05-29,LINEPACK_TARGET,20659.0,,GdsrNGTLImperial20260529.csv
2026-05-29,NGTL_FIELD_RECEIPTS,12618.0,,GdsrNGTLImperial20260529.csv
2026-05-29,TOLERANCE,,-1/1 (%),GdsrNGTLImperial20260529.csv
2026-05-29,TOLERANCE_LAST_CHANGED,,2026-May-20 at 08:00,GdsrNGTLImperial20260529.csv
2026-05-29,TOTAL_OBA_ACCOUNT_TJ,704.3,,GdsrNGTLImperial20260529.csv
2026-05-29,TOTAL_SD_ACCOUNT_TJ,127.2,,GdsrNGTLImperial20260529.csv
2026-05-30,END_OF_DAY_LINEPACK,20989.0,,GdsrNGTLImperial20260530.csv
2026-05-30,LINEPACK_CHANGE_24H,576.0,,GdsrNGTLImperial20260530.csv
2026-05-30,LINEPACK_RATE_OF_CHANGE,908.0,,GdsrNGTLImperial20260530.csv
2026-05-30,LINEPACK_TARGET,20659.0,,GdsrNGTLImperial20260530.csv
2026-05-30,NGTL_FIELD_RECEIPTS,12973.0,,GdsrNGTLImperial20260530.csv
2026-05-30,TOLERANCE,,-1/1 (%),GdsrNGTLImperial20260530.csv
2026-05-30,TOLERANCE_LAST_CHANGED,,2026-May-20 at 08:00,GdsrNGTLImperial20260530.csv
2026-05-30,TOTAL_OBA_ACCOUNT_TJ,720.9,,GdsrNGTLImperial20260530.csv
2026-05-30,TOTAL_SD_ACCOUNT_TJ,600.5,,GdsrNGTLImperial20260530.csv
2026-05-31,END_OF_DAY_LINEPACK,20827.0,,GdsrNGTLImperial20260531.csv
2026-05-31,LINEPACK_CHANGE_24H,-162.0,,GdsrNGTLImperial20260531.csv
2026-05-31,LINEPACK_RATE_OF_CHANGE,-256.0,,GdsrNGTLImperial20260531.csv
2026-05-31,LINEPACK_TARGET,20659.0,,GdsrNGTLImperial20260531.csv
2026-05-31,NGTL_FIELD_RECEIPTS,13616.0,,GdsrNGTLImperial20260531.csv
2026-05-31,TOLERANCE,,-1/1 (%),GdsrNGTLImperial20260531.csv
2026-05-31,TOLERANCE_LAST_CHANGED,,2026-May-20 at 08:00,GdsrNGTLImperial20260531.csv
2026-05-31,TOTAL_OBA_ACCOUNT_TJ,851.7,,GdsrNGTLImperial20260531.csv
2026-05-31,TOTAL_SD_ACCOUNT_TJ,163.0,,GdsrNGTLImperial20260531.csv
2026-06-01,END_OF_DAY_LINEPACK,20196.0,,GdsrNGTLImperial20260601.csv
2026-06-01,LINEPACK_CHANGE_24H,-631.0,,GdsrNGTLImperial20260601.csv
2026-06-01,LINEPACK_RATE_OF_CHANGE,-251.0,,GdsrNGTLImperial20260601.csv
2026-06-01,LINEPACK_TARGET,20659.0,,GdsrNGTLImperial20260601.csv
2026-06-01,NGTL_FIELD_RECEIPTS,12610.0,,GdsrNGTLImperial20260601.csv
2026-06-01,TOLERANCE,,-1/1 (%),GdsrNGTLImperial20260601.csv
2026-06-01,TOLERANCE_LAST_CHANGED,,2026-May-20 at 08:00,GdsrNGTLImperial20260601.csv
2026-06-01,TOTAL_OBA_ACCOUNT_TJ,776.6,,GdsrNGTLImperial20260601.csv
2026-06-01,TOTAL_SD_ACCOUNT_TJ,-196.4,,GdsrNGTLImperial20260601.csv
2026-06-02,END_OF_DAY_LINEPACK,20240.0,,GdsrNGTLImperial20260602.csv
2026-06-02,LINEPACK_CHANGE_24H,44.0,,GdsrNGTLImperial20260602.csv
2026-06-02,LINEPACK_RATE_OF_CHANGE,210.0,,GdsrNGTLImperial20260602.csv
2026-06-02,LINEPACK_TARGET,20659.0,,GdsrNGTLImperial20260602.csv
2026-06-02,NGTL_FIELD_RECEIPTS,12981.0,,GdsrNGTLImperial20260602.csv
2026-06-02,TOLERANCE,,-1/1 (%),GdsrNGTLImperial20260602.csv
2026-06-02,TOLERANCE_LAST_CHANGED,,2026-May-20 at 08:00,GdsrNGTLImperial20260602.csv
2026-06-02,TOTAL_OBA_ACCOUNT_TJ,535.9,,GdsrNGTLImperial20260602.csv
2026-06-02,TOTAL_SD_ACCOUNT_TJ,79.4,,GdsrNGTLImperial20260602.csv
2026-06-03,END_OF_DAY_LINEPACK,19617.0,,GdsrNGTLImperial20260603.csv
2026-06-03,LINEPACK_CHANGE_24H,-623.0,,GdsrNGTLImperial20260603.csv
2026-06-03,LINEPACK_RATE_OF_CHANGE,-915.0,,GdsrNGTLImperial20260603.csv
2026-06-03,LINEPACK_TARGET,20659.0,,GdsrNGTLImperial20260603.csv
2026-06-03,NGTL_FIELD_RECEIPTS,12760.0,,GdsrNGTLImperial20260603.csv
2026-06-03,TOLERANCE,,-1/1 (%),GdsrNGTLImperial20260603.csv
2026-06-03,TOLERANCE_LAST_CHANGED,,2026-May-20 at 08:00,GdsrNGTLImperial20260603.csv
2026-06-03,TOTAL_OBA_ACCOUNT_TJ,111.8,,GdsrNGTLImperial20260603.csv
2026-06-03,TOTAL_SD_ACCOUNT_TJ,-464.6,,GdsrNGTLImperial20260603.csv
2026-06-04,END_OF_DAY_LINEPACK,19918.0,,GdsrNGTLImperial20260604.csv
2026-06-04,LINEPACK_CHANGE_24H,301.0,,GdsrNGTLImperial20260604.csv
2026-06-04,LINEPACK_RATE_OF_CHANGE,21.0,,GdsrNGTLImperial20260604.csv
2026-06-04,LINEPACK_TARGET,20659.0,,GdsrNGTLImperial20260604.csv
2026-06-04,NGTL_FIELD_RECEIPTS,12743.0,,GdsrNGTLImperial20260604.csv
2026-06-04,TOLERANCE,,0/2 (%),GdsrNGTLImperial20260604.csv
2026-06-04,TOLERANCE_LAST_CHANGED,,2026-Jun-4 at 08:00,GdsrNGTLImperial20260604.csv
2026-06-04,TOTAL_OBA_ACCOUNT_TJ,149.8,,GdsrNGTLImperial20260604.csv
2026-06-04,TOTAL_SD_ACCOUNT_TJ,107.9,,GdsrNGTLImperial20260604.csv
2026-06-05,END_OF_DAY_LINEPACK,20364.0,,GdsrNGTLImperial20260605.csv
2026-06-05,LINEPACK_CHANGE_24H,446.0,,GdsrNGTLImperial20260605.csv
2026-06-05,LINEPACK_RATE_OF_CHANGE,65.0,,GdsrNGTLImperial20260605.csv
2026-06-05,LINEPACK_TARGET,20659.0,,GdsrNGTLImperial20260605.csv
2026-06-05,NGTL_FIELD_RECEIPTS,12994.0,,GdsrNGTLImperial20260605.csv
2026-06-05,TOLERANCE,,0/2 (%),GdsrNGTLImperial20260605.csv
2026-06-05,TOLERANCE_LAST_CHANGED,,2026-Jun-4 at 08:00,GdsrNGTLImperial20260605.csv
2026-06-05,TOTAL_OBA_ACCOUNT_TJ,212.6,,GdsrNGTLImperial20260605.csv
2026-06-05,TOTAL_SD_ACCOUNT_TJ,289.8,,GdsrNGTLImperial20260605.csv
2026-06-06,END_OF_DAY_LINEPACK,20614.0,,GdsrNGTLImperial20260606.csv
2026-06-06,LINEPACK_CHANGE_24H,250.0,,GdsrNGTLImperial20260606.csv
2026-06-06,LINEPACK_RATE_OF_CHANGE,14.0,,GdsrNGTLImperial20260606.csv
2026-06-06,LINEPACK_TARGET,20659.0,,GdsrNGTLImperial20260606.csv
2026-06-06,NGTL_FIELD_RECEIPTS,13104.0,,GdsrNGTLImperial20260606.csv
2026-06-06,TOLERANCE,,0/2 (%),GdsrNGTLImperial20260606.csv
2026-06-06,TOLERANCE_LAST_CHANGED,,2026-Jun-4 at 08:00,GdsrNGTLImperial20260606.csv
2026-06-06,TOTAL_OBA_ACCOUNT_TJ,227.7,,GdsrNGTLImperial20260606.csv
2026-06-06,TOTAL_SD_ACCOUNT_TJ,238.2,,GdsrNGTLImperial20260606.csv
2026-06-07,END_OF_DAY_LINEPACK,20699.0,,GdsrNGTLImperial20260607.csv
2026-06-07,LINEPACK_CHANGE_24H,85.0,,GdsrNGTLImperial20260607.csv
2026-06-07,LINEPACK_RATE_OF_CHANGE,-111.0,,GdsrNGTLImperial20260607.csv
2026-06-07,LINEPACK_TARGET,20659.0,,GdsrNGTLImperial20260607.csv
2026-06-07,NGTL_FIELD_RECEIPTS,13092.0,,GdsrNGTLImperial20260607.csv
2026-06-07,TOLERANCE,,0/2 (%),GdsrNGTLImperial20260607.csv
2026-06-07,TOLERANCE_LAST_CHANGED,,2026-Jun-4 at 08:00,GdsrNGTLImperial20260607.csv
2026-06-07,TOTAL_OBA_ACCOUNT_TJ,80.1,,GdsrNGTLImperial20260607.csv
2026-06-07,TOTAL_SD_ACCOUNT_TJ,276.1,,GdsrNGTLImperial20260607.csv
2026-06-08,END_OF_DAY_LINEPACK,20614.0,,GdsrNGTLImperial20260608.csv
2026-06-08,LINEPACK_CHANGE_24H,-86.0,,GdsrNGTLImperial20260608.csv
2026-06-08,LINEPACK_RATE_OF_CHANGE,-454.0,,GdsrNGTLImperial20260608.csv
2026-06-08,LINEPACK_TARGET,20659.0,,GdsrNGTLImperial20260608.csv
2026-06-08,NGTL_FIELD_RECEIPTS,12987.0,,GdsrNGTLImperial20260608.csv
2026-06-08,TOLERANCE,,0/2 (%),GdsrNGTLImperial20260608.csv
2026-06-08,TOLERANCE_LAST_CHANGED,,2026-Jun-4 at 08:00,GdsrNGTLImperial20260608.csv
2026-06-08,TOTAL_OBA_ACCOUNT_TJ,59.5,,GdsrNGTLImperial20260608.csv
2026-06-08,TOTAL_SD_ACCOUNT_TJ,615.9,,GdsrNGTLImperial20260608.csv
2026-06-09,END_OF_DAY_LINEPACK,20953.0,,GdsrNGTLImperial20260609.csv
2026-06-09,LINEPACK_CHANGE_24H,340.0,,GdsrNGTLImperial20260609.csv
2026-06-09,LINEPACK_RATE_OF_CHANGE,572.0,,GdsrNGTLImperial20260609.csv
2026-06-09,LINEPACK_TARGET,20659.0,,GdsrNGTLImperial20260609.csv
2026-06-09,NGTL_FIELD_RECEIPTS,12950.0,,GdsrNGTLImperial20260609.csv
2026-06-09,TOLERANCE,,0/2 (%),GdsrNGTLImperial20260609.csv
2026-06-09,TOLERANCE_LAST_CHANGED,,2026-Jun-4 at 08:00,GdsrNGTLImperial20260609.csv
2026-06-09,TOTAL_OBA_ACCOUNT_TJ,686.7,,GdsrNGTLImperial20260609.csv
2026-06-09,TOTAL_SD_ACCOUNT_TJ,651.2,,GdsrNGTLImperial20260609.csv
2026-06-10,END_OF_DAY_LINEPACK,20915.0,,GdsrNGTLImperial20260610.csv
2026-06-10,LINEPACK_CHANGE_24H,-39.0,,GdsrNGTLImperial20260610.csv
2026-06-10,LINEPACK_RATE_OF_CHANGE,119.0,,GdsrNGTLImperial20260610.csv
2026-06-10,LINEPACK_TARGET,20659.0,,GdsrNGTLImperial20260610.csv
2026-06-10,NGTL_FIELD_RECEIPTS,13063.0,,GdsrNGTLImperial20260610.csv
2026-06-10,TOLERANCE,,0/2 (%),GdsrNGTLImperial20260610.csv
2026-06-10,TOLERANCE_LAST_CHANGED,,2026-Jun-4 at 08:00,GdsrNGTLImperial20260610.csv
2026-06-10,TOTAL_OBA_ACCOUNT_TJ,589.3,,GdsrNGTLImperial20260610.csv
2026-06-10,TOTAL_SD_ACCOUNT_TJ,624.7,,GdsrNGTLImperial20260610.csv
2026-06-11,END_OF_DAY_LINEPACK,20782.0,,GdsrNGTLImperial20260611.csv
2026-06-11,LINEPACK_CHANGE_24H,-133.0,,GdsrNGTLImperial20260611.csv
2026-06-11,LINEPACK_RATE_OF_CHANGE,-176.0,,GdsrNGTLImperial20260611.csv
2026-06-11,LINEPACK_TARGET,20659.0,,GdsrNGTLImperial20260611.csv
2026-06-11,NGTL_FIELD_RECEIPTS,13192.0,,GdsrNGTLImperial20260611.csv
2026-06-11,TOLERANCE,,0/2 (%),GdsrNGTLImperial20260611.csv
2026-06-11,TOLERANCE_LAST_CHANGED,,2026-Jun-4 at 08:00,GdsrNGTLImperial20260611.csv
2026-06-11,TOTAL_OBA_ACCOUNT_TJ,668.0,,GdsrNGTLImperial20260611.csv
2026-06-11,TOTAL_SD_ACCOUNT_TJ,279.5,,GdsrNGTLImperial20260611.csv
2026-06-12,END_OF_DAY_LINEPACK,20971.0,,GdsrNGTLImperial20260612.csv
2026-06-12,LINEPACK_CHANGE_24H,189.0,,GdsrNGTLImperial20260612.csv
2026-06-12,LINEPACK_RATE_OF_CHANGE,258.0,,GdsrNGTLImperial20260612.csv
2026-06-12,LINEPACK_TARGET,20659.0,,GdsrNGTLImperial20260612.csv
2026-06-12,NGTL_FIELD_RECEIPTS,13478.0,,GdsrNGTLImperial20260612.csv
2026-06-12,TOLERANCE,,0/2 (%),GdsrNGTLImperial20260612.csv
2026-06-12,TOLERANCE_LAST_CHANGED,,2026-Jun-4 at 08:00,GdsrNGTLImperial20260612.csv
2026-06-12,TOTAL_OBA_ACCOUNT_TJ,673.3,,GdsrNGTLImperial20260612.csv
2026-06-12,TOTAL_SD_ACCOUNT_TJ,495.5,,GdsrNGTLImperial20260612.csv
2026-06-13,END_OF_DAY_LINEPACK,20750.0,,GdsrNGTLImperial20260613.csv
2026-06-13,LINEPACK_CHANGE_24H,-221.0,,GdsrNGTLImperial20260613.csv
2026-06-13,LINEPACK_RATE_OF_CHANGE,-445.0,,GdsrNGTLImperial20260613.csv
2026-06-13,LINEPACK_TARGET,20659.0,,GdsrNGTLImperial20260613.csv
2026-06-13,NGTL_FIELD_RECEIPTS,13660.0,,GdsrNGTLImperial20260613.csv
2026-06-13,TOLERANCE,,0/2 (%),GdsrNGTLImperial20260613.csv
2026-06-13,TOLERANCE_LAST_CHANGED,,2026-Jun-4 at 08:00,GdsrNGTLImperial20260613.csv
2026-06-13,TOTAL_OBA_ACCOUNT_TJ,695.6,,GdsrNGTLImperial20260613.csv
2026-06-13,TOTAL_SD_ACCOUNT_TJ,154.4,,GdsrNGTLImperial20260613.csv
2026-06-14,END_OF_DAY_LINEPACK,20384.0,,GdsrNGTLImperial20260614.csv
2026-06-14,LINEPACK_CHANGE_24H,-366.0,,GdsrNGTLImperial20260614.csv
2026-06-14,LINEPACK_RATE_OF_CHANGE,-617.0,,GdsrNGTLImperial20260614.csv
2026-06-14,LINEPACK_TARGET,20659.0,,GdsrNGTLImperial20260614.csv
2026-06-14,NGTL_FIELD_RECEIPTS,13424.0,,GdsrNGTLImperial20260614.csv
2026-06-14,TOLERANCE,,0/2 (%),GdsrNGTLImperial20260614.csv
2026-06-14,TOLERANCE_LAST_CHANGED,,2026-Jun-4 at 08:00,GdsrNGTLImperial20260614.csv
2026-06-14,TOTAL_OBA_ACCOUNT_TJ,503.2,,GdsrNGTLImperial20260614.csv
2026-06-14,TOTAL_SD_ACCOUNT_TJ,-19.7,,GdsrNGTLImperial20260614.csv
2026-06-15,END_OF_DAY_LINEPACK,21042.0,,GdsrNGTLImperial20260615.csv
2026-06-15,LINEPACK_CHANGE_24H,658.0,,GdsrNGTLImperial20260615.csv
2026-06-15,LINEPACK_RATE_OF_CHANGE,758.0,,GdsrNGTLImperial20260615.csv
2026-06-15,LINEPACK_TARGET,20659.0,,GdsrNGTLImperial20260615.csv
2026-06-15,NGTL_FIELD_RECEIPTS,13581.0,,GdsrNGTLImperial20260615.csv
2026-06-15,TOLERANCE,,0/2 (%),GdsrNGTLImperial20260615.csv
2026-06-15,TOLERANCE_LAST_CHANGED,,2026-Jun-4 at 08:00,GdsrNGTLImperial20260615.csv
2026-06-15,TOTAL_OBA_ACCOUNT_TJ,747.4,,GdsrNGTLImperial20260615.csv
2026-06-15,TOTAL_SD_ACCOUNT_TJ,543.9,,GdsrNGTLImperial20260615.csv
2026-06-16,END_OF_DAY_LINEPACK,20922.0,,GdsrNGTLImperial20260616.csv
2026-06-16,LINEPACK_CHANGE_24H,-120.0,,GdsrNGTLImperial20260616.csv
2026-06-16,LINEPACK_RATE_OF_CHANGE,-175.0,,GdsrNGTLImperial20260616.csv
2026-06-16,LINEPACK_TARGET,20659.0,,GdsrNGTLImperial20260616.csv
2026-06-16,NGTL_FIELD_RECEIPTS,13398.0,,GdsrNGTLImperial20260616.csv
2026-06-16,TOLERANCE,,0/2 (%),GdsrNGTLImperial20260616.csv
2026-06-16,TOLERANCE_LAST_CHANGED,,2026-Jun-4 at 08:00,GdsrNGTLImperial20260616.csv
2026-06-16,TOTAL_OBA_ACCOUNT_TJ,916.3,,GdsrNGTLImperial20260616.csv
2026-06-16,TOTAL_SD_ACCOUNT_TJ,357.0,,GdsrNGTLImperial20260616.csv
2026-06-17,END_OF_DAY_LINEPACK,20866.0,,GdsrNGTLImperial20260617.csv
2026-06-17,LINEPACK_CHANGE_24H,-56.0,,GdsrNGTLImperial20260617.csv
2026-06-17,LINEPACK_RATE_OF_CHANGE,-539.0,,GdsrNGTLImperial20260617.csv
2026-06-17,LINEPACK_TARGET,20659.0,,GdsrNGTLImperial20260617.csv
2026-06-17,NGTL_FIELD_RECEIPTS,13406.0,,GdsrNGTLImperial20260617.csv
2026-06-17,TOLERANCE,,-1/1 (%),GdsrNGTLImperial20260617.csv
2026-06-17,TOLERANCE_LAST_CHANGED,,2026-Jun-17 at 08:00,GdsrNGTLImperial20260617.csv
2026-06-17,TOTAL_OBA_ACCOUNT_TJ,1372.8,,GdsrNGTLImperial20260617.csv
2026-06-17,TOTAL_SD_ACCOUNT_TJ,156.1,,GdsrNGTLImperial20260617.csv
2026-06-18,END_OF_DAY_LINEPACK,20434.0,,GdsrNGTLImperial20260618.csv
2026-06-18,LINEPACK_CHANGE_24H,-432.0,,GdsrNGTLImperial20260618.csv
2026-06-18,LINEPACK_RATE_OF_CHANGE,-585.0,,GdsrNGTLImperial20260618.csv
2026-06-18,LINEPACK_TARGET,20659.0,,GdsrNGTLImperial20260618.csv
2026-06-18,NGTL_FIELD_RECEIPTS,13375.0,,GdsrNGTLImperial20260618.csv
2026-06-18,TOLERANCE,,-1/1 (%),GdsrNGTLImperial20260618.csv
2026-06-18,TOLERANCE_LAST_CHANGED,,2026-Jun-17 at 08:00,GdsrNGTLImperial20260618.csv
2026-06-18,TOTAL_OBA_ACCOUNT_TJ,1022.9,,GdsrNGTLImperial20260618.csv
2026-06-18,TOTAL_SD_ACCOUNT_TJ,-72.5,,GdsrNGTLImperial20260618.csv
2026-06-19,END_OF_DAY_LINEPACK,20812.0,,GdsrNGTLImperial20260619.csv
2026-06-19,LINEPACK_CHANGE_24H,378.0,,GdsrNGTLImperial20260619.csv
2026-06-19,LINEPACK_RATE_OF_CHANGE,557.0,,GdsrNGTLImperial20260619.csv
2026-06-19,LINEPACK_TARGET,20659.0,,GdsrNGTLImperial20260619.csv
2026-06-19,NGTL_FIELD_RECEIPTS,13663.0,,GdsrNGTLImperial20260619.csv
2026-06-19,TOLERANCE,,-1/1 (%),GdsrNGTLImperial20260619.csv
2026-06-19,TOLERANCE_LAST_CHANGED,,2026-Jun-17 at 08:00,GdsrNGTLImperial20260619.csv
2026-06-19,TOTAL_OBA_ACCOUNT_TJ,962.0,,GdsrNGTLImperial20260619.csv
2026-06-19,TOTAL_SD_ACCOUNT_TJ,269.3,,GdsrNGTLImperial20260619.csv
2026-06-20,END_OF_DAY_LINEPACK,20642.0,,GdsrNGTLImperial20260620.csv
2026-06-20,LINEPACK_CHANGE_24H,-170.0,,GdsrNGTLImperial20260620.csv
2026-06-20,LINEPACK_RATE_OF_CHANGE,-250.0,,GdsrNGTLImperial20260620.csv
2026-06-20,LINEPACK_TARGET,20659.0,,GdsrNGTLImperial20260620.csv
2026-06-20,NGTL_FIELD_RECEIPTS,13817.0,,GdsrNGTLImperial20260620.csv
2026-06-20,TOLERANCE,,-1/1 (%),GdsrNGTLImperial20260620.csv
2026-06-20,TOLERANCE_LAST_CHANGED,,2026-Jun-17 at 08:00,GdsrNGTLImperial20260620.csv
2026-06-20,TOTAL_OBA_ACCOUNT_TJ,904.8,,GdsrNGTLImperial20260620.csv
2026-06-20,TOTAL_SD_ACCOUNT_TJ,213.0,,GdsrNGTLImperial20260620.csv
2026-06-21,END_OF_DAY_LINEPACK,20888.0,,GdsrNGTLImperial20260621.csv
2026-06-21,LINEPACK_CHANGE_24H,245.0,,GdsrNGTLImperial20260621.csv
2026-06-21,LINEPACK_RATE_OF_CHANGE,367.0,,GdsrNGTLImperial20260621.csv
2026-06-21,LINEPACK_TARGET,20659.0,,GdsrNGTLImperial20260621.csv
2026-06-21,NGTL_FIELD_RECEIPTS,14294.0,,GdsrNGTLImperial20260621.csv
2026-06-21,TOLERANCE,,-1/1 (%),GdsrNGTLImperial20260621.csv
2026-06-21,TOLERANCE_LAST_CHANGED,,2026-Jun-17 at 08:00,GdsrNGTLImperial20260621.csv
2026-06-21,TOTAL_OBA_ACCOUNT_TJ,925.8,,GdsrNGTLImperial20260621.csv
2026-06-21,TOTAL_SD_ACCOUNT_TJ,467.5,,GdsrNGTLImperial20260621.csv
2026-06-22,END_OF_DAY_LINEPACK,20699.0,,GdsrNGTLImperial20260622.csv
2026-06-22,LINEPACK_CHANGE_24H,-188.0,,GdsrNGTLImperial20260622.csv
2026-06-22,LINEPACK_RATE_OF_CHANGE,-328.0,,GdsrNGTLImperial20260622.csv
2026-06-22,LINEPACK_TARGET,20659.0,,GdsrNGTLImperial20260622.csv
2026-06-22,NGTL_FIELD_RECEIPTS,14210.0,,GdsrNGTLImperial20260622.csv
2026-06-22,TOLERANCE,,-1/1 (%),GdsrNGTLImperial20260622.csv
2026-06-22,TOLERANCE_LAST_CHANGED,,2026-Jun-17 at 08:00,GdsrNGTLImperial20260622.csv
2026-06-22,TOTAL_OBA_ACCOUNT_TJ,1179.1,,GdsrNGTLImperial20260622.csv
2026-06-22,TOTAL_SD_ACCOUNT_TJ,-159.9,,GdsrNGTLImperial20260622.csv
2026-06-23,END_OF_DAY_LINEPACK,20361.0,,GdsrNGTLImperial20260623.csv
2026-06-23,LINEPACK_CHANGE_24H,-338.0,,GdsrNGTLImperial20260623.csv
2026-06-23,LINEPACK_RATE_OF_CHANGE,-245.0,,GdsrNGTLImperial20260623.csv
2026-06-23,LINEPACK_TARGET,20659.0,,GdsrNGTLImperial20260623.csv
2026-06-23,NGTL_FIELD_RECEIPTS,13994.0,,GdsrNGTLImperial20260623.csv
2026-06-23,TOLERANCE,,-2/0 (%),GdsrNGTLImperial20260623.csv
2026-06-23,TOLERANCE_LAST_CHANGED,,2026-Jun-23 at 08:00,GdsrNGTLImperial20260623.csv
2026-06-23,TOTAL_OBA_ACCOUNT_TJ,992.0,,GdsrNGTLImperial20260623.csv
2026-06-23,TOTAL_SD_ACCOUNT_TJ,-469.7,,GdsrNGTLImperial20260623.csv
2026-06-24,END_OF_DAY_LINEPACK,20358.0,,GdsrNGTLImperial20260624.csv
2026-06-24,LINEPACK_CHANGE_24H,-3.0,,GdsrNGTLImperial20260624.csv
2026-06-24,LINEPACK_RATE_OF_CHANGE,-117.0,,GdsrNGTLImperial20260624.csv
2026-06-24,LINEPACK_TARGET,20659.0,,GdsrNGTLImperial20260624.csv
2026-06-24,NGTL_FIELD_RECEIPTS,13808.0,,GdsrNGTLImperial20260624.csv
2026-06-24,TOLERANCE,,-2/0 (%),GdsrNGTLImperial20260624.csv
2026-06-24,TOLERANCE_LAST_CHANGED,,2026-Jun-23 at 08:00,GdsrNGTLImperial20260624.csv
2026-06-24,TOTAL_OBA_ACCOUNT_TJ,1023.7,,GdsrNGTLImperial20260624.csv
2026-06-24,TOTAL_SD_ACCOUNT_TJ,-350.0,,GdsrNGTLImperial20260624.csv
2026-06-25,END_OF_DAY_LINEPACK,20458.0,,GdsrNGTLImperial20260625.csv
2026-06-25,LINEPACK_CHANGE_24H,100.0,,GdsrNGTLImperial20260625.csv
2026-06-25,LINEPACK_RATE_OF_CHANGE,-176.0,,GdsrNGTLImperial20260625.csv
2026-06-25,LINEPACK_TARGET,20659.0,,GdsrNGTLImperial20260625.csv
2026-06-25,NGTL_FIELD_RECEIPTS,13627.0,,GdsrNGTLImperial20260625.csv
2026-06-25,TOLERANCE,,-2/0 (%),GdsrNGTLImperial20260625.csv
2026-06-25,TOLERANCE_LAST_CHANGED,,2026-Jun-23 at 08:00,GdsrNGTLImperial20260625.csv
2026-06-25,TOTAL_OBA_ACCOUNT_TJ,1211.3,,GdsrNGTLImperial20260625.csv
2026-06-25,TOTAL_SD_ACCOUNT_TJ,-338.1,,GdsrNGTLImperial20260625.csv
2026-06-26,END_OF_DAY_LINEPACK,20141.0,,GdsrNGTLImperial20260626.csv
2026-06-26,LINEPACK_CHANGE_24H,-317.0,,GdsrNGTLImperial20260626.csv
2026-06-26,LINEPACK_RATE_OF_CHANGE,-297.0,,GdsrNGTLImperial20260626.csv
2026-06-26,LINEPACK_TARGET,20659.0,,GdsrNGTLImperial20260626.csv
2026-06-26,NGTL_FIELD_RECEIPTS,13726.0,,GdsrNGTLImperial20260626.csv
2026-06-26,TOLERANCE,,-2/0 (%),GdsrNGTLImperial20260626.csv
2026-06-26,TOLERANCE_LAST_CHANGED,,2026-Jun-23 at 08:00,GdsrNGTLImperial20260626.csv
2026-06-26,TOTAL_OBA_ACCOUNT_TJ,689.0,,GdsrNGTLImperial20260626.csv
2026-06-26,TOTAL_SD_ACCOUNT_TJ,-144.7,,GdsrNGTLImperial20260626.csv
2026-06-27,END_OF_DAY_LINEPACK,20149.0,,GdsrNGTLImperial20260627.csv
2026-06-27,LINEPACK_CHANGE_24H,8.0,,GdsrNGTLImperial20260627.csv
2026-06-27,LINEPACK_RATE_OF_CHANGE,-229.0,,GdsrNGTLImperial20260627.csv
2026-06-27,LINEPACK_TARGET,20659.0,,GdsrNGTLImperial20260627.csv
2026-06-27,NGTL_FIELD_RECEIPTS,14100.0,,GdsrNGTLImperial20260627.csv
2026-06-27,TOLERANCE,,-2/0 (%),GdsrNGTLImperial20260627.csv
2026-06-27,TOLERANCE_LAST_CHANGED,,2026-Jun-23 at 08:00,GdsrNGTLImperial20260627.csv
2026-06-27,TOTAL_OBA_ACCOUNT_TJ,576.6,,GdsrNGTLImperial20260627.csv
2026-06-27,TOTAL_SD_ACCOUNT_TJ,-60.6,,GdsrNGTLImperial20260627.csv
2026-06-28,END_OF_DAY_LINEPACK,19995.0,,GdsrNGTLImperial20260628.csv
2026-06-28,LINEPACK_CHANGE_24H,-154.0,,GdsrNGTLImperial20260628.csv
2026-06-28,LINEPACK_RATE_OF_CHANGE,-265.0,,GdsrNGTLImperial20260628.csv
2026-06-28,LINEPACK_TARGET,20659.0,,GdsrNGTLImperial20260628.csv
2026-06-28,NGTL_FIELD_RECEIPTS,14071.0,,GdsrNGTLImperial20260628.csv
2026-06-28,TOLERANCE,,-2/0 (%),GdsrNGTLImperial20260628.csv
2026-06-28,TOLERANCE_LAST_CHANGED,,2026-Jun-23 at 08:00,GdsrNGTLImperial20260628.csv
2026-06-28,TOTAL_OBA_ACCOUNT_TJ,539.3,,GdsrNGTLImperial20260628.csv
2026-06-28,TOTAL_SD_ACCOUNT_TJ,-277.2,,GdsrNGTLImperial20260628.csv
2026-06-29,END_OF_DAY_LINEPACK,20060.0,,GdsrNGTLImperial20260629.csv
2026-06-29,LINEPACK_CHANGE_24H,65.0,,GdsrNGTLImperial20260629.csv
2026-06-29,LINEPACK_RATE_OF_CHANGE,192.0,,GdsrNGTLImperial20260629.csv
2026-06-29,LINEPACK_TARGET,20659.0,,GdsrNGTLImperial20260629.csv
2026-06-29,NGTL_FIELD_RECEIPTS,13968.0,,GdsrNGTLImperial20260629.csv
2026-06-29,TOLERANCE,,-2/0 (%),GdsrNGTLImperial20260629.csv
2026-06-29,TOLERANCE_LAST_CHANGED,,2026-Jun-23 at 08:00,GdsrNGTLImperial20260629.csv
2026-06-29,TOTAL_OBA_ACCOUNT_TJ,744.9,,GdsrNGTLImperial20260629.csv
2026-06-29,TOTAL_SD_ACCOUNT_TJ,-242.3,,GdsrNGTLImperial20260629.csv
2026-06-30,END_OF_DAY_LINEPACK,20098.0,,GdsrNGTLImperial20260630.csv
2026-06-30,LINEPACK_CHANGE_24H,38.0,,GdsrNGTLImperial20260630.csv
2026-06-30,LINEPACK_RATE_OF_CHANGE,121.0,,GdsrNGTLImperial20260630.csv
2026-06-30,LINEPACK_TARGET,20659.0,,GdsrNGTLImperial20260630.csv
2026-06-30,NGTL_FIELD_RECEIPTS,14123.0,,GdsrNGTLImperial20260630.csv
2026-06-30,TOLERANCE,,-2/0 (%),GdsrNGTLImperial20260630.csv
2026-06-30,TOLERANCE_LAST_CHANGED,,2026-Jun-23 at 08:00,GdsrNGTLImperial20260630.csv
2026-06-30,TOTAL_OBA_ACCOUNT_TJ,624.5,,GdsrNGTLImperial20260630.csv
2026-06-30,TOTAL_SD_ACCOUNT_TJ,-221.5,,GdsrNGTLImperial20260630.csv
2026-07-01,END_OF_DAY_LINEPACK,20335.0,,GdsrNGTLImperial20260701.csv
2026-07-01,LINEPACK_CHANGE_24H,236.0,,GdsrNGTLImperial20260701.csv
2026-07-01,LINEPACK_RATE_OF_CHANGE,191.0,,GdsrNGTLImperial20260701.csv
2026-07-01,LINEPACK_TARGET,20659.0,,GdsrNGTLImperial20260701.csv
2026-07-01,NGTL_FIELD_RECEIPTS,13840.0,,GdsrNGTLImperial20260701.csv
2026-07-01,TOLERANCE,,-2/0 (%),GdsrNGTLImperial20260701.csv
2026-07-01,TOLERANCE_LAST_CHANGED,,2026-Jun-23 at 08:00,GdsrNGTLImperial20260701.csv
2026-07-01,TOTAL_OBA_ACCOUNT_TJ,689.8,,GdsrNGTLImperial20260701.csv
2026-07-01,TOTAL_SD_ACCOUNT_TJ,-207.5,,GdsrNGTLImperial20260701.csv
2026-07-02,END_OF_DAY_LINEPACK,20402.0,,GdsrNGTLImperial20260702.csv
2026-07-02,LINEPACK_CHANGE_24H,68.0,,GdsrNGTLImperial20260702.csv
2026-07-02,LINEPACK_RATE_OF_CHANGE,-10.0,,GdsrNGTLImperial20260702.csv
2026-07-02,LINEPACK_TARGET,20659.0,,GdsrNGTLImperial20260702.csv
2026-07-02,NGTL_FIELD_RECEIPTS,14018.0,,GdsrNGTLImperial20260702.csv
2026-07-02,TOLERANCE,,-2/0 (%),GdsrNGTLImperial20260702.csv
2026-07-02,TOLERANCE_LAST_CHANGED,,2026-Jun-23 at 08:00,GdsrNGTLImperial20260702.csv
2026-07-02,TOTAL_OBA_ACCOUNT_TJ,869.8,,GdsrNGTLImperial20260702.csv
2026-07-02,TOTAL_SD_ACCOUNT_TJ,-106.4,,GdsrNGTLImperial20260702.csv
2026-07-03,END_OF_DAY_LINEPACK,19997.0,,GdsrNGTLImperial20260703.csv
2026-07-03,LINEPACK_CHANGE_24H,-405.0,,GdsrNGTLImperial20260703.csv
2026-07-03,LINEPACK_RATE_OF_CHANGE,-463.0,,GdsrNGTLImperial20260703.csv
2026-07-03,LINEPACK_TARGET,20659.0,,GdsrNGTLImperial20260703.csv
2026-07-03,NGTL_FIELD_RECEIPTS,13968.0,,GdsrNGTLImperial20260703.csv
2026-07-03,TOLERANCE,,-2/0 (%),GdsrNGTLImperial20260703.csv
2026-07-03,TOLERANCE_LAST_CHANGED,,2026-Jun-23 at 08:00,GdsrNGTLImperial20260703.csv
2026-07-03,TOTAL_OBA_ACCOUNT_TJ,474.0,,GdsrNGTLImperial20260703.csv
2026-07-03,TOTAL_SD_ACCOUNT_TJ,-356.1,,GdsrNGTLImperial20260703.csv
2026-07-04,END_OF_DAY_LINEPACK,20106.0,,GdsrNGTLImperial20260704.csv
2026-07-04,LINEPACK_CHANGE_24H,108.0,,GdsrNGTLImperial20260704.csv
2026-07-04,LINEPACK_RATE_OF_CHANGE,113.0,,GdsrNGTLImperial20260704.csv
2026-07-04,LINEPACK_TARGET,20659.0,,GdsrNGTLImperial20260704.csv
2026-07-04,NGTL_FIELD_RECEIPTS,13997.0,,GdsrNGTLImperial20260704.csv
2026-07-04,TOLERANCE,,-2/0 (%),GdsrNGTLImperial20260704.csv
2026-07-04,TOLERANCE_LAST_CHANGED,,2026-Jun-23 at 08:00,GdsrNGTLImperial20260704.csv
2026-07-04,TOTAL_OBA_ACCOUNT_TJ,364.7,,GdsrNGTLImperial20260704.csv
2026-07-04,TOTAL_SD_ACCOUNT_TJ,-175.5,,GdsrNGTLImperial20260704.csv
2026-07-05,END_OF_DAY_LINEPACK,19758.0,,GdsrNGTLImperial20260705.csv
2026-07-05,LINEPACK_CHANGE_24H,-348.0,,GdsrNGTLImperial20260705.csv
2026-07-05,LINEPACK_RATE_OF_CHANGE,-395.0,,GdsrNGTLImperial20260705.csv
2026-07-05,LINEPACK_TARGET,20659.0,,GdsrNGTLImperial20260705.csv
2026-07-05,NGTL_FIELD_RECEIPTS,13916.0,,GdsrNGTLImperial20260705.csv
2026-07-05,TOLERANCE,,-2/0 (%),GdsrNGTLImperial20260705.csv
2026-07-05,TOLERANCE_LAST_CHANGED,,2026-Jun-23 at 08:00,GdsrNGTLImperial20260705.csv
2026-07-05,TOTAL_OBA_ACCOUNT_TJ,277.8,,GdsrNGTLImperial20260705.csv
2026-07-05,TOTAL_SD_ACCOUNT_TJ,-562.1,,GdsrNGTLImperial20260705.csv
2026-07-06,END_OF_DAY_LINEPACK,19818.0,,GdsrNGTLImperial20260706.csv
2026-07-06,LINEPACK_CHANGE_24H,60.0,,GdsrNGTLImperial20260706.csv
2026-07-06,LINEPACK_RATE_OF_CHANGE,-129.0,,GdsrNGTLImperial20260706.csv
2026-07-06,LINEPACK_TARGET,20659.0,,GdsrNGTLImperial20260706.csv
2026-07-06,NGTL_FIELD_RECEIPTS,13983.0,,GdsrNGTLImperial20260706.csv
2026-07-06,TOLERANCE,,-2/0 (%),GdsrNGTLImperial20260706.csv
2026-07-06,TOLERANCE_LAST_CHANGED,,2026-Jun-23 at 08:00,GdsrNGTLImperial20260706.csv
2026-07-06,TOTAL_OBA_ACCOUNT_TJ,603.2,,GdsrNGTLImperial20260706.csv
2026-07-06,TOTAL_SD_ACCOUNT_TJ,-523.9,,GdsrNGTLImperial20260706.csv
2026-07-07,END_OF_DAY_LINEPACK,19818.0,,GdsrNGTLImperial20260707.csv
2026-07-07,LINEPACK_CHANGE_24H,0.0,,GdsrNGTLImperial20260707.csv
2026-07-07,LINEPACK_RATE_OF_CHANGE,176.0,,GdsrNGTLImperial20260707.csv
2026-07-07,LINEPACK_TARGET,20659.0,,GdsrNGTLImperial20260707.csv
2026-07-07,NGTL_FIELD_RECEIPTS,13478.0,,GdsrNGTLImperial20260707.csv
2026-07-07,TOLERANCE,,-2/0 (%),GdsrNGTLImperial20260707.csv
2026-07-07,TOLERANCE_LAST_CHANGED,,2026-Jun-23 at 08:00,GdsrNGTLImperial20260707.csv
2026-07-07,TOTAL_OBA_ACCOUNT_TJ,729.1,,GdsrNGTLImperial20260707.csv
2026-07-07,TOTAL_SD_ACCOUNT_TJ,-789.5,,GdsrNGTLImperial20260707.csv
2026-07-08,END_OF_DAY_LINEPACK,20546.0,,GdsrNGTLImperial20260708.csv
2026-07-08,LINEPACK_CHANGE_24H,728.0,,GdsrNGTLImperial20260708.csv
2026-07-08,LINEPACK_RATE_OF_CHANGE,386.0,,GdsrNGTLImperial20260708.csv
2026-07-08,LINEPACK_TARGET,20659.0,,GdsrNGTLImperial20260708.csv
2026-07-08,NGTL_FIELD_RECEIPTS,13752.0,,GdsrNGTLImperial20260708.csv
2026-07-08,TOLERANCE,,-1/1 (%),GdsrNGTLImperial20260708.csv
2026-07-08,TOLERANCE_LAST_CHANGED,,2026-Jul-8 at 08:00,GdsrNGTLImperial20260708.csv
2026-07-08,TOTAL_OBA_ACCOUNT_TJ,605.6,,GdsrNGTLImperial20260708.csv
2026-07-08,TOTAL_SD_ACCOUNT_TJ,54.0,,GdsrNGTLImperial20260708.csv
2026-07-09,END_OF_DAY_LINEPACK,20369.0,,GdsrNGTLImperial20260709.csv
2026-07-09,LINEPACK_CHANGE_24H,-176.0,,GdsrNGTLImperial20260709.csv
2026-07-09,LINEPACK_RATE_OF_CHANGE,-357.0,,GdsrNGTLImperial20260709.csv
2026-07-09,LINEPACK_TARGET,20659.0,,GdsrNGTLImperial20260709.csv
2026-07-09,NGTL_FIELD_RECEIPTS,13972.0,,GdsrNGTLImperial20260709.csv
2026-07-09,TOLERANCE,,-1/1 (%),GdsrNGTLImperial20260709.csv
2026-07-09,TOLERANCE_LAST_CHANGED,,2026-Jul-8 at 08:00,GdsrNGTLImperial20260709.csv
2026-07-09,TOTAL_OBA_ACCOUNT_TJ,559.0,,GdsrNGTLImperial20260709.csv
2026-07-09,TOTAL_SD_ACCOUNT_TJ,99.0,,GdsrNGTLImperial20260709.csv
2026-07-10,END_OF_DAY_LINEPACK,20208.0,,GdsrNGTLImperial20260710.csv
2026-07-10,LINEPACK_CHANGE_24H,-161.0,,GdsrNGTLImperial20260710.csv
2026-07-10,LINEPACK_RATE_OF_CHANGE,-36.0,,GdsrNGTLImperial20260710.csv
2026-07-10,LINEPACK_TARGET,20659.0,,GdsrNGTLImperial20260710.csv
2026-07-10,NGTL_FIELD_RECEIPTS,14048.0,,GdsrNGTLImperial20260710.csv
2026-07-10,TOLERANCE,,-1/1 (%),GdsrNGTLImperial20260710.csv
2026-07-10,TOLERANCE_LAST_CHANGED,,2026-Jul-8 at 08:00,GdsrNGTLImperial20260710.csv
2026-07-10,TOTAL_OBA_ACCOUNT_TJ,258.5,,GdsrNGTLImperial20260710.csv
2026-07-10,TOTAL_SD_ACCOUNT_TJ,36.8,,GdsrNGTLImperial20260710.csv
2026-07-11,END_OF_DAY_LINEPACK,20155.0,,GdsrNGTLImperial20260711.csv
2026-07-11,LINEPACK_CHANGE_24H,-53.0,,GdsrNGTLImperial20260711.csv
2026-07-11,LINEPACK_RATE_OF_CHANGE,-261.0,,GdsrNGTLImperial20260711.csv
2026-07-11,LINEPACK_TARGET,20659.0,,GdsrNGTLImperial20260711.csv
2026-07-11,NGTL_FIELD_RECEIPTS,14016.0,,GdsrNGTLImperial20260711.csv
2026-07-11,TOLERANCE,,-1/1 (%),GdsrNGTLImperial20260711.csv
2026-07-11,TOLERANCE_LAST_CHANGED,,2026-Jul-8 at 08:00,GdsrNGTLImperial20260711.csv
2026-07-11,TOTAL_OBA_ACCOUNT_TJ,229.0,,GdsrNGTLImperial20260711.csv
2026-07-11,TOTAL_SD_ACCOUNT_TJ,4.7,,GdsrNGTLImperial20260711.csv
2026-07-12,END_OF_DAY_LINEPACK,20290.0,,GdsrNGTLImperial20260712.csv
2026-07-12,LINEPACK_CHANGE_24H,135.0,,GdsrNGTLImperial20260712.csv
2026-07-12,LINEPACK_RATE_OF_CHANGE,-381.0,,GdsrNGTLImperial20260712.csv
2026-07-12,LINEPACK_TARGET,20659.0,,GdsrNGTLImperial20260712.csv
2026-07-12,NGTL_FIELD_RECEIPTS,14055.0,,GdsrNGTLImperial20260712.csv
2026-07-12,TOLERANCE,,-1/1 (%),GdsrNGTLImperial20260712.csv
2026-07-12,TOLERANCE_LAST_CHANGED,,2026-Jul-8 at 08:00,GdsrNGTLImperial20260712.csv
2026-07-12,TOTAL_OBA_ACCOUNT_TJ,165.8,,GdsrNGTLImperial20260712.csv
2026-07-12,TOTAL_SD_ACCOUNT_TJ,74.5,,GdsrNGTLImperial20260712.csv
2026-07-13,END_OF_DAY_LINEPACK,20199.0,,GdsrNGTLImperial20260713.csv
2026-07-13,LINEPACK_CHANGE_24H,-92.0,,GdsrNGTLImperial20260713.csv
2026-07-13,LINEPACK_RATE_OF_CHANGE,8.0,,GdsrNGTLImperial20260713.csv
2026-07-13,LINEPACK_TARGET,20659.0,,GdsrNGTLImperial20260713.csv
2026-07-13,NGTL_FIELD_RECEIPTS,13897.0,,GdsrNGTLImperial20260713.csv
2026-07-13,TOLERANCE,,-1/1 (%),GdsrNGTLImperial20260713.csv
2026-07-13,TOLERANCE_LAST_CHANGED,,2026-Jul-8 at 08:00,GdsrNGTLImperial20260713.csv
2026-07-13,TOTAL_OBA_ACCOUNT_TJ,340.8,,GdsrNGTLImperial20260713.csv
2026-07-13,TOTAL_SD_ACCOUNT_TJ,39.6,,GdsrNGTLImperial20260713.csv
2026-07-14,END_OF_DAY_LINEPACK,19926.0,,GdsrNGTLImperial20260714.csv
2026-07-14,LINEPACK_CHANGE_24H,-272.0,,GdsrNGTLImperial20260714.csv
2026-07-14,LINEPACK_RATE_OF_CHANGE,-137.0,,GdsrNGTLImperial20260714.csv
2026-07-14,LINEPACK_TARGET,20659.0,,GdsrNGTLImperial20260714.csv
2026-07-14,NGTL_FIELD_RECEIPTS,13590.0,,GdsrNGTLImperial20260714.csv
2026-07-14,TOLERANCE,,-1/1 (%),GdsrNGTLImperial20260714.csv
2026-07-14,TOLERANCE_LAST_CHANGED,,2026-Jul-8 at 08:00,GdsrNGTLImperial20260714.csv
2026-07-14,TOTAL_OBA_ACCOUNT_TJ,219.1,,GdsrNGTLImperial20260714.csv
2026-07-14,TOTAL_SD_ACCOUNT_TJ,-270.4,,GdsrNGTLImperial20260714.csv
2026-07-15,END_OF_DAY_LINEPACK,19701.0,,GdsrNGTLImperial20260715.csv
2026-07-15,LINEPACK_CHANGE_24H,-225.0,,GdsrNGTLImperial20260715.csv
2026-07-15,LINEPACK_RATE_OF_CHANGE,-214.0,,GdsrNGTLImperial20260715.csv
2026-07-15,LINEPACK_TARGET,20659.0,,GdsrNGTLImperial20260715.csv
2026-07-15,NGTL_FIELD_RECEIPTS,13683.0,,GdsrNGTLImperial20260715.csv
2026-07-15,TOLERANCE,,-1/1 (%),GdsrNGTLImperial20260715.csv
2026-07-15,TOLERANCE_LAST_CHANGED,,2026-Jul-8 at 08:00,GdsrNGTLImperial20260715.csv
2026-07-15,TOTAL_OBA_ACCOUNT_TJ,-120.4,,GdsrNGTLImperial20260715.csv
2026-07-15,TOTAL_SD_ACCOUNT_TJ,-185.2,,GdsrNGTLImperial20260715.csv
2026-07-16,END_OF_DAY_LINEPACK,19904.0,,GdsrNGTLImperial20260716.csv
2026-07-16,LINEPACK_CHANGE_24H,202.0,,GdsrNGTLImperial20260716.csv
2026-07-16,LINEPACK_RATE_OF_CHANGE,799.0,,GdsrNGTLImperial20260716.csv
2026-07-16,LINEPACK_TARGET,20659.0,,GdsrNGTLImperial20260716.csv
2026-07-16,NGTL_FIELD_RECEIPTS,13850.0,,GdsrNGTLImperial20260716.csv
2026-07-16,TOLERANCE,,-1/1 (%),GdsrNGTLImperial20260716.csv
2026-07-16,TOLERANCE_LAST_CHANGED,,2026-Jul-8 at 08:00,GdsrNGTLImperial20260716.csv
2026-07-16,TOTAL_OBA_ACCOUNT_TJ,263.7,,GdsrNGTLImperial20260716.csv
2026-07-16,TOTAL_SD_ACCOUNT_TJ,-152.2,,GdsrNGTLImperial20260716.csv
2026-07-17,END_OF_DAY_LINEPACK,19893.0,,GdsrNGTLImperial20260717.csv
2026-07-17,LINEPACK_CHANGE_24H,-11.0,,GdsrNGTLImperial20260717.csv
2026-07-17,LINEPACK_RATE_OF_CHANGE,155.0,,GdsrNGTLImperial20260717.csv
2026-07-17,LINEPACK_TARGET,20659.0,,GdsrNGTLImperial20260717.csv
2026-07-17,NGTL_FIELD_RECEIPTS,13792.0,,GdsrNGTLImperial20260717.csv
2026-07-17,TOLERANCE,,-1/1 (%),GdsrNGTLImperial20260717.csv
2026-07-17,TOLERANCE_LAST_CHANGED,,2026-Jul-8 at 08:00,GdsrNGTLImperial20260717.csv
2026-07-17,TOTAL_OBA_ACCOUNT_TJ,210.1,,GdsrNGTLImperial20260717.csv
2026-07-17,TOTAL_SD_ACCOUNT_TJ,-316.9,,GdsrNGTLImperial20260717.csv
2026-07-18,END_OF_DAY_LINEPACK,19787.0,,GdsrNGTLImperial20260718.csv
2026-07-18,LINEPACK_CHANGE_24H,-106.0,,GdsrNGTLImperial20260718.csv
2026-07-18,LINEPACK_RATE_OF_CHANGE,11.0,,GdsrNGTLImperial20260718.csv
2026-07-18,LINEPACK_TARGET,20659.0,,GdsrNGTLImperial20260718.csv
2026-07-18,NGTL_FIELD_RECEIPTS,13832.0,,GdsrNGTLImperial20260718.csv
2026-07-18,TOLERANCE,,-1/1 (%),GdsrNGTLImperial20260718.csv
2026-07-18,TOLERANCE_LAST_CHANGED,,2026-Jul-8 at 08:00,GdsrNGTLImperial20260718.csv
2026-07-18,TOTAL_OBA_ACCOUNT_TJ,-26.2,,GdsrNGTLImperial20260718.csv
2026-07-18,TOTAL_SD_ACCOUNT_TJ,-248.8,,GdsrNGTLImperial20260718.csv
2026-07-19,END_OF_DAY_LINEPACK,20108.0,,GdsrNGTLImperial20260719.csv
2026-07-19,LINEPACK_CHANGE_24H,321.0,,GdsrNGTLImperial20260719.csv
2026-07-19,LINEPACK_RATE_OF_CHANGE,139.0,,GdsrNGTLImperial20260719.csv
2026-07-19,LINEPACK_TARGET,20659.0,,GdsrNGTLImperial20260719.csv
2026-07-19,NGTL_FIELD_RECEIPTS,14179.0,,GdsrNGTLImperial20260719.csv
2026-07-19,TOLERANCE,,-1/1 (%),GdsrNGTLImperial20260719.csv
2026-07-19,TOLERANCE_LAST_CHANGED,,2026-Jul-8 at 08:00,GdsrNGTLImperial20260719.csv
2026-07-19,TOTAL_OBA_ACCOUNT_TJ,-149.5,,GdsrNGTLImperial20260719.csv
2026-07-19,TOTAL_SD_ACCOUNT_TJ,295.1,,GdsrNGTLImperial20260719.csv
2026-07-20,END_OF_DAY_LINEPACK,20035.0,,GdsrNGTLImperial20260720.csv
2026-07-20,LINEPACK_CHANGE_24H,-73.0,,GdsrNGTLImperial20260720.csv
2026-07-20,LINEPACK_RATE_OF_CHANGE,-259.0,,GdsrNGTLImperial20260720.csv
2026-07-20,LINEPACK_TARGET,20659.0,,GdsrNGTLImperial20260720.csv
2026-07-20,NGTL_FIELD_RECEIPTS,14370.0,,GdsrNGTLImperial20260720.csv
2026-07-20,TOLERANCE,,-1/1 (%),GdsrNGTLImperial20260720.csv
2026-07-20,TOLERANCE_LAST_CHANGED,,2026-Jul-8 at 08:00,GdsrNGTLImperial20260720.csv
2026-07-20,TOTAL_OBA_ACCOUNT_TJ,65.9,,GdsrNGTLImperial20260720.csv
2026-07-20,TOTAL_SD_ACCOUNT_TJ,147.8,,GdsrNGTLImperial20260720.csv
2026-07-21,END_OF_DAY_LINEPACK,19668.0,,GdsrNGTLImperial20260721.csv
2026-07-21,LINEPACK_CHANGE_24H,-366.0,,GdsrNGTLImperial20260721.csv
2026-07-21,LINEPACK_RATE_OF_CHANGE,-634.0,,GdsrNGTLImperial20260721.csv
2026-07-21,LINEPACK_TARGET,20659.0,,GdsrNGTLImperial20260721.csv
2026-07-21,NGTL_FIELD_RECEIPTS,14176.0,,GdsrNGTLImperial20260721.csv
2026-07-21,TOLERANCE,,-1/1 (%),GdsrNGTLImperial20260721.csv
2026-07-21,TOLERANCE_LAST_CHANGED,,2026-Jul-8 at 08:00,GdsrNGTLImperial20260721.csv
2026-07-21,TOTAL_OBA_ACCOUNT_TJ,76.4,,GdsrNGTLImperial20260721.csv
2026-07-21,TOTAL_SD_ACCOUNT_TJ,-213.4,,GdsrNGTLImperial20260721.csv
2026-07-22,END_OF_DAY_LINEPACK,19280.0,,GdsrNGTLImperial20260722.csv
2026-07-22,LINEPACK_CHANGE_24H,-388.0,,GdsrNGTLImperial20260722.csv
2026-07-22,LINEPACK_RATE_OF_CHANGE,142.0,,GdsrNGTLImperial20260722.csv
2026-07-22,LINEPACK_TARGET,20659.0,,GdsrNGTLImperial20260722.csv
2026-07-22,NGTL_FIELD_RECEIPTS,13663.0,,GdsrNGTLImperial20260722.csv
2026-07-22,TOLERANCE,,-1/1 (%),GdsrNGTLImperial20260722.csv
2026-07-22,TOLERANCE_LAST_CHANGED,,2026-Jul-8 at 08:00,GdsrNGTLImperial20260722.csv
2026-07-22,TOTAL_OBA_ACCOUNT_TJ,-54.6,,GdsrNGTLImperial20260722.csv
2026-07-22,TOTAL_SD_ACCOUNT_TJ,-477.4,,GdsrNGTLImperial20260722.csv
2026-07-23,END_OF_DAY_LINEPACK,20370.0,,GdsrNGTLImperial20260723.csv
2026-07-23,LINEPACK_CHANGE_24H,1090.0,,GdsrNGTLImperial20260723.csv
2026-07-23,LINEPACK_RATE_OF_CHANGE,999.0,,GdsrNGTLImperial20260723.csv
2026-07-23,LINEPACK_TARGET,20659.0,,GdsrNGTLImperial20260723.csv
2026-07-23,NGTL_FIELD_RECEIPTS,14343.0,,GdsrNGTLImperial20260723.csv
2026-07-23,TOLERANCE,,0/2 (%),GdsrNGTLImperial20260723.csv
2026-07-23,TOLERANCE_LAST_CHANGED,,2026-Jul-23 at 08:00,GdsrNGTLImperial20260723.csv
2026-07-23,TOTAL_OBA_ACCOUNT_TJ,-51.6,,GdsrNGTLImperial20260723.csv
2026-07-23,TOTAL_SD_ACCOUNT_TJ,669.4,,GdsrNGTLImperial20260723.csv
2026-07-24,END_OF_DAY_LINEPACK,19827.0,,GdsrNGTLImperial20260724.csv
2026-07-24,LINEPACK_CHANGE_24H,-543.0,,GdsrNGTLImperial20260724.csv
2026-07-24,LINEPACK_RATE_OF_CHANGE,-451.0,,GdsrNGTLImperial20260724.csv
2026-07-24,LINEPACK_TARGET,20659.0,,GdsrNGTLImperial20260724.csv
2026-07-24,NGTL_FIELD_RECEIPTS,14057.0,,GdsrNGTLImperial20260724.csv
2026-07-24,TOLERANCE,,0/2 (%),GdsrNGTLImperial20260724.csv
2026-07-24,TOLERANCE_LAST_CHANGED,,2026-Jul-23 at 08:00,GdsrNGTLImperial20260724.csv
2026-07-24,TOTAL_OBA_ACCOUNT_TJ,-283.2,,GdsrNGTLImperial20260724.csv
2026-07-24,TOTAL_SD_ACCOUNT_TJ,155.3,,GdsrNGTLImperial20260724.csv
2026-07-25,END_OF_DAY_LINEPACK,19995.0,,GdsrNGTLImperial20260725.csv
2026-07-25,LINEPACK_CHANGE_24H,168.0,,GdsrNGTLImperial20260725.csv
2026-07-25,LINEPACK_RATE_OF_CHANGE,-60.0,,GdsrNGTLImperial20260725.csv
2026-07-25,LINEPACK_TARGET,20659.0,,GdsrNGTLImperial20260725.csv
2026-07-25,NGTL_FIELD_RECEIPTS,14042.0,,GdsrNGTLImperial20260725.csv
2026-07-25,TOLERANCE,,0/2 (%),GdsrNGTLImperial20260725.csv
2026-07-25,TOLERANCE_LAST_CHANGED,,2026-Jul-23 at 08:00,GdsrNGTLImperial20260725.csv
2026-07-25,TOTAL_OBA_ACCOUNT_TJ,-254.7,,GdsrNGTLImperial20260725.csv
2026-07-25,TOTAL_SD_ACCOUNT_TJ,363.6,,GdsrNGTLImperial20260725.csv
2026-07-26,END_OF_DAY_LINEPACK,19541.0,,GdsrNGTLImperial20260726.csv
2026-07-26,LINEPACK_CHANGE_24H,-454.0,,GdsrNGTLImperial20260726.csv
2026-07-26,LINEPACK_RATE_OF_CHANGE,-276.0,,GdsrNGTLImperial20260726.csv
2026-07-26,LINEPACK_TARGET,20659.0,,GdsrNGTLImperial20260726.csv
2026-07-26,NGTL_FIELD_RECEIPTS,14213.0,,GdsrNGTLImperial20260726.csv
2026-07-26,TOLERANCE,,0/2 (%),GdsrNGTLImperial20260726.csv
2026-07-26,TOLERANCE_LAST_CHANGED,,2026-Jul-23 at 08:00,GdsrNGTLImperial20260726.csv
2026-07-26,TOTAL_OBA_ACCOUNT_TJ,-526.8,,GdsrNGTLImperial20260726.csv
2026-07-26,TOTAL_SD_ACCOUNT_TJ,397.0,,GdsrNGTLImperial20260726.csv
2026-07-27,END_OF_DAY_LINEPACK,19763.0,,GdsrNGTLImperial20260727.csv
2026-07-27,LINEPACK_CHANGE_24H,222.0,,GdsrNGTLImperial20260727.csv
2026-07-27,LINEPACK_RATE_OF_CHANGE,-465.0,,GdsrNGTLImperial20260727.csv
2026-07-27,LINEPACK_TARGET,20659.0,,GdsrNGTLImperial20260727.csv
2026-07-27,NGTL_FIELD_RECEIPTS,14146.0,,GdsrNGTLImperial20260727.csv
2026-07-27,TOLERANCE,,0/2 (%),GdsrNGTLImperial20260727.csv
2026-07-27,TOLERANCE_LAST_CHANGED,,2026-Jul-23 at 08:00,GdsrNGTLImperial20260727.csv
2026-07-27,TOTAL_OBA_ACCOUNT_TJ,-195.9,,GdsrNGTLImperial20260727.csv
2026-07-27,TOTAL_SD_ACCOUNT_TJ,254.1,,GdsrNGTLImperial20260727.csv
2026-07-28,END_OF_DAY_LINEPACK,19816.0,,GdsrNGTLImperial20260728.csv
2026-07-28,LINEPACK_CHANGE_24H,52.0,,GdsrNGTLImperial20260728.csv
2026-07-28,LINEPACK_RATE_OF_CHANGE,-228.0,,GdsrNGTLImperial20260728.csv
2026-07-28,LINEPACK_TARGET,20659.0,,GdsrNGTLImperial20260728.csv
2026-07-28,NGTL_FIELD_RECEIPTS,14328.0,,GdsrNGTLImperial20260728.csv
2026-07-28,TOLERANCE,,0/2 (%),GdsrNGTLImperial20260728.csv
2026-07-28,TOLERANCE_LAST_CHANGED,,2026-Jul-23 at 08:00,GdsrNGTLImperial20260728.csv
2026-07-28,TOTAL_OBA_ACCOUNT_TJ,104.0,,GdsrNGTLImperial20260728.csv
2026-07-28,TOTAL_SD_ACCOUNT_TJ,86.3,,GdsrNGTLImperial20260728.csv
2026-07-29,END_OF_DAY_LINEPACK,19280.0,,GdsrNGTLImperial20260729.csv
2026-07-29,LINEPACK_CHANGE_24H,-536.0,,GdsrNGTLImperial20260729.csv
2026-07-29,LINEPACK_RATE_OF_CHANGE,-412.0,,GdsrNGTLImperial20260729.csv
2026-07-29,LINEPACK_TARGET,20659.0,,GdsrNGTLImperial20260729.csv
2026-07-29,NGTL_FIELD_RECEIPTS,13602.0,,GdsrNGTLImperial20260729.csv
2026-07-29,TOLERANCE,,0/2 (%),GdsrNGTLImperial20260729.csv
2026-07-29,TOLERANCE_LAST_CHANGED,,2026-Jul-23 at 08:00,GdsrNGTLImperial20260729.csv
2026-07-29,TOTAL_OBA_ACCOUNT_TJ,-74.7,,GdsrNGTLImperial20260729.csv
2026-07-29,TOTAL_SD_ACCOUNT_TJ,-410.8,,GdsrNGTLImperial20260729.csv
2026-07-30,END_OF_DAY_LINEPACK,19718.0,,GdsrNGTLImperial20260730.csv
2026-07-30,LINEPACK_CHANGE_24H,439.0,,GdsrNGTLImperial20260730.csv
2026-07-30,LINEPACK_RATE_OF_CHANGE,448.0,,GdsrNGTLImperial20260730.csv
2026-07-30,LINEPACK_TARGET,20659.0,,GdsrNGTLImperial20260730.csv
2026-07-30,NGTL_FIELD_RECEIPTS,13981.0,,GdsrNGTLImperial20260730.csv
2026-07-30,TOLERANCE,,0/2 (%),GdsrNGTLImperial20260730.csv
2026-07-30,TOLERANCE_LAST_CHANGED,,2026-Jul-23 at 08:00,GdsrNGTLImperial20260730.csv
2026-07-30,TOTAL_OBA_ACCOUNT_TJ,-23.7,,GdsrNGTLImperial20260730.csv
2026-07-30,TOTAL_SD_ACCOUNT_TJ,108.6,,GdsrNGTLImperial20260730.csv
2026-07-31,END_OF_DAY_LINEPACK,20108.0,,GdsrNGTLImperial20260731.csv
2026-07-31,LINEPACK_CHANGE_24H,390.0,,GdsrNGTLImperial20260731.csv
2026-07-31,LINEPACK_RATE_OF_CHANGE,813.0,,GdsrNGTLImperial20260731.csv
2026-07-31,LINEPACK_TARGET,20659.0,,GdsrNGTLImperial20260731.csv
2026-07-31,NGTL_FIELD_RECEIPTS,14102.0,,GdsrNGTLImperial20260731.csv
2026-07-31,TOLERANCE,,0/2 (%),GdsrNGTLImperial20260731.csv
2026-07-31,TOLERANCE_LAST_CHANGED,,2026-Jul-23 at 08:00,GdsrNGTLImperial20260731.csv
2026-07-31,TOTAL_OBA_ACCOUNT_TJ,138.7,,GdsrNGTLImperial20260731.csv
2026-07-31,TOTAL_SD_ACCOUNT_TJ,205.4,,GdsrNGTLImperial20260731.csv
2026-08-01,END_OF_DAY_LINEPACK,20291.0,,GdsrNGTLImperial20260801.csv
2026-08-01,LINEPACK_CHANGE_24H,183.0,,GdsrNGTLImperial20260801.csv
2026-08-01,LINEPACK_RATE_OF_CHANGE,-100.0,,GdsrNGTLImperial20260801.csv
2026-08-01,LINEPACK_TARGET,20659.0,,GdsrNGTLImperial20260801.csv
2026-08-01,NGTL_FIELD_RECEIPTS,14077.0,,GdsrNGTLImperial20260801.csv
2026-08-01,TOLERANCE,,0/2 (%),GdsrNGTLImperial20260801.csv
2026-08-01,TOLERANCE_LAST_CHANGED,,2026-Jul-23 at 08:00,GdsrNGTLImperial20260801.csv
2026-08-01,TOTAL_OBA_ACCOUNT_TJ,192.1,,GdsrNGTLImperial20260801.csv
2026-08-01,TOTAL_SD_ACCOUNT_TJ,240.3,,GdsrNGTLImperial20260801.csv
2026-08-02,END_OF_DAY_LINEPACK,20344.0,,GdsrNGTLImperial20260802.csv
2026-08-02,LINEPACK_CHANGE_24H,52.0,,GdsrNGTLImperial20260802.csv
2026-08-02,LINEPACK_RATE_OF_CHANGE,-237.0,,GdsrNGTLImperial20260802.csv
2026-08-02,LINEPACK_TARGET,20659.0,,GdsrNGTLImperial20260802.csv
2026-08-02,NGTL_FIELD_RECEIPTS,14223.0,,GdsrNGTLImperial20260802.csv
2026-08-02,TOLERANCE,,0/2 (%),GdsrNGTLImperial20260802.csv
2026-08-02,TOLERANCE_LAST_CHANGED,,2026-Jul-23 at 08:00,GdsrNGTLImperial20260802.csv
2026-08-02,TOTAL_OBA_ACCOUNT_TJ,30.1,,GdsrNGTLImperial20260802.csv
2026-08-02,TOTAL_SD_ACCOUNT_TJ,363.0,,GdsrNGTLImperial20260802.csv
2026-08-03,END_OF_DAY_LINEPACK,20131.0,,GdsrNGTLImperial20260803.csv
2026-08-03,LINEPACK_CHANGE_24H,-212.0,,GdsrNGTLImperial20260803.csv
2026-08-03,LINEPACK_RATE_OF_CHANGE,-203.0,,GdsrNGTLImperial20260803.csv
2026-08-03,LINEPACK_TARGET,20659.0,,GdsrNGTLImperial20260803.csv
2026-08-03,NGTL_FIELD_RECEIPTS,14266.0,,GdsrNGTLImperial20260803.csv
2026-08-03,TOLERANCE,,0/2 (%),GdsrNGTLImperial20260803.csv
2026-08-03,TOLERANCE_LAST_CHANGED,,2026-Jul-23 at 08:00,GdsrNGTLImperial20260803.csv
2026-08-03,TOTAL_OBA_ACCOUNT_TJ,-203.5,,GdsrNGTLImperial20260803.csv
2026-08-03,TOTAL_SD_ACCOUNT_TJ,234.8,,GdsrNGTLImperial20260803.csv
2026-08-04,END_OF_DAY_LINEPACK,20092.0,,GdsrNGTLImperial20260804.csv
2026-08-04,LINEPACK_CHANGE_24H,-39.0,,GdsrNGTLImperial20260804.csv
2026-08-04,LINEPACK_RATE_OF_CHANGE,93.0,,GdsrNGTLImperial20260804.csv
2026-08-04,LINEPACK_TARGET,20659.0,,GdsrNGTLImperial20260804.csv
2026-08-04,NGTL_FIELD_RECEIPTS,14138.0,,GdsrNGTLImperial20260804.csv
2026-08-04,TOLERANCE,,0/2 (%),GdsrNGTLImperial20260804.csv
2026-08-04,TOLERANCE_LAST_CHANGED,,2026-Jul-23 at 08:00,GdsrNGTLImperial20260804.csv
2026-08-04,TOTAL_OBA_ACCOUNT_TJ,221.5,,GdsrNGTLImperial20260804.csv
2026-08-04,TOTAL_SD_ACCOUNT_TJ,221.5,,GdsrNGTLImperial20260804.csv
2026-08-05,END_OF_DAY_LINEPACK,20054.0,,GdsrNGTLImperial20260805.csv
2026-08-05,LINEPACK_CHANGE_24H,-38.0,,GdsrNGTLImperial20260805.csv
2026-08-05,LINEPACK_RATE_OF_CHANGE,144.0,,GdsrNGTLImperial20260805.csv
2026-08-05,LINEPACK_TARGET,20659.0,,GdsrNGTLImperial20260805.csv
2026-08-05,NGTL_FIELD_RECEIPTS,13883.0,,GdsrNGTLImperial20260805.csv
2026-08-05,TOLERANCE,,0/2 (%),GdsrNGTLImperial20260805.csv
2026-08-05,TOLERANCE_LAST_CHANGED,,2026-Jul-23 at 08:00,GdsrNGTLImperial20260805.csv
2026-08-05,TOTAL_OBA_ACCOUNT_TJ,243.8,,GdsrNGTLImperial20260805.csv
2026-08-05,TOTAL_SD_ACCOUNT_TJ,9.6,,GdsrNGTLImperial20260805.csv
2026-08-06,END_OF_DAY_LINEPACK,20285.0,,GdsrNGTLImperial20260806.csv
2026-08-06,LINEPACK_CHANGE_24H,231.0,,GdsrNGTLImperial20260806.csv
2026-08-06,LINEPACK_RATE_OF_CHANGE,190.0,,GdsrNGTLImperial20260806.csv
2026-08-06,LINEPACK_TARGET,20659.0,,GdsrNGTLImperial20260806.csv
2026-08-06,NGTL_FIELD_RECEIPTS,14151.0,,GdsrNGTLImperial20260806.csv
2026-08-06,TOLERANCE,,0/2 (%),GdsrNGTLImperial20260806.csv
2026-08-06,TOLERANCE_LAST_CHANGED,,2026-Jul-23 at 08:00,GdsrNGTLImperial20260806.csv
2026-08-06,TOTAL_OBA_ACCOUNT_TJ,223.8,,GdsrNGTLImperial20260806.csv
2026-08-06,TOTAL_SD_ACCOUNT_TJ,264.5,,GdsrNGTLImperial20260806.csv
2026-08-07,END_OF_DAY_LINEPACK,20100.0,,GdsrNGTLImperial20260807.csv
2026-08-07,LINEPACK_CHANGE_24H,-185.0,,GdsrNGTLImperial20260807.csv
2026-08-07,LINEPACK_RATE_OF_CHANGE,-179.0,,GdsrNGTLImperial20260807.csv
2026-08-07,LINEPACK_TARGET,20659.0,,GdsrNGTLImperial20260807.csv
2026-08-07,NGTL_FIELD_RECEIPTS,14061.0,,GdsrNGTLImperial20260807.csv
2026-08-07,TOLERANCE,,0/2 (%),GdsrNGTLImperial20260807.csv
2026-08-07,TOLERANCE_LAST_CHANGED,,2026-Jul-23 at 08:00,GdsrNGTLImperial20260807.csv
2026-08-07,TOTAL_OBA_ACCOUNT_TJ,89.6,,GdsrNGTLImperial20260807.csv
2026-08-07,TOTAL_SD_ACCOUNT_TJ,42.8,,GdsrNGTLImperial20260807.csv
2026-08-08,END_OF_DAY_LINEPACK,20233.0,,GdsrNGTLImperial20260808.csv
2026-08-08,LINEPACK_CHANGE_24H,133.0,,GdsrNGTLImperial20260808.csv
2026-08-08,LINEPACK_RATE_OF_CHANGE,164.0,,GdsrNGTLImperial20260808.csv
2026-08-08,LINEPACK_TARGET,20659.0,,GdsrNGTLImperial20260808.csv
2026-08-08,NGTL_FIELD_RECEIPTS,14121.0,,GdsrNGTLImperial20260808.csv
2026-08-08,TOLERANCE,,0/2 (%),GdsrNGTLImperial20260808.csv
2026-08-08,TOLERANCE_LAST_CHANGED,,2026-Jul-23 at 08:00,GdsrNGTLImperial20260808.csv
2026-08-08,TOTAL_OBA_ACCOUNT_TJ,46.9,,GdsrNGTLImperial20260808.csv
2026-08-08,TOTAL_SD_ACCOUNT_TJ,166.8,,GdsrNGTLImperial20260808.csv
2026-08-09,END_OF_DAY_LINEPACK,20028.0,,GdsrNGTLImperial20260809.csv
2026-08-09,LINEPACK_CHANGE_24H,-205.0,,GdsrNGTLImperial20260809.csv
2026-08-09,LINEPACK_RATE_OF_CHANGE,-205.0,,GdsrNGTLImperial20260809.csv
2026-08-09,LINEPACK_TARGET,20659.0,,GdsrNGTLImperial20260809.csv
2026-08-09,NGTL_FIELD_RECEIPTS,14206.0,,GdsrNGTLImperial20260809.csv
2026-08-09,TOLERANCE,,0/2 (%),GdsrNGTLImperial20260809.csv
2026-08-09,TOLERANCE_LAST_CHANGED,,2026-Jul-23 at 08:00,GdsrNGTLImperial20260809.csv
2026-08-09,TOTAL_OBA_ACCOUNT_TJ,-207.6,,GdsrNGTLImperial20260809.csv
2026-08-09,TOTAL_SD_ACCOUNT_TJ,57.6,,GdsrNGTLImperial20260809.csv
2026-08-10,END_OF_DAY_LINEPACK,20216.0,,GdsrNGTLImperial20260810.csv
2026-08-10,LINEPACK_CHANGE_24H,189.0,,GdsrNGTLImperial20260810.csv
2026-08-10,LINEPACK_RATE_OF_CHANGE,-42.0,,GdsrNGTLImperial20260810.csv
2026-08-10,LINEPACK_TARGET,20659.0,,GdsrNGTLImperial20260810.csv
2026-08-10,NGTL_FIELD_RECEIPTS,14196.0,,GdsrNGTLImperial20260810.csv
2026-08-10,TOLERANCE,,0/2 (%),GdsrNGTLImperial20260810.csv
2026-08-10,TOLERANCE_LAST_CHANGED,,2026-Jul-23 at 08:00,GdsrNGTLImperial20260810.csv
2026-08-10,TOTAL_OBA_ACCOUNT_TJ,260.7,,GdsrNGTLImperial20260810.csv
2026-08-10,TOTAL_SD_ACCOUNT_TJ,-90.8,,GdsrNGTLImperial20260810.csv
2026-08-11,END_OF_DAY_LINEPACK,20195.0,,GdsrNGTLImperial20260811.csv
2026-08-11,LINEPACK_CHANGE_24H,-21.0,,GdsrNGTLImperial20260811.csv
2026-08-11,LINEPACK_RATE_OF_CHANGE,242.0,,GdsrNGTLImperial20260811.csv
2026-08-11,LINEPACK_TARGET,20659.0,,GdsrNGTLImperial20260811.csv
2026-08-11,NGTL_FIELD_RECEIPTS,14261.0,,GdsrNGTLImperial20260811.csv
2026-08-11,TOLERANCE,,0/2 (%),GdsrNGTLImperial20260811.csv
2026-08-11,TOLERANCE_LAST_CHANGED,,2026-Jul-23 at 08:00,GdsrNGTLImperial20260811.csv
2026-08-11,TOTAL_OBA_ACCOUNT_TJ,-113.9,,GdsrNGTLImperial20260811.csv
2026-08-11,TOTAL_SD_ACCOUNT_TJ,256.5,,GdsrNGTLImperial20260811.csv
2026-08-12,END_OF_DAY_LINEPACK,20014.0,,GdsrNGTLImperial20260812.csv
2026-08-12,LINEPACK_CHANGE_24H,-158.0,,GdsrNGTLImperial20260812.csv
2026-08-12,LINEPACK_RATE_OF_CHANGE,14.0,,GdsrNGTLImperial20260812.csv
2026-08-12,LINEPACK_TARGET,20659.0,,GdsrNGTLImperial20260812.csv
2026-08-12,NGTL_FIELD_RECEIPTS,14201.0,,GdsrNGTLImperial20260812.csv
2026-08-12,TOLERANCE,,0/2 (%),GdsrNGTLImperial20260812.csv
2026-08-12,TOLERANCE_LAST_CHANGED,,2026-Jul-23 at 08:00,GdsrNGTLImperial20260812.csv
2026-08-12,TOTAL_OBA_ACCOUNT_TJ,86.3,,GdsrNGTLImperial20260812.csv
2026-08-12,TOTAL_SD_ACCOUNT_TJ,-216.3,,GdsrNGTLImperial20260812.csv
2026-08-13,END_OF_DAY_LINEPACK,20495.0,,GdsrNGTLImperial20260813.csv
2026-08-13,LINEPACK_CHANGE_24H,468.0,,GdsrNGTLImperial20260813.csv
2026-08-13,LINEPACK_RATE_OF_CHANGE,645.0,,GdsrNGTLImperial20260813.csv
2026-08-13,LINEPACK_TARGET,20659.0,,GdsrNGTLImperial20260813.csv
2026-08-13,NGTL_FIELD_RECEIPTS,14365.0,,GdsrNGTLImperial20260813.csv
2026-08-13,TOLERANCE,,0/2 (%),GdsrNGTLImperial20260813.csv
2026-08-13,TOLERANCE_LAST_CHANGED,,2026-Jul-23 at 08:00,GdsrNGTLImperial20260813.csv
2026-08-13,TOTAL_OBA_ACCOUNT_TJ,134.8,,GdsrNGTLImperial20260813.csv
2026-08-13,TOTAL_SD_ACCOUNT_TJ,360.3,,GdsrNGTLImperial20260813.csv
2026-08-14,END_OF_DAY_LINEPACK,20320.0,,GdsrNGTLImperial20260814.csv
2026-08-14,LINEPACK_CHANGE_24H,-83.0,,GdsrNGTLImperial20260814.csv
2026-08-14,LINEPACK_RATE_OF_CHANGE,117.0,,GdsrNGTLImperial20260814.csv
2026-08-14,LINEPACK_TARGET,20659.0,,GdsrNGTLImperial20260814.csv
2026-08-14,NGTL_FIELD_RECEIPTS,14075.0,,GdsrNGTLImperial20260814.csv
2026-08-14,TOLERANCE,,0/2 (%),GdsrNGTLImperial20260814.csv
2026-08-14,TOLERANCE_LAST_CHANGED,,2026-Jul-23 at 08:00,GdsrNGTLImperial20260814.csv
2026-08-14,TOTAL_OBA_ACCOUNT_TJ,129.6,,GdsrNGTLImperial20260814.csv
2026-08-14,TOTAL_SD_ACCOUNT_TJ,18.1,,GdsrNGTLImperial20260814.csv
2026-08-15,END_OF_DAY_LINEPACK,20682.0,,GdsrNGTLImperial20260815.csv
2026-08-15,LINEPACK_CHANGE_24H,391.0,,GdsrNGTLImperial20260815.csv
2026-08-15,LINEPACK_RATE_OF_CHANGE,527.0,,GdsrNGTLImperial20260815.csv
2026-08-15,LINEPACK_TARGET,20659.0,,GdsrNGTLImperial20260815.csv
2026-08-15,NGTL_FIELD_RECEIPTS,14084.0,,GdsrNGTLImperial20260815.csv
2026-08-15,TOLERANCE,,0/2 (%),GdsrNGTLImperial20260815.csv
2026-08-15,TOLERANCE_LAST_CHANGED,,2026-Jul-23 at 08:00,GdsrNGTLImperial20260815.csv
2026-08-15,TOTAL_OBA_ACCOUNT_TJ,89.2,,GdsrNGTLImperial20260815.csv
2026-08-15,TOTAL_SD_ACCOUNT_TJ,414.5,,GdsrNGTLImperial20260815.csv
2026-08-16,END_OF_DAY_LINEPACK,20587.0,,GdsrNGTLImperial20260816.csv
2026-08-16,LINEPACK_CHANGE_24H,-96.0,,GdsrNGTLImperial20260816.csv
2026-08-16,LINEPACK_RATE_OF_CHANGE,-189.0,,GdsrNGTLImperial20260816.csv
2026-08-16,LINEPACK_TARGET,20659.0,,GdsrNGTLImperial20260816.csv
2026-08-16,NGTL_FIELD_RECEIPTS,13646.0,,GdsrNGTLImperial20260816.csv
2026-08-16,TOLERANCE,,0/2 (%),GdsrNGTLImperial20260816.csv
2026-08-16,TOLERANCE_LAST_CHANGED,,2026-Jul-23 at 08:00,GdsrNGTLImperial20260816.csv
2026-08-16,TOTAL_OBA_ACCOUNT_TJ,6.0,,GdsrNGTLImperial20260816.csv
2026-08-16,TOTAL_SD_ACCOUNT_TJ,282.5,,GdsrNGTLImperial20260816.csv
2026-08-17,END_OF_DAY_LINEPACK,20504.0,,GdsrNGTLImperial20260817.csv
2026-08-17,LINEPACK_CHANGE_24H,-5.0,,GdsrNGTLImperial20260817.csv
2026-08-17,LINEPACK_RATE_OF_CHANGE,461.0,,GdsrNGTLImperial20260817.csv
2026-08-17,LINEPACK_TARGET,20659.0,,GdsrNGTLImperial20260817.csv
2026-08-17,NGTL_FIELD_RECEIPTS,13432.0,,GdsrNGTLImperial20260817.csv
2026-08-17,TOLERANCE,,0/2 (%),GdsrNGTLImperial20260817.csv
2026-08-17,TOLERANCE_LAST_CHANGED,,2026-Jul-23 at 08:00,GdsrNGTLImperial20260817.csv
2026-08-17,TOTAL_OBA_ACCOUNT_TJ,262.1,,GdsrNGTLImperial20260817.csv
2026-08-17,TOTAL_SD_ACCOUNT_TJ,168.2,,GdsrNGTLImperial20260817.csv
2026-08-18,END_OF_DAY_LINEPACK,20969.0,,GdsrNGTLImperial20260818.csv
2026-08-18,LINEPACK_CHANGE_24H,442.0,,GdsrNGTLImperial20260818.csv
2026-08-18,LINEPACK_RATE_OF_CHANGE,418.0,,GdsrNGTLImperial20260818.csv
2026-08-18,LINEPACK_TARGET,20659.0,,GdsrNGTLImperial20260818.csv
2026-08-18,NGTL_FIELD_RECEIPTS,13713.0,,GdsrNGTLImperial20260818.csv
2026-08-18,TOLERANCE,,0/2 (%),GdsrNGTLImperial20260818.csv
2026-08-18,TOLERANCE_LAST_CHANGED,,2026-Jul-23 at 08:00,GdsrNGTLImperial20260818.csv
2026-08-18,TOTAL_OBA_ACCOUNT_TJ,472.6,,GdsrNGTLImperial20260818.csv
2026-08-18,TOTAL_SD_ACCOUNT_TJ,523.1,,GdsrNGTLImperial20260818.csv
2026-08-19,END_OF_DAY_LINEPACK,20763.0,,GdsrNGTLImperial20260819.csv
2026-08-19,LINEPACK_CHANGE_24H,-183.0,,GdsrNGTLImperial20260819.csv
2026-08-19,LINEPACK_RATE_OF_CHANGE,-70.0,,GdsrNGTLImperial20260819.csv
2026-08-19,LINEPACK_TARGET,20659.0,,GdsrNGTLImperial20260819.csv
2026-08-19,NGTL_FIELD_RECEIPTS,13845.0,,GdsrNGTLImperial20260819.csv
2026-08-19,TOLERANCE,,0/2 (%),GdsrNGTLImperial20260819.csv
2026-08-19,TOLERANCE_LAST_CHANGED,,2026-Jul-23 at 08:00,GdsrNGTLImperial20260819.csv
2026-08-19,TOTAL_OBA_ACCOUNT_TJ,93.5,,GdsrNGTLImperial20260819.csv
2026-08-19,TOTAL_SD_ACCOUNT_TJ,576.9,,GdsrNGTLImperial20260819.csv
2026-08-20,END_OF_DAY_LINEPACK,20545.0,,GdsrNGTLImperial20260820.csv
2026-08-20,LINEPACK_CHANGE_24H,-163.0,,GdsrNGTLImperial20260820.csv
2026-08-20,LINEPACK_RATE_OF_CHANGE,187.0,,GdsrNGTLImperial20260820.csv
2026-08-20,LINEPACK_TARGET,20659.0,,GdsrNGTLImperial20260820.csv
2026-08-20,NGTL_FIELD_RECEIPTS,13879.0,,GdsrNGTLImperial20260820.csv
2026-08-20,TOLERANCE,,0/2 (%),GdsrNGTLImperial20260820.csv
2026-08-20,TOLERANCE_LAST_CHANGED,,2026-Jul-23 at 08:00,GdsrNGTLImperial20260820.csv
2026-08-20,TOTAL_OBA_ACCOUNT_TJ,23.0,,GdsrNGTLImperial20260820.csv
2026-08-20,TOTAL_SD_ACCOUNT_TJ,238.7,,GdsrNGTLImperial20260820.csv
2026-08-21,END_OF_DAY_LINEPACK,20564.0,,GdsrNGTLImperial20260821.csv
2026-08-21,LINEPACK_CHANGE_24H,49.0,,GdsrNGTLImperial20260821.csv
2026-08-21,LINEPACK_RATE_OF_CHANGE,426.0,,GdsrNGTLImperial20260821.csv
2026-08-21,LINEPACK_TARGET,20659.0,,GdsrNGTLImperial20260821.csv
2026-08-21,NGTL_FIELD_RECEIPTS,13978.0,,GdsrNGTLImperial20260821.csv
2026-08-21,TOLERANCE,,0/2 (%),GdsrNGTLImperial20260821.csv
2026-08-21,TOLERANCE_LAST_CHANGED,,2026-Jul-23 at 08:00,GdsrNGTLImperial20260821.csv
2026-08-21,TOTAL_OBA_ACCOUNT_TJ,-155.2,,GdsrNGTLImperial20260821.csv
2026-08-21,TOTAL_SD_ACCOUNT_TJ,265.9,,GdsrNGTLImperial20260821.csv
2026-08-22,END_OF_DAY_LINEPACK,20535.0,,GdsrNGTLImperial20260822.csv
2026-08-22,LINEPACK_CHANGE_24H,-45.0,,GdsrNGTLImperial20260822.csv
2026-08-22,LINEPACK_RATE_OF_CHANGE,277.0,,GdsrNGTLImperial20260822.csv
2026-08-22,LINEPACK_TARGET,20659.0,,GdsrNGTLImperial20260822.csv
2026-08-22,NGTL_FIELD_RECEIPTS,13849.0,,GdsrNGTLImperial20260822.csv
2026-08-22,TOLERANCE,,0/2 (%),GdsrNGTLImperial20260822.csv
2026-08-22,TOLERANCE_LAST_CHANGED,,2026-Jul-23 at 08:00,GdsrNGTLImperial20260822.csv
2026-08-22,TOTAL_OBA_ACCOUNT_TJ,-195.8,,GdsrNGTLImperial20260822.csv
2026-08-22,TOTAL_SD_ACCOUNT_TJ,238.4,,GdsrNGTLImperial20260822.csv
2026-08-23,END_OF_DAY_LINEPACK,21042.0,,GdsrNGTLImperial20260823.csv
2026-08-23,LINEPACK_CHANGE_24H,507.0,,GdsrNGTLImperial20260823.csv
2026-08-23,LINEPACK_RATE_OF_CHANGE,619.0,,GdsrNGTLImperial20260823.csv
2026-08-23,LINEPACK_TARGET,20659.0,,GdsrNGTLImperial20260823.csv
2026-08-23,NGTL_FIELD_RECEIPTS,14218.0,,GdsrNGTLImperial20260823.csv
2026-08-23,TOLERANCE,,0/2 (%),GdsrNGTLImperial20260823.csv
2026-08-23,TOLERANCE_LAST_CHANGED,,2026-Jul-23 at 08:00,GdsrNGTLImperial20260823.csv
2026-08-23,TOTAL_OBA_ACCOUNT_TJ,-302.8,,GdsrNGTLImperial20260823.csv
2026-08-23,TOTAL_SD_ACCOUNT_TJ,677.5,,GdsrNGTLImperial20260823.csv
2026-08-24,END_OF_DAY_LINEPACK,20726.0,,GdsrNGTLImperial20260824.csv
2026-08-24,LINEPACK_CHANGE_24H,-242.0,,GdsrNGTLImperial20260824.csv
2026-08-24,LINEPACK_RATE_OF_CHANGE,-373.0,,GdsrNGTLImperial20260824.csv
2026-08-24,LINEPACK_TARGET,20659.0,,GdsrNGTLImperial20260824.csv
2026-08-24,NGTL_FIELD_RECEIPTS,14000.0,,GdsrNGTLImperial20260824.csv
2026-08-24,TOLERANCE,,0/2 (%),GdsrNGTLImperial20260824.csv
2026-08-24,TOLERANCE_LAST_CHANGED,,2026-Jul-23 at 08:00,GdsrNGTLImperial20260824.csv
2026-08-24,TOTAL_OBA_ACCOUNT_TJ,-330.7,,GdsrNGTLImperial20260824.csv
2026-08-24,TOTAL_SD_ACCOUNT_TJ,796.4,,GdsrNGTLImperial20260824.csv
2026-08-25,END_OF_DAY_LINEPACK,20383.0,,GdsrNGTLImperial20260825.csv
2026-08-25,LINEPACK_CHANGE_24H,-307.0,,GdsrNGTLImperial20260825.csv
2026-08-25,LINEPACK_RATE_OF_CHANGE,105.0,,GdsrNGTLImperial20260825.csv
2026-08-25,LINEPACK_TARGET,20659.0,,GdsrNGTLImperial20260825.csv
2026-08-25,NGTL_FIELD_RECEIPTS,13753.0,,GdsrNGTLImperial20260825.csv
2026-08-25,TOLERANCE,,0/2 (%),GdsrNGTLImperial20260825.csv
2026-08-25,TOLERANCE_LAST_CHANGED,,2026-Jul-23 at 08:00,GdsrNGTLImperial20260825.csv
2026-08-25,TOTAL_OBA_ACCOUNT_TJ,-264.7,,GdsrNGTLImperial20260825.csv
2026-08-25,TOTAL_SD_ACCOUNT_TJ,-37.5,,GdsrNGTLImperial20260825.csv
