outage_id,uid,table_code,start,end,capability_e3m3d,restriction,area,description,source_file,capability_mmcfd,facility,work_type,table_label,csr_columns,segment_numbers,segment_codes,segment_names,base_capability_mmcfd,severity_basis,derate_pct,severity,gas_day
20685235,181415,LCLR,2026-08-01,2026-09-04,1250.0,Potential impact to FT-R,"Segments 13, 24, partial 6 (Mitsue, Nipisi, Smith, Figure Lake)",NPS 20 Marten Hills Lateral - Pipeline Maintenance,outages_2026_08_28_21_40_44.json,44.143375000000006,NPS 20 Marten Hills Lateral,Pipeline Maintenance,Local receipt point,,6|13|24,MRTN|REDL|JUDY,MRTN|REDL|JUDY,5403.1491000000005,observed_max,99.18300653594771,severe,2026-08-01
20685235,181415,LCLR,2026-08-01,2026-09-04,1250.0,Potential impact to FT-R,"Segments 13, 24, partial 6 (Mitsue, Nipisi, Smith, Figure Lake)",NPS 20 Marten Hills Lateral - Pipeline Maintenance,outages_2026_08_28_21_40_44.json,44.143375000000006,NPS 20 Marten Hills Lateral,Pipeline Maintenance,Local receipt point,,6|13|24,MRTN|REDL|JUDY,MRTN|REDL|JUDY,5403.1491000000005,observed_max,99.18300653594771,severe,2026-08-02
20685235,181415,LCLR,2026-08-01,2026-09-04,1250.0,Potential impact to FT-R,"Segments 13, 24, partial 6 (Mitsue, Nipisi, Smith, Figure Lake)",NPS 20 Marten Hills Lateral - Pipeline Maintenance,outages_2026_08_28_21_40_44.json,44.143375000000006,NPS 20 Marten Hills Lateral,Pipeline Maintenance,Local receipt point,,6|13|24,MRTN|REDL|JUDY,MRTN|REDL|JUDY,5403.1491000000005,observed_max,99.18300653594771,severe,2026-08-03
20685235,181415,LCLR,2026-08-01,2026-09-04,1250.0,Potential impact to FT-R,"Segments 13, 24, partial 6 (Mitsue, Nipisi, Smith, Figure Lake)",NPS 20 Marten Hills Lateral - Pipeline Maintenance,outages_2026_08_28_21_40_44.json,44.143375000000006,NPS 20 Marten Hills Lateral,Pipeline Maintenance,Local receipt point,,6|13|24,MRTN|REDL|JUDY,MRTN|REDL|JUDY,5403.1491000000005,observed_max,99.18300653594771,severe,2026-08-04
20685235,181415,LCLR,2026-08-01,2026-09-04,1250.0,Potential impact to FT-R,"Segments 13, 24, partial 6 (Mitsue, Nipisi, Smith, Figure Lake)",NPS 20 Marten Hills Lateral - Pipeline Maintenance,outages_2026_08_28_21_40_44.json,44.143375000000006,NPS 20 Marten Hills Lateral,Pipeline Maintenance,Local receipt point,,6|13|24,MRTN|REDL|JUDY,MRTN|REDL|JUDY,5403.1491000000005,observed_max,99.18300653594771,severe,2026-08-05
20685235,181415,LCLR,2026-08-01,2026-09-04,1250.0,Potential impact to FT-R,"Segments 13, 24, partial 6 (Mitsue, Nipisi, Smith, Figure Lake)",NPS 20 Marten Hills Lateral - Pipeline Maintenance,outages_2026_08_28_21_40_44.json,44.143375000000006,NPS 20 Marten Hills Lateral,Pipeline Maintenance,Local receipt point,,6|13|24,MRTN|REDL|JUDY,MRTN|REDL|JUDY,5403.1491000000005,observed_max,99.18300653594771,severe,2026-08-06
20685235,181415,LCLR,2026-08-01,2026-09-04,1250.0,Potential impact to FT-R,"Segments 13, 24, partial 6 (Mitsue, Nipisi, Smith, Figure Lake)",NPS 20 Marten Hills Lateral - Pipeline Maintenance,outages_2026_08_28_21_40_44.json,44.143375000000006,NPS 20 Marten Hills Lateral,Pipeline Maintenance,Local receipt point,,6|13|24,MRTN|REDL|JUDY,MRTN|REDL|JUDY,5403.1491000000005,observed_max,99.18300653594771,severe,2026-08-07
20685235,181415,LCLR,2026-08-01,2026-09-04,1250.0,Potential impact to FT-R,"Segments 13, 24, partial 6 (Mitsue, Nipisi, Smith, Figure Lake)",NPS 20 Marten Hills Lateral - Pipeline Maintenance,outages_2026_08_28_21_40_44.json,44.143375000000006,NPS 20 Marten Hills Lateral,Pipeline Maintenance,Local receipt point,,6|13|24,MRTN|REDL|JUDY,MRTN|REDL|JUDY,5403.1491000000005,observed_max,99.18300653594771,severe,2026-08-08
20685235,181415,LCLR,2026-08-01,2026-09-04,1250.0,Potential impact to FT-R,"Segments 13, 24, partial 6 (Mitsue, Nipisi, Smith, Figure Lake)",NPS 20 Marten Hills Lateral - Pipeline Maintenance,outages_2026_08_28_21_40_44.json,44.143375000000006,NPS 20 Marten Hills Lateral,Pipeline Maintenance,Local receipt point,,6|13|24,MRTN|REDL|JUDY,MRTN|REDL|JUDY,5403.1491000000005,observed_max,99.18300653594771,severe,2026-08-09
20685235,181415,LCLR,2026-08-01,2026-09-04,1250.0,Potential impact to FT-R,"Segments 13, 24, partial 6 (Mitsue, Nipisi, Smith, Figure Lake)",NPS 20 Marten Hills Lateral - Pipeline Maintenance,outages_2026_08_28_21_40_44.json,44.143375000000006,NPS 20 Marten Hills Lateral,Pipeline Maintenance,Local receipt point,,6|13|24,MRTN|REDL|JUDY,MRTN|REDL|JUDY,5403.1491000000005,observed_max,99.18300653594771,severe,2026-08-10
20685235,181415,LCLR,2026-08-01,2026-09-04,1250.0,Potential impact to FT-R,"Segments 13, 24, partial 6 (Mitsue, Nipisi, Smith, Figure Lake)",NPS 20 Marten Hills Lateral - Pipeline Maintenance,outages_2026_08_28_21_40_44.json,44.143375000000006,NPS 20 Marten Hills Lateral,Pipeline Maintenance,Local receipt point,,6|13|24,MRTN|REDL|JUDY,MRTN|REDL|JUDY,5403.1491000000005,observed_max,99.18300653594771,severe,2026-08-11
20685235,181415,LCLR,2026-08-01,2026-09-04,1250.0,Potential impact to FT-R,"Segments 13, 24, partial 6 (Mitsue, Nipisi, Smith, Figure Lake)",NPS 20 Marten Hills Lateral - Pipeline Maintenance,outages_2026_08_28_21_40_44.json,44.143375000000006,NPS 20 Marten Hills Lateral,Pipeline Maintenance,Local receipt point,,6|13|24,MRTN|REDL|JUDY,MRTN|REDL|JUDY,5403.1491000000005,observed_max,99.18300653594771,severe,2026-08-12
20685235,181415,LCLR,2026-08-01,2026-09-04,1250.0,Potential impact to FT-R,"Segments 13, 24, partial 6 (Mitsue, Nipisi, Smith, Figure Lake)",NPS 20 Marten Hills Lateral - Pipeline Maintenance,outages_2026_08_28_21_40_44.json,44.143375000000006,NPS 20 Marten Hills Lateral,Pipeline Maintenance,Local receipt point,,6|13|24,MRTN|REDL|JUDY,MRTN|REDL|JUDY,5403.1491000000005,observed_max,99.18300653594771,severe,2026-08-13
20685235,181415,LCLR,2026-08-01,2026-09-04,1250.0,Potential impact to FT-R,"Segments 13, 24, partial 6 (Mitsue, Nipisi, Smith, Figure Lake)",NPS 20 Marten Hills Lateral - Pipeline Maintenance,outages_2026_08_28_21_40_44.json,44.143375000000006,NPS 20 Marten Hills Lateral,Pipeline Maintenance,Local receipt point,,6|13|24,MRTN|REDL|JUDY,MRTN|REDL|JUDY,5403.1491000000005,observed_max,99.18300653594771,severe,2026-08-14
20685235,181415,LCLR,2026-08-01,2026-09-04,1250.0,Potential impact to FT-R,"Segments 13, 24, partial 6 (Mitsue, Nipisi, Smith, Figure Lake)",NPS 20 Marten Hills Lateral - Pipeline Maintenance,outages_2026_08_28_21_40_44.json,44.143375000000006,NPS 20 Marten Hills Lateral,Pipeline Maintenance,Local receipt point,,6|13|24,MRTN|REDL|JUDY,MRTN|REDL|JUDY,5403.1491000000005,observed_max,99.18300653594771,severe,2026-08-15
20685235,181415,LCLR,2026-08-01,2026-09-04,1250.0,Potential impact to FT-R,"Segments 13, 24, partial 6 (Mitsue, Nipisi, Smith, Figure Lake)",NPS 20 Marten Hills Lateral - Pipeline Maintenance,outages_2026_08_28_21_40_44.json,44.143375000000006,NPS 20 Marten Hills Lateral,Pipeline Maintenance,Local receipt point,,6|13|24,MRTN|REDL|JUDY,MRTN|REDL|JUDY,5403.1491000000005,observed_max,99.18300653594771,severe,2026-08-16
20685235,181415,LCLR,2026-08-01,2026-09-04,1250.0,Potential impact to FT-R,"Segments 13, 24, partial 6 (Mitsue, Nipisi, Smith, Figure Lake)",NPS 20 Marten Hills Lateral - Pipeline Maintenance,outages_2026_08_28_21_40_44.json,44.143375000000006,NPS 20 Marten Hills Lateral,Pipeline Maintenance,Local receipt point,,6|13|24,MRTN|REDL|JUDY,MRTN|REDL|JUDY,5403.1491000000005,observed_max,99.18300653594771,severe,2026-08-17
20685235,181415,LCLR,2026-08-01,2026-09-04,1250.0,Potential impact to FT-R,"Segments 13, 24, partial 6 (Mitsue, Nipisi, Smith, Figure Lake)",NPS 20 Marten Hills Lateral - Pipeline Maintenance,outages_2026_08_28_21_40_44.json,44.143375000000006,NPS 20 Marten Hills Lateral,Pipeline Maintenance,Local receipt point,,6|13|24,MRTN|REDL|JUDY,MRTN|REDL|JUDY,5403.1491000000005,observed_max,99.18300653594771,severe,2026-08-18
20685235,181415,LCLR,2026-08-01,2026-09-04,1250.0,Potential impact to FT-R,"Segments 13, 24, partial 6 (Mitsue, Nipisi, Smith, Figure Lake)",NPS 20 Marten Hills Lateral - Pipeline Maintenance,outages_2026_08_28_21_40_44.json,44.143375000000006,NPS 20 Marten Hills Lateral,Pipeline Maintenance,Local receipt point,,6|13|24,MRTN|REDL|JUDY,MRTN|REDL|JUDY,5403.1491000000005,observed_max,99.18300653594771,severe,2026-08-19
20685235,181415,LCLR,2026-08-01,2026-09-04,1250.0,Potential impact to FT-R,"Segments 13, 24, partial 6 (Mitsue, Nipisi, Smith, Figure Lake)",NPS 20 Marten Hills Lateral - Pipeline Maintenance,outages_2026_08_28_21_40_44.json,44.143375000000006,NPS 20 Marten Hills Lateral,Pipeline Maintenance,Local receipt point,,6|13|24,MRTN|REDL|JUDY,MRTN|REDL|JUDY,5403.1491000000005,observed_max,99.18300653594771,severe,2026-08-20
20685235,181415,LCLR,2026-08-01,2026-09-04,1250.0,Potential impact to FT-R,"Segments 13, 24, partial 6 (Mitsue, Nipisi, Smith, Figure Lake)",NPS 20 Marten Hills Lateral - Pipeline Maintenance,outages_2026_08_28_21_40_44.json,44.143375000000006,NPS 20 Marten Hills Lateral,Pipeline Maintenance,Local receipt point,,6|13|24,MRTN|REDL|JUDY,MRTN|REDL|JUDY,5403.1491000000005,observed_max,99.18300653594771,severe,2026-08-21
20685235,181415,LCLR,2026-08-01,2026-09-04,1250.0,Potential impact to FT-R,"Segments 13, 24, partial 6 (Mitsue, Nipisi, Smith, Figure Lake)",NPS 20 Marten Hills Lateral - Pipeline Maintenance,outages_2026_08_28_21_40_44.json,44.143375000000006,NPS 20 Marten Hills Lateral,Pipeline Maintenance,Local receipt point,,6|13|24,MRTN|REDL|JUDY,MRTN|REDL|JUDY,5403.1491000000005,observed_max,99.18300653594771,severe,2026-08-22
20685235,181415,LCLR,2026-08-01,2026-09-04,1250.0,Potential impact to FT-R,"Segments 13, 24, partial 6 (Mitsue, Nipisi, Smith, Figure Lake)",NPS 20 Marten Hills Lateral - Pipeline Maintenance,outages_2026_08_28_21_40_44.json,44.143375000000006,NPS 20 Marten Hills Lateral,Pipeline Maintenance,Local receipt point,,6|13|24,MRTN|REDL|JUDY,MRTN|REDL|JUDY,5403.1491000000005,observed_max,99.18300653594771,severe,2026-08-23
20216752,181418,EGAT,2026-08-24,2026-08-28,148000.0,No impact to FT-D anticipated,"Empress/McNeill Borders; Segments 6, 10, 11, 13, 14, 15, 16, 17, 18, 19, 20, partial 21, 23, 24, partial 28",Goodfish - Compressor Station Maintenance,outages_2026_08_28_21_40_44.json,5226.575600000001,Goodfish,Compressor Station Maintenance,East Gate (Empress/McNeill),Empress Border Flow|Mcneil Border Flow,6|10|11|13|14|15|16|17|18|19|20|21|23|24|28,MRTN|LIEG|KIRB|REDL|COLD|NLAT|ELAT|ALEG|BLEG|EGAT|MLAT|WGAT|WAIN|JUDY|EDM,MRTN|LIEG|KIRB|REDL|COLD|North Lateral|East Lateral|ALEG|BLEG|EGAT|Mainline Lateral|WGAT|WAIN|JUDY|EDM,5579.722600000001,tc_row_base,6.329113924050633,moderate,2026-08-24
20685235,181415,LCLR,2026-08-01,2026-09-04,1250.0,Potential impact to FT-R,"Segments 13, 24, partial 6 (Mitsue, Nipisi, Smith, Figure Lake)",NPS 20 Marten Hills Lateral - Pipeline Maintenance,outages_2026_08_28_21_40_44.json,44.143375000000006,NPS 20 Marten Hills Lateral,Pipeline Maintenance,Local receipt point,,6|13|24,MRTN|REDL|JUDY,MRTN|REDL|JUDY,5403.1491000000005,observed_max,99.18300653594771,severe,2026-08-24
20216752,181419,NEDA,2026-08-24,2026-08-28,112000.0,Potential impact to FT-D,"Segments 6, 10, 11, 13, 14, 15, 16, 23, 24, and partial 28; Typical Flow: 85000-115000",Goodfish - Compressor Station Maintenance,outages_2026_08_28_21_40_44.json,3955.2464000000004,Goodfish,Compressor Station Maintenance,North East Delivery Area,,6|10|11|13|14|15|16|23|24|28,MRTN|LIEG|KIRB|REDL|COLD|NLAT|ELAT|WAIN|JUDY|EDM,MRTN|LIEG|KIRB|REDL|COLD|North Lateral|East Lateral|WAIN|JUDY|EDM,4025.8758000000007,observed_max,1.7543859649122862,minor,2026-08-24
20216752,181420,OSDA,2026-08-24,2026-08-28,89000.0,Potential impact to FT-D,"Segments 10, 11, and 14",Goodfish - Compressor Station Maintenance,outages_2026_08_28_21_40_44.json,3143.0083000000004,Goodfish,Compressor Station Maintenance,Oil Sands Delivery Area,,10|11|14,LIEG|KIRB|COLD,LIEG|KIRB|COLD,3390.2112000000006,tc_row_base,7.291666666666674,moderate,2026-08-24
20216752,181416,USJR,2026-08-24,2026-08-28,368000.0,Potential impact to FT-R,USJR,Goodfish - Compressor Station Maintenance,outages_2026_08_28_21_40_44.json,12995.809600000002,Goodfish,Compressor Station Maintenance,Upstream James River,Total Receipts,,,,13419.586000000001,tc_row_base,3.157894736842093,minor,2026-08-24
20216752,181417,WGAT,2026-08-24,2026-08-28,87000.0,No impact to FT-D anticipated,Alberta/BC and Alberta/Montana Borders; Segments 22 and partial 21,Goodfish - Compressor Station Maintenance,outages_2026_08_28_21_40_44.json,3072.3789,Goodfish,Compressor Station Maintenance,West Gate (AB/BC + AB/MT),Alberta-BC Border Flow,21|22,WGAT|SLAT,WGAT|South Lateral,3107.6936000000005,tc_row_base,1.1363636363636465,minor,2026-08-24
20216752,181418,EGAT,2026-08-24,2026-08-28,148000.0,No impact to FT-D anticipated,"Empress/McNeill Borders; Segments 6, 10, 11, 13, 14, 15, 16, 17, 18, 19, 20, partial 21, 23, 24, partial 28",Goodfish - Compressor Station Maintenance,outages_2026_08_28_21_40_44.json,5226.575600000001,Goodfish,Compressor Station Maintenance,East Gate (Empress/McNeill),Empress Border Flow|Mcneil Border Flow,6|10|11|13|14|15|16|17|18|19|20|21|23|24|28,MRTN|LIEG|KIRB|REDL|COLD|NLAT|ELAT|ALEG|BLEG|EGAT|MLAT|WGAT|WAIN|JUDY|EDM,MRTN|LIEG|KIRB|REDL|COLD|North Lateral|East Lateral|ALEG|BLEG|EGAT|Mainline Lateral|WGAT|WAIN|JUDY|EDM,5579.722600000001,tc_row_base,6.329113924050633,moderate,2026-08-25
20685235,181415,LCLR,2026-08-01,2026-09-04,1250.0,Potential impact to FT-R,"Segments 13, 24, partial 6 (Mitsue, Nipisi, Smith, Figure Lake)",NPS 20 Marten Hills Lateral - Pipeline Maintenance,outages_2026_08_28_21_40_44.json,44.143375000000006,NPS 20 Marten Hills Lateral,Pipeline Maintenance,Local receipt point,,6|13|24,MRTN|REDL|JUDY,MRTN|REDL|JUDY,5403.1491000000005,observed_max,99.18300653594771,severe,2026-08-25
20471338,181421,LCLR,2026-08-25,2026-08-29,0.0,Craigmyle,,"NPS 8 Delia Lateral, Craigmyle Lat Loops - Pipeline Maintenance",outages_2026_08_28_21_40_44.json,0.0,"NPS 8 Delia Lateral, Craigmyle Lat Loops",Pipeline Maintenance,Local receipt point,,,,,5403.1491000000005,observed_max,100.0,severe,2026-08-25
20216752,181419,NEDA,2026-08-24,2026-08-28,112000.0,Potential impact to FT-D,"Segments 6, 10, 11, 13, 14, 15, 16, 23, 24, and partial 28; Typical Flow: 85000-115000",Goodfish - Compressor Station Maintenance,outages_2026_08_28_21_40_44.json,3955.2464000000004,Goodfish,Compressor Station Maintenance,North East Delivery Area,,6|10|11|13|14|15|16|23|24|28,MRTN|LIEG|KIRB|REDL|COLD|NLAT|ELAT|WAIN|JUDY|EDM,MRTN|LIEG|KIRB|REDL|COLD|North Lateral|East Lateral|WAIN|JUDY|EDM,4025.8758000000007,observed_max,1.7543859649122862,minor,2026-08-25
20216752,181420,OSDA,2026-08-24,2026-08-28,89000.0,Potential impact to FT-D,"Segments 10, 11, and 14",Goodfish - Compressor Station Maintenance,outages_2026_08_28_21_40_44.json,3143.0083000000004,Goodfish,Compressor Station Maintenance,Oil Sands Delivery Area,,10|11|14,LIEG|KIRB|COLD,LIEG|KIRB|COLD,3390.2112000000006,tc_row_base,7.291666666666674,moderate,2026-08-25
20216752,181416,USJR,2026-08-24,2026-08-28,368000.0,Potential impact to FT-R,USJR,Goodfish - Compressor Station Maintenance,outages_2026_08_28_21_40_44.json,12995.809600000002,Goodfish,Compressor Station Maintenance,Upstream James River,Total Receipts,,,,13419.586000000001,tc_row_base,3.157894736842093,minor,2026-08-25
20216752,181417,WGAT,2026-08-24,2026-08-28,87000.0,No impact to FT-D anticipated,Alberta/BC and Alberta/Montana Borders; Segments 22 and partial 21,Goodfish - Compressor Station Maintenance,outages_2026_08_28_21_40_44.json,3072.3789,Goodfish,Compressor Station Maintenance,West Gate (AB/BC + AB/MT),Alberta-BC Border Flow,21|22,WGAT|SLAT,WGAT|South Lateral,3107.6936000000005,tc_row_base,1.1363636363636465,minor,2026-08-25
20216752,181418,EGAT,2026-08-24,2026-08-28,148000.0,No impact to FT-D anticipated,"Empress/McNeill Borders; Segments 6, 10, 11, 13, 14, 15, 16, 17, 18, 19, 20, partial 21, 23, 24, partial 28",Goodfish - Compressor Station Maintenance,outages_2026_08_28_21_40_44.json,5226.575600000001,Goodfish,Compressor Station Maintenance,East Gate (Empress/McNeill),Empress Border Flow|Mcneil Border Flow,6|10|11|13|14|15|16|17|18|19|20|21|23|24|28,MRTN|LIEG|KIRB|REDL|COLD|NLAT|ELAT|ALEG|BLEG|EGAT|MLAT|WGAT|WAIN|JUDY|EDM,MRTN|LIEG|KIRB|REDL|COLD|North Lateral|East Lateral|ALEG|BLEG|EGAT|Mainline Lateral|WGAT|WAIN|JUDY|EDM,5579.722600000001,tc_row_base,6.329113924050633,moderate,2026-08-26
20685235,181415,LCLR,2026-08-01,2026-09-04,1250.0,Potential impact to FT-R,"Segments 13, 24, partial 6 (Mitsue, Nipisi, Smith, Figure Lake)",NPS 20 Marten Hills Lateral - Pipeline Maintenance,outages_2026_08_28_21_40_44.json,44.143375000000006,NPS 20 Marten Hills Lateral,Pipeline Maintenance,Local receipt point,,6|13|24,MRTN|REDL|JUDY,MRTN|REDL|JUDY,5403.1491000000005,observed_max,99.18300653594771,severe,2026-08-26
20471338,181421,LCLR,2026-08-25,2026-08-29,0.0,Craigmyle,,"NPS 8 Delia Lateral, Craigmyle Lat Loops - Pipeline Maintenance",outages_2026_08_28_21_40_44.json,0.0,"NPS 8 Delia Lateral, Craigmyle Lat Loops",Pipeline Maintenance,Local receipt point,,,,,5403.1491000000005,observed_max,100.0,severe,2026-08-26
20216752,181419,NEDA,2026-08-24,2026-08-28,112000.0,Potential impact to FT-D,"Segments 6, 10, 11, 13, 14, 15, 16, 23, 24, and partial 28; Typical Flow: 85000-115000",Goodfish - Compressor Station Maintenance,outages_2026_08_28_21_40_44.json,3955.2464000000004,Goodfish,Compressor Station Maintenance,North East Delivery Area,,6|10|11|13|14|15|16|23|24|28,MRTN|LIEG|KIRB|REDL|COLD|NLAT|ELAT|WAIN|JUDY|EDM,MRTN|LIEG|KIRB|REDL|COLD|North Lateral|East Lateral|WAIN|JUDY|EDM,4025.8758000000007,observed_max,1.7543859649122862,minor,2026-08-26
20216752,181420,OSDA,2026-08-24,2026-08-28,89000.0,Potential impact to FT-D,"Segments 10, 11, and 14",Goodfish - Compressor Station Maintenance,outages_2026_08_28_21_40_44.json,3143.0083000000004,Goodfish,Compressor Station Maintenance,Oil Sands Delivery Area,,10|11|14,LIEG|KIRB|COLD,LIEG|KIRB|COLD,3390.2112000000006,tc_row_base,7.291666666666674,moderate,2026-08-26
20216752,181416,USJR,2026-08-24,2026-08-28,368000.0,Potential impact to FT-R,USJR,Goodfish - Compressor Station Maintenance,outages_2026_08_28_21_40_44.json,12995.809600000002,Goodfish,Compressor Station Maintenance,Upstream James River,Total Receipts,,,,13419.586000000001,tc_row_base,3.157894736842093,minor,2026-08-26
20216752,181417,WGAT,2026-08-24,2026-08-28,87000.0,No impact to FT-D anticipated,Alberta/BC and Alberta/Montana Borders; Segments 22 and partial 21,Goodfish - Compressor Station Maintenance,outages_2026_08_28_21_40_44.json,3072.3789,Goodfish,Compressor Station Maintenance,West Gate (AB/BC + AB/MT),Alberta-BC Border Flow,21|22,WGAT|SLAT,WGAT|South Lateral,3107.6936000000005,tc_row_base,1.1363636363636465,minor,2026-08-26
20216752,181418,EGAT,2026-08-24,2026-08-28,148000.0,No impact to FT-D anticipated,"Empress/McNeill Borders; Segments 6, 10, 11, 13, 14, 15, 16, 17, 18, 19, 20, partial 21, 23, 24, partial 28",Goodfish - Compressor Station Maintenance,outages_2026_08_28_21_40_44.json,5226.575600000001,Goodfish,Compressor Station Maintenance,East Gate (Empress/McNeill),Empress Border Flow|Mcneil Border Flow,6|10|11|13|14|15|16|17|18|19|20|21|23|24|28,MRTN|LIEG|KIRB|REDL|COLD|NLAT|ELAT|ALEG|BLEG|EGAT|MLAT|WGAT|WAIN|JUDY|EDM,MRTN|LIEG|KIRB|REDL|COLD|North Lateral|East Lateral|ALEG|BLEG|EGAT|Mainline Lateral|WGAT|WAIN|JUDY|EDM,5579.722600000001,tc_row_base,6.329113924050633,moderate,2026-08-27
20685235,181415,LCLR,2026-08-01,2026-09-04,1250.0,Potential impact to FT-R,"Segments 13, 24, partial 6 (Mitsue, Nipisi, Smith, Figure Lake)",NPS 20 Marten Hills Lateral - Pipeline Maintenance,outages_2026_08_28_21_40_44.json,44.143375000000006,NPS 20 Marten Hills Lateral,Pipeline Maintenance,Local receipt point,,6|13|24,MRTN|REDL|JUDY,MRTN|REDL|JUDY,5403.1491000000005,observed_max,99.18300653594771,severe,2026-08-27
20471338,181421,LCLR,2026-08-25,2026-08-29,0.0,Craigmyle,,"NPS 8 Delia Lateral, Craigmyle Lat Loops - Pipeline Maintenance",outages_2026_08_28_21_40_44.json,0.0,"NPS 8 Delia Lateral, Craigmyle Lat Loops",Pipeline Maintenance,Local receipt point,,,,,5403.1491000000005,observed_max,100.0,severe,2026-08-27
20216752,181419,NEDA,2026-08-24,2026-08-28,112000.0,Potential impact to FT-D,"Segments 6, 10, 11, 13, 14, 15, 16, 23, 24, and partial 28; Typical Flow: 85000-115000",Goodfish - Compressor Station Maintenance,outages_2026_08_28_21_40_44.json,3955.2464000000004,Goodfish,Compressor Station Maintenance,North East Delivery Area,,6|10|11|13|14|15|16|23|24|28,MRTN|LIEG|KIRB|REDL|COLD|NLAT|ELAT|WAIN|JUDY|EDM,MRTN|LIEG|KIRB|REDL|COLD|North Lateral|East Lateral|WAIN|JUDY|EDM,4025.8758000000007,observed_max,1.7543859649122862,minor,2026-08-27
20216752,181420,OSDA,2026-08-24,2026-08-28,89000.0,Potential impact to FT-D,"Segments 10, 11, and 14",Goodfish - Compressor Station Maintenance,outages_2026_08_28_21_40_44.json,3143.0083000000004,Goodfish,Compressor Station Maintenance,Oil Sands Delivery Area,,10|11|14,LIEG|KIRB|COLD,LIEG|KIRB|COLD,3390.2112000000006,tc_row_base,7.291666666666674,moderate,2026-08-27
20216752,181416,USJR,2026-08-24,2026-08-28,368000.0,Potential impact to FT-R,USJR,Goodfish - Compressor Station Maintenance,outages_2026_08_28_21_40_44.json,12995.809600000002,Goodfish,Compressor Station Maintenance,Upstream James River,Total Receipts,,,,13419.586000000001,tc_row_base,3.157894736842093,minor,2026-08-27
20216752,181417,WGAT,2026-08-24,2026-08-28,87000.0,No impact to FT-D anticipated,Alberta/BC and Alberta/Montana Borders; Segments 22 and partial 21,Goodfish - Compressor Station Maintenance,outages_2026_08_28_21_40_44.json,3072.3789,Goodfish,Compressor Station Maintenance,West Gate (AB/BC + AB/MT),Alberta-BC Border Flow,21|22,WGAT|SLAT,WGAT|South Lateral,3107.6936000000005,tc_row_base,1.1363636363636465,minor,2026-08-27
-1788069611,181423,DPTA,2026-08-28,2026-08-30,,,,,outages_2026_08_28_21_40_44.json,,,,DPTA,,,,,,observed_max,,unknown,2026-08-28
20216752,181418,EGAT,2026-08-24,2026-08-28,148000.0,No impact to FT-D anticipated,"Empress/McNeill Borders; Segments 6, 10, 11, 13, 14, 15, 16, 17, 18, 19, 20, partial 21, 23, 24, partial 28",Goodfish - Compressor Station Maintenance,outages_2026_08_28_21_40_44.json,5226.575600000001,Goodfish,Compressor Station Maintenance,East Gate (Empress/McNeill),Empress Border Flow|Mcneil Border Flow,6|10|11|13|14|15|16|17|18|19|20|21|23|24|28,MRTN|LIEG|KIRB|REDL|COLD|NLAT|ELAT|ALEG|BLEG|EGAT|MLAT|WGAT|WAIN|JUDY|EDM,MRTN|LIEG|KIRB|REDL|COLD|North Lateral|East Lateral|ALEG|BLEG|EGAT|Mainline Lateral|WGAT|WAIN|JUDY|EDM,5579.722600000001,tc_row_base,6.329113924050633,moderate,2026-08-28
20685235,181415,LCLR,2026-08-01,2026-09-04,1250.0,Potential impact to FT-R,"Segments 13, 24, partial 6 (Mitsue, Nipisi, Smith, Figure Lake)",NPS 20 Marten Hills Lateral - Pipeline Maintenance,outages_2026_08_28_21_40_44.json,44.143375000000006,NPS 20 Marten Hills Lateral,Pipeline Maintenance,Local receipt point,,6|13|24,MRTN|REDL|JUDY,MRTN|REDL|JUDY,5403.1491000000005,observed_max,99.18300653594771,severe,2026-08-28
20471338,181421,LCLR,2026-08-25,2026-08-29,0.0,Craigmyle,,"NPS 8 Delia Lateral, Craigmyle Lat Loops - Pipeline Maintenance",outages_2026_08_28_21_40_44.json,0.0,"NPS 8 Delia Lateral, Craigmyle Lat Loops",Pipeline Maintenance,Local receipt point,,,,,5403.1491000000005,observed_max,100.0,severe,2026-08-28
20216752,181419,NEDA,2026-08-24,2026-08-28,112000.0,Potential impact to FT-D,"Segments 6, 10, 11, 13, 14, 15, 16, 23, 24, and partial 28; Typical Flow: 85000-115000",Goodfish - Compressor Station Maintenance,outages_2026_08_28_21_40_44.json,3955.2464000000004,Goodfish,Compressor Station Maintenance,North East Delivery Area,,6|10|11|13|14|15|16|23|24|28,MRTN|LIEG|KIRB|REDL|COLD|NLAT|ELAT|WAIN|JUDY|EDM,MRTN|LIEG|KIRB|REDL|COLD|North Lateral|East Lateral|WAIN|JUDY|EDM,4025.8758000000007,observed_max,1.7543859649122862,minor,2026-08-28
20216752,181420,OSDA,2026-08-24,2026-08-28,89000.0,Potential impact to FT-D,"Segments 10, 11, and 14",Goodfish - Compressor Station Maintenance,outages_2026_08_28_21_40_44.json,3143.0083000000004,Goodfish,Compressor Station Maintenance,Oil Sands Delivery Area,,10|11|14,LIEG|KIRB|COLD,LIEG|KIRB|COLD,3390.2112000000006,tc_row_base,7.291666666666674,moderate,2026-08-28
-1787896810,181422,RPTA,2026-08-28,2026-08-28,,,,,outages_2026_08_28_21_40_44.json,,,,RPTA,,,,,,observed_max,,unknown,2026-08-28
20216752,181416,USJR,2026-08-24,2026-08-28,368000.0,Potential impact to FT-R,USJR,Goodfish - Compressor Station Maintenance,outages_2026_08_28_21_40_44.json,12995.809600000002,Goodfish,Compressor Station Maintenance,Upstream James River,Total Receipts,,,,13419.586000000001,tc_row_base,3.157894736842093,minor,2026-08-28
20216752,181417,WGAT,2026-08-24,2026-08-28,87000.0,No impact to FT-D anticipated,Alberta/BC and Alberta/Montana Borders; Segments 22 and partial 21,Goodfish - Compressor Station Maintenance,outages_2026_08_28_21_40_44.json,3072.3789,Goodfish,Compressor Station Maintenance,West Gate (AB/BC + AB/MT),Alberta-BC Border Flow,21|22,WGAT|SLAT,WGAT|South Lateral,3107.6936000000005,tc_row_base,1.1363636363636465,minor,2026-08-28
-1788069611,181423,DPTA,2026-08-28,2026-08-30,,,,,outages_2026_08_28_21_40_44.json,,,,DPTA,,,,,,observed_max,,unknown,2026-08-29
19994714,181424,EGAT,2026-08-29,2026-08-31,154000.0,No impact to FT-D anticipated,"Empress/McNeill Borders; Segments 15, 16, 17, 18, 19, 20, 23, partial 21, and partial 28",Didsbury - Compressor Station Maintenance,outages_2026_08_28_21_40_44.json,5438.4638,Didsbury,Compressor Station Maintenance,East Gate (Empress/McNeill),Empress Border Flow|Mcneil Border Flow,15|16|17|18|19|20|21|23|28,NLAT|ELAT|ALEG|BLEG|EGAT|MLAT|WGAT|WAIN|EDM,North Lateral|East Lateral|ALEG|BLEG|EGAT|Mainline Lateral|WGAT|WAIN|EDM,5579.722600000001,tc_row_base,2.5316455696202667,minor,2026-08-29
20685235,181415,LCLR,2026-08-01,2026-09-04,1250.0,Potential impact to FT-R,"Segments 13, 24, partial 6 (Mitsue, Nipisi, Smith, Figure Lake)",NPS 20 Marten Hills Lateral - Pipeline Maintenance,outages_2026_08_28_21_40_44.json,44.143375000000006,NPS 20 Marten Hills Lateral,Pipeline Maintenance,Local receipt point,,6|13|24,MRTN|REDL|JUDY,MRTN|REDL|JUDY,5403.1491000000005,observed_max,99.18300653594771,severe,2026-08-29
20471338,181421,LCLR,2026-08-25,2026-08-29,0.0,Craigmyle,,"NPS 8 Delia Lateral, Craigmyle Lat Loops - Pipeline Maintenance",outages_2026_08_28_21_40_44.json,0.0,"NPS 8 Delia Lateral, Craigmyle Lat Loops",Pipeline Maintenance,Local receipt point,,,,,5403.1491000000005,observed_max,100.0,severe,2026-08-29
-1788501610,181425,RPTA,2026-08-29,2026-09-04,,,,,outages_2026_08_28_21_40_44.json,,,,RPTA,,,,,,observed_max,,unknown,2026-08-29
-1788069611,181423,DPTA,2026-08-28,2026-08-30,,,,,outages_2026_08_28_21_40_44.json,,,,DPTA,,,,,,observed_max,,unknown,2026-08-30
19994714,181424,EGAT,2026-08-29,2026-08-31,154000.0,No impact to FT-D anticipated,"Empress/McNeill Borders; Segments 15, 16, 17, 18, 19, 20, 23, partial 21, and partial 28",Didsbury - Compressor Station Maintenance,outages_2026_08_28_21_40_44.json,5438.4638,Didsbury,Compressor Station Maintenance,East Gate (Empress/McNeill),Empress Border Flow|Mcneil Border Flow,15|16|17|18|19|20|21|23|28,NLAT|ELAT|ALEG|BLEG|EGAT|MLAT|WGAT|WAIN|EDM,North Lateral|East Lateral|ALEG|BLEG|EGAT|Mainline Lateral|WGAT|WAIN|EDM,5579.722600000001,tc_row_base,2.5316455696202667,minor,2026-08-30
20217076,181428,EGAT,2026-08-30,2026-09-03,148000.0,No impact to FT-D anticipated,"Empress/McNeill Borders; Segments 15, 16, 17, 18, 19, 20, partial 21, 23, partial 28",Knight - Compressor Station Maintenance,outages_2026_08_28_21_40_44.json,5226.575600000001,Knight,Compressor Station Maintenance,East Gate (Empress/McNeill),Empress Border Flow|Mcneil Border Flow,15|16|17|18|19|20|21|23|28,NLAT|ELAT|ALEG|BLEG|EGAT|MLAT|WGAT|WAIN|EDM,North Lateral|East Lateral|ALEG|BLEG|EGAT|Mainline Lateral|WGAT|WAIN|EDM,5579.722600000001,tc_row_base,6.329113924050633,moderate,2026-08-30
20685235,181415,LCLR,2026-08-01,2026-09-04,1250.0,Potential impact to FT-R,"Segments 13, 24, partial 6 (Mitsue, Nipisi, Smith, Figure Lake)",NPS 20 Marten Hills Lateral - Pipeline Maintenance,outages_2026_08_28_21_40_44.json,44.143375000000006,NPS 20 Marten Hills Lateral,Pipeline Maintenance,Local receipt point,,6|13|24,MRTN|REDL|JUDY,MRTN|REDL|JUDY,5403.1491000000005,observed_max,99.18300653594771,severe,2026-08-30
-1788501610,181425,RPTA,2026-08-29,2026-09-04,,,,,outages_2026_08_28_21_40_44.json,,,,RPTA,,,,,,observed_max,,unknown,2026-08-30
20217076,181426,USJR,2026-08-30,2026-08-31,369000.0,Potential impact to FT-R,USJR,Knight - Compressor Station Maintenance,outages_2026_08_28_21_40_44.json,13031.124300000001,Knight,Compressor Station Maintenance,Upstream James River,Total Receipts,,,,13419.586000000001,tc_row_base,2.894736842105261,minor,2026-08-30
20217076,181427,WGAT,2026-08-30,2026-09-03,87000.0,No impact to FT-D anticipated,Alberta/BC and Alberta/Montana Borders; Segments 22 and partial 21,Knight - Compressor Station Maintenance,outages_2026_08_28_21_40_44.json,3072.3789,Knight,Compressor Station Maintenance,West Gate (AB/BC + AB/MT),Alberta-BC Border Flow,21|22,WGAT|SLAT,WGAT|South Lateral,3107.6936000000005,tc_row_base,1.1363636363636465,minor,2026-08-30
-1788328811,181431,DPTA,2026-08-31,2026-09-02,,,,,outages_2026_08_28_21_40_44.json,,,,DPTA,,,,,,observed_max,,unknown,2026-08-31
19994714,181424,EGAT,2026-08-29,2026-08-31,154000.0,No impact to FT-D anticipated,"Empress/McNeill Borders; Segments 15, 16, 17, 18, 19, 20, 23, partial 21, and partial 28",Didsbury - Compressor Station Maintenance,outages_2026_08_28_21_40_44.json,5438.4638,Didsbury,Compressor Station Maintenance,East Gate (Empress/McNeill),Empress Border Flow|Mcneil Border Flow,15|16|17|18|19|20|21|23|28,NLAT|ELAT|ALEG|BLEG|EGAT|MLAT|WGAT|WAIN|EDM,North Lateral|East Lateral|ALEG|BLEG|EGAT|Mainline Lateral|WGAT|WAIN|EDM,5579.722600000001,tc_row_base,2.5316455696202667,minor,2026-08-31
20217076,181428,EGAT,2026-08-30,2026-09-03,148000.0,No impact to FT-D anticipated,"Empress/McNeill Borders; Segments 15, 16, 17, 18, 19, 20, partial 21, 23, partial 28",Knight - Compressor Station Maintenance,outages_2026_08_28_21_40_44.json,5226.575600000001,Knight,Compressor Station Maintenance,East Gate (Empress/McNeill),Empress Border Flow|Mcneil Border Flow,15|16|17|18|19|20|21|23|28,NLAT|ELAT|ALEG|BLEG|EGAT|MLAT|WGAT|WAIN|EDM,North Lateral|East Lateral|ALEG|BLEG|EGAT|Mainline Lateral|WGAT|WAIN|EDM,5579.722600000001,tc_row_base,6.329113924050633,moderate,2026-08-31
20727150,181429,LCLR,2026-08-31,2026-09-04,0.0,Huxley East,,AP - NPS 4 Huxley East Lateral - Pipeline Modifications,outages_2026_08_28_21_40_44.json,0.0,AP,NPS 4 Huxley East Lateral - Pipeline Modifications,Local receipt point,,,,,5403.1491000000005,observed_max,100.0,severe,2026-08-31
20685235,181415,LCLR,2026-08-01,2026-09-04,1250.0,Potential impact to FT-R,"Segments 13, 24, partial 6 (Mitsue, Nipisi, Smith, Figure Lake)",NPS 20 Marten Hills Lateral - Pipeline Maintenance,outages_2026_08_28_21_40_44.json,44.143375000000006,NPS 20 Marten Hills Lateral,Pipeline Maintenance,Local receipt point,,6|13|24,MRTN|REDL|JUDY,MRTN|REDL|JUDY,5403.1491000000005,observed_max,99.18300653594771,severe,2026-08-31
20216816,181430,LCLR,2026-08-31,2026-09-04,153000.0,Potential impact to FT-R,Segment 4,Saddle Hills C4 - Compressor Station Maintenance,outages_2026_08_28_21_40_44.json,5403.1491000000005,Saddle Hills C4,Compressor Station Maintenance,Local receipt point,,4,GRDL,GRDL,5403.1491000000005,observed_max,0.0,minor,2026-08-31
-1788501610,181425,RPTA,2026-08-29,2026-09-04,,,,,outages_2026_08_28_21_40_44.json,,,,RPTA,,,,,,observed_max,,unknown,2026-08-31
20217076,181426,USJR,2026-08-30,2026-08-31,369000.0,Potential impact to FT-R,USJR,Knight - Compressor Station Maintenance,outages_2026_08_28_21_40_44.json,13031.124300000001,Knight,Compressor Station Maintenance,Upstream James River,Total Receipts,,,,13419.586000000001,tc_row_base,2.894736842105261,minor,2026-08-31
20217076,181427,WGAT,2026-08-30,2026-09-03,87000.0,No impact to FT-D anticipated,Alberta/BC and Alberta/Montana Borders; Segments 22 and partial 21,Knight - Compressor Station Maintenance,outages_2026_08_28_21_40_44.json,3072.3789,Knight,Compressor Station Maintenance,West Gate (AB/BC + AB/MT),Alberta-BC Border Flow,21|22,WGAT|SLAT,WGAT|South Lateral,3107.6936000000005,tc_row_base,1.1363636363636465,minor,2026-08-31
-1788328811,181431,DPTA,2026-08-31,2026-09-02,,,,,outages_2026_08_28_21_40_44.json,,,,DPTA,,,,,,observed_max,,unknown,2026-09-01
19994714,181433,EGAT,2026-09-01,2026-09-04,155000.0,No impact to FT-D anticipated,"Empress/McNeill Borders; Segments 15, 16, 17, 18, 19, 20, 23, partial 21, and partial 28",Didsbury - Compressor Station Maintenance,outages_2026_08_28_21_40_44.json,5473.7785,Didsbury,Compressor Station Maintenance,East Gate (Empress/McNeill),Empress Border Flow|Mcneil Border Flow,15|16|17|18|19|20|21|23|28,NLAT|ELAT|ALEG|BLEG|EGAT|MLAT|WGAT|WAIN|EDM,North Lateral|East Lateral|ALEG|BLEG|EGAT|Mainline Lateral|WGAT|WAIN|EDM,5615.037300000001,tc_row_base,2.515723270440262,minor,2026-09-01
20217076,181428,EGAT,2026-08-30,2026-09-03,148000.0,No impact to FT-D anticipated,"Empress/McNeill Borders; Segments 15, 16, 17, 18, 19, 20, partial 21, 23, partial 28",Knight - Compressor Station Maintenance,outages_2026_08_28_21_40_44.json,5226.575600000001,Knight,Compressor Station Maintenance,East Gate (Empress/McNeill),Empress Border Flow|Mcneil Border Flow,15|16|17|18|19|20|21|23|28,NLAT|ELAT|ALEG|BLEG|EGAT|MLAT|WGAT|WAIN|EDM,North Lateral|East Lateral|ALEG|BLEG|EGAT|Mainline Lateral|WGAT|WAIN|EDM,5579.722600000001,tc_row_base,6.329113924050633,moderate,2026-09-01
20727150,181429,LCLR,2026-08-31,2026-09-04,0.0,Huxley East,,AP - NPS 4 Huxley East Lateral - Pipeline Modifications,outages_2026_08_28_21_40_44.json,0.0,AP,NPS 4 Huxley East Lateral - Pipeline Modifications,Local receipt point,,,,,5403.1491000000005,observed_max,100.0,severe,2026-09-01
20685235,181415,LCLR,2026-08-01,2026-09-04,1250.0,Potential impact to FT-R,"Segments 13, 24, partial 6 (Mitsue, Nipisi, Smith, Figure Lake)",NPS 20 Marten Hills Lateral - Pipeline Maintenance,outages_2026_08_28_21_40_44.json,44.143375000000006,NPS 20 Marten Hills Lateral,Pipeline Maintenance,Local receipt point,,6|13|24,MRTN|REDL|JUDY,MRTN|REDL|JUDY,5403.1491000000005,observed_max,99.18300653594771,severe,2026-09-01
20216816,181430,LCLR,2026-08-31,2026-09-04,153000.0,Potential impact to FT-R,Segment 4,Saddle Hills C4 - Compressor Station Maintenance,outages_2026_08_28_21_40_44.json,5403.1491000000005,Saddle Hills C4,Compressor Station Maintenance,Local receipt point,,4,GRDL,GRDL,5403.1491000000005,observed_max,0.0,minor,2026-09-01
-1788501610,181425,RPTA,2026-08-29,2026-09-04,,,,,outages_2026_08_28_21_40_44.json,,,,RPTA,,,,,,observed_max,,unknown,2026-09-01
20217076,181432,USJR,2026-09-01,2026-09-03,371000.0,Potential impact to FT-R,USJR,Knight - Compressor Station Maintenance,outages_2026_08_28_21_40_44.json,13101.753700000001,Knight,Compressor Station Maintenance,Upstream James River,Total Receipts,,,,13490.215400000001,tc_row_base,2.8795811518324554,minor,2026-09-01
20217076,181427,WGAT,2026-08-30,2026-09-03,87000.0,No impact to FT-D anticipated,Alberta/BC and Alberta/Montana Borders; Segments 22 and partial 21,Knight - Compressor Station Maintenance,outages_2026_08_28_21_40_44.json,3072.3789,Knight,Compressor Station Maintenance,West Gate (AB/BC + AB/MT),Alberta-BC Border Flow,21|22,WGAT|SLAT,WGAT|South Lateral,3107.6936000000005,tc_row_base,1.1363636363636465,minor,2026-09-01
-1788328811,181431,DPTA,2026-08-31,2026-09-02,,,,,outages_2026_08_28_21_40_44.json,,,,DPTA,,,,,,observed_max,,unknown,2026-09-02
19994714,181433,EGAT,2026-09-01,2026-09-04,155000.0,No impact to FT-D anticipated,"Empress/McNeill Borders; Segments 15, 16, 17, 18, 19, 20, 23, partial 21, and partial 28",Didsbury - Compressor Station Maintenance,outages_2026_08_28_21_40_44.json,5473.7785,Didsbury,Compressor Station Maintenance,East Gate (Empress/McNeill),Empress Border Flow|Mcneil Border Flow,15|16|17|18|19|20|21|23|28,NLAT|ELAT|ALEG|BLEG|EGAT|MLAT|WGAT|WAIN|EDM,North Lateral|East Lateral|ALEG|BLEG|EGAT|Mainline Lateral|WGAT|WAIN|EDM,5615.037300000001,tc_row_base,2.515723270440262,minor,2026-09-02
20217076,181428,EGAT,2026-08-30,2026-09-03,148000.0,No impact to FT-D anticipated,"Empress/McNeill Borders; Segments 15, 16, 17, 18, 19, 20, partial 21, 23, partial 28",Knight - Compressor Station Maintenance,outages_2026_08_28_21_40_44.json,5226.575600000001,Knight,Compressor Station Maintenance,East Gate (Empress/McNeill),Empress Border Flow|Mcneil Border Flow,15|16|17|18|19|20|21|23|28,NLAT|ELAT|ALEG|BLEG|EGAT|MLAT|WGAT|WAIN|EDM,North Lateral|East Lateral|ALEG|BLEG|EGAT|Mainline Lateral|WGAT|WAIN|EDM,5579.722600000001,tc_row_base,6.329113924050633,moderate,2026-09-02
20727150,181429,LCLR,2026-08-31,2026-09-04,0.0,Huxley East,,AP - NPS 4 Huxley East Lateral - Pipeline Modifications,outages_2026_08_28_21_40_44.json,0.0,AP,NPS 4 Huxley East Lateral - Pipeline Modifications,Local receipt point,,,,,5403.1491000000005,observed_max,100.0,severe,2026-09-02
20685235,181415,LCLR,2026-08-01,2026-09-04,1250.0,Potential impact to FT-R,"Segments 13, 24, partial 6 (Mitsue, Nipisi, Smith, Figure Lake)",NPS 20 Marten Hills Lateral - Pipeline Maintenance,outages_2026_08_28_21_40_44.json,44.143375000000006,NPS 20 Marten Hills Lateral,Pipeline Maintenance,Local receipt point,,6|13|24,MRTN|REDL|JUDY,MRTN|REDL|JUDY,5403.1491000000005,observed_max,99.18300653594771,severe,2026-09-02
20216816,181430,LCLR,2026-08-31,2026-09-04,153000.0,Potential impact to FT-R,Segment 4,Saddle Hills C4 - Compressor Station Maintenance,outages_2026_08_28_21_40_44.json,5403.1491000000005,Saddle Hills C4,Compressor Station Maintenance,Local receipt point,,4,GRDL,GRDL,5403.1491000000005,observed_max,0.0,minor,2026-09-02
-1788501610,181425,RPTA,2026-08-29,2026-09-04,,,,,outages_2026_08_28_21_40_44.json,,,,RPTA,,,,,,observed_max,,unknown,2026-09-02
20217076,181432,USJR,2026-09-01,2026-09-03,371000.0,Potential impact to FT-R,USJR,Knight - Compressor Station Maintenance,outages_2026_08_28_21_40_44.json,13101.753700000001,Knight,Compressor Station Maintenance,Upstream James River,Total Receipts,,,,13490.215400000001,tc_row_base,2.8795811518324554,minor,2026-09-02
20217076,181427,WGAT,2026-08-30,2026-09-03,87000.0,No impact to FT-D anticipated,Alberta/BC and Alberta/Montana Borders; Segments 22 and partial 21,Knight - Compressor Station Maintenance,outages_2026_08_28_21_40_44.json,3072.3789,Knight,Compressor Station Maintenance,West Gate (AB/BC + AB/MT),Alberta-BC Border Flow,21|22,WGAT|SLAT,WGAT|South Lateral,3107.6936000000005,tc_row_base,1.1363636363636465,minor,2026-09-02
-1788415211,181434,DPTA,2026-09-03,2026-09-03,,,,,outages_2026_08_28_21_40_44.json,,,,DPTA,,,,,,observed_max,,unknown,2026-09-03
19994714,181433,EGAT,2026-09-01,2026-09-04,155000.0,No impact to FT-D anticipated,"Empress/McNeill Borders; Segments 15, 16, 17, 18, 19, 20, 23, partial 21, and partial 28",Didsbury - Compressor Station Maintenance,outages_2026_08_28_21_40_44.json,5473.7785,Didsbury,Compressor Station Maintenance,East Gate (Empress/McNeill),Empress Border Flow|Mcneil Border Flow,15|16|17|18|19|20|21|23|28,NLAT|ELAT|ALEG|BLEG|EGAT|MLAT|WGAT|WAIN|EDM,North Lateral|East Lateral|ALEG|BLEG|EGAT|Mainline Lateral|WGAT|WAIN|EDM,5615.037300000001,tc_row_base,2.515723270440262,minor,2026-09-03
20217076,181428,EGAT,2026-08-30,2026-09-03,148000.0,No impact to FT-D anticipated,"Empress/McNeill Borders; Segments 15, 16, 17, 18, 19, 20, partial 21, 23, partial 28",Knight - Compressor Station Maintenance,outages_2026_08_28_21_40_44.json,5226.575600000001,Knight,Compressor Station Maintenance,East Gate (Empress/McNeill),Empress Border Flow|Mcneil Border Flow,15|16|17|18|19|20|21|23|28,NLAT|ELAT|ALEG|BLEG|EGAT|MLAT|WGAT|WAIN|EDM,North Lateral|East Lateral|ALEG|BLEG|EGAT|Mainline Lateral|WGAT|WAIN|EDM,5579.722600000001,tc_row_base,6.329113924050633,moderate,2026-09-03
20727150,181429,LCLR,2026-08-31,2026-09-04,0.0,Huxley East,,AP - NPS 4 Huxley East Lateral - Pipeline Modifications,outages_2026_08_28_21_40_44.json,0.0,AP,NPS 4 Huxley East Lateral - Pipeline Modifications,Local receipt point,,,,,5403.1491000000005,observed_max,100.0,severe,2026-09-03
20685235,181415,LCLR,2026-08-01,2026-09-04,1250.0,Potential impact to FT-R,"Segments 13, 24, partial 6 (Mitsue, Nipisi, Smith, Figure Lake)",NPS 20 Marten Hills Lateral - Pipeline Maintenance,outages_2026_08_28_21_40_44.json,44.143375000000006,NPS 20 Marten Hills Lateral,Pipeline Maintenance,Local receipt point,,6|13|24,MRTN|REDL|JUDY,MRTN|REDL|JUDY,5403.1491000000005,observed_max,99.18300653594771,severe,2026-09-03
20216816,181430,LCLR,2026-08-31,2026-09-04,153000.0,Potential impact to FT-R,Segment 4,Saddle Hills C4 - Compressor Station Maintenance,outages_2026_08_28_21_40_44.json,5403.1491000000005,Saddle Hills C4,Compressor Station Maintenance,Local receipt point,,4,GRDL,GRDL,5403.1491000000005,observed_max,0.0,minor,2026-09-03
-1788501610,181425,RPTA,2026-08-29,2026-09-04,,,,,outages_2026_08_28_21_40_44.json,,,,RPTA,,,,,,observed_max,,unknown,2026-09-03
20217076,181432,USJR,2026-09-01,2026-09-03,371000.0,Potential impact to FT-R,USJR,Knight - Compressor Station Maintenance,outages_2026_08_28_21_40_44.json,13101.753700000001,Knight,Compressor Station Maintenance,Upstream James River,Total Receipts,,,,13490.215400000001,tc_row_base,2.8795811518324554,minor,2026-09-03
20217076,181427,WGAT,2026-08-30,2026-09-03,87000.0,No impact to FT-D anticipated,Alberta/BC and Alberta/Montana Borders; Segments 22 and partial 21,Knight - Compressor Station Maintenance,outages_2026_08_28_21_40_44.json,3072.3789,Knight,Compressor Station Maintenance,West Gate (AB/BC + AB/MT),Alberta-BC Border Flow,21|22,WGAT|SLAT,WGAT|South Lateral,3107.6936000000005,tc_row_base,1.1363636363636465,minor,2026-09-03
-1788588011,181435,DPTA,2026-09-04,2026-09-05,,,,,outages_2026_08_28_21_40_44.json,,,,DPTA,,,,,,observed_max,,unknown,2026-09-04
19994714,181433,EGAT,2026-09-01,2026-09-04,155000.0,No impact to FT-D anticipated,"Empress/McNeill Borders; Segments 15, 16, 17, 18, 19, 20, 23, partial 21, and partial 28",Didsbury - Compressor Station Maintenance,outages_2026_08_28_21_40_44.json,5473.7785,Didsbury,Compressor Station Maintenance,East Gate (Empress/McNeill),Empress Border Flow|Mcneil Border Flow,15|16|17|18|19|20|21|23|28,NLAT|ELAT|ALEG|BLEG|EGAT|MLAT|WGAT|WAIN|EDM,North Lateral|East Lateral|ALEG|BLEG|EGAT|Mainline Lateral|WGAT|WAIN|EDM,5615.037300000001,tc_row_base,2.515723270440262,minor,2026-09-04
20727150,181429,LCLR,2026-08-31,2026-09-04,0.0,Huxley East,,AP - NPS 4 Huxley East Lateral - Pipeline Modifications,outages_2026_08_28_21_40_44.json,0.0,AP,NPS 4 Huxley East Lateral - Pipeline Modifications,Local receipt point,,,,,5403.1491000000005,observed_max,100.0,severe,2026-09-04
20685235,181415,LCLR,2026-08-01,2026-09-04,1250.0,Potential impact to FT-R,"Segments 13, 24, partial 6 (Mitsue, Nipisi, Smith, Figure Lake)",NPS 20 Marten Hills Lateral - Pipeline Maintenance,outages_2026_08_28_21_40_44.json,44.143375000000006,NPS 20 Marten Hills Lateral,Pipeline Maintenance,Local receipt point,,6|13|24,MRTN|REDL|JUDY,MRTN|REDL|JUDY,5403.1491000000005,observed_max,99.18300653594771,severe,2026-09-04
20216816,181430,LCLR,2026-08-31,2026-09-04,153000.0,Potential impact to FT-R,Segment 4,Saddle Hills C4 - Compressor Station Maintenance,outages_2026_08_28_21_40_44.json,5403.1491000000005,Saddle Hills C4,Compressor Station Maintenance,Local receipt point,,4,GRDL,GRDL,5403.1491000000005,observed_max,0.0,minor,2026-09-04
-1788501610,181425,RPTA,2026-08-29,2026-09-04,,,,,outages_2026_08_28_21_40_44.json,,,,RPTA,,,,,,observed_max,,unknown,2026-09-04
-1788588011,181435,DPTA,2026-09-04,2026-09-05,,,,,outages_2026_08_28_21_40_44.json,,,,DPTA,,,,,,observed_max,,unknown,2026-09-05
-1789192810,181436,RPTA,2026-09-05,2026-09-12,,,,,outages_2026_08_28_21_40_44.json,,,,RPTA,,,,,,observed_max,,unknown,2026-09-05
-1789452011,181437,DPTA,2026-09-06,2026-09-15,,,,,outages_2026_08_28_21_40_44.json,,,,DPTA,,,,,,observed_max,,unknown,2026-09-06
-1789192810,181436,RPTA,2026-09-05,2026-09-12,,,,,outages_2026_08_28_21_40_44.json,,,,RPTA,,,,,,observed_max,,unknown,2026-09-06
-1789452011,181437,DPTA,2026-09-06,2026-09-15,,,,,outages_2026_08_28_21_40_44.json,,,,DPTA,,,,,,observed_max,,unknown,2026-09-07
-1789192810,181436,RPTA,2026-09-05,2026-09-12,,,,,outages_2026_08_28_21_40_44.json,,,,RPTA,,,,,,observed_max,,unknown,2026-09-07
-1789452011,181437,DPTA,2026-09-06,2026-09-15,,,,,outages_2026_08_28_21_40_44.json,,,,DPTA,,,,,,observed_max,,unknown,2026-09-08
20216789,181440,EGAT,2026-09-08,2026-10-02,154000.0,No impact to FT-D anticipated,"Empress/McNeill Borders; Segments 6, 10, 11, 13, 14, 15, 16, 17, 18, 19, 20, partial 21, 23, 24, partial 28",Alces River - Compressor Station Maintenance,outages_2026_08_28_21_40_44.json,5438.4638,Alces River,Compressor Station Maintenance,East Gate (Empress/McNeill),Empress Border Flow|Mcneil Border Flow,6|10|11|13|14|15|16|17|18|19|20|21|23|24|28,MRTN|LIEG|KIRB|REDL|COLD|NLAT|ELAT|ALEG|BLEG|EGAT|MLAT|WGAT|WAIN|JUDY|EDM,MRTN|LIEG|KIRB|REDL|COLD|North Lateral|East Lateral|ALEG|BLEG|EGAT|Mainline Lateral|WGAT|WAIN|JUDY|EDM,5615.037300000001,tc_row_base,3.144654088050325,minor,2026-09-08
20216770,181441,OSDA,2026-09-08,2026-09-21,93000.0,Potential impact to FT-D,"Segments 10, 11, and 14",Woodenhouse C3 - Compressor Station Maintenance,outages_2026_08_28_21_40_44.json,3284.2671000000005,Woodenhouse C3,Compressor Station Maintenance,Oil Sands Delivery Area,,10|11|14,LIEG|KIRB|COLD,LIEG|KIRB|COLD,3425.5259000000005,tc_row_base,4.123711340206182,moderate,2026-09-08
-1789192810,181436,RPTA,2026-09-05,2026-09-12,,,,,outages_2026_08_28_21_40_44.json,,,,RPTA,,,,,,observed_max,,unknown,2026-09-08
20216789,181438,USJR,2026-09-08,2026-09-30,378000.0,Potential impact to FT-R,USJR,Alces River - Compressor Station Maintenance,outages_2026_08_28_21_40_44.json,13348.956600000001,Alces River,Compressor Station Maintenance,Upstream James River,Total Receipts,,,,13490.215400000001,tc_row_base,1.0471204188481686,minor,2026-09-08
20216789,181439,WGAT,2026-09-08,2026-10-02,87000.0,No impact to FT-D anticipated,Alberta/BC and Alberta/Montana Borders; Segments 22 and partial 21,Alces River - Compressor Station Maintenance,outages_2026_08_28_21_40_44.json,3072.3789,Alces River,Compressor Station Maintenance,West Gate (AB/BC + AB/MT),Alberta-BC Border Flow,21|22,WGAT|SLAT,WGAT|South Lateral,3143.0083000000004,tc_row_base,2.2471910112359605,minor,2026-09-08
-1789452011,181437,DPTA,2026-09-06,2026-09-15,,,,,outages_2026_08_28_21_40_44.json,,,,DPTA,,,,,,observed_max,,unknown,2026-09-09
20216789,181440,EGAT,2026-09-08,2026-10-02,154000.0,No impact to FT-D anticipated,"Empress/McNeill Borders; Segments 6, 10, 11, 13, 14, 15, 16, 17, 18, 19, 20, partial 21, 23, 24, partial 28",Alces River - Compressor Station Maintenance,outages_2026_08_28_21_40_44.json,5438.4638,Alces River,Compressor Station Maintenance,East Gate (Empress/McNeill),Empress Border Flow|Mcneil Border Flow,6|10|11|13|14|15|16|17|18|19|20|21|23|24|28,MRTN|LIEG|KIRB|REDL|COLD|NLAT|ELAT|ALEG|BLEG|EGAT|MLAT|WGAT|WAIN|JUDY|EDM,MRTN|LIEG|KIRB|REDL|COLD|North Lateral|East Lateral|ALEG|BLEG|EGAT|Mainline Lateral|WGAT|WAIN|JUDY|EDM,5615.037300000001,tc_row_base,3.144654088050325,minor,2026-09-09
20519862,181442,LCLD,2026-09-09,2026-09-09,0.0,Cold Lake Border Sales,,Cold Lake Border Sales - Meter Station Maintenance,outages_2026_08_28_21_40_44.json,0.0,Cold Lake Border Sales,Meter Station Maintenance,Local delivery point,,,,,0.0,observed_max,,unknown,2026-09-09
20216770,181441,OSDA,2026-09-08,2026-09-21,93000.0,Potential impact to FT-D,"Segments 10, 11, and 14",Woodenhouse C3 - Compressor Station Maintenance,outages_2026_08_28_21_40_44.json,3284.2671000000005,Woodenhouse C3,Compressor Station Maintenance,Oil Sands Delivery Area,,10|11|14,LIEG|KIRB|COLD,LIEG|KIRB|COLD,3425.5259000000005,tc_row_base,4.123711340206182,moderate,2026-09-09
-1789192810,181436,RPTA,2026-09-05,2026-09-12,,,,,outages_2026_08_28_21_40_44.json,,,,RPTA,,,,,,observed_max,,unknown,2026-09-09
20216789,181438,USJR,2026-09-08,2026-09-30,378000.0,Potential impact to FT-R,USJR,Alces River - Compressor Station Maintenance,outages_2026_08_28_21_40_44.json,13348.956600000001,Alces River,Compressor Station Maintenance,Upstream James River,Total Receipts,,,,13490.215400000001,tc_row_base,1.0471204188481686,minor,2026-09-09
20216789,181439,WGAT,2026-09-08,2026-10-02,87000.0,No impact to FT-D anticipated,Alberta/BC and Alberta/Montana Borders; Segments 22 and partial 21,Alces River - Compressor Station Maintenance,outages_2026_08_28_21_40_44.json,3072.3789,Alces River,Compressor Station Maintenance,West Gate (AB/BC + AB/MT),Alberta-BC Border Flow,21|22,WGAT|SLAT,WGAT|South Lateral,3143.0083000000004,tc_row_base,2.2471910112359605,minor,2026-09-09
-1789452011,181437,DPTA,2026-09-06,2026-09-15,,,,,outages_2026_08_28_21_40_44.json,,,,DPTA,,,,,,observed_max,,unknown,2026-09-10
20216789,181440,EGAT,2026-09-08,2026-10-02,154000.0,No impact to FT-D anticipated,"Empress/McNeill Borders; Segments 6, 10, 11, 13, 14, 15, 16, 17, 18, 19, 20, partial 21, 23, 24, partial 28",Alces River - Compressor Station Maintenance,outages_2026_08_28_21_40_44.json,5438.4638,Alces River,Compressor Station Maintenance,East Gate (Empress/McNeill),Empress Border Flow|Mcneil Border Flow,6|10|11|13|14|15|16|17|18|19|20|21|23|24|28,MRTN|LIEG|KIRB|REDL|COLD|NLAT|ELAT|ALEG|BLEG|EGAT|MLAT|WGAT|WAIN|JUDY|EDM,MRTN|LIEG|KIRB|REDL|COLD|North Lateral|East Lateral|ALEG|BLEG|EGAT|Mainline Lateral|WGAT|WAIN|JUDY|EDM,5615.037300000001,tc_row_base,3.144654088050325,minor,2026-09-10
20216770,181441,OSDA,2026-09-08,2026-09-21,93000.0,Potential impact to FT-D,"Segments 10, 11, and 14",Woodenhouse C3 - Compressor Station Maintenance,outages_2026_08_28_21_40_44.json,3284.2671000000005,Woodenhouse C3,Compressor Station Maintenance,Oil Sands Delivery Area,,10|11|14,LIEG|KIRB|COLD,LIEG|KIRB|COLD,3425.5259000000005,tc_row_base,4.123711340206182,moderate,2026-09-10
-1789192810,181436,RPTA,2026-09-05,2026-09-12,,,,,outages_2026_08_28_21_40_44.json,,,,RPTA,,,,,,observed_max,,unknown,2026-09-10
20216789,181438,USJR,2026-09-08,2026-09-30,378000.0,Potential impact to FT-R,USJR,Alces River - Compressor Station Maintenance,outages_2026_08_28_21_40_44.json,13348.956600000001,Alces River,Compressor Station Maintenance,Upstream James River,Total Receipts,,,,13490.215400000001,tc_row_base,1.0471204188481686,minor,2026-09-10
20216789,181439,WGAT,2026-09-08,2026-10-02,87000.0,No impact to FT-D anticipated,Alberta/BC and Alberta/Montana Borders; Segments 22 and partial 21,Alces River - Compressor Station Maintenance,outages_2026_08_28_21_40_44.json,3072.3789,Alces River,Compressor Station Maintenance,West Gate (AB/BC + AB/MT),Alberta-BC Border Flow,21|22,WGAT|SLAT,WGAT|South Lateral,3143.0083000000004,tc_row_base,2.2471910112359605,minor,2026-09-10
-1789452011,181437,DPTA,2026-09-06,2026-09-15,,,,,outages_2026_08_28_21_40_44.json,,,,DPTA,,,,,,observed_max,,unknown,2026-09-11
20216789,181440,EGAT,2026-09-08,2026-10-02,154000.0,No impact to FT-D anticipated,"Empress/McNeill Borders; Segments 6, 10, 11, 13, 14, 15, 16, 17, 18, 19, 20, partial 21, 23, 24, partial 28",Alces River - Compressor Station Maintenance,outages_2026_08_28_21_40_44.json,5438.4638,Alces River,Compressor Station Maintenance,East Gate (Empress/McNeill),Empress Border Flow|Mcneil Border Flow,6|10|11|13|14|15|16|17|18|19|20|21|23|24|28,MRTN|LIEG|KIRB|REDL|COLD|NLAT|ELAT|ALEG|BLEG|EGAT|MLAT|WGAT|WAIN|JUDY|EDM,MRTN|LIEG|KIRB|REDL|COLD|North Lateral|East Lateral|ALEG|BLEG|EGAT|Mainline Lateral|WGAT|WAIN|JUDY|EDM,5615.037300000001,tc_row_base,3.144654088050325,minor,2026-09-11
20216770,181441,OSDA,2026-09-08,2026-09-21,93000.0,Potential impact to FT-D,"Segments 10, 11, and 14",Woodenhouse C3 - Compressor Station Maintenance,outages_2026_08_28_21_40_44.json,3284.2671000000005,Woodenhouse C3,Compressor Station Maintenance,Oil Sands Delivery Area,,10|11|14,LIEG|KIRB|COLD,LIEG|KIRB|COLD,3425.5259000000005,tc_row_base,4.123711340206182,moderate,2026-09-11
-1789192810,181436,RPTA,2026-09-05,2026-09-12,,,,,outages_2026_08_28_21_40_44.json,,,,RPTA,,,,,,observed_max,,unknown,2026-09-11
20216789,181438,USJR,2026-09-08,2026-09-30,378000.0,Potential impact to FT-R,USJR,Alces River - Compressor Station Maintenance,outages_2026_08_28_21_40_44.json,13348.956600000001,Alces River,Compressor Station Maintenance,Upstream James River,Total Receipts,,,,13490.215400000001,tc_row_base,1.0471204188481686,minor,2026-09-11
20216789,181439,WGAT,2026-09-08,2026-10-02,87000.0,No impact to FT-D anticipated,Alberta/BC and Alberta/Montana Borders; Segments 22 and partial 21,Alces River - Compressor Station Maintenance,outages_2026_08_28_21_40_44.json,3072.3789,Alces River,Compressor Station Maintenance,West Gate (AB/BC + AB/MT),Alberta-BC Border Flow,21|22,WGAT|SLAT,WGAT|South Lateral,3143.0083000000004,tc_row_base,2.2471910112359605,minor,2026-09-11
-1789452011,181437,DPTA,2026-09-06,2026-09-15,,,,,outages_2026_08_28_21_40_44.json,,,,DPTA,,,,,,observed_max,,unknown,2026-09-12
20216789,181440,EGAT,2026-09-08,2026-10-02,154000.0,No impact to FT-D anticipated,"Empress/McNeill Borders; Segments 6, 10, 11, 13, 14, 15, 16, 17, 18, 19, 20, partial 21, 23, 24, partial 28",Alces River - Compressor Station Maintenance,outages_2026_08_28_21_40_44.json,5438.4638,Alces River,Compressor Station Maintenance,East Gate (Empress/McNeill),Empress Border Flow|Mcneil Border Flow,6|10|11|13|14|15|16|17|18|19|20|21|23|24|28,MRTN|LIEG|KIRB|REDL|COLD|NLAT|ELAT|ALEG|BLEG|EGAT|MLAT|WGAT|WAIN|JUDY|EDM,MRTN|LIEG|KIRB|REDL|COLD|North Lateral|East Lateral|ALEG|BLEG|EGAT|Mainline Lateral|WGAT|WAIN|JUDY|EDM,5615.037300000001,tc_row_base,3.144654088050325,minor,2026-09-12
20721651,181443,LCLR,2026-09-12,2026-09-26,70.0,"Mitsue, Nipisi",,NPS 8 Mitsue Lateral - Pipeline Modifications,outages_2026_08_28_21_40_44.json,2.4720290000000005,NPS 8 Mitsue Lateral,Pipeline Modifications,Local receipt point,,,,,5403.1491000000005,observed_max,99.95424836601308,severe,2026-09-12
20216770,181441,OSDA,2026-09-08,2026-09-21,93000.0,Potential impact to FT-D,"Segments 10, 11, and 14",Woodenhouse C3 - Compressor Station Maintenance,outages_2026_08_28_21_40_44.json,3284.2671000000005,Woodenhouse C3,Compressor Station Maintenance,Oil Sands Delivery Area,,10|11|14,LIEG|KIRB|COLD,LIEG|KIRB|COLD,3425.5259000000005,tc_row_base,4.123711340206182,moderate,2026-09-12
-1789192810,181436,RPTA,2026-09-05,2026-09-12,,,,,outages_2026_08_28_21_40_44.json,,,,RPTA,,,,,,observed_max,,unknown,2026-09-12
20216789,181438,USJR,2026-09-08,2026-09-30,378000.0,Potential impact to FT-R,USJR,Alces River - Compressor Station Maintenance,outages_2026_08_28_21_40_44.json,13348.956600000001,Alces River,Compressor Station Maintenance,Upstream James River,Total Receipts,,,,13490.215400000001,tc_row_base,1.0471204188481686,minor,2026-09-12
20216789,181439,WGAT,2026-09-08,2026-10-02,87000.0,No impact to FT-D anticipated,Alberta/BC and Alberta/Montana Borders; Segments 22 and partial 21,Alces River - Compressor Station Maintenance,outages_2026_08_28_21_40_44.json,3072.3789,Alces River,Compressor Station Maintenance,West Gate (AB/BC + AB/MT),Alberta-BC Border Flow,21|22,WGAT|SLAT,WGAT|South Lateral,3143.0083000000004,tc_row_base,2.2471910112359605,minor,2026-09-12
-1789452011,181437,DPTA,2026-09-06,2026-09-15,,,,,outages_2026_08_28_21_40_44.json,,,,DPTA,,,,,,observed_max,,unknown,2026-09-13
20216789,181440,EGAT,2026-09-08,2026-10-02,154000.0,No impact to FT-D anticipated,"Empress/McNeill Borders; Segments 6, 10, 11, 13, 14, 15, 16, 17, 18, 19, 20, partial 21, 23, 24, partial 28",Alces River - Compressor Station Maintenance,outages_2026_08_28_21_40_44.json,5438.4638,Alces River,Compressor Station Maintenance,East Gate (Empress/McNeill),Empress Border Flow|Mcneil Border Flow,6|10|11|13|14|15|16|17|18|19|20|21|23|24|28,MRTN|LIEG|KIRB|REDL|COLD|NLAT|ELAT|ALEG|BLEG|EGAT|MLAT|WGAT|WAIN|JUDY|EDM,MRTN|LIEG|KIRB|REDL|COLD|North Lateral|East Lateral|ALEG|BLEG|EGAT|Mainline Lateral|WGAT|WAIN|JUDY|EDM,5615.037300000001,tc_row_base,3.144654088050325,minor,2026-09-13
19731861,181444,LCLR,2026-09-13,2026-10-08,3788.0,Gold Creek South Summary,,NPS 36 Grande Prairie Mainline - Pipeline Maintenance,outages_2026_08_28_21_40_44.json,133.77208360000003,NPS 36 Grande Prairie Mainline,Pipeline Maintenance,Local receipt point,,,,,5403.1491000000005,observed_max,97.52418300653595,severe,2026-09-13
20721651,181443,LCLR,2026-09-12,2026-09-26,70.0,"Mitsue, Nipisi",,NPS 8 Mitsue Lateral - Pipeline Modifications,outages_2026_08_28_21_40_44.json,2.4720290000000005,NPS 8 Mitsue Lateral,Pipeline Modifications,Local receipt point,,,,,5403.1491000000005,observed_max,99.95424836601308,severe,2026-09-13
20216770,181441,OSDA,2026-09-08,2026-09-21,93000.0,Potential impact to FT-D,"Segments 10, 11, and 14",Woodenhouse C3 - Compressor Station Maintenance,outages_2026_08_28_21_40_44.json,3284.2671000000005,Woodenhouse C3,Compressor Station Maintenance,Oil Sands Delivery Area,,10|11|14,LIEG|KIRB|COLD,LIEG|KIRB|COLD,3425.5259000000005,tc_row_base,4.123711340206182,moderate,2026-09-13
-1789711210,181445,RPTA,2026-09-13,2026-09-18,,,,,outages_2026_08_28_21_40_44.json,,,,RPTA,,,,,,observed_max,,unknown,2026-09-13
20216789,181438,USJR,2026-09-08,2026-09-30,378000.0,Potential impact to FT-R,USJR,Alces River - Compressor Station Maintenance,outages_2026_08_28_21_40_44.json,13348.956600000001,Alces River,Compressor Station Maintenance,Upstream James River,Total Receipts,,,,13490.215400000001,tc_row_base,1.0471204188481686,minor,2026-09-13
20216789,181439,WGAT,2026-09-08,2026-10-02,87000.0,No impact to FT-D anticipated,Alberta/BC and Alberta/Montana Borders; Segments 22 and partial 21,Alces River - Compressor Station Maintenance,outages_2026_08_28_21_40_44.json,3072.3789,Alces River,Compressor Station Maintenance,West Gate (AB/BC + AB/MT),Alberta-BC Border Flow,21|22,WGAT|SLAT,WGAT|South Lateral,3143.0083000000004,tc_row_base,2.2471910112359605,minor,2026-09-13
-1789452011,181437,DPTA,2026-09-06,2026-09-15,,,,,outages_2026_08_28_21_40_44.json,,,,DPTA,,,,,,observed_max,,unknown,2026-09-14
20216789,181440,EGAT,2026-09-08,2026-10-02,154000.0,No impact to FT-D anticipated,"Empress/McNeill Borders; Segments 6, 10, 11, 13, 14, 15, 16, 17, 18, 19, 20, partial 21, 23, 24, partial 28",Alces River - Compressor Station Maintenance,outages_2026_08_28_21_40_44.json,5438.4638,Alces River,Compressor Station Maintenance,East Gate (Empress/McNeill),Empress Border Flow|Mcneil Border Flow,6|10|11|13|14|15|16|17|18|19|20|21|23|24|28,MRTN|LIEG|KIRB|REDL|COLD|NLAT|ELAT|ALEG|BLEG|EGAT|MLAT|WGAT|WAIN|JUDY|EDM,MRTN|LIEG|KIRB|REDL|COLD|North Lateral|East Lateral|ALEG|BLEG|EGAT|Mainline Lateral|WGAT|WAIN|JUDY|EDM,5615.037300000001,tc_row_base,3.144654088050325,minor,2026-09-14
20216804,181450,EGAT,2026-09-14,2026-09-18,148000.0,No impact to FT-D anticipated,"Empress/McNeill Borders; Segments 15, 16, 17, 18, 19, 20, partial 21, 23, partial 28",Latornell A1 - Compressor Station Maintenance,outages_2026_08_28_21_40_44.json,5226.575600000001,Latornell A1,Compressor Station Maintenance,East Gate (Empress/McNeill),Empress Border Flow|Mcneil Border Flow,15|16|17|18|19|20|21|23|28,NLAT|ELAT|ALEG|BLEG|EGAT|MLAT|WGAT|WAIN|EDM,North Lateral|East Lateral|ALEG|BLEG|EGAT|Mainline Lateral|WGAT|WAIN|EDM,5615.037300000001,tc_row_base,6.91823899371069,moderate,2026-09-14
20216997,181449,FHZ8,2026-09-14,2026-09-17,72000.0,Potential Impact to FT,Alberta/BC Border; Foothills BC,Elko - Compressor Station Maintenance,outages_2026_08_28_21_40_44.json,2542.6584000000003,Elko,Compressor Station Maintenance,Foothills Zone 8 (AB/BC),Alberta-BC Border Flow,,,,3143.0083000000004,tc_row_base,19.10112359550562,severe,2026-09-14
19731861,181444,LCLR,2026-09-13,2026-10-08,3788.0,Gold Creek South Summary,,NPS 36 Grande Prairie Mainline - Pipeline Maintenance,outages_2026_08_28_21_40_44.json,133.77208360000003,NPS 36 Grande Prairie Mainline,Pipeline Maintenance,Local receipt point,,,,,5403.1491000000005,observed_max,97.52418300653595,severe,2026-09-14
20721651,181443,LCLR,2026-09-12,2026-09-26,70.0,"Mitsue, Nipisi",,NPS 8 Mitsue Lateral - Pipeline Modifications,outages_2026_08_28_21_40_44.json,2.4720290000000005,NPS 8 Mitsue Lateral,Pipeline Modifications,Local receipt point,,,,,5403.1491000000005,observed_max,99.95424836601308,severe,2026-09-14
20609716,181447,LCLR,2026-09-14,2026-09-14,0.0,Strome Holberg,,Strome Holberg - Meter Station Maintenance,outages_2026_08_28_21_40_44.json,0.0,Strome Holberg,Meter Station Maintenance,Local receipt point,,,,,5403.1491000000005,observed_max,100.0,severe,2026-09-14
20216770,181441,OSDA,2026-09-08,2026-09-21,93000.0,Potential impact to FT-D,"Segments 10, 11, and 14",Woodenhouse C3 - Compressor Station Maintenance,outages_2026_08_28_21_40_44.json,3284.2671000000005,Woodenhouse C3,Compressor Station Maintenance,Oil Sands Delivery Area,,10|11|14,LIEG|KIRB|COLD,LIEG|KIRB|COLD,3425.5259000000005,tc_row_base,4.123711340206182,moderate,2026-09-14
-1789711210,181445,RPTA,2026-09-13,2026-09-18,,,,,outages_2026_08_28_21_40_44.json,,,,RPTA,,,,,,observed_max,,unknown,2026-09-14
20216789,181438,USJR,2026-09-08,2026-09-30,378000.0,Potential impact to FT-R,USJR,Alces River - Compressor Station Maintenance,outages_2026_08_28_21_40_44.json,13348.956600000001,Alces River,Compressor Station Maintenance,Upstream James River,Total Receipts,,,,13490.215400000001,tc_row_base,1.0471204188481686,minor,2026-09-14
20216804,181446,USJR,2026-09-14,2026-09-18,371000.0,Potential impact to FT-R,"Segments 2, 3, 4, 5 and partial 7 (Upstream of Edson)",Latornell A1 - Compressor Station Maintenance,outages_2026_08_28_21_40_44.json,13101.753700000001,Latornell A1,Compressor Station Maintenance,Upstream James River,Total Receipts,2|3|4|5|7,PRLL|NWML|GRDL|WAEX|GPML,Peace River Lateral Loop|Northwest Mainline|GRDL|WAEX|Grande Prairie Mainline,13490.215400000001,tc_row_base,2.8795811518324554,minor,2026-09-14
20216789,181439,WGAT,2026-09-08,2026-10-02,87000.0,No impact to FT-D anticipated,Alberta/BC and Alberta/Montana Borders; Segments 22 and partial 21,Alces River - Compressor Station Maintenance,outages_2026_08_28_21_40_44.json,3072.3789,Alces River,Compressor Station Maintenance,West Gate (AB/BC + AB/MT),Alberta-BC Border Flow,21|22,WGAT|SLAT,WGAT|South Lateral,3143.0083000000004,tc_row_base,2.2471910112359605,minor,2026-09-14
20216804,181448,WGAT,2026-09-14,2026-09-18,87000.0,No impact to FT-D anticipated,Alberta/BC and Alberta/Montana Borders; Segments 22 and partial 21,Latornell A1 - Compressor Station Maintenance,outages_2026_08_28_21_40_44.json,3072.3789,Latornell A1,Compressor Station Maintenance,West Gate (AB/BC + AB/MT),Alberta-BC Border Flow,21|22,WGAT|SLAT,WGAT|South Lateral,3143.0083000000004,tc_row_base,2.2471910112359605,minor,2026-09-14
-1789452011,181437,DPTA,2026-09-06,2026-09-15,,,,,outages_2026_08_28_21_40_44.json,,,,DPTA,,,,,,observed_max,,unknown,2026-09-15
20216789,181440,EGAT,2026-09-08,2026-10-02,154000.0,No impact to FT-D anticipated,"Empress/McNeill Borders; Segments 6, 10, 11, 13, 14, 15, 16, 17, 18, 19, 20, partial 21, 23, 24, partial 28",Alces River - Compressor Station Maintenance,outages_2026_08_28_21_40_44.json,5438.4638,Alces River,Compressor Station Maintenance,East Gate (Empress/McNeill),Empress Border Flow|Mcneil Border Flow,6|10|11|13|14|15|16|17|18|19|20|21|23|24|28,MRTN|LIEG|KIRB|REDL|COLD|NLAT|ELAT|ALEG|BLEG|EGAT|MLAT|WGAT|WAIN|JUDY|EDM,MRTN|LIEG|KIRB|REDL|COLD|North Lateral|East Lateral|ALEG|BLEG|EGAT|Mainline Lateral|WGAT|WAIN|JUDY|EDM,5615.037300000001,tc_row_base,3.144654088050325,minor,2026-09-15
20216804,181450,EGAT,2026-09-14,2026-09-18,148000.0,No impact to FT-D anticipated,"Empress/McNeill Borders; Segments 15, 16, 17, 18, 19, 20, partial 21, 23, partial 28",Latornell A1 - Compressor Station Maintenance,outages_2026_08_28_21_40_44.json,5226.575600000001,Latornell A1,Compressor Station Maintenance,East Gate (Empress/McNeill),Empress Border Flow|Mcneil Border Flow,15|16|17|18|19|20|21|23|28,NLAT|ELAT|ALEG|BLEG|EGAT|MLAT|WGAT|WAIN|EDM,North Lateral|East Lateral|ALEG|BLEG|EGAT|Mainline Lateral|WGAT|WAIN|EDM,5615.037300000001,tc_row_base,6.91823899371069,moderate,2026-09-15
20216997,181449,FHZ8,2026-09-14,2026-09-17,72000.0,Potential Impact to FT,Alberta/BC Border; Foothills BC,Elko - Compressor Station Maintenance,outages_2026_08_28_21_40_44.json,2542.6584000000003,Elko,Compressor Station Maintenance,Foothills Zone 8 (AB/BC),Alberta-BC Border Flow,,,,3143.0083000000004,tc_row_base,19.10112359550562,severe,2026-09-15
19731861,181444,LCLR,2026-09-13,2026-10-08,3788.0,Gold Creek South Summary,,NPS 36 Grande Prairie Mainline - Pipeline Maintenance,outages_2026_08_28_21_40_44.json,133.77208360000003,NPS 36 Grande Prairie Mainline,Pipeline Maintenance,Local receipt point,,,,,5403.1491000000005,observed_max,97.52418300653595,severe,2026-09-15
20721651,181443,LCLR,2026-09-12,2026-09-26,70.0,"Mitsue, Nipisi",,NPS 8 Mitsue Lateral - Pipeline Modifications,outages_2026_08_28_21_40_44.json,2.4720290000000005,NPS 8 Mitsue Lateral,Pipeline Modifications,Local receipt point,,,,,5403.1491000000005,observed_max,99.95424836601308,severe,2026-09-15
20216770,181441,OSDA,2026-09-08,2026-09-21,93000.0,Potential impact to FT-D,"Segments 10, 11, and 14",Woodenhouse C3 - Compressor Station Maintenance,outages_2026_08_28_21_40_44.json,3284.2671000000005,Woodenhouse C3,Compressor Station Maintenance,Oil Sands Delivery Area,,10|11|14,LIEG|KIRB|COLD,LIEG|KIRB|COLD,3425.5259000000005,tc_row_base,4.123711340206182,moderate,2026-09-15
-1789711210,181445,RPTA,2026-09-13,2026-09-18,,,,,outages_2026_08_28_21_40_44.json,,,,RPTA,,,,,,observed_max,,unknown,2026-09-15
20216789,181438,USJR,2026-09-08,2026-09-30,378000.0,Potential impact to FT-R,USJR,Alces River - Compressor Station Maintenance,outages_2026_08_28_21_40_44.json,13348.956600000001,Alces River,Compressor Station Maintenance,Upstream James River,Total Receipts,,,,13490.215400000001,tc_row_base,1.0471204188481686,minor,2026-09-15
20216804,181446,USJR,2026-09-14,2026-09-18,371000.0,Potential impact to FT-R,"Segments 2, 3, 4, 5 and partial 7 (Upstream of Edson)",Latornell A1 - Compressor Station Maintenance,outages_2026_08_28_21_40_44.json,13101.753700000001,Latornell A1,Compressor Station Maintenance,Upstream James River,Total Receipts,2|3|4|5|7,PRLL|NWML|GRDL|WAEX|GPML,Peace River Lateral Loop|Northwest Mainline|GRDL|WAEX|Grande Prairie Mainline,13490.215400000001,tc_row_base,2.8795811518324554,minor,2026-09-15
20216789,181439,WGAT,2026-09-08,2026-10-02,87000.0,No impact to FT-D anticipated,Alberta/BC and Alberta/Montana Borders; Segments 22 and partial 21,Alces River - Compressor Station Maintenance,outages_2026_08_28_21_40_44.json,3072.3789,Alces River,Compressor Station Maintenance,West Gate (AB/BC + AB/MT),Alberta-BC Border Flow,21|22,WGAT|SLAT,WGAT|South Lateral,3143.0083000000004,tc_row_base,2.2471910112359605,minor,2026-09-15
20216804,181448,WGAT,2026-09-14,2026-09-18,87000.0,No impact to FT-D anticipated,Alberta/BC and Alberta/Montana Borders; Segments 22 and partial 21,Latornell A1 - Compressor Station Maintenance,outages_2026_08_28_21_40_44.json,3072.3789,Latornell A1,Compressor Station Maintenance,West Gate (AB/BC + AB/MT),Alberta-BC Border Flow,21|22,WGAT|SLAT,WGAT|South Lateral,3143.0083000000004,tc_row_base,2.2471910112359605,minor,2026-09-15
-1789711211,181455,DPTA,2026-09-16,2026-09-18,,,,,outages_2026_08_28_21_40_44.json,,,,DPTA,,,,,,observed_max,,unknown,2026-09-16
20216789,181440,EGAT,2026-09-08,2026-10-02,154000.0,No impact to FT-D anticipated,"Empress/McNeill Borders; Segments 6, 10, 11, 13, 14, 15, 16, 17, 18, 19, 20, partial 21, 23, 24, partial 28",Alces River - Compressor Station Maintenance,outages_2026_08_28_21_40_44.json,5438.4638,Alces River,Compressor Station Maintenance,East Gate (Empress/McNeill),Empress Border Flow|Mcneil Border Flow,6|10|11|13|14|15|16|17|18|19|20|21|23|24|28,MRTN|LIEG|KIRB|REDL|COLD|NLAT|ELAT|ALEG|BLEG|EGAT|MLAT|WGAT|WAIN|JUDY|EDM,MRTN|LIEG|KIRB|REDL|COLD|North Lateral|East Lateral|ALEG|BLEG|EGAT|Mainline Lateral|WGAT|WAIN|JUDY|EDM,5615.037300000001,tc_row_base,3.144654088050325,minor,2026-09-16
20216804,181450,EGAT,2026-09-14,2026-09-18,148000.0,No impact to FT-D anticipated,"Empress/McNeill Borders; Segments 15, 16, 17, 18, 19, 20, partial 21, 23, partial 28",Latornell A1 - Compressor Station Maintenance,outages_2026_08_28_21_40_44.json,5226.575600000001,Latornell A1,Compressor Station Maintenance,East Gate (Empress/McNeill),Empress Border Flow|Mcneil Border Flow,15|16|17|18|19|20|21|23|28,NLAT|ELAT|ALEG|BLEG|EGAT|MLAT|WGAT|WAIN|EDM,North Lateral|East Lateral|ALEG|BLEG|EGAT|Mainline Lateral|WGAT|WAIN|EDM,5615.037300000001,tc_row_base,6.91823899371069,moderate,2026-09-16
20216997,181449,FHZ8,2026-09-14,2026-09-17,72000.0,Potential Impact to FT,Alberta/BC Border; Foothills BC,Elko - Compressor Station Maintenance,outages_2026_08_28_21_40_44.json,2542.6584000000003,Elko,Compressor Station Maintenance,Foothills Zone 8 (AB/BC),Alberta-BC Border Flow,,,,3143.0083000000004,tc_row_base,19.10112359550562,severe,2026-09-16
20722054,181454,LCLD,2026-09-16,2026-09-16,0.0,Horizon Sales,,Horizon Sales - Meter Station Maintenance,outages_2026_08_28_21_40_44.json,0.0,Horizon Sales,Meter Station Maintenance,Local delivery point,,,,,0.0,observed_max,,unknown,2026-09-16
20609711,181451,LCLR,2026-09-16,2026-09-16,0.0,Brainard Lake,,Brainard Lake - Meter Station Maintenance,outages_2026_08_28_21_40_44.json,0.0,Brainard Lake,Meter Station Maintenance,Local receipt point,,,,,5403.1491000000005,observed_max,100.0,severe,2026-09-16
20641790,181452,LCLR,2026-09-16,2026-09-16,0.0,Eta Lake,,Eta Lake - Meter Station Maintenance,outages_2026_08_28_21_40_44.json,0.0,Eta Lake,Meter Station Maintenance,Local receipt point,,,,,5403.1491000000005,observed_max,100.0,severe,2026-09-16
20619258,181453,LCLR,2026-09-16,2026-09-16,0.0,Hays,,Hays - Meter Station Maintenance,outages_2026_08_28_21_40_44.json,0.0,Hays,Meter Station Maintenance,Local receipt point,,,,,5403.1491000000005,observed_max,100.0,severe,2026-09-16
19731861,181444,LCLR,2026-09-13,2026-10-08,3788.0,Gold Creek South Summary,,NPS 36 Grande Prairie Mainline - Pipeline Maintenance,outages_2026_08_28_21_40_44.json,133.77208360000003,NPS 36 Grande Prairie Mainline,Pipeline Maintenance,Local receipt point,,,,,5403.1491000000005,observed_max,97.52418300653595,severe,2026-09-16
20721651,181443,LCLR,2026-09-12,2026-09-26,70.0,"Mitsue, Nipisi",,NPS 8 Mitsue Lateral - Pipeline Modifications,outages_2026_08_28_21_40_44.json,2.4720290000000005,NPS 8 Mitsue Lateral,Pipeline Modifications,Local receipt point,,,,,5403.1491000000005,observed_max,99.95424836601308,severe,2026-09-16
20216770,181441,OSDA,2026-09-08,2026-09-21,93000.0,Potential impact to FT-D,"Segments 10, 11, and 14",Woodenhouse C3 - Compressor Station Maintenance,outages_2026_08_28_21_40_44.json,3284.2671000000005,Woodenhouse C3,Compressor Station Maintenance,Oil Sands Delivery Area,,10|11|14,LIEG|KIRB|COLD,LIEG|KIRB|COLD,3425.5259000000005,tc_row_base,4.123711340206182,moderate,2026-09-16
-1789711210,181445,RPTA,2026-09-13,2026-09-18,,,,,outages_2026_08_28_21_40_44.json,,,,RPTA,,,,,,observed_max,,unknown,2026-09-16
20216789,181438,USJR,2026-09-08,2026-09-30,378000.0,Potential impact to FT-R,USJR,Alces River - Compressor Station Maintenance,outages_2026_08_28_21_40_44.json,13348.956600000001,Alces River,Compressor Station Maintenance,Upstream James River,Total Receipts,,,,13490.215400000001,tc_row_base,1.0471204188481686,minor,2026-09-16
20216804,181446,USJR,2026-09-14,2026-09-18,371000.0,Potential impact to FT-R,"Segments 2, 3, 4, 5 and partial 7 (Upstream of Edson)",Latornell A1 - Compressor Station Maintenance,outages_2026_08_28_21_40_44.json,13101.753700000001,Latornell A1,Compressor Station Maintenance,Upstream James River,Total Receipts,2|3|4|5|7,PRLL|NWML|GRDL|WAEX|GPML,Peace River Lateral Loop|Northwest Mainline|GRDL|WAEX|Grande Prairie Mainline,13490.215400000001,tc_row_base,2.8795811518324554,minor,2026-09-16
20216789,181439,WGAT,2026-09-08,2026-10-02,87000.0,No impact to FT-D anticipated,Alberta/BC and Alberta/Montana Borders; Segments 22 and partial 21,Alces River - Compressor Station Maintenance,outages_2026_08_28_21_40_44.json,3072.3789,Alces River,Compressor Station Maintenance,West Gate (AB/BC + AB/MT),Alberta-BC Border Flow,21|22,WGAT|SLAT,WGAT|South Lateral,3143.0083000000004,tc_row_base,2.2471910112359605,minor,2026-09-16
20216804,181448,WGAT,2026-09-14,2026-09-18,87000.0,No impact to FT-D anticipated,Alberta/BC and Alberta/Montana Borders; Segments 22 and partial 21,Latornell A1 - Compressor Station Maintenance,outages_2026_08_28_21_40_44.json,3072.3789,Latornell A1,Compressor Station Maintenance,West Gate (AB/BC + AB/MT),Alberta-BC Border Flow,21|22,WGAT|SLAT,WGAT|South Lateral,3143.0083000000004,tc_row_base,2.2471910112359605,minor,2026-09-16
-1789711211,181455,DPTA,2026-09-16,2026-09-18,,,,,outages_2026_08_28_21_40_44.json,,,,DPTA,,,,,,observed_max,,unknown,2026-09-17
20216789,181440,EGAT,2026-09-08,2026-10-02,154000.0,No impact to FT-D anticipated,"Empress/McNeill Borders; Segments 6, 10, 11, 13, 14, 15, 16, 17, 18, 19, 20, partial 21, 23, 24, partial 28",Alces River - Compressor Station Maintenance,outages_2026_08_28_21_40_44.json,5438.4638,Alces River,Compressor Station Maintenance,East Gate (Empress/McNeill),Empress Border Flow|Mcneil Border Flow,6|10|11|13|14|15|16|17|18|19|20|21|23|24|28,MRTN|LIEG|KIRB|REDL|COLD|NLAT|ELAT|ALEG|BLEG|EGAT|MLAT|WGAT|WAIN|JUDY|EDM,MRTN|LIEG|KIRB|REDL|COLD|North Lateral|East Lateral|ALEG|BLEG|EGAT|Mainline Lateral|WGAT|WAIN|JUDY|EDM,5615.037300000001,tc_row_base,3.144654088050325,minor,2026-09-17
20216804,181450,EGAT,2026-09-14,2026-09-18,148000.0,No impact to FT-D anticipated,"Empress/McNeill Borders; Segments 15, 16, 17, 18, 19, 20, partial 21, 23, partial 28",Latornell A1 - Compressor Station Maintenance,outages_2026_08_28_21_40_44.json,5226.575600000001,Latornell A1,Compressor Station Maintenance,East Gate (Empress/McNeill),Empress Border Flow|Mcneil Border Flow,15|16|17|18|19|20|21|23|28,NLAT|ELAT|ALEG|BLEG|EGAT|MLAT|WGAT|WAIN|EDM,North Lateral|East Lateral|ALEG|BLEG|EGAT|Mainline Lateral|WGAT|WAIN|EDM,5615.037300000001,tc_row_base,6.91823899371069,moderate,2026-09-17
20216997,181449,FHZ8,2026-09-14,2026-09-17,72000.0,Potential Impact to FT,Alberta/BC Border; Foothills BC,Elko - Compressor Station Maintenance,outages_2026_08_28_21_40_44.json,2542.6584000000003,Elko,Compressor Station Maintenance,Foothills Zone 8 (AB/BC),Alberta-BC Border Flow,,,,3143.0083000000004,tc_row_base,19.10112359550562,severe,2026-09-17
20608768,181456,LCLR,2026-09-17,2026-09-17,0.0,Kersey #2,,Kersey #2 - Meter Station Maintenance,outages_2026_08_28_21_40_44.json,0.0,Kersey #2,Meter Station Maintenance,Local receipt point,,,,,5403.1491000000005,observed_max,100.0,severe,2026-09-17
19731861,181444,LCLR,2026-09-13,2026-10-08,3788.0,Gold Creek South Summary,,NPS 36 Grande Prairie Mainline - Pipeline Maintenance,outages_2026_08_28_21_40_44.json,133.77208360000003,NPS 36 Grande Prairie Mainline,Pipeline Maintenance,Local receipt point,,,,,5403.1491000000005,observed_max,97.52418300653595,severe,2026-09-17
20721651,181443,LCLR,2026-09-12,2026-09-26,70.0,"Mitsue, Nipisi",,NPS 8 Mitsue Lateral - Pipeline Modifications,outages_2026_08_28_21_40_44.json,2.4720290000000005,NPS 8 Mitsue Lateral,Pipeline Modifications,Local receipt point,,,,,5403.1491000000005,observed_max,99.95424836601308,severe,2026-09-17
20216770,181441,OSDA,2026-09-08,2026-09-21,93000.0,Potential impact to FT-D,"Segments 10, 11, and 14",Woodenhouse C3 - Compressor Station Maintenance,outages_2026_08_28_21_40_44.json,3284.2671000000005,Woodenhouse C3,Compressor Station Maintenance,Oil Sands Delivery Area,,10|11|14,LIEG|KIRB|COLD,LIEG|KIRB|COLD,3425.5259000000005,tc_row_base,4.123711340206182,moderate,2026-09-17
-1789711210,181445,RPTA,2026-09-13,2026-09-18,,,,,outages_2026_08_28_21_40_44.json,,,,RPTA,,,,,,observed_max,,unknown,2026-09-17
20216789,181438,USJR,2026-09-08,2026-09-30,378000.0,Potential impact to FT-R,USJR,Alces River - Compressor Station Maintenance,outages_2026_08_28_21_40_44.json,13348.956600000001,Alces River,Compressor Station Maintenance,Upstream James River,Total Receipts,,,,13490.215400000001,tc_row_base,1.0471204188481686,minor,2026-09-17
20216804,181446,USJR,2026-09-14,2026-09-18,371000.0,Potential impact to FT-R,"Segments 2, 3, 4, 5 and partial 7 (Upstream of Edson)",Latornell A1 - Compressor Station Maintenance,outages_2026_08_28_21_40_44.json,13101.753700000001,Latornell A1,Compressor Station Maintenance,Upstream James River,Total Receipts,2|3|4|5|7,PRLL|NWML|GRDL|WAEX|GPML,Peace River Lateral Loop|Northwest Mainline|GRDL|WAEX|Grande Prairie Mainline,13490.215400000001,tc_row_base,2.8795811518324554,minor,2026-09-17
20216789,181439,WGAT,2026-09-08,2026-10-02,87000.0,No impact to FT-D anticipated,Alberta/BC and Alberta/Montana Borders; Segments 22 and partial 21,Alces River - Compressor Station Maintenance,outages_2026_08_28_21_40_44.json,3072.3789,Alces River,Compressor Station Maintenance,West Gate (AB/BC + AB/MT),Alberta-BC Border Flow,21|22,WGAT|SLAT,WGAT|South Lateral,3143.0083000000004,tc_row_base,2.2471910112359605,minor,2026-09-17
20216804,181448,WGAT,2026-09-14,2026-09-18,87000.0,No impact to FT-D anticipated,Alberta/BC and Alberta/Montana Borders; Segments 22 and partial 21,Latornell A1 - Compressor Station Maintenance,outages_2026_08_28_21_40_44.json,3072.3789,Latornell A1,Compressor Station Maintenance,West Gate (AB/BC + AB/MT),Alberta-BC Border Flow,21|22,WGAT|SLAT,WGAT|South Lateral,3143.0083000000004,tc_row_base,2.2471910112359605,minor,2026-09-17
-1789711211,181455,DPTA,2026-09-16,2026-09-18,,,,,outages_2026_08_28_21_40_44.json,,,,DPTA,,,,,,observed_max,,unknown,2026-09-18
20216789,181440,EGAT,2026-09-08,2026-10-02,154000.0,No impact to FT-D anticipated,"Empress/McNeill Borders; Segments 6, 10, 11, 13, 14, 15, 16, 17, 18, 19, 20, partial 21, 23, 24, partial 28",Alces River - Compressor Station Maintenance,outages_2026_08_28_21_40_44.json,5438.4638,Alces River,Compressor Station Maintenance,East Gate (Empress/McNeill),Empress Border Flow|Mcneil Border Flow,6|10|11|13|14|15|16|17|18|19|20|21|23|24|28,MRTN|LIEG|KIRB|REDL|COLD|NLAT|ELAT|ALEG|BLEG|EGAT|MLAT|WGAT|WAIN|JUDY|EDM,MRTN|LIEG|KIRB|REDL|COLD|North Lateral|East Lateral|ALEG|BLEG|EGAT|Mainline Lateral|WGAT|WAIN|JUDY|EDM,5615.037300000001,tc_row_base,3.144654088050325,minor,2026-09-18
20216804,181450,EGAT,2026-09-14,2026-09-18,148000.0,No impact to FT-D anticipated,"Empress/McNeill Borders; Segments 15, 16, 17, 18, 19, 20, partial 21, 23, partial 28",Latornell A1 - Compressor Station Maintenance,outages_2026_08_28_21_40_44.json,5226.575600000001,Latornell A1,Compressor Station Maintenance,East Gate (Empress/McNeill),Empress Border Flow|Mcneil Border Flow,15|16|17|18|19|20|21|23|28,NLAT|ELAT|ALEG|BLEG|EGAT|MLAT|WGAT|WAIN|EDM,North Lateral|East Lateral|ALEG|BLEG|EGAT|Mainline Lateral|WGAT|WAIN|EDM,5615.037300000001,tc_row_base,6.91823899371069,moderate,2026-09-18
19731861,181444,LCLR,2026-09-13,2026-10-08,3788.0,Gold Creek South Summary,,NPS 36 Grande Prairie Mainline - Pipeline Maintenance,outages_2026_08_28_21_40_44.json,133.77208360000003,NPS 36 Grande Prairie Mainline,Pipeline Maintenance,Local receipt point,,,,,5403.1491000000005,observed_max,97.52418300653595,severe,2026-09-18
20721651,181443,LCLR,2026-09-12,2026-09-26,70.0,"Mitsue, Nipisi",,NPS 8 Mitsue Lateral - Pipeline Modifications,outages_2026_08_28_21_40_44.json,2.4720290000000005,NPS 8 Mitsue Lateral,Pipeline Modifications,Local receipt point,,,,,5403.1491000000005,observed_max,99.95424836601308,severe,2026-09-18
20216770,181441,OSDA,2026-09-08,2026-09-21,93000.0,Potential impact to FT-D,"Segments 10, 11, and 14",Woodenhouse C3 - Compressor Station Maintenance,outages_2026_08_28_21_40_44.json,3284.2671000000005,Woodenhouse C3,Compressor Station Maintenance,Oil Sands Delivery Area,,10|11|14,LIEG|KIRB|COLD,LIEG|KIRB|COLD,3425.5259000000005,tc_row_base,4.123711340206182,moderate,2026-09-18
-1789711210,181445,RPTA,2026-09-13,2026-09-18,,,,,outages_2026_08_28_21_40_44.json,,,,RPTA,,,,,,observed_max,,unknown,2026-09-18
20216789,181438,USJR,2026-09-08,2026-09-30,378000.0,Potential impact to FT-R,USJR,Alces River - Compressor Station Maintenance,outages_2026_08_28_21_40_44.json,13348.956600000001,Alces River,Compressor Station Maintenance,Upstream James River,Total Receipts,,,,13490.215400000001,tc_row_base,1.0471204188481686,minor,2026-09-18
20216804,181446,USJR,2026-09-14,2026-09-18,371000.0,Potential impact to FT-R,"Segments 2, 3, 4, 5 and partial 7 (Upstream of Edson)",Latornell A1 - Compressor Station Maintenance,outages_2026_08_28_21_40_44.json,13101.753700000001,Latornell A1,Compressor Station Maintenance,Upstream James River,Total Receipts,2|3|4|5|7,PRLL|NWML|GRDL|WAEX|GPML,Peace River Lateral Loop|Northwest Mainline|GRDL|WAEX|Grande Prairie Mainline,13490.215400000001,tc_row_base,2.8795811518324554,minor,2026-09-18
20216789,181439,WGAT,2026-09-08,2026-10-02,87000.0,No impact to FT-D anticipated,Alberta/BC and Alberta/Montana Borders; Segments 22 and partial 21,Alces River - Compressor Station Maintenance,outages_2026_08_28_21_40_44.json,3072.3789,Alces River,Compressor Station Maintenance,West Gate (AB/BC + AB/MT),Alberta-BC Border Flow,21|22,WGAT|SLAT,WGAT|South Lateral,3143.0083000000004,tc_row_base,2.2471910112359605,minor,2026-09-18
20216804,181448,WGAT,2026-09-14,2026-09-18,87000.0,No impact to FT-D anticipated,Alberta/BC and Alberta/Montana Borders; Segments 22 and partial 21,Latornell A1 - Compressor Station Maintenance,outages_2026_08_28_21_40_44.json,3072.3789,Latornell A1,Compressor Station Maintenance,West Gate (AB/BC + AB/MT),Alberta-BC Border Flow,21|22,WGAT|SLAT,WGAT|South Lateral,3143.0083000000004,tc_row_base,2.2471910112359605,minor,2026-09-18
-1790402411,181458,DPTA,2026-09-19,2026-09-26,,,,,outages_2026_08_28_21_40_44.json,,,,DPTA,,,,,,observed_max,,unknown,2026-09-19
20216789,181440,EGAT,2026-09-08,2026-10-02,154000.0,No impact to FT-D anticipated,"Empress/McNeill Borders; Segments 6, 10, 11, 13, 14, 15, 16, 17, 18, 19, 20, partial 21, 23, 24, partial 28",Alces River - Compressor Station Maintenance,outages_2026_08_28_21_40_44.json,5438.4638,Alces River,Compressor Station Maintenance,East Gate (Empress/McNeill),Empress Border Flow|Mcneil Border Flow,6|10|11|13|14|15|16|17|18|19|20|21|23|24|28,MRTN|LIEG|KIRB|REDL|COLD|NLAT|ELAT|ALEG|BLEG|EGAT|MLAT|WGAT|WAIN|JUDY|EDM,MRTN|LIEG|KIRB|REDL|COLD|North Lateral|East Lateral|ALEG|BLEG|EGAT|Mainline Lateral|WGAT|WAIN|JUDY|EDM,5615.037300000001,tc_row_base,3.144654088050325,minor,2026-09-19
19731861,181444,LCLR,2026-09-13,2026-10-08,3788.0,Gold Creek South Summary,,NPS 36 Grande Prairie Mainline - Pipeline Maintenance,outages_2026_08_28_21_40_44.json,133.77208360000003,NPS 36 Grande Prairie Mainline,Pipeline Maintenance,Local receipt point,,,,,5403.1491000000005,observed_max,97.52418300653595,severe,2026-09-19
20721651,181443,LCLR,2026-09-12,2026-09-26,70.0,"Mitsue, Nipisi",,NPS 8 Mitsue Lateral - Pipeline Modifications,outages_2026_08_28_21_40_44.json,2.4720290000000005,NPS 8 Mitsue Lateral,Pipeline Modifications,Local receipt point,,,,,5403.1491000000005,observed_max,99.95424836601308,severe,2026-09-19
20216770,181441,OSDA,2026-09-08,2026-09-21,93000.0,Potential impact to FT-D,"Segments 10, 11, and 14",Woodenhouse C3 - Compressor Station Maintenance,outages_2026_08_28_21_40_44.json,3284.2671000000005,Woodenhouse C3,Compressor Station Maintenance,Oil Sands Delivery Area,,10|11|14,LIEG|KIRB|COLD,LIEG|KIRB|COLD,3425.5259000000005,tc_row_base,4.123711340206182,moderate,2026-09-19
-1789797610,181457,RPTA,2026-09-19,2026-09-19,,,,,outages_2026_08_28_21_40_44.json,,,,RPTA,,,,,,observed_max,,unknown,2026-09-19
20216789,181438,USJR,2026-09-08,2026-09-30,378000.0,Potential impact to FT-R,USJR,Alces River - Compressor Station Maintenance,outages_2026_08_28_21_40_44.json,13348.956600000001,Alces River,Compressor Station Maintenance,Upstream James River,Total Receipts,,,,13490.215400000001,tc_row_base,1.0471204188481686,minor,2026-09-19
20216789,181439,WGAT,2026-09-08,2026-10-02,87000.0,No impact to FT-D anticipated,Alberta/BC and Alberta/Montana Borders; Segments 22 and partial 21,Alces River - Compressor Station Maintenance,outages_2026_08_28_21_40_44.json,3072.3789,Alces River,Compressor Station Maintenance,West Gate (AB/BC + AB/MT),Alberta-BC Border Flow,21|22,WGAT|SLAT,WGAT|South Lateral,3143.0083000000004,tc_row_base,2.2471910112359605,minor,2026-09-19
-1790402411,181458,DPTA,2026-09-19,2026-09-26,,,,,outages_2026_08_28_21_40_44.json,,,,DPTA,,,,,,observed_max,,unknown,2026-09-20
20216789,181440,EGAT,2026-09-08,2026-10-02,154000.0,No impact to FT-D anticipated,"Empress/McNeill Borders; Segments 6, 10, 11, 13, 14, 15, 16, 17, 18, 19, 20, partial 21, 23, 24, partial 28",Alces River - Compressor Station Maintenance,outages_2026_08_28_21_40_44.json,5438.4638,Alces River,Compressor Station Maintenance,East Gate (Empress/McNeill),Empress Border Flow|Mcneil Border Flow,6|10|11|13|14|15|16|17|18|19|20|21|23|24|28,MRTN|LIEG|KIRB|REDL|COLD|NLAT|ELAT|ALEG|BLEG|EGAT|MLAT|WGAT|WAIN|JUDY|EDM,MRTN|LIEG|KIRB|REDL|COLD|North Lateral|East Lateral|ALEG|BLEG|EGAT|Mainline Lateral|WGAT|WAIN|JUDY|EDM,5615.037300000001,tc_row_base,3.144654088050325,minor,2026-09-20
19731861,181444,LCLR,2026-09-13,2026-10-08,3788.0,Gold Creek South Summary,,NPS 36 Grande Prairie Mainline - Pipeline Maintenance,outages_2026_08_28_21_40_44.json,133.77208360000003,NPS 36 Grande Prairie Mainline,Pipeline Maintenance,Local receipt point,,,,,5403.1491000000005,observed_max,97.52418300653595,severe,2026-09-20
20721651,181443,LCLR,2026-09-12,2026-09-26,70.0,"Mitsue, Nipisi",,NPS 8 Mitsue Lateral - Pipeline Modifications,outages_2026_08_28_21_40_44.json,2.4720290000000005,NPS 8 Mitsue Lateral,Pipeline Modifications,Local receipt point,,,,,5403.1491000000005,observed_max,99.95424836601308,severe,2026-09-20
20216822,181459,LCLR,2026-09-20,2026-09-26,122000.0,Potential impact to FT-R,Partial Segment 4 (Upstream of Groundbirch),Saturn - Compressor Station Maintenance,outages_2026_08_28_21_40_44.json,4308.393400000001,Saturn,Compressor Station Maintenance,Local receipt point,,4,GRDL,GRDL,5403.1491000000005,observed_max,20.261437908496728,severe,2026-09-20
20216770,181441,OSDA,2026-09-08,2026-09-21,93000.0,Potential impact to FT-D,"Segments 10, 11, and 14",Woodenhouse C3 - Compressor Station Maintenance,outages_2026_08_28_21_40_44.json,3284.2671000000005,Woodenhouse C3,Compressor Station Maintenance,Oil Sands Delivery Area,,10|11|14,LIEG|KIRB|COLD,LIEG|KIRB|COLD,3425.5259000000005,tc_row_base,4.123711340206182,moderate,2026-09-20
-1790488810,181460,RPTA,2026-09-20,2026-09-27,,,,,outages_2026_08_28_21_40_44.json,,,,RPTA,,,,,,observed_max,,unknown,2026-09-20
20216789,181438,USJR,2026-09-08,2026-09-30,378000.0,Potential impact to FT-R,USJR,Alces River - Compressor Station Maintenance,outages_2026_08_28_21_40_44.json,13348.956600000001,Alces River,Compressor Station Maintenance,Upstream James River,Total Receipts,,,,13490.215400000001,tc_row_base,1.0471204188481686,minor,2026-09-20
20216789,181439,WGAT,2026-09-08,2026-10-02,87000.0,No impact to FT-D anticipated,Alberta/BC and Alberta/Montana Borders; Segments 22 and partial 21,Alces River - Compressor Station Maintenance,outages_2026_08_28_21_40_44.json,3072.3789,Alces River,Compressor Station Maintenance,West Gate (AB/BC + AB/MT),Alberta-BC Border Flow,21|22,WGAT|SLAT,WGAT|South Lateral,3143.0083000000004,tc_row_base,2.2471910112359605,minor,2026-09-20
-1790402411,181458,DPTA,2026-09-19,2026-09-26,,,,,outages_2026_08_28_21_40_44.json,,,,DPTA,,,,,,observed_max,,unknown,2026-09-21
20216789,181440,EGAT,2026-09-08,2026-10-02,154000.0,No impact to FT-D anticipated,"Empress/McNeill Borders; Segments 6, 10, 11, 13, 14, 15, 16, 17, 18, 19, 20, partial 21, 23, 24, partial 28",Alces River - Compressor Station Maintenance,outages_2026_08_28_21_40_44.json,5438.4638,Alces River,Compressor Station Maintenance,East Gate (Empress/McNeill),Empress Border Flow|Mcneil Border Flow,6|10|11|13|14|15|16|17|18|19|20|21|23|24|28,MRTN|LIEG|KIRB|REDL|COLD|NLAT|ELAT|ALEG|BLEG|EGAT|MLAT|WGAT|WAIN|JUDY|EDM,MRTN|LIEG|KIRB|REDL|COLD|North Lateral|East Lateral|ALEG|BLEG|EGAT|Mainline Lateral|WGAT|WAIN|JUDY|EDM,5615.037300000001,tc_row_base,3.144654088050325,minor,2026-09-21
20528636,181461,LCLR,2026-09-21,2026-09-21,0.0,Calling Lake West,,Calling Lake West - Meter Station Maintenance,outages_2026_08_28_21_40_44.json,0.0,Calling Lake West,Meter Station Maintenance,Local receipt point,,,,,5403.1491000000005,observed_max,100.0,severe,2026-09-21
20573247,181462,LCLR,2026-09-21,2026-09-26,0.0,Murray Lake,,NPS 10 Etzikom Lateral - Pipeline Modifications,outages_2026_08_28_21_40_44.json,0.0,NPS 10 Etzikom Lateral,Pipeline Modifications,Local receipt point,,,,,5403.1491000000005,observed_max,100.0,severe,2026-09-21
19731861,181444,LCLR,2026-09-13,2026-10-08,3788.0,Gold Creek South Summary,,NPS 36 Grande Prairie Mainline - Pipeline Maintenance,outages_2026_08_28_21_40_44.json,133.77208360000003,NPS 36 Grande Prairie Mainline,Pipeline Maintenance,Local receipt point,,,,,5403.1491000000005,observed_max,97.52418300653595,severe,2026-09-21
20721651,181443,LCLR,2026-09-12,2026-09-26,70.0,"Mitsue, Nipisi",,NPS 8 Mitsue Lateral - Pipeline Modifications,outages_2026_08_28_21_40_44.json,2.4720290000000005,NPS 8 Mitsue Lateral,Pipeline Modifications,Local receipt point,,,,,5403.1491000000005,observed_max,99.95424836601308,severe,2026-09-21
20216822,181459,LCLR,2026-09-20,2026-09-26,122000.0,Potential impact to FT-R,Partial Segment 4 (Upstream of Groundbirch),Saturn - Compressor Station Maintenance,outages_2026_08_28_21_40_44.json,4308.393400000001,Saturn,Compressor Station Maintenance,Local receipt point,,4,GRDL,GRDL,5403.1491000000005,observed_max,20.261437908496728,severe,2026-09-21
20216770,181441,OSDA,2026-09-08,2026-09-21,93000.0,Potential impact to FT-D,"Segments 10, 11, and 14",Woodenhouse C3 - Compressor Station Maintenance,outages_2026_08_28_21_40_44.json,3284.2671000000005,Woodenhouse C3,Compressor Station Maintenance,Oil Sands Delivery Area,,10|11|14,LIEG|KIRB|COLD,LIEG|KIRB|COLD,3425.5259000000005,tc_row_base,4.123711340206182,moderate,2026-09-21
-1790488810,181460,RPTA,2026-09-20,2026-09-27,,,,,outages_2026_08_28_21_40_44.json,,,,RPTA,,,,,,observed_max,,unknown,2026-09-21
20216789,181438,USJR,2026-09-08,2026-09-30,378000.0,Potential impact to FT-R,USJR,Alces River - Compressor Station Maintenance,outages_2026_08_28_21_40_44.json,13348.956600000001,Alces River,Compressor Station Maintenance,Upstream James River,Total Receipts,,,,13490.215400000001,tc_row_base,1.0471204188481686,minor,2026-09-21
20216789,181439,WGAT,2026-09-08,2026-10-02,87000.0,No impact to FT-D anticipated,Alberta/BC and Alberta/Montana Borders; Segments 22 and partial 21,Alces River - Compressor Station Maintenance,outages_2026_08_28_21_40_44.json,3072.3789,Alces River,Compressor Station Maintenance,West Gate (AB/BC + AB/MT),Alberta-BC Border Flow,21|22,WGAT|SLAT,WGAT|South Lateral,3143.0083000000004,tc_row_base,2.2471910112359605,minor,2026-09-21
-1790402411,181458,DPTA,2026-09-19,2026-09-26,,,,,outages_2026_08_28_21_40_44.json,,,,DPTA,,,,,,observed_max,,unknown,2026-09-22
20216789,181440,EGAT,2026-09-08,2026-10-02,154000.0,No impact to FT-D anticipated,"Empress/McNeill Borders; Segments 6, 10, 11, 13, 14, 15, 16, 17, 18, 19, 20, partial 21, 23, 24, partial 28",Alces River - Compressor Station Maintenance,outages_2026_08_28_21_40_44.json,5438.4638,Alces River,Compressor Station Maintenance,East Gate (Empress/McNeill),Empress Border Flow|Mcneil Border Flow,6|10|11|13|14|15|16|17|18|19|20|21|23|24|28,MRTN|LIEG|KIRB|REDL|COLD|NLAT|ELAT|ALEG|BLEG|EGAT|MLAT|WGAT|WAIN|JUDY|EDM,MRTN|LIEG|KIRB|REDL|COLD|North Lateral|East Lateral|ALEG|BLEG|EGAT|Mainline Lateral|WGAT|WAIN|JUDY|EDM,5615.037300000001,tc_row_base,3.144654088050325,minor,2026-09-22
20218699,181466,EGAT,2026-09-22,2026-09-25,148000.0,No impact to FT-D anticipated,"Empress/McNeill Borders; Segments 6, 10, 11, 13, 14, 15, 16, 17, 18, 19, 20, partial 21, 23, 24, partial 28",Otter Lake - Compressor Station Maintenance,outages_2026_08_28_21_40_44.json,5226.575600000001,Otter Lake,Compressor Station Maintenance,East Gate (Empress/McNeill),Empress Border Flow|Mcneil Border Flow,6|10|11|13|14|15|16|17|18|19|20|21|23|24|28,MRTN|LIEG|KIRB|REDL|COLD|NLAT|ELAT|ALEG|BLEG|EGAT|MLAT|WGAT|WAIN|JUDY|EDM,MRTN|LIEG|KIRB|REDL|COLD|North Lateral|East Lateral|ALEG|BLEG|EGAT|Mainline Lateral|WGAT|WAIN|JUDY|EDM,5615.037300000001,tc_row_base,6.91823899371069,moderate,2026-09-22
20685900,181464,LCLR,2026-09-22,2026-09-22,0.0,Medicine Hat NW,,Medicine Hat NW - Meter Station Maintenance,outages_2026_08_28_21_40_44.json,0.0,Medicine Hat NW,Meter Station Maintenance,Local receipt point,,,,,5403.1491000000005,observed_max,100.0,severe,2026-09-22
20573247,181462,LCLR,2026-09-21,2026-09-26,0.0,Murray Lake,,NPS 10 Etzikom Lateral - Pipeline Modifications,outages_2026_08_28_21_40_44.json,0.0,NPS 10 Etzikom Lateral,Pipeline Modifications,Local receipt point,,,,,5403.1491000000005,observed_max,100.0,severe,2026-09-22
19731861,181444,LCLR,2026-09-13,2026-10-08,3788.0,Gold Creek South Summary,,NPS 36 Grande Prairie Mainline - Pipeline Maintenance,outages_2026_08_28_21_40_44.json,133.77208360000003,NPS 36 Grande Prairie Mainline,Pipeline Maintenance,Local receipt point,,,,,5403.1491000000005,observed_max,97.52418300653595,severe,2026-09-22
20721651,181443,LCLR,2026-09-12,2026-09-26,70.0,"Mitsue, Nipisi",,NPS 8 Mitsue Lateral - Pipeline Modifications,outages_2026_08_28_21_40_44.json,2.4720290000000005,NPS 8 Mitsue Lateral,Pipeline Modifications,Local receipt point,,,,,5403.1491000000005,observed_max,99.95424836601308,severe,2026-09-22
20216822,181459,LCLR,2026-09-20,2026-09-26,122000.0,Potential impact to FT-R,Partial Segment 4 (Upstream of Groundbirch),Saturn - Compressor Station Maintenance,outages_2026_08_28_21_40_44.json,4308.393400000001,Saturn,Compressor Station Maintenance,Local receipt point,,4,GRDL,GRDL,5403.1491000000005,observed_max,20.261437908496728,severe,2026-09-22
20218699,181467,NEDA,2026-09-22,2026-09-25,114000.0,Potential impact to FT-D,"Segments 6, 10, 11, 13, 14, 15, 16, 23, 24, and partial 28; Typical Flow: 85000-115000",Otter Lake - Compressor Station Maintenance,outages_2026_08_28_21_40_44.json,4025.8758000000007,Otter Lake,Compressor Station Maintenance,North East Delivery Area,,6|10|11|13|14|15|16|23|24|28,MRTN|LIEG|KIRB|REDL|COLD|NLAT|ELAT|WAIN|JUDY|EDM,MRTN|LIEG|KIRB|REDL|COLD|North Lateral|East Lateral|WAIN|JUDY|EDM,4025.8758000000007,observed_max,0.0,minor,2026-09-22
20218699,181468,OSDA,2026-09-22,2026-09-25,92000.0,Potential impact to FT-D,"Segments 10, 11, and 14",Otter Lake - Compressor Station Maintenance,outages_2026_08_28_21_40_44.json,3248.9524000000006,Otter Lake,Compressor Station Maintenance,Oil Sands Delivery Area,,10|11|14,LIEG|KIRB|COLD,LIEG|KIRB|COLD,3425.5259000000005,tc_row_base,5.154639175257724,moderate,2026-09-22
-1790488810,181460,RPTA,2026-09-20,2026-09-27,,,,,outages_2026_08_28_21_40_44.json,,,,RPTA,,,,,,observed_max,,unknown,2026-09-22
20216789,181438,USJR,2026-09-08,2026-09-30,378000.0,Potential impact to FT-R,USJR,Alces River - Compressor Station Maintenance,outages_2026_08_28_21_40_44.json,13348.956600000001,Alces River,Compressor Station Maintenance,Upstream James River,Total Receipts,,,,13490.215400000001,tc_row_base,1.0471204188481686,minor,2026-09-22
20218699,181463,USJR,2026-09-22,2026-09-25,370000.0,Potential impact to FT-R,USJR,Otter Lake - Compressor Station Maintenance,outages_2026_08_28_21_40_44.json,13066.439000000002,Otter Lake,Compressor Station Maintenance,Upstream James River,Total Receipts,,,,13490.215400000001,tc_row_base,3.141361256544495,minor,2026-09-22
20216789,181439,WGAT,2026-09-08,2026-10-02,87000.0,No impact to FT-D anticipated,Alberta/BC and Alberta/Montana Borders; Segments 22 and partial 21,Alces River - Compressor Station Maintenance,outages_2026_08_28_21_40_44.json,3072.3789,Alces River,Compressor Station Maintenance,West Gate (AB/BC + AB/MT),Alberta-BC Border Flow,21|22,WGAT|SLAT,WGAT|South Lateral,3143.0083000000004,tc_row_base,2.2471910112359605,minor,2026-09-22
20218699,181465,WGAT,2026-09-22,2026-09-25,87000.0,No impact to FT-D anticipated,Alberta/BC and Alberta/Montana Borders; Segments 22 and partial 21,Otter Lake - Compressor Station Maintenance,outages_2026_08_28_21_40_44.json,3072.3789,Otter Lake,Compressor Station Maintenance,West Gate (AB/BC + AB/MT),Alberta-BC Border Flow,21|22,WGAT|SLAT,WGAT|South Lateral,3143.0083000000004,tc_row_base,2.2471910112359605,minor,2026-09-22
-1790402411,181458,DPTA,2026-09-19,2026-09-26,,,,,outages_2026_08_28_21_40_44.json,,,,DPTA,,,,,,observed_max,,unknown,2026-09-23
20216789,181440,EGAT,2026-09-08,2026-10-02,154000.0,No impact to FT-D anticipated,"Empress/McNeill Borders; Segments 6, 10, 11, 13, 14, 15, 16, 17, 18, 19, 20, partial 21, 23, 24, partial 28",Alces River - Compressor Station Maintenance,outages_2026_08_28_21_40_44.json,5438.4638,Alces River,Compressor Station Maintenance,East Gate (Empress/McNeill),Empress Border Flow|Mcneil Border Flow,6|10|11|13|14|15|16|17|18|19|20|21|23|24|28,MRTN|LIEG|KIRB|REDL|COLD|NLAT|ELAT|ALEG|BLEG|EGAT|MLAT|WGAT|WAIN|JUDY|EDM,MRTN|LIEG|KIRB|REDL|COLD|North Lateral|East Lateral|ALEG|BLEG|EGAT|Mainline Lateral|WGAT|WAIN|JUDY|EDM,5615.037300000001,tc_row_base,3.144654088050325,minor,2026-09-23
20218699,181466,EGAT,2026-09-22,2026-09-25,148000.0,No impact to FT-D anticipated,"Empress/McNeill Borders; Segments 6, 10, 11, 13, 14, 15, 16, 17, 18, 19, 20, partial 21, 23, 24, partial 28",Otter Lake - Compressor Station Maintenance,outages_2026_08_28_21_40_44.json,5226.575600000001,Otter Lake,Compressor Station Maintenance,East Gate (Empress/McNeill),Empress Border Flow|Mcneil Border Flow,6|10|11|13|14|15|16|17|18|19|20|21|23|24|28,MRTN|LIEG|KIRB|REDL|COLD|NLAT|ELAT|ALEG|BLEG|EGAT|MLAT|WGAT|WAIN|JUDY|EDM,MRTN|LIEG|KIRB|REDL|COLD|North Lateral|East Lateral|ALEG|BLEG|EGAT|Mainline Lateral|WGAT|WAIN|JUDY|EDM,5615.037300000001,tc_row_base,6.91823899371069,moderate,2026-09-23
20691964,181471,LCLD,2026-09-23,2026-09-23,0.0,Aeco C Sales,,Aeco C Sales - Meter Station Maintenance,outages_2026_08_28_21_40_44.json,0.0,Aeco C Sales,Meter Station Maintenance,Local delivery point,,,,,0.0,observed_max,,unknown,2026-09-23
20726307,181472,LCLD,2026-09-23,2026-09-23,0.0,Whitesands Sales,,Whitesands Sales - Meter Station Maintenance,outages_2026_08_28_21_40_44.json,0.0,Whitesands Sales,Meter Station Maintenance,Local delivery point,,,,,0.0,observed_max,,unknown,2026-09-23
20691966,181469,LCLR,2026-09-23,2026-09-23,0.0,Aeco C,,Aeco C - Meter Station Maintenance,outages_2026_08_28_21_40_44.json,0.0,Aeco C,Meter Station Maintenance,Local receipt point,,,,,5403.1491000000005,observed_max,100.0,severe,2026-09-23
20561684,181470,LCLR,2026-09-23,2026-09-23,0.0,Butte,,Butte - Meter Station Maintenance,outages_2026_08_28_21_40_44.json,0.0,Butte,Meter Station Maintenance,Local receipt point,,,,,5403.1491000000005,observed_max,100.0,severe,2026-09-23
20573247,181462,LCLR,2026-09-21,2026-09-26,0.0,Murray Lake,,NPS 10 Etzikom Lateral - Pipeline Modifications,outages_2026_08_28_21_40_44.json,0.0,NPS 10 Etzikom Lateral,Pipeline Modifications,Local receipt point,,,,,5403.1491000000005,observed_max,100.0,severe,2026-09-23
19731861,181444,LCLR,2026-09-13,2026-10-08,3788.0,Gold Creek South Summary,,NPS 36 Grande Prairie Mainline - Pipeline Maintenance,outages_2026_08_28_21_40_44.json,133.77208360000003,NPS 36 Grande Prairie Mainline,Pipeline Maintenance,Local receipt point,,,,,5403.1491000000005,observed_max,97.52418300653595,severe,2026-09-23
20721651,181443,LCLR,2026-09-12,2026-09-26,70.0,"Mitsue, Nipisi",,NPS 8 Mitsue Lateral - Pipeline Modifications,outages_2026_08_28_21_40_44.json,2.4720290000000005,NPS 8 Mitsue Lateral,Pipeline Modifications,Local receipt point,,,,,5403.1491000000005,observed_max,99.95424836601308,severe,2026-09-23
20216822,181459,LCLR,2026-09-20,2026-09-26,122000.0,Potential impact to FT-R,Partial Segment 4 (Upstream of Groundbirch),Saturn - Compressor Station Maintenance,outages_2026_08_28_21_40_44.json,4308.393400000001,Saturn,Compressor Station Maintenance,Local receipt point,,4,GRDL,GRDL,5403.1491000000005,observed_max,20.261437908496728,severe,2026-09-23
20218699,181467,NEDA,2026-09-22,2026-09-25,114000.0,Potential impact to FT-D,"Segments 6, 10, 11, 13, 14, 15, 16, 23, 24, and partial 28; Typical Flow: 85000-115000",Otter Lake - Compressor Station Maintenance,outages_2026_08_28_21_40_44.json,4025.8758000000007,Otter Lake,Compressor Station Maintenance,North East Delivery Area,,6|10|11|13|14|15|16|23|24|28,MRTN|LIEG|KIRB|REDL|COLD|NLAT|ELAT|WAIN|JUDY|EDM,MRTN|LIEG|KIRB|REDL|COLD|North Lateral|East Lateral|WAIN|JUDY|EDM,4025.8758000000007,observed_max,0.0,minor,2026-09-23
20218699,181468,OSDA,2026-09-22,2026-09-25,92000.0,Potential impact to FT-D,"Segments 10, 11, and 14",Otter Lake - Compressor Station Maintenance,outages_2026_08_28_21_40_44.json,3248.9524000000006,Otter Lake,Compressor Station Maintenance,Oil Sands Delivery Area,,10|11|14,LIEG|KIRB|COLD,LIEG|KIRB|COLD,3425.5259000000005,tc_row_base,5.154639175257724,moderate,2026-09-23
-1790488810,181460,RPTA,2026-09-20,2026-09-27,,,,,outages_2026_08_28_21_40_44.json,,,,RPTA,,,,,,observed_max,,unknown,2026-09-23
20216789,181438,USJR,2026-09-08,2026-09-30,378000.0,Potential impact to FT-R,USJR,Alces River - Compressor Station Maintenance,outages_2026_08_28_21_40_44.json,13348.956600000001,Alces River,Compressor Station Maintenance,Upstream James River,Total Receipts,,,,13490.215400000001,tc_row_base,1.0471204188481686,minor,2026-09-23
20218699,181463,USJR,2026-09-22,2026-09-25,370000.0,Potential impact to FT-R,USJR,Otter Lake - Compressor Station Maintenance,outages_2026_08_28_21_40_44.json,13066.439000000002,Otter Lake,Compressor Station Maintenance,Upstream James River,Total Receipts,,,,13490.215400000001,tc_row_base,3.141361256544495,minor,2026-09-23
20216789,181439,WGAT,2026-09-08,2026-10-02,87000.0,No impact to FT-D anticipated,Alberta/BC and Alberta/Montana Borders; Segments 22 and partial 21,Alces River - Compressor Station Maintenance,outages_2026_08_28_21_40_44.json,3072.3789,Alces River,Compressor Station Maintenance,West Gate (AB/BC + AB/MT),Alberta-BC Border Flow,21|22,WGAT|SLAT,WGAT|South Lateral,3143.0083000000004,tc_row_base,2.2471910112359605,minor,2026-09-23
20218699,181465,WGAT,2026-09-22,2026-09-25,87000.0,No impact to FT-D anticipated,Alberta/BC and Alberta/Montana Borders; Segments 22 and partial 21,Otter Lake - Compressor Station Maintenance,outages_2026_08_28_21_40_44.json,3072.3789,Otter Lake,Compressor Station Maintenance,West Gate (AB/BC + AB/MT),Alberta-BC Border Flow,21|22,WGAT|SLAT,WGAT|South Lateral,3143.0083000000004,tc_row_base,2.2471910112359605,minor,2026-09-23
-1790402411,181458,DPTA,2026-09-19,2026-09-26,,,,,outages_2026_08_28_21_40_44.json,,,,DPTA,,,,,,observed_max,,unknown,2026-09-24
20216789,181440,EGAT,2026-09-08,2026-10-02,154000.0,No impact to FT-D anticipated,"Empress/McNeill Borders; Segments 6, 10, 11, 13, 14, 15, 16, 17, 18, 19, 20, partial 21, 23, 24, partial 28",Alces River - Compressor Station Maintenance,outages_2026_08_28_21_40_44.json,5438.4638,Alces River,Compressor Station Maintenance,East Gate (Empress/McNeill),Empress Border Flow|Mcneil Border Flow,6|10|11|13|14|15|16|17|18|19|20|21|23|24|28,MRTN|LIEG|KIRB|REDL|COLD|NLAT|ELAT|ALEG|BLEG|EGAT|MLAT|WGAT|WAIN|JUDY|EDM,MRTN|LIEG|KIRB|REDL|COLD|North Lateral|East Lateral|ALEG|BLEG|EGAT|Mainline Lateral|WGAT|WAIN|JUDY|EDM,5615.037300000001,tc_row_base,3.144654088050325,minor,2026-09-24
20218699,181466,EGAT,2026-09-22,2026-09-25,148000.0,No impact to FT-D anticipated,"Empress/McNeill Borders; Segments 6, 10, 11, 13, 14, 15, 16, 17, 18, 19, 20, partial 21, 23, 24, partial 28",Otter Lake - Compressor Station Maintenance,outages_2026_08_28_21_40_44.json,5226.575600000001,Otter Lake,Compressor Station Maintenance,East Gate (Empress/McNeill),Empress Border Flow|Mcneil Border Flow,6|10|11|13|14|15|16|17|18|19|20|21|23|24|28,MRTN|LIEG|KIRB|REDL|COLD|NLAT|ELAT|ALEG|BLEG|EGAT|MLAT|WGAT|WAIN|JUDY|EDM,MRTN|LIEG|KIRB|REDL|COLD|North Lateral|East Lateral|ALEG|BLEG|EGAT|Mainline Lateral|WGAT|WAIN|JUDY|EDM,5615.037300000001,tc_row_base,6.91823899371069,moderate,2026-09-24
20573247,181462,LCLR,2026-09-21,2026-09-26,0.0,Murray Lake,,NPS 10 Etzikom Lateral - Pipeline Modifications,outages_2026_08_28_21_40_44.json,0.0,NPS 10 Etzikom Lateral,Pipeline Modifications,Local receipt point,,,,,5403.1491000000005,observed_max,100.0,severe,2026-09-24
19731861,181444,LCLR,2026-09-13,2026-10-08,3788.0,Gold Creek South Summary,,NPS 36 Grande Prairie Mainline - Pipeline Maintenance,outages_2026_08_28_21_40_44.json,133.77208360000003,NPS 36 Grande Prairie Mainline,Pipeline Maintenance,Local receipt point,,,,,5403.1491000000005,observed_max,97.52418300653595,severe,2026-09-24
20721651,181443,LCLR,2026-09-12,2026-09-26,70.0,"Mitsue, Nipisi",,NPS 8 Mitsue Lateral - Pipeline Modifications,outages_2026_08_28_21_40_44.json,2.4720290000000005,NPS 8 Mitsue Lateral,Pipeline Modifications,Local receipt point,,,,,5403.1491000000005,observed_max,99.95424836601308,severe,2026-09-24
20216822,181459,LCLR,2026-09-20,2026-09-26,122000.0,Potential impact to FT-R,Partial Segment 4 (Upstream of Groundbirch),Saturn - Compressor Station Maintenance,outages_2026_08_28_21_40_44.json,4308.393400000001,Saturn,Compressor Station Maintenance,Local receipt point,,4,GRDL,GRDL,5403.1491000000005,observed_max,20.261437908496728,severe,2026-09-24
20218699,181467,NEDA,2026-09-22,2026-09-25,114000.0,Potential impact to FT-D,"Segments 6, 10, 11, 13, 14, 15, 16, 23, 24, and partial 28; Typical Flow: 85000-115000",Otter Lake - Compressor Station Maintenance,outages_2026_08_28_21_40_44.json,4025.8758000000007,Otter Lake,Compressor Station Maintenance,North East Delivery Area,,6|10|11|13|14|15|16|23|24|28,MRTN|LIEG|KIRB|REDL|COLD|NLAT|ELAT|WAIN|JUDY|EDM,MRTN|LIEG|KIRB|REDL|COLD|North Lateral|East Lateral|WAIN|JUDY|EDM,4025.8758000000007,observed_max,0.0,minor,2026-09-24
20218699,181468,OSDA,2026-09-22,2026-09-25,92000.0,Potential impact to FT-D,"Segments 10, 11, and 14",Otter Lake - Compressor Station Maintenance,outages_2026_08_28_21_40_44.json,3248.9524000000006,Otter Lake,Compressor Station Maintenance,Oil Sands Delivery Area,,10|11|14,LIEG|KIRB|COLD,LIEG|KIRB|COLD,3425.5259000000005,tc_row_base,5.154639175257724,moderate,2026-09-24
-1790488810,181460,RPTA,2026-09-20,2026-09-27,,,,,outages_2026_08_28_21_40_44.json,,,,RPTA,,,,,,observed_max,,unknown,2026-09-24
20216789,181438,USJR,2026-09-08,2026-09-30,378000.0,Potential impact to FT-R,USJR,Alces River - Compressor Station Maintenance,outages_2026_08_28_21_40_44.json,13348.956600000001,Alces River,Compressor Station Maintenance,Upstream James River,Total Receipts,,,,13490.215400000001,tc_row_base,1.0471204188481686,minor,2026-09-24
20218699,181463,USJR,2026-09-22,2026-09-25,370000.0,Potential impact to FT-R,USJR,Otter Lake - Compressor Station Maintenance,outages_2026_08_28_21_40_44.json,13066.439000000002,Otter Lake,Compressor Station Maintenance,Upstream James River,Total Receipts,,,,13490.215400000001,tc_row_base,3.141361256544495,minor,2026-09-24
20216789,181439,WGAT,2026-09-08,2026-10-02,87000.0,No impact to FT-D anticipated,Alberta/BC and Alberta/Montana Borders; Segments 22 and partial 21,Alces River - Compressor Station Maintenance,outages_2026_08_28_21_40_44.json,3072.3789,Alces River,Compressor Station Maintenance,West Gate (AB/BC + AB/MT),Alberta-BC Border Flow,21|22,WGAT|SLAT,WGAT|South Lateral,3143.0083000000004,tc_row_base,2.2471910112359605,minor,2026-09-24
20218699,181465,WGAT,2026-09-22,2026-09-25,87000.0,No impact to FT-D anticipated,Alberta/BC and Alberta/Montana Borders; Segments 22 and partial 21,Otter Lake - Compressor Station Maintenance,outages_2026_08_28_21_40_44.json,3072.3789,Otter Lake,Compressor Station Maintenance,West Gate (AB/BC + AB/MT),Alberta-BC Border Flow,21|22,WGAT|SLAT,WGAT|South Lateral,3143.0083000000004,tc_row_base,2.2471910112359605,minor,2026-09-24
-1790402411,181458,DPTA,2026-09-19,2026-09-26,,,,,outages_2026_08_28_21_40_44.json,,,,DPTA,,,,,,observed_max,,unknown,2026-09-25
20216789,181440,EGAT,2026-09-08,2026-10-02,154000.0,No impact to FT-D anticipated,"Empress/McNeill Borders; Segments 6, 10, 11, 13, 14, 15, 16, 17, 18, 19, 20, partial 21, 23, 24, partial 28",Alces River - Compressor Station Maintenance,outages_2026_08_28_21_40_44.json,5438.4638,Alces River,Compressor Station Maintenance,East Gate (Empress/McNeill),Empress Border Flow|Mcneil Border Flow,6|10|11|13|14|15|16|17|18|19|20|21|23|24|28,MRTN|LIEG|KIRB|REDL|COLD|NLAT|ELAT|ALEG|BLEG|EGAT|MLAT|WGAT|WAIN|JUDY|EDM,MRTN|LIEG|KIRB|REDL|COLD|North Lateral|East Lateral|ALEG|BLEG|EGAT|Mainline Lateral|WGAT|WAIN|JUDY|EDM,5615.037300000001,tc_row_base,3.144654088050325,minor,2026-09-25
20218699,181466,EGAT,2026-09-22,2026-09-25,148000.0,No impact to FT-D anticipated,"Empress/McNeill Borders; Segments 6, 10, 11, 13, 14, 15, 16, 17, 18, 19, 20, partial 21, 23, 24, partial 28",Otter Lake - Compressor Station Maintenance,outages_2026_08_28_21_40_44.json,5226.575600000001,Otter Lake,Compressor Station Maintenance,East Gate (Empress/McNeill),Empress Border Flow|Mcneil Border Flow,6|10|11|13|14|15|16|17|18|19|20|21|23|24|28,MRTN|LIEG|KIRB|REDL|COLD|NLAT|ELAT|ALEG|BLEG|EGAT|MLAT|WGAT|WAIN|JUDY|EDM,MRTN|LIEG|KIRB|REDL|COLD|North Lateral|East Lateral|ALEG|BLEG|EGAT|Mainline Lateral|WGAT|WAIN|JUDY|EDM,5615.037300000001,tc_row_base,6.91823899371069,moderate,2026-09-25
20573247,181462,LCLR,2026-09-21,2026-09-26,0.0,Murray Lake,,NPS 10 Etzikom Lateral - Pipeline Modifications,outages_2026_08_28_21_40_44.json,0.0,NPS 10 Etzikom Lateral,Pipeline Modifications,Local receipt point,,,,,5403.1491000000005,observed_max,100.0,severe,2026-09-25
19731861,181444,LCLR,2026-09-13,2026-10-08,3788.0,Gold Creek South Summary,,NPS 36 Grande Prairie Mainline - Pipeline Maintenance,outages_2026_08_28_21_40_44.json,133.77208360000003,NPS 36 Grande Prairie Mainline,Pipeline Maintenance,Local receipt point,,,,,5403.1491000000005,observed_max,97.52418300653595,severe,2026-09-25
20721651,181443,LCLR,2026-09-12,2026-09-26,70.0,"Mitsue, Nipisi",,NPS 8 Mitsue Lateral - Pipeline Modifications,outages_2026_08_28_21_40_44.json,2.4720290000000005,NPS 8 Mitsue Lateral,Pipeline Modifications,Local receipt point,,,,,5403.1491000000005,observed_max,99.95424836601308,severe,2026-09-25
20216822,181459,LCLR,2026-09-20,2026-09-26,122000.0,Potential impact to FT-R,Partial Segment 4 (Upstream of Groundbirch),Saturn - Compressor Station Maintenance,outages_2026_08_28_21_40_44.json,4308.393400000001,Saturn,Compressor Station Maintenance,Local receipt point,,4,GRDL,GRDL,5403.1491000000005,observed_max,20.261437908496728,severe,2026-09-25
20218699,181467,NEDA,2026-09-22,2026-09-25,114000.0,Potential impact to FT-D,"Segments 6, 10, 11, 13, 14, 15, 16, 23, 24, and partial 28; Typical Flow: 85000-115000",Otter Lake - Compressor Station Maintenance,outages_2026_08_28_21_40_44.json,4025.8758000000007,Otter Lake,Compressor Station Maintenance,North East Delivery Area,,6|10|11|13|14|15|16|23|24|28,MRTN|LIEG|KIRB|REDL|COLD|NLAT|ELAT|WAIN|JUDY|EDM,MRTN|LIEG|KIRB|REDL|COLD|North Lateral|East Lateral|WAIN|JUDY|EDM,4025.8758000000007,observed_max,0.0,minor,2026-09-25
20218699,181468,OSDA,2026-09-22,2026-09-25,92000.0,Potential impact to FT-D,"Segments 10, 11, and 14",Otter Lake - Compressor Station Maintenance,outages_2026_08_28_21_40_44.json,3248.9524000000006,Otter Lake,Compressor Station Maintenance,Oil Sands Delivery Area,,10|11|14,LIEG|KIRB|COLD,LIEG|KIRB|COLD,3425.5259000000005,tc_row_base,5.154639175257724,moderate,2026-09-25
-1790488810,181460,RPTA,2026-09-20,2026-09-27,,,,,outages_2026_08_28_21_40_44.json,,,,RPTA,,,,,,observed_max,,unknown,2026-09-25
20216789,181438,USJR,2026-09-08,2026-09-30,378000.0,Potential impact to FT-R,USJR,Alces River - Compressor Station Maintenance,outages_2026_08_28_21_40_44.json,13348.956600000001,Alces River,Compressor Station Maintenance,Upstream James River,Total Receipts,,,,13490.215400000001,tc_row_base,1.0471204188481686,minor,2026-09-25
20218699,181463,USJR,2026-09-22,2026-09-25,370000.0,Potential impact to FT-R,USJR,Otter Lake - Compressor Station Maintenance,outages_2026_08_28_21_40_44.json,13066.439000000002,Otter Lake,Compressor Station Maintenance,Upstream James River,Total Receipts,,,,13490.215400000001,tc_row_base,3.141361256544495,minor,2026-09-25
20216789,181439,WGAT,2026-09-08,2026-10-02,87000.0,No impact to FT-D anticipated,Alberta/BC and Alberta/Montana Borders; Segments 22 and partial 21,Alces River - Compressor Station Maintenance,outages_2026_08_28_21_40_44.json,3072.3789,Alces River,Compressor Station Maintenance,West Gate (AB/BC + AB/MT),Alberta-BC Border Flow,21|22,WGAT|SLAT,WGAT|South Lateral,3143.0083000000004,tc_row_base,2.2471910112359605,minor,2026-09-25
20218699,181465,WGAT,2026-09-22,2026-09-25,87000.0,No impact to FT-D anticipated,Alberta/BC and Alberta/Montana Borders; Segments 22 and partial 21,Otter Lake - Compressor Station Maintenance,outages_2026_08_28_21_40_44.json,3072.3789,Otter Lake,Compressor Station Maintenance,West Gate (AB/BC + AB/MT),Alberta-BC Border Flow,21|22,WGAT|SLAT,WGAT|South Lateral,3143.0083000000004,tc_row_base,2.2471910112359605,minor,2026-09-25
-1790402411,181458,DPTA,2026-09-19,2026-09-26,,,,,outages_2026_08_28_21_40_44.json,,,,DPTA,,,,,,observed_max,,unknown,2026-09-26
20216789,181440,EGAT,2026-09-08,2026-10-02,154000.0,No impact to FT-D anticipated,"Empress/McNeill Borders; Segments 6, 10, 11, 13, 14, 15, 16, 17, 18, 19, 20, partial 21, 23, 24, partial 28",Alces River - Compressor Station Maintenance,outages_2026_08_28_21_40_44.json,5438.4638,Alces River,Compressor Station Maintenance,East Gate (Empress/McNeill),Empress Border Flow|Mcneil Border Flow,6|10|11|13|14|15|16|17|18|19|20|21|23|24|28,MRTN|LIEG|KIRB|REDL|COLD|NLAT|ELAT|ALEG|BLEG|EGAT|MLAT|WGAT|WAIN|JUDY|EDM,MRTN|LIEG|KIRB|REDL|COLD|North Lateral|East Lateral|ALEG|BLEG|EGAT|Mainline Lateral|WGAT|WAIN|JUDY|EDM,5615.037300000001,tc_row_base,3.144654088050325,minor,2026-09-26
20573247,181462,LCLR,2026-09-21,2026-09-26,0.0,Murray Lake,,NPS 10 Etzikom Lateral - Pipeline Modifications,outages_2026_08_28_21_40_44.json,0.0,NPS 10 Etzikom Lateral,Pipeline Modifications,Local receipt point,,,,,5403.1491000000005,observed_max,100.0,severe,2026-09-26
19731861,181444,LCLR,2026-09-13,2026-10-08,3788.0,Gold Creek South Summary,,NPS 36 Grande Prairie Mainline - Pipeline Maintenance,outages_2026_08_28_21_40_44.json,133.77208360000003,NPS 36 Grande Prairie Mainline,Pipeline Maintenance,Local receipt point,,,,,5403.1491000000005,observed_max,97.52418300653595,severe,2026-09-26
20721651,181443,LCLR,2026-09-12,2026-09-26,70.0,"Mitsue, Nipisi",,NPS 8 Mitsue Lateral - Pipeline Modifications,outages_2026_08_28_21_40_44.json,2.4720290000000005,NPS 8 Mitsue Lateral,Pipeline Modifications,Local receipt point,,,,,5403.1491000000005,observed_max,99.95424836601308,severe,2026-09-26
20216822,181459,LCLR,2026-09-20,2026-09-26,122000.0,Potential impact to FT-R,Partial Segment 4 (Upstream of Groundbirch),Saturn - Compressor Station Maintenance,outages_2026_08_28_21_40_44.json,4308.393400000001,Saturn,Compressor Station Maintenance,Local receipt point,,4,GRDL,GRDL,5403.1491000000005,observed_max,20.261437908496728,severe,2026-09-26
-1790488810,181460,RPTA,2026-09-20,2026-09-27,,,,,outages_2026_08_28_21_40_44.json,,,,RPTA,,,,,,observed_max,,unknown,2026-09-26
20216789,181438,USJR,2026-09-08,2026-09-30,378000.0,Potential impact to FT-R,USJR,Alces River - Compressor Station Maintenance,outages_2026_08_28_21_40_44.json,13348.956600000001,Alces River,Compressor Station Maintenance,Upstream James River,Total Receipts,,,,13490.215400000001,tc_row_base,1.0471204188481686,minor,2026-09-26
20216789,181439,WGAT,2026-09-08,2026-10-02,87000.0,No impact to FT-D anticipated,Alberta/BC and Alberta/Montana Borders; Segments 22 and partial 21,Alces River - Compressor Station Maintenance,outages_2026_08_28_21_40_44.json,3072.3789,Alces River,Compressor Station Maintenance,West Gate (AB/BC + AB/MT),Alberta-BC Border Flow,21|22,WGAT|SLAT,WGAT|South Lateral,3143.0083000000004,tc_row_base,2.2471910112359605,minor,2026-09-26
-1790748011,181473,DPTA,2026-09-27,2026-09-30,,,,,outages_2026_08_28_21_40_44.json,,,,DPTA,,,,,,observed_max,,unknown,2026-09-27
20216789,181440,EGAT,2026-09-08,2026-10-02,154000.0,No impact to FT-D anticipated,"Empress/McNeill Borders; Segments 6, 10, 11, 13, 14, 15, 16, 17, 18, 19, 20, partial 21, 23, 24, partial 28",Alces River - Compressor Station Maintenance,outages_2026_08_28_21_40_44.json,5438.4638,Alces River,Compressor Station Maintenance,East Gate (Empress/McNeill),Empress Border Flow|Mcneil Border Flow,6|10|11|13|14|15|16|17|18|19|20|21|23|24|28,MRTN|LIEG|KIRB|REDL|COLD|NLAT|ELAT|ALEG|BLEG|EGAT|MLAT|WGAT|WAIN|JUDY|EDM,MRTN|LIEG|KIRB|REDL|COLD|North Lateral|East Lateral|ALEG|BLEG|EGAT|Mainline Lateral|WGAT|WAIN|JUDY|EDM,5615.037300000001,tc_row_base,3.144654088050325,minor,2026-09-27
19731861,181444,LCLR,2026-09-13,2026-10-08,3788.0,Gold Creek South Summary,,NPS 36 Grande Prairie Mainline - Pipeline Maintenance,outages_2026_08_28_21_40_44.json,133.77208360000003,NPS 36 Grande Prairie Mainline,Pipeline Maintenance,Local receipt point,,,,,5403.1491000000005,observed_max,97.52418300653595,severe,2026-09-27
-1790488810,181460,RPTA,2026-09-20,2026-09-27,,,,,outages_2026_08_28_21_40_44.json,,,,RPTA,,,,,,observed_max,,unknown,2026-09-27
20216789,181438,USJR,2026-09-08,2026-09-30,378000.0,Potential impact to FT-R,USJR,Alces River - Compressor Station Maintenance,outages_2026_08_28_21_40_44.json,13348.956600000001,Alces River,Compressor Station Maintenance,Upstream James River,Total Receipts,,,,13490.215400000001,tc_row_base,1.0471204188481686,minor,2026-09-27
20216789,181439,WGAT,2026-09-08,2026-10-02,87000.0,No impact to FT-D anticipated,Alberta/BC and Alberta/Montana Borders; Segments 22 and partial 21,Alces River - Compressor Station Maintenance,outages_2026_08_28_21_40_44.json,3072.3789,Alces River,Compressor Station Maintenance,West Gate (AB/BC + AB/MT),Alberta-BC Border Flow,21|22,WGAT|SLAT,WGAT|South Lateral,3143.0083000000004,tc_row_base,2.2471910112359605,minor,2026-09-27
-1790748011,181473,DPTA,2026-09-27,2026-09-30,,,,,outages_2026_08_28_21_40_44.json,,,,DPTA,,,,,,observed_max,,unknown,2026-09-28
20216789,181440,EGAT,2026-09-08,2026-10-02,154000.0,No impact to FT-D anticipated,"Empress/McNeill Borders; Segments 6, 10, 11, 13, 14, 15, 16, 17, 18, 19, 20, partial 21, 23, 24, partial 28",Alces River - Compressor Station Maintenance,outages_2026_08_28_21_40_44.json,5438.4638,Alces River,Compressor Station Maintenance,East Gate (Empress/McNeill),Empress Border Flow|Mcneil Border Flow,6|10|11|13|14|15|16|17|18|19|20|21|23|24|28,MRTN|LIEG|KIRB|REDL|COLD|NLAT|ELAT|ALEG|BLEG|EGAT|MLAT|WGAT|WAIN|JUDY|EDM,MRTN|LIEG|KIRB|REDL|COLD|North Lateral|East Lateral|ALEG|BLEG|EGAT|Mainline Lateral|WGAT|WAIN|JUDY|EDM,5615.037300000001,tc_row_base,3.144654088050325,minor,2026-09-28
20216786,181476,EGAT,2026-09-28,2026-10-02,148000.0,No impact to FT-D anticipated,"Empress/McNeill Borders; Segments 6, 10, 11, 13, 14, 15, 16, 17, 18, 19, 20, partial 21, 23, 24, partial 28",Meikle River C - Compressor Station Maintenance,outages_2026_08_28_21_40_44.json,5226.575600000001,Meikle River C,Compressor Station Maintenance,East Gate (Empress/McNeill),Empress Border Flow|Mcneil Border Flow,6|10|11|13|14|15|16|17|18|19|20|21|23|24|28,MRTN|LIEG|KIRB|REDL|COLD|NLAT|ELAT|ALEG|BLEG|EGAT|MLAT|WGAT|WAIN|JUDY|EDM,MRTN|LIEG|KIRB|REDL|COLD|North Lateral|East Lateral|ALEG|BLEG|EGAT|Mainline Lateral|WGAT|WAIN|JUDY|EDM,5615.037300000001,tc_row_base,6.91823899371069,moderate,2026-09-28
19731861,181444,LCLR,2026-09-13,2026-10-08,3788.0,Gold Creek South Summary,,NPS 36 Grande Prairie Mainline - Pipeline Maintenance,outages_2026_08_28_21_40_44.json,133.77208360000003,NPS 36 Grande Prairie Mainline,Pipeline Maintenance,Local receipt point,,,,,5403.1491000000005,observed_max,97.52418300653595,severe,2026-09-28
20216786,181477,NEDA,2026-09-28,2026-10-02,110000.0,Potential impact to FT-D,"Segments 6, 10, 11, 13, 14, 15, 16, 23, 24, and partial 28; Typical Flow: 100000-130000",Meikle River C - Compressor Station Maintenance,outages_2026_08_28_21_40_44.json,3884.6170000000006,Meikle River C,Compressor Station Maintenance,North East Delivery Area,,6|10|11|13|14|15|16|23|24|28,MRTN|LIEG|KIRB|REDL|COLD|NLAT|ELAT|WAIN|JUDY|EDM,MRTN|LIEG|KIRB|REDL|COLD|North Lateral|East Lateral|WAIN|JUDY|EDM,4025.8758000000007,observed_max,3.508771929824561,minor,2026-09-28
20216786,181478,OSDA,2026-09-28,2026-09-30,87000.0,Potential impact to FT-D,"Segments 10, 11, and 14",Meikle River C - Compressor Station Maintenance,outages_2026_08_28_21_40_44.json,3072.3789,Meikle River C,Compressor Station Maintenance,Oil Sands Delivery Area,,10|11|14,LIEG|KIRB|COLD,LIEG|KIRB|COLD,3425.5259000000005,tc_row_base,10.309278350515472,severe,2026-09-28
-1791007210,181479,RPTA,2026-09-28,2026-10-03,,,,,outages_2026_08_28_21_40_44.json,,,,RPTA,,,,,,observed_max,,unknown,2026-09-28
20216789,181438,USJR,2026-09-08,2026-09-30,378000.0,Potential impact to FT-R,USJR,Alces River - Compressor Station Maintenance,outages_2026_08_28_21_40_44.json,13348.956600000001,Alces River,Compressor Station Maintenance,Upstream James River,Total Receipts,,,,13490.215400000001,tc_row_base,1.0471204188481686,minor,2026-09-28
20216786,181474,USJR,2026-09-28,2026-09-30,365000.0,Potential impact to FT-R,USJR,Meikle River C - Compressor Station Maintenance,outages_2026_08_28_21_40_44.json,12889.865500000002,Meikle River C,Compressor Station Maintenance,Upstream James River,Total Receipts,,,,13490.215400000001,tc_row_base,4.450261780104703,moderate,2026-09-28
20216789,181439,WGAT,2026-09-08,2026-10-02,87000.0,No impact to FT-D anticipated,Alberta/BC and Alberta/Montana Borders; Segments 22 and partial 21,Alces River - Compressor Station Maintenance,outages_2026_08_28_21_40_44.json,3072.3789,Alces River,Compressor Station Maintenance,West Gate (AB/BC + AB/MT),Alberta-BC Border Flow,21|22,WGAT|SLAT,WGAT|South Lateral,3143.0083000000004,tc_row_base,2.2471910112359605,minor,2026-09-28
20216786,181475,WGAT,2026-09-28,2026-10-02,87000.0,No impact to FT-D anticipated,Alberta/BC and Alberta/Montana Borders; Segments 22 and partial 21,Meikle River C - Compressor Station Maintenance,outages_2026_08_28_21_40_44.json,3072.3789,Meikle River C,Compressor Station Maintenance,West Gate (AB/BC + AB/MT),Alberta-BC Border Flow,21|22,WGAT|SLAT,WGAT|South Lateral,3143.0083000000004,tc_row_base,2.2471910112359605,minor,2026-09-28
-1790748011,181473,DPTA,2026-09-27,2026-09-30,,,,,outages_2026_08_28_21_40_44.json,,,,DPTA,,,,,,observed_max,,unknown,2026-09-29
20216789,181440,EGAT,2026-09-08,2026-10-02,154000.0,No impact to FT-D anticipated,"Empress/McNeill Borders; Segments 6, 10, 11, 13, 14, 15, 16, 17, 18, 19, 20, partial 21, 23, 24, partial 28",Alces River - Compressor Station Maintenance,outages_2026_08_28_21_40_44.json,5438.4638,Alces River,Compressor Station Maintenance,East Gate (Empress/McNeill),Empress Border Flow|Mcneil Border Flow,6|10|11|13|14|15|16|17|18|19|20|21|23|24|28,MRTN|LIEG|KIRB|REDL|COLD|NLAT|ELAT|ALEG|BLEG|EGAT|MLAT|WGAT|WAIN|JUDY|EDM,MRTN|LIEG|KIRB|REDL|COLD|North Lateral|East Lateral|ALEG|BLEG|EGAT|Mainline Lateral|WGAT|WAIN|JUDY|EDM,5615.037300000001,tc_row_base,3.144654088050325,minor,2026-09-29
20216786,181476,EGAT,2026-09-28,2026-10-02,148000.0,No impact to FT-D anticipated,"Empress/McNeill Borders; Segments 6, 10, 11, 13, 14, 15, 16, 17, 18, 19, 20, partial 21, 23, 24, partial 28",Meikle River C - Compressor Station Maintenance,outages_2026_08_28_21_40_44.json,5226.575600000001,Meikle River C,Compressor Station Maintenance,East Gate (Empress/McNeill),Empress Border Flow|Mcneil Border Flow,6|10|11|13|14|15|16|17|18|19|20|21|23|24|28,MRTN|LIEG|KIRB|REDL|COLD|NLAT|ELAT|ALEG|BLEG|EGAT|MLAT|WGAT|WAIN|JUDY|EDM,MRTN|LIEG|KIRB|REDL|COLD|North Lateral|East Lateral|ALEG|BLEG|EGAT|Mainline Lateral|WGAT|WAIN|JUDY|EDM,5615.037300000001,tc_row_base,6.91823899371069,moderate,2026-09-29
20654370,181482,LCLD,2026-09-29,2026-10-10,0.0,Waterton Sales,,NPS 18 Waterton Lateral Loop - Pipeline Maintenance,outages_2026_08_28_21_40_44.json,0.0,NPS 18 Waterton Lateral Loop,Pipeline Maintenance,Local delivery point,,,,,0.0,observed_max,,unknown,2026-09-29
20726425,181480,LCLR,2026-09-29,2026-09-29,0.0,Foulwater Creek,,Foulwater Creek - Meter Station Maintenance,outages_2026_08_28_21_40_44.json,0.0,Foulwater Creek,Meter Station Maintenance,Local receipt point,,,,,5403.1491000000005,observed_max,100.0,severe,2026-09-29
19731861,181444,LCLR,2026-09-13,2026-10-08,3788.0,Gold Creek South Summary,,NPS 36 Grande Prairie Mainline - Pipeline Maintenance,outages_2026_08_28_21_40_44.json,133.77208360000003,NPS 36 Grande Prairie Mainline,Pipeline Maintenance,Local receipt point,,,,,5403.1491000000005,observed_max,97.52418300653595,severe,2026-09-29
20137207,181481,LCLR,2026-09-29,2026-10-08,0.0,Provost Kessler,,NPS 8 Kessler Lateral - Pipeline Maintenance,outages_2026_08_28_21_40_44.json,0.0,NPS 8 Kessler Lateral,Pipeline Maintenance,Local receipt point,,,,,5403.1491000000005,observed_max,100.0,severe,2026-09-29
20216786,181477,NEDA,2026-09-28,2026-10-02,110000.0,Potential impact to FT-D,"Segments 6, 10, 11, 13, 14, 15, 16, 23, 24, and partial 28; Typical Flow: 100000-130000",Meikle River C - Compressor Station Maintenance,outages_2026_08_28_21_40_44.json,3884.6170000000006,Meikle River C,Compressor Station Maintenance,North East Delivery Area,,6|10|11|13|14|15|16|23|24|28,MRTN|LIEG|KIRB|REDL|COLD|NLAT|ELAT|WAIN|JUDY|EDM,MRTN|LIEG|KIRB|REDL|COLD|North Lateral|East Lateral|WAIN|JUDY|EDM,4025.8758000000007,observed_max,3.508771929824561,minor,2026-09-29
20216786,181478,OSDA,2026-09-28,2026-09-30,87000.0,Potential impact to FT-D,"Segments 10, 11, and 14",Meikle River C - Compressor Station Maintenance,outages_2026_08_28_21_40_44.json,3072.3789,Meikle River C,Compressor Station Maintenance,Oil Sands Delivery Area,,10|11|14,LIEG|KIRB|COLD,LIEG|KIRB|COLD,3425.5259000000005,tc_row_base,10.309278350515472,severe,2026-09-29
-1791007210,181479,RPTA,2026-09-28,2026-10-03,,,,,outages_2026_08_28_21_40_44.json,,,,RPTA,,,,,,observed_max,,unknown,2026-09-29
20216789,181438,USJR,2026-09-08,2026-09-30,378000.0,Potential impact to FT-R,USJR,Alces River - Compressor Station Maintenance,outages_2026_08_28_21_40_44.json,13348.956600000001,Alces River,Compressor Station Maintenance,Upstream James River,Total Receipts,,,,13490.215400000001,tc_row_base,1.0471204188481686,minor,2026-09-29
20216786,181474,USJR,2026-09-28,2026-09-30,365000.0,Potential impact to FT-R,USJR,Meikle River C - Compressor Station Maintenance,outages_2026_08_28_21_40_44.json,12889.865500000002,Meikle River C,Compressor Station Maintenance,Upstream James River,Total Receipts,,,,13490.215400000001,tc_row_base,4.450261780104703,moderate,2026-09-29
20216789,181439,WGAT,2026-09-08,2026-10-02,87000.0,No impact to FT-D anticipated,Alberta/BC and Alberta/Montana Borders; Segments 22 and partial 21,Alces River - Compressor Station Maintenance,outages_2026_08_28_21_40_44.json,3072.3789,Alces River,Compressor Station Maintenance,West Gate (AB/BC + AB/MT),Alberta-BC Border Flow,21|22,WGAT|SLAT,WGAT|South Lateral,3143.0083000000004,tc_row_base,2.2471910112359605,minor,2026-09-29
20216786,181475,WGAT,2026-09-28,2026-10-02,87000.0,No impact to FT-D anticipated,Alberta/BC and Alberta/Montana Borders; Segments 22 and partial 21,Meikle River C - Compressor Station Maintenance,outages_2026_08_28_21_40_44.json,3072.3789,Meikle River C,Compressor Station Maintenance,West Gate (AB/BC + AB/MT),Alberta-BC Border Flow,21|22,WGAT|SLAT,WGAT|South Lateral,3143.0083000000004,tc_row_base,2.2471910112359605,minor,2026-09-29
-1790748011,181473,DPTA,2026-09-27,2026-09-30,,,,,outages_2026_08_28_21_40_44.json,,,,DPTA,,,,,,observed_max,,unknown,2026-09-30
20216789,181440,EGAT,2026-09-08,2026-10-02,154000.0,No impact to FT-D anticipated,"Empress/McNeill Borders; Segments 6, 10, 11, 13, 14, 15, 16, 17, 18, 19, 20, partial 21, 23, 24, partial 28",Alces River - Compressor Station Maintenance,outages_2026_08_28_21_40_44.json,5438.4638,Alces River,Compressor Station Maintenance,East Gate (Empress/McNeill),Empress Border Flow|Mcneil Border Flow,6|10|11|13|14|15|16|17|18|19|20|21|23|24|28,MRTN|LIEG|KIRB|REDL|COLD|NLAT|ELAT|ALEG|BLEG|EGAT|MLAT|WGAT|WAIN|JUDY|EDM,MRTN|LIEG|KIRB|REDL|COLD|North Lateral|East Lateral|ALEG|BLEG|EGAT|Mainline Lateral|WGAT|WAIN|JUDY|EDM,5615.037300000001,tc_row_base,3.144654088050325,minor,2026-09-30
20216786,181476,EGAT,2026-09-28,2026-10-02,148000.0,No impact to FT-D anticipated,"Empress/McNeill Borders; Segments 6, 10, 11, 13, 14, 15, 16, 17, 18, 19, 20, partial 21, 23, 24, partial 28",Meikle River C - Compressor Station Maintenance,outages_2026_08_28_21_40_44.json,5226.575600000001,Meikle River C,Compressor Station Maintenance,East Gate (Empress/McNeill),Empress Border Flow|Mcneil Border Flow,6|10|11|13|14|15|16|17|18|19|20|21|23|24|28,MRTN|LIEG|KIRB|REDL|COLD|NLAT|ELAT|ALEG|BLEG|EGAT|MLAT|WGAT|WAIN|JUDY|EDM,MRTN|LIEG|KIRB|REDL|COLD|North Lateral|East Lateral|ALEG|BLEG|EGAT|Mainline Lateral|WGAT|WAIN|JUDY|EDM,5615.037300000001,tc_row_base,6.91823899371069,moderate,2026-09-30
20654370,181482,LCLD,2026-09-29,2026-10-10,0.0,Waterton Sales,,NPS 18 Waterton Lateral Loop - Pipeline Maintenance,outages_2026_08_28_21_40_44.json,0.0,NPS 18 Waterton Lateral Loop,Pipeline Maintenance,Local delivery point,,,,,0.0,observed_max,,unknown,2026-09-30
19731861,181444,LCLR,2026-09-13,2026-10-08,3788.0,Gold Creek South Summary,,NPS 36 Grande Prairie Mainline - Pipeline Maintenance,outages_2026_08_28_21_40_44.json,133.77208360000003,NPS 36 Grande Prairie Mainline,Pipeline Maintenance,Local receipt point,,,,,5403.1491000000005,observed_max,97.52418300653595,severe,2026-09-30
20137207,181481,LCLR,2026-09-29,2026-10-08,0.0,Provost Kessler,,NPS 8 Kessler Lateral - Pipeline Maintenance,outages_2026_08_28_21_40_44.json,0.0,NPS 8 Kessler Lateral,Pipeline Maintenance,Local receipt point,,,,,5403.1491000000005,observed_max,100.0,severe,2026-09-30
20216786,181477,NEDA,2026-09-28,2026-10-02,110000.0,Potential impact to FT-D,"Segments 6, 10, 11, 13, 14, 15, 16, 23, 24, and partial 28; Typical Flow: 100000-130000",Meikle River C - Compressor Station Maintenance,outages_2026_08_28_21_40_44.json,3884.6170000000006,Meikle River C,Compressor Station Maintenance,North East Delivery Area,,6|10|11|13|14|15|16|23|24|28,MRTN|LIEG|KIRB|REDL|COLD|NLAT|ELAT|WAIN|JUDY|EDM,MRTN|LIEG|KIRB|REDL|COLD|North Lateral|East Lateral|WAIN|JUDY|EDM,4025.8758000000007,observed_max,3.508771929824561,minor,2026-09-30
20216786,181478,OSDA,2026-09-28,2026-09-30,87000.0,Potential impact to FT-D,"Segments 10, 11, and 14",Meikle River C - Compressor Station Maintenance,outages_2026_08_28_21_40_44.json,3072.3789,Meikle River C,Compressor Station Maintenance,Oil Sands Delivery Area,,10|11|14,LIEG|KIRB|COLD,LIEG|KIRB|COLD,3425.5259000000005,tc_row_base,10.309278350515472,severe,2026-09-30
-1791007210,181479,RPTA,2026-09-28,2026-10-03,,,,,outages_2026_08_28_21_40_44.json,,,,RPTA,,,,,,observed_max,,unknown,2026-09-30
20216789,181438,USJR,2026-09-08,2026-09-30,378000.0,Potential impact to FT-R,USJR,Alces River - Compressor Station Maintenance,outages_2026_08_28_21_40_44.json,13348.956600000001,Alces River,Compressor Station Maintenance,Upstream James River,Total Receipts,,,,13490.215400000001,tc_row_base,1.0471204188481686,minor,2026-09-30
20216786,181474,USJR,2026-09-28,2026-09-30,365000.0,Potential impact to FT-R,USJR,Meikle River C - Compressor Station Maintenance,outages_2026_08_28_21_40_44.json,12889.865500000002,Meikle River C,Compressor Station Maintenance,Upstream James River,Total Receipts,,,,13490.215400000001,tc_row_base,4.450261780104703,moderate,2026-09-30
20216789,181439,WGAT,2026-09-08,2026-10-02,87000.0,No impact to FT-D anticipated,Alberta/BC and Alberta/Montana Borders; Segments 22 and partial 21,Alces River - Compressor Station Maintenance,outages_2026_08_28_21_40_44.json,3072.3789,Alces River,Compressor Station Maintenance,West Gate (AB/BC + AB/MT),Alberta-BC Border Flow,21|22,WGAT|SLAT,WGAT|South Lateral,3143.0083000000004,tc_row_base,2.2471910112359605,minor,2026-09-30
20216786,181475,WGAT,2026-09-28,2026-10-02,87000.0,No impact to FT-D anticipated,Alberta/BC and Alberta/Montana Borders; Segments 22 and partial 21,Meikle River C - Compressor Station Maintenance,outages_2026_08_28_21_40_44.json,3072.3789,Meikle River C,Compressor Station Maintenance,West Gate (AB/BC + AB/MT),Alberta-BC Border Flow,21|22,WGAT|SLAT,WGAT|South Lateral,3143.0083000000004,tc_row_base,2.2471910112359605,minor,2026-09-30
-1790834411,181486,DPTA,2026-10-01,2026-10-01,,,,,outages_2026_08_28_21_40_44.json,,,,DPTA,,,,,,observed_max,,unknown,2026-10-01
20216789,181440,EGAT,2026-09-08,2026-10-02,154000.0,No impact to FT-D anticipated,"Empress/McNeill Borders; Segments 6, 10, 11, 13, 14, 15, 16, 17, 18, 19, 20, partial 21, 23, 24, partial 28",Alces River - Compressor Station Maintenance,outages_2026_08_28_21_40_44.json,5438.4638,Alces River,Compressor Station Maintenance,East Gate (Empress/McNeill),Empress Border Flow|Mcneil Border Flow,6|10|11|13|14|15|16|17|18|19|20|21|23|24|28,MRTN|LIEG|KIRB|REDL|COLD|NLAT|ELAT|ALEG|BLEG|EGAT|MLAT|WGAT|WAIN|JUDY|EDM,MRTN|LIEG|KIRB|REDL|COLD|North Lateral|East Lateral|ALEG|BLEG|EGAT|Mainline Lateral|WGAT|WAIN|JUDY|EDM,5615.037300000001,tc_row_base,3.144654088050325,minor,2026-10-01
20216786,181476,EGAT,2026-09-28,2026-10-02,148000.0,No impact to FT-D anticipated,"Empress/McNeill Borders; Segments 6, 10, 11, 13, 14, 15, 16, 17, 18, 19, 20, partial 21, 23, 24, partial 28",Meikle River C - Compressor Station Maintenance,outages_2026_08_28_21_40_44.json,5226.575600000001,Meikle River C,Compressor Station Maintenance,East Gate (Empress/McNeill),Empress Border Flow|Mcneil Border Flow,6|10|11|13|14|15|16|17|18|19|20|21|23|24|28,MRTN|LIEG|KIRB|REDL|COLD|NLAT|ELAT|ALEG|BLEG|EGAT|MLAT|WGAT|WAIN|JUDY|EDM,MRTN|LIEG|KIRB|REDL|COLD|North Lateral|East Lateral|ALEG|BLEG|EGAT|Mainline Lateral|WGAT|WAIN|JUDY|EDM,5615.037300000001,tc_row_base,6.91823899371069,moderate,2026-10-01
20654370,181482,LCLD,2026-09-29,2026-10-10,0.0,Waterton Sales,,NPS 18 Waterton Lateral Loop - Pipeline Maintenance,outages_2026_08_28_21_40_44.json,0.0,NPS 18 Waterton Lateral Loop,Pipeline Maintenance,Local delivery point,,,,,0.0,observed_max,,unknown,2026-10-01
19731861,181444,LCLR,2026-09-13,2026-10-08,3788.0,Gold Creek South Summary,,NPS 36 Grande Prairie Mainline - Pipeline Maintenance,outages_2026_08_28_21_40_44.json,133.77208360000003,NPS 36 Grande Prairie Mainline,Pipeline Maintenance,Local receipt point,,,,,5403.1491000000005,observed_max,97.52418300653595,severe,2026-10-01
20137207,181481,LCLR,2026-09-29,2026-10-08,0.0,Provost Kessler,,NPS 8 Kessler Lateral - Pipeline Maintenance,outages_2026_08_28_21_40_44.json,0.0,NPS 8 Kessler Lateral,Pipeline Maintenance,Local receipt point,,,,,5403.1491000000005,observed_max,100.0,severe,2026-10-01
20216786,181477,NEDA,2026-09-28,2026-10-02,110000.0,Potential impact to FT-D,"Segments 6, 10, 11, 13, 14, 15, 16, 23, 24, and partial 28; Typical Flow: 100000-130000",Meikle River C - Compressor Station Maintenance,outages_2026_08_28_21_40_44.json,3884.6170000000006,Meikle River C,Compressor Station Maintenance,North East Delivery Area,,6|10|11|13|14|15|16|23|24|28,MRTN|LIEG|KIRB|REDL|COLD|NLAT|ELAT|WAIN|JUDY|EDM,MRTN|LIEG|KIRB|REDL|COLD|North Lateral|East Lateral|WAIN|JUDY|EDM,4025.8758000000007,observed_max,3.508771929824561,minor,2026-10-01
20216786,181485,OSDA,2026-10-01,2026-10-02,88000.0,Potential impact to FT-D,"Segments 10, 11, and 14",Meikle River C - Compressor Station Maintenance,outages_2026_08_28_21_40_44.json,3107.6936000000005,Meikle River C,Compressor Station Maintenance,Oil Sands Delivery Area,,10|11|14,LIEG|KIRB|COLD,LIEG|KIRB|COLD,3460.8406000000004,tc_row_base,10.204081632653061,severe,2026-10-01
-1791007210,181479,RPTA,2026-09-28,2026-10-03,,,,,outages_2026_08_28_21_40_44.json,,,,RPTA,,,,,,observed_max,,unknown,2026-10-01
20216789,181484,USJR,2026-10-01,2026-10-02,381000.0,Potential impact to FT-R,USJR,Alces River - Compressor Station Maintenance,outages_2026_08_28_21_40_44.json,13454.900700000002,Alces River,Compressor Station Maintenance,Upstream James River,Total Receipts,,,,13596.159500000002,tc_row_base,1.0389610389610393,minor,2026-10-01
20216786,181483,USJR,2026-10-01,2026-10-02,368000.0,Potential impact to FT-R,USJR,Meikle River C - Compressor Station Maintenance,outages_2026_08_28_21_40_44.json,12995.809600000002,Meikle River C,Compressor Station Maintenance,Upstream James River,Total Receipts,,,,13596.159500000002,tc_row_base,4.415584415584406,moderate,2026-10-01
20216789,181439,WGAT,2026-09-08,2026-10-02,87000.0,No impact to FT-D anticipated,Alberta/BC and Alberta/Montana Borders; Segments 22 and partial 21,Alces River - Compressor Station Maintenance,outages_2026_08_28_21_40_44.json,3072.3789,Alces River,Compressor Station Maintenance,West Gate (AB/BC + AB/MT),Alberta-BC Border Flow,21|22,WGAT|SLAT,WGAT|South Lateral,3143.0083000000004,tc_row_base,2.2471910112359605,minor,2026-10-01
20216786,181475,WGAT,2026-09-28,2026-10-02,87000.0,No impact to FT-D anticipated,Alberta/BC and Alberta/Montana Borders; Segments 22 and partial 21,Meikle River C - Compressor Station Maintenance,outages_2026_08_28_21_40_44.json,3072.3789,Meikle River C,Compressor Station Maintenance,West Gate (AB/BC + AB/MT),Alberta-BC Border Flow,21|22,WGAT|SLAT,WGAT|South Lateral,3143.0083000000004,tc_row_base,2.2471910112359605,minor,2026-10-01
-1791093611,181487,DPTA,2026-10-02,2026-10-04,,,,,outages_2026_08_28_21_40_44.json,,,,DPTA,,,,,,observed_max,,unknown,2026-10-02
20216789,181440,EGAT,2026-09-08,2026-10-02,154000.0,No impact to FT-D anticipated,"Empress/McNeill Borders; Segments 6, 10, 11, 13, 14, 15, 16, 17, 18, 19, 20, partial 21, 23, 24, partial 28",Alces River - Compressor Station Maintenance,outages_2026_08_28_21_40_44.json,5438.4638,Alces River,Compressor Station Maintenance,East Gate (Empress/McNeill),Empress Border Flow|Mcneil Border Flow,6|10|11|13|14|15|16|17|18|19|20|21|23|24|28,MRTN|LIEG|KIRB|REDL|COLD|NLAT|ELAT|ALEG|BLEG|EGAT|MLAT|WGAT|WAIN|JUDY|EDM,MRTN|LIEG|KIRB|REDL|COLD|North Lateral|East Lateral|ALEG|BLEG|EGAT|Mainline Lateral|WGAT|WAIN|JUDY|EDM,5615.037300000001,tc_row_base,3.144654088050325,minor,2026-10-02
20216786,181476,EGAT,2026-09-28,2026-10-02,148000.0,No impact to FT-D anticipated,"Empress/McNeill Borders; Segments 6, 10, 11, 13, 14, 15, 16, 17, 18, 19, 20, partial 21, 23, 24, partial 28",Meikle River C - Compressor Station Maintenance,outages_2026_08_28_21_40_44.json,5226.575600000001,Meikle River C,Compressor Station Maintenance,East Gate (Empress/McNeill),Empress Border Flow|Mcneil Border Flow,6|10|11|13|14|15|16|17|18|19|20|21|23|24|28,MRTN|LIEG|KIRB|REDL|COLD|NLAT|ELAT|ALEG|BLEG|EGAT|MLAT|WGAT|WAIN|JUDY|EDM,MRTN|LIEG|KIRB|REDL|COLD|North Lateral|East Lateral|ALEG|BLEG|EGAT|Mainline Lateral|WGAT|WAIN|JUDY|EDM,5615.037300000001,tc_row_base,6.91823899371069,moderate,2026-10-02
20654370,181482,LCLD,2026-09-29,2026-10-10,0.0,Waterton Sales,,NPS 18 Waterton Lateral Loop - Pipeline Maintenance,outages_2026_08_28_21_40_44.json,0.0,NPS 18 Waterton Lateral Loop,Pipeline Maintenance,Local delivery point,,,,,0.0,observed_max,,unknown,2026-10-02
19731861,181444,LCLR,2026-09-13,2026-10-08,3788.0,Gold Creek South Summary,,NPS 36 Grande Prairie Mainline - Pipeline Maintenance,outages_2026_08_28_21_40_44.json,133.77208360000003,NPS 36 Grande Prairie Mainline,Pipeline Maintenance,Local receipt point,,,,,5403.1491000000005,observed_max,97.52418300653595,severe,2026-10-02
20137207,181481,LCLR,2026-09-29,2026-10-08,0.0,Provost Kessler,,NPS 8 Kessler Lateral - Pipeline Maintenance,outages_2026_08_28_21_40_44.json,0.0,NPS 8 Kessler Lateral,Pipeline Maintenance,Local receipt point,,,,,5403.1491000000005,observed_max,100.0,severe,2026-10-02
20216786,181477,NEDA,2026-09-28,2026-10-02,110000.0,Potential impact to FT-D,"Segments 6, 10, 11, 13, 14, 15, 16, 23, 24, and partial 28; Typical Flow: 100000-130000",Meikle River C - Compressor Station Maintenance,outages_2026_08_28_21_40_44.json,3884.6170000000006,Meikle River C,Compressor Station Maintenance,North East Delivery Area,,6|10|11|13|14|15|16|23|24|28,MRTN|LIEG|KIRB|REDL|COLD|NLAT|ELAT|WAIN|JUDY|EDM,MRTN|LIEG|KIRB|REDL|COLD|North Lateral|East Lateral|WAIN|JUDY|EDM,4025.8758000000007,observed_max,3.508771929824561,minor,2026-10-02
20216786,181485,OSDA,2026-10-01,2026-10-02,88000.0,Potential impact to FT-D,"Segments 10, 11, and 14",Meikle River C - Compressor Station Maintenance,outages_2026_08_28_21_40_44.json,3107.6936000000005,Meikle River C,Compressor Station Maintenance,Oil Sands Delivery Area,,10|11|14,LIEG|KIRB|COLD,LIEG|KIRB|COLD,3460.8406000000004,tc_row_base,10.204081632653061,severe,2026-10-02
-1791007210,181479,RPTA,2026-09-28,2026-10-03,,,,,outages_2026_08_28_21_40_44.json,,,,RPTA,,,,,,observed_max,,unknown,2026-10-02
20216789,181484,USJR,2026-10-01,2026-10-02,381000.0,Potential impact to FT-R,USJR,Alces River - Compressor Station Maintenance,outages_2026_08_28_21_40_44.json,13454.900700000002,Alces River,Compressor Station Maintenance,Upstream James River,Total Receipts,,,,13596.159500000002,tc_row_base,1.0389610389610393,minor,2026-10-02
20216786,181483,USJR,2026-10-01,2026-10-02,368000.0,Potential impact to FT-R,USJR,Meikle River C - Compressor Station Maintenance,outages_2026_08_28_21_40_44.json,12995.809600000002,Meikle River C,Compressor Station Maintenance,Upstream James River,Total Receipts,,,,13596.159500000002,tc_row_base,4.415584415584406,moderate,2026-10-02
20216789,181439,WGAT,2026-09-08,2026-10-02,87000.0,No impact to FT-D anticipated,Alberta/BC and Alberta/Montana Borders; Segments 22 and partial 21,Alces River - Compressor Station Maintenance,outages_2026_08_28_21_40_44.json,3072.3789,Alces River,Compressor Station Maintenance,West Gate (AB/BC + AB/MT),Alberta-BC Border Flow,21|22,WGAT|SLAT,WGAT|South Lateral,3143.0083000000004,tc_row_base,2.2471910112359605,minor,2026-10-02
20216786,181475,WGAT,2026-09-28,2026-10-02,87000.0,No impact to FT-D anticipated,Alberta/BC and Alberta/Montana Borders; Segments 22 and partial 21,Meikle River C - Compressor Station Maintenance,outages_2026_08_28_21_40_44.json,3072.3789,Meikle River C,Compressor Station Maintenance,West Gate (AB/BC + AB/MT),Alberta-BC Border Flow,21|22,WGAT|SLAT,WGAT|South Lateral,3143.0083000000004,tc_row_base,2.2471910112359605,minor,2026-10-02
-1791093611,181487,DPTA,2026-10-02,2026-10-04,,,,,outages_2026_08_28_21_40_44.json,,,,DPTA,,,,,,observed_max,,unknown,2026-10-03
20654370,181482,LCLD,2026-09-29,2026-10-10,0.0,Waterton Sales,,NPS 18 Waterton Lateral Loop - Pipeline Maintenance,outages_2026_08_28_21_40_44.json,0.0,NPS 18 Waterton Lateral Loop,Pipeline Maintenance,Local delivery point,,,,,0.0,observed_max,,unknown,2026-10-03
19731861,181444,LCLR,2026-09-13,2026-10-08,3788.0,Gold Creek South Summary,,NPS 36 Grande Prairie Mainline - Pipeline Maintenance,outages_2026_08_28_21_40_44.json,133.77208360000003,NPS 36 Grande Prairie Mainline,Pipeline Maintenance,Local receipt point,,,,,5403.1491000000005,observed_max,97.52418300653595,severe,2026-10-03
20137207,181481,LCLR,2026-09-29,2026-10-08,0.0,Provost Kessler,,NPS 8 Kessler Lateral - Pipeline Maintenance,outages_2026_08_28_21_40_44.json,0.0,NPS 8 Kessler Lateral,Pipeline Maintenance,Local receipt point,,,,,5403.1491000000005,observed_max,100.0,severe,2026-10-03
-1791007210,181479,RPTA,2026-09-28,2026-10-03,,,,,outages_2026_08_28_21_40_44.json,,,,RPTA,,,,,,observed_max,,unknown,2026-10-03
-1791093611,181487,DPTA,2026-10-02,2026-10-04,,,,,outages_2026_08_28_21_40_44.json,,,,DPTA,,,,,,observed_max,,unknown,2026-10-04
20219161,181490,EGAT,2026-10-04,2026-10-05,148000.0,No impact to FT-D anticipated,"Empress/McNeill Borders; Segments 15, 16, 17, 18, 19, 20, partial 21, 23, partial 28",Swartz Creek A2 - Compressor Station Maintenance,outages_2026_08_28_21_40_44.json,5226.575600000001,Swartz Creek A2,Compressor Station Maintenance,East Gate (Empress/McNeill),Empress Border Flow|Mcneil Border Flow,15|16|17|18|19|20|21|23|28,NLAT|ELAT|ALEG|BLEG|EGAT|MLAT|WGAT|WAIN|EDM,North Lateral|East Lateral|ALEG|BLEG|EGAT|Mainline Lateral|WGAT|WAIN|EDM,5650.352000000001,tc_row_base,7.499999999999996,moderate,2026-10-04
20654370,181482,LCLD,2026-09-29,2026-10-10,0.0,Waterton Sales,,NPS 18 Waterton Lateral Loop - Pipeline Maintenance,outages_2026_08_28_21_40_44.json,0.0,NPS 18 Waterton Lateral Loop,Pipeline Maintenance,Local delivery point,,,,,0.0,observed_max,,unknown,2026-10-04
19731861,181444,LCLR,2026-09-13,2026-10-08,3788.0,Gold Creek South Summary,,NPS 36 Grande Prairie Mainline - Pipeline Maintenance,outages_2026_08_28_21_40_44.json,133.77208360000003,NPS 36 Grande Prairie Mainline,Pipeline Maintenance,Local receipt point,,,,,5403.1491000000005,observed_max,97.52418300653595,severe,2026-10-04
20137207,181481,LCLR,2026-09-29,2026-10-08,0.0,Provost Kessler,,NPS 8 Kessler Lateral - Pipeline Maintenance,outages_2026_08_28_21_40_44.json,0.0,NPS 8 Kessler Lateral,Pipeline Maintenance,Local receipt point,,,,,5403.1491000000005,observed_max,100.0,severe,2026-10-04
-1791266410,181491,RPTA,2026-10-04,2026-10-06,,,,,outages_2026_08_28_21_40_44.json,,,,RPTA,,,,,,observed_max,,unknown,2026-10-04
20219161,181488,USJR,2026-10-04,2026-10-05,375000.0,Potential impact to FT-R,USJR,Swartz Creek A2 - Compressor Station Maintenance,outages_2026_08_28_21_40_44.json,13243.012500000003,Swartz Creek A2,Compressor Station Maintenance,Upstream James River,Total Receipts,,,,13596.159500000002,tc_row_base,2.597402597402587,minor,2026-10-04
20219161,181489,WGAT,2026-10-04,2026-10-05,87000.0,No impact to FT-D anticipated,Alberta/BC and Alberta/Montana Borders; Segments 22 and partial 21,Swartz Creek A2 - Compressor Station Maintenance,outages_2026_08_28_21_40_44.json,3072.3789,Swartz Creek A2,Compressor Station Maintenance,West Gate (AB/BC + AB/MT),Alberta-BC Border Flow,21|22,WGAT|SLAT,WGAT|South Lateral,3178.3230000000003,tc_row_base,3.3333333333333326,minor,2026-10-04
-1791180011,181492,DPTA,2026-10-05,2026-10-05,,,,,outages_2026_08_28_21_40_44.json,,,,DPTA,,,,,,observed_max,,unknown,2026-10-05
20219161,181490,EGAT,2026-10-04,2026-10-05,148000.0,No impact to FT-D anticipated,"Empress/McNeill Borders; Segments 15, 16, 17, 18, 19, 20, partial 21, 23, partial 28",Swartz Creek A2 - Compressor Station Maintenance,outages_2026_08_28_21_40_44.json,5226.575600000001,Swartz Creek A2,Compressor Station Maintenance,East Gate (Empress/McNeill),Empress Border Flow|Mcneil Border Flow,15|16|17|18|19|20|21|23|28,NLAT|ELAT|ALEG|BLEG|EGAT|MLAT|WGAT|WAIN|EDM,North Lateral|East Lateral|ALEG|BLEG|EGAT|Mainline Lateral|WGAT|WAIN|EDM,5650.352000000001,tc_row_base,7.499999999999996,moderate,2026-10-05
20654370,181482,LCLD,2026-09-29,2026-10-10,0.0,Waterton Sales,,NPS 18 Waterton Lateral Loop - Pipeline Maintenance,outages_2026_08_28_21_40_44.json,0.0,NPS 18 Waterton Lateral Loop,Pipeline Maintenance,Local delivery point,,,,,0.0,observed_max,,unknown,2026-10-05
19731861,181444,LCLR,2026-09-13,2026-10-08,3788.0,Gold Creek South Summary,,NPS 36 Grande Prairie Mainline - Pipeline Maintenance,outages_2026_08_28_21_40_44.json,133.77208360000003,NPS 36 Grande Prairie Mainline,Pipeline Maintenance,Local receipt point,,,,,5403.1491000000005,observed_max,97.52418300653595,severe,2026-10-05
20137207,181481,LCLR,2026-09-29,2026-10-08,0.0,Provost Kessler,,NPS 8 Kessler Lateral - Pipeline Maintenance,outages_2026_08_28_21_40_44.json,0.0,NPS 8 Kessler Lateral,Pipeline Maintenance,Local receipt point,,,,,5403.1491000000005,observed_max,100.0,severe,2026-10-05
-1791266410,181491,RPTA,2026-10-04,2026-10-06,,,,,outages_2026_08_28_21_40_44.json,,,,RPTA,,,,,,observed_max,,unknown,2026-10-05
20219161,181488,USJR,2026-10-04,2026-10-05,375000.0,Potential impact to FT-R,USJR,Swartz Creek A2 - Compressor Station Maintenance,outages_2026_08_28_21_40_44.json,13243.012500000003,Swartz Creek A2,Compressor Station Maintenance,Upstream James River,Total Receipts,,,,13596.159500000002,tc_row_base,2.597402597402587,minor,2026-10-05
20219161,181489,WGAT,2026-10-04,2026-10-05,87000.0,No impact to FT-D anticipated,Alberta/BC and Alberta/Montana Borders; Segments 22 and partial 21,Swartz Creek A2 - Compressor Station Maintenance,outages_2026_08_28_21_40_44.json,3072.3789,Swartz Creek A2,Compressor Station Maintenance,West Gate (AB/BC + AB/MT),Alberta-BC Border Flow,21|22,WGAT|SLAT,WGAT|South Lateral,3178.3230000000003,tc_row_base,3.3333333333333326,minor,2026-10-05
-1791266411,181494,DPTA,2026-10-06,2026-10-06,,,,,outages_2026_08_28_21_40_44.json,,,,DPTA,,,,,,observed_max,,unknown,2026-10-06
20654370,181482,LCLD,2026-09-29,2026-10-10,0.0,Waterton Sales,,NPS 18 Waterton Lateral Loop - Pipeline Maintenance,outages_2026_08_28_21_40_44.json,0.0,NPS 18 Waterton Lateral Loop,Pipeline Maintenance,Local delivery point,,,,,0.0,observed_max,,unknown,2026-10-06
19731861,181444,LCLR,2026-09-13,2026-10-08,3788.0,Gold Creek South Summary,,NPS 36 Grande Prairie Mainline - Pipeline Maintenance,outages_2026_08_28_21_40_44.json,133.77208360000003,NPS 36 Grande Prairie Mainline,Pipeline Maintenance,Local receipt point,,,,,5403.1491000000005,observed_max,97.52418300653595,severe,2026-10-06
20137207,181481,LCLR,2026-09-29,2026-10-08,0.0,Provost Kessler,,NPS 8 Kessler Lateral - Pipeline Maintenance,outages_2026_08_28_21_40_44.json,0.0,NPS 8 Kessler Lateral,Pipeline Maintenance,Local receipt point,,,,,5403.1491000000005,observed_max,100.0,severe,2026-10-06
20528638,181493,LCLR,2026-10-06,2026-10-06,0.0,Smith,,Smith - Meter Station Maintenance,outages_2026_08_28_21_40_44.json,0.0,Smith,Meter Station Maintenance,Local receipt point,,,,,5403.1491000000005,observed_max,100.0,severe,2026-10-06
-1791266410,181491,RPTA,2026-10-04,2026-10-06,,,,,outages_2026_08_28_21_40_44.json,,,,RPTA,,,,,,observed_max,,unknown,2026-10-06
-1792044011,181500,DPTA,2026-10-07,2026-10-15,,,,,outages_2026_08_28_21_40_44.json,,,,DPTA,,,,,,observed_max,,unknown,2026-10-07
20218711,181497,EGAT,2026-10-07,2026-10-08,148000.0,No impact to FT-D anticipated,"Empress/McNeill Borders; Segments 6, 10, 11, 13, 14, 15, 16, 17, 18, 19, 20, partial 21, 23, 24, partial 28",Meikle River D5  - Compressor Station Maintenance,outages_2026_08_28_21_40_44.json,5226.575600000001,Meikle River D5,Compressor Station Maintenance,East Gate (Empress/McNeill),Empress Border Flow|Mcneil Border Flow,6|10|11|13|14|15|16|17|18|19|20|21|23|24|28,MRTN|LIEG|KIRB|REDL|COLD|NLAT|ELAT|ALEG|BLEG|EGAT|MLAT|WGAT|WAIN|JUDY|EDM,MRTN|LIEG|KIRB|REDL|COLD|North Lateral|East Lateral|ALEG|BLEG|EGAT|Mainline Lateral|WGAT|WAIN|JUDY|EDM,5650.352000000001,tc_row_base,7.499999999999996,moderate,2026-10-07
20654370,181482,LCLD,2026-09-29,2026-10-10,0.0,Waterton Sales,,NPS 18 Waterton Lateral Loop - Pipeline Maintenance,outages_2026_08_28_21_40_44.json,0.0,NPS 18 Waterton Lateral Loop,Pipeline Maintenance,Local delivery point,,,,,0.0,observed_max,,unknown,2026-10-07
19731861,181444,LCLR,2026-09-13,2026-10-08,3788.0,Gold Creek South Summary,,NPS 36 Grande Prairie Mainline - Pipeline Maintenance,outages_2026_08_28_21_40_44.json,133.77208360000003,NPS 36 Grande Prairie Mainline,Pipeline Maintenance,Local receipt point,,,,,5403.1491000000005,observed_max,97.52418300653595,severe,2026-10-07
20137207,181481,LCLR,2026-09-29,2026-10-08,0.0,Provost Kessler,,NPS 8 Kessler Lateral - Pipeline Maintenance,outages_2026_08_28_21_40_44.json,0.0,NPS 8 Kessler Lateral,Pipeline Maintenance,Local receipt point,,,,,5403.1491000000005,observed_max,100.0,severe,2026-10-07
20218711,181498,NEDA,2026-10-07,2026-10-08,108000.0,Potential impact to FT-D,"Segments 6, 10, 11, 13, 14, 15, 16, 23, 24, and partial 28; Typical Flow: 100000-130000",Meikle River D5 - Compressor Station Maintenance,outages_2026_08_28_21_40_44.json,3813.9876000000004,Meikle River D5,Compressor Station Maintenance,North East Delivery Area,,6|10|11|13|14|15|16|23|24|28,MRTN|LIEG|KIRB|REDL|COLD|NLAT|ELAT|WAIN|JUDY|EDM,MRTN|LIEG|KIRB|REDL|COLD|North Lateral|East Lateral|WAIN|JUDY|EDM,4025.8758000000007,observed_max,5.263157894736848,moderate,2026-10-07
20218711,181499,OSDA,2026-10-07,2026-10-08,86000.0,Potential impact to FT-D,"Segments 10, 11, and 14",Meikle River D5 - Compressor Station Maintenance,outages_2026_08_28_21_40_44.json,3037.0642000000003,Meikle River D5,Compressor Station Maintenance,Oil Sands Delivery Area,,10|11|14,LIEG|KIRB|COLD,LIEG|KIRB|COLD,3460.8406000000004,tc_row_base,12.244897959183676,severe,2026-10-07
20218711,181495,USJR,2026-10-07,2026-10-08,367000.0,Potential impact to FT-R,USJR,Meikle River D5  - Compressor Station Maintenance,outages_2026_08_28_21_40_44.json,12960.494900000002,Meikle River D5,Compressor Station Maintenance,Upstream James River,Total Receipts,,,,13596.159500000002,tc_row_base,4.675324675324677,moderate,2026-10-07
20218711,181496,WGAT,2026-10-07,2026-10-08,87000.0,No impact to FT-D anticipated,Alberta/BC and Alberta/Montana Borders; Segments 22 and partial 21,Meikle River D5  - Compressor Station Maintenance,outages_2026_08_28_21_40_44.json,3072.3789,Meikle River D5,Compressor Station Maintenance,West Gate (AB/BC + AB/MT),Alberta-BC Border Flow,21|22,WGAT|SLAT,WGAT|South Lateral,3178.3230000000003,tc_row_base,3.3333333333333326,minor,2026-10-07
-1792044011,181500,DPTA,2026-10-07,2026-10-15,,,,,outages_2026_08_28_21_40_44.json,,,,DPTA,,,,,,observed_max,,unknown,2026-10-08
20218711,181497,EGAT,2026-10-07,2026-10-08,148000.0,No impact to FT-D anticipated,"Empress/McNeill Borders; Segments 6, 10, 11, 13, 14, 15, 16, 17, 18, 19, 20, partial 21, 23, 24, partial 28",Meikle River D5  - Compressor Station Maintenance,outages_2026_08_28_21_40_44.json,5226.575600000001,Meikle River D5,Compressor Station Maintenance,East Gate (Empress/McNeill),Empress Border Flow|Mcneil Border Flow,6|10|11|13|14|15|16|17|18|19|20|21|23|24|28,MRTN|LIEG|KIRB|REDL|COLD|NLAT|ELAT|ALEG|BLEG|EGAT|MLAT|WGAT|WAIN|JUDY|EDM,MRTN|LIEG|KIRB|REDL|COLD|North Lateral|East Lateral|ALEG|BLEG|EGAT|Mainline Lateral|WGAT|WAIN|JUDY|EDM,5650.352000000001,tc_row_base,7.499999999999996,moderate,2026-10-08
20654370,181482,LCLD,2026-09-29,2026-10-10,0.0,Waterton Sales,,NPS 18 Waterton Lateral Loop - Pipeline Maintenance,outages_2026_08_28_21_40_44.json,0.0,NPS 18 Waterton Lateral Loop,Pipeline Maintenance,Local delivery point,,,,,0.0,observed_max,,unknown,2026-10-08
19731861,181444,LCLR,2026-09-13,2026-10-08,3788.0,Gold Creek South Summary,,NPS 36 Grande Prairie Mainline - Pipeline Maintenance,outages_2026_08_28_21_40_44.json,133.77208360000003,NPS 36 Grande Prairie Mainline,Pipeline Maintenance,Local receipt point,,,,,5403.1491000000005,observed_max,97.52418300653595,severe,2026-10-08
20137207,181481,LCLR,2026-09-29,2026-10-08,0.0,Provost Kessler,,NPS 8 Kessler Lateral - Pipeline Maintenance,outages_2026_08_28_21_40_44.json,0.0,NPS 8 Kessler Lateral,Pipeline Maintenance,Local receipt point,,,,,5403.1491000000005,observed_max,100.0,severe,2026-10-08
20218711,181498,NEDA,2026-10-07,2026-10-08,108000.0,Potential impact to FT-D,"Segments 6, 10, 11, 13, 14, 15, 16, 23, 24, and partial 28; Typical Flow: 100000-130000",Meikle River D5 - Compressor Station Maintenance,outages_2026_08_28_21_40_44.json,3813.9876000000004,Meikle River D5,Compressor Station Maintenance,North East Delivery Area,,6|10|11|13|14|15|16|23|24|28,MRTN|LIEG|KIRB|REDL|COLD|NLAT|ELAT|WAIN|JUDY|EDM,MRTN|LIEG|KIRB|REDL|COLD|North Lateral|East Lateral|WAIN|JUDY|EDM,4025.8758000000007,observed_max,5.263157894736848,moderate,2026-10-08
20218711,181499,OSDA,2026-10-07,2026-10-08,86000.0,Potential impact to FT-D,"Segments 10, 11, and 14",Meikle River D5 - Compressor Station Maintenance,outages_2026_08_28_21_40_44.json,3037.0642000000003,Meikle River D5,Compressor Station Maintenance,Oil Sands Delivery Area,,10|11|14,LIEG|KIRB|COLD,LIEG|KIRB|COLD,3460.8406000000004,tc_row_base,12.244897959183676,severe,2026-10-08
20218711,181495,USJR,2026-10-07,2026-10-08,367000.0,Potential impact to FT-R,USJR,Meikle River D5  - Compressor Station Maintenance,outages_2026_08_28_21_40_44.json,12960.494900000002,Meikle River D5,Compressor Station Maintenance,Upstream James River,Total Receipts,,,,13596.159500000002,tc_row_base,4.675324675324677,moderate,2026-10-08
20218711,181496,WGAT,2026-10-07,2026-10-08,87000.0,No impact to FT-D anticipated,Alberta/BC and Alberta/Montana Borders; Segments 22 and partial 21,Meikle River D5  - Compressor Station Maintenance,outages_2026_08_28_21_40_44.json,3072.3789,Meikle River D5,Compressor Station Maintenance,West Gate (AB/BC + AB/MT),Alberta-BC Border Flow,21|22,WGAT|SLAT,WGAT|South Lateral,3178.3230000000003,tc_row_base,3.3333333333333326,minor,2026-10-08
-1792044011,181500,DPTA,2026-10-07,2026-10-15,,,,,outages_2026_08_28_21_40_44.json,,,,DPTA,,,,,,observed_max,,unknown,2026-10-09
20654370,181482,LCLD,2026-09-29,2026-10-10,0.0,Waterton Sales,,NPS 18 Waterton Lateral Loop - Pipeline Maintenance,outages_2026_08_28_21_40_44.json,0.0,NPS 18 Waterton Lateral Loop,Pipeline Maintenance,Local delivery point,,,,,0.0,observed_max,,unknown,2026-10-09
-1791784810,181501,RPTA,2026-10-09,2026-10-12,,,,,outages_2026_08_28_21_40_44.json,,,,RPTA,,,,,,observed_max,,unknown,2026-10-09
-1792044011,181500,DPTA,2026-10-07,2026-10-15,,,,,outages_2026_08_28_21_40_44.json,,,,DPTA,,,,,,observed_max,,unknown,2026-10-10
20654370,181482,LCLD,2026-09-29,2026-10-10,0.0,Waterton Sales,,NPS 18 Waterton Lateral Loop - Pipeline Maintenance,outages_2026_08_28_21_40_44.json,0.0,NPS 18 Waterton Lateral Loop,Pipeline Maintenance,Local delivery point,,,,,0.0,observed_max,,unknown,2026-10-10
-1791784810,181501,RPTA,2026-10-09,2026-10-12,,,,,outages_2026_08_28_21_40_44.json,,,,RPTA,,,,,,observed_max,,unknown,2026-10-10
-1792044011,181500,DPTA,2026-10-07,2026-10-15,,,,,outages_2026_08_28_21_40_44.json,,,,DPTA,,,,,,observed_max,,unknown,2026-10-11
-1791784810,181501,RPTA,2026-10-09,2026-10-12,,,,,outages_2026_08_28_21_40_44.json,,,,RPTA,,,,,,observed_max,,unknown,2026-10-11
-1792044011,181500,DPTA,2026-10-07,2026-10-15,,,,,outages_2026_08_28_21_40_44.json,,,,DPTA,,,,,,observed_max,,unknown,2026-10-12
-1791784810,181501,RPTA,2026-10-09,2026-10-12,,,,,outages_2026_08_28_21_40_44.json,,,,RPTA,,,,,,observed_max,,unknown,2026-10-12
-1792044011,181500,DPTA,2026-10-07,2026-10-15,,,,,outages_2026_08_28_21_40_44.json,,,,DPTA,,,,,,observed_max,,unknown,2026-10-13
20216753,181508,EGAT,2026-10-13,2026-10-26,148000.0,No impact to FT-D anticipated,"Empress/McNeill Borders; Segments 15, 16, 17, 18, 19, 20, partial 21, 23, partial 28",Gold Creek B3 - Compressor Station Maintenance,outages_2026_08_28_21_40_44.json,5226.575600000001,Gold Creek B3,Compressor Station Maintenance,East Gate (Empress/McNeill),Empress Border Flow|Mcneil Border Flow,15|16|17|18|19|20|21|23|28,NLAT|ELAT|ALEG|BLEG|EGAT|MLAT|WGAT|WAIN|EDM,North Lateral|East Lateral|ALEG|BLEG|EGAT|Mainline Lateral|WGAT|WAIN|EDM,5650.352000000001,tc_row_base,7.499999999999996,moderate,2026-10-13
20217018,181507,EGAT,2026-10-13,2026-10-23,149000.0,No impact to FT-D anticipated,"Empress/McNeill Borders; Segments 15, 16, 17, 18, 19, 20, partial 21, 23, partial 28",Nordegg B - Compressor Station Maintenance,outages_2026_08_28_21_40_44.json,5261.890300000001,Nordegg B,Compressor Station Maintenance,East Gate (Empress/McNeill),Empress Border Flow|Mcneil Border Flow,15|16|17|18|19|20|21|23|28,NLAT|ELAT|ALEG|BLEG|EGAT|MLAT|WGAT|WAIN|EDM,North Lateral|East Lateral|ALEG|BLEG|EGAT|Mainline Lateral|WGAT|WAIN|EDM,5650.352000000001,tc_row_base,6.874999999999998,moderate,2026-10-13
20725121,181504,LCLR,2026-10-13,2026-10-14,0.0,Carson Creek,,Carson Creek - Meter Station Maintenance,outages_2026_08_28_21_40_44.json,0.0,Carson Creek,Meter Station Maintenance,Local receipt point,,,,,5403.1491000000005,observed_max,100.0,severe,2026-10-13
-1792044010,181509,RPTA,2026-10-13,2026-10-15,,,,,outages_2026_08_28_21_40_44.json,,,,RPTA,,,,,,observed_max,,unknown,2026-10-13
20216753,181503,USJR,2026-10-13,2026-10-26,377000.0,Potential impact to FT-R,USJR,Gold Creek B3 - Compressor Station Maintenance,outages_2026_08_28_21_40_44.json,13313.641900000002,Gold Creek B3,Compressor Station Maintenance,Upstream James River,Total Receipts,,,,13596.159500000002,tc_row_base,2.0779220779220675,minor,2026-10-13
20217018,181502,USJR,2026-10-13,2026-10-23,378000.0,Potential impact to FT-R,USJR,Nordegg B - Compressor Station Maintenance,outages_2026_08_28_21_40_44.json,13348.956600000001,Nordegg B,Compressor Station Maintenance,Upstream James River,Total Receipts,,,,13596.159500000002,tc_row_base,1.8181818181818188,minor,2026-10-13
20216753,181506,WGAT,2026-10-13,2026-10-26,87000.0,No impact to FT-D anticipated,Alberta/BC and Alberta/Montana Borders; Segments 22 and partial 21,Gold Creek B3 - Compressor Station Maintenance,outages_2026_08_28_21_40_44.json,3072.3789,Gold Creek B3,Compressor Station Maintenance,West Gate (AB/BC + AB/MT),Alberta-BC Border Flow,21|22,WGAT|SLAT,WGAT|South Lateral,3178.3230000000003,tc_row_base,3.3333333333333326,minor,2026-10-13
20217018,181505,WGAT,2026-10-13,2026-10-23,87000.0,No impact to FT-D anticipated,Alberta/BC and Alberta/Montana Borders; Segments 22 and partial 21,Nordegg B - Compressor Station Maintenance,outages_2026_08_28_21_40_44.json,3072.3789,Nordegg B,Compressor Station Maintenance,West Gate (AB/BC + AB/MT),Alberta-BC Border Flow,21|22,WGAT|SLAT,WGAT|South Lateral,3178.3230000000003,tc_row_base,3.3333333333333326,minor,2026-10-13
-1792044011,181500,DPTA,2026-10-07,2026-10-15,,,,,outages_2026_08_28_21_40_44.json,,,,DPTA,,,,,,observed_max,,unknown,2026-10-14
20216753,181508,EGAT,2026-10-13,2026-10-26,148000.0,No impact to FT-D anticipated,"Empress/McNeill Borders; Segments 15, 16, 17, 18, 19, 20, partial 21, 23, partial 28",Gold Creek B3 - Compressor Station Maintenance,outages_2026_08_28_21_40_44.json,5226.575600000001,Gold Creek B3,Compressor Station Maintenance,East Gate (Empress/McNeill),Empress Border Flow|Mcneil Border Flow,15|16|17|18|19|20|21|23|28,NLAT|ELAT|ALEG|BLEG|EGAT|MLAT|WGAT|WAIN|EDM,North Lateral|East Lateral|ALEG|BLEG|EGAT|Mainline Lateral|WGAT|WAIN|EDM,5650.352000000001,tc_row_base,7.499999999999996,moderate,2026-10-14
20217018,181507,EGAT,2026-10-13,2026-10-23,149000.0,No impact to FT-D anticipated,"Empress/McNeill Borders; Segments 15, 16, 17, 18, 19, 20, partial 21, 23, partial 28",Nordegg B - Compressor Station Maintenance,outages_2026_08_28_21_40_44.json,5261.890300000001,Nordegg B,Compressor Station Maintenance,East Gate (Empress/McNeill),Empress Border Flow|Mcneil Border Flow,15|16|17|18|19|20|21|23|28,NLAT|ELAT|ALEG|BLEG|EGAT|MLAT|WGAT|WAIN|EDM,North Lateral|East Lateral|ALEG|BLEG|EGAT|Mainline Lateral|WGAT|WAIN|EDM,5650.352000000001,tc_row_base,6.874999999999998,moderate,2026-10-14
20614447,181512,LCLD,2026-10-14,2026-10-30,0.0,Otauwau Sales,,NPS 8 Mitsue Lateral - Pipeline Modifications,outages_2026_08_28_21_40_44.json,0.0,NPS 8 Mitsue Lateral,Pipeline Modifications,Local delivery point,,,,,0.0,observed_max,,unknown,2026-10-14
20725121,181504,LCLR,2026-10-13,2026-10-14,0.0,Carson Creek,,Carson Creek - Meter Station Maintenance,outages_2026_08_28_21_40_44.json,0.0,Carson Creek,Meter Station Maintenance,Local receipt point,,,,,5403.1491000000005,observed_max,100.0,severe,2026-10-14
20614447,181510,LCLR,2026-10-14,2026-10-30,100.0,"Mitsue, Nipisi",,NPS 8 Mitsue Lateral - Pipeline Modifications,outages_2026_08_28_21_40_44.json,3.5314700000000006,NPS 8 Mitsue Lateral,Pipeline Modifications,Local receipt point,,,,,5403.1491000000005,observed_max,99.93464052287581,severe,2026-10-14
-1792044010,181509,RPTA,2026-10-13,2026-10-15,,,,,outages_2026_08_28_21_40_44.json,,,,RPTA,,,,,,observed_max,,unknown,2026-10-14
20216753,181503,USJR,2026-10-13,2026-10-26,377000.0,Potential impact to FT-R,USJR,Gold Creek B3 - Compressor Station Maintenance,outages_2026_08_28_21_40_44.json,13313.641900000002,Gold Creek B3,Compressor Station Maintenance,Upstream James River,Total Receipts,,,,13596.159500000002,tc_row_base,2.0779220779220675,minor,2026-10-14
20217018,181502,USJR,2026-10-13,2026-10-23,378000.0,Potential impact to FT-R,USJR,Nordegg B - Compressor Station Maintenance,outages_2026_08_28_21_40_44.json,13348.956600000001,Nordegg B,Compressor Station Maintenance,Upstream James River,Total Receipts,,,,13596.159500000002,tc_row_base,1.8181818181818188,minor,2026-10-14
20216753,181506,WGAT,2026-10-13,2026-10-26,87000.0,No impact to FT-D anticipated,Alberta/BC and Alberta/Montana Borders; Segments 22 and partial 21,Gold Creek B3 - Compressor Station Maintenance,outages_2026_08_28_21_40_44.json,3072.3789,Gold Creek B3,Compressor Station Maintenance,West Gate (AB/BC + AB/MT),Alberta-BC Border Flow,21|22,WGAT|SLAT,WGAT|South Lateral,3178.3230000000003,tc_row_base,3.3333333333333326,minor,2026-10-14
20217018,181505,WGAT,2026-10-13,2026-10-23,87000.0,No impact to FT-D anticipated,Alberta/BC and Alberta/Montana Borders; Segments 22 and partial 21,Nordegg B - Compressor Station Maintenance,outages_2026_08_28_21_40_44.json,3072.3789,Nordegg B,Compressor Station Maintenance,West Gate (AB/BC + AB/MT),Alberta-BC Border Flow,21|22,WGAT|SLAT,WGAT|South Lateral,3178.3230000000003,tc_row_base,3.3333333333333326,minor,2026-10-14
20216862,181511,WGAT,2026-10-14,2026-10-20,76000.0,Potential Impact to FT-D,Alberta/BC and Alberta/Montana Borders; Segments 22 and partial 21,Turner Valley A1 & A2 - Compressor Station Maintenance,outages_2026_08_28_21_40_44.json,2683.9172000000003,Turner Valley A1 & A2,Compressor Station Maintenance,West Gate (AB/BC + AB/MT),Alberta-BC Border Flow,21|22,WGAT|SLAT,WGAT|South Lateral,3178.3230000000003,tc_row_base,15.555555555555555,severe,2026-10-14
-1792044011,181500,DPTA,2026-10-07,2026-10-15,,,,,outages_2026_08_28_21_40_44.json,,,,DPTA,,,,,,observed_max,,unknown,2026-10-15
20216753,181508,EGAT,2026-10-13,2026-10-26,148000.0,No impact to FT-D anticipated,"Empress/McNeill Borders; Segments 15, 16, 17, 18, 19, 20, partial 21, 23, partial 28",Gold Creek B3 - Compressor Station Maintenance,outages_2026_08_28_21_40_44.json,5226.575600000001,Gold Creek B3,Compressor Station Maintenance,East Gate (Empress/McNeill),Empress Border Flow|Mcneil Border Flow,15|16|17|18|19|20|21|23|28,NLAT|ELAT|ALEG|BLEG|EGAT|MLAT|WGAT|WAIN|EDM,North Lateral|East Lateral|ALEG|BLEG|EGAT|Mainline Lateral|WGAT|WAIN|EDM,5650.352000000001,tc_row_base,7.499999999999996,moderate,2026-10-15
20217018,181507,EGAT,2026-10-13,2026-10-23,149000.0,No impact to FT-D anticipated,"Empress/McNeill Borders; Segments 15, 16, 17, 18, 19, 20, partial 21, 23, partial 28",Nordegg B - Compressor Station Maintenance,outages_2026_08_28_21_40_44.json,5261.890300000001,Nordegg B,Compressor Station Maintenance,East Gate (Empress/McNeill),Empress Border Flow|Mcneil Border Flow,15|16|17|18|19|20|21|23|28,NLAT|ELAT|ALEG|BLEG|EGAT|MLAT|WGAT|WAIN|EDM,North Lateral|East Lateral|ALEG|BLEG|EGAT|Mainline Lateral|WGAT|WAIN|EDM,5650.352000000001,tc_row_base,6.874999999999998,moderate,2026-10-15
20614447,181512,LCLD,2026-10-14,2026-10-30,0.0,Otauwau Sales,,NPS 8 Mitsue Lateral - Pipeline Modifications,outages_2026_08_28_21_40_44.json,0.0,NPS 8 Mitsue Lateral,Pipeline Modifications,Local delivery point,,,,,0.0,observed_max,,unknown,2026-10-15
20614447,181510,LCLR,2026-10-14,2026-10-30,100.0,"Mitsue, Nipisi",,NPS 8 Mitsue Lateral - Pipeline Modifications,outages_2026_08_28_21_40_44.json,3.5314700000000006,NPS 8 Mitsue Lateral,Pipeline Modifications,Local receipt point,,,,,5403.1491000000005,observed_max,99.93464052287581,severe,2026-10-15
-1792044010,181509,RPTA,2026-10-13,2026-10-15,,,,,outages_2026_08_28_21_40_44.json,,,,RPTA,,,,,,observed_max,,unknown,2026-10-15
20216753,181503,USJR,2026-10-13,2026-10-26,377000.0,Potential impact to FT-R,USJR,Gold Creek B3 - Compressor Station Maintenance,outages_2026_08_28_21_40_44.json,13313.641900000002,Gold Creek B3,Compressor Station Maintenance,Upstream James River,Total Receipts,,,,13596.159500000002,tc_row_base,2.0779220779220675,minor,2026-10-15
20217018,181502,USJR,2026-10-13,2026-10-23,378000.0,Potential impact to FT-R,USJR,Nordegg B - Compressor Station Maintenance,outages_2026_08_28_21_40_44.json,13348.956600000001,Nordegg B,Compressor Station Maintenance,Upstream James River,Total Receipts,,,,13596.159500000002,tc_row_base,1.8181818181818188,minor,2026-10-15
20216753,181506,WGAT,2026-10-13,2026-10-26,87000.0,No impact to FT-D anticipated,Alberta/BC and Alberta/Montana Borders; Segments 22 and partial 21,Gold Creek B3 - Compressor Station Maintenance,outages_2026_08_28_21_40_44.json,3072.3789,Gold Creek B3,Compressor Station Maintenance,West Gate (AB/BC + AB/MT),Alberta-BC Border Flow,21|22,WGAT|SLAT,WGAT|South Lateral,3178.3230000000003,tc_row_base,3.3333333333333326,minor,2026-10-15
20217018,181505,WGAT,2026-10-13,2026-10-23,87000.0,No impact to FT-D anticipated,Alberta/BC and Alberta/Montana Borders; Segments 22 and partial 21,Nordegg B - Compressor Station Maintenance,outages_2026_08_28_21_40_44.json,3072.3789,Nordegg B,Compressor Station Maintenance,West Gate (AB/BC + AB/MT),Alberta-BC Border Flow,21|22,WGAT|SLAT,WGAT|South Lateral,3178.3230000000003,tc_row_base,3.3333333333333326,minor,2026-10-15
20216862,181511,WGAT,2026-10-14,2026-10-20,76000.0,Potential Impact to FT-D,Alberta/BC and Alberta/Montana Borders; Segments 22 and partial 21,Turner Valley A1 & A2 - Compressor Station Maintenance,outages_2026_08_28_21_40_44.json,2683.9172000000003,Turner Valley A1 & A2,Compressor Station Maintenance,West Gate (AB/BC + AB/MT),Alberta-BC Border Flow,21|22,WGAT|SLAT,WGAT|South Lateral,3178.3230000000003,tc_row_base,15.555555555555555,severe,2026-10-15
-1792648811,181513,DPTA,2026-10-16,2026-10-22,,,,,outages_2026_08_28_21_40_44.json,,,,DPTA,,,,,,observed_max,,unknown,2026-10-16
20216753,181508,EGAT,2026-10-13,2026-10-26,148000.0,No impact to FT-D anticipated,"Empress/McNeill Borders; Segments 15, 16, 17, 18, 19, 20, partial 21, 23, partial 28",Gold Creek B3 - Compressor Station Maintenance,outages_2026_08_28_21_40_44.json,5226.575600000001,Gold Creek B3,Compressor Station Maintenance,East Gate (Empress/McNeill),Empress Border Flow|Mcneil Border Flow,15|16|17|18|19|20|21|23|28,NLAT|ELAT|ALEG|BLEG|EGAT|MLAT|WGAT|WAIN|EDM,North Lateral|East Lateral|ALEG|BLEG|EGAT|Mainline Lateral|WGAT|WAIN|EDM,5650.352000000001,tc_row_base,7.499999999999996,moderate,2026-10-16
20217018,181507,EGAT,2026-10-13,2026-10-23,149000.0,No impact to FT-D anticipated,"Empress/McNeill Borders; Segments 15, 16, 17, 18, 19, 20, partial 21, 23, partial 28",Nordegg B - Compressor Station Maintenance,outages_2026_08_28_21_40_44.json,5261.890300000001,Nordegg B,Compressor Station Maintenance,East Gate (Empress/McNeill),Empress Border Flow|Mcneil Border Flow,15|16|17|18|19|20|21|23|28,NLAT|ELAT|ALEG|BLEG|EGAT|MLAT|WGAT|WAIN|EDM,North Lateral|East Lateral|ALEG|BLEG|EGAT|Mainline Lateral|WGAT|WAIN|EDM,5650.352000000001,tc_row_base,6.874999999999998,moderate,2026-10-16
20614447,181512,LCLD,2026-10-14,2026-10-30,0.0,Otauwau Sales,,NPS 8 Mitsue Lateral - Pipeline Modifications,outages_2026_08_28_21_40_44.json,0.0,NPS 8 Mitsue Lateral,Pipeline Modifications,Local delivery point,,,,,0.0,observed_max,,unknown,2026-10-16
20614447,181510,LCLR,2026-10-14,2026-10-30,100.0,"Mitsue, Nipisi",,NPS 8 Mitsue Lateral - Pipeline Modifications,outages_2026_08_28_21_40_44.json,3.5314700000000006,NPS 8 Mitsue Lateral,Pipeline Modifications,Local receipt point,,,,,5403.1491000000005,observed_max,99.93464052287581,severe,2026-10-16
20216753,181503,USJR,2026-10-13,2026-10-26,377000.0,Potential impact to FT-R,USJR,Gold Creek B3 - Compressor Station Maintenance,outages_2026_08_28_21_40_44.json,13313.641900000002,Gold Creek B3,Compressor Station Maintenance,Upstream James River,Total Receipts,,,,13596.159500000002,tc_row_base,2.0779220779220675,minor,2026-10-16
20217018,181502,USJR,2026-10-13,2026-10-23,378000.0,Potential impact to FT-R,USJR,Nordegg B - Compressor Station Maintenance,outages_2026_08_28_21_40_44.json,13348.956600000001,Nordegg B,Compressor Station Maintenance,Upstream James River,Total Receipts,,,,13596.159500000002,tc_row_base,1.8181818181818188,minor,2026-10-16
20216753,181506,WGAT,2026-10-13,2026-10-26,87000.0,No impact to FT-D anticipated,Alberta/BC and Alberta/Montana Borders; Segments 22 and partial 21,Gold Creek B3 - Compressor Station Maintenance,outages_2026_08_28_21_40_44.json,3072.3789,Gold Creek B3,Compressor Station Maintenance,West Gate (AB/BC + AB/MT),Alberta-BC Border Flow,21|22,WGAT|SLAT,WGAT|South Lateral,3178.3230000000003,tc_row_base,3.3333333333333326,minor,2026-10-16
20217018,181505,WGAT,2026-10-13,2026-10-23,87000.0,No impact to FT-D anticipated,Alberta/BC and Alberta/Montana Borders; Segments 22 and partial 21,Nordegg B - Compressor Station Maintenance,outages_2026_08_28_21_40_44.json,3072.3789,Nordegg B,Compressor Station Maintenance,West Gate (AB/BC + AB/MT),Alberta-BC Border Flow,21|22,WGAT|SLAT,WGAT|South Lateral,3178.3230000000003,tc_row_base,3.3333333333333326,minor,2026-10-16
20216862,181511,WGAT,2026-10-14,2026-10-20,76000.0,Potential Impact to FT-D,Alberta/BC and Alberta/Montana Borders; Segments 22 and partial 21,Turner Valley A1 & A2 - Compressor Station Maintenance,outages_2026_08_28_21_40_44.json,2683.9172000000003,Turner Valley A1 & A2,Compressor Station Maintenance,West Gate (AB/BC + AB/MT),Alberta-BC Border Flow,21|22,WGAT|SLAT,WGAT|South Lateral,3178.3230000000003,tc_row_base,15.555555555555555,severe,2026-10-16
-1792648811,181513,DPTA,2026-10-16,2026-10-22,,,,,outages_2026_08_28_21_40_44.json,,,,DPTA,,,,,,observed_max,,unknown,2026-10-17
20216753,181508,EGAT,2026-10-13,2026-10-26,148000.0,No impact to FT-D anticipated,"Empress/McNeill Borders; Segments 15, 16, 17, 18, 19, 20, partial 21, 23, partial 28",Gold Creek B3 - Compressor Station Maintenance,outages_2026_08_28_21_40_44.json,5226.575600000001,Gold Creek B3,Compressor Station Maintenance,East Gate (Empress/McNeill),Empress Border Flow|Mcneil Border Flow,15|16|17|18|19|20|21|23|28,NLAT|ELAT|ALEG|BLEG|EGAT|MLAT|WGAT|WAIN|EDM,North Lateral|East Lateral|ALEG|BLEG|EGAT|Mainline Lateral|WGAT|WAIN|EDM,5650.352000000001,tc_row_base,7.499999999999996,moderate,2026-10-17
20217018,181507,EGAT,2026-10-13,2026-10-23,149000.0,No impact to FT-D anticipated,"Empress/McNeill Borders; Segments 15, 16, 17, 18, 19, 20, partial 21, 23, partial 28",Nordegg B - Compressor Station Maintenance,outages_2026_08_28_21_40_44.json,5261.890300000001,Nordegg B,Compressor Station Maintenance,East Gate (Empress/McNeill),Empress Border Flow|Mcneil Border Flow,15|16|17|18|19|20|21|23|28,NLAT|ELAT|ALEG|BLEG|EGAT|MLAT|WGAT|WAIN|EDM,North Lateral|East Lateral|ALEG|BLEG|EGAT|Mainline Lateral|WGAT|WAIN|EDM,5650.352000000001,tc_row_base,6.874999999999998,moderate,2026-10-17
20614447,181512,LCLD,2026-10-14,2026-10-30,0.0,Otauwau Sales,,NPS 8 Mitsue Lateral - Pipeline Modifications,outages_2026_08_28_21_40_44.json,0.0,NPS 8 Mitsue Lateral,Pipeline Modifications,Local delivery point,,,,,0.0,observed_max,,unknown,2026-10-17
20614447,181510,LCLR,2026-10-14,2026-10-30,100.0,"Mitsue, Nipisi",,NPS 8 Mitsue Lateral - Pipeline Modifications,outages_2026_08_28_21_40_44.json,3.5314700000000006,NPS 8 Mitsue Lateral,Pipeline Modifications,Local receipt point,,,,,5403.1491000000005,observed_max,99.93464052287581,severe,2026-10-17
20216753,181503,USJR,2026-10-13,2026-10-26,377000.0,Potential impact to FT-R,USJR,Gold Creek B3 - Compressor Station Maintenance,outages_2026_08_28_21_40_44.json,13313.641900000002,Gold Creek B3,Compressor Station Maintenance,Upstream James River,Total Receipts,,,,13596.159500000002,tc_row_base,2.0779220779220675,minor,2026-10-17
20217018,181502,USJR,2026-10-13,2026-10-23,378000.0,Potential impact to FT-R,USJR,Nordegg B - Compressor Station Maintenance,outages_2026_08_28_21_40_44.json,13348.956600000001,Nordegg B,Compressor Station Maintenance,Upstream James River,Total Receipts,,,,13596.159500000002,tc_row_base,1.8181818181818188,minor,2026-10-17
20216753,181506,WGAT,2026-10-13,2026-10-26,87000.0,No impact to FT-D anticipated,Alberta/BC and Alberta/Montana Borders; Segments 22 and partial 21,Gold Creek B3 - Compressor Station Maintenance,outages_2026_08_28_21_40_44.json,3072.3789,Gold Creek B3,Compressor Station Maintenance,West Gate (AB/BC + AB/MT),Alberta-BC Border Flow,21|22,WGAT|SLAT,WGAT|South Lateral,3178.3230000000003,tc_row_base,3.3333333333333326,minor,2026-10-17
20217018,181505,WGAT,2026-10-13,2026-10-23,87000.0,No impact to FT-D anticipated,Alberta/BC and Alberta/Montana Borders; Segments 22 and partial 21,Nordegg B - Compressor Station Maintenance,outages_2026_08_28_21_40_44.json,3072.3789,Nordegg B,Compressor Station Maintenance,West Gate (AB/BC + AB/MT),Alberta-BC Border Flow,21|22,WGAT|SLAT,WGAT|South Lateral,3178.3230000000003,tc_row_base,3.3333333333333326,minor,2026-10-17
20216862,181511,WGAT,2026-10-14,2026-10-20,76000.0,Potential Impact to FT-D,Alberta/BC and Alberta/Montana Borders; Segments 22 and partial 21,Turner Valley A1 & A2 - Compressor Station Maintenance,outages_2026_08_28_21_40_44.json,2683.9172000000003,Turner Valley A1 & A2,Compressor Station Maintenance,West Gate (AB/BC + AB/MT),Alberta-BC Border Flow,21|22,WGAT|SLAT,WGAT|South Lateral,3178.3230000000003,tc_row_base,15.555555555555555,severe,2026-10-17
-1792648811,181513,DPTA,2026-10-16,2026-10-22,,,,,outages_2026_08_28_21_40_44.json,,,,DPTA,,,,,,observed_max,,unknown,2026-10-18
20216753,181508,EGAT,2026-10-13,2026-10-26,148000.0,No impact to FT-D anticipated,"Empress/McNeill Borders; Segments 15, 16, 17, 18, 19, 20, partial 21, 23, partial 28",Gold Creek B3 - Compressor Station Maintenance,outages_2026_08_28_21_40_44.json,5226.575600000001,Gold Creek B3,Compressor Station Maintenance,East Gate (Empress/McNeill),Empress Border Flow|Mcneil Border Flow,15|16|17|18|19|20|21|23|28,NLAT|ELAT|ALEG|BLEG|EGAT|MLAT|WGAT|WAIN|EDM,North Lateral|East Lateral|ALEG|BLEG|EGAT|Mainline Lateral|WGAT|WAIN|EDM,5650.352000000001,tc_row_base,7.499999999999996,moderate,2026-10-18
20217018,181507,EGAT,2026-10-13,2026-10-23,149000.0,No impact to FT-D anticipated,"Empress/McNeill Borders; Segments 15, 16, 17, 18, 19, 20, partial 21, 23, partial 28",Nordegg B - Compressor Station Maintenance,outages_2026_08_28_21_40_44.json,5261.890300000001,Nordegg B,Compressor Station Maintenance,East Gate (Empress/McNeill),Empress Border Flow|Mcneil Border Flow,15|16|17|18|19|20|21|23|28,NLAT|ELAT|ALEG|BLEG|EGAT|MLAT|WGAT|WAIN|EDM,North Lateral|East Lateral|ALEG|BLEG|EGAT|Mainline Lateral|WGAT|WAIN|EDM,5650.352000000001,tc_row_base,6.874999999999998,moderate,2026-10-18
20614447,181512,LCLD,2026-10-14,2026-10-30,0.0,Otauwau Sales,,NPS 8 Mitsue Lateral - Pipeline Modifications,outages_2026_08_28_21_40_44.json,0.0,NPS 8 Mitsue Lateral,Pipeline Modifications,Local delivery point,,,,,0.0,observed_max,,unknown,2026-10-18
20614447,181510,LCLR,2026-10-14,2026-10-30,100.0,"Mitsue, Nipisi",,NPS 8 Mitsue Lateral - Pipeline Modifications,outages_2026_08_28_21_40_44.json,3.5314700000000006,NPS 8 Mitsue Lateral,Pipeline Modifications,Local receipt point,,,,,5403.1491000000005,observed_max,99.93464052287581,severe,2026-10-18
20216753,181503,USJR,2026-10-13,2026-10-26,377000.0,Potential impact to FT-R,USJR,Gold Creek B3 - Compressor Station Maintenance,outages_2026_08_28_21_40_44.json,13313.641900000002,Gold Creek B3,Compressor Station Maintenance,Upstream James River,Total Receipts,,,,13596.159500000002,tc_row_base,2.0779220779220675,minor,2026-10-18
20217018,181502,USJR,2026-10-13,2026-10-23,378000.0,Potential impact to FT-R,USJR,Nordegg B - Compressor Station Maintenance,outages_2026_08_28_21_40_44.json,13348.956600000001,Nordegg B,Compressor Station Maintenance,Upstream James River,Total Receipts,,,,13596.159500000002,tc_row_base,1.8181818181818188,minor,2026-10-18
20216753,181506,WGAT,2026-10-13,2026-10-26,87000.0,No impact to FT-D anticipated,Alberta/BC and Alberta/Montana Borders; Segments 22 and partial 21,Gold Creek B3 - Compressor Station Maintenance,outages_2026_08_28_21_40_44.json,3072.3789,Gold Creek B3,Compressor Station Maintenance,West Gate (AB/BC + AB/MT),Alberta-BC Border Flow,21|22,WGAT|SLAT,WGAT|South Lateral,3178.3230000000003,tc_row_base,3.3333333333333326,minor,2026-10-18
20217018,181505,WGAT,2026-10-13,2026-10-23,87000.0,No impact to FT-D anticipated,Alberta/BC and Alberta/Montana Borders; Segments 22 and partial 21,Nordegg B - Compressor Station Maintenance,outages_2026_08_28_21_40_44.json,3072.3789,Nordegg B,Compressor Station Maintenance,West Gate (AB/BC + AB/MT),Alberta-BC Border Flow,21|22,WGAT|SLAT,WGAT|South Lateral,3178.3230000000003,tc_row_base,3.3333333333333326,minor,2026-10-18
20216862,181511,WGAT,2026-10-14,2026-10-20,76000.0,Potential Impact to FT-D,Alberta/BC and Alberta/Montana Borders; Segments 22 and partial 21,Turner Valley A1 & A2 - Compressor Station Maintenance,outages_2026_08_28_21_40_44.json,2683.9172000000003,Turner Valley A1 & A2,Compressor Station Maintenance,West Gate (AB/BC + AB/MT),Alberta-BC Border Flow,21|22,WGAT|SLAT,WGAT|South Lateral,3178.3230000000003,tc_row_base,15.555555555555555,severe,2026-10-18
-1792648811,181513,DPTA,2026-10-16,2026-10-22,,,,,outages_2026_08_28_21_40_44.json,,,,DPTA,,,,,,observed_max,,unknown,2026-10-19
20216753,181508,EGAT,2026-10-13,2026-10-26,148000.0,No impact to FT-D anticipated,"Empress/McNeill Borders; Segments 15, 16, 17, 18, 19, 20, partial 21, 23, partial 28",Gold Creek B3 - Compressor Station Maintenance,outages_2026_08_28_21_40_44.json,5226.575600000001,Gold Creek B3,Compressor Station Maintenance,East Gate (Empress/McNeill),Empress Border Flow|Mcneil Border Flow,15|16|17|18|19|20|21|23|28,NLAT|ELAT|ALEG|BLEG|EGAT|MLAT|WGAT|WAIN|EDM,North Lateral|East Lateral|ALEG|BLEG|EGAT|Mainline Lateral|WGAT|WAIN|EDM,5650.352000000001,tc_row_base,7.499999999999996,moderate,2026-10-19
20217018,181507,EGAT,2026-10-13,2026-10-23,149000.0,No impact to FT-D anticipated,"Empress/McNeill Borders; Segments 15, 16, 17, 18, 19, 20, partial 21, 23, partial 28",Nordegg B - Compressor Station Maintenance,outages_2026_08_28_21_40_44.json,5261.890300000001,Nordegg B,Compressor Station Maintenance,East Gate (Empress/McNeill),Empress Border Flow|Mcneil Border Flow,15|16|17|18|19|20|21|23|28,NLAT|ELAT|ALEG|BLEG|EGAT|MLAT|WGAT|WAIN|EDM,North Lateral|East Lateral|ALEG|BLEG|EGAT|Mainline Lateral|WGAT|WAIN|EDM,5650.352000000001,tc_row_base,6.874999999999998,moderate,2026-10-19
20614447,181512,LCLD,2026-10-14,2026-10-30,0.0,Otauwau Sales,,NPS 8 Mitsue Lateral - Pipeline Modifications,outages_2026_08_28_21_40_44.json,0.0,NPS 8 Mitsue Lateral,Pipeline Modifications,Local delivery point,,,,,0.0,observed_max,,unknown,2026-10-19
20614447,181510,LCLR,2026-10-14,2026-10-30,100.0,"Mitsue, Nipisi",,NPS 8 Mitsue Lateral - Pipeline Modifications,outages_2026_08_28_21_40_44.json,3.5314700000000006,NPS 8 Mitsue Lateral,Pipeline Modifications,Local receipt point,,,,,5403.1491000000005,observed_max,99.93464052287581,severe,2026-10-19
20216753,181503,USJR,2026-10-13,2026-10-26,377000.0,Potential impact to FT-R,USJR,Gold Creek B3 - Compressor Station Maintenance,outages_2026_08_28_21_40_44.json,13313.641900000002,Gold Creek B3,Compressor Station Maintenance,Upstream James River,Total Receipts,,,,13596.159500000002,tc_row_base,2.0779220779220675,minor,2026-10-19
20217018,181502,USJR,2026-10-13,2026-10-23,378000.0,Potential impact to FT-R,USJR,Nordegg B - Compressor Station Maintenance,outages_2026_08_28_21_40_44.json,13348.956600000001,Nordegg B,Compressor Station Maintenance,Upstream James River,Total Receipts,,,,13596.159500000002,tc_row_base,1.8181818181818188,minor,2026-10-19
20216753,181506,WGAT,2026-10-13,2026-10-26,87000.0,No impact to FT-D anticipated,Alberta/BC and Alberta/Montana Borders; Segments 22 and partial 21,Gold Creek B3 - Compressor Station Maintenance,outages_2026_08_28_21_40_44.json,3072.3789,Gold Creek B3,Compressor Station Maintenance,West Gate (AB/BC + AB/MT),Alberta-BC Border Flow,21|22,WGAT|SLAT,WGAT|South Lateral,3178.3230000000003,tc_row_base,3.3333333333333326,minor,2026-10-19
20217018,181505,WGAT,2026-10-13,2026-10-23,87000.0,No impact to FT-D anticipated,Alberta/BC and Alberta/Montana Borders; Segments 22 and partial 21,Nordegg B - Compressor Station Maintenance,outages_2026_08_28_21_40_44.json,3072.3789,Nordegg B,Compressor Station Maintenance,West Gate (AB/BC + AB/MT),Alberta-BC Border Flow,21|22,WGAT|SLAT,WGAT|South Lateral,3178.3230000000003,tc_row_base,3.3333333333333326,minor,2026-10-19
20216862,181511,WGAT,2026-10-14,2026-10-20,76000.0,Potential Impact to FT-D,Alberta/BC and Alberta/Montana Borders; Segments 22 and partial 21,Turner Valley A1 & A2 - Compressor Station Maintenance,outages_2026_08_28_21_40_44.json,2683.9172000000003,Turner Valley A1 & A2,Compressor Station Maintenance,West Gate (AB/BC + AB/MT),Alberta-BC Border Flow,21|22,WGAT|SLAT,WGAT|South Lateral,3178.3230000000003,tc_row_base,15.555555555555555,severe,2026-10-19
-1792648811,181513,DPTA,2026-10-16,2026-10-22,,,,,outages_2026_08_28_21_40_44.json,,,,DPTA,,,,,,observed_max,,unknown,2026-10-20
20216753,181508,EGAT,2026-10-13,2026-10-26,148000.0,No impact to FT-D anticipated,"Empress/McNeill Borders; Segments 15, 16, 17, 18, 19, 20, partial 21, 23, partial 28",Gold Creek B3 - Compressor Station Maintenance,outages_2026_08_28_21_40_44.json,5226.575600000001,Gold Creek B3,Compressor Station Maintenance,East Gate (Empress/McNeill),Empress Border Flow|Mcneil Border Flow,15|16|17|18|19|20|21|23|28,NLAT|ELAT|ALEG|BLEG|EGAT|MLAT|WGAT|WAIN|EDM,North Lateral|East Lateral|ALEG|BLEG|EGAT|Mainline Lateral|WGAT|WAIN|EDM,5650.352000000001,tc_row_base,7.499999999999996,moderate,2026-10-20
20217018,181507,EGAT,2026-10-13,2026-10-23,149000.0,No impact to FT-D anticipated,"Empress/McNeill Borders; Segments 15, 16, 17, 18, 19, 20, partial 21, 23, partial 28",Nordegg B - Compressor Station Maintenance,outages_2026_08_28_21_40_44.json,5261.890300000001,Nordegg B,Compressor Station Maintenance,East Gate (Empress/McNeill),Empress Border Flow|Mcneil Border Flow,15|16|17|18|19|20|21|23|28,NLAT|ELAT|ALEG|BLEG|EGAT|MLAT|WGAT|WAIN|EDM,North Lateral|East Lateral|ALEG|BLEG|EGAT|Mainline Lateral|WGAT|WAIN|EDM,5650.352000000001,tc_row_base,6.874999999999998,moderate,2026-10-20
20614447,181512,LCLD,2026-10-14,2026-10-30,0.0,Otauwau Sales,,NPS 8 Mitsue Lateral - Pipeline Modifications,outages_2026_08_28_21_40_44.json,0.0,NPS 8 Mitsue Lateral,Pipeline Modifications,Local delivery point,,,,,0.0,observed_max,,unknown,2026-10-20
20614447,181510,LCLR,2026-10-14,2026-10-30,100.0,"Mitsue, Nipisi",,NPS 8 Mitsue Lateral - Pipeline Modifications,outages_2026_08_28_21_40_44.json,3.5314700000000006,NPS 8 Mitsue Lateral,Pipeline Modifications,Local receipt point,,,,,5403.1491000000005,observed_max,99.93464052287581,severe,2026-10-20
20216753,181503,USJR,2026-10-13,2026-10-26,377000.0,Potential impact to FT-R,USJR,Gold Creek B3 - Compressor Station Maintenance,outages_2026_08_28_21_40_44.json,13313.641900000002,Gold Creek B3,Compressor Station Maintenance,Upstream James River,Total Receipts,,,,13596.159500000002,tc_row_base,2.0779220779220675,minor,2026-10-20
20217018,181502,USJR,2026-10-13,2026-10-23,378000.0,Potential impact to FT-R,USJR,Nordegg B - Compressor Station Maintenance,outages_2026_08_28_21_40_44.json,13348.956600000001,Nordegg B,Compressor Station Maintenance,Upstream James River,Total Receipts,,,,13596.159500000002,tc_row_base,1.8181818181818188,minor,2026-10-20
20216753,181506,WGAT,2026-10-13,2026-10-26,87000.0,No impact to FT-D anticipated,Alberta/BC and Alberta/Montana Borders; Segments 22 and partial 21,Gold Creek B3 - Compressor Station Maintenance,outages_2026_08_28_21_40_44.json,3072.3789,Gold Creek B3,Compressor Station Maintenance,West Gate (AB/BC + AB/MT),Alberta-BC Border Flow,21|22,WGAT|SLAT,WGAT|South Lateral,3178.3230000000003,tc_row_base,3.3333333333333326,minor,2026-10-20
20217018,181505,WGAT,2026-10-13,2026-10-23,87000.0,No impact to FT-D anticipated,Alberta/BC and Alberta/Montana Borders; Segments 22 and partial 21,Nordegg B - Compressor Station Maintenance,outages_2026_08_28_21_40_44.json,3072.3789,Nordegg B,Compressor Station Maintenance,West Gate (AB/BC + AB/MT),Alberta-BC Border Flow,21|22,WGAT|SLAT,WGAT|South Lateral,3178.3230000000003,tc_row_base,3.3333333333333326,minor,2026-10-20
20216862,181511,WGAT,2026-10-14,2026-10-20,76000.0,Potential Impact to FT-D,Alberta/BC and Alberta/Montana Borders; Segments 22 and partial 21,Turner Valley A1 & A2 - Compressor Station Maintenance,outages_2026_08_28_21_40_44.json,2683.9172000000003,Turner Valley A1 & A2,Compressor Station Maintenance,West Gate (AB/BC + AB/MT),Alberta-BC Border Flow,21|22,WGAT|SLAT,WGAT|South Lateral,3178.3230000000003,tc_row_base,15.555555555555555,severe,2026-10-20
-1792648811,181513,DPTA,2026-10-16,2026-10-22,,,,,outages_2026_08_28_21_40_44.json,,,,DPTA,,,,,,observed_max,,unknown,2026-10-21
20216753,181508,EGAT,2026-10-13,2026-10-26,148000.0,No impact to FT-D anticipated,"Empress/McNeill Borders; Segments 15, 16, 17, 18, 19, 20, partial 21, 23, partial 28",Gold Creek B3 - Compressor Station Maintenance,outages_2026_08_28_21_40_44.json,5226.575600000001,Gold Creek B3,Compressor Station Maintenance,East Gate (Empress/McNeill),Empress Border Flow|Mcneil Border Flow,15|16|17|18|19|20|21|23|28,NLAT|ELAT|ALEG|BLEG|EGAT|MLAT|WGAT|WAIN|EDM,North Lateral|East Lateral|ALEG|BLEG|EGAT|Mainline Lateral|WGAT|WAIN|EDM,5650.352000000001,tc_row_base,7.499999999999996,moderate,2026-10-21
20217018,181507,EGAT,2026-10-13,2026-10-23,149000.0,No impact to FT-D anticipated,"Empress/McNeill Borders; Segments 15, 16, 17, 18, 19, 20, partial 21, 23, partial 28",Nordegg B - Compressor Station Maintenance,outages_2026_08_28_21_40_44.json,5261.890300000001,Nordegg B,Compressor Station Maintenance,East Gate (Empress/McNeill),Empress Border Flow|Mcneil Border Flow,15|16|17|18|19|20|21|23|28,NLAT|ELAT|ALEG|BLEG|EGAT|MLAT|WGAT|WAIN|EDM,North Lateral|East Lateral|ALEG|BLEG|EGAT|Mainline Lateral|WGAT|WAIN|EDM,5650.352000000001,tc_row_base,6.874999999999998,moderate,2026-10-21
20614447,181512,LCLD,2026-10-14,2026-10-30,0.0,Otauwau Sales,,NPS 8 Mitsue Lateral - Pipeline Modifications,outages_2026_08_28_21_40_44.json,0.0,NPS 8 Mitsue Lateral,Pipeline Modifications,Local delivery point,,,,,0.0,observed_max,,unknown,2026-10-21
20614447,181510,LCLR,2026-10-14,2026-10-30,100.0,"Mitsue, Nipisi",,NPS 8 Mitsue Lateral - Pipeline Modifications,outages_2026_08_28_21_40_44.json,3.5314700000000006,NPS 8 Mitsue Lateral,Pipeline Modifications,Local receipt point,,,,,5403.1491000000005,observed_max,99.93464052287581,severe,2026-10-21
20216753,181503,USJR,2026-10-13,2026-10-26,377000.0,Potential impact to FT-R,USJR,Gold Creek B3 - Compressor Station Maintenance,outages_2026_08_28_21_40_44.json,13313.641900000002,Gold Creek B3,Compressor Station Maintenance,Upstream James River,Total Receipts,,,,13596.159500000002,tc_row_base,2.0779220779220675,minor,2026-10-21
20217018,181502,USJR,2026-10-13,2026-10-23,378000.0,Potential impact to FT-R,USJR,Nordegg B - Compressor Station Maintenance,outages_2026_08_28_21_40_44.json,13348.956600000001,Nordegg B,Compressor Station Maintenance,Upstream James River,Total Receipts,,,,13596.159500000002,tc_row_base,1.8181818181818188,minor,2026-10-21
20216753,181506,WGAT,2026-10-13,2026-10-26,87000.0,No impact to FT-D anticipated,Alberta/BC and Alberta/Montana Borders; Segments 22 and partial 21,Gold Creek B3 - Compressor Station Maintenance,outages_2026_08_28_21_40_44.json,3072.3789,Gold Creek B3,Compressor Station Maintenance,West Gate (AB/BC + AB/MT),Alberta-BC Border Flow,21|22,WGAT|SLAT,WGAT|South Lateral,3178.3230000000003,tc_row_base,3.3333333333333326,minor,2026-10-21
20217018,181505,WGAT,2026-10-13,2026-10-23,87000.0,No impact to FT-D anticipated,Alberta/BC and Alberta/Montana Borders; Segments 22 and partial 21,Nordegg B - Compressor Station Maintenance,outages_2026_08_28_21_40_44.json,3072.3789,Nordegg B,Compressor Station Maintenance,West Gate (AB/BC + AB/MT),Alberta-BC Border Flow,21|22,WGAT|SLAT,WGAT|South Lateral,3178.3230000000003,tc_row_base,3.3333333333333326,minor,2026-10-21
-1792648811,181513,DPTA,2026-10-16,2026-10-22,,,,,outages_2026_08_28_21_40_44.json,,,,DPTA,,,,,,observed_max,,unknown,2026-10-22
20216753,181508,EGAT,2026-10-13,2026-10-26,148000.0,No impact to FT-D anticipated,"Empress/McNeill Borders; Segments 15, 16, 17, 18, 19, 20, partial 21, 23, partial 28",Gold Creek B3 - Compressor Station Maintenance,outages_2026_08_28_21_40_44.json,5226.575600000001,Gold Creek B3,Compressor Station Maintenance,East Gate (Empress/McNeill),Empress Border Flow|Mcneil Border Flow,15|16|17|18|19|20|21|23|28,NLAT|ELAT|ALEG|BLEG|EGAT|MLAT|WGAT|WAIN|EDM,North Lateral|East Lateral|ALEG|BLEG|EGAT|Mainline Lateral|WGAT|WAIN|EDM,5650.352000000001,tc_row_base,7.499999999999996,moderate,2026-10-22
20217018,181507,EGAT,2026-10-13,2026-10-23,149000.0,No impact to FT-D anticipated,"Empress/McNeill Borders; Segments 15, 16, 17, 18, 19, 20, partial 21, 23, partial 28",Nordegg B - Compressor Station Maintenance,outages_2026_08_28_21_40_44.json,5261.890300000001,Nordegg B,Compressor Station Maintenance,East Gate (Empress/McNeill),Empress Border Flow|Mcneil Border Flow,15|16|17|18|19|20|21|23|28,NLAT|ELAT|ALEG|BLEG|EGAT|MLAT|WGAT|WAIN|EDM,North Lateral|East Lateral|ALEG|BLEG|EGAT|Mainline Lateral|WGAT|WAIN|EDM,5650.352000000001,tc_row_base,6.874999999999998,moderate,2026-10-22
20614447,181512,LCLD,2026-10-14,2026-10-30,0.0,Otauwau Sales,,NPS 8 Mitsue Lateral - Pipeline Modifications,outages_2026_08_28_21_40_44.json,0.0,NPS 8 Mitsue Lateral,Pipeline Modifications,Local delivery point,,,,,0.0,observed_max,,unknown,2026-10-22
20614447,181510,LCLR,2026-10-14,2026-10-30,100.0,"Mitsue, Nipisi",,NPS 8 Mitsue Lateral - Pipeline Modifications,outages_2026_08_28_21_40_44.json,3.5314700000000006,NPS 8 Mitsue Lateral,Pipeline Modifications,Local receipt point,,,,,5403.1491000000005,observed_max,99.93464052287581,severe,2026-10-22
20216753,181503,USJR,2026-10-13,2026-10-26,377000.0,Potential impact to FT-R,USJR,Gold Creek B3 - Compressor Station Maintenance,outages_2026_08_28_21_40_44.json,13313.641900000002,Gold Creek B3,Compressor Station Maintenance,Upstream James River,Total Receipts,,,,13596.159500000002,tc_row_base,2.0779220779220675,minor,2026-10-22
20217018,181502,USJR,2026-10-13,2026-10-23,378000.0,Potential impact to FT-R,USJR,Nordegg B - Compressor Station Maintenance,outages_2026_08_28_21_40_44.json,13348.956600000001,Nordegg B,Compressor Station Maintenance,Upstream James River,Total Receipts,,,,13596.159500000002,tc_row_base,1.8181818181818188,minor,2026-10-22
20216753,181506,WGAT,2026-10-13,2026-10-26,87000.0,No impact to FT-D anticipated,Alberta/BC and Alberta/Montana Borders; Segments 22 and partial 21,Gold Creek B3 - Compressor Station Maintenance,outages_2026_08_28_21_40_44.json,3072.3789,Gold Creek B3,Compressor Station Maintenance,West Gate (AB/BC + AB/MT),Alberta-BC Border Flow,21|22,WGAT|SLAT,WGAT|South Lateral,3178.3230000000003,tc_row_base,3.3333333333333326,minor,2026-10-22
20217018,181505,WGAT,2026-10-13,2026-10-23,87000.0,No impact to FT-D anticipated,Alberta/BC and Alberta/Montana Borders; Segments 22 and partial 21,Nordegg B - Compressor Station Maintenance,outages_2026_08_28_21_40_44.json,3072.3789,Nordegg B,Compressor Station Maintenance,West Gate (AB/BC + AB/MT),Alberta-BC Border Flow,21|22,WGAT|SLAT,WGAT|South Lateral,3178.3230000000003,tc_row_base,3.3333333333333326,minor,2026-10-22
20216753,181508,EGAT,2026-10-13,2026-10-26,148000.0,No impact to FT-D anticipated,"Empress/McNeill Borders; Segments 15, 16, 17, 18, 19, 20, partial 21, 23, partial 28",Gold Creek B3 - Compressor Station Maintenance,outages_2026_08_28_21_40_44.json,5226.575600000001,Gold Creek B3,Compressor Station Maintenance,East Gate (Empress/McNeill),Empress Border Flow|Mcneil Border Flow,15|16|17|18|19|20|21|23|28,NLAT|ELAT|ALEG|BLEG|EGAT|MLAT|WGAT|WAIN|EDM,North Lateral|East Lateral|ALEG|BLEG|EGAT|Mainline Lateral|WGAT|WAIN|EDM,5650.352000000001,tc_row_base,7.499999999999996,moderate,2026-10-23
20217018,181507,EGAT,2026-10-13,2026-10-23,149000.0,No impact to FT-D anticipated,"Empress/McNeill Borders; Segments 15, 16, 17, 18, 19, 20, partial 21, 23, partial 28",Nordegg B - Compressor Station Maintenance,outages_2026_08_28_21_40_44.json,5261.890300000001,Nordegg B,Compressor Station Maintenance,East Gate (Empress/McNeill),Empress Border Flow|Mcneil Border Flow,15|16|17|18|19|20|21|23|28,NLAT|ELAT|ALEG|BLEG|EGAT|MLAT|WGAT|WAIN|EDM,North Lateral|East Lateral|ALEG|BLEG|EGAT|Mainline Lateral|WGAT|WAIN|EDM,5650.352000000001,tc_row_base,6.874999999999998,moderate,2026-10-23
20614447,181512,LCLD,2026-10-14,2026-10-30,0.0,Otauwau Sales,,NPS 8 Mitsue Lateral - Pipeline Modifications,outages_2026_08_28_21_40_44.json,0.0,NPS 8 Mitsue Lateral,Pipeline Modifications,Local delivery point,,,,,0.0,observed_max,,unknown,2026-10-23
20614447,181510,LCLR,2026-10-14,2026-10-30,100.0,"Mitsue, Nipisi",,NPS 8 Mitsue Lateral - Pipeline Modifications,outages_2026_08_28_21_40_44.json,3.5314700000000006,NPS 8 Mitsue Lateral,Pipeline Modifications,Local receipt point,,,,,5403.1491000000005,observed_max,99.93464052287581,severe,2026-10-23
20216753,181503,USJR,2026-10-13,2026-10-26,377000.0,Potential impact to FT-R,USJR,Gold Creek B3 - Compressor Station Maintenance,outages_2026_08_28_21_40_44.json,13313.641900000002,Gold Creek B3,Compressor Station Maintenance,Upstream James River,Total Receipts,,,,13596.159500000002,tc_row_base,2.0779220779220675,minor,2026-10-23
20217018,181502,USJR,2026-10-13,2026-10-23,378000.0,Potential impact to FT-R,USJR,Nordegg B - Compressor Station Maintenance,outages_2026_08_28_21_40_44.json,13348.956600000001,Nordegg B,Compressor Station Maintenance,Upstream James River,Total Receipts,,,,13596.159500000002,tc_row_base,1.8181818181818188,minor,2026-10-23
20216753,181506,WGAT,2026-10-13,2026-10-26,87000.0,No impact to FT-D anticipated,Alberta/BC and Alberta/Montana Borders; Segments 22 and partial 21,Gold Creek B3 - Compressor Station Maintenance,outages_2026_08_28_21_40_44.json,3072.3789,Gold Creek B3,Compressor Station Maintenance,West Gate (AB/BC + AB/MT),Alberta-BC Border Flow,21|22,WGAT|SLAT,WGAT|South Lateral,3178.3230000000003,tc_row_base,3.3333333333333326,minor,2026-10-23
20217018,181505,WGAT,2026-10-13,2026-10-23,87000.0,No impact to FT-D anticipated,Alberta/BC and Alberta/Montana Borders; Segments 22 and partial 21,Nordegg B - Compressor Station Maintenance,outages_2026_08_28_21_40_44.json,3072.3789,Nordegg B,Compressor Station Maintenance,West Gate (AB/BC + AB/MT),Alberta-BC Border Flow,21|22,WGAT|SLAT,WGAT|South Lateral,3178.3230000000003,tc_row_base,3.3333333333333326,minor,2026-10-23
20216880,181514,EGAT,2026-10-24,2026-10-30,154000.0,No impact to FT-D anticipated,"Empress/McNeill Borders; Segments 15, 16, 17, 18, 19, 20, 23, partial 21, and partial 28",Beiseker B3 - Compressor Station Maintenance,outages_2026_08_28_21_40_44.json,5438.4638,Beiseker B3,Compressor Station Maintenance,East Gate (Empress/McNeill),Empress Border Flow|Mcneil Border Flow,15|16|17|18|19|20|21|23|28,NLAT|ELAT|ALEG|BLEG|EGAT|MLAT|WGAT|WAIN|EDM,North Lateral|East Lateral|ALEG|BLEG|EGAT|Mainline Lateral|WGAT|WAIN|EDM,5650.352000000001,tc_row_base,3.750000000000009,minor,2026-10-24
20216753,181508,EGAT,2026-10-13,2026-10-26,148000.0,No impact to FT-D anticipated,"Empress/McNeill Borders; Segments 15, 16, 17, 18, 19, 20, partial 21, 23, partial 28",Gold Creek B3 - Compressor Station Maintenance,outages_2026_08_28_21_40_44.json,5226.575600000001,Gold Creek B3,Compressor Station Maintenance,East Gate (Empress/McNeill),Empress Border Flow|Mcneil Border Flow,15|16|17|18|19|20|21|23|28,NLAT|ELAT|ALEG|BLEG|EGAT|MLAT|WGAT|WAIN|EDM,North Lateral|East Lateral|ALEG|BLEG|EGAT|Mainline Lateral|WGAT|WAIN|EDM,5650.352000000001,tc_row_base,7.499999999999996,moderate,2026-10-24
20614447,181512,LCLD,2026-10-14,2026-10-30,0.0,Otauwau Sales,,NPS 8 Mitsue Lateral - Pipeline Modifications,outages_2026_08_28_21_40_44.json,0.0,NPS 8 Mitsue Lateral,Pipeline Modifications,Local delivery point,,,,,0.0,observed_max,,unknown,2026-10-24
20614447,181510,LCLR,2026-10-14,2026-10-30,100.0,"Mitsue, Nipisi",,NPS 8 Mitsue Lateral - Pipeline Modifications,outages_2026_08_28_21_40_44.json,3.5314700000000006,NPS 8 Mitsue Lateral,Pipeline Modifications,Local receipt point,,,,,5403.1491000000005,observed_max,99.93464052287581,severe,2026-10-24
20216753,181503,USJR,2026-10-13,2026-10-26,377000.0,Potential impact to FT-R,USJR,Gold Creek B3 - Compressor Station Maintenance,outages_2026_08_28_21_40_44.json,13313.641900000002,Gold Creek B3,Compressor Station Maintenance,Upstream James River,Total Receipts,,,,13596.159500000002,tc_row_base,2.0779220779220675,minor,2026-10-24
20216753,181506,WGAT,2026-10-13,2026-10-26,87000.0,No impact to FT-D anticipated,Alberta/BC and Alberta/Montana Borders; Segments 22 and partial 21,Gold Creek B3 - Compressor Station Maintenance,outages_2026_08_28_21_40_44.json,3072.3789,Gold Creek B3,Compressor Station Maintenance,West Gate (AB/BC + AB/MT),Alberta-BC Border Flow,21|22,WGAT|SLAT,WGAT|South Lateral,3178.3230000000003,tc_row_base,3.3333333333333326,minor,2026-10-24
20216880,181514,EGAT,2026-10-24,2026-10-30,154000.0,No impact to FT-D anticipated,"Empress/McNeill Borders; Segments 15, 16, 17, 18, 19, 20, 23, partial 21, and partial 28",Beiseker B3 - Compressor Station Maintenance,outages_2026_08_28_21_40_44.json,5438.4638,Beiseker B3,Compressor Station Maintenance,East Gate (Empress/McNeill),Empress Border Flow|Mcneil Border Flow,15|16|17|18|19|20|21|23|28,NLAT|ELAT|ALEG|BLEG|EGAT|MLAT|WGAT|WAIN|EDM,North Lateral|East Lateral|ALEG|BLEG|EGAT|Mainline Lateral|WGAT|WAIN|EDM,5650.352000000001,tc_row_base,3.750000000000009,minor,2026-10-25
20216753,181508,EGAT,2026-10-13,2026-10-26,148000.0,No impact to FT-D anticipated,"Empress/McNeill Borders; Segments 15, 16, 17, 18, 19, 20, partial 21, 23, partial 28",Gold Creek B3 - Compressor Station Maintenance,outages_2026_08_28_21_40_44.json,5226.575600000001,Gold Creek B3,Compressor Station Maintenance,East Gate (Empress/McNeill),Empress Border Flow|Mcneil Border Flow,15|16|17|18|19|20|21|23|28,NLAT|ELAT|ALEG|BLEG|EGAT|MLAT|WGAT|WAIN|EDM,North Lateral|East Lateral|ALEG|BLEG|EGAT|Mainline Lateral|WGAT|WAIN|EDM,5650.352000000001,tc_row_base,7.499999999999996,moderate,2026-10-25
20614447,181512,LCLD,2026-10-14,2026-10-30,0.0,Otauwau Sales,,NPS 8 Mitsue Lateral - Pipeline Modifications,outages_2026_08_28_21_40_44.json,0.0,NPS 8 Mitsue Lateral,Pipeline Modifications,Local delivery point,,,,,0.0,observed_max,,unknown,2026-10-25
20614447,181510,LCLR,2026-10-14,2026-10-30,100.0,"Mitsue, Nipisi",,NPS 8 Mitsue Lateral - Pipeline Modifications,outages_2026_08_28_21_40_44.json,3.5314700000000006,NPS 8 Mitsue Lateral,Pipeline Modifications,Local receipt point,,,,,5403.1491000000005,observed_max,99.93464052287581,severe,2026-10-25
20216753,181503,USJR,2026-10-13,2026-10-26,377000.0,Potential impact to FT-R,USJR,Gold Creek B3 - Compressor Station Maintenance,outages_2026_08_28_21_40_44.json,13313.641900000002,Gold Creek B3,Compressor Station Maintenance,Upstream James River,Total Receipts,,,,13596.159500000002,tc_row_base,2.0779220779220675,minor,2026-10-25
20216753,181506,WGAT,2026-10-13,2026-10-26,87000.0,No impact to FT-D anticipated,Alberta/BC and Alberta/Montana Borders; Segments 22 and partial 21,Gold Creek B3 - Compressor Station Maintenance,outages_2026_08_28_21_40_44.json,3072.3789,Gold Creek B3,Compressor Station Maintenance,West Gate (AB/BC + AB/MT),Alberta-BC Border Flow,21|22,WGAT|SLAT,WGAT|South Lateral,3178.3230000000003,tc_row_base,3.3333333333333326,minor,2026-10-25
20216880,181514,EGAT,2026-10-24,2026-10-30,154000.0,No impact to FT-D anticipated,"Empress/McNeill Borders; Segments 15, 16, 17, 18, 19, 20, 23, partial 21, and partial 28",Beiseker B3 - Compressor Station Maintenance,outages_2026_08_28_21_40_44.json,5438.4638,Beiseker B3,Compressor Station Maintenance,East Gate (Empress/McNeill),Empress Border Flow|Mcneil Border Flow,15|16|17|18|19|20|21|23|28,NLAT|ELAT|ALEG|BLEG|EGAT|MLAT|WGAT|WAIN|EDM,North Lateral|East Lateral|ALEG|BLEG|EGAT|Mainline Lateral|WGAT|WAIN|EDM,5650.352000000001,tc_row_base,3.750000000000009,minor,2026-10-26
20216753,181508,EGAT,2026-10-13,2026-10-26,148000.0,No impact to FT-D anticipated,"Empress/McNeill Borders; Segments 15, 16, 17, 18, 19, 20, partial 21, 23, partial 28",Gold Creek B3 - Compressor Station Maintenance,outages_2026_08_28_21_40_44.json,5226.575600000001,Gold Creek B3,Compressor Station Maintenance,East Gate (Empress/McNeill),Empress Border Flow|Mcneil Border Flow,15|16|17|18|19|20|21|23|28,NLAT|ELAT|ALEG|BLEG|EGAT|MLAT|WGAT|WAIN|EDM,North Lateral|East Lateral|ALEG|BLEG|EGAT|Mainline Lateral|WGAT|WAIN|EDM,5650.352000000001,tc_row_base,7.499999999999996,moderate,2026-10-26
20170321,181516,LCLD,2026-10-26,2026-10-29,0.0,"Bigstone Sales, Grizzly Sales",,NPS 12 Bigstone Lateral - Pipeline Maintenance,outages_2026_08_28_21_40_44.json,0.0,NPS 12 Bigstone Lateral,Pipeline Maintenance,Local delivery point,,,,,0.0,observed_max,,unknown,2026-10-26
20614447,181512,LCLD,2026-10-14,2026-10-30,0.0,Otauwau Sales,,NPS 8 Mitsue Lateral - Pipeline Modifications,outages_2026_08_28_21_40_44.json,0.0,NPS 8 Mitsue Lateral,Pipeline Modifications,Local delivery point,,,,,0.0,observed_max,,unknown,2026-10-26
20170321,181515,LCLR,2026-10-26,2026-10-29,0.0,Grizzly,,NPS 12 Bigstone Lateral - Pipeline Maintenance,outages_2026_08_28_21_40_44.json,0.0,NPS 12 Bigstone Lateral,Pipeline Maintenance,Local receipt point,,,,,5403.1491000000005,observed_max,100.0,severe,2026-10-26
20614447,181510,LCLR,2026-10-14,2026-10-30,100.0,"Mitsue, Nipisi",,NPS 8 Mitsue Lateral - Pipeline Modifications,outages_2026_08_28_21_40_44.json,3.5314700000000006,NPS 8 Mitsue Lateral,Pipeline Modifications,Local receipt point,,,,,5403.1491000000005,observed_max,99.93464052287581,severe,2026-10-26
20216753,181503,USJR,2026-10-13,2026-10-26,377000.0,Potential impact to FT-R,USJR,Gold Creek B3 - Compressor Station Maintenance,outages_2026_08_28_21_40_44.json,13313.641900000002,Gold Creek B3,Compressor Station Maintenance,Upstream James River,Total Receipts,,,,13596.159500000002,tc_row_base,2.0779220779220675,minor,2026-10-26
20216753,181506,WGAT,2026-10-13,2026-10-26,87000.0,No impact to FT-D anticipated,Alberta/BC and Alberta/Montana Borders; Segments 22 and partial 21,Gold Creek B3 - Compressor Station Maintenance,outages_2026_08_28_21_40_44.json,3072.3789,Gold Creek B3,Compressor Station Maintenance,West Gate (AB/BC + AB/MT),Alberta-BC Border Flow,21|22,WGAT|SLAT,WGAT|South Lateral,3178.3230000000003,tc_row_base,3.3333333333333326,minor,2026-10-26
20216880,181514,EGAT,2026-10-24,2026-10-30,154000.0,No impact to FT-D anticipated,"Empress/McNeill Borders; Segments 15, 16, 17, 18, 19, 20, 23, partial 21, and partial 28",Beiseker B3 - Compressor Station Maintenance,outages_2026_08_28_21_40_44.json,5438.4638,Beiseker B3,Compressor Station Maintenance,East Gate (Empress/McNeill),Empress Border Flow|Mcneil Border Flow,15|16|17|18|19|20|21|23|28,NLAT|ELAT|ALEG|BLEG|EGAT|MLAT|WGAT|WAIN|EDM,North Lateral|East Lateral|ALEG|BLEG|EGAT|Mainline Lateral|WGAT|WAIN|EDM,5650.352000000001,tc_row_base,3.750000000000009,minor,2026-10-27
20170321,181516,LCLD,2026-10-26,2026-10-29,0.0,"Bigstone Sales, Grizzly Sales",,NPS 12 Bigstone Lateral - Pipeline Maintenance,outages_2026_08_28_21_40_44.json,0.0,NPS 12 Bigstone Lateral,Pipeline Maintenance,Local delivery point,,,,,0.0,observed_max,,unknown,2026-10-27
20614447,181512,LCLD,2026-10-14,2026-10-30,0.0,Otauwau Sales,,NPS 8 Mitsue Lateral - Pipeline Modifications,outages_2026_08_28_21_40_44.json,0.0,NPS 8 Mitsue Lateral,Pipeline Modifications,Local delivery point,,,,,0.0,observed_max,,unknown,2026-10-27
20170321,181515,LCLR,2026-10-26,2026-10-29,0.0,Grizzly,,NPS 12 Bigstone Lateral - Pipeline Maintenance,outages_2026_08_28_21_40_44.json,0.0,NPS 12 Bigstone Lateral,Pipeline Maintenance,Local receipt point,,,,,5403.1491000000005,observed_max,100.0,severe,2026-10-27
20614447,181510,LCLR,2026-10-14,2026-10-30,100.0,"Mitsue, Nipisi",,NPS 8 Mitsue Lateral - Pipeline Modifications,outages_2026_08_28_21_40_44.json,3.5314700000000006,NPS 8 Mitsue Lateral,Pipeline Modifications,Local receipt point,,,,,5403.1491000000005,observed_max,99.93464052287581,severe,2026-10-27
20216880,181514,EGAT,2026-10-24,2026-10-30,154000.0,No impact to FT-D anticipated,"Empress/McNeill Borders; Segments 15, 16, 17, 18, 19, 20, 23, partial 21, and partial 28",Beiseker B3 - Compressor Station Maintenance,outages_2026_08_28_21_40_44.json,5438.4638,Beiseker B3,Compressor Station Maintenance,East Gate (Empress/McNeill),Empress Border Flow|Mcneil Border Flow,15|16|17|18|19|20|21|23|28,NLAT|ELAT|ALEG|BLEG|EGAT|MLAT|WGAT|WAIN|EDM,North Lateral|East Lateral|ALEG|BLEG|EGAT|Mainline Lateral|WGAT|WAIN|EDM,5650.352000000001,tc_row_base,3.750000000000009,minor,2026-10-28
20170321,181516,LCLD,2026-10-26,2026-10-29,0.0,"Bigstone Sales, Grizzly Sales",,NPS 12 Bigstone Lateral - Pipeline Maintenance,outages_2026_08_28_21_40_44.json,0.0,NPS 12 Bigstone Lateral,Pipeline Maintenance,Local delivery point,,,,,0.0,observed_max,,unknown,2026-10-28
20614447,181512,LCLD,2026-10-14,2026-10-30,0.0,Otauwau Sales,,NPS 8 Mitsue Lateral - Pipeline Modifications,outages_2026_08_28_21_40_44.json,0.0,NPS 8 Mitsue Lateral,Pipeline Modifications,Local delivery point,,,,,0.0,observed_max,,unknown,2026-10-28
20170321,181515,LCLR,2026-10-26,2026-10-29,0.0,Grizzly,,NPS 12 Bigstone Lateral - Pipeline Maintenance,outages_2026_08_28_21_40_44.json,0.0,NPS 12 Bigstone Lateral,Pipeline Maintenance,Local receipt point,,,,,5403.1491000000005,observed_max,100.0,severe,2026-10-28
20614447,181510,LCLR,2026-10-14,2026-10-30,100.0,"Mitsue, Nipisi",,NPS 8 Mitsue Lateral - Pipeline Modifications,outages_2026_08_28_21_40_44.json,3.5314700000000006,NPS 8 Mitsue Lateral,Pipeline Modifications,Local receipt point,,,,,5403.1491000000005,observed_max,99.93464052287581,severe,2026-10-28
20216880,181514,EGAT,2026-10-24,2026-10-30,154000.0,No impact to FT-D anticipated,"Empress/McNeill Borders; Segments 15, 16, 17, 18, 19, 20, 23, partial 21, and partial 28",Beiseker B3 - Compressor Station Maintenance,outages_2026_08_28_21_40_44.json,5438.4638,Beiseker B3,Compressor Station Maintenance,East Gate (Empress/McNeill),Empress Border Flow|Mcneil Border Flow,15|16|17|18|19|20|21|23|28,NLAT|ELAT|ALEG|BLEG|EGAT|MLAT|WGAT|WAIN|EDM,North Lateral|East Lateral|ALEG|BLEG|EGAT|Mainline Lateral|WGAT|WAIN|EDM,5650.352000000001,tc_row_base,3.750000000000009,minor,2026-10-29
20170321,181516,LCLD,2026-10-26,2026-10-29,0.0,"Bigstone Sales, Grizzly Sales",,NPS 12 Bigstone Lateral - Pipeline Maintenance,outages_2026_08_28_21_40_44.json,0.0,NPS 12 Bigstone Lateral,Pipeline Maintenance,Local delivery point,,,,,0.0,observed_max,,unknown,2026-10-29
20614447,181512,LCLD,2026-10-14,2026-10-30,0.0,Otauwau Sales,,NPS 8 Mitsue Lateral - Pipeline Modifications,outages_2026_08_28_21_40_44.json,0.0,NPS 8 Mitsue Lateral,Pipeline Modifications,Local delivery point,,,,,0.0,observed_max,,unknown,2026-10-29
20170321,181515,LCLR,2026-10-26,2026-10-29,0.0,Grizzly,,NPS 12 Bigstone Lateral - Pipeline Maintenance,outages_2026_08_28_21_40_44.json,0.0,NPS 12 Bigstone Lateral,Pipeline Maintenance,Local receipt point,,,,,5403.1491000000005,observed_max,100.0,severe,2026-10-29
20614447,181510,LCLR,2026-10-14,2026-10-30,100.0,"Mitsue, Nipisi",,NPS 8 Mitsue Lateral - Pipeline Modifications,outages_2026_08_28_21_40_44.json,3.5314700000000006,NPS 8 Mitsue Lateral,Pipeline Modifications,Local receipt point,,,,,5403.1491000000005,observed_max,99.93464052287581,severe,2026-10-29
20216880,181514,EGAT,2026-10-24,2026-10-30,154000.0,No impact to FT-D anticipated,"Empress/McNeill Borders; Segments 15, 16, 17, 18, 19, 20, 23, partial 21, and partial 28",Beiseker B3 - Compressor Station Maintenance,outages_2026_08_28_21_40_44.json,5438.4638,Beiseker B3,Compressor Station Maintenance,East Gate (Empress/McNeill),Empress Border Flow|Mcneil Border Flow,15|16|17|18|19|20|21|23|28,NLAT|ELAT|ALEG|BLEG|EGAT|MLAT|WGAT|WAIN|EDM,North Lateral|East Lateral|ALEG|BLEG|EGAT|Mainline Lateral|WGAT|WAIN|EDM,5650.352000000001,tc_row_base,3.750000000000009,minor,2026-10-30
20614447,181512,LCLD,2026-10-14,2026-10-30,0.0,Otauwau Sales,,NPS 8 Mitsue Lateral - Pipeline Modifications,outages_2026_08_28_21_40_44.json,0.0,NPS 8 Mitsue Lateral,Pipeline Modifications,Local delivery point,,,,,0.0,observed_max,,unknown,2026-10-30
20614447,181510,LCLR,2026-10-14,2026-10-30,100.0,"Mitsue, Nipisi",,NPS 8 Mitsue Lateral - Pipeline Modifications,outages_2026_08_28_21_40_44.json,3.5314700000000006,NPS 8 Mitsue Lateral,Pipeline Modifications,Local receipt point,,,,,5403.1491000000005,observed_max,99.93464052287581,severe,2026-10-30
20216913,181518,EGAT,2026-11-01,2026-11-07,154000.0,No impact to FT-D anticipated,"Empress/McNeill Borders; Segments 15, 16, 17, 18, 19, 20, 23, partial 21, and partial 28",Jenner - Compressor Station Maintenance,outages_2026_08_28_21_40_44.json,5438.4638,Jenner,Compressor Station Maintenance,East Gate (Empress/McNeill),Empress Border Flow|Mcneil Border Flow,15|16|17|18|19|20|21|23|28,NLAT|ELAT|ALEG|BLEG|EGAT|MLAT|WGAT|WAIN|EDM,North Lateral|East Lateral|ALEG|BLEG|EGAT|Mainline Lateral|WGAT|WAIN|EDM,5685.666700000001,tc_row_base,4.34782608695653,moderate,2026-11-01
20171456,181517,EGAT,2026-11-01,2026-11-03,145000.0,Potential impact to FT-D,"Empress/McNeill Borders; Segments 15, 16, 17, 18, 19, 20, 23, partial 21, and partial 28",NPS 42 Foothills Pipeline Zone 6 - Pipeline Maintenance,outages_2026_08_28_21_40_44.json,5120.6315,NPS 42 Foothills Pipeline Zone 6,Pipeline Maintenance,East Gate (Empress/McNeill),Empress Border Flow|Mcneil Border Flow,15|16|17|18|19|20|21|23|28,NLAT|ELAT|ALEG|BLEG|EGAT|MLAT|WGAT|WAIN|EDM,North Lateral|East Lateral|ALEG|BLEG|EGAT|Mainline Lateral|WGAT|WAIN|EDM,5685.666700000001,tc_row_base,9.937888198757772,moderate,2026-11-01
20216913,181518,EGAT,2026-11-01,2026-11-07,154000.0,No impact to FT-D anticipated,"Empress/McNeill Borders; Segments 15, 16, 17, 18, 19, 20, 23, partial 21, and partial 28",Jenner - Compressor Station Maintenance,outages_2026_08_28_21_40_44.json,5438.4638,Jenner,Compressor Station Maintenance,East Gate (Empress/McNeill),Empress Border Flow|Mcneil Border Flow,15|16|17|18|19|20|21|23|28,NLAT|ELAT|ALEG|BLEG|EGAT|MLAT|WGAT|WAIN|EDM,North Lateral|East Lateral|ALEG|BLEG|EGAT|Mainline Lateral|WGAT|WAIN|EDM,5685.666700000001,tc_row_base,4.34782608695653,moderate,2026-11-02
20171456,181517,EGAT,2026-11-01,2026-11-03,145000.0,Potential impact to FT-D,"Empress/McNeill Borders; Segments 15, 16, 17, 18, 19, 20, 23, partial 21, and partial 28",NPS 42 Foothills Pipeline Zone 6 - Pipeline Maintenance,outages_2026_08_28_21_40_44.json,5120.6315,NPS 42 Foothills Pipeline Zone 6,Pipeline Maintenance,East Gate (Empress/McNeill),Empress Border Flow|Mcneil Border Flow,15|16|17|18|19|20|21|23|28,NLAT|ELAT|ALEG|BLEG|EGAT|MLAT|WGAT|WAIN|EDM,North Lateral|East Lateral|ALEG|BLEG|EGAT|Mainline Lateral|WGAT|WAIN|EDM,5685.666700000001,tc_row_base,9.937888198757772,moderate,2026-11-02
20216913,181518,EGAT,2026-11-01,2026-11-07,154000.0,No impact to FT-D anticipated,"Empress/McNeill Borders; Segments 15, 16, 17, 18, 19, 20, 23, partial 21, and partial 28",Jenner - Compressor Station Maintenance,outages_2026_08_28_21_40_44.json,5438.4638,Jenner,Compressor Station Maintenance,East Gate (Empress/McNeill),Empress Border Flow|Mcneil Border Flow,15|16|17|18|19|20|21|23|28,NLAT|ELAT|ALEG|BLEG|EGAT|MLAT|WGAT|WAIN|EDM,North Lateral|East Lateral|ALEG|BLEG|EGAT|Mainline Lateral|WGAT|WAIN|EDM,5685.666700000001,tc_row_base,4.34782608695653,moderate,2026-11-03
20171456,181517,EGAT,2026-11-01,2026-11-03,145000.0,Potential impact to FT-D,"Empress/McNeill Borders; Segments 15, 16, 17, 18, 19, 20, 23, partial 21, and partial 28",NPS 42 Foothills Pipeline Zone 6 - Pipeline Maintenance,outages_2026_08_28_21_40_44.json,5120.6315,NPS 42 Foothills Pipeline Zone 6,Pipeline Maintenance,East Gate (Empress/McNeill),Empress Border Flow|Mcneil Border Flow,15|16|17|18|19|20|21|23|28,NLAT|ELAT|ALEG|BLEG|EGAT|MLAT|WGAT|WAIN|EDM,North Lateral|East Lateral|ALEG|BLEG|EGAT|Mainline Lateral|WGAT|WAIN|EDM,5685.666700000001,tc_row_base,9.937888198757772,moderate,2026-11-03
20216913,181518,EGAT,2026-11-01,2026-11-07,154000.0,No impact to FT-D anticipated,"Empress/McNeill Borders; Segments 15, 16, 17, 18, 19, 20, 23, partial 21, and partial 28",Jenner - Compressor Station Maintenance,outages_2026_08_28_21_40_44.json,5438.4638,Jenner,Compressor Station Maintenance,East Gate (Empress/McNeill),Empress Border Flow|Mcneil Border Flow,15|16|17|18|19|20|21|23|28,NLAT|ELAT|ALEG|BLEG|EGAT|MLAT|WGAT|WAIN|EDM,North Lateral|East Lateral|ALEG|BLEG|EGAT|Mainline Lateral|WGAT|WAIN|EDM,5685.666700000001,tc_row_base,4.34782608695653,moderate,2026-11-04
20171456,181519,EGAT,2026-11-04,2026-11-06,135000.0,Potential impact to FT-D,"Empress/McNeill Borders; Segments 15, 16, 17, 18, 19, 20, 23, partial 21, and partial 28",NPS 42 Foothills Pipeline Zone 6 - Pipeline Maintenance,outages_2026_08_28_21_40_44.json,4767.4845000000005,NPS 42 Foothills Pipeline Zone 6,Pipeline Maintenance,East Gate (Empress/McNeill),Empress Border Flow|Mcneil Border Flow,15|16|17|18|19|20|21|23|28,NLAT|ELAT|ALEG|BLEG|EGAT|MLAT|WGAT|WAIN|EDM,North Lateral|East Lateral|ALEG|BLEG|EGAT|Mainline Lateral|WGAT|WAIN|EDM,5685.666700000001,tc_row_base,16.149068322981364,severe,2026-11-04
20216913,181518,EGAT,2026-11-01,2026-11-07,154000.0,No impact to FT-D anticipated,"Empress/McNeill Borders; Segments 15, 16, 17, 18, 19, 20, 23, partial 21, and partial 28",Jenner - Compressor Station Maintenance,outages_2026_08_28_21_40_44.json,5438.4638,Jenner,Compressor Station Maintenance,East Gate (Empress/McNeill),Empress Border Flow|Mcneil Border Flow,15|16|17|18|19|20|21|23|28,NLAT|ELAT|ALEG|BLEG|EGAT|MLAT|WGAT|WAIN|EDM,North Lateral|East Lateral|ALEG|BLEG|EGAT|Mainline Lateral|WGAT|WAIN|EDM,5685.666700000001,tc_row_base,4.34782608695653,moderate,2026-11-05
20171456,181519,EGAT,2026-11-04,2026-11-06,135000.0,Potential impact to FT-D,"Empress/McNeill Borders; Segments 15, 16, 17, 18, 19, 20, 23, partial 21, and partial 28",NPS 42 Foothills Pipeline Zone 6 - Pipeline Maintenance,outages_2026_08_28_21_40_44.json,4767.4845000000005,NPS 42 Foothills Pipeline Zone 6,Pipeline Maintenance,East Gate (Empress/McNeill),Empress Border Flow|Mcneil Border Flow,15|16|17|18|19|20|21|23|28,NLAT|ELAT|ALEG|BLEG|EGAT|MLAT|WGAT|WAIN|EDM,North Lateral|East Lateral|ALEG|BLEG|EGAT|Mainline Lateral|WGAT|WAIN|EDM,5685.666700000001,tc_row_base,16.149068322981364,severe,2026-11-05
20216913,181518,EGAT,2026-11-01,2026-11-07,154000.0,No impact to FT-D anticipated,"Empress/McNeill Borders; Segments 15, 16, 17, 18, 19, 20, 23, partial 21, and partial 28",Jenner - Compressor Station Maintenance,outages_2026_08_28_21_40_44.json,5438.4638,Jenner,Compressor Station Maintenance,East Gate (Empress/McNeill),Empress Border Flow|Mcneil Border Flow,15|16|17|18|19|20|21|23|28,NLAT|ELAT|ALEG|BLEG|EGAT|MLAT|WGAT|WAIN|EDM,North Lateral|East Lateral|ALEG|BLEG|EGAT|Mainline Lateral|WGAT|WAIN|EDM,5685.666700000001,tc_row_base,4.34782608695653,moderate,2026-11-06
20171456,181519,EGAT,2026-11-04,2026-11-06,135000.0,Potential impact to FT-D,"Empress/McNeill Borders; Segments 15, 16, 17, 18, 19, 20, 23, partial 21, and partial 28",NPS 42 Foothills Pipeline Zone 6 - Pipeline Maintenance,outages_2026_08_28_21_40_44.json,4767.4845000000005,NPS 42 Foothills Pipeline Zone 6,Pipeline Maintenance,East Gate (Empress/McNeill),Empress Border Flow|Mcneil Border Flow,15|16|17|18|19|20|21|23|28,NLAT|ELAT|ALEG|BLEG|EGAT|MLAT|WGAT|WAIN|EDM,North Lateral|East Lateral|ALEG|BLEG|EGAT|Mainline Lateral|WGAT|WAIN|EDM,5685.666700000001,tc_row_base,16.149068322981364,severe,2026-11-06
20216913,181518,EGAT,2026-11-01,2026-11-07,154000.0,No impact to FT-D anticipated,"Empress/McNeill Borders; Segments 15, 16, 17, 18, 19, 20, 23, partial 21, and partial 28",Jenner - Compressor Station Maintenance,outages_2026_08_28_21_40_44.json,5438.4638,Jenner,Compressor Station Maintenance,East Gate (Empress/McNeill),Empress Border Flow|Mcneil Border Flow,15|16|17|18|19|20|21|23|28,NLAT|ELAT|ALEG|BLEG|EGAT|MLAT|WGAT|WAIN|EDM,North Lateral|East Lateral|ALEG|BLEG|EGAT|Mainline Lateral|WGAT|WAIN|EDM,5685.666700000001,tc_row_base,4.34782608695653,moderate,2026-11-07
