GasDay,NextDayGasDay,Item,Category,ProratedMMcfd,ExtrapolatedMMcfd,NextDayNominatedMMcfd,SourceFile
2025-07-01,2025-07-02,ALBERTA_BC,Border Flow,-2822.0,-2690.0,-2835.0,GdsrNGTLImperial20250701.csv
2025-07-01,2025-07-02,EMPRESS,Border Flow,-4107.0,-4161.0,-3929.0,GdsrNGTLImperial20250701.csv
2025-07-01,2025-07-02,MCNEILL,Border Flow,-661.0,-590.0,-691.0,GdsrNGTLImperial20250701.csv
2025-07-01,2025-07-02,OTHER_BORDERS,Border Flow,-429.0,-447.0,-425.0,GdsrNGTLImperial20250701.csv
2025-07-01,2025-07-02,GORDONDALE,Interconnect Flow,203.0,204.0,239.0,GdsrNGTLImperial20250701.csv
2025-07-01,2025-07-02,GROUNDBIRCH_EAST,Interconnect Flow,235.0,221.0,256.0,GdsrNGTLImperial20250701.csv
2025-07-01,2025-07-02,WILLOW_VALLEY,Interconnect Flow,-13.0,0.0,-13.0,GdsrNGTLImperial20250701.csv
2025-07-01,2025-07-02,INTRAPROVINCIAL,Internal Delivery,-10706.0,-5577.0,-10301.0,GdsrNGTLImperial20250701.csv
2025-07-01,2025-07-02,TOTAL_NET_STORAGE,Storage,-780.0,-784.0,-990.0,GdsrNGTLImperial20250701.csv
2025-07-01,2025-07-02,TOTAL_STORAGE_DELIVERIES,Storage,-2497.0,-864.0,-2442.0,GdsrNGTLImperial20250701.csv
2025-07-01,2025-07-02,TOTAL_STORAGE_RECEIPTS,Storage,1717.0,80.0,1452.0,GdsrNGTLImperial20250701.csv
2025-07-01,2025-07-02,TOTAL_NGTL_DELIVERIES,System Total,-21235.0,-14329.0,-20635.0,GdsrNGTLImperial20250701.csv
2025-07-01,2025-07-02,TOTAL_NGTL_RECEIPTS,System Total,24875.0,14331.0,24667.0,GdsrNGTLImperial20250701.csv
2025-07-01,2025-07-02,TOTAL_STORAGE_AND_INTRAPROVINCIAL,System Total,-13203.0,-6441.0,-12743.0,GdsrNGTLImperial20250701.csv
2025-07-02,2025-07-03,ALBERTA_BC,Border Flow,-2872.0,-2755.0,-2874.0,GdsrNGTLImperial20250702.csv
2025-07-02,2025-07-03,EMPRESS,Border Flow,-4041.0,-4023.0,-3964.0,GdsrNGTLImperial20250702.csv
2025-07-02,2025-07-03,MCNEILL,Border Flow,-641.0,-617.0,-672.0,GdsrNGTLImperial20250702.csv
2025-07-02,2025-07-03,OTHER_BORDERS,Border Flow,-434.0,-441.0,-477.0,GdsrNGTLImperial20250702.csv
2025-07-02,2025-07-03,GORDONDALE,Interconnect Flow,268.0,274.0,241.0,GdsrNGTLImperial20250702.csv
2025-07-02,2025-07-03,GROUNDBIRCH_EAST,Interconnect Flow,335.0,329.0,287.0,GdsrNGTLImperial20250702.csv
2025-07-02,2025-07-03,WILLOW_VALLEY,Interconnect Flow,-26.0,-39.0,0.0,GdsrNGTLImperial20250702.csv
2025-07-02,2025-07-03,INTRAPROVINCIAL,Internal Delivery,-10737.0,-5574.0,-10298.0,GdsrNGTLImperial20250702.csv
2025-07-02,2025-07-03,TOTAL_NET_STORAGE,Storage,-898.0,-855.0,-1209.0,GdsrNGTLImperial20250702.csv
2025-07-02,2025-07-03,TOTAL_STORAGE_DELIVERIES,Storage,-2505.0,-855.0,-2575.0,GdsrNGTLImperial20250702.csv
2025-07-02,2025-07-03,TOTAL_STORAGE_RECEIPTS,Storage,1607.0,0.0,1365.0,GdsrNGTLImperial20250702.csv
2025-07-02,2025-07-03,TOTAL_NGTL_DELIVERIES,System Total,-21256.0,-14304.0,-20860.0,GdsrNGTLImperial20250702.csv
2025-07-02,2025-07-03,TOTAL_NGTL_RECEIPTS,System Total,24931.0,14584.0,24615.0,GdsrNGTLImperial20250702.csv
2025-07-02,2025-07-03,TOTAL_STORAGE_AND_INTRAPROVINCIAL,System Total,-13242.0,-6429.0,-12873.0,GdsrNGTLImperial20250702.csv
2025-07-03,2025-07-04,ALBERTA_BC,Border Flow,-2841.0,-2816.0,-2835.0,GdsrNGTLImperial20250703.csv
2025-07-03,2025-07-04,EMPRESS,Border Flow,-4046.0,-3892.0,-3903.0,GdsrNGTLImperial20250703.csv
2025-07-03,2025-07-04,MCNEILL,Border Flow,-572.0,-620.0,-591.0,GdsrNGTLImperial20250703.csv
2025-07-03,2025-07-04,OTHER_BORDERS,Border Flow,-441.0,-446.0,-436.0,GdsrNGTLImperial20250703.csv
2025-07-03,2025-07-04,GORDONDALE,Interconnect Flow,251.0,250.0,206.0,GdsrNGTLImperial20250703.csv
2025-07-03,2025-07-04,GROUNDBIRCH_EAST,Interconnect Flow,320.0,322.0,258.0,GdsrNGTLImperial20250703.csv
2025-07-03,2025-07-04,WILLOW_VALLEY,Interconnect Flow,0.0,0.0,0.0,GdsrNGTLImperial20250703.csv
2025-07-03,2025-07-04,INTRAPROVINCIAL,Internal Delivery,-10669.0,-5504.0,-10290.0,GdsrNGTLImperial20250703.csv
2025-07-03,2025-07-04,TOTAL_NET_STORAGE,Storage,-953.0,-1019.0,-1273.0,GdsrNGTLImperial20250703.csv
2025-07-03,2025-07-04,TOTAL_STORAGE_DELIVERIES,Storage,-2646.0,-1105.0,-2642.0,GdsrNGTLImperial20250703.csv
2025-07-03,2025-07-04,TOTAL_STORAGE_RECEIPTS,Storage,1693.0,86.0,1370.0,GdsrNGTLImperial20250703.csv
2025-07-03,2025-07-04,TOTAL_NGTL_DELIVERIES,System Total,-21216.0,-14383.0,-20698.0,GdsrNGTLImperial20250703.csv
2025-07-03,2025-07-04,TOTAL_NGTL_RECEIPTS,System Total,24984.0,14594.0,24555.0,GdsrNGTLImperial20250703.csv
2025-07-03,2025-07-04,TOTAL_STORAGE_AND_INTRAPROVINCIAL,System Total,-13316.0,-6609.0,-12932.0,GdsrNGTLImperial20250703.csv
2025-07-04,2025-07-05,ALBERTA_BC,Border Flow,-2779.0,-2850.0,-2755.0,GdsrNGTLImperial20250704.csv
2025-07-04,2025-07-05,EMPRESS,Border Flow,-4017.0,-3993.0,-3915.0,GdsrNGTLImperial20250704.csv
2025-07-04,2025-07-05,MCNEILL,Border Flow,-575.0,-610.0,-600.0,GdsrNGTLImperial20250704.csv
2025-07-04,2025-07-05,OTHER_BORDERS,Border Flow,-418.0,-444.0,-407.0,GdsrNGTLImperial20250704.csv
2025-07-04,2025-07-05,GORDONDALE,Interconnect Flow,208.0,223.0,207.0,GdsrNGTLImperial20250704.csv
2025-07-04,2025-07-05,GROUNDBIRCH_EAST,Interconnect Flow,262.0,262.0,250.0,GdsrNGTLImperial20250704.csv
2025-07-04,2025-07-05,WILLOW_VALLEY,Interconnect Flow,0.0,0.0,0.0,GdsrNGTLImperial20250704.csv
2025-07-04,2025-07-05,INTRAPROVINCIAL,Internal Delivery,-10718.0,-5646.0,-10291.0,GdsrNGTLImperial20250704.csv
2025-07-04,2025-07-05,TOTAL_NET_STORAGE,Storage,-1028.0,-1018.0,-1268.0,GdsrNGTLImperial20250704.csv
2025-07-04,2025-07-05,TOTAL_STORAGE_DELIVERIES,Storage,-2598.0,-1018.0,-2638.0,GdsrNGTLImperial20250704.csv
2025-07-04,2025-07-05,TOTAL_STORAGE_RECEIPTS,Storage,1570.0,0.0,1370.0,GdsrNGTLImperial20250704.csv
2025-07-04,2025-07-05,TOTAL_NGTL_DELIVERIES,System Total,-21105.0,-14561.0,-20607.0,GdsrNGTLImperial20250704.csv
2025-07-04,2025-07-05,TOTAL_NGTL_RECEIPTS,System Total,24761.0,14542.0,24591.0,GdsrNGTLImperial20250704.csv
2025-07-04,2025-07-05,TOTAL_STORAGE_AND_INTRAPROVINCIAL,System Total,-13316.0,-6664.0,-12929.0,GdsrNGTLImperial20250704.csv
2025-07-05,2025-07-06,ALBERTA_BC,Border Flow,-2753.0,-2832.0,-2748.0,GdsrNGTLImperial20250705.csv
2025-07-05,2025-07-06,EMPRESS,Border Flow,-4019.0,-3992.0,-3964.0,GdsrNGTLImperial20250705.csv
2025-07-05,2025-07-06,MCNEILL,Border Flow,-607.0,-619.0,-605.0,GdsrNGTLImperial20250705.csv
2025-07-05,2025-07-06,OTHER_BORDERS,Border Flow,-408.0,-441.0,-409.0,GdsrNGTLImperial20250705.csv
2025-07-05,2025-07-06,GORDONDALE,Interconnect Flow,222.0,223.0,206.0,GdsrNGTLImperial20250705.csv
2025-07-05,2025-07-06,GROUNDBIRCH_EAST,Interconnect Flow,329.0,320.0,317.0,GdsrNGTLImperial20250705.csv
2025-07-05,2025-07-06,WILLOW_VALLEY,Interconnect Flow,0.0,0.0,0.0,GdsrNGTLImperial20250705.csv
2025-07-05,2025-07-06,INTRAPROVINCIAL,Internal Delivery,-10732.0,-5680.0,-10305.0,GdsrNGTLImperial20250705.csv
2025-07-05,2025-07-06,TOTAL_NET_STORAGE,Storage,-1086.0,-1071.0,-1288.0,GdsrNGTLImperial20250705.csv
2025-07-05,2025-07-06,TOTAL_STORAGE_DELIVERIES,Storage,-2653.0,-1071.0,-2659.0,GdsrNGTLImperial20250705.csv
2025-07-05,2025-07-06,TOTAL_STORAGE_RECEIPTS,Storage,1568.0,0.0,1371.0,GdsrNGTLImperial20250705.csv
2025-07-05,2025-07-06,TOTAL_NGTL_DELIVERIES,System Total,-21172.0,-14636.0,-20690.0,GdsrNGTLImperial20250705.csv
2025-07-05,2025-07-06,TOTAL_NGTL_RECEIPTS,System Total,24863.0,14648.0,24633.0,GdsrNGTLImperial20250705.csv
2025-07-05,2025-07-06,TOTAL_STORAGE_AND_INTRAPROVINCIAL,System Total,-13386.0,-6751.0,-12964.0,GdsrNGTLImperial20250705.csv
2025-07-06,2025-07-07,ALBERTA_BC,Border Flow,-2766.0,-2736.0,-2751.0,GdsrNGTLImperial20250706.csv
2025-07-06,2025-07-07,EMPRESS,Border Flow,-4026.0,-4070.0,-3984.0,GdsrNGTLImperial20250706.csv
2025-07-06,2025-07-07,MCNEILL,Border Flow,-624.0,-636.0,-684.0,GdsrNGTLImperial20250706.csv
2025-07-06,2025-07-07,OTHER_BORDERS,Border Flow,-409.0,-435.0,-463.0,GdsrNGTLImperial20250706.csv
2025-07-06,2025-07-07,GORDONDALE,Interconnect Flow,240.0,236.0,153.0,GdsrNGTLImperial20250706.csv
2025-07-06,2025-07-07,GROUNDBIRCH_EAST,Interconnect Flow,333.0,332.0,196.0,GdsrNGTLImperial20250706.csv
2025-07-06,2025-07-07,WILLOW_VALLEY,Interconnect Flow,0.0,0.0,0.0,GdsrNGTLImperial20250706.csv
2025-07-06,2025-07-07,INTRAPROVINCIAL,Internal Delivery,-10746.0,-5718.0,-10314.0,GdsrNGTLImperial20250706.csv
2025-07-06,2025-07-07,TOTAL_NET_STORAGE,Storage,-1080.0,-1085.0,-1214.0,GdsrNGTLImperial20250706.csv
2025-07-06,2025-07-07,TOTAL_STORAGE_DELIVERIES,Storage,-2653.0,-1085.0,-2584.0,GdsrNGTLImperial20250706.csv
2025-07-06,2025-07-07,TOTAL_STORAGE_RECEIPTS,Storage,1574.0,0.0,1371.0,GdsrNGTLImperial20250706.csv
2025-07-06,2025-07-07,TOTAL_NGTL_DELIVERIES,System Total,-21224.0,-14680.0,-20781.0,GdsrNGTLImperial20250706.csv
2025-07-06,2025-07-07,TOTAL_NGTL_RECEIPTS,System Total,24887.0,14523.0,24459.0,GdsrNGTLImperial20250706.csv
2025-07-06,2025-07-07,TOTAL_STORAGE_AND_INTRAPROVINCIAL,System Total,-13400.0,-6803.0,-12899.0,GdsrNGTLImperial20250706.csv
2025-07-07,2025-07-08,ALBERTA_BC,Border Flow,-2762.0,-2786.0,-2753.0,GdsrNGTLImperial20250707.csv
2025-07-07,2025-07-08,EMPRESS,Border Flow,-4016.0,-3980.0,-4073.0,GdsrNGTLImperial20250707.csv
2025-07-07,2025-07-08,MCNEILL,Border Flow,-652.0,-697.0,-741.0,GdsrNGTLImperial20250707.csv
2025-07-07,2025-07-08,OTHER_BORDERS,Border Flow,-452.0,-452.0,-463.0,GdsrNGTLImperial20250707.csv
2025-07-07,2025-07-08,GORDONDALE,Interconnect Flow,224.0,226.0,208.0,GdsrNGTLImperial20250707.csv
2025-07-07,2025-07-08,GROUNDBIRCH_EAST,Interconnect Flow,331.0,304.0,272.0,GdsrNGTLImperial20250707.csv
2025-07-07,2025-07-08,WILLOW_VALLEY,Interconnect Flow,0.0,0.0,0.0,GdsrNGTLImperial20250707.csv
2025-07-07,2025-07-08,INTRAPROVINCIAL,Internal Delivery,-10735.0,-5663.0,-10312.0,GdsrNGTLImperial20250707.csv
2025-07-07,2025-07-08,TOTAL_NET_STORAGE,Storage,-1098.0,-1080.0,-859.0,GdsrNGTLImperial20250707.csv
2025-07-07,2025-07-08,TOTAL_STORAGE_DELIVERIES,Storage,-2638.0,-1080.0,-2276.0,GdsrNGTLImperial20250707.csv
2025-07-07,2025-07-08,TOTAL_STORAGE_RECEIPTS,Storage,1539.0,0.0,1417.0,GdsrNGTLImperial20250707.csv
2025-07-07,2025-07-08,TOTAL_NGTL_DELIVERIES,System Total,-21254.0,-14658.0,-20618.0,GdsrNGTLImperial20250707.csv
2025-07-07,2025-07-08,TOTAL_NGTL_RECEIPTS,System Total,24840.0,14627.0,24699.0,GdsrNGTLImperial20250707.csv
2025-07-07,2025-07-08,TOTAL_STORAGE_AND_INTRAPROVINCIAL,System Total,-13372.0,-6743.0,-12588.0,GdsrNGTLImperial20250707.csv
2025-07-08,2025-07-09,ALBERTA_BC,Border Flow,-2760.0,-2666.0,-2758.0,GdsrNGTLImperial20250708.csv
2025-07-08,2025-07-09,EMPRESS,Border Flow,-4083.0,-4021.0,-3934.0,GdsrNGTLImperial20250708.csv
2025-07-08,2025-07-09,MCNEILL,Border Flow,-733.0,-696.0,-758.0,GdsrNGTLImperial20250708.csv
2025-07-08,2025-07-09,OTHER_BORDERS,Border Flow,-447.0,-431.0,-471.0,GdsrNGTLImperial20250708.csv
2025-07-08,2025-07-09,GORDONDALE,Interconnect Flow,208.0,207.0,179.0,GdsrNGTLImperial20250708.csv
2025-07-08,2025-07-09,GROUNDBIRCH_EAST,Interconnect Flow,269.0,221.0,234.0,GdsrNGTLImperial20250708.csv
2025-07-08,2025-07-09,WILLOW_VALLEY,Interconnect Flow,0.0,0.0,0.0,GdsrNGTLImperial20250708.csv
2025-07-08,2025-07-09,INTRAPROVINCIAL,Internal Delivery,-10684.0,-5544.0,-10275.0,GdsrNGTLImperial20250708.csv
2025-07-08,2025-07-09,TOTAL_NET_STORAGE,Storage,-827.0,-808.0,-849.0,GdsrNGTLImperial20250708.csv
2025-07-08,2025-07-09,TOTAL_STORAGE_DELIVERIES,Storage,-2501.0,-808.0,-2266.0,GdsrNGTLImperial20250708.csv
2025-07-08,2025-07-09,TOTAL_STORAGE_RECEIPTS,Storage,1674.0,0.0,1417.0,GdsrNGTLImperial20250708.csv
2025-07-08,2025-07-09,TOTAL_NGTL_DELIVERIES,System Total,-21207.0,-14166.0,-20462.0,GdsrNGTLImperial20250708.csv
2025-07-08,2025-07-09,TOTAL_NGTL_RECEIPTS,System Total,24955.0,14204.0,24634.0,GdsrNGTLImperial20250708.csv
2025-07-08,2025-07-09,TOTAL_STORAGE_AND_INTRAPROVINCIAL,System Total,-13185.0,-6352.0,-12541.0,GdsrNGTLImperial20250708.csv
2025-07-09,2025-07-10,ALBERTA_BC,Border Flow,-2757.0,-2704.0,-2772.0,GdsrNGTLImperial20250709.csv
2025-07-09,2025-07-10,EMPRESS,Border Flow,-4041.0,-4016.0,-3933.0,GdsrNGTLImperial20250709.csv
2025-07-09,2025-07-10,MCNEILL,Border Flow,-641.0,-747.0,-692.0,GdsrNGTLImperial20250709.csv
2025-07-09,2025-07-10,OTHER_BORDERS,Border Flow,-420.0,-379.0,-406.0,GdsrNGTLImperial20250709.csv
2025-07-09,2025-07-10,GORDONDALE,Interconnect Flow,179.0,203.0,217.0,GdsrNGTLImperial20250709.csv
2025-07-09,2025-07-10,GROUNDBIRCH_EAST,Interconnect Flow,265.0,239.0,236.0,GdsrNGTLImperial20250709.csv
2025-07-09,2025-07-10,WILLOW_VALLEY,Interconnect Flow,0.0,0.0,0.0,GdsrNGTLImperial20250709.csv
2025-07-09,2025-07-10,INTRAPROVINCIAL,Internal Delivery,-10727.0,-5627.0,-10314.0,GdsrNGTLImperial20250709.csv
2025-07-09,2025-07-10,TOTAL_NET_STORAGE,Storage,-816.0,-686.0,-1073.0,GdsrNGTLImperial20250709.csv
2025-07-09,2025-07-10,TOTAL_STORAGE_DELIVERIES,Storage,-2523.0,-793.0,-2464.0,GdsrNGTLImperial20250709.csv
2025-07-09,2025-07-10,TOTAL_STORAGE_RECEIPTS,Storage,1707.0,107.0,1390.0,GdsrNGTLImperial20250709.csv
2025-07-09,2025-07-10,TOTAL_NGTL_DELIVERIES,System Total,-21108.0,-14266.0,-20581.0,GdsrNGTLImperial20250709.csv
2025-07-09,2025-07-10,TOTAL_NGTL_RECEIPTS,System Total,24956.0,14596.0,24646.0,GdsrNGTLImperial20250709.csv
2025-07-09,2025-07-10,TOTAL_STORAGE_AND_INTRAPROVINCIAL,System Total,-13250.0,-6421.0,-12778.0,GdsrNGTLImperial20250709.csv
2025-07-10,2025-07-11,ALBERTA_BC,Border Flow,-2777.0,-2757.0,-2782.0,GdsrNGTLImperial20250710.csv
2025-07-10,2025-07-11,EMPRESS,Border Flow,-3991.0,-4050.0,-3990.0,GdsrNGTLImperial20250710.csv
2025-07-10,2025-07-11,MCNEILL,Border Flow,-684.0,-772.0,-677.0,GdsrNGTLImperial20250710.csv
2025-07-10,2025-07-11,OTHER_BORDERS,Border Flow,-366.0,-373.0,-463.0,GdsrNGTLImperial20250710.csv
2025-07-10,2025-07-11,GORDONDALE,Interconnect Flow,216.0,226.0,177.0,GdsrNGTLImperial20250710.csv
2025-07-10,2025-07-11,GROUNDBIRCH_EAST,Interconnect Flow,234.0,193.0,161.0,GdsrNGTLImperial20250710.csv
2025-07-10,2025-07-11,WILLOW_VALLEY,Interconnect Flow,0.0,0.0,0.0,GdsrNGTLImperial20250710.csv
2025-07-10,2025-07-11,INTRAPROVINCIAL,Internal Delivery,-10743.0,-5669.0,-10313.0,GdsrNGTLImperial20250710.csv
2025-07-10,2025-07-11,TOTAL_NET_STORAGE,Storage,-782.0,-752.0,-878.0,GdsrNGTLImperial20250710.csv
2025-07-10,2025-07-11,TOTAL_STORAGE_DELIVERIES,Storage,-2467.0,-815.0,-2297.0,GdsrNGTLImperial20250710.csv
2025-07-10,2025-07-11,TOTAL_STORAGE_RECEIPTS,Storage,1686.0,63.0,1419.0,GdsrNGTLImperial20250710.csv
2025-07-10,2025-07-11,TOTAL_NGTL_DELIVERIES,System Total,-21028.0,-14437.0,-20522.0,GdsrNGTLImperial20250710.csv
2025-07-10,2025-07-11,TOTAL_NGTL_RECEIPTS,System Total,24938.0,14591.0,24557.0,GdsrNGTLImperial20250710.csv
2025-07-10,2025-07-11,TOTAL_STORAGE_AND_INTRAPROVINCIAL,System Total,-13210.0,-6484.0,-12610.0,GdsrNGTLImperial20250710.csv
2025-07-11,2025-07-12,ALBERTA_BC,Border Flow,-2750.0,-2817.0,-2762.0,GdsrNGTLImperial20250711.csv
2025-07-11,2025-07-12,EMPRESS,Border Flow,-4067.0,-4064.0,-3942.0,GdsrNGTLImperial20250711.csv
2025-07-11,2025-07-12,MCNEILL,Border Flow,-688.0,-726.0,-741.0,GdsrNGTLImperial20250711.csv
2025-07-11,2025-07-12,OTHER_BORDERS,Border Flow,-402.0,-407.0,-409.0,GdsrNGTLImperial20250711.csv
2025-07-11,2025-07-12,GORDONDALE,Interconnect Flow,176.0,186.0,232.0,GdsrNGTLImperial20250711.csv
2025-07-11,2025-07-12,GROUNDBIRCH_EAST,Interconnect Flow,172.0,191.0,204.0,GdsrNGTLImperial20250711.csv
2025-07-11,2025-07-12,WILLOW_VALLEY,Interconnect Flow,0.0,0.0,0.0,GdsrNGTLImperial20250711.csv
2025-07-11,2025-07-12,INTRAPROVINCIAL,Internal Delivery,-10761.0,-5659.0,-10325.0,GdsrNGTLImperial20250711.csv
2025-07-11,2025-07-12,TOTAL_NET_STORAGE,Storage,-984.0,-995.0,-1058.0,GdsrNGTLImperial20250711.csv
2025-07-11,2025-07-12,TOTAL_STORAGE_DELIVERIES,Storage,-2504.0,-995.0,-2431.0,GdsrNGTLImperial20250711.csv
2025-07-11,2025-07-12,TOTAL_STORAGE_RECEIPTS,Storage,1520.0,0.0,1373.0,GdsrNGTLImperial20250711.csv
2025-07-11,2025-07-12,TOTAL_NGTL_DELIVERIES,System Total,-21173.0,-14668.0,-20610.0,GdsrNGTLImperial20250711.csv
2025-07-11,2025-07-12,TOTAL_NGTL_RECEIPTS,System Total,24669.0,14648.0,24608.0,GdsrNGTLImperial20250711.csv
2025-07-11,2025-07-12,TOTAL_STORAGE_AND_INTRAPROVINCIAL,System Total,-13265.0,-6654.0,-12756.0,GdsrNGTLImperial20250711.csv
2025-07-12,2025-07-13,ALBERTA_BC,Border Flow,-2744.0,-2857.0,-2796.0,GdsrNGTLImperial20250712.csv
2025-07-12,2025-07-13,EMPRESS,Border Flow,-4049.0,-4085.0,-3992.0,GdsrNGTLImperial20250712.csv
2025-07-12,2025-07-13,MCNEILL,Border Flow,-726.0,-722.0,-746.0,GdsrNGTLImperial20250712.csv
2025-07-12,2025-07-13,OTHER_BORDERS,Border Flow,-408.0,-402.0,-408.0,GdsrNGTLImperial20250712.csv
2025-07-12,2025-07-13,GORDONDALE,Interconnect Flow,241.0,241.0,233.0,GdsrNGTLImperial20250712.csv
2025-07-12,2025-07-13,GROUNDBIRCH_EAST,Interconnect Flow,226.0,216.0,205.0,GdsrNGTLImperial20250712.csv
2025-07-12,2025-07-13,WILLOW_VALLEY,Interconnect Flow,0.0,0.0,0.0,GdsrNGTLImperial20250712.csv
2025-07-12,2025-07-13,INTRAPROVINCIAL,Internal Delivery,-10788.0,-5722.0,-10347.0,GdsrNGTLImperial20250712.csv
2025-07-12,2025-07-13,TOTAL_NET_STORAGE,Storage,-1101.0,-1094.0,-1036.0,GdsrNGTLImperial20250712.csv
2025-07-12,2025-07-13,TOTAL_STORAGE_DELIVERIES,Storage,-2578.0,-1094.0,-2409.0,GdsrNGTLImperial20250712.csv
2025-07-12,2025-07-13,TOTAL_STORAGE_RECEIPTS,Storage,1477.0,0.0,1373.0,GdsrNGTLImperial20250712.csv
2025-07-12,2025-07-13,TOTAL_NGTL_DELIVERIES,System Total,-21293.0,-14883.0,-20698.0,GdsrNGTLImperial20250712.csv
2025-07-12,2025-07-13,TOTAL_NGTL_RECEIPTS,System Total,24743.0,14830.0,24609.0,GdsrNGTLImperial20250712.csv
2025-07-12,2025-07-13,TOTAL_STORAGE_AND_INTRAPROVINCIAL,System Total,-13366.0,-6816.0,-12756.0,GdsrNGTLImperial20250712.csv
2025-07-13,2025-07-14,ALBERTA_BC,Border Flow,-2773.0,-2681.0,-2792.0,GdsrNGTLImperial20250713.csv
2025-07-13,2025-07-14,EMPRESS,Border Flow,-4050.0,-4161.0,-3983.0,GdsrNGTLImperial20250713.csv
2025-07-13,2025-07-14,MCNEILL,Border Flow,-740.0,-722.0,-740.0,GdsrNGTLImperial20250713.csv
2025-07-13,2025-07-14,OTHER_BORDERS,Border Flow,-407.0,-412.0,-468.0,GdsrNGTLImperial20250713.csv
2025-07-13,2025-07-14,GORDONDALE,Interconnect Flow,212.0,211.0,204.0,GdsrNGTLImperial20250713.csv
2025-07-13,2025-07-14,GROUNDBIRCH_EAST,Interconnect Flow,240.0,238.0,206.0,GdsrNGTLImperial20250713.csv
2025-07-13,2025-07-14,WILLOW_VALLEY,Interconnect Flow,0.0,0.0,0.0,GdsrNGTLImperial20250713.csv
2025-07-13,2025-07-14,INTRAPROVINCIAL,Internal Delivery,-10795.0,-5729.0,-10303.0,GdsrNGTLImperial20250713.csv
2025-07-13,2025-07-14,TOTAL_NET_STORAGE,Storage,-1183.0,-1175.0,-1157.0,GdsrNGTLImperial20250713.csv
2025-07-13,2025-07-14,TOTAL_STORAGE_DELIVERIES,Storage,-2729.0,-1175.0,-2530.0,GdsrNGTLImperial20250713.csv
2025-07-13,2025-07-14,TOTAL_STORAGE_RECEIPTS,Storage,1546.0,0.0,1373.0,GdsrNGTLImperial20250713.csv
2025-07-13,2025-07-14,TOTAL_NGTL_DELIVERIES,System Total,-21495.0,-14881.0,-20815.0,GdsrNGTLImperial20250713.csv
2025-07-13,2025-07-14,TOTAL_NGTL_RECEIPTS,System Total,24796.0,14730.0,24581.0,GdsrNGTLImperial20250713.csv
2025-07-13,2025-07-14,TOTAL_STORAGE_AND_INTRAPROVINCIAL,System Total,-13524.0,-6904.0,-12833.0,GdsrNGTLImperial20250713.csv
2025-07-14,2025-07-15,ALBERTA_BC,Border Flow,-2775.0,-2715.0,-2875.0,GdsrNGTLImperial20250714.csv
2025-07-14,2025-07-15,EMPRESS,Border Flow,-4082.0,-3997.0,-3879.0,GdsrNGTLImperial20250714.csv
2025-07-14,2025-07-15,MCNEILL,Border Flow,-754.0,-751.0,-768.0,GdsrNGTLImperial20250714.csv
2025-07-14,2025-07-15,OTHER_BORDERS,Border Flow,-403.0,-414.0,-411.0,GdsrNGTLImperial20250714.csv
2025-07-14,2025-07-15,GORDONDALE,Interconnect Flow,203.0,190.0,197.0,GdsrNGTLImperial20250714.csv
2025-07-14,2025-07-15,GROUNDBIRCH_EAST,Interconnect Flow,258.0,250.0,198.0,GdsrNGTLImperial20250714.csv
2025-07-14,2025-07-15,WILLOW_VALLEY,Interconnect Flow,0.0,0.0,0.0,GdsrNGTLImperial20250714.csv
2025-07-14,2025-07-15,INTRAPROVINCIAL,Internal Delivery,-10704.0,-5716.0,-10300.0,GdsrNGTLImperial20250714.csv
2025-07-14,2025-07-15,TOTAL_NET_STORAGE,Storage,-672.0,-752.0,-893.0,GdsrNGTLImperial20250714.csv
2025-07-14,2025-07-15,TOTAL_STORAGE_DELIVERIES,Storage,-2652.0,-1039.0,-2489.0,GdsrNGTLImperial20250714.csv
2025-07-14,2025-07-15,TOTAL_STORAGE_RECEIPTS,Storage,1980.0,287.0,1596.0,GdsrNGTLImperial20250714.csv
2025-07-14,2025-07-15,TOTAL_NGTL_DELIVERIES,System Total,-21371.0,-14634.0,-20722.0,GdsrNGTLImperial20250714.csv
2025-07-14,2025-07-15,TOTAL_NGTL_RECEIPTS,System Total,25240.0,14812.0,24786.0,GdsrNGTLImperial20250714.csv
2025-07-14,2025-07-15,TOTAL_STORAGE_AND_INTRAPROVINCIAL,System Total,-13357.0,-6756.0,-12790.0,GdsrNGTLImperial20250714.csv
2025-07-15,2025-07-16,ALBERTA_BC,Border Flow,-2812.0,-2832.0,-2614.0,GdsrNGTLImperial20250715.csv
2025-07-15,2025-07-16,EMPRESS,Border Flow,-4044.0,-4032.0,-3905.0,GdsrNGTLImperial20250715.csv
2025-07-15,2025-07-16,MCNEILL,Border Flow,-728.0,-765.0,-731.0,GdsrNGTLImperial20250715.csv
2025-07-15,2025-07-16,OTHER_BORDERS,Border Flow,-405.0,-419.0,-401.0,GdsrNGTLImperial20250715.csv
2025-07-15,2025-07-16,GORDONDALE,Interconnect Flow,196.0,214.0,172.0,GdsrNGTLImperial20250715.csv
2025-07-15,2025-07-16,GROUNDBIRCH_EAST,Interconnect Flow,256.0,263.0,162.0,GdsrNGTLImperial20250715.csv
2025-07-15,2025-07-16,WILLOW_VALLEY,Interconnect Flow,0.0,0.0,0.0,GdsrNGTLImperial20250715.csv
2025-07-15,2025-07-16,INTRAPROVINCIAL,Internal Delivery,-10744.0,-5775.0,-10299.0,GdsrNGTLImperial20250715.csv
2025-07-15,2025-07-16,TOTAL_NET_STORAGE,Storage,-707.0,-544.0,-722.0,GdsrNGTLImperial20250715.csv
2025-07-15,2025-07-16,TOTAL_STORAGE_DELIVERIES,Storage,-2507.0,-833.0,-2164.0,GdsrNGTLImperial20250715.csv
2025-07-15,2025-07-16,TOTAL_STORAGE_RECEIPTS,Storage,1800.0,290.0,1442.0,GdsrNGTLImperial20250715.csv
2025-07-15,2025-07-16,TOTAL_NGTL_DELIVERIES,System Total,-21240.0,-14657.0,-20114.0,GdsrNGTLImperial20250715.csv
2025-07-15,2025-07-16,TOTAL_NGTL_RECEIPTS,System Total,25047.0,14819.0,24589.0,GdsrNGTLImperial20250715.csv
2025-07-15,2025-07-16,TOTAL_STORAGE_AND_INTRAPROVINCIAL,System Total,-13251.0,-6608.0,-12462.0,GdsrNGTLImperial20250715.csv
2025-07-16,2025-07-17,ALBERTA_BC,Border Flow,-2610.0,-2718.0,-2610.0,GdsrNGTLImperial20250716.csv
2025-07-16,2025-07-17,EMPRESS,Border Flow,-3963.0,-4146.0,-3799.0,GdsrNGTLImperial20250716.csv
2025-07-16,2025-07-17,MCNEILL,Border Flow,-765.0,-769.0,-805.0,GdsrNGTLImperial20250716.csv
2025-07-16,2025-07-17,OTHER_BORDERS,Border Flow,-433.0,-444.0,-455.0,GdsrNGTLImperial20250716.csv
2025-07-16,2025-07-17,GORDONDALE,Interconnect Flow,172.0,180.0,178.0,GdsrNGTLImperial20250716.csv
2025-07-16,2025-07-17,GROUNDBIRCH_EAST,Interconnect Flow,190.0,258.0,212.0,GdsrNGTLImperial20250716.csv
2025-07-16,2025-07-17,WILLOW_VALLEY,Interconnect Flow,-16.0,0.0,-16.0,GdsrNGTLImperial20250716.csv
2025-07-16,2025-07-17,INTRAPROVINCIAL,Internal Delivery,-10687.0,-5522.0,-10279.0,GdsrNGTLImperial20250716.csv
2025-07-16,2025-07-17,TOTAL_NET_STORAGE,Storage,-879.0,-793.0,-784.0,GdsrNGTLImperial20250716.csv
2025-07-16,2025-07-17,TOTAL_STORAGE_DELIVERIES,Storage,-2524.0,-838.0,-2246.0,GdsrNGTLImperial20250716.csv
2025-07-16,2025-07-17,TOTAL_STORAGE_RECEIPTS,Storage,1645.0,45.0,1462.0,GdsrNGTLImperial20250716.csv
2025-07-16,2025-07-17,TOTAL_NGTL_DELIVERIES,System Total,-20997.0,-14437.0,-20210.0,GdsrNGTLImperial20250716.csv
2025-07-16,2025-07-17,TOTAL_NGTL_RECEIPTS,System Total,24823.0,14398.0,24670.0,GdsrNGTLImperial20250716.csv
2025-07-16,2025-07-17,TOTAL_STORAGE_AND_INTRAPROVINCIAL,System Total,-13210.0,-6360.0,-12525.0,GdsrNGTLImperial20250716.csv
2025-07-17,2025-07-18,ALBERTA_BC,Border Flow,-2610.0,-2712.0,-2605.0,GdsrNGTLImperial20250717.csv
2025-07-17,2025-07-18,EMPRESS,Border Flow,-3925.0,-3927.0,-4078.0,GdsrNGTLImperial20250717.csv
2025-07-17,2025-07-18,MCNEILL,Border Flow,-811.0,-781.0,-663.0,GdsrNGTLImperial20250717.csv
2025-07-17,2025-07-18,OTHER_BORDERS,Border Flow,-438.0,-438.0,-457.0,GdsrNGTLImperial20250717.csv
2025-07-17,2025-07-18,GORDONDALE,Interconnect Flow,178.0,180.0,229.0,GdsrNGTLImperial20250717.csv
2025-07-17,2025-07-18,GROUNDBIRCH_EAST,Interconnect Flow,253.0,254.0,206.0,GdsrNGTLImperial20250717.csv
2025-07-17,2025-07-18,WILLOW_VALLEY,Interconnect Flow,-13.0,-30.0,-13.0,GdsrNGTLImperial20250717.csv
2025-07-17,2025-07-18,INTRAPROVINCIAL,Internal Delivery,-10689.0,-5893.0,-10295.0,GdsrNGTLImperial20250717.csv
2025-07-17,2025-07-18,TOTAL_NET_STORAGE,Storage,-946.0,-1011.0,-628.0,GdsrNGTLImperial20250717.csv
2025-07-17,2025-07-18,TOTAL_STORAGE_DELIVERIES,Storage,-2621.0,-1011.0,-2088.0,GdsrNGTLImperial20250717.csv
2025-07-17,2025-07-18,TOTAL_STORAGE_RECEIPTS,Storage,1675.0,0.0,1460.0,GdsrNGTLImperial20250717.csv
2025-07-17,2025-07-18,TOTAL_NGTL_DELIVERIES,System Total,-21107.0,-14792.0,-20199.0,GdsrNGTLImperial20250717.csv
2025-07-17,2025-07-18,TOTAL_NGTL_RECEIPTS,System Total,24926.0,14424.0,24715.0,GdsrNGTLImperial20250717.csv
2025-07-17,2025-07-18,TOTAL_STORAGE_AND_INTRAPROVINCIAL,System Total,-13310.0,-6904.0,-12383.0,GdsrNGTLImperial20250717.csv
2025-07-18,2025-07-19,ALBERTA_BC,Border Flow,-2632.0,-2716.0,-2610.0,GdsrNGTLImperial20250718.csv
2025-07-18,2025-07-19,EMPRESS,Border Flow,-4173.0,-3871.0,-4170.0,GdsrNGTLImperial20250718.csv
2025-07-18,2025-07-19,MCNEILL,Border Flow,-686.0,-847.0,-672.0,GdsrNGTLImperial20250718.csv
2025-07-18,2025-07-19,OTHER_BORDERS,Border Flow,-401.0,-402.0,-398.0,GdsrNGTLImperial20250718.csv
2025-07-18,2025-07-19,GORDONDALE,Interconnect Flow,250.0,248.0,183.0,GdsrNGTLImperial20250718.csv
2025-07-18,2025-07-19,GROUNDBIRCH_EAST,Interconnect Flow,264.0,266.0,243.0,GdsrNGTLImperial20250718.csv
2025-07-18,2025-07-19,WILLOW_VALLEY,Interconnect Flow,-13.0,0.0,0.0,GdsrNGTLImperial20250718.csv
2025-07-18,2025-07-19,INTRAPROVINCIAL,Internal Delivery,-10725.0,-5687.0,-10316.0,GdsrNGTLImperial20250718.csv
2025-07-18,2025-07-19,TOTAL_NET_STORAGE,Storage,-789.0,-780.0,-668.0,GdsrNGTLImperial20250718.csv
2025-07-18,2025-07-19,TOTAL_STORAGE_DELIVERIES,Storage,-2398.0,-802.0,-2220.0,GdsrNGTLImperial20250718.csv
2025-07-18,2025-07-19,TOTAL_STORAGE_RECEIPTS,Storage,1609.0,22.0,1553.0,GdsrNGTLImperial20250718.csv
2025-07-18,2025-07-19,TOTAL_NGTL_DELIVERIES,System Total,-21029.0,-14325.0,-20387.0,GdsrNGTLImperial20250718.csv
2025-07-18,2025-07-19,TOTAL_NGTL_RECEIPTS,System Total,24946.0,14517.0,24764.0,GdsrNGTLImperial20250718.csv
2025-07-18,2025-07-19,TOTAL_STORAGE_AND_INTRAPROVINCIAL,System Total,-13124.0,-6489.0,-12537.0,GdsrNGTLImperial20250718.csv
2025-07-19,2025-07-20,ALBERTA_BC,Border Flow,-2623.0,-2669.0,-2623.0,GdsrNGTLImperial20250719.csv
2025-07-19,2025-07-20,EMPRESS,Border Flow,-4227.0,-4303.0,-4153.0,GdsrNGTLImperial20250719.csv
2025-07-19,2025-07-20,MCNEILL,Border Flow,-674.0,-733.0,-672.0,GdsrNGTLImperial20250719.csv
2025-07-19,2025-07-20,OTHER_BORDERS,Border Flow,-398.0,-398.0,-398.0,GdsrNGTLImperial20250719.csv
2025-07-19,2025-07-20,GORDONDALE,Interconnect Flow,182.0,181.0,182.0,GdsrNGTLImperial20250719.csv
2025-07-19,2025-07-20,GROUNDBIRCH_EAST,Interconnect Flow,241.0,234.0,243.0,GdsrNGTLImperial20250719.csv
2025-07-19,2025-07-20,WILLOW_VALLEY,Interconnect Flow,0.0,0.0,0.0,GdsrNGTLImperial20250719.csv
2025-07-19,2025-07-20,INTRAPROVINCIAL,Internal Delivery,-10733.0,-5777.0,-10334.0,GdsrNGTLImperial20250719.csv
2025-07-19,2025-07-20,TOTAL_NET_STORAGE,Storage,-692.0,-660.0,-506.0,GdsrNGTLImperial20250719.csv
2025-07-19,2025-07-20,TOTAL_STORAGE_DELIVERIES,Storage,-2361.0,-804.0,-2173.0,GdsrNGTLImperial20250719.csv
2025-07-19,2025-07-20,TOTAL_STORAGE_RECEIPTS,Storage,1669.0,144.0,1668.0,GdsrNGTLImperial20250719.csv
2025-07-19,2025-07-20,TOTAL_NGTL_DELIVERIES,System Total,-21016.0,-14684.0,-20353.0,GdsrNGTLImperial20250719.csv
2025-07-19,2025-07-20,TOTAL_NGTL_RECEIPTS,System Total,24877.0,14156.0,24879.0,GdsrNGTLImperial20250719.csv
2025-07-19,2025-07-20,TOTAL_STORAGE_AND_INTRAPROVINCIAL,System Total,-13094.0,-6581.0,-12507.0,GdsrNGTLImperial20250719.csv
2025-07-20,2025-07-21,ALBERTA_BC,Border Flow,-2596.0,-2643.0,-2620.0,GdsrNGTLImperial20250720.csv
2025-07-20,2025-07-21,EMPRESS,Border Flow,-4218.0,-4257.0,-4175.0,GdsrNGTLImperial20250720.csv
2025-07-20,2025-07-21,MCNEILL,Border Flow,-665.0,-709.0,-672.0,GdsrNGTLImperial20250720.csv
2025-07-20,2025-07-21,OTHER_BORDERS,Border Flow,-371.0,-403.0,-398.0,GdsrNGTLImperial20250720.csv
2025-07-20,2025-07-21,GORDONDALE,Interconnect Flow,232.0,233.0,180.0,GdsrNGTLImperial20250720.csv
2025-07-20,2025-07-21,GROUNDBIRCH_EAST,Interconnect Flow,206.0,212.0,238.0,GdsrNGTLImperial20250720.csv
2025-07-20,2025-07-21,WILLOW_VALLEY,Interconnect Flow,0.0,0.0,0.0,GdsrNGTLImperial20250720.csv
2025-07-20,2025-07-21,INTRAPROVINCIAL,Internal Delivery,-10733.0,-5787.0,-10338.0,GdsrNGTLImperial20250720.csv
2025-07-20,2025-07-21,TOTAL_NET_STORAGE,Storage,-485.0,-419.0,-660.0,GdsrNGTLImperial20250720.csv
2025-07-20,2025-07-21,TOTAL_STORAGE_DELIVERIES,Storage,-2213.0,-635.0,-2204.0,GdsrNGTLImperial20250720.csv
2025-07-20,2025-07-21,TOTAL_STORAGE_RECEIPTS,Storage,1727.0,216.0,1544.0,GdsrNGTLImperial20250720.csv
2025-07-20,2025-07-21,TOTAL_NGTL_DELIVERIES,System Total,-20796.0,-14435.0,-20407.0,GdsrNGTLImperial20250720.csv
2025-07-20,2025-07-21,TOTAL_NGTL_RECEIPTS,System Total,24951.0,14890.0,24748.0,GdsrNGTLImperial20250720.csv
2025-07-20,2025-07-21,TOTAL_STORAGE_AND_INTRAPROVINCIAL,System Total,-12946.0,-6422.0,-12542.0,GdsrNGTLImperial20250720.csv
2025-07-21,2025-07-22,ALBERTA_BC,Border Flow,-2625.0,-2616.0,-2611.0,GdsrNGTLImperial20250721.csv
2025-07-21,2025-07-22,EMPRESS,Border Flow,-4263.0,-4210.0,-3796.0,GdsrNGTLImperial20250721.csv
2025-07-21,2025-07-22,MCNEILL,Border Flow,-613.0,-648.0,-581.0,GdsrNGTLImperial20250721.csv
2025-07-21,2025-07-22,OTHER_BORDERS,Border Flow,-352.0,-379.0,-403.0,GdsrNGTLImperial20250721.csv
2025-07-21,2025-07-22,GORDONDALE,Interconnect Flow,200.0,203.0,166.0,GdsrNGTLImperial20250721.csv
2025-07-21,2025-07-22,GROUNDBIRCH_EAST,Interconnect Flow,260.0,338.0,222.0,GdsrNGTLImperial20250721.csv
2025-07-21,2025-07-22,WILLOW_VALLEY,Interconnect Flow,-21.0,0.0,0.0,GdsrNGTLImperial20250721.csv
2025-07-21,2025-07-22,INTRAPROVINCIAL,Internal Delivery,-10741.0,-5961.0,-10335.0,GdsrNGTLImperial20250721.csv
2025-07-21,2025-07-22,TOTAL_NET_STORAGE,Storage,-753.0,-688.0,-1014.0,GdsrNGTLImperial20250721.csv
2025-07-21,2025-07-22,TOTAL_STORAGE_DELIVERIES,Storage,-2470.0,-764.0,-2404.0,GdsrNGTLImperial20250721.csv
2025-07-21,2025-07-22,TOTAL_STORAGE_RECEIPTS,Storage,1717.0,75.0,1390.0,GdsrNGTLImperial20250721.csv
2025-07-21,2025-07-22,TOTAL_NGTL_DELIVERIES,System Total,-21085.0,-14577.0,-20130.0,GdsrNGTLImperial20250721.csv
2025-07-21,2025-07-22,TOTAL_NGTL_RECEIPTS,System Total,24966.0,14708.0,24569.0,GdsrNGTLImperial20250721.csv
2025-07-21,2025-07-22,TOTAL_STORAGE_AND_INTRAPROVINCIAL,System Total,-13211.0,-6725.0,-12738.0,GdsrNGTLImperial20250721.csv
2025-07-22,2025-07-23,ALBERTA_BC,Border Flow,-2591.0,-2644.0,-2457.0,GdsrNGTLImperial20250722.csv
2025-07-22,2025-07-23,EMPRESS,Border Flow,-3835.0,-4197.0,-3769.0,GdsrNGTLImperial20250722.csv
2025-07-22,2025-07-23,MCNEILL,Border Flow,-566.0,-622.0,-670.0,GdsrNGTLImperial20250722.csv
2025-07-22,2025-07-23,OTHER_BORDERS,Border Flow,-353.0,-379.0,-454.0,GdsrNGTLImperial20250722.csv
2025-07-22,2025-07-23,GORDONDALE,Interconnect Flow,166.0,164.0,0.0,GdsrNGTLImperial20250722.csv
2025-07-22,2025-07-23,GROUNDBIRCH_EAST,Interconnect Flow,261.0,257.0,216.0,GdsrNGTLImperial20250722.csv
2025-07-22,2025-07-23,WILLOW_VALLEY,Interconnect Flow,-15.0,0.0,-14.0,GdsrNGTLImperial20250722.csv
2025-07-22,2025-07-23,INTRAPROVINCIAL,Internal Delivery,-10764.0,-6045.0,-10322.0,GdsrNGTLImperial20250722.csv
2025-07-22,2025-07-23,TOTAL_NET_STORAGE,Storage,-911.0,-815.0,-713.0,GdsrNGTLImperial20250722.csv
2025-07-22,2025-07-23,TOTAL_STORAGE_DELIVERIES,Storage,-2595.0,-833.0,-2155.0,GdsrNGTLImperial20250722.csv
2025-07-22,2025-07-23,TOTAL_STORAGE_RECEIPTS,Storage,1684.0,17.0,1443.0,GdsrNGTLImperial20250722.csv
2025-07-22,2025-07-23,TOTAL_NGTL_DELIVERIES,System Total,-20719.0,-14720.0,-19842.0,GdsrNGTLImperial20250722.csv
2025-07-22,2025-07-23,TOTAL_NGTL_RECEIPTS,System Total,24901.0,14439.0,24486.0,GdsrNGTLImperial20250722.csv
2025-07-22,2025-07-23,TOTAL_STORAGE_AND_INTRAPROVINCIAL,System Total,-13359.0,-6878.0,-12477.0,GdsrNGTLImperial20250722.csv
2025-07-23,2025-07-24,ALBERTA_BC,Border Flow,-2466.0,-2491.0,-2544.0,GdsrNGTLImperial20250723.csv
2025-07-23,2025-07-24,EMPRESS,Border Flow,-3825.0,-3946.0,-3745.0,GdsrNGTLImperial20250723.csv
2025-07-23,2025-07-24,MCNEILL,Border Flow,-666.0,-644.0,-671.0,GdsrNGTLImperial20250723.csv
2025-07-23,2025-07-24,OTHER_BORDERS,Border Flow,-492.0,-439.0,-481.0,GdsrNGTLImperial20250723.csv
2025-07-23,2025-07-24,GORDONDALE,Interconnect Flow,0.0,9.0,0.0,GdsrNGTLImperial20250723.csv
2025-07-23,2025-07-24,GROUNDBIRCH_EAST,Interconnect Flow,290.0,292.0,213.0,GdsrNGTLImperial20250723.csv
2025-07-23,2025-07-24,WILLOW_VALLEY,Interconnect Flow,-14.0,0.0,0.0,GdsrNGTLImperial20250723.csv
2025-07-23,2025-07-24,INTRAPROVINCIAL,Internal Delivery,-10731.0,-5786.0,-10377.0,GdsrNGTLImperial20250723.csv
2025-07-23,2025-07-24,TOTAL_NET_STORAGE,Storage,-893.0,-862.0,-409.0,GdsrNGTLImperial20250723.csv
2025-07-23,2025-07-24,TOTAL_STORAGE_DELIVERIES,Storage,-2579.0,-929.0,-1809.0,GdsrNGTLImperial20250723.csv
2025-07-23,2025-07-24,TOTAL_STORAGE_RECEIPTS,Storage,1686.0,67.0,1399.0,GdsrNGTLImperial20250723.csv
2025-07-23,2025-07-24,TOTAL_NGTL_DELIVERIES,System Total,-20773.0,-14234.0,-19626.0,GdsrNGTLImperial20250723.csv
2025-07-23,2025-07-24,TOTAL_NGTL_RECEIPTS,System Total,24799.0,14292.0,18771.0,GdsrNGTLImperial20250723.csv
2025-07-23,2025-07-24,TOTAL_STORAGE_AND_INTRAPROVINCIAL,System Total,-13310.0,-6715.0,-12186.0,GdsrNGTLImperial20250723.csv
2025-07-24,2025-07-25,ALBERTA_BC,Border Flow,-2535.0,-2568.0,-2563.0,GdsrNGTLImperial20250724.csv
2025-07-24,2025-07-25,EMPRESS,Border Flow,-3786.0,-3824.0,-3999.0,GdsrNGTLImperial20250724.csv
2025-07-24,2025-07-25,MCNEILL,Border Flow,-670.0,-724.0,-649.0,GdsrNGTLImperial20250724.csv
2025-07-24,2025-07-25,OTHER_BORDERS,Border Flow,-466.0,-431.0,-464.0,GdsrNGTLImperial20250724.csv
2025-07-24,2025-07-25,GORDONDALE,Interconnect Flow,0.0,0.0,0.0,GdsrNGTLImperial20250724.csv
2025-07-24,2025-07-25,GROUNDBIRCH_EAST,Interconnect Flow,275.0,275.0,242.0,GdsrNGTLImperial20250724.csv
2025-07-24,2025-07-25,WILLOW_VALLEY,Interconnect Flow,-13.0,-64.0,0.0,GdsrNGTLImperial20250724.csv
2025-07-24,2025-07-25,INTRAPROVINCIAL,Internal Delivery,-10812.0,-5666.0,-10386.0,GdsrNGTLImperial20250724.csv
2025-07-24,2025-07-25,TOTAL_NET_STORAGE,Storage,-572.0,-557.0,-656.0,GdsrNGTLImperial20250724.csv
2025-07-24,2025-07-25,TOTAL_STORAGE_DELIVERIES,Storage,-2026.0,-557.0,-2049.0,GdsrNGTLImperial20250724.csv
2025-07-24,2025-07-25,TOTAL_STORAGE_RECEIPTS,Storage,1454.0,0.0,1393.0,GdsrNGTLImperial20250724.csv
2025-07-24,2025-07-25,TOTAL_NGTL_DELIVERIES,System Total,-20308.0,-13834.0,-20111.0,GdsrNGTLImperial20250724.csv
2025-07-24,2025-07-25,TOTAL_NGTL_RECEIPTS,System Total,19144.0,14095.0,19251.0,GdsrNGTLImperial20250724.csv
2025-07-24,2025-07-25,TOTAL_STORAGE_AND_INTRAPROVINCIAL,System Total,-12838.0,-6223.0,-12436.0,GdsrNGTLImperial20250724.csv
2025-07-25,2025-07-26,ALBERTA_BC,Border Flow,-2572.0,-2575.0,-2590.0,GdsrNGTLImperial20250725.csv
2025-07-25,2025-07-26,EMPRESS,Border Flow,-3899.0,-3715.0,-3967.0,GdsrNGTLImperial20250725.csv
2025-07-25,2025-07-26,MCNEILL,Border Flow,-650.0,-720.0,-693.0,GdsrNGTLImperial20250725.csv
2025-07-25,2025-07-26,OTHER_BORDERS,Border Flow,-461.0,-428.0,-428.0,GdsrNGTLImperial20250725.csv
2025-07-25,2025-07-26,GORDONDALE,Interconnect Flow,0.0,0.0,0.0,GdsrNGTLImperial20250725.csv
2025-07-25,2025-07-26,GROUNDBIRCH_EAST,Interconnect Flow,278.0,279.0,271.0,GdsrNGTLImperial20250725.csv
2025-07-25,2025-07-26,WILLOW_VALLEY,Interconnect Flow,-19.0,0.0,0.0,GdsrNGTLImperial20250725.csv
2025-07-25,2025-07-26,INTRAPROVINCIAL,Internal Delivery,-10830.0,-5739.0,-10373.0,GdsrNGTLImperial20250725.csv
2025-07-25,2025-07-26,TOTAL_NET_STORAGE,Storage,-639.0,-634.0,-687.0,GdsrNGTLImperial20250725.csv
2025-07-25,2025-07-26,TOTAL_STORAGE_DELIVERIES,Storage,-2115.0,-634.0,-2052.0,GdsrNGTLImperial20250725.csv
2025-07-25,2025-07-26,TOTAL_STORAGE_RECEIPTS,Storage,1476.0,0.0,1366.0,GdsrNGTLImperial20250725.csv
2025-07-25,2025-07-26,TOTAL_NGTL_DELIVERIES,System Total,-20544.0,-13810.0,-20102.0,GdsrNGTLImperial20250725.csv
2025-07-25,2025-07-26,TOTAL_NGTL_RECEIPTS,System Total,19260.0,14025.0,19179.0,GdsrNGTLImperial20250725.csv
2025-07-25,2025-07-26,TOTAL_STORAGE_AND_INTRAPROVINCIAL,System Total,-12944.0,-6373.0,-12425.0,GdsrNGTLImperial20250725.csv
2025-07-26,2025-07-27,ALBERTA_BC,Border Flow,-2580.0,-2579.0,-2440.0,GdsrNGTLImperial20250726.csv
2025-07-26,2025-07-27,EMPRESS,Border Flow,-3838.0,-3772.0,-3963.0,GdsrNGTLImperial20250726.csv
2025-07-26,2025-07-27,MCNEILL,Border Flow,-694.0,-716.0,-692.0,GdsrNGTLImperial20250726.csv
2025-07-26,2025-07-27,OTHER_BORDERS,Border Flow,-427.0,-433.0,-427.0,GdsrNGTLImperial20250726.csv
2025-07-26,2025-07-27,GORDONDALE,Interconnect Flow,0.0,0.0,0.0,GdsrNGTLImperial20250726.csv
2025-07-26,2025-07-27,GROUNDBIRCH_EAST,Interconnect Flow,271.0,282.0,271.0,GdsrNGTLImperial20250726.csv
2025-07-26,2025-07-27,WILLOW_VALLEY,Interconnect Flow,0.0,0.0,0.0,GdsrNGTLImperial20250726.csv
2025-07-26,2025-07-27,INTRAPROVINCIAL,Internal Delivery,-10839.0,-5818.0,-10342.0,GdsrNGTLImperial20250726.csv
2025-07-26,2025-07-27,TOTAL_NET_STORAGE,Storage,-685.0,-682.0,-698.0,GdsrNGTLImperial20250726.csv
2025-07-26,2025-07-27,TOTAL_STORAGE_DELIVERIES,Storage,-2144.0,-682.0,-2076.0,GdsrNGTLImperial20250726.csv
2025-07-26,2025-07-27,TOTAL_STORAGE_RECEIPTS,Storage,1459.0,0.0,1378.0,GdsrNGTLImperial20250726.csv
2025-07-26,2025-07-27,TOTAL_NGTL_DELIVERIES,System Total,-20522.0,-14000.0,-19939.0,GdsrNGTLImperial20250726.csv
2025-07-26,2025-07-27,TOTAL_NGTL_RECEIPTS,System Total,19184.0,14234.0,19191.0,GdsrNGTLImperial20250726.csv
2025-07-26,2025-07-27,TOTAL_STORAGE_AND_INTRAPROVINCIAL,System Total,-12983.0,-6500.0,-12418.0,GdsrNGTLImperial20250726.csv
2025-07-27,2025-07-28,ALBERTA_BC,Border Flow,-2482.0,-2481.0,-2324.0,GdsrNGTLImperial20250727.csv
2025-07-27,2025-07-28,EMPRESS,Border Flow,-3844.0,-3716.0,-3964.0,GdsrNGTLImperial20250727.csv
2025-07-27,2025-07-28,MCNEILL,Border Flow,-695.0,-754.0,-708.0,GdsrNGTLImperial20250727.csv
2025-07-27,2025-07-28,OTHER_BORDERS,Border Flow,-426.0,-436.0,-473.0,GdsrNGTLImperial20250727.csv
2025-07-27,2025-07-28,GORDONDALE,Interconnect Flow,0.0,0.0,0.0,GdsrNGTLImperial20250727.csv
2025-07-27,2025-07-28,GROUNDBIRCH_EAST,Interconnect Flow,246.0,247.0,271.0,GdsrNGTLImperial20250727.csv
2025-07-27,2025-07-28,WILLOW_VALLEY,Interconnect Flow,0.0,0.0,0.0,GdsrNGTLImperial20250727.csv
2025-07-27,2025-07-28,INTRAPROVINCIAL,Internal Delivery,-10822.0,-5958.0,-10350.0,GdsrNGTLImperial20250727.csv
2025-07-27,2025-07-28,TOTAL_NET_STORAGE,Storage,-707.0,-682.0,-950.0,GdsrNGTLImperial20250727.csv
2025-07-27,2025-07-28,TOTAL_STORAGE_DELIVERIES,Storage,-2170.0,-682.0,-2360.0,GdsrNGTLImperial20250727.csv
2025-07-27,2025-07-28,TOTAL_STORAGE_RECEIPTS,Storage,1463.0,0.0,1409.0,GdsrNGTLImperial20250727.csv
2025-07-27,2025-07-28,TOTAL_NGTL_DELIVERIES,System Total,-20439.0,-14027.0,-20178.0,GdsrNGTLImperial20250727.csv
2025-07-27,2025-07-28,TOTAL_NGTL_RECEIPTS,System Total,19251.0,14254.0,24596.0,GdsrNGTLImperial20250727.csv
2025-07-27,2025-07-28,TOTAL_STORAGE_AND_INTRAPROVINCIAL,System Total,-12992.0,-6640.0,-12710.0,GdsrNGTLImperial20250727.csv
2025-07-28,2025-07-29,ALBERTA_BC,Border Flow,-2330.0,-2335.0,-2319.0,GdsrNGTLImperial20250728.csv
2025-07-28,2025-07-29,EMPRESS,Border Flow,-3810.0,-3690.0,-3913.0,GdsrNGTLImperial20250728.csv
2025-07-28,2025-07-29,MCNEILL,Border Flow,-717.0,-743.0,-745.0,GdsrNGTLImperial20250728.csv
2025-07-28,2025-07-29,OTHER_BORDERS,Border Flow,-507.0,-446.0,-413.0,GdsrNGTLImperial20250728.csv
2025-07-28,2025-07-29,GORDONDALE,Interconnect Flow,0.0,0.0,0.0,GdsrNGTLImperial20250728.csv
2025-07-28,2025-07-29,GROUNDBIRCH_EAST,Interconnect Flow,272.0,272.0,241.0,GdsrNGTLImperial20250728.csv
2025-07-28,2025-07-29,WILLOW_VALLEY,Interconnect Flow,0.0,0.0,0.0,GdsrNGTLImperial20250728.csv
2025-07-28,2025-07-29,INTRAPROVINCIAL,Internal Delivery,-10797.0,-5925.0,-10367.0,GdsrNGTLImperial20250728.csv
2025-07-28,2025-07-29,TOTAL_NET_STORAGE,Storage,-954.0,-942.0,-876.0,GdsrNGTLImperial20250728.csv
2025-07-28,2025-07-29,TOTAL_STORAGE_DELIVERIES,Storage,-2523.0,-942.0,-2416.0,GdsrNGTLImperial20250728.csv
2025-07-28,2025-07-29,TOTAL_STORAGE_RECEIPTS,Storage,1569.0,0.0,1539.0,GdsrNGTLImperial20250728.csv
2025-07-28,2025-07-29,TOTAL_NGTL_DELIVERIES,System Total,-20685.0,-14079.0,-20172.0,GdsrNGTLImperial20250728.csv
2025-07-28,2025-07-29,TOTAL_NGTL_RECEIPTS,System Total,24757.0,14232.0,24696.0,GdsrNGTLImperial20250728.csv
2025-07-28,2025-07-29,TOTAL_STORAGE_AND_INTRAPROVINCIAL,System Total,-13321.0,-6866.0,-12782.0,GdsrNGTLImperial20250728.csv
2025-07-29,2025-07-30,ALBERTA_BC,Border Flow,-2320.0,-2352.0,-2329.0,GdsrNGTLImperial20250729.csv
2025-07-29,2025-07-30,EMPRESS,Border Flow,-3780.0,-3753.0,-3535.0,GdsrNGTLImperial20250729.csv
2025-07-29,2025-07-30,MCNEILL,Border Flow,-711.0,-721.0,-707.0,GdsrNGTLImperial20250729.csv
2025-07-29,2025-07-30,OTHER_BORDERS,Border Flow,-458.0,-402.0,-476.0,GdsrNGTLImperial20250729.csv
2025-07-29,2025-07-30,GORDONDALE,Interconnect Flow,0.0,0.0,0.0,GdsrNGTLImperial20250729.csv
2025-07-29,2025-07-30,GROUNDBIRCH_EAST,Interconnect Flow,241.0,212.0,215.0,GdsrNGTLImperial20250729.csv
2025-07-29,2025-07-30,WILLOW_VALLEY,Interconnect Flow,0.0,0.0,0.0,GdsrNGTLImperial20250729.csv
2025-07-29,2025-07-30,INTRAPROVINCIAL,Internal Delivery,-10794.0,-5778.0,-10348.0,GdsrNGTLImperial20250729.csv
2025-07-29,2025-07-30,TOTAL_NET_STORAGE,Storage,-921.0,-892.0,-1485.0,GdsrNGTLImperial20250729.csv
2025-07-29,2025-07-30,TOTAL_STORAGE_DELIVERIES,Storage,-2454.0,-892.0,-2867.0,GdsrNGTLImperial20250729.csv
2025-07-29,2025-07-30,TOTAL_STORAGE_RECEIPTS,Storage,1533.0,0.0,1381.0,GdsrNGTLImperial20250729.csv
2025-07-29,2025-07-30,TOTAL_NGTL_DELIVERIES,System Total,-20518.0,-13899.0,-20264.0,GdsrNGTLImperial20250729.csv
2025-07-29,2025-07-30,TOTAL_NGTL_RECEIPTS,System Total,24690.0,14086.0,24513.0,GdsrNGTLImperial20250729.csv
2025-07-29,2025-07-30,TOTAL_STORAGE_AND_INTRAPROVINCIAL,System Total,-13248.0,-6670.0,-13215.0,GdsrNGTLImperial20250729.csv
2025-07-30,2025-07-31,ALBERTA_BC,Border Flow,-2326.0,-2346.0,-2325.0,GdsrNGTLImperial20250730.csv
2025-07-30,2025-07-31,EMPRESS,Border Flow,-3421.0,-3484.0,-3350.0,GdsrNGTLImperial20250730.csv
2025-07-30,2025-07-31,MCNEILL,Border Flow,-708.0,-706.0,-776.0,GdsrNGTLImperial20250730.csv
2025-07-30,2025-07-31,OTHER_BORDERS,Border Flow,-417.0,-398.0,-500.0,GdsrNGTLImperial20250730.csv
2025-07-30,2025-07-31,GORDONDALE,Interconnect Flow,0.0,0.0,0.0,GdsrNGTLImperial20250730.csv
2025-07-30,2025-07-31,GROUNDBIRCH_EAST,Interconnect Flow,193.0,171.0,217.0,GdsrNGTLImperial20250730.csv
2025-07-30,2025-07-31,WILLOW_VALLEY,Interconnect Flow,0.0,0.0,0.0,GdsrNGTLImperial20250730.csv
2025-07-30,2025-07-31,INTRAPROVINCIAL,Internal Delivery,-10784.0,-5696.0,-10365.0,GdsrNGTLImperial20250730.csv
2025-07-30,2025-07-31,TOTAL_NET_STORAGE,Storage,-1144.0,-1092.0,-1441.0,GdsrNGTLImperial20250730.csv
2025-07-30,2025-07-31,TOTAL_STORAGE_DELIVERIES,Storage,-2852.0,-1092.0,-2840.0,GdsrNGTLImperial20250730.csv
2025-07-30,2025-07-31,TOTAL_STORAGE_RECEIPTS,Storage,1709.0,0.0,1399.0,GdsrNGTLImperial20250730.csv
2025-07-30,2025-07-31,TOTAL_NGTL_DELIVERIES,System Total,-20509.0,-13723.0,-20157.0,GdsrNGTLImperial20250730.csv
2025-07-30,2025-07-31,TOTAL_NGTL_RECEIPTS,System Total,24817.0,13526.0,24531.0,GdsrNGTLImperial20250730.csv
2025-07-30,2025-07-31,TOTAL_STORAGE_AND_INTRAPROVINCIAL,System Total,-13636.0,-6789.0,-13206.0,GdsrNGTLImperial20250730.csv
2025-07-31,2025-08-01,ALBERTA_BC,Border Flow,-2312.0,-2344.0,-2333.0,GdsrNGTLImperial20250731.csv
2025-07-31,2025-08-01,EMPRESS,Border Flow,-3405.0,-3415.0,-4015.0,GdsrNGTLImperial20250731.csv
2025-07-31,2025-08-01,MCNEILL,Border Flow,-782.0,-759.0,-775.0,GdsrNGTLImperial20250731.csv
2025-07-31,2025-08-01,OTHER_BORDERS,Border Flow,-441.0,-404.0,-484.0,GdsrNGTLImperial20250731.csv
2025-07-31,2025-08-01,GORDONDALE,Interconnect Flow,0.0,0.0,0.0,GdsrNGTLImperial20250731.csv
2025-07-31,2025-08-01,GROUNDBIRCH_EAST,Interconnect Flow,225.0,225.0,344.0,GdsrNGTLImperial20250731.csv
2025-07-31,2025-08-01,WILLOW_VALLEY,Interconnect Flow,0.0,0.0,0.0,GdsrNGTLImperial20250731.csv
2025-07-31,2025-08-01,INTRAPROVINCIAL,Internal Delivery,-10792.0,-5671.0,-10367.0,GdsrNGTLImperial20250731.csv
2025-07-31,2025-08-01,TOTAL_NET_STORAGE,Storage,-1093.0,-1180.0,-1098.0,GdsrNGTLImperial20250731.csv
2025-07-31,2025-08-01,TOTAL_STORAGE_DELIVERIES,Storage,-2836.0,-1180.0,-2268.0,GdsrNGTLImperial20250731.csv
2025-07-31,2025-08-01,TOTAL_STORAGE_RECEIPTS,Storage,1743.0,0.0,1169.0,GdsrNGTLImperial20250731.csv
2025-07-31,2025-08-01,TOTAL_NGTL_DELIVERIES,System Total,-20568.0,-13773.0,-20242.0,GdsrNGTLImperial20250731.csv
2025-07-31,2025-08-01,TOTAL_NGTL_RECEIPTS,System Total,24872.0,13824.0,24279.0,GdsrNGTLImperial20250731.csv
2025-07-31,2025-08-01,TOTAL_STORAGE_AND_INTRAPROVINCIAL,System Total,-13628.0,-6851.0,-12635.0,GdsrNGTLImperial20250731.csv
2025-08-01,2025-08-02,ALBERTA_BC,Border Flow,-2315.0,-2326.0,-2356.0,GdsrNGTLImperial20250801.csv
2025-08-01,2025-08-02,EMPRESS,Border Flow,-4077.0,-3913.0,-3998.0,GdsrNGTLImperial20250801.csv
2025-08-01,2025-08-02,MCNEILL,Border Flow,-783.0,-784.0,-814.0,GdsrNGTLImperial20250801.csv
2025-08-01,2025-08-02,OTHER_BORDERS,Border Flow,-409.0,-417.0,-391.0,GdsrNGTLImperial20250801.csv
2025-08-01,2025-08-02,GORDONDALE,Interconnect Flow,0.0,0.0,128.0,GdsrNGTLImperial20250801.csv
2025-08-01,2025-08-02,GROUNDBIRCH_EAST,Interconnect Flow,344.0,326.0,171.0,GdsrNGTLImperial20250801.csv
2025-08-01,2025-08-02,WILLOW_VALLEY,Interconnect Flow,0.0,0.0,0.0,GdsrNGTLImperial20250801.csv
2025-08-01,2025-08-02,INTRAPROVINCIAL,Internal Delivery,-10729.0,-5704.0,-10314.0,GdsrNGTLImperial20250801.csv
2025-08-01,2025-08-02,TOTAL_NET_STORAGE,Storage,-620.0,-828.0,-625.0,GdsrNGTLImperial20250801.csv
2025-08-01,2025-08-02,TOTAL_STORAGE_DELIVERIES,Storage,-2199.0,-828.0,-1938.0,GdsrNGTLImperial20250801.csv
2025-08-01,2025-08-02,TOTAL_STORAGE_RECEIPTS,Storage,1579.0,0.0,1313.0,GdsrNGTLImperial20250801.csv
2025-08-01,2025-08-02,TOTAL_NGTL_DELIVERIES,System Total,-20512.0,-13972.0,-19819.0,GdsrNGTLImperial20250801.csv
2025-08-01,2025-08-02,TOTAL_NGTL_RECEIPTS,System Total,24692.0,13970.0,24385.0,GdsrNGTLImperial20250801.csv
2025-08-01,2025-08-02,TOTAL_STORAGE_AND_INTRAPROVINCIAL,System Total,-12928.0,-6531.0,-12252.0,GdsrNGTLImperial20250801.csv
2025-08-02,2025-08-03,ALBERTA_BC,Border Flow,-2346.0,-2292.0,-2363.0,GdsrNGTLImperial20250802.csv
2025-08-02,2025-08-03,EMPRESS,Border Flow,-4098.0,-4093.0,-4039.0,GdsrNGTLImperial20250802.csv
2025-08-02,2025-08-03,MCNEILL,Border Flow,-809.0,-800.0,-809.0,GdsrNGTLImperial20250802.csv
2025-08-02,2025-08-03,OTHER_BORDERS,Border Flow,-397.0,-414.0,-407.0,GdsrNGTLImperial20250802.csv
2025-08-02,2025-08-03,GORDONDALE,Interconnect Flow,129.0,137.0,131.0,GdsrNGTLImperial20250802.csv
2025-08-02,2025-08-03,GROUNDBIRCH_EAST,Interconnect Flow,223.0,202.0,171.0,GdsrNGTLImperial20250802.csv
2025-08-02,2025-08-03,WILLOW_VALLEY,Interconnect Flow,0.0,0.0,0.0,GdsrNGTLImperial20250802.csv
2025-08-02,2025-08-03,INTRAPROVINCIAL,Internal Delivery,-10740.0,-5670.0,-10316.0,GdsrNGTLImperial20250802.csv
2025-08-02,2025-08-03,TOTAL_NET_STORAGE,Storage,-617.0,-627.0,-597.0,GdsrNGTLImperial20250802.csv
2025-08-02,2025-08-03,TOTAL_STORAGE_DELIVERIES,Storage,-2015.0,-627.0,-1909.0,GdsrNGTLImperial20250802.csv
2025-08-02,2025-08-03,TOTAL_STORAGE_RECEIPTS,Storage,1399.0,0.0,1312.0,GdsrNGTLImperial20250802.csv
2025-08-02,2025-08-03,TOTAL_NGTL_DELIVERIES,System Total,-20414.0,-13897.0,-19852.0,GdsrNGTLImperial20250802.csv
2025-08-02,2025-08-03,TOTAL_NGTL_RECEIPTS,System Total,24527.0,14020.0,24392.0,GdsrNGTLImperial20250802.csv
2025-08-02,2025-08-03,TOTAL_STORAGE_AND_INTRAPROVINCIAL,System Total,-12755.0,-6298.0,-12225.0,GdsrNGTLImperial20250802.csv
2025-08-03,2025-08-04,ALBERTA_BC,Border Flow,-2364.0,-2336.0,-2366.0,GdsrNGTLImperial20250803.csv
2025-08-03,2025-08-04,EMPRESS,Border Flow,-4110.0,-4105.0,-4033.0,GdsrNGTLImperial20250803.csv
2025-08-03,2025-08-04,MCNEILL,Border Flow,-810.0,-795.0,-810.0,GdsrNGTLImperial20250803.csv
2025-08-03,2025-08-04,OTHER_BORDERS,Border Flow,-411.0,-415.0,-411.0,GdsrNGTLImperial20250803.csv
2025-08-03,2025-08-04,GORDONDALE,Interconnect Flow,131.0,113.0,131.0,GdsrNGTLImperial20250803.csv
2025-08-03,2025-08-04,GROUNDBIRCH_EAST,Interconnect Flow,265.0,242.0,172.0,GdsrNGTLImperial20250803.csv
2025-08-03,2025-08-04,WILLOW_VALLEY,Interconnect Flow,0.0,0.0,0.0,GdsrNGTLImperial20250803.csv
2025-08-03,2025-08-04,INTRAPROVINCIAL,Internal Delivery,-10751.0,-5589.0,-10321.0,GdsrNGTLImperial20250803.csv
2025-08-03,2025-08-04,TOTAL_NET_STORAGE,Storage,-647.0,-611.0,-681.0,GdsrNGTLImperial20250803.csv
2025-08-03,2025-08-04,TOTAL_STORAGE_DELIVERIES,Storage,-2046.0,-611.0,-1892.0,GdsrNGTLImperial20250803.csv
2025-08-03,2025-08-04,TOTAL_STORAGE_RECEIPTS,Storage,1399.0,0.0,1211.0,GdsrNGTLImperial20250803.csv
2025-08-03,2025-08-04,TOTAL_NGTL_DELIVERIES,System Total,-20501.0,-13852.0,-19840.0,GdsrNGTLImperial20250803.csv
2025-08-03,2025-08-04,TOTAL_NGTL_RECEIPTS,System Total,24574.0,14060.0,24292.0,GdsrNGTLImperial20250803.csv
2025-08-03,2025-08-04,TOTAL_STORAGE_AND_INTRAPROVINCIAL,System Total,-12797.0,-6200.0,-12213.0,GdsrNGTLImperial20250803.csv
2025-08-04,2025-08-05,ALBERTA_BC,Border Flow,-2377.0,-2362.0,-2354.0,GdsrNGTLImperial20250804.csv
2025-08-04,2025-08-05,EMPRESS,Border Flow,-4090.0,-4053.0,-3879.0,GdsrNGTLImperial20250804.csv
2025-08-04,2025-08-05,MCNEILL,Border Flow,-813.0,-774.0,-866.0,GdsrNGTLImperial20250804.csv
2025-08-04,2025-08-05,OTHER_BORDERS,Border Flow,-413.0,-418.0,-481.0,GdsrNGTLImperial20250804.csv
2025-08-04,2025-08-05,GORDONDALE,Interconnect Flow,131.0,93.0,154.0,GdsrNGTLImperial20250804.csv
2025-08-04,2025-08-05,GROUNDBIRCH_EAST,Interconnect Flow,197.0,205.0,222.0,GdsrNGTLImperial20250804.csv
2025-08-04,2025-08-05,WILLOW_VALLEY,Interconnect Flow,0.0,0.0,0.0,GdsrNGTLImperial20250804.csv
2025-08-04,2025-08-05,INTRAPROVINCIAL,Internal Delivery,-10743.0,-5641.0,-10309.0,GdsrNGTLImperial20250804.csv
2025-08-04,2025-08-05,TOTAL_NET_STORAGE,Storage,-820.0,-720.0,-845.0,GdsrNGTLImperial20250804.csv
2025-08-04,2025-08-05,TOTAL_STORAGE_DELIVERIES,Storage,-2152.0,-720.0,-1760.0,GdsrNGTLImperial20250804.csv
2025-08-04,2025-08-05,TOTAL_STORAGE_RECEIPTS,Storage,1332.0,0.0,916.0,GdsrNGTLImperial20250804.csv
2025-08-04,2025-08-05,TOTAL_NGTL_DELIVERIES,System Total,-20597.0,-13968.0,-19651.0,GdsrNGTLImperial20250804.csv
2025-08-04,2025-08-05,TOTAL_NGTL_RECEIPTS,System Total,24410.0,14026.0,24064.0,GdsrNGTLImperial20250804.csv
2025-08-04,2025-08-05,TOTAL_STORAGE_AND_INTRAPROVINCIAL,System Total,-12895.0,-6361.0,-12069.0,GdsrNGTLImperial20250804.csv
2025-08-05,2025-08-06,ALBERTA_BC,Border Flow,-2350.0,-2358.0,-2396.0,GdsrNGTLImperial20250805.csv
2025-08-05,2025-08-06,EMPRESS,Border Flow,-3982.0,-3943.0,-3697.0,GdsrNGTLImperial20250805.csv
2025-08-05,2025-08-06,MCNEILL,Border Flow,-737.0,-753.0,-726.0,GdsrNGTLImperial20250805.csv
2025-08-05,2025-08-06,OTHER_BORDERS,Border Flow,-415.0,-413.0,-473.0,GdsrNGTLImperial20250805.csv
2025-08-05,2025-08-06,GORDONDALE,Interconnect Flow,155.0,153.0,150.0,GdsrNGTLImperial20250805.csv
2025-08-05,2025-08-06,GROUNDBIRCH_EAST,Interconnect Flow,261.0,261.0,331.0,GdsrNGTLImperial20250805.csv
2025-08-05,2025-08-06,WILLOW_VALLEY,Interconnect Flow,0.0,0.0,0.0,GdsrNGTLImperial20250805.csv
2025-08-05,2025-08-06,INTRAPROVINCIAL,Internal Delivery,-10714.0,-5718.0,-10295.0,GdsrNGTLImperial20250805.csv
2025-08-05,2025-08-06,TOTAL_NET_STORAGE,Storage,-885.0,-917.0,-786.0,GdsrNGTLImperial20250805.csv
2025-08-05,2025-08-06,TOTAL_STORAGE_DELIVERIES,Storage,-2120.0,-917.0,-2011.0,GdsrNGTLImperial20250805.csv
2025-08-05,2025-08-06,TOTAL_STORAGE_RECEIPTS,Storage,1234.0,0.0,1225.0,GdsrNGTLImperial20250805.csv
2025-08-05,2025-08-06,TOTAL_NGTL_DELIVERIES,System Total,-20318.0,-14103.0,-19598.0,GdsrNGTLImperial20250805.csv
2025-08-05,2025-08-06,TOTAL_NGTL_RECEIPTS,System Total,24402.0,13886.0,24496.0,GdsrNGTLImperial20250805.csv
2025-08-05,2025-08-06,TOTAL_STORAGE_AND_INTRAPROVINCIAL,System Total,-12834.0,-6636.0,-12306.0,GdsrNGTLImperial20250805.csv
2025-08-06,2025-08-07,ALBERTA_BC,Border Flow,-2373.0,-2358.0,-2382.0,GdsrNGTLImperial20250806.csv
2025-08-06,2025-08-07,EMPRESS,Border Flow,-3796.0,-3801.0,-3565.0,GdsrNGTLImperial20250806.csv
2025-08-06,2025-08-07,MCNEILL,Border Flow,-822.0,-811.0,-776.0,GdsrNGTLImperial20250806.csv
2025-08-06,2025-08-07,OTHER_BORDERS,Border Flow,-443.0,-446.0,-424.0,GdsrNGTLImperial20250806.csv
2025-08-06,2025-08-07,GORDONDALE,Interconnect Flow,163.0,162.0,162.0,GdsrNGTLImperial20250806.csv
2025-08-06,2025-08-07,GROUNDBIRCH_EAST,Interconnect Flow,373.0,373.0,345.0,GdsrNGTLImperial20250806.csv
2025-08-06,2025-08-07,WILLOW_VALLEY,Interconnect Flow,0.0,0.0,0.0,GdsrNGTLImperial20250806.csv
2025-08-06,2025-08-07,INTRAPROVINCIAL,Internal Delivery,-10739.0,-5584.0,-10340.0,GdsrNGTLImperial20250806.csv
2025-08-06,2025-08-07,TOTAL_NET_STORAGE,Storage,-851.0,-894.0,-747.0,GdsrNGTLImperial20250806.csv
2025-08-06,2025-08-07,TOTAL_STORAGE_DELIVERIES,Storage,-2137.0,-940.0,-1901.0,GdsrNGTLImperial20250806.csv
2025-08-06,2025-08-07,TOTAL_STORAGE_RECEIPTS,Storage,1286.0,46.0,1153.0,GdsrNGTLImperial20250806.csv
2025-08-06,2025-08-07,TOTAL_NGTL_DELIVERIES,System Total,-20310.0,-13941.0,-19388.0,GdsrNGTLImperial20250806.csv
2025-08-06,2025-08-07,TOTAL_NGTL_RECEIPTS,System Total,24569.0,14077.0,24433.0,GdsrNGTLImperial20250806.csv
2025-08-06,2025-08-07,TOTAL_STORAGE_AND_INTRAPROVINCIAL,System Total,-12875.0,-6524.0,-12241.0,GdsrNGTLImperial20250806.csv
2025-08-07,2025-08-08,ALBERTA_BC,Border Flow,-2375.0,-2427.0,-2365.0,GdsrNGTLImperial20250807.csv
2025-08-07,2025-08-08,EMPRESS,Border Flow,-3718.0,-3774.0,-3595.0,GdsrNGTLImperial20250807.csv
2025-08-07,2025-08-08,MCNEILL,Border Flow,-711.0,-736.0,-764.0,GdsrNGTLImperial20250807.csv
2025-08-07,2025-08-08,OTHER_BORDERS,Border Flow,-430.0,-458.0,-433.0,GdsrNGTLImperial20250807.csv
2025-08-07,2025-08-08,GORDONDALE,Interconnect Flow,162.0,160.0,150.0,GdsrNGTLImperial20250807.csv
2025-08-07,2025-08-08,GROUNDBIRCH_EAST,Interconnect Flow,345.0,445.0,333.0,GdsrNGTLImperial20250807.csv
2025-08-07,2025-08-08,WILLOW_VALLEY,Interconnect Flow,0.0,0.0,0.0,GdsrNGTLImperial20250807.csv
2025-08-07,2025-08-08,INTRAPROVINCIAL,Internal Delivery,-10761.0,-5606.0,-10303.0,GdsrNGTLImperial20250807.csv
2025-08-07,2025-08-08,TOTAL_NET_STORAGE,Storage,-1009.0,-1125.0,-896.0,GdsrNGTLImperial20250807.csv
2025-08-07,2025-08-08,TOTAL_STORAGE_DELIVERIES,Storage,-2188.0,-1125.0,-2049.0,GdsrNGTLImperial20250807.csv
2025-08-07,2025-08-08,TOTAL_STORAGE_RECEIPTS,Storage,1179.0,0.0,1153.0,GdsrNGTLImperial20250807.csv
2025-08-07,2025-08-08,TOTAL_NGTL_DELIVERIES,System Total,-20203.0,-14125.0,-19508.0,GdsrNGTLImperial20250807.csv
2025-08-07,2025-08-08,TOTAL_NGTL_RECEIPTS,System Total,24472.0,14052.0,18668.0,GdsrNGTLImperial20250807.csv
2025-08-07,2025-08-08,TOTAL_STORAGE_AND_INTRAPROVINCIAL,System Total,-12949.0,-6731.0,-12352.0,GdsrNGTLImperial20250807.csv
2025-08-08,2025-08-09,ALBERTA_BC,Border Flow,-2385.0,-2377.0,-2364.0,GdsrNGTLImperial20250808.csv
2025-08-08,2025-08-09,EMPRESS,Border Flow,-3789.0,-3638.0,-3643.0,GdsrNGTLImperial20250808.csv
2025-08-08,2025-08-09,MCNEILL,Border Flow,-671.0,-675.0,-741.0,GdsrNGTLImperial20250808.csv
2025-08-08,2025-08-09,OTHER_BORDERS,Border Flow,-393.0,-418.0,-422.0,GdsrNGTLImperial20250808.csv
2025-08-08,2025-08-09,GORDONDALE,Interconnect Flow,150.0,150.0,136.0,GdsrNGTLImperial20250808.csv
2025-08-08,2025-08-09,GROUNDBIRCH_EAST,Interconnect Flow,333.0,333.0,281.0,GdsrNGTLImperial20250808.csv
2025-08-08,2025-08-09,WILLOW_VALLEY,Interconnect Flow,0.0,0.0,0.0,GdsrNGTLImperial20250808.csv
2025-08-08,2025-08-09,INTRAPROVINCIAL,Internal Delivery,-10734.0,-5543.0,-10355.0,GdsrNGTLImperial20250808.csv
2025-08-08,2025-08-09,TOTAL_NET_STORAGE,Storage,-1160.0,-1191.0,-801.0,GdsrNGTLImperial20250808.csv
2025-08-08,2025-08-09,TOTAL_STORAGE_DELIVERIES,Storage,-2423.0,-1191.0,-1955.0,GdsrNGTLImperial20250808.csv
2025-08-08,2025-08-09,TOTAL_STORAGE_RECEIPTS,Storage,1264.0,0.0,1154.0,GdsrNGTLImperial20250808.csv
2025-08-08,2025-08-09,TOTAL_NGTL_DELIVERIES,System Total,-20396.0,-13842.0,-19481.0,GdsrNGTLImperial20250808.csv
2025-08-08,2025-08-09,TOTAL_NGTL_RECEIPTS,System Total,18954.0,13785.0,18901.0,GdsrNGTLImperial20250808.csv
2025-08-08,2025-08-09,TOTAL_STORAGE_AND_INTRAPROVINCIAL,System Total,-13157.0,-6734.0,-12310.0,GdsrNGTLImperial20250808.csv
2025-08-09,2025-08-10,ALBERTA_BC,Border Flow,-2377.0,-2391.0,-2371.0,GdsrNGTLImperial20250809.csv
2025-08-09,2025-08-10,EMPRESS,Border Flow,-3745.0,-3794.0,-3657.0,GdsrNGTLImperial20250809.csv
2025-08-09,2025-08-10,MCNEILL,Border Flow,-729.0,-700.0,-756.0,GdsrNGTLImperial20250809.csv
2025-08-09,2025-08-10,OTHER_BORDERS,Border Flow,-423.0,-417.0,-424.0,GdsrNGTLImperial20250809.csv
2025-08-09,2025-08-10,GORDONDALE,Interconnect Flow,151.0,149.0,150.0,GdsrNGTLImperial20250809.csv
2025-08-09,2025-08-10,GROUNDBIRCH_EAST,Interconnect Flow,297.0,298.0,280.0,GdsrNGTLImperial20250809.csv
2025-08-09,2025-08-10,WILLOW_VALLEY,Interconnect Flow,0.0,0.0,0.0,GdsrNGTLImperial20250809.csv
2025-08-09,2025-08-10,INTRAPROVINCIAL,Internal Delivery,-10756.0,-5705.0,-10355.0,GdsrNGTLImperial20250809.csv
2025-08-09,2025-08-10,TOTAL_NET_STORAGE,Storage,-959.0,-1051.0,-793.0,GdsrNGTLImperial20250809.csv
2025-08-09,2025-08-10,TOTAL_STORAGE_DELIVERIES,Storage,-2143.0,-1051.0,-1949.0,GdsrNGTLImperial20250809.csv
2025-08-09,2025-08-10,TOTAL_STORAGE_RECEIPTS,Storage,1184.0,0.0,1156.0,GdsrNGTLImperial20250809.csv
2025-08-09,2025-08-10,TOTAL_NGTL_DELIVERIES,System Total,-20173.0,-14058.0,-19512.0,GdsrNGTLImperial20250809.csv
2025-08-09,2025-08-10,TOTAL_NGTL_RECEIPTS,System Total,18868.0,13881.0,18809.0,GdsrNGTLImperial20250809.csv
2025-08-09,2025-08-10,TOTAL_STORAGE_AND_INTRAPROVINCIAL,System Total,-12899.0,-6756.0,-12304.0,GdsrNGTLImperial20250809.csv
2025-08-10,2025-08-11,ALBERTA_BC,Border Flow,-2387.0,-2395.0,-2372.0,GdsrNGTLImperial20250810.csv
2025-08-10,2025-08-11,EMPRESS,Border Flow,-3737.0,-3585.0,-3655.0,GdsrNGTLImperial20250810.csv
2025-08-10,2025-08-11,MCNEILL,Border Flow,-791.0,-723.0,-807.0,GdsrNGTLImperial20250810.csv
2025-08-10,2025-08-11,OTHER_BORDERS,Border Flow,-418.0,-423.0,-442.0,GdsrNGTLImperial20250810.csv
2025-08-10,2025-08-11,GORDONDALE,Interconnect Flow,150.0,148.0,181.0,GdsrNGTLImperial20250810.csv
2025-08-10,2025-08-11,GROUNDBIRCH_EAST,Interconnect Flow,287.0,268.0,208.0,GdsrNGTLImperial20250810.csv
2025-08-10,2025-08-11,WILLOW_VALLEY,Interconnect Flow,0.0,0.0,0.0,GdsrNGTLImperial20250810.csv
2025-08-10,2025-08-11,INTRAPROVINCIAL,Internal Delivery,-10732.0,-5603.0,-10404.0,GdsrNGTLImperial20250810.csv
2025-08-10,2025-08-11,TOTAL_NET_STORAGE,Storage,-916.0,-1009.0,-889.0,GdsrNGTLImperial20250810.csv
2025-08-10,2025-08-11,TOTAL_STORAGE_DELIVERIES,Storage,-2149.0,-1009.0,-2041.0,GdsrNGTLImperial20250810.csv
2025-08-10,2025-08-11,TOTAL_STORAGE_RECEIPTS,Storage,1233.0,0.0,1152.0,GdsrNGTLImperial20250810.csv
2025-08-10,2025-08-11,TOTAL_NGTL_DELIVERIES,System Total,-20214.0,-13738.0,-19721.0,GdsrNGTLImperial20250810.csv
2025-08-10,2025-08-11,TOTAL_NGTL_RECEIPTS,System Total,18894.0,13764.0,18764.0,GdsrNGTLImperial20250810.csv
2025-08-10,2025-08-11,TOTAL_STORAGE_AND_INTRAPROVINCIAL,System Total,-12881.0,-6612.0,-12445.0,GdsrNGTLImperial20250810.csv
2025-08-11,2025-08-12,ALBERTA_BC,Border Flow,-2361.0,-2384.0,-2229.0,GdsrNGTLImperial20250811.csv
2025-08-11,2025-08-12,EMPRESS,Border Flow,-3751.0,-3612.0,-3693.0,GdsrNGTLImperial20250811.csv
2025-08-11,2025-08-12,MCNEILL,Border Flow,-782.0,-763.0,-813.0,GdsrNGTLImperial20250811.csv
2025-08-11,2025-08-12,OTHER_BORDERS,Border Flow,-405.0,-407.0,-419.0,GdsrNGTLImperial20250811.csv
2025-08-11,2025-08-12,GORDONDALE,Interconnect Flow,180.0,180.0,179.0,GdsrNGTLImperial20250811.csv
2025-08-11,2025-08-12,GROUNDBIRCH_EAST,Interconnect Flow,236.0,226.0,244.0,GdsrNGTLImperial20250811.csv
2025-08-11,2025-08-12,WILLOW_VALLEY,Interconnect Flow,0.0,0.0,0.0,GdsrNGTLImperial20250811.csv
2025-08-11,2025-08-12,INTRAPROVINCIAL,Internal Delivery,-10794.0,-5740.0,-10373.0,GdsrNGTLImperial20250811.csv
2025-08-11,2025-08-12,TOTAL_NET_STORAGE,Storage,-587.0,-570.0,-699.0,GdsrNGTLImperial20250811.csv
2025-08-11,2025-08-12,TOTAL_STORAGE_DELIVERIES,Storage,-1955.0,-570.0,-1914.0,GdsrNGTLImperial20250811.csv
2025-08-11,2025-08-12,TOTAL_STORAGE_RECEIPTS,Storage,1369.0,0.0,1215.0,GdsrNGTLImperial20250811.csv
2025-08-11,2025-08-12,TOTAL_NGTL_DELIVERIES,System Total,-20049.0,-13477.0,-19441.0,GdsrNGTLImperial20250811.csv
2025-08-11,2025-08-12,TOTAL_NGTL_RECEIPTS,System Total,18983.0,13833.0,18867.0,GdsrNGTLImperial20250811.csv
2025-08-11,2025-08-12,TOTAL_STORAGE_AND_INTRAPROVINCIAL,System Total,-12750.0,-6310.0,-12287.0,GdsrNGTLImperial20250811.csv
2025-08-12,2025-08-13,ALBERTA_BC,Border Flow,-2169.0,-2196.0,-2190.0,GdsrNGTLImperial20250812.csv
2025-08-12,2025-08-13,EMPRESS,Border Flow,-3769.0,-3760.0,-3681.0,GdsrNGTLImperial20250812.csv
2025-08-12,2025-08-13,MCNEILL,Border Flow,-783.0,-768.0,-863.0,GdsrNGTLImperial20250812.csv
2025-08-12,2025-08-13,OTHER_BORDERS,Border Flow,-395.0,-431.0,-428.0,GdsrNGTLImperial20250812.csv
2025-08-12,2025-08-13,GORDONDALE,Interconnect Flow,180.0,163.0,175.0,GdsrNGTLImperial20250812.csv
2025-08-12,2025-08-13,GROUNDBIRCH_EAST,Interconnect Flow,268.0,265.0,231.0,GdsrNGTLImperial20250812.csv
2025-08-12,2025-08-13,WILLOW_VALLEY,Interconnect Flow,0.0,0.0,0.0,GdsrNGTLImperial20250812.csv
2025-08-12,2025-08-13,INTRAPROVINCIAL,Internal Delivery,-10788.0,-5750.0,-10365.0,GdsrNGTLImperial20250812.csv
2025-08-12,2025-08-13,TOTAL_NET_STORAGE,Storage,-186.0,-183.0,-563.0,GdsrNGTLImperial20250812.csv
2025-08-12,2025-08-13,TOTAL_STORAGE_DELIVERIES,Storage,-1824.0,-281.0,-1742.0,GdsrNGTLImperial20250812.csv
2025-08-12,2025-08-13,TOTAL_STORAGE_RECEIPTS,Storage,1638.0,98.0,1179.0,GdsrNGTLImperial20250812.csv
2025-08-12,2025-08-13,TOTAL_NGTL_DELIVERIES,System Total,-19729.0,-13187.0,-19270.0,GdsrNGTLImperial20250812.csv
2025-08-12,2025-08-13,TOTAL_NGTL_RECEIPTS,System Total,19190.0,13656.0,18762.0,GdsrNGTLImperial20250812.csv
2025-08-12,2025-08-13,TOTAL_STORAGE_AND_INTRAPROVINCIAL,System Total,-12613.0,-6031.0,-12107.0,GdsrNGTLImperial20250812.csv
2025-08-13,2025-08-14,ALBERTA_BC,Border Flow,-2188.0,-2207.0,-2212.0,GdsrNGTLImperial20250813.csv
2025-08-13,2025-08-14,EMPRESS,Border Flow,-3731.0,-3840.0,-3704.0,GdsrNGTLImperial20250813.csv
2025-08-13,2025-08-14,MCNEILL,Border Flow,-841.0,-916.0,-805.0,GdsrNGTLImperial20250813.csv
2025-08-13,2025-08-14,OTHER_BORDERS,Border Flow,-412.0,-422.0,-446.0,GdsrNGTLImperial20250813.csv
2025-08-13,2025-08-14,GORDONDALE,Interconnect Flow,175.0,179.0,168.0,GdsrNGTLImperial20250813.csv
2025-08-13,2025-08-14,GROUNDBIRCH_EAST,Interconnect Flow,260.0,260.0,265.0,GdsrNGTLImperial20250813.csv
2025-08-13,2025-08-14,WILLOW_VALLEY,Interconnect Flow,0.0,0.0,0.0,GdsrNGTLImperial20250813.csv
2025-08-13,2025-08-14,INTRAPROVINCIAL,Internal Delivery,-10782.0,-5572.0,-10376.0,GdsrNGTLImperial20250813.csv
2025-08-13,2025-08-14,TOTAL_NET_STORAGE,Storage,-672.0,-511.0,-655.0,GdsrNGTLImperial20250813.csv
2025-08-13,2025-08-14,TOTAL_STORAGE_DELIVERIES,Storage,-1952.0,-511.0,-1809.0,GdsrNGTLImperial20250813.csv
2025-08-13,2025-08-14,TOTAL_STORAGE_RECEIPTS,Storage,1280.0,0.0,1154.0,GdsrNGTLImperial20250813.csv
2025-08-13,2025-08-14,TOTAL_NGTL_DELIVERIES,System Total,-19907.0,-13468.0,-19354.0,GdsrNGTLImperial20250813.csv
2025-08-13,2025-08-14,TOTAL_NGTL_RECEIPTS,System Total,18914.0,13737.0,18854.0,GdsrNGTLImperial20250813.csv
2025-08-13,2025-08-14,TOTAL_STORAGE_AND_INTRAPROVINCIAL,System Total,-12734.0,-6083.0,-12185.0,GdsrNGTLImperial20250813.csv
2025-08-14,2025-08-15,ALBERTA_BC,Border Flow,-2200.0,-2213.0,-2218.0,GdsrNGTLImperial20250814.csv
2025-08-14,2025-08-15,EMPRESS,Border Flow,-3790.0,-3799.0,-3797.0,GdsrNGTLImperial20250814.csv
2025-08-14,2025-08-15,MCNEILL,Border Flow,-836.0,-782.0,-721.0,GdsrNGTLImperial20250814.csv
2025-08-14,2025-08-15,OTHER_BORDERS,Border Flow,-417.0,-413.0,-464.0,GdsrNGTLImperial20250814.csv
2025-08-14,2025-08-15,GORDONDALE,Interconnect Flow,169.0,177.0,173.0,GdsrNGTLImperial20250814.csv
2025-08-14,2025-08-15,GROUNDBIRCH_EAST,Interconnect Flow,275.0,286.0,306.0,GdsrNGTLImperial20250814.csv
2025-08-14,2025-08-15,WILLOW_VALLEY,Interconnect Flow,0.0,0.0,-27.0,GdsrNGTLImperial20250814.csv
2025-08-14,2025-08-15,INTRAPROVINCIAL,Internal Delivery,-10802.0,-5857.0,-10351.0,GdsrNGTLImperial20250814.csv
2025-08-14,2025-08-15,TOTAL_NET_STORAGE,Storage,-625.0,-622.0,-571.0,GdsrNGTLImperial20250814.csv
2025-08-14,2025-08-15,TOTAL_STORAGE_DELIVERIES,Storage,-2008.0,-622.0,-1734.0,GdsrNGTLImperial20250814.csv
2025-08-14,2025-08-15,TOTAL_STORAGE_RECEIPTS,Storage,1383.0,0.0,1163.0,GdsrNGTLImperial20250814.csv
2025-08-14,2025-08-15,TOTAL_NGTL_DELIVERIES,System Total,-20052.0,-13685.0,-19313.0,GdsrNGTLImperial20250814.csv
2025-08-14,2025-08-15,TOTAL_NGTL_RECEIPTS,System Total,19091.0,13763.0,24427.0,GdsrNGTLImperial20250814.csv
2025-08-14,2025-08-15,TOTAL_STORAGE_AND_INTRAPROVINCIAL,System Total,-12809.0,-6479.0,-12085.0,GdsrNGTLImperial20250814.csv
2025-08-15,2025-08-16,ALBERTA_BC,Border Flow,-2185.0,-2176.0,-2221.0,GdsrNGTLImperial20250815.csv
2025-08-15,2025-08-16,EMPRESS,Border Flow,-3873.0,-3884.0,-3964.0,GdsrNGTLImperial20250815.csv
2025-08-15,2025-08-16,MCNEILL,Border Flow,-754.0,-768.0,-756.0,GdsrNGTLImperial20250815.csv
2025-08-15,2025-08-16,OTHER_BORDERS,Border Flow,-414.0,-415.0,-399.0,GdsrNGTLImperial20250815.csv
2025-08-15,2025-08-16,GORDONDALE,Interconnect Flow,173.0,115.0,172.0,GdsrNGTLImperial20250815.csv
2025-08-15,2025-08-16,GROUNDBIRCH_EAST,Interconnect Flow,399.0,396.0,245.0,GdsrNGTLImperial20250815.csv
2025-08-15,2025-08-16,WILLOW_VALLEY,Interconnect Flow,-6.0,-27.0,-26.0,GdsrNGTLImperial20250815.csv
2025-08-15,2025-08-16,INTRAPROVINCIAL,Internal Delivery,-10820.0,-5658.0,-10356.0,GdsrNGTLImperial20250815.csv
2025-08-15,2025-08-16,TOTAL_NET_STORAGE,Storage,-760.0,-587.0,-717.0,GdsrNGTLImperial20250815.csv
2025-08-15,2025-08-16,TOTAL_STORAGE_DELIVERIES,Storage,-1960.0,-630.0,-1887.0,GdsrNGTLImperial20250815.csv
2025-08-15,2025-08-16,TOTAL_STORAGE_RECEIPTS,Storage,1200.0,43.0,1170.0,GdsrNGTLImperial20250815.csv
2025-08-15,2025-08-16,TOTAL_NGTL_DELIVERIES,System Total,-20013.0,-13560.0,-19610.0,GdsrNGTLImperial20250815.csv
2025-08-15,2025-08-16,TOTAL_NGTL_RECEIPTS,System Total,24557.0,14170.0,24373.0,GdsrNGTLImperial20250815.csv
2025-08-15,2025-08-16,TOTAL_STORAGE_AND_INTRAPROVINCIAL,System Total,-12780.0,-6289.0,-12243.0,GdsrNGTLImperial20250815.csv
2025-08-16,2025-08-17,ALBERTA_BC,Border Flow,-2224.0,-2177.0,-2228.0,GdsrNGTLImperial20250816.csv
2025-08-16,2025-08-17,EMPRESS,Border Flow,-3987.0,-3984.0,-3929.0,GdsrNGTLImperial20250816.csv
2025-08-16,2025-08-17,MCNEILL,Border Flow,-755.0,-735.0,-757.0,GdsrNGTLImperial20250816.csv
2025-08-16,2025-08-17,OTHER_BORDERS,Border Flow,-398.0,-416.0,-396.0,GdsrNGTLImperial20250816.csv
2025-08-16,2025-08-17,GORDONDALE,Interconnect Flow,148.0,148.0,149.0,GdsrNGTLImperial20250816.csv
2025-08-16,2025-08-17,GROUNDBIRCH_EAST,Interconnect Flow,241.0,243.0,245.0,GdsrNGTLImperial20250816.csv
2025-08-16,2025-08-17,WILLOW_VALLEY,Interconnect Flow,-26.0,-27.0,-26.0,GdsrNGTLImperial20250816.csv
2025-08-16,2025-08-17,INTRAPROVINCIAL,Internal Delivery,-10808.0,-5563.0,-10404.0,GdsrNGTLImperial20250816.csv
2025-08-16,2025-08-17,TOTAL_NET_STORAGE,Storage,-907.0,-887.0,-709.0,GdsrNGTLImperial20250816.csv
2025-08-16,2025-08-17,TOTAL_STORAGE_DELIVERIES,Storage,-2264.0,-887.0,-1885.0,GdsrNGTLImperial20250816.csv
2025-08-16,2025-08-17,TOTAL_STORAGE_RECEIPTS,Storage,1357.0,0.0,1176.0,GdsrNGTLImperial20250816.csv
2025-08-16,2025-08-17,TOTAL_NGTL_DELIVERIES,System Total,-20463.0,-13788.0,-19626.0,GdsrNGTLImperial20250816.csv
2025-08-16,2025-08-17,TOTAL_NGTL_RECEIPTS,System Total,24532.0,14032.0,24357.0,GdsrNGTLImperial20250816.csv
2025-08-16,2025-08-17,TOTAL_STORAGE_AND_INTRAPROVINCIAL,System Total,-13072.0,-6450.0,-12289.0,GdsrNGTLImperial20250816.csv
2025-08-17,2025-08-18,ALBERTA_BC,Border Flow,-2233.0,-2165.0,-2219.0,GdsrNGTLImperial20250817.csv
2025-08-17,2025-08-18,EMPRESS,Border Flow,-3951.0,-3968.0,-3953.0,GdsrNGTLImperial20250817.csv
2025-08-17,2025-08-18,MCNEILL,Border Flow,-756.0,-767.0,-727.0,GdsrNGTLImperial20250817.csv
2025-08-17,2025-08-18,OTHER_BORDERS,Border Flow,-396.0,-417.0,-434.0,GdsrNGTLImperial20250817.csv
2025-08-17,2025-08-18,GORDONDALE,Interconnect Flow,150.0,148.0,150.0,GdsrNGTLImperial20250817.csv
2025-08-17,2025-08-18,GROUNDBIRCH_EAST,Interconnect Flow,176.0,176.0,211.0,GdsrNGTLImperial20250817.csv
2025-08-17,2025-08-18,WILLOW_VALLEY,Interconnect Flow,-26.0,-24.0,0.0,GdsrNGTLImperial20250817.csv
2025-08-17,2025-08-18,INTRAPROVINCIAL,Internal Delivery,-10853.0,-5720.0,-10365.0,GdsrNGTLImperial20250817.csv
2025-08-17,2025-08-18,TOTAL_NET_STORAGE,Storage,-872.0,-839.0,-524.0,GdsrNGTLImperial20250817.csv
2025-08-17,2025-08-18,TOTAL_STORAGE_DELIVERIES,Storage,-2202.0,-839.0,-1684.0,GdsrNGTLImperial20250817.csv
2025-08-17,2025-08-18,TOTAL_STORAGE_RECEIPTS,Storage,1330.0,0.0,1160.0,GdsrNGTLImperial20250817.csv
2025-08-17,2025-08-18,TOTAL_NGTL_DELIVERIES,System Total,-20418.0,-13899.0,-19383.0,GdsrNGTLImperial20250817.csv
2025-08-17,2025-08-18,TOTAL_NGTL_RECEIPTS,System Total,24442.0,13985.0,24311.0,GdsrNGTLImperial20250817.csv
2025-08-17,2025-08-18,TOTAL_STORAGE_AND_INTRAPROVINCIAL,System Total,-13055.0,-6559.0,-12049.0,GdsrNGTLImperial20250817.csv
2025-08-18,2025-08-19,ALBERTA_BC,Border Flow,-2208.0,-2172.0,-2227.0,GdsrNGTLImperial20250818.csv
2025-08-18,2025-08-19,EMPRESS,Border Flow,-3995.0,-3978.0,-4002.0,GdsrNGTLImperial20250818.csv
2025-08-18,2025-08-19,MCNEILL,Border Flow,-719.0,-752.0,-739.0,GdsrNGTLImperial20250818.csv
2025-08-18,2025-08-19,OTHER_BORDERS,Border Flow,-439.0,-413.0,-437.0,GdsrNGTLImperial20250818.csv
2025-08-18,2025-08-19,GORDONDALE,Interconnect Flow,150.0,146.0,150.0,GdsrNGTLImperial20250818.csv
2025-08-18,2025-08-19,GROUNDBIRCH_EAST,Interconnect Flow,158.0,159.0,0.0,GdsrNGTLImperial20250818.csv
2025-08-18,2025-08-19,WILLOW_VALLEY,Interconnect Flow,0.0,0.0,0.0,GdsrNGTLImperial20250818.csv
2025-08-18,2025-08-19,INTRAPROVINCIAL,Internal Delivery,-10754.0,-5804.0,-10359.0,GdsrNGTLImperial20250818.csv
2025-08-18,2025-08-19,TOTAL_NET_STORAGE,Storage,-691.0,-726.0,-409.0,GdsrNGTLImperial20250818.csv
2025-08-18,2025-08-19,TOTAL_STORAGE_DELIVERIES,Storage,-1970.0,-726.0,-1570.0,GdsrNGTLImperial20250818.csv
2025-08-18,2025-08-19,TOTAL_STORAGE_RECEIPTS,Storage,1279.0,0.0,1161.0,GdsrNGTLImperial20250818.csv
2025-08-18,2025-08-19,TOTAL_NGTL_DELIVERIES,System Total,-20085.0,-13846.0,-19335.0,GdsrNGTLImperial20250818.csv
2025-08-18,2025-08-19,TOTAL_NGTL_RECEIPTS,System Total,24380.0,13920.0,24106.0,GdsrNGTLImperial20250818.csv
2025-08-18,2025-08-19,TOTAL_STORAGE_AND_INTRAPROVINCIAL,System Total,-12723.0,-6530.0,-11929.0,GdsrNGTLImperial20250818.csv
2025-08-19,2025-08-20,ALBERTA_BC,Border Flow,-2221.0,-2170.0,-2223.0,GdsrNGTLImperial20250819.csv
2025-08-19,2025-08-20,EMPRESS,Border Flow,-4081.0,-4017.0,-4022.0,GdsrNGTLImperial20250819.csv
2025-08-19,2025-08-20,MCNEILL,Border Flow,-756.0,-740.0,-780.0,GdsrNGTLImperial20250819.csv
2025-08-19,2025-08-20,OTHER_BORDERS,Border Flow,-402.0,-381.0,-438.0,GdsrNGTLImperial20250819.csv
2025-08-19,2025-08-20,GORDONDALE,Interconnect Flow,164.0,175.0,164.0,GdsrNGTLImperial20250819.csv
2025-08-19,2025-08-20,GROUNDBIRCH_EAST,Interconnect Flow,55.0,55.0,73.0,GdsrNGTLImperial20250819.csv
2025-08-19,2025-08-20,WILLOW_VALLEY,Interconnect Flow,0.0,0.0,0.0,GdsrNGTLImperial20250819.csv
2025-08-19,2025-08-20,INTRAPROVINCIAL,Internal Delivery,-10763.0,-5725.0,-10349.0,GdsrNGTLImperial20250819.csv
2025-08-19,2025-08-20,TOTAL_NET_STORAGE,Storage,-513.0,-507.0,-498.0,GdsrNGTLImperial20250819.csv
2025-08-19,2025-08-20,TOTAL_STORAGE_DELIVERIES,Storage,-1879.0,-589.0,-1659.0,GdsrNGTLImperial20250819.csv
2025-08-19,2025-08-20,TOTAL_STORAGE_RECEIPTS,Storage,1366.0,82.0,1161.0,GdsrNGTLImperial20250819.csv
2025-08-19,2025-08-20,TOTAL_NGTL_DELIVERIES,System Total,-20102.0,-13621.0,-19471.0,GdsrNGTLImperial20250819.csv
2025-08-19,2025-08-20,TOTAL_NGTL_RECEIPTS,System Total,24380.0,13821.0,24192.0,GdsrNGTLImperial20250819.csv
2025-08-19,2025-08-20,TOTAL_STORAGE_AND_INTRAPROVINCIAL,System Total,-12642.0,-6314.0,-12008.0,GdsrNGTLImperial20250819.csv
2025-08-20,2025-08-21,ALBERTA_BC,Border Flow,-2211.0,-2235.0,-2185.0,GdsrNGTLImperial20250820.csv
2025-08-20,2025-08-21,EMPRESS,Border Flow,-3908.0,-4012.0,-3862.0,GdsrNGTLImperial20250820.csv
2025-08-20,2025-08-21,MCNEILL,Border Flow,-762.0,-759.0,-814.0,GdsrNGTLImperial20250820.csv
2025-08-20,2025-08-21,OTHER_BORDERS,Border Flow,-454.0,-392.0,-428.0,GdsrNGTLImperial20250820.csv
2025-08-20,2025-08-21,GORDONDALE,Interconnect Flow,170.0,185.0,171.0,GdsrNGTLImperial20250820.csv
2025-08-20,2025-08-21,GROUNDBIRCH_EAST,Interconnect Flow,128.0,126.0,274.0,GdsrNGTLImperial20250820.csv
2025-08-20,2025-08-21,WILLOW_VALLEY,Interconnect Flow,0.0,0.0,0.0,GdsrNGTLImperial20250820.csv
2025-08-20,2025-08-21,INTRAPROVINCIAL,Internal Delivery,-10735.0,-5576.0,-10347.0,GdsrNGTLImperial20250820.csv
2025-08-20,2025-08-21,TOTAL_NET_STORAGE,Storage,-719.0,-636.0,-675.0,GdsrNGTLImperial20250820.csv
2025-08-20,2025-08-21,TOTAL_STORAGE_DELIVERIES,Storage,-2005.0,-645.0,-1836.0,GdsrNGTLImperial20250820.csv
2025-08-20,2025-08-21,TOTAL_STORAGE_RECEIPTS,Storage,1286.0,10.0,1161.0,GdsrNGTLImperial20250820.csv
2025-08-20,2025-08-21,TOTAL_NGTL_DELIVERIES,System Total,-20210.0,-13619.0,-19609.0,GdsrNGTLImperial20250820.csv
2025-08-20,2025-08-21,TOTAL_NGTL_RECEIPTS,System Total,24513.0,13808.0,24541.0,GdsrNGTLImperial20250820.csv
2025-08-20,2025-08-21,TOTAL_STORAGE_AND_INTRAPROVINCIAL,System Total,-12741.0,-6221.0,-12183.0,GdsrNGTLImperial20250820.csv
2025-08-21,2025-08-22,ALBERTA_BC,Border Flow,-2251.0,-2223.0,-2260.0,GdsrNGTLImperial20250821.csv
2025-08-21,2025-08-22,EMPRESS,Border Flow,-3913.0,-4005.0,-3975.0,GdsrNGTLImperial20250821.csv
2025-08-21,2025-08-22,MCNEILL,Border Flow,-779.0,-823.0,-857.0,GdsrNGTLImperial20250821.csv
2025-08-21,2025-08-22,OTHER_BORDERS,Border Flow,-423.0,-432.0,-427.0,GdsrNGTLImperial20250821.csv
2025-08-21,2025-08-22,GORDONDALE,Interconnect Flow,173.0,189.0,242.0,GdsrNGTLImperial20250821.csv
2025-08-21,2025-08-22,GROUNDBIRCH_EAST,Interconnect Flow,276.0,268.0,176.0,GdsrNGTLImperial20250821.csv
2025-08-21,2025-08-22,WILLOW_VALLEY,Interconnect Flow,0.0,0.0,0.0,GdsrNGTLImperial20250821.csv
2025-08-21,2025-08-22,INTRAPROVINCIAL,Internal Delivery,-10756.0,-5634.0,-10316.0,GdsrNGTLImperial20250821.csv
2025-08-21,2025-08-22,TOTAL_NET_STORAGE,Storage,-1018.0,-945.0,-536.0,GdsrNGTLImperial20250821.csv
2025-08-21,2025-08-22,TOTAL_STORAGE_DELIVERIES,Storage,-2352.0,-945.0,-1697.0,GdsrNGTLImperial20250821.csv
2025-08-21,2025-08-22,TOTAL_STORAGE_RECEIPTS,Storage,1334.0,0.0,1161.0,GdsrNGTLImperial20250821.csv
2025-08-21,2025-08-22,TOTAL_NGTL_DELIVERIES,System Total,-20611.0,-14062.0,-19532.0,GdsrNGTLImperial20250821.csv
2025-08-21,2025-08-22,TOTAL_NGTL_RECEIPTS,System Total,24719.0,13933.0,24378.0,GdsrNGTLImperial20250821.csv
2025-08-21,2025-08-22,TOTAL_STORAGE_AND_INTRAPROVINCIAL,System Total,-13108.0,-6579.0,-12013.0,GdsrNGTLImperial20250821.csv
2025-08-22,2025-08-23,ALBERTA_BC,Border Flow,-2239.0,-2235.0,-2242.0,GdsrNGTLImperial20250822.csv
2025-08-22,2025-08-23,EMPRESS,Border Flow,-4006.0,-4019.0,-4015.0,GdsrNGTLImperial20250822.csv
2025-08-22,2025-08-23,MCNEILL,Border Flow,-824.0,-841.0,-799.0,GdsrNGTLImperial20250822.csv
2025-08-22,2025-08-23,OTHER_BORDERS,Border Flow,-399.0,-432.0,-424.0,GdsrNGTLImperial20250822.csv
2025-08-22,2025-08-23,GORDONDALE,Interconnect Flow,219.0,181.0,209.0,GdsrNGTLImperial20250822.csv
2025-08-22,2025-08-23,GROUNDBIRCH_EAST,Interconnect Flow,175.0,143.0,85.0,GdsrNGTLImperial20250822.csv
2025-08-22,2025-08-23,WILLOW_VALLEY,Interconnect Flow,-4.0,0.0,0.0,GdsrNGTLImperial20250822.csv
2025-08-22,2025-08-23,INTRAPROVINCIAL,Internal Delivery,-10786.0,-5809.0,-10335.0,GdsrNGTLImperial20250822.csv
2025-08-22,2025-08-23,TOTAL_NET_STORAGE,Storage,-716.0,-879.0,-677.0,GdsrNGTLImperial20250822.csv
2025-08-22,2025-08-23,TOTAL_STORAGE_DELIVERIES,Storage,-1974.0,-879.0,-1837.0,GdsrNGTLImperial20250822.csv
2025-08-22,2025-08-23,TOTAL_STORAGE_RECEIPTS,Storage,1258.0,0.0,1160.0,GdsrNGTLImperial20250822.csv
2025-08-22,2025-08-23,TOTAL_NGTL_DELIVERIES,System Total,-20233.0,-14216.0,-19652.0,GdsrNGTLImperial20250822.csv
2025-08-22,2025-08-23,TOTAL_NGTL_RECEIPTS,System Total,24451.0,13906.0,24248.0,GdsrNGTLImperial20250822.csv
2025-08-22,2025-08-23,TOTAL_STORAGE_AND_INTRAPROVINCIAL,System Total,-12760.0,-6688.0,-12171.0,GdsrNGTLImperial20250822.csv
2025-08-23,2025-08-24,ALBERTA_BC,Border Flow,-2247.0,-2224.0,-2247.0,GdsrNGTLImperial20250823.csv
2025-08-23,2025-08-24,EMPRESS,Border Flow,-3982.0,-3954.0,-4020.0,GdsrNGTLImperial20250823.csv
2025-08-23,2025-08-24,MCNEILL,Border Flow,-826.0,-837.0,-790.0,GdsrNGTLImperial20250823.csv
2025-08-23,2025-08-24,OTHER_BORDERS,Border Flow,-422.0,-421.0,-422.0,GdsrNGTLImperial20250823.csv
2025-08-23,2025-08-24,GORDONDALE,Interconnect Flow,238.0,228.0,209.0,GdsrNGTLImperial20250823.csv
2025-08-23,2025-08-24,GROUNDBIRCH_EAST,Interconnect Flow,85.0,90.0,85.0,GdsrNGTLImperial20250823.csv
2025-08-23,2025-08-24,WILLOW_VALLEY,Interconnect Flow,0.0,0.0,0.0,GdsrNGTLImperial20250823.csv
2025-08-23,2025-08-24,INTRAPROVINCIAL,Internal Delivery,-10795.0,-5638.0,-10336.0,GdsrNGTLImperial20250823.csv
2025-08-23,2025-08-24,TOTAL_NET_STORAGE,Storage,-778.0,-830.0,-697.0,GdsrNGTLImperial20250823.csv
2025-08-23,2025-08-24,TOTAL_STORAGE_DELIVERIES,Storage,-1871.0,-830.0,-1854.0,GdsrNGTLImperial20250823.csv
2025-08-23,2025-08-24,TOTAL_STORAGE_RECEIPTS,Storage,1093.0,0.0,1157.0,GdsrNGTLImperial20250823.csv
2025-08-23,2025-08-24,TOTAL_NGTL_DELIVERIES,System Total,-20235.0,-13904.0,-19669.0,GdsrNGTLImperial20250823.csv
2025-08-23,2025-08-24,TOTAL_NGTL_RECEIPTS,System Total,24302.0,13831.0,24245.0,GdsrNGTLImperial20250823.csv
2025-08-23,2025-08-24,TOTAL_STORAGE_AND_INTRAPROVINCIAL,System Total,-12666.0,-6468.0,-12190.0,GdsrNGTLImperial20250823.csv
2025-08-24,2025-08-25,ALBERTA_BC,Border Flow,-2248.0,-2177.0,-2246.0,GdsrNGTLImperial20250824.csv
2025-08-24,2025-08-25,EMPRESS,Border Flow,-4039.0,-4044.0,-3995.0,GdsrNGTLImperial20250824.csv
2025-08-24,2025-08-25,MCNEILL,Border Flow,-795.0,-829.0,-855.0,GdsrNGTLImperial20250824.csv
2025-08-24,2025-08-25,OTHER_BORDERS,Border Flow,-422.0,-418.0,-415.0,GdsrNGTLImperial20250824.csv
2025-08-24,2025-08-25,GORDONDALE,Interconnect Flow,209.0,208.0,209.0,GdsrNGTLImperial20250824.csv
2025-08-24,2025-08-25,GROUNDBIRCH_EAST,Interconnect Flow,76.0,75.0,59.0,GdsrNGTLImperial20250824.csv
2025-08-24,2025-08-25,WILLOW_VALLEY,Interconnect Flow,0.0,0.0,0.0,GdsrNGTLImperial20250824.csv
2025-08-24,2025-08-25,INTRAPROVINCIAL,Internal Delivery,-10793.0,-5603.0,-10323.0,GdsrNGTLImperial20250824.csv
2025-08-24,2025-08-25,TOTAL_NET_STORAGE,Storage,-726.0,-702.0,-540.0,GdsrNGTLImperial20250824.csv
2025-08-24,2025-08-25,TOTAL_STORAGE_DELIVERIES,Storage,-1935.0,-702.0,-1714.0,GdsrNGTLImperial20250824.csv
2025-08-24,2025-08-25,TOTAL_STORAGE_RECEIPTS,Storage,1209.0,0.0,1174.0,GdsrNGTLImperial20250824.csv
2025-08-24,2025-08-25,TOTAL_NGTL_DELIVERIES,System Total,-20232.0,-13773.0,-19547.0,GdsrNGTLImperial20250824.csv
2025-08-24,2025-08-25,TOTAL_NGTL_RECEIPTS,System Total,24289.0,13683.0,24237.0,GdsrNGTLImperial20250824.csv
2025-08-24,2025-08-25,TOTAL_STORAGE_AND_INTRAPROVINCIAL,System Total,-12728.0,-6306.0,-12036.0,GdsrNGTLImperial20250824.csv
2025-08-25,2025-08-26,ALBERTA_BC,Border Flow,-2211.0,-2228.0,-2244.0,GdsrNGTLImperial20250825.csv
2025-08-25,2025-08-26,EMPRESS,Border Flow,-4049.0,-4050.0,-3953.0,GdsrNGTLImperial20250825.csv
2025-08-25,2025-08-26,MCNEILL,Border Flow,-774.0,-905.0,-813.0,GdsrNGTLImperial20250825.csv
2025-08-25,2025-08-26,OTHER_BORDERS,Border Flow,-409.0,-407.0,-411.0,GdsrNGTLImperial20250825.csv
2025-08-25,2025-08-26,GORDONDALE,Interconnect Flow,209.0,209.0,209.0,GdsrNGTLImperial20250825.csv
2025-08-25,2025-08-26,GROUNDBIRCH_EAST,Interconnect Flow,102.0,103.0,86.0,GdsrNGTLImperial20250825.csv
2025-08-25,2025-08-26,WILLOW_VALLEY,Interconnect Flow,0.0,0.0,0.0,GdsrNGTLImperial20250825.csv
2025-08-25,2025-08-26,INTRAPROVINCIAL,Internal Delivery,-10763.0,-5732.0,-10328.0,GdsrNGTLImperial20250825.csv
2025-08-25,2025-08-26,TOTAL_NET_STORAGE,Storage,-486.0,-553.0,-183.0,GdsrNGTLImperial20250825.csv
2025-08-25,2025-08-26,TOTAL_STORAGE_DELIVERIES,Storage,-1806.0,-557.0,-1495.0,GdsrNGTLImperial20250825.csv
2025-08-25,2025-08-26,TOTAL_STORAGE_RECEIPTS,Storage,1320.0,4.0,1312.0,GdsrNGTLImperial20250825.csv
2025-08-25,2025-08-26,TOTAL_NGTL_DELIVERIES,System Total,-20013.0,-13879.0,-19245.0,GdsrNGTLImperial20250825.csv
2025-08-25,2025-08-26,TOTAL_NGTL_RECEIPTS,System Total,24424.0,13689.0,24447.0,GdsrNGTLImperial20250825.csv
2025-08-25,2025-08-26,TOTAL_STORAGE_AND_INTRAPROVINCIAL,System Total,-12569.0,-6289.0,-11824.0,GdsrNGTLImperial20250825.csv
2025-08-26,2025-08-27,ALBERTA_BC,Border Flow,-2226.0,-2204.0,-2257.0,GdsrNGTLImperial20250826.csv
2025-08-26,2025-08-27,EMPRESS,Border Flow,-3951.0,-3993.0,-3974.0,GdsrNGTLImperial20250826.csv
2025-08-26,2025-08-27,MCNEILL,Border Flow,-713.0,-760.0,-842.0,GdsrNGTLImperial20250826.csv
2025-08-26,2025-08-27,OTHER_BORDERS,Border Flow,-369.0,-395.0,-380.0,GdsrNGTLImperial20250826.csv
2025-08-26,2025-08-27,GORDONDALE,Interconnect Flow,208.0,224.0,209.0,GdsrNGTLImperial20250826.csv
2025-08-26,2025-08-27,GROUNDBIRCH_EAST,Interconnect Flow,86.0,82.0,63.0,GdsrNGTLImperial20250826.csv
2025-08-26,2025-08-27,WILLOW_VALLEY,Interconnect Flow,0.0,0.0,0.0,GdsrNGTLImperial20250826.csv
2025-08-26,2025-08-27,INTRAPROVINCIAL,Internal Delivery,-10787.0,-5689.0,-10321.0,GdsrNGTLImperial20250826.csv
2025-08-26,2025-08-27,TOTAL_NET_STORAGE,Storage,-359.0,-136.0,-333.0,GdsrNGTLImperial20250826.csv
2025-08-26,2025-08-27,TOTAL_STORAGE_DELIVERIES,Storage,-1872.0,-402.0,-1607.0,GdsrNGTLImperial20250826.csv
2025-08-26,2025-08-27,TOTAL_STORAGE_RECEIPTS,Storage,1513.0,266.0,1274.0,GdsrNGTLImperial20250826.csv
2025-08-26,2025-08-27,TOTAL_NGTL_DELIVERIES,System Total,-19918.0,-13442.0,-19382.0,GdsrNGTLImperial20250826.csv
2025-08-26,2025-08-27,TOTAL_NGTL_RECEIPTS,System Total,24648.0,14160.0,24378.0,GdsrNGTLImperial20250826.csv
2025-08-26,2025-08-27,TOTAL_STORAGE_AND_INTRAPROVINCIAL,System Total,-12659.0,-6091.0,-11928.0,GdsrNGTLImperial20250826.csv
2025-08-27,2025-08-28,ALBERTA_BC,Border Flow,-2261.0,-2245.0,-2228.0,GdsrNGTLImperial20250827.csv
2025-08-27,2025-08-28,EMPRESS,Border Flow,-4005.0,-3984.0,-3941.0,GdsrNGTLImperial20250827.csv
2025-08-27,2025-08-28,MCNEILL,Border Flow,-818.0,-740.0,-861.0,GdsrNGTLImperial20250827.csv
2025-08-27,2025-08-28,OTHER_BORDERS,Border Flow,-380.0,-388.0,-397.0,GdsrNGTLImperial20250827.csv
2025-08-27,2025-08-28,GORDONDALE,Interconnect Flow,209.0,239.0,208.0,GdsrNGTLImperial20250827.csv
2025-08-27,2025-08-28,GROUNDBIRCH_EAST,Interconnect Flow,86.0,83.0,127.0,GdsrNGTLImperial20250827.csv
2025-08-27,2025-08-28,WILLOW_VALLEY,Interconnect Flow,0.0,0.0,0.0,GdsrNGTLImperial20250827.csv
2025-08-27,2025-08-28,INTRAPROVINCIAL,Internal Delivery,-10797.0,-5659.0,-10373.0,GdsrNGTLImperial20250827.csv
2025-08-27,2025-08-28,TOTAL_NET_STORAGE,Storage,-438.0,-529.0,-554.0,GdsrNGTLImperial20250827.csv
2025-08-27,2025-08-28,TOTAL_STORAGE_DELIVERIES,Storage,-1751.0,-577.0,-1711.0,GdsrNGTLImperial20250827.csv
2025-08-27,2025-08-28,TOTAL_STORAGE_RECEIPTS,Storage,1313.0,48.0,1157.0,GdsrNGTLImperial20250827.csv
2025-08-27,2025-08-28,TOTAL_NGTL_DELIVERIES,System Total,-20012.0,-13593.0,-19512.0,GdsrNGTLImperial20250827.csv
2025-08-27,2025-08-28,TOTAL_NGTL_RECEIPTS,System Total,24440.0,13817.0,24259.0,GdsrNGTLImperial20250827.csv
2025-08-27,2025-08-28,TOTAL_STORAGE_AND_INTRAPROVINCIAL,System Total,-12548.0,-6236.0,-12085.0,GdsrNGTLImperial20250827.csv
2025-08-28,2025-08-29,ALBERTA_BC,Border Flow,-2285.0,-2293.0,-2246.0,GdsrNGTLImperial20250828.csv
2025-08-28,2025-08-29,EMPRESS,Border Flow,-3921.0,-3983.0,-3941.0,GdsrNGTLImperial20250828.csv
2025-08-28,2025-08-29,MCNEILL,Border Flow,-846.0,-799.0,-835.0,GdsrNGTLImperial20250828.csv
2025-08-28,2025-08-29,OTHER_BORDERS,Border Flow,-383.0,-381.0,-414.0,GdsrNGTLImperial20250828.csv
2025-08-28,2025-08-29,GORDONDALE,Interconnect Flow,208.0,238.0,217.0,GdsrNGTLImperial20250828.csv
2025-08-28,2025-08-29,GROUNDBIRCH_EAST,Interconnect Flow,127.0,128.0,105.0,GdsrNGTLImperial20250828.csv
2025-08-28,2025-08-29,WILLOW_VALLEY,Interconnect Flow,-8.0,0.0,-8.0,GdsrNGTLImperial20250828.csv
2025-08-28,2025-08-29,INTRAPROVINCIAL,Internal Delivery,-10862.0,-5795.0,-10390.0,GdsrNGTLImperial20250828.csv
2025-08-28,2025-08-29,TOTAL_NET_STORAGE,Storage,-686.0,-728.0,-777.0,GdsrNGTLImperial20250828.csv
2025-08-28,2025-08-29,TOTAL_STORAGE_DELIVERIES,Storage,-1949.0,-790.0,-1933.0,GdsrNGTLImperial20250828.csv
2025-08-28,2025-08-29,TOTAL_STORAGE_RECEIPTS,Storage,1263.0,62.0,1157.0,GdsrNGTLImperial20250828.csv
2025-08-28,2025-08-29,TOTAL_NGTL_DELIVERIES,System Total,-20345.0,-14041.0,-19768.0,GdsrNGTLImperial20250828.csv
2025-08-28,2025-08-29,TOTAL_NGTL_RECEIPTS,System Total,24447.0,14080.0,23710.0,GdsrNGTLImperial20250828.csv
2025-08-28,2025-08-29,TOTAL_STORAGE_AND_INTRAPROVINCIAL,System Total,-12811.0,-6585.0,-12323.0,GdsrNGTLImperial20250828.csv
2025-08-29,2025-08-30,ALBERTA_BC,Border Flow,-2163.0,-2238.0,-2154.0,GdsrNGTLImperial20250829.csv
2025-08-29,2025-08-30,EMPRESS,Border Flow,-3995.0,-4010.0,-3929.0,GdsrNGTLImperial20250829.csv
2025-08-29,2025-08-30,MCNEILL,Border Flow,-836.0,-803.0,-860.0,GdsrNGTLImperial20250829.csv
2025-08-29,2025-08-30,OTHER_BORDERS,Border Flow,-393.0,-373.0,-383.0,GdsrNGTLImperial20250829.csv
2025-08-29,2025-08-30,GORDONDALE,Interconnect Flow,192.0,192.0,214.0,GdsrNGTLImperial20250829.csv
2025-08-29,2025-08-30,GROUNDBIRCH_EAST,Interconnect Flow,104.0,105.0,102.0,GdsrNGTLImperial20250829.csv
2025-08-29,2025-08-30,WILLOW_VALLEY,Interconnect Flow,-5.0,0.0,-5.0,GdsrNGTLImperial20250829.csv
2025-08-29,2025-08-30,INTRAPROVINCIAL,Internal Delivery,-10850.0,-5866.0,-10375.0,GdsrNGTLImperial20250829.csv
2025-08-29,2025-08-30,TOTAL_NET_STORAGE,Storage,-883.0,-843.0,-617.0,GdsrNGTLImperial20250829.csv
2025-08-29,2025-08-30,TOTAL_STORAGE_DELIVERIES,Storage,-2193.0,-843.0,-1823.0,GdsrNGTLImperial20250829.csv
2025-08-29,2025-08-30,TOTAL_STORAGE_RECEIPTS,Storage,1310.0,0.0,1206.0,GdsrNGTLImperial20250829.csv
2025-08-29,2025-08-30,TOTAL_NGTL_DELIVERIES,System Total,-20456.0,-14133.0,-19529.0,GdsrNGTLImperial20250829.csv
2025-08-29,2025-08-30,TOTAL_NGTL_RECEIPTS,System Total,24297.0,13948.0,24269.0,GdsrNGTLImperial20250829.csv
2025-08-29,2025-08-30,TOTAL_STORAGE_AND_INTRAPROVINCIAL,System Total,-13042.0,-6709.0,-12198.0,GdsrNGTLImperial20250829.csv
2025-08-30,2025-08-31,ALBERTA_BC,Border Flow,-2145.0,-2190.0,-2182.0,GdsrNGTLImperial20250830.csv
2025-08-30,2025-08-31,EMPRESS,Border Flow,-4006.0,-3954.0,-3945.0,GdsrNGTLImperial20250830.csv
2025-08-30,2025-08-31,MCNEILL,Border Flow,-841.0,-912.0,-851.0,GdsrNGTLImperial20250830.csv
2025-08-30,2025-08-31,OTHER_BORDERS,Border Flow,-384.0,-374.0,-384.0,GdsrNGTLImperial20250830.csv
2025-08-30,2025-08-31,GORDONDALE,Interconnect Flow,210.0,210.0,214.0,GdsrNGTLImperial20250830.csv
2025-08-30,2025-08-31,GROUNDBIRCH_EAST,Interconnect Flow,111.0,102.0,103.0,GdsrNGTLImperial20250830.csv
2025-08-30,2025-08-31,WILLOW_VALLEY,Interconnect Flow,-14.0,0.0,-9.0,GdsrNGTLImperial20250830.csv
2025-08-30,2025-08-31,INTRAPROVINCIAL,Internal Delivery,-10837.0,-5782.0,-10383.0,GdsrNGTLImperial20250830.csv
2025-08-30,2025-08-31,TOTAL_NET_STORAGE,Storage,-787.0,-714.0,-562.0,GdsrNGTLImperial20250830.csv
2025-08-30,2025-08-31,TOTAL_STORAGE_DELIVERIES,Storage,-2079.0,-714.0,-1773.0,GdsrNGTLImperial20250830.csv
2025-08-30,2025-08-31,TOTAL_STORAGE_RECEIPTS,Storage,1292.0,0.0,1211.0,GdsrNGTLImperial20250830.csv
2025-08-30,2025-08-31,TOTAL_NGTL_DELIVERIES,System Total,-20309.0,-13926.0,-19527.0,GdsrNGTLImperial20250830.csv
2025-08-30,2025-08-31,TOTAL_NGTL_RECEIPTS,System Total,24372.0,14028.0,24238.0,GdsrNGTLImperial20250830.csv
2025-08-30,2025-08-31,TOTAL_STORAGE_AND_INTRAPROVINCIAL,System Total,-12916.0,-6496.0,-12156.0,GdsrNGTLImperial20250830.csv
2025-08-31,2025-09-01,ALBERTA_BC,Border Flow,-2189.0,-2219.0,-2226.0,GdsrNGTLImperial20250831.csv
2025-08-31,2025-09-01,EMPRESS,Border Flow,-3914.0,-3980.0,-3886.0,GdsrNGTLImperial20250831.csv
2025-08-31,2025-09-01,MCNEILL,Border Flow,-850.0,-810.0,-592.0,GdsrNGTLImperial20250831.csv
2025-08-31,2025-09-01,OTHER_BORDERS,Border Flow,-384.0,-345.0,-367.0,GdsrNGTLImperial20250831.csv
2025-08-31,2025-09-01,GORDONDALE,Interconnect Flow,206.0,201.0,183.0,GdsrNGTLImperial20250831.csv
2025-08-31,2025-09-01,GROUNDBIRCH_EAST,Interconnect Flow,138.0,139.0,188.0,GdsrNGTLImperial20250831.csv
2025-08-31,2025-09-01,WILLOW_VALLEY,Interconnect Flow,-17.0,0.0,-2.0,GdsrNGTLImperial20250831.csv
2025-08-31,2025-09-01,INTRAPROVINCIAL,Internal Delivery,-10869.0,-5775.0,-10403.0,GdsrNGTLImperial20250831.csv
2025-08-31,2025-09-01,TOTAL_NET_STORAGE,Storage,-888.0,-813.0,-1007.0,GdsrNGTLImperial20250831.csv
2025-08-31,2025-09-01,TOTAL_STORAGE_DELIVERIES,Storage,-2171.0,-817.0,-2275.0,GdsrNGTLImperial20250831.csv
2025-08-31,2025-09-01,TOTAL_STORAGE_RECEIPTS,Storage,1283.0,4.0,1268.0,GdsrNGTLImperial20250831.csv
2025-08-31,2025-09-01,TOTAL_NGTL_DELIVERIES,System Total,-20507.0,-13947.0,-19754.0,GdsrNGTLImperial20250831.csv
2025-08-31,2025-09-01,TOTAL_NGTL_RECEIPTS,System Total,24453.0,14222.0,24306.0,GdsrNGTLImperial20250831.csv
2025-08-31,2025-09-01,TOTAL_STORAGE_AND_INTRAPROVINCIAL,System Total,-13040.0,-6592.0,-12677.0,GdsrNGTLImperial20250831.csv
2025-09-01,2025-09-02,ALBERTA_BC,Border Flow,-2233.0,-2197.0,-2267.0,GdsrNGTLImperial20250901.csv
2025-09-01,2025-09-02,EMPRESS,Border Flow,-3954.0,-4003.0,-3942.0,GdsrNGTLImperial20250901.csv
2025-09-01,2025-09-02,MCNEILL,Border Flow,-596.0,-626.0,-638.0,GdsrNGTLImperial20250901.csv
2025-09-01,2025-09-02,OTHER_BORDERS,Border Flow,-368.0,-357.0,-378.0,GdsrNGTLImperial20250901.csv
2025-09-01,2025-09-02,GORDONDALE,Interconnect Flow,186.0,185.0,235.0,GdsrNGTLImperial20250901.csv
2025-09-01,2025-09-02,GROUNDBIRCH_EAST,Interconnect Flow,212.0,211.0,257.0,GdsrNGTLImperial20250901.csv
2025-09-01,2025-09-02,WILLOW_VALLEY,Interconnect Flow,-1.0,0.0,0.0,GdsrNGTLImperial20250901.csv
2025-09-01,2025-09-02,INTRAPROVINCIAL,Internal Delivery,-10860.0,-5889.0,-10411.0,GdsrNGTLImperial20250901.csv
2025-09-01,2025-09-02,TOTAL_NET_STORAGE,Storage,-1215.0,-1143.0,-441.0,GdsrNGTLImperial20250901.csv
2025-09-01,2025-09-02,TOTAL_STORAGE_DELIVERIES,Storage,-2599.0,-1143.0,-1710.0,GdsrNGTLImperial20250901.csv
2025-09-01,2025-09-02,TOTAL_STORAGE_RECEIPTS,Storage,1384.0,0.0,1269.0,GdsrNGTLImperial20250901.csv
2025-09-01,2025-09-02,TOTAL_NGTL_DELIVERIES,System Total,-20613.0,-14215.0,-19346.0,GdsrNGTLImperial20250901.csv
2025-09-01,2025-09-02,TOTAL_NGTL_RECEIPTS,System Total,24445.0,14402.0,24422.0,GdsrNGTLImperial20250901.csv
2025-09-01,2025-09-02,TOTAL_STORAGE_AND_INTRAPROVINCIAL,System Total,-13460.0,-7032.0,-12121.0,GdsrNGTLImperial20250901.csv
2025-09-02,2025-09-03,ALBERTA_BC,Border Flow,-2251.0,-2172.0,-2200.0,GdsrNGTLImperial20250902.csv
2025-09-02,2025-09-03,EMPRESS,Border Flow,-4053.0,-3989.0,-3919.0,GdsrNGTLImperial20250902.csv
2025-09-02,2025-09-03,MCNEILL,Border Flow,-594.0,-611.0,-625.0,GdsrNGTLImperial20250902.csv
2025-09-02,2025-09-03,OTHER_BORDERS,Border Flow,-404.0,-371.0,-404.0,GdsrNGTLImperial20250902.csv
2025-09-02,2025-09-03,GORDONDALE,Interconnect Flow,240.0,237.0,238.0,GdsrNGTLImperial20250902.csv
2025-09-02,2025-09-03,GROUNDBIRCH_EAST,Interconnect Flow,305.0,318.0,264.0,GdsrNGTLImperial20250902.csv
2025-09-02,2025-09-03,WILLOW_VALLEY,Interconnect Flow,0.0,0.0,0.0,GdsrNGTLImperial20250902.csv
2025-09-02,2025-09-03,INTRAPROVINCIAL,Internal Delivery,-10902.0,-5788.0,-10449.0,GdsrNGTLImperial20250902.csv
2025-09-02,2025-09-03,TOTAL_NET_STORAGE,Storage,-1166.0,-1197.0,-401.0,GdsrNGTLImperial20250902.csv
2025-09-02,2025-09-03,TOTAL_STORAGE_DELIVERIES,Storage,-2494.0,-1197.0,-1675.0,GdsrNGTLImperial20250902.csv
2025-09-02,2025-09-03,TOTAL_STORAGE_RECEIPTS,Storage,1328.0,0.0,1274.0,GdsrNGTLImperial20250902.csv
2025-09-02,2025-09-03,TOTAL_NGTL_DELIVERIES,System Total,-20697.0,-14128.0,-19271.0,GdsrNGTLImperial20250902.csv
2025-09-02,2025-09-03,TOTAL_NGTL_RECEIPTS,System Total,24534.0,14328.0,24438.0,GdsrNGTLImperial20250902.csv
2025-09-02,2025-09-03,TOTAL_STORAGE_AND_INTRAPROVINCIAL,System Total,-13396.0,-6985.0,-12124.0,GdsrNGTLImperial20250902.csv
2025-09-03,2025-09-04,ALBERTA_BC,Border Flow,-2187.0,-2134.0,-2131.0,GdsrNGTLImperial20250903.csv
2025-09-03,2025-09-04,EMPRESS,Border Flow,-4024.0,-3983.0,-3895.0,GdsrNGTLImperial20250903.csv
2025-09-03,2025-09-04,MCNEILL,Border Flow,-616.0,-543.0,-556.0,GdsrNGTLImperial20250903.csv
2025-09-03,2025-09-04,OTHER_BORDERS,Border Flow,-383.0,-413.0,-412.0,GdsrNGTLImperial20250903.csv
2025-09-03,2025-09-04,GORDONDALE,Interconnect Flow,239.0,236.0,245.0,GdsrNGTLImperial20250903.csv
2025-09-03,2025-09-04,GROUNDBIRCH_EAST,Interconnect Flow,264.0,267.0,266.0,GdsrNGTLImperial20250903.csv
2025-09-03,2025-09-04,WILLOW_VALLEY,Interconnect Flow,0.0,0.0,0.0,GdsrNGTLImperial20250903.csv
2025-09-03,2025-09-04,INTRAPROVINCIAL,Internal Delivery,-10850.0,-5648.0,-10365.0,GdsrNGTLImperial20250903.csv
2025-09-03,2025-09-04,TOTAL_NET_STORAGE,Storage,-1315.0,-1336.0,-619.0,GdsrNGTLImperial20250903.csv
2025-09-03,2025-09-04,TOTAL_STORAGE_DELIVERIES,Storage,-2629.0,-1336.0,-1832.0,GdsrNGTLImperial20250903.csv
2025-09-03,2025-09-04,TOTAL_STORAGE_RECEIPTS,Storage,1314.0,0.0,1213.0,GdsrNGTLImperial20250903.csv
2025-09-03,2025-09-04,TOTAL_NGTL_DELIVERIES,System Total,-20689.0,-14056.0,-19191.0,GdsrNGTLImperial20250903.csv
2025-09-03,2025-09-04,TOTAL_NGTL_RECEIPTS,System Total,24472.0,13767.0,24376.0,GdsrNGTLImperial20250903.csv
2025-09-03,2025-09-04,TOTAL_STORAGE_AND_INTRAPROVINCIAL,System Total,-13479.0,-6983.0,-12197.0,GdsrNGTLImperial20250903.csv
2025-09-04,2025-09-05,ALBERTA_BC,Border Flow,-2138.0,-2242.0,-2815.0,GdsrNGTLImperial20250904.csv
2025-09-04,2025-09-05,EMPRESS,Border Flow,-3959.0,-4001.0,-3898.0,GdsrNGTLImperial20250904.csv
2025-09-04,2025-09-05,MCNEILL,Border Flow,-520.0,-573.0,-579.0,GdsrNGTLImperial20250904.csv
2025-09-04,2025-09-05,OTHER_BORDERS,Border Flow,-385.0,-401.0,-437.0,GdsrNGTLImperial20250904.csv
2025-09-04,2025-09-05,GORDONDALE,Interconnect Flow,255.0,239.0,205.0,GdsrNGTLImperial20250904.csv
2025-09-04,2025-09-05,GROUNDBIRCH_EAST,Interconnect Flow,354.0,283.0,259.0,GdsrNGTLImperial20250904.csv
2025-09-04,2025-09-05,WILLOW_VALLEY,Interconnect Flow,-35.0,0.0,-18.0,GdsrNGTLImperial20250904.csv
2025-09-04,2025-09-05,INTRAPROVINCIAL,Internal Delivery,-10723.0,-5799.0,-10283.0,GdsrNGTLImperial20250904.csv
2025-09-04,2025-09-05,TOTAL_NET_STORAGE,Storage,-1171.0,-1228.0,-594.0,GdsrNGTLImperial20250904.csv
2025-09-04,2025-09-05,TOTAL_STORAGE_DELIVERIES,Storage,-2503.0,-1228.0,-1868.0,GdsrNGTLImperial20250904.csv
2025-09-04,2025-09-05,TOTAL_STORAGE_RECEIPTS,Storage,1331.0,0.0,1274.0,GdsrNGTLImperial20250904.csv
2025-09-04,2025-09-05,TOTAL_NGTL_DELIVERIES,System Total,-20262.0,-14244.0,-19911.0,GdsrNGTLImperial20250904.csv
2025-09-04,2025-09-05,TOTAL_NGTL_RECEIPTS,System Total,24592.0,13998.0,24403.0,GdsrNGTLImperial20250904.csv
2025-09-04,2025-09-05,TOTAL_STORAGE_AND_INTRAPROVINCIAL,System Total,-13225.0,-7027.0,-12150.0,GdsrNGTLImperial20250904.csv
2025-09-05,2025-09-06,ALBERTA_BC,Border Flow,-2852.0,-2681.0,-2831.0,GdsrNGTLImperial20250905.csv
2025-09-05,2025-09-06,EMPRESS,Border Flow,-3954.0,-3987.0,-3984.0,GdsrNGTLImperial20250905.csv
2025-09-05,2025-09-06,MCNEILL,Border Flow,-550.0,-588.0,-412.0,GdsrNGTLImperial20250905.csv
2025-09-05,2025-09-06,OTHER_BORDERS,Border Flow,-403.0,-397.0,-415.0,GdsrNGTLImperial20250905.csv
2025-09-05,2025-09-06,GORDONDALE,Interconnect Flow,195.0,209.0,220.0,GdsrNGTLImperial20250905.csv
2025-09-05,2025-09-06,GROUNDBIRCH_EAST,Interconnect Flow,265.0,276.0,277.0,GdsrNGTLImperial20250905.csv
2025-09-05,2025-09-06,WILLOW_VALLEY,Interconnect Flow,-89.0,-91.0,-14.0,GdsrNGTLImperial20250905.csv
2025-09-05,2025-09-06,INTRAPROVINCIAL,Internal Delivery,-10733.0,-5648.0,-10306.0,GdsrNGTLImperial20250905.csv
2025-09-05,2025-09-06,TOTAL_NET_STORAGE,Storage,-907.0,-966.0,-909.0,GdsrNGTLImperial20250905.csv
2025-09-05,2025-09-06,TOTAL_STORAGE_DELIVERIES,Storage,-2310.0,-966.0,-2245.0,GdsrNGTLImperial20250905.csv
2025-09-05,2025-09-06,TOTAL_STORAGE_RECEIPTS,Storage,1404.0,0.0,1336.0,GdsrNGTLImperial20250905.csv
2025-09-05,2025-09-06,TOTAL_NGTL_DELIVERIES,System Total,-20899.0,-14358.0,-20206.0,GdsrNGTLImperial20250905.csv
2025-09-05,2025-09-06,TOTAL_NGTL_RECEIPTS,System Total,24520.0,14083.0,24476.0,GdsrNGTLImperial20250905.csv
2025-09-05,2025-09-06,TOTAL_STORAGE_AND_INTRAPROVINCIAL,System Total,-13043.0,-6614.0,-12551.0,GdsrNGTLImperial20250905.csv
2025-09-06,2025-09-07,ALBERTA_BC,Border Flow,-2904.0,-2808.0,-2599.0,GdsrNGTLImperial20250906.csv
2025-09-06,2025-09-07,EMPRESS,Border Flow,-4042.0,-4077.0,-3934.0,GdsrNGTLImperial20250906.csv
2025-09-06,2025-09-07,MCNEILL,Border Flow,-419.0,-477.0,-422.0,GdsrNGTLImperial20250906.csv
2025-09-06,2025-09-07,OTHER_BORDERS,Border Flow,-397.0,-412.0,-415.0,GdsrNGTLImperial20250906.csv
2025-09-06,2025-09-07,GORDONDALE,Interconnect Flow,221.0,216.0,220.0,GdsrNGTLImperial20250906.csv
2025-09-06,2025-09-07,GROUNDBIRCH_EAST,Interconnect Flow,276.0,279.0,241.0,GdsrNGTLImperial20250906.csv
2025-09-06,2025-09-07,WILLOW_VALLEY,Interconnect Flow,-93.0,-95.0,-59.0,GdsrNGTLImperial20250906.csv
2025-09-06,2025-09-07,INTRAPROVINCIAL,Internal Delivery,-10710.0,-5470.0,-10326.0,GdsrNGTLImperial20250906.csv
2025-09-06,2025-09-07,TOTAL_NET_STORAGE,Storage,-817.0,-804.0,-920.0,GdsrNGTLImperial20250906.csv
2025-09-06,2025-09-07,TOTAL_STORAGE_DELIVERIES,Storage,-2253.0,-804.0,-2233.0,GdsrNGTLImperial20250906.csv
2025-09-06,2025-09-07,TOTAL_STORAGE_RECEIPTS,Storage,1435.0,0.0,1312.0,GdsrNGTLImperial20250906.csv
2025-09-06,2025-09-07,TOTAL_NGTL_DELIVERIES,System Total,-20819.0,-14143.0,-19987.0,GdsrNGTLImperial20250906.csv
2025-09-06,2025-09-07,TOTAL_NGTL_RECEIPTS,System Total,24571.0,14027.0,24413.0,GdsrNGTLImperial20250906.csv
2025-09-06,2025-09-07,TOTAL_STORAGE_AND_INTRAPROVINCIAL,System Total,-12963.0,-6273.0,-12558.0,GdsrNGTLImperial20250906.csv
2025-09-07,2025-09-08,ALBERTA_BC,Border Flow,-2597.0,-2640.0,-2332.0,GdsrNGTLImperial20250907.csv
2025-09-07,2025-09-08,EMPRESS,Border Flow,-4076.0,-4073.0,-3964.0,GdsrNGTLImperial20250907.csv
2025-09-07,2025-09-08,MCNEILL,Border Flow,-426.0,-437.0,-439.0,GdsrNGTLImperial20250907.csv
2025-09-07,2025-09-08,OTHER_BORDERS,Border Flow,-414.0,-413.0,-445.0,GdsrNGTLImperial20250907.csv
2025-09-07,2025-09-08,GORDONDALE,Interconnect Flow,199.0,148.0,215.0,GdsrNGTLImperial20250907.csv
2025-09-07,2025-09-08,GROUNDBIRCH_EAST,Interconnect Flow,240.0,266.0,241.0,GdsrNGTLImperial20250907.csv
2025-09-07,2025-09-08,WILLOW_VALLEY,Interconnect Flow,-33.0,-61.0,-17.0,GdsrNGTLImperial20250907.csv
2025-09-07,2025-09-08,INTRAPROVINCIAL,Internal Delivery,-10713.0,-5486.0,-10300.0,GdsrNGTLImperial20250907.csv
2025-09-07,2025-09-08,TOTAL_NET_STORAGE,Storage,-849.0,-811.0,-471.0,GdsrNGTLImperial20250907.csv
2025-09-07,2025-09-08,TOTAL_STORAGE_DELIVERIES,Storage,-2221.0,-811.0,-1747.0,GdsrNGTLImperial20250907.csv
2025-09-07,2025-09-08,TOTAL_STORAGE_RECEIPTS,Storage,1372.0,0.0,1275.0,GdsrNGTLImperial20250907.csv
2025-09-07,2025-09-08,TOTAL_NGTL_DELIVERIES,System Total,-20480.0,-13921.0,-19245.0,GdsrNGTLImperial20250907.csv
2025-09-07,2025-09-08,TOTAL_NGTL_RECEIPTS,System Total,24450.0,13979.0,24388.0,GdsrNGTLImperial20250907.csv
2025-09-07,2025-09-08,TOTAL_STORAGE_AND_INTRAPROVINCIAL,System Total,-12934.0,-6297.0,-12047.0,GdsrNGTLImperial20250907.csv
2025-09-08,2025-09-09,ALBERTA_BC,Border Flow,-2282.0,-2295.0,-2279.0,GdsrNGTLImperial20250908.csv
2025-09-08,2025-09-09,EMPRESS,Border Flow,-4039.0,-4058.0,-3972.0,GdsrNGTLImperial20250908.csv
2025-09-08,2025-09-09,MCNEILL,Border Flow,-498.0,-458.0,-451.0,GdsrNGTLImperial20250908.csv
2025-09-08,2025-09-09,OTHER_BORDERS,Border Flow,-433.0,-398.0,-374.0,GdsrNGTLImperial20250908.csv
2025-09-08,2025-09-09,GORDONDALE,Interconnect Flow,147.0,98.0,54.0,GdsrNGTLImperial20250908.csv
2025-09-08,2025-09-09,GROUNDBIRCH_EAST,Interconnect Flow,192.0,255.0,172.0,GdsrNGTLImperial20250908.csv
2025-09-08,2025-09-09,WILLOW_VALLEY,Interconnect Flow,-66.0,-61.0,-56.0,GdsrNGTLImperial20250908.csv
2025-09-08,2025-09-09,INTRAPROVINCIAL,Internal Delivery,-10694.0,-5535.0,-10342.0,GdsrNGTLImperial20250908.csv
2025-09-08,2025-09-09,TOTAL_NET_STORAGE,Storage,-911.0,-866.0,-151.0,GdsrNGTLImperial20250908.csv
2025-09-08,2025-09-09,TOTAL_STORAGE_DELIVERIES,Storage,-2260.0,-866.0,-1561.0,GdsrNGTLImperial20250908.csv
2025-09-08,2025-09-09,TOTAL_STORAGE_RECEIPTS,Storage,1349.0,0.0,1410.0,GdsrNGTLImperial20250908.csv
2025-09-08,2025-09-09,TOTAL_NGTL_DELIVERIES,System Total,-20271.0,-13672.0,-19054.0,GdsrNGTLImperial20250908.csv
2025-09-08,2025-09-09,TOTAL_NGTL_RECEIPTS,System Total,24345.0,13587.0,24312.0,GdsrNGTLImperial20250908.csv
2025-09-08,2025-09-09,TOTAL_STORAGE_AND_INTRAPROVINCIAL,System Total,-12954.0,-6402.0,-11903.0,GdsrNGTLImperial20250908.csv
2025-09-09,2025-09-10,ALBERTA_BC,Border Flow,-2294.0,-2253.0,-2347.0,GdsrNGTLImperial20250909.csv
2025-09-09,2025-09-10,EMPRESS,Border Flow,-4074.0,-4061.0,-3732.0,GdsrNGTLImperial20250909.csv
2025-09-09,2025-09-10,MCNEILL,Border Flow,-412.0,-447.0,-470.0,GdsrNGTLImperial20250909.csv
2025-09-09,2025-09-10,OTHER_BORDERS,Border Flow,-340.0,-397.0,-340.0,GdsrNGTLImperial20250909.csv
2025-09-09,2025-09-10,GORDONDALE,Interconnect Flow,52.0,56.0,56.0,GdsrNGTLImperial20250909.csv
2025-09-09,2025-09-10,GROUNDBIRCH_EAST,Interconnect Flow,142.0,116.0,183.0,GdsrNGTLImperial20250909.csv
2025-09-09,2025-09-10,WILLOW_VALLEY,Interconnect Flow,-56.0,-70.0,-17.0,GdsrNGTLImperial20250909.csv
2025-09-09,2025-09-10,INTRAPROVINCIAL,Internal Delivery,-10737.0,-5348.0,-10340.0,GdsrNGTLImperial20250909.csv
2025-09-09,2025-09-10,TOTAL_NET_STORAGE,Storage,-382.0,-557.0,-498.0,GdsrNGTLImperial20250909.csv
2025-09-09,2025-09-10,TOTAL_STORAGE_DELIVERIES,Storage,-1897.0,-699.0,-1773.0,GdsrNGTLImperial20250909.csv
2025-09-09,2025-09-10,TOTAL_STORAGE_RECEIPTS,Storage,1515.0,142.0,1275.0,GdsrNGTLImperial20250909.csv
2025-09-09,2025-09-10,TOTAL_NGTL_DELIVERIES,System Total,-19828.0,-13277.0,-19030.0,GdsrNGTLImperial20250909.csv
2025-09-09,2025-09-10,TOTAL_NGTL_RECEIPTS,System Total,24384.0,13420.0,24200.0,GdsrNGTLImperial20250909.csv
2025-09-09,2025-09-10,TOTAL_STORAGE_AND_INTRAPROVINCIAL,System Total,-12634.0,-6048.0,-12113.0,GdsrNGTLImperial20250909.csv
2025-09-10,2025-09-11,ALBERTA_BC,Border Flow,-2347.0,-2342.0,-2336.0,GdsrNGTLImperial20250910.csv
2025-09-10,2025-09-11,EMPRESS,Border Flow,-3767.0,-3849.0,-3732.0,GdsrNGTLImperial20250910.csv
2025-09-10,2025-09-11,MCNEILL,Border Flow,-456.0,-479.0,-465.0,GdsrNGTLImperial20250910.csv
2025-09-10,2025-09-11,OTHER_BORDERS,Border Flow,-358.0,-391.0,-359.0,GdsrNGTLImperial20250910.csv
2025-09-10,2025-09-11,GORDONDALE,Interconnect Flow,163.0,201.0,222.0,GdsrNGTLImperial20250910.csv
2025-09-10,2025-09-11,GROUNDBIRCH_EAST,Interconnect Flow,265.0,266.0,218.0,GdsrNGTLImperial20250910.csv
2025-09-10,2025-09-11,WILLOW_VALLEY,Interconnect Flow,-4.0,-2.0,0.0,GdsrNGTLImperial20250910.csv
2025-09-10,2025-09-11,INTRAPROVINCIAL,Internal Delivery,-10767.0,-5558.0,-10353.0,GdsrNGTLImperial20250910.csv
2025-09-10,2025-09-11,TOTAL_NET_STORAGE,Storage,-1230.0,-1114.0,-926.0,GdsrNGTLImperial20250910.csv
2025-09-10,2025-09-11,TOTAL_STORAGE_DELIVERIES,Storage,-2547.0,-1114.0,-2196.0,GdsrNGTLImperial20250910.csv
2025-09-10,2025-09-11,TOTAL_STORAGE_RECEIPTS,Storage,1317.0,0.0,1270.0,GdsrNGTLImperial20250910.csv
2025-09-10,2025-09-11,TOTAL_NGTL_DELIVERIES,System Total,-20256.0,-13735.0,-19442.0,GdsrNGTLImperial20250910.csv
2025-09-10,2025-09-11,TOTAL_NGTL_RECEIPTS,System Total,24430.0,14014.0,24379.0,GdsrNGTLImperial20250910.csv
2025-09-10,2025-09-11,TOTAL_STORAGE_AND_INTRAPROVINCIAL,System Total,-13314.0,-6672.0,-12549.0,GdsrNGTLImperial20250910.csv
2025-09-11,2025-09-12,ALBERTA_BC,Border Flow,-2328.0,-2294.0,-2334.0,GdsrNGTLImperial20250911.csv
2025-09-11,2025-09-12,EMPRESS,Border Flow,-3760.0,-3780.0,-3615.0,GdsrNGTLImperial20250911.csv
2025-09-11,2025-09-12,MCNEILL,Border Flow,-442.0,-457.0,-538.0,GdsrNGTLImperial20250911.csv
2025-09-11,2025-09-12,OTHER_BORDERS,Border Flow,-368.0,-390.0,-419.0,GdsrNGTLImperial20250911.csv
2025-09-11,2025-09-12,GORDONDALE,Interconnect Flow,163.0,202.0,111.0,GdsrNGTLImperial20250911.csv
2025-09-11,2025-09-12,GROUNDBIRCH_EAST,Interconnect Flow,253.0,259.0,250.0,GdsrNGTLImperial20250911.csv
2025-09-11,2025-09-12,WILLOW_VALLEY,Interconnect Flow,-7.0,-78.0,-64.0,GdsrNGTLImperial20250911.csv
2025-09-11,2025-09-12,INTRAPROVINCIAL,Internal Delivery,-10817.0,-5611.0,-10353.0,GdsrNGTLImperial20250911.csv
2025-09-11,2025-09-12,TOTAL_NET_STORAGE,Storage,-1180.0,-1097.0,-494.0,GdsrNGTLImperial20250911.csv
2025-09-11,2025-09-12,TOTAL_STORAGE_DELIVERIES,Storage,-2533.0,-1097.0,-1765.0,GdsrNGTLImperial20250911.csv
2025-09-11,2025-09-12,TOTAL_STORAGE_RECEIPTS,Storage,1354.0,0.0,1271.0,GdsrNGTLImperial20250911.csv
2025-09-11,2025-09-12,TOTAL_NGTL_DELIVERIES,System Total,-20254.0,-13706.0,-19087.0,GdsrNGTLImperial20250911.csv
2025-09-11,2025-09-12,TOTAL_NGTL_RECEIPTS,System Total,24438.0,13724.0,24299.0,GdsrNGTLImperial20250911.csv
2025-09-11,2025-09-12,TOTAL_STORAGE_AND_INTRAPROVINCIAL,System Total,-13351.0,-6708.0,-12118.0,GdsrNGTLImperial20250911.csv
2025-09-12,2025-09-13,ALBERTA_BC,Border Flow,-2343.0,-2335.0,-2652.0,GdsrNGTLImperial20250912.csv
2025-09-12,2025-09-13,EMPRESS,Border Flow,-3789.0,-3841.0,-3678.0,GdsrNGTLImperial20250912.csv
2025-09-12,2025-09-13,MCNEILL,Border Flow,-497.0,-342.0,-576.0,GdsrNGTLImperial20250912.csv
2025-09-12,2025-09-13,OTHER_BORDERS,Border Flow,-414.0,-381.0,-472.0,GdsrNGTLImperial20250912.csv
2025-09-12,2025-09-13,GORDONDALE,Interconnect Flow,128.0,204.0,194.0,GdsrNGTLImperial20250912.csv
2025-09-12,2025-09-13,GROUNDBIRCH_EAST,Interconnect Flow,299.0,301.0,326.0,GdsrNGTLImperial20250912.csv
2025-09-12,2025-09-13,WILLOW_VALLEY,Interconnect Flow,-41.0,-43.0,-11.0,GdsrNGTLImperial20250912.csv
2025-09-12,2025-09-13,INTRAPROVINCIAL,Internal Delivery,-10813.0,-5583.0,-10343.0,GdsrNGTLImperial20250912.csv
2025-09-12,2025-09-13,TOTAL_NET_STORAGE,Storage,-1207.0,-1065.0,-754.0,GdsrNGTLImperial20250912.csv
2025-09-12,2025-09-13,TOTAL_STORAGE_DELIVERIES,Storage,-2466.0,-1065.0,-2003.0,GdsrNGTLImperial20250912.csv
2025-09-12,2025-09-13,TOTAL_STORAGE_RECEIPTS,Storage,1258.0,0.0,1249.0,GdsrNGTLImperial20250912.csv
2025-09-12,2025-09-13,TOTAL_NGTL_DELIVERIES,System Total,-20364.0,-13591.0,-19736.0,GdsrNGTLImperial20250912.csv
2025-09-12,2025-09-13,TOTAL_NGTL_RECEIPTS,System Total,24352.0,14139.0,24437.0,GdsrNGTLImperial20250912.csv
2025-09-12,2025-09-13,TOTAL_STORAGE_AND_INTRAPROVINCIAL,System Total,-13279.0,-6648.0,-12346.0,GdsrNGTLImperial20250912.csv
2025-09-13,2025-09-14,ALBERTA_BC,Border Flow,-2677.0,-2622.0,-2657.0,GdsrNGTLImperial20250913.csv
2025-09-13,2025-09-14,EMPRESS,Border Flow,-3709.0,-3768.0,-3681.0,GdsrNGTLImperial20250913.csv
2025-09-13,2025-09-14,MCNEILL,Border Flow,-573.0,-519.0,-611.0,GdsrNGTLImperial20250913.csv
2025-09-13,2025-09-14,OTHER_BORDERS,Border Flow,-514.0,-385.0,-514.0,GdsrNGTLImperial20250913.csv
2025-09-13,2025-09-14,GORDONDALE,Interconnect Flow,204.0,189.0,197.0,GdsrNGTLImperial20250913.csv
2025-09-13,2025-09-14,GROUNDBIRCH_EAST,Interconnect Flow,335.0,340.0,280.0,GdsrNGTLImperial20250913.csv
2025-09-13,2025-09-14,WILLOW_VALLEY,Interconnect Flow,-7.0,0.0,0.0,GdsrNGTLImperial20250913.csv
2025-09-13,2025-09-14,INTRAPROVINCIAL,Internal Delivery,-10817.0,-5559.0,-10355.0,GdsrNGTLImperial20250913.csv
2025-09-13,2025-09-14,TOTAL_NET_STORAGE,Storage,-1082.0,-1060.0,-733.0,GdsrNGTLImperial20250913.csv
2025-09-13,2025-09-14,TOTAL_STORAGE_DELIVERIES,Storage,-2454.0,-1060.0,-1983.0,GdsrNGTLImperial20250913.csv
2025-09-13,2025-09-14,TOTAL_STORAGE_RECEIPTS,Storage,1372.0,0.0,1250.0,GdsrNGTLImperial20250913.csv
2025-09-13,2025-09-14,TOTAL_NGTL_DELIVERIES,System Total,-20752.0,-13914.0,-19800.0,GdsrNGTLImperial20250913.csv
2025-09-13,2025-09-14,TOTAL_NGTL_RECEIPTS,System Total,24570.0,14074.0,24394.0,GdsrNGTLImperial20250913.csv
2025-09-13,2025-09-14,TOTAL_STORAGE_AND_INTRAPROVINCIAL,System Total,-13271.0,-6619.0,-12338.0,GdsrNGTLImperial20250913.csv
2025-09-14,2025-09-15,ALBERTA_BC,Border Flow,-2658.0,-2652.0,-2617.0,GdsrNGTLImperial20250914.csv
2025-09-14,2025-09-15,EMPRESS,Border Flow,-3683.0,-3707.0,-3705.0,GdsrNGTLImperial20250914.csv
2025-09-14,2025-09-15,MCNEILL,Border Flow,-583.0,-598.0,-587.0,GdsrNGTLImperial20250914.csv
2025-09-14,2025-09-15,OTHER_BORDERS,Border Flow,-513.0,-405.0,-510.0,GdsrNGTLImperial20250914.csv
2025-09-14,2025-09-15,GORDONDALE,Interconnect Flow,193.0,187.0,193.0,GdsrNGTLImperial20250914.csv
2025-09-14,2025-09-15,GROUNDBIRCH_EAST,Interconnect Flow,253.0,256.0,278.0,GdsrNGTLImperial20250914.csv
2025-09-14,2025-09-15,WILLOW_VALLEY,Interconnect Flow,0.0,0.0,0.0,GdsrNGTLImperial20250914.csv
2025-09-14,2025-09-15,INTRAPROVINCIAL,Internal Delivery,-10815.0,-5439.0,-10352.0,GdsrNGTLImperial20250914.csv
2025-09-14,2025-09-15,TOTAL_NET_STORAGE,Storage,-1193.0,-1128.0,-264.0,GdsrNGTLImperial20250914.csv
2025-09-14,2025-09-15,TOTAL_STORAGE_DELIVERIES,Storage,-2592.0,-1128.0,-1719.0,GdsrNGTLImperial20250914.csv
2025-09-14,2025-09-15,TOTAL_STORAGE_RECEIPTS,Storage,1399.0,0.0,1454.0,GdsrNGTLImperial20250914.csv
2025-09-14,2025-09-15,TOTAL_NGTL_DELIVERIES,System Total,-20844.0,-13930.0,-19490.0,GdsrNGTLImperial20250914.csv
2025-09-14,2025-09-15,TOTAL_NGTL_RECEIPTS,System Total,24512.0,14046.0,24579.0,GdsrNGTLImperial20250914.csv
2025-09-14,2025-09-15,TOTAL_STORAGE_AND_INTRAPROVINCIAL,System Total,-13407.0,-6567.0,-12071.0,GdsrNGTLImperial20250914.csv
2025-09-15,2025-09-16,ALBERTA_BC,Border Flow,-2654.0,-2533.0,-2631.0,GdsrNGTLImperial20250915.csv
2025-09-15,2025-09-16,EMPRESS,Border Flow,-3731.0,-3718.0,-3675.0,GdsrNGTLImperial20250915.csv
2025-09-15,2025-09-16,MCNEILL,Border Flow,-615.0,-617.0,-695.0,GdsrNGTLImperial20250915.csv
2025-09-15,2025-09-16,OTHER_BORDERS,Border Flow,-540.0,-447.0,-476.0,GdsrNGTLImperial20250915.csv
2025-09-15,2025-09-16,GORDONDALE,Interconnect Flow,167.0,179.0,143.0,GdsrNGTLImperial20250915.csv
2025-09-15,2025-09-16,GROUNDBIRCH_EAST,Interconnect Flow,255.0,231.0,312.0,GdsrNGTLImperial20250915.csv
2025-09-15,2025-09-16,WILLOW_VALLEY,Interconnect Flow,0.0,0.0,0.0,GdsrNGTLImperial20250915.csv
2025-09-15,2025-09-16,INTRAPROVINCIAL,Internal Delivery,-10759.0,-5464.0,-10343.0,GdsrNGTLImperial20250915.csv
2025-09-15,2025-09-16,TOTAL_NET_STORAGE,Storage,-755.0,-893.0,-250.0,GdsrNGTLImperial20250915.csv
2025-09-15,2025-09-16,TOTAL_STORAGE_DELIVERIES,Storage,-2157.0,-937.0,-1660.0,GdsrNGTLImperial20250915.csv
2025-09-15,2025-09-16,TOTAL_STORAGE_RECEIPTS,Storage,1402.0,44.0,1410.0,GdsrNGTLImperial20250915.csv
2025-09-15,2025-09-16,TOTAL_NGTL_DELIVERIES,System Total,-20456.0,-13716.0,-19481.0,GdsrNGTLImperial20250915.csv
2025-09-15,2025-09-16,TOTAL_NGTL_RECEIPTS,System Total,24479.0,13705.0,24528.0,GdsrNGTLImperial20250915.csv
2025-09-15,2025-09-16,TOTAL_STORAGE_AND_INTRAPROVINCIAL,System Total,-12916.0,-6401.0,-12004.0,GdsrNGTLImperial20250915.csv
2025-09-16,2025-09-17,ALBERTA_BC,Border Flow,-2648.0,-2706.0,-2638.0,GdsrNGTLImperial20250916.csv
2025-09-16,2025-09-17,EMPRESS,Border Flow,-3725.0,-3716.0,-3629.0,GdsrNGTLImperial20250916.csv
2025-09-16,2025-09-17,MCNEILL,Border Flow,-729.0,-722.0,-660.0,GdsrNGTLImperial20250916.csv
2025-09-16,2025-09-17,OTHER_BORDERS,Border Flow,-452.0,-462.0,-498.0,GdsrNGTLImperial20250916.csv
2025-09-16,2025-09-17,GORDONDALE,Interconnect Flow,134.0,142.0,97.0,GdsrNGTLImperial20250916.csv
2025-09-16,2025-09-17,GROUNDBIRCH_EAST,Interconnect Flow,312.0,312.0,287.0,GdsrNGTLImperial20250916.csv
2025-09-16,2025-09-17,WILLOW_VALLEY,Interconnect Flow,0.0,0.0,0.0,GdsrNGTLImperial20250916.csv
2025-09-16,2025-09-17,INTRAPROVINCIAL,Internal Delivery,-10702.0,-5479.0,-10309.0,GdsrNGTLImperial20250916.csv
2025-09-16,2025-09-17,TOTAL_NET_STORAGE,Storage,-647.0,-723.0,-163.0,GdsrNGTLImperial20250916.csv
2025-09-16,2025-09-17,TOTAL_STORAGE_DELIVERIES,Storage,-1990.0,-767.0,-1590.0,GdsrNGTLImperial20250916.csv
2025-09-16,2025-09-17,TOTAL_STORAGE_RECEIPTS,Storage,1343.0,44.0,1428.0,GdsrNGTLImperial20250916.csv
2025-09-16,2025-09-17,TOTAL_NGTL_DELIVERIES,System Total,-20254.0,-13850.0,-19325.0,GdsrNGTLImperial20250916.csv
2025-09-16,2025-09-17,TOTAL_NGTL_RECEIPTS,System Total,24461.0,13877.0,24475.0,GdsrNGTLImperial20250916.csv
2025-09-16,2025-09-17,TOTAL_STORAGE_AND_INTRAPROVINCIAL,System Total,-12692.0,-6246.0,-11899.0,GdsrNGTLImperial20250916.csv
2025-09-17,2025-09-18,ALBERTA_BC,Border Flow,-2653.0,-2655.0,-2688.0,GdsrNGTLImperial20250917.csv
2025-09-17,2025-09-18,EMPRESS,Border Flow,-3712.0,-3710.0,-3681.0,GdsrNGTLImperial20250917.csv
2025-09-17,2025-09-18,MCNEILL,Border Flow,-759.0,-707.0,-666.0,GdsrNGTLImperial20250917.csv
2025-09-17,2025-09-18,OTHER_BORDERS,Border Flow,-465.0,-447.0,-488.0,GdsrNGTLImperial20250917.csv
2025-09-17,2025-09-18,GORDONDALE,Interconnect Flow,97.0,97.0,97.0,GdsrNGTLImperial20250917.csv
2025-09-17,2025-09-18,GROUNDBIRCH_EAST,Interconnect Flow,364.0,365.0,325.0,GdsrNGTLImperial20250917.csv
2025-09-17,2025-09-18,WILLOW_VALLEY,Interconnect Flow,0.0,0.0,0.0,GdsrNGTLImperial20250917.csv
2025-09-17,2025-09-18,INTRAPROVINCIAL,Internal Delivery,-10722.0,-5291.0,-10390.0,GdsrNGTLImperial20250917.csv
2025-09-17,2025-09-18,TOTAL_NET_STORAGE,Storage,-685.0,-720.0,-402.0,GdsrNGTLImperial20250917.csv
2025-09-17,2025-09-18,TOTAL_STORAGE_DELIVERIES,Storage,-2063.0,-761.0,-1790.0,GdsrNGTLImperial20250917.csv
2025-09-17,2025-09-18,TOTAL_STORAGE_RECEIPTS,Storage,1378.0,41.0,1388.0,GdsrNGTLImperial20250917.csv
2025-09-17,2025-09-18,TOTAL_NGTL_DELIVERIES,System Total,-20373.0,-13571.0,-19703.0,GdsrNGTLImperial20250917.csv
2025-09-17,2025-09-18,TOTAL_NGTL_RECEIPTS,System Total,24502.0,13824.0,24473.0,GdsrNGTLImperial20250917.csv
2025-09-17,2025-09-18,TOTAL_STORAGE_AND_INTRAPROVINCIAL,System Total,-12785.0,-6052.0,-12180.0,GdsrNGTLImperial20250917.csv
2025-09-18,2025-09-19,ALBERTA_BC,Border Flow,-2702.0,-2740.0,-2639.0,GdsrNGTLImperial20250918.csv
2025-09-18,2025-09-19,EMPRESS,Border Flow,-3688.0,-3714.0,-3683.0,GdsrNGTLImperial20250918.csv
2025-09-18,2025-09-19,MCNEILL,Border Flow,-797.0,-724.0,-619.0,GdsrNGTLImperial20250918.csv
2025-09-18,2025-09-19,OTHER_BORDERS,Border Flow,-465.0,-452.0,-501.0,GdsrNGTLImperial20250918.csv
2025-09-18,2025-09-19,GORDONDALE,Interconnect Flow,105.0,105.0,122.0,GdsrNGTLImperial20250918.csv
2025-09-18,2025-09-19,GROUNDBIRCH_EAST,Interconnect Flow,343.0,345.0,375.0,GdsrNGTLImperial20250918.csv
2025-09-18,2025-09-19,WILLOW_VALLEY,Interconnect Flow,0.0,0.0,0.0,GdsrNGTLImperial20250918.csv
2025-09-18,2025-09-19,INTRAPROVINCIAL,Internal Delivery,-10708.0,-5537.0,-10379.0,GdsrNGTLImperial20250918.csv
2025-09-18,2025-09-19,TOTAL_NET_STORAGE,Storage,-749.0,-810.0,-476.0,GdsrNGTLImperial20250918.csv
2025-09-18,2025-09-19,TOTAL_STORAGE_DELIVERIES,Storage,-2029.0,-810.0,-1846.0,GdsrNGTLImperial20250918.csv
2025-09-18,2025-09-19,TOTAL_STORAGE_RECEIPTS,Storage,1281.0,1.0,1369.0,GdsrNGTLImperial20250918.csv
2025-09-18,2025-09-19,TOTAL_NGTL_DELIVERIES,System Total,-20390.0,-13978.0,-19667.0,GdsrNGTLImperial20250918.csv
2025-09-18,2025-09-19,TOTAL_NGTL_RECEIPTS,System Total,24391.0,13833.0,24524.0,GdsrNGTLImperial20250918.csv
2025-09-18,2025-09-19,TOTAL_STORAGE_AND_INTRAPROVINCIAL,System Total,-12737.0,-6347.0,-12225.0,GdsrNGTLImperial20250918.csv
2025-09-19,2025-09-20,ALBERTA_BC,Border Flow,-2665.0,-2666.0,-2724.0,GdsrNGTLImperial20250919.csv
2025-09-19,2025-09-20,EMPRESS,Border Flow,-3716.0,-3716.0,-3679.0,GdsrNGTLImperial20250919.csv
2025-09-19,2025-09-20,MCNEILL,Border Flow,-666.0,-707.0,-610.0,GdsrNGTLImperial20250919.csv
2025-09-19,2025-09-20,OTHER_BORDERS,Border Flow,-427.0,-432.0,-426.0,GdsrNGTLImperial20250919.csv
2025-09-19,2025-09-20,GORDONDALE,Interconnect Flow,123.0,122.0,136.0,GdsrNGTLImperial20250919.csv
2025-09-19,2025-09-20,GROUNDBIRCH_EAST,Interconnect Flow,377.0,375.0,381.0,GdsrNGTLImperial20250919.csv
2025-09-19,2025-09-20,WILLOW_VALLEY,Interconnect Flow,0.0,0.0,0.0,GdsrNGTLImperial20250919.csv
2025-09-19,2025-09-20,INTRAPROVINCIAL,Internal Delivery,-10711.0,-5526.0,-10348.0,GdsrNGTLImperial20250919.csv
2025-09-19,2025-09-20,TOTAL_NET_STORAGE,Storage,-862.0,-960.0,-732.0,GdsrNGTLImperial20250919.csv
2025-09-19,2025-09-20,TOTAL_STORAGE_DELIVERIES,Storage,-2182.0,-960.0,-1957.0,GdsrNGTLImperial20250919.csv
2025-09-19,2025-09-20,TOTAL_STORAGE_RECEIPTS,Storage,1320.0,0.0,1225.0,GdsrNGTLImperial20250919.csv
2025-09-19,2025-09-20,TOTAL_NGTL_DELIVERIES,System Total,-20368.0,-14007.0,-19744.0,GdsrNGTLImperial20250919.csv
2025-09-19,2025-09-20,TOTAL_NGTL_RECEIPTS,System Total,24476.0,13918.0,24369.0,GdsrNGTLImperial20250919.csv
2025-09-19,2025-09-20,TOTAL_STORAGE_AND_INTRAPROVINCIAL,System Total,-12893.0,-6486.0,-12305.0,GdsrNGTLImperial20250919.csv
2025-09-20,2025-09-21,ALBERTA_BC,Border Flow,-2745.0,-2728.0,-2711.0,GdsrNGTLImperial20250920.csv
2025-09-20,2025-09-21,EMPRESS,Border Flow,-3770.0,-3791.0,-3733.0,GdsrNGTLImperial20250920.csv
2025-09-20,2025-09-21,MCNEILL,Border Flow,-547.0,-554.0,-560.0,GdsrNGTLImperial20250920.csv
2025-09-20,2025-09-21,OTHER_BORDERS,Border Flow,-425.0,-441.0,-412.0,GdsrNGTLImperial20250920.csv
2025-09-20,2025-09-21,GORDONDALE,Interconnect Flow,136.0,135.0,136.0,GdsrNGTLImperial20250920.csv
2025-09-20,2025-09-21,GROUNDBIRCH_EAST,Interconnect Flow,380.0,370.0,380.0,GdsrNGTLImperial20250920.csv
2025-09-20,2025-09-21,WILLOW_VALLEY,Interconnect Flow,0.0,0.0,0.0,GdsrNGTLImperial20250920.csv
2025-09-20,2025-09-21,INTRAPROVINCIAL,Internal Delivery,-10716.0,-5214.0,-10345.0,GdsrNGTLImperial20250920.csv
2025-09-20,2025-09-21,TOTAL_NET_STORAGE,Storage,-979.0,-985.0,-793.0,GdsrNGTLImperial20250920.csv
2025-09-20,2025-09-21,TOTAL_STORAGE_DELIVERIES,Storage,-2315.0,-985.0,-2008.0,GdsrNGTLImperial20250920.csv
2025-09-20,2025-09-21,TOTAL_STORAGE_RECEIPTS,Storage,1336.0,0.0,1216.0,GdsrNGTLImperial20250920.csv
2025-09-20,2025-09-21,TOTAL_NGTL_DELIVERIES,System Total,-20518.0,-13714.0,-19769.0,GdsrNGTLImperial20250920.csv
2025-09-20,2025-09-21,TOTAL_NGTL_RECEIPTS,System Total,24479.0,14008.0,24354.0,GdsrNGTLImperial20250920.csv
2025-09-20,2025-09-21,TOTAL_STORAGE_AND_INTRAPROVINCIAL,System Total,-13031.0,-6199.0,-12354.0,GdsrNGTLImperial20250920.csv
2025-09-21,2025-09-22,ALBERTA_BC,Border Flow,-2769.0,-2720.0,-2601.0,GdsrNGTLImperial20250921.csv
2025-09-21,2025-09-22,EMPRESS,Border Flow,-3783.0,-3782.0,-3728.0,GdsrNGTLImperial20250921.csv
2025-09-21,2025-09-22,MCNEILL,Border Flow,-547.0,-541.0,-619.0,GdsrNGTLImperial20250921.csv
2025-09-21,2025-09-22,OTHER_BORDERS,Border Flow,-430.0,-435.0,-408.0,GdsrNGTLImperial20250921.csv
2025-09-21,2025-09-22,GORDONDALE,Interconnect Flow,126.0,126.0,101.0,GdsrNGTLImperial20250921.csv
2025-09-21,2025-09-22,GROUNDBIRCH_EAST,Interconnect Flow,345.0,347.0,256.0,GdsrNGTLImperial20250921.csv
2025-09-21,2025-09-22,WILLOW_VALLEY,Interconnect Flow,0.0,0.0,0.0,GdsrNGTLImperial20250921.csv
2025-09-21,2025-09-22,INTRAPROVINCIAL,Internal Delivery,-10711.0,-5095.0,-9494.0,GdsrNGTLImperial20250921.csv
2025-09-21,2025-09-22,TOTAL_NET_STORAGE,Storage,-1125.0,-1055.0,-428.0,GdsrNGTLImperial20250921.csv
2025-09-21,2025-09-22,TOTAL_STORAGE_DELIVERIES,Storage,-2460.0,-1055.0,-1793.0,GdsrNGTLImperial20250921.csv
2025-09-21,2025-09-22,TOTAL_STORAGE_RECEIPTS,Storage,1334.0,0.0,1365.0,GdsrNGTLImperial20250921.csv
2025-09-21,2025-09-22,TOTAL_NGTL_DELIVERIES,System Total,-20699.0,-13628.0,-18643.0,GdsrNGTLImperial20250921.csv
2025-09-21,2025-09-22,TOTAL_NGTL_RECEIPTS,System Total,24427.0,13805.0,24344.0,GdsrNGTLImperial20250921.csv
2025-09-21,2025-09-22,TOTAL_STORAGE_AND_INTRAPROVINCIAL,System Total,-13170.0,-6150.0,-11287.0,GdsrNGTLImperial20250921.csv
2025-09-22,2025-09-23,ALBERTA_BC,Border Flow,-2676.0,-2636.0,-2654.0,GdsrNGTLImperial20250922.csv
2025-09-22,2025-09-23,EMPRESS,Border Flow,-3807.0,-3824.0,-3724.0,GdsrNGTLImperial20250922.csv
2025-09-22,2025-09-23,MCNEILL,Border Flow,-577.0,-539.0,-564.0,GdsrNGTLImperial20250922.csv
2025-09-22,2025-09-23,OTHER_BORDERS,Border Flow,-408.0,-408.0,-401.0,GdsrNGTLImperial20250922.csv
2025-09-22,2025-09-23,GORDONDALE,Interconnect Flow,136.0,133.0,149.0,GdsrNGTLImperial20250922.csv
2025-09-22,2025-09-23,GROUNDBIRCH_EAST,Interconnect Flow,430.0,450.0,414.0,GdsrNGTLImperial20250922.csv
2025-09-22,2025-09-23,WILLOW_VALLEY,Interconnect Flow,-10.0,0.0,-106.0,GdsrNGTLImperial20250922.csv
2025-09-22,2025-09-23,INTRAPROVINCIAL,Internal Delivery,-8926.0,-5005.0,-9470.0,GdsrNGTLImperial20250922.csv
2025-09-22,2025-09-23,TOTAL_NET_STORAGE,Storage,-1067.0,-1016.0,-731.0,GdsrNGTLImperial20250922.csv
2025-09-22,2025-09-23,TOTAL_STORAGE_DELIVERIES,Storage,-2388.0,-1016.0,-2071.0,GdsrNGTLImperial20250922.csv
2025-09-22,2025-09-23,TOTAL_STORAGE_RECEIPTS,Storage,1322.0,0.0,1341.0,GdsrNGTLImperial20250922.csv
2025-09-22,2025-09-23,TOTAL_NGTL_DELIVERIES,System Total,-18791.0,-13428.0,-18990.0,GdsrNGTLImperial20250922.csv
2025-09-22,2025-09-23,TOTAL_NGTL_RECEIPTS,System Total,24509.0,13552.0,24524.0,GdsrNGTLImperial20250922.csv
2025-09-22,2025-09-23,TOTAL_STORAGE_AND_INTRAPROVINCIAL,System Total,-11314.0,-6021.0,-11541.0,GdsrNGTLImperial20250922.csv
2025-09-23,2025-09-24,ALBERTA_BC,Border Flow,-2643.0,-2653.0,-2628.0,GdsrNGTLImperial20250923.csv
2025-09-23,2025-09-24,EMPRESS,Border Flow,-3813.0,-3815.0,-3717.0,GdsrNGTLImperial20250923.csv
2025-09-23,2025-09-24,MCNEILL,Border Flow,-444.0,-470.0,-448.0,GdsrNGTLImperial20250923.csv
2025-09-23,2025-09-24,OTHER_BORDERS,Border Flow,-401.0,-362.0,-368.0,GdsrNGTLImperial20250923.csv
2025-09-23,2025-09-24,GORDONDALE,Interconnect Flow,126.0,132.0,149.0,GdsrNGTLImperial20250923.csv
2025-09-23,2025-09-24,GROUNDBIRCH_EAST,Interconnect Flow,405.0,406.0,390.0,GdsrNGTLImperial20250923.csv
2025-09-23,2025-09-24,WILLOW_VALLEY,Interconnect Flow,-124.0,-143.0,0.0,GdsrNGTLImperial20250923.csv
2025-09-23,2025-09-24,INTRAPROVINCIAL,Internal Delivery,-9798.0,-4964.0,-9398.0,GdsrNGTLImperial20250923.csv
2025-09-23,2025-09-24,TOTAL_NET_STORAGE,Storage,-1006.0,-955.0,-337.0,GdsrNGTLImperial20250923.csv
2025-09-23,2025-09-24,TOTAL_STORAGE_DELIVERIES,Storage,-2284.0,-955.0,-1691.0,GdsrNGTLImperial20250923.csv
2025-09-23,2025-09-24,TOTAL_STORAGE_RECEIPTS,Storage,1277.0,0.0,1354.0,GdsrNGTLImperial20250923.csv
2025-09-23,2025-09-24,TOTAL_NGTL_DELIVERIES,System Total,-19507.0,-13361.0,-18250.0,GdsrNGTLImperial20250923.csv
2025-09-23,2025-09-24,TOTAL_NGTL_RECEIPTS,System Total,24414.0,13421.0,24493.0,GdsrNGTLImperial20250923.csv
2025-09-23,2025-09-24,TOTAL_STORAGE_AND_INTRAPROVINCIAL,System Total,-12082.0,-5919.0,-11089.0,GdsrNGTLImperial20250923.csv
2025-09-24,2025-09-25,ALBERTA_BC,Border Flow,-2653.0,-2649.0,-2315.0,GdsrNGTLImperial20250924.csv
2025-09-24,2025-09-25,EMPRESS,Border Flow,-3818.0,-3774.0,-3764.0,GdsrNGTLImperial20250924.csv
2025-09-24,2025-09-25,MCNEILL,Border Flow,-454.0,-425.0,-459.0,GdsrNGTLImperial20250924.csv
2025-09-24,2025-09-25,OTHER_BORDERS,Border Flow,-373.0,-378.0,-425.0,GdsrNGTLImperial20250924.csv
2025-09-24,2025-09-25,GORDONDALE,Interconnect Flow,149.0,146.0,159.0,GdsrNGTLImperial20250924.csv
2025-09-24,2025-09-25,GROUNDBIRCH_EAST,Interconnect Flow,386.0,387.0,421.0,GdsrNGTLImperial20250924.csv
2025-09-24,2025-09-25,WILLOW_VALLEY,Interconnect Flow,0.0,0.0,0.0,GdsrNGTLImperial20250924.csv
2025-09-24,2025-09-25,INTRAPROVINCIAL,Internal Delivery,-9831.0,-5138.0,-9415.0,GdsrNGTLImperial20250924.csv
2025-09-24,2025-09-25,TOTAL_NET_STORAGE,Storage,-856.0,-859.0,-466.0,GdsrNGTLImperial20250924.csv
2025-09-24,2025-09-25,TOTAL_STORAGE_DELIVERIES,Storage,-2152.0,-876.0,-1675.0,GdsrNGTLImperial20250924.csv
2025-09-24,2025-09-25,TOTAL_STORAGE_RECEIPTS,Storage,1296.0,17.0,1209.0,GdsrNGTLImperial20250924.csv
2025-09-24,2025-09-25,TOTAL_NGTL_DELIVERIES,System Total,-19282.0,-13240.0,-18054.0,GdsrNGTLImperial20250924.csv
2025-09-24,2025-09-25,TOTAL_NGTL_RECEIPTS,System Total,24436.0,13352.0,24395.0,GdsrNGTLImperial20250924.csv
2025-09-24,2025-09-25,TOTAL_STORAGE_AND_INTRAPROVINCIAL,System Total,-11983.0,-6014.0,-11091.0,GdsrNGTLImperial20250924.csv
2025-09-25,2025-09-26,ALBERTA_BC,Border Flow,-2300.0,-2356.0,-2764.0,GdsrNGTLImperial20250925.csv
2025-09-25,2025-09-26,EMPRESS,Border Flow,-3870.0,-3885.0,-3754.0,GdsrNGTLImperial20250925.csv
2025-09-25,2025-09-26,MCNEILL,Border Flow,-466.0,-541.0,-416.0,GdsrNGTLImperial20250925.csv
2025-09-25,2025-09-26,OTHER_BORDERS,Border Flow,-413.0,-399.0,-389.0,GdsrNGTLImperial20250925.csv
2025-09-25,2025-09-26,GORDONDALE,Interconnect Flow,168.0,166.0,166.0,GdsrNGTLImperial20250925.csv
2025-09-25,2025-09-26,GROUNDBIRCH_EAST,Interconnect Flow,421.0,420.0,388.0,GdsrNGTLImperial20250925.csv
2025-09-25,2025-09-26,WILLOW_VALLEY,Interconnect Flow,0.0,0.0,0.0,GdsrNGTLImperial20250925.csv
2025-09-25,2025-09-26,INTRAPROVINCIAL,Internal Delivery,-9865.0,-4947.0,-9437.0,GdsrNGTLImperial20250925.csv
2025-09-25,2025-09-26,TOTAL_NET_STORAGE,Storage,-1010.0,-948.0,-376.0,GdsrNGTLImperial20250925.csv
2025-09-25,2025-09-26,TOTAL_STORAGE_DELIVERIES,Storage,-2248.0,-948.0,-1738.0,GdsrNGTLImperial20250925.csv
2025-09-25,2025-09-26,TOTAL_STORAGE_RECEIPTS,Storage,1237.0,0.0,1362.0,GdsrNGTLImperial20250925.csv
2025-09-25,2025-09-26,TOTAL_NGTL_DELIVERIES,System Total,-19162.0,-13075.0,-18498.0,GdsrNGTLImperial20250925.csv
2025-09-25,2025-09-26,TOTAL_NGTL_RECEIPTS,System Total,24365.0,13241.0,24499.0,GdsrNGTLImperial20250925.csv
2025-09-25,2025-09-26,TOTAL_STORAGE_AND_INTRAPROVINCIAL,System Total,-12112.0,-5894.0,-11175.0,GdsrNGTLImperial20250925.csv
2025-09-26,2025-09-27,ALBERTA_BC,Border Flow,-2783.0,-2801.0,-2648.0,GdsrNGTLImperial20250926.csv
2025-09-26,2025-09-27,EMPRESS,Border Flow,-3949.0,-3918.0,-3779.0,GdsrNGTLImperial20250926.csv
2025-09-26,2025-09-27,MCNEILL,Border Flow,-387.0,-426.0,-342.0,GdsrNGTLImperial20250926.csv
2025-09-26,2025-09-27,OTHER_BORDERS,Border Flow,-347.0,-400.0,-412.0,GdsrNGTLImperial20250926.csv
2025-09-26,2025-09-27,GORDONDALE,Interconnect Flow,117.0,99.0,85.0,GdsrNGTLImperial20250926.csv
2025-09-26,2025-09-27,GROUNDBIRCH_EAST,Interconnect Flow,330.0,291.0,261.0,GdsrNGTLImperial20250926.csv
2025-09-26,2025-09-27,WILLOW_VALLEY,Interconnect Flow,0.0,0.0,0.0,GdsrNGTLImperial20250926.csv
2025-09-26,2025-09-27,INTRAPROVINCIAL,Internal Delivery,-9806.0,-5049.0,-9441.0,GdsrNGTLImperial20250926.csv
2025-09-26,2025-09-27,TOTAL_NET_STORAGE,Storage,-854.0,-925.0,-924.0,GdsrNGTLImperial20250926.csv
2025-09-26,2025-09-27,TOTAL_STORAGE_DELIVERIES,Storage,-2160.0,-925.0,-2194.0,GdsrNGTLImperial20250926.csv
2025-09-26,2025-09-27,TOTAL_STORAGE_RECEIPTS,Storage,1306.0,0.0,1271.0,GdsrNGTLImperial20250926.csv
2025-09-26,2025-09-27,TOTAL_NGTL_DELIVERIES,System Total,-19430.0,-13519.0,-18839.0,GdsrNGTLImperial20250926.csv
2025-09-26,2025-09-27,TOTAL_NGTL_RECEIPTS,System Total,24340.0,12935.0,24226.0,GdsrNGTLImperial20250926.csv
2025-09-26,2025-09-27,TOTAL_STORAGE_AND_INTRAPROVINCIAL,System Total,-11965.0,-5975.0,-11636.0,GdsrNGTLImperial20250926.csv
2025-09-27,2025-09-28,ALBERTA_BC,Border Flow,-2679.0,-2665.0,-2675.0,GdsrNGTLImperial20250927.csv
2025-09-27,2025-09-28,EMPRESS,Border Flow,-3858.0,-3898.0,-3786.0,GdsrNGTLImperial20250927.csv
2025-09-27,2025-09-28,MCNEILL,Border Flow,-371.0,-377.0,-345.0,GdsrNGTLImperial20250927.csv
2025-09-27,2025-09-28,OTHER_BORDERS,Border Flow,-410.0,-400.0,-410.0,GdsrNGTLImperial20250927.csv
2025-09-27,2025-09-28,GORDONDALE,Interconnect Flow,93.0,71.0,85.0,GdsrNGTLImperial20250927.csv
2025-09-27,2025-09-28,GROUNDBIRCH_EAST,Interconnect Flow,285.0,247.0,261.0,GdsrNGTLImperial20250927.csv
2025-09-27,2025-09-28,WILLOW_VALLEY,Interconnect Flow,0.0,0.0,0.0,GdsrNGTLImperial20250927.csv
2025-09-27,2025-09-28,INTRAPROVINCIAL,Internal Delivery,-9797.0,-4995.0,-9452.0,GdsrNGTLImperial20250927.csv
2025-09-27,2025-09-28,TOTAL_NET_STORAGE,Storage,-840.0,-1047.0,-865.0,GdsrNGTLImperial20250927.csv
2025-09-27,2025-09-28,TOTAL_STORAGE_DELIVERIES,Storage,-2197.0,-1047.0,-2171.0,GdsrNGTLImperial20250927.csv
2025-09-27,2025-09-28,TOTAL_STORAGE_RECEIPTS,Storage,1357.0,0.0,1306.0,GdsrNGTLImperial20250927.csv
2025-09-27,2025-09-28,TOTAL_NGTL_DELIVERIES,System Total,-19326.0,-13382.0,-18861.0,GdsrNGTLImperial20250927.csv
2025-09-27,2025-09-28,TOTAL_NGTL_RECEIPTS,System Total,24283.0,13026.0,24262.0,GdsrNGTLImperial20250927.csv
2025-09-27,2025-09-28,TOTAL_STORAGE_AND_INTRAPROVINCIAL,System Total,-11994.0,-6043.0,-11623.0,GdsrNGTLImperial20250927.csv
2025-09-28,2025-09-29,ALBERTA_BC,Border Flow,-2751.0,-2687.0,-2494.0,GdsrNGTLImperial20250928.csv
2025-09-28,2025-09-29,EMPRESS,Border Flow,-3908.0,-3906.0,-3809.0,GdsrNGTLImperial20250928.csv
2025-09-28,2025-09-29,MCNEILL,Border Flow,-328.0,-320.0,-383.0,GdsrNGTLImperial20250928.csv
2025-09-28,2025-09-29,OTHER_BORDERS,Border Flow,-410.0,-399.0,-435.0,GdsrNGTLImperial20250928.csv
2025-09-28,2025-09-29,GORDONDALE,Interconnect Flow,97.0,96.0,85.0,GdsrNGTLImperial20250928.csv
2025-09-28,2025-09-29,GROUNDBIRCH_EAST,Interconnect Flow,261.0,263.0,260.0,GdsrNGTLImperial20250928.csv
2025-09-28,2025-09-29,WILLOW_VALLEY,Interconnect Flow,-8.0,0.0,-25.0,GdsrNGTLImperial20250928.csv
2025-09-28,2025-09-29,INTRAPROVINCIAL,Internal Delivery,-9803.0,-5136.0,-9471.0,GdsrNGTLImperial20250928.csv
2025-09-28,2025-09-29,TOTAL_NET_STORAGE,Storage,-841.0,-874.0,-341.0,GdsrNGTLImperial20250928.csv
2025-09-28,2025-09-29,TOTAL_STORAGE_DELIVERIES,Storage,-2206.0,-874.0,-1706.0,GdsrNGTLImperial20250928.csv
2025-09-28,2025-09-29,TOTAL_STORAGE_RECEIPTS,Storage,1364.0,0.0,1365.0,GdsrNGTLImperial20250928.csv
2025-09-28,2025-09-29,TOTAL_NGTL_DELIVERIES,System Total,-19423.0,-13323.0,-18345.0,GdsrNGTLImperial20250928.csv
2025-09-28,2025-09-29,TOTAL_NGTL_RECEIPTS,System Total,24266.0,13361.0,24328.0,GdsrNGTLImperial20250928.csv
2025-09-28,2025-09-29,TOTAL_STORAGE_AND_INTRAPROVINCIAL,System Total,-12009.0,-6010.0,-11177.0,GdsrNGTLImperial20250928.csv
2025-09-29,2025-09-30,ALBERTA_BC,Border Flow,-2537.0,-2523.0,-2459.0,GdsrNGTLImperial20250929.csv
2025-09-29,2025-09-30,EMPRESS,Border Flow,-3899.0,-3836.0,-3834.0,GdsrNGTLImperial20250929.csv
2025-09-29,2025-09-30,MCNEILL,Border Flow,-260.0,-257.0,-357.0,GdsrNGTLImperial20250929.csv
2025-09-29,2025-09-30,OTHER_BORDERS,Border Flow,-398.0,-398.0,-347.0,GdsrNGTLImperial20250929.csv
2025-09-29,2025-09-30,GORDONDALE,Interconnect Flow,70.0,70.0,79.0,GdsrNGTLImperial20250929.csv
2025-09-29,2025-09-30,GROUNDBIRCH_EAST,Interconnect Flow,326.0,328.0,254.0,GdsrNGTLImperial20250929.csv
2025-09-29,2025-09-30,WILLOW_VALLEY,Interconnect Flow,-40.0,-40.0,-34.0,GdsrNGTLImperial20250929.csv
2025-09-29,2025-09-30,INTRAPROVINCIAL,Internal Delivery,-9927.0,-5073.0,-9742.0,GdsrNGTLImperial20250929.csv
2025-09-29,2025-09-30,TOTAL_NET_STORAGE,Storage,-920.0,-896.0,-284.0,GdsrNGTLImperial20250929.csv
2025-09-29,2025-09-30,TOTAL_STORAGE_DELIVERIES,Storage,-2152.0,-896.0,-1699.0,GdsrNGTLImperial20250929.csv
2025-09-29,2025-09-30,TOTAL_STORAGE_RECEIPTS,Storage,1231.0,0.0,1415.0,GdsrNGTLImperial20250929.csv
2025-09-29,2025-09-30,TOTAL_NGTL_DELIVERIES,System Total,-19249.0,-13022.0,-18500.0,GdsrNGTLImperial20250929.csv
2025-09-29,2025-09-30,TOTAL_NGTL_RECEIPTS,System Total,24263.0,13289.0,24395.0,GdsrNGTLImperial20250929.csv
2025-09-29,2025-09-30,TOTAL_STORAGE_AND_INTRAPROVINCIAL,System Total,-12078.0,-5969.0,-11441.0,GdsrNGTLImperial20250929.csv
2025-09-30,2025-10-01,ALBERTA_BC,Border Flow,-2470.0,-2400.0,-2452.0,GdsrNGTLImperial20250930.csv
2025-09-30,2025-10-01,EMPRESS,Border Flow,-3920.0,-3792.0,-3809.0,GdsrNGTLImperial20250930.csv
2025-09-30,2025-10-01,MCNEILL,Border Flow,-264.0,-337.0,-338.0,GdsrNGTLImperial20250930.csv
2025-09-30,2025-10-01,OTHER_BORDERS,Border Flow,-334.0,-415.0,-357.0,GdsrNGTLImperial20250930.csv
2025-09-30,2025-10-01,GORDONDALE,Interconnect Flow,102.0,101.0,111.0,GdsrNGTLImperial20250930.csv
2025-09-30,2025-10-01,GROUNDBIRCH_EAST,Interconnect Flow,268.0,297.0,274.0,GdsrNGTLImperial20250930.csv
2025-09-30,2025-10-01,WILLOW_VALLEY,Interconnect Flow,-34.0,-36.0,-25.0,GdsrNGTLImperial20250930.csv
2025-09-30,2025-10-01,INTRAPROVINCIAL,Internal Delivery,-9740.0,-5426.0,-9401.0,GdsrNGTLImperial20250930.csv
2025-09-30,2025-10-01,TOTAL_NET_STORAGE,Storage,-949.0,-875.0,-186.0,GdsrNGTLImperial20250930.csv
2025-09-30,2025-10-01,TOTAL_STORAGE_DELIVERIES,Storage,-2215.0,-875.0,-1886.0,GdsrNGTLImperial20250930.csv
2025-09-30,2025-10-01,TOTAL_STORAGE_RECEIPTS,Storage,1266.0,0.0,1701.0,GdsrNGTLImperial20250930.csv
2025-09-30,2025-10-01,TOTAL_NGTL_DELIVERIES,System Total,-18982.0,-13280.0,-18269.0,GdsrNGTLImperial20250930.csv
2025-09-30,2025-10-01,TOTAL_NGTL_RECEIPTS,System Total,24252.0,13140.0,24717.0,GdsrNGTLImperial20250930.csv
2025-09-30,2025-10-01,TOTAL_STORAGE_AND_INTRAPROVINCIAL,System Total,-11955.0,-6302.0,-11288.0,GdsrNGTLImperial20250930.csv
2025-10-01,2025-10-02,ALBERTA_BC,Border Flow,-2469.0,-2455.0,-2454.0,GdsrNGTLImperial20251001.csv
2025-10-01,2025-10-02,EMPRESS,Border Flow,-3932.0,-3900.0,-4291.0,GdsrNGTLImperial20251001.csv
2025-10-01,2025-10-02,MCNEILL,Border Flow,-266.0,-274.0,-318.0,GdsrNGTLImperial20251001.csv
2025-10-01,2025-10-02,OTHER_BORDERS,Border Flow,-316.0,-374.0,-317.0,GdsrNGTLImperial20251001.csv
2025-10-01,2025-10-02,GORDONDALE,Interconnect Flow,119.0,116.0,148.0,GdsrNGTLImperial20251001.csv
2025-10-01,2025-10-02,GROUNDBIRCH_EAST,Interconnect Flow,368.0,360.0,391.0,GdsrNGTLImperial20251001.csv
2025-10-01,2025-10-02,WILLOW_VALLEY,Interconnect Flow,-27.0,-33.0,-42.0,GdsrNGTLImperial20251001.csv
2025-10-01,2025-10-02,INTRAPROVINCIAL,Internal Delivery,-9862.0,-5553.0,-9410.0,GdsrNGTLImperial20251001.csv
2025-10-01,2025-10-02,TOTAL_NET_STORAGE,Storage,-748.0,-777.0,-362.0,GdsrNGTLImperial20251001.csv
2025-10-01,2025-10-02,TOTAL_STORAGE_DELIVERIES,Storage,-2317.0,-777.0,-1903.0,GdsrNGTLImperial20251001.csv
2025-10-01,2025-10-02,TOTAL_STORAGE_RECEIPTS,Storage,1569.0,0.0,1542.0,GdsrNGTLImperial20251001.csv
2025-10-01,2025-10-02,TOTAL_NGTL_DELIVERIES,System Total,-19190.0,-13366.0,-18736.0,GdsrNGTLImperial20251001.csv
2025-10-01,2025-10-02,TOTAL_NGTL_RECEIPTS,System Total,24686.0,13445.0,24706.0,GdsrNGTLImperial20251001.csv
2025-10-01,2025-10-02,TOTAL_STORAGE_AND_INTRAPROVINCIAL,System Total,-12179.0,-6330.0,-11313.0,GdsrNGTLImperial20251001.csv
2025-10-02,2025-10-03,ALBERTA_BC,Border Flow,-2456.0,-2494.0,-2442.0,GdsrNGTLImperial20251002.csv
2025-10-02,2025-10-03,EMPRESS,Border Flow,-4338.0,-3960.0,-4232.0,GdsrNGTLImperial20251002.csv
2025-10-02,2025-10-03,MCNEILL,Border Flow,-247.0,-253.0,-280.0,GdsrNGTLImperial20251002.csv
2025-10-02,2025-10-03,OTHER_BORDERS,Border Flow,-295.0,-359.0,-357.0,GdsrNGTLImperial20251002.csv
2025-10-02,2025-10-03,GORDONDALE,Interconnect Flow,148.0,149.0,130.0,GdsrNGTLImperial20251002.csv
2025-10-02,2025-10-03,GROUNDBIRCH_EAST,Interconnect Flow,404.0,374.0,306.0,GdsrNGTLImperial20251002.csv
2025-10-02,2025-10-03,WILLOW_VALLEY,Interconnect Flow,-42.0,-55.0,-46.0,GdsrNGTLImperial20251002.csv
2025-10-02,2025-10-03,INTRAPROVINCIAL,Internal Delivery,-9859.0,-5640.0,-9426.0,GdsrNGTLImperial20251002.csv
2025-10-02,2025-10-03,TOTAL_NET_STORAGE,Storage,-750.0,-724.0,-550.0,GdsrNGTLImperial20251002.csv
2025-10-02,2025-10-03,TOTAL_STORAGE_DELIVERIES,Storage,-2234.0,-724.0,-2257.0,GdsrNGTLImperial20251002.csv
2025-10-02,2025-10-03,TOTAL_STORAGE_RECEIPTS,Storage,1484.0,0.0,1706.0,GdsrNGTLImperial20251002.csv
2025-10-02,2025-10-03,TOTAL_NGTL_DELIVERIES,System Total,-19472.0,-13484.0,-19045.0,GdsrNGTLImperial20251002.csv
2025-10-02,2025-10-03,TOTAL_NGTL_RECEIPTS,System Total,24667.0,13747.0,24779.0,GdsrNGTLImperial20251002.csv
2025-10-02,2025-10-03,TOTAL_STORAGE_AND_INTRAPROVINCIAL,System Total,-12092.0,-6363.0,-11683.0,GdsrNGTLImperial20251002.csv
2025-10-03,2025-10-04,ALBERTA_BC,Border Flow,-2460.0,-2483.0,-2448.0,GdsrNGTLImperial20251003.csv
2025-10-03,2025-10-04,EMPRESS,Border Flow,-4315.0,-4284.0,-4189.0,GdsrNGTLImperial20251003.csv
2025-10-03,2025-10-04,MCNEILL,Border Flow,-245.0,-206.0,-285.0,GdsrNGTLImperial20251003.csv
2025-10-03,2025-10-04,OTHER_BORDERS,Border Flow,-316.0,-341.0,-269.0,GdsrNGTLImperial20251003.csv
2025-10-03,2025-10-04,GORDONDALE,Interconnect Flow,155.0,150.0,153.0,GdsrNGTLImperial20251003.csv
2025-10-03,2025-10-04,GROUNDBIRCH_EAST,Interconnect Flow,296.0,354.0,342.0,GdsrNGTLImperial20251003.csv
2025-10-03,2025-10-04,WILLOW_VALLEY,Interconnect Flow,-39.0,-50.0,-34.0,GdsrNGTLImperial20251003.csv
2025-10-03,2025-10-04,INTRAPROVINCIAL,Internal Delivery,-9896.0,-5645.0,-9421.0,GdsrNGTLImperial20251003.csv
2025-10-03,2025-10-04,TOTAL_NET_STORAGE,Storage,-794.0,-750.0,-690.0,GdsrNGTLImperial20251003.csv
2025-10-03,2025-10-04,TOTAL_STORAGE_DELIVERIES,Storage,-2392.0,-750.0,-2141.0,GdsrNGTLImperial20251003.csv
2025-10-03,2025-10-04,TOTAL_STORAGE_RECEIPTS,Storage,1598.0,0.0,1451.0,GdsrNGTLImperial20251003.csv
2025-10-03,2025-10-04,TOTAL_NGTL_DELIVERIES,System Total,-19669.0,-13759.0,-18788.0,GdsrNGTLImperial20251003.csv
2025-10-03,2025-10-04,TOTAL_NGTL_RECEIPTS,System Total,24680.0,13984.0,24442.0,GdsrNGTLImperial20251003.csv
2025-10-03,2025-10-04,TOTAL_STORAGE_AND_INTRAPROVINCIAL,System Total,-12288.0,-6394.0,-11562.0,GdsrNGTLImperial20251003.csv
2025-10-04,2025-10-05,ALBERTA_BC,Border Flow,-2457.0,-2504.0,-2448.0,GdsrNGTLImperial20251004.csv
2025-10-04,2025-10-05,EMPRESS,Border Flow,-4322.0,-4347.0,-4157.0,GdsrNGTLImperial20251004.csv
2025-10-04,2025-10-05,MCNEILL,Border Flow,-275.0,-226.0,-281.0,GdsrNGTLImperial20251004.csv
2025-10-04,2025-10-05,OTHER_BORDERS,Border Flow,-269.0,-320.0,-269.0,GdsrNGTLImperial20251004.csv
2025-10-04,2025-10-05,GORDONDALE,Interconnect Flow,153.0,156.0,148.0,GdsrNGTLImperial20251004.csv
2025-10-04,2025-10-05,GROUNDBIRCH_EAST,Interconnect Flow,341.0,368.0,339.0,GdsrNGTLImperial20251004.csv
2025-10-04,2025-10-05,WILLOW_VALLEY,Interconnect Flow,-14.0,0.0,-25.0,GdsrNGTLImperial20251004.csv
2025-10-04,2025-10-05,INTRAPROVINCIAL,Internal Delivery,-9910.0,-5883.0,-9428.0,GdsrNGTLImperial20251004.csv
2025-10-04,2025-10-05,TOTAL_NET_STORAGE,Storage,-771.0,-662.0,-336.0,GdsrNGTLImperial20251004.csv
2025-10-04,2025-10-05,TOTAL_STORAGE_DELIVERIES,Storage,-2209.0,-662.0,-1787.0,GdsrNGTLImperial20251004.csv
2025-10-04,2025-10-05,TOTAL_STORAGE_RECEIPTS,Storage,1438.0,0.0,1451.0,GdsrNGTLImperial20251004.csv
2025-10-04,2025-10-05,TOTAL_NGTL_DELIVERIES,System Total,-19457.0,-13943.0,-18395.0,GdsrNGTLImperial20251004.csv
2025-10-04,2025-10-05,TOTAL_NGTL_RECEIPTS,System Total,24428.0,13935.0,24433.0,GdsrNGTLImperial20251004.csv
2025-10-04,2025-10-05,TOTAL_STORAGE_AND_INTRAPROVINCIAL,System Total,-12119.0,-6545.0,-11215.0,GdsrNGTLImperial20251004.csv
2025-10-05,2025-10-06,ALBERTA_BC,Border Flow,-2461.0,-2504.0,-2350.0,GdsrNGTLImperial20251005.csv
2025-10-05,2025-10-06,EMPRESS,Border Flow,-4261.0,-4452.0,-4150.0,GdsrNGTLImperial20251005.csv
2025-10-05,2025-10-06,MCNEILL,Border Flow,-275.0,-231.0,-298.0,GdsrNGTLImperial20251005.csv
2025-10-05,2025-10-06,OTHER_BORDERS,Border Flow,-270.0,-330.0,-300.0,GdsrNGTLImperial20251005.csv
2025-10-05,2025-10-06,GORDONDALE,Interconnect Flow,205.0,203.0,148.0,GdsrNGTLImperial20251005.csv
2025-10-05,2025-10-06,GROUNDBIRCH_EAST,Interconnect Flow,308.0,336.0,339.0,GdsrNGTLImperial20251005.csv
2025-10-05,2025-10-06,WILLOW_VALLEY,Interconnect Flow,-47.0,-9.0,-42.0,GdsrNGTLImperial20251005.csv
2025-10-05,2025-10-06,INTRAPROVINCIAL,Internal Delivery,-9946.0,-5884.0,-9491.0,GdsrNGTLImperial20251005.csv
2025-10-05,2025-10-06,TOTAL_NET_STORAGE,Storage,-671.0,-692.0,-164.0,GdsrNGTLImperial20251005.csv
2025-10-05,2025-10-06,TOTAL_STORAGE_DELIVERIES,Storage,-2126.0,-692.0,-1848.0,GdsrNGTLImperial20251005.csv
2025-10-05,2025-10-06,TOTAL_STORAGE_RECEIPTS,Storage,1455.0,0.0,1685.0,GdsrNGTLImperial20251005.csv
2025-10-05,2025-10-06,TOTAL_NGTL_DELIVERIES,System Total,-19387.0,-14102.0,-18481.0,GdsrNGTLImperial20251005.csv
2025-10-05,2025-10-06,TOTAL_NGTL_RECEIPTS,System Total,24465.0,13848.0,24667.0,GdsrNGTLImperial20251005.csv
2025-10-05,2025-10-06,TOTAL_STORAGE_AND_INTRAPROVINCIAL,System Total,-12072.0,-6576.0,-11339.0,GdsrNGTLImperial20251005.csv
2025-10-06,2025-10-07,ALBERTA_BC,Border Flow,-2352.0,-2296.0,-2380.0,GdsrNGTLImperial20251006.csv
2025-10-06,2025-10-07,EMPRESS,Border Flow,-4259.0,-4252.0,-4195.0,GdsrNGTLImperial20251006.csv
2025-10-06,2025-10-07,MCNEILL,Border Flow,-270.0,-243.0,-305.0,GdsrNGTLImperial20251006.csv
2025-10-06,2025-10-07,OTHER_BORDERS,Border Flow,-291.0,-345.0,-295.0,GdsrNGTLImperial20251006.csv
2025-10-06,2025-10-07,GORDONDALE,Interconnect Flow,169.0,197.0,135.0,GdsrNGTLImperial20251006.csv
2025-10-06,2025-10-07,GROUNDBIRCH_EAST,Interconnect Flow,291.0,340.0,257.0,GdsrNGTLImperial20251006.csv
2025-10-06,2025-10-07,WILLOW_VALLEY,Interconnect Flow,-50.0,-52.0,-40.0,GdsrNGTLImperial20251006.csv
2025-10-06,2025-10-07,INTRAPROVINCIAL,Internal Delivery,-9983.0,-5916.0,-9512.0,GdsrNGTLImperial20251006.csv
2025-10-06,2025-10-07,TOTAL_NET_STORAGE,Storage,-451.0,-684.0,-244.0,GdsrNGTLImperial20251006.csv
2025-10-06,2025-10-07,TOTAL_STORAGE_DELIVERIES,Storage,-2124.0,-684.0,-1746.0,GdsrNGTLImperial20251006.csv
2025-10-06,2025-10-07,TOTAL_STORAGE_RECEIPTS,Storage,1673.0,0.0,1502.0,GdsrNGTLImperial20251006.csv
2025-10-06,2025-10-07,TOTAL_NGTL_DELIVERIES,System Total,-19330.0,-13787.0,-18479.0,GdsrNGTLImperial20251006.csv
2025-10-06,2025-10-07,TOTAL_NGTL_RECEIPTS,System Total,24628.0,13645.0,24394.0,GdsrNGTLImperial20251006.csv
2025-10-06,2025-10-07,TOTAL_STORAGE_AND_INTRAPROVINCIAL,System Total,-12106.0,-6600.0,-11257.0,GdsrNGTLImperial20251006.csv
2025-10-07,2025-10-08,ALBERTA_BC,Border Flow,-2374.0,-2357.0,-2352.0,GdsrNGTLImperial20251007.csv
2025-10-07,2025-10-08,EMPRESS,Border Flow,-4371.0,-4282.0,-4196.0,GdsrNGTLImperial20251007.csv
2025-10-07,2025-10-08,MCNEILL,Border Flow,-315.0,-319.0,-436.0,GdsrNGTLImperial20251007.csv
2025-10-07,2025-10-08,OTHER_BORDERS,Border Flow,-284.0,-329.0,-299.0,GdsrNGTLImperial20251007.csv
2025-10-07,2025-10-08,GORDONDALE,Interconnect Flow,171.0,169.0,179.0,GdsrNGTLImperial20251007.csv
2025-10-07,2025-10-08,GROUNDBIRCH_EAST,Interconnect Flow,291.0,304.0,315.0,GdsrNGTLImperial20251007.csv
2025-10-07,2025-10-08,WILLOW_VALLEY,Interconnect Flow,-40.0,-53.0,-41.0,GdsrNGTLImperial20251007.csv
2025-10-07,2025-10-08,INTRAPROVINCIAL,Internal Delivery,-9954.0,-5447.0,-9520.0,GdsrNGTLImperial20251007.csv
2025-10-07,2025-10-08,TOTAL_NET_STORAGE,Storage,-573.0,-741.0,-365.0,GdsrNGTLImperial20251007.csv
2025-10-07,2025-10-08,TOTAL_STORAGE_DELIVERIES,Storage,-2214.0,-747.0,-1868.0,GdsrNGTLImperial20251007.csv
2025-10-07,2025-10-08,TOTAL_STORAGE_RECEIPTS,Storage,1641.0,6.0,1503.0,GdsrNGTLImperial20251007.csv
2025-10-07,2025-10-08,TOTAL_NGTL_DELIVERIES,System Total,-19552.0,-13533.0,-18712.0,GdsrNGTLImperial20251007.csv
2025-10-07,2025-10-08,TOTAL_NGTL_RECEIPTS,System Total,24599.0,13624.0,24490.0,GdsrNGTLImperial20251007.csv
2025-10-07,2025-10-08,TOTAL_STORAGE_AND_INTRAPROVINCIAL,System Total,-12167.0,-6194.0,-11388.0,GdsrNGTLImperial20251007.csv
2025-10-08,2025-10-09,ALBERTA_BC,Border Flow,-2356.0,-2349.0,-2339.0,GdsrNGTLImperial20251008.csv
2025-10-08,2025-10-09,EMPRESS,Border Flow,-4352.0,-4422.0,-4213.0,GdsrNGTLImperial20251008.csv
2025-10-08,2025-10-09,MCNEILL,Border Flow,-360.0,-440.0,-464.0,GdsrNGTLImperial20251008.csv
2025-10-08,2025-10-09,OTHER_BORDERS,Border Flow,-288.0,-308.0,-305.0,GdsrNGTLImperial20251008.csv
2025-10-08,2025-10-09,GORDONDALE,Interconnect Flow,201.0,177.0,207.0,GdsrNGTLImperial20251008.csv
2025-10-08,2025-10-09,GROUNDBIRCH_EAST,Interconnect Flow,369.0,354.0,316.0,GdsrNGTLImperial20251008.csv
2025-10-08,2025-10-09,WILLOW_VALLEY,Interconnect Flow,-33.0,-80.0,-26.0,GdsrNGTLImperial20251008.csv
2025-10-08,2025-10-09,INTRAPROVINCIAL,Internal Delivery,-9921.0,-5930.0,-9474.0,GdsrNGTLImperial20251008.csv
2025-10-08,2025-10-09,TOTAL_NET_STORAGE,Storage,-587.0,-677.0,-394.0,GdsrNGTLImperial20251008.csv
2025-10-08,2025-10-09,TOTAL_STORAGE_DELIVERIES,Storage,-2319.0,-717.0,-1875.0,GdsrNGTLImperial20251008.csv
2025-10-08,2025-10-09,TOTAL_STORAGE_RECEIPTS,Storage,1732.0,40.0,1482.0,GdsrNGTLImperial20251008.csv
2025-10-08,2025-10-09,TOTAL_NGTL_DELIVERIES,System Total,-19629.0,-14246.0,-18698.0,GdsrNGTLImperial20251008.csv
2025-10-08,2025-10-09,TOTAL_NGTL_RECEIPTS,System Total,24796.0,13954.0,24495.0,GdsrNGTLImperial20251008.csv
2025-10-08,2025-10-09,TOTAL_STORAGE_AND_INTRAPROVINCIAL,System Total,-12240.0,-6647.0,-11349.0,GdsrNGTLImperial20251008.csv
2025-10-09,2025-10-10,ALBERTA_BC,Border Flow,-2315.0,-2392.0,-2289.0,GdsrNGTLImperial20251009.csv
2025-10-09,2025-10-10,EMPRESS,Border Flow,-4383.0,-4251.0,-4422.0,GdsrNGTLImperial20251009.csv
2025-10-09,2025-10-10,MCNEILL,Border Flow,-395.0,-418.0,-423.0,GdsrNGTLImperial20251009.csv
2025-10-09,2025-10-10,OTHER_BORDERS,Border Flow,-285.0,-297.0,-306.0,GdsrNGTLImperial20251009.csv
2025-10-09,2025-10-10,GORDONDALE,Interconnect Flow,280.0,267.0,138.0,GdsrNGTLImperial20251009.csv
2025-10-09,2025-10-10,GROUNDBIRCH_EAST,Interconnect Flow,394.0,397.0,283.0,GdsrNGTLImperial20251009.csv
2025-10-09,2025-10-10,WILLOW_VALLEY,Interconnect Flow,-17.0,-22.0,-49.0,GdsrNGTLImperial20251009.csv
2025-10-09,2025-10-10,INTRAPROVINCIAL,Internal Delivery,-9942.0,-5950.0,-9491.0,GdsrNGTLImperial20251009.csv
2025-10-09,2025-10-10,TOTAL_NET_STORAGE,Storage,-610.0,-504.0,-801.0,GdsrNGTLImperial20251009.csv
2025-10-09,2025-10-10,TOTAL_STORAGE_DELIVERIES,Storage,-2275.0,-677.0,-2263.0,GdsrNGTLImperial20251009.csv
2025-10-09,2025-10-10,TOTAL_STORAGE_RECEIPTS,Storage,1664.0,173.0,1462.0,GdsrNGTLImperial20251009.csv
2025-10-09,2025-10-10,TOTAL_NGTL_DELIVERIES,System Total,-19613.0,-14007.0,-19245.0,GdsrNGTLImperial20251009.csv
2025-10-09,2025-10-10,TOTAL_NGTL_RECEIPTS,System Total,24832.0,14524.0,24377.0,GdsrNGTLImperial20251009.csv
2025-10-09,2025-10-10,TOTAL_STORAGE_AND_INTRAPROVINCIAL,System Total,-12217.0,-6627.0,-11754.0,GdsrNGTLImperial20251009.csv
2025-10-10,2025-10-11,ALBERTA_BC,Border Flow,-2350.0,-2418.0,-2610.0,GdsrNGTLImperial20251010.csv
2025-10-10,2025-10-11,EMPRESS,Border Flow,-4483.0,-4529.0,-4257.0,GdsrNGTLImperial20251010.csv
2025-10-10,2025-10-11,MCNEILL,Border Flow,-421.0,-428.0,-391.0,GdsrNGTLImperial20251010.csv
2025-10-10,2025-10-11,OTHER_BORDERS,Border Flow,-280.0,-288.0,-293.0,GdsrNGTLImperial20251010.csv
2025-10-10,2025-10-11,GORDONDALE,Interconnect Flow,139.0,137.0,202.0,GdsrNGTLImperial20251010.csv
2025-10-10,2025-10-11,GROUNDBIRCH_EAST,Interconnect Flow,354.0,355.0,290.0,GdsrNGTLImperial20251010.csv
2025-10-10,2025-10-11,WILLOW_VALLEY,Interconnect Flow,-46.0,-47.0,-49.0,GdsrNGTLImperial20251010.csv
2025-10-10,2025-10-11,INTRAPROVINCIAL,Internal Delivery,-9902.0,-5675.0,-9467.0,GdsrNGTLImperial20251010.csv
2025-10-10,2025-10-11,TOTAL_NET_STORAGE,Storage,-834.0,-635.0,-662.0,GdsrNGTLImperial20251010.csv
2025-10-10,2025-10-11,TOTAL_STORAGE_DELIVERIES,Storage,-2349.0,-635.0,-2120.0,GdsrNGTLImperial20251010.csv
2025-10-10,2025-10-11,TOTAL_STORAGE_RECEIPTS,Storage,1515.0,0.0,1458.0,GdsrNGTLImperial20251010.csv
2025-10-10,2025-10-11,TOTAL_NGTL_DELIVERIES,System Total,-19835.0,-14021.0,-19186.0,GdsrNGTLImperial20251010.csv
2025-10-10,2025-10-11,TOTAL_NGTL_RECEIPTS,System Total,24500.0,14270.0,24438.0,GdsrNGTLImperial20251010.csv
2025-10-10,2025-10-11,TOTAL_STORAGE_AND_INTRAPROVINCIAL,System Total,-12251.0,-6310.0,-11587.0,GdsrNGTLImperial20251010.csv
2025-10-11,2025-10-12,ALBERTA_BC,Border Flow,-2654.0,-2575.0,-2680.0,GdsrNGTLImperial20251011.csv
2025-10-11,2025-10-12,EMPRESS,Border Flow,-4415.0,-4421.0,-4339.0,GdsrNGTLImperial20251011.csv
2025-10-11,2025-10-12,MCNEILL,Border Flow,-351.0,-346.0,-311.0,GdsrNGTLImperial20251011.csv
2025-10-11,2025-10-12,OTHER_BORDERS,Border Flow,-292.0,-278.0,-292.0,GdsrNGTLImperial20251011.csv
2025-10-11,2025-10-12,GORDONDALE,Interconnect Flow,223.0,218.0,193.0,GdsrNGTLImperial20251011.csv
2025-10-11,2025-10-12,GROUNDBIRCH_EAST,Interconnect Flow,364.0,362.0,273.0,GdsrNGTLImperial20251011.csv
2025-10-11,2025-10-12,WILLOW_VALLEY,Interconnect Flow,-49.0,-49.0,-52.0,GdsrNGTLImperial20251011.csv
2025-10-11,2025-10-12,INTRAPROVINCIAL,Internal Delivery,-9911.0,-5869.0,-9514.0,GdsrNGTLImperial20251011.csv
2025-10-11,2025-10-12,TOTAL_NET_STORAGE,Storage,-738.0,-650.0,-577.0,GdsrNGTLImperial20251011.csv
2025-10-11,2025-10-12,TOTAL_STORAGE_DELIVERIES,Storage,-2227.0,-650.0,-2110.0,GdsrNGTLImperial20251011.csv
2025-10-11,2025-10-12,TOTAL_STORAGE_RECEIPTS,Storage,1489.0,0.0,1533.0,GdsrNGTLImperial20251011.csv
2025-10-11,2025-10-12,TOTAL_NGTL_DELIVERIES,System Total,-19899.0,-14187.0,-19298.0,GdsrNGTLImperial20251011.csv
2025-10-11,2025-10-12,TOTAL_NGTL_RECEIPTS,System Total,24568.0,14411.0,24494.0,GdsrNGTLImperial20251011.csv
2025-10-11,2025-10-12,TOTAL_STORAGE_AND_INTRAPROVINCIAL,System Total,-12138.0,-6519.0,-11625.0,GdsrNGTLImperial20251011.csv
2025-10-12,2025-10-13,ALBERTA_BC,Border Flow,-2619.0,-2611.0,-2614.0,GdsrNGTLImperial20251012.csv
2025-10-12,2025-10-13,EMPRESS,Border Flow,-4451.0,-4444.0,-4245.0,GdsrNGTLImperial20251012.csv
2025-10-12,2025-10-13,MCNEILL,Border Flow,-275.0,-324.0,-342.0,GdsrNGTLImperial20251012.csv
2025-10-12,2025-10-13,OTHER_BORDERS,Border Flow,-291.0,-285.0,-291.0,GdsrNGTLImperial20251012.csv
2025-10-12,2025-10-13,GORDONDALE,Interconnect Flow,211.0,235.0,359.0,GdsrNGTLImperial20251012.csv
2025-10-12,2025-10-13,GROUNDBIRCH_EAST,Interconnect Flow,477.0,377.0,0.0,GdsrNGTLImperial20251012.csv
2025-10-12,2025-10-13,WILLOW_VALLEY,Interconnect Flow,-56.0,-52.0,-267.0,GdsrNGTLImperial20251012.csv
2025-10-12,2025-10-13,INTRAPROVINCIAL,Internal Delivery,-9916.0,-6276.0,-9529.0,GdsrNGTLImperial20251012.csv
2025-10-12,2025-10-13,TOTAL_NET_STORAGE,Storage,-460.0,-593.0,-311.0,GdsrNGTLImperial20251012.csv
2025-10-12,2025-10-13,TOTAL_STORAGE_DELIVERIES,Storage,-2186.0,-633.0,-2065.0,GdsrNGTLImperial20251012.csv
2025-10-12,2025-10-13,TOTAL_STORAGE_RECEIPTS,Storage,1726.0,40.0,1753.0,GdsrNGTLImperial20251012.csv
2025-10-12,2025-10-13,TOTAL_NGTL_DELIVERIES,System Total,-19794.0,-14625.0,-19352.0,GdsrNGTLImperial20251012.csv
2025-10-12,2025-10-13,TOTAL_NGTL_RECEIPTS,System Total,24909.0,14379.0,24609.0,GdsrNGTLImperial20251012.csv
2025-10-12,2025-10-13,TOTAL_STORAGE_AND_INTRAPROVINCIAL,System Total,-12102.0,-6909.0,-11593.0,GdsrNGTLImperial20251012.csv
2025-10-13,2025-10-14,ALBERTA_BC,Border Flow,-2585.0,-2551.0,-2542.0,GdsrNGTLImperial20251013.csv
2025-10-13,2025-10-14,EMPRESS,Border Flow,-4408.0,-4414.0,-4302.0,GdsrNGTLImperial20251013.csv
2025-10-13,2025-10-14,MCNEILL,Border Flow,-323.0,-344.0,-333.0,GdsrNGTLImperial20251013.csv
2025-10-13,2025-10-14,OTHER_BORDERS,Border Flow,-291.0,-283.0,-308.0,GdsrNGTLImperial20251013.csv
2025-10-13,2025-10-14,GORDONDALE,Interconnect Flow,357.0,371.0,359.0,GdsrNGTLImperial20251013.csv
2025-10-13,2025-10-14,GROUNDBIRCH_EAST,Interconnect Flow,0.0,0.0,0.0,GdsrNGTLImperial20251013.csv
2025-10-13,2025-10-14,WILLOW_VALLEY,Interconnect Flow,-273.0,-278.0,-276.0,GdsrNGTLImperial20251013.csv
2025-10-13,2025-10-14,INTRAPROVINCIAL,Internal Delivery,-9930.0,-6488.0,-9463.0,GdsrNGTLImperial20251013.csv
2025-10-13,2025-10-14,TOTAL_NET_STORAGE,Storage,363.0,220.0,-38.0,GdsrNGTLImperial20251013.csv
2025-10-13,2025-10-14,TOTAL_STORAGE_DELIVERIES,Storage,-2777.0,-593.0,-1707.0,GdsrNGTLImperial20251013.csv
2025-10-13,2025-10-14,TOTAL_STORAGE_RECEIPTS,Storage,3140.0,813.0,1669.0,GdsrNGTLImperial20251013.csv
2025-10-13,2025-10-14,TOTAL_NGTL_DELIVERIES,System Total,-20587.0,-14952.0,-18931.0,GdsrNGTLImperial20251013.csv
2025-10-13,2025-10-14,TOTAL_NGTL_RECEIPTS,System Total,25993.0,14747.0,24524.0,GdsrNGTLImperial20251013.csv
2025-10-13,2025-10-14,TOTAL_STORAGE_AND_INTRAPROVINCIAL,System Total,-12707.0,-7081.0,-11170.0,GdsrNGTLImperial20251013.csv
2025-10-14,2025-10-15,ALBERTA_BC,Border Flow,-2566.0,-2375.0,-2561.0,GdsrNGTLImperial20251014.csv
2025-10-14,2025-10-15,EMPRESS,Border Flow,-4441.0,-4451.0,-4310.0,GdsrNGTLImperial20251014.csv
2025-10-14,2025-10-15,MCNEILL,Border Flow,-402.0,-369.0,-406.0,GdsrNGTLImperial20251014.csv
2025-10-14,2025-10-15,OTHER_BORDERS,Border Flow,-243.0,-240.0,-222.0,GdsrNGTLImperial20251014.csv
2025-10-14,2025-10-15,GORDONDALE,Interconnect Flow,361.0,360.0,365.0,GdsrNGTLImperial20251014.csv
2025-10-14,2025-10-15,GROUNDBIRCH_EAST,Interconnect Flow,0.0,0.0,0.0,GdsrNGTLImperial20251014.csv
2025-10-14,2025-10-15,WILLOW_VALLEY,Interconnect Flow,-276.0,-274.0,-214.0,GdsrNGTLImperial20251014.csv
2025-10-14,2025-10-15,INTRAPROVINCIAL,Internal Delivery,-9847.0,-6331.0,-9467.0,GdsrNGTLImperial20251014.csv
2025-10-14,2025-10-15,TOTAL_NET_STORAGE,Storage,565.0,545.0,-137.0,GdsrNGTLImperial20251014.csv
2025-10-14,2025-10-15,TOTAL_STORAGE_DELIVERIES,Storage,-2370.0,-411.0,-1782.0,GdsrNGTLImperial20251014.csv
2025-10-14,2025-10-15,TOTAL_STORAGE_RECEIPTS,Storage,2935.0,956.0,1645.0,GdsrNGTLImperial20251014.csv
2025-10-14,2025-10-15,TOTAL_NGTL_DELIVERIES,System Total,-20143.0,-14450.0,-18961.0,GdsrNGTLImperial20251014.csv
2025-10-14,2025-10-15,TOTAL_NGTL_RECEIPTS,System Total,25863.0,14855.0,24620.0,GdsrNGTLImperial20251014.csv
2025-10-14,2025-10-15,TOTAL_STORAGE_AND_INTRAPROVINCIAL,System Total,-12216.0,-6742.0,-11249.0,GdsrNGTLImperial20251014.csv
2025-10-15,2025-10-16,ALBERTA_BC,Border Flow,-2489.0,-2546.0,-2481.0,GdsrNGTLImperial20251015.csv
2025-10-15,2025-10-16,EMPRESS,Border Flow,-4473.0,-4478.0,-4444.0,GdsrNGTLImperial20251015.csv
2025-10-15,2025-10-16,MCNEILL,Border Flow,-438.0,-373.0,-528.0,GdsrNGTLImperial20251015.csv
2025-10-15,2025-10-16,OTHER_BORDERS,Border Flow,-244.0,-269.0,-304.0,GdsrNGTLImperial20251015.csv
2025-10-15,2025-10-16,GORDONDALE,Interconnect Flow,359.0,359.0,361.0,GdsrNGTLImperial20251015.csv
2025-10-15,2025-10-16,GROUNDBIRCH_EAST,Interconnect Flow,0.0,0.0,0.0,GdsrNGTLImperial20251015.csv
2025-10-15,2025-10-16,WILLOW_VALLEY,Interconnect Flow,-142.0,-105.0,-306.0,GdsrNGTLImperial20251015.csv
2025-10-15,2025-10-16,INTRAPROVINCIAL,Internal Delivery,-9781.0,-6034.0,-9379.0,GdsrNGTLImperial20251015.csv
2025-10-15,2025-10-16,TOTAL_NET_STORAGE,Storage,-149.0,-76.0,-466.0,GdsrNGTLImperial20251015.csv
2025-10-15,2025-10-16,TOTAL_STORAGE_DELIVERIES,Storage,-2193.0,-385.0,-2039.0,GdsrNGTLImperial20251015.csv
2025-10-15,2025-10-16,TOTAL_STORAGE_RECEIPTS,Storage,2044.0,310.0,1572.0,GdsrNGTLImperial20251015.csv
2025-10-15,2025-10-16,TOTAL_NGTL_DELIVERIES,System Total,-19760.0,-14190.0,-19481.0,GdsrNGTLImperial20251015.csv
2025-10-15,2025-10-16,TOTAL_NGTL_RECEIPTS,System Total,25014.0,14342.0,24540.0,GdsrNGTLImperial20251015.csv
2025-10-15,2025-10-16,TOTAL_STORAGE_AND_INTRAPROVINCIAL,System Total,-11974.0,-6419.0,-11418.0,GdsrNGTLImperial20251015.csv
2025-10-16,2025-10-17,ALBERTA_BC,Border Flow,-2437.0,-2539.0,-2411.0,GdsrNGTLImperial20251016.csv
2025-10-16,2025-10-17,EMPRESS,Border Flow,-4510.0,-4438.0,-4412.0,GdsrNGTLImperial20251016.csv
2025-10-16,2025-10-17,MCNEILL,Border Flow,-566.0,-495.0,-542.0,GdsrNGTLImperial20251016.csv
2025-10-16,2025-10-17,OTHER_BORDERS,Border Flow,-276.0,-279.0,-392.0,GdsrNGTLImperial20251016.csv
2025-10-16,2025-10-17,GORDONDALE,Interconnect Flow,366.0,351.0,345.0,GdsrNGTLImperial20251016.csv
2025-10-16,2025-10-17,GROUNDBIRCH_EAST,Interconnect Flow,0.0,0.0,0.0,GdsrNGTLImperial20251016.csv
2025-10-16,2025-10-17,WILLOW_VALLEY,Interconnect Flow,-71.0,-72.0,-72.0,GdsrNGTLImperial20251016.csv
2025-10-16,2025-10-17,INTRAPROVINCIAL,Internal Delivery,-9712.0,-5640.0,-9388.0,GdsrNGTLImperial20251016.csv
2025-10-16,2025-10-17,TOTAL_NET_STORAGE,Storage,-576.0,-289.0,-93.0,GdsrNGTLImperial20251016.csv
2025-10-16,2025-10-17,TOTAL_STORAGE_DELIVERIES,Storage,-2198.0,-343.0,-1838.0,GdsrNGTLImperial20251016.csv
2025-10-16,2025-10-17,TOTAL_STORAGE_RECEIPTS,Storage,1623.0,54.0,1745.0,GdsrNGTLImperial20251016.csv
2025-10-16,2025-10-17,TOTAL_NGTL_DELIVERIES,System Total,-19771.0,-13806.0,-19056.0,GdsrNGTLImperial20251016.csv
2025-10-16,2025-10-17,TOTAL_NGTL_RECEIPTS,System Total,24577.0,14412.0,24673.0,GdsrNGTLImperial20251016.csv
2025-10-16,2025-10-17,TOTAL_STORAGE_AND_INTRAPROVINCIAL,System Total,-11910.0,-5983.0,-11226.0,GdsrNGTLImperial20251016.csv
2025-10-17,2025-10-18,ALBERTA_BC,Border Flow,-2422.0,-2232.0,-2442.0,GdsrNGTLImperial20251017.csv
2025-10-17,2025-10-18,EMPRESS,Border Flow,-4490.0,-4545.0,-4456.0,GdsrNGTLImperial20251017.csv
2025-10-17,2025-10-18,MCNEILL,Border Flow,-652.0,-624.0,-694.0,GdsrNGTLImperial20251017.csv
2025-10-17,2025-10-18,OTHER_BORDERS,Border Flow,-360.0,-263.0,-356.0,GdsrNGTLImperial20251017.csv
2025-10-17,2025-10-18,GORDONDALE,Interconnect Flow,365.0,378.0,284.0,GdsrNGTLImperial20251017.csv
2025-10-17,2025-10-18,GROUNDBIRCH_EAST,Interconnect Flow,0.0,0.0,0.0,GdsrNGTLImperial20251017.csv
2025-10-17,2025-10-18,WILLOW_VALLEY,Interconnect Flow,-89.0,-89.0,-187.0,GdsrNGTLImperial20251017.csv
2025-10-17,2025-10-18,INTRAPROVINCIAL,Internal Delivery,-9745.0,-5880.0,-9371.0,GdsrNGTLImperial20251017.csv
2025-10-17,2025-10-18,TOTAL_NET_STORAGE,Storage,-687.0,-791.0,-364.0,GdsrNGTLImperial20251017.csv
2025-10-17,2025-10-18,TOTAL_STORAGE_DELIVERIES,Storage,-2303.0,-791.0,-1909.0,GdsrNGTLImperial20251017.csv
2025-10-17,2025-10-18,TOTAL_STORAGE_RECEIPTS,Storage,1617.0,0.0,1545.0,GdsrNGTLImperial20251017.csv
2025-10-17,2025-10-18,TOTAL_NGTL_DELIVERIES,System Total,-20061.0,-14425.0,-19415.0,GdsrNGTLImperial20251017.csv
2025-10-17,2025-10-18,TOTAL_NGTL_RECEIPTS,System Total,24564.0,14516.0,24401.0,GdsrNGTLImperial20251017.csv
2025-10-17,2025-10-18,TOTAL_STORAGE_AND_INTRAPROVINCIAL,System Total,-12048.0,-6671.0,-11280.0,GdsrNGTLImperial20251017.csv
2025-10-18,2025-10-19,ALBERTA_BC,Border Flow,-2551.0,-2566.0,-2535.0,GdsrNGTLImperial20251018.csv
2025-10-18,2025-10-19,EMPRESS,Border Flow,-4464.0,-4520.0,-4403.0,GdsrNGTLImperial20251018.csv
2025-10-18,2025-10-19,MCNEILL,Border Flow,-703.0,-680.0,-707.0,GdsrNGTLImperial20251018.csv
2025-10-18,2025-10-19,OTHER_BORDERS,Border Flow,-288.0,-280.0,-286.0,GdsrNGTLImperial20251018.csv
2025-10-18,2025-10-19,GORDONDALE,Interconnect Flow,282.0,277.0,281.0,GdsrNGTLImperial20251018.csv
2025-10-18,2025-10-19,GROUNDBIRCH_EAST,Interconnect Flow,0.0,0.0,0.0,GdsrNGTLImperial20251018.csv
2025-10-18,2025-10-19,WILLOW_VALLEY,Interconnect Flow,-181.0,-179.0,-230.0,GdsrNGTLImperial20251018.csv
2025-10-18,2025-10-19,INTRAPROVINCIAL,Internal Delivery,-9704.0,-5679.0,-9370.0,GdsrNGTLImperial20251018.csv
2025-10-18,2025-10-19,TOTAL_NET_STORAGE,Storage,-455.0,-522.0,-343.0,GdsrNGTLImperial20251018.csv
2025-10-18,2025-10-19,TOTAL_STORAGE_DELIVERIES,Storage,-2066.0,-522.0,-1906.0,GdsrNGTLImperial20251018.csv
2025-10-18,2025-10-19,TOTAL_STORAGE_RECEIPTS,Storage,1611.0,0.0,1563.0,GdsrNGTLImperial20251018.csv
2025-10-18,2025-10-19,TOTAL_NGTL_DELIVERIES,System Total,-19956.0,-14426.0,-19437.0,GdsrNGTLImperial20251018.csv
2025-10-18,2025-10-19,TOTAL_NGTL_RECEIPTS,System Total,24464.0,14220.0,24416.0,GdsrNGTLImperial20251018.csv
2025-10-18,2025-10-19,TOTAL_STORAGE_AND_INTRAPROVINCIAL,System Total,-11769.0,-6202.0,-11276.0,GdsrNGTLImperial20251018.csv
2025-10-19,2025-10-20,ALBERTA_BC,Border Flow,-2557.0,-2628.0,-2550.0,GdsrNGTLImperial20251019.csv
2025-10-19,2025-10-20,EMPRESS,Border Flow,-4496.0,-4465.0,-4357.0,GdsrNGTLImperial20251019.csv
2025-10-19,2025-10-20,MCNEILL,Border Flow,-681.0,-690.0,-682.0,GdsrNGTLImperial20251019.csv
2025-10-19,2025-10-20,OTHER_BORDERS,Border Flow,-289.0,-283.0,-335.0,GdsrNGTLImperial20251019.csv
2025-10-19,2025-10-20,GORDONDALE,Interconnect Flow,283.0,277.0,152.0,GdsrNGTLImperial20251019.csv
2025-10-19,2025-10-20,GROUNDBIRCH_EAST,Interconnect Flow,0.0,0.0,192.0,GdsrNGTLImperial20251019.csv
2025-10-19,2025-10-20,WILLOW_VALLEY,Interconnect Flow,-230.0,-225.0,-267.0,GdsrNGTLImperial20251019.csv
2025-10-19,2025-10-20,INTRAPROVINCIAL,Internal Delivery,-9723.0,-5818.0,-9352.0,GdsrNGTLImperial20251019.csv
2025-10-19,2025-10-20,TOTAL_NET_STORAGE,Storage,-268.0,-482.0,80.0,GdsrNGTLImperial20251019.csv
2025-10-19,2025-10-20,TOTAL_STORAGE_DELIVERIES,Storage,-2055.0,-482.0,-1652.0,GdsrNGTLImperial20251019.csv
2025-10-19,2025-10-20,TOTAL_STORAGE_RECEIPTS,Storage,1787.0,0.0,1732.0,GdsrNGTLImperial20251019.csv
2025-10-19,2025-10-20,TOTAL_NGTL_DELIVERIES,System Total,-20030.0,-14591.0,-19194.0,GdsrNGTLImperial20251019.csv
2025-10-19,2025-10-20,TOTAL_NGTL_RECEIPTS,System Total,24639.0,14125.0,24648.0,GdsrNGTLImperial20251019.csv
2025-10-19,2025-10-20,TOTAL_STORAGE_AND_INTRAPROVINCIAL,System Total,-11777.0,-6300.0,-11003.0,GdsrNGTLImperial20251019.csv
2025-10-20,2025-10-21,ALBERTA_BC,Border Flow,-2557.0,-2596.0,-2548.0,GdsrNGTLImperial20251020.csv
2025-10-20,2025-10-21,EMPRESS,Border Flow,-4556.0,-4520.0,-4350.0,GdsrNGTLImperial20251020.csv
2025-10-20,2025-10-21,MCNEILL,Border Flow,-676.0,-640.0,-648.0,GdsrNGTLImperial20251020.csv
2025-10-20,2025-10-21,OTHER_BORDERS,Border Flow,-296.0,-289.0,-309.0,GdsrNGTLImperial20251020.csv
2025-10-20,2025-10-21,GORDONDALE,Interconnect Flow,150.0,150.0,147.0,GdsrNGTLImperial20251020.csv
2025-10-20,2025-10-21,GROUNDBIRCH_EAST,Interconnect Flow,222.0,209.0,272.0,GdsrNGTLImperial20251020.csv
2025-10-20,2025-10-21,WILLOW_VALLEY,Interconnect Flow,-192.0,-195.0,-13.0,GdsrNGTLImperial20251020.csv
2025-10-20,2025-10-21,INTRAPROVINCIAL,Internal Delivery,-9815.0,-6005.0,-9338.0,GdsrNGTLImperial20251020.csv
2025-10-20,2025-10-21,TOTAL_NET_STORAGE,Storage,724.0,634.0,-284.0,GdsrNGTLImperial20251020.csv
2025-10-20,2025-10-21,TOTAL_STORAGE_DELIVERIES,Storage,-1857.0,-163.0,-1797.0,GdsrNGTLImperial20251020.csv
2025-10-20,2025-10-21,TOTAL_STORAGE_RECEIPTS,Storage,2581.0,797.0,1513.0,GdsrNGTLImperial20251020.csv
2025-10-20,2025-10-21,TOTAL_NGTL_DELIVERIES,System Total,-19949.0,-14409.0,-19003.0,GdsrNGTLImperial20251020.csv
2025-10-20,2025-10-21,TOTAL_NGTL_RECEIPTS,System Total,25524.0,14838.0,24506.0,GdsrNGTLImperial20251020.csv
2025-10-20,2025-10-21,TOTAL_STORAGE_AND_INTRAPROVINCIAL,System Total,-11672.0,-6168.0,-11135.0,GdsrNGTLImperial20251020.csv
2025-10-21,2025-10-22,ALBERTA_BC,Border Flow,-2566.0,-2574.0,-2551.0,GdsrNGTLImperial20251021.csv
2025-10-21,2025-10-22,EMPRESS,Border Flow,-4479.0,-4367.0,-4381.0,GdsrNGTLImperial20251021.csv
2025-10-21,2025-10-22,MCNEILL,Border Flow,-639.0,-596.0,-600.0,GdsrNGTLImperial20251021.csv
2025-10-21,2025-10-22,OTHER_BORDERS,Border Flow,-320.0,-333.0,-323.0,GdsrNGTLImperial20251021.csv
2025-10-21,2025-10-22,GORDONDALE,Interconnect Flow,146.0,151.0,146.0,GdsrNGTLImperial20251021.csv
2025-10-21,2025-10-22,GROUNDBIRCH_EAST,Interconnect Flow,277.0,269.0,342.0,GdsrNGTLImperial20251021.csv
2025-10-21,2025-10-22,WILLOW_VALLEY,Interconnect Flow,-16.0,-15.0,-11.0,GdsrNGTLImperial20251021.csv
2025-10-21,2025-10-22,INTRAPROVINCIAL,Internal Delivery,-9782.0,-6039.0,-9354.0,GdsrNGTLImperial20251021.csv
2025-10-21,2025-10-22,TOTAL_NET_STORAGE,Storage,-117.0,76.0,-143.0,GdsrNGTLImperial20251021.csv
2025-10-21,2025-10-22,TOTAL_STORAGE_DELIVERIES,Storage,-1912.0,-167.0,-1693.0,GdsrNGTLImperial20251021.csv
2025-10-21,2025-10-22,TOTAL_STORAGE_RECEIPTS,Storage,1795.0,244.0,1550.0,GdsrNGTLImperial20251021.csv
2025-10-21,2025-10-22,TOTAL_NGTL_DELIVERIES,System Total,-19715.0,-14092.0,-18912.0,GdsrNGTLImperial20251021.csv
2025-10-21,2025-10-22,TOTAL_NGTL_RECEIPTS,System Total,24545.0,14376.0,24622.0,GdsrNGTLImperial20251021.csv
2025-10-21,2025-10-22,TOTAL_STORAGE_AND_INTRAPROVINCIAL,System Total,-11694.0,-6206.0,-11047.0,GdsrNGTLImperial20251021.csv
2025-10-22,2025-10-23,ALBERTA_BC,Border Flow,-2566.0,-2553.0,-2519.0,GdsrNGTLImperial20251022.csv
2025-10-22,2025-10-23,EMPRESS,Border Flow,-4530.0,-4529.0,-4411.0,GdsrNGTLImperial20251022.csv
2025-10-22,2025-10-23,MCNEILL,Border Flow,-613.0,-642.0,-731.0,GdsrNGTLImperial20251022.csv
2025-10-22,2025-10-23,OTHER_BORDERS,Border Flow,-335.0,-325.0,-364.0,GdsrNGTLImperial20251022.csv
2025-10-22,2025-10-23,GORDONDALE,Interconnect Flow,146.0,139.0,127.0,GdsrNGTLImperial20251022.csv
2025-10-22,2025-10-23,GROUNDBIRCH_EAST,Interconnect Flow,341.0,325.0,261.0,GdsrNGTLImperial20251022.csv
2025-10-22,2025-10-23,WILLOW_VALLEY,Interconnect Flow,-11.0,-12.0,-17.0,GdsrNGTLImperial20251022.csv
2025-10-22,2025-10-23,INTRAPROVINCIAL,Internal Delivery,-9886.0,-5954.0,-9463.0,GdsrNGTLImperial20251022.csv
2025-10-22,2025-10-23,TOTAL_NET_STORAGE,Storage,-213.0,-113.0,-246.0,GdsrNGTLImperial20251022.csv
2025-10-22,2025-10-23,TOTAL_STORAGE_DELIVERIES,Storage,-1862.0,-167.0,-1756.0,GdsrNGTLImperial20251022.csv
2025-10-22,2025-10-23,TOTAL_STORAGE_RECEIPTS,Storage,1648.0,53.0,1510.0,GdsrNGTLImperial20251022.csv
2025-10-22,2025-10-23,TOTAL_NGTL_DELIVERIES,System Total,-19802.0,-14180.0,-19260.0,GdsrNGTLImperial20251022.csv
2025-10-22,2025-10-23,TOTAL_NGTL_RECEIPTS,System Total,24719.0,14435.0,24470.0,GdsrNGTLImperial20251022.csv
2025-10-22,2025-10-23,TOTAL_STORAGE_AND_INTRAPROVINCIAL,System Total,-11747.0,-6120.0,-11219.0,GdsrNGTLImperial20251022.csv
2025-10-23,2025-10-24,ALBERTA_BC,Border Flow,-2544.0,-2529.0,-2533.0,GdsrNGTLImperial20251023.csv
2025-10-23,2025-10-24,EMPRESS,Border Flow,-4584.0,-4504.0,-4437.0,GdsrNGTLImperial20251023.csv
2025-10-23,2025-10-24,MCNEILL,Border Flow,-718.0,-597.0,-728.0,GdsrNGTLImperial20251023.csv
2025-10-23,2025-10-24,OTHER_BORDERS,Border Flow,-329.0,-335.0,-341.0,GdsrNGTLImperial20251023.csv
2025-10-23,2025-10-24,GORDONDALE,Interconnect Flow,127.0,140.0,135.0,GdsrNGTLImperial20251023.csv
2025-10-23,2025-10-24,GROUNDBIRCH_EAST,Interconnect Flow,242.0,234.0,361.0,GdsrNGTLImperial20251023.csv
2025-10-23,2025-10-24,WILLOW_VALLEY,Interconnect Flow,-17.0,-17.0,-17.0,GdsrNGTLImperial20251023.csv
2025-10-23,2025-10-24,INTRAPROVINCIAL,Internal Delivery,-9950.0,-5924.0,-9491.0,GdsrNGTLImperial20251023.csv
2025-10-23,2025-10-24,TOTAL_NET_STORAGE,Storage,-317.0,-184.0,-336.0,GdsrNGTLImperial20251023.csv
2025-10-23,2025-10-24,TOTAL_STORAGE_DELIVERIES,Storage,-1872.0,-296.0,-1842.0,GdsrNGTLImperial20251023.csv
2025-10-23,2025-10-24,TOTAL_STORAGE_RECEIPTS,Storage,1555.0,112.0,1505.0,GdsrNGTLImperial20251023.csv
2025-10-23,2025-10-24,TOTAL_NGTL_DELIVERIES,System Total,-20012.0,-14202.0,-19388.0,GdsrNGTLImperial20251023.csv
2025-10-23,2025-10-24,TOTAL_NGTL_RECEIPTS,System Total,24495.0,14704.0,24573.0,GdsrNGTLImperial20251023.csv
2025-10-23,2025-10-24,TOTAL_STORAGE_AND_INTRAPROVINCIAL,System Total,-11822.0,-6220.0,-11332.0,GdsrNGTLImperial20251023.csv
2025-10-24,2025-10-25,ALBERTA_BC,Border Flow,-2548.0,-2563.0,-2629.0,GdsrNGTLImperial20251024.csv
2025-10-24,2025-10-25,EMPRESS,Border Flow,-4503.0,-4544.0,-4305.0,GdsrNGTLImperial20251024.csv
2025-10-24,2025-10-25,MCNEILL,Border Flow,-636.0,-669.0,-696.0,GdsrNGTLImperial20251024.csv
2025-10-24,2025-10-25,OTHER_BORDERS,Border Flow,-332.0,-351.0,-343.0,GdsrNGTLImperial20251024.csv
2025-10-24,2025-10-25,GORDONDALE,Interconnect Flow,129.0,137.0,145.0,GdsrNGTLImperial20251024.csv
2025-10-24,2025-10-25,GROUNDBIRCH_EAST,Interconnect Flow,454.0,422.0,388.0,GdsrNGTLImperial20251024.csv
2025-10-24,2025-10-25,WILLOW_VALLEY,Interconnect Flow,-16.0,-17.0,-15.0,GdsrNGTLImperial20251024.csv
2025-10-24,2025-10-25,INTRAPROVINCIAL,Internal Delivery,-9939.0,-5992.0,-9525.0,GdsrNGTLImperial20251024.csv
2025-10-24,2025-10-25,TOTAL_NET_STORAGE,Storage,-657.0,-587.0,-318.0,GdsrNGTLImperial20251024.csv
2025-10-24,2025-10-25,TOTAL_STORAGE_DELIVERIES,Storage,-2186.0,-587.0,-1831.0,GdsrNGTLImperial20251024.csv
2025-10-24,2025-10-25,TOTAL_STORAGE_RECEIPTS,Storage,1529.0,0.0,1513.0,GdsrNGTLImperial20251024.csv
2025-10-24,2025-10-25,TOTAL_NGTL_DELIVERIES,System Total,-20172.0,-14722.0,-19343.0,GdsrNGTLImperial20251024.csv
2025-10-24,2025-10-25,TOTAL_NGTL_RECEIPTS,System Total,24694.0,14806.0,24619.0,GdsrNGTLImperial20251024.csv
2025-10-24,2025-10-25,TOTAL_STORAGE_AND_INTRAPROVINCIAL,System Total,-12125.0,-6578.0,-11356.0,GdsrNGTLImperial20251024.csv
2025-10-25,2025-10-26,ALBERTA_BC,Border Flow,-2638.0,-2679.0,-2625.0,GdsrNGTLImperial20251025.csv
2025-10-25,2025-10-26,EMPRESS,Border Flow,-4459.0,-4434.0,-4295.0,GdsrNGTLImperial20251025.csv
2025-10-25,2025-10-26,MCNEILL,Border Flow,-679.0,-859.0,-623.0,GdsrNGTLImperial20251025.csv
2025-10-25,2025-10-26,OTHER_BORDERS,Border Flow,-342.0,-331.0,-347.0,GdsrNGTLImperial20251025.csv
2025-10-25,2025-10-26,GORDONDALE,Interconnect Flow,145.0,142.0,147.0,GdsrNGTLImperial20251025.csv
2025-10-25,2025-10-26,GROUNDBIRCH_EAST,Interconnect Flow,383.0,385.0,387.0,GdsrNGTLImperial20251025.csv
2025-10-25,2025-10-26,WILLOW_VALLEY,Interconnect Flow,-15.0,-14.0,-15.0,GdsrNGTLImperial20251025.csv
2025-10-25,2025-10-26,INTRAPROVINCIAL,Internal Delivery,-9971.0,-6117.0,-9508.0,GdsrNGTLImperial20251025.csv
2025-10-25,2025-10-26,TOTAL_NET_STORAGE,Storage,-552.0,-590.0,-554.0,GdsrNGTLImperial20251025.csv
2025-10-25,2025-10-26,TOTAL_STORAGE_DELIVERIES,Storage,-2122.0,-590.0,-2066.0,GdsrNGTLImperial20251025.csv
2025-10-25,2025-10-26,TOTAL_STORAGE_RECEIPTS,Storage,1570.0,0.0,1512.0,GdsrNGTLImperial20251025.csv
2025-10-25,2025-10-26,TOTAL_NGTL_DELIVERIES,System Total,-20226.0,-15023.0,-19479.0,GdsrNGTLImperial20251025.csv
2025-10-25,2025-10-26,TOTAL_NGTL_RECEIPTS,System Total,24671.0,14822.0,24619.0,GdsrNGTLImperial20251025.csv
2025-10-25,2025-10-26,TOTAL_STORAGE_AND_INTRAPROVINCIAL,System Total,-12093.0,-6707.0,-11574.0,GdsrNGTLImperial20251025.csv
2025-10-26,2025-10-27,ALBERTA_BC,Border Flow,-2641.0,-2637.0,-2458.0,GdsrNGTLImperial20251026.csv
2025-10-26,2025-10-27,EMPRESS,Border Flow,-4447.0,-4611.0,-4329.0,GdsrNGTLImperial20251026.csv
2025-10-26,2025-10-27,MCNEILL,Border Flow,-649.0,-626.0,-689.0,GdsrNGTLImperial20251026.csv
2025-10-26,2025-10-27,OTHER_BORDERS,Border Flow,-346.0,-341.0,-396.0,GdsrNGTLImperial20251026.csv
2025-10-26,2025-10-27,GORDONDALE,Interconnect Flow,147.0,138.0,119.0,GdsrNGTLImperial20251026.csv
2025-10-26,2025-10-27,GROUNDBIRCH_EAST,Interconnect Flow,341.0,362.0,267.0,GdsrNGTLImperial20251026.csv
2025-10-26,2025-10-27,WILLOW_VALLEY,Interconnect Flow,-15.0,-15.0,-17.0,GdsrNGTLImperial20251026.csv
2025-10-26,2025-10-27,INTRAPROVINCIAL,Internal Delivery,-9941.0,-6224.0,-9454.0,GdsrNGTLImperial20251026.csv
2025-10-26,2025-10-27,TOTAL_NET_STORAGE,Storage,-602.0,-572.0,-260.0,GdsrNGTLImperial20251026.csv
2025-10-26,2025-10-27,TOTAL_STORAGE_DELIVERIES,Storage,-2179.0,-572.0,-1772.0,GdsrNGTLImperial20251026.csv
2025-10-26,2025-10-27,TOTAL_STORAGE_RECEIPTS,Storage,1577.0,0.0,1512.0,GdsrNGTLImperial20251026.csv
2025-10-26,2025-10-27,TOTAL_NGTL_DELIVERIES,System Total,-20219.0,-15027.0,-19116.0,GdsrNGTLImperial20251026.csv
2025-10-26,2025-10-27,TOTAL_NGTL_RECEIPTS,System Total,24638.0,15000.0,20825.0,GdsrNGTLImperial20251026.csv
2025-10-26,2025-10-27,TOTAL_STORAGE_AND_INTRAPROVINCIAL,System Total,-12121.0,-6796.0,-11226.0,GdsrNGTLImperial20251026.csv
2025-10-27,2025-10-28,ALBERTA_BC,Border Flow,-2458.0,-2395.0,-2466.0,GdsrNGTLImperial20251027.csv
2025-10-27,2025-10-28,EMPRESS,Border Flow,-4482.0,-4499.0,-4266.0,GdsrNGTLImperial20251027.csv
2025-10-27,2025-10-28,MCNEILL,Border Flow,-627.0,-629.0,-537.0,GdsrNGTLImperial20251027.csv
2025-10-27,2025-10-28,OTHER_BORDERS,Border Flow,-337.0,-360.0,-457.0,GdsrNGTLImperial20251027.csv
2025-10-27,2025-10-28,GORDONDALE,Interconnect Flow,136.0,120.0,91.0,GdsrNGTLImperial20251027.csv
2025-10-27,2025-10-28,GROUNDBIRCH_EAST,Interconnect Flow,262.0,198.0,152.0,GdsrNGTLImperial20251027.csv
2025-10-27,2025-10-28,WILLOW_VALLEY,Interconnect Flow,-17.0,-17.0,-72.0,GdsrNGTLImperial20251027.csv
2025-10-27,2025-10-28,INTRAPROVINCIAL,Internal Delivery,-9904.0,-6280.0,-9481.0,GdsrNGTLImperial20251027.csv
2025-10-27,2025-10-28,TOTAL_NET_STORAGE,Storage,-419.0,-387.0,-156.0,GdsrNGTLImperial20251027.csv
2025-10-27,2025-10-28,TOTAL_STORAGE_DELIVERIES,Storage,-2053.0,-387.0,-1706.0,GdsrNGTLImperial20251027.csv
2025-10-27,2025-10-28,TOTAL_STORAGE_RECEIPTS,Storage,1633.0,0.0,1550.0,GdsrNGTLImperial20251027.csv
2025-10-27,2025-10-28,TOTAL_NGTL_DELIVERIES,System Total,-19878.0,-14568.0,-18985.0,GdsrNGTLImperial20251027.csv
2025-10-27,2025-10-28,TOTAL_NGTL_RECEIPTS,System Total,21033.0,14523.0,20802.0,GdsrNGTLImperial20251027.csv
2025-10-27,2025-10-28,TOTAL_STORAGE_AND_INTRAPROVINCIAL,System Total,-11957.0,-6667.0,-11187.0,GdsrNGTLImperial20251027.csv
2025-10-28,2025-10-29,ALBERTA_BC,Border Flow,-2473.0,-2497.0,-2457.0,GdsrNGTLImperial20251028.csv
2025-10-28,2025-10-29,EMPRESS,Border Flow,-4377.0,-4484.0,-4318.0,GdsrNGTLImperial20251028.csv
2025-10-28,2025-10-29,MCNEILL,Border Flow,-504.0,-509.0,-510.0,GdsrNGTLImperial20251028.csv
2025-10-28,2025-10-29,OTHER_BORDERS,Border Flow,-364.0,-327.0,-492.0,GdsrNGTLImperial20251028.csv
2025-10-28,2025-10-29,GORDONDALE,Interconnect Flow,112.0,108.0,177.0,GdsrNGTLImperial20251028.csv
2025-10-28,2025-10-29,GROUNDBIRCH_EAST,Interconnect Flow,186.0,202.0,258.0,GdsrNGTLImperial20251028.csv
2025-10-28,2025-10-29,WILLOW_VALLEY,Interconnect Flow,-62.0,-62.0,-15.0,GdsrNGTLImperial20251028.csv
2025-10-28,2025-10-29,INTRAPROVINCIAL,Internal Delivery,-10023.0,-6209.0,-9588.0,GdsrNGTLImperial20251028.csv
2025-10-28,2025-10-29,TOTAL_NET_STORAGE,Storage,-231.0,-214.0,-157.0,GdsrNGTLImperial20251028.csv
2025-10-28,2025-10-29,TOTAL_STORAGE_DELIVERIES,Storage,-1796.0,-214.0,-1673.0,GdsrNGTLImperial20251028.csv
2025-10-28,2025-10-29,TOTAL_STORAGE_RECEIPTS,Storage,1564.0,0.0,1516.0,GdsrNGTLImperial20251028.csv
2025-10-28,2025-10-29,TOTAL_NGTL_DELIVERIES,System Total,-19598.0,-14303.0,-19054.0,GdsrNGTLImperial20251028.csv
2025-10-28,2025-10-29,TOTAL_NGTL_RECEIPTS,System Total,21082.0,14317.0,21335.0,GdsrNGTLImperial20251028.csv
2025-10-28,2025-10-29,TOTAL_STORAGE_AND_INTRAPROVINCIAL,System Total,-11818.0,-6423.0,-11261.0,GdsrNGTLImperial20251028.csv
2025-10-29,2025-10-30,ALBERTA_BC,Border Flow,-2473.0,-2486.0,-2464.0,GdsrNGTLImperial20251029.csv
2025-10-29,2025-10-30,EMPRESS,Border Flow,-4457.0,-4459.0,-4427.0,GdsrNGTLImperial20251029.csv
2025-10-29,2025-10-30,MCNEILL,Border Flow,-580.0,-524.0,-452.0,GdsrNGTLImperial20251029.csv
2025-10-29,2025-10-30,OTHER_BORDERS,Border Flow,-409.0,-331.0,-442.0,GdsrNGTLImperial20251029.csv
2025-10-29,2025-10-30,GORDONDALE,Interconnect Flow,174.0,137.0,155.0,GdsrNGTLImperial20251029.csv
2025-10-29,2025-10-30,GROUNDBIRCH_EAST,Interconnect Flow,258.0,266.0,189.0,GdsrNGTLImperial20251029.csv
2025-10-29,2025-10-30,WILLOW_VALLEY,Interconnect Flow,-28.0,-30.0,-30.0,GdsrNGTLImperial20251029.csv
2025-10-29,2025-10-30,INTRAPROVINCIAL,Internal Delivery,-10179.0,-6266.0,-9755.0,GdsrNGTLImperial20251029.csv
2025-10-29,2025-10-30,TOTAL_NET_STORAGE,Storage,-330.0,-316.0,-142.0,GdsrNGTLImperial20251029.csv
2025-10-29,2025-10-30,TOTAL_STORAGE_DELIVERIES,Storage,-1957.0,-316.0,-1667.0,GdsrNGTLImperial20251029.csv
2025-10-29,2025-10-30,TOTAL_STORAGE_RECEIPTS,Storage,1628.0,0.0,1525.0,GdsrNGTLImperial20251029.csv
2025-10-29,2025-10-30,TOTAL_NGTL_DELIVERIES,System Total,-20084.0,-14412.0,-19237.0,GdsrNGTLImperial20251029.csv
2025-10-29,2025-10-30,TOTAL_NGTL_RECEIPTS,System Total,21460.0,14517.0,21278.0,GdsrNGTLImperial20251029.csv
2025-10-29,2025-10-30,TOTAL_STORAGE_AND_INTRAPROVINCIAL,System Total,-12136.0,-6582.0,-11422.0,GdsrNGTLImperial20251029.csv
2025-10-30,2025-10-31,ALBERTA_BC,Border Flow,-2450.0,-2487.0,-2453.0,GdsrNGTLImperial20251030.csv
2025-10-30,2025-10-31,EMPRESS,Border Flow,-4542.0,-4533.0,-4461.0,GdsrNGTLImperial20251030.csv
2025-10-30,2025-10-31,MCNEILL,Border Flow,-551.0,-517.0,-571.0,GdsrNGTLImperial20251030.csv
2025-10-30,2025-10-31,OTHER_BORDERS,Border Flow,-425.0,-348.0,-446.0,GdsrNGTLImperial20251030.csv
2025-10-30,2025-10-31,GORDONDALE,Interconnect Flow,155.0,115.0,116.0,GdsrNGTLImperial20251030.csv
2025-10-30,2025-10-31,GROUNDBIRCH_EAST,Interconnect Flow,223.0,219.0,149.0,GdsrNGTLImperial20251030.csv
2025-10-30,2025-10-31,WILLOW_VALLEY,Interconnect Flow,-25.0,-24.0,-37.0,GdsrNGTLImperial20251030.csv
2025-10-30,2025-10-31,INTRAPROVINCIAL,Internal Delivery,-10457.0,-6471.0,-10040.0,GdsrNGTLImperial20251030.csv
2025-10-30,2025-10-31,TOTAL_NET_STORAGE,Storage,-152.0,-118.0,-157.0,GdsrNGTLImperial20251030.csv
2025-10-30,2025-10-31,TOTAL_STORAGE_DELIVERIES,Storage,-1676.0,-118.0,-1688.0,GdsrNGTLImperial20251030.csv
2025-10-30,2025-10-31,TOTAL_STORAGE_RECEIPTS,Storage,1525.0,0.0,1531.0,GdsrNGTLImperial20251030.csv
2025-10-30,2025-10-31,TOTAL_NGTL_DELIVERIES,System Total,-20127.0,-14499.0,-19696.0,GdsrNGTLImperial20251030.csv
2025-10-30,2025-10-31,TOTAL_NGTL_RECEIPTS,System Total,21254.0,14615.0,21186.0,GdsrNGTLImperial20251030.csv
2025-10-30,2025-10-31,TOTAL_STORAGE_AND_INTRAPROVINCIAL,System Total,-12133.0,-6589.0,-11728.0,GdsrNGTLImperial20251030.csv
2025-10-31,2025-11-01,ALBERTA_BC,Border Flow,-2449.0,-2507.0,-2730.0,GdsrNGTLImperial20251031.csv
2025-10-31,2025-11-01,EMPRESS,Border Flow,-4578.0,-4428.0,-4387.0,GdsrNGTLImperial20251031.csv
2025-10-31,2025-11-01,MCNEILL,Border Flow,-617.0,-591.0,-606.0,GdsrNGTLImperial20251031.csv
2025-10-31,2025-11-01,OTHER_BORDERS,Border Flow,-409.0,-362.0,-263.0,GdsrNGTLImperial20251031.csv
2025-10-31,2025-11-01,GORDONDALE,Interconnect Flow,85.0,147.0,95.0,GdsrNGTLImperial20251031.csv
2025-10-31,2025-11-01,GROUNDBIRCH_EAST,Interconnect Flow,157.0,162.0,188.0,GdsrNGTLImperial20251031.csv
2025-10-31,2025-11-01,WILLOW_VALLEY,Interconnect Flow,-9.0,-20.0,0.0,GdsrNGTLImperial20251031.csv
2025-10-31,2025-11-01,INTRAPROVINCIAL,Internal Delivery,-10494.0,-6168.0,-10123.0,GdsrNGTLImperial20251031.csv
2025-10-31,2025-11-01,TOTAL_NET_STORAGE,Storage,-599.0,-515.0,-427.0,GdsrNGTLImperial20251031.csv
2025-10-31,2025-11-01,TOTAL_STORAGE_DELIVERIES,Storage,-2231.0,-516.0,-2009.0,GdsrNGTLImperial20251031.csv
2025-10-31,2025-11-01,TOTAL_STORAGE_RECEIPTS,Storage,1632.0,1.0,1583.0,GdsrNGTLImperial20251031.csv
2025-10-31,2025-11-01,TOTAL_NGTL_DELIVERIES,System Total,-20786.0,-14591.0,-20147.0,GdsrNGTLImperial20251031.csv
2025-10-31,2025-11-01,TOTAL_NGTL_RECEIPTS,System Total,21205.0,14903.0,23794.0,GdsrNGTLImperial20251031.csv
2025-10-31,2025-11-01,TOTAL_STORAGE_AND_INTRAPROVINCIAL,System Total,-12725.0,-6683.0,-12132.0,GdsrNGTLImperial20251031.csv
2025-11-01,2025-11-02,ALBERTA_BC,Border Flow,-2741.0,-2668.0,-2714.0,GdsrNGTLImperial20251101.csv
2025-11-01,2025-11-02,EMPRESS,Border Flow,-4524.0,-4492.0,-4407.0,GdsrNGTLImperial20251101.csv
2025-11-01,2025-11-02,MCNEILL,Border Flow,-627.0,-601.0,-652.0,GdsrNGTLImperial20251101.csv
2025-11-01,2025-11-02,OTHER_BORDERS,Border Flow,-273.0,-353.0,-273.0,GdsrNGTLImperial20251101.csv
2025-11-01,2025-11-02,GORDONDALE,Interconnect Flow,96.0,112.0,96.0,GdsrNGTLImperial20251101.csv
2025-11-01,2025-11-02,GROUNDBIRCH_EAST,Interconnect Flow,160.0,201.0,160.0,GdsrNGTLImperial20251101.csv
2025-11-01,2025-11-02,WILLOW_VALLEY,Interconnect Flow,-16.0,0.0,-16.0,GdsrNGTLImperial20251101.csv
2025-11-01,2025-11-02,INTRAPROVINCIAL,Internal Delivery,-10614.0,-6097.0,-10151.0,GdsrNGTLImperial20251101.csv
2025-11-01,2025-11-02,TOTAL_NET_STORAGE,Storage,-432.0,-493.0,-181.0,GdsrNGTLImperial20251101.csv
2025-11-01,2025-11-02,TOTAL_STORAGE_DELIVERIES,Storage,-2034.0,-493.0,-1781.0,GdsrNGTLImperial20251101.csv
2025-11-01,2025-11-02,TOTAL_STORAGE_RECEIPTS,Storage,1602.0,1.0,1600.0,GdsrNGTLImperial20251101.csv
2025-11-01,2025-11-02,TOTAL_NGTL_DELIVERIES,System Total,-20842.0,-14705.0,-20005.0,GdsrNGTLImperial20251101.csv
2025-11-01,2025-11-02,TOTAL_NGTL_RECEIPTS,System Total,23887.0,14971.0,23575.0,GdsrNGTLImperial20251101.csv
2025-11-01,2025-11-02,TOTAL_STORAGE_AND_INTRAPROVINCIAL,System Total,-12648.0,-6591.0,-11931.0,GdsrNGTLImperial20251101.csv
2025-11-02,2025-11-03,ALBERTA_BC,Border Flow,-2714.0,-2672.0,-2711.0,GdsrNGTLImperial20251102.csv
2025-11-02,2025-11-03,EMPRESS,Border Flow,-4498.0,-4551.0,-4349.0,GdsrNGTLImperial20251102.csv
2025-11-02,2025-11-03,MCNEILL,Border Flow,-627.0,-663.0,-603.0,GdsrNGTLImperial20251102.csv
2025-11-02,2025-11-03,OTHER_BORDERS,Border Flow,-274.0,-326.0,-263.0,GdsrNGTLImperial20251102.csv
2025-11-02,2025-11-03,GORDONDALE,Interconnect Flow,104.0,95.0,96.0,GdsrNGTLImperial20251102.csv
2025-11-02,2025-11-03,GROUNDBIRCH_EAST,Interconnect Flow,160.0,240.0,160.0,GdsrNGTLImperial20251102.csv
2025-11-02,2025-11-03,WILLOW_VALLEY,Interconnect Flow,-16.0,-3.0,-4.0,GdsrNGTLImperial20251102.csv
2025-11-02,2025-11-03,INTRAPROVINCIAL,Internal Delivery,-10659.0,-6226.0,-10115.0,GdsrNGTLImperial20251102.csv
2025-11-02,2025-11-03,TOTAL_NET_STORAGE,Storage,-642.0,-549.0,-48.0,GdsrNGTLImperial20251102.csv
2025-11-02,2025-11-03,TOTAL_STORAGE_DELIVERIES,Storage,-2248.0,-549.0,-1656.0,GdsrNGTLImperial20251102.csv
2025-11-02,2025-11-03,TOTAL_STORAGE_RECEIPTS,Storage,1605.0,0.0,1608.0,GdsrNGTLImperial20251102.csv
2025-11-02,2025-11-03,TOTAL_NGTL_DELIVERIES,System Total,-21047.0,-14991.0,-19712.0,GdsrNGTLImperial20251102.csv
2025-11-02,2025-11-03,TOTAL_NGTL_RECEIPTS,System Total,23970.0,15210.0,23965.0,GdsrNGTLImperial20251102.csv
2025-11-02,2025-11-03,TOTAL_STORAGE_AND_INTRAPROVINCIAL,System Total,-12907.0,-6776.0,-11771.0,GdsrNGTLImperial20251102.csv
2025-11-03,2025-11-04,ALBERTA_BC,Border Flow,-2715.0,-2717.0,-2772.0,GdsrNGTLImperial20251103.csv
2025-11-03,2025-11-04,EMPRESS,Border Flow,-4468.0,-4518.0,-4290.0,GdsrNGTLImperial20251103.csv
2025-11-03,2025-11-04,MCNEILL,Border Flow,-590.0,-639.0,-636.0,GdsrNGTLImperial20251103.csv
2025-11-03,2025-11-04,OTHER_BORDERS,Border Flow,-289.0,-326.0,-341.0,GdsrNGTLImperial20251103.csv
2025-11-03,2025-11-04,GORDONDALE,Interconnect Flow,113.0,89.0,138.0,GdsrNGTLImperial20251103.csv
2025-11-03,2025-11-04,GROUNDBIRCH_EAST,Interconnect Flow,346.0,288.0,399.0,GdsrNGTLImperial20251103.csv
2025-11-03,2025-11-04,WILLOW_VALLEY,Interconnect Flow,-1.0,-4.0,0.0,GdsrNGTLImperial20251103.csv
2025-11-03,2025-11-04,INTRAPROVINCIAL,Internal Delivery,-10639.0,-6515.0,-10175.0,GdsrNGTLImperial20251103.csv
2025-11-03,2025-11-04,TOTAL_NET_STORAGE,Storage,-505.0,-454.0,-17.0,GdsrNGTLImperial20251103.csv
2025-11-03,2025-11-04,TOTAL_STORAGE_DELIVERIES,Storage,-2122.0,-454.0,-1700.0,GdsrNGTLImperial20251103.csv
2025-11-03,2025-11-04,TOTAL_STORAGE_RECEIPTS,Storage,1617.0,0.0,1683.0,GdsrNGTLImperial20251103.csv
2025-11-03,2025-11-04,TOTAL_NGTL_DELIVERIES,System Total,-20835.0,-15174.0,-19925.0,GdsrNGTLImperial20251103.csv
2025-11-03,2025-11-04,TOTAL_NGTL_RECEIPTS,System Total,24181.0,15122.0,24332.0,GdsrNGTLImperial20251103.csv
2025-11-03,2025-11-04,TOTAL_STORAGE_AND_INTRAPROVINCIAL,System Total,-12761.0,-6970.0,-11875.0,GdsrNGTLImperial20251103.csv
2025-11-04,2025-11-05,ALBERTA_BC,Border Flow,-2764.0,-2757.0,-2716.0,GdsrNGTLImperial20251104.csv
2025-11-04,2025-11-05,EMPRESS,Border Flow,-4434.0,-4411.0,-4357.0,GdsrNGTLImperial20251104.csv
2025-11-04,2025-11-05,MCNEILL,Border Flow,-670.0,-619.0,-694.0,GdsrNGTLImperial20251104.csv
2025-11-04,2025-11-05,OTHER_BORDERS,Border Flow,-360.0,-360.0,-364.0,GdsrNGTLImperial20251104.csv
2025-11-04,2025-11-05,GORDONDALE,Interconnect Flow,198.0,189.0,166.0,GdsrNGTLImperial20251104.csv
2025-11-04,2025-11-05,GROUNDBIRCH_EAST,Interconnect Flow,410.0,403.0,279.0,GdsrNGTLImperial20251104.csv
2025-11-04,2025-11-05,WILLOW_VALLEY,Interconnect Flow,-16.0,-1.0,-50.0,GdsrNGTLImperial20251104.csv
2025-11-04,2025-11-05,INTRAPROVINCIAL,Internal Delivery,-10675.0,-6716.0,-10151.0,GdsrNGTLImperial20251104.csv
2025-11-04,2025-11-05,TOTAL_NET_STORAGE,Storage,-409.0,-361.0,-36.0,GdsrNGTLImperial20251104.csv
2025-11-04,2025-11-05,TOTAL_STORAGE_DELIVERIES,Storage,-2088.0,-361.0,-1728.0,GdsrNGTLImperial20251104.csv
2025-11-04,2025-11-05,TOTAL_STORAGE_RECEIPTS,Storage,1679.0,0.0,1692.0,GdsrNGTLImperial20251104.csv
2025-11-04,2025-11-05,TOTAL_NGTL_DELIVERIES,System Total,-21010.0,-15225.0,-20059.0,GdsrNGTLImperial20251104.csv
2025-11-04,2025-11-05,TOTAL_NGTL_RECEIPTS,System Total,24391.0,15550.0,24239.0,GdsrNGTLImperial20251104.csv
2025-11-04,2025-11-05,TOTAL_STORAGE_AND_INTRAPROVINCIAL,System Total,-12762.0,-7077.0,-11878.0,GdsrNGTLImperial20251104.csv
2025-11-05,2025-11-06,ALBERTA_BC,Border Flow,-2918.0,-2754.0,-2952.0,GdsrNGTLImperial20251105.csv
2025-11-05,2025-11-06,EMPRESS,Border Flow,-4440.0,-4469.0,-4477.0,GdsrNGTLImperial20251105.csv
2025-11-05,2025-11-06,MCNEILL,Border Flow,-717.0,-660.0,-731.0,GdsrNGTLImperial20251105.csv
2025-11-05,2025-11-06,OTHER_BORDERS,Border Flow,-351.0,-350.0,-365.0,GdsrNGTLImperial20251105.csv
2025-11-05,2025-11-06,GORDONDALE,Interconnect Flow,177.0,178.0,168.0,GdsrNGTLImperial20251105.csv
2025-11-05,2025-11-06,GROUNDBIRCH_EAST,Interconnect Flow,302.0,302.0,285.0,GdsrNGTLImperial20251105.csv
2025-11-05,2025-11-06,WILLOW_VALLEY,Interconnect Flow,-25.0,-26.0,-70.0,GdsrNGTLImperial20251105.csv
2025-11-05,2025-11-06,INTRAPROVINCIAL,Internal Delivery,-10650.0,-6488.0,-10159.0,GdsrNGTLImperial20251105.csv
2025-11-05,2025-11-06,TOTAL_NET_STORAGE,Storage,-346.0,-339.0,151.0,GdsrNGTLImperial20251105.csv
2025-11-05,2025-11-06,TOTAL_STORAGE_DELIVERIES,Storage,-2082.0,-339.0,-1828.0,GdsrNGTLImperial20251105.csv
2025-11-05,2025-11-06,TOTAL_STORAGE_RECEIPTS,Storage,1736.0,0.0,1979.0,GdsrNGTLImperial20251105.csv
2025-11-05,2025-11-06,TOTAL_NGTL_DELIVERIES,System Total,-21183.0,-15087.0,-20581.0,GdsrNGTLImperial20251105.csv
2025-11-05,2025-11-06,TOTAL_NGTL_RECEIPTS,System Total,24317.0,14954.0,24534.0,GdsrNGTLImperial20251105.csv
2025-11-05,2025-11-06,TOTAL_STORAGE_AND_INTRAPROVINCIAL,System Total,-12732.0,-6827.0,-11987.0,GdsrNGTLImperial20251105.csv
2025-11-06,2025-11-07,ALBERTA_BC,Border Flow,-3035.0,-2818.0,-3030.0,GdsrNGTLImperial20251106.csv
2025-11-06,2025-11-07,EMPRESS,Border Flow,-4563.0,-4536.0,-4535.0,GdsrNGTLImperial20251106.csv
2025-11-06,2025-11-07,MCNEILL,Border Flow,-737.0,-739.0,-768.0,GdsrNGTLImperial20251106.csv
2025-11-06,2025-11-07,OTHER_BORDERS,Border Flow,-305.0,-344.0,-307.0,GdsrNGTLImperial20251106.csv
2025-11-06,2025-11-07,GORDONDALE,Interconnect Flow,228.0,235.0,165.0,GdsrNGTLImperial20251106.csv
2025-11-06,2025-11-07,GROUNDBIRCH_EAST,Interconnect Flow,351.0,390.0,245.0,GdsrNGTLImperial20251106.csv
2025-11-06,2025-11-07,WILLOW_VALLEY,Interconnect Flow,-26.0,-32.0,-97.0,GdsrNGTLImperial20251106.csv
2025-11-06,2025-11-07,INTRAPROVINCIAL,Internal Delivery,-10627.0,-6635.0,-10163.0,GdsrNGTLImperial20251106.csv
2025-11-06,2025-11-07,TOTAL_NET_STORAGE,Storage,-72.0,-229.0,322.0,GdsrNGTLImperial20251106.csv
2025-11-06,2025-11-07,TOTAL_STORAGE_DELIVERIES,Storage,-2187.0,-378.0,-1647.0,GdsrNGTLImperial20251106.csv
2025-11-06,2025-11-07,TOTAL_STORAGE_RECEIPTS,Storage,2116.0,150.0,1969.0,GdsrNGTLImperial20251106.csv
2025-11-06,2025-11-07,TOTAL_NGTL_DELIVERIES,System Total,-21481.0,-15484.0,-20547.0,GdsrNGTLImperial20251106.csv
2025-11-06,2025-11-07,TOTAL_NGTL_RECEIPTS,System Total,24796.0,15348.0,24482.0,GdsrNGTLImperial20251106.csv
2025-11-06,2025-11-07,TOTAL_STORAGE_AND_INTRAPROVINCIAL,System Total,-12815.0,-7014.0,-11809.0,GdsrNGTLImperial20251106.csv
2025-11-07,2025-11-08,ALBERTA_BC,Border Flow,-3019.0,-2834.0,-2686.0,GdsrNGTLImperial20251107.csv
2025-11-07,2025-11-08,EMPRESS,Border Flow,-4656.0,-4692.0,-4473.0,GdsrNGTLImperial20251107.csv
2025-11-07,2025-11-08,MCNEILL,Border Flow,-764.0,-706.0,-644.0,GdsrNGTLImperial20251107.csv
2025-11-07,2025-11-08,OTHER_BORDERS,Border Flow,-289.0,-302.0,-280.0,GdsrNGTLImperial20251107.csv
2025-11-07,2025-11-08,GORDONDALE,Interconnect Flow,172.0,116.0,184.0,GdsrNGTLImperial20251107.csv
2025-11-07,2025-11-08,GROUNDBIRCH_EAST,Interconnect Flow,539.0,523.0,421.0,GdsrNGTLImperial20251107.csv
2025-11-07,2025-11-08,WILLOW_VALLEY,Interconnect Flow,-23.0,-24.0,-7.0,GdsrNGTLImperial20251107.csv
2025-11-07,2025-11-08,INTRAPROVINCIAL,Internal Delivery,-10612.0,-6718.0,-10184.0,GdsrNGTLImperial20251107.csv
2025-11-07,2025-11-08,TOTAL_NET_STORAGE,Storage,80.0,7.0,-172.0,GdsrNGTLImperial20251107.csv
2025-11-07,2025-11-08,TOTAL_STORAGE_DELIVERIES,Storage,-2122.0,-185.0,-1806.0,GdsrNGTLImperial20251107.csv
2025-11-07,2025-11-08,TOTAL_STORAGE_RECEIPTS,Storage,2202.0,192.0,1634.0,GdsrNGTLImperial20251107.csv
2025-11-07,2025-11-08,TOTAL_NGTL_DELIVERIES,System Total,-21486.0,-15461.0,-20080.0,GdsrNGTLImperial20251107.csv
2025-11-07,2025-11-08,TOTAL_NGTL_RECEIPTS,System Total,25031.0,15396.0,24361.0,GdsrNGTLImperial20251107.csv
2025-11-07,2025-11-08,TOTAL_STORAGE_AND_INTRAPROVINCIAL,System Total,-12734.0,-6903.0,-11989.0,GdsrNGTLImperial20251107.csv
2025-11-08,2025-11-09,ALBERTA_BC,Border Flow,-2691.0,-2824.0,-2688.0,GdsrNGTLImperial20251108.csv
2025-11-08,2025-11-09,EMPRESS,Border Flow,-4628.0,-4613.0,-4473.0,GdsrNGTLImperial20251108.csv
2025-11-08,2025-11-09,MCNEILL,Border Flow,-646.0,-685.0,-664.0,GdsrNGTLImperial20251108.csv
2025-11-08,2025-11-09,OTHER_BORDERS,Border Flow,-280.0,-296.0,-280.0,GdsrNGTLImperial20251108.csv
2025-11-08,2025-11-09,GORDONDALE,Interconnect Flow,183.0,199.0,183.0,GdsrNGTLImperial20251108.csv
2025-11-08,2025-11-09,GROUNDBIRCH_EAST,Interconnect Flow,421.0,422.0,419.0,GdsrNGTLImperial20251108.csv
2025-11-08,2025-11-09,WILLOW_VALLEY,Interconnect Flow,-7.0,-7.0,-53.0,GdsrNGTLImperial20251108.csv
2025-11-08,2025-11-09,INTRAPROVINCIAL,Internal Delivery,-10643.0,-6678.0,-10162.0,GdsrNGTLImperial20251108.csv
2025-11-08,2025-11-09,TOTAL_NET_STORAGE,Storage,34.0,12.0,-163.0,GdsrNGTLImperial20251108.csv
2025-11-08,2025-11-09,TOTAL_STORAGE_DELIVERIES,Storage,-1808.0,-199.0,-1806.0,GdsrNGTLImperial20251108.csv
2025-11-08,2025-11-09,TOTAL_STORAGE_RECEIPTS,Storage,1841.0,211.0,1642.0,GdsrNGTLImperial20251108.csv
2025-11-08,2025-11-09,TOTAL_NGTL_DELIVERIES,System Total,-20701.0,-15300.0,-20124.0,GdsrNGTLImperial20251108.csv
2025-11-08,2025-11-09,TOTAL_NGTL_RECEIPTS,System Total,24567.0,15328.0,24380.0,GdsrNGTLImperial20251108.csv
2025-11-08,2025-11-09,TOTAL_STORAGE_AND_INTRAPROVINCIAL,System Total,-12450.0,-6877.0,-11967.0,GdsrNGTLImperial20251108.csv
2025-11-09,2025-11-10,ALBERTA_BC,Border Flow,-2693.0,-2793.0,-2690.0,GdsrNGTLImperial20251109.csv
2025-11-09,2025-11-10,EMPRESS,Border Flow,-4576.0,-4456.0,-4202.0,GdsrNGTLImperial20251109.csv
2025-11-09,2025-11-10,MCNEILL,Border Flow,-667.0,-669.0,-548.0,GdsrNGTLImperial20251109.csv
2025-11-09,2025-11-10,OTHER_BORDERS,Border Flow,-280.0,-297.0,-365.0,GdsrNGTLImperial20251109.csv
2025-11-09,2025-11-10,GORDONDALE,Interconnect Flow,192.0,203.0,183.0,GdsrNGTLImperial20251109.csv
2025-11-09,2025-11-10,GROUNDBIRCH_EAST,Interconnect Flow,422.0,413.0,421.0,GdsrNGTLImperial20251109.csv
2025-11-09,2025-11-10,WILLOW_VALLEY,Interconnect Flow,-66.0,-66.0,-55.0,GdsrNGTLImperial20251109.csv
2025-11-09,2025-11-10,INTRAPROVINCIAL,Internal Delivery,-10646.0,-6331.0,-10146.0,GdsrNGTLImperial20251109.csv
2025-11-09,2025-11-10,TOTAL_NET_STORAGE,Storage,-185.0,-108.0,-23.0,GdsrNGTLImperial20251109.csv
2025-11-09,2025-11-10,TOTAL_STORAGE_DELIVERIES,Storage,-2079.0,-321.0,-1654.0,GdsrNGTLImperial20251109.csv
2025-11-09,2025-11-10,TOTAL_STORAGE_RECEIPTS,Storage,1894.0,213.0,1631.0,GdsrNGTLImperial20251109.csv
2025-11-09,2025-11-10,TOTAL_NGTL_DELIVERIES,System Total,-21007.0,-14933.0,-19661.0,GdsrNGTLImperial20251109.csv
2025-11-09,2025-11-10,TOTAL_NGTL_RECEIPTS,System Total,24642.0,15101.0,24371.0,GdsrNGTLImperial20251109.csv
2025-11-09,2025-11-10,TOTAL_STORAGE_AND_INTRAPROVINCIAL,System Total,-12725.0,-6653.0,-11800.0,GdsrNGTLImperial20251109.csv
2025-11-10,2025-11-11,ALBERTA_BC,Border Flow,-2729.0,-2774.0,-2721.0,GdsrNGTLImperial20251110.csv
2025-11-10,2025-11-11,EMPRESS,Border Flow,-4283.0,-4374.0,-4315.0,GdsrNGTLImperial20251110.csv
2025-11-10,2025-11-11,MCNEILL,Border Flow,-606.0,-593.0,-454.0,GdsrNGTLImperial20251110.csv
2025-11-10,2025-11-11,OTHER_BORDERS,Border Flow,-345.0,-335.0,-336.0,GdsrNGTLImperial20251110.csv
2025-11-10,2025-11-11,GORDONDALE,Interconnect Flow,185.0,179.0,122.0,GdsrNGTLImperial20251110.csv
2025-11-10,2025-11-11,GROUNDBIRCH_EAST,Interconnect Flow,386.0,387.0,323.0,GdsrNGTLImperial20251110.csv
2025-11-10,2025-11-11,WILLOW_VALLEY,Interconnect Flow,-80.0,-80.0,-80.0,GdsrNGTLImperial20251110.csv
2025-11-10,2025-11-11,INTRAPROVINCIAL,Internal Delivery,-10723.0,-6311.0,-10243.0,GdsrNGTLImperial20251110.csv
2025-11-10,2025-11-11,TOTAL_NET_STORAGE,Storage,-363.0,-305.0,-26.0,GdsrNGTLImperial20251110.csv
2025-11-10,2025-11-11,TOTAL_STORAGE_DELIVERIES,Storage,-2077.0,-305.0,-1676.0,GdsrNGTLImperial20251110.csv
2025-11-10,2025-11-11,TOTAL_STORAGE_RECEIPTS,Storage,1714.0,0.0,1651.0,GdsrNGTLImperial20251110.csv
2025-11-10,2025-11-11,TOTAL_NGTL_DELIVERIES,System Total,-20844.0,-14772.0,-19826.0,GdsrNGTLImperial20251110.csv
2025-11-10,2025-11-11,TOTAL_NGTL_RECEIPTS,System Total,24419.0,14825.0,24199.0,GdsrNGTLImperial20251110.csv
2025-11-10,2025-11-11,TOTAL_STORAGE_AND_INTRAPROVINCIAL,System Total,-12801.0,-6616.0,-11920.0,GdsrNGTLImperial20251110.csv
2025-11-11,2025-11-12,ALBERTA_BC,Border Flow,-2723.0,-2832.0,-2716.0,GdsrNGTLImperial20251111.csv
2025-11-11,2025-11-12,EMPRESS,Border Flow,-4374.0,-4449.0,-4338.0,GdsrNGTLImperial20251111.csv
2025-11-11,2025-11-12,MCNEILL,Border Flow,-460.0,-556.0,-456.0,GdsrNGTLImperial20251111.csv
2025-11-11,2025-11-12,OTHER_BORDERS,Border Flow,-336.0,-329.0,-336.0,GdsrNGTLImperial20251111.csv
2025-11-11,2025-11-12,GORDONDALE,Interconnect Flow,122.0,152.0,122.0,GdsrNGTLImperial20251111.csv
2025-11-11,2025-11-12,GROUNDBIRCH_EAST,Interconnect Flow,297.0,297.0,295.0,GdsrNGTLImperial20251111.csv
2025-11-11,2025-11-12,WILLOW_VALLEY,Interconnect Flow,-59.0,-59.0,-60.0,GdsrNGTLImperial20251111.csv
2025-11-11,2025-11-12,INTRAPROVINCIAL,Internal Delivery,-10732.0,-6466.0,-10211.0,GdsrNGTLImperial20251111.csv
2025-11-11,2025-11-12,TOTAL_NET_STORAGE,Storage,-293.0,-284.0,116.0,GdsrNGTLImperial20251111.csv
2025-11-11,2025-11-12,TOTAL_STORAGE_DELIVERIES,Storage,-1951.0,-284.0,-1610.0,GdsrNGTLImperial20251111.csv
2025-11-11,2025-11-12,TOTAL_STORAGE_RECEIPTS,Storage,1658.0,0.0,1726.0,GdsrNGTLImperial20251111.csv
2025-11-11,2025-11-12,TOTAL_NGTL_DELIVERIES,System Total,-20634.0,-14975.0,-19727.0,GdsrNGTLImperial20251111.csv
2025-11-11,2025-11-12,TOTAL_NGTL_RECEIPTS,System Total,24201.0,14730.0,24269.0,GdsrNGTLImperial20251111.csv
2025-11-11,2025-11-12,TOTAL_STORAGE_AND_INTRAPROVINCIAL,System Total,-12683.0,-6750.0,-11821.0,GdsrNGTLImperial20251111.csv
2025-11-12,2025-11-13,ALBERTA_BC,Border Flow,-2753.0,-2798.0,-2752.0,GdsrNGTLImperial20251112.csv
2025-11-12,2025-11-13,EMPRESS,Border Flow,-4398.0,-4248.0,-4285.0,GdsrNGTLImperial20251112.csv
2025-11-12,2025-11-13,MCNEILL,Border Flow,-461.0,-457.0,-481.0,GdsrNGTLImperial20251112.csv
2025-11-12,2025-11-13,OTHER_BORDERS,Border Flow,-342.0,-320.0,-350.0,GdsrNGTLImperial20251112.csv
2025-11-12,2025-11-13,GORDONDALE,Interconnect Flow,130.0,145.0,149.0,GdsrNGTLImperial20251112.csv
2025-11-12,2025-11-13,GROUNDBIRCH_EAST,Interconnect Flow,348.0,337.0,246.0,GdsrNGTLImperial20251112.csv
2025-11-12,2025-11-13,WILLOW_VALLEY,Interconnect Flow,-71.0,-71.0,-58.0,GdsrNGTLImperial20251112.csv
2025-11-12,2025-11-13,INTRAPROVINCIAL,Internal Delivery,-10716.0,-6627.0,-10213.0,GdsrNGTLImperial20251112.csv
2025-11-12,2025-11-13,TOTAL_NET_STORAGE,Storage,41.0,-11.0,38.0,GdsrNGTLImperial20251112.csv
2025-11-12,2025-11-13,TOTAL_STORAGE_DELIVERIES,Storage,-1666.0,-11.0,-1706.0,GdsrNGTLImperial20251112.csv
2025-11-12,2025-11-13,TOTAL_STORAGE_RECEIPTS,Storage,1707.0,0.0,1744.0,GdsrNGTLImperial20251112.csv
2025-11-12,2025-11-13,TOTAL_NGTL_DELIVERIES,System Total,-20406.0,-14533.0,-19845.0,GdsrNGTLImperial20251112.csv
2025-11-12,2025-11-13,TOTAL_NGTL_RECEIPTS,System Total,24298.0,14615.0,24247.0,GdsrNGTLImperial20251112.csv
2025-11-12,2025-11-13,TOTAL_STORAGE_AND_INTRAPROVINCIAL,System Total,-12382.0,-6638.0,-11919.0,GdsrNGTLImperial20251112.csv
2025-11-13,2025-11-14,ALBERTA_BC,Border Flow,-3029.0,-2910.0,-3058.0,GdsrNGTLImperial20251113.csv
2025-11-13,2025-11-14,EMPRESS,Border Flow,-4367.0,-4052.0,-4269.0,GdsrNGTLImperial20251113.csv
2025-11-13,2025-11-14,MCNEILL,Border Flow,-499.0,-519.0,-568.0,GdsrNGTLImperial20251113.csv
2025-11-13,2025-11-14,OTHER_BORDERS,Border Flow,-352.0,-342.0,-363.0,GdsrNGTLImperial20251113.csv
2025-11-13,2025-11-14,GORDONDALE,Interconnect Flow,189.0,185.0,149.0,GdsrNGTLImperial20251113.csv
2025-11-13,2025-11-14,GROUNDBIRCH_EAST,Interconnect Flow,285.0,158.0,279.0,GdsrNGTLImperial20251113.csv
2025-11-13,2025-11-14,WILLOW_VALLEY,Interconnect Flow,-12.0,-15.0,0.0,GdsrNGTLImperial20251113.csv
2025-11-13,2025-11-14,INTRAPROVINCIAL,Internal Delivery,-10725.0,-6459.0,-10216.0,GdsrNGTLImperial20251113.csv
2025-11-13,2025-11-14,TOTAL_NET_STORAGE,Storage,-169.0,-150.0,102.0,GdsrNGTLImperial20251113.csv
2025-11-13,2025-11-14,TOTAL_STORAGE_DELIVERIES,Storage,-1888.0,-150.0,-1656.0,GdsrNGTLImperial20251113.csv
2025-11-13,2025-11-14,TOTAL_STORAGE_RECEIPTS,Storage,1718.0,0.0,1758.0,GdsrNGTLImperial20251113.csv
2025-11-13,2025-11-14,TOTAL_NGTL_DELIVERIES,System Total,-20873.0,-14447.0,-20129.0,GdsrNGTLImperial20251113.csv
2025-11-13,2025-11-14,TOTAL_NGTL_RECEIPTS,System Total,24294.0,14984.0,24286.0,GdsrNGTLImperial20251113.csv
2025-11-13,2025-11-14,TOTAL_STORAGE_AND_INTRAPROVINCIAL,System Total,-12613.0,-6609.0,-11872.0,GdsrNGTLImperial20251113.csv
2025-11-14,2025-11-15,ALBERTA_BC,Border Flow,-3056.0,-2901.0,-2866.0,GdsrNGTLImperial20251114.csv
2025-11-14,2025-11-15,EMPRESS,Border Flow,-4337.0,-4640.0,-4491.0,GdsrNGTLImperial20251114.csv
2025-11-14,2025-11-15,MCNEILL,Border Flow,-570.0,-603.0,-753.0,GdsrNGTLImperial20251114.csv
2025-11-14,2025-11-15,OTHER_BORDERS,Border Flow,-356.0,-304.0,-293.0,GdsrNGTLImperial20251114.csv
2025-11-14,2025-11-15,GORDONDALE,Interconnect Flow,185.0,196.0,150.0,GdsrNGTLImperial20251114.csv
2025-11-14,2025-11-15,GROUNDBIRCH_EAST,Interconnect Flow,317.0,372.0,310.0,GdsrNGTLImperial20251114.csv
2025-11-14,2025-11-15,WILLOW_VALLEY,Interconnect Flow,0.0,0.0,0.0,GdsrNGTLImperial20251114.csv
2025-11-14,2025-11-15,INTRAPROVINCIAL,Internal Delivery,-10634.0,-6915.0,-10168.0,GdsrNGTLImperial20251114.csv
2025-11-14,2025-11-15,TOTAL_NET_STORAGE,Storage,-131.0,-98.0,110.0,GdsrNGTLImperial20251114.csv
2025-11-14,2025-11-15,TOTAL_STORAGE_DELIVERIES,Storage,-1884.0,-155.0,-1755.0,GdsrNGTLImperial20251114.csv
2025-11-14,2025-11-15,TOTAL_STORAGE_RECEIPTS,Storage,1753.0,57.0,1865.0,GdsrNGTLImperial20251114.csv
2025-11-14,2025-11-15,TOTAL_NGTL_DELIVERIES,System Total,-20838.0,-15518.0,-20326.0,GdsrNGTLImperial20251114.csv
2025-11-14,2025-11-15,TOTAL_NGTL_RECEIPTS,System Total,24352.0,15177.0,24411.0,GdsrNGTLImperial20251114.csv
2025-11-14,2025-11-15,TOTAL_STORAGE_AND_INTRAPROVINCIAL,System Total,-12518.0,-7071.0,-11923.0,GdsrNGTLImperial20251114.csv
2025-11-15,2025-11-16,ALBERTA_BC,Border Flow,-2948.0,-2887.0,-2324.0,GdsrNGTLImperial20251115.csv
2025-11-15,2025-11-16,EMPRESS,Border Flow,-4577.0,-4585.0,-4466.0,GdsrNGTLImperial20251115.csv
2025-11-15,2025-11-16,MCNEILL,Border Flow,-757.0,-699.0,-759.0,GdsrNGTLImperial20251115.csv
2025-11-15,2025-11-16,OTHER_BORDERS,Border Flow,-293.0,-308.0,-297.0,GdsrNGTLImperial20251115.csv
2025-11-15,2025-11-16,GORDONDALE,Interconnect Flow,158.0,154.0,149.0,GdsrNGTLImperial20251115.csv
2025-11-15,2025-11-16,GROUNDBIRCH_EAST,Interconnect Flow,309.0,400.0,309.0,GdsrNGTLImperial20251115.csv
2025-11-15,2025-11-16,WILLOW_VALLEY,Interconnect Flow,0.0,0.0,0.0,GdsrNGTLImperial20251115.csv
2025-11-15,2025-11-16,INTRAPROVINCIAL,Internal Delivery,-10610.0,-6738.0,-10176.0,GdsrNGTLImperial20251115.csv
2025-11-15,2025-11-16,TOTAL_NET_STORAGE,Storage,158.0,-102.0,-120.0,GdsrNGTLImperial20251115.csv
2025-11-15,2025-11-16,TOTAL_STORAGE_DELIVERIES,Storage,-1804.0,-239.0,-1850.0,GdsrNGTLImperial20251115.csv
2025-11-15,2025-11-16,TOTAL_STORAGE_RECEIPTS,Storage,1962.0,137.0,1730.0,GdsrNGTLImperial20251115.csv
2025-11-15,2025-11-16,TOTAL_NGTL_DELIVERIES,System Total,-20990.0,-15456.0,-19871.0,GdsrNGTLImperial20251115.csv
2025-11-15,2025-11-16,TOTAL_NGTL_RECEIPTS,System Total,24510.0,15284.0,24265.0,GdsrNGTLImperial20251115.csv
2025-11-15,2025-11-16,TOTAL_STORAGE_AND_INTRAPROVINCIAL,System Total,-12414.0,-6977.0,-12025.0,GdsrNGTLImperial20251115.csv
2025-11-16,2025-11-17,ALBERTA_BC,Border Flow,-2346.0,-2277.0,-2338.0,GdsrNGTLImperial20251116.csv
2025-11-16,2025-11-17,EMPRESS,Border Flow,-4590.0,-4589.0,-4459.0,GdsrNGTLImperial20251116.csv
2025-11-16,2025-11-17,MCNEILL,Border Flow,-752.0,-767.0,-750.0,GdsrNGTLImperial20251116.csv
2025-11-16,2025-11-17,OTHER_BORDERS,Border Flow,-298.0,-290.0,-298.0,GdsrNGTLImperial20251116.csv
2025-11-16,2025-11-17,GORDONDALE,Interconnect Flow,151.0,150.0,149.0,GdsrNGTLImperial20251116.csv
2025-11-16,2025-11-17,GROUNDBIRCH_EAST,Interconnect Flow,266.0,265.0,260.0,GdsrNGTLImperial20251116.csv
2025-11-16,2025-11-17,WILLOW_VALLEY,Interconnect Flow,-3.0,-3.0,-3.0,GdsrNGTLImperial20251116.csv
2025-11-16,2025-11-17,INTRAPROVINCIAL,Internal Delivery,-10606.0,-6564.0,-10163.0,GdsrNGTLImperial20251116.csv
2025-11-16,2025-11-17,TOTAL_NET_STORAGE,Storage,-139.0,-85.0,-3.0,GdsrNGTLImperial20251116.csv
2025-11-16,2025-11-17,TOTAL_STORAGE_DELIVERIES,Storage,-1986.0,-270.0,-1751.0,GdsrNGTLImperial20251116.csv
2025-11-16,2025-11-17,TOTAL_STORAGE_RECEIPTS,Storage,1847.0,185.0,1747.0,GdsrNGTLImperial20251116.csv
2025-11-16,2025-11-17,TOTAL_NGTL_DELIVERIES,System Total,-20581.0,-14761.0,-19762.0,GdsrNGTLImperial20251116.csv
2025-11-16,2025-11-17,TOTAL_NGTL_RECEIPTS,System Total,24343.0,15191.0,24261.0,GdsrNGTLImperial20251116.csv
2025-11-16,2025-11-17,TOTAL_STORAGE_AND_INTRAPROVINCIAL,System Total,-12593.0,-6834.0,-11914.0,GdsrNGTLImperial20251116.csv
2025-11-17,2025-11-18,ALBERTA_BC,Border Flow,-2351.0,-2170.0,-2327.0,GdsrNGTLImperial20251117.csv
2025-11-17,2025-11-18,EMPRESS,Border Flow,-4600.0,-4611.0,-4555.0,GdsrNGTLImperial20251117.csv
2025-11-17,2025-11-18,MCNEILL,Border Flow,-777.0,-778.0,-876.0,GdsrNGTLImperial20251117.csv
2025-11-17,2025-11-18,OTHER_BORDERS,Border Flow,-289.0,-281.0,-294.0,GdsrNGTLImperial20251117.csv
2025-11-17,2025-11-18,GORDONDALE,Interconnect Flow,143.0,141.0,123.0,GdsrNGTLImperial20251117.csv
2025-11-17,2025-11-18,GROUNDBIRCH_EAST,Interconnect Flow,224.0,223.0,208.0,GdsrNGTLImperial20251117.csv
2025-11-17,2025-11-18,WILLOW_VALLEY,Interconnect Flow,-21.0,-21.0,0.0,GdsrNGTLImperial20251117.csv
2025-11-17,2025-11-18,INTRAPROVINCIAL,Internal Delivery,-10585.0,-6735.0,-10157.0,GdsrNGTLImperial20251117.csv
2025-11-17,2025-11-18,TOTAL_NET_STORAGE,Storage,-200.0,-180.0,-72.0,GdsrNGTLImperial20251117.csv
2025-11-17,2025-11-18,TOTAL_STORAGE_DELIVERIES,Storage,-1996.0,-256.0,-1754.0,GdsrNGTLImperial20251117.csv
2025-11-17,2025-11-18,TOTAL_STORAGE_RECEIPTS,Storage,1796.0,77.0,1683.0,GdsrNGTLImperial20251117.csv
2025-11-17,2025-11-18,TOTAL_NGTL_DELIVERIES,System Total,-20619.0,-14852.0,-19962.0,GdsrNGTLImperial20251117.csv
2025-11-17,2025-11-18,TOTAL_NGTL_RECEIPTS,System Total,24264.0,15005.0,23998.0,GdsrNGTLImperial20251117.csv
2025-11-17,2025-11-18,TOTAL_STORAGE_AND_INTRAPROVINCIAL,System Total,-12581.0,-6991.0,-11911.0,GdsrNGTLImperial20251117.csv
2025-11-18,2025-11-19,ALBERTA_BC,Border Flow,-2328.0,-2417.0,-2347.0,GdsrNGTLImperial20251118.csv
2025-11-18,2025-11-19,EMPRESS,Border Flow,-4652.0,-4720.0,-4458.0,GdsrNGTLImperial20251118.csv
2025-11-18,2025-11-19,MCNEILL,Border Flow,-864.0,-867.0,-839.0,GdsrNGTLImperial20251118.csv
2025-11-18,2025-11-19,OTHER_BORDERS,Border Flow,-274.0,-271.0,-298.0,GdsrNGTLImperial20251118.csv
2025-11-18,2025-11-19,GORDONDALE,Interconnect Flow,132.0,170.0,139.0,GdsrNGTLImperial20251118.csv
2025-11-18,2025-11-19,GROUNDBIRCH_EAST,Interconnect Flow,217.0,221.0,208.0,GdsrNGTLImperial20251118.csv
2025-11-18,2025-11-19,WILLOW_VALLEY,Interconnect Flow,-9.0,-9.0,0.0,GdsrNGTLImperial20251118.csv
2025-11-18,2025-11-19,INTRAPROVINCIAL,Internal Delivery,-10590.0,-6865.0,-10164.0,GdsrNGTLImperial20251118.csv
2025-11-18,2025-11-19,TOTAL_NET_STORAGE,Storage,277.0,11.0,240.0,GdsrNGTLImperial20251118.csv
2025-11-18,2025-11-19,TOTAL_STORAGE_DELIVERIES,Storage,-1870.0,-114.0,-1576.0,GdsrNGTLImperial20251118.csv
2025-11-18,2025-11-19,TOTAL_STORAGE_RECEIPTS,Storage,2146.0,125.0,1816.0,GdsrNGTLImperial20251118.csv
2025-11-18,2025-11-19,TOTAL_NGTL_DELIVERIES,System Total,-20587.0,-15264.0,-19683.0,GdsrNGTLImperial20251118.csv
2025-11-18,2025-11-19,TOTAL_NGTL_RECEIPTS,System Total,24604.0,15020.0,24273.0,GdsrNGTLImperial20251118.csv
2025-11-18,2025-11-19,TOTAL_STORAGE_AND_INTRAPROVINCIAL,System Total,-12460.0,-6979.0,-11740.0,GdsrNGTLImperial20251118.csv
2025-11-19,2025-11-20,ALBERTA_BC,Border Flow,-2360.0,-2424.0,-2324.0,GdsrNGTLImperial20251119.csv
2025-11-19,2025-11-20,EMPRESS,Border Flow,-4628.0,-4642.0,-4592.0,GdsrNGTLImperial20251119.csv
2025-11-19,2025-11-20,MCNEILL,Border Flow,-859.0,-874.0,-824.0,GdsrNGTLImperial20251119.csv
2025-11-19,2025-11-20,OTHER_BORDERS,Border Flow,-265.0,-273.0,-290.0,GdsrNGTLImperial20251119.csv
2025-11-19,2025-11-20,GORDONDALE,Interconnect Flow,151.0,161.0,117.0,GdsrNGTLImperial20251119.csv
2025-11-19,2025-11-20,GROUNDBIRCH_EAST,Interconnect Flow,209.0,178.0,275.0,GdsrNGTLImperial20251119.csv
2025-11-19,2025-11-20,WILLOW_VALLEY,Interconnect Flow,-4.0,-8.0,0.0,GdsrNGTLImperial20251119.csv
2025-11-19,2025-11-20,INTRAPROVINCIAL,Internal Delivery,-10612.0,-6835.0,-10150.0,GdsrNGTLImperial20251119.csv
2025-11-19,2025-11-20,TOTAL_NET_STORAGE,Storage,349.0,232.0,61.0,GdsrNGTLImperial20251119.csv
2025-11-19,2025-11-20,TOTAL_STORAGE_DELIVERIES,Storage,-1702.0,-4.0,-1643.0,GdsrNGTLImperial20251119.csv
2025-11-19,2025-11-20,TOTAL_STORAGE_RECEIPTS,Storage,2050.0,236.0,1704.0,GdsrNGTLImperial20251119.csv
2025-11-19,2025-11-20,TOTAL_NGTL_DELIVERIES,System Total,-20430.0,-15060.0,-19823.0,GdsrNGTLImperial20251119.csv
2025-11-19,2025-11-20,TOTAL_NGTL_RECEIPTS,System Total,24522.0,15207.0,24207.0,GdsrNGTLImperial20251119.csv
2025-11-19,2025-11-20,TOTAL_STORAGE_AND_INTRAPROVINCIAL,System Total,-12314.0,-6840.0,-11793.0,GdsrNGTLImperial20251119.csv
2025-11-20,2025-11-21,ALBERTA_BC,Border Flow,-2349.0,-2485.0,-2333.0,GdsrNGTLImperial20251120.csv
2025-11-20,2025-11-21,EMPRESS,Border Flow,-4700.0,-4658.0,-4535.0,GdsrNGTLImperial20251120.csv
2025-11-20,2025-11-21,MCNEILL,Border Flow,-854.0,-824.0,-842.0,GdsrNGTLImperial20251120.csv
2025-11-20,2025-11-21,OTHER_BORDERS,Border Flow,-274.0,-281.0,-284.0,GdsrNGTLImperial20251120.csv
2025-11-20,2025-11-21,GORDONDALE,Interconnect Flow,95.0,95.0,47.0,GdsrNGTLImperial20251120.csv
2025-11-20,2025-11-21,GROUNDBIRCH_EAST,Interconnect Flow,296.0,253.0,150.0,GdsrNGTLImperial20251120.csv
2025-11-20,2025-11-21,WILLOW_VALLEY,Interconnect Flow,-7.0,-6.0,-12.0,GdsrNGTLImperial20251120.csv
2025-11-20,2025-11-21,INTRAPROVINCIAL,Internal Delivery,-10612.0,-6748.0,-10122.0,GdsrNGTLImperial20251120.csv
2025-11-20,2025-11-21,TOTAL_NET_STORAGE,Storage,169.0,182.0,68.0,GdsrNGTLImperial20251120.csv
2025-11-20,2025-11-21,TOTAL_STORAGE_DELIVERIES,Storage,-1761.0,-74.0,-1680.0,GdsrNGTLImperial20251120.csv
2025-11-20,2025-11-21,TOTAL_STORAGE_RECEIPTS,Storage,1930.0,256.0,1747.0,GdsrNGTLImperial20251120.csv
2025-11-20,2025-11-21,TOTAL_NGTL_DELIVERIES,System Total,-20577.0,-15077.0,-19808.0,GdsrNGTLImperial20251120.csv
2025-11-20,2025-11-21,TOTAL_NGTL_RECEIPTS,System Total,24454.0,15050.0,24068.0,GdsrNGTLImperial20251120.csv
2025-11-20,2025-11-21,TOTAL_STORAGE_AND_INTRAPROVINCIAL,System Total,-12374.0,-6822.0,-11801.0,GdsrNGTLImperial20251120.csv
2025-11-21,2025-11-22,ALBERTA_BC,Border Flow,-2350.0,-2465.0,-2333.0,GdsrNGTLImperial20251121.csv
2025-11-21,2025-11-22,EMPRESS,Border Flow,-4669.0,-4671.0,-4550.0,GdsrNGTLImperial20251121.csv
2025-11-21,2025-11-22,MCNEILL,Border Flow,-857.0,-817.0,-832.0,GdsrNGTLImperial20251121.csv
2025-11-21,2025-11-22,OTHER_BORDERS,Border Flow,-266.0,-275.0,-268.0,GdsrNGTLImperial20251121.csv
2025-11-21,2025-11-22,GORDONDALE,Interconnect Flow,35.0,38.0,108.0,GdsrNGTLImperial20251121.csv
2025-11-21,2025-11-22,GROUNDBIRCH_EAST,Interconnect Flow,150.0,151.0,155.0,GdsrNGTLImperial20251121.csv
2025-11-21,2025-11-22,WILLOW_VALLEY,Interconnect Flow,-12.0,-13.0,-12.0,GdsrNGTLImperial20251121.csv
2025-11-21,2025-11-22,INTRAPROVINCIAL,Internal Delivery,-10585.0,-6480.0,-10124.0,GdsrNGTLImperial20251121.csv
2025-11-21,2025-11-22,TOTAL_NET_STORAGE,Storage,160.0,114.0,-168.0,GdsrNGTLImperial20251121.csv
2025-11-21,2025-11-22,TOTAL_STORAGE_DELIVERIES,Storage,-1838.0,-179.0,-1845.0,GdsrNGTLImperial20251121.csv
2025-11-21,2025-11-22,TOTAL_STORAGE_RECEIPTS,Storage,1998.0,293.0,1677.0,GdsrNGTLImperial20251121.csv
2025-11-21,2025-11-22,TOTAL_NGTL_DELIVERIES,System Total,-20588.0,-14899.0,-19963.0,GdsrNGTLImperial20251121.csv
2025-11-21,2025-11-22,TOTAL_NGTL_RECEIPTS,System Total,24320.0,14940.0,24053.0,GdsrNGTLImperial20251121.csv
2025-11-21,2025-11-22,TOTAL_STORAGE_AND_INTRAPROVINCIAL,System Total,-12423.0,-6659.0,-11969.0,GdsrNGTLImperial20251121.csv
2025-11-22,2025-11-23,ALBERTA_BC,Border Flow,-2357.0,-2489.0,-2998.0,GdsrNGTLImperial20251122.csv
2025-11-22,2025-11-23,EMPRESS,Border Flow,-4696.0,-4652.0,-4563.0,GdsrNGTLImperial20251122.csv
2025-11-22,2025-11-23,MCNEILL,Border Flow,-830.0,-928.0,-834.0,GdsrNGTLImperial20251122.csv
2025-11-22,2025-11-23,OTHER_BORDERS,Border Flow,-269.0,-281.0,-269.0,GdsrNGTLImperial20251122.csv
2025-11-22,2025-11-23,GORDONDALE,Interconnect Flow,107.0,135.0,95.0,GdsrNGTLImperial20251122.csv
2025-11-22,2025-11-23,GROUNDBIRCH_EAST,Interconnect Flow,155.0,115.0,167.0,GdsrNGTLImperial20251122.csv
2025-11-22,2025-11-23,WILLOW_VALLEY,Interconnect Flow,-14.0,-14.0,-14.0,GdsrNGTLImperial20251122.csv
2025-11-22,2025-11-23,INTRAPROVINCIAL,Internal Delivery,-10562.0,-6489.0,-10134.0,GdsrNGTLImperial20251122.csv
2025-11-22,2025-11-23,TOTAL_NET_STORAGE,Storage,-23.0,187.0,-83.0,GdsrNGTLImperial20251122.csv
2025-11-22,2025-11-23,TOTAL_STORAGE_DELIVERIES,Storage,-1894.0,-179.0,-1763.0,GdsrNGTLImperial20251122.csv
2025-11-22,2025-11-23,TOTAL_STORAGE_RECEIPTS,Storage,1871.0,366.0,1680.0,GdsrNGTLImperial20251122.csv
2025-11-22,2025-11-23,TOTAL_NGTL_DELIVERIES,System Total,-20623.0,-15032.0,-20588.0,GdsrNGTLImperial20251122.csv
2025-11-22,2025-11-23,TOTAL_NGTL_RECEIPTS,System Total,24251.0,15270.0,24075.0,GdsrNGTLImperial20251122.csv
2025-11-22,2025-11-23,TOTAL_STORAGE_AND_INTRAPROVINCIAL,System Total,-12456.0,-6668.0,-11897.0,GdsrNGTLImperial20251122.csv
2025-11-23,2025-11-24,ALBERTA_BC,Border Flow,-3005.0,-3008.0,-2989.0,GdsrNGTLImperial20251123.csv
2025-11-23,2025-11-24,EMPRESS,Border Flow,-4655.0,-4690.0,-4561.0,GdsrNGTLImperial20251123.csv
2025-11-23,2025-11-24,MCNEILL,Border Flow,-835.0,-900.0,-837.0,GdsrNGTLImperial20251123.csv
2025-11-23,2025-11-24,OTHER_BORDERS,Border Flow,-268.0,-280.0,-266.0,GdsrNGTLImperial20251123.csv
2025-11-23,2025-11-24,GORDONDALE,Interconnect Flow,83.0,119.0,96.0,GdsrNGTLImperial20251123.csv
2025-11-23,2025-11-24,GROUNDBIRCH_EAST,Interconnect Flow,167.0,146.0,166.0,GdsrNGTLImperial20251123.csv
2025-11-23,2025-11-24,WILLOW_VALLEY,Interconnect Flow,-14.0,0.0,0.0,GdsrNGTLImperial20251123.csv
2025-11-23,2025-11-24,INTRAPROVINCIAL,Internal Delivery,-10589.0,-6899.0,-10160.0,GdsrNGTLImperial20251123.csv
2025-11-23,2025-11-24,TOTAL_NET_STORAGE,Storage,765.0,778.0,298.0,GdsrNGTLImperial20251123.csv
2025-11-23,2025-11-24,TOTAL_STORAGE_DELIVERIES,Storage,-2096.0,-11.0,-1582.0,GdsrNGTLImperial20251123.csv
2025-11-23,2025-11-24,TOTAL_STORAGE_RECEIPTS,Storage,2861.0,789.0,1880.0,GdsrNGTLImperial20251123.csv
2025-11-23,2025-11-24,TOTAL_NGTL_DELIVERIES,System Total,-21485.0,-15788.0,-20408.0,GdsrNGTLImperial20251123.csv
2025-11-23,2025-11-24,TOTAL_NGTL_RECEIPTS,System Total,25256.0,15639.0,24279.0,GdsrNGTLImperial20251123.csv
2025-11-23,2025-11-24,TOTAL_STORAGE_AND_INTRAPROVINCIAL,System Total,-12684.0,-6910.0,-11742.0,GdsrNGTLImperial20251123.csv
2025-11-24,2025-11-25,ALBERTA_BC,Border Flow,-2989.0,-3037.0,-2636.0,GdsrNGTLImperial20251124.csv
2025-11-24,2025-11-25,EMPRESS,Border Flow,-4680.0,-4684.0,-4668.0,GdsrNGTLImperial20251124.csv
2025-11-24,2025-11-25,MCNEILL,Border Flow,-814.0,-765.0,-781.0,GdsrNGTLImperial20251124.csv
2025-11-24,2025-11-25,OTHER_BORDERS,Border Flow,-307.0,-311.0,-320.0,GdsrNGTLImperial20251124.csv
2025-11-24,2025-11-25,GORDONDALE,Interconnect Flow,82.0,41.0,13.0,GdsrNGTLImperial20251124.csv
2025-11-24,2025-11-25,GROUNDBIRCH_EAST,Interconnect Flow,163.0,203.0,124.0,GdsrNGTLImperial20251124.csv
2025-11-24,2025-11-25,WILLOW_VALLEY,Interconnect Flow,-1.0,0.0,-1.0,GdsrNGTLImperial20251124.csv
2025-11-24,2025-11-25,INTRAPROVINCIAL,Internal Delivery,-10653.0,-7169.0,-10221.0,GdsrNGTLImperial20251124.csv
2025-11-24,2025-11-25,TOTAL_NET_STORAGE,Storage,1489.0,1527.0,537.0,GdsrNGTLImperial20251124.csv
2025-11-24,2025-11-25,TOTAL_STORAGE_DELIVERIES,Storage,-1675.0,0.0,-1581.0,GdsrNGTLImperial20251124.csv
2025-11-24,2025-11-25,TOTAL_STORAGE_RECEIPTS,Storage,3164.0,1527.0,2119.0,GdsrNGTLImperial20251124.csv
2025-11-24,2025-11-25,TOTAL_NGTL_DELIVERIES,System Total,-21143.0,-15965.0,-20241.0,GdsrNGTLImperial20251124.csv
2025-11-24,2025-11-25,TOTAL_NGTL_RECEIPTS,System Total,25560.0,16211.0,24415.0,GdsrNGTLImperial20251124.csv
2025-11-24,2025-11-25,TOTAL_STORAGE_AND_INTRAPROVINCIAL,System Total,-12328.0,-7169.0,-11802.0,GdsrNGTLImperial20251124.csv
2025-11-25,2025-11-26,ALBERTA_BC,Border Flow,-2641.0,-2661.0,-2701.0,GdsrNGTLImperial20251125.csv
2025-11-25,2025-11-26,EMPRESS,Border Flow,-4757.0,-4776.0,-4768.0,GdsrNGTLImperial20251125.csv
2025-11-25,2025-11-26,MCNEILL,Border Flow,-847.0,-810.0,-902.0,GdsrNGTLImperial20251125.csv
2025-11-25,2025-11-26,OTHER_BORDERS,Border Flow,-297.0,-295.0,-303.0,GdsrNGTLImperial20251125.csv
2025-11-25,2025-11-26,GORDONDALE,Interconnect Flow,18.0,34.0,62.0,GdsrNGTLImperial20251125.csv
2025-11-25,2025-11-26,GROUNDBIRCH_EAST,Interconnect Flow,124.0,125.0,198.0,GdsrNGTLImperial20251125.csv
2025-11-25,2025-11-26,WILLOW_VALLEY,Interconnect Flow,-21.0,-21.0,-21.0,GdsrNGTLImperial20251125.csv
2025-11-25,2025-11-26,INTRAPROVINCIAL,Internal Delivery,-10641.0,-7278.0,-10192.0,GdsrNGTLImperial20251125.csv
2025-11-25,2025-11-26,TOTAL_NET_STORAGE,Storage,1439.0,1572.0,829.0,GdsrNGTLImperial20251125.csv
2025-11-25,2025-11-26,TOTAL_STORAGE_DELIVERIES,Storage,-1679.0,0.0,-1687.0,GdsrNGTLImperial20251125.csv
2025-11-25,2025-11-26,TOTAL_STORAGE_RECEIPTS,Storage,3118.0,1572.0,2516.0,GdsrNGTLImperial20251125.csv
2025-11-25,2025-11-26,TOTAL_NGTL_DELIVERIES,System Total,-20912.0,-15843.0,-20590.0,GdsrNGTLImperial20251125.csv
2025-11-25,2025-11-26,TOTAL_NGTL_RECEIPTS,System Total,25415.0,16184.0,24809.0,GdsrNGTLImperial20251125.csv
2025-11-25,2025-11-26,TOTAL_STORAGE_AND_INTRAPROVINCIAL,System Total,-12320.0,-7279.0,-11879.0,GdsrNGTLImperial20251125.csv
2025-11-26,2025-11-27,ALBERTA_BC,Border Flow,-2706.0,-2774.0,-2705.0,GdsrNGTLImperial20251126.csv
2025-11-26,2025-11-27,EMPRESS,Border Flow,-4870.0,-4826.0,-4683.0,GdsrNGTLImperial20251126.csv
2025-11-26,2025-11-27,MCNEILL,Border Flow,-705.0,-727.0,-677.0,GdsrNGTLImperial20251126.csv
2025-11-26,2025-11-27,OTHER_BORDERS,Border Flow,-285.0,-306.0,-337.0,GdsrNGTLImperial20251126.csv
2025-11-26,2025-11-27,GORDONDALE,Interconnect Flow,62.0,35.0,62.0,GdsrNGTLImperial20251126.csv
2025-11-26,2025-11-27,GROUNDBIRCH_EAST,Interconnect Flow,232.0,262.0,221.0,GdsrNGTLImperial20251126.csv
2025-11-26,2025-11-27,WILLOW_VALLEY,Interconnect Flow,-4.0,-4.0,-4.0,GdsrNGTLImperial20251126.csv
2025-11-26,2025-11-27,INTRAPROVINCIAL,Internal Delivery,-10665.0,-7350.0,-10179.0,GdsrNGTLImperial20251126.csv
2025-11-26,2025-11-27,TOTAL_NET_STORAGE,Storage,1231.0,1090.0,845.0,GdsrNGTLImperial20251126.csv
2025-11-26,2025-11-27,TOTAL_STORAGE_DELIVERIES,Storage,-1922.0,-34.0,-1631.0,GdsrNGTLImperial20251126.csv
2025-11-26,2025-11-27,TOTAL_STORAGE_RECEIPTS,Storage,3153.0,1124.0,2476.0,GdsrNGTLImperial20251126.csv
2025-11-26,2025-11-27,TOTAL_NGTL_DELIVERIES,System Total,-21172.0,-16021.0,-20230.0,GdsrNGTLImperial20251126.csv
2025-11-26,2025-11-27,TOTAL_NGTL_RECEIPTS,System Total,25481.0,15750.0,24796.0,GdsrNGTLImperial20251126.csv
2025-11-26,2025-11-27,TOTAL_STORAGE_AND_INTRAPROVINCIAL,System Total,-12588.0,-7384.0,-11810.0,GdsrNGTLImperial20251126.csv
2025-11-27,2025-11-28,ALBERTA_BC,Border Flow,-2692.0,-2807.0,-3038.0,GdsrNGTLImperial20251127.csv
2025-11-27,2025-11-28,EMPRESS,Border Flow,-4767.0,-4798.0,-4681.0,GdsrNGTLImperial20251127.csv
2025-11-27,2025-11-28,MCNEILL,Border Flow,-615.0,-685.0,-721.0,GdsrNGTLImperial20251127.csv
2025-11-27,2025-11-28,OTHER_BORDERS,Border Flow,-310.0,-313.0,-345.0,GdsrNGTLImperial20251127.csv
2025-11-27,2025-11-28,GORDONDALE,Interconnect Flow,62.0,31.0,62.0,GdsrNGTLImperial20251127.csv
2025-11-27,2025-11-28,GROUNDBIRCH_EAST,Interconnect Flow,221.0,251.0,213.0,GdsrNGTLImperial20251127.csv
2025-11-27,2025-11-28,WILLOW_VALLEY,Interconnect Flow,-13.0,-13.0,0.0,GdsrNGTLImperial20251127.csv
2025-11-27,2025-11-28,INTRAPROVINCIAL,Internal Delivery,-10602.0,-7323.0,-10170.0,GdsrNGTLImperial20251127.csv
2025-11-27,2025-11-28,TOTAL_NET_STORAGE,Storage,1400.0,1404.0,929.0,GdsrNGTLImperial20251127.csv
2025-11-27,2025-11-28,TOTAL_STORAGE_DELIVERIES,Storage,-1752.0,0.0,-1609.0,GdsrNGTLImperial20251127.csv
2025-11-27,2025-11-28,TOTAL_STORAGE_RECEIPTS,Storage,3152.0,1404.0,2537.0,GdsrNGTLImperial20251127.csv
2025-11-27,2025-11-28,TOTAL_NGTL_DELIVERIES,System Total,-20764.0,-15939.0,-20577.0,GdsrNGTLImperial20251127.csv
2025-11-27,2025-11-28,TOTAL_NGTL_RECEIPTS,System Total,25494.0,15957.0,24882.0,GdsrNGTLImperial20251127.csv
2025-11-27,2025-11-28,TOTAL_STORAGE_AND_INTRAPROVINCIAL,System Total,-12354.0,-7323.0,-11779.0,GdsrNGTLImperial20251127.csv
2025-11-28,2025-11-29,ALBERTA_BC,Border Flow,-3017.0,-2870.0,-3040.0,GdsrNGTLImperial20251128.csv
2025-11-28,2025-11-29,EMPRESS,Border Flow,-4774.0,-4797.0,-4746.0,GdsrNGTLImperial20251128.csv
2025-11-28,2025-11-29,MCNEILL,Border Flow,-775.0,-756.0,-813.0,GdsrNGTLImperial20251128.csv
2025-11-28,2025-11-29,OTHER_BORDERS,Border Flow,-346.0,-332.0,-329.0,GdsrNGTLImperial20251128.csv
2025-11-28,2025-11-29,GORDONDALE,Interconnect Flow,62.0,62.0,62.0,GdsrNGTLImperial20251128.csv
2025-11-28,2025-11-29,GROUNDBIRCH_EAST,Interconnect Flow,204.0,204.0,204.0,GdsrNGTLImperial20251128.csv
2025-11-28,2025-11-29,WILLOW_VALLEY,Interconnect Flow,0.0,0.0,0.0,GdsrNGTLImperial20251128.csv
2025-11-28,2025-11-29,INTRAPROVINCIAL,Internal Delivery,-10624.0,-7463.0,-10167.0,GdsrNGTLImperial20251128.csv
2025-11-28,2025-11-29,TOTAL_NET_STORAGE,Storage,1922.0,1964.0,1768.0,GdsrNGTLImperial20251128.csv
2025-11-28,2025-11-29,TOTAL_STORAGE_DELIVERIES,Storage,-1811.0,0.0,-1608.0,GdsrNGTLImperial20251128.csv
2025-11-28,2025-11-29,TOTAL_STORAGE_RECEIPTS,Storage,3733.0,1964.0,3376.0,GdsrNGTLImperial20251128.csv
2025-11-28,2025-11-29,TOTAL_NGTL_DELIVERIES,System Total,-21359.0,-16219.0,-20716.0,GdsrNGTLImperial20251128.csv
2025-11-28,2025-11-29,TOTAL_NGTL_RECEIPTS,System Total,26070.0,16441.0,25711.0,GdsrNGTLImperial20251128.csv
2025-11-28,2025-11-29,TOTAL_STORAGE_AND_INTRAPROVINCIAL,System Total,-12434.0,-7463.0,-11775.0,GdsrNGTLImperial20251128.csv
2025-11-29,2025-11-30,ALBERTA_BC,Border Flow,-3038.0,-2909.0,-3028.0,GdsrNGTLImperial20251129.csv
2025-11-29,2025-11-30,EMPRESS,Border Flow,-4793.0,-4794.0,-4734.0,GdsrNGTLImperial20251129.csv
2025-11-29,2025-11-30,MCNEILL,Border Flow,-816.0,-870.0,-817.0,GdsrNGTLImperial20251129.csv
2025-11-29,2025-11-30,OTHER_BORDERS,Border Flow,-346.0,-335.0,-346.0,GdsrNGTLImperial20251129.csv
2025-11-29,2025-11-30,GORDONDALE,Interconnect Flow,62.0,76.0,62.0,GdsrNGTLImperial20251129.csv
2025-11-29,2025-11-30,GROUNDBIRCH_EAST,Interconnect Flow,196.0,187.0,204.0,GdsrNGTLImperial20251129.csv
2025-11-29,2025-11-30,WILLOW_VALLEY,Interconnect Flow,0.0,0.0,0.0,GdsrNGTLImperial20251129.csv
2025-11-29,2025-11-30,INTRAPROVINCIAL,Internal Delivery,-10635.0,-7623.0,-10163.0,GdsrNGTLImperial20251129.csv
2025-11-29,2025-11-30,TOTAL_NET_STORAGE,Storage,2007.0,2018.0,1645.0,GdsrNGTLImperial20251129.csv
2025-11-29,2025-11-30,TOTAL_STORAGE_DELIVERIES,Storage,-1771.0,0.0,-1609.0,GdsrNGTLImperial20251129.csv
2025-11-29,2025-11-30,TOTAL_STORAGE_RECEIPTS,Storage,3778.0,2018.0,3254.0,GdsrNGTLImperial20251129.csv
2025-11-29,2025-11-30,TOTAL_NGTL_DELIVERIES,System Total,-21414.0,-16531.0,-20710.0,GdsrNGTLImperial20251129.csv
2025-11-29,2025-11-30,TOTAL_NGTL_RECEIPTS,System Total,26104.0,16464.0,25589.0,GdsrNGTLImperial20251129.csv
2025-11-29,2025-11-30,TOTAL_STORAGE_AND_INTRAPROVINCIAL,System Total,-12407.0,-7623.0,-11772.0,GdsrNGTLImperial20251129.csv
2025-11-30,2025-12-01,ALBERTA_BC,Border Flow,-3023.0,-2920.0,-3022.0,GdsrNGTLImperial20251130.csv
2025-11-30,2025-12-01,EMPRESS,Border Flow,-4809.0,-4606.0,-4815.0,GdsrNGTLImperial20251130.csv
2025-11-30,2025-12-01,MCNEILL,Border Flow,-808.0,-856.0,-783.0,GdsrNGTLImperial20251130.csv
2025-11-30,2025-12-01,OTHER_BORDERS,Border Flow,-347.0,-339.0,-333.0,GdsrNGTLImperial20251130.csv
2025-11-30,2025-12-01,GORDONDALE,Interconnect Flow,62.0,39.0,98.0,GdsrNGTLImperial20251130.csv
2025-11-30,2025-12-01,GROUNDBIRCH_EAST,Interconnect Flow,204.0,204.0,140.0,GdsrNGTLImperial20251130.csv
2025-11-30,2025-12-01,WILLOW_VALLEY,Interconnect Flow,0.0,0.0,0.0,GdsrNGTLImperial20251130.csv
2025-11-30,2025-12-01,INTRAPROVINCIAL,Internal Delivery,-10623.0,-7354.0,-10084.0,GdsrNGTLImperial20251130.csv
2025-11-30,2025-12-01,TOTAL_NET_STORAGE,Storage,1955.0,1996.0,1975.0,GdsrNGTLImperial20251130.csv
2025-11-30,2025-12-01,TOTAL_STORAGE_DELIVERIES,Storage,-1821.0,0.0,-670.0,GdsrNGTLImperial20251130.csv
2025-11-30,2025-12-01,TOTAL_STORAGE_RECEIPTS,Storage,3776.0,1997.0,2645.0,GdsrNGTLImperial20251130.csv
2025-11-30,2025-12-01,TOTAL_NGTL_DELIVERIES,System Total,-21445.0,-16075.0,-19707.0,GdsrNGTLImperial20251130.csv
2025-11-30,2025-12-01,TOTAL_NGTL_RECEIPTS,System Total,26111.0,16658.0,24941.0,GdsrNGTLImperial20251130.csv
2025-11-30,2025-12-01,TOTAL_STORAGE_AND_INTRAPROVINCIAL,System Total,-12445.0,-7354.0,-10754.0,GdsrNGTLImperial20251130.csv
2025-12-01,2025-12-02,ALBERTA_BC,Border Flow,-3062.0,-3006.0,-3065.0,GdsrNGTLImperial20251201.csv
2025-12-01,2025-12-02,EMPRESS,Border Flow,-4915.0,-4650.0,-4813.0,GdsrNGTLImperial20251201.csv
2025-12-01,2025-12-02,MCNEILL,Border Flow,-845.0,-870.0,-834.0,GdsrNGTLImperial20251201.csv
2025-12-01,2025-12-02,OTHER_BORDERS,Border Flow,-338.0,-360.0,-376.0,GdsrNGTLImperial20251201.csv
2025-12-01,2025-12-02,GORDONDALE,Interconnect Flow,75.0,74.0,-20.0,GdsrNGTLImperial20251201.csv
2025-12-01,2025-12-02,GROUNDBIRCH_EAST,Interconnect Flow,140.0,141.0,123.0,GdsrNGTLImperial20251201.csv
2025-12-01,2025-12-02,WILLOW_VALLEY,Interconnect Flow,0.0,0.0,0.0,GdsrNGTLImperial20251201.csv
2025-12-01,2025-12-02,INTRAPROVINCIAL,Internal Delivery,-10551.0,-6854.0,-10082.0,GdsrNGTLImperial20251201.csv
2025-12-01,2025-12-02,TOTAL_NET_STORAGE,Storage,1795.0,1941.0,1591.0,GdsrNGTLImperial20251201.csv
2025-12-01,2025-12-02,TOTAL_STORAGE_DELIVERIES,Storage,-1257.0,0.0,-885.0,GdsrNGTLImperial20251201.csv
2025-12-01,2025-12-02,TOTAL_STORAGE_RECEIPTS,Storage,3052.0,1941.0,2476.0,GdsrNGTLImperial20251201.csv
2025-12-01,2025-12-02,TOTAL_NGTL_DELIVERIES,System Total,-20974.0,-15739.0,-20125.0,GdsrNGTLImperial20251201.csv
2025-12-01,2025-12-02,TOTAL_NGTL_RECEIPTS,System Total,25454.0,16602.0,24875.0,GdsrNGTLImperial20251201.csv
2025-12-01,2025-12-02,TOTAL_STORAGE_AND_INTRAPROVINCIAL,System Total,-11808.0,-6854.0,-10967.0,GdsrNGTLImperial20251201.csv
2025-12-02,2025-12-03,ALBERTA_BC,Border Flow,-3074.0,-3099.0,-2841.0,GdsrNGTLImperial20251202.csv
2025-12-02,2025-12-03,EMPRESS,Border Flow,-4895.0,-5099.0,-4649.0,GdsrNGTLImperial20251202.csv
2025-12-02,2025-12-03,MCNEILL,Border Flow,-861.0,-803.0,-868.0,GdsrNGTLImperial20251202.csv
2025-12-02,2025-12-03,OTHER_BORDERS,Border Flow,-376.0,-352.0,-382.0,GdsrNGTLImperial20251202.csv
2025-12-02,2025-12-03,GORDONDALE,Interconnect Flow,34.0,29.0,8.0,GdsrNGTLImperial20251202.csv
2025-12-02,2025-12-03,GROUNDBIRCH_EAST,Interconnect Flow,129.0,128.0,123.0,GdsrNGTLImperial20251202.csv
2025-12-02,2025-12-03,WILLOW_VALLEY,Interconnect Flow,0.0,0.0,0.0,GdsrNGTLImperial20251202.csv
2025-12-02,2025-12-03,INTRAPROVINCIAL,Internal Delivery,-10545.0,-7278.0,-10120.0,GdsrNGTLImperial20251202.csv
2025-12-02,2025-12-03,TOTAL_NET_STORAGE,Storage,1927.0,1896.0,1505.0,GdsrNGTLImperial20251202.csv
2025-12-02,2025-12-03,TOTAL_STORAGE_DELIVERIES,Storage,-1263.0,0.0,-1022.0,GdsrNGTLImperial20251202.csv
2025-12-02,2025-12-03,TOTAL_STORAGE_RECEIPTS,Storage,3190.0,1896.0,2526.0,GdsrNGTLImperial20251202.csv
2025-12-02,2025-12-03,TOTAL_NGTL_DELIVERIES,System Total,-21058.0,-16632.0,-19924.0,GdsrNGTLImperial20251202.csv
2025-12-02,2025-12-03,TOTAL_NGTL_RECEIPTS,System Total,25623.0,16600.0,24924.0,GdsrNGTLImperial20251202.csv
2025-12-02,2025-12-03,TOTAL_STORAGE_AND_INTRAPROVINCIAL,System Total,-11808.0,-7278.0,-11142.0,GdsrNGTLImperial20251202.csv
2025-12-03,2025-12-04,ALBERTA_BC,Border Flow,-2837.0,-3004.0,-2912.0,GdsrNGTLImperial20251203.csv
2025-12-03,2025-12-04,EMPRESS,Border Flow,-4782.0,-4959.0,-4723.0,GdsrNGTLImperial20251203.csv
2025-12-03,2025-12-04,MCNEILL,Border Flow,-894.0,-767.0,-845.0,GdsrNGTLImperial20251203.csv
2025-12-03,2025-12-04,OTHER_BORDERS,Border Flow,-376.0,-352.0,-360.0,GdsrNGTLImperial20251203.csv
2025-12-03,2025-12-04,GORDONDALE,Interconnect Flow,27.0,27.0,101.0,GdsrNGTLImperial20251203.csv
2025-12-03,2025-12-04,GROUNDBIRCH_EAST,Interconnect Flow,140.0,139.0,213.0,GdsrNGTLImperial20251203.csv
2025-12-03,2025-12-04,WILLOW_VALLEY,Interconnect Flow,-8.0,-8.0,-8.0,GdsrNGTLImperial20251203.csv
2025-12-03,2025-12-04,INTRAPROVINCIAL,Internal Delivery,-10572.0,-6882.0,-10087.0,GdsrNGTLImperial20251203.csv
2025-12-03,2025-12-04,TOTAL_NET_STORAGE,Storage,1464.0,1735.0,1216.0,GdsrNGTLImperial20251203.csv
2025-12-03,2025-12-04,TOTAL_STORAGE_DELIVERIES,Storage,-1529.0,0.0,-1103.0,GdsrNGTLImperial20251203.csv
2025-12-03,2025-12-04,TOTAL_STORAGE_RECEIPTS,Storage,2992.0,1735.0,2320.0,GdsrNGTLImperial20251203.csv
2025-12-03,2025-12-04,TOTAL_NGTL_DELIVERIES,System Total,-21022.0,-15972.0,-20038.0,GdsrNGTLImperial20251203.csv
2025-12-03,2025-12-04,TOTAL_NGTL_RECEIPTS,System Total,25408.0,16543.0,24858.0,GdsrNGTLImperial20251203.csv
2025-12-03,2025-12-04,TOTAL_STORAGE_AND_INTRAPROVINCIAL,System Total,-12101.0,-6882.0,-11191.0,GdsrNGTLImperial20251203.csv
2025-12-04,2025-12-05,ALBERTA_BC,Border Flow,-2900.0,-3101.0,-2980.0,GdsrNGTLImperial20251204.csv
2025-12-04,2025-12-05,EMPRESS,Border Flow,-4865.0,-4911.0,-4629.0,GdsrNGTLImperial20251204.csv
2025-12-04,2025-12-05,MCNEILL,Border Flow,-874.0,-748.0,-870.0,GdsrNGTLImperial20251204.csv
2025-12-04,2025-12-05,OTHER_BORDERS,Border Flow,-376.0,-355.0,-368.0,GdsrNGTLImperial20251204.csv
2025-12-04,2025-12-05,GORDONDALE,Interconnect Flow,105.0,79.0,96.0,GdsrNGTLImperial20251204.csv
2025-12-04,2025-12-05,GROUNDBIRCH_EAST,Interconnect Flow,230.0,216.0,132.0,GdsrNGTLImperial20251204.csv
2025-12-04,2025-12-05,WILLOW_VALLEY,Interconnect Flow,-9.0,0.0,0.0,GdsrNGTLImperial20251204.csv
2025-12-04,2025-12-05,INTRAPROVINCIAL,Internal Delivery,-10624.0,-7008.0,-10154.0,GdsrNGTLImperial20251204.csv
2025-12-04,2025-12-05,TOTAL_NET_STORAGE,Storage,966.0,1012.0,1445.0,GdsrNGTLImperial20251204.csv
2025-12-04,2025-12-05,TOTAL_STORAGE_DELIVERIES,Storage,-1592.0,0.0,-1039.0,GdsrNGTLImperial20251204.csv
2025-12-04,2025-12-05,TOTAL_STORAGE_RECEIPTS,Storage,2558.0,1012.0,2485.0,GdsrNGTLImperial20251204.csv
2025-12-04,2025-12-05,TOTAL_NGTL_DELIVERIES,System Total,-21240.0,-16123.0,-20039.0,GdsrNGTLImperial20251204.csv
2025-12-04,2025-12-05,TOTAL_NGTL_RECEIPTS,System Total,25120.0,16021.0,24781.0,GdsrNGTLImperial20251204.csv
2025-12-04,2025-12-05,TOTAL_STORAGE_AND_INTRAPROVINCIAL,System Total,-12216.0,-7008.0,-11193.0,GdsrNGTLImperial20251204.csv
2025-12-05,2025-12-06,ALBERTA_BC,Border Flow,-2977.0,-3028.0,-2980.0,GdsrNGTLImperial20251205.csv
2025-12-05,2025-12-06,EMPRESS,Border Flow,-4752.0,-4876.0,-4675.0,GdsrNGTLImperial20251205.csv
2025-12-05,2025-12-06,MCNEILL,Border Flow,-868.0,-764.0,-837.0,GdsrNGTLImperial20251205.csv
2025-12-05,2025-12-06,OTHER_BORDERS,Border Flow,-371.0,-356.0,-356.0,GdsrNGTLImperial20251205.csv
2025-12-05,2025-12-06,GORDONDALE,Interconnect Flow,121.0,131.0,188.0,GdsrNGTLImperial20251205.csv
2025-12-05,2025-12-06,GROUNDBIRCH_EAST,Interconnect Flow,168.0,167.0,159.0,GdsrNGTLImperial20251205.csv
2025-12-05,2025-12-06,WILLOW_VALLEY,Interconnect Flow,0.0,0.0,0.0,GdsrNGTLImperial20251205.csv
2025-12-05,2025-12-06,INTRAPROVINCIAL,Internal Delivery,-10680.0,-7699.0,-10181.0,GdsrNGTLImperial20251205.csv
2025-12-05,2025-12-06,TOTAL_NET_STORAGE,Storage,1546.0,1354.0,1304.0,GdsrNGTLImperial20251205.csv
2025-12-05,2025-12-06,TOTAL_STORAGE_DELIVERIES,Storage,-1373.0,0.0,-1183.0,GdsrNGTLImperial20251205.csv
2025-12-05,2025-12-06,TOTAL_STORAGE_RECEIPTS,Storage,2918.0,1354.0,2486.0,GdsrNGTLImperial20251205.csv
2025-12-05,2025-12-06,TOTAL_NGTL_DELIVERIES,System Total,-21020.0,-16724.0,-20212.0,GdsrNGTLImperial20251205.csv
2025-12-05,2025-12-06,TOTAL_NGTL_RECEIPTS,System Total,25480.0,16478.0,25114.0,GdsrNGTLImperial20251205.csv
2025-12-05,2025-12-06,TOTAL_STORAGE_AND_INTRAPROVINCIAL,System Total,-12053.0,-7699.0,-11364.0,GdsrNGTLImperial20251205.csv
2025-12-06,2025-12-07,ALBERTA_BC,Border Flow,-2972.0,-3000.0,-2978.0,GdsrNGTLImperial20251206.csv
2025-12-06,2025-12-07,EMPRESS,Border Flow,-4814.0,-4623.0,-4777.0,GdsrNGTLImperial20251206.csv
2025-12-06,2025-12-07,MCNEILL,Border Flow,-832.0,-785.0,-844.0,GdsrNGTLImperial20251206.csv
2025-12-06,2025-12-07,OTHER_BORDERS,Border Flow,-356.0,-349.0,-356.0,GdsrNGTLImperial20251206.csv
2025-12-06,2025-12-07,GORDONDALE,Interconnect Flow,194.0,206.0,190.0,GdsrNGTLImperial20251206.csv
2025-12-06,2025-12-07,GROUNDBIRCH_EAST,Interconnect Flow,207.0,237.0,159.0,GdsrNGTLImperial20251206.csv
2025-12-06,2025-12-07,WILLOW_VALLEY,Interconnect Flow,0.0,0.0,0.0,GdsrNGTLImperial20251206.csv
2025-12-06,2025-12-07,INTRAPROVINCIAL,Internal Delivery,-10643.0,-7618.0,-10154.0,GdsrNGTLImperial20251206.csv
2025-12-06,2025-12-07,TOTAL_NET_STORAGE,Storage,1466.0,1390.0,1221.0,GdsrNGTLImperial20251206.csv
2025-12-06,2025-12-07,TOTAL_STORAGE_DELIVERIES,Storage,-1363.0,0.0,-1266.0,GdsrNGTLImperial20251206.csv
2025-12-06,2025-12-07,TOTAL_STORAGE_RECEIPTS,Storage,2828.0,1390.0,2486.0,GdsrNGTLImperial20251206.csv
2025-12-06,2025-12-07,TOTAL_NGTL_DELIVERIES,System Total,-20980.0,-16375.0,-20376.0,GdsrNGTLImperial20251206.csv
2025-12-06,2025-12-07,TOTAL_NGTL_RECEIPTS,System Total,25510.0,16607.0,25117.0,GdsrNGTLImperial20251206.csv
2025-12-06,2025-12-07,TOTAL_STORAGE_AND_INTRAPROVINCIAL,System Total,-12006.0,-7618.0,-11420.0,GdsrNGTLImperial20251206.csv
2025-12-07,2025-12-08,ALBERTA_BC,Border Flow,-2974.0,-3009.0,-3045.0,GdsrNGTLImperial20251207.csv
2025-12-07,2025-12-08,EMPRESS,Border Flow,-4900.0,-4829.0,-4686.0,GdsrNGTLImperial20251207.csv
2025-12-07,2025-12-08,MCNEILL,Border Flow,-843.0,-787.0,-842.0,GdsrNGTLImperial20251207.csv
2025-12-07,2025-12-08,OTHER_BORDERS,Border Flow,-356.0,-358.0,-356.0,GdsrNGTLImperial20251207.csv
2025-12-07,2025-12-08,GORDONDALE,Interconnect Flow,202.0,199.0,190.0,GdsrNGTLImperial20251207.csv
2025-12-07,2025-12-08,GROUNDBIRCH_EAST,Interconnect Flow,331.0,362.0,219.0,GdsrNGTLImperial20251207.csv
2025-12-07,2025-12-08,WILLOW_VALLEY,Interconnect Flow,-38.0,-39.0,-38.0,GdsrNGTLImperial20251207.csv
2025-12-07,2025-12-08,INTRAPROVINCIAL,Internal Delivery,-10660.0,-7255.0,-10154.0,GdsrNGTLImperial20251207.csv
2025-12-07,2025-12-08,TOTAL_NET_STORAGE,Storage,1432.0,1567.0,1516.0,GdsrNGTLImperial20251207.csv
2025-12-07,2025-12-08,TOTAL_STORAGE_DELIVERIES,Storage,-1410.0,0.0,-948.0,GdsrNGTLImperial20251207.csv
2025-12-07,2025-12-08,TOTAL_STORAGE_RECEIPTS,Storage,2842.0,1567.0,2464.0,GdsrNGTLImperial20251207.csv
2025-12-07,2025-12-08,TOTAL_NGTL_DELIVERIES,System Total,-21181.0,-16277.0,-20069.0,GdsrNGTLImperial20251207.csv
2025-12-07,2025-12-08,TOTAL_NGTL_RECEIPTS,System Total,25657.0,16646.0,25150.0,GdsrNGTLImperial20251207.csv
2025-12-07,2025-12-08,TOTAL_STORAGE_AND_INTRAPROVINCIAL,System Total,-12070.0,-7255.0,-11101.0,GdsrNGTLImperial20251207.csv
2025-12-08,2025-12-09,ALBERTA_BC,Border Flow,-3052.0,-3106.0,-3068.0,GdsrNGTLImperial20251208.csv
2025-12-08,2025-12-09,EMPRESS,Border Flow,-4832.0,-4959.0,-4832.0,GdsrNGTLImperial20251208.csv
2025-12-08,2025-12-09,MCNEILL,Border Flow,-873.0,-907.0,-756.0,GdsrNGTLImperial20251208.csv
2025-12-08,2025-12-09,OTHER_BORDERS,Border Flow,-333.0,-366.0,-363.0,GdsrNGTLImperial20251208.csv
2025-12-08,2025-12-09,GORDONDALE,Interconnect Flow,180.0,173.0,169.0,GdsrNGTLImperial20251208.csv
2025-12-08,2025-12-09,GROUNDBIRCH_EAST,Interconnect Flow,266.0,265.0,248.0,GdsrNGTLImperial20251208.csv
2025-12-08,2025-12-09,WILLOW_VALLEY,Interconnect Flow,-73.0,-73.0,-73.0,GdsrNGTLImperial20251208.csv
2025-12-08,2025-12-09,INTRAPROVINCIAL,Internal Delivery,-10624.0,-7145.0,-10156.0,GdsrNGTLImperial20251208.csv
2025-12-08,2025-12-09,TOTAL_NET_STORAGE,Storage,2002.0,1843.0,1966.0,GdsrNGTLImperial20251208.csv
2025-12-08,2025-12-09,TOTAL_STORAGE_DELIVERIES,Storage,-1210.0,0.0,-857.0,GdsrNGTLImperial20251208.csv
2025-12-08,2025-12-09,TOTAL_STORAGE_RECEIPTS,Storage,3212.0,1843.0,2823.0,GdsrNGTLImperial20251208.csv
2025-12-08,2025-12-09,TOTAL_NGTL_DELIVERIES,System Total,-20997.0,-16555.0,-20107.0,GdsrNGTLImperial20251208.csv
2025-12-08,2025-12-09,TOTAL_NGTL_RECEIPTS,System Total,25936.0,16641.0,25520.0,GdsrNGTLImperial20251208.csv
2025-12-08,2025-12-09,TOTAL_STORAGE_AND_INTRAPROVINCIAL,System Total,-11834.0,-7145.0,-11014.0,GdsrNGTLImperial20251208.csv
2025-12-09,2025-12-10,ALBERTA_BC,Border Flow,-3051.0,-3114.0,-3071.0,GdsrNGTLImperial20251209.csv
2025-12-09,2025-12-10,EMPRESS,Border Flow,-4866.0,-5121.0,-4881.0,GdsrNGTLImperial20251209.csv
2025-12-09,2025-12-10,MCNEILL,Border Flow,-818.0,-947.0,-775.0,GdsrNGTLImperial20251209.csv
2025-12-09,2025-12-10,OTHER_BORDERS,Border Flow,-340.0,-355.0,-359.0,GdsrNGTLImperial20251209.csv
2025-12-09,2025-12-10,GORDONDALE,Interconnect Flow,169.0,162.0,115.0,GdsrNGTLImperial20251209.csv
2025-12-09,2025-12-10,GROUNDBIRCH_EAST,Interconnect Flow,247.0,223.0,201.0,GdsrNGTLImperial20251209.csv
2025-12-09,2025-12-10,WILLOW_VALLEY,Interconnect Flow,-177.0,-177.0,-61.0,GdsrNGTLImperial20251209.csv
2025-12-09,2025-12-10,INTRAPROVINCIAL,Internal Delivery,-10622.0,-7583.0,-10172.0,GdsrNGTLImperial20251209.csv
2025-12-09,2025-12-10,TOTAL_NET_STORAGE,Storage,2746.0,2630.0,2118.0,GdsrNGTLImperial20251209.csv
2025-12-09,2025-12-10,TOTAL_STORAGE_DELIVERIES,Storage,-1519.0,0.0,-730.0,GdsrNGTLImperial20251209.csv
2025-12-09,2025-12-10,TOTAL_STORAGE_RECEIPTS,Storage,4265.0,2630.0,2849.0,GdsrNGTLImperial20251209.csv
2025-12-09,2025-12-10,TOTAL_NGTL_DELIVERIES,System Total,-21394.0,-17298.0,-20050.0,GdsrNGTLImperial20251209.csv
2025-12-09,2025-12-10,TOTAL_NGTL_RECEIPTS,System Total,26962.0,16995.0,25549.0,GdsrNGTLImperial20251209.csv
2025-12-09,2025-12-10,TOTAL_STORAGE_AND_INTRAPROVINCIAL,System Total,-12141.0,-7583.0,-10903.0,GdsrNGTLImperial20251209.csv
2025-12-10,2025-12-11,ALBERTA_BC,Border Flow,-3076.0,-3056.0,-3062.0,GdsrNGTLImperial20251210.csv
2025-12-10,2025-12-11,EMPRESS,Border Flow,-4903.0,-4965.0,-4758.0,GdsrNGTLImperial20251210.csv
2025-12-10,2025-12-11,MCNEILL,Border Flow,-801.0,-888.0,-764.0,GdsrNGTLImperial20251210.csv
2025-12-10,2025-12-11,OTHER_BORDERS,Border Flow,-335.0,-342.0,-350.0,GdsrNGTLImperial20251210.csv
2025-12-10,2025-12-11,GORDONDALE,Interconnect Flow,157.0,120.0,115.0,GdsrNGTLImperial20251210.csv
2025-12-10,2025-12-11,GROUNDBIRCH_EAST,Interconnect Flow,182.0,200.0,119.0,GdsrNGTLImperial20251210.csv
2025-12-10,2025-12-11,WILLOW_VALLEY,Interconnect Flow,-76.0,-76.0,-2.0,GdsrNGTLImperial20251210.csv
2025-12-10,2025-12-11,INTRAPROVINCIAL,Internal Delivery,-10609.0,-7726.0,-10209.0,GdsrNGTLImperial20251210.csv
2025-12-10,2025-12-11,TOTAL_NET_STORAGE,Storage,2512.0,2622.0,2750.0,GdsrNGTLImperial20251210.csv
2025-12-10,2025-12-11,TOTAL_STORAGE_DELIVERIES,Storage,-1358.0,0.0,-748.0,GdsrNGTLImperial20251210.csv
2025-12-10,2025-12-11,TOTAL_STORAGE_RECEIPTS,Storage,3870.0,2622.0,3498.0,GdsrNGTLImperial20251210.csv
2025-12-10,2025-12-11,TOTAL_NGTL_DELIVERIES,System Total,-21157.0,-17053.0,-19894.0,GdsrNGTLImperial20251210.csv
2025-12-10,2025-12-11,TOTAL_NGTL_RECEIPTS,System Total,26602.0,17334.0,26128.0,GdsrNGTLImperial20251210.csv
2025-12-10,2025-12-11,TOTAL_STORAGE_AND_INTRAPROVINCIAL,System Total,-11967.0,-7726.0,-10957.0,GdsrNGTLImperial20251210.csv
2025-12-11,2025-12-12,ALBERTA_BC,Border Flow,-3058.0,-3080.0,-3071.0,GdsrNGTLImperial20251211.csv
2025-12-11,2025-12-12,EMPRESS,Border Flow,-4911.0,-4913.0,-4890.0,GdsrNGTLImperial20251211.csv
2025-12-11,2025-12-12,MCNEILL,Border Flow,-759.0,-801.0,-785.0,GdsrNGTLImperial20251211.csv
2025-12-11,2025-12-12,OTHER_BORDERS,Border Flow,-334.0,-313.0,-331.0,GdsrNGTLImperial20251211.csv
2025-12-11,2025-12-12,GORDONDALE,Interconnect Flow,224.0,242.0,223.0,GdsrNGTLImperial20251211.csv
2025-12-11,2025-12-12,GROUNDBIRCH_EAST,Interconnect Flow,214.0,194.0,199.0,GdsrNGTLImperial20251211.csv
2025-12-11,2025-12-12,WILLOW_VALLEY,Interconnect Flow,-17.0,-17.0,0.0,GdsrNGTLImperial20251211.csv
2025-12-11,2025-12-12,INTRAPROVINCIAL,Internal Delivery,-10687.0,-8344.0,-10223.0,GdsrNGTLImperial20251211.csv
2025-12-11,2025-12-12,TOTAL_NET_STORAGE,Storage,2978.0,3102.0,2801.0,GdsrNGTLImperial20251211.csv
2025-12-11,2025-12-12,TOTAL_STORAGE_DELIVERIES,Storage,-1419.0,0.0,-730.0,GdsrNGTLImperial20251211.csv
2025-12-11,2025-12-12,TOTAL_STORAGE_RECEIPTS,Storage,4397.0,3102.0,3531.0,GdsrNGTLImperial20251211.csv
2025-12-11,2025-12-12,TOTAL_NGTL_DELIVERIES,System Total,-21186.0,-17469.0,-20030.0,GdsrNGTLImperial20251211.csv
2025-12-11,2025-12-12,TOTAL_NGTL_RECEIPTS,System Total,27221.0,17804.0,26325.0,GdsrNGTLImperial20251211.csv
2025-12-11,2025-12-12,TOTAL_STORAGE_AND_INTRAPROVINCIAL,System Total,-12106.0,-8344.0,-10953.0,GdsrNGTLImperial20251211.csv
2025-12-12,2025-12-13,ALBERTA_BC,Border Flow,-3058.0,-3096.0,-3025.0,GdsrNGTLImperial20251212.csv
2025-12-12,2025-12-13,EMPRESS,Border Flow,-4960.0,-4865.0,-4891.0,GdsrNGTLImperial20251212.csv
2025-12-12,2025-12-13,MCNEILL,Border Flow,-912.0,-797.0,-976.0,GdsrNGTLImperial20251212.csv
2025-12-12,2025-12-13,OTHER_BORDERS,Border Flow,-296.0,-323.0,-321.0,GdsrNGTLImperial20251212.csv
2025-12-12,2025-12-13,GORDONDALE,Interconnect Flow,233.0,267.0,183.0,GdsrNGTLImperial20251212.csv
2025-12-12,2025-12-13,GROUNDBIRCH_EAST,Interconnect Flow,254.0,222.0,164.0,GdsrNGTLImperial20251212.csv
2025-12-12,2025-12-13,WILLOW_VALLEY,Interconnect Flow,0.0,0.0,-89.0,GdsrNGTLImperial20251212.csv
2025-12-12,2025-12-13,INTRAPROVINCIAL,Internal Delivery,-10689.0,-8482.0,-10214.0,GdsrNGTLImperial20251212.csv
2025-12-12,2025-12-13,TOTAL_NET_STORAGE,Storage,2738.0,2695.0,2334.0,GdsrNGTLImperial20251212.csv
2025-12-12,2025-12-13,TOTAL_STORAGE_DELIVERIES,Storage,-1586.0,0.0,-1087.0,GdsrNGTLImperial20251212.csv
2025-12-12,2025-12-13,TOTAL_STORAGE_RECEIPTS,Storage,4323.0,2695.0,3421.0,GdsrNGTLImperial20251212.csv
2025-12-12,2025-12-13,TOTAL_NGTL_DELIVERIES,System Total,-21501.0,-17562.0,-20603.0,GdsrNGTLImperial20251212.csv
2025-12-12,2025-12-13,TOTAL_NGTL_RECEIPTS,System Total,27174.0,17658.0,24322.0,GdsrNGTLImperial20251212.csv
2025-12-12,2025-12-13,TOTAL_STORAGE_AND_INTRAPROVINCIAL,System Total,-12275.0,-8482.0,-11300.0,GdsrNGTLImperial20251212.csv
2025-12-13,2025-12-14,ALBERTA_BC,Border Flow,-3025.0,-3064.0,-3023.0,GdsrNGTLImperial20251213.csv
2025-12-13,2025-12-14,EMPRESS,Border Flow,-4916.0,-4974.0,-4760.0,GdsrNGTLImperial20251213.csv
2025-12-13,2025-12-14,MCNEILL,Border Flow,-1004.0,-999.0,-975.0,GdsrNGTLImperial20251213.csv
2025-12-13,2025-12-14,OTHER_BORDERS,Border Flow,-321.0,-318.0,-321.0,GdsrNGTLImperial20251213.csv
2025-12-13,2025-12-14,GORDONDALE,Interconnect Flow,220.0,207.0,184.0,GdsrNGTLImperial20251213.csv
2025-12-13,2025-12-14,GROUNDBIRCH_EAST,Interconnect Flow,249.0,261.0,164.0,GdsrNGTLImperial20251213.csv
2025-12-13,2025-12-14,WILLOW_VALLEY,Interconnect Flow,-19.0,0.0,0.0,GdsrNGTLImperial20251213.csv
2025-12-13,2025-12-14,INTRAPROVINCIAL,Internal Delivery,-10672.0,-7473.0,-10232.0,GdsrNGTLImperial20251213.csv
2025-12-13,2025-12-14,TOTAL_NET_STORAGE,Storage,2338.0,2373.0,2011.0,GdsrNGTLImperial20251213.csv
2025-12-13,2025-12-14,TOTAL_STORAGE_DELIVERIES,Storage,-1579.0,0.0,-1186.0,GdsrNGTLImperial20251213.csv
2025-12-13,2025-12-14,TOTAL_STORAGE_RECEIPTS,Storage,3916.0,2373.0,3197.0,GdsrNGTLImperial20251213.csv
2025-12-13,2025-12-14,TOTAL_NGTL_DELIVERIES,System Total,-21535.0,-16827.0,-20499.0,GdsrNGTLImperial20251213.csv
2025-12-13,2025-12-14,TOTAL_NGTL_RECEIPTS,System Total,24982.0,17147.0,24152.0,GdsrNGTLImperial20251213.csv
2025-12-13,2025-12-14,TOTAL_STORAGE_AND_INTRAPROVINCIAL,System Total,-12250.0,-7473.0,-11419.0,GdsrNGTLImperial20251213.csv
2025-12-14,2025-12-15,ALBERTA_BC,Border Flow,-3021.0,-3102.0,-3033.0,GdsrNGTLImperial20251214.csv
2025-12-14,2025-12-15,EMPRESS,Border Flow,-4829.0,-4908.0,-4688.0,GdsrNGTLImperial20251214.csv
2025-12-14,2025-12-15,MCNEILL,Border Flow,-974.0,-1079.0,-958.0,GdsrNGTLImperial20251214.csv
2025-12-14,2025-12-15,OTHER_BORDERS,Border Flow,-321.0,-340.0,-361.0,GdsrNGTLImperial20251214.csv
2025-12-14,2025-12-15,GORDONDALE,Interconnect Flow,220.0,218.0,185.0,GdsrNGTLImperial20251214.csv
2025-12-14,2025-12-15,GROUNDBIRCH_EAST,Interconnect Flow,272.0,283.0,164.0,GdsrNGTLImperial20251214.csv
2025-12-14,2025-12-15,WILLOW_VALLEY,Interconnect Flow,0.0,0.0,0.0,GdsrNGTLImperial20251214.csv
2025-12-14,2025-12-15,INTRAPROVINCIAL,Internal Delivery,-10676.0,-7007.0,-10152.0,GdsrNGTLImperial20251214.csv
2025-12-14,2025-12-15,TOTAL_NET_STORAGE,Storage,1500.0,1598.0,1982.0,GdsrNGTLImperial20251214.csv
2025-12-14,2025-12-15,TOTAL_STORAGE_DELIVERIES,Storage,-1777.0,0.0,-965.0,GdsrNGTLImperial20251214.csv
2025-12-14,2025-12-15,TOTAL_STORAGE_RECEIPTS,Storage,3277.0,1598.0,2946.0,GdsrNGTLImperial20251214.csv
2025-12-14,2025-12-15,TOTAL_NGTL_DELIVERIES,System Total,-21599.0,-16436.0,-20156.0,GdsrNGTLImperial20251214.csv
2025-12-14,2025-12-15,TOTAL_NGTL_RECEIPTS,System Total,24414.0,16658.0,23962.0,GdsrNGTLImperial20251214.csv
2025-12-14,2025-12-15,TOTAL_STORAGE_AND_INTRAPROVINCIAL,System Total,-12453.0,-7007.0,-11117.0,GdsrNGTLImperial20251214.csv
2025-12-15,2025-12-16,ALBERTA_BC,Border Flow,-3045.0,-3013.0,-3069.0,GdsrNGTLImperial20251215.csv
2025-12-15,2025-12-16,EMPRESS,Border Flow,-4824.0,-4830.0,-4727.0,GdsrNGTLImperial20251215.csv
2025-12-15,2025-12-16,MCNEILL,Border Flow,-970.0,-958.0,-931.0,GdsrNGTLImperial20251215.csv
2025-12-15,2025-12-16,OTHER_BORDERS,Border Flow,-351.0,-328.0,-329.0,GdsrNGTLImperial20251215.csv
2025-12-15,2025-12-16,GORDONDALE,Interconnect Flow,237.0,240.0,210.0,GdsrNGTLImperial20251215.csv
2025-12-15,2025-12-16,GROUNDBIRCH_EAST,Interconnect Flow,257.0,267.0,315.0,GdsrNGTLImperial20251215.csv
2025-12-15,2025-12-16,WILLOW_VALLEY,Interconnect Flow,0.0,0.0,0.0,GdsrNGTLImperial20251215.csv
2025-12-15,2025-12-16,INTRAPROVINCIAL,Internal Delivery,-10582.0,-6830.0,-10178.0,GdsrNGTLImperial20251215.csv
2025-12-15,2025-12-16,TOTAL_NET_STORAGE,Storage,940.0,985.0,1662.0,GdsrNGTLImperial20251215.csv
2025-12-15,2025-12-16,TOTAL_STORAGE_DELIVERIES,Storage,-1913.0,0.0,-1299.0,GdsrNGTLImperial20251215.csv
2025-12-15,2025-12-16,TOTAL_STORAGE_RECEIPTS,Storage,2853.0,985.0,2961.0,GdsrNGTLImperial20251215.csv
2025-12-15,2025-12-16,TOTAL_NGTL_DELIVERIES,System Total,-21685.0,-15959.0,-20533.0,GdsrNGTLImperial20251215.csv
2025-12-15,2025-12-16,TOTAL_NGTL_RECEIPTS,System Total,24004.0,15933.0,20423.0,GdsrNGTLImperial20251215.csv
2025-12-15,2025-12-16,TOTAL_STORAGE_AND_INTRAPROVINCIAL,System Total,-12495.0,-6830.0,-11477.0,GdsrNGTLImperial20251215.csv
2025-12-16,2025-12-17,ALBERTA_BC,Border Flow,-3070.0,-3061.0,-3063.0,GdsrNGTLImperial20251216.csv
2025-12-16,2025-12-17,EMPRESS,Border Flow,-4843.0,-4769.0,-4813.0,GdsrNGTLImperial20251216.csv
2025-12-16,2025-12-17,MCNEILL,Border Flow,-899.0,-876.0,-798.0,GdsrNGTLImperial20251216.csv
2025-12-16,2025-12-17,OTHER_BORDERS,Border Flow,-319.0,-327.0,-327.0,GdsrNGTLImperial20251216.csv
2025-12-16,2025-12-17,GORDONDALE,Interconnect Flow,210.0,205.0,212.0,GdsrNGTLImperial20251216.csv
2025-12-16,2025-12-17,GROUNDBIRCH_EAST,Interconnect Flow,314.0,314.0,271.0,GdsrNGTLImperial20251216.csv
2025-12-16,2025-12-17,WILLOW_VALLEY,Interconnect Flow,0.0,0.0,0.0,GdsrNGTLImperial20251216.csv
2025-12-16,2025-12-17,INTRAPROVINCIAL,Internal Delivery,-10602.0,-7128.0,-10203.0,GdsrNGTLImperial20251216.csv
2025-12-16,2025-12-17,TOTAL_NET_STORAGE,Storage,1217.0,1090.0,2015.0,GdsrNGTLImperial20251216.csv
2025-12-16,2025-12-17,TOTAL_STORAGE_DELIVERIES,Storage,-1872.0,0.0,-1248.0,GdsrNGTLImperial20251216.csv
2025-12-16,2025-12-17,TOTAL_STORAGE_RECEIPTS,Storage,3089.0,1090.0,3263.0,GdsrNGTLImperial20251216.csv
2025-12-16,2025-12-17,TOTAL_NGTL_DELIVERIES,System Total,-21605.0,-16161.0,-20453.0,GdsrNGTLImperial20251216.csv
2025-12-16,2025-12-17,TOTAL_NGTL_RECEIPTS,System Total,20654.0,16120.0,20831.0,GdsrNGTLImperial20251216.csv
2025-12-16,2025-12-17,TOTAL_STORAGE_AND_INTRAPROVINCIAL,System Total,-12475.0,-7128.0,-11451.0,GdsrNGTLImperial20251216.csv
2025-12-17,2025-12-18,ALBERTA_BC,Border Flow,-3046.0,-2840.0,-3091.0,GdsrNGTLImperial20251217.csv
2025-12-17,2025-12-18,EMPRESS,Border Flow,-4864.0,-4886.0,-4832.0,GdsrNGTLImperial20251217.csv
2025-12-17,2025-12-18,MCNEILL,Border Flow,-755.0,-749.0,-775.0,GdsrNGTLImperial20251217.csv
2025-12-17,2025-12-18,OTHER_BORDERS,Border Flow,-320.0,-326.0,-327.0,GdsrNGTLImperial20251217.csv
2025-12-17,2025-12-18,GORDONDALE,Interconnect Flow,211.0,205.0,243.0,GdsrNGTLImperial20251217.csv
2025-12-17,2025-12-18,GROUNDBIRCH_EAST,Interconnect Flow,281.0,282.0,228.0,GdsrNGTLImperial20251217.csv
2025-12-17,2025-12-18,WILLOW_VALLEY,Interconnect Flow,-48.0,-49.0,-48.0,GdsrNGTLImperial20251217.csv
2025-12-17,2025-12-18,INTRAPROVINCIAL,Internal Delivery,-10658.0,-7699.0,-10205.0,GdsrNGTLImperial20251217.csv
2025-12-17,2025-12-18,TOTAL_NET_STORAGE,Storage,2275.0,2328.0,2354.0,GdsrNGTLImperial20251217.csv
2025-12-17,2025-12-18,TOTAL_STORAGE_DELIVERIES,Storage,-1879.0,0.0,-985.0,GdsrNGTLImperial20251217.csv
2025-12-17,2025-12-18,TOTAL_STORAGE_RECEIPTS,Storage,4154.0,2328.0,3339.0,GdsrNGTLImperial20251217.csv
2025-12-17,2025-12-18,TOTAL_NGTL_DELIVERIES,System Total,-21570.0,-16550.0,-20263.0,GdsrNGTLImperial20251217.csv
2025-12-17,2025-12-18,TOTAL_NGTL_RECEIPTS,System Total,21742.0,17122.0,20911.0,GdsrNGTLImperial20251217.csv
2025-12-17,2025-12-18,TOTAL_STORAGE_AND_INTRAPROVINCIAL,System Total,-12537.0,-7699.0,-11190.0,GdsrNGTLImperial20251217.csv
2025-12-18,2025-12-19,ALBERTA_BC,Border Flow,-3064.0,-3168.0,-3048.0,GdsrNGTLImperial20251218.csv
2025-12-18,2025-12-19,EMPRESS,Border Flow,-4901.0,-4911.0,-4805.0,GdsrNGTLImperial20251218.csv
2025-12-18,2025-12-19,MCNEILL,Border Flow,-768.0,-743.0,-705.0,GdsrNGTLImperial20251218.csv
2025-12-18,2025-12-19,OTHER_BORDERS,Border Flow,-313.0,-325.0,-327.0,GdsrNGTLImperial20251218.csv
2025-12-18,2025-12-19,GORDONDALE,Interconnect Flow,208.0,200.0,106.0,GdsrNGTLImperial20251218.csv
2025-12-18,2025-12-19,GROUNDBIRCH_EAST,Interconnect Flow,228.0,225.0,178.0,GdsrNGTLImperial20251218.csv
2025-12-18,2025-12-19,WILLOW_VALLEY,Interconnect Flow,-4.0,-4.0,0.0,GdsrNGTLImperial20251218.csv
2025-12-18,2025-12-19,INTRAPROVINCIAL,Internal Delivery,-10697.0,-7438.0,-10262.0,GdsrNGTLImperial20251218.csv
2025-12-18,2025-12-19,TOTAL_NET_STORAGE,Storage,2151.0,2262.0,2522.0,GdsrNGTLImperial20251218.csv
2025-12-18,2025-12-19,TOTAL_STORAGE_DELIVERIES,Storage,-1734.0,0.0,-988.0,GdsrNGTLImperial20251218.csv
2025-12-18,2025-12-19,TOTAL_STORAGE_RECEIPTS,Storage,3884.0,2262.0,3510.0,GdsrNGTLImperial20251218.csv
2025-12-18,2025-12-19,TOTAL_NGTL_DELIVERIES,System Total,-21481.0,-16589.0,-20135.0,GdsrNGTLImperial20251218.csv
2025-12-18,2025-12-19,TOTAL_NGTL_RECEIPTS,System Total,21517.0,17050.0,21038.0,GdsrNGTLImperial20251218.csv
2025-12-18,2025-12-19,TOTAL_STORAGE_AND_INTRAPROVINCIAL,System Total,-12430.0,-7438.0,-11250.0,GdsrNGTLImperial20251218.csv
2025-12-19,2025-12-20,ALBERTA_BC,Border Flow,-3021.0,-3059.0,-3028.0,GdsrNGTLImperial20251219.csv
2025-12-19,2025-12-20,EMPRESS,Border Flow,-4900.0,-4920.0,-4844.0,GdsrNGTLImperial20251219.csv
2025-12-19,2025-12-20,MCNEILL,Border Flow,-738.0,-752.0,-768.0,GdsrNGTLImperial20251219.csv
2025-12-19,2025-12-20,OTHER_BORDERS,Border Flow,-309.0,-314.0,-314.0,GdsrNGTLImperial20251219.csv
2025-12-19,2025-12-20,GORDONDALE,Interconnect Flow,127.0,143.0,107.0,GdsrNGTLImperial20251219.csv
2025-12-19,2025-12-20,GROUNDBIRCH_EAST,Interconnect Flow,252.0,212.0,219.0,GdsrNGTLImperial20251219.csv
2025-12-19,2025-12-20,WILLOW_VALLEY,Interconnect Flow,-77.0,-76.0,-89.0,GdsrNGTLImperial20251219.csv
2025-12-19,2025-12-20,INTRAPROVINCIAL,Internal Delivery,-10726.0,-8067.0,-10257.0,GdsrNGTLImperial20251219.csv
2025-12-19,2025-12-20,TOTAL_NET_STORAGE,Storage,2496.0,2491.0,2829.0,GdsrNGTLImperial20251219.csv
2025-12-19,2025-12-20,TOTAL_STORAGE_DELIVERIES,Storage,-1881.0,0.0,-960.0,GdsrNGTLImperial20251219.csv
2025-12-19,2025-12-20,TOTAL_STORAGE_RECEIPTS,Storage,4377.0,2491.0,3789.0,GdsrNGTLImperial20251219.csv
2025-12-19,2025-12-20,TOTAL_NGTL_DELIVERIES,System Total,-21652.0,-17188.0,-20259.0,GdsrNGTLImperial20251219.csv
2025-12-19,2025-12-20,TOTAL_NGTL_RECEIPTS,System Total,22112.0,17051.0,21474.0,GdsrNGTLImperial20251219.csv
2025-12-19,2025-12-20,TOTAL_STORAGE_AND_INTRAPROVINCIAL,System Total,-12607.0,-8067.0,-11216.0,GdsrNGTLImperial20251219.csv
2025-12-20,2025-12-21,ALBERTA_BC,Border Flow,-3028.0,-3053.0,-3038.0,GdsrNGTLImperial20251220.csv
2025-12-20,2025-12-21,EMPRESS,Border Flow,-4930.0,-4943.0,-4761.0,GdsrNGTLImperial20251220.csv
2025-12-20,2025-12-21,MCNEILL,Border Flow,-767.0,-761.0,-762.0,GdsrNGTLImperial20251220.csv
2025-12-20,2025-12-21,OTHER_BORDERS,Border Flow,-314.0,-316.0,-314.0,GdsrNGTLImperial20251220.csv
2025-12-20,2025-12-21,GORDONDALE,Interconnect Flow,114.0,123.0,106.0,GdsrNGTLImperial20251220.csv
2025-12-20,2025-12-21,GROUNDBIRCH_EAST,Interconnect Flow,294.0,311.0,273.0,GdsrNGTLImperial20251220.csv
2025-12-20,2025-12-21,WILLOW_VALLEY,Interconnect Flow,-19.0,-33.0,0.0,GdsrNGTLImperial20251220.csv
2025-12-20,2025-12-21,INTRAPROVINCIAL,Internal Delivery,-10712.0,-7856.0,-10296.0,GdsrNGTLImperial20251220.csv
2025-12-20,2025-12-21,TOTAL_NET_STORAGE,Storage,2409.0,2487.0,2805.0,GdsrNGTLImperial20251220.csv
2025-12-20,2025-12-21,TOTAL_STORAGE_DELIVERIES,Storage,-1886.0,0.0,-960.0,GdsrNGTLImperial20251220.csv
2025-12-20,2025-12-21,TOTAL_STORAGE_RECEIPTS,Storage,4295.0,2487.0,3765.0,GdsrNGTLImperial20251220.csv
2025-12-20,2025-12-21,TOTAL_NGTL_DELIVERIES,System Total,-21656.0,-16963.0,-20132.0,GdsrNGTLImperial20251220.csv
2025-12-20,2025-12-21,TOTAL_NGTL_RECEIPTS,System Total,22063.0,17160.0,21502.0,GdsrNGTLImperial20251220.csv
2025-12-20,2025-12-21,TOTAL_STORAGE_AND_INTRAPROVINCIAL,System Total,-12598.0,-7856.0,-11256.0,GdsrNGTLImperial20251220.csv
2025-12-21,2025-12-22,ALBERTA_BC,Border Flow,-3031.0,-3051.0,-3044.0,GdsrNGTLImperial20251221.csv
2025-12-21,2025-12-22,EMPRESS,Border Flow,-4922.0,-4918.0,-4831.0,GdsrNGTLImperial20251221.csv
2025-12-21,2025-12-22,MCNEILL,Border Flow,-764.0,-783.0,-767.0,GdsrNGTLImperial20251221.csv
2025-12-21,2025-12-22,OTHER_BORDERS,Border Flow,-314.0,-316.0,-332.0,GdsrNGTLImperial20251221.csv
2025-12-21,2025-12-22,GORDONDALE,Interconnect Flow,114.0,132.0,106.0,GdsrNGTLImperial20251221.csv
2025-12-21,2025-12-22,GROUNDBIRCH_EAST,Interconnect Flow,274.0,312.0,273.0,GdsrNGTLImperial20251221.csv
2025-12-21,2025-12-22,WILLOW_VALLEY,Interconnect Flow,0.0,0.0,0.0,GdsrNGTLImperial20251221.csv
2025-12-21,2025-12-22,INTRAPROVINCIAL,Internal Delivery,-10742.0,-8103.0,-10315.0,GdsrNGTLImperial20251221.csv
2025-12-21,2025-12-22,TOTAL_NET_STORAGE,Storage,2460.0,2427.0,2595.0,GdsrNGTLImperial20251221.csv
2025-12-21,2025-12-22,TOTAL_STORAGE_DELIVERIES,Storage,-1889.0,0.0,-962.0,GdsrNGTLImperial20251221.csv
2025-12-21,2025-12-22,TOTAL_STORAGE_RECEIPTS,Storage,4349.0,2427.0,3557.0,GdsrNGTLImperial20251221.csv
2025-12-21,2025-12-22,TOTAL_NGTL_DELIVERIES,System Total,-21661.0,-17171.0,-20251.0,GdsrNGTLImperial20251221.csv
2025-12-21,2025-12-22,TOTAL_NGTL_RECEIPTS,System Total,22097.0,17050.0,21340.0,GdsrNGTLImperial20251221.csv
2025-12-21,2025-12-22,TOTAL_STORAGE_AND_INTRAPROVINCIAL,System Total,-12631.0,-8103.0,-11277.0,GdsrNGTLImperial20251221.csv
2025-12-22,2025-12-23,ALBERTA_BC,Border Flow,-3039.0,-3061.0,-3022.0,GdsrNGTLImperial20251222.csv
2025-12-22,2025-12-23,EMPRESS,Border Flow,-4950.0,-4953.0,-4915.0,GdsrNGTLImperial20251222.csv
2025-12-22,2025-12-23,MCNEILL,Border Flow,-769.0,-783.0,-743.0,GdsrNGTLImperial20251222.csv
2025-12-22,2025-12-23,OTHER_BORDERS,Border Flow,-331.0,-313.0,-332.0,GdsrNGTLImperial20251222.csv
2025-12-22,2025-12-23,GORDONDALE,Interconnect Flow,128.0,126.0,200.0,GdsrNGTLImperial20251222.csv
2025-12-22,2025-12-23,GROUNDBIRCH_EAST,Interconnect Flow,312.0,309.0,267.0,GdsrNGTLImperial20251222.csv
2025-12-22,2025-12-23,WILLOW_VALLEY,Interconnect Flow,0.0,0.0,0.0,GdsrNGTLImperial20251222.csv
2025-12-22,2025-12-23,INTRAPROVINCIAL,Internal Delivery,-10772.0,-8194.0,-10317.0,GdsrNGTLImperial20251222.csv
2025-12-22,2025-12-23,TOTAL_NET_STORAGE,Storage,2926.0,2949.0,2449.0,GdsrNGTLImperial20251222.csv
2025-12-22,2025-12-23,TOTAL_STORAGE_DELIVERIES,Storage,-1793.0,0.0,-960.0,GdsrNGTLImperial20251222.csv
2025-12-22,2025-12-23,TOTAL_STORAGE_RECEIPTS,Storage,4720.0,2949.0,3408.0,GdsrNGTLImperial20251222.csv
2025-12-22,2025-12-23,TOTAL_NGTL_DELIVERIES,System Total,-21656.0,-17304.0,-20289.0,GdsrNGTLImperial20251222.csv
2025-12-22,2025-12-23,TOTAL_NGTL_RECEIPTS,System Total,22562.0,17460.0,21263.0,GdsrNGTLImperial20251222.csv
2025-12-22,2025-12-23,TOTAL_STORAGE_AND_INTRAPROVINCIAL,System Total,-12566.0,-8194.0,-11277.0,GdsrNGTLImperial20251222.csv
2025-12-23,2025-12-24,ALBERTA_BC,Border Flow,-2964.0,-3013.0,-2982.0,GdsrNGTLImperial20251223.csv
2025-12-23,2025-12-24,EMPRESS,Border Flow,-4998.0,-4989.0,-4868.0,GdsrNGTLImperial20251223.csv
2025-12-23,2025-12-24,MCNEILL,Border Flow,-786.0,-767.0,-749.0,GdsrNGTLImperial20251223.csv
2025-12-23,2025-12-24,OTHER_BORDERS,Border Flow,-332.0,-312.0,-331.0,GdsrNGTLImperial20251223.csv
2025-12-23,2025-12-24,GORDONDALE,Interconnect Flow,216.0,196.0,235.0,GdsrNGTLImperial20251223.csv
2025-12-23,2025-12-24,GROUNDBIRCH_EAST,Interconnect Flow,287.0,287.0,278.0,GdsrNGTLImperial20251223.csv
2025-12-23,2025-12-24,WILLOW_VALLEY,Interconnect Flow,0.0,0.0,0.0,GdsrNGTLImperial20251223.csv
2025-12-23,2025-12-24,INTRAPROVINCIAL,Internal Delivery,-10761.0,-7983.0,-10312.0,GdsrNGTLImperial20251223.csv
2025-12-23,2025-12-24,TOTAL_NET_STORAGE,Storage,2445.0,2303.0,2080.0,GdsrNGTLImperial20251223.csv
2025-12-23,2025-12-24,TOTAL_STORAGE_DELIVERIES,Storage,-1714.0,0.0,-1116.0,GdsrNGTLImperial20251223.csv
2025-12-23,2025-12-24,TOTAL_STORAGE_RECEIPTS,Storage,4160.0,2303.0,3195.0,GdsrNGTLImperial20251223.csv
2025-12-23,2025-12-24,TOTAL_NGTL_DELIVERIES,System Total,-21555.0,-17064.0,-20359.0,GdsrNGTLImperial20251223.csv
2025-12-23,2025-12-24,TOTAL_NGTL_RECEIPTS,System Total,21995.0,17018.0,21030.0,GdsrNGTLImperial20251223.csv
2025-12-23,2025-12-24,TOTAL_STORAGE_AND_INTRAPROVINCIAL,System Total,-12475.0,-7983.0,-11428.0,GdsrNGTLImperial20251223.csv
2025-12-24,2025-12-25,ALBERTA_BC,Border Flow,-2982.0,-2989.0,-2897.0,GdsrNGTLImperial20251224.csv
2025-12-24,2025-12-25,EMPRESS,Border Flow,-4958.0,-4954.0,-4900.0,GdsrNGTLImperial20251224.csv
2025-12-24,2025-12-25,MCNEILL,Border Flow,-751.0,-767.0,-734.0,GdsrNGTLImperial20251224.csv
2025-12-24,2025-12-25,OTHER_BORDERS,Border Flow,-313.0,-316.0,-327.0,GdsrNGTLImperial20251224.csv
2025-12-24,2025-12-25,GORDONDALE,Interconnect Flow,236.0,211.0,200.0,GdsrNGTLImperial20251224.csv
2025-12-24,2025-12-25,GROUNDBIRCH_EAST,Interconnect Flow,279.0,278.0,221.0,GdsrNGTLImperial20251224.csv
2025-12-24,2025-12-25,WILLOW_VALLEY,Interconnect Flow,-26.0,-29.0,0.0,GdsrNGTLImperial20251224.csv
2025-12-24,2025-12-25,INTRAPROVINCIAL,Internal Delivery,-10753.0,-8190.0,-10308.0,GdsrNGTLImperial20251224.csv
2025-12-24,2025-12-25,TOTAL_NET_STORAGE,Storage,2384.0,2436.0,2330.0,GdsrNGTLImperial20251224.csv
2025-12-24,2025-12-25,TOTAL_STORAGE_DELIVERIES,Storage,-1664.0,0.0,-1012.0,GdsrNGTLImperial20251224.csv
2025-12-24,2025-12-25,TOTAL_STORAGE_RECEIPTS,Storage,4048.0,2436.0,3342.0,GdsrNGTLImperial20251224.csv
2025-12-24,2025-12-25,TOTAL_NGTL_DELIVERIES,System Total,-21447.0,-17243.0,-20177.0,GdsrNGTLImperial20251224.csv
2025-12-24,2025-12-25,TOTAL_NGTL_RECEIPTS,System Total,21880.0,17190.0,21051.0,GdsrNGTLImperial20251224.csv
2025-12-24,2025-12-25,TOTAL_STORAGE_AND_INTRAPROVINCIAL,System Total,-12417.0,-8190.0,-11319.0,GdsrNGTLImperial20251224.csv
2025-12-25,2025-12-26,ALBERTA_BC,Border Flow,-2876.0,-2850.0,-3052.0,GdsrNGTLImperial20251225.csv
2025-12-25,2025-12-26,EMPRESS,Border Flow,-4934.0,-4926.0,-4879.0,GdsrNGTLImperial20251225.csv
2025-12-25,2025-12-26,MCNEILL,Border Flow,-760.0,-746.0,-760.0,GdsrNGTLImperial20251225.csv
2025-12-25,2025-12-26,OTHER_BORDERS,Border Flow,-327.0,-328.0,-327.0,GdsrNGTLImperial20251225.csv
2025-12-25,2025-12-26,GORDONDALE,Interconnect Flow,200.0,192.0,200.0,GdsrNGTLImperial20251225.csv
2025-12-25,2025-12-26,GROUNDBIRCH_EAST,Interconnect Flow,221.0,220.0,221.0,GdsrNGTLImperial20251225.csv
2025-12-25,2025-12-26,WILLOW_VALLEY,Interconnect Flow,-24.0,-23.0,-13.0,GdsrNGTLImperial20251225.csv
2025-12-25,2025-12-26,INTRAPROVINCIAL,Internal Delivery,-10748.0,-7931.0,-10297.0,GdsrNGTLImperial20251225.csv
2025-12-25,2025-12-26,TOTAL_NET_STORAGE,Storage,2540.0,2515.0,2359.0,GdsrNGTLImperial20251225.csv
2025-12-25,2025-12-26,TOTAL_STORAGE_DELIVERIES,Storage,-1534.0,0.0,-981.0,GdsrNGTLImperial20251225.csv
2025-12-25,2025-12-26,TOTAL_STORAGE_RECEIPTS,Storage,4074.0,2515.0,3340.0,GdsrNGTLImperial20251225.csv
2025-12-25,2025-12-26,TOTAL_NGTL_DELIVERIES,System Total,-21204.0,-16806.0,-20310.0,GdsrNGTLImperial20251225.csv
2025-12-25,2025-12-26,TOTAL_NGTL_RECEIPTS,System Total,21783.0,17004.0,21049.0,GdsrNGTLImperial20251225.csv
2025-12-25,2025-12-26,TOTAL_STORAGE_AND_INTRAPROVINCIAL,System Total,-12282.0,-7931.0,-11278.0,GdsrNGTLImperial20251225.csv
2025-12-26,2025-12-27,ALBERTA_BC,Border Flow,-2983.0,-2966.0,-3048.0,GdsrNGTLImperial20251226.csv
2025-12-26,2025-12-27,EMPRESS,Border Flow,-4939.0,-4827.0,-4909.0,GdsrNGTLImperial20251226.csv
2025-12-26,2025-12-27,MCNEILL,Border Flow,-759.0,-714.0,-740.0,GdsrNGTLImperial20251226.csv
2025-12-26,2025-12-27,OTHER_BORDERS,Border Flow,-327.0,-326.0,-327.0,GdsrNGTLImperial20251226.csv
2025-12-26,2025-12-27,GORDONDALE,Interconnect Flow,200.0,217.0,200.0,GdsrNGTLImperial20251226.csv
2025-12-26,2025-12-27,GROUNDBIRCH_EAST,Interconnect Flow,221.0,220.0,221.0,GdsrNGTLImperial20251226.csv
2025-12-26,2025-12-27,WILLOW_VALLEY,Interconnect Flow,-21.0,-29.0,-47.0,GdsrNGTLImperial20251226.csv
2025-12-26,2025-12-27,INTRAPROVINCIAL,Internal Delivery,-10751.0,-7927.0,-10291.0,GdsrNGTLImperial20251226.csv
2025-12-26,2025-12-27,TOTAL_NET_STORAGE,Storage,2625.0,2585.0,2356.0,GdsrNGTLImperial20251226.csv
2025-12-26,2025-12-27,TOTAL_STORAGE_DELIVERIES,Storage,-1530.0,0.0,-981.0,GdsrNGTLImperial20251226.csv
2025-12-26,2025-12-27,TOTAL_STORAGE_RECEIPTS,Storage,4155.0,2585.0,3337.0,GdsrNGTLImperial20251226.csv
2025-12-26,2025-12-27,TOTAL_NGTL_DELIVERIES,System Total,-21310.0,-16789.0,-20344.0,GdsrNGTLImperial20251226.csv
2025-12-26,2025-12-27,TOTAL_NGTL_RECEIPTS,System Total,21863.0,17110.0,21046.0,GdsrNGTLImperial20251226.csv
2025-12-26,2025-12-27,TOTAL_STORAGE_AND_INTRAPROVINCIAL,System Total,-12281.0,-7927.0,-11272.0,GdsrNGTLImperial20251226.csv
2025-12-27,2025-12-28,ALBERTA_BC,Border Flow,-2923.0,-2918.0,-2998.0,GdsrNGTLImperial20251227.csv
2025-12-27,2025-12-28,EMPRESS,Border Flow,-4974.0,-4983.0,-4942.0,GdsrNGTLImperial20251227.csv
2025-12-27,2025-12-28,MCNEILL,Border Flow,-733.0,-777.0,-732.0,GdsrNGTLImperial20251227.csv
2025-12-27,2025-12-28,OTHER_BORDERS,Border Flow,-327.0,-323.0,-327.0,GdsrNGTLImperial20251227.csv
2025-12-27,2025-12-28,GORDONDALE,Interconnect Flow,206.0,203.0,200.0,GdsrNGTLImperial20251227.csv
2025-12-27,2025-12-28,GROUNDBIRCH_EAST,Interconnect Flow,221.0,220.0,221.0,GdsrNGTLImperial20251227.csv
2025-12-27,2025-12-28,WILLOW_VALLEY,Interconnect Flow,-93.0,-94.0,-50.0,GdsrNGTLImperial20251227.csv
2025-12-27,2025-12-28,INTRAPROVINCIAL,Internal Delivery,-10674.0,-8070.0,-10281.0,GdsrNGTLImperial20251227.csv
2025-12-27,2025-12-28,TOTAL_NET_STORAGE,Storage,2822.0,2831.0,2342.0,GdsrNGTLImperial20251227.csv
2025-12-27,2025-12-28,TOTAL_STORAGE_DELIVERIES,Storage,-1807.0,0.0,-981.0,GdsrNGTLImperial20251227.csv
2025-12-27,2025-12-28,TOTAL_STORAGE_RECEIPTS,Storage,4630.0,2831.0,3323.0,GdsrNGTLImperial20251227.csv
2025-12-27,2025-12-28,TOTAL_NGTL_DELIVERIES,System Total,-21531.0,-17165.0,-20312.0,GdsrNGTLImperial20251227.csv
2025-12-27,2025-12-28,TOTAL_NGTL_RECEIPTS,System Total,22344.0,16902.0,21031.0,GdsrNGTLImperial20251227.csv
2025-12-27,2025-12-28,TOTAL_STORAGE_AND_INTRAPROVINCIAL,System Total,-12481.0,-8070.0,-11262.0,GdsrNGTLImperial20251227.csv
2025-12-28,2025-12-29,ALBERTA_BC,Border Flow,-2980.0,-3025.0,-2966.0,GdsrNGTLImperial20251228.csv
2025-12-28,2025-12-29,EMPRESS,Border Flow,-4976.0,-4969.0,-4923.0,GdsrNGTLImperial20251228.csv
2025-12-28,2025-12-29,MCNEILL,Border Flow,-734.0,-767.0,-731.0,GdsrNGTLImperial20251228.csv
2025-12-28,2025-12-29,OTHER_BORDERS,Border Flow,-327.0,-319.0,-326.0,GdsrNGTLImperial20251228.csv
2025-12-28,2025-12-29,GORDONDALE,Interconnect Flow,200.0,198.0,200.0,GdsrNGTLImperial20251228.csv
2025-12-28,2025-12-29,GROUNDBIRCH_EAST,Interconnect Flow,220.0,220.0,221.0,GdsrNGTLImperial20251228.csv
2025-12-28,2025-12-29,WILLOW_VALLEY,Interconnect Flow,-13.0,-12.0,0.0,GdsrNGTLImperial20251228.csv
2025-12-28,2025-12-29,INTRAPROVINCIAL,Internal Delivery,-10745.0,-7307.0,-10226.0,GdsrNGTLImperial20251228.csv
2025-12-28,2025-12-29,TOTAL_NET_STORAGE,Storage,2325.0,2416.0,2128.0,GdsrNGTLImperial20251228.csv
2025-12-28,2025-12-29,TOTAL_STORAGE_DELIVERIES,Storage,-1547.0,0.0,-981.0,GdsrNGTLImperial20251228.csv
2025-12-28,2025-12-29,TOTAL_STORAGE_RECEIPTS,Storage,3872.0,2416.0,3109.0,GdsrNGTLImperial20251228.csv
2025-12-28,2025-12-29,TOTAL_NGTL_DELIVERIES,System Total,-21321.0,-16398.0,-20153.0,GdsrNGTLImperial20251228.csv
2025-12-28,2025-12-29,TOTAL_NGTL_RECEIPTS,System Total,21579.0,16796.0,20823.0,GdsrNGTLImperial20251228.csv
2025-12-28,2025-12-29,TOTAL_STORAGE_AND_INTRAPROVINCIAL,System Total,-12292.0,-7307.0,-11207.0,GdsrNGTLImperial20251228.csv
2025-12-29,2025-12-30,ALBERTA_BC,Border Flow,-3001.0,-3034.0,-3043.0,GdsrNGTLImperial20251229.csv
2025-12-29,2025-12-30,EMPRESS,Border Flow,-4950.0,-4951.0,-4871.0,GdsrNGTLImperial20251229.csv
2025-12-29,2025-12-30,MCNEILL,Border Flow,-867.0,-833.0,-873.0,GdsrNGTLImperial20251229.csv
2025-12-29,2025-12-30,OTHER_BORDERS,Border Flow,-322.0,-334.0,-345.0,GdsrNGTLImperial20251229.csv
2025-12-29,2025-12-30,GORDONDALE,Interconnect Flow,202.0,201.0,189.0,GdsrNGTLImperial20251229.csv
2025-12-29,2025-12-30,GROUNDBIRCH_EAST,Interconnect Flow,235.0,233.0,217.0,GdsrNGTLImperial20251229.csv
2025-12-29,2025-12-30,WILLOW_VALLEY,Interconnect Flow,0.0,-3.0,-45.0,GdsrNGTLImperial20251229.csv
2025-12-29,2025-12-30,INTRAPROVINCIAL,Internal Delivery,-10655.0,-6786.0,-10209.0,GdsrNGTLImperial20251229.csv
2025-12-29,2025-12-30,TOTAL_NET_STORAGE,Storage,1478.0,1604.0,1858.0,GdsrNGTLImperial20251229.csv
2025-12-29,2025-12-30,TOTAL_STORAGE_DELIVERIES,Storage,-1818.0,0.0,-1115.0,GdsrNGTLImperial20251229.csv
2025-12-29,2025-12-30,TOTAL_STORAGE_RECEIPTS,Storage,3296.0,1604.0,2974.0,GdsrNGTLImperial20251229.csv
2025-12-29,2025-12-30,TOTAL_NGTL_DELIVERIES,System Total,-21613.0,-15940.0,-20502.0,GdsrNGTLImperial20251229.csv
2025-12-29,2025-12-30,TOTAL_NGTL_RECEIPTS,System Total,21014.0,16225.0,20619.0,GdsrNGTLImperial20251229.csv
2025-12-29,2025-12-30,TOTAL_STORAGE_AND_INTRAPROVINCIAL,System Total,-12473.0,-6786.0,-11324.0,GdsrNGTLImperial20251229.csv
2025-12-30,2025-12-31,ALBERTA_BC,Border Flow,-3053.0,-3098.0,-2946.0,GdsrNGTLImperial20251230.csv
2025-12-30,2025-12-31,EMPRESS,Border Flow,-4914.0,-4966.0,-4852.0,GdsrNGTLImperial20251230.csv
2025-12-30,2025-12-31,MCNEILL,Border Flow,-922.0,-940.0,-849.0,GdsrNGTLImperial20251230.csv
2025-12-30,2025-12-31,OTHER_BORDERS,Border Flow,-331.0,-336.0,-304.0,GdsrNGTLImperial20251230.csv
2025-12-30,2025-12-31,GORDONDALE,Interconnect Flow,192.0,183.0,143.0,GdsrNGTLImperial20251230.csv
2025-12-30,2025-12-31,GROUNDBIRCH_EAST,Interconnect Flow,228.0,218.0,178.0,GdsrNGTLImperial20251230.csv
2025-12-30,2025-12-31,WILLOW_VALLEY,Interconnect Flow,-45.0,-45.0,-59.0,GdsrNGTLImperial20251230.csv
2025-12-30,2025-12-31,INTRAPROVINCIAL,Internal Delivery,-10643.0,-6846.0,-10239.0,GdsrNGTLImperial20251230.csv
2025-12-30,2025-12-31,TOTAL_NET_STORAGE,Storage,1375.0,1428.0,1953.0,GdsrNGTLImperial20251230.csv
2025-12-30,2025-12-31,TOTAL_STORAGE_DELIVERIES,Storage,-1927.0,0.0,-1022.0,GdsrNGTLImperial20251230.csv
2025-12-30,2025-12-31,TOTAL_STORAGE_RECEIPTS,Storage,3302.0,1428.0,2975.0,GdsrNGTLImperial20251230.csv
2025-12-30,2025-12-31,TOTAL_NGTL_DELIVERIES,System Total,-21834.0,-16232.0,-20271.0,GdsrNGTLImperial20251230.csv
2025-12-30,2025-12-31,TOTAL_NGTL_RECEIPTS,System Total,21004.0,16260.0,20622.0,GdsrNGTLImperial20251230.csv
2025-12-30,2025-12-31,TOTAL_STORAGE_AND_INTRAPROVINCIAL,System Total,-12570.0,-6846.0,-11261.0,GdsrNGTLImperial20251230.csv
2025-12-31,2026-01-01,ALBERTA_BC,Border Flow,-3020.0,-3067.0,-3082.0,GdsrNGTLImperial20251231.csv
2025-12-31,2026-01-01,EMPRESS,Border Flow,-4942.0,-4957.0,-4816.0,GdsrNGTLImperial20251231.csv
2025-12-31,2026-01-01,MCNEILL,Border Flow,-877.0,-908.0,-865.0,GdsrNGTLImperial20251231.csv
2025-12-31,2026-01-01,OTHER_BORDERS,Border Flow,-309.0,-305.0,-285.0,GdsrNGTLImperial20251231.csv
2025-12-31,2026-01-01,GORDONDALE,Interconnect Flow,150.0,145.0,145.0,GdsrNGTLImperial20251231.csv
2025-12-31,2026-01-01,GROUNDBIRCH_EAST,Interconnect Flow,179.0,179.0,184.0,GdsrNGTLImperial20251231.csv
2025-12-31,2026-01-01,WILLOW_VALLEY,Interconnect Flow,-59.0,-60.0,-52.0,GdsrNGTLImperial20251231.csv
2025-12-31,2026-01-01,INTRAPROVINCIAL,Internal Delivery,-10678.0,-7141.0,-10272.0,GdsrNGTLImperial20251231.csv
2025-12-31,2026-01-01,TOTAL_NET_STORAGE,Storage,1608.0,1576.0,1971.0,GdsrNGTLImperial20251231.csv
2025-12-31,2026-01-01,TOTAL_STORAGE_DELIVERIES,Storage,-1856.0,0.0,-1108.0,GdsrNGTLImperial20251231.csv
2025-12-31,2026-01-01,TOTAL_STORAGE_RECEIPTS,Storage,3464.0,1576.0,3078.0,GdsrNGTLImperial20251231.csv
2025-12-31,2026-01-01,TOTAL_NGTL_DELIVERIES,System Total,-21741.0,-16438.0,-20481.0,GdsrNGTLImperial20251231.csv
2025-12-31,2026-01-01,TOTAL_NGTL_RECEIPTS,System Total,21120.0,16302.0,20153.0,GdsrNGTLImperial20251231.csv
2025-12-31,2026-01-01,TOTAL_STORAGE_AND_INTRAPROVINCIAL,System Total,-12534.0,-7141.0,-11380.0,GdsrNGTLImperial20251231.csv
2026-01-01,2026-01-02,ALBERTA_BC,Border Flow,-3092.0,-3066.0,-3092.0,GdsrNGTLImperial20260101.csv
2026-01-01,2026-01-02,EMPRESS,Border Flow,-4914.0,-4921.0,-4726.0,GdsrNGTLImperial20260101.csv
2026-01-01,2026-01-02,MCNEILL,Border Flow,-860.0,-882.0,-840.0,GdsrNGTLImperial20260101.csv
2026-01-01,2026-01-02,OTHER_BORDERS,Border Flow,-286.0,-306.0,-323.0,GdsrNGTLImperial20260101.csv
2026-01-01,2026-01-02,GORDONDALE,Interconnect Flow,145.0,139.0,128.0,GdsrNGTLImperial20260101.csv
2026-01-01,2026-01-02,GROUNDBIRCH_EAST,Interconnect Flow,184.0,185.0,184.0,GdsrNGTLImperial20260101.csv
2026-01-01,2026-01-02,WILLOW_VALLEY,Interconnect Flow,-54.0,-55.0,-292.0,GdsrNGTLImperial20260101.csv
2026-01-01,2026-01-02,INTRAPROVINCIAL,Internal Delivery,-10730.0,-7969.0,-10269.0,GdsrNGTLImperial20260101.csv
2026-01-01,2026-01-02,TOTAL_NET_STORAGE,Storage,2228.0,2118.0,2051.0,GdsrNGTLImperial20260101.csv
2026-01-01,2026-01-02,TOTAL_STORAGE_DELIVERIES,Storage,-1639.0,0.0,-1072.0,GdsrNGTLImperial20260101.csv
2026-01-01,2026-01-02,TOTAL_STORAGE_RECEIPTS,Storage,3866.0,2118.0,3124.0,GdsrNGTLImperial20260101.csv
2026-01-01,2026-01-02,TOTAL_NGTL_DELIVERIES,System Total,-21574.0,-17199.0,-20614.0,GdsrNGTLImperial20260101.csv
2026-01-01,2026-01-02,TOTAL_NGTL_RECEIPTS,System Total,21232.0,16797.0,20635.0,GdsrNGTLImperial20260101.csv
2026-01-01,2026-01-02,TOTAL_STORAGE_AND_INTRAPROVINCIAL,System Total,-12369.0,-7969.0,-11342.0,GdsrNGTLImperial20260101.csv
2026-01-02,2026-01-03,ALBERTA_BC,Border Flow,-3098.0,-3067.0,-3066.0,GdsrNGTLImperial20260102.csv
2026-01-02,2026-01-03,EMPRESS,Border Flow,-4926.0,-4963.0,-4862.0,GdsrNGTLImperial20260102.csv
2026-01-02,2026-01-03,MCNEILL,Border Flow,-918.0,-898.0,-879.0,GdsrNGTLImperial20260102.csv
2026-01-02,2026-01-03,OTHER_BORDERS,Border Flow,-282.0,-297.0,-282.0,GdsrNGTLImperial20260102.csv
2026-01-02,2026-01-03,GORDONDALE,Interconnect Flow,128.0,162.0,145.0,GdsrNGTLImperial20260102.csv
2026-01-02,2026-01-03,GROUNDBIRCH_EAST,Interconnect Flow,194.0,185.0,184.0,GdsrNGTLImperial20260102.csv
2026-01-02,2026-01-03,WILLOW_VALLEY,Interconnect Flow,-159.0,-159.0,-149.0,GdsrNGTLImperial20260102.csv
2026-01-02,2026-01-03,INTRAPROVINCIAL,Internal Delivery,-10661.0,-7744.0,-10195.0,GdsrNGTLImperial20260102.csv
2026-01-02,2026-01-03,TOTAL_NET_STORAGE,Storage,2721.0,2711.0,2111.0,GdsrNGTLImperial20260102.csv
2026-01-02,2026-01-03,TOTAL_STORAGE_DELIVERIES,Storage,-1833.0,0.0,-1086.0,GdsrNGTLImperial20260102.csv
2026-01-02,2026-01-03,TOTAL_STORAGE_RECEIPTS,Storage,4554.0,2711.0,3197.0,GdsrNGTLImperial20260102.csv
2026-01-02,2026-01-03,TOTAL_NGTL_DELIVERIES,System Total,-21877.0,-17128.0,-20519.0,GdsrNGTLImperial20260102.csv
2026-01-02,2026-01-03,TOTAL_NGTL_RECEIPTS,System Total,22103.0,17198.0,20766.0,GdsrNGTLImperial20260102.csv
2026-01-02,2026-01-03,TOTAL_STORAGE_AND_INTRAPROVINCIAL,System Total,-12495.0,-7744.0,-11282.0,GdsrNGTLImperial20260102.csv
2026-01-03,2026-01-04,ALBERTA_BC,Border Flow,-2992.0,-2973.0,-3019.0,GdsrNGTLImperial20260103.csv
2026-01-03,2026-01-04,EMPRESS,Border Flow,-4941.0,-4704.0,-4865.0,GdsrNGTLImperial20260103.csv
2026-01-03,2026-01-04,MCNEILL,Border Flow,-875.0,-863.0,-882.0,GdsrNGTLImperial20260103.csv
2026-01-03,2026-01-04,OTHER_BORDERS,Border Flow,-282.0,-287.0,-295.0,GdsrNGTLImperial20260103.csv
2026-01-03,2026-01-04,GORDONDALE,Interconnect Flow,131.0,131.0,145.0,GdsrNGTLImperial20260103.csv
2026-01-03,2026-01-04,GROUNDBIRCH_EAST,Interconnect Flow,181.0,181.0,185.0,GdsrNGTLImperial20260103.csv
2026-01-03,2026-01-04,WILLOW_VALLEY,Interconnect Flow,-149.0,-149.0,-105.0,GdsrNGTLImperial20260103.csv
2026-01-03,2026-01-04,INTRAPROVINCIAL,Internal Delivery,-10638.0,-7466.0,-10205.0,GdsrNGTLImperial20260103.csv
2026-01-03,2026-01-04,TOTAL_NET_STORAGE,Storage,2882.0,2824.0,2090.0,GdsrNGTLImperial20260103.csv
2026-01-03,2026-01-04,TOTAL_STORAGE_DELIVERIES,Storage,-2002.0,0.0,-1086.0,GdsrNGTLImperial20260103.csv
2026-01-03,2026-01-04,TOTAL_STORAGE_RECEIPTS,Storage,4884.0,2824.0,3176.0,GdsrNGTLImperial20260103.csv
2026-01-03,2026-01-04,TOTAL_NGTL_DELIVERIES,System Total,-21880.0,-16443.0,-20458.0,GdsrNGTLImperial20260103.csv
2026-01-03,2026-01-04,TOTAL_NGTL_RECEIPTS,System Total,22435.0,17033.0,20745.0,GdsrNGTLImperial20260103.csv
2026-01-03,2026-01-04,TOTAL_STORAGE_AND_INTRAPROVINCIAL,System Total,-12641.0,-7466.0,-11291.0,GdsrNGTLImperial20260103.csv
2026-01-04,2026-01-05,ALBERTA_BC,Border Flow,-2960.0,-2888.0,-3081.0,GdsrNGTLImperial20260104.csv
2026-01-04,2026-01-05,EMPRESS,Border Flow,-4917.0,-5137.0,-4867.0,GdsrNGTLImperial20260104.csv
2026-01-04,2026-01-05,MCNEILL,Border Flow,-890.0,-875.0,-879.0,GdsrNGTLImperial20260104.csv
2026-01-04,2026-01-05,OTHER_BORDERS,Border Flow,-295.0,-289.0,-282.0,GdsrNGTLImperial20260104.csv
2026-01-04,2026-01-05,GORDONDALE,Interconnect Flow,131.0,139.0,145.0,GdsrNGTLImperial20260104.csv
2026-01-04,2026-01-05,GROUNDBIRCH_EAST,Interconnect Flow,180.0,182.0,185.0,GdsrNGTLImperial20260104.csv
2026-01-04,2026-01-05,WILLOW_VALLEY,Interconnect Flow,-26.0,-23.0,-32.0,GdsrNGTLImperial20260104.csv
2026-01-04,2026-01-05,INTRAPROVINCIAL,Internal Delivery,-10669.0,-7506.0,-10241.0,GdsrNGTLImperial20260104.csv
2026-01-04,2026-01-05,TOTAL_NET_STORAGE,Storage,2327.0,2178.0,2011.0,GdsrNGTLImperial20260104.csv
2026-01-04,2026-01-05,TOTAL_STORAGE_DELIVERIES,Storage,-1707.0,0.0,-997.0,GdsrNGTLImperial20260104.csv
2026-01-04,2026-01-05,TOTAL_STORAGE_RECEIPTS,Storage,4034.0,2178.0,3008.0,GdsrNGTLImperial20260104.csv
2026-01-04,2026-01-05,TOTAL_NGTL_DELIVERIES,System Total,-21463.0,-16717.0,-20378.0,GdsrNGTLImperial20260104.csv
2026-01-04,2026-01-05,TOTAL_NGTL_RECEIPTS,System Total,21594.0,16643.0,20571.0,GdsrNGTLImperial20260104.csv
2026-01-04,2026-01-05,TOTAL_STORAGE_AND_INTRAPROVINCIAL,System Total,-12376.0,-7506.0,-11238.0,GdsrNGTLImperial20260104.csv
2026-01-05,2026-01-06,ALBERTA_BC,Border Flow,-2961.0,-2859.0,-2671.0,GdsrNGTLImperial20260105.csv
2026-01-05,2026-01-06,EMPRESS,Border Flow,-4930.0,-4945.0,-4835.0,GdsrNGTLImperial20260105.csv
2026-01-05,2026-01-06,MCNEILL,Border Flow,-872.0,-873.0,-782.0,GdsrNGTLImperial20260105.csv
2026-01-05,2026-01-06,OTHER_BORDERS,Border Flow,-283.0,-282.0,-332.0,GdsrNGTLImperial20260105.csv
2026-01-05,2026-01-06,GORDONDALE,Interconnect Flow,205.0,175.0,222.0,GdsrNGTLImperial20260105.csv
2026-01-05,2026-01-06,GROUNDBIRCH_EAST,Interconnect Flow,240.0,241.0,190.0,GdsrNGTLImperial20260105.csv
2026-01-05,2026-01-06,WILLOW_VALLEY,Interconnect Flow,-7.0,-7.0,0.0,GdsrNGTLImperial20260105.csv
2026-01-05,2026-01-06,INTRAPROVINCIAL,Internal Delivery,-10655.0,-7734.0,-10237.0,GdsrNGTLImperial20260105.csv
2026-01-05,2026-01-06,TOTAL_NET_STORAGE,Storage,2376.0,2400.0,1864.0,GdsrNGTLImperial20260105.csv
2026-01-05,2026-01-06,TOTAL_STORAGE_DELIVERIES,Storage,-1637.0,0.0,-1061.0,GdsrNGTLImperial20260105.csv
2026-01-05,2026-01-06,TOTAL_STORAGE_RECEIPTS,Storage,4012.0,2400.0,2925.0,GdsrNGTLImperial20260105.csv
2026-01-05,2026-01-06,TOTAL_NGTL_DELIVERIES,System Total,-21345.0,-16700.0,-19917.0,GdsrNGTLImperial20260105.csv
2026-01-05,2026-01-06,TOTAL_NGTL_RECEIPTS,System Total,21579.0,16968.0,20779.0,GdsrNGTLImperial20260105.csv
2026-01-05,2026-01-06,TOTAL_STORAGE_AND_INTRAPROVINCIAL,System Total,-12292.0,-7734.0,-11298.0,GdsrNGTLImperial20260105.csv
2026-01-06,2026-01-07,ALBERTA_BC,Border Flow,-2741.0,-2719.0,-3062.0,GdsrNGTLImperial20260106.csv
2026-01-06,2026-01-07,EMPRESS,Border Flow,-4859.0,-4885.0,-4873.0,GdsrNGTLImperial20260106.csv
2026-01-06,2026-01-07,MCNEILL,Border Flow,-844.0,-754.0,-810.0,GdsrNGTLImperial20260106.csv
2026-01-06,2026-01-07,OTHER_BORDERS,Border Flow,-301.0,-293.0,-340.0,GdsrNGTLImperial20260106.csv
2026-01-06,2026-01-07,GORDONDALE,Interconnect Flow,222.0,221.0,185.0,GdsrNGTLImperial20260106.csv
2026-01-06,2026-01-07,GROUNDBIRCH_EAST,Interconnect Flow,264.0,267.0,252.0,GdsrNGTLImperial20260106.csv
2026-01-06,2026-01-07,WILLOW_VALLEY,Interconnect Flow,-33.0,-32.0,-42.0,GdsrNGTLImperial20260106.csv
2026-01-06,2026-01-07,INTRAPROVINCIAL,Internal Delivery,-10753.0,-7058.0,-10245.0,GdsrNGTLImperial20260106.csv
2026-01-06,2026-01-07,TOTAL_NET_STORAGE,Storage,1511.0,1702.0,1974.0,GdsrNGTLImperial20260106.csv
2026-01-06,2026-01-07,TOTAL_STORAGE_DELIVERIES,Storage,-1650.0,0.0,-990.0,GdsrNGTLImperial20260106.csv
2026-01-06,2026-01-07,TOTAL_STORAGE_RECEIPTS,Storage,3161.0,1702.0,2964.0,GdsrNGTLImperial20260106.csv
2026-01-06,2026-01-07,TOTAL_NGTL_DELIVERIES,System Total,-21180.0,-15742.0,-20362.0,GdsrNGTLImperial20260106.csv
2026-01-06,2026-01-07,TOTAL_NGTL_RECEIPTS,System Total,21122.0,16410.0,20870.0,GdsrNGTLImperial20260106.csv
2026-01-06,2026-01-07,TOTAL_STORAGE_AND_INTRAPROVINCIAL,System Total,-12402.0,-7058.0,-11235.0,GdsrNGTLImperial20260106.csv
2026-01-07,2026-01-08,ALBERTA_BC,Border Flow,-3070.0,-3108.0,-3007.0,GdsrNGTLImperial20260107.csv
2026-01-07,2026-01-08,EMPRESS,Border Flow,-4900.0,-4930.0,-4857.0,GdsrNGTLImperial20260107.csv
2026-01-07,2026-01-08,MCNEILL,Border Flow,-801.0,-763.0,-781.0,GdsrNGTLImperial20260107.csv
2026-01-07,2026-01-08,OTHER_BORDERS,Border Flow,-333.0,-293.0,-321.0,GdsrNGTLImperial20260107.csv
2026-01-07,2026-01-08,GORDONDALE,Interconnect Flow,182.0,178.0,144.0,GdsrNGTLImperial20260107.csv
2026-01-07,2026-01-08,GROUNDBIRCH_EAST,Interconnect Flow,250.0,249.0,181.0,GdsrNGTLImperial20260107.csv
2026-01-07,2026-01-08,WILLOW_VALLEY,Interconnect Flow,-42.0,-42.0,-40.0,GdsrNGTLImperial20260107.csv
2026-01-07,2026-01-08,INTRAPROVINCIAL,Internal Delivery,-10706.0,-7165.0,-10224.0,GdsrNGTLImperial20260107.csv
2026-01-07,2026-01-08,TOTAL_NET_STORAGE,Storage,1576.0,1523.0,2164.0,GdsrNGTLImperial20260107.csv
2026-01-07,2026-01-08,TOTAL_STORAGE_DELIVERIES,Storage,-1564.0,0.0,-787.0,GdsrNGTLImperial20260107.csv
2026-01-07,2026-01-08,TOTAL_STORAGE_RECEIPTS,Storage,3141.0,1523.0,2951.0,GdsrNGTLImperial20260107.csv
2026-01-07,2026-01-08,TOTAL_NGTL_DELIVERIES,System Total,-21415.0,-16301.0,-20016.0,GdsrNGTLImperial20260107.csv
2026-01-07,2026-01-08,TOTAL_NGTL_RECEIPTS,System Total,21191.0,16166.0,21025.0,GdsrNGTLImperial20260107.csv
2026-01-07,2026-01-08,TOTAL_STORAGE_AND_INTRAPROVINCIAL,System Total,-12270.0,-7165.0,-11011.0,GdsrNGTLImperial20260107.csv
2026-01-08,2026-01-09,ALBERTA_BC,Border Flow,-3065.0,-3073.0,-3041.0,GdsrNGTLImperial20260108.csv
2026-01-08,2026-01-09,EMPRESS,Border Flow,-4922.0,-4897.0,-4925.0,GdsrNGTLImperial20260108.csv
2026-01-08,2026-01-09,MCNEILL,Border Flow,-745.0,-750.0,-772.0,GdsrNGTLImperial20260108.csv
2026-01-08,2026-01-09,OTHER_BORDERS,Border Flow,-368.0,-301.0,-322.0,GdsrNGTLImperial20260108.csv
2026-01-08,2026-01-09,GORDONDALE,Interconnect Flow,146.0,168.0,146.0,GdsrNGTLImperial20260108.csv
2026-01-08,2026-01-09,GROUNDBIRCH_EAST,Interconnect Flow,187.0,186.0,229.0,GdsrNGTLImperial20260108.csv
2026-01-08,2026-01-09,WILLOW_VALLEY,Interconnect Flow,-43.0,-42.0,-30.0,GdsrNGTLImperial20260108.csv
2026-01-08,2026-01-09,INTRAPROVINCIAL,Internal Delivery,-10740.0,-7331.0,-10233.0,GdsrNGTLImperial20260108.csv
2026-01-08,2026-01-09,TOTAL_NET_STORAGE,Storage,1623.0,1574.0,1899.0,GdsrNGTLImperial20260108.csv
2026-01-08,2026-01-09,TOTAL_STORAGE_DELIVERIES,Storage,-1493.0,0.0,-838.0,GdsrNGTLImperial20260108.csv
2026-01-08,2026-01-09,TOTAL_STORAGE_RECEIPTS,Storage,3116.0,1574.0,2738.0,GdsrNGTLImperial20260108.csv
2026-01-08,2026-01-09,TOTAL_NGTL_DELIVERIES,System Total,-21377.0,-16394.0,-20162.0,GdsrNGTLImperial20260108.csv
2026-01-08,2026-01-09,TOTAL_NGTL_RECEIPTS,System Total,21168.0,16219.0,20816.0,GdsrNGTLImperial20260108.csv
2026-01-08,2026-01-09,TOTAL_STORAGE_AND_INTRAPROVINCIAL,System Total,-12234.0,-7331.0,-11072.0,GdsrNGTLImperial20260108.csv
2026-01-09,2026-01-10,ALBERTA_BC,Border Flow,-3063.0,-3071.0,-3037.0,GdsrNGTLImperial20260109.csv
2026-01-09,2026-01-10,EMPRESS,Border Flow,-4941.0,-4909.0,-4866.0,GdsrNGTLImperial20260109.csv
2026-01-09,2026-01-10,MCNEILL,Border Flow,-790.0,-732.0,-833.0,GdsrNGTLImperial20260109.csv
2026-01-09,2026-01-10,OTHER_BORDERS,Border Flow,-314.0,-317.0,-312.0,GdsrNGTLImperial20260109.csv
2026-01-09,2026-01-10,GORDONDALE,Interconnect Flow,173.0,170.0,154.0,GdsrNGTLImperial20260109.csv
2026-01-09,2026-01-10,GROUNDBIRCH_EAST,Interconnect Flow,228.0,226.0,232.0,GdsrNGTLImperial20260109.csv
2026-01-09,2026-01-10,WILLOW_VALLEY,Interconnect Flow,-31.0,-31.0,-28.0,GdsrNGTLImperial20260109.csv
2026-01-09,2026-01-10,INTRAPROVINCIAL,Internal Delivery,-10703.0,-7036.0,-10230.0,GdsrNGTLImperial20260109.csv
2026-01-09,2026-01-10,TOTAL_NET_STORAGE,Storage,1361.0,1399.0,961.0,GdsrNGTLImperial20260109.csv
2026-01-09,2026-01-10,TOTAL_STORAGE_DELIVERIES,Storage,-1567.0,0.0,-1347.0,GdsrNGTLImperial20260109.csv
2026-01-09,2026-01-10,TOTAL_STORAGE_RECEIPTS,Storage,2928.0,1399.0,2309.0,GdsrNGTLImperial20260109.csv
2026-01-09,2026-01-10,TOTAL_NGTL_DELIVERIES,System Total,-21410.0,-16096.0,-20652.0,GdsrNGTLImperial20260109.csv
2026-01-09,2026-01-10,TOTAL_NGTL_RECEIPTS,System Total,21003.0,16251.0,21700.0,GdsrNGTLImperial20260109.csv
2026-01-09,2026-01-10,TOTAL_STORAGE_AND_INTRAPROVINCIAL,System Total,-12270.0,-7036.0,-11577.0,GdsrNGTLImperial20260109.csv
2026-01-10,2026-01-11,ALBERTA_BC,Border Flow,-3045.0,-3055.0,-3034.0,GdsrNGTLImperial20260110.csv
2026-01-10,2026-01-11,EMPRESS,Border Flow,-4907.0,-4898.0,-4854.0,GdsrNGTLImperial20260110.csv
2026-01-10,2026-01-11,MCNEILL,Border Flow,-823.0,-825.0,-864.0,GdsrNGTLImperial20260110.csv
2026-01-10,2026-01-11,OTHER_BORDERS,Border Flow,-312.0,-315.0,-312.0,GdsrNGTLImperial20260110.csv
2026-01-10,2026-01-11,GORDONDALE,Interconnect Flow,151.0,140.0,149.0,GdsrNGTLImperial20260110.csv
2026-01-10,2026-01-11,GROUNDBIRCH_EAST,Interconnect Flow,217.0,142.0,231.0,GdsrNGTLImperial20260110.csv
2026-01-10,2026-01-11,WILLOW_VALLEY,Interconnect Flow,-25.0,-25.0,-19.0,GdsrNGTLImperial20260110.csv
2026-01-10,2026-01-11,INTRAPROVINCIAL,Internal Delivery,-10630.0,-6480.0,-10168.0,GdsrNGTLImperial20260110.csv
2026-01-10,2026-01-11,TOTAL_NET_STORAGE,Storage,1041.0,1166.0,1032.0,GdsrNGTLImperial20260110.csv
2026-01-10,2026-01-11,TOTAL_STORAGE_DELIVERIES,Storage,-1436.0,0.0,-1396.0,GdsrNGTLImperial20260110.csv
2026-01-10,2026-01-11,TOTAL_STORAGE_RECEIPTS,Storage,2477.0,1166.0,2428.0,GdsrNGTLImperial20260110.csv
2026-01-10,2026-01-11,TOTAL_NGTL_DELIVERIES,System Total,-21179.0,-15599.0,-20647.0,GdsrNGTLImperial20260110.csv
2026-01-10,2026-01-11,TOTAL_NGTL_RECEIPTS,System Total,21823.0,16144.0,21789.0,GdsrNGTLImperial20260110.csv
2026-01-10,2026-01-11,TOTAL_STORAGE_AND_INTRAPROVINCIAL,System Total,-12067.0,-6480.0,-11565.0,GdsrNGTLImperial20260110.csv
2026-01-11,2026-01-12,ALBERTA_BC,Border Flow,-3044.0,-3052.0,-3057.0,GdsrNGTLImperial20260111.csv
2026-01-11,2026-01-12,EMPRESS,Border Flow,-4873.0,-4842.0,-4816.0,GdsrNGTLImperial20260111.csv
2026-01-11,2026-01-12,MCNEILL,Border Flow,-865.0,-892.0,-863.0,GdsrNGTLImperial20260111.csv
2026-01-11,2026-01-12,OTHER_BORDERS,Border Flow,-312.0,-311.0,-319.0,GdsrNGTLImperial20260111.csv
2026-01-11,2026-01-12,GORDONDALE,Interconnect Flow,130.0,150.0,146.0,GdsrNGTLImperial20260111.csv
2026-01-11,2026-01-12,GROUNDBIRCH_EAST,Interconnect Flow,195.0,185.0,211.0,GdsrNGTLImperial20260111.csv
2026-01-11,2026-01-12,WILLOW_VALLEY,Interconnect Flow,-19.0,-19.0,0.0,GdsrNGTLImperial20260111.csv
2026-01-11,2026-01-12,INTRAPROVINCIAL,Internal Delivery,-10693.0,-6456.0,-10145.0,GdsrNGTLImperial20260111.csv
2026-01-11,2026-01-12,TOTAL_NET_STORAGE,Storage,424.0,590.0,1506.0,GdsrNGTLImperial20260111.csv
2026-01-11,2026-01-12,TOTAL_STORAGE_DELIVERIES,Storage,-1997.0,-40.0,-824.0,GdsrNGTLImperial20260111.csv
2026-01-11,2026-01-12,TOTAL_STORAGE_RECEIPTS,Storage,2421.0,630.0,2331.0,GdsrNGTLImperial20260111.csv
2026-01-11,2026-01-12,TOTAL_NGTL_DELIVERIES,System Total,-21804.0,-15612.0,-20024.0,GdsrNGTLImperial20260111.csv
2026-01-11,2026-01-12,TOTAL_NGTL_RECEIPTS,System Total,21690.0,15588.0,21618.0,GdsrNGTLImperial20260111.csv
2026-01-11,2026-01-12,TOTAL_STORAGE_AND_INTRAPROVINCIAL,System Total,-12690.0,-6496.0,-10969.0,GdsrNGTLImperial20260111.csv
2026-01-12,2026-01-13,ALBERTA_BC,Border Flow,-3073.0,-3090.0,-3037.0,GdsrNGTLImperial20260112.csv
2026-01-12,2026-01-13,EMPRESS,Border Flow,-4861.0,-4851.0,-4866.0,GdsrNGTLImperial20260112.csv
2026-01-12,2026-01-13,MCNEILL,Border Flow,-815.0,-817.0,-761.0,GdsrNGTLImperial20260112.csv
2026-01-12,2026-01-13,OTHER_BORDERS,Border Flow,-312.0,-306.0,-319.0,GdsrNGTLImperial20260112.csv
2026-01-12,2026-01-13,GORDONDALE,Interconnect Flow,214.0,189.0,193.0,GdsrNGTLImperial20260112.csv
2026-01-12,2026-01-13,GROUNDBIRCH_EAST,Interconnect Flow,245.0,265.0,235.0,GdsrNGTLImperial20260112.csv
2026-01-12,2026-01-13,WILLOW_VALLEY,Interconnect Flow,-4.0,-4.0,-4.0,GdsrNGTLImperial20260112.csv
2026-01-12,2026-01-13,INTRAPROVINCIAL,Internal Delivery,-10544.0,-6276.0,-10078.0,GdsrNGTLImperial20260112.csv
2026-01-12,2026-01-13,TOTAL_NET_STORAGE,Storage,-170.0,-307.0,1091.0,GdsrNGTLImperial20260112.csv
2026-01-12,2026-01-13,TOTAL_STORAGE_DELIVERIES,Storage,-2710.0,-610.0,-1021.0,GdsrNGTLImperial20260112.csv
2026-01-12,2026-01-13,TOTAL_STORAGE_RECEIPTS,Storage,2540.0,303.0,2113.0,GdsrNGTLImperial20260112.csv
2026-01-12,2026-01-13,TOTAL_NGTL_DELIVERIES,System Total,-22318.0,-15954.0,-20087.0,GdsrNGTLImperial20260112.csv
2026-01-12,2026-01-13,TOTAL_NGTL_RECEIPTS,System Total,22122.0,15452.0,21805.0,GdsrNGTLImperial20260112.csv
2026-01-12,2026-01-13,TOTAL_STORAGE_AND_INTRAPROVINCIAL,System Total,-13254.0,-6886.0,-11099.0,GdsrNGTLImperial20260112.csv
2026-01-13,2026-01-14,ALBERTA_BC,Border Flow,-3033.0,-3066.0,-3057.0,GdsrNGTLImperial20260113.csv
2026-01-13,2026-01-14,EMPRESS,Border Flow,-4875.0,-4875.0,-4885.0,GdsrNGTLImperial20260113.csv
2026-01-13,2026-01-14,MCNEILL,Border Flow,-743.0,-732.0,-864.0,GdsrNGTLImperial20260113.csv
2026-01-13,2026-01-14,OTHER_BORDERS,Border Flow,-308.0,-302.0,-316.0,GdsrNGTLImperial20260113.csv
2026-01-13,2026-01-14,GORDONDALE,Interconnect Flow,238.0,223.0,231.0,GdsrNGTLImperial20260113.csv
2026-01-13,2026-01-14,GROUNDBIRCH_EAST,Interconnect Flow,345.0,355.0,424.0,GdsrNGTLImperial20260113.csv
2026-01-13,2026-01-14,WILLOW_VALLEY,Interconnect Flow,-4.0,-1.0,0.0,GdsrNGTLImperial20260113.csv
2026-01-13,2026-01-14,INTRAPROVINCIAL,Internal Delivery,-10562.0,-6473.0,-10098.0,GdsrNGTLImperial20260113.csv
2026-01-13,2026-01-14,TOTAL_NET_STORAGE,Storage,21.0,112.0,1288.0,GdsrNGTLImperial20260113.csv
2026-01-13,2026-01-14,TOTAL_STORAGE_DELIVERIES,Storage,-2400.0,-216.0,-938.0,GdsrNGTLImperial20260113.csv
2026-01-13,2026-01-14,TOTAL_STORAGE_RECEIPTS,Storage,2421.0,328.0,2226.0,GdsrNGTLImperial20260113.csv
2026-01-13,2026-01-14,TOTAL_NGTL_DELIVERIES,System Total,-21926.0,-15664.0,-20158.0,GdsrNGTLImperial20260113.csv
2026-01-13,2026-01-14,TOTAL_NGTL_RECEIPTS,System Total,22209.0,15757.0,22073.0,GdsrNGTLImperial20260113.csv
2026-01-13,2026-01-14,TOTAL_STORAGE_AND_INTRAPROVINCIAL,System Total,-12962.0,-6688.0,-11036.0,GdsrNGTLImperial20260113.csv
2026-01-14,2026-01-15,ALBERTA_BC,Border Flow,-3076.0,-3056.0,-3070.0,GdsrNGTLImperial20260114.csv
2026-01-14,2026-01-15,EMPRESS,Border Flow,-4878.0,-4800.0,-4706.0,GdsrNGTLImperial20260114.csv
2026-01-14,2026-01-15,MCNEILL,Border Flow,-870.0,-871.0,-732.0,GdsrNGTLImperial20260114.csv
2026-01-14,2026-01-15,OTHER_BORDERS,Border Flow,-262.0,-300.0,-316.0,GdsrNGTLImperial20260114.csv
2026-01-14,2026-01-15,GORDONDALE,Interconnect Flow,230.0,227.0,212.0,GdsrNGTLImperial20260114.csv
2026-01-14,2026-01-15,GROUNDBIRCH_EAST,Interconnect Flow,371.0,369.0,244.0,GdsrNGTLImperial20260114.csv
2026-01-14,2026-01-15,WILLOW_VALLEY,Interconnect Flow,0.0,-1.0,-158.0,GdsrNGTLImperial20260114.csv
2026-01-14,2026-01-15,INTRAPROVINCIAL,Internal Delivery,-10579.0,-6278.0,-10106.0,GdsrNGTLImperial20260114.csv
2026-01-14,2026-01-15,TOTAL_NET_STORAGE,Storage,183.0,123.0,1660.0,GdsrNGTLImperial20260114.csv
2026-01-14,2026-01-15,TOTAL_STORAGE_DELIVERIES,Storage,-2315.0,-282.0,-681.0,GdsrNGTLImperial20260114.csv
2026-01-14,2026-01-15,TOTAL_STORAGE_RECEIPTS,Storage,2499.0,405.0,2341.0,GdsrNGTLImperial20260114.csv
2026-01-14,2026-01-15,TOTAL_NGTL_DELIVERIES,System Total,-21980.0,-15588.0,-19770.0,GdsrNGTLImperial20260114.csv
2026-01-14,2026-01-15,TOTAL_NGTL_RECEIPTS,System Total,22285.0,15586.0,21984.0,GdsrNGTLImperial20260114.csv
2026-01-14,2026-01-15,TOTAL_STORAGE_AND_INTRAPROVINCIAL,System Total,-12894.0,-6560.0,-10788.0,GdsrNGTLImperial20260114.csv
2026-01-15,2026-01-16,ALBERTA_BC,Border Flow,-3060.0,-3087.0,-3014.0,GdsrNGTLImperial20260115.csv
2026-01-15,2026-01-16,EMPRESS,Border Flow,-4877.0,-4891.0,-4753.0,GdsrNGTLImperial20260115.csv
2026-01-15,2026-01-16,MCNEILL,Border Flow,-750.0,-817.0,-802.0,GdsrNGTLImperial20260115.csv
2026-01-15,2026-01-16,OTHER_BORDERS,Border Flow,-305.0,-299.0,-317.0,GdsrNGTLImperial20260115.csv
2026-01-15,2026-01-16,GORDONDALE,Interconnect Flow,206.0,232.0,128.0,GdsrNGTLImperial20260115.csv
2026-01-15,2026-01-16,GROUNDBIRCH_EAST,Interconnect Flow,258.0,288.0,211.0,GdsrNGTLImperial20260115.csv
2026-01-15,2026-01-16,WILLOW_VALLEY,Interconnect Flow,-331.0,-331.0,-202.0,GdsrNGTLImperial20260115.csv
2026-01-15,2026-01-16,INTRAPROVINCIAL,Internal Delivery,-10542.0,-6782.0,-10135.0,GdsrNGTLImperial20260115.csv
2026-01-15,2026-01-16,TOTAL_NET_STORAGE,Storage,1434.0,1224.0,2028.0,GdsrNGTLImperial20260115.csv
2026-01-15,2026-01-16,TOTAL_STORAGE_DELIVERIES,Storage,-1252.0,-8.0,-580.0,GdsrNGTLImperial20260115.csv
2026-01-15,2026-01-16,TOTAL_STORAGE_RECEIPTS,Storage,2686.0,1232.0,2608.0,GdsrNGTLImperial20260115.csv
2026-01-15,2026-01-16,TOTAL_NGTL_DELIVERIES,System Total,-21116.0,-16215.0,-19803.0,GdsrNGTLImperial20260115.csv
2026-01-15,2026-01-16,TOTAL_NGTL_RECEIPTS,System Total,22260.0,16127.0,22017.0,GdsrNGTLImperial20260115.csv
2026-01-15,2026-01-16,TOTAL_STORAGE_AND_INTRAPROVINCIAL,System Total,-11794.0,-6789.0,-10714.0,GdsrNGTLImperial20260115.csv
2026-01-16,2026-01-17,ALBERTA_BC,Border Flow,-2986.0,-3084.0,-2975.0,GdsrNGTLImperial20260116.csv
2026-01-16,2026-01-17,EMPRESS,Border Flow,-4953.0,-4887.0,-4775.0,GdsrNGTLImperial20260116.csv
2026-01-16,2026-01-17,MCNEILL,Border Flow,-751.0,-764.0,-785.0,GdsrNGTLImperial20260116.csv
2026-01-16,2026-01-17,OTHER_BORDERS,Border Flow,-302.0,-300.0,-334.0,GdsrNGTLImperial20260116.csv
2026-01-16,2026-01-17,GORDONDALE,Interconnect Flow,120.0,119.0,119.0,GdsrNGTLImperial20260116.csv
2026-01-16,2026-01-17,GROUNDBIRCH_EAST,Interconnect Flow,221.0,220.0,176.0,GdsrNGTLImperial20260116.csv
2026-01-16,2026-01-17,WILLOW_VALLEY,Interconnect Flow,-200.0,-200.0,-193.0,GdsrNGTLImperial20260116.csv
2026-01-16,2026-01-17,INTRAPROVINCIAL,Internal Delivery,-10595.0,-7159.0,-10125.0,GdsrNGTLImperial20260116.csv
2026-01-16,2026-01-17,TOTAL_NET_STORAGE,Storage,1711.0,1589.0,1242.0,GdsrNGTLImperial20260116.csv
2026-01-16,2026-01-17,TOTAL_STORAGE_DELIVERIES,Storage,-1283.0,0.0,-1288.0,GdsrNGTLImperial20260116.csv
2026-01-16,2026-01-17,TOTAL_STORAGE_RECEIPTS,Storage,2994.0,1589.0,2529.0,GdsrNGTLImperial20260116.csv
2026-01-16,2026-01-17,TOTAL_NGTL_DELIVERIES,System Total,-21072.0,-16394.0,-20474.0,GdsrNGTLImperial20260116.csv
2026-01-16,2026-01-17,TOTAL_NGTL_RECEIPTS,System Total,22395.0,16288.0,21932.0,GdsrNGTLImperial20260116.csv
2026-01-16,2026-01-17,TOTAL_STORAGE_AND_INTRAPROVINCIAL,System Total,-11878.0,-7159.0,-11413.0,GdsrNGTLImperial20260116.csv
2026-01-17,2026-01-18,ALBERTA_BC,Border Flow,-2978.0,-3036.0,-2978.0,GdsrNGTLImperial20260117.csv
2026-01-17,2026-01-18,EMPRESS,Border Flow,-4892.0,-4931.0,-4909.0,GdsrNGTLImperial20260117.csv
2026-01-17,2026-01-18,MCNEILL,Border Flow,-859.0,-764.0,-767.0,GdsrNGTLImperial20260117.csv
2026-01-17,2026-01-18,OTHER_BORDERS,Border Flow,-334.0,-307.0,-334.0,GdsrNGTLImperial20260117.csv
2026-01-17,2026-01-18,GORDONDALE,Interconnect Flow,120.0,157.0,120.0,GdsrNGTLImperial20260117.csv
2026-01-17,2026-01-18,GROUNDBIRCH_EAST,Interconnect Flow,197.0,216.0,175.0,GdsrNGTLImperial20260117.csv
2026-01-17,2026-01-18,WILLOW_VALLEY,Interconnect Flow,-193.0,-193.0,-191.0,GdsrNGTLImperial20260117.csv
2026-01-17,2026-01-18,INTRAPROVINCIAL,Internal Delivery,-10570.0,-6669.0,-10152.0,GdsrNGTLImperial20260117.csv
2026-01-17,2026-01-18,TOTAL_NET_STORAGE,Storage,1368.0,1459.0,1474.0,GdsrNGTLImperial20260117.csv
2026-01-17,2026-01-18,TOTAL_STORAGE_DELIVERIES,Storage,-1305.0,-7.0,-1055.0,GdsrNGTLImperial20260117.csv
2026-01-17,2026-01-18,TOTAL_STORAGE_RECEIPTS,Storage,2673.0,1466.0,2529.0,GdsrNGTLImperial20260117.csv
2026-01-17,2026-01-18,TOTAL_NGTL_DELIVERIES,System Total,-21131.0,-15906.0,-20386.0,GdsrNGTLImperial20260117.csv
2026-01-17,2026-01-18,TOTAL_NGTL_RECEIPTS,System Total,22097.0,16285.0,21932.0,GdsrNGTLImperial20260117.csv
2026-01-17,2026-01-18,TOTAL_STORAGE_AND_INTRAPROVINCIAL,System Total,-11875.0,-6676.0,-11207.0,GdsrNGTLImperial20260117.csv
2026-01-18,2026-01-19,ALBERTA_BC,Border Flow,-2987.0,-3044.0,-2988.0,GdsrNGTLImperial20260118.csv
2026-01-18,2026-01-19,EMPRESS,Border Flow,-4967.0,-4972.0,-4842.0,GdsrNGTLImperial20260118.csv
2026-01-18,2026-01-19,MCNEILL,Border Flow,-770.0,-806.0,-745.0,GdsrNGTLImperial20260118.csv
2026-01-18,2026-01-19,OTHER_BORDERS,Border Flow,-334.0,-311.0,-356.0,GdsrNGTLImperial20260118.csv
2026-01-18,2026-01-19,GORDONDALE,Interconnect Flow,105.0,104.0,119.0,GdsrNGTLImperial20260118.csv
2026-01-18,2026-01-19,GROUNDBIRCH_EAST,Interconnect Flow,196.0,195.0,176.0,GdsrNGTLImperial20260118.csv
2026-01-18,2026-01-19,WILLOW_VALLEY,Interconnect Flow,-199.0,-199.0,-217.0,GdsrNGTLImperial20260118.csv
2026-01-18,2026-01-19,INTRAPROVINCIAL,Internal Delivery,-10607.0,-7322.0,-10141.0,GdsrNGTLImperial20260118.csv
2026-01-18,2026-01-19,TOTAL_NET_STORAGE,Storage,1663.0,1642.0,1475.0,GdsrNGTLImperial20260118.csv
2026-01-18,2026-01-19,TOTAL_STORAGE_DELIVERIES,Storage,-1055.0,0.0,-1055.0,GdsrNGTLImperial20260118.csv
2026-01-18,2026-01-19,TOTAL_STORAGE_RECEIPTS,Storage,2718.0,1642.0,2530.0,GdsrNGTLImperial20260118.csv
2026-01-18,2026-01-19,TOTAL_NGTL_DELIVERIES,System Total,-20920.0,-16655.0,-20345.0,GdsrNGTLImperial20260118.csv
2026-01-18,2026-01-19,TOTAL_NGTL_RECEIPTS,System Total,22125.0,16420.0,21959.0,GdsrNGTLImperial20260118.csv
2026-01-18,2026-01-19,TOTAL_STORAGE_AND_INTRAPROVINCIAL,System Total,-11662.0,-7322.0,-11196.0,GdsrNGTLImperial20260118.csv
2026-01-19,2026-01-20,ALBERTA_BC,Border Flow,-3008.0,-3060.0,-2998.0,GdsrNGTLImperial20260119.csv
2026-01-19,2026-01-20,EMPRESS,Border Flow,-5047.0,-5053.0,-4804.0,GdsrNGTLImperial20260119.csv
2026-01-19,2026-01-20,MCNEILL,Border Flow,-815.0,-783.0,-750.0,GdsrNGTLImperial20260119.csv
2026-01-19,2026-01-20,OTHER_BORDERS,Border Flow,-337.0,-321.0,-357.0,GdsrNGTLImperial20260119.csv
2026-01-19,2026-01-20,GORDONDALE,Interconnect Flow,120.0,13.0,157.0,GdsrNGTLImperial20260119.csv
2026-01-19,2026-01-20,GROUNDBIRCH_EAST,Interconnect Flow,226.0,241.0,177.0,GdsrNGTLImperial20260119.csv
2026-01-19,2026-01-20,WILLOW_VALLEY,Interconnect Flow,-164.0,-164.0,-262.0,GdsrNGTLImperial20260119.csv
2026-01-19,2026-01-20,INTRAPROVINCIAL,Internal Delivery,-10548.0,-7069.0,-10135.0,GdsrNGTLImperial20260119.csv
2026-01-19,2026-01-20,TOTAL_NET_STORAGE,Storage,1785.0,1711.0,2330.0,GdsrNGTLImperial20260119.csv
2026-01-19,2026-01-20,TOTAL_STORAGE_DELIVERIES,Storage,-1153.0,0.0,-509.0,GdsrNGTLImperial20260119.csv
2026-01-19,2026-01-20,TOTAL_STORAGE_RECEIPTS,Storage,2938.0,1711.0,2839.0,GdsrNGTLImperial20260119.csv
2026-01-19,2026-01-20,TOTAL_NGTL_DELIVERIES,System Total,-21071.0,-16450.0,-19815.0,GdsrNGTLImperial20260119.csv
2026-01-19,2026-01-20,TOTAL_NGTL_RECEIPTS,System Total,22415.0,16283.0,26099.0,GdsrNGTLImperial20260119.csv
2026-01-19,2026-01-20,TOTAL_STORAGE_AND_INTRAPROVINCIAL,System Total,-11700.0,-7069.0,-10644.0,GdsrNGTLImperial20260119.csv
2026-01-20,2026-01-21,ALBERTA_BC,Border Flow,-3074.0,-3131.0,-3120.0,GdsrNGTLImperial20260120.csv
2026-01-20,2026-01-21,EMPRESS,Border Flow,-5054.0,-5042.0,-5006.0,GdsrNGTLImperial20260120.csv
2026-01-20,2026-01-21,MCNEILL,Border Flow,-842.0,-815.0,-902.0,GdsrNGTLImperial20260120.csv
2026-01-20,2026-01-21,OTHER_BORDERS,Border Flow,-349.0,-329.0,-317.0,GdsrNGTLImperial20260120.csv
2026-01-20,2026-01-21,GORDONDALE,Interconnect Flow,155.0,68.0,92.0,GdsrNGTLImperial20260120.csv
2026-01-20,2026-01-21,GROUNDBIRCH_EAST,Interconnect Flow,176.0,278.0,202.0,GdsrNGTLImperial20260120.csv
2026-01-20,2026-01-21,WILLOW_VALLEY,Interconnect Flow,-222.0,-231.0,-210.0,GdsrNGTLImperial20260120.csv
2026-01-20,2026-01-21,INTRAPROVINCIAL,Internal Delivery,-10617.0,-6895.0,-10180.0,GdsrNGTLImperial20260120.csv
2026-01-20,2026-01-21,TOTAL_NET_STORAGE,Storage,2006.0,1994.0,2545.0,GdsrNGTLImperial20260120.csv
2026-01-20,2026-01-21,TOTAL_STORAGE_DELIVERIES,Storage,-1169.0,0.0,-437.0,GdsrNGTLImperial20260120.csv
2026-01-20,2026-01-21,TOTAL_STORAGE_RECEIPTS,Storage,3175.0,1994.0,2982.0,GdsrNGTLImperial20260120.csv
2026-01-20,2026-01-21,TOTAL_NGTL_DELIVERIES,System Total,-21328.0,-16444.0,-20240.0,GdsrNGTLImperial20260120.csv
2026-01-20,2026-01-21,TOTAL_NGTL_RECEIPTS,System Total,26452.0,16559.0,26316.0,GdsrNGTLImperial20260120.csv
2026-01-20,2026-01-21,TOTAL_STORAGE_AND_INTRAPROVINCIAL,System Total,-11786.0,-6895.0,-10617.0,GdsrNGTLImperial20260120.csv
2026-01-21,2026-01-22,ALBERTA_BC,Border Flow,-3134.0,-3123.0,-3145.0,GdsrNGTLImperial20260121.csv
2026-01-21,2026-01-22,EMPRESS,Border Flow,-5063.0,-5029.0,-4896.0,GdsrNGTLImperial20260121.csv
2026-01-21,2026-01-22,MCNEILL,Border Flow,-927.0,-984.0,-1138.0,GdsrNGTLImperial20260121.csv
2026-01-21,2026-01-22,OTHER_BORDERS,Border Flow,-329.0,-350.0,-348.0,GdsrNGTLImperial20260121.csv
2026-01-21,2026-01-22,GORDONDALE,Interconnect Flow,66.0,65.0,84.0,GdsrNGTLImperial20260121.csv
2026-01-21,2026-01-22,GROUNDBIRCH_EAST,Interconnect Flow,200.0,205.0,157.0,GdsrNGTLImperial20260121.csv
2026-01-21,2026-01-22,WILLOW_VALLEY,Interconnect Flow,-192.0,-192.0,-271.0,GdsrNGTLImperial20260121.csv
2026-01-21,2026-01-22,INTRAPROVINCIAL,Internal Delivery,-10659.0,-7379.0,-10257.0,GdsrNGTLImperial20260121.csv
2026-01-21,2026-01-22,TOTAL_NET_STORAGE,Storage,2442.0,2412.0,2827.0,GdsrNGTLImperial20260121.csv
2026-01-21,2026-01-22,TOTAL_STORAGE_DELIVERIES,Storage,-986.0,0.0,-383.0,GdsrNGTLImperial20260121.csv
2026-01-21,2026-01-22,TOTAL_STORAGE_RECEIPTS,Storage,3428.0,2412.0,3210.0,GdsrNGTLImperial20260121.csv
2026-01-21,2026-01-22,TOTAL_NGTL_DELIVERIES,System Total,-21342.0,-17058.0,-20439.0,GdsrNGTLImperial20260121.csv
2026-01-21,2026-01-22,TOTAL_NGTL_RECEIPTS,System Total,26717.0,16989.0,26427.0,GdsrNGTLImperial20260121.csv
2026-01-21,2026-01-22,TOTAL_STORAGE_AND_INTRAPROVINCIAL,System Total,-11644.0,-7379.0,-10640.0,GdsrNGTLImperial20260121.csv
2026-01-22,2026-01-23,ALBERTA_BC,Border Flow,-3135.0,-3164.0,-3130.0,GdsrNGTLImperial20260122.csv
2026-01-22,2026-01-23,EMPRESS,Border Flow,-5104.0,-5086.0,-4745.0,GdsrNGTLImperial20260122.csv
2026-01-22,2026-01-23,MCNEILL,Border Flow,-1132.0,-1132.0,-1031.0,GdsrNGTLImperial20260122.csv
2026-01-22,2026-01-23,OTHER_BORDERS,Border Flow,-341.0,-357.0,-413.0,GdsrNGTLImperial20260122.csv
2026-01-22,2026-01-23,GORDONDALE,Interconnect Flow,84.0,129.0,38.0,GdsrNGTLImperial20260122.csv
2026-01-22,2026-01-23,GROUNDBIRCH_EAST,Interconnect Flow,157.0,111.0,157.0,GdsrNGTLImperial20260122.csv
2026-01-22,2026-01-23,WILLOW_VALLEY,Interconnect Flow,-378.0,-378.0,-279.0,GdsrNGTLImperial20260122.csv
2026-01-22,2026-01-23,INTRAPROVINCIAL,Internal Delivery,-10748.0,-8215.0,-10256.0,GdsrNGTLImperial20260122.csv
2026-01-22,2026-01-23,TOTAL_NET_STORAGE,Storage,4024.0,3859.0,3327.0,GdsrNGTLImperial20260122.csv
2026-01-22,2026-01-23,TOTAL_STORAGE_DELIVERIES,Storage,-1223.0,0.0,-440.0,GdsrNGTLImperial20260122.csv
2026-01-22,2026-01-23,TOTAL_STORAGE_RECEIPTS,Storage,5248.0,3859.0,3767.0,GdsrNGTLImperial20260122.csv
2026-01-22,2026-01-23,TOTAL_NGTL_DELIVERIES,System Total,-22061.0,-18333.0,-20313.0,GdsrNGTLImperial20260122.csv
2026-01-22,2026-01-23,TOTAL_NGTL_RECEIPTS,System Total,28439.0,18091.0,26979.0,GdsrNGTLImperial20260122.csv
2026-01-22,2026-01-23,TOTAL_STORAGE_AND_INTRAPROVINCIAL,System Total,-11971.0,-8215.0,-10696.0,GdsrNGTLImperial20260122.csv
2026-01-23,2026-01-24,ALBERTA_BC,Border Flow,-3129.0,-3141.0,-3118.0,GdsrNGTLImperial20260123.csv
2026-01-23,2026-01-24,EMPRESS,Border Flow,-4952.0,-4930.0,-4819.0,GdsrNGTLImperial20260123.csv
2026-01-23,2026-01-24,MCNEILL,Border Flow,-1184.0,-1142.0,-1270.0,GdsrNGTLImperial20260123.csv
2026-01-23,2026-01-24,OTHER_BORDERS,Border Flow,-395.0,-377.0,-405.0,GdsrNGTLImperial20260123.csv
2026-01-23,2026-01-24,GORDONDALE,Interconnect Flow,30.0,79.0,19.0,GdsrNGTLImperial20260123.csv
2026-01-23,2026-01-24,GROUNDBIRCH_EAST,Interconnect Flow,156.0,105.0,143.0,GdsrNGTLImperial20260123.csv
2026-01-23,2026-01-24,WILLOW_VALLEY,Interconnect Flow,-317.0,-317.0,-38.0,GdsrNGTLImperial20260123.csv
2026-01-23,2026-01-24,INTRAPROVINCIAL,Internal Delivery,-10733.0,-7854.0,-10260.0,GdsrNGTLImperial20260123.csv
2026-01-23,2026-01-24,TOTAL_NET_STORAGE,Storage,4043.0,3981.0,3272.0,GdsrNGTLImperial20260123.csv
2026-01-23,2026-01-24,TOTAL_STORAGE_DELIVERIES,Storage,-1299.0,0.0,-472.0,GdsrNGTLImperial20260123.csv
2026-01-23,2026-01-24,TOTAL_STORAGE_RECEIPTS,Storage,5342.0,3981.0,3744.0,GdsrNGTLImperial20260123.csv
2026-01-23,2026-01-24,TOTAL_NGTL_DELIVERIES,System Total,-22035.0,-17762.0,-20389.0,GdsrNGTLImperial20260123.csv
2026-01-23,2026-01-24,TOTAL_NGTL_RECEIPTS,System Total,28217.0,18348.0,26913.0,GdsrNGTLImperial20260123.csv
2026-01-23,2026-01-24,TOTAL_STORAGE_AND_INTRAPROVINCIAL,System Total,-12031.0,-7854.0,-10732.0,GdsrNGTLImperial20260123.csv
2026-01-24,2026-01-25,ALBERTA_BC,Border Flow,-3126.0,-3126.0,-3145.0,GdsrNGTLImperial20260124.csv
2026-01-24,2026-01-25,EMPRESS,Border Flow,-5103.0,-5039.0,-4854.0,GdsrNGTLImperial20260124.csv
2026-01-24,2026-01-25,MCNEILL,Border Flow,-1275.0,-1203.0,-1171.0,GdsrNGTLImperial20260124.csv
2026-01-24,2026-01-25,OTHER_BORDERS,Border Flow,-406.0,-384.0,-406.0,GdsrNGTLImperial20260124.csv
2026-01-24,2026-01-25,GORDONDALE,Interconnect Flow,106.0,133.0,103.0,GdsrNGTLImperial20260124.csv
2026-01-24,2026-01-25,GROUNDBIRCH_EAST,Interconnect Flow,231.0,230.0,229.0,GdsrNGTLImperial20260124.csv
2026-01-24,2026-01-25,WILLOW_VALLEY,Interconnect Flow,-32.0,-32.0,0.0,GdsrNGTLImperial20260124.csv
2026-01-24,2026-01-25,INTRAPROVINCIAL,Internal Delivery,-10794.0,-8103.0,-10291.0,GdsrNGTLImperial20260124.csv
2026-01-24,2026-01-25,TOTAL_NET_STORAGE,Storage,2690.0,2776.0,3261.0,GdsrNGTLImperial20260124.csv
2026-01-24,2026-01-25,TOTAL_STORAGE_DELIVERIES,Storage,-1546.0,0.0,-474.0,GdsrNGTLImperial20260124.csv
2026-01-24,2026-01-25,TOTAL_STORAGE_RECEIPTS,Storage,4236.0,2776.0,3735.0,GdsrNGTLImperial20260124.csv
2026-01-24,2026-01-25,TOTAL_NGTL_DELIVERIES,System Total,-22289.0,-17887.0,-20347.0,GdsrNGTLImperial20260124.csv
2026-01-24,2026-01-25,TOTAL_NGTL_RECEIPTS,System Total,27578.0,17810.0,27073.0,GdsrNGTLImperial20260124.csv
2026-01-24,2026-01-25,TOTAL_STORAGE_AND_INTRAPROVINCIAL,System Total,-12340.0,-8103.0,-10765.0,GdsrNGTLImperial20260124.csv
2026-01-25,2026-01-26,ALBERTA_BC,Border Flow,-3142.0,-3141.0,-3115.0,GdsrNGTLImperial20260125.csv
2026-01-25,2026-01-26,EMPRESS,Border Flow,-5058.0,-5061.0,-4835.0,GdsrNGTLImperial20260125.csv
2026-01-25,2026-01-26,MCNEILL,Border Flow,-1149.0,-1153.0,-1132.0,GdsrNGTLImperial20260125.csv
2026-01-25,2026-01-26,OTHER_BORDERS,Border Flow,-405.0,-389.0,-422.0,GdsrNGTLImperial20260125.csv
2026-01-25,2026-01-26,GORDONDALE,Interconnect Flow,124.0,149.0,104.0,GdsrNGTLImperial20260125.csv
2026-01-25,2026-01-26,GROUNDBIRCH_EAST,Interconnect Flow,234.0,211.0,143.0,GdsrNGTLImperial20260125.csv
2026-01-25,2026-01-26,WILLOW_VALLEY,Interconnect Flow,-13.0,-13.0,-35.0,GdsrNGTLImperial20260125.csv
2026-01-25,2026-01-26,INTRAPROVINCIAL,Internal Delivery,-10762.0,-7529.0,-10293.0,GdsrNGTLImperial20260125.csv
2026-01-25,2026-01-26,TOTAL_NET_STORAGE,Storage,2202.0,2221.0,2929.0,GdsrNGTLImperial20260125.csv
2026-01-25,2026-01-26,TOTAL_STORAGE_DELIVERIES,Storage,-1784.0,0.0,-457.0,GdsrNGTLImperial20260125.csv
2026-01-25,2026-01-26,TOTAL_STORAGE_RECEIPTS,Storage,3986.0,2221.0,3386.0,GdsrNGTLImperial20260125.csv
2026-01-25,2026-01-26,TOTAL_NGTL_DELIVERIES,System Total,-22319.0,-17284.0,-20295.0,GdsrNGTLImperial20260125.csv
2026-01-25,2026-01-26,TOTAL_NGTL_RECEIPTS,System Total,27349.0,17522.0,26638.0,GdsrNGTLImperial20260125.csv
2026-01-25,2026-01-26,TOTAL_STORAGE_AND_INTRAPROVINCIAL,System Total,-12546.0,-7529.0,-10750.0,GdsrNGTLImperial20260125.csv
2026-01-26,2026-01-27,ALBERTA_BC,Border Flow,-3135.0,-3037.0,-3102.0,GdsrNGTLImperial20260126.csv
2026-01-26,2026-01-27,EMPRESS,Border Flow,-5171.0,-5141.0,-4764.0,GdsrNGTLImperial20260126.csv
2026-01-26,2026-01-27,MCNEILL,Border Flow,-1065.0,-993.0,-900.0,GdsrNGTLImperial20260126.csv
2026-01-26,2026-01-27,OTHER_BORDERS,Border Flow,-395.0,-385.0,-381.0,GdsrNGTLImperial20260126.csv
2026-01-26,2026-01-27,GORDONDALE,Interconnect Flow,103.0,126.0,122.0,GdsrNGTLImperial20260126.csv
2026-01-26,2026-01-27,GROUNDBIRCH_EAST,Interconnect Flow,227.0,234.0,158.0,GdsrNGTLImperial20260126.csv
2026-01-26,2026-01-27,WILLOW_VALLEY,Interconnect Flow,-39.0,-39.0,-41.0,GdsrNGTLImperial20260126.csv
2026-01-26,2026-01-27,INTRAPROVINCIAL,Internal Delivery,-10739.0,-7885.0,-10258.0,GdsrNGTLImperial20260126.csv
2026-01-26,2026-01-27,TOTAL_NET_STORAGE,Storage,2454.0,2246.0,2580.0,GdsrNGTLImperial20260126.csv
2026-01-26,2026-01-27,TOTAL_STORAGE_DELIVERIES,Storage,-1572.0,0.0,-832.0,GdsrNGTLImperial20260126.csv
2026-01-26,2026-01-27,TOTAL_STORAGE_RECEIPTS,Storage,4026.0,2246.0,3412.0,GdsrNGTLImperial20260126.csv
2026-01-26,2026-01-27,TOTAL_NGTL_DELIVERIES,System Total,-22121.0,-17481.0,-20278.0,GdsrNGTLImperial20260126.csv
2026-01-26,2026-01-27,TOTAL_NGTL_RECEIPTS,System Total,27359.0,17206.0,26692.0,GdsrNGTLImperial20260126.csv
2026-01-26,2026-01-27,TOTAL_STORAGE_AND_INTRAPROVINCIAL,System Total,-12310.0,-7885.0,-11090.0,GdsrNGTLImperial20260126.csv
2026-01-27,2026-01-28,ALBERTA_BC,Border Flow,-3111.0,-3110.0,-3117.0,GdsrNGTLImperial20260127.csv
2026-01-27,2026-01-28,EMPRESS,Border Flow,-4836.0,-4839.0,-4779.0,GdsrNGTLImperial20260127.csv
2026-01-27,2026-01-28,MCNEILL,Border Flow,-902.0,-949.0,-765.0,GdsrNGTLImperial20260127.csv
2026-01-27,2026-01-28,OTHER_BORDERS,Border Flow,-362.0,-375.0,-366.0,GdsrNGTLImperial20260127.csv
2026-01-27,2026-01-28,GORDONDALE,Interconnect Flow,122.0,117.0,93.0,GdsrNGTLImperial20260127.csv
2026-01-27,2026-01-28,GROUNDBIRCH_EAST,Interconnect Flow,187.0,173.0,174.0,GdsrNGTLImperial20260127.csv
2026-01-27,2026-01-28,WILLOW_VALLEY,Interconnect Flow,-40.0,-42.0,-39.0,GdsrNGTLImperial20260127.csv
2026-01-27,2026-01-28,INTRAPROVINCIAL,Internal Delivery,-10711.0,-7364.0,-10259.0,GdsrNGTLImperial20260127.csv
2026-01-27,2026-01-28,TOTAL_NET_STORAGE,Storage,1866.0,1932.0,2359.0,GdsrNGTLImperial20260127.csv
2026-01-27,2026-01-28,TOTAL_STORAGE_DELIVERIES,Storage,-1691.0,0.0,-810.0,GdsrNGTLImperial20260127.csv
2026-01-27,2026-01-28,TOTAL_STORAGE_RECEIPTS,Storage,3557.0,1932.0,3168.0,GdsrNGTLImperial20260127.csv
2026-01-27,2026-01-28,TOTAL_NGTL_DELIVERIES,System Total,-21653.0,-16679.0,-20135.0,GdsrNGTLImperial20260127.csv
2026-01-27,2026-01-28,TOTAL_NGTL_RECEIPTS,System Total,26866.0,16963.0,26437.0,GdsrNGTLImperial20260127.csv
2026-01-27,2026-01-28,TOTAL_STORAGE_AND_INTRAPROVINCIAL,System Total,-12402.0,-7364.0,-11069.0,GdsrNGTLImperial20260127.csv
2026-01-28,2026-01-29,ALBERTA_BC,Border Flow,-3121.0,-3088.0,-3122.0,GdsrNGTLImperial20260128.csv
2026-01-28,2026-01-29,EMPRESS,Border Flow,-4913.0,-4862.0,-4809.0,GdsrNGTLImperial20260128.csv
2026-01-28,2026-01-29,MCNEILL,Border Flow,-813.0,-766.0,-721.0,GdsrNGTLImperial20260128.csv
2026-01-28,2026-01-29,OTHER_BORDERS,Border Flow,-335.0,-354.0,-339.0,GdsrNGTLImperial20260128.csv
2026-01-28,2026-01-29,GORDONDALE,Interconnect Flow,93.0,92.0,101.0,GdsrNGTLImperial20260128.csv
2026-01-28,2026-01-29,GROUNDBIRCH_EAST,Interconnect Flow,175.0,172.0,173.0,GdsrNGTLImperial20260128.csv
2026-01-28,2026-01-29,WILLOW_VALLEY,Interconnect Flow,-47.0,-47.0,-35.0,GdsrNGTLImperial20260128.csv
2026-01-28,2026-01-29,INTRAPROVINCIAL,Internal Delivery,-10667.0,-7153.0,-10171.0,GdsrNGTLImperial20260128.csv
2026-01-28,2026-01-29,TOTAL_NET_STORAGE,Storage,1274.0,1421.0,2361.0,GdsrNGTLImperial20260128.csv
2026-01-28,2026-01-29,TOTAL_STORAGE_DELIVERIES,Storage,-1947.0,0.0,-773.0,GdsrNGTLImperial20260128.csv
2026-01-28,2026-01-29,TOTAL_STORAGE_RECEIPTS,Storage,3221.0,1421.0,3134.0,GdsrNGTLImperial20260128.csv
2026-01-28,2026-01-29,TOTAL_NGTL_DELIVERIES,System Total,-21843.0,-16270.0,-19970.0,GdsrNGTLImperial20260128.csv
2026-01-28,2026-01-29,TOTAL_NGTL_RECEIPTS,System Total,26490.0,16402.0,26432.0,GdsrNGTLImperial20260128.csv
2026-01-28,2026-01-29,TOTAL_STORAGE_AND_INTRAPROVINCIAL,System Total,-12614.0,-7153.0,-10944.0,GdsrNGTLImperial20260128.csv
2026-01-29,2026-01-30,ALBERTA_BC,Border Flow,-3133.0,-3090.0,-3087.0,GdsrNGTLImperial20260129.csv
2026-01-29,2026-01-30,EMPRESS,Border Flow,-4930.0,-4923.0,-4685.0,GdsrNGTLImperial20260129.csv
2026-01-29,2026-01-30,MCNEILL,Border Flow,-794.0,-784.0,-694.0,GdsrNGTLImperial20260129.csv
2026-01-29,2026-01-30,OTHER_BORDERS,Border Flow,-303.0,-349.0,-359.0,GdsrNGTLImperial20260129.csv
2026-01-29,2026-01-30,GORDONDALE,Interconnect Flow,102.0,139.0,123.0,GdsrNGTLImperial20260129.csv
2026-01-29,2026-01-30,GROUNDBIRCH_EAST,Interconnect Flow,172.0,182.0,173.0,GdsrNGTLImperial20260129.csv
2026-01-29,2026-01-30,WILLOW_VALLEY,Interconnect Flow,-46.0,-46.0,-80.0,GdsrNGTLImperial20260129.csv
2026-01-29,2026-01-30,INTRAPROVINCIAL,Internal Delivery,-10651.0,-6972.0,-10168.0,GdsrNGTLImperial20260129.csv
2026-01-29,2026-01-30,TOTAL_NET_STORAGE,Storage,1238.0,1196.0,2067.0,GdsrNGTLImperial20260129.csv
2026-01-29,2026-01-30,TOTAL_STORAGE_DELIVERIES,Storage,-1940.0,0.0,-965.0,GdsrNGTLImperial20260129.csv
2026-01-29,2026-01-30,TOTAL_STORAGE_RECEIPTS,Storage,3178.0,1196.0,3032.0,GdsrNGTLImperial20260129.csv
2026-01-29,2026-01-30,TOTAL_NGTL_DELIVERIES,System Total,-21797.0,-16162.0,-20038.0,GdsrNGTLImperial20260129.csv
2026-01-29,2026-01-30,TOTAL_NGTL_RECEIPTS,System Total,26473.0,16359.0,26350.0,GdsrNGTLImperial20260129.csv
2026-01-29,2026-01-30,TOTAL_STORAGE_AND_INTRAPROVINCIAL,System Total,-12590.0,-6972.0,-11133.0,GdsrNGTLImperial20260129.csv
2026-01-30,2026-01-31,ALBERTA_BC,Border Flow,-3083.0,-3025.0,-3083.0,GdsrNGTLImperial20260130.csv
2026-01-30,2026-01-31,EMPRESS,Border Flow,-4742.0,-4826.0,-4620.0,GdsrNGTLImperial20260130.csv
2026-01-30,2026-01-31,MCNEILL,Border Flow,-776.0,-767.0,-766.0,GdsrNGTLImperial20260130.csv
2026-01-30,2026-01-31,OTHER_BORDERS,Border Flow,-305.0,-323.0,-293.0,GdsrNGTLImperial20260130.csv
2026-01-30,2026-01-31,GORDONDALE,Interconnect Flow,123.0,121.0,123.0,GdsrNGTLImperial20260130.csv
2026-01-30,2026-01-31,GROUNDBIRCH_EAST,Interconnect Flow,172.0,170.0,172.0,GdsrNGTLImperial20260130.csv
2026-01-30,2026-01-31,WILLOW_VALLEY,Interconnect Flow,-80.0,-80.0,-284.0,GdsrNGTLImperial20260130.csv
2026-01-30,2026-01-31,INTRAPROVINCIAL,Internal Delivery,-10634.0,-6717.0,-10170.0,GdsrNGTLImperial20260130.csv
2026-01-30,2026-01-31,TOTAL_NET_STORAGE,Storage,840.0,939.0,1013.0,GdsrNGTLImperial20260130.csv
2026-01-30,2026-01-31,TOTAL_STORAGE_DELIVERIES,Storage,-1906.0,0.0,-1544.0,GdsrNGTLImperial20260130.csv
2026-01-30,2026-01-31,TOTAL_STORAGE_RECEIPTS,Storage,2746.0,939.0,2557.0,GdsrNGTLImperial20260130.csv
2026-01-30,2026-01-31,TOTAL_NGTL_DELIVERIES,System Total,-21528.0,-15737.0,-20760.0,GdsrNGTLImperial20260130.csv
2026-01-30,2026-01-31,TOTAL_NGTL_RECEIPTS,System Total,26062.0,15854.0,25875.0,GdsrNGTLImperial20260130.csv
2026-01-30,2026-01-31,TOTAL_STORAGE_AND_INTRAPROVINCIAL,System Total,-12541.0,-6717.0,-11715.0,GdsrNGTLImperial20260130.csv
2026-01-31,2026-02-01,ALBERTA_BC,Border Flow,-3079.0,-3030.0,-3043.0,GdsrNGTLImperial20260131.csv
2026-01-31,2026-02-01,EMPRESS,Border Flow,-4709.0,-4636.0,-4646.0,GdsrNGTLImperial20260131.csv
2026-01-31,2026-02-01,MCNEILL,Border Flow,-765.0,-766.0,-736.0,GdsrNGTLImperial20260131.csv
2026-01-31,2026-02-01,OTHER_BORDERS,Border Flow,-293.0,-319.0,-361.0,GdsrNGTLImperial20260131.csv
2026-01-31,2026-02-01,GORDONDALE,Interconnect Flow,123.0,137.0,95.0,GdsrNGTLImperial20260131.csv
2026-01-31,2026-02-01,GROUNDBIRCH_EAST,Interconnect Flow,198.0,188.0,172.0,GdsrNGTLImperial20260131.csv
2026-01-31,2026-02-01,WILLOW_VALLEY,Interconnect Flow,-263.0,-262.0,-159.0,GdsrNGTLImperial20260131.csv
2026-01-31,2026-02-01,INTRAPROVINCIAL,Internal Delivery,-10621.0,-6778.0,-10170.0,GdsrNGTLImperial20260131.csv
2026-01-31,2026-02-01,TOTAL_NET_STORAGE,Storage,1143.0,1150.0,931.0,GdsrNGTLImperial20260131.csv
2026-01-31,2026-02-01,TOTAL_STORAGE_DELIVERIES,Storage,-1723.0,0.0,-1720.0,GdsrNGTLImperial20260131.csv
2026-01-31,2026-02-01,TOTAL_STORAGE_RECEIPTS,Storage,2867.0,1150.0,2651.0,GdsrNGTLImperial20260131.csv
2026-01-31,2026-02-01,TOTAL_NGTL_DELIVERIES,System Total,-21454.0,-15790.0,-20834.0,GdsrNGTLImperial20260131.csv
2026-01-31,2026-02-01,TOTAL_NGTL_RECEIPTS,System Total,26208.0,15902.0,25898.0,GdsrNGTLImperial20260131.csv
2026-01-31,2026-02-01,TOTAL_STORAGE_AND_INTRAPROVINCIAL,System Total,-12345.0,-6778.0,-11890.0,GdsrNGTLImperial20260131.csv
2026-02-01,2026-02-02,ALBERTA_BC,Border Flow,-3042.0,-2974.0,-3039.0,GdsrNGTLImperial20260201.csv
2026-02-01,2026-02-02,EMPRESS,Border Flow,-4701.0,-4688.0,-4637.0,GdsrNGTLImperial20260201.csv
2026-02-01,2026-02-02,MCNEILL,Border Flow,-736.0,-748.0,-738.0,GdsrNGTLImperial20260201.csv
2026-02-01,2026-02-02,OTHER_BORDERS,Border Flow,-361.0,-328.0,-360.0,GdsrNGTLImperial20260201.csv
2026-02-01,2026-02-02,GORDONDALE,Interconnect Flow,95.0,94.0,95.0,GdsrNGTLImperial20260201.csv
2026-02-01,2026-02-02,GROUNDBIRCH_EAST,Interconnect Flow,215.0,192.0,172.0,GdsrNGTLImperial20260201.csv
2026-02-01,2026-02-02,WILLOW_VALLEY,Interconnect Flow,-191.0,-191.0,-62.0,GdsrNGTLImperial20260201.csv
2026-02-01,2026-02-02,INTRAPROVINCIAL,Internal Delivery,-10612.0,-6804.0,-10145.0,GdsrNGTLImperial20260201.csv
2026-02-01,2026-02-02,TOTAL_NET_STORAGE,Storage,1204.0,1108.0,1503.0,GdsrNGTLImperial20260201.csv
2026-02-01,2026-02-02,TOTAL_STORAGE_DELIVERIES,Storage,-1823.0,0.0,-1052.0,GdsrNGTLImperial20260201.csv
2026-02-01,2026-02-02,TOTAL_STORAGE_RECEIPTS,Storage,3027.0,1108.0,2555.0,GdsrNGTLImperial20260201.csv
2026-02-01,2026-02-02,TOTAL_NGTL_DELIVERIES,System Total,-21466.0,-15733.0,-20033.0,GdsrNGTLImperial20260201.csv
2026-02-01,2026-02-02,TOTAL_NGTL_RECEIPTS,System Total,26310.0,15759.0,25789.0,GdsrNGTLImperial20260201.csv
2026-02-01,2026-02-02,TOTAL_STORAGE_AND_INTRAPROVINCIAL,System Total,-12435.0,-6804.0,-11197.0,GdsrNGTLImperial20260201.csv
2026-02-02,2026-02-03,ALBERTA_BC,Border Flow,-3047.0,-2992.0,-3006.0,GdsrNGTLImperial20260202.csv
2026-02-02,2026-02-03,EMPRESS,Border Flow,-4705.0,-4702.0,-4618.0,GdsrNGTLImperial20260202.csv
2026-02-02,2026-02-03,MCNEILL,Border Flow,-752.0,-763.0,-869.0,GdsrNGTLImperial20260202.csv
2026-02-02,2026-02-03,OTHER_BORDERS,Border Flow,-369.0,-326.0,-321.0,GdsrNGTLImperial20260202.csv
2026-02-02,2026-02-03,GORDONDALE,Interconnect Flow,94.0,97.0,84.0,GdsrNGTLImperial20260202.csv
2026-02-02,2026-02-03,GROUNDBIRCH_EAST,Interconnect Flow,172.0,209.0,172.0,GdsrNGTLImperial20260202.csv
2026-02-02,2026-02-03,WILLOW_VALLEY,Interconnect Flow,-57.0,-57.0,-114.0,GdsrNGTLImperial20260202.csv
2026-02-02,2026-02-03,INTRAPROVINCIAL,Internal Delivery,-10607.0,-6626.0,-10143.0,GdsrNGTLImperial20260202.csv
2026-02-02,2026-02-03,TOTAL_NET_STORAGE,Storage,958.0,1068.0,1740.0,GdsrNGTLImperial20260202.csv
2026-02-02,2026-02-03,TOTAL_STORAGE_DELIVERIES,Storage,-1799.0,0.0,-925.0,GdsrNGTLImperial20260202.csv
2026-02-02,2026-02-03,TOTAL_STORAGE_RECEIPTS,Storage,2756.0,1068.0,2666.0,GdsrNGTLImperial20260202.csv
2026-02-02,2026-02-03,TOTAL_NGTL_DELIVERIES,System Total,-21337.0,-15466.0,-19996.0,GdsrNGTLImperial20260202.csv
2026-02-02,2026-02-03,TOTAL_NGTL_RECEIPTS,System Total,25994.0,15992.0,25892.0,GdsrNGTLImperial20260202.csv
2026-02-02,2026-02-03,TOTAL_STORAGE_AND_INTRAPROVINCIAL,System Total,-12406.0,-6626.0,-11068.0,GdsrNGTLImperial20260202.csv
2026-02-03,2026-02-04,ALBERTA_BC,Border Flow,-2997.0,-2962.0,-3013.0,GdsrNGTLImperial20260203.csv
2026-02-03,2026-02-04,EMPRESS,Border Flow,-4669.0,-4672.0,-4507.0,GdsrNGTLImperial20260203.csv
2026-02-03,2026-02-04,MCNEILL,Border Flow,-881.0,-877.0,-964.0,GdsrNGTLImperial20260203.csv
2026-02-03,2026-02-04,OTHER_BORDERS,Border Flow,-346.0,-330.0,-381.0,GdsrNGTLImperial20260203.csv
2026-02-03,2026-02-04,GORDONDALE,Interconnect Flow,115.0,110.0,135.0,GdsrNGTLImperial20260203.csv
2026-02-03,2026-02-04,GROUNDBIRCH_EAST,Interconnect Flow,185.0,185.0,198.0,GdsrNGTLImperial20260203.csv
2026-02-03,2026-02-04,WILLOW_VALLEY,Interconnect Flow,-114.0,-114.0,-97.0,GdsrNGTLImperial20260203.csv
2026-02-03,2026-02-04,INTRAPROVINCIAL,Internal Delivery,-10636.0,-6636.0,-10138.0,GdsrNGTLImperial20260203.csv
2026-02-03,2026-02-04,TOTAL_NET_STORAGE,Storage,534.0,524.0,1328.0,GdsrNGTLImperial20260203.csv
2026-02-03,2026-02-04,TOTAL_STORAGE_DELIVERIES,Storage,-2060.0,0.0,-956.0,GdsrNGTLImperial20260203.csv
2026-02-03,2026-02-04,TOTAL_STORAGE_RECEIPTS,Storage,2593.0,524.0,2284.0,GdsrNGTLImperial20260203.csv
2026-02-03,2026-02-04,TOTAL_NGTL_DELIVERIES,System Total,-21701.0,-15591.0,-20056.0,GdsrNGTLImperial20260203.csv
2026-02-03,2026-02-04,TOTAL_NGTL_RECEIPTS,System Total,25840.0,15288.0,25563.0,GdsrNGTLImperial20260203.csv
2026-02-03,2026-02-04,TOTAL_STORAGE_AND_INTRAPROVINCIAL,System Total,-12695.0,-6636.0,-11094.0,GdsrNGTLImperial20260203.csv
2026-02-04,2026-02-05,ALBERTA_BC,Border Flow,-3025.0,-2843.0,-2991.0,GdsrNGTLImperial20260204.csv
2026-02-04,2026-02-05,EMPRESS,Border Flow,-4553.0,-4551.0,-4465.0,GdsrNGTLImperial20260204.csv
2026-02-04,2026-02-05,MCNEILL,Border Flow,-983.0,-992.0,-889.0,GdsrNGTLImperial20260204.csv
2026-02-04,2026-02-05,OTHER_BORDERS,Border Flow,-371.0,-325.0,-364.0,GdsrNGTLImperial20260204.csv
2026-02-04,2026-02-05,GORDONDALE,Interconnect Flow,153.0,140.0,122.0,GdsrNGTLImperial20260204.csv
2026-02-04,2026-02-05,GROUNDBIRCH_EAST,Interconnect Flow,199.0,185.0,233.0,GdsrNGTLImperial20260204.csv
2026-02-04,2026-02-05,WILLOW_VALLEY,Interconnect Flow,-110.0,-110.0,-98.0,GdsrNGTLImperial20260204.csv
2026-02-04,2026-02-05,INTRAPROVINCIAL,Internal Delivery,-10586.0,-6307.0,-10140.0,GdsrNGTLImperial20260204.csv
2026-02-04,2026-02-05,TOTAL_NET_STORAGE,Storage,502.0,706.0,1867.0,GdsrNGTLImperial20260204.csv
2026-02-04,2026-02-05,TOTAL_STORAGE_DELIVERIES,Storage,-1913.0,0.0,-616.0,GdsrNGTLImperial20260204.csv
2026-02-04,2026-02-05,TOTAL_STORAGE_RECEIPTS,Storage,2415.0,706.0,2482.0,GdsrNGTLImperial20260204.csv
2026-02-04,2026-02-05,TOTAL_NGTL_DELIVERIES,System Total,-21541.0,-15129.0,-19562.0,GdsrNGTLImperial20260204.csv
2026-02-04,2026-02-05,TOTAL_NGTL_RECEIPTS,System Total,25711.0,15693.0,25783.0,GdsrNGTLImperial20260204.csv
2026-02-04,2026-02-05,TOTAL_STORAGE_AND_INTRAPROVINCIAL,System Total,-12498.0,-6307.0,-10755.0,GdsrNGTLImperial20260204.csv
2026-02-05,2026-02-06,ALBERTA_BC,Border Flow,-2993.0,-2788.0,-2502.0,GdsrNGTLImperial20260205.csv
2026-02-05,2026-02-06,EMPRESS,Border Flow,-4509.0,-4524.0,-4537.0,GdsrNGTLImperial20260205.csv
2026-02-05,2026-02-06,MCNEILL,Border Flow,-880.0,-914.0,-874.0,GdsrNGTLImperial20260205.csv
2026-02-05,2026-02-06,OTHER_BORDERS,Border Flow,-345.0,-344.0,-341.0,GdsrNGTLImperial20260205.csv
2026-02-05,2026-02-06,GORDONDALE,Interconnect Flow,122.0,122.0,91.0,GdsrNGTLImperial20260205.csv
2026-02-05,2026-02-06,GROUNDBIRCH_EAST,Interconnect Flow,233.0,233.0,172.0,GdsrNGTLImperial20260205.csv
2026-02-05,2026-02-06,WILLOW_VALLEY,Interconnect Flow,-106.0,-107.0,-101.0,GdsrNGTLImperial20260205.csv
2026-02-05,2026-02-06,INTRAPROVINCIAL,Internal Delivery,-10613.0,-6563.0,-10090.0,GdsrNGTLImperial20260205.csv
2026-02-05,2026-02-06,TOTAL_NET_STORAGE,Storage,437.0,405.0,1062.0,GdsrNGTLImperial20260205.csv
2026-02-05,2026-02-06,TOTAL_STORAGE_DELIVERIES,Storage,-1930.0,-2.0,-1214.0,GdsrNGTLImperial20260205.csv
2026-02-05,2026-02-06,TOTAL_STORAGE_RECEIPTS,Storage,2366.0,407.0,2276.0,GdsrNGTLImperial20260205.csv
2026-02-05,2026-02-06,TOTAL_NGTL_DELIVERIES,System Total,-21375.0,-15241.0,-19662.0,GdsrNGTLImperial20260205.csv
2026-02-05,2026-02-06,TOTAL_NGTL_RECEIPTS,System Total,25666.0,15358.0,25488.0,GdsrNGTLImperial20260205.csv
2026-02-05,2026-02-06,TOTAL_STORAGE_AND_INTRAPROVINCIAL,System Total,-12542.0,-6565.0,-11304.0,GdsrNGTLImperial20260205.csv
2026-02-06,2026-02-07,ALBERTA_BC,Border Flow,-2574.0,-2567.0,-2520.0,GdsrNGTLImperial20260206.csv
2026-02-06,2026-02-07,EMPRESS,Border Flow,-4609.0,-4632.0,-4397.0,GdsrNGTLImperial20260206.csv
2026-02-06,2026-02-07,MCNEILL,Border Flow,-838.0,-790.0,-805.0,GdsrNGTLImperial20260206.csv
2026-02-06,2026-02-07,OTHER_BORDERS,Border Flow,-292.0,-316.0,-294.0,GdsrNGTLImperial20260206.csv
2026-02-06,2026-02-07,GORDONDALE,Interconnect Flow,91.0,90.0,133.0,GdsrNGTLImperial20260206.csv
2026-02-06,2026-02-07,GROUNDBIRCH_EAST,Interconnect Flow,182.0,182.0,247.0,GdsrNGTLImperial20260206.csv
2026-02-06,2026-02-07,WILLOW_VALLEY,Interconnect Flow,-102.0,-102.0,-101.0,GdsrNGTLImperial20260206.csv
2026-02-06,2026-02-07,INTRAPROVINCIAL,Internal Delivery,-10578.0,-6475.0,-10111.0,GdsrNGTLImperial20260206.csv
2026-02-06,2026-02-07,TOTAL_NET_STORAGE,Storage,-135.0,-109.0,-113.0,GdsrNGTLImperial20260206.csv
2026-02-06,2026-02-07,TOTAL_STORAGE_DELIVERIES,Storage,-2292.0,-186.0,-2160.0,GdsrNGTLImperial20260206.csv
2026-02-06,2026-02-07,TOTAL_STORAGE_RECEIPTS,Storage,2157.0,77.0,2048.0,GdsrNGTLImperial20260206.csv
2026-02-06,2026-02-07,TOTAL_NGTL_DELIVERIES,System Total,-21289.0,-15067.0,-20387.0,GdsrNGTLImperial20260206.csv
2026-02-06,2026-02-07,TOTAL_NGTL_RECEIPTS,System Total,25379.0,14898.0,25388.0,GdsrNGTLImperial20260206.csv
2026-02-06,2026-02-07,TOTAL_STORAGE_AND_INTRAPROVINCIAL,System Total,-12871.0,-6661.0,-12271.0,GdsrNGTLImperial20260206.csv
2026-02-07,2026-02-08,ALBERTA_BC,Border Flow,-2531.0,-2591.0,-2526.0,GdsrNGTLImperial20260207.csv
2026-02-07,2026-02-08,EMPRESS,Border Flow,-4498.0,-4565.0,-4410.0,GdsrNGTLImperial20260207.csv
2026-02-07,2026-02-08,MCNEILL,Border Flow,-811.0,-812.0,-808.0,GdsrNGTLImperial20260207.csv
2026-02-07,2026-02-08,OTHER_BORDERS,Border Flow,-293.0,-324.0,-293.0,GdsrNGTLImperial20260207.csv
2026-02-07,2026-02-08,GORDONDALE,Interconnect Flow,134.0,129.0,134.0,GdsrNGTLImperial20260207.csv
2026-02-07,2026-02-08,GROUNDBIRCH_EAST,Interconnect Flow,279.0,266.0,247.0,GdsrNGTLImperial20260207.csv
2026-02-07,2026-02-08,WILLOW_VALLEY,Interconnect Flow,-101.0,-101.0,-101.0,GdsrNGTLImperial20260207.csv
2026-02-07,2026-02-08,INTRAPROVINCIAL,Internal Delivery,-10573.0,-6390.0,-10137.0,GdsrNGTLImperial20260207.csv
2026-02-07,2026-02-08,TOTAL_NET_STORAGE,Storage,-173.0,-289.0,-39.0,GdsrNGTLImperial20260207.csv
2026-02-07,2026-02-08,TOTAL_STORAGE_DELIVERIES,Storage,-2245.0,-388.0,-2062.0,GdsrNGTLImperial20260207.csv
2026-02-07,2026-02-08,TOTAL_STORAGE_RECEIPTS,Storage,2072.0,99.0,2023.0,GdsrNGTLImperial20260207.csv
2026-02-07,2026-02-08,TOTAL_NGTL_DELIVERIES,System Total,-21052.0,-15171.0,-20337.0,GdsrNGTLImperial20260207.csv
2026-02-07,2026-02-08,TOTAL_NGTL_RECEIPTS,System Total,25443.0,15128.0,25369.0,GdsrNGTLImperial20260207.csv
2026-02-07,2026-02-08,TOTAL_STORAGE_AND_INTRAPROVINCIAL,System Total,-12817.0,-6779.0,-12199.0,GdsrNGTLImperial20260207.csv
2026-02-08,2026-02-09,ALBERTA_BC,Border Flow,-2531.0,-2562.0,-2527.0,GdsrNGTLImperial20260208.csv
2026-02-08,2026-02-09,EMPRESS,Border Flow,-4525.0,-4568.0,-4459.0,GdsrNGTLImperial20260208.csv
2026-02-08,2026-02-09,MCNEILL,Border Flow,-816.0,-806.0,-803.0,GdsrNGTLImperial20260208.csv
2026-02-08,2026-02-09,OTHER_BORDERS,Border Flow,-293.0,-318.0,-347.0,GdsrNGTLImperial20260208.csv
2026-02-08,2026-02-09,GORDONDALE,Interconnect Flow,134.0,129.0,134.0,GdsrNGTLImperial20260208.csv
2026-02-08,2026-02-09,GROUNDBIRCH_EAST,Interconnect Flow,226.0,235.0,247.0,GdsrNGTLImperial20260208.csv
2026-02-08,2026-02-09,WILLOW_VALLEY,Interconnect Flow,-101.0,-101.0,-14.0,GdsrNGTLImperial20260208.csv
2026-02-08,2026-02-09,INTRAPROVINCIAL,Internal Delivery,-10591.0,-6665.0,-10154.0,GdsrNGTLImperial20260208.csv
2026-02-08,2026-02-09,TOTAL_NET_STORAGE,Storage,-189.0,-190.0,1224.0,GdsrNGTLImperial20260208.csv
2026-02-08,2026-02-09,TOTAL_STORAGE_DELIVERIES,Storage,-2264.0,-378.0,-1331.0,GdsrNGTLImperial20260208.csv
2026-02-08,2026-02-09,TOTAL_STORAGE_RECEIPTS,Storage,2075.0,188.0,2555.0,GdsrNGTLImperial20260208.csv
2026-02-08,2026-02-09,TOTAL_NGTL_DELIVERIES,System Total,-21122.0,-15398.0,-19634.0,GdsrNGTLImperial20260208.csv
2026-02-08,2026-02-09,TOTAL_NGTL_RECEIPTS,System Total,25399.0,15188.0,25913.0,GdsrNGTLImperial20260208.csv
2026-02-08,2026-02-09,TOTAL_STORAGE_AND_INTRAPROVINCIAL,System Total,-12856.0,-7043.0,-11484.0,GdsrNGTLImperial20260208.csv
2026-02-09,2026-02-10,ALBERTA_BC,Border Flow,-2530.0,-2560.0,-2519.0,GdsrNGTLImperial20260209.csv
2026-02-09,2026-02-10,EMPRESS,Border Flow,-4522.0,-4518.0,-4548.0,GdsrNGTLImperial20260209.csv
2026-02-09,2026-02-10,MCNEILL,Border Flow,-934.0,-829.0,-886.0,GdsrNGTLImperial20260209.csv
2026-02-09,2026-02-10,OTHER_BORDERS,Border Flow,-294.0,-313.0,-305.0,GdsrNGTLImperial20260209.csv
2026-02-09,2026-02-10,GORDONDALE,Interconnect Flow,134.0,141.0,67.0,GdsrNGTLImperial20260209.csv
2026-02-09,2026-02-10,GROUNDBIRCH_EAST,Interconnect Flow,248.0,262.0,172.0,GdsrNGTLImperial20260209.csv
2026-02-09,2026-02-10,WILLOW_VALLEY,Interconnect Flow,-14.0,-14.0,-8.0,GdsrNGTLImperial20260209.csv
2026-02-09,2026-02-10,INTRAPROVINCIAL,Internal Delivery,-10630.0,-6875.0,-10143.0,GdsrNGTLImperial20260209.csv
2026-02-09,2026-02-10,TOTAL_NET_STORAGE,Storage,-79.0,-94.0,1238.0,GdsrNGTLImperial20260209.csv
2026-02-09,2026-02-10,TOTAL_STORAGE_DELIVERIES,Storage,-2400.0,-227.0,-935.0,GdsrNGTLImperial20260209.csv
2026-02-09,2026-02-10,TOTAL_STORAGE_RECEIPTS,Storage,2321.0,133.0,2173.0,GdsrNGTLImperial20260209.csv
2026-02-09,2026-02-10,TOTAL_NGTL_DELIVERIES,System Total,-21324.0,-15335.0,-19344.0,GdsrNGTLImperial20260209.csv
2026-02-09,2026-02-10,TOTAL_NGTL_RECEIPTS,System Total,25686.0,15374.0,25404.0,GdsrNGTLImperial20260209.csv
2026-02-09,2026-02-10,TOTAL_STORAGE_AND_INTRAPROVINCIAL,System Total,-13030.0,-7102.0,-11078.0,GdsrNGTLImperial20260209.csv
2026-02-10,2026-02-11,ALBERTA_BC,Border Flow,-2521.0,-2591.0,-2529.0,GdsrNGTLImperial20260210.csv
2026-02-10,2026-02-11,EMPRESS,Border Flow,-4601.0,-4600.0,-4549.0,GdsrNGTLImperial20260210.csv
2026-02-10,2026-02-11,MCNEILL,Border Flow,-885.0,-870.0,-873.0,GdsrNGTLImperial20260210.csv
2026-02-10,2026-02-11,OTHER_BORDERS,Border Flow,-305.0,-306.0,-306.0,GdsrNGTLImperial20260210.csv
2026-02-10,2026-02-11,GORDONDALE,Interconnect Flow,95.0,93.0,82.0,GdsrNGTLImperial20260210.csv
2026-02-10,2026-02-11,GROUNDBIRCH_EAST,Interconnect Flow,192.0,192.0,173.0,GdsrNGTLImperial20260210.csv
2026-02-10,2026-02-11,WILLOW_VALLEY,Interconnect Flow,-9.0,-9.0,0.0,GdsrNGTLImperial20260210.csv
2026-02-10,2026-02-11,INTRAPROVINCIAL,Internal Delivery,-10585.0,-6688.0,-10139.0,GdsrNGTLImperial20260210.csv
2026-02-10,2026-02-11,TOTAL_NET_STORAGE,Storage,187.0,178.0,1372.0,GdsrNGTLImperial20260210.csv
2026-02-10,2026-02-11,TOTAL_STORAGE_DELIVERIES,Storage,-2012.0,-19.0,-816.0,GdsrNGTLImperial20260210.csv
2026-02-10,2026-02-11,TOTAL_STORAGE_RECEIPTS,Storage,2198.0,197.0,2188.0,GdsrNGTLImperial20260210.csv
2026-02-10,2026-02-11,TOTAL_NGTL_DELIVERIES,System Total,-20919.0,-15084.0,-19212.0,GdsrNGTLImperial20260210.csv
2026-02-10,2026-02-11,TOTAL_NGTL_RECEIPTS,System Total,25477.0,15252.0,25436.0,GdsrNGTLImperial20260210.csv
2026-02-10,2026-02-11,TOTAL_STORAGE_AND_INTRAPROVINCIAL,System Total,-12597.0,-6707.0,-10955.0,GdsrNGTLImperial20260210.csv
2026-02-11,2026-02-12,ALBERTA_BC,Border Flow,-2524.0,-2572.0,-2534.0,GdsrNGTLImperial20260211.csv
2026-02-11,2026-02-12,EMPRESS,Border Flow,-4630.0,-4641.0,-4544.0,GdsrNGTLImperial20260211.csv
2026-02-11,2026-02-12,MCNEILL,Border Flow,-872.0,-912.0,-928.0,GdsrNGTLImperial20260211.csv
2026-02-11,2026-02-12,OTHER_BORDERS,Border Flow,-306.0,-301.0,-305.0,GdsrNGTLImperial20260211.csv
2026-02-11,2026-02-12,GORDONDALE,Interconnect Flow,95.0,82.0,98.0,GdsrNGTLImperial20260211.csv
2026-02-11,2026-02-12,GROUNDBIRCH_EAST,Interconnect Flow,155.0,155.0,205.0,GdsrNGTLImperial20260211.csv
2026-02-11,2026-02-12,WILLOW_VALLEY,Interconnect Flow,-11.0,-11.0,-8.0,GdsrNGTLImperial20260211.csv
2026-02-11,2026-02-12,INTRAPROVINCIAL,Internal Delivery,-10604.0,-6631.0,-10110.0,GdsrNGTLImperial20260211.csv
2026-02-11,2026-02-12,TOTAL_NET_STORAGE,Storage,102.0,90.0,1649.0,GdsrNGTLImperial20260211.csv
2026-02-11,2026-02-12,TOTAL_STORAGE_DELIVERIES,Storage,-2111.0,-118.0,-610.0,GdsrNGTLImperial20260211.csv
2026-02-11,2026-02-12,TOTAL_STORAGE_RECEIPTS,Storage,2213.0,209.0,2259.0,GdsrNGTLImperial20260211.csv
2026-02-11,2026-02-12,TOTAL_NGTL_DELIVERIES,System Total,-21057.0,-15186.0,-19040.0,GdsrNGTLImperial20260211.csv
2026-02-11,2026-02-12,TOTAL_NGTL_RECEIPTS,System Total,25454.0,15218.0,25552.0,GdsrNGTLImperial20260211.csv
2026-02-11,2026-02-12,TOTAL_STORAGE_AND_INTRAPROVINCIAL,System Total,-12715.0,-6749.0,-10720.0,GdsrNGTLImperial20260211.csv
2026-02-12,2026-02-13,ALBERTA_BC,Border Flow,-3065.0,-3002.0,-3038.0,GdsrNGTLImperial20260212.csv
2026-02-12,2026-02-13,EMPRESS,Border Flow,-4608.0,-4611.0,-4564.0,GdsrNGTLImperial20260212.csv
2026-02-12,2026-02-13,MCNEILL,Border Flow,-913.0,-915.0,-914.0,GdsrNGTLImperial20260212.csv
2026-02-12,2026-02-13,OTHER_BORDERS,Border Flow,-305.0,-303.0,-282.0,GdsrNGTLImperial20260212.csv
2026-02-12,2026-02-13,GORDONDALE,Interconnect Flow,99.0,97.0,66.0,GdsrNGTLImperial20260212.csv
2026-02-12,2026-02-13,GROUNDBIRCH_EAST,Interconnect Flow,154.0,152.0,170.0,GdsrNGTLImperial20260212.csv
2026-02-12,2026-02-13,WILLOW_VALLEY,Interconnect Flow,-9.0,-9.0,-9.0,GdsrNGTLImperial20260212.csv
2026-02-12,2026-02-13,INTRAPROVINCIAL,Internal Delivery,-10596.0,-6427.0,-10097.0,GdsrNGTLImperial20260212.csv
2026-02-12,2026-02-13,TOTAL_NET_STORAGE,Storage,401.0,458.0,1610.0,GdsrNGTLImperial20260212.csv
2026-02-12,2026-02-13,TOTAL_STORAGE_DELIVERIES,Storage,-1900.0,-105.0,-834.0,GdsrNGTLImperial20260212.csv
2026-02-12,2026-02-13,TOTAL_STORAGE_RECEIPTS,Storage,2301.0,564.0,2444.0,GdsrNGTLImperial20260212.csv
2026-02-12,2026-02-13,TOTAL_NGTL_DELIVERIES,System Total,-21397.0,-15372.0,-19738.0,GdsrNGTLImperial20260212.csv
2026-02-12,2026-02-13,TOTAL_NGTL_RECEIPTS,System Total,25543.0,15523.0,25671.0,GdsrNGTLImperial20260212.csv
2026-02-12,2026-02-13,TOTAL_STORAGE_AND_INTRAPROVINCIAL,System Total,-12497.0,-6532.0,-10930.0,GdsrNGTLImperial20260212.csv
2026-02-13,2026-02-14,ALBERTA_BC,Border Flow,-3059.0,-3101.0,-3061.0,GdsrNGTLImperial20260213.csv
2026-02-13,2026-02-14,EMPRESS,Border Flow,-4589.0,-4601.0,-4550.0,GdsrNGTLImperial20260213.csv
2026-02-13,2026-02-14,MCNEILL,Border Flow,-937.0,-925.0,-908.0,GdsrNGTLImperial20260213.csv
2026-02-13,2026-02-14,OTHER_BORDERS,Border Flow,-283.0,-306.0,-284.0,GdsrNGTLImperial20260213.csv
2026-02-13,2026-02-14,GORDONDALE,Interconnect Flow,79.0,77.0,105.0,GdsrNGTLImperial20260213.csv
2026-02-13,2026-02-14,GROUNDBIRCH_EAST,Interconnect Flow,185.0,186.0,181.0,GdsrNGTLImperial20260213.csv
2026-02-13,2026-02-14,WILLOW_VALLEY,Interconnect Flow,-44.0,-46.0,-10.0,GdsrNGTLImperial20260213.csv
2026-02-13,2026-02-14,INTRAPROVINCIAL,Internal Delivery,-10613.0,-6703.0,-10127.0,GdsrNGTLImperial20260213.csv
2026-02-13,2026-02-14,TOTAL_NET_STORAGE,Storage,445.0,315.0,552.0,GdsrNGTLImperial20260213.csv
2026-02-13,2026-02-14,TOTAL_STORAGE_DELIVERIES,Storage,-1943.0,-83.0,-1670.0,GdsrNGTLImperial20260213.csv
2026-02-13,2026-02-14,TOTAL_STORAGE_RECEIPTS,Storage,2387.0,399.0,2222.0,GdsrNGTLImperial20260213.csv
2026-02-13,2026-02-14,TOTAL_NGTL_DELIVERIES,System Total,-21467.0,-15766.0,-20610.0,GdsrNGTLImperial20260213.csv
2026-02-13,2026-02-14,TOTAL_NGTL_RECEIPTS,System Total,25641.0,15538.0,25498.0,GdsrNGTLImperial20260213.csv
2026-02-13,2026-02-14,TOTAL_STORAGE_AND_INTRAPROVINCIAL,System Total,-12556.0,-6786.0,-11797.0,GdsrNGTLImperial20260213.csv
2026-02-14,2026-02-15,ALBERTA_BC,Border Flow,-3062.0,-3067.0,-3061.0,GdsrNGTLImperial20260214.csv
2026-02-14,2026-02-15,EMPRESS,Border Flow,-4605.0,-4633.0,-4572.0,GdsrNGTLImperial20260214.csv
2026-02-14,2026-02-15,MCNEILL,Border Flow,-890.0,-926.0,-868.0,GdsrNGTLImperial20260214.csv
2026-02-14,2026-02-15,OTHER_BORDERS,Border Flow,-283.0,-303.0,-283.0,GdsrNGTLImperial20260214.csv
2026-02-14,2026-02-15,GORDONDALE,Interconnect Flow,106.0,105.0,105.0,GdsrNGTLImperial20260214.csv
2026-02-14,2026-02-15,GROUNDBIRCH_EAST,Interconnect Flow,180.0,179.0,180.0,GdsrNGTLImperial20260214.csv
2026-02-14,2026-02-15,WILLOW_VALLEY,Interconnect Flow,-10.0,-9.0,-10.0,GdsrNGTLImperial20260214.csv
2026-02-14,2026-02-15,INTRAPROVINCIAL,Internal Delivery,-10584.0,-6711.0,-10128.0,GdsrNGTLImperial20260214.csv
2026-02-14,2026-02-15,TOTAL_NET_STORAGE,Storage,488.0,406.0,584.0,GdsrNGTLImperial20260214.csv
2026-02-14,2026-02-15,TOTAL_STORAGE_DELIVERIES,Storage,-1903.0,-50.0,-1631.0,GdsrNGTLImperial20260214.csv
2026-02-14,2026-02-15,TOTAL_STORAGE_RECEIPTS,Storage,2390.0,456.0,2215.0,GdsrNGTLImperial20260214.csv
2026-02-14,2026-02-15,TOTAL_NGTL_DELIVERIES,System Total,-21337.0,-15699.0,-20552.0,GdsrNGTLImperial20260214.csv
2026-02-14,2026-02-15,TOTAL_NGTL_RECEIPTS,System Total,25666.0,15624.0,25491.0,GdsrNGTLImperial20260214.csv
2026-02-14,2026-02-15,TOTAL_STORAGE_AND_INTRAPROVINCIAL,System Total,-12487.0,-6761.0,-11759.0,GdsrNGTLImperial20260214.csv
2026-02-15,2026-02-16,ALBERTA_BC,Border Flow,-3063.0,-3040.0,-3060.0,GdsrNGTLImperial20260215.csv
2026-02-15,2026-02-16,EMPRESS,Border Flow,-4612.0,-4607.0,-4574.0,GdsrNGTLImperial20260215.csv
2026-02-15,2026-02-16,MCNEILL,Border Flow,-877.0,-895.0,-867.0,GdsrNGTLImperial20260215.csv
2026-02-15,2026-02-16,OTHER_BORDERS,Border Flow,-284.0,-302.0,-284.0,GdsrNGTLImperial20260215.csv
2026-02-15,2026-02-16,GORDONDALE,Interconnect Flow,106.0,105.0,106.0,GdsrNGTLImperial20260215.csv
2026-02-15,2026-02-16,GROUNDBIRCH_EAST,Interconnect Flow,180.0,180.0,180.0,GdsrNGTLImperial20260215.csv
2026-02-15,2026-02-16,WILLOW_VALLEY,Interconnect Flow,-12.0,-12.0,-109.0,GdsrNGTLImperial20260215.csv
2026-02-15,2026-02-16,INTRAPROVINCIAL,Internal Delivery,-10600.0,-6830.0,-10127.0,GdsrNGTLImperial20260215.csv
2026-02-15,2026-02-16,TOTAL_NET_STORAGE,Storage,561.0,481.0,644.0,GdsrNGTLImperial20260215.csv
2026-02-15,2026-02-16,TOTAL_STORAGE_DELIVERIES,Storage,-1857.0,-2.0,-1630.0,GdsrNGTLImperial20260215.csv
2026-02-15,2026-02-16,TOTAL_STORAGE_RECEIPTS,Storage,2418.0,483.0,2275.0,GdsrNGTLImperial20260215.csv
2026-02-15,2026-02-16,TOTAL_NGTL_DELIVERIES,System Total,-21304.0,-15689.0,-20652.0,GdsrNGTLImperial20260215.csv
2026-02-15,2026-02-16,TOTAL_NGTL_RECEIPTS,System Total,25694.0,15669.0,25551.0,GdsrNGTLImperial20260215.csv
2026-02-15,2026-02-16,TOTAL_STORAGE_AND_INTRAPROVINCIAL,System Total,-12456.0,-6832.0,-11757.0,GdsrNGTLImperial20260215.csv
2026-02-16,2026-02-17,ALBERTA_BC,Border Flow,-3061.0,-3036.0,-3046.0,GdsrNGTLImperial20260216.csv
2026-02-16,2026-02-17,EMPRESS,Border Flow,-4587.0,-4593.0,-4562.0,GdsrNGTLImperial20260216.csv
2026-02-16,2026-02-17,MCNEILL,Border Flow,-880.0,-889.0,-871.0,GdsrNGTLImperial20260216.csv
2026-02-16,2026-02-17,OTHER_BORDERS,Border Flow,-284.0,-297.0,-284.0,GdsrNGTLImperial20260216.csv
2026-02-16,2026-02-17,GORDONDALE,Interconnect Flow,122.0,121.0,105.0,GdsrNGTLImperial20260216.csv
2026-02-16,2026-02-17,GROUNDBIRCH_EAST,Interconnect Flow,202.0,205.0,176.0,GdsrNGTLImperial20260216.csv
2026-02-16,2026-02-17,WILLOW_VALLEY,Interconnect Flow,-117.0,-117.0,-126.0,GdsrNGTLImperial20260216.csv
2026-02-16,2026-02-17,INTRAPROVINCIAL,Internal Delivery,-10583.0,-7216.0,-10223.0,GdsrNGTLImperial20260216.csv
2026-02-16,2026-02-17,TOTAL_NET_STORAGE,Storage,828.0,733.0,2161.0,GdsrNGTLImperial20260216.csv
2026-02-16,2026-02-17,TOTAL_STORAGE_DELIVERIES,Storage,-1879.0,0.0,-801.0,GdsrNGTLImperial20260216.csv
2026-02-16,2026-02-17,TOTAL_STORAGE_RECEIPTS,Storage,2708.0,733.0,2961.0,GdsrNGTLImperial20260216.csv
2026-02-16,2026-02-17,TOTAL_NGTL_DELIVERIES,System Total,-21392.0,-16148.0,-19913.0,GdsrNGTLImperial20260216.csv
2026-02-16,2026-02-17,TOTAL_NGTL_RECEIPTS,System Total,26021.0,15599.0,26234.0,GdsrNGTLImperial20260216.csv
2026-02-16,2026-02-17,TOTAL_STORAGE_AND_INTRAPROVINCIAL,System Total,-12462.0,-7216.0,-11024.0,GdsrNGTLImperial20260216.csv
2026-02-17,2026-02-18,ALBERTA_BC,Border Flow,-3045.0,-2999.0,-2992.0,GdsrNGTLImperial20260217.csv
2026-02-17,2026-02-18,EMPRESS,Border Flow,-4651.0,-4643.0,-4576.0,GdsrNGTLImperial20260217.csv
2026-02-17,2026-02-18,MCNEILL,Border Flow,-754.0,-757.0,-737.0,GdsrNGTLImperial20260217.csv
2026-02-17,2026-02-18,OTHER_BORDERS,Border Flow,-275.0,-293.0,-379.0,GdsrNGTLImperial20260217.csv
2026-02-17,2026-02-18,GORDONDALE,Interconnect Flow,105.0,104.0,67.0,GdsrNGTLImperial20260217.csv
2026-02-17,2026-02-18,GROUNDBIRCH_EAST,Interconnect Flow,181.0,183.0,172.0,GdsrNGTLImperial20260217.csv
2026-02-17,2026-02-18,WILLOW_VALLEY,Interconnect Flow,-374.0,-374.0,-227.0,GdsrNGTLImperial20260217.csv
2026-02-17,2026-02-18,INTRAPROVINCIAL,Internal Delivery,-10710.0,-8010.0,-10294.0,GdsrNGTLImperial20260217.csv
2026-02-17,2026-02-18,TOTAL_NET_STORAGE,Storage,2845.0,2668.0,2341.0,GdsrNGTLImperial20260217.csv
2026-02-17,2026-02-18,TOTAL_STORAGE_DELIVERIES,Storage,-1344.0,0.0,-715.0,GdsrNGTLImperial20260217.csv
2026-02-17,2026-02-18,TOTAL_STORAGE_RECEIPTS,Storage,4190.0,2668.0,3056.0,GdsrNGTLImperial20260217.csv
2026-02-17,2026-02-18,TOTAL_NGTL_DELIVERIES,System Total,-21153.0,-17075.0,-19921.0,GdsrNGTLImperial20260217.csv
2026-02-17,2026-02-18,TOTAL_NGTL_RECEIPTS,System Total,27466.0,16715.0,26288.0,GdsrNGTLImperial20260217.csv
2026-02-17,2026-02-18,TOTAL_STORAGE_AND_INTRAPROVINCIAL,System Total,-12054.0,-8010.0,-11009.0,GdsrNGTLImperial20260217.csv
2026-02-18,2026-02-19,ALBERTA_BC,Border Flow,-2917.0,-2989.0,-2940.0,GdsrNGTLImperial20260218.csv
2026-02-18,2026-02-19,EMPRESS,Border Flow,-4718.0,-4729.0,-4685.0,GdsrNGTLImperial20260218.csv
2026-02-18,2026-02-19,MCNEILL,Border Flow,-660.0,-652.0,-613.0,GdsrNGTLImperial20260218.csv
2026-02-18,2026-02-19,OTHER_BORDERS,Border Flow,-307.0,-315.0,-368.0,GdsrNGTLImperial20260218.csv
2026-02-18,2026-02-19,GORDONDALE,Interconnect Flow,98.0,97.0,75.0,GdsrNGTLImperial20260218.csv
2026-02-18,2026-02-19,GROUNDBIRCH_EAST,Interconnect Flow,172.0,163.0,172.0,GdsrNGTLImperial20260218.csv
2026-02-18,2026-02-19,WILLOW_VALLEY,Interconnect Flow,-236.0,-237.0,-204.0,GdsrNGTLImperial20260218.csv
2026-02-18,2026-02-19,INTRAPROVINCIAL,Internal Delivery,-10624.0,-8249.0,-10190.0,GdsrNGTLImperial20260218.csv
2026-02-18,2026-02-19,TOTAL_NET_STORAGE,Storage,3768.0,3766.0,2478.0,GdsrNGTLImperial20260218.csv
2026-02-18,2026-02-19,TOTAL_STORAGE_DELIVERIES,Storage,-1508.0,0.0,-713.0,GdsrNGTLImperial20260218.csv
2026-02-18,2026-02-19,TOTAL_STORAGE_RECEIPTS,Storage,5276.0,3766.0,3191.0,GdsrNGTLImperial20260218.csv
2026-02-18,2026-02-19,TOTAL_NGTL_DELIVERIES,System Total,-20969.0,-17172.0,-19712.0,GdsrNGTLImperial20260218.csv
2026-02-18,2026-02-19,TOTAL_NGTL_RECEIPTS,System Total,28539.0,17575.0,26432.0,GdsrNGTLImperial20260218.csv
2026-02-18,2026-02-19,TOTAL_STORAGE_AND_INTRAPROVINCIAL,System Total,-12131.0,-8249.0,-10903.0,GdsrNGTLImperial20260218.csv
2026-02-19,2026-02-20,ALBERTA_BC,Border Flow,-2934.0,-2990.0,-2932.0,GdsrNGTLImperial20260219.csv
2026-02-19,2026-02-20,EMPRESS,Border Flow,-4709.0,-4727.0,-4766.0,GdsrNGTLImperial20260219.csv
2026-02-19,2026-02-20,MCNEILL,Border Flow,-656.0,-614.0,-714.0,GdsrNGTLImperial20260219.csv
2026-02-19,2026-02-20,OTHER_BORDERS,Border Flow,-339.0,-315.0,-375.0,GdsrNGTLImperial20260219.csv
2026-02-19,2026-02-20,GORDONDALE,Interconnect Flow,75.0,74.0,74.0,GdsrNGTLImperial20260219.csv
2026-02-19,2026-02-20,GROUNDBIRCH_EAST,Interconnect Flow,193.0,178.0,172.0,GdsrNGTLImperial20260219.csv
2026-02-19,2026-02-20,WILLOW_VALLEY,Interconnect Flow,-204.0,-204.0,-204.0,GdsrNGTLImperial20260219.csv
2026-02-19,2026-02-20,INTRAPROVINCIAL,Internal Delivery,-10660.0,-8213.0,-10258.0,GdsrNGTLImperial20260219.csv
2026-02-19,2026-02-20,TOTAL_NET_STORAGE,Storage,3319.0,3155.0,2014.0,GdsrNGTLImperial20260219.csv
2026-02-19,2026-02-20,TOTAL_STORAGE_DELIVERIES,Storage,-1464.0,0.0,-1131.0,GdsrNGTLImperial20260219.csv
2026-02-19,2026-02-20,TOTAL_STORAGE_RECEIPTS,Storage,4783.0,3155.0,3145.0,GdsrNGTLImperial20260219.csv
2026-02-19,2026-02-20,TOTAL_NGTL_DELIVERIES,System Total,-20966.0,-17063.0,-20380.0,GdsrNGTLImperial20260219.csv
2026-02-19,2026-02-20,TOTAL_NGTL_RECEIPTS,System Total,27708.0,17074.0,26384.0,GdsrNGTLImperial20260219.csv
2026-02-19,2026-02-20,TOTAL_STORAGE_AND_INTRAPROVINCIAL,System Total,-12124.0,-8213.0,-11389.0,GdsrNGTLImperial20260219.csv
2026-02-20,2026-02-21,ALBERTA_BC,Border Flow,-2983.0,-2946.0,-2958.0,GdsrNGTLImperial20260220.csv
2026-02-20,2026-02-21,EMPRESS,Border Flow,-4784.0,-4761.0,-4754.0,GdsrNGTLImperial20260220.csv
2026-02-20,2026-02-21,MCNEILL,Border Flow,-845.0,-724.0,-896.0,GdsrNGTLImperial20260220.csv
2026-02-20,2026-02-21,OTHER_BORDERS,Border Flow,-314.0,-321.0,-282.0,GdsrNGTLImperial20260220.csv
2026-02-20,2026-02-21,GORDONDALE,Interconnect Flow,74.0,101.0,141.0,GdsrNGTLImperial20260220.csv
2026-02-20,2026-02-21,GROUNDBIRCH_EAST,Interconnect Flow,172.0,196.0,235.0,GdsrNGTLImperial20260220.csv
2026-02-20,2026-02-21,WILLOW_VALLEY,Interconnect Flow,-205.0,-205.0,-77.0,GdsrNGTLImperial20260220.csv
2026-02-20,2026-02-21,INTRAPROVINCIAL,Internal Delivery,-10618.0,-8122.0,-10173.0,GdsrNGTLImperial20260220.csv
2026-02-20,2026-02-21,TOTAL_NET_STORAGE,Storage,3118.0,3041.0,2784.0,GdsrNGTLImperial20260220.csv
2026-02-20,2026-02-21,TOTAL_STORAGE_DELIVERIES,Storage,-1621.0,0.0,-478.0,GdsrNGTLImperial20260220.csv
2026-02-20,2026-02-21,TOTAL_STORAGE_RECEIPTS,Storage,4740.0,3041.0,3262.0,GdsrNGTLImperial20260220.csv
2026-02-20,2026-02-21,TOTAL_NGTL_DELIVERIES,System Total,-21370.0,-17078.0,-19618.0,GdsrNGTLImperial20260220.csv
2026-02-20,2026-02-21,TOTAL_NGTL_RECEIPTS,System Total,27980.0,17044.0,26632.0,GdsrNGTLImperial20260220.csv
2026-02-20,2026-02-21,TOTAL_STORAGE_AND_INTRAPROVINCIAL,System Total,-12239.0,-8122.0,-10651.0,GdsrNGTLImperial20260220.csv
2026-02-21,2026-02-22,ALBERTA_BC,Border Flow,-2955.0,-2966.0,-2944.0,GdsrNGTLImperial20260221.csv
2026-02-21,2026-02-22,EMPRESS,Border Flow,-4834.0,-4811.0,-4781.0,GdsrNGTLImperial20260221.csv
2026-02-21,2026-02-22,MCNEILL,Border Flow,-868.0,-877.0,-885.0,GdsrNGTLImperial20260221.csv
2026-02-21,2026-02-22,OTHER_BORDERS,Border Flow,-299.0,-315.0,-299.0,GdsrNGTLImperial20260221.csv
2026-02-21,2026-02-22,GORDONDALE,Interconnect Flow,141.0,136.0,141.0,GdsrNGTLImperial20260221.csv
2026-02-21,2026-02-22,GROUNDBIRCH_EAST,Interconnect Flow,247.0,234.0,234.0,GdsrNGTLImperial20260221.csv
2026-02-21,2026-02-22,WILLOW_VALLEY,Interconnect Flow,-194.0,-194.0,-201.0,GdsrNGTLImperial20260221.csv
2026-02-21,2026-02-22,INTRAPROVINCIAL,Internal Delivery,-10597.0,-8024.0,-10140.0,GdsrNGTLImperial20260221.csv
2026-02-21,2026-02-22,TOTAL_NET_STORAGE,Storage,2852.0,2960.0,2818.0,GdsrNGTLImperial20260221.csv
2026-02-21,2026-02-22,TOTAL_STORAGE_DELIVERIES,Storage,-1350.0,0.0,-478.0,GdsrNGTLImperial20260221.csv
2026-02-21,2026-02-22,TOTAL_STORAGE_RECEIPTS,Storage,4202.0,2960.0,3296.0,GdsrNGTLImperial20260221.csv
2026-02-21,2026-02-22,TOTAL_NGTL_DELIVERIES,System Total,-21098.0,-17187.0,-19728.0,GdsrNGTLImperial20260221.csv
2026-02-21,2026-02-22,TOTAL_NGTL_RECEIPTS,System Total,27584.0,17255.0,26405.0,GdsrNGTLImperial20260221.csv
2026-02-21,2026-02-22,TOTAL_STORAGE_AND_INTRAPROVINCIAL,System Total,-11948.0,-8024.0,-10618.0,GdsrNGTLImperial20260221.csv
2026-02-22,2026-02-23,ALBERTA_BC,Border Flow,-2934.0,-2947.0,-2950.0,GdsrNGTLImperial20260222.csv
2026-02-22,2026-02-23,EMPRESS,Border Flow,-4857.0,-4876.0,-4797.0,GdsrNGTLImperial20260222.csv
2026-02-22,2026-02-23,MCNEILL,Border Flow,-893.0,-894.0,-903.0,GdsrNGTLImperial20260222.csv
2026-02-22,2026-02-23,OTHER_BORDERS,Border Flow,-299.0,-305.0,-286.0,GdsrNGTLImperial20260222.csv
2026-02-22,2026-02-23,GORDONDALE,Interconnect Flow,141.0,137.0,141.0,GdsrNGTLImperial20260222.csv
2026-02-22,2026-02-23,GROUNDBIRCH_EAST,Interconnect Flow,234.0,230.0,234.0,GdsrNGTLImperial20260222.csv
2026-02-22,2026-02-23,WILLOW_VALLEY,Interconnect Flow,-268.0,-268.0,-249.0,GdsrNGTLImperial20260222.csv
2026-02-22,2026-02-23,INTRAPROVINCIAL,Internal Delivery,-10574.0,-7689.0,-10088.0,GdsrNGTLImperial20260222.csv
2026-02-22,2026-02-23,TOTAL_NET_STORAGE,Storage,2659.0,2780.0,2372.0,GdsrNGTLImperial20260222.csv
2026-02-22,2026-02-23,TOTAL_STORAGE_DELIVERIES,Storage,-1506.0,0.0,-695.0,GdsrNGTLImperial20260222.csv
2026-02-22,2026-02-23,TOTAL_STORAGE_RECEIPTS,Storage,4164.0,2780.0,3068.0,GdsrNGTLImperial20260222.csv
2026-02-22,2026-02-23,TOTAL_NGTL_DELIVERIES,System Total,-21330.0,-16980.0,-19968.0,GdsrNGTLImperial20260222.csv
2026-02-22,2026-02-23,TOTAL_NGTL_RECEIPTS,System Total,27534.0,17074.0,26439.0,GdsrNGTLImperial20260222.csv
2026-02-22,2026-02-23,TOTAL_STORAGE_AND_INTRAPROVINCIAL,System Total,-12080.0,-7689.0,-10783.0,GdsrNGTLImperial20260222.csv
2026-02-23,2026-02-24,ALBERTA_BC,Border Flow,-2938.0,-2966.0,-2992.0,GdsrNGTLImperial20260223.csv
2026-02-23,2026-02-24,EMPRESS,Border Flow,-4861.0,-4852.0,-4924.0,GdsrNGTLImperial20260223.csv
2026-02-23,2026-02-24,MCNEILL,Border Flow,-917.0,-919.0,-767.0,GdsrNGTLImperial20260223.csv
2026-02-23,2026-02-24,OTHER_BORDERS,Border Flow,-275.0,-307.0,-358.0,GdsrNGTLImperial20260223.csv
2026-02-23,2026-02-24,GORDONDALE,Interconnect Flow,141.0,137.0,67.0,GdsrNGTLImperial20260223.csv
2026-02-23,2026-02-24,GROUNDBIRCH_EAST,Interconnect Flow,234.0,233.0,172.0,GdsrNGTLImperial20260223.csv
2026-02-23,2026-02-24,WILLOW_VALLEY,Interconnect Flow,-326.0,-326.0,-303.0,GdsrNGTLImperial20260223.csv
2026-02-23,2026-02-24,INTRAPROVINCIAL,Internal Delivery,-10556.0,-7551.0,-10071.0,GdsrNGTLImperial20260223.csv
2026-02-23,2026-02-24,TOTAL_NET_STORAGE,Storage,2372.0,2376.0,2196.0,GdsrNGTLImperial20260223.csv
2026-02-23,2026-02-24,TOTAL_STORAGE_DELIVERIES,Storage,-1574.0,0.0,-473.0,GdsrNGTLImperial20260223.csv
2026-02-23,2026-02-24,TOTAL_STORAGE_RECEIPTS,Storage,3946.0,2376.0,2669.0,GdsrNGTLImperial20260223.csv
2026-02-23,2026-02-24,TOTAL_NGTL_DELIVERIES,System Total,-21446.0,-16921.0,-19889.0,GdsrNGTLImperial20260223.csv
2026-02-23,2026-02-24,TOTAL_NGTL_RECEIPTS,System Total,27320.0,16552.0,25904.0,GdsrNGTLImperial20260223.csv
2026-02-23,2026-02-24,TOTAL_STORAGE_AND_INTRAPROVINCIAL,System Total,-12130.0,-7551.0,-10544.0,GdsrNGTLImperial20260223.csv
2026-02-24,2026-02-25,ALBERTA_BC,Border Flow,-2981.0,-2972.0,-2809.0,GdsrNGTLImperial20260224.csv
2026-02-24,2026-02-25,EMPRESS,Border Flow,-4988.0,-4991.0,-4934.0,GdsrNGTLImperial20260224.csv
2026-02-24,2026-02-25,MCNEILL,Border Flow,-840.0,-781.0,-671.0,GdsrNGTLImperial20260224.csv
2026-02-24,2026-02-25,OTHER_BORDERS,Border Flow,-323.0,-349.0,-352.0,GdsrNGTLImperial20260224.csv
2026-02-24,2026-02-25,GORDONDALE,Interconnect Flow,95.0,94.0,76.0,GdsrNGTLImperial20260224.csv
2026-02-24,2026-02-25,GROUNDBIRCH_EAST,Interconnect Flow,178.0,178.0,172.0,GdsrNGTLImperial20260224.csv
2026-02-24,2026-02-25,WILLOW_VALLEY,Interconnect Flow,-185.0,-185.0,-243.0,GdsrNGTLImperial20260224.csv
2026-02-24,2026-02-25,INTRAPROVINCIAL,Internal Delivery,-10536.0,-6984.0,-10020.0,GdsrNGTLImperial20260224.csv
2026-02-24,2026-02-25,TOTAL_NET_STORAGE,Storage,2212.0,2236.0,2000.0,GdsrNGTLImperial20260224.csv
2026-02-24,2026-02-25,TOTAL_STORAGE_DELIVERIES,Storage,-1321.0,0.0,-704.0,GdsrNGTLImperial20260224.csv
2026-02-24,2026-02-25,TOTAL_STORAGE_RECEIPTS,Storage,3533.0,2236.0,2704.0,GdsrNGTLImperial20260224.csv
2026-02-24,2026-02-25,TOTAL_NGTL_DELIVERIES,System Total,-21174.0,-16262.0,-19733.0,GdsrNGTLImperial20260224.csv
2026-02-24,2026-02-25,TOTAL_NGTL_RECEIPTS,System Total,26800.0,16415.0,25949.0,GdsrNGTLImperial20260224.csv
2026-02-24,2026-02-25,TOTAL_STORAGE_AND_INTRAPROVINCIAL,System Total,-11858.0,-6984.0,-10724.0,GdsrNGTLImperial20260224.csv
2026-02-25,2026-02-26,ALBERTA_BC,Border Flow,-2906.0,-2873.0,-2800.0,GdsrNGTLImperial20260225.csv
2026-02-25,2026-02-26,EMPRESS,Border Flow,-4952.0,-4951.0,-4944.0,GdsrNGTLImperial20260225.csv
2026-02-25,2026-02-26,MCNEILL,Border Flow,-735.0,-739.0,-695.0,GdsrNGTLImperial20260225.csv
2026-02-25,2026-02-26,OTHER_BORDERS,Border Flow,-317.0,-349.0,-400.0,GdsrNGTLImperial20260225.csv
2026-02-25,2026-02-26,GORDONDALE,Interconnect Flow,75.0,75.0,95.0,GdsrNGTLImperial20260225.csv
2026-02-25,2026-02-26,GROUNDBIRCH_EAST,Interconnect Flow,172.0,171.0,172.0,GdsrNGTLImperial20260225.csv
2026-02-25,2026-02-26,WILLOW_VALLEY,Interconnect Flow,-252.0,-252.0,-263.0,GdsrNGTLImperial20260225.csv
2026-02-25,2026-02-26,INTRAPROVINCIAL,Internal Delivery,-10470.0,-6497.0,-10030.0,GdsrNGTLImperial20260225.csv
2026-02-25,2026-02-26,TOTAL_NET_STORAGE,Storage,1435.0,1527.0,1855.0,GdsrNGTLImperial20260225.csv
2026-02-25,2026-02-26,TOTAL_STORAGE_DELIVERIES,Storage,-1664.0,0.0,-681.0,GdsrNGTLImperial20260225.csv
2026-02-25,2026-02-26,TOTAL_STORAGE_RECEIPTS,Storage,3099.0,1527.0,2537.0,GdsrNGTLImperial20260225.csv
2026-02-25,2026-02-26,TOTAL_NGTL_DELIVERIES,System Total,-21296.0,-15662.0,-19813.0,GdsrNGTLImperial20260225.csv
2026-02-25,2026-02-26,TOTAL_NGTL_RECEIPTS,System Total,26345.0,15836.0,25804.0,GdsrNGTLImperial20260225.csv
2026-02-25,2026-02-26,TOTAL_STORAGE_AND_INTRAPROVINCIAL,System Total,-12134.0,-6497.0,-10711.0,GdsrNGTLImperial20260225.csv
2026-02-26,2026-02-27,ALBERTA_BC,Border Flow,-2813.0,-2737.0,-2749.0,GdsrNGTLImperial20260226.csv
2026-02-26,2026-02-27,EMPRESS,Border Flow,-4913.0,-4890.0,-4886.0,GdsrNGTLImperial20260226.csv
2026-02-26,2026-02-27,MCNEILL,Border Flow,-739.0,-777.0,-647.0,GdsrNGTLImperial20260226.csv
2026-02-26,2026-02-27,OTHER_BORDERS,Border Flow,-343.0,-354.0,-363.0,GdsrNGTLImperial20260226.csv
2026-02-26,2026-02-27,GORDONDALE,Interconnect Flow,95.0,93.0,152.0,GdsrNGTLImperial20260226.csv
2026-02-26,2026-02-27,GROUNDBIRCH_EAST,Interconnect Flow,207.0,193.0,172.0,GdsrNGTLImperial20260226.csv
2026-02-26,2026-02-27,WILLOW_VALLEY,Interconnect Flow,-261.0,-263.0,-248.0,GdsrNGTLImperial20260226.csv
2026-02-26,2026-02-27,INTRAPROVINCIAL,Internal Delivery,-10483.0,-6766.0,-10059.0,GdsrNGTLImperial20260226.csv
2026-02-26,2026-02-27,TOTAL_NET_STORAGE,Storage,1268.0,1202.0,1695.0,GdsrNGTLImperial20260226.csv
2026-02-26,2026-02-27,TOTAL_STORAGE_DELIVERIES,Storage,-1537.0,0.0,-948.0,GdsrNGTLImperial20260226.csv
2026-02-26,2026-02-27,TOTAL_STORAGE_RECEIPTS,Storage,2805.0,1202.0,2643.0,GdsrNGTLImperial20260226.csv
2026-02-26,2026-02-27,TOTAL_NGTL_DELIVERIES,System Total,-21089.0,-15786.0,-19900.0,GdsrNGTLImperial20260226.csv
2026-02-26,2026-02-27,TOTAL_NGTL_RECEIPTS,System Total,26111.0,15691.0,25977.0,GdsrNGTLImperial20260226.csv
2026-02-26,2026-02-27,TOTAL_STORAGE_AND_INTRAPROVINCIAL,System Total,-12020.0,-6766.0,-11007.0,GdsrNGTLImperial20260226.csv
2026-02-27,2026-02-28,ALBERTA_BC,Border Flow,-2723.0,-2748.0,-2763.0,GdsrNGTLImperial20260227.csv
2026-02-27,2026-02-28,EMPRESS,Border Flow,-4973.0,-4966.0,-4929.0,GdsrNGTLImperial20260227.csv
2026-02-27,2026-02-28,MCNEILL,Border Flow,-630.0,-694.0,-634.0,GdsrNGTLImperial20260227.csv
2026-02-27,2026-02-28,OTHER_BORDERS,Border Flow,-353.0,-351.0,-353.0,GdsrNGTLImperial20260227.csv
2026-02-27,2026-02-28,GORDONDALE,Interconnect Flow,152.0,106.0,152.0,GdsrNGTLImperial20260227.csv
2026-02-27,2026-02-28,GROUNDBIRCH_EAST,Interconnect Flow,189.0,189.0,172.0,GdsrNGTLImperial20260227.csv
2026-02-27,2026-02-28,WILLOW_VALLEY,Interconnect Flow,-248.0,-248.0,-252.0,GdsrNGTLImperial20260227.csv
2026-02-27,2026-02-28,INTRAPROVINCIAL,Internal Delivery,-10499.0,-7701.0,-10054.0,GdsrNGTLImperial20260227.csv
2026-02-27,2026-02-28,TOTAL_NET_STORAGE,Storage,1935.0,1832.0,1834.0,GdsrNGTLImperial20260227.csv
2026-02-27,2026-02-28,TOTAL_STORAGE_DELIVERIES,Storage,-1386.0,0.0,-941.0,GdsrNGTLImperial20260227.csv
2026-02-27,2026-02-28,TOTAL_STORAGE_RECEIPTS,Storage,3322.0,1832.0,2775.0,GdsrNGTLImperial20260227.csv
2026-02-27,2026-02-28,TOTAL_NGTL_DELIVERIES,System Total,-20813.0,-16709.0,-19926.0,GdsrNGTLImperial20260227.csv
2026-02-27,2026-02-28,TOTAL_NGTL_RECEIPTS,System Total,26673.0,16232.0,26110.0,GdsrNGTLImperial20260227.csv
2026-02-27,2026-02-28,TOTAL_STORAGE_AND_INTRAPROVINCIAL,System Total,-11885.0,-7701.0,-10995.0,GdsrNGTLImperial20260227.csv
2026-02-28,2026-03-01,ALBERTA_BC,Border Flow,-2735.0,-2745.0,-2616.0,GdsrNGTLImperial20260228.csv
2026-02-28,2026-03-01,EMPRESS,Border Flow,-4979.0,-4965.0,-4884.0,GdsrNGTLImperial20260228.csv
2026-02-28,2026-03-01,MCNEILL,Border Flow,-635.0,-638.0,-626.0,GdsrNGTLImperial20260228.csv
2026-02-28,2026-03-01,OTHER_BORDERS,Border Flow,-353.0,-360.0,-304.0,GdsrNGTLImperial20260228.csv
2026-02-28,2026-03-01,GORDONDALE,Interconnect Flow,152.0,81.0,91.0,GdsrNGTLImperial20260228.csv
2026-02-28,2026-03-01,GROUNDBIRCH_EAST,Interconnect Flow,172.0,213.0,173.0,GdsrNGTLImperial20260228.csv
2026-02-28,2026-03-01,WILLOW_VALLEY,Interconnect Flow,-269.0,-269.0,-252.0,GdsrNGTLImperial20260228.csv
2026-02-28,2026-03-01,INTRAPROVINCIAL,Internal Delivery,-10493.0,-7414.0,-10062.0,GdsrNGTLImperial20260228.csv
2026-02-28,2026-03-01,TOTAL_NET_STORAGE,Storage,2211.0,2137.0,1082.0,GdsrNGTLImperial20260228.csv
2026-02-28,2026-03-01,TOTAL_STORAGE_DELIVERIES,Storage,-1308.0,0.0,-2037.0,GdsrNGTLImperial20260228.csv
2026-02-28,2026-03-01,TOTAL_STORAGE_RECEIPTS,Storage,3519.0,2137.0,3119.0,GdsrNGTLImperial20260228.csv
2026-02-28,2026-03-01,TOTAL_NGTL_DELIVERIES,System Total,-20772.0,-16392.0,-20780.0,GdsrNGTLImperial20260228.csv
2026-02-28,2026-03-01,TOTAL_NGTL_RECEIPTS,System Total,26853.0,16429.0,26111.0,GdsrNGTLImperial20260228.csv
2026-02-28,2026-03-01,TOTAL_STORAGE_AND_INTRAPROVINCIAL,System Total,-11802.0,-7414.0,-12099.0,GdsrNGTLImperial20260228.csv
2026-03-01,2026-03-02,ALBERTA_BC,Border Flow,-2572.0,-2586.0,-2515.0,GdsrNGTLImperial20260301.csv
2026-03-01,2026-03-02,EMPRESS,Border Flow,-4966.0,-4966.0,-4901.0,GdsrNGTLImperial20260301.csv
2026-03-01,2026-03-02,MCNEILL,Border Flow,-650.0,-620.0,-626.0,GdsrNGTLImperial20260301.csv
2026-03-01,2026-03-02,OTHER_BORDERS,Border Flow,-303.0,-345.0,-303.0,GdsrNGTLImperial20260301.csv
2026-03-01,2026-03-02,GORDONDALE,Interconnect Flow,91.0,93.0,91.0,GdsrNGTLImperial20260301.csv
2026-03-01,2026-03-02,GROUNDBIRCH_EAST,Interconnect Flow,174.0,261.0,174.0,GdsrNGTLImperial20260301.csv
2026-03-01,2026-03-02,WILLOW_VALLEY,Interconnect Flow,-290.0,-289.0,-254.0,GdsrNGTLImperial20260301.csv
2026-03-01,2026-03-02,INTRAPROVINCIAL,Internal Delivery,-10519.0,-6812.0,-10090.0,GdsrNGTLImperial20260301.csv
2026-03-01,2026-03-02,TOTAL_NET_STORAGE,Storage,1176.0,1289.0,947.0,GdsrNGTLImperial20260301.csv
2026-03-01,2026-03-02,TOTAL_STORAGE_DELIVERIES,Storage,-2276.0,0.0,-2236.0,GdsrNGTLImperial20260301.csv
2026-03-01,2026-03-02,TOTAL_STORAGE_RECEIPTS,Storage,3451.0,1289.0,3183.0,GdsrNGTLImperial20260301.csv
2026-03-01,2026-03-02,TOTAL_NGTL_DELIVERIES,System Total,-21576.0,-15619.0,-20926.0,GdsrNGTLImperial20260301.csv
2026-03-01,2026-03-02,TOTAL_NGTL_RECEIPTS,System Total,26707.0,15707.0,26442.0,GdsrNGTLImperial20260301.csv
2026-03-01,2026-03-02,TOTAL_STORAGE_AND_INTRAPROVINCIAL,System Total,-12795.0,-6812.0,-12326.0,GdsrNGTLImperial20260301.csv
2026-03-02,2026-03-03,ALBERTA_BC,Border Flow,-2508.0,-2614.0,-2433.0,GdsrNGTLImperial20260302.csv
2026-03-02,2026-03-03,EMPRESS,Border Flow,-4965.0,-4932.0,-4964.0,GdsrNGTLImperial20260302.csv
2026-03-02,2026-03-03,MCNEILL,Border Flow,-687.0,-668.0,-668.0,GdsrNGTLImperial20260302.csv
2026-03-02,2026-03-03,OTHER_BORDERS,Border Flow,-310.0,-338.0,-339.0,GdsrNGTLImperial20260302.csv
2026-03-02,2026-03-03,GORDONDALE,Interconnect Flow,97.0,90.0,111.0,GdsrNGTLImperial20260302.csv
2026-03-02,2026-03-03,GROUNDBIRCH_EAST,Interconnect Flow,246.0,248.0,184.0,GdsrNGTLImperial20260302.csv
2026-03-02,2026-03-03,WILLOW_VALLEY,Interconnect Flow,-280.0,-281.0,-278.0,GdsrNGTLImperial20260302.csv
2026-03-02,2026-03-03,INTRAPROVINCIAL,Internal Delivery,-10570.0,-7112.0,-10132.0,GdsrNGTLImperial20260302.csv
2026-03-02,2026-03-03,TOTAL_NET_STORAGE,Storage,1376.0,1244.0,737.0,GdsrNGTLImperial20260302.csv
2026-03-02,2026-03-03,TOTAL_STORAGE_DELIVERIES,Storage,-2440.0,0.0,-2485.0,GdsrNGTLImperial20260302.csv
2026-03-02,2026-03-03,TOTAL_STORAGE_RECEIPTS,Storage,3816.0,1244.0,3222.0,GdsrNGTLImperial20260302.csv
2026-03-02,2026-03-03,TOTAL_NGTL_DELIVERIES,System Total,-21759.0,-15944.0,-21300.0,GdsrNGTLImperial20260302.csv
2026-03-02,2026-03-03,TOTAL_NGTL_RECEIPTS,System Total,27145.0,15550.0,26499.0,GdsrNGTLImperial20260302.csv
2026-03-02,2026-03-03,TOTAL_STORAGE_AND_INTRAPROVINCIAL,System Total,-13009.0,-7112.0,-12617.0,GdsrNGTLImperial20260302.csv
2026-03-03,2026-03-04,ALBERTA_BC,Border Flow,-2302.0,-2240.0,-2167.0,GdsrNGTLImperial20260303.csv
2026-03-03,2026-03-04,EMPRESS,Border Flow,-4958.0,-4942.0,-4946.0,GdsrNGTLImperial20260303.csv
2026-03-03,2026-03-04,MCNEILL,Border Flow,-659.0,-674.0,-545.0,GdsrNGTLImperial20260303.csv
2026-03-03,2026-03-04,OTHER_BORDERS,Border Flow,-297.0,-287.0,-318.0,GdsrNGTLImperial20260303.csv
2026-03-03,2026-03-04,GORDONDALE,Interconnect Flow,111.0,108.0,113.0,GdsrNGTLImperial20260303.csv
2026-03-03,2026-03-04,GROUNDBIRCH_EAST,Interconnect Flow,306.0,200.0,220.0,GdsrNGTLImperial20260303.csv
2026-03-03,2026-03-04,WILLOW_VALLEY,Interconnect Flow,-295.0,-295.0,-295.0,GdsrNGTLImperial20260303.csv
2026-03-03,2026-03-04,INTRAPROVINCIAL,Internal Delivery,-10568.0,-7280.0,-10153.0,GdsrNGTLImperial20260303.csv
2026-03-03,2026-03-04,TOTAL_NET_STORAGE,Storage,1628.0,1687.0,787.0,GdsrNGTLImperial20260303.csv
2026-03-03,2026-03-04,TOTAL_STORAGE_DELIVERIES,Storage,-2680.0,0.0,-2557.0,GdsrNGTLImperial20260303.csv
2026-03-03,2026-03-04,TOTAL_STORAGE_RECEIPTS,Storage,4308.0,1687.0,3344.0,GdsrNGTLImperial20260303.csv
2026-03-03,2026-03-04,TOTAL_NGTL_DELIVERIES,System Total,-21759.0,-15717.0,-20980.0,GdsrNGTLImperial20260303.csv
2026-03-03,2026-03-04,TOTAL_NGTL_RECEIPTS,System Total,27710.0,15876.0,26627.0,GdsrNGTLImperial20260303.csv
2026-03-03,2026-03-04,TOTAL_STORAGE_AND_INTRAPROVINCIAL,System Total,-13248.0,-7280.0,-12710.0,GdsrNGTLImperial20260303.csv
2026-03-04,2026-03-05,ALBERTA_BC,Border Flow,-1967.0,-1887.0,-2098.0,GdsrNGTLImperial20260304.csv
2026-03-04,2026-03-05,EMPRESS,Border Flow,-4968.0,-4920.0,-4920.0,GdsrNGTLImperial20260304.csv
2026-03-04,2026-03-05,MCNEILL,Border Flow,-564.0,-530.0,-560.0,GdsrNGTLImperial20260304.csv
2026-03-04,2026-03-05,OTHER_BORDERS,Border Flow,-259.0,-278.0,-318.0,GdsrNGTLImperial20260304.csv
2026-03-04,2026-03-05,GORDONDALE,Interconnect Flow,113.0,109.0,110.0,GdsrNGTLImperial20260304.csv
2026-03-04,2026-03-05,GROUNDBIRCH_EAST,Interconnect Flow,220.0,228.0,198.0,GdsrNGTLImperial20260304.csv
2026-03-04,2026-03-05,WILLOW_VALLEY,Interconnect Flow,-196.0,-197.0,-152.0,GdsrNGTLImperial20260304.csv
2026-03-04,2026-03-05,INTRAPROVINCIAL,Internal Delivery,-10599.0,-7544.0,-10133.0,GdsrNGTLImperial20260304.csv
2026-03-04,2026-03-05,TOTAL_NET_STORAGE,Storage,1347.0,1434.0,387.0,GdsrNGTLImperial20260304.csv
2026-03-04,2026-03-05,TOTAL_STORAGE_DELIVERIES,Storage,-2549.0,0.0,-2650.0,GdsrNGTLImperial20260304.csv
2026-03-04,2026-03-05,TOTAL_STORAGE_RECEIPTS,Storage,3895.0,1434.0,3038.0,GdsrNGTLImperial20260304.csv
2026-03-04,2026-03-05,TOTAL_NGTL_DELIVERIES,System Total,-21102.0,-15356.0,-20830.0,GdsrNGTLImperial20260304.csv
2026-03-04,2026-03-05,TOTAL_NGTL_RECEIPTS,System Total,26873.0,15820.0,25993.0,GdsrNGTLImperial20260304.csv
2026-03-04,2026-03-05,TOTAL_STORAGE_AND_INTRAPROVINCIAL,System Total,-13148.0,-7544.0,-12783.0,GdsrNGTLImperial20260304.csv
2026-03-05,2026-03-06,ALBERTA_BC,Border Flow,-1945.0,-1993.0,-2122.0,GdsrNGTLImperial20260305.csv
2026-03-05,2026-03-06,EMPRESS,Border Flow,-4960.0,-4980.0,-4875.0,GdsrNGTLImperial20260305.csv
2026-03-05,2026-03-06,MCNEILL,Border Flow,-597.0,-541.0,-633.0,GdsrNGTLImperial20260305.csv
2026-03-05,2026-03-06,OTHER_BORDERS,Border Flow,-312.0,-318.0,-337.0,GdsrNGTLImperial20260305.csv
2026-03-05,2026-03-06,GORDONDALE,Interconnect Flow,112.0,182.0,112.0,GdsrNGTLImperial20260305.csv
2026-03-05,2026-03-06,GROUNDBIRCH_EAST,Interconnect Flow,347.0,275.0,210.0,GdsrNGTLImperial20260305.csv
2026-03-05,2026-03-06,WILLOW_VALLEY,Interconnect Flow,-61.0,-61.0,-154.0,GdsrNGTLImperial20260305.csv
2026-03-05,2026-03-06,INTRAPROVINCIAL,Internal Delivery,-10605.0,-6913.0,-10098.0,GdsrNGTLImperial20260305.csv
2026-03-05,2026-03-06,TOTAL_NET_STORAGE,Storage,206.0,301.0,222.0,GdsrNGTLImperial20260305.csv
2026-03-05,2026-03-06,TOTAL_STORAGE_DELIVERIES,Storage,-2889.0,-197.0,-2725.0,GdsrNGTLImperial20260305.csv
2026-03-05,2026-03-06,TOTAL_STORAGE_RECEIPTS,Storage,3094.0,498.0,2947.0,GdsrNGTLImperial20260305.csv
2026-03-05,2026-03-06,TOTAL_NGTL_DELIVERIES,System Total,-21368.0,-15003.0,-20943.0,GdsrNGTLImperial20260305.csv
2026-03-05,2026-03-06,TOTAL_NGTL_RECEIPTS,System Total,26516.0,15417.0,26232.0,GdsrNGTLImperial20260305.csv
2026-03-05,2026-03-06,TOTAL_STORAGE_AND_INTRAPROVINCIAL,System Total,-13494.0,-7109.0,-12823.0,GdsrNGTLImperial20260305.csv
2026-03-06,2026-03-07,ALBERTA_BC,Border Flow,-2075.0,-2083.0,-1902.0,GdsrNGTLImperial20260306.csv
2026-03-06,2026-03-07,EMPRESS,Border Flow,-4923.0,-4940.0,-4779.0,GdsrNGTLImperial20260306.csv
2026-03-06,2026-03-07,MCNEILL,Border Flow,-683.0,-690.0,-716.0,GdsrNGTLImperial20260306.csv
2026-03-06,2026-03-07,OTHER_BORDERS,Border Flow,-319.0,-327.0,-295.0,GdsrNGTLImperial20260306.csv
2026-03-06,2026-03-07,GORDONDALE,Interconnect Flow,112.0,168.0,108.0,GdsrNGTLImperial20260306.csv
2026-03-06,2026-03-07,GROUNDBIRCH_EAST,Interconnect Flow,210.0,210.0,183.0,GdsrNGTLImperial20260306.csv
2026-03-06,2026-03-07,WILLOW_VALLEY,Interconnect Flow,-564.0,-456.0,-263.0,GdsrNGTLImperial20260306.csv
2026-03-06,2026-03-07,INTRAPROVINCIAL,Internal Delivery,-10491.0,-6440.0,-10059.0,GdsrNGTLImperial20260306.csv
2026-03-06,2026-03-07,TOTAL_NET_STORAGE,Storage,639.0,506.0,203.0,GdsrNGTLImperial20260306.csv
2026-03-06,2026-03-07,TOTAL_STORAGE_DELIVERIES,Storage,-2650.0,-25.0,-2741.0,GdsrNGTLImperial20260306.csv
2026-03-06,2026-03-07,TOTAL_STORAGE_RECEIPTS,Storage,3288.0,531.0,2945.0,GdsrNGTLImperial20260306.csv
2026-03-06,2026-03-07,TOTAL_NGTL_DELIVERIES,System Total,-21705.0,-14962.0,-20756.0,GdsrNGTLImperial20260306.csv
2026-03-06,2026-03-07,TOTAL_NGTL_RECEIPTS,System Total,26574.0,15008.0,26198.0,GdsrNGTLImperial20260306.csv
2026-03-06,2026-03-07,TOTAL_STORAGE_AND_INTRAPROVINCIAL,System Total,-13140.0,-6466.0,-12800.0,GdsrNGTLImperial20260306.csv
2026-03-07,2026-03-08,ALBERTA_BC,Border Flow,-1885.0,-1966.0,-1879.0,GdsrNGTLImperial20260307.csv
2026-03-07,2026-03-08,EMPRESS,Border Flow,-4830.0,-4701.0,-4782.0,GdsrNGTLImperial20260307.csv
2026-03-07,2026-03-08,MCNEILL,Border Flow,-716.0,-740.0,-697.0,GdsrNGTLImperial20260307.csv
2026-03-07,2026-03-08,OTHER_BORDERS,Border Flow,-295.0,-314.0,-295.0,GdsrNGTLImperial20260307.csv
2026-03-07,2026-03-08,GORDONDALE,Interconnect Flow,107.0,92.0,107.0,GdsrNGTLImperial20260307.csv
2026-03-07,2026-03-08,GROUNDBIRCH_EAST,Interconnect Flow,185.0,185.0,183.0,GdsrNGTLImperial20260307.csv
2026-03-07,2026-03-08,WILLOW_VALLEY,Interconnect Flow,-324.0,-315.0,-233.0,GdsrNGTLImperial20260307.csv
2026-03-07,2026-03-08,INTRAPROVINCIAL,Internal Delivery,-10511.0,-5999.0,-10035.0,GdsrNGTLImperial20260307.csv
2026-03-07,2026-03-08,TOTAL_NET_STORAGE,Storage,-10.0,129.0,251.0,GdsrNGTLImperial20260307.csv
2026-03-07,2026-03-08,TOTAL_STORAGE_DELIVERIES,Storage,-2937.0,-209.0,-2774.0,GdsrNGTLImperial20260307.csv
2026-03-07,2026-03-08,TOTAL_STORAGE_RECEIPTS,Storage,2927.0,338.0,3025.0,GdsrNGTLImperial20260307.csv
2026-03-07,2026-03-08,TOTAL_NGTL_DELIVERIES,System Total,-21500.0,-14243.0,-20695.0,GdsrNGTLImperial20260307.csv
2026-03-07,2026-03-08,TOTAL_NGTL_RECEIPTS,System Total,26183.0,14365.0,26278.0,GdsrNGTLImperial20260307.csv
2026-03-07,2026-03-08,TOTAL_STORAGE_AND_INTRAPROVINCIAL,System Total,-13448.0,-6208.0,-12809.0,GdsrNGTLImperial20260307.csv
2026-03-08,2026-03-09,ALBERTA_BC,Border Flow,-1860.0,-1838.0,-1904.0,GdsrNGTLImperial20260308.csv
2026-03-08,2026-03-09,EMPRESS,Border Flow,-4834.0,-4792.0,-4775.0,GdsrNGTLImperial20260308.csv
2026-03-08,2026-03-09,MCNEILL,Border Flow,-690.0,-737.0,-685.0,GdsrNGTLImperial20260308.csv
2026-03-08,2026-03-09,OTHER_BORDERS,Border Flow,-301.0,-310.0,-300.0,GdsrNGTLImperial20260308.csv
2026-03-08,2026-03-09,GORDONDALE,Interconnect Flow,56.0,53.0,106.0,GdsrNGTLImperial20260308.csv
2026-03-08,2026-03-09,GROUNDBIRCH_EAST,Interconnect Flow,178.0,174.0,186.0,GdsrNGTLImperial20260308.csv
2026-03-08,2026-03-09,WILLOW_VALLEY,Interconnect Flow,-264.0,-267.0,-172.0,GdsrNGTLImperial20260308.csv
2026-03-08,2026-03-09,INTRAPROVINCIAL,Internal Delivery,-10318.0,-6159.0,-9918.0,GdsrNGTLImperial20260308.csv
2026-03-08,2026-03-09,TOTAL_NET_STORAGE,Storage,910.0,610.0,510.0,GdsrNGTLImperial20260308.csv
2026-03-08,2026-03-09,TOTAL_STORAGE_DELIVERIES,Storage,-2980.0,-166.0,-2670.0,GdsrNGTLImperial20260308.csv
2026-03-08,2026-03-09,TOTAL_STORAGE_RECEIPTS,Storage,3890.0,777.0,3179.0,GdsrNGTLImperial20260308.csv
2026-03-08,2026-03-09,TOTAL_NGTL_DELIVERIES,System Total,-21271.0,-14268.0,-20424.0,GdsrNGTLImperial20260308.csv
2026-03-08,2026-03-09,TOTAL_NGTL_RECEIPTS,System Total,27111.0,13919.0,26435.0,GdsrNGTLImperial20260308.csv
2026-03-08,2026-03-09,TOTAL_STORAGE_AND_INTRAPROVINCIAL,System Total,-13298.0,-6325.0,-12587.0,GdsrNGTLImperial20260308.csv
2026-03-09,2026-03-10,ALBERTA_BC,Border Flow,-1900.0,-1905.0,-2549.0,GdsrNGTLImperial20260309.csv
2026-03-09,2026-03-10,EMPRESS,Border Flow,-4910.0,-4915.0,-4851.0,GdsrNGTLImperial20260309.csv
2026-03-09,2026-03-10,MCNEILL,Border Flow,-644.0,-663.0,-572.0,GdsrNGTLImperial20260309.csv
2026-03-09,2026-03-10,OTHER_BORDERS,Border Flow,-302.0,-306.0,-305.0,GdsrNGTLImperial20260309.csv
2026-03-09,2026-03-10,GORDONDALE,Interconnect Flow,103.0,115.0,65.0,GdsrNGTLImperial20260309.csv
2026-03-09,2026-03-10,GROUNDBIRCH_EAST,Interconnect Flow,174.0,167.0,170.0,GdsrNGTLImperial20260309.csv
2026-03-09,2026-03-10,WILLOW_VALLEY,Interconnect Flow,-48.0,-49.0,-145.0,GdsrNGTLImperial20260309.csv
2026-03-09,2026-03-10,INTRAPROVINCIAL,Internal Delivery,-10280.0,-6408.0,-9861.0,GdsrNGTLImperial20260309.csv
2026-03-09,2026-03-10,TOTAL_NET_STORAGE,Storage,444.0,687.0,187.0,GdsrNGTLImperial20260309.csv
2026-03-09,2026-03-10,TOTAL_STORAGE_DELIVERIES,Storage,-2938.0,0.0,-2700.0,GdsrNGTLImperial20260309.csv
2026-03-09,2026-03-10,TOTAL_STORAGE_RECEIPTS,Storage,3382.0,687.0,2887.0,GdsrNGTLImperial20260309.csv
2026-03-09,2026-03-10,TOTAL_NGTL_DELIVERIES,System Total,-21027.0,-14246.0,-20983.0,GdsrNGTLImperial20260309.csv
2026-03-09,2026-03-10,TOTAL_NGTL_RECEIPTS,System Total,26626.0,15135.0,26085.0,GdsrNGTLImperial20260309.csv
2026-03-09,2026-03-10,TOTAL_STORAGE_AND_INTRAPROVINCIAL,System Total,-13218.0,-6408.0,-12561.0,GdsrNGTLImperial20260309.csv
2026-03-10,2026-03-11,ALBERTA_BC,Border Flow,-2441.0,-2484.0,-2653.0,GdsrNGTLImperial20260310.csv
2026-03-10,2026-03-11,EMPRESS,Border Flow,-4909.0,-4941.0,-4902.0,GdsrNGTLImperial20260310.csv
2026-03-10,2026-03-11,MCNEILL,Border Flow,-594.0,-589.0,-640.0,GdsrNGTLImperial20260310.csv
2026-03-10,2026-03-11,OTHER_BORDERS,Border Flow,-314.0,-310.0,-328.0,GdsrNGTLImperial20260310.csv
2026-03-10,2026-03-11,GORDONDALE,Interconnect Flow,73.0,102.0,114.0,GdsrNGTLImperial20260310.csv
2026-03-10,2026-03-11,GROUNDBIRCH_EAST,Interconnect Flow,253.0,224.0,221.0,GdsrNGTLImperial20260310.csv
2026-03-10,2026-03-11,WILLOW_VALLEY,Interconnect Flow,-119.0,-122.0,-298.0,GdsrNGTLImperial20260310.csv
2026-03-10,2026-03-11,INTRAPROVINCIAL,Internal Delivery,-10223.0,-6412.0,-9987.0,GdsrNGTLImperial20260310.csv
2026-03-10,2026-03-11,TOTAL_NET_STORAGE,Storage,-112.0,-72.0,563.0,GdsrNGTLImperial20260310.csv
2026-03-10,2026-03-11,TOTAL_STORAGE_DELIVERIES,Storage,-3101.0,-277.0,-2499.0,GdsrNGTLImperial20260310.csv
2026-03-10,2026-03-11,TOTAL_STORAGE_RECEIPTS,Storage,2989.0,205.0,3062.0,GdsrNGTLImperial20260310.csv
2026-03-10,2026-03-11,TOTAL_NGTL_DELIVERIES,System Total,-21700.0,-15135.0,-21308.0,GdsrNGTLImperial20260310.csv
2026-03-10,2026-03-11,TOTAL_NGTL_RECEIPTS,System Total,26278.0,15052.0,26394.0,GdsrNGTLImperial20260310.csv
2026-03-10,2026-03-11,TOTAL_STORAGE_AND_INTRAPROVINCIAL,System Total,-13323.0,-6689.0,-12486.0,GdsrNGTLImperial20260310.csv
2026-03-11,2026-03-12,ALBERTA_BC,Border Flow,-2590.0,-2627.0,-2311.0,GdsrNGTLImperial20260311.csv
2026-03-11,2026-03-12,EMPRESS,Border Flow,-4883.0,-4904.0,-4878.0,GdsrNGTLImperial20260311.csv
2026-03-11,2026-03-12,MCNEILL,Border Flow,-639.0,-640.0,-687.0,GdsrNGTLImperial20260311.csv
2026-03-11,2026-03-12,OTHER_BORDERS,Border Flow,-324.0,-318.0,-350.0,GdsrNGTLImperial20260311.csv
2026-03-11,2026-03-12,GORDONDALE,Interconnect Flow,141.0,141.0,111.0,GdsrNGTLImperial20260311.csv
2026-03-11,2026-03-12,GROUNDBIRCH_EAST,Interconnect Flow,299.0,324.0,222.0,GdsrNGTLImperial20260311.csv
2026-03-11,2026-03-12,WILLOW_VALLEY,Interconnect Flow,-267.0,-267.0,-284.0,GdsrNGTLImperial20260311.csv
2026-03-11,2026-03-12,INTRAPROVINCIAL,Internal Delivery,-10540.0,-6654.0,-10102.0,GdsrNGTLImperial20260311.csv
2026-03-11,2026-03-12,TOTAL_NET_STORAGE,Storage,612.0,552.0,8.0,GdsrNGTLImperial20260311.csv
2026-03-11,2026-03-12,TOTAL_STORAGE_DELIVERIES,Storage,-2711.0,-108.0,-2853.0,GdsrNGTLImperial20260311.csv
2026-03-11,2026-03-12,TOTAL_STORAGE_RECEIPTS,Storage,3322.0,659.0,2861.0,GdsrNGTLImperial20260311.csv
2026-03-11,2026-03-12,TOTAL_NGTL_DELIVERIES,System Total,-21953.0,-15517.0,-21465.0,GdsrNGTLImperial20260311.csv
2026-03-11,2026-03-12,TOTAL_NGTL_RECEIPTS,System Total,26759.0,15490.0,26194.0,GdsrNGTLImperial20260311.csv
2026-03-11,2026-03-12,TOTAL_STORAGE_AND_INTRAPROVINCIAL,System Total,-13251.0,-6761.0,-12955.0,GdsrNGTLImperial20260311.csv
2026-03-12,2026-03-13,ALBERTA_BC,Border Flow,-2318.0,-2306.0,-2212.0,GdsrNGTLImperial20260312.csv
2026-03-12,2026-03-13,EMPRESS,Border Flow,-4926.0,-4833.0,-4907.0,GdsrNGTLImperial20260312.csv
2026-03-12,2026-03-13,MCNEILL,Border Flow,-624.0,-599.0,-641.0,GdsrNGTLImperial20260312.csv
2026-03-12,2026-03-13,OTHER_BORDERS,Border Flow,-346.0,-310.0,-356.0,GdsrNGTLImperial20260312.csv
2026-03-12,2026-03-13,GORDONDALE,Interconnect Flow,148.0,244.0,174.0,GdsrNGTLImperial20260312.csv
2026-03-12,2026-03-13,GROUNDBIRCH_EAST,Interconnect Flow,600.0,339.0,288.0,GdsrNGTLImperial20260312.csv
2026-03-12,2026-03-13,WILLOW_VALLEY,Interconnect Flow,0.0,-10.0,-2.0,GdsrNGTLImperial20260312.csv
2026-03-12,2026-03-13,INTRAPROVINCIAL,Internal Delivery,-10683.0,-7404.0,-10247.0,GdsrNGTLImperial20260312.csv
2026-03-12,2026-03-13,TOTAL_NET_STORAGE,Storage,-367.0,-364.0,532.0,GdsrNGTLImperial20260312.csv
2026-03-12,2026-03-13,TOTAL_STORAGE_DELIVERIES,Storage,-3405.0,-499.0,-2497.0,GdsrNGTLImperial20260312.csv
2026-03-12,2026-03-13,TOTAL_STORAGE_RECEIPTS,Storage,3038.0,135.0,3029.0,GdsrNGTLImperial20260312.csv
2026-03-12,2026-03-13,TOTAL_NGTL_DELIVERIES,System Total,-22303.0,-15961.0,-20861.0,GdsrNGTLImperial20260312.csv
2026-03-12,2026-03-13,TOTAL_NGTL_RECEIPTS,System Total,26805.0,15604.0,26352.0,GdsrNGTLImperial20260312.csv
2026-03-12,2026-03-13,TOTAL_STORAGE_AND_INTRAPROVINCIAL,System Total,-14088.0,-7904.0,-12744.0,GdsrNGTLImperial20260312.csv
2026-03-13,2026-03-14,ALBERTA_BC,Border Flow,-2103.0,-2144.0,-1831.0,GdsrNGTLImperial20260313.csv
2026-03-13,2026-03-14,EMPRESS,Border Flow,-4935.0,-5080.0,-4928.0,GdsrNGTLImperial20260313.csv
2026-03-13,2026-03-14,MCNEILL,Border Flow,-642.0,-645.0,-654.0,GdsrNGTLImperial20260313.csv
2026-03-13,2026-03-14,OTHER_BORDERS,Border Flow,-352.0,-323.0,-384.0,GdsrNGTLImperial20260313.csv
2026-03-13,2026-03-14,GORDONDALE,Interconnect Flow,169.0,159.0,143.0,GdsrNGTLImperial20260313.csv
2026-03-13,2026-03-14,GROUNDBIRCH_EAST,Interconnect Flow,312.0,463.0,285.0,GdsrNGTLImperial20260313.csv
2026-03-13,2026-03-14,WILLOW_VALLEY,Interconnect Flow,-156.0,-144.0,-474.0,GdsrNGTLImperial20260313.csv
2026-03-13,2026-03-14,INTRAPROVINCIAL,Internal Delivery,-10555.0,-7531.0,-10126.0,GdsrNGTLImperial20260313.csv
2026-03-13,2026-03-14,TOTAL_NET_STORAGE,Storage,855.0,791.0,768.0,GdsrNGTLImperial20260313.csv
2026-03-13,2026-03-14,TOTAL_STORAGE_DELIVERIES,Storage,-2800.0,-62.0,-2510.0,GdsrNGTLImperial20260313.csv
2026-03-13,2026-03-14,TOTAL_STORAGE_RECEIPTS,Storage,3656.0,853.0,3278.0,GdsrNGTLImperial20260313.csv
2026-03-13,2026-03-14,TOTAL_NGTL_DELIVERIES,System Total,-21542.0,-15928.0,-20907.0,GdsrNGTLImperial20260313.csv
2026-03-13,2026-03-14,TOTAL_NGTL_RECEIPTS,System Total,25563.0,15983.0,24816.0,GdsrNGTLImperial20260313.csv
2026-03-13,2026-03-14,TOTAL_STORAGE_AND_INTRAPROVINCIAL,System Total,-13355.0,-7593.0,-12636.0,GdsrNGTLImperial20260313.csv
2026-03-14,2026-03-15,ALBERTA_BC,Border Flow,-1813.0,-1735.0,-1850.0,GdsrNGTLImperial20260314.csv
2026-03-14,2026-03-15,EMPRESS,Border Flow,-4947.0,-4987.0,-4930.0,GdsrNGTLImperial20260314.csv
2026-03-14,2026-03-15,MCNEILL,Border Flow,-663.0,-664.0,-642.0,GdsrNGTLImperial20260314.csv
2026-03-14,2026-03-15,OTHER_BORDERS,Border Flow,-373.0,-328.0,-388.0,GdsrNGTLImperial20260314.csv
2026-03-14,2026-03-15,GORDONDALE,Interconnect Flow,134.0,80.0,143.0,GdsrNGTLImperial20260314.csv
2026-03-14,2026-03-15,GROUNDBIRCH_EAST,Interconnect Flow,220.0,375.0,288.0,GdsrNGTLImperial20260314.csv
2026-03-14,2026-03-15,WILLOW_VALLEY,Interconnect Flow,-499.0,-497.0,-270.0,GdsrNGTLImperial20260314.csv
2026-03-14,2026-03-15,INTRAPROVINCIAL,Internal Delivery,-10659.0,-7473.0,-10211.0,GdsrNGTLImperial20260314.csv
2026-03-14,2026-03-15,TOTAL_NET_STORAGE,Storage,1427.0,1339.0,746.0,GdsrNGTLImperial20260314.csv
2026-03-14,2026-03-15,TOTAL_STORAGE_DELIVERIES,Storage,-3112.0,-118.0,-2608.0,GdsrNGTLImperial20260314.csv
2026-03-14,2026-03-15,TOTAL_STORAGE_RECEIPTS,Storage,4539.0,1457.0,3355.0,GdsrNGTLImperial20260314.csv
2026-03-14,2026-03-15,TOTAL_NGTL_DELIVERIES,System Total,-22066.0,-15803.0,-20900.0,GdsrNGTLImperial20260314.csv
2026-03-14,2026-03-15,TOTAL_NGTL_RECEIPTS,System Total,25990.0,16024.0,24880.0,GdsrNGTLImperial20260314.csv
2026-03-14,2026-03-15,TOTAL_STORAGE_AND_INTRAPROVINCIAL,System Total,-13771.0,-7592.0,-12819.0,GdsrNGTLImperial20260314.csv
2026-03-15,2026-03-16,ALBERTA_BC,Border Flow,-1839.0,-1816.0,-1866.0,GdsrNGTLImperial20260315.csv
2026-03-15,2026-03-16,EMPRESS,Border Flow,-4953.0,-4985.0,-4882.0,GdsrNGTLImperial20260315.csv
2026-03-15,2026-03-16,MCNEILL,Border Flow,-636.0,-649.0,-674.0,GdsrNGTLImperial20260315.csv
2026-03-15,2026-03-16,OTHER_BORDERS,Border Flow,-387.0,-323.0,-391.0,GdsrNGTLImperial20260315.csv
2026-03-15,2026-03-16,GORDONDALE,Interconnect Flow,142.0,100.0,142.0,GdsrNGTLImperial20260315.csv
2026-03-15,2026-03-16,GROUNDBIRCH_EAST,Interconnect Flow,288.0,340.0,288.0,GdsrNGTLImperial20260315.csv
2026-03-15,2026-03-16,WILLOW_VALLEY,Interconnect Flow,-329.0,-330.0,-331.0,GdsrNGTLImperial20260315.csv
2026-03-15,2026-03-16,INTRAPROVINCIAL,Internal Delivery,-10585.0,-7009.0,-10065.0,GdsrNGTLImperial20260315.csv
2026-03-15,2026-03-16,TOTAL_NET_STORAGE,Storage,572.0,777.0,454.0,GdsrNGTLImperial20260315.csv
2026-03-15,2026-03-16,TOTAL_STORAGE_DELIVERIES,Storage,-2981.0,-219.0,-2529.0,GdsrNGTLImperial20260315.csv
2026-03-15,2026-03-16,TOTAL_STORAGE_RECEIPTS,Storage,3554.0,997.0,2983.0,GdsrNGTLImperial20260315.csv
2026-03-15,2026-03-16,TOTAL_NGTL_DELIVERIES,System Total,-21710.0,-15331.0,-20738.0,GdsrNGTLImperial20260315.csv
2026-03-15,2026-03-16,TOTAL_NGTL_RECEIPTS,System Total,25079.0,15551.0,20650.0,GdsrNGTLImperial20260315.csv
2026-03-15,2026-03-16,TOTAL_STORAGE_AND_INTRAPROVINCIAL,System Total,-13566.0,-7228.0,-12594.0,GdsrNGTLImperial20260315.csv
2026-03-16,2026-03-17,ALBERTA_BC,Border Flow,-1878.0,-1863.0,-2248.0,GdsrNGTLImperial20260316.csv
2026-03-16,2026-03-17,EMPRESS,Border Flow,-4947.0,-4943.0,-4906.0,GdsrNGTLImperial20260316.csv
2026-03-16,2026-03-17,MCNEILL,Border Flow,-741.0,-690.0,-676.0,GdsrNGTLImperial20260316.csv
2026-03-16,2026-03-17,OTHER_BORDERS,Border Flow,-382.0,-304.0,-359.0,GdsrNGTLImperial20260316.csv
2026-03-16,2026-03-17,GORDONDALE,Interconnect Flow,142.0,139.0,142.0,GdsrNGTLImperial20260316.csv
2026-03-16,2026-03-17,GROUNDBIRCH_EAST,Interconnect Flow,289.0,285.0,176.0,GdsrNGTLImperial20260316.csv
2026-03-16,2026-03-17,WILLOW_VALLEY,Interconnect Flow,-351.0,-354.0,-274.0,GdsrNGTLImperial20260316.csv
2026-03-16,2026-03-17,INTRAPROVINCIAL,Internal Delivery,-10521.0,-6386.0,-10051.0,GdsrNGTLImperial20260316.csv
2026-03-16,2026-03-17,TOTAL_NET_STORAGE,Storage,284.0,268.0,382.0,GdsrNGTLImperial20260316.csv
2026-03-16,2026-03-17,TOTAL_STORAGE_DELIVERIES,Storage,-2801.0,-216.0,-2557.0,GdsrNGTLImperial20260316.csv
2026-03-16,2026-03-17,TOTAL_STORAGE_RECEIPTS,Storage,3084.0,484.0,2939.0,GdsrNGTLImperial20260316.csv
2026-03-16,2026-03-17,TOTAL_NGTL_DELIVERIES,System Total,-21621.0,-14757.0,-21072.0,GdsrNGTLImperial20260316.csv
2026-03-16,2026-03-17,TOTAL_NGTL_RECEIPTS,System Total,20838.0,14834.0,20621.0,GdsrNGTLImperial20260316.csv
2026-03-16,2026-03-17,TOTAL_STORAGE_AND_INTRAPROVINCIAL,System Total,-13322.0,-6602.0,-12609.0,GdsrNGTLImperial20260316.csv
2026-03-17,2026-03-18,ALBERTA_BC,Border Flow,-2197.0,-2200.0,-2127.0,GdsrNGTLImperial20260317.csv
2026-03-17,2026-03-18,EMPRESS,Border Flow,-4897.0,-4935.0,-4817.0,GdsrNGTLImperial20260317.csv
2026-03-17,2026-03-18,MCNEILL,Border Flow,-718.0,-755.0,-620.0,GdsrNGTLImperial20260317.csv
2026-03-17,2026-03-18,OTHER_BORDERS,Border Flow,-357.0,-339.0,-354.0,GdsrNGTLImperial20260317.csv
2026-03-17,2026-03-18,GORDONDALE,Interconnect Flow,128.0,127.0,119.0,GdsrNGTLImperial20260317.csv
2026-03-17,2026-03-18,GROUNDBIRCH_EAST,Interconnect Flow,242.0,177.0,188.0,GdsrNGTLImperial20260317.csv
2026-03-17,2026-03-18,WILLOW_VALLEY,Interconnect Flow,-278.0,-280.0,-274.0,GdsrNGTLImperial20260317.csv
2026-03-17,2026-03-18,INTRAPROVINCIAL,Internal Delivery,-10487.0,-6251.0,-10027.0,GdsrNGTLImperial20260317.csv
2026-03-17,2026-03-18,TOTAL_NET_STORAGE,Storage,257.0,190.0,353.0,GdsrNGTLImperial20260317.csv
2026-03-17,2026-03-18,TOTAL_STORAGE_DELIVERIES,Storage,-2865.0,-219.0,-2619.0,GdsrNGTLImperial20260317.csv
2026-03-17,2026-03-18,TOTAL_STORAGE_RECEIPTS,Storage,3122.0,410.0,2973.0,GdsrNGTLImperial20260317.csv
2026-03-17,2026-03-18,TOTAL_NGTL_DELIVERIES,System Total,-21811.0,-14978.0,-20855.0,GdsrNGTLImperial20260317.csv
2026-03-17,2026-03-18,TOTAL_NGTL_RECEIPTS,System Total,20888.0,14858.0,20748.0,GdsrNGTLImperial20260317.csv
2026-03-17,2026-03-18,TOTAL_STORAGE_AND_INTRAPROVINCIAL,System Total,-13352.0,-6470.0,-12646.0,GdsrNGTLImperial20260317.csv
2026-03-18,2026-03-19,ALBERTA_BC,Border Flow,-2070.0,-2111.0,-2179.0,GdsrNGTLImperial20260318.csv
2026-03-18,2026-03-19,EMPRESS,Border Flow,-4851.0,-4873.0,-4783.0,GdsrNGTLImperial20260318.csv
2026-03-18,2026-03-19,MCNEILL,Border Flow,-575.0,-603.0,-615.0,GdsrNGTLImperial20260318.csv
2026-03-18,2026-03-19,OTHER_BORDERS,Border Flow,-337.0,-339.0,-369.0,GdsrNGTLImperial20260318.csv
2026-03-18,2026-03-19,GORDONDALE,Interconnect Flow,87.0,54.0,48.0,GdsrNGTLImperial20260318.csv
2026-03-18,2026-03-19,GROUNDBIRCH_EAST,Interconnect Flow,108.0,132.0,174.0,GdsrNGTLImperial20260318.csv
2026-03-18,2026-03-19,WILLOW_VALLEY,Interconnect Flow,-290.0,-289.0,-273.0,GdsrNGTLImperial20260318.csv
2026-03-18,2026-03-19,INTRAPROVINCIAL,Internal Delivery,-10477.0,-6058.0,-10046.0,GdsrNGTLImperial20260318.csv
2026-03-18,2026-03-19,TOTAL_NET_STORAGE,Storage,250.0,218.0,291.0,GdsrNGTLImperial20260318.csv
2026-03-18,2026-03-19,TOTAL_STORAGE_DELIVERIES,Storage,-2777.0,-222.0,-2611.0,GdsrNGTLImperial20260318.csv
2026-03-18,2026-03-19,TOTAL_STORAGE_RECEIPTS,Storage,3028.0,440.0,2902.0,GdsrNGTLImperial20260318.csv
2026-03-18,2026-03-19,TOTAL_NGTL_DELIVERIES,System Total,-21395.0,-14495.0,-20894.0,GdsrNGTLImperial20260318.csv
2026-03-18,2026-03-19,TOTAL_NGTL_RECEIPTS,System Total,20696.0,14527.0,20420.0,GdsrNGTLImperial20260318.csv
2026-03-18,2026-03-19,TOTAL_STORAGE_AND_INTRAPROVINCIAL,System Total,-13254.0,-6280.0,-12657.0,GdsrNGTLImperial20260318.csv
2026-03-19,2026-03-20,ALBERTA_BC,Border Flow,-2032.0,-2016.0,-1952.0,GdsrNGTLImperial20260319.csv
2026-03-19,2026-03-20,EMPRESS,Border Flow,-4847.0,-4741.0,-4857.0,GdsrNGTLImperial20260319.csv
2026-03-19,2026-03-20,MCNEILL,Border Flow,-577.0,-584.0,-624.0,GdsrNGTLImperial20260319.csv
2026-03-19,2026-03-20,OTHER_BORDERS,Border Flow,-351.0,-336.0,-362.0,GdsrNGTLImperial20260319.csv
2026-03-19,2026-03-20,GORDONDALE,Interconnect Flow,90.0,90.0,135.0,GdsrNGTLImperial20260319.csv
2026-03-19,2026-03-20,GROUNDBIRCH_EAST,Interconnect Flow,176.0,180.0,202.0,GdsrNGTLImperial20260319.csv
2026-03-19,2026-03-20,WILLOW_VALLEY,Interconnect Flow,-149.0,-149.0,-234.0,GdsrNGTLImperial20260319.csv
2026-03-19,2026-03-20,INTRAPROVINCIAL,Internal Delivery,-10477.0,-6198.0,-10053.0,GdsrNGTLImperial20260319.csv
2026-03-19,2026-03-20,TOTAL_NET_STORAGE,Storage,104.0,142.0,134.0,GdsrNGTLImperial20260319.csv
2026-03-19,2026-03-20,TOTAL_STORAGE_DELIVERIES,Storage,-2901.0,-218.0,-2689.0,GdsrNGTLImperial20260319.csv
2026-03-19,2026-03-20,TOTAL_STORAGE_RECEIPTS,Storage,3005.0,360.0,2823.0,GdsrNGTLImperial20260319.csv
2026-03-19,2026-03-20,TOTAL_NGTL_DELIVERIES,System Total,-21352.0,-14242.0,-20771.0,GdsrNGTLImperial20260319.csv
2026-03-19,2026-03-20,TOTAL_NGTL_RECEIPTS,System Total,20773.0,14652.0,20667.0,GdsrNGTLImperial20260319.csv
2026-03-19,2026-03-20,TOTAL_STORAGE_AND_INTRAPROVINCIAL,System Total,-13378.0,-6417.0,-12742.0,GdsrNGTLImperial20260319.csv
2026-03-20,2026-03-21,ALBERTA_BC,Border Flow,-2000.0,-1912.0,-1950.0,GdsrNGTLImperial20260320.csv
2026-03-20,2026-03-21,EMPRESS,Border Flow,-4857.0,-4810.0,-4909.0,GdsrNGTLImperial20260320.csv
2026-03-20,2026-03-21,MCNEILL,Border Flow,-538.0,-537.0,-526.0,GdsrNGTLImperial20260320.csv
2026-03-20,2026-03-21,OTHER_BORDERS,Border Flow,-332.0,-331.0,-296.0,GdsrNGTLImperial20260320.csv
2026-03-20,2026-03-21,GORDONDALE,Interconnect Flow,157.0,146.0,136.0,GdsrNGTLImperial20260320.csv
2026-03-20,2026-03-21,GROUNDBIRCH_EAST,Interconnect Flow,256.0,210.0,207.0,GdsrNGTLImperial20260320.csv
2026-03-20,2026-03-21,WILLOW_VALLEY,Interconnect Flow,-97.0,-98.0,-113.0,GdsrNGTLImperial20260320.csv
2026-03-20,2026-03-21,INTRAPROVINCIAL,Internal Delivery,-10538.0,-6522.0,-10089.0,GdsrNGTLImperial20260320.csv
2026-03-20,2026-03-21,TOTAL_NET_STORAGE,Storage,-558.0,-329.0,155.0,GdsrNGTLImperial20260320.csv
2026-03-20,2026-03-21,TOTAL_STORAGE_DELIVERIES,Storage,-3369.0,-517.0,-2633.0,GdsrNGTLImperial20260320.csv
2026-03-20,2026-03-21,TOTAL_STORAGE_RECEIPTS,Storage,2811.0,187.0,2787.0,GdsrNGTLImperial20260320.csv
2026-03-20,2026-03-21,TOTAL_NGTL_DELIVERIES,System Total,-21821.0,-14727.0,-20516.0,GdsrNGTLImperial20260320.csv
2026-03-20,2026-03-21,TOTAL_NGTL_RECEIPTS,System Total,20763.0,14670.0,20545.0,GdsrNGTLImperial20260320.csv
2026-03-20,2026-03-21,TOTAL_STORAGE_AND_INTRAPROVINCIAL,System Total,-13906.0,-7039.0,-12721.0,GdsrNGTLImperial20260320.csv
2026-03-21,2026-03-22,ALBERTA_BC,Border Flow,-1911.0,-1879.0,-2001.0,GdsrNGTLImperial20260321.csv
2026-03-21,2026-03-22,EMPRESS,Border Flow,-4862.0,-4871.0,-4903.0,GdsrNGTLImperial20260321.csv
2026-03-21,2026-03-22,MCNEILL,Border Flow,-497.0,-541.0,-519.0,GdsrNGTLImperial20260321.csv
2026-03-21,2026-03-22,OTHER_BORDERS,Border Flow,-318.0,-333.0,-320.0,GdsrNGTLImperial20260321.csv
2026-03-21,2026-03-22,GORDONDALE,Interconnect Flow,136.0,136.0,136.0,GdsrNGTLImperial20260321.csv
2026-03-21,2026-03-22,GROUNDBIRCH_EAST,Interconnect Flow,250.0,250.0,207.0,GdsrNGTLImperial20260321.csv
2026-03-21,2026-03-22,WILLOW_VALLEY,Interconnect Flow,-113.0,-113.0,-113.0,GdsrNGTLImperial20260321.csv
2026-03-21,2026-03-22,INTRAPROVINCIAL,Internal Delivery,-10528.0,-6849.0,-10088.0,GdsrNGTLImperial20260321.csv
2026-03-21,2026-03-22,TOTAL_NET_STORAGE,Storage,84.0,-46.0,74.0,GdsrNGTLImperial20260321.csv
2026-03-21,2026-03-22,TOTAL_STORAGE_DELIVERIES,Storage,-2701.0,-330.0,-2686.0,GdsrNGTLImperial20260321.csv
2026-03-21,2026-03-22,TOTAL_STORAGE_RECEIPTS,Storage,2785.0,285.0,2760.0,GdsrNGTLImperial20260321.csv
2026-03-21,2026-03-22,TOTAL_NGTL_DELIVERIES,System Total,-20999.0,-14917.0,-20630.0,GdsrNGTLImperial20260321.csv
2026-03-21,2026-03-22,TOTAL_NGTL_RECEIPTS,System Total,20653.0,15124.0,20372.0,GdsrNGTLImperial20260321.csv
2026-03-21,2026-03-22,TOTAL_STORAGE_AND_INTRAPROVINCIAL,System Total,-13229.0,-7179.0,-12773.0,GdsrNGTLImperial20260321.csv
2026-03-22,2026-03-23,ALBERTA_BC,Border Flow,-1989.0,-1984.0,-2026.0,GdsrNGTLImperial20260322.csv
2026-03-22,2026-03-23,EMPRESS,Border Flow,-4939.0,-4959.0,-4707.0,GdsrNGTLImperial20260322.csv
2026-03-22,2026-03-23,MCNEILL,Border Flow,-495.0,-489.0,-498.0,GdsrNGTLImperial20260322.csv
2026-03-22,2026-03-23,OTHER_BORDERS,Border Flow,-320.0,-322.0,-350.0,GdsrNGTLImperial20260322.csv
2026-03-22,2026-03-23,GORDONDALE,Interconnect Flow,136.0,151.0,136.0,GdsrNGTLImperial20260322.csv
2026-03-22,2026-03-23,GROUNDBIRCH_EAST,Interconnect Flow,208.0,236.0,208.0,GdsrNGTLImperial20260322.csv
2026-03-22,2026-03-23,WILLOW_VALLEY,Interconnect Flow,-113.0,-113.0,-113.0,GdsrNGTLImperial20260322.csv
2026-03-22,2026-03-23,INTRAPROVINCIAL,Internal Delivery,-10519.0,-6662.0,-10121.0,GdsrNGTLImperial20260322.csv
2026-03-22,2026-03-23,TOTAL_NET_STORAGE,Storage,-270.0,-148.0,77.0,GdsrNGTLImperial20260322.csv
2026-03-22,2026-03-23,TOTAL_STORAGE_DELIVERIES,Storage,-3007.0,-370.0,-2702.0,GdsrNGTLImperial20260322.csv
2026-03-22,2026-03-23,TOTAL_STORAGE_RECEIPTS,Storage,2736.0,222.0,2779.0,GdsrNGTLImperial20260322.csv
2026-03-22,2026-03-23,TOTAL_NGTL_DELIVERIES,System Total,-21381.0,-14900.0,-20516.0,GdsrNGTLImperial20260322.csv
2026-03-22,2026-03-23,TOTAL_NGTL_RECEIPTS,System Total,20495.0,14889.0,20541.0,GdsrNGTLImperial20260322.csv
2026-03-22,2026-03-23,TOTAL_STORAGE_AND_INTRAPROVINCIAL,System Total,-13526.0,-7032.0,-12822.0,GdsrNGTLImperial20260322.csv
2026-03-23,2026-03-24,ALBERTA_BC,Border Flow,-2018.0,-2008.0,-1824.0,GdsrNGTLImperial20260323.csv
2026-03-23,2026-03-24,EMPRESS,Border Flow,-4808.0,-4773.0,-4617.0,GdsrNGTLImperial20260323.csv
2026-03-23,2026-03-24,MCNEILL,Border Flow,-519.0,-483.0,-433.0,GdsrNGTLImperial20260323.csv
2026-03-23,2026-03-24,OTHER_BORDERS,Border Flow,-324.0,-329.0,-299.0,GdsrNGTLImperial20260323.csv
2026-03-23,2026-03-24,GORDONDALE,Interconnect Flow,158.0,155.0,56.0,GdsrNGTLImperial20260323.csv
2026-03-23,2026-03-24,GROUNDBIRCH_EAST,Interconnect Flow,221.0,209.0,6.0,GdsrNGTLImperial20260323.csv
2026-03-23,2026-03-24,WILLOW_VALLEY,Interconnect Flow,-113.0,-113.0,-46.0,GdsrNGTLImperial20260323.csv
2026-03-23,2026-03-24,INTRAPROVINCIAL,Internal Delivery,-10518.0,-6696.0,-10111.0,GdsrNGTLImperial20260323.csv
2026-03-23,2026-03-24,TOTAL_NET_STORAGE,Storage,-326.0,-271.0,108.0,GdsrNGTLImperial20260323.csv
2026-03-23,2026-03-24,TOTAL_STORAGE_DELIVERIES,Storage,-3132.0,-419.0,-2656.0,GdsrNGTLImperial20260323.csv
2026-03-23,2026-03-24,TOTAL_STORAGE_RECEIPTS,Storage,2805.0,148.0,2764.0,GdsrNGTLImperial20260323.csv
2026-03-23,2026-03-24,TOTAL_NGTL_DELIVERIES,System Total,-21522.0,-14822.0,-19988.0,GdsrNGTLImperial20260323.csv
2026-03-23,2026-03-24,TOTAL_NGTL_RECEIPTS,System Total,20688.0,14732.0,17812.0,GdsrNGTLImperial20260323.csv
2026-03-23,2026-03-24,TOTAL_STORAGE_AND_INTRAPROVINCIAL,System Total,-13650.0,-7115.0,-12767.0,GdsrNGTLImperial20260323.csv
2026-03-24,2026-03-25,ALBERTA_BC,Border Flow,-1805.0,-1858.0,-2126.0,GdsrNGTLImperial20260324.csv
2026-03-24,2026-03-25,EMPRESS,Border Flow,-4692.0,-4697.0,-4784.0,GdsrNGTLImperial20260324.csv
2026-03-24,2026-03-25,MCNEILL,Border Flow,-396.0,-455.0,-448.0,GdsrNGTLImperial20260324.csv
2026-03-24,2026-03-25,OTHER_BORDERS,Border Flow,-299.0,-331.0,-288.0,GdsrNGTLImperial20260324.csv
2026-03-24,2026-03-25,GORDONDALE,Interconnect Flow,52.0,60.0,42.0,GdsrNGTLImperial20260324.csv
2026-03-24,2026-03-25,GROUNDBIRCH_EAST,Interconnect Flow,15.0,48.0,66.0,GdsrNGTLImperial20260324.csv
2026-03-24,2026-03-25,WILLOW_VALLEY,Interconnect Flow,-62.0,-60.0,-79.0,GdsrNGTLImperial20260324.csv
2026-03-24,2026-03-25,INTRAPROVINCIAL,Internal Delivery,-10518.0,-7139.0,-10134.0,GdsrNGTLImperial20260324.csv
2026-03-24,2026-03-25,TOTAL_NET_STORAGE,Storage,-91.0,-52.0,368.0,GdsrNGTLImperial20260324.csv
2026-03-24,2026-03-25,TOTAL_STORAGE_DELIVERIES,Storage,-2921.0,-249.0,-2595.0,GdsrNGTLImperial20260324.csv
2026-03-24,2026-03-25,TOTAL_STORAGE_RECEIPTS,Storage,2830.0,198.0,2964.0,GdsrNGTLImperial20260324.csv
2026-03-24,2026-03-25,TOTAL_NGTL_DELIVERIES,System Total,-20696.0,-14790.0,-20454.0,GdsrNGTLImperial20260324.csv
2026-03-24,2026-03-25,TOTAL_NGTL_RECEIPTS,System Total,18149.0,14322.0,18427.0,GdsrNGTLImperial20260324.csv
2026-03-24,2026-03-25,TOTAL_STORAGE_AND_INTRAPROVINCIAL,System Total,-13439.0,-7389.0,-12730.0,GdsrNGTLImperial20260324.csv
2026-03-25,2026-03-26,ALBERTA_BC,Border Flow,-1926.0,-1856.0,-1632.0,GdsrNGTLImperial20260325.csv
2026-03-25,2026-03-26,EMPRESS,Border Flow,-4831.0,-4823.0,-4874.0,GdsrNGTLImperial20260325.csv
2026-03-25,2026-03-26,MCNEILL,Border Flow,-410.0,-399.0,-489.0,GdsrNGTLImperial20260325.csv
2026-03-25,2026-03-26,OTHER_BORDERS,Border Flow,-279.0,-329.0,-279.0,GdsrNGTLImperial20260325.csv
2026-03-25,2026-03-26,GORDONDALE,Interconnect Flow,60.0,74.0,42.0,GdsrNGTLImperial20260325.csv
2026-03-25,2026-03-26,GROUNDBIRCH_EAST,Interconnect Flow,43.0,68.0,33.0,GdsrNGTLImperial20260325.csv
2026-03-25,2026-03-26,WILLOW_VALLEY,Interconnect Flow,-81.0,-80.0,-78.0,GdsrNGTLImperial20260325.csv
2026-03-25,2026-03-26,INTRAPROVINCIAL,Internal Delivery,-10546.0,-7365.0,-10134.0,GdsrNGTLImperial20260325.csv
2026-03-25,2026-03-26,TOTAL_NET_STORAGE,Storage,757.0,297.0,294.0,GdsrNGTLImperial20260325.csv
2026-03-25,2026-03-26,TOTAL_STORAGE_DELIVERIES,Storage,-2677.0,-206.0,-2752.0,GdsrNGTLImperial20260325.csv
2026-03-25,2026-03-26,TOTAL_STORAGE_RECEIPTS,Storage,3434.0,502.0,3046.0,GdsrNGTLImperial20260325.csv
2026-03-25,2026-03-26,TOTAL_NGTL_DELIVERIES,System Total,-20750.0,-15058.0,-20239.0,GdsrNGTLImperial20260325.csv
2026-03-25,2026-03-26,TOTAL_NGTL_RECEIPTS,System Total,18899.0,14494.0,18488.0,GdsrNGTLImperial20260325.csv
2026-03-25,2026-03-26,TOTAL_STORAGE_AND_INTRAPROVINCIAL,System Total,-13223.0,-7570.0,-12886.0,GdsrNGTLImperial20260325.csv
2026-03-26,2026-03-27,ALBERTA_BC,Border Flow,-1617.0,-1652.0,-1444.0,GdsrNGTLImperial20260326.csv
2026-03-26,2026-03-27,EMPRESS,Border Flow,-4928.0,-4926.0,-4942.0,GdsrNGTLImperial20260326.csv
2026-03-26,2026-03-27,MCNEILL,Border Flow,-471.0,-427.0,-489.0,GdsrNGTLImperial20260326.csv
2026-03-26,2026-03-27,OTHER_BORDERS,Border Flow,-232.0,-282.0,-228.0,GdsrNGTLImperial20260326.csv
2026-03-26,2026-03-27,GORDONDALE,Interconnect Flow,42.0,62.0,42.0,GdsrNGTLImperial20260326.csv
2026-03-26,2026-03-27,GROUNDBIRCH_EAST,Interconnect Flow,42.0,42.0,75.0,GdsrNGTLImperial20260326.csv
2026-03-26,2026-03-27,WILLOW_VALLEY,Interconnect Flow,-79.0,-78.0,-77.0,GdsrNGTLImperial20260326.csv
2026-03-26,2026-03-27,INTRAPROVINCIAL,Internal Delivery,-10338.0,-7018.0,-9830.0,GdsrNGTLImperial20260326.csv
2026-03-26,2026-03-27,TOTAL_NET_STORAGE,Storage,565.0,687.0,-132.0,GdsrNGTLImperial20260326.csv
2026-03-26,2026-03-27,TOTAL_STORAGE_DELIVERIES,Storage,-2974.0,-167.0,-2938.0,GdsrNGTLImperial20260326.csv
2026-03-26,2026-03-27,TOTAL_STORAGE_RECEIPTS,Storage,3539.0,854.0,2807.0,GdsrNGTLImperial20260326.csv
2026-03-26,2026-03-27,TOTAL_NGTL_DELIVERIES,System Total,-20639.0,-14552.0,-19948.0,GdsrNGTLImperial20260326.csv
2026-03-26,2026-03-27,TOTAL_NGTL_RECEIPTS,System Total,18989.0,14824.0,18298.0,GdsrNGTLImperial20260326.csv
2026-03-26,2026-03-27,TOTAL_STORAGE_AND_INTRAPROVINCIAL,System Total,-13312.0,-7186.0,-12768.0,GdsrNGTLImperial20260326.csv
2026-03-27,2026-03-28,ALBERTA_BC,Border Flow,-1478.0,-1445.0,-1537.0,GdsrNGTLImperial20260327.csv
2026-03-27,2026-03-28,EMPRESS,Border Flow,-4960.0,-4946.0,-4866.0,GdsrNGTLImperial20260327.csv
2026-03-27,2026-03-28,MCNEILL,Border Flow,-497.0,-478.0,-453.0,GdsrNGTLImperial20260327.csv
2026-03-27,2026-03-28,OTHER_BORDERS,Border Flow,-227.0,-307.0,-307.0,GdsrNGTLImperial20260327.csv
2026-03-27,2026-03-28,GORDONDALE,Interconnect Flow,42.0,54.0,75.0,GdsrNGTLImperial20260327.csv
2026-03-27,2026-03-28,GROUNDBIRCH_EAST,Interconnect Flow,75.0,75.0,235.0,GdsrNGTLImperial20260327.csv
2026-03-27,2026-03-28,WILLOW_VALLEY,Interconnect Flow,-78.0,-78.0,-78.0,GdsrNGTLImperial20260327.csv
2026-03-27,2026-03-28,INTRAPROVINCIAL,Internal Delivery,-10280.0,-6414.0,-10061.0,GdsrNGTLImperial20260327.csv
2026-03-27,2026-03-28,TOTAL_NET_STORAGE,Storage,-259.0,-140.0,-42.0,GdsrNGTLImperial20260327.csv
2026-03-27,2026-03-28,TOTAL_STORAGE_DELIVERIES,Storage,-3079.0,-362.0,-2820.0,GdsrNGTLImperial20260327.csv
2026-03-27,2026-03-28,TOTAL_STORAGE_RECEIPTS,Storage,2819.0,222.0,2778.0,GdsrNGTLImperial20260327.csv
2026-03-27,2026-03-28,TOTAL_NGTL_DELIVERIES,System Total,-20599.0,-14031.0,-20124.0,GdsrNGTLImperial20260327.csv
2026-03-27,2026-03-28,TOTAL_NGTL_RECEIPTS,System Total,18314.0,14218.0,26220.0,GdsrNGTLImperial20260327.csv
2026-03-27,2026-03-28,TOTAL_STORAGE_AND_INTRAPROVINCIAL,System Total,-13358.0,-6776.0,-12882.0,GdsrNGTLImperial20260327.csv
2026-03-28,2026-03-29,ALBERTA_BC,Border Flow,-1594.0,-1641.0,-1547.0,GdsrNGTLImperial20260328.csv
2026-03-28,2026-03-29,EMPRESS,Border Flow,-4870.0,-4889.0,-4853.0,GdsrNGTLImperial20260328.csv
2026-03-28,2026-03-29,MCNEILL,Border Flow,-454.0,-491.0,-456.0,GdsrNGTLImperial20260328.csv
2026-03-28,2026-03-29,OTHER_BORDERS,Border Flow,-307.0,-306.0,-307.0,GdsrNGTLImperial20260328.csv
2026-03-28,2026-03-29,GORDONDALE,Interconnect Flow,76.0,75.0,76.0,GdsrNGTLImperial20260328.csv
2026-03-28,2026-03-29,GROUNDBIRCH_EAST,Interconnect Flow,295.0,286.0,235.0,GdsrNGTLImperial20260328.csv
2026-03-28,2026-03-29,WILLOW_VALLEY,Interconnect Flow,-72.0,-73.0,-86.0,GdsrNGTLImperial20260328.csv
2026-03-28,2026-03-29,INTRAPROVINCIAL,Internal Delivery,-10533.0,-6834.0,-10110.0,GdsrNGTLImperial20260328.csv
2026-03-28,2026-03-29,TOTAL_NET_STORAGE,Storage,-207.0,-218.0,-225.0,GdsrNGTLImperial20260328.csv
2026-03-28,2026-03-29,TOTAL_STORAGE_DELIVERIES,Storage,-2970.0,-418.0,-2969.0,GdsrNGTLImperial20260328.csv
2026-03-28,2026-03-29,TOTAL_STORAGE_RECEIPTS,Storage,2763.0,200.0,2744.0,GdsrNGTLImperial20260328.csv
2026-03-28,2026-03-29,TOTAL_NGTL_DELIVERIES,System Total,-20799.0,-14653.0,-20328.0,GdsrNGTLImperial20260328.csv
2026-03-28,2026-03-29,TOTAL_NGTL_RECEIPTS,System Total,26266.0,14715.0,26186.0,GdsrNGTLImperial20260328.csv
2026-03-28,2026-03-29,TOTAL_STORAGE_AND_INTRAPROVINCIAL,System Total,-13503.0,-7252.0,-13079.0,GdsrNGTLImperial20260328.csv
2026-03-29,2026-03-30,ALBERTA_BC,Border Flow,-1585.0,-1603.0,-1619.0,GdsrNGTLImperial20260329.csv
2026-03-29,2026-03-30,EMPRESS,Border Flow,-4869.0,-4853.0,-4784.0,GdsrNGTLImperial20260329.csv
2026-03-29,2026-03-30,MCNEILL,Border Flow,-456.0,-413.0,-460.0,GdsrNGTLImperial20260329.csv
2026-03-29,2026-03-30,OTHER_BORDERS,Border Flow,-306.0,-299.0,-306.0,GdsrNGTLImperial20260329.csv
2026-03-29,2026-03-30,GORDONDALE,Interconnect Flow,76.0,80.0,76.0,GdsrNGTLImperial20260329.csv
2026-03-29,2026-03-30,GROUNDBIRCH_EAST,Interconnect Flow,433.0,406.0,236.0,GdsrNGTLImperial20260329.csv
2026-03-29,2026-03-30,WILLOW_VALLEY,Interconnect Flow,-18.0,-33.0,-8.0,GdsrNGTLImperial20260329.csv
2026-03-29,2026-03-30,INTRAPROVINCIAL,Internal Delivery,-10470.0,-7129.0,-10062.0,GdsrNGTLImperial20260329.csv
2026-03-29,2026-03-30,TOTAL_NET_STORAGE,Storage,-1142.0,-1074.0,-122.0,GdsrNGTLImperial20260329.csv
2026-03-29,2026-03-30,TOTAL_STORAGE_DELIVERIES,Storage,-3918.0,-1075.0,-2850.0,GdsrNGTLImperial20260329.csv
2026-03-29,2026-03-30,TOTAL_STORAGE_RECEIPTS,Storage,2776.0,1.0,2727.0,GdsrNGTLImperial20260329.csv
2026-03-29,2026-03-30,TOTAL_NGTL_DELIVERIES,System Total,-21622.0,-15405.0,-20088.0,GdsrNGTLImperial20260329.csv
2026-03-29,2026-03-30,TOTAL_NGTL_RECEIPTS,System Total,26417.0,15164.0,26172.0,GdsrNGTLImperial20260329.csv
2026-03-29,2026-03-30,TOTAL_STORAGE_AND_INTRAPROVINCIAL,System Total,-14389.0,-8204.0,-12912.0,GdsrNGTLImperial20260329.csv
2026-03-30,2026-03-31,ALBERTA_BC,Border Flow,-1838.0,-1940.0,-2252.0,GdsrNGTLImperial20260330.csv
2026-03-30,2026-03-31,EMPRESS,Border Flow,-4938.0,-4988.0,-4781.0,GdsrNGTLImperial20260330.csv
2026-03-30,2026-03-31,MCNEILL,Border Flow,-401.0,-390.0,-380.0,GdsrNGTLImperial20260330.csv
2026-03-30,2026-03-31,OTHER_BORDERS,Border Flow,-302.0,-296.0,-335.0,GdsrNGTLImperial20260330.csv
2026-03-30,2026-03-31,GORDONDALE,Interconnect Flow,76.0,75.0,129.0,GdsrNGTLImperial20260330.csv
2026-03-30,2026-03-31,GROUNDBIRCH_EAST,Interconnect Flow,311.0,308.0,241.0,GdsrNGTLImperial20260330.csv
2026-03-30,2026-03-31,WILLOW_VALLEY,Interconnect Flow,-8.0,-11.0,-6.0,GdsrNGTLImperial20260330.csv
2026-03-30,2026-03-31,INTRAPROVINCIAL,Internal Delivery,-10497.0,-7131.0,-10022.0,GdsrNGTLImperial20260330.csv
2026-03-30,2026-03-31,TOTAL_NET_STORAGE,Storage,-259.0,-178.0,-163.0,GdsrNGTLImperial20260330.csv
2026-03-30,2026-03-31,TOTAL_STORAGE_DELIVERIES,Storage,-3166.0,-282.0,-2936.0,GdsrNGTLImperial20260330.csv
2026-03-30,2026-03-31,TOTAL_STORAGE_RECEIPTS,Storage,2907.0,103.0,2774.0,GdsrNGTLImperial20260330.csv
2026-03-30,2026-03-31,TOTAL_NGTL_DELIVERIES,System Total,-21150.0,-15039.0,-20711.0,GdsrNGTLImperial20260330.csv
2026-03-30,2026-03-31,TOTAL_NGTL_RECEIPTS,System Total,26433.0,15144.0,26291.0,GdsrNGTLImperial20260330.csv
2026-03-30,2026-03-31,TOTAL_STORAGE_AND_INTRAPROVINCIAL,System Total,-13664.0,-7413.0,-12958.0,GdsrNGTLImperial20260330.csv
2026-03-31,2026-04-01,ALBERTA_BC,Border Flow,-2282.0,-2272.0,-1847.0,GdsrNGTLImperial20260331.csv
2026-03-31,2026-04-01,EMPRESS,Border Flow,-4858.0,-4906.0,-4459.0,GdsrNGTLImperial20260331.csv
2026-03-31,2026-04-01,MCNEILL,Border Flow,-401.0,-394.0,-498.0,GdsrNGTLImperial20260331.csv
2026-03-31,2026-04-01,OTHER_BORDERS,Border Flow,-314.0,-316.0,-506.0,GdsrNGTLImperial20260331.csv
2026-03-31,2026-04-01,GORDONDALE,Interconnect Flow,124.0,123.0,110.0,GdsrNGTLImperial20260331.csv
2026-03-31,2026-04-01,GROUNDBIRCH_EAST,Interconnect Flow,241.0,240.0,181.0,GdsrNGTLImperial20260331.csv
2026-03-31,2026-04-01,WILLOW_VALLEY,Interconnect Flow,-5.0,-11.0,0.0,GdsrNGTLImperial20260331.csv
2026-03-31,2026-04-01,INTRAPROVINCIAL,Internal Delivery,-10480.0,-6826.0,-10077.0,GdsrNGTLImperial20260331.csv
2026-03-31,2026-04-01,TOTAL_NET_STORAGE,Storage,-412.0,-435.0,-622.0,GdsrNGTLImperial20260331.csv
2026-03-31,2026-04-01,TOTAL_STORAGE_DELIVERIES,Storage,-3387.0,-480.0,-1697.0,GdsrNGTLImperial20260331.csv
2026-03-31,2026-04-01,TOTAL_STORAGE_RECEIPTS,Storage,2975.0,45.0,1075.0,GdsrNGTLImperial20260331.csv
2026-03-31,2026-04-01,TOTAL_NGTL_DELIVERIES,System Total,-21728.0,-15205.0,-19084.0,GdsrNGTLImperial20260331.csv
2026-03-31,2026-04-01,TOTAL_NGTL_RECEIPTS,System Total,26488.0,15062.0,24467.0,GdsrNGTLImperial20260331.csv
2026-03-31,2026-04-01,TOTAL_STORAGE_AND_INTRAPROVINCIAL,System Total,-13867.0,-7306.0,-11774.0,GdsrNGTLImperial20260331.csv
2026-04-01,2026-04-02,ALBERTA_BC,Border Flow,-1999.0,-2040.0,-1898.0,GdsrNGTLImperial20260401.csv
2026-04-01,2026-04-02,EMPRESS,Border Flow,-4644.0,-4681.0,-4635.0,GdsrNGTLImperial20260401.csv
2026-04-01,2026-04-02,MCNEILL,Border Flow,-508.0,-512.0,-452.0,GdsrNGTLImperial20260401.csv
2026-04-01,2026-04-02,OTHER_BORDERS,Border Flow,-459.0,-339.0,-466.0,GdsrNGTLImperial20260401.csv
2026-04-01,2026-04-02,GORDONDALE,Interconnect Flow,110.0,108.0,110.0,GdsrNGTLImperial20260401.csv
2026-04-01,2026-04-02,GROUNDBIRCH_EAST,Interconnect Flow,190.0,182.0,136.0,GdsrNGTLImperial20260401.csv
2026-04-01,2026-04-02,WILLOW_VALLEY,Interconnect Flow,0.0,-11.0,-56.0,GdsrNGTLImperial20260401.csv
2026-04-01,2026-04-02,INTRAPROVINCIAL,Internal Delivery,-10508.0,-6667.0,-10072.0,GdsrNGTLImperial20260401.csv
2026-04-01,2026-04-02,TOTAL_NET_STORAGE,Storage,-707.0,-720.0,-376.0,GdsrNGTLImperial20260401.csv
2026-04-01,2026-04-02,TOTAL_STORAGE_DELIVERIES,Storage,-1869.0,-720.0,-1719.0,GdsrNGTLImperial20260401.csv
2026-04-01,2026-04-02,TOTAL_STORAGE_RECEIPTS,Storage,1163.0,0.0,1342.0,GdsrNGTLImperial20260401.csv
2026-04-01,2026-04-02,TOTAL_NGTL_DELIVERIES,System Total,-19987.0,-14969.0,-19296.0,GdsrNGTLImperial20260401.csv
2026-04-01,2026-04-02,TOTAL_NGTL_RECEIPTS,System Total,24556.0,15052.0,24673.0,GdsrNGTLImperial20260401.csv
2026-04-01,2026-04-02,TOTAL_STORAGE_AND_INTRAPROVINCIAL,System Total,-12377.0,-7387.0,-11790.0,GdsrNGTLImperial20260401.csv
2026-04-02,2026-04-03,ALBERTA_BC,Border Flow,-1885.0,-1846.0,-1743.0,GdsrNGTLImperial20260402.csv
2026-04-02,2026-04-03,EMPRESS,Border Flow,-4749.0,-4768.0,-4645.0,GdsrNGTLImperial20260402.csv
2026-04-02,2026-04-03,MCNEILL,Border Flow,-494.0,-518.0,-505.0,GdsrNGTLImperial20260402.csv
2026-04-02,2026-04-03,OTHER_BORDERS,Border Flow,-477.0,-394.0,-477.0,GdsrNGTLImperial20260402.csv
2026-04-02,2026-04-03,GORDONDALE,Interconnect Flow,105.0,89.0,109.0,GdsrNGTLImperial20260402.csv
2026-04-02,2026-04-03,GROUNDBIRCH_EAST,Interconnect Flow,145.0,131.0,183.0,GdsrNGTLImperial20260402.csv
2026-04-02,2026-04-03,WILLOW_VALLEY,Interconnect Flow,-56.0,-56.0,-115.0,GdsrNGTLImperial20260402.csv
2026-04-02,2026-04-03,INTRAPROVINCIAL,Internal Delivery,-10528.0,-6867.0,-9987.0,GdsrNGTLImperial20260402.csv
2026-04-02,2026-04-03,TOTAL_NET_STORAGE,Storage,-251.0,-324.0,-662.0,GdsrNGTLImperial20260402.csv
2026-04-02,2026-04-03,TOTAL_STORAGE_DELIVERIES,Storage,-1867.0,-324.0,-1865.0,GdsrNGTLImperial20260402.csv
2026-04-02,2026-04-03,TOTAL_STORAGE_RECEIPTS,Storage,1616.0,0.0,1203.0,GdsrNGTLImperial20260402.csv
2026-04-02,2026-04-03,TOTAL_NGTL_DELIVERIES,System Total,-20057.0,-14773.0,-19338.0,GdsrNGTLImperial20260402.csv
2026-04-02,2026-04-03,TOTAL_NGTL_RECEIPTS,System Total,24952.0,14670.0,24583.0,GdsrNGTLImperial20260402.csv
2026-04-02,2026-04-03,TOTAL_STORAGE_AND_INTRAPROVINCIAL,System Total,-12396.0,-7192.0,-11852.0,GdsrNGTLImperial20260402.csv
2026-04-03,2026-04-04,ALBERTA_BC,Border Flow,-1761.0,-1740.0,-1744.0,GdsrNGTLImperial20260403.csv
2026-04-03,2026-04-04,EMPRESS,Border Flow,-4727.0,-4794.0,-4622.0,GdsrNGTLImperial20260403.csv
2026-04-03,2026-04-04,MCNEILL,Border Flow,-505.0,-505.0,-465.0,GdsrNGTLImperial20260403.csv
2026-04-03,2026-04-04,OTHER_BORDERS,Border Flow,-477.0,-420.0,-477.0,GdsrNGTLImperial20260403.csv
2026-04-03,2026-04-04,GORDONDALE,Interconnect Flow,109.0,107.0,109.0,GdsrNGTLImperial20260403.csv
2026-04-03,2026-04-04,GROUNDBIRCH_EAST,Interconnect Flow,140.0,158.0,180.0,GdsrNGTLImperial20260403.csv
2026-04-03,2026-04-04,WILLOW_VALLEY,Interconnect Flow,-117.0,-116.0,-98.0,GdsrNGTLImperial20260403.csv
2026-04-03,2026-04-04,INTRAPROVINCIAL,Internal Delivery,-10452.0,-6548.0,-10003.0,GdsrNGTLImperial20260403.csv
2026-04-03,2026-04-04,TOTAL_NET_STORAGE,Storage,-651.0,-707.0,-630.0,GdsrNGTLImperial20260403.csv
2026-04-03,2026-04-04,TOTAL_STORAGE_DELIVERIES,Storage,-1821.0,-708.0,-1801.0,GdsrNGTLImperial20260403.csv
2026-04-03,2026-04-04,TOTAL_STORAGE_RECEIPTS,Storage,1170.0,1.0,1170.0,GdsrNGTLImperial20260403.csv
2026-04-03,2026-04-04,TOTAL_NGTL_DELIVERIES,System Total,-19860.0,-14832.0,-19211.0,GdsrNGTLImperial20260403.csv
2026-04-03,2026-04-04,TOTAL_NGTL_RECEIPTS,System Total,24511.0,14814.0,24555.0,GdsrNGTLImperial20260403.csv
2026-04-03,2026-04-04,TOTAL_STORAGE_AND_INTRAPROVINCIAL,System Total,-12273.0,-7257.0,-11804.0,GdsrNGTLImperial20260403.csv
2026-04-04,2026-04-05,ALBERTA_BC,Border Flow,-1732.0,-1734.0,-1736.0,GdsrNGTLImperial20260404.csv
2026-04-04,2026-04-05,EMPRESS,Border Flow,-4777.0,-4835.0,-4628.0,GdsrNGTLImperial20260404.csv
2026-04-04,2026-04-05,MCNEILL,Border Flow,-477.0,-485.0,-472.0,GdsrNGTLImperial20260404.csv
2026-04-04,2026-04-05,OTHER_BORDERS,Border Flow,-478.0,-428.0,-477.0,GdsrNGTLImperial20260404.csv
2026-04-04,2026-04-05,GORDONDALE,Interconnect Flow,110.0,100.0,109.0,GdsrNGTLImperial20260404.csv
2026-04-04,2026-04-05,GROUNDBIRCH_EAST,Interconnect Flow,181.0,191.0,181.0,GdsrNGTLImperial20260404.csv
2026-04-04,2026-04-05,WILLOW_VALLEY,Interconnect Flow,-98.0,-99.0,-105.0,GdsrNGTLImperial20260404.csv
2026-04-04,2026-04-05,INTRAPROVINCIAL,Internal Delivery,-10478.0,-6494.0,-10006.0,GdsrNGTLImperial20260404.csv
2026-04-04,2026-04-05,TOTAL_NET_STORAGE,Storage,-642.0,-734.0,-667.0,GdsrNGTLImperial20260404.csv
2026-04-04,2026-04-05,TOTAL_STORAGE_DELIVERIES,Storage,-1806.0,-734.0,-1833.0,GdsrNGTLImperial20260404.csv
2026-04-04,2026-04-05,TOTAL_STORAGE_RECEIPTS,Storage,1165.0,0.0,1166.0,GdsrNGTLImperial20260404.csv
2026-04-04,2026-04-05,TOTAL_NGTL_DELIVERIES,System Total,-19847.0,-14811.0,-19257.0,GdsrNGTLImperial20260404.csv
2026-04-04,2026-04-05,TOTAL_NGTL_RECEIPTS,System Total,24550.0,14835.0,24551.0,GdsrNGTLImperial20260404.csv
2026-04-04,2026-04-05,TOTAL_STORAGE_AND_INTRAPROVINCIAL,System Total,-12285.0,-7229.0,-11839.0,GdsrNGTLImperial20260404.csv
2026-04-05,2026-04-06,ALBERTA_BC,Border Flow,-1725.0,-1689.0,-1735.0,GdsrNGTLImperial20260405.csv
2026-04-05,2026-04-06,EMPRESS,Border Flow,-4785.0,-4861.0,-4650.0,GdsrNGTLImperial20260405.csv
2026-04-05,2026-04-06,MCNEILL,Border Flow,-477.0,-481.0,-417.0,GdsrNGTLImperial20260405.csv
2026-04-05,2026-04-06,OTHER_BORDERS,Border Flow,-478.0,-439.0,-437.0,GdsrNGTLImperial20260405.csv
2026-04-05,2026-04-06,GORDONDALE,Interconnect Flow,110.0,134.0,110.0,GdsrNGTLImperial20260405.csv
2026-04-05,2026-04-06,GROUNDBIRCH_EAST,Interconnect Flow,189.0,188.0,181.0,GdsrNGTLImperial20260405.csv
2026-04-05,2026-04-06,WILLOW_VALLEY,Interconnect Flow,-105.0,-105.0,-105.0,GdsrNGTLImperial20260405.csv
2026-04-05,2026-04-06,INTRAPROVINCIAL,Internal Delivery,-10470.0,-6703.0,-9973.0,GdsrNGTLImperial20260405.csv
2026-04-05,2026-04-06,TOTAL_NET_STORAGE,Storage,-718.0,-640.0,-755.0,GdsrNGTLImperial20260405.csv
2026-04-05,2026-04-06,TOTAL_STORAGE_DELIVERIES,Storage,-1873.0,-640.0,-1911.0,GdsrNGTLImperial20260405.csv
2026-04-05,2026-04-06,TOTAL_STORAGE_RECEIPTS,Storage,1155.0,0.0,1156.0,GdsrNGTLImperial20260405.csv
2026-04-05,2026-04-06,TOTAL_NGTL_DELIVERIES,System Total,-19913.0,-14919.0,-19229.0,GdsrNGTLImperial20260405.csv
2026-04-05,2026-04-06,TOTAL_NGTL_RECEIPTS,System Total,24550.0,14877.0,24542.0,GdsrNGTLImperial20260405.csv
2026-04-05,2026-04-06,TOTAL_STORAGE_AND_INTRAPROVINCIAL,System Total,-12343.0,-7344.0,-11884.0,GdsrNGTLImperial20260405.csv
2026-04-06,2026-04-07,ALBERTA_BC,Border Flow,-1719.0,-1688.0,-1671.0,GdsrNGTLImperial20260406.csv
2026-04-06,2026-04-07,EMPRESS,Border Flow,-4796.0,-4716.0,-4679.0,GdsrNGTLImperial20260406.csv
2026-04-06,2026-04-07,MCNEILL,Border Flow,-434.0,-410.0,-396.0,GdsrNGTLImperial20260406.csv
2026-04-06,2026-04-07,OTHER_BORDERS,Border Flow,-427.0,-414.0,-500.0,GdsrNGTLImperial20260406.csv
2026-04-06,2026-04-07,GORDONDALE,Interconnect Flow,127.0,126.0,102.0,GdsrNGTLImperial20260406.csv
2026-04-06,2026-04-07,GROUNDBIRCH_EAST,Interconnect Flow,231.0,231.0,208.0,GdsrNGTLImperial20260406.csv
2026-04-06,2026-04-07,WILLOW_VALLEY,Interconnect Flow,-105.0,-104.0,-91.0,GdsrNGTLImperial20260406.csv
2026-04-06,2026-04-07,INTRAPROVINCIAL,Internal Delivery,-10414.0,-6411.0,-9994.0,GdsrNGTLImperial20260406.csv
2026-04-06,2026-04-07,TOTAL_NET_STORAGE,Storage,-885.0,-915.0,-575.0,GdsrNGTLImperial20260406.csv
2026-04-06,2026-04-07,TOTAL_STORAGE_DELIVERIES,Storage,-2075.0,-915.0,-1684.0,GdsrNGTLImperial20260406.csv
2026-04-06,2026-04-07,TOTAL_STORAGE_RECEIPTS,Storage,1191.0,0.0,1109.0,GdsrNGTLImperial20260406.csv
2026-04-06,2026-04-07,TOTAL_NGTL_DELIVERIES,System Total,-19970.0,-14658.0,-19015.0,GdsrNGTLImperial20260406.csv
2026-04-06,2026-04-07,TOTAL_NGTL_RECEIPTS,System Total,24641.0,14794.0,24509.0,GdsrNGTLImperial20260406.csv
2026-04-06,2026-04-07,TOTAL_STORAGE_AND_INTRAPROVINCIAL,System Total,-12490.0,-7326.0,-11678.0,GdsrNGTLImperial20260406.csv
2026-04-07,2026-04-08,ALBERTA_BC,Border Flow,-1628.0,-1613.0,-1735.0,GdsrNGTLImperial20260407.csv
2026-04-07,2026-04-08,EMPRESS,Border Flow,-4791.0,-4871.0,-4609.0,GdsrNGTLImperial20260407.csv
2026-04-07,2026-04-08,MCNEILL,Border Flow,-452.0,-476.0,-415.0,GdsrNGTLImperial20260407.csv
2026-04-07,2026-04-08,OTHER_BORDERS,Border Flow,-416.0,-417.0,-483.0,GdsrNGTLImperial20260407.csv
2026-04-07,2026-04-08,GORDONDALE,Interconnect Flow,115.0,112.0,112.0,GdsrNGTLImperial20260407.csv
2026-04-07,2026-04-08,GROUNDBIRCH_EAST,Interconnect Flow,246.0,201.0,160.0,GdsrNGTLImperial20260407.csv
2026-04-07,2026-04-08,WILLOW_VALLEY,Interconnect Flow,-158.0,-158.0,-294.0,GdsrNGTLImperial20260407.csv
2026-04-07,2026-04-08,INTRAPROVINCIAL,Internal Delivery,-10408.0,-6476.0,-9980.0,GdsrNGTLImperial20260407.csv
2026-04-07,2026-04-08,TOTAL_NET_STORAGE,Storage,-679.0,-779.0,-295.0,GdsrNGTLImperial20260407.csv
2026-04-07,2026-04-08,TOTAL_STORAGE_DELIVERIES,Storage,-1824.0,-779.0,-1447.0,GdsrNGTLImperial20260407.csv
2026-04-07,2026-04-08,TOTAL_STORAGE_RECEIPTS,Storage,1145.0,0.0,1152.0,GdsrNGTLImperial20260407.csv
2026-04-07,2026-04-08,TOTAL_NGTL_DELIVERIES,System Total,-19677.0,-14790.0,-18963.0,GdsrNGTLImperial20260407.csv
2026-04-07,2026-04-08,TOTAL_NGTL_RECEIPTS,System Total,24595.0,14532.0,24513.0,GdsrNGTLImperial20260407.csv
2026-04-07,2026-04-08,TOTAL_STORAGE_AND_INTRAPROVINCIAL,System Total,-12232.0,-7255.0,-11427.0,GdsrNGTLImperial20260407.csv
2026-04-08,2026-04-09,ALBERTA_BC,Border Flow,-1710.0,-1685.0,-1741.0,GdsrNGTLImperial20260408.csv
2026-04-08,2026-04-09,EMPRESS,Border Flow,-4726.0,-4755.0,-4512.0,GdsrNGTLImperial20260408.csv
2026-04-08,2026-04-09,MCNEILL,Border Flow,-414.0,-459.0,-462.0,GdsrNGTLImperial20260408.csv
2026-04-08,2026-04-09,OTHER_BORDERS,Border Flow,-422.0,-416.0,-434.0,GdsrNGTLImperial20260408.csv
2026-04-08,2026-04-09,GORDONDALE,Interconnect Flow,111.0,109.0,121.0,GdsrNGTLImperial20260408.csv
2026-04-08,2026-04-09,GROUNDBIRCH_EAST,Interconnect Flow,189.0,169.0,158.0,GdsrNGTLImperial20260408.csv
2026-04-08,2026-04-09,WILLOW_VALLEY,Interconnect Flow,-292.0,-291.0,-186.0,GdsrNGTLImperial20260408.csv
2026-04-08,2026-04-09,INTRAPROVINCIAL,Internal Delivery,-10428.0,-6538.0,-9972.0,GdsrNGTLImperial20260408.csv
2026-04-08,2026-04-09,TOTAL_NET_STORAGE,Storage,-196.0,-246.0,-267.0,GdsrNGTLImperial20260408.csv
2026-04-08,2026-04-09,TOTAL_STORAGE_DELIVERIES,Storage,-1526.0,-371.0,-1421.0,GdsrNGTLImperial20260408.csv
2026-04-08,2026-04-09,TOTAL_STORAGE_RECEIPTS,Storage,1331.0,125.0,1154.0,GdsrNGTLImperial20260408.csv
2026-04-08,2026-04-09,TOTAL_NGTL_DELIVERIES,System Total,-19520.0,-14516.0,-18729.0,GdsrNGTLImperial20260408.csv
2026-04-08,2026-04-09,TOTAL_NGTL_RECEIPTS,System Total,24725.0,14570.0,24503.0,GdsrNGTLImperial20260408.csv
2026-04-08,2026-04-09,TOTAL_STORAGE_AND_INTRAPROVINCIAL,System Total,-11955.0,-6909.0,-11393.0,GdsrNGTLImperial20260408.csv
2026-04-09,2026-04-10,ALBERTA_BC,Border Flow,-1754.0,-1746.0,-2080.0,GdsrNGTLImperial20260409.csv
2026-04-09,2026-04-10,EMPRESS,Border Flow,-4606.0,-4643.0,-4382.0,GdsrNGTLImperial20260409.csv
2026-04-09,2026-04-10,MCNEILL,Border Flow,-452.0,-436.0,-525.0,GdsrNGTLImperial20260409.csv
2026-04-09,2026-04-10,OTHER_BORDERS,Border Flow,-435.0,-438.0,-432.0,GdsrNGTLImperial20260409.csv
2026-04-09,2026-04-10,GORDONDALE,Interconnect Flow,122.0,120.0,111.0,GdsrNGTLImperial20260409.csv
2026-04-09,2026-04-10,GROUNDBIRCH_EAST,Interconnect Flow,216.0,157.0,171.0,GdsrNGTLImperial20260409.csv
2026-04-09,2026-04-10,WILLOW_VALLEY,Interconnect Flow,-230.0,-230.0,-211.0,GdsrNGTLImperial20260409.csv
2026-04-09,2026-04-10,INTRAPROVINCIAL,Internal Delivery,-10404.0,-6228.0,-9943.0,GdsrNGTLImperial20260409.csv
2026-04-09,2026-04-10,TOTAL_NET_STORAGE,Storage,-456.0,-299.0,-494.0,GdsrNGTLImperial20260409.csv
2026-04-09,2026-04-10,TOTAL_STORAGE_DELIVERIES,Storage,-1794.0,-477.0,-1672.0,GdsrNGTLImperial20260409.csv
2026-04-09,2026-04-10,TOTAL_STORAGE_RECEIPTS,Storage,1338.0,178.0,1177.0,GdsrNGTLImperial20260409.csv
2026-04-09,2026-04-10,TOTAL_NGTL_DELIVERIES,System Total,-19676.0,-14196.0,-19244.0,GdsrNGTLImperial20260409.csv
2026-04-09,2026-04-10,TOTAL_NGTL_RECEIPTS,System Total,24747.0,14626.0,24530.0,GdsrNGTLImperial20260409.csv
2026-04-09,2026-04-10,TOTAL_STORAGE_AND_INTRAPROVINCIAL,System Total,-12198.0,-6705.0,-11614.0,GdsrNGTLImperial20260409.csv
2026-04-10,2026-04-11,ALBERTA_BC,Border Flow,-2133.0,-2181.0,-2163.0,GdsrNGTLImperial20260410.csv
2026-04-10,2026-04-11,EMPRESS,Border Flow,-4582.0,-4638.0,-4541.0,GdsrNGTLImperial20260410.csv
2026-04-10,2026-04-11,MCNEILL,Border Flow,-494.0,-428.0,-587.0,GdsrNGTLImperial20260410.csv
2026-04-10,2026-04-11,OTHER_BORDERS,Border Flow,-430.0,-423.0,-451.0,GdsrNGTLImperial20260410.csv
2026-04-10,2026-04-11,GORDONDALE,Interconnect Flow,111.0,114.0,111.0,GdsrNGTLImperial20260410.csv
2026-04-10,2026-04-11,GROUNDBIRCH_EAST,Interconnect Flow,173.0,203.0,157.0,GdsrNGTLImperial20260410.csv
2026-04-10,2026-04-11,WILLOW_VALLEY,Interconnect Flow,-191.0,-191.0,-185.0,GdsrNGTLImperial20260410.csv
2026-04-10,2026-04-11,INTRAPROVINCIAL,Internal Delivery,-10398.0,-6255.0,-9946.0,GdsrNGTLImperial20260410.csv
2026-04-10,2026-04-11,TOTAL_NET_STORAGE,Storage,-608.0,-718.0,-509.0,GdsrNGTLImperial20260410.csv
2026-04-10,2026-04-11,TOTAL_STORAGE_DELIVERIES,Storage,-1843.0,-737.0,-1716.0,GdsrNGTLImperial20260410.csv
2026-04-10,2026-04-11,TOTAL_STORAGE_RECEIPTS,Storage,1235.0,19.0,1207.0,GdsrNGTLImperial20260410.csv
2026-04-10,2026-04-11,TOTAL_NGTL_DELIVERIES,System Total,-20072.0,-14854.0,-19590.0,GdsrNGTLImperial20260410.csv
2026-04-10,2026-04-11,TOTAL_NGTL_RECEIPTS,System Total,24589.0,14525.0,24543.0,GdsrNGTLImperial20260410.csv
2026-04-10,2026-04-11,TOTAL_STORAGE_AND_INTRAPROVINCIAL,System Total,-12241.0,-6992.0,-11662.0,GdsrNGTLImperial20260410.csv
2026-04-11,2026-04-12,ALBERTA_BC,Border Flow,-2157.0,-2144.0,-2142.0,GdsrNGTLImperial20260411.csv
2026-04-11,2026-04-12,EMPRESS,Border Flow,-4640.0,-4656.0,-4534.0,GdsrNGTLImperial20260411.csv
2026-04-11,2026-04-12,MCNEILL,Border Flow,-588.0,-613.0,-576.0,GdsrNGTLImperial20260411.csv
2026-04-11,2026-04-12,OTHER_BORDERS,Border Flow,-452.0,-433.0,-452.0,GdsrNGTLImperial20260411.csv
2026-04-11,2026-04-12,GORDONDALE,Interconnect Flow,110.0,108.0,110.0,GdsrNGTLImperial20260411.csv
2026-04-11,2026-04-12,GROUNDBIRCH_EAST,Interconnect Flow,183.0,181.0,157.0,GdsrNGTLImperial20260411.csv
2026-04-11,2026-04-12,WILLOW_VALLEY,Interconnect Flow,-147.0,-147.0,-184.0,GdsrNGTLImperial20260411.csv
2026-04-11,2026-04-12,INTRAPROVINCIAL,Internal Delivery,-10372.0,-6098.0,-9945.0,GdsrNGTLImperial20260411.csv
2026-04-11,2026-04-12,TOTAL_NET_STORAGE,Storage,-428.0,-620.0,-424.0,GdsrNGTLImperial20260411.csv
2026-04-11,2026-04-12,TOTAL_STORAGE_DELIVERIES,Storage,-1687.0,-620.0,-1680.0,GdsrNGTLImperial20260411.csv
2026-04-11,2026-04-12,TOTAL_STORAGE_RECEIPTS,Storage,1259.0,0.0,1256.0,GdsrNGTLImperial20260411.csv
2026-04-11,2026-04-12,TOTAL_NGTL_DELIVERIES,System Total,-20042.0,-14711.0,-19512.0,GdsrNGTLImperial20260411.csv
2026-04-11,2026-04-12,TOTAL_NGTL_RECEIPTS,System Total,24620.0,14649.0,24590.0,GdsrNGTLImperial20260411.csv
2026-04-11,2026-04-12,TOTAL_STORAGE_AND_INTRAPROVINCIAL,System Total,-12058.0,-6718.0,-11625.0,GdsrNGTLImperial20260411.csv
2026-04-12,2026-04-13,ALBERTA_BC,Border Flow,-2138.0,-2144.0,-2147.0,GdsrNGTLImperial20260412.csv
2026-04-12,2026-04-13,EMPRESS,Border Flow,-4704.0,-4717.0,-4566.0,GdsrNGTLImperial20260412.csv
2026-04-12,2026-04-13,MCNEILL,Border Flow,-511.0,-549.0,-645.0,GdsrNGTLImperial20260412.csv
2026-04-12,2026-04-13,OTHER_BORDERS,Border Flow,-451.0,-437.0,-452.0,GdsrNGTLImperial20260412.csv
2026-04-12,2026-04-13,GORDONDALE,Interconnect Flow,110.0,109.0,110.0,GdsrNGTLImperial20260412.csv
2026-04-12,2026-04-13,GROUNDBIRCH_EAST,Interconnect Flow,159.0,154.0,156.0,GdsrNGTLImperial20260412.csv
2026-04-12,2026-04-13,WILLOW_VALLEY,Interconnect Flow,-177.0,-176.0,-176.0,GdsrNGTLImperial20260412.csv
2026-04-12,2026-04-13,INTRAPROVINCIAL,Internal Delivery,-10363.0,-6531.0,-9937.0,GdsrNGTLImperial20260412.csv
2026-04-12,2026-04-13,TOTAL_NET_STORAGE,Storage,-285.0,-187.0,-267.0,GdsrNGTLImperial20260412.csv
2026-04-12,2026-04-13,TOTAL_STORAGE_DELIVERIES,Storage,-1625.0,-356.0,-1542.0,GdsrNGTLImperial20260412.csv
2026-04-12,2026-04-13,TOTAL_STORAGE_RECEIPTS,Storage,1340.0,170.0,1275.0,GdsrNGTLImperial20260412.csv
2026-04-12,2026-04-13,TOTAL_NGTL_DELIVERIES,System Total,-19969.0,-14911.0,-19465.0,GdsrNGTLImperial20260412.csv
2026-04-12,2026-04-13,TOTAL_NGTL_RECEIPTS,System Total,24677.0,14424.0,24609.0,GdsrNGTLImperial20260412.csv
2026-04-12,2026-04-13,TOTAL_STORAGE_AND_INTRAPROVINCIAL,System Total,-11988.0,-6887.0,-11479.0,GdsrNGTLImperial20260412.csv
2026-04-13,2026-04-14,ALBERTA_BC,Border Flow,-2040.0,-2010.0,-1918.0,GdsrNGTLImperial20260413.csv
2026-04-13,2026-04-14,EMPRESS,Border Flow,-4655.0,-4669.0,-4615.0,GdsrNGTLImperial20260413.csv
2026-04-13,2026-04-14,MCNEILL,Border Flow,-519.0,-535.0,-523.0,GdsrNGTLImperial20260413.csv
2026-04-13,2026-04-14,OTHER_BORDERS,Border Flow,-420.0,-437.0,-404.0,GdsrNGTLImperial20260413.csv
2026-04-13,2026-04-14,GORDONDALE,Interconnect Flow,119.0,113.0,110.0,GdsrNGTLImperial20260413.csv
2026-04-13,2026-04-14,GROUNDBIRCH_EAST,Interconnect Flow,291.0,286.0,113.0,GdsrNGTLImperial20260413.csv
2026-04-13,2026-04-14,WILLOW_VALLEY,Interconnect Flow,-100.0,-100.0,-157.0,GdsrNGTLImperial20260413.csv
2026-04-13,2026-04-14,INTRAPROVINCIAL,Internal Delivery,-10375.0,-5959.0,-9938.0,GdsrNGTLImperial20260413.csv
2026-04-13,2026-04-14,TOTAL_NET_STORAGE,Storage,-410.0,-270.0,-304.0,GdsrNGTLImperial20260413.csv
2026-04-13,2026-04-14,TOTAL_STORAGE_DELIVERIES,Storage,-1749.0,-450.0,-1560.0,GdsrNGTLImperial20260413.csv
2026-04-13,2026-04-14,TOTAL_STORAGE_RECEIPTS,Storage,1340.0,179.0,1256.0,GdsrNGTLImperial20260413.csv
2026-04-13,2026-04-14,TOTAL_NGTL_DELIVERIES,System Total,-19858.0,-14159.0,-19116.0,GdsrNGTLImperial20260413.csv
2026-04-13,2026-04-14,TOTAL_NGTL_RECEIPTS,System Total,24821.0,14755.0,24553.0,GdsrNGTLImperial20260413.csv
2026-04-13,2026-04-14,TOTAL_STORAGE_AND_INTRAPROVINCIAL,System Total,-12124.0,-6408.0,-11498.0,GdsrNGTLImperial20260413.csv
2026-04-14,2026-04-15,ALBERTA_BC,Border Flow,-1896.0,-1972.0,-1991.0,GdsrNGTLImperial20260414.csv
2026-04-14,2026-04-15,EMPRESS,Border Flow,-4750.0,-4716.0,-4622.0,GdsrNGTLImperial20260414.csv
2026-04-14,2026-04-15,MCNEILL,Border Flow,-540.0,-533.0,-632.0,GdsrNGTLImperial20260414.csv
2026-04-14,2026-04-15,OTHER_BORDERS,Border Flow,-351.0,-434.0,-404.0,GdsrNGTLImperial20260414.csv
2026-04-14,2026-04-15,GORDONDALE,Interconnect Flow,114.0,119.0,104.0,GdsrNGTLImperial20260414.csv
2026-04-14,2026-04-15,GROUNDBIRCH_EAST,Interconnect Flow,174.0,189.0,122.0,GdsrNGTLImperial20260414.csv
2026-04-14,2026-04-15,WILLOW_VALLEY,Interconnect Flow,-159.0,-159.0,-122.0,GdsrNGTLImperial20260414.csv
2026-04-14,2026-04-15,INTRAPROVINCIAL,Internal Delivery,-10370.0,-5959.0,-9956.0,GdsrNGTLImperial20260414.csv
2026-04-14,2026-04-15,TOTAL_NET_STORAGE,Storage,-601.0,-539.0,-26.0,GdsrNGTLImperial20260414.csv
2026-04-14,2026-04-15,TOTAL_STORAGE_DELIVERIES,Storage,-1877.0,-581.0,-1432.0,GdsrNGTLImperial20260414.csv
2026-04-14,2026-04-15,TOTAL_STORAGE_RECEIPTS,Storage,1276.0,41.0,1405.0,GdsrNGTLImperial20260414.csv
2026-04-14,2026-04-15,TOTAL_NGTL_DELIVERIES,System Total,-19943.0,-14353.0,-19159.0,GdsrNGTLImperial20260414.csv
2026-04-14,2026-04-15,TOTAL_NGTL_RECEIPTS,System Total,24637.0,14361.0,24701.0,GdsrNGTLImperial20260414.csv
2026-04-14,2026-04-15,TOTAL_STORAGE_AND_INTRAPROVINCIAL,System Total,-12247.0,-6539.0,-11387.0,GdsrNGTLImperial20260414.csv
2026-04-15,2026-04-16,ALBERTA_BC,Border Flow,-1973.0,-1920.0,-1836.0,GdsrNGTLImperial20260415.csv
2026-04-15,2026-04-16,EMPRESS,Border Flow,-4769.0,-4810.0,-4651.0,GdsrNGTLImperial20260415.csv
2026-04-15,2026-04-16,MCNEILL,Border Flow,-660.0,-616.0,-617.0,GdsrNGTLImperial20260415.csv
2026-04-15,2026-04-16,OTHER_BORDERS,Border Flow,-319.0,-399.0,-405.0,GdsrNGTLImperial20260415.csv
2026-04-15,2026-04-16,GORDONDALE,Interconnect Flow,103.0,100.0,151.0,GdsrNGTLImperial20260415.csv
2026-04-15,2026-04-16,GROUNDBIRCH_EAST,Interconnect Flow,173.0,169.0,117.0,GdsrNGTLImperial20260415.csv
2026-04-15,2026-04-16,WILLOW_VALLEY,Interconnect Flow,-117.0,-122.0,-289.0,GdsrNGTLImperial20260415.csv
2026-04-15,2026-04-16,INTRAPROVINCIAL,Internal Delivery,-10404.0,-6555.0,-9956.0,GdsrNGTLImperial20260415.csv
2026-04-15,2026-04-16,TOTAL_NET_STORAGE,Storage,-64.0,-108.0,52.0,GdsrNGTLImperial20260415.csv
2026-04-15,2026-04-16,TOTAL_STORAGE_DELIVERIES,Storage,-1466.0,-373.0,-1402.0,GdsrNGTLImperial20260415.csv
2026-04-15,2026-04-16,TOTAL_STORAGE_RECEIPTS,Storage,1402.0,265.0,1454.0,GdsrNGTLImperial20260415.csv
2026-04-15,2026-04-16,TOTAL_NGTL_DELIVERIES,System Total,-19707.0,-14795.0,-19157.0,GdsrNGTLImperial20260415.csv
2026-04-15,2026-04-16,TOTAL_NGTL_RECEIPTS,System Total,24749.0,14747.0,24793.0,GdsrNGTLImperial20260415.csv
2026-04-15,2026-04-16,TOTAL_STORAGE_AND_INTRAPROVINCIAL,System Total,-11870.0,-6927.0,-11358.0,GdsrNGTLImperial20260415.csv
2026-04-16,2026-04-17,ALBERTA_BC,Border Flow,-1662.0,-1742.0,-1771.0,GdsrNGTLImperial20260416.csv
2026-04-16,2026-04-17,EMPRESS,Border Flow,-4771.0,-4690.0,-4779.0,GdsrNGTLImperial20260416.csv
2026-04-16,2026-04-17,MCNEILL,Border Flow,-672.0,-674.0,-583.0,GdsrNGTLImperial20260416.csv
2026-04-16,2026-04-17,OTHER_BORDERS,Border Flow,-302.0,-377.0,-395.0,GdsrNGTLImperial20260416.csv
2026-04-16,2026-04-17,GORDONDALE,Interconnect Flow,151.0,147.0,104.0,GdsrNGTLImperial20260416.csv
2026-04-16,2026-04-17,GROUNDBIRCH_EAST,Interconnect Flow,176.0,276.0,112.0,GdsrNGTLImperial20260416.csv
2026-04-16,2026-04-17,WILLOW_VALLEY,Interconnect Flow,-249.0,-248.0,-190.0,GdsrNGTLImperial20260416.csv
2026-04-16,2026-04-17,INTRAPROVINCIAL,Internal Delivery,-10388.0,-6782.0,-9967.0,GdsrNGTLImperial20260416.csv
2026-04-16,2026-04-17,TOTAL_NET_STORAGE,Storage,341.0,241.0,-237.0,GdsrNGTLImperial20260416.csv
2026-04-16,2026-04-17,TOTAL_STORAGE_DELIVERIES,Storage,-1336.0,-135.0,-1599.0,GdsrNGTLImperial20260416.csv
2026-04-16,2026-04-17,TOTAL_STORAGE_RECEIPTS,Storage,1677.0,376.0,1362.0,GdsrNGTLImperial20260416.csv
2026-04-16,2026-04-17,TOTAL_NGTL_DELIVERIES,System Total,-19379.0,-14649.0,-19284.0,GdsrNGTLImperial20260416.csv
2026-04-16,2026-04-17,TOTAL_NGTL_RECEIPTS,System Total,25074.0,14777.0,24652.0,GdsrNGTLImperial20260416.csv
2026-04-16,2026-04-17,TOTAL_STORAGE_AND_INTRAPROVINCIAL,System Total,-11724.0,-6917.0,-11565.0,GdsrNGTLImperial20260416.csv
2026-04-17,2026-04-18,ALBERTA_BC,Border Flow,-1743.0,-1767.0,-1769.0,GdsrNGTLImperial20260417.csv
2026-04-17,2026-04-18,EMPRESS,Border Flow,-4806.0,-4795.0,-4744.0,GdsrNGTLImperial20260417.csv
2026-04-17,2026-04-18,MCNEILL,Border Flow,-579.0,-638.0,-510.0,GdsrNGTLImperial20260417.csv
2026-04-17,2026-04-18,OTHER_BORDERS,Border Flow,-306.0,-359.0,-339.0,GdsrNGTLImperial20260417.csv
2026-04-17,2026-04-18,GORDONDALE,Interconnect Flow,112.0,88.0,118.0,GdsrNGTLImperial20260417.csv
2026-04-17,2026-04-18,GROUNDBIRCH_EAST,Interconnect Flow,133.0,203.0,113.0,GdsrNGTLImperial20260417.csv
2026-04-17,2026-04-18,WILLOW_VALLEY,Interconnect Flow,-186.0,-186.0,-221.0,GdsrNGTLImperial20260417.csv
2026-04-17,2026-04-18,INTRAPROVINCIAL,Internal Delivery,-10344.0,-6375.0,-9932.0,GdsrNGTLImperial20260417.csv
2026-04-17,2026-04-18,TOTAL_NET_STORAGE,Storage,-36.0,-197.0,-610.0,GdsrNGTLImperial20260417.csv
2026-04-17,2026-04-18,TOTAL_STORAGE_DELIVERIES,Storage,-1632.0,-438.0,-1860.0,GdsrNGTLImperial20260417.csv
2026-04-17,2026-04-18,TOTAL_STORAGE_RECEIPTS,Storage,1596.0,242.0,1249.0,GdsrNGTLImperial20260417.csv
2026-04-17,2026-04-18,TOTAL_NGTL_DELIVERIES,System Total,-19597.0,-14559.0,-19374.0,GdsrNGTLImperial20260417.csv
2026-04-17,2026-04-18,TOTAL_NGTL_RECEIPTS,System Total,24915.0,14608.0,24554.0,GdsrNGTLImperial20260417.csv
2026-04-17,2026-04-18,TOTAL_STORAGE_AND_INTRAPROVINCIAL,System Total,-11976.0,-6814.0,-11791.0,GdsrNGTLImperial20260417.csv
2026-04-18,2026-04-19,ALBERTA_BC,Border Flow,-1743.0,-1741.0,-1793.0,GdsrNGTLImperial20260418.csv
2026-04-18,2026-04-19,EMPRESS,Border Flow,-4856.0,-4864.0,-4791.0,GdsrNGTLImperial20260418.csv
2026-04-18,2026-04-19,MCNEILL,Border Flow,-530.0,-560.0,-525.0,GdsrNGTLImperial20260418.csv
2026-04-18,2026-04-19,OTHER_BORDERS,Border Flow,-327.0,-366.0,-323.0,GdsrNGTLImperial20260418.csv
2026-04-18,2026-04-19,GORDONDALE,Interconnect Flow,133.0,131.0,117.0,GdsrNGTLImperial20260418.csv
2026-04-18,2026-04-19,GROUNDBIRCH_EAST,Interconnect Flow,113.0,146.0,113.0,GdsrNGTLImperial20260418.csv
2026-04-18,2026-04-19,WILLOW_VALLEY,Interconnect Flow,-210.0,-211.0,-225.0,GdsrNGTLImperial20260418.csv
2026-04-18,2026-04-19,INTRAPROVINCIAL,Internal Delivery,-10367.0,-6082.0,-9954.0,GdsrNGTLImperial20260418.csv
2026-04-18,2026-04-19,TOTAL_NET_STORAGE,Storage,-590.0,-524.0,-658.0,GdsrNGTLImperial20260418.csv
2026-04-18,2026-04-19,TOTAL_STORAGE_DELIVERIES,Storage,-2078.0,-535.0,-1851.0,GdsrNGTLImperial20260418.csv
2026-04-18,2026-04-19,TOTAL_STORAGE_RECEIPTS,Storage,1488.0,12.0,1193.0,GdsrNGTLImperial20260418.csv
2026-04-18,2026-04-19,TOTAL_NGTL_DELIVERIES,System Total,-20112.0,-14359.0,-19461.0,GdsrNGTLImperial20260418.csv
2026-04-18,2026-04-19,TOTAL_NGTL_RECEIPTS,System Total,24807.0,14298.0,24496.0,GdsrNGTLImperial20260418.csv
2026-04-18,2026-04-19,TOTAL_STORAGE_AND_INTRAPROVINCIAL,System Total,-12445.0,-6618.0,-11804.0,GdsrNGTLImperial20260418.csv
2026-04-19,2026-04-20,ALBERTA_BC,Border Flow,-1763.0,-1726.0,-1782.0,GdsrNGTLImperial20260419.csv
2026-04-19,2026-04-20,EMPRESS,Border Flow,-4849.0,-4839.0,-4764.0,GdsrNGTLImperial20260419.csv
2026-04-19,2026-04-20,MCNEILL,Border Flow,-546.0,-510.0,-408.0,GdsrNGTLImperial20260419.csv
2026-04-19,2026-04-20,OTHER_BORDERS,Border Flow,-323.0,-357.0,-411.0,GdsrNGTLImperial20260419.csv
2026-04-19,2026-04-20,GORDONDALE,Interconnect Flow,170.0,164.0,333.0,GdsrNGTLImperial20260419.csv
2026-04-19,2026-04-20,GROUNDBIRCH_EAST,Interconnect Flow,155.0,87.0,0.0,GdsrNGTLImperial20260419.csv
2026-04-19,2026-04-20,WILLOW_VALLEY,Interconnect Flow,-221.0,-221.0,-606.0,GdsrNGTLImperial20260419.csv
2026-04-19,2026-04-20,INTRAPROVINCIAL,Internal Delivery,-10407.0,-5695.0,-9949.0,GdsrNGTLImperial20260419.csv
2026-04-19,2026-04-20,TOTAL_NET_STORAGE,Storage,-763.0,-538.0,-652.0,GdsrNGTLImperial20260419.csv
2026-04-19,2026-04-20,TOTAL_STORAGE_DELIVERIES,Storage,-2154.0,-538.0,-1848.0,GdsrNGTLImperial20260419.csv
2026-04-19,2026-04-20,TOTAL_STORAGE_RECEIPTS,Storage,1391.0,0.0,1196.0,GdsrNGTLImperial20260419.csv
2026-04-19,2026-04-20,TOTAL_NGTL_DELIVERIES,System Total,-20264.0,-13884.0,-19769.0,GdsrNGTLImperial20260419.csv
2026-04-19,2026-04-20,TOTAL_NGTL_RECEIPTS,System Total,24790.0,14227.0,24602.0,GdsrNGTLImperial20260419.csv
2026-04-19,2026-04-20,TOTAL_STORAGE_AND_INTRAPROVINCIAL,System Total,-12562.0,-6232.0,-11798.0,GdsrNGTLImperial20260419.csv
2026-04-20,2026-04-21,ALBERTA_BC,Border Flow,-1797.0,-1860.0,-1917.0,GdsrNGTLImperial20260420.csv
2026-04-20,2026-04-21,EMPRESS,Border Flow,-4842.0,-4864.0,-4358.0,GdsrNGTLImperial20260420.csv
2026-04-20,2026-04-21,MCNEILL,Border Flow,-407.0,-474.0,-399.0,GdsrNGTLImperial20260420.csv
2026-04-20,2026-04-21,OTHER_BORDERS,Border Flow,-336.0,-351.0,-412.0,GdsrNGTLImperial20260420.csv
2026-04-20,2026-04-21,GORDONDALE,Interconnect Flow,342.0,335.0,360.0,GdsrNGTLImperial20260420.csv
2026-04-20,2026-04-21,GROUNDBIRCH_EAST,Interconnect Flow,0.0,1.0,0.0,GdsrNGTLImperial20260420.csv
2026-04-20,2026-04-21,WILLOW_VALLEY,Interconnect Flow,-527.0,-527.0,-556.0,GdsrNGTLImperial20260420.csv
2026-04-20,2026-04-21,INTRAPROVINCIAL,Internal Delivery,-10367.0,-5650.0,-9938.0,GdsrNGTLImperial20260420.csv
2026-04-20,2026-04-21,TOTAL_NET_STORAGE,Storage,-814.0,-731.0,-463.0,GdsrNGTLImperial20260420.csv
2026-04-20,2026-04-21,TOTAL_STORAGE_DELIVERIES,Storage,-2182.0,-731.0,-1641.0,GdsrNGTLImperial20260420.csv
2026-04-20,2026-04-21,TOTAL_STORAGE_RECEIPTS,Storage,1368.0,0.0,1178.0,GdsrNGTLImperial20260420.csv
2026-04-20,2026-04-21,TOTAL_NGTL_DELIVERIES,System Total,-20458.0,-14458.0,-19222.0,GdsrNGTLImperial20260420.csv
2026-04-20,2026-04-21,TOTAL_NGTL_RECEIPTS,System Total,24773.0,14116.0,24613.0,GdsrNGTLImperial20260420.csv
2026-04-20,2026-04-21,TOTAL_STORAGE_AND_INTRAPROVINCIAL,System Total,-12548.0,-6381.0,-11579.0,GdsrNGTLImperial20260420.csv
2026-04-21,2026-04-22,ALBERTA_BC,Border Flow,-1890.0,-1850.0,-1735.0,GdsrNGTLImperial20260421.csv
2026-04-21,2026-04-22,EMPRESS,Border Flow,-4464.0,-4527.0,-4331.0,GdsrNGTLImperial20260421.csv
2026-04-21,2026-04-22,MCNEILL,Border Flow,-423.0,-452.0,-420.0,GdsrNGTLImperial20260421.csv
2026-04-21,2026-04-22,OTHER_BORDERS,Border Flow,-331.0,-344.0,-323.0,GdsrNGTLImperial20260421.csv
2026-04-21,2026-04-22,GORDONDALE,Interconnect Flow,367.0,363.0,368.0,GdsrNGTLImperial20260421.csv
2026-04-21,2026-04-22,GROUNDBIRCH_EAST,Interconnect Flow,0.0,0.0,0.0,GdsrNGTLImperial20260421.csv
2026-04-21,2026-04-22,WILLOW_VALLEY,Interconnect Flow,-544.0,-544.0,-560.0,GdsrNGTLImperial20260421.csv
2026-04-21,2026-04-22,INTRAPROVINCIAL,Internal Delivery,-10338.0,-5663.0,-9936.0,GdsrNGTLImperial20260421.csv
2026-04-21,2026-04-22,TOTAL_NET_STORAGE,Storage,-621.0,-647.0,-624.0,GdsrNGTLImperial20260421.csv
2026-04-21,2026-04-22,TOTAL_STORAGE_DELIVERIES,Storage,-2149.0,-740.0,-1811.0,GdsrNGTLImperial20260421.csv
2026-04-21,2026-04-22,TOTAL_STORAGE_RECEIPTS,Storage,1528.0,93.0,1187.0,GdsrNGTLImperial20260421.csv
2026-04-21,2026-04-22,TOTAL_NGTL_DELIVERIES,System Total,-20139.0,-14119.0,-19117.0,GdsrNGTLImperial20260421.csv
2026-04-21,2026-04-22,TOTAL_NGTL_RECEIPTS,System Total,24967.0,14370.0,24627.0,GdsrNGTLImperial20260421.csv
2026-04-21,2026-04-22,TOTAL_STORAGE_AND_INTRAPROVINCIAL,System Total,-12487.0,-6403.0,-11747.0,GdsrNGTLImperial20260421.csv
2026-04-22,2026-04-23,ALBERTA_BC,Border Flow,-1738.0,-1772.0,-1769.0,GdsrNGTLImperial20260422.csv
2026-04-22,2026-04-23,EMPRESS,Border Flow,-4439.0,-4465.0,-4284.0,GdsrNGTLImperial20260422.csv
2026-04-22,2026-04-23,MCNEILL,Border Flow,-523.0,-527.0,-538.0,GdsrNGTLImperial20260422.csv
2026-04-22,2026-04-23,OTHER_BORDERS,Border Flow,-360.0,-337.0,-400.0,GdsrNGTLImperial20260422.csv
2026-04-22,2026-04-23,GORDONDALE,Interconnect Flow,368.0,361.0,368.0,GdsrNGTLImperial20260422.csv
2026-04-22,2026-04-23,GROUNDBIRCH_EAST,Interconnect Flow,0.0,0.0,0.0,GdsrNGTLImperial20260422.csv
2026-04-22,2026-04-23,WILLOW_VALLEY,Interconnect Flow,-487.0,-486.0,-490.0,GdsrNGTLImperial20260422.csv
2026-04-22,2026-04-23,INTRAPROVINCIAL,Internal Delivery,-10355.0,-5924.0,-9947.0,GdsrNGTLImperial20260422.csv
2026-04-22,2026-04-23,TOTAL_NET_STORAGE,Storage,-677.0,-626.0,-307.0,GdsrNGTLImperial20260422.csv
2026-04-22,2026-04-23,TOTAL_STORAGE_DELIVERIES,Storage,-2184.0,-748.0,-1552.0,GdsrNGTLImperial20260422.csv
2026-04-22,2026-04-23,TOTAL_STORAGE_RECEIPTS,Storage,1507.0,122.0,1245.0,GdsrNGTLImperial20260422.csv
2026-04-22,2026-04-23,TOTAL_NGTL_DELIVERIES,System Total,-20086.0,-14259.0,-18981.0,GdsrNGTLImperial20260422.csv
2026-04-22,2026-04-23,TOTAL_NGTL_RECEIPTS,System Total,24959.0,14211.0,24709.0,GdsrNGTLImperial20260422.csv
2026-04-22,2026-04-23,TOTAL_STORAGE_AND_INTRAPROVINCIAL,System Total,-12539.0,-6672.0,-11500.0,GdsrNGTLImperial20260422.csv
2026-04-23,2026-04-24,ALBERTA_BC,Border Flow,-1813.0,-1795.0,-1642.0,GdsrNGTLImperial20260423.csv
2026-04-23,2026-04-24,EMPRESS,Border Flow,-4457.0,-4442.0,-4404.0,GdsrNGTLImperial20260423.csv
2026-04-23,2026-04-24,MCNEILL,Border Flow,-601.0,-557.0,-618.0,GdsrNGTLImperial20260423.csv
2026-04-23,2026-04-24,OTHER_BORDERS,Border Flow,-316.0,-340.0,-468.0,GdsrNGTLImperial20260423.csv
2026-04-23,2026-04-24,GORDONDALE,Interconnect Flow,220.0,233.0,206.0,GdsrNGTLImperial20260423.csv
2026-04-23,2026-04-24,GROUNDBIRCH_EAST,Interconnect Flow,0.0,0.0,0.0,GdsrNGTLImperial20260423.csv
2026-04-23,2026-04-24,WILLOW_VALLEY,Interconnect Flow,-485.0,-485.0,-584.0,GdsrNGTLImperial20260423.csv
2026-04-23,2026-04-24,INTRAPROVINCIAL,Internal Delivery,-10372.0,-6191.0,-9970.0,GdsrNGTLImperial20260423.csv
2026-04-23,2026-04-24,TOTAL_NET_STORAGE,Storage,-234.0,-333.0,-171.0,GdsrNGTLImperial20260423.csv
2026-04-23,2026-04-24,TOTAL_STORAGE_DELIVERIES,Storage,-1706.0,-418.0,-1528.0,GdsrNGTLImperial20260423.csv
2026-04-23,2026-04-24,TOTAL_STORAGE_RECEIPTS,Storage,1472.0,85.0,1358.0,GdsrNGTLImperial20260423.csv
2026-04-23,2026-04-24,TOTAL_NGTL_DELIVERIES,System Total,-19748.0,-14228.0,-19215.0,GdsrNGTLImperial20260423.csv
2026-04-23,2026-04-24,TOTAL_NGTL_RECEIPTS,System Total,24785.0,14072.0,24658.0,GdsrNGTLImperial20260423.csv
2026-04-23,2026-04-24,TOTAL_STORAGE_AND_INTRAPROVINCIAL,System Total,-12078.0,-6609.0,-11499.0,GdsrNGTLImperial20260423.csv
2026-04-24,2026-04-25,ALBERTA_BC,Border Flow,-1546.0,-1556.0,-1340.0,GdsrNGTLImperial20260424.csv
2026-04-24,2026-04-25,EMPRESS,Border Flow,-4514.0,-4541.0,-4458.0,GdsrNGTLImperial20260424.csv
2026-04-24,2026-04-25,MCNEILL,Border Flow,-624.0,-629.0,-556.0,GdsrNGTLImperial20260424.csv
2026-04-24,2026-04-25,OTHER_BORDERS,Border Flow,-417.0,-331.0,-429.0,GdsrNGTLImperial20260424.csv
2026-04-24,2026-04-25,GORDONDALE,Interconnect Flow,226.0,269.0,243.0,GdsrNGTLImperial20260424.csv
2026-04-24,2026-04-25,GROUNDBIRCH_EAST,Interconnect Flow,0.0,0.0,0.0,GdsrNGTLImperial20260424.csv
2026-04-24,2026-04-25,WILLOW_VALLEY,Interconnect Flow,-583.0,-582.0,-584.0,GdsrNGTLImperial20260424.csv
2026-04-24,2026-04-25,INTRAPROVINCIAL,Internal Delivery,-10412.0,-6390.0,-9988.0,GdsrNGTLImperial20260424.csv
2026-04-24,2026-04-25,TOTAL_NET_STORAGE,Storage,99.0,-11.0,58.0,GdsrNGTLImperial20260424.csv
2026-04-24,2026-04-25,TOTAL_STORAGE_DELIVERIES,Storage,-1471.0,-358.0,-1466.0,GdsrNGTLImperial20260424.csv
2026-04-24,2026-04-25,TOTAL_STORAGE_RECEIPTS,Storage,1570.0,346.0,1524.0,GdsrNGTLImperial20260424.csv
2026-04-24,2026-04-25,TOTAL_NGTL_DELIVERIES,System Total,-19567.0,-14387.0,-18821.0,GdsrNGTLImperial20260424.csv
2026-04-24,2026-04-25,TOTAL_NGTL_RECEIPTS,System Total,24877.0,14483.0,24859.0,GdsrNGTLImperial20260424.csv
2026-04-24,2026-04-25,TOTAL_STORAGE_AND_INTRAPROVINCIAL,System Total,-11883.0,-6748.0,-11455.0,GdsrNGTLImperial20260424.csv
2026-04-25,2026-04-26,ALBERTA_BC,Border Flow,-1353.0,-1364.0,-1352.0,GdsrNGTLImperial20260425.csv
2026-04-25,2026-04-26,EMPRESS,Border Flow,-4527.0,-4547.0,-4426.0,GdsrNGTLImperial20260425.csv
2026-04-25,2026-04-26,MCNEILL,Border Flow,-589.0,-636.0,-561.0,GdsrNGTLImperial20260425.csv
2026-04-25,2026-04-26,OTHER_BORDERS,Border Flow,-430.0,-357.0,-448.0,GdsrNGTLImperial20260425.csv
2026-04-25,2026-04-26,GORDONDALE,Interconnect Flow,216.0,253.0,199.0,GdsrNGTLImperial20260425.csv
2026-04-25,2026-04-26,GROUNDBIRCH_EAST,Interconnect Flow,0.0,0.0,0.0,GdsrNGTLImperial20260425.csv
2026-04-25,2026-04-26,WILLOW_VALLEY,Interconnect Flow,-575.0,-575.0,-574.0,GdsrNGTLImperial20260425.csv
2026-04-25,2026-04-26,INTRAPROVINCIAL,Internal Delivery,-10418.0,-6535.0,-9990.0,GdsrNGTLImperial20260425.csv
2026-04-25,2026-04-26,TOTAL_NET_STORAGE,Storage,209.0,236.0,-8.0,GdsrNGTLImperial20260425.csv
2026-04-25,2026-04-26,TOTAL_STORAGE_DELIVERIES,Storage,-1379.0,-204.0,-1470.0,GdsrNGTLImperial20260425.csv
2026-04-25,2026-04-26,TOTAL_STORAGE_RECEIPTS,Storage,1588.0,441.0,1462.0,GdsrNGTLImperial20260425.csv
2026-04-25,2026-04-26,TOTAL_NGTL_DELIVERIES,System Total,-19271.0,-14219.0,-18821.0,GdsrNGTLImperial20260425.csv
2026-04-25,2026-04-26,TOTAL_NGTL_RECEIPTS,System Total,24896.0,14560.0,24753.0,GdsrNGTLImperial20260425.csv
2026-04-25,2026-04-26,TOTAL_STORAGE_AND_INTRAPROVINCIAL,System Total,-11797.0,-6740.0,-11460.0,GdsrNGTLImperial20260425.csv
2026-04-26,2026-04-27,ALBERTA_BC,Border Flow,-1355.0,-1376.0,-1327.0,GdsrNGTLImperial20260426.csv
2026-04-26,2026-04-27,EMPRESS,Border Flow,-4483.0,-4489.0,-4603.0,GdsrNGTLImperial20260426.csv
2026-04-26,2026-04-27,MCNEILL,Border Flow,-593.0,-575.0,-569.0,GdsrNGTLImperial20260426.csv
2026-04-26,2026-04-27,OTHER_BORDERS,Border Flow,-449.0,-380.0,-501.0,GdsrNGTLImperial20260426.csv
2026-04-26,2026-04-27,GORDONDALE,Interconnect Flow,199.0,233.0,199.0,GdsrNGTLImperial20260426.csv
2026-04-26,2026-04-27,GROUNDBIRCH_EAST,Interconnect Flow,0.0,0.0,0.0,GdsrNGTLImperial20260426.csv
2026-04-26,2026-04-27,WILLOW_VALLEY,Interconnect Flow,-554.0,-553.0,-258.0,GdsrNGTLImperial20260426.csv
2026-04-26,2026-04-27,INTRAPROVINCIAL,Internal Delivery,-10462.0,-6660.0,-10003.0,GdsrNGTLImperial20260426.csv
2026-04-26,2026-04-27,TOTAL_NET_STORAGE,Storage,-12.0,33.0,-344.0,GdsrNGTLImperial20260426.csv
2026-04-26,2026-04-27,TOTAL_STORAGE_DELIVERIES,Storage,-1491.0,-312.0,-1544.0,GdsrNGTLImperial20260426.csv
2026-04-26,2026-04-27,TOTAL_STORAGE_RECEIPTS,Storage,1479.0,346.0,1200.0,GdsrNGTLImperial20260426.csv
2026-04-26,2026-04-27,TOTAL_NGTL_DELIVERIES,System Total,-19386.0,-14344.0,-18805.0,GdsrNGTLImperial20260426.csv
2026-04-26,2026-04-27,TOTAL_NGTL_RECEIPTS,System Total,24758.0,14462.0,24490.0,GdsrNGTLImperial20260426.csv
2026-04-26,2026-04-27,TOTAL_STORAGE_AND_INTRAPROVINCIAL,System Total,-11953.0,-6972.0,-11546.0,GdsrNGTLImperial20260426.csv
2026-04-27,2026-04-28,ALBERTA_BC,Border Flow,-1450.0,-1455.0,-1738.0,GdsrNGTLImperial20260427.csv
2026-04-27,2026-04-28,EMPRESS,Border Flow,-4674.0,-4675.0,-4509.0,GdsrNGTLImperial20260427.csv
2026-04-27,2026-04-28,MCNEILL,Border Flow,-636.0,-585.0,-636.0,GdsrNGTLImperial20260427.csv
2026-04-27,2026-04-28,OTHER_BORDERS,Border Flow,-450.0,-400.0,-389.0,GdsrNGTLImperial20260427.csv
2026-04-27,2026-04-28,GORDONDALE,Interconnect Flow,211.0,212.0,154.0,GdsrNGTLImperial20260427.csv
2026-04-27,2026-04-28,GROUNDBIRCH_EAST,Interconnect Flow,0.0,121.0,200.0,GdsrNGTLImperial20260427.csv
2026-04-27,2026-04-28,WILLOW_VALLEY,Interconnect Flow,-245.0,-246.0,-164.0,GdsrNGTLImperial20260427.csv
2026-04-27,2026-04-28,INTRAPROVINCIAL,Internal Delivery,-10429.0,-6255.0,-9992.0,GdsrNGTLImperial20260427.csv
2026-04-27,2026-04-28,TOTAL_NET_STORAGE,Storage,-302.0,-324.0,-598.0,GdsrNGTLImperial20260427.csv
2026-04-27,2026-04-28,TOTAL_STORAGE_DELIVERIES,Storage,-1779.0,-477.0,-1743.0,GdsrNGTLImperial20260427.csv
2026-04-27,2026-04-28,TOTAL_STORAGE_RECEIPTS,Storage,1477.0,152.0,1145.0,GdsrNGTLImperial20260427.csv
2026-04-27,2026-04-28,TOTAL_NGTL_DELIVERIES,System Total,-19663.0,-14093.0,-19169.0,GdsrNGTLImperial20260427.csv
2026-04-27,2026-04-28,TOTAL_NGTL_RECEIPTS,System Total,24769.0,14328.0,24591.0,GdsrNGTLImperial20260427.csv
2026-04-27,2026-04-28,TOTAL_STORAGE_AND_INTRAPROVINCIAL,System Total,-12208.0,-6732.0,-11734.0,GdsrNGTLImperial20260427.csv
2026-04-28,2026-04-29,ALBERTA_BC,Border Flow,-1760.0,-1817.0,-1858.0,GdsrNGTLImperial20260428.csv
2026-04-28,2026-04-29,EMPRESS,Border Flow,-4563.0,-4538.0,-4568.0,GdsrNGTLImperial20260428.csv
2026-04-28,2026-04-29,MCNEILL,Border Flow,-720.0,-703.0,-651.0,GdsrNGTLImperial20260428.csv
2026-04-28,2026-04-29,OTHER_BORDERS,Border Flow,-341.0,-382.0,-512.0,GdsrNGTLImperial20260428.csv
2026-04-28,2026-04-29,GORDONDALE,Interconnect Flow,152.0,179.0,128.0,GdsrNGTLImperial20260428.csv
2026-04-28,2026-04-29,GROUNDBIRCH_EAST,Interconnect Flow,254.0,175.0,122.0,GdsrNGTLImperial20260428.csv
2026-04-28,2026-04-29,WILLOW_VALLEY,Interconnect Flow,-57.0,-58.0,0.0,GdsrNGTLImperial20260428.csv
2026-04-28,2026-04-29,INTRAPROVINCIAL,Internal Delivery,-10420.0,-6142.0,-10007.0,GdsrNGTLImperial20260428.csv
2026-04-28,2026-04-29,TOTAL_NET_STORAGE,Storage,-1410.0,-1245.0,-944.0,GdsrNGTLImperial20260428.csv
2026-04-28,2026-04-29,TOTAL_STORAGE_DELIVERIES,Storage,-3041.0,-1307.0,-2157.0,GdsrNGTLImperial20260428.csv
2026-04-28,2026-04-29,TOTAL_STORAGE_RECEIPTS,Storage,1631.0,62.0,1214.0,GdsrNGTLImperial20260428.csv
2026-04-28,2026-04-29,TOTAL_NGTL_DELIVERIES,System Total,-20901.0,-14947.0,-19753.0,GdsrNGTLImperial20260428.csv
2026-04-28,2026-04-29,TOTAL_NGTL_RECEIPTS,System Total,25137.0,14900.0,24591.0,GdsrNGTLImperial20260428.csv
2026-04-28,2026-04-29,TOTAL_STORAGE_AND_INTRAPROVINCIAL,System Total,-13460.0,-7449.0,-12164.0,GdsrNGTLImperial20260428.csv
2026-04-29,2026-04-30,ALBERTA_BC,Border Flow,-1884.0,-1871.0,-2023.0,GdsrNGTLImperial20260429.csv
2026-04-29,2026-04-30,EMPRESS,Border Flow,-4558.0,-4533.0,-4624.0,GdsrNGTLImperial20260429.csv
2026-04-29,2026-04-30,MCNEILL,Border Flow,-823.0,-749.0,-732.0,GdsrNGTLImperial20260429.csv
2026-04-29,2026-04-30,OTHER_BORDERS,Border Flow,-486.0,-396.0,-490.0,GdsrNGTLImperial20260429.csv
2026-04-29,2026-04-30,GORDONDALE,Interconnect Flow,129.0,143.0,141.0,GdsrNGTLImperial20260429.csv
2026-04-29,2026-04-30,GROUNDBIRCH_EAST,Interconnect Flow,241.0,198.0,150.0,GdsrNGTLImperial20260429.csv
2026-04-29,2026-04-30,WILLOW_VALLEY,Interconnect Flow,0.0,-13.0,-94.0,GdsrNGTLImperial20260429.csv
2026-04-29,2026-04-30,INTRAPROVINCIAL,Internal Delivery,-10427.0,-5955.0,-9936.0,GdsrNGTLImperial20260429.csv
2026-04-29,2026-04-30,TOTAL_NET_STORAGE,Storage,-1196.0,-1396.0,-668.0,GdsrNGTLImperial20260429.csv
2026-04-29,2026-04-30,TOTAL_STORAGE_DELIVERIES,Storage,-2732.0,-1420.0,-1874.0,GdsrNGTLImperial20260429.csv
2026-04-29,2026-04-30,TOTAL_STORAGE_RECEIPTS,Storage,1535.0,24.0,1205.0,GdsrNGTLImperial20260429.csv
2026-04-29,2026-04-30,TOTAL_NGTL_DELIVERIES,System Total,-20910.0,-14935.0,-19772.0,GdsrNGTLImperial20260429.csv
2026-04-29,2026-04-30,TOTAL_NGTL_RECEIPTS,System Total,25034.0,14874.0,24606.0,GdsrNGTLImperial20260429.csv
2026-04-29,2026-04-30,TOTAL_STORAGE_AND_INTRAPROVINCIAL,System Total,-13159.0,-7374.0,-11810.0,GdsrNGTLImperial20260429.csv
2026-04-30,2026-05-01,ALBERTA_BC,Border Flow,-1952.0,-1935.0,-1683.0,GdsrNGTLImperial20260430.csv
2026-04-30,2026-05-01,EMPRESS,Border Flow,-4644.0,-4673.0,-4575.0,GdsrNGTLImperial20260430.csv
2026-04-30,2026-05-01,MCNEILL,Border Flow,-741.0,-774.0,-708.0,GdsrNGTLImperial20260430.csv
2026-04-30,2026-05-01,OTHER_BORDERS,Border Flow,-465.0,-410.0,-418.0,GdsrNGTLImperial20260430.csv
2026-04-30,2026-05-01,GORDONDALE,Interconnect Flow,141.0,128.0,78.0,GdsrNGTLImperial20260430.csv
2026-04-30,2026-05-01,GROUNDBIRCH_EAST,Interconnect Flow,164.0,188.0,112.0,GdsrNGTLImperial20260430.csv
2026-04-30,2026-05-01,WILLOW_VALLEY,Interconnect Flow,-114.0,-112.0,-122.0,GdsrNGTLImperial20260430.csv
2026-04-30,2026-05-01,INTRAPROVINCIAL,Internal Delivery,-10367.0,-5557.0,-9919.0,GdsrNGTLImperial20260430.csv
2026-04-30,2026-05-01,TOTAL_NET_STORAGE,Storage,-586.0,-693.0,-789.0,GdsrNGTLImperial20260430.csv
2026-04-30,2026-05-01,TOTAL_STORAGE_DELIVERIES,Storage,-2077.0,-714.0,-1741.0,GdsrNGTLImperial20260430.csv
2026-04-30,2026-05-01,TOTAL_STORAGE_RECEIPTS,Storage,1491.0,22.0,953.0,GdsrNGTLImperial20260430.csv
2026-04-30,2026-05-01,TOTAL_NGTL_DELIVERIES,System Total,-20362.0,-14175.0,-19167.0,GdsrNGTLImperial20260430.csv
2026-04-30,2026-05-01,TOTAL_NGTL_RECEIPTS,System Total,24923.0,14182.0,24248.0,GdsrNGTLImperial20260430.csv
2026-04-30,2026-05-01,TOTAL_STORAGE_AND_INTRAPROVINCIAL,System Total,-12445.0,-6272.0,-11661.0,GdsrNGTLImperial20260430.csv
2026-05-01,2026-05-02,ALBERTA_BC,Border Flow,-1649.0,-1633.0,-1568.0,GdsrNGTLImperial20260501.csv
2026-05-01,2026-05-02,EMPRESS,Border Flow,-4636.0,-4625.0,-4515.0,GdsrNGTLImperial20260501.csv
2026-05-01,2026-05-02,MCNEILL,Border Flow,-676.0,-718.0,-642.0,GdsrNGTLImperial20260501.csv
2026-05-01,2026-05-02,OTHER_BORDERS,Border Flow,-384.0,-390.0,-446.0,GdsrNGTLImperial20260501.csv
2026-05-01,2026-05-02,GORDONDALE,Interconnect Flow,73.0,7.0,104.0,GdsrNGTLImperial20260501.csv
2026-05-01,2026-05-02,GROUNDBIRCH_EAST,Interconnect Flow,127.0,121.0,115.0,GdsrNGTLImperial20260501.csv
2026-05-01,2026-05-02,WILLOW_VALLEY,Interconnect Flow,-123.0,-123.0,-94.0,GdsrNGTLImperial20260501.csv
2026-05-01,2026-05-02,INTRAPROVINCIAL,Internal Delivery,-10270.0,-5420.0,-9879.0,GdsrNGTLImperial20260501.csv
2026-05-01,2026-05-02,TOTAL_NET_STORAGE,Storage,-1104.0,-1113.0,-1406.0,GdsrNGTLImperial20260501.csv
2026-05-01,2026-05-02,TOTAL_STORAGE_DELIVERIES,Storage,-2268.0,-1113.0,-2371.0,GdsrNGTLImperial20260501.csv
2026-05-01,2026-05-02,TOTAL_STORAGE_RECEIPTS,Storage,1164.0,0.0,965.0,GdsrNGTLImperial20260501.csv
2026-05-01,2026-05-02,TOTAL_NGTL_DELIVERIES,System Total,-20005.0,-14022.0,-19513.0,GdsrNGTLImperial20260501.csv
2026-05-01,2026-05-02,TOTAL_NGTL_RECEIPTS,System Total,24470.0,13843.0,24296.0,GdsrNGTLImperial20260501.csv
2026-05-01,2026-05-02,TOTAL_STORAGE_AND_INTRAPROVINCIAL,System Total,-12538.0,-6533.0,-12249.0,GdsrNGTLImperial20260501.csv
2026-05-02,2026-05-03,ALBERTA_BC,Border Flow,-1560.0,-1534.0,-1619.0,GdsrNGTLImperial20260502.csv
2026-05-02,2026-05-03,EMPRESS,Border Flow,-4618.0,-4667.0,-4505.0,GdsrNGTLImperial20260502.csv
2026-05-02,2026-05-03,MCNEILL,Border Flow,-660.0,-665.0,-653.0,GdsrNGTLImperial20260502.csv
2026-05-02,2026-05-03,OTHER_BORDERS,Border Flow,-445.0,-378.0,-445.0,GdsrNGTLImperial20260502.csv
2026-05-02,2026-05-03,GORDONDALE,Interconnect Flow,122.0,115.0,105.0,GdsrNGTLImperial20260502.csv
2026-05-02,2026-05-03,GROUNDBIRCH_EAST,Interconnect Flow,114.0,105.0,114.0,GdsrNGTLImperial20260502.csv
2026-05-02,2026-05-03,WILLOW_VALLEY,Interconnect Flow,-101.0,-101.0,-90.0,GdsrNGTLImperial20260502.csv
2026-05-02,2026-05-03,INTRAPROVINCIAL,Internal Delivery,-10285.0,-5297.0,-9862.0,GdsrNGTLImperial20260502.csv
2026-05-02,2026-05-03,TOTAL_NET_STORAGE,Storage,-1055.0,-1008.0,-1300.0,GdsrNGTLImperial20260502.csv
2026-05-02,2026-05-03,TOTAL_STORAGE_DELIVERIES,Storage,-2233.0,-1008.0,-2250.0,GdsrNGTLImperial20260502.csv
2026-05-02,2026-05-03,TOTAL_STORAGE_RECEIPTS,Storage,1179.0,0.0,951.0,GdsrNGTLImperial20260502.csv
2026-05-02,2026-05-03,TOTAL_NGTL_DELIVERIES,System Total,-19902.0,-13650.0,-19424.0,GdsrNGTLImperial20260502.csv
2026-05-02,2026-05-03,TOTAL_NGTL_RECEIPTS,System Total,24526.0,13960.0,24281.0,GdsrNGTLImperial20260502.csv
2026-05-02,2026-05-03,TOTAL_STORAGE_AND_INTRAPROVINCIAL,System Total,-12518.0,-6304.0,-12112.0,GdsrNGTLImperial20260502.csv
2026-05-03,2026-05-04,ALBERTA_BC,Border Flow,-1627.0,-1561.0,-1627.0,GdsrNGTLImperial20260503.csv
2026-05-03,2026-05-04,EMPRESS,Border Flow,-4613.0,-4644.0,-4611.0,GdsrNGTLImperial20260503.csv
2026-05-03,2026-05-04,MCNEILL,Border Flow,-596.0,-598.0,-641.0,GdsrNGTLImperial20260503.csv
2026-05-03,2026-05-04,OTHER_BORDERS,Border Flow,-446.0,-378.0,-521.0,GdsrNGTLImperial20260503.csv
2026-05-03,2026-05-04,GORDONDALE,Interconnect Flow,121.0,111.0,104.0,GdsrNGTLImperial20260503.csv
2026-05-03,2026-05-04,GROUNDBIRCH_EAST,Interconnect Flow,180.0,145.0,111.0,GdsrNGTLImperial20260503.csv
2026-05-03,2026-05-04,WILLOW_VALLEY,Interconnect Flow,-21.0,-20.0,-4.0,GdsrNGTLImperial20260503.csv
2026-05-03,2026-05-04,INTRAPROVINCIAL,Internal Delivery,-10300.0,-5346.0,-9917.0,GdsrNGTLImperial20260503.csv
2026-05-03,2026-05-04,TOTAL_NET_STORAGE,Storage,-1626.0,-1480.0,-961.0,GdsrNGTLImperial20260503.csv
2026-05-03,2026-05-04,TOTAL_STORAGE_DELIVERIES,Storage,-2944.0,-1480.0,-2039.0,GdsrNGTLImperial20260503.csv
2026-05-03,2026-05-04,TOTAL_STORAGE_RECEIPTS,Storage,1318.0,0.0,1077.0,GdsrNGTLImperial20260503.csv
2026-05-03,2026-05-04,TOTAL_NGTL_DELIVERIES,System Total,-20547.0,-14027.0,-19359.0,GdsrNGTLImperial20260503.csv
2026-05-03,2026-05-04,TOTAL_NGTL_RECEIPTS,System Total,24705.0,14140.0,24356.0,GdsrNGTLImperial20260503.csv
2026-05-03,2026-05-04,TOTAL_STORAGE_AND_INTRAPROVINCIAL,System Total,-13244.0,-6827.0,-11955.0,GdsrNGTLImperial20260503.csv
2026-05-04,2026-05-05,ALBERTA_BC,Border Flow,-1537.0,-1563.0,-1615.0,GdsrNGTLImperial20260504.csv
2026-05-04,2026-05-05,EMPRESS,Border Flow,-4715.0,-4733.0,-4593.0,GdsrNGTLImperial20260504.csv
2026-05-04,2026-05-05,MCNEILL,Border Flow,-636.0,-620.0,-681.0,GdsrNGTLImperial20260504.csv
2026-05-04,2026-05-05,OTHER_BORDERS,Border Flow,-425.0,-400.0,-377.0,GdsrNGTLImperial20260504.csv
2026-05-04,2026-05-05,GORDONDALE,Interconnect Flow,92.0,91.0,96.0,GdsrNGTLImperial20260504.csv
2026-05-04,2026-05-05,GROUNDBIRCH_EAST,Interconnect Flow,162.0,181.0,157.0,GdsrNGTLImperial20260504.csv
2026-05-04,2026-05-05,WILLOW_VALLEY,Interconnect Flow,-41.0,-41.0,-104.0,GdsrNGTLImperial20260504.csv
2026-05-04,2026-05-05,INTRAPROVINCIAL,Internal Delivery,-10351.0,-5705.0,-9958.0,GdsrNGTLImperial20260504.csv
2026-05-04,2026-05-05,TOTAL_NET_STORAGE,Storage,-993.0,-1097.0,-686.0,GdsrNGTLImperial20260504.csv
2026-05-04,2026-05-05,TOTAL_STORAGE_DELIVERIES,Storage,-2261.0,-1097.0,-1730.0,GdsrNGTLImperial20260504.csv
2026-05-04,2026-05-05,TOTAL_STORAGE_RECEIPTS,Storage,1268.0,0.0,1044.0,GdsrNGTLImperial20260504.csv
2026-05-04,2026-05-05,TOTAL_NGTL_DELIVERIES,System Total,-19966.0,-14160.0,-19058.0,GdsrNGTLImperial20260504.csv
2026-05-04,2026-05-05,TOTAL_NGTL_RECEIPTS,System Total,24589.0,14048.0,24368.0,GdsrNGTLImperial20260504.csv
2026-05-04,2026-05-05,TOTAL_STORAGE_AND_INTRAPROVINCIAL,System Total,-12612.0,-6803.0,-11688.0,GdsrNGTLImperial20260504.csv
2026-05-05,2026-05-06,ALBERTA_BC,Border Flow,-1551.0,-1582.0,-1717.0,GdsrNGTLImperial20260505.csv
2026-05-05,2026-05-06,EMPRESS,Border Flow,-4680.0,-4697.0,-4544.0,GdsrNGTLImperial20260505.csv
2026-05-05,2026-05-06,MCNEILL,Border Flow,-656.0,-681.0,-581.0,GdsrNGTLImperial20260505.csv
2026-05-05,2026-05-06,OTHER_BORDERS,Border Flow,-345.0,-424.0,-377.0,GdsrNGTLImperial20260505.csv
2026-05-05,2026-05-06,GORDONDALE,Interconnect Flow,99.0,80.0,93.0,GdsrNGTLImperial20260505.csv
2026-05-05,2026-05-06,GROUNDBIRCH_EAST,Interconnect Flow,178.0,176.0,135.0,GdsrNGTLImperial20260505.csv
2026-05-05,2026-05-06,WILLOW_VALLEY,Interconnect Flow,-121.0,-121.0,-130.0,GdsrNGTLImperial20260505.csv
2026-05-05,2026-05-06,INTRAPROVINCIAL,Internal Delivery,-10401.0,-5724.0,-9957.0,GdsrNGTLImperial20260505.csv
2026-05-05,2026-05-06,TOTAL_NET_STORAGE,Storage,-569.0,-669.0,-590.0,GdsrNGTLImperial20260505.csv
2026-05-05,2026-05-06,TOTAL_STORAGE_DELIVERIES,Storage,-1984.0,-669.0,-1562.0,GdsrNGTLImperial20260505.csv
2026-05-05,2026-05-06,TOTAL_STORAGE_RECEIPTS,Storage,1415.0,0.0,972.0,GdsrNGTLImperial20260505.csv
2026-05-05,2026-05-06,TOTAL_NGTL_DELIVERIES,System Total,-19738.0,-13898.0,-18868.0,GdsrNGTLImperial20260505.csv
2026-05-05,2026-05-06,TOTAL_NGTL_RECEIPTS,System Total,24763.0,13848.0,24272.0,GdsrNGTLImperial20260505.csv
2026-05-05,2026-05-06,TOTAL_STORAGE_AND_INTRAPROVINCIAL,System Total,-12384.0,-6393.0,-11520.0,GdsrNGTLImperial20260505.csv
2026-05-06,2026-05-07,ALBERTA_BC,Border Flow,-1646.0,-1646.0,-1573.0,GdsrNGTLImperial20260506.csv
2026-05-06,2026-05-07,EMPRESS,Border Flow,-4625.0,-4663.0,-4506.0,GdsrNGTLImperial20260506.csv
2026-05-06,2026-05-07,MCNEILL,Border Flow,-600.0,-669.0,-583.0,GdsrNGTLImperial20260506.csv
2026-05-06,2026-05-07,OTHER_BORDERS,Border Flow,-367.0,-386.0,-456.0,GdsrNGTLImperial20260506.csv
2026-05-06,2026-05-07,GORDONDALE,Interconnect Flow,92.0,101.0,109.0,GdsrNGTLImperial20260506.csv
2026-05-06,2026-05-07,GROUNDBIRCH_EAST,Interconnect Flow,135.0,131.0,114.0,GdsrNGTLImperial20260506.csv
2026-05-06,2026-05-07,WILLOW_VALLEY,Interconnect Flow,-85.0,-89.0,-82.0,GdsrNGTLImperial20260506.csv
2026-05-06,2026-05-07,INTRAPROVINCIAL,Internal Delivery,-10351.0,-5381.0,-9932.0,GdsrNGTLImperial20260506.csv
2026-05-06,2026-05-07,TOTAL_NET_STORAGE,Storage,-899.0,-754.0,-786.0,GdsrNGTLImperial20260506.csv
2026-05-06,2026-05-07,TOTAL_STORAGE_DELIVERIES,Storage,-2127.0,-754.0,-1839.0,GdsrNGTLImperial20260506.csv
2026-05-06,2026-05-07,TOTAL_STORAGE_RECEIPTS,Storage,1228.0,0.0,1053.0,GdsrNGTLImperial20260506.csv
2026-05-06,2026-05-07,TOTAL_NGTL_DELIVERIES,System Total,-19802.0,-13587.0,-18971.0,GdsrNGTLImperial20260506.csv
2026-05-06,2026-05-07,TOTAL_NGTL_RECEIPTS,System Total,24518.0,13883.0,24353.0,GdsrNGTLImperial20260506.csv
2026-05-06,2026-05-07,TOTAL_STORAGE_AND_INTRAPROVINCIAL,System Total,-12478.0,-6134.0,-11771.0,GdsrNGTLImperial20260506.csv
2026-05-07,2026-05-08,ALBERTA_BC,Border Flow,-1577.0,-1561.0,-2102.0,GdsrNGTLImperial20260507.csv
2026-05-07,2026-05-08,EMPRESS,Border Flow,-4571.0,-4648.0,-4451.0,GdsrNGTLImperial20260507.csv
2026-05-07,2026-05-08,MCNEILL,Border Flow,-677.0,-661.0,-552.0,GdsrNGTLImperial20260507.csv
2026-05-07,2026-05-08,OTHER_BORDERS,Border Flow,-378.0,-397.0,-465.0,GdsrNGTLImperial20260507.csv
2026-05-07,2026-05-08,GORDONDALE,Interconnect Flow,115.0,111.0,100.0,GdsrNGTLImperial20260507.csv
2026-05-07,2026-05-08,GROUNDBIRCH_EAST,Interconnect Flow,152.0,197.0,166.0,GdsrNGTLImperial20260507.csv
2026-05-07,2026-05-08,WILLOW_VALLEY,Interconnect Flow,-17.0,-21.0,-5.0,GdsrNGTLImperial20260507.csv
2026-05-07,2026-05-08,INTRAPROVINCIAL,Internal Delivery,-10368.0,-5450.0,-9907.0,GdsrNGTLImperial20260507.csv
2026-05-07,2026-05-08,TOTAL_NET_STORAGE,Storage,-1579.0,-1469.0,-966.0,GdsrNGTLImperial20260507.csv
2026-05-07,2026-05-08,TOTAL_STORAGE_DELIVERIES,Storage,-2928.0,-1469.0,-2032.0,GdsrNGTLImperial20260507.csv
2026-05-07,2026-05-08,TOTAL_STORAGE_RECEIPTS,Storage,1349.0,0.0,1066.0,GdsrNGTLImperial20260507.csv
2026-05-07,2026-05-08,TOTAL_NGTL_DELIVERIES,System Total,-20516.0,-14206.0,-19513.0,GdsrNGTLImperial20260507.csv
2026-05-07,2026-05-08,TOTAL_NGTL_RECEIPTS,System Total,24692.0,14394.0,24410.0,GdsrNGTLImperial20260507.csv
2026-05-07,2026-05-08,TOTAL_STORAGE_AND_INTRAPROVINCIAL,System Total,-13296.0,-6919.0,-11939.0,GdsrNGTLImperial20260507.csv
2026-05-08,2026-05-09,ALBERTA_BC,Border Flow,-2094.0,-2121.0,-2281.0,GdsrNGTLImperial20260508.csv
2026-05-08,2026-05-09,EMPRESS,Border Flow,-4541.0,-4557.0,-4441.0,GdsrNGTLImperial20260508.csv
2026-05-08,2026-05-09,MCNEILL,Border Flow,-530.0,-541.0,-494.0,GdsrNGTLImperial20260508.csv
2026-05-08,2026-05-09,OTHER_BORDERS,Border Flow,-391.0,-390.0,-487.0,GdsrNGTLImperial20260508.csv
2026-05-08,2026-05-09,GORDONDALE,Interconnect Flow,101.0,98.0,81.0,GdsrNGTLImperial20260508.csv
2026-05-08,2026-05-09,GROUNDBIRCH_EAST,Interconnect Flow,425.0,424.0,162.0,GdsrNGTLImperial20260508.csv
2026-05-08,2026-05-09,WILLOW_VALLEY,Interconnect Flow,-1.0,-1.0,-74.0,GdsrNGTLImperial20260508.csv
2026-05-08,2026-05-09,INTRAPROVINCIAL,Internal Delivery,-10339.0,-5449.0,-9910.0,GdsrNGTLImperial20260508.csv
2026-05-08,2026-05-09,TOTAL_NET_STORAGE,Storage,-1633.0,-1670.0,-902.0,GdsrNGTLImperial20260508.csv
2026-05-08,2026-05-09,TOTAL_STORAGE_DELIVERIES,Storage,-2954.0,-1670.0,-1955.0,GdsrNGTLImperial20260508.csv
2026-05-08,2026-05-09,TOTAL_STORAGE_RECEIPTS,Storage,1321.0,0.0,1052.0,GdsrNGTLImperial20260508.csv
2026-05-08,2026-05-09,TOTAL_NGTL_DELIVERIES,System Total,-20850.0,-14729.0,-19641.0,GdsrNGTLImperial20260508.csv
2026-05-08,2026-05-09,TOTAL_NGTL_RECEIPTS,System Total,24923.0,14469.0,24367.0,GdsrNGTLImperial20260508.csv
2026-05-08,2026-05-09,TOTAL_STORAGE_AND_INTRAPROVINCIAL,System Total,-13293.0,-7119.0,-11864.0,GdsrNGTLImperial20260508.csv
2026-05-09,2026-05-10,ALBERTA_BC,Border Flow,-2215.0,-2195.0,-2254.0,GdsrNGTLImperial20260509.csv
2026-05-09,2026-05-10,EMPRESS,Border Flow,-4568.0,-4591.0,-4462.0,GdsrNGTLImperial20260509.csv
2026-05-09,2026-05-10,MCNEILL,Border Flow,-571.0,-546.0,-570.0,GdsrNGTLImperial20260509.csv
2026-05-09,2026-05-10,OTHER_BORDERS,Border Flow,-486.0,-431.0,-491.0,GdsrNGTLImperial20260509.csv
2026-05-09,2026-05-10,GORDONDALE,Interconnect Flow,81.0,86.0,81.0,GdsrNGTLImperial20260509.csv
2026-05-09,2026-05-10,GROUNDBIRCH_EAST,Interconnect Flow,162.0,163.0,162.0,GdsrNGTLImperial20260509.csv
2026-05-09,2026-05-10,WILLOW_VALLEY,Interconnect Flow,-42.0,-42.0,-158.0,GdsrNGTLImperial20260509.csv
2026-05-09,2026-05-10,INTRAPROVINCIAL,Internal Delivery,-10336.0,-5410.0,-9901.0,GdsrNGTLImperial20260509.csv
2026-05-09,2026-05-10,TOTAL_NET_STORAGE,Storage,-962.0,-1054.0,-1077.0,GdsrNGTLImperial20260509.csv
2026-05-09,2026-05-10,TOTAL_STORAGE_DELIVERIES,Storage,-2167.0,-1054.0,-2060.0,GdsrNGTLImperial20260509.csv
2026-05-09,2026-05-10,TOTAL_STORAGE_RECEIPTS,Storage,1205.0,0.0,983.0,GdsrNGTLImperial20260509.csv
2026-05-09,2026-05-10,TOTAL_NGTL_DELIVERIES,System Total,-20385.0,-14269.0,-19897.0,GdsrNGTLImperial20260509.csv
2026-05-09,2026-05-10,TOTAL_NGTL_RECEIPTS,System Total,24518.0,14251.0,24297.0,GdsrNGTLImperial20260509.csv
2026-05-09,2026-05-10,TOTAL_STORAGE_AND_INTRAPROVINCIAL,System Total,-12503.0,-6465.0,-11961.0,GdsrNGTLImperial20260509.csv
2026-05-10,2026-05-11,ALBERTA_BC,Border Flow,-2237.0,-2228.0,-2258.0,GdsrNGTLImperial20260510.csv
2026-05-10,2026-05-11,EMPRESS,Border Flow,-4591.0,-4588.0,-4469.0,GdsrNGTLImperial20260510.csv
2026-05-10,2026-05-11,MCNEILL,Border Flow,-534.0,-542.0,-519.0,GdsrNGTLImperial20260510.csv
2026-05-10,2026-05-11,OTHER_BORDERS,Border Flow,-474.0,-429.0,-514.0,GdsrNGTLImperial20260510.csv
2026-05-10,2026-05-11,GORDONDALE,Interconnect Flow,81.0,98.0,81.0,GdsrNGTLImperial20260510.csv
2026-05-10,2026-05-11,GROUNDBIRCH_EAST,Interconnect Flow,162.0,159.0,163.0,GdsrNGTLImperial20260510.csv
2026-05-10,2026-05-11,WILLOW_VALLEY,Interconnect Flow,-203.0,-204.0,-125.0,GdsrNGTLImperial20260510.csv
2026-05-10,2026-05-11,INTRAPROVINCIAL,Internal Delivery,-10332.0,-5258.0,-9887.0,GdsrNGTLImperial20260510.csv
2026-05-10,2026-05-11,TOTAL_NET_STORAGE,Storage,-999.0,-1075.0,-618.0,GdsrNGTLImperial20260510.csv
2026-05-10,2026-05-11,TOTAL_STORAGE_DELIVERIES,Storage,-2223.0,-1075.0,-1669.0,GdsrNGTLImperial20260510.csv
2026-05-10,2026-05-11,TOTAL_STORAGE_RECEIPTS,Storage,1224.0,0.0,1051.0,GdsrNGTLImperial20260510.csv
2026-05-10,2026-05-11,TOTAL_NGTL_DELIVERIES,System Total,-20592.0,-14323.0,-19442.0,GdsrNGTLImperial20260510.csv
2026-05-10,2026-05-11,TOTAL_NGTL_RECEIPTS,System Total,24538.0,14174.0,24366.0,GdsrNGTLImperial20260510.csv
2026-05-10,2026-05-11,TOTAL_STORAGE_AND_INTRAPROVINCIAL,System Total,-12554.0,-6333.0,-11556.0,GdsrNGTLImperial20260510.csv
2026-05-11,2026-05-12,ALBERTA_BC,Border Flow,-2207.0,-2250.0,-2208.0,GdsrNGTLImperial20260511.csv
2026-05-11,2026-05-12,EMPRESS,Border Flow,-4557.0,-4553.0,-4297.0,GdsrNGTLImperial20260511.csv
2026-05-11,2026-05-12,MCNEILL,Border Flow,-523.0,-512.0,-507.0,GdsrNGTLImperial20260511.csv
2026-05-11,2026-05-12,OTHER_BORDERS,Border Flow,-470.0,-446.0,-517.0,GdsrNGTLImperial20260511.csv
2026-05-11,2026-05-12,GORDONDALE,Interconnect Flow,84.0,-2.0,81.0,GdsrNGTLImperial20260511.csv
2026-05-11,2026-05-12,GROUNDBIRCH_EAST,Interconnect Flow,187.0,181.0,123.0,GdsrNGTLImperial20260511.csv
2026-05-11,2026-05-12,WILLOW_VALLEY,Interconnect Flow,-125.0,-126.0,-103.0,GdsrNGTLImperial20260511.csv
2026-05-11,2026-05-12,INTRAPROVINCIAL,Internal Delivery,-10298.0,-5463.0,-9860.0,GdsrNGTLImperial20260511.csv
2026-05-11,2026-05-12,TOTAL_NET_STORAGE,Storage,-519.0,-598.0,-486.0,GdsrNGTLImperial20260511.csv
2026-05-11,2026-05-12,TOTAL_STORAGE_DELIVERIES,Storage,-1842.0,-598.0,-1495.0,GdsrNGTLImperial20260511.csv
2026-05-11,2026-05-12,TOTAL_STORAGE_RECEIPTS,Storage,1323.0,0.0,1009.0,GdsrNGTLImperial20260511.csv
2026-05-11,2026-05-12,TOTAL_NGTL_DELIVERIES,System Total,-20021.0,-13950.0,-18988.0,GdsrNGTLImperial20260511.csv
2026-05-11,2026-05-12,TOTAL_NGTL_RECEIPTS,System Total,24662.0,13744.0,24215.0,GdsrNGTLImperial20260511.csv
2026-05-11,2026-05-12,TOTAL_STORAGE_AND_INTRAPROVINCIAL,System Total,-12140.0,-6061.0,-11355.0,GdsrNGTLImperial20260511.csv
2026-05-12,2026-05-13,ALBERTA_BC,Border Flow,-2187.0,-2155.0,-1963.0,GdsrNGTLImperial20260512.csv
2026-05-12,2026-05-13,EMPRESS,Border Flow,-4449.0,-4438.0,-4332.0,GdsrNGTLImperial20260512.csv
2026-05-12,2026-05-13,MCNEILL,Border Flow,-533.0,-485.0,-406.0,GdsrNGTLImperial20260512.csv
2026-05-12,2026-05-13,OTHER_BORDERS,Border Flow,-470.0,-450.0,-504.0,GdsrNGTLImperial20260512.csv
2026-05-12,2026-05-13,GORDONDALE,Interconnect Flow,81.0,127.0,114.0,GdsrNGTLImperial20260512.csv
2026-05-12,2026-05-13,GROUNDBIRCH_EAST,Interconnect Flow,132.0,195.0,114.0,GdsrNGTLImperial20260512.csv
2026-05-12,2026-05-13,WILLOW_VALLEY,Interconnect Flow,-97.0,-97.0,-98.0,GdsrNGTLImperial20260512.csv
2026-05-12,2026-05-13,INTRAPROVINCIAL,Internal Delivery,-10309.0,-5307.0,-9896.0,GdsrNGTLImperial20260512.csv
2026-05-12,2026-05-13,TOTAL_NET_STORAGE,Storage,-388.0,-513.0,-808.0,GdsrNGTLImperial20260512.csv
2026-05-12,2026-05-13,TOTAL_STORAGE_DELIVERIES,Storage,-1750.0,-581.0,-1773.0,GdsrNGTLImperial20260512.csv
2026-05-12,2026-05-13,TOTAL_STORAGE_RECEIPTS,Storage,1362.0,68.0,965.0,GdsrNGTLImperial20260512.csv
2026-05-12,2026-05-13,TOTAL_NGTL_DELIVERIES,System Total,-19794.0,-13513.0,-18972.0,GdsrNGTLImperial20260512.csv
2026-05-12,2026-05-13,TOTAL_NGTL_RECEIPTS,System Total,24583.0,13914.0,24194.0,GdsrNGTLImperial20260512.csv
2026-05-12,2026-05-13,TOTAL_STORAGE_AND_INTRAPROVINCIAL,System Total,-12059.0,-5888.0,-11670.0,GdsrNGTLImperial20260512.csv
2026-05-13,2026-05-14,ALBERTA_BC,Border Flow,-1925.0,-1950.0,-2133.0,GdsrNGTLImperial20260513.csv
2026-05-13,2026-05-14,EMPRESS,Border Flow,-4381.0,-4412.0,-4403.0,GdsrNGTLImperial20260513.csv
2026-05-13,2026-05-14,MCNEILL,Border Flow,-504.0,-439.0,-408.0,GdsrNGTLImperial20260513.csv
2026-05-13,2026-05-14,OTHER_BORDERS,Border Flow,-473.0,-441.0,-524.0,GdsrNGTLImperial20260513.csv
2026-05-13,2026-05-14,GORDONDALE,Interconnect Flow,95.0,106.0,126.0,GdsrNGTLImperial20260513.csv
2026-05-13,2026-05-14,GROUNDBIRCH_EAST,Interconnect Flow,111.0,157.0,111.0,GdsrNGTLImperial20260513.csv
2026-05-13,2026-05-14,WILLOW_VALLEY,Interconnect Flow,-88.0,-89.0,-102.0,GdsrNGTLImperial20260513.csv
2026-05-13,2026-05-14,INTRAPROVINCIAL,Internal Delivery,-10317.0,-5316.0,-9905.0,GdsrNGTLImperial20260513.csv
2026-05-13,2026-05-14,TOTAL_NET_STORAGE,Storage,-1083.0,-944.0,-877.0,GdsrNGTLImperial20260513.csv
2026-05-13,2026-05-14,TOTAL_STORAGE_DELIVERIES,Storage,-2318.0,-985.0,-1865.0,GdsrNGTLImperial20260513.csv
2026-05-13,2026-05-14,TOTAL_STORAGE_RECEIPTS,Storage,1235.0,41.0,989.0,GdsrNGTLImperial20260513.csv
2026-05-13,2026-05-14,TOTAL_NGTL_DELIVERIES,System Total,-20007.0,-13630.0,-19340.0,GdsrNGTLImperial20260513.csv
2026-05-13,2026-05-14,TOTAL_NGTL_RECEIPTS,System Total,24447.0,14028.0,24233.0,GdsrNGTLImperial20260513.csv
2026-05-13,2026-05-14,TOTAL_STORAGE_AND_INTRAPROVINCIAL,System Total,-12635.0,-6300.0,-11770.0,GdsrNGTLImperial20260513.csv
2026-05-14,2026-05-15,ALBERTA_BC,Border Flow,-2119.0,-2127.0,-2238.0,GdsrNGTLImperial20260514.csv
2026-05-14,2026-05-15,EMPRESS,Border Flow,-4459.0,-4467.0,-4361.0,GdsrNGTLImperial20260514.csv
2026-05-14,2026-05-15,MCNEILL,Border Flow,-528.0,-561.0,-496.0,GdsrNGTLImperial20260514.csv
2026-05-14,2026-05-15,OTHER_BORDERS,Border Flow,-474.0,-449.0,-517.0,GdsrNGTLImperial20260514.csv
2026-05-14,2026-05-15,GORDONDALE,Interconnect Flow,102.0,170.0,53.0,GdsrNGTLImperial20260514.csv
2026-05-14,2026-05-15,GROUNDBIRCH_EAST,Interconnect Flow,250.0,211.0,111.0,GdsrNGTLImperial20260514.csv
2026-05-14,2026-05-15,WILLOW_VALLEY,Interconnect Flow,-111.0,-111.0,-214.0,GdsrNGTLImperial20260514.csv
2026-05-14,2026-05-15,INTRAPROVINCIAL,Internal Delivery,-10312.0,-5481.0,-9915.0,GdsrNGTLImperial20260514.csv
2026-05-14,2026-05-15,TOTAL_NET_STORAGE,Storage,-970.0,-1181.0,-671.0,GdsrNGTLImperial20260514.csv
2026-05-14,2026-05-15,TOTAL_STORAGE_DELIVERIES,Storage,-2211.0,-1181.0,-1661.0,GdsrNGTLImperial20260514.csv
2026-05-14,2026-05-15,TOTAL_STORAGE_RECEIPTS,Storage,1241.0,0.0,989.0,GdsrNGTLImperial20260514.csv
2026-05-14,2026-05-15,TOTAL_NGTL_DELIVERIES,System Total,-20213.0,-14377.0,-19402.0,GdsrNGTLImperial20260514.csv
2026-05-14,2026-05-15,TOTAL_NGTL_RECEIPTS,System Total,24606.0,13997.0,24207.0,GdsrNGTLImperial20260514.csv
2026-05-14,2026-05-15,TOTAL_STORAGE_AND_INTRAPROVINCIAL,System Total,-12523.0,-6662.0,-11576.0,GdsrNGTLImperial20260514.csv
2026-05-15,2026-05-16,ALBERTA_BC,Border Flow,-2012.0,-2022.0,-1760.0,GdsrNGTLImperial20260515.csv
2026-05-15,2026-05-16,EMPRESS,Border Flow,-4442.0,-4466.0,-4292.0,GdsrNGTLImperial20260515.csv
2026-05-15,2026-05-16,MCNEILL,Border Flow,-552.0,-615.0,-674.0,GdsrNGTLImperial20260515.csv
2026-05-15,2026-05-16,OTHER_BORDERS,Border Flow,-431.0,-453.0,-440.0,GdsrNGTLImperial20260515.csv
2026-05-15,2026-05-16,GORDONDALE,Interconnect Flow,53.0,49.0,78.0,GdsrNGTLImperial20260515.csv
2026-05-15,2026-05-16,GROUNDBIRCH_EAST,Interconnect Flow,113.0,111.0,111.0,GdsrNGTLImperial20260515.csv
2026-05-15,2026-05-16,WILLOW_VALLEY,Interconnect Flow,-215.0,-214.0,-138.0,GdsrNGTLImperial20260515.csv
2026-05-15,2026-05-16,INTRAPROVINCIAL,Internal Delivery,-10318.0,-5479.0,-9915.0,GdsrNGTLImperial20260515.csv
2026-05-15,2026-05-16,TOTAL_NET_STORAGE,Storage,-229.0,-391.0,-643.0,GdsrNGTLImperial20260515.csv
2026-05-15,2026-05-16,TOTAL_STORAGE_DELIVERIES,Storage,-1803.0,-614.0,-1611.0,GdsrNGTLImperial20260515.csv
2026-05-15,2026-05-16,TOTAL_STORAGE_RECEIPTS,Storage,1575.0,223.0,968.0,GdsrNGTLImperial20260515.csv
2026-05-15,2026-05-16,TOTAL_NGTL_DELIVERIES,System Total,-19773.0,-13864.0,-18829.0,GdsrNGTLImperial20260515.csv
2026-05-15,2026-05-16,TOTAL_NGTL_RECEIPTS,System Total,24794.0,13829.0,24202.0,GdsrNGTLImperial20260515.csv
2026-05-15,2026-05-16,TOTAL_STORAGE_AND_INTRAPROVINCIAL,System Total,-12122.0,-6094.0,-11526.0,GdsrNGTLImperial20260515.csv
2026-05-16,2026-05-17,ALBERTA_BC,Border Flow,-1777.0,-1787.0,-1766.0,GdsrNGTLImperial20260516.csv
2026-05-16,2026-05-17,EMPRESS,Border Flow,-4469.0,-4468.0,-4430.0,GdsrNGTLImperial20260516.csv
2026-05-16,2026-05-17,MCNEILL,Border Flow,-639.0,-659.0,-647.0,GdsrNGTLImperial20260516.csv
2026-05-16,2026-05-17,OTHER_BORDERS,Border Flow,-441.0,-453.0,-431.0,GdsrNGTLImperial20260516.csv
2026-05-16,2026-05-17,GORDONDALE,Interconnect Flow,78.0,79.0,78.0,GdsrNGTLImperial20260516.csv
2026-05-16,2026-05-17,GROUNDBIRCH_EAST,Interconnect Flow,111.0,110.0,111.0,GdsrNGTLImperial20260516.csv
2026-05-16,2026-05-17,WILLOW_VALLEY,Interconnect Flow,-140.0,-140.0,-140.0,GdsrNGTLImperial20260516.csv
2026-05-16,2026-05-17,INTRAPROVINCIAL,Internal Delivery,-10325.0,-5609.0,-9929.0,GdsrNGTLImperial20260516.csv
2026-05-16,2026-05-17,TOTAL_NET_STORAGE,Storage,-694.0,-500.0,-753.0,GdsrNGTLImperial20260516.csv
2026-05-16,2026-05-17,TOTAL_STORAGE_DELIVERIES,Storage,-1867.0,-625.0,-1726.0,GdsrNGTLImperial20260516.csv
2026-05-16,2026-05-17,TOTAL_STORAGE_RECEIPTS,Storage,1173.0,126.0,973.0,GdsrNGTLImperial20260516.csv
2026-05-16,2026-05-17,TOTAL_NGTL_DELIVERIES,System Total,-19657.0,-13740.0,-19068.0,GdsrNGTLImperial20260516.csv
2026-05-16,2026-05-17,TOTAL_NGTL_RECEIPTS,System Total,24408.0,13914.0,24207.0,GdsrNGTLImperial20260516.csv
2026-05-16,2026-05-17,TOTAL_STORAGE_AND_INTRAPROVINCIAL,System Total,-12192.0,-6234.0,-11655.0,GdsrNGTLImperial20260516.csv
2026-05-17,2026-05-18,ALBERTA_BC,Border Flow,-1766.0,-1767.0,-1772.0,GdsrNGTLImperial20260517.csv
2026-05-17,2026-05-18,EMPRESS,Border Flow,-4549.0,-4546.0,-4348.0,GdsrNGTLImperial20260517.csv
2026-05-17,2026-05-18,MCNEILL,Border Flow,-597.0,-640.0,-660.0,GdsrNGTLImperial20260517.csv
2026-05-17,2026-05-18,OTHER_BORDERS,Border Flow,-410.0,-464.0,-431.0,GdsrNGTLImperial20260517.csv
2026-05-17,2026-05-18,GORDONDALE,Interconnect Flow,78.0,77.0,78.0,GdsrNGTLImperial20260517.csv
2026-05-17,2026-05-18,GROUNDBIRCH_EAST,Interconnect Flow,149.0,148.0,110.0,GdsrNGTLImperial20260517.csv
2026-05-17,2026-05-18,WILLOW_VALLEY,Interconnect Flow,-156.0,-156.0,-154.0,GdsrNGTLImperial20260517.csv
2026-05-17,2026-05-18,INTRAPROVINCIAL,Internal Delivery,-10344.0,-5648.0,-9915.0,GdsrNGTLImperial20260517.csv
2026-05-17,2026-05-18,TOTAL_NET_STORAGE,Storage,-800.0,-759.0,-876.0,GdsrNGTLImperial20260517.csv
2026-05-17,2026-05-18,TOTAL_STORAGE_DELIVERIES,Storage,-1984.0,-759.0,-1842.0,GdsrNGTLImperial20260517.csv
2026-05-17,2026-05-18,TOTAL_STORAGE_RECEIPTS,Storage,1184.0,0.0,966.0,GdsrNGTLImperial20260517.csv
2026-05-17,2026-05-18,TOTAL_NGTL_DELIVERIES,System Total,-19805.0,-13981.0,-19121.0,GdsrNGTLImperial20260517.csv
2026-05-17,2026-05-18,TOTAL_NGTL_RECEIPTS,System Total,24456.0,14133.0,24199.0,GdsrNGTLImperial20260517.csv
2026-05-17,2026-05-18,TOTAL_STORAGE_AND_INTRAPROVINCIAL,System Total,-12328.0,-6407.0,-11757.0,GdsrNGTLImperial20260517.csv
2026-05-18,2026-05-19,ALBERTA_BC,Border Flow,-1829.0,-1814.0,-2051.0,GdsrNGTLImperial20260518.csv
2026-05-18,2026-05-19,EMPRESS,Border Flow,-4521.0,-4521.0,-4369.0,GdsrNGTLImperial20260518.csv
2026-05-18,2026-05-19,MCNEILL,Border Flow,-572.0,-549.0,-477.0,GdsrNGTLImperial20260518.csv
2026-05-18,2026-05-19,OTHER_BORDERS,Border Flow,-431.0,-461.0,-484.0,GdsrNGTLImperial20260518.csv
2026-05-18,2026-05-19,GORDONDALE,Interconnect Flow,83.0,77.0,74.0,GdsrNGTLImperial20260518.csv
2026-05-18,2026-05-19,GROUNDBIRCH_EAST,Interconnect Flow,189.0,190.0,116.0,GdsrNGTLImperial20260518.csv
2026-05-18,2026-05-19,WILLOW_VALLEY,Interconnect Flow,-162.0,-162.0,-154.0,GdsrNGTLImperial20260518.csv
2026-05-18,2026-05-19,INTRAPROVINCIAL,Internal Delivery,-10335.0,-5509.0,-9909.0,GdsrNGTLImperial20260518.csv
2026-05-18,2026-05-19,TOTAL_NET_STORAGE,Storage,-1199.0,-1205.0,-638.0,GdsrNGTLImperial20260518.csv
2026-05-18,2026-05-19,TOTAL_STORAGE_DELIVERIES,Storage,-2439.0,-1205.0,-1821.0,GdsrNGTLImperial20260518.csv
2026-05-18,2026-05-19,TOTAL_STORAGE_RECEIPTS,Storage,1240.0,0.0,1183.0,GdsrNGTLImperial20260518.csv
2026-05-18,2026-05-19,TOTAL_NGTL_DELIVERIES,System Total,-20289.0,-14223.0,-19264.0,GdsrNGTLImperial20260518.csv
2026-05-18,2026-05-19,TOTAL_NGTL_RECEIPTS,System Total,24558.0,14128.0,24426.0,GdsrNGTLImperial20260518.csv
2026-05-18,2026-05-19,TOTAL_STORAGE_AND_INTRAPROVINCIAL,System Total,-12774.0,-6715.0,-11730.0,GdsrNGTLImperial20260518.csv
2026-05-19,2026-05-20,ALBERTA_BC,Border Flow,-1995.0,-1996.0,-2119.0,GdsrNGTLImperial20260519.csv
2026-05-19,2026-05-20,EMPRESS,Border Flow,-4443.0,-4456.0,-4291.0,GdsrNGTLImperial20260519.csv
2026-05-19,2026-05-20,MCNEILL,Border Flow,-554.0,-509.0,-555.0,GdsrNGTLImperial20260519.csv
2026-05-19,2026-05-20,OTHER_BORDERS,Border Flow,-444.0,-439.0,-445.0,GdsrNGTLImperial20260519.csv
2026-05-19,2026-05-20,GORDONDALE,Interconnect Flow,90.0,26.0,86.0,GdsrNGTLImperial20260519.csv
2026-05-19,2026-05-20,GROUNDBIRCH_EAST,Interconnect Flow,144.0,149.0,114.0,GdsrNGTLImperial20260519.csv
2026-05-19,2026-05-20,WILLOW_VALLEY,Interconnect Flow,-125.0,-125.0,-141.0,GdsrNGTLImperial20260519.csv
2026-05-19,2026-05-20,INTRAPROVINCIAL,Internal Delivery,-10312.0,-5457.0,-9913.0,GdsrNGTLImperial20260519.csv
2026-05-19,2026-05-20,TOTAL_NET_STORAGE,Storage,-938.0,-1035.0,-326.0,GdsrNGTLImperial20260519.csv
2026-05-19,2026-05-20,TOTAL_STORAGE_DELIVERIES,Storage,-2432.0,-1035.0,-1517.0,GdsrNGTLImperial20260519.csv
2026-05-19,2026-05-20,TOTAL_STORAGE_RECEIPTS,Storage,1494.0,0.0,1191.0,GdsrNGTLImperial20260519.csv
2026-05-19,2026-05-20,TOTAL_NGTL_DELIVERIES,System Total,-20305.0,-14016.0,-18980.0,GdsrNGTLImperial20260519.csv
2026-05-19,2026-05-20,TOTAL_NGTL_RECEIPTS,System Total,24784.0,13714.0,24477.0,GdsrNGTLImperial20260519.csv
2026-05-19,2026-05-20,TOTAL_STORAGE_AND_INTRAPROVINCIAL,System Total,-12745.0,-6492.0,-11430.0,GdsrNGTLImperial20260519.csv
2026-05-20,2026-05-21,ALBERTA_BC,Border Flow,-2100.0,-2111.0,-1930.0,GdsrNGTLImperial20260520.csv
2026-05-20,2026-05-21,EMPRESS,Border Flow,-4394.0,-4402.0,-4271.0,GdsrNGTLImperial20260520.csv
2026-05-20,2026-05-21,MCNEILL,Border Flow,-455.0,-485.0,-459.0,GdsrNGTLImperial20260520.csv
2026-05-20,2026-05-21,OTHER_BORDERS,Border Flow,-388.0,-438.0,-443.0,GdsrNGTLImperial20260520.csv
2026-05-20,2026-05-21,GORDONDALE,Interconnect Flow,85.0,114.0,77.0,GdsrNGTLImperial20260520.csv
2026-05-20,2026-05-21,GROUNDBIRCH_EAST,Interconnect Flow,114.0,121.0,108.0,GdsrNGTLImperial20260520.csv
2026-05-20,2026-05-21,WILLOW_VALLEY,Interconnect Flow,-138.0,-138.0,-138.0,GdsrNGTLImperial20260520.csv
2026-05-20,2026-05-21,INTRAPROVINCIAL,Internal Delivery,-10326.0,-5518.0,-9902.0,GdsrNGTLImperial20260520.csv
2026-05-20,2026-05-21,TOTAL_NET_STORAGE,Storage,-96.0,-311.0,-607.0,GdsrNGTLImperial20260520.csv
2026-05-20,2026-05-21,TOTAL_STORAGE_DELIVERIES,Storage,-1595.0,-322.0,-1570.0,GdsrNGTLImperial20260520.csv
2026-05-20,2026-05-21,TOTAL_STORAGE_RECEIPTS,Storage,1499.0,12.0,963.0,GdsrNGTLImperial20260520.csv
2026-05-20,2026-05-21,TOTAL_NGTL_DELIVERIES,System Total,-19395.0,-13415.0,-18714.0,GdsrNGTLImperial20260520.csv
2026-05-20,2026-05-21,TOTAL_NGTL_RECEIPTS,System Total,24782.0,13625.0,24233.0,GdsrNGTLImperial20260520.csv
2026-05-20,2026-05-21,TOTAL_STORAGE_AND_INTRAPROVINCIAL,System Total,-11921.0,-5841.0,-11472.0,GdsrNGTLImperial20260520.csv
2026-05-21,2026-05-22,ALBERTA_BC,Border Flow,-1952.0,-1964.0,-2134.0,GdsrNGTLImperial20260521.csv
2026-05-21,2026-05-22,EMPRESS,Border Flow,-4429.0,-4452.0,-4295.0,GdsrNGTLImperial20260521.csv
2026-05-21,2026-05-22,MCNEILL,Border Flow,-593.0,-574.0,-547.0,GdsrNGTLImperial20260521.csv
2026-05-21,2026-05-22,OTHER_BORDERS,Border Flow,-377.0,-411.0,-483.0,GdsrNGTLImperial20260521.csv
2026-05-21,2026-05-22,GORDONDALE,Interconnect Flow,77.0,93.0,85.0,GdsrNGTLImperial20260521.csv
2026-05-21,2026-05-22,GROUNDBIRCH_EAST,Interconnect Flow,110.0,105.0,108.0,GdsrNGTLImperial20260521.csv
2026-05-21,2026-05-22,WILLOW_VALLEY,Interconnect Flow,-146.0,-146.0,-146.0,GdsrNGTLImperial20260521.csv
2026-05-21,2026-05-22,INTRAPROVINCIAL,Internal Delivery,-10304.0,-5362.0,-9876.0,GdsrNGTLImperial20260521.csv
2026-05-21,2026-05-22,TOTAL_NET_STORAGE,Storage,-629.0,-524.0,-677.0,GdsrNGTLImperial20260521.csv
2026-05-21,2026-05-22,TOTAL_STORAGE_DELIVERIES,Storage,-1747.0,-524.0,-1708.0,GdsrNGTLImperial20260521.csv
2026-05-21,2026-05-22,TOTAL_STORAGE_RECEIPTS,Storage,1117.0,0.0,1032.0,GdsrNGTLImperial20260521.csv
2026-05-21,2026-05-22,TOTAL_NGTL_DELIVERIES,System Total,-19547.0,-13433.0,-19190.0,GdsrNGTLImperial20260521.csv
2026-05-21,2026-05-22,TOTAL_NGTL_RECEIPTS,System Total,24385.0,13667.0,24319.0,GdsrNGTLImperial20260521.csv
2026-05-21,2026-05-22,TOTAL_STORAGE_AND_INTRAPROVINCIAL,System Total,-12050.0,-5886.0,-11584.0,GdsrNGTLImperial20260521.csv
2026-05-22,2026-05-23,ALBERTA_BC,Border Flow,-2115.0,-2127.0,-2019.0,GdsrNGTLImperial20260522.csv
2026-05-22,2026-05-23,EMPRESS,Border Flow,-4297.0,-4318.0,-4233.0,GdsrNGTLImperial20260522.csv
2026-05-22,2026-05-23,MCNEILL,Border Flow,-576.0,-602.0,-567.0,GdsrNGTLImperial20260522.csv
2026-05-22,2026-05-23,OTHER_BORDERS,Border Flow,-400.0,-399.0,-390.0,GdsrNGTLImperial20260522.csv
2026-05-22,2026-05-23,GORDONDALE,Interconnect Flow,85.0,105.0,86.0,GdsrNGTLImperial20260522.csv
2026-05-22,2026-05-23,GROUNDBIRCH_EAST,Interconnect Flow,109.0,100.0,110.0,GdsrNGTLImperial20260522.csv
2026-05-22,2026-05-23,WILLOW_VALLEY,Interconnect Flow,-154.0,-154.0,-123.0,GdsrNGTLImperial20260522.csv
2026-05-22,2026-05-23,INTRAPROVINCIAL,Internal Delivery,-10311.0,-5281.0,-9842.0,GdsrNGTLImperial20260522.csv
2026-05-22,2026-05-23,TOTAL_NET_STORAGE,Storage,-745.0,-749.0,-868.0,GdsrNGTLImperial20260522.csv
2026-05-22,2026-05-23,TOTAL_STORAGE_DELIVERIES,Storage,-1994.0,-749.0,-1830.0,GdsrNGTLImperial20260522.csv
2026-05-22,2026-05-23,TOTAL_STORAGE_RECEIPTS,Storage,1249.0,0.0,962.0,GdsrNGTLImperial20260522.csv
2026-05-22,2026-05-23,TOTAL_NGTL_DELIVERIES,System Total,-19915.0,-13630.0,-19005.0,GdsrNGTLImperial20260522.csv
2026-05-22,2026-05-23,TOTAL_NGTL_RECEIPTS,System Total,24602.0,13668.0,24246.0,GdsrNGTLImperial20260522.csv
2026-05-22,2026-05-23,TOTAL_STORAGE_AND_INTRAPROVINCIAL,System Total,-12305.0,-6030.0,-11672.0,GdsrNGTLImperial20260522.csv
2026-05-23,2026-05-24,ALBERTA_BC,Border Flow,-2021.0,-2023.0,-2015.0,GdsrNGTLImperial20260523.csv
2026-05-23,2026-05-24,EMPRESS,Border Flow,-4220.0,-4242.0,-4239.0,GdsrNGTLImperial20260523.csv
2026-05-23,2026-05-24,MCNEILL,Border Flow,-537.0,-541.0,-543.0,GdsrNGTLImperial20260523.csv
2026-05-23,2026-05-24,OTHER_BORDERS,Border Flow,-392.0,-406.0,-392.0,GdsrNGTLImperial20260523.csv
2026-05-23,2026-05-24,GORDONDALE,Interconnect Flow,86.0,84.0,86.0,GdsrNGTLImperial20260523.csv
2026-05-23,2026-05-24,GROUNDBIRCH_EAST,Interconnect Flow,109.0,103.0,109.0,GdsrNGTLImperial20260523.csv
2026-05-23,2026-05-24,WILLOW_VALLEY,Interconnect Flow,-121.0,-121.0,-253.0,GdsrNGTLImperial20260523.csv
2026-05-23,2026-05-24,INTRAPROVINCIAL,Internal Delivery,-10270.0,-5069.0,-9831.0,GdsrNGTLImperial20260523.csv
2026-05-23,2026-05-24,TOTAL_NET_STORAGE,Storage,-1108.0,-1091.0,-674.0,GdsrNGTLImperial20260523.csv
2026-05-23,2026-05-24,TOTAL_STORAGE_DELIVERIES,Storage,-2301.0,-1091.0,-1637.0,GdsrNGTLImperial20260523.csv
2026-05-23,2026-05-24,TOTAL_STORAGE_RECEIPTS,Storage,1193.0,0.0,963.0,GdsrNGTLImperial20260523.csv
2026-05-23,2026-05-24,TOTAL_NGTL_DELIVERIES,System Total,-19976.0,-13494.0,-18909.0,GdsrNGTLImperial20260523.csv
2026-05-23,2026-05-24,TOTAL_NGTL_RECEIPTS,System Total,24591.0,13519.0,24248.0,GdsrNGTLImperial20260523.csv
2026-05-23,2026-05-24,TOTAL_STORAGE_AND_INTRAPROVINCIAL,System Total,-12571.0,-6160.0,-11467.0,GdsrNGTLImperial20260523.csv
2026-05-24,2026-05-25,ALBERTA_BC,Border Flow,-1999.0,-2033.0,-2015.0,GdsrNGTLImperial20260524.csv
2026-05-24,2026-05-25,EMPRESS,Border Flow,-4301.0,-4284.0,-4229.0,GdsrNGTLImperial20260524.csv
2026-05-24,2026-05-25,MCNEILL,Border Flow,-526.0,-530.0,-617.0,GdsrNGTLImperial20260524.csv
2026-05-24,2026-05-25,OTHER_BORDERS,Border Flow,-389.0,-408.0,-389.0,GdsrNGTLImperial20260524.csv
2026-05-24,2026-05-25,GORDONDALE,Interconnect Flow,86.0,101.0,86.0,GdsrNGTLImperial20260524.csv
2026-05-24,2026-05-25,GROUNDBIRCH_EAST,Interconnect Flow,109.0,94.0,109.0,GdsrNGTLImperial20260524.csv
2026-05-24,2026-05-25,WILLOW_VALLEY,Interconnect Flow,-256.0,-256.0,-137.0,GdsrNGTLImperial20260524.csv
2026-05-24,2026-05-25,INTRAPROVINCIAL,Internal Delivery,-10270.0,-5057.0,-9841.0,GdsrNGTLImperial20260524.csv
2026-05-24,2026-05-25,TOTAL_NET_STORAGE,Storage,-671.0,-712.0,-627.0,GdsrNGTLImperial20260524.csv
2026-05-24,2026-05-25,TOTAL_STORAGE_DELIVERIES,Storage,-1794.0,-712.0,-1623.0,GdsrNGTLImperial20260524.csv
2026-05-24,2026-05-25,TOTAL_STORAGE_RECEIPTS,Storage,1122.0,0.0,996.0,GdsrNGTLImperial20260524.csv
2026-05-24,2026-05-25,TOTAL_NGTL_DELIVERIES,System Total,-19533.0,-13281.0,-18851.0,GdsrNGTLImperial20260524.csv
2026-05-24,2026-05-25,TOTAL_NGTL_RECEIPTS,System Total,24407.0,13118.0,24290.0,GdsrNGTLImperial20260524.csv
2026-05-24,2026-05-25,TOTAL_STORAGE_AND_INTRAPROVINCIAL,System Total,-12064.0,-5770.0,-11464.0,GdsrNGTLImperial20260524.csv
2026-05-25,2026-05-26,ALBERTA_BC,Border Flow,-2022.0,-2036.0,-2010.0,GdsrNGTLImperial20260525.csv
2026-05-25,2026-05-26,EMPRESS,Border Flow,-4316.0,-4273.0,-4210.0,GdsrNGTLImperial20260525.csv
2026-05-25,2026-05-26,MCNEILL,Border Flow,-518.0,-514.0,-600.0,GdsrNGTLImperial20260525.csv
2026-05-25,2026-05-26,OTHER_BORDERS,Border Flow,-403.0,-406.0,-467.0,GdsrNGTLImperial20260525.csv
2026-05-25,2026-05-26,GORDONDALE,Interconnect Flow,115.0,95.0,86.0,GdsrNGTLImperial20260525.csv
2026-05-25,2026-05-26,GROUNDBIRCH_EAST,Interconnect Flow,131.0,155.0,108.0,GdsrNGTLImperial20260525.csv
2026-05-25,2026-05-26,WILLOW_VALLEY,Interconnect Flow,-122.0,-123.0,-141.0,GdsrNGTLImperial20260525.csv
2026-05-25,2026-05-26,INTRAPROVINCIAL,Internal Delivery,-10301.0,-5155.0,-9876.0,GdsrNGTLImperial20260525.csv
2026-05-25,2026-05-26,TOTAL_NET_STORAGE,Storage,-416.0,-620.0,-305.0,GdsrNGTLImperial20260525.csv
2026-05-25,2026-05-26,TOTAL_STORAGE_DELIVERIES,Storage,-1793.0,-620.0,-1442.0,GdsrNGTLImperial20260525.csv
2026-05-25,2026-05-26,TOTAL_STORAGE_RECEIPTS,Storage,1377.0,0.0,1137.0,GdsrNGTLImperial20260525.csv
2026-05-25,2026-05-26,TOTAL_NGTL_DELIVERIES,System Total,-19475.0,-13126.0,-18746.0,GdsrNGTLImperial20260525.csv
2026-05-25,2026-05-26,TOTAL_NGTL_RECEIPTS,System Total,24722.0,12881.0,24434.0,GdsrNGTLImperial20260525.csv
2026-05-25,2026-05-26,TOTAL_STORAGE_AND_INTRAPROVINCIAL,System Total,-12094.0,-5775.0,-11318.0,GdsrNGTLImperial20260525.csv
2026-05-26,2026-05-27,ALBERTA_BC,Border Flow,-2019.0,-2027.0,-2003.0,GdsrNGTLImperial20260526.csv
2026-05-26,2026-05-27,EMPRESS,Border Flow,-4310.0,-4333.0,-4313.0,GdsrNGTLImperial20260526.csv
2026-05-26,2026-05-27,MCNEILL,Border Flow,-501.0,-459.0,-592.0,GdsrNGTLImperial20260526.csv
2026-05-26,2026-05-27,OTHER_BORDERS,Border Flow,-380.0,-398.0,-443.0,GdsrNGTLImperial20260526.csv
2026-05-26,2026-05-27,GORDONDALE,Interconnect Flow,146.0,128.0,82.0,GdsrNGTLImperial20260526.csv
2026-05-26,2026-05-27,GROUNDBIRCH_EAST,Interconnect Flow,132.0,125.0,108.0,GdsrNGTLImperial20260526.csv
2026-05-26,2026-05-27,WILLOW_VALLEY,Interconnect Flow,-141.0,-141.0,-170.0,GdsrNGTLImperial20260526.csv
2026-05-26,2026-05-27,INTRAPROVINCIAL,Internal Delivery,-10273.0,-5106.0,-9904.0,GdsrNGTLImperial20260526.csv
2026-05-26,2026-05-27,TOTAL_NET_STORAGE,Storage,-191.0,-63.0,-443.0,GdsrNGTLImperial20260526.csv
2026-05-26,2026-05-27,TOTAL_STORAGE_DELIVERIES,Storage,-1515.0,-285.0,-1490.0,GdsrNGTLImperial20260526.csv
2026-05-26,2026-05-27,TOTAL_STORAGE_RECEIPTS,Storage,1323.0,222.0,1047.0,GdsrNGTLImperial20260526.csv
2026-05-26,2026-05-27,TOTAL_NGTL_DELIVERIES,System Total,-19138.0,-12749.0,-18914.0,GdsrNGTLImperial20260526.csv
2026-05-26,2026-05-27,TOTAL_NGTL_RECEIPTS,System Total,24421.0,13234.0,24350.0,GdsrNGTLImperial20260526.csv
2026-05-26,2026-05-27,TOTAL_STORAGE_AND_INTRAPROVINCIAL,System Total,-11787.0,-5391.0,-11394.0,GdsrNGTLImperial20260526.csv
2026-05-27,2026-05-28,ALBERTA_BC,Border Flow,-2057.0,-2019.0,-2198.0,GdsrNGTLImperial20260527.csv
2026-05-27,2026-05-28,EMPRESS,Border Flow,-4344.0,-4244.0,-4318.0,GdsrNGTLImperial20260527.csv
2026-05-27,2026-05-28,MCNEILL,Border Flow,-509.0,-473.0,-549.0,GdsrNGTLImperial20260527.csv
2026-05-27,2026-05-28,OTHER_BORDERS,Border Flow,-342.0,-369.0,-488.0,GdsrNGTLImperial20260527.csv
2026-05-27,2026-05-28,GORDONDALE,Interconnect Flow,136.0,134.0,123.0,GdsrNGTLImperial20260527.csv
2026-05-27,2026-05-28,GROUNDBIRCH_EAST,Interconnect Flow,108.0,110.0,107.0,GdsrNGTLImperial20260527.csv
2026-05-27,2026-05-28,WILLOW_VALLEY,Interconnect Flow,-167.0,-169.0,-147.0,GdsrNGTLImperial20260527.csv
2026-05-27,2026-05-28,INTRAPROVINCIAL,Internal Delivery,-10319.0,-5361.0,-9910.0,GdsrNGTLImperial20260527.csv
2026-05-27,2026-05-28,TOTAL_NET_STORAGE,Storage,-332.0,-309.0,-327.0,GdsrNGTLImperial20260527.csv
2026-05-27,2026-05-28,TOTAL_STORAGE_DELIVERIES,Storage,-1517.0,-350.0,-1317.0,GdsrNGTLImperial20260527.csv
2026-05-27,2026-05-28,TOTAL_STORAGE_RECEIPTS,Storage,1185.0,41.0,990.0,GdsrNGTLImperial20260527.csv
2026-05-27,2026-05-28,TOTAL_NGTL_DELIVERIES,System Total,-19256.0,-12985.0,-18927.0,GdsrNGTLImperial20260527.csv
2026-05-27,2026-05-28,TOTAL_NGTL_RECEIPTS,System Total,24541.0,12861.0,24333.0,GdsrNGTLImperial20260527.csv
2026-05-27,2026-05-28,TOTAL_STORAGE_AND_INTRAPROVINCIAL,System Total,-11836.0,-5711.0,-11227.0,GdsrNGTLImperial20260527.csv
2026-05-28,2026-05-29,ALBERTA_BC,Border Flow,-2131.0,-2116.0,-1958.0,GdsrNGTLImperial20260528.csv
2026-05-28,2026-05-29,EMPRESS,Border Flow,-4380.0,-4277.0,-4256.0,GdsrNGTLImperial20260528.csv
2026-05-28,2026-05-29,MCNEILL,Border Flow,-422.0,-472.0,-501.0,GdsrNGTLImperial20260528.csv
2026-05-28,2026-05-29,OTHER_BORDERS,Border Flow,-360.0,-356.0,-478.0,GdsrNGTLImperial20260528.csv
2026-05-28,2026-05-29,GORDONDALE,Interconnect Flow,172.0,161.0,106.0,GdsrNGTLImperial20260528.csv
2026-05-28,2026-05-29,GROUNDBIRCH_EAST,Interconnect Flow,133.0,130.0,107.0,GdsrNGTLImperial20260528.csv
2026-05-28,2026-05-29,WILLOW_VALLEY,Interconnect Flow,-150.0,-150.0,-182.0,GdsrNGTLImperial20260528.csv
2026-05-28,2026-05-29,INTRAPROVINCIAL,Internal Delivery,-10283.0,-5315.0,-9864.0,GdsrNGTLImperial20260528.csv
2026-05-28,2026-05-29,TOTAL_NET_STORAGE,Storage,-92.0,-143.0,-409.0,GdsrNGTLImperial20260528.csv
2026-05-28,2026-05-29,TOTAL_STORAGE_DELIVERIES,Storage,-1301.0,-253.0,-1440.0,GdsrNGTLImperial20260528.csv
2026-05-28,2026-05-29,TOTAL_STORAGE_RECEIPTS,Storage,1209.0,110.0,1030.0,GdsrNGTLImperial20260528.csv
2026-05-28,2026-05-29,TOTAL_NGTL_DELIVERIES,System Total,-19027.0,-12939.0,-18678.0,GdsrNGTLImperial20260528.csv
2026-05-28,2026-05-29,TOTAL_NGTL_RECEIPTS,System Total,24626.0,12982.0,24356.0,GdsrNGTLImperial20260528.csv
2026-05-28,2026-05-29,TOTAL_STORAGE_AND_INTRAPROVINCIAL,System Total,-11584.0,-5568.0,-11303.0,GdsrNGTLImperial20260528.csv
2026-05-29,2026-05-30,ALBERTA_BC,Border Flow,-1918.0,-1965.0,-1958.0,GdsrNGTLImperial20260529.csv
2026-05-29,2026-05-30,EMPRESS,Border Flow,-4354.0,-4359.0,-4265.0,GdsrNGTLImperial20260529.csv
2026-05-29,2026-05-30,MCNEILL,Border Flow,-543.0,-493.0,-494.0,GdsrNGTLImperial20260529.csv
2026-05-29,2026-05-30,OTHER_BORDERS,Border Flow,-363.0,-353.0,-363.0,GdsrNGTLImperial20260529.csv
2026-05-29,2026-05-30,GORDONDALE,Interconnect Flow,183.0,168.0,124.0,GdsrNGTLImperial20260529.csv
2026-05-29,2026-05-30,GROUNDBIRCH_EAST,Interconnect Flow,134.0,102.0,108.0,GdsrNGTLImperial20260529.csv
2026-05-29,2026-05-30,WILLOW_VALLEY,Interconnect Flow,-184.0,-185.0,-216.0,GdsrNGTLImperial20260529.csv
2026-05-29,2026-05-30,INTRAPROVINCIAL,Internal Delivery,-10226.0,-5090.0,-9811.0,GdsrNGTLImperial20260529.csv
2026-05-29,2026-05-30,TOTAL_NET_STORAGE,Storage,-95.0,-170.0,-294.0,GdsrNGTLImperial20260529.csv
2026-05-29,2026-05-30,TOTAL_STORAGE_DELIVERIES,Storage,-1449.0,-347.0,-1451.0,GdsrNGTLImperial20260529.csv
2026-05-29,2026-05-30,TOTAL_STORAGE_RECEIPTS,Storage,1354.0,177.0,1157.0,GdsrNGTLImperial20260529.csv
2026-05-29,2026-05-30,TOTAL_NGTL_DELIVERIES,System Total,-19038.0,-12792.0,-18558.0,GdsrNGTLImperial20260529.csv
2026-05-29,2026-05-30,TOTAL_NGTL_RECEIPTS,System Total,24783.0,13065.0,24502.0,GdsrNGTLImperial20260529.csv
2026-05-29,2026-05-30,TOTAL_STORAGE_AND_INTRAPROVINCIAL,System Total,-11675.0,-5437.0,-11263.0,GdsrNGTLImperial20260529.csv
2026-05-30,2026-05-31,ALBERTA_BC,Border Flow,-1940.0,-1930.0,-1883.0,GdsrNGTLImperial20260530.csv
2026-05-30,2026-05-31,EMPRESS,Border Flow,-4343.0,-4361.0,-4275.0,GdsrNGTLImperial20260530.csv
2026-05-30,2026-05-31,MCNEILL,Border Flow,-501.0,-490.0,-515.0,GdsrNGTLImperial20260530.csv
2026-05-30,2026-05-31,OTHER_BORDERS,Border Flow,-363.0,-352.0,-363.0,GdsrNGTLImperial20260530.csv
2026-05-30,2026-05-31,GORDONDALE,Interconnect Flow,149.0,137.0,124.0,GdsrNGTLImperial20260530.csv
2026-05-30,2026-05-31,GROUNDBIRCH_EAST,Interconnect Flow,107.0,112.0,107.0,GdsrNGTLImperial20260530.csv
2026-05-30,2026-05-31,WILLOW_VALLEY,Interconnect Flow,-129.0,-131.0,-189.0,GdsrNGTLImperial20260530.csv
2026-05-30,2026-05-31,INTRAPROVINCIAL,Internal Delivery,-10246.0,-5135.0,-9814.0,GdsrNGTLImperial20260530.csv
2026-05-30,2026-05-31,TOTAL_NET_STORAGE,Storage,-333.0,-302.0,-1013.0,GdsrNGTLImperial20260530.csv
2026-05-30,2026-05-31,TOTAL_STORAGE_DELIVERIES,Storage,-1814.0,-519.0,-2110.0,GdsrNGTLImperial20260530.csv
2026-05-30,2026-05-31,TOTAL_STORAGE_RECEIPTS,Storage,1481.0,217.0,1097.0,GdsrNGTLImperial20260530.csv
2026-05-30,2026-05-31,TOTAL_NGTL_DELIVERIES,System Total,-19337.0,-12917.0,-19149.0,GdsrNGTLImperial20260530.csv
2026-05-30,2026-05-31,TOTAL_NGTL_RECEIPTS,System Total,24709.0,13439.0,24429.0,GdsrNGTLImperial20260530.csv
2026-05-30,2026-05-31,TOTAL_STORAGE_AND_INTRAPROVINCIAL,System Total,-12061.0,-5654.0,-11925.0,GdsrNGTLImperial20260530.csv
2026-05-31,2026-06-01,ALBERTA_BC,Border Flow,-1938.0,-1931.0,-1955.0,GdsrNGTLImperial20260531.csv
2026-05-31,2026-06-01,EMPRESS,Border Flow,-4332.0,-4375.0,-4224.0,GdsrNGTLImperial20260531.csv
2026-05-31,2026-06-01,MCNEILL,Border Flow,-482.0,-428.0,-558.0,GdsrNGTLImperial20260531.csv
2026-05-31,2026-06-01,OTHER_BORDERS,Border Flow,-362.0,-369.0,-492.0,GdsrNGTLImperial20260531.csv
2026-05-31,2026-06-01,GORDONDALE,Interconnect Flow,225.0,238.0,0.0,GdsrNGTLImperial20260531.csv
2026-05-31,2026-06-01,GROUNDBIRCH_EAST,Interconnect Flow,145.0,136.0,134.0,GdsrNGTLImperial20260531.csv
2026-05-31,2026-06-01,WILLOW_VALLEY,Interconnect Flow,-48.0,-48.0,-189.0,GdsrNGTLImperial20260531.csv
2026-05-31,2026-06-01,INTRAPROVINCIAL,Internal Delivery,-10236.0,-5456.0,-9895.0,GdsrNGTLImperial20260531.csv
2026-05-31,2026-06-01,TOTAL_NET_STORAGE,Storage,-1749.0,-1634.0,-477.0,GdsrNGTLImperial20260531.csv
2026-05-31,2026-06-01,TOTAL_STORAGE_DELIVERIES,Storage,-3115.0,-1634.0,-1489.0,GdsrNGTLImperial20260531.csv
2026-05-31,2026-06-01,TOTAL_STORAGE_RECEIPTS,Storage,1366.0,0.0,1013.0,GdsrNGTLImperial20260531.csv
2026-05-31,2026-06-01,TOTAL_NGTL_DELIVERIES,System Total,-20513.0,-14241.0,-18802.0,GdsrNGTLImperial20260531.csv
2026-05-31,2026-06-01,TOTAL_NGTL_RECEIPTS,System Total,24836.0,13990.0,24231.0,GdsrNGTLImperial20260531.csv
2026-05-31,2026-06-01,TOTAL_STORAGE_AND_INTRAPROVINCIAL,System Total,-13351.0,-7090.0,-11384.0,GdsrNGTLImperial20260531.csv
2026-06-01,2026-06-02,ALBERTA_BC,Border Flow,-1917.0,-1896.0,-1830.0,GdsrNGTLImperial20260601.csv
2026-06-01,2026-06-02,EMPRESS,Border Flow,-4303.0,-4377.0,-4195.0,GdsrNGTLImperial20260601.csv
2026-06-01,2026-06-02,MCNEILL,Border Flow,-535.0,-544.0,-602.0,GdsrNGTLImperial20260601.csv
2026-06-01,2026-06-02,OTHER_BORDERS,Border Flow,-390.0,-377.0,-423.0,GdsrNGTLImperial20260601.csv
2026-06-01,2026-06-02,GORDONDALE,Interconnect Flow,0.0,26.0,0.0,GdsrNGTLImperial20260601.csv
2026-06-01,2026-06-02,GROUNDBIRCH_EAST,Interconnect Flow,364.0,322.0,135.0,GdsrNGTLImperial20260601.csv
2026-06-01,2026-06-02,WILLOW_VALLEY,Interconnect Flow,-172.0,-173.0,-329.0,GdsrNGTLImperial20260601.csv
2026-06-01,2026-06-02,INTRAPROVINCIAL,Internal Delivery,-10296.0,-5249.0,-9916.0,GdsrNGTLImperial20260601.csv
2026-06-01,2026-06-02,TOTAL_NET_STORAGE,Storage,-668.0,-788.0,-504.0,GdsrNGTLImperial20260601.csv
2026-06-01,2026-06-02,TOTAL_STORAGE_DELIVERIES,Storage,-1692.0,-788.0,-1561.0,GdsrNGTLImperial20260601.csv
2026-06-01,2026-06-02,TOTAL_STORAGE_RECEIPTS,Storage,1024.0,0.0,1058.0,GdsrNGTLImperial20260601.csv
2026-06-01,2026-06-02,TOTAL_NGTL_DELIVERIES,System Total,-19306.0,-13404.0,-18857.0,GdsrNGTLImperial20260601.csv
2026-06-01,2026-06-02,TOTAL_NGTL_RECEIPTS,System Total,24442.0,12958.0,24257.0,GdsrNGTLImperial20260601.csv
2026-06-01,2026-06-02,TOTAL_STORAGE_AND_INTRAPROVINCIAL,System Total,-11989.0,-6037.0,-11478.0,GdsrNGTLImperial20260601.csv
2026-06-02,2026-06-03,ALBERTA_BC,Border Flow,-1815.0,-1833.0,-1989.0,GdsrNGTLImperial20260602.csv
2026-06-02,2026-06-03,EMPRESS,Border Flow,-4199.0,-4232.0,-4150.0,GdsrNGTLImperial20260602.csv
2026-06-02,2026-06-03,MCNEILL,Border Flow,-553.0,-580.0,-556.0,GdsrNGTLImperial20260602.csv
2026-06-02,2026-06-03,OTHER_BORDERS,Border Flow,-386.0,-379.0,-386.0,GdsrNGTLImperial20260602.csv
2026-06-02,2026-06-03,GORDONDALE,Interconnect Flow,0.0,0.0,0.0,GdsrNGTLImperial20260602.csv
2026-06-02,2026-06-03,GROUNDBIRCH_EAST,Interconnect Flow,367.0,350.0,141.0,GdsrNGTLImperial20260602.csv
2026-06-02,2026-06-03,WILLOW_VALLEY,Interconnect Flow,-97.0,-99.0,-122.0,GdsrNGTLImperial20260602.csv
2026-06-02,2026-06-03,INTRAPROVINCIAL,Internal Delivery,-10278.0,-5412.0,-9907.0,GdsrNGTLImperial20260602.csv
2026-06-02,2026-06-03,TOTAL_NET_STORAGE,Storage,-564.0,-656.0,-400.0,GdsrNGTLImperial20260602.csv
2026-06-02,2026-06-03,TOTAL_STORAGE_DELIVERIES,Storage,-1719.0,-656.0,-1409.0,GdsrNGTLImperial20260602.csv
2026-06-02,2026-06-03,TOTAL_STORAGE_RECEIPTS,Storage,1155.0,0.0,1008.0,GdsrNGTLImperial20260602.csv
2026-06-02,2026-06-03,TOTAL_NGTL_DELIVERIES,System Total,-19136.0,-13191.0,-18518.0,GdsrNGTLImperial20260602.csv
2026-06-02,2026-06-03,TOTAL_NGTL_RECEIPTS,System Total,24647.0,13331.0,24215.0,GdsrNGTLImperial20260602.csv
2026-06-02,2026-06-03,TOTAL_STORAGE_AND_INTRAPROVINCIAL,System Total,-11998.0,-6068.0,-11315.0,GdsrNGTLImperial20260602.csv
2026-06-03,2026-06-04,ALBERTA_BC,Border Flow,-1964.0,-1978.0,-2128.0,GdsrNGTLImperial20260603.csv
2026-06-03,2026-06-04,EMPRESS,Border Flow,-4243.0,-4268.0,-4166.0,GdsrNGTLImperial20260603.csv
2026-06-03,2026-06-04,MCNEILL,Border Flow,-519.0,-544.0,-562.0,GdsrNGTLImperial20260603.csv
2026-06-03,2026-06-04,OTHER_BORDERS,Border Flow,-342.0,-369.0,-396.0,GdsrNGTLImperial20260603.csv
2026-06-03,2026-06-04,GORDONDALE,Interconnect Flow,0.0,0.0,0.0,GdsrNGTLImperial20260603.csv
2026-06-03,2026-06-04,GROUNDBIRCH_EAST,Interconnect Flow,325.0,299.0,182.0,GdsrNGTLImperial20260603.csv
2026-06-03,2026-06-04,WILLOW_VALLEY,Interconnect Flow,-330.0,-327.0,-318.0,GdsrNGTLImperial20260603.csv
2026-06-03,2026-06-04,INTRAPROVINCIAL,Internal Delivery,-10288.0,-5667.0,-9875.0,GdsrNGTLImperial20260603.csv
2026-06-03,2026-06-04,TOTAL_NET_STORAGE,Storage,-347.0,-592.0,-31.0,GdsrNGTLImperial20260603.csv
2026-06-03,2026-06-04,TOTAL_STORAGE_DELIVERIES,Storage,-1524.0,-592.0,-1262.0,GdsrNGTLImperial20260603.csv
2026-06-03,2026-06-04,TOTAL_STORAGE_RECEIPTS,Storage,1176.0,0.0,1231.0,GdsrNGTLImperial20260603.csv
2026-06-03,2026-06-04,TOTAL_NGTL_DELIVERIES,System Total,-19210.0,-13745.0,-18708.0,GdsrNGTLImperial20260603.csv
2026-06-03,2026-06-04,TOTAL_NGTL_RECEIPTS,System Total,24547.0,13059.0,24490.0,GdsrNGTLImperial20260603.csv
2026-06-03,2026-06-04,TOTAL_STORAGE_AND_INTRAPROVINCIAL,System Total,-11812.0,-6258.0,-11138.0,GdsrNGTLImperial20260603.csv
2026-06-04,2026-06-05,ALBERTA_BC,Border Flow,-2126.0,-2138.0,-1860.0,GdsrNGTLImperial20260604.csv
2026-06-04,2026-06-05,EMPRESS,Border Flow,-4242.0,-4259.0,-4181.0,GdsrNGTLImperial20260604.csv
2026-06-04,2026-06-05,MCNEILL,Border Flow,-515.0,-531.0,-560.0,GdsrNGTLImperial20260604.csv
2026-06-04,2026-06-05,OTHER_BORDERS,Border Flow,-342.0,-368.0,-388.0,GdsrNGTLImperial20260604.csv
2026-06-04,2026-06-05,GORDONDALE,Interconnect Flow,0.0,0.0,0.0,GdsrNGTLImperial20260604.csv
2026-06-04,2026-06-05,GROUNDBIRCH_EAST,Interconnect Flow,232.0,230.0,179.0,GdsrNGTLImperial20260604.csv
2026-06-04,2026-06-05,WILLOW_VALLEY,Interconnect Flow,-341.0,-341.0,-199.0,GdsrNGTLImperial20260604.csv
2026-06-04,2026-06-05,INTRAPROVINCIAL,Internal Delivery,-10276.0,-5292.0,-9904.0,GdsrNGTLImperial20260604.csv
2026-06-04,2026-06-05,TOTAL_NET_STORAGE,Storage,366.0,286.0,-365.0,GdsrNGTLImperial20260604.csv
2026-06-04,2026-06-05,TOTAL_STORAGE_DELIVERIES,Storage,-1278.0,-119.0,-1362.0,GdsrNGTLImperial20260604.csv
2026-06-04,2026-06-05,TOTAL_STORAGE_RECEIPTS,Storage,1644.0,405.0,997.0,GdsrNGTLImperial20260604.csv
2026-06-04,2026-06-05,TOTAL_NGTL_DELIVERIES,System Total,-19119.0,-13048.0,-18455.0,GdsrNGTLImperial20260604.csv
2026-06-04,2026-06-05,TOTAL_NGTL_RECEIPTS,System Total,24928.0,13378.0,24469.0,GdsrNGTLImperial20260604.csv
2026-06-04,2026-06-05,TOTAL_STORAGE_AND_INTRAPROVINCIAL,System Total,-11554.0,-5411.0,-11266.0,GdsrNGTLImperial20260604.csv
2026-06-05,2026-06-06,ALBERTA_BC,Border Flow,-1875.0,-1870.0,-1929.0,GdsrNGTLImperial20260605.csv
2026-06-05,2026-06-06,EMPRESS,Border Flow,-4256.0,-4297.0,-4151.0,GdsrNGTLImperial20260605.csv
2026-06-05,2026-06-06,MCNEILL,Border Flow,-569.0,-543.0,-556.0,GdsrNGTLImperial20260605.csv
2026-06-05,2026-06-06,OTHER_BORDERS,Border Flow,-343.0,-358.0,-369.0,GdsrNGTLImperial20260605.csv
2026-06-05,2026-06-06,GORDONDALE,Interconnect Flow,0.0,0.0,82.0,GdsrNGTLImperial20260605.csv
2026-06-05,2026-06-06,GROUNDBIRCH_EAST,Interconnect Flow,178.0,179.0,112.0,GdsrNGTLImperial20260605.csv
2026-06-05,2026-06-06,WILLOW_VALLEY,Interconnect Flow,-204.0,-204.0,-306.0,GdsrNGTLImperial20260605.csv
2026-06-05,2026-06-06,INTRAPROVINCIAL,Internal Delivery,-10269.0,-5237.0,-9906.0,GdsrNGTLImperial20260605.csv
2026-06-05,2026-06-06,TOTAL_NET_STORAGE,Storage,-481.0,-432.0,-580.0,GdsrNGTLImperial20260605.csv
2026-06-05,2026-06-06,TOTAL_STORAGE_DELIVERIES,Storage,-1840.0,-666.0,-1582.0,GdsrNGTLImperial20260605.csv
2026-06-05,2026-06-06,TOTAL_STORAGE_RECEIPTS,Storage,1359.0,234.0,1002.0,GdsrNGTLImperial20260605.csv
2026-06-05,2026-06-06,TOTAL_NGTL_DELIVERIES,System Total,-19357.0,-13176.0,-18800.0,GdsrNGTLImperial20260605.csv
2026-06-05,2026-06-06,TOTAL_NGTL_RECEIPTS,System Total,24803.0,13406.0,24502.0,GdsrNGTLImperial20260605.csv
2026-06-05,2026-06-06,TOTAL_STORAGE_AND_INTRAPROVINCIAL,System Total,-12110.0,-5903.0,-11488.0,GdsrNGTLImperial20260605.csv
2026-06-06,2026-06-07,ALBERTA_BC,Border Flow,-1942.0,-1943.0,-1968.0,GdsrNGTLImperial20260606.csv
2026-06-06,2026-06-07,EMPRESS,Border Flow,-4280.0,-4300.0,-4195.0,GdsrNGTLImperial20260606.csv
2026-06-06,2026-06-07,MCNEILL,Border Flow,-559.0,-573.0,-574.0,GdsrNGTLImperial20260606.csv
2026-06-06,2026-06-07,OTHER_BORDERS,Border Flow,-366.0,-349.0,-365.0,GdsrNGTLImperial20260606.csv
2026-06-06,2026-06-07,GORDONDALE,Interconnect Flow,81.0,82.0,80.0,GdsrNGTLImperial20260606.csv
2026-06-06,2026-06-07,GROUNDBIRCH_EAST,Interconnect Flow,145.0,147.0,113.0,GdsrNGTLImperial20260606.csv
2026-06-06,2026-06-07,WILLOW_VALLEY,Interconnect Flow,-193.0,-194.0,-193.0,GdsrNGTLImperial20260606.csv
2026-06-06,2026-06-07,INTRAPROVINCIAL,Internal Delivery,-10310.0,-5216.0,-9917.0,GdsrNGTLImperial20260606.csv
2026-06-06,2026-06-07,TOTAL_NET_STORAGE,Storage,-750.0,-763.0,-532.0,GdsrNGTLImperial20260606.csv
2026-06-06,2026-06-07,TOTAL_STORAGE_DELIVERIES,Storage,-1994.0,-763.0,-1531.0,GdsrNGTLImperial20260606.csv
2026-06-06,2026-06-07,TOTAL_STORAGE_RECEIPTS,Storage,1244.0,0.0,999.0,GdsrNGTLImperial20260606.csv
2026-06-06,2026-06-07,TOTAL_NGTL_DELIVERIES,System Total,-19644.0,-13339.0,-18743.0,GdsrNGTLImperial20260606.csv
2026-06-06,2026-06-07,TOTAL_NGTL_RECEIPTS,System Total,24748.0,13333.0,24500.0,GdsrNGTLImperial20260606.csv
2026-06-06,2026-06-07,TOTAL_STORAGE_AND_INTRAPROVINCIAL,System Total,-12304.0,-5979.0,-11448.0,GdsrNGTLImperial20260606.csv
2026-06-07,2026-06-08,ALBERTA_BC,Border Flow,-1957.0,-1977.0,-1947.0,GdsrNGTLImperial20260607.csv
2026-06-07,2026-06-08,EMPRESS,Border Flow,-4268.0,-4314.0,-4159.0,GdsrNGTLImperial20260607.csv
2026-06-07,2026-06-08,MCNEILL,Border Flow,-573.0,-593.0,-492.0,GdsrNGTLImperial20260607.csv
2026-06-07,2026-06-08,OTHER_BORDERS,Border Flow,-363.0,-315.0,-410.0,GdsrNGTLImperial20260607.csv
2026-06-07,2026-06-08,GORDONDALE,Interconnect Flow,81.0,81.0,81.0,GdsrNGTLImperial20260607.csv
2026-06-07,2026-06-08,GROUNDBIRCH_EAST,Interconnect Flow,113.0,140.0,113.0,GdsrNGTLImperial20260607.csv
2026-06-07,2026-06-08,WILLOW_VALLEY,Interconnect Flow,-180.0,-180.0,-185.0,GdsrNGTLImperial20260607.csv
2026-06-07,2026-06-08,INTRAPROVINCIAL,Internal Delivery,-10265.0,-5182.0,-9885.0,GdsrNGTLImperial20260607.csv
2026-06-07,2026-06-08,TOTAL_NET_STORAGE,Storage,-718.0,-802.0,-473.0,GdsrNGTLImperial20260607.csv
2026-06-07,2026-06-08,TOTAL_STORAGE_DELIVERIES,Storage,-1977.0,-802.0,-1530.0,GdsrNGTLImperial20260607.csv
2026-06-07,2026-06-08,TOTAL_STORAGE_RECEIPTS,Storage,1259.0,0.0,1057.0,GdsrNGTLImperial20260607.csv
2026-06-07,2026-06-08,TOTAL_NGTL_DELIVERIES,System Total,-19583.0,-13362.0,-18609.0,GdsrNGTLImperial20260607.csv
2026-06-07,2026-06-08,TOTAL_NGTL_RECEIPTS,System Total,24732.0,13313.0,24534.0,GdsrNGTLImperial20260607.csv
2026-06-07,2026-06-08,TOTAL_STORAGE_AND_INTRAPROVINCIAL,System Total,-12242.0,-5983.0,-11416.0,GdsrNGTLImperial20260607.csv
2026-06-08,2026-06-09,ALBERTA_BC,Border Flow,-1952.0,-1944.0,-1808.0,GdsrNGTLImperial20260608.csv
2026-06-08,2026-06-09,EMPRESS,Border Flow,-4287.0,-4515.0,-4052.0,GdsrNGTLImperial20260608.csv
2026-06-08,2026-06-09,MCNEILL,Border Flow,-544.0,-561.0,-489.0,GdsrNGTLImperial20260608.csv
2026-06-08,2026-06-09,OTHER_BORDERS,Border Flow,-344.0,-348.0,-436.0,GdsrNGTLImperial20260608.csv
2026-06-08,2026-06-09,GORDONDALE,Interconnect Flow,99.0,35.0,129.0,GdsrNGTLImperial20260608.csv
2026-06-08,2026-06-09,GROUNDBIRCH_EAST,Interconnect Flow,119.0,227.0,162.0,GdsrNGTLImperial20260608.csv
2026-06-08,2026-06-09,WILLOW_VALLEY,Interconnect Flow,-190.0,-191.0,-195.0,GdsrNGTLImperial20260608.csv
2026-06-08,2026-06-09,INTRAPROVINCIAL,Internal Delivery,-10278.0,-5291.0,-9877.0,GdsrNGTLImperial20260608.csv
2026-06-08,2026-06-09,TOTAL_NET_STORAGE,Storage,-588.0,-682.0,-764.0,GdsrNGTLImperial20260608.csv
2026-06-08,2026-06-09,TOTAL_STORAGE_DELIVERIES,Storage,-1875.0,-682.0,-1793.0,GdsrNGTLImperial20260608.csv
2026-06-08,2026-06-09,TOTAL_STORAGE_RECEIPTS,Storage,1287.0,0.0,1029.0,GdsrNGTLImperial20260608.csv
2026-06-08,2026-06-09,TOTAL_NGTL_DELIVERIES,System Total,-19471.0,-13533.0,-18649.0,GdsrNGTLImperial20260608.csv
2026-06-08,2026-06-09,TOTAL_NGTL_RECEIPTS,System Total,24758.0,13249.0,24577.0,GdsrNGTLImperial20260608.csv
2026-06-08,2026-06-09,TOTAL_STORAGE_AND_INTRAPROVINCIAL,System Total,-12153.0,-5974.0,-11670.0,GdsrNGTLImperial20260608.csv
2026-06-09,2026-06-10,ALBERTA_BC,Border Flow,-1806.0,-1797.0,-2199.0,GdsrNGTLImperial20260609.csv
2026-06-09,2026-06-10,EMPRESS,Border Flow,-4165.0,-4205.0,-4010.0,GdsrNGTLImperial20260609.csv
2026-06-09,2026-06-10,MCNEILL,Border Flow,-587.0,-560.0,-531.0,GdsrNGTLImperial20260609.csv
2026-06-09,2026-06-10,OTHER_BORDERS,Border Flow,-366.0,-356.0,-408.0,GdsrNGTLImperial20260609.csv
2026-06-09,2026-06-10,GORDONDALE,Interconnect Flow,139.0,173.0,64.0,GdsrNGTLImperial20260609.csv
2026-06-09,2026-06-10,GROUNDBIRCH_EAST,Interconnect Flow,222.0,235.0,147.0,GdsrNGTLImperial20260609.csv
2026-06-09,2026-06-10,WILLOW_VALLEY,Interconnect Flow,-179.0,-180.0,-220.0,GdsrNGTLImperial20260609.csv
2026-06-09,2026-06-10,INTRAPROVINCIAL,Internal Delivery,-10403.0,-5162.0,-10022.0,GdsrNGTLImperial20260609.csv
2026-06-09,2026-06-10,TOTAL_NET_STORAGE,Storage,-898.0,-815.0,-376.0,GdsrNGTLImperial20260609.csv
2026-06-09,2026-06-10,TOTAL_STORAGE_DELIVERIES,Storage,-2253.0,-815.0,-1440.0,GdsrNGTLImperial20260609.csv
2026-06-09,2026-06-10,TOTAL_STORAGE_RECEIPTS,Storage,1355.0,0.0,1064.0,GdsrNGTLImperial20260609.csv
2026-06-09,2026-06-10,TOTAL_NGTL_DELIVERIES,System Total,-19760.0,-13076.0,-18830.0,GdsrNGTLImperial20260609.csv
2026-06-09,2026-06-10,TOTAL_NGTL_RECEIPTS,System Total,24949.0,13357.0,24541.0,GdsrNGTLImperial20260609.csv
2026-06-09,2026-06-10,TOTAL_STORAGE_AND_INTRAPROVINCIAL,System Total,-12656.0,-5977.0,-11463.0,GdsrNGTLImperial20260609.csv
2026-06-10,2026-06-11,ALBERTA_BC,Border Flow,-2184.0,-2187.0,-2446.0,GdsrNGTLImperial20260610.csv
2026-06-10,2026-06-11,EMPRESS,Border Flow,-4142.0,-4158.0,-4085.0,GdsrNGTLImperial20260610.csv
2026-06-10,2026-06-11,MCNEILL,Border Flow,-605.0,-568.0,-506.0,GdsrNGTLImperial20260610.csv
2026-06-10,2026-06-11,OTHER_BORDERS,Border Flow,-305.0,-358.0,-408.0,GdsrNGTLImperial20260610.csv
2026-06-10,2026-06-11,GORDONDALE,Interconnect Flow,99.0,124.0,143.0,GdsrNGTLImperial20260610.csv
2026-06-10,2026-06-11,GROUNDBIRCH_EAST,Interconnect Flow,165.0,164.0,113.0,GdsrNGTLImperial20260610.csv
2026-06-10,2026-06-11,WILLOW_VALLEY,Interconnect Flow,-239.0,-239.0,-175.0,GdsrNGTLImperial20260610.csv
2026-06-10,2026-06-11,INTRAPROVINCIAL,Internal Delivery,-10210.0,-5229.0,-9826.0,GdsrNGTLImperial20260610.csv
2026-06-10,2026-06-11,TOTAL_NET_STORAGE,Storage,-597.0,-657.0,-271.0,GdsrNGTLImperial20260610.csv
2026-06-10,2026-06-11,TOTAL_STORAGE_DELIVERIES,Storage,-1886.0,-657.0,-1383.0,GdsrNGTLImperial20260610.csv
2026-06-10,2026-06-11,TOTAL_STORAGE_RECEIPTS,Storage,1289.0,0.0,1112.0,GdsrNGTLImperial20260610.csv
2026-06-10,2026-06-11,TOTAL_NGTL_DELIVERIES,System Total,-19570.0,-13396.0,-18828.0,GdsrNGTLImperial20260610.csv
2026-06-10,2026-06-11,TOTAL_NGTL_RECEIPTS,System Total,24790.0,13351.0,24639.0,GdsrNGTLImperial20260610.csv
2026-06-10,2026-06-11,TOTAL_STORAGE_AND_INTRAPROVINCIAL,System Total,-12096.0,-5886.0,-11208.0,GdsrNGTLImperial20260610.csv
2026-06-11,2026-06-12,ALBERTA_BC,Border Flow,-2464.0,-2362.0,-2482.0,GdsrNGTLImperial20260611.csv
2026-06-11,2026-06-12,EMPRESS,Border Flow,-4306.0,-4171.0,-3831.0,GdsrNGTLImperial20260611.csv
2026-06-11,2026-06-12,MCNEILL,Border Flow,-528.0,-608.0,-569.0,GdsrNGTLImperial20260611.csv
2026-06-11,2026-06-12,OTHER_BORDERS,Border Flow,-315.0,-387.0,-414.0,GdsrNGTLImperial20260611.csv
2026-06-11,2026-06-12,GORDONDALE,Interconnect Flow,157.0,167.0,119.0,GdsrNGTLImperial20260611.csv
2026-06-11,2026-06-12,GROUNDBIRCH_EAST,Interconnect Flow,131.0,109.0,132.0,GdsrNGTLImperial20260611.csv
2026-06-11,2026-06-12,WILLOW_VALLEY,Interconnect Flow,-176.0,-176.0,-151.0,GdsrNGTLImperial20260611.csv
2026-06-11,2026-06-12,INTRAPROVINCIAL,Internal Delivery,-10289.0,-5444.0,-9871.0,GdsrNGTLImperial20260611.csv
2026-06-11,2026-06-12,TOTAL_NET_STORAGE,Storage,-486.0,-532.0,-350.0,GdsrNGTLImperial20260611.csv
2026-06-11,2026-06-12,TOTAL_STORAGE_DELIVERIES,Storage,-1856.0,-612.0,-1456.0,GdsrNGTLImperial20260611.csv
2026-06-11,2026-06-12,TOTAL_STORAGE_RECEIPTS,Storage,1370.0,79.0,1105.0,GdsrNGTLImperial20260611.csv
2026-06-11,2026-06-12,TOTAL_NGTL_DELIVERIES,System Total,-19934.0,-13760.0,-18773.0,GdsrNGTLImperial20260611.csv
2026-06-11,2026-06-12,TOTAL_NGTL_RECEIPTS,System Total,24902.0,13548.0,24630.0,GdsrNGTLImperial20260611.csv
2026-06-11,2026-06-12,TOTAL_STORAGE_AND_INTRAPROVINCIAL,System Total,-12145.0,-6055.0,-11326.0,GdsrNGTLImperial20260611.csv
2026-06-12,2026-06-13,ALBERTA_BC,Border Flow,-2456.0,-2535.0,-2474.0,GdsrNGTLImperial20260612.csv
2026-06-12,2026-06-13,EMPRESS,Border Flow,-3907.0,-3937.0,-3985.0,GdsrNGTLImperial20260612.csv
2026-06-12,2026-06-13,MCNEILL,Border Flow,-675.0,-660.0,-634.0,GdsrNGTLImperial20260612.csv
2026-06-12,2026-06-13,OTHER_BORDERS,Border Flow,-356.0,-373.0,-370.0,GdsrNGTLImperial20260612.csv
2026-06-12,2026-06-13,GORDONDALE,Interconnect Flow,119.0,116.0,155.0,GdsrNGTLImperial20260612.csv
2026-06-12,2026-06-13,GROUNDBIRCH_EAST,Interconnect Flow,193.0,214.0,137.0,GdsrNGTLImperial20260612.csv
2026-06-12,2026-06-13,WILLOW_VALLEY,Interconnect Flow,-109.0,-109.0,-144.0,GdsrNGTLImperial20260612.csv
2026-06-12,2026-06-13,INTRAPROVINCIAL,Internal Delivery,-10322.0,-5440.0,-9939.0,GdsrNGTLImperial20260612.csv
2026-06-12,2026-06-13,TOTAL_NET_STORAGE,Storage,-488.0,-569.0,-671.0,GdsrNGTLImperial20260612.csv
2026-06-12,2026-06-13,TOTAL_STORAGE_DELIVERIES,Storage,-1909.0,-619.0,-1769.0,GdsrNGTLImperial20260612.csv
2026-06-12,2026-06-13,TOTAL_STORAGE_RECEIPTS,Storage,1421.0,50.0,1098.0,GdsrNGTLImperial20260612.csv
2026-06-12,2026-06-13,TOTAL_NGTL_DELIVERIES,System Total,-19734.0,-13672.0,-19315.0,GdsrNGTLImperial20260612.csv
2026-06-12,2026-06-13,TOTAL_NGTL_RECEIPTS,System Total,24978.0,13859.0,24651.0,GdsrNGTLImperial20260612.csv
2026-06-12,2026-06-13,TOTAL_STORAGE_AND_INTRAPROVINCIAL,System Total,-12231.0,-6059.0,-11708.0,GdsrNGTLImperial20260612.csv
2026-06-13,2026-06-14,ALBERTA_BC,Border Flow,-2457.0,-2511.0,-2458.0,GdsrNGTLImperial20260613.csv
2026-06-13,2026-06-14,EMPRESS,Border Flow,-4079.0,-4130.0,-3924.0,GdsrNGTLImperial20260613.csv
2026-06-13,2026-06-14,MCNEILL,Border Flow,-660.0,-664.0,-658.0,GdsrNGTLImperial20260613.csv
2026-06-13,2026-06-14,OTHER_BORDERS,Border Flow,-369.0,-362.0,-368.0,GdsrNGTLImperial20260613.csv
2026-06-13,2026-06-14,GORDONDALE,Interconnect Flow,177.0,168.0,155.0,GdsrNGTLImperial20260613.csv
2026-06-13,2026-06-14,GROUNDBIRCH_EAST,Interconnect Flow,169.0,167.0,137.0,GdsrNGTLImperial20260613.csv
2026-06-13,2026-06-14,WILLOW_VALLEY,Interconnect Flow,-124.0,-124.0,-123.0,GdsrNGTLImperial20260613.csv
2026-06-13,2026-06-14,INTRAPROVINCIAL,Internal Delivery,-10355.0,-5573.0,-9929.0,GdsrNGTLImperial20260613.csv
2026-06-13,2026-06-14,TOTAL_NET_STORAGE,Storage,-954.0,-863.0,-688.0,GdsrNGTLImperial20260613.csv
2026-06-13,2026-06-14,TOTAL_STORAGE_DELIVERIES,Storage,-2374.0,-863.0,-1791.0,GdsrNGTLImperial20260613.csv
2026-06-13,2026-06-14,TOTAL_STORAGE_RECEIPTS,Storage,1420.0,0.0,1104.0,GdsrNGTLImperial20260613.csv
2026-06-13,2026-06-14,TOTAL_NGTL_DELIVERIES,System Total,-20419.0,-14226.0,-19251.0,GdsrNGTLImperial20260613.csv
2026-06-13,2026-06-14,TOTAL_NGTL_RECEIPTS,System Total,24998.0,13994.0,24657.0,GdsrNGTLImperial20260613.csv
2026-06-13,2026-06-14,TOTAL_STORAGE_AND_INTRAPROVINCIAL,System Total,-12729.0,-6435.0,-11720.0,GdsrNGTLImperial20260613.csv
2026-06-14,2026-06-15,ALBERTA_BC,Border Flow,-2451.0,-2509.0,-2464.0,GdsrNGTLImperial20260614.csv
2026-06-14,2026-06-15,EMPRESS,Border Flow,-4061.0,-4127.0,-3980.0,GdsrNGTLImperial20260614.csv
2026-06-14,2026-06-15,MCNEILL,Border Flow,-658.0,-644.0,-503.0,GdsrNGTLImperial20260614.csv
2026-06-14,2026-06-15,OTHER_BORDERS,Border Flow,-368.0,-349.0,-415.0,GdsrNGTLImperial20260614.csv
2026-06-14,2026-06-15,GORDONDALE,Interconnect Flow,155.0,152.0,155.0,GdsrNGTLImperial20260614.csv
2026-06-14,2026-06-15,GROUNDBIRCH_EAST,Interconnect Flow,137.0,133.0,136.0,GdsrNGTLImperial20260614.csv
2026-06-14,2026-06-15,WILLOW_VALLEY,Interconnect Flow,-166.0,-165.0,-150.0,GdsrNGTLImperial20260614.csv
2026-06-14,2026-06-15,INTRAPROVINCIAL,Internal Delivery,-10320.0,-5429.0,-9941.0,GdsrNGTLImperial20260614.csv
2026-06-14,2026-06-15,TOTAL_NET_STORAGE,Storage,-667.0,-786.0,-429.0,GdsrNGTLImperial20260614.csv
2026-06-14,2026-06-15,TOTAL_STORAGE_DELIVERIES,Storage,-2094.0,-786.0,-1798.0,GdsrNGTLImperial20260614.csv
2026-06-14,2026-06-15,TOTAL_STORAGE_RECEIPTS,Storage,1427.0,0.0,1370.0,GdsrNGTLImperial20260614.csv
2026-06-14,2026-06-15,TOTAL_NGTL_DELIVERIES,System Total,-20118.0,-14009.0,-19252.0,GdsrNGTLImperial20260614.csv
2026-06-14,2026-06-15,TOTAL_NGTL_RECEIPTS,System Total,24951.0,13709.0,24926.0,GdsrNGTLImperial20260614.csv
2026-06-14,2026-06-15,TOTAL_STORAGE_AND_INTRAPROVINCIAL,System Total,-12414.0,-6215.0,-11740.0,GdsrNGTLImperial20260614.csv
2026-06-15,2026-06-16,ALBERTA_BC,Border Flow,-2476.0,-2475.0,-2484.0,GdsrNGTLImperial20260615.csv
2026-06-15,2026-06-16,EMPRESS,Border Flow,-4096.0,-4042.0,-3876.0,GdsrNGTLImperial20260615.csv
2026-06-15,2026-06-16,MCNEILL,Border Flow,-688.0,-625.0,-672.0,GdsrNGTLImperial20260615.csv
2026-06-15,2026-06-16,OTHER_BORDERS,Border Flow,-341.0,-355.0,-425.0,GdsrNGTLImperial20260615.csv
2026-06-15,2026-06-16,GORDONDALE,Interconnect Flow,154.0,150.0,147.0,GdsrNGTLImperial20260615.csv
2026-06-15,2026-06-16,GROUNDBIRCH_EAST,Interconnect Flow,137.0,135.0,111.0,GdsrNGTLImperial20260615.csv
2026-06-15,2026-06-16,WILLOW_VALLEY,Interconnect Flow,-148.0,-148.0,-155.0,GdsrNGTLImperial20260615.csv
2026-06-15,2026-06-16,INTRAPROVINCIAL,Internal Delivery,-10325.0,-5446.0,-9935.0,GdsrNGTLImperial20260615.csv
2026-06-15,2026-06-16,TOTAL_NET_STORAGE,Storage,-304.0,-282.0,-528.0,GdsrNGTLImperial20260615.csv
2026-06-15,2026-06-16,TOTAL_STORAGE_DELIVERIES,Storage,-1891.0,-474.0,-1531.0,GdsrNGTLImperial20260615.csv
2026-06-15,2026-06-16,TOTAL_STORAGE_RECEIPTS,Storage,1587.0,192.0,1003.0,GdsrNGTLImperial20260615.csv
2026-06-15,2026-06-16,TOTAL_NGTL_DELIVERIES,System Total,-19965.0,-13566.0,-19076.0,GdsrNGTLImperial20260615.csv
2026-06-15,2026-06-16,TOTAL_NGTL_RECEIPTS,System Total,25116.0,14057.0,22603.0,GdsrNGTLImperial20260615.csv
2026-06-15,2026-06-16,TOTAL_STORAGE_AND_INTRAPROVINCIAL,System Total,-12216.0,-5920.0,-11465.0,GdsrNGTLImperial20260615.csv
2026-06-16,2026-06-17,ALBERTA_BC,Border Flow,-2471.0,-2451.0,-2533.0,GdsrNGTLImperial20260616.csv
2026-06-16,2026-06-17,EMPRESS,Border Flow,-3988.0,-4089.0,-3850.0,GdsrNGTLImperial20260616.csv
2026-06-16,2026-06-17,MCNEILL,Border Flow,-689.0,-531.0,-754.0,GdsrNGTLImperial20260616.csv
2026-06-16,2026-06-17,OTHER_BORDERS,Border Flow,-346.0,-354.0,-405.0,GdsrNGTLImperial20260616.csv
2026-06-16,2026-06-17,GORDONDALE,Interconnect Flow,119.0,89.0,115.0,GdsrNGTLImperial20260616.csv
2026-06-16,2026-06-17,GROUNDBIRCH_EAST,Interconnect Flow,159.0,160.0,167.0,GdsrNGTLImperial20260616.csv
2026-06-16,2026-06-17,WILLOW_VALLEY,Interconnect Flow,-155.0,-155.0,-155.0,GdsrNGTLImperial20260616.csv
2026-06-16,2026-06-17,INTRAPROVINCIAL,Internal Delivery,-10312.0,-5359.0,-9943.0,GdsrNGTLImperial20260616.csv
2026-06-16,2026-06-17,TOTAL_NET_STORAGE,Storage,-846.0,-715.0,-498.0,GdsrNGTLImperial20260616.csv
2026-06-16,2026-06-17,TOTAL_STORAGE_DELIVERIES,Storage,-2198.0,-731.0,-1527.0,GdsrNGTLImperial20260616.csv
2026-06-16,2026-06-17,TOTAL_STORAGE_RECEIPTS,Storage,1352.0,16.0,1029.0,GdsrNGTLImperial20260616.csv
2026-06-16,2026-06-17,TOTAL_NGTL_DELIVERIES,System Total,-20159.0,-13671.0,-19167.0,GdsrNGTLImperial20260616.csv
2026-06-16,2026-06-17,TOTAL_NGTL_RECEIPTS,System Total,23079.0,13663.0,22788.0,GdsrNGTLImperial20260616.csv
2026-06-16,2026-06-17,TOTAL_STORAGE_AND_INTRAPROVINCIAL,System Total,-12510.0,-6089.0,-11470.0,GdsrNGTLImperial20260616.csv
2026-06-17,2026-06-18,ALBERTA_BC,Border Flow,-2523.0,-2412.0,-2494.0,GdsrNGTLImperial20260617.csv
2026-06-17,2026-06-18,EMPRESS,Border Flow,-4050.0,-3851.0,-4076.0,GdsrNGTLImperial20260617.csv
2026-06-17,2026-06-18,MCNEILL,Border Flow,-707.0,-547.0,-788.0,GdsrNGTLImperial20260617.csv
2026-06-17,2026-06-18,OTHER_BORDERS,Border Flow,-336.0,-338.0,-406.0,GdsrNGTLImperial20260617.csv
2026-06-17,2026-06-18,GORDONDALE,Interconnect Flow,124.0,108.0,170.0,GdsrNGTLImperial20260617.csv
2026-06-17,2026-06-18,GROUNDBIRCH_EAST,Interconnect Flow,202.0,196.0,180.0,GdsrNGTLImperial20260617.csv
2026-06-17,2026-06-18,WILLOW_VALLEY,Interconnect Flow,-157.0,-157.0,-155.0,GdsrNGTLImperial20260617.csv
2026-06-17,2026-06-18,INTRAPROVINCIAL,Internal Delivery,-10330.0,-5494.0,-9946.0,GdsrNGTLImperial20260617.csv
2026-06-17,2026-06-18,TOTAL_NET_STORAGE,Storage,-757.0,-757.0,-509.0,GdsrNGTLImperial20260617.csv
2026-06-17,2026-06-18,TOTAL_STORAGE_DELIVERIES,Storage,-2195.0,-757.0,-1553.0,GdsrNGTLImperial20260617.csv
2026-06-17,2026-06-18,TOTAL_STORAGE_RECEIPTS,Storage,1437.0,0.0,1045.0,GdsrNGTLImperial20260617.csv
2026-06-17,2026-06-18,TOTAL_NGTL_DELIVERIES,System Total,-20297.0,-13554.0,-19418.0,GdsrNGTLImperial20260617.csv
2026-06-17,2026-06-18,TOTAL_NGTL_RECEIPTS,System Total,23219.0,13709.0,22881.0,GdsrNGTLImperial20260617.csv
2026-06-17,2026-06-18,TOTAL_STORAGE_AND_INTRAPROVINCIAL,System Total,-12524.0,-6250.0,-11499.0,GdsrNGTLImperial20260617.csv
2026-06-18,2026-06-19,ALBERTA_BC,Border Flow,-2460.0,-2600.0,-2508.0,GdsrNGTLImperial20260618.csv
2026-06-18,2026-06-19,EMPRESS,Border Flow,-4254.0,-4132.0,-4158.0,GdsrNGTLImperial20260618.csv
2026-06-18,2026-06-19,MCNEILL,Border Flow,-746.0,-667.0,-807.0,GdsrNGTLImperial20260618.csv
2026-06-18,2026-06-19,OTHER_BORDERS,Border Flow,-339.0,-332.0,-407.0,GdsrNGTLImperial20260618.csv
2026-06-18,2026-06-19,GORDONDALE,Interconnect Flow,171.0,186.0,99.0,GdsrNGTLImperial20260618.csv
2026-06-18,2026-06-19,GROUNDBIRCH_EAST,Interconnect Flow,238.0,238.0,214.0,GdsrNGTLImperial20260618.csv
2026-06-18,2026-06-19,WILLOW_VALLEY,Interconnect Flow,-150.0,-156.0,-129.0,GdsrNGTLImperial20260618.csv
2026-06-18,2026-06-19,INTRAPROVINCIAL,Internal Delivery,-10326.0,-5561.0,-9946.0,GdsrNGTLImperial20260618.csv
2026-06-18,2026-06-19,TOTAL_NET_STORAGE,Storage,-454.0,-614.0,-393.0,GdsrNGTLImperial20260618.csv
2026-06-18,2026-06-19,TOTAL_STORAGE_DELIVERIES,Storage,-1849.0,-614.0,-1489.0,GdsrNGTLImperial20260618.csv
2026-06-18,2026-06-19,TOTAL_STORAGE_RECEIPTS,Storage,1395.0,0.0,1096.0,GdsrNGTLImperial20260618.csv
2026-06-18,2026-06-19,TOTAL_NGTL_DELIVERIES,System Total,-20123.0,-14061.0,-19445.0,GdsrNGTLImperial20260618.csv
2026-06-18,2026-06-19,TOTAL_NGTL_RECEIPTS,System Total,23258.0,13799.0,22885.0,GdsrNGTLImperial20260618.csv
2026-06-18,2026-06-19,TOTAL_STORAGE_AND_INTRAPROVINCIAL,System Total,-12175.0,-6175.0,-11435.0,GdsrNGTLImperial20260618.csv
2026-06-19,2026-06-20,ALBERTA_BC,Border Flow,-2419.0,-2447.0,-2383.0,GdsrNGTLImperial20260619.csv
2026-06-19,2026-06-20,EMPRESS,Border Flow,-4244.0,-4192.0,-4001.0,GdsrNGTLImperial20260619.csv
2026-06-19,2026-06-20,MCNEILL,Border Flow,-700.0,-785.0,-743.0,GdsrNGTLImperial20260619.csv
2026-06-19,2026-06-20,OTHER_BORDERS,Border Flow,-345.0,-356.0,-371.0,GdsrNGTLImperial20260619.csv
2026-06-19,2026-06-20,GORDONDALE,Interconnect Flow,111.0,140.0,98.0,GdsrNGTLImperial20260619.csv
2026-06-19,2026-06-20,GROUNDBIRCH_EAST,Interconnect Flow,212.0,211.0,212.0,GdsrNGTLImperial20260619.csv
2026-06-19,2026-06-20,WILLOW_VALLEY,Interconnect Flow,-124.0,-124.0,-141.0,GdsrNGTLImperial20260619.csv
2026-06-19,2026-06-20,INTRAPROVINCIAL,Internal Delivery,-10311.0,-5507.0,-9917.0,GdsrNGTLImperial20260619.csv
2026-06-19,2026-06-20,TOTAL_NET_STORAGE,Storage,-279.0,-317.0,-744.0,GdsrNGTLImperial20260619.csv
2026-06-19,2026-06-20,TOTAL_STORAGE_DELIVERIES,Storage,-1661.0,-446.0,-1893.0,GdsrNGTLImperial20260619.csv
2026-06-19,2026-06-20,TOTAL_STORAGE_RECEIPTS,Storage,1382.0,129.0,1149.0,GdsrNGTLImperial20260619.csv
2026-06-19,2026-06-20,TOTAL_NGTL_DELIVERIES,System Total,-19804.0,-13857.0,-19583.0,GdsrNGTLImperial20260619.csv
2026-06-19,2026-06-20,TOTAL_NGTL_RECEIPTS,System Total,23154.0,14143.0,22935.0,GdsrNGTLImperial20260619.csv
2026-06-19,2026-06-20,TOTAL_STORAGE_AND_INTRAPROVINCIAL,System Total,-11973.0,-5953.0,-11810.0,GdsrNGTLImperial20260619.csv
2026-06-20,2026-06-21,ALBERTA_BC,Border Flow,-2374.0,-2412.0,-2404.0,GdsrNGTLImperial20260620.csv
2026-06-20,2026-06-21,EMPRESS,Border Flow,-4097.0,-4110.0,-3914.0,GdsrNGTLImperial20260620.csv
2026-06-20,2026-06-21,MCNEILL,Border Flow,-665.0,-746.0,-733.0,GdsrNGTLImperial20260620.csv
2026-06-20,2026-06-21,OTHER_BORDERS,Border Flow,-371.0,-365.0,-371.0,GdsrNGTLImperial20260620.csv
2026-06-20,2026-06-21,GORDONDALE,Interconnect Flow,102.0,124.0,98.0,GdsrNGTLImperial20260620.csv
2026-06-20,2026-06-21,GROUNDBIRCH_EAST,Interconnect Flow,208.0,222.0,213.0,GdsrNGTLImperial20260620.csv
2026-06-20,2026-06-21,WILLOW_VALLEY,Interconnect Flow,-141.0,-141.0,-130.0,GdsrNGTLImperial20260620.csv
2026-06-20,2026-06-21,INTRAPROVINCIAL,Internal Delivery,-10285.0,-5400.0,-9923.0,GdsrNGTLImperial20260620.csv
2026-06-20,2026-06-21,TOTAL_NET_STORAGE,Storage,-1075.0,-1059.0,-873.0,GdsrNGTLImperial20260620.csv
2026-06-20,2026-06-21,TOTAL_STORAGE_DELIVERIES,Storage,-2527.0,-1059.0,-1934.0,GdsrNGTLImperial20260620.csv
2026-06-20,2026-06-21,TOTAL_STORAGE_RECEIPTS,Storage,1452.0,0.0,1060.0,GdsrNGTLImperial20260620.csv
2026-06-20,2026-06-21,TOTAL_NGTL_DELIVERIES,System Total,-20594.0,-14232.0,-19543.0,GdsrNGTLImperial20260620.csv
2026-06-20,2026-06-21,TOTAL_NGTL_RECEIPTS,System Total,23011.0,14163.0,24779.0,GdsrNGTLImperial20260620.csv
2026-06-20,2026-06-21,TOTAL_STORAGE_AND_INTRAPROVINCIAL,System Total,-12811.0,-6459.0,-11856.0,GdsrNGTLImperial20260620.csv
2026-06-21,2026-06-22,ALBERTA_BC,Border Flow,-2411.0,-2451.0,-2438.0,GdsrNGTLImperial20260621.csv
2026-06-21,2026-06-22,EMPRESS,Border Flow,-4098.0,-4143.0,-4148.0,GdsrNGTLImperial20260621.csv
2026-06-21,2026-06-22,MCNEILL,Border Flow,-682.0,-677.0,-706.0,GdsrNGTLImperial20260621.csv
2026-06-21,2026-06-22,OTHER_BORDERS,Border Flow,-369.0,-364.0,-407.0,GdsrNGTLImperial20260621.csv
2026-06-21,2026-06-22,GORDONDALE,Interconnect Flow,106.0,125.0,98.0,GdsrNGTLImperial20260621.csv
2026-06-21,2026-06-22,GROUNDBIRCH_EAST,Interconnect Flow,303.0,283.0,213.0,GdsrNGTLImperial20260621.csv
2026-06-21,2026-06-22,WILLOW_VALLEY,Interconnect Flow,-129.0,-129.0,-128.0,GdsrNGTLImperial20260621.csv
2026-06-21,2026-06-22,INTRAPROVINCIAL,Internal Delivery,-10294.0,-5482.0,-9982.0,GdsrNGTLImperial20260621.csv
2026-06-21,2026-06-22,TOTAL_NET_STORAGE,Storage,-1293.0,-1204.0,-778.0,GdsrNGTLImperial20260621.csv
2026-06-21,2026-06-22,TOTAL_STORAGE_DELIVERIES,Storage,-2673.0,-1204.0,-1805.0,GdsrNGTLImperial20260621.csv
2026-06-21,2026-06-22,TOTAL_STORAGE_RECEIPTS,Storage,1380.0,0.0,1028.0,GdsrNGTLImperial20260621.csv
2026-06-21,2026-06-22,TOTAL_NGTL_DELIVERIES,System Total,-20701.0,-14450.0,-19614.0,GdsrNGTLImperial20260621.csv
2026-06-21,2026-06-22,TOTAL_NGTL_RECEIPTS,System Total,24743.0,14702.0,24611.0,GdsrNGTLImperial20260621.csv
2026-06-21,2026-06-22,TOTAL_STORAGE_AND_INTRAPROVINCIAL,System Total,-12967.0,-6686.0,-11787.0,GdsrNGTLImperial20260621.csv
2026-06-22,2026-06-23,ALBERTA_BC,Border Flow,-2474.0,-2468.0,-2533.0,GdsrNGTLImperial20260622.csv
2026-06-22,2026-06-23,EMPRESS,Border Flow,-4174.0,-4171.0,-4139.0,GdsrNGTLImperial20260622.csv
2026-06-22,2026-06-23,MCNEILL,Border Flow,-740.0,-659.0,-665.0,GdsrNGTLImperial20260622.csv
2026-06-22,2026-06-23,OTHER_BORDERS,Border Flow,-371.0,-364.0,-413.0,GdsrNGTLImperial20260622.csv
2026-06-22,2026-06-23,GORDONDALE,Interconnect Flow,135.0,145.0,96.0,GdsrNGTLImperial20260622.csv
2026-06-22,2026-06-23,GROUNDBIRCH_EAST,Interconnect Flow,313.0,224.0,201.0,GdsrNGTLImperial20260622.csv
2026-06-22,2026-06-23,WILLOW_VALLEY,Interconnect Flow,-71.0,-71.0,-40.0,GdsrNGTLImperial20260622.csv
2026-06-22,2026-06-23,INTRAPROVINCIAL,Internal Delivery,-10332.0,-5559.0,-9955.0,GdsrNGTLImperial20260622.csv
2026-06-22,2026-06-23,TOTAL_NET_STORAGE,Storage,-1476.0,-1357.0,-675.0,GdsrNGTLImperial20260622.csv
2026-06-22,2026-06-23,TOTAL_STORAGE_DELIVERIES,Storage,-2851.0,-1357.0,-1677.0,GdsrNGTLImperial20260622.csv
2026-06-22,2026-06-23,TOTAL_STORAGE_RECEIPTS,Storage,1375.0,0.0,1002.0,GdsrNGTLImperial20260622.csv
2026-06-22,2026-06-23,TOTAL_NGTL_DELIVERIES,System Total,-21013.0,-14650.0,-19422.0,GdsrNGTLImperial20260622.csv
2026-06-22,2026-06-23,TOTAL_NGTL_RECEIPTS,System Total,24734.0,14579.0,24575.0,GdsrNGTLImperial20260622.csv
2026-06-22,2026-06-23,TOTAL_STORAGE_AND_INTRAPROVINCIAL,System Total,-13183.0,-6917.0,-11632.0,GdsrNGTLImperial20260622.csv
2026-06-23,2026-06-24,ALBERTA_BC,Border Flow,-2624.0,-2617.0,-2587.0,GdsrNGTLImperial20260623.csv
2026-06-23,2026-06-24,EMPRESS,Border Flow,-4149.0,-4097.0,-4120.0,GdsrNGTLImperial20260623.csv
2026-06-23,2026-06-24,MCNEILL,Border Flow,-622.0,-665.0,-670.0,GdsrNGTLImperial20260623.csv
2026-06-23,2026-06-24,OTHER_BORDERS,Border Flow,-359.0,-362.0,-412.0,GdsrNGTLImperial20260623.csv
2026-06-23,2026-06-24,GORDONDALE,Interconnect Flow,100.0,99.0,87.0,GdsrNGTLImperial20260623.csv
2026-06-23,2026-06-24,GROUNDBIRCH_EAST,Interconnect Flow,289.0,225.0,162.0,GdsrNGTLImperial20260623.csv
2026-06-23,2026-06-24,WILLOW_VALLEY,Interconnect Flow,-49.0,-49.0,-82.0,GdsrNGTLImperial20260623.csv
2026-06-23,2026-06-24,INTRAPROVINCIAL,Internal Delivery,-10360.0,-5641.0,-9945.0,GdsrNGTLImperial20260623.csv
2026-06-23,2026-06-24,TOTAL_NET_STORAGE,Storage,-1097.0,-1227.0,-696.0,GdsrNGTLImperial20260623.csv
2026-06-23,2026-06-24,TOTAL_STORAGE_DELIVERIES,Storage,-2312.0,-1227.0,-1714.0,GdsrNGTLImperial20260623.csv
2026-06-23,2026-06-24,TOTAL_STORAGE_RECEIPTS,Storage,1215.0,0.0,1018.0,GdsrNGTLImperial20260623.csv
2026-06-23,2026-06-24,TOTAL_NGTL_DELIVERIES,System Total,-20475.0,-14659.0,-19530.0,GdsrNGTLImperial20260623.csv
2026-06-23,2026-06-24,TOTAL_NGTL_RECEIPTS,System Total,24852.0,14319.0,24545.0,GdsrNGTLImperial20260623.csv
2026-06-23,2026-06-24,TOTAL_STORAGE_AND_INTRAPROVINCIAL,System Total,-12672.0,-6868.0,-11659.0,GdsrNGTLImperial20260623.csv
2026-06-24,2026-06-25,ALBERTA_BC,Border Flow,-2630.0,-2628.0,-2469.0,GdsrNGTLImperial20260624.csv
2026-06-24,2026-06-25,EMPRESS,Border Flow,-4151.0,-4145.0,-4151.0,GdsrNGTLImperial20260624.csv
2026-06-24,2026-06-25,MCNEILL,Border Flow,-644.0,-681.0,-723.0,GdsrNGTLImperial20260624.csv
2026-06-24,2026-06-25,OTHER_BORDERS,Border Flow,-360.0,-344.0,-410.0,GdsrNGTLImperial20260624.csv
2026-06-24,2026-06-25,GORDONDALE,Interconnect Flow,89.0,92.0,79.0,GdsrNGTLImperial20260624.csv
2026-06-24,2026-06-25,GROUNDBIRCH_EAST,Interconnect Flow,250.0,248.0,150.0,GdsrNGTLImperial20260624.csv
2026-06-24,2026-06-25,WILLOW_VALLEY,Interconnect Flow,-85.0,-86.0,-106.0,GdsrNGTLImperial20260624.csv
2026-06-24,2026-06-25,INTRAPROVINCIAL,Internal Delivery,-10338.0,-5483.0,-9939.0,GdsrNGTLImperial20260624.csv
2026-06-24,2026-06-25,TOTAL_NET_STORAGE,Storage,-758.0,-760.0,-690.0,GdsrNGTLImperial20260624.csv
2026-06-24,2026-06-25,TOTAL_STORAGE_DELIVERIES,Storage,-2069.0,-913.0,-1747.0,GdsrNGTLImperial20260624.csv
2026-06-24,2026-06-25,TOTAL_STORAGE_RECEIPTS,Storage,1312.0,154.0,1057.0,GdsrNGTLImperial20260624.csv
2026-06-24,2026-06-25,TOTAL_NGTL_DELIVERIES,System Total,-20278.0,-14280.0,-19546.0,GdsrNGTLImperial20260624.csv
2026-06-24,2026-06-25,TOTAL_NGTL_RECEIPTS,System Total,24901.0,14301.0,24564.0,GdsrNGTLImperial20260624.csv
2026-06-24,2026-06-25,TOTAL_STORAGE_AND_INTRAPROVINCIAL,System Total,-12408.0,-6397.0,-11686.0,GdsrNGTLImperial20260624.csv
2026-06-25,2026-06-26,ALBERTA_BC,Border Flow,-2503.0,-2486.0,-2664.0,GdsrNGTLImperial20260625.csv
2026-06-25,2026-06-26,EMPRESS,Border Flow,-4156.0,-4084.0,-4160.0,GdsrNGTLImperial20260625.csv
2026-06-25,2026-06-26,MCNEILL,Border Flow,-723.0,-662.0,-723.0,GdsrNGTLImperial20260625.csv
2026-06-25,2026-06-26,OTHER_BORDERS,Border Flow,-353.0,-350.0,-417.0,GdsrNGTLImperial20260625.csv
2026-06-25,2026-06-26,GORDONDALE,Interconnect Flow,80.0,79.0,82.0,GdsrNGTLImperial20260625.csv
2026-06-25,2026-06-26,GROUNDBIRCH_EAST,Interconnect Flow,208.0,241.0,222.0,GdsrNGTLImperial20260625.csv
2026-06-25,2026-06-26,WILLOW_VALLEY,Interconnect Flow,-147.0,-147.0,-189.0,GdsrNGTLImperial20260625.csv
2026-06-25,2026-06-26,INTRAPROVINCIAL,Internal Delivery,-10348.0,-5412.0,-9954.0,GdsrNGTLImperial20260625.csv
2026-06-25,2026-06-26,TOTAL_NET_STORAGE,Storage,-631.0,-723.0,-515.0,GdsrNGTLImperial20260625.csv
2026-06-25,2026-06-26,TOTAL_STORAGE_DELIVERIES,Storage,-2021.0,-870.0,-1634.0,GdsrNGTLImperial20260625.csv
2026-06-25,2026-06-26,TOTAL_STORAGE_RECEIPTS,Storage,1390.0,147.0,1119.0,GdsrNGTLImperial20260625.csv
2026-06-25,2026-06-26,TOTAL_NGTL_DELIVERIES,System Total,-20251.0,-14011.0,-19740.0,GdsrNGTLImperial20260625.csv
2026-06-25,2026-06-26,TOTAL_NGTL_RECEIPTS,System Total,24927.0,14094.0,24673.0,GdsrNGTLImperial20260625.csv
2026-06-25,2026-06-26,TOTAL_STORAGE_AND_INTRAPROVINCIAL,System Total,-12369.0,-6282.0,-11588.0,GdsrNGTLImperial20260625.csv
2026-06-26,2026-06-27,ALBERTA_BC,Border Flow,-2501.0,-2510.0,-2244.0,GdsrNGTLImperial20260626.csv
2026-06-26,2026-06-27,EMPRESS,Border Flow,-4124.0,-4300.0,-4080.0,GdsrNGTLImperial20260626.csv
2026-06-26,2026-06-27,MCNEILL,Border Flow,-679.0,-769.0,-652.0,GdsrNGTLImperial20260626.csv
2026-06-26,2026-06-27,OTHER_BORDERS,Border Flow,-328.0,-361.0,-366.0,GdsrNGTLImperial20260626.csv
2026-06-26,2026-06-27,GORDONDALE,Interconnect Flow,74.0,74.0,82.0,GdsrNGTLImperial20260626.csv
2026-06-26,2026-06-27,GROUNDBIRCH_EAST,Interconnect Flow,220.0,221.0,184.0,GdsrNGTLImperial20260626.csv
2026-06-26,2026-06-27,WILLOW_VALLEY,Interconnect Flow,-346.0,-345.0,-191.0,GdsrNGTLImperial20260626.csv
2026-06-26,2026-06-27,INTRAPROVINCIAL,Internal Delivery,-10347.0,-5438.0,-9924.0,GdsrNGTLImperial20260626.csv
2026-06-26,2026-06-27,TOTAL_NET_STORAGE,Storage,-399.0,-560.0,-755.0,GdsrNGTLImperial20260626.csv
2026-06-26,2026-06-27,TOTAL_STORAGE_DELIVERIES,Storage,-1872.0,-714.0,-1782.0,GdsrNGTLImperial20260626.csv
2026-06-26,2026-06-27,TOTAL_STORAGE_RECEIPTS,Storage,1473.0,154.0,1027.0,GdsrNGTLImperial20260626.csv
2026-06-26,2026-06-27,TOTAL_NGTL_DELIVERIES,System Total,-20207.0,-14437.0,-19240.0,GdsrNGTLImperial20260626.csv
2026-06-26,2026-06-27,TOTAL_NGTL_RECEIPTS,System Total,25026.0,14175.0,24543.0,GdsrNGTLImperial20260626.csv
2026-06-26,2026-06-27,TOTAL_STORAGE_AND_INTRAPROVINCIAL,System Total,-12219.0,-6152.0,-11706.0,GdsrNGTLImperial20260626.csv
2026-06-27,2026-06-28,ALBERTA_BC,Border Flow,-2270.0,-2245.0,-2226.0,GdsrNGTLImperial20260627.csv
2026-06-27,2026-06-28,EMPRESS,Border Flow,-4148.0,-4222.0,-4158.0,GdsrNGTLImperial20260627.csv
2026-06-27,2026-06-28,MCNEILL,Border Flow,-647.0,-679.0,-670.0,GdsrNGTLImperial20260627.csv
2026-06-27,2026-06-28,OTHER_BORDERS,Border Flow,-366.0,-378.0,-366.0,GdsrNGTLImperial20260627.csv
2026-06-27,2026-06-28,GORDONDALE,Interconnect Flow,82.0,82.0,82.0,GdsrNGTLImperial20260627.csv
2026-06-27,2026-06-28,GROUNDBIRCH_EAST,Interconnect Flow,183.0,206.0,183.0,GdsrNGTLImperial20260627.csv
2026-06-27,2026-06-28,WILLOW_VALLEY,Interconnect Flow,-149.0,-150.0,-164.0,GdsrNGTLImperial20260627.csv
2026-06-27,2026-06-28,INTRAPROVINCIAL,Internal Delivery,-10402.0,-5474.0,-9961.0,GdsrNGTLImperial20260627.csv
2026-06-27,2026-06-28,TOTAL_NET_STORAGE,Storage,-1166.0,-1208.0,-823.0,GdsrNGTLImperial20260627.csv
2026-06-27,2026-06-28,TOTAL_STORAGE_DELIVERIES,Storage,-2417.0,-1208.0,-1846.0,GdsrNGTLImperial20260627.csv
2026-06-27,2026-06-28,TOTAL_STORAGE_RECEIPTS,Storage,1251.0,0.0,1023.0,GdsrNGTLImperial20260627.csv
2026-06-27,2026-06-28,TOTAL_NGTL_DELIVERIES,System Total,-20399.0,-14356.0,-19390.0,GdsrNGTLImperial20260627.csv
2026-06-27,2026-06-28,TOTAL_NGTL_RECEIPTS,System Total,24767.0,14387.0,24539.0,GdsrNGTLImperial20260627.csv
2026-06-27,2026-06-28,TOTAL_STORAGE_AND_INTRAPROVINCIAL,System Total,-12819.0,-6682.0,-11807.0,GdsrNGTLImperial20260627.csv
2026-06-28,2026-06-29,ALBERTA_BC,Border Flow,-2217.0,-2216.0,-2208.0,GdsrNGTLImperial20260628.csv
2026-06-28,2026-06-29,EMPRESS,Border Flow,-4205.0,-4180.0,-4190.0,GdsrNGTLImperial20260628.csv
2026-06-28,2026-06-29,MCNEILL,Border Flow,-670.0,-700.0,-663.0,GdsrNGTLImperial20260628.csv
2026-06-28,2026-06-29,OTHER_BORDERS,Border Flow,-366.0,-387.0,-366.0,GdsrNGTLImperial20260628.csv
2026-06-28,2026-06-29,GORDONDALE,Interconnect Flow,119.0,121.0,82.0,GdsrNGTLImperial20260628.csv
2026-06-28,2026-06-29,GROUNDBIRCH_EAST,Interconnect Flow,303.0,306.0,184.0,GdsrNGTLImperial20260628.csv
2026-06-28,2026-06-29,WILLOW_VALLEY,Interconnect Flow,-164.0,-164.0,-164.0,GdsrNGTLImperial20260628.csv
2026-06-28,2026-06-29,INTRAPROVINCIAL,Internal Delivery,-10406.0,-5422.0,-9976.0,GdsrNGTLImperial20260628.csv
2026-06-28,2026-06-29,TOTAL_NET_STORAGE,Storage,-1594.0,-1586.0,-758.0,GdsrNGTLImperial20260628.csv
2026-06-28,2026-06-29,TOTAL_STORAGE_DELIVERIES,Storage,-2914.0,-1586.0,-1868.0,GdsrNGTLImperial20260628.csv
2026-06-28,2026-06-29,TOTAL_STORAGE_RECEIPTS,Storage,1319.0,0.0,1110.0,GdsrNGTLImperial20260628.csv
2026-06-28,2026-06-29,TOTAL_NGTL_DELIVERIES,System Total,-20942.0,-14655.0,-19434.0,GdsrNGTLImperial20260628.csv
2026-06-28,2026-06-29,TOTAL_NGTL_RECEIPTS,System Total,24993.0,14497.0,24626.0,GdsrNGTLImperial20260628.csv
2026-06-28,2026-06-29,TOTAL_STORAGE_AND_INTRAPROVINCIAL,System Total,-13320.0,-7008.0,-11844.0,GdsrNGTLImperial20260628.csv
2026-06-29,2026-06-30,ALBERTA_BC,Border Flow,-2090.0,-2045.0,-1679.0,GdsrNGTLImperial20260629.csv
2026-06-29,2026-06-30,EMPRESS,Border Flow,-4206.0,-4231.0,-4185.0,GdsrNGTLImperial20260629.csv
2026-06-29,2026-06-30,MCNEILL,Border Flow,-671.0,-683.0,-607.0,GdsrNGTLImperial20260629.csv
2026-06-29,2026-06-30,OTHER_BORDERS,Border Flow,-389.0,-391.0,-455.0,GdsrNGTLImperial20260629.csv
2026-06-29,2026-06-30,GORDONDALE,Interconnect Flow,83.0,94.0,82.0,GdsrNGTLImperial20260629.csv
2026-06-29,2026-06-30,GROUNDBIRCH_EAST,Interconnect Flow,213.0,258.0,142.0,GdsrNGTLImperial20260629.csv
2026-06-29,2026-06-30,WILLOW_VALLEY,Interconnect Flow,-176.0,-176.0,-166.0,GdsrNGTLImperial20260629.csv
2026-06-29,2026-06-30,INTRAPROVINCIAL,Internal Delivery,-10387.0,-5500.0,-9959.0,GdsrNGTLImperial20260629.csv
2026-06-29,2026-06-30,TOTAL_NET_STORAGE,Storage,-1087.0,-1225.0,-1071.0,GdsrNGTLImperial20260629.csv
2026-06-29,2026-06-30,TOTAL_STORAGE_DELIVERIES,Storage,-2484.0,-1225.0,-2220.0,GdsrNGTLImperial20260629.csv
2026-06-29,2026-06-30,TOTAL_STORAGE_RECEIPTS,Storage,1397.0,0.0,1149.0,GdsrNGTLImperial20260629.csv
2026-06-29,2026-06-30,TOTAL_NGTL_DELIVERIES,System Total,-20402.0,-14252.0,-19271.0,GdsrNGTLImperial20260629.csv
2026-06-29,2026-06-30,TOTAL_NGTL_RECEIPTS,System Total,24695.0,14319.0,24624.0,GdsrNGTLImperial20260629.csv
2026-06-29,2026-06-30,TOTAL_STORAGE_AND_INTRAPROVINCIAL,System Total,-12871.0,-6726.0,-12179.0,GdsrNGTLImperial20260629.csv
2026-06-30,2026-07-01,ALBERTA_BC,Border Flow,-1572.0,-1606.0,-1153.0,GdsrNGTLImperial20260630.csv
2026-06-30,2026-07-01,EMPRESS,Border Flow,-4273.0,-4261.0,-4224.0,GdsrNGTLImperial20260630.csv
2026-06-30,2026-07-01,MCNEILL,Border Flow,-687.0,-667.0,-741.0,GdsrNGTLImperial20260630.csv
2026-06-30,2026-07-01,OTHER_BORDERS,Border Flow,-353.0,-390.0,-370.0,GdsrNGTLImperial20260630.csv
2026-06-30,2026-07-01,GORDONDALE,Interconnect Flow,83.0,74.0,118.0,GdsrNGTLImperial20260630.csv
2026-06-30,2026-07-01,GROUNDBIRCH_EAST,Interconnect Flow,185.0,248.0,154.0,GdsrNGTLImperial20260630.csv
2026-06-30,2026-07-01,WILLOW_VALLEY,Interconnect Flow,-166.0,-166.0,-162.0,GdsrNGTLImperial20260630.csv
2026-06-30,2026-07-01,INTRAPROVINCIAL,Internal Delivery,-10396.0,-5637.0,-10008.0,GdsrNGTLImperial20260630.csv
2026-06-30,2026-07-01,TOTAL_NET_STORAGE,Storage,-1600.0,-1749.0,-1756.0,GdsrNGTLImperial20260630.csv
2026-06-30,2026-07-01,TOTAL_STORAGE_DELIVERIES,Storage,-2989.0,-1749.0,-2905.0,GdsrNGTLImperial20260630.csv
2026-06-30,2026-07-01,TOTAL_STORAGE_RECEIPTS,Storage,1389.0,0.0,1149.0,GdsrNGTLImperial20260630.csv
2026-06-30,2026-07-01,TOTAL_NGTL_DELIVERIES,System Total,-20436.0,-14477.0,-19561.0,GdsrNGTLImperial20260630.csv
2026-06-30,2026-07-01,TOTAL_NGTL_RECEIPTS,System Total,24659.0,14445.0,24646.0,GdsrNGTLImperial20260630.csv
2026-06-30,2026-07-01,TOTAL_STORAGE_AND_INTRAPROVINCIAL,System Total,-13386.0,-7386.0,-12913.0,GdsrNGTLImperial20260630.csv
2026-07-01,2026-07-02,ALBERTA_BC,Border Flow,-1194.0,-1171.0,-1250.0,GdsrNGTLImperial20260701.csv
2026-07-01,2026-07-02,EMPRESS,Border Flow,-4258.0,-4189.0,-4253.0,GdsrNGTLImperial20260701.csv
2026-07-01,2026-07-02,MCNEILL,Border Flow,-724.0,-717.0,-615.0,GdsrNGTLImperial20260701.csv
2026-07-01,2026-07-02,OTHER_BORDERS,Border Flow,-384.0,-382.0,-495.0,GdsrNGTLImperial20260701.csv
2026-07-01,2026-07-02,GORDONDALE,Interconnect Flow,122.0,89.0,58.0,GdsrNGTLImperial20260701.csv
2026-07-01,2026-07-02,GROUNDBIRCH_EAST,Interconnect Flow,223.0,228.0,77.0,GdsrNGTLImperial20260701.csv
2026-07-01,2026-07-02,WILLOW_VALLEY,Interconnect Flow,-162.0,-162.0,-161.0,GdsrNGTLImperial20260701.csv
2026-07-01,2026-07-02,INTRAPROVINCIAL,Internal Delivery,-10417.0,-5536.0,-9955.0,GdsrNGTLImperial20260701.csv
2026-07-01,2026-07-02,TOTAL_NET_STORAGE,Storage,-1811.0,-1858.0,-1706.0,GdsrNGTLImperial20260701.csv
2026-07-01,2026-07-02,TOTAL_STORAGE_DELIVERIES,Storage,-3212.0,-1858.0,-2911.0,GdsrNGTLImperial20260701.csv
2026-07-01,2026-07-02,TOTAL_STORAGE_RECEIPTS,Storage,1400.0,0.0,1205.0,GdsrNGTLImperial20260701.csv
2026-07-01,2026-07-02,TOTAL_NGTL_DELIVERIES,System Total,-20351.0,-14014.0,-19640.0,GdsrNGTLImperial20260701.csv
2026-07-01,2026-07-02,TOTAL_NGTL_RECEIPTS,System Total,24720.0,14157.0,24563.0,GdsrNGTLImperial20260701.csv
2026-07-01,2026-07-02,TOTAL_STORAGE_AND_INTRAPROVINCIAL,System Total,-13628.0,-7394.0,-12866.0,GdsrNGTLImperial20260701.csv
2026-07-02,2026-07-03,ALBERTA_BC,Border Flow,-1360.0,-1392.0,-1818.0,GdsrNGTLImperial20260702.csv
2026-07-02,2026-07-03,EMPRESS,Border Flow,-4261.0,-4239.0,-4217.0,GdsrNGTLImperial20260702.csv
2026-07-02,2026-07-03,MCNEILL,Border Flow,-717.0,-663.0,-720.0,GdsrNGTLImperial20260702.csv
2026-07-02,2026-07-03,OTHER_BORDERS,Border Flow,-452.0,-419.0,-445.0,GdsrNGTLImperial20260702.csv
2026-07-02,2026-07-03,GORDONDALE,Interconnect Flow,109.0,123.0,101.0,GdsrNGTLImperial20260702.csv
2026-07-02,2026-07-03,GROUNDBIRCH_EAST,Interconnect Flow,246.0,172.0,143.0,GdsrNGTLImperial20260702.csv
2026-07-02,2026-07-03,WILLOW_VALLEY,Interconnect Flow,-175.0,-173.0,-157.0,GdsrNGTLImperial20260702.csv
2026-07-02,2026-07-03,INTRAPROVINCIAL,Internal Delivery,-10355.0,-5479.0,-9927.0,GdsrNGTLImperial20260702.csv
2026-07-02,2026-07-03,TOTAL_NET_STORAGE,Storage,-1881.0,-1951.0,-1525.0,GdsrNGTLImperial20260702.csv
2026-07-02,2026-07-03,TOTAL_STORAGE_DELIVERIES,Storage,-3444.0,-1951.0,-2681.0,GdsrNGTLImperial20260702.csv
2026-07-02,2026-07-03,TOTAL_STORAGE_RECEIPTS,Storage,1563.0,0.0,1156.0,GdsrNGTLImperial20260702.csv
2026-07-02,2026-07-03,TOTAL_NGTL_DELIVERIES,System Total,-20763.0,-14316.0,-19964.0,GdsrNGTLImperial20260702.csv
2026-07-02,2026-07-03,TOTAL_NGTL_RECEIPTS,System Total,25137.0,14313.0,24614.0,GdsrNGTLImperial20260702.csv
2026-07-02,2026-07-03,TOTAL_STORAGE_AND_INTRAPROVINCIAL,System Total,-13799.0,-7430.0,-12607.0,GdsrNGTLImperial20260702.csv
2026-07-03,2026-07-04,ALBERTA_BC,Border Flow,-1832.0,-1818.0,-1842.0,GdsrNGTLImperial20260703.csv
2026-07-03,2026-07-04,EMPRESS,Border Flow,-4229.0,-4290.0,-4244.0,GdsrNGTLImperial20260703.csv
2026-07-03,2026-07-04,MCNEILL,Border Flow,-764.0,-828.0,-768.0,GdsrNGTLImperial20260703.csv
2026-07-03,2026-07-04,OTHER_BORDERS,Border Flow,-420.0,-456.0,-421.0,GdsrNGTLImperial20260703.csv
2026-07-03,2026-07-04,GORDONDALE,Interconnect Flow,106.0,106.0,101.0,GdsrNGTLImperial20260703.csv
2026-07-03,2026-07-04,GROUNDBIRCH_EAST,Interconnect Flow,143.0,145.0,143.0,GdsrNGTLImperial20260703.csv
2026-07-03,2026-07-04,WILLOW_VALLEY,Interconnect Flow,-168.0,-168.0,-163.0,GdsrNGTLImperial20260703.csv
2026-07-03,2026-07-04,INTRAPROVINCIAL,Internal Delivery,-10331.0,-5471.0,-9901.0,GdsrNGTLImperial20260703.csv
2026-07-03,2026-07-04,TOTAL_NET_STORAGE,Storage,-1516.0,-1688.0,-1383.0,GdsrNGTLImperial20260703.csv
2026-07-03,2026-07-04,TOTAL_STORAGE_DELIVERIES,Storage,-2871.0,-1688.0,-2506.0,GdsrNGTLImperial20260703.csv
2026-07-03,2026-07-04,TOTAL_STORAGE_RECEIPTS,Storage,1355.0,0.0,1123.0,GdsrNGTLImperial20260703.csv
2026-07-03,2026-07-04,TOTAL_NGTL_DELIVERIES,System Total,-20616.0,-14719.0,-19845.0,GdsrNGTLImperial20260703.csv
2026-07-03,2026-07-04,TOTAL_NGTL_RECEIPTS,System Total,24818.0,14220.0,24582.0,GdsrNGTLImperial20260703.csv
2026-07-03,2026-07-04,TOTAL_STORAGE_AND_INTRAPROVINCIAL,System Total,-13202.0,-7159.0,-12407.0,GdsrNGTLImperial20260703.csv
2026-07-04,2026-07-05,ALBERTA_BC,Border Flow,-1853.0,-1856.0,-1862.0,GdsrNGTLImperial20260704.csv
2026-07-04,2026-07-05,EMPRESS,Border Flow,-4257.0,-4229.0,-4269.0,GdsrNGTLImperial20260704.csv
2026-07-04,2026-07-05,MCNEILL,Border Flow,-780.0,-743.0,-770.0,GdsrNGTLImperial20260704.csv
2026-07-04,2026-07-05,OTHER_BORDERS,Border Flow,-420.0,-458.0,-424.0,GdsrNGTLImperial20260704.csv
2026-07-04,2026-07-05,GORDONDALE,Interconnect Flow,105.0,105.0,100.0,GdsrNGTLImperial20260704.csv
2026-07-04,2026-07-05,GROUNDBIRCH_EAST,Interconnect Flow,143.0,154.0,143.0,GdsrNGTLImperial20260704.csv
2026-07-04,2026-07-05,WILLOW_VALLEY,Interconnect Flow,-192.0,-194.0,-156.0,GdsrNGTLImperial20260704.csv
2026-07-04,2026-07-05,INTRAPROVINCIAL,Internal Delivery,-10336.0,-5278.0,-9909.0,GdsrNGTLImperial20260704.csv
2026-07-04,2026-07-05,TOTAL_NET_STORAGE,Storage,-1290.0,-1411.0,-1234.0,GdsrNGTLImperial20260704.csv
2026-07-04,2026-07-05,TOTAL_STORAGE_DELIVERIES,Storage,-2653.0,-1411.0,-2359.0,GdsrNGTLImperial20260704.csv
2026-07-04,2026-07-05,TOTAL_STORAGE_RECEIPTS,Storage,1363.0,0.0,1126.0,GdsrNGTLImperial20260704.csv
2026-07-04,2026-07-05,TOTAL_NGTL_DELIVERIES,System Total,-20492.0,-14169.0,-19749.0,GdsrNGTLImperial20260704.csv
2026-07-04,2026-07-05,TOTAL_NGTL_RECEIPTS,System Total,24826.0,14257.0,24584.0,GdsrNGTLImperial20260704.csv
2026-07-04,2026-07-05,TOTAL_STORAGE_AND_INTRAPROVINCIAL,System Total,-12990.0,-6689.0,-12269.0,GdsrNGTLImperial20260704.csv
2026-07-05,2026-07-06,ALBERTA_BC,Border Flow,-1878.0,-1884.0,-1893.0,GdsrNGTLImperial20260705.csv
2026-07-05,2026-07-06,EMPRESS,Border Flow,-4257.0,-4293.0,-4206.0,GdsrNGTLImperial20260705.csv
2026-07-05,2026-07-06,MCNEILL,Border Flow,-715.0,-752.0,-744.0,GdsrNGTLImperial20260705.csv
2026-07-05,2026-07-06,OTHER_BORDERS,Border Flow,-436.0,-446.0,-477.0,GdsrNGTLImperial20260705.csv
2026-07-05,2026-07-06,GORDONDALE,Interconnect Flow,122.0,127.0,100.0,GdsrNGTLImperial20260705.csv
2026-07-05,2026-07-06,GROUNDBIRCH_EAST,Interconnect Flow,142.0,170.0,143.0,GdsrNGTLImperial20260705.csv
2026-07-05,2026-07-06,WILLOW_VALLEY,Interconnect Flow,-146.0,-147.0,-56.0,GdsrNGTLImperial20260705.csv
2026-07-05,2026-07-06,INTRAPROVINCIAL,Internal Delivery,-10320.0,-5565.0,-9937.0,GdsrNGTLImperial20260705.csv
2026-07-05,2026-07-06,TOTAL_NET_STORAGE,Storage,-1443.0,-1460.0,-963.0,GdsrNGTLImperial20260705.csv
2026-07-05,2026-07-06,TOTAL_STORAGE_DELIVERIES,Storage,-2809.0,-1460.0,-2120.0,GdsrNGTLImperial20260705.csv
2026-07-05,2026-07-06,TOTAL_STORAGE_RECEIPTS,Storage,1367.0,0.0,1156.0,GdsrNGTLImperial20260705.csv
2026-07-05,2026-07-06,TOTAL_NGTL_DELIVERIES,System Total,-20562.0,-14547.0,-19432.0,GdsrNGTLImperial20260705.csv
2026-07-05,2026-07-06,TOTAL_NGTL_RECEIPTS,System Total,24846.0,14213.0,24615.0,GdsrNGTLImperial20260705.csv
2026-07-05,2026-07-06,TOTAL_STORAGE_AND_INTRAPROVINCIAL,System Total,-13129.0,-7025.0,-12057.0,GdsrNGTLImperial20260705.csv
2026-07-06,2026-07-07,ALBERTA_BC,Border Flow,-2259.0,-2333.0,-2730.0,GdsrNGTLImperial20260706.csv
2026-07-06,2026-07-07,EMPRESS,Border Flow,-4247.0,-4260.0,-4214.0,GdsrNGTLImperial20260706.csv
2026-07-06,2026-07-07,MCNEILL,Border Flow,-683.0,-655.0,-709.0,GdsrNGTLImperial20260706.csv
2026-07-06,2026-07-07,OTHER_BORDERS,Border Flow,-419.0,-432.0,-443.0,GdsrNGTLImperial20260706.csv
2026-07-06,2026-07-07,GORDONDALE,Interconnect Flow,87.0,88.0,67.0,GdsrNGTLImperial20260706.csv
2026-07-06,2026-07-07,GROUNDBIRCH_EAST,Interconnect Flow,245.0,241.0,212.0,GdsrNGTLImperial20260706.csv
2026-07-06,2026-07-07,WILLOW_VALLEY,Interconnect Flow,-45.0,-46.0,-66.0,GdsrNGTLImperial20260706.csv
2026-07-06,2026-07-07,INTRAPROVINCIAL,Internal Delivery,-10400.0,-5689.0,-9956.0,GdsrNGTLImperial20260706.csv
2026-07-06,2026-07-07,TOTAL_NET_STORAGE,Storage,-896.0,-885.0,-545.0,GdsrNGTLImperial20260706.csv
2026-07-06,2026-07-07,TOTAL_STORAGE_DELIVERIES,Storage,-2364.0,-924.0,-1637.0,GdsrNGTLImperial20260706.csv
2026-07-06,2026-07-07,TOTAL_STORAGE_RECEIPTS,Storage,1468.0,39.0,1092.0,GdsrNGTLImperial20260706.csv
2026-07-06,2026-07-07,TOTAL_NGTL_DELIVERIES,System Total,-20416.0,-14339.0,-19755.0,GdsrNGTLImperial20260706.csv
2026-07-06,2026-07-07,TOTAL_NGTL_RECEIPTS,System Total,25013.0,14351.0,24584.0,GdsrNGTLImperial20260706.csv
2026-07-06,2026-07-07,TOTAL_STORAGE_AND_INTRAPROVINCIAL,System Total,-12763.0,-6613.0,-11593.0,GdsrNGTLImperial20260706.csv
2026-07-07,2026-07-08,ALBERTA_BC,Border Flow,-2724.0,-2508.0,-2311.0,GdsrNGTLImperial20260707.csv
2026-07-07,2026-07-08,EMPRESS,Border Flow,-4233.0,-4202.0,-4219.0,GdsrNGTLImperial20260707.csv
2026-07-07,2026-07-08,MCNEILL,Border Flow,-724.0,-654.0,-738.0,GdsrNGTLImperial20260707.csv
2026-07-07,2026-07-08,OTHER_BORDERS,Border Flow,-411.0,-445.0,-443.0,GdsrNGTLImperial20260707.csv
2026-07-07,2026-07-08,GORDONDALE,Interconnect Flow,94.0,94.0,170.0,GdsrNGTLImperial20260707.csv
2026-07-07,2026-07-08,GROUNDBIRCH_EAST,Interconnect Flow,290.0,258.0,150.0,GdsrNGTLImperial20260707.csv
2026-07-07,2026-07-08,WILLOW_VALLEY,Interconnect Flow,-74.0,-74.0,-101.0,GdsrNGTLImperial20260707.csv
2026-07-07,2026-07-08,INTRAPROVINCIAL,Internal Delivery,-10403.0,-5556.0,-9960.0,GdsrNGTLImperial20260707.csv
2026-07-07,2026-07-08,TOTAL_NET_STORAGE,Storage,-299.0,-447.0,-456.0,GdsrNGTLImperial20260707.csv
2026-07-07,2026-07-08,TOTAL_STORAGE_DELIVERIES,Storage,-1866.0,-622.0,-1624.0,GdsrNGTLImperial20260707.csv
2026-07-07,2026-07-08,TOTAL_STORAGE_RECEIPTS,Storage,1567.0,175.0,1168.0,GdsrNGTLImperial20260707.csv
2026-07-07,2026-07-08,TOTAL_NGTL_DELIVERIES,System Total,-20435.0,-14062.0,-19396.0,GdsrNGTLImperial20260707.csv
2026-07-07,2026-07-08,TOTAL_NGTL_RECEIPTS,System Total,25164.0,14005.0,24705.0,GdsrNGTLImperial20260707.csv
2026-07-07,2026-07-08,TOTAL_STORAGE_AND_INTRAPROVINCIAL,System Total,-12269.0,-6178.0,-11584.0,GdsrNGTLImperial20260707.csv
2026-07-08,2026-07-09,ALBERTA_BC,Border Flow,-2326.0,-2539.0,-2322.0,GdsrNGTLImperial20260708.csv
2026-07-08,2026-07-09,EMPRESS,Border Flow,-4209.0,-4214.0,-4249.0,GdsrNGTLImperial20260708.csv
2026-07-08,2026-07-09,MCNEILL,Border Flow,-668.0,-643.0,-669.0,GdsrNGTLImperial20260708.csv
2026-07-08,2026-07-09,OTHER_BORDERS,Border Flow,-381.0,-386.0,-430.0,GdsrNGTLImperial20260708.csv
2026-07-08,2026-07-09,GORDONDALE,Interconnect Flow,172.0,167.0,101.0,GdsrNGTLImperial20260708.csv
2026-07-08,2026-07-09,GROUNDBIRCH_EAST,Interconnect Flow,189.0,187.0,117.0,GdsrNGTLImperial20260708.csv
2026-07-08,2026-07-09,WILLOW_VALLEY,Interconnect Flow,-99.0,-99.0,-99.0,GdsrNGTLImperial20260708.csv
2026-07-08,2026-07-09,INTRAPROVINCIAL,Internal Delivery,-10395.0,-5543.0,-9968.0,GdsrNGTLImperial20260708.csv
2026-07-08,2026-07-09,TOTAL_NET_STORAGE,Storage,-74.0,-20.0,-363.0,GdsrNGTLImperial20260708.csv
2026-07-08,2026-07-09,TOTAL_STORAGE_DELIVERIES,Storage,-1867.0,-503.0,-1511.0,GdsrNGTLImperial20260708.csv
2026-07-08,2026-07-09,TOTAL_STORAGE_RECEIPTS,Storage,1793.0,483.0,1147.0,GdsrNGTLImperial20260708.csv
2026-07-08,2026-07-09,TOTAL_NGTL_DELIVERIES,System Total,-19945.0,-13927.0,-19247.0,GdsrNGTLImperial20260708.csv
2026-07-08,2026-07-09,TOTAL_NGTL_RECEIPTS,System Total,25372.0,14589.0,24584.0,GdsrNGTLImperial20260708.csv
2026-07-08,2026-07-09,TOTAL_STORAGE_AND_INTRAPROVINCIAL,System Total,-12262.0,-6046.0,-11479.0,GdsrNGTLImperial20260708.csv
2026-07-09,2026-07-10,ALBERTA_BC,Border Flow,-2388.0,-2549.0,-2532.0,GdsrNGTLImperial20260709.csv
2026-07-09,2026-07-10,EMPRESS,Border Flow,-4228.0,-4257.0,-4196.0,GdsrNGTLImperial20260709.csv
2026-07-09,2026-07-10,MCNEILL,Border Flow,-797.0,-944.0,-700.0,GdsrNGTLImperial20260709.csv
2026-07-09,2026-07-10,OTHER_BORDERS,Border Flow,-364.0,-365.0,-425.0,GdsrNGTLImperial20260709.csv
2026-07-09,2026-07-10,GORDONDALE,Interconnect Flow,101.0,138.0,115.0,GdsrNGTLImperial20260709.csv
2026-07-09,2026-07-10,GROUNDBIRCH_EAST,Interconnect Flow,173.0,189.0,217.0,GdsrNGTLImperial20260709.csv
2026-07-09,2026-07-10,WILLOW_VALLEY,Interconnect Flow,-100.0,-99.0,-101.0,GdsrNGTLImperial20260709.csv
2026-07-09,2026-07-10,INTRAPROVINCIAL,Internal Delivery,-10416.0,-5728.0,-9956.0,GdsrNGTLImperial20260709.csv
2026-07-09,2026-07-10,TOTAL_NET_STORAGE,Storage,-504.0,-508.0,-500.0,GdsrNGTLImperial20260709.csv
2026-07-09,2026-07-10,TOTAL_STORAGE_DELIVERIES,Storage,-2086.0,-649.0,-1506.0,GdsrNGTLImperial20260709.csv
2026-07-09,2026-07-10,TOTAL_STORAGE_RECEIPTS,Storage,1582.0,142.0,1005.0,GdsrNGTLImperial20260709.csv
2026-07-09,2026-07-10,TOTAL_NGTL_DELIVERIES,System Total,-20380.0,-14591.0,-19415.0,GdsrNGTLImperial20260709.csv
2026-07-09,2026-07-10,TOTAL_NGTL_RECEIPTS,System Total,25069.0,14441.0,24559.0,GdsrNGTLImperial20260709.csv
2026-07-09,2026-07-10,TOTAL_STORAGE_AND_INTRAPROVINCIAL,System Total,-12503.0,-6378.0,-11462.0,GdsrNGTLImperial20260709.csv
2026-07-10,2026-07-11,ALBERTA_BC,Border Flow,-2523.0,-2555.0,-2550.0,GdsrNGTLImperial20260710.csv
2026-07-10,2026-07-11,EMPRESS,Border Flow,-4240.0,-4222.0,-4172.0,GdsrNGTLImperial20260710.csv
2026-07-10,2026-07-11,MCNEILL,Border Flow,-779.0,-892.0,-863.0,GdsrNGTLImperial20260710.csv
2026-07-10,2026-07-11,OTHER_BORDERS,Border Flow,-373.0,-363.0,-365.0,GdsrNGTLImperial20260710.csv
2026-07-10,2026-07-11,GORDONDALE,Interconnect Flow,115.0,123.0,135.0,GdsrNGTLImperial20260710.csv
2026-07-10,2026-07-11,GROUNDBIRCH_EAST,Interconnect Flow,216.0,238.0,286.0,GdsrNGTLImperial20260710.csv
2026-07-10,2026-07-11,WILLOW_VALLEY,Interconnect Flow,-100.0,-100.0,-100.0,GdsrNGTLImperial20260710.csv
2026-07-10,2026-07-11,INTRAPROVINCIAL,Internal Delivery,-10409.0,-5735.0,-9943.0,GdsrNGTLImperial20260710.csv
2026-07-10,2026-07-11,TOTAL_NET_STORAGE,Storage,-599.0,-780.0,-628.0,GdsrNGTLImperial20260710.csv
2026-07-10,2026-07-11,TOTAL_STORAGE_DELIVERIES,Storage,-1925.0,-780.0,-1728.0,GdsrNGTLImperial20260710.csv
2026-07-10,2026-07-11,TOTAL_STORAGE_RECEIPTS,Storage,1326.0,0.0,1100.0,GdsrNGTLImperial20260710.csv
2026-07-10,2026-07-11,TOTAL_NGTL_DELIVERIES,System Total,-20349.0,-14646.0,-19720.0,GdsrNGTLImperial20260710.csv
2026-07-10,2026-07-11,TOTAL_NGTL_RECEIPTS,System Total,24874.0,14409.0,24742.0,GdsrNGTLImperial20260710.csv
2026-07-10,2026-07-11,TOTAL_STORAGE_AND_INTRAPROVINCIAL,System Total,-12334.0,-6515.0,-11671.0,GdsrNGTLImperial20260710.csv
2026-07-11,2026-07-12,ALBERTA_BC,Border Flow,-2548.0,-2542.0,-2545.0,GdsrNGTLImperial20260711.csv
2026-07-11,2026-07-12,EMPRESS,Border Flow,-4233.0,-4251.0,-4200.0,GdsrNGTLImperial20260711.csv
2026-07-11,2026-07-12,MCNEILL,Border Flow,-843.0,-841.0,-865.0,GdsrNGTLImperial20260711.csv
2026-07-11,2026-07-12,OTHER_BORDERS,Border Flow,-366.0,-366.0,-366.0,GdsrNGTLImperial20260711.csv
2026-07-11,2026-07-12,GORDONDALE,Interconnect Flow,152.0,150.0,152.0,GdsrNGTLImperial20260711.csv
2026-07-11,2026-07-12,GROUNDBIRCH_EAST,Interconnect Flow,302.0,295.0,285.0,GdsrNGTLImperial20260711.csv
2026-07-11,2026-07-12,WILLOW_VALLEY,Interconnect Flow,-104.0,-103.0,-120.0,GdsrNGTLImperial20260711.csv
2026-07-11,2026-07-12,INTRAPROVINCIAL,Internal Delivery,-10443.0,-5637.0,-9967.0,GdsrNGTLImperial20260711.csv
2026-07-11,2026-07-12,TOTAL_NET_STORAGE,Storage,-687.0,-739.0,-629.0,GdsrNGTLImperial20260711.csv
2026-07-11,2026-07-12,TOTAL_STORAGE_DELIVERIES,Storage,-2028.0,-739.0,-1730.0,GdsrNGTLImperial20260711.csv
2026-07-11,2026-07-12,TOTAL_STORAGE_RECEIPTS,Storage,1341.0,0.0,1101.0,GdsrNGTLImperial20260711.csv
2026-07-11,2026-07-12,TOTAL_NGTL_DELIVERIES,System Total,-20565.0,-14480.0,-19793.0,GdsrNGTLImperial20260711.csv
2026-07-11,2026-07-12,TOTAL_NGTL_RECEIPTS,System Total,25012.0,14461.0,24760.0,GdsrNGTLImperial20260711.csv
2026-07-11,2026-07-12,TOTAL_STORAGE_AND_INTRAPROVINCIAL,System Total,-12471.0,-6376.0,-11697.0,GdsrNGTLImperial20260711.csv
2026-07-12,2026-07-13,ALBERTA_BC,Border Flow,-2541.0,-2544.0,-2541.0,GdsrNGTLImperial20260712.csv
2026-07-12,2026-07-13,EMPRESS,Border Flow,-4217.0,-4254.0,-4187.0,GdsrNGTLImperial20260712.csv
2026-07-12,2026-07-13,MCNEILL,Border Flow,-810.0,-783.0,-802.0,GdsrNGTLImperial20260712.csv
2026-07-12,2026-07-13,OTHER_BORDERS,Border Flow,-367.0,-369.0,-429.0,GdsrNGTLImperial20260712.csv
2026-07-12,2026-07-13,GORDONDALE,Interconnect Flow,118.0,125.0,118.0,GdsrNGTLImperial20260712.csv
2026-07-12,2026-07-13,GROUNDBIRCH_EAST,Interconnect Flow,286.0,284.0,286.0,GdsrNGTLImperial20260712.csv
2026-07-12,2026-07-13,WILLOW_VALLEY,Interconnect Flow,-123.0,-123.0,-117.0,GdsrNGTLImperial20260712.csv
2026-07-12,2026-07-13,INTRAPROVINCIAL,Internal Delivery,-10442.0,-5595.0,-9979.0,GdsrNGTLImperial20260712.csv
2026-07-12,2026-07-13,TOTAL_NET_STORAGE,Storage,-702.0,-733.0,-489.0,GdsrNGTLImperial20260712.csv
2026-07-12,2026-07-13,TOTAL_STORAGE_DELIVERIES,Storage,-1975.0,-733.0,-1582.0,GdsrNGTLImperial20260712.csv
2026-07-12,2026-07-13,TOTAL_STORAGE_RECEIPTS,Storage,1273.0,0.0,1093.0,GdsrNGTLImperial20260712.csv
2026-07-12,2026-07-13,TOTAL_NGTL_DELIVERIES,System Total,-20475.0,-14402.0,-19638.0,GdsrNGTLImperial20260712.csv
2026-07-12,2026-07-13,TOTAL_NGTL_RECEIPTS,System Total,24894.0,14464.0,24718.0,GdsrNGTLImperial20260712.csv
2026-07-12,2026-07-13,TOTAL_STORAGE_AND_INTRAPROVINCIAL,System Total,-12417.0,-6327.0,-11561.0,GdsrNGTLImperial20260712.csv
2026-07-13,2026-07-14,ALBERTA_BC,Border Flow,-2549.0,-2538.0,-2548.0,GdsrNGTLImperial20260713.csv
2026-07-13,2026-07-14,EMPRESS,Border Flow,-4213.0,-4230.0,-4200.0,GdsrNGTLImperial20260713.csv
2026-07-13,2026-07-14,MCNEILL,Border Flow,-744.0,-718.0,-738.0,GdsrNGTLImperial20260713.csv
2026-07-13,2026-07-14,OTHER_BORDERS,Border Flow,-378.0,-366.0,-302.0,GdsrNGTLImperial20260713.csv
2026-07-13,2026-07-14,GORDONDALE,Interconnect Flow,105.0,104.0,93.0,GdsrNGTLImperial20260713.csv
2026-07-13,2026-07-14,GROUNDBIRCH_EAST,Interconnect Flow,248.0,245.0,231.0,GdsrNGTLImperial20260713.csv
2026-07-13,2026-07-14,WILLOW_VALLEY,Interconnect Flow,-122.0,-123.0,-236.0,GdsrNGTLImperial20260713.csv
2026-07-13,2026-07-14,INTRAPROVINCIAL,Internal Delivery,-10451.0,-5767.0,-9969.0,GdsrNGTLImperial20260713.csv
2026-07-13,2026-07-14,TOTAL_NET_STORAGE,Storage,-452.0,-585.0,-414.0,GdsrNGTLImperial20260713.csv
2026-07-13,2026-07-14,TOTAL_STORAGE_DELIVERIES,Storage,-1727.0,-646.0,-1530.0,GdsrNGTLImperial20260713.csv
2026-07-13,2026-07-14,TOTAL_STORAGE_RECEIPTS,Storage,1275.0,60.0,1116.0,GdsrNGTLImperial20260713.csv
2026-07-13,2026-07-14,TOTAL_NGTL_DELIVERIES,System Total,-20183.0,-14388.0,-19523.0,GdsrNGTLImperial20260713.csv
2026-07-13,2026-07-14,TOTAL_NGTL_RECEIPTS,System Total,24850.0,14306.0,24661.0,GdsrNGTLImperial20260713.csv
2026-07-13,2026-07-14,TOTAL_STORAGE_AND_INTRAPROVINCIAL,System Total,-12178.0,-6413.0,-11499.0,GdsrNGTLImperial20260713.csv
2026-07-14,2026-07-15,ALBERTA_BC,Border Flow,-2554.0,-2554.0,-2555.0,GdsrNGTLImperial20260714.csv
2026-07-14,2026-07-15,EMPRESS,Border Flow,-4270.0,-4285.0,-4199.0,GdsrNGTLImperial20260714.csv
2026-07-14,2026-07-15,MCNEILL,Border Flow,-704.0,-738.0,-731.0,GdsrNGTLImperial20260714.csv
2026-07-14,2026-07-15,OTHER_BORDERS,Border Flow,-260.0,-247.0,-330.0,GdsrNGTLImperial20260714.csv
2026-07-14,2026-07-15,GORDONDALE,Interconnect Flow,92.0,92.0,103.0,GdsrNGTLImperial20260714.csv
2026-07-14,2026-07-15,GROUNDBIRCH_EAST,Interconnect Flow,227.0,227.0,139.0,GdsrNGTLImperial20260714.csv
2026-07-14,2026-07-15,WILLOW_VALLEY,Interconnect Flow,-351.0,-346.0,-158.0,GdsrNGTLImperial20260714.csv
2026-07-14,2026-07-15,INTRAPROVINCIAL,Internal Delivery,-10433.0,-5748.0,-9983.0,GdsrNGTLImperial20260714.csv
2026-07-14,2026-07-15,TOTAL_NET_STORAGE,Storage,-138.0,-258.0,-303.0,GdsrNGTLImperial20260714.csv
2026-07-14,2026-07-15,TOTAL_STORAGE_DELIVERIES,Storage,-1566.0,-361.0,-1647.0,GdsrNGTLImperial20260714.csv
2026-07-14,2026-07-15,TOTAL_STORAGE_RECEIPTS,Storage,1428.0,103.0,1344.0,GdsrNGTLImperial20260714.csv
2026-07-14,2026-07-15,TOTAL_NGTL_DELIVERIES,System Total,-20139.0,-14279.0,-19603.0,GdsrNGTLImperial20260714.csv
2026-07-14,2026-07-15,TOTAL_NGTL_RECEIPTS,System Total,24970.0,14012.0,24811.0,GdsrNGTLImperial20260714.csv
2026-07-14,2026-07-15,TOTAL_STORAGE_AND_INTRAPROVINCIAL,System Total,-12000.0,-6109.0,-11630.0,GdsrNGTLImperial20260714.csv
2026-07-15,2026-07-16,ALBERTA_BC,Border Flow,-2556.0,-2566.0,-2549.0,GdsrNGTLImperial20260715.csv
2026-07-15,2026-07-16,EMPRESS,Border Flow,-4333.0,-4354.0,-4216.0,GdsrNGTLImperial20260715.csv
2026-07-15,2026-07-16,MCNEILL,Border Flow,-653.0,-755.0,-703.0,GdsrNGTLImperial20260715.csv
2026-07-15,2026-07-16,OTHER_BORDERS,Border Flow,-265.0,-258.0,-329.0,GdsrNGTLImperial20260715.csv
2026-07-15,2026-07-16,GORDONDALE,Interconnect Flow,117.0,102.0,133.0,GdsrNGTLImperial20260715.csv
2026-07-15,2026-07-16,GROUNDBIRCH_EAST,Interconnect Flow,150.0,101.0,203.0,GdsrNGTLImperial20260715.csv
2026-07-15,2026-07-16,WILLOW_VALLEY,Interconnect Flow,-157.0,-159.0,-81.0,GdsrNGTLImperial20260715.csv
2026-07-15,2026-07-16,INTRAPROVINCIAL,Internal Delivery,-10437.0,-5804.0,-9972.0,GdsrNGTLImperial20260715.csv
2026-07-15,2026-07-16,TOTAL_NET_STORAGE,Storage,-79.0,-177.0,-260.0,GdsrNGTLImperial20260715.csv
2026-07-15,2026-07-16,TOTAL_STORAGE_DELIVERIES,Storage,-1743.0,-398.0,-1565.0,GdsrNGTLImperial20260715.csv
2026-07-15,2026-07-16,TOTAL_STORAGE_RECEIPTS,Storage,1665.0,220.0,1304.0,GdsrNGTLImperial20260715.csv
2026-07-15,2026-07-16,TOTAL_NGTL_DELIVERIES,System Total,-20146.0,-14294.0,-19415.0,GdsrNGTLImperial20260715.csv
2026-07-15,2026-07-16,TOTAL_NGTL_RECEIPTS,System Total,25158.0,14106.0,24866.0,GdsrNGTLImperial20260715.csv
2026-07-15,2026-07-16,TOTAL_STORAGE_AND_INTRAPROVINCIAL,System Total,-12181.0,-6202.0,-11537.0,GdsrNGTLImperial20260715.csv
2026-07-16,2026-07-17,ALBERTA_BC,Border Flow,-2553.0,-2504.0,-2599.0,GdsrNGTLImperial20260716.csv
2026-07-16,2026-07-17,EMPRESS,Border Flow,-4311.0,-4255.0,-4167.0,GdsrNGTLImperial20260716.csv
2026-07-16,2026-07-17,MCNEILL,Border Flow,-731.0,-668.0,-705.0,GdsrNGTLImperial20260716.csv
2026-07-16,2026-07-17,OTHER_BORDERS,Border Flow,-286.0,-253.0,-331.0,GdsrNGTLImperial20260716.csv
2026-07-16,2026-07-17,GORDONDALE,Interconnect Flow,134.0,132.0,117.0,GdsrNGTLImperial20260716.csv
2026-07-16,2026-07-17,GROUNDBIRCH_EAST,Interconnect Flow,291.0,277.0,180.0,GdsrNGTLImperial20260716.csv
2026-07-16,2026-07-17,WILLOW_VALLEY,Interconnect Flow,-17.0,-17.0,-3.0,GdsrNGTLImperial20260716.csv
2026-07-16,2026-07-17,INTRAPROVINCIAL,Internal Delivery,-10439.0,-5818.0,-9975.0,GdsrNGTLImperial20260716.csv
2026-07-16,2026-07-17,TOTAL_NET_STORAGE,Storage,-497.0,-427.0,-451.0,GdsrNGTLImperial20260716.csv
2026-07-16,2026-07-17,TOTAL_STORAGE_DELIVERIES,Storage,-2227.0,-636.0,-1577.0,GdsrNGTLImperial20260716.csv
2026-07-16,2026-07-17,TOTAL_STORAGE_RECEIPTS,Storage,1731.0,209.0,1126.0,GdsrNGTLImperial20260716.csv
2026-07-16,2026-07-17,TOTAL_NGTL_DELIVERIES,System Total,-20564.0,-14151.0,-19357.0,GdsrNGTLImperial20260716.csv
2026-07-16,2026-07-17,TOTAL_NGTL_RECEIPTS,System Total,25381.0,14468.0,24649.0,GdsrNGTLImperial20260716.csv
2026-07-16,2026-07-17,TOTAL_STORAGE_AND_INTRAPROVINCIAL,System Total,-12666.0,-6454.0,-11552.0,GdsrNGTLImperial20260716.csv
2026-07-17,2026-07-18,ALBERTA_BC,Border Flow,-2600.0,-2554.0,-2595.0,GdsrNGTLImperial20260717.csv
2026-07-17,2026-07-18,EMPRESS,Border Flow,-4284.0,-4201.0,-4195.0,GdsrNGTLImperial20260717.csv
2026-07-17,2026-07-18,MCNEILL,Border Flow,-575.0,-645.0,-646.0,GdsrNGTLImperial20260717.csv
2026-07-17,2026-07-18,OTHER_BORDERS,Border Flow,-278.0,-249.0,-248.0,GdsrNGTLImperial20260717.csv
2026-07-17,2026-07-18,GORDONDALE,Interconnect Flow,118.0,130.0,107.0,GdsrNGTLImperial20260717.csv
2026-07-17,2026-07-18,GROUNDBIRCH_EAST,Interconnect Flow,280.0,279.0,322.0,GdsrNGTLImperial20260717.csv
2026-07-17,2026-07-18,WILLOW_VALLEY,Interconnect Flow,-1.0,0.0,-21.0,GdsrNGTLImperial20260717.csv
2026-07-17,2026-07-18,INTRAPROVINCIAL,Internal Delivery,-10460.0,-5863.0,-9971.0,GdsrNGTLImperial20260717.csv
2026-07-17,2026-07-18,TOTAL_NET_STORAGE,Storage,-736.0,-833.0,-750.0,GdsrNGTLImperial20260717.csv
2026-07-17,2026-07-18,TOTAL_STORAGE_DELIVERIES,Storage,-2117.0,-934.0,-1936.0,GdsrNGTLImperial20260717.csv
2026-07-17,2026-07-18,TOTAL_STORAGE_RECEIPTS,Storage,1381.0,101.0,1186.0,GdsrNGTLImperial20260717.csv
2026-07-17,2026-07-18,TOTAL_NGTL_DELIVERIES,System Total,-20315.0,-14445.0,-19611.0,GdsrNGTLImperial20260717.csv
2026-07-17,2026-07-18,TOTAL_NGTL_RECEIPTS,System Total,25006.0,14301.0,24838.0,GdsrNGTLImperial20260717.csv
2026-07-17,2026-07-18,TOTAL_STORAGE_AND_INTRAPROVINCIAL,System Total,-12577.0,-6796.0,-11907.0,GdsrNGTLImperial20260717.csv
2026-07-18,2026-07-19,ALBERTA_BC,Border Flow,-2573.0,-2642.0,-2315.0,GdsrNGTLImperial20260718.csv
2026-07-18,2026-07-19,EMPRESS,Border Flow,-4251.0,-4324.0,-4252.0,GdsrNGTLImperial20260718.csv
2026-07-18,2026-07-19,MCNEILL,Border Flow,-646.0,-628.0,-641.0,GdsrNGTLImperial20260718.csv
2026-07-18,2026-07-19,OTHER_BORDERS,Border Flow,-248.0,-254.0,-248.0,GdsrNGTLImperial20260718.csv
2026-07-18,2026-07-19,GORDONDALE,Interconnect Flow,106.0,91.0,67.0,GdsrNGTLImperial20260718.csv
2026-07-18,2026-07-19,GROUNDBIRCH_EAST,Interconnect Flow,356.0,336.0,330.0,GdsrNGTLImperial20260718.csv
2026-07-18,2026-07-19,WILLOW_VALLEY,Interconnect Flow,-21.0,-21.0,-21.0,GdsrNGTLImperial20260718.csv
2026-07-18,2026-07-19,INTRAPROVINCIAL,Internal Delivery,-10429.0,-5720.0,-9931.0,GdsrNGTLImperial20260718.csv
2026-07-18,2026-07-19,TOTAL_NET_STORAGE,Storage,-760.0,-815.0,-750.0,GdsrNGTLImperial20260718.csv
2026-07-18,2026-07-19,TOTAL_STORAGE_DELIVERIES,Storage,-2061.0,-815.0,-1925.0,GdsrNGTLImperial20260718.csv
2026-07-18,2026-07-19,TOTAL_STORAGE_RECEIPTS,Storage,1302.0,0.0,1175.0,GdsrNGTLImperial20260718.csv
2026-07-18,2026-07-19,TOTAL_NGTL_DELIVERIES,System Total,-20229.0,-14405.0,-19332.0,GdsrNGTLImperial20260718.csv
2026-07-18,2026-07-19,TOTAL_NGTL_RECEIPTS,System Total,25056.0,14260.0,24882.0,GdsrNGTLImperial20260718.csv
2026-07-18,2026-07-19,TOTAL_STORAGE_AND_INTRAPROVINCIAL,System Total,-12490.0,-6536.0,-11856.0,GdsrNGTLImperial20260718.csv
2026-07-19,2026-07-20,ALBERTA_BC,Border Flow,-2354.0,-2374.0,-2354.0,GdsrNGTLImperial20260719.csv
2026-07-19,2026-07-20,EMPRESS,Border Flow,-4248.0,-4443.0,-4123.0,GdsrNGTLImperial20260719.csv
2026-07-19,2026-07-20,MCNEILL,Border Flow,-643.0,-655.0,-626.0,GdsrNGTLImperial20260719.csv
2026-07-19,2026-07-20,OTHER_BORDERS,Border Flow,-248.0,-257.0,-301.0,GdsrNGTLImperial20260719.csv
2026-07-19,2026-07-20,GORDONDALE,Interconnect Flow,67.0,65.0,67.0,GdsrNGTLImperial20260719.csv
2026-07-19,2026-07-20,GROUNDBIRCH_EAST,Interconnect Flow,388.0,399.0,315.0,GdsrNGTLImperial20260719.csv
2026-07-19,2026-07-20,WILLOW_VALLEY,Interconnect Flow,-13.0,-14.0,-13.0,GdsrNGTLImperial20260719.csv
2026-07-19,2026-07-20,INTRAPROVINCIAL,Internal Delivery,-10413.0,-5739.0,-9959.0,GdsrNGTLImperial20260719.csv
2026-07-19,2026-07-20,TOTAL_NET_STORAGE,Storage,-907.0,-817.0,-1002.0,GdsrNGTLImperial20260719.csv
2026-07-19,2026-07-20,TOTAL_STORAGE_DELIVERIES,Storage,-2198.0,-817.0,-2102.0,GdsrNGTLImperial20260719.csv
2026-07-19,2026-07-20,TOTAL_STORAGE_RECEIPTS,Storage,1291.0,0.0,1100.0,GdsrNGTLImperial20260719.csv
2026-07-19,2026-07-20,TOTAL_NGTL_DELIVERIES,System Total,-20117.0,-14299.0,-19479.0,GdsrNGTLImperial20260719.csv
2026-07-19,2026-07-20,TOTAL_NGTL_RECEIPTS,System Total,25056.0,14643.0,24793.0,GdsrNGTLImperial20260719.csv
2026-07-19,2026-07-20,TOTAL_STORAGE_AND_INTRAPROVINCIAL,System Total,-12611.0,-6556.0,-12061.0,GdsrNGTLImperial20260719.csv
2026-07-20,2026-07-21,ALBERTA_BC,Border Flow,-2358.0,-2367.0,-2364.0,GdsrNGTLImperial20260720.csv
2026-07-20,2026-07-21,EMPRESS,Border Flow,-4212.0,-4226.0,-4172.0,GdsrNGTLImperial20260720.csv
2026-07-20,2026-07-21,MCNEILL,Border Flow,-663.0,-647.0,-693.0,GdsrNGTLImperial20260720.csv
2026-07-20,2026-07-21,OTHER_BORDERS,Border Flow,-246.0,-227.0,-301.0,GdsrNGTLImperial20260720.csv
2026-07-20,2026-07-21,GORDONDALE,Interconnect Flow,66.0,64.0,101.0,GdsrNGTLImperial20260720.csv
2026-07-20,2026-07-21,GROUNDBIRCH_EAST,Interconnect Flow,338.0,358.0,153.0,GdsrNGTLImperial20260720.csv
2026-07-20,2026-07-21,WILLOW_VALLEY,Interconnect Flow,-12.0,-13.0,-7.0,GdsrNGTLImperial20260720.csv
2026-07-20,2026-07-21,INTRAPROVINCIAL,Internal Delivery,-10479.0,-5957.0,-10019.0,GdsrNGTLImperial20260720.csv
2026-07-20,2026-07-21,TOTAL_NET_STORAGE,Storage,-1443.0,-1409.0,-897.0,GdsrNGTLImperial20260720.csv
2026-07-20,2026-07-21,TOTAL_STORAGE_DELIVERIES,Storage,-2795.0,-1409.0,-1968.0,GdsrNGTLImperial20260720.csv
2026-07-20,2026-07-21,TOTAL_STORAGE_RECEIPTS,Storage,1352.0,0.0,1070.0,GdsrNGTLImperial20260720.csv
2026-07-20,2026-07-21,TOTAL_NGTL_DELIVERIES,System Total,-20765.0,-14845.0,-19524.0,GdsrNGTLImperial20260720.csv
2026-07-20,2026-07-21,TOTAL_NGTL_RECEIPTS,System Total,25069.0,14792.0,24647.0,GdsrNGTLImperial20260720.csv
2026-07-20,2026-07-21,TOTAL_STORAGE_AND_INTRAPROVINCIAL,System Total,-13274.0,-7366.0,-11986.0,GdsrNGTLImperial20260720.csv
2026-07-21,2026-07-22,ALBERTA_BC,Border Flow,-2361.0,-2371.0,-2355.0,GdsrNGTLImperial20260721.csv
2026-07-21,2026-07-22,EMPRESS,Border Flow,-4233.0,-4224.0,-4213.0,GdsrNGTLImperial20260721.csv
2026-07-21,2026-07-22,MCNEILL,Border Flow,-706.0,-685.0,-708.0,GdsrNGTLImperial20260721.csv
2026-07-21,2026-07-22,OTHER_BORDERS,Border Flow,-272.0,-264.0,-327.0,GdsrNGTLImperial20260721.csv
2026-07-21,2026-07-22,GORDONDALE,Interconnect Flow,100.0,104.0,100.0,GdsrNGTLImperial20260721.csv
2026-07-21,2026-07-22,GROUNDBIRCH_EAST,Interconnect Flow,247.0,261.0,209.0,GdsrNGTLImperial20260721.csv
2026-07-21,2026-07-22,WILLOW_VALLEY,Interconnect Flow,-3.0,-3.0,-4.0,GdsrNGTLImperial20260721.csv
2026-07-21,2026-07-22,INTRAPROVINCIAL,Internal Delivery,-10499.0,-5966.0,-10004.0,GdsrNGTLImperial20260721.csv
2026-07-21,2026-07-22,TOTAL_NET_STORAGE,Storage,-1260.0,-1388.0,-854.0,GdsrNGTLImperial20260721.csv
2026-07-21,2026-07-22,TOTAL_STORAGE_DELIVERIES,Storage,-2499.0,-1388.0,-1979.0,GdsrNGTLImperial20260721.csv
2026-07-21,2026-07-22,TOTAL_STORAGE_RECEIPTS,Storage,1239.0,0.0,1125.0,GdsrNGTLImperial20260721.csv
2026-07-21,2026-07-22,TOTAL_NGTL_DELIVERIES,System Total,-20573.0,-14900.0,-19590.0,GdsrNGTLImperial20260721.csv
2026-07-21,2026-07-22,TOTAL_NGTL_RECEIPTS,System Total,24907.0,14541.0,24754.0,GdsrNGTLImperial20260721.csv
2026-07-21,2026-07-22,TOTAL_STORAGE_AND_INTRAPROVINCIAL,System Total,-12998.0,-7354.0,-11983.0,GdsrNGTLImperial20260721.csv
2026-07-22,2026-07-23,ALBERTA_BC,Border Flow,-2362.0,-2390.0,-2362.0,GdsrNGTLImperial20260722.csv
2026-07-22,2026-07-23,EMPRESS,Border Flow,-4234.0,-4181.0,-3942.0,GdsrNGTLImperial20260722.csv
2026-07-22,2026-07-23,MCNEILL,Border Flow,-693.0,-696.0,-701.0,GdsrNGTLImperial20260722.csv
2026-07-22,2026-07-23,OTHER_BORDERS,Border Flow,-226.0,-217.0,-289.0,GdsrNGTLImperial20260722.csv
2026-07-22,2026-07-23,GORDONDALE,Interconnect Flow,114.0,111.0,155.0,GdsrNGTLImperial20260722.csv
2026-07-22,2026-07-23,GROUNDBIRCH_EAST,Interconnect Flow,290.0,291.0,268.0,GdsrNGTLImperial20260722.csv
2026-07-22,2026-07-23,WILLOW_VALLEY,Interconnect Flow,-2.0,0.0,-7.0,GdsrNGTLImperial20260722.csv
2026-07-22,2026-07-23,INTRAPROVINCIAL,Internal Delivery,-10508.0,-6027.0,-9989.0,GdsrNGTLImperial20260722.csv
2026-07-22,2026-07-23,TOTAL_NET_STORAGE,Storage,-717.0,-966.0,-486.0,GdsrNGTLImperial20260722.csv
2026-07-22,2026-07-23,TOTAL_STORAGE_DELIVERIES,Storage,-2088.0,-966.0,-1634.0,GdsrNGTLImperial20260722.csv
2026-07-22,2026-07-23,TOTAL_STORAGE_RECEIPTS,Storage,1371.0,0.0,1148.0,GdsrNGTLImperial20260722.csv
2026-07-22,2026-07-23,TOTAL_NGTL_DELIVERIES,System Total,-20112.0,-14478.0,-18925.0,GdsrNGTLImperial20260722.csv
2026-07-22,2026-07-23,TOTAL_NGTL_RECEIPTS,System Total,25089.0,14066.0,24884.0,GdsrNGTLImperial20260722.csv
2026-07-22,2026-07-23,TOTAL_STORAGE_AND_INTRAPROVINCIAL,System Total,-12596.0,-6993.0,-11624.0,GdsrNGTLImperial20260722.csv
2026-07-23,2026-07-24,ALBERTA_BC,Border Flow,-2362.0,-2373.0,-2361.0,GdsrNGTLImperial20260723.csv
2026-07-23,2026-07-24,EMPRESS,Border Flow,-3938.0,-3954.0,-3864.0,GdsrNGTLImperial20260723.csv
2026-07-23,2026-07-24,MCNEILL,Border Flow,-584.0,-693.0,-713.0,GdsrNGTLImperial20260723.csv
2026-07-23,2026-07-24,OTHER_BORDERS,Border Flow,-191.0,-226.0,-317.0,GdsrNGTLImperial20260723.csv
2026-07-23,2026-07-24,GORDONDALE,Interconnect Flow,124.0,147.0,72.0,GdsrNGTLImperial20260723.csv
2026-07-23,2026-07-24,GROUNDBIRCH_EAST,Interconnect Flow,276.0,306.0,177.0,GdsrNGTLImperial20260723.csv
2026-07-23,2026-07-24,WILLOW_VALLEY,Interconnect Flow,-4.0,-6.0,-3.0,GdsrNGTLImperial20260723.csv
2026-07-23,2026-07-24,INTRAPROVINCIAL,Internal Delivery,-10472.0,-5911.0,-9970.0,GdsrNGTLImperial20260723.csv
2026-07-23,2026-07-24,TOTAL_NET_STORAGE,Storage,-741.0,-650.0,-956.0,GdsrNGTLImperial20260723.csv
2026-07-23,2026-07-24,TOTAL_STORAGE_DELIVERIES,Storage,-2279.0,-757.0,-1996.0,GdsrNGTLImperial20260723.csv
2026-07-23,2026-07-24,TOTAL_STORAGE_RECEIPTS,Storage,1538.0,107.0,1039.0,GdsrNGTLImperial20260723.csv
2026-07-23,2026-07-24,TOTAL_NGTL_DELIVERIES,System Total,-19830.0,-13920.0,-19224.0,GdsrNGTLImperial20260723.csv
2026-07-23,2026-07-24,TOTAL_NGTL_RECEIPTS,System Total,25251.0,14904.0,24600.0,GdsrNGTLImperial20260723.csv
2026-07-23,2026-07-24,TOTAL_STORAGE_AND_INTRAPROVINCIAL,System Total,-12751.0,-6668.0,-11965.0,GdsrNGTLImperial20260723.csv
2026-07-24,2026-07-25,ALBERTA_BC,Border Flow,-2357.0,-2424.0,-2645.0,GdsrNGTLImperial20260724.csv
2026-07-24,2026-07-25,EMPRESS,Border Flow,-4045.0,-4037.0,-4171.0,GdsrNGTLImperial20260724.csv
2026-07-24,2026-07-25,MCNEILL,Border Flow,-637.0,-655.0,-651.0,GdsrNGTLImperial20260724.csv
2026-07-24,2026-07-25,OTHER_BORDERS,Border Flow,-247.0,-263.0,-235.0,GdsrNGTLImperial20260724.csv
2026-07-24,2026-07-25,GORDONDALE,Interconnect Flow,100.0,99.0,111.0,GdsrNGTLImperial20260724.csv
2026-07-24,2026-07-25,GROUNDBIRCH_EAST,Interconnect Flow,203.0,206.0,220.0,GdsrNGTLImperial20260724.csv
2026-07-24,2026-07-25,WILLOW_VALLEY,Interconnect Flow,-1.0,0.0,-12.0,GdsrNGTLImperial20260724.csv
2026-07-24,2026-07-25,INTRAPROVINCIAL,Internal Delivery,-10449.0,-5809.0,-9978.0,GdsrNGTLImperial20260724.csv
2026-07-24,2026-07-25,TOTAL_NET_STORAGE,Storage,-1631.0,-1753.0,-907.0,GdsrNGTLImperial20260724.csv
2026-07-24,2026-07-25,TOTAL_STORAGE_DELIVERIES,Storage,-2919.0,-1753.0,-1991.0,GdsrNGTLImperial20260724.csv
2026-07-24,2026-07-25,TOTAL_STORAGE_RECEIPTS,Storage,1288.0,0.0,1085.0,GdsrNGTLImperial20260724.csv
2026-07-24,2026-07-25,TOTAL_NGTL_DELIVERIES,System Total,-20655.0,-14942.0,-19683.0,GdsrNGTLImperial20260724.csv
2026-07-24,2026-07-25,TOTAL_NGTL_RECEIPTS,System Total,20060.0,14362.0,18778.0,GdsrNGTLImperial20260724.csv
2026-07-24,2026-07-25,TOTAL_STORAGE_AND_INTRAPROVINCIAL,System Total,-13368.0,-7562.0,-11970.0,GdsrNGTLImperial20260724.csv
2026-07-25,2026-07-26,ALBERTA_BC,Border Flow,-2571.0,-2592.0,-2568.0,GdsrNGTLImperial20260725.csv
2026-07-25,2026-07-26,EMPRESS,Border Flow,-4200.0,-4043.0,-4203.0,GdsrNGTLImperial20260725.csv
2026-07-25,2026-07-26,MCNEILL,Border Flow,-646.0,-529.0,-647.0,GdsrNGTLImperial20260725.csv
2026-07-25,2026-07-26,OTHER_BORDERS,Border Flow,-235.0,-276.0,-235.0,GdsrNGTLImperial20260725.csv
2026-07-25,2026-07-26,GORDONDALE,Interconnect Flow,128.0,128.0,98.0,GdsrNGTLImperial20260725.csv
2026-07-25,2026-07-26,GROUNDBIRCH_EAST,Interconnect Flow,217.0,217.0,221.0,GdsrNGTLImperial20260725.csv
2026-07-25,2026-07-26,WILLOW_VALLEY,Interconnect Flow,-11.0,-11.0,-18.0,GdsrNGTLImperial20260725.csv
2026-07-25,2026-07-26,INTRAPROVINCIAL,Internal Delivery,-10436.0,-5784.0,-9980.0,GdsrNGTLImperial20260725.csv
2026-07-25,2026-07-26,TOTAL_NET_STORAGE,Storage,-824.0,-990.0,-1008.0,GdsrNGTLImperial20260725.csv
2026-07-25,2026-07-26,TOTAL_STORAGE_DELIVERIES,Storage,-2066.0,-990.0,-2087.0,GdsrNGTLImperial20260725.csv
2026-07-25,2026-07-26,TOTAL_STORAGE_RECEIPTS,Storage,1242.0,0.0,1079.0,GdsrNGTLImperial20260725.csv
2026-07-25,2026-07-26,TOTAL_NGTL_DELIVERIES,System Total,-20165.0,-14226.0,-19739.0,GdsrNGTLImperial20260725.csv
2026-07-25,2026-07-26,TOTAL_NGTL_RECEIPTS,System Total,18946.0,14386.0,18754.0,GdsrNGTLImperial20260725.csv
2026-07-25,2026-07-26,TOTAL_STORAGE_AND_INTRAPROVINCIAL,System Total,-12502.0,-6775.0,-12068.0,GdsrNGTLImperial20260725.csv
2026-07-26,2026-07-27,ALBERTA_BC,Border Flow,-2554.0,-2551.0,-2562.0,GdsrNGTLImperial20260726.csv
2026-07-26,2026-07-27,EMPRESS,Border Flow,-4175.0,-4151.0,-4169.0,GdsrNGTLImperial20260726.csv
2026-07-26,2026-07-27,MCNEILL,Border Flow,-648.0,-732.0,-633.0,GdsrNGTLImperial20260726.csv
2026-07-26,2026-07-27,OTHER_BORDERS,Border Flow,-235.0,-277.0,-290.0,GdsrNGTLImperial20260726.csv
2026-07-26,2026-07-27,GORDONDALE,Interconnect Flow,115.0,115.0,98.0,GdsrNGTLImperial20260726.csv
2026-07-26,2026-07-27,GROUNDBIRCH_EAST,Interconnect Flow,241.0,246.0,220.0,GdsrNGTLImperial20260726.csv
2026-07-26,2026-07-27,WILLOW_VALLEY,Interconnect Flow,-16.0,-16.0,-54.0,GdsrNGTLImperial20260726.csv
2026-07-26,2026-07-27,INTRAPROVINCIAL,Internal Delivery,-10456.0,-5801.0,-10021.0,GdsrNGTLImperial20260726.csv
2026-07-26,2026-07-27,TOTAL_NET_STORAGE,Storage,-1032.0,-1177.0,-597.0,GdsrNGTLImperial20260726.csv
2026-07-26,2026-07-27,TOTAL_STORAGE_DELIVERIES,Storage,-2224.0,-1177.0,-1618.0,GdsrNGTLImperial20260726.csv
2026-07-26,2026-07-27,TOTAL_STORAGE_RECEIPTS,Storage,1192.0,0.0,1021.0,GdsrNGTLImperial20260726.csv
2026-07-26,2026-07-27,TOTAL_NGTL_DELIVERIES,System Total,-20309.0,-14705.0,-19347.0,GdsrNGTLImperial20260726.csv
2026-07-26,2026-07-27,TOTAL_NGTL_RECEIPTS,System Total,18906.0,14574.0,24654.0,GdsrNGTLImperial20260726.csv
2026-07-26,2026-07-27,TOTAL_STORAGE_AND_INTRAPROVINCIAL,System Total,-12680.0,-6978.0,-11639.0,GdsrNGTLImperial20260726.csv
2026-07-27,2026-07-28,ALBERTA_BC,Border Flow,-2502.0,-2474.0,-2530.0,GdsrNGTLImperial20260727.csv
2026-07-27,2026-07-28,EMPRESS,Border Flow,-4179.0,-4179.0,-4139.0,GdsrNGTLImperial20260727.csv
2026-07-27,2026-07-28,MCNEILL,Border Flow,-642.0,-620.0,-734.0,GdsrNGTLImperial20260727.csv
2026-07-27,2026-07-28,OTHER_BORDERS,Border Flow,-278.0,-267.0,-279.0,GdsrNGTLImperial20260727.csv
2026-07-27,2026-07-28,GORDONDALE,Interconnect Flow,115.0,113.0,86.0,GdsrNGTLImperial20260727.csv
2026-07-27,2026-07-28,GROUNDBIRCH_EAST,Interconnect Flow,335.0,334.0,186.0,GdsrNGTLImperial20260727.csv
2026-07-27,2026-07-28,WILLOW_VALLEY,Interconnect Flow,-58.0,-58.0,-22.0,GdsrNGTLImperial20260727.csv
2026-07-27,2026-07-28,INTRAPROVINCIAL,Internal Delivery,-10511.0,-5874.0,-9971.0,GdsrNGTLImperial20260727.csv
2026-07-27,2026-07-28,TOTAL_NET_STORAGE,Storage,-1115.0,-1212.0,-513.0,GdsrNGTLImperial20260727.csv
2026-07-27,2026-07-28,TOTAL_STORAGE_DELIVERIES,Storage,-2277.0,-1212.0,-1514.0,GdsrNGTLImperial20260727.csv
2026-07-27,2026-07-28,TOTAL_STORAGE_RECEIPTS,Storage,1162.0,0.0,1001.0,GdsrNGTLImperial20260727.csv
2026-07-27,2026-07-28,TOTAL_NGTL_DELIVERIES,System Total,-20446.0,-14685.0,-19188.0,GdsrNGTLImperial20260727.csv
2026-07-27,2026-07-28,TOTAL_NGTL_RECEIPTS,System Total,24821.0,14593.0,24616.0,GdsrNGTLImperial20260727.csv
2026-07-27,2026-07-28,TOTAL_STORAGE_AND_INTRAPROVINCIAL,System Total,-12787.0,-7087.0,-11485.0,GdsrNGTLImperial20260727.csv
2026-07-28,2026-07-29,ALBERTA_BC,Border Flow,-2602.0,-2491.0,-2602.0,GdsrNGTLImperial20260728.csv
2026-07-28,2026-07-29,EMPRESS,Border Flow,-4192.0,-4117.0,-4198.0,GdsrNGTLImperial20260728.csv
2026-07-28,2026-07-29,MCNEILL,Border Flow,-694.0,-725.0,-752.0,GdsrNGTLImperial20260728.csv
2026-07-28,2026-07-29,OTHER_BORDERS,Border Flow,-274.0,-271.0,-281.0,GdsrNGTLImperial20260728.csv
2026-07-28,2026-07-29,GORDONDALE,Interconnect Flow,95.0,100.0,119.0,GdsrNGTLImperial20260728.csv
2026-07-28,2026-07-29,GROUNDBIRCH_EAST,Interconnect Flow,310.0,344.0,313.0,GdsrNGTLImperial20260728.csv
2026-07-28,2026-07-29,WILLOW_VALLEY,Interconnect Flow,-21.0,-22.0,-16.0,GdsrNGTLImperial20260728.csv
2026-07-28,2026-07-29,INTRAPROVINCIAL,Internal Delivery,-10467.0,-5896.0,-10016.0,GdsrNGTLImperial20260728.csv
2026-07-28,2026-07-29,TOTAL_NET_STORAGE,Storage,-1160.0,-1177.0,-648.0,GdsrNGTLImperial20260728.csv
2026-07-28,2026-07-29,TOTAL_STORAGE_DELIVERIES,Storage,-2424.0,-1177.0,-1749.0,GdsrNGTLImperial20260728.csv
2026-07-28,2026-07-29,TOTAL_STORAGE_RECEIPTS,Storage,1265.0,0.0,1101.0,GdsrNGTLImperial20260728.csv
2026-07-28,2026-07-29,TOTAL_NGTL_DELIVERIES,System Total,-20675.0,-14700.0,-19614.0,GdsrNGTLImperial20260728.csv
2026-07-28,2026-07-29,TOTAL_NGTL_RECEIPTS,System Total,24888.0,14773.0,24875.0,GdsrNGTLImperial20260728.csv
2026-07-28,2026-07-29,TOTAL_STORAGE_AND_INTRAPROVINCIAL,System Total,-12891.0,-7073.0,-11765.0,GdsrNGTLImperial20260728.csv
2026-07-29,2026-07-30,ALBERTA_BC,Border Flow,-2576.0,-2616.0,-2535.0,GdsrNGTLImperial20260729.csv
2026-07-29,2026-07-30,EMPRESS,Border Flow,-4217.0,-4254.0,-4154.0,GdsrNGTLImperial20260729.csv
2026-07-29,2026-07-30,MCNEILL,Border Flow,-730.0,-675.0,-667.0,GdsrNGTLImperial20260729.csv
2026-07-29,2026-07-30,OTHER_BORDERS,Border Flow,-246.0,-247.0,-377.0,GdsrNGTLImperial20260729.csv
2026-07-29,2026-07-30,GORDONDALE,Interconnect Flow,145.0,116.0,129.0,GdsrNGTLImperial20260729.csv
2026-07-29,2026-07-30,GROUNDBIRCH_EAST,Interconnect Flow,330.0,318.0,226.0,GdsrNGTLImperial20260729.csv
2026-07-29,2026-07-30,WILLOW_VALLEY,Interconnect Flow,-16.0,-16.0,-64.0,GdsrNGTLImperial20260729.csv
2026-07-29,2026-07-30,INTRAPROVINCIAL,Internal Delivery,-10484.0,-6044.0,-10006.0,GdsrNGTLImperial20260729.csv
2026-07-29,2026-07-30,TOTAL_NET_STORAGE,Storage,-635.0,-700.0,-371.0,GdsrNGTLImperial20260729.csv
2026-07-29,2026-07-30,TOTAL_STORAGE_DELIVERIES,Storage,-2071.0,-853.0,-1542.0,GdsrNGTLImperial20260729.csv
2026-07-29,2026-07-30,TOTAL_STORAGE_RECEIPTS,Storage,1436.0,153.0,1171.0,GdsrNGTLImperial20260729.csv
2026-07-29,2026-07-30,TOTAL_NGTL_DELIVERIES,System Total,-20340.0,-14704.0,-19344.0,GdsrNGTLImperial20260729.csv
2026-07-29,2026-07-30,TOTAL_NGTL_RECEIPTS,System Total,25128.0,14189.0,24870.0,GdsrNGTLImperial20260729.csv
2026-07-29,2026-07-30,TOTAL_STORAGE_AND_INTRAPROVINCIAL,System Total,-12555.0,-6896.0,-11548.0,GdsrNGTLImperial20260729.csv
2026-07-30,2026-07-31,ALBERTA_BC,Border Flow,-2572.0,-2557.0,-2136.0,GdsrNGTLImperial20260730.csv
2026-07-30,2026-07-31,EMPRESS,Border Flow,-4176.0,-4162.0,-4141.0,GdsrNGTLImperial20260730.csv
2026-07-30,2026-07-31,MCNEILL,Border Flow,-583.0,-657.0,-560.0,GdsrNGTLImperial20260730.csv
2026-07-30,2026-07-31,OTHER_BORDERS,Border Flow,-340.0,-308.0,-376.0,GdsrNGTLImperial20260730.csv
2026-07-30,2026-07-31,GORDONDALE,Interconnect Flow,122.0,116.0,111.0,GdsrNGTLImperial20260730.csv
2026-07-30,2026-07-31,GROUNDBIRCH_EAST,Interconnect Flow,229.0,227.0,187.0,GdsrNGTLImperial20260730.csv
2026-07-30,2026-07-31,WILLOW_VALLEY,Interconnect Flow,-99.0,-99.0,-68.0,GdsrNGTLImperial20260730.csv
2026-07-30,2026-07-31,INTRAPROVINCIAL,Internal Delivery,-10459.0,-5889.0,-9978.0,GdsrNGTLImperial20260730.csv
2026-07-30,2026-07-31,TOTAL_NET_STORAGE,Storage,-139.0,-259.0,-723.0,GdsrNGTLImperial20260730.csv
2026-07-30,2026-07-31,TOTAL_STORAGE_DELIVERIES,Storage,-1929.0,-499.0,-1736.0,GdsrNGTLImperial20260730.csv
2026-07-30,2026-07-31,TOTAL_STORAGE_RECEIPTS,Storage,1790.0,240.0,1013.0,GdsrNGTLImperial20260730.csv
2026-07-30,2026-07-31,TOTAL_NGTL_DELIVERIES,System Total,-20159.0,-14170.0,-18994.0,GdsrNGTLImperial20260730.csv
2026-07-30,2026-07-31,TOTAL_NGTL_RECEIPTS,System Total,25360.0,14563.0,24646.0,GdsrNGTLImperial20260730.csv
2026-07-30,2026-07-31,TOTAL_STORAGE_AND_INTRAPROVINCIAL,System Total,-12387.0,-6387.0,-11714.0,GdsrNGTLImperial20260730.csv
2026-07-31,2026-08-01,ALBERTA_BC,Border Flow,-2164.0,-2047.0,-2113.0,GdsrNGTLImperial20260731.csv
2026-07-31,2026-08-01,EMPRESS,Border Flow,-4166.0,-4168.0,-4214.0,GdsrNGTLImperial20260731.csv
2026-07-31,2026-08-01,MCNEILL,Border Flow,-617.0,-625.0,-662.0,GdsrNGTLImperial20260731.csv
2026-07-31,2026-08-01,OTHER_BORDERS,Border Flow,-354.0,-343.0,-363.0,GdsrNGTLImperial20260731.csv
2026-07-31,2026-08-01,GORDONDALE,Interconnect Flow,123.0,125.0,81.0,GdsrNGTLImperial20260731.csv
2026-07-31,2026-08-01,GROUNDBIRCH_EAST,Interconnect Flow,184.0,201.0,165.0,GdsrNGTLImperial20260731.csv
2026-07-31,2026-08-01,WILLOW_VALLEY,Interconnect Flow,-63.0,-62.0,-85.0,GdsrNGTLImperial20260731.csv
2026-07-31,2026-08-01,INTRAPROVINCIAL,Internal Delivery,-10454.0,-5953.0,-9993.0,GdsrNGTLImperial20260731.csv
2026-07-31,2026-08-01,TOTAL_NET_STORAGE,Storage,-968.0,-926.0,-1168.0,GdsrNGTLImperial20260731.csv
2026-07-31,2026-08-01,TOTAL_STORAGE_DELIVERIES,Storage,-2117.0,-927.0,-2353.0,GdsrNGTLImperial20260731.csv
2026-07-31,2026-08-01,TOTAL_STORAGE_RECEIPTS,Storage,1149.0,1.0,1185.0,GdsrNGTLImperial20260731.csv
2026-07-31,2026-08-01,TOTAL_NGTL_DELIVERIES,System Total,-19935.0,-14124.0,-19783.0,GdsrNGTLImperial20260731.csv
2026-07-31,2026-08-01,TOTAL_NGTL_RECEIPTS,System Total,24656.0,14428.0,24767.0,GdsrNGTLImperial20260731.csv
2026-07-31,2026-08-01,TOTAL_STORAGE_AND_INTRAPROVINCIAL,System Total,-12571.0,-6880.0,-12345.0,GdsrNGTLImperial20260731.csv
2026-08-01,2026-08-02,ALBERTA_BC,Border Flow,-2154.0,-2305.0,-2160.0,GdsrNGTLImperial20260801.csv
2026-08-01,2026-08-02,EMPRESS,Border Flow,-4216.0,-4167.0,-4199.0,GdsrNGTLImperial20260801.csv
2026-08-01,2026-08-02,MCNEILL,Border Flow,-647.0,-650.0,-636.0,GdsrNGTLImperial20260801.csv
2026-08-01,2026-08-02,OTHER_BORDERS,Border Flow,-364.0,-344.0,-364.0,GdsrNGTLImperial20260801.csv
2026-08-01,2026-08-02,GORDONDALE,Interconnect Flow,88.0,115.0,82.0,GdsrNGTLImperial20260801.csv
2026-08-01,2026-08-02,GROUNDBIRCH_EAST,Interconnect Flow,223.0,223.0,164.0,GdsrNGTLImperial20260801.csv
2026-08-01,2026-08-02,WILLOW_VALLEY,Interconnect Flow,-82.0,-85.0,-82.0,GdsrNGTLImperial20260801.csv
2026-08-01,2026-08-02,INTRAPROVINCIAL,Internal Delivery,-10462.0,-5610.0,-9988.0,GdsrNGTLImperial20260801.csv
2026-08-01,2026-08-02,TOTAL_NET_STORAGE,Storage,-1216.0,-1173.0,-1170.0,GdsrNGTLImperial20260801.csv
2026-08-01,2026-08-02,TOTAL_STORAGE_DELIVERIES,Storage,-2426.0,-1173.0,-2352.0,GdsrNGTLImperial20260801.csv
2026-08-01,2026-08-02,TOTAL_STORAGE_RECEIPTS,Storage,1210.0,0.0,1182.0,GdsrNGTLImperial20260801.csv
2026-08-01,2026-08-02,TOTAL_NGTL_DELIVERIES,System Total,-20350.0,-14333.0,-19780.0,GdsrNGTLImperial20260801.csv
2026-08-01,2026-08-02,TOTAL_NGTL_RECEIPTS,System Total,24731.0,14414.0,24762.0,GdsrNGTLImperial20260801.csv
2026-08-01,2026-08-02,TOTAL_STORAGE_AND_INTRAPROVINCIAL,System Total,-12888.0,-6783.0,-12339.0,GdsrNGTLImperial20260801.csv
2026-08-02,2026-08-03,ALBERTA_BC,Border Flow,-2145.0,-2124.0,-1960.0,GdsrNGTLImperial20260802.csv
2026-08-02,2026-08-03,EMPRESS,Border Flow,-4214.0,-4381.0,-4193.0,GdsrNGTLImperial20260802.csv
2026-08-02,2026-08-03,MCNEILL,Border Flow,-634.0,-632.0,-627.0,GdsrNGTLImperial20260802.csv
2026-08-02,2026-08-03,OTHER_BORDERS,Border Flow,-363.0,-356.0,-363.0,GdsrNGTLImperial20260802.csv
2026-08-02,2026-08-03,GORDONDALE,Interconnect Flow,88.0,87.0,81.0,GdsrNGTLImperial20260802.csv
2026-08-02,2026-08-03,GROUNDBIRCH_EAST,Interconnect Flow,300.0,260.0,164.0,GdsrNGTLImperial20260802.csv
2026-08-02,2026-08-03,WILLOW_VALLEY,Interconnect Flow,-82.0,-82.0,-75.0,GdsrNGTLImperial20260802.csv
2026-08-02,2026-08-03,INTRAPROVINCIAL,Internal Delivery,-10442.0,-5618.0,-10018.0,GdsrNGTLImperial20260802.csv
2026-08-02,2026-08-03,TOTAL_NET_STORAGE,Storage,-1360.0,-1384.0,-1428.0,GdsrNGTLImperial20260802.csv
2026-08-02,2026-08-03,TOTAL_STORAGE_DELIVERIES,Storage,-2601.0,-1384.0,-2680.0,GdsrNGTLImperial20260802.csv
2026-08-02,2026-08-03,TOTAL_STORAGE_RECEIPTS,Storage,1241.0,0.0,1252.0,GdsrNGTLImperial20260802.csv
2026-08-02,2026-08-03,TOTAL_NGTL_DELIVERIES,System Total,-20481.0,-14577.0,-19916.0,GdsrNGTLImperial20260802.csv
2026-08-02,2026-08-03,TOTAL_NGTL_RECEIPTS,System Total,24839.0,14570.0,24832.0,GdsrNGTLImperial20260802.csv
2026-08-02,2026-08-03,TOTAL_STORAGE_AND_INTRAPROVINCIAL,System Total,-13043.0,-7002.0,-12698.0,GdsrNGTLImperial20260802.csv
2026-08-03,2026-08-04,ALBERTA_BC,Border Flow,-2001.0,-1986.0,-1993.0,GdsrNGTLImperial20260803.csv
2026-08-03,2026-08-04,EMPRESS,Border Flow,-4236.0,-4317.0,-4205.0,GdsrNGTLImperial20260803.csv
2026-08-03,2026-08-04,MCNEILL,Border Flow,-571.0,-612.0,-554.0,GdsrNGTLImperial20260803.csv
2026-08-03,2026-08-04,OTHER_BORDERS,Border Flow,-368.0,-372.0,-417.0,GdsrNGTLImperial20260803.csv
2026-08-03,2026-08-04,GORDONDALE,Interconnect Flow,63.0,60.0,98.0,GdsrNGTLImperial20260803.csv
2026-08-03,2026-08-04,GROUNDBIRCH_EAST,Interconnect Flow,287.0,362.0,240.0,GdsrNGTLImperial20260803.csv
2026-08-03,2026-08-04,WILLOW_VALLEY,Interconnect Flow,-77.0,-75.0,-75.0,GdsrNGTLImperial20260803.csv
2026-08-03,2026-08-04,INTRAPROVINCIAL,Internal Delivery,-10517.0,-5922.0,-10020.0,GdsrNGTLImperial20260803.csv
2026-08-03,2026-08-04,TOTAL_NET_STORAGE,Storage,-1464.0,-1674.0,-689.0,GdsrNGTLImperial20260803.csv
2026-08-03,2026-08-04,TOTAL_STORAGE_DELIVERIES,Storage,-2880.0,-1674.0,-1734.0,GdsrNGTLImperial20260803.csv
2026-08-03,2026-08-04,TOTAL_STORAGE_RECEIPTS,Storage,1416.0,0.0,1045.0,GdsrNGTLImperial20260803.csv
2026-08-03,2026-08-04,TOTAL_NGTL_DELIVERIES,System Total,-20650.0,-14958.0,-18998.0,GdsrNGTLImperial20260803.csv
2026-08-03,2026-08-04,TOTAL_NGTL_RECEIPTS,System Total,24976.0,14688.0,24718.0,GdsrNGTLImperial20260803.csv
2026-08-03,2026-08-04,TOTAL_STORAGE_AND_INTRAPROVINCIAL,System Total,-13397.0,-7596.0,-11755.0,GdsrNGTLImperial20260803.csv
2026-08-04,2026-08-05,ALBERTA_BC,Border Flow,-2011.0,-1927.0,-2001.0,GdsrNGTLImperial20260804.csv
2026-08-04,2026-08-05,EMPRESS,Border Flow,-4256.0,-4260.0,-4169.0,GdsrNGTLImperial20260804.csv
2026-08-04,2026-08-05,MCNEILL,Border Flow,-647.0,-595.0,-599.0,GdsrNGTLImperial20260804.csv
2026-08-04,2026-08-05,OTHER_BORDERS,Border Flow,-380.0,-369.0,-414.0,GdsrNGTLImperial20260804.csv
2026-08-04,2026-08-05,GORDONDALE,Interconnect Flow,104.0,50.0,110.0,GdsrNGTLImperial20260804.csv
2026-08-04,2026-08-05,GROUNDBIRCH_EAST,Interconnect Flow,158.0,174.0,138.0,GdsrNGTLImperial20260804.csv
2026-08-04,2026-08-05,WILLOW_VALLEY,Interconnect Flow,-84.0,-82.0,-84.0,GdsrNGTLImperial20260804.csv
2026-08-04,2026-08-05,INTRAPROVINCIAL,Internal Delivery,-10493.0,-5793.0,-10056.0,GdsrNGTLImperial20260804.csv
2026-08-04,2026-08-05,TOTAL_NET_STORAGE,Storage,-1207.0,-1354.0,-772.0,GdsrNGTLImperial20260804.csv
2026-08-04,2026-08-05,TOTAL_STORAGE_DELIVERIES,Storage,-2343.0,-1354.0,-1768.0,GdsrNGTLImperial20260804.csv
2026-08-04,2026-08-05,TOTAL_STORAGE_RECEIPTS,Storage,1136.0,0.0,996.0,GdsrNGTLImperial20260804.csv
2026-08-04,2026-08-05,TOTAL_NGTL_DELIVERIES,System Total,-20214.0,-14380.0,-19090.0,GdsrNGTLImperial20260804.csv
2026-08-04,2026-08-05,TOTAL_NGTL_RECEIPTS,System Total,24733.0,14362.0,24578.0,GdsrNGTLImperial20260804.csv
2026-08-04,2026-08-05,TOTAL_STORAGE_AND_INTRAPROVINCIAL,System Total,-12836.0,-7147.0,-11824.0,GdsrNGTLImperial20260804.csv
2026-08-05,2026-08-06,ALBERTA_BC,Border Flow,-2017.0,-2011.0,-2070.0,GdsrNGTLImperial20260805.csv
2026-08-05,2026-08-06,EMPRESS,Border Flow,-4193.0,-4248.0,-4132.0,GdsrNGTLImperial20260805.csv
2026-08-05,2026-08-06,MCNEILL,Border Flow,-666.0,-678.0,-595.0,GdsrNGTLImperial20260805.csv
2026-08-05,2026-08-06,OTHER_BORDERS,Border Flow,-353.0,-380.0,-427.0,GdsrNGTLImperial20260805.csv
2026-08-05,2026-08-06,GORDONDALE,Interconnect Flow,110.0,109.0,147.0,GdsrNGTLImperial20260805.csv
2026-08-05,2026-08-06,GROUNDBIRCH_EAST,Interconnect Flow,194.0,196.0,195.0,GdsrNGTLImperial20260805.csv
2026-08-05,2026-08-06,WILLOW_VALLEY,Interconnect Flow,-100.0,-99.0,-80.0,GdsrNGTLImperial20260805.csv
2026-08-05,2026-08-06,INTRAPROVINCIAL,Internal Delivery,-10535.0,-5790.0,-10063.0,GdsrNGTLImperial20260805.csv
2026-08-05,2026-08-06,TOTAL_NET_STORAGE,Storage,-1173.0,-1171.0,-982.0,GdsrNGTLImperial20260805.csv
2026-08-05,2026-08-06,TOTAL_STORAGE_DELIVERIES,Storage,-2237.0,-1171.0,-1970.0,GdsrNGTLImperial20260805.csv
2026-08-05,2026-08-06,TOTAL_STORAGE_RECEIPTS,Storage,1064.0,0.0,987.0,GdsrNGTLImperial20260805.csv
2026-08-05,2026-08-06,TOTAL_NGTL_DELIVERIES,System Total,-20100.0,-14377.0,-19336.0,GdsrNGTLImperial20260805.csv
2026-08-05,2026-08-06,TOTAL_NGTL_RECEIPTS,System Total,24576.0,14188.0,24664.0,GdsrNGTLImperial20260805.csv
2026-08-05,2026-08-06,TOTAL_STORAGE_AND_INTRAPROVINCIAL,System Total,-12772.0,-6961.0,-12033.0,GdsrNGTLImperial20260805.csv
2026-08-06,2026-08-07,ALBERTA_BC,Border Flow,-2037.0,-1965.0,-1992.0,GdsrNGTLImperial20260806.csv
2026-08-06,2026-08-07,EMPRESS,Border Flow,-4182.0,-4213.0,-4043.0,GdsrNGTLImperial20260806.csv
2026-08-06,2026-08-07,MCNEILL,Border Flow,-640.0,-641.0,-590.0,GdsrNGTLImperial20260806.csv
2026-08-06,2026-08-07,OTHER_BORDERS,Border Flow,-386.0,-386.0,-434.0,GdsrNGTLImperial20260806.csv
2026-08-06,2026-08-07,GORDONDALE,Interconnect Flow,131.0,121.0,26.0,GdsrNGTLImperial20260806.csv
2026-08-06,2026-08-07,GROUNDBIRCH_EAST,Interconnect Flow,230.0,195.0,174.0,GdsrNGTLImperial20260806.csv
2026-08-06,2026-08-07,WILLOW_VALLEY,Interconnect Flow,-59.0,-59.0,-59.0,GdsrNGTLImperial20260806.csv
2026-08-06,2026-08-07,INTRAPROVINCIAL,Internal Delivery,-10563.0,-5880.0,-10085.0,GdsrNGTLImperial20260806.csv
2026-08-06,2026-08-07,TOTAL_NET_STORAGE,Storage,-1022.0,-1142.0,-1120.0,GdsrNGTLImperial20260806.csv
2026-08-06,2026-08-07,TOTAL_STORAGE_DELIVERIES,Storage,-2089.0,-1142.0,-2120.0,GdsrNGTLImperial20260806.csv
2026-08-06,2026-08-07,TOTAL_STORAGE_RECEIPTS,Storage,1067.0,0.0,999.0,GdsrNGTLImperial20260806.csv
2026-08-06,2026-08-07,TOTAL_NGTL_DELIVERIES,System Total,-19956.0,-14288.0,-19323.0,GdsrNGTLImperial20260806.csv
2026-08-06,2026-08-07,TOTAL_NGTL_RECEIPTS,System Total,24638.0,14467.0,24531.0,GdsrNGTLImperial20260806.csv
2026-08-06,2026-08-07,TOTAL_STORAGE_AND_INTRAPROVINCIAL,System Total,-12653.0,-7022.0,-12204.0,GdsrNGTLImperial20260806.csv
2026-08-07,2026-08-08,ALBERTA_BC,Border Flow,-2009.0,-1990.0,-1990.0,GdsrNGTLImperial20260807.csv
2026-08-07,2026-08-08,EMPRESS,Border Flow,-4224.0,-4258.0,-4131.0,GdsrNGTLImperial20260807.csv
2026-08-07,2026-08-08,MCNEILL,Border Flow,-654.0,-667.0,-651.0,GdsrNGTLImperial20260807.csv
2026-08-07,2026-08-08,OTHER_BORDERS,Border Flow,-383.0,-346.0,-376.0,GdsrNGTLImperial20260807.csv
2026-08-07,2026-08-08,GORDONDALE,Interconnect Flow,77.0,94.0,62.0,GdsrNGTLImperial20260807.csv
2026-08-07,2026-08-08,GROUNDBIRCH_EAST,Interconnect Flow,179.0,181.0,138.0,GdsrNGTLImperial20260807.csv
2026-08-07,2026-08-08,WILLOW_VALLEY,Interconnect Flow,-68.0,-68.0,-88.0,GdsrNGTLImperial20260807.csv
2026-08-07,2026-08-08,INTRAPROVINCIAL,Internal Delivery,-10478.0,-5857.0,-10005.0,GdsrNGTLImperial20260807.csv
2026-08-07,2026-08-08,TOTAL_NET_STORAGE,Storage,-1301.0,-1424.0,-915.0,GdsrNGTLImperial20260807.csv
2026-08-07,2026-08-08,TOTAL_STORAGE_DELIVERIES,Storage,-2477.0,-1424.0,-1889.0,GdsrNGTLImperial20260807.csv
2026-08-07,2026-08-08,TOTAL_STORAGE_RECEIPTS,Storage,1176.0,0.0,974.0,GdsrNGTLImperial20260807.csv
2026-08-07,2026-08-08,TOTAL_NGTL_DELIVERIES,System Total,-20293.0,-14609.0,-19130.0,GdsrNGTLImperial20260807.csv
2026-08-07,2026-08-08,TOTAL_NGTL_RECEIPTS,System Total,24767.0,14335.0,24508.0,GdsrNGTLImperial20260807.csv
2026-08-07,2026-08-08,TOTAL_STORAGE_AND_INTRAPROVINCIAL,System Total,-12956.0,-7280.0,-11894.0,GdsrNGTLImperial20260807.csv
2026-08-08,2026-08-09,ALBERTA_BC,Border Flow,-1996.0,-1947.0,-1978.0,GdsrNGTLImperial20260808.csv
2026-08-08,2026-08-09,EMPRESS,Border Flow,-4174.0,-4218.0,-4140.0,GdsrNGTLImperial20260808.csv
2026-08-08,2026-08-09,MCNEILL,Border Flow,-664.0,-657.0,-637.0,GdsrNGTLImperial20260808.csv
2026-08-08,2026-08-09,OTHER_BORDERS,Border Flow,-387.0,-358.0,-370.0,GdsrNGTLImperial20260808.csv
2026-08-08,2026-08-09,GORDONDALE,Interconnect Flow,63.0,85.0,63.0,GdsrNGTLImperial20260808.csv
2026-08-08,2026-08-09,GROUNDBIRCH_EAST,Interconnect Flow,136.0,138.0,137.0,GdsrNGTLImperial20260808.csv
2026-08-08,2026-08-09,WILLOW_VALLEY,Interconnect Flow,-88.0,-89.0,-85.0,GdsrNGTLImperial20260808.csv
2026-08-08,2026-08-09,INTRAPROVINCIAL,Internal Delivery,-10526.0,-5820.0,-10077.0,GdsrNGTLImperial20260808.csv
2026-08-08,2026-08-09,TOTAL_NET_STORAGE,Storage,-1021.0,-1177.0,-1004.0,GdsrNGTLImperial20260808.csv
2026-08-08,2026-08-09,TOTAL_STORAGE_DELIVERIES,Storage,-2080.0,-1178.0,-1977.0,GdsrNGTLImperial20260808.csv
2026-08-08,2026-08-09,TOTAL_STORAGE_RECEIPTS,Storage,1059.0,0.0,973.0,GdsrNGTLImperial20260808.csv
2026-08-08,2026-08-09,TOTAL_NGTL_DELIVERIES,System Total,-19917.0,-14266.0,-19265.0,GdsrNGTLImperial20260808.csv
2026-08-08,2026-08-09,TOTAL_NGTL_RECEIPTS,System Total,24468.0,14344.0,24507.0,GdsrNGTLImperial20260808.csv
2026-08-08,2026-08-09,TOTAL_STORAGE_AND_INTRAPROVINCIAL,System Total,-12607.0,-6998.0,-12054.0,GdsrNGTLImperial20260808.csv
2026-08-09,2026-08-10,ALBERTA_BC,Border Flow,-1994.0,-2092.0,-1991.0,GdsrNGTLImperial20260809.csv
2026-08-09,2026-08-10,EMPRESS,Border Flow,-4169.0,-4223.0,-4125.0,GdsrNGTLImperial20260809.csv
2026-08-09,2026-08-10,MCNEILL,Border Flow,-643.0,-692.0,-607.0,GdsrNGTLImperial20260809.csv
2026-08-09,2026-08-10,OTHER_BORDERS,Border Flow,-381.0,-370.0,-458.0,GdsrNGTLImperial20260809.csv
2026-08-09,2026-08-10,GORDONDALE,Interconnect Flow,62.0,72.0,62.0,GdsrNGTLImperial20260809.csv
2026-08-09,2026-08-10,GROUNDBIRCH_EAST,Interconnect Flow,154.0,153.0,137.0,GdsrNGTLImperial20260809.csv
2026-08-09,2026-08-10,WILLOW_VALLEY,Interconnect Flow,-88.0,-87.0,-70.0,GdsrNGTLImperial20260809.csv
2026-08-09,2026-08-10,INTRAPROVINCIAL,Internal Delivery,-10553.0,-5903.0,-10107.0,GdsrNGTLImperial20260809.csv
2026-08-09,2026-08-10,TOTAL_NET_STORAGE,Storage,-1302.0,-1369.0,-875.0,GdsrNGTLImperial20260809.csv
2026-08-09,2026-08-10,TOTAL_STORAGE_DELIVERIES,Storage,-2364.0,-1369.0,-1851.0,GdsrNGTLImperial20260809.csv
2026-08-09,2026-08-10,TOTAL_STORAGE_RECEIPTS,Storage,1062.0,0.0,977.0,GdsrNGTLImperial20260809.csv
2026-08-09,2026-08-10,TOTAL_NGTL_DELIVERIES,System Total,-20192.0,-14736.0,-19209.0,GdsrNGTLImperial20260809.csv
2026-08-09,2026-08-10,TOTAL_NGTL_RECEIPTS,System Total,24489.0,14431.0,24511.0,GdsrNGTLImperial20260809.csv
2026-08-09,2026-08-10,TOTAL_STORAGE_AND_INTRAPROVINCIAL,System Total,-12917.0,-7272.0,-11959.0,GdsrNGTLImperial20260809.csv
2026-08-10,2026-08-11,ALBERTA_BC,Border Flow,-1998.0,-1972.0,-1975.0,GdsrNGTLImperial20260810.csv
2026-08-10,2026-08-11,EMPRESS,Border Flow,-4189.0,-4190.0,-4107.0,GdsrNGTLImperial20260810.csv
2026-08-10,2026-08-11,MCNEILL,Border Flow,-729.0,-696.0,-718.0,GdsrNGTLImperial20260810.csv
2026-08-10,2026-08-11,OTHER_BORDERS,Border Flow,-427.0,-364.0,-442.0,GdsrNGTLImperial20260810.csv
2026-08-10,2026-08-11,GORDONDALE,Interconnect Flow,80.0,82.0,43.0,GdsrNGTLImperial20260810.csv
2026-08-10,2026-08-11,GROUNDBIRCH_EAST,Interconnect Flow,163.0,160.0,242.0,GdsrNGTLImperial20260810.csv
2026-08-10,2026-08-11,WILLOW_VALLEY,Interconnect Flow,-80.0,-80.0,-135.0,GdsrNGTLImperial20260810.csv
2026-08-10,2026-08-11,INTRAPROVINCIAL,Internal Delivery,-10549.0,-5939.0,-10111.0,GdsrNGTLImperial20260810.csv
2026-08-10,2026-08-11,TOTAL_NET_STORAGE,Storage,-1004.0,-1074.0,-631.0,GdsrNGTLImperial20260810.csv
2026-08-10,2026-08-11,TOTAL_STORAGE_DELIVERIES,Storage,-2095.0,-1074.0,-1696.0,GdsrNGTLImperial20260810.csv
2026-08-10,2026-08-11,TOTAL_STORAGE_RECEIPTS,Storage,1092.0,0.0,1066.0,GdsrNGTLImperial20260810.csv
2026-08-10,2026-08-11,TOTAL_NGTL_DELIVERIES,System Total,-20067.0,-14316.0,-19185.0,GdsrNGTLImperial20260810.csv
2026-08-10,2026-08-11,TOTAL_NGTL_RECEIPTS,System Total,24545.0,14437.0,24685.0,GdsrNGTLImperial20260810.csv
2026-08-10,2026-08-11,TOTAL_STORAGE_AND_INTRAPROVINCIAL,System Total,-12645.0,-7014.0,-11808.0,GdsrNGTLImperial20260810.csv
2026-08-11,2026-08-12,ALBERTA_BC,Border Flow,-1979.0,-2204.0,-2830.0,GdsrNGTLImperial20260811.csv
2026-08-11,2026-08-12,EMPRESS,Border Flow,-4198.0,-4137.0,-4070.0,GdsrNGTLImperial20260811.csv
2026-08-11,2026-08-12,MCNEILL,Border Flow,-674.0,-725.0,-700.0,GdsrNGTLImperial20260811.csv
2026-08-11,2026-08-12,OTHER_BORDERS,Border Flow,-410.0,-410.0,-477.0,GdsrNGTLImperial20260811.csv
2026-08-11,2026-08-12,GORDONDALE,Interconnect Flow,54.0,54.0,26.0,GdsrNGTLImperial20260811.csv
2026-08-11,2026-08-12,GROUNDBIRCH_EAST,Interconnect Flow,230.0,209.0,137.0,GdsrNGTLImperial20260811.csv
2026-08-11,2026-08-12,WILLOW_VALLEY,Interconnect Flow,-111.0,-115.0,-219.0,GdsrNGTLImperial20260811.csv
2026-08-11,2026-08-12,INTRAPROVINCIAL,Internal Delivery,-10557.0,-6089.0,-10106.0,GdsrNGTLImperial20260811.csv
2026-08-11,2026-08-12,TOTAL_NET_STORAGE,Storage,-797.0,-958.0,-712.0,GdsrNGTLImperial20260811.csv
2026-08-11,2026-08-12,TOTAL_STORAGE_DELIVERIES,Storage,-1915.0,-958.0,-1693.0,GdsrNGTLImperial20260811.csv
2026-08-11,2026-08-12,TOTAL_STORAGE_RECEIPTS,Storage,1118.0,0.0,982.0,GdsrNGTLImperial20260811.csv
2026-08-11,2026-08-12,TOTAL_NGTL_DELIVERIES,System Total,-19845.0,-14638.0,-20095.0,GdsrNGTLImperial20260811.csv
2026-08-11,2026-08-12,TOTAL_NGTL_RECEIPTS,System Total,24614.0,14524.0,24479.0,GdsrNGTLImperial20260811.csv
2026-08-11,2026-08-12,TOTAL_STORAGE_AND_INTRAPROVINCIAL,System Total,-12473.0,-7047.0,-11799.0,GdsrNGTLImperial20260811.csv
2026-08-12,2026-08-13,ALBERTA_BC,Border Flow,-2938.0,-2613.0,-2870.0,GdsrNGTLImperial20260812.csv
2026-08-12,2026-08-13,EMPRESS,Border Flow,-4152.0,-4215.0,-4020.0,GdsrNGTLImperial20260812.csv
2026-08-12,2026-08-13,MCNEILL,Border Flow,-668.0,-732.0,-706.0,GdsrNGTLImperial20260812.csv
2026-08-12,2026-08-13,OTHER_BORDERS,Border Flow,-455.0,-406.0,-492.0,GdsrNGTLImperial20260812.csv
2026-08-12,2026-08-13,GORDONDALE,Interconnect Flow,97.0,63.0,87.0,GdsrNGTLImperial20260812.csv
2026-08-12,2026-08-13,GROUNDBIRCH_EAST,Interconnect Flow,298.0,294.0,258.0,GdsrNGTLImperial20260812.csv
2026-08-12,2026-08-13,WILLOW_VALLEY,Interconnect Flow,-203.0,-203.0,-190.0,GdsrNGTLImperial20260812.csv
2026-08-12,2026-08-13,INTRAPROVINCIAL,Internal Delivery,-10555.0,-6122.0,-10105.0,GdsrNGTLImperial20260812.csv
2026-08-12,2026-08-13,TOTAL_NET_STORAGE,Storage,-418.0,-504.0,-454.0,GdsrNGTLImperial20260812.csv
2026-08-12,2026-08-13,TOTAL_STORAGE_DELIVERIES,Storage,-1645.0,-613.0,-1435.0,GdsrNGTLImperial20260812.csv
2026-08-12,2026-08-13,TOTAL_STORAGE_RECEIPTS,Storage,1226.0,108.0,981.0,GdsrNGTLImperial20260812.csv
2026-08-12,2026-08-13,TOTAL_NGTL_DELIVERIES,System Total,-20615.0,-14906.0,-19818.0,GdsrNGTLImperial20260812.csv
2026-08-12,2026-08-13,TOTAL_NGTL_RECEIPTS,System Total,24829.0,14667.0,24659.0,GdsrNGTLImperial20260812.csv
2026-08-12,2026-08-13,TOTAL_STORAGE_AND_INTRAPROVINCIAL,System Total,-12199.0,-6735.0,-11540.0,GdsrNGTLImperial20260812.csv
2026-08-13,2026-08-14,ALBERTA_BC,Border Flow,-2876.0,-2755.0,-2082.0,GdsrNGTLImperial20260813.csv
2026-08-13,2026-08-14,EMPRESS,Border Flow,-4127.0,-4113.0,-4074.0,GdsrNGTLImperial20260813.csv
2026-08-13,2026-08-14,MCNEILL,Border Flow,-659.0,-691.0,-728.0,GdsrNGTLImperial20260813.csv
2026-08-13,2026-08-14,OTHER_BORDERS,Border Flow,-460.0,-421.0,-440.0,GdsrNGTLImperial20260813.csv
2026-08-13,2026-08-14,GORDONDALE,Interconnect Flow,113.0,104.0,101.0,GdsrNGTLImperial20260813.csv
2026-08-13,2026-08-14,GROUNDBIRCH_EAST,Interconnect Flow,360.0,340.0,257.0,GdsrNGTLImperial20260813.csv
2026-08-13,2026-08-14,WILLOW_VALLEY,Interconnect Flow,-172.0,-183.0,-45.0,GdsrNGTLImperial20260813.csv
2026-08-13,2026-08-14,INTRAPROVINCIAL,Internal Delivery,-10568.0,-5998.0,-10123.0,GdsrNGTLImperial20260813.csv
2026-08-13,2026-08-14,TOTAL_NET_STORAGE,Storage,-42.0,-185.0,-490.0,GdsrNGTLImperial20260813.csv
2026-08-13,2026-08-14,TOTAL_STORAGE_DELIVERIES,Storage,-1644.0,-540.0,-1478.0,GdsrNGTLImperial20260813.csv
2026-08-13,2026-08-14,TOTAL_STORAGE_RECEIPTS,Storage,1602.0,355.0,988.0,GdsrNGTLImperial20260813.csv
2026-08-13,2026-08-14,TOTAL_NGTL_DELIVERIES,System Total,-20506.0,-14701.0,-18969.0,GdsrNGTLImperial20260813.csv
2026-08-13,2026-08-14,TOTAL_NGTL_RECEIPTS,System Total,25282.0,15164.0,24636.0,GdsrNGTLImperial20260813.csv
2026-08-13,2026-08-14,TOTAL_STORAGE_AND_INTRAPROVINCIAL,System Total,-12212.0,-6538.0,-11601.0,GdsrNGTLImperial20260813.csv
2026-08-14,2026-08-15,ALBERTA_BC,Border Flow,-2108.0,-2036.0,-2104.0,GdsrNGTLImperial20260814.csv
2026-08-14,2026-08-15,EMPRESS,Border Flow,-4124.0,-4097.0,-4119.0,GdsrNGTLImperial20260814.csv
2026-08-14,2026-08-15,MCNEILL,Border Flow,-711.0,-673.0,-664.0,GdsrNGTLImperial20260814.csv
2026-08-14,2026-08-15,OTHER_BORDERS,Border Flow,-412.0,-421.0,-429.0,GdsrNGTLImperial20260814.csv
2026-08-14,2026-08-15,GORDONDALE,Interconnect Flow,86.0,84.0,107.0,GdsrNGTLImperial20260814.csv
2026-08-14,2026-08-15,GROUNDBIRCH_EAST,Interconnect Flow,275.0,278.0,289.0,GdsrNGTLImperial20260814.csv
2026-08-14,2026-08-15,WILLOW_VALLEY,Interconnect Flow,-45.0,-46.0,-150.0,GdsrNGTLImperial20260814.csv
2026-08-14,2026-08-15,INTRAPROVINCIAL,Internal Delivery,-10553.0,-6151.0,-10087.0,GdsrNGTLImperial20260814.csv
2026-08-14,2026-08-15,TOTAL_NET_STORAGE,Storage,-1059.0,-1170.0,-844.0,GdsrNGTLImperial20260814.csv
2026-08-14,2026-08-15,TOTAL_STORAGE_DELIVERIES,Storage,-2177.0,-1171.0,-1822.0,GdsrNGTLImperial20260814.csv
2026-08-14,2026-08-15,TOTAL_STORAGE_RECEIPTS,Storage,1117.0,0.0,978.0,GdsrNGTLImperial20260814.csv
2026-08-14,2026-08-15,TOTAL_NGTL_DELIVERIES,System Total,-20143.0,-14596.0,-19376.0,GdsrNGTLImperial20260814.csv
2026-08-14,2026-08-15,TOTAL_NGTL_RECEIPTS,System Total,24658.0,14437.0,24661.0,GdsrNGTLImperial20260814.csv
2026-08-14,2026-08-15,TOTAL_STORAGE_AND_INTRAPROVINCIAL,System Total,-12730.0,-7322.0,-11909.0,GdsrNGTLImperial20260814.csv
2026-08-15,2026-08-16,ALBERTA_BC,Border Flow,-2157.0,-2055.0,-2126.0,GdsrNGTLImperial20260815.csv
2026-08-15,2026-08-16,EMPRESS,Border Flow,-4133.0,-4123.0,-4065.0,GdsrNGTLImperial20260815.csv
2026-08-15,2026-08-16,MCNEILL,Border Flow,-663.0,-690.0,-667.0,GdsrNGTLImperial20260815.csv
2026-08-15,2026-08-16,OTHER_BORDERS,Border Flow,-427.0,-425.0,-427.0,GdsrNGTLImperial20260815.csv
2026-08-15,2026-08-16,GORDONDALE,Interconnect Flow,107.0,107.0,107.0,GdsrNGTLImperial20260815.csv
2026-08-15,2026-08-16,GROUNDBIRCH_EAST,Interconnect Flow,371.0,371.0,334.0,GdsrNGTLImperial20260815.csv
2026-08-15,2026-08-16,WILLOW_VALLEY,Interconnect Flow,-43.0,-44.0,-251.0,GdsrNGTLImperial20260815.csv
2026-08-15,2026-08-16,INTRAPROVINCIAL,Internal Delivery,-10535.0,-5871.0,-10075.0,GdsrNGTLImperial20260815.csv
2026-08-15,2026-08-16,TOTAL_NET_STORAGE,Storage,-881.0,-994.0,-842.0,GdsrNGTLImperial20260815.csv
2026-08-15,2026-08-16,TOTAL_STORAGE_DELIVERIES,Storage,-1970.0,-1008.0,-1821.0,GdsrNGTLImperial20260815.csv
2026-08-15,2026-08-16,TOTAL_STORAGE_RECEIPTS,Storage,1089.0,14.0,979.0,GdsrNGTLImperial20260815.csv
2026-08-15,2026-08-16,TOTAL_NGTL_DELIVERIES,System Total,-19928.0,-14216.0,-19432.0,GdsrNGTLImperial20260815.csv
2026-08-15,2026-08-16,TOTAL_NGTL_RECEIPTS,System Total,24729.0,14576.0,24707.0,GdsrNGTLImperial20260815.csv
2026-08-15,2026-08-16,TOTAL_STORAGE_AND_INTRAPROVINCIAL,System Total,-12506.0,-6879.0,-11897.0,GdsrNGTLImperial20260815.csv
2026-08-16,2026-08-17,ALBERTA_BC,Border Flow,-2107.0,-2095.0,-1866.0,GdsrNGTLImperial20260816.csv
2026-08-16,2026-08-17,EMPRESS,Border Flow,-4108.0,-4110.0,-4056.0,GdsrNGTLImperial20260816.csv
2026-08-16,2026-08-17,MCNEILL,Border Flow,-667.0,-712.0,-643.0,GdsrNGTLImperial20260816.csv
2026-08-16,2026-08-17,OTHER_BORDERS,Border Flow,-443.0,-420.0,-480.0,GdsrNGTLImperial20260816.csv
2026-08-16,2026-08-17,GORDONDALE,Interconnect Flow,111.0,112.0,314.0,GdsrNGTLImperial20260816.csv
2026-08-16,2026-08-17,GROUNDBIRCH_EAST,Interconnect Flow,316.0,365.0,7.0,GdsrNGTLImperial20260816.csv
2026-08-16,2026-08-17,WILLOW_VALLEY,Interconnect Flow,-304.0,-306.0,-489.0,GdsrNGTLImperial20260816.csv
2026-08-16,2026-08-17,INTRAPROVINCIAL,Internal Delivery,-10532.0,-5674.0,-10074.0,GdsrNGTLImperial20260816.csv
2026-08-16,2026-08-17,TOTAL_NET_STORAGE,Storage,-828.0,-938.0,-736.0,GdsrNGTLImperial20260816.csv
2026-08-16,2026-08-17,TOTAL_STORAGE_DELIVERIES,Storage,-1990.0,-1043.0,-1720.0,GdsrNGTLImperial20260816.csv
2026-08-16,2026-08-17,TOTAL_STORAGE_RECEIPTS,Storage,1162.0,105.0,983.0,GdsrNGTLImperial20260816.csv
2026-08-16,2026-08-17,TOTAL_NGTL_DELIVERIES,System Total,-20151.0,-14360.0,-19328.0,GdsrNGTLImperial20260816.csv
2026-08-16,2026-08-17,TOTAL_NGTL_RECEIPTS,System Total,24751.0,14228.0,24591.0,GdsrNGTLImperial20260816.csv
2026-08-16,2026-08-17,TOTAL_STORAGE_AND_INTRAPROVINCIAL,System Total,-12521.0,-6717.0,-11794.0,GdsrNGTLImperial20260816.csv
2026-08-17,2026-08-18,ALBERTA_BC,Border Flow,-1861.0,-1850.0,-1852.0,GdsrNGTLImperial20260817.csv
2026-08-17,2026-08-18,EMPRESS,Border Flow,-4107.0,-4120.0,-4118.0,GdsrNGTLImperial20260817.csv
2026-08-17,2026-08-18,MCNEILL,Border Flow,-666.0,-694.0,-615.0,GdsrNGTLImperial20260817.csv
2026-08-17,2026-08-18,OTHER_BORDERS,Border Flow,-423.0,-411.0,-437.0,GdsrNGTLImperial20260817.csv
2026-08-17,2026-08-18,GORDONDALE,Interconnect Flow,298.0,287.0,305.0,GdsrNGTLImperial20260817.csv
2026-08-17,2026-08-18,GROUNDBIRCH_EAST,Interconnect Flow,7.0,0.0,0.0,GdsrNGTLImperial20260817.csv
2026-08-17,2026-08-18,WILLOW_VALLEY,Interconnect Flow,-450.0,-458.0,-468.0,GdsrNGTLImperial20260817.csv
2026-08-17,2026-08-18,INTRAPROVINCIAL,Internal Delivery,-10538.0,-5780.0,-10081.0,GdsrNGTLImperial20260817.csv
2026-08-17,2026-08-18,TOTAL_NET_STORAGE,Storage,-422.0,-458.0,-307.0,GdsrNGTLImperial20260817.csv
2026-08-17,2026-08-18,TOTAL_STORAGE_DELIVERIES,Storage,-1831.0,-735.0,-1357.0,GdsrNGTLImperial20260817.csv
2026-08-17,2026-08-18,TOTAL_STORAGE_RECEIPTS,Storage,1409.0,277.0,1050.0,GdsrNGTLImperial20260817.csv
2026-08-17,2026-08-18,TOTAL_NGTL_DELIVERIES,System Total,-19876.0,-14047.0,-18933.0,GdsrNGTLImperial20260817.csv
2026-08-17,2026-08-18,TOTAL_NGTL_RECEIPTS,System Total,25001.0,13996.0,24646.0,GdsrNGTLImperial20260817.csv
2026-08-17,2026-08-18,TOTAL_STORAGE_AND_INTRAPROVINCIAL,System Total,-12369.0,-6515.0,-11439.0,GdsrNGTLImperial20260817.csv
2026-08-18,2026-08-19,ALBERTA_BC,Border Flow,-1874.0,-1827.0,-1826.0,GdsrNGTLImperial20260818.csv
2026-08-18,2026-08-19,EMPRESS,Border Flow,-4210.0,-4228.0,-4142.0,GdsrNGTLImperial20260818.csv
2026-08-18,2026-08-19,MCNEILL,Border Flow,-607.0,-666.0,-536.0,GdsrNGTLImperial20260818.csv
2026-08-18,2026-08-19,OTHER_BORDERS,Border Flow,-428.0,-419.0,-417.0,GdsrNGTLImperial20260818.csv
2026-08-18,2026-08-19,GORDONDALE,Interconnect Flow,285.0,260.0,305.0,GdsrNGTLImperial20260818.csv
2026-08-18,2026-08-19,GROUNDBIRCH_EAST,Interconnect Flow,0.0,0.0,0.0,GdsrNGTLImperial20260818.csv
2026-08-18,2026-08-19,WILLOW_VALLEY,Interconnect Flow,-465.0,-465.0,-464.0,GdsrNGTLImperial20260818.csv
2026-08-18,2026-08-19,INTRAPROVINCIAL,Internal Delivery,-10688.0,-5808.0,-10232.0,GdsrNGTLImperial20260818.csv
2026-08-18,2026-08-19,TOTAL_NET_STORAGE,Storage,-146.0,-175.0,-435.0,GdsrNGTLImperial20260818.csv
2026-08-18,2026-08-19,TOTAL_STORAGE_DELIVERIES,Storage,-1745.0,-575.0,-1426.0,GdsrNGTLImperial20260818.csv
2026-08-18,2026-08-19,TOTAL_STORAGE_RECEIPTS,Storage,1599.0,400.0,991.0,GdsrNGTLImperial20260818.csv
2026-08-18,2026-08-19,TOTAL_NGTL_DELIVERIES,System Total,-20019.0,-13989.0,-19042.0,GdsrNGTLImperial20260818.csv
2026-08-18,2026-08-19,TOTAL_NGTL_RECEIPTS,System Total,25174.0,14373.0,24586.0,GdsrNGTLImperial20260818.csv
2026-08-18,2026-08-19,TOTAL_STORAGE_AND_INTRAPROVINCIAL,System Total,-12432.0,-6383.0,-11658.0,GdsrNGTLImperial20260818.csv
2026-08-19,2026-08-20,ALBERTA_BC,Border Flow,-1829.0,-1808.0,-1843.0,GdsrNGTLImperial20260819.csv
2026-08-19,2026-08-20,EMPRESS,Border Flow,-4187.0,-4188.0,-4148.0,GdsrNGTLImperial20260819.csv
2026-08-19,2026-08-20,MCNEILL,Border Flow,-549.0,-560.0,-557.0,GdsrNGTLImperial20260819.csv
2026-08-19,2026-08-20,OTHER_BORDERS,Border Flow,-308.0,-418.0,-366.0,GdsrNGTLImperial20260819.csv
2026-08-19,2026-08-20,GORDONDALE,Interconnect Flow,306.0,291.0,327.0,GdsrNGTLImperial20260819.csv
2026-08-19,2026-08-20,GROUNDBIRCH_EAST,Interconnect Flow,0.0,0.0,0.0,GdsrNGTLImperial20260819.csv
2026-08-19,2026-08-20,WILLOW_VALLEY,Interconnect Flow,-440.0,-439.0,-445.0,GdsrNGTLImperial20260819.csv
2026-08-19,2026-08-20,INTRAPROVINCIAL,Internal Delivery,-10429.0,-5908.0,-9981.0,GdsrNGTLImperial20260819.csv
2026-08-19,2026-08-20,TOTAL_NET_STORAGE,Storage,-951.0,-1083.0,-553.0,GdsrNGTLImperial20260819.csv
2026-08-19,2026-08-20,TOTAL_STORAGE_DELIVERIES,Storage,-2065.0,-1083.0,-1528.0,GdsrNGTLImperial20260819.csv
2026-08-19,2026-08-20,TOTAL_STORAGE_RECEIPTS,Storage,1114.0,0.0,975.0,GdsrNGTLImperial20260819.csv
2026-08-19,2026-08-20,TOTAL_NGTL_DELIVERIES,System Total,-19807.0,-14405.0,-18868.0,GdsrNGTLImperial20260819.csv
2026-08-19,2026-08-20,TOTAL_NGTL_RECEIPTS,System Total,24709.0,14135.0,24344.0,GdsrNGTLImperial20260819.csv
2026-08-19,2026-08-20,TOTAL_STORAGE_AND_INTRAPROVINCIAL,System Total,-12494.0,-6991.0,-11509.0,GdsrNGTLImperial20260819.csv
2026-08-20,2026-08-21,ALBERTA_BC,Border Flow,-1833.0,-1853.0,-1773.0,GdsrNGTLImperial20260820.csv
2026-08-20,2026-08-21,EMPRESS,Border Flow,-4250.0,-4257.0,-4135.0,GdsrNGTLImperial20260820.csv
2026-08-20,2026-08-21,MCNEILL,Border Flow,-567.0,-504.0,-652.0,GdsrNGTLImperial20260820.csv
2026-08-20,2026-08-21,OTHER_BORDERS,Border Flow,-372.0,-413.0,-427.0,GdsrNGTLImperial20260820.csv
2026-08-20,2026-08-21,GORDONDALE,Interconnect Flow,330.0,334.0,323.0,GdsrNGTLImperial20260820.csv
2026-08-20,2026-08-21,GROUNDBIRCH_EAST,Interconnect Flow,0.0,0.0,0.0,GdsrNGTLImperial20260820.csv
2026-08-20,2026-08-21,WILLOW_VALLEY,Interconnect Flow,-480.0,-481.0,-446.0,GdsrNGTLImperial20260820.csv
2026-08-20,2026-08-21,INTRAPROVINCIAL,Internal Delivery,-10538.0,-6027.0,-10089.0,GdsrNGTLImperial20260820.csv
2026-08-20,2026-08-21,TOTAL_NET_STORAGE,Storage,-747.0,-886.0,-624.0,GdsrNGTLImperial20260820.csv
2026-08-20,2026-08-21,TOTAL_STORAGE_DELIVERIES,Storage,-1901.0,-973.0,-1690.0,GdsrNGTLImperial20260820.csv
2026-08-20,2026-08-21,TOTAL_STORAGE_RECEIPTS,Storage,1154.0,87.0,1067.0,GdsrNGTLImperial20260820.csv
2026-08-20,2026-08-21,TOTAL_NGTL_DELIVERIES,System Total,-19942.0,-14507.0,-19212.0,GdsrNGTLImperial20260820.csv
2026-08-20,2026-08-21,TOTAL_NGTL_RECEIPTS,System Total,24775.0,14300.0,24678.0,GdsrNGTLImperial20260820.csv
2026-08-20,2026-08-21,TOTAL_STORAGE_AND_INTRAPROVINCIAL,System Total,-12439.0,-7000.0,-11779.0,GdsrNGTLImperial20260820.csv
