window,vintage,well_id,operator,lateral_m,cum_mmcf,per_1000m
6,2023,100010206505W600,ARC RESOURCES LTD.,3969.49,303.37637868672687,76.42704193403355
6,2023,100010207413W600,ASTARA ENERGY CORP.,946.31,7.6010445790327035,8.032298696022133
6,2023,100010306208W600,TOURMALINE OIL CORP.,2610.28,625.090418134457,239.4725539537739
6,2023,100010405902W600,TOURMALINE OIL CORP.,3097.0,1073.496626452113,346.62467757575496
6,2023,100010407611W602,LONGSHORE RESOURCES LTD.,3135.6,69.6987323447742,22.228196308449483
6,2023,100010606902W600,VEREN INC.,2422.32,289.28298517290324,119.42393456393177
6,2023,100010906205W600,WHITECAP RESOURCES INC.,3505.59,998.8332344253248,284.92585682447884
6,2023,100010908107W600,TOURMALINE OIL CORP.,2307.95,12.585922563729648,5.453290826807187
6,2023,100011206307W600,TOURMALINE OIL CORP.,3055.72,452.226442521113,147.99341645213337
6,2023,100011406204W602,ARC RESOURCES LTD.,3950.39,965.4916266589657,244.40412887308995
6,2023,100011406503W600,CANADIAN NATURAL RESOURCES LIMITED,3431.67,72.22242257386667,21.045853061007225
6,2023,100011705902W600,TOURMALINE OIL CORP.,2688.28,1430.4231494788326,532.0960426290536
6,2023,100011907606W600,TOURMALINE OIL CORP.,3284.9,234.43551694595763,71.36762669973443
6,2023,100012106505W600,PARAMOUNT RESOURCES LTD.,3661.64,915.5874892249237,250.0484726037851
6,2023,100012107007W600,PIPESTONE ENERGY CORP.,4616.55,803.4224754904259,174.03092688055494
6,2023,100012207808W600,KELT EXPLORATION LTD.,1995.4,291.654413604714,146.16338258229626
6,2023,100012307809W600,TOURMALINE OIL CORP.,3571.5699999999997,136.58217984337205,38.241495992902856
6,2023,100012405701W600,TOURMALINE OIL CORP.,3243.9,1267.2888984434078,390.66830002262947
6,2023,100012406705W600,CANADIAN NATURAL RESOURCES LIMITED,3486.89,1261.5520192442668,361.7986283605926
6,2023,100012407210W602,CANADIAN NATURAL RESOURCES LIMITED,3821.2,214.36221573667095,56.098140829234524
6,2023,100012506204W600,ARC RESOURCES LTD.,3013.81,322.63755376151397,107.05305037859519
6,2023,100012707807W600,TOURMALINE OIL CORP.,3375.7799999999997,4.029800668163442,1.1937391264132857
6,2023,100012808113W600,VERMILION ENERGY INC.,2941.0299999999997,301.89035433766884,102.64783233685779
6,2023,100012907104W600,CANAMAX ENERGY LTD.,1063.9,3.526048786698618,3.3142671178669216
6,2023,100013006903W600,SPARTAN DELTA CORP.,3429.75,206.25413073479572,60.136782778568616
6,2023,100013007509W600,WHITECAP RESOURCES INC.,3297.0699999999997,245.96871730766452,74.6022126638696
6,2023,100013007711W600,BIRCHCLIFF ENERGY LTD.,3286.79,212.17793590298126,64.55475886898198
6,2023,100013206504W602,PARAMOUNT RESOURCES LTD.,3406.52,409.986358528334,120.35342769992074
6,2023,100013306605W600,CANADIAN NATURAL RESOURCES LIMITED,3709.2,735.5840669655784,198.31340099363163
6,2023,100013307007W600,PIPESTONE ENERGY CORP.,3998.51,656.7624792770617,164.25180361611245
6,2023,100013406205W600,WHITECAP RESOURCES INC.,3110.35,904.0521703328861,290.6593053299102
6,2023,100013506708W600,GRAN TIERRA CANADA LTD.,2950.95,81.75223334929893,27.703699943848232
6,2023,100020206505W600,ARC RESOURCES LTD.,3725.94,322.3256421798194,86.50854339571205
6,2023,100020306808W600,NUVISTA ENERGY LTD.,3841.01,579.0002454643612,150.74166572447382
6,2023,100020405902W600,TOURMALINE OIL CORP.,3136.28,1281.1198833581211,408.483899192075
6,2023,100020407209W600,NUVISTA ENERGY LTD.,2764.54,581.6210184618495,210.38618304016202
6,2023,100020407412W600,OVINTIV CANADA ULC,2865.0,53.61453191025868,18.713623703406167
6,2023,100020707613W600,ADVANTAGE ENERGY LTD.,3669.9,954.7369530695632,260.1533973867308
6,2023,100020906904W600,SPARTAN DELTA CORP.,3306.97,351.17122987243016,106.19123544284653
6,2023,100021107808W600,KELT EXPLORATION LTD.,3836.02,351.6778264587613,91.67778751381934
6,2023,100021307808W600,KELT EXPLORATION LTD.,1570.0,20.10197913254808,12.803808364680307
6,2023,100021406503W600,CANADIAN NATURAL RESOURCES LIMITED,3174.99,41.257867822193546,12.9946449665018
6,2023,100021907813W600,BIRCHCLIFF ENERGY LTD.,2843.91,519.9426387717677,182.8266853633792
6,2023,100022007711W600,INSIGNIA ENERGY LTD.,1650.3600000000001,612.9947489650827,371.43092959419926
6,2023,100022106505W600,PARAMOUNT RESOURCES LTD.,3546.16,835.4047931395602,235.58011853372668
6,2023,100022407210W602,CANADIAN NATURAL RESOURCES LIMITED,3586.49,348.6399207816087,97.20922706646573
6,2023,100022707807W600,TOURMALINE OIL CORP.,3036.9300000000003,110.94644168466237,36.53243297825843
6,2023,100022807407W600,ARCHER EXPLORATION CORP.,4718.52,243.92085962473982,51.694357473262755
6,2023,100022807711W600,TAQA NORTH LTD.,3332.37,230.52032077906236,69.1760881231863
6,2023,100022907108W600,OVINTIV CANADA ULC,2798.29,284.0364753740732,101.50358803915005
6,2023,100023106303W600,ARC RESOURCES LTD.,3055.74,366.45175668481664,119.92242687035437
6,2023,100023407007W600,PIPESTONE ENERGY CORP.,4675.92,766.4545380440013,163.91523765248365
6,2023,100023407607W600,TOURMALINE OIL CORP.,3773.31,284.5395923503939,75.40848548102167
6,2023,100023506309W600,TOURMALINE OIL CORP.,2644.01,744.9585628262023,281.7533075995182
6,2023,100023607209W600,CANADIAN NATURAL RESOURCES LIMITED,3428.41,284.41580233833986,82.95851497876271
6,2023,100030405902W600,TOURMALINE OIL CORP.,2997.37,1482.3742455496438,494.55831130279006
6,2023,100030407209W600,NUVISTA ENERGY LTD.,2885.78,792.8702365584173,274.750755968375
6,2023,100030507308W602,KELT EXPLORATION LTD.,3590.84,208.01916703535485,57.93050290053437
6,2023,100030607004W600,VEREN INC.,3286.31,382.0116895277592,116.24335182248758
6,2023,100030707610W600,ASTARA ENERGY CORP.,717.0,0.7414060038353727,1.0340390569531002
6,2023,100031006205W600,TOURMALINE OIL CORP.,3002.56,2023.067542883628,673.7808879368365
6,2023,100031108012W600,STORM DEVELOPMENT CORP.,2912.91,794.121186780303,272.62125736129957
6,2023,100031206204W600,STRATHCONA RESOURCES LTD.,3227.55,562.5007405812947,174.2810306831171
6,2023,100031406503W600,CANADIAN NATURAL RESOURCES LIMITED,3098.27,47.46389244968603,15.319482307767247
6,2023,100031406605W600,PARAMOUNT RESOURCES LTD.,3361.67,720.5578883286883,214.34521780207106
6,2023,100031606506W600,NUVISTA ENERGY LTD.,1940.6999999999998,215.25997161040863,110.91872603205475
6,2023,100031707913W600,BIRCHCLIFF ENERGY LTD.,3313.37,739.8881665589696,223.30381652485826
6,2023,100032006807W600,SINOPEC DAYLIGHT ENERGY LTD.,3283.6,576.0846456054194,175.4430032907234
6,2023,100032407210W600,CANADIAN NATURAL RESOURCES LIMITED,3207.5,457.05297550406885,142.495081996592
6,2023,100032606505W600,PARAMOUNT RESOURCES LTD.,3225.46,840.7385058662367,260.6569313729628
6,2023,100032706608W600,CENOVUS ENERGY INC.,3042.55,12.183483403113978,4.004365878330341
6,2023,100032707807W600,TOURMALINE OIL CORP.,3045.63,73.95467468153119,24.282225576163615
6,2023,100032708113W600,VERMILION ENERGY INC.,3553.66,219.46523697293767,61.757522377756366
6,2023,100032807711W600,TAQA NORTH LTD.,3457.6,343.2927496581162,99.28642690250932
6,2023,100032808113W600,VERMILION ENERGY INC.,2524.46,264.8048522478108,104.89564193839902
6,2023,100032907426W500,NORTHERN SMILODON ENERGY INC.,1403.42,4.086329119267928,2.9116936621025267
6,2023,100033007509W600,WHITECAP RESOURCES INC.,3252.81,70.81489558807742,21.770375640777488
6,2023,100033408113W600,VERMILION ENERGY INC.,3466.1400000000003,345.33564353718714,99.63118729687407
6,2023,100033607209W600,CANADIAN NATURAL RESOURCES LIMITED,3228.95,338.1195425441033,104.71501340810582
6,2023,100040307611W602,LONGSHORE RESOURCES LTD.,3323.2,21.47997890637665,6.46364314708012
6,2023,100040307812W600,KELT EXPLORATION LTD.,4084.18,536.499579681944,131.36041498708286
6,2023,100040607004W600,VEREN INC.,3279.64,600.8615302601291,183.2095993036215
6,2023,100040707302W600,OVINTIV CANADA ULC,3251.69,21.16508244595269,6.508948407121433
6,2023,100040707807W600,KELT EXPLORATION LTD.,1576.0,3.4060846965517664,2.1612212541572124
6,2023,100040807906W600,TOURMALINE OIL CORP.,2005.3,9.695873300830257,4.835123572946819
6,2023,100040906304W600,KADEN ENERGY LTD.,1943.3,99.16341027151829,51.0283591167181
6,2023,100040906606W600,CANADIAN NATURAL RESOURCES LIMITED,3598.75,909.833636477916,252.819350184902
6,2023,100041006104W600,TOURMALINE OIL CORP.,3016.45,1014.6302021235516,336.36566232609584
6,2023,100041108012W600,STORM DEVELOPMENT CORP.,3190.5299999999997,831.1718666118509,260.5121614941251
6,2023,100041207913W600,BIRCHCLIFF ENERGY LTD.,2355.68,495.3261624894354,210.26886609787212
6,2023,100041306910W600,CANADIAN NATURAL RESOURCES LIMITED,1891.0,8.242825066284485,4.3589767669405
6,2023,100041307207W600,KELT EXPLORATION LTD.,4983.67,342.54365228882955,68.73321313185454
6,2023,100041406503W600,CANADIAN NATURAL RESOURCES LIMITED,3297.1099999999997,43.6997130063484,13.253944516970439
6,2023,100041506604W600,HAMMERHEAD RESOURCES ULC,2774.14,545.6088523773936,196.67675473386117
6,2023,100041606506W600,NUVISTA ENERGY LTD.,1807.9499999999998,497.4901000532936,275.1680633055635
6,2023,100041606604W602,CANADIAN NATURAL RESOURCES LIMITED,3804.6400000000003,93.62819178807742,24.608949017010126
6,2023,100041705727W502,TOURMALINE OIL CORP.,2577.79,800.7387294560759,310.629930853978
6,2023,100041706208W600,TOURMALINE OIL CORP.,2766.67,274.01284373682347,99.04066756672225
6,2023,100042006308W600,TOURMALINE OIL CORP.,2558.1,847.3708404386582,331.2500842182316
6,2023,100042007007W600,PIPESTONE ENERGY CORP.,3017.33,577.0357335112602,191.24051181384212
6,2023,100042007208W600,CANADIAN NATURAL RESOURCES LIMITED,3237.35,257.67579097811614,79.59466569203705
6,2023,100042106604W600,CANADIAN NATURAL RESOURCES LIMITED,3780.79,50.36841032793119,13.322192009588257
6,2023,100042206804W600,HAMMERHEAD RESOURCES ULC,2183.52,75.6924677795441,34.66534209878733
6,2023,100042606505W600,PARAMOUNT RESOURCES LTD.,3026.13,630.2820946476413,208.2799135026061
6,2023,100042706608W600,CENOVUS ENERGY INC.,3300.13,9.331143183982796,2.8275077599921206
6,2023,100042807608W600,TOURMALINE OIL CORP.,2377.4,26.291875804604825,11.059087997225888
6,2023,100043006904W600,VEREN INC.,3061.33,693.7854390874667,226.6287656304504
6,2023,100043107610W600,LONGSHORE RESOURCES LTD.,3219.79,174.15990657584518,54.090455146405574
6,2023,100043107611W600,CANLIN RESOURCES PARTNERSHIP,2320.47,21.135299622830107,9.108197745642093
6,2023,100043407809W602,TOURMALINE OIL CORP.,2253.85,166.60557429691184,73.92043583065059
6,2023,100050106207W600,TAQA NORTH LTD.,1800.0,8.058883975969279,4.4771577644273775
6,2023,100050106807W600,NUVISTA ENERGY LTD.,3955.54,838.1035898093319,211.88095425892087
6,2023,100050206808W600,NUVISTA ENERGY LTD.,3368.89,594.6408450956732,176.50942746592295
6,2023,100050506508W600,CANADIAN NATURAL RESOURCES LIMITED,3245.8,2922.5020500938745,900.3949873972132
6,2023,100050507308W602,KELT EXPLORATION LTD.,3523.66,67.3497664190956,19.113582587166643
6,2023,100050906606W600,CANADIAN NATURAL RESOURCES LIMITED,3315.14,872.127515604863,263.0741131912568
6,2023,100051007908W600,TOURMALINE OIL CORP.,2391.98,140.0496854284731,58.54968913973909
6,2023,100051106306W600,CENOVUS ENERGY INC.,3232.41,838.1119610038022,259.2839277826149
6,2023,100051106903W600,VEREN INC.,3659.44,307.89991264358446,84.13853284753526
6,2023,100051207913W600,BIRCHCLIFF ENERGY LTD.,2207.31,423.9120566192037,192.04917144361406
6,2023,100051506604W600,HAMMERHEAD RESOURCES ULC,2604.52,791.5528661030883,303.9150653875141
6,2023,100052306307W600,CENOVUS ENERGY INC.,3380.9,295.8632575235097,87.51020660874609
6,2023,100052407808W600,GRIZZLY RESOURCES LTD.,1845.03,0.21863824416344088,0.11850118651915735
6,2023,100052806408W600,CENOVUS ENERGY INC.,2611.52,887.7001306283012,339.9170332328687
6,2023,100052806706W600,PARAMOUNT RESOURCES LTD.,3218.36,344.1569132778667,106.93549300819879
6,2023,100052807608W600,TOURMALINE OIL CORP.,2276.3900000000003,42.11432102649522,18.50048586863201
6,2023,100060207411W600,CANADIAN NATURAL RESOURCES LIMITED,2090.0,3.1558248780043012,1.5099640564613883
6,2023,100060707107W600,PIPESTONE ENERGY CORP.,1889.7199999999998,446.77126388209035,236.42193757916007
6,2023,100060807913W600,BIRCHCLIFF ENERGY LTD.,2651.64,591.3050415268557,222.99597287974828
6,2023,100061007908W600,TOURMALINE OIL CORP.,2196.1099999999997,235.5996773690495,107.28045378831185
6,2023,100061206106W600,TOURMALINE OIL CORP.,2676.53,473.25051887508573,176.81495028080602
6,2023,100061707913W600,BIRCHCLIFF ENERGY LTD.,3498.26,743.2401950391807,212.45996439349292
6,2023,100062306204W600,ARC RESOURCES LTD.,1530.85,416.81949031134036,272.27977287868856
6,2023,100062708113W600,VERMILION ENERGY INC.,3572.06,173.5615950555183,48.588656141139374
6,2023,100062806408W600,CENOVUS ENERGY INC.,2209.32,1091.3786482330675,493.9884888712669
6,2023,100063006303W600,ARC RESOURCES LTD.,3584.9,511.02991200982547,142.5506742195948
6,2023,100063607209W600,CANADIAN NATURAL RESOURCES LIMITED,3166.12,396.35962228571185,125.18780788021674
6,2023,100070306207W600,TAQA NORTH LTD.,1845.0,12.457407867941015,6.751982584249872
6,2023,100070507906W600,TOURMALINE OIL CORP.,3092.5,226.56624697899358,73.26313564397529
6,2023,100070607613W600,ADVANTAGE ENERGY LTD.,2687.53,1249.0764135107024,464.7674308791724
6,2023,100070707510W600,ADVANTAGE ENERGY LTD.,3229.21,1062.1174623807485,328.9093810500861
6,2023,100070806005W600,TOURMALINE OIL CORP.,2838.92,910.8816797730641,320.8550011177011
6,2023,100070905827W500,TOURMALINE OIL CORP.,2552.29,540.2323641605708,211.66574494300053
6,2023,100071007813W600,BIRCHCLIFF ENERGY LTD.,2902.63,530.8992545619097,182.90283451969754
6,2023,100071206809W600,GRAN TIERRA CANADA LTD.,2079.02,238.60751162983226,114.7692237832403
6,2023,100071907813W600,BIRCHCLIFF ENERGY LTD.,3143.23,917.5204708730323,291.9037012477713
6,2023,100072007007W600,PIPESTONE ENERGY CORP.,3238.47,389.3939047939957,120.24008398842531
6,2023,100073106303W600,ARC RESOURCES LTD.,3212.18,346.98669943714594,108.02218413574145
6,2023,100073206203W600,STRATHCONA RESOURCES LTD.,3254.23,573.4463261384947,176.2156719526569
6,2023,100073306807W600,NUVISTA ENERGY LTD.,3225.87,711.6377019288775,220.6033417121203
6,2023,100080306808W600,NUVISTA ENERGY LTD.,3408.48,564.0709704690237,165.49047389716932
6,2023,100080506304W600,ARC RESOURCES LTD.,2654.71,645.8301300562581,243.27709243429908
6,2023,100080507907W603,GRIZZLY RESOURCES LTD.,1532.8600000000001,0.021009588404301078,0.013706136505813366
6,2023,100080606604W600,CANADIAN NATURAL RESOURCES LIMITED,3356.2200000000003,132.4977415074486,39.47826468689436
6,2023,100080606902W600,VEREN INC.,2244.95,277.5664456439398,123.6403686692086
6,2023,100080707811W600,KELT EXPLORATION LTD.,1859.0,0.47400545236751945,0.25497872639457747
6,2023,100081006205W600,TOURMALINE OIL CORP.,2929.94,1791.0911955308418,611.3064416100132
6,2023,100081007407W602,ARCHER EXPLORATION CORP.,4615.39,396.80036189300654,85.97331144128806
6,2023,100081007813W600,BIRCHCLIFF ENERGY LTD.,2977.28,733.4957544802753,246.3643844315198
6,2023,100081007908W600,TOURMALINE OIL CORP.,2201.76,166.47452111786015,75.60974907249661
6,2023,100081206403W602,HAMMERHEAD RESOURCES ULC,2953.27,46.184843197003495,15.63854412126338
6,2023,100081207808W600,KELT EXPLORATION LTD.,1582.0,0.7836955768786483,0.4953827919586905
6,2023,100081505727W500,TOURMALINE OIL CORP.,1842.8400000000001,173.81709362340735,94.32023052647399
6,2023,100081607208W600,ARCHER EXPLORATION CORP.,5656.68,108.12895954920995,19.11526894737018
6,2023,100082006811W600,CENOVUS ENERGY INC.,2840.31,14.28623152167742,5.029814182845331
6,2023,100082406905W600,SPARTAN DELTA CORP.,3301.25,594.4175976050741,180.05834081183613
6,2023,100082506905W600,VEREN INC.,2874.11,412.9917128774882,143.69377403004347
6,2023,100082806408W600,CENOVUS ENERGY INC.,2232.47,1398.473704164373,626.4244107040064
6,2023,100083007612W600,ADVANTAGE ENERGY LTD.,4052.85,2708.962942104502,668.4093766373052
6,2023,100083306605W600,CANADIAN NATURAL RESOURCES LIMITED,3114.89,650.2093912730388,208.74232838817386
6,2023,100083406205W600,WHITECAP RESOURCES INC.,3049.14,661.0303363921721,216.79238617845428
6,2023,100090206505W600,ARC RESOURCES LTD.,3498.13,257.91647774637426,73.72981500012128
6,2023,100090206508W600,CANADIAN NATURAL RESOURCES LIMITED,3053.9,2922.0722451852057,956.8329824765727
6,2023,100090606605W602,NUVISTA ENERGY LTD.,2446.26,330.0355839377033,134.91435249634267
6,2023,100090806005W600,TOURMALINE OIL CORP.,3059.58,987.8128853043868,322.8589823780998
6,2023,100090807808W600,KELT EXPLORATION LTD.,2086.56,118.30332045408322,56.69778029583775
6,2023,100091107007W600,PIPESTONE ENERGY CORP.,2295.05,222.78729156139352,97.07295769651795
6,2023,100091206403W600,HAMMERHEAD RESOURCES ULC,3007.26,338.6704690435198,112.6176217033179
6,2023,100091306905W600,SPARTAN DELTA CORP.,3663.31,392.13352873624825,107.04350129698231
6,2023,100091507108W600,OVINTIV CANADA ULC,3855.88,944.415932488346,244.9287665820373
6,2023,100091905727W500,TOURMALINE OIL CORP.,2648.96,1134.7471642362643,428.3745938920423
6,2023,100092406905W600,VEREN INC.,2979.77,515.7639239879915,173.08850145749219
6,2023,100092507109W600,OVINTIV CANADA ULC,3546.67,619.6833509752087,174.72258512215927
6,2023,100092907207W600,ADVANTAGE ENERGY LTD.,3994.58,447.675888275114,112.07082804077376
6,2023,100093007612W600,ADVANTAGE ENERGY LTD.,3616.82,2417.9011676700816,668.5157590563206
6,2023,100093206402W600,VEREN INC.,3210.11,135.73498550656345,42.28359324339771
6,2023,100093207008W600,NUVISTA ENERGY LTD.,2978.63,853.6173835580732,286.58053654132044
6,2023,100093306807W600,NUVISTA ENERGY LTD.,3270.96,938.0177815267908,286.77140091190074
6,2023,100093407811W600,BIRCHCLIFF ENERGY LTD.,2147.0,33.51398749842581,15.60968211384528
6,2023,100093408010W600,TOURMALINE OIL CORP.,2148.6400000000003,88.24177198295055,41.06866296026814
6,2023,100100106807W600,NUVISTA ENERGY LTD.,3636.14,579.2007719943831,159.29000863398636
6,2023,100100507910W600,LOGAN ENERGY CORP.,3622.02,254.58811391244257,70.28898623211428
6,2023,100100607611W600,CANADIAN NATURAL RESOURCES LIMITED,3853.85,1810.339437647553,469.748287465146
6,2023,100100905827W500,TOURMALINE OIL CORP.,2533.2,647.3799315226738,255.55816024106815
6,2023,100101106606W602,NUVISTA ENERGY LTD.,2555.99,470.8321486902194,184.2073516290046
6,2023,100101206307W600,TOURMALINE OIL CORP.,2161.76,356.64122628197856,164.97725292445904
6,2023,100101406204W600,ARC RESOURCES LTD.,3058.88,715.1618130180584,233.7985841281967
6,2023,100101805727W500,TOURMALINE OIL CORP.,2933.03,1087.0283777007028,370.61618111669594
6,2023,100102306803W600,SPARTAN DELTA CORP.,2845.17,566.1124791005076,198.97316473198703
6,2023,100102707607W600,TOURMALINE OIL CORP.,4012.7,424.85123799221265,105.87665113071316
6,2023,100102806802W600,VEREN INC.,3427.68,671.7488209570183,195.977693646145
6,2023,100103006303W600,ARC RESOURCES LTD.,3565.42,466.323737019521,130.79068862000014
6,2023,100103206203W600,STRATHCONA RESOURCES LTD.,3399.75,344.60446368579784,101.3617070919326
6,2023,100103207008W600,NUVISTA ENERGY LTD.,2850.2,688.0883775109335,241.41757684054926
6,2023,100103306807W600,NUVISTA ENERGY LTD.,3238.32,416.6717385299097,128.6691057492495
6,2023,100110106807W600,NUVISTA ENERGY LTD.,3629.4,664.3168681373313,183.03765584871638
6,2023,100110807108W600,OVINTIV CANADA ULC,4165.219999999999,1426.4620752311362,342.4698035712727
6,2023,100110807913W600,BIRCHCLIFF ENERGY LTD.,2754.06,561.6459034991781,203.93379356265953
6,2023,100111406204W600,ARC RESOURCES LTD.,2665.41,778.1812690373555,291.9555599466332
6,2023,100111606106W600,TOURMALINE OIL CORP.,2569.61,733.3186819092462,285.38131541722134
6,2023,100111606409W600,TOURMALINE OIL CORP.,2525.45,614.2080046439446,243.207351024152
6,2023,100111807310W600,CANADIAN NATURAL RESOURCES LIMITED,2418.0,49.05877417163011,20.288988491162165
6,2023,100112708113W600,VERMILION ENERGY INC.,3900.21,300.1389396383828,76.9545587643698
6,2023,100112807407W600,ARCHER EXPLORATION CORP.,5417.36,136.79425010328632,25.25109095634891
6,2023,100112907612W600,ADVANTAGE ENERGY LTD.,4300.4400000000005,1954.366734143286,454.45738904467584
6,2023,100120206808W600,NUVISTA ENERGY LTD.,3371.64,636.4146022067614,188.75520583655475
6,2023,100120406606W600,CANADIAN NATURAL RESOURCES LIMITED,3312.44,1132.6861620549917,341.94918611506677
6,2023,100120506508W600,CANADIAN NATURAL RESOURCES LIMITED,3018.53,2720.780123055145,901.3593116699667
6,2023,100120707210W600,CANADIAN NATURAL RESOURCES LIMITED,2569.0,82.88028663439141,32.26169195577712
6,2023,100120807108W600,OVINTIV CANADA ULC,4028.87,684.1802477558366,169.8193904881112
6,2023,100120807407W600,TAMARACK VALLEY ENERGY LTD.,4408.35,201.81141084837853,45.779353011530056
6,2023,100121106306W600,CENOVUS ENERGY INC.,3168.92,600.0393858171872,189.35138337893892
6,2023,100121106605W600,PARAMOUNT RESOURCES LTD.,2864.99,765.1472765978496,267.06804442523344
6,2023,100121207913W600,BIRCHCLIFF ENERGY LTD.,2189.46,337.3027411989973,154.0575033108608
6,2023,100121306909W600,SINOPEC DAYLIGHT ENERGY LTD.,3194.51,587.7365601499675,183.98332143269784
6,2023,100121406104W602,TOURMALINE OIL CORP.,1987.3899999999999,539.9197724655288,271.6727831304016
6,2023,100121406204W600,ARC RESOURCES LTD.,2676.36,725.6910881731023,271.14853314692425
6,2023,100121707007W600,PIPESTONE ENERGY CORP.,3311.57,474.5141367767226,143.2897800066804
6,2023,100121906708W600,CENOVUS ENERGY INC.,1692.31,24.433458690408603,14.437933174423483
6,2023,100122206205W600,WHITECAP RESOURCES INC.,3070.5,1516.9810660152004,494.05017619775293
6,2023,100122206708W600,CENOVUS ENERGY INC.,1597.36,18.616119693917053,11.65430441097627
6,2023,100122406803W600,SPARTAN DELTA CORP.,3268.52,575.2558057991398,175.99886364444453
6,2023,100122807408W600,ARCHER EXPLORATION CORP.,4679.28,86.5561008157004,18.497739142710074
6,2023,100122807608W600,TOURMALINE OIL CORP.,2280.69,31.9714466400528,14.018321928913092
6,2023,100123506205W600,ARC RESOURCES LTD.,2779.7,896.1015418067442,322.37347260738363
6,2023,100123607308W600,TAMARACK VALLEY ENERGY LTD.,4018.33,372.09077718356997,92.59836230064977
6,2023,100130107609W600,TAMARACK VALLEY ENERGY LTD.,3590.01,65.9081177599828,18.35875603688647
6,2023,100130107808W600,KELT EXPLORATION LTD.,3130.01,286.6429588830587,91.57892750600116
6,2023,100130206203W600,WHITECAP ENERGY CANADA,3290.52,1052.8319049880515,319.95912651740497
6,2023,100130406606W600,CANADIAN NATURAL RESOURCES LIMITED,3550.51,681.2363538168685,191.87000003291595
6,2023,100130506508W600,CANADIAN NATURAL RESOURCES LIMITED,3373.1,2875.8795005041206,852.5924225502122
6,2023,100130507610W600,ASTARA ENERGY CORP.,1224.42,10.96653145605992,8.956511210254584
6,2023,100130708112W602,KELT EXPLORATION LTD.,3424.65,200.27160067921454,58.479436053089955
6,2023,100130806204W602,TOURMALINE OIL CORP.,2664.21,1030.6560654945033,386.85241234531185
6,2023,100130906306W600,ORLEN UPSTREAM CANADA LTD.,2875.1,485.373438923871,168.81967198492956
6,2023,100131008009W600,LONGSHORE RESOURCES LTD.,2273.45,380.9850299970878,167.58012271969378
6,2023,100131106003W600,TOURMALINE OIL CORP.,1836.63,776.7645400497377,422.9292454385138
6,2023,100131106306W600,CENOVUS ENERGY INC.,3136.39,469.85866594838717,149.80875017086115
6,2023,100131106605W600,PARAMOUNT RESOURCES LTD.,2781.64,744.9242779484215,267.8003903986215
6,2023,100131107908W600,TOURMALINE OIL CORP.,2845.0,282.4420872460969,99.27665632551735
6,2023,100131207809W600,KELT EXPLORATION LTD.,2405.16,159.93234307589884,66.49551093311831
6,2023,100131307710W600,TAQA NORTH LTD.,3168.88,78.31416427542366,24.71351527209098
6,2023,100131506604W600,HAMMERHEAD RESOURCES ULC,2568.68,493.9361160089118,192.2918059115623
6,2023,100131707208W600,CANADIAN NATURAL RESOURCES LIMITED,3354.97,213.39034911702367,63.60424955126981
6,2023,100131906204W600,ARC RESOURCES LTD.,2461.73,659.5562020849032,267.9238592716924
6,2023,100131906708W600,CENOVUS ENERGY INC.,1631.84,37.962363812490324,23.263533074621485
6,2023,100132206205W602,WHITECAP RESOURCES INC.,2899.12,1541.7948070130392,531.8147600006345
6,2023,100132206804W600,HAMMERHEAD RESOURCES ULC,3012.2,319.8354287674151,106.18001087823356
6,2023,100132306307W600,CENOVUS ENERGY INC.,3403.8,325.26467581044307,95.55927957296052
6,2023,100132605802W600,CANADIAN NATURAL RESOURCES LIMITED,3466.41,2042.8199991996562,589.3186320140019
6,2023,100132606604W600,HAMMERHEAD RESOURCES ULC,3196.88,221.28949260784518,69.22045638492692
6,2023,100132706807W600,NUVISTA ENERGY LTD.,2320.05,611.0689167526427,263.3860980378193
6,2023,100132807608W600,TOURMALINE OIL CORP.,2407.74,25.58181301772577,10.624823700950175
6,2023,100133007710W600,INSIGNIA ENERGY LTD.,1332.02,142.55606006272689,107.02246217228486
6,2023,100133306402W600,VEREN INC.,3404.06,84.00302980373334,24.67730586527069
6,2023,100133307708W600,TOURMALINE OIL CORP.,2969.76,223.70155496887742,75.32647586635869
6,2023,100133307813W600,BIRCHCLIFF ENERGY LTD.,2836.57,388.87547588452475,137.09355872921336
6,2023,100133507807W600,TOURMALINE OIL CORP.,1853.73,8.487125363192881,4.5784042785048955
6,2023,100133606808W600,SINOPEC DAYLIGHT ENERGY LTD.,2524.74,918.2704311787777,363.70890910698836
6,2023,100140206203W600,WHITECAP ENERGY CANADA,3195.89,1027.1106516744176,321.38485732438147
6,2023,100140207812W600,KELT EXPLORATION LTD.,2919.89,175.01483521168174,59.93884537146322
6,2023,100140607611W600,CANADIAN NATURAL RESOURCES LIMITED,4239.65,1941.82055868874,458.0143546492612
6,2023,100140807913W600,BIRCHCLIFF ENERGY LTD.,3094.14,620.2017958070657,200.44399923955146
6,2023,100140907812W600,KELT EXPLORATION LTD.,1885.0,2.371707073566778,1.2582000390274681
6,2023,100141008009W600,LONGSHORE RESOURCES LTD.,2330.65,417.9903210768774,179.34495573203932
6,2023,100141106606W600,NUVISTA ENERGY LTD.,2669.3300000000004,657.1076615374108,246.16951127714097
6,2023,100141606409W600,TOURMALINE OIL CORP.,2717.53,667.3357803982144,245.56703344515586
6,2023,100141707007W600,PIPESTONE ENERGY CORP.,3443.08,895.311950682099,260.0322823408399
6,2023,100142306604W600,MANCAL ENERGY INC.,3874.3199999999997,21.344304823428104,5.509174467629959
6,2023,100142407310W600,TAMARACK VALLEY ENERGY LTD.,4624.38,101.82343195064087,22.018828891795412
6,2023,100142605802W602,CANADIAN NATURAL RESOURCES LIMITED,3125.96,2296.395919069161,734.6210185252406
6,2023,100142707007W600,PIPESTONE ENERGY CORP.,4667.1900000000005,860.0429699281206,184.27425708576692
6,2023,100142708113W600,VERMILION ENERGY INC.,3735.46,383.7822668186667,102.7402961934184
6,2023,100142807608W600,TOURMALINE OIL CORP.,2418.4300000000003,15.136799414032184,6.2589363405317435
6,2023,100143307708W600,TOURMALINE OIL CORP.,2738.13,372.06526554050754,135.88298055260617
6,2023,100143607107W600,PIPESTONE ENERGY CORP.,2895.36,413.6209615939269,142.8564881720846
6,2023,100150106809W600,WHITECAP RESOURCES INC.,2470.74,125.60203133529215,50.83579467499298
6,2023,100150407309W600,OVINTIV CANADA ULC,3063.53,135.85654098233118,44.346404632019656
6,2023,100150507906W600,TOURMALINE OIL CORP.,2779.4,233.67434244684557,84.07366426093601
6,2023,100150806808W600,GRAN TIERRA CANADA LTD.,1740.0,2.2100965610420893,1.2701704373805112
6,2023,100151307210W600,NUVISTA ENERGY LTD.,4120.21,911.8060442285322,221.30086675886236
6,2023,100151307408W600,ARCHER EXPLORATION CORP.,5419.13,133.44137005974932,24.624131559816668
6,2023,100151807813W600,BIRCHCLIFF ENERGY LTD.,2697.83,899.1218432958109,333.27594522108916
6,2023,100152606604W600,HAMMERHEAD RESOURCES ULC,3339.35,162.29133612419787,48.59967841771538
6,2023,100152707607W600,TOURMALINE OIL CORP.,3612.8,398.4380378707662,110.28510791374174
6,2023,100153207008W600,NUVISTA ENERGY LTD.,2781.43,844.5606348336344,303.6425992506137
6,2023,100153407610W600,LONGSHORE RESOURCES LTD.,3229.91,207.48634428888693,64.23904823629356
6,2023,100153506808W600,SINOPEC DAYLIGHT ENERGY LTD.,2944.2,1066.1816076356404,362.1294774932547
6,2023,100160106809W600,WHITECAP RESOURCES INC.,2484.73,141.94106785270537,57.12534877137772
6,2023,100160206508W600,CANADIAN NATURAL RESOURCES LIMITED,3192.44,2818.0895107910196,882.7384416906879
6,2023,100160208110W600,TOURMALINE OIL CORP.,1979.37,144.3414133278968,72.92290644391741
6,2023,100160407309W602,OVINTIV CANADA ULC,3269.77,425.6389079103828,130.1739596088969
6,2023,100160408107W600,TOURMALINE OIL CORP.,2760.6800000000003,69.72708044718158,25.25721215323093
6,2023,100160506908W600,SINOPEC DAYLIGHT ENERGY LTD.,2423.25,610.8312885041495,252.07109811375202
6,2023,100160607709W600,LONGSHORE RESOURCES LTD.,3229.84,329.86612198288174,102.13079347053777
6,2023,100160608111W600,KELT EXPLORATION LTD.,1826.25,265.6797594975543,145.47830773308928
6,2023,100160907811W600,KELT EXPLORATION LTD.,2015.0,37.572882346514795,18.646591735243074
6,2023,100161006605W600,PARAMOUNT RESOURCES LTD.,2820.9,742.9208636255829,263.3630627195515
6,2023,100161106508W600,CANADIAN NATURAL RESOURCES LIMITED,2867.53,2115.7528476476696,737.8311116702072
6,2023,100161107713W600,ADVANTAGE ENERGY LTD.,3016.47,1932.9544128672123,640.8001448273023
6,2023,100161306905W600,SPARTAN DELTA CORP.,3510.03,486.82334788940835,138.69492508309284
6,2023,100161307210W600,NUVISTA ENERGY LTD.,3661.11,722.8529055141321,197.44091423479003
6,2023,100161407308W600,KELT EXPLORATION LTD.,3223.63,380.8710416352944,118.14973853553118
6,2023,100161505727W500,TOURMALINE OIL CORP.,2205.06,696.9436801875554,316.0656309522441
6,2023,100161705902W600,TOURMALINE OIL CORP.,2896.28,2339.0803857680307,807.6154190092224
6,2023,100161905727W500,TOURMALINE OIL CORP.,2852.15,788.2324853554667,276.3643165175277
6,2023,100162206307W600,TOURMALINE OIL CORP.,2814.99,528.2964897830537,187.67259911511366
6,2023,100162606106W600,TOURMALINE OIL CORP.,3030.77,1887.6646505830884,622.8333560722484
6,2023,100162906205W600,WHITECAP RESOURCES INC.,3096.95,901.4488283675355,291.07632618141577
6,2023,100162907207W600,ADVANTAGE ENERGY LTD.,4153.1900000000005,458.36549759284304,110.36468295282494
6,2023,100163206402W600,VEREN INC.,3318.38,101.15077880980647,30.481975786319367
6,2023,100163507509W600,TAMARACK VALLEY ENERGY LTD.,3305.17,42.12232828071275,12.744375714626706
6,2023,102010206505W600,ARC RESOURCES LTD.,3892.97,300.93118582090324,77.30118285548136
6,2023,102010407209W600,NUVISTA ENERGY LTD.,2826.46,371.2140308982366,131.33532082471947
6,2023,102010506304W600,ARC RESOURCES LTD.,2581.71,1013.4108874081378,392.5347492197566
6,2023,102010606902W600,VEREN INC.,2294.84,279.51768230766453,121.80268877467034
6,2023,102010607709W600,LONGSHORE RESOURCES LTD.,2252.0299999999997,191.8482205886072,85.1890163934793
6,2023,102010707407W600,TAMARACK VALLEY ENERGY LTD.,4572.16,371.8096873606882,81.32035785289409
6,2023,102011306706W600,PARAMOUNT RESOURCES LTD.,2946.81,279.59832521245477,94.88169417521142
6,2023,102012106505W602,PARAMOUNT RESOURCES LTD.,3506.95,764.3105233656988,217.941665368967
6,2023,102012506204W600,ARC RESOURCES LTD.,2964.04,61.188810105341936,20.64371941854426
6,2023,102012906103W600,STRATHCONA RESOURCES LTD.,3096.45,1172.1845027222023,378.5575425801167
6,2023,102013206504W602,PARAMOUNT RESOURCES LTD.,3405.92,460.83603093607894,135.30442022598268
6,2023,102013406205W603,WHITECAP RESOURCES INC.,2916.01,811.9546771285507,278.44715111695456
6,2023,102020206505W602,ARC RESOURCES LTD.,3817.48,389.60700204781074,102.05868846668764
6,2023,102020407209W600,NUVISTA ENERGY LTD.,2825.96,1013.22491791957,358.54184698989724
6,2023,102020606902W600,VEREN INC.,2515.57,186.4238497763097,74.1079953156977
6,2023,102020905827W500,TOURMALINE OIL CORP.,2722.23,996.1437364290113,365.92930664529126
6,2023,102021006506W600,NUVISTA ENERGY LTD.,2990.92,499.6497345923196,167.05553294381647
6,2023,102021907813W600,BIRCHCLIFF ENERGY LTD.,2892.47,874.1455984258581,302.21423158264673
6,2023,102022006308W600,TOURMALINE OIL CORP.,2755.21,955.9263447879914,346.95226308992466
6,2023,102022106505W602,PARAMOUNT RESOURCES LTD.,3542.57,809.6507476718386,228.5489764978077
6,2023,102022107108W600,CANADIAN NATURAL RESOURCES LIMITED,3035.22,522.3013691006968,172.08023441486839
6,2023,102022407210W600,CANADIAN NATURAL RESOURCES LIMITED,3380.99,273.89357710405164,81.00987494906866
6,2023,102022506204W600,ARC RESOURCES LTD.,2939.0,188.53023416978925,64.14774895195278
6,2023,102022507210W600,TAMARACK VALLEY ENERGY LTD.,4650.42,195.97316945526026,42.14096134440766
6,2023,102022606306W600,ARC RESOURCES LTD.,3541.26,496.8111973759312,140.2922116353872
6,2023,102022606505W600,PARAMOUNT RESOURCES LTD.,3232.83,739.4602842784172,228.73466414207283
6,2023,102022907108W600,OVINTIV CANADA ULC,2877.81,741.2644538233119,257.5793585481015
6,2023,102023007509W600,WHITECAP RESOURCES INC.,3143.8900000000003,96.07511621338496,30.55931225754875
6,2023,102030307812W600,KELT EXPLORATION LTD.,3901.05,249.45503917249036,63.94561443008687
6,2023,102030407108W600,OVINTIV CANADA ULC,3073.61,906.220998343891,294.83929267014713
6,2023,102030407209W600,NUVISTA ENERGY LTD.,2913.17,1030.7020095394755,353.8077110293857
6,2023,102030506305W600,ORLEN UPSTREAM CANADA LTD.,3153.66,632.9558698563785,200.70517108895015
6,2023,102031006506W600,NUVISTA ENERGY LTD.,2724.47,327.1178072611244,120.06658442233699
6,2023,102031206204W600,STRATHCONA RESOURCES LTD.,3299.82,482.2209338633599,146.1355267449012
6,2023,102031406903W600,SPARTAN DELTA CORP.,3390.78,338.6648683442237,99.87816028884907
6,2023,102031707913W600,BIRCHCLIFF ENERGY LTD.,3425.1,696.303767453054,203.29443445536015
6,2023,102032106505W600,PARAMOUNT RESOURCES LTD.,3585.57,646.0309153250533,180.175234432755
6,2023,102032606306W600,ARC RESOURCES LTD.,3216.27,514.06999706357,159.83421698538058
6,2023,102032606505W600,PARAMOUNT RESOURCES LTD.,3213.27,843.9918752618324,262.6582500884869
6,2023,102040107408W600,TAMARACK VALLEY ENERGY LTD.,4205.23,406.69403103464947,96.71148332782025
6,2023,102040506305W600,ORLEN UPSTREAM CANADA LTD.,3120.74,701.6429097133764,224.83222239384776
6,2023,102040507308W600,KELT EXPLORATION LTD.,3802.58,138.71004751624116,36.47787752427067
6,2023,102040906606W600,CANADIAN NATURAL RESOURCES LIMITED,3914.53,678.396293737985,173.30210618847858
6,2023,102041207913W600,BIRCHCLIFF ENERGY LTD.,2264.56,541.6456507851883,239.1836165900609
6,2023,102041506604W600,HAMMERHEAD RESOURCES ULC,2700.82,501.2363707929118,185.58673691431187
6,2023,102041606506W600,NUVISTA ENERGY LTD.,2063.26,243.6154762213292,118.07308638820564
6,2023,102041606706W600,PARAMOUNT RESOURCES LTD.,3058.05,410.6715505481896,134.29196728248053
6,2023,102042007208W600,CANADIAN NATURAL RESOURCES LIMITED,3141.38,253.58042192416343,80.72261933423
6,2023,102042107108W600,CANADIAN NATURAL RESOURCES LIMITED,3336.04,658.2220932212301,197.30641515726137
6,2023,102042206804W600,HAMMERHEAD RESOURCES ULC,2479.48,196.06725085388388,79.07595578665037
6,2023,102042806103W600,STRATHCONA RESOURCES LTD.,2793.14,1200.2593155698926,429.7168475514627
6,2023,102042806706W600,PARAMOUNT RESOURCES LTD.,3148.82,309.9097834939699,98.42092704377191
6,2023,102043006303W600,ARC RESOURCES LTD.,3737.57,366.91475976841764,98.16933455919693
6,2023,102043007509W600,WHITECAP RESOURCES INC.,3352.96,88.01159000889461,26.24892334203051
6,2023,102043306205W603,WHITECAP RESOURCES INC.,3275.5,601.4218629091097,183.6122310820057
6,2023,102050906606W600,CANADIAN NATURAL RESOURCES LIMITED,3512.42,388.2643468434207,110.54040998611234
6,2023,102051207913W600,BIRCHCLIFF ENERGY LTD.,2157.38,619.5030296687669,287.15526688333387
6,2023,102051506604W600,HAMMERHEAD RESOURCES ULC,2611.7,870.0797813204301,333.14690864970333
6,2023,102051606706W600,PARAMOUNT RESOURCES LTD.,3004.0,417.05231540148196,138.83232869556656
6,2023,102051906204W600,ARC RESOURCES LTD.,2099.12,362.4843160416516,172.68394186213823
6,2023,102052506106W600,TOURMALINE OIL CORP.,2543.89,1737.6137084503744,683.0537910249163
6,2023,102053006204W600,ARC RESOURCES LTD.,3296.84,650.5866085211527,197.33642170112978
6,2023,102053405802W600,TOURMALINE OIL CORP.,2133.16,1316.5853662590453,617.1995378963816
6,2023,102061107408W600,ARCHER EXPLORATION CORP.,4670.41,189.77118513323012,40.63266075852658
6,2023,102062307911W600,LOGAN ENERGY CORP.,3598.3,305.56885940222173,84.92033999450344
6,2023,102062507109W600,OVINTIV CANADA ULC,3321.53,408.1620471650753,122.88374549231087
6,2023,102063405802W600,TOURMALINE OIL CORP.,2178.93,1270.9890184313635,583.3087884564276
6,2023,102071007908W600,TOURMALINE OIL CORP.,2607.8199999999997,242.66117995469756,93.05135322019832
6,2023,102071206809W600,GRAN TIERRA CANADA LTD.,2286.9700000000003,154.67639926332905,67.63376837620477
6,2023,102071607208W600,ARCHER EXPLORATION CORP.,5551.88,87.00891357222395,15.671973020350574
6,2023,102071907813W600,BIRCHCLIFF ENERGY LTD.,3074.43,532.628851611699,173.2447483311375
6,2023,102073106303W600,ARC RESOURCES LTD.,3187.73,347.1875523760819,108.91372618637146
6,2023,102073107507W600,CANADIAN NATURAL RESOURCES LIMITED,813.96,0.2461123213075269,0.3023641472646406
6,2023,102073306807W600,NUVISTA ENERGY LTD.,3233.66,453.3083379463349,140.1842920858516
6,2023,102080206505W600,ARC RESOURCES LTD.,3767.42,266.76313058676993,70.80790848558694
6,2023,102080206508W600,CANADIAN NATURAL RESOURCES LIMITED,2505.01,3064.107655165606,1223.1917857276442
6,2023,102080306808W600,NUVISTA ENERGY LTD.,3549.49,566.0053532871054,159.46103617339546
6,2023,102080506304W600,ARC RESOURCES LTD.,2563.87,421.9449143447914,164.57344340578555
6,2023,102080606604W600,CANADIAN NATURAL RESOURCES LIMITED,3410.42,141.2260631552534,41.41016741493816
6,2023,102081007813W600,BIRCHCLIFF ENERGY LTD.,2943.24,715.3709441761033,243.05559321567503
6,2023,102081206403W600,HAMMERHEAD RESOURCES ULC,2860.47,109.3928228261891,38.24295406915266
6,2023,102083306605W600,CANADIAN NATURAL RESOURCES LIMITED,3269.67,587.4934014312739,179.6797234678955
6,2023,102083507508W600,TAMARACK VALLEY ENERGY LTD.,2778.09,66.48484250541077,23.931853361630026
6,2023,102090306304W600,ARC RESOURCES LTD.,2675.3,462.81306584581506,172.9948289335084
6,2023,102090806304W600,ARC RESOURCES LTD.,2889.29,292.48036747852046,101.22914884920533
6,2023,102091007407W600,ARCHER EXPLORATION CORP.,4384.55,526.0184501260732,119.9709092440668
6,2023,102091106508W600,CANADIAN NATURAL RESOURCES LIMITED,2546.29,2098.843814730252,824.2752454473967
6,2023,102091206403W600,HAMMERHEAD RESOURCES ULC,2958.47,72.58093897955477,24.533268540683117
6,2023,102091406204W600,ARC RESOURCES LTD.,2791.3,602.1401467651049,215.72032628707228
6,2023,102091407811W600,BIRCHCLIFF ENERGY LTD.,3091.69,1255.8962125700111,406.2167334273524
6,2023,102091507108W600,OVINTIV CANADA ULC,4043.66,355.9657907041804,88.03059374531499
6,2023,102091705902W600,TOURMALINE OIL CORP.,2570.32,1776.2647299606429,691.067544103708
6,2023,102092507109W600,OVINTIV CANADA ULC,3479.9,407.6755943874065,117.15152572987915
6,2023,102092606106W600,TOURMALINE OIL CORP.,2827.97,1262.9873666190967,446.6056452575865
6,2023,102092907207W600,ADVANTAGE ENERGY LTD.,4167.15,335.1141324665979,80.41806329664108
6,2023,102093207008W600,NUVISTA ENERGY LTD.,3166.91,910.9014115899871,287.6309751745352
6,2023,102093306605W600,CANADIAN NATURAL RESOURCES LIMITED,3017.02,422.68978346759457,140.10175055770083
6,2023,102100106807W600,NUVISTA ENERGY LTD.,3572.31,623.239396968585,174.46397344255817
6,2023,102101106606W600,NUVISTA ENERGY LTD.,2566.86,364.7396145507441,142.0956400235089
6,2023,102101207108W600,PIPESTONE ENERGY CORP.,3200.16,721.6853149541579,225.51538515391664
6,2023,102103006303W600,ARC RESOURCES LTD.,3624.65,388.02978223260214,107.05303470199941
6,2023,102110106807W600,NUVISTA ENERGY LTD.,3681.98,653.6007918333764,177.51340089663074
6,2023,102110807108W600,OVINTIV CANADA ULC,4109.030000000001,1314.370528523226,319.873675422965
6,2023,102110807913W600,BIRCHCLIFF ENERGY LTD.,2907.02,652.7065946129229,224.5277275742592
6,2023,102111406204W600,ARC RESOURCES LTD.,2618.56,724.2256528908597,276.57401506586046
6,2023,102113107807W602,GRIZZLY RESOURCES LTD.,1177.77,3.7941931410580647,3.221506016504126
6,2023,102120106807W600,NUVISTA ENERGY LTD.,3757.75,836.1559317018738,222.51505068242267
6,2023,102120206808W600,NUVISTA ENERGY LTD.,3350.29,691.3034217232861,206.34136797808134
6,2023,102120807108W600,OVINTIV CANADA ULC,4062.28,1426.9991225278193,351.28034565018146
6,2023,102120906306W600,ORLEN UPSTREAM CANADA LTD.,2852.22,608.5689323974367,213.36675726186505
6,2023,102121207913W600,BIRCHCLIFF ENERGY LTD.,2221.19,581.350878691323,261.7294687493294
6,2023,102121406204W600,ARC RESOURCES LTD.,2725.1,839.7345229409242,308.14814977098973
6,2023,102121506604W602,HAMMERHEAD RESOURCES ULC,2546.52,745.3159567036732,292.680189711321
6,2023,102121906708W600,CENOVUS ENERGY INC.,1840.26,29.9328916111828,16.26557747882517
6,2023,102122206205W600,WHITECAP RESOURCES INC.,3199.72,1162.8077379215651,363.40921640692477
6,2023,102122206708W600,CENOVUS ENERGY INC.,1675.56,65.37101274465009,39.014426666099745
6,2023,102122206804W600,HAMMERHEAD RESOURCES ULC,2660.83,271.5278050998882,102.0462807093607
6,2023,102123506205W600,ARC RESOURCES LTD.,2871.3,692.8403539211699,241.29848985517708
6,2023,102130406606W602,CANADIAN NATURAL RESOURCES LIMITED,3476.19,479.3392845120914,137.89214183116903
6,2023,102130507610W600,ASTARA ENERGY CORP.,1337.72,7.89127385151205,5.899047522285717
6,2023,102130906506W600,NUVISTA ENERGY LTD.,2716.5,384.01901677697174,141.36536601397816
6,2023,102131006604W600,HAMMERHEAD RESOURCES ULC,2829.3,351.4750608432,124.22686206595272
6,2023,102131106003W600,TOURMALINE OIL CORP.,1891.0700000000002,142.96528528741507,75.60020797083929
6,2023,102131106606W600,NUVISTA ENERGY LTD.,2957.85,528.1812833587269,178.5693268281782
6,2023,102131207812W600,BIRCHCLIFF ENERGY LTD.,2294.66,244.498738743157,106.55118350568581
6,2023,102131506604W600,HAMMERHEAD RESOURCES ULC,2633.23,297.4257013644559,112.9509011231286
6,2023,102131707208W600,CANADIAN NATURAL RESOURCES LIMITED,3197.66,302.7771436680086,94.68709733617978
6,2023,102131806204W600,ARC RESOURCES LTD.,1813.7199999999998,695.4485442530754,383.43765534540915
6,2023,102131906204W600,ARC RESOURCES LTD.,2249.38,914.8869997726625,406.7285206468727
6,2023,102132206708W600,CENOVUS ENERGY INC.,1890.52,24.524868540114287,12.97255175301731
6,2023,102132206804W600,HAMMERHEAD RESOURCES ULC,3084.54,174.20896742788818,56.478102870407966
6,2023,102133307813W600,BIRCHCLIFF ENERGY LTD.,2809.32,538.5699476381592,191.70829511702448
6,2023,102140807108W600,OVINTIV CANADA ULC,4107.05,1063.5029490879645,258.9457028981786
6,2023,102141506305W602,ARC RESOURCES LTD.,1758.2199999999998,571.1784449638194,324.86176073746145
6,2023,102142107007W600,PIPESTONE ENERGY CORP.,2889.8,587.771864060456,203.39534364331647
6,2023,102142606604W600,HAMMERHEAD RESOURCES ULC,3297.51,133.0651516570323,40.35322156931511
6,2023,102143306127W502,LOGAN ENERGY CORP.,3329.51,854.9542947616926,256.7808160244879
6,2023,102150407309W600,OVINTIV CANADA ULC,3167.24,431.19040305297204,136.14074179821299
6,2023,102150607613W600,ADVANTAGE ENERGY LTD.,3062.39,1193.0924815668855,389.5952120947644
6,2023,102150806204W600,TOURMALINE OIL CORP.,2708.24,1004.6992962074839,370.97867848029864
6,2023,102150807108W600,OVINTIV CANADA ULC,3924.99,1261.6265092841586,321.43432449105825
6,2023,102151307210W600,NUVISTA ENERGY LTD.,3981.96,900.4712476015915,226.13769289535594
6,2023,102151406605W600,PARAMOUNT RESOURCES LTD.,4640.12,922.7131868905636,198.85545780940228
6,2023,102152306803W600,SPARTAN DELTA CORP.,2657.9,558.5671509308904,210.15356143229255
6,2023,102152606604W600,HAMMERHEAD RESOURCES ULC,3398.04,144.91167358458495,42.64566443731827
6,2023,102153106306W600,CENOVUS ENERGY INC.,3695.56,284.0637185766194,76.86621745462648
6,2023,102153207008W600,NUVISTA ENERGY LTD.,2804.84,757.2353195668474,269.97451532595346
6,2023,102153407610W600,LONGSHORE RESOURCES LTD.,3243.7799999999997,332.40761343958775,102.47538780052524
6,2023,102160106809W600,WHITECAP RESOURCES INC.,2389.44,108.58476770461077,45.44360507257381
6,2023,102160206508W602,GRYPHON PETROLEUM CORP.,1615.91,112.95776147217916,69.90349801175756
6,2023,102160407309W600,OVINTIV CANADA ULC,3250.25,119.8408855668129,36.871282383451394
6,2023,102160507910W600,LOGAN ENERGY CORP.,3432.65,323.59303624590706,94.26916121536046
6,2023,102160607709W600,LONGSHORE RESOURCES LTD.,3106.12,65.7507767215484,21.168137973274828
6,2023,102161007407W600,ARCHER EXPLORATION CORP.,4343.18,271.0274520791902,62.40299782168599
6,2023,102161107713W600,ADVANTAGE ENERGY LTD.,2978.76,1295.369678489602,434.8687636766983
6,2023,102161307210W600,NUVISTA ENERGY LTD.,3701.73,770.8687201810201,208.2455284910083
6,2023,102161406003W600,TOURMALINE OIL CORP.,3351.11,794.0251867341592,236.94393402011846
6,2023,102161407308W600,KELT EXPLORATION LTD.,3159.41,406.2582830953842,128.58675610173552
6,2023,102161507108W600,OVINTIV CANADA ULC,3906.16,973.8092860867407,249.30092113142848
6,2023,102162406308W600,TAQA NORTH LTD.,2495.5,29.733674697414315,11.914916729078067
6,2023,102162806802W600,VEREN INC.,3490.83,802.8349553672501,229.98397383065063
6,2023,103010407209W600,NUVISTA ENERGY LTD.,2869.3,782.5831571020387,272.7435810483528
6,2023,103010407913W600,BIRCHCLIFF ENERGY LTD.,2881.8,455.51419630940217,158.06586033361168
6,2023,103010506304W600,ARC RESOURCES LTD.,2791.83,1080.15430946314,386.898310234914
6,2023,103011306706W600,PARAMOUNT RESOURCES LTD.,2948.9,234.4671697964571,79.51004435432097
6,2023,103012006811W600,CENOVUS ENERGY INC.,3098.24,32.083950239346244,10.355540642218243
6,2023,103012107711W600,INSIGNIA ENERGY LTD.,1639.94,339.7009579080383,207.14230880888218
6,2023,103012807711W600,TAQA NORTH LTD.,3423.88,147.90588624409463,43.198326531331304
6,2023,103012906103W600,STRATHCONA RESOURCES LTD.,2920.6,1068.9751305606712,366.0121655004695
6,2023,103013607808W602,KELT EXPLORATION LTD.,3561.1,439.40145812548815,123.38924998609647
6,2023,103020407209W600,NUVISTA ENERGY LTD.,2857.05,808.9529610446109,283.1427385046152
6,2023,103021206809W600,GRAN TIERRA CANADA LTD.,2075.81,171.28771114129893,82.51608342829977
6,2023,103030407108W600,OVINTIV CANADA ULC,3088.74,1045.1386498907568,338.37054912059835
6,2023,103031006506W600,NUVISTA ENERGY LTD.,2467.0,443.8632086751853,179.92023051284366
6,2023,103031007308W600,ADVANTAGE ENERGY LTD.,3382.75,466.5079829097979,137.9079101056235
6,2023,103031206204W600,STRATHCONA RESOURCES LTD.,3348.75,565.2990242997571,168.80896582299576
6,2023,103032107108W600,CANADIAN NATURAL RESOURCES LIMITED,3138.61,579.8245832159828,184.7392900729886
6,2023,103040407108W600,OVINTIV CANADA ULC,3154.83,697.0881201126858,220.95901209025075
6,2023,103040507308W600,KELT EXPLORATION LTD.,3698.65,355.72353160029905,96.17658648433861
6,2023,103041506604W600,HAMMERHEAD RESOURCES ULC,2658.98,637.0167231579527,239.57183700439742
6,2023,103041606506W600,NUVISTA ENERGY LTD.,2294.24,571.837687474996,249.24928842448742
6,2023,103042107108W600,CANADIAN NATURAL RESOURCES LIMITED,3532.73,608.1967625457033,172.16055643813803
6,2023,103042206804W600,HAMMERHEAD RESOURCES ULC,2148.19,179.96455571497637,83.77497135494363
6,2023,103042806706W600,PARAMOUNT RESOURCES LTD.,3108.77,317.81215922916135,102.23083702852297
6,2023,103051506604W600,HAMMERHEAD RESOURCES ULC,2564.08,583.0557886501849,227.39375863864814
6,2023,103053107610W600,LONGSHORE RESOURCES LTD.,3071.9300000000003,221.9416638736418,72.24828165799408
6,2023,103053506205W602,ARC RESOURCES LTD.,2910.32,399.7029173371699,137.33985174728892
6,2023,103062007007W600,PIPESTONE ENERGY CORP.,3408.3699999999994,580.5015075368775,170.3164584645674
6,2023,103071206305W600,KADEN ENERGY LTD.,1876.59,114.06682731189679,60.784096319332825
6,2023,103072907807W600,GRIZZLY RESOURCES LTD.,1073.71,0.0211329868962551,0.019682211114970618
6,2023,103073206203W600,STRATHCONA RESOURCES LTD.,3394.09,728.6831734881033,214.69176524137643
6,2023,103080206505W600,ARC RESOURCES LTD.,3637.81,252.7465028767312,69.47765355439982
6,2023,103080506304W600,ARC RESOURCES LTD.,2841.82,729.5000078152947,256.70169391984524
6,2023,103081206403W600,HAMMERHEAD RESOURCES ULC,2989.62,39.8615103902244,13.333303359699363
6,2023,103081407811W600,BIRCHCLIFF ENERGY LTD.,3340.7,681.9030400435275,204.11980723905995
6,2023,103083206504W600,PARAMOUNT RESOURCES LTD.,3336.49,262.6212442819471,78.71183317856404
6,2023,103090306304W600,ARC RESOURCES LTD.,2480.83,235.37688338212476,94.87828000391997
6,2023,103090407208W600,ARCHER EXPLORATION CORP.,862.7399999999998,36.832762075353656,42.692771953721476
6,2023,103090607709W600,LONGSHORE RESOURCES LTD.,3134.95,354.3320185542882,113.02636997537064
6,2023,103091206403W600,HAMMERHEAD RESOURCES ULC,2956.61,252.97020045906473,85.56089591087925
6,2023,103091406204W600,ARC RESOURCES LTD.,2919.87,625.0330122461494,214.06193160865016
6,2023,103091507108W600,OVINTIV CANADA ULC,3749.54,765.5726749861767,204.17775913476765
6,2023,103101006903W600,VEREN INC.,2995.47,272.09295029005506,90.83481066078281
6,2023,103101406204W600,ARC RESOURCES LTD.,3016.85,714.9084528834827,236.97182587251032
6,2023,103111406204W602,ARC RESOURCES LTD.,2597.63,768.5423947510035,295.8629191805621
6,2023,103112507210W600,TAMARACK VALLEY ENERGY LTD.,3914.02,192.55991940065377,49.19747967579465
6,2023,103120906304W600,ARC RESOURCES LTD.,2704.63,267.2177226699355,98.80010303440228
6,2023,103121506604W600,HAMMERHEAD RESOURCES ULC,2577.54,441.78362222609894,171.39738751914575
6,2023,103122206804W600,HAMMERHEAD RESOURCES ULC,2987.75,245.4779933499355,82.16149053633521
6,2023,103122406803W600,SPARTAN DELTA CORP.,3304.17,635.3359560856087,192.28307141751444
6,2023,103130207812W600,KELT EXPLORATION LTD.,3186.68,516.3465360356646,162.03275384904182
6,2023,103131506604W600,HAMMERHEAD RESOURCES ULC,2588.27,361.79781042494625,139.78364329260327
6,2023,103132606604W600,HAMMERHEAD RESOURCES ULC,3239.36,206.57042893384946,63.76890155272938
6,2023,103140807108W600,OVINTIV CANADA ULC,4174.75,1409.6472638862047,337.6602823848625
6,2023,103141106903W600,SPARTAN DELTA CORP.,3317.37,482.9492556464517,145.5819687422421
6,2023,103141606106W602,TOURMALINE OIL CORP.,2652.78,1232.716647752611,464.68860883775164
6,2023,103150406603W600,CANADIAN NATURAL RESOURCES LIMITED,1738.16,96.03217353818496,55.24932890998813
6,2023,103150407309W600,OVINTIV CANADA ULC,3093.25,643.0334306152087,207.88278691189157
6,2023,103150807108W600,OVINTIV CANADA ULC,3950.55,859.9607455892007,217.68127111141501
6,2023,103151207108W600,PIPESTONE ENERGY CORP.,3460.67,491.4269626339626,142.00341628469707
6,2023,103151606305W603,ARC RESOURCES LTD.,2160.81,735.9491433943226,340.5894749627791
6,2023,103152007807W600,GRIZZLY RESOURCES LTD.,1102.05,0.021009588404301078,0.01906409727716626
6,2023,103153207008W600,NUVISTA ENERGY LTD.,2787.95,661.6741302082754,237.333571336744
6,2023,103160407309W600,OVINTIV CANADA ULC,3168.15,567.9344259894366,179.26374255936005
6,2023,103160506304W600,KADEN ENERGY LTD.,2073.54,75.57876204010323,36.44914592441102
6,2023,103160607709W600,LONGSHORE RESOURCES LTD.,3216.49,139.84443791098496,43.47734266575832
6,2023,103161307210W600,NUVISTA ENERGY LTD.,3974.62,505.07605447526765,127.07530643816709
6,2023,103161507108W600,OVINTIV CANADA ULC,3864.28,935.9160771774991,242.19675519825142
6,2023,103162607710W600,TAQA NORTH LTD.,3448.8,505.87983614215915,146.68285668700972
6,2023,103162907912W600,CANADIAN NATURAL RESOURCES LIMITED,3447.71,129.71978271479006,37.62491123522282
6,2023,104010407209W600,NUVISTA ENERGY LTD.,2821.76,685.6230985550968,242.97711306244923
6,2023,104010407913W600,BIRCHCLIFF ENERGY LTD.,2860.52,492.236648094142,172.07942894793325
6,2023,104010506304W600,ARC RESOURCES LTD.,2740.84,876.926367519656,319.94803327434505
6,2023,104012107108W600,CANADIAN NATURAL RESOURCES LIMITED,3171.35,357.40646013655055,112.69852275420581
6,2023,104012107711W600,INSIGNIA ENERGY LTD.,1589.69,345.6938653787331,217.45992324209945
6,2023,104012906103W600,STRATHCONA RESOURCES LTD.,2924.34,1177.2696311771356,402.5761816947193
6,2023,104013507508W600,TAMARACK VALLEY ENERGY LTD.,3075.69,65.40192520419785,21.264147298394132
6,2023,104030407108W600,OVINTIV CANADA ULC,3153.25,1024.9214071838892,325.03652015662857
6,2023,104031206204W600,STRATHCONA RESOURCES LTD.,3358.35,761.8019156168003,226.83815433674283
6,2023,104032707107W602,PIPESTONE ENERGY CORP.,3158.07,191.61806647872686,60.67568688430809
6,2023,104040407108W600,OVINTIV CANADA ULC,3016.06,1075.4799825491145,356.5844122958809
6,2023,104042807711W600,TAQA NORTH LTD.,3464.95,184.08104979463226,53.12661071433419
6,2023,104073206203W600,STRATHCONA RESOURCES LTD.,3524.68,721.5246757071828,204.70643454361328
6,2023,104080506304W600,ARC RESOURCES LTD.,2763.19,384.27460689858066,139.06919426408632
6,2023,104092907108W600,OVINTIV CANADA ULC,3450.08,746.11397475114,216.25990549527546
6,2023,104111106903W600,VEREN INC.,3495.5,472.48918344614316,135.170700456628
6,2023,104123506205W600,ARC RESOURCES LTD.,2794.78,855.3256247075614,306.04399083561543
6,2023,104131807209W600,NUVISTA ENERGY LTD.,3518.53,413.12960273105375,117.4153986838406
6,2023,104141106903W600,SPARTAN DELTA CORP.,3291.07,535.7333068916818,162.78392950975876
6,2023,104150407309W600,OVINTIV CANADA ULC,3084.84,587.9968513560602,190.60854091494542
6,2023,104152507109W600,OVINTIV CANADA ULC,2916.6,371.60270828371614,127.4095550585326
6,2023,104152907912W600,CANADIAN NATURAL RESOURCES LIMITED,3622.4,231.86067519866702,64.00747438125747
6,2023,104161107812W600,BIRCHCLIFF ENERGY LTD.,2172.21,319.1603514433032,146.9288657373381
6,2023,104161507108W600,OVINTIV CANADA ULC,4188.45,577.7584904204246,137.9408827658023
6,2023,104162907912W600,CANADIAN NATURAL RESOURCES LIMITED,3503.3900000000003,96.44745325017189,27.52975068438623
6,2023,105012907108W600,OVINTIV CANADA ULC,3400.42,602.8613660267011,177.29026591618128
6,2023,105021606305W600,ARC RESOURCES LTD.,2365.44,297.085161332628,125.59403803631797
6,2023,105031206204W600,STRATHCONA RESOURCES LTD.,3264.94,681.9929617187934,208.88376561860045
6,2023,105040407108W600,OVINTIV CANADA ULC,3075.7,1002.9404258509262,326.0852572913243
6,2023,105042107107W600,PIPESTONE ENERGY CORP.,3248.68,305.38344321656956,94.00231577642906
6,2023,105080506304W602,ARC RESOURCES LTD.,2845.51,635.4231112462969,223.3072845452298
6,2023,105092907108W600,OVINTIV CANADA ULC,3121.76,460.53410269044304,147.52386560480082
6,2023,105100306304W600,ARC RESOURCES LTD.,2353.27,362.8234708258925,154.17842866559832
6,2023,105150407309W600,OVINTIV CANADA ULC,3153.93,342.6684647455312,108.64808817745835
6,2023,105161107812W600,BIRCHCLIFF ENERGY LTD.,2134.93,222.5032003687398,104.22037273762598
6,2023,106012907108W600,OVINTIV CANADA ULC,3573.84,920.9284108118883,257.6859654634478
6,2023,106072107007W600,PIPESTONE ENERGY CORP.,3817.43,796.1991019475098,208.56940453328806
6,2023,106082907108W600,OVINTIV CANADA ULC,3517.3,790.387642007742,224.71430984213515
6,2023,106092907108W600,OVINTIV CANADA ULC,3105.8,429.8258187423828,138.39455816291544
6,2023,106101707107W600,PIPESTONE ENERGY CORP.,2720.76,293.62631354494624,107.92069625580582
6,2023,106102507109W600,OVINTIV CANADA ULC,3340.82,300.2459500144861,89.87193264362824
6,2023,106161107812W600,BIRCHCLIFF ENERGY LTD.,2266.47,379.91627167767746,167.62466376244885
6,2023,106161707107W600,PIPESTONE ENERGY CORP.,3064.78,318.98084644347534,104.07952493930243
6,2023,107012907108W600,OVINTIV CANADA ULC,3468.32,861.1933026119054,248.30272368521514
6,2023,107082907108W600,OVINTIV CANADA ULC,3394.28,695.1982761890065,204.81465176385166
6,2023,107161707107W600,PIPESTONE ENERGY CORP.,2746.27,348.02544803943226,126.7265957241758
6,2023,108012907108W600,OVINTIV CANADA ULC,3206.0,798.0699942511828,248.9301292112236
6,2023,109082907108W600,OVINTIV CANADA ULC,3506.29,590.3180645628388,168.35973766084345
6,2023,1W0132806205W600,WHITECAP RESOURCES INC.,3045.46,643.6676431355011,211.3531759194017
6,2024,100010106508W600,CANADIAN NATURAL RESOURCES LIMITED,3354.43,2611.504173954566,778.5239739552073
6,2024,100010107210W600,ARCHER EXPLORATION CORP.,5007.9,113.09240514928707,22.582800205532674
6,2024,100010406907W600,NUVISTA ENERGY LTD.,3616.2,913.994801380316,252.75006951504787
6,2024,100010507209W600,NUVISTA ENERGY LTD.,2972.06,1037.2178678772818,348.9895452572565
6,2024,100010606707W600,PARAMOUNT RESOURCES LTD.,3263.11,484.01439560363013,148.3291692905327
6,2024,100010607110W600,OVINTIV CANADA ULC,5254.16,842.095825872515,160.27220828305857
6,2024,100010906903W600,VEREN INC.,3031.19,136.52933429702858,45.041496671943555
6,2024,100011106105W600,TOURMALINE OIL CORP.,2901.45,1183.2646364221937,407.81837923183025
6,2024,100011206204W600,STRATHCONA RESOURCES LTD.,3463.03,905.9008986751656,261.59198698110197
6,2024,100011206208W600,TOURMALINE OIL CORP.,2736.24,207.66900988234752,75.89575837000685
6,2024,100011207713W600,KELT EXPLORATION LTD.,2931.71,1137.004342724225,387.8297453446026
6,2024,100011306503W600,CANADIAN NATURAL RESOURCES LIMITED,3252.9300000000003,17.280155587939788,5.312181813915389
6,2024,100011407713W600,BIRCHCLIFF ENERGY LTD.,3535.33,815.9921296405284,230.81073892409717
6,2024,100011506504W600,CANADIAN NATURAL RESOURCES LIMITED,3461.6400000000003,131.68870204121782,38.04228690482483
6,2024,100011606604W600,PARAMOUNT RESOURCES LTD.,3196.81,676.2003393833746,211.52346851498044
6,2024,100011607812W600,LONGSHORE RESOURCES LTD.,3038.77,36.24689389973155,11.928146552628712
6,2024,100011707108W600,ARCHER EXPLORATION CORP.,5910.51,187.34164397290206,31.696358516084405
6,2024,100011707307W600,TAMARACK VALLEY ENERGY LTD.,3225.9300000000003,337.19581327810755,104.52669874365145
6,2024,100011708110W600,TOURMALINE OIL CORP.,3560.88,165.10419678709678,46.36612207855833
6,2024,100012106004W600,PEYTO EXPLORATION & DEVELOPMENT CORP.,1887.5700000000002,975.2197516057425,516.6535554208546
6,2024,100012106503W600,CANADIAN NATURAL RESOURCES LIMITED,3435.05,145.17432642172412,42.26265306814285
6,2024,100012406405W600,WHITECAP RESOURCES INC.,3524.37,442.67156592942797,125.60303428114186
6,2024,100013006404W600,ARC RESOURCES LTD.,3747.24,593.592212672241,158.40784488643402
6,2024,100013605902W600,TOURMALINE OIL CORP.,2546.71,1445.3398582996301,567.532172214202
6,2024,100013606708W600,NUVISTA ENERGY LTD.,3848.39,586.7608641964732,152.4691791103483
6,2024,100020106508W600,CANADIAN NATURAL RESOURCES LIMITED,2896.88,2630.649829275215,908.0976185672913
6,2024,100020507209W600,NUVISTA ENERGY LTD.,2772.02,1084.0183421700472,391.0571865174303
6,2024,100021007707W600,TOURMALINE OIL CORP.,3374.56,188.26599819255054,55.78979131873505
6,2024,100021206204W600,STRATHCONA RESOURCES LTD.,3390.68,779.1266510424209,229.78477799214937
6,2024,100021207713W600,KELT EXPLORATION LTD.,2923.75,918.9278494394372,314.29768257868733
6,2024,100021207909W602,TOURMALINE OIL CORP.,1943.12,61.2987723780891,31.546570658574407
6,2024,100021306503W600,CANADIAN NATURAL RESOURCES LIMITED,3139.34,31.680266005006455,10.091377807120748
6,2024,100021707108W600,ARCHER EXPLORATION CORP.,5765.57,212.14732028220217,36.79555018535933
6,2024,100021707307W600,TAMARACK VALLEY ENERGY LTD.,3542.73,287.5434087676518,81.16435877632554
6,2024,100022107711W600,INSIGNIA ENERGY LTD.,1579.6999999999998,229.26932677061507,145.1347260686302
6,2024,100022306405W600,WHITECAP RESOURCES INC.,3232.79,361.44416825969034,111.80564412154527
6,2024,100022406104W600,TOURMALINE OIL CORP.,3237.76,1494.7861389927077,461.67292788616436
6,2024,100022506207W600,TOURMALINE OIL CORP.,2918.66,1501.5191678718772,514.4549786106903
6,2024,100022706804W600,VEREN INC.,3194.07,263.5632086605764,82.51641593971841
6,2024,100023206004W600,TOURMALINE OIL CORP.,2370.31,1517.7625645871312,640.3223901460701
6,2024,100023606708W600,NUVISTA ENERGY LTD.,3380.82,711.6374710542797,210.49256424603487
6,2024,100030807308W600,ARCHER EXPLORATION CORP.,4823.59,190.34556815059418,39.4613904064388
6,2024,100030907908W600,TOURMALINE OIL CORP.,2069.3599999999997,18.52891506010077,8.953935062096866
6,2024,100031006204W600,ARC RESOURCES LTD.,4356.360000000001,968.567652518641,222.33416258496564
6,2024,100031208426W500,PRAIRIE THUNDER RESOURCES LTD.,1427.01,15.028320197815054,10.531334887502577
6,2024,100031306503W600,CANADIAN NATURAL RESOURCES LIMITED,3342.77,42.27129186945377,12.645587901487021
6,2024,100031407210W600,ARCHER EXPLORATION CORP.,5013.46,54.92254369885346,10.955017831767574
6,2024,100031407808W600,KELT EXPLORATION LTD.,3729.92,334.67144691626424,89.72617292495931
6,2024,100031507713W600,BIRCHCLIFF ENERGY LTD.,2909.74,1091.8977458827528,375.25612112517024
6,2024,100031608009W600,ADVANTAGE ENERGY LTD.,1500.03,12.969025976775423,8.645844400962263
6,2024,100031707108W600,ARCHER EXPLORATION CORP.,5858.75,200.29009566793488,34.18648955287986
6,2024,100032007712W600,BIRCHCLIFF ENERGY LTD.,2889.81,1282.4135175164336,443.7708768107362
6,2024,100032106503W600,CANADIAN NATURAL RESOURCES LIMITED,3369.12,122.11581666224396,36.24561210709146
6,2024,100032106505W600,PARAMOUNT RESOURCES LTD.,3598.1,510.92667239593493,141.99901959254467
6,2024,100032306405W602,WHITECAP RESOURCES INC.,3364.01,505.7293059043613,150.33525640659846
6,2024,100032307911W600,LOGAN ENERGY CORP.,3434.2,263.31998227174194,76.67578541486867
6,2024,100032406405W600,WHITECAP RESOURCES INC.,3409.65,467.4334437352775,137.0913271846898
6,2024,100032506709W600,WHITECAP RESOURCES INC.,2501.9,141.20426455575426,56.43881232493475
6,2024,100032706804W600,VEREN INC.,3194.84,390.0754466068473,122.0954559874195
6,2024,100032805901W603,TOURMALINE OIL CORP.,993.02,278.3788191440799,280.3355613623894
6,2024,100033007808W600,TOURMALINE OIL CORP.,3327.49,417.46724169336414,125.46010407044476
6,2024,100033106303W600,ARC RESOURCES LTD.,3223.0,428.03942654152263,132.80776498340757
6,2024,100033606302W600,CANADIAN NATURAL RESOURCES LIMITED,3429.73,87.22843863642521,25.433033689656387
6,2024,100033606708W600,NUVISTA ENERGY LTD.,3222.49,777.055442043028,241.1350980276209
6,2024,100040106308W600,TOURMALINE OIL CORP.,3051.89,593.8510560785156,194.58468558123514
6,2024,100040106505W600,ARC RESOURCES LTD.,3228.64,397.213627423157,123.02815656844894
6,2024,100040106508W600,CANADIAN NATURAL RESOURCES LIMITED,3112.41,2826.3449515049724,908.0888930137651
6,2024,100040406105W603,TOURMALINE OIL CORP.,2178.81,724.0159198097562,332.2987868651953
6,2024,100040406606W602,CANADIAN NATURAL RESOURCES LIMITED,3625.36,785.0869921157162,216.55421588910238
6,2024,100040407209W600,NUVISTA ENERGY LTD.,3482.19,690.8223944986668,198.3873351249262
6,2024,100040507209W600,NUVISTA ENERGY LTD.,2569.85,781.4362875372216,304.0785600471707
6,2024,100040807408W600,TAMARACK VALLEY ENERGY LTD.,5537.84,360.03221684087504,65.01311284559955
6,2024,100041007309W600,CANADIAN NATURAL RESOURCES LIMITED,4269.45,94.21932970482828,22.06825930853583
6,2024,100041205801W600,TOURMALINE OIL CORP.,2092.33,1637.6042004963874,782.6701335336145
6,2024,100041306503W600,CANADIAN NATURAL RESOURCES LIMITED,3546.45,46.529196640292476,13.119935890902868
6,2024,100041407808W600,KELT EXPLORATION LTD.,3672.29,287.51835290289034,78.2940216875275
6,2024,100041407809W600,TOURMALINE OIL CORP.,3646.31,73.76878082429722,20.23107767148082
6,2024,100041806802W600,VEREN INC.,2752.01,69.31033530702058,25.18535009212197
6,2024,100041807611W600,LONGSHORE RESOURCES LTD.,4340.42,237.85832355981077,54.800762036809985
6,2024,100041907109W600,ARCHER EXPLORATION CORP.,4876.08,129.91221271150107,26.642756622430536
6,2024,100042007712W600,BIRCHCLIFF ENERGY LTD.,2379.66,1198.7790750275701,503.760652793916
6,2024,100042106505W600,PARAMOUNT RESOURCES LTD.,3681.83,619.1301424566759,168.15826435676712
6,2024,100042306405W600,WHITECAP RESOURCES INC.,3500.08,344.03789742267526,98.2942953940125
6,2024,100042406405W600,WHITECAP RESOURCES INC.,3316.17,376.96361644578064,113.67439439045062
6,2024,100042408408W600,CANADIAN NATURAL RESOURCES LIMITED,1250.84,9.110864934055321,7.283797235502001
6,2024,100042506709W600,WHITECAP RESOURCES INC.,2585.0299999999997,198.88297271269187,76.93642731909954
6,2024,100042507206W602,KELT EXPLORATION LTD.,5017.360000000001,115.58068797238177,23.03615606063383
6,2024,100042606604W600,MANCAL ENERGY INC.,4273.55,78.18671751681424,18.295496137125863
6,2024,100042607008W600,STRATHCONA RESOURCES LTD.,2790.37,346.9346810018925,124.33285944225767
6,2024,100042705801W600,TOURMALINE OIL CORP.,2694.48,1192.066431920466,442.4105697279126
6,2024,100042706503W600,CANADIAN NATURAL RESOURCES LIMITED,2105.2799999999997,51.418551681770815,24.42361665990786
6,2024,100043005901W600,TOURMALINE OIL CORP.,2227.88,1904.1943153086331,854.7113467999322
6,2024,100043007808W600,TOURMALINE OIL CORP.,3700.0699999999997,350.231479558448,94.65536586022642
6,2024,100043606302W600,CANADIAN NATURAL RESOURCES LIMITED,3623.76,27.386278832732415,7.557420699144649
6,2024,100043606708W600,NUVISTA ENERGY LTD.,3163.88,476.98264797692906,150.7587670761625
6,2024,100050107111W600,CARDINAL ENERGY LTD.,2567.44,54.37951015366882,21.180440498577887
6,2024,100050307209W600,CANADIAN NATURAL RESOURCES LIMITED,3282.25,656.580726093188,200.0398281950455
6,2024,100050307408W600,TAMARACK VALLEY ENERGY LTD.,4827.3,352.28912467521724,72.97850240822348
6,2024,100050406606W600,CANADIAN NATURAL RESOURCES LIMITED,3386.91,972.2607225858409,287.0642333530684
6,2024,100051006903W600,VEREN INC.,3073.77,140.98213021053766,45.866193700419245
6,2024,100051007811W600,BIRCHCLIFF ENERGY LTD.,1662.7800000000002,231.08942666276133,138.97775211559033
6,2024,100051407809W600,TOURMALINE OIL CORP.,3421.84,114.95036449488411,33.59314418408929
6,2024,100051606604W600,CANADIAN NATURAL RESOURCES LIMITED,3403.5699999999997,229.4534492624,67.41552230816467
6,2024,100052106308W600,TOURMALINE OIL CORP.,1741.35,830.514339737772,476.9370544334982
6,2024,100052107712W600,BIRCHCLIFF ENERGY LTD.,3382.99,961.126943523935,284.105759557059
6,2024,100052307007W600,STRATHCONA RESOURCES LTD.,4389.91,728.8622332297783,166.03124738998713
6,2024,100052606604W600,MANCAL ENERGY INC.,4510.65,71.73027214094378,15.90242473722053
6,2024,100052607008W600,STRATHCONA RESOURCES LTD.,3167.03,562.444689801772,177.5937360245315
6,2024,100052706712W600,CENOVUS ENERGY INC.,3351.46,627.1079152391078,187.11484404978958
6,2024,100052807713W600,BIRCHCLIFF ENERGY LTD.,3095.3,823.8817413086673,266.17185452417124
6,2024,100052906903W600,VEREN INC.,3302.47,129.29312247736777,39.1504305799501
6,2024,100053106004W600,TOURMALINE OIL CORP.,3228.36,1454.1339194988743,450.4249586473857
6,2024,100053107308W600,ARCHER EXPLORATION CORP.,3955.1,330.7661866025978,83.63029673146009
6,2024,100053307008W602,NUVISTA ENERGY LTD.,4089.44,755.5652881633033,184.7600865065396
6,2024,100053307108W600,CANADIAN NATURAL RESOURCES LIMITED,3173.13,490.91881588961724,154.71122074721717
6,2024,100053307511W602,INSIGNIA ENERGY LTD.,2322.13,676.7803865052506,291.4481043288922
6,2024,100053607209W600,CANADIAN NATURAL RESOURCES LIMITED,2989.56,314.8504998879484,105.31666863617001
6,2024,100060107111W600,CARDINAL ENERGY LTD.,2315.85,50.68752849528725,21.8872243432378
6,2024,100060607708W600,LONGSHORE RESOURCES LTD.,1900.0,1.715629136619355,0.9029627034838711
6,2024,100062107209W600,OVINTIV CANADA ULC,2402.51,410.19166575476993,170.73463409299853
6,2024,100062206004W600,PEYTO EXPLORATION & DEVELOPMENT CORP.,2167.29,959.0937876055805,442.53135833487005
6,2024,100063006404W600,ARC RESOURCES LTD.,3252.26,533.1835278330324,163.9424670330885
6,2024,100070906904W600,VEREN INC.,3347.13,437.79334490072944,130.79663619301593
6,2024,100071107808W600,KELT EXPLORATION LTD.,4192.02,190.89247709081414,45.53711029308403
6,2024,100071405802W600,TOURMALINE OIL CORP.,2686.96,1996.5406088742368,743.0481320429916
6,2024,100071907513W600,ADVANTAGE ENERGY LTD.,3758.13,966.1129380659543,257.0727830239918
6,2024,100072107107W600,STRATHCONA RESOURCES LTD.,3480.98,472.5730944206719,135.75863533277177
6,2024,100072107209W600,OVINTIV CANADA ULC,2403.81,320.3326172138839,133.26037299698558
6,2024,100072306005W600,TOURMALINE OIL CORP.,3525.43,1991.5580629504404,564.9120995028807
6,2024,100072706804W600,VEREN INC.,3263.85,325.7910698935398,99.8180277566493
6,2024,100072905901W600,TOURMALINE OIL CORP.,2138.14,1607.6042563055719,751.8704370647255
6,2024,100073305904W600,TOURMALINE OIL CORP.,2583.07,1135.5468217208384,439.611323626862
6,2024,100080406903W600,VEREN INC.,4224.55,125.85060906748389,29.790299337795478
6,2024,100080407407W600,TAMARACK VALLEY ENERGY LTD.,5092.68,468.0010489340903,91.89681050725557
6,2024,100080607611W600,CANADIAN NATURAL RESOURCES LIMITED,3326.02,789.2070400150747,237.28271027085665
6,2024,100081206105W600,TOURMALINE OIL CORP.,2210.98,562.0735588857291,254.21919641323265
6,2024,100081506504W600,CANADIAN NATURAL RESOURCES LIMITED,3198.9300000000003,173.8453894094034,54.34485575158049
6,2024,100081606604W600,PARAMOUNT RESOURCES LTD.,3157.29,655.354655452504,207.56872363720277
6,2024,100081906710W602,CENOVUS ENERGY INC.,1620.9699999999998,202.62998469624682,125.00538856132246
6,2024,100082007712W600,BIRCHCLIFF ENERGY LTD.,3507.31,1208.0023241430235,344.42416670982135
6,2024,100082208009W600,LONGSHORE RESOURCES LTD.,3146.63,486.7710383019527,154.69598850260522
6,2024,100082406104W600,TOURMALINE OIL CORP.,3055.78,1974.497757698303,646.1518033687972
6,2024,100082506207W600,TOURMALINE OIL CORP.,2536.36,1596.8397694084474,629.579306332085
6,2024,100082706804W600,VEREN INC.,3348.44,182.87403739707528,54.61469741045838
6,2024,100083006903W600,VEREN INC.,3352.49,127.83895882281291,38.132539939809796
6,2024,100083205903W600,TOURMALINE OIL CORP.,2421.75,1089.3442728305376,449.81698062580267
6,2024,100083206203W600,STRATHCONA RESOURCES LTD.,3522.83,347.64750632275275,98.68415629557849
6,2024,100083406408W600,CANADIAN NATURAL RESOURCES LIMITED,3363.33,3023.273331626749,898.8928626173314
6,2024,100090606604W602,CANADIAN NATURAL RESOURCES LIMITED,3498.1400000000003,208.65342902877543,59.646963537415715
6,2024,100090607611W600,CANADIAN NATURAL RESOURCES LIMITED,3553.09,1217.8519351894577,342.7585383960039
6,2024,100090806102W600,STRATHCONA RESOURCES LTD.,2114.99,162.85416460719318,76.99996908126903
6,2024,100091107712W600,BIRCHCLIFF ENERGY LTD.,3323.22,910.6255576731638,274.0190410725633
6,2024,100091406402W600,CANADIAN NATURAL RESOURCES LIMITED,3298.5299999999997,48.50620880376283,14.705401740703536
6,2024,100091407510W600,WHITECAP RESOURCES INC.,4045.98,73.5767289842551,18.185144015604404
6,2024,100091506403W602,VEREN INC.,2707.71,119.9682129075269,44.306152766554355
6,2024,100092006710W600,CENOVUS ENERGY INC.,3030.6,783.6493399755042,258.57894145565376
6,2024,100092107107W600,STRATHCONA RESOURCES LTD.,3695.63,804.88922579116,217.79486198325048
6,2024,100092107712W600,BIRCHCLIFF ENERGY LTD.,2100.07,458.06423097921356,218.1185536573607
6,2024,100092206803W600,VEREN INC.,2618.78,479.48228602023846,183.09376351592667
6,2024,100092306508W600,CANADIAN NATURAL RESOURCES LIMITED,3334.26,1655.7939442812044,496.6001284486526
6,2024,100093106303W600,ARC RESOURCES LTD.,3386.39,79.89748634508922,23.593704902592204
6,2024,100093206403W600,VEREN INC.,2508.51,180.54664004928296,71.97365768894002
6,2024,100093406408W600,CANADIAN NATURAL RESOURCES LIMITED,3279.62,3647.4545155530905,1112.1576632515628
6,2024,100093407808W600,TOURMALINE OIL CORP.,3068.94,150.20989929333336,48.94520560627883
6,2024,100093507308W600,ARCHER EXPLORATION CORP.,4118.25,544.7227556708473,132.27044391934615
6,2024,100100607610W600,ASTARA ENERGY CORP.,1223.67,3.8269773339526885,3.127458656298421
6,2024,100100906904W600,VEREN INC.,3538.62,471.0228550886395,133.1091937220271
6,2024,100101407510W600,WHITECAP RESOURCES INC.,3926.0,85.90116132935619,21.880071658012273
6,2024,100102307210W600,ARCHER EXPLORATION CORP.,2515.0,2.5582059814709677,1.0171793166882575
6,2024,100102406604W600,VEREN INC.,3020.61,627.8178711185376,207.84473040827433
6,2024,100103007210W600,CANADIAN NATURAL RESOURCES LIMITED,5117.43,603.7292236400173,117.97508195324943
6,2024,100103107109W600,NUVISTA ENERGY LTD.,3633.93,670.5686895277248,184.5298862464948
6,2024,100103206403W600,VEREN INC.,2811.44,69.93900683696467,24.87657813681411
6,2024,100103207108W600,CANADIAN NATURAL RESOURCES LIMITED,3877.41,521.8053350272173,134.57574386696723
6,2024,100103407607W600,TOURMALINE OIL CORP.,3293.7,228.77133026305378,69.45724573065361
6,2024,100110607209W600,ARCHER EXPLORATION CORP.,4152.62,169.197257095071,40.7447002362535
6,2024,100111506403W600,VEREN INC.,2320.02,301.90120544376776,130.1287081334505
6,2024,100112306803W600,VEREN INC.,2850.47,435.1752408932043,152.66789017011382
6,2024,100113307708W600,TOURMALINE OIL CORP.,2150.1,294.1506957208332,136.8079139206703
6,2024,100120106308W600,TOURMALINE OIL CORP.,3016.71,421.6861946213371,139.78347094063966
6,2024,100120306903W600,VEREN INC.,3982.0,117.18303245980586,29.42818494721393
6,2024,100120807408W600,TAMARACK VALLEY ENERGY LTD.,5153.36,297.87890820003446,57.80285254669468
6,2024,100121007811W600,BIRCHCLIFF ENERGY LTD.,1663.87,198.7134200571355,119.42845297837903
6,2024,100121106105W600,TOURMALINE OIL CORP.,1614.0,612.6548594764565,379.58789310808953
6,2024,100121205801W600,TOURMALINE OIL CORP.,2166.33,1388.483352304284,640.9380622085665
6,2024,100121207207W600,KELT EXPLORATION LTD.,5215.15,213.0024797926366,40.84302077459644
6,2024,100121307408W600,OVINTIV CANADA ULC,2997.2,260.89418287213766,87.04597052987377
6,2024,100121606306W600,ORLEN UPSTREAM CANADA LTD.,2776.04,535.8232325475442,193.0171152244003
6,2024,100121606403W600,VEREN INC.,3066.2,117.24608596158282,38.238238197633166
6,2024,100121606604W600,CANADIAN NATURAL RESOURCES LIMITED,3236.04,196.8487613676043,60.8301384926034
6,2024,100121706406W600,ARC RESOURCES LTD.,3101.82,545.1907384806882,175.76478921429617
6,2024,100121907612W600,ADVANTAGE ENERGY LTD.,3338.8,1855.2163060186435,555.6536198690078
6,2024,100122106403W600,VEREN INC.,2870.59,156.30764373443444,54.45139979392195
6,2024,100122107209W600,OVINTIV CANADA ULC,2325.4,410.93658264473123,176.7165144253596
6,2024,100122306803W600,VEREN INC.,2823.89,529.9655729516423,187.67217311993116
6,2024,100122705801W600,TOURMALINE OIL CORP.,2722.85,1488.3038217297903,546.5978007344476
6,2024,100122807713W600,BIRCHCLIFF ENERGY LTD.,2757.17,607.289615023146,220.25831378665296
6,2024,100123005901W603,TOURMALINE OIL CORP.,1829.9299999999998,1889.838161765893,1032.7379526899351
6,2024,100123006206W600,TOURMALINE OIL CORP.,2897.83,1341.5248690858546,462.9411901615535
6,2024,100123007308W600,ARCHER EXPLORATION CORP.,4606.700000000001,283.98872555992506,61.64688943493716
6,2024,100123307708W600,TOURMALINE OIL CORP.,2007.2199999999998,312.0272251315822,155.45242929603245
6,2024,100123406807W600,NUVISTA ENERGY LTD.,2780.58,480.1028027295656,172.6628267230454
6,2024,100123506127W500,LOGAN ENERGY CORP.,3123.31,551.4967318090495,176.57444563909746
6,2024,100123606127W500,LOGAN ENERGY CORP.,3523.59,569.7230114989763,161.68822465127224
6,2024,100123606606W600,CANADIAN NATURAL RESOURCES LIMITED,2601.08,1162.3286970146066,446.86387847148364
6,2024,100123607209W600,CANADIAN NATURAL RESOURCES LIMITED,2936.51,296.58462520449035,100.99901761086812
6,2024,100130106308W600,TOURMALINE OIL CORP.,3034.48,698.5249565149408,230.19593357509055
6,2024,100130307513W600,CANADIAN NATURAL RESOURCES LIMITED,1589.7600000000002,92.84286388229945,58.400553468636424
6,2024,100130406204W603,ARC RESOURCES LTD.,3283.25,1308.3143992283872,398.4815043717009
6,2024,100130406605W600,PARAMOUNT RESOURCES LTD.,2704.36,664.4618337855301,245.70021512872916
6,2024,100130407309W600,OVINTIV CANADA ULC,3278.15,563.6315501451454,171.9358632598098
6,2024,100130607308W602,CANADIAN NATURAL RESOURCES LIMITED,4723.46,66.39006848299356,14.055389160275213
6,2024,100130708304W600,SAND HILLS DIV CORP LTD.,1598.33,88.5731842226421,55.41608067335413
6,2024,100130806406W600,ARC RESOURCES LTD.,3423.18,620.6489839807141,181.30772672798804
6,2024,100130807408W600,TAMARACK VALLEY ENERGY LTD.,5455.0,264.136833089976,48.42105097891402
6,2024,100130906403W600,VEREN INC.,2203.83,642.8912530905402,291.71544678606796
6,2024,100130907608W600,TOURMALINE OIL CORP.,2876.2,179.69333777145096,62.47595360943292
6,2024,100131007811W600,BIRCHCLIFF ENERGY LTD.,1808.3000000000002,197.01856963432263,108.95236942671161
6,2024,100131107709W600,LONGSHORE RESOURCES LTD.,4280.7,25.773952430891214,6.020966764989655
6,2024,100131306909W600,SINOPEC CANADA ENERGY LTD.,3147.37,648.4721435167484,206.03619641692856
6,2024,100131407709W600,LONGSHORE RESOURCES LTD.,4455.99,69.68238403488854,15.637913019304026
6,2024,100131407809W600,TOURMALINE OIL CORP.,3309.9300000000003,62.8870480157888,18.99950996419525
6,2024,100131606604W600,CANADIAN NATURAL RESOURCES LIMITED,3483.71,114.6204645975398,32.90183872869435
6,2024,100131706406W602,ARC RESOURCES LTD.,3321.77,586.0890191167313,176.43877183451332
6,2024,100131707509W600,WHITECAP RESOURCES INC.,4037.71,199.4560282011183,49.39830453428262
6,2024,100131707908W600,TOURMALINE OIL CORP.,2941.95,91.12602236971306,30.974701259271253
6,2024,100131907612W600,ADVANTAGE ENERGY LTD.,3477.04,1832.212942305964,526.9461790218013
6,2024,100132006508W600,CANADIAN NATURAL RESOURCES LIMITED,2625.39,924.5173365324755,352.1447619334558
6,2024,100132106102W600,WHITECAP RESOURCES INC.,3646.17,840.1509629967951,230.42012934032013
6,2024,100132106403W600,VEREN INC.,3170.75,187.88424704500648,59.25545913269936
6,2024,100132307007W600,STRATHCONA RESOURCES LTD.,4119.639999999999,559.5563578819405,135.82651830789595
6,2024,100132705801W600,TOURMALINE OIL CORP.,2676.73,1404.5531179585241,524.7272298507971
6,2024,100132706403W600,VEREN INC.,2207.09,232.1913911182968,105.2025024436234
6,2024,100133008211W600,BONTERRA ENERGY CORP.,3818.73,566.2767381313561,148.28928416812818
6,2024,100133406807W600,NUVISTA ENERGY LTD.,2760.35,703.4004425895054,254.82291832177273
6,2024,100133506003W600,WHITECAP RESOURCES INC.,3394.7,1332.2996561146779,392.4646231227142
6,2024,100133607108W600,STRATHCONA RESOURCES LTD.,3136.63,404.3967491741171,128.92714447483988
6,2024,100140807007W600,STRATHCONA RESOURCES LTD.,3580.82,338.51329917073554,94.53513417896893
6,2024,100140907608W600,TOURMALINE OIL CORP.,3120.24,212.977585142034,68.2567959971137
6,2024,100141206908W600,NUVISTA ENERGY LTD.,3468.03,567.8018215150574,163.72459912834012
6,2024,100141306909W600,SINOPEC CANADA ENERGY LTD.,2704.16,635.6033088699184,235.04648721596297
6,2024,100141407308W600,KELT EXPLORATION LTD.,3161.36,115.83486498222796,36.64083336988762
6,2024,100141706806W600,PARAMOUNT RESOURCES LTD.,3180.9,193.88560134150538,60.95306402009034
6,2024,100141907612W600,ADVANTAGE ENERGY LTD.,3443.49,2486.9381923771234,722.2144372067652
6,2024,100142107410W600,OVINTIV CANADA ULC,2207.0,124.76855356541638,56.533100845227175
6,2024,100142406909W602,SINOPEC CANADA ENERGY LTD.,3225.11,770.6293609416996,238.94669048240203
6,2024,100142706712W600,CENOVUS ENERGY INC.,3010.3,646.4441657858029,214.74410051682648
6,2024,100142905901W600,TOURMALINE OIL CORP.,2364.29,1206.989367815854,510.50817277738935
6,2024,100143007210W600,CANADIAN NATURAL RESOURCES LIMITED,3606.62,437.8674118600775,121.40658341052772
6,2024,100143305802W600,TOURMALINE OIL CORP.,3112.35,1774.4653385532076,570.1368221932648
6,2024,100150208426W500,PRAIRIE THUNDER RESOURCES LTD.,2148.88,28.337548140043015,13.187124520700557
6,2024,100150406204W600,ARC RESOURCES LTD.,3592.97,1316.3124724843872,366.35776877747026
6,2024,100150406605W600,PARAMOUNT RESOURCES LTD.,2655.39,691.1379204619967,260.27736809357447
6,2024,100150906208W600,TOURMALINE OIL CORP.,2637.81,1176.552594385163,446.0338668763721
6,2024,100150906904W600,VEREN INC.,3707.81,402.4381205426646,108.53795651413223
6,2024,100151206908W600,NUVISTA ENERGY LTD.,3032.26,579.7721087181002,191.20131806576617
6,2024,100151208110W600,TOURMALINE OIL CORP.,3238.99,95.02613747805592,29.338200327279775
6,2024,100151306909W600,SINOPEC CANADA ENERGY LTD.,2537.13,637.3754983024143,251.21909334658227
6,2024,100151405802W600,TOURMALINE OIL CORP.,2892.98,1443.7948454908217,499.0683812161929
6,2024,100151407308W600,KELT EXPLORATION LTD.,3099.51,105.67569005305806,34.094321377591314
6,2024,100151507308W600,ADVANTAGE ENERGY LTD.,3060.09,320.2003260693162,104.63755185936238
6,2024,100151706806W600,PARAMOUNT RESOURCES LTD.,3178.09,190.89993104211612,60.06750313619694
6,2024,100151806401W600,VEREN INC.,4358.4,35.16312475086452,8.06789756581877
6,2024,100151906707W600,PARAMOUNT RESOURCES LTD.,2789.66,707.9433620513893,253.7740663921013
6,2024,100152406909W600,SINOPEC CANADA ENERGY LTD.,2940.11,881.5013290775129,299.8191663160606
6,2024,100152706712W600,CENOVUS ENERGY INC.,2600.11,244.97872703208606,94.21860114844604
6,2024,100152707113W600,CENOVUS ENERGY INC.,925.7399999999998,0.4525142117849463,0.4888135024790399
6,2024,100153107109W600,NUVISTA ENERGY LTD.,3724.46,802.2792999191743,215.40822023036205
6,2024,100153206005W600,TOURMALINE OIL CORP.,2690.67,986.1716756942354,366.5152826969623
6,2024,100153305802W602,TOURMALINE OIL CORP.,3005.93,1512.420739404758,503.1456951441844
6,2024,100160406204W600,ARC RESOURCES LTD.,3761.15,1394.3673645864258,370.72899634059416
6,2024,100160407409W600,CANADIAN NATURAL RESOURCES LIMITED,5200.7,173.7447198392197,33.40794889903661
6,2024,100160606604W600,CANADIAN NATURAL RESOURCES LIMITED,3904.74,504.89025814264824,129.30188902273858
6,2024,100161107712W600,BIRCHCLIFF ENERGY LTD.,2903.57,648.8746239049709,223.47476517010813
6,2024,100161306909W600,SINOPEC CANADA ENERGY LTD.,2497.43,623.4252191750817,249.62670392166416
6,2024,100161407713W602,BIRCHCLIFF ENERGY LTD.,2636.46,594.4287455499417,225.46473132531563
6,2024,100161507308W602,ADVANTAGE ENERGY LTD.,3406.12,280.93502146386237,82.47948441741994
6,2024,100161507911W600,LOGAN ENERGY CORP.,3267.67,241.7229334532129,73.9740957481058
6,2024,100161706806W600,PARAMOUNT RESOURCES LTD.,3242.22,183.38727162809465,56.56225414317802
6,2024,100161906707W600,PARAMOUNT RESOURCES LTD.,2989.61,624.0698528970495,208.74624211755028
6,2024,100162207210W600,CARDINAL ENERGY LTD.,775.25,3.3362533762236555,4.303454854851538
6,2024,100162306508W600,CANADIAN NATURAL RESOURCES LIMITED,3362.13,1627.4089514113034,484.0410547513937
6,2024,100162406104W600,TOURMALINE OIL CORP.,3150.02,2374.3445428920186,753.7553865981862
6,2024,100162506005W600,TOURMALINE OIL CORP.,3319.83,1443.5153479065457,434.8160441668837
6,2024,100162506309W600,TOURMALINE OIL CORP.,2612.08,709.7828554097549,271.7309023497577
6,2024,100163006505W600,PARAMOUNT RESOURCES LTD.,3123.71,350.24045893120007,112.12323132787616
6,2024,100163205903W600,TOURMALINE OIL CORP.,2859.01,910.9692887217548,318.631025677334
6,2024,100163207708W600,TOURMALINE OIL CORP.,2843.79,446.6733730526022,157.06974602646545
6,2024,100163406408W600,CANADIAN NATURAL RESOURCES LIMITED,3726.46,2922.8969804278217,784.3629021719868
6,2024,100163407610W600,ADVANTAGE ENERGY LTD.,3388.0699999999997,272.5945859158157,80.4571882859019
6,2024,100163507308W600,ARCHER EXPLORATION CORP.,3849.96,455.82068233804733,118.39621251598649
6,2024,102010207608W600,TOURMALINE OIL CORP.,4438.62,285.4339433924699,64.30691147078821
6,2024,102010406907W600,NUVISTA ENERGY LTD.,3388.88,1042.4085307599964,307.59676670758375
6,2024,102010407108W600,OVINTIV CANADA ULC,3282.87,1049.2058004960172,319.6001670782021
6,2024,102010507209W600,NUVISTA ENERGY LTD.,3201.4,971.8429550010325,303.5681123886526
6,2024,102010606707W602,PARAMOUNT RESOURCES LTD.,3388.17,500.6537587452387,147.76524163345957
6,2024,102011206204W600,STRATHCONA RESOURCES LTD.,3490.93,716.5869936650618,205.27108640535954
6,2024,102011507710W600,TAQA NORTH LTD.,3506.9,612.4558216895313,174.64308126537148
6,2024,102011606604W600,PARAMOUNT RESOURCES LTD.,3168.47,635.234395999119,200.48616398423184
6,2024,102012007712W600,BIRCHCLIFF ENERGY LTD.,3329.82,1289.2255839826842,387.1757584442054
6,2024,102012207108W600,TAMARACK VALLEY ENERGY LTD.,4715.139999999999,268.31712276833053,56.90544135875723
6,2024,102012306205W600,WHITECAP RESOURCES INC.,3336.62,1457.2489273402177,436.74404857017515
6,2024,102012306405W600,WHITECAP RESOURCES INC.,3321.09,461.2952962395527,138.89876403215592
6,2024,102012406405W600,WHITECAP RESOURCES INC.,3558.86,557.1511970222797,156.5532774602765
6,2024,102013007808W600,TOURMALINE OIL CORP.,3628.13,388.32403190756133,107.03145474598796
6,2024,102013407808W600,TOURMALINE OIL CORP.,3608.09,113.64398048593549,31.496991617707838
6,2024,102013506708W600,NUVISTA ENERGY LTD.,3115.07,565.9143886955528,181.66987858878062
6,2024,102020407108W600,OVINTIV CANADA ULC,3182.22,1070.3521820995443,336.3539233929597
6,2024,102021107808W600,KELT EXPLORATION LTD.,3935.8199999999997,235.49950253014686,59.83492703684286
6,2024,102021306503W600,CANADIAN NATURAL RESOURCES LIMITED,3157.0,37.21652342413764,11.78857251318899
6,2024,102022106503W600,CANADIAN NATURAL RESOURCES LIMITED,3315.26,152.079843362051,45.872674650570694
6,2024,102022107711W600,INSIGNIA ENERGY LTD.,1651.37,233.102075969514,141.15678253178513
6,2024,102022306405W600,WHITECAP RESOURCES INC.,3273.29,470.2247835874483,143.6550942896744
6,2024,102022406405W600,WHITECAP RESOURCES INC.,3552.39,552.9504337144086,155.65589186840654
6,2024,102022806403W600,VEREN INC.,2843.51,120.29016753422796,42.30340935471581
6,2024,102023606708W600,NUVISTA ENERGY LTD.,3577.04,812.0545303921206,227.01857692173434
6,2024,102030907308W600,ARCHER EXPLORATION CORP.,4728.92,112.65025498918466,23.82156073462538
6,2024,102031206105W600,TOURMALINE OIL CORP.,2163.69,993.3523869096775,459.1010666545011
6,2024,102031306605W600,PARAMOUNT RESOURCES LTD.,3053.46,286.6926876223312,93.8910899839301
6,2024,102031407713W600,BIRCHCLIFF ENERGY LTD.,2363.32,691.5886507978863,292.63436639891603
6,2024,102031707007W600,STRATHCONA RESOURCES LTD.,3326.95,356.04810944010325,107.01937493503156
6,2024,102032107711W600,INSIGNIA ENERGY LTD.,1775.0500000000002,235.84267288328604,132.86536879709644
6,2024,102032306405W600,WHITECAP RESOURCES INC.,3297.63,475.5029726793119,144.19536839466886
6,2024,102032406405W600,WHITECAP RESOURCES INC.,3417.82,422.3782659649549,123.58119092431869
6,2024,102032706804W600,VEREN INC.,3233.56,197.54911946018066,61.093382977331686
6,2024,102032806103W600,STRATHCONA RESOURCES LTD.,3143.23,784.2117465152688,249.4923204841099
6,2024,102032807711W600,TAQA NORTH LTD.,3357.62,336.55675239126026,100.23670111306826
6,2024,102033106303W600,ARC RESOURCES LTD.,3158.99,354.74167766399654,112.2959166265156
6,2024,102040306907W600,NUVISTA ENERGY LTD.,2988.52,855.6541592603012,286.31368010262645
6,2024,102040307108W600,OVINTIV CANADA ULC,3630.94,1065.4075408374024,293.4247166952366
6,2024,102040406606W600,CANADIAN NATURAL RESOURCES LIMITED,3511.63,671.0728042121291,191.10008862326868
6,2024,102040407209W600,NUVISTA ENERGY LTD.,3695.96,981.5026327377548,265.5609456643889
6,2024,102040507611W600,CANADIAN NATURAL RESOURCES LIMITED,3347.16,1067.7998551747971,319.0166753829507
6,2024,102040806204W600,TOURMALINE OIL CORP.,1736.75,106.40525378226238,61.26687996675537
6,2024,102041006204W600,ARC RESOURCES LTD.,4030.26,1277.605653531131,317.0032835427816
6,2024,102041606403W600,VEREN INC.,2503.11,223.7182768861788,89.3761268526668
6,2024,102041706406W600,ARC RESOURCES LTD.,3351.21,630.0417706823226,188.0042643350678
6,2024,102042106503W600,CANADIAN NATURAL RESOURCES LIMITED,3685.77,105.71145087916068,28.680967851808624
6,2024,102042207108W600,TAMARACK VALLEY ENERGY LTD.,4664.469999999999,240.32464145133764,51.52238977876108
6,2024,102042306405W600,WHITECAP RESOURCES INC.,3353.15,399.04827241496776,119.00698519749125
6,2024,102042307007W600,STRATHCONA RESOURCES LTD.,4682.23,562.0379629700535,120.03638500672832
6,2024,102042406405W600,WHITECAP RESOURCES INC.,3331.1,430.14511831120865,129.1300526286238
6,2024,102042506709W600,WHITECAP RESOURCES INC.,2433.96,205.0121820632713,84.22988958868318
6,2024,102042508013W600,STORM DEVELOPMENT CORP.,3573.25,921.5985902963172,257.9160680882438
6,2024,102042807406W600,BONTERRA ENERGY CORP.,3522.1099999999997,326.1595210151435,92.60344538221224
6,2024,102043108211W600,BONTERRA ENERGY CORP.,3919.09,482.45200948133333,123.10306971295206
6,2024,102050307209W600,CANADIAN NATURAL RESOURCES LIMITED,3179.94,703.9695723567835,221.37825630571126
6,2024,102050807408W600,TAMARACK VALLEY ENERGY LTD.,5194.14,324.1939152509858,62.41532096766468
6,2024,102051006004W600,TOURMALINE OIL CORP.,3071.26,1072.2519337279487,349.1244419970789
6,2024,102051006903W600,VEREN INC.,3057.79,114.48068651958465,37.43902835694559
6,2024,102051205801W600,TOURMALINE OIL CORP.,2032.2399999999998,1303.2204975387356,641.2729291514465
6,2024,102051606306W600,ORLEN UPSTREAM CANADA LTD.,2765.37,294.0178768628989,106.32135188524462
6,2024,102051706406W600,ARC RESOURCES LTD.,3176.48,712.8000400917507,224.39934773452083
6,2024,102052008211W600,BONTERRA ENERGY CORP.,3054.29,177.42620494892046,58.09081814396159
6,2024,102052106403W600,VEREN INC.,2705.51,56.397354138873126,20.845368946658162
6,2024,102053006404W600,ARC RESOURCES LTD.,3324.01,524.7014259826408,157.85193967004935
6,2024,102053307008W600,NUVISTA ENERGY LTD.,4071.11,853.2508701339872,209.58678840266833
6,2024,102061006903W600,VEREN INC.,3286.37,101.0744747552172,30.755658904875958
6,2024,102061707007W600,STRATHCONA RESOURCES LTD.,3132.76,318.3017288139011,101.60424954797081
6,2024,102062107209W600,OVINTIV CANADA ULC,2442.77,252.055148893471,103.1841511454091
6,2024,102063006404W600,ARC RESOURCES LTD.,3165.33,527.8915357384259,166.77298598832536
6,2024,102063007210W600,CANADIAN NATURAL RESOURCES LIMITED,4130.21,811.3768145011761,196.44928817207264
6,2024,102063607209W600,CANADIAN NATURAL RESOURCES LIMITED,3066.51,345.23590571091614,112.58267728163813
6,2024,102071006903W600,VEREN INC.,3230.13,108.42990856810323,33.56828009030696
6,2024,102071907513W600,ADVANTAGE ENERGY LTD.,3750.89,1920.4033771043219,511.98605587055926
6,2024,102072107209W600,OVINTIV CANADA ULC,2614.88,276.71578818816346,105.823513196844
6,2024,102072706804W600,VEREN INC.,3224.41,272.3395601859269,84.46182718262472
6,2024,102073006404W602,ARC RESOURCES LTD.,3045.45,570.8090456072603,187.4301156174819
6,2024,102080406907W600,NUVISTA ENERGY LTD.,3205.45,985.56172149776,307.4643876827778
6,2024,102080907713W600,BIRCHCLIFF ENERGY LTD.,3114.25,1103.5491787751228,354.3547174360192
6,2024,102081606604W600,PARAMOUNT RESOURCES LTD.,3167.64,638.2965847366527,201.50540614989478
6,2024,102082007712W600,BIRCHCLIFF ENERGY LTD.,3551.16,1080.389196502276,304.23557274306876
6,2024,102082306205W602,WHITECAP RESOURCES INC.,3315.32,1288.683028677738,388.7054729793016
6,2024,102082806403W600,VEREN INC.,2562.18,150.30929080770753,58.664610139688676
6,2024,102083206203W600,STRATHCONA RESOURCES LTD.,3536.18,497.01979257508816,140.55274125612615
6,2024,102083305802W600,TOURMALINE OIL CORP.,2200.13,1006.3547944531531,457.40696888508995
6,2024,102083407808W600,TOURMALINE OIL CORP.,3215.26,105.75672703690323,32.89212288801006
6,2024,102091506403W602,VEREN INC.,2601.21,216.45417046778493,83.21287803283276
6,2024,102092406604W600,VEREN INC.,3021.67,458.48035770527315,151.73078387291568
6,2024,102093106303W600,ARC RESOURCES LTD.,3311.03,281.0060711310523,84.86968439762016
6,2024,102093206403W600,VEREN INC.,2388.66,113.53545293390354,47.53102280521445
6,2024,102093506127W500,LOGAN ENERGY CORP.,3510.45,639.7301923064774,182.23595046403665
6,2024,102100906904W600,VEREN INC.,3426.79,433.426670330128,126.481830030474
6,2024,102101506403W600,VEREN INC.,2442.46,131.5474974880688,53.85860873384571
6,2024,102102406604W600,VEREN INC.,3008.54,777.6702610971012,258.4875923528027
6,2024,102102806802W600,VEREN INC.,3599.57,1018.6522701986569,282.992765857771
6,2024,102103006505W600,PARAMOUNT RESOURCES LTD.,2855.56,330.23736833622365,115.64714743735857
6,2024,102103107109W600,NUVISTA ENERGY LTD.,3616.46,847.0708188987528,234.22651402165454
6,2024,102111407809W600,TOURMALINE OIL CORP.,2902.12,46.64547782567831,16.07289768365137
6,2024,102112107209W600,OVINTIV CANADA ULC,2288.67,362.6712090286108,158.46374052555012
6,2024,102113007210W600,CANADIAN NATURAL RESOURCES LIMITED,3864.17,207.40504060507527,53.673891315618945
6,2024,102120306903W600,VEREN INC.,4143.34,112.39182385897759,27.125899361138014
6,2024,102120406606W600,CANADIAN NATURAL RESOURCES LIMITED,3234.19,660.9052023601378,204.3495287413967
6,2024,102121007811W600,BIRCHCLIFF ENERGY LTD.,1581.37,243.05254026222798,153.69745237498373
6,2024,102121106903W600,VEREN INC.,3422.99,168.8336296034581,49.32343641186743
6,2024,102121507912W600,CANADIAN NATURAL RESOURCES LIMITED,3437.55,477.3221490730667,138.8553327436886
6,2024,102122106403W600,VEREN INC.,2799.26,84.05543833744518,30.0277353077046
6,2024,102122107209W600,OVINTIV CANADA ULC,2261.11,237.34220339631833,104.96711942201765
6,2024,102122307007W600,STRATHCONA RESOURCES LTD.,4178.01,555.4519517365862,132.94653477052142
6,2024,102122607008W600,STRATHCONA RESOURCES LTD.,3819.42,562.1010329628732,147.16921233142028
6,2024,102122706403W600,VEREN INC.,2193.35,66.5662258011527,30.349112454078327
6,2024,102123606606W600,CANADIAN NATURAL RESOURCES LIMITED,2871.81,1128.3657161420128,392.91099207190337
6,2024,102130306004W600,TOURMALINE OIL CORP.,2338.02,1290.8386928560692,552.1076350313809
6,2024,102130406605W600,PARAMOUNT RESOURCES LTD.,2925.78,657.0141573252818,224.5603419687337
6,2024,102130407309W600,OVINTIV CANADA ULC,3208.43,318.8500147561868,99.37882850995247
6,2024,102130906403W600,VEREN INC.,2292.52,416.099169527243,181.50296160000482
6,2024,102131306909W600,SINOPEC CANADA ENERGY LTD.,3019.08,781.7706297802763,258.9433303457597
6,2024,102131307210W600,NUVISTA ENERGY LTD.,3232.51,667.4032833539096,206.465960926311
6,2024,102131407911W600,LOGAN ENERGY CORP.,3383.41,239.91183767038282,70.90829597074632
6,2024,102131507912W600,CANADIAN NATURAL RESOURCES LIMITED,3915.65,867.7699964062452,221.61582276409925
6,2024,102131606403W600,VEREN INC.,3072.29,294.0289588435958,95.70351719518527
6,2024,102131705802W600,TOURMALINE OIL CORP.,3026.83,1120.2561881739011,370.1087237056264
6,2024,102131706406W600,ARC RESOURCES LTD.,3355.62,545.9224955185721,162.68900993514524
6,2024,102131708211W600,BONTERRA ENERGY CORP.,3327.79,134.71174928889462,40.48084443095707
6,2024,102131907612W600,ADVANTAGE ENERGY LTD.,3471.1,1916.9951903684819,552.2731094951116
6,2024,102132106403W602,VEREN INC.,3359.22,79.61260301372904,23.699728810178865
6,2024,102132207107W600,STRATHCONA RESOURCES LTD.,3483.08,649.2096147009291,186.38952154441733
6,2024,102133406202W600,LOGAN ENERGY CORP.,3153.73,70.11733272723933,22.233143841495412
6,2024,102133406807W600,NUVISTA ENERGY LTD.,2792.05,821.1311343319742,294.09614237996243
6,2024,102133606606W600,CANADIAN NATURAL RESOURCES LIMITED,3025.82,1254.5707506992812,414.6217391316341
6,2024,102140406204W602,ARC RESOURCES LTD.,3414.56,1334.0490671522753,390.69428188471585
6,2024,102140406605W600,PARAMOUNT RESOURCES LTD.,2694.79,686.0072858277078,254.56799447367246
6,2024,102140607308W600,CANADIAN NATURAL RESOURCES LIMITED,4966.0599999999995,48.871881184670976,9.841178154245213
6,2024,102140608407W600,SPOKE RESOURCES LTD.,1108.33,0.7749783548398962,0.6992306937824441
6,2024,102140908213W600,ASTARA ENERGY CORP.,2340.9,55.3836909714937,23.65914433401414
6,2024,102141407308W600,KELT EXPLORATION LTD.,3202.14,546.9009420642582,170.7923270263818
6,2024,102143307708W600,TOURMALINE OIL CORP.,2675.38,61.14587567566329,22.85502458554048
6,2024,102143607108W600,STRATHCONA RESOURCES LTD.,2701.36,286.6167020154631,106.1008906682053
6,2024,102150406605W600,PARAMOUNT RESOURCES LTD.,2576.25,734.7240670497821,285.1912924016621
6,2024,102151407308W600,KELT EXPLORATION LTD.,3049.69,543.2975667783227,178.1484566557003
6,2024,102151507308W600,ADVANTAGE ENERGY LTD.,3031.64,314.47267360856773,103.73021651929903
6,2024,102151706806W600,PARAMOUNT RESOURCES LTD.,3200.36,131.6711308352172,41.14259984352298
6,2024,102151906707W600,PARAMOUNT RESOURCES LTD.,2585.34,535.38029963157,207.08313012275752
6,2024,102153006505W600,PARAMOUNT RESOURCES LTD.,3154.47,331.84783409352264,105.19923603442818
6,2024,102153007210W600,CANADIAN NATURAL RESOURCES LIMITED,5349.110000000001,464.02977497648175,86.74896851560011
6,2024,102153107109W600,NUVISTA ENERGY LTD.,3884.43,894.2215299564559,230.2066274733889
6,2024,102153207108W600,CANADIAN NATURAL RESOURCES LIMITED,4337.57,279.4704684524043,64.4301921242549
6,2024,102160406204W602,ARC RESOURCES LTD.,3978.52,1343.806751155785,337.7654884619871
6,2024,102161406402W600,CANADIAN NATURAL RESOURCES LIMITED,3301.69,31.79251228716805,9.629163333677011
6,2024,102161707712W600,KELT EXPLORATION LTD.,3291.47,1074.956679114883,326.5886303429419
6,2024,102161906707W600,PARAMOUNT RESOURCES LTD.,3152.46,531.0923811630108,168.4691895101003
6,2024,102163006505W600,PARAMOUNT RESOURCES LTD.,3120.02,284.4151097145463,91.15810466424776
6,2024,102163407610W600,ADVANTAGE ENERGY LTD.,3408.5699999999997,122.77511205848849,36.01953665569095
6,2024,103010106505W600,ARC RESOURCES LTD.,3451.02,375.9433815978839,108.93688868736892
6,2024,103010206505W600,ARC RESOURCES LTD.,3281.71,401.0639230914925,122.21187219208659
6,2024,103010407108W600,OVINTIV CANADA ULC,3430.16,1188.1217762117508,346.3750309640806
6,2024,103010507209W600,NUVISTA ENERGY LTD.,3247.06,906.3087386522668,279.11672055713996
6,2024,103010606604W600,CANADIAN NATURAL RESOURCES LIMITED,3549.6800000000003,41.61339821183902,11.72314073714786
6,2024,103011206204W600,STRATHCONA RESOURCES LTD.,3435.31,825.2116532019725,240.21461038508096
6,2024,103011306407W600,HARVEST OPERATIONS CORP.,3512.99,1249.4301793587786,355.66004439488256
6,2024,103011507713W600,BIRCHCLIFF ENERGY LTD.,3553.24,1284.8126349776,361.5890384487398
6,2024,103012306205W600,WHITECAP RESOURCES INC.,3114.39,1402.4292985523105,450.30625533485227
6,2024,103012306405W602,WHITECAP RESOURCES INC.,3401.96,402.0243696640676,118.1743376359709
6,2024,103012807612W600,ADVANTAGE ENERGY LTD.,2716.28,540.685646627483,199.05372296945933
6,2024,103020407108W600,OVINTIV CANADA ULC,3208.57,981.6996842070195,305.9617475096443
6,2024,103020606707W600,PARAMOUNT RESOURCES LTD.,3287.07,459.11503197476134,139.67303159797672
6,2024,103022107711W600,INSIGNIA ENERGY LTD.,1630.29,331.4818978559312,203.3269527850451
6,2024,103022406405W600,WHITECAP RESOURCES INC.,3564.27,513.3834914468646,144.03608353095152
6,2024,103022806403W600,VEREN INC.,2809.27,78.04277118565162,27.780445163922163
6,2024,103022807711W600,TAQA NORTH LTD.,3324.68,244.32627541856345,73.48865918481282
6,2024,103023006404W600,ARC RESOURCES LTD.,3564.07,528.4317822973935,148.26638710726598
6,2024,103030407209W600,NUVISTA ENERGY LTD.,3930.8,707.1804369427957,179.9075091438882
6,2024,103030507209W600,NUVISTA ENERGY LTD.,2720.26,725.4749400763872,266.6932352335391
6,2024,103031306605W600,PARAMOUNT RESOURCES LTD.,3071.89,288.36999157570756,93.87380133263481
6,2024,103032807711W600,TAQA NORTH LTD.,3344.74,250.17779210105812,74.79738099256089
6,2024,103040606705W602,CANADIAN NATURAL RESOURCES LIMITED,3332.12,2042.620834033642,613.0093856264607
6,2024,103041006204W600,ARC RESOURCES LTD.,3925.38,1334.2403467565937,339.90093870060826
6,2024,103041706406W600,ARC RESOURCES LTD.,3266.55,619.7193674124732,189.71678603189088
6,2024,103042806103W600,STRATHCONA RESOURCES LTD.,3284.44,715.9660234520603,217.98724392957715
6,2024,103043307108W600,CANADIAN NATURAL RESOURCES LIMITED,2968.71,483.848973954271,162.98290299634218
6,2024,103051606306W600,ORLEN UPSTREAM CANADA LTD.,2725.99,415.08770791406454,152.27044410069902
6,2024,103051706406W600,ARC RESOURCES LTD.,3064.87,660.6463919359485,215.5544580800975
6,2024,103053307008W600,NUVISTA ENERGY LTD.,4076.93,819.7366517609635,201.06713918584904
6,2024,103063006812W600,CENOVUS ENERGY INC.,741.0,14.541405670950539,19.624029245547284
6,2024,103072107209W600,OVINTIV CANADA ULC,2603.99,421.6936073450323,161.9413313204092
6,2024,103073006404W602,ARC RESOURCES LTD.,3277.8,585.5210676060217,178.63233498261687
6,2024,103080406907W600,NUVISTA ENERGY LTD.,3081.27,807.7850241727399,262.1597666458116
6,2024,103080907713W600,BIRCHCLIFF ENERGY LTD.,3136.26,808.902284070383,257.91939573580726
6,2024,103081407209W600,OVINTIV CANADA ULC,3714.6,569.7140073896602,153.37156285728213
6,2024,103082806403W600,VEREN INC.,2367.06,64.30642523740215,27.16721385913418
6,2024,103083206203W600,STRATHCONA RESOURCES LTD.,3675.81,441.5729491555613,120.12942702576065
6,2024,103091706806W600,PARAMOUNT RESOURCES LTD.,2629.67,53.955278080120436,20.517889347378354
6,2024,103092406604W600,VEREN INC.,3069.5,547.8865457224775,178.49374351603763
6,2024,103100807007W600,STRATHCONA RESOURCES LTD.,4076.91,329.93653873522584,80.92808983647564
6,2024,103101506403W600,VEREN INC.,2413.63,142.52258324603872,59.04906023128596
6,2024,103103107109W600,NUVISTA ENERGY LTD.,3668.57,795.4950498613678,216.8406354141717
6,2024,103113607508W600,TAMARACK VALLEY ENERGY LTD.,2716.84,127.96016798668387,47.0988972433724
6,2024,103120307209W600,CANADIAN NATURAL RESOURCES LIMITED,3095.17,362.9432429944217,117.26116594384855
6,2024,103121307210W600,NUVISTA ENERGY LTD.,2865.06,686.8261860844902,239.72488746640218
6,2024,103121507912W600,CANADIAN NATURAL RESOURCES LIMITED,3607.74,913.0124134754236,253.07045781442778
6,2024,103121706406W600,ARC RESOURCES LTD.,3203.52,514.326152429884,160.5503172853249
6,2024,103121707509W600,WHITECAP RESOURCES INC.,4027.62,142.57591527814196,35.39954496157581
6,2024,103122107712W600,BIRCHCLIFF ENERGY LTD.,3309.76,888.1002363063742,268.3276842751058
6,2024,103131606403W600,VEREN INC.,3217.23,159.5127603390796,49.580776114570476
6,2024,103132207107W600,STRATHCONA RESOURCES LTD.,3175.35,608.9245205057315,191.76611098169698
6,2024,103133606606W600,CANADIAN NATURAL RESOURCES LIMITED,2944.52,1216.0878801059391,413.0003804035765
6,2024,103140407309W600,OVINTIV CANADA ULC,3159.8,591.4523761986372,187.18032033629888
6,2024,103141407308W600,KELT EXPLORATION LTD.,3296.39,467.7179966771269,141.88794307625218
6,2024,103150406004W600,TOURMALINE OIL CORP.,2990.26,1176.4923918434754,393.4415040309121
6,2024,103151407308W600,KELT EXPLORATION LTD.,3097.28,523.2666557943054,168.94393009166282
6,2024,103153007210W600,CANADIAN NATURAL RESOURCES LIMITED,5119.62,458.6786789848258,89.59232891988582
6,2024,103153107109W600,NUVISTA ENERGY LTD.,3787.04,861.804543109712,227.5667917713338
6,2024,103153407610W600,LONGSHORE RESOURCES LTD.,3226.94,143.95223040665985,44.60951564226786
6,2024,103160306705W600,CANADIAN NATURAL RESOURCES LIMITED,3540.02,648.3041026348827,183.13571749167596
6,2024,103160406605W600,PARAMOUNT RESOURCES LTD.,2652.06,631.0553459922504,237.9491210576874
6,2024,103161407811W600,BIRCHCLIFF ENERGY LTD.,2884.21,1049.8038811417464,363.9831638964383
6,2024,103163407808W600,TOURMALINE OIL CORP.,3333.27,199.4080062847656,59.8235385326618
6,2024,104010507209W600,NUVISTA ENERGY LTD.,2936.11,802.3225889062711,273.26039859074456
6,2024,104020407108W600,OVINTIV CANADA ULC,3327.98,1048.213963223656,314.9700308366204
6,2024,104022107209W600,OVINTIV CANADA ULC,2673.58,412.2970112125592,154.21158566886317
6,2024,104031007308W600,ARCHER EXPLORATION CORP.,5000.889999999999,189.1517320961573,37.823613815972216
6,2024,104041006903W600,VEREN INC.,3073.28,173.20603168378742,56.358688984989136
6,2024,104042806103W600,STRATHCONA RESOURCES LTD.,3166.52,885.4728833828474,279.6359673657035
6,2024,104043307108W600,CANADIAN NATURAL RESOURCES LIMITED,2955.77,448.200435361428,151.63576170048006
6,2024,104050306903W600,VEREN INC.,4127.98,153.9054182803748,37.2834699490731
6,2024,104051706406W600,ARC RESOURCES LTD.,3084.21,569.047241551071,184.5034033191874
6,2024,104053307008W600,NUVISTA ENERGY LTD.,4110.85,804.8772163314753,195.79338003855048
6,2024,104071407209W600,OVINTIV CANADA ULC,3478.43,500.151952806813,143.7866948039239
6,2024,104080907713W600,BIRCHCLIFF ENERGY LTD.,2912.48,679.2913627090753,233.2346875202835
6,2024,104081407209W600,OVINTIV CANADA ULC,3530.49,576.8990557493333,163.40481229215587
6,2024,104082806403W600,VEREN INC.,2226.76,198.7335061471484,89.24783368982216
6,2024,104101506403W600,VEREN INC.,2498.37,105.43615765778927,42.201978753262836
6,2024,104102107107W600,STRATHCONA RESOURCES LTD.,3506.27,675.7070345774624,192.7139195148869
6,2024,104120307209W600,CANADIAN NATURAL RESOURCES LIMITED,3064.37,478.96154978643057,156.30016929627644
6,2024,104121507912W600,CANADIAN NATURAL RESOURCES LIMITED,3650.92,652.3920478763355,178.69250706023016
6,2024,104130407309W600,OVINTIV CANADA ULC,3254.49,575.2799899132646,176.76501999184651
6,2024,104140407309W600,OVINTIV CANADA ULC,3147.18,623.823625138443,198.2166972141546
6,2024,104142107712W602,BIRCHCLIFF ENERGY LTD.,3089.29,703.5482600507785,227.7378491662416
6,2024,104161407811W600,BIRCHCLIFF ENERGY LTD.,2736.03,1299.3824382240862,474.91527440272444
6,2024,105042806103W600,STRATHCONA RESOURCES LTD.,3135.73,950.1196177774797,302.9979040853261
6,2024,105071407209W600,OVINTIV CANADA ULC,3347.76,573.9266607393204,171.43602311375975
6,2024,106021006304W600,ARC RESOURCES LTD.,3585.16,408.4336711294452,113.92341516960059
6,2024,106081006304W600,ARC RESOURCES LTD.,3474.91,491.7791700785033,141.5228509741269
6,2024,106121106304W602,ARC RESOURCES LTD.,3609.32,471.8750092487054,130.73792549530256
6,2024,106140407309W600,OVINTIV CANADA ULC,3202.19,624.6300041445604,195.0633797946282
6,2024,107061407209W600,OVINTIV CANADA ULC,3745.47,407.78514438408604,108.87422523317129
6,2024,107081006304W600,ARC RESOURCES LTD.,3430.05,385.53945338289896,112.40053450617307
6,2024,107121106304W600,ARC RESOURCES LTD.,3502.78,466.33690483279145,133.13336973283833
6,2024,107140806203W602,STRATHCONA RESOURCES LTD.,2334.77,156.36270732602154,66.97135363484263
6,2024,108081006304W600,ARC RESOURCES LTD.,3520.48,434.77657818136777,123.49923254254186
6,2024,108121106304W600,ARC RESOURCES LTD.,3408.98,407.69429522983233,119.59421739929022
6,2024,110012107209W600,OVINTIV CANADA ULC,2805.26,284.2757768947441,101.33669495688247
6,2024,111012107209W600,OVINTIV CANADA ULC,2882.25,494.6909605065807,171.63360586575791
6,2024,1S0022606604W600,HWN ENERGY LTD.,3593.65,56.2473214756396,15.651864114657688
6,2024,1W0121006402W600,CANADIAN NATURAL RESOURCES LIMITED,1596.12,41.702392123788634,26.12735391060111
6,2025,100010306408W600,CENOVUS ENERGY INC.,2770.24,1249.0080251566108,450.8663600109055
6,2025,100010405827W500,TOURMALINE OIL CORP.,2565.62,1007.5975309984591,392.7306191090104
6,2025,100010507513W600,ADVANTAGE ENERGY LTD.,3696.08,1119.9164562031658,303.0011407229188
6,2025,100010707709W600,ADVANTAGE ENERGY LTD.,4098.32,65.6357269621272,16.01527625029944
6,2025,100011107712W600,BIRCHCLIFF ENERGY LTD.,2808.99,649.9685572227097,231.38870456025467
6,2025,100011206605W600,CANADIAN NATURAL RESOURCES LIMITED,3252.33,344.05544389211184,105.78737209696182
6,2025,100011407611W600,ADVANTAGE ENERGY LTD.,3197.38,225.20924854804795,70.43555928542992
6,2025,100011806402W600,WHITECAP PARTNERSHIP,3120.63,39.84780121582796,12.769152772301732
6,2025,100011807207W600,TAMARACK VALLEY ENERGY LTD.,4594.33,239.6531426834925,52.16280560680067
6,2025,100011807807W600,KELT EXPLORATION LTD.,4453.22,136.62408358288172,30.679841459187223
6,2025,100012106506W600,NUVISTA ENERGY LTD.,3309.89,956.9481792670306,289.11781940397736
6,2025,100012206306W600,ARC RESOURCES LTD.,3166.77,436.05553275271893,137.69725390625746
6,2025,100012606706W600,OVINTIV CANADA ULC,3953.55,451.40520565417637,114.17718396230637
6,2025,100012607712W600,BIRCHCLIFF ENERGY LTD.,2220.47,480.5153756359226,216.40255244877105
6,2025,100012706308W600,CENOVUS ENERGY INC.,3005.78,1297.5124694188044,431.67246751884846
6,2025,100013006203W600,ARC RESOURCES LTD.,3679.78,359.21593979719574,97.61886302909296
6,2025,100013006408W600,CANADIAN NATURAL RESOURCES LIMITED,3113.89,2963.831763986889,951.8100395283358
6,2025,100013106707W600,NUVISTA ENERGY LTD.,3642.01,757.7463604891872,208.05718833533876
6,2025,100013207109W600,NUVISTA ENERGY LTD.,2139.48,668.1931053531528,312.3156586428257
6,2025,100013606004W600,TOURMALINE OIL CORP.,2331.67,226.93295005007067,97.32635838264878
6,2025,100013607807W600,TOURMALINE OIL CORP.,2013.73,118.74607822381077,58.96822226604896
6,2025,100020307006W600,GOOSE CREEK RESOURCES LTD.,1160.0,18.865604433457452,16.26345209780815
6,2025,100020807308W600,ARCHER EXPLORATION CORP.,4763.4,153.62185480108758,32.25046286288945
6,2025,100020905727W503,TOURMALINE OIL CORP.,2336.84,1177.6615902801132,503.95473814215484
6,2025,100021007209W600,TAMARACK VALLEY ENERGY LTD.,4819.15,190.2981728938642,39.48791236916556
6,2025,100021405802W602,TOURMALINE OIL CORP.,2745.85,2144.4658885845506,780.9843540559574
6,2025,100022006505W602,OVINTIV CANADA ULC,3278.2,442.6403978587183,135.02544013748957
6,2025,100022206208W600,TOURMALINE OIL CORP.,2443.94,766.437981037127,313.60752761406866
6,2025,100022307809W600,TOURMALINE OIL CORP.,3359.96,133.46361647635638,39.72178730590733
6,2025,100022507911W600,LOGAN ENERGY CORP.,3114.96,167.17283318382798,53.667730302741596
6,2025,100022606608W600,TOURMALINE OIL CORP.,2929.83,162.78298358031827,55.560555929974875
6,2025,100023006203W600,ARC RESOURCES LTD.,3433.66,359.2211344756473,104.61756099195824
6,2025,100023106707W600,NUVISTA ENERGY LTD.,3298.75,585.3063542300215,177.43277127094248
6,2025,100030107608W600,TOURMALINE OIL CORP.,3069.81,7.381431941708142,2.404524039503468
6,2025,100030307208W600,CANADIAN NATURAL RESOURCES LIMITED,3729.31,376.8838492722237,101.05994118810818
6,2025,100030707308W600,CANADIAN NATURAL RESOURCES LIMITED,4094.79,347.0563519149591,84.75559232951119
6,2025,100031106905W600,VEREN INC.,3634.01,199.24858737495057,54.828849500950895
6,2025,100031207610W600,ADVANTAGE ENERGY LTD.,3103.6,125.86244139062367,40.55369293421307
6,2025,100031306409W600,TOURMALINE OIL CORP.,3087.54,1308.9763167004216,423.95444810445264
6,2025,100031705802W600,TOURMALINE OIL CORP.,2685.52,1091.477438677368,406.4305753363847
6,2025,100031707307W600,TAMARACK VALLEY ENERGY LTD.,3971.29,110.72226245015054,27.880679187405235
6,2025,100031806308W600,TOURMALINE OIL CORP.,3239.74,1033.1907222669936,318.9116170640217
6,2025,100031806402W602,WHITECAP PARTNERSHIP,3068.46,92.41748539695485,30.118523753594587
6,2025,100032006505W600,OVINTIV CANADA ULC,3243.88,435.7307828942797,134.32395245640396
6,2025,100032307809W600,TOURMALINE OIL CORP.,3410.21,137.35752270712138,40.27831796491165
6,2025,100032507710W600,ADVANTAGE ENERGY LTD.,2975.8900000000003,61.130976018580654,20.542081870828778
6,2025,100032507907W602,TOURMALINE OIL CORP.,2986.73,5.532563425565591,1.8523815093984362
6,2025,100032606608W600,TOURMALINE OIL CORP.,2832.19,135.06475654900646,47.689158054017014
6,2025,100033006203W600,ARC RESOURCES LTD.,3403.06,332.0014811383914,97.55969073081033
6,2025,100033106707W600,NUVISTA ENERGY LTD.,3191.29,836.388713005454,262.08483497440034
6,2025,100033107109W600,NUVISTA ENERGY LTD.,2848.81,691.2483581316991,242.64459831708646
6,2025,100040307208W600,CANADIAN NATURAL RESOURCES LIMITED,3562.83,308.10157364361294,86.4766417829683
6,2025,100040307413W600,ASTARA ENERGY CORP.,1539.9299999999998,4.212678086224271,2.7356295975948717
6,2025,100040506707W600,OVINTIV CANADA ULC,3145.2,784.9114119840517,249.55850565434687
6,2025,100040507910W600,LOGAN ENERGY CORP.,3332.16,532.9062474410151,159.92816894777417
6,2025,100040606705W600,CANADIAN NATURAL RESOURCES LIMITED,3205.49,992.4946877786667,309.6233922984214
6,2025,100040707307W600,KELT EXPLORATION LTD.,3405.24,347.9022764414796,102.1667419745685
6,2025,100040906408W600,TOURMALINE OIL CORP.,1503.1,201.15143931938312,133.82438914202856
6,2025,100040906605W600,CANADIAN NATURAL RESOURCES LIMITED,3272.6,333.8999629565075,102.02895647390685
6,2025,100041207610W600,ADVANTAGE ENERGY LTD.,2980.6400000000003,53.219596174073125,17.8550902403756
6,2025,100041508013W600,STORM DEVELOPMENT CORP.,4005.0699999999997,1270.8895774438613,317.32019101884896
6,2025,100041607712W600,BIRCHCLIFF ENERGY LTD.,2572.22,1007.4227671734083,391.6549778686925
6,2025,100041706904W600,WHITECAP PARTNERSHIP,3501.59,409.26418477655915,116.87952752222823
6,2025,100041806402W602,WHITECAP PARTNERSHIP,3132.1,131.52625702506668,41.992994165277835
6,2025,100041808112W600,STORM DEVELOPMENT CORP.,3103.44,305.68928040798284,98.50014190961734
6,2025,100041907806W600,TOURMALINE OIL CORP.,4906.64,249.58917731384085,50.86763596144018
6,2025,100042106812W600,CENOVUS ENERGY INC.,3428.1,97.7919079685149,28.52656222645632
6,2025,100042205801W600,TOURMALINE OIL CORP.,2343.19,1182.9530464158317,504.84725797559383
6,2025,100042307809W600,TOURMALINE OIL CORP.,3683.1099999999997,78.05377071113487,21.192353937605688
6,2025,100042506004W600,TOURMALINE OIL CORP.,3113.41,663.5004637145636,213.1105327324585
6,2025,100042507710W600,ADVANTAGE ENERGY LTD.,2985.38,91.4113338995269,30.619664464666773
6,2025,100042606608W600,TOURMALINE OIL CORP.,2962.3900000000003,138.0074841731957,46.58653457957787
6,2025,100042707107W600,STRATHCONA RESOURCES LTD.,3099.58,494.8115595018716,159.63826050686598
6,2025,100042906705W600,CANADIAN NATURAL RESOURCES LIMITED,3063.74,463.6555272533678,151.33644736608454
6,2025,100043006203W600,ARC RESOURCES LTD.,3138.32,214.73265402892048,68.42280392978424
6,2025,100043006503W600,CANADIAN NATURAL RESOURCES LIMITED,3583.05,100.04474931224456,27.92167268451307
6,2025,100043007308W600,ARCHER EXPLORATION CORP.,4475.63,217.39773021263164,48.57366006855607
6,2025,100043106408W600,CANADIAN NATURAL RESOURCES LIMITED,3531.94,3160.1297740013238,894.7291782989869
6,2025,100043307811W600,BIRCHCLIFF ENERGY LTD.,3018.95,865.5982745015742,286.72163318424424
6,2025,100043406504W600,VEREN INC.,3139.41,218.33441319267098,69.54632022981102
6,2025,100043407712W600,BIRCHCLIFF ENERGY LTD.,3717.33,646.25413950073,173.84900977334004
6,2025,100043506404W600,CANADIAN NATURAL RESOURCES LIMITED,3453.99,63.21681257285162,18.302546496327906
6,2025,100050106306W600,CENOVUS ENERGY INC.,2910.48,1209.6247436316562,415.610051823636
6,2025,100050507910W600,LOGAN ENERGY CORP.,3390.6,491.35863199852054,144.91790007624624
6,2025,100050606705W600,CANADIAN NATURAL RESOURCES LIMITED,2866.42,1449.1735309969204,505.5691528097489
6,2025,100050707307W600,KELT EXPLORATION LTD.,3409.47,280.9182830555183,82.39353420194878
6,2025,100050707611W600,INSIGNIA ENERGY LTD.,3301.1,826.5458527663803,250.38497857271224
6,2025,100050906605W600,CANADIAN NATURAL RESOURCES LIMITED,3195.29,398.5520074668903,124.73109090783319
6,2025,100051006908W600,NUVISTA ENERGY LTD.,3605.34,929.4444512281635,257.79661591643605
6,2025,100051306127W500,LOGAN ENERGY CORP.,3343.47,666.3159217166882,199.28873945831373
6,2025,100051506005W600,TOURMALINE OIL CORP.,3298.81,1105.6568329788904,335.1683888974783
6,2025,100051607712W600,BIRCHCLIFF ENERGY LTD.,2572.57,868.0061811198452,337.40818757889787
6,2025,100051705802W600,TOURMALINE OIL CORP.,2971.74,1153.7697139231313,388.24719320099723
6,2025,100051807611W600,ADVANTAGE ENERGY LTD.,4505.33,247.5786306150329,54.9523854223848
6,2025,100051808112W600,STORM DEVELOPMENT CORP.,3066.62,361.0640909529807,117.7400822250493
6,2025,100051906908W600,SINOPEC CANADA ENERGY LTD.,3759.62,95.92331616529894,25.514098809267676
6,2025,100052007208W600,CANADIAN NATURAL RESOURCES LIMITED,3092.35,141.42962289981935,45.73532197190465
6,2025,100052106812W600,CENOVUS ENERGY INC.,3162.06,47.984646596178194,15.175122102736253
6,2025,100052206506W600,NUVISTA ENERGY LTD.,3167.59,734.8145761473622,231.97906804458978
6,2025,100052306905W600,VEREN INC.,4617.49,326.8757187542366,70.79078000260674
6,2025,100052407608W600,TOURMALINE OIL CORP.,2622.0699999999997,8.853529605203073,3.3765420470098335
6,2025,100052506107W600,TOURMALINE OIL CORP.,2681.41,672.5522733717124,250.8203793421045
6,2025,100052806910W600,CANADIAN NATURAL RESOURCES LIMITED,3203.84,31.356233506924735,9.787078476741888
6,2025,100052906705W600,CANADIAN NATURAL RESOURCES LIMITED,2963.31,623.7221557526882,210.4815749120707
6,2025,100053006503W600,CANADIAN NATURAL RESOURCES LIMITED,3371.0,97.9156567529622,29.0464718934922
6,2025,100053007308W600,ARCHER EXPLORATION CORP.,4678.6,449.3340213913475,96.04027302854433
6,2025,100053307811W600,BIRCHCLIFF ENERGY LTD.,3045.04,701.4505911733678,230.35841603833376
6,2025,100053406504W600,VEREN INC.,3017.12,387.89287359607744,128.56395290743404
6,2025,100053507007W600,CANADIAN NATURAL RESOURCES LIMITED,3674.94,571.4393332593893,155.49623483904207
6,2025,100060706105W600,TOURMALINE OIL CORP.,3287.34,918.9178228854735,279.53233401031633
6,2025,100060906926W500,LOGAN ENERGY CORP.,2822.96,11.216844444003687,3.9734337163841102
6,2025,100061006908W600,NUVISTA ENERGY LTD.,3535.02,682.1121308269506,192.9584926894192
6,2025,100061106905W600,VEREN INC.,3418.87,306.8666254197161,89.75673992275696
6,2025,100061406204W600,ARC RESOURCES LTD.,2286.89,937.7643966556511,410.06099841078986
6,2025,100061506308W600,TOURMALINE OIL CORP.,3122.48,266.82708285037427,85.45357627602876
6,2025,100063007806W600,TOURMALINE OIL CORP.,2739.33,373.4075704524043,136.31346732682968
6,2025,100063507007W600,CANADIAN NATURAL RESOURCES LIMITED,4096.04,480.157404571957,117.22478407729344
6,2025,100070107005W600,WHITECAP PARTNERSHIP,3568.49,335.3071436304,93.96331323063816
6,2025,100070406004W600,TOURMALINE OIL CORP.,2994.14,1063.7994992633805,355.2938403893541
6,2025,100070905727W500,TOURMALINE OIL CORP.,2272.22,1100.6996915063792,484.41598591086216
6,2025,100070906908W600,NUVISTA ENERGY LTD.,4167.26,892.0979454054366,214.07302289884396
6,2025,100071406204W600,ARC RESOURCES LTD.,2252.54,958.0849563137131,425.3353797551711
6,2025,100071506308W600,TOURMALINE OIL CORP.,2759.05,1546.9024102002227,560.6648702271516
6,2025,100071807008W600,OVINTIV CANADA ULC,2982.0,896.0637938099958,300.4908765291736
6,2025,100073007806W600,TOURMALINE OIL CORP.,3041.25,103.65680713216344,34.08361927896866
6,2025,100073507007W600,CANADIAN NATURAL RESOURCES LIMITED,4495.8,342.35089673618927,76.14904949868527
6,2025,100080206807W600,NUVISTA ENERGY LTD.,3470.21,656.2545798983571,189.11091256677753
6,2025,100080405827W500,TOURMALINE OIL CORP.,2926.62,1797.0910369163369,614.0500088553816
6,2025,100080707308W600,CANADIAN NATURAL RESOURCES LIMITED,4648.73,200.15603998179787,43.05606907301519
6,2025,100080707709W600,ADVANTAGE ENERGY LTD.,4193.21,123.8352222476424,29.532320644003615
6,2025,100081107712W600,BIRCHCLIFF ENERGY LTD.,2907.74,633.8052575018667,217.97177791063393
6,2025,100081206605W600,CANADIAN NATURAL RESOURCES LIMITED,3216.94,361.6735998913033,112.42783511389807
6,2025,100081406205W600,WHITECAP RESOURCES INC.,2971.08,919.8825488836302,309.6121776874504
6,2025,100082106506W600,NUVISTA ENERGY LTD.,2708.58,826.0876573903842,304.9892037120499
6,2025,100082206306W600,ARC RESOURCES LTD.,3181.83,418.45115501970633,131.51273167319005
6,2025,100082306504W600,ARC RESOURCES LTD.,3425.38,198.2760281315097,57.88438892371348
6,2025,100082507607W600,TOURMALINE OIL CORP.,4395.21,339.44039260944277,77.22961874619024
6,2025,100082607712W600,BIRCHCLIFF ENERGY LTD.,2236.46,514.7797055773591,230.17612905098196
6,2025,100083006203W600,ARC RESOURCES LTD.,3493.63,361.05450965716994,103.3465220006612
6,2025,100090207608W600,TOURMALINE OIL CORP.,1668.21,49.550767939647315,29.70295582669287
6,2025,100090405827W500,TOURMALINE OIL CORP.,2981.74,890.4952716658152,298.64953740628465
6,2025,100090506903W600,WHITECAP PARTNERSHIP,3005.59,195.7178963597309,65.11796231679334
6,2025,100090808011W600,KELT EXPLORATION LTD.,3277.08,583.189118730443,177.95998838308589
6,2025,100091006708W600,WHITECAP RESOURCES INC.,3220.56,138.78525122022245,43.09351517134363
6,2025,100091406205W600,WHITECAP RESOURCES INC.,2979.91,987.2551042177721,331.30366494886493
6,2025,100091507008W600,ARCHER EXPLORATION CORP.,4833.719999999999,223.8600503803011,46.31216751907457
6,2025,100091507911W600,LOGAN ENERGY CORP.,3375.17,448.8411123704602,132.9832608047773
6,2025,100091707712W600,KELT EXPLORATION LTD.,3306.35,1442.987361584843,436.42910205660115
6,2025,100091806504W600,ARC RESOURCES LTD.,3639.14,263.29543535467775,72.3510047304247
6,2025,100091807008W600,OVINTIV CANADA ULC,2873.95,905.7145828747011,315.14625615431765
6,2025,100091807207W600,TAMARACK VALLEY ENERGY LTD.,4524.0,224.56052391017639,49.63760475468089
6,2025,100092206306W600,ARC RESOURCES LTD.,3145.96,505.8594284768136,160.79652267568997
6,2025,100092208009W600,ADVANTAGE ENERGY LTD.,3825.26,516.0721415761204,134.91165086193368
6,2025,100092306504W600,ARC RESOURCES LTD.,3302.73,239.5644868379183,72.53529257248347
6,2025,100092307811W600,BIRCHCLIFF ENERGY LTD.,2223.87,1029.7322620188154,463.0361765835302
6,2025,100092407607W600,TOURMALINE OIL CORP.,3889.17,401.34090664474104,103.19448793566264
6,2025,100093006203W600,ARC RESOURCES LTD.,2956.55,294.52279960839576,99.61705352806337
6,2025,100093006408W600,CANADIAN NATURAL RESOURCES LIMITED,2919.29,2733.2517538787615,936.2727765582596
6,2025,100093106203W600,ARC RESOURCES LTD.,3746.11,497.07981997052906,132.69226476812722
6,2025,100093207109W600,NUVISTA ENERGY LTD.,2130.46,672.6023484228817,315.7075694558366
6,2025,100093305904W602,TOURMALINE OIL CORP.,1872.1100000000001,670.2963729395614,358.0432629170088
6,2025,100093306605W600,CANADIAN NATURAL RESOURCES LIMITED,3094.61,366.9198375879287,118.56739220384111
6,2025,100093407909W600,TOURMALINE OIL CORP.,3052.8199999999997,371.8880692866581,121.81788290389153
6,2025,100100306208W603,TOURMALINE OIL CORP.,1808.3000000000002,185.42277752003443,102.5398316208784
6,2025,100100406813W602,CENOVUS ENERGY INC.,2297.97,206.89688561520862,90.03463300878978
6,2025,100100508311W600,BONTERRA ENERGY CORP.,4746.25,349.8367746968603,73.70803786080806
6,2025,100100905727W502,TOURMALINE OIL CORP.,2376.28,1055.0285897821225,443.98328049814097
6,2025,100100906104W600,TOURMALINE OIL CORP.,2951.87,1103.0813114025807,373.6889874562839
6,2025,100101506308W600,TOURMALINE OIL CORP.,2815.67,265.7699080668215,94.38957976851744
6,2025,100101806504W600,ARC RESOURCES LTD.,3652.01,316.35707207621505,86.62546709242719
6,2025,100101807713W600,ADVANTAGE ENERGY LTD.,5218.27,2179.756670496983,417.7163447841877
6,2025,100102507110W600,NUVISTA ENERGY LTD.,3758.15,878.2808922941961,233.7003292295933
6,2025,100102507911W600,LOGAN ENERGY CORP.,3864.52,196.72697501723871,50.90592751939147
6,2025,100110107005W600,WHITECAP PARTNERSHIP,3521.74,506.64068337937204,143.86089926552557
6,2025,100110206807W600,NUVISTA ENERGY LTD.,4112.51,775.8794822788817,188.6632451419891
6,2025,100110207608W600,TOURMALINE OIL CORP.,2092.15,41.65451038129893,19.909906259732296
6,2025,100110507910W600,LOGAN ENERGY CORP.,3498.99,382.1345148138151,109.21280564214676
6,2025,100111307207W600,KELT EXPLORATION LTD.,4050.69,192.0405669927914,47.4093468008639
6,2025,100113607708W600,TOURMALINE OIL CORP.,2290.0699999999997,113.50995778188387,49.566152031109915
6,2025,100120107210W600,NUVISTA ENERGY LTD.,3234.76,807.5710611391829,249.6540890635419
6,2025,100120107610W600,WHITECAP RESOURCES INC.,3199.84,80.13738097464086,25.044183763763456
6,2025,100120606705W600,CANADIAN NATURAL RESOURCES LIMITED,2862.71,1284.2895885761723,448.6272058909817
6,2025,100120707409W600,TAMARACK VALLEY ENERGY LTD.,4928.29,207.14425125576162,42.031668439917624
6,2025,100121106905W600,VEREN INC.,3961.43,196.42799241302365,49.585122648393046
6,2025,100121107908W600,TOURMALINE OIL CORP.,2620.0699999999997,267.0352163003355,101.91911525277398
6,2025,100121207809W600,KELT EXPLORATION LTD.,2125.65,80.69321156896343,37.96166422927737
6,2025,100121606505W600,ARC RESOURCES LTD.,1925.9699999999998,151.15750758916377,78.48383286819825
6,2025,100121607712W600,BIRCHCLIFF ENERGY LTD.,2876.92,988.1390323522029,343.47115399531543
6,2025,100122007208W600,CANADIAN NATURAL RESOURCES LIMITED,3694.1,186.73296612626606,50.5489743445673
6,2025,100122205801W600,TOURMALINE OIL CORP.,2541.78,694.4387812172953,273.2096330985747
6,2025,100122207107W600,CANADIAN NATURAL RESOURCES LIMITED,4953.719999999999,695.9281862301075,140.4859754346446
6,2025,100122807712W600,BIRCHCLIFF ENERGY LTD.,3063.92,861.1492385458016,281.06126744360216
6,2025,100123006503W600,CANADIAN NATURAL RESOURCES LIMITED,3437.2,98.57076342436007,28.67763395332249
6,2025,100123206203W600,ARC RESOURCES LTD.,4050.08,317.2954618791742,78.34301097241885
6,2025,100123206403W600,WHITECAP PARTNERSHIP,3418.48,177.46926306141935,51.91467057330139
6,2025,100123306127W500,LOGAN ENERGY CORP.,3454.57,532.3956023037002,154.11342143991877
6,2025,100123406504W600,VEREN INC.,3071.03,282.9883046998366,92.14768488091505
6,2025,100130106306W600,CENOVUS ENERGY INC.,2892.12,1673.7935051160432,578.742757947818
6,2025,100130106809W600,WHITECAP RESOURCES INC.,2465.51,163.60328102647745,66.35677041523961
6,2025,100130107210W600,NUVISTA ENERGY LTD.,3506.62,747.931304148112,213.29123319553074
6,2025,100130107610W600,WHITECAP RESOURCES INC.,3279.1,69.47686185624086,21.187783799286652
6,2025,100130307309W600,TAMARACK VALLEY ENERGY LTD.,4846.8,107.28401197480554,22.135019389041332
6,2025,100130307408W600,TAMARACK VALLEY ENERGY LTD.,3969.79,160.47784914017575,40.4247703632121
6,2025,100130307409W600,CANADIAN NATURAL RESOURCES LIMITED,4938.139999999999,138.8457568559017,28.117015081772024
6,2025,100130406903W600,WHITECAP PARTNERSHIP,2773.24,220.73256535918281,79.59374787583579
6,2025,100130508311W600,BONTERRA ENERGY CORP.,4285.39,346.67079133655056,80.89597244044312
6,2025,100130706308W600,TOURMALINE OIL CORP.,3183.98,1148.0696509768259,360.57690405618933
6,2025,100131006308W600,TOURMALINE OIL CORP.,2540.33,1006.5865970986472,396.2424555465814
6,2025,100131106904W600,WHITECAP PARTNERSHIP,3459.01,106.47707227323626,30.78252802774096
6,2025,100131505801W600,TOURMALINE OIL CORP.,2282.41,876.9932551888614,384.2400161184281
6,2025,100131606306W600,ORLEN UPSTREAM CANADA LTD.,3294.89,236.51486427492478,71.78232483479715
6,2025,100131606505W600,ARC RESOURCES LTD.,2078.38,177.44525210324304,85.3767126816285
6,2025,100131607712W600,BIRCHCLIFF ENERGY LTD.,3305.49,1073.4687170683073,324.75327926216914
6,2025,100131806504W600,ARC RESOURCES LTD.,3828.34,395.8870137383927,103.40957536122515
6,2025,100131907808W600,KELT EXPLORATION LTD.,3885.3599999999997,216.8019830494452,55.79971561179536
6,2025,100131907909W600,TOURMALINE OIL CORP.,3320.9300000000003,353.1585159555048,106.34325804985495
6,2025,100132006104W600,TOURMALINE OIL CORP.,3288.78,1301.4018983314754,395.709624338349
6,2025,100132006707W600,OVINTIV CANADA ULC,3184.69,744.2001397722668,233.6805591037956
6,2025,100132306504W600,CANADIAN NATURAL RESOURCES LIMITED,4060.37,52.9585924412043,13.042799656485569
6,2025,100132408010W600,ADVANTAGE ENERGY LTD.,3848.96,337.6357448243097,87.72129219953175
6,2025,100132707208W600,CANADIAN NATURAL RESOURCES LIMITED,4032.1,181.1223918231914,44.92011404062186
6,2025,100132807712W600,BIRCHCLIFF ENERGY LTD.,2613.11,885.0618358979405,338.70056595319005
6,2025,100132906403W600,WHITECAP PARTNERSHIP,2380.24,180.9748629551656,76.03219127279839
6,2025,100133006503W600,CANADIAN NATURAL RESOURCES LIMITED,3606.0699999999997,142.8167587113057,39.60454420222173
6,2025,100133007109W600,NUVISTA ENERGY LTD.,3077.17,822.7887892079693,267.38489885445694
6,2025,100133007611W600,CANLIN RESOURCES PARTNERSHIP,2629.58,5.245124551243012,1.9946624750884216
6,2025,100133107308W600,ARCHER EXPLORATION CORP.,3964.1099999999997,579.5384141519485,146.19635029097287
6,2025,100133306203W600,STRATHCONA RESOURCES LTD.,4113.85,518.5933416577648,126.06034290452125
6,2025,100133608013W600,KELT EXPLORATION LTD.,4042.24,260.6832954180449,64.48981144564522
6,2025,100140106809W600,WHITECAP RESOURCES INC.,2430.29,85.81724239363442,35.3115234781176
6,2025,100140107005W600,WHITECAP PARTNERSHIP,3418.38,468.3515165736258,137.00978725993767
6,2025,100140206905W600,VEREN INC.,3756.02,363.8757972428903,96.87802440958524
6,2025,100140306813W600,CENOVUS ENERGY INC.,928.9499999999998,57.23739136314839,61.61514760013822
6,2025,100140307409W600,CANADIAN NATURAL RESOURCES LIMITED,4968.969999999999,176.91535367357176,35.60402934080338
6,2025,100140405802W602,CANADIAN NATURAL RESOURCES LIMITED,3697.4,3271.294350953347,884.7553283262148
6,2025,100140508311W600,BONTERRA ENERGY CORP.,4330.110000000001,343.4418946483269,79.31481986562163
6,2025,100140907309W600,TAMARACK VALLEY ENERGY LTD.,4564.95,500.656718887404,109.6740860003733
6,2025,100141006127W500,LOGAN ENERGY CORP.,3188.07,166.9894033158366,52.3794657318806
6,2025,100141506005W600,TOURMALINE OIL CORP.,3173.24,1258.6028271313378,396.6302035557783
6,2025,100141606505W600,ARC RESOURCES LTD.,1976.9899999999998,153.34217496235698,77.56345503131377
6,2025,100141806504W600,ARC RESOURCES LTD.,3753.25,444.287143909965,118.37398092585492
6,2025,100141907108W600,ARCHER EXPLORATION CORP.,4897.13,214.50512711273979,43.80221213501373
6,2025,100141907808W600,KELT EXPLORATION LTD.,3710.87,250.0177960047484,67.37444211323717
6,2025,100142006707W600,OVINTIV CANADA ULC,3079.06,473.21269666864515,153.68739052459034
6,2025,100142406505W600,ARC RESOURCES LTD.,2868.66,344.06006138406883,119.93755320744488
6,2025,100142707908W600,TOURMALINE OIL CORP.,3387.23,130.59462854961595,38.554992884928375
6,2025,100143007109W600,NUVISTA ENERGY LTD.,2896.7,761.582341932456,262.9137784142148
6,2025,100143107408W602,ARCHER EXPLORATION CORP.,2105.0,0.8847114589591398,0.4202904793155059
6,2025,100143306203W600,STRATHCONA RESOURCES LTD.,4029.7,532.4242060172695,132.12502320700537
6,2025,100143306308W602,TOURMALINE OIL CORP.,2718.73,1801.7565920172856,662.7199435093906
6,2025,100143406308W600,CENOVUS ENERGY INC.,3429.3,1199.0146706128862,349.63831412034125
6,2025,100143407907W600,TOURMALINE OIL CORP.,3863.74,44.80571776734624,11.596462952306895
6,2025,100143606605W600,PARAMOUNT RESOURCES LTD.,3288.71,504.7055584643688,153.46611846723147
6,2025,100150907309W600,TAMARACK VALLEY ENERGY LTD.,4630.37,185.03530398067224,39.96123505911455
6,2025,100151006127W500,LOGAN ENERGY CORP.,3309.82,210.08908148789556,63.474473381602486
6,2025,100151006308W600,TOURMALINE OIL CORP.,2881.73,1404.3803546675504,487.33932556747175
6,2025,100151107708W600,TEINE ENERGY LTD.,1638.9,0.8426428090224272,0.5141514485462365
6,2025,100151508009W600,TOURMALINE OIL CORP.,2211.06,377.83874660892906,170.88579532393015
6,2025,100151606505W600,ARC RESOURCES LTD.,1844.96,183.28903448670968,99.34580396686631
6,2025,100151907808W600,KELT EXPLORATION LTD.,3657.69,110.51205112880861,30.213618739917436
6,2025,100152006707W600,OVINTIV CANADA ULC,3102.55,509.64643976877426,164.2669545273321
6,2025,100152006909W600,CANADIAN NATURAL RESOURCES LIMITED,4292.07,134.88236561670539,31.425947297389236
6,2025,100152307608W602,TOURMALINE OIL CORP.,3670.06,116.5165222323785,31.74785214202997
6,2025,100152406505W600,ARC RESOURCES LTD.,2719.78,393.6059809571613,144.71978651110064
6,2025,100152407911W600,LOGAN ENERGY CORP.,3334.06,162.53167658055915,48.748875719260944
6,2025,100152806605W600,OVINTIV CANADA ULC,3043.25,475.7846644252523,156.34097245551706
6,2025,100152906306W600,WHITECAP RESOURCES INC.,3463.57,489.70210675895055,141.38651933090728
6,2025,100153107209W600,OVINTIV CANADA ULC,3767.27,389.34293922652046,103.34882799122984
6,2025,100153306203W600,STRATHCONA RESOURCES LTD.,4163.6900000000005,596.8146860993317,143.33792527765792
6,2025,100160207712W600,BIRCHCLIFF ENERGY LTD.,2518.83,575.8365708500302,228.61271735290995
6,2025,100160306603W600,CANADIAN NATURAL RESOURCES LIMITED,1692.1,53.96889968139355,31.894627788779363
6,2025,100160405827W500,TOURMALINE OIL CORP.,2833.8,799.5452087217487,282.14595550912156
6,2025,100160406813W600,CENOVUS ENERGY INC.,1671.75,265.17159654649464,158.6191694610406
6,2025,100160407407W600,TAMARACK VALLEY ENERGY LTD.,4773.07,441.00592114324303,92.39460580784339
6,2025,100160805702W600,CANADIAN NATURAL RESOURCES LIMITED,3524.48,1410.3563952134994,400.16013574016574
6,2025,100160808011W600,KELT EXPLORATION LTD.,3510.4,609.2718301105892,173.56193884189528
6,2025,100161006708W600,WHITECAP RESOURCES INC.,3424.1400000000003,107.20675143973948,31.30910285202692
6,2025,100161508009W600,TOURMALINE OIL CORP.,2427.8900000000003,389.6764953017635,160.5000619063316
6,2025,100161606106W600,TOURMALINE OIL CORP.,2306.55,622.127974900059,269.7223016626819
6,2025,100161606604W600,OVINTIV CANADA ULC,3696.44,460.512746790142,124.58277336846857
6,2025,100161706106W600,TOURMALINE OIL CORP.,3578.33,1094.2649031345034,305.80323869919863
6,2025,100162107008W600,ARCHER EXPLORATION CORP.,4160.71,178.7824777739871,42.96922346762622
6,2025,100162206408W600,CENOVUS ENERGY INC.,2988.87,1098.1923109185204,367.4272587695418
6,2025,100162306504W600,ARC RESOURCES LTD.,3399.18,134.42696547244734,39.54688056309091
6,2025,100162307608W600,TOURMALINE OIL CORP.,3315.2799999999997,153.8683381708559,46.411868129043675
6,2025,100162407607W600,TOURMALINE OIL CORP.,3980.0299999999997,305.3413276524596,76.71834826683708
6,2025,100162507110W600,NUVISTA ENERGY LTD.,3601.09,798.1500994911154,221.64125292373012
6,2025,100162806605W600,OVINTIV CANADA ULC,3005.4,681.5062581635442,226.76058367057436
6,2025,100162807712W600,BIRCHCLIFF ENERGY LTD.,3241.92,902.3251376402372,278.3304762733927
6,2025,100163006203W600,ARC RESOURCES LTD.,2790.8,274.185979782228,98.24637372159523
6,2025,100163006408W600,CANADIAN NATURAL RESOURCES LIMITED,3106.84,2985.8368754115963,961.0526694041522
6,2025,100163106004W600,TOURMALINE OIL CORP.,3201.28,619.1713865544774,193.41369282114573
6,2025,100163305727W500,TOURMALINE OIL CORP.,2374.27,1345.958947665895,566.8938021648318
6,2025,100163306308W600,TOURMALINE OIL CORP.,2915.4,1791.2753222875515,614.4183721916552
6,2025,100163306605W600,CANADIAN NATURAL RESOURCES LIMITED,3226.12,471.77116515280125,146.23484717022345
6,2025,102011007209W600,TAMARACK VALLEY ENERGY LTD.,5047.05,286.5116242189677,56.76813667765679
6,2025,102011708012W600,STORM DEVELOPMENT CORP.,3856.98,1175.3677109766159,304.73782881337627
6,2025,102011806402W600,WHITECAP PARTNERSHIP,3173.71,43.38757055005592,13.670931039715638
6,2025,102011907008W600,OVINTIV CANADA ULC,2534.4,581.3598992916818,229.38758652607393
6,2025,102012006505W600,OVINTIV CANADA ULC,3245.53,424.77312816844733,130.87943361128916
6,2025,102012206306W600,ARC RESOURCES LTD.,3214.82,465.6425989528873,144.84251029696446
6,2025,102012606706W600,OVINTIV CANADA ULC,4260.139999999999,454.19694129137207,106.61549650747914
6,2025,102013106408W600,CANADIAN NATURAL RESOURCES LIMITED,3678.42,3184.18588465259,865.6395639031406
6,2025,102013607809W600,TOURMALINE OIL CORP.,2187.79,149.26284344743348,68.22539798035163
6,2025,102020107005W600,WHITECAP PARTNERSHIP,3858.26,395.4048403863054,102.48268400426757
6,2025,102021806504W600,ARC RESOURCES LTD.,2608.31,328.9451467210175,126.11428347129655
6,2025,102022006505W602,OVINTIV CANADA ULC,3261.2,411.3737436957592,126.14183236102025
6,2025,102022606706W600,OVINTIV CANADA ULC,3860.45,433.46440240449033,112.28338727466755
6,2025,102023106408W602,CANADIAN NATURAL RESOURCES LIMITED,3328.79,3320.8801293766537,997.6238000524677
6,2025,102030307108W600,OVINTIV CANADA ULC,4164.139999999999,866.6813072400861,208.12972360201294
6,2025,102030506707W600,OVINTIV CANADA ULC,3199.79,502.2907750812903,156.97616877397903
6,2025,102031806402W600,WHITECAP PARTNERSHIP,3124.86,93.30773784626237,29.859813830463562
6,2025,102031806904W600,WHITECAP PARTNERSHIP,3138.51,488.8927428741038,155.77224315809215
6,2025,102033107109W600,NUVISTA ENERGY LTD.,2948.77,559.6340224475528,189.78557922372812
6,2025,102033507712W600,BIRCHCLIFF ENERGY LTD.,3681.87,625.4123886835441,169.8627025624327
6,2025,102040107608W600,TOURMALINE OIL CORP.,2602.48,9.374357961387405,3.6020864565289283
6,2025,102040307208W600,CANADIAN NATURAL RESOURCES LIMITED,3679.9,352.60565374886886,95.81935752299488
6,2025,102040707307W600,KELT EXPLORATION LTD.,3284.42,405.23744319681725,123.38173656134636
6,2025,102041207210W600,NUVISTA ENERGY LTD.,3772.67,692.4471744810323,183.54300123812376
6,2025,102041707307W600,TAMARACK VALLEY ENERGY LTD.,4272.0,173.95719867893334,40.720318042821475
6,2025,102041907507W600,TAMARACK VALLEY ENERGY LTD.,3685.41,71.52385375942366,19.407298986930535
6,2025,102041907909W600,TOURMALINE OIL CORP.,3845.15,189.12537116439572,49.18543390099104
6,2025,102042106505W600,OVINTIV CANADA ULC,3682.11,485.92788427060646,131.96995317103682
6,2025,102042306905W600,VEREN INC.,4914.32,239.53181808232262,48.741599668381916
6,2025,102042506004W600,TOURMALINE OIL CORP.,2946.89,368.2041187660731,124.94667896191346
6,2025,102042906705W600,CANADIAN NATURAL RESOURCES LIMITED,3234.71,690.7983835404904,213.55805730358838
6,2025,102043307811W600,BIRCHCLIFF ENERGY LTD.,3179.01,355.37141599380647,111.7868191650251
6,2025,102043507712W600,BIRCHCLIFF ENERGY LTD.,4053.36,683.4176689591399,168.60522355752755
6,2025,102050606705W600,CANADIAN NATURAL RESOURCES LIMITED,2934.74,1167.9002782472087,397.9569836671081
6,2025,102050707307W600,KELT EXPLORATION LTD.,3359.13,220.70722687206884,65.70368722617727
6,2025,102051707308W600,ADVANTAGE ENERGY LTD.,3204.9,181.37185182616778,56.59204712351954
6,2025,102051907909W600,TOURMALINE OIL CORP.,3526.3900000000003,215.70389398894503,61.168473705104944
6,2025,102052007208W600,CANADIAN NATURAL RESOURCES LIMITED,3451.94,246.93345979686393,71.53469057888141
6,2025,102053006503W600,CANADIAN NATURAL RESOURCES LIMITED,3278.41,150.6251437486083,45.94457183470289
6,2025,102053007711W600,BIRCHCLIFF ENERGY LTD.,2730.16,287.89312009384946,105.44917517429363
6,2025,102053206403W600,WHITECAP PARTNERSHIP,3171.88,243.3598343519656,76.72416180686709
6,2025,102053307811W600,BIRCHCLIFF ENERGY LTD.,2965.28,559.0598373227011,188.53526052268288
6,2025,102053406504W600,VEREN INC.,3155.95,299.11547254611617,94.77826725585518
6,2025,102060206807W600,NUVISTA ENERGY LTD.,3765.4,1037.3965648160174,275.5076658033721
6,2025,102061106905W600,VEREN INC.,3482.89,129.17422205947528,37.08822904526853
6,2025,102061406204W600,ARC RESOURCES LTD.,2216.48,980.4377813738238,442.3400081994079
6,2025,102061407310W600,ARCHER EXPLORATION CORP.,2250.0,2.0618668237013824,0.9163852549783922
6,2025,102063407909W600,TOURMALINE OIL CORP.,3172.2200000000003,433.99529854224517,136.81122322608306
6,2025,102071406204W600,ARC RESOURCES LTD.,2205.98,849.3219534195626,385.00890915582306
6,2025,102071606105W600,TOURMALINE OIL CORP.,2419.07,1024.3501546213556,423.4479178450212
6,2025,102072107107W600,CANADIAN NATURAL RESOURCES LIMITED,4025.24,719.2526387897462,178.68565322558314
6,2025,102073107707W600,TOURMALINE OIL CORP.,3690.6400000000003,166.26699669916562,45.050992971182666
6,2025,102080707308W600,CANADIAN NATURAL RESOURCES LIMITED,4545.83,232.8514615935484,51.223090523303426
6,2025,102081007908W600,TOURMALINE OIL CORP.,2295.94,213.05770004912938,92.79759055076761
6,2025,102081406205W600,WHITECAP RESOURCES INC.,3092.15,876.5668957708044,283.48136273169297
6,2025,102082107107W600,CANADIAN NATURAL RESOURCES LIMITED,4390.91,706.6430763163012,160.93317246682378
6,2025,102082306504W600,ARC RESOURCES LTD.,3342.12,257.82066478826664,77.14285088155621
6,2025,102083207109W600,NUVISTA ENERGY LTD.,2085.83,607.9575764623312,291.47033864808316
6,2025,102091007207W600,KELT EXPLORATION LTD.,3280.24,133.9982230987195,40.85012776465122
6,2025,102091307207W600,KELT EXPLORATION LTD.,4483.95,254.41110872722584,56.73816807217428
6,2025,102091606604W600,OVINTIV CANADA ULC,3813.55,610.6927478230538,160.13760087662513
6,2025,102091707712W600,KELT EXPLORATION LTD.,3429.24,1421.4959378948304,414.52215006672924
6,2025,102091806504W600,ARC RESOURCES LTD.,3596.26,210.33403119069249,58.48688114616087
6,2025,102092306504W600,ARC RESOURCES LTD.,3370.61,196.4814398824258,58.29254641813375
6,2025,102092807612W600,ADVANTAGE ENERGY LTD.,3964.54,2286.875252576908,576.8324326597558
6,2025,102093006203W602,ARC RESOURCES LTD.,3201.9,244.56823199710968,76.38222055564187
6,2025,102101106904W600,WHITECAP PARTNERSHIP,2986.98,126.50173315206882,42.35104793204803
6,2025,102101506208W600,TOURMALINE OIL CORP.,3023.64,486.2898956400345,160.82929701949786
6,2025,102101807713W602,ADVANTAGE ENERGY LTD.,5225.43,1477.0748333388058,282.67048517324037
6,2025,102110106603W600,CANADIAN NATURAL RESOURCES LIMITED,3043.54,38.80355540975484,12.74948100230483
6,2025,102110206807W600,NUVISTA ENERGY LTD.,4026.68,994.4915221754668,246.97555360134575
6,2025,102120106306W600,CENOVUS ENERGY INC.,2775.68,1247.0786061423828,449.2876002069341
6,2025,102120107210W600,NUVISTA ENERGY LTD.,3213.36,895.4473586337377,278.663877882882
6,2025,102121707308W600,ADVANTAGE ENERGY LTD.,3305.05,291.2383775793893,88.11920472591618
6,2025,102121907909W600,TOURMALINE OIL CORP.,3317.94,337.4994546018864,101.71957738894807
6,2025,102122007208W600,CANADIAN NATURAL RESOURCES LIMITED,3466.1,242.93224635122706,70.08806622752577
6,2025,102122106812W600,CENOVUS ENERGY INC.,3224.8,161.87570412941935,50.19712978461279
6,2025,102122206506W600,NUVISTA ENERGY LTD.,3043.02,473.6763093521696,155.65993958375876
6,2025,102123206203W600,ARC RESOURCES LTD.,4241.76,554.1968102308989,130.65256172694797
6,2025,102123405727W500,TOURMALINE OIL CORP.,2960.98,1249.2152268626594,421.89249061549197
6,2025,102123406504W600,VEREN INC.,3089.75,234.30677962109252,75.83357217285946
6,2025,102130106809W600,WHITECAP RESOURCES INC.,2387.0,182.39531891843444,76.41194759884141
6,2025,102130107210W600,NUVISTA ENERGY LTD.,3419.8,685.3676358125764,200.4116134898463
6,2025,102130708304W600,SAND HILLS DIV CORP LTD.,1779.62,33.641661151036566,18.90384528777861
6,2025,102131407308W600,KELT EXPLORATION LTD.,3389.95,303.31217905748207,89.4739388656122
6,2025,102131606306W600,ORLEN UPSTREAM CANADA LTD.,2971.7,563.2947700710538,189.55304037118614
6,2025,102131606505W602,ARC RESOURCES LTD.,2156.26,127.94298432018681,59.335601606571934
6,2025,102131806504W600,ARC RESOURCES LTD.,3980.39,301.1614667412154,75.66129618987472
6,2025,102131807409W600,KELT EXPLORATION LTD.,3180.96,270.0947664710366,84.90982799879176
6,2025,102132006707W600,OVINTIV CANADA ULC,2916.58,561.5005281338667,192.52018738860815
6,2025,102132106812W600,CENOVUS ENERGY INC.,3487.96,101.12708942696283,28.993190697990467
6,2025,102132206506W600,NUVISTA ENERGY LTD.,3173.33,362.8017273860879,114.32839552964485
6,2025,102132406505W600,ARC RESOURCES LTD.,2974.04,268.64129544027526,90.32874320462241
6,2025,102132707008W600,ARCHER EXPLORATION CORP.,4821.5599999999995,374.6368622486538,77.700342264465
6,2025,102132707208W600,CANADIAN NATURAL RESOURCES LIMITED,4083.01,188.8548438543656,46.25382838992939
6,2025,102133006504W600,ARC RESOURCES LTD.,3488.4,292.85380714054196,83.95075310759717
6,2025,102133306203W600,STRATHCONA RESOURCES LTD.,3960.48,484.5635308346151,122.3496977221486
6,2025,102133606605W600,PARAMOUNT RESOURCES LTD.,3254.83,468.51458000387834,143.94440877215655
6,2025,102141306904W600,WHITECAP PARTNERSHIP,2707.3,146.92440534655117,54.26971718928496
6,2025,102141806504W600,ARC RESOURCES LTD.,3707.29,442.4062497888922,119.33413619891947
6,2025,102142406505W600,ARC RESOURCES LTD.,2829.98,241.90613244660648,85.4798028419305
6,2025,102142707208W600,CANADIAN NATURAL RESOURCES LIMITED,4138.8099999999995,148.2379993531011,35.816575139496884
6,2025,102143007109W600,NUVISTA ENERGY LTD.,2844.02,725.7273025028793,255.17658191675142
6,2025,102143306203W600,STRATHCONA RESOURCES LTD.,4042.4,562.1371236098298,139.06024233372003
6,2025,102143606605W600,PARAMOUNT RESOURCES LTD.,3303.87,482.7990469839865,146.13136926815721
6,2025,102151606505W602,ARC RESOURCES LTD.,1672.4499999999998,180.7265573251785,108.06096285400372
6,2025,102152307808W600,KELT EXPLORATION LTD.,3048.49,151.5206898226237,49.703522013398015
6,2025,102152406505W600,ARC RESOURCES LTD.,2754.85,403.30698524689893,146.39889113632282
6,2025,102152806605W600,OVINTIV CANADA ULC,3105.96,597.0578465239952,192.22972817550618
6,2025,102152906306W600,WHITECAP RESOURCES INC.,3413.12,617.4501009902108,180.9048908301527
6,2025,102152907711W600,INSIGNIA ENERGY LTD.,1700.33,328.51665995845167,193.20758909061868
6,2025,102153606605W600,PARAMOUNT RESOURCES LTD.,3239.38,427.08765425740955,131.84240634238944
6,2025,102160906203W600,STRATHCONA RESOURCES LTD.,3369.54,830.8063961040516,246.56374344986307
6,2025,102161006708W600,WHITECAP RESOURCES INC.,3290.46,117.17628762334009,35.61091386108328
6,2025,102161606604W600,OVINTIV CANADA ULC,3564.83,517.0423920735828,145.03984539896234
6,2025,102161807008W600,OVINTIV CANADA ULC,2602.9,749.4307192238452,287.9214411709421
6,2025,102162007707W600,TEINE ENERGY LTD.,1525.68,2.0183387164854074,1.3229109095520735
6,2025,102162206306W600,ARC RESOURCES LTD.,3276.1,398.8043369112971,121.73142972171091
6,2025,102162406505W600,ARC RESOURCES LTD.,2709.75,354.6368884607484,130.87439374877698
6,2025,102162506107W600,TOURMALINE OIL CORP.,2253.32,607.5337154372436,269.6171495558747
6,2025,102162807612W600,ADVANTAGE ENERGY LTD.,3633.45,1802.8432033120641,496.1794446908762
6,2025,102163306605W600,CANADIAN NATURAL RESOURCES LIMITED,3132.1,388.85869624857395,124.15270784731457
6,2025,102163407712W600,BIRCHCLIFF ENERGY LTD.,4152.639999999999,651.4585064399312,156.87815617051592
6,2025,103010307108W600,OVINTIV CANADA ULC,3228.72,780.5073635927743,241.7389440994494
6,2025,103012006505W600,OVINTIV CANADA ULC,3318.15,492.4373935569721,148.4072129219511
6,2025,103012007712W600,BIRCHCLIFF ENERGY LTD.,4197.8,1243.0143309494476,296.1108987920929
6,2025,103013306605W600,CANADIAN NATURAL RESOURCES LIMITED,3672.98,726.3089745611184,197.74378694169812
6,2025,103020406708W600,WHITECAP RESOURCES INC.,2181.4700000000003,47.75075413751398,21.889255473379865
6,2025,103021806904W600,WHITECAP PARTNERSHIP,3194.56,512.7397388583681,160.5040252361415
6,2025,103022606706W600,OVINTIV CANADA ULC,3955.16,429.751938871071,108.65601868725184
6,2025,103022806103W600,STRATHCONA RESOURCES LTD.,3157.48,791.8674327426581,250.7909575809374
6,2025,103032107711W600,INSIGNIA ENERGY LTD.,1698.1599999999999,259.18998202811184,152.62989472612233
6,2025,103032606706W600,OVINTIV CANADA ULC,4014.98,445.9031176755269,111.05986024227441
6,2025,103032806103W600,STRATHCONA RESOURCES LTD.,3093.5,852.52592389674,275.58620458921604
6,2025,103033107109W600,NUVISTA ENERGY LTD.,3096.9,709.1780794006883,228.9961185058246
6,2025,103033307008W600,NUVISTA ENERGY LTD.,4391.8,1108.586582152472,252.42191861024455
6,2025,103040307108W600,OVINTIV CANADA ULC,3827.81,1126.8385383958882,294.38204571174856
6,2025,103040307408W600,TAMARACK VALLEY ENERGY LTD.,2964.34,223.2723590914753,75.31941649455706
6,2025,103041207210W600,NUVISTA ENERGY LTD.,3636.07,668.9665352559484,183.98065363316667
6,2025,103041806904W600,WHITECAP PARTNERSHIP,3100.23,397.0827297716977,128.08170031633063
6,2025,103042007208W600,CANADIAN NATURAL RESOURCES LIMITED,3234.65,217.01451960780832,67.09057227452996
6,2025,103042107711W600,INSIGNIA ENERGY LTD.,1736.1399999999999,198.25963603506239,114.1956501405776
6,2025,103042507508W600,TAMARACK VALLEY ENERGY LTD.,5030.65,79.71358591372413,15.845583754330779
6,2025,103042606706W600,OVINTIV CANADA ULC,4003.4,425.9183816110796,106.38916461284897
6,2025,103050606705W600,CANADIAN NATURAL RESOURCES LIMITED,3048.15,1354.1266148050581,444.2453996046973
6,2025,103051707308W600,ADVANTAGE ENERGY LTD.,3227.19,519.1461214091872,160.86630207988597
6,2025,103053206403W600,WHITECAP PARTNERSHIP,3069.96,149.816258104,48.80071991296304
6,2025,103062407608W600,TOURMALINE OIL CORP.,3055.66,7.297797618637174,2.388288493692745
6,2025,103071007908W600,TOURMALINE OIL CORP.,2206.21,207.5402754007656,94.0709521762505
6,2025,103071707107W600,STRATHCONA RESOURCES LTD.,2600.36,509.73232511917416,196.02375252625563
6,2025,103080707308W600,CANADIAN NATURAL RESOURCES LIMITED,4836.66,401.2942205028474,82.96928469291771
6,2025,103081707107W600,STRATHCONA RESOURCES LTD.,2995.6,517.922370603286,172.89436860838765
6,2025,103082007712W600,BIRCHCLIFF ENERGY LTD.,4450.860000000001,1143.96035523731,257.0200714552491
6,2025,103082206306W600,ARC RESOURCES LTD.,3123.99,438.96651511970384,140.51469918908316
6,2025,103082306504W602,ARC RESOURCES LTD.,3198.42,261.69277810609896,81.81939148270051
6,2025,103082307811W600,BIRCHCLIFF ENERGY LTD.,2375.98,792.4014374419626,333.5050957676254
6,2025,103083207109W600,NUVISTA ENERGY LTD.,2074.58,611.8434268187356,294.9239975410616
6,2025,103091007207W600,KELT EXPLORATION LTD.,3477.08,214.13961139673734,61.586046739430024
6,2025,103091606604W600,OVINTIV CANADA ULC,3996.75,538.9271106410323,134.84133624595793
6,2025,103101507911W600,LOGAN ENERGY CORP.,3462.2,495.8040069428129,143.20490062469324
6,2025,103101807713W600,ADVANTAGE ENERGY LTD.,5019.46,2573.231976431762,512.6511569833732
6,2025,103120107210W600,NUVISTA ENERGY LTD.,3198.07,731.5072315689978,228.73396503797534
6,2025,103120406903W600,WHITECAP PARTNERSHIP,2906.7,233.234630970765,80.24035193544744
6,2025,103130107210W600,NUVISTA ENERGY LTD.,3299.21,807.7619944316043,244.8349739578882
6,2025,103131006004W600,TOURMALINE OIL CORP.,3163.1,734.1900603601795,232.11092294273956
6,2025,103131407308W600,KELT EXPLORATION LTD.,3446.79,306.23415270442894,88.84618810673958
6,2025,103131606306W600,ORLEN UPSTREAM CANADA LTD.,2493.81,515.8771679782366,206.86306012817198
6,2025,103131607107W600,STRATHCONA RESOURCES LTD.,3930.94,518.8898506055742,132.00146799635053
6,2025,103132707712W600,BIRCHCLIFF ENERGY LTD.,3410.51,756.3986877428903,221.78462685724134
6,2025,103132907711W600,INSIGNIA ENERGY LTD.,1705.5900000000001,212.81045809139664,124.77234158936005
6,2025,103133006504W600,ARC RESOURCES LTD.,3479.45,254.29878823537206,73.08591537035224
6,2025,103141106904W600,WHITECAP PARTNERSHIP,3228.16,132.07433682931858,40.91319415063646
6,2025,103143006504W600,ARC RESOURCES LTD.,3401.8,311.4569896114581,91.5565258426298
6,2025,103151006004W600,TOURMALINE OIL CORP.,2119.92,625.1793620046218,294.9070540419553
6,2025,103152406505W600,ARC RESOURCES LTD.,2803.76,399.82308756535053,142.6024651059115
6,2025,103152806605W600,OVINTIV CANADA ULC,3128.08,427.0864009381641,136.53308129528787
6,2025,103152906306W600,WHITECAP RESOURCES INC.,3457.14,618.7007486867612,178.9631743830916
6,2025,103153006504W600,ARC RESOURCES LTD.,3140.66,305.03844491664523,97.12558663358824
6,2025,103153107513W600,ADVANTAGE ENERGY LTD.,2600.28,1623.2122531454588,624.2451786520909
6,2025,103153606605W600,PARAMOUNT RESOURCES LTD.,3283.46,476.3280772644191,145.0689447303817
6,2025,103160807508W600,ARCHER EXPLORATION CORP.,4713.45,161.38203652056774,34.238622775370004
6,2025,103160906203W600,STRATHCONA RESOURCES LTD.,3443.88,661.4520288451441,192.06593401777766
6,2025,103162206306W600,ARC RESOURCES LTD.,3283.04,434.95605019911034,132.48576020977822
6,2025,103162406505W600,ARC RESOURCES LTD.,2731.35,372.84100418928176,136.5042942827839
6,2025,103162807612W600,ADVANTAGE ENERGY LTD.,3608.89,1275.7691038238881,353.50733988120675
6,2025,104010307108W600,OVINTIV CANADA ULC,3115.39,874.3058253967656,280.6408909949527
6,2025,104011806904W600,WHITECAP PARTNERSHIP,3325.09,421.576562169444,126.7865116942531
6,2025,104020307108W600,OVINTIV CANADA ULC,3080.39,622.5309582650839,202.09485106271734
6,2025,104020406708W602,WHITECAP RESOURCES INC.,2337.63,39.79755300871029,17.024744296022163
6,2025,104032606706W600,OVINTIV CANADA ULC,4230.08,432.08273337366023,102.14528646589669
6,2025,104033007711W600,BIRCHCLIFF ENERGY LTD.,2919.48,285.85599807972477,97.91332637309547
6,2025,104033307008W600,NUVISTA ENERGY LTD.,4519.5,1054.442522861003,233.30955257462173
6,2025,104040307108W600,OVINTIV CANADA ULC,3976.77,990.0342571893851,248.95436678243527
6,2025,104041007209W600,TAMARACK VALLEY ENERGY LTD.,4965.24,172.25848935212784,34.69288279159272
6,2025,104042107711W600,INSIGNIA ENERGY LTD.,1551.27,204.54485064961722,131.85638260884127
6,2025,104042407708W600,TOURMALINE OIL CORP.,3202.23,131.9679201307527,41.21125594687224
6,2025,104042606706W600,OVINTIV CANADA ULC,4028.43,407.8616793132731,101.24581519680697
6,2025,104043007711W600,BIRCHCLIFF ENERGY LTD.,3255.41,415.9846557267097,127.78256985347767
6,2025,104053107610W600,ADVANTAGE ENERGY LTD.,3068.9700000000003,147.58758438335238,48.09026624025402
6,2025,104072507911W600,LOGAN ENERGY CORP.,3344.6800000000003,172.97171045801292,51.71547366504805
6,2025,104082307811W600,BIRCHCLIFF ENERGY LTD.,2294.18,583.6993103640837,254.42611755140558
6,2025,104083207109W600,NUVISTA ENERGY LTD.,2068.94,656.2241044514409,317.1788956912433
6,2025,104132907711W600,INSIGNIA ENERGY LTD.,1768.6,257.78844953634535,145.7584810224728
6,2025,104141106904W600,WHITECAP PARTNERSHIP,3443.81,123.57525745046391,35.883297118733005
6,2025,104142806605W600,OVINTIV CANADA ULC,3225.13,647.8731063905426,200.88278810173313
6,2025,104143006504W600,ARC RESOURCES LTD.,3411.4,327.13787686009465,95.89549066661624
6,2025,104153006504W600,ARC RESOURCES LTD.,3496.39,376.3464886457291,107.63858970130023
6,2025,104153107209W600,OVINTIV CANADA ULC,3802.29,377.15248011234286,99.19087710625514
6,2025,104160906203W600,STRATHCONA RESOURCES LTD.,3482.79,882.9672013723872,253.5229518209215
6,2025,104163006504W602,ARC RESOURCES LTD.,3746.29,355.63334322506665,94.92947508737089
6,2025,105020307108W600,OVINTIV CANADA ULC,4426.0599999999995,799.8667758089464,180.71756275535049
6,2025,105083207109W600,NUVISTA ENERGY LTD.,2093.79,651.2719597648688,311.0493219305034
6,2025,105100707208W600,OVINTIV CANADA ULC,2643.22,277.2291378564817,104.88311145363676
6,2025,105123107209W600,OVINTIV CANADA ULC,3896.38,436.1466457636559,111.93637318835839
6,2025,105143107209W600,OVINTIV CANADA ULC,3834.77,306.8226108267404,80.01069446844019
6,2025,105153006504W600,ARC RESOURCES LTD.,3392.66,331.5183760423914,97.71635708924309
6,2025,105163006504W600,ARC RESOURCES LTD.,3688.28,260.69909383695483,70.68310807122963
6,2025,106100707208W600,OVINTIV CANADA ULC,2502.93,267.3772570170495,106.82570308280675
6,2025,106123107209W600,OVINTIV CANADA ULC,3821.1,250.72475051440617,65.61585682510433
6,2025,106161406205W600,WHITECAP RESOURCES INC.,2949.53,1011.5166767700819,342.94164723535
6,2025,107100707208W600,OVINTIV CANADA ULC,2569.83,363.8397808056259,141.58126444380596
6,2025,107150707208W600,OVINTIV CANADA ULC,2523.03,311.0760465250065,123.29462849233124
6,2025,108091707107W600,STRATHCONA RESOURCES LTD.,3692.64,416.54060175833126,112.80292737941724
6,2025,108133107209W600,OVINTIV CANADA ULC,4093.16,285.8309976589862,69.8313766525096
6,2025,108150707208W600,OVINTIV CANADA ULC,2515.85,379.71887389651613,150.9306492424096
6,2025,111133107209W600,OVINTIV CANADA ULC,3925.53,345.9829994185143,88.13663363125852
6,2025,112133107209W600,OVINTIV CANADA ULC,4009.09,362.8692746970016,90.5116309928192
6,2025,1S0021707008W600,OVINTIV CANADA ULC,4150.08,825.3794578070023,198.88278245407372
6,2025,1S0031707008W600,OVINTIV CANADA ULC,4047.35,987.8247872879657,244.0670530811434
6,2025,1S0041707008W600,OVINTIV CANADA ULC,3867.49,1074.2854771858065,277.77330443926337
6,2025,1S2031707008W600,OVINTIV CANADA ULC,3894.85,922.5688902669076,236.86891414737605
6,2026,100012405702W600,TOURMALINE OIL CORP.,2993.55,1388.563004040542,463.85161565383635
6,2026,100013306804W600,WHITECAP PARTNERSHIP,3435.62,504.23948036996006,146.76811765269736
6,2026,100031407511W600,CANADIAN NATURAL RESOURCES LIMITED,3295.37,721.6984170875859,219.00375893680706
6,2026,100040906909W600,SINOPEC CANADA ENERGY LTD.,1677.3600000000001,992.2104481666286,591.5310059657012
6,2026,100041407511W600,CANADIAN NATURAL RESOURCES LIMITED,3390.08,1051.7842492324069,310.25351886457156
6,2026,100042105701W600,TOURMALINE OIL CORP.,3797.19,1757.9623935817674,462.9640322400953
6,2026,100042207613W600,ADVANTAGE ENERGY LTD.,3713.15,1477.8913873182712,398.0155359514889
6,2026,100050107610W600,WHITECAP RESOURCES INC.,3206.6400000000003,103.56381414235823,32.29667631613097
6,2026,100051907208W600,TAMARACK VALLEY ENERGY LTD.,3995.73,129.68046408838833,32.45476147997696
6,2026,100052105701W600,TOURMALINE OIL CORP.,3445.71,1927.0850204630833,559.2708093435267
6,2026,100081407611W600,ADVANTAGE ENERGY LTD.,3344.95,115.79803223834962,34.61876328146897
6,2026,100082405702W602,TOURMALINE OIL CORP.,2797.99,1630.1177041216147,582.6031201403918
6,2026,100083306804W600,WHITECAP PARTNERSHIP,3315.45,356.6242157714298,107.56434745552785
6,2026,100091407611W600,ADVANTAGE ENERGY LTD.,3459.27,87.83962966110354,25.392533586884962
6,2026,100092507308W600,CANADIAN NATURAL RESOURCES LIMITED,5004.48,525.9301983110452,105.0918773401123
6,2026,100093306804W600,WHITECAP PARTNERSHIP,3380.0,234.15623289225192,69.2769919799562
6,2026,100121907208W600,TAMARACK VALLEY ENERGY LTD.,3909.05,154.26013236340646,39.46230730315715
6,2026,100122105701W600,TOURMALINE OIL CORP.,3617.39,1500.5729778057193,414.82200642057376
6,2026,100141507613W600,ADVANTAGE ENERGY LTD.,3470.27,1567.4186030978765,451.67050491687286
6,2026,100162405702W600,TOURMALINE OIL CORP.,2803.3,1597.2880948953857,569.7884974477886
6,2026,100162507308W600,CANADIAN NATURAL RESOURCES LIMITED,5288.92,675.7934558867503,127.77532197249161
6,2026,100163306804W600,WHITECAP PARTNERSHIP,3378.76,78.0279704748252,23.093670599517335
6,2026,102031407511W600,CANADIAN NATURAL RESOURCES LIMITED,3291.37,867.5106252866041,263.5712865118793
6,2026,102040107610W600,WHITECAP RESOURCES INC.,3280.48,129.50832233912752,39.478467278912696
6,2026,102042207613W600,ADVANTAGE ENERGY LTD.,3826.46,1623.5065110659393,424.28419768296004
6,2026,102070406708W600,WHITECAP RESOURCES INC.,2286.79,35.05086197766022,15.327538592376309
6,2026,102083306804W600,WHITECAP PARTNERSHIP,3343.51,475.6765821313733,142.26862851655096
6,2026,102150908111W602,TOURMALINE OIL CORP.,2363.35,157.22999599836436,66.52844309914502
12,2023,100010206505W600,ARC RESOURCES LTD.,3969.49,515.3540658484574,129.82878552369633
12,2023,100010207413W600,ASTARA ENERGY CORP.,946.31,19.612180094852057,20.724899974481996
12,2023,100010306208W600,TOURMALINE OIL CORP.,2610.28,1052.6724820976397,403.2795263717454
12,2023,100010405902W600,TOURMALINE OIL CORP.,3097.0,1711.385593840741,552.5946379853863
12,2023,100010606902W600,VEREN INC.,2422.32,529.1339754449632,218.44098857498727
12,2023,100010906205W600,WHITECAP RESOURCES INC.,3505.59,1477.9811796241504,421.6069704740573
12,2023,100010908107W600,TOURMALINE OIL CORP.,2307.95,54.79510916636191,23.741896127022645
12,2023,100011206307W600,TOURMALINE OIL CORP.,3055.72,665.5874705642098,217.81690422035064
12,2023,100011406204W602,ARC RESOURCES LTD.,3950.39,1589.8037824464582,402.44223543661724
12,2023,100011406503W600,CANADIAN NATURAL RESOURCES LIMITED,3431.67,144.14503457944323,42.00434032976459
12,2023,100011705902W600,TOURMALINE OIL CORP.,2688.28,2228.5169238135936,828.9750040224952
12,2023,100011907606W600,TOURMALINE OIL CORP.,3284.9,323.7445067574673,98.55536142880067
12,2023,100012106505W600,PARAMOUNT RESOURCES LTD.,3661.64,1207.3284808038313,329.7234246959918
12,2023,100012107007W600,PIPESTONE ENERGY CORP.,4616.55,1388.5166360620412,300.76932689173543
12,2023,100012207808W600,KELT EXPLORATION LTD.,1995.4,427.46620870162405,214.2258237454265
12,2023,100012307809W600,TOURMALINE OIL CORP.,3571.5699999999997,217.82107944673876,60.98748714059609
12,2023,100012405701W600,TOURMALINE OIL CORP.,3243.9,2015.6827598483112,621.3763555745587
12,2023,100012406705W600,CANADIAN NATURAL RESOURCES LIMITED,3486.89,1978.3665904359507,567.3728137210954
12,2023,100012407210W602,CANADIAN NATURAL RESOURCES LIMITED,3821.2,415.9589450538216,108.85558072171611
12,2023,100012506204W600,ARC RESOURCES LTD.,3013.81,557.533298462317,184.99284907220994
12,2023,100012707807W600,TOURMALINE OIL CORP.,3375.7799999999997,7.606792560399851,2.2533436895768837
12,2023,100012808113W600,VERMILION ENERGY INC.,2941.0299999999997,612.0773545341117,208.1166647515026
12,2023,100012907104W600,CANAMAX ENERGY LTD.,1063.9,6.572785417219047,6.178010543490034
12,2023,100013006903W600,SPARTAN DELTA CORP.,3429.75,353.0556363012705,102.93917524637962
12,2023,100013007509W600,WHITECAP RESOURCES INC.,3297.0699999999997,378.4509106051269,114.7840084090198
12,2023,100013007711W600,BIRCHCLIFF ENERGY LTD.,3286.79,383.75851147165224,116.75784320618361
12,2023,100013206504W602,PARAMOUNT RESOURCES LTD.,3406.52,736.8066673790868,216.29306957806992
12,2023,100013306605W600,CANADIAN NATURAL RESOURCES LIMITED,3709.2,1058.222197913587,285.29661326258685
12,2023,100013307007W600,PIPESTONE ENERGY CORP.,3998.51,1151.621516490877,288.0126638399996
12,2023,100013406205W600,WHITECAP RESOURCES INC.,3110.35,1430.5111610364283,459.91967496790664
12,2023,100013506708W600,GRAN TIERRA CANADA LTD.,2950.95,178.14637048975368,60.369159250327414
12,2023,100020206505W600,ARC RESOURCES LTD.,3725.94,603.308860706281,161.92124959239308
12,2023,100020306808W600,NUVISTA ENERGY LTD.,3841.01,1232.3186458197956,320.8319285343687
12,2023,100020405902W600,TOURMALINE OIL CORP.,3136.28,1962.1628916410805,625.6338374255744
12,2023,100020407209W600,NUVISTA ENERGY LTD.,2764.54,980.4034865445517,354.6353051663393
12,2023,100020407412W600,OVINTIV CANADA ULC,2865.0,92.85467118454686,32.41000739425719
12,2023,100020707613W600,ADVANTAGE ENERGY LTD.,3669.9,2365.9631271028534,644.694167989006
12,2023,100020906904W600,SPARTAN DELTA CORP.,3306.97,788.2621865763608,238.36387586714147
12,2023,100021107808W600,KELT EXPLORATION LTD.,3836.02,624.5091495381075,162.801327818444
12,2023,100021307808W600,KELT EXPLORATION LTD.,1570.0,34.92863036914163,22.24753526696919
12,2023,100021406503W600,CANADIAN NATURAL RESOURCES LIMITED,3174.99,89.23836606814683,28.106660514882513
12,2023,100021907813W600,BIRCHCLIFF ENERGY LTD.,2843.91,854.63002342782,300.51233106104627
12,2023,100022007711W600,INSIGNIA ENERGY LTD.,1650.3600000000001,1276.3554181106483,773.3800007941591
12,2023,100022106505W600,PARAMOUNT RESOURCES LTD.,3546.16,1166.5887473269665,328.97239473880666
12,2023,100022407210W602,CANADIAN NATURAL RESOURCES LIMITED,3586.49,685.8998893337427,191.24544870716014
12,2023,100022707807W600,TOURMALINE OIL CORP.,3036.9300000000003,277.21264624512156,91.28055182211034
12,2023,100022807407W600,ARCHER EXPLORATION CORP.,4718.52,366.6201757233513,77.69812901574038
12,2023,100022807711W600,TAQA NORTH LTD.,3332.37,442.2710383081243,132.71966747633795
12,2023,100023106303W600,ARC RESOURCES LTD.,3055.74,681.1119004668382,222.89589443697378
12,2023,100023407007W600,PIPESTONE ENERGY CORP.,4675.92,1372.9462916845864,293.62056914673184
12,2023,100023407607W600,TOURMALINE OIL CORP.,3773.31,510.00179700247133,135.16032263515888
12,2023,100023506309W600,TOURMALINE OIL CORP.,2644.01,1162.0552857624016,439.5048754590192
12,2023,100023607209W600,CANADIAN NATURAL RESOURCES LIMITED,3428.41,547.9425805796142,159.82411105428295
12,2023,100030405902W600,TOURMALINE OIL CORP.,2997.37,2314.1178770836655,772.0494557174007
12,2023,100030407209W600,NUVISTA ENERGY LTD.,2885.78,1206.3021357402845,418.0159734076348
12,2023,100030507308W602,KELT EXPLORATION LTD.,3590.84,283.75723254797424,79.02252190238893
12,2023,100030607004W600,VEREN INC.,3286.31,558.4841475323669,169.9426248687333
12,2023,100030707610W600,ASTARA ENERGY CORP.,717.0,1.1359706915601038,1.5843384819527249
12,2023,100031006205W600,TOURMALINE OIL CORP.,3002.56,3336.9530615954213,1111.3693187131719
12,2023,100031108012W600,STORM DEVELOPMENT CORP.,2912.91,1446.9749838523373,496.74551697523697
12,2023,100031206204W600,STRATHCONA RESOURCES LTD.,3227.55,794.9390520819916,246.29798208609984
12,2023,100031406503W600,CANADIAN NATURAL RESOURCES LIMITED,3098.27,127.61364909889093,41.18867919803339
12,2023,100031406605W600,PARAMOUNT RESOURCES LTD.,3361.67,1882.4877534561062,559.9858860197777
12,2023,100031606506W600,NUVISTA ENERGY LTD.,1940.6999999999998,358.74160793591403,184.85165555516775
12,2023,100031707913W600,BIRCHCLIFF ENERGY LTD.,3313.37,1272.5262531545827,384.0579993042077
12,2023,100032006807W600,SINOPEC DAYLIGHT ENERGY LTD.,3283.6,1083.100532051069,329.8515446616729
12,2023,100032407210W600,CANADIAN NATURAL RESOURCES LIMITED,3207.5,876.1035145305344,273.142171326745
12,2023,100032606505W600,PARAMOUNT RESOURCES LTD.,3225.46,1557.4207779521596,482.85229950213596
12,2023,100032706608W600,CENOVUS ENERGY INC.,3042.55,59.362731357230714,19.510848254664907
12,2023,100032707807W600,TOURMALINE OIL CORP.,3045.63,171.93207418270376,56.452055628130715
12,2023,100032708113W600,VERMILION ENERGY INC.,3553.66,560.1351875099398,157.62205374457315
12,2023,100032808113W600,VERMILION ENERGY INC.,2524.46,426.54620527396605,168.96532536620347
12,2023,100033007509W600,WHITECAP RESOURCES INC.,3252.81,163.83418348850248,50.366969939376254
12,2023,100033408113W600,VERMILION ENERGY INC.,3466.1400000000003,640.807453180043,184.87639079207503
12,2023,100033607209W600,CANADIAN NATURAL RESOURCES LIMITED,3228.95,645.7881029182565,199.9994124772005
12,2023,100040307611W602,LONGSHORE RESOURCES LTD.,3323.2,79.71382503384332,23.987068197473317
12,2023,100040307812W600,KELT EXPLORATION LTD.,4084.18,1020.243617150896,249.80378366058696
12,2023,100040607004W600,VEREN INC.,3279.64,956.2264101144585,291.564443083527
12,2023,100040707302W600,OVINTIV CANADA ULC,3251.69,38.98723207473015,11.989836692529163
12,2023,100040707807W600,KELT EXPLORATION LTD.,1576.0,7.758648052508757,4.92300003331774
12,2023,100040807906W600,TOURMALINE OIL CORP.,2005.3,28.911912391737786,14.41774916059332
12,2023,100040906304W600,KADEN ENERGY LTD.,1943.3,167.13977831037036,86.00822225614695
12,2023,100040906606W600,CANADIAN NATURAL RESOURCES LIMITED,3598.75,1340.9820203540794,372.6243891223562
12,2023,100041006104W600,TOURMALINE OIL CORP.,3016.45,1865.7708784331944,618.5320089619236
12,2023,100041108012W600,STORM DEVELOPMENT CORP.,3190.5299999999997,1331.869029781485,417.4444464654729
12,2023,100041207913W600,BIRCHCLIFF ENERGY LTD.,2355.68,945.7070929902526,401.4582171560877
12,2023,100041307207W600,KELT EXPLORATION LTD.,4983.67,517.6869692142144,103.87665499806656
12,2023,100041406503W600,CANADIAN NATURAL RESOURCES LIMITED,3297.1099999999997,95.63748545196826,29.006458823626833
12,2023,100041506604W600,HAMMERHEAD RESOURCES ULC,2774.14,1243.6099939514509,448.2866740508593
12,2023,100041606506W600,NUVISTA ENERGY LTD.,1807.9499999999998,778.1302946557022,430.3937026221423
12,2023,100041606604W602,CANADIAN NATURAL RESOURCES LIMITED,3804.6400000000003,217.89278193175704,57.270275750598486
12,2023,100041705727W502,TOURMALINE OIL CORP.,2577.79,1392.2738494614782,540.1036738684991
12,2023,100041706208W600,TOURMALINE OIL CORP.,2766.67,521.1563664356449,188.36954404957763
12,2023,100042006308W600,TOURMALINE OIL CORP.,2558.1,1404.5025325380159,549.0412933575764
12,2023,100042007007W600,PIPESTONE ENERGY CORP.,3017.33,1029.3972814586768,341.1616500212694
12,2023,100042007208W600,CANADIAN NATURAL RESOURCES LIMITED,3237.35,451.6767340842299,139.5205134088776
12,2023,100042106604W600,CANADIAN NATURAL RESOURCES LIMITED,3780.79,140.2775984625157,37.10272151124916
12,2023,100042206804W600,HAMMERHEAD RESOURCES ULC,2183.52,201.33693170502576,92.20750517743174
12,2023,100042606505W600,PARAMOUNT RESOURCES LTD.,3026.13,1646.0388988445272,543.9418990078176
12,2023,100042706608W600,CENOVUS ENERGY INC.,3300.13,51.11551654597553,15.488940298102053
12,2023,100042807608W600,TOURMALINE OIL CORP.,2377.4,57.250081504837084,24.08096302887065
12,2023,100043006904W600,VEREN INC.,3061.33,1378.6251602290777,450.3353641159489
12,2023,100043107611W600,CANLIN RESOURCES PARTNERSHIP,2320.47,84.94389155712807,36.60633042320223
12,2023,100043407809W602,TOURMALINE OIL CORP.,2253.85,246.05398566560476,109.17052406575627
12,2023,100050106207W600,TAQA NORTH LTD.,1800.0,14.844865593259602,8.24714755181089
12,2023,100050106807W600,NUVISTA ENERGY LTD.,3955.54,1625.4346830161448,410.92611451689146
12,2023,100050206808W600,NUVISTA ENERGY LTD.,3368.89,1268.408493245235,376.50635468811237
12,2023,100050506508W600,CANADIAN NATURAL RESOURCES LIMITED,3245.8,6306.306127616008,1942.9127264822255
12,2023,100050906606W600,CANADIAN NATURAL RESOURCES LIMITED,3315.14,1350.3718932590393,407.33480132333455
12,2023,100051007908W600,TOURMALINE OIL CORP.,2391.98,197.01121349196353,82.3632361022933
12,2023,100051106306W600,CENOVUS ENERGY INC.,3232.41,1382.5193459545837,427.7054414367558
12,2023,100051106903W600,VEREN INC.,3659.44,461.18390720728337,126.02581466215688
12,2023,100051207913W600,BIRCHCLIFF ENERGY LTD.,2207.31,705.1603749123478,319.46594493403643
12,2023,100051506604W600,HAMMERHEAD RESOURCES ULC,2604.52,1501.0194153525963,576.3132613121021
12,2023,100052306307W600,CENOVUS ENERGY INC.,3380.9,432.652619454276,127.96965880513356
12,2023,100052806408W600,CENOVUS ENERGY INC.,2611.52,1671.5895762049722,640.0830076755959
12,2023,100052806706W600,PARAMOUNT RESOURCES LTD.,3218.36,739.2462993515794,229.69658439440565
12,2023,100052807608W600,TOURMALINE OIL CORP.,2276.3900000000003,86.64679870728662,38.06324869960183
12,2023,100060707107W600,PIPESTONE ENERGY CORP.,1889.7199999999998,751.951696676413,397.9169912348989
12,2023,100060807913W600,BIRCHCLIFF ENERGY LTD.,2651.64,1012.7429552547698,381.93078821211395
12,2023,100061007908W600,TOURMALINE OIL CORP.,2196.1099999999997,318.9977918428382,145.25583501866402
12,2023,100061206106W600,TOURMALINE OIL CORP.,2676.53,798.6261299297954,298.38116140293414
12,2023,100061707913W600,BIRCHCLIFF ENERGY LTD.,3498.26,1318.9731031947765,377.0368992569953
12,2023,100062306204W600,ARC RESOURCES LTD.,1530.85,570.9686874304801,372.97494034717977
12,2023,100062708113W600,VERMILION ENERGY INC.,3572.06,329.125703166982,92.13890672804546
12,2023,100062806408W600,CENOVUS ENERGY INC.,2209.32,2046.370989835459,926.2447222835348
12,2023,100063006303W600,ARC RESOURCES LTD.,3584.9,918.8559211977308,256.31284588070264
12,2023,100063607209W600,CANADIAN NATURAL RESOURCES LIMITED,3166.12,673.1361822408644,212.6060232211238
12,2023,100070306207W600,TAQA NORTH LTD.,1845.0,23.726166114375424,12.85971063109779
12,2023,100070507906W600,TOURMALINE OIL CORP.,3092.5,568.0898045937894,183.6992092461728
12,2023,100070607613W600,ADVANTAGE ENERGY LTD.,2687.53,2873.326884986126,1069.1329529293166
12,2023,100070707510W600,ADVANTAGE ENERGY LTD.,3229.21,2109.8189277837405,653.3545132660125
12,2023,100070806005W600,TOURMALINE OIL CORP.,2838.92,1345.1688038069908,473.83117657665264
12,2023,100070905827W500,TOURMALINE OIL CORP.,2552.29,869.2464434400891,340.5751084085622
12,2023,100071007813W600,BIRCHCLIFF ENERGY LTD.,2902.63,889.1026659460609,306.3093353083448
12,2023,100071206809W600,GRAN TIERRA CANADA LTD.,2079.02,549.9807136652536,264.5384429516087
12,2023,100071907813W600,BIRCHCLIFF ENERGY LTD.,3143.23,1572.2053304000144,500.187810118895
12,2023,100072007007W600,PIPESTONE ENERGY CORP.,3238.47,677.2582332332548,209.12907429534778
12,2023,100073106303W600,ARC RESOURCES LTD.,3212.18,655.4787974630212,204.0604192364753
12,2023,100073206203W600,STRATHCONA RESOURCES LTD.,3254.23,914.1391252994908,280.9079644952849
12,2023,100080306808W600,NUVISTA ENERGY LTD.,3408.48,1209.9303977156296,354.9765284571509
12,2023,100080506304W600,ARC RESOURCES LTD.,2654.71,1032.823074372901,389.05306959061477
12,2023,100080606604W600,CANADIAN NATURAL RESOURCES LIMITED,3356.2200000000003,308.28115825537117,91.85368010898307
12,2023,100080606902W600,VEREN INC.,2244.95,559.6149036424929,249.2772238323762
12,2023,100080707811W600,KELT EXPLORATION LTD.,1859.0,1.0768190273524656,0.579246383729137
12,2023,100081006205W600,TOURMALINE OIL CORP.,2929.94,2764.386005440451,943.4957731013095
12,2023,100081007407W602,ARCHER EXPLORATION CORP.,4615.39,674.9784779391764,146.2451662674609
12,2023,100081007813W600,BIRCHCLIFF ENERGY LTD.,2977.28,1232.832226362712,414.08004163622894
12,2023,100081007908W600,TOURMALINE OIL CORP.,2201.76,212.12397010304724,96.34291208081136
12,2023,100081206403W602,HAMMERHEAD RESOURCES ULC,2953.27,84.97858643634973,28.77440479074034
12,2023,100081207808W600,KELT EXPLORATION LTD.,1582.0,1.9195985982980033,1.2133998725018984
12,2023,100081505727W500,TOURMALINE OIL CORP.,1842.8400000000001,320.21005862779447,173.7590125175243
12,2023,100081607208W600,ARCHER EXPLORATION CORP.,5656.68,201.63109380686157,35.64477640716137
12,2023,100082006811W600,CENOVUS ENERGY INC.,2840.31,53.78391140986667,18.935930025196782
12,2023,100082506905W600,VEREN INC.,2874.11,730.1811077819332,254.05468398284447
12,2023,100082806408W600,CENOVUS ENERGY INC.,2232.47,2675.6128755705495,1198.49891625444
12,2023,100083007612W600,ADVANTAGE ENERGY LTD.,4052.85,4816.069511326145,1188.316742866414
12,2023,100083306605W600,CANADIAN NATURAL RESOURCES LIMITED,3114.89,926.7721096028281,297.52964297385404
12,2023,100083406205W600,WHITECAP RESOURCES INC.,3049.14,1009.6268169240163,331.1185504516081
12,2023,100090206505W600,ARC RESOURCES LTD.,3498.13,546.9418227904636,156.35262920202035
12,2023,100090206508W600,CANADIAN NATURAL RESOURCES LIMITED,3053.9,4578.6981460797615,1499.2953751202597
12,2023,100090606605W602,NUVISTA ENERGY LTD.,2446.26,610.0642394975667,249.386508178839
12,2023,100090806005W600,TOURMALINE OIL CORP.,3059.58,1517.731384574632,496.058735046847
12,2023,100090807808W600,KELT EXPLORATION LTD.,2086.56,215.1445940204316,103.10970881279792
12,2023,100091107007W600,PIPESTONE ENERGY CORP.,2295.05,417.69538474901947,181.99838118952505
12,2023,100091206403W600,HAMMERHEAD RESOURCES ULC,3007.26,674.4201992779973,224.26401417835416
12,2023,100091507108W600,OVINTIV CANADA ULC,3855.88,1643.1368932913397,426.1379745457171
12,2023,100091905727W500,TOURMALINE OIL CORP.,2648.96,1803.1863819107245,680.7148397524782
12,2023,100092406905W600,VEREN INC.,2979.77,983.4923856533553,330.05647605464696
12,2023,100092507109W600,OVINTIV CANADA ULC,3546.67,1148.7867872837114,323.90574462346694
12,2023,100092907207W600,ADVANTAGE ENERGY LTD.,3994.58,1001.2525693361893,250.65277684667458
12,2023,100093007612W600,ADVANTAGE ENERGY LTD.,3616.82,4057.9853653779187,1121.9760356827042
12,2023,100093206402W600,VEREN INC.,3210.11,298.28728555766503,92.92120380848789
12,2023,100093207008W600,NUVISTA ENERGY LTD.,2978.63,1791.7876486582372,601.5475734341752
12,2023,100093306807W600,NUVISTA ENERGY LTD.,3270.96,1833.6795072246316,560.5936811286691
12,2023,100093407811W600,BIRCHCLIFF ENERGY LTD.,2147.0,50.146002458868374,23.356312277069573
12,2023,100100106807W600,NUVISTA ENERGY LTD.,3636.14,1049.2219736596564,288.5537888144176
12,2023,100100507910W600,LOGAN ENERGY CORP.,3622.02,677.9931946513329,187.18648562165117
12,2023,100100607611W600,CANADIAN NATURAL RESOURCES LIMITED,3853.85,3230.569068179144,838.2705782994003
12,2023,100100905827W500,TOURMALINE OIL CORP.,2533.2,1051.3648800261578,415.03429655224926
12,2023,100101106606W602,NUVISTA ENERGY LTD.,2555.99,769.9465703588556,301.2322310959181
12,2023,100101206307W600,TOURMALINE OIL CORP.,2161.76,556.8557014206114,257.5936743304582
12,2023,100101406204W600,ARC RESOURCES LTD.,3058.88,1150.654795076553,376.1686614305082
12,2023,100101805727W500,TOURMALINE OIL CORP.,2933.03,1778.3166771378296,606.3070194092218
12,2023,100102306803W600,SPARTAN DELTA CORP.,2845.17,978.6306363330345,343.9620958793445
12,2023,100102707607W600,TOURMALINE OIL CORP.,4012.7,852.1205823126083,212.35591554629264
12,2023,100102806802W600,VEREN INC.,3427.68,1654.1874193144552,482.59680580289154
12,2023,100103006303W600,ARC RESOURCES LTD.,3565.42,924.3527348859984,259.254936272865
12,2023,100103207008W600,NUVISTA ENERGY LTD.,2850.2,1563.5836927193986,548.587359735948
12,2023,100103306807W600,NUVISTA ENERGY LTD.,3238.32,883.4555528945934,272.812925496737
12,2023,100110106807W600,NUVISTA ENERGY LTD.,3629.4,1193.0783393604538,328.7260537169928
12,2023,100110807108W600,OVINTIV CANADA ULC,4165.219999999999,2738.6381984204527,657.5014521250866
12,2023,100110807913W600,BIRCHCLIFF ENERGY LTD.,2754.06,945.2121871315566,343.20682451782335
12,2023,100111406204W600,ARC RESOURCES LTD.,2665.41,1297.7878698319532,486.899902766161
12,2023,100111606106W600,TOURMALINE OIL CORP.,2569.61,1129.099963327345,439.40518729587177
12,2023,100111606409W600,TOURMALINE OIL CORP.,2525.45,907.0792428166242,359.17529264749817
12,2023,100111807310W600,CANADIAN NATURAL RESOURCES LIMITED,2418.0,69.86809080408632,28.89499206124331
12,2023,100112708113W600,VERMILION ENERGY INC.,3900.21,673.7821614044542,172.75535455897352
12,2023,100112807407W600,ARCHER EXPLORATION CORP.,5417.36,214.64204769105407,39.621152681574436
12,2023,100112907612W600,ADVANTAGE ENERGY LTD.,4300.4400000000005,3435.3395470004043,798.8344325232775
12,2023,100120206808W600,NUVISTA ENERGY LTD.,3371.64,1236.0678383172558,366.6073003989915
12,2023,100120406606W600,CANADIAN NATURAL RESOURCES LIMITED,3312.44,1496.6533856386302,451.8280740597959
12,2023,100120506508W600,CANADIAN NATURAL RESOURCES LIMITED,3018.53,5653.2364826979665,1872.8442263942932
12,2023,100120707210W600,CANADIAN NATURAL RESOURCES LIMITED,2569.0,116.35778400456746,45.29302608196476
12,2023,100120807108W600,OVINTIV CANADA ULC,4028.87,1197.3416378395698,297.1904374773993
12,2023,100120807407W600,TAMARACK VALLEY ENERGY LTD.,4408.35,383.1539296588299,86.91549665040884
12,2023,100121106306W600,CENOVUS ENERGY INC.,3168.92,913.5678539712878,288.28997070651445
12,2023,100121106605W600,PARAMOUNT RESOURCES LTD.,2864.99,1909.395248414684,666.4579102945155
12,2023,100121207913W600,BIRCHCLIFF ENERGY LTD.,2189.46,589.3424214944123,269.1724998375911
12,2023,100121306909W600,SINOPEC DAYLIGHT ENERGY LTD.,3194.51,1121.0593053655032,350.93310253074907
12,2023,100121406104W602,TOURMALINE OIL CORP.,1987.3899999999999,838.7700855360148,422.046043069561
12,2023,100121406204W600,ARC RESOURCES LTD.,2676.36,1180.0752687633305,440.92546173285
12,2023,100121707007W600,PIPESTONE ENERGY CORP.,3311.57,783.76116687339,236.67359194381817
12,2023,100121906708W600,CENOVUS ENERGY INC.,1692.31,55.04610084601142,32.52719705373804
12,2023,100122206205W600,WHITECAP RESOURCES INC.,3070.5,2910.8578220811964,948.0077583719903
12,2023,100122206708W600,CENOVUS ENERGY INC.,1597.36,54.86666380065254,34.34833963580692
12,2023,100122406803W600,SPARTAN DELTA CORP.,3268.52,1065.9446586475094,326.12456360906754
12,2023,100122807408W600,ARCHER EXPLORATION CORP.,4679.28,132.5653678616359,28.330291810200695
12,2023,100122807608W600,TOURMALINE OIL CORP.,2280.69,60.993537962719465,26.743458323016046
12,2023,100123506205W600,ARC RESOURCES LTD.,2779.7,1676.5929750522669,603.1560870066075
12,2023,100123607308W600,TAMARACK VALLEY ENERGY LTD.,4018.33,536.6167724239318,133.54223581038187
12,2023,100130107609W600,TAMARACK VALLEY ENERGY LTD.,3590.01,127.50941319855842,35.51784345964452
12,2023,100130107808W600,KELT EXPLORATION LTD.,3130.01,536.7118936112308,171.47290060134975
12,2023,100130206203W600,WHITECAP ENERGY CANADA,3290.52,1876.8061445552428,570.3676454041437
12,2023,100130406606W600,CANADIAN NATURAL RESOURCES LIMITED,3550.51,956.9226721732213,269.51696296397455
12,2023,100130506508W600,CANADIAN NATURAL RESOURCES LIMITED,3373.1,5512.267056561206,1634.184298289765
12,2023,100130507610W600,ASTARA ENERGY CORP.,1224.42,21.99968217538895,17.967431253482424
12,2023,100130708112W602,KELT EXPLORATION LTD.,3424.65,417.90842627448336,122.0295289371128
12,2023,100130806204W602,TOURMALINE OIL CORP.,2664.21,1533.1308555914727,575.4542080359554
12,2023,100130906306W600,ORLEN UPSTREAM CANADA LTD.,2875.1,652.5884704113507,226.9793991205004
12,2023,100131008009W600,LONGSHORE RESOURCES LTD.,2273.45,571.2671406153587,251.27763558264255
12,2023,100131106003W600,TOURMALINE OIL CORP.,1836.63,1272.1212314398138,692.6388175298312
12,2023,100131106306W600,CENOVUS ENERGY INC.,3136.39,699.5445223382948,223.0413061954332
12,2023,100131106605W600,PARAMOUNT RESOURCES LTD.,2781.64,1664.4102638848767,598.3557411760245
12,2023,100131107908W600,TOURMALINE OIL CORP.,2845.0,395.86835298626033,139.14529103207747
12,2023,100131207809W600,KELT EXPLORATION LTD.,2405.16,262.9323119771806,109.32009179313667
12,2023,100131307710W600,TAQA NORTH LTD.,3168.88,142.0282170424988,44.81968930426485
12,2023,100131506604W600,HAMMERHEAD RESOURCES ULC,2568.68,1048.287644065142,408.10363457695865
12,2023,100131707208W600,CANADIAN NATURAL RESOURCES LIMITED,3354.97,394.1104499146554,117.47063309497715
12,2023,100131906204W600,ARC RESOURCES LTD.,2461.73,970.4463030049211,394.21313588611304
12,2023,100131906708W600,CENOVUS ENERGY INC.,1631.84,78.27007120783094,47.96430483860608
12,2023,100132206205W602,WHITECAP RESOURCES INC.,2899.12,2810.8454023208587,969.5512439363871
12,2023,100132206804W600,HAMMERHEAD RESOURCES ULC,3012.2,612.8796477422351,203.46578837468797
12,2023,100132306307W600,CENOVUS ENERGY INC.,3403.8,485.4358427354311,142.61585367396177
12,2023,100132605802W600,CANADIAN NATURAL RESOURCES LIMITED,3466.41,3718.918468727505,1072.8443746491344
12,2023,100132706807W600,NUVISTA ENERGY LTD.,2320.05,1097.3329544377182,472.9781489354618
12,2023,100132807608W600,TOURMALINE OIL CORP.,2407.74,42.482295329502115,17.64405431213591
12,2023,100133007710W600,INSIGNIA ENERGY LTD.,1332.02,245.54825883961198,184.34277175989246
12,2023,100133306402W600,VEREN INC.,3404.06,183.2152143243456,53.82255727700029
12,2023,100133307708W600,TOURMALINE OIL CORP.,2969.76,468.23315751685936,157.6670025580718
12,2023,100133307813W600,BIRCHCLIFF ENERGY LTD.,2836.57,667.6724711932127,235.380220193125
12,2023,100133507807W600,TOURMALINE OIL CORP.,1853.73,16.39758170930901,8.84572279097226
12,2023,100133606808W600,SINOPEC DAYLIGHT ENERGY LTD.,2524.74,1656.485147001797,656.1012805286077
12,2023,100140206203W600,WHITECAP ENERGY CANADA,3195.89,1989.8863531568093,622.6391875680356
12,2023,100140207812W600,KELT EXPLORATION LTD.,2919.89,375.4124297317779,128.57074401151343
12,2023,100140607611W600,CANADIAN NATURAL RESOURCES LIMITED,4239.65,3517.2228653735274,829.6021759752639
12,2023,100140807913W600,BIRCHCLIFF ENERGY LTD.,3094.14,1010.0972756648895,326.4549359967194
12,2023,100141008009W600,LONGSHORE RESOURCES LTD.,2330.65,881.5533830538066,378.2435728461187
12,2023,100141106606W600,NUVISTA ENERGY LTD.,2669.3300000000004,989.8786079044693,370.83410739941075
12,2023,100141606409W600,TOURMALINE OIL CORP.,2717.53,975.2811673763822,358.8851520963456
12,2023,100141707007W600,PIPESTONE ENERGY CORP.,3443.08,1574.058716040216,457.1658852074933
12,2023,100142306604W600,MANCAL ENERGY INC.,3874.3199999999997,147.78300921028404,38.14424446361789
12,2023,100142407310W600,TAMARACK VALLEY ENERGY LTD.,4624.38,209.6057173687938,45.326231271823204
12,2023,100142605802W602,CANADIAN NATURAL RESOURCES LIMITED,3125.96,3743.550579086977,1197.5682923284294
12,2023,100142707007W600,PIPESTONE ENERGY CORP.,4667.1900000000005,1530.0060753856862,327.8216818654664
12,2023,100142708113W600,VERMILION ENERGY INC.,3735.46,598.8535780572637,160.3158856090719
12,2023,100142807608W600,TOURMALINE OIL CORP.,2418.4300000000003,29.54245082144724,12.215549270165866
12,2023,100143307708W600,TOURMALINE OIL CORP.,2738.13,805.3578335546537,294.12695290386273
12,2023,100143607107W600,PIPESTONE ENERGY CORP.,2895.36,760.8829710278153,262.7939085391161
12,2023,100150106809W600,WHITECAP RESOURCES INC.,2470.74,302.1480268799115,122.29049874932673
12,2023,100150507906W600,TOURMALINE OIL CORP.,2779.4,482.5497709414348,173.61652548803153
12,2023,100150806808W600,GRAN TIERRA CANADA LTD.,1740.0,4.504990063665745,2.5890747492331867
12,2023,100151307210W600,NUVISTA ENERGY LTD.,4120.21,1646.419000887801,399.5958945994988
12,2023,100151307408W600,ARCHER EXPLORATION CORP.,5419.13,253.77009365181812,46.8285672519054
12,2023,100151807813W600,BIRCHCLIFF ENERGY LTD.,2697.83,1516.7887275722094,562.2254654934557
12,2023,100152606604W600,HAMMERHEAD RESOURCES ULC,3339.35,432.2970248064297,129.45544037205735
12,2023,100152707607W600,TOURMALINE OIL CORP.,3612.8,703.7618437903533,194.7967902431226
12,2023,100153207008W600,NUVISTA ENERGY LTD.,2781.43,1665.6665321837058,598.8525802136692
12,2023,100153407610W600,LONGSHORE RESOURCES LTD.,3229.91,350.64752667257727,108.56263074592707
12,2023,100153506808W600,SINOPEC DAYLIGHT ENERGY LTD.,2944.2,2098.8475519417225,712.8753318190757
12,2023,100160106809W600,WHITECAP RESOURCES INC.,2484.73,309.32295798488605,124.48956545978277
12,2023,100160206508W600,CANADIAN NATURAL RESOURCES LIMITED,3192.44,4513.70269550806,1413.8723658104961
12,2023,100160208110W600,TOURMALINE OIL CORP.,1979.37,224.74257649177372,113.54247891590443
12,2023,100160407309W602,OVINTIV CANADA ULC,3269.77,722.7233646774278,221.03186605707063
12,2023,100160408107W600,TOURMALINE OIL CORP.,2760.6800000000003,166.870453424816,60.445416862807704
12,2023,100160506908W600,SINOPEC DAYLIGHT ENERGY LTD.,2423.25,1089.1527782740077,449.45951852842575
12,2023,100160607709W600,LONGSHORE RESOURCES LTD.,3229.84,618.9691563291475,191.64081079222112
12,2023,100160608111W600,KELT EXPLORATION LTD.,1826.25,603.5498420386813,330.48588201981175
12,2023,100160907811W600,KELT EXPLORATION LTD.,2015.0,63.07402061467823,31.30224348122989
12,2023,100161006605W600,PARAMOUNT RESOURCES LTD.,2820.9,1653.8564048500866,586.2867896239096
12,2023,100161106508W600,CANADIAN NATURAL RESOURCES LIMITED,2867.53,3034.0711056935706,1058.078243538366
12,2023,100161107713W600,ADVANTAGE ENERGY LTD.,3016.47,3420.946390685449,1134.0893132321717
12,2023,100161307210W600,NUVISTA ENERGY LTD.,3661.11,1373.9780290347687,375.2900156058596
12,2023,100161407308W600,KELT EXPLORATION LTD.,3223.63,853.5823941147095,264.78919544572716
12,2023,100161505727W500,TOURMALINE OIL CORP.,2205.06,1214.6736168135337,550.8573992605797
12,2023,100161705902W600,TOURMALINE OIL CORP.,2896.28,4239.399042184651,1463.7393629706557
12,2023,100161905727W500,TOURMALINE OIL CORP.,2852.15,1279.4372394345205,448.58693947882136
12,2023,100162206307W600,TOURMALINE OIL CORP.,2814.99,861.9805213010279,306.21086444393336
12,2023,100162606106W600,TOURMALINE OIL CORP.,3030.77,3338.94462170184,1101.6819559721919
12,2023,100162906205W600,WHITECAP RESOURCES INC.,3096.95,1231.9939923486577,397.808809424969
12,2023,100162907207W600,ADVANTAGE ENERGY LTD.,4153.1900000000005,1105.310349916466,266.13527190339613
12,2023,100163206402W600,VEREN INC.,3318.38,215.8084540235652,65.03427998709165
12,2023,100163507509W600,TAMARACK VALLEY ENERGY LTD.,3305.17,90.69026305731491,27.438910270066263
12,2023,102010206505W600,ARC RESOURCES LTD.,3892.97,606.286569812641,155.73882403733938
12,2023,102010407209W600,NUVISTA ENERGY LTD.,2826.46,634.7727892519097,224.58226518397913
12,2023,102010506304W600,ARC RESOURCES LTD.,2581.71,1465.6750460812268,567.7148270259737
12,2023,102010606902W600,VEREN INC.,2294.84,569.9148483868067,248.34622387042526
12,2023,102010607709W600,LONGSHORE RESOURCES LTD.,2252.0299999999997,347.54612451012116,154.3257081433734
12,2023,102010707407W600,TAMARACK VALLEY ENERGY LTD.,4572.16,574.046102518339,125.55249652644243
12,2023,102011306706W600,PARAMOUNT RESOURCES LTD.,2946.81,467.7453075498139,158.72937432335777
12,2023,102012106505W602,PARAMOUNT RESOURCES LTD.,3506.95,1213.036775623729,345.8950870767274
12,2023,102012506204W600,ARC RESOURCES LTD.,2964.04,169.3559594975134,57.13686707922747
12,2023,102012906103W600,STRATHCONA RESOURCES LTD.,3096.45,1997.7073256932758,645.1605308315252
12,2023,102013206504W602,PARAMOUNT RESOURCES LTD.,3405.92,930.5218872479758,273.2072060553318
12,2023,102013406205W603,WHITECAP RESOURCES INC.,2916.01,1144.5462538360628,392.504227981407
12,2023,102020206505W602,ARC RESOURCES LTD.,3817.48,763.3517449473917,199.96221196899307
12,2023,102020407209W600,NUVISTA ENERGY LTD.,2825.96,1688.0127889752391,597.323666639032
12,2023,102020606902W600,VEREN INC.,2515.57,447.1994148529074,177.772598199576
12,2023,102020905827W500,TOURMALINE OIL CORP.,2722.23,1625.853971188822,597.2507727814409
12,2023,102021006506W600,NUVISTA ENERGY LTD.,2990.92,792.6860481024614,265.03084271811395
12,2023,102021907813W600,BIRCHCLIFF ENERGY LTD.,2892.47,1488.9092266731066,514.7535589558773
12,2023,102022006308W600,TOURMALINE OIL CORP.,2755.21,1610.3455233811999,584.4728798825497
12,2023,102022106505W602,PARAMOUNT RESOURCES LTD.,3542.57,1133.3555192619117,319.92466465360224
12,2023,102022107108W600,CANADIAN NATURAL RESOURCES LIMITED,3035.22,916.8241650277079,302.06184890311346
12,2023,102022407210W600,CANADIAN NATURAL RESOURCES LIMITED,3380.99,508.11691148040757,150.28642837760762
12,2023,102022506204W600,ARC RESOURCES LTD.,2939.0,323.8009666854461,110.17385732747401
12,2023,102022507210W600,TAMARACK VALLEY ENERGY LTD.,4650.42,299.5494013527742,64.41340811212197
12,2023,102022606306W600,ARC RESOURCES LTD.,3541.26,997.466998167182,281.67008301203015
12,2023,102022606505W600,PARAMOUNT RESOURCES LTD.,3232.83,1404.9162916621342,434.5778440753563
12,2023,102022907108W600,OVINTIV CANADA ULC,2877.81,1262.2370759238408,438.6102890475191
12,2023,102023007509W600,WHITECAP RESOURCES INC.,3143.8900000000003,177.0904535746996,56.328450923759924
12,2023,102030307812W600,KELT EXPLORATION LTD.,3901.05,456.8181720574594,117.1013373469859
12,2023,102030407209W600,NUVISTA ENERGY LTD.,2913.17,1601.173377163802,549.6326603541166
12,2023,102030506305W600,ORLEN UPSTREAM CANADA LTD.,3153.66,1025.7579773086002,325.25953251415825
12,2023,102031006506W600,NUVISTA ENERGY LTD.,2724.47,508.6224119810557,186.68673612888222
12,2023,102031206204W600,STRATHCONA RESOURCES LTD.,3299.82,890.8299542498718,269.9631962500596
12,2023,102031406903W600,SPARTAN DELTA CORP.,3390.78,474.38854099549246,139.90543208214407
12,2023,102031707913W600,BIRCHCLIFF ENERGY LTD.,3425.1,1180.2966917190843,344.6021113891811
12,2023,102032106505W600,PARAMOUNT RESOURCES LTD.,3585.57,1136.719087491419,317.0260481573136
12,2023,102032606306W600,ARC RESOURCES LTD.,3216.27,879.4027045726102,273.4231593033577
12,2023,102032606505W600,PARAMOUNT RESOURCES LTD.,3213.27,1920.831096180417,597.7807953207845
12,2023,102040107408W600,TAMARACK VALLEY ENERGY LTD.,4205.23,619.0160198919144,147.2014657680827
12,2023,102040506305W600,ORLEN UPSTREAM CANADA LTD.,3120.74,1099.1518695337445,352.2087291904307
12,2023,102040507308W600,KELT EXPLORATION LTD.,3802.58,186.84174474020676,49.1355197629522
12,2023,102040906606W600,CANADIAN NATURAL RESOURCES LIMITED,3914.53,997.143033339241,254.7286732607084
12,2023,102041207913W600,BIRCHCLIFF ENERGY LTD.,2264.56,983.8757844835282,434.4666445064508
12,2023,102041506604W600,HAMMERHEAD RESOURCES ULC,2700.82,1007.6007490264128,373.07215920587555
12,2023,102041606506W600,NUVISTA ENERGY LTD.,2063.26,352.45437913952276,170.82402563880592
12,2023,102041606706W600,PARAMOUNT RESOURCES LTD.,3058.05,772.4103725133854,252.58264989564765
12,2023,102042007208W600,CANADIAN NATURAL RESOURCES LIMITED,3141.38,441.48606069483964,140.53889077247567
12,2023,102042107108W600,CANADIAN NATURAL RESOURCES LIMITED,3336.04,1152.4542501735327,345.4557649709035
12,2023,102042206804W600,HAMMERHEAD RESOURCES ULC,2479.48,391.70711302118326,157.97954128332685
12,2023,102042806103W600,STRATHCONA RESOURCES LTD.,2793.14,1725.620812027785,617.8067737484641
12,2023,102042806706W600,PARAMOUNT RESOURCES LTD.,3148.82,679.9805950343932,215.94775027927707
12,2023,102043006303W600,ARC RESOURCES LTD.,3737.57,699.8694066840307,187.25252147358594
12,2023,102043007509W600,WHITECAP RESOURCES INC.,3352.96,141.19106575069662,42.10937969754981
12,2023,102043306205W603,WHITECAP RESOURCES INC.,3275.5,899.6370996698596,274.65641876655764
12,2023,102050906606W600,CANADIAN NATURAL RESOURCES LIMITED,3512.42,653.8045346853821,186.1407618352538
12,2023,102051207913W600,BIRCHCLIFF ENERGY LTD.,2157.38,1101.713832913997,510.67212679917174
12,2023,102051506604W600,HAMMERHEAD RESOURCES ULC,2611.7,1831.770479669035,701.3709383424724
12,2023,102051606706W600,PARAMOUNT RESOURCES LTD.,3004.0,807.2575135323207,268.72753446482045
12,2023,102051906204W600,ARC RESOURCES LTD.,2099.12,605.0299512213185,288.23028279532303
12,2023,102052506106W600,TOURMALINE OIL CORP.,2543.89,3038.39137361702,1194.3878758975507
12,2023,102053006204W600,ARC RESOURCES LTD.,3296.84,1254.6053290038906,380.5478364142301
12,2023,102053405802W600,TOURMALINE OIL CORP.,2133.16,2203.4096741004046,1032.932210476666
12,2023,102061107408W600,ARCHER EXPLORATION CORP.,4670.41,329.5907602383846,70.5699842708423
12,2023,102062507109W600,OVINTIV CANADA ULC,3321.53,819.2444549825241,246.64671250373294
12,2023,102063405802W600,TOURMALINE OIL CORP.,2178.93,2153.683708166358,988.4134452076745
12,2023,102071007908W600,TOURMALINE OIL CORP.,2607.8199999999997,306.95040503455994,117.70383118258161
12,2023,102071206809W600,GRAN TIERRA CANADA LTD.,2286.9700000000003,387.00668533581137,169.2224582464183
12,2023,102071607208W600,ARCHER EXPLORATION CORP.,5551.88,146.31378695911428,26.353917404395318
12,2023,102071907813W600,BIRCHCLIFF ENERGY LTD.,3074.43,873.7680507882336,284.20489352115146
12,2023,102073106303W600,ARC RESOURCES LTD.,3187.73,583.8493683325378,183.1552133752036
12,2023,102080206505W600,ARC RESOURCES LTD.,3767.42,641.8711919672484,170.37420621200937
12,2023,102080206508W600,CANADIAN NATURAL RESOURCES LIMITED,2505.01,4975.230550137787,1986.1120515039008
12,2023,102080306808W600,NUVISTA ENERGY LTD.,3549.49,1244.1878850116575,350.52581779682646
12,2023,102080506304W600,ARC RESOURCES LTD.,2563.87,720.467847235527,281.0079478427249
12,2023,102080606604W600,CANADIAN NATURAL RESOURCES LIMITED,3410.42,335.9514708464362,98.50736004551821
12,2023,102081007813W600,BIRCHCLIFF ENERGY LTD.,2943.24,1160.650286455399,394.34442534601294
12,2023,102081206403W600,HAMMERHEAD RESOURCES ULC,2860.47,224.295300745002,78.41204443500614
12,2023,102083306605W600,CANADIAN NATURAL RESOURCES LIMITED,3269.67,893.3960099676697,273.23736339375824
12,2023,102083507508W600,TAMARACK VALLEY ENERGY LTD.,2778.09,126.53161549010427,45.54626217656889
12,2023,102090306304W600,ARC RESOURCES LTD.,2675.3,714.370823282395,267.0245666962191
12,2023,102090806304W600,ARC RESOURCES LTD.,2889.29,552.1073035666415,191.08753484996018
12,2023,102091007407W600,ARCHER EXPLORATION CORP.,4384.55,794.3138317292256,181.1619964943325
12,2023,102091106508W600,CANADIAN NATURAL RESOURCES LIMITED,2546.29,3128.2225665121528,1228.541354877941
12,2023,102091206403W600,HAMMERHEAD RESOURCES ULC,2958.47,117.1906442133268,39.61190893040214
12,2023,102091406204W600,ARC RESOURCES LTD.,2791.3,1092.1532416073587,391.27046236784247
12,2023,102091407811W600,BIRCHCLIFF ENERGY LTD.,3091.69,2340.7522832183554,757.110927427509
12,2023,102091507108W600,OVINTIV CANADA ULC,4043.66,375.14662141891586,92.77402685164328
12,2023,102091705902W600,TOURMALINE OIL CORP.,2570.32,3052.742099332084,1187.6895092175619
12,2023,102092507109W600,OVINTIV CANADA ULC,3479.9,745.8473981831505,214.3301239067647
12,2023,102092606106W600,TOURMALINE OIL CORP.,2827.97,1868.7206573997812,660.7993215627398
12,2023,102092907207W600,ADVANTAGE ENERGY LTD.,4167.15,741.5152393649275,177.94301605771992
12,2023,102093207008W600,NUVISTA ENERGY LTD.,3166.91,1899.2468529408754,599.7160806403957
12,2023,102093306605W600,CANADIAN NATURAL RESOURCES LIMITED,3017.02,744.1547251466311,246.65223470398973
12,2023,102100106807W600,NUVISTA ENERGY LTD.,3572.31,1295.3587557327658,362.6109592204388
12,2023,102101106606W600,NUVISTA ENERGY LTD.,2566.86,554.9247060901637,216.18814664226474
12,2023,102101207108W600,PIPESTONE ENERGY CORP.,3200.16,1303.273433785814,407.25258542879544
12,2023,102103006303W600,ARC RESOURCES LTD.,3624.65,691.5221754047485,190.7831584855775
12,2023,102110106807W600,NUVISTA ENERGY LTD.,3681.98,1348.5946285659873,366.2688631024577
12,2023,102110807108W600,OVINTIV CANADA ULC,4109.030000000001,2421.699239902443,589.3603210252645
12,2023,102110807913W600,BIRCHCLIFF ENERGY LTD.,2907.02,1121.2480055432798,385.7035746376976
12,2023,102111406204W600,ARC RESOURCES LTD.,2618.56,1204.3477336493459,459.92749207554755
12,2023,102113107807W602,GRIZZLY RESOURCES LTD.,1177.77,5.907571442613867,5.015895669454874
12,2023,102120106807W600,NUVISTA ENERGY LTD.,3757.75,1457.2653950679985,387.8026465485991
12,2023,102120206808W600,NUVISTA ENERGY LTD.,3350.29,1296.0070794677026,386.8342977675672
12,2023,102120807108W600,OVINTIV CANADA ULC,4062.28,2711.8055238912775,667.557510533808
12,2023,102120906306W600,ORLEN UPSTREAM CANADA LTD.,2852.22,915.7457776453286,321.06421581972245
12,2023,102121207913W600,BIRCHCLIFF ENERGY LTD.,2221.19,1068.3106569770177,480.96320304747354
12,2023,102121406204W600,ARC RESOURCES LTD.,2725.1,1485.0935533802706,544.968461113453
12,2023,102121506604W602,HAMMERHEAD RESOURCES ULC,2546.52,1589.1830721095434,624.0607072041623
12,2023,102121906708W600,CENOVUS ENERGY INC.,1840.26,58.07541440558725,31.558265900246298
12,2023,102122206205W600,WHITECAP RESOURCES INC.,3199.72,2795.35676594209,873.6254315821667
12,2023,102122206708W600,CENOVUS ENERGY INC.,1675.56,121.9214367418974,72.76459019187459
12,2023,102122206804W600,HAMMERHEAD RESOURCES ULC,2660.83,501.3952363998114,188.43565218364623
12,2023,102123506205W600,ARC RESOURCES LTD.,2871.3,866.8138730458134,301.888995592872
12,2023,102130406606W602,CANADIAN NATURAL RESOURCES LIMITED,3476.19,759.1945054818119,218.39844930277454
12,2023,102130507610W600,ASTARA ENERGY CORP.,1337.72,19.063064766849685,14.250414710738932
12,2023,102130906506W600,NUVISTA ENERGY LTD.,2716.5,610.102620409161,224.59143029970954
12,2023,102131006604W600,HAMMERHEAD RESOURCES ULC,2829.3,797.8356843985412,281.9904868336837
12,2023,102131106003W600,TOURMALINE OIL CORP.,1891.0700000000002,294.2418769705676,155.59544436248663
12,2023,102131106606W600,NUVISTA ENERGY LTD.,2957.85,778.554080902441,263.21621478521257
12,2023,102131207812W600,BIRCHCLIFF ENERGY LTD.,2294.66,441.0769907134155,192.21888676902702
12,2023,102131506604W600,HAMMERHEAD RESOURCES ULC,2633.23,610.0524887766555,231.67459309542105
12,2023,102131707208W600,CANADIAN NATURAL RESOURCES LIMITED,3197.66,501.10185847548894,156.70892417439282
12,2023,102131806204W600,ARC RESOURCES LTD.,1813.7199999999998,1070.220221344487,590.0691514370945
12,2023,102131906204W600,ARC RESOURCES LTD.,2249.38,1315.091436445309,584.6461853689945
12,2023,102132206708W600,CENOVUS ENERGY INC.,1890.52,62.8068782333272,33.22201205664431
12,2023,102132206804W600,HAMMERHEAD RESOURCES ULC,3084.54,335.2131219407241,108.6752390764017
12,2023,102133307813W600,BIRCHCLIFF ENERGY LTD.,2809.32,928.8381586118248,330.6273968831692
12,2023,102140807108W600,OVINTIV CANADA ULC,4107.05,1362.468814894674,331.7390377265127
12,2023,102141506305W602,ARC RESOURCES LTD.,1758.2199999999998,967.7299320015372,550.4032100655988
12,2023,102142107007W600,PIPESTONE ENERGY CORP.,2889.8,1014.4746460983257,351.05358367303126
12,2023,102143306127W502,LOGAN ENERGY CORP.,3329.51,1466.9452504484539,440.5889306379779
12,2023,102150407309W600,OVINTIV CANADA ULC,3167.24,854.4884933187417,269.7896254526786
12,2023,102150607613W600,ADVANTAGE ENERGY LTD.,3062.39,2792.0494864749116,911.7223758159189
12,2023,102150806204W600,TOURMALINE OIL CORP.,2708.24,1664.5135961898004,614.6108159505068
12,2023,102150807108W600,OVINTIV CANADA ULC,3924.99,2377.3781031794188,605.7029707539175
12,2023,102151307210W600,NUVISTA ENERGY LTD.,3981.96,1580.8560324060818,397.004498389256
12,2023,102151406605W600,PARAMOUNT RESOURCES LTD.,4640.12,2051.2247660209614,442.0628703613185
12,2023,102152306803W600,SPARTAN DELTA CORP.,2657.9,1073.2805994792634,403.8077427590441
12,2023,102153106306W600,CENOVUS ENERGY INC.,3695.56,482.50097678935833,130.56234421558798
12,2023,102153207008W600,NUVISTA ENERGY LTD.,2804.84,1680.7840575494142,599.2441841778548
12,2023,102153407610W600,LONGSHORE RESOURCES LTD.,3243.7799999999997,623.0608393507275,192.07863645214152
12,2023,102160106809W600,WHITECAP RESOURCES INC.,2389.44,273.78466201251615,114.58109934232128
12,2023,102160206508W602,GRYPHON PETROLEUM CORP.,1615.91,184.4858286930136,114.16838109363367
12,2023,102160507910W600,LOGAN ENERGY CORP.,3432.65,692.081015330036,201.61712243602932
12,2023,102160607709W600,LONGSHORE RESOURCES LTD.,3106.12,111.14262140329019,35.78181828238774
12,2023,102161007407W600,ARCHER EXPLORATION CORP.,4343.18,414.4278205462526,95.4203649275997
12,2023,102161107713W600,ADVANTAGE ENERGY LTD.,2978.76,2122.7862583107285,712.6409171301912
12,2023,102161307210W600,NUVISTA ENERGY LTD.,3701.73,1347.3913348985598,363.98963049670283
12,2023,102161406003W600,TOURMALINE OIL CORP.,3351.11,1156.9654522423878,345.24842581782985
12,2023,102161407308W600,KELT EXPLORATION LTD.,3159.41,837.8673772315562,265.1974188951596
12,2023,102161507108W600,OVINTIV CANADA ULC,3906.16,1659.630821358689,424.8752793942616
12,2023,102162406308W600,TAQA NORTH LTD.,2495.5,72.37725185590034,29.003106333760904
12,2023,102162806802W600,VEREN INC.,3490.83,1635.2251512125492,468.43448440988226
12,2023,103010407209W600,NUVISTA ENERGY LTD.,2869.3,1381.929218540691,481.62590824963956
12,2023,103010407913W600,BIRCHCLIFF ENERGY LTD.,2881.8,753.5685851261882,261.492326020608
12,2023,103010506304W600,ARC RESOURCES LTD.,2791.83,1962.3018940713719,702.8729879940296
12,2023,103011306706W600,PARAMOUNT RESOURCES LTD.,2948.9,401.08648113194096,136.01223545455628
12,2023,103012006811W600,CENOVUS ENERGY INC.,3098.24,84.53242525660217,27.284014555554823
12,2023,103012107711W600,INSIGNIA ENERGY LTD.,1639.94,558.2784820522448,340.4261631841682
12,2023,103012807711W600,TAQA NORTH LTD.,3423.88,276.0000928572162,80.61032888337681
12,2023,103012906103W600,STRATHCONA RESOURCES LTD.,2920.6,1376.0022814960332,471.13684910498984
12,2023,103013607808W602,KELT EXPLORATION LTD.,3561.1,670.1128953044118,188.17581514262778
12,2023,103020407209W600,NUVISTA ENERGY LTD.,2857.05,1230.7385958004652,430.7725086366935
12,2023,103021206809W600,GRAN TIERRA CANADA LTD.,2075.81,404.4771930490815,194.85270475095578
12,2023,103031006506W600,NUVISTA ENERGY LTD.,2467.0,714.2128607022477,289.5066318209354
12,2023,103031007308W600,ADVANTAGE ENERGY LTD.,3382.75,973.414112367749,287.7582181265979
12,2023,103031206204W600,STRATHCONA RESOURCES LTD.,3348.75,900.2836361169614,268.84169798192204
12,2023,103032107108W600,CANADIAN NATURAL RESOURCES LIMITED,3138.61,1052.687906909134,335.3993987494891
12,2023,103040407108W600,OVINTIV CANADA ULC,3154.83,1186.374998907404,376.0503732078762
12,2023,103040507308W600,KELT EXPLORATION LTD.,3698.65,592.5619666241098,160.21033799470342
12,2023,103041506604W600,HAMMERHEAD RESOURCES ULC,2658.98,1394.9685381556467,524.6254346236702
12,2023,103041606506W600,NUVISTA ENERGY LTD.,2294.24,918.4214390881573,400.31620017441827
12,2023,103042107108W600,CANADIAN NATURAL RESOURCES LIMITED,3532.73,1070.6984621515462,303.0796189212156
12,2023,103042206804W600,HAMMERHEAD RESOURCES ULC,2148.19,301.22637093604334,140.2233372914143
12,2023,103042806706W600,PARAMOUNT RESOURCES LTD.,3108.77,689.1433948111752,221.67718898830574
12,2023,103051506604W600,HAMMERHEAD RESOURCES ULC,2564.08,1137.2852318113112,443.54514360367506
12,2023,103053107610W600,LONGSHORE RESOURCES LTD.,3071.9300000000003,464.53037706879024,151.21776116929428
12,2023,103053506205W602,ARC RESOURCES LTD.,2910.32,643.5953555027952,221.14247076018967
12,2023,103062007007W600,PIPESTONE ENERGY CORP.,3408.3699999999994,1026.9746983810564,301.3096284678766
12,2023,103071206305W600,KADEN ENERGY LTD.,1876.59,201.9438492750173,107.61213119275777
12,2023,103072907807W600,GRIZZLY RESOURCES LTD.,1073.71,0.04225801259948091,0.039357007571393494
12,2023,103073206203W600,STRATHCONA RESOURCES LTD.,3394.09,1081.8273621394385,318.738560892445
12,2023,103080206505W600,ARC RESOURCES LTD.,3637.81,354.97111924710066,97.57824604558806
12,2023,103080506304W600,ARC RESOURCES LTD.,2841.82,1103.3851025673855,388.26706215291097
12,2023,103081206403W600,HAMMERHEAD RESOURCES ULC,2989.62,91.51381435679644,30.610517175024402
12,2023,103081407811W600,BIRCHCLIFF ENERGY LTD.,3340.7,1247.0210268137985,373.28135624683404
12,2023,103083206504W600,PARAMOUNT RESOURCES LTD.,3336.49,608.118269163031,182.26287780362927
12,2023,103090306304W600,ARC RESOURCES LTD.,2480.83,401.4739882220453,161.83051165216693
12,2023,103090407208W600,ARCHER EXPLORATION CORP.,862.7399999999998,55.30376883900097,64.10247448710038
12,2023,103090607709W600,LONGSHORE RESOURCES LTD.,3134.95,602.134680268777,192.07154189660983
12,2023,103091206403W600,HAMMERHEAD RESOURCES ULC,2956.61,479.1774374384024,162.0698832238281
12,2023,103091406204W600,ARC RESOURCES LTD.,2919.87,1151.4445263750613,394.3478738351575
12,2023,103091507108W600,OVINTIV CANADA ULC,3749.54,1218.4644821759057,324.96372413040154
12,2023,103101006903W600,VEREN INC.,2995.47,427.6716074817798,142.77278940592956
12,2023,103101406204W600,ARC RESOURCES LTD.,3016.85,1215.6890772202396,402.9663646585808
12,2023,103111406204W602,ARC RESOURCES LTD.,2597.63,1284.5014077741776,494.489749415497
12,2023,103112507210W600,TAMARACK VALLEY ENERGY LTD.,3914.02,294.37049004395584,75.20924523736615
12,2023,103120906304W600,ARC RESOURCES LTD.,2704.63,528.3974735360339,195.36774846690076
12,2023,103121506604W600,HAMMERHEAD RESOURCES ULC,2577.54,829.7955037161747,321.93312372113513
12,2023,103122206804W600,HAMMERHEAD RESOURCES ULC,2987.75,433.05437707990274,144.94331087939176
12,2023,103122406803W600,SPARTAN DELTA CORP.,3304.17,1173.760138259998,355.23600125296156
12,2023,103130207812W600,KELT EXPLORATION LTD.,3186.68,992.9493753961486,311.5936885398435
12,2023,103131506604W600,HAMMERHEAD RESOURCES ULC,2588.27,722.0673703330071,278.9768340756595
12,2023,103140807108W600,OVINTIV CANADA ULC,4174.75,2574.0549866544457,616.5770373446185
12,2023,103141106903W600,SPARTAN DELTA CORP.,3317.37,765.8216095504132,230.85203325236955
12,2023,103141606106W602,TOURMALINE OIL CORP.,2652.78,1964.1427269004646,740.4092035149785
12,2023,103150406603W600,CANADIAN NATURAL RESOURCES LIMITED,1738.16,179.98400889014343,103.54858522238655
12,2023,103150407309W600,OVINTIV CANADA ULC,3093.25,1117.3970451153264,361.2372246392391
12,2023,103150807108W600,OVINTIV CANADA ULC,3950.55,1574.162887113691,398.4667671877817
12,2023,103151207108W600,PIPESTONE ENERGY CORP.,3460.67,825.6883597734035,238.5920529184821
12,2023,103151606305W603,ARC RESOURCES LTD.,2160.81,1315.1493939305624,608.63722119509
12,2023,103153207008W600,NUVISTA ENERGY LTD.,2787.95,1462.0434483660026,524.4152328291407
12,2023,103160407309W600,OVINTIV CANADA ULC,3168.15,1035.7776960194758,326.93455045356933
12,2023,103160506304W600,KADEN ENERGY LTD.,2073.54,126.92918154760103,61.2137607895681
12,2023,103161307210W600,NUVISTA ENERGY LTD.,3974.62,727.2618022719644,182.97643605475855
12,2023,103161507108W600,OVINTIV CANADA ULC,3864.28,1669.7693409725443,432.10361075609023
12,2023,103162607710W600,TAQA NORTH LTD.,3448.8,1091.8399834467289,316.5854742074718
12,2023,103162907912W600,CANADIAN NATURAL RESOURCES LIMITED,3447.71,235.54992787380942,68.3206905087172
12,2023,104010407209W600,NUVISTA ENERGY LTD.,2821.76,1262.5177557452816,447.4220896693133
12,2023,104010407913W600,BIRCHCLIFF ENERGY LTD.,2860.52,829.5010072442318,289.9825931104246
12,2023,104010506304W600,ARC RESOURCES LTD.,2740.84,1325.2666651202226,483.52573120657263
12,2023,104012107108W600,CANADIAN NATURAL RESOURCES LIMITED,3171.35,685.8108314479206,216.25201615965457
12,2023,104012107711W600,INSIGNIA ENERGY LTD.,1589.69,616.4425841481784,387.7753424555595
12,2023,104012906103W600,STRATHCONA RESOURCES LTD.,2924.34,2072.8249117435785,708.818027911795
12,2023,104013507508W600,TAMARACK VALLEY ENERGY LTD.,3075.69,128.4116193791994,41.75050781424636
12,2023,104032707107W602,PIPESTONE ENERGY CORP.,3158.07,352.3201375026629,111.56185185973169
12,2023,104040407108W600,OVINTIV CANADA ULC,3016.06,1782.65187713179,591.0531876460648
12,2023,104073206203W600,STRATHCONA RESOURCES LTD.,3524.68,1067.5313562630195,302.87326970477307
12,2023,104080506304W600,ARC RESOURCES LTD.,2763.19,539.1877481590217,195.132346367431
12,2023,104092907108W600,OVINTIV CANADA ULC,3450.08,1367.3751824369995,396.33144229612054
12,2023,104123506205W600,ARC RESOURCES LTD.,2794.78,1679.3106755748868,600.8740135448538
12,2023,104131807209W600,NUVISTA ENERGY LTD.,3518.53,685.9648506785635,194.95779506741835
12,2023,104141106903W600,SPARTAN DELTA CORP.,3291.07,815.6597646166283,247.84029650436733
12,2023,104150407309W600,OVINTIV CANADA ULC,3084.84,1111.4410019489537,360.2912961284714
12,2023,104152507109W600,OVINTIV CANADA ULC,2916.6,688.5646718062968,236.08471226986794
12,2023,104152907912W600,CANADIAN NATURAL RESOURCES LIMITED,3622.4,353.03763206323475,97.45959365703257
12,2023,104161107812W600,BIRCHCLIFF ENERGY LTD.,2172.21,565.8776239061434,260.5077887985708
12,2023,104162907912W600,CANADIAN NATURAL RESOURCES LIMITED,3503.3900000000003,190.52573506675682,54.38325024241001
12,2023,105012907108W600,OVINTIV CANADA ULC,3400.42,1050.0350781679135,308.79570116865375
12,2023,105021606305W600,ARC RESOURCES LTD.,2365.44,667.6848826931453,282.26667456927476
12,2023,105031206204W600,STRATHCONA RESOURCES LTD.,3264.94,1088.1350870272838,333.2787392807475
12,2023,105042107107W600,PIPESTONE ENERGY CORP.,3248.68,557.129681898118,171.49417052406454
12,2023,105080506304W602,ARC RESOURCES LTD.,2845.51,1140.3269369678371,400.74606554460786
12,2023,105092907108W600,OVINTIV CANADA ULC,3121.76,864.9995609409995,277.08714345145023
12,2023,105100306304W600,ARC RESOURCES LTD.,2353.27,588.7519466313096,250.1846140184975
12,2023,105150407309W600,OVINTIV CANADA ULC,3153.93,549.2150618480474,174.13673158505338
12,2023,105161107812W600,BIRCHCLIFF ENERGY LTD.,2134.93,392.07777422683756,183.6490068652544
12,2023,106012907108W600,OVINTIV CANADA ULC,3573.84,1786.836196595459,499.9765508795746
12,2023,106072107007W600,PIPESTONE ENERGY CORP.,3817.43,1342.6588824612427,351.7180098813188
12,2023,106082907108W600,OVINTIV CANADA ULC,3517.3,1328.952653706223,377.8331827555861
12,2023,106092907108W600,OVINTIV CANADA ULC,3105.8,695.8993547695519,224.06444547928132
12,2023,106101707107W600,PIPESTONE ENERGY CORP.,2720.76,526.7352600240446,193.598575406888
12,2023,106102507109W600,OVINTIV CANADA ULC,3340.82,597.9778468240415,178.99133949869838
12,2023,106161107812W600,BIRCHCLIFF ENERGY LTD.,2266.47,685.8073603677598,302.5883247374815
12,2023,106161707107W600,PIPESTONE ENERGY CORP.,3064.78,558.8686651944887,182.3519682308318
12,2023,107012907108W600,OVINTIV CANADA ULC,3468.32,1521.1656044116778,438.58859747995507
12,2023,107082907108W600,OVINTIV CANADA ULC,3394.28,1383.1175619405942,407.4848162027276
12,2023,107161707107W600,PIPESTONE ENERGY CORP.,2746.27,602.9275792691258,219.54417419595515
12,2023,108012907108W600,OVINTIV CANADA ULC,3206.0,1393.642251164125,434.69814446791173
12,2023,109082907108W600,OVINTIV CANADA ULC,3506.29,929.5994914818124,265.1233901023054
12,2023,1W0132806205W600,WHITECAP RESOURCES INC.,3045.46,916.9216737199307,301.07821929033076
12,2024,100010106508W600,CANADIAN NATURAL RESOURCES LIMITED,3354.43,4099.654416309629,1222.161266238863
12,2024,100010107210W600,ARCHER EXPLORATION CORP.,5007.9,196.8442433905602,39.30674402255641
12,2024,100010507209W600,NUVISTA ENERGY LTD.,2972.06,1773.9381983925923,596.8715969370041
12,2024,100010606707W600,PARAMOUNT RESOURCES LTD.,3263.11,1230.8048823995969,377.1876775222401
12,2024,100010607110W600,OVINTIV CANADA ULC,5254.16,1787.5346920531947,340.2132200110379
12,2024,100010906903W600,VEREN INC.,3031.19,324.74142327098133,107.13331175907196
12,2024,100011106105W600,TOURMALINE OIL CORP.,2901.45,1816.716927891555,626.141042544781
12,2024,100011206204W600,STRATHCONA RESOURCES LTD.,3463.03,1551.4764894872949,448.0112761042482
12,2024,100011206208W600,TOURMALINE OIL CORP.,2736.24,357.80572192816254,130.76547449352492
12,2024,100011207713W600,KELT EXPLORATION LTD.,2931.71,2074.021365324552,707.4442442549065
12,2024,100011306503W600,CANADIAN NATURAL RESOURCES LIMITED,3252.9300000000003,35.033562873864206,10.769848374808005
12,2024,100011407713W600,BIRCHCLIFF ENERGY LTD.,3535.33,1483.0069664835564,419.48190592775114
12,2024,100011506504W600,CANADIAN NATURAL RESOURCES LIMITED,3461.6400000000003,251.52681711285652,72.66117132713295
12,2024,100011606604W600,PARAMOUNT RESOURCES LTD.,3196.81,1501.7318281130606,469.7594877747068
12,2024,100011607812W600,LONGSHORE RESOURCES LTD.,3038.77,72.95168377773587,24.00697775012122
12,2024,100011707108W600,ARCHER EXPLORATION CORP.,5910.51,307.85529811784835,52.0860802397506
12,2024,100011707307W600,TAMARACK VALLEY ENERGY LTD.,3225.9300000000003,524.9583316913979,162.73085023276943
12,2024,100011708110W600,TOURMALINE OIL CORP.,3560.88,283.7973635003933,79.69865974152268
12,2024,100012106004W600,PEYTO EXPLORATION & DEVELOPMENT CORP.,1887.5700000000002,1545.159092602904,818.5969752660319
12,2024,100012106503W600,CANADIAN NATURAL RESOURCES LIMITED,3435.05,253.16199469764672,73.69965348325255
12,2024,100012406405W600,WHITECAP RESOURCES INC.,3524.37,769.5870858152296,218.36160386543682
12,2024,100013006404W600,ARC RESOURCES LTD.,3747.24,1082.921514674314,288.9917685214489
12,2024,100013605902W600,TOURMALINE OIL CORP.,2546.71,2515.5568633221333,987.7673010755575
12,2024,100013606708W600,NUVISTA ENERGY LTD.,3848.39,1189.1567622973457,309.0011049548891
12,2024,100020106508W600,CANADIAN NATURAL RESOURCES LIMITED,2896.88,3994.3191838331845,1378.8348788466158
12,2024,100020507209W600,NUVISTA ENERGY LTD.,2772.02,1884.2480033736847,679.7382426438787
12,2024,100021007707W600,TOURMALINE OIL CORP.,3374.56,249.769341955377,74.01538036229228
12,2024,100021206204W600,STRATHCONA RESOURCES LTD.,3390.68,1263.4294090187652,372.6182975151784
12,2024,100021207713W600,KELT EXPLORATION LTD.,2923.75,1772.953534723807,606.3971046511525
12,2024,100021207909W602,TOURMALINE OIL CORP.,1943.12,102.53239836750845,52.76688952175288
12,2024,100021306503W600,CANADIAN NATURAL RESOURCES LIMITED,3139.34,67.27651974695792,21.430147657456
12,2024,100021707108W600,ARCHER EXPLORATION CORP.,5765.57,322.81955715431155,55.99091801058899
12,2024,100021707307W600,TAMARACK VALLEY ENERGY LTD.,3542.73,466.1714314356776,131.5853681865899
12,2024,100022107711W600,INSIGNIA ENERGY LTD.,1579.6999999999998,445.57032843376965,282.0600926972018
12,2024,100022306405W600,WHITECAP RESOURCES INC.,3232.79,748.855206570056,231.64362874484763
12,2024,100022406104W600,TOURMALINE OIL CORP.,3237.76,2350.1146496327424,725.8458470154496
12,2024,100022506207W600,TOURMALINE OIL CORP.,2918.66,2339.4853315671376,801.5614465429812
12,2024,100022706804W600,VEREN INC.,3194.07,518.7427257680947,162.40806424658655
12,2024,100023206004W600,TOURMALINE OIL CORP.,2370.31,2442.7063546503387,1030.5429900098884
12,2024,100023606708W600,NUVISTA ENERGY LTD.,3380.82,1408.2119659845027,416.52970758114975
12,2024,100030807308W600,ARCHER EXPLORATION CORP.,4823.59,356.1220717666286,73.82925824264264
12,2024,100030907908W600,TOURMALINE OIL CORP.,2069.3599999999997,47.4262186626298,22.91830259724253
12,2024,100031006204W600,ARC RESOURCES LTD.,4356.360000000001,1665.8804761672654,382.40193100828793
12,2024,100031208426W500,PRAIRIE THUNDER RESOURCES LTD.,1427.01,21.955201283964364,15.38545720349848
12,2024,100031306503W600,CANADIAN NATURAL RESOURCES LIMITED,3342.77,86.92649589004486,26.00433050734716
12,2024,100031407210W600,ARCHER EXPLORATION CORP.,5013.46,141.16771215960185,28.157741791018946
12,2024,100031407808W600,KELT EXPLORATION LTD.,3729.92,564.9507346151719,151.46457152302781
12,2024,100031507713W600,BIRCHCLIFF ENERGY LTD.,2909.74,1911.1711312720886,656.8185237416706
12,2024,100031608009W600,ADVANTAGE ENERGY LTD.,1500.03,24.45953927444424,16.306033395628248
12,2024,100031707108W600,ARCHER EXPLORATION CORP.,5858.75,438.08192734356504,74.77395815550503
12,2024,100032007712W600,BIRCHCLIFF ENERGY LTD.,2889.81,2461.540650270567,851.8001703470356
12,2024,100032106503W600,CANADIAN NATURAL RESOURCES LIMITED,3369.12,205.34714812266543,60.94978751800632
12,2024,100032106505W600,PARAMOUNT RESOURCES LTD.,3598.1,818.6324115415349,227.5179710240224
12,2024,100032306405W602,WHITECAP RESOURCES INC.,3364.01,870.5287499580338,258.7770993421642
12,2024,100032307911W600,LOGAN ENERGY CORP.,3434.2,550.693865395028,160.3557933128612
12,2024,100032406405W600,WHITECAP RESOURCES INC.,3409.65,872.3942249541789,255.86034488999715
12,2024,100032506709W600,WHITECAP RESOURCES INC.,2501.9,315.47960843052414,126.09601040430238
12,2024,100032706804W600,VEREN INC.,3194.84,768.4615721507134,240.53209930723085
12,2024,100032805901W603,TOURMALINE OIL CORP.,993.02,389.81344516589496,392.55346837515356
12,2024,100033007808W600,TOURMALINE OIL CORP.,3327.49,685.4384236133814,205.9926321682053
12,2024,100033106303W600,ARC RESOURCES LTD.,3223.0,759.6371080082754,235.69255600629086
12,2024,100033606302W600,CANADIAN NATURAL RESOURCES LIMITED,3429.73,150.29195047630478,43.820344597476996
12,2024,100033606708W600,NUVISTA ENERGY LTD.,3222.49,1453.5191763604635,451.0546739820647
12,2024,100040106308W600,TOURMALINE OIL CORP.,3051.89,923.8256891223866,302.7060900367925
12,2024,100040106505W600,ARC RESOURCES LTD.,3228.64,757.3658873974526,234.57737232935622
12,2024,100040106508W600,CANADIAN NATURAL RESOURCES LIMITED,3112.41,4423.259524283123,1421.1686520359217
12,2024,100040406105W603,TOURMALINE OIL CORP.,2178.81,1116.1247944371626,512.263480724415
12,2024,100040406606W602,CANADIAN NATURAL RESOURCES LIMITED,3625.36,1094.4933782856394,301.89922608668917
12,2024,100040407209W600,NUVISTA ENERGY LTD.,3482.19,1293.7598337053591,371.53625554761777
12,2024,100040507209W600,NUVISTA ENERGY LTD.,2569.85,1645.1332437613346,640.1670306676789
12,2024,100040807408W600,TAMARACK VALLEY ENERGY LTD.,5537.84,571.488298577116,103.19696823619245
12,2024,100041007309W600,CANADIAN NATURAL RESOURCES LIMITED,4269.45,163.3281774520971,38.255086123996556
12,2024,100041205801W600,TOURMALINE OIL CORP.,2092.33,2483.3073182774797,1186.8621671903954
12,2024,100041306503W600,CANADIAN NATURAL RESOURCES LIMITED,3546.45,98.24049731213643,27.701080605150622
12,2024,100041407808W600,KELT EXPLORATION LTD.,3672.29,400.9438105819613,109.18086822717196
12,2024,100041407809W600,TOURMALINE OIL CORP.,3646.31,133.59346836824562,36.637989739831674
12,2024,100041806802W600,VEREN INC.,2752.01,155.9369086034163,56.66291496157945
12,2024,100041807611W600,LONGSHORE RESOURCES LTD.,4340.42,415.9894628656578,95.84083173187337
12,2024,100041907109W600,ARCHER EXPLORATION CORP.,4876.08,196.00257298440064,40.19675087045345
12,2024,100042007712W600,BIRCHCLIFF ENERGY LTD.,2379.66,2221.396895086048,933.4933961515713
12,2024,100042106505W600,PARAMOUNT RESOURCES LTD.,3681.83,915.18294802502,248.56741023486148
12,2024,100042306405W600,WHITECAP RESOURCES INC.,3500.08,509.14815466796557,145.4675763605305
12,2024,100042406405W600,WHITECAP RESOURCES INC.,3316.17,882.6391120778003,266.16220280558605
12,2024,100042408408W600,CANADIAN NATURAL RESOURCES LIMITED,1250.84,18.93688781852844,15.139336620613701
12,2024,100042506709W600,WHITECAP RESOURCES INC.,2585.0299999999997,358.8823012667392,138.8310005171078
12,2024,100042507206W602,KELT EXPLORATION LTD.,5017.360000000001,332.7366017803302,66.31706749771398
12,2024,100042606604W600,MANCAL ENERGY INC.,4273.55,186.9042958338379,43.73513725914939
12,2024,100042607008W600,STRATHCONA RESOURCES LTD.,2790.37,691.565975614169,247.84024183680626
12,2024,100042705801W600,TOURMALINE OIL CORP.,2694.48,1970.4443236599755,731.2892742421452
12,2024,100042706503W600,CANADIAN NATURAL RESOURCES LIMITED,2105.2799999999997,98.99107062974502,47.0203823860698
12,2024,100043005901W600,TOURMALINE OIL CORP.,2227.88,3268.316068641089,1467.0072304796886
12,2024,100043606302W600,CANADIAN NATURAL RESOURCES LIMITED,3623.76,97.00339700716683,26.768714541571963
12,2024,100043606708W600,NUVISTA ENERGY LTD.,3163.88,886.2320897613114,280.1092613377598
12,2024,100050107111W600,CARDINAL ENERGY LTD.,2567.44,117.59366766864517,45.801914618703904
12,2024,100050307209W600,CANADIAN NATURAL RESOURCES LIMITED,3282.25,1140.5648771244998,347.49482127336427
12,2024,100050307408W600,TAMARACK VALLEY ENERGY LTD.,4827.3,529.4413309496185,109.67649223160328
12,2024,100050406606W600,CANADIAN NATURAL RESOURCES LIMITED,3386.91,1435.1607869274385,423.73750318946725
12,2024,100051006903W600,VEREN INC.,3073.77,309.5613360071656,100.7106374280332
12,2024,100051007811W600,BIRCHCLIFF ENERGY LTD.,1662.7800000000002,385.93122283888545,232.09999088206823
12,2024,100051407809W600,TOURMALINE OIL CORP.,3421.84,187.0874789048454,54.67452566597076
12,2024,100051606604W600,CANADIAN NATURAL RESOURCES LIMITED,3403.5699999999997,397.84157334722215,116.8894934869041
12,2024,100052106308W600,TOURMALINE OIL CORP.,1741.35,1349.1444481752442,774.7692584346881
12,2024,100052107712W600,BIRCHCLIFF ENERGY LTD.,3382.99,1865.5636354995393,551.4540792315495
12,2024,100052307007W600,STRATHCONA RESOURCES LTD.,4389.91,1290.3082749585526,293.9259062164264
12,2024,100052606604W600,MANCAL ENERGY INC.,4510.65,171.17454136074596,37.948974396316714
12,2024,100052607008W600,STRATHCONA RESOURCES LTD.,3167.03,1059.8779705360873,334.65990866398084
12,2024,100052706712W600,CENOVUS ENERGY INC.,3351.46,1042.9160673357617,311.1826091720509
12,2024,100052807713W600,BIRCHCLIFF ENERGY LTD.,3095.3,1507.2519655379492,486.94858835587803
12,2024,100052906903W600,VEREN INC.,3302.47,290.1673997930937,87.86375040290864
12,2024,100053106004W600,TOURMALINE OIL CORP.,3228.36,2366.10578116179,732.9126185313255
12,2024,100053107308W600,ARCHER EXPLORATION CORP.,3955.1,544.249017487103,137.6068917314614
12,2024,100053307008W602,NUVISTA ENERGY LTD.,4089.44,1534.357302967184,375.1998569406041
12,2024,100053307108W600,CANADIAN NATURAL RESOURCES LIMITED,3173.13,865.8889950933949,272.88166419068705
12,2024,100053307511W602,INSIGNIA ENERGY LTD.,2322.13,1280.6809190968722,551.511293121777
12,2024,100053607209W600,CANADIAN NATURAL RESOURCES LIMITED,2989.56,629.0863868598575,210.4277508596106
12,2024,100060107111W600,CARDINAL ENERGY LTD.,2315.85,123.74687148635823,53.43475246080629
12,2024,100060607708W600,LONGSHORE RESOURCES LTD.,1900.0,2.788462165219048,1.4676116659047622
12,2024,100062107209W600,OVINTIV CANADA ULC,2402.51,683.1753248410901,284.3589932366941
12,2024,100062206004W600,PEYTO EXPLORATION & DEVELOPMENT CORP.,2167.29,1513.4983849745438,698.3368100136779
12,2024,100063006404W600,ARC RESOURCES LTD.,3252.26,886.2190535920541,272.49329807335636
12,2024,100070906904W600,VEREN INC.,3347.13,1166.3519615432929,348.4632988689692
12,2024,100071107808W600,KELT EXPLORATION LTD.,4192.02,341.8702652965948,81.55263221468284
12,2024,100071405802W600,TOURMALINE OIL CORP.,2686.96,3168.471883390205,1179.2032197688857
12,2024,100072107107W600,STRATHCONA RESOURCES LTD.,3480.98,834.0653423153644,239.60647355496567
12,2024,100072107209W600,OVINTIV CANADA ULC,2403.81,491.43744269160067,204.4410509531122
12,2024,100072306005W600,TOURMALINE OIL CORP.,3525.43,3278.782529414475,930.0376207766075
12,2024,100072706804W600,VEREN INC.,3263.85,726.2141345745304,222.50230083322776
12,2024,100072905901W600,TOURMALINE OIL CORP.,2138.14,2439.1083554443244,1140.7617627677907
12,2024,100073305904W600,TOURMALINE OIL CORP.,2583.07,1638.4304827694061,634.2958118709157
12,2024,100080406903W600,VEREN INC.,4224.55,255.99692862120432,60.59744318831693
12,2024,100080407407W600,TAMARACK VALLEY ENERGY LTD.,5092.68,749.4547054454575,147.16312539673757
12,2024,100080607611W600,CANADIAN NATURAL RESOURCES LIMITED,3326.02,1459.961583594068,438.95153474545197
12,2024,100081206105W600,TOURMALINE OIL CORP.,2210.98,919.9690444026102,416.09107472822467
12,2024,100081506504W600,CANADIAN NATURAL RESOURCES LIMITED,3198.9300000000003,314.64749515226794,98.36023143747062
12,2024,100081606604W600,PARAMOUNT RESOURCES LTD.,3157.29,1351.1580539624738,427.94866925827966
12,2024,100081906710W602,CENOVUS ENERGY INC.,1620.9699999999998,443.640900889692,273.68853272404306
12,2024,100082007712W600,BIRCHCLIFF ENERGY LTD.,3507.31,2401.8478279473593,684.8119578672428
12,2024,100082208009W600,LONGSHORE RESOURCES LTD.,3146.63,657.0689570601855,208.81672044701332
12,2024,100082406104W600,TOURMALINE OIL CORP.,3055.78,3111.086476673271,1018.0989720049449
12,2024,100082506207W600,TOURMALINE OIL CORP.,2536.36,2400.2638610210583,946.3419471293737
12,2024,100082706804W600,VEREN INC.,3348.44,450.309713932902,134.48343525131165
12,2024,100083006903W600,VEREN INC.,3352.49,258.300051154137,77.04722494448515
12,2024,100083205903W600,TOURMALINE OIL CORP.,2421.75,1971.7575565695558,814.1870781746902
12,2024,100083206203W600,STRATHCONA RESOURCES LTD.,3522.83,500.99854522056285,142.21479470214655
12,2024,100083406408W600,CANADIAN NATURAL RESOURCES LIMITED,3363.33,5223.6884467557475,1553.129917895582
12,2024,100090606604W602,CANADIAN NATURAL RESOURCES LIMITED,3498.1400000000003,372.1191087949346,106.37627676277523
12,2024,100090607611W600,CANADIAN NATURAL RESOURCES LIMITED,3553.09,2113.460790604391,594.8233201535539
12,2024,100090806102W600,STRATHCONA RESOURCES LTD.,2114.99,278.3434103164405,131.60507156839537
12,2024,100091107712W600,BIRCHCLIFF ENERGY LTD.,3323.22,1571.020873483951,472.7405568948042
12,2024,100091406402W600,CANADIAN NATURAL RESOURCES LIMITED,3298.5299999999997,156.99545214351338,47.59558110537524
12,2024,100091407510W600,WHITECAP RESOURCES INC.,4045.98,123.29326488515832,30.473028755742323
12,2024,100091506403W602,VEREN INC.,2707.71,215.06296961427222,79.42614593670379
12,2024,100092006710W600,CENOVUS ENERGY INC.,3030.6,1614.0639418870053,532.588907109815
12,2024,100092107107W600,STRATHCONA RESOURCES LTD.,3695.63,1207.3878036336891,326.7068953422526
12,2024,100092107712W600,BIRCHCLIFF ENERGY LTD.,2100.07,875.6316475114802,416.9535527441848
12,2024,100092206803W600,VEREN INC.,2618.78,781.189095052617,298.30268103949817
12,2024,100092306508W600,CANADIAN NATURAL RESOURCES LIMITED,3334.26,2256.900069686712,676.8818477523384
12,2024,100093106303W600,ARC RESOURCES LTD.,3386.39,129.56069021388922,38.259234823481414
12,2024,100093206403W600,VEREN INC.,2508.51,338.3698600813002,134.88878261649353
12,2024,100093406408W600,CANADIAN NATURAL RESOURCES LIMITED,3279.62,6023.724387680746,1836.7141277589315
12,2024,100093407808W600,TOURMALINE OIL CORP.,3068.94,199.26660383910416,64.93010741138771
12,2024,100093507308W600,ARCHER EXPLORATION CORP.,4118.25,925.0995974346704,224.63415223327152
12,2024,100100607610W600,ASTARA ENERGY CORP.,1223.67,9.267149692771737,7.573242534974083
12,2024,100100906904W600,VEREN INC.,3538.62,1369.8533346419642,387.11512811264396
12,2024,100101407510W600,WHITECAP RESOURCES INC.,3926.0,147.43986188773897,37.554727938802586
12,2024,100102307210W600,ARCHER EXPLORATION CORP.,2515.0,6.54497327369954,2.6023750591250656
12,2024,100102406604W600,VEREN INC.,3020.61,1115.0814803750022,369.1577133012876
12,2024,100103007210W600,CANADIAN NATURAL RESOURCES LIMITED,5117.43,1075.6869684499663,210.20062188441588
12,2024,100103107109W600,NUVISTA ENERGY LTD.,3633.93,1417.3293110453556,390.02658583003955
12,2024,100103206403W600,VEREN INC.,2811.44,119.07500856157543,42.3537434772129
12,2024,100103207108W600,CANADIAN NATURAL RESOURCES LIMITED,3877.41,964.2768646086514,248.69097273918712
12,2024,100103407607W600,TOURMALINE OIL CORP.,3293.7,307.78285126128173,93.4459274558344
12,2024,100111506403W600,VEREN INC.,2320.02,479.53833907438775,206.69577808570088
12,2024,100112306803W600,VEREN INC.,2850.47,758.0016500757591,265.92163751092244
12,2024,100113307708W600,TOURMALINE OIL CORP.,2150.1,527.7851685129881,245.47005651504028
12,2024,100120106308W600,TOURMALINE OIL CORP.,3016.71,678.1151473337671,224.78632262755357
12,2024,100120306903W600,VEREN INC.,3982.0,350.79511041596925,88.0952060311324
12,2024,100120807408W600,TAMARACK VALLEY ENERGY LTD.,5153.36,432.3839092865549,83.90329984448107
12,2024,100121007811W600,BIRCHCLIFF ENERGY LTD.,1663.87,326.58801602323075,196.2821710970393
12,2024,100121106105W600,TOURMALINE OIL CORP.,1614.0,1003.4034209733339,621.6873735894263
12,2024,100121205801W600,TOURMALINE OIL CORP.,2166.33,2119.700605378383,978.4753963516099
12,2024,100121207207W600,KELT EXPLORATION LTD.,5215.15,345.9086577980068,66.32765266540882
12,2024,100121307408W600,OVINTIV CANADA ULC,2997.2,601.758659474244,200.77360852603897
12,2024,100121606306W600,ORLEN UPSTREAM CANADA LTD.,2776.04,781.9105122067257,281.6639933886852
12,2024,100121606403W600,VEREN INC.,3066.2,181.73881875392814,59.271677892481954
12,2024,100121606604W600,CANADIAN NATURAL RESOURCES LIMITED,3236.04,373.5576224499638,115.43665172555463
12,2024,100121706406W600,ARC RESOURCES LTD.,3101.82,1395.0560057931614,449.75401725218137
12,2024,100121907612W600,ADVANTAGE ENERGY LTD.,3338.8,3185.2515028500075,954.010873023244
12,2024,100122106403W600,VEREN INC.,2870.59,293.0705324237518,102.09418008972085
12,2024,100122107209W600,OVINTIV CANADA ULC,2325.4,721.8582812555541,310.4232739552568
12,2024,100122306803W600,VEREN INC.,2823.89,907.0157673716167,321.19373182794544
12,2024,100122705801W600,TOURMALINE OIL CORP.,2722.85,2413.9161009455497,886.5402431076078
12,2024,100122807713W600,BIRCHCLIFF ENERGY LTD.,2757.17,1126.7575756217352,408.66452762134185
12,2024,100123005901W603,TOURMALINE OIL CORP.,1829.9299999999998,3250.062290137454,1776.0582591342043
12,2024,100123006206W600,TOURMALINE OIL CORP.,2897.83,2514.6342554470416,867.7645877939843
12,2024,100123007308W600,ARCHER EXPLORATION CORP.,4606.700000000001,502.2512213153659,109.02624901021682
12,2024,100123406807W600,NUVISTA ENERGY LTD.,2780.58,830.5794628654083,298.7072707368277
12,2024,100123506127W500,LOGAN ENERGY CORP.,3123.31,1029.8359164677286,329.7258089871734
12,2024,100123606127W500,LOGAN ENERGY CORP.,3523.59,950.2531210136862,269.6832267697678
12,2024,100123606606W600,CANADIAN NATURAL RESOURCES LIMITED,2601.08,1692.1541538219183,650.5582887961609
12,2024,100123607209W600,CANADIAN NATURAL RESOURCES LIMITED,2936.51,590.880615257063,201.21866271766928
12,2024,100130106308W600,TOURMALINE OIL CORP.,3034.48,1057.9058562123,348.6283831866745
12,2024,100130406204W603,ARC RESOURCES LTD.,3283.25,2920.61661553382,889.5504806316363
12,2024,100130406605W600,PARAMOUNT RESOURCES LTD.,2704.36,1212.3007039035517,448.276377369711
12,2024,100130407309W600,OVINTIV CANADA ULC,3278.15,1001.2159097482594,305.42101787540514
12,2024,100130607308W602,CANADIAN NATURAL RESOURCES LIMITED,4723.46,223.682862371973,47.35572279049108
12,2024,100130708304W600,SAND HILLS DIV CORP LTD.,1598.33,387.9637438520959,242.7306900653156
12,2024,100130806406W600,ARC RESOURCES LTD.,3423.18,1101.8702339629972,321.8849823739906
12,2024,100130807408W600,TAMARACK VALLEY ENERGY LTD.,5455.0,365.0849040028707,66.92665517926136
12,2024,100130906403W600,VEREN INC.,2203.83,1231.0186640316842,558.5814985873159
12,2024,100130907608W600,TOURMALINE OIL CORP.,2876.2,341.52130857776496,118.74045913975557
12,2024,100131007811W600,BIRCHCLIFF ENERGY LTD.,1808.3000000000002,332.501407097949,183.87513526403197
12,2024,100131107709W600,LONGSHORE RESOURCES LTD.,4280.7,93.30373336616864,21.79637287503648
12,2024,100131306909W600,SINOPEC CANADA ENERGY LTD.,3147.37,999.4238116466237,317.5425233279289
12,2024,100131407709W600,LONGSHORE RESOURCES LTD.,4455.99,122.27734898447996,27.44111835629792
12,2024,100131407809W600,TOURMALINE OIL CORP.,3309.9300000000003,98.87370245718236,29.87184093234067
12,2024,100131606604W600,CANADIAN NATURAL RESOURCES LIMITED,3483.71,230.0783278525223,66.04405299307987
12,2024,100131706406W602,ARC RESOURCES LTD.,3321.77,1458.168322873922,438.97329522330625
12,2024,100131707509W600,WHITECAP RESOURCES INC.,4037.71,360.5014083304148,89.28363065460738
12,2024,100131707908W600,TOURMALINE OIL CORP.,2941.95,141.0877470935324,47.957221262608954
12,2024,100131907612W600,ADVANTAGE ENERGY LTD.,3477.04,3219.6050081048634,925.9614522999054
12,2024,100132006508W600,CANADIAN NATURAL RESOURCES LIMITED,2625.39,1342.3900847203981,511.31073277509176
12,2024,100132106102W600,WHITECAP RESOURCES INC.,3646.17,1734.4073550175262,475.67923465376714
12,2024,100132106403W600,VEREN INC.,3170.75,347.0397124528713,109.45035479078177
12,2024,100132307007W600,STRATHCONA RESOURCES LTD.,4119.639999999999,1018.8276919594458,247.30988434898342
12,2024,100132705801W600,TOURMALINE OIL CORP.,2676.73,2221.3087169120554,829.8590881082721
12,2024,100132706403W600,VEREN INC.,2207.09,426.7759900413555,193.36592075599793
12,2024,100133008211W600,BONTERRA ENERGY CORP.,3818.73,898.6649342211454,235.33083884462775
12,2024,100133406807W600,NUVISTA ENERGY LTD.,2760.35,1291.2642854406404,467.79005757988676
12,2024,100133506003W600,WHITECAP RESOURCES INC.,3394.7,3144.974274882179,926.4365849359824
12,2024,100133607108W600,STRATHCONA RESOURCES LTD.,3136.63,728.6349565225213,232.29866338156597
12,2024,100140807007W600,STRATHCONA RESOURCES LTD.,3580.82,708.0653462942673,197.73832426490785
12,2024,100140907608W600,TOURMALINE OIL CORP.,3120.24,376.83205773097166,120.77021566641402
12,2024,100141306909W600,SINOPEC CANADA ENERGY LTD.,2704.16,903.3105763880296,334.0447963094009
12,2024,100141407308W600,KELT EXPLORATION LTD.,3161.36,240.7385336411109,76.15030671644826
12,2024,100141706806W600,PARAMOUNT RESOURCES LTD.,3180.9,590.4625508334858,185.6275113437976
12,2024,100141907612W600,ADVANTAGE ENERGY LTD.,3443.49,4159.779801526233,1208.012743329074
12,2024,100142107410W600,OVINTIV CANADA ULC,2207.0,204.05319921290027,92.45727195872237
12,2024,100142406909W602,SINOPEC CANADA ENERGY LTD.,3225.11,1617.0732398699922,501.4009568262764
12,2024,100142706712W600,CENOVUS ENERGY INC.,3010.3,1609.8006323190846,534.764187064108
12,2024,100142905901W600,TOURMALINE OIL CORP.,2364.29,1869.2164426859788,790.6037088030566
12,2024,100143007210W600,CANADIAN NATURAL RESOURCES LIMITED,3606.62,782.8613939745328,217.06234479222454
12,2024,100143305802W600,TOURMALINE OIL CORP.,3112.35,2882.144979321156,926.0349829939294
12,2024,100150208426W500,PRAIRIE THUNDER RESOURCES LTD.,2148.88,49.37461062148818,22.97690453700913
12,2024,100150406204W600,ARC RESOURCES LTD.,3592.97,2678.4050030121734,745.4571017882625
12,2024,100150406605W600,PARAMOUNT RESOURCES LTD.,2655.39,1633.2945579223494,615.0865062843309
12,2024,100150906208W600,TOURMALINE OIL CORP.,2637.81,1787.6386370856533,677.6980287001919
12,2024,100150906904W600,VEREN INC.,3707.81,1020.7470750368753,275.29648904255487
12,2024,100151306909W600,SINOPEC CANADA ENERGY LTD.,2537.13,1194.2906260483928,470.72504209417446
12,2024,100151405802W600,TOURMALINE OIL CORP.,2892.98,2311.5164654232963,799.0087955752533
12,2024,100151407308W600,KELT EXPLORATION LTD.,3099.51,154.2326582862624,49.7603357583174
12,2024,100151507308W600,ADVANTAGE ENERGY LTD.,3060.09,646.7371538959951,211.34579502432774
12,2024,100151706806W600,PARAMOUNT RESOURCES LTD.,3178.09,394.0035882422648,123.97496239636537
12,2024,100151806401W600,VEREN INC.,4358.4,45.33519567542857,10.401797833018671
12,2024,100151906707W600,PARAMOUNT RESOURCES LTD.,2789.66,1069.7253658119043,383.4608396047921
12,2024,100152406909W600,SINOPEC CANADA ENERGY LTD.,2940.11,1701.9075171722397,578.8584499124999
12,2024,100152706712W600,CENOVUS ENERGY INC.,2600.11,548.8521787279828,211.08806116971311
12,2024,100153107109W600,NUVISTA ENERGY LTD.,3724.46,1701.9904093983891,456.9764232662961
12,2024,100153206005W600,TOURMALINE OIL CORP.,2690.67,1511.625175679371,561.8025159827743
12,2024,100153305802W602,TOURMALINE OIL CORP.,3005.93,2443.8175816696357,812.998832863585
12,2024,100160406204W600,ARC RESOURCES LTD.,3761.15,2631.4120205324084,699.6296400123389
12,2024,100160407409W600,CANADIAN NATURAL RESOURCES LIMITED,5200.7,313.3420064932068,60.24996759920911
12,2024,100160606604W600,CANADIAN NATURAL RESOURCES LIMITED,3904.74,807.9648837299859,206.91899684229577
12,2024,100161107712W600,BIRCHCLIFF ENERGY LTD.,2903.57,1209.0794837957064,416.4113432070542
12,2024,100161306909W600,SINOPEC CANADA ENERGY LTD.,2497.43,1177.9331329265826,471.6581177156448
12,2024,100161407713W602,BIRCHCLIFF ENERGY LTD.,2636.46,1052.3989858312666,399.1712318151107
12,2024,100161507308W602,ADVANTAGE ENERGY LTD.,3406.12,597.7353562769057,175.48863700542134
12,2024,100161507911W600,LOGAN ENERGY CORP.,3267.67,510.5062167711656,156.22942854424272
12,2024,100161706806W600,PARAMOUNT RESOURCES LTD.,3242.22,406.23073992645783,125.29400840364252
12,2024,100161906707W600,PARAMOUNT RESOURCES LTD.,2989.61,1266.21693119455,423.5391677157054
12,2024,100162207210W600,CARDINAL ENERGY LTD.,775.25,5.715704700309677,7.372724540870269
12,2024,100162306508W600,CANADIAN NATURAL RESOURCES LIMITED,3362.13,2263.5004693549386,673.2340716613987
12,2024,100162406104W600,TOURMALINE OIL CORP.,3150.02,4276.476603837446,1357.6030005642651
12,2024,100162506005W600,TOURMALINE OIL CORP.,3319.83,2339.313982240911,704.6487266639891
12,2024,100162506309W600,TOURMALINE OIL CORP.,2612.08,1128.3633331863423,431.97885715075427
12,2024,100163006505W600,PARAMOUNT RESOURCES LTD.,3123.71,580.9637514638574,185.98517514873578
12,2024,100163205903W600,TOURMALINE OIL CORP.,2859.01,1581.362043560397,553.1152544273706
12,2024,100163207708W600,TOURMALINE OIL CORP.,2843.79,864.5461212405247,304.0119422462716
12,2024,100163406408W600,CANADIAN NATURAL RESOURCES LIMITED,3726.46,5756.8431894737405,1544.855758407105
12,2024,100163407610W600,ADVANTAGE ENERGY LTD.,3388.0699999999997,443.5881628194544,130.9265047119612
12,2024,100163507308W600,ARCHER EXPLORATION CORP.,3849.96,765.3993339400517,198.8070873307909
12,2024,102010207608W600,TOURMALINE OIL CORP.,4438.62,492.550967936728,110.96939317552032
12,2024,102010407108W600,OVINTIV CANADA ULC,3282.87,1647.433876146819,501.8273267436174
12,2024,102010507209W600,NUVISTA ENERGY LTD.,3201.4,1631.5102325040655,509.62398716313663
12,2024,102010606707W602,PARAMOUNT RESOURCES LTD.,3388.17,1140.1915830385794,336.52136198554956
12,2024,102011206204W600,STRATHCONA RESOURCES LTD.,3490.93,1154.8802537208728,330.8230911879851
12,2024,102011507710W600,TAQA NORTH LTD.,3506.9,1629.5945422828881,464.6823525857276
12,2024,102011606604W600,PARAMOUNT RESOURCES LTD.,3168.47,1450.261667713149,457.71671112970904
12,2024,102012007712W600,BIRCHCLIFF ENERGY LTD.,3329.82,2614.3290685293855,785.1262436195907
12,2024,102012207108W600,TAMARACK VALLEY ENERGY LTD.,4715.139999999999,417.2882644069026,88.49965523969652
12,2024,102012306205W600,WHITECAP RESOURCES INC.,3336.62,2494.255660397766,747.5396240500165
12,2024,102012306405W600,WHITECAP RESOURCES INC.,3321.09,1074.23572370997,323.4587812163988
12,2024,102012406405W600,WHITECAP RESOURCES INC.,3558.86,977.110573334523,274.55718216915614
12,2024,102013407808W600,TOURMALINE OIL CORP.,3608.09,179.6325497977475,49.78605018105077
12,2024,102013506708W600,NUVISTA ENERGY LTD.,3115.07,991.5532718693715,318.3085041008297
12,2024,102020407108W600,OVINTIV CANADA ULC,3182.22,1704.7897144241858,535.7233988926554
12,2024,102021107808W600,KELT EXPLORATION LTD.,3935.8199999999997,438.4322713002802,111.3954071325112
12,2024,102021306503W600,CANADIAN NATURAL RESOURCES LIMITED,3157.0,70.44165381856837,22.312845682156592
12,2024,102022106503W600,CANADIAN NATURAL RESOURCES LIMITED,3315.26,246.59251573448972,74.38104876676029
12,2024,102022107711W600,INSIGNIA ENERGY LTD.,1651.37,433.2234765161131,262.34185949612333
12,2024,102022306405W600,WHITECAP RESOURCES INC.,3273.29,897.3045798630096,274.1292643985133
12,2024,102022406405W600,WHITECAP RESOURCES INC.,3552.39,976.9133487093101,275.0017167904735
12,2024,102022806403W600,VEREN INC.,2843.51,234.3131039359693,82.40277120037183
12,2024,102023606708W600,NUVISTA ENERGY LTD.,3577.04,1405.3711282676572,392.88661246943207
12,2024,102030907308W600,ARCHER EXPLORATION CORP.,4728.92,232.875431324118,49.24495050119647
12,2024,102031206105W600,TOURMALINE OIL CORP.,2163.69,1537.9139426380978,710.782941474101
12,2024,102031306605W600,PARAMOUNT RESOURCES LTD.,3053.46,519.8433297126071,170.24730296535964
12,2024,102031407713W600,BIRCHCLIFF ENERGY LTD.,2363.32,1245.9621955334392,527.2084167753158
12,2024,102031707007W600,STRATHCONA RESOURCES LTD.,3326.95,706.9200516240284,212.48292027954386
12,2024,102032107711W600,INSIGNIA ENERGY LTD.,1775.0500000000002,381.9178225126907,215.15890961532952
12,2024,102032306405W600,WHITECAP RESOURCES INC.,3297.63,764.1978048141937,231.74152491765105
12,2024,102032406405W600,WHITECAP RESOURCES INC.,3417.82,834.8979722181825,244.2779234184897
12,2024,102032706804W600,VEREN INC.,3233.56,427.7277623254686,132.2776637283578
12,2024,102032806103W600,STRATHCONA RESOURCES LTD.,3143.23,1266.6124358717088,402.96524144644485
12,2024,102032807711W600,TAQA NORTH LTD.,3357.62,587.0164423762926,174.83111322195262
12,2024,102033106303W600,ARC RESOURCES LTD.,3158.99,543.1777149978632,171.94663958982562
12,2024,102040306907W600,NUVISTA ENERGY LTD.,2988.52,1664.4838497607032,556.9592473065943
12,2024,102040307108W600,OVINTIV CANADA ULC,3630.94,1726.024356088262,475.36570587458397
12,2024,102040406606W600,CANADIAN NATURAL RESOURCES LIMITED,3511.63,1129.444370508687,321.6296621536685
12,2024,102040407209W600,NUVISTA ENERGY LTD.,3695.96,1656.8054223854253,448.27471682199626
12,2024,102040507611W600,CANADIAN NATURAL RESOURCES LIMITED,3347.16,1950.1976043515886,582.6424802972037
12,2024,102040806204W600,TOURMALINE OIL CORP.,1736.75,201.83349235455853,116.21332509259163
12,2024,102041006204W600,ARC RESOURCES LTD.,4030.26,2376.892582145663,589.7615990396805
12,2024,102041606403W600,VEREN INC.,2503.11,400.5826485012326,160.03397713293964
12,2024,102041706406W600,ARC RESOURCES LTD.,3351.21,1085.9944803082544,324.0604081237089
12,2024,102042106503W600,CANADIAN NATURAL RESOURCES LIMITED,3685.77,173.3293104735177,47.02662143148316
12,2024,102042207108W600,TAMARACK VALLEY ENERGY LTD.,4664.469999999999,344.8887857530495,73.9395442039609
12,2024,102042306405W600,WHITECAP RESOURCES INC.,3353.15,632.0853159575804,188.50493296082203
12,2024,102042307007W600,STRATHCONA RESOURCES LTD.,4682.23,1053.4725527112666,224.99376423440685
12,2024,102042406405W600,WHITECAP RESOURCES INC.,3331.1,902.9314967894036,271.06105994698555
12,2024,102042506709W600,WHITECAP RESOURCES INC.,2433.96,387.37483222611,159.15414888745502
12,2024,102042508013W600,STORM DEVELOPMENT CORP.,3573.25,2233.4370593862786,625.0436043899191
12,2024,102042807406W600,BONTERRA ENERGY CORP.,3522.1099999999997,757.6414032479005,215.1100911805425
12,2024,102043108211W600,BONTERRA ENERGY CORP.,3919.09,744.8493014227699,190.0566971982705
12,2024,102050307209W600,CANADIAN NATURAL RESOURCES LIMITED,3179.94,1175.7394182261685,369.7363529582849
12,2024,102050807408W600,TAMARACK VALLEY ENERGY LTD.,5194.14,540.9973989853171,104.15533639549898
12,2024,102051006004W600,TOURMALINE OIL CORP.,3071.26,1673.3746903500228,544.8495699973374
12,2024,102051006903W600,VEREN INC.,3057.79,316.657340981761,103.55758275805762
12,2024,102051205801W600,TOURMALINE OIL CORP.,2032.2399999999998,1917.9388902871915,943.7560968621775
12,2024,102051606306W600,ORLEN UPSTREAM CANADA LTD.,2765.37,461.1407999059847,166.75555166432872
12,2024,102051706406W600,ARC RESOURCES LTD.,3176.48,1310.992544563441,412.7186522702617
12,2024,102052008211W600,BONTERRA ENERGY CORP.,3054.29,297.1982569034888,97.30518611640964
12,2024,102052106403W600,VEREN INC.,2705.51,106.68069542301814,39.43090043023982
12,2024,102053006404W600,ARC RESOURCES LTD.,3324.01,872.4756659685702,262.47684753312114
12,2024,102053307008W600,NUVISTA ENERGY LTD.,4071.11,1753.7100298012767,430.7695026175359
12,2024,102061006903W600,VEREN INC.,3286.37,281.42054249761844,85.63264102873946
12,2024,102061707007W600,STRATHCONA RESOURCES LTD.,3132.76,622.2382752391816,198.6230273749606
12,2024,102062107209W600,OVINTIV CANADA ULC,2442.77,392.27155876367686,160.58472912459087
12,2024,102063006404W600,ARC RESOURCES LTD.,3165.33,908.3314062674618,286.9626251504462
12,2024,102063007210W600,CANADIAN NATURAL RESOURCES LIMITED,4130.21,1402.4770822015287,339.5655625746702
12,2024,102063607209W600,CANADIAN NATURAL RESOURCES LIMITED,3066.51,664.4660472469408,216.68478082476196
12,2024,102071006903W600,VEREN INC.,3230.13,315.69986279687254,97.73596195721922
12,2024,102071907513W600,ADVANTAGE ENERGY LTD.,3750.89,3856.106336136546,1028.051032191439
12,2024,102072107209W600,OVINTIV CANADA ULC,2614.88,483.24687773964365,184.80652180583567
12,2024,102072706804W600,VEREN INC.,3224.41,525.0464845601696,162.83490144248702
12,2024,102073006404W602,ARC RESOURCES LTD.,3045.45,980.1328372576713,321.8351433310911
12,2024,102080907713W600,BIRCHCLIFF ENERGY LTD.,3114.25,2128.0960055717605,683.3414162548802
12,2024,102081606604W600,PARAMOUNT RESOURCES LTD.,3167.64,1123.6193466862956,354.71813295901546
12,2024,102082007712W600,BIRCHCLIFF ENERGY LTD.,3551.16,2042.207345590087,575.0817607739688
12,2024,102082306205W602,WHITECAP RESOURCES INC.,3315.32,2401.690100791063,724.4218056751876
12,2024,102082806403W600,VEREN INC.,2562.18,265.6753401824381,103.69113028063529
12,2024,102083206203W600,STRATHCONA RESOURCES LTD.,3536.18,817.6819008221886,231.23311053797846
12,2024,102083305802W600,TOURMALINE OIL CORP.,2200.13,1608.490637056112,731.0889070446345
12,2024,102083407808W600,TOURMALINE OIL CORP.,3215.26,165.82903583256655,51.57562244812754
12,2024,102091506403W602,VEREN INC.,2601.21,369.2055868073733,141.93609389759894
12,2024,102092406604W600,VEREN INC.,3021.67,795.9007212663533,263.39763153036347
12,2024,102093106303W600,ARC RESOURCES LTD.,3311.03,531.8585942443254,160.63236945733667
12,2024,102093206403W600,VEREN INC.,2388.66,215.19380954708205,90.08976143406012
12,2024,102093506127W500,LOGAN ENERGY CORP.,3510.45,1150.2070055485026,327.652296870345
12,2024,102100906904W600,VEREN INC.,3426.79,1042.4879428074787,304.21704942744634
12,2024,102101506403W600,VEREN INC.,2442.46,307.1253368976492,125.74426475669989
12,2024,102102406604W600,VEREN INC.,3008.54,1460.2153807412758,485.35681119123427
12,2024,102102806802W600,VEREN INC.,3599.57,1978.3993587064592,549.6210265966376
12,2024,102103006505W600,PARAMOUNT RESOURCES LTD.,2855.56,667.8101008863631,233.86309546511478
12,2024,102103107109W600,NUVISTA ENERGY LTD.,3616.46,1725.5435679837617,477.13608555984626
12,2024,102111407809W600,TOURMALINE OIL CORP.,2902.12,93.93563714048261,32.36793693592361
12,2024,102112107209W600,OVINTIV CANADA ULC,2288.67,558.8852219170349,244.19650797932198
12,2024,102113007210W600,CANADIAN NATURAL RESOURCES LIMITED,3864.17,398.3910631356252,103.0987412913058
12,2024,102120306903W600,VEREN INC.,4143.34,366.1697590016013,88.37550357962446
12,2024,102120406606W600,CANADIAN NATURAL RESOURCES LIMITED,3234.19,1107.5164206727902,342.44012277348895
12,2024,102121007811W600,BIRCHCLIFF ENERGY LTD.,1581.37,418.58633209674724,264.69854119955943
12,2024,102121106903W600,VEREN INC.,3422.99,310.99856336086395,90.85582001725507
12,2024,102121507912W600,CANADIAN NATURAL RESOURCES LIMITED,3437.55,907.6550756241046,264.04127230850594
12,2024,102122106403W600,VEREN INC.,2799.26,132.86725089906852,47.46513396364343
12,2024,102122107209W600,OVINTIV CANADA ULC,2261.11,332.918877843989,147.23692250442878
12,2024,102122307007W600,STRATHCONA RESOURCES LTD.,4178.01,1003.6977539564916,240.23344940689265
12,2024,102122607008W600,STRATHCONA RESOURCES LTD.,3819.42,1021.3887344002619,267.4198528573087
12,2024,102122706403W600,VEREN INC.,2193.35,102.54402455261445,46.75223952064852
12,2024,102123606606W600,CANADIAN NATURAL RESOURCES LIMITED,2871.81,1645.6967014629076,573.0520826457557
12,2024,102130306004W600,TOURMALINE OIL CORP.,2338.02,1970.286506087273,842.7158476348675
12,2024,102130406605W600,PARAMOUNT RESOURCES LTD.,2925.78,1242.4651544908559,424.6611688133953
12,2024,102130407309W600,OVINTIV CANADA ULC,3208.43,532.0422734682556,165.8263616373914
12,2024,102130906403W600,VEREN INC.,2292.52,817.1952996251355,356.46157923382805
12,2024,102131306909W600,SINOPEC CANADA ENERGY LTD.,3019.08,1405.9457614939452,465.68681899583487
12,2024,102131307210W600,NUVISTA ENERGY LTD.,3232.51,1116.2379477266727,345.3161622784377
12,2024,102131407911W600,LOGAN ENERGY CORP.,3383.41,515.4399409630379,152.343328465376
12,2024,102131507912W600,CANADIAN NATURAL RESOURCES LIMITED,3915.65,1607.1395799497932,410.4400495319533
12,2024,102131606403W600,VEREN INC.,3072.29,513.4326924727706,167.11726187071227
12,2024,102131705802W600,TOURMALINE OIL CORP.,3026.83,1787.068523258051,590.4092807518265
12,2024,102131706406W600,ARC RESOURCES LTD.,3355.62,1694.180556658286,504.8785490187464
12,2024,102131708211W600,BONTERRA ENERGY CORP.,3327.79,274.5346746346728,82.49759589237085
12,2024,102131907612W600,ADVANTAGE ENERGY LTD.,3471.1,3419.320440407708,985.0826655549272
12,2024,102132106403W602,VEREN INC.,3359.22,134.68790324114534,40.094993254727385
12,2024,102132207107W600,STRATHCONA RESOURCES LTD.,3483.08,1052.2553653403615,302.1048512639278
12,2024,102133406807W600,NUVISTA ENERGY LTD.,2792.05,1299.4108357996215,465.3966926808694
12,2024,102133606606W600,CANADIAN NATURAL RESOURCES LIMITED,3025.82,2071.1363398587823,684.487623143076
12,2024,102140406204W602,ARC RESOURCES LTD.,3414.56,2514.5710122982737,736.4260731392254
12,2024,102140406605W600,PARAMOUNT RESOURCES LTD.,2694.79,1474.0692125740134,547.007081284261
12,2024,102140607308W600,CANADIAN NATURAL RESOURCES LIMITED,4966.0599999999995,156.3198388605137,31.47763797870217
12,2024,102140608407W600,SPOKE RESOURCES LTD.,1108.33,1.5833857592097889,1.428623026724702
12,2024,102140908213W600,ASTARA ENERGY CORP.,2340.9,140.62836436246144,60.07448603633706
12,2024,102141407308W600,KELT EXPLORATION LTD.,3202.14,972.2881224532929,303.63698103558653
12,2024,102143307708W600,TOURMALINE OIL CORP.,2675.38,122.84895894771492,45.918321489924764
12,2024,102143607108W600,STRATHCONA RESOURCES LTD.,2701.36,488.34303557453416,180.77673304355366
12,2024,102150406605W600,PARAMOUNT RESOURCES LTD.,2576.25,1559.8612219663412,605.4774272552513
12,2024,102151407308W600,KELT EXPLORATION LTD.,3049.69,960.0094774882582,314.7892007017953
12,2024,102151507308W600,ADVANTAGE ENERGY LTD.,3031.64,712.6529399908351,235.07175653799104
12,2024,102151706806W600,PARAMOUNT RESOURCES LTD.,3200.36,327.9578774674851,102.47530823641249
12,2024,102151906707W600,PARAMOUNT RESOURCES LTD.,2585.34,1146.7161733834976,443.5455968590195
12,2024,102153006505W600,PARAMOUNT RESOURCES LTD.,3154.47,610.7314852823645,193.6082718435631
12,2024,102153007210W600,CANADIAN NATURAL RESOURCES LIMITED,5349.110000000001,829.1927228389469,155.01508154420958
12,2024,102153107109W600,NUVISTA ENERGY LTD.,3884.43,1749.4125547734711,450.3653186628338
12,2024,102153207108W600,CANADIAN NATURAL RESOURCES LIMITED,4337.57,586.2205022002064,135.1495197080869
12,2024,102160406204W602,ARC RESOURCES LTD.,3978.52,2878.6590739973226,723.5502332518932
12,2024,102161406402W600,CANADIAN NATURAL RESOURCES LIMITED,3301.69,249.6337773388326,75.60787879505119
12,2024,102161707712W600,KELT EXPLORATION LTD.,3291.47,2056.4222564796833,624.7732036080181
12,2024,102161906707W600,PARAMOUNT RESOURCES LTD.,3152.46,1364.8748085519915,432.9554724094807
12,2024,102163006505W600,PARAMOUNT RESOURCES LTD.,3120.02,491.11337721143354,157.4071247015832
12,2024,102163407610W600,ADVANTAGE ENERGY LTD.,3408.5699999999997,217.80748315068635,63.89995897126548
12,2024,103010106505W600,ARC RESOURCES LTD.,3451.02,912.9169468292129,264.5353973112914
12,2024,103010206505W600,ARC RESOURCES LTD.,3281.71,770.051028319608,234.64932255428053
12,2024,103010407108W600,OVINTIV CANADA ULC,3430.16,2128.29003918021,620.4637798762186
12,2024,103010507209W600,NUVISTA ENERGY LTD.,3247.06,1643.8931915597211,506.2712704907581
12,2024,103010606604W600,CANADIAN NATURAL RESOURCES LIMITED,3549.6800000000003,105.18691203836805,29.632787191625173
12,2024,103011206204W600,STRATHCONA RESOURCES LTD.,3435.31,1445.9828852822477,420.917729486494
12,2024,103011306407W600,HARVEST OPERATIONS CORP.,3512.99,1954.6128913884684,556.3958028313398
12,2024,103011507713W600,BIRCHCLIFF ENERGY LTD.,3553.24,2373.5050746087163,667.9833263750032
12,2024,103012306205W600,WHITECAP RESOURCES INC.,3114.39,2418.132655279794,776.4386140720316
12,2024,103012306405W602,WHITECAP RESOURCES INC.,3401.96,876.509647116059,257.64842829311897
12,2024,103012807612W600,ADVANTAGE ENERGY LTD.,2716.28,1057.537798032438,389.3331313533355
12,2024,103020407108W600,OVINTIV CANADA ULC,3208.57,1869.9890480366391,582.8107375050689
12,2024,103020606707W600,PARAMOUNT RESOURCES LTD.,3287.07,1009.866508827474,307.223913341509
12,2024,103022107711W600,INSIGNIA ENERGY LTD.,1630.29,516.4730470697648,316.79826722225175
12,2024,103022406405W600,WHITECAP RESOURCES INC.,3564.27,982.9176301658889,275.7696892115044
12,2024,103022806403W600,VEREN INC.,2809.27,144.78913689177637,51.53977257144253
12,2024,103022807711W600,TAQA NORTH LTD.,3324.68,532.5758576459713,160.1886069173488
12,2024,103023006404W600,ARC RESOURCES LTD.,3564.07,1058.724372625847,297.0548762021641
12,2024,103030407209W600,NUVISTA ENERGY LTD.,3930.8,1315.1050395652412,334.5642209131071
12,2024,103030507209W600,NUVISTA ENERGY LTD.,2720.26,1652.873743421348,607.6160894257711
12,2024,103031306605W600,PARAMOUNT RESOURCES LTD.,3071.89,560.0370882677911,182.31026770743455
12,2024,103032807711W600,TAQA NORTH LTD.,3344.74,484.289721807087,144.79144023364657
12,2024,103040606705W602,CANADIAN NATURAL RESOURCES LIMITED,3332.12,3416.8550101892038,1025.4297594892153
12,2024,103041006204W600,ARC RESOURCES LTD.,3925.38,2764.1504598969195,704.1739805819868
12,2024,103041706406W600,ARC RESOURCES LTD.,3266.55,1091.5076502676006,334.1469287987634
12,2024,103042806103W600,STRATHCONA RESOURCES LTD.,3284.44,1149.9473128535287,350.1197503542548
12,2024,103043307108W600,CANADIAN NATURAL RESOURCES LIMITED,2968.71,846.4131643612573,285.1114337073198
12,2024,103051606306W600,ORLEN UPSTREAM CANADA LTD.,2725.99,634.6396218074519,232.81069329214412
12,2024,103051706406W600,ARC RESOURCES LTD.,3064.87,1227.0454688676007,400.3580800711289
12,2024,103053307008W600,NUVISTA ENERGY LTD.,4076.93,1711.8791971913918,419.8941843964434
12,2024,103072107209W600,OVINTIV CANADA ULC,2603.99,749.1251154659848,287.6835607917023
12,2024,103073006404W602,ARC RESOURCES LTD.,3277.8,1040.8405624197444,317.54242553534215
12,2024,103080907713W600,BIRCHCLIFF ENERGY LTD.,3136.26,1502.0446467021038,478.928611372177
12,2024,103081407209W600,OVINTIV CANADA ULC,3714.6,1013.2430498210225,272.77312491816684
12,2024,103082806403W600,VEREN INC.,2367.06,100.27822124931983,42.364038617238194
12,2024,103092406604W600,VEREN INC.,3069.5,1085.3470667082777,353.59083456858696
12,2024,103100807007W600,STRATHCONA RESOURCES LTD.,4076.91,720.8997806260179,176.82504166783616
12,2024,103101506403W600,VEREN INC.,2413.63,329.4534913578753,136.4970982950474
12,2024,103103107109W600,NUVISTA ENERGY LTD.,3668.57,1613.920251451333,439.9317040294536
12,2024,103113607508W600,TAMARACK VALLEY ENERGY LTD.,2716.84,232.815189545122,85.69337522457045
12,2024,103120307209W600,CANADIAN NATURAL RESOURCES LIMITED,3095.17,557.2722390010969,180.04576129941063
12,2024,103121307210W600,NUVISTA ENERGY LTD.,2865.06,1148.8902040341468,401.0003993054759
12,2024,103121507912W600,CANADIAN NATURAL RESOURCES LIMITED,3607.74,1665.743130518109,461.71374060162566
12,2024,103121706406W600,ARC RESOURCES LTD.,3203.52,1387.317567513486,433.06037343718344
12,2024,103121707509W600,WHITECAP RESOURCES INC.,4027.62,239.15433811483874,59.37857546512301
12,2024,103122107712W600,BIRCHCLIFF ENERGY LTD.,3309.76,1645.5428812620903,497.1789136560023
12,2024,103131606403W600,VEREN INC.,3217.23,247.82470995425498,77.03046097240639
12,2024,103132207107W600,STRATHCONA RESOURCES LTD.,3175.35,984.9494008366563,310.1860899858776
12,2024,103133606606W600,CANADIAN NATURAL RESOURCES LIMITED,2944.52,1900.8083744207436,645.5409962984608
12,2024,103140407309W600,OVINTIV CANADA ULC,3159.8,1000.0193774083406,316.48185879117045
12,2024,103141407308W600,KELT EXPLORATION LTD.,3296.39,860.8923081004805,261.1621525670447
12,2024,103150406004W600,TOURMALINE OIL CORP.,2990.26,1778.4950692766033,594.7626859459054
12,2024,103151407308W600,KELT EXPLORATION LTD.,3097.28,905.8751149298987,292.4744017105004
12,2024,103153007210W600,CANADIAN NATURAL RESOURCES LIMITED,5119.62,862.7519205309445,168.5187417290628
12,2024,103153107109W600,NUVISTA ENERGY LTD.,3787.04,1597.2624595695029,421.7706862271069
12,2024,103153407610W600,LONGSHORE RESOURCES LTD.,3226.94,248.08544727148566,76.87947320727552
12,2024,103160306705W600,CANADIAN NATURAL RESOURCES LIMITED,3540.02,1023.9915597410505,289.26151822335765
12,2024,103160406605W600,PARAMOUNT RESOURCES LTD.,2652.06,1522.4853711861085,574.0765183239099
12,2024,103161407811W600,BIRCHCLIFF ENERGY LTD.,2884.21,1981.3570172638465,686.9669744102705
12,2024,103163407808W600,TOURMALINE OIL CORP.,3333.27,270.0993427353868,81.03134241612194
12,2024,104010507209W600,NUVISTA ENERGY LTD.,2936.11,1664.828141504746,567.0183138590673
12,2024,104020407108W600,OVINTIV CANADA ULC,3327.98,1671.9947281421125,502.40528132444086
12,2024,104022107209W600,OVINTIV CANADA ULC,2673.58,739.6975986284424,276.66933423665733
12,2024,104031007308W600,ARCHER EXPLORATION CORP.,5000.889999999999,297.64051368671215,59.51750862080794
12,2024,104041006903W600,VEREN INC.,3073.28,364.4383067095079,118.58285177709415
12,2024,104042806103W600,STRATHCONA RESOURCES LTD.,3166.52,1647.72642724438,520.3587620619418
12,2024,104043307108W600,CANADIAN NATURAL RESOURCES LIMITED,2955.77,838.8600111918772,283.80422400656255
12,2024,104050306903W600,VEREN INC.,4127.98,409.1129289328823,99.10729435047708
12,2024,104051706406W600,ARC RESOURCES LTD.,3084.21,1375.8186190474742,446.0846113096949
12,2024,104053307008W600,NUVISTA ENERGY LTD.,4110.85,1872.8892122796105,455.59658276989194
12,2024,104071407209W600,OVINTIV CANADA ULC,3478.43,987.740410867973,283.9615604936632
12,2024,104080907713W600,BIRCHCLIFF ENERGY LTD.,2912.48,1237.0953411657315,424.7566819912004
12,2024,104081407209W600,OVINTIV CANADA ULC,3530.49,1019.0149065217378,288.63271288737195
12,2024,104082806403W600,VEREN INC.,2226.76,375.67264814982,168.7081895443694
12,2024,104101506403W600,VEREN INC.,2498.37,178.95395163601845,71.62828229446338
12,2024,104102107107W600,STRATHCONA RESOURCES LTD.,3506.27,1101.4135887450152,314.1268609505301
12,2024,104120307209W600,CANADIAN NATURAL RESOURCES LIMITED,3064.37,806.7051261539833,263.2531731331345
12,2024,104121507912W600,CANADIAN NATURAL RESOURCES LIMITED,3650.92,1204.7902625347735,329.9963468207393
12,2024,104130407309W600,OVINTIV CANADA ULC,3254.49,1112.5592331121463,341.85363393715954
12,2024,104140407309W600,OVINTIV CANADA ULC,3147.18,1122.51402630357,356.6729663710274
12,2024,104142107712W602,BIRCHCLIFF ENERGY LTD.,3089.29,1289.4876724281032,417.4058351362621
12,2024,104161407811W600,BIRCHCLIFF ENERGY LTD.,2736.03,2445.7074440746555,893.8891182021599
12,2024,105042806103W600,STRATHCONA RESOURCES LTD.,3135.73,1676.947680889777,534.7870131962181
12,2024,105071407209W600,OVINTIV CANADA ULC,3347.76,1091.9996357900966,326.1881484306212
12,2024,106021006304W600,ARC RESOURCES LTD.,3585.16,754.4011030036473,210.42327343930185
12,2024,106081006304W600,ARC RESOURCES LTD.,3474.91,849.1298080355024,244.3602303471176
12,2024,106140407309W600,OVINTIV CANADA ULC,3202.19,1085.4784425999756,338.9800238586641
12,2024,107061407209W600,OVINTIV CANADA ULC,3745.47,801.311935354185,213.94162424320183
12,2024,107081006304W600,ARC RESOURCES LTD.,3430.05,604.3058576847103,176.17989757721034
12,2024,107140806203W602,STRATHCONA RESOURCES LTD.,2334.77,241.03486118745073,103.23709024334333
12,2024,108081006304W600,ARC RESOURCES LTD.,3520.48,708.3151031360123,201.19844542108245
12,2024,108121106304W600,ARC RESOURCES LTD.,3408.98,794.0656557529537,232.93350379085643
12,2024,110012107209W600,OVINTIV CANADA ULC,2805.26,450.61581242204363,160.63245917385328
12,2024,111012107209W600,OVINTIV CANADA ULC,2882.25,925.2706013019846,321.0237145639638
12,2024,1S0022606604W600,HWN ENERGY LTD.,3593.65,179.895560035588,50.05928792052315
12,2024,1W0121006402W600,CANADIAN NATURAL RESOURCES LIMITED,1596.12,75.24939468970693,47.14519878812805
12,2025,100010306408W600,CENOVUS ENERGY INC.,2770.24,1926.7065757696014,695.5016806376349
12,2025,100010507513W600,ADVANTAGE ENERGY LTD.,3696.08,1816.9249129221323,491.5815980504027
12,2025,100011107712W600,BIRCHCLIFF ENERGY LTD.,2808.99,1216.512870767452,433.0783914387207
12,2025,100011206605W600,CANADIAN NATURAL RESOURCES LIMITED,3252.33,864.4248543580044,265.7863299105578
12,2025,100011407611W600,ADVANTAGE ENERGY LTD.,3197.38,361.0893387393598,112.93288215331296
12,2025,100011806402W600,WHITECAP PARTNERSHIP,3120.63,121.55369473512997,38.95165230582605
12,2025,100012106506W600,NUVISTA ENERGY LTD.,3309.89,1622.1942858159339,490.10519558533184
12,2025,100012606706W600,OVINTIV CANADA ULC,3953.55,898.0628709886034,227.15353820960996
12,2025,100012607712W600,BIRCHCLIFF ENERGY LTD.,2220.47,923.3508955119091,415.8357895003802
12,2025,100013106707W600,NUVISTA ENERGY LTD.,3642.01,1460.198881453051,400.9321450114225
12,2025,100013207109W600,NUVISTA ENERGY LTD.,2139.48,1479.7295696387419,691.6304754607389
12,2025,100013607807W600,TOURMALINE OIL CORP.,2013.73,221.30612382441169,109.89860796850208
12,2025,100020807308W600,ARCHER EXPLORATION CORP.,4763.4,269.4918127221886,56.575515959648286
12,2025,100021405802W602,TOURMALINE OIL CORP.,2745.85,3573.4426004623347,1301.3976001829433
12,2025,100022006505W602,OVINTIV CANADA ULC,3278.2,674.8928470626248,205.87299343012165
12,2025,100022206208W600,TOURMALINE OIL CORP.,2443.94,1229.6803829342073,503.1548986203456
12,2025,100022507911W600,LOGAN ENERGY CORP.,3114.96,337.72557153391585,108.4205163257043
12,2025,100022606608W600,TOURMALINE OIL CORP.,2929.83,295.8213867660854,100.96878889426534
12,2025,100023106707W600,NUVISTA ENERGY LTD.,3298.75,1155.0606327459639,350.1510065163968
12,2025,100030307208W600,CANADIAN NATURAL RESOURCES LIMITED,3729.31,638.1691254675969,171.1225737381974
12,2025,100030707308W600,CANADIAN NATURAL RESOURCES LIMITED,4094.79,654.3522639128124,159.80117757267465
12,2025,100031106905W600,VEREN INC.,3634.01,522.3686278183632,143.74441122021213
12,2025,100031207610W600,ADVANTAGE ENERGY LTD.,3103.6,260.6285451562692,83.97620349151605
12,2025,100031705802W600,TOURMALINE OIL CORP.,2685.52,1595.9894005459184,594.2943640508796
12,2025,100031707307W600,TAMARACK VALLEY ENERGY LTD.,3971.29,199.75661868199697,50.300184242902674
12,2025,100031806308W600,TOURMALINE OIL CORP.,3239.74,1625.320550499892,501.68240368050897
12,2025,100031806402W602,WHITECAP PARTNERSHIP,3068.46,208.3051546979195,67.88589543221013
12,2025,100032006505W600,OVINTIV CANADA ULC,3243.88,706.9569668231202,217.93561007901656
12,2025,100032507710W600,ADVANTAGE ENERGY LTD.,2975.8900000000003,133.30253197122826,44.79417316205513
12,2025,100032507907W602,TOURMALINE OIL CORP.,2986.73,7.952739379607988,2.662691096820934
12,2025,100032606608W600,TOURMALINE OIL CORP.,2832.19,229.9442309387785,81.18954976141377
12,2025,100033106707W600,NUVISTA ENERGY LTD.,3191.29,1523.2884161583165,477.3268540804241
12,2025,100040307208W600,CANADIAN NATURAL RESOURCES LIMITED,3562.83,568.9208871818765,159.68229951523833
12,2025,100040307413W600,ASTARA ENERGY CORP.,1539.9299999999998,11.577000571127497,7.517874559965387
12,2025,100040506707W600,OVINTIV CANADA ULC,3145.2,1446.2595637512063,459.83071466081856
12,2025,100040507910W600,LOGAN ENERGY CORP.,3332.16,928.2680544513856,278.5784759589532
12,2025,100040606705W600,CANADIAN NATURAL RESOURCES LIMITED,3205.49,1663.011133683107,518.8009114622434
12,2025,100040906605W600,CANADIAN NATURAL RESOURCES LIMITED,3272.6,784.3755355514004,239.67962340383806
12,2025,100041207610W600,ADVANTAGE ENERGY LTD.,2980.6400000000003,120.27460823543719,40.35194060182953
12,2025,100041806402W602,WHITECAP PARTNERSHIP,3132.1,310.9118452128074,99.26625753098797
12,2025,100041907806W600,TOURMALINE OIL CORP.,4906.64,605.7663209175779,123.45848093962016
12,2025,100042205801W600,TOURMALINE OIL CORP.,2343.19,1742.3015924231438,743.5596739586392
12,2025,100042507710W600,ADVANTAGE ENERGY LTD.,2985.38,174.97614722549923,58.611013413870005
12,2025,100042606608W600,TOURMALINE OIL CORP.,2962.3900000000003,232.81543691076251,78.59040737740895
12,2025,100042707107W600,STRATHCONA RESOURCES LTD.,3099.58,849.0520362781126,273.92486603930615
12,2025,100042906705W600,CANADIAN NATURAL RESOURCES LIMITED,3063.74,799.3638237430526,260.91111639468517
12,2025,100043006503W600,CANADIAN NATURAL RESOURCES LIMITED,3583.05,194.2294643184381,54.2078576404008
12,2025,100043007308W600,ARCHER EXPLORATION CORP.,4475.63,368.5242016594274,82.34018488110665
12,2025,100043307811W600,BIRCHCLIFF ENERGY LTD.,3018.95,1739.6528506172303,576.2443401239605
12,2025,100043406504W600,VEREN INC.,3139.41,468.90977959674717,149.3623896199436
12,2025,100043407712W600,BIRCHCLIFF ENERGY LTD.,3717.33,1214.5274893998096,326.7203851688738
12,2025,100043506404W600,CANADIAN NATURAL RESOURCES LIMITED,3453.99,146.89549654869188,42.52921883059647
12,2025,100050106306W600,CENOVUS ENERGY INC.,2910.48,2053.6072437357116,705.5905705367196
12,2025,100050507910W600,LOGAN ENERGY CORP.,3390.6,884.1330768639202,260.7600651400697
12,2025,100050606705W600,CANADIAN NATURAL RESOURCES LIMITED,2866.42,2136.981305170732,745.5227444584995
12,2025,100050707611W600,INSIGNIA ENERGY LTD.,3301.1,1978.4188164308794,599.321079770646
12,2025,100050906605W600,CANADIAN NATURAL RESOURCES LIMITED,3195.29,795.1690054560762,248.8566000131682
12,2025,100051306127W500,LOGAN ENERGY CORP.,3343.47,1317.7895504427786,394.1382905911459
12,2025,100051506005W600,TOURMALINE OIL CORP.,3298.81,1895.0288741217353,574.4583271306122
12,2025,100051705802W600,TOURMALINE OIL CORP.,2971.74,1753.8416613041368,590.1733197736468
12,2025,100051807611W600,ADVANTAGE ENERGY LTD.,4505.33,421.7072536828695,93.6018568413123
12,2025,100051906908W600,SINOPEC CANADA ENERGY LTD.,3759.62,197.45628313528113,52.52027681927459
12,2025,100052007208W600,CANADIAN NATURAL RESOURCES LIMITED,3092.35,260.19359390496345,84.14105580059291
12,2025,100052206506W600,NUVISTA ENERGY LTD.,3167.59,1219.849437473487,385.1033238119475
12,2025,100052306905W600,VEREN INC.,4617.49,620.8646208551054,134.45933198666492
12,2025,100052806910W600,CANADIAN NATURAL RESOURCES LIMITED,3203.84,62.582624789123194,19.53362989073212
12,2025,100052906705W600,CANADIAN NATURAL RESOURCES LIMITED,2963.31,1076.5549992192307,363.29476133756873
12,2025,100053006503W600,CANADIAN NATURAL RESOURCES LIMITED,3371.0,193.17278426616653,57.304296726836704
12,2025,100053007308W600,ARCHER EXPLORATION CORP.,4678.6,796.9612107494895,170.3418139506454
12,2025,100053307811W600,BIRCHCLIFF ENERGY LTD.,3045.04,1309.4882234025033,430.0397444376768
12,2025,100053406504W600,VEREN INC.,3017.12,783.8280906522925,259.79347545085795
12,2025,100053507007W600,CANADIAN NATURAL RESOURCES LIMITED,3674.94,1034.4090969929734,281.47645866135866
12,2025,100061106905W600,VEREN INC.,3418.87,684.3487367391386,200.1681072223099
12,2025,100061506308W600,TOURMALINE OIL CORP.,3122.48,458.63788839069866,146.88257038978588
12,2025,100063007806W600,TOURMALINE OIL CORP.,2739.33,796.9679638314766,290.9353615049945
12,2025,100063507007W600,CANADIAN NATURAL RESOURCES LIMITED,4096.04,829.4521599227589,202.5009911824003
12,2025,100070107005W600,WHITECAP PARTNERSHIP,3568.49,568.1699593068498,159.21859366478535
12,2025,100070406004W600,TOURMALINE OIL CORP.,2994.14,1592.4740874280199,531.8636027133067
12,2025,100073007806W600,TOURMALINE OIL CORP.,3041.25,346.91962467990413,114.07139323630221
12,2025,100073507007W600,CANADIAN NATURAL RESOURCES LIMITED,4495.8,812.5163455519902,180.72786724320258
12,2025,100080405827W500,TOURMALINE OIL CORP.,2926.62,2636.758400085851,900.956871778998
12,2025,100080707308W600,CANADIAN NATURAL RESOURCES LIMITED,4648.73,502.99092703583295,108.1996431360464
12,2025,100081107712W600,BIRCHCLIFF ENERGY LTD.,2907.74,1172.1713428701248,403.12109847170825
12,2025,100081206605W600,CANADIAN NATURAL RESOURCES LIMITED,3216.94,860.217214285326,267.4023184409178
12,2025,100081406205W600,WHITECAP RESOURCES INC.,2971.08,1433.2610435445556,482.4040562840973
12,2025,100082106506W600,NUVISTA ENERGY LTD.,2708.58,1207.009157067098,445.62433343932906
12,2025,100082306504W600,ARC RESOURCES LTD.,3425.38,397.50064577589063,116.04570756409234
12,2025,100082507607W600,TOURMALINE OIL CORP.,4395.21,709.7033356018385,161.4719969243423
12,2025,100082607712W600,BIRCHCLIFF ENERGY LTD.,2236.46,947.451086720322,423.6387356448682
12,2025,100090207608W600,TOURMALINE OIL CORP.,1668.21,83.60724477884854,50.1179376570387
12,2025,100090405827W500,TOURMALINE OIL CORP.,2981.74,1292.15692909114,433.3566739860417
12,2025,100090808011W600,KELT EXPLORATION LTD.,3277.08,1229.914316620478,375.30799267044995
12,2025,100091006708W600,WHITECAP RESOURCES INC.,3220.56,239.23786524613212,74.2845546259446
12,2025,100091406205W600,WHITECAP RESOURCES INC.,2979.91,1698.9093466624813,570.1210260251086
12,2025,100091507911W600,LOGAN ENERGY CORP.,3375.17,926.1356801746053,274.3967504376388
12,2025,100091707712W600,KELT EXPLORATION LTD.,3306.35,2611.828816621228,789.9432354775591
12,2025,100092306504W600,ARC RESOURCES LTD.,3302.73,374.1219871588855,113.27658850674608
12,2025,100092407607W600,TOURMALINE OIL CORP.,3889.17,862.057746579382,221.65596941748032
12,2025,100093106203W600,ARC RESOURCES LTD.,3746.11,920.8937631311682,245.8266743718599
12,2025,100093207109W600,NUVISTA ENERGY LTD.,2130.46,1395.2961730935742,654.9271861915146
12,2025,100093305904W602,TOURMALINE OIL CORP.,1872.1100000000001,981.9274090157126,524.5030521794725
12,2025,100093407909W600,TOURMALINE OIL CORP.,3052.8199999999997,643.6139318094158,210.82603357204678
12,2025,100100406813W602,CENOVUS ENERGY INC.,2297.97,399.92123400600065,174.03239990339327
12,2025,100100508311W600,BONTERRA ENERGY CORP.,4746.25,536.2554133036756,112.98507522858584
12,2025,100100906104W600,TOURMALINE OIL CORP.,2951.87,1862.5138480261187,630.9606615555965
12,2025,100101506308W600,TOURMALINE OIL CORP.,2815.67,455.55243903743167,161.79184316252673
12,2025,100110207608W600,TOURMALINE OIL CORP.,2092.15,97.3232820080086,46.518309876447006
12,2025,100110507910W600,LOGAN ENERGY CORP.,3498.99,820.3597163363884,234.4561477273123
12,2025,100111307207W600,KELT EXPLORATION LTD.,4050.69,314.0551533893997,77.53127328662517
12,2025,100113607708W600,TOURMALINE OIL CORP.,2290.0699999999997,177.13929378796436,77.3510389586189
12,2025,100120107210W600,NUVISTA ENERGY LTD.,3234.76,1606.237124128885,496.55526967344866
12,2025,100120107610W600,WHITECAP RESOURCES INC.,3199.84,170.53035175961784,53.29339959486032
12,2025,100120606705W600,CANADIAN NATURAL RESOURCES LIMITED,2862.71,1928.0322494649317,673.4989745607944
12,2025,100121106905W600,VEREN INC.,3961.43,429.9148373908965,108.52516323421
12,2025,100121107908W600,TOURMALINE OIL CORP.,2620.0699999999997,356.75536903405106,136.1625334567592
12,2025,100121207809W600,KELT EXPLORATION LTD.,2125.65,169.5417879592332,79.75997363593875
12,2025,100121606505W600,ARC RESOURCES LTD.,1925.9699999999998,291.61768805261323,151.41341145117175
12,2025,100122007208W600,CANADIAN NATURAL RESOURCES LIMITED,3694.1,427.92177119735425,115.83924939697201
12,2025,100122205801W600,TOURMALINE OIL CORP.,2541.78,1083.5915374938374,426.31208739302275
12,2025,100122207107W600,CANADIAN NATURAL RESOURCES LIMITED,4953.719999999999,1240.065542867065,250.33016457673529
12,2025,100122807712W600,BIRCHCLIFF ENERGY LTD.,3063.92,1577.3991223159178,514.830387972244
12,2025,100123006503W600,CANADIAN NATURAL RESOURCES LIMITED,3437.2,240.34438947497515,69.92447034649574
12,2025,100123206203W600,ARC RESOURCES LTD.,4050.08,701.0304571239312,173.09052095858138
12,2025,100123306127W500,LOGAN ENERGY CORP.,3454.57,917.5189042239755,265.59569041124524
12,2025,100123406504W600,VEREN INC.,3071.03,659.5795616468929,214.77470478858652
12,2025,100130106809W600,WHITECAP RESOURCES INC.,2465.51,444.7839448169303,180.40240956918862
12,2025,100130107210W600,NUVISTA ENERGY LTD.,3506.62,1453.7760408416136,414.58043381992167
12,2025,100130107610W600,WHITECAP RESOURCES INC.,3279.1,149.65779567466177,45.63989987333774
12,2025,100130307309W600,TAMARACK VALLEY ENERGY LTD.,4846.8,217.68905272751093,44.91397473126824
12,2025,100130307408W600,TAMARACK VALLEY ENERGY LTD.,3969.79,284.1407482370876,71.5757630094004
12,2025,100130508311W600,BONTERRA ENERGY CORP.,4285.39,468.77740599696597,109.38967188446465
12,2025,100131505801W600,TOURMALINE OIL CORP.,2282.41,1291.9882669518895,566.0631818787551
12,2025,100131606306W600,ORLEN UPSTREAM CANADA LTD.,3294.89,419.79690655952817,127.40847389731621
12,2025,100131606505W600,ARC RESOURCES LTD.,2078.38,297.8063311210962,143.28771982077205
12,2025,100131907808W600,KELT EXPLORATION LTD.,3885.3599999999997,338.63229853488417,87.15596457854207
12,2025,100132006104W600,TOURMALINE OIL CORP.,3288.78,2236.7215638704984,680.1067763336247
12,2025,100132006707W600,OVINTIV CANADA ULC,3184.69,1336.3222831792652,419.6082768430413
12,2025,100132306504W600,CANADIAN NATURAL RESOURCES LIMITED,4060.37,120.62261046408848,29.707295262276215
12,2025,100132408010W600,ADVANTAGE ENERGY LTD.,3848.96,683.6011483002593,177.60671669756488
12,2025,100132707208W600,CANADIAN NATURAL RESOURCES LIMITED,4032.1,359.8735201249991,89.25213167456144
12,2025,100132807712W600,BIRCHCLIFF ENERGY LTD.,2613.11,1588.2319810760912,607.7937710529183
12,2025,100133006503W600,CANADIAN NATURAL RESOURCES LIMITED,3606.0699999999997,224.76777508935302,62.3303971052567
12,2025,100133107308W600,ARCHER EXPLORATION CORP.,3964.1099999999997,928.3650382735251,234.19255224338505
12,2025,100133306203W600,STRATHCONA RESOURCES LTD.,4113.85,974.0532824366724,236.77413674214478
12,2025,100133608013W600,KELT EXPLORATION LTD.,4042.24,703.4931552315846,174.03547420034056
12,2025,100140106809W600,WHITECAP RESOURCES INC.,2430.29,250.68811566304026,103.15152334208685
12,2025,100140107005W600,WHITECAP PARTNERSHIP,3418.38,799.3929963975951,233.8514139439135
12,2025,100140206905W600,VEREN INC.,3756.02,722.9527422866594,192.47840594210345
12,2025,100140306813W600,CENOVUS ENERGY INC.,928.9499999999998,133.56469007708634,143.78027889239073
12,2025,100140405802W602,CANADIAN NATURAL RESOURCES LIMITED,3697.4,6746.62012043278,1824.6930601051495
12,2025,100140508311W600,BONTERRA ENERGY CORP.,4330.110000000001,425.5070207963613,98.26702342350686
12,2025,100141006127W500,LOGAN ENERGY CORP.,3188.07,271.57040970871276,85.18332712541216
12,2025,100141506005W600,TOURMALINE OIL CORP.,3173.24,2065.099092807839,650.7856615975594
12,2025,100141606505W600,ARC RESOURCES LTD.,1976.9899999999998,264.8143840704934,133.94826684530193
12,2025,100141907108W600,ARCHER EXPLORATION CORP.,4897.13,381.4334970795306,77.88919164480636
12,2025,100141907808W600,KELT EXPLORATION LTD.,3710.87,402.49800065603443,108.46459203799498
12,2025,100142006707W600,OVINTIV CANADA ULC,3079.06,1081.8268887327818,351.3497264531324
12,2025,100142406505W600,ARC RESOURCES LTD.,2868.66,650.6734173699441,226.82137910032705
12,2025,100142707908W600,TOURMALINE OIL CORP.,3387.23,225.92909905309986,66.7002533199989
12,2025,100143306203W600,STRATHCONA RESOURCES LTD.,4029.7,1084.2899908709815,269.0746186740903
12,2025,100143306308W602,TOURMALINE OIL CORP.,2718.73,2777.295041268795,1021.5413230695196
12,2025,100143406308W600,CENOVUS ENERGY INC.,3429.3,1894.9203548152248,552.5676828551672
12,2025,100143407907W600,TOURMALINE OIL CORP.,3863.74,186.3259671923429,48.22425090517035
12,2025,100143606605W600,PARAMOUNT RESOURCES LTD.,3288.71,1171.2550675554312,356.144222979658
12,2025,100151508009W600,TOURMALINE OIL CORP.,2211.06,649.7761232454022,293.8753915521977
12,2025,100151606505W600,ARC RESOURCES LTD.,1844.96,294.59149304677726,159.67364769251216
12,2025,100151907808W600,KELT EXPLORATION LTD.,3657.69,204.86299584545378,56.00884597805002
12,2025,100152006707W600,OVINTIV CANADA ULC,3102.55,1288.3776438526857,415.2641033513354
12,2025,100152006909W600,CANADIAN NATURAL RESOURCES LIMITED,4292.07,277.97636349242157,64.76510483110052
12,2025,100152307608W602,TOURMALINE OIL CORP.,3670.06,236.7969023327619,64.52126186840594
12,2025,100152406505W600,ARC RESOURCES LTD.,2719.78,643.0038127025131,236.41758256274883
12,2025,100152407911W600,LOGAN ENERGY CORP.,3334.06,309.9647811213862,92.96916705799721
12,2025,100152906306W600,WHITECAP RESOURCES INC.,3463.57,840.1745286968186,242.57472165910278
12,2025,100153306203W600,STRATHCONA RESOURCES LTD.,4163.6900000000005,1238.7036713330003,297.50141613160446
12,2025,100160207712W600,BIRCHCLIFF ENERGY LTD.,2518.83,1131.3420937388387,449.1538109911501
12,2025,100160306603W600,CANADIAN NATURAL RESOURCES LIMITED,1692.1,109.09220533411983,64.47148828917902
12,2025,100160405827W500,TOURMALINE OIL CORP.,2833.8,1214.5899739606134,428.6082200439739
12,2025,100160406813W600,CENOVUS ENERGY INC.,1671.75,469.46863629740585,280.8246665454798
12,2025,100160407407W600,TAMARACK VALLEY ENERGY LTD.,4773.07,711.5291084126748,149.07158462219806
12,2025,100160805702W600,CANADIAN NATURAL RESOURCES LIMITED,3524.48,2405.9675437512374,682.6446862377534
12,2025,100160808011W600,KELT EXPLORATION LTD.,3510.4,1223.2407544412977,348.4619286808619
12,2025,100161006708W600,WHITECAP RESOURCES INC.,3424.1400000000003,232.30973084073733,67.84469409566702
12,2025,100161508009W600,TOURMALINE OIL CORP.,2427.8900000000003,635.6803550214292,261.8241992106023
12,2025,100161606106W600,TOURMALINE OIL CORP.,2306.55,1014.9841906007042,440.04430452437805
12,2025,100161606604W600,OVINTIV CANADA ULC,3696.44,801.2010001099184,216.74935887229833
12,2025,100161706106W600,TOURMALINE OIL CORP.,3578.33,1756.737282264843,490.93775092427
12,2025,100162107008W600,ARCHER EXPLORATION CORP.,4160.71,261.68768237390356,62.894958402268735
12,2025,100162206408W600,CENOVUS ENERGY INC.,2988.87,1636.2244196899467,547.43913910272
12,2025,100162306504W600,ARC RESOURCES LTD.,3399.18,274.3259310161315,80.70356115772967
12,2025,100162407607W600,TOURMALINE OIL CORP.,3980.0299999999997,703.4519028882618,176.74537701682195
12,2025,100162807712W600,BIRCHCLIFF ENERGY LTD.,3241.92,1641.721931404246,506.40420843335
12,2025,100163106004W600,TOURMALINE OIL CORP.,3201.28,1187.3559074520344,370.900360934387
12,2025,100163306308W600,TOURMALINE OIL CORP.,2915.4,2748.2834300037666,942.6779961596236
12,2025,102011806402W600,WHITECAP PARTNERSHIP,3173.71,135.71763692963933,42.76308702737154
12,2025,102012006505W600,OVINTIV CANADA ULC,3245.53,655.5649244924953,201.9900985332119
12,2025,102012606706W600,OVINTIV CANADA ULC,4260.139999999999,936.9141102483355,219.92566212573664
12,2025,102020107005W600,WHITECAP PARTNERSHIP,3858.26,664.6275770102219,172.26096142049056
12,2025,102022006505W602,OVINTIV CANADA ULC,3261.2,704.9238603778937,216.15474683487483
12,2025,102022606706W600,OVINTIV CANADA ULC,3860.45,918.0304233865537,237.8039926398616
12,2025,102030307108W600,OVINTIV CANADA ULC,4164.139999999999,1542.6387005823522,370.4579338308396
12,2025,102030506707W600,OVINTIV CANADA ULC,3199.79,1017.3043153986642,317.9284626174418
12,2025,102031806402W600,WHITECAP PARTNERSHIP,3124.86,256.2628879124056,82.00779808132383
12,2025,102033507712W600,BIRCHCLIFF ENERGY LTD.,3681.87,1090.1196899039792,296.0777240652112
12,2025,102040307208W600,CANADIAN NATURAL RESOURCES LIMITED,3679.9,637.4757678226483,173.23181820773618
12,2025,102041207210W600,NUVISTA ENERGY LTD.,3772.67,1357.0960661639485,359.7176710828004
12,2025,102041707307W600,TAMARACK VALLEY ENERGY LTD.,4272.0,298.1376114324461,69.7887667210782
12,2025,102042106505W600,OVINTIV CANADA ULC,3682.11,948.560727756236,257.6133596650388
12,2025,102042306905W600,VEREN INC.,4914.32,531.1243490492916,108.07687514229671
12,2025,102042906705W600,CANADIAN NATURAL RESOURCES LIMITED,3234.71,1153.9191310155468,356.7303192606283
12,2025,102043307811W600,BIRCHCLIFF ENERGY LTD.,3179.01,601.4968146981973,189.20884636984385
12,2025,102043507712W600,BIRCHCLIFF ENERGY LTD.,4053.36,1162.1653532366279,286.7165396699597
12,2025,102050606705W600,CANADIAN NATURAL RESOURCES LIMITED,2934.74,1943.8901350749054,662.3721812068209
12,2025,102051707308W600,ADVANTAGE ENERGY LTD.,3204.9,406.3652903438759,126.79499839117473
12,2025,102052007208W600,CANADIAN NATURAL RESOURCES LIMITED,3451.94,489.94490438067476,141.93320404777452
12,2025,102053006503W600,CANADIAN NATURAL RESOURCES LIMITED,3278.41,275.3052763236449,83.97524297560247
12,2025,102053007711W600,BIRCHCLIFF ENERGY LTD.,2730.16,508.5050040025278,186.25465320806396
12,2025,102053307811W600,BIRCHCLIFF ENERGY LTD.,2965.28,1002.7083903405359,338.149648714636
12,2025,102053406504W600,VEREN INC.,3155.95,584.3622667718083,185.16208012541654
12,2025,102061106905W600,VEREN INC.,3482.89,307.5032208956793,88.28967348830406
12,2025,102063407909W600,TOURMALINE OIL CORP.,3172.2200000000003,722.1739198128996,227.65568586444178
12,2025,102072107107W600,CANADIAN NATURAL RESOURCES LIMITED,4025.24,1269.974184399952,315.5027239121027
12,2025,102073107707W600,TOURMALINE OIL CORP.,3690.6400000000003,304.1580788474384,82.4133697265077
12,2025,102080707308W600,CANADIAN NATURAL RESOURCES LIMITED,4545.83,531.473266530813,116.91446150225877
12,2025,102081007908W600,TOURMALINE OIL CORP.,2295.94,300.78023506151646,131.0052680216018
12,2025,102081406205W600,WHITECAP RESOURCES INC.,3092.15,1442.1198502834238,466.38094862261653
12,2025,102082107107W600,CANADIAN NATURAL RESOURCES LIMITED,4390.91,1234.940291705234,281.2492835665577
12,2025,102082306504W600,ARC RESOURCES LTD.,3342.12,439.91211975384584,131.6266680292287
12,2025,102083207109W600,NUVISTA ENERGY LTD.,2085.83,1079.44496375229,517.5133945490717
12,2025,102091307207W600,KELT EXPLORATION LTD.,4483.95,438.8843237628694,97.87895131811672
12,2025,102091606604W600,OVINTIV CANADA ULC,3813.55,1092.7615054719572,286.54705077210394
12,2025,102091707712W600,KELT EXPLORATION LTD.,3429.24,2397.2698544995824,699.0673894214411
12,2025,102101506208W600,TOURMALINE OIL CORP.,3023.64,755.3796979687178,249.82461469246266
12,2025,102110106603W600,CANADIAN NATURAL RESOURCES LIMITED,3043.54,71.5148743866716,23.49726778247422
12,2025,102120106306W600,CENOVUS ENERGY INC.,2775.68,2003.6773467243097,721.8690002897704
12,2025,102120107210W600,NUVISTA ENERGY LTD.,3213.36,1660.9316296892341,516.8831471385821
12,2025,102121707308W600,ADVANTAGE ENERGY LTD.,3305.05,661.3758814554606,200.110703758025
12,2025,102122007208W600,CANADIAN NATURAL RESOURCES LIMITED,3466.1,446.86562562844,128.9246200711001
12,2025,102122206506W600,NUVISTA ENERGY LTD.,3043.02,716.1022559558342,235.32617464092715
12,2025,102123206203W600,ARC RESOURCES LTD.,4241.76,888.8551055406072,209.54865563836879
12,2025,102123406504W600,VEREN INC.,3089.75,504.0787504222501,163.14548116263455
12,2025,102130106809W600,WHITECAP RESOURCES INC.,2387.0,406.6381428909272,170.3553175077198
12,2025,102130107210W600,NUVISTA ENERGY LTD.,3419.8,1292.8886531469384,378.0597266351653
12,2025,102130708304W600,SAND HILLS DIV CORP LTD.,1779.62,86.09122457711092,48.3761840039508
12,2025,102131407308W600,KELT EXPLORATION LTD.,3389.95,644.6553081740584,190.16661253825527
12,2025,102131606306W600,ORLEN UPSTREAM CANADA LTD.,2971.7,925.6323323236867,311.4824283486512
12,2025,102131606505W602,ARC RESOURCES LTD.,2156.26,245.6339656318255,113.91667314323202
12,2025,102131807409W600,KELT EXPLORATION LTD.,3180.96,938.5848012935878,295.0633775003734
12,2025,102132006707W600,OVINTIV CANADA ULC,2916.58,1306.037959202549,447.79774914541997
12,2025,102132206506W600,NUVISTA ENERGY LTD.,3173.33,598.4976794624406,188.6024080264078
12,2025,102132707208W600,CANADIAN NATURAL RESOURCES LIMITED,4083.01,375.01350941848114,91.84731593076704
12,2025,102133006504W600,ARC RESOURCES LTD.,3488.4,614.925652173154,176.27727673809025
12,2025,102133306203W600,STRATHCONA RESOURCES LTD.,3960.48,764.775453058013,193.1017081409357
12,2025,102133606605W600,PARAMOUNT RESOURCES LTD.,3254.83,1034.5175091077065,317.84071951767265
12,2025,102142707208W600,CANADIAN NATURAL RESOURCES LIMITED,4138.8099999999995,315.60286248369033,76.25449404144919
12,2025,102143306203W600,STRATHCONA RESOURCES LTD.,4042.4,938.1045161658901,232.06622703490257
12,2025,102143606605W600,PARAMOUNT RESOURCES LTD.,3303.87,1125.4439156510145,340.64412814396894
12,2025,102151606505W602,ARC RESOURCES LTD.,1672.4499999999998,303.16824523676564,181.27193353270093
12,2025,102152307808W600,KELT EXPLORATION LTD.,3048.49,261.8120413269309,85.8825324429245
12,2025,102152406505W600,ARC RESOURCES LTD.,2754.85,669.4031191204817,242.99076868812523
12,2025,102152906306W600,WHITECAP RESOURCES INC.,3413.12,1168.1886900930508,342.2641718114367
12,2025,102152907711W600,INSIGNIA ENERGY LTD.,1700.33,529.0654258767128,311.1545558078213
12,2025,102153606605W600,PARAMOUNT RESOURCES LTD.,3239.38,978.9017232012031,302.18798757824123
12,2025,102160906203W600,STRATHCONA RESOURCES LTD.,3369.54,1221.8314051952898,362.6107436609418
12,2025,102161006708W600,WHITECAP RESOURCES INC.,3290.46,234.93041313749063,71.39743778605138
12,2025,102161606604W600,OVINTIV CANADA ULC,3564.83,867.5378107705008,243.36021935702425
12,2025,102162406505W600,ARC RESOURCES LTD.,2709.75,563.6667337847533,208.0142942281588
12,2025,102163407712W600,BIRCHCLIFF ENERGY LTD.,4152.639999999999,1207.5994621861923,290.8028295701511
12,2025,103010307108W600,OVINTIV CANADA ULC,3228.72,1391.303180432725,430.91478370150554
12,2025,103012006505W600,OVINTIV CANADA ULC,3318.15,828.9654432884068,249.8275976940183
12,2025,103022606706W600,OVINTIV CANADA ULC,3955.16,849.129469969127,214.68903153579805
12,2025,103022806103W600,STRATHCONA RESOURCES LTD.,3157.48,1187.8765791433132,376.2103256848224
12,2025,103032107711W600,INSIGNIA ENERGY LTD.,1698.1599999999999,470.593259445616,277.11950549160036
12,2025,103032606706W600,OVINTIV CANADA ULC,4014.98,887.8320589699294,221.12988332941373
12,2025,103032806103W600,STRATHCONA RESOURCES LTD.,3093.5,1509.3636188195724,487.91453655069415
12,2025,103040307108W600,OVINTIV CANADA ULC,3827.81,1812.3827932758195,473.47773094166627
12,2025,103040307408W600,TAMARACK VALLEY ENERGY LTD.,2964.34,356.97587901156135,120.42339239478648
12,2025,103041207210W600,NUVISTA ENERGY LTD.,3636.07,1330.636031481224,365.9544594799396
12,2025,103042007208W600,CANADIAN NATURAL RESOURCES LIMITED,3234.65,412.565303986303,127.54557803357488
12,2025,103042107711W600,INSIGNIA ENERGY LTD.,1736.1399999999999,387.10056144938625,222.96621323705824
12,2025,103042507508W600,TAMARACK VALLEY ENERGY LTD.,5030.65,115.92592027451553,23.043924795904214
12,2025,103042606706W600,OVINTIV CANADA ULC,4003.4,798.8054287915895,199.5317552059723
12,2025,103050606705W600,CANADIAN NATURAL RESOURCES LIMITED,3048.15,2082.7350179055434,683.2783878436243
12,2025,103051707308W600,ADVANTAGE ENERGY LTD.,3227.19,1031.3687259049366,319.5872340658395
12,2025,103071007908W600,TOURMALINE OIL CORP.,2206.21,294.3896426840861,133.43681820138883
12,2025,103071707107W600,STRATHCONA RESOURCES LTD.,2600.36,778.5279437370692,299.39237018607776
12,2025,103080707308W600,CANADIAN NATURAL RESOURCES LIMITED,4836.66,772.0219882704063,159.61882544367523
12,2025,103081707107W600,STRATHCONA RESOURCES LTD.,2995.6,795.0037322261014,265.3904834510954
12,2025,103082306504W602,ARC RESOURCES LTD.,3198.42,479.5374815401671,149.9294906673192
12,2025,103083207109W600,NUVISTA ENERGY LTD.,2074.58,1132.3455736873489,545.8191892755879
12,2025,103091606604W600,OVINTIV CANADA ULC,3996.75,1037.8424331375927,259.6715914524533
12,2025,103101507911W600,LOGAN ENERGY CORP.,3462.2,919.1412105499355,265.47894707120776
12,2025,103120107210W600,NUVISTA ENERGY LTD.,3198.07,1722.8868115310945,538.7270483545058
12,2025,103130107210W600,NUVISTA ENERGY LTD.,3299.21,1609.3447539345882,487.7970041114655
12,2025,103131407308W600,KELT EXPLORATION LTD.,3446.79,653.7534081880763,189.67021727116426
12,2025,103131606306W600,ORLEN UPSTREAM CANADA LTD.,2493.81,881.1844289554003,353.3486628714298
12,2025,103131607107W600,STRATHCONA RESOURCES LTD.,3930.94,829.5180663749236,211.0228256790802
12,2025,103132707712W600,BIRCHCLIFF ENERGY LTD.,3410.51,1457.7156025241034,427.4186566009492
12,2025,103133006504W600,ARC RESOURCES LTD.,3479.45,498.7431972383423,143.3396649580659
12,2025,103143006504W600,ARC RESOURCES LTD.,3401.8,620.5622493416148,182.42173241860627
12,2025,103152406505W600,ARC RESOURCES LTD.,2803.76,732.1968045196461,261.14817406612764
12,2025,103152906306W600,WHITECAP RESOURCES INC.,3457.14,1294.0936618828068,374.3249223007477
12,2025,103153006504W600,ARC RESOURCES LTD.,3140.66,575.2659807724879,183.16722624304697
12,2025,103153107513W600,ADVANTAGE ENERGY LTD.,2600.28,2712.4970757670503,1043.1557662125042
12,2025,103153606605W600,PARAMOUNT RESOURCES LTD.,3283.46,1178.6208989707416,358.9569840871342
12,2025,103160807508W600,ARCHER EXPLORATION CORP.,4713.45,254.50907376640615,53.996345302571605
12,2025,103162406505W600,ARC RESOURCES LTD.,2731.35,587.4765424677211,215.08651123719812
12,2025,104010307108W600,OVINTIV CANADA ULC,3115.39,1311.0953167415694,420.844682926237
12,2025,104020307108W600,OVINTIV CANADA ULC,3080.39,1122.9416225498298,364.54527593903043
12,2025,104033007711W600,BIRCHCLIFF ENERGY LTD.,2919.48,510.6114213780928,174.8980713613701
12,2025,104040307108W600,OVINTIV CANADA ULC,3976.77,1871.142373844675,470.51812748654686
12,2025,104041007209W600,TAMARACK VALLEY ENERGY LTD.,4965.24,295.157078092859,59.44467499916601
12,2025,104042107711W600,INSIGNIA ENERGY LTD.,1551.27,374.1745688485456,241.20531490233526
12,2025,104042407708W600,TOURMALINE OIL CORP.,3202.23,214.27985946940953,66.91582411925737
12,2025,104042606706W600,OVINTIV CANADA ULC,4028.43,751.7628907285002,186.61436111053195
12,2025,104043007711W600,BIRCHCLIFF ENERGY LTD.,3255.41,754.0668955322176,231.6350000559738
12,2025,104083207109W600,NUVISTA ENERGY LTD.,2068.94,1299.3722632507381,628.0376730358241
12,2025,104143006504W600,ARC RESOURCES LTD.,3411.4,613.609782402711,179.8703706404148
12,2025,104153006504W600,ARC RESOURCES LTD.,3496.39,681.8284931379712,195.00927903865735
12,2025,104160906203W600,STRATHCONA RESOURCES LTD.,3482.79,1336.8938050007202,383.85713896063794
12,2025,104163006504W602,ARC RESOURCES LTD.,3746.29,695.4831012330606,185.64582593260548
12,2025,105020307108W600,OVINTIV CANADA ULC,4426.0599999999995,1570.8687601060535,354.91357101034635
12,2025,105083207109W600,NUVISTA ENERGY LTD.,2093.79,1296.3066856039288,619.1197233743254
12,2025,105100707208W600,OVINTIV CANADA ULC,2643.22,499.6566113571269,189.033304589526
12,2025,105153006504W600,ARC RESOURCES LTD.,3392.66,611.3799460635527,180.20666558498428
12,2025,105163006504W600,ARC RESOURCES LTD.,3688.28,557.3667761780216,151.11834681152774
12,2025,106100707208W600,OVINTIV CANADA ULC,2502.93,486.80435020821386,194.4937933574706
12,2025,106161406205W600,WHITECAP RESOURCES INC.,2949.53,1861.2349429278959,631.02763590399
12,2025,107100707208W600,OVINTIV CANADA ULC,2569.83,699.9003589495436,272.3527855731872
12,2025,107150707208W600,OVINTIV CANADA ULC,2523.03,547.7575033133223,217.1030480467225
12,2025,108091707107W600,STRATHCONA RESOURCES LTD.,3692.64,652.1536451174919,176.60905073808763
12,2025,108150707208W600,OVINTIV CANADA ULC,2515.85,671.0515637491269,266.72956008868846
