well_id,first_month,operator,lateral_m,BH_Latitude,BH_Longitude
100013007711W600,2023-01,BIRCHCLIFF ENERGY LTD.,3286.79,55.695243,-119.683099
100013408110W600,2023-01,CANADIAN NATURAL RESOURCES LIMITED,,56.060909,-119.468419
100021307808W600,2023-01,KELT EXPLORATION LTD.,1570.0,55.752771,-119.095559
100022007711W600,2023-01,INSIGNIA ENERGY LTD.,1650.3600000000001,55.680681,-119.662505
100041207913W600,2023-01,BIRCHCLIFF ENERGY LTD.,2355.68,55.826667,-119.903509
100043107610W600,2023-01,LONGSHORE RESOURCES LTD.,3219.79,55.62495,-119.549553
100051207913W600,2023-01,BIRCHCLIFF ENERGY LTD.,2207.31,55.829976,-119.903474
100061206106W600,2023-01,TOURMALINE OIL CORP.,2676.53,54.258627,-118.767437
100070306207W600,2023-01,TAQA NORTH LTD.,1845.0,54.333922,-118.960485
100081207808W600,2023-01,KELT EXPLORATION LTD.,1582.0,55.744104,-119.091974
100082006811W600,2023-01,CENOVUS ENERGY INC.,2840.31,54.899451,-119.630507
100082406905W600,2023-01,SPARTAN DELTA CORP.,3301.25,54.986557,-118.611488
100091306905W600,2023-01,SPARTAN DELTA CORP.,3663.31,54.975557,-118.613261
100092708012W602,2023-01,KELT EXPLORATION LTD.,,55.964567,-119.777174
100093506408W600,2023-01,CENOVUS ENERGY INC.,3073.54,54.585194,-119.086973
100100206207W600,2023-01,TAQA NORTH LTD.,1835.0,54.335955,-118.932645
100111606106W600,2023-01,TOURMALINE OIL CORP.,2569.61,54.276532,-118.841409
100121207913W600,2023-01,BIRCHCLIFF ENERGY LTD.,2189.46,55.833224,-119.903279
100123408012W602,2023-01,KELT EXPLORATION LTD.,4.25,55.979736,-119.797492
100131706203W600,2023-01,STRATHCONA RESOURCES LTD.,1872.96,54.369725,-118.418763
100133506408W600,2023-01,CENOVUS ENERGY INC.,3390.78,54.587362,-119.105188
100133607809W600,2023-01,CANADIAN NATURAL RESOURCES LIMITED,344.0,55.80862,-119.263984
100143506408W600,2023-01,CENOVUS ENERGY INC.,3067.25,54.587359,-119.095993
100150106809W600,2023-01,WHITECAP RESOURCES INC.,2470.74,54.864112,-119.231869
100150806808W600,2023-01,GRAN TIERRA CANADA LTD.,1740.0,54.876841,-119.176653
100151307408W600,2023-01,ARCHER EXPLORATION CORP.,5419.13,55.416131,-119.089068
100160106809W600,2023-01,WHITECAP RESOURCES INC.,2484.73,54.864154,-119.222921
100160507412W600,2023-01,OVINTIV CANADA ULC,14.260000000000218,55.385217,-119.800313
100161106508W600,2023-01,CANADIAN NATURAL RESOURCES LIMITED,2867.53,54.617451,-119.085577
100161306905W600,2023-01,SPARTAN DELTA CORP.,3510.03,54.980558,-118.611181
100161705902W600,2023-01,TOURMALINE OIL CORP.,2896.28,54.107193,-118.253544
102021006506W600,2023-01,NUVISTA ENERGY LTD.,2990.92,54.604163,-118.816358
102031006506W600,2023-01,NUVISTA ENERGY LTD.,2724.47,54.604204,-118.819997
102041207913W600,2023-01,BIRCHCLIFF ENERGY LTD.,2264.56,55.828353,-119.903512
102051207913W600,2023-01,BIRCHCLIFF ENERGY LTD.,2157.38,55.831592,-119.903306
102091106508W600,2023-01,CANADIAN NATURAL RESOURCES LIMITED,2546.29,54.612995,-119.085585
102091705902W600,2023-01,TOURMALINE OIL CORP.,2570.32,54.101475,-118.252991
102120107808W600,2023-01,KELT EXPLORATION LTD.,3546.4,55.732274,-119.110007
102121207913W600,2023-01,BIRCHCLIFF ENERGY LTD.,2221.19,55.834853,-119.903111
102160106809W600,2023-01,WHITECAP RESOURCES INC.,2389.44,54.864118,-119.227322
103012006811W600,2023-01,CENOVUS ENERGY INC.,3098.24,54.895807,-119.630918
103031006506W600,2023-01,NUVISTA ENERGY LTD.,2467.0,54.604213,-118.823326
103053107610W600,2023-01,LONGSHORE RESOURCES LTD.,3071.9300000000003,55.627031,-119.549561
103141606106W602,2023-01,TOURMALINE OIL CORP.,2652.78,54.281901,-118.8378
100010306308W600,2023-02,TOURMALINE OIL CORP.,42.2199999999998,54.41714,-119.11303
100010407611W602,2023-02,LONGSHORE RESOURCES LTD.,3135.6,55.549845,-119.635594
100010908107W600,2023-02,TOURMALINE OIL CORP.,2307.95,56.000746,-119.020379
100011705902W600,2023-02,TOURMALINE OIL CORP.,2688.28,54.09626,-118.253921
100011907606W600,2023-02,TOURMALINE OIL CORP.,3284.9,55.594106,-118.907375
100012405701W600,2023-02,TOURMALINE OIL CORP.,3243.9,53.937523,-118.001804
100012907104W600,2023-02,CANAMAX ENERGY LTD.,1063.9,55.172578,-118.567643
100013307007W600,2023-02,PIPESTONE ENERGY CORP.,3998.51,55.098102,-118.992876
100020407412W600,2023-02,OVINTIV CANADA ULC,2865.0,55.377711,-119.778393
100020607613W600,2023-02,ADVANTAGE ENERGY LTD.,2861.69,55.551145,-119.999592
100020707613W600,2023-02,ADVANTAGE ENERGY LTD.,3669.9,55.565883,-119.999346
100021107808W600,2023-02,KELT EXPLORATION LTD.,3836.02,55.738776,-119.123084
100023407007W600,2023-02,PIPESTONE ENERGY CORP.,4675.92,55.098833,-118.978947
100023407607W600,2023-02,TOURMALINE OIL CORP.,3773.31,55.624216,-118.99423
100040307611W602,2023-02,LONGSHORE RESOURCES LTD.,3323.2,55.549877,-119.62664
100040707807W600,2023-02,KELT EXPLORATION LTD.,1576.0,55.740014,-119.081623
100041006104W600,2023-02,TOURMALINE OIL CORP.,3016.45,54.25598,-118.52411
100041306910W600,2023-02,CANADIAN NATURAL RESOURCES LIMITED,1891.0,54.97008,-119.39343
100041307207W600,2023-02,KELT EXPLORATION LTD.,4983.67,55.22931,-118.947117
100042606505W600,2023-02,PARAMOUNT RESOURCES LTD.,3026.13,54.648176,-118.650205
100050106207W600,2023-02,TAQA NORTH LTD.,1800.0,54.331269,-118.919374
100060707107W600,2023-02,PIPESTONE ENERGY CORP.,1889.7199999999998,55.130616,-119.068165
100070607613W600,2023-02,ADVANTAGE ENERGY LTD.,2687.53,55.555532,-119.999655
100091905727W500,2023-02,TOURMALINE OIL CORP.,2648.96,53.942682,-117.995708
100093306807W600,2023-02,NUVISTA ENERGY LTD.,3270.96,54.933144,-118.996936
100101406204W600,2023-02,ARC RESOURCES LTD.,3058.88,54.365268,-118.482304
100102707607W600,2023-02,TOURMALINE OIL CORP.,4012.7,55.615293,-118.994239
100103406208W600,2023-02,TOURMALINE OIL CORP.,58.55000000000018,54.406818,-119.107176
100110807108W600,2023-02,OVINTIV CANADA ULC,4165.219999999999,55.136745,-119.197118
100111406204W600,2023-02,ARC RESOURCES LTD.,2665.41,54.364978,-118.487616
100120807108W600,2023-02,OVINTIV CANADA ULC,4028.87,55.136708,-119.198905
100121406104W602,2023-02,TOURMALINE OIL CORP.,1987.3899999999999,54.279081,-118.494761
100121406204W600,2023-02,ARC RESOURCES LTD.,2676.36,54.365167,-118.495596
100122206708W600,2023-02,CENOVUS ENERGY INC.,1597.36,54.815133,-119.142787
100130107808W600,2023-02,KELT EXPLORATION LTD.,3130.01,55.736623,-119.110011
100132706807W600,2023-02,NUVISTA ENERGY LTD.,2320.05,54.920081,-118.991007
100141008009W600,2023-02,LONGSHORE RESOURCES LTD.,2330.65,55.925915,-119.321628
100141806708W600,2023-02,WHITECAP RESOURCES INC.,1709.24,54.805974,-119.210547
100142707007W600,2023-02,PIPESTONE ENERGY CORP.,4667.1900000000005,55.096312,-118.981204
100151307210W600,2023-02,NUVISTA ENERGY LTD.,4120.21,55.242427,-119.393244
100152707607W600,2023-02,TOURMALINE OIL CORP.,3612.8,55.61973,-118.993402
100160408107W600,2023-02,TOURMALINE OIL CORP.,2760.6800000000003,55.997144,-119.020376
100161307210W600,2023-02,NUVISTA ENERGY LTD.,3661.11,55.242478,-119.386589
100161905727W500,2023-02,TOURMALINE OIL CORP.,2852.15,53.948108,-117.993804
100163507509W600,2023-02,TAMARACK VALLEY ENERGY LTD.,3305.17,55.547573,-119.270667
102042606505W600,2023-02,PARAMOUNT RESOURCES LTD.,3037.9,54.648181,-118.652538
102073306807W600,2023-02,NUVISTA ENERGY LTD.,3233.66,54.927961,-119.000971
102073406208W600,2023-02,TAQA NORTH LTD.,1.6400000000001,54.403677,-119.110559
102091406204W600,2023-02,ARC RESOURCES LTD.,2791.3,54.365117,-118.477071
102101207108W600,2023-02,PIPESTONE ENERGY CORP.,3200.16,55.134901,-119.083666
102110807108W600,2023-02,OVINTIV CANADA ULC,4109.030000000001,55.137698,-119.19531
102111406204W600,2023-02,ARC RESOURCES LTD.,2618.56,54.365151,-118.490303
102120807108W600,2023-02,OVINTIV CANADA ULC,4062.28,55.136804,-119.200749
102121406204W600,2023-02,ARC RESOURCES LTD.,2725.1,54.365298,-118.498517
102122206708W600,2023-02,CENOVUS ENERGY INC.,1675.56,54.81781,-119.142792
102132206708W600,2023-02,CENOVUS ENERGY INC.,1890.52,54.820419,-119.142781
102140807108W600,2023-02,OVINTIV CANADA ULC,4107.05,55.138145,-119.194674
102150607613W600,2023-02,ADVANTAGE ENERGY LTD.,3062.39,55.560071,-119.999527
102150807108W600,2023-02,OVINTIV CANADA ULC,3924.99,55.138827,-119.190719
102151307210W600,2023-02,NUVISTA ENERGY LTD.,3981.96,55.240384,-119.391648
102161307210W600,2023-02,NUVISTA ENERGY LTD.,3701.73,55.2419,-119.387666
103091406204W600,2023-02,ARC RESOURCES LTD.,2919.87,54.365226,-118.479498
103101406204W600,2023-02,ARC RESOURCES LTD.,3016.85,54.365221,-118.485006
103111406204W602,2023-02,ARC RESOURCES LTD.,2597.63,54.365328,-118.493101
103140807108W600,2023-02,OVINTIV CANADA ULC,4174.75,55.137876,-119.192529
103150807108W600,2023-02,OVINTIV CANADA ULC,3950.55,55.13949,-119.189689
103151207108W600,2023-02,PIPESTONE ENERGY CORP.,3460.67,55.140702,-119.087852
103161307210W600,2023-02,NUVISTA ENERGY LTD.,3974.62,55.242516,-119.391117
104131807209W600,2023-02,NUVISTA ENERGY LTD.,3518.53,55.242528,-119.384133
100012606306W600,2023-03,ARC RESOURCES LTD.,3685.24,54.475958,-118.782648
100013506708W600,2023-03,GRAN TIERRA CANADA LTD.,2950.95,54.837903,-119.095595
100020906904W600,2023-03,SPARTAN DELTA CORP.,3306.97,54.953571,-118.5451
100022606306W600,2023-03,ARC RESOURCES LTD.,3556.22,54.473758,-118.787828
100023506309W600,2023-03,TOURMALINE OIL CORP.,2644.01,54.488467,-119.24076
100031406605W600,2023-03,PARAMOUNT RESOURCES LTD.,3361.67,54.7057,-118.642272
100032606505W600,2023-03,PARAMOUNT RESOURCES LTD.,3225.46,54.648176,-118.644703
100033207709W600,2023-03,ADVANTAGE ENERGY LTD.,3551.07,55.709908,-119.362566
100033408113W600,2023-03,VERMILION ENERGY INC.,3466.1400000000003,56.061534,-119.946527
100041606604W602,2023-03,CANADIAN NATURAL RESOURCES LIMITED,3804.6400000000003,54.707554,-118.5523
100042006308W600,2023-03,TOURMALINE OIL CORP.,2558.1,54.458361,-119.177934
100042106604W600,2023-03,CANADIAN NATURAL RESOURCES LIMITED,3780.79,54.720711,-118.552294
100052707510W600,2023-03,ASTARA ENERGY CORP.,1477.1399999999999,55.524471,-119.47174
100053506208W600,2023-03,TAQA NORTH LTD.,90.43000000000006,54.403287,-119.094744
100071206809W600,2023-03,GRAN TIERRA CANADA LTD.,2079.02,54.868853,-119.231956
100073306807W600,2023-03,NUVISTA ENERGY LTD.,3225.87,54.929968,-118.999888
100092907207W600,2023-03,ADVANTAGE ENERGY LTD.,3994.58,55.268437,-119.02758
100103306807W600,2023-03,NUVISTA ENERGY LTD.,3238.32,54.931722,-118.998685
100112708113W600,2023-03,VERMILION ENERGY INC.,3900.21,56.053218,-119.946575
100121106605W600,2023-03,PARAMOUNT RESOURCES LTD.,2864.99,54.70128,-118.649233
100122807726W500,2023-03,CANADIAN NATURAL RESOURCES LIMITED,,55.704573,-117.980878
100123306107W600,2023-03,TAQA NORTH LTD.,34.55000000000018,54.32161,-118.996939
100123506205W600,2023-03,ARC RESOURCES LTD.,2779.7,54.407513,-118.647985
100130107609W600,2023-03,TAMARACK VALLEY ENERGY LTD.,3590.01,55.562214,-119.265307
100131106003W600,2023-03,TOURMALINE OIL CORP.,1836.63,54.179856,-118.347188
100131106605W600,2023-03,PARAMOUNT RESOURCES LTD.,2781.64,54.702047,-118.652553
100131807709W602,2023-03,ADVANTAGE ENERGY LTD.,2263.54,55.678497,-119.394692
100132606604W600,2023-03,HAMMERHEAD RESOURCES ULC,3196.88,54.748014,-118.501569
100133307708W600,2023-03,TOURMALINE OIL CORP.,2969.76,55.719754,-119.185532
100133307813W600,2023-03,BIRCHCLIFF ENERGY LTD.,2836.57,55.810341,-119.961227
100140107808W600,2023-03,KELT EXPLORATION LTD.,1680.0,55.734536,-119.104785
100142606604W600,2023-03,HAMMERHEAD RESOURCES ULC,3244.48,54.748073,-118.495297
100142708113W600,2023-03,VERMILION ENERGY INC.,3735.46,56.057294,-119.946602
100143307708W600,2023-03,TOURMALINE OIL CORP.,2738.13,55.719741,-119.179671
100152606604W600,2023-03,HAMMERHEAD RESOURCES ULC,3339.35,54.748148,-118.491047
100161006605W600,2023-03,PARAMOUNT RESOURCES LTD.,2820.9,54.702564,-118.655569
100162907207W600,2023-03,ADVANTAGE ENERGY LTD.,4153.1900000000005,55.271363,-119.027586
102012606306W600,2023-03,ARC RESOURCES LTD.,3708.3,54.473728,-118.783172
102022006308W600,2023-03,TOURMALINE OIL CORP.,2755.21,54.461305,-119.170804
102022606306W600,2023-03,ARC RESOURCES LTD.,3541.26,54.473739,-118.79208
102022606505W600,2023-03,PARAMOUNT RESOURCES LTD.,3232.83,54.648166,-118.642146
102032606306W600,2023-03,ARC RESOURCES LTD.,3216.27,54.473828,-118.796906
102032606505W600,2023-03,PARAMOUNT RESOURCES LTD.,3213.27,54.648176,-118.647469
102042607810W600,2023-03,TAQA NORTH LTD.,2904.41,55.782449,-119.445513
102053405802W600,2023-03,TOURMALINE OIL CORP.,2133.16,54.05609,-118.219378
102063405802W600,2023-03,TOURMALINE OIL CORP.,2178.93,54.056003,-118.213325
102071206809W600,2023-03,GRAN TIERRA CANADA LTD.,2286.9700000000003,54.871208,-119.231956
102082606306W600,2023-03,ARC RESOURCES LTD.,3544.05,54.478699,-118.782733
102083507508W600,2023-03,TAMARACK VALLEY ENERGY LTD.,2778.09,55.540429,-119.116119
102091007407W600,2023-03,ARCHER EXPLORATION CORP.,4384.55,55.397843,-118.975496
102092606306W600,2023-03,ARC RESOURCES LTD.,3415.02,54.481136,-118.782555
102092907207W600,2023-03,ADVANTAGE ENERGY LTD.,4167.15,55.265504,-119.027591
102123506205W600,2023-03,ARC RESOURCES LTD.,2871.3,54.408844,-118.64797
102131106003W600,2023-03,TOURMALINE OIL CORP.,1891.0700000000002,54.178335,-118.347422
102131207812W600,2023-03,BIRCHCLIFF ENERGY LTD.,2294.66,55.752011,-119.731272
102132606604W600,2023-03,HAMMERHEAD RESOURCES ULC,3224.52,54.748104,-118.499597
102133307813W600,2023-03,BIRCHCLIFF ENERGY LTD.,2809.32,55.809274,-119.962447
102142606604W600,2023-03,HAMMERHEAD RESOURCES ULC,3297.51,54.748079,-118.493233
102151406605W600,2023-03,PARAMOUNT RESOURCES LTD.,4640.12,54.716241,-118.639587
102152606604W600,2023-03,HAMMERHEAD RESOURCES ULC,3398.04,54.748159,-118.488976
102161406003W600,2023-03,TOURMALINE OIL CORP.,3351.11,54.194457,-118.327927
103010407913W600,2023-03,BIRCHCLIFF ENERGY LTD.,2881.8,55.812598,-119.958302
103012606306W602,2023-03,ARC RESOURCES LTD.,3733.23,54.473868,-118.783434
103013607512W600,2023-03,ADVANTAGE ENERGY LTD.,1695.0700000000002,55.535126,-119.708767
103021206809W600,2023-03,GRAN TIERRA CANADA LTD.,2075.81,54.866548,-119.231955
103053506205W602,2023-03,ARC RESOURCES LTD.,2910.32,54.406034,-118.647853
103080506304W600,2023-03,ARC RESOURCES LTD.,2841.82,54.418519,-118.560218
103132606604W600,2023-03,HAMMERHEAD RESOURCES ULC,3239.36,54.747842,-118.497543
103150406603W600,2023-03,CANADIAN NATURAL RESOURCES LIMITED,1738.16,54.68916,-118.385178
104010407913W600,2023-03,BIRCHCLIFF ENERGY LTD.,2860.52,55.811442,-119.959875
104013507508W600,2023-03,TAMARACK VALLEY ENERGY LTD.,3075.69,55.536843,-119.114053
104032707107W602,2023-03,PIPESTONE ENERGY CORP.,3158.07,55.171898,-118.987728
104080506304W600,2023-03,ARC RESOURCES LTD.,2763.19,54.418516,-118.560249
104123506205W600,2023-03,ARC RESOURCES LTD.,2794.78,54.410419,-118.647984
104161107812W600,2023-03,BIRCHCLIFF ENERGY LTD.,2172.21,55.751757,-119.735016
105080506304W602,2023-03,ARC RESOURCES LTD.,2845.51,54.420208,-118.560231
105161107812W600,2023-03,BIRCHCLIFF ENERGY LTD.,2134.93,55.751467,-119.737678
106161107812W600,2023-03,BIRCHCLIFF ENERGY LTD.,2266.47,55.749937,-119.738716
100012107007W600,2023-04,PIPESTONE ENERGY CORP.,4616.55,55.069893,-118.99727
100012207808W600,2023-04,KELT EXPLORATION LTD.,1995.4,55.767884,-119.140727
100012406705W600,2023-04,CANADIAN NATURAL RESOURCES LIMITED,3486.89,54.807955,-118.613378
100012807006W600,2023-04,PIPESTONE ENERGY CORP.,4605.6,55.08607,-118.841364
100013006903W600,2023-04,SPARTAN DELTA CORP.,3429.75,54.998182,-118.438514
100013007509W600,2023-04,WHITECAP RESOURCES INC.,3297.0699999999997,55.520523,-119.374254
100013406205W600,2023-04,WHITECAP RESOURCES INC.,3110.35,54.400799,-118.651799
100020306808W600,2023-04,NUVISTA ENERGY LTD.,3841.01,54.853779,-119.125755
100022007006W600,2023-04,PIPESTONE ENERGY CORP.,2540.16,55.071567,-118.875605
100022907108W600,2023-04,OVINTIV CANADA ULC,2798.29,55.172421,-119.190633
100031906207W602,2023-04,TAQA NORTH LTD.,,54.373765,-119.042471
100032706608W600,2023-04,CENOVUS ENERGY INC.,3042.55,54.73572,-119.126744
100033007006W600,2023-04,PIPESTONE ENERGY CORP.,4779.6,55.08465,-118.905476
100042206804W600,2023-04,HAMMERHEAD RESOURCES ULC,2183.52,54.895394,-118.532029
100042706608W600,2023-04,CENOVUS ENERGY INC.,3300.13,54.735727,-119.130894
100050206808W600,2023-04,NUVISTA ENERGY LTD.,3368.89,54.857476,-119.118582
100052606306W600,2023-04,ARC RESOURCES LTD.,3230.42,54.476483,-118.805336
100053507811W600,2023-04,BIRCHCLIFF ENERGY LTD.,67.40999999999985,55.802707,-119.597695
100072007007W600,2023-04,PIPESTONE ENERGY CORP.,3238.47,55.074009,-119.027647
100073206203W600,2023-04,STRATHCONA RESOURCES LTD.,3254.23,54.406775,-118.411407
100080306808W600,2023-04,NUVISTA ENERGY LTD.,3408.48,54.85632,-119.120976
100080506304W600,2023-04,ARC RESOURCES LTD.,2654.71,54.418958,-118.55845
100083406205W600,2023-04,WHITECAP RESOURCES INC.,3049.14,54.405532,-118.651812
100092307311W600,2023-04,CANADIAN NATURAL RESOURCES LIMITED,115.13999999999987,55.340954,-119.566751
100093407811W600,2023-04,BIRCHCLIFF ENERGY LTD.,2147.0,55.805584,-119.604488
100093508010W600,2023-04,TOURMALINE OIL CORP.,22.409999999999854,55.97878,-119.438172
100102706306W600,2023-04,ARC RESOURCES LTD.,2516.16,54.482813,-118.815863
100103206203W600,2023-04,STRATHCONA RESOURCES LTD.,3399.75,54.406867,-118.408902
100120206808W600,2023-04,NUVISTA ENERGY LTD.,3371.64,54.860124,-119.114567
100130906306W600,2023-04,ORLEN UPSTREAM CANADA LTD.,2875.1,54.439828,-118.854774
100131307710W600,2023-04,TAQA NORTH LTD.,3168.88,55.678525,-119.419763
100132206804W600,2023-04,HAMMERHEAD RESOURCES ULC,3012.2,54.905756,-118.531458
100132605802W600,2023-04,CANADIAN NATURAL RESOURCES LIMITED,3466.41,54.048902,-118.19565
100133507811W600,2023-04,BIRCHCLIFF ENERGY LTD.,156.3800000000001,55.810269,-119.602491
100140207812W600,2023-04,KELT EXPLORATION LTD.,2919.89,55.736637,-119.751013
100142605802W602,2023-04,CANADIAN NATURAL RESOURCES LIMITED,3125.96,54.048873,-118.189129
100142706306W600,2023-04,ARC RESOURCES LTD.,2238.87,54.485991,-118.821692
100160208110W600,2023-04,TOURMALINE OIL CORP.,1979.37,55.996308,-119.440589
102013406205W603,2023-04,WHITECAP RESOURCES INC.,2916.01,54.403174,-118.653402
102013607512W600,2023-04,ADVANTAGE ENERGY LTD.,1676.0700000000002,55.536741,-119.708797
102023007509W600,2023-04,WHITECAP RESOURCES INC.,3143.8900000000003,55.520559,-119.380642
102031406903W600,2023-04,SPARTAN DELTA CORP.,3390.78,54.968279,-118.345187
102042206804W600,2023-04,HAMMERHEAD RESOURCES ULC,2479.48,54.897404,-118.532007
102061107408W600,2023-04,ARCHER EXPLORATION CORP.,4670.41,55.394097,-119.116639
102073107507W600,2023-04,CANADIAN NATURAL RESOURCES LIMITED,813.96,55.540272,-119.072872
102080306808W600,2023-04,NUVISTA ENERGY LTD.,3549.49,54.855252,-119.123578
102080506304W600,2023-04,ARC RESOURCES LTD.,2563.87,54.420666,-118.558255
102082706306W602,2023-04,ARC RESOURCES LTD.,2811.56,54.479683,-118.810992
102083607512W600,2023-04,ADVANTAGE ENERGY LTD.,1910.5700000000002,55.539996,-119.708782
102090806304W600,2023-04,ARC RESOURCES LTD.,2889.29,54.437842,-118.556244
102102706306W600,2023-04,ARC RESOURCES LTD.,2619.18,54.481191,-118.8136
102120206808W600,2023-04,NUVISTA ENERGY LTD.,3350.29,54.858627,-119.1163
102120906306W600,2023-04,ORLEN UPSTREAM CANADA LTD.,2852.22,54.438241,-118.855154
102122206804W600,2023-04,HAMMERHEAD RESOURCES ULC,2660.83,54.902003,-118.532107
102132206804W600,2023-04,HAMMERHEAD RESOURCES ULC,3084.54,54.906896,-118.529571
102142107007W600,2023-04,PIPESTONE ENERGY CORP.,2889.8,55.08136,-119.00703
102142706306W600,2023-04,ARC RESOURCES LTD.,2386.57,54.484411,-118.818992
102153406208W600,2023-04,TOURMALINE OIL CORP.,298.07000000000016,54.412043,-119.10737
103010506304W600,2023-04,ARC RESOURCES LTD.,2791.83,54.416889,-118.560284
103042206804W600,2023-04,HAMMERHEAD RESOURCES ULC,2148.19,54.897189,-118.528482
103073206203W600,2023-04,STRATHCONA RESOURCES LTD.,3394.09,54.406765,-118.408906
103082706306W600,2023-04,ARC RESOURCES LTD.,2993.67,54.47801,-118.808231
103083607512W600,2023-04,ADVANTAGE ENERGY LTD.,1754.5900000000001,55.538421,-119.708795
103090607709W600,2023-04,LONGSHORE RESOURCES LTD.,3134.95,55.646618,-119.372623
103120906304W600,2023-04,ARC RESOURCES LTD.,2704.63,54.437724,-118.552457
103122206804W600,2023-04,HAMMERHEAD RESOURCES ULC,2987.75,54.904225,-118.532229
103130207812W600,2023-04,KELT EXPLORATION LTD.,3186.68,55.73662,-119.756438
103141106903W600,2023-04,SPARTAN DELTA CORP.,3317.37,54.966582,-118.347131
103160607709W600,2023-04,LONGSHORE RESOURCES LTD.,3216.49,55.64981,-119.37262
103162607710W600,2023-04,TAQA NORTH LTD.,3448.8,55.707552,-119.424691
104010506304W600,2023-04,ARC RESOURCES LTD.,2740.84,54.415271,-118.560178
104073206203W600,2023-04,STRATHCONA RESOURCES LTD.,3524.68,54.406748,-118.406575
104141106903W600,2023-04,SPARTAN DELTA CORP.,3291.07,54.964641,-118.348777
105012907108W600,2023-04,OVINTIV CANADA ULC,3400.42,55.172424,-119.183206
105092907108W600,2023-04,OVINTIV CANADA ULC,3121.76,55.179568,-119.181527
106012907108W600,2023-04,OVINTIV CANADA ULC,3573.84,55.172395,-119.18136
106072107007W600,2023-04,PIPESTONE ENERGY CORP.,3817.43,55.075545,-119.001703
107082907108W600,2023-04,OVINTIV CANADA ULC,3394.28,55.177866,-119.181473
100010906205W600,2023-05,WHITECAP RESOURCES INC.,3505.59,54.342508,-118.677025
100012307308W600,2023-05,ADVANTAGE ENERGY LTD.,2774.07,55.331499,-119.104441
100021007308W600,2023-05,ADVANTAGE ENERGY LTD.,3521.31,55.301915,-119.140678
100021907813W600,2023-05,BIRCHCLIFF ENERGY LTD.,2843.91,55.767342,-119.9993
100031706405W600,2023-05,ARC RESOURCES LTD.,1986.5300000000002,54.531509,-118.717697
100040307812W600,2023-05,KELT EXPLORATION LTD.,4084.18,55.72442,-119.779453
100041906204W600,2023-05,ARC RESOURCES LTD.,2061.91,54.372549,-118.597919
100042007007W600,2023-05,PIPESTONE ENERGY CORP.,3017.33,55.070871,-119.037623
100043006204W602,2023-05,ARC RESOURCES LTD.,3021.89,54.388061,-118.59779
100051906204W600,2023-05,ARC RESOURCES LTD.,2029.35,54.377135,-118.597908
100052306307W600,2023-05,CENOVUS ENERGY INC.,3380.9,54.464962,-118.95408
100060207411W600,2023-05,CANADIAN NATURAL RESOURCES LIMITED,2090.0,55.380994,-119.579134
100070908110W602,2023-05,TOURMALINE OIL CORP.,1986.91,56.005881,-119.500486
100071007813W600,2023-05,BIRCHCLIFF ENERGY LTD.,2902.63,55.741726,-119.922549
100071907813W600,2023-05,BIRCHCLIFF ENERGY LTD.,3143.23,55.771504,-119.999428
100081007813W600,2023-05,BIRCHCLIFF ENERGY LTD.,2977.28,55.744486,-119.919031
100091107007W600,2023-05,PIPESTONE ENERGY CORP.,2295.05,55.049715,-118.942693
100093207008W600,2023-05,NUVISTA ENERGY LTD.,2978.63,55.10758,-119.175328
100102306803W600,2023-05,SPARTAN DELTA CORP.,2845.17,54.904885,-118.342378
100103207008W600,2023-05,NUVISTA ENERGY LTD.,2850.2,55.108446,-119.177304
100111206313W600,2023-05,CANADIAN NATURAL RESOURCES LIMITED,131.40999999999985,54.438598,-119.831991
100121707007W600,2023-05,PIPESTONE ENERGY CORP.,3311.57,55.064748,-119.038845
100121906204W600,2023-05,ARC RESOURCES LTD.,2159.07,54.379275,-118.597952
100122406803W600,2023-05,SPARTAN DELTA CORP.,3268.52,54.904893,-118.326081
100132306307W600,2023-05,CENOVUS ENERGY INC.,3403.8,54.470438,-118.954081
100133007710W600,2023-05,INSIGNIA ENERGY LTD.,1332.02,55.706342,-119.547232
100141707007W600,2023-05,PIPESTONE ENERGY CORP.,3443.08,55.066091,-119.034079
100142407310W600,2023-05,TAMARACK VALLEY ENERGY LTD.,4624.38,55.344038,-119.400486
100150407309W600,2023-05,OVINTIV CANADA ULC,3063.53,55.300492,-119.315577
100151807813W600,2023-05,BIRCHCLIFF ENERGY LTD.,2697.83,55.764849,-119.999389
100153207008W600,2023-05,NUVISTA ENERGY LTD.,2781.43,55.111182,-119.181862
100162906205W600,2023-05,WHITECAP RESOURCES INC.,3096.95,54.397329,-118.702486
102010506304W600,2023-05,ARC RESOURCES LTD.,2581.71,54.417242,-118.558334
102021907813W600,2023-05,BIRCHCLIFF ENERGY LTD.,2892.47,55.768091,-119.999357
102022107108W600,2023-05,CANADIAN NATURAL RESOURCES LIMITED,3035.22,55.157109,-119.165386
102022507210W600,2023-05,TAMARACK VALLEY ENERGY LTD.,4650.42,55.258922,-119.394001
102022907108W600,2023-05,OVINTIV CANADA ULC,2877.81,55.17234,-119.188696
102030307812W600,2023-05,KELT EXPLORATION LTD.,3901.05,55.725432,-119.776221
102031007308W600,2023-05,ADVANTAGE ENERGY LTD.,3213.13,55.30192,-119.145909
102042107108W600,2023-05,CANADIAN NATURAL RESOURCES LIMITED,3336.04,55.157153,-119.17349
102043006204W600,2023-05,ARC RESOURCES LTD.,2723.16,54.385907,-118.597929
102043306205W603,2023-05,WHITECAP RESOURCES INC.,3275.5,54.400578,-118.696161
102051906204W600,2023-05,ARC RESOURCES LTD.,2099.12,54.374724,-118.597905
102052506406W600,2023-05,ARC RESOURCES LTD.,3301.51,54.566581,-118.777382
102071907813W600,2023-05,BIRCHCLIFF ENERGY LTD.,3074.43,55.770596,-119.999455
102081007813W600,2023-05,BIRCHCLIFF ENERGY LTD.,2943.24,55.743862,-119.919474
102093207008W600,2023-05,NUVISTA ENERGY LTD.,3166.91,55.106732,-119.17392
102150407309W600,2023-05,OVINTIV CANADA ULC,3167.24,55.300531,-119.314411
102152306803W600,2023-05,SPARTAN DELTA CORP.,2657.9,54.907019,-118.341111
102153106306W600,2023-05,CENOVUS ENERGY INC.,3695.56,54.500077,-118.892426
102153207008W600,2023-05,NUVISTA ENERGY LTD.,2804.84,55.110195,-119.180054
103031007308W600,2023-05,ADVANTAGE ENERGY LTD.,3382.75,55.301915,-119.143329
103032107108W600,2023-05,CANADIAN NATURAL RESOURCES LIMITED,3138.61,55.15711,-119.169599
103042107108W600,2023-05,CANADIAN NATURAL RESOURCES LIMITED,3532.73,55.157071,-119.177412
103062007007W600,2023-05,PIPESTONE ENERGY CORP.,3408.3699999999994,55.072698,-119.033881
103062108012W600,2023-05,BIRCHCLIFF ENERGY LTD.,,55.945319,-119.815244
103112507210W600,2023-05,TAMARACK VALLEY ENERGY LTD.,3914.02,55.266991,-119.400596
103122406803W600,2023-05,SPARTAN DELTA CORP.,3304.17,54.903577,-118.329192
103153207008W600,2023-05,NUVISTA ENERGY LTD.,2787.95,55.109413,-119.17862
104012107108W600,2023-05,CANADIAN NATURAL RESOURCES LIMITED,3171.35,55.15719,-119.158477
104092907108W600,2023-05,OVINTIV CANADA ULC,3450.08,55.181353,-119.181551
106082907108W600,2023-05,OVINTIV CANADA ULC,3517.3,55.175996,-119.181542
106092907108W600,2023-05,OVINTIV CANADA ULC,3105.8,55.178715,-119.181603
107012907108W600,2023-05,OVINTIV CANADA ULC,3468.32,55.174208,-119.181471
108012907108W600,2023-05,OVINTIV CANADA ULC,3206.0,55.172305,-119.184898
109082907108W600,2023-05,OVINTIV CANADA ULC,3506.29,55.175032,-119.181455
1W0132806205W600,2023-05,WHITECAP RESOURCES INC.,3045.46,54.397347,-118.699791
100012307809W600,2023-06,TOURMALINE OIL CORP.,3571.5699999999997,55.768608,-119.270659
100022506204W600,2023-06,ARC RESOURCES LTD.,2760.46,54.386408,-118.461
100022807711W600,2023-06,TAQA NORTH LTD.,3332.37,55.695161,-119.637237
100030306304W600,2023-06,ARC RESOURCES LTD.,1795.02,54.415062,-118.516422
100032506204W600,2023-06,ARC RESOURCES LTD.,2562.78,54.386245,-118.468209
100040906304W600,2023-06,KADEN ENERGY LTD.,1943.3,54.431339,-118.552345
100043006904W600,2023-06,VEREN INC.,3061.33,54.99709,-118.609086
100043107611W600,2023-06,CANLIN RESOURCES PARTNERSHIP,2320.47,55.622532,-119.700525
100043407809W602,2023-06,TOURMALINE OIL CORP.,2253.85,55.796891,-119.31717
100052806706W600,2023-06,PARAMOUNT RESOURCES LTD.,3218.36,54.826655,-118.863668
100070707510W600,2023-06,ADVANTAGE ENERGY LTD.,3229.21,55.480064,-119.538583
100082506905W600,2023-06,VEREN INC.,2874.11,55.00209,-118.612085
100090607709W600,2023-06,LONGSHORE RESOURCES LTD.,3191.04,55.644382,-119.372631
100092406905W600,2023-06,VEREN INC.,2979.77,54.991918,-118.61135
100093408010W600,2023-06,TOURMALINE OIL CORP.,2148.6400000000003,55.979402,-119.464045
100100707510W600,2023-06,ADVANTAGE ENERGY LTD.,3500.76,55.483179,-119.538633
100111807310W600,2023-06,CANADIAN NATURAL RESOURCES LIMITED,2418.0,55.325423,-119.52731
100120807407W600,2023-06,TAMARACK VALLEY ENERGY LTD.,4408.35,55.397518,-119.049202
100130806204W602,2023-06,TOURMALINE OIL CORP.,2664.21,54.354092,-118.570509
100130807407W600,2023-06,TAMARACK VALLEY ENERGY LTD.,4695.67,55.401512,-119.049197
100131906204W600,2023-06,ARC RESOURCES LTD.,2461.73,54.383749,-118.597985
100160407309W602,2023-06,OVINTIV CANADA ULC,3269.77,55.30048,-119.309705
102010707407W600,2023-06,TAMARACK VALLEY ENERGY LTD.,4572.16,55.390546,-119.053287
102020306304W600,2023-06,ARC RESOURCES LTD.,1893.6999999999998,54.41697,-118.515429
102022506204W600,2023-06,ARC RESOURCES LTD.,2939.0,54.386241,-118.45671
102032506204W600,2023-06,ARC RESOURCES LTD.,2625.01,54.386246,-118.46435
102042806706W600,2023-06,PARAMOUNT RESOURCES LTD.,3148.82,54.823487,-118.863643
102053006204W600,2023-06,ARC RESOURCES LTD.,3296.84,54.39038,-118.598019
102090607709W600,2023-06,LONGSHORE RESOURCES LTD.,3113.37,55.646205,-119.372626
102131806204W600,2023-06,ARC RESOURCES LTD.,1813.7199999999998,54.368112,-118.597854
102150806204W600,2023-06,TOURMALINE OIL CORP.,2708.24,54.354355,-118.55745
102160407309W600,2023-06,OVINTIV CANADA ULC,3250.25,55.300485,-119.311167
103012807711W600,2023-06,TAQA NORTH LTD.,3423.88,55.695177,-119.635145
103013607808W602,2023-06,KELT EXPLORATION LTD.,3561.1,55.796083,-119.088312
103042806706W600,2023-06,PARAMOUNT RESOURCES LTD.,3108.77,54.825062,-118.86363
103070306304W600,2023-06,ARC RESOURCES LTD.,2256.39,54.420996,-118.513334
103071206305W600,2023-06,KADEN ENERGY LTD.,1876.59,54.434166,-118.616401
103082506204W600,2023-06,ARC RESOURCES LTD.,2958.65,54.392162,-118.451792
103090306304W600,2023-06,ARC RESOURCES LTD.,2480.83,54.423871,-118.509288
103150407309W600,2023-06,OVINTIV CANADA ULC,3093.25,55.300502,-119.316735
103160407309W600,2023-06,OVINTIV CANADA ULC,3168.15,55.30048,-119.311967
103160506304W600,2023-06,KADEN ENERGY LTD.,2073.54,54.428481,-118.554358
104070306304W600,2023-06,ARC RESOURCES LTD.,2182.51,54.419834,-118.515793
104150407309W600,2023-06,OVINTIV CANADA ULC,3084.84,55.300619,-119.319065
105100306304W600,2023-06,ARC RESOURCES LTD.,2353.27,54.422528,-118.511328
105150407309W600,2023-06,OVINTIV CANADA ULC,3153.93,55.300593,-119.32029
1S0022806403W600,2023-06,HAMMERHEAD RESOURCES ULC,2959.86,54.559705,-118.389797
100011406503W600,2023-07,CANADIAN NATURAL RESOURCES LIMITED,3431.67,54.618969,-118.332421
100012407210W602,2023-07,CANADIAN NATURAL RESOURCES LIMITED,3821.2,55.244384,-119.388065
100012506204W600,2023-07,ARC RESOURCES LTD.,3013.81,54.386563,-118.453658
100012707807W600,2023-07,TOURMALINE OIL CORP.,3375.7799999999997,55.782435,-118.987152
100012808113W600,2023-07,VERMILION ENERGY INC.,2941.0299999999997,56.044516,-119.958388
100020407209W600,2023-07,NUVISTA ENERGY LTD.,2764.54,55.200498,-119.3146
100021406503W600,2023-07,CANADIAN NATURAL RESOURCES LIMITED,3174.99,54.618974,-118.337718
100022407210W602,2023-07,CANADIAN NATURAL RESOURCES LIMITED,3586.49,55.244471,-119.391455
100022707807W600,2023-07,TOURMALINE OIL CORP.,3036.9300000000003,55.782446,-118.993428
100030407209W600,2023-07,NUVISTA ENERGY LTD.,2885.78,55.20058,-119.321208
100030607004W600,2023-07,VEREN INC.,3286.31,55.027951,-118.600522
100031406503W600,2023-07,CANADIAN NATURAL RESOURCES LIMITED,3098.27,54.618987,-118.343297
100032407210W600,2023-07,CANADIAN NATURAL RESOURCES LIMITED,3207.5,55.24447,-119.398581
100032707807W600,2023-07,TOURMALINE OIL CORP.,3045.63,55.782436,-118.999872
100032708113W600,2023-07,VERMILION ENERGY INC.,3553.66,56.044993,-119.946347
100032807711W600,2023-07,TAQA NORTH LTD.,3457.6,55.695139,-119.647154
100032808113W600,2023-07,VERMILION ENERGY INC.,2524.46,56.044525,-119.970991
100040607004W600,2023-07,VEREN INC.,3279.64,55.027148,-118.606234
100041406503W600,2023-07,CANADIAN NATURAL RESOURCES LIMITED,3297.1099999999997,54.618986,-118.348737
100041506604W600,2023-07,HAMMERHEAD RESOURCES ULC,2774.14,54.705464,-118.526983
100042007208W600,2023-07,CANADIAN NATURAL RESOURCES LIMITED,3237.35,55.243589,-119.20495
100051506604W600,2023-07,HAMMERHEAD RESOURCES ULC,2604.52,54.709507,-118.527081
100052407808W600,2023-07,GRIZZLY RESOURCES LTD.,1845.03,55.770547,-119.1102
100060308012W600,2023-07,BIRCHCLIFF ENERGY LTD.,,55.902236,-119.793885
100062708113W600,2023-07,VERMILION ENERGY INC.,3572.06,56.048948,-119.946433
100080507907W603,2023-07,GRIZZLY RESOURCES LTD.,1532.8600000000001,55.815229,-119.047937
100081007407W602,2023-07,ARCHER EXPLORATION CORP.,4615.39,55.393676,-118.976058
100090606605W602,2023-07,NUVISTA ENERGY LTD.,2446.26,54.6843,-118.732202
100101106606W602,2023-07,NUVISTA ENERGY LTD.,2555.99,54.698969,-118.79033
100120707210W600,2023-07,CANADIAN NATURAL RESOURCES LIMITED,2569.0,55.221725,-119.533146
100123607308W600,2023-07,TAMARACK VALLEY ENERGY LTD.,4018.33,55.368687,-119.100809
100130506508W600,2023-07,CANADIAN NATURAL RESOURCES LIMITED,3373.1,54.602853,-119.180813
100131506604W600,2023-07,HAMMERHEAD RESOURCES ULC,2568.68,54.716351,-118.526964
100131707208W600,2023-07,CANADIAN NATURAL RESOURCES LIMITED,3354.97,55.240878,-119.204882
100141106606W600,2023-07,NUVISTA ENERGY LTD.,2669.3300000000004,54.702604,-118.795581
100160206508W600,2023-07,CANADIAN NATURAL RESOURCES LIMITED,3192.44,54.603169,-119.085615
100162606106W600,2023-07,TOURMALINE OIL CORP.,3030.77,54.309045,-118.77627
102010206505W600,2023-07,ARC RESOURCES LTD.,3892.97,54.591654,-118.632526
102010407209W600,2023-07,NUVISTA ENERGY LTD.,2826.46,55.201236,-119.30925
102012506204W600,2023-07,ARC RESOURCES LTD.,2964.04,54.387787,-118.452002
102020407209W600,2023-07,NUVISTA ENERGY LTD.,2825.96,55.200518,-119.316815
102022407210W600,2023-07,CANADIAN NATURAL RESOURCES LIMITED,3380.99,55.24445,-119.394894
102030407209W600,2023-07,NUVISTA ENERGY LTD.,2913.17,55.200654,-119.323694
102040107408W600,2023-07,TAMARACK VALLEY ENERGY LTD.,4205.23,55.376013,-119.100797
102041506604W600,2023-07,HAMMERHEAD RESOURCES ULC,2700.82,54.706932,-118.526596
102042007208W600,2023-07,CANADIAN NATURAL RESOURCES LIMITED,3141.38,55.24496,-119.203461
102051506604W600,2023-07,HAMMERHEAD RESOURCES ULC,2611.7,54.710863,-118.52714
102052506106W600,2023-07,TOURMALINE OIL CORP.,2543.89,54.302647,-118.770074
102090306304W600,2023-07,ARC RESOURCES LTD.,2675.3,54.425099,-118.506976
102101106606W600,2023-07,NUVISTA ENERGY LTD.,2566.86,54.70061,-118.792802
102121506604W602,2023-07,HAMMERHEAD RESOURCES ULC,2546.52,54.71354,-118.527039
102131006604W600,2023-07,HAMMERHEAD RESOURCES ULC,2829.3,54.704095,-118.526869
102131506604W600,2023-07,HAMMERHEAD RESOURCES ULC,2633.23,54.717649,-118.526926
102131707208W600,2023-07,CANADIAN NATURAL RESOURCES LIMITED,3197.66,55.242204,-119.203471
102131906204W600,2023-07,ARC RESOURCES LTD.,2249.38,54.381468,-118.597883
102160607709W600,2023-07,LONGSHORE RESOURCES LTD.,3106.12,55.647979,-119.372694
103010407209W600,2023-07,NUVISTA ENERGY LTD.,2869.3,55.200526,-119.310255
103020407209W600,2023-07,NUVISTA ENERGY LTD.,2857.05,55.200522,-119.319026
103041506604W600,2023-07,HAMMERHEAD RESOURCES ULC,2658.98,54.708238,-118.526972
103051506604W600,2023-07,HAMMERHEAD RESOURCES ULC,2564.08,54.712262,-118.527036
103121506604W600,2023-07,HAMMERHEAD RESOURCES ULC,2577.54,54.714998,-118.527027
103131506604W600,2023-07,HAMMERHEAD RESOURCES ULC,2588.27,54.718816,-118.526827
103152007807W600,2023-07,GRIZZLY RESOURCES LTD.,1102.05,55.77858,-119.045036
104010407209W600,2023-07,NUVISTA ENERGY LTD.,2821.76,55.200482,-119.312369
104042807711W600,2023-07,TAQA NORTH LTD.,3464.95,55.695118,-119.649227
100010206505W600,2023-08,ARC RESOURCES LTD.,3969.49,54.590045,-118.633339
100010606902W600,2023-08,VEREN INC.,2422.32,54.939775,-118.284708
100020206505W600,2023-08,ARC RESOURCES LTD.,3725.94,54.590002,-118.640676
100022807407W600,2023-08,ARCHER EXPLORATION CORP.,4718.52,55.434396,-119.012575
100023607209W600,2023-08,CANADIAN NATURAL RESOURCES LIMITED,3428.41,55.27274,-119.241503
100032006807W600,2023-08,SINOPEC DAYLIGHT ENERGY LTD.,3283.6,54.895913,-119.03522
100033007509W600,2023-08,WHITECAP RESOURCES INC.,3252.81,55.52046,-119.386904
100033607209W600,2023-08,CANADIAN NATURAL RESOURCES LIMITED,3228.95,55.274498,-119.244194
100040707302W600,2023-08,OVINTIV CANADA ULC,3251.69,55.303088,-118.305247
100051007908W600,2023-08,TOURMALINE OIL CORP.,2391.98,55.830628,-119.173051
100051106306W600,2023-08,CENOVUS ENERGY INC.,3232.41,54.434466,-118.802947
100061007908W600,2023-08,TOURMALINE OIL CORP.,2196.1099999999997,55.831063,-119.165696
100063506906W600,2023-08,GOOSE CREEK RESOURCES LTD.,,55.017555,-118.807186
100063607209W600,2023-08,CANADIAN NATURAL RESOURCES LIMITED,3166.12,55.276015,-119.246987
100080606902W600,2023-08,VEREN INC.,2244.95,54.943104,-118.280351
100090206505W600,2023-08,ARC RESOURCES LTD.,3498.13,54.597875,-118.631689
100092507109W600,2023-08,OVINTIV CANADA ULC,3546.67,55.178825,-119.235212
100093206402W600,2023-08,VEREN INC.,3210.11,54.584577,-118.257705
100100607611W600,2023-08,CANADIAN NATURAL RESOURCES LIMITED,3853.85,55.558672,-119.691186
100101206307W600,2023-08,TOURMALINE OIL CORP.,2161.76,54.439099,-118.9145
100101707107W600,2023-08,PIPESTONE ENERGY CORP.,2836.16,55.149372,-119.038327
100101707907W600,2023-08,TOURMALINE OIL CORP.,,55.849205,-119.052598
100102507908W600,2023-08,TOURMALINE OIL CORP.,,55.87644,-119.107544
100121106306W600,2023-08,CENOVUS ENERGY INC.,3168.92,54.439481,-118.802951
100121906708W600,2023-08,CENOVUS ENERGY INC.,1692.31,54.817637,-119.218969
100131106306W600,2023-08,CENOVUS ENERGY INC.,3136.39,54.442882,-118.800842
100131906708W600,2023-08,CENOVUS ENERGY INC.,1631.84,54.820097,-119.218862
100133306402W600,2023-08,VEREN INC.,3404.06,54.586404,-118.247232
100140607611W600,2023-08,CANADIAN NATURAL RESOURCES LIMITED,4239.65,55.561253,-119.695781
100143506906W600,2023-08,GOOSE CREEK RESOURCES LTD.,,55.024727,-118.802207
100143607107W600,2023-08,PIPESTONE ENERGY CORP.,2895.36,55.199195,-118.936274
100160607709W600,2023-08,LONGSHORE RESOURCES LTD.,3229.84,55.650197,-119.372619
100162206307W600,2023-08,TOURMALINE OIL CORP.,2814.99,54.470726,-118.961416
100163206402W600,2023-08,VEREN INC.,3318.38,54.585924,-118.252818
102010606902W600,2023-08,VEREN INC.,2294.84,54.941281,-118.282239
102012906103W600,2023-08,STRATHCONA RESOURCES LTD.,3096.45,54.299933,-118.404343
102020206505W602,2023-08,ARC RESOURCES LTD.,3817.48,54.589993,-118.637222
102020606902W600,2023-08,VEREN INC.,2515.57,54.938383,-118.287225
102030506305W600,2023-08,ORLEN UPSTREAM CANADA LTD.,3153.66,54.41493,-118.721543
102040506305W600,2023-08,ORLEN UPSTREAM CANADA LTD.,3120.74,54.414951,-118.72404
102042806103W600,2023-08,STRATHCONA RESOURCES LTD.,2793.14,54.299933,-118.39895
102043007509W600,2023-08,WHITECAP RESOURCES INC.,3352.96,55.520509,-119.393175
102062507109W600,2023-08,OVINTIV CANADA ULC,3321.53,55.176775,-119.24578
102080206505W600,2023-08,ARC RESOURCES LTD.,3767.42,54.593736,-118.632278
102092507109W600,2023-08,OVINTIV CANADA ULC,3479.9,55.180121,-119.233694
102092606106W600,2023-08,TOURMALINE OIL CORP.,2827.97,54.305877,-118.776184
102113107807W602,2023-08,GRIZZLY RESOURCES LTD.,1177.77,55.80646,-119.078684
102121906708W600,2023-08,CENOVUS ENERGY INC.,1840.26,54.814903,-119.219103
102131106606W600,2023-08,NUVISTA ENERGY LTD.,2957.85,54.704065,-118.799407
102141506305W602,2023-08,ARC RESOURCES LTD.,1758.2199999999998,54.456553,-118.673295
103012906103W600,2023-08,STRATHCONA RESOURCES LTD.,2920.6,54.299895,-118.401955
103080206505W600,2023-08,ARC RESOURCES LTD.,3637.81,54.595659,-118.631781
103151606305W603,2023-08,ARC RESOURCES LTD.,2160.81,54.456571,-118.688196
104012906103W600,2023-08,STRATHCONA RESOURCES LTD.,2924.34,54.299875,-118.401858
104152507109W600,2023-08,OVINTIV CANADA ULC,2916.6,55.182213,-119.240058
105021606305W600,2023-08,ARC RESOURCES LTD.,2365.44,54.44576,-118.691032
106101707107W600,2023-08,PIPESTONE ENERGY CORP.,2720.76,55.150976,-119.034292
106102507109W600,2023-08,OVINTIV CANADA ULC,3340.82,55.179071,-119.238662
106161707107W600,2023-08,PIPESTONE ENERGY CORP.,3064.78,55.154447,-119.026714
107161707107W600,2023-08,PIPESTONE ENERGY CORP.,2746.27,55.15273,-119.03073
100011206307W600,2023-09,TOURMALINE OIL CORP.,3055.72,54.429388,-118.910178
100012106505W600,2023-09,PARAMOUNT RESOURCES LTD.,3661.64,54.633541,-118.6849
100013306605W600,2023-09,CANADIAN NATURAL RESOURCES LIMITED,3709.2,54.749913,-118.681918
100022106505W600,2023-09,PARAMOUNT RESOURCES LTD.,3546.16,54.633545,-118.690647
100031006205W600,2023-09,TOURMALINE OIL CORP.,3002.56,54.34285,-118.665931
100040906606W600,2023-09,CANADIAN NATURAL RESOURCES LIMITED,3598.75,54.693394,-118.854159
100041007206W600,2023-09,KELT EXPLORATION LTD.,4678.18,55.215553,-118.844278
100050106807W600,2023-09,NUVISTA ENERGY LTD.,3955.54,54.857627,-118.94055
100050906606W600,2023-09,CANADIAN NATURAL RESOURCES LIMITED,3315.14,54.697003,-118.854186
100051107213W603,2023-09,CENOVUS ENERGY INC.,146.5,55.219507,-119.895162
100080606604W600,2023-09,CANADIAN NATURAL RESOURCES LIMITED,3356.2200000000003,54.680291,-118.581121
100081006205W600,2023-09,TOURMALINE OIL CORP.,2929.94,54.345668,-118.653855
100083306605W600,2023-09,CANADIAN NATURAL RESOURCES LIMITED,3114.89,54.755146,-118.681833
100091507108W600,2023-09,OVINTIV CANADA ULC,3855.88,55.151366,-119.130123
100100106807W600,2023-09,NUVISTA ENERGY LTD.,3636.14,54.860565,-118.927315
100110106807W600,2023-09,NUVISTA ENERGY LTD.,3629.4,54.859857,-118.930606
100120506508W600,2023-09,CANADIAN NATURAL RESOURCES LIMITED,3018.53,54.598314,-119.180823
100121306909W600,2023-09,SINOPEC DAYLIGHT ENERGY LTD.,3194.51,54.975887,-119.24417
100122206205W600,2023-09,WHITECAP RESOURCES INC.,3070.5,54.380634,-118.674204
100131507609W600,2023-09,WHITECAP RESOURCES INC.,3179.47,55.591346,-119.316812
100132206205W602,2023-09,WHITECAP RESOURCES INC.,2899.12,54.382967,-118.674149
100160506908W600,2023-09,SINOPEC DAYLIGHT ENERGY LTD.,2423.25,54.94977,-119.172302
102012106505W602,2023-09,PARAMOUNT RESOURCES LTD.,3506.95,54.633547,-118.682026
102022106505W602,2023-09,PARAMOUNT RESOURCES LTD.,3542.57,54.633543,-118.687697
102032106505W600,2023-09,PARAMOUNT RESOURCES LTD.,3585.57,54.633549,-118.693605
102050906606W600,2023-09,CANADIAN NATURAL RESOURCES LIMITED,3512.42,54.695179,-118.85416
102080606604W600,2023-09,CANADIAN NATURAL RESOURCES LIMITED,3410.42,54.683461,-118.581122
102083306605W600,2023-09,CANADIAN NATURAL RESOURCES LIMITED,3269.67,54.753403,-118.681828
102091507108W600,2023-09,OVINTIV CANADA ULC,4043.66,55.150452,-119.130112
102093306605W600,2023-09,CANADIAN NATURAL RESOURCES LIMITED,3017.02,54.75696,-118.681855
102100106807W600,2023-09,NUVISTA ENERGY LTD.,3572.31,54.860979,-118.923075
102110106807W600,2023-09,NUVISTA ENERGY LTD.,3681.98,54.85903,-118.933697
102120106807W600,2023-09,NUVISTA ENERGY LTD.,3757.75,54.858397,-118.937184
102122206205W600,2023-09,WHITECAP RESOURCES INC.,3199.72,54.378574,-118.674144
102143306127W502,2023-09,LOGAN ENERGY CORP.,3329.51,54.324859,-117.991081
102161507108W600,2023-09,OVINTIV CANADA ULC,3906.16,55.154118,-119.130136
102162406308W600,2023-09,TAQA NORTH LTD.,2495.5,54.471448,-119.063318
103091507108W600,2023-09,OVINTIV CANADA ULC,3749.54,55.152267,-119.130119
103161507108W600,2023-09,OVINTIV CANADA ULC,3864.28,55.154924,-119.130146
104161507108W600,2023-09,OVINTIV CANADA ULC,4188.45,55.153212,-119.130151
105042107107W600,2023-09,PIPESTONE ENERGY CORP.,3248.68,55.156226,-119.022947
100011406204W602,2023-10,ARC RESOURCES LTD.,3950.39,54.357473,-118.47832
100030507308W602,2023-10,KELT EXPLORATION LTD.,3590.84,55.288085,-119.198637
100030707610W600,2023-10,ASTARA ENERGY CORP.,717.0,55.56599,-119.541548
100031108012W600,2023-10,STORM DEVELOPMENT CORP.,2912.91,55.913644,-119.765608
100031707913W600,2023-10,BIRCHCLIFF ENERGY LTD.,3313.37,55.840235,-119.999461
100040807906W600,2023-10,TOURMALINE OIL CORP.,2005.3,55.827659,-118.908315
100041108012W600,2023-10,STORM DEVELOPMENT CORP.,3190.5299999999997,55.913646,-119.772639
100041606706W600,2023-10,PARAMOUNT RESOURCES LTD.,3024.34,54.79533,-118.862846
100041705727W502,2023-10,TOURMALINE OIL CORP.,2577.79,53.920608,-117.985905
100042807608W600,2023-10,TOURMALINE OIL CORP.,2377.4,55.607929,-119.183846
100043406812W600,2023-10,CENOVUS ENERGY INC.,,54.926175,-119.749083
100050506508W600,2023-10,CANADIAN NATURAL RESOURCES LIMITED,3245.8,54.59386,-119.180768
100050507308W602,2023-10,KELT EXPLORATION LTD.,3523.66,55.29153,-119.203326
100051106903W600,2023-10,VEREN INC.,3659.44,54.958273,-118.351593
100051606706W600,2023-10,PARAMOUNT RESOURCES LTD.,3009.26,54.799032,-118.862843
100052807608W600,2023-10,TOURMALINE OIL CORP.,2276.3900000000003,55.612009,-119.183973
100060807913W600,2023-10,BIRCHCLIFF ENERGY LTD.,2651.64,55.831443,-119.999284
100061707913W600,2023-10,BIRCHCLIFF ENERGY LTD.,3498.26,55.844558,-119.999495
100070507906W600,2023-10,TOURMALINE OIL CORP.,3092.5,55.816209,-118.895086
100080707811W600,2023-10,KELT EXPLORATION LTD.,1859.0,55.744461,-119.682043
100081306706W600,2023-10,PARAMOUNT RESOURCES LTD.,2926.17,54.799016,-118.768257
100083007612W600,2023-10,ADVANTAGE ENERGY LTD.,4052.85,55.61186,-119.838411
100090206508W600,2023-10,CANADIAN NATURAL RESOURCES LIMITED,3053.9,54.598662,-119.085615
100091906811W600,2023-10,CENOVUS ENERGY INC.,1311.5100000000002,54.904914,-119.65859
100092006811W600,2023-10,CENOVUS ENERGY INC.,3112.99,54.90289,-119.630424
100093007612W600,2023-10,ADVANTAGE ENERGY LTD.,3616.82,55.616451,-119.838328
100110807913W600,2023-10,BIRCHCLIFF ENERGY LTD.,2754.06,55.833675,-119.999413
100111606409W600,2023-10,TOURMALINE OIL CORP.,2525.45,54.540915,-119.301693
100112807407W600,2023-10,ARCHER EXPLORATION CORP.,5417.36,55.441438,-119.019123
100112907612W600,2023-10,ADVANTAGE ENERGY LTD.,4300.4400000000005,55.616456,-119.827176
100120406606W600,2023-10,CANADIAN NATURAL RESOURCES LIMITED,3312.44,54.686311,-118.85422
100122807408W600,2023-10,ARCHER EXPLORATION CORP.,4679.28,55.441478,-119.177861
100122807608W600,2023-10,TOURMALINE OIL CORP.,2280.69,55.616311,-119.183979
100130406606W600,2023-10,CANADIAN NATURAL RESOURCES LIMITED,3550.51,54.689829,-118.854224
100132807608W600,2023-10,TOURMALINE OIL CORP.,2407.74,55.620368,-119.183988
100140807913W600,2023-10,BIRCHCLIFF ENERGY LTD.,3094.14,55.838009,-119.999508
100140907812W600,2023-10,KELT EXPLORATION LTD.,1885.0,55.751585,-119.799523
100141606409W600,2023-10,TOURMALINE OIL CORP.,2717.53,54.544767,-119.298788
100142307210W600,2023-10,HWN ENERGY LTD.,525.78,55.257467,-119.429021
100142507808W600,2023-10,GRIZZLY RESOURCES LTD.,375.0,55.792699,-119.104728
100150507906W600,2023-10,TOURMALINE OIL CORP.,2779.4,55.823874,-118.895096
100161107713W600,2023-10,ADVANTAGE ENERGY LTD.,3016.47,55.663851,-119.892132
100161407308W600,2023-10,KELT EXPLORATION LTD.,3223.63,55.329636,-119.106611
100161505727W500,2023-10,TOURMALINE OIL CORP.,2205.06,53.932003,-117.918908
102010607709W600,2023-10,LONGSHORE RESOURCES LTD.,2252.0299999999997,55.637075,-119.37326
102011306706W600,2023-10,PARAMOUNT RESOURCES LTD.,2946.81,54.795321,-118.768256
102030407108W600,2023-10,OVINTIV CANADA ULC,3073.61,55.113526,-119.172636
102031707913W600,2023-10,BIRCHCLIFF ENERGY LTD.,3425.1,55.842384,-119.999589
102040507308W600,2023-10,KELT EXPLORATION LTD.,3802.58,55.288946,-119.203298
102040906606W600,2023-10,CANADIAN NATURAL RESOURCES LIMITED,3914.53,54.6917,-118.854221
102041606706W600,2023-10,PARAMOUNT RESOURCES LTD.,3058.05,54.793617,-118.862848
102050507308W600,2023-10,KELT EXPLORATION LTD.,3602.84,55.290757,-119.203303
102051606706W600,2023-10,PARAMOUNT RESOURCES LTD.,3004.0,54.797207,-118.862841
102080206508W600,2023-10,CANADIAN NATURAL RESOURCES LIMITED,2505.01,54.594056,-119.087663
102082006811W600,2023-10,CENOVUS ENERGY INC.,3057.96,54.898267,-119.630356
102091407811W600,2023-10,BIRCHCLIFF ENERGY LTD.,3091.69,55.75991,-119.579778
102110807913W600,2023-10,BIRCHCLIFF ENERGY LTD.,2907.02,55.83575,-119.999382
102130406606W602,2023-10,CANADIAN NATURAL RESOURCES LIMITED,3476.19,54.688029,-118.854223
102161107713W600,2023-10,ADVANTAGE ENERGY LTD.,2978.76,55.663948,-119.889716
102161407308W600,2023-10,KELT EXPLORATION LTD.,3159.41,55.329575,-119.108742
103011306706W600,2023-10,PARAMOUNT RESOURCES LTD.,2948.9,54.7936,-118.768293
103012107711W600,2023-10,INSIGNIA ENERGY LTD.,1639.94,55.680589,-119.631305
103030407108W600,2023-10,OVINTIV CANADA ULC,3088.74,55.113532,-119.170616
103040507308W600,2023-10,KELT EXPLORATION LTD.,3698.65,55.289864,-119.203317
103072907807W600,2023-10,GRIZZLY RESOURCES LTD.,1073.71,55.787266,-119.045384
103081407811W600,2023-10,BIRCHCLIFF ENERGY LTD.,3340.7,55.757924,-119.57986
103082006811W600,2023-10,CENOVUS ENERGY INC.,3074.42,54.900594,-119.630353
103101006903W600,2023-10,VEREN INC.,2995.47,54.961209,-118.364499
103162907912W600,2023-10,CANADIAN NATURAL RESOURCES LIMITED,3447.71,55.881893,-119.83075
104012006811W600,2023-10,CENOVUS ENERGY INC.,3196.57,54.896049,-119.630663
104012107711W600,2023-10,INSIGNIA ENERGY LTD.,1589.69,55.680596,-119.633674
104030407108W600,2023-10,OVINTIV CANADA ULC,3153.25,55.11354,-119.167204
104111106903W600,2023-10,VEREN INC.,3495.5,54.961136,-118.348746
104152907912W600,2023-10,CANADIAN NATURAL RESOURCES LIMITED,3622.4,55.882505,-119.837167
105040407108W600,2023-10,OVINTIV CANADA ULC,3075.7,55.113565,-119.174059
100010207413W600,2023-11,ASTARA ENERGY CORP.,946.31,55.376133,-119.875582
100013206504W602,2023-11,PARAMOUNT RESOURCES LTD.,3406.52,54.662702,-118.555897
100031206204W600,2023-11,STRATHCONA RESOURCES LTD.,3227.55,54.341507,-118.468186
100031606506W600,2023-11,NUVISTA ENERGY LTD.,1940.6999999999998,54.621399,-118.847644
100032907426W500,2023-11,NORTHERN SMILODON ENERGY INC.,1403.42,55.435125,-117.963655
100040307406W600,2023-11,BONTERRA ENERGY CORP.,3426.26,55.374904,-118.843587
100041606506W600,2023-11,NUVISTA ENERGY LTD.,1807.9499999999998,54.621208,-118.851444
100052806408W600,2023-11,CENOVUS ENERGY INC.,2611.52,54.564515,-119.155567
100062306204W600,2023-11,ARC RESOURCES LTD.,1530.85,54.375272,-118.488964
100062806408W600,2023-11,CENOVUS ENERGY INC.,2209.32,54.564504,-119.147039
100070806005W600,2023-11,TOURMALINE OIL CORP.,2838.92,54.170966,-118.709623
100070905827W500,2023-11,TOURMALINE OIL CORP.,2552.29,53.996774,-117.94838
100081007908W600,2023-11,TOURMALINE OIL CORP.,2201.76,55.830662,-119.150797
100081206403W602,2023-11,HAMMERHEAD RESOURCES ULC,2953.27,54.522818,-118.304148
100081607208W600,2023-11,ARCHER EXPLORATION CORP.,5656.68,55.235067,-119.156256
100082206101W602,2023-11,LOGAN ENERGY CORP.,1784.13,54.287033,-118.055977
100082806408W600,2023-11,CENOVUS ENERGY INC.,2232.47,54.565319,-119.13735
100090806005W600,2023-11,TOURMALINE OIL CORP.,3059.58,54.174979,-118.701673
100090807808W600,2023-11,KELT EXPLORATION LTD.,2086.56,55.745105,-119.191883
100091206403W600,2023-11,HAMMERHEAD RESOURCES ULC,3007.26,54.526823,-118.304121
100100507910W600,2023-11,LOGAN ENERGY CORP.,3622.02,55.820488,-119.524473
100100905827W500,2023-11,TOURMALINE OIL CORP.,2533.2,53.999709,-117.950281
100101805727W500,2023-11,TOURMALINE OIL CORP.,2933.03,53.928098,-117.996733
100130206203W600,2023-11,WHITECAP ENERGY CANADA,3290.52,54.34049,-118.344007
100130708112W602,2023-11,KELT EXPLORATION LTD.,3424.65,56.012724,-119.876643
100130807811W600,2023-11,KELT EXPLORATION LTD.,9.529999999999973,55.749161,-119.675728
100131008009W600,2023-11,LONGSHORE RESOURCES LTD.,2273.45,55.925917,-119.328593
100131107908W600,2023-11,TOURMALINE OIL CORP.,2845.0,55.836428,-119.143083
100131207809W600,2023-11,KELT EXPLORATION LTD.,2405.16,55.750886,-119.265376
100133507807W600,2023-11,TOURMALINE OIL CORP.,1853.73,55.809425,-118.980686
100133606808W600,2023-11,SINOPEC DAYLIGHT ENERGY LTD.,2524.74,54.936715,-119.09326
100140206203W600,2023-11,WHITECAP ENERGY CANADA,3195.89,54.340487,-118.339904
100142807608W600,2023-11,TOURMALINE OIL CORP.,2418.4300000000003,55.619822,-119.180074
100151708213W600,2023-11,ASTARA ENERGY CORP.,21.90000000000009,56.113379,-119.994754
100153506808W600,2023-11,SINOPEC DAYLIGHT ENERGY LTD.,2944.2,54.936635,-119.102076
100160608111W600,2023-11,KELT EXPLORATION LTD.,1826.25,55.998276,-119.699864
100160907811W600,2023-11,KELT EXPLORATION LTD.,2015.0,55.749146,-119.634844
102013206504W602,2023-11,PARAMOUNT RESOURCES LTD.,3405.92,54.664307,-118.555906
102020905827W500,2023-11,TOURMALINE OIL CORP.,2722.23,53.993924,-117.947458
102031206204W600,2023-11,STRATHCONA RESOURCES LTD.,3299.82,54.341634,-118.468062
102062307911W600,2023-11,LOGAN ENERGY CORP.,3598.3,55.859267,-119.607415
102071007908W600,2023-11,TOURMALINE OIL CORP.,2607.8199999999997,55.830667,-119.157972
102071607208W600,2023-11,ARCHER EXPLORATION CORP.,5551.88,55.235059,-119.163804
102081206403W600,2023-11,HAMMERHEAD RESOURCES ULC,2860.47,54.521132,-118.30558
102091206403W600,2023-11,HAMMERHEAD RESOURCES ULC,2958.47,54.525514,-118.304256
102130906506W600,2023-11,NUVISTA ENERGY LTD.,2716.5,54.616668,-118.855504
102160507910W600,2023-11,LOGAN ENERGY CORP.,3432.65,55.822773,-119.520176
103031206204W600,2023-11,STRATHCONA RESOURCES LTD.,3348.75,54.341569,-118.465785
103040407108W600,2023-11,OVINTIV CANADA ULC,3154.83,55.113543,-119.179263
103041606506W600,2023-11,NUVISTA ENERGY LTD.,2294.24,54.618224,-118.854231
103081206403W600,2023-11,HAMMERHEAD RESOURCES ULC,2989.62,54.519837,-118.304136
103091206403W600,2023-11,HAMMERHEAD RESOURCES ULC,2956.61,54.524099,-118.304399
104031206204W600,2023-11,STRATHCONA RESOURCES LTD.,3358.35,54.341582,-118.463172
104040407108W600,2023-11,OVINTIV CANADA ULC,3016.06,55.113506,-119.178325
104162907912W600,2023-11,CANADIAN NATURAL RESOURCES LIMITED,3503.3900000000003,55.882513,-119.833886
105031206204W600,2023-11,STRATHCONA RESOURCES LTD.,3264.94,54.341588,-118.463037
100010306208W600,2023-12,TOURMALINE OIL CORP.,2610.28,54.328479,-119.103984
100010405902W600,2023-12,TOURMALINE OIL CORP.,3097.0,54.066522,-118.230149
100020405902W600,2023-12,TOURMALINE OIL CORP.,3136.28,54.066521,-118.236344
100023106303W600,2023-12,ARC RESOURCES LTD.,3055.74,54.49029,-118.439907
100030405902W600,2023-12,TOURMALINE OIL CORP.,2997.37,54.068,-118.242741
100041706208W600,2023-12,TOURMALINE OIL CORP.,2766.67,54.356906,-119.173109
100042007509W600,2023-12,WHITECAP RESOURCES INC.,3252.06,55.50599,-119.368752
100043006303W600,2023-12,ARC RESOURCES LTD.,3804.51,54.475051,-118.451576
100063006303W600,2023-12,ARC RESOURCES LTD.,3584.9,54.478436,-118.4463
100070208213W600,2023-12,ASTARA ENERGY CORP.,250.71000000000004,56.078391,-119.913
100073106303W600,2023-12,ARC RESOURCES LTD.,3212.18,54.492482,-118.43611
100081505727W500,2023-12,TOURMALINE OIL CORP.,1842.8400000000001,53.924846,-117.918957
100102806802W600,2023-12,VEREN INC.,3427.68,54.91807,-118.239065
100103006303W600,2023-12,ARC RESOURCES LTD.,3565.42,54.481836,-118.44038
100113006303W600,2023-12,ARC RESOURCES LTD.,3334.98,54.480803,-118.442716
100130507610W600,2023-12,ASTARA ENERGY CORP.,1224.42,55.562661,-119.520518
100141106603W600,2023-12,MANCAL ENERGY INC.,2148.0699999999997,54.704046,-118.343356
100142306604W600,2023-12,MANCAL ENERGY INC.,3874.3199999999997,54.733177,-118.492961
100153406906W600,2023-12,GOOSE CREEK RESOURCES LTD.,,55.024152,-118.823537
100153407610W600,2023-12,LONGSHORE RESOURCES LTD.,3229.91,55.634846,-119.458869
100163406906W600,2023-12,GOOSE CREEK RESOURCES LTD.,,55.021725,-118.819707
102041606506W600,2023-12,NUVISTA ENERGY LTD.,2063.26,54.619181,-118.851982
102043006303W600,2023-12,ARC RESOURCES LTD.,3737.57,54.476088,-118.4501
102053006303W600,2023-12,ARC RESOURCES LTD.,3598.38,54.477484,-118.448185
102063006303W600,2023-12,ARC RESOURCES LTD.,3476.4,54.479485,-118.444302
102073106303W600,2023-12,ARC RESOURCES LTD.,3187.73,54.491367,-118.438052
102090707610W600,2023-12,ASTARA ENERGY CORP.,747.0,55.571373,-119.526784
102103006303W600,2023-12,ARC RESOURCES LTD.,3624.65,54.482941,-118.438781
102130507610W600,2023-12,ASTARA ENERGY CORP.,1337.72,55.560458,-119.525206
102153407610W600,2023-12,LONGSHORE RESOURCES LTD.,3243.7799999999997,55.634808,-119.457695
102160206508W602,2023-12,GRYPHON PETROLEUM CORP.,1615.91,54.602564,-119.084075
102161007407W600,2023-12,ARCHER EXPLORATION CORP.,4343.18,55.401319,-118.976427
102162806802W600,2023-12,VEREN INC.,3490.83,54.921107,-118.234099
103083206504W600,2023-12,PARAMOUNT RESOURCES LTD.,3336.49,54.665837,-118.555914
103090407208W600,2023-12,ARCHER EXPLORATION CORP.,862.7399999999998,55.209266,-119.157716
100010107210W600,2024-01,ARCHER EXPLORATION CORP.,5007.9,55.2012,-119.388933
100021907513W600,2024-01,ADVANTAGE ENERGY LTD.,3715.22,55.505997,-119.999573
100032007712W600,2024-01,BIRCHCLIFF ENERGY LTD.,2889.81,55.680598,-119.824054
100033106303W600,2024-01,ARC RESOURCES LTD.,3223.0,54.488137,-118.443853
100040807408W600,2024-01,TAMARACK VALLEY ENERGY LTD.,5537.84,55.390317,-119.203339
100042007712W600,2024-01,BIRCHCLIFF ENERGY LTD.,2379.66,55.680694,-119.834704
100042408408W600,2024-01,CANADIAN NATURAL RESOURCES LIMITED,1250.84,56.293902,-119.128102
100042606604W600,2024-01,MANCAL ENERGY INC.,4273.55,54.736195,-118.501893
100042705801W600,2024-01,TOURMALINE OIL CORP.,2694.48,54.039331,-118.071519
100053106004W600,2024-01,TOURMALINE OIL CORP.,3228.36,54.229066,-118.595293
100071907513W600,2024-01,ADVANTAGE ENERGY LTD.,3758.13,55.510179,-119.99956
100072107107W600,2024-01,STRATHCONA RESOURCES LTD.,3480.98,55.16174,-119.012282
100081906710W602,2024-01,CENOVUS ENERGY INC.,1620.9699999999998,54.811601,-119.502418
100082007712W600,2024-01,BIRCHCLIFF ENERGY LTD.,3507.31,55.683628,-119.813298
100082907207W600,2024-01,CANADIAN NATURAL RESOURCES LIMITED,372.3800000000001,55.26258,-119.030663
100083106303W600,2024-01,ARC RESOURCES LTD.,3259.05,54.493665,-118.434156
100092006710W600,2024-01,CENOVUS ENERGY INC.,3030.6,54.816159,-119.479854
100092107107W600,2024-01,STRATHCONA RESOURCES LTD.,3695.63,55.165574,-119.005677
100093106303W600,2024-01,ARC RESOURCES LTD.,3386.39,54.496157,-118.430528
100121106105W600,2024-01,TOURMALINE OIL CORP.,1614.0,54.263065,-118.646555
100122705801W600,2024-01,TOURMALINE OIL CORP.,2722.85,54.044181,-118.071308
100130307513W600,2024-01,CANADIAN NATURAL RESOURCES LIMITED,1589.7600000000002,55.473802,-119.933311
100130907608W600,2024-01,TOURMALINE OIL CORP.,2876.2,55.57662,-119.187796
100131107709W600,2024-01,LONGSHORE RESOURCES LTD.,4280.7,55.663512,-119.29117
100132705801W600,2024-01,TOURMALINE OIL CORP.,2676.73,54.048699,-118.071648
100133607108W600,2024-01,STRATHCONA RESOURCES LTD.,3136.63,55.198581,-119.098935
100140907608W600,2024-01,TOURMALINE OIL CORP.,3120.24,55.576614,-119.179298
100162506005W600,2024-01,TOURMALINE OIL CORP.,3319.83,54.22445,-118.602955
102010207608W600,2024-01,TOURMALINE OIL CORP.,4438.62,55.549817,-119.114071
102012007712W600,2024-01,BIRCHCLIFF ENERGY LTD.,3329.82,55.681388,-119.816264
102012306205W600,2024-01,WHITECAP RESOURCES INC.,3336.62,54.373822,-118.630476
102033106303W600,2024-01,ARC RESOURCES LTD.,3158.99,54.489195,-118.441795
102050807408W600,2024-01,TAMARACK VALLEY ENERGY LTD.,5194.14,55.394114,-119.20336
102071907513W600,2024-01,ADVANTAGE ENERGY LTD.,3750.89,55.510126,-119.999496
102082007712W600,2024-01,BIRCHCLIFF ENERGY LTD.,3551.16,55.686427,-119.81065
102082306205W602,2024-01,WHITECAP RESOURCES INC.,3315.32,54.376206,-118.630474
102093106303W600,2024-01,ARC RESOURCES LTD.,3311.03,54.494872,-118.432375
102102806802W600,2024-01,VEREN INC.,3599.57,54.919458,-118.236501
102143607108W600,2024-01,STRATHCONA RESOURCES LTD.,2701.36,55.19862,-119.090448
103012306205W600,2024-01,WHITECAP RESOURCES INC.,3114.39,54.371668,-118.630471
104102107107W600,2024-01,STRATHCONA RESOURCES LTD.,3506.27,55.16365,-119.009017
1S0022606604W600,2024-01,HWN ENERGY LTD.,3593.65,54.73431,-118.486448
100011206208W600,2024-02,TOURMALINE OIL CORP.,2736.24,54.344562,-119.051801
100011607812W600,2024-02,LONGSHORE RESOURCES LTD.,3038.77,55.753524,-119.786092
100011707108W600,2024-02,ARCHER EXPLORATION CORP.,5910.51,55.142597,-119.183103
100021707307W600,2024-02,TAMARACK VALLEY ENERGY LTD.,3542.73,55.317099,-119.035348
100041407809W600,2024-02,TOURMALINE OIL CORP.,3646.31,55.753339,-119.291235
100042507206W602,2024-02,KELT EXPLORATION LTD.,5017.360000000001,55.258274,-118.793244
100050307209W600,2024-02,CANADIAN NATURAL RESOURCES LIMITED,3282.25,55.206034,-119.305764
100051407809W600,2024-02,TOURMALINE OIL CORP.,3421.84,55.757456,-119.291239
100053307511W602,2024-02,INSIGNIA ENERGY LTD.,2322.13,55.538268,-119.653115
100070906904W600,2024-02,VEREN INC.,3347.13,54.957004,-118.544846
100073305904W600,2024-02,TOURMALINE OIL CORP.,2583.07,54.141575,-118.531828
100090806102W600,2024-02,STRATHCONA RESOURCES LTD.,2114.99,54.262642,-118.251883
100091407510W600,2024-02,WHITECAP RESOURCES INC.,4045.98,55.498704,-119.426662
100100906904W600,2024-02,VEREN INC.,3538.62,54.963166,-118.545138
100101407510W600,2024-02,WHITECAP RESOURCES INC.,3926.0,55.498712,-119.43288
100131407709W600,2024-02,LONGSHORE RESOURCES LTD.,4455.99,55.678192,-119.290938
100131407809W600,2024-02,TOURMALINE OIL CORP.,3309.9300000000003,55.765791,-119.291244
100132006508W600,2024-02,CANADIAN NATURAL RESOURCES LIMITED,2625.39,54.644787,-119.180677
100142107410W600,2024-02,OVINTIV CANADA ULC,2207.0,55.429263,-119.475484
100143107612W600,2024-02,ADVANTAGE ENERGY LTD.,2127.83,55.634843,-119.849941
100143305802W600,2024-02,TOURMALINE OIL CORP.,3112.35,54.063396,-118.23789
100150406605W600,2024-02,PARAMOUNT RESOURCES LTD.,2655.39,54.689732,-118.690838
100150906208W600,2024-02,TOURMALINE OIL CORP.,2637.81,54.35336,-119.131846
100150906904W600,2024-02,VEREN INC.,3707.81,54.966315,-118.544857
100151306909W600,2024-02,SINOPEC CANADA ENERGY LTD.,2537.13,54.980329,-119.229845
100153305802W602,2024-02,TOURMALINE OIL CORP.,3005.93,54.063481,-118.230943
100161306909W600,2024-02,SINOPEC CANADA ENERGY LTD.,2497.43,54.980418,-119.224485
102012807612W600,2024-02,ADVANTAGE ENERGY LTD.,2537.08,55.610033,-119.78625
102050307209W600,2024-02,CANADIAN NATURAL RESOURCES LIMITED,3179.94,55.206941,-119.305744
102083305802W600,2024-02,TOURMALINE OIL CORP.,2200.13,54.056159,-118.225976
102092107612W600,2024-02,ADVANTAGE ENERGY LTD.,3758.93,55.600904,-119.786366
102100906904W600,2024-02,VEREN INC.,3426.79,54.960079,-118.545
102111407809W600,2024-02,TOURMALINE OIL CORP.,2902.12,55.761648,-119.285949
102131306909W600,2024-02,SINOPEC CANADA ENERGY LTD.,3019.08,54.980319,-119.240871
102140406605W600,2024-02,PARAMOUNT RESOURCES LTD.,2694.79,54.689741,-118.694352
102140608407W600,2024-02,SPOKE RESOURCES LTD.,1108.33,56.260945,-119.100949
102150406605W600,2024-02,PARAMOUNT RESOURCES LTD.,2576.25,54.689229,-118.68781
102152805904W600,2024-02,TOURMALINE OIL CORP.,2729.13,54.136403,-118.535181
103012807612W600,2024-02,ADVANTAGE ENERGY LTD.,2716.28,55.6083,-119.786157
103040606705W602,2024-02,CANADIAN NATURAL RESOURCES LIMITED,3332.12,54.764462,-118.761293
103120307209W600,2024-02,CANADIAN NATURAL RESOURCES LIMITED,3095.17,55.20896,-119.305732
103153407610W600,2024-02,LONGSHORE RESOURCES LTD.,3226.94,55.634844,-119.456634
103160306705W600,2024-02,CANADIAN NATURAL RESOURCES LIMITED,3540.02,54.776948,-118.663285
103160406605W600,2024-02,PARAMOUNT RESOURCES LTD.,2652.06,54.68974,-118.684574
104120307209W600,2024-02,CANADIAN NATURAL RESOURCES LIMITED,3064.37,55.208496,-119.305647
100010507209W600,2024-03,NUVISTA ENERGY LTD.,2972.06,55.20076,-119.337438
100011306503W600,2024-03,CANADIAN NATURAL RESOURCES LIMITED,3252.9300000000003,54.618961,-118.30418
100011707307W600,2024-03,TAMARACK VALLEY ENERGY LTD.,3225.9300000000003,55.317106,-119.029246
100011708110W600,2024-03,TOURMALINE OIL CORP.,3560.88,56.016441,-119.51684
100012406405W600,2024-03,WHITECAP RESOURCES INC.,3524.37,54.546214,-118.606482
100020507209W600,2024-03,NUVISTA ENERGY LTD.,2772.02,55.200722,-119.344103
100021306503W600,2024-03,CANADIAN NATURAL RESOURCES LIMITED,3139.34,54.618967,-118.309415
100031208426W500,2024-03,PRAIRIE THUNDER RESOURCES LTD.,1427.01,56.265444,-117.971362
100031306503W600,2024-03,CANADIAN NATURAL RESOURCES LIMITED,3342.77,54.618981,-118.320186
100031507713W600,2024-03,BIRCHCLIFF ENERGY LTD.,2909.74,55.668405,-119.926938
100040407209W600,2024-03,NUVISTA ENERGY LTD.,3482.19,55.200737,-119.33065
100040507209W600,2024-03,NUVISTA ENERGY LTD.,2569.85,55.200714,-119.353554
100041306503W600,2024-03,CANADIAN NATURAL RESOURCES LIMITED,3546.45,54.618976,-118.325582
100041807611W600,2024-03,LONGSHORE RESOURCES LTD.,4340.42,55.580544,-119.704899
100051606604W600,2024-03,CANADIAN NATURAL RESOURCES LIMITED,3403.5699999999997,54.710965,-118.55229
100052006908W600,2024-03,CANADIAN NATURAL RESOURCES LIMITED,,54.986924,-119.190202
100052106308W600,2024-03,TOURMALINE OIL CORP.,1741.35,54.461729,-119.153097
100082208009W600,2024-03,LONGSHORE RESOURCES LTD.,3146.63,55.947062,-119.307298
100083205903W600,2024-03,TOURMALINE OIL CORP.,2421.75,54.141842,-118.403329
100083206203W600,2024-03,STRATHCONA RESOURCES LTD.,3522.83,54.406734,-118.402282
100090407208W600,2024-03,ARCHER EXPLORATION CORP.,42.059999999999945,55.210495,-119.157177
100092306508W600,2024-03,CANADIAN NATURAL RESOURCES LIMITED,3334.26,54.640375,-119.085447
100093507308W600,2024-03,ARCHER EXPLORATION CORP.,4118.25,55.368691,-119.103775
100100607610W600,2024-03,ASTARA ENERGY CORP.,1223.67,55.556664,-119.536323
100102907207W600,2024-03,CANADIAN NATURAL RESOURCES LIMITED,405.19000000000005,55.267996,-119.033147
100121207207W600,2024-03,KELT EXPLORATION LTD.,5215.15,55.224215,-118.947104
100121307408W600,2024-03,OVINTIV CANADA ULC,2997.2,55.413459,-119.100759
100121606604W600,2024-03,CANADIAN NATURAL RESOURCES LIMITED,3236.04,54.71416,-118.552311
100122106403W600,2024-03,VEREN INC.,2870.59,54.554131,-118.400985
100122407306W600,2024-03,GRAN TIERRA CANADA LTD.,82.07000000000005,55.3399,-118.791852
100131306909W600,2024-03,SINOPEC CANADA ENERGY LTD.,3147.37,54.97867,-119.243051
100131606604W600,2024-03,CANADIAN NATURAL RESOURCES LIMITED,3483.71,54.717549,-118.552306
100131707509W600,2024-03,WHITECAP RESOURCES INC.,4037.71,55.503401,-119.368911
100132106403W600,2024-03,VEREN INC.,3170.75,54.557755,-118.401044
100141306909W600,2024-03,SINOPEC CANADA ENERGY LTD.,2704.16,54.980329,-119.235062
100150208426W500,2024-03,PRAIRIE THUNDER RESOURCES LTD.,2148.88,56.260566,-117.986426
100151208110W600,2024-03,TOURMALINE OIL CORP.,3238.99,56.013241,-119.420168
100162306508W600,2024-03,CANADIAN NATURAL RESOURCES LIMITED,3362.13,54.644709,-119.085446
100162506309W600,2024-03,TOURMALINE OIL CORP.,2612.08,54.484407,-119.211199
100163205903W600,2024-03,TOURMALINE OIL CORP.,2859.01,54.150415,-118.402805
100163507308W600,2024-03,ARCHER EXPLORATION CORP.,3849.96,55.372781,-119.103365
102010507209W600,2024-03,NUVISTA ENERGY LTD.,3201.4,55.200808,-119.335159
102012406405W600,2024-03,WHITECAP RESOURCES INC.,3558.86,54.546238,-118.609485
102021306503W600,2024-03,CANADIAN NATURAL RESOURCES LIMITED,3157.0,54.618956,-118.314851
102022406405W600,2024-03,WHITECAP RESOURCES INC.,3552.39,54.546237,-118.612486
102040407209W600,2024-03,NUVISTA ENERGY LTD.,3695.96,55.200854,-119.32857
102040806204W600,2024-03,TOURMALINE OIL CORP.,1736.75,54.34292,-118.572441
102052106403W600,2024-03,VEREN INC.,2705.51,54.552255,-118.401072
102072107209W600,2024-03,OVINTIV CANADA ULC,2614.88,55.247243,-119.318243
102080907713W600,2024-03,BIRCHCLIFF ENERGY LTD.,3114.25,55.655837,-119.941661
102083206203W600,2024-03,STRATHCONA RESOURCES LTD.,3536.18,54.406721,-118.403743
102121507912W600,2024-03,CANADIAN NATURAL RESOURCES LIMITED,3437.55,55.847219,-119.800926
102122106403W600,2024-03,VEREN INC.,2799.26,54.555912,-118.401038
102131307210W600,2024-03,NUVISTA ENERGY LTD.,3232.51,55.242443,-119.408637
102131507912W600,2024-03,CANADIAN NATURAL RESOURCES LIMITED,3915.65,55.852573,-119.800687
102132106403W602,2024-03,VEREN INC.,3359.22,54.559658,-118.401117
103011507713W600,2024-03,BIRCHCLIFF ENERGY LTD.,3553.24,55.66622,-119.9184
103022406405W600,2024-03,WHITECAP RESOURCES INC.,3564.27,54.546282,-118.615506
103030407209W600,2024-03,NUVISTA ENERGY LTD.,3930.8,55.200757,-119.326212
103072107209W600,2024-03,OVINTIV CANADA ULC,2603.99,55.246994,-119.317027
103083206203W600,2024-03,STRATHCONA RESOURCES LTD.,3675.81,54.406667,-118.400899
103113607508W600,2024-03,TAMARACK VALLEY ENERGY LTD.,2716.84,55.543157,-119.102925
103121307210W600,2024-03,NUVISTA ENERGY LTD.,2865.06,55.236092,-119.408707
103121507912W600,2024-03,CANADIAN NATURAL RESOURCES LIMITED,3607.74,55.848974,-119.800917
103121707509W600,2024-03,WHITECAP RESOURCES INC.,4027.62,55.499878,-119.368881
104022107209W600,2024-03,OVINTIV CANADA ULC,2673.58,55.246156,-119.3144
104121507912W600,2024-03,CANADIAN NATURAL RESOURCES LIMITED,3650.92,55.850752,-119.800872
107140806203W602,2024-03,STRATHCONA RESOURCES LTD.,2334.77,54.352418,-118.415764
110012107209W600,2024-03,OVINTIV CANADA ULC,2805.26,55.244067,-119.312734
111012107209W600,2024-03,OVINTIV CANADA ULC,2882.25,55.243786,-119.311293
100010907208W600,2024-04,ARCHER EXPLORATION CORP.,67.19999999999982,55.216802,-119.158558
100013606708W600,2024-04,NUVISTA ENERGY LTD.,3848.39,54.837117,-119.07103
100021306605W600,2024-04,PARAMOUNT RESOURCES LTD.,2992.6,54.705971,-118.613092
100023606708W600,2024-04,NUVISTA ENERGY LTD.,3380.82,54.836955,-119.079733
100032306405W602,2024-04,WHITECAP RESOURCES INC.,3364.01,54.546261,-118.646581
100032506208W600,2024-04,TAQA NORTH LTD.,35.1099999999999,54.388051,-119.064543
100033606708W600,2024-04,NUVISTA ENERGY LTD.,3222.49,54.837191,-119.084636
100042306405W600,2024-04,WHITECAP RESOURCES INC.,3500.08,54.546261,-118.652672
100042607008W600,2024-04,STRATHCONA RESOURCES LTD.,2790.37,55.08529,-119.117552
100043606708W600,2024-04,NUVISTA ENERGY LTD.,3163.88,54.837103,-119.08931
100050307408W600,2024-04,TAMARACK VALLEY ENERGY LTD.,4827.3,55.379574,-119.152044
100052607008W600,2024-04,STRATHCONA RESOURCES LTD.,3167.03,55.089486,-119.117538
100053607209W600,2024-04,CANADIAN NATURAL RESOURCES LIMITED,2989.56,55.279361,-119.25221
100062107209W600,2024-04,OVINTIV CANADA ULC,2402.51,55.250249,-119.322651
100072107209W600,2024-04,OVINTIV CANADA ULC,2403.81,55.249374,-119.319923
100080407407W600,2024-04,TAMARACK VALLEY ENERGY LTD.,5092.68,55.37869,-119.00203
100091506403W602,2024-04,VEREN INC.,2707.71,54.540499,-118.354842
100111506403W600,2024-04,VEREN INC.,2320.02,54.539013,-118.365975
100121606403W600,2024-04,VEREN INC.,3066.2,54.539784,-118.400943
100122107209W600,2024-04,OVINTIV CANADA ULC,2325.4,55.253428,-119.328178
100123607209W600,2024-04,CANADIAN NATURAL RESOURCES LIMITED,2936.51,55.280919,-119.255014
100130406204W603,2024-04,ARC RESOURCES LTD.,3283.25,54.340561,-118.545572
100140807007W600,2024-04,STRATHCONA RESOURCES LTD.,3580.82,55.051276,-119.030527
100150406204W600,2024-04,ARC RESOURCES LTD.,3592.97,54.340683,-118.535778
100160406204W600,2024-04,ARC RESOURCES LTD.,3761.15,54.340673,-118.531136
102013506708W600,2024-04,NUVISTA ENERGY LTD.,3115.07,54.837133,-119.094208
102021306605W600,2024-04,PARAMOUNT RESOURCES LTD.,3020.5,54.705938,-118.61588
102023606708W600,2024-04,NUVISTA ENERGY LTD.,3577.04,54.836985,-119.075203
102031306605W600,2024-04,PARAMOUNT RESOURCES LTD.,3053.46,54.705966,-118.618655
102031707007W600,2024-04,STRATHCONA RESOURCES LTD.,3326.95,55.055769,-119.033376
102032306405W600,2024-04,WHITECAP RESOURCES INC.,3297.63,54.54626,-118.643489
102041006204W600,2024-04,ARC RESOURCES LTD.,4030.26,54.342612,-118.519741
102042306405W600,2024-04,WHITECAP RESOURCES INC.,3353.15,54.547001,-118.649695
102061707007W600,2024-04,STRATHCONA RESOURCES LTD.,3132.76,55.059499,-119.034226
102062107209W600,2024-04,OVINTIV CANADA ULC,2442.77,55.250462,-119.323855
102063607209W600,2024-04,CANADIAN NATURAL RESOURCES LIMITED,3066.51,55.277723,-119.249631
102091506403W602,2024-04,VEREN INC.,2601.21,54.54081,-118.357121
102101506403W600,2024-04,VEREN INC.,2442.46,54.540773,-118.361708
102112107209W600,2024-04,OVINTIV CANADA ULC,2288.67,55.252581,-119.32551
102122107209W600,2024-04,OVINTIV CANADA ULC,2261.11,55.253682,-119.329339
102122607008W600,2024-04,STRATHCONA RESOURCES LTD.,3819.42,55.093597,-119.117647
102131606403W600,2024-04,VEREN INC.,3072.29,54.541828,-118.40101
102140406204W602,2024-04,ARC RESOURCES LTD.,3414.56,54.340611,-118.540604
102160406204W602,2024-04,ARC RESOURCES LTD.,3978.52,54.341169,-118.527022
103010507209W600,2024-04,NUVISTA ENERGY LTD.,3247.06,55.200917,-119.333678
103030507209W600,2024-04,NUVISTA ENERGY LTD.,2720.26,55.200673,-119.348481
103031306605W600,2024-04,PARAMOUNT RESOURCES LTD.,3071.89,54.705944,-118.621818
103041006204W600,2024-04,ARC RESOURCES LTD.,3925.38,54.342453,-118.524212
103100807007W600,2024-04,STRATHCONA RESOURCES LTD.,4076.91,55.046998,-119.028224
103101506403W600,2024-04,VEREN INC.,2413.63,54.540759,-118.364001
103131606403W600,2024-04,VEREN INC.,3217.23,54.543825,-118.401064
103161407811W600,2024-04,BIRCHCLIFF ENERGY LTD.,2884.21,55.764382,-119.579878
104010507209W600,2024-04,NUVISTA ENERGY LTD.,2936.11,55.200676,-119.339694
104101506403W600,2024-04,VEREN INC.,2498.37,54.540789,-118.359374
104161407811W600,2024-04,BIRCHCLIFF ENERGY LTD.,2736.03,55.766204,-119.579897
100011106105W600,2024-05,TOURMALINE OIL CORP.,2901.45,54.255631,-118.628419
100020106505W600,2024-05,ARC RESOURCES LTD.,3145.09,54.589986,-118.616597
100021707108W600,2024-05,ARCHER EXPLORATION CORP.,5765.57,55.142353,-119.187994
100023206004W600,2024-05,TOURMALINE OIL CORP.,2370.31,54.226766,-118.561984
100030106505W600,2024-05,ARC RESOURCES LTD.,3150.92,54.590043,-118.622144
100031006204W600,2024-05,ARC RESOURCES LTD.,4356.360000000001,54.342355,-118.514648
100032307911W600,2024-05,LOGAN ENERGY CORP.,3434.2,55.855773,-119.609719
100040106505W600,2024-05,ARC RESOURCES LTD.,3228.64,54.589968,-118.627295
100051007811W600,2024-05,BIRCHCLIFF ENERGY LTD.,1662.7800000000002,55.74303,-119.627322
100053307008W602,2024-05,NUVISTA ENERGY LTD.,4089.44,55.104905,-119.169879
100081206105W600,2024-05,TOURMALINE OIL CORP.,2210.98,54.259068,-118.603508
100093407808W600,2024-05,TOURMALINE OIL CORP.,3068.94,55.804393,-119.139858
100102307210W600,2024-05,ARCHER EXPLORATION CORP.,2515.0,55.252358,-119.417538
100102406604W600,2024-05,VEREN INC.,3020.61,54.729552,-118.464691
100121007811W600,2024-05,BIRCHCLIFF ENERGY LTD.,1663.87,55.748289,-119.627149
100123406807W600,2024-05,NUVISTA ENERGY LTD.,2780.58,54.933025,-118.990697
100131007811W600,2024-05,BIRCHCLIFF ENERGY LTD.,1808.3000000000002,55.750748,-119.627111
100133406807W600,2024-05,NUVISTA ENERGY LTD.,2760.35,54.935144,-118.990638
100161507911W600,2024-05,LOGAN ENERGY CORP.,3267.67,55.852187,-119.61974
102013407808W600,2024-05,TOURMALINE OIL CORP.,3608.09,55.796692,-119.14026
102020106505W600,2024-05,ARC RESOURCES LTD.,3168.99,54.589958,-118.613971
102022807711W600,2024-05,TAQA NORTH LTD.,3363.95,55.695175,-119.639159
102030106505W600,2024-05,ARC RESOURCES LTD.,3053.05,54.589916,-118.619317
102031206105W600,2024-05,TOURMALINE OIL CORP.,2163.69,54.255953,-118.615792
102032807711W600,2024-05,TAQA NORTH LTD.,3357.62,55.695166,-119.643212
102040106505W600,2024-05,ARC RESOURCES LTD.,3153.11,54.589993,-118.624628
102040306907W600,2024-05,NUVISTA ENERGY LTD.,2988.52,54.939822,-118.99124
102053307008W600,2024-05,NUVISTA ENERGY LTD.,4071.11,55.104196,-119.16823
102083407808W600,2024-05,TOURMALINE OIL CORP.,3215.26,55.800606,-119.13989
102090407208W600,2024-05,ARCHER EXPLORATION CORP.,17.7800000000002,55.207041,-119.157884
102092406604W600,2024-05,VEREN INC.,3021.67,54.729518,-118.457465
102102406604W600,2024-05,VEREN INC.,3008.54,54.72953,-118.461213
102121007811W600,2024-05,BIRCHCLIFF ENERGY LTD.,1581.37,55.745814,-119.627248
102131407911W600,2024-05,LOGAN ENERGY CORP.,3383.41,55.853733,-119.614496
102133406807W600,2024-05,NUVISTA ENERGY LTD.,2792.05,54.937146,-118.990654
103010106505W600,2024-05,ARC RESOURCES LTD.,3451.02,54.589963,-118.605972
103010206505W600,2024-05,ARC RESOURCES LTD.,3281.71,54.589977,-118.630002
103020106505W600,2024-05,ARC RESOURCES LTD.,3223.94,54.589969,-118.611217
103022807711W600,2024-05,TAQA NORTH LTD.,3324.68,55.695168,-119.641269
103032807711W600,2024-05,TAQA NORTH LTD.,3344.74,55.695155,-119.645141
103053307008W600,2024-05,NUVISTA ENERGY LTD.,4076.93,55.103246,-119.166835
103063006812W600,2024-05,CENOVUS ENERGY INC.,741.0,54.913145,-119.822871
103080907713W600,2024-05,BIRCHCLIFF ENERGY LTD.,3136.26,55.655751,-119.941626
103092406604W600,2024-05,VEREN INC.,3069.5,54.7295,-118.453874
103163407808W600,2024-05,TOURMALINE OIL CORP.,3333.27,55.808745,-119.139873
104010106505W600,2024-05,ARC RESOURCES LTD.,3321.22,54.589977,-118.608615
104053307008W600,2024-05,NUVISTA ENERGY LTD.,4110.85,55.102208,-119.164783
104080907713W600,2024-05,BIRCHCLIFF ENERGY LTD.,2912.48,55.657464,-119.941621
106021006304W600,2024-05,ARC RESOURCES LTD.,3585.16,54.431789,-118.511801
108121106304W600,2024-05,ARC RESOURCES LTD.,3408.98,54.436697,-118.502168
100010606707W600,2024-06,PARAMOUNT RESOURCES LTD.,3263.11,54.764454,-119.048451
100022706804W600,2024-06,VEREN INC.,3194.07,54.911689,-118.521013
100032706804W600,2024-06,VEREN INC.,3194.84,54.910515,-118.523902
100040507610W600,2024-06,WHITECAP RESOURCES INC.,4857.27,55.5499,-119.524067
100041907109W600,2024-06,ARCHER EXPLORATION CORP.,4876.08,55.157751,-119.382781
100060607708W600,2024-06,LONGSHORE RESOURCES LTD.,1900.0,55.642513,-119.229552
100072706804W600,2024-06,VEREN INC.,3263.85,54.914408,-118.51597
100082706804W600,2024-06,VEREN INC.,3348.44,54.915606,-118.513349
100103007210W600,2024-06,CANADIAN NATURAL RESOURCES LIMITED,5117.43,55.267986,-119.523696
100151507308W600,2024-06,ADVANTAGE ENERGY LTD.,3060.09,55.328913,-119.135488
100151906707W600,2024-06,PARAMOUNT RESOURCES LTD.,2789.66,54.820445,-119.053822
100152707113W600,2024-06,CENOVUS ENERGY INC.,925.7399999999998,55.182687,-119.905579
100161507308W602,2024-06,ADVANTAGE ENERGY LTD.,3406.12,55.330442,-119.132887
100161906707W600,2024-06,PARAMOUNT RESOURCES LTD.,2989.61,54.820449,-119.047639
100163006505W600,2024-06,PARAMOUNT RESOURCES LTD.,3123.71,54.660621,-118.734874
102010407108W600,2024-06,OVINTIV CANADA ULC,3282.87,55.11404,-119.159501
102010606707W602,2024-06,PARAMOUNT RESOURCES LTD.,3388.17,54.764451,-119.044618
102020407108W600,2024-06,OVINTIV CANADA ULC,3182.22,55.113541,-119.165412
102032706804W600,2024-06,VEREN INC.,3233.56,54.909353,-118.526532
102032806103W600,2024-06,STRATHCONA RESOURCES LTD.,3143.23,54.299737,-118.391788
102040307108W600,2024-06,OVINTIV CANADA ULC,3630.94,55.11359,-119.153297
102040406606W600,2024-06,CANADIAN NATURAL RESOURCES LIMITED,3511.63,54.679633,-118.854199
102072706804W600,2024-06,VEREN INC.,3224.41,54.913089,-118.518698
102103006505W600,2024-06,PARAMOUNT RESOURCES LTD.,2855.56,54.657674,-118.741212
102120406606W600,2024-06,CANADIAN NATURAL RESOURCES LIMITED,3234.19,54.683881,-118.854136
102151507308W600,2024-06,ADVANTAGE ENERGY LTD.,3031.64,55.330476,-119.138114
102151906707W600,2024-06,PARAMOUNT RESOURCES LTD.,2585.34,54.820387,-119.050747
102153006505W600,2024-06,PARAMOUNT RESOURCES LTD.,3154.47,54.660751,-118.738156
102153007210W600,2024-06,CANADIAN NATURAL RESOURCES LIMITED,5349.110000000001,55.271108,-119.524906
102161906707W600,2024-06,PARAMOUNT RESOURCES LTD.,3152.46,54.820545,-119.044533
102163006505W600,2024-06,PARAMOUNT RESOURCES LTD.,3120.02,54.660734,-118.732236
103010407108W600,2024-06,OVINTIV CANADA ULC,3430.16,55.113523,-119.156698
103020407108W600,2024-06,OVINTIV CANADA ULC,3208.57,55.113577,-119.163713
103020606707W600,2024-06,PARAMOUNT RESOURCES LTD.,3287.07,54.764344,-119.05206
103042806103W600,2024-06,STRATHCONA RESOURCES LTD.,3284.44,54.299679,-118.397289
103141407308W600,2024-06,KELT EXPLORATION LTD.,3296.39,55.329533,-119.120692
103153007210W600,2024-06,CANADIAN NATURAL RESOURCES LIMITED,5119.62,55.269598,-119.523627
104020407108W600,2024-06,OVINTIV CANADA ULC,3327.98,55.113473,-119.160395
104042806103W600,2024-06,STRATHCONA RESOURCES LTD.,3166.52,54.299605,-118.395385
105042806103W600,2024-06,STRATHCONA RESOURCES LTD.,3135.73,54.299665,-118.39375
106081006304W600,2024-06,ARC RESOURCES LTD.,3474.91,54.435652,-118.504709
106121106304W602,2024-06,ARC RESOURCES LTD.,3609.32,54.439613,-118.498301
107121106304W600,2024-06,ARC RESOURCES LTD.,3502.78,54.438159,-118.500315
108081006304W600,2024-06,ARC RESOURCES LTD.,3520.48,54.43314,-118.50934
100032406405W600,2024-07,WHITECAP RESOURCES INC.,3409.65,54.546264,-118.621813
100040406606W602,2024-07,CANADIAN NATURAL RESOURCES LIMITED,3625.36,54.677262,-118.854197
100042406405W600,2024-07,WHITECAP RESOURCES INC.,3316.17,54.546273,-118.627873
100050406606W600,2024-07,CANADIAN NATURAL RESOURCES LIMITED,3386.91,54.68176,-118.854033
100052906903W600,2024-07,VEREN INC.,3302.47,55.00133,-118.432406
100053107308W600,2024-07,ARCHER EXPLORATION CORP.,3955.1,55.36522,-119.2296
100053307108W600,2024-07,CANADIAN NATURAL RESOURCES LIMITED,3173.13,55.190693,-119.177671
100071405802W600,2024-07,TOURMALINE OIL CORP.,2686.96,54.013566,-118.180543
100083006903W600,2024-07,VEREN INC.,3352.49,55.000059,-118.435087
100103007613W600,2024-07,ADVANTAGE ENERGY LTD.,3386.49,55.616865,-119.999517
100103207108W600,2024-07,CANADIAN NATURAL RESOURCES LIMITED,3877.41,55.19449,-119.186398
100121706406W600,2024-07,ARC RESOURCES LTD.,3101.82,54.539455,-118.879144
100121906908W600,2024-07,SINOPEC CANADA ENERGY LTD.,3424.17,54.991735,-119.218807
100123506127W500,2024-07,LOGAN ENERGY CORP.,3123.31,54.320385,-117.947936
100123606127W500,2024-07,LOGAN ENERGY CORP.,3523.59,54.322986,-117.924537
100130607308W602,2024-07,CANADIAN NATURAL RESOURCES LIMITED,4723.46,55.30052,-119.227621
100130806406W600,2024-07,ARC RESOURCES LTD.,3423.18,54.530065,-118.878662
100131706406W602,2024-07,ARC RESOURCES LTD.,3321.77,54.542655,-118.879016
100141407308W600,2024-07,KELT EXPLORATION LTD.,3161.36,55.329562,-119.11664
100141706806W600,2024-07,PARAMOUNT RESOURCES LTD.,3180.9,54.893343,-118.882428
100151405802W600,2024-07,TOURMALINE OIL CORP.,2892.98,54.019215,-118.180591
100151407308W600,2024-07,KELT EXPLORATION LTD.,3099.51,55.32956,-119.110736
100151706806W600,2024-07,PARAMOUNT RESOURCES LTD.,3178.09,54.893337,-118.875911
100151806401W600,2024-07,VEREN INC.,4358.4,54.541984,-118.134574
100153007613W600,2024-07,ADVANTAGE ENERGY LTD.,3905.02,55.621231,-119.999521
100161706806W600,2024-07,PARAMOUNT RESOURCES LTD.,3242.22,54.893338,-118.869866
100162207210W600,2024-07,CARDINAL ENERGY LTD.,775.25,55.25748,-119.439403
102032406405W600,2024-07,WHITECAP RESOURCES INC.,3417.82,54.546245,-118.618712
102040507610W600,2024-07,WHITECAP RESOURCES INC.,4794.18,55.551696,-119.524071
102041706406W600,2024-07,ARC RESOURCES LTD.,3351.21,54.531741,-118.879132
102042406405W600,2024-07,WHITECAP RESOURCES INC.,3331.1,54.54623,-118.624844
102051706406W600,2024-07,ARC RESOURCES LTD.,3176.48,54.534753,-118.878788
102052008211W600,2024-07,BONTERRA ENERGY CORP.,3054.29,56.121664,-119.694805
102061006903W600,2024-07,VEREN INC.,3286.37,54.958011,-118.370609
102071006903W600,2024-07,VEREN INC.,3230.13,54.959554,-118.368459
102093506127W500,2024-07,LOGAN ENERGY CORP.,3510.45,54.321033,-117.929845
102103007613W600,2024-07,ADVANTAGE ENERGY LTD.,3343.78,55.616818,-119.999403
102121106903W600,2024-07,VEREN INC.,3422.99,54.96003,-118.351036
102131705802W600,2024-07,TOURMALINE OIL CORP.,3026.83,54.019448,-118.267962
102131706406W600,2024-07,ARC RESOURCES LTD.,3355.62,54.544326,-118.879154
102131706806W600,2024-07,PARAMOUNT RESOURCES LTD.,3246.91,54.893347,-118.888194
102131708211W600,2024-07,BONTERRA ENERGY CORP.,3327.79,56.114303,-119.694754
102140607308W600,2024-07,CANADIAN NATURAL RESOURCES LIMITED,4966.0599999999995,55.300389,-119.2212
102141407308W600,2024-07,KELT EXPLORATION LTD.,3202.14,55.329569,-119.118609
102141706806W600,2024-07,PARAMOUNT RESOURCES LTD.,3163.12,54.893271,-118.879403
102151407308W600,2024-07,KELT EXPLORATION LTD.,3049.69,55.329556,-119.112691
102151706806W600,2024-07,PARAMOUNT RESOURCES LTD.,3200.36,54.893348,-118.872866
102153207108W600,2024-07,CANADIAN NATURAL RESOURCES LIMITED,4337.57,55.197175,-119.190673
103041706406W600,2024-07,ARC RESOURCES LTD.,3266.55,54.533117,-118.879091
103043307108W600,2024-07,CANADIAN NATURAL RESOURCES LIMITED,2968.71,55.188653,-119.175849
103051706406W600,2024-07,ARC RESOURCES LTD.,3064.87,54.536375,-118.87827
103091706806W600,2024-07,PARAMOUNT RESOURCES LTD.,2629.67,54.887428,-118.867038
103121706406W600,2024-07,ARC RESOURCES LTD.,3203.52,54.541128,-118.879098
103131706806W600,2024-07,PARAMOUNT RESOURCES LTD.,3195.38,54.893295,-118.88528
103151407308W600,2024-07,KELT EXPLORATION LTD.,3097.28,55.329567,-119.114709
104043307108W600,2024-07,CANADIAN NATURAL RESOURCES LIMITED,2955.77,55.186512,-119.174998
104051706406W600,2024-07,ARC RESOURCES LTD.,3084.21,54.53789,-118.879118
104071407209W600,2024-07,OVINTIV CANADA ULC,3478.43,55.235319,-119.268393
105071407209W600,2024-07,OVINTIV CANADA ULC,3347.76,55.235083,-119.26576
107061407209W600,2024-07,OVINTIV CANADA ULC,3745.47,55.235313,-119.270307
107081006304W600,2024-07,ARC RESOURCES LTD.,3430.05,54.43414,-118.506801
100011507710W600,2024-08,TAQA NORTH LTD.,3571.01,55.666143,-119.449669
100013006404W600,2024-08,ARC RESOURCES LTD.,3747.24,54.560756,-118.583875
100021007707W600,2024-08,TOURMALINE OIL CORP.,3374.56,55.653615,-118.990959
100022107711W600,2024-08,INSIGNIA ENERGY LTD.,1579.6999999999998,55.680602,-119.636576
100053006404W600,2024-08,ARC RESOURCES LTD.,3373.96,54.563822,-118.602412
100063006404W600,2024-08,ARC RESOURCES LTD.,3252.26,54.564351,-118.597117
100073007613W600,2024-08,ADVANTAGE ENERGY LTD.,3002.2,55.612482,-119.999414
100103107109W600,2024-08,NUVISTA ENERGY LTD.,3633.93,55.193442,-119.366135
100103407607W600,2024-08,TOURMALINE OIL CORP.,3293.7,55.628893,-118.995698
100110607209W600,2024-08,ARCHER EXPLORATION CORP.,4152.62,55.208688,-119.373675
100121606306W600,2024-08,ORLEN UPSTREAM CANADA LTD.,2776.04,54.452024,-118.854918
100132706403W600,2024-08,VEREN INC.,2207.09,54.570809,-118.376487
100143007210W600,2024-08,CANADIAN NATURAL RESOURCES LIMITED,3606.62,55.268953,-119.527419
100143406906W600,2024-08,GOOSE CREEK RESOURCES LTD.,,55.024513,-118.830998
100153107109W600,2024-08,NUVISTA ENERGY LTD.,3724.46,55.196798,-119.369525
102011507710W600,2024-08,TAQA NORTH LTD.,3506.9,55.667507,-119.449831
102013006404W600,2024-08,ARC RESOURCES LTD.,3863.48,54.560691,-118.58131
102022107711W600,2024-08,INSIGNIA ENERGY LTD.,1651.37,55.680622,-119.639119
102022806403W600,2024-08,VEREN INC.,2843.51,54.561381,-118.386273
102032107711W600,2024-08,INSIGNIA ENERGY LTD.,1775.0500000000002,55.680595,-119.644227
102051006004W600,2024-08,TOURMALINE OIL CORP.,3071.26,54.172351,-118.521214
102051606306W600,2024-08,ORLEN UPSTREAM CANADA LTD.,2765.37,54.45042,-118.854732
102053006404W600,2024-08,ARC RESOURCES LTD.,3324.01,54.564011,-118.59977
102063006404W600,2024-08,ARC RESOURCES LTD.,3165.33,54.564802,-118.594353
102073006404W602,2024-08,ARC RESOURCES LTD.,3045.45,54.564653,-118.591621
102082806403W600,2024-08,VEREN INC.,2562.18,54.564062,-118.382108
102103107109W600,2024-08,NUVISTA ENERGY LTD.,3616.46,55.194581,-119.366806
102113007210W600,2024-08,CANADIAN NATURAL RESOURCES LIMITED,3864.17,55.266819,-119.527348
102122706403W600,2024-08,VEREN INC.,2193.35,54.568767,-118.377304
102130306004W600,2024-08,TOURMALINE OIL CORP.,2338.02,54.165294,-118.521826
102153107109W600,2024-08,NUVISTA ENERGY LTD.,3884.43,55.198931,-119.371644
103011306407W600,2024-08,HARVEST OPERATIONS CORP.,3512.99,54.53353,-118.91048
103011507710W600,2024-08,TAQA NORTH LTD.,3485.01,55.667448,-119.450457
103022107711W600,2024-08,INSIGNIA ENERGY LTD.,1630.29,55.680618,-119.641614
103022806403W600,2024-08,VEREN INC.,2809.27,54.56301,-118.384634
103023006404W600,2024-08,ARC RESOURCES LTD.,3564.07,54.561965,-118.58652
103051606306W600,2024-08,ORLEN UPSTREAM CANADA LTD.,2725.99,54.450359,-118.854893
103073006404W602,2024-08,ARC RESOURCES LTD.,3277.8,54.563584,-118.589028
103081407209W600,2024-08,OVINTIV CANADA ULC,3714.6,55.23534,-119.262735
103082806403W600,2024-08,VEREN INC.,2367.06,54.56545,-118.380185
103103107109W600,2024-08,NUVISTA ENERGY LTD.,3668.57,55.195677,-119.369257
103150406004W600,2024-08,TOURMALINE OIL CORP.,2990.26,54.163526,-118.532411
103153107109W600,2024-08,NUVISTA ENERGY LTD.,3787.04,55.197778,-119.370965
104081407209W600,2024-08,OVINTIV CANADA ULC,3530.49,55.235085,-119.260192
104082806403W600,2024-08,VEREN INC.,2226.76,54.567029,-118.37882
100010406907W600,2024-09,NUVISTA ENERGY LTD.,3616.2,54.938957,-118.992501
100011206204W600,2024-09,STRATHCONA RESOURCES LTD.,3463.03,54.341544,-118.455842
100012106503W600,2024-09,CANADIAN NATURAL RESOURCES LIMITED,3435.05,54.633481,-118.381483
100021206204W600,2024-09,STRATHCONA RESOURCES LTD.,3390.68,54.341522,-118.458417
100032106503W600,2024-09,CANADIAN NATURAL RESOURCES LIMITED,3369.12,54.633487,-118.392827
100032106505W600,2024-09,PARAMOUNT RESOURCES LTD.,3598.1,54.633489,-118.697087
100042106505W600,2024-09,PARAMOUNT RESOURCES LTD.,3681.83,54.633543,-118.699929
100042706503W600,2024-09,CANADIAN NATURAL RESOURCES LIMITED,2105.2799999999997,54.648122,-118.376073
100050107111W600,2024-09,CARDINAL ENERGY LTD.,2567.44,55.116785,-119.561821
100052107712W600,2024-09,BIRCHCLIFF ENERGY LTD.,3382.99,55.686403,-119.80704
100052307007W600,2024-09,STRATHCONA RESOURCES LTD.,4389.91,55.073618,-118.965435
100052606604W600,2024-09,MANCAL ENERGY INC.,4510.65,54.739825,-118.501749
100060107111W600,2024-09,CARDINAL ENERGY LTD.,2315.85,55.118375,-119.554817
100071107808W600,2024-09,KELT EXPLORATION LTD.,4192.02,55.744807,-119.123095
100081507710W600,2024-09,TAQA NORTH LTD.,3426.42,55.668854,-119.449978
100083406408W600,2024-09,CANADIAN NATURAL RESOURCES LIMITED,3363.33,54.579411,-119.110778
100091107712W600,2024-09,BIRCHCLIFF ENERGY LTD.,3323.22,55.658572,-119.735004
100092107712W600,2024-09,BIRCHCLIFF ENERGY LTD.,2100.07,55.688975,-119.788362
100123007308W600,2024-09,ARCHER EXPLORATION CORP.,4606.700000000001,55.354123,-119.230179
100130406605W600,2024-09,PARAMOUNT RESOURCES LTD.,2704.36,54.689746,-118.698948
100132106102W600,2024-09,WHITECAP RESOURCES INC.,3646.17,54.295788,-118.248481
100132307007W600,2024-09,STRATHCONA RESOURCES LTD.,4119.639999999999,55.080413,-118.96565
100141206908W600,2024-09,NUVISTA ENERGY LTD.,3468.03,54.966007,-119.084351
100142406909W602,2024-09,SINOPEC CANADA ENERGY LTD.,3225.11,54.995721,-119.234081
100151206908W600,2024-09,NUVISTA ENERGY LTD.,3032.26,54.965977,-119.076934
100161107712W600,2024-09,BIRCHCLIFF ENERGY LTD.,2903.57,55.661914,-119.735041
100163406408W600,2024-09,CANADIAN NATURAL RESOURCES LIMITED,3726.46,54.588487,-119.110799
102011206204W600,2024-09,STRATHCONA RESOURCES LTD.,3490.93,54.341529,-118.453316
102012207108W600,2024-09,TAMARACK VALLEY ENERGY LTD.,4715.139999999999,55.157841,-119.131552
102021107808W600,2024-09,KELT EXPLORATION LTD.,3935.8199999999997,55.74119,-119.123064
102022106503W600,2024-09,CANADIAN NATURAL RESOURCES LIMITED,3315.26,54.633492,-118.387292
102030907308W600,2024-09,ARCHER EXPLORATION CORP.,4728.92,55.301979,-119.169588
102042106503W600,2024-09,CANADIAN NATURAL RESOURCES LIMITED,3685.77,54.633485,-118.39816
102042207108W600,2024-09,TAMARACK VALLEY ENERGY LTD.,4664.469999999999,55.157057,-119.151454
102042307007W600,2024-09,STRATHCONA RESOURCES LTD.,4682.23,55.070241,-118.965669
102042508013W600,2024-09,STORM DEVELOPMENT CORP.,3573.25,55.956893,-119.90357
102052508013W600,2024-09,STORM DEVELOPMENT CORP.,3300.0,55.960612,-119.903569
102063007210W600,2024-09,CANADIAN NATURAL RESOURCES LIMITED,4130.21,55.264754,-119.527429
102122307007W600,2024-09,STRATHCONA RESOURCES LTD.,4178.01,55.077085,-118.965704
102130406605W600,2024-09,PARAMOUNT RESOURCES LTD.,2925.78,54.689739,-118.703255
102133606606W600,2024-09,CANADIAN NATURAL RESOURCES LIMITED,3025.82,54.762182,-118.778683
102140908213W600,2024-09,ASTARA ENERGY CORP.,2340.9,56.100754,-119.974031
103011206204W600,2024-09,STRATHCONA RESOURCES LTD.,3435.31,54.341777,-118.450973
103080406907W600,2024-09,NUVISTA ENERGY LTD.,3081.27,54.943615,-118.992508
103122107712W600,2024-09,BIRCHCLIFF ENERGY LTD.,3309.76,55.689146,-119.805519
103122508013W600,2024-09,STORM DEVELOPMENT CORP.,3109.9,55.964071,-119.903507
103133606606W600,2024-09,CANADIAN NATURAL RESOURCES LIMITED,2944.52,54.760916,-118.77865
104142107712W602,2024-09,BIRCHCLIFF ENERGY LTD.,3089.29,55.692924,-119.800216
100010607110W600,2024-10,OVINTIV CANADA ULC,5254.16,55.113481,-119.51389
100010906903W600,2024-10,VEREN INC.,3031.19,54.953783,-118.383672
100011407713W600,2024-10,BIRCHCLIFF ENERGY LTD.,3535.33,55.66617,-119.889719
100011506504W600,2024-10,CANADIAN NATURAL RESOURCES LIMITED,3461.6400000000003,54.619103,-118.505367
100011606604W600,2024-10,PARAMOUNT RESOURCES LTD.,3196.81,54.706441,-118.530788
100030807308W600,2024-10,ARCHER EXPLORATION CORP.,4823.59,55.301973,-119.195407
100031407808W600,2024-10,KELT EXPLORATION LTD.,3729.92,55.754331,-119.129554
100032307309W600,2024-10,KELT EXPLORATION LTD.,2990.34,55.331543,-119.275374
100040106308W600,2024-10,TOURMALINE OIL CORP.,3051.89,54.417687,-119.079143
100040406105W603,2024-10,TOURMALINE OIL CORP.,2178.81,54.241573,-118.697565
100041205801W600,2024-10,TOURMALINE OIL CORP.,2092.33,53.995749,-118.022275
100041407808W600,2024-10,KELT EXPLORATION LTD.,3672.29,55.753421,-119.135813
100051006903W600,2024-10,VEREN INC.,3073.77,54.956619,-118.378478
100052807713W600,2024-10,BIRCHCLIFF ENERGY LTD.,3095.3,55.699165,-119.96361
100072306005W600,2024-10,TOURMALINE OIL CORP.,3525.43,54.201809,-118.636408
100080406903W600,2024-10,VEREN INC.,4224.55,54.941873,-118.38245
100081506504W600,2024-10,CANADIAN NATURAL RESOURCES LIMITED,3198.9300000000003,54.62218,-118.505368
100081606604W600,2024-10,PARAMOUNT RESOURCES LTD.,3157.29,54.710038,-118.530776
100090606604W602,2024-10,CANADIAN NATURAL RESOURCES LIMITED,3498.1400000000003,54.68655,-118.58101
100092206803W600,2024-10,VEREN INC.,2618.78,54.903882,-118.358019
100093406408W600,2024-10,CANADIAN NATURAL RESOURCES LIMITED,3279.62,54.583885,-119.110802
100112306803W600,2024-10,VEREN INC.,2850.47,54.903896,-118.347457
100113307708W600,2024-10,TOURMALINE OIL CORP.,2150.1,55.717672,-119.180968
100120106308W600,2024-10,TOURMALINE OIL CORP.,3016.71,54.422514,-119.079434
100120306903W600,2024-10,VEREN INC.,3982.0,54.947112,-118.376542
100120707307W600,2024-10,KELT EXPLORATION LTD.,3839.2,55.311837,-119.07512
100120807408W600,2024-10,TAMARACK VALLEY ENERGY LTD.,5153.36,55.397746,-119.203316
100121205801W600,2024-10,TOURMALINE OIL CORP.,2166.33,54.000971,-118.02216
100122306803W600,2024-10,VEREN INC.,2823.89,54.903819,-118.352596
100122807713W600,2024-10,BIRCHCLIFF ENERGY LTD.,2757.17,55.701526,-119.960558
100123307708W600,2024-10,TOURMALINE OIL CORP.,2007.2199999999998,55.717803,-119.187358
100123606606W600,2024-10,CANADIAN NATURAL RESOURCES LIMITED,2601.08,54.759542,-118.776534
100130106308W600,2024-10,TOURMALINE OIL CORP.,3034.48,54.427058,-119.078813
100130807408W600,2024-10,TAMARACK VALLEY ENERGY LTD.,5455.0,55.40133,-119.203267
100133008211W600,2024-10,BONTERRA ENERGY CORP.,3818.73,56.14342,-119.720955
100152406909W600,2024-10,SINOPEC CANADA ENERGY LTD.,2940.11,54.99564,-119.228889
100153206005W600,2024-10,TOURMALINE OIL CORP.,2690.67,54.239015,-118.710765
100160606604W600,2024-10,CANADIAN NATURAL RESOURCES LIMITED,3904.74,54.689701,-118.581128
100161407713W602,2024-10,BIRCHCLIFF ENERGY LTD.,2636.46,55.676111,-119.89001
100163207708W600,2024-10,TOURMALINE OIL CORP.,2843.79,55.722081,-119.195516
102010406907W600,2024-10,NUVISTA ENERGY LTD.,3388.88,54.940615,-118.992382
102031407713W600,2024-10,BIRCHCLIFF ENERGY LTD.,2363.32,55.666177,-119.901081
102032307309W600,2024-10,KELT EXPLORATION LTD.,2909.69,55.331541,-119.273818
102042807406W600,2024-10,BONTERRA ENERGY CORP.,3522.1099999999997,55.433373,-118.870119
102043108211W600,2024-10,BONTERRA ENERGY CORP.,3919.09,56.146971,-119.721118
102051006903W600,2024-10,VEREN INC.,3057.79,54.958054,-118.376015
102051205801W600,2024-10,TOURMALINE OIL CORP.,2032.2399999999998,53.998366,-118.022272
102080406907W600,2024-10,NUVISTA ENERGY LTD.,3205.45,54.942132,-118.992447
102081606604W600,2024-10,PARAMOUNT RESOURCES LTD.,3167.64,54.711798,-118.5308
102120306903W600,2024-10,VEREN INC.,4143.34,54.945374,-118.37854
102120707307W600,2024-10,KELT EXPLORATION LTD.,3923.03,55.31103,-119.075123
102123606606W600,2024-10,CANADIAN NATURAL RESOURCES LIMITED,2871.81,54.758157,-118.77868
102130707307W600,2024-10,KELT EXPLORATION LTD.,3613.54,55.312752,-119.075132
102133406202W600,2024-10,LOGAN ENERGY CORP.,3153.73,54.411394,-118.220692
102143307708W600,2024-10,TOURMALINE OIL CORP.,2675.38,55.72209,-119.180108
103032307309W600,2024-10,KELT EXPLORATION LTD.,2904.21,55.33154,-119.272256
104031007308W600,2024-10,ARCHER EXPLORATION CORP.,5000.889999999999,55.303377,-119.144085
104041006903W600,2024-10,VEREN INC.,3073.28,54.955154,-118.381122
104050306903W600,2024-10,VEREN INC.,4127.98,54.943573,-118.380444
100010106508W600,2024-11,CANADIAN NATURAL RESOURCES LIMITED,3354.43,54.590452,-119.061118
100011207713W600,2024-11,KELT EXPLORATION LTD.,2931.71,55.651512,-119.864539
100012106004W600,2024-11,PEYTO EXPLORATION & DEVELOPMENT CORP.,1887.5700000000002,54.197378,-118.525665
100020106508W600,2024-11,CANADIAN NATURAL RESOURCES LIMITED,2896.88,54.590458,-119.069532
100021207713W600,2024-11,KELT EXPLORATION LTD.,2923.75,55.65152,-119.869615
100021207909W602,2024-11,TOURMALINE OIL CORP.,1943.12,55.825497,-119.262253
100022306405W600,2024-11,WHITECAP RESOURCES INC.,3232.79,54.546261,-118.64047
100030907908W600,2024-11,TOURMALINE OIL CORP.,2069.3599999999997,55.825317,-119.193323
100031407210W600,2024-11,ARCHER EXPLORATION CORP.,5013.46,55.229664,-119.426851
100033007808W600,2024-11,TOURMALINE OIL CORP.,3327.49,55.782472,-119.231748
100033606302W600,2024-11,CANADIAN NATURAL RESOURCES LIMITED,3429.73,54.487991,-118.167899
100040106508W600,2024-11,CANADIAN NATURAL RESOURCES LIMITED,3112.41,54.590458,-119.077741
100041007309W600,2024-11,CANADIAN NATURAL RESOURCES LIMITED,4269.45,55.302508,-119.305381
100043606302W600,2024-11,CANADIAN NATURAL RESOURCES LIMITED,3623.76,54.488022,-118.174017
100052706712W600,2024-11,CENOVUS ENERGY INC.,3351.46,54.827438,-119.751998
100062206004W600,2024-11,PEYTO EXPLORATION & DEVELOPMENT CORP.,2167.29,54.199821,-118.51477
100080607611W600,2024-11,CANADIAN NATURAL RESOURCES LIMITED,3326.02,55.553463,-119.681827
100090607611W600,2024-11,CANADIAN NATURAL RESOURCES LIMITED,3553.09,55.556092,-119.68667
100130707307W600,2024-11,KELT EXPLORATION LTD.,3620.4,55.313701,-119.075132
100132306505W600,2024-11,ARC RESOURCES LTD.,2291.33,54.645961,-118.651583
100133506003W600,2024-11,WHITECAP RESOURCES INC.,3394.7,54.237317,-118.348439
100142306505W600,2024-11,ARC RESOURCES LTD.,1667.6100000000001,54.646003,-118.646708
100142706712W600,2024-11,CENOVUS ENERGY INC.,3010.3,54.834173,-119.747586
100152306505W600,2024-11,ARC RESOURCES LTD.,1424.8400000000001,54.645907,-118.641765
100152706712W600,2024-11,CENOVUS ENERGY INC.,2600.11,54.834455,-119.740338
100160407409W600,2024-11,CANADIAN NATURAL RESOURCES LIMITED,5200.7,55.387589,-119.312388
102011606604W600,2024-11,PARAMOUNT RESOURCES LTD.,3168.47,54.708217,-118.530775
102012306405W600,2024-11,WHITECAP RESOURCES INC.,3321.09,54.54628,-118.634093
102022306405W600,2024-11,WHITECAP RESOURCES INC.,3273.29,54.546264,-118.637201
102040507611W600,2024-11,CANADIAN NATURAL RESOURCES LIMITED,3347.16,55.550928,-119.680286
102161707712W600,2024-11,KELT EXPLORATION LTD.,3291.47,55.678409,-119.812278
102162206505W600,2024-11,ARC RESOURCES LTD.,2846.47,54.645928,-118.656669
103010606604W600,2024-11,CANADIAN NATURAL RESOURCES LIMITED,3549.6800000000003,54.677221,-118.581119
103012306405W602,2024-11,WHITECAP RESOURCES INC.,3401.96,54.54626,-118.630865
103041807307W600,2024-11,KELT EXPLORATION LTD.,3748.79,55.318291,-119.075127
1W0121006402W600,2024-11,CANADIAN NATURAL RESOURCES LIMITED,1596.12,54.525145,-118.226531
100013605902W600,2024-12,TOURMALINE OIL CORP.,2546.71,54.139849,-118.152223
100022406104W600,2024-12,TOURMALINE OIL CORP.,3237.76,54.28417,-118.45632
100022506207W600,2024-12,TOURMALINE OIL CORP.,2918.66,54.385337,-118.909071
100023007808W600,2024-12,TOURMALINE OIL CORP.,3355.3900000000003,55.782479,-119.225345
100031608009W600,2024-12,ADVANTAGE ENERGY LTD.,1500.03,55.927848,-119.350755
100031707108W600,2024-12,ARCHER EXPLORATION CORP.,5858.75,55.142899,-119.195512
100032506709W600,2024-12,WHITECAP RESOURCES INC.,2501.9,54.822618,-119.235472
100032805901W603,2024-12,TOURMALINE OIL CORP.,993.02,54.123473,-118.088438
100041806802W600,2024-12,VEREN INC.,2752.01,54.881483,-118.303811
100042506709W600,2024-12,WHITECAP RESOURCES INC.,2585.0299999999997,54.822626,-119.244362
100043005901W600,2024-12,TOURMALINE OIL CORP.,2227.88,54.125235,-118.147347
100043007808W600,2024-12,TOURMALINE OIL CORP.,3700.0699999999997,55.782471,-119.238117
100053608013W600,2024-12,KELT EXPLORATION LTD.,4132.5,55.977796,-119.903561
100072905901W600,2024-12,TOURMALINE OIL CORP.,2138.14,54.129432,-118.111952
100082406104W600,2024-12,TOURMALINE OIL CORP.,3055.78,54.28985,-118.452586
100082506207W600,2024-12,TOURMALINE OIL CORP.,2536.36,54.388932,-118.902942
100091406402W600,2024-12,CANADIAN NATURAL RESOURCES LIMITED,3298.5299999999997,54.538268,-118.17834
100093206403W600,2024-12,VEREN INC.,2508.51,54.584805,-118.407452
100103206403W600,2024-12,VEREN INC.,2811.44,54.584746,-118.412011
100121907612W600,2024-12,ADVANTAGE ENERGY LTD.,3338.8,55.599916,-119.859964
100123005901W603,2024-12,TOURMALINE OIL CORP.,1829.9299999999998,54.132572,-118.145605
100123006206W600,2024-12,TOURMALINE OIL CORP.,2897.83,54.393137,-118.896602
100130407309W600,2024-12,OVINTIV CANADA ULC,3278.15,55.300475,-119.329263
100130708304W600,2024-12,SAND HILLS DIV CORP LTD.,1598.33,56.18706,-118.626825
100130906403W600,2024-12,VEREN INC.,2203.83,54.527191,-118.401067
100131707908W600,2024-12,TOURMALINE OIL CORP.,2941.95,55.853468,-119.22374
100131907612W600,2024-12,ADVANTAGE ENERGY LTD.,3477.04,55.604308,-119.85998
100141907612W600,2024-12,ADVANTAGE ENERGY LTD.,3443.49,55.605344,-119.85191
100142905901W600,2024-12,TOURMALINE OIL CORP.,2364.29,54.134541,-118.113205
100162406104W600,2024-12,TOURMALINE OIL CORP.,3150.02,54.295831,-118.452591
100163407610W600,2024-12,ADVANTAGE ENERGY LTD.,3388.0699999999997,55.634846,-119.452199
102013007808W600,2024-12,TOURMALINE OIL CORP.,3628.13,55.783314,-119.218993
102041606403W600,2024-12,VEREN INC.,2503.11,54.532588,-118.401157
102042506709W600,2024-12,WHITECAP RESOURCES INC.,2433.96,54.822629,-119.240126
102093206403W600,2024-12,VEREN INC.,2388.66,54.584982,-118.403379
102130407309W600,2024-12,OVINTIV CANADA ULC,3208.43,55.300474,-119.330338
102130906403W600,2024-12,VEREN INC.,2292.52,54.530282,-118.401076
102131907612W600,2024-12,ADVANTAGE ENERGY LTD.,3471.1,55.603605,-119.859893
102132207107W600,2024-12,STRATHCONA RESOURCES LTD.,3483.08,55.167665,-118.999594
102161406402W600,2024-12,CANADIAN NATURAL RESOURCES LIMITED,3301.69,54.542461,-118.178361
102163407610W600,2024-12,ADVANTAGE ENERGY LTD.,3408.5699999999997,55.63489,-119.450487
103132207107W600,2024-12,STRATHCONA RESOURCES LTD.,3175.35,55.170114,-118.997427
103140407309W600,2024-12,OVINTIV CANADA ULC,3159.8,55.300476,-119.322137
104130407309W600,2024-12,OVINTIV CANADA ULC,3254.49,55.300479,-119.331621
104140407309W600,2024-12,OVINTIV CANADA ULC,3147.18,55.30048,-119.326789
106140407309W600,2024-12,OVINTIV CANADA ULC,3202.19,55.300482,-119.324435
100011407611W600,2025-01,ADVANTAGE ENERGY LTD.,3197.38,55.578967,-119.579478
100021007209W600,2025-01,TAMARACK VALLEY ENERGY LTD.,4819.15,55.215207,-119.291531
100040307413W600,2025-01,ASTARA ENERGY CORP.,1539.9299999999998,55.376524,-119.919757
100042707107W600,2025-01,STRATHCONA RESOURCES LTD.,3099.58,55.172249,-118.994521
100043007308W600,2025-01,ARCHER EXPLORATION CORP.,4475.63,55.346899,-119.228343
100050707611W600,2025-01,INSIGNIA ENERGY LTD.,3301.1,55.567387,-119.704684
100051807611W600,2025-01,ADVANTAGE ENERGY LTD.,4505.33,55.583861,-119.704894
100052007208W600,2025-01,CANADIAN NATURAL RESOURCES LIMITED,3092.35,55.247823,-119.201048
100053007308W600,2025-01,ARCHER EXPLORATION CORP.,4678.6,55.350466,-119.229606
100080405827W500,2025-01,TOURMALINE OIL CORP.,2926.62,53.984949,-117.944495
100082507607W600,2025-01,TOURMALINE OIL CORP.,4395.21,55.61069,-118.933158
100090405827W500,2025-01,TOURMALINE OIL CORP.,2981.74,53.987806,-117.942709
100092407607W600,2025-01,TOURMALINE OIL CORP.,3889.17,55.601564,-118.933164
100101906426W500,2025-01,HWN ENERGY LTD.,,54.552904,-117.919883
100123306127W500,2025-01,LOGAN ENERGY CORP.,3454.57,54.320421,-117.996722
100130307309W600,2025-01,TAMARACK VALLEY ENERGY LTD.,4846.8,55.300483,-119.304493
100131407308W600,2025-01,KELT EXPLORATION LTD.,3316.38,55.329565,-119.122653
100133608013W600,2025-01,KELT EXPLORATION LTD.,4042.24,55.983988,-119.903458
100140405802W602,2025-01,CANADIAN NATURAL RESOURCES LIMITED,3697.4,53.990418,-118.238114
100143606605W600,2025-01,PARAMOUNT RESOURCES LTD.,3288.71,54.762302,-118.618344
100160405827W500,2025-01,TOURMALINE OIL CORP.,2833.8,53.990616,-117.945606
100161006708W600,2025-01,WHITECAP RESOURCES INC.,3424.1400000000003,54.791383,-119.121127
100161708013W600,2025-01,VERMILION ENERGY INC.,2301.34,55.940028,-119.987057
100162407607W600,2025-01,TOURMALINE OIL CORP.,3980.0299999999997,55.606048,-118.932093
102011007209W600,2025-01,TAMARACK VALLEY ENERGY LTD.,5047.05,55.215761,-119.285202
102052007208W600,2025-01,CANADIAN NATURAL RESOURCES LIMITED,3451.94,55.249143,-119.204928
102103107513W600,2025-01,ADVANTAGE ENERGY LTD.,2489.43,55.543994,-119.999525
102131407308W600,2025-01,KELT EXPLORATION LTD.,3389.95,55.329564,-119.124521
102133606605W600,2025-01,PARAMOUNT RESOURCES LTD.,3254.83,54.762337,-118.624562
102143606605W600,2025-01,PARAMOUNT RESOURCES LTD.,3303.87,54.762268,-118.621378
102153107513W600,2025-01,ADVANTAGE ENERGY LTD.,2750.57,55.54834,-119.999554
102153606605W600,2025-01,PARAMOUNT RESOURCES LTD.,3239.38,54.762228,-118.612
102161006708W600,2025-01,WHITECAP RESOURCES INC.,3290.46,54.788962,-119.121124
103042007208W600,2025-01,CANADIAN NATURAL RESOURCES LIMITED,3234.65,55.246463,-119.204892
103042507508W600,2025-01,TAMARACK VALLEY ENERGY LTD.,5030.65,55.521464,-119.110209
103131407308W600,2025-01,KELT EXPLORATION LTD.,3446.79,55.329564,-119.126468
103153107513W600,2025-01,ADVANTAGE ENERGY LTD.,2600.28,55.546682,-119.999543
103153606605W600,2025-01,PARAMOUNT RESOURCES LTD.,3283.46,54.762232,-118.615186
104041007209W600,2025-01,TAMARACK VALLEY ENERGY LTD.,4965.24,55.215208,-119.304427
100012106506W600,2025-02,NUVISTA ENERGY LTD.,3309.89,54.634494,-118.831674
100020807308W600,2025-02,ARCHER EXPLORATION CORP.,4763.4,55.302062,-119.189014
100042205801W600,2025-02,TOURMALINE OIL CORP.,2343.19,54.023948,-118.071743
100043006503W600,2025-02,CANADIAN NATURAL RESOURCES LIMITED,3583.05,54.6481,-118.4516
100043407712W600,2025-02,BIRCHCLIFF ENERGY LTD.,3717.33,55.710728,-119.780784
100051306127W500,2025-02,LOGAN ENERGY CORP.,3343.47,54.275775,-117.923587
100052206506W600,2025-02,NUVISTA ENERGY LTD.,3167.59,54.639242,-118.827256
100053006503W600,2025-02,CANADIAN NATURAL RESOURCES LIMITED,3371.0,54.651168,-118.451597
100082106506W600,2025-02,NUVISTA ENERGY LTD.,2708.58,54.639518,-118.83437
100091006708W600,2025-02,WHITECAP RESOURCES INC.,3220.56,54.786583,-119.121136
100093207212W600,2025-02,BIRCHCLIFF ENERGY LTD.,3162.05,55.282614,-119.799024
100121606505W600,2025-02,ARC RESOURCES LTD.,1925.9699999999998,54.626864,-118.703309
100122007208W600,2025-02,CANADIAN NATURAL RESOURCES LIMITED,3694.1,55.251838,-119.204896
100122205801W600,2025-02,TOURMALINE OIL CORP.,2541.78,54.029046,-118.071843
100122207511W600,2025-02,ADVANTAGE ENERGY LTD.,3669.78,55.514338,-119.625376
100122807712W600,2025-02,BIRCHCLIFF ENERGY LTD.,3063.92,55.704751,-119.807284
100123006503W600,2025-02,CANADIAN NATURAL RESOURCES LIMITED,3437.2,54.657511,-118.451602
100130307408W600,2025-02,TAMARACK VALLEY ENERGY LTD.,3969.79,55.38696,-119.152069
100131505801W600,2025-02,TOURMALINE OIL CORP.,2282.41,54.018837,-118.071847
100132807712W600,2025-02,BIRCHCLIFF ENERGY LTD.,2613.11,55.707702,-119.806315
100133006503W600,2025-02,CANADIAN NATURAL RESOURCES LIMITED,3606.0699999999997,54.660577,-118.451596
100133306203W600,2025-02,STRATHCONA RESOURCES LTD.,4113.85,54.413056,-118.397119
100142707908W600,2025-02,TOURMALINE OIL CORP.,3387.23,55.883359,-119.164437
100143306203W600,2025-02,STRATHCONA RESOURCES LTD.,4029.7,54.413033,-118.392218
100143306308W602,2025-02,TOURMALINE OIL CORP.,2718.73,54.499859,-119.149626
100153207213W602,2025-02,PARAMOUNT RESOURCES LTD.,3134.63,55.285716,-119.958328
100153306203W600,2025-02,STRATHCONA RESOURCES LTD.,4163.6900000000005,54.412994,-118.387412
100160805702W600,2025-02,CANADIAN NATURAL RESOURCES LIMITED,3524.48,53.918001,-118.2492
100161606106W600,2025-02,TOURMALINE OIL CORP.,2306.55,54.282292,-118.830439
100161706106W600,2025-02,TOURMALINE OIL CORP.,3578.33,54.280967,-118.854094
100162807712W600,2025-02,BIRCHCLIFF ENERGY LTD.,3241.92,55.70614,-119.786036
100163306308W600,2025-02,TOURMALINE OIL CORP.,2915.4,54.500312,-119.13869
102053006503W600,2025-02,CANADIAN NATURAL RESOURCES LIMITED,3278.41,54.654319,-118.451584
102081007908W600,2025-02,TOURMALINE OIL CORP.,2295.94,55.832025,-119.152938
102122007208W600,2025-02,CANADIAN NATURAL RESOURCES LIMITED,3466.1,55.250548,-119.203438
102122206506W600,2025-02,NUVISTA ENERGY LTD.,3043.02,54.642997,-118.827423
102131606505W602,2025-02,ARC RESOURCES LTD.,2156.26,54.631561,-118.701289
102132206506W600,2025-02,NUVISTA ENERGY LTD.,3173.33,54.645386,-118.824729
102133306203W600,2025-02,STRATHCONA RESOURCES LTD.,3960.48,54.413035,-118.394615
102143306203W600,2025-02,STRATHCONA RESOURCES LTD.,4042.4,54.413075,-118.389602
103040307408W600,2025-02,TAMARACK VALLEY ENERGY LTD.,2964.34,55.376463,-119.152064
103071007908W600,2025-02,TOURMALINE OIL CORP.,2206.21,55.832213,-119.159503
103132707712W600,2025-02,BIRCHCLIFF ENERGY LTD.,3410.51,55.708547,-119.783452
100011107712W600,2025-03,BIRCHCLIFF ENERGY LTD.,2808.99,55.651302,-119.734833
100013207109W600,2025-03,NUVISTA ENERGY LTD.,2139.48,55.188107,-119.334888
100021405802W602,2025-03,TOURMALINE OIL CORP.,2745.85,54.008844,-118.180211
100031106905W600,2025-03,VEREN INC.,3634.01,54.954172,-118.653001
100031207610W600,2025-03,ADVANTAGE ENERGY LTD.,3103.6,55.564164,-119.41286
100031705802W600,2025-03,TOURMALINE OIL CORP.,2685.52,54.008538,-118.265683
100031707307W600,2025-03,TAMARACK VALLEY ENERGY LTD.,3971.29,55.3171,-119.041793
100031806308W600,2025-03,TOURMALINE OIL CORP.,3239.74,54.44653,-119.199598
100041207610W600,2025-03,ADVANTAGE ENERGY LTD.,2980.6400000000003,55.564164,-119.419025
100043506404W600,2025-03,CANADIAN NATURAL RESOURCES LIMITED,3453.99,54.575322,-118.501842
100051705802W600,2025-03,TOURMALINE OIL CORP.,2971.74,54.014026,-118.270026
100051906908W600,2025-03,SINOPEC CANADA ENERGY LTD.,3759.62,54.986961,-119.218932
100052306905W600,2025-03,VEREN INC.,4617.49,54.985254,-118.65616
100052806910W600,2025-03,CANADIAN NATURAL RESOURCES LIMITED,3203.84,55.003343,-119.473192
100061106905W600,2025-03,VEREN INC.,3418.87,54.956619,-118.653077
100081107712W600,2025-03,BIRCHCLIFF ENERGY LTD.,2907.74,55.654618,-119.735008
100090207608W600,2025-03,TOURMALINE OIL CORP.,1668.21,55.558509,-119.118451
100092208009W600,2025-03,ADVANTAGE ENERGY LTD.,3825.26,55.950519,-119.307295
100093207109W600,2025-03,NUVISTA ENERGY LTD.,2130.46,55.192544,-119.334788
100100406813W602,2025-03,CENOVUS ENERGY INC.,2297.97,54.860195,-119.91617
100100508311W600,2025-03,BONTERRA ENERGY CORP.,4746.25,56.168192,-119.698814
100100807213W602,2025-03,PARAMOUNT RESOURCES LTD.,3533.02,55.22427,-119.9583
100110207608W600,2025-03,TOURMALINE OIL CORP.,2092.15,55.558513,-119.126173
100111307207W600,2025-03,KELT EXPLORATION LTD.,4050.69,55.237184,-118.936381
100120107210W600,2025-03,NUVISTA ENERGY LTD.,3234.76,55.210187,-119.408833
100121106905W600,2025-03,VEREN INC.,3961.43,54.962458,-118.65967
100121107908W600,2025-03,TOURMALINE OIL CORP.,2620.0699999999997,55.832579,-119.148564
100121907212W600,2025-03,CENOVUS ENERGY INC.,1768.0,55.251035,-119.841554
100130106809W600,2025-03,WHITECAP RESOURCES INC.,2465.51,54.864189,-119.244525
100130107210W600,2025-03,NUVISTA ENERGY LTD.,3506.62,55.213949,-119.4088
100130706308W600,2025-03,TOURMALINE OIL CORP.,3183.98,54.443314,-119.20338
100131606505W600,2025-03,ARC RESOURCES LTD.,2078.38,54.629911,-118.703194
100132306504W600,2025-03,CANADIAN NATURAL RESOURCES LIMITED,4060.37,54.64599,-118.501872
100132408010W600,2025-03,ADVANTAGE ENERGY LTD.,3848.96,55.954787,-119.433959
100133007611W600,2025-03,CANLIN RESOURCES PARTNERSHIP,2629.58,55.620749,-119.704788
100140106809W600,2025-03,WHITECAP RESOURCES INC.,2430.29,54.864186,-119.235514
100140206905W600,2025-03,VEREN INC.,3756.02,54.951678,-118.652953
100140306813W600,2025-03,CENOVUS ENERGY INC.,928.9499999999998,54.863577,-119.896315
100141606505W600,2025-03,ARC RESOURCES LTD.,1976.9899999999998,54.631537,-118.696224
100151606505W600,2025-03,ARC RESOURCES LTD.,1844.96,54.631567,-118.691473
100152006909W600,2025-03,CANADIAN NATURAL RESOURCES LIMITED,4292.07,54.99388,-119.334447
100152307608W602,2025-03,TOURMALINE OIL CORP.,3670.06,55.605795,-119.123346
100152906306W600,2025-03,WHITECAP RESOURCES INC.,3463.57,54.486119,-118.863423
100160207712W600,2025-03,BIRCHCLIFF ENERGY LTD.,2518.83,55.648012,-119.734917
100160406813W600,2025-03,CENOVUS ENERGY INC.,1671.75,54.863461,-119.907653
100160407407W600,2025-03,TAMARACK VALLEY ENERGY LTD.,4773.07,55.386936,-119.002028
100162307608W600,2025-03,TOURMALINE OIL CORP.,3315.2799999999997,55.605746,-119.115438
102041207210W600,2025-03,NUVISTA ENERGY LTD.,3772.67,55.216393,-119.408474
102041707307W600,2025-03,TAMARACK VALLEY ENERGY LTD.,4272.0,55.317102,-119.049475
102042306905W600,2025-03,VEREN INC.,4914.32,54.98377,-118.658486
102061106905W600,2025-03,VEREN INC.,3482.89,54.959448,-118.653083
102083207109W600,2025-03,NUVISTA ENERGY LTD.,2085.83,55.19163,-119.334728
102091307207W600,2025-03,KELT EXPLORATION LTD.,4483.95,55.237231,-118.925442
102130106809W600,2025-03,WHITECAP RESOURCES INC.,2387.0,54.864186,-119.239972
102130107210W600,2025-03,NUVISTA ENERGY LTD.,3419.8,55.212701,-119.408768
102130708304W600,2025-03,SAND HILLS DIV CORP LTD.,1779.62,56.188014,-118.631524
102133006504W600,2025-03,ARC RESOURCES LTD.,3488.4,54.660601,-118.59969
102151606505W602,2025-03,ARC RESOURCES LTD.,1672.4499999999998,54.631568,-118.686435
102152906306W600,2025-03,WHITECAP RESOURCES INC.,3413.12,54.486167,-118.863294
103041207210W600,2025-03,NUVISTA ENERGY LTD.,3636.07,55.215109,-119.408768
103071707107W600,2025-03,STRATHCONA RESOURCES LTD.,2600.36,55.146647,-119.036258
103081707107W600,2025-03,STRATHCONA RESOURCES LTD.,2995.6,55.148792,-119.03176
103083207109W600,2025-03,NUVISTA ENERGY LTD.,2074.58,55.190704,-119.334691
103130107210W600,2025-03,NUVISTA ENERGY LTD.,3299.21,55.211389,-119.408729
103131607107W600,2025-03,STRATHCONA RESOURCES LTD.,3930.94,55.153175,-119.02228
103133006504W600,2025-03,ARC RESOURCES LTD.,3479.45,54.66054,-118.602285
103143006504W600,2025-03,ARC RESOURCES LTD.,3401.8,54.660619,-118.594162
103152906306W600,2025-03,WHITECAP RESOURCES INC.,3457.14,54.486121,-118.866601
103153006504W600,2025-03,ARC RESOURCES LTD.,3140.66,54.660622,-118.586122
103160807508W600,2025-03,ARCHER EXPLORATION CORP.,4713.45,55.48972,-119.195055
104020307108W600,2025-03,OVINTIV CANADA ULC,3080.39,55.113544,-119.136536
104083207109W600,2025-03,NUVISTA ENERGY LTD.,2068.94,55.189868,-119.334773
104131906908W600,2025-03,SINOPEC CANADA ENERGY LTD.,3228.48,54.994869,-119.218924
104143006504W600,2025-03,ARC RESOURCES LTD.,3411.4,54.66058,-118.596909
104153006504W600,2025-03,ARC RESOURCES LTD.,3496.39,54.66056,-118.588796
104163006504W602,2025-03,ARC RESOURCES LTD.,3746.29,54.660618,-118.580509
105083207109W600,2025-03,NUVISTA ENERGY LTD.,2093.79,55.189019,-119.334973
105153006504W600,2025-03,ARC RESOURCES LTD.,3392.66,54.660616,-118.591419
105163006504W600,2025-03,ARC RESOURCES LTD.,3688.28,54.660573,-118.583671
108091707107W600,2025-03,STRATHCONA RESOURCES LTD.,3692.64,55.150952,-119.026987
100012607712W600,2025-04,BIRCHCLIFF ENERGY LTD.,2220.47,55.694646,-119.73452
100013106707W600,2025-04,NUVISTA ENERGY LTD.,3642.01,54.836923,-119.045616
100013607807W600,2025-04,TOURMALINE OIL CORP.,2013.73,55.797544,-118.935726
100022606608W600,2025-04,TOURMALINE OIL CORP.,2929.83,54.735552,-119.090187
100023106707W600,2025-04,NUVISTA ENERGY LTD.,3298.75,54.83686,-119.052365
100032006505W600,2025-04,OVINTIV CANADA ULC,3243.88,54.63351,-118.719229
100032606608W600,2025-04,TOURMALINE OIL CORP.,2832.19,54.735546,-119.098148
100033106707W600,2025-04,NUVISTA ENERGY LTD.,3191.29,54.836899,-119.057938
100041907806W600,2025-04,TOURMALINE OIL CORP.,4906.64,55.768452,-118.92958
100042606608W600,2025-04,TOURMALINE OIL CORP.,2962.3900000000003,54.735547,-119.106097
100043106707W600,2025-04,NUVISTA ENERGY LTD.,3187.96,54.836898,-119.063656
100043307811W600,2025-04,BIRCHCLIFF ENERGY LTD.,3018.95,55.79893,-119.652493
100043406504W600,2025-04,VEREN INC.,3139.41,54.664866,-118.526059
100053307811W600,2025-04,BIRCHCLIFF ENERGY LTD.,3045.04,55.801551,-119.649232
100053406504W600,2025-04,VEREN INC.,3017.12,54.668443,-118.526127
100063007806W600,2025-04,TOURMALINE OIL CORP.,2739.33,55.785724,-118.92083
100073007806W600,2025-04,TOURMALINE OIL CORP.,3041.25,55.786684,-118.915204
100082607712W600,2025-04,BIRCHCLIFF ENERGY LTD.,2236.46,55.697975,-119.734605
100091707712W600,2025-04,KELT EXPLORATION LTD.,3306.35,55.675465,-119.81243
100111006127W500,2025-04,LOGAN ENERGY CORP.,3198.27,54.261605,-117.967755
100120107610W600,2025-04,WHITECAP RESOURCES INC.,3199.84,55.557731,-119.420593
100122406427W500,2025-04,HWN ENERGY LTD.,3.130000000000109,54.553294,-117.956404
100123406504W600,2025-04,VEREN INC.,3071.03,54.672133,-118.526891
100130107610W600,2025-04,WHITECAP RESOURCES INC.,3279.1,55.561269,-119.420583
100130508311W600,2025-04,BONTERRA ENERGY CORP.,4285.39,56.171554,-119.712684
100140508311W600,2025-04,BONTERRA ENERGY CORP.,4330.110000000001,56.170196,-119.705743
100141006127W500,2025-04,LOGAN ENERGY CORP.,3188.07,54.265026,-117.963693
100142406505W600,2025-04,ARC RESOURCES LTD.,2868.66,54.645993,-118.619177
100152406505W600,2025-04,ARC RESOURCES LTD.,2719.78,54.645968,-118.611055
100160306603W600,2025-04,CANADIAN NATURAL RESOURCES LIMITED,1692.1,54.689694,-118.356092
102012006505W600,2025-04,OVINTIV CANADA ULC,3245.53,54.633533,-118.706379
102013106707W600,2025-04,NUVISTA ENERGY LTD.,3452.66,54.836817,-119.048927
102022006505W602,2025-04,OVINTIV CANADA ULC,3261.2,54.633531,-118.71589
102030307108W600,2025-04,OVINTIV CANADA ULC,4164.139999999999,55.113595,-119.144017
102042106505W600,2025-04,OVINTIV CANADA ULC,3682.11,54.633542,-118.703059
102043307811W600,2025-04,BIRCHCLIFF ENERGY LTD.,3179.01,55.79668,-119.654263
102051707308W600,2025-04,ADVANTAGE ENERGY LTD.,3204.9,55.323281,-119.204395
102053307811W600,2025-04,BIRCHCLIFF ENERGY LTD.,2965.28,55.800431,-119.65091
102053406504W600,2025-04,VEREN INC.,3155.95,54.666623,-118.526965
102110106603W600,2025-04,CANADIAN NATURAL RESOURCES LIMITED,3043.54,54.686617,-118.320694
102120107210W600,2025-04,NUVISTA ENERGY LTD.,3213.36,55.208994,-119.408969
102121707308W600,2025-04,ADVANTAGE ENERGY LTD.,3305.05,55.324668,-119.204537
102123406504W600,2025-04,VEREN INC.,3089.75,54.670139,-118.526902
102132406505W600,2025-04,ARC RESOURCES LTD.,2974.04,54.64596,-118.62457
102142406505W600,2025-04,ARC RESOURCES LTD.,2829.98,54.645949,-118.621893
102152406505W600,2025-04,ARC RESOURCES LTD.,2754.85,54.645979,-118.613798
102162406505W600,2025-04,ARC RESOURCES LTD.,2709.75,54.645981,-118.608218
103010307108W600,2025-04,OVINTIV CANADA ULC,3228.72,55.113533,-119.132942
103012006505W600,2025-04,OVINTIV CANADA ULC,3318.15,54.633524,-118.709621
103040307108W600,2025-04,OVINTIV CANADA ULC,3827.81,55.113531,-119.150377
103051707308W600,2025-04,ADVANTAGE ENERGY LTD.,3227.19,55.321756,-119.204547
103120107210W600,2025-04,NUVISTA ENERGY LTD.,3198.07,55.207742,-119.408815
103152406505W600,2025-04,ARC RESOURCES LTD.,2803.76,54.645981,-118.616565
103162406505W600,2025-04,ARC RESOURCES LTD.,2731.35,54.645931,-118.60567
104010307108W600,2025-04,OVINTIV CANADA ULC,3115.39,55.113553,-119.134653
104040307108W600,2025-04,OVINTIV CANADA ULC,3976.77,55.113525,-119.147588
105020307108W600,2025-04,OVINTIV CANADA ULC,4426.0599999999995,55.113534,-119.140229
105100707208W600,2025-04,OVINTIV CANADA ULC,2643.22,55.223566,-119.217814
106100707208W600,2025-04,OVINTIV CANADA ULC,2502.93,55.224833,-119.215951
107100707208W600,2025-04,OVINTIV CANADA ULC,2569.83,55.224078,-119.216879
100013106203W600,2025-05,ARC RESOURCES LTD.,4134.139999999999,54.401721,-118.427034
100022006505W602,2025-05,OVINTIV CANADA ULC,3278.2,54.633525,-118.712683
100030307208W600,2025-05,CANADIAN NATURAL RESOURCES LIMITED,3729.31,55.200297,-119.145139
100032507907W602,2025-05,TOURMALINE OIL CORP.,2986.73,55.870801,-118.954837
100040307208W600,2025-05,CANADIAN NATURAL RESOURCES LIMITED,3562.83,55.200261,-119.15054
100040506707W600,2025-05,OVINTIV CANADA ULC,3145.2,54.764555,-119.040803
100091507911W600,2025-05,LOGAN ENERGY CORP.,3375.17,55.849514,-119.624408
100110507910W600,2025-05,LOGAN ENERGY CORP.,3498.99,55.818193,-119.52978
100110707610W600,2025-05,ASTARA ENERGY CORP.,710.0,55.572001,-119.539408
100113607708W600,2025-05,TOURMALINE OIL CORP.,2290.0699999999997,55.717662,-119.100973
100123206203W600,2025-05,ARC RESOURCES LTD.,4050.08,54.40781,-118.423263
100132006707W600,2025-05,OVINTIV CANADA ULC,3184.69,54.820444,-119.041542
100132207511W600,2025-05,ADVANTAGE ENERGY LTD.,3888.53,55.518505,-119.627312
100132707208W600,2025-05,CANADIAN NATURAL RESOURCES LIMITED,4032.1,55.271949,-119.151601
100141907108W600,2025-05,ARCHER EXPLORATION CORP.,4897.13,55.169853,-119.22109
100142006707W600,2025-05,OVINTIV CANADA ULC,3079.06,54.820421,-119.033146
100143407907W600,2025-05,TOURMALINE OIL CORP.,3863.74,55.896928,-119.006974
100152006707W600,2025-05,OVINTIV CANADA ULC,3102.55,54.820384,-119.029014
102030506707W600,2025-05,OVINTIV CANADA ULC,3199.79,54.764554,-119.036328
102033507712W600,2025-05,BIRCHCLIFF ENERGY LTD.,3681.87,55.709936,-119.747014
102040307208W600,2025-05,CANADIAN NATURAL RESOURCES LIMITED,3679.9,55.200253,-119.147814
102041406304W600,2025-05,ARC RESOURCES LTD.,2526.75,54.446669,-118.499557
102043507712W600,2025-05,BIRCHCLIFF ENERGY LTD.,4053.36,55.709987,-119.755494
102053007711W600,2025-05,BIRCHCLIFF ENERGY LTD.,2730.16,55.700828,-119.704852
102073107707W600,2025-05,TOURMALINE OIL CORP.,3690.6400000000003,55.714714,-119.07016
102091707712W600,2025-05,KELT EXPLORATION LTD.,3429.24,55.672454,-119.812264
102131807409W600,2025-05,KELT EXPLORATION LTD.,3180.96,55.415,-119.382813
102132006707W600,2025-05,OVINTIV CANADA ULC,2916.58,54.82047,-119.037498
102132707208W600,2025-05,CANADIAN NATURAL RESOURCES LIMITED,4083.01,55.27195,-119.149455
102142707208W600,2025-05,CANADIAN NATURAL RESOURCES LIMITED,4138.8099999999995,55.27192,-119.147086
102163407712W600,2025-05,BIRCHCLIFF ENERGY LTD.,4152.639999999999,55.722005,-119.764327
103032107711W600,2025-05,INSIGNIA ENERGY LTD.,1698.1599999999999,55.680587,-119.646778
103041406304W600,2025-05,ARC RESOURCES LTD.,2483.1,54.4453,-118.501812
103042107711W600,2025-05,INSIGNIA ENERGY LTD.,1736.1399999999999,55.6806,-119.649473
103121807409W600,2025-05,KELT EXPLORATION LTD.,2899.45,55.412108,-119.382752
104033007711W600,2025-05,BIRCHCLIFF ENERGY LTD.,2919.48,55.69729,-119.695906
104042107711W600,2025-05,INSIGNIA ENERGY LTD.,1551.27,55.680588,-119.654618
104042407708W600,2025-05,TOURMALINE OIL CORP.,3202.23,55.681308,-119.108746
104043007711W600,2025-05,BIRCHCLIFF ENERGY LTD.,3255.41,55.695291,-119.700314
104061406304W600,2025-05,ARC RESOURCES LTD.,2715.54,54.450643,-118.492109
104121807409W600,2025-05,KELT EXPLORATION LTD.,2882.64,55.410653,-119.382744
105061406304W600,2025-05,ARC RESOURCES LTD.,2635.52,54.449163,-118.494235
105121807409W600,2025-05,KELT EXPLORATION LTD.,2994.95,55.413615,-119.382748
106061406304W600,2025-05,ARC RESOURCES LTD.,2528.87,54.447853,-118.496887
107150707208W600,2025-05,OVINTIV CANADA ULC,2523.03,55.226591,-119.213452
108150707208W600,2025-05,OVINTIV CANADA ULC,2515.85,55.225644,-119.214381
100010306408W600,2025-06,CENOVUS ENERGY INC.,2770.24,54.503243,-119.110722
100021806402W600,2025-06,WHITECAP PARTNERSHIP,3073.52,54.531815,-118.287536
100022206208W600,2025-06,TOURMALINE OIL CORP.,2443.94,54.372243,-119.110063
100031806402W602,2025-06,WHITECAP PARTNERSHIP,3068.46,54.53177,-118.291749
100032507710W600,2025-06,ADVANTAGE ENERGY LTD.,2975.8900000000003,55.695178,-119.413804
100040507910W600,2025-06,LOGAN ENERGY CORP.,3332.16,55.813371,-119.538172
100040606705W600,2025-06,CANADIAN NATURAL RESOURCES LIMITED,3205.49,54.765931,-118.761286
100041806402W602,2025-06,WHITECAP PARTNERSHIP,3132.1,54.53182,-118.300114
100042507710W600,2025-06,ADVANTAGE ENERGY LTD.,2985.38,55.695182,-119.420239
100042906705W600,2025-06,CANADIAN NATURAL RESOURCES LIMITED,3063.74,54.824005,-118.735864
100050507910W600,2025-06,LOGAN ENERGY CORP.,3390.6,55.81578,-119.53388
100051506005W600,2025-06,TOURMALINE OIL CORP.,3298.81,54.18837,-118.671163
100052906705W600,2025-06,CANADIAN NATURAL RESOURCES LIMITED,2963.31,54.825337,-118.735879
100070406004W600,2025-06,TOURMALINE OIL CORP.,2994.14,54.156803,-118.533072
100082306504W600,2025-06,ARC RESOURCES LTD.,3425.38,54.636376,-118.480522
100083106203W600,2025-06,ARC RESOURCES LTD.,3935.52,54.404307,-118.427051
100093106203W600,2025-06,ARC RESOURCES LTD.,3746.11,54.407185,-118.427029
100093305904W602,2025-06,TOURMALINE OIL CORP.,1872.1100000000001,54.145883,-118.526047
100120606705W600,2025-06,CANADIAN NATURAL RESOURCES LIMITED,2862.71,54.771454,-118.761403
100121207809W600,2025-06,KELT EXPLORATION LTD.,2125.65,55.747086,-119.265372
100131907808W600,2025-06,KELT EXPLORATION LTD.,3885.3599999999997,55.780203,-119.238822
100133107308W600,2025-06,ARCHER EXPLORATION CORP.,3964.1099999999997,55.372099,-119.229973
100141506005W600,2025-06,TOURMALINE OIL CORP.,3173.24,54.192765,-118.664479
100141907808W600,2025-06,KELT EXPLORATION LTD.,3710.87,55.780255,-119.231822
100143406308W600,2025-06,CENOVUS ENERGY INC.,3429.3,54.500006,-119.120857
100151907808W600,2025-06,KELT EXPLORATION LTD.,3657.69,55.780252,-119.225065
100161606604W600,2025-06,OVINTIV CANADA ULC,3696.44,54.717416,-118.53078
100162206408W600,2025-06,CENOVUS ENERGY INC.,2988.87,54.558275,-119.110681
100162306504W600,2025-06,ARC RESOURCES LTD.,3399.18,54.644309,-118.480378
102012306504W600,2025-06,ARC RESOURCES LTD.,3572.72,54.634924,-118.480427
102031806402W600,2025-06,WHITECAP PARTNERSHIP,3124.86,54.531838,-118.295951
102042906705W600,2025-06,CANADIAN NATURAL RESOURCES LIMITED,3234.71,54.822618,-118.735865
102050606705W600,2025-06,CANADIAN NATURAL RESOURCES LIMITED,2934.74,54.768704,-118.761215
102091606604W600,2025-06,OVINTIV CANADA ULC,3813.55,54.715628,-118.530787
102101506208W600,2025-06,TOURMALINE OIL CORP.,3023.64,54.363645,-119.106589
102123206203W600,2025-06,ARC RESOURCES LTD.,4241.76,54.408323,-118.419384
102152907711W600,2025-06,INSIGNIA ENERGY LTD.,1700.33,55.707607,-119.667856
102160906203W600,2025-06,STRATHCONA RESOURCES LTD.,3369.54,54.355445,-118.379383
102161606604W600,2025-06,OVINTIV CANADA ULC,3564.83,54.719244,-118.530781
102162306504W600,2025-06,ARC RESOURCES LTD.,3432.6,54.645812,-118.480429
103022806103W600,2025-06,STRATHCONA RESOURCES LTD.,3157.48,54.299572,-118.385895
103032806103W600,2025-06,STRATHCONA RESOURCES LTD.,3093.5,54.299646,-118.388495
103091606604W600,2025-06,OVINTIV CANADA ULC,3996.75,54.713923,-118.530755
103101507911W600,2025-06,LOGAN ENERGY CORP.,3462.2,55.847287,-119.628494
103160906203W600,2025-06,STRATHCONA RESOURCES LTD.,3443.88,54.35578,-118.377382
104160906203W600,2025-06,STRATHCONA RESOURCES LTD.,3482.79,54.355726,-118.376968
100010507513W600,2025-07,ADVANTAGE ENERGY LTD.,3696.08,55.462455,-119.970353
100011206605W600,2025-07,CANADIAN NATURAL RESOURCES LIMITED,3252.33,54.692856,-118.606085
100011806402W600,2025-07,WHITECAP PARTNERSHIP,3120.63,54.531938,-118.283282
100012606706W600,2025-07,OVINTIV CANADA ULC,3953.55,54.822972,-118.79375
100020107005W600,2025-07,WHITECAP PARTNERSHIP,3842.77,55.02539,-118.617735
100020406210W600,2025-07,G2B DEVELOPMENT CORPORATION,24.579999999999927,54.329569,-119.432197
100022507911W600,2025-07,LOGAN ENERGY CORP.,3114.96,55.870341,-119.573995
100030707308W600,2025-07,CANADIAN NATURAL RESOURCES LIMITED,4094.79,55.303476,-119.220948
100040906605W600,2025-07,CANADIAN NATURAL RESOURCES LIMITED,3272.6,54.693181,-118.703388
100050106306W600,2025-07,CENOVUS ENERGY INC.,2910.48,54.418212,-118.777347
100050606705W600,2025-07,CANADIAN NATURAL RESOURCES LIMITED,2866.42,54.770036,-118.761285
100050906605W600,2025-07,CANADIAN NATURAL RESOURCES LIMITED,3195.29,54.696323,-118.703347
100053507007W600,2025-07,CANADIAN NATURAL RESOURCES LIMITED,3674.94,55.103503,-118.963498
100061506308W600,2025-07,TOURMALINE OIL CORP.,3122.48,54.448773,-119.120573
100063507007W600,2025-07,CANADIAN NATURAL RESOURCES LIMITED,4096.04,55.103513,-118.955708
100070107005W600,2025-07,WHITECAP PARTNERSHIP,3568.49,55.03078,-118.621346
100073507007W600,2025-07,CANADIAN NATURAL RESOURCES LIMITED,4495.8,55.103496,-118.948325
100080707308W600,2025-07,CANADIAN NATURAL RESOURCES LIMITED,4648.73,55.306555,-119.207174
100081206605W600,2025-07,CANADIAN NATURAL RESOURCES LIMITED,3216.94,54.696007,-118.606178
100081406205W600,2025-07,WHITECAP RESOURCES INC.,2971.08,54.363068,-118.630624
100090808011W600,2025-07,KELT EXPLORATION LTD.,3277.08,55.922752,-119.672922
100091406205W600,2025-07,WHITECAP RESOURCES INC.,2979.91,54.365229,-118.630685
100092306504W600,2025-07,ARC RESOURCES LTD.,3302.73,54.641101,-118.480373
100093407909W600,2025-07,TOURMALINE OIL CORP.,3052.8199999999997,55.89156,-119.308277
100100906104W600,2025-07,TOURMALINE OIL CORP.,2951.87,54.26419,-118.536063
100101506308W600,2025-07,TOURMALINE OIL CORP.,2815.67,54.451378,-119.115995
100103306110W600,2025-07,SPOKE RESOURCES LTD.,73.44999999999982,54.3224,-119.4313
100122207107W600,2025-07,CANADIAN NATURAL RESOURCES LIMITED,4953.719999999999,55.165869,-118.999649
100131606306W600,2025-07,ORLEN UPSTREAM CANADA LTD.,3294.89,54.454722,-118.85482
100132006104W600,2025-07,TOURMALINE OIL CORP.,3288.78,54.295885,-118.56995
100140107005W600,2025-07,WHITECAP PARTNERSHIP,3418.38,55.036229,-118.625489
100143107408W602,2025-07,ARCHER EXPLORATION CORP.,2105.0,55.459978,-119.223699
100151508009W600,2025-07,TOURMALINE OIL CORP.,2211.06,55.940631,-119.314909
100152407911W600,2025-07,LOGAN ENERGY CORP.,3334.06,55.867462,-119.57639
100160808011W600,2025-07,KELT EXPLORATION LTD.,3510.4,55.92584,-119.672937
100161508009W600,2025-07,TOURMALINE OIL CORP.,2427.8900000000003,55.940647,-119.30764
100162107008W600,2025-07,ARCHER EXPLORATION CORP.,4160.71,55.081386,-119.145699
100163106004W600,2025-07,TOURMALINE OIL CORP.,3201.28,54.236579,-118.580497
102011806402W600,2025-07,WHITECAP PARTNERSHIP,3173.71,54.531848,-118.279331
102012606706W600,2025-07,OVINTIV CANADA ULC,4260.139999999999,54.822092,-118.790767
102020107005W600,2025-07,WHITECAP PARTNERSHIP,3858.26,55.028012,-118.619348
102022606706W600,2025-07,OVINTIV CANADA ULC,3860.45,54.822901,-118.799508
102063407909W600,2025-07,TOURMALINE OIL CORP.,3172.2200000000003,55.889864,-119.32131
102072107107W600,2025-07,CANADIAN NATURAL RESOURCES LIMITED,4025.24,55.160073,-119.009117
102080707308W600,2025-07,CANADIAN NATURAL RESOURCES LIMITED,4545.83,55.308101,-119.206945
102081406205W600,2025-07,WHITECAP RESOURCES INC.,3092.15,54.360835,-118.630746
102082107107W600,2025-07,CANADIAN NATURAL RESOURCES LIMITED,4390.91,55.162936,-119.004415
102082306504W600,2025-07,ARC RESOURCES LTD.,3342.12,54.638075,-118.480475
102092306504W600,2025-07,ARC RESOURCES LTD.,3370.61,54.642758,-118.480373
102120106306W600,2025-07,CENOVUS ENERGY INC.,2775.68,54.422246,-118.777627
102131606306W600,2025-07,ORLEN UPSTREAM CANADA LTD.,2971.7,54.454663,-118.854866
102152307808W600,2025-07,KELT EXPLORATION LTD.,3048.49,55.780169,-119.121465
103022606706W600,2025-07,OVINTIV CANADA ULC,3955.16,54.822085,-118.796643
103032606706W600,2025-07,OVINTIV CANADA ULC,4014.98,54.822974,-118.805576
103042606706W600,2025-07,OVINTIV CANADA ULC,4003.4,54.82302,-118.81089
103050606705W600,2025-07,CANADIAN NATURAL RESOURCES LIMITED,3048.15,54.76732,-118.761261
103080707308W600,2025-07,CANADIAN NATURAL RESOURCES LIMITED,4836.66,55.305097,-119.207152
103082306504W602,2025-07,ARC RESOURCES LTD.,3198.42,54.63958,-118.480308
103131606306W600,2025-07,ORLEN UPSTREAM CANADA LTD.,2493.81,54.457055,-118.854961
104042606706W600,2025-07,OVINTIV CANADA ULC,4028.43,54.822087,-118.80838
106161406205W600,2025-07,WHITECAP RESOURCES INC.,2949.53,54.367646,-118.630545
100011807207W600,2025-08,TAMARACK VALLEY ENERGY LTD.,4594.33,55.230696,-119.053235
100011807807W600,2025-08,KELT EXPLORATION LTD.,4453.22,55.752993,-119.062497
100012706308W600,2025-08,CENOVUS ENERGY INC.,3005.78,54.474218,-119.108743
100013006203W600,2025-08,ARC RESOURCES LTD.,3679.78,54.386165,-118.429885
100023006203W600,2025-08,ARC RESOURCES LTD.,3433.66,54.386644,-118.436994
100031306409W600,2025-08,TOURMALINE OIL CORP.,3087.54,54.532302,-119.226117
100033006203W600,2025-08,ARC RESOURCES LTD.,3403.06,54.386318,-118.442609
100033107109W600,2025-08,NUVISTA ENERGY LTD.,2848.81,55.185464,-119.374608
100040707307W600,2025-08,KELT EXPLORATION LTD.,3405.24,55.304256,-119.075171
100041808112W600,2025-08,STORM DEVELOPMENT CORP.,3103.44,56.015207,-119.877304
100042506004W600,2025-08,TOURMALINE OIL CORP.,3113.41,54.212152,-118.468857
100042606306W600,2025-08,ARC RESOURCES LTD.,3791.24,54.473853,-118.800837
100043006203W600,2025-08,ARC RESOURCES LTD.,3138.32,54.386731,-118.448094
100050707307W600,2025-08,KELT EXPLORATION LTD.,3409.47,55.30769,-119.075134
100051006908W600,2025-08,NUVISTA ENERGY LTD.,3605.34,54.958781,-119.143885
100051808112W600,2025-08,STORM DEVELOPMENT CORP.,3066.62,56.019158,-119.877455
100070906908W600,2025-08,NUVISTA ENERGY LTD.,4167.26,54.958757,-119.151404
100071807008W600,2025-08,OVINTIV CANADA ULC,2982.0,55.060883,-119.205975
100080206807W600,2025-08,NUVISTA ENERGY LTD.,3470.21,54.857411,-118.9447
100083006203W600,2025-08,ARC RESOURCES LTD.,3493.63,54.389996,-118.426893
100091007207W600,2025-08,KELT EXPLORATION LTD.,3055.04,55.224912,-118.979248
100091507008W600,2025-08,ARCHER EXPLORATION CORP.,4833.719999999999,55.064127,-119.120543
100091807008W600,2025-08,OVINTIV CANADA ULC,2873.95,55.064586,-119.197385
100091807207W600,2025-08,TAMARACK VALLEY ENERGY LTD.,4524.0,55.238163,-119.053234
100093006203W600,2025-08,ARC RESOURCES LTD.,2956.55,54.395303,-118.426844
100093006408W600,2025-08,CANADIAN NATURAL RESOURCES LIMITED,2919.29,54.567846,-119.186226
100102507911W600,2025-08,LOGAN ENERGY CORP.,3864.52,55.87848,-119.57359
100110107005W600,2025-08,WHITECAP PARTNERSHIP,3521.74,55.033509,-118.623549
100110206807W600,2025-08,NUVISTA ENERGY LTD.,4112.51,54.859015,-118.958365
100111507007W600,2025-08,CANADIAN NATURAL RESOURCES LIMITED,2340.0,55.063514,-118.982814
100123206403W600,2025-08,WHITECAP PARTNERSHIP,3418.48,54.584204,-118.4263
100130106306W600,2025-08,CENOVUS ENERGY INC.,2892.12,54.426714,-118.777627
100130507810W600,2025-08,TAQA NORTH LTD.,3251.51,55.736762,-119.523849
100132906403W600,2025-08,WHITECAP PARTNERSHIP,2380.24,54.571637,-118.42234
100140507810W600,2025-08,TAQA NORTH LTD.,3170.43,55.73676,-119.517692
100143107912W600,2025-08,BIRCHCLIFF ENERGY LTD.,1644.21,55.896458,-119.87131
100163006203W600,2025-08,ARC RESOURCES LTD.,2790.8,54.397522,-118.426873
100163006408W600,2025-08,CANADIAN NATURAL RESOURCES LIMITED,3106.84,54.572621,-119.186236
102011907008W600,2025-08,OVINTIV CANADA ULC,2534.4,55.069565,-119.199805
102033107109W600,2025-08,NUVISTA ENERGY LTD.,2948.77,55.18619,-119.375988
102040707307W600,2025-08,KELT EXPLORATION LTD.,3284.42,55.302477,-119.071041
102042506004W600,2025-08,TOURMALINE OIL CORP.,2946.89,54.212166,-118.46892
102050707307W600,2025-08,KELT EXPLORATION LTD.,3359.13,55.305949,-119.075122
102053206403W600,2025-08,WHITECAP PARTNERSHIP,3171.88,54.581071,-118.426207
102060206807W600,2025-08,NUVISTA ENERGY LTD.,3765.4,54.85644,-118.956042
102093006203W602,2025-08,ARC RESOURCES LTD.,3201.9,54.39314,-118.426853
102110206807W600,2025-08,NUVISTA ENERGY LTD.,4026.68,54.85924,-118.95452
102130507810W600,2025-08,TAQA NORTH LTD.,3608.45,55.736757,-119.523554
102132707008W600,2025-08,ARCHER EXPLORATION CORP.,4821.5599999999995,55.096262,-119.141493
102161807008W600,2025-08,OVINTIV CANADA ULC,2602.9,55.06811,-119.20053
103033107109W600,2025-08,NUVISTA ENERGY LTD.,3096.9,55.187156,-119.375683
103053206403W600,2025-08,WHITECAP PARTNERSHIP,3069.96,54.578449,-118.426328
103120707307W600,2025-08,KELT EXPLORATION LTD.,3560.28,55.309353,-119.075134
103130507810W600,2025-08,TAQA NORTH LTD.,3221.34,55.736755,-119.521798
104032606706W600,2025-08,OVINTIV CANADA ULC,4230.08,54.822097,-118.802573
104072507911W600,2025-08,LOGAN ENERGY CORP.,3344.6800000000003,55.87452,-119.573749
1S0021707008W600,2025-08,OVINTIV CANADA ULC,4150.08,55.05423,-119.182679
1S0031707008W600,2025-08,OVINTIV CANADA ULC,4047.35,55.054253,-119.185555
1S0041707008W600,2025-08,OVINTIV CANADA ULC,3867.49,55.054274,-119.191572
1S2031707008W600,2025-08,OVINTIV CANADA ULC,3894.85,55.054275,-119.188693
100012206306W600,2025-09,ARC RESOURCES LTD.,3166.77,54.460605,-118.807617
100013006408W600,2025-09,CANADIAN NATURAL RESOURCES LIMITED,3113.89,54.562955,-119.186222
100013606004W600,2025-09,TOURMALINE OIL CORP.,2331.67,54.227784,-118.452052
100033307008W600,2025-09,NUVISTA ENERGY LTD.,4130.16,55.101289,-119.163176
100040906408W600,2025-09,TOURMALINE OIL CORP.,1503.1,54.519433,-119.153281
100041607712W600,2025-09,BIRCHCLIFF ENERGY LTD.,2572.22,55.667144,-119.808322
100051607712W600,2025-09,BIRCHCLIFF ENERGY LTD.,2572.57,55.67031,-119.80823
100060906926W500,2025-09,LOGAN ENERGY CORP.,2822.96,54.956849,-117.905065
100061006908W600,2025-09,NUVISTA ENERGY LTD.,3535.02,54.95879,-119.137857
100071707526W500,2025-09,NORTHERN SMILODON ENERGY INC.,2218.35,55.495225,-117.991071
100082206306W600,2025-09,ARC RESOURCES LTD.,3181.83,54.464019,-118.807626
100091806504W600,2025-09,ARC RESOURCES LTD.,3639.14,54.627985,-118.581283
100092206306W600,2025-09,ARC RESOURCES LTD.,3145.96,54.467305,-118.807649
100100306208W603,2025-09,TOURMALINE OIL CORP.,1808.3000000000002,54.337393,-119.109944
100101807713W600,2025-09,ADVANTAGE ENERGY LTD.,5218.27,55.674511,-119.999546
100102507110W600,2025-09,NUVISTA ENERGY LTD.,3758.15,55.180854,-119.392738
100120707409W600,2025-09,TAMARACK VALLEY ENERGY LTD.,4928.29,55.397764,-119.383769
100121607712W600,2025-09,BIRCHCLIFF ENERGY LTD.,2876.92,55.673641,-119.808267
100130307409W600,2025-09,CANADIAN NATURAL RESOURCES LIMITED,4938.139999999999,55.387678,-119.306214
100131607712W600,2025-09,BIRCHCLIFF ENERGY LTD.,3305.49,55.676945,-119.808309
100131907909W600,2025-09,TOURMALINE OIL CORP.,3320.9300000000003,55.867783,-119.407729
100133007109W600,2025-09,NUVISTA ENERGY LTD.,3077.17,55.182646,-119.380987
100140307409W600,2025-09,CANADIAN NATURAL RESOURCES LIMITED,4968.969999999999,55.387665,-119.30056
100143007109W600,2025-09,NUVISTA ENERGY LTD.,2896.7,55.183542,-119.378122
100151006127W500,2025-09,LOGAN ENERGY CORP.,3309.82,54.268296,-117.959398
100151107708W600,2025-09,TEINE ENERGY LTD.,1638.9,55.664235,-119.119181
100162206306W600,2025-09,ARC RESOURCES LTD.,3291.34,54.472216,-118.807637
100162507110W600,2025-09,NUVISTA ENERGY LTD.,3601.09,55.181817,-119.389632
100163306605W600,2025-09,CANADIAN NATURAL RESOURCES LIMITED,3226.12,54.762179,-118.681857
102012206306W600,2025-09,ARC RESOURCES LTD.,3214.82,54.459116,-118.807701
102033307008W600,2025-09,NUVISTA ENERGY LTD.,4268.09,55.10002,-119.160756
102041907909W600,2025-09,TOURMALINE OIL CORP.,3845.15,55.855308,-119.407719
102051907909W600,2025-09,TOURMALINE OIL CORP.,3526.3900000000003,55.858772,-119.407541
102091806504W600,2025-09,ARC RESOURCES LTD.,3596.26,54.627495,-118.583702
102092206306W600,2025-09,ARC RESOURCES LTD.,3108.82,54.465718,-118.807671
102101806504W600,2025-09,ARC RESOURCES LTD.,3668.71,54.628888,-118.591371
102101807713W602,2025-09,ADVANTAGE ENERGY LTD.,5225.43,55.674658,-119.999572
102121907909W600,2025-09,TOURMALINE OIL CORP.,3317.94,55.863655,-119.407572
102131806504W600,2025-09,ARC RESOURCES LTD.,3980.39,54.629523,-118.601289
102143007109W600,2025-09,NUVISTA ENERGY LTD.,2844.02,55.184534,-119.375842
102162007707W600,2025-09,TEINE ENERGY LTD.,1525.68,55.691263,-119.036144
102162206306W600,2025-09,ARC RESOURCES LTD.,3276.1,54.47062,-118.807562
102163306605W600,2025-09,CANADIAN NATURAL RESOURCES LIMITED,3132.1,54.7606,-118.681876
103012007712W600,2025-09,BIRCHCLIFF ENERGY LTD.,4197.8,55.683065,-119.81308
103033307008W600,2025-09,NUVISTA ENERGY LTD.,4391.8,55.099203,-119.158993
103082007712W600,2025-09,BIRCHCLIFF ENERGY LTD.,4450.860000000001,55.684607,-119.811142
103082206306W600,2025-09,ARC RESOURCES LTD.,3123.99,54.462061,-118.807633
103101807713W600,2025-09,ADVANTAGE ENERGY LTD.,5019.46,55.672463,-119.999553
103131006004W600,2025-09,TOURMALINE OIL CORP.,3163.1,54.179772,-118.521951
103151006004W600,2025-09,TOURMALINE OIL CORP.,2119.92,54.179763,-118.506412
103162206306W600,2025-09,ARC RESOURCES LTD.,3283.04,54.468919,-118.80768
104033307008W600,2025-09,NUVISTA ENERGY LTD.,4519.5,55.09814,-119.157737
104053107610W600,2025-09,ADVANTAGE ENERGY LTD.,3068.9700000000003,55.627916,-119.549707
100020905727W503,2025-10,TOURMALINE OIL CORP.,2336.84,53.906434,-117.951397
100041706904W600,2025-10,WHITECAP PARTNERSHIP,3501.59,54.969479,-118.584403
100043106408W600,2025-10,CANADIAN NATURAL RESOURCES LIMITED,3531.94,54.574701,-119.203469
100060706105W600,2025-10,TOURMALINE OIL CORP.,3287.34,54.258403,-118.739574
100062406812W602,2025-10,CENOVUS ENERGY INC.,1761.66,54.900679,-119.696926
100070905727W500,2025-10,TOURMALINE OIL CORP.,2272.22,53.909312,-117.951436
100090506903W600,2025-10,WHITECAP PARTNERSHIP,3005.59,54.946811,-118.407762
100093306605W600,2025-10,CANADIAN NATURAL RESOURCES LIMITED,3094.61,54.758808,-118.681846
100100905727W502,2025-10,TOURMALINE OIL CORP.,2376.28,53.912395,-117.951461
100101806504W600,2025-10,ARC RESOURCES LTD.,3652.01,54.628644,-118.588956
100130406903W600,2025-10,WHITECAP PARTNERSHIP,2773.24,54.949515,-118.402313
100131106904W600,2025-10,WHITECAP PARTNERSHIP,3459.01,54.965101,-118.504488
100131806504W600,2025-10,ARC RESOURCES LTD.,3828.34,54.629138,-118.598821
100141806504W600,2025-10,ARC RESOURCES LTD.,3753.25,54.629099,-118.596364
102013106408W600,2025-10,CANADIAN NATURAL RESOURCES LIMITED,3678.42,54.574707,-119.186936
102021806504W600,2025-10,ARC RESOURCES LTD.,2608.31,54.618803,-118.586471
102023106408W602,2025-10,CANADIAN NATURAL RESOURCES LIMITED,3328.79,54.574689,-119.195196
102031806904W600,2025-10,WHITECAP PARTNERSHIP,3138.51,54.969722,-118.600949
102061407310W600,2025-10,ARCHER EXPLORATION CORP.,2250.0,55.32279,-119.428177
102061407509W600,2025-10,ARCHER EXPLORATION CORP.,393.55999999999995,55.497679,-119.280557
102071606105W600,2025-10,TOURMALINE OIL CORP.,2419.07,54.274202,-118.686394
102091007207W600,2025-10,KELT EXPLORATION LTD.,3280.24,55.2234,-118.97918
102101106904W600,2025-10,WHITECAP PARTNERSHIP,2986.98,54.961771,-118.493712
102123405727W500,2025-10,TOURMALINE OIL CORP.,2960.98,53.972402,-117.934837
102141306904W600,2025-10,WHITECAP PARTNERSHIP,2707.3,54.979891,-118.475979
102141806504W600,2025-10,ARC RESOURCES LTD.,3707.29,54.629157,-118.593842
103013306605W600,2025-10,CANADIAN NATURAL RESOURCES LIMITED,3672.98,54.751608,-118.681871
103021806904W600,2025-10,WHITECAP PARTNERSHIP,3194.56,54.969648,-118.595262
103041806904W600,2025-10,WHITECAP PARTNERSHIP,3100.23,54.970517,-118.60636
103091007207W600,2025-10,KELT EXPLORATION LTD.,3477.08,55.221751,-118.979253
103120406903W600,2025-10,WHITECAP PARTNERSHIP,2906.7,54.948122,-118.404639
103132907711W600,2025-10,INSIGNIA ENERGY LTD.,1705.5900000000001,55.707561,-119.678821
103141106904W600,2025-10,WHITECAP PARTNERSHIP,3228.16,54.963723,-118.497313
104011806904W600,2025-10,WHITECAP PARTNERSHIP,3325.09,54.96947,-118.589742
104132907711W600,2025-10,INSIGNIA ENERGY LTD.,1768.6,55.707479,-119.676275
104141106904W600,2025-10,WHITECAP PARTNERSHIP,3443.81,54.965675,-118.500793
100010405827W500,2025-11,TOURMALINE OIL CORP.,2565.62,53.979917,-117.942767
100010407006W600,2025-11,GOOSE CREEK RESOURCES LTD.,71.06999999999994,55.028742,-118.842353
100010707709W600,2025-11,ADVANTAGE ENERGY LTD.,4098.32,55.653926,-119.372671
100020307006W600,2025-11,GOOSE CREEK RESOURCES LTD.,1160.0,55.02727,-118.823992
100030107608W600,2025-11,TOURMALINE OIL CORP.,3069.81,55.549781,-119.1031
100040106204W600,2025-11,ARC RESOURCES LTD.,3438.65,54.328172,-118.473048
100041508013W600,2025-11,STORM DEVELOPMENT CORP.,4005.0699999999997,55.928213,-119.95566
100050106204W600,2025-11,ARC RESOURCES LTD.,3261.99,54.330938,-118.473107
100050307006W600,2025-11,GOOSE CREEK RESOURCES LTD.,1165.0,55.029824,-118.837563
100052407608W600,2025-11,TOURMALINE OIL CORP.,2622.0699999999997,55.59852,-119.108756
100061406204W600,2025-11,ARC RESOURCES LTD.,2286.89,54.361945,-118.492306
100071406204W600,2025-11,ARC RESOURCES LTD.,2252.54,54.361992,-118.486931
100080707709W600,2025-11,ADVANTAGE ENERGY LTD.,4193.21,55.657255,-119.372667
100092307811W600,2025-11,BIRCHCLIFF ENERGY LTD.,2223.87,55.774867,-119.579742
100131006308W600,2025-11,TOURMALINE OIL CORP.,2540.33,54.439997,-119.128231
100140907309W600,2025-11,TAMARACK VALLEY ENERGY LTD.,4564.95,55.314938,-119.32378
100150907309W600,2025-11,TAMARACK VALLEY ENERGY LTD.,4630.37,55.314879,-119.317376
100152806605W600,2025-11,OVINTIV CANADA ULC,3043.25,54.747891,-118.689382
100162806605W600,2025-11,OVINTIV CANADA ULC,3005.4,54.746936,-118.685876
100163305727W500,2025-11,TOURMALINE OIL CORP.,2374.27,53.976059,-117.943274
102011708012W600,2025-11,STORM DEVELOPMENT CORP.,3856.98,55.928319,-119.829459
102040106204W600,2025-11,ARC RESOURCES LTD.,3436.62,54.329523,-118.473218
102040107608W600,2025-11,TOURMALINE OIL CORP.,2602.48,55.549793,-119.110687
102041907507W600,2025-11,TAMARACK VALLEY ENERGY LTD.,3685.41,55.506121,-119.084301
102050106204W600,2025-11,ARC RESOURCES LTD.,3245.13,54.332502,-118.473121
102061406204W600,2025-11,ARC RESOURCES LTD.,2216.48,54.361997,-118.48949
102071406204W600,2025-11,ARC RESOURCES LTD.,2205.98,54.361961,-118.48416
102092807612W600,2025-11,ADVANTAGE ENERGY LTD.,3964.54,55.614965,-119.786366
102142107613W600,2025-11,ADVANTAGE ENERGY LTD.,1531.71,55.606558,-119.954024
102152806605W600,2025-11,OVINTIV CANADA ULC,3105.96,54.747891,-118.691066
102162807612W600,2025-11,ADVANTAGE ENERGY LTD.,3633.45,55.619558,-119.786323
103050106204W600,2025-11,ARC RESOURCES LTD.,3340.79,54.333989,-118.473181
103062407608W600,2025-11,TOURMALINE OIL CORP.,3055.66,55.598515,-119.101065
103082307811W600,2025-11,BIRCHCLIFF ENERGY LTD.,2375.98,55.770856,-119.579787
103152806605W600,2025-11,OVINTIV CANADA ULC,3128.08,54.747879,-118.688483
104082307811W600,2025-11,BIRCHCLIFF ENERGY LTD.,2294.18,55.772738,-119.579776
104142806605W600,2025-11,OVINTIV CANADA ULC,3225.13,54.747885,-118.696524
100022307809W600,2025-12,TOURMALINE OIL CORP.,3359.96,55.767701,-119.277505
100032307809W600,2025-12,TOURMALINE OIL CORP.,3410.21,55.7677,-119.28445
100042106812W600,2025-12,CENOVUS ENERGY INC.,3428.1,54.895841,-119.778145
100042307809W600,2025-12,TOURMALINE OIL CORP.,3683.1099999999997,55.767699,-119.291225
100052106812W600,2025-12,CENOVUS ENERGY INC.,3162.06,54.899427,-119.778187
100052506107W600,2025-12,TOURMALINE OIL CORP.,2681.41,54.303231,-118.921697
100071506308W600,2025-12,TOURMALINE OIL CORP.,2759.05,54.447721,-119.116076
100151006308W600,2025-12,TOURMALINE OIL CORP.,2881.73,54.442864,-119.117734
100153107209W600,2025-12,OVINTIV CANADA ULC,3767.27,55.285825,-119.369483
102013607809W600,2025-12,TOURMALINE OIL CORP.,2187.79,55.797678,-119.241777
102122106812W600,2025-12,CENOVUS ENERGY INC.,3224.8,54.903014,-119.778182
102132106812W600,2025-12,CENOVUS ENERGY INC.,3487.96,54.906603,-119.778185
102162506107W600,2025-12,TOURMALINE OIL CORP.,2253.32,54.309125,-118.905609
103020406708W600,2025-12,WHITECAP RESOURCES INC.,2181.4700000000003,54.767064,-119.153686
103162807612W600,2025-12,ADVANTAGE ENERGY LTD.,3608.89,55.619811,-119.786296
104020406708W602,2025-12,WHITECAP RESOURCES INC.,2337.63,54.764591,-119.153715
104153107209W600,2025-12,OVINTIV CANADA ULC,3802.29,55.28582,-119.371804
105123107209W600,2025-12,OVINTIV CANADA ULC,3896.38,55.283043,-119.382626
105143107209W600,2025-12,OVINTIV CANADA ULC,3834.77,55.285815,-119.373973
106123107209W600,2025-12,OVINTIV CANADA ULC,3821.1,55.281758,-119.382701
108133107209W600,2025-12,OVINTIV CANADA ULC,4093.16,55.285809,-119.381066
111133107209W600,2025-12,OVINTIV CANADA ULC,3925.53,55.285813,-119.378623
112133107209W600,2025-12,OVINTIV CANADA ULC,4009.09,55.285604,-119.382736
100012405702W600,2026-01,TOURMALINE OIL CORP.,2993.55,53.935573,-118.151481
100013306804W600,2026-01,WHITECAP PARTNERSHIP,3435.62,54.924076,-118.535664
100021606906W600,2026-01,CANADIAN NATURAL RESOURCES LIMITED,44.69999999999982,54.970228,-118.849874
100031407511W600,2026-01,CANADIAN NATURAL RESOURCES LIMITED,3295.37,55.491648,-119.591157
100040906909W600,2026-01,SINOPEC CANADA ENERGY LTD.,1677.3600000000001,54.954585,-119.32093
100041407511W600,2026-01,CANADIAN NATURAL RESOURCES LIMITED,3390.08,55.491576,-119.601386
100042105701W600,2026-01,TOURMALINE OIL CORP.,3797.19,53.937283,-118.096362
100042207613W600,2026-01,ADVANTAGE ENERGY LTD.,3713.15,55.59546,-119.936285
100050107610W600,2026-01,WHITECAP RESOURCES INC.,3206.6400000000003,55.554083,-119.420612
100051907208W600,2026-01,TAMARACK VALLEY ENERGY LTD.,3995.73,55.249158,-119.228914
100052105701W600,2026-01,TOURMALINE OIL CORP.,3445.71,53.940284,-118.096437
100081206906W604,2026-01,CANADIAN NATURAL RESOURCES LIMITED,2105.0,54.959145,-118.769156
100081407611W600,2026-01,ADVANTAGE ENERGY LTD.,3344.95,55.583821,-119.579427
100082405702W602,2026-01,TOURMALINE OIL CORP.,2797.99,53.940427,-118.15152
100083306804W600,2026-01,WHITECAP PARTNERSHIP,3315.45,54.930395,-118.535595
100091407611W600,2026-01,ADVANTAGE ENERGY LTD.,3459.27,55.588074,-119.579447
100092507308W600,2026-01,CANADIAN NATURAL RESOURCES LIMITED,5004.48,55.354219,-119.078973
100093306804W600,2026-01,WHITECAP PARTNERSHIP,3380.0,54.933623,-118.535528
100121907208W600,2026-01,TAMARACK VALLEY ENERGY LTD.,3909.05,55.252867,-119.228966
100122105701W600,2026-01,TOURMALINE OIL CORP.,3617.39,53.943256,-118.09642
100140406906W600,2026-01,CANADIAN NATURAL RESOURCES LIMITED,1485.0,54.948875,-118.858431
100141507613W600,2026-01,ADVANTAGE ENERGY LTD.,3470.27,55.591288,-119.931595
100161006101W600,2026-01,LOGAN ENERGY CORP.,0.5500000000001819,54.265138,-118.054259
100162405702W600,2026-01,TOURMALINE OIL CORP.,2803.3,53.945155,-118.15151
100162507308W600,2026-01,CANADIAN NATURAL RESOURCES LIMITED,5288.92,55.357798,-119.078992
100163306804W600,2026-01,WHITECAP PARTNERSHIP,3378.76,54.93666,-118.536702
102031407511W600,2026-01,CANADIAN NATURAL RESOURCES LIMITED,3291.37,55.49158,-119.596234
102040107610W600,2026-01,WHITECAP RESOURCES INC.,3280.48,55.550524,-119.420617
102042207613W600,2026-01,ADVANTAGE ENERGY LTD.,3826.46,55.595307,-119.936982
102070406708W600,2026-01,WHITECAP RESOURCES INC.,2286.79,54.76953,-119.153516
102083306804W600,2026-01,WHITECAP PARTNERSHIP,3343.51,54.927338,-118.535503
102150908111W602,2026-01,TOURMALINE OIL CORP.,2363.35,56.012457,-119.657613
100012506403W600,2026-02,WHITECAP PARTNERSHIP,3498.11,54.562461,-118.304136
100012606709W600,2026-02,WHITECAP RESOURCES INC.,3233.51,54.822636,-119.248255
100022606709W600,2026-02,WHITECAP RESOURCES INC.,3594.15,54.822648,-119.256786
100041905901W600,2026-02,TOURMALINE OIL CORP.,2044.85,54.111274,-118.14593
100052207613W602,2026-02,ADVANTAGE ENERGY LTD.,4212.610000000001,55.599272,-119.935452
100062607107W600,2026-02,CANADIAN NATURAL RESOURCES LIMITED,4381.110000000001,55.175391,-118.965197
100082506403W600,2026-02,WHITECAP PARTNERSHIP,3671.3,54.564961,-118.304365
100092506403W600,2026-02,WHITECAP PARTNERSHIP,3712.33,54.567371,-118.304166
100092807107W600,2026-02,CANADIAN NATURAL RESOURCES LIMITED,3085.21,55.179577,-119.003842
100100906408W600,2026-02,CENOVUS ENERGY INC.,2093.78,54.525262,-119.144823
100112307107W600,2026-02,CANADIAN NATURAL RESOURCES LIMITED,5162.67,55.163696,-118.964308
100120906408W600,2026-02,CENOVUS ENERGY INC.,2356.86,54.525491,-119.152395
100122407911W600,2026-02,LOGAN ENERGY CORP.,2912.8900000000003,55.863359,-119.589076
100122907110W600,2026-02,CANADIAN NATURAL RESOURCES LIMITED,1821.3600000000001,55.178024,-119.511914
100130708110W600,2026-02,CANADIAN NATURAL RESOURCES LIMITED,3210.6099999999997,56.013344,-119.563909
100131407212W602,2026-02,BIRCHCLIFF ENERGY LTD.,2946.45,55.240369,-119.742322
100132105901W602,2026-02,TOURMALINE OIL CORP.,2057.05,54.120806,-118.094136
100132907008W600,2026-02,OVINTIV CANADA ULC,3586.4,55.097042,-119.195351
100142907008W600,2026-02,OVINTIV CANADA ULC,3362.93,55.096951,-119.188485
100163007008W600,2026-02,OVINTIV CANADA ULC,3879.14,55.097036,-119.199933
102012506403W600,2026-02,WHITECAP PARTNERSHIP,3389.69,54.559997,-118.304244
102012606709W600,2026-02,WHITECAP RESOURCES INC.,3463.33,54.822683,-119.252422
102090906408W600,2026-02,CENOVUS ENERGY INC.,2025.8000000000002,54.525264,-119.136805
102121905901W603,2026-02,TOURMALINE OIL CORP.,1753.23,54.117355,-118.144004
102132907008W600,2026-02,OVINTIV CANADA ULC,3478.39,55.097034,-119.192859
102151507613W600,2026-02,ADVANTAGE ENERGY LTD.,2881.29,55.591236,-119.920788
102163007008W600,2026-02,OVINTIV CANADA ULC,3759.78,55.097163,-119.198141
103132907008W600,2026-02,OVINTIV CANADA ULC,3400.2,55.097085,-119.190568
105022707107W600,2026-02,CANADIAN NATURAL RESOURCES LIMITED,3521.72,55.174171,-118.983172
1S0032607107W600,2026-02,CANADIAN NATURAL RESOURCES LIMITED,4612.92,55.170722,-118.96495
100010307208W600,2026-03,CANADIAN NATURAL RESOURCES LIMITED,3640.35,55.20019,-119.133685
100012805801W600,2026-03,TOURMALINE OIL CORP.,2799.22,54.037565,-118.077163
100020705802W600,2026-03,TOURMALINE OIL CORP.,3547.49,53.9937,-118.281713
100022207207W600,2026-03,KELT EXPLORATION LTD.,3860.21,55.244243,-118.985603
100032207207W600,2026-03,KELT EXPLORATION LTD.,3745.13,55.246086,-118.992042
100033006603W600,2026-03,WHITECAP PARTNERSHIP,3602.39,54.736323,-118.445943
100041906908W600,2026-03,SINOPEC CANADA ENERGY LTD.,3933.29,54.9827,-119.218787
100042707610W600,2026-03,ADVANTAGE ENERGY LTD.,3398.38,55.607927,-119.471901
100051707408W600,2026-03,TAMARACK VALLEY ENERGY LTD.,4735.02,55.408951,-119.203348
100053006603W600,2026-03,WHITECAP PARTNERSHIP,3766.76,54.738162,-118.449327
100070705802W600,2026-03,TOURMALINE OIL CORP.,3356.56,53.998557,-118.281889
100071907606W600,2026-03,CANADIAN NATURAL RESOURCES LIMITED,4416.57,55.596444,-118.915151
100082506804W602,2026-03,WHITECAP PARTNERSHIP,2297.31,54.912988,-118.459453
100082805801W600,2026-03,TOURMALINE OIL CORP.,2736.93,54.040364,-118.077214
100083107408W600,2026-03,KELT EXPLORATION LTD.,859.8499999999999,55.453907,-119.207078
100092805801W600,2026-03,TOURMALINE OIL CORP.,2677.7,54.043296,-118.077152
100123606609W600,2026-03,WHITECAP RESOURCES INC.,3056.16,54.759496,-119.232081
100131707513W600,2026-03,ADVANTAGE ENERGY LTD.,3328.55,55.502069,-119.98954
100150705802W600,2026-03,TOURMALINE OIL CORP.,3483.33,54.003161,-118.281987
100151907606W600,2026-03,CANADIAN NATURAL RESOURCES LIMITED,4717.45,55.603246,-118.915871
100153406110W600,2026-03,G2B DEVELOPMENT CORPORATION,98.25,54.323725,-119.406837
100160106101W600,2026-03,LOGAN ENERGY CORP.,14.2800000000002,54.252949,-118.002564
100161807606W600,2026-03,CANADIAN NATURAL RESOURCES LIMITED,5024.26,55.59049,-118.907341
102012406807W600,2026-03,OVINTIV CANADA ULC,3757.38,54.895086,-118.917338
102021907513W600,2026-03,ADVANTAGE ENERGY LTD.,3685.41,55.507783,-119.999613
102022207207W600,2026-03,KELT EXPLORATION LTD.,4030.18,55.244286,-118.982507
102030107710W600,2026-03,ADVANTAGE ENERGY LTD.,3178.17,55.637312,-119.41228
102032207207W600,2026-03,KELT EXPLORATION LTD.,3842.37,55.244245,-118.988873
102033006603W600,2026-03,WHITECAP PARTNERSHIP,3536.09,54.734632,-118.442886
102040307006W600,2026-03,GOOSE CREEK RESOURCES LTD.,82.73000000000002,55.02747,-118.833304
102041707408W600,2026-03,TAMARACK VALLEY ENERGY LTD.,5099.6900000000005,55.404753,-119.203357
102042707610W600,2026-03,ADVANTAGE ENERGY LTD.,3349.76,55.60792,-119.470807
102102007508W600,2026-03,WHITECAP RESOURCES INC.,4.070000000000164,55.515501,-119.202534
102113306608W600,2026-03,WHITECAP RESOURCES INC.,2494.35,54.759351,-119.146995
102161306807W600,2026-03,OVINTIV CANADA ULC,4012.17,54.893695,-118.918269
103010307208W600,2026-03,CANADIAN NATURAL RESOURCES LIMITED,3728.4,55.200314,-119.1309
103071907513W600,2026-03,ADVANTAGE ENERGY LTD.,4073.51,55.51164,-119.999477
103113306608W600,2026-03,WHITECAP RESOURCES INC.,2481.25,54.757023,-119.147172
100011308305W600,2026-04,SAND HILLS DIV CORP LTD.,1762.53,56.190775,-118.633993
100020307208W600,2026-04,CANADIAN NATURAL RESOURCES LIMITED,3595.66,55.200234,-119.136134
100021506908W600,2026-04,SINOPEC CANADA ENERGY LTD.,3880.66,54.968292,-119.129101
100040907307W600,2026-04,TAMARACK VALLEY ENERGY LTD.,4234.78,55.302477,-119.023855
100041506908W600,2026-04,SINOPEC CANADA ENERGY LTD.,3892.03,54.968309,-119.138708
100050306907W600,2026-04,OVINTIV CANADA ULC,3294.21,54.942702,-118.991675
100082107307W602,2026-04,TAMARACK VALLEY ENERGY LTD.,1431.65,55.335512,-119.005677
100101907513W602,2026-04,ADVANTAGE ENERGY LTD.,4191.91,55.514059,-119.99955
100120306907W600,2026-04,OVINTIV CANADA ULC,4179.55,54.948145,-118.991574
100121608213W602,2026-04,BONTERRA ENERGY CORP.,,56.110991,-119.98127
102030307208W600,2026-04,CANADIAN NATURAL RESOURCES LIMITED,3809.35,55.200242,-119.141519
102031807107W600,2026-04,CANADIAN NATURAL RESOURCES LIMITED,2826.92,55.143718,-119.064147
102050306907W600,2026-04,OVINTIV CANADA ULC,3557.28,54.944449,-118.991633
102053307007W600,2026-04,CANADIAN NATURAL RESOURCES LIMITED,2797.95,55.103011,-119.015043
102120306907W600,2026-04,OVINTIV CANADA ULC,3875.73,54.946349,-118.991512
103092406807W600,2026-04,OVINTIV CANADA ULC,3105.59,54.902591,-118.91734
104012406807W600,2026-04,OVINTIV CANADA ULC,3494.44,54.897051,-118.917556
104020307208W600,2026-04,CANADIAN NATURAL RESOURCES LIMITED,3618.8,55.200289,-119.138921
104082406807W600,2026-04,OVINTIV CANADA ULC,3299.59,54.898794,-118.917339
105082406807W600,2026-04,OVINTIV CANADA ULC,3147.59,54.90069,-118.91747
100012706608W600,2026-05,CENOVUS ENERGY INC.,3183.19,54.735651,-119.11417
100022706608W600,2026-05,CENOVUS ENERGY INC.,3161.33,54.735644,-119.118307
100032606804W600,2026-05,WHITECAP PARTNERSHIP,2720.73,54.910799,-118.500585
100052606804W600,2026-05,WHITECAP PARTNERSHIP,2561.64,54.913827,-118.505292
100090207407W600,2026-05,ARCHER EXPLORATION CORP.,3124.65,55.384079,-118.950602
100111607108W600,2026-05,OVINTIV CANADA ULC,3254.13,55.149158,-119.169083
100162907007W600,2026-05,CANADIAN NATURAL RESOURCES LIMITED,3382.04,55.096923,-119.020965
102022606804W600,2026-05,WHITECAP PARTNERSHIP,2688.88,54.910579,-118.495659
102032706608W600,2026-05,CENOVUS ENERGY INC.,3194.83,54.735649,-119.122563
102033207210W600,2026-05,CANADIAN NATURAL RESOURCES LIMITED,3975.46,55.272858,-119.502777
102080307108W600,2026-05,OVINTIV CANADA ULC,2585.08,55.11932,-119.132677
102081707108W600,2026-05,OVINTIV CANADA ULC,3513.42,55.148668,-119.182041
102090307108W600,2026-05,OVINTIV CANADA ULC,2628.58,55.120886,-119.130119
102121607108W600,2026-05,OVINTIV CANADA ULC,3358.37,55.149214,-119.173626
103012706608W600,2026-05,CENOVUS ENERGY INC.,3254.65,54.735646,-119.11005
103013107210W600,2026-05,CANADIAN NATURAL RESOURCES LIMITED,3387.53,55.272831,-119.517372
103022606804W600,2026-05,WHITECAP PARTNERSHIP,2824.53,54.910774,-118.491421
103023207210W600,2026-05,CANADIAN NATURAL RESOURCES LIMITED,4573.0,55.27281,-119.495344
103080307108W600,2026-05,OVINTIV CANADA ULC,2792.14,55.11817,-119.130176
103101607108W600,2026-05,OVINTIV CANADA ULC,3133.65,55.149521,-119.164837
103121607108W600,2026-05,OVINTIV CANADA ULC,3545.6,55.14918,-119.178504
103142907711W600,2026-05,INSIGNIA ENERGY LTD.,1595.79,55.707441,-119.673438
104043207210W600,2026-05,CANADIAN NATURAL RESOURCES LIMITED,3728.24,55.272819,-119.509964
104142907711W600,2026-05,INSIGNIA ENERGY LTD.,1677.0700000000002,55.707462,-119.670713
100011907807W600,2026-06,GRIZZLY RESOURCES LTD.,1709.37,55.769831,-119.06106
100023107508W600,2026-06,CANADIAN NATURAL RESOURCES LIMITED,4953.8,55.535093,-119.226662
100033107508W600,2026-06,CANADIAN NATURAL RESOURCES LIMITED,4712.65,55.535086,-119.232952
100041907807W600,2026-06,GRIZZLY RESOURCES LTD.,1981.02,55.767646,-119.08455
100043006706W600,2026-06,OVINTIV CANADA ULC,4862.639999999999,54.82448,-118.909909
100043107508W600,2026-06,CANADIAN NATURAL RESOURCES LIMITED,4902.14,55.535078,-119.239194
100053006706W600,2026-06,OVINTIV CANADA ULC,4623.25,54.825976,-118.909929
100062607007W600,2026-06,CANADIAN NATURAL RESOURCES LIMITED,2328.9,55.088599,-118.95746
100080808011W600,2026-06,KELT EXPLORATION LTD.,3197.3199999999997,55.919668,-119.672501
100091206605W600,2026-06,CANADIAN NATURAL RESOURCES LIMITED,3188.81,54.699166,-118.606941
100123006706W600,2026-06,OVINTIV CANADA ULC,4415.37,54.83004,-118.909952
100131906706W600,2026-06,OVINTIV CANADA ULC,5359.41,54.821192,-118.909852
100131907711W600,2026-06,INSIGNIA ENERGY LTD.,2437.06,55.692814,-119.704645
100133006706W600,2026-06,OVINTIV CANADA ULC,4078.18,54.833296,-118.909919
100152207303W600,2026-06,RUSH RESOURCES LTD.,729.0799999999999,55.342742,-118.371881
102013107508W600,2026-06,CANADIAN NATURAL RESOURCES LIMITED,5380.24,55.535099,-119.218461
102043006706W600,2026-06,OVINTIV CANADA ULC,5065.15,54.822763,-118.909954
102081907807W602,2026-06,GRIZZLY RESOURCES LTD.,1527.57,55.771648,-119.061197
102123006706W600,2026-06,OVINTIV CANADA ULC,4008.9,54.831787,-118.909943
102153007613W600,2026-06,ADVANTAGE ENERGY LTD.,3804.27,55.618961,-119.999513
103103007613W600,2026-06,ADVANTAGE ENERGY LTD.,3316.2,55.614488,-119.999522
106161206605W600,2026-06,CANADIAN NATURAL RESOURCES LIMITED,3367.8199999999997,54.702319,-118.606028
