wa_num,operator,well_name,formation,td_m,start,is_montney,lat,lon
34508,OVV,OVV  HZ SWAN LAKE B01-15-077-14,MONTNEY,7086.0,2021-09-01 07:00:00,True,55.66834490403091,-120.07472191384959
34506,OVV,OVV  HZ SWAN LAKE  01-15-077-14,MONTNEY,5202.0,2021-09-01 07:00:00,True,55.66867551937917,-120.07525951191067
34509,OVV,OVV  HZ SWAN LAKE C01-15-077-14,MONTNEY,7168.0,2021-09-01 07:00:00,True,55.66827878221707,-120.07461438197093
34504,OVV,OVV  HZ SWAN LAKE A08-15-077-14,MONTNEY,6666.0,2021-09-01 07:00:00,True,55.66880777000407,-120.07547456310364
34507,OVV,OVV  HZ SWAN LAKE A01-15-077-14,MONTNEY,6881.0,2021-09-01 07:00:00,True,55.66841102500481,-120.07482943020943
34505,OVV,OVV  HZ SWAN LAKE B08-15-077-14,MONTNEY,5024.0,2021-09-01 07:00:00,True,55.66874088644497,-120.07536708649448
41439,ARCRES,ARCRES  HZ DOE G07-02-080-15,MONTNEY,5652.0,2021-09-09 07:00:00,True,55.90352809238109,-120.23040726042426
41432,ARCRES,ARCRES  HZ DOE  07-02-080-15,MONTNEY,4992.0,2021-09-09 07:00:00,True,55.903935809405255,-120.23033470693548
41436,ARCRES,ARCRES  HZ DOE D07-02-080-15,MONTNEY,6319.0,2021-09-09 07:00:00,True,55.903797498384655,-120.23040674114408
41433,ARCRES,ARCRES  HZ DOE A07-02-080-15,MONTNEY,4812.0,2021-09-09 07:00:00,True,55.90406690440969,-120.23040622185685
41434,ARCRES,ARCRES  HZ DOE B07-02-080-15,MONTNEY,5139.0,2021-09-09 07:00:00,True,55.903977108947636,-120.23040639399659
41437,ARCRES,ARCRES  HZ DOE E07-02-080-15,MONTNEY,6192.0,2021-09-09 07:00:00,True,55.90370769399971,-120.23040691458618
41440,ARCRES,ARCRES  HZ DOE H07-02-080-15,MONTNEY,5460.0,2021-09-09 07:00:00,True,55.903217369006285,-120.23033609654557
41435,ARCRES,ARCRES  HZ DOE C07-02-080-15,MONTNEY,4976.0,2021-09-09 07:00:00,True,55.903666423660304,-120.23033535560164
41438,ARCRES,ARCRES  HZ DOE F07-02-080-15,MONTNEY,6077.0,2021-09-09 07:00:00,True,55.9033969781346,-120.23033573803174
42373,VERMILION,VERMILION  HZ MICA B09-33-081-14,MONTNEY,4476.0,2021-09-18 07:00:00,True,56.06597113655881,-120.11595188358656
42374,VERMILION,VERMILION  HZ MICA C09-33-081-14,MONTNEY,4648.0,2021-09-18 07:00:00,True,56.066060940480355,-120.1159518853886
41547,CNRL,CNRL  HZ NIG CREEK C-J058-G/094-H-04,MONTNEY,4800.0,2021-09-18 07:00:00,True,57.13183525400186,-121.72496461134276
42372,VERMILION,VERMILION  HZ MICA A09-33-081-14,MONTNEY,4712.0,2021-09-18 07:00:00,True,56.065881333533035,-120.11595188165093
41546,CNRL,CNRL  HZ NIG CREEK C-I058-G/094-H-04,MONTNEY,4450.0,2021-09-18 07:00:00,True,57.13186086260893,-121.72489680420506
41548,CNRL,CNRL  HZ NIG CREEK C-K058-G/094-H-04,MONTNEY,4167.0,2021-09-18 07:00:00,True,57.13180964530593,-121.725032416739
41545,CNRL,CNRL  HZ NIG CREEK C-H058-G/094-H-04,MONTNEY,4820.0,2021-09-18 07:00:00,True,57.13188647128954,-121.72482900027876
32514,CNRL,CNRL  HZ NIG CREEK A-A091-A/094-H-04,MONTNEY,4361.0,2021-09-25 07:00:00,True,57.07708769594885,-121.5039883993453
32515,CNRL,CNRL  HZ NIG CREEK A- 091-A/094-H-04,MONTNEY,4308.0,2021-09-25 07:00:00,True,57.07646750077624,-121.50311860290346
31831,TOURMALINE,TOURMALINE ET AL HZ LAPRISE C-L076-D/094-H-05,MONTNEY,4722.0,2021-09-27 07:00:00,True,57.31602085450325,-121.94617142974899
31832,TOURMALINE,TOURMALINE ET AL HZ LAPRISE C-M076-D/094-H-05,MONTNEY,4433.0,2021-09-27 07:00:00,True,57.31598499838374,-121.94621941163416
42032,TOURMALINE,TOURMALINE ET AL HZ LAPRISE CREEK C-O076-D/094-H-05,MONTNEY,4162.0,2021-09-27 07:00:00,True,57.315913303947845,-121.94631537157274
37903,TOURMALINE,TOURMALINE ET AL HZ LAPRISE C-N076-D/094-H-05,MONTNEY,4325.0,2021-09-27 07:00:00,True,57.315949151199696,-121.94626739247808
42375,VERMILION,VERMILION  HZ MICA D09-33-081-14,MONTNEY,4637.0,2021-09-29 07:00:00,True,56.06615074433033,-120.11595188558691
36473,TOURMALINE,TOURMALINE  HZ GUNDY CREEK B-R035-A/094-B-16,MONTNEY,3905.0,2021-10-01 07:00:00,True,56.776629400533544,-122.0621480696583
40622,TOURMALINE,TOURMALINE  HZ TOWN B-V035-A/094-B-16,MONTNEY,3524.0,2021-10-01 07:00:00,True,56.776707424542394,-122.06185838712229
40624,TOURMALINE,TOURMALINE  HZ TOWN B-X035-A/094-B-16,MONTNEY,4565.0,2021-10-01 07:00:00,True,56.776698982126334,-122.06188973783601
36476,TOURMALINE,TOURMALINE  HZ GUNDY CREEK B-U035-A/094-B-16,MONTNEY,3537.0,2021-10-01 07:00:00,True,56.776687916462954,-122.0619308113661
36475,TOURMALINE,TOURMALINE  HZ GUNDY CREEK B-T035-A/094-B-16,MONTNEY,3618.0,2021-10-01 07:00:00,True,56.77666841734245,-122.06200323626197
40623,TOURMALINE,TOURMALINE  HZ TOWN B-W035-A/094-B-16,MONTNEY,3633.0,2021-10-01 07:00:00,True,56.77672693253176,-122.06178596116929
36474,TOURMALINE,TOURMALINE  HZ GUNDY CREEK B-S035-A/094-B-16,MONTNEY,3755.0,2021-10-01 07:00:00,True,56.776648908287456,-122.06207566045093
40625,TOURMALINE,TOURMALINE  HZ TOWN B-Y035-A/094-B-16,MONTNEY,3986.0,2021-10-01 07:00:00,True,56.77676594933429,-122.06164111058942
30714,PETRONAS,PETRONAS  HZ TOWN A-E040-I/094-B-16,MONTNEY,5530.0,2021-10-12 07:00:00,True,56.944010401095774,-122.11455619734839
30715,PETRONAS,PETRONAS  HZ TOWN A-F040-I/094-B-16,MONTNEY,5296.0,2021-10-12 07:00:00,True,56.94406696844101,-122.11449464505216
30713,PETRONAS,PETRONAS  HZ TOWN A-D040-I/094-B-16,MONTNEY,5525.0,2021-10-12 07:00:00,True,56.94395383327107,-122.1146177643452
30712,PETRONAS,PETRONAS  HZ TOWN A-C040-I/094-B-16,MONTNEY,5619.0,2021-10-12 07:00:00,True,56.94389726845863,-122.11467931272246
30716,PETRONAS,PETRONAS  HZ TOWN A-G040-I/094-B-16,MONTNEY,1984.0,2021-10-12 07:00:00,True,56.9441235268085,-122.11443309347827
39066,TOURMALINE,TOURMALINE  HZ TOWN B-C005-A/094-B-16,MONTNEY,3979.0,2021-10-20 07:00:00,True,56.750676100258815,-122.06342487703186
39070,TOURMALINE,TOURMALINE  HZ TOWN B-G005-A/094-B-16,MONTNEY,3792.0,2021-10-20 07:00:00,True,56.75057976160428,-122.06369531944532
39072,TOURMALINE,TOURMALINE  HZ TOWN B-I005-A/094-B-16,MONTNEY,3887.0,2021-10-20 07:00:00,True,56.7505315963184,-122.06383054709639
39067,TOURMALINE,TOURMALINE  HZ TOWN B-D005-A/094-B-16,MONTNEY,4030.0,2021-10-20 07:00:00,True,56.75050533769513,-122.06391058536028
39064,TOURMALINE,TOURMALINE  HZ TOWN B-A005-A/094-B-16,MONTNEY,4168.0,2021-10-20 07:00:00,True,56.750724264229774,-122.06328964846318
39074,TOURMALINE,TOURMALINE  HZ TOWN B-K005-A/094-B-16,MONTNEY,3996.0,2021-10-20 07:00:00,True,56.75048343178742,-122.0639657743202
39071,TOURMALINE,TOURMALINE  HZ TOWN B-H005-A/094-B-16,MONTNEY,3994.0,2021-10-20 07:00:00,True,56.7505556794263,-122.06376293326737
39068,TOURMALINE,TOURMALINE  HZ TOWN B-E005-A/094-B-16,MONTNEY,3855.0,2021-10-20 07:00:00,True,56.75062793530269,-122.06356010699055
39063,TOURMALINE,TOURMALINE  HZ TOWN B- 005-A/094-B-16,MONTNEY,4227.0,2021-10-20 07:00:00,True,56.75074835511207,-122.06322203314251
39069,TOURMALINE,TOURMALINE  HZ TOWN B-F005-A/094-B-16,MONTNEY,3929.0,2021-10-20 07:00:00,True,56.750603843747285,-122.06362770553922
39073,TOURMALINE,TOURMALINE  HZ TOWN B-J005-A/094-B-16,MONTNEY,3919.0,2021-10-20 07:00:00,True,56.75050751407043,-122.0638981607503
39065,TOURMALINE,TOURMALINE  HZ TOWN B-B005-A/094-B-16,MONTNEY,4105.0,2021-10-20 07:00:00,True,56.7507001822618,-122.06335726278957
40655,PETRONAS,PETRONAS  HZ BUBBLES NORTH A-D068-B/094-G-08,MONTNEY,4894.0,2021-10-22 07:00:00,True,57.29997151029852,-122.2164246993436
40654,PETRONAS,PETRONAS  HZ BUBBLES NORTH A-C068-B/094-G-08,MONTNEY,4816.0,2021-10-22 07:00:00,True,57.3000373107635,-122.21643143159072
40653,PETRONAS,PETRONAS  HZ BUBBLES NORTH A-B068-B/094-G-08,MONTNEY,4959.0,2021-10-22 07:00:00,True,57.300103021502444,-122.21643816610008
33094,TOURMALINE,TOURMALINE  HZ WILDER I04-21-082-19,MONTNEY,5150.0,2021-10-22 07:00:00,True,56.11805428100649,-120.91788941463811
33091,TOURMALINE,TOURMALINE  HZ WILDER F04-21-082-19,MONTNEY,4532.0,2021-10-22 07:00:00,True,56.11796947305741,-120.918270173169
40656,PETRONAS,PETRONAS  HZ BUBBLES NORTH A-E068-B/094-G-08,MONTNEY,4956.0,2021-10-22 07:00:00,True,57.299905798357265,-122.21641779863849
33092,TOURMALINE,TOURMALINE  HZ WILDER G04-21-082-19,MONTNEY,5395.0,2021-10-22 07:00:00,True,56.117997745562796,-120.91814324805975
40657,PETRONAS,PETRONAS  HZ BUBBLES NORTH D- 058-B/094-G-08,MONTNEY,5586.0,2021-10-22 07:00:00,True,57.29984000068045,-122.21641106948948
37725,TOURMALINE,TOURMALINE  HZ WILDER J04-21-082-19,MONTNEY,5467.0,2021-10-22 07:00:00,True,56.1180825531332,-120.91776248898198
33093,TOURMALINE,TOURMALINE  HZ WILDER H04-21-082-19,MONTNEY,5052.0,2021-10-22 07:00:00,True,56.11802600875361,-120.9180163401119
40651,PETRONAS,PETRONAS  HZ BUBBLES NORTH A- 068-B/094-G-08,MONTNEY,5222.0,2021-10-22 07:00:00,True,57.300234533975306,-122.2164518008517
40652,PETRONAS,PETRONAS  HZ BUBBLES NORTH A-A068-B/094-G-08,MONTNEY,4996.0,2021-10-22 07:00:00,True,57.3001687322924,-122.21644490229147
34406,CNRL,CNRL  HZ NIG CREEK C- 081-B/094-H-04,MONTNEY,4088.0,2021-10-30 07:00:00,True,57.07130949590209,-121.63869852549045
34407,CNRL,CNRL  HZ NIG CREEK C-A081-B/094-H-04,MONTNEY,3622.0,2021-10-30 07:00:00,True,57.07132119171312,-121.63861895512555
34408,CNRL,CNRL  HZ NIG CREEK C-B081-B/094-H-04,MONTNEY,3637.0,2021-10-30 07:00:00,True,57.07133289262367,-121.63853937750919
40104,TOURMALINE,TOURMALINE  HZ NIG CREEK B-C010-B/094-H-04,MONTNEY,5258.0,2021-11-13 07:00:00,True,56.99998321028039,-121.74939486291609
40102,TOURMALINE,TOURMALINE  HZ NIG CREEK B-A010-B/094-H-04,MONTNEY,5134.0,2021-11-13 07:00:00,True,57.00007173067032,-121.74939189317139
40105,TOURMALINE,TOURMALINE  HZ NIG CREEK B-D010-B/094-H-04,MONTNEY,5104.0,2021-11-13 07:00:00,True,56.99993894966686,-121.74939634865547
40106,TOURMALINE,TOURMALINE  HZ NIG CREEK C- 100-J/094-A-13,MONTNEY,5255.0,2021-11-13 07:00:00,True,56.99989468989576,-121.74939783264715
40107,TOURMALINE,TOURMALINE  HZ NIG CREEK C-A100-J/094-A-13,MONTNEY,5210.0,2021-11-13 07:00:00,True,56.999850430179755,-121.74939931828072
40103,TOURMALINE,TOURMALINE  HZ NIG CREEK B-B010-B/094-H-04,MONTNEY,5231.0,2021-11-13 07:00:00,True,57.00002747005416,-121.74939337891757
37951,PACIFIC CANBRIAM,PACIFIC CANBRIAM  HZ ALTARES D-B030-H/094-B-08,MONTNEY,5575.0,2021-11-14 07:00:00,True,56.35431199792687,-122.11714581018981
37953,PACIFIC CANBRIAM,PACIFIC CANBRIAM  HZ ALTARES D-D030-H/094-B-08,MONTNEY,5372.0,2021-11-14 07:00:00,True,56.35415755827478,-122.117311225313
37955,PACIFIC CANBRIAM,PACIFIC CANBRIAM  HZ ALTARES A-A030-H/094-B-08,MONTNEY,5472.0,2021-11-14 07:00:00,True,56.35400303848605,-122.11747678507002
37950,PACIFIC CANBRIAM,PACIFIC CANBRIAM  HZ ALTARES D-A030-H/094-B-08,MONTNEY,5665.0,2021-11-14 07:00:00,True,56.3543892170523,-122.11706311113018
37954,PACIFIC CANBRIAM,PACIFIC CANBRIAM  HZ ALTARES A- 030-H/094-B-08,MONTNEY,5421.0,2021-11-14 07:00:00,True,56.35408052974669,-122.11739373235343
37949,PACIFIC CANBRIAM,PACIFIC CANBRIAM  HZ ALTARES D- 030-H/094-B-08,MONTNEY,5785.0,2021-11-14 07:00:00,True,56.35446644605735,-122.11698044322902
37952,PACIFIC CANBRIAM,PACIFIC CANBRIAM  HZ ALTARES D-C030-H/094-B-08,MONTNEY,5470.0,2021-11-14 07:00:00,True,56.35423477839636,-122.1172285268173
13324,CNRL,CNRL   KELLY B- 037-J/093-P-01,FALHER B,2260.0,2021-11-21 07:00:00,False,55.19480521977873,-120.2120641615368
37683,TOURMALINE,TOURMALINE  HZ SEPTIMUS B04-14-082-19,MONTNEY,6425.0,2021-11-23 07:00:00,True,56.10434929238754,-120.86944762925998
37682,TOURMALINE,TOURMALINE  HZ SEPTIMUS A04-14-082-19,MONTNEY,6313.0,2021-11-23 07:00:00,True,56.10442507699853,-120.86946404105562
37684,TOURMALINE,TOURMALINE  HZ SEPTIMUS C04-14-082-19,MONTNEY,6634.0,2021-11-23 07:00:00,True,56.104273518190986,-120.86943123070377
41353,ARCRES,ARCRES  HZ PARKLAND E05-04-081-16,MONTNEY,4382.0,2021-11-28 07:00:00,True,55.99076976505047,-120.44848193021394
41359,ARCRES,ARCRES  HZ PARKLAND K05-04-081-16,MONTNEY,5653.0,2021-11-28 07:00:00,True,55.990283707163954,-120.44889678347586
41356,ARCRES,ARCRES  HZ PARKLAND H05-04-081-16,MONTNEY,4922.0,2021-11-28 07:00:00,True,55.99052673537385,-120.44868935824722
41355,ARCRES,ARCRES  HZ PARKLAND G05-04-081-16,MONTNEY,4557.0,2021-11-28 07:00:00,True,55.9906077458737,-120.44862021523551
41357,ARCRES,ARCRES  HZ PARKLAND I05-04-081-16,MONTNEY,4537.0,2021-11-28 07:00:00,True,55.990445726625,-120.44875850072361
41354,ARCRES,ARCRES  HZ PARKLAND F05-04-081-16,MONTNEY,4540.0,2021-11-28 07:00:00,True,55.9906887545515,-120.44855107219175
41358,ARCRES,ARCRES  HZ PARKLAND J05-04-081-16,MONTNEY,4833.0,2021-11-28 07:00:00,True,55.990364716947305,-120.44882764304218
39610,TOURMALINE,TOURMALINE  HZ BLUEBERRY WEST B-F100-L/094-A-12,MONTNEY,3855.0,2021-11-29 07:00:00,True,56.74165926358075,-121.99571061695369
39606,TOURMALINE,TOURMALINE  HZ BLUEBERRY WEST B-B100-L/094-A-12,MONTNEY,4605.0,2021-11-29 07:00:00,True,56.741801329294304,-121.99551824513922
39611,TOURMALINE,TOURMALINE  HZ BLUEBERRY WEST B-G100-L/094-A-12,MONTNEY,3854.0,2021-11-29 07:00:00,True,56.74162374756965,-121.9957587100493
39604,TOURMALINE,TOURMALINE  HZ BLUEBERRY WEST B- 100-L/094-A-12,MONTNEY,4665.0,2021-11-29 07:00:00,True,56.74187236207358,-121.99542205952045
39605,TOURMALINE,TOURMALINE  HZ BLUEBERRY WEST B-A100-L/094-A-12,MONTNEY,4768.0,2021-11-29 07:00:00,True,56.74183684611463,-121.99547015151028
39609,TOURMALINE,TOURMALINE  HZ BLUEBERRY WEST B-E100-L/094-A-12,MONTNEY,4154.0,2021-11-29 07:00:00,True,56.74169478052032,-121.99566252531206
39608,TOURMALINE,TOURMALINE  HZ BLUEBERRY WEST B-D100-L/094-A-12,MONTNEY,4127.0,2021-11-29 07:00:00,True,56.74173029644648,-121.99561443040541
39607,TOURMALINE,TOURMALINE  HZ BLUEBERRY WEST B-C100-L/094-A-12,MONTNEY,4468.0,2021-11-29 07:00:00,True,56.74176581330108,-121.99556633695276
41764,CNRL,CNRL  HZ FIREWEED B-A095-G/094-A-13,MONTNEY,4405.0,2021-12-01 07:00:00,True,56.91070220516158,-121.6876466266357
41765,CNRL,CNRL  HZ FIREWEED B-B095-G/094-A-13,MONTNEY,4646.0,2021-12-01 07:00:00,True,56.91074711825516,-121.68764608091702
41312,TOURMALINE,TOURMALINE  HZ PARKLAND B05-05-081-15,MONTNEY,3618.0,2021-12-05 07:00:00,True,55.990866681410786,-120.32175217032008
41310,TOURMALINE,TOURMALINE  HZ PARKLAND  05-05-081-15,MONTNEY,3974.0,2021-12-05 07:00:00,True,55.990955226824745,-120.32175229737418
41313,TOURMALINE,TOURMALINE  HZ PARKLAND C05-05-081-15,MONTNEY,3710.0,2021-12-05 07:00:00,True,55.990822409115445,-120.32175210592837
41316,TOURMALINE,TOURMALINE  HZ PARKLAND F05-05-081-15,MONTNEY,4058.0,2021-12-05 07:00:00,True,55.99068959409128,-120.32175191409777
41315,TOURMALINE,TOURMALINE  HZ PARKLAND E05-05-081-15,MONTNEY,3585.0,2021-12-05 07:00:00,True,55.99073386549156,-120.32175197861774
41311,TOURMALINE,TOURMALINE  HZ PARKLAND A05-05-081-15,MONTNEY,3902.0,2021-12-05 07:00:00,True,55.99091095274186,-120.3217522332396
41314,TOURMALINE,TOURMALINE  HZ PARKLAND D05-05-081-15,MONTNEY,3472.0,2021-12-05 07:00:00,True,55.990778137785654,-120.32175204300914
41444,TOURMALINE,TOURMALINE  HZ SUNDOWN E05-03-077-17,MONTNEY,4839.0,2021-12-09 07:00:00,True,55.64175732210942,-120.55822229642217
41442,TOURMALINE,TOURMALINE  HZ SUNDOWN C05-03-077-17,MONTNEY,4489.0,2021-12-09 07:00:00,True,55.64184587035584,-120.55822166564663
41445,TOURMALINE,TOURMALINE  HZ SUNDOWN F05-03-077-17,MONTNEY,5124.0,2021-12-09 07:00:00,True,55.641713047059135,-120.5582226111374
41443,TOURMALINE,TOURMALINE  HZ SUNDOWN D05-03-077-17,MONTNEY,4954.0,2021-12-09 07:00:00,True,55.64180159626681,-120.55822198182847
41446,TOURMALINE,TOURMALINE  HZ SUNDOWN G05-03-077-17,MONTNEY,5032.0,2021-12-09 07:00:00,True,55.64166877297134,-120.5582229273171
42083,TOURMALINE,TOURMALINE  HZ SUNDOWN I05-03-077-17,MONTNEY,5550.0,2021-12-09 07:00:00,True,55.6415802237661,-120.55822355662191
41441,TOURMALINE,TOURMALINE  HZ SUNDOWN B05-03-077-17,MONTNEY,4600.0,2021-12-09 07:00:00,True,55.64189014630058,-120.558221350807
41447,TOURMALINE,TOURMALINE  HZ SUNDOWN H05-03-077-17,MONTNEY,5545.0,2021-12-09 07:00:00,True,55.641624497921896,-120.55822324203098
34231,SHELL,SHELL  HZ SATURN C09-14-080-19,MONTNEY,5643.0,2021-12-10 07:00:00,True,55.935508388045186,-120.84523839476104
34229,SHELL,SHELL  HZ SATURN E09-14-080-19,MONTNEY,5573.5,2021-12-10 07:00:00,True,55.935447600768434,-120.8452821713085
34234,SHELL,SHELL  HZ SATURN  09-14-080-19,MONTNEY,5584.0,2021-12-10 07:00:00,True,55.93559952120349,-120.84517263862364
34232,SHELL,SHELL  HZ SATURN B09-14-080-19,MONTNEY,5555.0,2021-12-10 07:00:00,True,55.93553877282099,-120.84521648749084
34230,SHELL,SHELL  HZ SATURN D09-14-080-19,MONTNEY,5572.0,2021-12-10 07:00:00,True,55.935478002437414,-120.84526030371394
34233,SHELL,SHELL  HZ SATURN A09-14-080-19,MONTNEY,5640.0,2021-12-10 07:00:00,True,55.93556915752815,-120.84519457858731
37944,PACIFIC CANBRIAM,PACIFIC CANBRIAM  HZ ALTARES A-A040-H/094-B-08,MONTNEY,4821.0,2022-01-01 07:00:00,True,56.35945177293588,-122.11506548434475
37946,PACIFIC CANBRIAM,PACIFIC CANBRIAM  HZ ALTARES A-C040-H/094-B-08,MONTNEY,5161.0,2022-01-01 07:00:00,True,56.35929734545302,-122.11523092842964
37943,PACIFIC CANBRIAM,PACIFIC CANBRIAM  HZ ALTARES A- 040-H/094-B-08,MONTNEY,5022.0,2022-01-01 07:00:00,True,56.359528990848986,-122.11498276869736
37948,PACIFIC CANBRIAM,PACIFIC CANBRIAM  HZ ALTARES A-E040-H/094-B-08,MONTNEY,5490.0,2022-01-01 07:00:00,True,56.35914290832801,-122.1153963559091
37945,PACIFIC CANBRIAM,PACIFIC CANBRIAM  HZ ALTARES A-B040-H/094-B-08,MONTNEY,4908.0,2022-01-01 07:00:00,True,56.35937456302514,-122.11514819886531
37947,PACIFIC CANBRIAM,PACIFIC CANBRIAM  HZ ALTARES A-D040-H/094-B-08,MONTNEY,5359.0,2022-01-01 07:00:00,True,56.359220127387815,-122.1153136430976
31441,PETRONAS,PETRONAS  HZ TOWN A-L076-C/094-G-01,MONTNEY,3732.0,2022-01-02 07:00:00,True,57.061394772360075,-122.31475460881609
36137,TOURMALINE,TOURMALINE  HZ NIG CREEK A-G016-F/094-H-04,MONTNEY,4056.0,2022-01-02 07:00:00,True,57.09129353801459,-121.81921396823049
31438,PETRONAS,PETRONAS  HZ TOWN A-I076-C/094-G-01,MONTNEY,3812.0,2022-01-02 07:00:00,True,57.061611649300154,-122.31504775523368
31437,PETRONAS,PETRONAS  HZ TOWN A-H076-C/094-G-01,MONTNEY,3791.0,2022-01-02 07:00:00,True,57.06168394131899,-122.31514546594555
36130,TOURMALINE,TOURMALINE  HZ NIG CREEK A- 016-F/094-H-04,MONTNEY,4948.0,2022-01-02 07:00:00,True,57.0918168229132,-121.81995086985975
36131,TOURMALINE,TOURMALINE  HZ NIG CREEK A-A016-F/094-H-04,MONTNEY,4745.0,2022-01-02 07:00:00,True,57.09178651853553,-121.81989161094049
36136,TOURMALINE,TOURMALINE  HZ NIG CREEK A-F016-F/094-H-04,MONTNEY,3846.0,2022-01-02 07:00:00,True,57.091634969404936,-121.81959532067192
36133,TOURMALINE,TOURMALINE  HZ NIG CREEK A-C016-F/094-H-04,MONTNEY,5050.0,2022-01-02 07:00:00,True,57.09172590075197,-121.81977309435752
31439,PETRONAS,PETRONAS  HZ TOWN A-J076-C/094-G-01,MONTNEY,3945.0,2022-01-02 07:00:00,True,57.0615393572118,-122.31495004488933
31436,PETRONAS,PETRONAS  HZ TOWN A-G076-C/094-G-01,MONTNEY,3992.0,2022-01-02 07:00:00,True,57.06175623326829,-122.31524317702494
31440,PETRONAS,PETRONAS  HZ TOWN A-K076-C/094-G-01,MONTNEY,3799.0,2022-01-02 07:00:00,True,57.06146705610114,-122.3148523357715
36135,TOURMALINE,TOURMALINE  HZ NIG CREEK A-E016-F/094-H-04,MONTNEY,3885.0,2022-01-02 07:00:00,True,57.09144277435819,-121.81950033908569
36134,TOURMALINE,TOURMALINE  HZ NIG CREEK A-D016-F/094-H-04,MONTNEY,4090.0,2022-01-02 07:00:00,True,57.09169558734604,-121.81971383669382
36132,TOURMALINE,TOURMALINE  HZ NIG CREEK A-B016-F/094-H-04,MONTNEY,4797.0,2022-01-02 07:00:00,True,57.091756205182136,-121.81983235308977
31607,ENERCAPITA,ENERCAPITA  HZ N BOUNDARY A13-06-088-14,HALFWAY,3391.0,2022-01-08 07:00:00,False,56.6077761197657,-120.23413950758022
38614,COP,COP  HZ INGA NORTH A- 023-K/094-A-12,MONTNEY,5042.0,2022-01-09 07:00:00,True,56.68466540395605,-121.77702686675624
38618,COP,COP  HZ INGA NORTH A-D023-K/094-A-12,MONTNEY,5007.0,2022-01-09 07:00:00,True,56.68517165031892,-121.77669201505444
38613,COP,COP  HZ INGA NORTH B-E022-K/094-A-12,MONTNEY,5276.0,2022-01-09 07:00:00,True,56.68518150196726,-121.77602573424592
38615,COP,COP  HZ INGA NORTH A-A023-K/094-A-12,MONTNEY,4909.0,2022-01-09 07:00:00,True,56.68479196758396,-121.77694314624603
38616,COP,COP  HZ INGA NORTH A-B023-K/094-A-12,MONTNEY,4984.0,2022-01-09 07:00:00,True,56.684918531701136,-121.77685944150997
38617,COP,COP  HZ INGA NORTH A-C023-K/094-A-12,MONTNEY,5044.0,2022-01-09 07:00:00,True,56.68504508593164,-121.77677573730016
38611,COP,COP  HZ INGA NORTH B-C022-K/094-A-12,MONTNEY,5163.0,2022-01-09 07:00:00,True,56.684928375265066,-121.77619316606452
38608,COP,COP  HZ INGA NORTH B- 022-K/094-A-12,MONTNEY,5152.0,2022-01-09 07:00:00,True,56.68452258830049,-121.77631399337263
41084,COP,COP  HZ INGA NORTH B-F022-K/094-A-12,MONTNEY,4998.0,2022-01-09 07:00:00,True,56.68464945316688,-121.7762318070079
38612,COP,COP  HZ INGA NORTH B-D022-K/094-A-12,MONTNEY,5102.0,2022-01-09 07:00:00,True,56.6850549383715,-121.77610944226812
38619,COP,COP  HZ INGA NORTH A-E023-K/094-A-12,MONTNEY,5160.0,2022-01-09 07:00:00,True,56.685298213406085,-121.7766083087779
38610,COP,COP  HZ INGA NORTH B-B022-K/094-A-12,MONTNEY,5060.0,2022-01-09 07:00:00,True,56.68480181163254,-121.77627687462673
42389,ARCRES,ARCRES  HZ SUNRISE H12-30-078-17,MONTNEY,5006.0,2022-01-13 07:00:00,True,55.791881973255904,-120.63614835248501
42394,ARCRES,ARCRES  HZ SUNRISE N12-30-078-17,MONTNEY,4479.0,2022-01-13 07:00:00,True,55.791657402413485,-120.63614818991627
42387,ARCRES,ARCRES  HZ SUNRISE F12-30-078-17,MONTNEY,5272.0,2022-01-13 07:00:00,True,55.791971801596475,-120.63614841751303
42388,ARCRES,ARCRES  HZ SUNRISE G12-30-078-17,MONTNEY,5041.0,2022-01-13 07:00:00,True,55.791926887425916,-120.63614838499898
42390,ARCRES,ARCRES  HZ SUNRISE J12-30-078-17,MONTNEY,4984.0,2022-01-13 07:00:00,True,55.79183705819299,-120.63614832009208
42391,ARCRES,ARCRES  HZ SUNRISE K12-30-078-17,MONTNEY,5109.0,2022-01-13 07:00:00,True,55.79179214402399,-120.63614828757827
42392,ARCRES,ARCRES  HZ SUNRISE L12-30-078-17,MONTNEY,4499.0,2022-01-13 07:00:00,True,55.791747230748854,-120.63614825494355
42395,ARCRES,ARCRES  HZ SUNRISE O12-30-078-17,MONTNEY,5588.0,2022-01-13 07:00:00,True,55.791612487353184,-120.63614815752369
42393,ARCRES,ARCRES  HZ SUNRISE M12-30-078-17,MONTNEY,4146.0,2022-01-13 07:00:00,True,55.79170231664874,-120.63614822402343
38178,TOURMALINE,TOURMALINE  HZ GUNDY CREEK B-D060-A/094-B-16,MONTNEY,4730.0,2022-01-14 07:00:00,True,56.793059506041836,-122.1261208151519
38180,TOURMALINE,TOURMALINE  HZ GUNDY CREEK B-F060-A/094-B-16,MONTNEY,4950.0,2022-01-14 07:00:00,True,56.79309466632182,-122.12597276943329
38181,TOURMALINE,TOURMALINE  HZ GUNDY CREEK B-G060-A/094-B-16,MONTNEY,5007.0,2022-01-14 07:00:00,True,56.79311225154171,-122.12589875334653
38176,TOURMALINE,TOURMALINE  HZ GUNDY CREEK B-B060-A/094-B-16,MONTNEY,4781.0,2022-01-14 07:00:00,True,56.79302433615315,-122.12626884512784
38175,TOURMALINE,TOURMALINE  HZ GUNDY CREEK B-A060-A/094-B-16,MONTNEY,4945.0,2022-01-14 07:00:00,True,56.79300676056756,-122.12634285989196
37681,TOURMALINE,TOURMALINE  HZ SEPTIMUS  04-14-082-19,MONTNEY,5860.0,2022-01-14 07:00:00,True,56.104500852088755,-120.86948043962143
38177,TOURMALINE,TOURMALINE  HZ GUNDY CREEK B-C060-A/094-B-16,MONTNEY,4802.0,2022-01-14 07:00:00,True,56.79304192159056,-122.12619483094718
38179,TOURMALINE,TOURMALINE  HZ GUNDY CREEK B-E060-A/094-B-16,MONTNEY,4875.0,2022-01-14 07:00:00,True,56.79307709090475,-122.12604678446633
37690,TOURMALINE,TOURMALINE  HZ SEPTIMUS I04-14-082-19,MONTNEY,5710.0,2022-01-14 07:00:00,True,56.103894624072666,-120.86934919989793
37685,TOURMALINE,TOURMALINE  HZ SEPTIMUS D04-14-082-19,MONTNEY,5481.0,2022-01-14 07:00:00,True,56.10464621907031,-120.8690942133724
37686,TOURMALINE,TOURMALINE  HZ SEPTIMUS E04-14-082-19,MONTNEY,5952.0,2022-01-14 07:00:00,True,56.104121958554586,-120.86939842232776
37687,TOURMALINE,TOURMALINE  HZ SEPTIMUS F04-14-082-19,MONTNEY,5773.0,2022-01-14 07:00:00,True,56.1040461834643,-120.86938202407755
38174,TOURMALINE,TOURMALINE  HZ GUNDY CREEK B- 060-A/094-B-16,MONTNEY,3845.0,2022-01-14 07:00:00,True,56.792989175585156,-122.12641689194551
37688,TOURMALINE,TOURMALINE  HZ SEPTIMUS G04-14-082-19,MONTNEY,5775.0,2022-01-14 07:00:00,True,56.10397039974692,-120.86936561248103
37689,TOURMALINE,TOURMALINE  HZ SEPTIMUS H04-14-082-19,MONTNEY,5990.0,2022-01-14 07:00:00,True,56.104576626869196,-120.8694968528264
23855,ENERCAPITA,ENERCAPITA   BOUNDARY A02-08-086-13,HALFWAY,1480.0,2022-01-22 07:00:00,False,56.436939858666285,-120.0142962012417
31442,ENERCAPITA,ENERCAPITA  HZ BOUNDARY B02-08-086-13,HALFWAY,2570.0,2022-01-22 07:00:00,False,56.43721758342137,-120.01470744397072
40405,PETRONAS,PETRONAS  HZ BLUEBERRY A-C097-L/094-A-12,MONTNEY,5040.0,2022-01-28 07:00:00,True,56.745554285571735,-121.95327332701795
40404,PETRONAS,PETRONAS  HZ BLUEBERRY A-B097-L/094-A-12,MONTNEY,5090.0,2022-01-28 07:00:00,True,56.74561861181568,-121.95329879664978
40402,PETRONAS,PETRONAS  HZ BLUEBERRY A- 097-L/094-A-12,MONTNEY,5327.0,2022-01-28 07:00:00,True,56.74574746618543,-121.9533499906088
40407,PETRONAS,PETRONAS  HZ BLUEBERRY A-E097-L/094-A-12,MONTNEY,4762.0,2022-01-28 07:00:00,True,56.745425561137964,-121.95322255626427
40403,PETRONAS,PETRONAS  HZ BLUEBERRY A-A097-L/094-A-12,MONTNEY,5185.0,2022-01-28 07:00:00,True,56.74568296520706,-121.95332421596285
41736,PETRONAS,PETRONAS  HZ BLUEBERRY A-G097-L/094-A-12,MONTNEY,4487.0,2022-01-28 07:00:00,True,56.74529677276407,-121.95317152190698
40406,PETRONAS,PETRONAS  HZ BLUEBERRY A-D097-L/094-A-12,MONTNEY,4795.0,2022-01-28 07:00:00,True,56.745489904125144,-121.95324784355982
41735,PETRONAS,PETRONAS  HZ BLUEBERRY A-F097-L/094-A-12,MONTNEY,4630.0,2022-01-28 07:00:00,True,56.74536115000013,-121.95319701375304
32065,TOURMALINE,TOURMALINE  HZ BIRCH B-C065-I/094A13,MONTNEY,4561.0,2022-02-04 07:00:00,True,56.97050123429933,-121.55818454760164
35130,TOURMALINE,TOURMALINE  HZ BIRCH B-F065-I/094-A-13,MONTNEY,4055.0,2022-02-04 07:00:00,True,56.970633938158244,-121.55819388117415
35128,TOURMALINE,TOURMALINE  HZ BIRCH B-D065-I/094-A-13,MONTNEY,4627.0,2022-02-04 07:00:00,True,56.970545465916715,-121.55818765858166
35129,TOURMALINE,TOURMALINE  HZ BIRCH B-E065-I/094-A-13,MONTNEY,4274.0,2022-02-04 07:00:00,True,56.970589697535374,-121.55819076956881
39480,TOURMALINE,TOURMALINE  HZ NIG CREEK D-D077-B/094-H-04,MONTNEY,4087.0,2022-02-16 07:00:00,True,57.063730345438394,-121.7032017837063
39479,TOURMALINE,TOURMALINE  HZ NIG CREEK D-C077-B/094-H-04,MONTNEY,3909.0,2022-02-16 07:00:00,True,57.06375005836513,-121.70312901255835
39478,TOURMALINE,TOURMALINE  HZ NIG CREEK D-B077-B/094-H-04,MONTNEY,3802.0,2022-02-16 07:00:00,True,57.063769779848926,-121.70305625691432
39476,TOURMALINE,TOURMALINE  HZ NIG CREEK D- 077-B/094-H-04,MONTNEY,4112.0,2022-02-16 07:00:00,True,57.063809206341155,-121.70291071249702
39481,TOURMALINE,TOURMALINE  HZ NIG CREEK D-E077-B/094-H-04,MONTNEY,4106.0,2022-02-16 07:00:00,True,57.0637106315765,-121.70327455487978
39477,TOURMALINE,TOURMALINE  HZ NIG CREEK D-A077-B/094-H-04,MONTNEY,3963.0,2022-02-16 07:00:00,True,57.06378949358982,-121.70298348551691
38978,CNRL,CNRL  HZ FIREWEED B-B050-H/094-A-13,MONTNEY,4402.0,2022-02-20 07:00:00,True,56.86678339764878,-121.62402788297157
38977,CNRL,CNRL  HZ FIREWEED B-A050-H/094-A-13,MONTNEY,4216.0,2022-02-20 07:00:00,True,56.866846206102274,-121.62398351548478
31706,PETRONAS,PETRONAS  HZ TOWN D-L002-J/094-B-16,MONTNEY,4741.0,2022-02-22 07:00:00,True,56.92151516532775,-122.14475391318258
31708,PETRONAS,PETRONAS  HZ TOWN D-N002-J/094-B-16,MONTNEY,4813.0,2022-02-22 07:00:00,True,56.9214103764932,-122.1446082477638
31707,PETRONAS,PETRONAS  HZ TOWN D-M002-J/094-B-16,MONTNEY,4906.0,2022-02-22 07:00:00,True,56.921462766633766,-122.14468107174338
31709,PETRONAS,PETRONAS  HZ TOWN D-O002-J/094-B-16,MONTNEY,4996.0,2022-02-22 07:00:00,True,56.9213579782091,-122.1445354231454
31702,PETRONAS,PETRONAS  HZ TOWN D-H002-J/094-B-16,MONTNEY,3577.0,2022-02-22 07:00:00,True,56.921724742935716,-122.14504522987946
31705,PETRONAS,PETRONAS  HZ TOWN D-K002-J/094-B-16,MONTNEY,3450.0,2022-02-22 07:00:00,True,56.92156755539024,-122.1448267375578
31704,PETRONAS,PETRONAS  HZ TOWN D-J002-J/094-B-16,MONTNEY,3583.0,2022-02-22 07:00:00,True,56.92161995441334,-122.144899562878
31703,PETRONAS,PETRONAS  HZ TOWN D-I002-J/094-B-16,MONTNEY,3579.0,2022-02-22 07:00:00,True,56.92167234399068,-122.1449724041636
37609,TOURMALINE,TOURMALINE  HZ GUNDY CREEK A-T011-G/094-B-16,MONTNEY,3653.0,2022-02-24 07:00:00,True,56.842687526486245,-122.13104910826594
37606,TOURMALINE,TOURMALINE  HZ GUNDY CREEK A-Q011-G/094-B-16,MONTNEY,4158.0,2022-02-24 07:00:00,True,56.84263426902716,-122.13127115777027
37611,TOURMALINE,TOURMALINE  HZ GUNDY CREEK A-V011-G/094-B-16,MONTNEY,3673.0,2022-02-24 07:00:00,True,56.8427230261769,-122.13090107543131
37602,TOURMALINE,TOURMALINE  HZ GUNDY CREEK A-M011-G/094-B-16,MONTNEY,3968.0,2022-02-24 07:00:00,True,56.84256325068697,-122.13156722196219
37604,TOURMALINE,TOURMALINE  HZ GUNDY CREEK A-O011-G/094-B-16,MONTNEY,4131.0,2022-02-24 07:00:00,True,56.842598759916704,-122.1314191891826
37610,TOURMALINE,TOURMALINE  HZ GUNDY CREEK A-U011-G/094-B-16,MONTNEY,4240.0,2022-02-24 07:00:00,True,56.84270527680014,-122.13097509183777
37605,TOURMALINE,TOURMALINE  HZ GUNDY CREEK A-P011-G/094-B-16,MONTNEY,3759.0,2022-02-24 07:00:00,True,56.84261650954585,-122.13134517318403
37601,TOURMALINE,TOURMALINE  HZ GUNDY CREEK A-L011-G/094-B-16,MONTNEY,4169.0,2022-02-24 07:00:00,True,56.842545500931685,-122.1316412377568
37608,TOURMALINE,TOURMALINE  HZ GUNDY CREEK A-S011-G/094-B-16,MONTNEY,4157.0,2022-02-24 07:00:00,True,56.84266976802616,-122.13112312379403
37603,TOURMALINE,TOURMALINE  HZ GUNDY CREEK A-N011-G/094-B-16,MONTNEY,3913.0,2022-02-24 07:00:00,True,56.8425810102455,-122.13149320511327
37607,TOURMALINE,TOURMALINE  HZ GUNDY CREEK A-R011-G/094-B-16,MONTNEY,3613.0,2022-02-24 07:00:00,True,56.84265201857212,-122.13119714163571
22869,TOURMALINE,TOURMALINE   DOE  01-32-080-15,DOIG,2570.0,2022-02-28 07:00:00,False,55.97278578017514,-120.30090926054312
38030,TOURMALINE,TOURMALINE ET AL HZ LAPRISECREEK A-L014-I/094-G-08,MONTNEY,4455.0,2022-03-01 07:00:00,True,57.42719264387021,-122.04511712016371
38031,TOURMALINE,TOURMALINE ET AL HZ LAPRISECREEK A-K014-I/094-G-08,MONTNEY,4347.0,2022-03-01 07:00:00,True,57.42722854614768,-122.04506910565925
38033,TOURMALINE,TOURMALINE ET AL HZ LAPRISECREEK A-I014-I/094-G-08,MONTNEY,4683.0,2022-03-01 07:00:00,True,57.427300341255226,-122.04497309238032
38034,TOURMALINE,TOURMALINE ET AL HZ LAPRISECREEK A-H014-I/094-G-08,MONTNEY,4965.0,2022-03-01 07:00:00,True,57.42733624343337,-122.04492507594007
38032,TOURMALINE,TOURMALINE ET AL HZ LAPRISECREEK A-J014-I/094-G-08,MONTNEY,4530.0,2022-03-01 07:00:00,True,57.42726443940519,-122.04502109033075
41832,MURPHY,MURPHY  HZ SUNDOWN K03-13-078-18,MONTNEY,5934.0,2022-03-03 07:00:00,True,55.75333349737185,-120.65333626978263
41829,MURPHY,MURPHY  HZ SUNDOWN H03-13-078-18,MONTNEY,5498.0,2022-03-03 07:00:00,True,55.75333354532297,-120.65309741266837
41825,MURPHY,MURPHY  HZ SUNDOWN D03-13-078-18,MONTNEY,5148.9,2022-03-03 07:00:00,True,55.75378256034493,-120.6531773157562
41830,MURPHY,MURPHY  HZ SUNDOWN I03-13-078-18,MONTNEY,5768.0,2022-03-03 07:00:00,True,55.75333352931708,-120.65317703705348
41823,MURPHY,MURPHY  HZ SUNDOWN B03-13-078-18,MONTNEY,5415.0,2022-03-03 07:00:00,True,55.75378259230683,-120.65301806518582
41824,MURPHY,MURPHY  HZ SUNDOWN C03-13-078-18,MONTNEY,5632.0,2022-03-03 07:00:00,True,55.75378257635102,-120.65309769047103
41826,MURPHY,MURPHY  HZ SUNDOWN E03-13-078-18,MONTNEY,5635.0,2022-03-03 07:00:00,True,55.753782544573546,-120.65325692659229
41831,MURPHY,MURPHY  HZ SUNDOWN J03-13-078-18,MONTNEY,5595.0,2022-03-04 07:00:00,True,55.75333351415431,-120.65325666131803
41827,MURPHY,MURPHY  HZ SUNDOWN F03-13-078-18,MONTNEY,5710.0,2022-03-04 07:00:00,True,55.75378252936036,-120.65333655175684
40943,TOURMALINE,TOURMALINE  HZ Black D-B074-G/094-H-05,TRIASSIC,4290.0,2022-03-16 07:00:00,False,57.39958009201216,-121.66461402286505
40941,TOURMALINE,TOURMALINE  HZ Black D- 074-G/094-H-05,MONTNEY,3993.1,2022-03-16 07:00:00,True,57.39963477240952,-121.66448506423534
40942,TOURMALINE,TOURMALINE  HZ Black D-A074-G/094-H-05,MONTNEY,4125.0,2022-03-16 07:00:00,True,57.399607435131024,-121.6645495499405
38564,PACIFIC CANBRIAM,PACIFIC CANBRIAM  HZ ALTARES C02-01-085-26,MONTNEY,5585.0,2022-03-22 07:00:00,True,56.337031545553096,-121.96440444262709
38562,PACIFIC CANBRIAM,PACIFIC CANBRIAM  HZ ALTARES A02-01-085-26,MONTNEY,5525.0,2022-03-22 07:00:00,True,56.33817329842861,-121.96421639715459
38561,PACIFIC CANBRIAM,PACIFIC CANBRIAM  HZ ALTARES  02-01-085-26,MONTNEY,5520.0,2022-03-22 07:00:00,True,56.337262896354304,-121.96415551913681
38563,PACIFIC CANBRIAM,PACIFIC CANBRIAM  HZ ALTARES B02-01-085-26,MONTNEY,5518.0,2022-03-22 07:00:00,True,56.33812723134868,-121.96407762081064
41828,MURPHY,MURPHY  HZ SUNDOWN G03-13-078-18,MONTNEY,5504.0,2022-03-24 07:00:00,True,55.75333356038523,-120.65301778840364
38565,PACIFIC CANBRIAM,PACIFIC CANBRIAM  HZ ALTARES D02-01-085-26,MONTNEY,5640.0,2022-03-25 07:00:00,True,56.33796599710423,-121.96359190356752
38566,PACIFIC CANBRIAM,PACIFIC CANBRIAM  HZ ALTARES E02-01-085-26,MONTNEY,5836.0,2022-03-25 07:00:00,True,56.3368773206498,-121.9645703787556
31624,OVV,OVV CRP HZ SUNRISE E14-30-079-16,MONTNEY,6190.0,2022-03-29 07:00:00,True,55.88185159099359,-120.49413731994814
31623,OVV,OVV CRP HZ SUNRISE D14-30-079-16,MONTNEY,6649.0,2022-03-29 07:00:00,True,55.88216592759467,-120.49413724802824
31619,OVV,OVV CRP HZ SUNRISE  14-30-079-16,MONTNEY,5575.0,2022-03-29 07:00:00,True,55.882435343854134,-120.49413720731125
31625,OVV,OVV CRP HZ SUNRISE F14-30-079-16,MONTNEY,6614.0,2022-03-29 07:00:00,True,55.881761789550204,-120.49413733511
31626,OVV,OVV CRP HZ SUNRISE G14-30-079-16,MONTNEY,6562.0,2022-03-29 07:00:00,True,55.88167198728551,-120.49413735199319
31620,OVV,OVV CRP HZ SUNRISE A14-30-079-16,MONTNEY,5763.0,2022-03-29 07:00:00,True,55.88234553256972,-120.49413722384261
31621,OVV,OVV CRP HZ SUNRISE B14-30-079-16,MONTNEY,5955.0,2022-03-29 07:00:00,True,55.88225573111352,-120.49413723900487
31622,OVV,OVV CRP HZ SUNRISE C14-30-079-16,MONTNEY,6215.0,2022-03-29 07:00:00,True,55.882165928766376,-120.49413725429156
29549,PETRONAS,PETRONAS HZ TOWN D-C072-A/094-B-16,MONTNEY,5179.0,2022-04-04 07:00:00,True,56.81375776481379,-122.01852063561626
30863,PETRONAS,PETRONAS HZ TOWN D-D072-A/094-B-16,MONTNEY,5021.0,2022-04-04 07:00:00,True,56.81338307799578,-122.01892707811322
40224,PETRONAS,PETRONAS  HZ TOWN D-H072-A/094-B-16,MONTNEY,5059.0,2022-04-04 07:00:00,True,56.81319730607202,-122.01926720679472
30864,PETRONAS,PETRONAS HZ TOWN D-E072-A/094-B-16,MONTNEY,5062.0,2022-04-04 07:00:00,True,56.81333664159739,-122.01901211033088
30865,PETRONAS,PETRONAS HZ TOWN D-F072-A/094-B-16,MONTNEY,5083.0,2022-04-04 07:00:00,True,56.81329019703977,-122.01909714153639
30866,PETRONAS,PETRONAS HZ TOWN D-G072-A/094-B-16,MONTNEY,4939.0,2022-04-04 07:00:00,True,56.81324375158315,-122.01918217426764
40168,TOURMALINE,TOURMALINE ET AL HZ KOBES D-J005-H/094-B-09,MONTNEY,4750.0,2022-04-12 07:00:00,True,56.58990948185974,-122.05258463086857
40171,TOURMALINE,TOURMALINE ET AL HZ KOBES D-M005-H/094-B-09,MONTNEY,4340.0,2022-04-12 07:00:00,True,56.58980155972058,-122.0527249342788
40172,TOURMALINE,TOURMALINE ET AL HZ KOBES D-N005-H/094-B-09,MONTNEY,4280.0,2022-04-12 07:00:00,True,56.589765586536444,-122.05277170181833
40169,TOURMALINE,TOURMALINE ET AL HZ KOBES D-K005-H/094-B-09,MONTNEY,4326.0,2022-04-12 07:00:00,True,56.58987350782963,-122.05263139875849
40173,TOURMALINE,TOURMALINE ET AL HZ KOBES D-O005-H/094-B-09,MONTNEY,4470.0,2022-04-12 07:00:00,True,56.58972961244122,-122.05281846936222
41928,TOURMALINE,TOURMALINE ET AL HZ KOBES D-Q005-H/094-B-09,MONTNEY,4495.0,2022-04-12 07:00:00,True,56.58965766335699,-122.05291200590983
40167,TOURMALINE,TOURMALINE ET AL HZ KOBES D-I005-H/094-B-09,MONTNEY,5050.0,2022-04-12 07:00:00,True,56.589945454978725,-122.0525378629831
41929,TOURMALINE,TOURMALINE ET AL HZ KOBES D-R005-H/094-B-09,MONTNEY,4660.0,2022-04-12 07:00:00,True,56.58962169010774,-122.05295877310338
41927,TOURMALINE,TOURMALINE ET AL HZ KOBES D-P005-H/094-B-09,MONTNEY,4444.0,2022-04-12 07:00:00,True,56.58969363837963,-122.052865238448
40170,TOURMALINE,TOURMALINE ET AL HZ KOBES D-L005-H/094-B-09,MONTNEY,4441.0,2022-04-12 07:00:00,True,56.58983753378323,-122.0526781665619
40229,ARCRES,ARCRES  HZ DOE B16-15-080-15,MONTNEY,5424.0,2022-04-14 07:00:00,True,55.9405802646519,-120.24964570554997
40234,ARCRES,ARCRES  HZ DOE G16-15-080-15,MONTNEY,5414.0,2022-04-14 07:00:00,True,55.94057877945206,-120.2504458784704
40232,ARCRES,ARCRES  HZ DOE E16-15-080-15,MONTNEY,5301.0,2022-04-14 07:00:00,True,55.94057937395959,-120.25012580933549
40233,ARCRES,ARCRES  HZ DOE F16-15-080-15,MONTNEY,5035.0,2022-04-14 07:00:00,True,55.94057907636034,-120.25028584396922
40231,ARCRES,ARCRES  HZ DOE D16-15-080-15,MONTNEY,5204.0,2022-04-14 07:00:00,True,55.94057967135678,-120.24996577469932
40230,ARCRES,ARCRES  HZ DOE C16-15-080-15,MONTNEY,5453.0,2022-04-14 07:00:00,True,55.94057996765886,-120.24980574019092
40227,ARCRES,ARCRES  HZ DOE  16-15-080-15,MONTNEY,5778.0,2022-04-14 07:00:00,True,55.94058085706605,-120.24932563479216
40228,ARCRES,ARCRES  HZ DOE A16-15-080-15,MONTNEY,5830.0,2022-04-14 07:00:00,True,55.94058056144288,-120.24948567090661
41427,ARCRES,ARCRES  HZ DOE H16-15-080-15,MONTNEY,5214.0,2022-04-14 07:00:00,True,55.940578485311555,-120.2506059189742
30327,PETRONAS,PETRONAS  HZ JULIENNE A- 024-A/094-G-02,MONTNEY,4258.0,2022-04-15 07:00:00,True,57.017600317034336,-122.53956697599126
30330,PETRONAS,PETRONAS  HZ JULIENNE A-C024-A/094-G-02,MONTNEY,4129.0,2022-04-15 07:00:00,True,57.0175264665553,-122.54004182009261
30331,PETRONAS,PETRONAS  HZ JULIENNE A-D024-A/094-G-02,MONTNEY,3959.0,2022-04-15 07:00:00,True,57.017501846506384,-122.54020010681357
30329,PETRONAS,PETRONAS  HZ JULIENNE A-B024-A/094-G-02,MONTNEY,4094.0,2022-04-15 07:00:00,True,57.017551086412276,-122.53988353316916
30332,PETRONAS,PETRONAS  HZ JULIENNE A-E024-A/094-G-02,MONTNEY,4078.0,2022-04-15 07:00:00,True,57.017477234781495,-122.54035837605558
30334,PETRONAS,PETRONAS  HZ JULIENNE A-G024-A/094-G-02,MONTNEY,4275.0,2022-04-15 07:00:00,True,57.01742799372377,-122.54067494848495
30328,PETRONAS,PETRONAS  HZ JULIENNE A-A024-A/094-G-02,MONTNEY,4096.0,2022-04-15 07:00:00,True,57.01757569712332,-122.53972524684887
30333,PETRONAS,PETRONAS  HZ JULIENNE A-F024-A/094-G-02,MONTNEY,4254.0,2022-04-15 07:00:00,True,57.01745261434861,-122.54051666237149
34870,SHELL,SHELL  HZ GROUNDBIRCH O14-17-080-19,MONTNEY,6497.7,2022-04-18 07:00:00,True,55.93823255623804,-120.93985529261825
34872,SHELL,SHELL  HZ GROUNDBIRCH Q14-17-080-19,MONTNEY,6444.1,2022-04-18 07:00:00,True,55.938198335441946,-120.93969104585976
34868,SHELL,SHELL  HZ GROUNDBIRCH M14-17-080-19,MONTNEY,6128.0,2022-04-18 07:00:00,True,55.938232597798155,-120.93985532106225
34869,SHELL,SHELL  HZ GROUNDBIRCH N14-17-080-19,MONTNEY,6556.0,2022-04-18 07:00:00,True,55.938221241550984,-120.93980053613404
34871,SHELL,SHELL  HZ GROUNDBIRCH P14-17-080-19,MONTNEY,6585.0,2022-04-18 07:00:00,True,55.93819852713434,-120.93969096500116
39163,TOURMALINE,TOURMALINE  HZ TOWN A-A012-A/094-B-16,MONTNEY,4012.0,2022-04-29 07:00:00,True,56.759420539086804,-122.0192418793811
39165,TOURMALINE,TOURMALINE  HZ TOWN A-C012-A/094-B-16,MONTNEY,3882.0,2022-04-29 07:00:00,True,56.75942046553501,-122.01908064929465
39162,TOURMALINE,TOURMALINE  HZ TOWN A- 012-A/094-B-16,MONTNEY,4026.0,2022-04-29 07:00:00,True,56.75942057061944,-122.01932250151886
39164,TOURMALINE,TOURMALINE  HZ TOWN A-B012-A/094-B-16,MONTNEY,3909.0,2022-04-29 07:00:00,True,56.75941859825917,-122.01891924935008
38142,CNRL,CNRL  HZ NIGCREEK B- 086-G/094-H-04,MONTNEY,3724.0,2022-05-09 07:00:00,True,57.15066866955491,-121.6980874165473
38143,CNRL,CNRL  HZ NIGCREEK B-A086-G/094-H-04,MONTNEY,3618.0,2022-05-09 07:00:00,True,57.150718630701945,-121.69965626933529
38147,CNRL,CNRL  HZ NIGCREEK B-E086-G/094-H-04,MONTNEY,4852.0,2022-05-09 07:00:00,True,57.15071349374637,-121.69916077876094
38146,CNRL,CNRL  HZ NIGCREEK B-D086-G/094-H-04,MONTNEY,4968.0,2022-05-09 07:00:00,True,57.15071477841998,-121.69928465923782
38144,CNRL,CNRL  HZ NIGCREEK B-B086-G/094-H-04,MONTNEY,3798.0,2022-05-09 07:00:00,True,57.15071734692497,-121.69953240535085
38145,CNRL,CNRL  HZ NIGCREEK B-C086-G/094-H-04,MONTNEY,4060.0,2022-05-09 07:00:00,True,57.15071606248626,-121.69940852485743
35443,MURPHY,MURPHY  HZ SUNDOWN R01-03-078-17,MONTNEY,5420.0,2022-05-16 07:00:00,True,55.72563503182731,-120.54069568107086
35440,MURPHY,MURPHY  HZ SUNDOWN O01-03-078-17,MONTNEY,5424.0,2022-05-16 07:00:00,True,55.72563494236609,-120.54045697851157
35442,MURPHY,MURPHY  HZ SUNDOWN Q01-03-078-17,MONTNEY,5480.0,2022-05-16 07:00:00,True,55.7256350020571,-120.54061611355097
35444,MURPHY,MURPHY  HZ SUNDOWN S01-03-078-17,MONTNEY,5497.0,2022-05-16 07:00:00,True,55.72563506092605,-120.54077523427424
35441,MURPHY,MURPHY  HZ SUNDOWN P01-03-078-17,MONTNEY,5580.0,2022-05-16 07:00:00,True,55.72590399959072,-120.53950185709124
39003,CNRL,CNRL  HZ FIREWEED A-B042-G/094-A-13,MONTNEY,4600.0,2022-05-26 07:00:00,True,56.86970177492668,-121.63945081462988
39004,CNRL,CNRL  HZ FIREWEED A-C042-G/094-A-13,MONTNEY,4595.0,2022-05-26 07:00:00,True,56.86965719650792,-121.6394412774651
39005,CNRL,CNRL  HZ FIREWEED A-D042-G/094-A-13,MONTNEY,4746.0,2022-05-26 07:00:00,True,56.869612620028974,-121.63943190468942
36151,TOURMALINE,TOURMALINE  HZ NIG CREEK B-B036-F/094-H-04,MONTNEY,4689.0,2022-06-04 07:00:00,True,57.10846476370351,-121.82443436681
36147,TOURMALINE,TOURMALINE  HZ NIG CREEK B-F036-F/094-H-04,MONTNEY,4740.0,2022-06-04 07:00:00,True,57.10839613485054,-121.82473433102763
36149,TOURMALINE,TOURMALINE  HZ NIG CREEK B-H036-F/094-H-04,MONTNEY,4568.0,2022-06-04 07:00:00,True,57.10843044938919,-121.82458434987787
36152,TOURMALINE,TOURMALINE  HZ NIG CREEK B-C036-F/094-H-04,MONTNEY,4309.0,2022-06-04 07:00:00,True,57.108481930774865,-121.82435939230334
36150,TOURMALINE,TOURMALINE  HZ NIG CREEK B-A036-F/094-H-04,MONTNEY,4034.0,2022-06-04 07:00:00,True,57.10844760701527,-121.82450935832874
36625,CNRL,CNRL  HZ NIG CREEK C-B012-A/094-H-04,MONTNEY,4735.0,2022-06-04 07:00:00,True,57.013049494543125,-121.52574646591376
36146,TOURMALINE,TOURMALINE  HZ NIG CREEK B-E036-F/094-H-04,MONTNEY,4271.0,2022-06-04 07:00:00,True,57.10837897709585,-121.82480932237571
36153,TOURMALINE,TOURMALINE  HZ NIG CREEK B-D036-F/094-H-04,MONTNEY,4958.0,2022-06-04 07:00:00,True,57.108499087377375,-121.82428440065055
36623,CNRL,CNRL  HZ NIG CREEK C- 012-A/094-H-04,MONTNEY,4476.0,2022-06-04 07:00:00,True,57.01318413969217,-121.52574113849204
36148,TOURMALINE,TOURMALINE  HZ NIG CREEK B-G036-F/094-H-04,MONTNEY,4223.0,2022-06-04 07:00:00,True,57.108413291720254,-121.82465934136003
36624,CNRL,CNRL  HZ NIG CREEK C-A012-A/094-H-04,MONTNEY,4554.0,2022-06-04 07:00:00,True,57.01311681264274,-121.52574380272827
42409,MURPHY,MURPHY  HZ SUNDOWN J13-02-078-17,MONTNEY,6680.0,2022-06-05 07:00:00,True,55.734831519982805,-120.53115567577439
42405,MURPHY,MURPHY  HZ SUNDOWN F13-02-078-17,MONTNEY,6159.0,2022-06-05 07:00:00,True,55.73475751965363,-120.53086560442108
42406,MURPHY,MURPHY  HZ SUNDOWN G13-02-078-17,MONTNEY,6142.0,2022-06-05 07:00:00,True,55.73477601993809,-120.53093813054215
42408,MURPHY,MURPHY  HZ SUNDOWN I13-02-078-17,MONTNEY,6406.0,2022-06-05 07:00:00,True,55.73481302058384,-120.53108316695277
42407,MURPHY,MURPHY  HZ SUNDOWN H13-02-078-17,MONTNEY,6067.0,2022-06-05 07:00:00,True,55.73479452038268,-120.53101064069672
24354,ARCRES,ARCRES   GROUNDBIRCH  13-11-081-20,MONTNEY,2470.0,2022-06-15 07:00:00,True,56.0131075013472,-121.02483815531248
31993,SHELL,SHELL ET AL HZ GROUNDBIRCH D12-10-081-20,MONTNEY,5431.0,2022-06-22 07:00:00,True,56.009547991207164,-121.048475028438
31991,SHELL,SHELL ET AL HZ GROUNDBIRCH B12-10-081-20,MONTNEY,5384.0,2022-06-22 07:00:00,True,56.00960381688488,-121.04841367690382
31989,SHELL,SHELL ET AL HZ GROUNDBIRCH  12-10-081-20,MONTNEY,5462.0,2022-06-22 07:00:00,True,56.00965740926326,-121.04820553248071
31994,SHELL,SHELL ET AL HZ GROUNDBIRCH E12-10-081-20,MONTNEY,5388.0,2022-06-22 07:00:00,True,56.009520077566215,-121.04850569537949
31992,SHELL,SHELL ET AL HZ GROUNDBIRCH C12-10-081-20,MONTNEY,5364.0,2022-06-22 07:00:00,True,56.00957590421473,-121.04844434542282
31990,SHELL,SHELL ET AL HZ GROUNDBIRCH A12-10-081-20,MONTNEY,5374.0,2022-06-22 07:00:00,True,56.00963173050435,-121.04838300983218
41348,OVV,OVV  HZ SUNRISE Q13-33-078-17,MONTNEY,5735.0,2022-06-26 07:00:00,True,55.80892736832914,-120.58141177304984
41347,OVV,OVV  HZ SUNRISE P13-33-078-17,MONTNEY,5660.0,2022-06-26 07:00:00,True,55.80883755863091,-120.58141177320911
41346,OVV,OVV  HZ SUNRISE O13-33-078-17,MONTNEY,5780.0,2022-06-26 07:00:00,True,55.808747749003345,-120.58141177496256
41349,OVV,OVV  HZ SUNRISE R13-33-078-17,MONTNEY,6021.0,2022-06-26 07:00:00,True,55.80901717885432,-120.58141177117412
41452,CNRL,CNRL  HZ TOWN D-L069-B/094-B-16,MONTNEY,4291.0,2022-06-28 07:00:00,True,56.80638487129066,-122.23194981900491
33122,CNRL,CNRL  HZ TOWN D-K069-B/094-B-16,MONTNEY,5263.0,2022-06-28 07:00:00,True,56.80645210111845,-122.23194292525656
31717,PETRONAS,PETRONAS  HZ LILY C-E002-K/094-G-02,MONTNEY,7012.0,2022-06-30 07:00:00,True,57.17322254616865,-122.77646232032328
31720,PETRONAS,PETRONAS  HZ LILY C-H002-K/094-G-02,MONTNEY,5496.0,2022-06-30 07:00:00,True,57.17350926452056,-122.77592896503339
31719,PETRONAS,PETRONAS  HZ LILY C-G002-K/094-G-02,MONTNEY,5628.0,2022-06-30 07:00:00,True,57.17326419605822,-122.77623246583366
31713,PETRONAS,PETRONAS  HZ LILY D-C003-K/094-G-02,MONTNEY,5670.0,2022-06-30 07:00:00,True,57.17313924432621,-122.77692202953355
31718,PETRONAS,PETRONAS  HZ LILY C-F002-K/094-G-02,MONTNEY,6865.0,2022-06-30 07:00:00,True,57.173243370980096,-122.77634738569775
31716,PETRONAS,PETRONAS  HZ LILY D-F003-K/094-G-02,MONTNEY,5655.0,2022-06-30 07:00:00,True,57.17320172088914,-122.77657723993765
31715,PETRONAS,PETRONAS  HZ LILY D-E003-K/094-G-02,MONTNEY,5553.0,2022-06-30 07:00:00,True,57.17318089502139,-122.77669217604286
31714,PETRONAS,PETRONAS  HZ LILY D-D003-K/094-G-02,MONTNEY,5731.0,2022-06-30 07:00:00,True,57.1733397711943,-122.77687029055434
42096,TOURMALINE,TOURMALINE ET AL HZ LAPRISE CREEK D-L056-E/094-H-05,MONTNEY,4433.0,2022-07-02 07:00:00,True,57.37983316220295,-121.94097124488492
34288,TOURMALINE,TOURMALINE  HZ SUNRISE O13-07-080-17,MONTNEY,4420.0,2022-07-02 07:00:00,True,55.92437567168548,-120.66102230496249
34293,TOURMALINE,TOURMALINE  HZ SUNRISE T13-07-080-17,MONTNEY,3980.0,2022-07-02 07:00:00,True,55.92415434971925,-120.66103008768606
34290,TOURMALINE,TOURMALINE  HZ SUNRISE Q13-07-080-17,MONTNEY,4194.0,2022-07-02 07:00:00,True,55.92428714632249,-120.66102541406146
41743,TOURMALINE,TOURMALINE ET AL HZ LAPRISE CREEK D-J056-E/094-H-05,MONTNEY,4376.0,2022-07-02 07:00:00,True,57.38014795376193,-121.94062753840996
42095,TOURMALINE,TOURMALINE ET AL HZ LAPRISE CREEK D-K056-E/094-H-05,MONTNEY,4279.0,2022-07-02 07:00:00,True,57.37986830006767,-121.94092141670889
42097,TOURMALINE,TOURMALINE ET AL HZ LAPRISE CREEK D-M056-E/094-H-05,MONTNEY,4816.0,2022-07-02 07:00:00,True,57.37979802347653,-121.9410210747265
39535,TOURMALINE,TOURMALINE ET AL HZ LAPRISE CREEK D-I056-E/094-H-05,MONTNEY,4652.0,2022-07-02 07:00:00,True,57.3799385846445,-121.94082175746532
34289,TOURMALINE,TOURMALINE  HZ SUNRISE P13-07-080-17,MONTNEY,4310.0,2022-07-02 07:00:00,True,55.924331409374986,-120.66102386830784
34291,TOURMALINE,TOURMALINE  HZ SUNRISE R13-07-080-17,MONTNEY,4087.0,2022-07-02 07:00:00,True,55.924242875078804,-120.661026978608
34287,TOURMALINE,TOURMALINE  HZ SUNRISE N13-07-080-17,MONTNEY,4277.0,2022-07-02 07:00:00,True,55.924419943673485,-120.66102075799377
34292,TOURMALINE,TOURMALINE  HZ SUNRISE S13-07-080-17,MONTNEY,4120.0,2022-07-02 07:00:00,True,55.92419861270251,-120.66102854034396
42087,TOURMALINE,TOURMALINE  HZ MONIAS F04-17-081-21,MONTNEY,5111.0,2022-07-06 07:00:00,True,56.01646703470153,-121.25882324205354
42088,TOURMALINE,TOURMALINE  HZ MONIAS G04-17-081-21,MONTNEY,5111.0,2022-07-06 07:00:00,True,56.01653307089707,-121.25889159959105
41211,TOURMALINE,TOURMALINE  HZ MONIAS C04-17-081-21,MONTNEY,4930.0,2022-07-06 07:00:00,True,56.01626893424324,-121.25861815370159
42086,TOURMALINE,TOURMALINE  HZ MONIAS E04-17-081-21,MONTNEY,5066.0,2022-07-06 07:00:00,True,56.01640100741066,-121.25875488366913
42085,TOURMALINE,TOURMALINE  HZ MONIAS D04-17-081-21,MONTNEY,5020.0,2022-07-06 07:00:00,True,56.01633497114446,-121.2586865265891
23065,ARCRES,ARCRES ET AL  PARKLAND  06-03-081-16,MONTNEY,2010.0,2022-07-08 07:00:00,True,55.990683663230364,-120.41929329922282
41430,PACIFIC CANBRIAM,PACIFIC CANBRIAM  HZ ALTARES C-B098-D/094-A-05,MONTNEY,5162.0,2022-07-11 07:00:00,True,56.33072382732703,-121.97564601228534
41428,PACIFIC CANBRIAM,PACIFIC CANBRIAM  HZ ALTARES C- 098-D/094-A-05,MONTNEY,5258.0,2022-07-11 07:00:00,True,56.330569649364946,-121.97581179322741
41431,PACIFIC CANBRIAM,PACIFIC CANBRIAM  HZ ALTARES C-C098-D/094-A-05,MONTNEY,5316.0,2022-07-11 07:00:00,True,56.33080091639881,-121.97556311238229
41429,PACIFIC CANBRIAM,PACIFIC CANBRIAM  HZ ALTARES C-A098-D/094-A-05,MONTNEY,5233.0,2022-07-11 07:00:00,True,56.33064673904797,-121.97572891015238
36525,TOURMALINE,TOURMALINE  HZ TOWN B-N024-I/094-B-09,MONTNEY,4798.0,2022-07-18 07:00:00,True,56.68660910857901,-122.0469218166118
36527,TOURMALINE,TOURMALINE  HZ TOWN B-P024-I/094-B-09,MONTNEY,4582.0,2022-07-18 07:00:00,True,56.68663538487227,-122.04676823872899
36522,TOURMALINE,TOURMALINE  HZ TOWN B-K024-I/094-B-09,MONTNEY,5146.0,2022-07-18 07:00:00,True,56.68656967634698,-122.04715231664775
36524,TOURMALINE,TOURMALINE  HZ TOWN B-M024-I/094-B-09,MONTNEY,4982.0,2022-07-18 07:00:00,True,56.6865959645306,-122.046998649465
40637,TOURMALINE,TOURMALINE  HZ TOWN B-U024-I/094-B-09,MONTNEY,4608.0,2022-07-18 07:00:00,True,56.68670108584343,-122.04638415525103
36521,TOURMALINE,TOURMALINE  HZ TOWN B-J024-I/094-B-09,MONTNEY,5351.0,2022-07-18 07:00:00,True,56.6865565321617,-122.04722914934486
40636,TOURMALINE,TOURMALINE  HZ TOWN B-T024-I/094-B-09,MONTNEY,4675.0,2022-07-18 07:00:00,True,56.68668794608831,-122.04646097168767
40635,TOURMALINE,TOURMALINE  HZ TOWN B-S024-I/094-B-09,MONTNEY,4640.0,2022-07-18 07:00:00,True,56.686674805392734,-122.04653778816355
36523,TOURMALINE,TOURMALINE  HZ TOWN B-L024-I/094-B-09,MONTNEY,5055.0,2022-07-18 07:00:00,True,56.686582820436584,-122.04707548226618
36528,TOURMALINE,TOURMALINE  HZ TOWN B-Q024-I/094-B-09,MONTNEY,4814.0,2022-07-18 07:00:00,True,56.68664852480972,-122.04669142250042
40634,TOURMALINE,TOURMALINE  HZ TOWN B-R024-I/094-B-09,MONTNEY,4662.0,2022-07-18 07:00:00,True,56.68622727711881,-122.04640364415636
36526,TOURMALINE,TOURMALINE  HZ TOWN B-O024-I/094-B-09,MONTNEY,4682.0,2022-07-18 07:00:00,True,56.68662225342669,-122.0468449819828
42472,OVV,OVV  HZ SUNRISE K04-24-078-17,MONTNEY,6955.0,2022-07-21 07:00:00,True,55.770024524243034,-120.50436027901009
29771,OVV,OVV CRP HZ SUNRISE H04-24-078-17,MONTNEY,7155.0,2022-07-21 07:00:00,True,55.76953063503058,-120.50434955031052
29769,OVV,OVV CRP HZ SUNRISE F04-24-078-17,MONTNEY,6985.0,2022-07-21 07:00:00,True,55.76944082823113,-120.5043476065624
42471,OVV,OVV  HZ SUNRISE J04-24-078-17,MONTNEY,6887.0,2022-07-21 07:00:00,True,55.769934725541304,-120.5043583356911
29765,OVV,OVV CRP HZ SUNRISE B04-24-078-17,MONTNEY,7195.0,2022-07-21 07:00:00,True,55.7692612318083,-120.50434370069094
29768,OVV,OVV CRP HZ SUNRISE E04-24-078-17,MONTNEY,7050.0,2022-07-21 07:00:00,True,55.76935102967129,-120.50434564566012
29772,OVV,OVV  HZ SUNRISE I04-24-078-17,MONTNEY,7045.0,2022-07-21 07:00:00,True,55.769844926970485,-120.50435637474015
31217,PETRONAS,PETRONAS  HZ GRAHAM C-D079-G/094-B-08,MONTNEY,4226.0,2022-07-27 07:00:00,True,56.396763005210104,-122.23351356841145
31221,PETRONAS,PETRONAS  HZ GRAHAM C-H079-G/094-B-08,MONTNEY,4292.0,2022-07-27 07:00:00,True,56.39701378317902,-122.23304990045185
31220,PETRONAS,PETRONAS  HZ GRAHAM C-G079-G/094-B-08,MONTNEY,4513.0,2022-07-27 07:00:00,True,56.39695108860294,-122.23316580989655
31219,PETRONAS,PETRONAS  HZ GRAHAM C-F079-G/094-B-08,MONTNEY,4150.0,2022-07-27 07:00:00,True,56.39688838545176,-122.23328173603836
31218,PETRONAS,PETRONAS  HZ GRAHAM C-E079-G/094-B-08,MONTNEY,4206.0,2022-07-27 07:00:00,True,56.396825691146326,-122.23339766094524
33698,SHELL,SHELL  HZ SATURN B02-22-080-19,MONTNEY,5444.0,2022-08-17 07:00:00,True,55.9435208359268,-120.8782920315137
33701,SHELL,SHELL  HZ SATURN E02-22-080-19,MONTNEY,6668.0,2022-08-17 07:00:00,True,55.943538669081875,-120.87846435148505
33699,SHELL,SHELL  HZ SATURN C02-22-080-19,MONTNEY,5890.0,2022-08-17 07:00:00,True,55.94351488550177,-120.87823457678628
33697,SHELL,SHELL  HZ SATURN A02-22-080-19,MONTNEY,5155.0,2022-08-17 07:00:00,True,55.9435208359268,-120.8782920315137
33700,SHELL,SHELL  HZ SATURN D02-22-080-19,MONTNEY,6200.0,2022-08-17 07:00:00,True,55.94352677763535,-120.8783494713014
33696,SHELL,SHELL  HZ SATURN  02-22-080-19,MONTNEY,4752.0,2022-08-17 07:00:00,True,55.94354461971356,-120.87852179176498
38892,TOURMALINE,TOURMALINE  HZ DOE H13-04-080-15,MONTNEY,4167.0,2022-08-23 07:00:00,True,55.911626160703,-120.29534925111999
38886,TOURMALINE,TOURMALINE  HZ DOE B13-04-080-15,MONTNEY,3865.0,2022-08-23 07:00:00,True,55.91189180035364,-120.29535063004661
38893,TOURMALINE,TOURMALINE  HZ DOE I13-04-080-15,MONTNEY,4120.0,2022-08-23 07:00:00,True,55.91158188784043,-120.29534902043726
38885,TOURMALINE,TOURMALINE  HZ DOE A13-04-080-15,MONTNEY,3750.0,2022-08-23 07:00:00,True,55.91193607322035,-120.29535086073294
38888,TOURMALINE,TOURMALINE  HZ DOE D13-04-080-15,MONTNEY,3628.0,2022-08-23 07:00:00,True,55.911803252908015,-120.29535017053138
38887,TOURMALINE,TOURMALINE  HZ DOE C13-04-080-15,MONTNEY,3676.0,2022-08-23 07:00:00,True,55.91184752659447,-120.29535039948986
38891,TOURMALINE,TOURMALINE  HZ DOE G13-04-080-15,MONTNEY,3745.0,2022-08-23 07:00:00,True,55.911670433494066,-120.29534948020542
38889,TOURMALINE,TOURMALINE  HZ DOE E13-04-080-15,MONTNEY,3885.0,2022-08-23 07:00:00,True,55.911758980043096,-120.2953499398466
38890,TOURMALINE,TOURMALINE  HZ DOE F13-04-080-15,MONTNEY,3718.0,2022-08-23 07:00:00,True,55.91171470717874,-120.29534970916232
37862,TOURMALINE,TOURMALINE  HZ TOWN A-N040-H/094-B-16,MONTNEY,5080.0,2022-08-24 07:00:00,True,56.860737733306316,-122.1180857975941
37864,TOURMALINE,TOURMALINE  HZ TOWN A-P040-H/094-B-16,MONTNEY,5178.0,2022-08-24 07:00:00,True,56.86072471295707,-122.11824573501977
37866,TOURMALINE,TOURMALINE  HZ TOWN A-R040-H/094-B-16,MONTNEY,5458.0,2022-08-24 07:00:00,True,56.86071168256544,-122.11840567332774
37865,TOURMALINE,TOURMALINE  HZ TOWN A-Q040-H/094-B-16,MONTNEY,5322.0,2022-08-24 07:00:00,True,56.86071819803153,-122.11832571238666
37860,TOURMALINE,TOURMALINE  HZ TOWN A-L040-H/094-B-16,MONTNEY,5208.0,2022-08-24 07:00:00,True,56.860750772303156,-122.11792585981011
37867,TOURMALINE,TOURMALINE  HZ TOWN A-S040-H/094-B-16,MONTNEY,5641.0,2022-08-24 07:00:00,True,56.860705167541305,-122.11848565064072
37858,TOURMALINE,TOURMALINE  HZ TOWN A-J040-H/094-B-16,MONTNEY,4790.0,2022-08-24 07:00:00,True,56.86076380161215,-122.11776590477955
37861,TOURMALINE,TOURMALINE  HZ TOWN A-M040-H/094-B-16,MONTNEY,5140.0,2022-08-24 07:00:00,True,56.86074423913379,-122.11800582104644
37863,TOURMALINE,TOURMALINE  HZ TOWN A-O040-H/094-B-16,MONTNEY,5191.0,2022-08-24 07:00:00,True,56.86073122788246,-122.11816575926574
37859,TOURMALINE,TOURMALINE  HZ TOWN A-K040-H/094-B-16,MONTNEY,4911.0,2022-08-24 07:00:00,True,56.860757286982285,-122.11784588230834
37086,OVV,OVV  HZ TOWERLAKE D05-02-081-17,MONTNEY,4794.0,2022-09-01 07:00:00,True,55.99111946184938,-120.55509809766406
37085,OVV,OVV  HZ TOWERLAKE C05-02-081-17,MONTNEY,1919.0,2022-09-01 07:00:00,True,55.9911194850863,-120.55565886373375
37082,OVV,OVV  HZ TOWERLAKE  05-02-081-17,MONTNEY,4925.0,2022-09-01 07:00:00,True,55.99111949892763,-120.55613951748019
37084,OVV,OVV  HZ TOWERLAKE B05-02-081-17,MONTNEY,4902.0,2022-09-01 07:00:00,True,55.991119489993636,-120.55581907680372
37089,OVV,OVV  HZ TOWERLAKE G05-02-081-17,MONTNEY,5646.0,2022-09-01 07:00:00,True,55.99111944406362,-120.5546174439185
37083,OVV,OVV  HZ TOWERLAKE A05-02-081-17,MONTNEY,4812.0,2022-09-01 07:00:00,True,55.991119494424844,-120.55597930441019
37088,OVV,OVV  HZ TOWERLAKE F05-02-081-17,MONTNEY,5657.0,2022-09-01 07:00:00,True,55.99111945028572,-120.55477765698814
37087,OVV,OVV  HZ TOWERLAKE E05-02-081-17,MONTNEY,5894.0,2022-09-01 07:00:00,True,55.991119456031875,-120.55493788459432
38624,CNRL,CNRL  HZ SEPTIMUS M05-22-081-18,MONTNEY,5650.0,2022-09-04 07:00:00,True,56.03554381332408,-120.73669603199674
38623,CNRL,CNRL  HZ SEPTIMUS L05-22-081-18,MONTNEY,5399.0,2022-09-04 07:00:00,True,56.0354554953503,-120.73672507354974
38622,CNRL,CNRL  HZ SEPTIMUS K05-22-081-18,MONTNEY,5520.0,2022-09-04 07:00:00,True,56.0353671774391,-120.7367541165763
38625,CNRL,CNRL  HZ SEPTIMUS N05-22-081-18,MONTNEY,2100.0,2022-09-04 07:00:00,True,56.03563213033378,-120.73666698882955
31166,PETRONAS,PETRONAS  HZ TOWN C-I003-D/094-G-01,MONTNEY,6529.0,2022-09-08 07:00:00,True,57.00529026692376,-122.40907176249728
31165,PETRONAS,PETRONAS  HZ TOWN C-H003-D/094-G-01,MONTNEY,6045.0,2022-09-08 07:00:00,True,57.005248274905746,-122.4091646266461
31096,PETRONAS,PETRONAS  HZ TOWN C-D003-D/094-G-01,MONTNEY,4309.0,2022-09-08 07:00:00,True,57.005080317517965,-122.40953610161581
31097,PETRONAS,PETRONAS  HZ TOWN C-E003-D/094-G-01,MONTNEY,4794.0,2022-09-08 07:00:00,True,57.005122308855334,-122.40944323671451
31099,PETRONAS,PETRONAS  HZ TOWN C-G003-D/094-G-01,MONTNEY,6232.0,2022-09-08 07:00:00,True,57.00520629271655,-122.40925749131935
31095,PETRONAS,PETRONAS  HZ TOWN C-C003-D/094-G-01,MONTNEY,4555.0,2022-09-08 07:00:00,True,57.005038325174816,-122.40962896475168
31098,PETRONAS,PETRONAS  HZ TOWN C-F003-D/094-G-01,MONTNEY,4663.0,2022-09-08 07:00:00,True,57.005164301068426,-122.40935037317348
31167,PETRONAS,PETRONAS  HZ TOWN C-J003-D/094-G-01,MONTNEY,6332.0,2022-09-08 07:00:00,True,57.00533225883126,-122.4089788964994
37090,OVV,OVV  HZ TOWERLAKE H05-02-081-17,MONTNEY,5554.0,2022-09-11 07:00:00,True,55.99111943701958,-120.55445721643582
31754,PETRONAS,PETRONAS  HZ BEG C-D001-A/094-G-07,MONTNEY,6612.0,2022-09-25 07:00:00,True,57.25821092780734,-122.50955120750648
31751,PETRONAS,PETRONAS  HZ BEG C-A001-A/094-G-07,MONTNEY,6615.0,2022-09-25 07:00:00,True,57.25819728790816,-122.50930398147267
31750,PETRONAS,PETRONAS  HZ BEG C- 001-A/094-G-07,MONTNEY,6775.0,2022-09-25 07:00:00,True,57.25819273491742,-122.50922157395897
31753,PETRONAS,PETRONAS  HZ BEG C-C001-A/094-G-07,MONTNEY,6780.0,2022-09-25 07:00:00,True,57.25820638482298,-122.50946879903428
31752,PETRONAS,PETRONAS  HZ BEG C-B001-A/094-G-07,MONTNEY,6646.0,2022-09-25 07:00:00,True,57.25820183193591,-122.50938639148134
27170,OVV,OVV  HZ SUNRISE D16-12-079-17,MONTNEY,5395.0,2022-09-26 07:00:00,True,55.838139082322876,-120.50891267114386
27171,OVV,OVV  HZ SUNRISE E16-12-079-17,MONTNEY,5688.0,2022-09-26 07:00:00,True,55.83813913090024,-120.50875308480948
40766,OVV,OVV  HZ SUNRISE F16-12-079-17,MONTNEY,7322.0,2022-09-30 07:00:00,True,55.838139177489595,-120.50859349872262
40038,TOURMALINE,TOURMALINE  HZ BLUEBERRY WEST B-A052-I/094-B-09,MONTNEY,3733.0,2022-10-02 07:00:00,True,56.70925563663678,-122.02522910469547
40036,TOURMALINE,TOURMALINE  HZ BLUEBERRY WEST B-C052-I/094-B-09,MONTNEY,4750.0,2022-10-02 07:00:00,True,56.70925689521703,-122.02539005633804
40037,TOURMALINE,TOURMALINE  HZ BLUEBERRY WEST B-B052-I/094-B-09,MONTNEY,3858.0,2022-10-02 07:00:00,True,56.709256265756025,-122.02530958872822
40039,TOURMALINE,TOURMALINE  HZ BLUEBERRY WEST B- 052-I/094-B-09,MONTNEY,3963.0,2022-10-02 07:00:00,True,56.709255007075534,-122.02514863709084
36216,TOURMALINE,TOURMALINE  HZ SUNSET PRAIRIE G13-02-079-18,MONTNEY,3695.0,2022-10-04 07:00:00,True,55.82198464828208,-120.71184124160702
36217,TOURMALINE,TOURMALINE  HZ SUNSET PRAIRIE H13-02-079-18,MONTNEY,3870.0,2022-10-04 07:00:00,True,55.82202892295105,-120.71184129298463
36215,TOURMALINE,TOURMALINE  HZ SUNSET PRAIRIE F13-02-079-18,MONTNEY,4887.0,2022-10-04 07:00:00,True,55.82189391156022,-120.71235221803965
38029,PACIFIC CANBRIAM,PACIFIC CANBRIAM  HZ ALTARES D-F076-H/094-B-08,MONTNEY,6190.0,2022-10-06 07:00:00,True,56.39762919788762,-122.06620288677782
37910,PACIFIC CANBRIAM,PACIFIC CANBRIAM  HZ ALTARES D-C076-H/094-B-08,MONTNEY,6655.0,2022-10-06 07:00:00,True,56.39775750741844,-122.06577542779209
38027,PACIFIC CANBRIAM,PACIFIC CANBRIAM  HZ ALTARES D-D076-H/094-B-08,MONTNEY,6740.0,2022-10-06 07:00:00,True,56.397714734434935,-122.06591791422287
38028,PACIFIC CANBRIAM,PACIFIC CANBRIAM  HZ ALTARES D-E076-H/094-B-08,MONTNEY,6718.0,2022-10-06 07:00:00,True,56.39767196129395,-122.0660604003418
39744,TOURMALINE,TOURMALINE  HZ TOWN B-B054-I/094-B-09,MONTNEY,4148.0,2022-10-11 07:00:00,True,56.709314600658686,-122.04710295574716
39743,TOURMALINE,TOURMALINE  HZ TOWN B-A054-I/094-B-09,MONTNEY,4102.0,2022-10-11 07:00:00,True,56.7093386430714,-122.04703596204057
39742,TOURMALINE,TOURMALINE  HZ TOWN B- 054-I/094-B-09,MONTNEY,4409.0,2022-10-11 07:00:00,True,56.70936164228469,-122.04696659234394
39745,TOURMALINE,TOURMALINE  HZ TOWN B-C054-I/094-B-09,MONTNEY,4683.0,2022-10-11 07:00:00,True,56.70911751287184,-122.0464979208793
41122,PACIFIC CANBRIAM,PACIFIC CANBRIAM  HZ ALTARES B-F095-H/094-B-08,MONTNEY,6053.0,2022-10-14 07:00:00,True,56.40909178597748,-122.06234022254685
37925,TOURMALINE,TOURMALINE  HZ WILDER  11-27-082-19,MONTNEY,5920.0,2022-10-15 07:00:00,True,56.139469122636264,-120.88737283838353
37262,OVV,OVV  HZ SWANLAKE G15-24-077-15,MONTNEY,6290.0,2022-10-15 07:00:00,True,55.69119327782046,-120.18283857882251
37926,TOURMALINE,TOURMALINE  HZ WILDER A11-27-082-19,MONTNEY,5991.0,2022-10-15 07:00:00,True,56.139658324190044,-120.88853850672109
37261,OVV,OVV  HZ SWANLAKE F15-24-077-15,MONTNEY,6320.0,2022-10-15 07:00:00,True,55.69110696048786,-120.18279464398981
37928,TOURMALINE,TOURMALINE  HZ WILDER C11-27-082-19,MONTNEY,6216.0,2022-10-15 07:00:00,True,56.139251642279156,-120.8875014176893
41301,OVV,OVV  HZ DAWSON CREEK J15-24-077-15,MONTNEY,6483.0,2022-10-15 07:00:00,True,55.69166798195315,-120.18308028099551
37929,TOURMALINE,TOURMALINE  HZ WILDER D11-27-082-19,MONTNEY,5960.0,2022-10-15 07:00:00,True,56.13917929464311,-120.8875444187267
37927,TOURMALINE,TOURMALINE  HZ WILDER B11-27-082-19,MONTNEY,5920.0,2022-10-15 07:00:00,True,56.13932428244733,-120.8874587211043
37930,TOURMALINE,TOURMALINE  HZ WILDER E11-27-082-19,MONTNEY,5740.0,2022-10-15 07:00:00,True,56.139106744079854,-120.88758710979528
37263,OVV,OVV  HZ SWANLAKE H15-24-077-15,MONTNEY,6400.0,2022-10-15 07:00:00,True,55.691279586945754,-120.18288253104151
37264,OVV,OVV  HZ SWANLAKE I15-24-077-15,MONTNEY,6584.0,2022-10-15 07:00:00,True,55.69158166380274,-120.18303634524501
44139,KELT LNG,KELT LNG  HZ OAK B05-33-086-18,MONTNEY,5101.0,2022-10-17 07:00:00,True,56.497748467612816,-120.79352644139948
44140,KELT LNG,KELT LNG  HZ OAK C05-33-086-18,MONTNEY,5383.0,2022-10-17 07:00:00,True,56.49761378334527,-120.79352649686062
38173,TOURMALINE,TOURMALINE  HZ GUNDY CREEK A-S051-B/094-B-16,MONTNEY,4649.0,2022-10-21 07:00:00,True,56.79335393647921,-122.12652882417558
38185,TOURMALINE,TOURMALINE  HZ GUNDY CREEK B-K060-A/094-B-16,MONTNEY,4828.0,2022-10-21 07:00:00,True,56.79342426725649,-122.12623274643201
38184,TOURMALINE,TOURMALINE  HZ GUNDY CREEK B-J060-A/094-B-16,MONTNEY,4718.0,2022-10-21 07:00:00,True,56.7934066817933,-122.1263067613266
38182,TOURMALINE,TOURMALINE  HZ GUNDY CREEK B-H060-A/094-B-16,MONTNEY,4641.0,2022-10-21 07:00:00,True,56.793371521173746,-122.12645480957237
38197,TOURMALINE,TOURMALINE  HZ GUNDY CREEK A-P051-B/094-B-16,MONTNEY,5047.0,2022-10-21 07:00:00,True,56.793301189939996,-122.12675088814596
38186,TOURMALINE,TOURMALINE  HZ GUNDY CREEK B-L060-A/094-B-16,MONTNEY,5023.0,2022-10-21 07:00:00,True,56.793441851733554,-122.12615872992272
38198,TOURMALINE,TOURMALINE  HZ GUNDY CREEK A-Q051-B/094-B-16,MONTNEY,4677.0,2022-10-21 07:00:00,True,56.79331877560687,-122.12667687201784
38183,TOURMALINE,TOURMALINE  HZ GUNDY CREEK B-I060-A/094-B-16,MONTNEY,4603.0,2022-10-21 07:00:00,True,56.79338910667217,-122.12638079317522
38172,TOURMALINE,TOURMALINE  HZ GUNDY CREEK A-R051-B/094-B-16,MONTNEY,4759.0,2022-10-21 07:00:00,True,56.793336350896546,-122.12660284043822
31488,PETRONAS,PETRONAS  HZ BEG A-F076-F/094-G-01,MONTNEY,5365.0,2022-10-24 07:00:00,True,57.14364668213338,-122.31679810208846
31486,PETRONAS,PETRONAS  HZ BEG A-D076-F/094-G-01,MONTNEY,5404.0,2022-10-24 07:00:00,True,57.14358529458545,-122.31699985839394
31487,PETRONAS,PETRONAS  HZ BEG A-E076-F/094-G-01,MONTNEY,5313.0,2022-10-24 07:00:00,True,57.14361598793179,-122.31689896379953
31489,PETRONAS,PETRONAS  HZ BEG A-G076-F/094-G-01,MONTNEY,6212.0,2022-10-24 07:00:00,True,57.14367738427866,-122.31669720631079
30096,CNRL,CNRL  HZ SEPTIMUS J03-31-081-19,MONTNEY,4445.0,2022-10-24 07:00:00,True,56.0588418490196,-120.96468604485308
30097,CNRL,CNRL  HZ SEPTIMUS K03-31-081-19,MONTNEY,4584.0,2022-10-24 07:00:00,True,56.05887723105484,-120.96478847091346
30098,CNRL,CNRL  HZ SEPTIMUS L03-31-081-19,MONTNEY,6276.0,2022-10-24 07:00:00,True,56.058912603813454,-120.96489091446443
31485,PETRONAS,PETRONAS  HZ BEG A-C076-F/094-G-01,MONTNEY,3757.0,2022-10-24 07:00:00,True,57.143554601161874,-122.31710075282686
30099,CNRL,CNRL  HZ SEPTIMUS M03-31-081-19,MONTNEY,6154.0,2022-10-26 07:00:00,True,56.05894798574815,-120.96499334249737
39180,COP,COP  HZ INGA J01-31-088-23,MONTNEY,5080.0,2022-11-08 07:00:00,True,56.669135987778155,-121.64625465511061
39179,COP,COP  HZ INGA I01-31-088-23,MONTNEY,4931.0,2022-11-08 07:00:00,True,56.669068638540224,-121.64646650464414
39181,COP,COP  HZ INGA K01-31-088-23,MONTNEY,4959.0,2022-11-08 07:00:00,True,56.66920333577642,-121.6460428049425
39177,COP,COP  HZ INGA G01-31-088-23,MONTNEY,4964.0,2022-11-08 07:00:00,True,56.66893394981899,-121.64689020193225
39178,COP,COP  HZ INGA H01-31-088-23,MONTNEY,5032.0,2022-11-08 07:00:00,True,56.66900128985176,-121.64667835334225
39171,COP,COP  HZ INGA A01-31-088-23,MONTNEY,5330.0,2022-11-08 07:00:00,True,56.66922943508501,-121.64720006196309
39173,COP,COP  HZ INGA C01-31-088-23,MONTNEY,5310.0,2022-11-08 07:00:00,True,56.669364134397505,-121.64677637946387
39174,COP,COP  HZ INGA D01-31-088-23,MONTNEY,5402.0,2022-11-08 07:00:00,True,56.66943148415529,-121.64656452885548
39176,COP,COP  HZ INGA F01-31-088-23,MONTNEY,5052.0,2022-11-08 07:00:00,True,56.66886659988952,-121.64710203284882
39170,COP,COP  HZ INGA  01-31-088-23,MONTNEY,5448.0,2022-11-08 07:00:00,True,56.66916208518651,-121.6474119102661
39172,COP,COP  HZ INGA B01-31-088-23,MONTNEY,5408.0,2022-11-08 07:00:00,True,56.66929678518921,-121.64698822923688
31528,PETRONAS,PETRONAS  HZ CARIBOU D-C040-H/094-G-07,MONTNEY,3600.0,2022-11-14 07:00:00,True,57.36617091856699,-122.61408363135692
31529,PETRONAS,PETRONAS  HZ CARIBOU C- 039-H/094-G-07,MONTNEY,3686.0,2022-11-14 07:00:00,True,57.36622921711444,-122.61395728176038
31532,PETRONAS,PETRONAS  HZ CARIBOU C-C039-H/094-G-07,MONTNEY,3996.0,2022-11-14 07:00:00,True,57.3664041116157,-122.61357821403128
31531,PETRONAS,PETRONAS  HZ CARIBOU C-B039-H/094-G-07,MONTNEY,3717.0,2022-11-14 07:00:00,True,57.36634581342439,-122.61370456478643
34365,TOURMALINE,TOURMALINE  HZ NIG CREEK A- 057-C/094-H-04,MONTNEY,5342.0,2022-11-18 07:00:00,True,57.04392699498141,-121.83170220439042
34369,TOURMALINE,TOURMALINE  HZ NIG CREEK A-D057-C/094-H-04,MONTNEY,4116.0,2022-11-18 07:00:00,True,57.043751741543694,-121.83174858221528
34367,TOURMALINE,TOURMALINE  HZ NIG CREEK A-B057-C/094-H-04,MONTNEY,5183.0,2022-11-18 07:00:00,True,57.04392926878385,-121.83176557867944
34366,TOURMALINE,TOURMALINE  HZ NIG CREEK A-A057-C/094-H-04,MONTNEY,3860.0,2022-11-18 07:00:00,True,57.04403574253028,-121.83173533261164
34368,TOURMALINE,TOURMALINE  HZ NIG CREEK A-C057-C/094-H-04,MONTNEY,5500.0,2022-11-18 07:00:00,True,57.04379554841441,-121.83173698850275
34370,TOURMALINE,TOURMALINE  HZ NIG CREEK A-E057-C/094-H-04,MONTNEY,3943.0,2022-11-18 07:00:00,True,57.043707925724,-121.83176017687249
43105,OVV,OVV  HZ SUNRISE E04-22-079-17,MONTNEY,6825.0,2022-11-29 07:00:00,True,55.85573130451865,-120.58103611490357
41866,CNRL,CNRL  HZ TOWN B-J014-F/094-B-16,MONTNEY,4768.0,2022-11-29 07:00:00,True,56.8426571966929,-122.29998042917356
43106,OVV,OVV  HZ SUNRISE F04-22-079-17,MONTNEY,6755.0,2022-11-29 07:00:00,True,55.85573135522127,-120.58087645883415
29314,OVV,OVV CRP HZ SUNRISE  04-22-079-17,MONTNEY,5040.0,2022-11-29 07:00:00,True,55.85573109276128,-120.58159492365226
29316,OVV,OVV CRP HZ SUNRISE B04-22-079-17,MONTNEY,5367.0,2022-11-29 07:00:00,True,55.855730971265515,-120.58191425431727
41867,CNRL,CNRL  HZ TOWN B-K014-F/094-B-16,MONTNEY,4214.0,2022-11-29 07:00:00,True,56.84263657860693,-122.3000974009699
29315,OVV,OVV CRP HZ SUNRISE A04-22-079-17,MONTNEY,7022.0,2022-11-29 07:00:00,True,55.85573103201005,-120.58175459702639
43104,OVV,OVV  HZ SUNRISE D04-22-079-17,MONTNEY,7040.0,2022-11-29 07:00:00,True,55.85573124378774,-120.5811957723191
29317,OVV,OVV CRP HZ SUNRISE C04-22-079-17,MONTNEY,7085.0,2022-11-29 07:00:00,True,55.85573091025094,-120.58207391001166
43107,OVV,OVV  HZ SUNRISE G04-22-079-17,MONTNEY,7138.0,2022-11-29 07:00:00,True,55.855147194856464,-120.58183742513954
32069,CNRL,CNRL  HZ TOWN B-I014-F/094-B-16,MONTNEY,4108.0,2022-11-29 07:00:00,True,56.84267781472045,-122.29986345889179
39579,KELT LNG,KELT LNG  HZ GOPHER A10-27-085-16,MONTNEY,5209.0,2022-12-06 07:00:00,True,56.402552696050996,-120.43463914661577
43620,ARCRES,ARCRES  HZ SUNRISE K02-35-078-18,MONTNEY,4855.0,2022-12-12 07:00:00,True,55.79755736290751,-120.67296455209087
43619,ARCRES,ARCRES  HZ SUNRISE J02-35-078-18,MONTNEY,4378.0,2022-12-12 07:00:00,True,55.79760226668039,-120.67296454914329
43621,ARCRES,ARCRES  HZ SUNRISE L02-35-078-18,MONTNEY,5573.0,2022-12-12 07:00:00,True,55.79751245920251,-120.67296455663232
43618,ARCRES,ARCRES  HZ SUNRISE I02-35-078-18,MONTNEY,4172.0,2022-12-12 07:00:00,True,55.79764717038649,-120.67296454460184
43622,ARCRES,ARCRES  HZ SUNRISE M02-35-078-18,MONTNEY,4729.0,2022-12-12 07:00:00,True,55.79746755556537,-120.67296456276753
34710,TOURMALINE,TOURMALINE  HZ LAPRISE D-F078-C/094-H-05,MONTNEY,4541.0,2022-12-27 07:00:00,True,57.316314057571525,-121.84465680172877
30283,TOURMALINE,TOURMALINE  HZ SUNDOWN E02-06-077-17,DOIG,5662.0,2022-12-27 07:00:00,False,55.636943038599256,-120.6208625590277
34711,TOURMALINE,TOURMALINE  HZ LAPRISE D-G078-C/094-H-05,MONTNEY,4168.0,2022-12-27 07:00:00,True,57.31628805220444,-121.84459058737032
34709,TOURMALINE,TOURMALINE ET AL HZ LAPRISE D-E078-C/094-H-05,MONTNEY,4293.0,2022-12-27 07:00:00,True,57.31634005395451,-121.84472301715232
30282,TOURMALINE,TOURMALINE  HZ SUNDOWN D02-06-077-17,MONTNEY,5690.0,2022-12-27 07:00:00,True,55.63694152055462,-120.62078432833734
30281,TOURMALINE,TOURMALINE  HZ SUNDOWN C02-06-077-17,MONTNEY,5737.0,2022-12-27 07:00:00,True,55.63694000335463,-120.62070609753204
43444,TOURMALINE,TOURMALINE  HZ SUNDOWN G02-06-077-17,MONTNEY,5920.0,2022-12-27 07:00:00,True,55.636946073717304,-120.6210190221346
43443,TOURMALINE,TOURMALINE  HZ SUNDOWN F02-06-077-17,MONTNEY,5903.0,2022-12-27 07:00:00,True,55.63694607433861,-120.62101901566444
39083,TOURMALINE,TOURMALINE  HZ TOWN B-T005-A/094-B-16,MONTNEY,4246.0,2022-12-30 07:00:00,True,56.750254314842785,-122.0634072797155
39081,TOURMALINE,TOURMALINE  HZ TOWN B-R005-A/094-B-16,MONTNEY,4152.0,2022-12-30 07:00:00,True,56.750302480126585,-122.06327206722247
39057,TOURMALINE,TOURMALINE  HZ TOWN B-W005-A/094-B-16,MONTNEY,4206.0,2022-12-30 07:00:00,True,56.750182059720274,-122.06361012067293
39079,TOURMALINE,TOURMALINE  HZ TOWN B-P005-A/094-B-16,MONTNEY,4272.0,2022-12-30 07:00:00,True,56.75035064392711,-122.06313683976781
39075,TOURMALINE,TOURMALINE  HZ TOWN B-L005-A/094-B-16,MONTNEY,4490.0,2022-12-30 07:00:00,True,56.750446980952354,-122.06286638284858
39055,TOURMALINE,TOURMALINE  HZ TOWN B-U005-A/094-B-16,MONTNEY,4150.0,2022-12-30 07:00:00,True,56.75023022382093,-122.06347489242373
39056,TOURMALINE,TOURMALINE  HZ TOWN B-V005-A/094-B-16,MONTNEY,4261.0,2022-12-30 07:00:00,True,56.75020614181302,-122.06354250740793
39080,TOURMALINE,TOURMALINE  HZ TOWN B-Q005-A/094-B-16,MONTNEY,4124.0,2022-12-30 07:00:00,True,56.75032656484873,-122.06320478129578
39077,TOURMALINE,TOURMALINE  HZ TOWN B-N005-A/094-B-16,MONTNEY,4308.0,2022-12-30 07:00:00,True,56.75033789120902,-122.06254719835457
39078,TOURMALINE,TOURMALINE  HZ TOWN B-O005-A/094-B-16,MONTNEY,4165.0,2022-12-30 07:00:00,True,56.75037473472413,-122.06306922500416
39076,TOURMALINE,TOURMALINE  HZ TOWN B-M005-A/094-B-16,MONTNEY,4397.0,2022-12-30 07:00:00,True,56.75042289920961,-122.06293399695413
39082,TOURMALINE,TOURMALINE  HZ TOWN B-S005-A/094-B-16,MONTNEY,4070.0,2022-12-30 07:00:00,True,56.75027839772547,-122.06333966610731
34949,TOURMALINE,TOURMALINE  HZ BIRCH C-C012-I/094-A-13,MONTNEY,3714.0,2023-01-04 07:00:00,True,56.93181571932211,-121.52315905450683
34950,TOURMALINE,TOURMALINE  HZ BIRCH C-D012-I/094-A-13,MONTNEY,4351.0,2023-01-04 07:00:00,True,56.93181518510034,-121.52307809026036
34951,TOURMALINE,TOURMALINE  HZ BIRCH C-E012-I/094-A-13,MONTNEY,4400.0,2023-01-04 07:00:00,True,56.93181464244845,-121.52299714347703
39536,TOURMALINE,TOURMALINE ET AL HZ NIG CREEK C-G012-I/094-A-13,MONTNEY,4790.0,2023-01-04 07:00:00,True,56.931814108125806,-121.52291617923504
39537,TOURMALINE,TOURMALINE ET AL HZ NIG CREEK C-H012-I/094-A-13,MONTNEY,3932.0,2023-01-04 07:00:00,True,56.93181356480649,-121.52283521603522
31581,PETRONAS,PETRONAS  HZ JULIENNE C-D023-G/094-G-02,MONTNEY,6006.0,2023-01-08 07:00:00,True,57.10583052090003,-122.65804258549625
31580,PETRONAS,PETRONAS  HZ JULIENNE C-C023-G/094-G-02,MONTNEY,5880.0,2023-01-08 07:00:00,True,57.105793148983885,-122.65808829491327
31578,PETRONAS,PETRONAS  HZ JULIENNE C-A023-G/094-G-02,MONTNEY,5889.0,2023-01-08 07:00:00,True,57.10571841406188,-122.65817971270047
31579,PETRONAS,PETRONAS  HZ JULIENNE C-B023-G/094-G-02,MONTNEY,5999.0,2023-01-08 07:00:00,True,57.10575577705278,-122.65813400424133
31577,PETRONAS,PETRONAS  HZ JULIENNE C- 023-G/094-G-02,MONTNEY,5866.0,2023-01-08 07:00:00,True,57.10568104120522,-122.6582254219286
34675,PACIFIC CANBRIAM,PACIFIC CANBRIAM  HZ ALTARES C-K084-A/094-B-08,MONTNEY,5830.0,2023-01-12 07:00:00,True,56.323938150045876,-122.04645002690856
34674,PACIFIC CANBRIAM,PACIFIC CANBRIAM  HZ ALTARES C-J084-A/094-B-08,MONTNEY,4695.0,2023-01-12 07:00:00,True,56.32399331594779,-122.0462291401386
33351,CNRL,CNRL  HZ TOWNSEND D-H057-H/094-B-09,MONTNEY,4227.0,2023-01-27 07:00:00,True,56.629313741123575,-122.08049368695266
33353,CNRL,CNRL  HZ TOWNSEND D-J057-H/094-B-09,MONTNEY,4277.0,2023-01-27 07:00:00,True,56.62933286769378,-122.08073557905618
33352,CNRL,CNRL  HZ TOWNSEND D-I057-H/094-B-09,MONTNEY,4096.0,2023-01-27 07:00:00,True,56.62932330493757,-122.08061463374453
33350,CNRL,CNRL  HZ TOWNSEND D-G057-H/094-B-09,MONTNEY,4308.0,2023-01-27 07:00:00,True,56.629304177245736,-122.08037274185044
40626,TOURMALINE,TOURMALINE  HZ TOWN B-Z035-A/094-B-16,MONTNEY,3797.0,2023-02-01 07:00:00,True,56.77627656664817,-122.06197202576534
40629,TOURMALINE,TOURMALINE  HZ TOWN B-AC035-A/094-B-16,MONTNEY,3408.0,2023-02-01 07:00:00,True,56.77633508644527,-122.06175475891371
40632,TOURMALINE,TOURMALINE  HZ TOWN B-AF035-A/094-B-16,MONTNEY,4358.0,2023-02-01 07:00:00,True,56.77639360582985,-122.0615374897691
40633,TOURMALINE,TOURMALINE  HZ TOWN B-AG035-A/094-B-16,MONTNEY,4691.0,2023-02-01 07:00:00,True,56.77641311194573,-122.06146506769618
40630,TOURMALINE,TOURMALINE  HZ TOWN B-AD035-A/094-B-16,MONTNEY,3384.0,2023-02-01 07:00:00,True,56.776354592632174,-122.06168233542343
40631,TOURMALINE,TOURMALINE  HZ TOWN B-AE035-A/094-B-16,MONTNEY,3496.0,2023-02-01 07:00:00,True,56.77637409882862,-122.06160991349647
40627,TOURMALINE,TOURMALINE  HZ TOWN B-AA035-A/094-B-16,MONTNEY,3593.0,2023-02-01 07:00:00,True,56.776296073900745,-122.06189960403908
40628,TOURMALINE,TOURMALINE  HZ TOWN B-AB035-A/094-B-16,MONTNEY,3493.0,2023-02-01 07:00:00,True,56.77631558016822,-122.06182718069478
44096,PETRONAS,PETRONAS  HZ TOWN D-L066-J/094-B-16,MONTNEY,3761.0,2023-02-06 07:00:00,True,56.971176165395384,-122.1932720098096
44093,PETRONAS,PETRONAS  HZ TOWN D-I066-J/094-B-16,MONTNEY,3828.0,2023-02-06 07:00:00,True,56.97104263683626,-122.19323982566786
44092,PETRONAS,PETRONAS  HZ TOWN D-H066-J/094-B-16,MONTNEY,3731.0,2023-02-06 07:00:00,True,56.970998125068206,-122.19322909239445
44091,PETRONAS,PETRONAS  HZ TOWN D-G066-J/094-B-16,MONTNEY,3846.0,2023-02-06 07:00:00,True,56.97095362135688,-122.19321835834909
44089,PETRONAS,PETRONAS  HZ TOWN D-N066-J/094-B-16,MONTNEY,3925.0,2023-02-06 07:00:00,True,56.97066443570571,-122.1934267773754
44095,PETRONAS,PETRONAS  HZ TOWN D-K066-J/094-B-16,MONTNEY,3714.0,2023-02-06 07:00:00,True,56.97113165273082,-122.19326127655034
44097,PETRONAS,PETRONAS  HZ TOWN D-M066-J/094-B-16,MONTNEY,5110.0,2023-02-06 07:00:00,True,56.9712206690608,-122.19328274233425
44094,PETRONAS,PETRONAS  HZ TOWN D-J066-J/094-B-16,MONTNEY,3818.0,2023-02-06 07:00:00,True,56.97108714096184,-122.19325054322738
44090,PETRONAS,PETRONAS  HZ TOWN D-O066-J/094-B-16,MONTNEY,3800.0,2023-02-06 07:00:00,True,56.97090910869458,-122.19320762521382
41512,OVV,OVV  HZ SUNRISE A16-27-079-16,MONTNEY,5362.0,2023-02-08 07:00:00,True,55.88030736674157,-120.40662879109362
41518,OVV,OVV  HZ SUNRISE G16-27-079-16,MONTNEY,7390.0,2023-02-08 07:00:00,True,55.88081449840891,-120.40714306235937
41515,OVV,OVV  HZ SUNRISE D16-27-079-16,MONTNEY,5165.0,2023-02-08 07:00:00,True,55.88058043206357,-120.40690569964586
41511,OVV,OVV  HZ SUNRISE  16-27-079-16,MONTNEY,7182.0,2023-02-08 07:00:00,True,55.88038538342946,-120.40670790496681
41513,OVV,OVV  HZ SUNRISE B16-27-079-16,MONTNEY,5295.0,2023-02-08 07:00:00,True,55.88022935089915,-120.4065496774057
41516,OVV,OVV  HZ SUNRISE E16-27-079-16,MONTNEY,7150.0,2023-02-08 07:00:00,True,55.88065845758697,-120.40698481494276
41514,OVV,OVV  HZ SUNRISE C16-27-079-16,MONTNEY,7190.0,2023-02-08 07:00:00,True,55.8801513260066,-120.40647056369711
41517,OVV,OVV  HZ SUNRISE F16-27-079-16,MONTNEY,5118.0,2023-02-08 07:00:00,True,55.880736473167026,-120.4070639303452
44124,MURPHY,MURPHY  HZ SUNDOWN G14-21-077-17,MONTNEY,5868.0,2023-02-12 07:00:00,True,55.6929564728857,-120.57858034020461
44125,MURPHY,MURPHY  HZ SUNDOWN H14-21-077-17,MONTNEY,5769.0,2023-02-12 07:00:00,True,55.69300137187832,-120.57858045986754
44126,MURPHY,MURPHY  HZ SUNDOWN I14-21-077-17,MONTNEY,5665.0,2023-02-12 07:00:00,True,55.693046263988094,-120.57858069079163
35086,MURPHY,MURPHY  HZ SUNDOWN F14-21-077-17,MONTNEY,5943.0,2023-02-12 07:00:00,True,55.69291346154672,-120.57858021543127
35085,MURPHY,MURPHY  HZ SUNDOWN E14-21-077-17,MONTNEY,6127.0,2023-02-12 07:00:00,True,55.69286666528338,-120.5785800862043
35782,OVV,OVV  HZ TOWERLAKE H06-01-081-18,MONTNEY,5103.0,2023-02-14 07:00:00,True,55.99235715519335,-120.68116054805154
35784,OVV,OVV  HZ TOWERLAKE J06-01-081-18,MONTNEY,5821.0,2023-02-14 07:00:00,True,55.99236318044071,-120.68148080419078
35783,OVV,OVV  HZ TOWERLAKE I06-01-081-18,MONTNEY,5449.0,2023-02-14 07:00:00,True,55.992360167884414,-120.68132067530807
29515,TOURMALINE,TOURMALINE  HZ N AITKEN B-A011-A/094-G-01,MONTNEY,4330.0,2023-02-16 07:00:00,True,57.00886534112215,-122.01112385673042
29517,TOURMALINE,TOURMALINE  HZ N AITKEN B-C011-A/094-G-01,MONTNEY,4143.0,2023-02-16 07:00:00,True,57.009043629246655,-122.01134568865608
30378,TOURMALINE,TOURMALINE  HZ N AITKEN B-E011-A/094-G-01,MONTNEY,4266.0,2023-02-16 07:00:00,True,57.0089099085692,-122.01117930302622
29516,TOURMALINE,TOURMALINE  HZ N AITKEN B-B011-A/094-G-01,MONTNEY,4170.0,2023-02-16 07:00:00,True,57.00895448544927,-122.01123476498262
29514,TOURMALINE,TOURMALINE  HZ N AITKEN B- 011-A/094-G-01,MONTNEY,4864.0,2023-02-16 07:00:00,True,57.00877619714674,-122.01101293408446
29518,TOURMALINE,TOURMALINE  HZ N AITKEN B-D011-A/094-G-01,MONTNEY,4542.0,2023-02-16 07:00:00,True,57.008820774093515,-122.0110683956556
39002,CNRL,CNRL  HZ FIREWEED A-A042-G/094-A-13,MONTNEY,5692.0,2023-02-21 07:00:00,True,56.86983308112357,-121.63984217111336
39001,CNRL,CNRL  HZ FIREWEED A- 042-G/094-A-13,MONTNEY,5472.0,2023-02-21 07:00:00,True,56.86976619736953,-121.63982799814461
31500,PACIFIC CANBRIAM,PACIFIC CANBRIAM  HZ ALTARES C-E017-H/094-B-08,MONTNEY,6300.0,2023-02-25 07:00:00,True,56.34711278213605,-122.08643454966752
31502,PACIFIC CANBRIAM,PACIFIC CANBRIAM  HZ ALTARES C-G017-H/094-B-08,MONTNEY,6298.0,2023-02-25 07:00:00,True,56.34700410313456,-122.08669203112588
31499,PACIFIC CANBRIAM,PACIFIC CANBRIAM  HZ ALTARES C-D017-H/094-B-08,MONTNEY,5800.0,2023-02-25 07:00:00,True,56.3471671266629,-122.0863058176196
31501,PACIFIC CANBRIAM,PACIFIC CANBRIAM  HZ ALTARES C-F017-H/094-B-08,MONTNEY,6158.0,2023-02-25 07:00:00,True,56.34705844697334,-122.08656329826414
33919,PACIFIC CANBRIAM,PACIFIC CANBRIAM  HZ ALTARES C-H017-H/094-B-08,MONTNEY,6286.0,2023-02-25 07:00:00,True,56.34694975911821,-122.08682076201183
35785,OVV,OVV  HZ TOWERLAKE K06-01-081-18,MONTNEY,4342.0,2023-02-27 07:00:00,True,55.992366192506765,-120.68164094763397
31270,PETRONAS,PETRONAS  HZ TOWN B-D035-J/094-B-16,MONTNEY,4971.0,2023-03-04 07:00:00,True,56.94306126971226,-122.18472426449125
31260,PETRONAS,PETRONAS  HZ TOWN B-B035-J/094-B-16,MONTNEY,4001.0,2023-03-04 07:00:00,True,56.9431213125839,-122.18460212444295
31272,PETRONAS,PETRONAS  HZ TOWN B-F035-J/094-B-16,MONTNEY,3683.0,2023-03-04 07:00:00,True,56.943001226679975,-122.18484640251572
31269,PETRONAS,PETRONAS  HZ TOWN B-C035-J/094-B-16,MONTNEY,5561.0,2023-03-04 07:00:00,True,56.94309129095597,-122.18466320277639
31271,PETRONAS,PETRONAS  HZ TOWN B-E035-J/094-B-16,MONTNEY,4685.0,2023-03-04 07:00:00,True,56.94303124802818,-122.18478534263451
44208,VERMILION,VERMILION  HZ MICA C16-28-081-14,MONTNEY,5230.0,2023-03-10 07:00:00,True,56.05686747871073,-120.11893307671403
42422,TOURMALINE,TOURMALINE  HZ DOE I13-28-080-15,MONTNEY,4917.0,2023-03-14 07:00:00,True,55.97004690292454,-120.29520630576567
42423,TOURMALINE,TOURMALINE  HZ DOE J13-28-080-15,MONTNEY,4885.0,2023-03-14 07:00:00,True,55.9700468880656,-120.29528524858824
42425,TOURMALINE,TOURMALINE  HZ DOE L13-28-080-15,MONTNEY,4304.0,2023-03-14 07:00:00,True,55.970046858200284,-120.29544313423317
42427,TOURMALINE,TOURMALINE  HZ DOE N13-28-080-15,MONTNEY,4705.0,2023-03-14 07:00:00,True,55.970046828959404,-120.29560101814853
42424,TOURMALINE,TOURMALINE  HZ DOE K13-28-080-15,MONTNEY,4450.0,2023-03-14 07:00:00,True,55.970046873978454,-120.29536418968137
42426,TOURMALINE,TOURMALINE  HZ DOE M13-28-080-15,MONTNEY,4445.0,2023-03-14 07:00:00,True,55.97004684408703,-120.29552207692635
43452,MURPHY,MURPHY  HZ SWAN LAKE A-D030-A/093-P-09,MONTNEY,6939.0,2023-03-16 07:00:00,True,55.517193595768596,-120.11475074393572
43453,MURPHY,MURPHY  HZ SWAN LAKE A-E030-A/093-P-09,MONTNEY,6203.0,2023-03-16 07:00:00,True,55.517148692150634,-120.11475073602705
42331,ARCRES,ARCRES  HZ PARKLAND D06-10-081-16,MONTNEY,5445.0,2023-03-17 07:00:00,True,56.00427360773,-120.41753007543598
42334,ARCRES,ARCRES  HZ PARKLAND G06-10-081-16,MONTNEY,4783.0,2023-03-17 07:00:00,True,56.00454301642392,-120.41752939820333
42333,ARCRES,ARCRES  HZ PARKLAND F06-10-081-16,MONTNEY,4846.0,2023-03-17 07:00:00,True,56.00445321235585,-120.41752962465124
42335,ARCRES,ARCRES  HZ PARKLAND H06-10-081-16,MONTNEY,4815.0,2023-03-17 07:00:00,True,56.00463281877881,-120.41752917360927
42329,ARCRES,ARCRES  HZ PARKLAND B06-10-081-16,MONTNEY,4702.0,2023-03-17 07:00:00,True,56.00409400222161,-120.41753052634317
39258,ARCRES,ARCRES  HZ PARKLAND  06-10-081-16,MONTNEY,5296.0,2023-03-17 07:00:00,True,56.003914523010316,-120.41769128327736
42328,ARCRES,ARCRES  HZ PARKLAND A06-10-081-16,MONTNEY,4861.0,2023-03-17 07:00:00,True,56.004004199953314,-120.41753075253281
42332,ARCRES,ARCRES  HZ PARKLAND E06-10-081-16,MONTNEY,5117.0,2023-03-17 07:00:00,True,56.00436341000629,-120.41752984924325
42330,ARCRES,ARCRES  HZ PARKLAND C06-10-081-16,MONTNEY,4617.0,2023-03-17 07:00:00,True,56.004183804563155,-120.41753030175425
43454,MURPHY,MURPHY  HZ SWAN LAKE A-F030-A/093-P-09,MONTNEY,7011.0,2023-03-18 07:00:00,True,55.51710378764015,-120.11475072825019
38116,TOURMALINE,TOURMALINE  HZ NIG CREEK A- 072-D/094-H-04,MONTNEY,3904.0,2023-03-22 07:00:00,True,57.05915646347629,-121.88901731814
44197,KELT LNG,KELT LNG  HZ OAK D06-35-086-18,MONTNEY,1468.0,2023-03-22 07:00:00,True,56.50039239150547,-120.730747951627
38119,TOURMALINE,TOURMALINE  HZ NIG CREEK A-C072-D/094-H-04,MONTNEY,5037.0,2023-03-22 07:00:00,True,57.05919049391646,-121.88925285436198
38121,TOURMALINE,TOURMALINE  HZ NIG CREEK A-E072-D/094-H-04,MONTNEY,5027.0,2023-03-22 07:00:00,True,57.05921318759567,-121.88940990941613
38114,TOURMALINE,TOURMALINE  HZ NIG CREEK B-A071-D/094-H-04,MONTNEY,4368.0,2023-03-22 07:00:00,True,57.05913376334114,-121.88886021623476
38115,TOURMALINE,TOURMALINE  HZ NIG CREEK B-B071-D/094-H-04,MONTNEY,5120.0,2023-03-22 07:00:00,True,57.05914511494132,-121.88893874385184
38120,TOURMALINE,TOURMALINE  HZ NIG CREEK A-D072-D/094-H-04,MONTNEY,4969.0,2023-03-22 07:00:00,True,57.059201845228586,-121.88933138056281
38117,TOURMALINE,TOURMALINE  HZ NIG CREEK A-A072-D/094-H-04,MONTNEY,4423.0,2023-03-22 07:00:00,True,57.059167799996374,-121.88909579784523
38118,TOURMALINE,TOURMALINE  HZ NIG CREEK A-B072-D/094-H-04,MONTNEY,5370.0,2023-03-22 07:00:00,True,57.05921169726811,-121.88939959485381
44209,VERMILION,VERMILION  HZ MICA D16-28-081-14,MONTNEY,5671.0,2023-03-25 07:00:00,True,56.0567776739665,-120.11893296657803
35017,SHELL,SHELL  HZ SUNSET PRAIRIE D16-32-079-18,MONTNEY,6160.0,2023-04-04 07:00:00,True,55.894685652369766,-120.7697420473498
35016,SHELL,SHELL  HZ SUNSET PRAIRIE C16-32-079-18,MONTNEY,6122.0,2023-04-04 07:00:00,True,55.89471299355604,-120.76970986481636
35013,SHELL,SHELL  HZ SUNSET PRAIRIE  16-32-079-18,MONTNEY,5882.0,2023-04-04 07:00:00,True,55.89479501825774,-120.76961334571212
35015,SHELL,SHELL  HZ SUNSET PRAIRIE B16-32-079-18,MONTNEY,5990.5,2023-04-04 07:00:00,True,55.89474033532967,-120.76967769661984
35014,SHELL,SHELL  HZ SUNSET PRAIRIE A16-32-079-18,MONTNEY,5848.8,2023-04-04 07:00:00,True,55.89476767650007,-120.7696455139975
35018,SHELL,SHELL  HZ SUNSET PRAIRIE E16-32-079-18,MONTNEY,6276.0,2023-04-04 07:00:00,True,55.89465831058027,-120.76977421545743
30475,ARCRES,ARCRES   SUNRISE C13-30-078-17,PADDY- CADOTTE,1067.0,2023-04-14 07:00:00,False,55.79266792503783,-120.63614835155941
41812,OVV,OVV  HZ SUNRISE B10-36-079-18,MONTNEY,5212.0,2023-04-17 07:00:00,True,55.89295743359363,-120.67267454897637
38423,OVV,OVV  HZ SUNRISE  10-36-079-18,MONTNEY,5368.0,2023-04-17 07:00:00,True,55.893393323745975,-120.6737450550014
41811,OVV,OVV  HZ SUNRISE A10-36-079-18,MONTNEY,5070.0,2023-04-17 07:00:00,True,55.89304703718726,-120.67267433724508
41814,OVV,OVV  HZ SUNRISE D10-36-079-18,MONTNEY,5017.0,2023-04-17 07:00:00,True,55.89254025793563,-120.67376252792133
41815,OVV,OVV  HZ SUNRISE E10-36-079-18,MONTNEY,5170.0,2023-04-17 07:00:00,True,55.89245044593112,-120.67376273796691
41813,OVV,OVV  HZ SUNRISE C10-36-079-18,MONTNEY,5247.0,2023-04-17 07:00:00,True,55.892854576184014,-120.67376180399434
43029,TOURMALINE,TOURMALINE  HZ SUNSET PRAIRIE  03-10-079-18,MONTNEY,5000.0,2023-04-24 07:00:00,True,55.827214007197774,-120.72904234839592
43030,TOURMALINE,TOURMALINE  HZ SUNSET PRAIRIE A03-10-079-18,MONTNEY,4900.0,2023-04-24 07:00:00,True,55.827213994524655,-120.7291210042611
40521,TOURMALINE,TOURMALINE  HZ TOWN A- 008-A/094-B-16,MONTNEY,4552.0,2023-04-28 07:00:00,True,56.75405987725919,-122.09123726057541
40522,TOURMALINE,TOURMALINE  HZ TOWN A-A008-A/094-B-16,MONTNEY,4288.0,2023-04-28 07:00:00,True,56.754039085572586,-122.09130841388802
40524,TOURMALINE,TOURMALINE  HZ TOWN A-C008-A/094-B-16,MONTNEY,4904.0,2023-04-28 07:00:00,True,56.75399750988069,-122.09145077034708
40525,TOURMALINE,TOURMALINE  HZ TOWN A-D008-A/094-B-16,MONTNEY,4085.0,2023-04-28 07:00:00,True,56.75397671699392,-122.09152185792645
40526,TOURMALINE,TOURMALINE  HZ TOWN A-E008-A/094-B-16,MONTNEY,3545.0,2023-04-28 07:00:00,True,56.75395592425684,-122.091593011024
40527,TOURMALINE,TOURMALINE  HZ TOWN A-F008-A/094-B-16,MONTNEY,3700.0,2023-04-28 07:00:00,True,56.75393514137479,-122.09166416468629
40523,TOURMALINE,TOURMALINE  HZ TOWN A-B008-A/094-B-16,MONTNEY,4553.0,2023-04-28 07:00:00,True,56.75401830195107,-122.09137956794615
43031,TOURMALINE,TOURMALINE  HZ SUNSET PRAIRIE B03-10-079-18,MONTNEY,5075.0,2023-04-29 07:00:00,True,55.82721397286789,-120.7291996613161
42039,CNRL,CNRL  HZ NIG CREEK C-A060-G/094-H-04,MONTNEY,5520.0,2023-05-09 07:00:00,True,57.13308385817814,-121.74891354102375
42041,CNRL,CNRL  HZ NIG CREEK C-C060-G/094-H-04,MONTNEY,5384.0,2023-05-09 07:00:00,True,57.13315933722356,-121.74788277891479
42040,CNRL,CNRL  HZ NIG CREEK C-B060-G/094-H-04,MONTNEY,5615.0,2023-05-09 07:00:00,True,57.133152914057646,-121.74775949229435
42038,CNRL,CNRL  HZ NIG CREEK C- 060-G/094-H-04,MONTNEY,5648.0,2023-05-09 07:00:00,True,57.133140066717196,-121.74751295404765
44958,MURPHY,MURPHY  HZ SUNDOWN K14-01-078-17,MONTNEY,6684.0,2023-05-15 07:00:00,True,55.736947306727195,-120.4994250524958
44957,MURPHY,MURPHY  HZ SUNDOWN J14-01-078-17,MONTNEY,6523.0,2023-05-15 07:00:00,True,55.73699221161198,-120.49942500047678
44959,MURPHY,MURPHY  HZ SUNDOWN L14-01-078-17,MONTNEY,6579.0,2023-05-15 07:00:00,True,55.73690240101922,-120.49942510622968
44961,MURPHY,MURPHY  HZ SUNDOWN N14-01-078-17,MONTNEY,6541.0,2023-05-15 07:00:00,True,55.73681259955845,-120.49942519470837
44960,MURPHY,MURPHY  HZ SUNDOWN M14-01-078-17,MONTNEY,6703.0,2023-05-15 07:00:00,True,55.73685750444181,-120.49942514268966
35198,CNRL,CNRL  HZ GRAHAM B-F017-K/094-B-08,MONTNEY,5860.0,2023-05-17 07:00:00,True,56.427012822984466,-122.33535282960997
35196,CNRL,CNRL  HZ GRAHAM B-D017-K/094-B-08,MONTNEY,4828.0,2023-05-17 07:00:00,True,56.427016444578214,-122.33486674855344
35197,CNRL,CNRL  HZ GRAHAM B-E017-K/094-B-08,MONTNEY,5843.0,2023-05-17 07:00:00,True,56.427014629961036,-122.3351097886602
35199,CNRL,CNRL  HZ GRAHAM B-G017-K/094-B-08,MONTNEY,6482.0,2023-05-17 07:00:00,True,56.427011007015196,-122.33559588597514
42413,MURPHY,MURPHY  HZ SUNDOWN N13-02-078-17,MONTNEY,6404.0,2023-05-19 07:00:00,True,55.73428330473419,-120.53086129076165
42411,MURPHY,MURPHY  HZ SUNDOWN L13-02-078-17,MONTNEY,5914.0,2023-05-19 07:00:00,True,55.734242392332995,-120.53089407800165
35252,PACIFIC CANBRIAM,PACIFIC CANBRIAM  HZ ALTARES C-A029-A/094-B-08,MONTNEY,5411.0,2023-05-27 07:00:00,True,56.273342404753805,-122.11129628381664
44688,ARCRES,ARCRES  HZ SUNRISE I09-13-078-18,MONTNEY,626.0,2023-05-27 07:00:00,True,55.76225302182219,-120.64007934835666
44687,ARCRES,ARCRES  HZ SUNRISE L09-13-078-18,MONTNEY,4122.0,2023-05-27 07:00:00,True,55.76211826829782,-120.64007925038958
35253,PACIFIC CANBRIAM,PACIFIC CANBRIAM  HZ ALTARES C-B029-A/094-B-08,MONTNEY,5775.0,2023-05-27 07:00:00,True,56.273277700819875,-122.11145974061216
44686,ARCRES,ARCRES  HZ SUNRISE K09-13-078-18,MONTNEY,4308.0,2023-05-27 07:00:00,True,55.76216317182633,-120.64007927750659
44685,ARCRES,ARCRES  HZ SUNRISE J09-13-078-18,MONTNEY,5054.0,2023-05-27 07:00:00,True,55.76220803714956,-120.64007942029549
31777,PETRONAS,PETRONAS  HZ BUCKINGHORSE A-G086-F/094-G-07,MONTNEY,3548.0,2023-05-28 07:00:00,True,57.40398028725719,-122.81653087712465
31774,PETRONAS,PETRONAS  HZ BUCKINGHORSE A-D086-F/094-G-07,MONTNEY,3412.0,2023-05-28 07:00:00,True,57.40385640937952,-122.8169739383317
31775,PETRONAS,PETRONAS  HZ BUCKINGHORSE A-E086-F/094-G-07,MONTNEY,3531.0,2023-05-28 07:00:00,True,57.40389770515593,-122.81682625133314
31776,PETRONAS,PETRONAS  HZ BUCKINGHORSE A-F086-F/094-G-07,MONTNEY,3684.0,2023-05-28 07:00:00,True,57.40393900076792,-122.81667856401451
31773,PETRONAS,PETRONAS  HZ BUCKINGHORSE A-C086-F/094-G-07,MONTNEY,3567.0,2023-05-28 07:00:00,True,57.40381511343867,-122.81712162501022
38994,CNRL,CNRL  HZ FIREWEED A-C047-H/094-A-13,MONTNEY,4225.0,2023-05-29 07:00:00,True,56.86668435922985,-121.57820590091798
37232,OVV,OVV  HZ SUNRISE K04-23-080-17,MONTNEY,5462.0,2023-05-31 07:00:00,True,55.94312109880019,-120.55513194050502
37234,OVV,OVV  HZ SUNRISE M04-23-080-17,MONTNEY,5733.0,2023-05-31 07:00:00,True,55.94249281735113,-120.55577510514951
37235,OVV,OVV  HZ SUNRISE N04-23-080-17,MONTNEY,5646.0,2023-05-31 07:00:00,True,55.94249239714083,-120.55561172570926
37231,OVV,OVV  HZ SUNRISE J04-23-080-17,MONTNEY,5748.0,2023-05-31 07:00:00,True,55.943121075510646,-120.55529195662552
37220,OVV,OVV  HZ SUNRISE O04-23-080-17,MONTNEY,5963.0,2023-05-31 07:00:00,True,55.94249234032351,-120.556011773674
37233,OVV,OVV  HZ SUNRISE L04-23-080-17,MONTNEY,5957.0,2023-05-31 07:00:00,True,55.94312112195658,-120.55497192598386
38993,CNRL,CNRL  HZ FIREWEED D-F037-H/094-A-13,MONTNEY,4626.0,2023-06-01 07:00:00,True,56.86642526373503,-121.57816714153354
38991,CNRL,CNRL  HZ FIREWEED D-D037-H/094-A-13,MONTNEY,4402.0,2023-06-01 07:00:00,True,56.86629854682528,-121.57825047927228
38992,CNRL,CNRL  HZ FIREWEED D-E037-H/094-A-13,MONTNEY,4232.0,2023-06-01 07:00:00,True,56.866361900644854,-121.57820881923219
45365,PETRONAS,PETRONAS  HZ TOWN B-A028-B/094-G-01,MONTNEY,6713.0,2023-06-05 07:00:00,True,57.01675642905544,-122.22034078409153
45368,PETRONAS,PETRONAS  HZ TOWN B-D028-B/094-G-01,MONTNEY,6655.0,2023-06-05 07:00:00,True,57.016627845787646,-122.22026736326295
45364,PETRONAS,PETRONAS  HZ TOWN B- 028-B/094-G-01,MONTNEY,6711.0,2023-06-05 07:00:00,True,57.01679929698065,-122.22036524612821
45366,PETRONAS,PETRONAS  HZ TOWN B-B028-B/094-G-01,MONTNEY,6605.0,2023-06-05 07:00:00,True,57.01671357482803,-122.22031629929455
45370,PETRONAS,PETRONAS  HZ TOWN D- 018-B/094-G-01,MONTNEY,6644.7,2023-06-05 07:00:00,True,57.0165421235606,-122.22021841521867
45367,PETRONAS,PETRONAS  HZ TOWN B-C028-B/094-G-01,MONTNEY,6590.0,2023-06-05 07:00:00,True,57.01667070689617,-122.22029183736686
45369,PETRONAS,PETRONAS  HZ TOWN B-E028-B/094-G-01,MONTNEY,6522.0,2023-06-05 07:00:00,True,57.01658498467579,-122.22024288921354
40053,COP,COP  HZ BLUEBERRY A04-27-088-25,MONTNEY,5650.0,2023-06-08 07:00:00,True,56.65434932720576,-121.90559633251073
40055,COP,COP  HZ BLUEBERRY N13-22-088-25,MONTNEY,5724.0,2023-06-08 07:00:00,True,56.65416976938755,-121.90558003544366
40052,COP,COP  HZ BLUEBERRY  04-27-088-25,MONTNEY,5505.0,2023-06-08 07:00:00,True,56.65443904561522,-121.90560428621211
40054,COP,COP  HZ BLUEBERRY B04-27-088-25,MONTNEY,5625.0,2023-06-08 07:00:00,True,56.65425957078625,-121.9055881995847
40057,COP,COP  HZ BLUEBERRY P13-22-088-25,MONTNEY,5737.0,2023-06-08 07:00:00,True,56.6539904579813,-121.90556409052171
40056,COP,COP  HZ BLUEBERRY O13-22-088-25,MONTNEY,5700.0,2023-06-08 07:00:00,True,56.654080246561215,-121.90557187957697
44548,ARCRES,ARCRES  HZ SUNRISE U07-27-078-18,MONTNEY,6613.0,2023-06-13 07:00:00,True,55.786906085811005,-120.69859587273386
44550,ARCRES,ARCRES  HZ SUNRISE W07-27-078-18,MONTNEY,6054.0,2023-06-13 07:00:00,True,55.78681627805069,-120.69859587357699
44539,ARCRES,ARCRES  HZ SUNRISE L07-27-078-18,MONTNEY,5516.0,2023-06-13 07:00:00,True,55.78731027960079,-120.69859578334695
44549,ARCRES,ARCRES  HZ SUNRISE V07-27-078-18,MONTNEY,6420.0,2023-06-13 07:00:00,True,55.7868611823438,-120.69859587229894
44538,ARCRES,ARCRES  HZ SUNRISE K07-27-078-18,MONTNEY,5097.0,2023-06-13 07:00:00,True,55.787355131053836,-120.69859585003336
44546,ARCRES,ARCRES  HZ SUNRISE S07-27-078-18,MONTNEY,5277.0,2023-06-13 07:00:00,True,55.78699589283606,-120.6985958543626
44547,ARCRES,ARCRES  HZ SUNRISE T07-27-078-18,MONTNEY,5993.0,2023-06-13 07:00:00,True,55.78672731467853,-120.69859580629841
44551,ARCRES,ARCRES  HZ SUNRISE X07-27-078-18,MONTNEY,4600.0,2023-06-13 07:00:00,True,55.78654770179266,-120.69859508013646
40902,ARCRES,ARCRES  HZ SUNRISE J07-27-078-18,MONTNEY,4926.0,2023-06-13 07:00:00,True,55.78740002507818,-120.69859581808115
44540,ARCRES,ARCRES  HZ SUNRISE M07-27-078-18,MONTNEY,5685.0,2023-06-13 07:00:00,True,55.78726531457193,-120.69859583601779
44543,ARCRES,ARCRES  HZ SUNRISE P07-27-078-18,MONTNEY,6474.0,2023-06-13 07:00:00,True,55.787130603399994,-120.69859583801961
39227,TOURMALINE,TOURMALINE  HZ TOWN C-D086-I/094-B-09,MONTNEY,5636.0,2023-06-17 07:00:00,True,56.74025109759127,-122.07421490974144
39225,TOURMALINE,TOURMALINE  HZ TOWN C-B086-I/094-B-09,MONTNEY,5349.0,2023-06-17 07:00:00,True,56.7400272336153,-122.0744345167654
39226,TOURMALINE,TOURMALINE  HZ TOWN C-C086-I/094-B-09,MONTNEY,5612.0,2023-06-17 07:00:00,True,56.7400278313004,-122.07451506884316
39244,TOURMALINE,TOURMALINE  HZ TOWN C-A086-I/094-B-09,MONTNEY,5336.0,2023-06-17 07:00:00,True,56.740026635929674,-122.07435396632482
39243,TOURMALINE,TOURMALINE  HZ TOWN C- 086-I/094-B-09,MONTNEY,5418.0,2023-06-17 07:00:00,True,56.74002603729896,-122.0742734159775
31336,PETRONAS,PETRONAS  HZ W BEG A-C013-I/094-G-02,MONTNEY,5443.0,2023-06-21 07:00:00,True,57.178597232618905,-122.5284019482146
31339,PETRONAS,PETRONAS  HZ W BEG A-F013-I/094-G-02,MONTNEY,5085.0,2023-06-21 07:00:00,True,57.17864856442028,-122.52817269819552
31340,PETRONAS,PETRONAS  HZ W BEG A-G013-I/094-G-02,MONTNEY,5170.0,2023-06-21 07:00:00,True,57.17866567772634,-122.52809627394808
31338,PETRONAS,PETRONAS  HZ W BEG A-E013-I/094-G-02,MONTNEY,5232.0,2023-06-21 07:00:00,True,57.17863145058628,-122.52824910418073
31337,PETRONAS,PETRONAS  HZ W BEG A-D013-I/094-G-02,MONTNEY,5298.0,2023-06-21 07:00:00,True,57.17861434610226,-122.52832552582589
37093,OVV,OVV  HZ TOWERLAKE K05-02-081-17,MONTNEY,5848.0,2023-07-01 07:00:00,True,55.99174790479416,-120.55557071348255
37091,OVV,OVV  HZ TOWERLAKE I05-02-081-17,MONTNEY,5340.0,2023-07-01 07:00:00,True,55.99174792328883,-120.55589115802427
37097,OVV,OVV  HZ TOWERLAKE O05-02-081-17,MONTNEY,5315.0,2023-07-01 07:00:00,True,55.991747869107755,-120.55468950725066
37096,OVV,OVV  HZ TOWERLAKE N05-02-081-17,MONTNEY,5288.0,2023-07-01 07:00:00,True,55.99174788417236,-120.55484972163563
37094,OVV,OVV  HZ TOWERLAKE L05-02-081-17,MONTNEY,5630.0,2023-07-01 07:00:00,True,55.99174789957326,-120.55541049786314
37095,OVV,OVV  HZ TOWERLAKE M05-02-081-17,MONTNEY,5519.0,2023-07-01 07:00:00,True,55.99174693701237,-120.55496188897804
37092,OVV,OVV  HZ TOWERLAKE J05-02-081-17,MONTNEY,5329.0,2023-07-01 07:00:00,True,55.99174791854131,-120.55573094400623
44100,TOURMALINE,TOURMALINE  HZ WILDER B04-32-082-19,MONTNEY,5033.0,2023-07-04 07:00:00,True,56.145899047194696,-120.94331461065579
44101,TOURMALINE,TOURMALINE  HZ WILDER C04-32-082-19,MONTNEY,5010.0,2023-07-04 07:00:00,True,56.145866306512644,-120.94343816077135
44099,TOURMALINE,TOURMALINE  HZ WILDER A04-32-082-19,MONTNEY,5265.0,2023-07-04 07:00:00,True,56.145931788782114,-120.94319110870208
44098,TOURMALINE,TOURMALINE  HZ WILDER  04-32-082-19,MONTNEY,5467.0,2023-07-04 07:00:00,True,56.14596452961073,-120.9430675904586
44102,TOURMALINE,TOURMALINE  HZ WILDER D04-32-082-19,MONTNEY,5792.0,2023-07-04 07:00:00,True,56.14583355625745,-120.94356163106629
44948,TOURMALINE,TOURMALINE  HZ PARKLAND N05-06-081-15,MONTNEY,3473.0,2023-07-06 07:00:00,True,55.990748257221895,-120.34757369598604
41330,TOURMALINE,TOURMALINE  HZ PARKLAND J05-06-081-15,MONTNEY,3890.0,2023-07-06 07:00:00,True,55.99092534366059,-120.34757423086343
47516,TOURMALINE,TOURMALINE  HZ PARKLAND P05-06-081-15,MONTNEY,3525.0,2023-07-06 07:00:00,True,55.99065971484583,-120.34757341714953
41331,TOURMALINE,TOURMALINE  HZ PARKLAND K05-06-081-15,MONTNEY,3715.0,2023-07-06 07:00:00,True,55.99088107191593,-120.34757408910623
44949,TOURMALINE,TOURMALINE  HZ PARKLAND O05-06-081-15,MONTNEY,3705.0,2023-07-06 07:00:00,True,55.99070398547978,-120.3475735542301
41329,TOURMALINE,TOURMALINE  HZ PARKLAND I05-06-081-15,MONTNEY,3575.0,2023-07-06 07:00:00,True,55.99096961547741,-120.34757437422205
41333,TOURMALINE,TOURMALINE  HZ PARKLAND M05-06-081-15,MONTNEY,3635.0,2023-07-06 07:00:00,True,55.990792528250005,-120.34757382173163
41332,TOURMALINE,TOURMALINE  HZ PARKLAND L05-06-081-15,MONTNEY,3505.0,2023-07-06 07:00:00,True,55.990836799993396,-120.34757396348819
41328,TOURMALINE,TOURMALINE  HZ PARKLAND H05-06-081-15,MONTNEY,3613.0,2023-07-06 07:00:00,True,55.99101388650871,-120.34757449996904
30859,PETRONAS,PETRONAS  HZ JEDNEY A-D064-I/094-G-01,MONTNEY,5582.0,2023-07-08 07:00:00,True,57.21981432751308,-122.04090589961972
30862,PETRONAS,PETRONAS  HZ JEDNEY A-G064-I/094-G-01,MONTNEY,5498.0,2023-07-08 07:00:00,True,57.21992354707548,-122.0407606636682
30858,PETRONAS,PETRONAS  HZ JEDNEY A-C064-I/094-G-01,MONTNEY,5551.0,2023-07-08 07:00:00,True,57.21977791769512,-122.04095432227285
30860,PETRONAS,PETRONAS  HZ JEDNEY A-E064-I/094-G-01,MONTNEY,5465.0,2023-07-08 07:00:00,True,57.21985073692012,-122.04085749351896
30861,PETRONAS,PETRONAS  HZ JEDNEY A-F064-I/094-G-01,MONTNEY,5574.0,2023-07-08 07:00:00,True,57.21988713775231,-122.0408090716083
42574,TOURMALINE,TOURMALINE  HZ LAPRISE CREEK D-I037-E/094-H-05,MONTNEY,4547.0,2023-07-10 07:00:00,True,57.363748625505174,-121.95462693170188
42575,TOURMALINE,TOURMALINE  HZ LAPRISE CREEK D-J037-E/094-H-05,MONTNEY,4408.0,2023-07-10 07:00:00,True,57.36377852744653,-121.95456653793521
42577,TOURMALINE,TOURMALINE  HZ LAPRISE CREEK D-L037-E/094-H-05,MONTNEY,4340.0,2023-07-10 07:00:00,True,57.36383832940648,-121.95444574864653
42573,TOURMALINE,TOURMALINE  HZ LAPRISE CREEK D-H037-E/094-H-05,MONTNEY,4750.0,2023-07-10 07:00:00,True,57.36371872358801,-121.95468732703522
42576,TOURMALINE,TOURMALINE  HZ LAPRISE CREEK D-K037-E/094-H-05,MONTNEY,4283.0,2023-07-10 07:00:00,True,57.363808427519196,-121.95450614260258
42579,TOURMALINE,TOURMALINE  HZ LAPRISE CREEK D-N037-E/094-H-05,MONTNEY,4493.0,2023-07-10 07:00:00,True,57.36389813215355,-121.9543249588841
42580,TOURMALINE,TOURMALINE  HZ LAPRISE CREEK D-O037-E/094-H-05,MONTNEY,4676.0,2023-07-10 07:00:00,True,57.36392803301331,-121.95426456307773
42578,TOURMALINE,TOURMALINE  HZ LAPRISE CREEK D-M037-E/094-H-05,MONTNEY,4327.0,2023-07-10 07:00:00,True,57.363868231215534,-121.95438535293448
43715,ARCRES,ARCRES  HZ TOWER LAKE L03-18-081-16,MONTNEY,4491.0,2023-07-17 07:00:00,True,56.01567198682993,-120.49553580250546
43712,ARCRES,ARCRES  HZ TOWER LAKE I03-18-081-16,MONTNEY,4045.0,2023-07-17 07:00:00,True,56.015402579955655,-120.49553665953475
43716,ARCRES,ARCRES  HZ TOWER LAKE M03-18-081-16,MONTNEY,4525.0,2023-07-17 07:00:00,True,56.015761788442276,-120.49553552175828
43717,ARCRES,ARCRES  HZ TOWER LAKE N03-18-081-16,MONTNEY,4591.0,2023-07-17 07:00:00,True,56.01585159300411,-120.49553522608932
43711,ARCRES,ARCRES  HZ TOWER LAKE H03-18-081-16,MONTNEY,4406.0,2023-07-17 07:00:00,True,56.01531277773924,-120.49553694681094
43714,ARCRES,ARCRES  HZ TOWER LAKE K03-18-081-16,MONTNEY,4226.0,2023-07-17 07:00:00,True,56.01558218460541,-120.49553608978552
37008,ARCRES,ARCRES  HZ TOWER LAKE G03-18-081-16,MONTNEY,3826.0,2023-07-17 07:00:00,True,56.01522297600118,-120.49553722434699
43713,ARCRES,ARCRES  HZ TOWER LAKE J03-18-081-16,MONTNEY,4446.0,2023-07-17 07:00:00,True,56.0154923822444,-120.49553637385961
45919,KELT LNG,KELT LNG  HZ OAK G06-35-086-18,MONTNEY,4545.0,2023-07-20 07:00:00,True,56.50039255677824,-120.73099149372256
45918,KELT LNG,KELT LNG  HZ OAK F06-35-086-18,MONTNEY,4643.0,2023-07-20 07:00:00,True,56.500392719868806,-120.73123503768491
43183,CNRL,CNRL  HZ SEPTIMUS B16-05-081-18,MONTNEY,5910.0,2023-07-25 07:00:00,True,55.999182007853996,-120.77156849900723
40904,CNRL,CNRL  HZ SEPTIMUS  16-05-081-18,MONTNEY,6095.0,2023-07-25 07:00:00,True,55.9993083288368,-120.77148506089493
43184,CNRL,CNRL  HZ SEPTIMUS C16-05-081-18,MONTNEY,5723.0,2023-07-25 07:00:00,True,55.99911884292628,-120.77161020878371
43185,CNRL,CNRL  HZ SEPTIMUS D16-05-081-18,MONTNEY,5803.0,2023-07-25 07:00:00,True,55.99905567781986,-120.77165193616892
43182,CNRL,CNRL  HZ SEPTIMUS A16-05-081-18,MONTNEY,5913.0,2023-07-25 07:00:00,True,55.9992451637676,-120.77152678868062
41282,PETRONAS,PETRONAS  HZ GUNDY CREEK A-Y037-H/094-B-16,MONTNEY,5090.0,2023-08-03 07:00:00,True,56.85884132020609,-122.07977319120305
41283,PETRONAS,PETRONAS  HZ GUNDY CREEK A- 037-H/094-B-16,MONTNEY,4455.0,2023-08-03 07:00:00,True,56.85884852834579,-122.07985408092235
41287,PETRONAS,PETRONAS  HZ GUNDY CREEK A-D037-H/094-B-16,MONTNEY,4359.0,2023-08-03 07:00:00,True,56.85854397454495,-122.08078755910337
45820,KELT LNG,KELT LNG  HZ OAK E05-33-086-18,MONTNEY,5218.0,2023-08-08 07:00:00,True,56.497950146765426,-120.79295871525001
36670,OVV,OVV  HZ TOWERLAKE T10-14-081-18,MONTNEY,4561.0,2023-08-08 07:00:00,True,56.02346626377165,-120.69671780117368
36662,OVV,OVV  HZ TOWERLAKE L10-14-081-18,MONTNEY,4867.0,2023-08-08 07:00:00,True,56.02359599260828,-120.69781610890625
36671,OVV,OVV  HZ TOWERLAKE U10-14-081-18,MONTNEY,4676.0,2023-08-08 07:00:00,True,56.023466264665146,-120.69671780105338
36669,OVV,OVV  HZ TOWERLAKE S10-14-081-18,MONTNEY,4569.9,2023-08-08 07:00:00,True,56.02329052724933,-120.69678398856225
45819,KELT LNG,KELT LNG  HZ OAK D05-33-086-18,MONTNEY,5092.0,2023-08-08 07:00:00,True,56.49808484913778,-120.79295861625202
36667,OVV,OVV  HZ TOWERLAKE Q10-14-081-18,MONTNEY,4738.0,2023-08-10 07:00:00,True,56.02320265983911,-120.69681708111364
36668,OVV,OVV  HZ TOWERLAKE R10-14-081-18,MONTNEY,4667.0,2023-08-10 07:00:00,True,56.023290524501796,-120.69678398732017
36664,OVV,OVV  HZ TOWERLAKE N10-14-081-18,MONTNEY,4610.0,2023-08-10 07:00:00,True,56.02377173236709,-120.6977499252413
43919,TOURMALINE,TOURMALINE  HZ GROUNDBIRCH A13-25-080-21,MONTNEY,5486.0,2023-08-10 07:00:00,True,55.97067515820674,-121.15793457702468
43918,TOURMALINE,TOURMALINE  HZ GROUNDBIRCH  04-36-080-21,MONTNEY,5635.0,2023-08-10 07:00:00,True,55.97072295263978,-121.1578499851458
36665,OVV,OVV  HZ TOWERLAKE O10-14-081-18,MONTNEY,4556.0,2023-08-10 07:00:00,True,56.02385959735674,-120.6977168346508
36663,OVV,OVV  HZ TOWERLAKE M10-14-081-18,MONTNEY,4660.0,2023-08-10 07:00:00,True,56.0235081246519,-120.6978491930034
43920,TOURMALINE,TOURMALINE  HZ GROUNDBIRCH B13-25-080-21,MONTNEY,5590.0,2023-08-10 07:00:00,True,55.97062735533015,-121.15801918421064
36666,OVV,OVV  HZ TOWERLAKE P10-14-081-18,MONTNEY,4777.0,2023-08-10 07:00:00,True,56.0237717303119,-120.69774991906975
27084,SECURE WASTE,SECURE WASTE   DAWSON B11-04-079-14,PADDY,931.0,2023-08-13 07:00:00,False,55.81859063923,-120.13033314886924
44016,KELT LNG,KELT LNG  HZ OAK A14-11-086-18,MONTNEY,5590.0,2023-08-15 07:00:00,True,56.44930343691484,-120.73324953732326
30383,TOURMALINE,TOURMALINE  HZ MONIAS H08-22-082-20,CADOMIN,3386.0,2023-08-16 07:00:00,False,56.12306141972895,-121.03241242273765
43977,COELACANTH,COELACANTH  HZ TWO RIVERS B10-08-083-16,MONTNEY,5140.0,2023-08-18 07:00:00,True,56.1816671788698,-120.48992263320888
45984,COELACANTH,COELACANTH  HZ TWO RIVERS C10-08-083-16,MONTNEY,4764.0,2023-08-18 07:00:00,True,56.181667064336956,-120.48968110073663
43394,PACIFIC CANBRIAM,PACIFIC CANBRIAM  HZ ALTARES C-G037-H/094-B-08,MONTNEY,5343.0,2023-08-22 07:00:00,True,56.36300880256198,-122.08738066581876
43393,PACIFIC CANBRIAM,PACIFIC CANBRIAM  HZ ALTARES C-F037-H/094-B-08,MONTNEY,5365.0,2023-08-22 07:00:00,True,56.362971972830024,-122.08752819742935
43392,PACIFIC CANBRIAM,PACIFIC CANBRIAM  HZ ALTARES C-E037-H/094-B-08,MONTNEY,5270.0,2023-08-22 07:00:00,True,56.36293505373072,-122.08767589358997
41533,TOURMALINE,TOURMALINE  HZ TOWN C-G031-H/094-B-09,MONTNEY,4603.0,2023-08-24 07:00:00,True,56.61484180148306,-122.00973122100285
41535,TOURMALINE,TOURMALINE  HZ TOWN C-I031-H/094-B-09,MONTNEY,4557.0,2023-08-24 07:00:00,True,56.61475325493501,-122.0097307696897
41531,TOURMALINE,TOURMALINE  HZ TOWN C-E031-H/094-B-09,MONTNEY,4393.0,2023-08-24 07:00:00,True,56.614930339137715,-122.00973167486686
41529,TOURMALINE,TOURMALINE  HZ TOWN C-C031-H/094-B-09,MONTNEY,4501.0,2023-08-24 07:00:00,True,56.61501888569435,-122.00973212618416
41532,TOURMALINE,TOURMALINE  HZ TOWN C-F031-H/094-B-09,MONTNEY,4480.0,2023-08-24 07:00:00,True,56.61488606988769,-122.00973144879529
41530,TOURMALINE,TOURMALINE  HZ TOWN C-D031-H/094-B-09,MONTNEY,4392.0,2023-08-24 07:00:00,True,56.61497460749401,-122.00973190103093
41534,TOURMALINE,TOURMALINE  HZ TOWN C-H031-H/094-B-09,MONTNEY,4970.0,2023-08-24 07:00:00,True,56.61479752328701,-122.00973099585171
41291,PETRONAS,PETRONAS  HZ GUNDY CREEK A-H037-H/094-B-16,MONTNEY,4203.0,2023-08-25 07:00:00,True,56.85890622839309,-122.08050119767675
41290,PETRONAS,PETRONAS  HZ GUNDY CREEK A-G037-H/094-B-16,MONTNEY,4075.0,2023-08-25 07:00:00,True,56.85889902065668,-122.08042030771598
41289,PETRONAS,PETRONAS  HZ GUNDY CREEK A-F037-H/094-B-16,MONTNEY,4210.0,2023-08-25 07:00:00,True,56.85889180391987,-122.08033941869421
41288,PETRONAS,PETRONAS  HZ GUNDY CREEK A-E037-H/094-B-16,MONTNEY,4512.0,2023-08-25 07:00:00,True,56.85888459608269,-122.08025852879376
41285,PETRONAS,PETRONAS  HZ GUNDY CREEK A-B037-H/094-B-16,MONTNEY,4472.0,2023-08-25 07:00:00,True,56.858862953423966,-122.08001585954256
41286,PETRONAS,PETRONAS  HZ GUNDY CREEK A-C037-H/094-B-16,MONTNEY,4415.0,2023-08-25 07:00:00,True,56.858870170412004,-122.08009675008324
41284,PETRONAS,PETRONAS  HZ GUNDY CREEK A-A037-H/094-B-16,MONTNEY,4333.0,2023-08-25 07:00:00,True,56.858855745385064,-122.07993496976286
32497,SHELL,SHELL  HZ SATURN B16-04-080-19,MONTNEY,6073.0,2023-08-26 07:00:00,True,55.909863773511155,-120.90252561111541
32500,SHELL,SHELL  HZ SATURN E16-04-080-19,MONTNEY,5729.0,2023-08-26 07:00:00,True,55.90976547943665,-120.90253091882124
34813,PACIFIC CANBRIAM,PACIFIC CANBRIAM  HZ ALTARES C-J017-H/094-B-08,MONTNEY,6164.0,2023-08-26 07:00:00,True,56.346841078853,-122.08707822514211
32502,SHELL,SHELL  HZ SATURN G16-04-080-19,MONTNEY,5120.0,2023-08-26 07:00:00,True,55.90969995065092,-120.90253445720032
32496,SHELL,SHELL  HZ SATURN A16-04-080-19,MONTNEY,6048.0,2023-08-26 07:00:00,True,55.909896537905375,-120.90252384191268
34812,PACIFIC CANBRIAM,PACIFIC CANBRIAM  HZ ALTARES C-I017-H/094-B-08,MONTNEY,6150.0,2023-08-26 07:00:00,True,56.34689539559341,-122.08694944578134
32498,SHELL,SHELL  HZ SATURN C16-04-080-19,MONTNEY,6447.0,2023-08-26 07:00:00,True,55.90983100911723,-120.90252738031516
32499,SHELL,SHELL  HZ SATURN D16-04-080-19,MONTNEY,5729.0,2023-08-26 07:00:00,True,55.90979824382998,-120.90252914962737
31551,PETRONAS,PETRONAS  HZ ALTARES C-H007-J/094-B-08,MONTNEY,5651.0,2023-08-30 07:00:00,True,56.42212839988003,-122.21232595948582
31549,PETRONAS,PETRONAS  HZ ALTARES C-F007-J/094-B-08,MONTNEY,5846.0,2023-08-30 07:00:00,True,56.42203470719178,-122.21346951869168
31553,PETRONAS,PETRONAS  HZ ALTARES C-J007-J/094-B-08,MONTNEY,5814.0,2023-08-30 07:00:00,True,56.42219110397078,-122.21220996523952
31554,PETRONAS,PETRONAS  HZ ALTARES C-K007-J/094-B-08,MONTNEY,5817.0,2023-08-30 07:00:00,True,56.422222452158415,-122.21215196021609
31552,PETRONAS,PETRONAS  HZ ALTARES C-I007-J/094-B-08,MONTNEY,5981.0,2023-08-30 07:00:00,True,56.422159757067895,-122.21226795378011
44890,ARCRES,ARCRES  HZ DAWSON CREEK B01-06-079-14,MONTNEY,5605.0,2023-09-07 07:00:00,True,55.81253477114415,-120.16795968024405
44894,ARCRES,ARCRES  HZ DAWSON CREEK F01-06-079-14,MONTNEY,4339.0,2023-09-07 07:00:00,True,55.812175856036774,-120.16798576296581
44891,ARCRES,ARCRES  HZ DAWSON CREEK C01-06-079-14,MONTNEY,5702.0,2023-09-07 07:00:00,True,55.8124450469029,-120.16796620190439
44892,ARCRES,ARCRES  HZ DAWSON CREEK D01-06-079-14,MONTNEY,6198.0,2023-09-07 07:00:00,True,55.81235531358689,-120.16797272166394
44889,ARCRES,ARCRES  HZ DAWSON CREEK A01-06-079-14,MONTNEY,5408.0,2023-09-07 07:00:00,True,55.81262450535671,-120.16795316029393
44893,ARCRES,ARCRES  HZ DAWSON CREEK E01-06-079-14,MONTNEY,6410.0,2023-09-07 07:00:00,True,55.81226558034637,-120.16797924298751
44888,ARCRES,ARCRES  HZ DAWSON CREEK  01-06-079-14,MONTNEY,5732.0,2023-09-07 07:00:00,True,55.81271423860445,-120.16794663885231
44176,YOHO,YOHO  HZ INGA G01-19-087-23,MONTNEY,4923.0,2023-09-10 07:00:00,True,56.55454028908406,-121.65009487736177
44174,YOHO,YOHO  HZ INGA E01-19-087-23,MONTNEY,4741.0,2023-09-10 07:00:00,True,56.55445327930724,-121.64981041418943
44178,YOHO,YOHO  HZ INGA I01-19-087-23,MONTNEY,5244.0,2023-09-10 07:00:00,True,56.55462729918571,-121.6503793433318
41910,TOURMALINE,TOURMALINE  HZ SEPTIMUS D01-24-082-19,MONTNEY,5590.0,2023-09-12 07:00:00,True,56.11671815897919,-120.82495879556744
41911,TOURMALINE,TOURMALINE  HZ SEPTIMUS E01-24-082-19,MONTNEY,5930.0,2023-09-12 07:00:00,True,56.11679434131215,-120.82496738158179
41907,TOURMALINE,TOURMALINE  HZ SEPTIMUS A01-24-082-19,MONTNEY,5412.0,2023-09-12 07:00:00,True,56.116489617240944,-120.82493299017884
41909,TOURMALINE,TOURMALINE  HZ SEPTIMUS C01-24-082-19,MONTNEY,5416.0,2023-09-12 07:00:00,True,56.11664197509969,-120.8249501936338
41908,TOURMALINE,TOURMALINE  HZ SEPTIMUS B01-24-082-19,MONTNEY,5310.0,2023-09-12 07:00:00,True,56.11656580111732,-120.82494159204589
41476,TOURMALINE,TOURMALINE  HZ NIG CREEK B-A009-G/094-H-04,MONTNEY,4430.0,2023-09-15 07:00:00,True,57.08355778704684,-121.7335051040352
41483,TOURMALINE,TOURMALINE  HZ NIG CREEK B-H009-G/094-H-04,MONTNEY,3281.0,2023-09-15 07:00:00,True,57.083416468557786,-121.73401152194528
41478,TOURMALINE,TOURMALINE  HZ NIG CREEK B-C009-G/094-H-04,MONTNEY,4133.0,2023-09-15 07:00:00,True,57.083517409306026,-121.73364980082091
41479,TOURMALINE,TOURMALINE  HZ NIG CREEK B-D009-G/094-H-04,MONTNEY,3698.0,2023-09-15 07:00:00,True,57.08349722437581,-121.73372214782756
41484,TOURMALINE,TOURMALINE  HZ NIG CREEK B-I009-G/094-H-04,MONTNEY,4727.0,2023-09-15 07:00:00,True,57.08339628437729,-121.73408387012121
41480,TOURMALINE,TOURMALINE  HZ NIG CREEK B-E009-G/094-H-04,MONTNEY,4165.0,2023-09-15 07:00:00,True,57.08347703135185,-121.73379449565361
41477,TOURMALINE,TOURMALINE  HZ NIG CREEK B-B009-G/094-H-04,MONTNEY,3855.0,2023-09-15 07:00:00,True,57.0835375932475,-121.73357745218885
41475,TOURMALINE,TOURMALINE  HZ NIG CREEK B- 009-G/094-H-04,MONTNEY,4896.0,2023-09-15 07:00:00,True,57.08357797090866,-121.73343275525107
41482,TOURMALINE,TOURMALINE  HZ NIG CREEK B-G009-G/094-H-04,MONTNEY,4358.0,2023-09-15 07:00:00,True,57.08343666170122,-121.73393917434733
41481,TOURMALINE,TOURMALINE  HZ NIG CREEK B-F009-G/094-H-04,MONTNEY,3402.0,2023-09-15 07:00:00,True,57.083456846396004,-121.7338668441571
43327,PACIFIC CANBRIAM,PACIFIC CANBRIAM  HZ ALTARES D-E004-H/094-B-08,MONTNEY,5891.0,2023-09-16 07:00:00,True,56.33833936751571,-122.04503521283918
43328,PACIFIC CANBRIAM,PACIFIC CANBRIAM  HZ ALTARES D-F004-H/094-B-08,MONTNEY,6004.0,2023-09-16 07:00:00,True,56.33837619664306,-122.04488768535639
32977,PACIFIC CANBRIAM,PACIFIC CANBRIAM  HZ ALTARES D-D004-H/094-B-08,MONTNEY,5977.0,2023-09-16 07:00:00,True,56.33780261801797,-122.04442351326804
44153,ARCRES,ARCRES  HZ DAWSON CREEK K06-35-079-15,MONTNEY,4412.0,2023-09-22 07:00:00,True,55.88852808174075,-120.2370213752696
44152,ARCRES,ARCRES  HZ DAWSON CREEK J06-35-079-15,MONTNEY,4473.0,2023-09-27 07:00:00,True,55.88861784558185,-120.2370213417001
44148,ARCRES,ARCRES  HZ DAWSON CREEK F06-35-079-15,MONTNEY,5766.0,2023-09-27 07:00:00,True,55.88897706213666,-120.23702089779445
44149,ARCRES,ARCRES  HZ DAWSON CREEK G06-35-079-15,MONTNEY,5565.0,2023-09-27 07:00:00,True,55.88888725616733,-120.2370210130566
44151,ARCRES,ARCRES  HZ DAWSON CREEK I06-35-079-15,MONTNEY,5414.0,2023-09-27 07:00:00,True,55.88870765161701,-120.23702122803618
42805,PETRONAS,PETRONAS  HZ TOWN C-Q021-J/094-B-16,MONTNEY,5539.0,2023-09-27 07:00:00,True,56.9392354913989,-122.135383557453
42806,PETRONAS,PETRONAS  HZ TOWN C-R021-J/094-B-16,MONTNEY,5419.0,2023-09-27 07:00:00,True,56.93927511709161,-122.13542215090393
44143,ARCRES,ARCRES  HZ DAWSON CREEK A06-35-079-15,MONTNEY,6053.0,2023-09-27 07:00:00,True,55.889426086167376,-120.2370203705514
42801,PETRONAS,PETRONAS  HZ TOWN C-M021-J/094-B-16,MONTNEY,4245.0,2023-09-27 07:00:00,True,56.939076962097,-122.13522923159377
42800,PETRONAS,PETRONAS  HZ TOWN C-L021-J/094-B-16,MONTNEY,4160.0,2023-09-27 07:00:00,True,56.93903733635223,-122.13519063853937
42797,PETRONAS,PETRONAS  HZ TOWN C-I021-J/094-B-16,MONTNEY,4398.0,2023-09-27 07:00:00,True,56.93891844113914,-122.1350748913163
44142,ARCRES,ARCRES  HZ DAWSON CREEK  06-35-079-15,MONTNEY,6447.0,2023-09-27 07:00:00,True,55.88951589415542,-120.23702025981599
44144,ARCRES,ARCRES  HZ DAWSON CREEK B06-35-079-15,MONTNEY,6022.0,2023-09-27 07:00:00,True,55.889336288387746,-120.23702046854565
42803,PETRONAS,PETRONAS  HZ TOWN C-O021-J/094-B-16,MONTNEY,5106.0,2023-09-27 07:00:00,True,56.93915622157678,-122.13530638582074
42804,PETRONAS,PETRONAS  HZ TOWN C-P021-J/094-B-16,MONTNEY,4963.0,2023-09-27 07:00:00,True,56.93919585629006,-122.13534497985839
44145,ARCRES,ARCRES  HZ DAWSON CREEK C06-35-079-15,MONTNEY,5803.0,2023-09-27 07:00:00,True,55.88924648151597,-120.2370205839401
44150,ARCRES,ARCRES  HZ DAWSON CREEK H06-35-079-15,MONTNEY,5853.0,2023-09-27 07:00:00,True,55.88879744930732,-120.2370211284485
44147,ARCRES,ARCRES  HZ DAWSON CREEK E06-35-079-15,MONTNEY,5601.0,2023-09-27 07:00:00,True,55.88906686883696,-120.23702079849932
42798,PETRONAS,PETRONAS  HZ TOWN C-J021-J/094-B-16,MONTNEY,4144.0,2023-09-27 07:00:00,True,56.938958066426,-122.13511346770031
44146,ARCRES,ARCRES  HZ DAWSON CREEK D06-35-079-15,MONTNEY,5815.0,2023-09-27 07:00:00,True,55.889156674811,-120.23702068323614
42799,PETRONAS,PETRONAS  HZ TOWN C-K021-J/094-B-16,MONTNEY,4190.0,2023-09-27 07:00:00,True,56.93899770119134,-122.13515206134132
42802,PETRONAS,PETRONAS  HZ TOWN C-N021-J/094-B-16,MONTNEY,4086.0,2023-09-27 07:00:00,True,56.93911659634196,-122.13526780904026
41089,PETRONAS,PETRONAS  HZ BLUEBERRY A- 060-D/094-A-13,MONTNEY,4527.0,2023-10-03 07:00:00,True,56.792442405329055,-121.99037369566162
42492,PETRONAS,PETRONAS  HZ BLUEBERRY A-C060-D/094-A-13,MONTNEY,4287.0,2023-10-03 07:00:00,True,56.79251591277375,-121.99016805933233
44192,OVV,OVV  HZ SUNRISE L04-24-078-17,MONTNEY,5519.0,2023-10-03 07:00:00,True,55.77015224972278,-120.50539860187861
42490,PETRONAS,PETRONAS  HZ BLUEBERRY A-A060-D/094-A-13,MONTNEY,4383.0,2023-10-03 07:00:00,True,56.792466908240186,-121.99030514369612
44191,OVV,OVV  HZ SUNRISE N04-24-078-17,MONTNEY,5097.0,2023-10-03 07:00:00,True,55.77033181065149,-120.5054025639921
44194,OVV,OVV  HZ SUNRISE A05-24-078-17,MONTNEY,5230.0,2023-10-03 07:00:00,True,55.77042164101704,-120.50540434989698
42491,PETRONAS,PETRONAS  HZ BLUEBERRY A-B060-D/094-A-13,MONTNEY,4415.0,2023-10-03 07:00:00,True,56.792491410271225,-121.99023659337342
44193,OVV,OVV  HZ SUNRISE M04-24-078-17,MONTNEY,5059.0,2023-10-03 07:00:00,True,55.77024204620024,-120.50540051742782
42495,PETRONAS,PETRONAS  HZ BLUEBERRY A-F060-D/094-A-13,MONTNEY,3208.0,2023-10-03 07:00:00,True,56.79258942023185,-121.98996240412382
42494,PETRONAS,PETRONAS  HZ BLUEBERRY A-E060-D/094-A-13,MONTNEY,3725.0,2023-10-03 07:00:00,True,56.792564918395264,-121.99003095643052
42493,PETRONAS,PETRONAS  HZ BLUEBERRY A-D060-D/094-A-13,MONTNEY,3843.0,2023-10-03 07:00:00,True,56.79248977590038,-121.99024115549976
41913,TOURMALINE,TOURMALINE  HZ SEPTIMUS G01-24-082-19,MONTNEY,4355.0,2023-10-05 07:00:00,True,56.11694669924883,-120.82498458691008
41912,TOURMALINE,TOURMALINE  HZ SEPTIMUS F01-24-082-19,MONTNEY,4845.0,2023-10-05 07:00:00,True,56.1168705162583,-120.82497598475885
29439,TOURMALINE,TOURMALINE  HZ BEG A-D020-H/094-G-01,MONTNEY,4984.0,2023-10-11 07:00:00,True,57.09160287386408,-122.11745399395824
29440,TOURMALINE,TOURMALINE  HZ BEG A-E020-H/094-G-01,MONTNEY,5574.0,2023-10-11 07:00:00,True,57.09158881871766,-122.11737686466539
29441,TOURMALINE,TOURMALINE  HZ BEG A-F020-H/094-G-01,MONTNEY,4859.0,2023-10-11 07:00:00,True,57.09157476437178,-122.11729973368871
44619,OVV,OVV  HZ SUNRISE C03-19-078-16,MONTNEY,6681.0,2023-10-18 07:00:00,True,55.769784447114155,-120.4716688285268
44622,OVV,OVV  HZ SUNRISE F03-19-078-16,MONTNEY,6624.0,2023-10-18 07:00:00,True,55.769515030167604,-120.47166859343866
44620,OVV,OVV  HZ SUNRISE D03-19-078-16,MONTNEY,6383.0,2023-10-18 07:00:00,True,55.769694640932535,-120.47166874489731
38941,OVV,OVV  HZ BRIARRIDGE E14-01-078-14,MONTNEY,5877.0,2023-10-18 07:00:00,True,55.73476081975892,-120.03631429744503
38939,OVV,OVV  HZ BRIARRIDGE C14-01-078-14,MONTNEY,6417.0,2023-10-18 07:00:00,True,55.73493221493815,-120.03640948467174
44621,OVV,OVV  HZ SUNRISE E03-19-078-16,MONTNEY,6319.0,2023-10-18 07:00:00,True,55.769604835451936,-120.47166867719201
38942,OVV,OVV  HZ BRIARRIDGE F14-01-078-14,MONTNEY,6177.0,2023-10-18 07:00:00,True,55.73467509788571,-120.03626681829324
38940,OVV,OVV  HZ BRIARRIDGE D14-01-078-14,MONTNEY,6270.0,2023-10-18 07:00:00,True,55.7348427011877,-120.0362027238625
40640,TOURMALINE,TOURMALINE  HZ TOWN B-X024-I/094-B-09,MONTNEY,4969.0,2023-10-22 07:00:00,True,56.68569805466758,-122.0465472903404
40643,TOURMALINE,TOURMALINE  HZ TOWN B-AA024-I/094-B-09,MONTNEY,5072.0,2023-10-22 07:00:00,True,56.68565864255071,-122.04677771622698
40639,TOURMALINE,TOURMALINE  HZ TOWN B-W024-I/094-B-09,MONTNEY,4974.0,2023-10-22 07:00:00,True,56.685711194916856,-122.04647049058404
40641,TOURMALINE,TOURMALINE  HZ TOWN B-Y024-I/094-B-09,MONTNEY,4877.0,2023-10-22 07:00:00,True,56.6856849139281,-122.04662410482764
40646,TOURMALINE,TOURMALINE  HZ TOWN B-AD024-I/094-B-09,MONTNEY,5525.0,2023-10-22 07:00:00,True,56.68561922112477,-122.04700814419046
40647,TOURMALINE,TOURMALINE  HZ TOWN B-AE024-I/094-B-09,MONTNEY,5501.0,2023-10-22 07:00:00,True,56.68560608011174,-122.04708495836562
40645,TOURMALINE,TOURMALINE  HZ TOWN B-AC024-I/094-B-09,MONTNEY,5435.0,2023-10-22 07:00:00,True,56.685632361197314,-122.04693133005452
35109,SHELL,SHELL  HZ GROUNDBIRCH E07-28-079-20,MONTNEY,6278.0,2023-10-27 07:00:00,True,55.87570175377835,-121.06441053197864
35110,SHELL,SHELL  HZ GROUNDBIRCH F07-28-079-20,MONTNEY,6378.0,2023-10-27 07:00:00,True,55.875636217407646,-121.06441379192253
43633,SHELL,SHELL  HZ GROUNDBIRCH G07-28-079-20,MONTNEY,5876.0,2023-10-27 07:00:00,True,55.87566898562407,-121.06441216275076
29934,OVV,OVV CRP HZ SUNRISE B04-20-079-17,MONTNEY,4313.0,2023-10-29 07:00:00,True,55.85511098942391,-120.63448128171403
29935,OVV,OVV CRP HZ SUNRISE C04-20-079-17,MONTNEY,6723.0,2023-10-29 07:00:00,True,55.85519193356695,-120.6344806655621
29933,OVV,OVV CRP HZ SUNRISE A04-20-079-17,MONTNEY,6530.0,2023-10-29 07:00:00,True,55.85501232060171,-120.63448033264213
29936,OVV,OVV CRP HZ SUNRISE D04-20-079-17,MONTNEY,6720.0,2023-10-29 07:00:00,True,55.85529060438447,-120.63448161918508
42965,TOURMALINE,TOURMALINE  HZ SUNDOWN I04-15-077-17,MONTNEY,4535.0,2023-11-07 07:00:00,True,55.66736798259971,-120.5591858020156
42958,TOURMALINE,TOURMALINE  HZ SUNDOWN B04-15-077-17,MONTNEY,4030.0,2023-11-07 07:00:00,True,55.667367925533384,-120.55973415820972
42961,TOURMALINE,TOURMALINE  HZ SUNDOWN E04-15-077-17,MONTNEY,4235.0,2023-11-07 07:00:00,True,55.66736795046942,-120.55949914975645
42962,TOURMALINE,TOURMALINE  HZ SUNDOWN F04-15-077-17,MONTNEY,4079.0,2023-11-07 07:00:00,True,55.66736795824862,-120.55942081046922
42960,TOURMALINE,TOURMALINE  HZ SUNDOWN D04-15-077-17,MONTNEY,4336.0,2023-11-07 07:00:00,True,55.6673679425039,-120.55957748586681
42966,TOURMALINE,TOURMALINE  HZ SUNDOWN J04-15-077-17,MONTNEY,4643.0,2023-11-07 07:00:00,True,55.667367991352336,-120.55910746895967
42959,TOURMALINE,TOURMALINE  HZ SUNDOWN C04-15-077-17,MONTNEY,4123.0,2023-11-07 07:00:00,True,55.667367934489654,-120.55965582197712
42963,TOURMALINE,TOURMALINE  HZ SUNDOWN G04-15-077-17,MONTNEY,3340.0,2023-11-07 07:00:00,True,55.66736796611662,-120.55934247435884
42964,TOURMALINE,TOURMALINE  HZ SUNDOWN H04-15-077-17,MONTNEY,4505.0,2023-11-07 07:00:00,True,55.66736797393588,-120.55926413824838
45872,OVV,OVV  HZ TOWER LAKE D02-06-081-17,MONTNEY,5843.0,2023-11-11 07:00:00,True,55.98803908673463,-120.64489420593559
45869,OVV,OVV  HZ TOWER LAKE A02-06-081-17,MONTNEY,5864.0,2023-11-11 07:00:00,True,55.98827783375909,-120.64467151400106
45873,OVV,OVV  HZ TOWER LAKE E02-06-081-17,MONTNEY,6075.0,2023-11-11 07:00:00,True,55.98776054844575,-120.64515401161749
45871,OVV,OVV  HZ TOWER LAKE C02-06-081-17,MONTNEY,5745.0,2023-11-11 07:00:00,True,55.988118665615836,-120.64481997069666
45874,OVV,OVV  HZ TOWER LAKE F02-06-081-17,MONTNEY,5715.0,2023-11-11 07:00:00,True,55.987680968701326,-120.64522822949547
45870,OVV,OVV  HZ TOWER LAKE B02-06-081-17,MONTNEY,5883.0,2023-11-11 07:00:00,True,55.9881982540672,-120.64474574995968
45868,OVV,OVV  HZ TOWER LAKE  02-06-081-17,MONTNEY,6030.0,2023-11-11 07:00:00,True,55.98835741340964,-120.64459727774324
45875,OVV,OVV  HZ TOWER LAKE G02-06-081-17,MONTNEY,5934.0,2023-11-11 07:00:00,True,55.987601388699176,-120.64530246321044
47475,COELACANTH,COELACANTH  HZ TWO RIVERS E05-19-082-14,MONTNEY,5117.0,2023-11-13 07:00:00,True,56.121754200281245,-120.19084147777878
45724,TOURMALINE,TOURMALINE  HZ LAPRISE CREEK B-J034-L/094-H-05,MONTNEY,1161.0,2023-11-13 07:00:00,True,57.44224293345696,-121.92316094718714
47471,COELACANTH,COELACANTH  HZ TWO RIVERS A05-19-082-14,MONTNEY,5260.0,2023-11-13 07:00:00,True,56.12150282835331,-120.1908418042735
47473,COELACANTH,COELACANTH  HZ TWO RIVERS C05-19-082-14,MONTNEY,5290.0,2023-11-13 07:00:00,True,56.12162851390453,-120.19084164189577
45723,TOURMALINE,TOURMALINE  HZ LAPRISE CREEK B-I034-L/094-H-05,MONTNEY,4226.0,2023-11-13 07:00:00,True,57.442246849504684,-121.92324272076223
45722,TOURMALINE,TOURMALINE  HZ LAPRISE CREEK B-H034-L/094-H-05,MONTNEY,4490.0,2023-11-13 07:00:00,True,57.442250764554714,-121.92332449278541
47474,COELACANTH,COELACANTH  HZ TWO RIVERS D05-19-082-14,MONTNEY,5252.0,2023-11-13 07:00:00,True,56.12169135664564,-120.19084155990345
40032,TOURMALINE,TOURMALINE  HZ BLUEBERRY WEST B-G052-I/094-B-09,MONTNEY,3925.0,2023-11-21 07:00:00,True,56.70926355016008,-122.02624134266905
40035,TOURMALINE,TOURMALINE  HZ BLUEBERRY WEST B-D052-I/094-B-09,MONTNEY,4771.0,2023-11-21 07:00:00,True,56.709265436762806,-122.02648277835632
40028,TOURMALINE,TOURMALINE  HZ BLUEBERRY WEST B-K052-I/094-B-09,MONTNEY,4210.0,2023-11-21 07:00:00,True,56.709261034970126,-122.02591944091722
40029,TOURMALINE,TOURMALINE  HZ BLUEBERRY WEST B-J052-I/094-B-09,MONTNEY,4000.0,2023-11-21 07:00:00,True,56.709261663156504,-122.02599990863867
40031,TOURMALINE,TOURMALINE  HZ BLUEBERRY WEST B-H052-I/094-B-09,MONTNEY,3833.0,2023-11-21 07:00:00,True,56.70895551679407,-122.02582026230063
40027,TOURMALINE,TOURMALINE  HZ BLUEBERRY WEST B-L052-I/094-B-09,MONTNEY,4213.0,2023-11-21 07:00:00,True,56.70926040533594,-122.02583895695649
40034,TOURMALINE,TOURMALINE  HZ BLUEBERRY WEST B-E052-I/094-B-09,MONTNEY,4388.0,2023-11-21 07:00:00,True,56.70926480837431,-122.02640229428552
40030,TOURMALINE,TOURMALINE  HZ BLUEBERRY WEST B-I052-I/094-B-09,MONTNEY,3892.0,2023-11-21 07:00:00,True,56.70926229269048,-122.02608039260463
40033,TOURMALINE,TOURMALINE  HZ BLUEBERRY WEST B-F052-I/094-B-09,MONTNEY,4006.0,2023-11-21 07:00:00,True,56.709264179543666,-122.02632182664287
44640,OVV,OVV  HZ SUNRISE C05-26-078-17,MONTNEY,6507.0,2023-11-23 07:00:00,True,55.78775237633833,-120.53280587285825
44637,OVV,OVV  HZ SUNRISE  05-26-078-17,MONTNEY,6365.0,2023-11-23 07:00:00,True,55.78775243638889,-120.53328402459805
42255,PETRONAS,PETRONAS  HZ TOWN D-C061-G/094-B-16,MONTNEY,5283.0,2023-11-23 07:00:00,True,56.89091405535284,-122.12929327290247
42257,PETRONAS,PETRONAS  HZ TOWN D-E061-G/094-B-16,MONTNEY,5302.0,2023-11-23 07:00:00,True,56.89095744238902,-122.12906033001673
44639,OVV,OVV  HZ SUNRISE B05-26-078-17,MONTNEY,5915.0,2023-11-23 07:00:00,True,55.787752394633344,-120.53296526077654
42253,PETRONAS,PETRONAS  HZ TOWN D-A061-G/094-B-16,MONTNEY,5294.0,2023-11-23 07:00:00,True,56.89088513120239,-122.12944858370368
42254,PETRONAS,PETRONAS  HZ TOWN D-B061-G/094-B-16,MONTNEY,5535.0,2023-11-23 07:00:00,True,56.890899593478885,-122.1293709192607
41154,PETRONAS,PETRONAS  HZ TOWN D- 061-G/094-B-16,MONTNEY,5072.0,2023-11-23 07:00:00,True,56.89087066838972,-122.12952623167655
44641,OVV,OVV  HZ SUNRISE D05-26-078-17,MONTNEY,6197.0,2023-11-23 07:00:00,True,55.78775298964848,-120.53267836142118
44638,OVV,OVV  HZ SUNRISE A05-26-078-17,MONTNEY,6137.0,2023-11-23 07:00:00,True,55.78775241519964,-120.53312464354543
42259,PETRONAS,PETRONAS  HZ TOWN D-G061-G/094-B-16,MONTNEY,5142.0,2023-11-23 07:00:00,True,56.89098636656621,-122.12890503504572
44642,OVV,OVV  HZ SUNRISE E05-26-078-17,MONTNEY,6181.0,2023-11-23 07:00:00,True,55.78775233117971,-120.53248712056006
42258,PETRONAS,PETRONAS  HZ TOWN D-F061-G/094-B-16,MONTNEY,5283.0,2023-11-23 07:00:00,True,56.89097190492379,-122.12898268169478
42256,PETRONAS,PETRONAS  HZ TOWN D-D061-G/094-B-16,MONTNEY,5171.0,2023-11-23 07:00:00,True,56.890942979758925,-122.1291379766393
29707,CNRL,CNRL ETAL HZ NIG CREEK D-C056-D/094-H-03,MONTNEY,6007.0,2023-11-24 07:00:00,True,57.04647727237581,-121.43939419727538
28714,CNRL,CNRL ET AL HZ NIG D-A056-D/094-H-03,MONTNEY,5872.0,2023-11-24 07:00:00,True,57.04629774343665,-121.43940177677298
43738,COP,COP  HZ INGA B05-02-088-23,MONTNEY,5316.0,2023-11-27 07:00:00,True,56.6022903095178,-121.56434745577093
43737,COP,COP  HZ INGA A05-02-088-23,MONTNEY,5200.0,2023-11-27 07:00:00,True,56.602399040673134,-121.56449168588132
43736,COP,COP  HZ INGA  05-02-088-23,MONTNEY,5370.0,2023-11-27 07:00:00,True,56.60250749546142,-121.56463605786445
43739,COP,COP  HZ INGA C05-02-088-23,MONTNEY,5296.0,2023-11-27 07:00:00,True,56.60218173548873,-121.56420294368998
40995,TOURMALINE,TOURMALINE  HZ BIRLEY CREEK B-A039-K/094-H-03,MONTNEY,4161.0,2023-12-08 07:00:00,True,57.194872141880886,-121.36191893477286
40996,TOURMALINE,TOURMALINE  HZ BIRLEY CREEK B-B039-K/094-H-03,MONTNEY,3995.0,2023-12-08 07:00:00,True,57.194845233566824,-121.36198374745562
40997,TOURMALINE,TOURMALINE  HZ BIRLEY CREEK B-C039-K/094-H-03,MONTNEY,4190.0,2023-12-08 07:00:00,True,57.19481835279373,-121.36204852682025
43024,OVV,OVV  HZ SUNRISE N14-25-079-17,MONTNEY,4800.0,2023-12-16 07:00:00,True,55.88149461759465,-120.5226901013579
43025,OVV,OVV  HZ SUNRISE O14-25-079-17,MONTNEY,7738.0,2023-12-16 07:00:00,True,55.88166042076592,-120.5226795304907
33589,OVV,OVV  HZ SUNRISE M14-25-079-17,MONTNEY,4945.0,2023-12-16 07:00:00,True,55.88140486867762,-120.52269582168005
33588,OVV,OVV  HZ SUNRISE L14-25-079-17,MONTNEY,7000.0,2023-12-16 07:00:00,True,55.8813151196934,-120.52270154037937
43027,OVV,OVV  HZ SUNRISE Q14-25-079-17,MONTNEY,7340.0,2023-12-16 07:00:00,True,55.882768756936166,-120.52348822668561
43026,OVV,OVV  HZ SUNRISE P14-25-079-17,MONTNEY,7475.0,2023-12-16 07:00:00,True,55.882679007880775,-120.52349394378592
40075,PETRONAS,PETRONAS  HZ GUNDY CREEK WEST D-H082-J/094-B-09,MONTNEY,5930.0,2023-12-20 07:00:00,True,56.740038447665604,-122.14515364709342
40068,PETRONAS,PETRONAS  HZ GUNDY CREEK WEST D-A082-J/094-B-09,MONTNEY,6515.0,2023-12-20 07:00:00,True,56.74015604662199,-122.14419693037661
40069,PETRONAS,PETRONAS  HZ GUNDY CREEK WEST D-B082-J/094-B-09,MONTNEY,6725.0,2023-12-20 07:00:00,True,56.7401462443239,-122.14427665575285
40067,PETRONAS,PETRONAS  HZ GUNDY CREEK WEST D- 082-J/094-B-09,MONTNEY,1051.4,2023-12-20 07:00:00,True,56.74016584976596,-122.14411720487098
40071,PETRONAS,PETRONAS  HZ GUNDY CREEK WEST D-D082-J/094-B-09,MONTNEY,6489.0,2023-12-20 07:00:00,True,56.740126638685496,-122.14443610647336
40072,PETRONAS,PETRONAS  HZ GUNDY CREEK WEST D-E082-J/094-B-09,MONTNEY,6393.0,2023-12-20 07:00:00,True,56.740067839874335,-122.1449144721438
40070,PETRONAS,PETRONAS  HZ GUNDY CREEK WEST D-C082-J/094-B-09,MONTNEY,6664.0,2023-12-20 07:00:00,True,56.740136441976745,-122.14435638108867
40074,PETRONAS,PETRONAS  HZ GUNDY CREEK WEST D-G082-J/094-B-09,MONTNEY,6098.0,2023-12-20 07:00:00,True,56.74004824240015,-122.145073921328
40073,PETRONAS,PETRONAS  HZ GUNDY CREEK WEST D-F082-J/094-B-09,MONTNEY,6290.0,2023-12-20 07:00:00,True,56.74005804523798,-122.14499419798987
40076,PETRONAS,PETRONAS  HZ GUNDY CREEK WEST C- 082-J/094-B-09,MONTNEY,5708.0,2023-12-20 07:00:00,True,56.74002864477836,-122.14523337198571
31896,SHELL,SHELL ET AL HZ GROUNDBIRCH M10-04-081-20,MONTNEY,4505.0,2023-12-27 07:00:00,True,55.99472076362591,-121.06597263332671
31898,SHELL,SHELL ET AL HZ GROUNDBIRCH O10-04-081-20,MONTNEY,4529.0,2023-12-27 07:00:00,True,55.994667377423625,-121.06604051442207
31897,SHELL,SHELL ET AL HZ GROUNDBIRCH N10-04-081-20,MONTNEY,4663.0,2023-12-27 07:00:00,True,55.99469407430184,-121.06600656698416
31899,SHELL,SHELL ET AL HZ GROUNDBIRCH P10-04-081-20,MONTNEY,4637.0,2023-12-27 07:00:00,True,55.99464068808183,-121.06607444798775
31900,SHELL,SHELL ET AL HZ GROUNDBIRCH Q10-04-081-20,MONTNEY,4784.0,2023-12-29 07:00:00,True,55.994613990354566,-121.06610839704821
28831,TOURMALINE,TOURMALINE   DOE C05-30-080-15,MONTNEY,3781.0,2023-12-29 07:00:00,True,55.961242962368694,-120.34676620220621
27661,TOURMALINE,TOURMALINE ET AL  DOE C04-25-080-16,MONTNEY,3511.0,2023-12-29 07:00:00,True,55.959379067088086,-120.37358688812122
43705,PACIFIC CANBRIAM,PACIFIC CANBRIAM  HZ ALTARES G07-01-085-26,MONTNEY,5477.0,2024-01-02 07:00:00,True,56.33791837667668,-121.96345023271685
43701,PACIFIC CANBRIAM,PACIFIC CANBRIAM  HZ ALTARES C07-01-085-26,MONTNEY,5503.0,2024-01-02 07:00:00,True,56.33760992058111,-121.9637821358037
43699,PACIFIC CANBRIAM,PACIFIC CANBRIAM  HZ ALTARES A07-01-085-26,MONTNEY,5492.0,2024-01-02 07:00:00,True,56.337455597827336,-121.96394808052091
43704,PACIFIC CANBRIAM,PACIFIC CANBRIAM  HZ ALTARES F07-01-085-26,MONTNEY,5180.0,2024-01-02 07:00:00,True,56.33784126033961,-121.96353320435638
43706,PACIFIC CANBRIAM,PACIFIC CANBRIAM  HZ ALTARES H07-01-085-26,MONTNEY,5264.0,2024-01-02 07:00:00,True,56.337995483964946,-121.96336726005615
43698,PACIFIC CANBRIAM,PACIFIC CANBRIAM  HZ ALTARES  07-01-085-26,MONTNEY,5755.0,2024-01-02 07:00:00,True,56.33737858036245,-121.96403106430904
43703,PACIFIC CANBRIAM,PACIFIC CANBRIAM  HZ ALTARES E07-01-085-26,MONTNEY,5415.0,2024-01-02 07:00:00,True,56.33776415294912,-121.96361617636337
43700,PACIFIC CANBRIAM,PACIFIC CANBRIAM  HZ ALTARES B07-01-085-26,MONTNEY,5643.0,2024-01-02 07:00:00,True,56.33753281303724,-121.96386510683011
43702,PACIFIC CANBRIAM,PACIFIC CANBRIAM  HZ ALTARES D07-01-085-26,MONTNEY,5543.0,2024-01-02 07:00:00,True,56.337687037020466,-121.96369916352704
47466,TOURMALINE,TOURMALINE  HZ SEPTIMUS B07-18-082-18,MONTNEY,5708.0,2024-01-03 07:00:00,True,56.1086889969111,-120.80564368157434
47465,TOURMALINE,TOURMALINE  HZ SEPTIMUS A07-18-082-18,MONTNEY,5947.0,2024-01-03 07:00:00,True,56.108744653383816,-120.80573714316805
47467,TOURMALINE,TOURMALINE  HZ SEPTIMUS C07-18-082-18,MONTNEY,5670.0,2024-01-03 07:00:00,True,56.10863333071206,-120.80555020375259
47468,TOURMALINE,TOURMALINE  HZ SEPTIMUS D07-18-082-18,MONTNEY,5715.0,2024-01-03 07:00:00,True,56.1085776654048,-120.80545672768375
47469,TOURMALINE,TOURMALINE  HZ SEPTIMUS E07-18-082-18,MONTNEY,5913.0,2024-01-03 07:00:00,True,56.10837236271207,-120.80546629282502
32619,ARCRES,ARCRES  HZ ATTACHIE C13-26-084-24,MONTNEY,4046.0,2024-01-06 07:00:00,True,56.31733105664685,-121.68999387371136
36728,ARCRES,ARCRES  HZ ATTACHIE E13-26-084-24,MONTNEY,5306.0,2024-01-06 07:00:00,True,56.31732718828629,-121.68967064061171
36727,ARCRES,ARCRES  HZ ATTACHIE D13-26-084-24,MONTNEY,4049.0,2024-01-06 07:00:00,True,56.317329077262535,-121.68983225808871
46896,ARCRES,ARCRES  HZ PARKLAND E05-35-080-16,MONTNEY,4961.0,2024-01-08 07:00:00,True,55.97479948099106,-120.39796564267365
46898,ARCRES,ARCRES  HZ PARKLAND G05-35-080-16,MONTNEY,5750.0,2024-01-08 07:00:00,True,55.974977846148256,-120.39800377381341
46894,ARCRES,ARCRES  HZ PARKLAND C05-35-080-16,MONTNEY,4922.0,2024-01-08 07:00:00,True,55.974621116725785,-120.39792751175129
46895,ARCRES,ARCRES  HZ PARKLAND D05-35-080-16,MONTNEY,4863.0,2024-01-08 07:00:00,True,55.974710298858575,-120.39794657716942
46897,ARCRES,ARCRES  HZ PARKLAND F05-35-080-16,MONTNEY,5275.0,2024-01-08 07:00:00,True,55.97488866312321,-120.39798470826396
45902,OVV,OVV  HZ TOWER LAKE D14-02-081-18,MONTNEY,7061.0,2024-01-09 07:00:00,True,55.99887241451845,-120.70720551558455
45900,OVV,OVV  HZ TOWER LAKE B14-02-081-18,MONTNEY,6723.0,2024-01-09 07:00:00,True,55.99887216603454,-120.70648438686993
45905,OVV,OVV  HZ TOWER LAKE G14-02-081-18,MONTNEY,6803.0,2024-01-09 07:00:00,True,55.998872584175096,-120.70768626776007
45901,OVV,OVV  HZ TOWER LAKE C14-02-081-18,MONTNEY,6867.0,2024-01-09 07:00:00,True,55.99887222695333,-120.70664463661853
45904,OVV,OVV  HZ TOWER LAKE F14-02-081-18,MONTNEY,6734.0,2024-01-09 07:00:00,True,55.998872525464876,-120.70752601788844
45898,OVV,OVV  HZ TOWER LAKE  14-02-081-18,MONTNEY,6583.0,2024-01-09 07:00:00,True,55.99887206235336,-120.70616388485377
45899,OVV,OVV  HZ TOWER LAKE A14-02-081-18,MONTNEY,6853.0,2024-01-09 07:00:00,True,55.99887211384836,-120.70632413592166
45903,OVV,OVV  HZ TOWER LAKE E14-02-081-18,MONTNEY,6465.0,2024-01-09 07:00:00,True,55.99887247459379,-120.70736576693731
45822,KELT LNG,KELT LNG  HZ OAK G05-33-086-18,MONTNEY,6094.0,2024-01-12 07:00:00,True,56.497671087384475,-120.79295889315806
45821,KELT LNG,KELT LNG  HZ OAK F05-33-086-18,MONTNEY,5995.0,2024-01-12 07:00:00,True,56.49776089161174,-120.79295882626076
40716,COP,COP  HZ INGA NORTH B-F072-K/094-A-12,MONTNEY,5703.0,2024-01-15 07:00:00,True,56.72870146237256,-121.77416989990755
40719,COP,COP  HZ INGA NORTH B-H072-K/094-A-12,MONTNEY,5822.0,2024-01-15 07:00:00,True,56.72887388513968,-121.77426194506928
40711,COP,COP  HZ INGA NORTH B-A072-K/094-A-12,MONTNEY,4943.0,2024-01-15 07:00:00,True,56.72827071934303,-121.77393986780135
40714,COP,COP  HZ INGA NORTH B-D072-K/094-A-12,MONTNEY,5278.0,2024-01-15 07:00:00,True,56.72852925565187,-121.77407792872123
40712,COP,COP  HZ INGA NORTH B-B072-K/094-A-12,MONTNEY,5895.0,2024-01-15 07:00:00,True,56.72835683348778,-121.77398601629405
40713,COP,COP  HZ INGA NORTH B-C072-K/094-A-12,MONTNEY,5681.0,2024-01-15 07:00:00,True,56.72844306048745,-121.77403180014208
40710,COP,COP  HZ INGA NORTH B- 072-K/094-A-12,MONTNEY,5177.0,2024-01-15 07:00:00,True,56.728184571288075,-121.77389391833405
40718,COP,COP  HZ INGA NORTH B-G072-K/094-A-12,MONTNEY,5758.0,2024-01-15 07:00:00,True,56.728787629832716,-121.7742160616354
40715,COP,COP  HZ INGA NORTH B-E072-K/094-A-12,MONTNEY,4951.0,2024-01-15 07:00:00,True,56.72861539488659,-121.77412391275713
40720,COP,COP  HZ INGA NORTH B-I072-K/094-A-12,MONTNEY,5507.0,2024-01-15 07:00:00,True,56.72895997930952,-121.77430789876243
44929,ARCRES,ARCRES  HZ SUNRISE C15-30-078-17,MONTNEY,4841.0,2024-01-27 07:00:00,True,55.79248979725741,-120.61966812855508
44926,ARCRES,ARCRES  HZ SUNRISE  15-30-078-17,MONTNEY,5146.0,2024-01-27 07:00:00,True,55.79229975709066,-120.62000710677387
44930,ARCRES,ARCRES  HZ SUNRISE D15-30-078-17,MONTNEY,4964.0,2024-01-27 07:00:00,True,55.79255314155599,-120.61955513913593
44931,ARCRES,ARCRES  HZ SUNRISE E15-30-078-17,MONTNEY,5026.0,2024-01-27 07:00:00,True,55.7926164939308,-120.61944215145103
44932,ARCRES,ARCRES  HZ SUNRISE F15-30-078-17,MONTNEY,5125.0,2024-01-27 07:00:00,True,55.79267983802925,-120.6193291613105
44927,ARCRES,ARCRES  HZ SUNRISE A15-30-078-17,MONTNEY,5368.0,2024-01-27 07:00:00,True,55.79236310086406,-120.61989412015176
44935,ARCRES,ARCRES  HZ SUNRISE  16-30-078-17,MONTNEY,5425.0,2024-01-27 07:00:00,True,55.79280653410221,-120.6191031820422
44933,ARCRES,ARCRES  HZ SUNRISE G15-30-078-17,MONTNEY,5149.0,2024-01-27 07:00:00,True,55.79274319013589,-120.61921617131061
44936,ARCRES,ARCRES  HZ SUNRISE A16-30-078-17,MONTNEY,5452.0,2024-01-27 07:00:00,True,55.792869902796284,-120.61899014255884
44928,ARCRES,ARCRES  HZ SUNRISE B15-30-078-17,MONTNEY,5726.0,2024-01-27 07:00:00,True,55.79242645436439,-120.61978113183412
30191,CNRL,CNRL  HZ BLAIR C- 089-C/094-B-16,MONTNEY,6236.0,2024-01-29 07:00:00,True,56.823585083063634,-122.36053676055475
30461,CNRL,CNRL  HZ BLAIR C-B089-C/094-B-16,MONTNEY,5653.0,2024-01-29 07:00:00,True,56.82345488858878,-122.36047385045134
30460,CNRL,CNRL  HZ BLAIR C-C089-C/094-B-16,MONTNEY,5610.0,2024-01-29 07:00:00,True,56.82338980010128,-122.36044240376982
30462,CNRL,CNRL  HZ BLAIR C-A089-C/094-B-16,MONTNEY,6109.0,2024-01-29 07:00:00,True,56.82351998517385,-122.36050529811848
46498,TOURMALINE,TOURMALINE  HZ SUNSET PRAIRIE O09-22-080-18,MONTNEY,3812.0,2024-01-30 07:00:00,True,55.95087154404527,-120.71701590646794
42326,TOURMALINE,TOURMALINE  HZ SUNSET PRAIRIE M09-22-080-18,MONTNEY,3700.0,2024-01-30 07:00:00,True,55.95081118658053,-120.71713141900452
42323,TOURMALINE,TOURMALINE  HZ SUNSET PRAIRIE J09-22-080-18,MONTNEY,3860.0,2024-01-30 07:00:00,True,55.950720641320295,-120.71730460386064
42325,TOURMALINE,TOURMALINE  HZ SUNSET PRAIRIE L09-22-080-18,MONTNEY,3898.0,2024-01-30 07:00:00,True,55.95078100389282,-120.71718914589756
42324,TOURMALINE,TOURMALINE  HZ SUNSET PRAIRIE K09-22-080-18,MONTNEY,3770.0,2024-01-30 07:00:00,True,55.950750823099725,-120.71724687566342
46500,TOURMALINE,TOURMALINE  HZ SUNSET PRAIRIE Q09-22-080-18,MONTNEY,3915.0,2024-01-30 07:00:00,True,55.950931905622866,-120.7169004300221
46499,TOURMALINE,TOURMALINE  HZ SUNSET PRAIRIE P09-22-080-18,MONTNEY,3890.0,2024-01-30 07:00:00,True,55.95090172522699,-120.71695816662918
42322,TOURMALINE,TOURMALINE  HZ SUNSET PRAIRIE I09-22-080-18,MONTNEY,3957.0,2024-01-30 07:00:00,True,55.95069045951489,-120.71736233196971
42327,TOURMALINE,TOURMALINE  HZ SUNSET PRAIRIE N09-22-080-18,MONTNEY,3955.0,2024-01-30 07:00:00,True,55.95084136828192,-120.71707369054285
41542,TOURMALINE,TOURMALINE  HZ TOWN C-P031-H/094-B-09,MONTNEY,4662.0,2024-02-01 07:00:00,True,56.614454825618296,-122.0104538691113
41536,TOURMALINE,TOURMALINE  HZ TOWN C-J031-H/094-B-09,MONTNEY,5006.0,2024-02-01 07:00:00,True,56.61445407288536,-122.0109355648332
41537,TOURMALINE,TOURMALINE  HZ TOWN C-K031-H/094-B-09,MONTNEY,4880.0,2024-02-01 07:00:00,True,56.61445419842226,-122.0108552952951
41538,TOURMALINE,TOURMALINE  HZ TOWN C-L031-H/094-B-09,MONTNEY,4961.0,2024-02-01 07:00:00,True,56.61445432434968,-122.01077501100022
41540,TOURMALINE,TOURMALINE  HZ TOWN C-N031-H/094-B-09,MONTNEY,4630.0,2024-02-01 07:00:00,True,56.61445457505875,-122.01061443924213
41543,TOURMALINE,TOURMALINE  HZ TOWN C-Q031-H/094-B-09,MONTNEY,4688.0,2024-02-01 07:00:00,True,56.614454950855254,-122.01037359957012
41539,TOURMALINE,TOURMALINE  HZ TOWN C-M031-H/094-B-09,MONTNEY,4820.0,2024-02-01 07:00:00,True,56.614454449281816,-122.0106947251674
41541,TOURMALINE,TOURMALINE  HZ TOWN C-O031-H/094-B-09,MONTNEY,4566.0,2024-02-01 07:00:00,True,56.614454699941376,-122.01053415503763
42661,CNRL,CNRL  HZ DAIBER C-D089-C/094-B-16,MONTNEY,5856.0,2024-02-01 07:00:00,True,56.823324703091664,-122.36041094156694
34330,TOURMALINE,TOURMALINE  HZ NIG CREEK WEST A-A073-D/094-H-04,MONTNEY,5222.0,2024-02-10 07:00:00,True,57.05874323835333,-121.90769798530846
34331,TOURMALINE,TOURMALINE  HZ NIG CREEK WEST A-B073-D/094-H-04,MONTNEY,5390.0,2024-02-10 07:00:00,True,57.05878610492656,-121.90767769814153
34329,TOURMALINE,TOURMALINE  HZ NIG CREEK WEST A- 073-D/094-H-04,MONTNEY,5363.0,2024-02-10 07:00:00,True,57.05870037262148,-121.90771827068674
34328,TOURMALINE,TOURMALINE  HZ NIG CREEK WEST B- 073-D/094-H-04,MONTNEY,5615.0,2024-02-10 07:00:00,True,57.058657506939575,-121.90773855766783
43981,MURPHY,MURPHY  HZ SUNDOWN E07-15-078-18,MONTNEY,6078.0,2024-02-14 07:00:00,True,55.75820759507174,-120.70088600605082
43983,MURPHY,MURPHY  HZ SUNDOWN G07-15-078-18,MONTNEY,5970.0,2024-02-14 07:00:00,True,55.75820756170921,-120.70072674338626
43987,MURPHY,MURPHY  HZ SUNDOWN K07-15-078-18,MONTNEY,5432.0,2024-02-14 07:00:00,True,55.75874655487614,-120.70144305597329
43980,MURPHY,MURPHY  HZ SUNDOWN D07-15-078-18,MONTNEY,5605.0,2024-02-14 07:00:00,True,55.75820761081771,-120.7009656382988
43985,MURPHY,MURPHY  HZ SUNDOWN I07-15-078-18,MONTNEY,5443.0,2024-02-14 07:00:00,True,55.75874658733449,-120.70160232079965
43986,MURPHY,MURPHY  HZ SUNDOWN J07-15-078-18,MONTNEY,5275.0,2024-02-14 07:00:00,True,55.75874657116393,-120.7015226891826
43984,MURPHY,MURPHY  HZ SUNDOWN H07-15-078-18,MONTNEY,5359.0,2024-02-14 07:00:00,True,55.758746612232564,-120.70168196885787
43988,MURPHY,MURPHY  HZ SUNDOWN L07-15-078-18,MONTNEY,5569.0,2024-02-14 07:00:00,True,55.75874653943152,-120.70136342264462
43982,MURPHY,MURPHY  HZ SUNDOWN F07-15-078-18,MONTNEY,5865.0,2024-02-14 07:00:00,True,55.75820757838213,-120.70080637392235
43979,MURPHY,MURPHY  HZ SUNDOWN C07-15-078-18,MONTNEY,5467.0,2024-02-14 07:00:00,True,55.758207627339814,-120.70104526883509
41937,PETRONAS,PETRONAS  HZ TOWN A-F028-B/094-G-01,MONTNEY,4502.0,2024-02-15 07:00:00,True,57.01680185439012,-122.21868965308241
38851,PETRONAS,PETRONAS  HZ TOWN A-A028-B/094-G-01,MONTNEY,4346.0,2024-02-15 07:00:00,True,57.01677515095923,-122.21884681033617
38853,PETRONAS,PETRONAS  HZ TOWN A-C028-B/094-G-01,MONTNEY,4087.0,2024-02-15 07:00:00,True,57.016748452566745,-122.21900396190365
38854,PETRONAS,PETRONAS  HZ TOWN A-D028-B/094-G-01,MONTNEY,4043.0,2024-02-15 07:00:00,True,57.01673510732789,-122.21908253720949
38850,PETRONAS,PETRONAS  HZ TOWN A- 028-B/094-G-01,MONTNEY,4491.0,2024-02-15 07:00:00,True,57.0167885050081,-122.21876823398648
38855,PETRONAS,PETRONAS  HZ TOWN A-E028-B/094-G-01,MONTNEY,3941.0,2024-02-15 07:00:00,True,57.01672176245841,-122.21916109590609
36129,TOURMALINE,TOURMALINE  HZ AITKEN CREEK NORTH C-C065-D/094-H-04,MONTNEY,4534.0,2024-02-18 07:00:00,True,57.057112506228414,-121.9360857496226
36127,TOURMALINE,TOURMALINE  HZ AITKEN CREEK NORTH C-A065-D/094-H-04,MONTNEY,4279.0,2024-02-18 07:00:00,True,57.05715617977576,-121.93594433568084
36128,TOURMALINE,TOURMALINE  HZ AITKEN CREEK NORTH C-B065-D/094-H-04,MONTNEY,4339.0,2024-02-18 07:00:00,True,57.057134338736354,-121.93601503487795
36126,TOURMALINE,TOURMALINE  HZ AITKEN CREEK NORTH C- 065-D/094-H-04,MONTNEY,4443.0,2024-02-18 07:00:00,True,57.057178021209225,-121.9358736214764
44955,ARCRES,ARCRES  HZ DOE M09-12-080-15,MONTNEY,5343.0,2024-02-19 07:00:00,True,55.92082007894605,-120.1954684951621
44954,ARCRES,ARCRES  HZ DOE L09-12-080-15,MONTNEY,4825.0,2024-02-19 07:00:00,True,55.92082014941939,-120.19530856653671
44950,ARCRES,ARCRES  HZ DOE H09-12-080-15,MONTNEY,5915.0,2024-02-19 07:00:00,True,55.92082043160571,-120.19466884364557
44951,ARCRES,ARCRES  HZ DOE I09-12-080-15,MONTNEY,5965.0,2024-02-19 07:00:00,True,55.92082036201339,-120.1948287738712
44952,ARCRES,ARCRES  HZ DOE J09-12-080-15,MONTNEY,6048.0,2024-02-19 07:00:00,True,55.92082029132616,-120.19498870422761
44953,ARCRES,ARCRES  HZ DOE K09-12-080-15,MONTNEY,4461.0,2024-02-19 07:00:00,True,55.92082022051042,-120.19514863618141
44177,YOHO,YOHO  HZ INGA H01-19-087-23,MONTNEY,5201.0,2024-02-20 07:00:00,True,56.55458379376572,-121.65023711023791
44175,YOHO,YOHO  HZ INGA F01-19-087-23,MONTNEY,4930.0,2024-02-20 07:00:00,True,56.55449678424624,-121.64995264480352
44173,YOHO,YOHO  HZ INGA D01-19-087-23,MONTNEY,4764.0,2024-02-20 07:00:00,True,56.554409772312965,-121.64966818084066
44214,VERMILION,VERMILION  HZ MICA I16-28-081-14,MONTNEY,5130.0,2024-02-21 07:00:00,True,56.057136561760316,-120.11982912066459
44212,VERMILION,VERMILION  HZ MICA G16-28-081-14,MONTNEY,4924.0,2024-02-21 07:00:00,True,56.05695695382132,-120.11982891060605
44213,VERMILION,VERMILION  HZ MICA H16-28-081-14,MONTNEY,5019.0,2024-02-21 07:00:00,True,56.05704675864476,-120.11982902438673
44211,VERMILION,VERMILION  HZ MICA F16-28-081-14,MONTNEY,5014.0,2024-02-21 07:00:00,True,56.05686714996798,-120.11982879829576
44210,VERMILION,VERMILION  HZ MICA E16-28-081-14,MONTNEY,5284.0,2024-02-21 07:00:00,True,56.05677734589361,-120.11982870054948
44215,VERMILION,VERMILION  HZ MICA J16-28-081-14,MONTNEY,5224.0,2024-02-21 07:00:00,True,56.057226365622114,-120.11982923297644
42466,PETRONAS,PETRONAS  HZ BEG B-M099-E/094-G-01,MONTNEY,6796.0,2024-02-28 07:00:00,True,57.159557654917535,-122.48696054657206
42461,PETRONAS,PETRONAS  HZ BEG B-H099-E/094-G-01,MONTNEY,6497.0,2024-02-28 07:00:00,True,57.15968046312468,-122.48661480183509
42463,PETRONAS,PETRONAS  HZ BEG B-J099-E/094-G-01,MONTNEY,6878.0,2024-02-28 07:00:00,True,57.15963134212601,-122.48675310079045
42465,PETRONAS,PETRONAS  HZ BEG B-L099-E/094-G-01,MONTNEY,6702.0,2024-02-28 07:00:00,True,57.15958222004284,-122.48689139782049
42464,PETRONAS,PETRONAS  HZ BEG B-K099-E/094-G-01,MONTNEY,6849.0,2024-02-28 07:00:00,True,57.15960677617747,-122.48682224980134
42468,PETRONAS,PETRONAS  HZ BEG B-O099-E/094-G-01,MONTNEY,6698.0,2024-02-28 07:00:00,True,57.159508533062265,-122.48709885960183
42467,PETRONAS,PETRONAS  HZ BEG B-N099-E/094-G-01,MONTNEY,6855.0,2024-02-28 07:00:00,True,57.15953309825988,-122.48702971102739
42462,PETRONAS,PETRONAS  HZ BEG B-I099-E/094-G-01,MONTNEY,6345.0,2024-02-28 07:00:00,True,57.15965590714293,-122.4866839517731
35538,OVV,OVV  HZ SWANLAKE J15-07-077-14,MONTNEY,7375.0,2024-03-10 07:00:00,True,55.66300977486148,-120.15637332756152
35536,OVV,OVV  HZ SWANLAKE H15-07-077-14,MONTNEY,7266.0,2024-03-10 07:00:00,True,55.66289464544935,-120.15661721317993
35539,OVV,OVV  HZ SWANLAKE K15-07-077-14,MONTNEY,6004.0,2024-03-10 07:00:00,True,55.663067340247366,-120.15625138329828
35537,OVV,OVV  HZ SWANLAKE I15-07-077-14,MONTNEY,5644.0,2024-03-10 07:00:00,True,55.66295221017719,-120.15649526975326
44763,ARCRES,ARCRES  HZ PARKLAND B15-10-081-16,MONTNEY,5565.0,2024-03-11 07:00:00,True,56.01117362502301,-120.4084717255157
44764,ARCRES,ARCRES  HZ PARKLAND C15-10-081-16,MONTNEY,4693.0,2024-03-11 07:00:00,True,56.01108386754034,-120.40847773708242
44765,ARCRES,ARCRES  HZ PARKLAND D15-10-081-16,MONTNEY,6134.0,2024-03-11 07:00:00,True,56.010994038461654,-120.40848375556168
44762,ARCRES,ARCRES  HZ PARKLAND A15-10-081-16,MONTNEY,5055.0,2024-03-11 07:00:00,True,56.011263346567574,-120.4084657141876
44404,PETRONAS,PETRONAS  HZ TOWN D-F055-H/094-B-16,MONTNEY,4260.0,2024-03-15 07:00:00,True,56.88299308992585,-122.05528235505578
30451,PETRONAS,PETRONAS  HZ TOWN D-B055-H/094-B-16,MONTNEY,4310.0,2024-03-15 07:00:00,True,56.88288692131767,-122.05554691793049
44402,PETRONAS,PETRONAS  HZ TOWN D-D055-H/094-B-16,MONTNEY,4298.0,2024-03-15 07:00:00,True,56.882940005240734,-122.05541463672074
44405,PETRONAS,PETRONAS  HZ TOWN D-G055-H/094-B-16,MONTNEY,4447.0,2024-03-15 07:00:00,True,56.8830196324681,-122.0552162222907
30450,PETRONAS,PETRONAS  HZ TOWN D-A055-H/094-B-16,MONTNEY,4280.0,2024-03-15 07:00:00,True,56.882860387609014,-122.05561305096656
44403,PETRONAS,PETRONAS  HZ TOWN D-E055-H/094-B-16,MONTNEY,4409.0,2024-03-15 07:00:00,True,56.88296654784955,-122.05534850413753
30452,PETRONAS,PETRONAS  HZ TOWN D-C055-H/094-B-16,MONTNEY,4155.0,2024-03-15 07:00:00,True,56.882913463493736,-122.05548076912153
42691,TOURMALINE,TOURMALINE  HZ KOBES D-AB005-H/094-B-09,MONTNEY,4341.0,2024-03-19 07:00:00,True,56.59017291835976,-122.05334423218908
42686,TOURMALINE,TOURMALINE  HZ KOBES D-W005-H/094-B-09,MONTNEY,3991.0,2024-03-19 07:00:00,True,56.59035278872558,-122.05311039183329
42692,TOURMALINE,TOURMALINE  HZ KOBES D-AC005-H/094-B-09,MONTNEY,4476.0,2024-03-19 07:00:00,True,56.59013694494366,-122.05339099960234
42689,TOURMALINE,TOURMALINE  HZ KOBES D-Z005-H/094-B-09,MONTNEY,4023.0,2024-03-19 07:00:00,True,56.59024486688291,-122.05325069529286
42687,TOURMALINE,TOURMALINE  HZ KOBES D-X005-H/094-B-09,MONTNEY,3856.0,2024-03-19 07:00:00,True,56.590316814496006,-122.05315715976995
42688,TOURMALINE,TOURMALINE  HZ KOBES D-Y005-H/094-B-09,MONTNEY,3962.0,2024-03-19 07:00:00,True,56.59028084114502,-122.05320392752921
42682,TOURMALINE,TOURMALINE  HZ KOBES D-S005-H/094-B-09,MONTNEY,4264.0,2024-03-19 07:00:00,True,56.59049668548094,-122.0529233192217
42684,TOURMALINE,TOURMALINE  HZ KOBES D-U005-H/094-B-09,MONTNEY,4045.0,2024-03-19 07:00:00,True,56.59042473624099,-122.0530168557914
42690,TOURMALINE,TOURMALINE  HZ KOBES D-AA005-H/094-B-09,MONTNEY,4145.0,2024-03-19 07:00:00,True,56.59020889260449,-122.05329746297001
42693,TOURMALINE,TOURMALINE  HZ KOBES D-AD005-H/094-B-09,MONTNEY,4643.0,2024-03-19 07:00:00,True,56.59010097061639,-122.05343776702004
42683,TOURMALINE,TOURMALINE  HZ KOBES D-T005-H/094-B-09,MONTNEY,4152.0,2024-03-19 07:00:00,True,56.590460710421674,-122.05297008759526
42685,TOURMALINE,TOURMALINE  HZ KOBES D-V005-H/094-B-09,MONTNEY,3995.0,2024-03-19 07:00:00,True,56.59038876293883,-122.05306362381015
43723,OVV,OVV  HZ SUNRISE M04-22-079-17,MONTNEY,6106.0,2024-03-21 07:00:00,True,55.8551503378631,-120.5815621577568
43728,OVV,OVV  HZ SUNRISE R04-22-079-17,MONTNEY,4725.0,2024-03-22 07:00:00,True,55.855150757109215,-120.5804445423918
43720,OVV,OVV  HZ SUNRISE J04-22-079-17,MONTNEY,6239.0,2024-03-22 07:00:00,True,55.85515016358542,-120.58204113759065
43726,OVV,OVV  HZ SUNRISE P04-22-079-17,MONTNEY,6458.0,2024-03-22 07:00:00,True,55.85515063851794,-120.58076386838346
43725,OVV,OVV  HZ SUNRISE O04-22-079-17,MONTNEY,6140.0,2024-03-22 07:00:00,True,55.8551505790241,-120.5809235233373
43724,OVV,OVV  HZ SUNRISE N04-22-079-17,MONTNEY,4559.0,2024-03-22 07:00:00,True,55.85515039816315,-120.58140250280486
43721,OVV,OVV  HZ SUNRISE K04-22-079-17,MONTNEY,6288.0,2024-03-22 07:00:00,True,55.85515022538346,-120.58188148251774
43719,OVV,OVV  HZ SUNRISE I04-22-079-17,MONTNEY,6014.0,2024-03-22 07:00:00,True,55.855150102479165,-120.58220079254065
43718,OVV,OVV  HZ SUNRISE H04-22-079-17,MONTNEY,6089.0,2024-03-22 07:00:00,True,55.85515004096307,-120.58236046357258
43722,OVV,OVV  HZ SUNRISE L04-22-079-17,MONTNEY,6257.0,2024-03-22 07:00:00,True,55.855150285401535,-120.58172181160668
43727,OVV,OVV  HZ SUNRISE Q04-22-079-17,MONTNEY,6210.0,2024-03-22 07:00:00,True,55.85515069870365,-120.58060421330667
49252,VERMILION,VERMILION  HZ MICA A07-33-081-14,BLUESKY,2167.0,2024-03-26 07:00:00,False,56.06471081875299,-120.1233121898528
32679,SHELL,SHELL  HZ GROUNDBIRCH B03-21-080-19,MONTNEY,4955.0,2024-04-01 07:00:00,True,55.94514808959043,-120.91570589911075
32678,SHELL,SHELL  HZ GROUNDBIRCH A03-21-080-19,MONTNEY,4969.0,2024-04-01 07:00:00,True,55.945178532014694,-120.91568427609246
32677,SHELL,SHELL  HZ GROUNDBIRCH  03-21-080-19,MONTNEY,4730.0,2024-04-01 07:00:00,True,55.94520898343662,-120.91566265348985
32680,SHELL,SHELL  HZ GROUNDBIRCH C03-21-080-19,MONTNEY,5028.0,2024-04-01 07:00:00,True,55.94511763816169,-120.9157275216468
32683,SHELL,SHELL  HZ GROUNDBIRCH F03-21-080-19,MONTNEY,4974.0,2024-04-01 07:00:00,True,55.94502629292049,-120.91579239110419
32682,SHELL,SHELL  HZ GROUNDBIRCH E03-21-080-19,MONTNEY,5013.0,2024-04-01 07:00:00,True,55.94505673535832,-120.91577076821912
32681,SHELL,SHELL  HZ GROUNDBIRCH D03-21-080-19,MONTNEY,4798.0,2024-04-01 07:00:00,True,55.94508718679388,-120.9157491457497
46546,PETRONAS,PETRONAS  HZ TOWN D-K095-H/094-B-16,MONTNEY,5198.0,2024-04-05 07:00:00,True,56.91336972962887,-122.05535500369115
46547,PETRONAS,PETRONAS  HZ TOWN D-L095-H/094-B-16,MONTNEY,5150.0,2024-04-05 07:00:00,True,56.913369109210684,-122.05527293975432
46545,PETRONAS,PETRONAS  HZ TOWN D-J095-H/094-B-16,MONTNEY,4585.0,2024-04-05 07:00:00,True,56.91337034994527,-122.05543706598856
46544,PETRONAS,PETRONAS  HZ TOWN D-I095-H/094-B-16,MONTNEY,4543.0,2024-04-05 07:00:00,True,56.913370970259784,-122.05551912993064
46543,PETRONAS,PETRONAS  HZ TOWN D-H095-H/094-B-16,MONTNEY,4208.0,2024-04-05 07:00:00,True,56.913371589577466,-122.05560119232493
46542,PETRONAS,PETRONAS  HZ TOWN D-G095-H/094-B-16,MONTNEY,3680.0,2024-04-05 07:00:00,True,56.913372209788264,-122.05568325627229
46548,PETRONAS,PETRONAS  HZ TOWN D-M095-H/094-B-16,MONTNEY,5035.0,2024-04-05 07:00:00,True,56.91336848963566,-122.05519087572851
46541,PETRONAS,PETRONAS  HZ TOWN D-F095-H/094-B-16,MONTNEY,3674.0,2024-04-05 07:00:00,True,56.913372829947185,-122.05576532022232
43457,MURPHY,MURPHY  HZ SWAN LAKE A-I030-A/093-P-09,MONTNEY,6106.0,2024-04-14 07:00:00,True,55.517103820470496,-120.11395930712199
43456,MURPHY,MURPHY  HZ SWAN LAKE A-H030-A/093-P-09,MONTNEY,7130.0,2024-04-14 07:00:00,True,55.51714872334419,-120.11395929832459
43455,MURPHY,MURPHY  HZ SWAN LAKE A-G030-A/093-P-09,MONTNEY,7050.0,2024-04-14 07:00:00,True,55.51719362785503,-120.11395930521209
43708,PACIFIC CANBRIAM,PACIFIC CANBRIAM  HZ ALTARES J02-01-085-26,MONTNEY,5800.0,2024-04-15 07:00:00,True,56.33720009028235,-121.96535361708554
43697,PACIFIC CANBRIAM,PACIFIC CANBRIAM  HZ ALTARES G02-01-085-26,MONTNEY,5922.0,2024-04-15 07:00:00,True,56.337138405436534,-121.96541999120586
43696,PACIFIC CANBRIAM,PACIFIC CANBRIAM  HZ ALTARES F02-01-085-26,MONTNEY,5867.0,2024-04-15 07:00:00,True,56.337076711560265,-121.96548636442226
43710,PACIFIC CANBRIAM,PACIFIC CANBRIAM  HZ ALTARES L02-01-085-26,MONTNEY,5861.0,2024-04-15 07:00:00,True,56.337609915162034,-121.96378213473994
43709,PACIFIC CANBRIAM,PACIFIC CANBRIAM  HZ ALTARES K02-01-085-26,MONTNEY,5950.0,2024-04-15 07:00:00,True,56.337261775020295,-121.965287211926
43707,PACIFIC CANBRIAM,PACIFIC CANBRIAM  HZ ALTARES I07-01-085-26,MONTNEY,6059.0,2024-04-15 07:00:00,True,56.337385172000886,-121.96515447928356
49340,SHELL,SHELL  HZ SATURN K09-14-080-19,MONTNEY,4432.0,2024-04-16 07:00:00,True,55.93497466274899,-120.84562358726889
49336,SHELL,SHELL  HZ SATURN G09-14-080-19,MONTNEY,4803.0,2024-04-16 07:00:00,True,55.93509619843806,-120.84553595921969
49338,SHELL,SHELL  HZ SATURN I09-14-080-19,MONTNEY,4644.0,2024-04-16 07:00:00,True,55.93503543063312,-120.84557977411146
49339,SHELL,SHELL  HZ SATURN J09-14-080-19,MONTNEY,4738.0,2024-04-16 07:00:00,True,55.93500504662766,-120.84560167910733
49341,SHELL,SHELL  HZ SATURN L09-14-080-19,MONTNEY,4628.0,2024-04-16 07:00:00,True,55.93494427873649,-120.84564549219745
49337,SHELL,SHELL  HZ SATURN H09-14-080-19,MONTNEY,4831.0,2024-04-16 07:00:00,True,55.93506581539838,-120.84555786576584
49342,SHELL,SHELL  HZ SATURN M09-14-080-19,MONTNEY,4630.0,2024-04-16 07:00:00,True,55.934913895744444,-120.84566740017497
49335,SHELL,SHELL  HZ SATURN F09-14-080-19,MONTNEY,4688.0,2024-04-16 07:00:00,True,55.93512658236787,-120.84551405252316
47182,TOURMALINE,TOURMALINE  HZ DOE K01-24-080-16,MONTNEY,5210.0,2024-04-22 07:00:00,True,55.94351750233103,-120.3512179105081
47180,TOURMALINE,TOURMALINE  HZ DOE I01-24-080-16,MONTNEY,5187.0,2024-04-22 07:00:00,True,55.943517612984465,-120.35106010351734
47177,TOURMALINE,TOURMALINE  HZ DOE F01-24-080-16,MONTNEY,3500.0,2024-04-22 07:00:00,True,55.94351777055802,-120.35082339418058
47179,TOURMALINE,TOURMALINE  HZ DOE H01-24-080-16,MONTNEY,3522.0,2024-04-22 07:00:00,True,55.94351758049642,-120.35110812113868
47184,TOURMALINE,TOURMALINE  HZ DOE M01-24-080-16,MONTNEY,5450.0,2024-04-22 07:00:00,True,55.94351740023352,-120.35137573233872
47185,TOURMALINE,TOURMALINE  HZ DOE N01-24-080-16,MONTNEY,3658.0,2024-04-22 07:00:00,True,55.943517344734886,-120.35145463583335
47181,TOURMALINE,TOURMALINE  HZ DOE J01-24-080-16,MONTNEY,3481.0,2024-04-22 07:00:00,True,55.94351755768231,-120.3511390070128
47178,TOURMALINE,TOURMALINE  HZ DOE G01-24-080-16,MONTNEY,5147.0,2024-04-22 07:00:00,True,55.94351771540321,-120.35090229767668
47183,TOURMALINE,TOURMALINE  HZ DOE L01-24-080-16,MONTNEY,3520.0,2024-04-22 07:00:00,True,55.943517455683036,-120.35129682884393
44256,CNRL,CNRL  HZ NIG CREEK B-K086-G/094-H-04,MONTNEY,6593.0,2024-04-25 07:00:00,True,57.1510289681368,-121.69927363316471
44252,CNRL,CNRL  HZ NIG CREEK B-G086-G/094-H-04,MONTNEY,6169.0,2024-04-25 07:00:00,True,57.151032820451,-121.69964524630527
44251,CNRL,CNRL  HZ NIG CREEK B-F086-G/094-H-04,MONTNEY,6489.0,2024-04-25 07:00:00,True,57.15103410466558,-121.69976912782974
44255,CNRL,CNRL  HZ NIG CREEK B-J086-G/094-H-04,MONTNEY,6614.0,2024-04-25 07:00:00,True,57.15102768339799,-121.69914975002169
44254,CNRL,CNRL  HZ NIG CREEK B-I086-G/094-H-04,MONTNEY,6140.0,2024-04-25 07:00:00,True,57.15103025215939,-121.69939749814687
44253,CNRL,CNRL  HZ NIG CREEK B-H086-G/094-H-04,MONTNEY,5900.0,2024-04-25 07:00:00,True,57.15103153660886,-121.69952137965474
42781,TOURMALINE,TOURMALINE SAGUARO HZ LAPRISE CREEK C-M054-H/094-G-08,MONTNEY,3702.0,2024-04-29 07:00:00,True,57.38253516446963,-122.04741685547587
42782,TOURMALINE,TOURMALINE SAGUARO HZ LAPRISE CREEK C-N054-H/094-G-08,MONTNEY,3810.0,2024-04-29 07:00:00,True,57.38253578454233,-122.0474987909287
42780,TOURMALINE,TOURMALINE SAGUARO HZ LAPRISE CREEK C-L054-H/094-G-08,MONTNEY,3581.0,2024-04-29 07:00:00,True,57.38253454469065,-122.04733490164816
42783,TOURMALINE,TOURMALINE SAGUARO HZ LAPRISE CREEK C-O054-H/094-G-08,MONTNEY,4105.0,2024-04-29 07:00:00,True,57.382536404219096,-122.0475807447618
42779,TOURMALINE,TOURMALINE SAGUARO HZ LAPRISE CREEK C-K054-H/094-G-08,MONTNEY,3604.0,2024-04-29 07:00:00,True,57.38253392536106,-122.04725296444552
42778,TOURMALINE,TOURMALINE SAGUARO HZ LAPRISE CREEK C-J054-H/094-G-08,MONTNEY,3595.0,2024-04-29 07:00:00,True,57.382533305479896,-122.04717101062307
35813,TOURMALINE,TOURMALINE ET AL HZ LAPRISE C-H054-H/094-G-08,MONTNEY,3811.0,2024-04-29 07:00:00,True,57.38253206516947,-122.04700711970156
35812,TOURMALINE,TOURMALINE ET AL HZ LAPRISE C-I054-H/094-G-08,MONTNEY,3711.0,2024-04-29 07:00:00,True,57.38253268515282,-122.04708907351868
46475,TOURMALINE,TOURMALINE  HZ BLUEBERRY WEST B-P051-I/094-B-09,MONTNEY,4386.0,2024-05-01 07:00:00,True,56.70978979371703,-122.01302474953431
46473,TOURMALINE,TOURMALINE  HZ BLUEBERRY WEST B-N051-I/094-B-09,MONTNEY,4586.0,2024-05-01 07:00:00,True,56.70987629183616,-122.01305906559426
46471,TOURMALINE,TOURMALINE  HZ BLUEBERRY WEST B-L051-I/094-B-09,MONTNEY,3855.0,2024-05-01 07:00:00,True,56.70996279368134,-122.01309338633914
46469,TOURMALINE,TOURMALINE  HZ BLUEBERRY WEST B-J051-I/094-B-09,MONTNEY,3818.0,2024-05-01 07:00:00,True,56.710049288954956,-122.01312769808139
46470,TOURMALINE,TOURMALINE  HZ BLUEBERRY WEST B-K051-I/094-B-09,MONTNEY,3800.0,2024-05-01 07:00:00,True,56.71000603709666,-122.01311055081851
46474,TOURMALINE,TOURMALINE  HZ BLUEBERRY WEST B-O051-I/094-B-09,MONTNEY,4345.0,2024-05-01 07:00:00,True,56.709833046085805,-122.01304191293968
44198,KELT LNG,KELT LNG  HZ OAK E06-35-086-18,MONTNEY,4995.0,2024-05-06 07:00:00,True,56.50039220813506,-120.73043009103166
45921,KELT LNG,KELT LNG  HZ OAK I06-35-086-18,MONTNEY,5869.0,2024-05-06 07:00:00,True,56.5003918953601,-120.73001729728303
45920,KELT LNG,KELT LNG  HZ OAK H06-35-086-18,MONTNEY,5504.0,2024-05-06 07:00:00,True,56.500392061123605,-120.73026083949343
42590,PETRONAS,PETRONAS  HZ CARIBOU B-J091-B/094-G-07,MONTNEY,4648.0,2024-05-08 07:00:00,True,57.32681746682948,-122.63509182417559
42594,PETRONAS,PETRONAS  HZ CARIBOU B-N091-B/094-G-07,MONTNEY,5472.0,2024-05-08 07:00:00,True,57.32669986875103,-122.63534269822178
42596,PETRONAS,PETRONAS  HZ CARIBOU B-P091-B/094-G-07,MONTNEY,5886.0,2024-05-08 07:00:00,True,57.326641069557986,-122.63546811802064
42595,PETRONAS,PETRONAS  HZ CARIBOU B-O091-B/094-G-07,MONTNEY,5449.0,2024-05-08 07:00:00,True,57.32667046982997,-122.63540541643268
42592,PETRONAS,PETRONAS  HZ CARIBOU B-L091-B/094-G-07,MONTNEY,4829.0,2024-05-08 07:00:00,True,57.32675866829661,-122.63521726135238
42591,PETRONAS,PETRONAS  HZ CARIBOU B-K091-B/094-G-07,MONTNEY,4675.0,2024-05-08 07:00:00,True,57.32678806802553,-122.6351545427728
42589,PETRONAS,PETRONAS  HZ CARIBOU B-I091-B/094-G-07,MONTNEY,4560.0,2024-05-08 07:00:00,True,57.32684686649985,-122.63502910540284
42593,PETRONAS,PETRONAS  HZ CARIBOU B-M091-B/094-G-07,MONTNEY,5135.0,2024-05-08 07:00:00,True,57.32672926853846,-122.6352799798354
37098,OVV,OVV  HZ TOWERLAKE  01-10-081-17,MONTNEY,3518.0,2024-05-10 07:00:00,True,56.00057239752262,-120.55952862014145
37100,OVV,OVV  HZ TOWERLAKE B01-10-081-17,MONTNEY,3520.0,2024-05-10 07:00:00,True,56.00057246979563,-120.5598491355601
37102,OVV,OVV  HZ TOWERLAKE D01-10-081-17,MONTNEY,3949.0,2024-05-10 07:00:00,True,56.00057259790082,-120.56036183775018
37099,OVV,OVV  HZ TOWERLAKE A01-10-081-17,MONTNEY,3485.0,2024-05-10 07:00:00,True,56.00057243341632,-120.55968886984137
37101,OVV,OVV  HZ TOWERLAKE C01-10-081-17,MONTNEY,3975.0,2024-05-10 07:00:00,True,56.00057250521594,-120.56000938365875
37104,OVV,OVV  HZ TOWERLAKE F01-10-081-17,MONTNEY,4470.0,2024-05-10 07:00:00,True,56.000572662709764,-120.56068235391187
37103,OVV,OVV  HZ TOWERLAKE E01-10-081-17,MONTNEY,4080.0,2024-05-10 07:00:00,True,56.000572576275,-120.56032989907911
43783,ARCRES,ARCRES  HZ ALTARES  06-16-084-24,MONTNEY,5144.0,2024-05-11 07:00:00,True,56.2815684389984,-121.73199122740138
43784,ARCRES,ARCRES  HZ ALTARES A06-16-084-24,MONTNEY,5306.0,2024-05-11 07:00:00,True,56.281478638042984,-121.73199022585815
43788,ARCRES,ARCRES  HZ ALTARES E06-16-084-24,MONTNEY,5040.0,2024-05-11 07:00:00,True,56.28111944181997,-121.73198620431722
43785,ARCRES,ARCRES  HZ ALTARES B06-16-084-24,MONTNEY,4763.0,2024-05-11 07:00:00,True,56.28138884554974,-121.73198920880809
43787,ARCRES,ARCRES  HZ ALTARES D06-16-084-24,MONTNEY,5488.0,2024-05-11 07:00:00,True,56.28102964982645,-121.73198520182198
43790,ARCRES,ARCRES  HZ ALTARES G06-16-084-24,MONTNEY,4677.0,2024-05-11 07:00:00,True,56.280939848351714,-121.73198418415495
43789,ARCRES,ARCRES  HZ ALTARES F06-16-084-24,MONTNEY,4847.0,2024-05-11 07:00:00,True,56.28102965018097,-121.73198518557307
43786,ARCRES,ARCRES  HZ ALTARES C06-16-084-24,MONTNEY,5869.0,2024-05-11 07:00:00,True,56.28111945939259,-121.73198613918166
43791,ARCRES,ARCRES  HZ ALTARES H06-16-084-24,MONTNEY,4770.0,2024-05-11 07:00:00,True,56.280670454026726,-121.73198116412443
40112,CNRL,CNRL  HZ ALTARES D14-23-084-25,MONTNEY,5250.0,2024-05-13 07:00:00,True,56.30328990381005,-121.83966947984295
40113,CNRL,CNRL  HZ ALTARES E14-23-084-25,MONTNEY,5545.0,2024-05-13 07:00:00,True,56.30320889911885,-121.83973918374427
40109,CNRL,CNRL  HZ ALTARES A14-23-084-25,MONTNEY,5105.0,2024-05-13 07:00:00,True,56.303532935090665,-121.83946037753253
40110,CNRL,CNRL  HZ ALTARES B14-23-084-25,MONTNEY,5048.0,2024-05-13 07:00:00,True,56.303451921559244,-121.83953008324944
40108,CNRL,CNRL  HZ ALTARES 14-23-084-25,MONTNEY,5112.0,2024-05-13 07:00:00,True,56.30361393958877,-121.83939067086212
40111,CNRL,CNRL  HZ ALTARES C14-23-084-25,MONTNEY,5195.0,2024-05-13 07:00:00,True,56.303370917359096,-121.83959977308622
40114,CNRL,CNRL  HZ ALTARES F14-23-084-25,MONTNEY,5740.0,2024-05-13 07:00:00,True,56.30312789481333,-121.83980887271653
47492,TOURMALINE,TOURMALINE  HZ GROUNDBIRCH E13-25-080-21,MONTNEY,5710.0,2024-05-19 07:00:00,True,55.97026666211615,-121.15741667332584
47490,TOURMALINE,TOURMALINE  HZ GROUNDBIRCH C13-25-080-21,MONTNEY,5851.0,2024-05-19 07:00:00,True,55.97036226533349,-121.15724746225874
47491,TOURMALINE,TOURMALINE  HZ GROUNDBIRCH D13-25-080-21,MONTNEY,5601.0,2024-05-19 07:00:00,True,55.97031446375267,-121.15733206789464
43191,ARCRES,ARCRES  HZ DOE E12-03-080-15,MONTNEY,3722.0,2024-05-22 07:00:00,True,55.90856108277028,-120.26806727434655
43186,ARCRES,ARCRES  HZ DOE  12-03-080-15,MONTNEY,4619.0,2024-05-22 07:00:00,True,55.90856033334525,-120.26886665773564
43188,ARCRES,ARCRES  HZ DOE B12-03-080-15,MONTNEY,4060.0,2024-05-22 07:00:00,True,55.90856063573401,-120.2685469130969
43189,ARCRES,ARCRES  HZ DOE C12-03-080-15,MONTNEY,3852.0,2024-05-22 07:00:00,True,55.908560782317146,-120.2683870349686
43190,ARCRES,ARCRES  HZ DOE D12-03-080-15,MONTNEY,3888.0,2024-05-22 07:00:00,True,55.908560936663314,-120.26822715407481
43187,ARCRES,ARCRES  HZ DOE A12-03-080-15,MONTNEY,4416.0,2024-05-22 07:00:00,True,55.908560480091104,-120.26870679411783
49429,OVV,OVV  HZ SUNRISE  12-26-079-16,MONTNEY,7479.0,2024-05-26 07:00:00,True,55.877137024288416,-120.39759971764505
49431,OVV,OVV  HZ SUNRISE B12-26-079-16,MONTNEY,6866.0,2024-05-26 07:00:00,True,55.87728803392402,-120.39778421742199
49432,OVV,OVV  HZ SUNRISE C12-26-079-16,MONTNEY,7518.0,2024-05-26 07:00:00,True,55.87754444033292,-120.3981076174987
49434,OVV,OVV  HZ SUNRISE E12-26-079-16,MONTNEY,7150.0,2024-05-26 07:00:00,True,55.87769095247216,-120.39829242111277
49430,OVV,OVV  HZ SUNRISE A12-26-079-16,MONTNEY,6781.0,2024-05-26 07:00:00,True,55.87811235777684,-120.39763173275017
49433,OVV,OVV  HZ SUNRISE D12-26-079-16,MONTNEY,7147.0,2024-05-26 07:00:00,True,55.87761769206217,-120.39820001172158
40650,SHELL,SHELL PCC HZ SATURN B08-26-080-19,CADOMIN,2678.0,2024-05-27 07:00:00,False,55.96231681893447,-120.84611904385397
44433,CNRL,CNRL  HZ SEPTIMUS L16-05-081-18,MONTNEY,6374.0,2024-06-01 07:00:00,True,55.99918035243853,-120.77225308378866
44434,CNRL,CNRL  HZ SEPTIMUS M16-05-081-18,MONTNEY,6204.0,2024-06-01 07:00:00,True,55.99911718735202,-120.77229479407032
44435,CNRL,CNRL  HZ SEPTIMUS N16-05-081-18,MONTNEY,6328.0,2024-06-01 07:00:00,True,55.999054022186975,-120.77233650261641
44431,CNRL,CNRL  HZ SEPTIMUS J16-05-081-18,MONTNEY,6364.0,2024-06-01 07:00:00,True,55.99883335620289,-120.77231136770982
44432,CNRL,CNRL  HZ SEPTIMUS K16-05-081-18,MONTNEY,6534.0,2024-06-01 07:00:00,True,55.99924351781129,-120.77221135883558
45039,PETRONAS,PETRONAS  HZ TOWN A- 004-C/094-G-01,MONTNEY,4420.0,2024-06-07 07:00:00,True,57.00405621073824,-122.29168536389975
43266,PACIFIC CANBRIAM,PACIFIC CANBRIAM  HZ ALTARES C-D098-D/094-A-05,MONTNEY,5362.0,2024-06-07 07:00:00,True,56.331070727973604,-121.97527299582887
43274,PACIFIC CANBRIAM,PACIFIC CANBRIAM  HZ ALTARES C-K098-D/094-A-05,MONTNEY,5139.0,2024-06-07 07:00:00,True,56.33161035623003,-121.97469271592985
43271,PACIFIC CANBRIAM,PACIFIC CANBRIAM  HZ ALTARES C-H098-D/094-A-05,MONTNEY,5194.0,2024-06-07 07:00:00,True,56.331379090804006,-121.97494140705676
43273,PACIFIC CANBRIAM,PACIFIC CANBRIAM  HZ ALTARES C-J098-D/094-A-05,MONTNEY,5325.0,2024-06-07 07:00:00,True,56.33153326769422,-121.97477561926027
43267,PACIFIC CANBRIAM,PACIFIC CANBRIAM  HZ ALTARES D- 099-D/094-A-05,MONTNEY,4823.0,2024-06-07 07:00:00,True,56.330815204832625,-121.9766778968649
43268,PACIFIC CANBRIAM,PACIFIC CANBRIAM  HZ ALTARES C-E098-D/094-A-05,MONTNEY,5082.0,2024-06-07 07:00:00,True,56.33114781592101,-121.97519009454909
43269,PACIFIC CANBRIAM,PACIFIC CANBRIAM  HZ ALTARES C-F098-D/094-A-05,MONTNEY,5187.0,2024-06-07 07:00:00,True,56.331224905272144,-121.9751072106437
43276,PACIFIC CANBRIAM,PACIFIC CANBRIAM  HZ ALTARES D-B099-D/094-A-05,MONTNEY,5142.0,2024-06-07 07:00:00,True,56.33093859614561,-121.97654519128031
45043,PETRONAS,PETRONAS  HZ TOWN A-D004-C/094-G-01,MONTNEY,4930.0,2024-06-07 07:00:00,True,57.003966782794016,-122.29206265046855
45037,PETRONAS,PETRONAS  HZ TOWN D-F004-C/094-G-01,MONTNEY,5598.0,2024-06-07 07:00:00,True,57.004074093236554,-122.29160991590523
45042,PETRONAS,PETRONAS  HZ TOWN A-C004-C/094-G-01,MONTNEY,5060.0,2024-06-07 07:00:00,True,57.00398466461468,-122.29198720291083
43277,PACIFIC CANBRIAM,PACIFIC CANBRIAM  HZ ALTARES C-N098-D/094-A-05,MONTNEY,5235.0,2024-06-07 07:00:00,True,56.33100029653179,-121.97647884741937
43278,PACIFIC CANBRIAM,PACIFIC CANBRIAM  HZ ALTARES C-O098-D/094-A-05,MONTNEY,5540.0,2024-06-07 07:00:00,True,56.331062005781085,-121.97641250081146
45040,PETRONAS,PETRONAS  HZ TOWN A-A004-C/094-G-01,MONTNEY,6560.0,2024-06-07 07:00:00,True,57.004038319666535,-122.29176082750327
43270,PACIFIC CANBRIAM,PACIFIC CANBRIAM  HZ ALTARES C-G098-D/094-A-05,MONTNEY,5103.0,2024-06-07 07:00:00,True,56.33115430998417,-121.97631283114328
43275,PACIFIC CANBRIAM,PACIFIC CANBRIAM  HZ ALTARES C-L098-D/094-A-05,MONTNEY,5217.0,2024-06-07 07:00:00,True,56.33168745332698,-121.97460982923742
43282,PACIFIC CANBRIAM,PACIFIC CANBRIAM  HZ ALTARES D-A099-D/094-A-05,MONTNEY,4941.0,2024-06-07 07:00:00,True,56.330876887289016,-121.9766115520277
43272,PACIFIC CANBRIAM,PACIFIC CANBRIAM  HZ ALTARES C-I098-D/094-A-05,MONTNEY,5096.0,2024-06-07 07:00:00,True,56.331456179951125,-121.97485852055466
45041,PETRONAS,PETRONAS  HZ TOWN A-B004-C/094-G-01,MONTNEY,4992.0,2024-06-07 07:00:00,True,57.004020437550544,-122.29183629181976
49782,COP,COP  HZ INGA NORTH C06-27-088-24,MONTNEY,5660.0,2024-06-09 07:00:00,True,56.65827322405552,-121.74434771817833
49785,COP,COP  HZ INGA NORTH F06-27-088-24,MONTNEY,5400.0,2024-06-09 07:00:00,True,56.65837833012537,-121.74389714260325
49784,COP,COP  HZ INGA NORTH E06-27-088-24,MONTNEY,5618.0,2024-06-09 07:00:00,True,56.65834327789932,-121.74404741680401
49783,COP,COP  HZ INGA NORTH D06-27-088-24,MONTNEY,5760.0,2024-06-09 07:00:00,True,56.65830822369272,-121.74419752725571
46302,ARCRES,ARCRES  HZ ALTARES C01-32-084-24,MONTNEY,4238.0,2024-06-11 07:00:00,True,56.32121208853245,-121.74591560895647
37527,ARCRES,ARCRES  HZ ALTARES  01-32-084-24,MONTNEY,4700.0,2024-06-11 07:00:00,True,56.32099746441002,-121.74621295518646
46303,ARCRES,ARCRES  HZ ALTARES D01-32-084-24,MONTNEY,4346.0,2024-06-11 07:00:00,True,56.321302594520006,-121.74587189306305
46301,ARCRES,ARCRES  HZ ALTARES B01-32-084-24,MONTNEY,4520.0,2024-06-11 07:00:00,True,56.32115003452013,-121.74604242506246
46305,ARCRES,ARCRES  HZ ALTARES F01-32-084-24,MONTNEY,5780.0,2024-06-11 07:00:00,True,56.32145516419611,-121.74570136028184
46304,ARCRES,ARCRES  HZ ALTARES E01-32-084-24,MONTNEY,5404.0,2024-06-11 07:00:00,True,56.321378879207046,-121.7457866349713
46300,ARCRES,ARCRES  HZ ALTARES A01-32-084-24,MONTNEY,4458.0,2024-06-11 07:00:00,True,56.32107374967038,-121.74612768215782
43076,COP,COP  HZ INGA B08-23-088-24,MONTNEY,5340.0,2024-06-18 07:00:00,True,56.64352224068607,-121.7025079773438
43077,COP,COP  HZ INGA C08-23-088-24,MONTNEY,5460.0,2024-06-18 07:00:00,True,56.643492450296456,-121.70266178703456
43079,COP,COP  HZ INGA E08-23-088-24,MONTNEY,5438.0,2024-06-18 07:00:00,True,56.64358183842803,-121.70220034386163
43075,COP,COP  HZ INGA A08-23-088-24,MONTNEY,6217.0,2024-06-18 07:00:00,True,56.643552039403815,-121.7023541533849
43074,COP,COP  HZ INGA  08-23-088-24,MONTNEY,5960.0,2024-06-18 07:00:00,True,56.643751370218396,-121.70230849599695
43078,COP,COP  HZ INGA D08-23-088-24,MONTNEY,5520.0,2024-06-18 07:00:00,True,56.643462651212836,-121.70281561052157
39778,TOURMALINE,TOURMALINE ET AL HZ BIRCH C-E014-I/094-A-13,MONTNEY,3798.0,2024-06-19 07:00:00,True,56.930532742286424,-121.54551043833614
39780,TOURMALINE,TOURMALINE ET AL HZ BIRCH C-G014-I/094-A-13,MONTNEY,3868.0,2024-06-19 07:00:00,True,56.930621283893835,-121.54551095256981
39777,TOURMALINE,TOURMALINE ET AL HZ BIRCH C-D014-I/094-A-13,MONTNEY,3922.0,2024-06-19 07:00:00,True,56.930488480177395,-121.5455101727962
39779,TOURMALINE,TOURMALINE ET AL HZ BIRCH C-F014-I/094-A-13,MONTNEY,3967.0,2024-06-19 07:00:00,True,56.93057701277943,-121.54551068642125
39776,TOURMALINE,TOURMALINE ET AL HZ BIRCH C-C014-I/094-A-13,MONTNEY,3863.0,2024-06-19 07:00:00,True,56.93044420963061,-121.5455099230702
39774,TOURMALINE,TOURMALINE ET AL HZ BIRCH C-A014-I/094-A-13,MONTNEY,4318.0,2024-06-19 07:00:00,True,56.93035567608532,-121.5455094079101
39775,TOURMALINE,TOURMALINE ET AL HZ BIRCH C-B014-I/094-A-13,MONTNEY,3880.0,2024-06-19 07:00:00,True,56.93039994752418,-121.54550965753151
39781,TOURMALINE,TOURMALINE ET AL HZ BIRCH C-H014-I/094-A-13,MONTNEY,4172.0,2024-06-19 07:00:00,True,56.930665545443055,-121.5455112016907
49362,VERMILION,VERMILION  HZ MICA A09-21-081-14,MONTNEY,5157.0,2024-06-25 07:00:00,True,56.038702508873165,-120.11725660258628
49361,VERMILION,VERMILION  HZ MICA  09-21-081-14,MONTNEY,5445.0,2024-06-25 07:00:00,True,56.03861312273306,-120.11727207225536
49364,VERMILION,VERMILION  HZ MICA C09-21-081-14,MONTNEY,5228.0,2024-06-25 07:00:00,True,56.03888128204836,-120.11722568226901
49365,VERMILION,VERMILION  HZ MICA D09-21-081-14,MONTNEY,5570.0,2024-06-25 07:00:00,True,56.0389706682654,-120.11721021399227
49363,VERMILION,VERMILION  HZ MICA B09-21-081-14,MONTNEY,5080.0,2024-06-25 07:00:00,True,56.03879189583217,-120.11724115047566
44520,ARCRES,ARCRES  HZ DOE C16-28-079-14,MONTNEY,5509.0,2024-06-26 07:00:00,True,55.88198527917391,-120.11558375248735
44514,ARCRES,ARCRES  HZ DOE F16-28-079-14,MONTNEY,5092.0,2024-06-26 07:00:00,True,55.88171583324622,-120.11558352400873
44512,ARCRES,ARCRES  HZ DOE D16-28-079-14,MONTNEY,5860.0,2024-06-26 07:00:00,True,55.88189546358951,-120.11558367690384
44513,ARCRES,ARCRES  HZ DOE E16-28-079-14,MONTNEY,5976.0,2024-06-26 07:00:00,True,55.881805648007465,-120.11558360132071
44515,ARCRES,ARCRES  HZ DOE G16-28-079-14,MONTNEY,5278.0,2024-06-26 07:00:00,True,55.88162601766883,-120.11558344842622
44518,ARCRES,ARCRES  HZ DOE A16-28-079-14,MONTNEY,4844.0,2024-06-26 07:00:00,True,55.8821649094568,-120.11558390378835
44517,ARCRES,ARCRES  HZ DOE  16-28-079-14,MONTNEY,5470.0,2024-06-26 07:00:00,True,55.88225472512257,-120.11558398096909
44519,ARCRES,ARCRES  HZ DOE B16-28-079-14,MONTNEY,5094.0,2024-06-26 07:00:00,True,55.88207509476063,-120.11558382807115
44516,ARCRES,ARCRES  HZ DOE H16-28-079-14,MONTNEY,5541.0,2024-06-26 07:00:00,True,55.88153621169203,-120.11558338588031
30038,TOURMALINE,TOURMALINE  HZ TOWER A15-28-081-17,MONTNEY,6092.0,2024-06-28 07:00:00,True,56.05463441435658,-120.5910536351319
30821,TOURMALINE,TOURMALINE  HZ TOWER  16-28-081-17,MONTNEY,6357.0,2024-06-28 07:00:00,True,56.05463736548033,-120.59050801993267
30820,TOURMALINE,TOURMALINE  HZ TOWER D15-28-081-17,MONTNEY,6312.0,2024-06-28 07:00:00,True,56.05463662400022,-120.59064443194292
30037,TOURMALINE,TOURMALINE  HZ TOWER  15-28-081-17,MONTNEY,6167.0,2024-06-28 07:00:00,True,56.0546336803315,-120.59119004601646
30039,TOURMALINE,TOURMALINE  HZ TOWER B15-28-081-17,MONTNEY,6054.0,2024-06-28 07:00:00,True,56.054635156959854,-120.59091723917793
30819,TOURMALINE,TOURMALINE  HZ TOWER C15-28-081-17,MONTNEY,6158.0,2024-06-28 07:00:00,True,56.05463589069212,-120.59078082828312
46422,TOURMALINE,TOURMALINE  HZ SUNDOWN C-J051-H/093-P-10,MONTNEY,5584.0,2024-07-06 07:00:00,True,55.62952781869813,-120.51129405686301
49884,TOURMALINE,TOURMALINE  HZ TOWN C-E002-G/094-B-16,MONTNEY,4476.0,2024-07-07 07:00:00,True,56.8388741667736,-122.14881330038799
41671,CNRL,CNRL  HZ KOBES B-A062-C/094-B-16,MONTNEY,5272.0,2024-07-07 07:00:00,True,56.80154380054322,-122.27613598235892
49886,TOURMALINE,TOURMALINE  HZ TOWN C-G002-G/094-B-16,MONTNEY,4379.0,2024-07-07 07:00:00,True,56.83896269931923,-122.14881347376361
41672,CNRL,CNRL  HZ KOBES B- 062-C/094-B-16,MONTNEY,5352.0,2024-07-07 07:00:00,True,56.8016090222334,-122.27616650969532
49883,TOURMALINE,TOURMALINE  HZ TOWN C-D002-G/094-B-16,MONTNEY,4341.0,2024-07-07 07:00:00,True,56.83882989920882,-122.14881321547334
41669,CNRL,CNRL  HZ KOBES B-C062-C/094-B-16,MONTNEY,5880.0,2024-07-07 07:00:00,True,56.80141333924755,-122.2760749609195
49882,TOURMALINE,TOURMALINE  HZ TOWN C-C002-G/094-B-16,MONTNEY,4246.0,2024-07-07 07:00:00,True,56.83878563338657,-122.14881312874142
49885,TOURMALINE,TOURMALINE  HZ TOWN C-F002-G/094-B-16,MONTNEY,4373.0,2024-07-07 07:00:00,True,56.83891843264702,-122.14881338875935
49879,TOURMALINE,TOURMALINE  HZ TOWN C- 002-G/094-B-16,MONTNEY,4065.0,2024-07-07 07:00:00,True,56.838652832347165,-122.14881286890379
41670,CNRL,CNRL  HZ KOBES B-B062-C/094-B-16,MONTNEY,5485.0,2024-07-07 07:00:00,True,56.8014785694737,-122.27610547244966
49880,TOURMALINE,TOURMALINE  HZ TOWN C-A002-G/094-B-16,MONTNEY,4266.0,2024-07-07 07:00:00,True,56.83869709995576,-122.14881295545663
46418,TOURMALINE,TOURMALINE  HZ SUNDOWN C-F051-H/093-P-10,MONTNEY,5320.0,2024-07-08 07:00:00,True,55.62935071015218,-120.51129418099859
46421,TOURMALINE,TOURMALINE  HZ SUNDOWN C-I051-H/093-P-10,MONTNEY,5763.0,2024-07-08 07:00:00,True,55.629483541610874,-120.5112940838991
46419,TOURMALINE,TOURMALINE  HZ SUNDOWN C-G051-H/093-P-10,MONTNEY,5126.0,2024-07-08 07:00:00,True,55.629394987238264,-120.51129415396272
40497,PETRONAS,PETRONAS  HZ BEG B-G078-E/094-A-13,MONTNEY,5010.1,2024-07-08 07:00:00,True,56.894119587069504,-121.97298601487194
40493,PETRONAS,PETRONAS  HZ BEG B-C078-E/094-A-13,MONTNEY,4023.0,2024-07-08 07:00:00,True,56.894217805746486,-121.97261696335883
40498,PETRONAS,PETRONAS  HZ BEG B-H078-E/094-A-13,MONTNEY,3967.0,2024-07-08 07:00:00,True,56.89408036845093,-121.97313335771408
40494,PETRONAS,PETRONAS  HZ BEG B-D078-E/094-A-13,MONTNEY,4067.0,2024-07-08 07:00:00,True,56.89417850082906,-121.97276463706444
40490,PETRONAS,PETRONAS  HZ BEG B- 078-E/094-A-13,MONTNEY,3748.0,2024-07-08 07:00:00,True,56.894276701230574,-121.97239565212648
40495,PETRONAS,PETRONAS  HZ BEG B-E078-E/094-A-13,MONTNEY,5946.0,2024-07-08 07:00:00,True,56.89415890009398,-121.97283827658508
40491,PETRONAS,PETRONAS  HZ BEG B-A078-E/094-A-13,MONTNEY,4400.0,2024-07-08 07:00:00,True,56.894257066145805,-121.97246942240795
40496,PETRONAS,PETRONAS  HZ BEG B-F078-E/094-A-13,MONTNEY,4014.0,2024-07-08 07:00:00,True,56.894139265654076,-121.97291204632288
46420,TOURMALINE,TOURMALINE  HZ SUNDOWN C-H051-H/093-P-10,MONTNEY,5938.0,2024-07-08 07:00:00,True,55.62943926363078,-120.51129411105839
40492,PETRONAS,PETRONAS  HZ BEG B-B078-E/094-A-13,MONTNEY,4248.0,2024-07-08 07:00:00,True,56.8942374310703,-121.97254319425554
44229,OVV,OVV  HZ SWAN LAKE C02-15-077-14,MONTNEY,7735.0,2024-07-10 07:00:00,True,55.66818365071622,-120.07597036560688
44226,OVV,OVV  HZ SWAN LAKE  02-15-077-14,MONTNEY,7060.0,2024-07-10 07:00:00,True,55.668547326301564,-120.07656174122633
44230,OVV,OVV  HZ SWAN LAKE D02-15-077-14,MONTNEY,8208.0,2024-07-10 07:00:00,True,55.668117527816996,-120.07586284360285
44227,OVV,OVV  HZ SWAN LAKE A02-15-077-14,MONTNEY,5754.0,2024-07-10 07:00:00,True,55.66848120390224,-120.07645421725779
44228,OVV,OVV  HZ SWAN LAKE B02-15-077-14,MONTNEY,7395.0,2024-07-10 07:00:00,True,55.668415080594116,-120.0763466953672
44231,OVV,OVV  HZ SWAN LAKE E02-15-077-14,MONTNEY,8114.0,2024-07-10 07:00:00,True,55.668051404901775,-120.0757553235436
38995,CNRL,CNRL  HZ FIREWEED D- 037-H/094-A-13,MONTNEY,4494.0,2024-07-17 07:00:00,True,56.866325884767214,-121.57880759808621
38997,CNRL,CNRL  HZ FIREWEED D-B037-H/094-A-13,MONTNEY,4345.0,2024-07-17 07:00:00,True,56.86583372123116,-121.57855619939468
38998,CNRL,CNRL  HZ FIREWEED D-C037-H/094-A-13,MONTNEY,4579.0,2024-07-17 07:00:00,True,56.865749204897874,-121.57861178422097
38996,CNRL,CNRL  HZ FIREWEED D-A037-H/094-A-13,MONTNEY,4192.0,2024-07-17 07:00:00,True,56.86591823748923,-121.57850061268579
42260,ARCRES,ARCRES  HZ ALTARES A01-13-084-24,MONTNEY,5032.0,2024-07-26 07:00:00,True,56.27668443458105,-121.64135644599398
42266,ARCRES,ARCRES  HZ ALTARES G01-13-084-24,MONTNEY,4225.0,2024-07-26 07:00:00,True,56.27631102854137,-121.64205463680618
42265,ARCRES,ARCRES  HZ ALTARES F01-13-084-24,MONTNEY,4165.0,2024-07-26 07:00:00,True,56.276373261629985,-121.6419382589844
42263,ARCRES,ARCRES  HZ ALTARES D01-13-084-24,MONTNEY,5631.0,2024-07-26 07:00:00,True,56.27649772770251,-121.64170553462871
42261,ARCRES,ARCRES  HZ ALTARES B01-13-084-24,MONTNEY,5099.0,2024-07-26 07:00:00,True,56.276622202356975,-121.64147280941489
42262,ARCRES,ARCRES  HZ ALTARES C01-13-084-24,MONTNEY,5208.0,2024-07-26 07:00:00,True,56.27655996013513,-121.6415891719466
42264,ARCRES,ARCRES  HZ ALTARES E01-13-084-24,MONTNEY,4417.0,2024-07-26 07:00:00,True,56.27658908183615,-121.6415743375521
43878,ARCRES,ARCRES  HZ ALTARES H01-13-084-24,MONTNEY,4604.0,2024-07-26 07:00:00,True,56.27632400131898,-121.64230104573475
36851,ARCRES,ARCRES  HZ ALTARES  01-13-084-24,MONTNEY,5329.0,2024-07-26 07:00:00,True,56.27674666759521,-121.64124008210412
41017,CNRL,CNRL  HZ SEPTIMUS E10-09-082-19,MONTNEY,3975.0,2024-07-29 07:00:00,True,56.097827367325,-120.90618973284904
42861,CNRL,CNRL  HZ SEPTIMUS F10-09-082-19,MONTNEY,4383.0,2024-07-29 07:00:00,True,56.09789457656202,-120.90618201521524
41016,CNRL,CNRL  HZ SEPTIMUS D10-09-082-19,MONTNEY,3978.0,2024-07-29 07:00:00,True,56.09776015866894,-120.9061974649139
42905,PETRONAS,PETRONAS  HZ TOWN A- 074-H/094-B-16,MONTNEY,4988.0,2024-08-01 07:00:00,True,56.89447171097345,-122.04084807810021
48451,TOURMALINE,TOURMALINE  HZ NIG CREEK B-M009-G/094-H-04,MONTNEY,4546.0,2024-08-01 07:00:00,True,57.083837022434686,-121.73395061238887
42909,PETRONAS,PETRONAS  HZ TOWN A-D074-H/094-B-16,MONTNEY,6409.0,2024-08-01 07:00:00,True,56.89459744984101,-122.04050831186129
42906,PETRONAS,PETRONAS  HZ TOWN A-A074-H/094-B-16,MONTNEY,6263.0,2024-08-01 07:00:00,True,56.89449686572944,-122.04078012794186
42910,PETRONAS,PETRONAS  HZ TOWN A-E074-H/094-B-16,MONTNEY,4177.0,2024-08-01 07:00:00,True,56.893601847967126,-122.04029953397799
42907,PETRONAS,PETRONAS  HZ TOWN A-B074-H/094-B-16,MONTNEY,5888.0,2024-08-01 07:00:00,True,56.8945220115004,-122.04071217861384
41486,TOURMALINE,TOURMALINE  HZ NIG CREEK B-K009-G/094-H-04,MONTNEY,4132.0,2024-08-01 07:00:00,True,57.08387739609806,-121.73380591686193
41485,TOURMALINE,TOURMALINE  HZ NIG CREEK B-J009-G/094-H-04,MONTNEY,4298.0,2024-08-01 07:00:00,True,57.083897589134175,-121.73373356828796
42908,PETRONAS,PETRONAS  HZ TOWN A-C074-H/094-B-16,MONTNEY,4770.0,2024-08-01 07:00:00,True,56.89454715808105,-122.04064422746418
48450,TOURMALINE,TOURMALINE  HZ NIG CREEK B-L009-G/094-H-04,MONTNEY,4255.0,2024-08-01 07:00:00,True,57.08385720923229,-121.73387826301452
48452,TOURMALINE,TOURMALINE  HZ NIG CREEK B-N009-G/094-H-04,MONTNEY,4202.0,2024-08-01 07:00:00,True,57.08381683369949,-121.73402295858838
40533,TOURMALINE,TOURMALINE  HZ TOWN A-L008-A/094-B-16,MONTNEY,4682.0,2024-08-06 07:00:00,True,56.753680530406776,-122.09114315956339
40532,TOURMALINE,TOURMALINE  HZ TOWN A-K008-A/094-B-16,MONTNEY,4535.0,2024-08-06 07:00:00,True,56.753701313493764,-122.0910720224425
40534,TOURMALINE,TOURMALINE  HZ TOWN A-M008-A/094-B-16,MONTNEY,4866.0,2024-08-06 07:00:00,True,56.753659737881684,-122.09121431232016
40535,TOURMALINE,TOURMALINE  HZ TOWN A-N008-A/094-B-16,MONTNEY,4958.0,2024-08-06 07:00:00,True,56.75363895471696,-122.09128544928839
40528,TOURMALINE,TOURMALINE  HZ TOWN A-G008-A/094-B-16,MONTNEY,4940.0,2024-08-06 07:00:00,True,56.75378447320093,-122.090787440867
40531,TOURMALINE,TOURMALINE  HZ TOWN A-J008-A/094-B-16,MONTNEY,4384.0,2024-08-06 07:00:00,True,56.753722105941094,-122.09100086953299
40530,TOURMALINE,TOURMALINE  HZ TOWN A-I008-A/094-B-16,MONTNEY,4480.0,2024-08-06 07:00:00,True,56.75374289789982,-122.09092973135552
40529,TOURMALINE,TOURMALINE  HZ TOWN A-H008-A/094-B-16,MONTNEY,4605.0,2024-08-06 07:00:00,True,56.75376368091968,-122.09085859564097
28425,SHELL,SHELL ET AL HZ GROUNDBIRCH F10-03-080-20,MONTNEY,6351.0,2024-08-09 07:00:00,True,55.90852671793741,-121.03717253126041
28426,SHELL,SHELL ET AL HZ GROUNDBIRCH G10-03-080-20,MONTNEY,6420.0,2024-08-09 07:00:00,True,55.908500532941375,-121.03720769462814
28428,SHELL,SHELL ET AL HZ GROUNDBIRCH I10-03-080-20,MONTNEY,6364.0,2024-08-09 07:00:00,True,55.908448178660116,-121.03727787302854
28427,SHELL,SHELL ET AL HZ GROUNDBIRCH H10-03-080-20,MONTNEY,6332.0,2024-08-09 07:00:00,True,55.90847435578925,-121.03724276055509
28432,SHELL,SHELL ET AL HZ GROUNDBIRCH M10-03-080-20,MONTNEY,6532.0,2024-08-09 07:00:00,True,55.90834345352096,-121.03741831328647
28429,SHELL,SHELL ET AL HZ GROUNDBIRCH J10-03-080-20,MONTNEY,6371.0,2024-08-09 07:00:00,True,55.90874383460758,-121.03542943137072
28430,SHELL,SHELL ET AL HZ GROUNDBIRCH K10-03-080-20,MONTNEY,6284.0,2024-08-09 07:00:00,True,55.90839581582718,-121.03734808605535
28431,SHELL,SHELL ET AL HZ GROUNDBIRCH L10-03-080-20,MONTNEY,6266.0,2024-08-09 07:00:00,True,55.90836963962596,-121.03738319987612
45713,KELT LNG,KELT LNG  HZ OAK F05-31-086-18,MONTNEY,5508.0,2024-08-14 07:00:00,True,56.499788927318924,-120.84618354169837
44199,KELT LNG,KELT LNG  HZ OAK B05-31-086-18,MONTNEY,5037.0,2024-08-14 07:00:00,True,56.50007628198291,-120.84618334948954
44200,KELT LNG,KELT LNG  HZ OAK C05-31-086-18,MONTNEY,5375.0,2024-08-14 07:00:00,True,56.49994158171747,-120.84618343235682
43197,PACIFIC CANBRIAM,PACIFIC CANBRIAM  HZ ALTARES E16-32-084-25,MONTNEY,4457.0,2024-08-15 07:00:00,True,56.33191410686075,-121.90544000221904
49919,PACIFIC CANBRIAM,PACIFIC CANBRIAM  HZ ALTARES F16-32-084-25,MONTNEY,5343.0,2024-08-15 07:00:00,True,56.332073823875845,-121.9049144142442
49926,PACIFIC CANBRIAM,PACIFIC CANBRIAM  HZ ALTARES M16-32-084-25,MONTNEY,4715.0,2024-08-15 07:00:00,True,56.33172380643742,-121.90556492262658
43195,PACIFIC CANBRIAM,PACIFIC CANBRIAM  HZ ALTARES C16-32-084-25,MONTNEY,4415.0,2024-08-15 07:00:00,True,56.33222383659069,-121.90463561191402
49923,PACIFIC CANBRIAM,PACIFIC CANBRIAM  HZ ALTARES J16-32-084-25,MONTNEY,4341.0,2024-08-15 07:00:00,True,56.3318738205459,-121.90528612528101
43193,PACIFIC CANBRIAM,PACIFIC CANBRIAM  HZ ALTARES A16-32-084-25,MONTNEY,4567.0,2024-08-15 07:00:00,True,56.33232384073548,-121.90444967368144
43194,PACIFIC CANBRIAM,PACIFIC CANBRIAM  HZ ALTARES B16-32-084-25,MONTNEY,5245.0,2024-08-15 07:00:00,True,56.332273834623926,-121.90454268391579
49921,PACIFIC CANBRIAM,PACIFIC CANBRIAM  HZ ALTARES H16-32-084-25,MONTNEY,5584.0,2024-08-15 07:00:00,True,56.33197381831779,-121.9051002706588
49925,PACIFIC CANBRIAM,PACIFIC CANBRIAM  HZ ALTARES L16-32-084-25,MONTNEY,4865.0,2024-08-15 07:00:00,True,56.331773814457016,-121.90547197979681
43196,PACIFIC CANBRIAM,PACIFIC CANBRIAM  HZ ALTARES D16-32-084-25,MONTNEY,5393.0,2024-08-15 07:00:00,True,56.332173829596776,-121.9047285422292
43192,PACIFIC CANBRIAM,PACIFIC CANBRIAM  HZ ALTARES  16-32-084-25,MONTNEY,5502.0,2024-08-15 07:00:00,True,56.33244436695492,-121.90422411694055
49924,PACIFIC CANBRIAM,PACIFIC CANBRIAM  HZ ALTARES K16-32-084-25,MONTNEY,4235.0,2024-08-15 07:00:00,True,56.33182381303563,-121.90537905231714
49922,PACIFIC CANBRIAM,PACIFIC CANBRIAM  HZ ALTARES I16-32-084-25,MONTNEY,5424.0,2024-08-15 07:00:00,True,56.331923827989804,-121.9051931980075
49920,PACIFIC CANBRIAM,PACIFIC CANBRIAM  HZ ALTARES G16-32-084-25,MONTNEY,5264.0,2024-08-15 07:00:00,True,56.33200702744125,-121.90503687608386
40226,PETRONAS,PETRONAS  HZ TOWN D-J072-A/094-B-16,MONTNEY,4804.0,2024-08-17 07:00:00,True,56.81284895167264,-122.02007502608768
40225,PETRONAS,PETRONAS  HZ TOWN D-I072-A/094-B-16,MONTNEY,4927.0,2024-08-17 07:00:00,True,56.812880778128644,-122.02013282075326
40223,PETRONAS,PETRONAS  HZ TOWN C-B072-A/094-B-16,MONTNEY,4837.0,2024-08-17 07:00:00,True,56.813276937977975,-122.02051341493072
40222,PETRONAS,PETRONAS  HZ TOWN C-A072-A/094-B-16,MONTNEY,4430.0,2024-08-17 07:00:00,True,56.81297625812833,-122.02030617238131
40221,PETRONAS,PETRONAS  HZ TOWN C- 072-A/094-B-16,MONTNEY,4643.0,2024-08-17 07:00:00,True,56.81300808537869,-122.0203639673351
48487,PETRONAS,PETRONAS  HZ TOWN D-C020-B/094-G-01,MONTNEY,5786.0,2024-08-27 07:00:00,True,57.01573332948249,-122.24085359779664
48485,PETRONAS,PETRONAS  HZ TOWN D-A020-B/094-G-01,MONTNEY,5916.0,2024-08-27 07:00:00,True,57.01576005601388,-122.24069646536417
48484,PETRONAS,PETRONAS  HZ TOWN D- 020-B/094-G-01,MONTNEY,5827.0,2024-08-27 07:00:00,True,57.01577342328469,-122.24061790031888
48491,PETRONAS,PETRONAS  HZ TOWN D-G020-B/094-G-01,MONTNEY,5593.0,2024-08-27 07:00:00,True,57.015666517250175,-122.24124642744174
48490,PETRONAS,PETRONAS  HZ TOWN D-F020-B/094-G-01,MONTNEY,5704.0,2024-08-27 07:00:00,True,57.0156798758523,-122.24116786200689
48488,PETRONAS,PETRONAS  HZ TOWN D-D020-B/094-G-01,MONTNEY,5649.0,2024-08-27 07:00:00,True,57.01570660276195,-122.24101073001091
44343,ARCRES,ARCRES  HZ DOE D06-04-080-15,MONTNEY,5051.0,2024-09-05 07:00:00,True,55.90455304667019,-120.28601355719543
44344,ARCRES,ARCRES  HZ DOE E06-04-080-15,MONTNEY,4975.0,2024-09-05 07:00:00,True,55.90455315250055,-120.28585369798235
44339,ARCRES,ARCRES  HZ DOE  06-04-080-15,MONTNEY,5533.0,2024-09-05 07:00:00,True,55.90455261061392,-120.28665299558956
44340,ARCRES,ARCRES  HZ DOE A06-04-080-15,MONTNEY,5493.0,2024-09-05 07:00:00,True,55.90455271725154,-120.28649313637997
44341,ARCRES,ARCRES  HZ DOE B06-04-080-15,MONTNEY,5269.0,2024-09-05 07:00:00,True,55.90455283351097,-120.28633327574816
44342,ARCRES,ARCRES  HZ DOE C06-04-080-15,MONTNEY,5085.0,2024-09-05 07:00:00,True,55.90455293974493,-120.28617341653681
46299,ARCRES,ARCRES  HZ ALTARES A14-21-084-24,MONTNEY,4953.0,2024-09-09 07:00:00,True,56.303049749373905,-121.73549244743468
46298,ARCRES,ARCRES  HZ ALTARES B14-21-084-24,MONTNEY,4432.0,2024-09-09 07:00:00,True,56.30313952760361,-121.7354894717767
40041,ARCRES,ARCRES HZ ALTARES  14-21-084-24,MONTNEY,5139.0,2024-09-09 07:00:00,True,56.302959961825174,-121.73549541274133
46297,ARCRES,ARCRES  HZ ALTARES C14-21-084-24,MONTNEY,4640.0,2024-09-09 07:00:00,True,56.30322931426476,-121.73548650654027
46296,ARCRES,ARCRES  HZ ALTARES D14-21-084-24,MONTNEY,5099.0,2024-09-09 07:00:00,True,56.303319101769866,-121.73548353957679
40195,TOURMALINE,TOURMALINE  HZ DOE  04-04-080-15,MONTNEY,3852.0,2024-09-21 07:00:00,True,55.89950010867821,-120.29541667893915
41817,OVV,OVV  HZ SUNRISE G10-36-079-18,MONTNEY,4936.0,2024-09-21 07:00:00,True,55.892225939496235,-120.67376326793386
41820,OVV,OVV  HZ SUNRISE J10-36-079-18,MONTNEY,4991.0,2024-09-21 07:00:00,True,55.89195652317014,-120.67376389540827
40204,TOURMALINE,TOURMALINE  HZ DOE I04-04-080-15,MONTNEY,3829.0,2024-09-21 07:00:00,True,55.899101648558656,-120.29541445409554
40198,TOURMALINE,TOURMALINE  HZ DOE C04-04-080-15,MONTNEY,3853.0,2024-09-21 07:00:00,True,55.89936729123103,-120.29541594176749
40202,TOURMALINE,TOURMALINE  HZ DOE G04-04-080-15,MONTNEY,3602.0,2024-09-21 07:00:00,True,55.89919019889836,-120.29541494529457
40201,TOURMALINE,TOURMALINE  HZ DOE F04-04-080-15,MONTNEY,3660.0,2024-09-21 07:00:00,True,55.899234465102346,-120.29541519138623
40199,TOURMALINE,TOURMALINE  HZ DOE D04-04-080-15,MONTNEY,3702.0,2024-09-21 07:00:00,True,55.89932275187878,-120.29541553898783
40197,TOURMALINE,TOURMALINE  HZ DOE B04-04-080-15,MONTNEY,3614.0,2024-09-21 07:00:00,True,55.899411566440136,-120.2954161881687
41819,OVV,OVV  HZ SUNRISE I10-36-079-18,MONTNEY,5036.0,2024-09-21 07:00:00,True,55.89204632533389,-120.67376368669264
40203,TOURMALINE,TOURMALINE  HZ DOE H04-04-080-15,MONTNEY,3990.0,2024-09-21 07:00:00,True,55.899145923764266,-120.29541470049341
40196,TOURMALINE,TOURMALINE  HZ DOE A04-04-080-15,MONTNEY,3655.0,2024-09-21 07:00:00,True,55.89945583264701,-120.2954164342631
40200,TOURMALINE,TOURMALINE  HZ DOE E04-04-080-15,MONTNEY,3480.0,2024-09-21 07:00:00,True,55.899278740958806,-120.29541545216125
41816,OVV,OVV  HZ SUNRISE F10-36-079-18,MONTNEY,5215.0,2024-09-21 07:00:00,True,55.8923157425605,-120.67376305909495
41818,OVV,OVV  HZ SUNRISE H10-36-079-18,MONTNEY,5020.0,2024-09-21 07:00:00,True,55.8921361283934,-120.67376347785566
47106,TOURMALINE,TOURMALINE  HZ NIG CREEK A-J094-J/094-A-13,MONTNEY,4584.0,2024-10-01 07:00:00,True,56.9941425717411,-121.66769548584548
39494,TOURMALINE,TOURMALINE ET AL HZ NIG CREEK A-I094-J/094-A-13,MONTNEY,4590.0,2024-10-01 07:00:00,True,56.99418754073719,-121.66769387933307
47107,TOURMALINE,TOURMALINE  HZ NIG CREEK A-K094-J/094-A-13,MONTNEY,4686.0,2024-10-01 07:00:00,True,56.99409902279239,-121.66769704136468
39493,TOURMALINE,TOURMALINE ET AL HZ NIG CREEK A-H094-J/094-A-13,MONTNEY,4839.0,2024-10-01 07:00:00,True,56.99423179920931,-121.66769229671728
39492,TOURMALINE,TOURMALINE ET AL HZ NIG CREEK A-G094-J/094-A-13,MONTNEY,5091.0,2024-10-01 07:00:00,True,56.99427605773764,-121.66769071574272
39491,TOURMALINE,TOURMALINE ET AL HZ NIG CREEK A-F094-J/094-A-13,MONTNEY,5348.0,2024-10-01 07:00:00,True,56.99432031626726,-121.66768913476461
43887,COP,COP  HZ INGA A-H026-J/094-A-12,MONTNEY,5605.0,2024-10-04 07:00:00,True,56.68489810491715,-121.6916308048985
43886,COP,COP  HZ INGA A-G026-J/094-A-12,MONTNEY,5477.0,2024-10-04 07:00:00,True,56.68493756342613,-121.69148423774296
43880,COP,COP  HZ INGA A-A026-J/094-A-12,MONTNEY,5623.0,2024-10-04 07:00:00,True,56.685174255625874,-121.69060486419141
43882,COP,COP  HZ INGA A-C026-J/094-A-12,MONTNEY,5730.0,2024-10-04 07:00:00,True,56.6850953587242,-121.6908979850047
43884,COP,COP  HZ INGA A-E026-J/094-A-12,MONTNEY,5364.0,2024-10-04 07:00:00,True,56.68501646170593,-121.6911911209452
43883,COP,COP  HZ INGA A-D026-J/094-A-12,MONTNEY,5380.0,2024-10-04 07:00:00,True,56.68505591071785,-121.6910445522583
43885,COP,COP  HZ INGA A-F026-J/094-A-12,MONTNEY,5671.0,2024-10-04 07:00:00,True,56.68497701192886,-121.6913376713833
43881,COP,COP  HZ INGA A-B026-J/094-A-12,MONTNEY,5723.0,2024-10-04 07:00:00,True,56.68513480740518,-121.6907514157218
43888,COP,COP  HZ INGA A-I026-J/094-A-12,MONTNEY,5517.0,2024-10-04 07:00:00,True,56.68485865524339,-121.69177737239347
43879,COP,COP  HZ INGA A- 026-J/094-A-12,MONTNEY,5720.0,2024-10-04 07:00:00,True,56.68521370397592,-121.69045829431259
45878,OVV,OVV  HZ TOWER LAKE J02-06-081-17,MONTNEY,6805.0,2024-10-05 07:00:00,True,55.98732303409778,-120.64557185529252
45880,OVV,OVV  HZ TOWER LAKE L02-06-081-17,MONTNEY,6551.0,2024-10-05 07:00:00,True,55.987791595773416,-120.64385958006869
45876,OVV,OVV  HZ TOWER LAKE H02-06-081-17,MONTNEY,6951.0,2024-10-05 07:00:00,True,55.98748201880091,-120.64541379628517
45882,OVV,OVV  HZ TOWER LAKE N02-06-081-17,MONTNEY,6360.0,2024-10-05 07:00:00,True,55.987950761882686,-120.64371112085331
45877,OVV,OVV  HZ TOWER LAKE I02-06-081-17,MONTNEY,5799.0,2024-10-05 07:00:00,True,55.98740243065446,-120.64548803034447
45881,OVV,OVV  HZ TOWER LAKE M02-06-081-17,MONTNEY,6695.0,2024-10-05 07:00:00,True,55.987871174042915,-120.64378534321017
45879,OVV,OVV  HZ TOWER LAKE K02-06-081-17,MONTNEY,6856.0,2024-10-05 07:00:00,True,55.987243270535636,-120.64563647924518
47978,PETRONAS,PETRONAS  HZ TOWN D- 099-J/094-B-16,MONTNEY,4958.0,2024-10-07 07:00:00,True,56.99632877018288,-122.23201313661602
47982,PETRONAS,PETRONAS  HZ TOWN D-D099-J/094-B-16,MONTNEY,5941.0,2024-10-07 07:00:00,True,56.99628733654505,-122.23160893642117
47980,PETRONAS,PETRONAS  HZ TOWN D-B099-J/094-B-16,MONTNEY,5855.0,2024-10-07 07:00:00,True,56.99631220099831,-122.23185146230192
47981,PETRONAS,PETRONAS  HZ TOWN D-C099-J/094-B-16,MONTNEY,5750.0,2024-10-07 07:00:00,True,56.99630389713006,-122.23177048926247
47983,PETRONAS,PETRONAS  HZ TOWN D-E099-J/094-B-16,MONTNEY,5750.0,2024-10-07 07:00:00,True,56.99628731418339,-122.23160872239836
47979,PETRONAS,PETRONAS  HZ TOWN D-A099-J/094-B-16,MONTNEY,4468.0,2024-10-07 07:00:00,True,56.99632047978047,-122.2319322529743
28321,SHELL,SHELL ET AL HZ SUNSET O11-09-079-18,MONTNEY,4951.0,2024-10-08 07:00:00,True,55.83425948243658,-120.75484786842061
28319,SHELL,SHELL ET AL HZ SUNSET M11-09-079-18,MONTNEY,5114.0,2024-10-08 07:00:00,True,55.83432504118322,-120.75484795420523
28324,SHELL,SHELL ET AL HZ SUNSET R11-09-079-18,MONTNEY,4057.0,2024-10-08 07:00:00,True,55.83416114632229,-120.75484775552114
28317,SHELL,SHELL ET AL HZ SUNSET K11-09-079-18,MONTNEY,5119.0,2024-10-08 07:00:00,True,55.83439059837429,-120.75484802415393
28323,SHELL,SHELL ET AL HZ SUNSET Q11-09-079-18,MONTNEY,4885.0,2024-10-08 07:00:00,True,55.83422670351044,-120.7548478254692
28322,SHELL,SHELL ET AL HZ SUNSET P11-09-079-18,MONTNEY,4717.0,2024-10-08 07:00:00,True,55.83422670351044,-120.7548478254692
28318,SHELL,SHELL ET AL HZ SUNSET L11-09-079-18,MONTNEY,4802.0,2024-10-08 07:00:00,True,55.83435781944699,-120.75484798120223
28320,SHELL,SHELL ET AL HZ SUNSET N11-09-079-18,MONTNEY,5106.0,2024-10-08 07:00:00,True,55.834292262256504,-120.75484791125368
39757,TOURMALINE,TOURMALINE  HZ TOWN B-K054-I/094-B-09,MONTNEY,5130.0,2024-10-09 07:00:00,True,56.70881326005192,-122.04615090734595
39747,TOURMALINE,TOURMALINE  HZ TOWN B-E054-I/094-B-09,MONTNEY,4457.0,2024-10-09 07:00:00,True,56.70912781635473,-122.046414854461
39751,TOURMALINE,TOURMALINE  HZ TOWN B-I054-I/094-B-09,MONTNEY,4331.0,2024-10-09 07:00:00,True,56.70903371618951,-122.04668758082366
39748,TOURMALINE,TOURMALINE  HZ TOWN B-F054-I/094-B-09,MONTNEY,4283.0,2024-10-09 07:00:00,True,56.709104286682624,-122.04648304443654
39749,TOURMALINE,TOURMALINE  HZ TOWN B-G054-I/094-B-09,MONTNEY,4281.0,2024-10-09 07:00:00,True,56.70908076631841,-122.04655121699105
39752,TOURMALINE,TOURMALINE  HZ TOWN B-J054-I/094-B-09,MONTNEY,4339.0,2024-10-09 07:00:00,True,56.70901019482344,-122.04675575322136
39746,TOURMALINE,TOURMALINE  HZ TOWN B-D054-I/094-B-09,MONTNEY,4648.0,2024-10-09 07:00:00,True,56.709151336597614,-122.04634668010775
39750,TOURMALINE,TOURMALINE  HZ TOWN B-H054-I/094-B-09,MONTNEY,4182.0,2024-10-09 07:00:00,True,56.70888383619518,-122.04594634918037
47477,COELACANTH,COELACANTH  HZ TWO RIVERS G05-19-082-14,MONTNEY,5545.0,2024-10-15 07:00:00,True,56.12188063221151,-120.19084141682258
47472,COELACANTH,COELACANTH  HZ TWO RIVERS B05-19-082-14,MONTNEY,5143.0,2024-10-15 07:00:00,True,56.1215656711649,-120.1908417238878
47476,COELACANTH,COELACANTH  HZ TWO RIVERS F05-19-082-14,MONTNEY,5161.0,2024-10-15 07:00:00,True,56.12181816748265,-120.19084137013625
47478,COELACANTH,COELACANTH  HZ TWO RIVERS H05-19-082-14,MONTNEY,5780.0,2024-10-15 07:00:00,True,56.121943353762425,-120.19084129939598
46893,CNRL,CNRL  HZ DAIBER B-R066-C/094-B-16,MONTNEY,6183.0,2024-10-17 07:00:00,True,56.80113452597995,-122.32479684069715
46888,CNRL,CNRL  HZ DAIBER B-M066-C/094-B-16,MONTNEY,5386.0,2024-10-17 07:00:00,True,56.80093031709851,-122.3252847744131
46892,CNRL,CNRL  HZ DAIBER B-Q066-C/094-B-16,MONTNEY,6970.0,2024-10-17 07:00:00,True,56.80109369214916,-122.32489443072329
46890,CNRL,CNRL  HZ DAIBER B-O066-C/094-B-16,MONTNEY,6627.0,2024-10-17 07:00:00,True,56.801012004111975,-122.32508959565348
46891,CNRL,CNRL  HZ DAIBER B-P066-C/094-B-16,MONTNEY,6171.0,2024-10-17 07:00:00,True,56.801052848399365,-122.3249920214795
46889,CNRL,CNRL  HZ DAIBER B-N066-C/094-B-16,MONTNEY,5451.0,2024-10-17 07:00:00,True,56.800971161065824,-122.32518718427495
46887,CNRL,CNRL  HZ DAIBER B-L066-C/094-B-16,MONTNEY,5675.0,2024-10-17 07:00:00,True,56.8008894730122,-122.32538236270764
47463,TOURMALINE,TOURMALINE  HZ SEPTIMUS A11-18-082-18,MONTNEY,5930.0,2024-10-21 07:00:00,True,56.108911651307686,-120.80601757740527
47464,TOURMALINE,TOURMALINE  HZ SEPTIMUS  07-18-082-18,MONTNEY,6015.0,2024-10-21 07:00:00,True,56.10880031944785,-120.80583062151834
47470,TOURMALINE,TOURMALINE  HZ SEPTIMUS F07-18-082-18,MONTNEY,5966.0,2024-10-21 07:00:00,True,56.10885598537869,-120.8059240985263
47462,TOURMALINE,TOURMALINE  HZ SEPTIMUS  11-18-082-18,MONTNEY,5472.0,2024-10-21 07:00:00,True,56.10896730751037,-120.80611104005598
45172,KELT LNG,KELT LNG  HZ MUSKRAT  11-26-087-18,MONTNEY,5056.0,2024-11-03 07:00:00,True,56.57480080469955,-120.75515977354681
50660,TOURMALINE,TOURMALINE  HZ SUNDOWN J04-23-077-17,MONTNEY,4715.0,2024-11-04 07:00:00,True,55.680783264747554,-120.53363666226267
29221,TOURMALINE,TOURMALINE  HZ SUNDOWN E04-23-077-17,MONTNEY,4411.0,2024-11-04 07:00:00,True,55.68087181280979,-120.53363690816916
50659,TOURMALINE,TOURMALINE  HZ SUNDOWN I04-23-077-17,MONTNEY,4847.0,2024-11-04 07:00:00,True,55.68082754049584,-120.53363678338093
29220,TOURMALINE,TOURMALINE  HZ SUNDOWN D04-23-077-17,MONTNEY,4240.0,2024-11-04 07:00:00,True,55.68091609247232,-120.53363701596184
46115,TOURMALINE,TOURMALINE  HZ LAPRISE CREEK WEST A-C081-G/094-G-08,MONTNEY,4333.0,2024-11-11 07:00:00,True,57.4039357316318,-122.13178769011859
46117,TOURMALINE,TOURMALINE  HZ LAPRISE CREEK WEST A-E081-G/094-G-08,MONTNEY,4623.0,2024-11-11 07:00:00,True,57.40386082553845,-122.13187505733923
46114,TOURMALINE,TOURMALINE  HZ LAPRISE CREEK WEST A-B081-G/094-G-08,MONTNEY,4332.0,2024-11-11 07:00:00,True,57.40397318371412,-122.13174400480717
46116,TOURMALINE,TOURMALINE  HZ LAPRISE CREEK WEST A-D081-G/094-G-08,MONTNEY,4510.0,2024-11-11 07:00:00,True,57.403898278640774,-122.13183137543514
46118,TOURMALINE,TOURMALINE  HZ LAPRISE CREEK WEST A-F081-G/094-G-08,MONTNEY,4958.0,2024-11-11 07:00:00,True,57.40382337252078,-122.13191874248402
47832,TOURMALINE,TOURMALINE  HZ TOWN B-AK024-I/094-B-09,MONTNEY,5229.0,2024-11-18 07:00:00,True,56.6860027834768,-122.04696458092734
47834,TOURMALINE,TOURMALINE  HZ TOWN B-AM024-I/094-B-09,MONTNEY,5463.0,2024-11-18 07:00:00,True,56.68597650189592,-122.04711819599054
47833,TOURMALINE,TOURMALINE  HZ TOWN B-AL024-I/094-B-09,MONTNEY,5320.0,2024-11-18 07:00:00,True,56.6860821855626,-122.04650045652673
50025,COELACANTH,COELACANTH  HZ TWO RIVERS  16-03-083-15,BLUESKY,2313.0,2024-11-18 07:00:00,False,56.17286169574007,-120.26980564677983
47829,TOURMALINE,TOURMALINE  HZ TOWN B-AH024-I/094-B-09,MONTNEY,5202.0,2024-11-18 07:00:00,True,56.68604220488367,-122.04673415227455
40649,TOURMALINE,TOURMALINE  HZ TOWN B-AG024-I/094-B-09,MONTNEY,5116.0,2024-11-18 07:00:00,True,56.68605534524667,-122.04665735190044
40648,TOURMALINE,TOURMALINE  HZ TOWN B-AF024-I/094-B-09,MONTNEY,5262.0,2024-11-18 07:00:00,True,56.68606848600869,-122.0465805366912
47830,TOURMALINE,TOURMALINE  HZ TOWN B-AI024-I/094-B-09,MONTNEY,5147.0,2024-11-18 07:00:00,True,56.68602906492536,-122.04681096728851
47831,TOURMALINE,TOURMALINE  HZ TOWN B-AJ024-I/094-B-09,MONTNEY,5094.0,2024-11-18 07:00:00,True,56.68601592402654,-122.04688778234167
47835,TOURMALINE,TOURMALINE  HZ TOWN B-AN024-I/094-B-09,MONTNEY,5699.0,2024-11-18 07:00:00,True,56.68596336170963,-122.04719501074442
46310,ARCRES,ARCRES  HZ INGA D01-24-084-24,MONTNEY,4971.0,2024-11-20 07:00:00,True,56.2927214067311,-121.6439500266612
46309,ARCRES,ARCRES  HZ INGA C01-24-084-24,MONTNEY,4876.0,2024-11-20 07:00:00,True,56.29263262488422,-121.6439257826363
46308,ARCRES,ARCRES  HZ INGA B01-24-084-24,MONTNEY,4926.0,2024-11-20 07:00:00,True,56.29254384337949,-121.64390152246679
40644,TOURMALINE,TOURMALINE  HZ TOWN B-AB024-I/094-B-09,MONTNEY,5357.0,2024-11-20 07:00:00,True,56.685645501724494,-122.04685453219064
46307,ARCRES,ARCRES  HZ INGA A01-24-084-24,MONTNEY,5307.0,2024-11-20 07:00:00,True,56.29245506187354,-121.64387726240716
46311,ARCRES,ARCRES  HZ INGA E01-24-084-24,MONTNEY,5270.0,2024-11-20 07:00:00,True,56.292810188233425,-121.64397428705048
46306,ARCRES,ARCRES  HZ INGA  01-24-084-24,MONTNEY,3458.0,2024-11-20 07:00:00,True,56.29236628042151,-121.64385300407295
46312,ARCRES,ARCRES  HZ INGA F01-24-084-24,MONTNEY,5610.0,2024-11-20 07:00:00,True,56.29295671465016,-121.6438266003479
29055,SHELL,SHELL ET AL HZ GROUNDBIRCH I07-31-080-20,MONTNEY,5154.0,2024-11-22 07:00:00,True,55.97512680768312,-121.11712781340682
29056,SHELL,SHELL ET AL HZ GROUNDBIRCH J07-31-080-20,MONTNEY,5840.0,2024-11-22 07:00:00,True,55.97509901750462,-121.11715881429659
29054,SHELL,SHELL ET AL HZ GROUNDBIRCH H07-31-080-20,MONTNEY,5147.0,2024-11-22 07:00:00,True,55.97515459763971,-121.11709683020315
29059,SHELL,SHELL ET AL HZ GROUNDBIRCH M07-31-080-20,MONTNEY,6092.0,2024-11-22 07:00:00,True,55.975015638415705,-121.11725178235143
29058,SHELL,SHELL ET AL HZ GROUNDBIRCH L07-31-080-20,MONTNEY,5746.6,2024-11-22 07:00:00,True,55.97504342923372,-121.11722079760978
29060,SHELL,SHELL ET AL HZ GROUNDBIRCH N07-31-080-20,MONTNEY,6003.0,2024-11-22 07:00:00,True,55.97498784842253,-121.11728276533711
47660,TOURMALINE,TOURMALINE  HZ DOE G16-24-080-16,MONTNEY,3565.0,2024-12-01 07:00:00,True,55.954593541323014,-120.3512499956413
47662,TOURMALINE,TOURMALINE  HZ DOE I16-24-080-16,MONTNEY,3415.0,2024-12-01 07:00:00,True,55.95459358099423,-120.35109216426085
47663,TOURMALINE,TOURMALINE  HZ DOE J16-24-080-16,MONTNEY,5166.0,2024-12-01 07:00:00,True,55.95459360029156,-120.35101325829613
47661,TOURMALINE,TOURMALINE  HZ DOE H16-24-080-16,MONTNEY,4949.0,2024-12-01 07:00:00,True,55.95459356154027,-120.35117108794917
42843,TOURMALINE,TOURMALINE  HZ MONIAS L04-17-081-21,MONTNEY,5641.0,2024-12-05 07:00:00,True,56.017019780824185,-121.25982389915126
42840,TOURMALINE,TOURMALINE  HZ MONIAS I04-17-081-21,MONTNEY,5562.0,2024-12-05 07:00:00,True,56.01714323917647,-121.25947955041856
42842,TOURMALINE,TOURMALINE  HZ MONIAS K04-17-081-21,MONTNEY,5576.0,2024-12-05 07:00:00,True,56.017060936691465,-121.25970911612127
42839,TOURMALINE,TOURMALINE  HZ MONIAS H04-17-081-21,MONTNEY,5685.0,2024-12-05 07:00:00,True,56.01718438633382,-121.25936478217886
42844,TOURMALINE,TOURMALINE  HZ MONIAS M04-17-081-21,MONTNEY,5640.0,2024-12-05 07:00:00,True,56.016978633793705,-121.25993868086645
42841,TOURMALINE,TOURMALINE  HZ MONIAS J04-17-081-21,MONTNEY,5685.0,2024-12-05 07:00:00,True,56.01710208351558,-121.25959433392731
45023,OVV,OVV  HZ SUNRISE  05-07-079-17,MONTNEY,7165.0,2024-12-10 07:00:00,True,55.8311377178469,-120.65627224390292
45024,OVV,OVV  HZ SUNRISE A05-07-079-17,MONTNEY,7015.0,2024-12-10 07:00:00,True,55.83113771530183,-120.65627224745519
45017,OVV,OVV  HZ SUNRISE B06-07-079-17,MONTNEY,6837.0,2024-12-10 07:00:00,True,55.83113868075375,-120.65539465422576
45016,OVV,OVV  HZ SUNRISE A06-07-079-17,MONTNEY,6627.0,2024-12-10 07:00:00,True,55.83113885473628,-120.65523509179145
45015,OVV,OVV  HZ SUNRISE  06-07-079-17,MONTNEY,6671.0,2024-12-10 07:00:00,True,55.83113902941078,-120.65507552923508
45025,OVV,OVV  HZ SUNRISE B05-07-079-17,MONTNEY,6949.0,2024-12-10 07:00:00,True,55.83113736507238,-120.65659136420759
45019,OVV,OVV  HZ SUNRISE D06-07-079-17,MONTNEY,6715.0,2024-12-10 07:00:00,True,55.83113832579545,-120.65571377674438
45018,OVV,OVV  HZ SUNRISE C06-07-079-17,MONTNEY,7007.0,2024-12-10 07:00:00,True,55.831138504782984,-120.65555421689994
43118,ARCRES,ARCRES  HZ INGA B10-25-084-24,MONTNEY,5530.0,2024-12-16 07:00:00,True,56.312994004136065,-121.65097946425347
43119,ARCRES,ARCRES  HZ INGA C10-25-084-24,MONTNEY,5755.0,2024-12-16 07:00:00,True,56.31305318269664,-121.6508579439859
43113,ARCRES,ARCRES  HZ INGA A11-25-084-24,MONTNEY,5413.0,2024-12-16 07:00:00,True,56.312698109734754,-121.65158706331658
43117,ARCRES,ARCRES  HZ INGA A10-25-084-24,MONTNEY,3459.0,2024-12-16 07:00:00,True,56.31293482551658,-121.65110098577021
43112,ARCRES,ARCRES  HZ INGA  11-25-084-24,MONTNEY,5650.0,2024-12-16 07:00:00,True,56.3126389304908,-121.6517085813812
43115,ARCRES,ARCRES  HZ INGA C11-25-084-24,MONTNEY,5471.0,2024-12-16 07:00:00,True,56.31281646782597,-121.65134402446954
43116,ARCRES,ARCRES  HZ INGA  10-25-084-24,MONTNEY,3579.0,2024-12-16 07:00:00,True,56.31287564672823,-121.65122250530347
43114,ARCRES,ARCRES  HZ INGA B11-25-084-24,MONTNEY,5408.0,2024-12-16 07:00:00,True,56.312757288809806,-121.65146554326849
48736,PACIFIC CANBRIAM,PACIFIC CANBRIAM  HZ ALTARES C-R007-H/094-B-08,MONTNEY,6106.0,2024-12-20 07:00:00,True,56.33914114011095,-122.08534277665305
48733,PACIFIC CANBRIAM,PACIFIC CANBRIAM  HZ ALTARES C-O007-H/094-B-08,MONTNEY,6716.0,2024-12-20 07:00:00,True,56.339295612116764,-122.08561361585876
48732,PACIFIC CANBRIAM,PACIFIC CANBRIAM  HZ ALTARES C-N007-H/094-B-08,MONTNEY,7836.0,2024-12-20 07:00:00,True,56.339347096645895,-122.085703895048
48734,PACIFIC CANBRIAM,PACIFIC CANBRIAM  HZ ALTARES C-P007-H/094-B-08,MONTNEY,6677.0,2024-12-20 07:00:00,True,56.33924411852811,-122.08552333618455
48735,PACIFIC CANBRIAM,PACIFIC CANBRIAM  HZ ALTARES C-Q007-H/094-B-08,MONTNEY,6285.0,2024-12-20 07:00:00,True,56.339192624827476,-122.08543305512987
48729,PACIFIC CANBRIAM,PACIFIC CANBRIAM  HZ ALTARES C-K007-H/094-B-08,MONTNEY,7358.0,2024-12-20 07:00:00,True,56.33950155935397,-122.0859747217293
48730,PACIFIC CANBRIAM,PACIFIC CANBRIAM  HZ ALTARES C-L007-H/094-B-08,MONTNEY,7584.0,2024-12-20 07:00:00,True,56.33945007545798,-122.08588445638982
48731,PACIFIC CANBRIAM,PACIFIC CANBRIAM  HZ ALTARES C-M007-H/094-B-08,MONTNEY,8006.0,2024-12-20 07:00:00,True,56.339398582056795,-122.08579417600313
48728,PACIFIC CANBRIAM,PACIFIC CANBRIAM  HZ ALTARES C-J007-H/094-B-08,MONTNEY,7239.0,2024-12-20 07:00:00,True,56.339553052630215,-122.08606500259093
42866,PETRONAS,PETRONAS  HZ BUBBLES NORTH D-A058-B/094-G-08,MONTNEY,4715.0,2025-01-02 07:00:00,True,57.29967147760638,-122.21572924473466
42868,PETRONAS,PETRONAS  HZ BUBBLES NORTH D-C058-B/094-G-08,MONTNEY,4526.0,2025-01-02 07:00:00,True,57.29967647339754,-122.2155636445059
42867,PETRONAS,PETRONAS  HZ BUBBLES NORTH D-B058-B/094-G-08,MONTNEY,4520.0,2025-01-02 07:00:00,True,57.29967397102727,-122.2156464442401
42869,PETRONAS,PETRONAS  HZ BUBBLES NORTH D-D058-B/094-G-08,MONTNEY,4401.0,2025-01-02 07:00:00,True,57.29967897482015,-122.21548084484967
42870,PETRONAS,PETRONAS  HZ BUBBLES NORTH D-E058-B/094-G-08,MONTNEY,4561.0,2025-01-02 07:00:00,True,57.299681468132135,-122.2153980459815
42871,PETRONAS,PETRONAS  HZ BUBBLES NORTH D-F058-B/094-G-08,MONTNEY,5185.0,2025-01-02 07:00:00,True,57.29968396986644,-122.21531522962623
42872,PETRONAS,PETRONAS  HZ BUBBLES NORTH D-G058-B/094-G-08,MONTNEY,5341.0,2025-01-02 07:00:00,True,57.2996864621785,-122.21523243082517
43447,TOURMALINE,TOURMALINE  HZ SUNDOWN J02-06-077-17,MONTNEY,5840.0,2025-01-04 07:00:00,True,55.63658401927656,-120.62088432793308
43445,TOURMALINE,TOURMALINE  HZ SUNDOWN H02-06-077-17,MONTNEY,5775.0,2025-01-04 07:00:00,True,55.636587054299255,-120.62104078804437
43448,TOURMALINE,TOURMALINE  HZ SUNDOWN K02-06-077-17,MONTNEY,6078.0,2025-01-04 07:00:00,True,55.63658250276015,-120.62080609135587
43446,TOURMALINE,TOURMALINE  HZ SUNDOWN I02-06-077-17,MONTNEY,5870.0,2025-01-04 07:00:00,True,55.63657946648415,-120.62064962981384
45913,OVV,OVV  HZ TOWER LAKE O14-02-081-18,MONTNEY,6707.0,2025-01-05 07:00:00,True,55.99824383019167,-120.70728632225195
45915,OVV,OVV  HZ TOWER LAKE Q14-02-081-18,MONTNEY,5312.0,2025-01-05 07:00:00,True,55.99824393103859,-120.70760681917142
45912,OVV,OVV  HZ TOWER LAKE N14-02-081-18,MONTNEY,4995.0,2025-01-05 07:00:00,True,55.99824377097649,-120.7071260749328
45909,OVV,OVV  HZ TOWER LAKE K14-02-081-18,MONTNEY,6631.0,2025-01-05 07:00:00,True,55.9982436081331,-120.70664532921614
45906,OVV,OVV  HZ TOWER LAKE H14-02-081-18,MONTNEY,6350.0,2025-01-05 07:00:00,True,55.99824344346884,-120.70616458350344
45907,OVV,OVV  HZ TOWER LAKE I14-02-081-18,MONTNEY,6427.0,2025-01-05 07:00:00,True,55.99824349585645,-120.70632483189995
45910,OVV,OVV  HZ TOWER LAKE L14-02-081-18,MONTNEY,6794.0,2025-01-05 07:00:00,True,55.99824365902024,-120.70680557773395
45914,OVV,OVV  HZ TOWER LAKE P14-02-081-18,MONTNEY,6465.0,2025-01-05 07:00:00,True,55.99824388116305,-120.70744657065148
14390,TOURMALINE,TOURMALINE   SEPTIMUS  09-28-081-18,NORTH PINE,1838.4,2025-01-13 07:00:00,False,56.05349118365596,-120.74678728194685
49400,PETRONAS,PETRONAS  HZ GUNDY CREEK WEST A-D012-B/094-B-16,MONTNEY,5774.0,2025-01-16 07:00:00,True,56.758337419000554,-122.1441415949724
52022,VERMILION,VERMILION  HZ MICA B08-04-082-14,MONTNEY,5311.0,2025-01-16 07:00:00,True,56.07895246145214,-120.11709622617688
49398,PETRONAS,PETRONAS  HZ GUNDY CREEK WEST A-B012-B/094-B-16,MONTNEY,5554.0,2025-01-16 07:00:00,True,56.758320229645335,-122.1443847956868
49396,PETRONAS,PETRONAS  HZ GUNDY CREEK WEST A- 012-B/094-B-16,MONTNEY,5328.0,2025-01-16 07:00:00,True,56.75830876472274,-122.1445469189481
49399,PETRONAS,PETRONAS  HZ GUNDY CREEK WEST A-C012-B/094-B-16,MONTNEY,5896.0,2025-01-16 07:00:00,True,56.758331695666854,-122.14422265579528
49890,TOURMALINE,TOURMALINE  HZ TOWN C-K002-G/094-B-16,MONTNEY,5042.0,2025-01-18 07:00:00,True,56.83914345995235,-122.14930333588033
52025,VERMILION,VERMILION  HZ MICA E08-04-082-14,MONTNEY,5525.0,2025-01-18 07:00:00,True,56.07895228476996,-120.11673490484462
49892,TOURMALINE,TOURMALINE  HZ TOWN C-M002-G/094-B-16,MONTNEY,4928.0,2025-01-18 07:00:00,True,56.839231993407374,-122.14930351029022
49888,TOURMALINE,TOURMALINE  HZ TOWN C-I002-G/094-B-16,MONTNEY,5015.0,2025-01-18 07:00:00,True,56.83905492655103,-122.14930316311032
49889,TOURMALINE,TOURMALINE  HZ TOWN C-J002-G/094-B-16,MONTNEY,5066.0,2025-01-18 07:00:00,True,56.83909919417048,-122.14930325022553
52024,VERMILION,VERMILION  HZ MICA D08-04-082-14,MONTNEY,5444.0,2025-01-18 07:00:00,True,56.078952343852436,-120.11685534689255
49893,TOURMALINE,TOURMALINE  HZ TOWN C-N002-G/094-B-16,MONTNEY,4991.0,2025-01-18 07:00:00,True,56.83927626103175,-122.1493035974062
49887,TOURMALINE,TOURMALINE  HZ TOWN C-H002-G/094-B-16,MONTNEY,5165.0,2025-01-18 07:00:00,True,56.83901066072287,-122.14930307581685
49891,TOURMALINE,TOURMALINE  HZ TOWN C-L002-G/094-B-16,MONTNEY,4939.0,2025-01-18 07:00:00,True,56.839187727623035,-122.14930342463497
47443,TOURMALINE,TOURMALINE  HZ SUNRISE F01-12-080-18,MONTNEY,5030.0,2025-01-21 07:00:00,True,55.91490379129806,-120.66683839981344
47444,TOURMALINE,TOURMALINE  HZ SUNRISE G01-12-080-18,MONTNEY,5143.0,2025-01-21 07:00:00,True,55.91494009079439,-120.66679326402445
47446,TOURMALINE,TOURMALINE  HZ SUNRISE I01-12-080-18,MONTNEY,5998.0,2025-01-21 07:00:00,True,55.91501269159432,-120.66670299355522
47445,TOURMALINE,TOURMALINE  HZ SUNRISE H01-12-080-18,MONTNEY,5515.0,2025-01-21 07:00:00,True,55.914976391235925,-120.66674812963052
22619,AQT,AQT   BOUDREAU  16-15-084-21,CADOMIN-NIKANASSIN,2143.0,2025-01-28 07:00:00,False,56.28956244491228,-121.21840436414813
47460,SHELL,SHELL  HZ GROUNDBIRCH T09-01-081-21,MONTNEY,4911.0,2025-01-31 07:00:00,True,55.9953725379331,-121.13477095753721
47459,SHELL,SHELL  HZ GROUNDBIRCH S09-01-081-21,MONTNEY,5115.0,2025-01-31 07:00:00,True,55.99540520130969,-121.13477585988242
47455,SHELL,SHELL  HZ GROUNDBIRCH O09-01-081-21,MONTNEY,5272.0,2025-01-31 07:00:00,True,55.995535853275896,-121.13479547597532
47453,SHELL,SHELL  HZ GROUNDBIRCH M09-01-081-21,MONTNEY,5516.0,2025-01-31 07:00:00,True,55.99560117925997,-121.13480528407047
47458,SHELL,SHELL  HZ GROUNDBIRCH R09-01-081-21,MONTNEY,5022.0,2025-01-31 07:00:00,True,55.99543786391559,-121.13478076555121
47457,SHELL,SHELL  HZ GROUNDBIRCH Q09-01-081-21,MONTNEY,5038.0,2025-01-31 07:00:00,True,55.995470527292476,-121.13478566791265
47454,SHELL,SHELL  HZ GROUNDBIRCH N09-01-081-21,MONTNEY,5451.0,2025-01-31 07:00:00,True,55.99556851582089,-121.13480038007398
47456,SHELL,SHELL  HZ GROUNDBIRCH P09-01-081-21,MONTNEY,5087.0,2025-01-31 07:00:00,True,55.995503189837166,-121.13479057199508
50904,TOURMALINE,TOURMALINE  HZ NIG CREEK C-C100-C/094-H-04,MONTNEY,6109.0,2025-02-02 07:00:00,True,57.08148835590983,-121.87032642021089
50902,TOURMALINE,TOURMALINE  HZ NIG CREEK C-A100-C/094-H-04,MONTNEY,6100.0,2025-02-02 07:00:00,True,57.08155167402065,-121.87044004322507
50901,TOURMALINE,TOURMALINE  HZ NIG CREEK C- 100-C/094-H-04,MONTNEY,6163.0,2025-02-02 07:00:00,True,57.08158333259251,-121.87049685492073
50903,TOURMALINE,TOURMALINE  HZ NIG CREEK C-B100-C/094-H-04,MONTNEY,6054.0,2025-02-02 07:00:00,True,57.08152001452976,-121.87038323171934
52027,VERMILION,VERMILION  HZ MICA G08-04-082-14,MONTNEY,5900.0,2025-02-06 07:00:00,True,56.07895216730449,-120.11649402382463
52026,VERMILION,VERMILION  HZ MICA F08-04-082-14,MONTNEY,5660.0,2025-02-06 07:00:00,True,56.07895222654072,-120.11661446426763
52023,VERMILION,VERMILION  HZ MICA C08-04-082-14,MONTNEY,6167.0,2025-02-06 07:00:00,True,56.0789524027465,-120.11697578733667
44429,CNRL,CNRL  HZ SEPTIMUS H16-05-081-18,MONTNEY,4545.0,2025-02-17 07:00:00,True,55.998655639021315,-120.77191612608664
44430,CNRL,CNRL  HZ SEPTIMUS I16-05-081-18,MONTNEY,4342.0,2025-02-17 07:00:00,True,55.99859247399031,-120.77195783475095
44436,CNRL,CNRL  HZ SEPTIMUS O16-05-081-18,MONTNEY,6555.0,2025-02-17 07:00:00,True,55.99884347693006,-120.77247554446063
44426,CNRL,CNRL  HZ SEPTIMUS E16-05-081-18,MONTNEY,5102.0,2025-02-17 07:00:00,True,55.99884512520456,-120.7717909811342
44427,CNRL,CNRL  HZ SEPTIMUS F16-05-081-18,MONTNEY,4879.0,2025-02-17 07:00:00,True,55.99878196021074,-120.7718326901989
51207,CNRL,CNRL  HZ SEPTIMUS P16-05-081-18,MONTNEY,6689.0,2025-02-17 07:00:00,True,55.99878031171133,-120.7725172524284
51208,CNRL,CNRL  HZ SEPTIMUS Q16-05-081-18,MONTNEY,6966.0,2025-02-17 07:00:00,True,55.99871714720737,-120.77255897788622
44428,CNRL,CNRL  HZ SEPTIMUS G16-05-081-18,MONTNEY,4631.0,2025-02-17 07:00:00,True,55.998718795038215,-120.77187441687212
50027,MURPHY,MURPHY  HZ SUNDOWN Q14-01-078-17,MONTNEY,5768.0,2025-02-18 07:00:00,True,55.7369468874501,-120.49815163041532
44768,ARCRES,ARCRES  HZ PARKLAND G16-10-081-16,MONTNEY,4933.0,2025-02-18 07:00:00,True,56.01126325696357,-120.40846572045953
50026,MURPHY,MURPHY  HZ SUNDOWN P14-01-078-17,MONTNEY,5489.0,2025-02-18 07:00:00,True,55.736991792264796,-120.49815157536631
50031,MURPHY,MURPHY  HZ SUNDOWN O14-01-078-17,MONTNEY,5361.0,2025-02-18 07:00:00,True,55.73703668884327,-120.49815153746748
44773,ARCRES,ARCRES  HZ PARKLAND D16-10-081-16,MONTNEY,4809.0,2025-02-18 07:00:00,True,56.010977229421144,-120.40768265170169
44774,ARCRES,ARCRES  HZ PARKLAND E16-10-081-16,MONTNEY,4832.0,2025-02-18 07:00:00,True,56.010887471981675,-120.40768866503288
50029,MURPHY,MURPHY  HZ SUNDOWN S14-01-078-17,MONTNEY,6650.0,2025-02-18 07:00:00,True,55.736857076163794,-120.49815172313468
44772,ARCRES,ARCRES  HZ PARKLAND C16-10-081-16,MONTNEY,4857.0,2025-02-18 07:00:00,True,56.0110669867923,-120.40767663674119
44769,ARCRES,ARCRES  HZ PARKLAND  16-10-081-16,MONTNEY,5238.0,2025-02-18 07:00:00,True,56.011336258920174,-120.40765859169545
44775,ARCRES,ARCRES  HZ PARKLAND F16-10-081-16,MONTNEY,4909.0,2025-02-18 07:00:00,True,56.0107977146153,-120.40769467993869
50028,MURPHY,MURPHY  HZ SUNDOWN R14-01-078-17,MONTNEY,6187.0,2025-02-18 07:00:00,True,55.7369019816731,-120.49815168399698
44770,ARCRES,ARCRES  HZ PARKLAND A16-10-081-16,MONTNEY,4950.0,2025-02-18 07:00:00,True,56.011246501541805,-120.40766460673804
44771,ARCRES,ARCRES  HZ PARKLAND B16-10-081-16,MONTNEY,4779.0,2025-02-18 07:00:00,True,56.01115674416585,-120.40767062175327
40248,TOURMALINE,TOURMALINE  HZ DOE  05-33-079-15,MONTNEY,5239.0,2025-02-20 07:00:00,True,55.88908419229684,-120.29564246229094
50993,TOURMALINE,TOURMALINE  HZ NIG CREEK D-B019-F/094-H-04,MONTNEY,5304.0,2025-02-22 07:00:00,True,57.09723967980609,-121.85718428304014
50992,TOURMALINE,TOURMALINE  HZ NIG CREEK D-A019-F/094-H-04,MONTNEY,1915.3,2025-02-22 07:00:00,True,57.09725152000778,-121.85710591651498
50994,TOURMALINE,TOURMALINE  HZ NIG CREEK D-C019-F/094-H-04,MONTNEY,5438.0,2025-02-22 07:00:00,True,57.09722783860999,-121.85726264796394
50995,TOURMALINE,TOURMALINE  HZ NIG CREEK D-D019-F/094-H-04,MONTNEY,3012.0,2025-02-22 07:00:00,True,57.097215997419354,-121.85734101448908
40251,TOURMALINE,TOURMALINE  HZ DOE C05-33-079-15,MONTNEY,5285.0,2025-02-26 07:00:00,True,55.88895137647581,-120.2956425874861
40250,TOURMALINE,TOURMALINE  HZ DOE B05-33-079-15,MONTNEY,5157.0,2025-02-26 07:00:00,True,55.888995645712356,-120.29564254560903
40252,TOURMALINE,TOURMALINE  HZ DOE D05-33-079-15,MONTNEY,5345.0,2025-02-26 07:00:00,True,55.88890710723989,-120.29564262936306
40249,TOURMALINE,TOURMALINE  HZ DOE A05-33-079-15,MONTNEY,5242.0,2025-02-26 07:00:00,True,55.889039923952225,-120.29564250403924
40538,TOURMALINE,TOURMALINE  HZ TOWN A-Q008-A/094-B-16,MONTNEY,3759.0,2025-03-05 07:00:00,True,56.753586472639135,-122.09035752468051
40537,TOURMALINE,TOURMALINE  HZ TOWN A-P008-A/094-B-16,MONTNEY,4052.0,2025-03-05 07:00:00,True,56.75328615311696,-122.0905784368112
40540,TOURMALINE,TOURMALINE  HZ TOWN A-S008-A/094-B-16,MONTNEY,3459.0,2025-03-05 07:00:00,True,56.753544893588476,-122.09049982353179
48805,COP,COP  HZ BLUEBERRY B-E025-K/094-A-12,MONTNEY,5492.0,2025-03-05 07:00:00,True,56.68585410898539,-121.81025628151245
48803,COP,COP  HZ BLUEBERRY B-C025-K/094-A-12,MONTNEY,5620.0,2025-03-05 07:00:00,True,56.68585722675415,-121.81058269499466
48811,COP,COP  HZ BLUEBERRY B-K025-K/094-A-12,MONTNEY,5741.0,2025-03-05 07:00:00,True,56.68584475257114,-121.80927704281915
40536,TOURMALINE,TOURMALINE  HZ TOWN A-O008-A/094-B-16,MONTNEY,4332.0,2025-03-05 07:00:00,True,56.75330695473189,-122.0905072998484
48808,COP,COP  HZ BLUEBERRY B-H025-K/094-A-12,MONTNEY,5587.0,2025-03-05 07:00:00,True,56.68584943173296,-121.80976666292283
40542,TOURMALINE,TOURMALINE  HZ TOWN A-U008-A/094-B-16,MONTNEY,3763.0,2025-03-05 07:00:00,True,56.75318218398111,-122.09093415093405
40541,TOURMALINE,TOURMALINE  HZ TOWN A-T008-A/094-B-16,MONTNEY,3423.0,2025-03-05 07:00:00,True,56.753202976840875,-122.09086301525709
48807,COP,COP  HZ BLUEBERRY B-G025-K/094-A-12,MONTNEY,5268.0,2025-03-05 07:00:00,True,56.685852818651995,-121.80981851904454
40539,TOURMALINE,TOURMALINE  HZ TOWN A-R008-A/094-B-16,MONTNEY,3527.0,2025-03-05 07:00:00,True,56.75324456910866,-122.09072072659775
48806,COP,COP  HZ BLUEBERRY B-F025-K/094-A-12,MONTNEY,5402.0,2025-03-05 07:00:00,True,56.68585254984459,-121.81009307642307
48809,COP,COP  HZ BLUEBERRY B-I025-K/094-A-12,MONTNEY,5465.0,2025-03-05 07:00:00,True,56.685847871920394,-121.80960345624074
48802,COP,COP  HZ BLUEBERRY B-B025-K/094-A-12,MONTNEY,5889.0,2025-03-05 07:00:00,True,56.685858784434444,-121.81074590185216
48804,COP,COP  HZ BLUEBERRY B-D025-K/094-A-12,MONTNEY,5759.0,2025-03-05 07:00:00,True,56.685854577098276,-121.8103052446352
27316,OVV,OVV  HZ SUNRISE B01-25-079-18,MONTNEY,7247.0,2025-03-17 07:00:00,True,55.872146546391605,-120.66819520002294
45146,OVV,OVV  HZ SUNRISE I01-25-079-18,MONTNEY,5107.0,2025-03-17 07:00:00,True,55.87111379028906,-120.66819723051937
45140,OVV,OVV  HZ SUNRISE C01-25-079-18,MONTNEY,7390.0,2025-03-17 07:00:00,True,55.872056742731594,-120.66819537335388
45141,OVV,OVV  HZ SUNRISE D01-25-079-18,MONTNEY,7340.0,2025-03-17 07:00:00,True,55.8719669390065,-120.66819554508719
45142,OVV,OVV  HZ SUNRISE E01-25-079-18,MONTNEY,7208.0,2025-03-17 07:00:00,True,55.87187713535114,-120.66819571841656
45145,OVV,OVV  HZ SUNRISE H01-25-079-18,MONTNEY,5074.0,2025-03-17 07:00:00,True,55.87129340245161,-120.66819687197277
45143,OVV,OVV  HZ SUNRISE F01-25-079-18,MONTNEY,5309.0,2025-03-17 07:00:00,True,55.871473009802145,-120.66819652692043
45144,OVV,OVV  HZ SUNRISE G01-25-079-18,MONTNEY,5217.0,2025-03-17 07:00:00,True,55.87138320615943,-120.66819670024539
49830,ARCRES,ARCRES  HZ INGA  07-01-085-24,MONTNEY,5009.0,2025-03-19 07:00:00,True,56.33807223335055,-121.64560476672666
49838,ARCRES,ARCRES  HZ INGA H07-01-085-24,MONTNEY,4873.0,2025-03-19 07:00:00,True,56.33834227054474,-121.64641296067903
49832,ARCRES,ARCRES  HZ INGA B07-01-085-24,MONTNEY,5093.0,2025-03-19 07:00:00,True,56.33825184774484,-121.64560438844602
49833,ARCRES,ARCRES  HZ INGA C07-01-085-24,MONTNEY,5360.0,2025-03-19 07:00:00,True,56.338341701191496,-121.64560427857737
49831,ARCRES,ARCRES  HZ INGA A07-01-085-24,MONTNEY,4920.0,2025-03-19 07:00:00,True,56.33816208678995,-121.64560465685936
49836,ARCRES,ARCRES  HZ INGA F07-01-085-24,MONTNEY,4336.0,2025-03-19 07:00:00,True,56.338162566422824,-121.64641333712308
49835,ARCRES,ARCRES  HZ INGA E07-01-085-24,MONTNEY,4561.0,2025-03-19 07:00:00,True,56.33807271387714,-121.6464134450347
49837,ARCRES,ARCRES  HZ INGA G07-01-085-24,MONTNEY,4557.0,2025-03-19 07:00:00,True,56.33825241799182,-121.646413068592
49834,ARCRES,ARCRES  HZ INGA D07-01-085-24,MONTNEY,5598.0,2025-03-19 07:00:00,True,56.338431551871544,-121.64560400828775
46672,PETRONAS,PETRONAS  HZ GUNDY CREEK A-M037-H/094-B-16,MONTNEY,5060.0,2025-03-21 07:00:00,True,56.85854764029629,-122.07903012646277
46671,PETRONAS,PETRONAS  HZ GUNDY CREEK A-L037-H/094-B-16,MONTNEY,4923.0,2025-03-21 07:00:00,True,56.858795215306245,-122.08071291074407
46669,PETRONAS,PETRONAS  HZ GUNDY CREEK A-J037-H/094-B-16,MONTNEY,5851.0,2025-03-21 07:00:00,True,56.85872488649783,-122.07897747221332
46670,PETRONAS,PETRONAS  HZ GUNDY CREEK A-K037-H/094-B-16,MONTNEY,7240.0,2025-03-21 07:00:00,True,56.858636263596615,-122.0790037911542
46668,PETRONAS,PETRONAS  HZ GUNDY CREEK A-I037-H/094-B-16,MONTNEY,4737.0,2025-03-21 07:00:00,True,56.85876919834707,-122.07896429620907
49298,PACIFIC CANBRIAM,PACIFIC CANBRIAM  HZ ALTARES L07-01-085-26,MONTNEY,5813.0,2025-03-22 07:00:00,True,56.3372311772443,-121.96532011581533
49292,PACIFIC CANBRIAM,PACIFIC CANBRIAM  HZ ALTARES N07-01-085-26,MONTNEY,5724.0,2025-03-22 07:00:00,True,56.33781786819563,-121.96469246744192
49293,PACIFIC CANBRIAM,PACIFIC CANBRIAM  HZ ALTARES O07-01-085-26,MONTNEY,5757.0,2025-03-22 07:00:00,True,56.33787956162962,-121.9646260901001
49296,PACIFIC CANBRIAM,PACIFIC CANBRIAM  HZ ALTARES R07-01-085-26,MONTNEY,5748.0,2025-03-22 07:00:00,True,56.338194723354746,-121.96428347868596
49291,PACIFIC CANBRIAM,PACIFIC CANBRIAM  HZ ALTARES M07-01-085-26,MONTNEY,5893.0,2025-03-22 07:00:00,True,56.337756183624506,-121.96475884203359
49294,PACIFIC CANBRIAM,PACIFIC CANBRIAM  HZ ALTARES P07-01-085-26,MONTNEY,5789.0,2025-03-22 07:00:00,True,56.337941255081965,-121.96455971416684
49297,PACIFIC CANBRIAM,PACIFIC CANBRIAM  HZ ALTARES S07-01-085-26,MONTNEY,6040.0,2025-03-22 07:00:00,True,56.338126335626804,-121.96436056884144
49295,PACIFIC CANBRIAM,PACIFIC CANBRIAM  HZ ALTARES Q07-01-085-26,MONTNEY,5710.0,2025-03-22 07:00:00,True,56.33800294939626,-121.96449333793208
41836,MURPHY,MURPHY  HZ SUNDOWN O03-13-078-18,MONTNEY,5180.0,2025-03-28 07:00:00,True,55.753782335411564,-120.65429202591271
41837,MURPHY,MURPHY  HZ SUNDOWN P03-13-078-18,MONTNEY,6828.0,2025-03-28 07:00:00,True,55.75378231865165,-120.65437165119685
41834,MURPHY,MURPHY  HZ SUNDOWN M03-13-078-18,MONTNEY,6871.0,2025-03-28 07:00:00,True,55.75378236856313,-120.65413279138517
41833,MURPHY,MURPHY  HZ SUNDOWN L03-13-078-18,MONTNEY,5934.0,2025-03-28 07:00:00,True,55.75378238421132,-120.65405316462919
41835,MURPHY,MURPHY  HZ SUNDOWN N03-13-078-18,MONTNEY,6414.0,2025-03-28 07:00:00,True,55.75378235122781,-120.6542124007489
45031,PETRONAS,PETRONAS  HZ TOWN D- 004-C/094-G-01,MONTNEY,4430.0,2025-04-07 07:00:00,True,57.004511268396605,-122.29191305757433
45034,PETRONAS,PETRONAS  HZ TOWN D-C004-C/094-G-01,MONTNEY,4018.0,2025-04-07 07:00:00,True,57.00445760406329,-122.29213943476763
45032,PETRONAS,PETRONAS  HZ TOWN D-A004-C/094-G-01,MONTNEY,4300.0,2025-04-07 07:00:00,True,57.00449337718731,-122.29198852196406
45036,PETRONAS,PETRONAS  HZ TOWN D-E004-C/094-G-01,MONTNEY,3725.0,2025-04-07 07:00:00,True,57.004403948337504,-122.29236581211302
45033,PETRONAS,PETRONAS  HZ TOWN D-B004-C/094-G-01,MONTNEY,4131.0,2025-04-07 07:00:00,True,57.004475495359614,-122.29206397051816
45035,PETRONAS,PETRONAS  HZ TOWN D-D004-C/094-G-01,MONTNEY,3874.0,2025-04-07 07:00:00,True,57.00442183933846,-122.2922903646226
41989,SHELL,SHELL  HZ GROUNDBIRCH B01-23-080-19,MONTNEY,5304.0,2025-04-11 07:00:00,True,55.94319978568029,-120.84652042436683
41988,SHELL,SHELL  HZ GROUNDBIRCH A01-23-080-19,MONTNEY,4965.0,2025-04-11 07:00:00,True,55.94322909832088,-120.84644924498063
41991,SHELL,SHELL  HZ GROUNDBIRCH D01-23-080-19,MONTNEY,6039.0,2025-04-11 07:00:00,True,55.943543502736226,-120.84654373375898
41993,SHELL,SHELL  HZ GROUNDBIRCH F01-23-080-19,MONTNEY,6660.0,2025-04-11 07:00:00,True,55.94307913855165,-120.84661188723035
41987,SHELL,SHELL  HZ GROUNDBIRCH  01-23-080-19,MONTNEY,4596.0,2025-04-11 07:00:00,True,55.94326010910061,-120.84647470078411
41990,SHELL,SHELL  HZ GROUNDBIRCH C01-23-080-19,MONTNEY,5723.0,2025-04-11 07:00:00,True,55.943169619016935,-120.84654328594758
41992,SHELL,SHELL  HZ GROUNDBIRCH E01-23-080-19,MONTNEY,6480.0,2025-04-11 07:00:00,True,55.94310929533164,-120.84658902543774
44164,ARCRES,ARCRES  HZ SUNRISE S08-33-078-18,MONTNEY,5490.0,2025-04-12 07:00:00,True,55.800266058504754,-120.71744608198121
44162,ARCRES,ARCRES  HZ SUNRISE Q08-33-078-18,MONTNEY,5268.0,2025-04-12 07:00:00,True,55.800265966001696,-120.71776494450984
44160,ARCRES,ARCRES  HZ SUNRISE O08-33-078-18,MONTNEY,5195.0,2025-04-12 07:00:00,True,55.800265873361454,-120.71808382297728
44159,ARCRES,ARCRES  HZ SUNRISE N08-33-078-18,MONTNEY,5261.0,2025-04-12 07:00:00,True,55.80026582153755,-120.71824324527185
44161,ARCRES,ARCRES  HZ SUNRISE P08-33-078-18,MONTNEY,5350.0,2025-04-12 07:00:00,True,55.80026591531495,-120.71792438433955
44163,ARCRES,ARCRES  HZ SUNRISE R08-33-078-18,MONTNEY,5465.0,2025-04-12 07:00:00,True,55.80026600755259,-120.71760550587139
49181,OVV,OVV  HZ TOWER LAKE F02-04-081-17,MONTNEY,6725.0,2025-04-13 07:00:00,True,55.98634578929604,-120.5935972404839
49176,OVV,OVV  HZ TOWER LAKE A02-04-081-17,MONTNEY,6502.0,2025-04-13 07:00:00,True,55.98634594219941,-120.59239575703849
49182,OVV,OVV  HZ TOWER LAKE G02-04-081-17,MONTNEY,6600.0,2025-04-13 07:00:00,True,55.986345771390475,-120.59375743234129
49175,OVV,OVV  HZ TOWER LAKE  02-04-081-17,MONTNEY,6737.0,2025-04-13 07:00:00,True,55.98634595763375,-120.59223554756527
49180,OVV,OVV  HZ TOWER LAKE E02-04-081-17,MONTNEY,6637.0,2025-04-13 07:00:00,True,55.986345806037605,-120.5934370471476
49177,OVV,OVV  HZ TOWER LAKE B02-04-081-17,MONTNEY,6569.0,2025-04-13 07:00:00,True,55.986345925810696,-120.59255594889699
49179,OVV,OVV  HZ TOWER LAKE D02-04-081-17,MONTNEY,6600.0,2025-04-13 07:00:00,True,55.98634588417635,-120.59287634985239
49178,OVV,OVV  HZ TOWER LAKE C02-04-081-17,MONTNEY,6477.0,2025-04-13 07:00:00,True,55.986345900285855,-120.5927161419809
51621,CNRL,CNRL  HZ NIG CREEK C-H060-G/094-H-04,MONTNEY,5717.0,2025-04-19 07:00:00,True,57.133180733479264,-121.74829368915864
51623,CNRL,CNRL  HZ NIG CREEK C-J060-G/094-H-04,MONTNEY,5463.0,2025-04-19 07:00:00,True,57.13319357904331,-121.74854024618875
51625,CNRL,CNRL  HZ NIG CREEK C-L060-G/094-H-04,MONTNEY,5903.0,2025-04-19 07:00:00,True,57.13320641549581,-121.74878678611583
51624,CNRL,CNRL  HZ NIG CREEK C-K060-G/094-H-04,MONTNEY,5648.0,2025-04-19 07:00:00,True,57.13319999282618,-121.7486635158025
51622,CNRL,CNRL  HZ NIG CREEK C-I060-G/094-H-04,MONTNEY,6046.0,2025-04-19 07:00:00,True,57.13318715649787,-121.74841695934822
44396,ARCRES,ARCRES   ATTACHIE A06-29-084-22,BASAL KISKATINAW,2256.0,2025-04-25 07:00:00,False,56.310788942341105,-121.44221832484509
42709,CNRL,CNRL  HZ FIREWEED B-D016-J/094-A-13,MONTNEY,6832.0,2025-04-29 07:00:00,True,56.92567558535652,-121.6982460364682
42708,CNRL,CNRL  HZ FIREWEED B-C016-J/094-A-13,MONTNEY,6754.0,2025-04-29 07:00:00,True,56.92570125049011,-121.69814738063926
32287,OVV,OVV  HZ SWAN LAKE I12-05-077-14,MONTNEY,7740.0,2025-05-01 07:00:00,True,55.644883218024574,-120.14214416699227
32290,OVV,OVV  HZ SWAN LAKE L12-05-077-14,MONTNEY,7597.0,2025-05-01 07:00:00,True,55.64487267096153,-120.14166812937842
32288,OVV,OVV  HZ SWAN LAKE J12-05-077-14,MONTNEY,6539.0,2025-05-01 07:00:00,True,55.64487969904108,-120.14198548348183
46003,ARCRES,ARCRES  HZ DOE C08-32-079-15,MONTNEY,5586.0,2025-05-05 07:00:00,True,55.88977128853094,-120.29855272049123
46005,ARCRES,ARCRES  HZ DOE E08-32-079-15,MONTNEY,4600.0,2025-05-05 07:00:00,True,55.88959165171636,-120.29855375554627
46004,ARCRES,ARCRES  HZ DOE D08-32-079-15,MONTNEY,4763.0,2025-05-05 07:00:00,True,55.88956306303746,-120.29855708913493
46006,ARCRES,ARCRES  HZ DOE F08-32-079-15,MONTNEY,4096.0,2025-05-05 07:00:00,True,55.88950182884726,-120.29855427371467
46001,ARCRES,ARCRES  HZ DOE A08-32-079-15,MONTNEY,5366.0,2025-05-05 07:00:00,True,55.88995092511056,-120.29855169992784
46002,ARCRES,ARCRES  HZ DOE B08-32-079-15,MONTNEY,6350.0,2025-05-05 07:00:00,True,55.889861102232054,-120.29855221810564
46007,ARCRES,ARCRES  HZ DOE G08-32-079-15,MONTNEY,3930.0,2025-05-05 07:00:00,True,55.88941201508346,-120.29855477449415
46000,ARCRES,ARCRES  HZ DOE  08-32-079-15,MONTNEY,5900.0,2025-05-05 07:00:00,True,55.889922280160775,-120.29855683381791
46009,ARCRES,ARCRES  HZ DOE I08-32-079-15,MONTNEY,5758.0,2025-05-05 07:00:00,True,55.88911404288168,-120.2985574048876
46008,ARCRES,ARCRES  HZ DOE H08-32-079-15,MONTNEY,6775.0,2025-05-05 07:00:00,True,55.88932219221906,-120.29855529265794
53604,YOHO,YOHO  HZ BERNADET C14-22-087-24,MONTNEY,5485.0,2025-05-09 07:00:00,True,56.56349333670478,-121.73878176037047
53603,YOHO,YOHO  HZ BERNADET B14-22-087-24,MONTNEY,5370.0,2025-05-09 07:00:00,True,56.563447144988714,-121.73948686859784
32289,OVV,OVV  HZ SWAN LAKE K12-05-077-14,MONTNEY,7483.0,2025-05-12 07:00:00,True,55.64487618052392,-120.14182681428055
49366,VERMILION,VERMILION  HZ MICA E09-21-081-14,MONTNEY,6334.0,2025-05-18 07:00:00,True,56.03874861399686,-120.11644278459268
49369,VERMILION,VERMILION  HZ MICA H09-21-081-14,MONTNEY,6060.0,2025-05-18 07:00:00,True,56.03894973300437,-120.11640799188727
49368,VERMILION,VERMILION  HZ MICA G09-21-081-14,MONTNEY,6097.0,2025-05-18 07:00:00,True,56.03888269313647,-120.1164195787667
49367,VERMILION,VERMILION  HZ MICA F09-21-081-14,MONTNEY,6251.0,2025-05-18 07:00:00,True,56.03881565401288,-120.11643118163263
39958,TOURMALINE,TOURMALINE  HZ BEG D-I066-I/094-B-16,MONTNEY,5160.0,2025-05-20 07:00:00,True,56.97285998964715,-122.06886140179185
39951,TOURMALINE,TOURMALINE  HZ BEG D-E066-I/094-B-16,MONTNEY,4641.0,2025-05-20 07:00:00,True,56.97296907742782,-122.06860608385595
39950,TOURMALINE,TOURMALINE  HZ BEG D-D066-I/094-B-16,MONTNEY,4417.0,2025-05-20 07:00:00,True,56.97299634508157,-122.06854224839023
39960,TOURMALINE,TOURMALINE  HZ BEG D-K066-I/094-B-16,MONTNEY,5545.0,2025-05-20 07:00:00,True,56.97280544490076,-122.06898906770972
39959,TOURMALINE,TOURMALINE  HZ BEG D-J066-I/094-B-16,MONTNEY,5722.0,2025-05-20 07:00:00,True,56.97283271278921,-122.06892523443078
39952,TOURMALINE,TOURMALINE  HZ BEG D-F066-I/094-B-16,MONTNEY,4805.0,2025-05-20 07:00:00,True,56.97294180069313,-122.06866991685638
39957,TOURMALINE,TOURMALINE  HZ BEG D-H066-I/094-B-16,MONTNEY,4795.0,2025-05-20 07:00:00,True,56.972887256578886,-122.06879756842358
39956,TOURMALINE,TOURMALINE  HZ BEG D-G066-I/094-B-16,MONTNEY,4992.0,2025-05-20 07:00:00,True,56.97291453382304,-122.06873375040539
39949,TOURMALINE,TOURMALINE  HZ BEG D-C066-I/094-B-16,MONTNEY,4627.0,2025-05-20 07:00:00,True,56.973023621357136,-122.06847843174658
47995,TOURMALINE,TOURMALINE  HZ NIG CREEK D-C024-F/094-H-04,MONTNEY,5500.0,2025-05-22 07:00:00,True,57.10486056200897,-121.78940916113217
48000,TOURMALINE,TOURMALINE  HZ NIG CREEK D-H024-F/094-H-04,MONTNEY,4035.0,2025-05-22 07:00:00,True,57.105005243801585,-121.78910139369093
47993,TOURMALINE,TOURMALINE  HZ NIG CREEK D-A024-F/094-H-04,MONTNEY,5743.0,2025-05-22 07:00:00,True,57.104802688858534,-121.78953226019982
47997,TOURMALINE,TOURMALINE  HZ NIG CREEK D-E024-F/094-H-04,MONTNEY,4139.0,2025-05-22 07:00:00,True,57.10491843451285,-121.78928604519461
47994,TOURMALINE,TOURMALINE  HZ NIG CREEK D-B024-F/094-H-04,MONTNEY,5266.0,2025-05-22 07:00:00,True,57.10483162544798,-121.7894707107124
47999,TOURMALINE,TOURMALINE  HZ NIG CREEK D-G024-F/094-H-04,MONTNEY,4130.0,2025-05-22 07:00:00,True,57.104976307382664,-121.78916294373492
47998,TOURMALINE,TOURMALINE  HZ NIG CREEK D-F024-F/094-H-04,MONTNEY,4371.0,2025-05-22 07:00:00,True,57.10494737093531,-121.78922449368625
47996,TOURMALINE,TOURMALINE  HZ NIG CREEK D-D024-F/094-H-04,MONTNEY,4806.0,2025-05-22 07:00:00,True,57.104891919693706,-121.78934246289134
48001,TOURMALINE,TOURMALINE  HZ NIG CREEK D-I024-F/094-H-04,MONTNEY,4230.0,2025-05-22 07:00:00,True,57.10503419008966,-121.78903984412318
44647,OVV,OVV  HZ SUNRISE J05-26-078-17,MONTNEY,6522.0,2025-05-30 07:00:00,True,55.78775219883484,-120.53153081929685
44646,OVV,OVV  HZ SUNRISE I05-26-078-17,MONTNEY,6178.0,2025-05-30 07:00:00,True,55.787752218186334,-120.53169019446811
44645,OVV,OVV  HZ SUNRISE H05-26-078-17,MONTNEY,6423.0,2025-05-30 07:00:00,True,55.7877522470299,-120.53184958593175
44643,OVV,OVV  HZ SUNRISE F05-26-078-17,MONTNEY,6351.0,2025-05-30 07:00:00,True,55.78775228548746,-120.53216835380043
44644,OVV,OVV  HZ SUNRISE G05-26-078-17,MONTNEY,6295.0,2025-05-30 07:00:00,True,55.78775226604819,-120.53200896269655
50942,PETRONAS,PETRONAS  HZ TOWN C-B076-E/094-A-13,MONTNEY,7008.0,2025-06-05 07:00:00,True,56.89646964574623,-121.95139563041677
50940,PETRONAS,PETRONAS  HZ TOWN C- 076-E/094-A-13,MONTNEY,5003.0,2025-06-05 07:00:00,True,56.89637668172537,-121.95121740034466
50943,PETRONAS,PETRONAS  HZ TOWN C-C076-E/094-A-13,MONTNEY,7112.0,2025-06-05 07:00:00,True,56.89650063713518,-121.95145504521064
50941,PETRONAS,PETRONAS  HZ TOWN C-A076-E/094-A-13,MONTNEY,6507.0,2025-06-05 07:00:00,True,56.8964076633498,-121.95127681588596
50930,PETRONAS,PETRONAS  HZ TOWN D- 077-E/094-A-13,MONTNEY,7414.0,2025-06-05 07:00:00,True,56.896531627602585,-121.95151446019385
49728,COP,COP  HZ INGA NORTH D08-29-088-24,MONTNEY,5687.0,2025-06-16 07:00:00,True,56.65811021367057,-121.77833054060193
49740,COP,COP  HZ INGA NORTH L08-29-088-24,MONTNEY,5492.0,2025-06-16 07:00:00,True,56.6577061538421,-121.7783316586382
49727,COP,COP  HZ INGA NORTH C08-29-088-24,MONTNEY,5875.0,2025-06-16 07:00:00,True,56.658110350354065,-121.7784935742173
49736,COP,COP  HZ INGA NORTH H08-29-088-24,MONTNEY,5514.0,2025-06-16 07:00:00,True,56.65770669928104,-121.77898378469058
49738,COP,COP  HZ INGA NORTH J08-29-088-24,MONTNEY,5503.0,2025-06-16 07:00:00,True,56.65770642694682,-121.77865772084665
49732,COP,COP  HZ INGA NORTH  05-28-088-24,MONTNEY,5961.0,2025-06-16 07:00:00,True,56.65810966577155,-121.77767840605456
49729,COP,COP  HZ INGA NORTH E08-29-088-24,MONTNEY,5996.0,2025-06-16 07:00:00,True,56.65811007678111,-121.77816750698773
49731,COP,COP  HZ INGA NORTH G08-29-088-24,MONTNEY,6081.0,2025-06-16 07:00:00,True,56.658109803278926,-121.77784143966532
49730,COP,COP  HZ INGA NORTH F08-29-088-24,MONTNEY,5909.0,2025-06-16 07:00:00,True,56.65810993968564,-121.7780044733746
49741,COP,COP  HZ INGA NORTH M08-29-088-24,MONTNEY,5687.0,2025-06-16 07:00:00,True,56.6577060169541,-121.77816862672022
43043,ARCRES,ARCRES  HZ INGA C10-36-084-24,MONTNEY,4534.0,2025-06-21 07:00:00,True,56.32830877350534,-121.65124294063565
52174,TOURMALINE,TOURMALINE  HZ SUNRISE L12-13-080-16,MONTNEY,3762.0,2025-06-21 07:00:00,True,55.936388740900476,-120.37268231148722
52168,TOURMALINE,TOURMALINE  HZ SUNRISE F12-13-080-16,MONTNEY,6172.0,2025-06-21 07:00:00,True,55.93612310762273,-120.37268217309318
43045,ARCRES,ARCRES  HZ INGA G11-36-084-24,MONTNEY,4622.0,2025-06-21 07:00:00,True,56.3281293065936,-121.65125520473242
43041,ARCRES,ARCRES  HZ INGA C11-36-084-24,MONTNEY,5349.0,2025-06-21 07:00:00,True,56.328146334901156,-121.65206278199476
43039,ARCRES,ARCRES  HZ INGA A11-36-084-24,MONTNEY,5026.0,2025-06-21 07:00:00,True,56.32832580183662,-121.6520505199769
52170,TOURMALINE,TOURMALINE  HZ SUNRISE H12-13-080-16,MONTNEY,5955.0,2025-06-21 07:00:00,True,55.93621165492601,-120.37268223007706
43044,ARCRES,ARCRES  HZ INGA F11-36-084-24,MONTNEY,4552.0,2025-06-21 07:00:00,True,56.32778739431358,-121.65208729183668
52171,TOURMALINE,TOURMALINE  HZ SUNRISE I12-13-080-16,MONTNEY,5630.0,2025-06-21 07:00:00,True,55.936255924258894,-120.37268224228998
43040,ARCRES,ARCRES  HZ INGA B11-36-084-24,MONTNEY,5038.0,2025-06-21 07:00:00,True,56.32823606908948,-121.65205665903503
52173,TOURMALINE,TOURMALINE  HZ SUNRISE K12-13-080-16,MONTNEY,3800.0,2025-06-21 07:00:00,True,55.936344471565796,-120.37268229927417
43038,ARCRES,ARCRES  HZ INGA  11-36-084-24,MONTNEY,5092.0,2025-06-21 07:00:00,True,56.328415536086496,-121.65204439857801
52172,TOURMALINE,TOURMALINE  HZ SUNRISE J12-13-080-16,MONTNEY,5570.0,2025-06-21 07:00:00,True,55.9363002024134,-120.37268227094465
52175,TOURMALINE,TOURMALINE  HZ SUNRISE M12-13-080-16,MONTNEY,3925.0,2025-06-21 07:00:00,True,55.93643301898563,-120.37268233854316
43042,ARCRES,ARCRES  HZ INGA B10-36-084-24,MONTNEY,4678.0,2025-06-21 07:00:00,True,56.328398516605155,-121.65123681477726
52169,TOURMALINE,TOURMALINE  HZ SUNRISE G12-13-080-16,MONTNEY,6045.0,2025-06-21 07:00:00,True,55.93616737677273,-120.37268220142248
49977,COP,COP  HZ INGA F01-24-088-23,MONTNEY,5570.0,2025-06-27 07:00:00,True,56.64243973871924,-121.51391944840105
49976,COP,COP  HZ INGA E01-24-088-23,MONTNEY,5500.0,2025-06-27 07:00:00,True,56.6424421111871,-121.51375653839162
49974,COP,COP  HZ INGA C01-24-088-23,MONTNEY,5615.0,2025-06-27 07:00:00,True,56.64244685718101,-121.51343071484648
49975,COP,COP  HZ INGA D01-24-088-23,MONTNEY,5678.0,2025-06-27 07:00:00,True,56.64244448428693,-121.51359362662902
37551,TOURMALINE,TOURMALINE  HZ MONIAS B09-18-082-21,MONTNEY,5835.0,2025-07-01 07:00:00,True,56.10951103651257,-121.26478832102515
37549,TOURMALINE,TOURMALINE  HZ MONIAS  09-18-082-21,MONTNEY,5848.0,2025-07-01 07:00:00,True,56.10942601782087,-121.26483257660188
37550,TOURMALINE,TOURMALINE  HZ MONIAS A09-18-082-21,MONTNEY,5993.0,2025-07-01 07:00:00,True,56.10946852764528,-121.26481044958729
50260,TOURMALINE,TOURMALINE  HZ TOWN B-J062-H/094-B-09,MONTNEY,5060.0,2025-07-03 07:00:00,True,56.63546826568354,-122.026336773681
50253,TOURMALINE,TOURMALINE  HZ TOWN B-C062-H/094-B-09,MONTNEY,4880.0,2025-07-03 07:00:00,True,56.63512536994363,-122.02611338729929
50252,TOURMALINE,TOURMALINE  HZ TOWN B-B062-H/094-B-09,MONTNEY,5075.0,2025-07-03 07:00:00,True,56.63513290877765,-122.02613338841543
50258,TOURMALINE,TOURMALINE  HZ TOWN B-H062-H/094-B-09,MONTNEY,5114.0,2025-07-03 07:00:00,True,56.63538442909295,-122.02628593167437
50251,TOURMALINE,TOURMALINE  HZ TOWN B-A062-H/094-B-09,MONTNEY,4941.0,2025-07-03 07:00:00,True,56.63509098578183,-122.0261079764786
50261,TOURMALINE,TOURMALINE  HZ TOWN B-K062-H/094-B-09,MONTNEY,4865.0,2025-07-03 07:00:00,True,56.63551018919612,-122.02636220404442
50256,TOURMALINE,TOURMALINE  HZ TOWN B-F062-H/094-B-09,MONTNEY,5275.0,2025-07-03 07:00:00,True,56.635300582592684,-122.02623508926455
50250,TOURMALINE,TOURMALINE  HZ TOWN B- 062-H/094-B-09,MONTNEY,5030.0,2025-07-03 07:00:00,True,56.63504906222888,-122.02608254666389
50259,TOURMALINE,TOURMALINE  HZ TOWN B-I062-H/094-B-09,MONTNEY,5181.0,2025-07-03 07:00:00,True,56.63542634272005,-122.02631136130545
50254,TOURMALINE,TOURMALINE  HZ TOWN B-D062-H/094-B-09,MONTNEY,4956.0,2025-07-03 07:00:00,True,56.635216745416685,-122.02618422976384
50257,TOURMALINE,TOURMALINE  HZ TOWN B-G062-H/094-B-09,MONTNEY,4981.0,2025-07-03 07:00:00,True,56.63534250556829,-122.02626050147558
50255,TOURMALINE,TOURMALINE  HZ TOWN B-E062-H/094-B-09,MONTNEY,4758.0,2025-07-03 07:00:00,True,56.635258668953476,-122.02620965979807
47765,ARCRES,ARCRES  HZ SUNSET PRAIRIE AA08-33-078-18,CADOTTE,3087.0,2025-07-20 07:00:00,False,55.80026560539153,-120.7189608978521
53048,PETRONAS,PETRONAS  HZ TOWN D-I063-K/094-B-16,MONTNEY,3627.0,2025-07-30 07:00:00,True,56.9736420672796,-122.27982888572834
53047,PETRONAS,PETRONAS  HZ TOWN D-H063-K/094-B-16,MONTNEY,5346.0,2025-07-30 07:00:00,True,56.97366520820949,-122.27975844255339
53050,PETRONAS,PETRONAS  HZ TOWN D-K063-K/094-B-16,MONTNEY,5302.0,2025-07-30 07:00:00,True,56.9735957844113,-122.27996977191088
53049,PETRONAS,PETRONAS  HZ TOWN D-J063-K/094-B-16,MONTNEY,4865.0,2025-07-30 07:00:00,True,56.97361892631194,-122.27989932881864
53051,PETRONAS,PETRONAS  HZ TOWN D-L063-K/094-B-16,MONTNEY,5122.0,2025-07-30 07:00:00,True,56.97354951123908,-122.2801106568033
21342,ARCRES,ARCRES ET AL  PARKLAND  10-05-081-16,CADOMIN-NIKANASSIN,1933.0,2025-08-05 07:00:00,False,55.99609221679642,-120.4602794235464
27780,ARCRES,ARCRES   DOE  01-34-079-14,NIKANASSIN,1237.0,2025-08-07 07:00:00,False,55.88416279046149,-120.0897091151567
50554,TOURMALINE,TOURMALINE  HZ LAPRISE CREEK A- 039-E/094-H-05,MONTNEY,5166.0,2025-08-09 07:00:00,True,57.36036956577432,-121.98201612692849
50561,TOURMALINE,TOURMALINE  HZ LAPRISE CREEK A-G039-E/094-H-05,MONTNEY,5100.0,2025-08-09 07:00:00,True,57.36021871152697,-121.98251696344545
50555,TOURMALINE,TOURMALINE  HZ LAPRISE CREEK A-A039-E/094-H-05,MONTNEY,4967.0,2025-08-09 07:00:00,True,57.3603480185359,-121.98208767252112
50560,TOURMALINE,TOURMALINE  HZ LAPRISE CREEK A-F039-E/094-H-05,MONTNEY,4835.0,2025-08-09 07:00:00,True,57.36024026889562,-121.9824454189608
50559,TOURMALINE,TOURMALINE  HZ LAPRISE CREEK A-E039-E/094-H-05,MONTNEY,4823.0,2025-08-09 07:00:00,True,57.36026181717137,-121.98237387201671
50558,TOURMALINE,TOURMALINE  HZ LAPRISE CREEK A-D039-E/094-H-05,MONTNEY,4689.0,2025-08-09 07:00:00,True,57.360283364564125,-121.98230232674737
50556,TOURMALINE,TOURMALINE  HZ LAPRISE CREEK A-B039-E/094-H-05,MONTNEY,4748.0,2025-08-09 07:00:00,True,57.36032647036362,-121.98215921812731
50557,TOURMALINE,TOURMALINE  HZ LAPRISE CREEK A-C039-E/094-H-05,MONTNEY,4783.0,2025-08-09 07:00:00,True,57.360304913200224,-121.98223076459652
33566,TOURMALINE,TOURMALINE  HZ MONIAS C15-28-081-22,MONTNEY,5637.0,2025-08-13 07:00:00,True,56.05453130750339,-121.37834781371531
33564,TOURMALINE,TOURMALINE  HZ MONIAS A15-28-081-22,MONTNEY,6021.0,2025-08-13 07:00:00,True,56.05444276187728,-121.37834814256112
33563,TOURMALINE,TOURMALINE  HZ MONIAS  15-28-081-22,MONTNEY,6097.0,2025-08-13 07:00:00,True,56.05439848843413,-121.37834831431257
33565,TOURMALINE,TOURMALINE  HZ MONIAS B15-28-081-22,MONTNEY,5845.0,2025-08-13 07:00:00,True,56.0545262111935,-121.37878923354324
49286,PACIFIC CANBRIAM,PACIFIC CANBRIAM  HZ ALTARES C-U098-D/094-A-05,MONTNEY,4978.0,2025-08-15 07:00:00,True,56.33156415678504,-121.97587603818747
43279,PACIFIC CANBRIAM,PACIFIC CANBRIAM  HZ ALTARES C-P098-D/094-A-05,MONTNEY,4955.0,2025-08-15 07:00:00,True,56.33125566612955,-121.97620780121076
43281,PACIFIC CANBRIAM,PACIFIC CANBRIAM  HZ ALTARES C-R098-D/094-A-05,MONTNEY,4776.0,2025-08-15 07:00:00,True,56.3313790659769,-121.97607509334902
49285,PACIFIC CANBRIAM,PACIFIC CANBRIAM  HZ ALTARES C-T098-D/094-A-05,MONTNEY,5077.0,2025-08-15 07:00:00,True,56.33150246620256,-121.97594240082628
49287,PACIFIC CANBRIAM,PACIFIC CANBRIAM  HZ ALTARES C-V098-D/094-A-05,MONTNEY,5159.0,2025-08-15 07:00:00,True,56.33162585679065,-121.97580969059456
49288,PACIFIC CANBRIAM,PACIFIC CANBRIAM  HZ ALTARES C-W098-D/094-A-05,MONTNEY,5477.0,2025-08-15 07:00:00,True,56.331687564866506,-121.97574334358167
49284,PACIFIC CANBRIAM,PACIFIC CANBRIAM  HZ ALTARES C-S098-D/094-A-05,MONTNEY,4950.0,2025-08-15 07:00:00,True,56.331440766080625,-121.97600874638343
49289,PACIFIC CANBRIAM,PACIFIC CANBRIAM  HZ ALTARES C-X098-D/094-A-05,MONTNEY,5391.0,2025-08-15 07:00:00,True,56.33174925535088,-121.9756769803155
43280,PACIFIC CANBRIAM,PACIFIC CANBRIAM  HZ ALTARES C-Q098-D/094-A-05,MONTNEY,4861.0,2025-08-15 07:00:00,True,56.331317366349595,-121.97614145628093
55386,PETRONAS,PETRONAS  HZ BLUEBERRY A-C098-L/094-A-12,MONTNEY,3747.0,2025-08-19 07:00:00,True,56.74256166420055,-121.96594688571399
55384,PETRONAS,PETRONAS  HZ BLUEBERRY A-A098-L/094-A-12,MONTNEY,4551.0,2025-08-19 07:00:00,True,56.74262620983638,-121.96583329722785
55383,PETRONAS,PETRONAS  HZ BLUEBERRY A- 098-L/094-A-12,MONTNEY,4273.0,2025-08-19 07:00:00,True,56.74265848687438,-121.96577650977939
55385,PETRONAS,PETRONAS  HZ BLUEBERRY A-B098-L/094-A-12,MONTNEY,4692.0,2025-08-19 07:00:00,True,56.74259394133826,-121.96589010008938
55387,PETRONAS,PETRONAS  HZ BLUEBERRY A-D098-L/094-A-12,MONTNEY,3986.0,2025-08-19 07:00:00,True,56.74249712746702,-121.96606047452391
49201,OVV,OVV  HZ SUNRISE B05-18-079-17,MONTNEY,6193.0,2025-08-20 07:00:00,True,55.84647992084009,-120.66064744875439
49200,OVV,OVV  HZ SUNRISE A05-18-079-17,MONTNEY,6328.0,2025-08-20 07:00:00,True,55.84647982867476,-120.66080706577684
49202,OVV,OVV  HZ SUNRISE C05-18-079-17,MONTNEY,6324.0,2025-08-20 07:00:00,True,55.84648001411815,-120.66048782031947
49203,OVV,OVV  HZ SUNRISE D05-18-079-17,MONTNEY,6254.0,2025-08-20 07:00:00,True,55.846480103823595,-120.66032819715355
49199,OVV,OVV  HZ SUNRISE  05-18-079-17,MONTNEY,6344.0,2025-08-20 07:00:00,True,55.84647973959577,-120.66096669679895
49204,OVV,OVV  HZ SUNRISE E05-18-079-17,MONTNEY,6518.0,2025-08-20 07:00:00,True,55.84648019470923,-120.66016856417096
09929,SECURE WASTE,SECURE WASTE   BOUNDARY A16-13-084-14,BALDONNEL,1456.1,2025-09-15 07:00:00,False,56.28906275697466,-120.05783761453056
54333,TOURMALINE,TOURMALINE TOURMALINE HZ AITKEN CREEK A-B068-D/094-H-04,MONTNEY,3951.0,2025-09-23 07:00:00,True,57.05179371536343,-121.96609812201054
54332,TOURMALINE,TOURMALINE TOURMALINE HZ AITKEN CREEK A-A068-D/094-H-04,MONTNEY,4255.0,2025-09-23 07:00:00,True,57.05179505796733,-121.96601689443914
54335,TOURMALINE,TOURMALINE TOURMALINE HZ AITKEN CREEK A-D068-D/094-H-04,MONTNEY,3754.0,2025-09-23 07:00:00,True,57.051791032637794,-121.9662605752065
54336,TOURMALINE,TOURMALINE TOURMALINE HZ AITKEN CREEK A-E068-D/094-H-04,MONTNEY,4041.0,2025-09-23 07:00:00,True,57.051789689830926,-121.96634180111307
54331,TOURMALINE,TOURMALINE TOURMALINE HZ AITKEN CREEK A- 068-D/094-H-04,MONTNEY,4515.0,2025-09-23 07:00:00,True,57.05179639967666,-121.96593566860389
54334,TOURMALINE,TOURMALINE TOURMALINE HZ AITKEN CREEK A-C068-D/094-H-04,MONTNEY,3678.0,2025-09-23 07:00:00,True,57.05179237444791,-121.96617934774045
30660,SHELL,SHELL ET AL HZ GROUNDBIRCH B13-25-080-20,MONTNEY,6596.0,2025-09-24 07:00:00,True,55.97054821329275,-120.99888342797504
39230,TOURMALINE,TOURMALINE  HZ TOWN C-G086-I/094-B-09,MONTNEY,5657.0,2025-09-24 07:00:00,True,56.740386369008995,-122.07442552514668
30661,SHELL,SHELL ET AL HZ GROUNDBIRCH C13-25-080-20,MONTNEY,6694.0,2025-09-24 07:00:00,True,55.970517407277434,-120.99890341472641
39233,TOURMALINE,TOURMALINE  HZ TOWN C-J086-I/094-B-09,MONTNEY,5465.0,2025-09-24 07:00:00,True,56.74038457493849,-122.07418390283516
39229,TOURMALINE,TOURMALINE  HZ TOWN C-F086-I/094-B-09,MONTNEY,5881.0,2025-09-24 07:00:00,True,56.74038696704834,-122.07450605989777
39228,TOURMALINE,TOURMALINE  HZ TOWN C-E086-I/094-B-09,MONTNEY,5913.0,2025-09-24 07:00:00,True,56.740387565087204,-122.07458659628617
39232,TOURMALINE,TOURMALINE  HZ TOWN C-I086-I/094-B-09,MONTNEY,5505.0,2025-09-24 07:00:00,True,56.74038517367476,-122.07426445556108
30663,SHELL,SHELL ET AL HZ GROUNDBIRCH E13-25-080-20,MONTNEY,6777.0,2025-09-24 07:00:00,True,55.97045580303751,-120.99894335817804
30659,SHELL,SHELL ET AL HZ GROUNDBIRCH A13-25-080-20,MONTNEY,6621.0,2025-09-24 07:00:00,True,55.970579020768184,-120.99886345549147
39234,TOURMALINE,TOURMALINE  HZ TOWN C-K086-I/094-B-09,MONTNEY,5521.0,2025-09-24 07:00:00,True,56.740383977096606,-122.07410335165576
39235,TOURMALINE,TOURMALINE  HZ TOWN C-L086-I/094-B-09,MONTNEY,5581.0,2025-09-24 07:00:00,True,56.740383379204566,-122.07402280047883
30662,SHELL,SHELL ET AL HZ GROUNDBIRCH D13-25-080-20,MONTNEY,6718.0,2025-09-24 07:00:00,True,55.97048660969096,-120.9989233875026
30658,SHELL,SHELL ET AL HZ GROUNDBIRCH  13-25-080-20,MONTNEY,5467.5,2025-09-24 07:00:00,True,55.9706098184094,-120.99884348422323
39231,TOURMALINE,TOURMALINE  HZ TOWN C-H086-I/094-B-09,MONTNEY,5499.0,2025-09-24 07:00:00,True,56.74038577181441,-122.07434499030724
53559,ARCRES,ARCRES  HZ ALTARES  03-12-084-24,MONTNEY,6007.0,2025-09-25 07:00:00,True,56.261918910841004,-121.6542903290665
53562,ARCRES,ARCRES  HZ ALTARES C03-12-084-24,MONTNEY,5426.0,2025-09-25 07:00:00,True,56.262188255206055,-121.65429979680383
53561,ARCRES,ARCRES  HZ ALTARES B03-12-084-24,MONTNEY,5415.0,2025-09-25 07:00:00,True,56.26209847354614,-121.654296634958
53563,ARCRES,ARCRES  HZ ALTARES D03-12-084-24,MONTNEY,5488.0,2025-09-25 07:00:00,True,56.26227804615795,-121.65430294143012
53564,ARCRES,ARCRES  HZ ALTARES E03-12-084-24,MONTNEY,5539.0,2025-09-25 07:00:00,True,56.26236782782445,-121.65430610330483
53560,ARCRES,ARCRES  HZ ALTARES A03-12-084-24,MONTNEY,5643.0,2025-09-25 07:00:00,True,56.261918910841004,-121.6542903290665
49131,TOURMALINE,TOURMALINE  HZ SEPTIMUS C05-27-081-18,MONTNEY,4139.0,2025-09-27 07:00:00,True,56.04995386697616,-120.73884645317055
49129,TOURMALINE,TOURMALINE  HZ SEPTIMUS A05-27-081-18,MONTNEY,5063.0,2025-09-27 07:00:00,True,56.04986534538502,-120.7388516351243
49128,TOURMALINE,TOURMALINE  HZ SEPTIMUS  05-27-081-18,MONTNEY,5044.0,2025-09-27 07:00:00,True,56.04982108411037,-120.7388542253501
49130,TOURMALINE,TOURMALINE  HZ SEPTIMUS B05-27-081-18,MONTNEY,5204.0,2025-09-27 07:00:00,True,56.04990960570023,-120.73884904340798
27915,OVV,OVV CRP HZ SUNRISE E03-11-079-17,MONTNEY,4496.0,2025-10-08 07:00:00,True,55.82698834100954,-120.54793053732696
50751,TOURMALINE,TOURMALINE  HZ SUNDOWN B- 067-H/093-P-10,MONTNEY,5859.0,2025-10-13 07:00:00,True,55.63386103451324,-120.58582007728889
50756,TOURMALINE,TOURMALINE  HZ SUNDOWN B-E067-H/093-P-10,MONTNEY,5283.0,2025-10-13 07:00:00,True,55.63363966338569,-120.58582171696696
50755,TOURMALINE,TOURMALINE  HZ SUNDOWN B-D067-H/093-P-10,MONTNEY,5389.0,2025-10-13 07:00:00,True,55.63368393314327,-120.58582139379182
50752,TOURMALINE,TOURMALINE  HZ SUNDOWN B-A067-H/093-P-10,MONTNEY,5481.0,2025-10-13 07:00:00,True,55.633816762211104,-120.5858204040061
50757,TOURMALINE,TOURMALINE  HZ SUNDOWN B-F067-H/093-P-10,MONTNEY,5429.0,2025-10-13 07:00:00,True,55.633595231117575,-120.58582248053945
50758,TOURMALINE,TOURMALINE  HZ SUNDOWN B-G067-H/093-P-10,MONTNEY,5452.0,2025-10-13 07:00:00,True,55.63355111390526,-120.58582238223313
50754,TOURMALINE,TOURMALINE  HZ SUNDOWN B-C067-H/093-P-10,MONTNEY,5306.0,2025-10-13 07:00:00,True,55.633728212658994,-120.58582106769097
50753,TOURMALINE,TOURMALINE  HZ SUNDOWN B-B067-H/093-P-10,MONTNEY,5463.0,2025-10-13 07:00:00,True,55.6337724826261,-120.58582072852128
36347,OVV,OVV  HZ DAWSON CREEK J10-35-077-15,MONTNEY,5570.0,2025-10-17 07:00:00,True,55.71799010232713,-120.20574509540114
36344,OVV,OVV  HZ DAWSON CREEK G10-35-077-15,MONTNEY,5440.0,2025-10-18 07:00:00,True,55.71748489232455,-120.20463463262556
36345,OVV,OVV  HZ DAWSON CREEK H10-35-077-15,MONTNEY,7695.0,2025-10-18 07:00:00,True,55.717810487240435,-120.2057462553161
36346,OVV,OVV  HZ DAWSON CREEK I10-35-077-15,MONTNEY,7298.0,2025-10-18 07:00:00,True,55.71790029559559,-120.20574568324388
50654,KELT LNG,KELT LNG  HZ OAK F05-32-086-18,MONTNEY,6458.0,2025-10-20 07:00:00,True,56.49805545076728,-120.81647865235085
50653,KELT LNG,KELT LNG  HZ OAK E05-32-086-18,MONTNEY,6205.0,2025-10-20 07:00:00,True,56.498055436684865,-120.81672218391836
43087,COP,COP  HZ INGA M08-23-088-24,MONTNEY,5663.0,2025-10-28 07:00:00,True,56.64375461834229,-121.7035204166544
43084,COP,COP  HZ INGA J08-23-088-24,MONTNEY,5696.0,2025-10-28 07:00:00,True,56.64384400871814,-121.70305897407232
43083,COP,COP  HZ INGA I08-23-088-24,MONTNEY,5662.0,2025-10-28 07:00:00,True,56.643873808938494,-121.70290514753275
43081,COP,COP  HZ INGA G08-23-088-24,MONTNEY,5839.0,2025-10-28 07:00:00,True,56.64393340728842,-121.70259752827685
43086,COP,COP  HZ INGA L08-23-088-24,MONTNEY,5968.0,2025-10-28 07:00:00,True,56.64378441881484,-121.70336660885383
43082,COP,COP  HZ INGA H08-23-088-24,MONTNEY,5586.0,2025-10-28 07:00:00,True,56.64390360778478,-121.70275133888741
43080,COP,COP  HZ INGA F08-23-088-24,MONTNEY,5790.0,2025-10-28 07:00:00,True,56.64396320606542,-121.7024437011284
43089,COP,COP  HZ INGA O08-23-088-24,MONTNEY,5973.0,2025-10-28 07:00:00,True,56.643695017500875,-121.7038280511098
43088,COP,COP  HZ INGA N08-23-088-24,MONTNEY,6156.0,2025-10-28 07:00:00,True,56.643724818284845,-121.70367424215101
43085,COP,COP  HZ INGA K08-23-088-24,MONTNEY,5527.0,2025-10-28 07:00:00,True,56.64381421850644,-121.7032127828852
39782,TOURMALINE,TOURMALINE ET AL HZ BIRCH D- 016-I/094-A-13,MONTNEY,4373.0,2025-10-31 07:00:00,True,56.93084151543835,-121.56503827852373
39786,TOURMALINE,TOURMALINE ET AL HZ BIRCH D-D016-I/094-A-13,MONTNEY,5093.0,2025-10-31 07:00:00,True,56.930951696254894,-121.56529196617147
39785,TOURMALINE,TOURMALINE ET AL HZ BIRCH D-C016-I/094-A-13,MONTNEY,4733.0,2025-10-31 07:00:00,True,56.93092414892916,-121.5652285398396
39783,TOURMALINE,TOURMALINE ET AL HZ BIRCH D-A016-I/094-A-13,MONTNEY,4276.0,2025-10-31 07:00:00,True,56.93086905418625,-121.56510168744757
39784,TOURMALINE,TOURMALINE ET AL HZ BIRCH D-B016-I/094-A-13,MONTNEY,4537.0,2025-10-31 07:00:00,True,56.93089660157294,-121.56516511359828
46501,TOURMALINE,TOURMALINE  HZ MONIAS  12-17-081-21,MONTNEY,5400.0,2025-11-05 07:00:00,True,56.02445549869475,-121.25876813385591
46505,TOURMALINE,TOURMALINE  HZ MONIAS D12-17-081-21,MONTNEY,5080.0,2025-11-05 07:00:00,True,56.02458607471789,-121.25855449654618
46502,TOURMALINE,TOURMALINE  HZ MONIAS A12-17-081-21,MONTNEY,5402.0,2025-11-05 07:00:00,True,56.02448813763676,-121.25871472044089
46503,TOURMALINE,TOURMALINE  HZ MONIAS B12-17-081-21,MONTNEY,5565.0,2025-11-05 07:00:00,True,56.024520787050356,-121.25866132339759
46504,TOURMALINE,TOURMALINE  HZ MONIAS C12-17-081-21,MONTNEY,5359.0,2025-11-05 07:00:00,True,56.02455342594817,-121.25860790980583
51697,OVV,OVV  HZ SUNRISE J03-11-079-17,MONTNEY,6217.0,2025-11-08 07:00:00,True,55.82698844711753,-120.54713282995425
51696,OVV,OVV  HZ SUNRISE I03-11-079-17,MONTNEY,4429.0,2025-11-08 07:00:00,True,55.82698842994025,-120.54729236836047
51695,OVV,OVV  HZ SUNRISE H03-11-079-17,MONTNEY,4684.0,2025-11-08 07:00:00,True,55.82698840355968,-120.54745190640257
51693,OVV,OVV  HZ SUNRISE F03-11-079-17,MONTNEY,4863.0,2025-11-08 07:00:00,True,55.82698836799427,-120.54777099928546
51694,OVV,OVV  HZ SUNRISE G03-11-079-17,MONTNEY,4445.0,2025-11-08 07:00:00,True,55.82698838597963,-120.54761144480848
27914,OVV,OVV CRP HZ SUNRISE D03-11-079-17,MONTNEY,4588.0,2025-11-08 07:00:00,True,55.826988322825294,-120.54809007573243
25604,CNRL,CNRL   SUNRISE  11-36-079-17,NIKANASSIN,2407.0,2025-11-10 07:00:00,False,55.89433084239694,-120.52021405639402
45047,ARCRES,ARCRES  HZ DAWSON CREEK  14-36-078-15,MONTNEY,5274.0,2025-11-13 07:00:00,True,55.80908978182689,-120.19021004597221
45050,ARCRES,ARCRES  HZ DAWSON CREEK C14-36-078-15,MONTNEY,5035.0,2025-11-13 07:00:00,True,55.80900346499382,-120.19066331091214
45052,ARCRES,ARCRES  HZ DAWSON CREEK E14-36-078-15,MONTNEY,5057.0,2025-11-13 07:00:00,True,55.80894591883894,-120.19096549082323
45053,ARCRES,ARCRES  HZ DAWSON CREEK F14-36-078-15,MONTNEY,5011.0,2025-11-13 07:00:00,True,55.80891714564349,-120.19111657401066
45048,ARCRES,ARCRES  HZ DAWSON CREEK A14-36-078-15,MONTNEY,5157.0,2025-11-13 07:00:00,True,55.80906100946038,-120.19036112866202
45051,ARCRES,ARCRES  HZ DAWSON CREEK D14-36-078-15,MONTNEY,5194.0,2025-11-13 07:00:00,True,55.8089746920859,-120.19081439294452
45049,ARCRES,ARCRES  HZ DAWSON CREEK B14-36-078-15,MONTNEY,5174.0,2025-11-13 07:00:00,True,55.8090322369134,-120.1905122111327
47479,COELACANTH,COELACANTH  HZ TWO RIVERS I05-19-082-14,MONTNEY,5433.0,2025-11-20 07:00:00,True,56.12163788743233,-120.191725566075
47089,TOURMALINE,TOURMALINE  HZ GUNDY CREEK C-D003-G/094-B-16,MONTNEY,4785.0,2025-11-20 07:00:00,True,56.84154944476127,-122.16376905640503
47084,TOURMALINE,TOURMALINE  HZ GUNDY CREEK D-C004-G/094-B-16,MONTNEY,4866.0,2025-11-20 07:00:00,True,56.841550208275926,-122.16417293644537
47480,COELACANTH,COELACANTH  HZ TWO RIVERS J05-19-082-14,MONTNEY,5740.0,2025-11-20 07:00:00,True,56.12170523904053,-120.19172546706372
47087,TOURMALINE,TOURMALINE  HZ GUNDY CREEK C-B003-G/094-B-16,MONTNEY,4874.0,2025-11-20 07:00:00,True,56.841549753178036,-122.16393061405343
47090,TOURMALINE,TOURMALINE  HZ GUNDY CREEK C-E003-G/094-B-16,MONTNEY,4947.0,2025-11-20 07:00:00,True,56.841549289981295,-122.1636882759871
47082,TOURMALINE,TOURMALINE  HZ GUNDY CREEK D-A004-G/094-B-16,MONTNEY,4793.0,2025-11-20 07:00:00,True,56.8415505161894,-122.16433449410019
47083,TOURMALINE,TOURMALINE  HZ GUNDY CREEK D-B004-G/094-B-16,MONTNEY,4722.0,2025-11-20 07:00:00,True,56.84155036181033,-122.16425371531687
47081,TOURMALINE,TOURMALINE  HZ GUNDY CREEK D- 004-G/094-B-16,MONTNEY,5142.0,2025-11-20 07:00:00,True,56.841550670518174,-122.1644152728841
47088,TOURMALINE,TOURMALINE  HZ GUNDY CREEK C-C003-G/094-B-16,MONTNEY,4878.0,2025-11-20 07:00:00,True,56.8415495985473,-122.16384983527337
47086,TOURMALINE,TOURMALINE  HZ GUNDY CREEK D-E004-G/094-B-16,MONTNEY,5027.0,2025-11-20 07:00:00,True,56.84154990775842,-122.16401139283414
47085,TOURMALINE,TOURMALINE  HZ GUNDY CREEK D-D004-G/094-B-16,MONTNEY,4353.0,2025-11-20 07:00:00,True,56.84155006233708,-122.16409217325464
47481,COELACANTH,COELACANTH  HZ TWO RIVERS K05-19-082-14,MONTNEY,5885.0,2025-11-20 07:00:00,True,56.12177259049173,-120.19172538424533
47091,TOURMALINE,TOURMALINE  HZ GUNDY CREEK C-F003-G/094-B-16,MONTNEY,5011.0,2025-11-20 07:00:00,True,56.841549134790014,-122.16360751368927
51894,ARCRES,ARCRES  HZ INGA D11-25-084-24,MONTNEY,4990.0,2025-12-04 07:00:00,True,56.312976786224716,-121.65224119368264
51895,ARCRES,ARCRES  HZ INGA E11-25-084-24,MONTNEY,4823.0,2025-12-04 07:00:00,True,56.31303596404388,-121.65211964476333
51896,ARCRES,ARCRES  HZ INGA F11-25-084-24,MONTNEY,4830.0,2025-12-04 07:00:00,True,56.31309514020657,-121.65199815567948
51897,ARCRES,ARCRES  HZ INGA G11-25-084-24,MONTNEY,5144.0,2025-12-04 07:00:00,True,56.31315432590267,-121.65187660674748
49166,OVV,OVV  HZ DAWSON CREEK E12-36-080-18,MONTNEY,4435.0,2025-12-05 07:00:00,True,55.97848774634437,-120.68549695343623
49158,OVV,OVV  HZ DAWSON CREEK B12-36-080-18,MONTNEY,5321.0,2025-12-05 07:00:00,True,55.978487717694314,-120.68501645938373
49159,OVV,OVV  HZ DAWSON CREEK C12-36-080-18,MONTNEY,5149.0,2025-12-05 07:00:00,True,55.97848772496775,-120.68517662923263
49157,OVV,OVV  HZ DAWSON CREEK A12-36-080-18,MONTNEY,5280.0,2025-12-05 07:00:00,True,55.97848771021866,-120.68485628953486
49160,OVV,OVV  HZ DAWSON CREEK D12-36-080-18,MONTNEY,5266.0,2025-12-05 07:00:00,True,55.97848773143412,-120.68533678467108
49156,OVV,OVV  HZ DAWSON CREEK  12-36-080-18,MONTNEY,5390.0,2025-12-05 07:00:00,True,55.978487693538895,-120.68469611928938
43032,TOURMALINE,TOURMALINE  HZ SUNSET PRAIRIE C03-10-079-18,MONTNEY,4882.0,2025-12-15 07:00:00,True,55.82721422824537,-120.72991591153519
43033,TOURMALINE,TOURMALINE  HZ SUNSET PRAIRIE D03-10-079-18,MONTNEY,4990.0,2025-12-15 07:00:00,True,55.82716994480073,-120.72991588925082
43034,TOURMALINE,TOURMALINE  HZ SUNSET PRAIRIE E03-10-079-18,MONTNEY,4770.0,2025-12-15 07:00:00,True,55.82712567051846,-120.72991584970657
43035,TOURMALINE,TOURMALINE  HZ SUNSET PRAIRIE F03-10-079-18,MONTNEY,4654.0,2025-12-15 07:00:00,True,55.82708139382382,-120.7299152362509
45148,OVV,OVV  HZ SUNRISE A02-25-079-18,MONTNEY,6188.0,2025-12-19 07:00:00,True,55.87205743454252,-120.66931347616308
45151,OVV,OVV  HZ SUNRISE D02-25-079-18,MONTNEY,6020.0,2025-12-19 07:00:00,True,55.8715635062102,-120.66931444393715
45153,OVV,OVV  HZ SUNRISE F02-25-079-18,MONTNEY,5507.0,2025-12-19 07:00:00,True,55.871383897958545,-120.66931478404149
45152,OVV,OVV  HZ SUNRISE E02-25-079-18,MONTNEY,5487.0,2025-12-19 07:00:00,True,55.871473701602824,-120.66931461325153
45147,OVV,OVV  HZ SUNRISE  02-25-079-18,MONTNEY,4992.0,2025-12-19 07:00:00,True,55.872147238271445,-120.66931330696411
45149,OVV,OVV  HZ SUNRISE B02-25-079-18,MONTNEY,5762.0,2025-12-19 07:00:00,True,55.87196763088332,-120.66931364695819
45150,OVV,OVV  HZ SUNRISE C02-25-079-18,MONTNEY,6453.0,2025-12-19 07:00:00,True,55.871877827833025,-120.66931383212395
50766,PETRONAS,PETRONAS  HZ BEG B-M078-E/094-A-13,MONTNEY,4006.0,2026-01-02 07:00:00,True,56.89376846700039,-121.9723545456457
50765,PETRONAS,PETRONAS  HZ BEG B-L078-E/094-A-13,MONTNEY,4116.0,2026-01-02 07:00:00,True,56.8938077369853,-121.97220700675817
46698,ARCRES,ARCRES  HZ TOWER LAKE F03-24-081-17,MONTNEY,4820.0,2026-01-02 07:00:00,True,56.0312027522441,-120.522277018744
46696,ARCRES,ARCRES  HZ TOWER LAKE D03-24-081-17,MONTNEY,5411.0,2026-01-02 07:00:00,True,56.03116683415318,-120.52259138047914
46699,ARCRES,ARCRES  HZ TOWER LAKE G03-24-081-17,MONTNEY,5074.0,2026-01-02 07:00:00,True,56.03122071639258,-120.52211983771754
46695,ARCRES,ARCRES  HZ TOWER LAKE C03-24-081-17,MONTNEY,3505.0,2026-01-02 07:00:00,True,56.0311488694908,-120.52274856267921
46693,ARCRES,ARCRES  HZ TOWER LAKE A03-24-081-17,MONTNEY,4346.0,2026-01-02 07:00:00,True,56.031112950233606,-120.52306292355566
46697,ARCRES,ARCRES  HZ TOWER LAKE E03-24-081-17,MONTNEY,4775.0,2026-01-02 07:00:00,True,56.03118478886381,-120.52243420110605
50762,PETRONAS,PETRONAS  HZ BEG B-I078-E/094-A-13,MONTNEY,4478.0,2026-01-02 07:00:00,True,56.893866631703865,-121.97198569561012
46694,ARCRES,ARCRES  HZ TOWER LAKE B03-24-081-17,MONTNEY,3795.0,2026-01-02 07:00:00,True,56.031130905458106,-120.52290574300883
50763,PETRONAS,PETRONAS  HZ BEG B-J078-E/094-A-13,MONTNEY,4319.0,2026-01-02 07:00:00,True,56.89384699685725,-121.97205946531649
46692,ARCRES,ARCRES  HZ TOWER LAKE  03-24-081-17,MONTNEY,5080.0,2026-01-02 07:00:00,True,56.03109498491886,-120.52322010372328
50764,PETRONAS,PETRONAS  HZ BEG B-K078-E/094-A-13,MONTNEY,4202.0,2026-01-02 07:00:00,True,56.89382736201995,-121.97213323658893
43304,TOURMALINE,TOURMALINE  HZ LAPRISE CREEK B-F030-E/094-H-05,MONTNEY,4279.0,2026-01-09 07:00:00,True,57.35240279418932,-121.99860497047611
43306,TOURMALINE,TOURMALINE  HZ LAPRISE CREEK B-H030-E/094-H-05,MONTNEY,4835.0,2026-01-09 07:00:00,True,57.35236387056349,-121.99875207032846
43305,TOURMALINE,TOURMALINE  HZ LAPRISE CREEK B-G030-E/094-H-05,MONTNEY,4509.0,2026-01-09 07:00:00,True,57.352383336645204,-121.99867851249596
43299,TOURMALINE,TOURMALINE  HZ LAPRISE CREEK B-A030-E/094-H-05,MONTNEY,4028.0,2026-01-09 07:00:00,True,57.35250009749622,-121.99823723089185
43300,TOURMALINE,TOURMALINE  HZ LAPRISE CREEK B-B030-E/094-H-05,MONTNEY,3846.0,2026-01-09 07:00:00,True,57.35248064061244,-121.99831078823465
43301,TOURMALINE,TOURMALINE  HZ LAPRISE CREEK B-C030-E/094-H-05,MONTNEY,3730.0,2026-01-09 07:00:00,True,57.3524611742285,-121.99838432983353
43303,TOURMALINE,TOURMALINE  HZ LAPRISE CREEK B-E030-E/094-H-05,MONTNEY,3990.0,2026-01-09 07:00:00,True,57.352422260695846,-121.99853142910229
43302,TOURMALINE,TOURMALINE  HZ LAPRISE CREEK B-D030-E/094-H-05,MONTNEY,3855.0,2026-01-09 07:00:00,True,57.35244171770229,-121.99845787198448
43011,PETRONAS,PETRONAS  HZ BUBBLES C-C033-B/094-G-08,MONTNEY,5516.0,2026-01-13 07:00:00,True,57.28221654607493,-122.16246527532368
41749,PETRONAS,PETRONAS  HZ BUBBLES C- 033-B/094-G-08,MONTNEY,5610.0,2026-01-13 07:00:00,True,57.28223896845056,-122.16279425388791
43013,PETRONAS,PETRONAS  HZ BUBBLES C-B033-B/094-G-08,MONTNEY,5638.0,2026-01-13 07:00:00,True,57.28222775758448,-122.1626297720187
43014,PETRONAS,PETRONAS  HZ BUBBLES C-D033-B/094-G-08,MONTNEY,5662.0,2026-01-13 07:00:00,True,57.28221094968185,-122.16238304269298
43012,PETRONAS,PETRONAS  HZ BUBBLES C-A033-B/094-G-08,MONTNEY,5456.0,2026-01-13 07:00:00,True,57.282233362824726,-122.16271200548009
48983,PACIFIC CANBRIAM,PACIFIC CANBRIAM  HZ ALTARES B-H095-H/094-B-08,MONTNEY,6019.0,2026-01-31 07:00:00,True,56.40896840045965,-122.06274606433176
48985,PACIFIC CANBRIAM,PACIFIC CANBRIAM  HZ ALTARES B-J095-H/094-B-08,MONTNEY,5886.0,2026-01-31 07:00:00,True,56.40889818535639,-122.06297216635576
48988,PACIFIC CANBRIAM,PACIFIC CANBRIAM  HZ ALTARES B-M095-H/094-B-08,MONTNEY,5929.0,2026-01-31 07:00:00,True,56.40879306543008,-122.06331149896002
48986,PACIFIC CANBRIAM,PACIFIC CANBRIAM  HZ ALTARES B-K095-H/094-B-08,MONTNEY,5963.0,2026-01-31 07:00:00,True,56.40886319974893,-122.0630853201886
48982,PACIFIC CANBRIAM,PACIFIC CANBRIAM  HZ ALTARES B-G095-H/094-B-08,MONTNEY,5974.0,2026-01-31 07:00:00,True,56.4090034676452,-122.06263297479806
48984,PACIFIC CANBRIAM,PACIFIC CANBRIAM  HZ ALTARES B-I095-H/094-B-08,MONTNEY,5791.0,2026-01-31 07:00:00,True,56.40893330693167,-122.06285920508596
48987,PACIFIC CANBRIAM,PACIFIC CANBRIAM  HZ ALTARES B-L095-H/094-B-08,MONTNEY,5826.0,2026-01-31 07:00:00,True,56.408828132166796,-122.06319840891047
50002,VERMILION,VERMILION  HZ MICA B08-35-081-14,MONTNEY,5160.0,2026-02-06 07:00:00,True,56.06373276573962,-120.06547287076378
50001,VERMILION,VERMILION  HZ MICA A08-35-081-14,MONTNEY,5538.0,2026-02-06 07:00:00,True,56.06366721447926,-120.06547280894145
50003,VERMILION,VERMILION  HZ MICA C08-35-081-14,MONTNEY,5360.0,2026-02-06 07:00:00,True,56.063798326898166,-120.06547293270768
50000,VERMILION,VERMILION  HZ MICA  08-35-081-14,MONTNEY,5549.0,2026-02-06 07:00:00,True,56.063601654216605,-120.06547274686326
50004,VERMILION,VERMILION  HZ MICA D08-35-081-14,MONTNEY,5774.0,2026-02-06 07:00:00,True,56.063863878161534,-120.06547299453038
39726,TOURMALINE,TOURMALINE  HZ BLUEBERRY WEST A-C010-D/094-A-13,MONTNEY,4875.0,2026-02-06 07:00:00,True,56.75262529448344,-121.99441328042307
39724,TOURMALINE,TOURMALINE  HZ BLUEBERRY WEST A-A010-D/094-A-13,MONTNEY,6375.0,2026-02-06 07:00:00,True,56.75266598044711,-121.9942701580103
50005,VERMILION,VERMILION  HZ MICA E08-35-081-14,MONTNEY,6192.0,2026-02-06 07:00:00,True,56.06392943835519,-120.06547305500594
39725,TOURMALINE,TOURMALINE  HZ BLUEBERRY WEST A-B010-D/094-A-13,MONTNEY,5705.0,2026-02-06 07:00:00,True,56.752645642238136,-121.99434172778453
39723,TOURMALINE,TOURMALINE  HZ BLUEBERRY WEST A- 010-D/094-A-13,MONTNEY,6320.0,2026-02-06 07:00:00,True,56.75268632756553,-121.99419858723466
49712,SHELL,SHELL  HZ SATURN X14-17-080-19,MONTNEY,6523.0,2026-02-09 07:00:00,True,55.93806714401401,-120.93905846395403
30892,TOURMALINE,TOURMALINE  HZ GROUNDBIRCH D13-27-080-21,MONTNEY,5825.0,2026-02-09 07:00:00,True,55.97042513688526,-121.20929416404483
49709,SHELL,SHELL  HZ SATURN U14-17-080-19,MONTNEY,6113.0,2026-02-09 07:00:00,True,55.93803307455394,-120.93889412023765
49710,SHELL,SHELL  HZ SATURN V14-17-080-19,MONTNEY,6630.0,2026-02-09 07:00:00,True,55.93804443195795,-120.93894890133043
53127,TOURMALINE,TOURMALINE  HZ GROUNDBIRCH G13-27-080-21,MONTNEY,5605.0,2026-02-09 07:00:00,True,55.97046941389527,-121.20929415337716
53128,TOURMALINE,TOURMALINE  HZ GROUNDBIRCH H13-27-080-21,MONTNEY,5845.0,2026-02-09 07:00:00,True,55.97051368196647,-121.209294143795
49711,SHELL,SHELL  HZ SATURN W14-17-080-19,MONTNEY,6525.0,2026-02-09 07:00:00,True,55.93805578755097,-120.93900368268378
49708,SHELL,SHELL  HZ SATURN T14-17-080-19,MONTNEY,6847.0,2026-02-09 07:00:00,True,55.93802171795594,-120.93883933746189
37542,OVV,OVV  HZ BRIARRIDGE A10-28-077-14,MONTNEY,7796.0,2026-02-15 07:00:00,True,55.70237134386514,-120.10659200854789
37543,OVV,OVV  HZ BRIARRIDGE B10-28-077-14,MONTNEY,7648.0,2026-02-15 07:00:00,True,55.70237132386532,-120.10643296136708
37541,OVV,OVV  HZ BRIARRIDGE  10-28-077-14,MONTNEY,7985.0,2026-02-15 07:00:00,True,55.7023713629192,-120.10675103983867
37545,OVV,OVV  HZ BRIARRIDGE D10-28-077-14,MONTNEY,7810.0,2026-02-15 07:00:00,True,55.70237129375498,-120.10611487984845
37544,OVV,OVV  HZ BRIARRIDGE C10-28-077-14,MONTNEY,7665.0,2026-02-15 07:00:00,True,55.70237131333801,-120.10627392875065
49639,PETRONAS,PETRONAS  HZ TOWN C-A010-A/094-B-16,MONTNEY,4650.0,2026-03-02 07:00:00,True,56.75711596760237,-122.12146753614662
49640,PETRONAS,PETRONAS  HZ TOWN C-B010-A/094-B-16,MONTNEY,6046.0,2026-03-02 07:00:00,True,56.757084711599155,-122.1215262136797
49641,PETRONAS,PETRONAS  HZ TOWN C-C010-A/094-B-16,MONTNEY,6071.0,2026-03-02 07:00:00,True,56.75705345512818,-122.12158487639854
49642,PETRONAS,PETRONAS  HZ TOWN C-D010-A/094-B-16,MONTNEY,6332.0,2026-03-02 07:00:00,True,56.75702219863115,-122.12164353902268
42196,PETRONAS,PETRONAS  HZ TOWN C- 010-A/094-B-16,MONTNEY,4355.0,2026-03-02 07:00:00,True,56.75717848941309,-122.12135021097421
51100,COP,COP  HZ INGA G01-32-088-23,MONTNEY,5279.0,2026-03-12 07:00:00,True,56.67007774822193,-121.62031727294372
51094,COP,COP  HZ INGA A01-32-088-23,MONTNEY,5393.0,2026-03-12 07:00:00,True,56.67083143509521,-121.61978758833494
51096,COP,COP  HZ INGA C01-32-088-23,MONTNEY,5130.0,2026-03-12 07:00:00,True,56.67058020285994,-121.61996414654578
51093,COP,COP  HZ INGA  01-32-088-23,MONTNEY,5411.0,2026-03-12 07:00:00,True,56.67095704576837,-121.61969930897892
51097,COP,COP  HZ INGA D01-32-088-23,MONTNEY,5200.0,2026-03-12 07:00:00,True,56.67045457799669,-121.62005243396078
51102,COP,COP  HZ INGA I01-32-088-23,MONTNEY,4762.0,2026-03-12 07:00:00,True,56.67075442688413,-121.62010401758981
52041,OVV,OVV  HZ SUNRISE J03-19-078-16,MONTNEY,7583.0,2026-03-15 07:00:00,True,55.768806492388016,-120.47185853676153
52042,OVV,OVV  HZ SUNRISE K03-19-078-16,MONTNEY,8260.0,2026-03-15 07:00:00,True,55.76871821580234,-120.47188777227788
44623,OVV,OVV  HZ SUNRISE G03-19-078-16,MONTNEY,8312.0,2026-03-15 07:00:00,True,55.76929204026139,-120.47169770332599
44624,OVV,OVV  HZ SUNRISE H03-19-078-16,MONTNEY,8120.0,2026-03-15 07:00:00,True,55.769203755399154,-120.47172695513461
52044,OVV,OVV  HZ SUNRISE M03-19-078-16,MONTNEY,6431.0,2026-03-15 07:00:00,True,55.76854165424352,-120.47194625690523
52043,OVV,OVV  HZ SUNRISE L03-19-078-16,MONTNEY,8364.0,2026-03-15 07:00:00,True,55.768629939141945,-120.47191700607189
52040,OVV,OVV  HZ SUNRISE I03-19-078-16,MONTNEY,8238.0,2026-03-15 07:00:00,True,55.76902719662748,-120.47178542158547
48495,PETRONAS,PETRONAS  HZ TOWN D-K020-B/094-G-01,MONTNEY,4655.0,2026-03-23 07:00:00,True,57.01529487463164,-122.24056013151358
48494,PETRONAS,PETRONAS  HZ TOWN D-J020-B/094-G-01,MONTNEY,4794.0,2026-03-23 07:00:00,True,57.01530775890633,-122.2404803893318
48493,PETRONAS,PETRONAS  HZ TOWN D-I020-B/094-G-01,MONTNEY,4713.0,2026-03-23 07:00:00,True,57.01532101575356,-122.24040434587792
48492,PETRONAS,PETRONAS  HZ TOWN D-H020-B/094-G-01,MONTNEY,4860.0,2026-03-23 07:00:00,True,57.015333838464926,-122.2403248374782
50663,ARCRES,ARCRES  HZ SUNSET PRAIRIE  16-02-079-18,MONTNEY,4950.0,2026-03-31 07:00:00,True,55.82222634316316,-120.6893828166456
50666,ARCRES,ARCRES  HZ SUNSET PRAIRIE C16-02-079-18,MONTNEY,5184.0,2026-03-31 07:00:00,True,55.82249575876994,-120.68938248824676
50664,ARCRES,ARCRES  HZ SUNSET PRAIRIE A16-02-079-18,MONTNEY,5008.0,2026-03-31 07:00:00,True,55.822316148334046,-120.68938271359924
50665,ARCRES,ARCRES  HZ SUNSET PRAIRIE B16-02-079-18,MONTNEY,5030.0,2026-03-31 07:00:00,True,55.822405953661864,-120.68938259288898
50667,ARCRES,ARCRES  HZ SUNSET PRAIRIE D16-02-079-18,MONTNEY,5231.0,2026-03-31 07:00:00,True,55.82258557221017,-120.6893823680515
48481,TOURMALINE,TOURMALINE  HZ DOE K05-28-080-15,MONTNEY,4712.0,2026-04-01 07:00:00,True,55.96024623389805,-120.29521157934093
54339,TOURMALINE,TOURMALINE TOURMALINE HZ AITKEN CREEK A-H068-D/094-H-04,MONTNEY,5301.0,2026-04-01 07:00:00,True,57.05215152886248,-121.96619932734
54342,TOURMALINE,TOURMALINE TOURMALINE HZ AITKEN CREEK A-K068-D/094-H-04,MONTNEY,6044.0,2026-04-01 07:00:00,True,57.05259508081705,-121.96636988727401
48479,TOURMALINE,TOURMALINE  HZ DOE I05-28-080-15,MONTNEY,4743.0,2026-04-01 07:00:00,True,55.960246248390526,-120.29536943070006
48466,TOURMALINE,TOURMALINE  HZ DOE D05-28-080-15,MONTNEY,3859.0,2026-04-01 07:00:00,True,55.96024625998708,-120.29576406012227
54337,TOURMALINE,TOURMALINE TOURMALINE HZ AITKEN CREEK A-F068-D/094-H-04,MONTNEY,6170.0,2026-04-01 07:00:00,True,57.052601790447696,-121.96596373637541
48483,TOURMALINE,TOURMALINE  HZ DOE M05-28-080-15,MONTNEY,4707.0,2026-04-01 07:00:00,True,55.96024622717472,-120.29505372521929
54338,TOURMALINE,TOURMALINE TOURMALINE HZ AITKEN CREEK A-G068-D/094-H-04,MONTNEY,5242.0,2026-04-01 07:00:00,True,57.052600448771216,-121.96604496555892
48480,TOURMALINE,TOURMALINE  HZ DOE J05-28-080-15,MONTNEY,4847.0,2026-04-01 07:00:00,True,55.960246240397716,-120.29529049788621
54341,TOURMALINE,TOURMALINE TOURMALINE HZ AITKEN CREEK A-J068-D/094-H-04,MONTNEY,5864.0,2026-04-01 07:00:00,True,57.052596422644996,-121.96628865646527
54340,TOURMALINE,TOURMALINE TOURMALINE HZ AITKEN CREEK A-I068-D/094-H-04,MONTNEY,5629.0,2026-04-01 07:00:00,True,57.05259775598257,-121.96620744306968
48469,TOURMALINE,TOURMALINE  HZ DOE G05-28-080-15,MONTNEY,4656.0,2026-04-01 07:00:00,True,55.960246251004264,-120.29552728213909
48467,TOURMALINE,TOURMALINE  HZ DOE E05-28-080-15,MONTNEY,3772.0,2026-04-01 07:00:00,True,55.960246257886936,-120.2956851329322
48482,TOURMALINE,TOURMALINE  HZ DOE L05-28-080-15,MONTNEY,4714.0,2026-04-01 07:00:00,True,55.96024623466574,-120.29513264363543
48468,TOURMALINE,TOURMALINE  HZ DOE F05-28-080-15,MONTNEY,4878.0,2026-04-01 07:00:00,True,55.96024625402362,-120.29560620760023
48470,TOURMALINE,TOURMALINE  HZ DOE H05-28-080-15,MONTNEY,4586.0,2026-04-01 07:00:00,True,55.96024624697056,-120.29544835520741
44224,CNRL,CNRL  HZ SEPTIMUS J10-19-081-19,MONTNEY,6345.0,2026-04-11 07:00:00,True,56.039164477770655,-120.95974920953965
51088,MURPHY,MURPHY  HZ SUNDOWN G05-30-077-17,MONTNEY,7736.0,2026-04-11 07:00:00,True,55.70016218841882,-120.63680053651034
51086,MURPHY,MURPHY  HZ SUNDOWN E05-30-077-17,MONTNEY,7191.0,2026-04-11 07:00:00,True,55.70016210652818,-120.6370390719189
51083,MURPHY,MURPHY  HZ SUNDOWN B05-30-077-17,MONTNEY,6512.0,2026-04-11 07:00:00,True,55.70070102891874,-120.63680053794054
51087,MURPHY,MURPHY  HZ SUNDOWN F05-30-077-17,MONTNEY,7427.0,2026-04-11 07:00:00,True,55.70016214715703,-120.63691979547038
51085,MURPHY,MURPHY  HZ SUNDOWN D05-30-077-17,MONTNEY,8391.0,2026-04-11 07:00:00,True,55.70070111035776,-120.63656199929972
51084,MURPHY,MURPHY  HZ SUNDOWN C05-30-077-17,MONTNEY,6993.0,2026-04-11 07:00:00,True,55.70070106938955,-120.6366812614657
51081,MURPHY,MURPHY  HZ SUNDOWN A05-30-077-17,MONTNEY,6760.0,2026-04-11 07:00:00,True,55.70070098840282,-120.63691981600508
51070,MURPHY,MURPHY  HZ SUNDOWN  05-30-077-17,MONTNEY,7205.0,2026-04-11 07:00:00,True,55.70070094709588,-120.63703907817029
44225,CNRL,CNRL  HZ SEPTIMUS K10-19-081-19,MONTNEY,6201.0,2026-04-24 07:00:00,True,56.039117435255804,-120.95983531765722
41520,OVV,OVV  HZ SUNRISE I16-27-079-16,MONTNEY,5302.0,2026-04-26 07:00:00,True,55.88104855461538,-120.4073804115788
41521,OVV,OVV  HZ SUNRISE J16-27-079-16,MONTNEY,5209.0,2026-04-26 07:00:00,True,55.881126569956905,-120.40745952854002
41519,OVV,OVV  HZ SUNRISE H16-27-079-16,MONTNEY,5360.0,2026-04-26 07:00:00,True,55.8809705302237,-120.40730129459664
41522,OVV,OVV  HZ SUNRISE K16-27-079-16,MONTNEY,5427.0,2026-04-26 07:00:00,True,55.881204595146386,-120.40753864601928
46555,ARCRES,ARCRES  HZ DAWSON CREEK E07-28-079-15,MONTNEY,5329.0,2026-04-27 07:00:00,True,55.87521652382226,-120.28177283073352
46560,ARCRES,ARCRES  HZ DAWSON CREEK  07-28-079-15,MONTNEY,6615.0,2026-04-27 07:00:00,True,55.87566070967421,-120.2815743207845
46557,ARCRES,ARCRES  HZ DAWSON CREEK G07-28-079-15,MONTNEY,5967.0,2026-04-27 07:00:00,True,55.87522527399589,-120.28209198600287
46551,ARCRES,ARCRES  HZ DAWSON CREEK A07-28-079-15,MONTNEY,5794.0,2026-04-27 07:00:00,True,55.87566508069624,-120.28173389197123
46556,ARCRES,ARCRES  HZ DAWSON CREEK F07-28-079-15,MONTNEY,4120.0,2026-04-27 07:00:00,True,55.87522089459339,-120.28193240015248
46554,ARCRES,ARCRES  HZ DAWSON CREEK D07-28-079-15,MONTNEY,5866.0,2026-04-27 07:00:00,True,55.87521214401722,-120.28161324495369
46558,ARCRES,ARCRES  HZ DAWSON CREEK H07-28-079-15,MONTNEY,6880.0,2026-04-27 07:00:00,True,55.87567821859795,-120.28221260518818
46553,ARCRES,ARCRES  HZ DAWSON CREEK C07-28-079-15,MONTNEY,5546.0,2026-04-27 07:00:00,True,55.8756738398997,-120.28205304955453
52259,TOURMALINE,TOURMALINE  HZ JEDNEY A-F025-H/094-G-01,MONTNEY,6310.0,2026-05-01 07:00:00,True,57.100670601320935,-122.0567576297077
52257,TOURMALINE,TOURMALINE  HZ JEDNEY A-D025-H/094-G-01,MONTNEY,4788.0,2026-05-01 07:00:00,True,57.10072411550242,-122.05688718813586
52260,TOURMALINE,TOURMALINE  HZ JEDNEY A-G025-H/094-G-01,MONTNEY,5888.0,2026-05-01 07:00:00,True,57.100643844207696,-122.05669285145405
29271,TOURMALINE,TOURMALINE  HZ JEDNEY A-B025-H/094-G-01,MONTNEY,5795.0,2026-05-01 07:00:00,True,57.10077763214297,-122.05701674334898
52258,TOURMALINE,TOURMALINE  HZ JEDNEY A-E025-H/094-G-01,MONTNEY,4605.0,2026-05-01 07:00:00,True,57.100697358402556,-122.0568224080516
52261,TOURMALINE,TOURMALINE  HZ JEDNEY A-H025-H/094-G-01,MONTNEY,5593.0,2026-05-01 07:00:00,True,57.100617087062815,-122.05662807329065
52256,TOURMALINE,TOURMALINE  HZ JEDNEY A-C025-H/094-G-01,MONTNEY,5424.0,2026-05-01 07:00:00,True,57.100750872520784,-122.05695196666031
26221,SHELL,SHELL  HZ SUNSET H06-16-079-18,MONTNEY,4598.0,2026-05-08 07:00:00,True,55.84366009833523,-120.7552470877701
50652,KELT LNG,KELT LNG  HZ OAK D05-32-086-18,MONTNEY,6110.0,2026-05-09 07:00:00,True,56.4980554213128,-120.81696571722742
44222,CNRL,CNRL  HZ SEPTIMUS H10-19-081-19,MONTNEY,6452.0,2026-05-10 07:00:00,True,56.03925856326496,-120.95957700872921
44223,CNRL,CNRL  HZ SEPTIMUS I10-19-081-19,MONTNEY,6583.0,2026-05-10 07:00:00,True,56.03921152086532,-120.95966311725758
44221,CNRL,CNRL  HZ SEPTIMUS G10-19-081-19,MONTNEY,6674.0,2026-05-10 07:00:00,True,56.03930560624448,-120.95949091603636
44220,CNRL,CNRL  HZ SEPTIMUS F10-19-081-19,MONTNEY,6992.0,2026-05-10 07:00:00,True,56.03935264852896,-120.95940480709727
44219,CNRL,CNRL  HZ SEPTIMUS E10-19-081-19,MONTNEY,6893.0,2026-05-10 07:00:00,True,56.03939969139331,-120.9593187139937
50656,KELT LNG,KELT LNG  HZ OAK H05-32-086-18,MONTNEY,5865.0,2026-05-12 07:00:00,True,56.498055341171344,-120.81818338491651
50649,KELT LNG,KELT LNG  HZ OAK A05-32-086-18,MONTNEY,5460.0,2026-05-12 07:00:00,True,56.49805537504366,-120.81769631517369
50650,KELT LNG,KELT LNG  HZ OAK B05-32-086-18,MONTNEY,4965.0,2026-05-12 07:00:00,True,56.49805539180007,-120.81745278186524
50651,KELT LNG,KELT LNG  HZ OAK C05-32-086-18,MONTNEY,5240.0,2026-05-12 07:00:00,True,56.498055407266826,-120.81720925029825
50648,KELT LNG,KELT LNG  HZ OAK  05-32-086-18,MONTNEY,5502.0,2026-05-12 07:00:00,True,56.498055359547806,-120.81793984662124
51627,CNRL,CNRL  HZ NIG CREEK C-N060-G/094-H-04,MONTNEY,5501.0,2026-06-10 07:00:00,True,57.132725288073175,-121.74820804569615
40937,CNRL,CNRL  HZ NIG CREEK C-D060-G/094-H-04,MONTNEY,4943.0,2026-06-10 07:00:00,True,57.13269318866671,-121.74759167095104
51626,CNRL,CNRL  HZ NIG CREEK C-M060-G/094-H-04,MONTNEY,5195.0,2026-06-10 07:00:00,True,57.13271887421942,-121.74808476107398
40939,CNRL,CNRL  HZ NIG CREEK C-F060-G/094-H-04,MONTNEY,5025.0,2026-06-10 07:00:00,True,57.1327060274433,-121.74783822385608
40938,CNRL,CNRL  HZ NIG CREEK C-E060-G/094-H-04,MONTNEY,5141.0,2026-06-10 07:00:00,True,57.132699603880745,-121.747714955309
40940,CNRL,CNRL  HZ NIG CREEK C-G060-G/094-H-04,MONTNEY,5297.0,2026-06-10 07:00:00,True,57.13271245088951,-121.74796149244438
55955,CNRL,CNRL  HZ FIREWEED B-G016-J/094-A-13,MONTNEY,4749.0,2026-07-15 07:00:00,True,56.92587717881339,-121.69770244322177
42710,CNRL,CNRL  HZ FIREWEED B-E016-J/094-A-13,MONTNEY,6979.0,2026-07-15 07:00:00,True,56.92580138593725,-121.6979060463978
55956,CNRL,CNRL  HZ FIREWEED B-F016-J/094-A-13,MONTNEY,4998.0,2026-07-15 07:00:00,True,56.92583928271416,-121.69780425394134
54321,TOURMALINE,TOURMALINE  HZ NIG CREEK B-B025-B/094-H-04,MONTNEY,4481.0,2026-08-19 07:00:00,True,57.01682920921452,-121.68862472791437
