{"type": "FeatureCollection", "features": [{"type": "Feature", "id": 1, "geometry": {"type": "Polygon", "coordinates": [[[-114.63867044939813, 49.71771840943327], [-114.63810786568884, 49.71722381507833], [-114.63791554192132, 49.71661342187802], [-114.63684304147596, 49.71519357377597], [-114.63622092849369, 49.711845294048224], [-114.63645967929064, 49.709866293682666], [-114.63635790088027, 49.708044808590905], [-114.63660452462962, 49.705413242823184], [-114.63572615874445, 49.702938590448746], [-114.63655812641578, 49.70041795012342], [-114.6469545399627, 49.698452745444115], [-114.65149025783829, 49.69953669364994], [-114.65310544878398, 49.698850246958806], [-114.66448488966714, 49.696628500439786], [-114.67031019238156, 49.69371174602627], [-114.67087354399305, 49.69302505585156], [-114.6701097015627, 49.692260915021215], [-114.6697590701724, 49.69199677359407], [-114.6696193970844, 49.69170764409511], [-114.66958619063273, 49.69156692791851], [-114.66965157908895, 49.69133155520377], [-114.66975039719763, 49.69097581938986], [-114.66994179656236, 49.69060426403524], [-114.67011437933331, 49.690186425789356], [-114.67021013264822, 49.689790000093126], [-114.670198868673, 49.68906904415755], [-114.67019559138588, 49.688858490379786], [-114.67019126729855, 49.68858208324394], [-114.67022899066984, 49.68822073437186], [-114.67067230652039, 49.687475799519], [-114.67070873174622, 49.68688998565332], [-114.67066528028401, 49.68663901838367], [-114.67067902245414, 49.68615973404247], [-114.67066199583452, 49.68589588271372], [-114.67050546116603, 49.685328200071105], [-114.67038559505215, 49.68489355330085], [-114.67005315686247, 49.68385493394823], [-114.66992937649641, 49.68365011576255], [-114.6695846471174, 49.68342227621713], [-114.66936300710519, 49.68337423768225], [-114.66894342774746, 49.68339068265931], [-114.66855168607471, 49.68335790839873], [-114.66835371725611, 49.68328544444625], [-114.66813022848802, 49.68317066420138], [-114.66817518823716, 49.68305624447972], [-114.66837179477406, 49.68270695503103], [-114.6684028665105, 49.68217283857033], [-114.66855728514038, 49.681843108763864], [-114.66851635517149, 49.681075837713436], [-114.66852595637832, 49.68085725808587], [-114.66850766539208, 49.680684257166114], [-114.66846217399234, 49.68052365704522], [-114.6683675486841, 49.68028877302571], [-114.66830222563885, 49.68015052870093], [-114.66739003921126, 49.67900210950151], [-114.66686693025298, 49.678635328378434], [-114.66658841867482, 49.678487573987866], [-114.66621344520328, 49.67821193412621], [-114.66591577346237, 49.677943262897685], [-114.66554792803643, 49.67769295329894], [-114.6648489684464, 49.67706174724597], [-114.66475853484225, 49.67688099992372], [-114.66492357413003, 49.676719618233584], [-114.66558170306693, 49.67634966343347], [-114.6665635667442, 49.6757631351132], [-114.66710810189589, 49.67553919816582], [-114.66783925802824, 49.67529251577232], [-114.66874343802658, 49.67503685592114], [-114.66900873513558, 49.67490527636162], [-114.66920751071869, 49.67475989553982], [-114.66949397374633, 49.67396723712032], [-114.67001389755477, 49.6731391462398], [-114.6700797156763, 49.672966185218556], [-114.67014603822187, 49.67258161696763], [-114.67013935486271, 49.672320076338174], [-114.67001829692033, 49.67204376594855], [-114.66974029465689, 49.671639818504126], [-114.66918997399675, 49.670912953880745], [-114.66894143846903, 49.670679823915044], [-114.66856103664966, 49.67022806308359], [-114.66841188303566, 49.67013792770268], [-114.66799134721272, 49.670008075601565], [-114.66748021672063, 49.66976744424334], [-114.66725522291773, 49.66963835413843], [-114.66723842419336, 49.66962871379234], [-114.66553615236234, 49.66850830880171], [-114.66465660241388, 49.667650283063246], [-114.66434904062254, 49.66726439867394], [-114.66423907473734, 49.66704966359754], [-114.6641949891835, 49.66667619866692], [-114.66410035237294, 49.66645022414361], [-114.66391583570098, 49.666274882533514], [-114.66354152609853, 49.666054617403816], [-114.66320471359268, 49.665728817633926], [-114.66288041677345, 49.66555411511196], [-114.66248315050038, 49.66537812822967], [-114.66195381484201, 49.66521806285134], [-114.66131852590328, 49.66506828869156], [-114.66088298860247, 49.66500192824131], [-114.66055244136497, 49.664909753977625], [-114.66021407176687, 49.66470363676088], [-114.65907867953209, 49.664134508763354], [-114.6587787879375, 49.66403973460009], [-114.65846438917185, 49.66400392889823], [-114.65791494401421, 49.66367076639287], [-114.65743661364378, 49.66324188357948], [-114.65724983238617, 49.66313118563274], [-114.65705416867247, 49.66306904419267], [-114.65717523271293, 49.6626877473315], [-114.6572943100658, 49.6624114049323], [-114.6573586901754, 49.66226199844878], [-114.65747750231772, 49.66204446374637], [-114.65749483877065, 49.66182282437091], [-114.65747916785018, 49.66166305621841], [-114.65741458810221, 49.66149753388903], [-114.65725407010036, 49.66127168973945], [-114.65726965750186, 49.6611211544411], [-114.6571876142271, 49.66083317403129], [-114.6564918577079, 49.65994769663162], [-114.65640334099552, 49.65976893468987], [-114.65796394028605, 49.655178753152725], [-114.66042261138777, 49.64794526286474], [-114.66113300929237, 49.64585486127502], [-114.66128295769661, 49.64541358396757], [-114.66179075695432, 49.643919171273694], [-114.66180999737098, 49.64386255298638], [-114.66186997618011, 49.64368601720606], [-114.66188262772387, 49.643648770861226], [-114.66189155883227, 49.64362250769543], [-114.66196212453717, 49.64341502364738], [-114.66202675910777, 49.64334884314087], [-114.66460236507938, 49.64071090643977], [-114.66477901629943, 49.64052999730497], [-114.66744890547241, 49.63779521590989], [-114.66766640999212, 49.63757048659963], [-114.67102365641821, 49.6405266153462], [-114.67122926812003, 49.64070732432955], [-114.67450816677514, 49.64358887417127], [-114.67847232187378, 49.64228205982099], [-114.67889001135416, 49.64214435100405], [-114.68028260084625, 49.64168522034281], [-114.68030619925035, 49.64070519571329], [-114.68030621336077, 49.640704310325646], [-114.68031056732492, 49.64052351175198], [-114.68033216675414, 49.63964123287806], [-114.6829799429199, 49.63875900096061], [-114.68726278620696, 49.63823532883866], [-114.68732365863228, 49.63633012984126], [-114.69002361985027, 49.63524849077462], [-114.69007132299336, 49.635229380232815], [-114.69054781902724, 49.63503848465916], [-114.69070494768383, 49.63398970362615], [-114.69071872156336, 49.633897799932775], [-114.69081016627885, 49.63328732951486], [-114.69088234924318, 49.63280556167928], [-114.69131545715308, 49.63269868966031], [-114.69132396627072, 49.632696038067365], [-114.69218843333067, 49.63248188313207], [-114.69249772132132, 49.6324059931349], [-114.69250614846094, 49.632403141476146], [-114.69456381409077, 49.63189314684904], [-114.6945857871012, 49.63188983766986], [-114.6949968778225, 49.63182803081194], [-114.69559723408133, 49.631737767501455], [-114.6959412585501, 49.631686037144206], [-114.69683705983272, 49.63155134833089], [-114.69717738771686, 49.6315001661119], [-114.6973099416664, 49.63148023788412], [-114.69803861290397, 49.63137032839781], [-114.69791876355521, 49.632389238447985], [-114.6983673617803, 49.63328576068491], [-114.70003858859995, 49.63662532882373], [-114.70118875124491, 49.637392089814234], [-114.70120793155994, 49.63740488262177], [-114.70146717089573, 49.63757770207302], [-114.70148725389423, 49.637591082046896], [-114.70256561717048, 49.63830992820055], [-114.70589637251335, 49.63730468257881], [-114.70541518524382, 49.63621423124023], [-114.70775695321576, 49.635921591591845], [-114.70621034387017, 49.63365443017596], [-114.7068514157957, 49.633304745630525], [-114.70872903569234, 49.63228048825014], [-114.7091053704874, 49.63144763697638], [-114.71159798390369, 49.63100984898629], [-114.71259390134028, 49.630984087254646], [-114.71681954755, 49.63087459652635], [-114.7194009266822, 49.62725452530959], [-114.7191594744211, 49.62669641522295], [-114.71995312670742, 49.62609449902441], [-114.71999308035889, 49.62606417615998], [-114.72231336665236, 49.62430427257559], [-114.72376086205665, 49.623908678889265], [-114.72401913266407, 49.62383808623446], [-114.72403922306042, 49.62383259479705], [-114.72538372653764, 49.62346511756962], [-114.72903036588228, 49.62396281408818], [-114.73517428383495, 49.6224502841525], [-114.73519622514729, 49.62244488499535], [-114.73797294878341, 49.62176115519658], [-114.74633749770004, 49.61970069526313], [-114.74661265971251, 49.61963288225776], [-114.74661576883454, 49.6196321224108], [-114.74741362858548, 49.61943550284511], [-114.74724973162627, 49.61886010213246], [-114.74697322626845, 49.61788946363036], [-114.74789177374187, 49.61393107605837], [-114.75082063753366, 49.61162712165284], [-114.7510505152228, 49.61144625060985], [-114.7534136442298, 49.60958740373097], [-114.74664443733634, 49.60717423032964], [-114.74661441819111, 49.60716352145752], [-114.74636616645483, 49.60551897166231], [-114.74616912510018, 49.60421342483751], [-114.74606984139616, 49.60355583002955], [-114.74636612690234, 49.60312555338338], [-114.74664432500253, 49.602721514966596], [-114.74719375240487, 49.60192346292303], [-114.74664427967635, 49.60125423031138], [-114.74636608061496, 49.6009153843093], [-114.74568945974677, 49.60009124350389], [-114.7386880912677, 49.59697374118231], [-114.73749276236569, 49.59644143087857], [-114.73655643799546, 49.594496624428544], [-114.73575962881544, 49.58973502976158], [-114.73562134011155, 49.58890884360469], [-114.73523787558747, 49.58640268182897], [-114.73498867417884, 49.584774139645496], [-114.7349587629573, 49.582497661791955], [-114.73495638223827, 49.58231682966453], [-114.73495624788394, 49.582305352896995], [-114.73493065200428, 49.580353223177475], [-114.73276452343691, 49.57656067480193], [-114.72954193646522, 49.57702100525928], [-114.726906515909, 49.576454030073485], [-114.72412770117936, 49.57585611454007], [-114.72384973277687, 49.57579630200721], [-114.72374959241472, 49.57577474058175], [-114.72385015912546, 49.575551521355116], [-114.72412926847426, 49.57493192098468], [-114.72483497188794, 49.57336532055202], [-114.72553220509901, 49.57159164353897], [-114.7241359338806, 49.571020733765955], [-114.72385806122153, 49.57090711493346], [-114.72253260294431, 49.57036509536442], [-114.72012426117493, 49.56788314112402], [-114.7200043709392, 49.56784071547978], [-114.71456118692451, 49.56591432131763], [-114.71271235512638, 49.564565630550376], [-114.71070117430108, 49.5630984061388], [-114.71037905735399, 49.56279280639444], [-114.71026763670064, 49.56257054167459], [-114.71002669539595, 49.56206950184865], [-114.70952681713665, 49.561022973886345], [-114.70957130853293, 49.56061244365681], [-114.70965897066701, 49.559803295375566], [-114.70976837244059, 49.55955057369337], [-114.709922424277, 49.559196786252656], [-114.71003051297347, 49.55856123110745], [-114.70895532480463, 49.55723953404132], [-114.70729449376233, 49.55630154172377], [-114.70547152584426, 49.55466008293972], [-114.70434587997212, 49.553470205282636], [-114.70408927917359, 49.55319896122142], [-114.70403327735723, 49.55313974190337], [-114.7035891941442, 49.55263059323276], [-114.70157274335158, 49.55252660508495], [-114.70115625778703, 49.55220446476921], [-114.69537872168432, 49.547735063581754], [-114.69120259291087, 49.5531901239946], [-114.69099503752184, 49.55346120744387], [-114.69081827641281, 49.55369204568284], [-114.69008485032037, 49.55399224559455], [-114.68619321060379, 49.555584943987846], [-114.68506676483327, 49.556575705271136], [-114.67887699088585, 49.555050435106565], [-114.67846005591603, 49.55494768040103], [-114.67841584926556, 49.554936775716605], [-114.67628833662245, 49.55345163392792], [-114.67628719671299, 49.55345082808431], [-114.67298087999072, 49.55318321583295], [-114.6686453153437, 49.5528321265056], [-114.66743132213078, 49.55264158943238], [-114.6634469165378, 49.552016075083976], [-114.66222367561218, 49.55103476521368], [-114.66161362512625, 49.550552539626764], [-114.66094731440103, 49.55011574615141], [-114.66048184897923, 49.54954508800003], [-114.65992881186591, 49.54933892007008], [-114.6591885898249, 49.54861332634249], [-114.65841002268594, 49.547956416245], [-114.65796871261735, 49.54761548844543], [-114.65797638910746, 49.54745488813994], [-114.65776035069136, 49.54707713962525], [-114.65729299019043, 49.546621919204604], [-114.65659380365564, 49.54614584913533], [-114.65633095792745, 49.54596142970413], [-114.65626140196538, 49.54591261021588], [-114.65612675173371, 49.54581812660844], [-114.65584442727886, 49.54561752665911], [-114.65522738926607, 49.54517907542699], [-114.65419926557897, 49.544827978710465], [-114.65352613808115, 49.54469884857988], [-114.6529243810184, 49.544368391631274], [-114.65247424651767, 49.54419203633142], [-114.65215551172332, 49.544074248937825], [-114.6509337694524, 49.54379492040605], [-114.64984915022733, 49.543454178586636], [-114.64907002683205, 49.543374140673784], [-114.64840966369944, 49.54336442992133], [-114.64735531672355, 49.543295410989145], [-114.64669364558213, 49.5431941979785], [-114.64589837993698, 49.543066689467665], [-114.64530489109873, 49.54310690874025], [-114.64480689064837, 49.543149250182275], [-114.64349475283866, 49.54326077974485], [-114.64282881922544, 49.543252610895934], [-114.64239038058854, 49.543400210824785], [-114.64190966863428, 49.54339221121295], [-114.64089249015453, 49.54327072116695], [-114.64036758451749, 49.54320423059544], [-114.6394256163823, 49.543013088817446], [-114.6384038247311, 49.54310299241925], [-114.63773347568807, 49.54358768917587], [-114.63762013256606, 49.54410356141581], [-114.63726777861973, 49.54472685063466], [-114.635460043122, 49.545692722895026], [-114.63526135239343, 49.54591176736121], [-114.63518951351506, 49.54597141261034], [-114.63441979944703, 49.54661052203284], [-114.63393631360817, 49.54681350363662], [-114.63363083599938, 49.546920528387325], [-114.63321397770785, 49.54706657990962], [-114.6331599976644, 49.547085490789335], [-114.63269128735865, 49.5472864137971], [-114.63182722497825, 49.54788585820705], [-114.63121093238367, 49.54845079971771], [-114.63083902313531, 49.54897752235079], [-114.63034841690188, 49.54901789052216], [-114.62985669458944, 49.54900781347873], [-114.62927895222343, 49.54900319437911], [-114.62801674577416, 49.54887383956688], [-114.6277340690023, 49.54887074215472], [-114.62672162254333, 49.548859150055264], [-114.62499406869954, 49.548607258921265], [-114.62269897747942, 49.54800630443004], [-114.62218260177063, 49.54787476927667], [-114.62208995002165, 49.5478511699044], [-114.62176470672901, 49.54771362149271], [-114.62112888495176, 49.547254344041626], [-114.62072554317689, 49.547132678282345], [-114.6205824855756, 49.54706040214561], [-114.62020026034905, 49.54693283964796], [-114.61999139426258, 49.546884201510686], [-114.61972611092918, 49.546872834324894], [-114.61805371186341, 49.546919362374766], [-114.61748739435438, 49.54707864042166], [-114.61654999576616, 49.547647679271364], [-114.61644354993157, 49.54778244096616], [-114.61619247296036, 49.548433885726986], [-114.61591015003702, 49.54905707380721], [-114.61571690424432, 49.549310994905916], [-114.61545613050738, 49.54948647369257], [-114.61511989124512, 49.54967463520588], [-114.61435318263003, 49.54995591166066], [-114.6141461311356, 49.550080196497994], [-114.61398946037434, 49.55021884128692], [-114.61386281298766, 49.5503005056664], [-114.61341960028949, 49.550446505913875], [-114.61326422045165, 49.55055857098806], [-114.61321561489817, 49.55071720310215], [-114.61324834247183, 49.55144502110028], [-114.61322567319536, 49.551630771026915], [-114.61312043944878, 49.55183255182333], [-114.61290385374951, 49.55205263534777], [-114.61273860170385, 49.55211732435826], [-114.61262364102959, 49.55223908728428], [-114.61236788570373, 49.553007796200085], [-114.6122331056737, 49.55320664088374], [-114.61222134456315, 49.553223982753785], [-114.61214310480746, 49.55339641574906], [-114.61206294298917, 49.553477906373075], [-114.61192084005465, 49.55362238309017], [-114.61166316267929, 49.55377114561411], [-114.61112409162774, 49.5539033699195], [-114.6110128207358, 49.553970861765], [-114.61094263340495, 49.55401344193015], [-114.61069305918856, 49.55438075166737], [-114.61059598161302, 49.554454384559506], [-114.61025632479408, 49.554673235407044], [-114.60992004087359, 49.55486139594032], [-114.60955598264505, 49.555098164631985], [-114.60928347242232, 49.55519852528078], [-114.6090986857229, 49.55535433271867], [-114.60903053021246, 49.55549575140558], [-114.60900704012856, 49.555977506563], [-114.60889104114914, 49.55630077194162], [-114.60882040218868, 49.55659008666322], [-114.60862827206634, 49.55689648697299], [-114.60832917677963, 49.55744011277716], [-114.60827968465685, 49.55761644305932], [-114.60809597577354, 49.55802943513217], [-114.60802336480292, 49.558400384886475], [-114.60765838261322, 49.55938376484775], [-114.60756029223668, 49.559508086757916], [-114.60740486179492, 49.55962015265448], [-114.60726366094228, 49.559645785045426], [-114.60703405333062, 49.55949927512614], [-114.60678182167743, 49.55936449374621], [-114.60633995174966, 49.55921324234895], [-114.60589475043724, 49.559106726839744], [-114.60550034910118, 49.559075326675256], [-114.6052140201629, 49.558992024116826], [-114.60493815048812, 49.559015984811666], [-114.6047039817559, 49.559071423243545], [-114.60395119602165, 49.55936349411782], [-114.60366422059394, 49.55945624235071], [-114.60337626732334, 49.55959546313329], [-114.60311987132441, 49.55982070791828], [-114.60266186032061, 49.56044509389254], [-114.6022576845249, 49.56062003585982], [-114.60202614306638, 49.56072024301164], [-114.60154474984655, 49.56080780365649], [-114.60083442155134, 49.56083739722307], [-114.60019699558835, 49.56077098448987], [-114.59960706479588, 49.56065543767604], [-114.59942491079957, 49.56061975325398], [-114.59938685253485, 49.5606122950384], [-114.59903322136644, 49.56059608265375], [-114.59862581486851, 49.56061966247722], [-114.59813094212333, 49.56064830740276], [-114.59769560013704, 49.56063039801446], [-114.59712506641517, 49.56065768859257], [-114.59664441906621, 49.56066176612558], [-114.59617081442654, 49.560619353633356], [-114.59612945275818, 49.560615644140036], [-114.59562480093147, 49.560605113885124], [-114.59554737482262, 49.56061926231704], [-114.59536343936551, 49.56065288876152], [-114.59520823345322, 49.56077078621386], [-114.59487552821737, 49.56084303795947], [-114.59455565100656, 49.56087955434969], [-114.59424258173078, 49.56100259870974], [-114.59381614160255, 49.56112506260269], [-114.59354012862275, 49.56122548902098], [-114.5931755745179, 49.5612142954609], [-114.59295181397364, 49.561252237662714], [-114.5926673945971, 49.56136746355407], [-114.59228537359012, 49.56159880550491], [-114.5918805731658, 49.56195561838053], [-114.59149517457729, 49.56219948233116], [-114.59121785895083, 49.56243840517574], [-114.5904508183083, 49.56335441819793], [-114.59021030976722, 49.56357610917952], [-114.58930641345586, 49.56446226451793], [-114.58888021249395, 49.56469089001526], [-114.58847616067332, 49.56495196703622], [-114.58844592271278, 49.56497151015193], [-114.58805898069633, 49.56525615389312], [-114.58776952837539, 49.56546909727813], [-114.58766674688117, 49.56510806386076], [-114.58760283291839, 49.56495932882134], [-114.58743083301762, 49.5648010193424], [-114.58715741955146, 49.564455257342395], [-114.58681936031685, 49.56429886498758], [-114.58651614664367, 49.56410903941138], [-114.58616930767393, 49.56379412903942], [-114.5859378369834, 49.56355179918251], [-114.5852604831693, 49.56315263906639], [-114.58484092639534, 49.562798438076705], [-114.58416090062481, 49.562044400134766], [-114.58360457288177, 49.5615077684753], [-114.5835020572799, 49.56137668375684], [-114.5832779707772, 49.56115253555438], [-114.5826316362766, 49.56061673576987], [-114.58238090803331, 49.560408884754345], [-114.58198992097827, 49.56014980639343], [-114.58156143529607, 49.559922897100094], [-114.58132321113669, 49.5597782449991], [-114.58067486677753, 49.55931246484465], [-114.58050099103069, 49.559107083740045], [-114.57989893922759, 49.5586023348016], [-114.57967561579115, 49.55834359967483], [-114.57835004861488, 49.557407239747185], [-114.57783025331607, 49.55715798811608], [-114.57707483465832, 49.55706124535072], [-114.57503355589684, 49.55679982039064], [-114.57453712332664, 49.55671564670964], [-114.57399229873236, 49.55676284016967], [-114.57358401446102, 49.556887265291515], [-114.57318738741242, 49.55705184676883], [-114.57282323337618, 49.557248156283805], [-114.57244394313646, 49.55733773647283], [-114.57254580825696, 49.557049930483245], [-114.57269143302173, 49.5569018401456], [-114.57283905790496, 49.55665437522928], [-114.5728974986448, 49.55637180043899], [-114.57291059469875, 49.556107575149355], [-114.57298261490277, 49.55588240072745], [-114.57321798859716, 49.555374555948795], [-114.5732195885029, 49.55506332919301], [-114.57330316892676, 49.55477180705254], [-114.57339458772563, 49.55415478798799], [-114.57351909645283, 49.55387492906011], [-114.57352612338521, 49.553509825459656], [-114.5735030337516, 49.55313870970057], [-114.57350730438185, 49.552829330137016], [-114.57359952311703, 49.55202880762825], [-114.57363221299917, 49.55148072973777], [-114.5736470644037, 49.55121124475376], [-114.57363348330557, 49.55107642036167], [-114.57359709651045, 49.55096181951209], [-114.57347453493392, 49.55077753603098], [-114.57290581288112, 49.5504579300632], [-114.57265284387888, 49.55011617470303], [-114.57251084481422, 49.54983430995947], [-114.57239011443252, 49.54925597423088], [-114.5722880622414, 49.54831401906289], [-114.57232843175962, 49.54804882526226], [-114.5725716632394, 49.54781449135956], [-114.57311113543304, 49.54742498752466], [-114.57359571391048, 49.54694917499725], [-114.57370850315246, 49.54675196766128], [-114.57370230134705, 49.54644593617016], [-114.57358180401867, 49.54590655449646], [-114.57362697364698, 49.54554830914486], [-114.57370215273572, 49.54534632900929], [-114.57370008135912, 49.54524394833964], [-114.57357932048325, 49.545113663630985], [-114.57294153453606, 49.5448699744343], [-114.5723947339062, 49.544296839001206], [-114.57220850211753, 49.54398191555252], [-114.57210856558545, 49.543542575001496], [-114.57192256515057, 49.54328971031718], [-114.57184854032678, 49.54314832882672], [-114.5717928030185, 49.54296512917122], [-114.57170380996888, 49.542836864058174], [-114.57156495091172, 49.54268188335127], [-114.57139763045753, 49.542138735284], [-114.57131989999593, 49.54178240729107], [-114.5712948755473, 49.54146263887558], [-114.57130437045485, 49.54118659922533], [-114.57122316509744, 49.54065051676884], [-114.57132911821974, 49.5402219100485], [-114.57140820839399, 49.540040858015], [-114.57139586203795, 49.539700128787665], [-114.57129707490463, 49.539494109511054], [-114.57124855164169, 49.539301619240874], [-114.57129400247523, 49.53900633552472], [-114.571248771019, 49.53881916829768], [-114.57113198218026, 49.53870143757532], [-114.57089222905577, 49.53858999961358], [-114.57049004139694, 49.538457405956876], [-114.57026498368116, 49.53833996710041], [-114.57008827929222, 49.53831595443822], [-114.5699350407296, 49.53831608328568], [-114.56990277034454, 49.53814506364014], [-114.56982000248792, 49.53795562546997], [-114.56963955159706, 49.53767916742518], [-114.56938729278443, 49.53741831688796], [-114.56947425392603, 49.537303264570745], [-114.56970478864552, 49.537089374854844], [-114.5699300465452, 49.53673161995773], [-114.57039705347351, 49.536234037928864], [-114.57066147156624, 49.53591932780861], [-114.57094502644915, 49.535775935144734], [-114.57115331843325, 49.53553381836629], [-114.57136640828982, 49.535083076217035], [-114.5715874278269, 49.53475125733443], [-114.57181689699078, 49.53436632820651], [-114.57239109748559, 49.53373537304417], [-114.57267796232011, 49.53349668963971], [-114.57302302659188, 49.5328921338567], [-114.57319687954997, 49.532228205679935], [-114.57327200138123, 49.53196042508763], [-114.57327729062128, 49.53172065637313], [-114.57338149027669, 49.53138402438718], [-114.57334453532754, 49.53047868246048], [-114.57345207207334, 49.52995772806148], [-114.57342054966132, 49.52938443718408], [-114.57341573723467, 49.52913613479877], [-114.57319360630714, 49.528384605470855], [-114.57317460568902, 49.5278749722626], [-114.57312941930783, 49.52739177337884], [-114.57274111562383, 49.526692662931865], [-114.57262238011617, 49.526299694777165], [-114.57263945162624, 49.525787225040276], [-114.57253280637565, 49.525205573608304], [-114.5726094005461, 49.524896173604695], [-114.57309331626833, 49.52432301761377], [-114.57332177867957, 49.524263734577374], [-114.57371989562071, 49.524201133143244], [-114.57410616020418, 49.52410281691072], [-114.57441509615249, 49.52397466231766], [-114.57489528934643, 49.52364753290688], [-114.57513277907944, 49.52345033341632], [-114.5753939093931, 49.5231276811869], [-114.57559772821584, 49.522917986106535], [-114.57602536668146, 49.52265343768624], [-114.57619927760814, 49.52248972733956], [-114.57637961937212, 49.52219941783912], [-114.57648887137675, 49.521917914682554], [-114.57656805604516, 49.521793874857444], [-114.57683074692565, 49.521614688951004], [-114.57732344453416, 49.52121587573121], [-114.57760140590777, 49.52117853407476], [-114.57796725616244, 49.52108540348902], [-114.57837211455013, 49.52101729458956], [-114.57872256104453, 49.520884953266645], [-114.57887639835356, 49.52080392623058], [-114.57917557921941, 49.52056906125895], [-114.58035344548593, 49.52055772702944], [-114.58199118664322, 49.520467804064246], [-114.58265532799304, 49.52033532574145], [-114.58281616255185, 49.52025001565215], [-114.58287380570401, 49.52004723664586], [-114.58283060774319, 49.5194722550449], [-114.58280250989071, 49.51933004313343], [-114.58281920692102, 49.51911813242635], [-114.58292276710114, 49.51883537157738], [-114.58289041974442, 49.51848200307406], [-114.58267882551846, 49.51817707466495], [-114.5825236500195, 49.518017274786466], [-114.58242450850501, 49.517864461768276], [-114.58238719958939, 49.517770926852336], [-114.58243425711268, 49.51766653296367], [-114.58256855955801, 49.517498170762536], [-114.58334517952729, 49.516934971474974], [-114.58352927032365, 49.51673188065543], [-114.58394716118963, 49.51598843511771], [-114.58445682405134, 49.51500754442473], [-114.58465598021611, 49.51444126185832], [-114.58483389042767, 49.51357581575504], [-114.58495877918577, 49.51221441650999], [-114.58506045729978, 49.511989524737224], [-114.58510703852104, 49.51186527377179], [-114.5852662440091, 49.51178152547073], [-114.5858438694163, 49.511524692914044], [-114.58620715872509, 49.511206725851125], [-114.5867468952435, 49.510835841814085], [-114.5868684763299, 49.510685060587996], [-114.58697486990535, 49.51017541519525], [-114.58711686921109, 49.50993777069836], [-114.5873857136555, 49.50977353075477], [-114.58770090721436, 49.509655091938434], [-114.58804333477158, 49.50948946054822], [-114.58875223745234, 49.50866745393552], [-114.58894520500365, 49.508394343613006], [-114.58902792805858, 49.50811535053677], [-114.58916386861678, 49.50782307928577], [-114.58988379760184, 49.50711469226186], [-114.59039850873233, 49.50681590592972], [-114.59098523581544, 49.506513214632925], [-114.59154396080949, 49.506105562422896], [-114.5919838874616, 49.50582543951516], [-114.5922770681162, 49.50569074931195], [-114.59304079846619, 49.50515781386083], [-114.59306396031444, 49.50485420081015], [-114.59344075853444, 49.503987524741916], [-114.59356793253698, 49.50375984071028], [-114.59362169417892, 49.503395678119354], [-114.59376560578177, 49.50300554934826], [-114.59388293335039, 49.50280012316056], [-114.59410240360165, 49.50264481317793], [-114.59543104899316, 49.50208083237257], [-114.59596322310168, 49.50174012951642], [-114.59597104871453, 49.50158040165242], [-114.59573260405767, 49.50113272994558], [-114.5956701132596, 49.5006599821656], [-114.59520603674446, 49.50001048387704], [-114.59513911456702, 49.49988239403128], [-114.59506067363985, 49.49945247850657], [-114.59507887586552, 49.49896879518568], [-114.59507488746499, 49.49848501435669], [-114.59513233340613, 49.49827171044699], [-114.59506586727571, 49.49799321443205], [-114.59501321678633, 49.49760163251628], [-114.59506557803533, 49.49732199385085], [-114.59507029337537, 49.497179485316266], [-114.59507704858933, 49.496974930434504], [-114.59494120286551, 49.49647725311069], [-114.59479414453783, 49.49625168442966], [-114.59459003409741, 49.49597689013227], [-114.59385502212632, 49.495079857963866], [-114.59374691152333, 49.49480587782644], [-114.59363483528936, 49.494274503740705], [-114.59346337689372, 49.49405320102229], [-114.59325249299901, 49.4938472710067], [-114.59312284810612, 49.49356205278982], [-114.59345979421094, 49.49316776854221], [-114.5961996025956, 49.49181572852069], [-114.59639319500005, 49.49173436133736], [-114.59662139515399, 49.49159630348607], [-114.59706248684071, 49.491340599256816], [-114.59737213226103, 49.49122107069834], [-114.59764039651054, 49.49111996845923], [-114.59752631251126, 49.491073303201176], [-114.59729121393995, 49.490899084242805], [-114.59719115614857, 49.49076332849304], [-114.59698701502057, 49.49062463832955], [-114.59692441394782, 49.489532839151885], [-114.59686273109551, 49.489382212711185], [-114.59678607267459, 49.489029723170106], [-114.5966061054092, 49.48886941938905], [-114.59639473106654, 49.488560923035195], [-114.59607064582278, 49.487733613634404], [-114.59592032871737, 49.487558438784816], [-114.59547154218176, 49.487220902657626], [-114.59501386595379, 49.48686769066586], [-114.59469626602156, 49.48658576063138], [-114.59457704543676, 49.48640401246111], [-114.59443718148279, 49.48623667036286], [-114.59428415637932, 49.486006013532794], [-114.59422931008874, 49.485800470165344], [-114.59427116045373, 49.48535663851636], [-114.59444832347035, 49.484993457862394], [-114.59480523231353, 49.48440070357808], [-114.59482356236386, 49.484291038338206], [-114.59480690412556, 49.48409936783791], [-114.59474830905128, 49.48388581185522], [-114.59468003814547, 49.483531690622], [-114.59441728212212, 49.48308894888852], [-114.59445099825817, 49.482456231582326], [-114.5947208183352, 49.48182719236369], [-114.59516961749439, 49.48118261945548], [-114.59542324972213, 49.480871302058674], [-114.59573668903214, 49.48033436674869], [-114.59592599935118, 49.479964012796344], [-114.59600120024905, 49.479668656687444], [-114.59611579239734, 49.479413708154965], [-114.5963100823281, 49.47911183871449], [-114.59623239323287, 49.47849839336616], [-114.59606708334974, 49.47792632123497], [-114.59574977837461, 49.47746985063479], [-114.59539508322237, 49.477100767813944], [-114.5952618489597, 49.4768892381499], [-114.59505812656028, 49.476481942030304], [-114.59486248895487, 49.47590923087344], [-114.5947849537822, 49.47551892794803], [-114.59469830150681, 49.47538316621378], [-114.594595480521, 49.4752569221582], [-114.59452192105796, 49.47510770300836], [-114.5944552997999, 49.475033411724496], [-114.59448341730138, 49.47445814738891], [-114.5944770626448, 49.4740413015073], [-114.59433048013744, 49.473732327563624], [-114.59417037228992, 49.47352130155621], [-114.59382638926041, 49.47299050295698], [-114.59361584917104, 49.472707966037014], [-114.59360526083823, 49.4726007997384], [-114.59351676956231, 49.47232183723559], [-114.59351643535037, 49.47204650853234], [-114.59364450100054, 49.47179903683764], [-114.59367406735292, 49.47155732721768], [-114.59374195855823, 49.47138719320301], [-114.59380372473882, 49.470943103025355], [-114.5937131961442, 49.47078681200634], [-114.59372235029706, 49.47068003177371], [-114.59378766705474, 49.47058261107505], [-114.59397384103708, 49.470315920611945], [-114.59386108536962, 49.47019299915428], [-114.59380877138393, 49.47004821108838], [-114.59381401446436, 49.46983759940598], [-114.59388948077392, 49.46968479960641], [-114.5941438849699, 49.46943590267537], [-114.59456647969007, 49.46914956708917], [-114.59496466693108, 49.468904321706404], [-114.59551828748126, 49.46887965036913], [-114.59584671947574, 49.46877117844315], [-114.5959068166538, 49.468755230670745], [-114.59622976895788, 49.46866950836484], [-114.59666697637975, 49.46830970178916], [-114.5972720992875, 49.467902998517424], [-114.59882439751453, 49.46735039100296], [-114.59930237113906, 49.46714259823055], [-114.5995724105199, 49.466911727894846], [-114.59977085965953, 49.46666274716389], [-114.59966801599822, 49.466553127613146], [-114.59959266668508, 49.46639823620211], [-114.599593795453, 49.466092346149956], [-114.59964188739617, 49.46578563060761], [-114.59963277529646, 49.465463327763274], [-114.59948744643691, 49.46510401750152], [-114.59944939063028, 49.46494985618602], [-114.59927681604309, 49.464725346352395], [-114.59929236906082, 49.46452674700489], [-114.59936272534902, 49.46437003665176], [-114.59973288710022, 49.46398982932943], [-114.5999021055039, 49.463595564881565], [-114.59998960733, 49.46318492642003], [-114.60005500866372, 49.46275885636037], [-114.60008828624751, 49.46253560997098], [-114.60019262645906, 49.46229681140594], [-114.60027051918738, 49.4620601007833], [-114.60030488437664, 49.461815320985764], [-114.60014488551528, 49.46158705479709], [-114.599829723947, 49.461427558327735], [-114.59920120798328, 49.46101502933455], [-114.59874633571556, 49.460211998047924], [-114.59848983221865, 49.45992904892947], [-114.59818566506253, 49.45968402983818], [-114.5981018851571, 49.45960339085709], [-114.59781749667138, 49.45928035923226], [-114.59777432290174, 49.45911850005646], [-114.5977329242691, 49.4589614162565], [-114.5977574081598, 49.45873948238062], [-114.59785884607616, 49.45843365638259], [-114.5981873548993, 49.4580931777264], [-114.59843904572656, 49.45779968815362], [-114.5985258270834, 49.45749197853808], [-114.59865570275734, 49.45726254547925], [-114.59884635420437, 49.45680582926848], [-114.59865860547184, 49.456411436140286], [-114.59859562509071, 49.4561052744956], [-114.59860339268432, 49.45551079681078], [-114.59866556862214, 49.45536428059762], [-114.59885775461953, 49.45526457760853], [-114.59897250372437, 49.45514832027095], [-114.59911230293258, 49.4548625073757], [-114.59931718564924, 49.45445932686277], [-114.59945734817666, 49.45409354474531], [-114.59950368416035, 49.453911500943015], [-114.59989729520926, 49.45379032650846], [-114.60046506478712, 49.45370423489401], [-114.60077326384905, 49.45363834458765], [-114.60137465899261, 49.45343259038298], [-114.60155700748457, 49.4533539199667], [-114.60176835446492, 49.453290409072416], [-114.60195321202599, 49.45319936467594], [-114.60269100548618, 49.45250027434249], [-114.60288132163792, 49.45234361003258], [-114.60323093646714, 49.45198705483976], [-114.60343376880394, 49.45173105442736], [-114.60347328452897, 49.45166963447155], [-114.60295922629233, 49.45150678975999], [-114.60233116819819, 49.4512138350173], [-114.60202018575838, 49.45103236430079], [-114.60142759247815, 49.450960687504676], [-114.60119861327728, 49.45084616376061], [-114.6009002772732, 49.45073919658985], [-114.60073292207554, 49.450627791078816], [-114.60046847614682, 49.45053948758131], [-114.60032579236493, 49.450484853943294], [-114.60013924403853, 49.450386900655595], [-114.59993736565404, 49.450293596678684], [-114.59970837352844, 49.450111629408966], [-114.59951228191412, 49.44966232617391], [-114.59938873365735, 49.44944787502441], [-114.5992149921542, 49.44923772028798], [-114.59894968088115, 49.44897656436092], [-114.59876316442276, 49.44878374442413], [-114.59868828207378, 49.448508674308876], [-114.59868388114589, 49.44831603607712], [-114.59882774550883, 49.44813907477813], [-114.59887165640059, 49.447861054888754], [-114.59887269379476, 49.44755696505216], [-114.59882898506773, 49.4472121581253], [-114.59876983535244, 49.446271789564314], [-114.59861607433963, 49.44597348129448], [-114.59853223049443, 49.44558938934803], [-114.59854054415288, 49.44523342818502], [-114.59862489945905, 49.445070609562634], [-114.59888499187758, 49.44485488610113], [-114.59926731322278, 49.44463972600917], [-114.59997467324813, 49.444264377648665], [-114.60028287545848, 49.44413147455752], [-114.60097917134848, 49.44400616428085], [-114.60227100926274, 49.44383296462691], [-114.602617965361, 49.443725325147554], [-114.60313638572083, 49.443361099780674], [-114.60359069424818, 49.44294780817065], [-114.60393669367016, 49.44257709940348], [-114.60426950112627, 49.44215487268716], [-114.60460837060174, 49.441808685541865], [-114.60481820355442, 49.4413200340674], [-114.60486200457802, 49.4408133380151], [-114.60490973298164, 49.44058855685005], [-114.60497860966372, 49.440461408496965], [-114.60527475316569, 49.44021561429744], [-114.60540920956441, 49.440034034027654], [-114.6055333646761, 49.4397575430198], [-114.60555666131472, 49.43951385322101], [-114.60550371411124, 49.439308028466264], [-114.6053770799963, 49.43881704694475], [-114.60516541039112, 49.43838491711948], [-114.60498683427902, 49.43825960879922], [-114.60432429999263, 49.437733452861934], [-114.60401045328649, 49.43751838915572], [-114.60359189837546, 49.437284975791606], [-114.60322909826117, 49.43712934324176], [-114.60275398300242, 49.43702322805738], [-114.60257067422005, 49.43688252475791], [-114.60213379008671, 49.43663040885486], [-114.60164554900634, 49.43633752545391], [-114.60134158795324, 49.43594958998438], [-114.60110224089257, 49.435445544865594], [-114.60062809875046, 49.43505662798708], [-114.60009807236835, 49.43470425346549], [-114.59968278774991, 49.43443296392123], [-114.59913562041483, 49.43409561440804], [-114.59884487676685, 49.43385230527664], [-114.59872436076094, 49.433679280141796], [-114.59872147889243, 49.43344125428427], [-114.59875914804189, 49.43300835742661], [-114.5989050710108, 49.4325615175031], [-114.5990893173184, 49.432211498117724], [-114.59925369637982, 49.43163480923853], [-114.59940712819304, 49.431208189209386], [-114.59949631613061, 49.43062027913614], [-114.59945298583304, 49.43034713741108], [-114.5994662526419, 49.430158717141545], [-114.59949763873438, 49.430015847431875], [-114.59971123267749, 49.42960549769142], [-114.59996574246401, 49.42929431844322], [-114.6001885146224, 49.428924408549335], [-114.60060569657989, 49.42845325367693], [-114.60084120055254, 49.42804000789], [-114.60101806910389, 49.42729689805216], [-114.6010152698712, 49.4263916849194], [-114.60094365798491, 49.425936717764095], [-114.60094068873175, 49.42577110476336], [-114.60102136163478, 49.425474066275555], [-114.60112923063846, 49.42495804735257], [-114.60124420526064, 49.42448892462621], [-114.6010330774105, 49.42434529885054], [-114.60063567472893, 49.42410880840741], [-114.60021207642768, 49.4238556974188], [-114.59923799698319, 49.42313004681798], [-114.59874273988481, 49.42282283446325], [-114.59860529551042, 49.422643627466975], [-114.59841226881252, 49.422049923172516], [-114.59829820510689, 49.42179111805043], [-114.59808660284772, 49.42157292462965], [-114.59796391272653, 49.421331627427726], [-114.59779251425225, 49.42108928601564], [-114.59754974561166, 49.42081911708407], [-114.59738147448051, 49.42060435581251], [-114.5972462666462, 49.42031199579116], [-114.5971375054613, 49.41994083345723], [-114.59714537776952, 49.41977651774841], [-114.59727319716414, 49.41896832399278], [-114.59721660204178, 49.41873847190065], [-114.5971111130979, 49.418333324135695], [-114.59679391188914, 49.41759972368439], [-114.59672940362985, 49.41705672305777], [-114.5967814853453, 49.416498176232835], [-114.59701077596836, 49.41622781352469], [-114.5974807775996, 49.41545002772114], [-114.59756338335366, 49.41523315558584], [-114.59763223466956, 49.41501627151834], [-114.59787867302477, 49.414192626404564], [-114.5980752199871, 49.413676775487296], [-114.5982611113476, 49.41336387770018], [-114.59826626555582, 49.41301691660177], [-114.59823395720308, 49.412791103131475], [-114.59817535679473, 49.412039807454036], [-114.59800200088878, 49.41178223348875], [-114.59775378289515, 49.411501175246414], [-114.59752219590837, 49.41116226470094], [-114.59722160034025, 49.41065382608231], [-114.59694881936713, 49.41036940679047], [-114.59662962692555, 49.409963064751004], [-114.59637191086323, 49.409674852403185], [-114.59589342034016, 49.409341594940734], [-114.59550117965327, 49.40877818817078], [-114.59502590967524, 49.408362653203476], [-114.59430866380788, 49.407525407734134], [-114.59403193454847, 49.406994097717664], [-114.59377109060812, 49.406621716959144], [-114.59349617254985, 49.4061158654177], [-114.59324353527636, 49.40579740677424], [-114.59243830915263, 49.40478735601053], [-114.59230462529592, 49.40455781407704], [-114.59224564995837, 49.40436570335845], [-114.5922125787815, 49.40404850416012], [-114.59247277340621, 49.40318303250339], [-114.59245496040543, 49.4027022273478], [-114.59238464945487, 49.402223924078704], [-114.59225433971243, 49.40167600637376], [-114.59222379639505, 49.40134247084253], [-114.5922722306721, 49.40085945149349], [-114.59221477221283, 49.400394774011794], [-114.59215328815539, 49.40016524516629], [-114.59205500942566, 49.39997400700125], [-114.5917402305176, 49.399452032045176], [-114.59150537671661, 49.39909118725713], [-114.59137857773115, 49.39884350370097], [-114.59131682253393, 49.39845859406075], [-114.59132708743701, 49.398093883503314], [-114.59140202182897, 49.39757722563923], [-114.59143326854002, 49.39721871723087], [-114.59141110598117, 49.3970014065612], [-114.59130415177789, 49.396752175000834], [-114.59111388548517, 49.39637767753067], [-114.59061893220687, 49.39578129645819], [-114.59036010622256, 49.39565189725514], [-114.59006366553244, 49.395580774242944], [-114.58976844773979, 49.395473833046196], [-114.58959985872359, 49.3952579946302], [-114.58945133857172, 49.395026362628634], [-114.5892432275262, 49.394829496431626], [-114.58890199560166, 49.394705407298446], [-114.58875077599, 49.39454900776318], [-114.5886272980661, 49.394348787990054], [-114.58830090344681, 49.39397849677634], [-114.58792298951485, 49.393590923595816], [-114.58748516991439, 49.39307614305137], [-114.58736437334112, 49.39181725233587], [-114.5864540581978, 49.3913364258522], [-114.58608016758292, 49.39128301277601], [-114.58467141897307, 49.39137122632558], [-114.58354310401822, 49.39122960722155], [-114.58303568307177, 49.39117619456855], [-114.58247486480025, 49.39120289794808], [-114.58201010177198, 49.391244943047845], [-114.58197814853003, 49.39124696200232], [-114.58111152877748, 49.39130169753335], [-114.58003829470782, 49.391457233141445], [-114.57810669598159, 49.39124670375968], [-114.57655264216207, 49.39007694360858], [-114.57554988211129, 49.389959027077204], [-114.5744373650437, 49.389670337346224], [-114.57337475123771, 49.38951806593715], [-114.5739556560854, 49.38858571834643], [-114.57424942196788, 49.388265233821215], [-114.57456107352412, 49.38797928457355], [-114.57497047996287, 49.387677717683324], [-114.57523754519674, 49.38738394302309], [-114.57591475065979, 49.386377298858726], [-114.57482128017759, 49.38521729798518], [-114.57443307453033, 49.384930227252646], [-114.57424900938973, 49.38472241497991], [-114.57413872603624, 49.384416607103056], [-114.57382732364928, 49.38393978897845], [-114.5736506348561, 49.38337656321827], [-114.57347392997005, 49.38307840868669], [-114.57319785266789, 49.38290171807256], [-114.57275612427017, 49.38265875695355], [-114.57241376903114, 49.38231641518311], [-114.57127358713963, 49.38148109819284], [-114.57019796973017, 49.38108886630056], [-114.5700944788003, 49.3810402522968], [-114.57003958698542, 49.38102160811363], [-114.57000280795354, 49.38099862732874], [-114.56976823168529, 49.38078922687765], [-114.56961314810441, 49.38068147920805], [-114.56908363391301, 49.38048449860043], [-114.56829989598319, 49.3801047377967], [-114.56772767667425, 49.379750795188], [-114.56739952151887, 49.3795015430084], [-114.56718756200823, 49.379343195702106], [-114.56716285198654, 49.379303433486605], [-114.56717832273421, 49.37863159539522], [-114.56720661178197, 49.377821789083235], [-114.56723632158865, 49.37709648544871], [-114.56708979889353, 49.3768611184671], [-114.56678147757506, 49.3767060665134], [-114.5663941079152, 49.376698434001426], [-114.56594452259647, 49.3766920154043], [-114.56542276611864, 49.37665581535791], [-114.56493325558424, 49.37658071788694], [-114.56434625667967, 49.37647114426166], [-114.5637650372585, 49.37635631803963], [-114.56205572094656, 49.376208653812526], [-114.56102449381774, 49.37662699628827], [-114.56002407373138, 49.37691130545628], [-114.55955719748177, 49.37688782832621], [-114.5585919836171, 49.37685337702061], [-114.55816892547335, 49.37686565490967], [-114.55775278454668, 49.37687773814432], [-114.55717185472616, 49.37689352435144], [-114.55665412726701, 49.3770270276477], [-114.55636651996113, 49.37710118921767], [-114.5556512165658, 49.37722648058782], [-114.55532427316459, 49.3773168281505], [-114.55489600339449, 49.377442648011765], [-114.5541796727172, 49.37765311851297], [-114.55345632435426, 49.37786563616071], [-114.55264644864299, 49.37808239121722], [-114.55220176513538, 49.37815263559893], [-114.5520081954127, 49.378172339643974], [-114.55187207495105, 49.37816748733348], [-114.551699757878, 49.37816134447912], [-114.55110754563688, 49.378053326593566], [-114.55018022728564, 49.37791670034957], [-114.54869795733894, 49.37752532700156], [-114.54757498150897, 49.37727834627912], [-114.5471410668641, 49.377249325623524], [-114.54657770521027, 49.37727334500224], [-114.54630404616816, 49.37733930067415], [-114.54613089140352, 49.37739727434825], [-114.545808845177, 49.37755210050935], [-114.54551118223284, 49.37763195832852], [-114.54523516192167, 49.37765471937127], [-114.54472391747473, 49.37764777772427], [-114.54341643326705, 49.377895255446646], [-114.54239915433124, 49.378061365823314], [-114.54161776231939, 49.37825724889552], [-114.54109437513098, 49.37843507572679], [-114.54048969004727, 49.37867419816984], [-114.54028029156933, 49.3788336697801], [-114.53975938118718, 49.379230358823236], [-114.53951865084439, 49.379413682159246], [-114.53907052417185, 49.37993719180908], [-114.53889238034348, 49.3801452685039], [-114.53868635475939, 49.380309230187294], [-114.53865098077182, 49.38033741863451], [-114.53831553565041, 49.38060441078422], [-114.5381691991512, 49.38074725605017], [-114.53796207050894, 49.380949546341284], [-114.53779160556901, 49.38099254088251], [-114.53751685134125, 49.38098668181023], [-114.53731944546625, 49.38095572122797], [-114.53691655522219, 49.38082101787559], [-114.53617724428943, 49.38054023115649], [-114.53602703093395, 49.38048316717973], [-114.53505582549164, 49.379954882487255], [-114.53498271461049, 49.37991510768317], [-114.53464315395416, 49.37960608950919], [-114.53462143191668, 49.3795863219832], [-114.53458985164491, 49.379557611484664], [-114.53455651475211, 49.37952723095127], [-114.53369341137319, 49.378751301721316], [-114.53309057978358, 49.37834016704478], [-114.53260624893984, 49.37820245062927], [-114.53258090309579, 49.37819523740688], [-114.53232150107398, 49.37812148266888], [-114.53174897363158, 49.3780169600813], [-114.53134839798561, 49.378037192918676], [-114.53050826876617, 49.37786625772257], [-114.53019202947142, 49.37773837971676], [-114.53016528250527, 49.37772756080077], [-114.53013323037688, 49.37770652842076], [-114.52953570149867, 49.37731461780528], [-114.52889893288398, 49.377126742075326], [-114.52814819052404, 49.376905232191845], [-114.52689768809806, 49.37645865738581], [-114.52657170125799, 49.376206837573136], [-114.5265096496913, 49.375997528016605], [-114.526521209891, 49.37584772221242], [-114.52660215142944, 49.375680968065296], [-114.52669673142422, 49.37555688382669], [-114.52698464939878, 49.37533861868846], [-114.52735479642014, 49.37499314718846], [-114.52798764761289, 49.374525688661535], [-114.52852935061908, 49.374328792561556], [-114.5291332430021, 49.37402974767532], [-114.5292825779121, 49.37387632184087], [-114.52953560839971, 49.3735529998532], [-114.5299180213264, 49.37324372128357], [-114.53018659715138, 49.373079456925865], [-114.53054944934138, 49.3729037019561], [-114.53124593799963, 49.37262683116812], [-114.53146113283296, 49.3724922697928], [-114.53155277680986, 49.37237386939729], [-114.53156495727237, 49.372233359363015], [-114.5315813204558, 49.37130343174267], [-114.53156946833589, 49.37115359885354], [-114.5315504424921, 49.370911230432924], [-114.53149835752065, 49.37076003046557], [-114.531321686297, 49.37048752172362], [-114.53112795030765, 49.370251701310146], [-114.53083186594374, 49.36982088308412], [-114.5304421520477, 49.36907659253233], [-114.5300586484318, 49.36850310828295], [-114.53000864214309, 49.36841270215429], [-114.52993957693741, 49.368289288712155], [-114.52973431775293, 49.36792254028939], [-114.52959980712617, 49.36777121101771], [-114.52948977692654, 49.3677088756647], [-114.52928534893972, 49.36759310140747], [-114.52888024131094, 49.36741372167429], [-114.52857095105932, 49.36723892108616], [-114.52847997458, 49.36718750228422], [-114.5280685549569, 49.36690410148602], [-114.52788595605271, 49.366743211624154], [-114.52782193138725, 49.36668848286259], [-114.5277096791444, 49.366559980152246], [-114.52759213026046, 49.36632454764194], [-114.52748359485543, 49.36610970845339], [-114.52725999502458, 49.36584336709027], [-114.526945820781, 49.365553657618285], [-114.52628208531874, 49.36519694727838], [-114.52617430951994, 49.36509030840624], [-114.52609611139938, 49.36495552759271], [-114.52597375495499, 49.36466241182257], [-114.52578462501722, 49.36441083714025], [-114.52564267689922, 49.36426375961678], [-114.52560582004901, 49.36412370207232], [-114.52566077349628, 49.3638053917799], [-114.52561208327018, 49.36367919225342], [-114.52550362046888, 49.36353390230698], [-114.52523887627581, 49.36331201073482], [-114.52509388492739, 49.36319043130918], [-114.5248653085029, 49.36297283764128], [-114.52470981789006, 49.36278890219593], [-114.52468032909339, 49.362677850414215], [-114.52469995476855, 49.36248710114089], [-114.52488959306582, 49.36193495933233], [-114.52495772743043, 49.36173657868421], [-114.52510006302542, 49.36125359144346], [-114.52510714851816, 49.36122972180686], [-114.52512358765408, 49.36117392721544], [-114.52519874749638, 49.3608715466962], [-114.52524584498808, 49.360538539874476], [-114.525269733362, 49.36007724941307], [-114.52522768176837, 49.35970185607256], [-114.52514686451617, 49.359348882999306], [-114.52509537375649, 49.35912408906531], [-114.52481342356974, 49.358520359259636], [-114.52481150725376, 49.35820850131151], [-114.52460723647081, 49.35790953976255], [-114.52460690801902, 49.35760745010173], [-114.5245829260238, 49.35749883789107], [-114.52447259155403, 49.3572733282477], [-114.52429355176504, 49.35701941121584], [-114.52402665535755, 49.356878526667444], [-114.5235621667372, 49.35672650215983], [-114.52193054470318, 49.356254217683926], [-114.52073806234256, 49.35589168192855], [-114.5204466239751, 49.35580307599533], [-114.5191435517281, 49.35531623185895], [-114.51814532623773, 49.354792721748645], [-114.51752356243064, 49.354396081917386], [-114.51726776977522, 49.35432863769537], [-114.51708845440902, 49.35431232814857], [-114.5169163842217, 49.354317483532725], [-114.51677427884049, 49.35434396669186], [-114.51622452414051, 49.3544920572794], [-114.51520754948656, 49.35482959290625], [-114.51398889113689, 49.35515052764769], [-114.51292040076481, 49.35556043893307], [-114.51158623500515, 49.355961432422255], [-114.51086056377292, 49.35609447672552], [-114.51019896959708, 49.35621581251611], [-114.50650758796556, 49.356552483966404], [-114.5062400574805, 49.356558419921804], [-114.5060036792704, 49.35640819339298], [-114.50596401980741, 49.356371980467586], [-114.50541556791825, 49.35587136755631], [-114.50491256007759, 49.35519832253294], [-114.50441083876973, 49.354661013737314], [-114.50418887636786, 49.354423323746325], [-114.5040520371627, 49.35433196850317], [-114.50392343070811, 49.35427183977018], [-114.50352149026394, 49.354160729360395], [-114.50343216122519, 49.35414248500835], [-114.50338154694705, 49.35413214941477], [-114.5033244110186, 49.35412048456337], [-114.50330378770076, 49.354116258340056], [-114.50271868911923, 49.35381390377478], [-114.50100703105382, 49.35280939426828], [-114.50090433995405, 49.35281792264681], [-114.500421811026, 49.35284512365626], [-114.49988856578027, 49.35281812353576], [-114.4991908766023, 49.3527372010004], [-114.49862630267216, 49.35264927118071], [-114.4983697264041, 49.352637922881094], [-114.49830120995023, 49.35263490431332], [-114.497674289127, 49.35260716880852], [-114.49619524877426, 49.352691084506], [-114.4948916761062, 49.35260622130219], [-114.49409156364983, 49.35241901342979], [-114.49366022796018, 49.352088434004706], [-114.49308905449183, 49.35192536828159], [-114.4929949060647, 49.35183694969007], [-114.49265905368637, 49.351521510752214], [-114.49224977845276, 49.35128425316623], [-114.49201245527092, 49.3510525822282], [-114.49183362844911, 49.35063991030901], [-114.49168111854058, 49.35021659493999], [-114.49148745517793, 49.349919839920915], [-114.49125814413874, 49.34939304086723], [-114.49093576199147, 49.348909214309046], [-114.49064651702791, 49.34869388562737], [-114.49060319502027, 49.34866163406028], [-114.49057819476205, 49.34864302070433], [-114.49049067293312, 49.348509092062876], [-114.49022707341778, 49.348332433092956], [-114.48966071803707, 49.347827104936286], [-114.48933284772178, 49.34761306016652], [-114.48898278696615, 49.34745792461233], [-114.48877542788274, 49.34735805229066], [-114.48849645281207, 49.34733312446619], [-114.48814229667697, 49.34736050563289], [-114.48773245222783, 49.34725033093582], [-114.48743367277837, 49.34710759500717], [-114.48711227243457, 49.34671374918096], [-114.48684358886445, 49.34598814992147], [-114.4867882711486, 49.345389013584146], [-114.4866988070905, 49.34497649241303], [-114.48656794201098, 49.34466736986115], [-114.48637980564739, 49.34442869211519], [-114.48609425199767, 49.344197123710934], [-114.4856602975225, 49.343974123434066], [-114.48512760495633, 49.34322959560659], [-114.48472902567936, 49.342785220275275], [-114.4845594441185, 49.34258279530373], [-114.48445342998677, 49.34235854912306], [-114.48437880667223, 49.34201245959113], [-114.484404503244, 49.341774071683936], [-114.4844642696226, 49.341455950328054], [-114.48449377405828, 49.34108236251849], [-114.48437614077582, 49.34043019412722], [-114.48401102993066, 49.33966949225872], [-114.48394517953656, 49.339055079168375], [-114.48372848098178, 49.33857169248837], [-114.4834915780946, 49.33819973109896], [-114.48341724963232, 49.338065362641544], [-114.48334513851988, 49.33786523402573], [-114.48300677782929, 49.33748179456999], [-114.48270757033877, 49.33714059486279], [-114.48238033833532, 49.33682959462921], [-114.48192837069115, 49.336547814868894], [-114.48146626723553, 49.33610773048903], [-114.48116753845372, 49.33579405240882], [-114.48102611278128, 49.33564938172856], [-114.48096209291845, 49.335491634165784], [-114.4809758945783, 49.33522149253009], [-114.48106853952069, 49.334862923235704], [-114.48113945962037, 49.33447343920523], [-114.48131533157122, 49.333289091350544], [-114.48149960969265, 49.33234552434535], [-114.48172784113017, 49.33170636947706], [-114.48191914955945, 49.33069351027534], [-114.4819621127278, 49.33041387754863], [-114.48197609176495, 49.330272594946365], [-114.48192062032246, 49.33011723295292], [-114.48160549931582, 49.32965452934038], [-114.48096335022194, 49.328911814519394], [-114.47993367853279, 49.327888924092946], [-114.47953660073232, 49.32753970353062], [-114.47921040747121, 49.32728116296429], [-114.47900689122503, 49.3270224330279], [-114.4789070791005, 49.32674202077665], [-114.47891097468558, 49.32651587784896], [-114.47901835525292, 49.326228234155955], [-114.47961920130167, 49.32585054890901], [-114.48050443843007, 49.32546045924718], [-114.48094004542251, 49.32526345914442], [-114.48133035560456, 49.325168058944556], [-114.48180465906471, 49.32499836770475], [-114.48236771793978, 49.32480412928854], [-114.48255080607598, 49.324753380828376], [-114.4828862271458, 49.324669323621805], [-114.48338013746317, 49.32453790439458], [-114.48408592939576, 49.32435352286531], [-114.48501929263817, 49.324186678395606], [-114.48636426536092, 49.32403930296536], [-114.48699251039328, 49.323923683943846], [-114.4873443763543, 49.32376923906486], [-114.48765349275868, 49.32365125738054], [-114.48800355517902, 49.3235227225399], [-114.48841540193528, 49.3234207095375], [-114.48919840875632, 49.32319785207408], [-114.48996622801376, 49.32309214740085], [-114.49042931770387, 49.32302483841702], [-114.4914560396601, 49.322652812757234], [-114.49178864666936, 49.32259907737013], [-114.49217398148657, 49.32244363110201], [-114.4923888656527, 49.32225463093736], [-114.492200957906, 49.3220926573697], [-114.49209027872132, 49.32191645750721], [-114.49214464700125, 49.32166112784487], [-114.492060621065, 49.32142438076558], [-114.49191055030619, 49.32124310324914], [-114.4912908980791, 49.320637767714345], [-114.49106500742039, 49.320295566874826], [-114.49056393611514, 49.31972232252656], [-114.49053206662526, 49.319449450900606], [-114.49059292923535, 49.3190427803481], [-114.49096250987384, 49.31821407586014], [-114.49159802562102, 49.31733892234061], [-114.49181749168369, 49.31704379190917], [-114.491888401852, 49.31691312112882], [-114.49188438084613, 49.31672568236975], [-114.49174611047827, 49.31645932074388], [-114.49170458153897, 49.31607652096069], [-114.4916952914785, 49.315379793028875], [-114.49156360111202, 49.31444601169852], [-114.49135338597362, 49.313936238132364], [-114.4909629997501, 49.3134038576433], [-114.49085390847118, 49.313255102380886], [-114.49064507737188, 49.313015959247814], [-114.48987731534815, 49.31254125089104], [-114.48907110749859, 49.31209921117061], [-114.48849325704018, 49.31187439228758], [-114.48776055204631, 49.31168119886026], [-114.48579401837884, 49.3109564701948], [-114.48515737800587, 49.31070965168933], [-114.4847200234941, 49.310808940612084], [-114.4844097708899, 49.31083790257053], [-114.48333035354402, 49.311133167912885], [-114.48128009294709, 49.312006148846436], [-114.48049948658515, 49.31226212963667], [-114.4795610608647, 49.31249859428891], [-114.47857625987837, 49.312605561963366], [-114.47810152557643, 49.31254148402986], [-114.47734687319104, 49.31212192839122], [-114.47656640358375, 49.31161545755872], [-114.47609005354386, 49.311243367954006], [-114.47575939519227, 49.310820491273205], [-114.47567297752022, 49.310576728815995], [-114.47553119630247, 49.31033145881186], [-114.47543577735969, 49.31018692993932], [-114.4752909836288, 49.310077012927074], [-114.47441182124477, 49.309672413395504], [-114.47397545824698, 49.30940594818282], [-114.47306065254617, 49.30866334883779], [-114.47223335034076, 49.3079309234591], [-114.47187307074157, 49.30756150408417], [-114.47126421866479, 49.30708018038555], [-114.47070623246, 49.30663790360894], [-114.47009643976331, 49.30623947165219], [-114.46945348282912, 49.3058996913228], [-114.46880590197239, 49.30559580033062], [-114.46751664990624, 49.30487296157969], [-114.46686330116056, 49.304682291923875], [-114.46653452113077, 49.304550304675686], [-114.46610805530707, 49.30421067866357], [-114.46566483602375, 49.30398005164542], [-114.46513201646242, 49.30378056883555], [-114.46446559882752, 49.30384512285129], [-114.46383306892656, 49.303946401383044], [-114.46354185537098, 49.30393369160432], [-114.4635133277595, 49.303932439720285], [-114.46225725013925, 49.30387760140039], [-114.46138604915437, 49.303750490967055], [-114.4604146105219, 49.30342290399274], [-114.45963289961863, 49.30295384047739], [-114.45951072030937, 49.30281313073777], [-114.45928975834524, 49.302565342677376], [-114.45893288070111, 49.30214769177611], [-114.4586911189508, 49.30179279495688], [-114.45731806782479, 49.30051014983663], [-114.45587989974865, 49.29937180131067], [-114.45491894323877, 49.298530059251625], [-114.45463096297499, 49.29829526055047], [-114.45431725199111, 49.29814071160569], [-114.45371008482084, 49.2977494397524], [-114.45306501377088, 49.29696401542032], [-114.4528725546653, 49.296597286355606], [-114.45239032288848, 49.295116473314316], [-114.45238181197058, 49.294907543441454], [-114.45226210401026, 49.29449976339498], [-114.45217092108636, 49.294279079679264], [-114.4518775661278, 49.29390850483562], [-114.45112454053495, 49.292772594603555], [-114.45100766329254, 49.29246711073745], [-114.45079803129886, 49.292221944177925], [-114.45031554000708, 49.29170923321691], [-114.44957649562201, 49.2908584796408], [-114.44919402890494, 49.29052063388073], [-114.44889180545074, 49.290288594397204], [-114.4485714762218, 49.290162711443365], [-114.44774620495421, 49.28979516368937], [-114.44747073396641, 49.28959836891936], [-114.44674364156386, 49.28917574979598], [-114.44638580243459, 49.28903692440486], [-114.44599175285134, 49.28892418287711], [-114.44594796497714, 49.288860214435196], [-114.44596549481996, 49.2887968333511], [-114.44630533754716, 49.28818794395706], [-114.4466258300163, 49.28788065920573], [-114.44705344240141, 49.287541472416315], [-114.44762060266699, 49.286904085648736], [-114.44825589234753, 49.28580859568265], [-114.44860396366558, 49.284965639315985], [-114.4487621640288, 49.28454172476268], [-114.44892269402364, 49.28409540137869], [-114.44926927316003, 49.28342012357806], [-114.44942704753905, 49.2830129942133], [-114.44946309392935, 49.28230785872681], [-114.44954926042917, 49.281990768650104], [-114.44989253832004, 49.28124016895312], [-114.45033468064524, 49.28065721354594], [-114.45084335621085, 49.27992974888763], [-114.45070264650106, 49.27970472275198], [-114.45041640814303, 49.27939036934739], [-114.45000707282368, 49.2789548394582], [-114.44959730978248, 49.27831416120628], [-114.44925791809214, 49.27774881323063], [-114.44909633528593, 49.27742470364974], [-114.44870580204878, 49.27677567100317], [-114.44867651018875, 49.2762765613972], [-114.44821795534813, 49.27555601428071], [-114.44801698657308, 49.2752002585804], [-114.44792736921018, 49.27485816931988], [-114.44797267167863, 49.27451171048728], [-114.44793089793471, 49.27410772349391], [-114.44798570972492, 49.27365121990332], [-114.44817631507443, 49.27319089064179], [-114.448288379962, 49.27283812906754], [-114.44850970842506, 49.27253001391244], [-114.44890640530687, 49.27231591081993], [-114.44912181846829, 49.27209779438706], [-114.44866184586829, 49.27174201927059], [-114.44840992938671, 49.27155441284709], [-114.4482687534749, 49.27132792333965], [-114.44842618088474, 49.27079419337591], [-114.44852553535476, 49.27026934862229], [-114.44845944396879, 49.27008150418162], [-114.44843862496832, 49.269850200771394], [-114.44848719882562, 49.26960970961183], [-114.44861701938346, 49.26919534869469], [-114.44872120530478, 49.268950013238964], [-114.44889585729511, 49.268696439698665], [-114.44898010759188, 49.26846088424833], [-114.44916816135162, 49.26827970342368], [-114.44938493492864, 49.26812794144801], [-114.44903549415012, 49.267812490788636], [-114.44879199886428, 49.26746880037593], [-114.44861817856066, 49.266946690372116], [-114.44859851398084, 49.26626065107363], [-114.44845602342261, 49.265717638284066], [-114.44839065738448, 49.26554496739585], [-114.44820520375498, 49.26525543248428], [-114.44795264175605, 49.26495450262631], [-114.44773980525876, 49.264715670680836], [-114.44755623598311, 49.264516368110066], [-114.44731797791174, 49.26432661240757], [-114.44710364217742, 49.26417694185], [-114.44674426730928, 49.26420232971032], [-114.44639524343135, 49.26425868435522], [-114.44597380244217, 49.26434952892361], [-114.44552897736598, 49.26446159424742], [-114.44499293223767, 49.26443758159378], [-114.4443511650249, 49.26459439960786], [-114.443752914165, 49.26463085136593], [-114.44339466667104, 49.26457781271931], [-114.4428293957005, 49.264544303005344], [-114.44178053157584, 49.264469432369545], [-114.4412158163805, 49.264470930233976], [-114.44086983371803, 49.26450565862525], [-114.44028640248364, 49.264676240070315], [-114.43992338191426, 49.26471889028011], [-114.439890287106, 49.26472278113578], [-114.43985854441507, 49.2647265111583], [-114.4397642939542, 49.264737581729584], [-114.43924737622464, 49.264140290324136], [-114.43887419502042, 49.26375410444997], [-114.43837059479941, 49.26344416797693], [-114.43784630379375, 49.26316259383802], [-114.43643735547943, 49.262516703885616], [-114.4359399029938, 49.26238856930712], [-114.43532559351047, 49.262150021280114], [-114.43472779442722, 49.262031910666295], [-114.43408557591243, 49.26193901380086], [-114.43375036260962, 49.261748162883706], [-114.43322783971324, 49.26166062081724], [-114.43213903122935, 49.26150498243486], [-114.43159855445721, 49.261379569270815], [-114.43076543784535, 49.2613267944586], [-114.4295166190603, 49.26131976377566], [-114.42884810395911, 49.261353053911776], [-114.42786468378618, 49.26152261515145], [-114.42713894789013, 49.261697891433535], [-114.42646474179354, 49.26190559534559], [-114.42537937422864, 49.26214297036236], [-114.42514450253535, 49.262181801978144], [-114.4247335800811, 49.26220125318831], [-114.42459575302841, 49.26218648001123], [-114.42432890716806, 49.2621432339709], [-114.42379959962176, 49.26198098237934], [-114.42315468199394, 49.261760014860755], [-114.42302979728112, 49.26171722253955], [-114.42209843603531, 49.26154701536419], [-114.42101181593237, 49.261402124855124], [-114.41958919683239, 49.26135490585099], [-114.41848606788126, 49.26144090620366], [-114.4181855981152, 49.2614901957433], [-114.41777271914583, 49.26155792551065], [-114.41711248791427, 49.261685422135436], [-114.41619959171652, 49.26184666037825], [-114.41507730632995, 49.262124126482725], [-114.41477233838005, 49.261925751485045], [-114.41418195801407, 49.26170355224286], [-114.41373110730214, 49.26155413189062], [-114.41336614402466, 49.261406641513425], [-114.41327899602487, 49.2613540036904], [-114.41297711786247, 49.261171564018305], [-114.41216859586109, 49.26073552676376], [-114.41186455604701, 49.26051975210434], [-114.41153718772212, 49.26022152525853], [-114.41114605926609, 49.260037764033925], [-114.41047072376145, 49.25996393257036], [-114.40985630520487, 49.26000444215524], [-114.40868153637898, 49.259995384896385], [-114.40802484538258, 49.25994576595344], [-114.40699642725025, 49.259330623302], [-114.40658586419424, 49.25923431315699], [-114.4060349366821, 49.259208106624], [-114.40558653527361, 49.25915952643984], [-114.40450496856083, 49.25909341769437], [-114.4041257239185, 49.259076837344935], [-114.40391893697131, 49.25907635196682], [-114.40376119495224, 49.2590777265377], [-114.40359697431916, 49.25905925550662], [-114.4033292831974, 49.259021514240224], [-114.4029692824883, 49.25885813348686], [-114.40248968383706, 49.258559365832554], [-114.40145736719808, 49.25806272635928], [-114.40069652191272, 49.25784774564911], [-114.39964167610405, 49.25746019787677], [-114.39943109560585, 49.25735956671922], [-114.39915016686635, 49.257273055745806], [-114.39838270117578, 49.257151217795176], [-114.39786781139277, 49.25716091430767], [-114.39741544396227, 49.25713807610011], [-114.39683033470112, 49.257130224643376], [-114.39620621035023, 49.25713228827941], [-114.39548848164628, 49.25713790830603], [-114.39434333446296, 49.25711195302231], [-114.39394436424836, 49.25706808256118], [-114.39345219046463, 49.25716139904796], [-114.39325361167205, 49.25712206425813], [-114.39298473233481, 49.256785173242775], [-114.39254131890465, 49.25649653395947], [-114.39229556446, 49.2562646377579], [-114.39214393316364, 49.25587815297834], [-114.3921603700963, 49.25556514640772], [-114.39223689945032, 49.25520126305496], [-114.3922205455836, 49.255021838085106], [-114.39160019029367, 49.25466099825176], [-114.39147794990416, 49.25438081820811], [-114.39146245553749, 49.25419210896971], [-114.39096242768566, 49.25397394694182], [-114.3905235645091, 49.25385981769365], [-114.38998036923243, 49.25369182467077], [-114.38958030016151, 49.253447515255175], [-114.38902280167667, 49.252968748021964], [-114.38856540815566, 49.252456043910136], [-114.3882126797594, 49.25201632796989], [-114.38787727845377, 49.25164978638063], [-114.38744091866567, 49.25126535324811], [-114.38684565831655, 49.250863457823804], [-114.3859738268465, 49.250510728279224], [-114.38557838636758, 49.25040995469711], [-114.384932147565, 49.25034832904666], [-114.38449787890332, 49.250324766187696], [-114.38402360633972, 49.25030135376355], [-114.38340149100682, 49.250319600039106], [-114.38299893549875, 49.25020721964946], [-114.38254432953396, 49.25016911558422], [-114.38209114223085, 49.25010330969376], [-114.38153196718626, 49.249978153837596], [-114.38023407638435, 49.24937507677601], [-114.38017790772491, 49.249168754505874], [-114.3800611087016, 49.24889913432194], [-114.37999578537422, 49.24868169596413], [-114.37998177960992, 49.247879600451455], [-114.37998744914533, 49.247782064726884], [-114.38002589615304, 49.24772784386846], [-114.38014120643061, 49.24766399985252], [-114.38027222407813, 49.24766898623642], [-114.38043427104161, 49.24764830842188], [-114.38090026925244, 49.24730804543478], [-114.38125869490058, 49.247087554060165], [-114.38150293569997, 49.24698170832483], [-114.38186309054502, 49.24677930853348], [-114.38210158020233, 49.246677863620526], [-114.38265892720523, 49.24659684388101], [-114.38295631461253, 49.24652356714573], [-114.3837496058247, 49.24614096725312], [-114.38397536072328, 49.246025347447684], [-114.38422064976072, 49.24596275390838], [-114.38425733417772, 49.245953399797635], [-114.3844779149839, 49.24588850887865], [-114.38484246984522, 49.24583239870104], [-114.38548491621437, 49.24572613376037], [-114.38621862605483, 49.245536876283325], [-114.38703170909157, 49.24538555357694], [-114.38827209673944, 49.24505569511844], [-114.3884880504135, 49.24498519811839], [-114.38869198152271, 49.24495727573016], [-114.38896207004967, 49.24498170762136], [-114.38963702058606, 49.24509395365098], [-114.38982402714984, 49.24510250781161], [-114.39026007143804, 49.24502679853432], [-114.39081489787327, 49.24496348280829], [-114.39119136094953, 49.24487295317656], [-114.39134078808527, 49.24480590857586], [-114.39151919908429, 49.244744552575376], [-114.39166556130691, 49.24470270815434], [-114.3925565091755, 49.2443131720933], [-114.39257896134195, 49.244304327233856], [-114.39271725262167, 49.24424974698103], [-114.39319429861472, 49.244034352309654], [-114.39381062575087, 49.24381433404791], [-114.39460218091114, 49.243543506967775], [-114.39492471710797, 49.24350628726577], [-114.3956158593556, 49.24332401647992], [-114.39621649815196, 49.24308572730412], [-114.39648582736426, 49.24300072709773], [-114.3967635680747, 49.24292536482511], [-114.39716814849075, 49.242860751616114], [-114.39756902712905, 49.2428158558976], [-114.398083828046, 49.24279871293005], [-114.3987973895425, 49.24271230633205], [-114.40002431790332, 49.242583526714114], [-114.40131185208772, 49.24239247514635], [-114.40144227396063, 49.24233296445841], [-114.40170189886007, 49.24198597052006], [-114.4018544915069, 49.24179899662266], [-114.40217829849375, 49.24144105465302], [-114.40253057061683, 49.241117926390984], [-114.40305342792082, 49.240480725698426], [-114.40314625274831, 49.240287150960036], [-114.40317640903386, 49.24008279565501], [-114.40316749721836, 49.23994916433941], [-114.4030661495776, 49.239499816249165], [-114.4030053810296, 49.238510597025915], [-114.40286565164165, 49.23772303476286], [-114.40285047284846, 49.23723728111484], [-114.40286609029171, 49.23694773165917], [-114.40309454833658, 49.23665077098019], [-114.40320547061988, 49.23637208062027], [-114.40327153090183, 49.236116841768066], [-114.40321711665104, 49.23576704082091], [-114.40308087193729, 49.235314661264134], [-114.40291407693441, 49.23497363464305], [-114.40278356062143, 49.23462077096028], [-114.40262831050555, 49.2338615318238], [-114.40263322648737, 49.23362617060316], [-114.40263740670242, 49.23342629372491], [-114.4027809609734, 49.2328129313775], [-114.40277596817593, 49.23256573208869], [-114.40270012942044, 49.23227910575332], [-114.40254076085905, 49.23193475119906], [-114.40227665079415, 49.23124270646483], [-114.40205688909766, 49.23085726091851], [-114.40184766958488, 49.230569059742635], [-114.40145085745087, 49.23004682123449], [-114.40117574649884, 49.22967585975258], [-114.40101588934665, 49.229351879360834], [-114.40098869512072, 49.229078770175406], [-114.40102512823462, 49.22880998283812], [-114.40122332591926, 49.22812226091329], [-114.40149811511372, 49.227567770492236], [-114.4016372507028, 49.22740330507523], [-114.40175501679839, 49.22732668619504], [-114.40229951323856, 49.22708851160306], [-114.40289477814783, 49.22694393022572], [-114.40345260431857, 49.22684105327968], [-114.40397158620344, 49.22656698267026], [-114.40417271570436, 49.22648985374194], [-114.40450409566111, 49.22642716977348], [-114.40499724968045, 49.22630372414933], [-114.40541440505226, 49.22605281489824], [-114.40565661874054, 49.225803311477165], [-114.40578475892399, 49.225621769277346], [-114.40590061868973, 49.2253686330319], [-114.40594861810509, 49.22516061391752], [-114.40594428976405, 49.22468616953108], [-114.40583435842397, 49.22444251044179], [-114.40564287040246, 49.224205834148876], [-114.40515162488374, 49.22382948596304], [-114.40474114078161, 49.223685459916105], [-114.40458671257166, 49.2236159499132], [-114.40450408829477, 49.22356814997797], [-114.40381337923402, 49.223199710720564], [-114.403201417571, 49.22285322124021], [-114.40286480268722, 49.22271323447943], [-114.40265082223078, 49.2226430342432], [-114.40235802166411, 49.222608459388226], [-114.40215298506426, 49.22257777025658], [-114.40199100414623, 49.22249943470367], [-114.4017719130772, 49.22232628008431], [-114.40161529427631, 49.222243634279536], [-114.40136831326404, 49.22219832455067], [-114.40036586660523, 49.22219056935229], [-114.39977264810824, 49.22215873132435], [-114.39862830473535, 49.22197990603492], [-114.39828311098373, 49.22185644086472], [-114.39808656250884, 49.221707634395244], [-114.39795899513108, 49.22164806070173], [-114.39771861467453, 49.221516402097755], [-114.3975477948393, 49.221422840179365], [-114.39682864603421, 49.22109888673698], [-114.39609435525489, 49.220697195924444], [-114.39570427190931, 49.2205408149286], [-114.39545973028955, 49.22046627312011], [-114.39531633092052, 49.22039528575305], [-114.3947674470484, 49.22022990631741], [-114.39464166705619, 49.220160054303875], [-114.39455190453207, 49.220077286678695], [-114.3945460516439, 49.21994777015588], [-114.39445537512577, 49.21968663492966], [-114.39432116267815, 49.21946989352613], [-114.39386977408688, 49.2193990923636], [-114.3941743295946, 49.219356951621386], [-114.3944393110969, 49.219247344478454], [-114.39485215531678, 49.21888050622546], [-114.39525939996719, 49.218553254138044], [-114.3957156665245, 49.21823430573305], [-114.39594277627249, 49.21793815035327], [-114.3961013830131, 49.217768705161255], [-114.39681446518829, 49.2172592929605], [-114.39702219575469, 49.217023994915294], [-114.39717219531468, 49.216785052998475], [-114.39749801467718, 49.21643384110044], [-114.39770931070895, 49.216152595546255], [-114.39817690404034, 49.21552531129238], [-114.39828700065763, 49.215450092094116], [-114.39836988459061, 49.215407440447386], [-114.39851400074406, 49.21534155015694], [-114.39885243432425, 49.215201394921024], [-114.39915733096797, 49.21489085983953], [-114.39949108994884, 49.21470301455304], [-114.3999731094188, 49.21441521507955], [-114.40025898064992, 49.214212724064005], [-114.40087510384033, 49.2139227697738], [-114.40192540239218, 49.21343007931964], [-114.40233303332946, 49.2131682139133], [-114.40219821513824, 49.21311101359416], [-114.40207695482061, 49.21300165876122], [-114.40181788520024, 49.21265214236307], [-114.40139359548664, 49.21241583999767], [-114.40088738254731, 49.21217048475902], [-114.40064693029032, 49.21206313059716], [-114.40060557496327, 49.21204465891206], [-114.40018697572023, 49.211857762487064], [-114.39964850851612, 49.21154688564187], [-114.39906586580773, 49.21113605896889], [-114.39897224469223, 49.211042369624245], [-114.39872921897074, 49.21079916954453], [-114.39844449133595, 49.21036447165329], [-114.39832219903924, 49.210217110219396], [-114.39790690926493, 49.20993701503665], [-114.39697726496247, 49.20956101387752], [-114.39675063105014, 49.20935621451098], [-114.39629590720135, 49.209047253010496], [-114.3956656445094, 49.20868398231899], [-114.39527586842709, 49.20850325883476], [-114.39481879264031, 49.208389504479484], [-114.39341013463394, 49.20796892405297], [-114.3933018431889, 49.207691511094126], [-114.39293130001305, 49.20764256974234], [-114.39217959171339, 49.20730483390296], [-114.39145059836585, 49.207056272002475], [-114.39089373262321, 49.206994215251704], [-114.39065186190112, 49.20700384082345], [-114.39033521560575, 49.20706612373144], [-114.39012866172327, 49.20705384035363], [-114.38994861545879, 49.20701879604252], [-114.38973328193424, 49.2068786928358], [-114.38903428681041, 49.206278544031456], [-114.38855304110766, 49.20595489254678], [-114.38820055123956, 49.20577972560334], [-114.38755900785745, 49.20549705335262], [-114.38737061475565, 49.205428311791415], [-114.38677710651756, 49.20538213094151], [-114.3861002155356, 49.20519940163312], [-114.38576665998596, 49.205051035006036], [-114.38561520954661, 49.20500915098125], [-114.38502597479419, 49.20491504092699], [-114.38474206648952, 49.20481519535087], [-114.3844945770319, 49.20476706047686], [-114.38384434948736, 49.204496770397704], [-114.38348233176609, 49.20438911143854], [-114.38317884028405, 49.204307105022465], [-114.38217884110287, 49.20407304051267], [-114.38177727862241, 49.20396393179589], [-114.38118613530983, 49.20364794375685], [-114.38104319535961, 49.203613660251236], [-114.38072472197742, 49.20356391299279], [-114.37971210261293, 49.2034282927809], [-114.37942690336813, 49.203414261189], [-114.37845276717023, 49.20342759696554], [-114.37839735440215, 49.20341691213534], [-114.37788680523235, 49.203173597247094], [-114.37732688438251, 49.20296109279282], [-114.37711296803982, 49.20288864223803], [-114.37683761370715, 49.20283157023403], [-114.37641347687057, 49.20278290573329], [-114.37594554791067, 49.20262423533175], [-114.3757956964322, 49.202599274109], [-114.37559737434789, 49.202586125491436], [-114.37545123886592, 49.20258279765673], [-114.3753824384, 49.20258339749318], [-114.37491381156919, 49.20269013319884], [-114.3746876121993, 49.20270213187029], [-114.37412281225924, 49.20253713242784], [-114.37379816737142, 49.20245365481907], [-114.37351128234832, 49.202418835222424], [-114.37338555491702, 49.202434435933846], [-114.37268482519603, 49.20263380388701], [-114.37254768192007, 49.20267392689324], [-114.37239580406717, 49.20270937119361], [-114.37226607693047, 49.2027145137371], [-114.37209126421784, 49.2026850817305], [-114.37145311377381, 49.20252215234401], [-114.37130796697598, 49.202505435964646], [-114.37115303615747, 49.20252601729738], [-114.37068705761165, 49.20271688174277], [-114.3705473659278, 49.202739507072906], [-114.370522676493, 49.20274661669436], [-114.37039143627261, 49.202807526359905], [-114.37014378434743, 49.202970855609365], [-114.37011291368637, 49.20298085610278], [-114.36959619200744, 49.20299199795559], [-114.36895161134973, 49.20300555263359], [-114.36800459209583, 49.20312518498473], [-114.36763300555513, 49.20313639760819], [-114.36704866207614, 49.20306200406496], [-114.36676712111442, 49.20307768847979], [-114.36626228054175, 49.20322181708653], [-114.36576934612005, 49.20328674585409], [-114.36538097172604, 49.20326841798429], [-114.36493271246482, 49.203184153383994], [-114.3648689642629, 49.20317215276878], [-114.36382870043337, 49.202599997593104], [-114.36339786021524, 49.202487114406566], [-114.36218142309649, 49.20222890870671], [-114.36176278347266, 49.20207814706811], [-114.36135500903255, 49.201876003997455], [-114.3611908986127, 49.20176594596698], [-114.36092173212322, 49.201585463535444], [-114.36066371761063, 49.20132048774683], [-114.3604869706555, 49.20099530821966], [-114.36041445524461, 49.20080812734821], [-114.35995052433859, 49.20003475280601], [-114.35970964092766, 49.199608172336234], [-114.35922776272123, 49.19880901748863], [-114.3588575622247, 49.19833630871018], [-114.35831543889776, 49.197740862100346], [-114.35800567706407, 49.19758246284666], [-114.3575451880653, 49.197305933368085], [-114.357339407475, 49.19709590752045], [-114.35672971023999, 49.196646307292816], [-114.35603532914674, 49.19640983715074], [-114.355497006274, 49.19615195407718], [-114.35490818577752, 49.19593706259364], [-114.35447818828574, 49.195819856279684], [-114.35445592871524, 49.195813805126434], [-114.35389876758475, 49.19566195420075], [-114.35320987564813, 49.195528082642745], [-114.35239716028256, 49.19529813417201], [-114.35175169570064, 49.19504405663261], [-114.35141787520146, 49.19497330774892], [-114.35090754009815, 49.19481721839753], [-114.35045589674452, 49.194735243259586], [-114.35010849033046, 49.194633166055155], [-114.3498481868815, 49.19450030845148], [-114.34962297924102, 49.19428173446538], [-114.3492594564239, 49.19401372859663], [-114.34908735888291, 49.19388684480569], [-114.34834421839697, 49.193348217948696], [-114.34819820442297, 49.19332843849361], [-114.34785332651433, 49.19339024411463], [-114.34765942921294, 49.19337892801695], [-114.3470816680806, 49.19329903849948], [-114.34657900415601, 49.193303645047955], [-114.34634292074556, 49.19329277377884], [-114.34603123518431, 49.193278417898874], [-114.34591355906697, 49.193266819519856], [-114.34572511864732, 49.1932482634849], [-114.34555931397655, 49.1933136646986], [-114.34542633845389, 49.19342844387844], [-114.34534534016471, 49.193527108764854], [-114.34498658406176, 49.193700153790736], [-114.34474707428087, 49.193752927753934], [-114.34468011424467, 49.193767689551116], [-114.34401593960501, 49.19398144465812], [-114.34265424997439, 49.194358638229446], [-114.34233204786803, 49.194477766670495], [-114.34185240237589, 49.19482112867649], [-114.34173546770994, 49.19490266451182], [-114.34158326801597, 49.195012554813964], [-114.34142840481113, 49.195201799093795], [-114.34113361646271, 49.195230928536084], [-114.34068122909449, 49.19536267672704], [-114.34032398286175, 49.19543833591514], [-114.34018106712321, 49.19552978805181], [-114.340120202762, 49.19563579947616], [-114.33930902838192, 49.19596611005039], [-114.33901997697292, 49.19607106547902], [-114.33888737750604, 49.196311297883916], [-114.33870613990209, 49.196584438149536], [-114.33846305462134, 49.19707013654068], [-114.33835524971848, 49.197343910991606], [-114.33825430767821, 49.197509549525684], [-114.33809736581998, 49.197669026698016], [-114.33757586914145, 49.19817370974], [-114.33730233780352, 49.198607954686345], [-114.33676226742469, 49.199229535938564], [-114.33663548706375, 49.19932194921226], [-114.33643813972061, 49.199372349192174], [-114.33504669370679, 49.19941032956281], [-114.33365429417078, 49.19941588409285], [-114.33338606737823, 49.19938373068783], [-114.33307707245666, 49.19932520097526], [-114.331911344766, 49.1991489172221], [-114.33182693771565, 49.19914052961872], [-114.33168745527774, 49.19912666505101], [-114.33021253704914, 49.198980098075765], [-114.32985891227268, 49.19893035030174], [-114.32949129158621, 49.19891986020169], [-114.32829101443363, 49.1989698404156], [-114.32788955631447, 49.19900462034537], [-114.3276217171237, 49.19900833119549], [-114.32738355626918, 49.198977407949144], [-114.32711898215823, 49.19897711229687], [-114.32677400163637, 49.19900480220316], [-114.32640500137214, 49.19903442076287], [-114.32603435481911, 49.19912088599725], [-114.32579416301597, 49.19913555093673], [-114.32526595615577, 49.19911489848208], [-114.32484295604321, 49.19915942107207], [-114.32433233666997, 49.19923924736779], [-114.32399970439985, 49.19936884647468], [-114.32343573744502, 49.199440338445434], [-114.32325079295006, 49.19947222723342], [-114.32267310508654, 49.19952882813423], [-114.32196099941247, 49.19959687933717], [-114.32109925077695, 49.199690240907394], [-114.32052167228001, 49.19974731224098], [-114.32006288360452, 49.19982088591477], [-114.31874952390156, 49.20003153782757], [-114.31838787118505, 49.20003382257178], [-114.31803616243043, 49.199998840658466], [-114.31789084514361, 49.199930648421805], [-114.31778507134665, 49.19982900273653], [-114.31764121369756, 49.19961724879214], [-114.31738502540843, 49.19942128637393], [-114.31723872077953, 49.19920673855583], [-114.31707732313589, 49.19911822946917], [-114.31684021216297, 49.19886216991582], [-114.31669873554225, 49.198756777214086], [-114.3164852324413, 49.19856997789755], [-114.31638041068987, 49.19844889328803], [-114.31615613380009, 49.198179177580194], [-114.31610743009934, 49.19786137744836], [-114.31603020000951, 49.197461938583196], [-114.31579017398502, 49.19707671303595], [-114.31581666939303, 49.19686577139432], [-114.31579299743558, 49.19677088605885], [-114.31562246887307, 49.196611628223835], [-114.3153627397322, 49.19630937636684], [-114.31526722489274, 49.19593460273939], [-114.3152462823482, 49.19571471928497], [-114.31517627014635, 49.1954844479839], [-114.31503266164532, 49.19509426699136], [-114.31499493382417, 49.1949870612483], [-114.31487664330794, 49.19478116965387], [-114.31469052032594, 49.19463742214108], [-114.314660398879, 49.19461482147836], [-114.31462177859095, 49.19458580987479], [-114.31410156008067, 49.19419522248582], [-114.31405559853206, 49.19416908636858], [-114.31402322242066, 49.19415069987954], [-114.31363503023633, 49.193930009210284], [-114.31333804199824, 49.19369086800689], [-114.31312509917556, 49.19346111872635], [-114.31300255201886, 49.19315511824496], [-114.31268779114514, 49.19294286663385], [-114.3122823528842, 49.19304026110253], [-114.31201296999, 49.19300880338258], [-114.31170286071226, 49.19268571257709], [-114.31112973291097, 49.19223433911551], [-114.31053006208867, 49.19207571853714], [-114.31016877028787, 49.19197264798105], [-114.30899642156821, 49.19167004180453], [-114.30808992983648, 49.19127464770232], [-114.30753348669434, 49.19110695109758], [-114.30669404145512, 49.19094342960153], [-114.30566442614392, 49.19083506746773], [-114.30496477549057, 49.19083651398413], [-114.30403292957543, 49.19085793890196], [-114.30333846440038, 49.19095686795042], [-114.30269695466052, 49.19099046835189], [-114.30167405926763, 49.1908127773849], [-114.3014813097024, 49.19077853315741], [-114.3011355564514, 49.190779101532804], [-114.3009389563977, 49.1907956037484], [-114.30040530976152, 49.190849519712444], [-114.30025882691065, 49.190840313593434], [-114.30019899359233, 49.19083313340058], [-114.29988201860675, 49.190534003566235], [-114.29970519244422, 49.19032137899098], [-114.29950898651072, 49.19003272087734], [-114.29888310991588, 49.18933593917703], [-114.29852284447209, 49.18902684894669], [-114.29812032707596, 49.18882508227768], [-114.29789839197485, 49.188646358975255], [-114.2976068194686, 49.188504140111725], [-114.29724292843615, 49.18841711421249], [-114.29672816713617, 49.18835812018376], [-114.29646181726231, 49.188377829211234], [-114.2957554772554, 49.188292914510306], [-114.29485050954283, 49.188254695467265], [-114.29470372627716, 49.18824849512243], [-114.29426241724522, 49.18818595928022], [-114.29333248125434, 49.18756861102154], [-114.29237681640824, 49.18702262357494], [-114.29182211304659, 49.186444552897655], [-114.29127804167624, 49.18623491446368], [-114.29102147384364, 49.18600302399848], [-114.29078894482926, 49.18586544279198], [-114.29045078929173, 49.18554520507141], [-114.29018152554086, 49.18519653350534], [-114.28972325585802, 49.18471871481108], [-114.28942457150721, 49.184217179332954], [-114.2890330406365, 49.18355971401091], [-114.28865383500722, 49.18276273380741], [-114.2885688164075, 49.182511979403166], [-114.28854105946942, 49.1821859786306], [-114.28870812507515, 49.18186975222497], [-114.28899014456358, 49.18120366879358], [-114.28918836878285, 49.18088641141307], [-114.2892905110818, 49.18060593360603], [-114.28918991188158, 49.18021815975104], [-114.28911706064761, 49.18011608161171], [-114.28884411097397, 49.179733605069096], [-114.2885745102953, 49.179041739972924], [-114.28813658271031, 49.17861051431535], [-114.28768472984632, 49.17829753302746], [-114.28710721992091, 49.17822875876605], [-114.28674427847133, 49.17821664934907], [-114.2863287623543, 49.17814873301625], [-114.28521538685169, 49.17803080432521], [-114.28434771047118, 49.178037392053405], [-114.28375681410252, 49.178001888306156], [-114.28332114153265, 49.17796311540267], [-114.28294221344684, 49.17794707022433], [-114.28253750846982, 49.177913842872925], [-114.28198907675713, 49.17785440446614], [-114.28148781900806, 49.17784691506968], [-114.2810286125258, 49.17813271569863], [-114.2807321679393, 49.178463850428805], [-114.2803861235354, 49.17876002541621], [-114.27957834163105, 49.179018243343464], [-114.2785573220164, 49.17912279332811], [-114.27810879852649, 49.17943016037193], [-114.27777303286632, 49.17966027042218], [-114.2768096973267, 49.18070813543788], [-114.2763820909005, 49.18103321263755], [-114.27621163192076, 49.18104755437538], [-114.27611565854929, 49.18105562610143], [-114.27556954888931, 49.18093061204011], [-114.27486707763205, 49.180923541384416], [-114.27418112078769, 49.1809322249779], [-114.27371212808734, 49.1809337345184], [-114.27368089682702, 49.18093909050519], [-114.27239665675009, 49.1811592129563], [-114.2711782959303, 49.181243316883155], [-114.27051165710864, 49.181124213449465], [-114.2702501451762, 49.181109032079085], [-114.27007849992808, 49.18106799337719], [-114.26995687459475, 49.181038915394154], [-114.26984956667238, 49.18099008312265], [-114.26928213896083, 49.18073188969405], [-114.2691635853725, 49.18047006471508], [-114.26886599723727, 49.18020753641174], [-114.26820119842222, 49.17984411624111], [-114.26773776585092, 49.179669484075156], [-114.267189428502, 49.17960482674487], [-114.26716545635551, 49.17960366493166], [-114.26712821688743, 49.179601864576775], [-114.2660151658126, 49.179548045593876], [-114.26504907285606, 49.17939742701906], [-114.26432977682475, 49.17937493536497], [-114.2632875632796, 49.17891615594198], [-114.26302594356456, 49.17878528376605], [-114.26230315603544, 49.178423723529846], [-114.26167606670225, 49.178184723891974], [-114.2609356722391, 49.17778854191041], [-114.26054742682443, 49.17752316196259], [-114.25999259608749, 49.17732174225361], [-114.25895549044621, 49.17702671727036], [-114.25811934241288, 49.17686785187825], [-114.25675687268347, 49.17679322693072], [-114.25624180576791, 49.17695380688489], [-114.25615943338488, 49.177011581181475], [-114.25605094207536, 49.177098317084806], [-114.25597852384209, 49.17719764639749], [-114.25591971668963, 49.17732607270161], [-114.25569140672675, 49.17782416204264], [-114.25527280625614, 49.178325832988136], [-114.25478307286824, 49.1789127377141], [-114.25425879368716, 49.17937702660558], [-114.25391605350332, 49.179670363116614], [-114.25278080752241, 49.18072194458324], [-114.25218098096191, 49.18142365366205], [-114.25168739573432, 49.18180577566505], [-114.25152879343132, 49.18236366585609], [-114.25099244724753, 49.18297103451309], [-114.25085227129347, 49.18332787320759], [-114.25073714257277, 49.183540446802255], [-114.2506366271404, 49.18372597579069], [-114.24920373542378, 49.1850120738563], [-114.24895609267334, 49.18528127352232], [-114.24873681288827, 49.18551967346779], [-114.24845401482605, 49.18570905404276], [-114.24771479528647, 49.186036183239665], [-114.24695843243867, 49.186447977660315], [-114.24669454215974, 49.186651009958], [-114.24631218043983, 49.18682974505953], [-114.24592009640914, 49.18671104759762], [-114.24567748585208, 49.1865308160862], [-114.24509525339818, 49.18600235867443], [-114.2448369608531, 49.18586537662938], [-114.24391459260035, 49.1854770551552], [-114.24328626465137, 49.1850608682911], [-114.24204594242154, 49.18489172003222], [-114.24073713385219, 49.18451752034188], [-114.24030806910874, 49.184301655287314], [-114.23947340524111, 49.18416956488554], [-114.23845157420408, 49.18412483534118], [-114.23751553982343, 49.18421062925585], [-114.23646377886736, 49.184516746242956], [-114.23611055991321, 49.18467470676171], [-114.23544506288026, 49.1849723845726], [-114.23468417826746, 49.18527817892939], [-114.23404293303025, 49.18534592721578], [-114.23311944855143, 49.18555467590922], [-114.2328357536204, 49.186051617683184], [-114.2327543145793, 49.18636449533435], [-114.23271268253792, 49.18656163073955], [-114.23206737962165, 49.187636339296255], [-114.2318430231456, 49.18783135927691], [-114.2316674489528, 49.18793907611621], [-114.23147181106901, 49.188182688669315], [-114.23134946972489, 49.18838272044726], [-114.23129624443513, 49.188469676670444], [-114.23114125109919, 49.18868665564772], [-114.23103220372705, 49.18891338573991], [-114.2308008036356, 49.18909521097358], [-114.2306032252359, 49.189183257108056], [-114.2303380105081, 49.18910936620806], [-114.22993724276704, 49.18897557861758], [-114.22922170057352, 49.18880105634101], [-114.22895572013917, 49.18876274114943], [-114.2281983592553, 49.18879596053051], [-114.22805488710104, 49.188801849891036], [-114.22765286186855, 49.188744985944425], [-114.22736306239028, 49.18875285644438], [-114.22665580257821, 49.188755766350376], [-114.22616755966202, 49.18879456100021], [-114.22553411316788, 49.18888341889891], [-114.22451602975869, 49.18895363149639], [-114.22383940305913, 49.188974096201015], [-114.22329589410376, 49.18893781162917], [-114.22291577207103, 49.18894650332532], [-114.22276004729244, 49.18891676104803], [-114.22261493209476, 49.188849567571395], [-114.22238409867087, 49.18873398666233], [-114.22208075245342, 49.188462366613955], [-114.22179191291934, 49.188076798626504], [-114.22117786766128, 49.187576811933795], [-114.22075271259394, 49.18705645750052], [-114.2206758014969, 49.18688465788189], [-114.22044994922386, 49.18670281248588], [-114.22030954996438, 49.186509799840465], [-114.22024411275743, 49.186261140927854], [-114.22020248654566, 49.185975321899484], [-114.22001743955214, 49.18520076786964], [-114.21986980180789, 49.184943560520715], [-114.21935844601104, 49.18462710192627], [-114.21824322748995, 49.184191703583124], [-114.21799902010457, 49.18411819997977], [-114.21771400055536, 49.183885256788464], [-114.2175875738506, 49.183587361419704], [-114.21755266591174, 49.18335803244686], [-114.21745408968242, 49.18304501280706], [-114.21737430944931, 49.182952489253594], [-114.21734909035759, 49.182923296397895], [-114.21708964647465, 49.182622367897984], [-114.21675710877034, 49.182366276708564], [-114.21609677447024, 49.181239812074274], [-114.21597290960234, 49.180942230933454], [-114.2159459282321, 49.18087750831797], [-114.21552756855053, 49.18028132154137], [-114.2153921731447, 49.179632419149215], [-114.21491903883897, 49.178640476953035], [-114.21498602539475, 49.178329948200656], [-114.2149742888095, 49.178175831494556], [-114.21500403756245, 49.17800934051243], [-114.21501222420015, 49.1776817799331], [-114.21513234829982, 49.17717634159118], [-114.21489928184091, 49.17697005743423], [-114.21470504307284, 49.17679814688969], [-114.21445162361586, 49.17659137963813], [-114.214086147803, 49.176383986046034], [-114.21385959842384, 49.17608443820255], [-114.21372490893842, 49.17594154117028], [-114.21373684419254, 49.175631721634964], [-114.21388053330345, 49.17528361173324], [-114.21401590856274, 49.17508405022646], [-114.21396875382496, 49.174909032198585], [-114.21382091328053, 49.174737831855325], [-114.21365734474048, 49.17454840009822], [-114.21343797298411, 49.17440447066551], [-114.21322129493227, 49.174206708743235], [-114.21310217214588, 49.17407347039516], [-114.21304131413746, 49.174005366490235], [-114.21272303639827, 49.17369625684642], [-114.21238705447286, 49.17342363736543], [-114.21226790695856, 49.1732972318563], [-114.2121767968013, 49.17320065143804], [-114.21193968075457, 49.172984585694266], [-114.21155455086524, 49.17286107048867], [-114.21126758511745, 49.17281356652833], [-114.21020873148841, 49.1723849606319], [-114.20883376309165, 49.17196214198607], [-114.20816341551762, 49.17172436153354], [-114.20738857072347, 49.17135903242298], [-114.20689372501937, 49.17112569589443], [-114.20601045359408, 49.17056086995191], [-114.20597976914442, 49.17054125156245], [-114.20574205330524, 49.17041456021986], [-114.20533394299218, 49.17016841205838], [-114.20499316856129, 49.17000436026152], [-114.20443779532708, 49.16991683138706], [-114.20250210256248, 49.16975311017472], [-114.20190890354657, 49.16967381381046], [-114.20187538134286, 49.16966932915829], [-114.20163956699751, 49.16963781311957], [-114.20011523186332, 49.169528058471364], [-114.19919848447873, 49.16953169001947], [-114.19813119993465, 49.169493420427585], [-114.19763384985363, 49.16950838684584], [-114.19704150150105, 49.169540587961535], [-114.19659534225536, 49.16955214963551], [-114.19616566926024, 49.169316981379055], [-114.1959036888004, 49.169251020966605], [-114.19519030184627, 49.169081303220366], [-114.19506969002106, 49.16905261399181], [-114.19464503744103, 49.168948949812986], [-114.19374314180105, 49.168635290783236], [-114.19344676627847, 49.168554711287406], [-114.19308179132584, 49.1684241297355], [-114.19250025488546, 49.16809896830783], [-114.19218443005258, 49.167956787605135], [-114.19144734576662, 49.167694710439335], [-114.19097454688601, 49.16764263288944], [-114.19024225476858, 49.16760541471303], [-114.18854439575243, 49.16734992322438], [-114.18780461038611, 49.16699746011672], [-114.18742055832192, 49.16688718133111], [-114.18700735802992, 49.166829279514744], [-114.18634430023042, 49.166732879856454], [-114.18562269963617, 49.16646535082688], [-114.18543776454815, 49.16636303345747], [-114.18517465444366, 49.16625114349527], [-114.1841575058148, 49.165931189272065], [-114.18348503301239, 49.16570170547956], [-114.18284723463995, 49.165485344430145], [-114.18207199590506, 49.16515874302443], [-114.18073298965695, 49.164755970550765], [-114.17989371741973, 49.16460023383386], [-114.17949071845068, 49.164506150747876], [-114.1792085613842, 49.16443034391972], [-114.17889455661404, 49.16434594438213], [-114.17885174251761, 49.164342724223026], [-114.17872624477937, 49.16433325377595], [-114.17809192291982, 49.164312925529785], [-114.17755333529824, 49.16428609262518], [-114.17708286629936, 49.16425225363169], [-114.17654503176551, 49.1641938147683], [-114.17610496063187, 49.16417434413239], [-114.17555735445549, 49.16410203532991], [-114.17526732173299, 49.16410845394527], [-114.17509590414171, 49.164050531606065], [-114.17485820654363, 49.16366571300768], [-114.17410040730726, 49.16321073114349], [-114.17368091544263, 49.16299038920372], [-114.17285718539162, 49.16248084088371], [-114.17257094199196, 49.162311603051776], [-114.17242230113173, 49.162205622745795], [-114.17236499301956, 49.16214757097578], [-114.17231043204498, 49.162081461276514], [-114.17224455491888, 49.161979022058674], [-114.17215430065114, 49.161746932590006], [-114.17207026926279, 49.16140682286394], [-114.17189766418286, 49.16101238923959], [-114.17190533373606, 49.16067256978779], [-114.17178769492517, 49.16019641511518], [-114.17156061201565, 49.15982575092594], [-114.17112622482576, 49.1594635261607], [-114.17065664178288, 49.15899225496948], [-114.17012206847535, 49.158573479878314], [-114.16979493298452, 49.15843274543007], [-114.1697246282976, 49.15837250026259], [-114.16957282283329, 49.15828763592908], [-114.16939935749294, 49.15819064137872], [-114.16891907378762, 49.15790841482148], [-114.16857924744647, 49.15776414429703], [-114.16840133213866, 49.15755765464837], [-114.16791795733323, 49.157329435856326], [-114.16729151365467, 49.15707065367858], [-114.16690086107222, 49.156983389940876], [-114.16656608068548, 49.1568716024398], [-114.16619615821548, 49.15676974539495], [-114.16580707991365, 49.156719551244905], [-114.1656398471201, 49.15670349262021], [-114.16557286634072, 49.156697061989576], [-114.16533375731143, 49.156617423121304], [-114.16471200807142, 49.15649415141469], [-114.1638146027046, 49.156211183624116], [-114.16358024841263, 49.15608431220905], [-114.16320340204665, 49.15586135193382], [-114.16255338148865, 49.15565604194412], [-114.16208833836471, 49.15546881631095], [-114.16194298743186, 49.15535724153926], [-114.16192782020084, 49.15533012511637], [-114.16183500912582, 49.155183183458114], [-114.16169735578289, 49.15498288079183], [-114.16161282616207, 49.15484187368978], [-114.16158024718895, 49.154648345164404], [-114.16159781956733, 49.154356370508324], [-114.16161100073411, 49.15411109275538], [-114.16193415652593, 49.15346372599269], [-114.16196402132718, 49.15327718949943], [-114.16195211820185, 49.15305434438318], [-114.16187104563052, 49.15287414436004], [-114.16162755558094, 49.15228696429886], [-114.16156390925094, 49.15209407401665], [-114.16143813613141, 49.151857641133134], [-114.16107018796312, 49.15157637179626], [-114.16036690935671, 49.151113332429574], [-114.16038833482315, 49.15084291348568], [-114.16023833571856, 49.15067652500138], [-114.16001605854534, 49.15048217040342], [-114.1597400772669, 49.150275583516], [-114.15962235576947, 49.150134416058755], [-114.15949595458294, 49.14992961549661], [-114.1592858951197, 49.14981249966943], [-114.15905585844631, 49.14972072527352], [-114.15857809041367, 49.14942814596388], [-114.15808777868277, 49.14918945533179], [-114.1577730001307, 49.14884478977703], [-114.15759915356004, 49.14871676527544], [-114.15703291454902, 49.14840735175119], [-114.15652827656692, 49.148192080741936], [-114.15612682454105, 49.147979352536176], [-114.15589642454944, 49.14789026167339], [-114.15544953305367, 49.147529931777264], [-114.15408324180696, 49.14683363656933], [-114.15352293317625, 49.1465087903954], [-114.15242502188264, 49.146017822956544], [-114.15210411289874, 49.14564888178594], [-114.15176548717122, 49.145424171804635], [-114.15152390759823, 49.14531002281779], [-114.1512008864862, 49.14521925552311], [-114.15084350532405, 49.144914571822554], [-114.15012837691688, 49.14459895165177], [-114.15006923492575, 49.14435455159715], [-114.15002051293554, 49.14412347493591], [-114.1500352412801, 49.143866913653824], [-114.15013257741128, 49.1436123913077], [-114.15043751169651, 49.14327506209746], [-114.15082276286898, 49.143115603982615], [-114.15126953106187, 49.14289676515489], [-114.15193604179535, 49.14249338453272], [-114.15309447440028, 49.141873791130195], [-114.15372121565981, 49.14159099026484], [-114.15437615030633, 49.141364325726194], [-114.15562702353948, 49.140768932847216], [-114.15643377709864, 49.14037857102913], [-114.1571116035041, 49.140102053619785], [-114.15783363669816, 49.139783324766576], [-114.15826050770113, 49.13960757079281], [-114.15909329419539, 49.139434705767606], [-114.1598878225501, 49.13944888062263], [-114.16027632594135, 49.13942734441785], [-114.16071530749186, 49.1393435254583], [-114.1618235968929, 49.13878581517983], [-114.16258676637209, 49.13824498292839], [-114.16358803599437, 49.137616460708415], [-114.16476411296966, 49.13690133051423], [-114.16540521634828, 49.13648258229757], [-114.16611686816807, 49.1360559240775], [-114.16647493251845, 49.1358747814095], [-114.16662755159913, 49.13576178842838], [-114.1666774698201, 49.1355046598981], [-114.16663044163882, 49.135349387623926], [-114.16650073187532, 49.13521036844661], [-114.16635540400306, 49.13470893085871], [-114.16593589406742, 49.134392169253815], [-114.16530505364403, 49.134170723627236], [-114.16379435067344, 49.133236504692405], [-114.1628126399171, 49.13242062061531], [-114.16215538391519, 49.13160369218712], [-114.16160063542183, 49.130884723933676], [-114.16136922152324, 49.130529601545035], [-114.16120852996046, 49.13021289873472], [-114.16081397674874, 49.12972815029975], [-114.16064817596497, 49.129403015107144], [-114.16058531082531, 49.12834732445663], [-114.16045134877893, 49.12819712998086], [-114.16022689161616, 49.12809449100023], [-114.15948837457357, 49.127995163744274], [-114.1591247044407, 49.12790167265959], [-114.15898552967599, 49.127752892758004], [-114.15889121899055, 49.12748554989278], [-114.15878319336043, 49.12731518271025], [-114.15845274953516, 49.127050092675034], [-114.15831870374122, 49.12676285408779], [-114.15830094116811, 49.126551879714164], [-114.15858485115554, 49.12621200103405], [-114.15867499372892, 49.12607305402725], [-114.15867616030187, 49.12593327319299], [-114.15850436016147, 49.12568563310087], [-114.15835468896263, 49.12541149855503], [-114.15816223870775, 49.125178788172335], [-114.15844359234919, 49.12497901526355], [-114.15860497399807, 49.12487236359639], [-114.15865614118587, 49.124726014178066], [-114.1586019413454, 49.124526303956195], [-114.1584156126178, 49.12425107253625], [-114.15813737409539, 49.123936620002155], [-114.15775232239719, 49.12357444073264], [-114.15708239954179, 49.123145053608134], [-114.15646826912105, 49.12268087988032], [-114.15601367058271, 49.122373671769985], [-114.15559028830766, 49.12218056921792], [-114.15526030052916, 49.12203740095856], [-114.15493641632875, 49.1217849635508], [-114.15470302953437, 49.121510015020995], [-114.15462511972366, 49.121273259590495], [-114.15453465559247, 49.12094754357184], [-114.15439212631486, 49.120595278327364], [-114.15416617198964, 49.12025642058649], [-114.15377368195045, 49.119926059073734], [-114.15353317055384, 49.11975643432392], [-114.15347892537967, 49.119527549436526], [-114.15334925500217, 49.119361929903576], [-114.15272024774389, 49.119017672033394], [-114.15227799120956, 49.11881045370615], [-114.15170369869323, 49.11863471094748], [-114.15118454357331, 49.11849821476628], [-114.15060370055878, 49.11845793149946], [-114.15019935812117, 49.11847827983973], [-114.14981587907172, 49.11848213014325], [-114.15010892636452, 49.11777521420431], [-114.15015183605477, 49.117601079297906], [-114.15017665472985, 49.11709677004803], [-114.15014172433341, 49.116176433538854], [-114.15005280782874, 49.11552825391664], [-114.15003989895006, 49.11470201448972], [-114.14999909865061, 49.11388409180532], [-114.149989078327, 49.113102910711966], [-114.15001126687261, 49.112507434426874], [-114.14993864674685, 49.11211740067021], [-114.14996208532202, 49.11181750449177], [-114.14993083340428, 49.11144282012419], [-114.14994480799194, 49.1106754779531], [-114.15005925975522, 49.11030134981378], [-114.15023637436907, 49.10990005352605], [-114.15047457483456, 49.10951471029704], [-114.15060268391, 49.10929392382391], [-114.15066864628733, 49.10913020098518], [-114.15064996890199, 49.10867744041559], [-114.1505568781181, 49.10822945258528], [-114.15028696720282, 49.10740621450183], [-114.15032136809695, 49.106988561505084], [-114.15029173630282, 49.10688549704177], [-114.1501894331154, 49.10668869118417], [-114.1501456113565, 49.1065118530321], [-114.15016712285487, 49.10631827859822], [-114.1505144506738, 49.10604434928854], [-114.1514435218071, 49.10546994264602], [-114.15182972177016, 49.10513941300009], [-114.1523820445729, 49.10436738123059], [-114.15280165885125, 49.10362674835864], [-114.15305738763371, 49.103337587334785], [-114.15362127634872, 49.10234849091028], [-114.15369979379642, 49.102158278206396], [-114.15371473605148, 49.101992548746516], [-114.15367603269186, 49.10180581241907], [-114.15362574216003, 49.1016758588462], [-114.15360113465799, 49.10162318789702], [-114.153499334547, 49.101346052645404], [-114.15328104941183, 49.10090176131776], [-114.15330270155813, 49.1007713867508], [-114.15338776805363, 49.10057074177914], [-114.15340412247797, 49.100296722698026], [-114.15338670114953, 49.100179212959716], [-114.15330298634002, 49.099976586693515], [-114.15305866458088, 49.099574941844864], [-114.15284790139408, 49.099039490618765], [-114.15218206373163, 49.09830138669196], [-114.15182542969188, 49.0977053808352], [-114.15155081056768, 49.09738916080818], [-114.15133750213461, 49.097201077011924], [-114.15091655159006, 49.09696652900064], [-114.1505989199895, 49.096814587539896], [-114.15046223035857, 49.09669356820914], [-114.15038067352647, 49.09641178772904], [-114.15023133924113, 49.09605493000422], [-114.14987428219477, 49.09566074895339], [-114.14933796538278, 49.095161400371715], [-114.1490770420959, 49.09486292264867], [-114.14858213775642, 49.09437685259523], [-114.14822497027214, 49.09399634787014], [-114.14771035116472, 49.09372840078734], [-114.14761964203166, 49.093659639348196], [-114.14738673898118, 49.09344687692354], [-114.14688918880795, 49.09293609685137], [-114.14646164717547, 49.09266952379522], [-114.14568583924759, 49.092242349442174], [-114.14505638728066, 49.09164094920218], [-114.14443049037547, 49.09121693016133], [-114.14425645366804, 49.0911173883881], [-114.14353093681328, 49.09054789138535], [-114.14333722140601, 49.090366678268424], [-114.14315144553483, 49.090117052297984], [-114.14305396265237, 49.089947730039995], [-114.14254907116694, 49.08937372337559], [-114.14233353617358, 49.089113614049694], [-114.14215591709933, 49.088820568175784], [-114.14190189810928, 49.08855010366304], [-114.1415268712962, 49.08825523267964], [-114.14146622048506, 49.08817454990809], [-114.14138678643691, 49.08801367209607], [-114.14121499883515, 49.087843988036745], [-114.14094489000546, 49.08765598211782], [-114.14084569600398, 49.08753762036954], [-114.14074061783964, 49.087447432696294], [-114.14057451511252, 49.08736189132946], [-114.1402669478024, 49.08724867821783], [-114.13960316155018, 49.08697667836785], [-114.13937046886075, 49.08682114864498], [-114.1390034570872, 49.086626477870176], [-114.13891266863388, 49.0863642327054], [-114.13875169032089, 49.086129510740435], [-114.13841940432444, 49.0857902780119], [-114.1381176693298, 49.085606438915214], [-114.13765276001632, 49.08539551085939], [-114.13726666933714, 49.08525601379749], [-114.13636193433737, 49.08483943914115], [-114.13583688866392, 49.08456163942268], [-114.13545542451118, 49.084406640026785], [-114.13481516658989, 49.08425036934089], [-114.13400776447234, 49.08366831141526], [-114.1334908886604, 49.08333282134118], [-114.13299194457458, 49.08308756214151], [-114.13233152639941, 49.08285556859209], [-114.13232115834013, 49.08237807947805], [-114.13222216494283, 49.08185196891979], [-114.13211978321941, 49.08125201381268], [-114.13214476284048, 49.08092154268727], [-114.13203821477069, 49.08081441371663], [-114.13200371323998, 49.08071096180949], [-114.13195906772104, 49.08034847873974], [-114.1317808223473, 49.08013307860614], [-114.1316998419808, 49.079899801318135], [-114.1316219052782, 49.07965873012303], [-114.13150004840517, 49.07950552453265], [-114.1311709956459, 49.07917883244885], [-114.1306308846864, 49.078807277909355], [-114.13012555682954, 49.07849778254531], [-114.12970308581683, 49.0782713229907], [-114.1293593110589, 49.078131878849035], [-114.12896060049881, 49.078036878527556], [-114.12822170366343, 49.07793029241385], [-114.12772028577766, 49.07769598123971], [-114.1270781543075, 49.07747889739286], [-114.12682870896528, 49.07736805310777], [-114.12645552842908, 49.07725643924689], [-114.12615841933122, 49.07716901415673], [-114.12515075406162, 49.07669447824143], [-114.12445301196213, 49.076435878415886], [-114.12364995459939, 49.076074491688665], [-114.12263014132647, 49.075665724847184], [-114.12216017332536, 49.07551309139848], [-114.12156521938351, 49.07537987193766], [-114.1205565539648, 49.075017859618114], [-114.11974346894584, 49.07486466036759], [-114.11806070709865, 49.07430885332465], [-114.11714032712788, 49.07403298927426], [-114.11595755296477, 49.07386176927299], [-114.11577041611662, 49.07380798887888], [-114.11565421772772, 49.07368695137072], [-114.11525006743094, 49.07309494459635], [-114.11498221759018, 49.07228207972313], [-114.1148069780519, 49.07171929203407], [-114.11468695833832, 49.071500751433746], [-114.11453326877903, 49.071286551008804], [-114.11427246005233, 49.07094942102394], [-114.113779724822, 49.0704406415824], [-114.11336020871721, 49.07010090482671], [-114.1122453705992, 49.0692740934254], [-114.1110350779275, 49.06829159016094], [-114.11011824030405, 49.06777620300518], [-114.10990494962542, 49.06761545485224], [-114.10948081257517, 49.06717412578506], [-114.10919068430549, 49.066802963697235], [-114.10862850266041, 49.06632202197093], [-114.10821645814623, 49.06593661477017], [-114.10795796912393, 49.065622551323074], [-114.10738642611486, 49.06527889949103], [-114.10706285709443, 49.06484466013727], [-114.10664265792836, 49.06458255148196], [-114.10645377499478, 49.06439202177276], [-114.10615943114843, 49.064309951364635], [-114.10489989546524, 49.063497279918494], [-114.1046855935115, 49.06344156980468], [-114.10431165585801, 49.06340803479464], [-114.10413200619789, 49.06336892625854], [-114.10349044277096, 49.063048312842525], [-114.10291088154648, 49.0627855121683], [-114.10234476719776, 49.06256388044213], [-114.10184837109975, 49.06230143503775], [-114.10148936618417, 49.06216289372314], [-114.10092839079515, 49.06182414422521], [-114.10040922389602, 49.06136811350412], [-114.09979716473887, 49.060895054567546], [-114.09936332066603, 49.060619144555], [-114.09886674667847, 49.060379524954065], [-114.09778291921916, 49.060061906646034], [-114.09723571889651, 49.05987665561394], [-114.09669258277951, 49.0597897131359], [-114.09618055018666, 49.05969583566108], [-114.09538298386141, 49.05946490708178], [-114.09408358944557, 49.05911678427936], [-114.09349767281736, 49.058983965327464], [-114.0927773322709, 49.058764055402094], [-114.0922584584884, 49.05867505450044], [-114.09155654946356, 49.058605661748004], [-114.09021327906898, 49.05849257114709], [-114.08954000125598, 49.058448184852345], [-114.08907393108115, 49.05845119170272], [-114.08864831172411, 49.05848087502023], [-114.08834427109521, 49.05852577210926], [-114.0876381488957, 49.058702816274405], [-114.08691390923768, 49.05878453273181], [-114.08619540692827, 49.05888585632439], [-114.08556510975872, 49.05908223729374], [-114.08471049686766, 49.05918117179596], [-114.08387658813334, 49.059440752202555], [-114.08309305038264, 49.05958826271295], [-114.08236027812194, 49.05985041750927], [-114.08160923203116, 49.06000411402964], [-114.08086056689883, 49.060256863573564], [-114.08035867601096, 49.06028456618107], [-114.08004400001339, 49.05947320591124], [-114.07990761923678, 49.058964314065], [-114.07981065138482, 49.058736701273105], [-114.07949431454882, 49.057838605251774], [-114.07903029594878, 49.05724318544157], [-114.07861860490345, 49.05643261781522], [-114.07835762470057, 49.056061876053974], [-114.07822488980999, 49.055727327315125], [-114.07801998578168, 49.05542350140568], [-114.07753104967304, 49.054797494551096], [-114.07746703119129, 49.05467199159398], [-114.07701014056022, 49.05406230233369], [-114.07665748835865, 49.053681262457424], [-114.07653153870567, 49.05358659178102], [-114.0762484861653, 49.05348484459539], [-114.07597682172826, 49.05343005624039], [-114.07576626659852, 49.05319461878428], [-114.07533180203178, 49.05301486380486], [-114.07442406718557, 49.052458482160695], [-114.07369969380558, 49.05205294640979], [-114.0729616670478, 49.05172991537447], [-114.07218469289387, 49.05147845648839], [-114.07179584845814, 49.05123595354312], [-114.07139020239231, 49.05092921743316], [-114.07019844676888, 49.049966773366826], [-114.0693265946876, 49.04951654765763], [-114.06851516323674, 49.04893735336737], [-114.06801230363675, 49.04855075433982], [-114.06782428501707, 49.048102895207], [-114.06758493557066, 49.04780948291963], [-114.06698408425423, 49.04746290837464], [-114.06694801931495, 49.04742754826897], [-114.06664953638162, 49.0468909354331], [-114.06618194221511, 49.04662731546798], [-114.06572157276184, 49.04635042409592], [-114.06557275391857, 49.04628885716766], [-114.0655159604796, 49.04626535363842], [-114.06528113634636, 49.04619577340348], [-114.06506679265513, 49.04615369673084], [-114.06464390835934, 49.04617463821015], [-114.06248724414037, 49.04624933545255], [-114.06340394054553, 49.04326047665855], [-114.0616344863412, 49.03583541897221], [-114.0592788467067, 49.031168115189764], [-114.05754268477853, 49.02801860459094], [-114.05549036589848, 49.02711379169227], [-114.05416200405561, 49.02619348353445], [-114.05470167643035, 49.02419563725063], [-114.05529319148357, 49.02320977194285], [-114.05615933395092, 49.021940766349346], [-114.05713443603594, 49.02008100526127], [-114.0576311473921, 49.01949203611746], [-114.05859278435007, 49.01818806234318], [-114.06022803715513, 49.01698148109422], [-114.06037221739759, 49.01685391409306], [-114.06048752588478, 49.016706216037896], [-114.06079553283053, 49.01639408078653], [-114.06142995314966, 49.01585614619703], [-114.06205766293527, 49.01527835297085], [-114.06277170067825, 49.01453541732028], [-114.06351559253558, 49.013935390015455], [-114.06405424355826, 49.01342908104589], [-114.06481378356911, 49.0127484803553], [-114.0662292613401, 49.011399461927454], [-114.06718239066555, 49.01052357075122], [-114.06774662236914, 49.00995313092781], [-114.0684059660916, 49.00925374481965], [-114.06909582237081, 49.008561834778526], [-114.06928891238768, 49.00839203554004], [-114.06947769478278, 49.00821929263878], [-114.06963234467975, 49.00800073198619], [-114.06979153389285, 49.00769293216607], [-114.07017394705886, 49.007189821679965], [-114.07069171356443, 49.006477821451334], [-114.07103270066571, 49.00607443479488], [-114.07143376595509, 49.00567256377703], [-114.07162163552285, 49.00545422095187], [-114.0724962610106, 49.00473027226401], [-114.07232796451501, 49.003705040549015], [-114.07177958409193, 49.002694130731655], [-114.07090298289941, 49.00172810473663], [-114.07053583483386, 49.00134163357932], [-114.07009137038834, 49.00085852368191], [-114.06964692412306, 49.00035609768961], [-114.06927976936072, 48.99998894942522], [-114.06887397014567, 48.9996217886604], [-114.06820815106099, 48.998867711242674], [-114.0427081391594, 48.99883992713359], [-114.00135042028228, 48.99878855648843], [-113.97498591097799, 48.998756598354085], [-113.9387914519421, 48.998701047997365], [-113.90606922616931, 48.998673270307], [-113.87533528382778, 48.99850671180126], [-113.87115255973951, 48.99847883579789], [-113.82493033181827, 48.998228839895035], [-113.76998586291602, 48.99792329087738], [-113.74263867617753, 48.99777216514358], [-113.71112474728544, 48.997589969417106], [-113.69479140187906, 48.99750662919732], [-113.6509580616461, 48.997756633898916], [-113.60970805338472, 48.99797886963676], [-113.58248582315312, 48.99811775612979], [-113.56784692971767, 48.99806220340325], [-113.52695805071889, 48.99783998106327], [-113.4940969142897, 48.99792332056361], [-113.46079136409976, 48.99800665355172], [-113.43262468788976, 48.998034437635965], [-113.38806913025205, 48.99808999694702], [-113.3791246759079, 48.99808999826822], [-113.37879133510519, 48.99809000443849], [-113.34612466167104, 48.998145555257885], [-113.31579131987544, 48.9982011206727], [-113.28734687585755, 48.99822890465976], [-113.26029130976035, 48.99825667388817], [-113.22437464272551, 48.99831223978275], [-113.20837463399778, 48.99834002276556], [-113.17329129196042, 48.99839557433463], [-113.14137462626147, 48.99842335770772], [-113.10498572863911, 48.998478917159495], [-113.06437461016468, 48.99853447555633], [-113.03768016573221, 48.99856225969722], [-112.99031902516907, 48.99861782662862], [-112.95301346474454, 48.99853448710929], [-112.92395790928862, 48.99847894184965], [-112.88948568184684, 48.998506714616376], [-112.85559678364577, 48.99853449856736], [-112.823207881398, 48.998534501138074], [-112.79148566116046, 48.99856228457777], [-112.76020787291031, 48.99859006885488], [-112.72531898894967, 48.99861785457109], [-112.69431898212358, 48.99867340621637], [-112.65787452308756, 48.99867342221592], [-112.62462451707759, 48.99870119317024], [-112.59404116828051, 48.99872897727657], [-112.56443005028106, 48.99872898080904], [-112.53123560453132, 48.998728983259106], [-112.49437448879377, 48.99875676876222], [-112.47245781287928, 48.99867344205426], [-112.43937447471366, 48.99853455531385], [-112.39326334454493, 48.99870121792903], [-112.35381889759671, 48.99870122142777], [-112.33434667319499, 48.9987012362001], [-112.29865222585367, 48.99870122819815], [-112.26851332884003, 48.998701243135656], [-112.23881887031118, 48.99870124626024], [-112.197652205029, 48.99867347075998], [-112.15965218359125, 48.998673480816436], [-112.12942996974981, 48.99867347707616], [-112.10101328003027, 48.99867348654213], [-112.0641243947435, 48.99867349068937], [-112.02365216517934, 48.99867348935582], [-111.995374365862, 48.998534608112635], [-111.96948547770761, 48.998423501053544], [-111.9587354807346, 48.99839572834694], [-111.9448743562558, 48.99834017457962], [-111.91465214256549, 48.99820127964204], [-111.89473546654881, 48.99814573343149], [-111.86917990025094, 48.99800684575834], [-111.83256879676732, 48.99784018598793], [-111.80729099539226, 48.99772907818632], [-111.76931876837936, 48.99753464376376], [-111.73954098188449, 48.99742353734756], [-111.70231874780777, 48.997256869618056], [-111.66962430869002, 48.9971179954973], [-111.63645762892499, 48.99697910868911], [-111.60362428140319, 48.9968124482313], [-111.57570761613339, 48.996673561296504], [-111.5462076047749, 48.996729125276126], [-111.52106871520834, 48.99675690894375], [-111.48037425247831, 48.99684024192228], [-111.44512425127962, 48.996895820344356], [-111.40829090819975, 48.996979151843746], [-111.38365201227647, 48.99703470344631], [-111.35684645080735, 48.99709026783522], [-111.3192908887658, 48.997145831798555], [-111.2784297640526, 48.99722917244187], [-111.23809642614924, 48.9972847370157], [-111.2023464177619, 48.99736808388968], [-111.18070752343378, 48.99742364757813], [-111.15004084589232, 48.99750697939704], [-111.10792973332163, 48.99761809895899], [-111.08959639252475, 48.99764589514597], [-111.0428463813665, 48.997784790812624], [-111.00967970322824, 48.99786812260809], [-110.97579081227634, 48.997951474120065], [-110.94659634894998, 48.998034820282975], [-110.92504079573291, 48.99809038243818], [-110.8801518940851, 48.99814594859227], [-110.85440189612719, 48.99825706048143], [-110.82620744394988, 48.99839596037912], [-110.7839296545865, 48.9985070877935], [-110.74792964531309, 48.99861820712207], [-110.71701296901544, 48.998645990826674], [-110.67531311966876, 48.99871606625633], [-110.6484573927054, 48.99875712741163], [-110.61912404287033, 48.99878491055993], [-110.58154071894216, 48.998840489179166], [-110.55837404237415, 48.99886827885824], [-110.51417957958289, 48.99892384535666], [-110.49215179620207, 48.9989516279307], [-110.44792955860879, 48.99903498012861], [-110.42256844958328, 48.99906277017782], [-110.38215176437011, 48.999118335933716], [-110.35331842902434, 48.99914613299246], [-110.32609619641352, 48.99920170251766], [-110.28651285273466, 48.999257267452705], [-110.25784618832196, 48.999312839419275], [-110.22751283895057, 48.99934064199467], [-110.2164295083552, 48.999368416453315], [-110.21509616429297, 48.99936842380605], [-110.19170728283466, 48.99939621952475], [-110.14870726139506, 48.99945179280417], [-110.10948501976175, 48.999507364500204], [-110.07990168275363, 48.99953516070805], [-110.04362389439534, 48.999590731031276], [-110.00509073180613, 48.9996165034266], [-110.00509077039335, 48.99979698681913], [-110.0050921584584, 49.007019406614575], [-110.00509357954863, 49.01424725864194], [-110.0050949617745, 49.021471460144234], [-110.00509632444533, 49.028695667585254], [-110.00509771365759, 49.036111595986135], [-110.00509907105854, 49.04334661610053], [-110.00510040251085, 49.05058164907311], [-110.00510169962305, 49.0578166693288], [-110.00510302504166, 49.06523256057933], [-110.0051043022408, 49.07246754125486], [-110.00510556915516, 49.079702542671924], [-110.00510679553203, 49.0869375112952], [-110.00510679888859, 49.09435107242767], [-110.00510677388341, 49.101583738482546], [-110.00510669311493, 49.10881638369472], [-110.00510663565025, 49.116049067318556], [-110.00510654785913, 49.12346257933607], [-110.00510643878741, 49.13069520581103], [-110.00510631240395, 49.13792783832284], [-110.00510618583333, 49.14516047041118], [-110.00510604502863, 49.15257393677113], [-110.00510587948789, 49.15980655007653], [-110.00510568551523, 49.167039143726136], [-110.00510539279864, 49.17427178850362], [-110.00510494071528, 49.17445244016555], [-110.00510852846521, 49.18169697045372], [-110.00511210393432, 49.188936565618654], [-110.0051124563667, 49.19617279180337], [-110.00510555336396, 49.20340776660401], [-110.00510422713744, 49.21082249586209], [-110.00510291793492, 49.21805638693174], [-110.00510160481686, 49.22529025761144], [-110.00510024964495, 49.23252410444737], [-110.00509886548446, 49.23993645943975], [-110.00509750021553, 49.24716795674067], [-110.00510036649888, 49.254404776471866], [-110.0051032513697, 49.26162010065416], [-110.00510307834595, 49.26903643011101], [-110.00510290562607, 49.27627186887348], [-110.00510270876042, 49.2835073277832], [-110.00510251018848, 49.29074274838701], [-110.00510226068941, 49.29815905097953], [-110.00510200962664, 49.30539445221567], [-110.00510174082063, 49.31262986487327], [-110.0051014730941, 49.31986526635794], [-110.00510116398755, 49.32728151220646], [-110.00510090873084, 49.33451690614309], [-110.00510089552662, 49.34175233176045], [-110.00510089175759, 49.348987746566294], [-110.00510178414083, 49.35640188879821], [-110.00510268302202, 49.363635186291035], [-110.00510353531199, 49.37086845793841], [-110.00510438933637, 49.378101716638476], [-110.0051052498081, 49.38551581952566], [-110.00510616122158, 49.39274907261887], [-110.00510689183602, 49.399982317464875], [-110.00510766668778, 49.407215538599516], [-110.00510845049625, 49.41462960920977], [-110.00510918109667, 49.42186273930225], [-110.0051098731417, 49.42909579167681], [-110.00511055269348, 49.436328862903046], [-110.0051035345391, 49.44374505180722], [-110.00509990463897, 49.45094944564105], [-110.00509948043369, 49.458193845049124], [-110.0050925394595, 49.46542627853901], [-110.00508875297207, 49.4728484273716], [-110.0050882721369, 49.48007976929519], [-110.0050887247993, 49.48731797791466], [-110.00509237818552, 49.49454714617066], [-110.00510596093488, 49.50195932675783], [-110.00508980860546, 49.50920230766833], [-110.00509308129955, 49.51643516050177], [-110.00509309570626, 49.523658760043425], [-110.00509531474283, 49.52383847122812], [-110.00509935592899, 49.531075671043965], [-110.0051039238223, 49.53831236199938], [-110.00510179883302, 49.54555617482763], [-110.0051039231121, 49.55279540270657], [-110.00510610439649, 49.5602154612103], [-110.00510818222587, 49.56745465556374], [-110.0051102700732, 49.574693842724244], [-110.00511234847012, 49.58193302365023], [-110.00511473797404, 49.589353018959486], [-110.00511715283022, 49.596592134305176], [-110.00511953464522, 49.60383125860175], [-110.00512191560139, 49.61107037523402], [-110.00511905562159, 49.61849115532549], [-110.00511623779711, 49.62570125935139], [-110.0051133991133, 49.63295564800849], [-110.00511379528717, 49.640188138548076], [-110.00510754655376, 49.64760526772203], [-110.00508738517722, 49.654821862696124], [-110.00510335008363, 49.662073830496674], [-110.00510286018475, 49.66931713415637], [-110.00511226916761, 49.67670709711935], [-110.005109426285, 49.683938915609275], [-110.00511305272846, 49.691171607659285], [-110.00510367485016, 49.698403944129886], [-110.00508483758848, 49.70582996303934], [-110.00506645177117, 49.71307739571128], [-110.00506910440372, 49.72030728706832], [-110.00507173307706, 49.727542854723104], [-110.005082436638, 49.734923745407634], [-110.00509288464885, 49.742158501266715], [-110.00508616918144, 49.74939150821838], [-110.00508613249711, 49.756621889839714], [-110.00508277402737, 49.76403583210253], [-110.00507946648027, 49.771263491037665], [-110.00507289373152, 49.77850378293754], [-110.00509232216757, 49.785741369654], [-110.0050878210634, 49.79314913271482], [-110.00508343364565, 49.80038508074471], [-110.00507902321769, 49.80761741690178], [-110.0050745928368, 49.81484972659346], [-110.00507005855354, 49.82226287599123], [-110.00506559038823, 49.82948975398481], [-110.00506108198458, 49.83672184478717], [-110.00505650451926, 49.84395371072363], [-110.00505178162378, 49.85134832955613], [-110.00504714706706, 49.85859824097095], [-110.0050425160622, 49.86583549836949], [-110.00503786054907, 49.87308540987985], [-110.00503793791371, 49.87326624841721], [-110.0050383131963, 49.880500067491724], [-110.00503868166581, 49.88773388225982], [-110.0050390444443, 49.89496768196566], [-110.0050393774814, 49.902201483578146], [-110.00503972679, 49.909616089788685], [-110.00504001207163, 49.91684987045592], [-110.00504021448926, 49.924083627327335], [-110.00504037845388, 49.93131736232091], [-110.00504052609038, 49.938731923693176], [-110.00504069004863, 49.94596563440315], [-110.0050408027754, 49.95319933889088], [-110.00504091335021, 49.960433048279], [-110.00504195324758, 49.967844527391584], [-110.0050429163074, 49.97508243058072], [-110.00504389876082, 49.98231668952181], [-110.00504157772413, 49.98954552214475], [-110.0050559300858, 49.99696060088882], [-110.00505671249708, 50.00418940089355], [-110.00504435193052, 50.01142363334294], [-110.0050482962675, 50.0186542346662], [-110.00506234903943, 50.02608194492802], [-110.0050499589823, 50.033305300321004], [-110.00505060500063, 50.040544912899], [-110.00504792141936, 50.047780900618676], [-110.0050267383685, 50.05519886303112], [-110.00500606906357, 50.062434185683315], [-110.00498532135055, 50.06967851542524], [-110.0049678784929, 50.076913819927555], [-110.00494656399628, 50.08433535669947], [-110.00492252834884, 50.09156876986671], [-110.00490166520318, 50.09882569826817], [-110.00487433091283, 50.10605366000962], [-110.0048496217154, 50.11346968086525], [-110.00482545103881, 50.12070848723495], [-110.0048013028987, 50.12793644314628], [-110.00477713812336, 50.13516799225627], [-110.00479922938395, 50.14258643115683], [-110.00481420617058, 50.14982403211242], [-110.00486185997548, 50.157048904062556], [-110.00488663462463, 50.16428285321053], [-110.00490874856112, 50.17169585260904], [-110.00492704054086, 50.178928015835645], [-110.00494860968672, 50.186161976500216], [-110.00497015850664, 50.193392292954435], [-110.00499561918704, 50.200805268673065], [-110.00501715799562, 50.208037378948504], [-110.00504197701365, 50.215269489639546], [-110.00506678515102, 50.22250340005949], [-110.00506680585649, 50.222679760520435], [-110.0050690713289, 50.22990860594802], [-110.0050713333189, 50.2371410720359], [-110.00507356482227, 50.24436991157379], [-110.00507578664823, 50.25160776281713], [-110.00509190477779, 50.259024718091865], [-110.00509410804884, 50.26625298426681], [-110.00508452995813, 50.27348757076193], [-110.00508455686858, 50.28072002986046], [-110.0050867592227, 50.288153133793585], [-110.00508887615575, 50.29537828295533], [-110.00509098843588, 50.30261244402281], [-110.00509307395129, 50.30984479381866], [-110.00509113229052, 50.31726643953094], [-110.00508923255533, 50.32448916855078], [-110.00508564541457, 50.33172772469636], [-110.00511351985298, 50.33896623427474], [-110.0051966133669, 50.34640964736478], [-110.00515098152876, 50.35359179637239], [-110.0051049774138, 50.360830139730865], [-110.00507202309171, 50.36805926330033], [-110.00508294810108, 50.375474308642076], [-110.00509031211173, 50.38270852187829], [-110.00509433891425, 50.38994274228305], [-110.00509510222074, 50.39718778082206], [-110.00509123279852, 50.40458891082105], [-110.00508744895463, 50.41181641390374], [-110.00507770163152, 50.41906020291651], [-110.00508019369029, 50.42628879644379], [-110.005079123512, 50.433699997525586], [-110.00507919805463, 50.440934295185436], [-110.00508088248732, 50.44817510818857], [-110.00508198924855, 50.45540941883746], [-110.00508528038245, 50.46282828935175], [-110.00508877884681, 50.47005056177327], [-110.00509197997191, 50.47727754960153], [-110.00509132640383, 50.48451356190763], [-110.00509321874118, 50.491922099189324], [-110.00509505784262, 50.49914982845338], [-110.00509163453748, 50.50637744260629], [-110.00508815290449, 50.51361947376146], [-110.00509292901926, 50.52103013914671], [-110.00509757432104, 50.52825998618373], [-110.00510217844976, 50.535489081945606], [-110.00510679746844, 50.54270374184515], [-110.00510394200855, 50.55013057498915], [-110.00510115598244, 50.55737298827258], [-110.00510432664319, 50.564606769098624], [-110.00510643235187, 50.57183795575965], [-110.00510674796897, 50.57201859571658], [-110.00510058911757, 50.579249188927605], [-110.00509591424546, 50.58646110047312], [-110.00509014817578, 50.593692028544815], [-110.00509919302755, 50.60092757777503], [-110.00510661682047, 50.60833914708872], [-110.00511075419782, 50.61556474639571], [-110.00510916242928, 50.622790140482586], [-110.0051126857533, 50.630019503010914], [-110.00512083670053, 50.63744299327631], [-110.00512159897521, 50.64467118106859], [-110.00510814227572, 50.651894149568584], [-110.00511131302898, 50.659118925157124], [-110.00511866205444, 50.66654189283339], [-110.00511873640113, 50.67378439719479], [-110.00513104860606, 50.68101480415678], [-110.00512666173115, 50.68824506233812], [-110.00511983126464, 50.69565201779683], [-110.00511942069777, 50.70288159964892], [-110.00511098454407, 50.71011487711055], [-110.00510669065115, 50.717352426837], [-110.0051332795209, 50.724767917598285], [-110.00512411176835, 50.732010111742206], [-110.00513152029787, 50.73924347918311], [-110.00513560831492, 50.74647271333079], [-110.00513917691765, 50.75389102911118], [-110.0051423088424, 50.761124139575436], [-110.00514543722696, 50.768360321412416], [-110.00513860278382, 50.77558744453908], [-110.00514856564799, 50.78299950187751], [-110.00515167684753, 50.79022988354698], [-110.00515804569027, 50.797461852367185], [-110.00516442121584, 50.80469111645], [-110.00516411562839, 50.81210856341807], [-110.00516716072484, 50.81934396259219], [-110.00516020777283, 50.82658079598581], [-110.00516577968055, 50.8338231380971], [-110.00516903323678, 50.84122393933621], [-110.00516554264466, 50.84845154583949], [-110.00516869534869, 50.85568925599151], [-110.0051652005876, 50.86292823090588], [-110.00516838831821, 50.87034059307768], [-110.0051714996743, 50.87757212211332], [-110.0051712490003, 50.88479370374087], [-110.00517765173801, 50.89202792467441], [-110.00517394510567, 50.89951964128419], [-110.00517034626455, 50.90671841499303], [-110.00516672237211, 50.9139352550482], [-110.00516305258475, 50.92112679715904], [-110.0051625247926, 50.92130757112026], [-110.00529638501214, 50.92853807564674], [-110.00522166453241, 50.935765075329996], [-110.00516241580208, 50.94299667632446], [-110.00515077228013, 50.95022889571173], [-110.00514608845543, 50.957637639397674], [-110.00520720144311, 50.96496878796885], [-110.00522032616416, 50.972135492323844], [-110.0051634940316, 50.97933449213198], [-110.00515927705, 50.98674593155707], [-110.00515848080875, 50.99397746113562], [-110.00515431944532, 51.001214402903734], [-110.00516356623277, 51.008452293444435], [-110.0051696349377, 51.01585985027123], [-110.00518220915336, 51.02308840565763], [-110.0052081228014, 51.03031693434844], [-110.00517392262446, 51.03756169103846], [-110.00519360290271, 51.0449692330901], [-110.00517609562719, 51.052201343477314], [-110.0051852978148, 51.05943526579744], [-110.00513767327514, 51.0666691374577], [-110.00515729614415, 51.07408203562774], [-110.00517648330003, 51.08132676507101], [-110.00517533729065, 51.088558726314886], [-110.00517737319457, 51.09580326948063], [-110.0051566570041, 51.1032140688622], [-110.00517646487278, 51.11044407040075], [-110.00518294526225, 51.11767769085945], [-110.00518604361697, 51.12491490421072], [-110.00518578771616, 51.13232569021669], [-110.00519220408032, 51.13955927241482], [-110.00519192099368, 51.14679827900748], [-110.00519161461038, 51.15403004204204], [-110.00518785516451, 51.16144439093258], [-110.0051874702982, 51.16867614617652], [-110.0051865605118, 51.175909153412974], [-110.0051831060912, 51.1831314041969], [-110.00518246250171, 51.19055882400582], [-110.00518198669711, 51.1977863548613], [-110.00518145929635, 51.20501748438914], [-110.0051809198912, 51.21225041904922], [-110.00518036064037, 51.21966232996179], [-110.00517645326214, 51.22689343970314], [-110.0051758483538, 51.2341245319001], [-110.00517859844801, 51.24135740940735], [-110.00517798062293, 51.24877110040853], [-110.00517756349052, 51.25600421071212], [-110.00517744381686, 51.263237043446836], [-110.00517729708001, 51.27046804339305], [-110.00517750858589, 51.27064901204087], [-110.00517607972928, 51.2777971224043], [-110.00517511506763, 51.2850278002656], [-110.00517471060944, 51.29226188507507], [-110.00517506550113, 51.29949728400961], [-110.00517880396792, 51.3069170726898], [-110.0051790961354, 51.3141542867208], [-110.00517940261965, 51.32139145415223], [-110.00517886129117, 51.328630183899435], [-110.00517930149148, 51.33608059694982], [-110.00518745917127, 51.34327850661907], [-110.00518475213859, 51.35054112144334], [-110.00518205157326, 51.35777839959198], [-110.00518867032326, 51.36519347109316], [-110.0051917319306, 51.372429528942135], [-110.0051948037944, 51.37966558682175], [-110.00519111510138, 51.38690345854402], [-110.00519078193018, 51.394318497571845], [-110.00519043141325, 51.40155271899988], [-110.00519006379052, 51.40878694470981], [-110.00518968506556, 51.416021146148445], [-110.0051842619125, 51.42343715252354], [-110.00518214781363, 51.43067045613489], [-110.00517668455888, 51.43790374776295], [-110.00516782222734, 51.44514065714226], [-110.00516589650914, 51.45255275436669], [-110.00517076838504, 51.45978406438068], [-110.00515877065027, 51.4670207883095], [-110.00515012167727, 51.47425931686262], [-110.0051446852487, 51.48166595601667], [-110.00514276562201, 51.48889542774074], [-110.00513405608521, 51.49612668711883], [-110.00514963290497, 51.503358280686705], [-110.00512844163106, 51.51076919723367], [-110.00512457352858, 51.51799934050241], [-110.00512072861791, 51.5252312705987], [-110.00512361005158, 51.532465017921375], [-110.0051176823755, 51.53987816166037], [-110.00510851687886, 51.547110504549174], [-110.0051111386266, 51.55434283330626], [-110.00510361134072, 51.56157515715453], [-110.00508641882143, 51.56899606712295], [-110.00509338833119, 51.576226531102826], [-110.00509776557011, 51.583455576830914], [-110.00509236812033, 51.59069301733156], [-110.00508684721359, 51.598107604653464], [-110.00508480933016, 51.605339604003426], [-110.00508275440232, 51.61257157884269], [-110.0050880725272, 51.61976610912242], [-110.00508906525302, 51.61994683833223], [-110.00507683386155, 51.627169348347316], [-110.00507815966921, 51.63439111633421], [-110.0050772194196, 51.64162611715625], [-110.00507908026482, 51.648858111188275], [-110.00507404308416, 51.656265453837655], [-110.00507248321628, 51.66349200204342], [-110.00507093000893, 51.67074205517581], [-110.00506604343258, 51.6779722042582], [-110.00505940011851, 51.68537584311409], [-110.00505885486457, 51.69260275353688], [-110.00505656564556, 51.699830012392106], [-110.0050528589164, 51.70705365788968], [-110.00504896218159, 51.714462226893794], [-110.0050514034903, 51.7216903037786], [-110.00504798535471, 51.72891802796282], [-110.00504771847243, 51.736145214428895], [-110.00503810173824, 51.74355379547032], [-110.00502619335846, 51.75077997742289], [-110.00502970437748, 51.758013080181506], [-110.00503192517701, 51.765247087292956], [-110.00503790779949, 51.7726570297504], [-110.00503849894186, 51.77988803163301], [-110.00504151205497, 51.787124811739325], [-110.0050411332677, 51.79434709089406], [-110.00503419339981, 51.801758238547066], [-110.00504043517346, 51.80898536151425], [-110.00503788865836, 51.81621212428027], [-110.00504130974461, 51.82343958190022], [-110.0050413125853, 51.83084963514849], [-110.00504114650548, 51.838082441809924], [-110.00503745872375, 51.84530979725338], [-110.00503715219185, 51.85253715941608], [-110.00504032117067, 51.85994526956324], [-110.0050399749324, 51.86717080522511], [-110.00500565415786, 51.874398088878195], [-110.00503928797316, 51.88162535438107], [-110.00503669055782, 51.889023368142], [-110.00503416448984, 51.89623949149101], [-110.00503159702293, 51.90345667866413], [-110.00502904472273, 51.91067442070245], [-110.00502629844559, 51.91807236340192], [-110.0050266052584, 51.92529087449958], [-110.00502686972852, 51.932509732733905], [-110.00501692324175, 51.93972622966979], [-110.00503462840845, 51.94712404295794], [-110.00503149054099, 51.95434215391021], [-110.00502830391167, 51.961560973661264], [-110.00502523660987, 51.96847515500277], [-110.00502883581915, 51.96877785170555], [-110.00502540692132, 51.97573002575549], [-110.00502182818632, 51.98296021467886], [-110.00502137683598, 51.99019032373343], [-110.0050277101627, 51.997421156578504], [-110.00503088599454, 52.004830266435725], [-110.00503065381548, 52.012055738116416], [-110.00503379816098, 52.0192859065845], [-110.00503354929471, 52.02651661105958], [-110.00503678254762, 52.033925946593776], [-110.00503991405246, 52.04115594763189], [-110.0050431166842, 52.04839179234774], [-110.00504628181906, 52.05562708409704], [-110.00505379929264, 52.06304572328054], [-110.00506783403635, 52.07028340075724], [-110.00507856525935, 52.077521252535995], [-110.00504432784389, 52.08472575036404], [-110.0050447676438, 52.09212770548864], [-110.00504518261172, 52.099348860580264], [-110.00504009405563, 52.10658442376479], [-110.00504455586115, 52.113823474745494], [-110.00505072529094, 52.12123602464995], [-110.0050536876884, 52.12846923668167], [-110.00504892450698, 52.13569209655805], [-110.00505098278272, 52.14290807766013], [-110.00504952852884, 52.1503202588352], [-110.00504807855702, 52.15755164705928], [-110.00504660840399, 52.16478302145375], [-110.005045081385, 52.17201442187475], [-110.0050434980028, 52.17942657601464], [-110.0050382095018, 52.18665553830032], [-110.00504032165846, 52.19388933190519], [-110.0050387098038, 52.201120669582075], [-110.0050548939078, 52.208540533232465], [-110.00505188921707, 52.215770244488], [-110.00503460556037, 52.22299588351739], [-110.00503209982827, 52.23022679282831], [-110.0050343021875, 52.23763712346388], [-110.00503641223003, 52.24486665228739], [-110.00503854438173, 52.25209619426639], [-110.00504064872455, 52.2593257238764], [-110.00504283206762, 52.266736035680644], [-110.00504490623328, 52.27396555778283], [-110.00504698635245, 52.281195054544156], [-110.00504902476978, 52.28842455815465], [-110.00505113131996, 52.29583481807134], [-110.00505314101777, 52.303064301633924], [-110.00505515448182, 52.310293779569804], [-110.00505714340588, 52.317525038625575], [-110.0050574681123, 52.317705341485315], [-110.00506742910368, 52.32493796791754], [-110.0050464977388, 52.33216965191843], [-110.00505638892474, 52.33940027240846], [-110.00506629629002, 52.34663087874955], [-110.00505179377656, 52.354038801739044], [-110.00505478986312, 52.3612659706398], [-110.00505432120474, 52.36849673209038], [-110.00505387253779, 52.375725855520756], [-110.00505689252613, 52.3831373731235], [-110.00505983111748, 52.390369727169706], [-110.00506276269513, 52.39760045823804], [-110.00506567231001, 52.40483099892976], [-110.00507100532982, 52.412240045084886], [-110.00507621398002, 52.419464717100986], [-110.00507459708939, 52.42669689783462], [-110.00507639946379, 52.43392816966884], [-110.00507823187915, 52.44134291211604], [-110.0050800221198, 52.448580203623294], [-110.00508865593085, 52.455812042538355], [-110.00508238005311, 52.46304402952186], [-110.00508893782127, 52.47046179162263], [-110.00509399228146, 52.47769913325816], [-110.00508534133427, 52.484930953769656], [-110.00508706158423, 52.49216636020115], [-110.00509306988803, 52.499584334860586], [-110.0050957299847, 52.50682522684711], [-110.00509496326882, 52.514057013986225], [-110.00509413540026, 52.52128520790455], [-110.00509331194831, 52.528695943427216], [-110.00509591268222, 52.535940383773195], [-110.00509850149005, 52.54318480341525], [-110.00510109822508, 52.550429235602884], [-110.00510081619184, 52.557839927428766], [-110.00508673987555, 52.565071631533726], [-110.00508527921191, 52.572308146892134], [-110.00508382112051, 52.579545490238885], [-110.00508236757798, 52.586959418600514], [-110.00507013599064, 52.59418661342763], [-110.00505786847886, 52.60141880830876], [-110.00504558014917, 52.608660640239414], [-110.00503283437, 52.616155001780086], [-110.00502052033298, 52.62338827403486], [-110.0050081679162, 52.63062223577073], [-110.00499580239403, 52.63785736519533], [-110.00498314535423, 52.64526870126199], [-110.00497073560244, 52.6524992566342], [-110.00518402156514, 52.65972847618935], [-110.0054262228387, 52.666838366617085], [-110.00543237262507, 52.66701931619007], [-110.00568474023358, 52.67412885772625], [-110.00569055523634, 52.68134688451087], [-110.00569636029442, 52.68856672900657], [-110.0056952505068, 52.69578654935737], [-110.00569053216596, 52.7031961755293], [-110.00568590150792, 52.710430441469356], [-110.00569512929691, 52.71765566122716], [-110.00570004743578, 52.72488368747435], [-110.0056888614495, 52.73229486102773], [-110.00567445220359, 52.73951439138326], [-110.00568776458964, 52.74676414116877], [-110.0056836045448, 52.75399583204712], [-110.00569318805128, 52.76140793462293], [-110.0057008554584, 52.768638361152355], [-110.00570158523597, 52.775872374620924], [-110.00570229734133, 52.78311006542205], [-110.00569944836755, 52.79053596281177], [-110.00569229007468, 52.797775254518854], [-110.00569556214715, 52.80500411261767], [-110.00569184101785, 52.8122402356862], [-110.00569517908885, 52.81965154532473], [-110.0056983609742, 52.82688308839178], [-110.00568771437386, 52.83411325563927], [-110.00567710111763, 52.84134457991775], [-110.00568064530314, 52.84875456773877], [-110.00569455743033, 52.855985168140755], [-110.00572054767657, 52.86322134936358], [-110.00571527332416, 52.87042965267339], [-110.00572762189788, 52.87783933096882], [-110.0057292269997, 52.88506749142717], [-110.00575862090307, 52.892290951346176], [-110.0057636939898, 52.899516028829424], [-110.00573316179027, 52.90693283566279], [-110.0056910733064, 52.91417097181467], [-110.00568753886131, 52.9214100050237], [-110.0056800532023, 52.92864180442202], [-110.00566887434586, 52.9360433344154], [-110.00567535165571, 52.94327826368687], [-110.00568533533199, 52.950518606729], [-110.0056987510563, 52.95776073596304], [-110.00571385039217, 52.96517995014817], [-110.0057356332646, 52.97241896844015], [-110.00572212040672, 52.979641435041344], [-110.00570163088902, 52.98686387945364], [-110.00569844126771, 52.994277415258225], [-110.00568834492503, 53.00149629957777], [-110.00566714657941, 53.00872097112853], [-110.00567728474573, 53.01592397829535], [-110.00567637463094, 53.016104727947585], [-110.00566384124502, 53.02330975292308], [-110.00566168390925, 53.03054190313282], [-110.00565950414392, 53.037777728661155], [-110.0056643068909, 53.045008961154956], [-110.00566430864214, 53.052424045012295], [-110.00567129268889, 53.0596627234875], [-110.00569049339121, 53.06689707225035], [-110.00569220559788, 53.07413333146509], [-110.0056724653766, 53.081540984160576], [-110.00567452682147, 53.088778848965575], [-110.0056738388472, 53.096011655392296], [-110.00566966833328, 53.103237384893475], [-110.00567128919474, 53.1106675332635], [-110.00567156748592, 53.11789361835753], [-110.00567242813631, 53.12512778657134], [-110.0056698056247, 53.13236354903051], [-110.00567422769231, 53.13977874872408], [-110.00568612749477, 53.14700860138434], [-110.00568050868553, 53.15424202032432], [-110.00566960142892, 53.16147760228172], [-110.005676514721, 53.168895209533005], [-110.00568173593877, 53.17613193857751], [-110.00567595544861, 53.183363610034895], [-110.0056786694256, 53.19059626289431], [-110.00567902730918, 53.198009842445146], [-110.00567568524663, 53.20524283061015], [-110.00567224930978, 53.212470243797114], [-110.00566703820763, 53.21970369651259], [-110.00566518329335, 53.22711547817666], [-110.00565986281268, 53.234347865095145], [-110.00565011009367, 53.241582065866076], [-110.00565768196655, 53.24881320751109], [-110.0056632434111, 53.25622432490278], [-110.00564416149777, 53.263457414492166], [-110.00565051852799, 53.27069472640021], [-110.0056557621638, 53.27792779064503], [-110.00564531194776, 53.28534119046333], [-110.00565726207678, 53.29257514580519], [-110.00565539311344, 53.29980608821553], [-110.00565318798304, 53.30704168300451], [-110.00564319834295, 53.314451708492264], [-110.00565762525844, 53.32168268372421], [-110.00567884777342, 53.328915420048716], [-110.00565947055851, 53.33615044042605], [-110.00563905852651, 53.34356516199788], [-110.00563071265987, 53.35079740198895], [-110.00563907591966, 53.35804657746615], [-110.00564186048382, 53.36566337648357], [-110.00564184076192, 53.365844087193565], [-110.0056415192621, 53.3734576746618], [-110.00564121163022, 53.380689403934156], [-110.00562008610198, 53.387923642920505], [-110.00563538403095, 53.39515621858205], [-110.00563211096456, 53.40256515425306], [-110.00563856915234, 53.40980661820381], [-110.0056072045016, 53.41703833639112], [-110.00559179357963, 53.424261672246764], [-110.00561248626994, 53.43168000114975], [-110.0056381998659, 53.43891166049564], [-110.00561763374083, 53.446144370321626], [-110.00563437937967, 53.453378629127094], [-110.00561238710995, 53.46079389434994], [-110.00565400181925, 53.46802682309464], [-110.00564049480022, 53.4752499338693], [-110.00563359455963, 53.48249453421574], [-110.00563021490211, 53.48991945039706], [-110.00563343002995, 53.49714272236437], [-110.00563049153108, 53.504373877912705], [-110.0056275126286, 53.51160935434094], [-110.00563242371985, 53.51902420761341], [-110.00563824516226, 53.52625496189211], [-110.00564235898395, 53.53349712400903], [-110.00565092212399, 53.540722608922835], [-110.00565677694405, 53.5481317059966], [-110.00566246965758, 53.55535372644623], [-110.00563785875158, 53.56257105542636], [-110.00563970629584, 53.569785527001294], [-110.00563973419239, 53.577190811810425], [-110.00564271155719, 53.58440192164353], [-110.00564640288596, 53.59161196091405], [-110.00563333321419, 53.59882852195544], [-110.00562835564054, 53.60621309035192], [-110.00562345565359, 53.613444651863155], [-110.00562459829389, 53.62066469086126], [-110.00562891296923, 53.62788477036199], [-110.00562629564531, 53.63528155116598], [-110.00562697581317, 53.6425120159343], [-110.0056260995935, 53.64974126117518], [-110.00562519171915, 53.65697048134304], [-110.00562427336581, 53.664380417248], [-110.00562330568053, 53.67160964317774], [-110.00562232686332, 53.67883887550146], [-110.00562131643275, 53.686068107961916], [-110.00562025541142, 53.69347804526623], [-110.00561921399121, 53.70070724508688], [-110.00561815691027, 53.707936438510416], [-110.00561708738549, 53.71509676942432], [-110.00561690185197, 53.71528069160782], [-110.00560950418668, 53.72246757538534], [-110.00561657631148, 53.72970971774328], [-110.00559880632873, 53.73693037062014], [-110.00560582096786, 53.74414804903491], [-110.00560453207497, 53.75154475836254], [-110.00560322498083, 53.758760777679974], [-110.00560387859888, 53.76596784393569], [-110.00560266363688, 53.773194314397806], [-110.00559923284935, 53.780591283774505], [-110.00559418192718, 53.78781091552109], [-110.00560878023082, 53.7950507616588], [-110.00562266472186, 53.802286575168054], [-110.00562129976257, 53.8096877629268], [-110.00561999131398, 53.8169081760049], [-110.0056210974733, 53.824136098329475], [-110.00562219106452, 53.831363996371515], [-110.00562329130663, 53.838769008689155], [-110.00562437145369, 53.84599327393391], [-110.00563005540866, 53.85320493881828], [-110.0056357173313, 53.86041659880932], [-110.00563731163236, 53.867818346052154], [-110.0056388687313, 53.875039379932915], [-110.00564039349618, 53.88226037970691], [-110.00564190732948, 53.8894831809083], [-110.00564372882931, 53.896893786879104], [-110.00564549299202, 53.904123659053894], [-110.00564622488838, 53.9113499247783], [-110.00564699260853, 53.91857617004398], [-110.00564545939648, 53.925978912430416], [-110.00564395456932, 53.93320095184567], [-110.00564242768155, 53.940422964806494], [-110.00564086726502, 53.94764497064006], [-110.00564211661981, 53.95505189457275], [-110.005643350755, 53.96227809590667], [-110.00564311326058, 53.969501315279295], [-110.00564287848219, 53.976724509221675], [-110.00564846189425, 53.98413578724655], [-110.00565392200525, 53.99136632935205], [-110.00565221268971, 53.99859370436692], [-110.0056511782902, 54.00582089831386], [-110.00565316765694, 54.01322796855842], [-110.00565509743815, 54.02045433819051], [-110.00565700963742, 54.02768067973101], [-110.00565891517161, 54.03490702964321], [-110.00566297678866, 54.04232002864653], [-110.00566692776074, 54.04955231430883], [-110.00567508537142, 54.05677688166207], [-110.00568324334911, 54.06400144323435], [-110.00568349287568, 54.06418448250773], [-110.0056851983654, 54.07141416014033], [-110.00568689733714, 54.07864384435073], [-110.0056847537282, 54.085875663845975], [-110.0056826128626, 54.09310745252136], [-110.00568221466497, 54.100521645227005], [-110.00568183043255, 54.1077551248418], [-110.00567605968997, 54.11498419588368], [-110.00567026158498, 54.12221324748369], [-110.00566277934215, 54.12962740323351], [-110.00565544829352, 54.13686084826244], [-110.00565229562469, 54.144096519225606], [-110.00564909703184, 54.15133220416221], [-110.00563839566782, 54.158740436287175], [-110.00562792907806, 54.16596798660954], [-110.00561818894089, 54.173203695725334], [-110.0056084618906, 54.18043941951391], [-110.00561867866091, 54.187840839175735], [-110.00562862075783, 54.19506152892339], [-110.00562452016517, 54.20229181963213], [-110.00562039966142, 54.20952211100448], [-110.00562197628817, 54.21693553149428], [-110.0056235102647, 54.22416822118167], [-110.00562798384405, 54.23139742281752], [-110.0056324431848, 54.23862660368898], [-110.00563213648786, 54.246040442980515], [-110.00563170053661, 54.25326110189654], [-110.00565063075747, 54.2604975152739], [-110.0056587105542, 54.2677194830796], [-110.00566661633738, 54.275122787201816], [-110.0056736710608, 54.282354412193925], [-110.00569096364815, 54.2895876644673], [-110.00570824235993, 54.29682090489915], [-110.00570951663016, 54.304232350560255], [-110.00571075263794, 54.311463757614966], [-110.00570919239956, 54.31868697708748], [-110.00571915652723, 54.32592202776222], [-110.00572466775533, 54.333330752504295], [-110.00572761817688, 54.340562551488446], [-110.00572691849189, 54.34780268757749], [-110.00572727675251, 54.35501105057274], [-110.00572760705539, 54.362436772322646], [-110.00572954683523, 54.369681760864076], [-110.00573581146519, 54.376911032691815], [-110.00574204191129, 54.38414030272314], [-110.00574842455899, 54.39155026460302], [-110.00575465815781, 54.39877951054832], [-110.00576084728402, 54.406008763273654], [-110.00576700426345, 54.41320078213794], [-110.0057656436696, 54.41340689247239], [-110.00576491798634, 54.42063517725006], [-110.00576403679045, 54.4278634732595], [-110.00576312380218, 54.43509177842795], [-110.00576221522944, 54.442320074451956], [-110.00576123810893, 54.44972545561472], [-110.00576027760862, 54.45695373438184], [-110.00575931298306, 54.46418199825035], [-110.00575832294732, 54.47141026974388], [-110.00575728606469, 54.47881920624144], [-110.00575625594232, 54.486047439366104], [-110.00575702035262, 54.49326860794083], [-110.00576256480308, 54.50048998131257], [-110.00576210160754, 54.50789758248369], [-110.00576166661178, 54.51512449938529], [-110.00576121065247, 54.522351389887405], [-110.00576071043093, 54.52957829263464], [-110.00576020248347, 54.536985841772], [-110.0057596951221, 54.54421272011491], [-110.00575916989625, 54.55143957218821], [-110.0057586244075, 54.5586664429026], [-110.00575803750085, 54.56607396740221], [-110.00575746115699, 54.57330080553202], [-110.0057568682965, 54.58052763185251], [-110.0057564219211, 54.5877543558857], [-110.00575604761815, 54.5951616787722], [-110.00575567634712, 54.60238831699088], [-110.00575528008318, 54.60961493764818], [-110.00575486148209, 54.6168415696604], [-110.0057544283999, 54.62424883454099], [-110.00575571977159, 54.63147617027766], [-110.0057529811276, 54.63869935845347], [-110.00575022075645, 54.645922572432625], [-110.00574738601533, 54.65332643101472], [-110.00574458922146, 54.66054959781893], [-110.00574160252248, 54.667772869896176], [-110.00573758674385, 54.67499672928254], [-110.0057383368647, 54.682405109410546], [-110.00574057278338, 54.68963222042488], [-110.00573900143834, 54.69686078156168], [-110.00573744315875, 54.70408785221498], [-110.00573620005179, 54.71149621505606], [-110.00573444552455, 54.718722751215275], [-110.0057330485697, 54.725950958169754], [-110.005731373646, 54.73317895169083], [-110.00572991990133, 54.74058681641021], [-110.00572860043533, 54.747816185006286], [-110.00574443509251, 54.75505169488469], [-110.00575024219437, 54.762282334526326], [-110.00575022215914, 54.76246302408636], [-110.00574956825858, 54.76968895335088], [-110.00575024865633, 54.77691364469524], [-110.0057508894406, 54.784138316074404], [-110.00575152404039, 54.791362999474465], [-110.00575215858214, 54.79876836906513], [-110.00575274830362, 54.805993021102495], [-110.00575333186138, 54.81321765995743], [-110.00575390217624, 54.8204422925397], [-110.00575448646052, 54.827847609878134], [-110.00575499642277, 54.835072260872806], [-110.00575543129662, 54.84229695165579], [-110.00575587309818, 54.849521649602146], [-110.00575627747098, 54.85692702997361], [-110.00575665201258, 54.86415170104298], [-110.00575705547263, 54.871376353177666], [-110.00575739401722, 54.87860101311641], [-110.00575775597592, 54.88600635417533], [-110.00575808276001, 54.893230993128476], [-110.0057583947875, 54.900455613148466], [-110.00575868651138, 54.90768023381103], [-110.00575898109565, 54.91508553633468], [-110.00575955122224, 54.92231026678967], [-110.00576251452887, 54.92953590564991], [-110.00576305300663, 54.93676411963557], [-110.00576545453528, 54.94417190003119], [-110.00576774773018, 54.95139897212082], [-110.00577004203546, 54.95862602951677], [-110.00577234569244, 54.96585308156023], [-110.00577465938119, 54.97326083692067], [-110.00577691977428, 54.98048785765204], [-110.00577915461653, 54.98771490220104], [-110.005781390183, 54.99494191043755], [-110.0057835288699, 55.0023495615679], [-110.00578536415996, 55.009576361775075], [-110.00578719851062, 55.01680316341235], [-110.0057890058926, 55.024029924001056], [-110.00578395026484, 55.031436802315916], [-110.00578675244255, 55.03865954514606], [-110.00579055714648, 55.04589335239889], [-110.00579118460166, 55.053119596814916], [-110.00579183912025, 55.06052651401602], [-110.0057924538271, 55.067752726606955], [-110.00579304297715, 55.07497893422592], [-110.0057936273084, 55.08220514672764], [-110.00579422211997, 55.08961202571924], [-110.00579475449595, 55.096838244394526], [-110.00579528565527, 55.10406443929601], [-110.0057958182779, 55.11129063933959], [-110.00579583808317, 55.111471317174505], [-110.00579622206668, 55.118697350508576], [-110.0057965903191, 55.12592335047271], [-110.00579694885194, 55.13314936952415], [-110.0057972865237, 55.14037537119866], [-110.00579763244515, 55.14778202984689], [-110.00579792307006, 55.15500802350236], [-110.00579825050231, 55.16223399134827], [-110.00579849674223, 55.16945997174755], [-110.00579871403369, 55.17686659117879], [-110.00579892309074, 55.18409253516232], [-110.00579911957885, 55.191318471114045], [-110.00579928226014, 55.19854439276162], [-110.0057957811097, 55.20594985167722], [-110.00579233167757, 55.21317461264364], [-110.00578890982729, 55.220399361854604], [-110.00578542672082, 55.227624104666845], [-110.00578187521947, 55.23502953671091], [-110.00577838892318, 55.24225425356733], [-110.00577486799999, 55.249478977721495], [-110.00577116044244, 55.25670356431408], [-110.00576734615568, 55.26410882935745], [-110.00576358717498, 55.2713333970237], [-110.00575980920866, 55.27855794742789], [-110.00575577075566, 55.28625028829921], [-110.00575688528045, 55.293187477293266], [-110.00575802752662, 55.30041176037719], [-110.00575918020621, 55.30763603276892], [-110.00576027424765, 55.31486029163786], [-110.00576140619002, 55.32226522002514], [-110.00576248417376, 55.32948945954582], [-110.00576348623188, 55.33671367223501], [-110.0057644318729, 55.343937853492], [-110.00576537808921, 55.35134271152871], [-110.00576627600056, 55.35856687394486], [-110.0057671484441, 55.36579103500356], [-110.00576803632852, 55.3730151711759], [-110.00576989561088, 55.38042034592548], [-110.00577173803732, 55.38764481754707], [-110.00577353536092, 55.39486929600245], [-110.00577533840563, 55.4020937545676], [-110.00577714615186, 55.40949888424947], [-110.00577889212822, 55.41672332898297], [-110.00578057162721, 55.42394777427685], [-110.00578221229482, 55.43117222666413], [-110.00578390511025, 55.43857733749603], [-110.00578550692492, 55.4458017569981], [-110.00578711041842, 55.453026188852995], [-110.00578870594714, 55.46025060926227], [-110.00578872503563, 55.460431280915564], [-110.00578870983632, 55.46765691870547], [-110.0057886914774, 55.47488255246012], [-110.0057886641182, 55.482108178340276], [-110.0057886092963, 55.48933379199077], [-110.00578854652835, 55.496740082821134], [-110.00578843278726, 55.50396566279633], [-110.0057883112006, 55.511191225944344], [-110.00578816801514, 55.51841678070497], [-110.00578800962639, 55.525823006737774], [-110.00578780955384, 55.53304853691171], [-110.00578761471978, 55.54027407239841], [-110.00578741005683, 55.54749958197714], [-110.00578652294564, 55.554906401476394], [-110.00578564223392, 55.562132557904604], [-110.00578473432412, 55.569358673318845], [-110.00578382715588, 55.57658480286991], [-110.00578288299802, 55.58399159698749], [-110.00578194334575, 55.59121770656554], [-110.00578101555314, 55.59844381813296], [-110.00578005874065, 55.60566992822079], [-110.00577904183844, 55.613076696321926], [-110.00577807475098, 55.6203027873462], [-110.00577705878199, 55.62752885807855], [-110.00577597097983, 55.63530050979812], [-110.00577508273716, 55.642161000781236], [-110.00577418391399, 55.64938632463371], [-110.00577321723496, 55.656611652626026], [-110.00577229226506, 55.6638369496215], [-110.00577133315647, 55.67124292507358], [-110.00577044757286, 55.67846819063219], [-110.00576952676462, 55.685693454461784], [-110.00576859338003, 55.6929187138858], [-110.00576763491384, 55.70032464292467], [-110.00576667670636, 55.70754987549673], [-110.00576567739348, 55.71477510250148], [-110.00576467389901, 55.72200033444595], [-110.00576519271921, 55.7294059730016], [-110.00576566207077, 55.73663094746973], [-110.00576610992896, 55.7438559171596], [-110.00576654562956, 55.751080859048166], [-110.00576693349144, 55.758486427786764], [-110.00576731203691, 55.765711330686784], [-110.00576764781397, 55.77293619553865], [-110.00576798614937, 55.78016106739603], [-110.00576830633037, 55.78756659590807], [-110.00576859928411, 55.79479146166558], [-110.00576890555153, 55.80201630066181], [-110.00576917852536, 55.8092411524063], [-110.00576915223174, 55.80942182327316], [-110.0057701164928, 55.81664882354781], [-110.00577102360297, 55.82387582479198], [-110.00577195539616, 55.831102812333846], [-110.00577269878438, 55.83832970189053], [-110.00577338722523, 55.845737211974466], [-110.00577405362277, 55.85296404553326], [-110.00577467759311, 55.860190864462574], [-110.00577529868943, 55.8674176847742], [-110.00577591370565, 55.87482515619667], [-110.00577652282081, 55.882051962765104], [-110.0057770877127, 55.889278743831305], [-110.00577766912119, 55.89650552526922], [-110.00577872327592, 55.90390920367529], [-110.00577974632313, 55.91113220381131], [-110.0057807562952, 55.91835523732048], [-110.00578189979906, 55.925578385773164], [-110.00578304405508, 55.932982185191655], [-110.00578412576282, 55.94020531427559], [-110.00578520657899, 55.947428457424905], [-110.00578629252705, 55.954651568077175], [-110.00578734555899, 55.96205532991815], [-110.0057884787136, 55.969897819419835], [-110.00578950673336, 55.97712091038456], [-110.00579049081168, 55.98434400106608], [-110.00579113290776, 55.99112814970128], [-110.00579177961058, 55.99835497079707], [-110.0057924981616, 56.005581789110984], [-110.00579323014468, 56.01280860947229], [-110.00579396999372, 56.02021611286393], [-110.00579468174219, 56.02744291375312], [-110.00579534939543, 56.034669714355914], [-110.00579604379274, 56.041896513946654], [-110.00579669549678, 56.049303952900424], [-110.0057973519181, 56.056530721500536], [-110.00579797292565, 56.06375749736943], [-110.00579860886171, 56.070984264546695], [-110.00579933968375, 56.078392484780046], [-110.0058001477241, 56.08562005941297], [-110.00580103487066, 56.09284762795463], [-110.00580193686731, 56.10007518959962], [-110.00580282135715, 56.10748339660889], [-110.0058036634879, 56.1147109245757], [-110.00580448542276, 56.12193846762983], [-110.00580531997915, 56.12916599649701], [-110.00580613138342, 56.13657417749187], [-110.00580693310839, 56.143801688182094], [-110.00580768537665, 56.15102919117252], [-110.00580844686928, 56.15825668163983], [-110.0058084687963, 56.15843735373447], [-110.00580927217709, 56.16566439188392], [-110.00581043509784, 56.172891379489364], [-110.00581159847368, 56.18011837401678], [-110.00581278280688, 56.18734534209143], [-110.00581396459506, 56.19475295550568], [-110.00581509795573, 56.20197992447086], [-110.0058162089689, 56.209206852629244], [-110.00581730325739, 56.21643379601708], [-110.00581843647268, 56.22384137721255], [-110.00581951593341, 56.23106829235276], [-110.00582056839998, 56.23829520250509], [-110.0058216255678, 56.245522112552834], [-110.00582201280866, 56.25293116534723], [-110.00582197334919, 56.26015964343532], [-110.00582434226781, 56.26738712767796], [-110.00582696430712, 56.275302817545715], [-110.00582936860233, 56.282714198776915], [-110.0058315892207, 56.28994090894413], [-110.0058338052038, 56.29716762042089], [-110.00583600994489, 56.30439430953716], [-110.00583825141089, 56.311801671731644], [-110.00584040150619, 56.319028348980495], [-110.00584256569084, 56.326255008494165], [-110.00584469621903, 56.33348169335001], [-110.00583528228186, 56.34020842206636], [-110.00582516049711, 56.34743460259723], [-110.00581501503723, 56.35466077117378], [-110.00580483874734, 56.36188693290842], [-110.00582727408955, 56.36925597234542], [-110.00582621667735, 56.3764828815526], [-110.00582516904616, 56.383709772879186], [-110.00582411336856, 56.390936683410885], [-110.00582299293164, 56.39834423172676], [-110.00582189354452, 56.40557110389289], [-110.00582076122906, 56.412797987060266], [-110.00581974455878, 56.42002481341429], [-110.00581952896924, 56.42743180820909], [-110.00581928042843, 56.4346581572821], [-110.00581904259619, 56.44188448490622], [-110.00581876116831, 56.44911080869397], [-110.00581848685954, 56.45651779614725], [-110.00581818211474, 56.46374410578691], [-110.00581785530274, 56.47097039625778], [-110.00581752324904, 56.47819668804144], [-110.00581717586475, 56.48560362977604], [-110.00581681802797, 56.492829901914554], [-110.00581643578944, 56.500056172794395], [-110.00581676558433, 56.50728241268505], [-110.0058167997242, 56.507463050346566], [-110.00581829303832, 56.514689799448895], [-110.00581978383518, 56.521916510353755], [-110.0058212272746, 56.52914325146439], [-110.00582268829537, 56.536369974990656], [-110.00582416273046, 56.54377731138793], [-110.00582556299861, 56.55100399583065], [-110.00582697947054, 56.558230673435745], [-110.00582837041189, 56.565457364125685], [-110.00582977401238, 56.57286468725048], [-110.00583112298445, 56.580091345017664], [-110.00583230732792, 56.58731793286243], [-110.00583336932992, 56.59454447589208], [-110.00583459779514, 56.60195109386629], [-110.00583579942415, 56.60917706941718], [-110.0058369709273, 56.616403043470584], [-110.00583813646345, 56.62362900619757], [-110.00583931858651, 56.63103559930202], [-110.00584045607391, 56.638261547678006], [-110.00584158373373, 56.64548746477079], [-110.00584267542656, 56.65271339993614], [-110.00584378770814, 56.660119949229724], [-110.00584484957248, 56.667345859174596], [-110.00584589183653, 56.67457158982627], [-110.005847030661, 56.68257591253071], [-110.00584698725793, 56.689206048816814], [-110.00584695140266, 56.69643444279592], [-110.00584684577936, 56.703662810295306], [-110.00584675779731, 56.710891158428296], [-110.00584664944584, 56.71830013303853], [-110.00584652398527, 56.72552848266992], [-110.00584636480501, 56.73275680547207], [-110.00584622650538, 56.7399851342421], [-110.00584602969192, 56.74739406974877], [-110.0058461360386, 56.75462237354259], [-110.0058463380127, 56.76185066470014], [-110.00584654159482, 56.769078935846146], [-110.0058473565027, 56.776485555919955], [-110.00584814718484, 56.78371155654241], [-110.00584891998402, 56.79093753816817], [-110.00584967681476, 56.798163486472696], [-110.00585043322671, 56.80557007942892], [-110.00585116756437, 56.81279604782983], [-110.00585187170138, 56.820021991341044], [-110.0058525663482, 56.82724792699566], [-110.00585326581516, 56.83465448210192], [-110.00585399142051, 56.84188045620113], [-110.00585470312079, 56.84910643126845], [-110.00585538322531, 56.85633239219335], [-110.00585539579032, 56.856513012073535], [-110.00585652950865, 56.86373932209354], [-110.0058576152176, 56.8709656191103], [-110.00585870810413, 56.87819188373353], [-110.00585977092922, 56.8854181486754], [-110.00586085144532, 56.89282504036643], [-110.00586188442314, 56.90005131070857], [-110.00586289469135, 56.907277551061775], [-110.00586392376916, 56.914503795493154], [-110.00586484151677, 56.92191066129958], [-110.00586570556884, 56.92913691292303], [-110.00586655943097, 56.93636316386491], [-110.00586738233903, 56.94358939709247], [-110.00586867443303, 56.950996726580065], [-110.0058698954297, 56.95822343599397], [-110.00587109474725, 56.965450133462866], [-110.00587231453154, 56.97267682427396], [-110.0058735043004, 56.980084148301536], [-110.00587470296382, 56.98731080706114], [-110.00587584053334, 56.99453747750353], [-110.00587689450053, 57.00176415512912], [-110.00587764048056, 57.00917151045629], [-110.00587837332093, 57.01639822685047], [-110.00587907709469, 57.02362493641179], [-110.00587983731597, 57.03163575046211], [-110.0058807746987, 57.03826011852311], [-110.00588176389479, 57.045488098772445], [-110.00588275434302, 57.05271609320105], [-110.00588372018454, 57.05994404856997], [-110.00588470239417, 57.06735262938908], [-110.00588563372007, 57.07458057918372], [-110.00588654950322, 57.08180852088567], [-110.00588728780396, 57.08903640482287], [-110.00588795429795, 57.09644487087944], [-110.00588857654706, 57.10367271539024], [-110.00588920437961, 57.11090054185464], [-110.00588980713466, 57.11812838145242], [-110.00589012639823, 57.12553674231005], [-110.00589043439419, 57.132764492151594], [-110.00589072767576, 57.13999222674082], [-110.00589100649212, 57.147219944287926], [-110.00589126958553, 57.15462827278872], [-110.00589151131933, 57.16185597747847], [-110.005891886446, 57.169083674625696], [-110.00589252925619, 57.176311376785584], [-110.00589317055122, 57.18371967405443], [-110.00589378728714, 57.190947358391035], [-110.00589439098727, 57.19817501674062], [-110.00589497215333, 57.20540267032725], [-110.00589495390396, 57.20558329548183], [-110.00589417757547, 57.212809321274925], [-110.00589336832857, 57.22003534190546], [-110.00589255145138, 57.22726134218009], [-110.00589174079599, 57.23448734245329], [-110.0058920661885, 57.24189394855732], [-110.00589235297896, 57.24911994339035], [-110.00589296301857, 57.25634605345127], [-110.00589357971245, 57.263572213920824], [-110.00589420830327, 57.27097896401574], [-110.00589482437705, 57.278205093283034], [-110.0058954084019, 57.285431215612654], [-110.00589597763981, 57.29265732629194], [-110.00589836321626, 57.30006302350584], [-110.00590069254127, 57.3072880947436], [-110.00590301960304, 57.31451316561577], [-110.00590529365132, 57.32173821790158], [-110.00590763213768, 57.32914387587626], [-110.00590986682809, 57.3363688755904], [-110.00591207605387, 57.34359382541294], [-110.00591429395986, 57.35081876810671], [-110.00591649672072, 57.358224329318745], [-110.00591891114611, 57.36623314814923], [-110.00592106287367, 57.37345805831396], [-110.00591703607662, 57.38069224014168], [-110.00591938439472, 57.387314329780196], [-110.00592194859983, 57.394539750769844], [-110.00592450281293, 57.40176515668555], [-110.00592700908523, 57.40899055682092], [-110.00592961851478, 57.41639657075859], [-110.00593203180676, 57.4236217523785], [-110.00593441655461, 57.43084693259154], [-110.00593678023436, 57.4380720810923], [-110.00593919252124, 57.445477842822235], [-110.00594152324784, 57.45270299301902], [-110.00594386985105, 57.459928134573815], [-110.00594618114908, 57.46715325105348], [-110.00594870546905, 57.47456021299928], [-110.00595114912333, 57.48178654205332], [-110.00595359163532, 57.48901286538913], [-110.00595600704597, 57.49623920177892], [-110.00595888542367, 57.50364623402719], [-110.00596210255074, 57.5108727564376], [-110.0059652930165, 57.5180992667106], [-110.00596848863057, 57.52532577690934], [-110.00597175767045, 57.53273286648701], [-110.0059749139586, 57.53995935831664], [-110.00597804816265, 57.5471858291914], [-110.00598117830569, 57.554412294227554], [-110.0059811974038, 57.55459292017884], [-110.0059825126052, 57.56181918513932], [-110.00598382404131, 57.56904543709001], [-110.00598505952493, 57.57627168937227], [-110.00598630222603, 57.58349792188048], [-110.00598559561163, 57.59090469644242], [-110.0059848881468, 57.59813087094588], [-110.00598416295848, 57.60535700670484], [-110.00598341884772, 57.61258316127748], [-110.005982628727, 57.61998989711739], [-110.00598186170686, 57.62721603945487], [-110.00598108429486, 57.6344421631417], [-110.00598026905155, 57.641668272492666], [-110.00597970899413, 57.64907357070343], [-110.00597915286723, 57.65629825505582], [-110.00597858912083, 57.66352292626777], [-110.0059786091117, 57.670747681542366], [-110.00597912350294, 57.67815315245864], [-110.00597960323537, 57.685378009986295], [-110.00598006998285, 57.692602823549734], [-110.00598051412167, 57.699827662975], [-110.00598095435831, 57.70723309551179], [-110.00598137631195, 57.71445790291431], [-110.00598178036932, 57.72168270216338], [-110.00598219807831, 57.72969139362688], [-110.00598113072377, 57.73631316865035], [-110.00597998942567, 57.74353824628433], [-110.00597887913969, 57.750763323113766], [-110.00597821054906, 57.757988498169915], [-110.00597748532009, 57.765394285458456], [-110.00597678268655, 57.77261946045216], [-110.00597607631174, 57.77984459546174], [-110.00597533767086, 57.78706975056633], [-110.00597454087013, 57.79447551944122], [-110.0059737970435, 57.80170066122524], [-110.00597300107466, 57.80892577191709], [-110.00597218489045, 57.81615088878075], [-110.00597161761665, 57.823556049882626], [-110.00597104624464, 57.83078059264548], [-110.00597245176658, 57.838005101561535], [-110.00597381065906, 57.84522961918824], [-110.00597523243867, 57.852634742332796], [-110.00597656997716, 57.85985923156372], [-110.00597789546941, 57.86708372367048], [-110.00597922821224, 57.874308201412795], [-110.0059805811671, 57.881713291785665], [-110.0059818668704, 57.88893775632407], [-110.0059831267362, 57.896162201594585], [-110.00598438156801, 57.90338664821928], [-110.00598440325501, 57.90356726640263], [-110.00598533626558, 57.91079147322986], [-110.00598622825714, 57.91801564759471], [-110.00598692230754, 57.925239725711656], [-110.00598758423824, 57.932463804122555], [-110.00598824504425, 57.93986850832204], [-110.00598887430444, 57.94709256511326], [-110.0059894840456, 57.95431660469498], [-110.00599009884958, 57.96154066943875], [-110.00599068865968, 57.96894532822555], [-110.00599125525432, 57.97616936174088], [-110.005991817958, 57.9833933876644], [-110.0059923573068, 57.990617399830086], [-110.00599434221346, 57.99802256233364], [-110.00599646521945, 58.00524700169643], [-110.00599870395568, 58.01247140755611], [-110.00600090692895, 58.019695820756404], [-110.00600315477355, 58.027100801521726], [-110.00600531188579, 58.034325201561], [-110.0060074826226, 58.041549571281635], [-110.00600961547994, 58.0487739392612], [-110.00601181051125, 58.05617891308411], [-110.00601391343767, 58.06340327573332], [-110.0060160261647, 58.07062761151508], [-110.0060183331163, 58.07863579090854], [-110.00601945054579, 58.08525626385899], [-110.00602082656457, 58.09248017387563], [-110.00602218487042, 58.09970405775237], [-110.00602353285572, 58.106927935581545], [-110.00602487685097, 58.11433241265294], [-110.00602619110285, 58.12155628502358], [-110.00602748415284, 58.12878015632108], [-110.00602875876741, 58.1360040068532], [-110.00603003654768, 58.14340844590468], [-110.00603129177439, 58.15063228614483], [-110.00603253360293, 58.157856118419474], [-110.00603386269931, 58.16586371903952], [-110.00603556158617, 58.17327251866943], [-110.00603657663376, 58.18049581002161], [-110.0060376080063, 58.187719099978196], [-110.00603861027697, 58.19494237235694], [-110.00603961436353, 58.20234624899351], [-110.00604057819086, 58.20956950134327], [-110.00604153000047, 58.216792760188234], [-110.00604245397851, 58.224015992506835], [-110.00604339877438, 58.231419831425484], [-110.00604430031547, 58.23864305154692], [-110.00604521489782, 58.245866270146486], [-110.00604601716515, 58.253089431910425], [-110.00604603700283, 58.253270033151395], [-110.00604678253485, 58.26049263257462], [-110.0060475128102, 58.267715213169105], [-110.00605088477411, 58.27493902024657], [-110.00605428005497, 58.28216283338087], [-110.00605771825077, 58.28956723374607], [-110.00606109611215, 58.29679101503272], [-110.00606441964091, 58.304014795737295], [-110.00606773481167, 58.31123856505909], [-110.00607113057809, 58.31864291388124], [-110.00607441652522, 58.32586668689948], [-110.0060777044951, 58.33309042374057], [-110.00608074018717, 58.34031410725823], [-110.00608380003507, 58.34771839846812], [-110.00608043003805, 58.35494159874773], [-110.00608198934792, 58.36216383768781], [-110.00608353896864, 58.36938607061405], [-110.00608509346617, 58.376788890490396], [-110.00608661862105, 58.38401110934029], [-110.00608809712125, 58.39123331713287], [-110.00608957404634, 58.39845551022998], [-110.00608973782897, 58.405859039633], [-110.00609117936321, 58.41308189867781], [-110.00609267466393, 58.42030478839188], [-110.00609419789136, 58.42752767356354], [-110.00609571381388, 58.43493111960225], [-110.00609719302531, 58.442153984538656], [-110.00609868518363, 58.44937682994752], [-110.00610014652776, 58.45659967392199], [-110.00610160329445, 58.46400310026927], [-110.00610302459657, 58.47122592056741], [-110.00610442952083, 58.47844873459603], [-110.00610582618381, 58.48567153367169], [-110.00610665000706, 58.49307537338017], [-110.00610741869893, 58.50029860648394], [-110.00610812740611, 58.50752189642892], [-110.00610883987682, 58.51474520609958], [-110.00610951980428, 58.5221490840548], [-110.00611015592268, 58.52937235605339], [-110.00611081600512, 58.536595626965145], [-110.00611146052442, 58.54381888444903], [-110.00611207623162, 58.551222724563], [-110.00611265899005, 58.55844596294918], [-110.00611394022103, 58.56566869909643], [-110.00611519607956, 58.57289139622769], [-110.00611647669125, 58.5802946814678], [-110.00611768093299, 58.587517365287745], [-110.00611885597031, 58.594740036945865], [-110.00612004854013, 58.60196270726274], [-110.00612008705296, 58.602143301379776], [-110.00612125026507, 58.60936594687844], [-110.00612237829725, 58.616588597985285], [-110.00612349772788, 58.62381123773434], [-110.00612460805614, 58.631033869706755], [-110.006125412597, 58.6384371413286], [-110.00612618939975, 58.64565979943724], [-110.00612696018034, 58.65288245169338], [-110.0061276922371, 58.66010510942638], [-110.00612845979705, 58.66750832988303], [-110.00612919265778, 58.67473096916206], [-110.00612990337777, 58.68195359476326], [-110.0061306115635, 58.689176214649656], [-110.00613220272261, 58.696580112225284], [-110.00613376609972, 58.703803414686824], [-110.00613533154107, 58.71102670620364], [-110.00613684220586, 58.71824999716848], [-110.00613838180287, 58.725653860988885], [-110.00613989010624, 58.73287711356309], [-110.0061413497406, 58.740100371224834], [-110.00614281071064, 58.747323623316035], [-110.00614433918982, 58.754727462159224], [-110.00614581229617, 58.76195069622633], [-110.00614728525002, 58.76917393546621], [-110.00614870790803, 58.776397167132764], [-110.00614975240023, 58.78380096805636], [-110.00615076686157, 58.791024186997795], [-110.00615257863718, 58.798247388048864], [-110.00615437503998, 58.80547058107955], [-110.00615618579278, 58.8128743565911], [-110.0061579308681, 58.82009751833327], [-110.00615967500545, 58.82732069241718], [-110.0061613880814, 58.83454384707409], [-110.00616099990202, 58.84194755781524], [-110.00616274980183, 58.849171222838436], [-110.00616284554931, 58.856394848745325], [-110.00616295805354, 58.86361848049713], [-110.0061630112713, 58.871022680691176], [-110.00616308155513, 58.878246281548144], [-110.0061631087328, 58.88546986973187], [-110.00616314502612, 58.89269346886626], [-110.00616313032916, 58.90009764376588], [-110.0061631181331, 58.90732123156806], [-110.00616237595055, 58.91454503212301], [-110.00616168838015, 58.921769032605454], [-110.00616103283085, 58.92917372347804], [-110.00616035290479, 58.93639782642179], [-110.00615968017391, 58.94362190424897], [-110.00615899102097, 58.950845975847], [-110.0061589728932, 58.951026561736], [-110.00615825470078, 58.958240866592476], [-110.00615752974407, 58.96546998196511], [-110.00615851874326, 58.9726926867672], [-110.00615948299637, 58.97991537600282], [-110.0061604804526, 58.987318667052634], [-110.00616141468365, 58.99454134566016], [-110.00616373331607, 59.0017654294082], [-110.006170961219, 59.008994526797046], [-110.0061783216334, 59.016404346568464], [-110.00618551823935, 59.02363342954264], [-110.00619268327583, 59.030862489420535], [-110.00619982160502, 59.0380915407912], [-110.00620716658884, 59.04550132800154], [-110.00621427159167, 59.052730379283545], [-110.00622140749684, 59.059959386482475], [-110.0062284679819, 59.067188431897435], [-110.00623574098765, 59.074598168169196], [-110.00624279748835, 59.08182718043046], [-110.00624406390054, 59.08904955002223], [-110.00624349432913, 59.096269762313916], [-110.0062428979581, 59.1036705049066], [-110.00624226897848, 59.11089071088273], [-110.00624167724948, 59.11811090550845], [-110.00624102609964, 59.12533107965623], [-110.00624034986633, 59.13273178937361], [-110.00623966989316, 59.13995196378998], [-110.00623898169275, 59.14717212690417], [-110.00623829625444, 59.15439227553995], [-110.00623756464584, 59.1617929533346], [-110.00623586414594, 59.16901176641128], [-110.00623188803569, 59.17622743697465], [-110.0062279248924, 59.18344306288962], [-110.00622380558215, 59.19083911456543], [-110.00621976801231, 59.19805474807453], [-110.00621575478456, 59.20527035537502], [-110.00621168764499, 59.212485967655695], [-110.00620750797162, 59.219881987383566], [-110.00620342132045, 59.227097567976216], [-110.00619932780921, 59.23431316796224], [-110.00619520823959, 59.24152875060245], [-110.0061909693746, 59.24892473123593], [-110.00619028267599, 59.2561449762895], [-110.00619025929946, 59.2633661700943], [-110.0061902416698, 59.27058735673214], [-110.0061902016982, 59.27798909965202], [-110.00619014248376, 59.28521026086649], [-110.00619006569609, 59.292431430219224], [-110.00618997931038, 59.299652577416495], [-110.00618994098474, 59.29987828186655], [-110.00618841575027, 59.30705535882997], [-110.00618806279991, 59.31252423105241], [-110.00618795463828, 59.314277643246974], [-110.00619092000272, 59.32149931387712], [-110.00619253347529, 59.32546257235129], [-110.0061938510126, 59.32872097216991], [-110.00619687694999, 59.33612437344688], [-110.00619987274222, 59.3433492054172], [-110.00620127366442, 59.34671870300059], [-110.00620285798847, 59.35057350395115], [-110.00620582254206, 59.3577972902606], [-110.0062067201383, 59.36062798004271], [-110.00620810276216, 59.36520207122565], [-110.00620981687464, 59.37242639408353], [-110.00621151101258, 59.379650723171025], [-110.0062132115882, 59.38687504690171], [-110.00621330149627, 59.38730129253389], [-110.00621492323413, 59.3942789625582], [-110.00621657359297, 59.4015020868809], [-110.0062175420305, 59.405757964017276], [-110.0062182138147, 59.40872531861536], [-110.00621987049477, 59.41594828617381], [-110.00622135140627, 59.42335045489024], [-110.00622278709643, 59.430571609890656], [-110.0062233956586, 59.43348188728719], [-110.00622398864967, 59.436350339920445], [-110.00622429849217, 59.43779267399312], [-110.00622630892543, 59.445014036025846], [-110.00622720133543, 59.44823298556294], [-110.00622837932855, 59.452415965278114], [-110.0062303370862, 59.45963732123658], [-110.00623230192876, 59.466858837467306], [-110.00623305156226, 59.469573288723964], [-110.00623427818454, 59.47408034133283], [-110.00623627004896, 59.48148332853565], [-110.00623817143044, 59.488705909100354], [-110.00624007719911, 59.49592830962858], [-110.00624098340509, 59.49986243847582], [-110.00624171160719, 59.50315083817178], [-110.00624229327818, 59.50654721933035], [-110.00624297285194, 59.51055385755947], [-110.00624420889096, 59.517776296614784], [-110.00624532504932, 59.5244539877604], [-110.00624539951363, 59.52499872293937], [-110.0062466030212, 59.53222114956462], [-110.00624782152103, 59.53962395029265], [-110.00624897859356, 59.546846349508044], [-110.00625013716862, 59.5540685631869], [-110.00625038303825, 59.55576187342337], [-110.00625125847439, 59.56129058984727], [-110.00625240215845, 59.56869353250329], [-110.00625350379623, 59.5759159251878], [-110.00625435651644, 59.58127402280061], [-110.00625462980575, 59.58313831321419], [-110.0062560654818, 59.59036102248803], [-110.00625751393468, 59.59776430158256], [-110.00625894361374, 59.6049870245926], [-110.0062590914878, 59.605708933726476], [-110.00626034889837, 59.61220971407832], [-110.00626167972226, 59.619073443403344], [-110.00626175132595, 59.61943239246313], [-110.00626315461038, 59.626835643615], [-110.00626449372177, 59.63405831555048], [-110.00626527147006, 59.638251076542694], [-110.00626581965875, 59.64128097419277], [-110.00626705139486, 59.648159664702014], [-110.00626712193078, 59.64850392874567], [-110.00627027404836, 59.648684702828255], [-110.00627081004968, 59.6558989877815], [-110.00627126881388, 59.663113258811514], [-110.00627183262364, 59.66805930472052], [-110.00627207477014, 59.67032748531138], [-110.00627362567626, 59.67754169864841], [-110.00627520467245, 59.68493646019716], [-110.00627645092439, 59.690814820776474], [-110.00627674303976, 59.692150665434], [-110.00627824870583, 59.69936484763817], [-110.00627973015582, 59.706579021534054], [-110.00628126266984, 59.71397375151946], [-110.00628213073156, 59.71859404139217], [-110.00628259118686, 59.72118826117146], [-110.00628371474834, 59.72840335143615], [-110.00628481683297, 59.7356183903018], [-110.00628585203678, 59.74269650107964], [-110.00628589590742, 59.74302170070506], [-110.00628696718405, 59.75024441144931], [-110.00628795652608, 59.7574670684896], [-110.00628894042084, 59.764689708940374], [-110.00628993892953, 59.77209292169578], [-110.00629013737067, 59.773736992902464], [-110.006290870488, 59.77931555434166], [-110.00629179086262, 59.786538161181184], [-110.00629198596347, 59.78804897285911], [-110.00629271634207, 59.79376080043497], [-110.00629361022808, 59.80116398123763], [-110.0062945419069, 59.80725299330675], [-110.00629470336503, 59.80838650406055], [-110.00629685831076, 59.81560871069187], [-110.00629728829375, 59.81705245225681], [-110.00629899074588, 59.8228309234746], [-110.00630114979683, 59.83023364560924], [-110.00630363471015, 59.837455711160494], [-110.00630643863926, 59.844677653644304], [-110.00630674385366, 59.84547297550134], [-110.00630920341294, 59.85189959624133], [-110.00630925738596, 59.8520295948561], [-110.00631147216552, 59.85930366612715], [-110.00631367814944, 59.8665271962529], [-110.00631491841872, 59.87089417652491], [-110.0063157179915, 59.8737499260712], [-110.00631761354913, 59.880971447814744], [-110.00631937625441, 59.88780625477826], [-110.00631951215071, 59.88837350642038], [-110.00632136970522, 59.89559500469754], [-110.00632269390124, 59.90080623042557], [-110.00632320504023, 59.90281650734496], [-110.0063250134557, 59.9100379979848], [-110.00632703187485, 59.91743997914653], [-110.00633117176201, 59.92466092786113], [-110.0063312413767, 59.924816366147816], [-110.0063352660615, 59.93188187643572], [-110.00633753731042, 59.935891850935015], [-110.00633935090941, 59.939102799242434], [-110.00634351852221, 59.946504250715215], [-110.00634444905964, 59.94797840607303], [-110.00634805742264, 59.95372501927875], [-110.00635271246182, 59.96094571643407], [-110.00635714881925, 59.96780902050921], [-110.00635737411112, 59.96816642622576], [-110.00636212011241, 59.97556765193642], [-110.00636674407576, 59.98278833102123], [-110.00637136067324, 59.99000902041353], [-110.00638154588648, 59.99933494424984], [-110.006381852775, 59.99960573133414], [-110.03111599697378, 59.99960936616974], [-110.08509731578836, 59.99962390843497], [-110.12503342128223, 59.99963861857062], [-110.15375762459136, 59.999642802256425], [-110.21078205930523, 59.99963048456694], [-110.22367144370676, 59.99962426978095], [-110.28471155728826, 59.99964492654328], [-110.35614148475801, 59.99964731770301], [-110.39056714507686, 59.99963406197114], [-110.40886695067634, 59.99962331001256], [-110.43096095871016, 59.99963549519463], [-110.49680215587757, 59.999651757627795], [-110.5106680887333, 59.99965113586519], [-110.54157863954921, 59.999644293214345], [-110.57836858322058, 59.99962673423932], [-110.5846751476458, 59.99962271301769], [-110.63343082598746, 59.99961328720408], [-110.66372836253463, 59.99959864479616], [-110.70081706340834, 59.9995723432394], [-110.7164163114297, 59.99955823914143], [-110.78309890307571, 59.999549758715624], [-110.8230106131826, 59.99953241164446], [-110.8693482553753, 59.999495598248565], [-110.92100759133503, 59.99946621213527], [-110.94875273086213, 59.99946196924049], [-111.00527965956712, 59.99945807750442], [-111.04396764591066, 59.99941966728375], [-111.0860519460959, 59.999383512971946], [-111.12131068412471, 59.999374024522545], [-111.14567511064392, 59.999361969863436], [-111.18335374009838, 59.999338674842164], [-111.21223238894424, 59.99931587654135], [-111.24792070728874, 59.99927904710202], [-111.25850406908984, 59.99927807058385], [-111.30078519128988, 59.99926605244055], [-111.33947263310098, 59.99926938841392], [-111.38193680144626, 59.99927199019755], [-111.44143575792161, 59.999253110748576], [-111.48023985118462, 59.999237777097676], [-111.50864724823562, 59.999236185503285], [-111.53941082470236, 59.999234348945684], [-111.56694773443317, 59.99922663606879], [-111.59658364003178, 59.999212161025895], [-111.63128911142752, 59.9991868209402], [-111.65188210585902, 59.99916747686529], [-111.70547449190269, 59.99915823787509], [-111.75070035098047, 59.99914593549544], [-111.79012857432035, 59.9991226775284], [-111.8080172946103, 59.999108184861235], [-111.83828787597015, 59.99907758047885], [-111.84175857507581, 59.99907900043896], [-111.86443648369215, 59.99909019006679], [-111.87669060401977, 59.99909401556135], [-111.87772301684456, 59.999094518395886], [-111.8930750021147, 59.999102115171596], [-111.89312440568615, 59.999102122258186], [-111.8994882411837, 59.99910346997448], [-111.93958950427691, 59.99911990885283], [-111.96074057855365, 59.999128616332165], [-112.0011088115957, 59.999145508884546], [-112.0440905568767, 59.99916437282585], [-112.0808309468539, 59.99918162582559], [-112.12357091216711, 59.99920080213495], [-112.15204786865647, 59.99921337866038], [-112.1943763582805, 59.999232229902844], [-112.20145079893658, 59.99923515146042], [-112.21437713600281, 59.999231337730436], [-112.24298229311276, 59.99922265614456], [-112.27736426170725, 59.999211173878216], [-112.3071155680328, 59.99920115756208], [-112.34037494332281, 59.99918989464901], [-112.36780013287714, 59.99918049720985], [-112.40320339116032, 59.99915952558246], [-112.41125602849854, 59.999154744454145], [-112.43408371030449, 59.99914093381948], [-112.47369535249466, 59.9991178581532], [-112.51428740413837, 59.999094349485226], [-112.54967875535922, 59.99907373793828], [-112.5905262016615, 59.999050268015665], [-112.60321711582867, 59.9990429755565], [-112.63894230465574, 59.99902235251655], [-112.67903626486721, 59.999004610470614], [-112.71573428622715, 59.99898717448314], [-112.75878025308631, 59.998968058016], [-112.80056886517964, 59.99894965345114], [-112.83737956283505, 59.99893304766892], [-112.86755281732903, 59.998919134370055], [-112.91588001451723, 59.99893175969503], [-112.97929693486046, 59.99892151998027], [-113.00789727111884, 59.998909277595956], [-113.04395457038633, 59.99888623406154], [-113.07488518635901, 59.99889827430942], [-113.12040594007213, 59.998894997843635], [-113.16471195911961, 59.9988824939686], [-113.20547248374986, 59.998858876013884], [-113.238314239417, 59.99885770418827], [-113.31533608157132, 59.99885932619589], [-113.35202167625623, 59.998844598722236], [-113.37467502345129, 59.99883061369724], [-113.41635046854864, 59.99882546785998], [-113.46218727742794, 59.99883145359169], [-113.50679532709093, 59.998823506969856], [-113.55483883123041, 59.99879691316679], [-113.62045481028784, 59.99880120070194], [-113.64834377267522, 59.99880080974301], [-113.6931395639987, 59.99878809455248], [-113.73298889637121, 59.998764334317194], [-113.78472802361165, 59.998748979363135], [-113.84421001252942, 59.998759208999424], [-113.88232904805068, 59.99875159818476], [-113.92920630541865, 59.99872715837154], [-113.95284329469513, 59.998710136250175], [-113.9789666287042, 59.99871103683632], [-114.0328598109642, 59.9987161770276], [-114.07044581461963, 59.99870677175047], [-114.11104188042408, 59.99868579855666], [-114.15385236387989, 59.998674811570595], [-114.18598297684456, 59.99868138920764], [-114.2252451887014, 59.998678840541466], [-114.27147332225849, 59.998659306577814], [-114.33066577553599, 59.99862777556701], [-114.35373068969356, 59.99862088092289], [-114.41271458077209, 59.998592467692575], [-114.45134462373173, 59.99855959719174], [-114.48548036061749, 59.99852345712029], [-114.52679518374707, 59.99851278149926], [-114.57773279682124, 59.99848175382411], [-114.61710805744138, 59.998444317615764], [-114.65762367456453, 59.998393562934304], [-114.6960620470052, 59.998383518179836], [-114.74833302502776, 59.99835376930195], [-114.7841135772173, 59.998321390370606], [-114.83383078815858, 59.99826033828395], [-114.86037782979068, 59.9982657544921], [-114.89350418477194, 59.99826482703069], [-114.99410301692471, 59.99829605167283], [-115.0225372873394, 59.998293047958654], [-115.04402514998152, 59.99828664584908], [-115.07782637154486, 59.99827115781217], [-115.11725533715915, 59.998292705495714], [-115.1472254467341, 59.998301211174244], [-115.1844839659252, 59.99830211028434], [-115.22883228418105, 59.99828932264266], [-115.26459080299477, 59.998285196146], [-115.30402244587029, 59.99830292614022], [-115.33680628168239, 59.99830872700138], [-115.36918039116107, 59.998307001519024], [-115.41002689784705, 59.998293537280084], [-115.44667630489334, 59.99829695097955], [-115.48399808840853, 59.99831281082744], [-115.51770937063728, 59.99831796003791], [-115.56887174875575, 59.99830614677059], [-115.60208443413335, 59.99829407821277], [-115.64642580797586, 59.99831816194434], [-115.68476918331588, 59.998326938476886], [-115.72394369539603, 59.99832433240086], [-115.77037651239456, 59.998346344653434], [-115.80711736720076, 59.99836344329904], [-115.84696072597158, 59.998370656532096], [-115.8786133127652, 59.99836779438943], [-115.91113368145889, 59.9983577970929], [-115.94725727112171, 59.998384282790234], [-115.97354989863598, 59.99839740122573], [-116.01607558548723, 59.99840761437474], [-116.05034912210228, 59.99840475745613], [-116.0863407455872, 59.99839218525857], [-116.13365693431241, 59.99847372702435], [-116.17935648284596, 59.99855191359062], [-116.24079070808286, 59.99863202177609], [-116.28286844770608, 59.998670410500964], [-116.34202920578366, 59.99877989131045], [-116.38235408681358, 59.9988397821957], [-116.43257129775739, 59.998897169724316], [-116.48155061980052, 59.998965569454946], [-116.53303505582812, 59.99905382097485], [-116.57771196978543, 59.99911403304445], [-116.61929611434778, 59.99915660092687], [-116.65959579041498, 59.999220137381975], [-116.70940610983446, 59.99930453801037], [-116.75058419610754, 59.99935998965295], [-116.80848450113045, 59.99941639492149], [-116.85520706138743, 59.99950325971595], [-116.90034605222071, 59.999573633273904], [-116.94192063546359, 59.99962479463045], [-116.98369466515378, 59.999662930823696], [-116.98371535554216, 59.99966295065571], [-116.98472465344379, 59.99966375113873], [-117.03087996596808, 59.99969195094774], [-117.0753419814417, 59.999708144798134], [-117.12784199636853, 59.99970789139688], [-117.15889275556034, 59.99969797734736], [-117.20113941201252, 59.999728777712576], [-117.26014457857828, 59.99974918305864], [-117.30825598964793, 59.9997463122051], [-117.35213482207519, 59.99975235664642], [-117.39135237906446, 59.99977595192135], [-117.43969201962308, 59.999789002097586], [-117.48247011530019, 59.99978579660457], [-117.53179569992095, 59.99979463525868], [-117.58060348084521, 59.99980271932873], [-117.62699456195122, 59.99981047920684], [-117.68107915480415, 59.99979892354117], [-117.72572693262998, 59.99981182719284], [-117.75866117884439, 59.99981391879802], [-117.81055060414003, 59.999825493026066], [-117.84475877035425, 59.99982701734667], [-117.87972901992738, 59.99981404483502], [-117.92188037055378, 59.9997860902473], [-117.9635077471579, 59.99978460064359], [-118.00079316946389, 59.99978624582806], [-118.04182806597413, 59.999775382923474], [-118.09173894176907, 59.99974498108938], [-118.12869155251033, 59.99973635807035], [-118.17425922534198, 59.9997396086491], [-118.21382165422999, 59.99972967364236], [-118.23986949429717, 59.99971668432853], [-118.2815566999932, 59.99968668335963], [-118.33005891343707, 59.99969576073608], [-118.37966971179364, 59.9996922831259], [-118.4169025367651, 59.99967753670764], [-118.51531341858728, 59.99966126440487], [-118.55835373085294, 59.99965569681338], [-118.61632048451884, 59.999624682208825], [-118.66548910383683, 59.99960673269484], [-118.70033620214491, 59.999594638317014], [-118.74796857257508, 59.99965614092405], [-118.78989740045141, 59.99969608203142], [-118.83557114154672, 59.99972445717701], [-118.87557075047553, 59.99973453518348], [-118.926741901954, 59.99979769476083], [-118.98985151591968, 59.99985387315124], [-119.12546345989253, 59.99995435673625], [-119.16226410028463, 59.999981041912555], [-119.21465121687055, 60.00000078414032], [-119.23386513800114, 60.0000115289916], [-119.318449857061, 60.000080800126064], [-119.3428698492109, 60.00009068699646], [-119.36783548970506, 60.0001191739005], [-119.4205030874617, 60.00016140483005], [-119.4633081990412, 60.00018465166556], [-119.50869450707258, 60.00019165175423], [-119.54742248743169, 60.0002239170728], [-119.59686973789334, 60.000264690245935], [-119.6402567133872, 60.00028563235029], [-119.68738615637243, 60.00029217390158], [-119.73850015502912, 60.00033946941937], [-119.77793305423718, 60.00037007015963], [-119.82980983840486, 60.00039162401315], [-119.85905438112836, 60.00039485891658], [-119.88941144437963, 60.0004145768269], [-119.93435311719698, 60.000447448239406], [-119.99194614899967, 60.000467233949344], [-120.00135864312232, 60.000469851425954], [-120.0013586493457, 60.000198948139804], [-120.00136676557558, 59.9900120580163], [-120.00136691214219, 59.989841341396875], [-120.00137277460472, 59.98261961302978], [-120.00137630114673, 59.9782829984415], [-120.00137864658006, 59.975397864292276], [-120.00138462253285, 59.96799554154222], [-120.00139048991406, 59.96077377271005], [-120.00139070956378, 59.96050952094927], [-120.00139271056092, 59.953552012621074], [-120.00139475933965, 59.94633023189334], [-120.00139584780403, 59.942519856501235], [-120.00139691638583, 59.938927889431866], [-120.0013989821696, 59.93170608967209], [-120.00140105507009, 59.924484289473206], [-120.00140104990082, 59.924476720613136], [-120.0014031411493, 59.91726248140425], [-120.00139866687486, 59.909859997788544], [-120.00139692919075, 59.907336668518894], [-120.00139381229918, 59.902638050138265], [-120.00138894794785, 59.89541608836609], [-120.00138633952821, 59.89161074058593], [-120.00138470631735, 59.888194126209626], [-120.00138114266373, 59.88079159831515], [-120.00137898876129, 59.87627452623391], [-120.0013776845639, 59.873569629487726], [-120.00137424328534, 59.866347636509815], [-120.00137075942057, 59.85912562884225], [-120.00137032948211, 59.85823258975983], [-120.00136720704839, 59.85172308723783], [-120.00136377357404, 59.84450108098269], [-120.00136180863534, 59.840445905792734], [-120.0013602885947, 59.837279047777145], [-120.00135835225548, 59.830057047276746], [-120.00135819341642, 59.822654519707996], [-120.00135830860481, 59.822405266516014], [-120.001358523118, 59.81543250635888], [-120.00135873351854, 59.80821052440216], [-120.00135882866194, 59.80616759022126], [-120.00135898085527, 59.80098851928479], [-120.00135923335549, 59.793585944590795], [-120.00135937177849, 59.78857691806851], [-120.0013594614081, 59.78636392545237], [-120.00135967612407, 59.779141904868645], [-120.00135991630016, 59.771919879560095], [-120.0013599420279, 59.77104002699965], [-120.00136015987745, 59.76451726654433], [-120.00136037443602, 59.75729520765449], [-120.00136051962541, 59.7529967753168], [-120.00136060927416, 59.750073156836415], [-120.00136236538955, 59.742851278223334], [-120.00136416763715, 59.73544883345802], [-120.00136423332846, 59.7350791955843], [-120.00136589329561, 59.728226968214], [-120.00136765173079, 59.72100510334676], [-120.00136840988706, 59.71782897499667], [-120.00136937428522, 59.713783232476445], [-120.00137116343102, 59.70638080707378], [-120.00137269858662, 59.69996516855427], [-120.00137290949887, 59.69915890431018], [-120.00137459471594, 59.69193699469712], [-120.00137628252472, 59.684715097412315], [-120.0013769328809, 59.681920342925864], [-120.00137801795583, 59.677312631719836], [-120.00137971174243, 59.67009070321002], [-120.00138039769821, 59.66387623279382], [-120.00138033980741, 59.662868541647924], [-120.00138004747497, 59.65564618649703], [-120.00137975795302, 59.64844343163428], [-120.00137975028717, 59.64817153529025], [-120.00137966140609, 59.64583027652197], [-120.00137994764654, 59.64096877419766], [-120.00138041617629, 59.633746393028616], [-120.00138077406815, 59.62780045745005], [-120.00138083822486, 59.62652402427527], [-120.00138130267297, 59.61912108332879], [-120.00138174974758, 59.61189868264448], [-120.0013818708529, 59.609770921963985], [-120.0013821841463, 59.60467628228255], [-120.00138264040113, 59.5974538755215], [-120.00138297069957, 59.59172476699955], [-120.00138308048379, 59.590050902209256], [-120.00138348202971, 59.58282847556614], [-120.00138358280687, 59.57560604407305], [-120.0013836185884, 59.573731295164585], [-120.0013828880319, 59.56838364287817], [-120.00138186321855, 59.56098062936389], [-120.00138134062546, 59.55568394005015], [-120.00138086669257, 59.553758255574344], [-120.00137987523213, 59.54653582924056], [-120.00137889057721, 59.53931340969683], [-120.00137907672558, 59.53763746144083], [-120.00137784735546, 59.53191043024673], [-120.00137685155752, 59.52468801078158], [-120.00137684084251, 59.519992299454344], [-120.00137585922882, 59.51746555143241], [-120.00137488047659, 59.51024312021299], [-120.00137383996004, 59.502840100212445], [-120.00137374089235, 59.501964783245576], [-120.00137383513618, 59.49561767450291], [-120.0013741415112, 59.48896799051944], [-120.0013741603084, 59.48839524137775], [-120.00137449642574, 59.48117282206749], [-120.0013748548115, 59.473769828541904], [-120.00137393033135, 59.470940059966374], [-120.00137359406176, 59.46654731170464], [-120.00137363290618, 59.45932478985735], [-120.00137366289347, 59.45329040785054], [-120.00137367512316, 59.45210225331655], [-120.00137373561309, 59.444699131717655], [-120.00137376517411, 59.437476588084955], [-120.0013737527591, 59.437393208617785], [-120.0013737974391, 59.43025400098295], [-120.00137382911518, 59.427286458703115], [-120.00137384731663, 59.42303144724085], [-120.00137380255839, 59.415628278376175], [-120.00137354957573, 59.40961885857399], [-120.0013734788747, 59.40840563959888], [-120.00137164887653, 59.4011829685153], [-120.00137005122289, 59.393960297360366], [-120.00136986808018, 59.39319294880175], [-120.00136838954467, 59.38655703852893], [-120.00136677089202, 59.37933438763526], [-120.00136594905041, 59.37568653621472], [-120.0013651422816, 59.372111697374216], [-120.00136352542036, 59.36488901911273], [-120.0013621223889, 59.35854071656813], [-120.00136190147123, 59.357485748989355], [-120.00136025796367, 59.35026305160351], [-120.0013586560203, 59.34304032906892], [-120.00135850416419, 59.342295451505564], [-120.00135925206415, 59.33581760645501], [-120.0013599953843, 59.32841440642309], [-120.0013603794906, 59.32424907615788], [-120.0013606795208, 59.321191786224915], [-120.00136136654066, 59.313969147739634], [-120.00136190801585, 59.30816229580335], [-120.00136203477784, 59.30674653500208], [-120.00136272900184, 59.29955996720233], [-120.0013627388819, 59.29928493452231], [-120.00136341287764, 59.29209836726958], [-120.00136342761662, 59.29192121777787], [-120.00136410105534, 59.28487568837826], [-120.00136478625575, 59.27765299862432], [-120.00136504239492, 59.27482804378131], [-120.00136548718343, 59.27024971370783], [-120.00136617781456, 59.26302701794067], [-120.00136594585838, 59.26177937956871], [-120.00136486016925, 59.25580427514542], [-120.00136303024304, 59.24858146912523], [-120.00136264181889, 59.247315965118055], [-120.00136078116432, 59.24117760390906], [-120.0013585825834, 59.233954332928], [-120.00135752224726, 59.230416656083925], [-120.00135639076001, 59.22673103633714], [-120.00135420528707, 59.219507759153345], [-120.00135324330907, 59.21642598352845], [-120.00135194576967, 59.21210387369926], [-120.00134975882193, 59.20488066822752], [-120.00134755539118, 59.197657421840226], [-120.00134744656937, 59.19724258362225], [-120.00134613136441, 59.190434202847285], [-120.00134470440045, 59.18303037623651], [-120.00134402235285, 59.179238222849605], [-120.00134329995281, 59.17580711292088], [-120.00134187774762, 59.16858387353216], [-120.00134027062599, 59.161360473713614], [-120.00134041439597, 59.16123911138405], [-120.00133854089613, 59.15395645449788], [-120.0013368253558, 59.14673299549791], [-120.0013360763131, 59.14247145425076], [-120.00133515000317, 59.13950952398931], [-120.00133347052005, 59.132286072283335], [-120.00133172300283, 59.12488191067392], [-120.00133187090822, 59.124326562542436], [-120.00133037179219, 59.117658175915714], [-120.00132875601408, 59.11043435581047], [-120.00132781579644, 59.106305711609714], [-120.00132711222619, 59.10321051142674], [-120.00132544985026, 59.09580607203545], [-120.00132381240125, 59.08858223243872], [-120.00132378954078, 59.08839550486703], [-120.0013227891865, 59.081358671356995], [-120.00132334938652, 59.07413585174176], [-120.00132383501904, 59.06797069016287], [-120.00132393112227, 59.06673247134747], [-120.0013244707605, 59.059509652111295], [-120.00132501367358, 59.052286812764436], [-120.00132520786111, 59.049968574700245], [-120.00132558384813, 59.04506397397987], [-120.00132614916106, 59.037660553635426], [-120.0013265957165, 59.0320115291818], [-120.00132682280663, 59.030437798634104], [-120.00132795937941, 59.023215063339606], [-120.00132906391147, 59.015992282292174], [-120.00132940750959, 59.01380248319889], [-120.00133020944747, 59.00858894110489], [-120.00133130982351, 59.00136615438676], [-120.00133218236554, 58.99582772752122], [-120.00133245239059, 58.99414332804282], [-120.00133362552256, 58.986920502123915], [-120.0013347877842, 58.97951706386894], [-120.00133504499343, 58.97785537901566], [-120.00133595026867, 58.972294210926634], [-120.00133709724659, 58.965071352991934], [-120.00133796397466, 58.95970528881629], [-120.00133823602178, 58.95784846818094], [-120.0013394132317, 58.950637282204], [-120.00134372065281, 58.95035928748526], [-120.00134060237163, 58.94314808764137], [-120.00134080748103, 58.9417039403651], [-120.00134163779038, 58.935925159383146], [-120.0013426565598, 58.928702217176905], [-120.0013433791437, 58.92370630003447], [-120.00134373844705, 58.92129870076817], [-120.00134445032572, 58.91407562961657], [-120.0013446584472, 58.906852350995486], [-120.00134467757398, 58.90587897729331], [-120.00134486833834, 58.899629086521195], [-120.00134508247828, 58.892225215732054], [-120.00134523501478, 58.887157060184194], [-120.00134530744653, 58.88500192505091], [-120.00134549654773, 58.877778628374614], [-120.00134573855917, 58.87055533845993], [-120.00134576037955, 58.86913830537367], [-120.00134611247286, 58.86315142807554], [-120.00134656171893, 58.8559281188939], [-120.00134682850087, 58.85107927980938], [-120.0013469712211, 58.84870477686369], [-120.00134738737653, 58.841481434385905], [-120.00134783976182, 58.83407752354943], [-120.0013478992099, 58.833076924662365], [-120.00134857799495, 58.8268542851423], [-120.00134936161864, 58.81963102677825], [-120.00134982552518, 58.815074426720436], [-120.00135010771669, 58.81240777507772], [-120.00135088314127, 58.80500392447994], [-120.00135167362862, 58.797780658016265], [-120.00135176301086, 58.79706050338722], [-120.00135245701479, 58.7905573682324], [-120.00135319443672, 58.78333409804048], [-120.00135365060599, 58.77904383884757], [-120.00135433799113, 58.77593021410507], [-120.00135271701257, 58.768706896534056], [-120.00135107191502, 58.76148357432927], [-120.00135099559627, 58.76101844603187], [-120.00134945784625, 58.75426024534652], [-120.0013478731991, 58.746856367486714], [-120.00134711562934, 58.74297233525992], [-120.00134644922647, 58.73963315492415], [-120.0013450402253, 58.73240989660273], [-120.00134469652637, 58.73065787630378], [-120.00134361735365, 58.72518665664721], [-120.00134216064153, 58.71778280526948], [-120.00134129908382, 58.713328095703005], [-120.00134076388949, 58.710559553097944], [-120.00133933846591, 58.703336264064696], [-120.00133790957277, 58.69611299299199], [-120.00133785811835, 58.69573332037279], [-120.00133645569456, 58.68870911535275], [-120.0013348195384, 58.68148584294744], [-120.00133442870205, 58.678324153577776], [-120.00133392569153, 58.67426253426483], [-120.00133305571222, 58.66703924247185], [-120.00133195103507, 58.6598812618392], [-120.00133191214704, 58.65963531398633], [-120.00133079653759, 58.65241194674297], [-120.00132967283105, 58.64518856523384], [-120.00132945264082, 58.64372612008603], [-120.00132855279037, 58.63796520320233], [-120.00132739312976, 58.63056123657081], [-120.00132704182195, 58.62822114546688], [-120.00132629365586, 58.623337822923354], [-120.00132516597891, 58.61611442279423], [-120.0013244682517, 58.61162958295435], [-120.00132404607336, 58.60889102218056], [-120.00132293154637, 58.60171404223865], [-120.0013228864157, 58.60143346009851], [-120.00132202574436, 58.595796892597285], [-120.00132195600688, 58.59425649254522], [-120.00132158402624, 58.5870330801662], [-120.00132043786436, 58.57980919016259], [-120.00131976553433, 58.57738489815684], [-120.00131844467899, 58.572404188421935], [-120.00131646167377, 58.56517978882255], [-120.0013153578922, 58.56110451808222], [-120.00131451012895, 58.55795538242001], [-120.00131253054195, 58.55073096253502], [-120.00131092765467, 58.54477262058857], [-120.00131052971459, 58.54332591693903], [-120.00130857665783, 58.53610147941601], [-120.0013070968432, 58.53064247216902], [-120.0013066060488, 58.528877053202216], [-120.00130465892565, 58.521652588092415], [-120.00130265594373, 58.51424751102327], [-120.00130258448053, 58.51403594877016], [-120.00130112359152, 58.50702336233138], [-120.00129957772181, 58.499799181583725], [-120.00129952032547, 58.49959760027683], [-120.00129729439278, 58.49257449662929], [-120.00129496167273, 58.485169186665345], [-120.00129399910053, 58.482147870545106], [-120.00129267613416, 58.477944495997235], [-120.00129170546222, 58.47494252877093], [-120.00129038293332, 58.47071978745196], [-120.00128811880262, 58.463495077594786], [-120.0012869883813, 58.459905896515586], [-120.00128578743916, 58.45608972882437], [-120.00128349262901, 58.448865005363615], [-120.00128227749663, 58.44501627076892], [-120.00128123222137, 58.44164026958053], [-120.00127892541124, 58.43441550843325], [-120.00127745159858, 58.42969615980931], [-120.0012761334302, 58.42701012811879], [-120.00125497642748, 58.41978491400324], [-120.0012708171468, 58.41470519893117], [-120.00125433152662, 58.41256046898345], [-120.00125476751151, 58.405336598920876], [-120.00126854595085, 58.39991985003994], [-120.00125517750041, 58.39793212750935], [-120.00125559346641, 58.39070823616889], [-120.00126619661233, 58.38466923013522], [-120.00125598860302, 58.38348431303634], [-120.00125640300675, 58.3762604231467], [-120.00125681482528, 58.368855894787416], [-120.00126356003636, 58.367543939587705], [-120.00125723006609, 58.36163198460214], [-120.00125763213445, 58.35440804772479], [-120.00126073426006, 58.34908918421757], [-120.00126044150744, 58.34718410636649], [-120.00125932648447, 58.33977955751886], [-120.00125868694778, 58.33571850690295], [-120.00125882048316, 58.33255601556518], [-120.00126028992533, 58.325333486890955], [-120.00126162657364, 58.31868742190705], [-120.00126175556663, 58.31811097614983], [-120.00126322375375, 58.31070787312584], [-120.00126398906052, 58.306923944142994], [-120.00126467621911, 58.30348534441505], [-120.00126614505425, 58.296262782442824], [-120.00126741404961, 58.28995800188477], [-120.0012675811896, 58.28904022693503], [-120.00126909812528, 58.28163709207408], [-120.0012705544599, 58.27441451188595], [-120.00127070086212, 58.273608433206384], [-120.00127201994893, 58.26719194372122], [-120.00127345608554, 58.2599693566876], [-120.00127447296778, 58.25495696227485], [-120.00127512164774, 58.25297311023974], [-120.00127523306209, 58.25269318067567], [-120.00127684825952, 58.24570904549029], [-120.00127850435723, 58.23848644561725], [-120.00127890097723, 58.2368741037045], [-120.00128027856859, 58.23126383188668], [-120.00128216477194, 58.22386065156872], [-120.00128356451981, 58.21864145242122], [-120.00128411709622, 58.216638044750304], [-120.00128619666869, 58.2094153931081], [-120.00128833577375, 58.20219277310412], [-120.00128894906038, 58.200176735650814], [-120.0012906360227, 58.19478954116985], [-120.00129267188176, 58.18843035972996], [-120.00129294661619, 58.18756688332203], [-120.00129538279019, 58.18034421851172], [-120.00129793356349, 58.17312154176774], [-120.0012983800799, 58.17182306318024], [-120.00129917027665, 58.16571817223176], [-120.00129854678967, 58.15849464943715], [-120.00129816874905, 58.15377703149296], [-120.00129799987839, 58.151271101829394], [-120.00129754733369, 58.1440475593102], [-120.00129724437751, 58.13750063117056], [-120.0012972083179, 58.136643429745966], [-120.00129695849898, 58.12941986259601], [-120.00129678599906, 58.12219630119986], [-120.00129680734516, 58.1220847333091], [-120.00129674441014, 58.114972739848355], [-120.00129679904683, 58.10756855772036], [-120.0012968602033, 58.10340684258857], [-120.00129697672661, 58.10034497107342], [-120.0012973138134, 58.0931213707431], [-120.00129740935228, 58.09117784931378], [-120.00129774913337, 58.0858977573335], [-120.00129536450986, 58.07849079706527], [-120.00129360340225, 58.07532359652416], [-120.00129139521896, 58.07126344842248], [-120.00128748212482, 58.06403591917945], [-120.0012839529894, 58.05732562172185], [-120.00128367519115, 58.05680839638304], [-120.00127990012317, 58.04940017576354], [-120.00127627485448, 58.04217262740926], [-120.00127488884517, 58.03930175073959], [-120.0012727824824, 58.034945059241586], [-120.00126935295974, 58.027717504619424], [-120.00126915226717, 58.02729617647754], [-120.00126593548231, 58.02030924734809], [-120.0012627261636, 58.01308167823792], [-120.0012610712924, 58.00932227945694], [-120.00125958782269, 58.005854084545554], [-120.00125785348017, 57.99862746502985], [-120.00125885416277, 57.99681897477972], [-120.00126180704254, 57.99122446614147], [-120.0012651128935, 57.984002077664655], [-120.00126719290867, 57.97950074843544], [-120.00126853554647, 57.97677969693935], [-120.0012720144213, 57.969557302949895], [-120.00127283383812, 57.96791471573116], [-120.0012756889944, 57.962154335408144], [-120.0012793738711, 57.95493191654706], [-120.00128006346472, 57.953645858226174], [-120.00128614094896, 57.94770950369336], [-120.00128705763754, 57.9404870638891], [-120.00128772891729, 57.93922135444465], [-120.00129111156745, 57.93308406392424], [-120.00129517967203, 57.9258616252882], [-120.00129652909811, 57.92350921874086], [-120.00129933666992, 57.918639166688784], [-120.0013019414727, 57.91141537216859], [-120.00130302315186, 57.90756672695918], [-120.00130373830247, 57.90428061238548], [-120.00130378879041, 57.90402099254197], [-120.00130478660952, 57.89688822440596], [-120.0013052673744, 57.89354353356432], [-120.00130581348584, 57.88966396579572], [-120.00130679731365, 57.8824397014573], [-120.00130737485526, 57.87838875257977], [-120.00130786000042, 57.87503484237536], [-120.00130885512122, 57.86781057168536], [-120.0013094713203, 57.86345137135034], [-120.00130987632619, 57.860586281736055], [-120.0013108925213, 57.853361991756636], [-120.00131156037843, 57.84840145582957], [-120.00131192275171, 57.845957093186875], [-120.00131293157425, 57.83873278318976], [-120.00131365853636, 57.83182759065609], [-120.0013136424518, 57.83150833172408], [-120.00131363451858, 57.82428352500633], [-120.00131361723642, 57.816878074424345], [-120.00131363593005, 57.81348191233812], [-120.00131358191977, 57.80965346091623], [-120.00131359592477, 57.802428821836536], [-120.00131358970421, 57.800093460016846], [-120.00131357504216, 57.79520418211581], [-120.00131355321518, 57.787798924997006], [-120.00131355023102, 57.78242478201693], [-120.0013135286928, 57.78057425972679], [-120.00131352583654, 57.77334958797845], [-120.00131350352181, 57.76643878207148], [-120.00131352293391, 57.76612492321148], [-120.00131342898132, 57.75871958860189], [-120.00131320477422, 57.75149493029843], [-120.0013105244681, 57.748205342420405], [-120.00130455113194, 57.744264832232766], [-120.00129368771458, 57.73703329134352], [-120.00128375627433, 57.73043063300162], [-120.00128341328858, 57.72962252252716], [-120.00127309413183, 57.72238932884484], [-120.00126276805761, 57.715157690648795], [-120.00125979903875, 57.7130775234706], [-120.00125243593865, 57.70792603276096], [-120.00124183831011, 57.70051358022353], [-120.00124152913455, 57.70028523245574], [-120.001231518285, 57.693281896346754], [-120.00122120438897, 57.68605023189881], [-120.00121979255054, 57.68507161822571], [-120.00121087411956, 57.678818521164466], [-120.0012004255592, 57.67150921876168], [-120.0012002883983, 57.67140605119001], [-120.00119650360924, 57.6641784767905], [-120.00120228861914, 57.659736928202236], [-120.00120590653607, 57.656959218399926], [-120.00121529887915, 57.6497399655175], [-120.00122400957511, 57.64304487493478], [-120.00122480392531, 57.64234023724652], [-120.00123289026247, 57.63512110747069], [-120.00123567057125, 57.63265975944586], [-120.00124103049706, 57.62790198425907], [-120.00124913563604, 57.62068285493811], [-120.00125442218643, 57.61598605577526], [-120.0012574403352, 57.6132832357852], [-120.00126557438973, 57.60606406866096], [-120.0012705468501, 57.60164542925488], [-120.00127368020628, 57.598844920357884], [-120.00128180697595, 57.59162575832162], [-120.00128225114112, 57.59121910675501], [-120.00129012593078, 57.584226093932564], [-120.00129186570396, 57.579117744981396], [-120.00129221145924, 57.57700244732], [-120.00129344757045, 57.56977816450754], [-120.00129348625602, 57.56950282803186], [-120.00129538479803, 57.56255384822645], [-120.00129650496038, 57.55843357653881], [-120.00129733007313, 57.55539736380568], [-120.00129738731414, 57.55513279509045], [-120.00129935877194, 57.54797630574765], [-120.00130133694607, 57.540751891656434], [-120.00130179236865, 57.539013091684076], [-120.00130329974866, 57.53352747252821], [-120.00130346906852, 57.532922852825294], [-120.00130509793529, 57.52686350546294], [-120.00130532912142, 57.526122453063515], [-120.0013072885999, 57.51889801372], [-120.00130917386892, 57.51199056337795], [-120.00130925704205, 57.51167357557321], [-120.00131123582032, 57.504449124166875], [-120.00131249780341, 57.49829429047371], [-120.00131250378395, 57.49704334343051], [-120.00131252238393, 57.495154484024795], [-120.00131240129838, 57.489817123604674], [-120.00131224566262, 57.48259088405928], [-120.00131215076257, 57.47652421252401], [-120.00131212320144, 57.47536464476584], [-120.00131208473378, 57.473326012728116], [-120.00131197790482, 57.467957736287914], [-120.00131182824228, 57.46073136075102], [-120.00131170115064, 57.45449918012322], [-120.00131170279764, 57.453504993021674], [-120.00131154857365, 57.446278611804594], [-120.00131151570629, 57.44474562541276], [-120.00131141634525, 57.438871561215414], [-120.00131125359576, 57.43164515462219], [-120.00131113770668, 57.42489459243564], [-120.00131100953374, 57.42441874023155], [-120.00130939220753, 57.417426114535914], [-120.00130935005681, 57.41719232071953], [-120.00130700995877, 57.4097870813909], [-120.00130638817285, 57.40792159847556], [-120.00130466993446, 57.40256259127712], [-120.00130234582123, 57.39533811472081], [-120.00130214551506, 57.39472477915689], [-120.00130303149538, 57.388113604554626], [-120.00130436944879, 57.380708604727985], [-120.001304659164, 57.37852044829285], [-120.00130551680002, 57.37348397843691], [-120.00130776239622, 57.36625973841457], [-120.00130934945645, 57.364331759033554], [-120.00130651969842, 57.35903437692595], [-120.00130784833595, 57.351629423044166], [-120.00130862595596, 57.3467943509814], [-120.00130895247837, 57.34440491986361], [-120.00130993022604, 57.33718029906097], [-120.00131080358483, 57.32995577038338], [-120.0013112917717, 57.324938319297], [-120.00131155018434, 57.32255071244334], [-120.0013122829802, 57.31532626623968], [-120.00131303309982, 57.308101802901916], [-120.00131308486694, 57.30752613685708], [-120.001313739406, 57.300877337468016], [-120.00131450933631, 57.2934722395694], [-120.00131458764223, 57.29289462072646], [-120.00131525379297, 57.28624775047642], [-120.0013159611237, 57.279023259020605], [-120.00131643045525, 57.27446764065807], [-120.00131664837853, 57.271798768122714], [-120.00131724384197, 57.264393639950654], [-120.00131780780387, 57.25776262609484], [-120.00131784714739, 57.25716913026283], [-120.00131844995285, 57.24994459334958], [-120.00131897560084, 57.24272014928213], [-120.0013191953381, 57.23977345780585], [-120.001319529484, 57.235315084550386], [-120.001320084936, 57.22809062615653], [-120.00132026565826, 57.22569608438582], [-120.00132064521301, 57.22086615472592], [-120.00132116228482, 57.213641682976665], [-120.00132151010361, 57.209031437930506], [-120.00132165671978, 57.206467527487554], [-120.00132168844549, 57.20619992824056], [-120.00132215731817, 57.1990257662815], [-120.00132222747017, 57.19758819864574], [-120.00132259169024, 57.1918012574539], [-120.00132306005628, 57.1845767542267], [-120.00132344410235, 57.1781438571047], [-120.00132351466652, 57.17717161719787], [-120.00132396758326, 57.16994708164635], [-120.00132432598933, 57.16397932740358], [-120.00132435996298, 57.16272263647963], [-120.0013247355587, 57.155498261948274], [-120.00132508690335, 57.14809326283054], [-120.00132513929627, 57.14675937221831], [-120.00132543747372, 57.14086888156083], [-120.00132580227654, 57.13364448147672], [-120.0013261298536, 57.126420073635884], [-120.00132624981602, 57.124621546001904], [-120.00132661007163, 57.11901504113215], [-120.00132710370025, 57.11179057030633], [-120.00132720621252, 57.11043546035318], [-120.00132761059204, 57.10456607350158], [-120.00132809635546, 57.09734158989726], [-120.00132824507138, 57.09496371247141], [-120.00132861591793, 57.089936473571065], [-120.00132910858399, 57.082711924339584], [-120.00132930245648, 57.08102186047085], [-120.00132987995651, 57.075486964065185], [-120.0013306299442, 57.06826201519815], [-120.0013312431268, 57.06263621476452], [-120.0013314290664, 57.06085641478351], [-120.00133218728179, 57.053631459635916], [-120.00133292971775, 57.046766658802746], [-120.00133293152705, 57.04640647239365], [-120.00133372809142, 57.03918147920658], [-120.00133430453536, 57.03382318719624], [-120.0013341361015, 57.03177585898663], [-120.00133436460243, 57.02455094199875], [-120.00133460031294, 57.01732600107337], [-120.00133469530057, 57.01268458696967], [-120.00133480515673, 57.010101071939005], [-120.00133502095541, 57.002695503177186], [-120.00133521170986, 56.998444057752366], [-120.0013352495365, 56.99547045733436], [-120.00133548505663, 56.988245360560555], [-120.0013357864591, 56.98312732749376], [-120.0013357269858, 56.98102025788207], [-120.00133598227376, 56.97361452247317], [-120.00133638473056, 56.966452793064036], [-120.00133619665729, 56.96638941135096], [-120.00133643211683, 56.95916425593109], [-120.00133666039186, 56.9519391401559], [-120.00133682087349, 56.94716210825783], [-120.00133691713617, 56.9445333458321], [-120.00133719198216, 56.93730815923336], [-120.0013374772315, 56.930082946765246], [-120.00133775038817, 56.93002972671518], [-120.00133774423304, 56.92285774018013], [-120.00133826653736, 56.91665655890953], [-120.00133800667815, 56.91545196597646], [-120.00133811377943, 56.90822720990933], [-120.00133847832808, 56.90145661043806], [-120.00133823817868, 56.90100242949712], [-120.00133836336943, 56.893777648804594], [-120.00133863317171, 56.89042241027934], [-120.00133847203196, 56.88637224856212], [-120.00133856293822, 56.87914745429459], [-120.00133887738718, 56.873359209660066], [-120.00133868427798, 56.87192263515377], [-120.00133880910732, 56.864697835425936], [-120.00133907153717, 56.85944423476538], [-120.00133891056592, 56.85746211802225], [-120.00133892856735, 56.85719168570566], [-120.00133902287867, 56.849955957454746], [-120.00133914184576, 56.842731142728084], [-120.00133935958459, 56.840199724475966], [-120.00133926619203, 56.83550633653626], [-120.00133941152652, 56.82810089807214], [-120.0013397183088, 56.82204515533773], [-120.00133958232529, 56.82087606605902], [-120.00133976059544, 56.81365123349439], [-120.0013399242161, 56.80642640666733], [-120.00134012497352, 56.80424608409087], [-120.00134008346073, 56.799020942978444], [-120.00134026160451, 56.791796071807404], [-120.00134049676338, 56.787349232032774], [-120.00134045714148, 56.78457122488831], [-120.00134060300972, 56.77734634190802], [-120.00134078850624, 56.774143045292895], [-120.00134077846235, 56.769940843896656], [-120.00134093644014, 56.76271606968723], [-120.00134109187043, 56.76052580610143], [-120.00134110947754, 56.755491301820335], [-120.00134139423761, 56.74826640499186], [-120.00134207550325, 56.7408604641141], [-120.00134229504647, 56.739244081648664], [-120.00134274552833, 56.73363513357422], [-120.00134341673382, 56.726409804528515], [-120.00134365527266, 56.724693424560286], [-120.00134408722808, 56.719184462651015], [-120.00134479347844, 56.71177848166998], [-120.00134540161838, 56.70562075173397], [-120.00134545877034, 56.70455311962949], [-120.0013461473739, 56.6973277527911], [-120.00134670557753, 56.69139271963682], [-120.00134681365634, 56.69010235778748], [-120.00134750122109, 56.68269635105806], [-120.0013501634597, 56.67547095794845], [-120.00135226905263, 56.66984424898737], [-120.00135285035103, 56.66824555096688], [-120.00135476944297, 56.661020390649725], [-120.00135650819784, 56.6536146679112], [-120.00135714453099, 56.650863518090624], [-120.00135819459597, 56.64638957577906], [-120.00135988997057, 56.63916444701083], [-120.00136080867017, 56.635274041543184], [-120.00136077540787, 56.63193933799579], [-120.0013606958089, 56.62453357015835], [-120.00136066160016, 56.61942220124274], [-120.00136064069083, 56.61730842645465], [-120.00136056548534, 56.610083292306264], [-120.00136052550053, 56.60371153645964], [-120.00136050443348, 56.602858130328535], [-120.00136043598766, 56.59545234996086], [-120.00136038900644, 56.58822720665571], [-120.00136036822508, 56.58705046534918], [-120.00136018422113, 56.58100211626208], [-120.00135969853407, 56.573777108948136], [-120.00135932952983, 56.56829724567515], [-120.00135945176392, 56.56637145870715], [-120.00135973752984, 56.56071463925907], [-120.00135981575795, 56.55914642557296], [-120.00136019271342, 56.55192138085401], [-120.0013605895949, 56.5446963278695], [-120.00136065944346, 56.543126379891476], [-120.00136097384801, 56.53729064368509], [-120.00136135053638, 56.53006557293859], [-120.00136163899062, 56.524515876264246], [-120.00136174094284, 56.52284049597639], [-120.00136211797994, 56.51561540488983], [-120.0013624327361, 56.509596443723574], [-120.00136222389214, 56.508398386000984], [-120.00136219271462, 56.50812538479068], [-120.00136102090013, 56.50128027502413], [-120.0013609509878, 56.500909984377536], [-120.00136019214163, 56.493684635847515], [-120.00135949077195, 56.48645928834489], [-120.0013594589664, 56.4862261336863], [-120.00135876527361, 56.47905329349787], [-120.00135806496607, 56.47182793279203], [-120.00135772434682, 56.468433770438544], [-120.00135736083206, 56.46460255218397], [-120.0013566674773, 56.45737716368542], [-120.00136642712356, 56.4564058928868], [-120.00135592941594, 56.449971132066565], [-120.00135524071331, 56.442745732018196], [-120.00136538288302, 56.44201658294349], [-120.00135452726862, 56.435520325513465], [-120.00135383522992, 56.42829489268534], [-120.00135313923252, 56.420889039915174], [-120.00135280525645, 56.41800903984258], [-120.00135262123801, 56.41366137617457], [-120.00135200531805, 56.40643384035104], [-120.00135150700763, 56.399563130343324], [-120.00135151331803, 56.39920629205968], [-120.00135101962407, 56.391798600763636], [-120.00135070804461, 56.38746965864477], [-120.00135051892522, 56.384570542781084], [-120.0013508431855, 56.37736367083519], [-120.00135085601495, 56.37734234984903], [-120.00135058863198, 56.37011465276173], [-120.00135005186715, 56.362706639659514], [-120.00134906733871, 56.35677888331423], [-120.00134888781227, 56.35547925190535], [-120.00134801120339, 56.34825196028479], [-120.00134748558915, 56.34102436076473], [-120.00134704625096, 56.33361610299114], [-120.00134593105814, 56.326388701380516], [-120.0013450731092, 56.32128303054678], [-120.00134471647672, 56.31916096688706], [-120.00134356385462, 56.31193361128656], [-120.00134299619599, 56.30832428180269], [-120.00134238190768, 56.30452559110601], [-120.00134122178494, 56.297298197440355], [-120.00134008285225, 56.29007079725988], [-120.00133997489415, 56.28961052061968], [-120.00133889984883, 56.282843411209114], [-120.00133772872691, 56.27543536590322], [-120.0013365574428, 56.268207939207414], [-120.00133646706774, 56.26764593918412], [-120.0013353929489, 56.2609805191807], [-120.00133451427365, 56.25535882892174], [-120.00133424356262, 56.25375311988803], [-120.00133349784194, 56.24634247987716], [-120.00133324137565, 56.239120745289064], [-120.00133321744933, 56.23812053847947], [-120.00133330270249, 56.2318949181513], [-120.00133336614914, 56.22961001542332], [-120.00133346892706, 56.22466695677584], [-120.00133361452262, 56.21726046675325], [-120.00133375865224, 56.21004077612705], [-120.00133375967103, 56.20948743401289], [-120.00133387811435, 56.20282122665665], [-120.00133393438117, 56.19877713754188], [-120.00133401645164, 56.195597794769554], [-120.00133416209643, 56.1881936851744], [-120.00133415029764, 56.18785392382915], [-120.00133428891998, 56.1809697436894], [-120.00133442604164, 56.17374581412035], [-120.00133448515957, 56.170714046561656], [-120.00133455269946, 56.16651990440563], [-120.00133440257034, 56.159402562201905], [-120.00133438758438, 56.15921562590382], [-120.00133424393636, 56.15246946388302], [-120.00133425683218, 56.15238715478624], [-120.00133416423648, 56.14830202635111], [-120.00133410641466, 56.14524338596623], [-120.00133398029695, 56.14002657372585], [-120.00133392872735, 56.13801730220971], [-120.00133403397312, 56.13062306447316], [-120.0013341752548, 56.12499930195492], [-120.00133424550867, 56.12338324442285], [-120.0013323840853, 56.11615546387393], [-120.00133316366905, 56.11584655320119], [-120.00133332694705, 56.10893012203121], [-120.00133090476501, 56.10152342502942], [-120.00133610683183, 56.10119882343108], [-120.00133310345886, 56.09429344269316], [-120.00133237053436, 56.087074713833736], [-120.00133185873914, 56.084333850064574], [-120.00133253662422, 56.07984241009824], [-120.00133400409688, 56.07244046138824], [-120.00133443227303, 56.068449964831615], [-120.00133500671113, 56.06520991254766], [-120.00133629369691, 56.057985480031824], [-120.00133648766254, 56.05692139039216], [-120.0013375987797, 56.05075400379483], [-120.00133891188045, 56.04334782210206], [-120.00133897269285, 56.0429996089281], [-120.00134017577062, 56.036117441488535], [-120.00134146050969, 56.0288894613209], [-120.00134200278991, 56.02491966006954], [-120.00134303417249, 56.021660493371975], [-120.00135058602645, 56.01425744662836], [-120.00135073735171, 56.012095822103554], [-120.00134899434991, 56.00702496292756], [-120.00135151411494, 56.000325846343046], [-120.00135150228856, 55.99979635033113], [-120.00135091826144, 55.99256907295095], [-120.00135127440127, 55.98515878130308], [-120.00134903623163, 55.98237156884753], [-120.00134963295494, 55.97793423956125], [-120.00134512159771, 55.97296464611007], [-120.00134653916474, 55.97071753027424], [-120.00134099596468, 55.96349120602115], [-120.00133763309199, 55.95975530999488], [-120.00134299190867, 55.956087638832486], [-120.00134511264699, 55.94886405732336], [-120.00134607678446, 55.94529696729584], [-120.00134607029209, 55.94164131497643], [-120.00134990683276, 55.936586006795494], [-120.00135204092803, 55.93440258700481], [-120.00134814800228, 55.926981734008464], [-120.00135053737553, 55.91978811520952], [-120.0013467451, 55.91950705680362], [-120.00134756692565, 55.91259517878661], [-120.00135240347855, 55.90534654730385], [-120.00135373747187, 55.90336768860343], [-120.0013525099471, 55.89788883659003], [-120.00135384335715, 55.890662056793424], [-120.00135386735451, 55.8893636047215], [-120.00135427229584, 55.88343621728946], [-120.00135481670534, 55.87794983556205], [-120.00135497743705, 55.876210958553735], [-120.00135087698649, 55.8688045065199], [-120.0013539873906, 55.86631746796873], [-120.0013509126929, 55.86157925465404], [-120.00135185178098, 55.85435388649506], [-120.00135249457047, 55.84760885472246], [-120.00135253868265, 55.84712857693453], [-120.00135307328148, 55.839722615255035], [-120.00135364848835, 55.83249727362351], [-120.00135370611561, 55.83197039608326], [-120.0013542797996, 55.825271873614035], [-120.00135458692765, 55.82177225353661], [-120.00135490073097, 55.81804674378969], [-120.00135556467217, 55.81073824006101], [-120.00135558405088, 55.810667885367934], [-120.00135557115895, 55.810473975636164], [-120.00135601714818, 55.803075620209434], [-120.00135629382986, 55.79843806625253], [-120.00135643364261, 55.79584891165756], [-120.00135687059698, 55.788622214591], [-120.00135731149967, 55.78121483341281], [-120.00135737529236, 55.779853104255956], [-120.00135773469557, 55.773988066077585], [-120.00135815016962, 55.76676126456843], [-120.00135845290777, 55.761942000052805], [-120.00135859839425, 55.75953447044146], [-120.0013590366199, 55.752127019565975], [-120.00135946968973, 55.74490019303215], [-120.00135970068334, 55.740843973705736], [-120.00135991464691, 55.737673360328294], [-120.00136034767641, 55.73044650982384], [-120.00136074570992, 55.72359705135402], [-120.0013607855023, 55.72303898015326], [-120.00136109300777, 55.71582457966866], [-120.00136139107065, 55.70859892737544], [-120.00136141748304, 55.707934179204614], [-120.00136169793636, 55.701373269038676], [-120.0013620117845, 55.6939669600429], [-120.0013620234524, 55.69345648767066], [-120.0013623174465, 55.68674130113612], [-120.00136242796697, 55.68382139070787], [-120.00136261674947, 55.67951561700089], [-120.00136291200266, 55.67228992554587], [-120.001363032653, 55.669198971002864], [-120.00136321141176, 55.66488359773933], [-120.0013634144514, 55.65810949930261], [-120.00136342810669, 55.65765799708817], [-120.0013636259059, 55.65043239692517], [-120.00136372129765, 55.64697418983121], [-120.00136382925311, 55.64320678905042], [-120.00136402722184, 55.63617223562288], [-120.00136287028742, 55.6358005184671], [-120.00136270563237, 55.628575796367045], [-120.00136255463521, 55.62134738998726], [-120.00136253055722, 55.6206701365903], [-120.00136237345677, 55.614120738063164], [-120.00136222589386, 55.607719233234825], [-120.00136220794592, 55.60671166658855], [-120.0013620355461, 55.599465987962965], [-120.00136202346161, 55.59833517480043], [-120.00136185998558, 55.59223668483955], [-120.00136170837291, 55.58500821399853], [-120.00136168990218, 55.58425517510022], [-120.00136166668648, 55.57760094177425], [-120.00136164338866, 55.570372407454144], [-120.0013616430637, 55.56946494160057], [-120.0013616480571, 55.563143864503026], [-120.00136164819988, 55.56192769615628], [-120.00136164546132, 55.55591703186474], [-120.00136164294183, 55.54948911537018], [-120.00136164127476, 55.5485060444478], [-120.00136378561325, 55.541276374255276], [-120.00136592504849, 55.53404679217447], [-120.00136661393216, 55.5321860762617], [-120.0013680661901, 55.52682326419489], [-120.00137022940159, 55.519414611665056], [-120.00137075232841, 55.51775841065785], [-120.00137006505268, 55.51218933386834], [-120.00136918648842, 55.504960952465105], [-120.00136937190156, 55.502186534159804], [-120.00136831124347, 55.49773254003991], [-120.00136844945335, 55.491644082413615], [-120.0013674122002, 55.490325682143876], [-120.00136656370441, 55.48309500320388], [-120.00136733615315, 55.47863791329511], [-120.00136584482384, 55.475866461058175], [-120.00136484734563, 55.46863811367306], [-120.00136434740735, 55.46148835139951], [-120.00136367693733, 55.46130385459497], [-120.00136389649288, 55.45995898330303], [-120.00136484192502, 55.454298132651935], [-120.00136484190065, 55.454160989288745], [-120.00136434757678, 55.44693356380509], [-120.00136426329658, 55.44516315039247], [-120.00136395987627, 55.43970977032711], [-120.00136364474557, 55.432301672351635], [-120.00136355325954, 55.42909871832633], [-120.0013634608104, 55.42507078921587], [-120.00136335071124, 55.417843330588354], [-120.00136336170567, 55.415879568605604], [-120.00136341698592, 55.41060856231203], [-120.00136348592245, 55.40712547142417], [-120.0013635946759, 55.403193129784476], [-120.00136389011391, 55.395958367675064], [-120.00136401611277, 55.39290714265083], [-120.00136423961624, 55.388723601252316], [-120.00136469442116, 55.38188327718511], [-120.0013647018051, 55.38148881911004], [-120.00136527369388, 55.37407329695671], [-120.00136505143693, 55.37078762642044], [-120.00136536057558, 55.366844418441325], [-120.00136602206757, 55.359615528668144], [-120.00136674163504, 55.35238661821264], [-120.00136695309219, 55.35019999949287], [-120.00136762852486, 55.344977037183725], [-120.00136855058814, 55.33774812857433], [-120.0013692042015, 55.33300225121514], [-120.00136996658317, 55.33051885013397], [-120.00137158390294, 55.32463498549059], [-120.0013720520059, 55.32328901822195], [-120.00137345684877, 55.31824913959032], [-120.00137428991191, 55.31587848911463], [-120.00137657638861, 55.30864865547994], [-120.00137891994584, 55.30141879758692], [-120.00137881027288, 55.30129714617602], [-120.00138139614931, 55.29418893933764], [-120.00138411070354, 55.286778778024534], [-120.00138423706032, 55.285345848433295], [-120.00138463454816, 55.27963279777648], [-120.00138521854181, 55.272407454100204], [-120.00138572077687, 55.266935654150814], [-120.00138588631069, 55.26517728718057], [-120.00138666573635, 55.25776884758194], [-120.00138756047672, 55.25053419504275], [-120.00138757167569, 55.25040669271813], [-120.00138658911646, 55.24329041551713], [-120.00138573368483, 55.237161776424045], [-120.00138556520947, 55.23605727246813], [-120.00138513193187, 55.228653052629866], [-120.0013843935849, 55.2231726146002], [-120.00138376603907, 55.22141990499982], [-120.00138304686658, 55.214183446681616], [-120.00138266547654, 55.209995685523985], [-120.0013826052246, 55.20695973029267], [-120.001380621101, 55.19955672319891], [-120.00138147178993, 55.19514103223579], [-120.0013800439954, 55.19230478056052], [-120.00138066785473, 55.18507965118583], [-120.00137925310477, 55.1834514831218], [-120.00138038113757, 55.1778622716285], [-120.00138008134579, 55.170462954800605], [-120.00137894459445, 55.16929279310141], [-120.00138011911875, 55.16322937976187], [-120.00137953530638, 55.15710610911704], [-120.00138045740404, 55.15599613413074], [-120.00138078425547, 55.14877028269387], [-120.00138114786895, 55.14137195254076], [-120.00138065175382, 55.14035465047126], [-120.0013814749648, 55.134146069842565], [-120.00138149070382, 55.12693464385392], [-120.00138201846433, 55.122726907990256], [-120.00138192015943, 55.11970981135826], [-120.00138249856471, 55.112481920842214], [-120.00138262641336, 55.11226437211795], [-120.00138416624338, 55.109693616186114], [-120.00138391996248, 55.10512506144686], [-120.00138351237277, 55.09789831988376], [-120.00138309581196, 55.09095381587254], [-120.00138308728843, 55.09067157694681], [-120.0013826738763, 55.08326415172326], [-120.00138284602009, 55.08224479078925], [-120.00138401149897, 55.07603686028497], [-120.00138531880012, 55.06880956978729], [-120.0013862201029, 55.06396070470735], [-120.00138668496623, 55.061582265755845], [-120.00138762216362, 55.056352041439], [-120.00138815016344, 55.054174266611994], [-120.00138983787335, 55.04694697027236], [-120.00138997839049, 55.04367213743478], [-120.00139152527338, 55.03971963942754], [-120.00139179507647, 55.03396674979461], [-120.00139324512851, 55.03249228533022], [-120.00139495958027, 55.025084265410946], [-120.00139417760212, 55.02112720644893], [-120.00139666011849, 55.017857278705904], [-120.00139571535706, 55.01276630288935], [-120.0013983668516, 55.01063025902738], [-120.00140003618863, 55.00340325858148], [-120.00140012772388, 54.995995826136024], [-120.00140008969854, 54.995711315295125], [-120.00139813870035, 54.98876928366081], [-120.00139611676805, 54.98154273505647], [-120.00139373550823, 54.98087565787435], [-120.001394081535, 54.97431618671637], [-120.0013916233778, 54.97163970205215], [-120.00139200758687, 54.96690896633177], [-120.00138999693452, 54.95968238575142], [-120.00138736332146, 54.953075532941924], [-120.00138796436029, 54.952455811191314], [-120.0013859418887, 54.94522922332734], [-120.00138401514309, 54.938499842705404], [-120.00138388102111, 54.93783273296261], [-120.00138197295173, 54.930593990911774], [-120.00138119077917, 54.9276964757195], [-120.00138007342984, 54.923367236835155], [-120.00137829664457, 54.91613984188018], [-120.00137844752992, 54.908731551100594], [-120.00137848627382, 54.90697660273887], [-120.00137859480061, 54.90150392489083], [-120.00137872043209, 54.89427631187347], [-120.0013787063443, 54.89351658338873], [-120.00137884618599, 54.88704866074031], [-120.00137899283945, 54.87964035065496], [-120.00137900443053, 54.8784846786227], [-120.0013788592989, 54.8724126789588], [-120.00137867767111, 54.8651850071456], [-120.0013785664062, 54.860322389268795], [-120.00137852695212, 54.85795734275671], [-120.00137834137269, 54.850548981899266], [-120.00137815900365, 54.843321820463835], [-120.00137813193075, 54.84168872999811], [-120.00137801509187, 54.83609465173752], [-120.00137786440374, 54.82886738756919], [-120.00137774428042, 54.821459386210734], [-120.00137772275446, 54.82063969085376], [-120.00137761887133, 54.814232051926524], [-120.00137751775404, 54.807004696531806], [-120.00137742722904, 54.8008089987658], [-120.00137736010045, 54.79977734677021], [-120.00137715688813, 54.7923693095605], [-120.00137708077483, 54.78925987041743], [-120.00137695623444, 54.78514194111293], [-120.00137674518922, 54.77791454758644], [-120.00137669485309, 54.77606898623161], [-120.00137652532581, 54.77068716672383], [-120.00137634716023, 54.76464899812586], [-120.00137631970128, 54.76353927512751], [-120.0013763020095, 54.763283629805784], [-120.00137613650573, 54.75613686865614], [-120.001375955167, 54.75100687470116], [-120.00137604991731, 54.74890947414403], [-120.00137671303915, 54.743023494503305], [-120.00137686806008, 54.7416818042724], [-120.00137753535998, 54.735593512569984], [-120.00137771099546, 54.73427343461129], [-120.00137833208122, 54.72859396373399], [-120.00137849413173, 54.72704573850485], [-120.00137925804367, 54.71981804828265], [-120.00138004938313, 54.7125903386103], [-120.00138039059956, 54.709367666176114], [-120.00138085297003, 54.70518193845611], [-120.00138162493079, 54.697954201902064], [-120.00138207401457, 54.6912612345494], [-120.00138240910532, 54.690726473532095], [-120.00138318165217, 54.683498736328495], [-120.00138396474038, 54.67609030489986], [-120.00138431181198, 54.67296860186809], [-120.00138474875185, 54.668862285683545], [-120.00138404813768, 54.66163495592834], [-120.00138276798539, 54.65472649047443], [-120.00138271814106, 54.65440794178175], [-120.00138171430429, 54.64905476189063], [-120.00138143061014, 54.64700024449455], [-120.00138042930313, 54.63977319268831], [-120.00137945084454, 54.6325461540388], [-120.00137911355554, 54.63021608321827], [-120.00137846877915, 54.62531909003244], [-120.00137743388312, 54.61791136101883], [-120.00137701791196, 54.61490635445646], [-120.00137644179188, 54.61068428237009], [-120.00137578831357, 54.60576573326956], [-120.00137546641861, 54.60345719192546], [-120.00137447515436, 54.596230101837456], [-120.00137356982181, 54.589827410802826], [-120.00137318798753, 54.58882232059121], [-120.00137220544558, 54.58159599825275], [-120.00137149465183, 54.57587186188027], [-120.00137129484243, 54.57436897768231], [-120.00137040032338, 54.5671419399393], [-120.00136986378645, 54.56285524931544], [-120.0013694611727, 54.559734196816464], [-120.00136854998365, 54.55250713930136], [-120.00136807821687, 54.54863033120312], [-120.00136762277866, 54.545280080346416], [-120.00136672623452, 54.53805299641233], [-120.00136632886793, 54.53481469907534], [-120.00136579884587, 54.530645227919514], [-120.00136486881819, 54.52341813751181], [-120.00136426612201, 54.518491370035285], [-120.00136397321674, 54.516191027369146], [-120.00136306959082, 54.508963929857735], [-120.00136293832381, 54.50782634943294], [-120.00136213022203, 54.50155611717173], [-120.00136174608103, 54.49636673616326], [-120.00136153333413, 54.4943288856522], [-120.00136076814627, 54.487101696813575], [-120.0013599789123, 54.47987451586798], [-120.0013597805394, 54.477842529094865], [-120.00135868062408, 54.472466626564845], [-120.0013575440116, 54.46675731615596], [-120.00135723220437, 54.465239425491816], [-120.00135578309883, 54.45801221874456], [-120.00135497087452, 54.4539521475483], [-120.00135431861814, 54.450784987127996], [-120.00135286852685, 54.44337706304145], [-120.00135140144963, 54.43614981827345], [-120.0013510198026, 54.43430717268006], [-120.00135047162675, 54.42892257251091], [-120.00134994001533, 54.42367051411069], [-120.00134975778518, 54.421695326479764], [-120.00134907721262, 54.41429400524818], [-120.001349063804, 54.41402713425372], [-120.0013490123413, 54.41345865635291], [-120.00134862415798, 54.40662578452556], [-120.00134818046915, 54.3993985513794], [-120.00134807801392, 54.39785882343662], [-120.00134773521368, 54.39217130718559], [-120.0013473065527, 54.38476338439628], [-120.00134694277912, 54.37871639034768], [-120.00134686260125, 54.37753611246835], [-120.00134641711448, 54.37030885469661], [-120.00134609853953, 54.36485179001983], [-120.0013457863026, 54.363081570103674], [-120.00134444149232, 54.35567361544605], [-120.0013438542745, 54.352198982830714], [-120.00134318157019, 54.34844631130752], [-120.00134227102549, 54.34339830414724], [-120.00134187031324, 54.34121901439729], [-120.00134057609898, 54.33399167866492], [-120.00133923123856, 54.32897362016946], [-120.00133866398409, 54.326584491462484], [-120.00133693683355, 54.31935836132815], [-120.00133520716146, 54.31213223279662], [-120.00133347456271, 54.30490607707807], [-120.00133314464979, 54.30350009785696], [-120.0013317250791, 54.29749927053173], [-120.00132997770598, 54.29027309676501], [-120.00132958567973, 54.28863967716268], [-120.00132900219232, 54.28304694101727], [-120.00132828373077, 54.275820747267105], [-120.00132751848369, 54.26841389651066], [-120.00132677372686, 54.261187695978315], [-120.001326023595, 54.25396150076003], [-120.00132527126833, 54.2467351594887], [-120.00132456085561, 54.24011106874576], [-120.00132456051071, 54.239328011489924], [-120.00132458821625, 54.232101899954806], [-120.00132462694013, 54.224875778642435], [-120.00132466905826, 54.21764963526684], [-120.0013246987888, 54.21024283482295], [-120.00132474685725, 54.20301667430847], [-120.00132479615101, 54.1957905242279], [-120.00132479509469, 54.19398729924976], [-120.00132305047582, 54.18856435671588], [-120.00132068638196, 54.18115752475281], [-120.00132019668338, 54.17954724638538], [-120.00131845130339, 54.17393134274405], [-120.00131736610045, 54.17043801522116], [-120.00131700268877, 54.16670513669364], [-120.0013185310544, 54.15947967239125], [-120.00131893531885, 54.157521136338865], [-120.00132011313029, 54.152073562234904], [-120.00132165272612, 54.144848283998016], [-120.00132319268279, 54.137623012618974], [-120.00132473760007, 54.13039773530313], [-120.00132613737914, 54.123881502131916], [-120.00132633590898, 54.12299179392731], [-120.00132788186835, 54.11576649065041], [-120.00132942041554, 54.10854118015119], [-120.00133096551266, 54.10131585104525], [-120.00133254582462, 54.09390986922406], [-120.00133409073916, 54.086684553816276], [-120.00133509940177, 54.079458450234775], [-120.00133530026761, 54.07713466225157], [-120.00133508354953, 54.07223172106728], [-120.00133481216555, 54.06502924316407], [-120.00133481171295, 54.064760410792225], [-120.00133453240147, 54.057557920233386], [-120.00133425620973, 54.05033093263088], [-120.00133396579156, 54.04310395070363], [-120.00133369011168, 54.03569628588997], [-120.00133341178393, 54.028469279361346], [-120.00133318910453, 54.022408047988534], [-120.00133314840964, 54.02124226648826], [-120.00133285633355, 54.01401524008887], [-120.00133280569452, 54.01279224635196], [-120.00133569170335, 54.00660755019817], [-120.00133863194922, 53.999380420676395], [-120.0013365968021, 53.99215244691093], [-120.00133455580323, 53.984924465878926], [-120.0013324895546, 53.977515787007654], [-120.0013304460196, 53.97028782521512], [-120.00132840686896, 53.9630598647307], [-120.00132637171258, 53.955831876763526], [-120.00132430287721, 53.948423205498955], [-120.00132223106274, 53.94119520578625], [-120.00132020923357, 53.933967205477586], [-120.00131816041899, 53.92673919878329], [-120.00131651353294, 53.920878114964935], [-120.00131608064525, 53.91933046345398], [-120.00131608974903, 53.9121026438275], [-120.0013162254158, 53.91124087516017], [-120.00131731382126, 53.90487490817619], [-120.00131854407664, 53.897647171933635], [-120.00131981281524, 53.89023874532942], [-120.00132099467794, 53.883326796615734], [-120.0013210148655, 53.88301093212616], [-120.001321517189, 53.87578315141837], [-120.00132201151561, 53.86855535091114], [-120.00132251601505, 53.86114683400802], [-120.00132299894763, 53.85391901526143], [-120.00132349297087, 53.84669118311929], [-120.00132397450251, 53.83946334396812], [-120.00132426881525, 53.83505796206334], [-120.00132479109632, 53.83205496907663], [-120.00132689686092, 53.82482819380733], [-120.00132904238697, 53.81760139493074], [-120.00132943709691, 53.81621661371775], [-120.00133116171621, 53.81037458060479], [-120.00133334047933, 53.80296710319666], [-120.00133460463181, 53.79866172852624], [-120.00108854716254, 53.798891012293126], [-120.00097617900035, 53.79905357997243], [-120.00060258439588, 53.80125167078311], [-120.0003279417385, 53.80183790981416], [-120.00022854762898, 53.80199683211823], [-119.99978208848813, 53.80296225122733], [-119.99951707063393, 53.80347265249182], [-119.99918989653973, 53.80392856727467], [-119.99897682577485, 53.80411230974545], [-119.9985987604366, 53.80433340006735], [-119.99840096120039, 53.80442330344878], [-119.99824009494262, 53.80447156765164], [-119.99797037919082, 53.80452194295588], [-119.99770454248734, 53.8045444720015], [-119.997350618348, 53.80452461384503], [-119.99656320539052, 53.80452861386027], [-119.9961936881415, 53.80449474972777], [-119.995040184673, 53.80434245989439], [-119.99411060361993, 53.804193962376736], [-119.99380615861713, 53.80412885203313], [-119.99346537822775, 53.8040915115011], [-119.9932007451974, 53.804074548882824], [-119.99248524905755, 53.80404683423384], [-119.99195636611162, 53.80399434900625], [-119.99137169394221, 53.80379910444873], [-119.9898938021324, 53.803323458985474], [-119.98926286727756, 53.80310041422043], [-119.98898698529052, 53.80291305387552], [-119.98871012479347, 53.80264368614147], [-119.9873527067434, 53.80177683349792], [-119.9861838205812, 53.80120171167474], [-119.9852854531023, 53.80063562079307], [-119.98487035594599, 53.80043879588642], [-119.98447533712192, 53.80031916374495], [-119.9839059242262, 53.800242782670864], [-119.98178611037201, 53.800208132130884], [-119.98149113651628, 53.80016228637921], [-119.98130758017584, 53.800076215306184], [-119.9811315424029, 53.79993656344537], [-119.98108293567763, 53.799788235278136], [-119.98111350328901, 53.799670887139904], [-119.98230531172639, 53.79892716416029], [-119.98318258246671, 53.79793082146642], [-119.98335444418616, 53.79757822112835], [-119.98339615409394, 53.7972073053792], [-119.98292853932543, 53.792491421764794], [-119.98274286971944, 53.79156755003718], [-119.98253721096334, 53.79134099637124], [-119.98185824373759, 53.790780872950705], [-119.98145564364305, 53.79051893102621], [-119.98100830656449, 53.79031136920514], [-119.98035790817254, 53.79015352434864], [-119.97919888029321, 53.789917692009105], [-119.97756553287022, 53.78977865388667], [-119.97718428719506, 53.78971479632151], [-119.97673297098746, 53.78958790503147], [-119.97574310656965, 53.78937229257995], [-119.97526337640774, 53.78922164191614], [-119.97465915008488, 53.78892586031365], [-119.9738133505229, 53.78832173210416], [-119.97306057509014, 53.78749200353438], [-119.97205455021901, 53.78644359679549], [-119.9713273343231, 53.785766087586765], [-119.9709222438472, 53.785441184834134], [-119.9705340578423, 53.785278165356964], [-119.97011947754271, 53.785154642546594], [-119.96936981247225, 53.78496608056126], [-119.96806380586318, 53.7843667969505], [-119.96596953295777, 53.78331470643648], [-119.9649854182247, 53.78279119759298], [-119.96472572688822, 53.78258896595951], [-119.96446991416478, 53.782166435983925], [-119.96441176494865, 53.78198556530911], [-119.96418723707346, 53.78136314513422], [-119.96394883454948, 53.7810150176307], [-119.96366832684824, 53.78086224289572], [-119.963127274921, 53.780701532959945], [-119.96219598984675, 53.780554862753704], [-119.96131295110423, 53.780506294384494], [-119.95969514454532, 53.78051339859392], [-119.95941820304746, 53.780479972283786], [-119.95920454513256, 53.780413314539985], [-119.9588326220173, 53.78033901807918], [-119.95824261583812, 53.780179874920705], [-119.95748734426925, 53.77987159846868], [-119.95642002130603, 53.77917268877231], [-119.95452076337004, 53.778090746624635], [-119.95396978663287, 53.77777688327219], [-119.94934496608225, 53.775340974147355], [-119.94894438426158, 53.775206953317266], [-119.94846375946094, 53.77514400644933], [-119.94777526963992, 53.77513081936092], [-119.94722399711348, 53.77506527723156], [-119.94626112724009, 53.77502000644915], [-119.94493324981019, 53.775000999813294], [-119.94393236630735, 53.77503724487108], [-119.94197418374696, 53.77503810921451], [-119.94099280901469, 53.77507526444006], [-119.9387112562793, 53.775281245679274], [-119.93749853923183, 53.77534567790852], [-119.93596635832311, 53.77546262049377], [-119.93371334477672, 53.775549310065976], [-119.93255255663763, 53.77577262695589], [-119.9316597059443, 53.77599900189276], [-119.93038595686164, 53.77637288522773], [-119.92921739691089, 53.77727962810674], [-119.9282793840939, 53.777242241335514], [-119.92315479522578, 53.776016480280994], [-119.91873051542599, 53.7763667394945], [-119.91341342586226, 53.77688375247222], [-119.90907315234342, 53.77747313954022], [-119.90523574140761, 53.77802710135497], [-119.90367380988384, 53.77828096045508], [-119.90298281014616, 53.77840859283167], [-119.90221997914462, 53.77848181081521], [-119.90129159169493, 53.7784798893947], [-119.89978892101047, 53.77843145058163], [-119.89811722319146, 53.77839859225935], [-119.89655148109505, 53.77828110236509], [-119.88874744722564, 53.77640456169944], [-119.88896929865774, 53.77587415482415], [-119.88944162751591, 53.774876465377346], [-119.88970792890345, 53.77412155564581], [-119.88974081833116, 53.77389335559154], [-119.88950653393478, 53.77257337465921], [-119.88960951605706, 53.771881425586244], [-119.88980683863562, 53.76963127018798], [-119.88995786412495, 53.76924907164887], [-119.89018746417226, 53.76900479371359], [-119.89037904382216, 53.76889234183057], [-119.89200884459927, 53.76855027040175], [-119.89397870872241, 53.76833272186941], [-119.89475417259159, 53.76819877286958], [-119.89515496666992, 53.76802209610827], [-119.89557763626553, 53.76773982437089], [-119.89594517308814, 53.767432953759254], [-119.89619399198614, 53.76709586380962], [-119.89624027588664, 53.76685149643765], [-119.89620561765742, 53.76663066974958], [-119.89585523660263, 53.76634580591854], [-119.89561413404883, 53.766149424240666], [-119.895287533466, 53.76543527078629], [-119.89496857317656, 53.76494831540433], [-119.89469428077894, 53.76468964418378], [-119.89431131504715, 53.76456074094356], [-119.89370115380427, 53.76444886391945], [-119.89300914678572, 53.764418134864975], [-119.891635222028, 53.76422111549238], [-119.89110735182135, 53.763892772974145], [-119.89080550641629, 53.76356614232606], [-119.89076154408396, 53.76313971630156], [-119.89046016450611, 53.76243165135832], [-119.89025151316746, 53.76199014106426], [-119.89053875198248, 53.76173887057242], [-119.89080207975917, 53.76136545076737], [-119.89187885897019, 53.760847122643014], [-119.89251578243694, 53.76064314204191], [-119.89315030552628, 53.760404664037914], [-119.89391186094828, 53.7597543351757], [-119.89585887171955, 53.75752216030247], [-119.89623112307686, 53.757320263833066], [-119.8968375321497, 53.7571328237213], [-119.89716562176822, 53.7569953149014], [-119.89731050571557, 53.75691264305429], [-119.89764679543293, 53.75661226928338], [-119.89784595068504, 53.75619003103021], [-119.897951103804, 53.75563764330057], [-119.89787830508051, 53.75521623077406], [-119.89771434276669, 53.75505755941101], [-119.89731586005556, 53.75487868197776], [-119.8967137491922, 53.75474072097109], [-119.89632619340324, 53.754614831272285], [-119.89613010489371, 53.75448284397923], [-119.89598187264389, 53.75427053452355], [-119.89585596272731, 53.75393450114766], [-119.8955950007737, 53.75361666400067], [-119.89496681222238, 53.753371740560986], [-119.89421561375127, 53.75317611578815], [-119.89334675997598, 53.752973805690274], [-119.89256745821503, 53.75273662529783], [-119.89182737878373, 53.75253525052803], [-119.89110534651934, 53.752295334623206], [-119.89067726974659, 53.75211909576306], [-119.89048999160597, 53.75200240611971], [-119.89026083686748, 53.75167833527124], [-119.89034976484193, 53.751200812070515], [-119.89091447444359, 53.75000620546181], [-119.89091231955535, 53.74997267011622], [-119.8912059194404, 53.74902084354699], [-119.89190114046819, 53.747887424763334], [-119.89317503655687, 53.74637181099734], [-119.89416913996557, 53.745600669269955], [-119.89482872013107, 53.74503517860894], [-119.89529918527373, 53.744363469104734], [-119.89560939623387, 53.74358944924572], [-119.89574574467542, 53.74285504385199], [-119.89583398318129, 53.74255277233864], [-119.89620096508825, 53.742112895661705], [-119.89728119701496, 53.74109699235002], [-119.89820201009242, 53.74063137157892], [-119.899374737209, 53.74014911420657], [-119.90044375663054, 53.73981811333419], [-119.90163832552255, 53.73921957719463], [-119.9026226997528, 53.73862308169426], [-119.9036213054081, 53.737932333228564], [-119.90398723477742, 53.73762944906026], [-119.90408965516875, 53.737420718854835], [-119.90412427258612, 53.737170532834554], [-119.90402223522437, 53.736632778117446], [-119.90371389739009, 53.736115423255306], [-119.90202442772596, 53.73454500384803], [-119.90112837637697, 53.7338618488464], [-119.90036438863817, 53.73336171904025], [-119.90011153435805, 53.7330831131961], [-119.9000298968101, 53.73237637835503], [-119.89978216192529, 53.73202455906577], [-119.8993746247523, 53.73146951319547], [-119.8988577527183, 53.73105110043088], [-119.89839489517944, 53.73028659005558], [-119.89814914150743, 53.72980926780004], [-119.89778393374526, 53.72929326841531], [-119.89768882450419, 53.72889232036089], [-119.89768053266546, 53.72839537760009], [-119.89780626334924, 53.728186081366545], [-119.89840259235099, 53.72761133990395], [-119.89969189424798, 53.726433352458116], [-119.90053630080386, 53.7258236672486], [-119.9016370687014, 53.72521606689892], [-119.90362606943093, 53.72390431878624], [-119.90514941131907, 53.72251124764924], [-119.90546642203465, 53.72236655093846], [-119.90577277282992, 53.722292912217235], [-119.90681078522216, 53.72217836948766], [-119.9085947403344, 53.72193482784115], [-119.9100531602535, 53.72155758886098], [-119.91155195982387, 53.720939247475016], [-119.91380246908471, 53.71997162158549], [-119.91514911524898, 53.71933693042709], [-119.91627206925796, 53.71872153640257], [-119.91662215898089, 53.71834360050074], [-119.9167731332152, 53.71805053574939], [-119.91669775986972, 53.71737515508696], [-119.9164617401097, 53.71696534897339], [-119.91558442938943, 53.7161386971052], [-119.91432293275993, 53.71474731014955], [-119.91352462655045, 53.71367400138413], [-119.91253938137365, 53.712035737550266], [-119.91222446699027, 53.71157244056183], [-119.91184132906527, 53.71128473061923], [-119.91124366454115, 53.71093453068061], [-119.91050135010858, 53.710555510929616], [-119.90948231010523, 53.710077046031785], [-119.90829520096752, 53.70975657678063], [-119.90678759839375, 53.70941618990984], [-119.90589192798393, 53.709182511841206], [-119.90459649034558, 53.70890311232575], [-119.90297944212026, 53.70851764129473], [-119.9021929989058, 53.70839977060724], [-119.90056875150086, 53.708360737915896], [-119.90011838410322, 53.708376293391325], [-119.89939944265672, 53.708372209080025], [-119.89896461665057, 53.70838738957234], [-119.89862372540271, 53.70844800364705], [-119.8971276547724, 53.70898915163119], [-119.89612103651467, 53.70947995104721], [-119.89558629338003, 53.70970224265909], [-119.89508004174895, 53.70985353236553], [-119.89418053172217, 53.71012420293106], [-119.89344108706355, 53.71031295921468], [-119.89234730814968, 53.710518009661435], [-119.89094151254761, 53.71063824905756], [-119.89026238379388, 53.710610061710405], [-119.8888046616655, 53.71052764895293], [-119.88718560165897, 53.710388991874126], [-119.88547117093074, 53.71028422314484], [-119.88411333034269, 53.710227500935176], [-119.88316552466786, 53.710216779902694], [-119.88224347239111, 53.71024057980737], [-119.88187595039834, 53.710329501171074], [-119.88142835130938, 53.710537314017394], [-119.88110757069076, 53.710854430766325], [-119.88081293017554, 53.71128789636719], [-119.88029424027596, 53.71170828199872], [-119.87956206111278, 53.712118431962814], [-119.8771641958991, 53.71306127056923], [-119.87645120051441, 53.71329702616306], [-119.87573863985973, 53.71346349659445], [-119.87481552424723, 53.713624244254206], [-119.8737981440726, 53.71373493481962], [-119.87226711122645, 53.71399957507903], [-119.87117384041173, 53.71424111577223], [-119.87041803214085, 53.71435649039858], [-119.87007408414227, 53.7143355234749], [-119.8691898904718, 53.714230561273666], [-119.86806156257724, 53.7140083357662], [-119.86682454067719, 53.713637852814614], [-119.86589799300312, 53.71321528445978], [-119.86502950280655, 53.71284517563641], [-119.86443150954625, 53.71256093645719], [-119.86402234117637, 53.7124199170634], [-119.86337496017987, 53.71232461349118], [-119.86234392225073, 53.712272375966414], [-119.8615318814695, 53.712178355865646], [-119.85892521603427, 53.71224500887491], [-119.85768299066851, 53.71236864773791], [-119.85636130151738, 53.712583446464784], [-119.85165145423724, 53.71295922903744], [-119.84991603508584, 53.713080718307545], [-119.84915048172311, 53.7130789642631], [-119.84862220817162, 53.713017706393316], [-119.84808287939367, 53.712896900516746], [-119.84758694381418, 53.71274995788204], [-119.84703178876195, 53.712483073461044], [-119.8467340477892, 53.71184062907513], [-119.84672274505974, 53.71136682946183], [-119.84653135539787, 53.71083884888128], [-119.84648983390302, 53.71041654500805], [-119.8465524838871, 53.70980862918958], [-119.84645243218544, 53.709058344200926], [-119.84603394174961, 53.70701350552768], [-119.84604989539825, 53.70640514452011], [-119.8460332059682, 53.70531427314206], [-119.84627038797447, 53.704584074402355], [-119.847173320966, 53.70291673878079], [-119.84729078651608, 53.70058822845738], [-119.84729848149705, 53.700327538708216], [-119.84714229381505, 53.70020551885401], [-119.84665788029415, 53.6997829387703], [-119.84585860284064, 53.69927866775115], [-119.84455062967919, 53.69823240940917], [-119.84375873777215, 53.69776026776503], [-119.84291973083202, 53.69708914487271], [-119.8423456293042, 53.69653794564113], [-119.84205680748047, 53.69614001648599], [-119.84168789205681, 53.69551618463865], [-119.84142218891064, 53.69511462969751], [-119.84109860215713, 53.694814984017604], [-119.84054911096185, 53.694782920188025], [-119.8398147376812, 53.694700338367205], [-119.83889745829326, 53.69463595805256], [-119.83786449039525, 53.694538436398744], [-119.83672804549902, 53.694502829969394], [-119.8355763678766, 53.694539409718075], [-119.83479498199122, 53.694605675516215], [-119.83326793465977, 53.6949621662234], [-119.83173531462735, 53.695346488004205], [-119.83059150929445, 53.69557839852417], [-119.82921002380996, 53.69590214033491], [-119.82848815423614, 53.69631485071093], [-119.82699540078966, 53.69706756563527], [-119.82588364600524, 53.69793281098403], [-119.8247492911298, 53.69877087618524], [-119.8234418772398, 53.69962074060451], [-119.82239473631144, 53.70049197913955], [-119.82142397985231, 53.701443237486835], [-119.82076380755913, 53.702043767839186], [-119.82054507252631, 53.702147457046316], [-119.82020585754387, 53.7022339869517], [-119.81966864607486, 53.70230827723201], [-119.81659802461229, 53.70228243255964], [-119.81505493350848, 53.70221118793305], [-119.81469678056928, 53.70224734892871], [-119.81425278065956, 53.702357903886735], [-119.8139165162636, 53.70248896761803], [-119.8136010692986, 53.70265958170583], [-119.8131755658896, 53.70281432307623], [-119.81282500028396, 53.702964212723714], [-119.81238280640572, 53.703186923774176], [-119.8122309075212, 53.703352252490674], [-119.81184835908257, 53.7039554132194], [-119.81161527669006, 53.704233348565374], [-119.81127284509121, 53.704583129573024], [-119.81086275313871, 53.704906458940584], [-119.80983830970557, 53.705522568670304], [-119.80908107765254, 53.70582769759281], [-119.80812618029356, 53.706174989219484], [-119.80643259786002, 53.7066889699366], [-119.80603413551884, 53.70678301468696], [-119.80554918060588, 53.70686371165778], [-119.80506630780816, 53.70689816882466], [-119.80454927665312, 53.706887259637305], [-119.80377631495696, 53.706773093159505], [-119.80320222368181, 53.70670798898286], [-119.80208534726994, 53.70654815116458], [-119.80091828931938, 53.70628163511653], [-119.79990724372246, 53.705942164056154], [-119.79869280511245, 53.7053919894172], [-119.79786707582629, 53.70491270653391], [-119.79710305477772, 53.704502751542215], [-119.7962202208907, 53.704061744603074], [-119.79544953131034, 53.70382433264621], [-119.79441358397867, 53.70361624111991], [-119.79333949286102, 53.70341980243308], [-119.79272924182544, 53.70325403560782], [-119.79229903362148, 53.702908583832624], [-119.792057441216, 53.70231705479606], [-119.79193530377961, 53.700006552322925], [-119.79180283074722, 53.69616241610333], [-119.7917585596924, 53.69569952542953], [-119.79163421202522, 53.695545441373206], [-119.78975495200169, 53.694193460613846], [-119.78348418840454, 53.69196225610452], [-119.78167817630366, 53.691202571259645], [-119.77927320690317, 53.689939753221125], [-119.77865770493008, 53.68964468204958], [-119.77810386363679, 53.68930823695984], [-119.77772336784771, 53.68900466190459], [-119.77751736895206, 53.68871241718136], [-119.77727011629204, 53.68822719201299], [-119.77718898537614, 53.687744255435135], [-119.77704558783128, 53.687221204352184], [-119.7770436960517, 53.68687802390557], [-119.7768176558515, 53.68612449453258], [-119.77684550254303, 53.685563604900665], [-119.7769185910144, 53.68513861683456], [-119.77709976593775, 53.684818861856236], [-119.78020918525687, 53.68305629503436], [-119.77871771201728, 53.68037605514695], [-119.77632104286218, 53.6796931919182], [-119.77547998453632, 53.679363424568365], [-119.77505344201464, 53.67910710743732], [-119.77453670008568, 53.67866201768879], [-119.77383740803718, 53.676232604859514], [-119.77245312976237, 53.67503257305058], [-119.77232836163591, 53.67489023647736], [-119.7648533673198, 53.67333567717796], [-119.76445249658568, 53.67315259212141], [-119.76390858471208, 53.6727250387217], [-119.7636514878713, 53.67244164400987], [-119.76364918541553, 53.67205075471455], [-119.76377721877242, 53.67171070247395], [-119.76383484858066, 53.6713775147394], [-119.7638119152292, 53.67117274719621], [-119.76360363578438, 53.671040592437656], [-119.76332353408846, 53.6707223467252], [-119.76300294422268, 53.66996175342079], [-119.7628865450759, 53.669293386732775], [-119.76129292669542, 53.66831300560233], [-119.76005388476793, 53.667639908573285], [-119.75132025250058, 53.66598145902159], [-119.75001637513634, 53.66564243931891], [-119.74989315949931, 53.66561039466872], [-119.74952141990995, 53.665513729273215], [-119.74838419258569, 53.66518673627112], [-119.74677648407399, 53.664972466316186], [-119.74433473396988, 53.664705659414075], [-119.74175279164817, 53.664401279664176], [-119.74038175244625, 53.664210156000536], [-119.73997124138181, 53.664053550097414], [-119.73981286778094, 53.663885117246274], [-119.73970701518955, 53.6638015057915], [-119.73944002856678, 53.66347024626919], [-119.7393417719636, 53.66297293043073], [-119.73902181724851, 53.66229347956914], [-119.73830426149041, 53.660229286057486], [-119.73821423971845, 53.65964486043489], [-119.73856346577887, 53.658448917577786], [-119.73901366482373, 53.65776413701816], [-119.73940445811658, 53.65737073143677], [-119.73978806011307, 53.65691889831888], [-119.7399931292335, 53.65663342747417], [-119.7400754599755, 53.65629719475094], [-119.74007856751348, 53.65607146644195], [-119.74001132985565, 53.6557213111082], [-119.7398643949525, 53.65524015615067], [-119.73963508467477, 53.654273349363294], [-119.73944307748815, 53.65384077592936], [-119.73922956633298, 53.65356643996103], [-119.73865927838924, 53.65308066688217], [-119.7381049346524, 53.65270322056313], [-119.7380231735732, 53.652559428212655], [-119.73793792857809, 53.652322897564105], [-119.73765971586619, 53.65189306000433], [-119.73740636624383, 53.65137662173208], [-119.73730839236427, 53.650944149236004], [-119.73734632116259, 53.65056967957926], [-119.73759845634329, 53.65020693024376], [-119.7386592114117, 53.6493651955154], [-119.73903754551921, 53.64902895554501], [-119.73939657179433, 53.64882737535754], [-119.73984710146495, 53.648486588753286], [-119.7403735921581, 53.648162788646104], [-119.74077835278784, 53.64786216867282], [-119.7410242097468, 53.647559911033426], [-119.74116872029911, 53.64722300761012], [-119.74124878981827, 53.64696984556162], [-119.74131919028723, 53.64648973730982], [-119.74128588059465, 53.64618576794111], [-119.74121755122408, 53.64596225896288], [-119.74109377289967, 53.64573868413451], [-119.7411011136757, 53.64561702008962], [-119.7413703016104, 53.645459117252585], [-119.74159548136191, 53.64527279382535], [-119.7416731463975, 53.64513629826486], [-119.74184670077902, 53.644615188012615], [-119.74182620887156, 53.64444954867347], [-119.74178432603851, 53.64432868450314], [-119.74087822194934, 53.64335571780356], [-119.7405938615456, 53.642696337003294], [-119.7405276354526, 53.64235071090486], [-119.74052829362576, 53.642011716162266], [-119.74050427458313, 53.641880349360726], [-119.74004340095945, 53.64074319453422], [-119.73986360209081, 53.64037546543646], [-119.73984589689282, 53.64025262061442], [-119.73989636384817, 53.640113046763446], [-119.73995083250342, 53.63955828505703], [-119.73976991621416, 53.63855757566965], [-119.73931411021732, 53.63765273587361], [-119.7389196697106, 53.636520168152025], [-119.73879736193726, 53.636296194764235], [-119.73847416109011, 53.635973310334286], [-119.73816092934715, 53.635504303311485], [-119.73797145003292, 53.635006949381506], [-119.73791894035604, 53.634660027511856], [-119.73800003717187, 53.63394988450104], [-119.73800156007376, 53.63328684012235], [-119.73791436549428, 53.633091909945755], [-119.73765478405817, 53.632929625900644], [-119.73739005533629, 53.63271645989811], [-119.73731926981425, 53.63249865808336], [-119.73763663597488, 53.632021187157854], [-119.7376858896098, 53.631843839085015], [-119.7376674556856, 53.63163479476749], [-119.73757303159596, 53.63148432922336], [-119.73737683774819, 53.63137615542107], [-119.735348325074, 53.63095277560239], [-119.73475360364576, 53.63080174882703], [-119.73350980312435, 53.63024033032953], [-119.73324169247942, 53.63007337602212], [-119.73134069285211, 53.62936813076419], [-119.73059723551877, 53.62904373114255], [-119.73014622780877, 53.62874637673038], [-119.72948035696814, 53.628108241072226], [-119.72885969173018, 53.627642867068204], [-119.72835158312742, 53.62733910438976], [-119.7279490666287, 53.6271346987202], [-119.72714795482776, 53.62661407930477], [-119.72650137509753, 53.6260977700512], [-119.72592858214836, 53.62548904804943], [-119.72567355445673, 53.625077388433716], [-119.72562928268431, 53.62500591908748], [-119.72460590745008, 53.62335455675761], [-119.72389102393055, 53.62225773212827], [-119.72358734081092, 53.62193713190543], [-119.72310757911703, 53.62153975661288], [-119.72235750050532, 53.62105646073351], [-119.72141270855157, 53.620640932175284], [-119.72117375151325, 53.62044137695042], [-119.72095663001251, 53.62012384026863], [-119.72075968747494, 53.61963304134189], [-119.72063644268975, 53.618973930733596], [-119.72042444084121, 53.6184258599209], [-119.72020973710545, 53.61804275745177], [-119.71991446032415, 53.61744066684881], [-119.71980382164067, 53.61728619047375], [-119.71956935093607, 53.61709997672526], [-119.71883957768658, 53.61690211156563], [-119.71869104859485, 53.6168838860856], [-119.71833613737599, 53.616798937566145], [-119.7180329961652, 53.61666466143941], [-119.71760737605096, 53.616545590520005], [-119.71708562708218, 53.6163202615912], [-119.71693653753226, 53.61617344214994], [-119.71685590593728, 53.615923847365075], [-119.71686622017357, 53.615346532289], [-119.71692611118607, 53.61493399647236], [-119.71693215567196, 53.614467357227745], [-119.71686335053458, 53.613870266434986], [-119.71647408455483, 53.61260388696485], [-119.71645971649292, 53.612324628206245], [-119.71655604616323, 53.61135331230262], [-119.71659457322669, 53.61117999625398], [-119.71675745838017, 53.610719556662616], [-119.71694288345064, 53.610309821094965], [-119.71707288232852, 53.610204647071235], [-119.71736120451013, 53.61010996972945], [-119.71793387755955, 53.610020666524214], [-119.71881843941576, 53.609971937840335], [-119.71927115320136, 53.6099178860027], [-119.71945755354707, 53.609862822040746], [-119.72784673550984, 53.606668988684724], [-119.72822709756626, 53.60653761985895], [-119.72936865912182, 53.606259039162126], [-119.73123318700722, 53.60592661996714], [-119.73240752923093, 53.60575907828859], [-119.7339849179219, 53.605641593791596], [-119.73448266517161, 53.605614368247394], [-119.73465306619575, 53.60559126545588], [-119.73502939598536, 53.605507515735376], [-119.73538002777151, 53.60540798762134], [-119.73586048629808, 53.60515805816613], [-119.73604784736072, 53.60502354742411], [-119.73636375469808, 53.60467379272843], [-119.73681486516209, 53.6042494648646], [-119.73720545995917, 53.60391688416765], [-119.73826121903521, 53.6031816057452], [-119.73866631779298, 53.60280970830819], [-119.73897535014667, 53.60246488324108], [-119.73926474815379, 53.60206239326777], [-119.73964176931729, 53.601686567687615], [-119.74058365809813, 53.60095387683126], [-119.74101135419558, 53.60066786356077], [-119.74246628280923, 53.59951616677925], [-119.74309675386851, 53.598931243881424], [-119.74319597454185, 53.59869005758742], [-119.74324610896296, 53.59810267553275], [-119.74336099423914, 53.597722772834715], [-119.74345934729837, 53.59748273505267], [-119.74378091584626, 53.59698115384987], [-119.74409626389227, 53.59661810176967], [-119.74503167743084, 53.59520214611437], [-119.74536455388507, 53.59480252706042], [-119.74577427635454, 53.594239694342626], [-119.7461274559769, 53.59388878547], [-119.74665230896238, 53.593474856980315], [-119.74803644506036, 53.59233697234519], [-119.74889292886712, 53.591696972156434], [-119.7494497666059, 53.59119206188791], [-119.75001634806112, 53.59089700444132], [-119.75006275409699, 53.590869907617034], [-119.75058690198786, 53.590733984599105], [-119.75130746218528, 53.590679351825244], [-119.75219986342817, 53.59049977195366], [-119.75442947727707, 53.59028015268466], [-119.75539295389571, 53.59021061607116], [-119.75659660763347, 53.59022978435416], [-119.75758964378369, 53.59034138306743], [-119.75841523988176, 53.59037493241686], [-119.75940492855692, 53.590385235107874], [-119.76052098745025, 53.59061599031559], [-119.76144886606448, 53.59100098963038], [-119.76209844073499, 53.59112464157164], [-119.76284735028078, 53.59116272447343], [-119.7634455485826, 53.59110716401705], [-119.76505974926192, 53.59082256932742], [-119.76689196873342, 53.5904550723362], [-119.7672481896889, 53.59040245906233], [-119.76818313763951, 53.59021830463281], [-119.7693853896424, 53.59001957005318], [-119.77028310456282, 53.589979214292704], [-119.77269489904113, 53.59004916806003], [-119.7748237575029, 53.590321368901144], [-119.77864093422488, 53.59086901288383], [-119.77993837980304, 53.590982947743825], [-119.78136490220461, 53.59117987694062], [-119.78224499778376, 53.59143816690078], [-119.78314539776599, 53.59179174169382], [-119.78414819991572, 53.59229339895062], [-119.78510513573703, 53.592732412912824], [-119.78703185099394, 53.59386116651104], [-119.7875485751007, 53.594444347586325], [-119.78778856235655, 53.594757869972256], [-119.78799509039662, 53.595165160669765], [-119.78807405411742, 53.595830786847394], [-119.78803285431658, 53.596231399448904], [-119.7880765110898, 53.59657450837973], [-119.78824314343038, 53.596766256944186], [-119.78842426535977, 53.59692992293625], [-119.78895618260236, 53.59731845786776], [-119.78927340116843, 53.5976704178703], [-119.79019805414856, 53.59962334715809], [-119.79071346694214, 53.60014965824608], [-119.79096746774441, 53.60049754210708], [-119.79117199600795, 53.60090903836938], [-119.79131974559618, 53.601026295933245], [-119.79146195791188, 53.60109510287043], [-119.79168029375039, 53.601080257325115], [-119.79277434015256, 53.60107674122638], [-119.79412112592435, 53.601190759870434], [-119.79517496048726, 53.60124923089376], [-119.79608358471455, 53.60140545614756], [-119.79677325028676, 53.601566831490246], [-119.79843931435947, 53.60237823789718], [-119.79907816113534, 53.60261712738315], [-119.80003180618712, 53.60309976021311], [-119.80085100644786, 53.603313566756114], [-119.80164667772918, 53.60345438477854], [-119.80220200740123, 53.60352454600173], [-119.80271291507007, 53.60355827479094], [-119.80323485710885, 53.603547345719086], [-119.80413454965495, 53.60346227529778], [-119.805478330562, 53.60328344940827], [-119.80681403411204, 53.60305344826432], [-119.80845465151907, 53.60288282954288], [-119.80939880793876, 53.60287021054928], [-119.81062402124465, 53.6028037458021], [-119.81163291163884, 53.60267717697668], [-119.81240013022669, 53.60246056417779], [-119.8137652067251, 53.60193698378481], [-119.81416006087802, 53.60184020936486], [-119.8143925114861, 53.601756983916], [-119.81483418174474, 53.601767338921064], [-119.81580571902052, 53.60188584762583], [-119.81720407269452, 53.60210662744942], [-119.8180063847851, 53.60231101590348], [-119.81900812488165, 53.602710074034384], [-119.81933086039747, 53.60295955799264], [-119.81968888061961, 53.60339373856956], [-119.81987155236632, 53.60357811751291], [-119.82013240966862, 53.603710691671914], [-119.82116460923378, 53.603967873156094], [-119.82365357182739, 53.60489816366987], [-119.82503130188496, 53.60543575649331], [-119.82601180483138, 53.60593004677283], [-119.82640248295975, 53.606188574773036], [-119.8266808650222, 53.606442846707324], [-119.82678265698763, 53.60698717535164], [-119.82711237486377, 53.60738037566739], [-119.8273986139716, 53.607646943319686], [-119.82767767702907, 53.60784151767925], [-119.82840098656766, 53.60811849865067], [-119.82951172241661, 53.60846533663779], [-119.83028034879248, 53.60875647126024], [-119.83100909668552, 53.60907910358185], [-119.83150430318423, 53.609433651917584], [-119.83201217495912, 53.609837851780775], [-119.83223565917248, 53.60996853584773], [-119.83243443992777, 53.61000958207519], [-119.83263884027346, 53.60996029796223], [-119.8328011229936, 53.60980517592547], [-119.83301783943688, 53.60941838109673], [-119.8332939048476, 53.60922029671211], [-119.83449477594777, 53.608823898053856], [-119.83605708564703, 53.60845920623054], [-119.8367150266324, 53.60821456110274], [-119.83729755686645, 53.607959225533655], [-119.8379273244239, 53.60774716116806], [-119.83876000847165, 53.60732045155627], [-119.83971421619356, 53.607114806981805], [-119.8405773050291, 53.607006806194505], [-119.8412396805302, 53.60686333554669], [-119.84189328023244, 53.60676309549492], [-119.84231930422973, 53.60660997940497], [-119.84311367981896, 53.60620940589877], [-119.84405404848133, 53.60575953544382], [-119.84503748694063, 53.605568134965345], [-119.84614328517262, 53.605461230902925], [-119.84694290624871, 53.605450444172064], [-119.84801146220566, 53.60540624953023], [-119.84977328801838, 53.60548268243408], [-119.8504199052334, 53.605556031133354], [-119.8511566876395, 53.605720178354154], [-119.8523949082354, 53.60595004922867], [-119.85342361612824, 53.606083623124874], [-119.85411992054988, 53.60613215247799], [-119.85514170730849, 53.6061284938409], [-119.85618848908095, 53.606237978480856], [-119.85673304246451, 53.60633457865779], [-119.86007376003363, 53.60721890067081], [-119.86106955368953, 53.607519719631846], [-119.86219879972747, 53.60799913814817], [-119.86493439942181, 53.60931557725706], [-119.86683254392922, 53.61011924103102], [-119.8686961838306, 53.61127202259869], [-119.86956400154192, 53.61185062815019], [-119.87009506719079, 53.612169112177135], [-119.87058104686693, 53.61252973225467], [-119.87103736389192, 53.61291551252107], [-119.87158959672152, 53.613254828255485], [-119.8729185795131, 53.61426362255219], [-119.87468085026359, 53.615499260671804], [-119.87524040594272, 53.61591224730953], [-119.87570136518396, 53.616124112357305], [-119.87649068920109, 53.616370131065416], [-119.87735562023533, 53.61680027921689], [-119.87784634914674, 53.61708262679604], [-119.87815794257133, 53.617544169439846], [-119.87833065275392, 53.61792024779397], [-119.87857636238603, 53.61820297621253], [-119.87876262487603, 53.61833308619458], [-119.87895308996202, 53.618390930602104], [-119.8792521357521, 53.61839204642692], [-119.87962402712198, 53.618266492710774], [-119.88069220602647, 53.617305510660394], [-119.88097929129972, 53.61709020160352], [-119.8825821604387, 53.61619378919973], [-119.88380751575014, 53.61564788475832], [-119.88439267633407, 53.61550188426311], [-119.88481251510163, 53.61546395627794], [-119.88542876075437, 53.61549901979134], [-119.88618989085516, 53.615673478497264], [-119.88802549771476, 53.615859936747746], [-119.88851118027235, 53.61589756757851], [-119.88885016237795, 53.61597400761409], [-119.88919162169043, 53.61615446413441], [-119.88960596201544, 53.61641088495589], [-119.8902680719179, 53.61667237370857], [-119.89202558168586, 53.617216786863715], [-119.89273211901451, 53.61751327777777], [-119.89391169935921, 53.61793429001216], [-119.89516839147002, 53.61835618593732], [-119.89804152068004, 53.6191010065307], [-119.89877859238192, 53.619127490014186], [-119.89941482957803, 53.619282715836704], [-119.90047880516266, 53.61973993498176], [-119.90083784302357, 53.6198476176819], [-119.90159197134527, 53.61998608218029], [-119.90251788239507, 53.620042643799046], [-119.90299035371403, 53.6200228175629], [-119.90324539297404, 53.619963862540104], [-119.90347639393231, 53.619840237898536], [-119.90361676588637, 53.61972999912499], [-119.90389243186853, 53.61946236701093], [-119.90443783124334, 53.61901052728034], [-119.90537350084486, 53.61842981696248], [-119.90668534578664, 53.61785519867943], [-119.90782840618536, 53.61744011426557], [-119.90918482349319, 53.61697122422939], [-119.91003638489644, 53.616763075063915], [-119.9109010962224, 53.61667812646211], [-119.91179233528767, 53.61667085611752], [-119.91218048367574, 53.616667681643996], [-119.91323274811712, 53.61659477163796], [-119.91469140497104, 53.6164244803357], [-119.91600259488384, 53.61624808104989], [-119.91702511712536, 53.615981570374615], [-119.91815693604926, 53.61560829363898], [-119.9194363542368, 53.61531056500179], [-119.92105565832723, 53.61489903440649], [-119.92177316778984, 53.61454285343142], [-119.92364943184376, 53.61326035129867], [-119.92697255623652, 53.61083490493075], [-119.92891883161354, 53.60992672502438], [-119.93025318760064, 53.60941516994726], [-119.93112405831512, 53.60911900199611], [-119.9314848465644, 53.60897136859253], [-119.93159110281451, 53.60885496202903], [-119.93156825811266, 53.60876113070051], [-119.9314872329771, 53.60867014912457], [-119.9312952135176, 53.60855965920278], [-119.92996736668472, 53.60793880089042], [-119.92921678735908, 53.60746292452843], [-119.92872139374735, 53.60711701392432], [-119.927734167397, 53.60664437006673], [-119.92644933349831, 53.606317020343866], [-119.92561305702156, 53.605982594515524], [-119.92514351443215, 53.60572523429807], [-119.9233802100445, 53.605067595367096], [-119.922313804886, 53.60478353178497], [-119.92172716485092, 53.6043999702094], [-119.92091013261957, 53.603633330517454], [-119.91983291816715, 53.60300463506117], [-119.91914833609576, 53.60272159537826], [-119.91839609835215, 53.602472126022754], [-119.91776338740411, 53.602162841599835], [-119.91730989805994, 53.60181312572157], [-119.91715236204196, 53.60152553147184], [-119.91712262020533, 53.601334073229914], [-119.91698065161849, 53.6011087252599], [-119.9168230522552, 53.60091323587602], [-119.91636165103269, 53.60051652476179], [-119.91583004017485, 53.60018396326518], [-119.91545909000794, 53.60001540370377], [-119.91402182725562, 53.59984517148507], [-119.912808185647, 53.59963617158059], [-119.91212666996428, 53.59943103561034], [-119.9118132251321, 53.599215002747584], [-119.91140856132193, 53.59875997051463], [-119.91107824946376, 53.598267035393995], [-119.91087347596168, 53.597902887514856], [-119.91083434674093, 53.597470841693635], [-119.91083645104031, 53.59702806166409], [-119.9109570491981, 53.59667955242652], [-119.91094956641777, 53.59623285483466], [-119.91081027644253, 53.59600588688137], [-119.91021727442453, 53.59535838357071], [-119.90869695844667, 53.593574706825976], [-119.90619298231127, 53.59074918412214], [-119.90563993748687, 53.590170087358345], [-119.90434699516885, 53.58907472621391], [-119.90262266538818, 53.58774284322761], [-119.90075950811314, 53.58635743721824], [-119.89954964346407, 53.5854834431514], [-119.89724979740112, 53.58418910851812], [-119.89228401565832, 53.58121637335006], [-119.89191885908802, 53.58088937198204], [-119.89176961421093, 53.580378108549326], [-119.89162345994193, 53.57970714769251], [-119.89172077697857, 53.5791524179786], [-119.89206291681087, 53.5784768441427], [-119.89221927938861, 53.57822428796769], [-119.89276588421119, 53.577590618616455], [-119.89321208480534, 53.57702323703457], [-119.89349505843343, 53.57645564353581], [-119.89348497547957, 53.57607006207606], [-119.89338832396783, 53.575918353714165], [-119.89258839302117, 53.5752520437711], [-119.89227921285885, 53.57490718538274], [-119.89184172127636, 53.57454448861979], [-119.8916254132224, 53.57431380406851], [-119.89123899328985, 53.5741524883665], [-119.89084934788667, 53.574012056538116], [-119.89018808453795, 53.57388933359298], [-119.88952954767502, 53.57384010893189], [-119.88786314629085, 53.573611314290346], [-119.88742024309353, 53.57347633478329], [-119.88714980489931, 53.57333994644974], [-119.88689001005774, 53.57315472778964], [-119.88662769477395, 53.5728640885629], [-119.88622101201986, 53.57254224496737], [-119.88479875154484, 53.571835986967415], [-119.88410734612903, 53.57152694765436], [-119.88351304120772, 53.5712126637781], [-119.88211583414704, 53.57042649055185], [-119.88142916953048, 53.56983510907441], [-119.88114626085245, 53.56955477285804], [-119.88087240234803, 53.56921364385266], [-119.8806767433616, 53.56881850991845], [-119.88058563515817, 53.56873384520864], [-119.87919151816747, 53.567967645409865], [-119.8787175486458, 53.567759244175484], [-119.8781050408759, 53.56753623918214], [-119.87708603388506, 53.56729277488673], [-119.87628661948175, 53.56706420059289], [-119.87550338621139, 53.56701806392375], [-119.87455291763008, 53.56700106501257], [-119.8736614337118, 53.566892058409266], [-119.87272856240139, 53.566695838790665], [-119.87179507126287, 53.56632351010667], [-119.8712312523407, 53.56601180133728], [-119.87088474075709, 53.56579243857695], [-119.87066998064311, 53.565459955273546], [-119.87044129050498, 53.56442220659373], [-119.87048623808317, 53.56400157489499], [-119.87063265008085, 53.563521264553515], [-119.87060303002572, 53.56322359977315], [-119.87042549466774, 53.56305063890064], [-119.86926140372788, 53.56244378758216], [-119.8667818540366, 53.561302136932824], [-119.86635376550308, 53.56082334895147], [-119.86605043013651, 53.56035053573205], [-119.86579406742896, 53.55901280155603], [-119.86567510559833, 53.558619678670674], [-119.86535193737151, 53.55824268460141], [-119.86466084619222, 53.55769060088765], [-119.86388933681312, 53.556645711482474], [-119.86344130339562, 53.555982298306716], [-119.86297704514817, 53.555023129571474], [-119.8625877559706, 53.55455909764349], [-119.8623157552001, 53.554102349453125], [-119.86189686990691, 53.55316111062039], [-119.8626783098761, 53.55224940164367], [-119.8632604301307, 53.55138731080858], [-119.86377637227102, 53.550772485000316], [-119.86405541078355, 53.55024751102515], [-119.86421679927749, 53.54973767913927], [-119.86429779736615, 53.54935667914578], [-119.86436061093467, 53.54880089134603], [-119.86433739296177, 53.548402091001186], [-119.86459717361193, 53.54734246435634], [-119.86498468925002, 53.546918064976694], [-119.86531617132931, 53.54666778752894], [-119.86554713315743, 53.54631968479102], [-119.86617206927232, 53.546179368394576], [-119.86665026138112, 53.54603773019354], [-119.86884556022403, 53.54549904556304], [-119.86941664386103, 53.54539439952439], [-119.87046191461037, 53.544894658086584], [-119.87102226787503, 53.544743153907014], [-119.8720334640373, 53.54458595375247], [-119.87296523100859, 53.544401206422], [-119.87408691385443, 53.544306773411776], [-119.87663562533209, 53.544260876369144], [-119.87738943152199, 53.54426738650758], [-119.87753697227357, 53.54422224383346], [-119.87760408951306, 53.54407366325494], [-119.87793707053972, 53.543652773180504], [-119.87819092053822, 53.5433975986552], [-119.87871674188398, 53.54298774673563], [-119.88065656053307, 53.54166081693746], [-119.88272659343485, 53.54006256630126], [-119.88406859109769, 53.53930647551959], [-119.88497090177262, 53.53876155287048], [-119.88598310111502, 53.53804510740905], [-119.88674515857876, 53.53744997138413], [-119.88706728859017, 53.53707199702803], [-119.88747117162005, 53.536726771710704], [-119.8890705531788, 53.535823332059266], [-119.88933088328717, 53.535723571358155], [-119.89004146257629, 53.535375371508536], [-119.89037916053131, 53.535247132764745], [-119.89079659838919, 53.53515621702518], [-119.89137186294583, 53.53506034462058], [-119.89203933534877, 53.535046351929225], [-119.89379788796911, 53.535073125220435], [-119.89559566461321, 53.53513063553748], [-119.89622342517715, 53.53510606045876], [-119.89762432106546, 53.535106706126946], [-119.8984308118022, 53.53514315105234], [-119.89891847156991, 53.53511972519033], [-119.89897995592541, 53.53498224184245], [-119.8991223593551, 53.53325286072567], [-119.89938389076985, 53.53259023369969], [-119.8994769792647, 53.53224467980978], [-119.89954356057049, 53.531876550288615], [-119.8995720112589, 53.53110262136671], [-119.89962466874908, 53.53066157018319], [-119.89959726270067, 53.5300688142646], [-119.89960333479895, 53.52935968019486], [-119.89993366807484, 53.527309930136646], [-119.89996444315939, 53.52561413040854], [-119.90011926118844, 53.52479592348961], [-119.90018571174072, 53.52406176244244], [-119.90014307961465, 53.52354901444429], [-119.90013946785889, 53.52313851140399], [-119.90021227889136, 53.52288210535127], [-119.90033008617237, 53.52273339505326], [-119.90054486803923, 53.52258355050077], [-119.90109746638217, 53.52225696251072], [-119.90137515766003, 53.52192123420502], [-119.90158602086525, 53.521667304530894], [-119.90163403923432, 53.52121403943833], [-119.90156305880957, 53.52102955059841], [-119.9013589318688, 53.52071482005418], [-119.9009652459516, 53.51996832318227], [-119.90085409802062, 53.51958176909464], [-119.90085199330218, 53.51902877009452], [-119.900925066181, 53.518418969389245], [-119.90112791042729, 53.517560323201735], [-119.90120567806787, 53.51710184068446], [-119.90119502760479, 53.516616363296464], [-119.90109837597832, 53.51644145944779], [-119.90094154806492, 53.51629498259772], [-119.90077830404059, 53.51619239432947], [-119.9002396199013, 53.51599351031851], [-119.8996564394827, 53.51591462011267], [-119.89917743796617, 53.51573561522616], [-119.89877846529741, 53.515350459660866], [-119.89832146409783, 53.51497007880267], [-119.89777225852377, 53.514644678421384], [-119.89622083732502, 53.51405652371031], [-119.89498979221943, 53.513666951126275], [-119.89467334777811, 53.51349741557989], [-119.89425345595583, 53.51305263509226], [-119.89380052563479, 53.5126938915996], [-119.89345871269971, 53.51235719529018], [-119.89261557130777, 53.51179747903786], [-119.89147596304163, 53.510843614503294], [-119.88974148059191, 53.509609183016984], [-119.88930243498432, 53.509404906511634], [-119.88903215065564, 53.5093067128768], [-119.88761347914117, 53.50911569243888], [-119.88699841938423, 53.508981434232325], [-119.88664395026774, 53.508804951489985], [-119.88612425899106, 53.50846868608855], [-119.88537523190486, 53.50816266145862], [-119.87998952233431, 53.507077242858934], [-119.8780646193948, 53.50666167485942], [-119.87748461208236, 53.50657139781534], [-119.87703463727736, 53.506456642838344], [-119.87668721126575, 53.50630015168817], [-119.87630356483005, 53.50605366211619], [-119.87614436483302, 53.505870171458625], [-119.87608677871502, 53.50571451317277], [-119.87608974541419, 53.50509297196212], [-119.87593901051275, 53.504756706971115], [-119.87576674612738, 53.50456706169717], [-119.87513956648591, 53.504233642012295], [-119.873305055159, 53.503843326948704], [-119.87232632009108, 53.50358764368192], [-119.87092055780506, 53.50291599877585], [-119.86891391670417, 53.50189986254008], [-119.86661891587707, 53.500556353541235], [-119.86612036179974, 53.50030324303411], [-119.86553929753663, 53.50023778527646], [-119.86518588444896, 53.500259482718185], [-119.86259378134997, 53.50109025731516], [-119.86106143319587, 53.50142055423491], [-119.85924586979134, 53.50178283758858], [-119.85829737290985, 53.502001953928065], [-119.85709116075843, 53.50224972806497], [-119.85605673662064, 53.50242252978912], [-119.8553200910263, 53.502659109402146], [-119.85502606549896, 53.50284677390736], [-119.85460192199365, 53.503533419030155], [-119.85415107243772, 53.50510913563192], [-119.85363749669952, 53.50586522647476], [-119.8530049055153, 53.50708970952698], [-119.85208814374839, 53.50837035504789], [-119.85152567115495, 53.50926782712399], [-119.85118509843961, 53.509894930544576], [-119.8510729643386, 53.51006282070872], [-119.85049914504641, 53.51129597474401], [-119.85033375617066, 53.511495130620006], [-119.85001491773521, 53.51167889862516], [-119.8494907772903, 53.51194384629214], [-119.84864256302345, 53.51223117497652], [-119.84723873778431, 53.51276402063759], [-119.84632629074295, 53.51296422073223], [-119.84536530373182, 53.51344324029653], [-119.84383198382638, 53.51465115010646], [-119.84279118246421, 53.515258737487024], [-119.84223600793129, 53.515652130656505], [-119.84188654345535, 53.51594111187441], [-119.84138954309805, 53.51644433094251], [-119.8399365049951, 53.517004047001286], [-119.83927211902844, 53.5172005323182], [-119.83870315694173, 53.51734738914277], [-119.83818709358238, 53.51745642207626], [-119.83685240718603, 53.51788433885851], [-119.83545404787006, 53.51853184255041], [-119.83428343305029, 53.5154215583514], [-119.82927724820715, 53.510325758044544], [-119.82083395504193, 53.503460578510314], [-119.81578567412367, 53.5005762497345], [-119.81516006391868, 53.500248424615265], [-119.81444128113216, 53.50000757924764], [-119.81100855309728, 53.49922133411876], [-119.81024712523941, 53.498758050603755], [-119.80871224222618, 53.49809902422332], [-119.80713065432376, 53.49737519231849], [-119.80509950537234, 53.49656569033285], [-119.80350445823268, 53.49599031674991], [-119.80174567627107, 53.49525033473274], [-119.8003977807795, 53.49493108383064], [-119.79737301348504, 53.49449078200505], [-119.79505423137269, 53.49417929087527], [-119.79399605746677, 53.49397998089967], [-119.79157835812995, 53.49339084662841], [-119.78954744899295, 53.492868555478644], [-119.78765911841776, 53.49244675656403], [-119.78692082766085, 53.492298143219394], [-119.78635918916561, 53.492251781863494], [-119.78592824694084, 53.49209343498135], [-119.7855596849538, 53.491890692223166], [-119.78495360990743, 53.49151464778417], [-119.7847681767448, 53.49134293695948], [-119.78463714371391, 53.491158543917365], [-119.78456629929721, 53.49088789791847], [-119.78456036307168, 53.490603053783815], [-119.7844782526343, 53.49025794403648], [-119.7843461434215, 53.48989499554982], [-119.7840143944601, 53.48917574466645], [-119.7838893375425, 53.48901782760441], [-119.78329629641325, 53.48839122777519], [-119.78298169657425, 53.48790422860859], [-119.78261024443272, 53.48715017575335], [-119.7825642833581, 53.48671960802833], [-119.7824895024311, 53.48642118200854], [-119.78241235536083, 53.48624818198595], [-119.78221425023455, 53.485947583363576], [-119.78222460500704, 53.48584601493097], [-119.7823543871406, 53.48572012551493], [-119.78290567187392, 53.485447575827436], [-119.78328893382115, 53.48512689948525], [-119.78424395464054, 53.484460252609026], [-119.78541318685109, 53.48388545402603], [-119.78597450419777, 53.483798846310755], [-119.78648076027308, 53.4837793828759], [-119.78706899261762, 53.48371493679714], [-119.78743811628945, 53.483644227225156], [-119.78787444491476, 53.48346554374667], [-119.78846205085226, 53.483132581274475], [-119.78914997390764, 53.482678246686355], [-119.78945157519074, 53.482455762354434], [-119.79009308502756, 53.4820477751938], [-119.79068360591877, 53.48152134233466], [-119.79101614151038, 53.48125010449686], [-119.79140098626465, 53.48106375611498], [-119.79192055952988, 53.48085859421], [-119.79244838630468, 53.480749122788275], [-119.7929525604994, 53.48060176177774], [-119.79320183156862, 53.4804527942217], [-119.7935099406446, 53.48029683217258], [-119.7938406503319, 53.47999575446273], [-119.79395671654571, 53.4797587227424], [-119.79417289739276, 53.478751781747405], [-119.79416180684913, 53.47860642639027], [-119.79409036089008, 53.47836869731687], [-119.79389344525707, 53.477989554477965], [-119.79357892027342, 53.47766256151214], [-119.79321250238755, 53.4773668458444], [-119.79290019304294, 53.47715668472254], [-119.79263354003216, 53.47694382712067], [-119.7925836498014, 53.4768310127019], [-119.79243044408739, 53.4760506072667], [-119.79251893330346, 53.47514911657514], [-119.79243604985756, 53.47452046403105], [-119.79220126721489, 53.473261027014374], [-119.79209877104819, 53.47297430398222], [-119.79194706820208, 53.472668826288114], [-119.79166598445141, 53.47230050396542], [-119.79081376984757, 53.471640356039096], [-119.7903861200748, 53.47149713592056], [-119.78973631089897, 53.471332504348254], [-119.78844193665384, 53.470759961560205], [-119.7870307363073, 53.47028258094434], [-119.78613822640959, 53.46981585210075], [-119.78473862554736, 53.46893161450997], [-119.78366889779525, 53.468189097592685], [-119.7828849157332, 53.46749813706933], [-119.7825503861184, 53.46705758160266], [-119.78209258748056, 53.466517336595885], [-119.78188584429948, 53.46618019544728], [-119.78159727768421, 53.465955143838514], [-119.78120773333796, 53.46573156321503], [-119.78099162442156, 53.46555512344271], [-119.7809377804999, 53.46525114420014], [-119.78105231529736, 53.46486089169085], [-119.7812361846899, 53.46460176261644], [-119.7813934752416, 53.464365284743955], [-119.78140573226463, 53.46406607180687], [-119.78136533231502, 53.46361105235663], [-119.78117524306892, 53.46252244683439], [-119.7810527322996, 53.46201233676136], [-119.78099296364428, 53.4611638525511], [-119.7808041829456, 53.460646433555056], [-119.78056081704203, 53.460235413393775], [-119.78014774523788, 53.45992334407116], [-119.7798343830251, 53.45961021367828], [-119.77938597643318, 53.459049447252866], [-119.77926455145986, 53.458458253802604], [-119.77912077542575, 53.458109505512006], [-119.778796853117, 53.45773201427929], [-119.7783770907725, 53.45718705330195], [-119.77817657658571, 53.456977343102615], [-119.77790717496758, 53.456750905446505], [-119.77734675086185, 53.45645619559597], [-119.77692979588234, 53.456180936528725], [-119.77566381935458, 53.45541882796933], [-119.77543652419043, 53.455220208644846], [-119.77526192898253, 53.4548586469325], [-119.77544640148336, 53.454266246615866], [-119.7752656642351, 53.452927852856476], [-119.77506374921029, 53.45237020839493], [-119.7745945735922, 53.45184662769143], [-119.7743710493338, 53.451478194371205], [-119.77395068250533, 53.4509218085008], [-119.77381477794428, 53.449424052731246], [-119.77375605069966, 53.448426072543164], [-119.77358672067068, 53.44781446625942], [-119.77343432681255, 53.44697445367194], [-119.77313793844844, 53.44597568578232], [-119.77265825513153, 53.44460624601986], [-119.77231380873329, 53.44400882788372], [-119.7714795443284, 53.44335060815014], [-119.77003126510697, 53.44261292397004], [-119.76857889843593, 53.44203996352868], [-119.7667284318498, 53.44137997626508], [-119.76608981327605, 53.4412162089274], [-119.7655106571069, 53.44098773850903], [-119.76480211624389, 53.44033540811052], [-119.76402127587185, 53.43987601622396], [-119.7630986749595, 53.43955288635897], [-119.76002589357468, 53.438719725514744], [-119.75968835266288, 53.43868320980687], [-119.75931080450408, 53.43865141597999], [-119.75910838542998, 53.438539576469935], [-119.75888733371062, 53.437736666657905], [-119.75884620285527, 53.43744114546921], [-119.75887889485676, 53.43725799731885], [-119.75960102293425, 53.43642178405334], [-119.76119400232378, 53.434655958143935], [-119.76157589436157, 53.434167066580756], [-119.76214620874117, 53.433575015651705], [-119.76294762317656, 53.43281800873138], [-119.76308320831265, 53.43261980836464], [-119.76318539055036, 53.43236411849748], [-119.7631989639389, 53.43214847253414], [-119.7631409823734, 53.43190916276685], [-119.76320213883243, 53.43170762860575], [-119.76332771794979, 53.431518524951514], [-119.7636000550773, 53.43127028660756], [-119.76439138247596, 53.430685775565294], [-119.76553947223601, 53.43010816300913], [-119.76610184059251, 53.42988486641902], [-119.76680264696274, 53.42963807200775], [-119.76695378463403, 53.42954845370431], [-119.76706067440787, 53.429398414171125], [-119.76680842875112, 53.42920477599978], [-119.76638229259551, 53.429109537808586], [-119.76586613215426, 53.428966975336515], [-119.76370529288094, 53.42858009866888], [-119.76255713620169, 53.428208982284765], [-119.76194929717492, 53.42792793806411], [-119.76166676356843, 53.427593763387335], [-119.76153367176562, 53.4272751379051], [-119.76135527270594, 53.42700947396769], [-119.76110231695068, 53.42677214366038], [-119.76074525328754, 53.42656380856585], [-119.76048591118702, 53.426358298350024], [-119.76013609687853, 53.426000338437156], [-119.75989713628947, 53.42561827287467], [-119.7597689996848, 53.424492674246615], [-119.75963031652147, 53.42382585430922], [-119.75942216138634, 53.423624215243414], [-119.75893763749801, 53.42334367427312], [-119.75813707071845, 53.422872014631416], [-119.7579933998469, 53.4227161576986], [-119.75800045118093, 53.422465208469205], [-119.75813333326302, 53.42219233765739], [-119.75813124436927, 53.422061925797635], [-119.75808769511478, 53.42191347428188], [-119.75791008961265, 53.42172505492234], [-119.75744481648434, 53.421482487256284], [-119.7567080365514, 53.421205655148775], [-119.7561311328806, 53.42103414522315], [-119.75385282256761, 53.42023929401745], [-119.75352426887757, 53.42009086690083], [-119.75272949217033, 53.41962431940529], [-119.75129364700393, 53.418937306888054], [-119.75013517719081, 53.41826313797304], [-119.75001627245882, 53.41819393858958], [-119.74800278108356, 53.41702209990423], [-119.74784399617626, 53.416879520436574], [-119.74775595670218, 53.41672717842275], [-119.74781399548088, 53.416309454310266], [-119.74784092991685, 53.41588433894974], [-119.74801019533811, 53.41539904903482], [-119.7479721026164, 53.41373476491397], [-119.74790005121585, 53.41349576526806], [-119.74743979881909, 53.41287544864755], [-119.74700341777765, 53.412388559178225], [-119.74660470789576, 53.41211460913393], [-119.74546095874162, 53.411461887643775], [-119.74380541748117, 53.41063748838048], [-119.74162117746201, 53.40944536601223], [-119.7406529714005, 53.40901490823812], [-119.73873893969929, 53.40812870792956], [-119.73800453765222, 53.40771106869886], [-119.73749730498378, 53.407508056517024], [-119.73622731928334, 53.406851630443455], [-119.7353007694828, 53.406457874876146], [-119.7348726588113, 53.406232217766586], [-119.73447141405101, 53.40581472108811], [-119.73405302594969, 53.40489286861001], [-119.73366278871625, 53.40434110765209], [-119.73334638861532, 53.404092075702216], [-119.7330434573132, 53.40391688948207], [-119.7324212594177, 53.40375292037972], [-119.73200415597833, 53.40361064936992], [-119.73170528347913, 53.40345058653773], [-119.7315758133702, 53.40320123744635], [-119.73139145893104, 53.403003747838184], [-119.73136566404914, 53.402805301140845], [-119.73142338763495, 53.40227970816728], [-119.73157776815437, 53.40200558648097], [-119.73174625602945, 53.40178187517087], [-119.73225541092208, 53.40140596601086], [-119.73258975310529, 53.40122268863598], [-119.73343577376578, 53.40094054092857], [-119.73368674781942, 53.400781275472795], [-119.7338257922025, 53.40060767636775], [-119.73398782409838, 53.400283946844546], [-119.73403919233934, 53.40006681177542], [-119.73402910305006, 53.39987581737365], [-119.73374044463822, 53.39951556599462], [-119.73331008381061, 53.399118236029246], [-119.73300220567027, 53.39879745592778], [-119.73288629514643, 53.39858545623045], [-119.7328392226798, 53.3982249021659], [-119.73254094750617, 53.39757865666016], [-119.73228714542643, 53.39721890788508], [-119.73068376355165, 53.39590524965651], [-119.73043157235227, 53.39563783012139], [-119.73025159024758, 53.39534272826412], [-119.73010893074263, 53.39498434129342], [-119.73018914578381, 53.39477565634722], [-119.73049218389241, 53.39447861707279], [-119.7306081454508, 53.39431856693774], [-119.7306535636111, 53.394212146517354], [-119.7306563651331, 53.39408589436525], [-119.73060013166744, 53.393955786280785], [-119.72961465998253, 53.392365656905405], [-119.72950557023965, 53.39185167570579], [-119.72955887902826, 53.39156295919314], [-119.72968185451903, 53.39113865693656], [-119.73023194416204, 53.39007885056718], [-119.73038258917563, 53.38916995887484], [-119.73020589737646, 53.38889170137968], [-119.72953194355031, 53.38849341776133], [-119.72756409746313, 53.38776821085271], [-119.72701125126605, 53.38759610085125], [-119.72632754916805, 53.38745298496441], [-119.72562085887026, 53.387324721964276], [-119.72490696071762, 53.38728765747535], [-119.7238383484748, 53.38714812062156], [-119.72290010799716, 53.38703941800827], [-119.72254373945343, 53.38694474743586], [-119.7221700961167, 53.38678414743259], [-119.72157430945857, 53.38668845080831], [-119.72102200378168, 53.386694528493855], [-119.71898526930481, 53.38679554154221], [-119.71766472744457, 53.38683338711612], [-119.71570046920498, 53.3871066704542], [-119.71480049439619, 53.38718065798882], [-119.71446796548443, 53.38723781281566], [-119.71219316628475, 53.387496330065744], [-119.71075114512074, 53.38767736243255], [-119.70962726791058, 53.387968258406126], [-119.70795108740818, 53.38823132965807], [-119.70586340405454, 53.388799021296904], [-119.70328937824007, 53.38952209235295], [-119.7016910287447, 53.39005113162319], [-119.70052070518767, 53.390403034403306], [-119.70024766710205, 53.39042092520985], [-119.70007712334309, 53.39037404066176], [-119.69996562768142, 53.39029718906258], [-119.6994176929784, 53.389445730834375], [-119.69891791002445, 53.388770105350446], [-119.69881378343784, 53.38859736933601], [-119.69846474327962, 53.38807392420799], [-119.6982208534474, 53.387761989340035], [-119.69788265237797, 53.38750683529853], [-119.69550147037465, 53.38625397086074], [-119.69523659843456, 53.386095144978796], [-119.69308174027309, 53.38498195081884], [-119.69145953457637, 53.38447775050758], [-119.68975986234585, 53.38406022272322], [-119.68897324826717, 53.383800816895786], [-119.68842783041075, 53.383742821698995], [-119.6872056432914, 53.38375210727186], [-119.68637770793013, 53.38369916425966], [-119.68590517639593, 53.383623926189294], [-119.68506333144863, 53.38341906147789], [-119.68461850028733, 53.383231300095886], [-119.6842935520672, 53.383046061845846], [-119.68357453138918, 53.382580843306975], [-119.68323695784122, 53.38226447492035], [-119.682921487538, 53.38191898395711], [-119.68089313064678, 53.37986856563562], [-119.6799782795701, 53.379228152941295], [-119.67981911725238, 53.379049590957536], [-119.67956126459563, 53.37865075227887], [-119.67949396823225, 53.378445404883955], [-119.67945383815069, 53.37822252720223], [-119.67947140574454, 53.37808683624505], [-119.67961832809044, 53.37789748093161], [-119.68052465952928, 53.37716459177785], [-119.68096845728157, 53.376847224004074], [-119.6812079347341, 53.37664279070981], [-119.68149201378799, 53.37631767547276], [-119.68154534819114, 53.37612783526485], [-119.68153135397462, 53.37597462230326], [-119.68138514764378, 53.37572551358203], [-119.68118722634684, 53.37555301695095], [-119.68082973606005, 53.375006454483], [-119.6808161033349, 53.374985590880996], [-119.68081240474494, 53.37428495222933], [-119.68088886302054, 53.37348405568113], [-119.68129088412171, 53.37260270642878], [-119.68161049653644, 53.372051384777805], [-119.681721392578, 53.37174239120561], [-119.68171636488911, 53.371230461301494], [-119.68165250234918, 53.37086346169704], [-119.68134333261001, 53.370412552793454], [-119.68096166242046, 53.37017729393717], [-119.68011298411005, 53.369933532496496], [-119.67890521797423, 53.3697411524162], [-119.67819368212999, 53.36944553359776], [-119.67730884196624, 53.36920255188068], [-119.67649014495616, 53.36893100397967], [-119.67567391233534, 53.36877046198661], [-119.67467592688793, 53.368600437228096], [-119.67347023309584, 53.36822372635377], [-119.67303118839345, 53.368137714956184], [-119.67200813215402, 53.36787440478066], [-119.6706054777349, 53.36746141720372], [-119.67023140954326, 53.36741830873007], [-119.66978669067811, 53.367403856249055], [-119.66917383448549, 53.3674527471685], [-119.66789567895302, 53.36758150245588], [-119.66736816829285, 53.36769089480791], [-119.66628854879406, 53.3678072764732], [-119.6656378509451, 53.36783003774102], [-119.66523536138742, 53.36789357362898], [-119.66439098837576, 53.36780656654757], [-119.66374454185923, 53.36768021902449], [-119.66271970849023, 53.36751357304128], [-119.66183510879603, 53.36741694701705], [-119.65909421734004, 53.36703683812521], [-119.65849083035812, 53.36692774879416], [-119.65773579898206, 53.36689388396852], [-119.6564755663016, 53.366873355393764], [-119.65566225069145, 53.36690240690246], [-119.65499596679824, 53.366966078161056], [-119.65465314162093, 53.367060458335516], [-119.65433312118134, 53.36723015465023], [-119.65391479730141, 53.367494174980685], [-119.653524158492, 53.36783885780684], [-119.65268900464362, 53.368318084602684], [-119.65230128804826, 53.368492007221256], [-119.65196094555944, 53.36855379397952], [-119.65091763113098, 53.36867193650612], [-119.65047608733683, 53.36863574998219], [-119.64926832078051, 53.368221149471616], [-119.64819939741673, 53.367708620794374], [-119.64737881746306, 53.36713220730613], [-119.64680398401069, 53.36667777481178], [-119.64646561681138, 53.36647944023746], [-119.64592005414532, 53.366372420917386], [-119.64507156493436, 53.366491575937225], [-119.64446425497064, 53.36670288454025], [-119.64406933843938, 53.36690673705981], [-119.64372363659282, 53.36702822747262], [-119.64344660195117, 53.367088576571206], [-119.6429824749217, 53.367126021522495], [-119.64234986798722, 53.367075085094804], [-119.64158373709824, 53.3669892221898], [-119.6407898146427, 53.36681995744809], [-119.64002954439468, 53.3665361764471], [-119.63941753627395, 53.36608655125844], [-119.63866751655796, 53.365455757886316], [-119.63797630445228, 53.3649699570221], [-119.63726384481731, 53.36450629937366], [-119.63660362782352, 53.36437467915555], [-119.63556288929112, 53.364313840786], [-119.63452145167845, 53.364534738514216], [-119.63402736164686, 53.36459988737667], [-119.63351704382877, 53.36454893183253], [-119.63283204665804, 53.364528912763916], [-119.63212677445046, 53.364400989771234], [-119.631488360803, 53.36418217784128], [-119.63093957215278, 53.36394782929989], [-119.63030134198729, 53.36373171876712], [-119.62813355283306, 53.363457396935225], [-119.62743514119083, 53.36351349973185], [-119.62672716116613, 53.36365166087804], [-119.62607993258729, 53.36386048826936], [-119.62561692114876, 53.36413622320893], [-119.62516546842566, 53.364379197614475], [-119.62492875875927, 53.36457948810697], [-119.62459605081162, 53.36476564212475], [-119.62435342418816, 53.3648333198624], [-119.623820243008, 53.364815333018775], [-119.62309055812194, 53.364658088338004], [-119.62243064346059, 53.36430966831997], [-119.6217582673217, 53.36375835235277], [-119.62152575155875, 53.36345973345012], [-119.62140033406342, 53.36325991319314], [-119.62124217921638, 53.36309790676434], [-119.62111248753077, 53.36290302436645], [-119.62098019773589, 53.36281384332367], [-119.62083366948215, 53.362787268721306], [-119.62022254052661, 53.36278995361132], [-119.6199046491959, 53.3628484428206], [-119.61926980833029, 53.362919101180964], [-119.6184418429196, 53.36291866849983], [-119.61784684267877, 53.36281533301724], [-119.61724595671045, 53.362763560377445], [-119.61373489895195, 53.36280850269256], [-119.60835448416837, 53.36301366344246], [-119.60658040653, 53.36317729008171], [-119.60585291108673, 53.36335039904976], [-119.60539460214493, 53.36359876055293], [-119.60518417647265, 53.363744341528765], [-119.60497333036437, 53.36392506514745], [-119.60477058889023, 53.36401620083815], [-119.6043632277589, 53.364092864575625], [-119.60291160193162, 53.36426576134262], [-119.60157002077364, 53.3647574332246], [-119.60046646584625, 53.364987323555], [-119.59925783869667, 53.36509884546747], [-119.59887025943704, 53.365277982077906], [-119.59870871112062, 53.365376355466594], [-119.59863250981633, 53.36556390471634], [-119.59850714950865, 53.365784401054036], [-119.59833780620696, 53.365977742080915], [-119.59784071802775, 53.3662920270174], [-119.5976947093397, 53.36642254233658], [-119.59752295652417, 53.36665115577079], [-119.59730051015687, 53.36701360034757], [-119.59719643876916, 53.36723802767986], [-119.59732897618312, 53.36790826508321], [-119.59752935586489, 53.36831702701887], [-119.59849319560891, 53.368973155099994], [-119.59905424573346, 53.36941055569707], [-119.59950022026746, 53.36989111709931], [-119.59974833194086, 53.370394943006914], [-119.59999508514007, 53.37072816130371], [-119.60026688136799, 53.37102560034822], [-119.60061873050131, 53.37129962678067], [-119.60138024120052, 53.37168114207001], [-119.60170553344292, 53.37189073532705], [-119.60190557705546, 53.37205159334958], [-119.60206137066693, 53.37222967086141], [-119.60212031860519, 53.37245322669225], [-119.60220259076965, 53.372613955519974], [-119.60229044941993, 53.37271769108372], [-119.60255051249827, 53.372823045006115], [-119.6030238219831, 53.372934561661125], [-119.60346016003695, 53.37318235607593], [-119.60391775940809, 53.37348113620149], [-119.60446752141371, 53.3739539753337], [-119.6049709990112, 53.37448471631829], [-119.6053012688523, 53.374992961817846], [-119.60563624404794, 53.37623893522356], [-119.60567271474214, 53.377106974412406], [-119.60584371563736, 53.37791248402899], [-119.60629107149144, 53.37862091607238], [-119.60685339263854, 53.379308600349006], [-119.6077077053691, 53.3800643551095], [-119.6088420261443, 53.38091820046308], [-119.60944086488036, 53.38129727184139], [-119.60972433687172, 53.38140688459855], [-119.61033644603292, 53.381550644919535], [-119.61049955543928, 53.38163807134885], [-119.61056396358165, 53.3817409357863], [-119.6105962537312, 53.38199674221772], [-119.61055727351383, 53.38226404493808], [-119.61032851815573, 53.382686135221384], [-119.61002560906132, 53.38302708387147], [-119.60974975766196, 53.38321393562529], [-119.60912743307465, 53.38350028499761], [-119.6084546468731, 53.38385764482468], [-119.60772770406443, 53.38418971098207], [-119.60724247185496, 53.384491645922566], [-119.60707605443072, 53.38457638181045], [-119.60683512340603, 53.384664427242306], [-119.60634964653458, 53.38473631116287], [-119.605773272446, 53.384770472402714], [-119.60463318136468, 53.38454725279546], [-119.60326850566732, 53.3844530722576], [-119.60170895539797, 53.384204265792896], [-119.59989800005862, 53.38382689157573], [-119.5978183617982, 53.38349013687106], [-119.59746637399674, 53.383345576001524], [-119.59658355969847, 53.38293793754612], [-119.59478580475698, 53.38183979515923], [-119.59010959000743, 53.37958495778473], [-119.58284577045453, 53.37629311351085], [-119.58093685863939, 53.37568064913235], [-119.58069937538606, 53.375636584658984], [-119.58010184631243, 53.37552883023263], [-119.57969703948449, 53.37548472697485], [-119.57885262019371, 53.37534744808198], [-119.5784588254464, 53.37523648814993], [-119.5782154828206, 53.37510314579763], [-119.5781099155424, 53.37499655823013], [-119.5769086366107, 53.373162849518344], [-119.57680362579634, 53.37306228804804], [-119.57668319239797, 53.372981404225], [-119.5764651146675, 53.3728910494374], [-119.57567656500774, 53.3724286951306], [-119.57537496737967, 53.372220740128164], [-119.57522723637132, 53.37217661656015], [-119.57374489375539, 53.37216408815903], [-119.57158737083331, 53.37218195996775], [-119.5708547854304, 53.372208339947655], [-119.57005580334585, 53.372154655669085], [-119.56922740507609, 53.372196276226624], [-119.56865161644745, 53.372198218225996], [-119.5679139516233, 53.372140565834705], [-119.56739597066844, 53.37208077948763], [-119.56681349201612, 53.37193225018594], [-119.56649714413946, 53.37175576720698], [-119.56628426110973, 53.37157894115712], [-119.56614563526989, 53.371539870513395], [-119.56561666220831, 53.3714423798641], [-119.56477612577454, 53.37133683021263], [-119.56372965272081, 53.371244528833955], [-119.56258743439042, 53.3712154701848], [-119.56223705248453, 53.371169450741064], [-119.56187507279712, 53.37099845676911], [-119.56161394440231, 53.37082265662623], [-119.56153761382421, 53.37073523223724], [-119.56097252267938, 53.369732141189395], [-119.56078530489326, 53.369323341709155], [-119.56010079429333, 53.36861238080806], [-119.55963165987086, 53.36819389668273], [-119.55886938785686, 53.36787114822388], [-119.55783502072462, 53.36733600679956], [-119.55719867074663, 53.36706048994089], [-119.55654763235874, 53.36683261967792], [-119.55560432330417, 53.36664258753313], [-119.55409765710039, 53.36629376760144], [-119.55320252218407, 53.36624040623457], [-119.55247408878522, 53.366121007256325], [-119.55130814049294, 53.36536776712012], [-119.55058062972464, 53.36518358701355], [-119.54922347371344, 53.36498138176462], [-119.54807124844898, 53.364677458235064], [-119.54584640811392, 53.363938561899985], [-119.54535938415138, 53.36394425273342], [-119.54470560787097, 53.36411078733158], [-119.54411485357042, 53.36444949782595], [-119.54356971757757, 53.364668916789064], [-119.54283422825095, 53.364792510260784], [-119.5416461382128, 53.36477065353534], [-119.54039013788794, 53.36478967295829], [-119.53773500794695, 53.36478605291857], [-119.53611807233013, 53.364870601616], [-119.53583524685072, 53.364845098889354], [-119.53512691585092, 53.36449069999641], [-119.53455265265585, 53.36425549917581], [-119.53385816274036, 53.36397672571398], [-119.53294488529839, 53.3638316095376], [-119.53214347255887, 53.36383491837712], [-119.53185633535537, 53.36382045391438], [-119.53154794139664, 53.36383385502393], [-119.53134247052218, 53.36384506104352], [-119.53108104544566, 53.36387803442865], [-119.5308708256504, 53.36394951186201], [-119.53061062559215, 53.36417285423497], [-119.53032984657953, 53.364592221372206], [-119.53014912323962, 53.365028390430666], [-119.52969634167522, 53.36539425401332], [-119.52935453538392, 53.365588681377176], [-119.52885247100588, 53.36580463483059], [-119.52830936018918, 53.36600937098732], [-119.52806610200625, 53.366132970425255], [-119.52765372239223, 53.36633181057596], [-119.52716503313843, 53.36665558464869], [-119.52698015414524, 53.36694591301126], [-119.52684663316226, 53.36729022259694], [-119.52678578852826, 53.36762867406842], [-119.52632560680738, 53.36785097212957], [-119.52464229699305, 53.369043745092746], [-119.52428876264814, 53.369265591513816], [-119.52390191685504, 53.36957576435373], [-119.5236176333211, 53.369927971187145], [-119.52335023441867, 53.37031228199974], [-119.52323274386266, 53.370406836994874], [-119.52307716245151, 53.37045219192244], [-119.52200598083941, 53.37055123732401], [-119.52112785275266, 53.370569901502954], [-119.52051777444123, 53.370511875605814], [-119.5198275629505, 53.37014001161458], [-119.51839180695536, 53.369500037554104], [-119.51754633421727, 53.369028926925694], [-119.5172205402412, 53.36872294635486], [-119.51696934006475, 53.368265501567286], [-119.51629383134485, 53.367843372251436], [-119.51495755805827, 53.367248566307225], [-119.51218084148384, 53.365929656346246], [-119.51094231250084, 53.3654247660173], [-119.50833157010271, 53.364607076162095], [-119.50712682717813, 53.36407776625423], [-119.506006518618, 53.363712301998525], [-119.50454813550172, 53.36320411590531], [-119.50351813547353, 53.362663439330575], [-119.502490491133, 53.362602213499684], [-119.5017698196984, 53.36258422540419], [-119.50107329728122, 53.362763367282945], [-119.5009039881811, 53.36285960573945], [-119.50068293028664, 53.36293706381675], [-119.5003814895298, 53.362951104135696], [-119.50001615578272, 53.36289474882826], [-119.4992840203908, 53.362821955286], [-119.4974627552033, 53.36258842539269], [-119.49633444375287, 53.3622876967549], [-119.49477878670751, 53.36167437551994], [-119.4944848557226, 53.361650659483075], [-119.4941920236688, 53.36172649684051], [-119.49368192882118, 53.36191075523373], [-119.49316013428864, 53.36217921458213], [-119.49284274580535, 53.36252731710366], [-119.49258210727464, 53.36323561358706], [-119.49241346393951, 53.3635649498046], [-119.4922826630209, 53.3636872143501], [-119.49190380010806, 53.36379757565057], [-119.49142110873801, 53.36384039407264], [-119.49060242433755, 53.36383191791809], [-119.48856058449756, 53.36352745979612], [-119.48766783814182, 53.36347213112291], [-119.48689741852348, 53.36347541458041], [-119.48654910834546, 53.36345707878101], [-119.48447126257453, 53.36314619570985], [-119.48238440285013, 53.36272021614747], [-119.48144228834198, 53.362429687049634], [-119.4799061245891, 53.3617389503842], [-119.47874228504995, 53.36119266139845], [-119.4773790219778, 53.36065195109013], [-119.47698637504654, 53.36052495060423], [-119.47637734383974, 53.36027582840152], [-119.47587817542022, 53.360109416499014], [-119.47403214190305, 53.35932866211081], [-119.47284081237063, 53.358920906740785], [-119.47245770215687, 53.358630086558044], [-119.47186352156227, 53.35797942972514], [-119.47149681836844, 53.35772526134686], [-119.47118710191761, 53.357592249185984], [-119.46977348218101, 53.35753337708869], [-119.46923183705651, 53.35754319710675], [-119.46875041235168, 53.35752471917695], [-119.4682176839499, 53.357483133713394], [-119.46658901932466, 53.35724228875234], [-119.46492619182081, 53.35706759136259], [-119.46437888219909, 53.356979326689995], [-119.4640261969167, 53.35684294033825], [-119.46360065458698, 53.35659848866777], [-119.46181364893647, 53.356002340899664], [-119.46142156349251, 53.355760063082315], [-119.46111941630781, 53.35546895313392], [-119.46069241467067, 53.354910100880275], [-119.4605000354302, 53.35474904346248], [-119.46006464729338, 53.354580191413525], [-119.45930337677096, 53.3544506635802], [-119.4585439245064, 53.35439377847739], [-119.45731177031075, 53.354221482875786], [-119.45678753845446, 53.35403737954751], [-119.45614620757426, 53.353636592104934], [-119.45498143244552, 53.3527344190048], [-119.45465577452362, 53.35244664448449], [-119.45290512161078, 53.3500974309683], [-119.45211931567377, 53.3497239275869], [-119.45048821104898, 53.349325245151775], [-119.44900421060974, 53.34928677401659], [-119.44744791382266, 53.348933251384956], [-119.44692115877345, 53.348939335580404], [-119.44652091462827, 53.349000573709816], [-119.4453140623314, 53.34924921866118], [-119.44412008225399, 53.34955064540105], [-119.4436073021739, 53.34977534153985], [-119.44341444867554, 53.350092220005735], [-119.44346247614601, 53.35047153500448], [-119.44424873471613, 53.35104164596142], [-119.4449597412679, 53.351613291222776], [-119.44520309724804, 53.35195303241809], [-119.44529954115905, 53.3522827358752], [-119.44535667588795, 53.35270887026356], [-119.44526295462249, 53.35295989054125], [-119.44460128370362, 53.35348332957236], [-119.44397771443128, 53.35372512258762], [-119.44377014196495, 53.353939090257015], [-119.44383367719847, 53.3547572641043], [-119.4439705367418, 53.354987780557764], [-119.44427003238373, 53.355276136527586], [-119.44435272125094, 53.355391110043385], [-119.4443630458457, 53.35561283228925], [-119.44430289821652, 53.3557663029574], [-119.44420981261158, 53.35584361975583], [-119.4439604763514, 53.35593268442576], [-119.44353767836968, 53.35602388486586], [-119.44268804605237, 53.35613664524911], [-119.44164497461081, 53.35623486600087], [-119.44068518771968, 53.356209014381264], [-119.44010741323284, 53.356210904424614], [-119.43946885108079, 53.35614715548873], [-119.43846316619134, 53.35615069218927], [-119.43800777428068, 53.35617140182578], [-119.43673788193196, 53.35617037571538], [-119.43644643244059, 53.35623040096696], [-119.43588748403538, 53.35631155648011], [-119.43522061242919, 53.3564427820443], [-119.43473725123235, 53.35657409141453], [-119.43363635392946, 53.356909614058786], [-119.43260110029271, 53.35727079495877], [-119.43206748284874, 53.35742111230957], [-119.43147704516514, 53.357659396156606], [-119.43095981131776, 53.35788906607569], [-119.43053481179297, 53.358109724855936], [-119.43004301156122, 53.35840999657217], [-119.42774337245879, 53.359913764425514], [-119.42694090093734, 53.36048072594778], [-119.42656811522946, 53.36082550635702], [-119.42636340650168, 53.36094775775806], [-119.42585234100324, 53.36116162268787], [-119.42498586177075, 53.36148231341887], [-119.42414151394277, 53.361690157173356], [-119.4233869412652, 53.361762422973456], [-119.42290890257388, 53.36184613841568], [-119.42258337137653, 53.36193527489468], [-119.4221972640218, 53.36208824938814], [-119.42183813308313, 53.36229757781137], [-119.4215953854665, 53.36254578467016], [-119.42146475920515, 53.362800268119244], [-119.42139718697985, 53.3630762221697], [-119.42125928102536, 53.36328674489267], [-119.42104578438018, 53.36342197789911], [-119.42060343128168, 53.36350636458692], [-119.42005049450663, 53.36369544966034], [-119.41923669507797, 53.36406624984278], [-119.41828907507858, 53.364572738794116], [-119.41812430237275, 53.36462377863435], [-119.41771285034868, 53.36466627517563], [-119.41711196520232, 53.364681294565884], [-119.41389892037664, 53.36492725050177], [-119.41358238550545, 53.36497616649239], [-119.41326692172028, 53.36511771499126], [-119.41281789450011, 53.36537861845643], [-119.41210362916, 53.365744475297625], [-119.41146653939904, 53.36617137832881], [-119.41106067441409, 53.36635456566372], [-119.41071473429305, 53.36654651499355], [-119.41059453368368, 53.366649959736726], [-119.41051495349335, 53.36677930786108], [-119.4102205394199, 53.366676495264095], [-119.4093564504633, 53.36643968946967], [-119.40896642263519, 53.36626341800866], [-119.40863029358573, 53.366142888629284], [-119.40817700903123, 53.36605054734413], [-119.40775169494383, 53.36594841776107], [-119.4070662989601, 53.36582938632054], [-119.40458691115184, 53.36540702600851], [-119.40400138381598, 53.36530811542974], [-119.40349922936213, 53.365155858170326], [-119.40271637048015, 53.36475951545001], [-119.40149816959305, 53.36376785170908], [-119.4001362204316, 53.36314127695016], [-119.39884503919421, 53.36269805827418], [-119.39811620667527, 53.36249402610749], [-119.39690651686215, 53.361613851921284], [-119.39645593665068, 53.36134082666652], [-119.39593050903957, 53.361117115729414], [-119.39328064268238, 53.36031802726847], [-119.39283406814427, 53.36017914259524], [-119.3922670704309, 53.359972871862794], [-119.3915276871037, 53.3596637299158], [-119.3909697991417, 53.359379691288346], [-119.39055217886505, 53.3591051165464], [-119.39037451411018, 53.358889271839026], [-119.39008162227063, 53.358341148680076], [-119.38965879804384, 53.35767558784208], [-119.38917848616217, 53.35708507163664], [-119.38854699697497, 53.3566451290992], [-119.38707179548729, 53.35627947126027], [-119.38581868466834, 53.3559354272984], [-119.38491556369553, 53.35572109794807], [-119.38437917723839, 53.355526763067715], [-119.38407540049988, 53.35535058127935], [-119.38386510432481, 53.355156344290656], [-119.38242840049327, 53.35336542101683], [-119.38218221294662, 53.353067839827766], [-119.38187179895037, 53.35275571142306], [-119.38117266493497, 53.35203438842737], [-119.38025142036211, 53.35143149279504], [-119.37775121170245, 53.349882252950636], [-119.37749243737414, 53.34973738850139], [-119.3772002617857, 53.34962494332966], [-119.37607110069419, 53.34877529925149], [-119.37574028254572, 53.348628828057926], [-119.37534780983874, 53.348520163696385], [-119.37436043657448, 53.348333492540185], [-119.37300279717905, 53.348180029038566], [-119.37263638978564, 53.34781756424683], [-119.37243068680745, 53.34749489990843], [-119.37224712474217, 53.34701716354958], [-119.37198364904214, 53.34692479010851], [-119.37025044739781, 53.34674149287335], [-119.36961415170323, 53.34681158987756], [-119.36887766095523, 53.34680707430795], [-119.36821262827064, 53.34664787991284], [-119.3677549048607, 53.34647499091983], [-119.36714509877272, 53.34601430041807], [-119.36664549763798, 53.34546022189934], [-119.3658013935137, 53.344942699980386], [-119.3652201564405, 53.34445909386208], [-119.36447087672681, 53.343469622342504], [-119.36098610101064, 53.339421514013495], [-119.35946854682688, 53.33774598512176], [-119.35812029369089, 53.335991854937035], [-119.35649011300487, 53.334428565622325], [-119.35523516192809, 53.33304535337357], [-119.35441122579998, 53.33206705615226], [-119.35343694200091, 53.33120100394158], [-119.35257402006347, 53.33090816619353], [-119.35178749569319, 53.33004225565075], [-119.35150729553808, 53.329423952861035], [-119.35111467083476, 53.32872690133997], [-119.35072260507029, 53.327771404513335], [-119.35040742416263, 53.3260405519604], [-119.35076706949943, 53.32472604244642], [-119.35118153235716, 53.32405211328477], [-119.35150198508262, 53.32344553377005], [-119.35152255849471, 53.32264767443025], [-119.35163656305564, 53.322029700123835], [-119.35163850573647, 53.32116439149859], [-119.35149018246875, 53.32035518441509], [-119.35111638153228, 53.31965813895719], [-119.35078018274275, 53.31894990147014], [-119.35003135503456, 53.3181289661915], [-119.34945160105939, 53.317251966106944], [-119.3493222448298, 53.31637533289353], [-119.34962404675481, 53.31571255168729], [-119.35009430311977, 53.315229701323325], [-119.35028258242926, 53.31496015285635], [-119.35059579911423, 53.314809391486826], [-119.35124144658135, 53.314427119886126], [-119.35201018156124, 53.31416227437682], [-119.35255086556576, 53.314117384083154], [-119.35404427081585, 53.31382475253093], [-119.35834135518469, 53.31258325387977], [-119.35965064541558, 53.31197051266856], [-119.35999795666459, 53.31179916319407], [-119.36028319478157, 53.31149745411038], [-119.36024964749923, 53.31088956424944], [-119.35949473052274, 53.30914462749909], [-119.35928018095072, 53.30873769304739], [-119.35893038129271, 53.30836631877777], [-119.35799228939516, 53.30777631874133], [-119.35712248413452, 53.30733162196345], [-119.35511055181418, 53.305678441868366], [-119.35465028823549, 53.30529305496724], [-119.3530825255066, 53.30372969298596], [-119.35184165960494, 53.30262007457644], [-119.35067188731398, 53.301804880553036], [-119.34955337667422, 53.30092294539319], [-119.3485661761954, 53.30043286120769], [-119.34789862729066, 53.300124893077204], [-119.34674847981587, 53.299816944937966], [-119.34515599495789, 53.299135519225715], [-119.34480220647096, 53.2989689205855], [-119.34400727831363, 53.298703152928546], [-119.34337005858522, 53.2985918623987], [-119.34243249738888, 53.29849480479019], [-119.34128627768288, 53.29845947616678], [-119.34078169528817, 53.298560294046446], [-119.34019491416933, 53.298670991268864], [-119.33952316721809, 53.29881208117788], [-119.33690390337983, 53.29918941086376], [-119.33582781089149, 53.29923600597932], [-119.33494834790991, 53.29917284354472], [-119.33403410170207, 53.299003081886205], [-119.3324278829088, 53.298909392011865], [-119.33214404401673, 53.29881069501782], [-119.3320317859272, 53.29866692145358], [-119.33221543788753, 53.298204586407124], [-119.3327595123616, 53.29669259170354], [-119.33298427573088, 53.29570815356658], [-119.33316111832619, 53.2949218305614], [-119.333292717503, 53.29374923100764], [-119.33342487279644, 53.29277541070777], [-119.33361512626145, 53.292366101248284], [-119.33403603445997, 53.29184267577212], [-119.33437217105704, 53.29151758540678], [-119.33560329878952, 53.29082206253356], [-119.33800673221306, 53.28972307542869], [-119.34013928041414, 53.28845031976425], [-119.34182005924714, 53.28779067524798], [-119.34294033264638, 53.287119630105046], [-119.34389718291997, 53.286258384349985], [-119.34386736891854, 53.28564670085962], [-119.34364669830518, 53.28502439027819], [-119.34323351157575, 53.28429396496376], [-119.34238627179674, 53.283502900085736], [-119.34056976914793, 53.282575093454966], [-119.3395748763221, 53.282124630261016], [-119.33845718689678, 53.28147516503759], [-119.33787118741358, 53.28099429405003], [-119.33719052182583, 53.28019501097862], [-119.33681872169937, 53.27932726252196], [-119.33657186874882, 53.277776482272166], [-119.33642087587585, 53.27724837142064], [-119.33606771234983, 53.27666551292339], [-119.33517493896404, 53.27595656597823], [-119.33392386737438, 53.27498423076706], [-119.33330511711978, 53.27389971466107], [-119.3327489748985, 53.273046346869066], [-119.33195492329693, 53.272167295551284], [-119.33139080181718, 53.27174219097649], [-119.33049256136896, 53.27098454611139], [-119.32952473714874, 53.270358501569746], [-119.32705677894909, 53.269674766942835], [-119.3257557607213, 53.26896721180537], [-119.32415299145909, 53.26830515349821], [-119.32316276054023, 53.267668630817624], [-119.32184704374133, 53.266915521460774], [-119.32088696008934, 53.266308444434316], [-119.32002856996678, 53.26586626442922], [-119.31873160792254, 53.26502931466697], [-119.31741755677882, 53.264303934950114], [-119.31578765976593, 53.26373765832897], [-119.31564348708869, 53.26364310247785], [-119.31415330501251, 53.2630879935049], [-119.3129978073422, 53.262721058011024], [-119.3123567757344, 53.26256851681564], [-119.31210125916607, 53.262435212880106], [-119.31188486430848, 53.26220543236449], [-119.31147280725638, 53.26174384479668], [-119.31055259455587, 53.26101126493739], [-119.31037780665574, 53.260778412547914], [-119.31013012989531, 53.260479523300795], [-119.30972496639221, 53.25984608323686], [-119.3091259467963, 53.25905167827621], [-119.30883612757816, 53.2584041430604], [-119.30849257374929, 53.258049484736325], [-119.30801237234205, 53.257739168156284], [-119.30734994643514, 53.25748794150749], [-119.3062947512775, 53.257258231995024], [-119.30494934456169, 53.25708974922503], [-119.30303815155433, 53.256898685177234], [-119.30214289486456, 53.256865014317555], [-119.30147707977856, 53.25686590496084], [-119.3011894410054, 53.25681711793324], [-119.30088808122022, 53.25669212386459], [-119.30043566207634, 53.25554537605843], [-119.30022474534417, 53.255330459756024], [-119.29993365447785, 53.254981723095305], [-119.29937694377928, 53.25435907944388], [-119.29902463556901, 53.25405707824534], [-119.29872160053975, 53.2536937891923], [-119.29874123532669, 53.253290143769036], [-119.29896867789951, 53.252559968226194], [-119.29900805801121, 53.252020588110405], [-119.29887841459097, 53.25159338802041], [-119.29852333058182, 53.251323214064456], [-119.29809323358518, 53.251075427515566], [-119.29740109743508, 53.25073738772745], [-119.29697356040215, 53.250360884372455], [-119.29665490450742, 53.250000368655044], [-119.2963577477997, 53.2496385953717], [-119.29620187834203, 53.249273634062114], [-119.29608070975445, 53.24888935533228], [-119.29609456833732, 53.248158459517754], [-119.29572065146617, 53.247345660194526], [-119.29500163044803, 53.246559195884046], [-119.29409241681437, 53.24486737560322], [-119.29246172710666, 53.2427628782747], [-119.29077196444243, 53.24036037515369], [-119.28871235490607, 53.23793911712227], [-119.28693255319303, 53.23623622780228], [-119.28581116163302, 53.234956059301986], [-119.28454642437983, 53.23314234975635], [-119.28405022371481, 53.23194887884556], [-119.28378684889668, 53.230980369186135], [-119.2832526037657, 53.23002326677578], [-119.28303213204903, 53.229664725587014], [-119.2824580094079, 53.22922903447766], [-119.28023528755035, 53.22825830649788], [-119.27807826461463, 53.227389550405796], [-119.27521593549797, 53.22555382865972], [-119.27439903988133, 53.22457789981043], [-119.27388426450506, 53.22398312593391], [-119.27301512791786, 53.223540229129064], [-119.27161665571958, 53.2229865003986], [-119.27111617312903, 53.222732306617324], [-119.2706166628466, 53.222352597338606], [-119.27005024277844, 53.22154113817192], [-119.26951257092027, 53.22051148017886], [-119.26930055102936, 53.21954817107472], [-119.26897044118276, 53.21863548055951], [-119.26827450549604, 53.217657197717664], [-119.26775734948232, 53.21701408064982], [-119.26676969077376, 53.215847881863375], [-119.26656756975729, 53.21494966740167], [-119.26584883223578, 53.21353746105328], [-119.26582954967611, 53.21320750625185], [-119.26590763960284, 53.21275341049297], [-119.26634943926068, 53.21234373813078], [-119.26646118004473, 53.21217244812519], [-119.26657690444047, 53.21172739670879], [-119.26628571106353, 53.21113659061274], [-119.2656467689204, 53.21047206174181], [-119.26506080029819, 53.21004819046848], [-119.26439695952234, 53.20967412653526], [-119.2641980327019, 53.20948021720869], [-119.26409381088133, 53.2092690495234], [-119.26397034847601, 53.208836377928314], [-119.2637039605068, 53.207983500161085], [-119.26330575895607, 53.20730230098156], [-119.26217687632209, 53.20602083564716], [-119.26085834565372, 53.20387455940413], [-119.25990285384754, 53.202554545279405], [-119.2594430526664, 53.20102055811517], [-119.25938104749213, 53.2006423910563], [-119.2588521049279, 53.199503998266685], [-119.25759994111273, 53.19841623605936], [-119.25703921402864, 53.19755455183384], [-119.25584070093693, 53.19525575179405], [-119.25391469560613, 53.19223386228363], [-119.25283044835827, 53.19000535871818], [-119.25277611298286, 53.18751259168787], [-119.25315091712653, 53.18563672629696], [-119.2535841368694, 53.1849680879066], [-119.25467384702165, 53.18390708790125], [-119.2555539178348, 53.18321724842094], [-119.25690246661674, 53.18199832531682], [-119.25782395042243, 53.18161368658793], [-119.2586773296767, 53.181093970050455], [-119.25946064523309, 53.18070664854038], [-119.26016500844842, 53.1801277062668], [-119.26069380657358, 53.17970382886428], [-119.26107051563844, 53.17906346050891], [-119.26125681971187, 53.17840334472528], [-119.26143402632573, 53.178062015454955], [-119.26147576935938, 53.17781734362359], [-119.26143822763034, 53.17759637632864], [-119.2613234972842, 53.17723637632412], [-119.26132127772088, 53.17665172555524], [-119.26124369150875, 53.17659920938331], [-119.26112170839221, 53.17655652607347], [-119.26052458077338, 53.176585879399376], [-119.25950408886453, 53.17653326073933], [-119.25846487073268, 53.17640899616823], [-119.25710269681859, 53.17611990548679], [-119.25663023802922, 53.175957899496844], [-119.25640218658327, 53.17589022874356], [-119.25605641732977, 53.1758607899893], [-119.25460706355655, 53.17590623643915], [-119.25359696485701, 53.176051326963474], [-119.25279193317188, 53.17611155836699], [-119.2515636705224, 53.17637773855486], [-119.25066435266805, 53.17659317190227], [-119.24997285495391, 53.17663959686966], [-119.24870101585198, 53.17664563680566], [-119.24812071404801, 53.17671054674564], [-119.2476507129979, 53.176881281952646], [-119.24728301706278, 53.17700512115554], [-119.24679281609738, 53.17725070154285], [-119.24613788903734, 53.17743135906848], [-119.2454828759537, 53.17778539756271], [-119.2447722688913, 53.17822142967929], [-119.2432808875071, 53.17889694630282], [-119.24256303602833, 53.17936241809515], [-119.2424184176466, 53.179578599206216], [-119.24221872767723, 53.17964763016029], [-119.24163936399653, 53.17973046996314], [-119.24109552681013, 53.179920527867345], [-119.2393663278414, 53.18075081147756], [-119.23758159781809, 53.18165832824095], [-119.23669171214809, 53.1821605924303], [-119.23657513283312, 53.18232570874059], [-119.23652943506131, 53.1825090837699], [-119.23660101645017, 53.18282297390565], [-119.23681150873277, 53.18330079997967], [-119.23693941755896, 53.1840698642655], [-119.23689984409852, 53.18439210974018], [-119.23682115301195, 53.184774342200036], [-119.23687553284272, 53.185218037462874], [-119.23682253360798, 53.18642421270172], [-119.23681954802161, 53.18691748436847], [-119.2369052582292, 53.18730839980408], [-119.2373547527553, 53.18765092811687], [-119.23772546302288, 53.18841823809546], [-119.23804469128503, 53.18951539358404], [-119.23826555391972, 53.19000437307917], [-119.23844447801987, 53.19051128384525], [-119.23837444476683, 53.19083970365416], [-119.23773187831908, 53.19178710869493], [-119.23732302019002, 53.19221560052171], [-119.23718171126762, 53.19260668925359], [-119.23708747746743, 53.1928674195444], [-119.23700466623208, 53.19299028333272], [-119.23670931789763, 53.19303794256624], [-119.23596820658092, 53.19293603835518], [-119.23536782028768, 53.19296443948889], [-119.23440196709494, 53.19304730382847], [-119.23399704509278, 53.19309938102879], [-119.23360100672792, 53.19319180117283], [-119.23274782531855, 53.193670289960764], [-119.23248200027615, 53.19394901289717], [-119.2323534656698, 53.19417252369409], [-119.23104151709686, 53.19476114334526], [-119.23003689820302, 53.195136019839104], [-119.22943425900014, 53.195311652852304], [-119.2288068907566, 53.19537604054196], [-119.2280881686823, 53.1953684207892], [-119.227511065048, 53.19528039469028], [-119.22633613499562, 53.19510015672044], [-119.22500761968666, 53.19481965313289], [-119.22350796679477, 53.194279110540414], [-119.22224459771004, 53.19390260228104], [-119.2212869454583, 53.19367831173189], [-119.22039170724095, 53.193305466659965], [-119.2195643149994, 53.192889214795244], [-119.21903109329384, 53.19274122162796], [-119.21785641728698, 53.192384067611975], [-119.2166353461929, 53.191806686533575], [-119.21627119742563, 53.191539711250755], [-119.21556028578553, 53.1913423769535], [-119.21464497814921, 53.191072622412904], [-119.21349722096207, 53.19055700271551], [-119.2126290009262, 53.19002565428229], [-119.21183801485566, 53.189292822744804], [-119.21122096352428, 53.188535706144634], [-119.21085868554441, 53.18796335157422], [-119.21020161390982, 53.18744912635908], [-119.20951890464379, 53.18710244185143], [-119.20874521197372, 53.18672837646613], [-119.2080141735959, 53.18646843473111], [-119.20729872921741, 53.185839455606555], [-119.20667206487994, 53.18548126741058], [-119.20535843873674, 53.18522277827646], [-119.2045857909038, 53.185200087482976], [-119.20341697396262, 53.185090622328175], [-119.20216879739888, 53.184851513731175], [-119.20098072731057, 53.184670823658166], [-119.19960477776033, 53.18450770698049], [-119.1984990091224, 53.18436651373542], [-119.19726003659555, 53.184111893860006], [-119.19418056907784, 53.18360057956336], [-119.19256530672672, 53.18313866865459], [-119.1918554278665, 53.1830190958124], [-119.19124712593906, 53.182997133622656], [-119.19029669816139, 53.18303119848643], [-119.18975156986036, 53.18316556575418], [-119.18929878770565, 53.18338452753777], [-119.18866512538057, 53.183789476374386], [-119.18839157712814, 53.18382886994635], [-119.18764607785982, 53.18376449659899], [-119.18636574212688, 53.18388265657044], [-119.18522058870819, 53.18388709550475], [-119.18454207912282, 53.18384151579472], [-119.18340312443435, 53.183696606022245], [-119.18262351646173, 53.18329589025183], [-119.18160328527478, 53.18319870993205], [-119.18080603295125, 53.18319012866002], [-119.1800901345034, 53.183265045612806], [-119.17916378595311, 53.183498309449476], [-119.17812700538235, 53.18385158769559], [-119.17724182620424, 53.184120600996465], [-119.17692081338161, 53.18412647216807], [-119.17658228249036, 53.184039935228924], [-119.17569474004695, 53.18402525843053], [-119.17427569567586, 53.18391984558132], [-119.17328227580522, 53.18388116819931], [-119.17219863212341, 53.18380050983648], [-119.17130992058544, 53.18376262629468], [-119.17107918647872, 53.18377456858453], [-119.17082472037497, 53.1838255634785], [-119.16996369565891, 53.18433567970013], [-119.16896960405755, 53.18526538895582], [-119.16812136687568, 53.185775260516905], [-119.16749412113957, 53.18608024001009], [-119.16690875390418, 53.18628491849609], [-119.16646801239149, 53.186377027274716], [-119.16589624309727, 53.1863907308294], [-119.16499870185301, 53.18629560201445], [-119.16411800537065, 53.18633433761506], [-119.16335398477354, 53.18643693737083], [-119.16161510230665, 53.186555912435914], [-119.16054214002112, 53.186676279814556], [-119.15881751263447, 53.18688524213399], [-119.15736486142197, 53.187135602360044], [-119.15619624245194, 53.187411713158994], [-119.15544982886951, 53.18764924777097], [-119.15449412022004, 53.18808333185541], [-119.15329207380503, 53.18876055842722], [-119.15194278244076, 53.189559514086724], [-119.15102440340732, 53.189937720441456], [-119.15024280806142, 53.19030142917089], [-119.14791162221032, 53.191115895072215], [-119.14543536773729, 53.18242907477056], [-119.14171175780966, 53.17685790187653], [-119.13910867362874, 53.172763050247816], [-119.12851515968934, 53.166081495362], [-119.1266818281255, 53.16434525174935], [-119.12219849818912, 53.1600949232408], [-119.10541435248271, 53.161945105747165], [-119.10327690010794, 53.16274452411555], [-119.10168483608743, 53.16360419024228], [-119.10010015173017, 53.16397231847504], [-119.09900858546173, 53.16414274477508], [-119.0969084818204, 53.164897919157106], [-119.09613179179198, 53.16508168152523], [-119.09462464208352, 53.16510819756173], [-119.09293279097136, 53.16479493892715], [-119.09093460191481, 53.16419032680969], [-119.08948367382825, 53.16347225577937], [-119.08802507977322, 53.1631641590296], [-119.08672127118443, 53.162846835824524], [-119.08594942009759, 53.16248239160822], [-119.08484036730725, 53.16181412698075], [-119.08375916175889, 53.161549772785385], [-119.08315167069706, 53.16133376543446], [-119.08166997846998, 53.16058537183059], [-119.08017700401616, 53.160252617852066], [-119.07918094093297, 53.15979788220814], [-119.07848658492293, 53.1597344576287], [-119.07801382429614, 53.15970494126039], [-119.07734450904154, 53.159508883204786], [-119.076121585535, 53.15903621205449], [-119.07599899760571, 53.15898881815159], [-119.07377600393596, 53.15780705718371], [-119.07207293954298, 53.15705114810429], [-119.07031540194887, 53.1564396127168], [-119.06899833677693, 53.15583927020457], [-119.06829225200505, 53.15553048405514], [-119.06727136357395, 53.15520827065861], [-119.0670593810423, 53.15509663875956], [-119.06691335586316, 53.154950083628314], [-119.06673917530317, 53.154594283265475], [-119.0667047997854, 53.15425688316642], [-119.06657145074884, 53.153702748280594], [-119.06648508442697, 53.15353879976886], [-119.0662729352188, 53.153305071573094], [-119.06572673448085, 53.152866213361456], [-119.06417393536152, 53.15235957366912], [-119.0606793334921, 53.151022658733375], [-119.0600123339728, 53.150502774231846], [-119.0592113798307, 53.150084981361694], [-119.05742113265066, 53.14944710376419], [-119.0558900433375, 53.149072304944795], [-119.05471786748716, 53.14836488567343], [-119.05273024712376, 53.14771432362006], [-119.05170440865412, 53.14708994963358], [-119.05084116991682, 53.14631841371824], [-119.05035656822915, 53.14567925936888], [-119.04976900642426, 53.14512230575251], [-119.04935564489342, 53.14465890556448], [-119.04909354808218, 53.143636820268505], [-119.04867208360247, 53.14300246042569], [-119.04867087695064, 53.14073544067293], [-119.0485459028427, 53.13960407177699], [-119.04763707545682, 53.13844341389416], [-119.04754363637403, 53.13797450469224], [-119.04752228029403, 53.137525730988834], [-119.04873947967245, 53.1354516200251], [-119.04896360286762, 53.13475008585543], [-119.04890703688307, 53.134204433348415], [-119.04892338296976, 53.13359094950516], [-119.0490913907052, 53.13201923995106], [-119.04929613068639, 53.13074343357185], [-119.04949318316764, 53.12954425864802], [-119.04965678114124, 53.12783005210667], [-119.04948111055705, 53.12670997446079], [-119.04930854407124, 53.12629274944173], [-119.04901253033893, 53.12587787165568], [-119.04893549176913, 53.12578194974582], [-119.04879065770814, 53.12566708454881], [-119.04841965112604, 53.12551685942551], [-119.04402676129122, 53.125097071943706], [-119.04098623627387, 53.124836460314434], [-119.03987814577425, 53.12468985980904], [-119.03856134722113, 53.12465722222303], [-119.0369755773774, 53.12475796969663], [-119.03489297838478, 53.12470161538111], [-119.03275445618341, 53.1247565452765], [-119.03088233785371, 53.12462291311731], [-119.0305129833171, 53.12457401645793], [-119.03014277750101, 53.12450673180769], [-119.02977167316746, 53.1244210607668], [-119.02844277505362, 53.124130932031115], [-119.02737197715818, 53.12384359761983], [-119.02768635911198, 53.13116224275769], [-119.02746875949835, 53.13167482406605], [-119.02720247728281, 53.131981998172435], [-119.02623369570253, 53.13277668865349], [-118.99961877832546, 53.145360207406036], [-119.00416183749378, 53.14804698879438], [-119.00772262028205, 53.149667827085565], [-119.01079860194598, 53.150744135986834], [-119.01868403805352, 53.15573109611724], [-119.02321122474324, 53.158326973634864], [-119.02700082049854, 53.16070483745898], [-119.03009524302577, 53.16295619919635], [-119.02372371949635, 53.16839772790541], [-119.018498933013, 53.17300238666506], [-119.01532316027442, 53.17810529073212], [-119.01346020122972, 53.18155575047945], [-119.01258788516697, 53.18309282675591], [-119.01225937986443, 53.18335822105658], [-119.00953455384338, 53.18518040884622], [-119.00771291162715, 53.18875405992269], [-119.00518009226235, 53.19125186774438], [-119.0033335558344, 53.19223771880303], [-119.00135758117482, 53.19261693971353], [-119.00026458078882, 53.192718048563115], [-118.99882596105651, 53.1930183393274], [-118.99794277407345, 53.19321444298182], [-118.99639675501534, 53.193345713855656], [-118.99576487067056, 53.1934536425044], [-118.99518181379375, 53.19357039188271], [-118.9950077424741, 53.19361106892169], [-118.99493625069091, 53.19369534008437], [-118.99522661391731, 53.19426451430126], [-118.99530285253735, 53.195094049394534], [-118.99546304539209, 53.19557800515152], [-118.99614120075277, 53.19691862416122], [-118.99650329221534, 53.197893204557374], [-118.9967391367333, 53.1987793329067], [-118.9967387459816, 53.19962580389516], [-118.99682586752623, 53.20054908144995], [-118.99675633934187, 53.20148204902313], [-118.99625253799066, 53.2025418945524], [-118.996109236035, 53.20297482394241], [-118.99590481759375, 53.203174610275234], [-118.99567347544082, 53.20331546849512], [-118.99546209290727, 53.20338595939472], [-118.99500604834937, 53.203739224083385], [-118.99427950798288, 53.20437023071426], [-118.99361756661062, 53.2049980815196], [-118.99339742255496, 53.20513015956973], [-118.99332870611032, 53.205274825007024], [-118.99343858541316, 53.205498224234056], [-118.99379912815519, 53.20586351446587], [-118.99430848831719, 53.20647382420804], [-118.99475685790084, 53.20725018477174], [-118.99514998715723, 53.20772434014209], [-118.99618767095104, 53.20870712055231], [-118.99749823159581, 53.20958334040213], [-118.99903220637432, 53.21052029447645], [-118.99957176724531, 53.21072489422284], [-119.00071041984076, 53.21099933285805], [-119.00193216285598, 53.211340732962206], [-119.00289571126103, 53.211686468077815], [-119.00340005237385, 53.21190173864159], [-119.00388980988173, 53.21210464921417], [-119.00453808010396, 53.21248102276523], [-119.00504983410981, 53.21293546265377], [-119.00522275002379, 53.21333666923123], [-119.00579723037902, 53.21393317196096], [-119.00658796606103, 53.21435764873302], [-119.00679071222905, 53.21449735122746], [-119.0071906746371, 53.21464261073845], [-119.00803850219468, 53.21480466860748], [-119.00974634678305, 53.214759042610325], [-119.01099207547436, 53.214664003661795], [-119.0123424754399, 53.21476749346574], [-119.01408345541937, 53.21483066751173], [-119.0148480255408, 53.21499453743355], [-119.01530447494994, 53.21516362271766], [-119.01633498529358, 53.21561766113628], [-119.01697312233686, 53.2157752403142], [-119.01777126491261, 53.21605640284808], [-119.01926197482416, 53.21639000782109], [-119.02018742602121, 53.216764750366075], [-119.0212012599382, 53.21716008000113], [-119.02168549676142, 53.217598621723106], [-119.02219153704262, 53.21806355651171], [-119.0227534978127, 53.218685447010145], [-119.02332562862269, 53.219355511911246], [-119.02365151765378, 53.21990280749064], [-119.02406837129597, 53.22043353659776], [-119.02445395152785, 53.220881311139465], [-119.0248160281593, 53.221127557095016], [-119.02532730534561, 53.221564781675006], [-119.02575610674948, 53.22225046691455], [-119.02588830601755, 53.222758357197314], [-119.02590457750954, 53.22310302770945], [-119.02584110581677, 53.22328773037899], [-119.02452599725524, 53.22443533809203], [-119.02346286900328, 53.22557864735717], [-119.02199610683442, 53.22733473160267], [-119.02066448262768, 53.22813633846876], [-119.01946177852601, 53.228779640777276], [-119.01820921797878, 53.229628137835505], [-119.01670559058158, 53.23063598969457], [-119.01528799745238, 53.23164235844594], [-119.0136071786407, 53.23254977054852], [-119.01211610764268, 53.23319189395841], [-119.01090028301654, 53.23362957819093], [-119.00988150829973, 53.233956991371294], [-119.00818244260837, 53.23462062466598], [-119.00675399774126, 53.23490418496818], [-119.0056836828625, 53.23513844958641], [-119.00414212766091, 53.2353157588491], [-119.00306050652652, 53.235501540979975], [-119.00218277246275, 53.23580822521984], [-119.00028779579894, 53.23613740543693], [-118.99966206774744, 53.2362493209511], [-118.99833430665944, 53.23611525123221], [-118.99684906036073, 53.236195980422124], [-118.99492365997561, 53.236418084128736], [-118.99361408684881, 53.2366202260569], [-118.99240512351035, 53.23679427111998], [-118.99151203934072, 53.23687330270522], [-118.9907451577757, 53.236911742244864], [-118.98991427778819, 53.23695126405839], [-118.98965884742572, 53.236968355999316], [-118.98922148538638, 53.23720638802823], [-118.98771030504336, 53.2382314718256], [-118.9862043900084, 53.23891033682714], [-118.98518438761465, 53.239478536660414], [-118.984666974261, 53.23983325226448], [-118.98434158858394, 53.2401847822836], [-118.9842983183739, 53.241557103997984], [-118.98382354910153, 53.24191111676617], [-118.98342701516614, 53.242109995027164], [-118.98319288529643, 53.242126717836335], [-118.98306130618084, 53.24205198175427], [-118.98285922724759, 53.241375957126344], [-118.98292680865113, 53.240990273036665], [-118.98268974971577, 53.24048147252858], [-118.98236675012578, 53.2399612732116], [-118.98193805940898, 53.23946631796399], [-118.98121343377596, 53.239031866581584], [-118.98076740673369, 53.23887446669847], [-118.9803993678636, 53.2387652086521], [-118.97947895578629, 53.23871640826323], [-118.97841390265896, 53.238772556687245], [-118.97752707825866, 53.238742853238925], [-118.97672420634245, 53.23871085289896], [-118.9762731922495, 53.23865424768098], [-118.97523783116112, 53.23842785298813], [-118.97413613323812, 53.23815128598024], [-118.97313699234859, 53.237783273415936], [-118.9714220252093, 53.237170738605066], [-118.97018234683145, 53.23667847431157], [-118.96851754679793, 53.236300584162755], [-118.96702545496582, 53.23588967343874], [-118.96399902947302, 53.235542500472015], [-118.96176145894411, 53.23516943028608], [-118.95944327794349, 53.23490013930184], [-118.95859954340256, 53.23465781066179], [-118.95812785328039, 53.23461432091408], [-118.95757107758418, 53.23504619826169], [-118.956765891172, 53.23564867465056], [-118.9561617701837, 53.23597883655943], [-118.95555063475283, 53.236155410783724], [-118.95451073015839, 53.23647456008736], [-118.9534767175107, 53.23668926999059], [-118.95222011044909, 53.23684170140892], [-118.95036711578487, 53.23716867586023], [-118.94967867737161, 53.23713050859149], [-118.9488774312947, 53.237028256675885], [-118.94815405876068, 53.236825850109334], [-118.94773038108829, 53.236569102961674], [-118.9469295605495, 53.2358268575517], [-118.94607637907953, 53.23522830173267], [-118.94531216685714, 53.23472990192734], [-118.944553913114, 53.23436323749553], [-118.94301189563305, 53.23369712157281], [-118.94143348721495, 53.23296974755441], [-118.93981045346645, 53.2321169091075], [-118.93718964841209, 53.23064341349894], [-118.93560236425938, 53.22967794229025], [-118.93516091008541, 53.22950630994006], [-118.93477713631889, 53.22937505927289], [-118.93414705399971, 53.22904452981358], [-118.93342657491144, 53.228518651791006], [-118.93313937394784, 53.22840385911478], [-118.93279213612183, 53.2284293938808], [-118.93145025134413, 53.22847105890334], [-118.93058686576221, 53.22845518837334], [-118.93006579224645, 53.228304349864175], [-118.9295599747008, 53.228123401517436], [-118.92906535532948, 53.22782280021783], [-118.92796595931488, 53.22698445883216], [-118.92738624260559, 53.22663545883035], [-118.92593355909976, 53.225846620601125], [-118.92528322297203, 53.22539896987026], [-118.92468937311311, 53.22473129090478], [-118.92373195874418, 53.22335236995299], [-118.9230253398049, 53.22238770543729], [-118.92266306100164, 53.22170651064461], [-118.92235424029955, 53.22073607960708], [-118.92246426748765, 53.219488458855494], [-118.92284566119797, 53.21837921507392], [-118.92338620651765, 53.21745825882717], [-118.92397277628456, 53.21662487794881], [-118.92443466481247, 53.21579351088005], [-118.924530646557, 53.21527645957321], [-118.92434488437232, 53.21483156851402], [-118.92413158715459, 53.21459996848493], [-118.92375256803676, 53.21419418854884], [-118.92335327868858, 53.213938434084895], [-118.92262857489767, 53.213529349421854], [-118.92061287821309, 53.21247826020462], [-118.92018055337593, 53.212227395844174], [-118.91867569582237, 53.2115432394772], [-118.91760716593113, 53.211149144557], [-118.91659725530613, 53.21076100267122], [-118.91522196391823, 53.21033114982402], [-118.91435692743774, 53.210075343933234], [-118.91228969349453, 53.209457860545044], [-118.90974440311227, 53.20898045358693], [-118.9078146334041, 53.208696016656184], [-118.90603213065017, 53.208483280247], [-118.90531249905355, 53.20846600257023], [-118.9047030020693, 53.20851288049612], [-118.9038976708679, 53.20871128153135], [-118.90339152469082, 53.208824861051994], [-118.9027559616762, 53.208902151623995], [-118.90200565776458, 53.208914133505665], [-118.901331799367, 53.208848165249904], [-118.90002518672614, 53.20856212590331], [-118.89852152229386, 53.20815452714351], [-118.896981276961, 53.20764199088601], [-118.89638767541584, 53.20758430696267], [-118.8957672507582, 53.207642145856965], [-118.89528961248749, 53.207678506849504], [-118.89466535891003, 53.20765007517461], [-118.89363821054444, 53.207541727081704], [-118.8925302181353, 53.20735131477098], [-118.8903368675339, 53.20684663691315], [-118.88985138577085, 53.20672919842163], [-118.88913758625343, 53.206667696141515], [-118.8870069400851, 53.20632959917771], [-118.8842863182533, 53.20601262584433], [-118.88216969361768, 53.205793083116774], [-118.88070804746795, 53.2058046191136], [-118.87981476293373, 53.20569823861446], [-118.87899086669137, 53.20553914895617], [-118.87751456164298, 53.20520960724308], [-118.87648154329646, 53.20490605853576], [-118.87538806558395, 53.20455466509745], [-118.87486910252917, 53.2043290847184], [-118.87461937479247, 53.20422259361354], [-118.87436799938254, 53.20404584468091], [-118.87422710425928, 53.20377271050476], [-118.87425807019751, 53.20349685811614], [-118.8743372722304, 53.20331856836864], [-118.87470897291898, 53.20278734795001], [-118.87469493510184, 53.20246555479442], [-118.87492421171247, 53.201902683921645], [-118.8754590909049, 53.20123330995931], [-118.87572837975519, 53.20094095477198], [-118.87583002469931, 53.200685148193536], [-118.87579008351538, 53.19977060618713], [-118.87568853406053, 53.199382407215396], [-118.87551127045116, 53.19919877453321], [-118.87481044317144, 53.19865053480665], [-118.8731729192064, 53.19796449686419], [-118.87156953212724, 53.19741348486158], [-118.87015371401914, 53.19728319409731], [-118.86933564088235, 53.19727908436635], [-118.86873642346004, 53.19711902081141], [-118.8681891504991, 53.19685643883242], [-118.86795411389011, 53.19663979365486], [-118.86780656962917, 53.19648958884252], [-118.86761757780516, 53.196034955985624], [-118.8675447313721, 53.19545775609609], [-118.8672429575183, 53.19492794919445], [-118.86699404641374, 53.194467155434026], [-118.86680068631294, 53.193911296864826], [-118.86640491733402, 53.19324005909886], [-118.86613806023423, 53.192939374544714], [-118.8656362018877, 53.192422226106636], [-118.86487705743268, 53.19182442070972], [-118.86443820202044, 53.19145869776678], [-118.86334488444453, 53.190307220760374], [-118.8627512373616, 53.189622116603985], [-118.86247928386742, 53.189202955284586], [-118.86219487512432, 53.188496085148586], [-118.86201406297127, 53.18822795018979], [-118.86175020656164, 53.18799496830515], [-118.86137876594829, 53.18788222091855], [-118.85983341822761, 53.187730517921494], [-118.85858389616503, 53.18752036926415], [-118.85758424300244, 53.187248265911904], [-118.85546418485673, 53.186752601996986], [-118.85462490748148, 53.186442149635], [-118.85385368103788, 53.186044350527816], [-118.85236435014558, 53.18563115045015], [-118.85158064117705, 53.185259046808966], [-118.85117401597668, 53.1851046609231], [-118.85080354951312, 53.185040571031806], [-118.85025835154731, 53.18502429853046], [-118.84851103274691, 53.18489048679593], [-118.84630865419454, 53.18464920888192], [-118.84467153035386, 53.18426468759369], [-118.8436038512903, 53.18422997701961], [-118.84142916220515, 53.184237997885965], [-118.8370492317679, 53.18453621122296], [-118.83602634137435, 53.18455197909968], [-118.83418385016444, 53.184349798248014], [-118.83366150203369, 53.18410166959761], [-118.83339705074769, 53.18390080494997], [-118.83289201658272, 53.18303962439066], [-118.83235645582367, 53.180968753128816], [-118.83195625481869, 53.180101488731054], [-118.83127259715019, 53.17769553276722], [-118.83105174385217, 53.17705841020267], [-118.83066585259432, 53.17652573409599], [-118.83043497498146, 53.17567404364533], [-118.82975491696969, 53.17385488857916], [-118.8290310959816, 53.17277404892143], [-118.82882296057434, 53.17243630136804], [-118.82869796196255, 53.17234366906529], [-118.82851342498296, 53.17227377168696], [-118.82762206531535, 53.17216139252813], [-118.82653783030386, 53.17203111372644], [-118.82586344451197, 53.17212837301568], [-118.8249561814974, 53.17239424439095], [-118.8238831599168, 53.17251866961232], [-118.82302507086506, 53.17253179954105], [-118.82200277205725, 53.172439470526925], [-118.8194553921364, 53.1716985340489], [-118.81844191267174, 53.17134206396698], [-118.81809203095689, 53.17109544412478], [-118.81769404390168, 53.17073177378674], [-118.81699322423992, 53.1699705348733], [-118.81636447888387, 53.169015205946316], [-118.8157597842151, 53.16799517969073], [-118.81530093163411, 53.167262405761285], [-118.81474971690935, 53.166241553896896], [-118.81434640213668, 53.16555616086379], [-118.81383186653352, 53.16458606405313], [-118.81365822082351, 53.16445700685375], [-118.81341500058835, 53.16439637399871], [-118.81229958745786, 53.16422946459736], [-118.81123067687805, 53.163963245970734], [-118.80978078004183, 53.16382446389577], [-118.80711278667872, 53.16333427213778], [-118.80592438707949, 53.162958581192576], [-118.80493064223386, 53.16265793583652], [-118.8044943086266, 53.16245549164107], [-118.80406403843621, 53.162397671619956], [-118.80075636428735, 53.162592472120245], [-118.79934814683573, 53.1626927559608], [-118.79857510672079, 53.16286667326628], [-118.7973992422718, 53.16288442733233], [-118.79560002215996, 53.16270251831793], [-118.79433193056892, 53.16243215738469], [-118.79376403509214, 53.16227988519558], [-118.79343463998188, 53.162075782665056], [-118.79294684082997, 53.161279027417166], [-118.7926602226133, 53.16019558263954], [-118.79261592379513, 53.15913245302161], [-118.79245792926008, 53.1583749831026], [-118.79212943307202, 53.157705053700205], [-118.79176884059427, 53.157061163907464], [-118.79137068370784, 53.15648859638811], [-118.79068461283632, 53.15606500781907], [-118.78940139921802, 53.15542537581507], [-118.78885499213509, 53.1551442931976], [-118.78825181185232, 53.15478372565425], [-118.7865558810334, 53.15386098258253], [-118.78600218022387, 53.15340323423171], [-118.7849422358207, 53.15234237645458], [-118.78436117676623, 53.151868945468735], [-118.7834195193861, 53.15107950641703], [-118.78296941578739, 53.15053982900381], [-118.7827457051441, 53.15030211870713], [-118.78265423624858, 53.15003026820885], [-118.78275313885311, 53.14993435706918], [-118.78388196558316, 53.14953256479004], [-118.78535292500443, 53.14893298245008], [-118.78697849961576, 53.14819933737696], [-118.78817645451353, 53.14757438195192], [-118.78869516539986, 53.14716365377547], [-118.78925125412064, 53.146577776453725], [-118.78956915837365, 53.14617007328141], [-118.7896438997215, 53.14581974397924], [-118.78961264690264, 53.1456053179686], [-118.78941463337618, 53.14513820741198], [-118.78897458823504, 53.1447553246679], [-118.7881597379334, 53.1442380853296], [-118.78677042843398, 53.143324543762354], [-118.78575593654831, 53.142486608725534], [-118.78461742695, 53.14112831797843], [-118.78475103264371, 53.14083465451111], [-118.78478619289082, 53.140605957038915], [-118.78465385051143, 53.1403499375191], [-118.78407451549153, 53.13912464749694], [-118.78390732042128, 53.13813933695366], [-118.78350016014156, 53.13746157566444], [-118.78320671463442, 53.13647815758648], [-118.78270176676001, 53.13521307278782], [-118.78243416604943, 53.13457849312482], [-118.78188855164039, 53.13422384792257], [-118.78095111290729, 53.133729917599844], [-118.78009500821699, 53.13345244779547], [-118.7787210939746, 53.13290697723815], [-118.77724715098245, 53.13227590590229], [-118.7746555359107, 53.13145829258166], [-118.77345593515771, 53.13104078369128], [-118.77185618888554, 53.13028088771621], [-118.77076740569595, 53.12986701050952], [-118.7691484001937, 53.12908307426746], [-118.76676790855954, 53.12826195879963], [-118.76506573416049, 53.12774804836146], [-118.76333231396208, 53.12723727519215], [-118.7614862242853, 53.126772695232866], [-118.75987950665844, 53.1262822694668], [-118.7574099950322, 53.125584211172175], [-118.7552108871674, 53.12508101860477], [-118.75378485368773, 53.12506118529308], [-118.75242168381459, 53.12491787645411], [-118.75131330507338, 53.12492057975238], [-118.75088372291768, 53.12492689593081], [-118.75056443410847, 53.12486352249917], [-118.74989330345922, 53.12449214789268], [-118.74921720125252, 53.12399832184606], [-118.7488124209972, 53.12350049633049], [-118.74823945113636, 53.12276005785725], [-118.74793892147066, 53.12260109549791], [-118.74761632910052, 53.12245605701855], [-118.74683609028607, 53.12218158574234], [-118.74394810736597, 53.12166874155858], [-118.74230583664809, 53.12147190924218], [-118.7406213512647, 53.12121063258931], [-118.73971048127814, 53.121060568976155], [-118.73888674506581, 53.120827530407205], [-118.73773718930073, 53.1203677815122], [-118.73691612499573, 53.119788277731594], [-118.73583938955836, 53.11900362057513], [-118.7352760353333, 53.118494722586476], [-118.73416483374918, 53.117299813596375], [-118.73315617026483, 53.116402769324246], [-118.73204052350567, 53.11565696240107], [-118.73121714245949, 53.11486607243783], [-118.72997763269866, 53.11384989107452], [-118.72950537229896, 53.11335325327486], [-118.72903749505974, 53.112965420891044], [-118.7289571221746, 53.112653600975094], [-118.72899741191864, 53.11253055039545], [-118.7291943024486, 53.1123643886122], [-118.72987079355045, 53.112057769414456], [-118.73114670241664, 53.111338659070825], [-118.732351535253, 53.11085005910731], [-118.73338354817767, 53.11055723255474], [-118.73391598702243, 53.11031998836185], [-118.73455983029497, 53.10975934332874], [-118.73632965569762, 53.10826443889057], [-118.73867256575191, 53.106459367992606], [-118.73968985696989, 53.10574878736558], [-118.7409978436153, 53.10496770890528], [-118.74131410054778, 53.10462074713976], [-118.74158122552232, 53.103965309419955], [-118.74162655317429, 53.10348594167096], [-118.74170397336337, 53.10238297961184], [-118.74172640982324, 53.10165521254799], [-118.74189106163247, 53.10118898720706], [-118.74206507583408, 53.10095454032614], [-118.74262587410881, 53.10011183861551], [-118.74275744236168, 53.099702386705026], [-118.74261667554224, 53.09936059900842], [-118.74260124214376, 53.09897876598096], [-118.74272091155886, 53.09879872083467], [-118.7430762750349, 53.0986916370721], [-118.74390199056482, 53.098705011291784], [-118.74513668016833, 53.098890670063284], [-118.7468211914594, 53.09922285611544], [-118.7481740227986, 53.099496817253986], [-118.74859018681785, 53.09952767578868], [-118.74937105622507, 53.099477998903005], [-118.74999767497394, 53.099277759798504], [-118.7504700835924, 53.09892695957019], [-118.75133851569139, 53.0979081076309], [-118.75197998537641, 53.097032675460824], [-118.75238351967485, 53.096103875778624], [-118.75252160259618, 53.095086597585855], [-118.75245462931157, 53.09377780962832], [-118.75191639066864, 53.09253699705697], [-118.75108147421443, 53.09143561013329], [-118.75055576416045, 53.09086012097604], [-118.7500038271044, 53.09052262985037], [-118.74977729274204, 53.090245140058826], [-118.74935216922029, 53.08949535971808], [-118.74914007091631, 53.088647997754165], [-118.748554471991, 53.08773890717674], [-118.74872238635595, 53.08736936502691], [-118.74909911667696, 53.086886637074166], [-118.74974036283021, 53.08616140442004], [-118.75123514211107, 53.08535394624972], [-118.75253997964825, 53.084678067272705], [-118.75374825254559, 53.08426701572046], [-118.75513320791266, 53.08384281611213], [-118.75609536768245, 53.0835166095866], [-118.7570802385276, 53.0831518482741], [-118.75826113557574, 53.08280551903942], [-118.75921427712069, 53.082259163741746], [-118.75968658217249, 53.081727028103984], [-118.76047429639046, 53.08025610566243], [-118.761027329512, 53.079166093426004], [-118.76128793627025, 53.07846519545829], [-118.76162731689251, 53.07792287318021], [-118.76205771472691, 53.07724849238098], [-118.76254100577182, 53.07668952485801], [-118.7631976381292, 53.07624413737769], [-118.76393422528082, 53.07598635721873], [-118.7647207671864, 53.07577138217], [-118.76649003749469, 53.07542565307329], [-118.76761552952635, 53.07524918111889], [-118.76910620154213, 53.07516656284106], [-118.76965507071993, 53.07503009106221], [-118.77018038799959, 53.07478576293828], [-118.77054351788397, 53.074363393883615], [-118.7706315368697, 53.07397646555024], [-118.77012448889593, 53.07307411751576], [-118.77014468892112, 53.07239128545255], [-118.7702433421513, 53.071271646693205], [-118.77010685217343, 53.07088158152419], [-118.76991506891838, 53.070318090667556], [-118.76935338696893, 53.068961401132704], [-118.76912147448833, 53.068006426041215], [-118.76854439631369, 53.06736784638785], [-118.76703706825732, 53.06637899414844], [-118.76641129421009, 53.0658074131816], [-118.76578109413562, 53.064928136347305], [-118.7651792211472, 53.06337153607659], [-118.7652125373146, 53.06300798246746], [-118.76544367403196, 53.06259830473808], [-118.76572655763702, 53.062221975664734], [-118.76614270451012, 53.06193125246223], [-118.76709264777985, 53.061479362178666], [-118.7683323759292, 53.06094313601839], [-118.76922839600192, 53.060426136166605], [-118.77005131215924, 53.05983018106499], [-118.7704309311555, 53.059436484686536], [-118.77076917464677, 53.058886160947864], [-118.77082932342618, 53.0581404444497], [-118.77078069210103, 53.05740477415123], [-118.7706089952521, 53.05644889089545], [-118.77048101971496, 53.055971581484464], [-118.7709028641464, 53.05480356056884], [-118.77120375383807, 53.054210954621176], [-118.77156317494706, 53.053833380854435], [-118.77216997486524, 53.05310722544574], [-118.77335081168484, 53.05220573435085], [-118.77390909027804, 53.0518740708261], [-118.77468017509233, 53.05155216107784], [-118.77584763139522, 53.051001064230995], [-118.7762351811733, 53.05083332149024], [-118.77672190368533, 53.05036886361004], [-118.77763319271568, 53.04993999258336], [-118.77803039973357, 53.04968167028138], [-118.7783609092704, 53.04922679962344], [-118.77848286430806, 53.04897097885577], [-118.77851439945931, 53.048824153472836], [-118.77846971071908, 53.04865186992278], [-118.77821905147788, 53.04793037311699], [-118.77819719851006, 53.047567959830324], [-118.77818588295098, 53.0472929600825], [-118.7782791349921, 53.04703724417155], [-118.77827387114434, 53.04674128907302], [-118.77817990871459, 53.046372379396395], [-118.77776061917277, 53.045740224590446], [-118.77694379708218, 53.04500455279259], [-118.77660644202614, 53.04467466897204], [-118.77559028819404, 53.043504179207076], [-118.7749889072483, 53.04285648337258], [-118.7739302482453, 53.04209596000693], [-118.77251431977453, 53.041525315800186], [-118.77104906004008, 53.04120056110521], [-118.76988387780071, 53.04081661153767], [-118.76905197522885, 53.040445935534144], [-118.7682433043058, 53.03982513451488], [-118.76778386444664, 53.03902375372783], [-118.7675364764549, 53.038151864098765], [-118.76690581225864, 53.03752280673183], [-118.7664330248824, 53.03705556128434], [-118.76575907736884, 53.03684668298], [-118.76469958591858, 53.03669511621431], [-118.76396525817691, 53.036617935495336], [-118.76299799302356, 53.036632271092785], [-118.76209415428565, 53.03671863213488], [-118.76126940386311, 53.036975554518115], [-118.75995416787373, 53.03764413596255], [-118.75960331364989, 53.03794116267019], [-118.75946341052145, 53.03813925253484], [-118.75929772949829, 53.039350246136465], [-118.75926771573151, 53.040098561886396], [-118.7595231156387, 53.04117099461022], [-118.75975456845042, 53.04178098091009], [-118.76029574860671, 53.043444736543506], [-118.76027317404369, 53.04437535544912], [-118.76004245952268, 53.04465237565961], [-118.75968783912414, 53.04485827232431], [-118.75850067785585, 53.045363337099324], [-118.75587507845262, 53.04631916309436], [-118.75316287812488, 53.0479743055416], [-118.74989996817527, 53.049672357040976], [-118.7475248846622, 53.05087080937569], [-118.74546164049141, 53.0522811449198], [-118.74388916980342, 53.053052074183356], [-118.74281455608975, 53.05341440422825], [-118.74149432191452, 53.05368911884065], [-118.7401637938133, 53.053708584467486], [-118.7389225032004, 53.05369025615156], [-118.73750637294894, 53.0538386493246], [-118.73625024551971, 53.0542035654839], [-118.73566156754684, 53.05461344927036], [-118.73480499234067, 53.05551063106746], [-118.73345544631242, 53.05689127616165], [-118.73284128274354, 53.05747277928146], [-118.7320902383594, 53.05798533987945], [-118.73167084597394, 53.05809176621245], [-118.73124854848199, 53.05812527592591], [-118.7299205685782, 53.05797435921781], [-118.7284547012715, 53.05750012168666], [-118.72615132067261, 53.05709127581945], [-118.72553567642011, 53.05695896046851], [-118.72469235347285, 53.05672918576341], [-118.7240206251179, 53.05638756024764], [-118.72333863582625, 53.055791167428744], [-118.72268740894461, 53.055016250622266], [-118.72180177095504, 53.05405318708906], [-118.72138946176615, 53.05360252772627], [-118.72106426077681, 53.0533889612904], [-118.72003236503026, 53.05292963273296], [-118.71901719033322, 53.052230671605926], [-118.71736617007824, 53.05179849597619], [-118.71636327902277, 53.05136003165371], [-118.71581123982656, 53.05111867113115], [-118.71357131127617, 53.05033012276131], [-118.71283440629976, 53.05005800663084], [-118.71219610987163, 53.04960205839842], [-118.71106820724445, 53.04862416899361], [-118.71048180460976, 53.0483316323199], [-118.70939043222354, 53.04797591129376], [-118.7079801462437, 53.047506678848514], [-118.70663876027018, 53.0470094341224], [-118.70591121820833, 53.046734943363795], [-118.70485893990713, 53.046517581526494], [-118.70437571217111, 53.04634676304767], [-118.70382676555042, 53.046293589178184], [-118.70332722978193, 53.04622505324499], [-118.70309578556814, 53.04610985969839], [-118.70311148806798, 53.04580036222943], [-118.70245971828626, 53.04515238291171], [-118.70184065444334, 53.044218097781666], [-118.70145442806619, 53.042006091404865], [-118.70161291673269, 53.040617297490805], [-118.7020097811612, 53.03958349822653], [-118.70216608523063, 53.03825265982435], [-118.70209120042071, 53.03724692947863], [-118.70211967072156, 53.03679200140969], [-118.70174704579091, 53.035573607159066], [-118.70144484451681, 53.03489769712224], [-118.70133370140624, 53.034430769550326], [-118.70101285188679, 53.034089813635156], [-118.70074946214544, 53.03372587799296], [-118.69963379951693, 53.0332230074779], [-118.69811219673451, 53.032406987729765], [-118.6969315924901, 53.03194545247156], [-118.69490819605187, 53.03130900869004], [-118.69428166064604, 53.03124596911729], [-118.69363308114649, 53.03126220160667], [-118.69297317666754, 53.03128556902155], [-118.6925469776912, 53.031337324537276], [-118.69194022366248, 53.03155187887009], [-118.69116762345007, 53.03195424043923], [-118.69001055749804, 53.0326215317439], [-118.688487499335, 53.03375576413761], [-118.68787957661516, 53.034553661024944], [-118.68743230750172, 53.03556954534891], [-118.68735435164697, 53.036690312887906], [-118.68683979102663, 53.03910212615214], [-118.6867309971693, 53.03943406196335], [-118.68646511458869, 53.03963973166886], [-118.68568205002862, 53.03985274548275], [-118.68254575782072, 53.03999102337031], [-118.68022162273282, 53.0402114548495], [-118.677783358035, 53.040673785609506], [-118.67524337843035, 53.04149885710626], [-118.67447259572175, 53.04163819283546], [-118.67359215053888, 53.04169647628978], [-118.6710306995831, 53.041576463887964], [-118.67034575677658, 53.041644837315445], [-118.66921142135615, 53.04175803821094], [-118.66854106591374, 53.04173990199366], [-118.66785854962578, 53.041615702775374], [-118.66736084126909, 53.04133833463599], [-118.6663742793661, 53.04022394838834], [-118.66504148330162, 53.03881168328329], [-118.66448194741878, 53.038113226096726], [-118.66398079195858, 53.037349754518], [-118.66374664590725, 53.03719708351734], [-118.65709228155453, 53.034518057827604], [-118.65235612249374, 53.026405774912575], [-118.65766270311315, 53.020306237984755], [-118.65504811965229, 53.01313883736771], [-118.64777394204543, 53.0082557168069], [-118.64127553844216, 53.00019609639881], [-118.64113508557568, 53.000006336608884], [-118.64017380782681, 52.99870752935313], [-118.65092715171994, 52.9993183026868], [-118.648007954352, 52.99336792809541], [-118.66078984483792, 52.98625425503356], [-118.6631855308063, 52.984901642066205], [-118.66412571785352, 52.98442572684481], [-118.66574982027247, 52.98428728108659], [-118.66751677549864, 52.984253551531495], [-118.6691917745866, 52.98406546145958], [-118.66988482227032, 52.983851693473575], [-118.67029538940075, 52.983606654989856], [-118.67020333604054, 52.98308632539713], [-118.67033824047542, 52.98222951163585], [-118.670459789834, 52.98164821592121], [-118.67073526034054, 52.98129016357724], [-118.67134649772991, 52.98081034435588], [-118.6715873505552, 52.98036532421505], [-118.67190965833277, 52.98001303520135], [-118.67254860171873, 52.979159343296246], [-118.67291163987736, 52.978633633452205], [-118.67287871745721, 52.97839103423706], [-118.67269996950114, 52.978116001367674], [-118.6712050008592, 52.97714420237145], [-118.67014719905035, 52.97653225380473], [-118.66859024540867, 52.97591783413699], [-118.66709906359773, 52.975342416195325], [-118.66558099664569, 52.974968835500206], [-118.66462113243054, 52.97487443459177], [-118.66328249452353, 52.974951021754805], [-118.66289102235653, 52.97489057140287], [-118.66269529469848, 52.97479188056768], [-118.66247449331603, 52.97466457142896], [-118.66230699817918, 52.97450189982434], [-118.66202408042413, 52.97355514476091], [-118.66167847985928, 52.9726760932476], [-118.66163728094988, 52.9722274811674], [-118.66150795036127, 52.97198297052502], [-118.66103964092187, 52.97165625420622], [-118.66024685891871, 52.97100078971421], [-118.65957096807105, 52.970114816944154], [-118.65934789157167, 52.9698000031151], [-118.65874010493762, 52.96894082332821], [-118.6584861052275, 52.96851614558648], [-118.658457780481, 52.96831658358333], [-118.6584703228172, 52.96810397107757], [-118.65860227724339, 52.96784369945131], [-118.66032982126976, 52.96686531352017], [-118.66077143800558, 52.96649690055037], [-118.66129284056991, 52.96555017023734], [-118.6618341223682, 52.9646749440612], [-118.66279350221691, 52.96352072474538], [-118.66278850432381, 52.96339046000065], [-118.66276590822837, 52.96330152497192], [-118.6625360138437, 52.96306091189788], [-118.66222354694102, 52.962918099994276], [-118.6609825026288, 52.96265094482449], [-118.65972427589287, 52.962289241363564], [-118.6591646387954, 52.96207982291676], [-118.65823241219935, 52.96160149375414], [-118.65589668897661, 52.95972533311904], [-118.65497956621752, 52.95925632580015], [-118.65452748665551, 52.958933146057404], [-118.65432729935381, 52.95876382217951], [-118.65365834356355, 52.957802242461234], [-118.6529075249889, 52.95694489310057], [-118.6527636080197, 52.956674454598215], [-118.65269120928322, 52.95646418478364], [-118.65206713758721, 52.95592734641122], [-118.65146642839785, 52.955501783948925], [-118.65092789893554, 52.95495428039143], [-118.65059042783044, 52.954424171819134], [-118.65008643254076, 52.953906455342114], [-118.64973605179848, 52.953283810847985], [-118.64949683124037, 52.95270187453661], [-118.64940877445827, 52.95258200961944], [-118.64925587137209, 52.95251349465784], [-118.64893685225353, 52.95246748125718], [-118.64758271521991, 52.952425700607236], [-118.6471798500922, 52.952370752222656], [-118.64670719270882, 52.952236036943475], [-118.64638112332278, 52.95156448212561], [-118.64580549627533, 52.950916565244185], [-118.64474704329604, 52.95030559142658], [-118.64427326156836, 52.95014061734708], [-118.6434956440583, 52.94988901789112], [-118.64316630267606, 52.949871365776985], [-118.64197277209848, 52.94979907584531], [-118.64115311943553, 52.94975994689861], [-118.6404650802589, 52.94966853348132], [-118.64001069415184, 52.94957390128319], [-118.63947218945417, 52.94940993392877], [-118.63804220287561, 52.94898912809246], [-118.63676400394687, 52.94863459206642], [-118.63534393826443, 52.948169806109114], [-118.63483264693151, 52.94789429577591], [-118.63431704581342, 52.947700837299706], [-118.63283651146652, 52.94720531485421], [-118.63137407137748, 52.94694285724909], [-118.6300568967351, 52.946824335268474], [-118.62946449161512, 52.946777348446716], [-118.62920046525893, 52.94670701963311], [-118.62890654934871, 52.94643859226233], [-118.62876053693697, 52.9461076051229], [-118.6284200263204, 52.945042664343035], [-118.62849353432941, 52.944400012945394], [-118.6284511554045, 52.944093727903336], [-118.6281865483776, 52.94372381191732], [-118.62765368861098, 52.94330749604838], [-118.62652720544949, 52.942800006923605], [-118.62528144436088, 52.942520367680835], [-118.62403931583209, 52.942322683011625], [-118.622934644098, 52.942246974769496], [-118.6218804233948, 52.94218063859158], [-118.62097637691956, 52.94211225817202], [-118.6205558413247, 52.9420271738873], [-118.62037367434229, 52.94187443890725], [-118.62001416566005, 52.940560445215354], [-118.62000489431718, 52.940238555068994], [-118.6197854551353, 52.93972693561643], [-118.61964181573421, 52.939421103551105], [-118.61955699770827, 52.938938193935336], [-118.61937359642442, 52.93849695517442], [-118.61926746849245, 52.93833703910249], [-118.61909610526479, 52.93821835440924], [-118.61838521640749, 52.93795575437875], [-118.61728909184589, 52.93765804637285], [-118.61656866594814, 52.93758716845808], [-118.61551494392023, 52.93753090461826], [-118.61479228604323, 52.93739954884359], [-118.61354797580843, 52.93696325853283], [-118.6125820380767, 52.936792349945875], [-118.61197607232785, 52.93663098912054], [-118.61134701396914, 52.93639882787071], [-118.61098285757163, 52.936108704636844], [-118.61072037940747, 52.935808394808184], [-118.61061768336548, 52.935646155330474], [-118.61066914802431, 52.935470150520345], [-118.61092752955071, 52.9351393885855], [-118.61122499205091, 52.93481978757891], [-118.61207803842336, 52.9343640848516], [-118.61266403843159, 52.93400550431773], [-118.61340097911003, 52.93361086458704], [-118.61368792215714, 52.93346565846619], [-118.61428461921551, 52.93336718816514], [-118.61567556213296, 52.93336851689853], [-118.61628779473357, 52.93319656748608], [-118.61683681822976, 52.93288521263742], [-118.61719698001478, 52.93269330350103], [-118.61743126476489, 52.93245365873779], [-118.61778401334479, 52.93206316742006], [-118.6181736385046, 52.931625412349796], [-118.61835552955185, 52.931319058779934], [-118.61840348393866, 52.9310495864452], [-118.61835872248317, 52.9308865749578], [-118.61829050382285, 52.9302628392601], [-118.61819806286535, 52.92917066427482], [-118.61858781792992, 52.928218665127496], [-118.61863357952562, 52.92789077392002], [-118.61856079730339, 52.927494394187796], [-118.61834390849803, 52.926908638995044], [-118.61856495899153, 52.92658032860977], [-118.61874610274123, 52.92573634905237], [-118.61884850808859, 52.92537263852808], [-118.61891968060985, 52.92520803895851], [-118.61908919014934, 52.92508884451481], [-118.62012774001965, 52.924431864086145], [-118.62093837860867, 52.923883173626315], [-118.62151326186344, 52.92340281948887], [-118.62179689972605, 52.92306500519272], [-118.62243705423252, 52.92156341861837], [-118.62254759751075, 52.92076471442339], [-118.6228262092244, 52.919861857115215], [-118.62277254455269, 52.91916420555038], [-118.62286671759202, 52.91806488202589], [-118.62287783514982, 52.91732881214399], [-118.62270760891161, 52.916910637632135], [-118.62236178847823, 52.91644810189844], [-118.62218456924924, 52.91627492715409], [-118.6218339876109, 52.91556783835437], [-118.6216318069611, 52.91473197401851], [-118.62122204533361, 52.91368912743202], [-118.62117510469581, 52.9133933142923], [-118.6210344266213, 52.91314939220291], [-118.62029149705444, 52.91261151481942], [-118.61982876724527, 52.91239073414145], [-118.61919052310611, 52.91223210287102], [-118.61847550451073, 52.91213428251455], [-118.61774100582355, 52.91195222533772], [-118.61703347687062, 52.91161608307578], [-118.61368794163148, 52.910920555017356], [-118.61248877143889, 52.91055437358454], [-118.61195380969328, 52.910295096270374], [-118.61024833788336, 52.909063264462624], [-118.60869253972132, 52.907602284105934], [-118.60791291152607, 52.90682400752003], [-118.6075788227352, 52.90633849666775], [-118.60742599062212, 52.905946148385745], [-118.60744271174634, 52.90532098740366], [-118.60773078981305, 52.9045641026625], [-118.60777887349244, 52.90396443845726], [-118.60810256410613, 52.90339972948551], [-118.60844338815905, 52.903000683203246], [-118.60876711748324, 52.90267359305439], [-118.6096910192878, 52.902015664164935], [-118.61059734853566, 52.90141772872995], [-118.61086802102739, 52.90125868395496], [-118.61129842174942, 52.901145277441465], [-118.61192671836604, 52.90104113432177], [-118.61322189764793, 52.90080840647288], [-118.61411864003011, 52.9004854637296], [-118.6147478071007, 52.90040520655055], [-118.61511762111078, 52.90025674697779], [-118.61555974976451, 52.89992803782064], [-118.61614876389451, 52.899526372907644], [-118.61674511655973, 52.899096166077335], [-118.6169700720789, 52.8988706370876], [-118.61716196414693, 52.89851721117647], [-118.6171697167479, 52.89834599172168], [-118.61716813761478, 52.89818217244854], [-118.6170564515914, 52.897962502861574], [-118.61698005251546, 52.897809547025574], [-118.61654469280117, 52.897262502325866], [-118.61613558081552, 52.896908915360484], [-118.61573642789351, 52.89663214775472], [-118.61515236109338, 52.896321314296976], [-118.61497081949824, 52.896197882295276], [-118.61488205091665, 52.89609220543242], [-118.6148813288847, 52.895882702111834], [-118.61483178202373, 52.895696334022354], [-118.61482717918722, 52.89493219306342], [-118.61486598783708, 52.89461700507845], [-118.61485329615915, 52.89424067699101], [-118.61492673447219, 52.89385197233814], [-118.61521471004802, 52.89327436622452], [-118.61545271401512, 52.89258689512657], [-118.61574489456333, 52.89117059131758], [-118.61576393442498, 52.8893786766815], [-118.6160648349711, 52.88759809549813], [-118.61633146793875, 52.88679611404713], [-118.61646693395565, 52.886254946631205], [-118.61640509355931, 52.88573357211437], [-118.6161280224806, 52.88512953389416], [-118.61582619521398, 52.88461999166747], [-118.61572895872325, 52.884287456847844], [-118.61565229336364, 52.88324147623659], [-118.61550931140565, 52.882438701327814], [-118.61561799507554, 52.88166035351894], [-118.61550846706592, 52.88127445665001], [-118.61508619518409, 52.88102362361534], [-118.61426157625216, 52.88075277303068], [-118.61175678230344, 52.880328656672724], [-118.60986363286464, 52.88008412818237], [-118.60761479390192, 52.88008034783565], [-118.60701823111525, 52.88001137251704], [-118.6063817609316, 52.879861676636395], [-118.60511326962035, 52.87982625760169], [-118.60373991002669, 52.87978488342209], [-118.60285875929911, 52.87966837436383], [-118.60192548820525, 52.87967240642932], [-118.60142132643107, 52.87980761342944], [-118.60087570825775, 52.87996906428361], [-118.60021605004913, 52.880106375064386], [-118.599314199516, 52.880195567383765], [-118.5981479905588, 52.88012221965901], [-118.59762606392871, 52.88005563918982], [-118.59724375137553, 52.880043664326664], [-118.59687810698365, 52.88009994935396], [-118.596536268504, 52.88023099411698], [-118.59580090808099, 52.88040279365931], [-118.59455295248347, 52.88052259445824], [-118.59355075798938, 52.880750698401386], [-118.5926427985805, 52.8808205493168], [-118.59224363535276, 52.88087742113187], [-118.59195867997754, 52.88096583920393], [-118.5909710436197, 52.88169053040356], [-118.59060155133085, 52.881856175099216], [-118.59004601072394, 52.881997304264495], [-118.58953050624098, 52.88214574939881], [-118.58917039144704, 52.8822874787693], [-118.588593888105, 52.88263932968432], [-118.58789092490525, 52.882977298152184], [-118.58630257071228, 52.88355819562952], [-118.58480369928424, 52.88401208683725], [-118.5845932802376, 52.88407284008569], [-118.58442888223901, 52.88419655062072], [-118.5840549067212, 52.88448575136517], [-118.58369618902748, 52.884652446575004], [-118.58351548054452, 52.884699008454945], [-118.58318732694146, 52.884703376446716], [-118.58276846818687, 52.884554421946824], [-118.58202084281116, 52.88416502128986], [-118.58148019122251, 52.884010396431705], [-118.58139430691904, 52.88398948663502], [-118.58122629810501, 52.88405056947724], [-118.58093019679913, 52.88426782231017], [-118.58053848055262, 52.88453046684453], [-118.57998923598174, 52.88479197042803], [-118.57927434997204, 52.88487828658492], [-118.57862708689132, 52.884935951408025], [-118.57808325978743, 52.88489413171939], [-118.57781035189183, 52.88495578935331], [-118.57706383387334, 52.885235667488814], [-118.5764080861554, 52.885644570541714], [-118.57440977089695, 52.88653904168282], [-118.57392314989241, 52.886869131993734], [-118.5736336604226, 52.88727015152105], [-118.573230435793, 52.88756359725223], [-118.57251247884987, 52.88796073216873], [-118.57191347841523, 52.888350062670575], [-118.57120419719027, 52.888992752161585], [-118.57061517750319, 52.88951415312555], [-118.57025397185778, 52.89000050818462], [-118.57014292522939, 52.89015997886892], [-118.56977072431668, 52.890694481863854], [-118.56944012666682, 52.89106073892489], [-118.56884352519292, 52.89141415267572], [-118.56761726089348, 52.892126534122696], [-118.5671504816513, 52.892449339791206], [-118.56657099068875, 52.89296363027783], [-118.56615366105382, 52.89349824303513], [-118.56605588625375, 52.89401990215577], [-118.56576879628274, 52.894765559104485], [-118.56535823428777, 52.89535177889353], [-118.56498843700547, 52.89622873339534], [-118.56488859618923, 52.89645202431234], [-118.56460208209099, 52.89679939239303], [-118.56398221610047, 52.897440489343225], [-118.5636553979825, 52.89791499157726], [-118.56364468184671, 52.89803266978188], [-118.5636645059462, 52.89816804376764], [-118.56383383138503, 52.89843806382673], [-118.56405348065674, 52.89900384359359], [-118.56406410654719, 52.89945950860679], [-118.564033043099, 52.89968226395605], [-118.56389204383196, 52.89991921807917], [-118.56365306877883, 52.9002169030998], [-118.5626546695071, 52.901077535030794], [-118.54985177277337, 52.9058277226692], [-118.54971297300678, 52.9077555244839], [-118.54262663455577, 52.90750560251103], [-118.53972079613509, 52.904188910921384], [-118.53408440522416, 52.90215560247357], [-118.52853966171514, 52.89963895758385], [-118.5221837507849, 52.8965834171872], [-118.52005591118535, 52.89674179734442], [-118.51992301110042, 52.90487523600502], [-118.51187556538692, 52.90487809010828], [-118.50644211239664, 52.906219806231405], [-118.50063801958291, 52.90615976220965], [-118.49841127937302, 52.90612542035651], [-118.4931858290747, 52.90245038152394], [-118.48446181566923, 52.90187213058251], [-118.48154081585822, 52.90169760228137], [-118.47449090987479, 52.898873409711705], [-118.46494515685681, 52.891869764984435], [-118.46385340815796, 52.89106698586993], [-118.46102541924091, 52.88892808158778], [-118.45259997227066, 52.886941986519844], [-118.45036317105908, 52.883511748493], [-118.44866620922829, 52.88085029611776], [-118.45147447830088, 52.87637526363999], [-118.4536356002644, 52.874383572443385], [-118.45701610978361, 52.87024744373537], [-118.4633940712261, 52.86854460950948], [-118.46032705517413, 52.86370015264749], [-118.45550178503352, 52.86123073378291], [-118.45413761264034, 52.85588348186626], [-118.44693447071484, 52.8529529726962], [-118.44196864341724, 52.85125741225352], [-118.4377145696193, 52.849953024586604], [-118.43056714990117, 52.851011413103], [-118.42521979985592, 52.85251978723644], [-118.41880004471334, 52.850258718005165], [-118.40276052603546, 52.8525003204499], [-118.39859733003482, 52.84973128169966], [-118.39507741377942, 52.84840674027268], [-118.3923520126037, 52.84780603126992], [-118.38980043592231, 52.84750577973468], [-118.38682272800878, 52.8474259736929], [-118.38515790054518, 52.84750841289429], [-118.38415581035444, 52.84716912106764], [-118.38549254553243, 52.8469255734822], [-118.38720465701164, 52.84665541870611], [-118.38794662993186, 52.84639068232378], [-118.3888409835975, 52.84619848169976], [-118.39030816571541, 52.84612488293211], [-118.39143410099257, 52.84609132669075], [-118.39280959354957, 52.845982971834545], [-118.39343587676504, 52.84593363051281], [-118.39432634700186, 52.845933411180404], [-118.39532014681278, 52.8458845266652], [-118.39726891032078, 52.845788868948254], [-118.39948554925621, 52.84546659051353], [-118.40041472858246, 52.84498255108904], [-118.40139081199463, 52.844273171943364], [-118.40207879432505, 52.8435806420755], [-118.402501019223, 52.84295737703798], [-118.4027872583931, 52.842302660852624], [-118.40311665779045, 52.84160535789934], [-118.40315001293007, 52.84135048054536], [-118.40300095865925, 52.840821279800615], [-118.40304970221113, 52.840244247638005], [-118.40316745630788, 52.839738952042374], [-118.40313925698302, 52.839437079656776], [-118.402874455389, 52.83895895216602], [-118.40264439692974, 52.838698635376915], [-118.40246611912703, 52.83853659567736], [-118.40164576657098, 52.83804230611274], [-118.4012521014943, 52.83780421592339], [-118.40079099778576, 52.83757146135975], [-118.4005647402846, 52.83742861542828], [-118.40038794568497, 52.83724801682699], [-118.40016535696276, 52.83707988079821], [-118.39973217747449, 52.83670733812201], [-118.39931610657504, 52.83626697119173], [-118.39918498476997, 52.83602910583317], [-118.39907224687867, 52.835850899845795], [-118.39905083373887, 52.835696537909485], [-118.39909362771418, 52.83549155799502], [-118.39919853899292, 52.83534708757053], [-118.39911427278567, 52.83483606820726], [-118.39901063333784, 52.83442832560936], [-118.39871342850469, 52.83388819655223], [-118.39853248607263, 52.83363597133836], [-118.39829829885426, 52.83325672546329], [-118.39799042612863, 52.83289648088792], [-118.39771834348983, 52.83262552573513], [-118.39743285268227, 52.83244944827911], [-118.3970220070065, 52.83228901624704], [-118.39690200851892, 52.832172248303934], [-118.39680749876288, 52.83203886222381], [-118.39671245247827, 52.83188866781455], [-118.39666341374304, 52.83175380995073], [-118.39660293729828, 52.831503261622814], [-118.39658875609915, 52.83111688094095], [-118.39659341365618, 52.830792268694594], [-118.39672294125539, 52.830510479941694], [-118.39688218813376, 52.83024346121596], [-118.39709045283969, 52.82999438990515], [-118.39761451594873, 52.829569500229], [-118.39769957333095, 52.82949982966711], [-118.3977816128881, 52.829371216124414], [-118.39791418104033, 52.829027325766226], [-118.39804542755274, 52.828563926098546], [-118.39810423210578, 52.82807495816623], [-118.39818411506033, 52.827798106459056], [-118.39839402486206, 52.82759550640886], [-118.3985214835961, 52.82739104750184], [-118.398456781331, 52.827093790542484], [-118.3982867859626, 52.826584016423595], [-118.39815060627362, 52.826127796408734], [-118.39798764958694, 52.82582226102359], [-118.39790685158435, 52.82479639601184], [-118.39779586885474, 52.82402670537851], [-118.39805339151658, 52.823472260830385], [-118.39834075840979, 52.82283480884731], [-118.39846597165464, 52.82256084128762], [-118.39886943149895, 52.822011079645655], [-118.3989956819898, 52.821180589146735], [-118.39888715931683, 52.82048560919932], [-118.39900529295063, 52.8200283059487], [-118.39924471327308, 52.81961318980282], [-118.39981671325641, 52.819063137712476], [-118.40034751314627, 52.81869943438644], [-118.40075813240719, 52.81826566014464], [-118.40148195848768, 52.81767092456917], [-118.4017219397874, 52.81743218975285], [-118.40184378350946, 52.817187686392245], [-118.40183435869963, 52.81689468601801], [-118.40176415893141, 52.816545234840206], [-118.4017614497263, 52.81627513675847], [-118.4019430671138, 52.81586267881913], [-118.40211971865989, 52.814958304919124], [-118.40213375905887, 52.8144726604471], [-118.40212509255922, 52.814203046350706], [-118.40217819072303, 52.81400835707373], [-118.40231229142694, 52.81377801436741], [-118.40258005922713, 52.81358631835969], [-118.40296875862335, 52.81329128642889], [-118.40340669907947, 52.812992169115866], [-118.40431333257108, 52.81211835700825], [-118.40472084029128, 52.81181084088488], [-118.40540340928449, 52.81141318824869], [-118.40563264828242, 52.81119954880134], [-118.40649053696845, 52.81074515661747], [-118.40653215682325, 52.810573188065206], [-118.4064767120351, 52.8103166328464], [-118.40654815191515, 52.80997284581574], [-118.40663229213443, 52.809657478897485], [-118.40690215632185, 52.80912084673021], [-118.40721396899825, 52.808805634147426], [-118.4077120927545, 52.808472924023334], [-118.40781124589917, 52.808340522738284], [-118.4080048399734, 52.80817911728655], [-118.40863607902592, 52.807781104657586], [-118.40939960714827, 52.80743696774026], [-118.40981055768592, 52.80734512368272], [-118.41036969246011, 52.807155722739736], [-118.41061227988463, 52.80705611703727], [-118.4109262479436, 52.806933348662795], [-118.41127544737394, 52.80678764565609], [-118.41148247924401, 52.806684967313565], [-118.4115990912756, 52.806574259145734], [-118.41173927801098, 52.806384245813184], [-118.41205406691321, 52.80615232219806], [-118.41237957055915, 52.80599902539699], [-118.4126107574007, 52.80590958701099], [-118.41277560724328, 52.80585945740968], [-118.41319735761509, 52.805742735891556], [-118.41398909188962, 52.80550286475719], [-118.41430326620319, 52.80538347691584], [-118.41447273639113, 52.805277207006625], [-118.41513789372085, 52.804859921613186], [-118.41571262912163, 52.804412387355505], [-118.41595519006954, 52.80380723201848], [-118.41626673631238, 52.80315806369386], [-118.41723278958065, 52.80217834717646], [-118.41793938095677, 52.80140341273161], [-118.41867873018286, 52.800841282335256], [-118.42002266587963, 52.80000689597071], [-118.42093258815734, 52.79935054756326], [-118.42196495495475, 52.79836998623112], [-118.42292287702705, 52.79714826294301], [-118.42323031567253, 52.79665458570262], [-118.4233502405153, 52.79611718515006], [-118.42312029857356, 52.79569115359468], [-118.42263675007587, 52.79531583676597], [-118.42221751006397, 52.795106456889044], [-118.42130480714249, 52.79481963711301], [-118.4209829532186, 52.7945852826315], [-118.42089357529922, 52.79425287589919], [-118.42094804587649, 52.79370257297623], [-118.42106261739265, 52.79313642524959], [-118.42102975438455, 52.79212828314039], [-118.42100610929309, 52.7914024246799], [-118.42077642531845, 52.79047732109811], [-118.42086724422376, 52.78977451495125], [-118.42084475327243, 52.789084372504675], [-118.4207742434184, 52.788728100946116], [-118.42058789554427, 52.78843274660375], [-118.42017828874872, 52.7879138759816], [-118.41974588846176, 52.787423721771376], [-118.41933126084965, 52.786944584748845], [-118.41891535095472, 52.786425121664834], [-118.41876401585202, 52.78608571529415], [-118.41872282326078, 52.78574872117613], [-118.41868703655967, 52.78556034735365], [-118.41863467461, 52.78531823713317], [-118.41862677699754, 52.785075585797905], [-118.41855278188419, 52.78473769502647], [-118.41855945945, 52.78446790204395], [-118.41893476868852, 52.7839923023452], [-118.41927230631723, 52.78359885633775], [-118.41961160231426, 52.78332356620765], [-118.4204042936112, 52.782285243303164], [-118.42073817021273, 52.782065475919765], [-118.42117238314096, 52.78177989420818], [-118.42128337489548, 52.78165527576255], [-118.4213596611894, 52.78148924227275], [-118.42117945926555, 52.78120409484543], [-118.42057970986298, 52.78071565604429], [-118.42009900276858, 52.78029658466165], [-118.41949465780066, 52.77966658522092], [-118.41907847238471, 52.77936121066991], [-118.41872352410374, 52.77882038459175], [-118.41867236953699, 52.778666553336265], [-118.41869569162458, 52.778437075424556], [-118.41879859418916, 52.77801102432435], [-118.41893050441173, 52.77754690214017], [-118.4189917496121, 52.7771323728368], [-118.41906107068135, 52.77654739084556], [-118.41887072933172, 52.77619905597007], [-118.41885488485009, 52.775969610097604], [-118.41890114654583, 52.77577947570517], [-118.41915968291977, 52.77527150202314], [-118.41906261885502, 52.774488100580164], [-118.41891097344576, 52.77421165648046], [-118.41893125596117, 52.773923714630136], [-118.41890472738687, 52.77378464359931], [-118.4188196303198, 52.77368230090186], [-118.41859243873786, 52.773442010981384], [-118.41810416088339, 52.77310648175753], [-118.41758628205213, 52.772836855564535], [-118.4173779657522, 52.772656643565135], [-118.41722341663248, 52.772318636384725], [-118.41709141079424, 52.77217672015005], [-118.41597849962059, 52.77155853291907], [-118.41576468230305, 52.77111090068606], [-118.4158337064934, 52.770751113690665], [-118.41552879031498, 52.77000998477208], [-118.41541529871205, 52.76931598540417], [-118.41538028078732, 52.768797629692536], [-118.41525359685896, 52.76825831490361], [-118.4151772547393, 52.76814885582658], [-118.4150517197015, 52.76809781096259], [-118.41378868503887, 52.76791223735192], [-118.41278560922497, 52.76760900397847], [-118.41185524622836, 52.767453720910396], [-118.41098643493021, 52.76718316610675], [-118.4102209442252, 52.766904366352], [-118.40936770363139, 52.76653065622395], [-118.40896977607561, 52.7663058366071], [-118.4085474784202, 52.76614212149228], [-118.40810866472981, 52.76606174645127], [-118.40723154317294, 52.766016585959946], [-118.40659112271508, 52.765802567166986], [-118.40544190416837, 52.76552349533824], [-118.40452485204034, 52.76515214808846], [-118.40363111680469, 52.764674702458905], [-118.40308492187638, 52.764217102721034], [-118.4026859409085, 52.76385875348901], [-118.40136543037781, 52.76299387752246], [-118.4010767351678, 52.76265983262222], [-118.40077242980755, 52.76245854885791], [-118.39963638380004, 52.761900387389076], [-118.39823875982879, 52.76127148451434], [-118.39688804869022, 52.76076908421708], [-118.39567731803803, 52.760141297654876], [-118.39404930028891, 52.759348445533625], [-118.39266631719407, 52.758735355755604], [-118.39204827355688, 52.75859319433492], [-118.39039885969488, 52.75826747882065], [-118.38952002533424, 52.7578861882036], [-118.38865271745559, 52.7574158595759], [-118.38787069700155, 52.757087478139994], [-118.38650393449795, 52.75656113648817], [-118.38508631431404, 52.756171917950276], [-118.38420101985913, 52.75593723987665], [-118.38229917994848, 52.75544250534493], [-118.38082940405604, 52.75497808572423], [-118.37969405716325, 52.75463015703909], [-118.37815208890369, 52.75424812493346], [-118.37709346688753, 52.754043505817215], [-118.37610112510365, 52.75394958998945], [-118.37451062169838, 52.75384766048272], [-118.37252598282127, 52.75383050512591], [-118.37170263974629, 52.75377455099451], [-118.37113130530247, 52.753645996709295], [-118.36992365383615, 52.75309817047473], [-118.36872106480733, 52.7527107768337], [-118.36772311074218, 52.75252164870257], [-118.3668598926798, 52.75241121663844], [-118.3663344900422, 52.75224657683631], [-118.36611354950612, 52.75216480894728], [-118.3659291753124, 52.75201570611674], [-118.36592994274164, 52.751371957653035], [-118.36511963164519, 52.750851307054155], [-118.36496719273936, 52.75041946176646], [-118.3648757752284, 52.75003506762765], [-118.36179897344957, 52.74917897211409], [-118.35586659621093, 52.74527788166161], [-118.34733653631812, 52.740910172560255], [-118.33917585537664, 52.737887011620465], [-118.32848211851339, 52.73787477503383], [-118.33532736885192, 52.733986090673596], [-118.34093498203553, 52.72686212807001], [-118.3400052515974, 52.72563537225305], [-118.34446055790659, 52.70958806258447], [-118.34424278214996, 52.70956035938613], [-118.34364520205771, 52.709449210077445], [-118.34324968504338, 52.70931815259895], [-118.34293022056482, 52.709332501635615], [-118.34199226447394, 52.70953932677403], [-118.34115153176587, 52.70958306927101], [-118.3403036463559, 52.70935399882289], [-118.33976607128677, 52.70925308111286], [-118.33929168599477, 52.70924883048764], [-118.33893919500379, 52.7092230621119], [-118.3377953819348, 52.7090921202657], [-118.33690012277366, 52.70898955957881], [-118.33526800029198, 52.70873401819789], [-118.33461657418253, 52.70857748263512], [-118.33363210347777, 52.708173463772376], [-118.3322248520419, 52.70775123193705], [-118.33110513448828, 52.707296540905084], [-118.33032239912355, 52.70697497346265], [-118.32983946269563, 52.70678506941953], [-118.32930186816756, 52.70649906427117], [-118.32881235795716, 52.70621250969818], [-118.32796020997726, 52.70569410308001], [-118.32763313211026, 52.70537879965441], [-118.32713921618625, 52.704946284014554], [-118.32664353267425, 52.704455353840395], [-118.32595650744939, 52.7039957799331], [-118.32556759628781, 52.70385410842536], [-118.32469452523935, 52.703601032622004], [-118.32382236899787, 52.703377141504966], [-118.32304367819626, 52.70306459295674], [-118.32235935022098, 52.702692573157734], [-118.3213359877574, 52.70223672306489], [-118.32060450457377, 52.70189441909228], [-118.31980302545414, 52.70158655553169], [-118.31904460648087, 52.70118169081862], [-118.31835239260707, 52.70055739446166], [-118.31801767694543, 52.700156065563995], [-118.3177965275018, 52.69964776108677], [-118.31777717304071, 52.69900549002278], [-118.31767415412799, 52.698748722730244], [-118.31742672882942, 52.69854210902414], [-118.31660011602058, 52.698230064615935], [-118.3155244619671, 52.69762872294349], [-118.31463766294416, 52.697188361591365], [-118.31415759039885, 52.696958490556504], [-118.31365839160136, 52.696807232957966], [-118.31343005527643, 52.69675986521738], [-118.31281755376064, 52.69673815631546], [-118.31211020394841, 52.696666594797854], [-118.31048656478433, 52.6964634131424], [-118.30953747971456, 52.69624551032469], [-118.30765302338472, 52.694903595595946], [-118.30723152542403, 52.69447751058851], [-118.30705717044428, 52.6941149749774], [-118.306907035776, 52.69390657511146], [-118.30584214275363, 52.69337990430362], [-118.305075201816, 52.692791955471655], [-118.30469411813041, 52.69234886600581], [-118.30449072441002, 52.69225543449845], [-118.30391577012692, 52.692291155685204], [-118.30341843279137, 52.69246788566027], [-118.30289538925156, 52.692799376014065], [-118.30218162150364, 52.693080563527474], [-118.3019096992633, 52.69310011208789], [-118.30159518948011, 52.69306215689185], [-118.3013611679035, 52.69298188604089], [-118.30090965169288, 52.6924017572999], [-118.30060943206558, 52.69146904664072], [-118.30055747837703, 52.69109688593461], [-118.30024732887156, 52.69087256380519], [-118.29977827787319, 52.69055045394346], [-118.29955169591467, 52.690367730675035], [-118.29935787694426, 52.69015746711736], [-118.29918656646603, 52.689894286565014], [-118.29911232080703, 52.689688020658345], [-118.29917520572346, 52.68953017544785], [-118.29944993995223, 52.68924021513658], [-118.30008756099222, 52.68848284787766], [-118.30019049657892, 52.688346543334134], [-118.30026705065657, 52.688171775579306], [-118.30026449500713, 52.68808043439087], [-118.30015365813009, 52.68802391147259], [-118.29989145570022, 52.68791082143991], [-118.29946058662644, 52.68779744040921], [-118.29829333910594, 52.68735171137486], [-118.2974496167729, 52.68683950503558], [-118.29666116663353, 52.6863522930612], [-118.29605237930927, 52.6860360926043], [-118.29552311430437, 52.68564451237498], [-118.29507893930716, 52.68515597737738], [-118.29458314433599, 52.68435791244508], [-118.29421907355169, 52.68392854433812], [-118.29335846800078, 52.68325397615428], [-118.29282982808076, 52.68295053124229], [-118.29160920272916, 52.68248815751173], [-118.2912254481825, 52.682359822679985], [-118.29105655526271, 52.68227020195698], [-118.2909419642823, 52.68201696309273], [-118.29085158336396, 52.68184089360514], [-118.29087342730733, 52.681569067531946], [-118.29083515594053, 52.68128366685347], [-118.29053913555538, 52.68086608728839], [-118.28993324752604, 52.680334312362156], [-118.28964988501822, 52.67994239602757], [-118.28931426407489, 52.67960075806624], [-118.28886113540801, 52.679255177870274], [-118.28837384579732, 52.67896979645019], [-118.28832046502352, 52.67870515790896], [-118.28846531547077, 52.67831566679079], [-118.288855155773, 52.67784386810066], [-118.28906982704075, 52.6775987838519], [-118.28903322428425, 52.67740863543582], [-118.28909746375254, 52.67722419569628], [-118.289251355675, 52.67689926626948], [-118.28928031601744, 52.67679732507945], [-118.2892658243277, 52.67669519633767], [-118.28917740012731, 52.67654785414752], [-118.28892052168717, 52.675980648303565], [-118.28861529063269, 52.675636267837895], [-118.28858861153964, 52.67535615711573], [-118.28895862527064, 52.67476889336244], [-118.28927296042791, 52.67417102129107], [-118.29004654164409, 52.67351207379491], [-118.29064499839828, 52.67316908583007], [-118.29121259912725, 52.672513795957315], [-118.29199226409854, 52.67195428567737], [-118.29290793523896, 52.671114292232716], [-118.29318579844326, 52.67062970584674], [-118.29335975329157, 52.670294196198284], [-118.29384224203191, 52.66977298287748], [-118.29427935309847, 52.6695887560628], [-118.29463613510505, 52.66932189157285], [-118.29472266862601, 52.669130376641604], [-118.29478760975789, 52.668869582768366], [-118.29440488034456, 52.668360375201594], [-118.29426184370439, 52.66809314260559], [-118.29451404411915, 52.66768660161008], [-118.29499584137149, 52.66714326659594], [-118.29580319767703, 52.66651022113395], [-118.29633795862138, 52.665933581796544], [-118.29662248790092, 52.66544232424226], [-118.29687522443032, 52.66495383889586], [-118.29705535090638, 52.664485801836214], [-118.29732391856619, 52.66305344553211], [-118.29754051771849, 52.662199709752734], [-118.29769695857362, 52.66138159479418], [-118.2976655499588, 52.66112592982661], [-118.29758326160513, 52.660900355225785], [-118.29748799708935, 52.66049514194516], [-118.29748934975727, 52.66010835643556], [-118.29776914945536, 52.65924947092859], [-118.29797824711046, 52.65853192883104], [-118.29796617426835, 52.657906819249405], [-118.2975653941793, 52.65682643888645], [-118.29761572946113, 52.65636950300259], [-118.29761581987354, 52.656009129492325], [-118.29769815509204, 52.65537817425451], [-118.2979057371191, 52.6551088641625], [-118.2982919686392, 52.65487790291375], [-118.2987234272257, 52.65460041912026], [-118.29949613481413, 52.654153762462336], [-118.30013084626, 52.65389199339698], [-118.30070904548839, 52.653608179886966], [-118.30121428527573, 52.653376121836864], [-118.30175584047383, 52.653207690335144], [-118.30323551157971, 52.65285157436178], [-118.30406508405505, 52.65255921969805], [-118.30489126679673, 52.652153619277804], [-118.30581224048899, 52.65180361930412], [-118.3062452403305, 52.65178712866289], [-118.30654693028734, 52.65191797295852], [-118.30679269905839, 52.65202257990011], [-118.30702484022301, 52.65204014179159], [-118.30746848007212, 52.652122444494104], [-118.30849831757712, 52.65236272840872], [-118.30931170395753, 52.65290297298621], [-118.31019670511681, 52.653290708128324], [-118.31126928733872, 52.65378199888936], [-118.31180459659157, 52.65391641739409], [-118.31295970551609, 52.65410366312499], [-118.31436149970426, 52.65425806228588], [-118.31511321104291, 52.654476288815545], [-118.3158700236549, 52.65486439774753], [-118.31696968144594, 52.655543869140985], [-118.31786117792723, 52.656031791325326], [-118.31833699310248, 52.65636635365772], [-118.31852295482975, 52.656649449004014], [-118.31870626235963, 52.65671048906188], [-118.31899085158022, 52.65669155884667], [-118.319678210224, 52.65627381014049], [-118.32045639787275, 52.655429171116374], [-118.32136717872984, 52.65491650134574], [-118.32218813374057, 52.65434090778619], [-118.32278639733114, 52.65400519676887], [-118.32462472014282, 52.653268836367914], [-118.3259807153751, 52.652907299834396], [-118.32679233359757, 52.652590125787746], [-118.32766708792079, 52.652172590321534], [-118.32839393544087, 52.651505441379406], [-118.32913892193633, 52.650159369766364], [-118.32938428752514, 52.64899252542142], [-118.32963612174467, 52.64808339575633], [-118.3304167600533, 52.64704138881282], [-118.33119702456642, 52.646032549951805], [-118.33185006220288, 52.6453469563447], [-118.33209524334971, 52.644886788925206], [-118.33225604160049, 52.64433252437335], [-118.33254053271317, 52.643336015269206], [-118.33256693161381, 52.64249975081406], [-118.33234242772585, 52.64193444044485], [-118.33235635718542, 52.64153997019825], [-118.33296035866815, 52.64102221402598], [-118.33436059766602, 52.64035926543303], [-118.33556519755142, 52.63992005886092], [-118.33698182256326, 52.639636084854935], [-118.33794544719584, 52.639606568673805], [-118.34050971335762, 52.63975386611814], [-118.34173351392344, 52.63994495013179], [-118.3428775391217, 52.64009096884953], [-118.34350534138866, 52.640083858868394], [-118.34409448945901, 52.63996423195199], [-118.34588163031155, 52.63896396774325], [-118.34659615867376, 52.638650167236115], [-118.34745570158961, 52.63823534762336], [-118.34853577797111, 52.63790469614747], [-118.34974012173423, 52.63756248281026], [-118.35113992188097, 52.63721706424804], [-118.35284116013561, 52.63666705665742], [-118.35349524448857, 52.636009295515926], [-118.35374337825333, 52.635575321057956], [-118.35389728280482, 52.63531234779984], [-118.35462046963168, 52.634645148239436], [-118.35552850842308, 52.6340619671283], [-118.3558598615847, 52.633780146791054], [-118.35608225048313, 52.633527353784295], [-118.35604379757247, 52.633347623747184], [-118.35575515282112, 52.63316456675742], [-118.35495016021596, 52.63269286332312], [-118.35388182286886, 52.632224172740834], [-118.35313824357986, 52.6317465024986], [-118.3524361979275, 52.63137414739623], [-118.35196055674933, 52.63087909603065], [-118.35179505965996, 52.63031043164491], [-118.35173042103462, 52.62928018554353], [-118.35174082889331, 52.62829454772768], [-118.35189746518486, 52.62748634804591], [-118.35192899502539, 52.627204256928984], [-118.35209406103658, 52.626691876704655], [-118.3523461964073, 52.62633865640657], [-118.35271902597269, 52.6256337208024], [-118.35314249689841, 52.625339702432626], [-118.35399073617361, 52.62477196604051], [-118.35460411155645, 52.62439099257034], [-118.35553218857169, 52.62358319128289], [-118.35570429777373, 52.62330095277926], [-118.35579092906497, 52.6229583468177], [-118.35577275565088, 52.622370785740785], [-118.3555658654219, 52.6213579009534], [-118.35542920680125, 52.62078166234499], [-118.35544013682637, 52.62013038585106], [-118.35568033614476, 52.619379552517415], [-118.35609273652068, 52.61851990108567], [-118.35622473598976, 52.61784719160936], [-118.35637327581932, 52.617334991848956], [-118.35658409741158, 52.616109185299855], [-118.35668146262783, 52.615537520481716], [-118.35665606338814, 52.61524753338488], [-118.35646357226021, 52.61486936515237], [-118.3560903659668, 52.61449327554225], [-118.35553675267656, 52.61412925596851], [-118.35493416580411, 52.61386674667221], [-118.35363630149408, 52.6132601207348], [-118.35275566054497, 52.61294987509628], [-118.35228824334068, 52.61271497313078], [-118.351954151123, 52.612422333734095], [-118.35141749854581, 52.6115806365917], [-118.35068667487432, 52.61084546321379], [-118.35038223552122, 52.610421366267644], [-118.35022420331468, 52.60960500567469], [-118.3500476153195, 52.60925399125056], [-118.34967443954395, 52.608925133608935], [-118.34901929757089, 52.60866754712014], [-118.34848742232347, 52.60835710227251], [-118.34691656925278, 52.60762104366414], [-118.34608778247234, 52.60716167675531], [-118.3454197305162, 52.60703781170881], [-118.34465947234511, 52.60689638561289], [-118.34378669710128, 52.60683625740889], [-118.34288383209696, 52.60686650307161], [-118.34200629666472, 52.60698322438022], [-118.34106338629584, 52.60705683826332], [-118.33965928914584, 52.6072831865893], [-118.33898697975918, 52.60733079252704], [-118.33808645001722, 52.607261322656555], [-118.33569273943462, 52.607256794469265], [-118.33490207716075, 52.607068225476034], [-118.33446756588556, 52.60675372222341], [-118.33419672207462, 52.60631741336935], [-118.33374858366292, 52.605934684686495], [-118.33361929506154, 52.605567522530386], [-118.33306654035935, 52.60506208334118], [-118.33248756482608, 52.604285606935555], [-118.33262499573306, 52.604006878524984], [-118.33286506853986, 52.60348448408572], [-118.33290015693117, 52.602954006972055], [-118.33310138479881, 52.60261542631229], [-118.33372354488951, 52.6017411745921], [-118.33476182769382, 52.600753257458635], [-118.33484090612204, 52.60062308407064], [-118.33478499692464, 52.60046781312747], [-118.33455444697918, 52.60017938652076], [-118.33393124687457, 52.599786393840645], [-118.33326807400651, 52.59939354878168], [-118.33267211860618, 52.59887015507124], [-118.33165880717591, 52.59823918685005], [-118.33081492277485, 52.59782214774619], [-118.33052685255306, 52.59757363946697], [-118.32976451688103, 52.5967469353937], [-118.32989496118488, 52.5965479940795], [-118.33155991568199, 52.59609654789555], [-118.33239621354768, 52.595771503031855], [-118.33355775546025, 52.59525953476436], [-118.33423285331128, 52.595064612825354], [-118.33571158126816, 52.59448125788086], [-118.3362023376303, 52.594351057308444], [-118.33653800891183, 52.594170677484705], [-118.33672116231861, 52.59402317297996], [-118.3367012648766, 52.593929903105185], [-118.33626673667288, 52.59366472214667], [-118.33576847120689, 52.59333575472484], [-118.33553442650422, 52.5931431870174], [-118.33538735632283, 52.592861276658525], [-118.33549013594342, 52.59222173454819], [-118.33566705275447, 52.59133415316436], [-118.33556378101999, 52.59074320586193], [-118.33563555289479, 52.59011345789249], [-118.3357577155754, 52.58896300594244], [-118.33576220509596, 52.588146405735685], [-118.33587938058596, 52.5873097934008], [-118.33602042968526, 52.58692974663229], [-118.3365377591878, 52.58598148344301], [-118.33653482276235, 52.58586828221061], [-118.3363583590252, 52.58580643705768], [-118.335938714525, 52.58569894799825], [-118.33511402232381, 52.58527668359227], [-118.33423240281031, 52.5847877223279], [-118.33368357651213, 52.58434878669244], [-118.33283517677384, 52.5836300960571], [-118.33243875757967, 52.5832416764837], [-118.33213213290044, 52.58288560488304], [-118.33156120307196, 52.582017103215655], [-118.33090937682167, 52.581012392284066], [-118.33028384729347, 52.57995547655225], [-118.32970549165682, 52.57930230201576], [-118.32942862122097, 52.578805354180936], [-118.32918889836621, 52.57838246360893], [-118.3290515746629, 52.57809838574146], [-118.32888463859058, 52.57781538579168], [-118.3287773695035, 52.57773147639261], [-118.32844758719827, 52.57764663175911], [-118.32790233579506, 52.57765617442503], [-118.32683471645502, 52.57756174765521], [-118.32567343795279, 52.57725556679547], [-118.32477775313345, 52.57707407810934], [-118.3236939993109, 52.577022354746084], [-118.32261150776246, 52.57701318798721], [-118.32033481916788, 52.57688919336322], [-118.31993253534004, 52.57673452321718], [-118.3192408444895, 52.57636984524936], [-118.31863419887496, 52.57592973657299], [-118.31825656687178, 52.5758276585708], [-118.3170065080757, 52.575678864437826], [-118.31584862170672, 52.57563750351715], [-118.31433823549403, 52.57570850369266], [-118.31387595167763, 52.575616014087075], [-118.3134015979171, 52.57534884650127], [-118.31294576286705, 52.5749874789286], [-118.31265961475232, 52.574629950502654], [-118.31247973267459, 52.574451175764295], [-118.31215899718813, 52.574231414351125], [-118.31191092509978, 52.574106568672036], [-118.31145220192248, 52.57394150521528], [-118.3108719701816, 52.573799059936775], [-118.31038123408425, 52.57373005966966], [-118.30924553153311, 52.573689458875045], [-118.30769841448978, 52.573829595178275], [-118.30688272984244, 52.57405584032012], [-118.30608265832159, 52.57414972426005], [-118.30539566045208, 52.574180414842104], [-118.30405996974805, 52.57414089842949], [-118.3027242781091, 52.57410137056715], [-118.30174754177533, 52.57416635174971], [-118.30138534795573, 52.57407384700735], [-118.30123236838928, 52.573915015490854], [-118.30103765241955, 52.57352757728136], [-118.30016465247373, 52.57234539688839], [-118.29983614754985, 52.57182877712398], [-118.29935641784655, 52.57140017092424], [-118.29885505842098, 52.57107909870629], [-118.29773707514774, 52.57104122850929], [-118.29645472743549, 52.57129932559128], [-118.29539232856625, 52.57147366097564], [-118.29461414710048, 52.57148217078392], [-118.29365372607958, 52.5713435255298], [-118.2916229080668, 52.57110808765803], [-118.29001932088669, 52.57103066268531], [-118.2889070555023, 52.5711284886421], [-118.28847121745015, 52.57122851927035], [-118.28668682952504, 52.57126590657345], [-118.28516168589292, 52.57147668225493], [-118.28449506694743, 52.57149748115122], [-118.28405594364612, 52.57139279167612], [-118.28326152506084, 52.57114477248731], [-118.28285460754849, 52.57091868783323], [-118.2813195182323, 52.56937608237637], [-118.28062607238454, 52.56882046954988], [-118.27932936283742, 52.5679881785177], [-118.27854886501422, 52.567461108786794], [-118.27719307135443, 52.566949798326654], [-118.2755333861581, 52.56646601898399], [-118.2740394504182, 52.56612515416719], [-118.273016432019, 52.56544388221893], [-118.27200883042387, 52.56455150908261], [-118.2717777840098, 52.56393777307538], [-118.2711458234014, 52.5633512376911], [-118.27053735788317, 52.562687000060976], [-118.27048564742239, 52.562436864622605], [-118.2705467000203, 52.56217981784603], [-118.27061307931548, 52.56145983082379], [-118.2707977382448, 52.56093512122057], [-118.27160669344472, 52.56065686381667], [-118.27247897022187, 52.5603528631821], [-118.27326046256731, 52.55985919198444], [-118.27401102110439, 52.55927919818779], [-118.27486717114122, 52.558420773019684], [-118.27534000279583, 52.557946637268174], [-118.27637422319064, 52.55746868221243], [-118.27698493851506, 52.55727363669538], [-118.27758239019141, 52.5570513402596], [-118.27799935886094, 52.55667126309519], [-118.27846320228747, 52.55600768240157], [-118.27884278869028, 52.5553796689137], [-118.27916733810196, 52.55474159836213], [-118.2798302207704, 52.55415584265491], [-118.27987940160722, 52.553998088739384], [-118.27989653836342, 52.55386308211274], [-118.27985798355137, 52.55363726907456], [-118.279816984383, 52.55324212690617], [-118.27963491080956, 52.55256079779854], [-118.2794034009233, 52.55197730019733], [-118.27930068005628, 52.55144612756916], [-118.27961971796, 52.5511632423647], [-118.27998566656521, 52.5509073723337], [-118.28044362771101, 52.550236151838384], [-118.2807448280197, 52.54934132680093], [-118.2808796899451, 52.54872775802084], [-118.28079333644335, 52.548010120365895], [-118.28059740197419, 52.547623487102236], [-118.28061395580319, 52.54709388141868], [-118.2808370704272, 52.546711772056454], [-118.28106882685915, 52.54642981724313], [-118.28149998246853, 52.546252171403445], [-118.28230863962037, 52.54612148746692], [-118.2845457815134, 52.54596632523518], [-118.28615607984844, 52.54582908045408], [-118.2864777564467, 52.545639281132004], [-118.2866654724239, 52.545344486303776], [-118.2866292903351, 52.544107338979856], [-118.28674515464617, 52.54298110591858], [-118.28719418175233, 52.54192556981786], [-118.28744107663623, 52.54141750523167], [-118.28786551560465, 52.541013905450946], [-118.28999311463832, 52.539926777082286], [-118.29041987090193, 52.53960293696841], [-118.29064840535203, 52.53921475769591], [-118.29050782535047, 52.53888380803487], [-118.29008040561317, 52.538553459428776], [-118.28844359962527, 52.53770048051857], [-118.28724155341786, 52.53711408022134], [-118.28588635390179, 52.536229596114325], [-118.28491601722527, 52.53565829932752], [-118.28450178394819, 52.535327789871836], [-118.28451164091452, 52.53467531919048], [-118.28479014624055, 52.533458924989404], [-118.28504231142975, 52.532422828176394], [-118.28546206869164, 52.531597105584865], [-118.28562044050047, 52.53108406779889], [-118.28532599567937, 52.529905951375824], [-118.28521656280236, 52.528718047625425], [-118.2854838026707, 52.528198466834496], [-118.28616440229736, 52.52732993763538], [-118.28626599445404, 52.52648764037091], [-118.28603131042065, 52.526366769534725], [-118.28438343954797, 52.52633176940193], [-118.28178449015923, 52.52637757079786], [-118.27843403930046, 52.52641380920062], [-118.2772242624627, 52.525545287894886], [-118.27668699255564, 52.52495161667097], [-118.27544534747875, 52.523977634909734], [-118.27402366833026, 52.52331159758461], [-118.27290313868285, 52.5228231712364], [-118.27152588694265, 52.521970886663865], [-118.27028138912388, 52.52089110753721], [-118.26950968478928, 52.52017648736239], [-118.26835191775818, 52.519095751576394], [-118.26816900757255, 52.51876270105802], [-118.26821914324874, 52.51849768846664], [-118.2683915874577, 52.51813535842769], [-118.26916442730754, 52.51721808045072], [-118.26959817675122, 52.516544190892034], [-118.26968108629674, 52.516101751465655], [-118.26961309910564, 52.515528080759395], [-118.26963332262268, 52.514444887384364], [-118.26953509592111, 52.51373130030046], [-118.26809370380083, 52.512406597066835], [-118.26760529521012, 52.5117188162373], [-118.26715570313043, 52.51115059655004], [-118.26660609595766, 52.5106187069399], [-118.26575435215538, 52.51012533935924], [-118.26533816464806, 52.50984675941446], [-118.26479802491717, 52.509509636792735], [-118.26453032143507, 52.509239197335575], [-118.26428771415381, 52.50883626807203], [-118.26415851371775, 52.50836368814707], [-118.26415981038144, 52.507549725704415], [-118.26419301084127, 52.50669424207615], [-118.26412320838939, 52.50602068814953], [-118.26379584275347, 52.505394842438655], [-118.26320338196778, 52.50458488708023], [-118.26276866108834, 52.50435561665027], [-118.26234705524365, 52.50424957143838], [-118.26158037019414, 52.50417775877645], [-118.26021249768563, 52.50433879692473], [-118.259191950701, 52.50449952755107], [-118.2579262277963, 52.50467168869192], [-118.25700192992049, 52.504663881410735], [-118.25576820180574, 52.50443895242531], [-118.25499589133776, 52.50419148139031], [-118.25467180763597, 52.50396570887871], [-118.25448160678714, 52.50375875261953], [-118.25424641951403, 52.50349104320132], [-118.25416220588775, 52.50306899768834], [-118.25419642593596, 52.50253901809073], [-118.25434813514465, 52.501992100817624], [-118.25442420752277, 52.50162124394922], [-118.25437362416766, 52.50136626224107], [-118.25418187609317, 52.500716289218346], [-118.25399363886973, 52.50018961700545], [-118.25333239996105, 52.498675887770126], [-118.2528387977155, 52.49790068912051], [-118.25158399844386, 52.496811908022615], [-118.25089266970018, 52.496488591373165], [-118.25018440317997, 52.49627567025877], [-118.24839659626784, 52.49605868277215], [-118.24148517370362, 52.49182250853947], [-118.23858926324124, 52.488544864162186], [-118.23540466908419, 52.48738948420724], [-118.22994019858355, 52.48979686546855], [-118.22017250643432, 52.48966428538875], [-118.2048921461782, 52.48791081713667], [-118.20445634818218, 52.488209604227606], [-118.20307831595962, 52.48863409491658], [-118.20254278516562, 52.4887216235175], [-118.20200590024118, 52.488658196725005], [-118.20084600282803, 52.48758536531418], [-118.19914541026823, 52.485773436100395], [-118.19836578471055, 52.48512459830253], [-118.1980357510675, 52.48452593339207], [-118.19804858986187, 52.48334915879427], [-118.197273009264, 52.48091673314384], [-118.19658440653866, 52.4793460875355], [-118.19603454110427, 52.47849873345663], [-118.19516325016562, 52.477768714459614], [-118.19429198540097, 52.477038688581835], [-118.19396962536901, 52.47647587453981], [-118.19391191453867, 52.47544429475393], [-118.19460300481852, 52.47432247518151], [-118.19587234682625, 52.47360023694516], [-118.19746555933835, 52.472266467654805], [-118.19846354099106, 52.471241797189016], [-118.19920237905522, 52.47093121573283], [-118.20039450870195, 52.47071415804071], [-118.20163850746601, 52.47064295878821], [-118.20490669705212, 52.47068333109944], [-118.20652083186754, 52.47066688695275], [-118.20809878709393, 52.470313621541536], [-118.20956065051716, 52.469649821213395], [-118.21031827653171, 52.46911968526888], [-118.21066074799064, 52.46855396309766], [-118.21094638023635, 52.46756135648005], [-118.21113996152738, 52.46557819612501], [-118.21133783693476, 52.46493197510917], [-118.2115137651862, 52.464359182939916], [-118.2121312763529, 52.46331304035693], [-118.21307518452497, 52.462415956429545], [-118.21346762562574, 52.462230904968706], [-118.21419674062355, 52.46210863927734], [-118.21540064935624, 52.46196216276286], [-118.21712496092059, 52.461944432730434], [-118.21815234178881, 52.46184601349687], [-118.2191760718172, 52.46161586585368], [-118.22094200578408, 52.460855993778374], [-118.22269803829332, 52.46014763960916], [-118.22413125123913, 52.459442612682004], [-118.22629056690717, 52.45859477977035], [-118.22781218584866, 52.458183909192705], [-118.22871645822049, 52.45796966452467], [-118.22921445888463, 52.45778890912599], [-118.22956834705118, 52.4575949986737], [-118.22977531657625, 52.45728557244227], [-118.22969247107348, 52.45689136041457], [-118.22955074140495, 52.456102682581886], [-118.2294864055654, 52.455658638215304], [-118.22974260057221, 52.455251999533644], [-118.22998805654731, 52.45460561744609], [-118.23041214121882, 52.454352463677616], [-118.23147640607036, 52.45373932174749], [-118.23243857935717, 52.453131107761244], [-118.23365609011142, 52.45252021689733], [-118.2345416245192, 52.45206466362411], [-118.23614474172334, 52.45125326945216], [-118.23648258592212, 52.45113439154679], [-118.23731383046288, 52.450771152174305], [-118.23809092913382, 52.450526216797265], [-118.23951680733332, 52.450190739570914], [-118.2415360077194, 52.44989146252978], [-118.24240327628823, 52.449831791226856], [-118.24356156858454, 52.4498196164544], [-118.24634244058241, 52.45011899583114], [-118.24800569692545, 52.45040484873132], [-118.24929167752836, 52.45051767967388], [-118.24949102059922, 52.450514718691394], [-118.24972223971214, 52.45048271821721], [-118.25002911742305, 52.45039079072403], [-118.25024747175443, 52.450246577827066], [-118.25047078092322, 52.44959386793491], [-118.2507666389469, 52.448379827953346], [-118.2512069440401, 52.44756095089906], [-118.25144856226889, 52.447227989846006], [-118.25179065252779, 52.44635113860584], [-118.25197994142256, 52.4455349050972], [-118.25209500137294, 52.4448256803218], [-118.25247462454655, 52.443862550107696], [-118.25258598720534, 52.4430230798936], [-118.25267603779724, 52.44211298915223], [-118.25266688898374, 52.44110949890294], [-118.25250174125942, 52.44073341442213], [-118.25223326948577, 52.44017273773534], [-118.2519923792825, 52.43979426036877], [-118.251417185543, 52.439257233830986], [-118.25090461699878, 52.438884841669214], [-118.24909726776745, 52.43809506070373], [-118.2464850172674, 52.43743704731375], [-118.24468373965144, 52.43695937028639], [-118.24366483550497, 52.436457569689004], [-118.24300549117865, 52.43600726173793], [-118.2423958524142, 52.435213247659], [-118.24191068376398, 52.43421221581462], [-118.2407851744607, 52.433189970283564], [-118.24007556054744, 52.43233101653366], [-118.23965148281916, 52.42861839658838], [-118.23942878003949, 52.42719538984777], [-118.23901268275925, 52.425993170558485], [-118.23862224315592, 52.424737551173195], [-118.23821668618861, 52.423922460276074], [-118.23778379613948, 52.42272810047047], [-118.2377425711906, 52.42245999554204], [-118.237782369941, 52.42225007961118], [-118.2379275710653, 52.42214048588802], [-118.23952873277126, 52.42121984743514], [-118.23990084144825, 52.420861550050894], [-118.23999370691033, 52.420420325060846], [-118.24003088124716, 52.42004496935876], [-118.23963270661734, 52.418976950659186], [-118.23911757604728, 52.41814488599317], [-118.23827491882707, 52.41706106649514], [-118.23807192878245, 52.41635309851869], [-118.2380575884949, 52.4158411576508], [-118.2382248452112, 52.415273628684005], [-118.23901179431537, 52.414371395302055], [-118.24023185863355, 52.41321404143], [-118.2406865946788, 52.41237528506403], [-118.2410840580116, 52.41120063394423], [-118.24144354871146, 52.410377505358554], [-118.24194919297834, 52.40965110474858], [-118.24243103727726, 52.40887227996541], [-118.24255434679333, 52.40748035027798], [-118.24316196772293, 52.405983988925875], [-118.24345319307533, 52.404788937358106], [-118.24370570111553, 52.40376029741576], [-118.243692952965, 52.40363739449893], [-118.24359610133598, 52.40359454987163], [-118.2433183476169, 52.40355601451102], [-118.24119760311996, 52.403198607151516], [-118.23865298293998, 52.40289287968535], [-118.23612663614632, 52.402741215479274], [-118.2344111823836, 52.402679995114056], [-118.23252751277757, 52.40238304798642], [-118.23109694945992, 52.40210112565204], [-118.23010853016889, 52.401795737678505], [-118.22734421902989, 52.40060946158761], [-118.22557505731709, 52.399488726449306], [-118.22537158076548, 52.39930950018673], [-118.22398969494779, 52.39809232614194], [-118.22241350894599, 52.397395172017255], [-118.22066512773475, 52.395950009948365], [-118.22014322813554, 52.39460979653035], [-118.21992802872009, 52.393840281621834], [-118.21993405422586, 52.39301633850743], [-118.22041341679815, 52.39131719062996], [-118.22022048665406, 52.38989988697643], [-118.2202039360021, 52.3884104803802], [-118.22026487217224, 52.387103828519784], [-118.22012209170177, 52.386331770123725], [-118.21969076074137, 52.38508166104501], [-118.2196459177465, 52.38462697771279], [-118.21989022573798, 52.38410997124101], [-118.22090054299498, 52.383058351603715], [-118.22198778155925, 52.381983970721336], [-118.223196936136, 52.38083237738169], [-118.22466255411767, 52.37998187943476], [-118.22576435599848, 52.37943887999702], [-118.22539555324833, 52.37868152528475], [-118.22485605058887, 52.37800544807931], [-118.22323982413508, 52.376686595931425], [-118.21992595727066, 52.37471512485929], [-118.21790158994108, 52.37329315204531], [-118.21676022046759, 52.37239364779343], [-118.21635902138122, 52.37207044092457], [-118.21590424131497, 52.371673371479574], [-118.21293867757424, 52.37168948088358], [-118.19616186153182, 52.37179083760479], [-118.18682153289626, 52.371847592944796], [-118.18492318263812, 52.37256892278127], [-118.18245973182778, 52.375553664735094], [-118.18588936602417, 52.380765065590126], [-118.18116060601785, 52.38439090413253], [-118.17310957417587, 52.39056313080836], [-118.1712579098474, 52.39048263557951], [-118.16826124498792, 52.39045617789947], [-118.16562824198486, 52.39071329474156], [-118.16344503669923, 52.39119155828431], [-118.16109249553082, 52.391913255246365], [-118.15824917254051, 52.39234417924432], [-118.15574794427063, 52.39242239825239], [-118.15208817134452, 52.39241916043883], [-118.15069732589652, 52.3924179288965], [-118.14608576911593, 52.39240899949608], [-118.14410859511844, 52.39237440542045], [-118.14332175027133, 52.392516360316506], [-118.14297674997854, 52.3927615101051], [-118.14281012878824, 52.39311240564066], [-118.14327151160366, 52.394444800230715], [-118.14424417116368, 52.39566893526538], [-118.1453959515559, 52.39742620614766], [-118.1456825325427, 52.39819803890121], [-118.14580986158884, 52.399025477227525], [-118.1457903508857, 52.399786981463606], [-118.14558774483078, 52.4009712448623], [-118.14536612585427, 52.40142184555163], [-118.1450778740992, 52.40187309721459], [-118.1447311730274, 52.402246219734124], [-118.142467708856, 52.40385511691488], [-118.14105505608906, 52.40494278769219], [-118.14054079112576, 52.40531645182877], [-118.13886617077955, 52.40608269709977], [-118.1383671521493, 52.406121536825836], [-118.13756968225537, 52.40590612980955], [-118.13527559192839, 52.40538136254678], [-118.13318639056291, 52.40482149161991], [-118.13163686014433, 52.40439209846847], [-118.12911091055668, 52.40395138884253], [-118.12757752946156, 52.40384567944606], [-118.12634343270723, 52.40407262750606], [-118.12519236897462, 52.40413169362783], [-118.12390750272021, 52.4040797834581], [-118.12272751064798, 52.403882854744786], [-118.12015812778178, 52.40339869925457], [-118.11793459821277, 52.403271939649045], [-118.11591323819755, 52.403342680664224], [-118.11231086842115, 52.40345726149567], [-118.1099349645271, 52.40351244313785], [-118.10502762911993, 52.403833849684965], [-118.10326336547497, 52.40383138540611], [-118.10221703431658, 52.40388923166903], [-118.10109610518305, 52.40410807615175], [-118.09976880820754, 52.40457517379162], [-118.0989658493266, 52.404798425265916], [-118.09688884757776, 52.40508161311485], [-118.09563697561704, 52.40515901236184], [-118.09419095541352, 52.40516376753157], [-118.0925669356855, 52.40521736736611], [-118.09102981289904, 52.405132554551884], [-118.08934183397092, 52.40533805263211], [-118.08791911659516, 52.40566463228717], [-118.0855195240748, 52.405960323527964], [-118.0818229543409, 52.40595966625294], [-118.07916600520517, 52.405776737999545], [-118.0769992682301, 52.405511194897585], [-118.0747019391178, 52.40503867949399], [-118.06932737019682, 52.40375889949512], [-118.06533309227481, 52.40293946722315], [-118.06092496825832, 52.402449326028204], [-118.05690600149451, 52.40210979879391], [-118.05217380476103, 52.40195190089086], [-118.0481392165429, 52.40190550222195], [-118.04604041811051, 52.40207090975916], [-118.04544187539715, 52.40226070903627], [-118.04541963714213, 52.40247897293114], [-118.04553320470112, 52.40264572272833], [-118.04614324276403, 52.40294226468522], [-118.04689030709146, 52.403237592111836], [-118.04797139930213, 52.40374801839819], [-118.04841781895419, 52.404079528590806], [-118.04869902369475, 52.40437899242327], [-118.04888579932444, 52.40493868234913], [-118.04981370997982, 52.40687243764766], [-118.05042091105172, 52.407813509329024], [-118.05088804758807, 52.40877792111515], [-118.05125421939064, 52.40970394076956], [-118.05138775110032, 52.410708650107495], [-118.05196242915919, 52.41196770178156], [-118.05279204682704, 52.41279781122521], [-118.05293526731538, 52.41403257318524], [-118.05285873914397, 52.41514652252597], [-118.05260215064938, 52.4158638176678], [-118.0519094482698, 52.416501560282136], [-118.05116717106178, 52.41687461148037], [-118.05018586703895, 52.417233922532425], [-118.0480526108994, 52.41754206473373], [-118.04759546800909, 52.41753681996972], [-118.04714375769554, 52.41746805721844], [-118.04672404769286, 52.41734430268018], [-118.04620708065268, 52.41722574832791], [-118.04592942767017, 52.417274792970346], [-118.04519051946691, 52.41748534888769], [-118.04400609325096, 52.41806950941707], [-118.04331457785257, 52.41856962050257], [-118.04223951746437, 52.41937590305975], [-118.04124106208003, 52.42011774863321], [-118.0393536998491, 52.42217712977107], [-118.0387796811015, 52.42346203976028], [-118.03858278974072, 52.424127221095766], [-118.03775469544539, 52.42610212413184], [-118.03714835229961, 52.42739073114348], [-118.03723793390388, 52.42787339577041], [-118.03743963211264, 52.42834357623273], [-118.03771993989854, 52.429006420782976], [-118.03773292333062, 52.431199639966664], [-118.03743526994754, 52.43183968505264], [-118.03726711599997, 52.43244673139427], [-118.0366077223726, 52.433217420519576], [-118.03577957954394, 52.43437611156564], [-118.0353278075651, 52.43511311178654], [-118.03492438607819, 52.435690331563904], [-118.03476038825978, 52.43640470506146], [-118.03414650547145, 52.43783060242689], [-118.03425270495794, 52.438166266123744], [-118.03449242599577, 52.43838727293873], [-118.0348581429747, 52.4386800864187], [-118.03563206709292, 52.439454164523696], [-118.03611939509217, 52.440230750902366], [-118.03756897690074, 52.44091921434313], [-118.03827588550477, 52.441056421967865], [-118.03877283631088, 52.44113174995746], [-118.04010512644658, 52.44126346607045], [-118.04156183645631, 52.441613524489426], [-118.04526987406989, 52.44184439564576], [-118.04720779141648, 52.44183821397316], [-118.04838341071887, 52.441955285599406], [-118.04940834804904, 52.44231271006067], [-118.05014743086944, 52.44270454858239], [-118.05061923773289, 52.44324163240192], [-118.05094299368697, 52.443466794649474], [-118.05111212757744, 52.44365222068843], [-118.05117976813891, 52.44391994245523], [-118.05174901898509, 52.444436394487404], [-118.0530580598808, 52.44538392990384], [-118.05450030391013, 52.44663414904831], [-118.05523436877687, 52.44790174926325], [-118.05559095077624, 52.448097664488095], [-118.0558674520974, 52.44821463918783], [-118.05597844157481, 52.44831858137992], [-118.05600874441599, 52.44857049010483], [-118.05651272456478, 52.44939408500528], [-118.05705155087637, 52.45023561286106], [-118.05734306007362, 52.45094880122282], [-118.05780404130839, 52.45150122055888], [-118.05806630771642, 52.452116704408475], [-118.05844239718623, 52.452622999843705], [-118.05910747629721, 52.45323591011885], [-118.05964973325491, 52.453875238318204], [-118.06011699933352, 52.45454741309031], [-118.06022235415466, 52.45473701900771], [-118.06025782518235, 52.45495137372347], [-118.06026257245126, 52.45517532867149], [-118.0601667074507, 52.45544667147924], [-118.06006010770504, 52.455749980149655], [-118.05969271389105, 52.45606172363659], [-118.05929099337634, 52.45614463912966], [-118.05874132656574, 52.456070239924244], [-118.05691590696392, 52.45620412251467], [-118.05507432629648, 52.45604962028179], [-118.05309810579263, 52.455829795575866], [-118.05088711224651, 52.45575828535905], [-118.05002097192688, 52.45582488522087], [-118.04920076962806, 52.45578205967275], [-118.04853444205531, 52.455820085921175], [-118.04709180366241, 52.456223530867305], [-118.04622697095144, 52.4565754147521], [-118.04497521698529, 52.457208086408684], [-118.04369844238472, 52.45766337711286], [-118.04254335142441, 52.457769873299], [-118.04176338263946, 52.45774246067048], [-118.03990194945519, 52.45776658419963], [-118.03917827182907, 52.4576955766584], [-118.03842172278418, 52.45760853125845], [-118.03753863291699, 52.45760729281714], [-118.03502310369095, 52.45679838397421], [-118.03252343955707, 52.45606924244796], [-118.03078041820751, 52.45550689351759], [-118.02982805819443, 52.45514831285403], [-118.02871076618187, 52.45509072623383], [-118.02757590054911, 52.45516137755332], [-118.02616096499263, 52.45540811385112], [-118.02536527637466, 52.455627624037774], [-118.0249879263889, 52.45585566259244], [-118.02443285720786, 52.4562393793931], [-118.02332683616575, 52.45694362455335], [-118.02226974747546, 52.45767810813484], [-118.02129091986723, 52.45835521852761], [-118.02013454682307, 52.45872990825908], [-118.0181444110357, 52.459119515603035], [-118.01804425079372, 52.45926892893943], [-118.01809287557631, 52.459529017752544], [-118.01843150094038, 52.460003024446834], [-118.0187633671659, 52.46087790875681], [-118.01958994099941, 52.46160020611792], [-118.01993761320581, 52.4620248643791], [-118.02139009098858, 52.462776508784856], [-118.02214190380685, 52.46330916691358], [-118.0228934716358, 52.46391141721668], [-118.02404914839526, 52.46543681858261], [-118.0252407254612, 52.466572107526055], [-118.0256029952484, 52.46712456647405], [-118.02551190666826, 52.46784553396673], [-118.02489571388321, 52.46963008825857], [-118.0247907332539, 52.47058964367059], [-118.02472795131365, 52.471915154237195], [-118.02484477163969, 52.47250751489037], [-118.02484380254832, 52.472892799407454], [-118.02466717226983, 52.47328310819324], [-118.02453663705468, 52.4733733349287], [-118.02436554508607, 52.473431515252415], [-118.02390346256506, 52.473524618990645], [-118.02296471312528, 52.47365422459468], [-118.02104422269808, 52.473776115748834], [-118.02059088112209, 52.47382096751682], [-118.02018541494334, 52.47392121810544], [-118.01925878323549, 52.47400210905919], [-118.01877165337854, 52.4741601990269], [-118.01856359579389, 52.474340186669195], [-118.01839567276612, 52.474536025705916], [-118.01818735159772, 52.47481879985399], [-118.01736958409639, 52.47690273497345], [-118.01707440336, 52.47806593626267], [-118.01619487552146, 52.47887711678366], [-118.01496417202044, 52.47996964579102], [-118.01328197063097, 52.48103653701286], [-118.0125402419922, 52.481652949470686], [-118.0119709281085, 52.48228313080065], [-118.0108754640609, 52.4832676268879], [-118.00987109373577, 52.484352110522835], [-118.00887776543274, 52.48527533647486], [-118.00826854632058, 52.48609693074922], [-118.00803324503771, 52.48640984072231], [-118.0074116557982, 52.487266957397935], [-118.00711050789782, 52.487444028374114], [-118.00696881701705, 52.48855311133431], [-118.00673912788164, 52.48922115670059], [-118.00613403933424, 52.48989542091243], [-118.00542303879013, 52.490941956871254], [-118.00310896736868, 52.492008913012484], [-118.0013490387244, 52.49280740339603], [-118.00001750983134, 52.49381953256822], [-117.99910871652828, 52.494324384535595], [-117.99737809576217, 52.49516784154834], [-117.99582810910519, 52.49621206750282], [-117.99263301911202, 52.499296520773974], [-117.99194950935177, 52.50005558536055], [-117.99180431008897, 52.49990410164829], [-117.99172540010436, 52.49898831448308], [-117.99163780631592, 52.498368700315545], [-117.99153344519216, 52.49778380496232], [-117.99147241866578, 52.4973102049326], [-117.99129852777888, 52.49662411993106], [-117.99101168257039, 52.49609222314803], [-117.99081482426858, 52.49582486873788], [-117.99053158450597, 52.49551053965236], [-117.99007339267025, 52.49511806246338], [-117.9892438440729, 52.49444019173306], [-117.98840888217079, 52.49397669511525], [-117.98705402328628, 52.49348431387333], [-117.98617571140156, 52.49324478600326], [-117.98550723364247, 52.49304394083585], [-117.98469460397962, 52.49287952164228], [-117.98411946017978, 52.49284833955292], [-117.98394810528967, 52.49280555301341], [-117.98386570496511, 52.49269761080114], [-117.98371475028554, 52.49258009495847], [-117.98368347924318, 52.49247122388757], [-117.98371317064863, 52.492367470195454], [-117.98451638239787, 52.49173944425024], [-117.98596098849536, 52.49070882359557], [-117.98771983916032, 52.488834984391865], [-117.98808240303964, 52.488440804512564], [-117.98820179009222, 52.48801606826707], [-117.98818490586396, 52.487262449988194], [-117.98793595005786, 52.486571894887526], [-117.98790101986255, 52.48544457194093], [-117.98751030291706, 52.484679739129604], [-117.98640592828124, 52.483734243640924], [-117.98548616152227, 52.483260082268416], [-117.98418481323154, 52.482668211440085], [-117.98344910078751, 52.48245109545689], [-117.9821717853997, 52.48211570079388], [-117.98090810135699, 52.48157669480908], [-117.98021381079388, 52.48159030133848], [-117.9793084094965, 52.48194354082343], [-117.97814085492922, 52.48218270183528], [-117.97750394590267, 52.482359204824604], [-117.9760502999866, 52.482583024039194], [-117.97438866747875, 52.48309322577175], [-117.97396684749917, 52.48318165133045], [-117.97360812670425, 52.4832474766804], [-117.97332483662707, 52.48323408396985], [-117.97325157742164, 52.48308120614197], [-117.97323547416339, 52.48288694069457], [-117.97263579800504, 52.482320405595374], [-117.972046338355, 52.48183807760477], [-117.97154493893683, 52.4811315858215], [-117.97098110432891, 52.48005971553685], [-117.9707702096241, 52.479437734591514], [-117.97087813822517, 52.47894574138438], [-117.97098347182455, 52.478336953737504], [-117.97120139440909, 52.477850296359826], [-117.97146157532283, 52.47737576035015], [-117.97183120811364, 52.47660506353343], [-117.9720720524999, 52.47613069540983], [-117.9726564533862, 52.47550814101998], [-117.97348260756438, 52.47440300567164], [-117.97418297985945, 52.47311539293151], [-117.97434882679977, 52.47243720551969], [-117.97438852294198, 52.47175612114074], [-117.97451881249869, 52.47143079271229], [-117.97455851666385, 52.4711617219352], [-117.97452659448689, 52.470956629845546], [-117.97436705238626, 52.47076273314867], [-117.9738393358195, 52.470416644118075], [-117.97267659310796, 52.469765540891714], [-117.97204509491209, 52.46929079212705], [-117.97132462390591, 52.468923830873365], [-117.97097533275175, 52.46867114157405], [-117.97052829501125, 52.46830082553729], [-117.97024515241968, 52.46788458588606], [-117.96970329418333, 52.46733095429749], [-117.9681967000083, 52.46641439275621], [-117.96720282816065, 52.46565238602089], [-117.96641371137449, 52.46524943074529], [-117.9645280483426, 52.46473373464404], [-117.96402969373517, 52.46453190273512], [-117.96355084810106, 52.46424786395387], [-117.96310306497216, 52.46382313487159], [-117.96258118857558, 52.46292330282627], [-117.96244055692843, 52.46269804453453], [-117.96212497624902, 52.462332224669936], [-117.9615806663259, 52.461789805413154], [-117.96130180141812, 52.4615632519845], [-117.96003856935769, 52.46087205131159], [-117.95869440737164, 52.46023257335767], [-117.95708867515489, 52.45950282544929], [-117.95631570758921, 52.459137005777364], [-117.95547151395364, 52.45856748493998], [-117.95527313332374, 52.458463625919926], [-117.95500331456572, 52.45838291686971], [-117.95459444409043, 52.458324006654045], [-117.95418877144215, 52.45829461320557], [-117.95330062417527, 52.458179007572554], [-117.95231406341355, 52.458159033106796], [-117.95166057204975, 52.45810507877889], [-117.95103775375364, 52.45801522557459], [-117.95059367479497, 52.4577453355339], [-117.95018924192202, 52.45719814248415], [-117.94955863674572, 52.45631940802114], [-117.94918763419136, 52.455624806684725], [-117.94864827430698, 52.45459543313645], [-117.94836941422916, 52.453725717457445], [-117.94818198300764, 52.453122633047364], [-117.94799350584192, 52.45266784556019], [-117.94787193165728, 52.4524890071022], [-117.94782540210477, 52.4524174257793], [-117.94772210484008, 52.45236433654624], [-117.94598465804435, 52.451632026467585], [-117.94550781381925, 52.45133244605461], [-117.94491783802478, 52.45108483313367], [-117.94446019274832, 52.450952717476895], [-117.94331263992939, 52.45071571801466], [-117.94202778123302, 52.45025049840685], [-117.94124661249973, 52.4501117177022], [-117.94041557962859, 52.449941252862175], [-117.93961843178606, 52.44982172378598], [-117.93916921151538, 52.449456678644395], [-117.93876912680778, 52.448921143926256], [-117.93855859346709, 52.44868936277777], [-117.93828036063489, 52.4484837631135], [-117.93773640983505, 52.44801347217143], [-117.93727544842791, 52.44774774452592], [-117.93625572740142, 52.44745053725534], [-117.9350449258806, 52.44714583499861], [-117.93421896431927, 52.44698176367265], [-117.93333485479104, 52.44684507884414], [-117.93190816954623, 52.44674857607609], [-117.93119499025912, 52.44672366744304], [-117.93001920975072, 52.446786853401996], [-117.92919535695117, 52.446793338955196], [-117.92858416260168, 52.44651572626888], [-117.92818533897827, 52.446342745504], [-117.92779052371444, 52.446140345046295], [-117.9272442992398, 52.446005454825745], [-117.92695655771453, 52.44598376492131], [-117.92605841522558, 52.44595483599595], [-117.92564241419187, 52.44605408062476], [-117.925074324823, 52.44627851930828], [-117.92406325395706, 52.446739855570634], [-117.92333747994792, 52.44706367471708], [-117.92276717001934, 52.44727976466059], [-117.9225258992228, 52.44733103624684], [-117.92207890315862, 52.44736593859036], [-117.92136498890336, 52.447376049525445], [-117.91919841458326, 52.44720410654208], [-117.91707414131105, 52.446941888468395], [-117.91639829668866, 52.44680352069223], [-117.91568496843159, 52.44675521123744], [-117.91557993625509, 52.44672007512146], [-117.91557167771931, 52.446603521161194], [-117.91569366338678, 52.44635921022949], [-117.91608763244318, 52.44580143628756], [-117.916874140693, 52.44505790029125], [-117.91778661372392, 52.444106836103465], [-117.91849311404401, 52.4434991644857], [-117.91887867707354, 52.44315183599858], [-117.91915659159562, 52.44274534608761], [-117.9193094108245, 52.44241052007007], [-117.91940409620081, 52.441840145062926], [-117.91936881138702, 52.441425396986595], [-117.91930997388947, 52.441157300462386], [-117.91910114001048, 52.440603681248824], [-117.91886013969776, 52.440140144843035], [-117.91874458580429, 52.439921319560376], [-117.91853653977708, 52.43968283519757], [-117.91786069321215, 52.43908375928398], [-117.91702051227738, 52.43839488101317], [-117.9163314300666, 52.437666210289024], [-117.91601375119404, 52.437362358764325], [-117.91565851406419, 52.437138765796306], [-117.91444681003111, 52.43659610006584], [-117.91308342883067, 52.43611214678835], [-117.91074684107315, 52.43543519197786], [-117.90917462620472, 52.43486281048663], [-117.9082832787261, 52.43445888902265], [-117.90772500651147, 52.43417825616204], [-117.90746538669883, 52.43406021072231], [-117.90715211690193, 52.43396741813283], [-117.90676493682432, 52.43390001828779], [-117.90643267241293, 52.43387970734121], [-117.90513158602677, 52.433598288206454], [-117.90385216693707, 52.4333106112095], [-117.90248993581828, 52.432998592112135], [-117.90069391514027, 52.43262121253715], [-117.89927863845243, 52.43218116707045], [-117.89883144441364, 52.43188258071596], [-117.89853852751808, 52.43167308278281], [-117.89822230846511, 52.43126379232876], [-117.897949377016, 52.43078498061434], [-117.8976860869067, 52.43044449049304], [-117.89737298349434, 52.43018808943695], [-117.89657997807574, 52.429666321356436], [-117.89573639676689, 52.42913643806682], [-117.89402390554277, 52.42824912834442], [-117.892975710994, 52.427798302812405], [-117.8919766663293, 52.427498437710284], [-117.8905420866767, 52.42734616068318], [-117.8887535030709, 52.42735729060332], [-117.88561775560864, 52.42721429152648], [-117.88196847048405, 52.42727102111353], [-117.88067770395176, 52.427185124600136], [-117.87899543933642, 52.42705436989312], [-117.87747168849998, 52.42671799568576], [-117.8770593219016, 52.426587994778764], [-117.87679663144768, 52.42642029182215], [-117.87626536077775, 52.42594972998147], [-117.87562628217955, 52.42479072508065], [-117.87468357016344, 52.423692414358754], [-117.87382770091911, 52.423031440393565], [-117.87286148170926, 52.42251645372407], [-117.87216286654002, 52.4220902593942], [-117.87109827831773, 52.42103396405294], [-117.87071881617197, 52.42079119480731], [-117.87026101545003, 52.42064721585764], [-117.86983223282492, 52.420617633599825], [-117.868338035117, 52.42030290566243], [-117.8663025764779, 52.41988644163955], [-117.86546518911886, 52.419752834585246], [-117.86412266390467, 52.419506261423486], [-117.86342720515839, 52.41931615073015], [-117.86287393675168, 52.41914017040257], [-117.86258160667927, 52.419066395729445], [-117.86221176781825, 52.41901921581692], [-117.86190682482787, 52.41902576426473], [-117.86104581096147, 52.41889540286443], [-117.85983382351502, 52.418591905886565], [-117.85888231388492, 52.41825228771511], [-117.85790845553629, 52.41787099690436], [-117.8571621473001, 52.41743370748658], [-117.8566701926284, 52.416942487286676], [-117.85628844410572, 52.41658523673054], [-117.85584364167006, 52.41617819691432], [-117.85552386176346, 52.415779772064994], [-117.85515051396123, 52.41540845448898], [-117.85429965585722, 52.41460552595979], [-117.85328422775719, 52.41373506155913], [-117.85320178480733, 52.41368872551626], [-117.85298671286293, 52.413679970737945], [-117.85248551362805, 52.41369252623002], [-117.8497960080303, 52.41409413341926], [-117.84901924217999, 52.41427145517142], [-117.84852309769576, 52.414437218134545], [-117.84720740701808, 52.414990482013074], [-117.846246699968, 52.4153408441639], [-117.84556898171392, 52.41567515401497], [-117.84524918850164, 52.416216237536446], [-117.8450502929732, 52.41700048274322], [-117.84477674516057, 52.41762215425434], [-117.84458658250385, 52.418438527854285], [-117.84199785415326, 52.4183737286788], [-117.84073936957446, 52.41840677366833], [-117.83964794952631, 52.41856373456394], [-117.83909645266772, 52.4186162372092], [-117.83816145913195, 52.41867688304294], [-117.83691431743344, 52.41856655394178], [-117.83576587910052, 52.41852173572258], [-117.83338971553121, 52.41824724549674], [-117.83270687191917, 52.418205728539384], [-117.83112689148942, 52.4179343163037], [-117.82879534032823, 52.4177254981919], [-117.82550465737349, 52.417574097454946], [-117.82196287028823, 52.41751551115525], [-117.81937574540876, 52.41753345905587], [-117.818026803314, 52.41759626704699], [-117.81753435665398, 52.41696544005899], [-117.81694175729149, 52.4162758412292], [-117.81642734464421, 52.415724439983705], [-117.8157236915933, 52.415030731387056], [-117.81446497570681, 52.41416337032091], [-117.81382298174323, 52.4136413755707], [-117.81360499616504, 52.413381950728564], [-117.81338250463857, 52.41324875029605], [-117.81255843370859, 52.413209460370695], [-117.81162683285046, 52.41291916991191], [-117.81054734338288, 52.412591286299964], [-117.8092962643412, 52.41235760201712], [-117.80697368997502, 52.411635339213056], [-117.80618304531812, 52.411253912710045], [-117.80557937870142, 52.410948931986155], [-117.80534090860178, 52.41080631855263], [-117.80495663118367, 52.410520448555054], [-117.80419688335105, 52.4099692476286], [-117.80363230771957, 52.409620913588014], [-117.80331304216807, 52.40954253888818], [-117.80291623167446, 52.40949372006949], [-117.80197657134995, 52.40937981061611], [-117.80078046062738, 52.409150023645], [-117.79874119039211, 52.40891849452231], [-117.79629193739711, 52.40874684887201], [-117.79537027993248, 52.40879580990163], [-117.79490831810797, 52.40873526813487], [-117.79413604868617, 52.40856462325235], [-117.79350526642172, 52.40837609475072], [-117.79287019471533, 52.408316469541816], [-117.79216682888348, 52.408340114100426], [-117.79143387915316, 52.40850572080597], [-117.79066099565311, 52.40880871489219], [-117.7903422844388, 52.409214378979726], [-117.79001240929695, 52.40946924293138], [-117.7899104397082, 52.40958691428167], [-117.78891390359556, 52.40976437907815], [-117.78787184086228, 52.40986124348904], [-117.78690212523578, 52.40989466968064], [-117.78451291673613, 52.41029714115536], [-117.78355420776813, 52.41030304387823], [-117.78271745859355, 52.41019215985346], [-117.7816253750252, 52.40995664525219], [-117.77896701187373, 52.40952753458751], [-117.77865749592412, 52.40948069078274], [-117.7773972767178, 52.40928997419197], [-117.77648234650002, 52.40926229107242], [-117.77579147767852, 52.409386005867674], [-117.77545303669118, 52.409486406332135], [-117.77481956793144, 52.40975994261746], [-117.77422977397156, 52.409915407400575], [-117.77243176536724, 52.41007166553088], [-117.77163639081557, 52.41028762670573], [-117.77125344463533, 52.4104503043899], [-117.77039360370519, 52.41091958083793], [-117.76979725685159, 52.41148831750526], [-117.7696710816073, 52.412155155288616], [-117.76945328182717, 52.41230831626615], [-117.7690710452248, 52.41251313706527], [-117.76845414740438, 52.412694182209556], [-117.76735116496258, 52.412941865761034], [-117.76521830054277, 52.41334551750165], [-117.7644253715848, 52.413404582697424], [-117.76341343669189, 52.41346128530683], [-117.7630175666211, 52.413479955888555], [-117.7625155904025, 52.41341220892079], [-117.7619372441218, 52.413158144290385], [-117.76142894686237, 52.4128155181868], [-117.76108461103041, 52.41245546631894], [-117.7607888536891, 52.41210618265182], [-117.76014689253577, 52.41128710556549], [-117.75991459113028, 52.41092020823811], [-117.75949837170471, 52.41008389958085], [-117.75930958385037, 52.409536317371696], [-117.75902829384158, 52.40882465419346], [-117.75879591015108, 52.40836120881206], [-117.75785274209112, 52.407369298327325], [-117.75747780856106, 52.406737253016836], [-117.75709992857477, 52.40620275703371], [-117.7564786960213, 52.40551280901324], [-117.75590192378695, 52.40504424711679], [-117.75463183210785, 52.404374919073604], [-117.75339707642918, 52.403837525813195], [-117.75250678536534, 52.403359938069045], [-117.75059032139049, 52.40245319548587], [-117.74922576641248, 52.40197222835839], [-117.74736857891001, 52.40121381574903], [-117.74587883531622, 52.400819429608084], [-117.74525642946806, 52.400570429803764], [-117.74417031259237, 52.399973584739094], [-117.7435666271155, 52.39960954475046], [-117.7427972461901, 52.399216707495874], [-117.74213942658916, 52.398736693644295], [-117.74150984705547, 52.39825651928788], [-117.74127458339589, 52.39797140917678], [-117.74112902670626, 52.39744624873927], [-117.74120477436192, 52.39690976526298], [-117.74125489233631, 52.39652905476093], [-117.74108079471202, 52.396253493559044], [-117.74081078237646, 52.39607476547555], [-117.74038986584667, 52.39575581002345], [-117.73963773456586, 52.39531316512449], [-117.73900139942329, 52.39484394484257], [-117.73851006425743, 52.39455783009504], [-117.73802670859823, 52.39437684947632], [-117.73746009116323, 52.39427044909161], [-117.73658247155828, 52.39415487545834], [-117.73555648826324, 52.3940965017884], [-117.73415268940127, 52.39398692031732], [-117.73307322372855, 52.3937617197622], [-117.73196482269057, 52.3933536109678], [-117.73119365014132, 52.392839669059484], [-117.73055314047933, 52.39264876617573], [-117.72994748020872, 52.392639875378855], [-117.72944582440458, 52.392710695422274], [-117.72868252056139, 52.39267217839447], [-117.72817184887019, 52.39253701100166], [-117.72771682985346, 52.39234961067455], [-117.72690266063489, 52.39179267515661], [-117.72618188748284, 52.39140398611259], [-117.7253519325726, 52.390906301306096], [-117.72437844079212, 52.390498230605054], [-117.72367335071363, 52.39027667703735], [-117.72276426690713, 52.39004576703233], [-117.72190224127934, 52.389833147952075], [-117.72295497574713, 52.38917607584574], [-117.72362342078449, 52.38866921263512], [-117.72438853114217, 52.38816174622129], [-117.72495979505506, 52.387625894752205], [-117.72583252973386, 52.38704194090236], [-117.72623435693849, 52.38657263036915], [-117.72627976951932, 52.38589803143681], [-117.72628438713639, 52.38531876049955], [-117.72621774902308, 52.38470314703282], [-117.72594971054767, 52.383858029828616], [-117.72624273651759, 52.38332965716586], [-117.72637561890686, 52.383138256056604], [-117.72647271513723, 52.38261844976195], [-117.72651425858814, 52.382204147271175], [-117.72671001820406, 52.382004320165485], [-117.72703205910422, 52.3818381465131], [-117.72737683778386, 52.381755217567296], [-117.72815839343387, 52.38164113920262], [-117.72936112837662, 52.38168026817755], [-117.72203800333726, 52.37117028879905], [-117.72012970311945, 52.36567754661288], [-117.70637475664591, 52.36213492790344], [-117.70475458089389, 52.35637372893758], [-117.71708689791387, 52.353596830639866], [-117.71857327342748, 52.35172973964663], [-117.72529503564452, 52.352811577117045], [-117.7385368856095, 52.3431384848663], [-117.73812760907798, 52.34162215649259], [-117.73786920813778, 52.3403388335779], [-117.73801756283724, 52.33937316170588], [-117.73816995650486, 52.338948691147124], [-117.7385829611545, 52.33821311778043], [-117.73881181361149, 52.33759269106681], [-117.73897504436364, 52.33622339417305], [-117.73935179472139, 52.335143117200566], [-117.73949955456757, 52.3344417560142], [-117.73961610218734, 52.33346369098885], [-117.73974598045943, 52.33328369149806], [-117.73995555994388, 52.33310320610365], [-117.74072097964181, 52.3327889159534], [-117.74140913486022, 52.33262171615143], [-117.74231011694894, 52.3324694516203], [-117.74378882627484, 52.33190633495023], [-117.74461933692444, 52.33145154205134], [-117.74547405205692, 52.330983516549615], [-117.7459189020185, 52.33057348329607], [-117.74628101238608, 52.32998479372145], [-117.74651356014718, 52.329592379869574], [-117.74679895984099, 52.32918334074354], [-117.74684800614739, 52.32893871562191], [-117.74697207035045, 52.32841667089815], [-117.74694586517688, 52.327721341601645], [-117.74648009469237, 52.325908405979746], [-117.74656198066347, 52.32547712225952], [-117.74674901262, 52.32508078043874], [-117.746727352149, 52.32379460561689], [-117.7465713205399, 52.323276540449385], [-117.74670569984514, 52.322508424997515], [-117.74709976021175, 52.32185146992875], [-117.74771246115559, 52.32105775995768], [-117.74865133348308, 52.31992811493174], [-117.74999533861359, 52.31885429558815], [-117.75110262249997, 52.31820923004213], [-117.75179084952963, 52.31783984916215], [-117.7526994806773, 52.317618470025685], [-117.75377175728083, 52.31764473294944], [-117.7551354437689, 52.31792122429821], [-117.75704435977876, 52.31799126276057], [-117.75891273928035, 52.3182908689782], [-117.76026975321427, 52.318403314295], [-117.76117453386337, 52.31848404203661], [-117.76233544985072, 52.318684268136664], [-117.76327085057318, 52.31890324812757], [-117.76439930314461, 52.31914729925498], [-117.76524863262381, 52.31899432012087], [-117.76614864655708, 52.31879808030273], [-117.76735409058749, 52.31830557137357], [-117.76782467043853, 52.317765893128474], [-117.76853733555022, 52.31749313785366], [-117.76894002611574, 52.3174233894957], [-117.76925082662144, 52.317438680483924], [-117.7695060704101, 52.317506247751524], [-117.7699614719707, 52.31771966724227], [-117.77027708351218, 52.318011880591264], [-117.77094870474357, 52.3184835308658], [-117.7714480720299, 52.31866128611178], [-117.77223100721642, 52.318821519350415], [-117.77369542901991, 52.31895891174896], [-117.77408851853444, 52.31883516976352], [-117.77426956436081, 52.31869549802336], [-117.77434829825292, 52.31840820831524], [-117.77456934234262, 52.318079020908606], [-117.77481108629033, 52.317527202718686], [-117.77567905174914, 52.31630980250439], [-117.77625711627678, 52.31561328575999], [-117.77684162624107, 52.31500111710676], [-117.77732853615824, 52.31458524753231], [-117.77797154415516, 52.31419473660332], [-117.77848389703922, 52.31403024587855], [-117.7793992920436, 52.31376760049123], [-117.78007284690752, 52.31356053094286], [-117.7809811419528, 52.313174219819686], [-117.78167838175541, 52.31269357466276], [-117.78279589694723, 52.31203704562715], [-117.78380078110804, 52.311398555447404], [-117.78416127122739, 52.311032645986536], [-117.78453161479939, 52.31051449003832], [-117.78488229149161, 52.309594729728666], [-117.78532529829354, 52.30831082615988], [-117.785647754136, 52.30778751647429], [-117.78546754226996, 52.30705804539803], [-117.78543865129437, 52.306455225888875], [-117.78568992389314, 52.30624137510326], [-117.78639477969111, 52.30592401864902], [-117.78726356104282, 52.30560555432148], [-117.78800603313907, 52.305354928440664], [-117.78905494106051, 52.30492357405048], [-117.78983501208411, 52.304739696518766], [-117.79055822751393, 52.30443333533839], [-117.79112722754503, 52.30414566460525], [-117.79179425094328, 52.303718637084565], [-117.79266027138033, 52.303186277279444], [-117.79312081368487, 52.30277453482205], [-117.79342705233321, 52.302377244138015], [-117.79375111772184, 52.30177641732058], [-117.79389123342398, 52.30134773421007], [-117.79389701367498, 52.30093702528713], [-117.79390482483355, 52.30063903763289], [-117.7939094713834, 52.300163915093414], [-117.79330342584763, 52.297855108725294], [-117.7927857786768, 52.29682509518802], [-117.79249060450742, 52.295689127165424], [-117.79208620299059, 52.29460009494121], [-117.7917656487654, 52.29389197249658], [-117.79169650181328, 52.29376479928894], [-117.79174702444234, 52.293651662453044], [-117.79225482927781, 52.29336723683064], [-117.7927331777187, 52.293241862224676], [-117.79432563107142, 52.29268532770301], [-117.79634402429916, 52.29221885527917], [-117.79729593316293, 52.29182493315344], [-117.79913000491749, 52.29112094686305], [-117.80032329540086, 52.29062647482371], [-117.80077853483151, 52.29044099663873], [-117.80132160449719, 52.290315707785695], [-117.80191477832719, 52.29022048715516], [-117.8026437148642, 52.29022680376579], [-117.80567362537543, 52.29041496416567], [-117.8087129153117, 52.29056932490708], [-117.81090175373313, 52.29081994442236], [-117.81218940582652, 52.29091026031036], [-117.81337372256729, 52.291036731459926], [-117.81460965343466, 52.290840833719706], [-117.81813009280224, 52.29071836927167], [-117.82004987203486, 52.290432001784104], [-117.82312882849287, 52.2905431954923], [-117.82323966715101, 52.29049962079088], [-117.82328026560108, 52.29043087259079], [-117.82416804799863, 52.28938048452521], [-117.82457812598624, 52.288915439521666], [-117.8247248074923, 52.28854636801006], [-117.82477681467685, 52.28834059381275], [-117.8247285946545, 52.287998568040514], [-117.82450527126251, 52.2872469298264], [-117.82448067241015, 52.28667365892384], [-117.82450312382336, 52.2865023304448], [-117.8243628260647, 52.286007859401714], [-117.82398610424795, 52.285429549033324], [-117.8236055815014, 52.28474641420226], [-117.82282281310849, 52.28364745913003], [-117.82930401221002, 52.28086059981371], [-117.83332756163068, 52.278742903078815], [-117.83482554335765, 52.2776498576331], [-117.84436965181888, 52.272798901255754], [-117.84332064524179, 52.27207466932267], [-117.84242839325246, 52.27130790059014], [-117.84225052295444, 52.27109336599441], [-117.84210394123895, 52.27081319708968], [-117.84203331480572, 52.26946070179984], [-117.84186586982658, 52.26893726899365], [-117.84031745089045, 52.267476256311184], [-117.83932322432126, 52.26625328756216], [-117.83870264867323, 52.265356127129735], [-117.83785935935828, 52.26359394630021], [-117.83744451216313, 52.26307196509313], [-117.83694135080454, 52.26269716522157], [-117.83502685932224, 52.260624856112926], [-117.83456924020854, 52.25948897891304], [-117.83415231019843, 52.25774499790095], [-117.8336267995396, 52.25721026854148], [-117.83330652862688, 52.25686586990357], [-117.83313266382434, 52.256520437741585], [-117.83317745875495, 52.25595414679722], [-117.83330398780242, 52.255211669289714], [-117.83334753410433, 52.25453875864471], [-117.83329975303783, 52.25423730197417], [-117.83322550821465, 52.254022237692496], [-117.83301101697569, 52.253816797847904], [-117.83263872829073, 52.253592940461], [-117.83230143774927, 52.253351674750974], [-117.83171978473577, 52.25303690852452], [-117.83093933438377, 52.25260286971314], [-117.83004704428315, 52.25219545689765], [-117.82942475340303, 52.25195852053009], [-117.82878779741672, 52.25168721169536], [-117.8281096617889, 52.25146788841025], [-117.82599779520673, 52.250414012077194], [-117.82560215228014, 52.25005772170228], [-117.82533046024214, 52.24984236704995], [-117.82504828038333, 52.249546431111746], [-117.82256488035085, 52.24778303163081], [-117.8203081029384, 52.24638290870095], [-117.81940956812409, 52.24567536676782], [-117.81822043177138, 52.24421074068174], [-117.81720876619761, 52.243283179556904], [-117.81690128309548, 52.24293536094847], [-117.81676227111566, 52.24258994796261], [-117.81662234825959, 52.242203431727134], [-117.81651563766441, 52.24181667653366], [-117.81648976590542, 52.24129523098914], [-117.81643708714529, 52.24043499388175], [-117.816562392202, 52.239222521018654], [-117.81660754565004, 52.23866734857991], [-117.81641401015779, 52.23815341146334], [-117.81614570058727, 52.23742427007671], [-117.81610659069445, 52.23708185664495], [-117.81619619738814, 52.236597475834365], [-117.81632501460892, 52.236318592768995], [-117.81634776452515, 52.23591107620057], [-117.81635005408589, 52.23567261783155], [-117.81616023513848, 52.23537936127674], [-117.81577345488286, 52.235028141218486], [-117.8151692727846, 52.23430665710408], [-117.81486203401067, 52.23366374707122], [-117.81475444647462, 52.23305132185633], [-117.81480301549651, 52.23223299865407], [-117.81489947778016, 52.23150196658072], [-117.81501099568538, 52.231042288954995], [-117.81496894395748, 52.23053865755806], [-117.81463343217102, 52.22959336604773], [-117.8146284507442, 52.22932149023822], [-117.81467941426345, 52.22908321256856], [-117.81480246424002, 52.22875379238973], [-117.81521783135204, 52.22827506931203], [-117.8156880706581, 52.22777330174816], [-117.8159764442847, 52.227408746356595], [-117.816299588346, 52.22693066992478], [-117.81649429811924, 52.22648745653105], [-117.81663222549157, 52.225965328280985], [-117.81666327671753, 52.2256478824945], [-117.81665841129731, 52.225382501324404], [-117.8166524693621, 52.225058799013816], [-117.81653324991326, 52.22459027577299], [-117.81637848285436, 52.224194812381484], [-117.81613403113339, 52.22393590791514], [-117.81594636008664, 52.2237559268112], [-117.81559067601977, 52.22346381166892], [-117.81529217400617, 52.223273257111416], [-117.81460195946727, 52.222836165600924], [-117.81333902279987, 52.22233503061746], [-117.81126562252658, 52.221856901696945], [-117.809599680607, 52.221471748373375], [-117.80561729330437, 52.22068781186661], [-117.80402642191413, 52.22030047798261], [-117.80358766524778, 52.22012803243513], [-117.80280284713663, 52.219936142777364], [-117.80167615017652, 52.21977945791574], [-117.80094733778107, 52.2197252384286], [-117.80055018229027, 52.21966219463602], [-117.79872551087585, 52.21939243205901], [-117.79731615600788, 52.21906227195534], [-117.79538700715233, 52.218595194390595], [-117.79356215279871, 52.21829833021175], [-117.79242191523812, 52.21797710392521], [-117.79188616574173, 52.21764845340217], [-117.79088155189646, 52.21712898171731], [-117.79042613227207, 52.21679656855204], [-117.78892022333751, 52.21637253050522], [-117.78752055132044, 52.216087330377746], [-117.78616962220167, 52.215951634701746], [-117.78557867454923, 52.21597532532509], [-117.78473783595845, 52.2160861304153], [-117.78366815072819, 52.21611955109783], [-117.78304690692339, 52.21609079598284], [-117.78234866658109, 52.21594413104927], [-117.78166444052712, 52.21564959545711], [-117.78016949161669, 52.21520354528097], [-117.77754038294147, 52.2141882018679], [-117.77655061291038, 52.21366041519789], [-117.775723058519, 52.21320732524858], [-117.77345868336855, 52.2126108161899], [-117.77127874845904, 52.211815907409424], [-117.76922008190053, 52.21102485541411], [-117.7676170884431, 52.21044972707342], [-117.7673818379986, 52.210327035575425], [-117.76714297321388, 52.21010384189727], [-117.76668937885589, 52.209634061910556], [-117.7648655073115, 52.20825231327485], [-117.76414645428723, 52.20728595160553], [-117.76326739716501, 52.206374584729716], [-117.76205936995751, 52.20590587492014], [-117.76065923260322, 52.205418998243886], [-117.75848270524737, 52.2049796438194], [-117.75652648402667, 52.204738862022445], [-117.75466663309356, 52.20451536668106], [-117.75296936634454, 52.204192863843694], [-117.75166449560768, 52.20398783836058], [-117.75079587684684, 52.20392670782198], [-117.74827502418763, 52.203344844910895], [-117.74511692037223, 52.20285599944416], [-117.74060667375905, 52.20232594879897], [-117.73810199000012, 52.20199632966155], [-117.73792716930538, 52.201917458103715], [-117.73792200245867, 52.20181044597179], [-117.73940980198763, 52.2009730646378], [-117.74705873756706, 52.19539259896866], [-117.74709645464424, 52.19517750945672], [-117.74696377118086, 52.1950817470581], [-117.7464496095082, 52.19483902394408], [-117.74359578236174, 52.19303190905394], [-117.74238553519791, 52.19221149029633], [-117.74186389819822, 52.19184110906153], [-117.74072122040394, 52.191278327718244], [-117.73848711446068, 52.19045520626591], [-117.73796250734314, 52.19033404570488], [-117.73670685680742, 52.189897418826654], [-117.73584022357227, 52.18943955513293], [-117.73516434744315, 52.18901635501761], [-117.73422696481876, 52.188244509230124], [-117.73354594564987, 52.18784795452365], [-117.73276107313254, 52.18753586474275], [-117.73252004780859, 52.18746980744476], [-117.73231044704353, 52.18745738734993], [-117.73180936468424, 52.18752551605745], [-117.7313500865621, 52.187650987906935], [-117.7309876670019, 52.18785104002848], [-117.73033138417054, 52.187971974972754], [-117.72945539566975, 52.18807629754127], [-117.72785155624004, 52.18802186629232], [-117.72665911065249, 52.1879640199308], [-117.72599835632892, 52.188057259110344], [-117.72477549135273, 52.18834946580123], [-117.72310685485142, 52.18895300793793], [-117.72255524701714, 52.189167698713845], [-117.72210624055154, 52.18923826664184], [-117.72123482116551, 52.1892218472707], [-117.72003149262504, 52.18896400817816], [-117.71843159960603, 52.18844064143251], [-117.71651187169526, 52.18869520174697], [-117.71493717309933, 52.1886861378521], [-117.7132380715576, 52.18847308710121], [-117.71187086268392, 52.18818357712641], [-117.7102869938371, 52.187597577233305], [-117.70918399947595, 52.186785350600076], [-117.70878095448799, 52.18619224140638], [-117.70857514015574, 52.18532837693178], [-117.70829641587922, 52.18508715799377], [-117.70782921561761, 52.18493235720582], [-117.70679966799439, 52.184870751269], [-117.70549711933822, 52.18496893255464], [-117.70439910159078, 52.18522404220071], [-117.70320704266784, 52.18602086896108], [-117.70169633859915, 52.1881960230566], [-117.69816855219524, 52.19114582459127], [-117.69580110783187, 52.19243345004755], [-117.69447758995663, 52.19321171472549], [-117.69063168136181, 52.194912295990456], [-117.68870979650775, 52.195838780074624], [-117.68537495146623, 52.19701107152555], [-117.68105930640733, 52.19775354196499], [-117.67694507875667, 52.198199271518774], [-117.6744408791989, 52.198382433294924], [-117.67313439385227, 52.1982843830364], [-117.67229537412376, 52.19806485244097], [-117.67151187872278, 52.19772385337539], [-117.66994180740714, 52.19836585382346], [-117.66907246424765, 52.19849951817612], [-117.6676330778346, 52.1985749433818], [-117.66641314977929, 52.198677318066714], [-117.66448995409384, 52.19875452440399], [-117.66394509607264, 52.19869123529625], [-117.66347973571843, 52.19859691795636], [-117.66283358553265, 52.19845411925354], [-117.66226234868702, 52.1981917191037], [-117.66179892116132, 52.19791209944287], [-117.66144209598563, 52.19753228734238], [-117.66107564405648, 52.196505086329296], [-117.6590330365936, 52.19356158301329], [-117.65887858967199, 52.19255610586558], [-117.65904476557823, 52.19130624835615], [-117.65880923453372, 52.19076913777015], [-117.65798422673933, 52.189777138411465], [-117.65696962171486, 52.18822626669528], [-117.65648027750315, 52.18669604797359], [-117.65612558087572, 52.1862253384944], [-117.65599599948841, 52.18498791910289], [-117.65593454799668, 52.18464896471304], [-117.65568969790604, 52.184382499678364], [-117.65535849679448, 52.18416127443203], [-117.65490745243355, 52.1839889447199], [-117.65444003987959, 52.18394887475919], [-117.65400867816034, 52.183872899081315], [-117.65336951648172, 52.18368453907565], [-117.6515558041751, 52.182760074048055], [-117.65113242377133, 52.182436320295295], [-117.65062694822063, 52.18225271996106], [-117.65024789399953, 52.182208228853064], [-117.64877957792864, 52.18206181068538], [-117.64731162397423, 52.18194112000106], [-117.64550746863415, 52.18174498430791], [-117.6436184303979, 52.18147205582359], [-117.64122046589037, 52.18076407619014], [-117.63751013622723, 52.179084630085235], [-117.63527884645902, 52.17829838601157], [-117.630928573024, 52.176745612746785], [-117.62738319910783, 52.17524912205719], [-117.62511866179722, 52.17392020037444], [-117.62298519622222, 52.17250927755441], [-117.62251989793063, 52.171948251126565], [-117.62230997571085, 52.17145634814676], [-117.62175782852309, 52.169752613385434], [-117.62170176975944, 52.1679604326678], [-117.62093808362495, 52.16660927059349], [-117.61978819360732, 52.16514945162518], [-117.61967306511622, 52.16469445224215], [-117.61965952841204, 52.164128568165665], [-117.6199907681984, 52.163246167770374], [-117.62100792886491, 52.16228972138401], [-117.62241793421282, 52.16035852228873], [-117.62252812706599, 52.15994594831321], [-117.62247730227865, 52.159476560099634], [-117.62215037271784, 52.158901611443554], [-117.62171936684788, 52.158435295318654], [-117.6202124546314, 52.157341677237596], [-117.61733809849164, 52.155844766809345], [-117.61662653250686, 52.15532216020187], [-117.61588656476629, 52.154529902782194], [-117.614808801474, 52.15276929648067], [-117.61464520780284, 52.15245225102644], [-117.61422756745912, 52.15184305117464], [-117.61391447318404, 52.15139512822223], [-117.61354414887113, 52.151037432115764], [-117.61278927634775, 52.150349052010625], [-117.61238192145902, 52.149995940954305], [-117.61176514805777, 52.14961121961827], [-117.61143516086601, 52.14923676044159], [-117.61129743285657, 52.14876663192984], [-117.61102118762929, 52.14802410912169], [-117.61007963031095, 52.14616252262823], [-117.61005921734836, 52.1446688781906], [-117.60998516474507, 52.144563787273796], [-117.60982985563498, 52.14448436718368], [-117.60900229493981, 52.14422738736116], [-117.60838884856771, 52.144077657408964], [-117.60781198531348, 52.143810110088936], [-117.60740406883468, 52.14341797999583], [-117.60665018315137, 52.14265356879387], [-117.60573032003158, 52.14218441941739], [-117.60530727493055, 52.141819399692885], [-117.60470896394867, 52.14083414290324], [-117.60458704675823, 52.14042950919715], [-117.60416211862612, 52.14013163298589], [-117.60349825424929, 52.13987765231448], [-117.60320842737306, 52.13980589120933], [-117.60261939423712, 52.1397203107618], [-117.60188235539617, 52.139757561734065], [-117.60100567134465, 52.13982814908146], [-117.59991302572725, 52.139822704176275], [-117.59918683174227, 52.139818723001355], [-117.59851562509795, 52.1397967301819], [-117.59772341284105, 52.139655323612615], [-117.5965710653944, 52.13931953017973], [-117.59384776038245, 52.13848265891629], [-117.5906623977076, 52.137522014793326], [-117.58629001005686, 52.1357795895567], [-117.58387206849463, 52.135265234312186], [-117.58272800841061, 52.13478237107712], [-117.58194468531126, 52.13424033219148], [-117.58163434925456, 52.13360205431341], [-117.58139977658726, 52.1322036218257], [-117.58153569726804, 52.13119318360655], [-117.58087090998849, 52.13054347377279], [-117.5800973741441, 52.13007471283214], [-117.57965373058029, 52.12939954540594], [-117.57946500547186, 52.12901514531649], [-117.57942808429364, 52.128840454888405], [-117.57935757412817, 52.1287469705898], [-117.57926001864287, 52.12870480278797], [-117.57916988369276, 52.12869811165066], [-117.57818777322261, 52.12879240280615], [-117.5773694451892, 52.12881216408871], [-117.57662779212654, 52.1286835898379], [-117.57381363738486, 52.1283192351766], [-117.57177124273784, 52.12817677148801], [-117.57021087654202, 52.12842208144262], [-117.56840628066163, 52.12893029427965], [-117.5663707713549, 52.12895931349529], [-117.56417425983302, 52.12814606302922], [-117.56269267486714, 52.12741173388576], [-117.56175201469524, 52.12711416645219], [-117.56038285364642, 52.1270029721706], [-117.55938615036752, 52.12701557275599], [-117.55809411195436, 52.127158985663364], [-117.55778945429641, 52.12723579288793], [-117.55756150425965, 52.12738117268565], [-117.55761056391093, 52.127737928435366], [-117.55845136436277, 52.12896962394401], [-117.55806823606406, 52.130170863220805], [-117.55804437084987, 52.130921818703285], [-117.55853305444028, 52.13148863742767], [-117.55862642357424, 52.13181770916823], [-117.5584548164273, 52.132367714736226], [-117.55805874583596, 52.13280893486648], [-117.55721544131178, 52.133169896094266], [-117.55654330707519, 52.13325405688601], [-117.55490116268011, 52.13307819273265], [-117.55400287903471, 52.13318503809474], [-117.55346950504226, 52.13335228390022], [-117.5531190543751, 52.133637347580134], [-117.55194684209798, 52.13529516693783], [-117.5507801973296, 52.13741193576463], [-117.54987565394629, 52.13864130327929], [-117.54868158998863, 52.13952556785592], [-117.547129473778, 52.140329103954755], [-117.5459005451875, 52.14073928467784], [-117.54128614494003, 52.14140312995457], [-117.53837831290515, 52.14158791137249], [-117.53606854253317, 52.141518750621714], [-117.53317425853963, 52.14146171934129], [-117.530773324813, 52.14167855777094], [-117.52905954815942, 52.142117060272405], [-117.52768327181533, 52.14279746747483], [-117.52608505885556, 52.1440126681129], [-117.52399925835246, 52.145409389992004], [-117.52352072365122, 52.1457261980711], [-117.52225841460475, 52.146804358850446], [-117.51952305873223, 52.148865106856576], [-117.51929343910518, 52.14917037794267], [-117.51901847717144, 52.149405360029085], [-117.51888383445277, 52.14958225055437], [-117.51881676791734, 52.14970422375845], [-117.51879547853349, 52.149835352412424], [-117.51893843893424, 52.15035417214458], [-117.51919554980026, 52.15198859762669], [-117.51920673041913, 52.15294875335569], [-117.51905233033759, 52.15368748888619], [-117.51905742265923, 52.15413512163745], [-117.51917568108631, 52.154562443910045], [-117.51947588010862, 52.155909379332165], [-117.51960758415338, 52.156223979558874], [-117.5181110929395, 52.15685374085325], [-117.51666795150832, 52.157223979929796], [-117.51270849214067, 52.15751266456065], [-117.51028607912762, 52.157742045007964], [-117.50919236926057, 52.15789559933662], [-117.50843195102735, 52.15794778024962], [-117.50810252379135, 52.157821503390416], [-117.50679450261282, 52.1566421746127], [-117.5053192581394, 52.155662160797576], [-117.50483161978231, 52.15498729108931], [-117.50419610399446, 52.15436964562114], [-117.50343561145816, 52.15366692302998], [-117.50292023033583, 52.15197109068338], [-117.50271643702887, 52.15144496207946], [-117.50246941001153, 52.15098200090717], [-117.50223827655807, 52.150667799905804], [-117.50201794694347, 52.15051017354708], [-117.5018162554721, 52.15033500041025], [-117.50060516478119, 52.149475735451894], [-117.50025375834882, 52.149191600278336], [-117.50006026915455, 52.14894251720945], [-117.50001001559198, 52.148896826698454], [-117.49992406749277, 52.14880453589403], [-117.49943897861056, 52.14855484501875], [-117.49758820953005, 52.147850270776935], [-117.49482834264296, 52.147022563103185], [-117.49271571821616, 52.14657793710971], [-117.49046753689156, 52.146057865086085], [-117.48899269574497, 52.14602616300462], [-117.48777996048614, 52.14623006562315], [-117.48472687088241, 52.14635053701773], [-117.48249029594905, 52.14629676335604], [-117.48041244450759, 52.14605351133378], [-117.47894440593886, 52.14549220242547], [-117.47750345064053, 52.14486319665508], [-117.4751551847929, 52.143833557092975], [-117.47198051874629, 52.143336364031235], [-117.46705220045898, 52.14212014601056], [-117.46533011139974, 52.14208712661738], [-117.46363574927554, 52.142357139661684], [-117.46230878005537, 52.14277211390838], [-117.4591701884898, 52.1435573408397], [-117.45750746352654, 52.14369418542245], [-117.45570657497262, 52.143635966443625], [-117.453100909493, 52.14328280582409], [-117.45130924388516, 52.14322403097658], [-117.45058461773114, 52.14337572189399], [-117.44943659851505, 52.14354763775413], [-117.44809031429821, 52.143562071063435], [-117.44434502432789, 52.14343191697901], [-117.44246917753883, 52.143283872142874], [-117.4424478870229, 52.14394329781406], [-117.44238286280206, 52.14440596175823], [-117.44147757278671, 52.14575374943386], [-117.44074235334011, 52.147350478055515], [-117.43085256061434, 52.14229251135285], [-117.43000633064408, 52.14203276958296], [-117.42889670351246, 52.14195347312058], [-117.42719265888071, 52.142046009383016], [-117.425846303522, 52.14243633199896], [-117.42471296837901, 52.14259698952062], [-117.42333868295849, 52.14266660982087], [-117.4218953477673, 52.142595060892575], [-117.4201407003009, 52.14239719058051], [-117.418455617853, 52.14209164215945], [-117.41693748729665, 52.14156597060644], [-117.41617680971967, 52.14093617141335], [-117.4151802556508, 52.14047428029123], [-117.41404411952423, 52.1401899712478], [-117.41267183395843, 52.14001767427495], [-117.4072845885289, 52.13992005608381], [-117.4011754511735, 52.14007590164104], [-117.39273600602286, 52.14066603909436], [-117.38828447507007, 52.140614277483955], [-117.38479287372577, 52.14117807807643], [-117.38205320363565, 52.14127420724195], [-117.37992553751157, 52.14110664738411], [-117.37718460927172, 52.14105730570189], [-117.37458375776619, 52.140803949605036], [-117.37240693589717, 52.14040382805776], [-117.3683037797622, 52.13934055032739], [-117.36395378601522, 52.13766890561552], [-117.35983573231782, 52.136417667707796], [-117.35753431215586, 52.13585651911971], [-117.35503552663552, 52.13544921114928], [-117.35394015205553, 52.135402217521715], [-117.35323019725925, 52.135502578673346], [-117.35152608601037, 52.13587615267587], [-117.34659375624175, 52.137572708103754], [-117.34220263383611, 52.13875670950548], [-117.33763768572331, 52.14091761360402], [-117.33597552993268, 52.14230945263897], [-117.33467858316595, 52.14392394288648], [-117.33288144122147, 52.14674795490882], [-117.33163160387114, 52.149139020459536], [-117.32983446787514, 52.153076091461266], [-117.33054118463262, 52.15602312355202], [-117.33216760094105, 52.15981015730348], [-117.33241220072468, 52.16184633137072], [-117.332200000385, 52.164163375772105], [-117.33194927166278, 52.16705137620287], [-117.33119711886947, 52.16993708681704], [-117.3304853586506, 52.17159853075794], [-117.32749533211603, 52.17653428617988], [-117.32500733205089, 52.1799114546812], [-117.32115027707474, 52.18357316586866], [-117.31893823210241, 52.185631688469876], [-117.31713112075057, 52.187392508916], [-117.29942017788092, 52.09381348591666], [-117.2936121554295, 52.08650009209111], [-117.29344557414998, 52.08549376276882], [-117.29352041368439, 52.08430328697141], [-117.29465458830151, 52.08191383435712], [-117.29508715467212, 52.08118497570706], [-117.29587737480622, 52.08039451073997], [-117.29747169758565, 52.07881057642062], [-117.29901085615911, 52.07793507285551], [-117.30041642587202, 52.077617795312605], [-117.30124221261786, 52.07737698102184], [-117.30229802437142, 52.07719011084075], [-117.30335536687636, 52.07722990397681], [-117.30409030271639, 52.07717134212429], [-117.30438759287757, 52.0769580660011], [-117.30522048360248, 52.07596911026355], [-117.30541281306095, 52.075659110206075], [-117.30565214750254, 52.07537515517483], [-117.30601177511983, 52.07480624505826], [-117.3060480439679, 52.07457810348282], [-117.30600881317454, 52.074373019840465], [-117.30593097360213, 52.07418006489711], [-117.30576570339932, 52.07397013593388], [-117.30548280705102, 52.07368958168012], [-117.30477548412519, 52.073006613610005], [-117.30419808319323, 52.07264915477482], [-117.30284397130639, 52.07194763206498], [-117.3020124546009, 52.07130198064654], [-117.29953585348679, 52.06950043225451], [-117.29881095170771, 52.06881980001882], [-117.29875872514678, 52.06873378071881], [-117.29858214459097, 52.06855153706502], [-117.297853325041, 52.06801562028606], [-117.29730056372965, 52.06765481386673], [-117.2968221814896, 52.06672230979574], [-117.29625987845594, 52.06579488518884], [-117.29542769915855, 52.06492187220246], [-117.29493094848034, 52.064366814760554], [-117.29465394233597, 52.06418206499007], [-117.29401927042183, 52.064255774727584], [-117.29340907116527, 52.06423669083076], [-117.29297612978634, 52.064191672124345], [-117.29234665243466, 52.06407449081331], [-117.29202091025577, 52.0640169955226], [-117.29171796904227, 52.063919562396904], [-117.29023195962495, 52.06341440164565], [-117.28979585640573, 52.06322880222943], [-117.28836885628404, 52.06272365332766], [-117.28753600618293, 52.0623654212481], [-117.28694307614305, 52.06192829276694], [-117.28652383130445, 52.06147778284389], [-117.28578086791374, 52.06091638312295], [-117.28419937763297, 52.059984744554725], [-117.27946261620357, 52.0583607825709], [-117.2766388003202, 52.057509447476136], [-117.27316349106323, 52.05685222190145], [-117.26949760075348, 52.05596145564661], [-117.27169662377389, 52.04861168693272], [-117.25844137316466, 52.04093976511242], [-117.25534856647654, 52.040031424384814], [-117.25356292742936, 52.03946060496336], [-117.25285158977937, 52.03845291419933], [-117.25187940303573, 52.036086088010165], [-117.25139607262611, 52.03479974584697], [-117.24928963995437, 52.03486117821155], [-117.24833451172523, 52.034950559282024], [-117.24627509820648, 52.035259257234195], [-117.24286262161313, 52.035823296016964], [-117.23982660150399, 52.03676922559165], [-117.23827661259499, 52.037324162062056], [-117.23722647689505, 52.03787230985025], [-117.23532820053846, 52.03917782617937], [-117.23463072805525, 52.03975665164399], [-117.23341863315909, 52.040659606674716], [-117.23307625928554, 52.040823077709405], [-117.23290152903085, 52.040775142885174], [-117.23269874175985, 52.04064518196102], [-117.23231243838978, 52.04029767252869], [-117.23184023913856, 52.03989654955788], [-117.23062967585274, 52.03911418109589], [-117.22941336137684, 52.038347053393], [-117.22897725649034, 52.03803525862921], [-117.22880207551096, 52.037767627724456], [-117.22865064999138, 52.03741267121546], [-117.22858545545976, 52.037035692204874], [-117.22841527015683, 52.036736929477144], [-117.22821376568851, 52.036503259650615], [-117.22765154669169, 52.03581516912054], [-117.22703725514921, 52.03525720039127], [-117.22636067602006, 52.03488140137288], [-117.22525552070589, 52.03442231755911], [-117.22395631792924, 52.033843408536505], [-117.22359621002826, 52.033505808366726], [-117.22340484815389, 52.03318091055523], [-117.22303676284783, 52.03274994973429], [-117.22282539719022, 52.03236802054834], [-117.221182923254, 52.03151971086395], [-117.21915962664771, 52.03010082786076], [-117.21531783096512, 52.02795053114881], [-117.21594876015567, 52.02709416240137], [-117.21629354178295, 52.02605058228348], [-117.21640554001314, 52.02509733141431], [-117.21689647016265, 52.02414338882388], [-117.217211642961, 52.023476788675104], [-117.21763413404857, 52.02298220087157], [-117.21799938006156, 52.02250793781337], [-117.21848977971219, 52.021963549619905], [-117.21923000357435, 52.02149573726172], [-117.21997611313036, 52.020998388104914], [-117.22058984856812, 52.02047549104345], [-117.22072835834474, 52.01999696231384], [-117.22116582870855, 52.01944178807908], [-117.221768068399, 52.01900949120457], [-117.22358142397725, 52.01786182670952], [-117.22393851307467, 52.01755609025104], [-117.2245461723097, 52.01713214170388], [-117.22537928683802, 52.01695550925327], [-117.22623425059729, 52.0166943687349], [-117.22773875879383, 52.01651765160699], [-117.22874232217357, 52.01651027758269], [-117.2292781340523, 52.01651356109548], [-117.2298337806751, 52.016475560944606], [-117.23210120551653, 52.0164001862479], [-117.2325797422577, 52.01633438092353], [-117.23333008301069, 52.01628769609322], [-117.2338958843132, 52.01628289596342], [-117.23423102365022, 52.014219586016544], [-117.23428543025508, 52.01309677901624], [-117.23443767041535, 52.01177420627843], [-117.23447969592299, 52.01124588994491], [-117.23441680432049, 52.010643606018974], [-117.23412224878291, 52.010104128234], [-117.23375595842214, 52.00978980535473], [-117.23340895833286, 52.00965000510864], [-117.23130920391975, 52.009097070618665], [-117.23028715654245, 52.008896541649015], [-117.22857162211902, 52.00856233502643], [-117.22798740257834, 52.00840596099888], [-117.22732979026517, 52.00815969709958], [-117.22653380827735, 52.00758740640662], [-117.22616811751979, 52.00726791577411], [-117.22526120184034, 52.006541387192236], [-117.22386769740685, 52.00586005113918], [-117.22335597466584, 52.00545487745597], [-117.2222188767777, 52.00411062007227], [-117.22125681871064, 52.002875928622714], [-117.2206758626742, 52.00243845786934], [-117.21992138653376, 52.00200205194131], [-117.21945189585671, 52.001319607201644], [-117.2191759277533, 52.000831515716555], [-117.2188954614182, 52.00005265806625], [-117.21887950789613, 52.00000658158111], [-117.21869083624836, 51.999461535216746], [-117.21846206134632, 51.999088387648044], [-117.21824657072335, 51.99885529749404], [-117.2177614342842, 51.99817590992573], [-117.21757276423612, 51.997712471564874], [-117.2174371139778, 51.997376309188844], [-117.21729183482582, 51.996981399362404], [-117.21710198423528, 51.9968338782228], [-117.2167986349371, 51.99667878156298], [-117.21616759669722, 51.9965476255961], [-117.21539845504824, 51.996541251189555], [-117.21426350488555, 51.99649662721298], [-117.21327926042837, 51.99632718729552], [-117.21186567384372, 51.99601842683401], [-117.20994634992194, 51.99539922676854], [-117.20752290938428, 51.99481202756855], [-117.20541839927397, 51.99425455044554], [-117.20443323784428, 51.99386689885321], [-117.2038262365646, 51.9934630083373], [-117.20291632716665, 51.99298178238448], [-117.20253952652813, 51.99270538973768], [-117.20230887618284, 51.99246885898464], [-117.20114156566795, 51.990804401537794], [-117.19991592557463, 51.98903404021802], [-117.19931502947038, 51.98828442844498], [-117.19865670037886, 51.987646989023744], [-117.19774703401355, 51.98718129178056], [-117.19757384873522, 51.9869941314995], [-117.19747255755361, 51.986740692857076], [-117.19744209886761, 51.98664796388296], [-117.19744154561654, 51.98652424085023], [-117.19767057532766, 51.98620838318886], [-117.19791007220907, 51.985991480060214], [-117.19805974362622, 51.98585513744004], [-117.19819932412217, 51.9857002602006], [-117.1982784662083, 51.9854712529546], [-117.19834747933253, 51.98521751717775], [-117.19841576240609, 51.984802963136694], [-117.19838664572224, 51.98452585426561], [-117.19828340853822, 51.9841893440942], [-117.19825202804427, 51.98371689126589], [-117.19821976202766, 51.98339102786761], [-117.1981978260988, 51.98295782707345], [-117.198216118683, 51.98256167882145], [-117.19829458855976, 51.982057627575735], [-117.19847287714921, 51.981599318127614], [-117.19854146465089, 51.981252607261126], [-117.19846725088175, 51.980944736909635], [-117.19832921404041, 51.98067455047276], [-117.19807705114609, 51.98036353632502], [-117.19760064445265, 51.9798342594626], [-117.1970280072885, 51.979280189409764], [-117.19680458599872, 51.97902393030784], [-117.19655592342622, 51.978792672566875], [-117.19599086257763, 51.97858960774545], [-117.19540403271638, 51.978407970300225], [-117.19503282562748, 51.9782987698854], [-117.19476263134042, 51.978229207820746], [-117.19359612215933, 51.97780397011266], [-117.19236697163882, 51.97738798237711], [-117.19107386882976, 51.97700349301262], [-117.19032486354861, 51.97669262856143], [-117.19015073390248, 51.97665111783498], [-117.18995744915749, 51.97665142837728], [-117.18968944189764, 51.976691027644996], [-117.18937845008038, 51.97684942137634], [-117.18899194047953, 51.97700684177749], [-117.18858424979133, 51.97709218331761], [-117.18813953249516, 51.97705109218596], [-117.18693959000119, 51.976670828225345], [-117.18448930021465, 51.97606093876027], [-117.18294399010901, 51.97555086079862], [-117.1823318035514, 51.97537198954276], [-117.18154775005158, 51.97502216518345], [-117.18118002050666, 51.97489731882666], [-117.18071353136955, 51.974808054530236], [-117.1792129161241, 51.97453162284275], [-117.17629227948186, 51.974198185074926], [-117.17440688949853, 51.97411938537918], [-117.17318456900149, 51.9740868757755], [-117.17179571631344, 51.974088901785024], [-117.17057121899948, 51.974130074684325], [-117.1700274194033, 51.97413150210168], [-117.16946067595373, 51.97405873399841], [-117.16886927717356, 51.9739330307053], [-117.16844388824059, 51.9737830049983], [-117.16655731523522, 51.97294652169617], [-117.16563528926018, 51.97229898608345], [-117.1646483985582, 51.97163534021053], [-117.16434061726244, 51.971563231579346], [-117.1640636740365, 51.97157916724177], [-117.1636643647652, 51.97175072135785], [-117.16329624235044, 51.97203623084933], [-117.16315910651575, 51.972334675500356], [-117.16292006951569, 51.97247469552737], [-117.16240371332641, 51.972657863391106], [-117.16144374430111, 51.972704805250316], [-117.16036817633496, 51.972665076178224], [-117.15871804031657, 51.97242693481207], [-117.15646102284731, 51.97215112169087], [-117.15483604147889, 51.972028677329654], [-117.15360619443074, 51.972239284133444], [-117.15252073066374, 51.97251758761049], [-117.14903810359176, 51.97331003259131], [-117.14832474957221, 51.97332124531884], [-117.14799994892746, 51.973257213294076], [-117.14760983330942, 51.97309801277722], [-117.1470367755521, 51.97294341449866], [-117.14648436330484, 51.97269341459932], [-117.14629351106439, 51.97261917529002], [-117.14469426601103, 51.97213339468605], [-117.14372997320493, 51.97167444617116], [-117.1430480709533, 51.97119135652008], [-117.14177476151873, 51.970423387525905], [-117.14096346452342, 51.97001523348401], [-117.14014226354548, 51.96960780815312], [-117.13993352149097, 51.96948694939467], [-117.13982021095958, 51.96935474946675], [-117.13969157145281, 51.969267634112605], [-117.13939174039125, 51.969243859090966], [-117.13901259242643, 51.969227969461656], [-117.13850890069898, 51.96885281456989], [-117.1376598811071, 51.96857253738117], [-117.1373440090332, 51.968478447009595], [-117.13659648074523, 51.96831303488338], [-117.13581070706324, 51.96820374961321], [-117.13489490093104, 51.9680341236821], [-117.13390011890095, 51.967907523987634], [-117.13338851882277, 51.96781547957816], [-117.13312326091044, 51.96773402854853], [-117.13292497180383, 51.96763101427635], [-117.13280370740094, 51.96750314404187], [-117.13275120901952, 51.967268525030725], [-117.13267234541202, 51.96668704762139], [-117.13251552607979, 51.966207015569296], [-117.13215097554438, 51.965535151121465], [-117.13164886748856, 51.965055499256465], [-117.13114623422054, 51.96439444649947], [-117.13085169697816, 51.96404261541804], [-117.13047088636964, 51.963701569785776], [-117.12967533500986, 51.963232906103244], [-117.12898845146017, 51.962845390285416], [-117.12655349559296, 51.96073799044014], [-117.12632383087814, 51.96028979018321], [-117.12613280515751, 51.959884706165326], [-117.12590727584919, 51.959490351260946], [-117.12512813927192, 51.95866995141234], [-117.12391890088935, 51.95763987980585], [-117.12257234065181, 51.95659264840626], [-117.1214088997887, 51.95582622904597], [-117.12075200387335, 51.955474951951274], [-117.12006076341136, 51.95520010544876], [-117.1192564613021, 51.95510962917068], [-117.11856736904039, 51.95515089971054], [-117.11712360939498, 51.95530924885316], [-117.11659373058575, 51.955506396169575], [-117.11560425898176, 51.95572583509602], [-117.11438187147074, 51.95585479669626], [-117.11341380188126, 51.95589628208332], [-117.11205173680845, 51.95587730730283], [-117.11111652937177, 51.95593902980975], [-117.10968942605271, 51.95616341748924], [-117.10909887333735, 51.956245081129225], [-117.10862329768602, 51.95637731990906], [-117.10790169204208, 51.95655035232551], [-117.1071801173721, 51.95675377928477], [-117.10609776121132, 51.95704877173946], [-117.10560569022007, 51.9571505987141], [-117.10509735005672, 51.957313281600314], [-117.1039651992531, 51.9573751082073], [-117.10378428994379, 51.95720292196585], [-117.1038342715016, 51.95698270778544], [-117.10381876020664, 51.95677030153591], [-117.10348165713941, 51.95626623084629], [-117.10314510979367, 51.95600939932343], [-117.10288856694503, 51.95575250848224], [-117.102808017947, 51.955505340931545], [-117.10255023763843, 51.95470452170545], [-117.10235969443404, 51.95411690808682], [-117.10204383775444, 51.95291172744111], [-117.10206693262639, 51.95248012734947], [-117.1024261153627, 51.95222612157853], [-117.10271608790617, 51.951973592273376], [-117.1030752871464, 51.951065449997365], [-117.10321846987866, 51.95048492163659], [-117.10312116526619, 51.950068308217055], [-117.10290352577363, 51.94968156000737], [-117.10246889411962, 51.94919083024838], [-117.10208191223074, 51.94846194006298], [-117.10099522110139, 51.94715325005211], [-117.10024251353555, 51.94641394076913], [-117.09963131072223, 51.945539868841244], [-117.09930785239501, 51.94511448170683], [-117.0988861428111, 51.94469690213992], [-117.09816335581003, 51.944038100945576], [-117.0979826026343, 51.94385250260855], [-117.09776473118805, 51.943554411032565], [-117.0976636191274, 51.94327123700325], [-117.09769526619252, 51.943016869861836], [-117.09804135622218, 51.94182361062278], [-117.09884977491922, 51.94042903674749], [-117.09902930953801, 51.94007577325634], [-117.09905300032453, 51.939911378877916], [-117.09902857365088, 51.93974123060166], [-117.0987870912475, 51.9392582171996], [-117.09862568893196, 51.93908462996232], [-117.09839570189163, 51.93894259129588], [-117.09659171008104, 51.93855379192354], [-117.09472826865057, 51.938462392314484], [-117.0915126835423, 51.93846492854076], [-117.09040048854519, 51.938335689371726], [-117.08910772168585, 51.93807648355594], [-117.08845635349377, 51.93789330847754], [-117.08807179690494, 51.93766492802164], [-117.08746986290035, 51.93720075397754], [-117.08436971755948, 51.93461963872873], [-117.08310660756715, 51.93406298080977], [-117.0821738132513, 51.933375981249384], [-117.08144970460579, 51.93175956146856], [-117.07994401172186, 51.92990206498776], [-117.07829790218298, 51.928406174838955], [-117.07536685675987, 51.92661531040297], [-117.07146055243176, 51.92473366559235], [-117.06884380831637, 51.92305634339994], [-117.06814956291444, 51.92279574340746], [-117.06748025251508, 51.92242024057888], [-117.06706254342225, 51.92200330991789], [-117.06621822714013, 51.92110032349851], [-117.0654307812177, 51.92063743382675], [-117.06138038055234, 51.91760485358108], [-117.05965613929291, 51.91688759557722], [-117.05403555709842, 51.91587099494191], [-117.05261148804175, 51.91540831202753], [-117.05152446670662, 51.91485280320271], [-117.05045112465395, 51.91387484102384], [-117.04981286535222, 51.91257708711827], [-117.04910005164042, 51.91155749290417], [-117.04873085128592, 51.910866403358774], [-117.04831224495068, 51.91044522173202], [-117.04781427144952, 51.91020144067736], [-117.046374773027, 51.90973628739309], [-117.0454514253382, 51.90914719632636], [-117.04461747155754, 51.908631731946876], [-117.04295704461525, 51.90804503608364], [-117.04214428323297, 51.90742706852574], [-117.04048317796476, 51.90551083467585], [-117.0393929960022, 51.90472309456063], [-117.03842408766899, 51.90400853318753], [-117.03764250536682, 51.90315866831102], [-117.036933061526, 51.902684635454996], [-117.03550406091146, 51.90213246874521], [-117.03442040802284, 51.90168487501006], [-117.0342414855951, 51.90128352586936], [-117.03392865807685, 51.900823365110696], [-117.03350218792292, 51.90048700331087], [-117.03327343964258, 51.900151596826184], [-117.03321373501204, 51.89991227556518], [-117.0333027756506, 51.89959927510415], [-117.03333229665513, 51.89926789337893], [-117.0332875683543, 51.89913902240609], [-117.0331535861432, 51.89905621724638], [-117.0327219878395, 51.89892746782143], [-117.03223090277305, 51.89886317744769], [-117.03188862510187, 51.89879882312184], [-117.03160583923518, 51.898679242801606], [-117.03132301862465, 51.898522823547786], [-117.03080200717201, 51.89820079771473], [-117.03073322471175, 51.897755526821655], [-117.03050977326524, 51.8973871790071], [-117.02985469473523, 51.89675184341426], [-117.02902116746057, 51.896273114280206], [-117.02809848273725, 51.89596020420386], [-117.02726522433927, 51.895859087451186], [-117.02649134693675, 51.89552769543535], [-117.02586998438828, 51.89530131348264], [-117.02517048188783, 51.89491464313561], [-117.02497696577339, 51.894748907844544], [-117.02429238397391, 51.89439905545508], [-117.02400793232428, 51.894213514093316], [-117.02360077238285, 51.89372808892494], [-117.02265507401066, 51.892962599117695], [-117.0221615695942, 51.89268539913133], [-117.02142020788699, 51.89217303716926], [-117.02089685413905, 51.89169659826751], [-117.02076131262501, 51.891550158894695], [-117.02059004192166, 51.8914559344377], [-117.02027978382155, 51.89139066928935], [-117.01977776948516, 51.89134613378065], [-117.01938562208026, 51.89129507003465], [-117.01905116829491, 51.89125634693903], [-117.01839727775425, 51.891310398219225], [-117.01790692543695, 51.89135558636804], [-117.01716205965477, 51.89136575402001], [-117.01624665358209, 51.89135566980802], [-117.01551836950901, 51.891176785967914], [-117.01522209906159, 51.89108812824328], [-117.01500229616227, 51.89104084444783], [-117.01482549674601, 51.891020186093535], [-117.01428480807157, 51.89100526943891], [-117.01375040699193, 51.89088136712203], [-117.01286058602166, 51.890483959913155], [-117.0123458321857, 51.89030032859751], [-117.01216025797129, 51.890215748332906], [-117.01213094820729, 51.89016740654088], [-117.01220656867106, 51.890025470692805], [-117.01235178064962, 51.889647824630195], [-117.01260921977251, 51.88927908957788], [-117.01333949677907, 51.888397954549454], [-117.0135854576705, 51.88822151528344], [-117.01406587795536, 51.88794831578192], [-117.0145522182931, 51.88742853366494], [-117.01486118759217, 51.88671100470739], [-117.01516054058777, 51.88617882511097], [-117.01538258599346, 51.88563470900574], [-117.01550805576461, 51.885258004902155], [-117.0156432502079, 51.88502479921904], [-117.01579974733447, 51.884903308383535], [-117.0159634563031, 51.884869507847824], [-117.01632364940254, 51.88482217916142], [-117.01683658762863, 51.884612708883985], [-117.01711940706548, 51.88444490847238], [-117.01857874785395, 51.883737779079176], [-117.02083118092908, 51.88281450738534], [-117.02273445787573, 51.88181270711796], [-117.02333709635944, 51.881400223611045], [-117.02409479996902, 51.880690596641394], [-117.02507949657598, 51.87922657714865], [-117.02626101039081, 51.87739656411528], [-117.02724540448845, 51.875688550831256], [-117.02860805090167, 51.8736323643475], [-117.03066548695598, 51.87062601474195], [-117.03138853779224, 51.86878512422388], [-117.03174994595427, 51.86773488594196], [-117.0317303199669, 51.86692073054537], [-117.03159641445123, 51.86624821543933], [-117.03142425458554, 51.8653515050802], [-117.03141078274096, 51.86483922072795], [-117.03197055766121, 51.86400381440684], [-117.03216247200751, 51.86300580252551], [-117.03266048580963, 51.86216699574183], [-117.03314762827794, 51.861780814176576], [-117.03422728629057, 51.86112863465897], [-117.03485719593745, 51.86056439549548], [-117.03506716382391, 51.86036907315219], [-117.03515441458771, 51.86000023932541], [-117.03510169089428, 51.859750775394545], [-117.03515604765127, 51.859520376221944], [-117.03526099390238, 51.859401020413976], [-117.03541842719531, 51.85920571049928], [-117.03555825197655, 51.85889111074817], [-117.03547040141073, 51.858489776121196], [-117.03533002815209, 51.85809931092525], [-117.03501433550855, 51.8574160204689], [-117.03483884679986, 51.856884556193684], [-117.0348211610811, 51.85667846602815], [-117.03489111575335, 51.85655912395823], [-117.03504847067528, 51.85628789209736], [-117.03506577325052, 51.85601670508816], [-117.03497802726551, 51.85575639497452], [-117.03482034223781, 51.8556045754993], [-117.03440000650104, 51.85538774894895], [-117.03384261394717, 51.85503735634345], [-117.03285794184163, 51.854128821240735], [-117.03224767063789, 51.853499613479904], [-117.03078057937822, 51.852528950229875], [-117.03028666820157, 51.85215452984326], [-117.02929877798364, 51.851189640497225], [-117.02850151351788, 51.85070490457153], [-117.0278438667848, 51.850381557142555], [-117.0271861725244, 51.849950350632255], [-117.02676055739364, 51.84959100149557], [-117.0259480613242, 51.84894415626726], [-117.02536768570354, 51.84841707283923], [-117.0249999386226, 51.84774617651408], [-117.02485393214198, 51.84718060197625], [-117.02451607826303, 51.8468715962703], [-117.02415676927038, 51.84654237580445], [-117.02332296834604, 51.84529882140117], [-117.02210442115663, 51.84430455731147], [-117.02146613001335, 51.84372953175702], [-117.02098253020782, 51.84316648632381], [-117.02088870862977, 51.84276669190841], [-117.02061812901688, 51.84249869279562], [-117.02032806422817, 51.842354956607004], [-117.0199158847131, 51.84214646728402], [-117.01879728378016, 51.84182486643372], [-117.0185265532741, 51.84165715750704], [-117.01813017257017, 51.84140048645842], [-117.01744699825956, 51.8412171306599], [-117.0170409522283, 51.84106142151323], [-117.01675092694975, 51.8409296677468], [-117.0160161523491, 51.84057031244592], [-117.01497204203262, 51.84007919620239], [-117.01357992700724, 51.83936044114209], [-117.01282587984839, 51.83900107411228], [-117.01189379156446, 51.838513164386285], [-117.01048472653409, 51.837753997115655], [-117.00991730703551, 51.837423468255345], [-117.00918707887914, 51.836944641653965], [-117.00845244128813, 51.836633344935045], [-117.0075825437844, 51.8365256231559], [-117.0069446015279, 51.836298145356814], [-117.00632601471477, 51.83616644291026], [-117.0058620724479, 51.83605869351825], [-117.00543676923587, 51.83592698337865], [-117.00512747757914, 51.83585515787119], [-117.00470223205417, 51.8358312174933], [-117.00410298226453, 51.83585519683154], [-117.00317512908202, 51.83585521596312], [-117.00201532416834, 51.83595104194521], [-117.00141607801142, 51.8360348873685], [-116.99925605741676, 51.83633984373684], [-116.99681223105753, 51.83660821789955], [-116.9955987860546, 51.83679854599277], [-116.99501339229079, 51.836919397926074], [-116.99449305663657, 51.8368387985958], [-116.99401176588755, 51.83670982496468], [-116.99315321786314, 51.83665337872527], [-116.99217761191923, 51.836548547636916], [-116.99085079198153, 51.83631475376951], [-116.99012235972594, 51.836153528728246], [-116.98863260961829, 51.83583630833625], [-116.98771271951908, 51.83553038548423], [-116.98686010678358, 51.83540519976482], [-116.98515852527926, 51.835602695737364], [-116.98408482795638, 51.83594283825869], [-116.98286141042078, 51.83601999982483], [-116.98191265395252, 51.83600439925119], [-116.98136340894352, 51.83592696767724], [-116.98113876390434, 51.83578772963803], [-116.98095880836944, 51.8356406907593], [-116.98037572490462, 51.8349177677461], [-116.97992867156167, 51.83393920020966], [-116.97952970598675, 51.832864148068836], [-116.9796138669046, 51.83263792989139], [-116.98033965317506, 51.83185852943297], [-116.98101972265887, 51.830245244934446], [-116.9815704707267, 51.82910736021092], [-116.98193644462233, 51.828667044082806], [-116.98221886462693, 51.82811664507025], [-116.98252202608325, 51.82789651628861], [-116.98283103392565, 51.827800824593474], [-116.98340987046379, 51.82774674850837], [-116.98401056332129, 51.82765880649903], [-116.98444746637794, 51.827536999290935], [-116.9849717361627, 51.827347477248516], [-116.98547413650701, 51.82725275415729], [-116.98599840668183, 51.82710387003452], [-116.98661014171748, 51.82668228957267], [-116.98706209779023, 51.82634442515968], [-116.98742054316516, 51.8259969089299], [-116.9874765632075, 51.82562150830964], [-116.98744403232006, 51.824782398163094], [-116.98751512239585, 51.82438653385504], [-116.98762363183506, 51.824027404888], [-116.98785745319756, 51.8236509087197], [-116.9881535622746, 51.82325510745447], [-116.98890391612387, 51.82286618480456], [-116.98910650226236, 51.82265368802053], [-116.9890753624982, 51.822518443819845], [-116.98893006366788, 51.82243888803415], [-116.9884523025099, 51.82205470856834], [-116.98801616108577, 51.82175520547658], [-116.98754886992764, 51.82145570741899], [-116.98636504545128, 51.82079869467003], [-116.98577317866906, 51.82034460558463], [-116.98558714174662, 51.82016705732454], [-116.98543058448061, 51.8199581794854], [-116.98539070272832, 51.81970516641566], [-116.98585353919039, 51.818977837232815], [-116.98628988087877, 51.81846591390077], [-116.98653926904, 51.81801192712278], [-116.98655493357006, 51.81775111531199], [-116.98646353503243, 51.817121598766775], [-116.9864461589073, 51.81682373427568], [-116.98632164986412, 51.81647597925568], [-116.98607333210828, 51.8159112442404], [-116.98567486174525, 51.8150879471673], [-116.985653938779, 51.814973825035906], [-116.98574571354462, 51.814861295260066], [-116.9861232950692, 51.81464197890764], [-116.9864536692862, 51.814422669130145], [-116.98717338540442, 51.8140279135973], [-116.98794030019377, 51.813596604866966], [-116.98832964854289, 51.813326108466256], [-116.98875433914975, 51.81326766850778], [-116.98910462413909, 51.812877314687796], [-116.9894576685984, 51.812408585641016], [-116.99016362377095, 51.8119086366109], [-116.9903149184982, 51.811700314119086], [-116.99029817654176, 51.81142946881883], [-116.9901302237974, 51.810960694035494], [-116.98977909927294, 51.81043410676015], [-116.98946599099196, 51.81010742387651], [-116.98786974991827, 51.808800307295215], [-116.98689914899906, 51.8081383977131], [-116.98602984049987, 51.80750824355811], [-116.98563993059359, 51.807296668888775], [-116.98523575550651, 51.80715759790245], [-116.98423869105575, 51.80652590692089], [-116.98320916860273, 51.806072779436235], [-116.98169273602441, 51.805512424898346], [-116.98104753478138, 51.8051122437749], [-116.9805958630729, 51.80491213429239], [-116.9794987868466, 51.8048119276291], [-116.97833717313534, 51.804751708702625], [-116.9765302953588, 51.80447129497528], [-116.97541745680851, 51.80413066930896], [-116.97507858484151, 51.80385086998666], [-116.97491751293902, 51.803370734952075], [-116.97462744428744, 51.80277054724374], [-116.97453094678993, 51.80225041870564], [-116.97421388626516, 51.801189598215124], [-116.97254142149693, 51.80005759908169], [-116.97123402052213, 51.79905768931244], [-116.97089982296625, 51.79843520606838], [-116.97029183994363, 51.79781266937217], [-116.96986611152867, 51.797623960998436], [-116.96940978347436, 51.797718148239895], [-116.96898392295844, 51.797718038851734], [-116.96746367091907, 51.79681231580491], [-116.96673416112365, 51.7961142899307], [-116.96617209062548, 51.794979515159255], [-116.96550732797482, 51.79404149609667], [-116.96504381997981, 51.79365372806317], [-116.96461025642678, 51.793395019780526], [-116.96377408947711, 51.79279053500775], [-116.96314936608043, 51.79231518774087], [-116.96243299045732, 51.79150348959002], [-116.9620816298347, 51.79113007017824], [-116.96198395914224, 51.790963870838446], [-116.96196087016024, 51.79087056170638], [-116.96210717190337, 51.790729935620064], [-116.96241923625391, 51.79058637996675], [-116.96315184953274, 51.79021230959231], [-116.96359930205072, 51.79016764533202], [-116.96416085527152, 51.790060044828785], [-116.96436261113053, 51.78995758629069], [-116.96444179299414, 51.789819709036806], [-116.96479632641135, 51.7894633356314], [-116.9651868829445, 51.788950819469946], [-116.9653059665678, 51.78838290931252], [-116.9654926807902, 51.788035888757264], [-116.96593377194156, 51.787568108157465], [-116.96618834731954, 51.78706846915867], [-116.96635160991067, 51.786370645027326], [-116.96630708820001, 51.78610847626901], [-116.96610388096752, 51.785877024602314], [-116.9660276814973, 51.78578235374981], [-116.9660108173138, 51.78566139863746], [-116.96606237783038, 51.78539950813143], [-116.96593208161184, 51.78517469013149], [-116.96604603029778, 51.78507008970186], [-116.96625801735559, 51.78489144463213], [-116.96653790747092, 51.78457617953723], [-116.96663972658054, 51.78441327602544], [-116.96675852630582, 51.7841767985965], [-116.96695798944528, 51.78375111571142], [-116.96714583649364, 51.783489379841676], [-116.96729732653745, 51.78321775372983], [-116.96745085612984, 51.782844244442565], [-116.9674720146317, 51.78262917954715], [-116.96747072552029, 51.78245976075933], [-116.96665330007801, 51.78205541842377], [-116.96594996388166, 51.78166418026396], [-116.96529919057475, 51.78123384344378], [-116.96493191753075, 51.78088179974513], [-116.9646019448271, 51.78054377891294], [-116.96452360707771, 51.78042818004148], [-116.96447029777299, 51.780308127108704], [-116.96445423504943, 51.78021928890268], [-116.9644815962586, 51.78017787037318], [-116.96501076876025, 51.77987663713761], [-116.96548828622183, 51.77934038667764], [-116.96554197584389, 51.77922531522833], [-116.96550009942474, 51.77906888907064], [-116.96533971616957, 51.77867446917063], [-116.96507183232282, 51.77802700579316], [-116.96485134234902, 51.777416133789465], [-116.96473023177944, 51.77683143765915], [-116.96462056948327, 51.77612775958926], [-116.96450427636269, 51.77570642446932], [-116.96445101189585, 51.77556943819587], [-116.96433054282106, 51.77545461716859], [-116.9639104121195, 51.77521172771351], [-116.96341785028356, 51.774914869966196], [-116.96322169792758, 51.774830907706786], [-116.96293176026252, 51.7747687799148], [-116.96288180734912, 51.774725333455784], [-116.96289185044719, 51.77466951560448], [-116.96311432224502, 51.77451239926414], [-116.96381343239594, 51.774209127266325], [-116.96446221375295, 51.77404969498346], [-116.96544221272833, 51.77392592797562], [-116.96604226539584, 51.773783437311735], [-116.96688896183423, 51.77347301767843], [-116.9675886771599, 51.77314892807709], [-116.96777907766128, 51.772565566059725], [-116.96787954269162, 51.77188908817852], [-116.96796060675668, 51.77164316503323], [-116.96814832264359, 51.77143571348507], [-116.96891731655347, 51.771002364800225], [-116.97003569789007, 51.77056911351918], [-116.97060385080496, 51.77035562343383], [-116.9721036762825, 51.77002953358481], [-116.97270882597455, 51.76993175243295], [-116.9734941175333, 51.76985545585362], [-116.9736881420792, 51.769780242526075], [-116.97375984602414, 51.76973134601121], [-116.97379214286379, 51.76966021610711], [-116.9738098648092, 51.76948615224845], [-116.97374036145911, 51.76883582315159], [-116.9735674773333, 51.7683089770279], [-116.9734984957089, 51.76812395815496], [-116.97365543307278, 51.76757831245376], [-116.97384346491104, 51.767194107500934], [-116.97384798776771, 51.76701809358973], [-116.97379264595868, 51.766791888026226], [-116.9736699866949, 51.76647225439439], [-116.97349635516349, 51.766025151788796], [-116.97322123221923, 51.76567443597485], [-116.97256949515575, 51.76509884237587], [-116.97249872181129, 51.765028744759974], [-116.97245916517252, 51.76494264253299], [-116.97243544948765, 51.76485653349412], [-116.97243926220821, 51.76477511359331], [-116.97269500443592, 51.764196667499924], [-116.97282327478477, 51.76374255758935], [-116.9728373669067, 51.76299376443229], [-116.97274260556372, 51.76247224260664], [-116.97257131418736, 51.76208674457024], [-116.9727234116548, 51.761840603860016], [-116.97302444950473, 51.761520467908944], [-116.97333977087271, 51.76128926850799], [-116.97374480958726, 51.76116208639512], [-116.97472307501059, 51.7609455327614], [-116.97563231435826, 51.760658221439684], [-116.97644104996058, 51.76026234535551], [-116.97678889431737, 51.760064602191946], [-116.9766159331666, 51.7599218870456], [-116.97639427498001, 51.759798486847444], [-116.97610380337115, 51.75967506678477], [-116.9757749194084, 51.759551906851], [-116.97540049395208, 51.75948513135764], [-116.97491887353003, 51.75937116497024], [-116.97425386262098, 51.75907210678407], [-116.97336640408781, 51.758719977171125], [-116.97277920898924, 51.75844410586156], [-116.97235631894522, 51.75822042249395], [-116.97180613272164, 51.75761787330292], [-116.97124725962857, 51.756906203388915], [-116.97053415050891, 51.756305622120614], [-116.97009760752417, 51.75593607445729], [-116.96950091748316, 51.75561265568312], [-116.96831667173672, 51.755060331853166], [-116.96754860792241, 51.75472156562452], [-116.96722083873846, 51.754596925765505], [-116.96663193501891, 51.754441068839995], [-116.96585521936244, 51.7542233449768], [-116.96490894925913, 51.75388544327511], [-116.96421116813313, 51.75350613268801], [-116.96345884377223, 51.753160642824504], [-116.96270649618631, 51.75283547452491], [-116.96218317880432, 51.75256452749344], [-116.96168165760149, 51.75231388746248], [-116.96131470791828, 51.75199754555919], [-116.96100800523554, 51.75161631347131], [-116.96097437921044, 51.7510446176659], [-116.96080419782933, 51.75061049408136], [-116.96054868771995, 51.75021870682249], [-116.96012268941627, 51.74975273265962], [-116.95986711404913, 51.749435042865656], [-116.95967991330566, 51.748969158980586], [-116.95968072572109, 51.74873555270282], [-116.95988498334683, 51.748524584373826], [-116.96034564304446, 51.748355358873624], [-116.96072099782778, 51.748207269307755], [-116.96084048925934, 51.74810142342892], [-116.96086138513611, 51.748030145289555], [-116.96073826915122, 51.747953184699725], [-116.95930942319663, 51.74792368724734], [-116.95879780445543, 51.747849359324924], [-116.9580818040369, 51.74749953257756], [-116.95711020276596, 51.74689540403522], [-116.95515424189408, 51.74540585616361], [-116.95498549116316, 51.74523710721211], [-116.9548389042909, 51.74500904277205], [-116.95479499604834, 51.744914656815496], [-116.95478126765299, 51.744802713796005], [-116.95479932379219, 51.74457692801814], [-116.95478102210566, 51.744341333170645], [-116.95457755027762, 51.74385988770191], [-116.95442429156469, 51.743637378210906], [-116.95405687169016, 51.743443418281984], [-116.95352078080012, 51.74328745662354], [-116.95295781491181, 51.743187069578845], [-116.95270237515565, 51.74311764382378], [-116.95229346396408, 51.74275732716271], [-116.9516799294906, 51.74237573365034], [-116.95136259273735, 51.742305908195625], [-116.95085095640658, 51.74231628845545], [-116.94981057441443, 51.74242177862496], [-116.9484972851351, 51.742580095208034], [-116.94608730299045, 51.74301350851535], [-116.94581930227643, 51.74304497892539], [-116.94571703267502, 51.74299195975538], [-116.94568308278689, 51.74286483768146], [-116.94558117294518, 51.74252581911491], [-116.94544510881688, 51.74220797979393], [-116.94532590900961, 51.74207020531789], [-116.9448830372204, 51.74163569620729], [-116.94423863789125, 51.74093200523082], [-116.94398352687502, 51.7403810572958], [-116.94372959681193, 51.738876760558036], [-116.94340708777831, 51.737700798745735], [-116.94352788755896, 51.73654623700616], [-116.94307383559087, 51.73533460494818], [-116.94298426187106, 51.734935870294095], [-116.94305489874645, 51.73475019966017], [-116.94308693755698, 51.73463931557797], [-116.94366881648106, 51.73414773496289], [-116.94373392539944, 51.73398655294073], [-116.94327992422257, 51.73368002515583], [-116.94243656958636, 51.73330075311773], [-116.94108748669072, 51.732510128411846], [-116.93962133646, 51.73190482432147], [-116.93860923375784, 51.73156574766671], [-116.93744720657098, 51.73104901913242], [-116.9357340318841, 51.73062134855261], [-116.9348908772092, 51.73035400563994], [-116.93407575336593, 51.729999644968565], [-116.93319125853124, 51.72974009010305], [-116.93245163142176, 51.72954609734651], [-116.93099270075915, 51.72937778659065], [-116.92951321124502, 51.729167200426836], [-116.92847498601938, 51.729013335411736], [-116.92741099161246, 51.72874652887149], [-116.92722964221777, 51.72851251649114], [-116.92711336462791, 51.728173710723496], [-116.92714054537652, 51.72741558147339], [-116.92718488023796, 51.7265555608958], [-116.92706856988585, 51.726232878470796], [-116.92674476402232, 51.72580520635889], [-116.92638509854243, 51.72473614820694], [-116.92615611867147, 51.72396352877651], [-116.9260966413068, 51.72383170984071], [-116.92636114533467, 51.7235102004464], [-116.92703304254157, 51.72299415573091], [-116.92795876314476, 51.72217647792563], [-116.92815867909488, 51.7219269608441], [-116.92843694317499, 51.72171522580092], [-116.92944547289581, 51.72135319974588], [-116.92955107929032, 51.72130162635046], [-116.92960484257887, 51.72120494842417], [-116.9294194597607, 51.721023516170376], [-116.92870429928024, 51.72038021861559], [-116.92788329192823, 51.71960499965884], [-116.9270882711881, 51.71917591536505], [-116.92608081931671, 51.7188950772259], [-116.92592296838635, 51.71875667018206], [-116.92593987076361, 51.71844100718354], [-116.92620278686591, 51.71806442578974], [-116.92631809155344, 51.7177284910169], [-116.92622031642921, 51.71736187031398], [-116.92597461985737, 51.717239515373706], [-116.92579440012044, 51.71717830940609], [-116.92445007806212, 51.71723854769663], [-116.92336826971089, 51.71716658124533], [-116.92258174122959, 51.71697258831358], [-116.92182213501809, 51.716614858477506], [-116.92145169497513, 51.7163608969194], [-116.92002074112426, 51.71542682590565], [-116.91887222519215, 51.71484071089967], [-116.91800440572827, 51.714300135635966], [-116.9175460893406, 51.71394322685676], [-116.91697340380357, 51.71338249093006], [-116.91694088874661, 51.71323982600758], [-116.91705585452007, 51.71311764585582], [-116.91764420265172, 51.712573419903876], [-116.91861335954783, 51.71142282617821], [-116.91896789493225, 51.71094255507178], [-116.91928682298338, 51.710547180354354], [-116.91982844986599, 51.710190909442886], [-116.92023891379628, 51.70979384515016], [-116.92053432629497, 51.709569917144385], [-116.92059522429133, 51.70950799931825], [-116.92073168868082, 51.709434199728065], [-116.9207781574061, 51.7094035815454], [-116.92079691281158, 51.70936632935183], [-116.92072605447643, 51.70933867691553], [-116.92061668601625, 51.70933562534137], [-116.92005927499511, 51.70942694905115], [-116.91955120297611, 51.709416418783604], [-116.91923794493924, 51.7093124267115], [-116.91890186906143, 51.709074310197686], [-116.91843820340726, 51.70880724530565], [-116.91759371139507, 51.70830422670192], [-116.91605013631326, 51.707598097940924], [-116.91529657634283, 51.707251529015544], [-116.91457477563269, 51.70676681960529], [-116.91394854415049, 51.706593271646085], [-116.91334522189175, 51.706578388674295], [-116.91218787231162, 51.70668798202762], [-116.91101012894882, 51.70672369715735], [-116.90927281287095, 51.706850492294606], [-116.90762414284394, 51.706812601028645], [-116.9067314460849, 51.706645447187995], [-116.9053999352034, 51.706317008554855], [-116.90427324477434, 51.70587891783094], [-116.90374008244838, 51.70561882186679], [-116.90341606341232, 51.70521462733429], [-116.90306948960054, 51.70450749183208], [-116.90276921775063, 51.703858092852364], [-116.90213422981167, 51.70352985962957], [-116.90134579808947, 51.70329838860632], [-116.89958279821182, 51.7030660729115], [-116.89772668658043, 51.70297791793203], [-116.8969842159777, 51.70294842152676], [-116.89656636991874, 51.703034608984254], [-116.89544993913727, 51.70417324745262], [-116.89507066014926, 51.704397950561535], [-116.89435828611744, 51.70461947338039], [-116.89345990653034, 51.70476500970256], [-116.89246371932653, 51.70478938420084], [-116.89072733103473, 51.70476251305117], [-116.8890704165723, 51.70452249329327], [-116.88613289792929, 51.70386317133569], [-116.88520174969977, 51.703520081089245], [-116.88475711728589, 51.70344067569628], [-116.8843757698665, 51.703466629088254], [-116.88316794886659, 51.70363652012101], [-116.88122250287341, 51.70431701117141], [-116.88037387873324, 51.70438209563119], [-116.87980610425235, 51.70438542449995], [-116.87904821241493, 51.70452789470994], [-116.8782530782554, 51.704757741210024], [-116.87759740517292, 51.70515066227687], [-116.87692093633727, 51.7054254760823], [-116.87622395469567, 51.705477210987695], [-116.87567505799912, 51.70542415978631], [-116.87491545836438, 51.70521343171657], [-116.873691012897, 51.70477070289378], [-116.87286902403358, 51.704542115427344], [-116.8725427938289, 51.70442458624893], [-116.87189817164963, 51.70437050303212], [-116.87008572130976, 51.70450303078149], [-116.86796356550605, 51.70483034090194], [-116.8661597648309, 51.705092045228646], [-116.86491731317463, 51.70528247807399], [-116.86434619160927, 51.705609994343604], [-116.86361014611822, 51.70647373607782], [-116.86286568262477, 51.707132212675354], [-116.86196177085529, 51.707560342388575], [-116.86050341147362, 51.70796556232633], [-116.85896104134247, 51.70821314323457], [-116.85755867311141, 51.708312717026814], [-116.85586116350476, 51.708442517062394], [-116.85448335138895, 51.7084308467369], [-116.8538291652468, 51.708285634296466], [-116.85330211374595, 51.70800929860829], [-116.85313394537788, 51.707772808628256], [-116.85229196352323, 51.706931607653814], [-116.85170205924274, 51.70651078914516], [-116.85087267889759, 51.706064588760896], [-116.84952243375473, 51.70569529930027], [-116.84817160803563, 51.70549664685445], [-116.84614509658643, 51.705297098475846], [-116.84543027167581, 51.70520167921578], [-116.84462914912353, 51.705131479336664], [-116.84381941888732, 51.70516572597181], [-116.84327354041906, 51.70521454396761], [-116.84219627700024, 51.70530498923745], [-116.84149971434371, 51.705225287099495], [-116.83932178030079, 51.70485170060603], [-116.83778888758886, 51.70409635858233], [-116.83664310762691, 51.70358257760803], [-116.83614235821484, 51.703491487461804], [-116.83547958416825, 51.70351064809929], [-116.83386237713474, 51.703739365760434], [-116.83150642944935, 51.70416150107196], [-116.82885724725179, 51.704489410417345], [-116.82821695880594, 51.70449728200148], [-116.82736125542654, 51.7042347583626], [-116.82649289310557, 51.70419523644817], [-116.8255505368863, 51.70426705640557], [-116.82443456424913, 51.70450174058943], [-116.82254291081286, 51.704619483018455], [-116.82192835595231, 51.704698947081695], [-116.82129713805101, 51.70490901204487], [-116.82030522860832, 51.705538837115505], [-116.81882696341044, 51.70585914108657], [-116.8176304718237, 51.70593768383157], [-116.81633756229647, 51.70587536794743], [-116.81397925348806, 51.70563521176391], [-116.81124743066496, 51.704781102555664], [-116.8107498909957, 51.70462045751335], [-116.81005162491745, 51.70456672896011], [-116.80955274075689, 51.70485970381557], [-116.80936466490122, 51.705309148778326], [-116.809513908887, 51.706407141966864], [-116.80950784579389, 51.707854128863524], [-116.80943928496882, 51.709488303463026], [-116.80897610545354, 51.71035417437895], [-116.80864597654053, 51.7108022391454], [-116.80798475547398, 51.71192269132352], [-116.8074565378869, 51.712635530084754], [-116.8063036459174, 51.713571640112214], [-116.8052512904776, 51.71401851136489], [-116.8039010270119, 51.71503583439961], [-116.80248142764718, 51.71560105927814], [-116.8018434723288, 51.71600621448422], [-116.80093916159531, 51.716342000944806], [-116.80076701436872, 51.716487872860945], [-116.80059436369031, 51.71697873170709], [-116.80003755555505, 51.71782812492436], [-116.79978412531375, 51.71853352476738], [-116.79972949299668, 51.71920787209368], [-116.80005863570521, 51.721283543132834], [-116.79979778349224, 51.72199339592053], [-116.79929540269778, 51.722682821994475], [-116.79771264921462, 51.723620505872425], [-116.79769613778993, 51.72371050632745], [-116.7978731456488, 51.723750834488676], [-116.79922154402136, 51.72371832546407], [-116.79984930776867, 51.723819491728996], [-116.80049284729944, 51.72400075086399], [-116.80237375816597, 51.72486478309869], [-116.80395005727928, 51.725407949708476], [-116.8046738749033, 51.72565939614526], [-116.80585543800612, 51.72633483433544], [-116.807131418573, 51.727335084956586], [-116.80800829756092, 51.727980529996756], [-116.80995240633987, 51.7292149042233], [-116.8118259110103, 51.730168420127775], [-116.81265142183919, 51.73103101328327], [-116.81523105342225, 51.73263094294618], [-116.81672540453249, 51.73362425302341], [-116.81836408167148, 51.73475976155536], [-116.8191000749411, 51.7353992843208], [-116.82047965566369, 51.736917638711695], [-116.82058067665984, 51.73702185216535], [-116.82061984440652, 51.737153348157634], [-116.82054001254576, 51.73726549168358], [-116.82039862445113, 51.73733101437252], [-116.81951870053214, 51.73788825929076], [-116.81872334723352, 51.73853522082777], [-116.8182621730784, 51.73887212365602], [-116.81769670271802, 51.739101252083955], [-116.81711393269389, 51.739242730886815], [-116.81474944240033, 51.73933761444874], [-116.81331973206336, 51.73949965352087], [-116.8127905003774, 51.73965231212862], [-116.81233034537021, 51.73983762167723], [-116.8118399914233, 51.74007239451558], [-116.81172024340466, 51.74012019622014], [-116.81163430043716, 51.74015878283472], [-116.81157951290459, 51.740207112081876], [-116.81157148162724, 51.740265195356905], [-116.81174019246457, 51.740948073197906], [-116.8117004572176, 51.74131500128042], [-116.81161286128555, 51.74156754364947], [-116.81107814657439, 51.74263174992493], [-116.81061228176777, 51.74367992497317], [-116.80978136552142, 51.74511712500048], [-116.80932375465159, 51.745529524657954], [-116.80878406226624, 51.745875505588074], [-116.80703519122208, 51.74671236459566], [-116.80686195224808, 51.7469869054262], [-116.8067870377168, 51.74726159658103], [-116.80679019117771, 51.74779259560313], [-116.80680839216676, 51.748811751666175], [-116.80702587804554, 51.74969763520053], [-116.8070867210411, 51.750062602181885], [-116.80696832763434, 51.75031004200922], [-116.80670897432336, 51.7505864031678], [-116.80616705706107, 51.7510807960602], [-116.80505928405692, 51.75217150635238], [-116.80429901343403, 51.752688421877494], [-116.80383599424448, 51.75282499698311], [-116.80338960660943, 51.75292622350049], [-116.80303684401554, 51.753085861993185], [-116.80242562491829, 51.753523888058524], [-116.80179899485083, 51.75429690706237], [-116.80096485747299, 51.75500505563241], [-116.80021027623201, 51.755368151606206], [-116.79856845697807, 51.75661363619347], [-116.79721307853582, 51.75770792777288], [-116.79617072162245, 51.75848019820795], [-116.79590883891287, 51.75872608767347], [-116.79581494884452, 51.75889447490955], [-116.79596909618756, 51.75913073338813], [-116.79623174898518, 51.75940090861142], [-116.79661050415083, 51.75974351416286], [-116.79670314879449, 51.759854442873085], [-116.796710368095, 51.75997486214474], [-116.79664742590643, 51.760162598539864], [-116.79624179447823, 51.76061942484939], [-116.79531741372148, 51.76126957885991], [-116.79401047899063, 51.76193529605155], [-116.79376668410463, 51.76219830786755], [-116.79361368550492, 51.76249910898032], [-116.79324091812957, 51.762969094921345], [-116.79274445962302, 51.76358894812151], [-116.79256178720668, 51.763748566393176], [-116.79239494803929, 51.76375768896348], [-116.7922282849494, 51.76372916596706], [-116.7906980144362, 51.76348182513144], [-116.78972793610548, 51.76341423760393], [-116.78834930211433, 51.7631671477209], [-116.78765192352365, 51.763147063870264], [-116.78711041284102, 51.76317309563623], [-116.78640783964165, 51.76331416653115], [-116.78555839280865, 51.76338789024077], [-116.78529799440697, 51.76345838035161], [-116.78485223930385, 51.76355160038035], [-116.78467423677382, 51.763601096973474], [-116.78451800559209, 51.76369218017961], [-116.78439545805597, 51.76395553492808], [-116.78440747589623, 51.76461451542458], [-116.78403934821193, 51.765498728551904], [-116.78420361297526, 51.76602619978504], [-116.78423215639671, 51.76640278788481], [-116.7836266452801, 51.76752837457444], [-116.78322791678073, 51.76779345776844], [-116.78294673045434, 51.76820059954954], [-116.78273010463273, 51.76884226575619], [-116.78256335037786, 51.76936173001075], [-116.78264390366256, 51.76968801937672], [-116.78257721365641, 51.76989172897648], [-116.78239593705285, 51.77001367799547], [-116.78201743878505, 51.77015566459046], [-116.78093144468093, 51.77053072897309], [-116.7804577932463, 51.770629807824285], [-116.78002024457973, 51.77082144577302], [-116.77978939361076, 51.77103487799797], [-116.77924641353064, 51.771639788171086], [-116.7790680833807, 51.772152137299344], [-116.77901681401423, 51.77229840080109], [-116.77892113545099, 51.772366291108774], [-116.77874842816563, 51.77243724529841], [-116.77813832867218, 51.77266420735457], [-116.77729755428217, 51.773061820477004], [-116.77529435605241, 51.77382789173591], [-116.7742731240034, 51.774318149674464], [-116.77386803958879, 51.774635556964995], [-116.77362738744388, 51.77489389185607], [-116.77355787842679, 51.77503151129496], [-116.77341315516078, 51.77533894971896], [-116.77332828469068, 51.775898802509076], [-116.77326333644555, 51.77600633717506], [-116.77274961315206, 51.776306027428106], [-116.77237307856174, 51.77668295100786], [-116.772371103116, 51.77707513037054], [-116.77234548624538, 51.777510828567706], [-116.77185120777729, 51.778018248174305], [-116.77070081299186, 51.778611538600394], [-116.76980996767799, 51.77881313771424], [-116.76917683944971, 51.77898620951258], [-116.76886097499477, 51.77918066729578], [-116.76881330427466, 51.77987433162468], [-116.76900828405796, 51.78042686694988], [-116.76943235012267, 51.78103993227578], [-116.76947812396178, 51.78120075012984], [-116.76947727882671, 51.781366622013905], [-116.76942939618199, 51.78161722908495], [-116.76864436957226, 51.782369512656125], [-116.76789112358378, 51.78312333142297], [-116.76688708656351, 51.783968466928954], [-116.76614749755592, 51.78454352011268], [-116.76560165946375, 51.78495579058195], [-116.76509094918192, 51.785357248637055], [-116.76456313648616, 51.785671641675705], [-116.76243502784354, 51.786368694803514], [-116.76075131720435, 51.786773494913675], [-116.76022350398782, 51.787076990314155], [-116.75946360858993, 51.788591481176056], [-116.75913987846508, 51.7898363393905], [-116.75902928102344, 51.79075386971144], [-116.75881119562838, 51.79199895368098], [-116.75859384123292, 51.79311292021266], [-116.75837609903301, 51.79429243037808], [-116.75826581780959, 51.795144423185356], [-116.75761826920503, 51.795962559890874], [-116.75729257061123, 51.797033212187394], [-116.75740741715144, 51.79750259239234], [-116.75729781855247, 51.79822344985891], [-116.75612952672046, 51.79920434145863], [-116.75443181697797, 51.80031523116403], [-116.75315767052831, 51.801295870983424], [-116.751883108247, 51.802342044673125], [-116.7509260830899, 51.8033233343121], [-116.7497567799539, 51.80443525193854], [-116.7482701977554, 51.80554650374721], [-116.74721019860287, 51.80600310314248], [-116.74562146391011, 51.80645854176649], [-116.74413952677419, 51.80671755518383], [-116.74311304899882, 51.80674338158226], [-116.74219928057637, 51.80668256139025], [-116.740123068432, 51.806380981263636], [-116.73864415707098, 51.806115484852626], [-116.73708297600402, 51.80595702683028], [-116.73503576984729, 51.80579371796512], [-116.73325427802115, 51.80557895662671], [-116.73166929905213, 51.80537868628663], [-116.72987284651396, 51.805177918995554], [-116.72828828435809, 51.804912048143294], [-116.72457761374581, 51.80393014450035], [-116.72409399419539, 51.80374117774119], [-116.72355129725766, 51.80330789960154], [-116.72243839114168, 51.80199047469737], [-116.72217091582822, 51.80150159711086], [-116.72189919319617, 51.800993706391615], [-116.72108608125352, 51.8002029057571], [-116.72008548274303, 51.799480584396086], [-116.7187255457921, 51.7988920356119], [-116.71794530116782, 51.79861764874363], [-116.71679438442747, 51.798577318992066], [-116.71582429249156, 51.79868767430583], [-116.71451976495516, 51.79898503602048], [-116.71366928111365, 51.79933983530431], [-116.71306149935727, 51.79963888747013], [-116.71239238904171, 51.80005047494344], [-116.71187333153449, 51.80057059036303], [-116.71085663497786, 51.80106346926191], [-116.71034300202268, 51.80141178504504], [-116.70991351816572, 51.80161614541041], [-116.70947687395305, 51.80173105689062], [-116.70904105289011, 51.80178101047993], [-116.7084274786694, 51.8017935018269], [-116.70752700786167, 51.80180043651034], [-116.70707240719949, 51.80164579781], [-116.70622676955104, 51.8014628364292], [-116.70540185957717, 51.80142145723181], [-116.70462567184204, 51.8014373077209], [-116.7038920517061, 51.80150939855351], [-116.70306238045218, 51.80167243122505], [-116.70223816838619, 51.80184303077759], [-116.7006106721235, 51.80221652843051], [-116.69938098113767, 51.80245203179624], [-116.6984629820618, 51.80254147078124], [-116.69765018839375, 51.80267745690026], [-116.69714045294748, 51.80287843110476], [-116.69614280621299, 51.803518329276216], [-116.69549494889493, 51.803828018469424], [-116.69503858858853, 51.80419636098559], [-116.6949071624959, 51.804330889627785], [-116.69486291794676, 51.80442523834865], [-116.69484774998996, 51.80453754086126], [-116.69458136807123, 51.80513314848349], [-116.69419220046963, 51.80579879385816], [-116.69399627098586, 51.80605485193264], [-116.6926668720945, 51.80667916708331], [-116.69229374292046, 51.80690263221124], [-116.69171496801988, 51.80716194216765], [-116.69110716175565, 51.80737872279657], [-116.68997043925313, 51.807709349775706], [-116.68958141979103, 51.80784096822559], [-116.68864116285316, 51.808178891452286], [-116.68828705862815, 51.808338432501266], [-116.68794918135856, 51.80842019416736], [-116.6875641282258, 51.80851643332702], [-116.68720027108259, 51.80867301470589], [-116.68679209786646, 51.808774032405836], [-116.6863391299144, 51.80908452431177], [-116.68613718216672, 51.80944941395929], [-116.68568203822075, 51.81007159450137], [-116.6852291996822, 51.81036058202342], [-116.68486951515673, 51.810512369833155], [-116.68383676214637, 51.81142143392644], [-116.68334560749848, 51.81210127253114], [-116.68298336954008, 51.812294910456274], [-116.6819773620003, 51.81255493028587], [-116.68118094268947, 51.8128436601514], [-116.68090865068123, 51.8128050340015], [-116.6807523675313, 51.8127170336084], [-116.6804404199564, 51.8124534532846], [-116.68013723964161, 51.81206042207952], [-116.67987991464126, 51.81183887949845], [-116.67947343115266, 51.811633433935484], [-116.67908229578532, 51.81147667231275], [-116.6784091593995, 51.81126075108805], [-116.67811181883604, 51.81115290472886], [-116.6774865863075, 51.81082034464045], [-116.67684589568206, 51.81045854423283], [-116.67621738604453, 51.81019867930347], [-116.67590515997196, 51.80998374368121], [-116.67524879867571, 51.809621893553924], [-116.67441824867261, 51.80948336463697], [-116.67368255928372, 51.80924778270225], [-116.67302516487872, 51.809031873061286], [-116.67210227322698, 51.80864981528352], [-116.67112004830518, 51.80780047458784], [-116.66990089381866, 51.80717428088297], [-116.66897913774743, 51.80664623562564], [-116.66840927169541, 51.806320112085984], [-116.66789458313522, 51.805909963553155], [-116.66752052445847, 51.80557806033003], [-116.66739672473341, 51.80534417069935], [-116.66739837635261, 51.805120363569884], [-116.66757280234813, 51.804867854498184], [-116.66806240123675, 51.80442162293384], [-116.6677575426802, 51.80449109342831], [-116.66720024754159, 51.80475211303886], [-116.66658176166108, 51.80501004106797], [-116.66620435700858, 51.80512861634759], [-116.66565778129748, 51.80520875200307], [-116.66465867295338, 51.80522929351738], [-116.664020400422, 51.805134061370225], [-116.66318815409328, 51.80500402359292], [-116.66241833488122, 51.80485378515594], [-116.66189994320209, 51.80481347454938], [-116.66111846976295, 51.804834585005466], [-116.66079799263098, 51.80489204182571], [-116.66056266386055, 51.80489137185008], [-116.66041219459417, 51.80487341675532], [-116.66031833590185, 51.80483811343303], [-116.65944844611447, 51.80409989464869], [-116.65937411629895, 51.80397121616923], [-116.65946414263006, 51.80381026199615], [-116.65973615985774, 51.80344379099652], [-116.65975904466029, 51.80338040413991], [-116.65974293422434, 51.80329741733714], [-116.65963071423381, 51.803143017140336], [-116.65910348870096, 51.80271497103682], [-116.65823976042213, 51.802223636433276], [-116.65762422464104, 51.801801714041034], [-116.65721692218087, 51.80148414555316], [-116.65651608751416, 51.801284997597286], [-116.65555295371313, 51.80116129501508], [-116.6552302439273, 51.8010530180462], [-116.65516577289765, 51.80073644254844], [-116.6551916819459, 51.80054957259466], [-116.65536860978457, 51.800309707114735], [-116.65601164942191, 51.79962919750355], [-116.65605080942679, 51.799426635576545], [-116.65620533355457, 51.79883104342797], [-116.65675868878773, 51.79839370655124], [-116.65692273276302, 51.7982360433796], [-116.65697591400784, 51.79816880442681], [-116.6570243782333, 51.798026970807], [-116.65700235087185, 51.797653797513135], [-116.65708451345253, 51.797309016097145], [-116.6570801970481, 51.79703601629877], [-116.65696692038276, 51.796829946039544], [-116.65695166005376, 51.796759172053726], [-116.65697440900537, 51.79668359114975], [-116.65706922353722, 51.79648512718556], [-116.65707342299433, 51.79624867400311], [-116.65710249868506, 51.79590912605912], [-116.65707397594623, 51.795589306275915], [-116.65694353856804, 51.79532263597965], [-116.65663582062068, 51.79489101698431], [-116.65634493218589, 51.794477944996004], [-116.6561570679745, 51.79384978430781], [-116.6561312101128, 51.79374319086739], [-116.65616319583218, 51.793587275597005], [-116.6562955386009, 51.7933448932948], [-116.65632189796807, 51.79319381599495], [-116.65626058965638, 51.79308370635146], [-116.65609379518173, 51.79294261711602], [-116.65592157631887, 51.79286988184832], [-116.65574385908647, 51.79282548124435], [-116.6552300651397, 51.7927224037208], [-116.65463409813242, 51.79266260414249], [-116.65428217715451, 51.79264788156697], [-116.6535036842184, 51.792471713656575], [-116.65290774928407, 51.792326306702584], [-116.6522514198471, 51.792112681622946], [-116.65159549622446, 51.79184614677548], [-116.65091446452797, 51.79167464301469], [-116.65073563793588, 51.79160221789488], [-116.65063532820315, 51.79153332643925], [-116.65045354911844, 51.79127765568909], [-116.64976528429618, 51.790560506940686], [-116.64934586438545, 51.79015599182161], [-116.64871533357172, 51.78974369541197], [-116.64795713532556, 51.78936755287699], [-116.64703597174777, 51.78887575284534], [-116.64650186312288, 51.788577437178425], [-116.64621010103853, 51.7882373729637], [-116.64605678695897, 51.788018636416275], [-116.64498772774282, 51.787095236735766], [-116.64462033197408, 51.786762507842404], [-116.64423978425904, 51.786295482464865], [-116.6441667265349, 51.785937694337655], [-116.64416905634786, 51.78570707538916], [-116.64450358339191, 51.78544550762716], [-116.6447607897342, 51.78504822415135], [-116.64522934628232, 51.784455571865024], [-116.64563856391763, 51.784034217965726], [-116.6459364947072, 51.78338950715962], [-116.646094783863, 51.783163436516176], [-116.64624528214587, 51.78298387488745], [-116.64637336980152, 51.782759662538986], [-116.64647887540515, 51.78235488138669], [-116.64653604294702, 51.782060055942125], [-116.6465385697679, 51.7817367074646], [-116.64650539123662, 51.78129979825116], [-116.64642535245424, 51.78101023569723], [-116.64623065300411, 51.78061929370873], [-116.64614614586161, 51.780304346314175], [-116.64571256937776, 51.77929235263053], [-116.64565623428668, 51.77890548147666], [-116.64557858864634, 51.77870883622841], [-116.64553105338325, 51.778463165271205], [-116.64563207253003, 51.77819953340302], [-116.64572238135354, 51.77804021697101], [-116.64595067864555, 51.77779407518606], [-116.64621992410474, 51.77753079822573], [-116.64644913032994, 51.77732267500376], [-116.6469466005875, 51.77697410740778], [-116.64746391153638, 51.7766194428873], [-116.6477863694558, 51.77627675192367], [-116.64801594342222, 51.77581943569529], [-116.64822147944865, 51.774576907321325], [-116.64839489890473, 51.77364073187082], [-116.64834145777843, 51.77276145515889], [-116.64823985158965, 51.772265474776624], [-116.64804894246319, 51.771628946067906], [-116.64805365743175, 51.771272075001924], [-116.64825276240558, 51.77051354575199], [-116.6484360398209, 51.770087783261836], [-116.64883916879103, 51.76963630657213], [-116.6500943664048, 51.76867116486976], [-116.6507584580275, 51.768148732306976], [-116.65149692360568, 51.767376815936096], [-116.65194492264601, 51.76685168057003], [-116.65204856014586, 51.76637134377305], [-116.65213736014738, 51.765472324618855], [-116.65218332932157, 51.7650926227357], [-116.6520749396543, 51.764565150678685], [-116.65204049684604, 51.76416967963399], [-116.65193430334992, 51.76395895078395], [-116.65176928963436, 51.76369598955795], [-116.65143107451676, 51.76330458401253], [-116.65112221110995, 51.762888712183575], [-116.65087563064127, 51.76248961621214], [-116.65075352749508, 51.762135144680926], [-116.65070553931507, 51.76181990620789], [-116.65077311942171, 51.7615349129482], [-116.65131711995768, 51.76012391176412], [-116.6517987846846, 51.758639769895765], [-116.65204051896336, 51.75777832545376], [-116.65219694638793, 51.756890079376156], [-116.65237271767775, 51.7562671890633], [-116.65248538262625, 51.755511472146004], [-116.65243214565108, 51.754978873801086], [-116.65217945503055, 51.754487079807824], [-116.6520111366604, 51.75414152428778], [-116.65173638168744, 51.75374255058424], [-116.6507590466684, 51.75299644005019], [-116.65024860807496, 51.75267641552233], [-116.64995085352705, 51.75248973066681], [-116.64954604523336, 51.75232926111032], [-116.64897028349074, 51.752168279893986], [-116.6473479805586, 51.75192454494787], [-116.6449770459249, 51.75177141497143], [-116.64380445271834, 51.751561821772725], [-116.64259576064406, 51.75122023495418], [-116.63929074065594, 51.750065441457785], [-116.62877969254444, 51.746273766195486], [-116.628462246613, 51.74611250832447], [-116.62825071175948, 51.7459093262148], [-116.62814589125765, 51.745563256700756], [-116.62818215458425, 51.7454079132366], [-116.62844149019196, 51.74506133334172], [-116.62859326422202, 51.744806235777205], [-116.62874677483943, 51.74337267531799], [-116.62925219966722, 51.74185653323185], [-116.62911663714412, 51.73863777152213], [-116.62987040518797, 51.73753384207766], [-116.63029560031154, 51.73701221724432], [-116.63062248240746, 51.736631060983754], [-116.631046024453, 51.73631056474804], [-116.631728733224, 51.73597075242758], [-116.63273391016001, 51.73579287447812], [-116.63357750830166, 51.73557424163396], [-116.63387446233472, 51.73538546101076], [-116.63349342374865, 51.73445953201335], [-116.6332126232072, 51.733151951674735], [-116.63263638385281, 51.73234602220192], [-116.63105968840077, 51.731154996493096], [-116.62899992568047, 51.72966086125542], [-116.6267437519294, 51.728447526348845], [-116.62603356399666, 51.72820403505366], [-116.62438860212364, 51.7274750755416], [-116.62329645347354, 51.72715685549729], [-116.6210593804468, 51.72686128100891], [-116.61962070869887, 51.726518196977274], [-116.61823236685866, 51.72548995227225], [-116.6174837278149, 51.72481081687513], [-116.61728896589378, 51.72471474562092], [-116.61685664930576, 51.72462658533789], [-116.61539548343076, 51.72396245613064], [-116.61501905728217, 51.723874463407036], [-116.61444663191374, 51.72383788248369], [-116.61310052840528, 51.72388331470061], [-116.6107654759022, 51.724112709033555], [-116.60932300880896, 51.72413426313859], [-116.60869897762039, 51.724242909269655], [-116.60831819151358, 51.724383153182], [-116.6080122754008, 51.72464159972547], [-116.60766617896266, 51.7251593541131], [-116.60709597677021, 51.72525181823498], [-116.60654588866815, 51.72521458555121], [-116.60563683446735, 51.72498745794042], [-116.60405687513939, 51.724607772980846], [-116.602160758479, 51.72440088436988], [-116.6010510979122, 51.72415821881944], [-116.60028623440604, 51.72389919913832], [-116.59892342640973, 51.723481774498204], [-116.59831852415934, 51.723208445878626], [-116.59824376232018, 51.723078458966036], [-116.59826758752777, 51.722764393892504], [-116.59806342814876, 51.722245064069924], [-116.59772737484978, 51.721619207433655], [-116.59750665298259, 51.72082871662731], [-116.59720731761327, 51.72034442621493], [-116.59679485206975, 51.71977723815003], [-116.59630116071251, 51.7190913750602], [-116.59589572179979, 51.7184540002941], [-116.5952991593506, 51.71791126459227], [-116.59383687087455, 51.71707444576713], [-116.59096882295097, 51.71639500648677], [-116.58980153890818, 51.716037819421786], [-116.58878743035687, 51.7156367549254], [-116.58660982108235, 51.71447275023361], [-116.58613742241045, 51.71411482653972], [-116.58582875615384, 51.71384069786811], [-116.58543800209077, 51.713570975906144], [-116.58530818327638, 51.71340735630836], [-116.58525909200243, 51.71320702029478], [-116.58527611908734, 51.71249680806887], [-116.58558858349524, 51.711815317299205], [-116.58535655706798, 51.711507478398865], [-116.58523942070757, 51.71127344655371], [-116.58520196812054, 51.71109644683518], [-116.585218227216, 51.71096127785286], [-116.58639726492865, 51.70990963934073], [-116.58679811819641, 51.70899658849708], [-116.5869042915709, 51.70811298792081], [-116.58681849196478, 51.7067613108591], [-116.58662833627264, 51.706090044824926], [-116.58650400592121, 51.705378354665584], [-116.58638003941726, 51.704626039722555], [-116.58619011524131, 51.70393443917263], [-116.58599962455752, 51.70330379973445], [-116.58566442561636, 51.702547085037814], [-116.58529510840978, 51.70174737463566], [-116.58446601650239, 51.70035412926936], [-116.58400535201841, 51.69985693647985], [-116.58330078468573, 51.69938642064272], [-116.58195571192438, 51.698707110450385], [-116.58138446126837, 51.69819575484437], [-116.5810164232357, 51.697542226342215], [-116.58116002331083, 51.69727954974187], [-116.58155886080519, 51.69689494909959], [-116.58186347438476, 51.69669700719022], [-116.5824656024657, 51.69654724498783], [-116.58654569297887, 51.69600839277265], [-116.5875416373182, 51.695764864481454], [-116.58868957723536, 51.69520060027516], [-116.58951326897827, 51.694659535856985], [-116.59002764243884, 51.69397702508158], [-116.59003129347641, 51.69357346416708], [-116.58924809328514, 51.692763606408306], [-116.5877868729833, 51.69200399311999], [-116.58694200380243, 51.6917729285567], [-116.58584193118848, 51.69166377352801], [-116.58506164030764, 51.69148459309713], [-116.58463168635122, 51.69125594888007], [-116.58415642095554, 51.69074542008898], [-116.58402216388605, 51.69030212984444], [-116.58390861347262, 51.68965180007992], [-116.58364450371728, 51.6891309297812], [-116.58299236045839, 51.6885715281856], [-116.58204319498606, 51.68782537479797], [-116.5815998585828, 51.687303858921204], [-116.58148310369727, 51.68700633593959], [-116.58157443336535, 51.68682096691255], [-116.58336994741484, 51.68649311009553], [-116.58444812994757, 51.68619980536558], [-116.58576748962993, 51.685665955063406], [-116.58615821858572, 51.6854073543864], [-116.58637088327835, 51.68501815413818], [-116.58661983732371, 51.68392343776679], [-116.58706454696237, 51.682671167149664], [-116.58752601873007, 51.68113192717783], [-116.58787583155635, 51.68010997321479], [-116.588250482532, 51.67947621811619], [-116.58879490709884, 51.678895973545266], [-116.59042057948402, 51.67798432703267], [-116.59090628965944, 51.67761555387669], [-116.59102059230814, 51.67752775320664], [-116.5909939611449, 51.67733361824833], [-116.58997852880191, 51.6766597144563], [-116.58882574015747, 51.67549138607961], [-116.58832945645746, 51.67464744406319], [-116.58796594569446, 51.67410390783497], [-116.58706994359972, 51.67262188215694], [-116.58735806716976, 51.671709462296235], [-116.58782837154992, 51.67127616633796], [-116.58821025364287, 51.67030608128593], [-116.58898640988028, 51.66956935314833], [-116.5892543581031, 51.66916836562817], [-116.58935887916323, 51.66869284389467], [-116.58942125344893, 51.668389346449395], [-116.58979250007586, 51.66809383748005], [-116.59014605499685, 51.66788153393163], [-116.59084960921565, 51.66751056551299], [-116.59111112515284, 51.667349663164416], [-116.59161317014302, 51.66713981763396], [-116.59295684836093, 51.66677106170816], [-116.5939398605774, 51.66646328095562], [-116.59572648515173, 51.66577239011521], [-116.596505507015, 51.66563186159722], [-116.59678654371986, 51.66552087439436], [-116.5970480617439, 51.66536004133811], [-116.59711092529625, 51.665036822743716], [-116.59697563491967, 51.664501423534546], [-116.5965738797825, 51.66343662357794], [-116.59619174330423, 51.662670022567326], [-116.59573511899784, 51.66228281542182], [-116.59463961557088, 51.661756532264036], [-116.5940458796177, 51.66104539653962], [-116.59363183216641, 51.660642074613754], [-116.59236425128522, 51.65993924237355], [-116.59081141389632, 51.65927710677014], [-116.59004448229851, 51.65882618391295], [-116.5889027154228, 51.65812375190989], [-116.58768097251992, 51.65700404237334], [-116.58704487622693, 51.65643075202238], [-116.58597080478012, 51.65571148107147], [-116.58513940341854, 51.655144835822675], [-116.58427354014356, 51.654534694055975], [-116.58328707276394, 51.65390903690814], [-116.58208209185199, 51.653412281658014], [-116.58070118232212, 51.65291490860515], [-116.57969100140036, 51.65276082393355], [-116.57909826010874, 51.65264926331886], [-116.5785047692622, 51.65261977197766], [-116.57656600750812, 51.65299582390784], [-116.57383671032369, 51.65324586343095], [-116.5726272073363, 51.65324146299169], [-116.5715070905497, 51.65308691461111], [-116.5710463096974, 51.652975799778346], [-116.57078539889643, 51.65266021781141], [-116.57046296006277, 51.65204986298307], [-116.57049200018021, 51.65112703814019], [-116.5705258886631, 51.64986864367505], [-116.5704723334133, 51.648555217754684], [-116.57039329566297, 51.64761104422127], [-116.57000295931007, 51.64703507680323], [-116.56901275932124, 51.64631039243233], [-116.5666066161773, 51.64525424416896], [-116.56386420406595, 51.64447359907187], [-116.56208611151625, 51.643721974342824], [-116.55859411062782, 51.64235357452739], [-116.55687718199302, 51.64174336877169], [-116.55507297435842, 51.6408604076862], [-116.55254519364696, 51.639987167734574], [-116.55003968336578, 51.63904066637639], [-116.54712417300416, 51.63842833054281], [-116.54593908060764, 51.63812786620997], [-116.54507708836665, 51.63804051798289], [-116.54399872714846, 51.63810802660748], [-116.54318602896547, 51.638191169698125], [-116.54237629837738, 51.63837293655844], [-116.54000812413709, 51.63855266060065], [-116.5382796097248, 51.638554446805124], [-116.53597028649301, 51.63886215676682], [-116.53449525908083, 51.63877375707565], [-116.53341271599052, 51.638407358402006], [-116.53246415586995, 51.63782675860113], [-116.53149607910913, 51.636778731231125], [-116.53011756830523, 51.63485891956423], [-116.52845861122405, 51.63302497791024], [-116.52573433332535, 51.630550196666206], [-116.52346527293167, 51.62917622249197], [-116.52137558886315, 51.6279398882346], [-116.51892305334978, 51.62696973271104], [-116.51664476195687, 51.62620546814825], [-116.51315585217158, 51.62549924325788], [-116.51114221868872, 51.62551206312198], [-116.5094124321558, 51.625788973149106], [-116.50654723680422, 51.626613205625006], [-116.50353757867077, 51.62753891511461], [-116.50235514516709, 51.62772473467497], [-116.50155991296141, 51.62754961255238], [-116.50120816612419, 51.62717515422414], [-116.50107504796947, 51.62703234187993], [-116.50106233952933, 51.62679376024388], [-116.50100363684592, 51.62655499304287], [-116.50069096440971, 51.62571407070443], [-116.50020896514965, 51.62466042605186], [-116.4986442038812, 51.623673045552955], [-116.49766385316748, 51.62254540598437], [-116.4972354002833, 51.621219664969104], [-116.49673318266281, 51.62055556066451], [-116.4960822908366, 51.619708103108216], [-116.49445524633107, 51.618597231980864], [-116.49346513561518, 51.617985832609364], [-116.49187635367474, 51.61742702505305], [-116.49099923264339, 51.61662291557218], [-116.490583753501, 51.616138161577204], [-116.49043255868001, 51.61579255576227], [-116.49041410923155, 51.615461316557614], [-116.49113695204642, 51.614108065412395], [-116.49158919793264, 51.613282115990856], [-116.4921091201952, 51.61234606417954], [-116.49218173192465, 51.6117944457595], [-116.4919633201981, 51.611517535664575], [-116.49172122427262, 51.611378490711466], [-116.49076897876967, 51.611360562018014], [-116.48986070700981, 51.61137042598573], [-116.48879910732404, 51.61122782661051], [-116.48722997797826, 51.61091741406395], [-116.48563759653057, 51.61070346570363], [-116.48513891945817, 51.61048489085333], [-116.48495888566104, 51.61032052232164], [-116.48481985979001, 51.61010601369496], [-116.48426669849792, 51.60987710445302], [-116.48347957467013, 51.60959011653604], [-116.48096728418659, 51.608475154929614], [-116.47776554925993, 51.607708652550656], [-116.47329178639507, 51.60544714338318], [-116.4702098754551, 51.60258825322783], [-116.46840843588413, 51.600758234352426], [-116.46772703376591, 51.598885943655326], [-116.46735016915666, 51.597126073481306], [-116.46747305212241, 51.593257853635585], [-116.46797674198554, 51.59002002665536], [-116.4691569989352, 51.588671291983054], [-116.47181900466765, 51.58761620690714], [-116.4743232129963, 51.5858855173098], [-116.47514239883846, 51.58478162547353], [-116.47517785053418, 51.58405610335574], [-116.47505876670536, 51.583055916642536], [-116.47452380983327, 51.58204488377224], [-116.4736435640296, 51.58085959330743], [-116.47298147404726, 51.57997337348603], [-116.47235487376847, 51.577944245814486], [-116.47186709310341, 51.57562868953511], [-116.47110771690683, 51.57455223230431], [-116.4702246154065, 51.57336233495975], [-116.46991410446728, 51.57236942499236], [-116.46977550355318, 51.57180673574158], [-116.46952569060295, 51.57083165160626], [-116.46980518211869, 51.57009023263219], [-116.46969980596776, 51.56983656040379], [-116.46861955990074, 51.569561607143754], [-116.46783806474193, 51.56922047035448], [-116.46659990282603, 51.56865448497326], [-116.46601859135512, 51.56818716204656], [-116.4658039976565, 51.567894891111685], [-116.46588724374048, 51.56706369060343], [-116.46616399851035, 51.56655829086128], [-116.46628122991103, 51.56579882665017], [-116.46599262948303, 51.565003735916335], [-116.46515666221845, 51.564695935111345], [-116.46394197812396, 51.564352606429956], [-116.46321575777188, 51.56392707148494], [-116.46216477693855, 51.5634831545467], [-116.46138304194908, 51.563175561578845], [-116.45981757649358, 51.56272925222634], [-116.45805848561125, 51.56209102609533], [-116.45535515550341, 51.56169007221942], [-116.45443687922568, 51.56148314269514], [-116.45236799228988, 51.560122381185906], [-116.45104968253516, 51.55940689103182], [-116.44991384487402, 51.55928335661804], [-116.44855081849167, 51.55965336347561], [-116.44720797266932, 51.55997700155366], [-116.44633426353126, 51.560128157423726], [-116.44549430687226, 51.56006596379844], [-116.44438474694687, 51.559129092409925], [-116.44317994620083, 51.55834704798208], [-116.43954609223316, 51.55730155679019], [-116.43721266043997, 51.556674183384004], [-116.4346175119211, 51.55632393905177], [-116.4329396414645, 51.55624827512408], [-116.4308810151483, 51.55630587413881], [-116.4295356397484, 51.555623783777875], [-116.42884225194348, 51.55477597741322], [-116.42803550342659, 51.554332939826836], [-116.42703967794345, 51.554002036246395], [-116.42595023130859, 51.55380207440341], [-116.42509246927635, 51.553739778947886], [-116.42094082977863, 51.55380155918379], [-116.41770363585088, 51.55343766906023], [-116.4160145442298, 51.55304141783598], [-116.41410918987624, 51.55215328958409], [-116.41269871841332, 51.551063921107556], [-116.41183202720369, 51.550601779212506], [-116.41090348676772, 51.5501521215559], [-116.4094381362912, 51.54946578618123], [-116.40805539460867, 51.54904816785777], [-116.40651464566078, 51.54849100009014], [-116.40595646950992, 51.54821229661206], [-116.40476255520545, 51.5476510066686], [-116.40342009632279, 51.5472777878123], [-116.40194724967708, 51.547011122337665], [-116.39995566233797, 51.546956278546396], [-116.3984396486083, 51.547046930230536], [-116.3964802300178, 51.54713078833158], [-116.39467392099868, 51.54702756177262], [-116.39320797033703, 51.54674822037939], [-116.39152073287039, 51.546259859879946], [-116.391119732268, 51.54585580054038], [-116.39095926767529, 51.54541416245916], [-116.39102753866419, 51.54497371111266], [-116.39153482187596, 51.544354033869844], [-116.39166649324984, 51.54383612413595], [-116.39156206095141, 51.54316063318036], [-116.39082275502638, 51.54212364037056], [-116.39035858333246, 51.541523988973346], [-116.38984073118593, 51.54042985924527], [-116.38891127894857, 51.539008342280354], [-116.3870792171701, 51.536258608417945], [-116.38645581900404, 51.53505816215605], [-116.38586286240036, 51.53409743279933], [-116.38544710741016, 51.53364189737218], [-116.38474431442792, 51.53325341466579], [-116.38430820502079, 51.53285621440761], [-116.3839831773847, 51.53243156905989], [-116.38362835303163, 51.53164583281768], [-116.38329390668864, 51.531045479547025], [-116.38302719512974, 51.53050247964309], [-116.38305176525928, 51.53037434244063], [-116.38323656530088, 51.53021854278108], [-116.38353119589215, 51.53008127800359], [-116.38486308551589, 51.52936663999187], [-116.38572704082272, 51.52904176151946], [-116.3876932860731, 51.52839456895893], [-116.39004424135886, 51.52753805127151], [-116.39208601737462, 51.52644503201137], [-116.39377706027621, 51.52522754113787], [-116.39428157641741, 51.52457036174291], [-116.39449190503154, 51.523664251323154], [-116.39467498266676, 51.52190932766106], [-116.3947486592926, 51.52068016119706], [-116.39516747331784, 51.51885967706129], [-116.39537805998076, 51.517182011373784], [-116.39546569247624, 51.5165106500176], [-116.39561781512243, 51.51606455943177], [-116.39581839314992, 51.5156439854905], [-116.39634938056365, 51.51518792226444], [-116.39706140141928, 51.51454263051449], [-116.39757658156746, 51.51368670901088], [-116.39797901965906, 51.51263018510837], [-116.39801239407691, 51.51208960449512], [-116.39786508287698, 51.51131870868382], [-116.39731532289856, 51.51021801759435], [-116.39660943894917, 51.50901821111428], [-116.39628912818891, 51.5077308880656], [-116.39591934760641, 51.50667597933737], [-116.39538390056904, 51.50570392819976], [-116.39484183644369, 51.50502149588757], [-116.39338583018842, 51.50392135924793], [-116.39245388160107, 51.50304392081885], [-116.39175703392317, 51.50216548986156], [-116.39128968713463, 51.50163156588479], [-116.3907038542287, 51.50086166979136], [-116.39037773652636, 51.50044389592841], [-116.39018576849811, 51.50008501241154], [-116.38929818857854, 51.49868400549276], [-116.38829207817325, 51.49722123102223], [-116.38730041348663, 51.49525169481229], [-116.38600629527254, 51.49341192169098], [-116.38494576659056, 51.49180694740983], [-116.38420907497144, 51.49089436696273], [-116.38340293375128, 51.48990496632063], [-116.38186082757397, 51.48890774189061], [-116.380460988502, 51.48804612749293], [-116.37825724739264, 51.486692980664095], [-116.37671574877318, 51.485967148442825], [-116.37589941952425, 51.48563010922769], [-116.37372558639164, 51.48451252246457], [-116.37047943684387, 51.48258670932051], [-116.37031202361933, 51.482392891014406], [-116.37021469455112, 51.48219179985803], [-116.3700033982812, 51.48188076774288], [-116.36986104437797, 51.481643677047785], [-116.36968335912655, 51.48106265802098], [-116.36930583523848, 51.47917463245217], [-116.3689253327021, 51.478176366830766], [-116.3680712689023, 51.477175632305396], [-116.36759335096895, 51.476825013342406], [-116.366541506722, 51.476355270894494], [-116.36490981636283, 51.475625123365475], [-116.36436599627775, 51.475241367167264], [-116.36389364173084, 51.47474208980726], [-116.36346211088359, 51.47373101399892], [-116.36306869126904, 51.47265054140615], [-116.36246753018648, 51.47182403860311], [-116.3617512847141, 51.47126358746845], [-116.36108621391485, 51.471028072184545], [-116.36032720010522, 51.470873201392216], [-116.35884434760959, 51.47070276776661], [-116.357008481863, 51.47068609760021], [-116.35403266361436, 51.47063425337424], [-116.35043926219068, 51.47026844115601], [-116.3476916600689, 51.46955406027751], [-116.3465925462512, 51.46898576392048], [-116.3451524166759, 51.46806956997055], [-116.34386491919837, 51.46702292409693], [-116.34168080740237, 51.46567165408533], [-116.33980167648616, 51.46482502279501], [-116.33851721159282, 51.46432765994615], [-116.33734643116999, 51.46394626094322], [-116.33566559337675, 51.46374936443656], [-116.33393632048089, 51.46371072595278], [-116.3330772448442, 51.46370793140578], [-116.3326162113014, 51.46369089320676], [-116.3320400551029, 51.46365878321277], [-116.33075068219074, 51.463507273939655], [-116.32948224268156, 51.46350003626048], [-116.32795949536947, 51.46353456571849], [-116.32738463073659, 51.46341594582987], [-116.32665022896724, 51.46316666170747], [-116.32520243021416, 51.46281238518049], [-116.32407017117328, 51.46274890126657], [-116.32250309989548, 51.46286889531609], [-116.32054769995543, 51.463331816824684], [-116.31887714547376, 51.463999244301526], [-116.31724771217483, 51.464998257209224], [-116.31680715035951, 51.465154166466924], [-116.31632238226852, 51.465180153050184], [-116.31523862696726, 51.46515942457256], [-116.31404238137982, 51.46495073412205], [-116.31216074249862, 51.46430580643821], [-116.31112520822077, 51.463571167973434], [-116.3104950766621, 51.463167502935164], [-116.30951569585838, 51.462833792841344], [-116.30805316778184, 51.4627471284231], [-116.29366538508057, 51.46230873647084], [-116.29232164777805, 51.46212033647525], [-116.29106493759988, 51.461764698875406], [-116.28574734271761, 51.45712328534154], [-116.28647946427367, 51.45227696973014], [-116.28598488927919, 51.45049096903184], [-116.28934701257009, 51.44965748433213], [-116.28827352520335, 51.44247119433579], [-116.28688943828608, 51.43617006451925], [-116.29054999323866, 51.432311973569114], [-116.2922516592736, 51.431166282626926], [-116.29406279395883, 51.429946805613625], [-116.29532965732162, 51.42915083779887], [-116.2955136768708, 51.42895192771961], [-116.29556892891303, 51.428726238412516], [-116.29547159456037, 51.428056702287215], [-116.29478080672708, 51.426356038586825], [-116.29439662309424, 51.42497596696494], [-116.29398371470684, 51.42457269652968], [-116.29353267483273, 51.423977967200535], [-116.29298136442978, 51.42319717250545], [-116.29169981010921, 51.421151238646], [-116.29057385546196, 51.41919801143416], [-116.28920312544122, 51.41763408347448], [-116.28834831833306, 51.41610475488916], [-116.28729765208138, 51.41438534745928], [-116.28649605841008, 51.412922057235704], [-116.28580434122142, 51.41170842461141], [-116.28535765089093, 51.410710393198535], [-116.2847519090538, 51.409455282551086], [-116.28414739922323, 51.408121972980666], [-116.28338455860128, 51.40739846414759], [-116.28324690850309, 51.40711306303791], [-116.28322072651312, 51.40697061787175], [-116.28329162880411, 51.406865335301454], [-116.28352175876643, 51.40680348303732], [-116.2849223202046, 51.40674630212944], [-116.28580634656913, 51.40655616662104], [-116.28620724961182, 51.406363076736206], [-116.28655376052805, 51.406181314802815], [-116.28798570711083, 51.40528065699508], [-116.28865731453243, 51.40507147594383], [-116.2892842955144, 51.40495974603246], [-116.29013209619792, 51.40423430160116], [-116.29121783031853, 51.40378500410494], [-116.29317379746408, 51.403305927586594], [-116.29432877986817, 51.40287216631488], [-116.29459398687924, 51.402750345875354], [-116.29473809602051, 51.4025548363205], [-116.29502883058656, 51.401472566009595], [-116.29512688972909, 51.4010122551356], [-116.29527696486208, 51.40060891294314], [-116.29528683061685, 51.40039712647828], [-116.29525866825618, 51.400102772340055], [-116.29477467491374, 51.39933266129614], [-116.29405413848559, 51.398248971317734], [-116.29348306742361, 51.3973838813834], [-116.29366789233053, 51.39712479141186], [-116.29390750674871, 51.39683210065823], [-116.2947690492413, 51.396079326367946], [-116.29630551292867, 51.394945964963824], [-116.29754377646812, 51.394067210167066], [-116.29921685481561, 51.39287640284469], [-116.29964385378133, 51.39243647340427], [-116.30162887523824, 51.391036744937026], [-116.302300603504, 51.39046695152133], [-116.30328855793915, 51.38930280268298], [-116.30437950648236, 51.38875215122689], [-116.30588168787018, 51.3880071108969], [-116.30709895803194, 51.38741718318528], [-116.30893879699298, 51.38612903351931], [-116.31029901484553, 51.3851889816967], [-116.31165602743376, 51.38445956813636], [-116.3117836918648, 51.38418627903227], [-116.3116304867356, 51.383754911083514], [-116.31113657569666, 51.382623587795294], [-116.3107618927087, 51.38212743893924], [-116.31061138204723, 51.38168754358695], [-116.31040587343959, 51.3811976532801], [-116.31007702668299, 51.38084654350203], [-116.30936150443125, 51.38023852975325], [-116.3084961102472, 51.379282711338675], [-116.3073348142657, 51.37783600785391], [-116.30712922624633, 51.37717836897394], [-116.30691555972157, 51.376858878119506], [-116.30651722680796, 51.37645692317411], [-116.30599324390427, 51.37592100064751], [-116.30521935291118, 51.37520678795757], [-116.3046355607665, 51.37440103289796], [-116.30440588890178, 51.37399321447911], [-116.30423215825714, 51.37358918812199], [-116.30374233391842, 51.37238656224356], [-116.30311155979226, 51.37134207805853], [-116.30196842815002, 51.37087676842936], [-116.30132351293908, 51.37063364047816], [-116.30064084075936, 51.37017996209811], [-116.29996084241661, 51.36950781370054], [-116.29966824674298, 51.36904412422843], [-116.29955786749659, 51.36872585976648], [-116.29906102816032, 51.36812683437185], [-116.29840104118854, 51.36757432363856], [-116.29823071652385, 51.36740727997312], [-116.29776444158914, 51.36700027989259], [-116.29732331596375, 51.366456279447696], [-116.29666457503022, 51.365824369495144], [-116.29606433060921, 51.365652233270914], [-116.29507910994653, 51.36527096253875], [-116.29432280802926, 51.3649921438112], [-116.29332554741542, 51.364646873026395], [-116.29227144329226, 51.36425074369737], [-116.29193817347554, 51.36419097039838], [-116.29170771528234, 51.36418958219098], [-116.29079608186439, 51.36427067923993], [-116.2903236635966, 51.364267833842874], [-116.28992799392466, 51.36420969927983], [-116.2882859337834, 51.36376857088784], [-116.28783912860692, 51.36359983477593], [-116.28741859144216, 51.36335172593689], [-116.28670681842142, 51.36305158984881], [-116.2860868549501, 51.362903460583354], [-116.28530534746314, 51.36276877019406], [-116.28373365646928, 51.36268629315534], [-116.28193798994903, 51.362559880606135], [-116.2799935502764, 51.362367590530944], [-116.27950001478935, 51.36224192593221], [-116.2790263645935, 51.3620106356443], [-116.27964765301392, 51.36119763527304], [-116.28012589784916, 51.360498171856875], [-116.28020773213154, 51.35971453246797], [-116.28014027366669, 51.35847255159501], [-116.28003635053938, 51.357339254237104], [-116.27982463407801, 51.356462636290026], [-116.27964032466053, 51.35598633203458], [-116.27933323936271, 51.3556141517623], [-116.2787847686973, 51.35514932531793], [-116.27871989127279, 51.35495069921963], [-116.27873023327548, 51.354787545644], [-116.279548277175, 51.354130273498015], [-116.28081241248513, 51.35333210037189], [-116.28244083777334, 51.35219329350881], [-116.28352114153712, 51.35091549208884], [-116.28424512167811, 51.35019063451294], [-116.2844117221928, 51.34953856404401], [-116.28451014823673, 51.34879898955322], [-116.28604636840151, 51.347800672480304], [-116.28693041857328, 51.34682603483495], [-116.28748852150645, 51.34557716952319], [-116.28810629640216, 51.344778671706585], [-116.28884887726659, 51.3442042332498], [-116.28920552074088, 51.343985039748844], [-116.29048187681036, 51.34292289768894], [-116.29083677889567, 51.34244592330217], [-116.29077045848544, 51.342238632630234], [-116.29001305183097, 51.34177669818142], [-116.28962268837677, 51.341175433487834], [-116.28907463597038, 51.34058927840288], [-116.28903936462406, 51.33964953022819], [-116.28911621093675, 51.33922929832727], [-116.28901976439597, 51.33866994214914], [-116.28864530642767, 51.33771818102942], [-116.28841794513188, 51.33737592387075], [-116.28842734664917, 51.336533271303445], [-116.2881010680315, 51.33495209833258], [-116.28791653818489, 51.33438587764501], [-116.28743327313352, 51.333802019480046], [-116.28588830377853, 51.3332043689085], [-116.28450523452038, 51.332607691554195], [-116.2842178082536, 51.33235238790748], [-116.2840664982252, 51.33167194968185], [-116.28402361279818, 51.33130656901981], [-116.28372300744708, 51.33085849125631], [-116.28275949090333, 51.33035563278375], [-116.28164771681101, 51.32974636216626], [-116.27944737911685, 51.329081698098896], [-116.27793800685922, 51.328521440410206], [-116.27682470140539, 51.328180659567764], [-116.27619011548053, 51.32789086022561], [-116.2756072680599, 51.327688950612085], [-116.27560964364919, 51.3275386991895], [-116.27575462459257, 51.326788279002564], [-116.27573616049987, 51.32627058827398], [-116.27558504905949, 51.32571868005548], [-116.2753317592269, 51.32490734334142], [-116.27514188154767, 51.32343693165301], [-116.27563008046837, 51.321185988122444], [-116.27577451941877, 51.32046896284883], [-116.27570357656342, 51.31990085882073], [-116.27550808095152, 51.31929172355758], [-116.27511089968266, 51.318644988986435], [-116.2743554866389, 51.31808247973584], [-116.27290240256407, 51.31735554392872], [-116.27160832896315, 51.31667965994556], [-116.27066277542953, 51.31585565990413], [-116.27024765873799, 51.31516854366787], [-116.26999624389352, 51.31423200798834], [-116.26978149473645, 51.31297047871305], [-116.26923301725694, 51.31229923444051], [-116.26860070746788, 51.311877873613405], [-116.26783343649093, 51.31157255035476], [-116.26507887595608, 51.31067041527884], [-116.26327770609153, 51.31009143416016], [-116.26076074366271, 51.30932425499175], [-116.259358194891, 51.308883964738925], [-116.25876610407498, 51.30845446107003], [-116.2583210848677, 51.30798416373309], [-116.2579930410906, 51.30768991216452], [-116.25752225839513, 51.30746423514401], [-116.25593959520424, 51.30708417073386], [-116.25427653066919, 51.30669212500076], [-116.252185677568, 51.305935816372035], [-116.24930963032394, 51.30472770023299], [-116.24896657942931, 51.30454196498221], [-116.24854668878582, 51.30417216572895], [-116.24806352819664, 51.30360171394397], [-116.24759179240648, 51.30314814524816], [-116.24697448281111, 51.30264357160584], [-116.24648766983283, 51.30229836586901], [-116.24591092592263, 51.301644035797366], [-116.24548210818966, 51.3014838432413], [-116.24499612054636, 51.30132282301556], [-116.24409419799986, 51.301242700146155], [-116.24298256532283, 51.301309822703956], [-116.2418265002596, 51.301376655650365], [-116.24063822978827, 51.30159277209854], [-116.23914420808919, 51.30198273409028], [-116.23822038867378, 51.30231801761594], [-116.23786927366812, 51.30238634706855], [-116.2374196482232, 51.302387101560036], [-116.23669070622253, 51.302303663130886], [-116.23557508717555, 51.30200358557451], [-116.2347456335451, 51.30177388287775], [-116.23396511872427, 51.301518167294866], [-116.2332768865918, 51.301427101577424], [-116.23203356179442, 51.301470057115004], [-116.23105205205296, 51.301511438263184], [-116.23013015630701, 51.30151157299276], [-116.22905762680134, 51.30151711578782], [-116.22875892245482, 51.301494948311664], [-116.22850035382973, 51.30141372791905], [-116.22831726583361, 51.30131241859104], [-116.22810924480136, 51.301044606476886], [-116.22769880562231, 51.300175993480046], [-116.22748968359016, 51.29959134785917], [-116.22734577450461, 51.29934441147579], [-116.2269763874972, 51.29890566452336], [-116.22634679301503, 51.298435257102746], [-116.22550362408936, 51.29803002564216], [-116.2240264249982, 51.297420767221], [-116.22315337091345, 51.29695419373135], [-116.2225814488815, 51.296157194063525], [-116.22178659208787, 51.29536974729576], [-116.22131031176549, 51.29485960557148], [-116.22090184063492, 51.29443682477306], [-116.22049362166477, 51.29399956701161], [-116.22013158236425, 51.293562593075386], [-116.21993262719516, 51.29303981270367], [-116.219824079803, 51.292633516087776], [-116.21997020198181, 51.29218545830755], [-116.2202538610978, 51.29179625699601], [-116.22042233818638, 51.291391792745756], [-116.2191899309887, 51.29190504507362], [-116.2181632925729, 51.29231952924337], [-116.21677446589977, 51.29277649692553], [-116.21563607825655, 51.29283061401836], [-116.2147737119382, 51.29312983915395], [-116.2135640388023, 51.29365735509835], [-116.21197047341141, 51.294143058798944], [-116.21020251075966, 51.29444543995092], [-116.20954833629062, 51.29488979406448], [-116.20918571144286, 51.29545644573804], [-116.20908394882265, 51.295711839124785], [-116.20892964589652, 51.29595690402821], [-116.2087545099892, 51.29607153015014], [-116.208536890424, 51.29611815055073], [-116.20718849058697, 51.295829317050604], [-116.2060864973646, 51.29545993062269], [-116.20501464622922, 51.29535131857425], [-116.20449466605945, 51.29537674978836], [-116.20384620138016, 51.29548815102959], [-116.20259141966451, 51.29587798971591], [-116.20109262466431, 51.29653385986248], [-116.20023213397657, 51.2969977316702], [-116.1998986697103, 51.29742539677815], [-116.19965593010193, 51.297964951096425], [-116.19875356723287, 51.299079350489855], [-116.19810451724601, 51.2997437892761], [-116.19699191634045, 51.30016928032515], [-116.19584910908017, 51.30065690631455], [-116.19545875580143, 51.300728189950696], [-116.19503381977782, 51.3007548413249], [-116.19399300465938, 51.30067346164552], [-116.1925220374596, 51.30050802303643], [-116.19168433356641, 51.30053921611258], [-116.19079711429816, 51.30070319018067], [-116.1901691542017, 51.30087635245251], [-116.18943012804489, 51.301182906789315], [-116.18918513421086, 51.30118015942779], [-116.18900632696014, 51.301113371284615], [-116.18893490692273, 51.3006607204356], [-116.1889548898954, 51.30030075802849], [-116.188935732742, 51.3000491780936], [-116.18876573481985, 51.299787378964325], [-116.1883920768519, 51.29955195946669], [-116.18773095303288, 51.29908779754292], [-116.1868711768567, 51.29822757185621], [-116.18652471383302, 51.29780102297242], [-116.18603024198802, 51.297427796839266], [-116.18549879692398, 51.297156952881494], [-116.18512909346966, 51.296974532728754], [-116.18477939538833, 51.29682375324286], [-116.18434157597747, 51.29671181664461], [-116.1835328217864, 51.296111171469484], [-116.18305313052038, 51.295591971676025], [-116.18298501399663, 51.29542362932274], [-116.18285829236505, 51.29525642953741], [-116.18263164100077, 51.295223578571665], [-116.18114430586974, 51.29534886879894], [-116.17916490468807, 51.29562635297628], [-116.1781994672835, 51.295807442758736], [-116.17729077666183, 51.29602581839513], [-116.17656496386468, 51.29624019941473], [-116.17545832411672, 51.29671587021279], [-116.17489938245545, 51.29718157946948], [-116.1745307288597, 51.29738386938797], [-116.17414707299884, 51.297500070622995], [-116.17369894852438, 51.297557870347944], [-116.17320179465709, 51.297567309260735], [-116.17225580141496, 51.297457301850564], [-116.1705010398711, 51.297114373837665], [-116.16854417534284, 51.29700699929317], [-116.16777457958271, 51.297022703383796], [-116.16657317893173, 51.29716019358983], [-116.16512634798546, 51.29748713621851], [-116.16456730259661, 51.297591555181725], [-116.16383928829188, 51.297477955072935], [-116.16307617253214, 51.297183432439375], [-116.16199108107713, 51.296633665763615], [-116.16117650007911, 51.29600151082073], [-116.1609536699951, 51.29557835503187], [-116.16092426220827, 51.29508431034819], [-116.16093632724339, 51.29442195582308], [-116.16083380921012, 51.293722619217256], [-116.1606695463503, 51.293196044701226], [-116.16055959558389, 51.29251381993317], [-116.16035961643095, 51.291734955659386], [-116.1598502102781, 51.29114583177807], [-116.15887380971279, 51.290159845781496], [-116.15819906093299, 51.289651980531914], [-116.15777900826656, 51.28919812254101], [-116.15717576834993, 51.28872375446116], [-116.15631321426616, 51.28820915570923], [-116.15568100645413, 51.28806549102599], [-116.15478913740638, 51.287483511134226], [-116.15418269800259, 51.28718656139218], [-116.15351999458173, 51.28703789062626], [-116.15289658709149, 51.286831943552336], [-116.15295276864187, 51.286688464652876], [-116.15298189548263, 51.28635294353517], [-116.15347196674755, 51.28550686492609], [-116.15376885866418, 51.28463915603892], [-116.15396460680414, 51.28368390397771], [-116.15423647791789, 51.28307897395396], [-116.1543878582658, 51.28272641926731], [-116.15464582547526, 51.28234384591936], [-116.15492278551072, 51.28203787138307], [-116.15544096630995, 51.28154612210552], [-116.15624506421686, 51.28078115425391], [-116.15669340605564, 51.28026686469728], [-116.15717209643451, 51.27952028285068], [-116.15824900648067, 51.27820733429364], [-116.15921955258165, 51.27709561271864], [-116.15944569530355, 51.27672826417998], [-116.15964321149052, 51.27616187095767], [-116.15968838644814, 51.275528024385835], [-116.15941944869033, 51.274690174145604], [-116.15919990016943, 51.27401379951853], [-116.15879638486123, 51.27293435373041], [-116.1585903648062, 51.27225777914359], [-116.15828899113292, 51.27167835347483], [-116.15768038371256, 51.27114137923761], [-116.15647122244401, 51.27015230968488], [-116.15552920141018, 51.269252045251406], [-116.15519691895071, 51.26878490882997], [-116.15487709772796, 51.268280980496144], [-116.15462993140672, 51.267736780718735], [-116.154408917518, 51.267021303377845], [-116.15438956911433, 51.26633598007719], [-116.15443207097402, 51.26570239858431], [-116.1544480983865, 51.26488579365121], [-116.1545488904517, 51.26413870202216], [-116.1547000911851, 51.26331204456352], [-116.15454931573298, 51.263188901723574], [-116.15408791717508, 51.26323759349644], [-116.15296548894521, 51.263614618364386], [-116.15177887613089, 51.26444633588682], [-116.151187999963, 51.26477604483412], [-116.15072569780673, 51.264954110223364], [-116.15031853604907, 51.26499595483011], [-116.14860242646975, 51.264853323073744], [-116.14748209056275, 51.264759793813475], [-116.14649986989822, 51.26463287159365], [-116.14547240386952, 51.264645562238115], [-116.1449385848385, 51.264576509275315], [-116.14441668873344, 51.264427774199355], [-116.14388628892537, 51.2641701755806], [-116.14297709495769, 51.26385704528708], [-116.14192271359217, 51.26356919992588], [-116.1411825986632, 51.26340923239124], [-116.14009939801875, 51.26321469084134], [-116.13886562185724, 51.262628337162305], [-116.13810089410401, 51.26214061963383], [-116.13743826620166, 51.26178560121769], [-116.13655650428989, 51.261218904279104], [-116.13513740214931, 51.2605117948767], [-116.13463743936713, 51.260350182171415], [-116.13406941935189, 51.260010091380785], [-116.13323570951925, 51.25983892396043], [-116.13262419590524, 51.259754291458], [-116.13162246447506, 51.25966649273856], [-116.12816426327153, 51.259394783305225], [-116.12651766434784, 51.259008977074295], [-116.12512389081076, 51.25864191268913], [-116.1244398187038, 51.25831835683547], [-116.12336137293366, 51.25767787407373], [-116.12129724820086, 51.25626837731387], [-116.11993546151223, 51.25572513827574], [-116.11935217864767, 51.25547474489669], [-116.11907520868172, 51.25541214459175], [-116.11881335072367, 51.25546167381445], [-116.11789755888418, 51.25574904801245], [-116.11700866848219, 51.25607121598473], [-116.11615232499193, 51.25613399611402], [-116.11532788627301, 51.255971983389905], [-116.11478326006967, 51.25560437779075], [-116.11407722819708, 51.25498602189662], [-116.11369866700142, 51.254626836035946], [-116.11323746105866, 51.25422522862608], [-116.11263668551334, 51.25390909361671], [-116.11219908580526, 51.25371538370162], [-116.1116777501504, 51.25357295880541], [-116.11071713723929, 51.253323325730584], [-116.10889924001407, 51.25318832649753], [-116.10752497391198, 51.25293553956776], [-116.1071143022767, 51.25281408765025], [-116.1067312060061, 51.25261789509769], [-116.10659633535664, 51.252461087648726], [-116.10640596875972, 51.25232116487355], [-116.1053410634655, 51.25203573899532], [-116.10476770294123, 51.2519160489537], [-116.10421323192703, 51.25176960352263], [-116.10360539401758, 51.2516592938839], [-116.10084327657735, 51.25116136519309], [-116.09869919147481, 51.25102239853249], [-116.0962202747033, 51.25089830835862], [-116.09438078932627, 51.25086658622233], [-116.09318041076155, 51.25094478600385], [-116.0918674795702, 51.25107457949679], [-116.09013225409944, 51.25141103799626], [-116.08787485476877, 51.25153480551549], [-116.08595080851822, 51.25137847015259], [-116.08477509927867, 51.25141791639037], [-116.08366738945404, 51.25140925268953], [-116.08230122006854, 51.25139854792716], [-116.08097429112175, 51.25127225773654], [-116.0797992073624, 51.25093858174015], [-116.07869614162477, 51.250698149148164], [-116.07774311098208, 51.250343006921284], [-116.07715789611638, 51.25006029688783], [-116.07631332996861, 51.24982187805753], [-116.07583567168312, 51.249702238851654], [-116.07539631660963, 51.24951336299795], [-116.07513925665845, 51.249441807446495], [-116.07454850926655, 51.24943714394509], [-116.0740703870682, 51.249340659459726], [-116.07355300425696, 51.249359743800966], [-116.07284590835482, 51.24963225286977], [-116.07225281896602, 51.24974343422863], [-116.07162747601652, 51.2496225883816], [-116.07127843021613, 51.24943587316879], [-116.07104029561425, 51.24934938189584], [-116.07067160538956, 51.2492630534694], [-116.07004870636037, 51.24916971737422], [-116.06971734696091, 51.24912074353389], [-116.06945796557767, 51.24916503352698], [-116.06901583621047, 51.24911516256242], [-116.06861157839599, 51.249019253236874], [-116.06798718512206, 51.24885205324505], [-116.0676099394742, 51.24884487215667], [-116.06702629334676, 51.248890744716995], [-116.06695754023185, 51.24890311849243], [-116.06393217507433, 51.243903872523234], [-116.06180203137961, 51.24049557007338], [-116.05532606023723, 51.23310260826186], [-116.05033467859437, 51.227426002414326], [-116.0417637714213, 51.2246413641247], [-116.0348648089606, 51.22229430071903], [-116.028174001187, 51.22012914734086], [-116.02671043178836, 51.22066995295738], [-116.02560118025976, 51.22117128233925], [-116.0242950332804, 51.22162956739046], [-116.0225418780082, 51.222235483529445], [-116.02192552115267, 51.22249290294461], [-116.02084196232315, 51.222815012731004], [-116.01987025674389, 51.22304147754155], [-116.01848609519739, 51.22354732215784], [-116.01823972073322, 51.22376603900994], [-116.01814012127682, 51.22379969619764], [-116.01799701786784, 51.223812303123495], [-116.01764116770237, 51.22373216828215], [-116.01678672952802, 51.22337438747854], [-116.01577719773951, 51.2231679668161], [-116.0147436564655, 51.22283283932959], [-116.01433927011294, 51.222732832806585], [-116.01383555842838, 51.222652697679564], [-116.01286312837465, 51.22255017503398], [-116.01175515834676, 51.22240567830705], [-116.01059524796825, 51.22230009758701], [-116.00940310770204, 51.22203343910783], [-116.00837355943908, 51.2218023486241], [-116.00802284966457, 51.22165397539209], [-116.00783804782567, 51.221481459179856], [-116.0070469820648, 51.22092703221952], [-116.00695295814769, 51.22023896819097], [-116.00677549323126, 51.21963021326578], [-116.0065669576003, 51.21920081343078], [-116.00628064822338, 51.21859114964639], [-116.00592738249824, 51.21792958847189], [-116.00559040191959, 51.217416594744044], [-116.00531761536249, 51.21717176812528], [-116.00500853698273, 51.21702114984852], [-116.00478492492479, 51.21666023908959], [-116.00451037377742, 51.21637328458172], [-116.00438923193084, 51.21607560654254], [-116.0041665562451, 51.21567196783141], [-116.00383466495043, 51.21528448515058], [-116.00372271658087, 51.2150536852279], [-116.0039670912519, 51.21482403885326], [-116.00428430287468, 51.21463013616906], [-116.00497259537707, 51.21426843274014], [-116.00515354115696, 51.214081915916516], [-116.00525192195524, 51.21393744502747], [-116.00552114195959, 51.213443955740715], [-116.005856316276, 51.2130485227679], [-116.00747519904142, 51.21166843858685], [-116.00763802654738, 51.21134765806573], [-116.00772349030395, 51.21097148363453], [-116.00771748511846, 51.210351367685725], [-116.00767095419923, 51.209816012625545], [-116.00741192281909, 51.20928489630788], [-116.0068518114067, 51.20878869690547], [-116.00618522598509, 51.20841120682371], [-116.00568460501006, 51.20795239433518], [-116.0055238445513, 51.20771280700486], [-116.0054929918747, 51.20731723937596], [-116.00531796102501, 51.206803187116144], [-116.0055261132167, 51.20650675546647], [-116.00584579877216, 51.206223155719506], [-116.00579779066183, 51.205287148538694], [-116.00553619151076, 51.20464683926501], [-116.00547295837012, 51.20420292227599], [-116.00538306867679, 51.2038862391474], [-116.0052138101082, 51.20366391580623], [-116.00512913272776, 51.20294379435024], [-116.00512588038823, 51.2027150249107], [-116.0050916480107, 51.20253280642935], [-116.00505516987718, 51.202409904008626], [-116.00498746131703, 51.202276767787765], [-116.00474757628628, 51.20205030399036], [-116.00451806707444, 51.20165901253047], [-116.00413271255077, 51.201214387126406], [-116.00351651911498, 51.20072692196295], [-116.00325233830061, 51.200324192646946], [-116.00304293704785, 51.199860368511764], [-116.00298439579738, 51.19951739436631], [-116.0030133108354, 51.199230432217206], [-116.0029546458204, 51.19889911621518], [-116.00284764092446, 51.19877414754054], [-116.00270744133962, 51.198662676694795], [-116.00234806603794, 51.19849581259507], [-116.00204599483637, 51.19830553461936], [-116.0018702650017, 51.19808708330309], [-116.00199522791318, 51.197608986636205], [-116.00195099606918, 51.197243193999924], [-116.00184660908997, 51.197031206191504], [-116.001592756213, 51.196653303723856], [-116.00130715009789, 51.19632874757434], [-116.00119935535928, 51.19616368315589], [-116.0011350211346, 51.196019607094044], [-116.0011128460461, 51.195605149000876], [-116.00104444563468, 51.19540883138198], [-116.00098646447695, 51.19527388408021], [-116.00081802094564, 51.19505301360954], [-116.00070395593752, 51.19493812317647], [-116.00058064430307, 51.194847773881364], [-116.00054426583097, 51.19476854872583], [-116.00046577336947, 51.194708974895605], [-116.00009248426102, 51.19462401352023], [-116.00001469760076, 51.19458734820182], [-115.9999907551457, 51.19457605762814], [-115.99989812865307, 51.19451127673187], [-115.99984542479324, 51.194412367084965], [-115.99985824398199, 51.194276348169296], [-115.99993511085084, 51.194144884478284], [-116.00001469651251, 51.194091677898776], [-116.00007281879, 51.19405280557899], [-116.00049442490689, 51.1939553736835], [-116.00126040753238, 51.19390750390932], [-116.00157495424091, 51.19382270254875], [-116.00174535604812, 51.1937329038746], [-116.0030813550412, 51.19299823811493], [-116.00359213685513, 51.1927694322865], [-116.00412723966002, 51.192556392546855], [-116.00447226403169, 51.19238601176307], [-116.00478099524996, 51.192093682854754], [-116.00501257429734, 51.191758985716355], [-116.00523749705783, 51.19128025654272], [-116.00548268500499, 51.19099351484358], [-116.0056502654185, 51.19091198585558], [-116.00582188501984, 51.19087042576363], [-116.00608689816372, 51.19057804449368], [-116.00644514852844, 51.19023968216094], [-116.00675722478775, 51.19008066291536], [-116.0069865880674, 51.19005605664306], [-116.00730568332628, 51.19005876683097], [-116.00772788321645, 51.190028193162746], [-116.00817637378634, 51.19003390121198], [-116.0090073350402, 51.19003714631982], [-116.00982575554575, 51.18999047542377], [-116.01001861988185, 51.189971896146645], [-116.01059640676928, 51.18995369511944], [-116.01089495515717, 51.18992158533788], [-116.01120273028083, 51.18987766232592], [-116.01149147951763, 51.18983127612708], [-116.01165377567027, 51.18979519110988], [-116.01181927832535, 51.18977061114456], [-116.0119909186546, 51.1897657333058], [-116.01259207736022, 51.18980005722779], [-116.01330175565026, 51.18973628207853], [-116.01402517657874, 51.189547074921805], [-116.01436984588318, 51.189473255377884], [-116.01478002065359, 51.18944183028402], [-116.01584213790012, 51.18945774647281], [-116.01626277623477, 51.18945430038351], [-116.01652953151068, 51.189400746541274], [-116.01680973707636, 51.18923569435426], [-116.01709053166259, 51.18904273402803], [-116.01728218938936, 51.188876946279336], [-116.01747637667518, 51.18859258545183], [-116.0177916806382, 51.18817913263768], [-116.01854711038902, 51.18752312001322], [-116.01883804747511, 51.18737219048874], [-116.01932549853855, 51.18734838521419], [-116.02012754985645, 51.18740125470621], [-116.02056433147418, 51.18737968168917], [-116.02111477584305, 51.18725530062592], [-116.02177077123574, 51.18711088023442], [-116.02214717036547, 51.18697459017242], [-116.02218911092817, 51.1869540364569], [-116.02224706594764, 51.18688762273459], [-116.02252562743178, 51.18632967999628], [-116.02261086564421, 51.185886583250586], [-116.02266200310633, 51.185518293950295], [-116.02273171039393, 51.18510068027397], [-116.02270428594295, 51.18435685448249], [-116.02251067811513, 51.18330784113587], [-116.02247031049585, 51.18317601031632], [-116.02235475748543, 51.182857661396625], [-116.02225215502156, 51.182607422192866], [-116.02220574906129, 51.18242113292158], [-116.02221860792969, 51.18215373133277], [-116.02232657479584, 51.181810035569335], [-116.02236902550216, 51.1814905450641], [-116.02251333528424, 51.18112919054432], [-116.022577484628, 51.18081702923033], [-116.0226783486878, 51.18032116447075], [-116.02269147662157, 51.18018805456386], [-116.0228627549458, 51.1799960605575], [-116.02299428527742, 51.17986187393852], [-116.02320804602158, 51.1796925901824], [-116.02339471742283, 51.17956171897472], [-116.02346733027704, 51.179440931448994], [-116.02355873671276, 51.17925959023005], [-116.02358966439729, 51.179039132167375], [-116.02355369813469, 51.17866911936847], [-116.02358461976482, 51.178448661337285], [-116.02366015424914, 51.17811260847295], [-116.02365303914097, 51.177717544453316], [-116.02380571047071, 51.17745060845211], [-116.02399252888667, 51.17703278348195], [-116.02404904549472, 51.1765553443758], [-116.02409799905342, 51.17629974410711], [-116.02439551534127, 51.176090093211926], [-116.02480158597322, 51.17575022157986], [-116.02509112845635, 51.17539853216768], [-116.0253050566417, 51.17500023545061], [-116.02568303901099, 51.17478939012704], [-116.0261269539036, 51.174671841747305], [-116.02667407689651, 51.174490943745084], [-116.02740249574755, 51.174300852938494], [-116.02773955399721, 51.17415027999255], [-116.02823713594577, 51.17380551874376], [-116.0283989291303, 51.17370618253409], [-116.0286958376138, 51.173607943045944], [-116.029348315152, 51.173396879274996], [-116.03019880762018, 51.173049698212516], [-116.03060284603805, 51.17276156976672], [-116.03091433595701, 51.17243569265877], [-116.03127951549591, 51.17177449768058], [-116.03167248346156, 51.171460098913464], [-116.03208881918752, 51.17123129247369], [-116.03218804589731, 51.17118567194467], [-116.03304660609479, 51.17095664043125], [-116.03453422472693, 51.170694388701875], [-116.03509993444932, 51.170521942636576], [-116.03613193553171, 51.17018592944824], [-116.03631428367126, 51.16997709684163], [-116.03636845758393, 51.16973043363354], [-116.03624785744195, 51.169419071085784], [-116.03568312816518, 51.169053697193014], [-116.03528843750843, 51.168694858370465], [-116.03515022473658, 51.16840985273778], [-116.0347810821618, 51.16736174194911], [-116.03436232787244, 51.16665669791978], [-116.03356460434735, 51.16558399998856], [-116.03309706160721, 51.16506578096302], [-116.03058627488934, 51.163115787852966], [-116.03019451319587, 51.16277438729335], [-116.02967461724131, 51.16264002108068], [-116.02887746113038, 51.16260740202524], [-116.02769558881688, 51.16255422663213], [-116.02715903614796, 51.162558426659885], [-116.02578370673034, 51.162546988664225], [-116.02535826004129, 51.16250009205717], [-116.02501699029035, 51.162375859436885], [-116.0241727055965, 51.16196996960384], [-116.02357562009863, 51.16158347998976], [-116.02291196973371, 51.16109238820442], [-116.02234590421855, 51.16054140880846], [-116.02205525918635, 51.16010818930355], [-116.02152534190928, 51.1597086084484], [-116.021119195354, 51.15938443369844], [-116.02074523218184, 51.158935009262876], [-116.02038836712346, 51.158372388736794], [-116.01999861815729, 51.15761227329435], [-116.01997652882424, 51.15733611828629], [-116.01976732891814, 51.15709951892347], [-116.01917832143828, 51.15676578346763], [-116.01740796087611, 51.15589638933155], [-116.0172259661843, 51.15578142157205], [-116.01650863672106, 51.1557334919066], [-116.0156972574249, 51.155785382715585], [-116.01497812708689, 51.15595351286317], [-116.01408814731445, 51.15612411131162], [-116.0114025778008, 51.1562775905665], [-116.00888787540056, 51.15627978982985], [-116.00842303515654, 51.15624062938568], [-116.00804313956918, 51.15606300393159], [-116.00770275700032, 51.15595269331958], [-116.00738918369395, 51.15580911874436], [-116.00729808770721, 51.15571440370192], [-116.0073856740944, 51.155637191068934], [-116.00821016553041, 51.15551005505353], [-116.00888712637938, 51.15521647407336], [-116.00973699698645, 51.15446762857819], [-116.01030125597967, 51.15384454545318], [-116.01066854508474, 51.153513680045855], [-116.01101979655485, 51.15294220941227], [-116.01111539624314, 51.15243539031558], [-116.01108101540405, 51.15206105493951], [-116.01021200805292, 51.15010194486292], [-116.01038751942744, 51.14929138384644], [-116.01062043550805, 51.14872643458744], [-116.01077578217465, 51.14810117015595], [-116.01069488420626, 51.1471850804734], [-116.01097434337171, 51.14692922870537], [-116.0110431567819, 51.14666128028191], [-116.01099053784081, 51.14622386090718], [-116.0104705158818, 51.1448124347375], [-116.01031969654402, 51.143288472337645], [-116.01019245060598, 51.142092381962094], [-116.01024796050608, 51.14159887237974], [-116.01055085091743, 51.14105458312903], [-116.0109524833274, 51.1407570089941], [-116.01210935440051, 51.1401624727559], [-116.01314989698908, 51.13965716368837], [-116.01391856119615, 51.138978827427245], [-116.01465229727314, 51.138575007120764], [-116.01487122509226, 51.137987142788475], [-116.0150278116543, 51.13737967839492], [-116.015057594075, 51.137037426252014], [-116.01496791453103, 51.13666954981289], [-116.01430869615098, 51.1359228279391], [-116.01419142483022, 51.13555913049541], [-116.01400118671363, 51.13510020760198], [-116.01383457302609, 51.13470456928729], [-116.01344231443737, 51.13424334293092], [-116.01264435333785, 51.13347940758624], [-116.01252591385715, 51.133005182287974], [-116.01251544348047, 51.13249127189308], [-116.0128320948871, 51.131709716831644], [-116.01315015321775, 51.130860561972234], [-116.01315735806287, 51.130522588044634], [-116.01293300876434, 51.13002442035999], [-116.0129989385782, 51.129443562173265], [-116.01296215245492, 51.12915931129437], [-116.01293318989052, 51.12901032963362], [-116.0128088404631, 51.128813227607075], [-116.01247129988384, 51.12856698816617], [-116.01215718951812, 51.128226297183005], [-116.01137556911948, 51.12720560735251], [-116.01046211197621, 51.12646449829134], [-116.00982933591855, 51.12599940722982], [-116.0091165507279, 51.12577027904842], [-116.008379446906, 51.12567614271371], [-116.00723453079588, 51.12561909787071], [-116.00670150984787, 51.12549965351425], [-116.00630615667174, 51.12520276318791], [-116.0060881555044, 51.124975982549394], [-116.005711025809, 51.12458085324544], [-116.00546804535962, 51.124423369897166], [-116.00517961935412, 51.12438712985519], [-116.00433283744576, 51.1244136988008], [-116.00250064455335, 51.12443863422728], [-116.00162702436397, 51.12438125421049], [-116.00001467569366, 51.12433577037105], [-115.99963315408132, 51.12432500190642], [-115.99880708779698, 51.12435264019706], [-115.99765050761083, 51.12439480950604], [-115.99652159897182, 51.12439048032098], [-115.99587717784722, 51.12443789959939], [-115.99472252843196, 51.12476663503692], [-115.99386902467722, 51.12520636429555], [-115.99294359893314, 51.125673299697674], [-115.99177212571027, 51.12603138984598], [-115.99065973192268, 51.12614876405363], [-115.98938675348263, 51.12618898386864], [-115.98719972491187, 51.12594809968842], [-115.98504685403688, 51.12538308177009], [-115.98300528464571, 51.1246823906412], [-115.98111598272922, 51.12444398524539], [-115.97859158122836, 51.12416944381853], [-115.97712112841126, 51.123749584757235], [-115.97568779419105, 51.12309433442553], [-115.97401670164682, 51.12251633446704], [-115.97080299170054, 51.12190060497893], [-115.96925401047213, 51.12157310160828], [-115.96782223682199, 51.12123224519985], [-115.9676453978961, 51.12105994737371], [-115.96741690196477, 51.12043825662376], [-115.96735452771453, 51.11980192187283], [-115.96742281704785, 51.119167805896296], [-115.96763978946309, 51.117911366287935], [-115.9678840294001, 51.11715998571595], [-115.96826661662877, 51.116323702660395], [-115.96874947952448, 51.11580301237115], [-115.96876886637735, 51.115732476337854], [-115.96873874475213, 51.11567174789501], [-115.96849297650138, 51.11558879311195], [-115.96745444894249, 51.1155321479857], [-115.96610305273941, 51.11536345674289], [-115.96377371831346, 51.115209514741636], [-115.96102560770652, 51.115145877517335], [-115.9591960330845, 51.11525407708267], [-115.95831761300828, 51.115066335726894], [-115.95795335671613, 51.11486002593178], [-115.95760973554283, 51.11449823941727], [-115.9568653664207, 51.11326608325078], [-115.9562146975203, 51.112168845535926], [-115.95588401112526, 51.111809612775524], [-115.9553288505013, 51.11139138644185], [-115.95473736572538, 51.110787303060675], [-115.95429051429727, 51.11039996731988], [-115.95392923137665, 51.10989143319079], [-115.953440753183, 51.1089025938], [-115.95321300539248, 51.108595625718316], [-115.9529006626559, 51.10836632347879], [-115.95209557027702, 51.10794963974157], [-115.95157027419766, 51.10746054839058], [-115.9513772994962, 51.10724891607969], [-115.95124228177545, 51.10700163322509], [-115.95115561061269, 51.10678659332952], [-115.95115015176076, 51.10638279306523], [-115.9512374223608, 51.105952788160266], [-115.95146784098773, 51.10532974923903], [-115.95132058968818, 51.10434356774042], [-115.95119567222561, 51.10381516844182], [-115.95124660974612, 51.102826438510256], [-115.95159793120696, 51.102308257382546], [-115.95177756227527, 51.10200830300639], [-115.9517804737409, 51.10179188461067], [-115.95122516340804, 51.10097392217375], [-115.95004449808583, 51.09973020646798], [-115.94955478155227, 51.09923656858669], [-115.94858411802335, 51.098523103230036], [-115.94731038162475, 51.098012548345075], [-115.94617451703635, 51.0975327932718], [-115.94503287827429, 51.097307285098], [-115.9439253608362, 51.096945149202774], [-115.94318167547726, 51.0969384393986], [-115.9422485091744, 51.09708649706586], [-115.94004218429859, 51.09734040788702], [-115.93600848825308, 51.097538536375225], [-115.93517211304699, 51.09748336956594], [-115.93445330683944, 51.09710375015207], [-115.93300799703694, 51.095936304644674], [-115.93258455669147, 51.09548247980259], [-115.93217011339145, 51.094637433920866], [-115.93198493027371, 51.09393145951116], [-115.93152060247023, 51.0921469894605], [-115.93111483248374, 51.090486059928025], [-115.93048426660452, 51.08965965952295], [-115.92933903948246, 51.0890190408745], [-115.92811714231394, 51.08868543428452], [-115.92721568877243, 51.08833570581759], [-115.92701032834528, 51.088187279377166], [-115.92645217259606, 51.087244278635396], [-115.92555970218834, 51.08571201473138], [-115.9251243409517, 51.08447705976491], [-115.92470543038212, 51.08353532511776], [-115.92441139774408, 51.08321022781101], [-115.92395299089483, 51.08297153683502], [-115.9231446805122, 51.0828175506059], [-115.9220515719487, 51.08293936959843], [-115.92118698964251, 51.083209828726915], [-115.91943083659832, 51.08391166630072], [-115.91852859063505, 51.08408519596116], [-115.91783930089092, 51.08409090661494], [-115.9166000362368, 51.08387384783424], [-115.9154001960964, 51.08360875852525], [-115.91424632424562, 51.08340935122629], [-115.91289751770127, 51.08339201611599], [-115.91195632341795, 51.08359450606918], [-115.91012161332586, 51.083717686961165], [-115.90908593797683, 51.083696325896035], [-115.9082170135136, 51.08366484941969], [-115.9074502771192, 51.08361677237387], [-115.90710844634688, 51.08359604953341], [-115.90683260612282, 51.083523326724034], [-115.90647839359751, 51.08336364190615], [-115.90591835386813, 51.08291703561762], [-115.90518333498775, 51.082629107330504], [-115.90499918841012, 51.0826123984761], [-115.90481072357296, 51.08264697235287], [-115.90472004598848, 51.08267992735011], [-115.90461591624798, 51.08279017923271], [-115.90442310221397, 51.08365866255232], [-115.90442168289498, 51.084528939482475], [-115.9044028767167, 51.08501375909689], [-115.90458045981073, 51.085671081797614], [-115.90494655622908, 51.086374043804675], [-115.90578020798199, 51.0875224823793], [-115.90622946650889, 51.087966971975256], [-115.90630767865304, 51.08808288087057], [-115.90631558954968, 51.0881698631811], [-115.90625116834994, 51.088304411363175], [-115.90590882724608, 51.08898506320419], [-115.90561586133656, 51.09008770834829], [-115.90494554304072, 51.09081450718637], [-115.90371128598461, 51.0922074171766], [-115.90214385943217, 51.09326010849225], [-115.90144737711734, 51.09358232114848], [-115.90130097738317, 51.09362203091541], [-115.90113638997713, 51.09363492090422], [-115.9009671712705, 51.09362592083817], [-115.90082019470081, 51.09358479828674], [-115.90045452613201, 51.09340514009284], [-115.90021097007134, 51.09303695382297], [-115.90009652524778, 51.092618508152704], [-115.90001969929673, 51.092086728412674], [-115.89969531599806, 51.090852380082374], [-115.89942584728135, 51.09004164380407], [-115.89911594126613, 51.089126527294184], [-115.89869581399697, 51.08834681150654], [-115.8974817036729, 51.08706075971602], [-115.89669641297498, 51.08644119904697], [-115.89568352035383, 51.08586028310109], [-115.89464765561551, 51.085556359816906], [-115.8936188439862, 51.08548744411902], [-115.89145416660179, 51.08591075345799], [-115.8903841469143, 51.086135561412675], [-115.88860325450027, 51.08617781830416], [-115.88630110154094, 51.08579626440888], [-115.88491823011132, 51.08577255461815], [-115.88255156276918, 51.08600894271414], [-115.88083724039468, 51.08637461429697], [-115.87765060895211, 51.08705433064718], [-115.87544673861773, 51.08713244084117], [-115.87340496152144, 51.08701349123064], [-115.87235909236855, 51.087276995066034], [-115.87150109086694, 51.08769024125961], [-115.87053582811944, 51.088574654202965], [-115.87008618845611, 51.0887240472684], [-115.869558671086, 51.08878775708401], [-115.86899969065684, 51.088704285172824], [-115.86872220579917, 51.08851351248162], [-115.86850609649909, 51.08795920271755], [-115.86695211056855, 51.08715078345626], [-115.86503511460398, 51.08605276397564], [-115.86403096660031, 51.084978377081875], [-115.86372869423313, 51.08394074356285], [-115.86365633898195, 51.083229874146504], [-115.86223004774801, 51.08118704792077], [-115.86121591335217, 51.08004753086277], [-115.85966547383833, 51.07903374404724], [-115.85822346589309, 51.0788448488454], [-115.85565783355541, 51.0795919965616], [-115.85309609113818, 51.08041176464513], [-115.85051528478508, 51.081470254880614], [-115.8486795435394, 51.082049204040885], [-115.84727212443862, 51.08174003590534], [-115.84655689142221, 51.08119510819633], [-115.84601197579786, 51.080667204110284], [-115.84527879279621, 51.07956407559267], [-115.84480289046654, 51.07858965038153], [-115.8443431099593, 51.07799362296309], [-115.8436509797103, 51.076342913413136], [-115.84235070046427, 51.07610339809385], [-115.84190184310678, 51.07627880422128], [-115.84151627013455, 51.07649506894887], [-115.84065861150228, 51.07710348936801], [-115.83922248039573, 51.07699099765308], [-115.83811641678288, 51.07673775924261], [-115.83608764325568, 51.07612176073321], [-115.83469584082678, 51.075585908481095], [-115.83358068652413, 51.07583091516384], [-115.83318901689888, 51.07632478022059], [-115.83284844113297, 51.07686969667033], [-115.8321074819302, 51.078068114970684], [-115.8308704278513, 51.07952812854496], [-115.83004944839726, 51.07954873600759], [-115.82894950612855, 51.079984335923726], [-115.82791126164024, 51.080668329818266], [-115.82705644295983, 51.08284427130336], [-115.82541286199235, 51.082778516760186], [-115.82332979024662, 51.083143870986525], [-115.82135813714007, 51.08338352946474], [-115.82001532424414, 51.083606982055116], [-115.81838646582912, 51.08421396902451], [-115.81684030603289, 51.08476651691173], [-115.8138514982378, 51.08602740130037], [-115.81304888432408, 51.08542320831331], [-115.81315500825784, 51.08497358887139], [-115.81321762715955, 51.08473562770689], [-115.81333035083209, 51.08449767237468], [-115.81356830296484, 51.0840593304556], [-115.81371591710061, 51.08394042819766], [-115.8138114961792, 51.0828988727675], [-115.81235856830641, 51.08233629305768], [-115.81128892382314, 51.08171733076119], [-115.81011952345445, 51.08113820131461], [-115.80897197381336, 51.08055260266701], [-115.80817293545992, 51.07931609180432], [-115.80727048197977, 51.07771802824767], [-115.8050199652661, 51.07454938252897], [-115.80502836905099, 51.07166243998365], [-115.80367191141553, 51.06938940222804], [-115.79444163932021, 51.071016713030694], [-115.7903183165566, 51.07238770119095], [-115.78921768952777, 51.07177561066726], [-115.7859966761305, 51.07062589479697], [-115.7847800876871, 51.06930373325711], [-115.78185736343075, 51.069734940213905], [-115.77713338233403, 51.066298630791785], [-115.77520683473153, 51.066603676424535], [-115.77347847324197, 51.06687734078555], [-115.76883080022553, 51.068627142375675], [-115.76203461273086, 51.07225950313259], [-115.75844425056876, 51.07475758828292], [-115.75424784506185, 51.07436721363135], [-115.76015693440806, 51.071131587998956], [-115.75980611489766, 51.069092735963736], [-115.7622720815612, 51.06655292311681], [-115.76039524940661, 51.06366616880457], [-115.76254482343928, 51.060869786600946], [-115.77363542334236, 51.05833064275573], [-115.77441924477753, 51.05798923064468], [-115.77436581111033, 51.05582090151623], [-115.773974887328, 51.0538588116845], [-115.77290539087073, 51.0524490233032], [-115.77282799599496, 51.05118950154034], [-115.77143408503483, 51.0494965908456], [-115.77050473159277, 51.04780117193743], [-115.77062475009613, 51.0473270043726], [-115.77106368353515, 51.04676549409682], [-115.77228986056524, 51.046428739968356], [-115.7728579751748, 51.046195894524175], [-115.77297395616844, 51.045666719494484], [-115.77212962012119, 51.04411943037611], [-115.77085023843502, 51.04228784269797], [-115.76988799201486, 51.041019011166], [-115.76953272810637, 51.04013363045687], [-115.76885510073195, 51.039345049491274], [-115.76805928062572, 51.03896293981539], [-115.7661837651841, 51.0387732751005], [-115.76410966037578, 51.03796992152345], [-115.76221397100856, 51.03652288178888], [-115.76110867399775, 51.03566178568479], [-115.75559094140318, 51.03305499199505], [-115.75122592921308, 51.031255095678326], [-115.74954934639896, 51.03067054057608], [-115.74879427607779, 51.030546496057546], [-115.74805827670747, 51.030591611725086], [-115.74683520994638, 51.03164878683857], [-115.74560528732935, 51.03295770289217], [-115.744388906928, 51.03376309700704], [-115.743688838246, 51.03388149651824], [-115.7358485062581, 51.029326917717704], [-115.73799472375026, 51.02727250288672], [-115.73932420891812, 51.025964736236716], [-115.74005317454125, 51.02477640687518], [-115.7402099441366, 51.02449033636547], [-115.74020867298215, 51.0241482649883], [-115.73978802702395, 51.02363087712798], [-115.73909740627496, 51.02331804599612], [-115.73721885103843, 51.022857064187164], [-115.73523741194674, 51.022520833047174], [-115.73457797984359, 51.02226704609998], [-115.73405712271185, 51.022004394562934], [-115.73289231348542, 51.02092147740992], [-115.73102594031744, 51.020019807208186], [-115.72868373289677, 51.01939988461024], [-115.72677449966513, 51.01920901460224], [-115.72577864800097, 51.01901832375092], [-115.72430008644547, 51.01849852381259], [-115.7225230928157, 51.017975446426654], [-115.72063972998538, 51.01770300849288], [-115.71849495691413, 51.01730035688208], [-115.71802385803154, 51.01731646093035], [-115.71733470945665, 51.01792564802963], [-115.71532509239795, 51.019155686702746], [-115.71360760053307, 51.02008117150105], [-115.71205714787874, 51.020334628665054], [-115.71048046539313, 51.02021090014199], [-115.70897571689493, 51.01991781004042], [-115.7073653466861, 51.0198849581159], [-115.70614033473214, 51.02018757803299], [-115.70437854782448, 51.02130317255981], [-115.70308704378503, 51.02260910141801], [-115.70191270833922, 51.024124236440954], [-115.70074790863305, 51.024897811623674], [-115.69892126446695, 51.02564774044025], [-115.69720498530458, 51.02651003729053], [-115.69459597445, 51.02725254789316], [-115.69368686303292, 51.02772990823193], [-115.69309203914557, 51.02823654082665], [-115.69228944271934, 51.02721139235956], [-115.69192207652883, 51.026415972626815], [-115.69212223693368, 51.02527528218763], [-115.69290003494025, 51.0228451479385], [-115.69324870521113, 51.019905637497224], [-115.6926305255243, 51.018486902195114], [-115.69073967873467, 51.01636225622153], [-115.6897749036065, 51.014416237988705], [-115.68825232183538, 51.0133895019186], [-115.68589445631565, 51.01226186925981], [-115.68441765647917, 51.01104657396888], [-115.68210325718847, 51.00981450233537], [-115.67965525530161, 51.008608909247], [-115.6787034491824, 51.00742078037644], [-115.67721371758527, 51.00454621274379], [-115.67472542722285, 51.00235719407263], [-115.673398161714, 51.00144091018624], [-115.6716554964805, 51.00000670309105], [-115.67131703056533, 50.99972812976058], [-115.67048655928448, 50.99914587126882], [-115.66955477294124, 50.99904287150392], [-115.66884706985266, 50.999275019071746], [-115.66790364281174, 50.99957838022878], [-115.66576294010417, 50.999868085132846], [-115.66424022448528, 50.99999849088582], [-115.6641598421639, 51.00000661983698], [-115.66259963067917, 51.00016450467863], [-115.66132124878537, 51.00076012414431], [-115.66050881082734, 51.000996174772354], [-115.65943550000101, 51.00096499504472], [-115.6576794036633, 51.00081270419341], [-115.65666846693436, 51.00068784091494], [-115.65542766184879, 51.00025831153526], [-115.65505706668422, 51.00000660110692], [-115.65477702327819, 50.99981637682445], [-115.65393802841525, 50.999477621608946], [-115.65238742171802, 50.99913068579352], [-115.65124087753506, 50.99886124015456], [-115.65029798806665, 50.998351460132525], [-115.64977565838099, 50.99761101551366], [-115.64902338132269, 50.99711736389066], [-115.64848482581274, 50.995864105319605], [-115.64777454720675, 50.99486866020498], [-115.64654866474129, 50.99364539650757], [-115.64482627704298, 50.99251492435535], [-115.64404811508768, 50.992016325709294], [-115.64340898403336, 50.9912805245093], [-115.64313106939115, 50.98980857623444], [-115.64249344243075, 50.98828642223816], [-115.64167657776811, 50.9869057127384], [-115.64144691142235, 50.986463022263436], [-115.64094481381102, 50.98593531308723], [-115.6396924846479, 50.98507139709725], [-115.63881110395384, 50.98424248629944], [-115.63802948396396, 50.982999713241796], [-115.63718648374633, 50.98230219722894], [-115.63617563860876, 50.98174401626901], [-115.63492314822713, 50.98130546057048], [-115.63353205703756, 50.98102543551314], [-115.63157132831063, 50.98088001627618], [-115.6301106179816, 50.980898906784], [-115.62942484919242, 50.980977313952636], [-115.62918797303666, 50.98091801651713], [-115.62899090657511, 50.980551777374714], [-115.62884573935922, 50.97994582349769], [-115.62906452718953, 50.978843042801635], [-115.62876203563252, 50.97804366721112], [-115.62838581578215, 50.97737603618869], [-115.62782163447991, 50.97676515140358], [-115.62714760830534, 50.97593191399701], [-115.62682579609698, 50.97499964165256], [-115.62640003410857, 50.97443460397694], [-115.62645888045236, 50.97326493217861], [-115.62704013871226, 50.972316913529696], [-115.62705320872954, 50.97183386862838], [-115.62678997025095, 50.97119968696756], [-115.62675007885643, 50.97072039694268], [-115.62645537614172, 50.97017827462134], [-115.62608405275097, 50.969465931989596], [-115.62581787721284, 50.96918520330634], [-115.62512796707806, 50.96861437666847], [-115.62443207707932, 50.96774759733302], [-115.62411018783592, 50.96692175159708], [-115.62350088184385, 50.96605599726042], [-115.62276380689659, 50.96560887476287], [-115.62165171342438, 50.96515733337191], [-115.62013926170847, 50.96430002245326], [-115.61896173353249, 50.963303656166794], [-115.61809949947393, 50.96277741726054], [-115.61673464865672, 50.962284907254606], [-115.61592123000203, 50.96169968845247], [-115.61530147293385, 50.96114128737661], [-115.61305971738479, 50.95966701776476], [-115.61227433802698, 50.959018443689864], [-115.61213796132516, 50.958695836166385], [-115.61207751866077, 50.95838786153573], [-115.61240856265023, 50.957408488833], [-115.61283472938439, 50.95612978489696], [-115.61427096104416, 50.95423482317863], [-115.61474989105128, 50.95262896486033], [-115.6149264461877, 50.95128298338534], [-115.6146531597036, 50.95032373226124], [-115.61342842507268, 50.94946246178228], [-115.61297953365853, 50.948610383866026], [-115.61278761708036, 50.94781599691685], [-115.61225010726453, 50.94704479697133], [-115.61076775790805, 50.94615311326533], [-115.60530864003121, 50.94417602317308], [-115.60319577529452, 50.94295961639535], [-115.60071758268039, 50.94201789422231], [-115.59859745059126, 50.940845257109096], [-115.59800896183087, 50.940346534372615], [-115.59762320036968, 50.93979264249086], [-115.59820066340988, 50.93831885641734], [-115.59870006278204, 50.937478475649186], [-115.59904886322104, 50.93712651321366], [-115.599450599699, 50.936886823493985], [-115.60206532147808, 50.93593526161583], [-115.60416699384727, 50.93484101677864], [-115.60527186246118, 50.933847074662125], [-115.6059857294967, 50.933115396687185], [-115.60636520009359, 50.93173895110462], [-115.60712168124435, 50.92971613137274], [-115.61023965066188, 50.92644162196805], [-115.6102328680553, 50.92629051205617], [-115.60463128502985, 50.92107973104503], [-115.60216463865291, 50.91963844106226], [-115.5977512317538, 50.91693263610403], [-115.59591429617352, 50.91617364188758], [-115.5939062119675, 50.915952976974495], [-115.59216681142726, 50.91574133296123], [-115.58519798292093, 50.91595794713005], [-115.58504454328302, 50.91526830731814], [-115.5849752750115, 50.91499726215015], [-115.58478720805307, 50.91481075312199], [-115.584084873876, 50.91433551456405], [-115.58307531672389, 50.91377059798587], [-115.58263667244728, 50.91354419811804], [-115.58219500861527, 50.91341601739044], [-115.58081420044222, 50.913260863179666], [-115.57956153111986, 50.91304920566701], [-115.57904094182645, 50.91296921844586], [-115.57864102676673, 50.912743367198566], [-115.57834876909013, 50.91216282464432], [-115.57837465821393, 50.910677675582384], [-115.57802545793129, 50.91005959891343], [-115.57723654686778, 50.90925202357386], [-115.57621158051629, 50.90856431469257], [-115.57540809441217, 50.90823532830478], [-115.57305645518517, 50.907862864056725], [-115.57262126817513, 50.907526089276], [-115.57243066775051, 50.90709262504318], [-115.57225571271263, 50.906591999906524], [-115.57156835894892, 50.90542578539911], [-115.57108528724721, 50.90456977980136], [-115.57010214434767, 50.903524817886804], [-115.56969097723935, 50.902960379277225], [-115.56931040309964, 50.9022204962731], [-115.56883334482495, 50.900576825339606], [-115.5685283747234, 50.89983787022315], [-115.56775501464209, 50.898678999811985], [-115.56642271016925, 50.897830134568245], [-115.56584871010375, 50.89764726399552], [-115.56545350954987, 50.89738668872292], [-115.56521853563636, 50.89705883728002], [-115.56364209058495, 50.895057546871634], [-115.56276870825972, 50.894484579533184], [-115.56237552011594, 50.8942253857026], [-115.56350166345352, 50.89388906417677], [-115.56429757338236, 50.893818927411296], [-115.56553279872318, 50.89380215460624], [-115.56671381910556, 50.89338851476901], [-115.56949597947538, 50.892132618660185], [-115.57087283087279, 50.89149918596546], [-115.5720799102024, 50.89079881738519], [-115.57413524361537, 50.89010932741144], [-115.57605157453261, 50.889751197001715], [-115.5776811623583, 50.88933544179519], [-115.5784394639597, 50.8892494223423], [-115.57897611146888, 50.88921456404913], [-115.58045842533775, 50.889368441283736], [-115.58092737496746, 50.88939068667807], [-115.58162826555296, 50.88950673327039], [-115.5820702198545, 50.88969730642957], [-115.58444531185906, 50.8907435133307], [-115.58550452557176, 50.891166706192266], [-115.58747623000397, 50.89196809280398], [-115.58822745562705, 50.892430866851285], [-115.58919663592123, 50.89283369283077], [-115.59014475913456, 50.89294485435379], [-115.59112632629744, 50.89299921572974], [-115.59267433896446, 50.892804562986484], [-115.5944966485997, 50.892346524410456], [-115.59543707622579, 50.891842305493185], [-115.5961309787486, 50.89161065410522], [-115.5973545089232, 50.891540052400714], [-115.59823380461573, 50.89131012420369], [-115.59917063141557, 50.890848401313434], [-115.60010707689858, 50.89016937625236], [-115.60020320452462, 50.88972243353131], [-115.60034193973, 50.88889038156816], [-115.60018615964586, 50.88814018150006], [-115.60023642294803, 50.88729881959426], [-115.60039976590058, 50.88686390986836], [-115.60058483730718, 50.88654047195233], [-115.60082678417486, 50.88640832965363], [-115.60161280337388, 50.88651308546716], [-115.60274514563338, 50.88676492939096], [-115.60367572659223, 50.88706201406803], [-115.60410227490848, 50.887355820696236], [-115.60510316755847, 50.88750005773209], [-115.60590501910615, 50.887522362365175], [-115.606509179145, 50.88739771095027], [-115.60779874141794, 50.887000064494146], [-115.60900671555908, 50.8866215616554], [-115.60944727579799, 50.88638923221919], [-115.61034470986985, 50.88603730302991], [-115.6110774514422, 50.88592099330143], [-115.61239532977669, 50.8860116835243], [-115.61356471503109, 50.8861332827258], [-115.61371431644528, 50.88606488311832], [-115.61386002555413, 50.88580401898921], [-115.6138841863832, 50.885654264101476], [-115.61381651733888, 50.88495878028466], [-115.61400831098136, 50.884473611433826], [-115.61455956133031, 50.88383023098315], [-115.61518625225872, 50.88330023118709], [-115.61691547602896, 50.88134046337518], [-115.61709067782867, 50.8808855920414], [-115.61719574253223, 50.87999943716969], [-115.61743389564003, 50.87968252129704], [-115.61803330919189, 50.87949152072569], [-115.6203226765176, 50.87975734053288], [-115.62261471527246, 50.87984988104644], [-115.62386896711102, 50.87988788210654], [-115.62529187274212, 50.87982839727818], [-115.62650491828008, 50.87981844922566], [-115.62832218173754, 50.879977972235594], [-115.62947405217992, 50.87982452599309], [-115.63039397011134, 50.879562719925175], [-115.63220502678912, 50.879257409891814], [-115.63305391741282, 50.87900988127837], [-115.63383773085168, 50.878956255596066], [-115.63448600767644, 50.87895663451929], [-115.63479959031062, 50.87900777806908], [-115.63499496341537, 50.87898037036999], [-115.63516319017194, 50.87866406110653], [-115.63628707904776, 50.87750995796549], [-115.63713553150015, 50.877179969637076], [-115.63834148054514, 50.876904724970494], [-115.64002445563949, 50.8765530287143], [-115.64171507956944, 50.87593616894712], [-115.64361659030307, 50.875452544470384], [-115.6461913526666, 50.874940169922915], [-115.64735199047476, 50.8747815880056], [-115.64946202954228, 50.874116434022824], [-115.64982094577702, 50.87392549738515], [-115.65037395201094, 50.87344882641814], [-115.65075282229053, 50.872858279093634], [-115.65105198424574, 50.87193700799242], [-115.6515839830637, 50.871087703249444], [-115.65142067458443, 50.87000152348946], [-115.65132427511129, 50.86853450409597], [-115.65114446181033, 50.86798260702361], [-115.65132929199777, 50.867119367531274], [-115.65129527257612, 50.86683823197654], [-115.65096105391235, 50.86633116868992], [-115.65060865477875, 50.86590440709612], [-115.64988205303219, 50.86536877384387], [-115.64914203289237, 50.864935832920665], [-115.64891356213002, 50.86465426470682], [-115.64897314912801, 50.86433562720984], [-115.64925474411744, 50.863929277653625], [-115.64933753035808, 50.86328008462681], [-115.64908056819864, 50.86284435581995], [-115.64844900609033, 50.862203007642314], [-115.64738676029997, 50.861103788255875], [-115.64662758107065, 50.86049114201078], [-115.64620138685221, 50.85965023260584], [-115.64492563726017, 50.858553878186186], [-115.64470886894408, 50.85822644501865], [-115.64459707482251, 50.857855923551355], [-115.644255476706, 50.8565140335125], [-115.64431627607861, 50.856084368051064], [-115.64507440510154, 50.85542352290792], [-115.64547218380987, 50.854670916129905], [-115.64544058544224, 50.85406890326975], [-115.64508451456813, 50.853213259053796], [-115.64490944743082, 50.85255243199041], [-115.64488178330133, 50.85225981356554], [-115.64476661584429, 50.85165127719958], [-115.64486978325421, 50.85071283305782], [-115.64474262198989, 50.85009269619465], [-115.64416280266289, 50.848632877501615], [-115.64375834303934, 50.84739940718394], [-115.64330562119459, 50.84684555404092], [-115.64316673787597, 50.846021058713234], [-115.64325760053777, 50.84507332303633], [-115.6434201827706, 50.844252387227655], [-115.64342910862243, 50.84209855537589], [-115.64338424444507, 50.84162280542973], [-115.64308318050635, 50.84116817339904], [-115.64282390218546, 50.84091816702256], [-115.64262892300586, 50.8408094768753], [-115.64226712266353, 50.84010025159918], [-115.64188857274802, 50.83987729691955], [-115.64151357298981, 50.83958513509637], [-115.64023238040582, 50.83901305807034], [-115.63882759790252, 50.83866350360421], [-115.63789328708017, 50.83823001361263], [-115.63681817295449, 50.837828412373725], [-115.63591348728373, 50.83750540676676], [-115.6353287583664, 50.83737256878844], [-115.6331813076254, 50.8371609879617], [-115.63218746836347, 50.83714368542214], [-115.63179131854147, 50.83705912297244], [-115.63149759736547, 50.83691145971085], [-115.63090790532794, 50.83641641443771], [-115.63013624146345, 50.8358843694721], [-115.62857666665747, 50.834750323211416], [-115.62763488653775, 50.834402207387264], [-115.62692693743108, 50.83419630357979], [-115.62573737431204, 50.83418230427192], [-115.62461833664086, 50.83424840852876], [-115.6239964648271, 50.83447540748824], [-115.62319622129034, 50.83478956896181], [-115.62209266414868, 50.83525634431523], [-115.6216077743681, 50.83549355601463], [-115.62081534782459, 50.835654123993514], [-115.62002133553088, 50.83575632416295], [-115.61975210199165, 50.83581337048605], [-115.61925981837919, 50.835948170745226], [-115.61881359301539, 50.836177214507636], [-115.6171133740173, 50.837797390347355], [-115.61684226553437, 50.83816212584076], [-115.61565529826163, 50.83895834399799], [-115.61201817344421, 50.84143675843309], [-115.61129439427263, 50.842287099872344], [-115.61101421254047, 50.842550707492315], [-115.61031874773136, 50.84293854542438], [-115.60927390301877, 50.843497468287964], [-115.60833342641097, 50.84403510089241], [-115.60791057487174, 50.844306236868675], [-115.60766406381165, 50.84492486207071], [-115.60733968308467, 50.845351636185455], [-115.60704141329396, 50.84577481710733], [-115.60628681906026, 50.84568770661307], [-115.60518005721552, 50.84551164931851], [-115.60425402615967, 50.8452969777924], [-115.6030821037966, 50.84492252639098], [-115.60218672913766, 50.844479281983865], [-115.60144598573193, 50.844283017478105], [-115.60074394702453, 50.84428506272454], [-115.59983522567137, 50.84446470163624], [-115.59782406171549, 50.84442619250028], [-115.59511741707549, 50.844206991695586], [-115.59336178976179, 50.84394177385858], [-115.59224036314457, 50.84364110919838], [-115.59106518350413, 50.84325454712715], [-115.58958776455258, 50.84276314107519], [-115.58727845985605, 50.84211812792137], [-115.58381487877217, 50.84151647070553], [-115.58027792343343, 50.84110038072157], [-115.5781483412305, 50.840500419796], [-115.57568886823714, 50.839536948968245], [-115.57474771973249, 50.83889925295734], [-115.57303172790883, 50.837279782062474], [-115.57007783627716, 50.83489826636433], [-115.56910660916783, 50.83405118210353], [-115.56844376200338, 50.83351121462543], [-115.56799631866532, 50.83330354406897], [-115.56736564584254, 50.833098684461596], [-115.56630614387883, 50.83285821363648], [-115.56546500075022, 50.83280225940179], [-115.56538719526114, 50.83272520218073], [-115.56535557655204, 50.83266602020068], [-115.56526123394578, 50.832284194760554], [-115.5651371615237, 50.83184859568883], [-115.56507015665174, 50.831322505520156], [-115.56504494157332, 50.83116341384374], [-115.56500827068652, 50.83102497590022], [-115.56496586380595, 50.83000229191191], [-115.56482022572439, 50.829339510374254], [-115.56459016231886, 50.828915382995575], [-115.56419119242851, 50.82849413032332], [-115.5636713602573, 50.82819368519032], [-115.56332495991565, 50.8280364410329], [-115.56315195442278, 50.827879240794196], [-115.56272702412525, 50.827624382646526], [-115.56208337944315, 50.8275020149167], [-115.56156091602976, 50.827293711140854], [-115.56144659332449, 50.827187104491614], [-115.56137586882129, 50.82705388518976], [-115.56140742460323, 50.82657301494952], [-115.56157301239831, 50.826224821774176], [-115.56177384373233, 50.82609798203205], [-115.56223035420054, 50.825765640303025], [-115.56223688743445, 50.82537557638223], [-115.56229370021096, 50.824921310727014], [-115.56232836076528, 50.82455057593669], [-115.56238024424846, 50.82412170394584], [-115.56223944806288, 50.823575750307896], [-115.56194782427026, 50.822811840541796], [-115.56198569933329, 50.82217020134277], [-115.56216942225305, 50.82177311026537], [-115.56267555230933, 50.82111679501369], [-115.56342120930263, 50.820572323913595], [-115.5641325585718, 50.81976352310597], [-115.5646273124622, 50.81907754954463], [-115.56477046209588, 50.818734730015656], [-115.564830176589, 50.81836026519383], [-115.56484075118891, 50.81805794879986], [-115.56493068685187, 50.817791930377645], [-115.56503280297547, 50.81765061954765], [-115.56517615684587, 50.81730014243919], [-115.56541619784376, 50.81694321397345], [-115.56572413787063, 50.81653021904084], [-115.56594573133177, 50.81618849114582], [-115.56635417147774, 50.815574614086664], [-115.56658304141683, 50.814966974951595], [-115.56642953826251, 50.814296838649085], [-115.56605938967436, 50.81392087117923], [-115.56554715178633, 50.81363712330465], [-115.56519633011804, 50.813407961076344], [-115.56440896822569, 50.81306246452806], [-115.56356904093475, 50.81275823872322], [-115.562727930229, 50.81233570349207], [-115.56213680736572, 50.81200530367392], [-115.56181544074522, 50.81170121960461], [-115.56161475675819, 50.81137766477928], [-115.56127135621561, 50.810848111106225], [-115.5610998077756, 50.81036452253906], [-115.56094674927078, 50.809683820036625], [-115.56099252765442, 50.80922059416334], [-115.56139577315575, 50.80856905265387], [-115.56139307765446, 50.80773263187048], [-115.56137154868246, 50.80713494958095], [-115.56118215511106, 50.806282103133654], [-115.56095364474153, 50.8058897100853], [-115.56063279963996, 50.805223102910176], [-115.56054508125975, 50.804931975179066], [-115.56045765665795, 50.80475383826792], [-115.56009134575068, 50.80427143872332], [-115.55961503807033, 50.803986691377155], [-115.55920670856688, 50.80385052977839], [-115.55877021799935, 50.80377539347705], [-115.55767608095437, 50.803761858399106], [-115.55685035315248, 50.80372074990423], [-115.55460758342778, 50.80338428556486], [-115.55344748047027, 50.80304774995102], [-115.55277326151824, 50.80263501348033], [-115.55228309162585, 50.802154504069975], [-115.55217105963685, 50.801871684479835], [-115.55214852478011, 50.80155928540421], [-115.55218743566633, 50.801204272395346], [-115.55214552474554, 50.80082359524439], [-115.55206767405171, 50.80039557585003], [-115.55204899478879, 50.799881111567785], [-115.55188712308957, 50.799350103623034], [-115.55167516175572, 50.798861820937354], [-115.55167736971768, 50.79833124033194], [-115.55141063303257, 50.7977793301769], [-115.55117817014008, 50.79740072971922], [-115.55086874936656, 50.797248561602906], [-115.5500678197139, 50.79702753091939], [-115.54907867254163, 50.796798440041954], [-115.54797521315896, 50.79649378180299], [-115.54735532967325, 50.796223640936766], [-115.54674743106371, 50.7958566652683], [-115.54636118041539, 50.79557802159727], [-115.54597754042526, 50.795504781494486], [-115.54541039419703, 50.79556046517287], [-115.54485708856528, 50.79569445894659], [-115.54422359782265, 50.79586331135854], [-115.54309034771067, 50.79594041515071], [-115.54218210915064, 50.79599748518378], [-115.541875837937, 50.79603357529022], [-115.54143250867769, 50.79614777680575], [-115.54107003666566, 50.79627445943663], [-115.54084030320128, 50.79643118209361], [-115.54052819197483, 50.79656037707462], [-115.5391014379594, 50.79674768618809], [-115.53820766932684, 50.79682675016316], [-115.53766690267057, 50.79677074489417], [-115.5373480176968, 50.796666705043876], [-115.53686725628036, 50.79631754416728], [-115.5363840371534, 50.796073486062944], [-115.5345337259918, 50.79463995023359], [-115.53391142832938, 50.79393537655814], [-115.53360603432286, 50.79337819566192], [-115.53320958209095, 50.79277981595293], [-115.53300294516775, 50.792099673009965], [-115.53293290513732, 50.79179886032352], [-115.53297582739071, 50.79137956400981], [-115.533058253085, 50.79097835184448], [-115.5329951379348, 50.79050031237351], [-115.53283154266015, 50.790118377254956], [-115.53216249680479, 50.7890257128057], [-115.53182363439662, 50.788415601944465], [-115.53167756144121, 50.78804371167912], [-115.53137392275755, 50.78777481494316], [-115.53080169720359, 50.78755242287694], [-115.53038571638967, 50.78745695115736], [-115.52989919337958, 50.78749707349338], [-115.52949972289855, 50.787468905653895], [-115.5290797934381, 50.78733537758596], [-115.5288290522476, 50.787233112302275], [-115.52850525023582, 50.78682541501833], [-115.52830429716752, 50.78641499595195], [-115.52807467156435, 50.78571632502671], [-115.52791523165602, 50.785497434706166], [-115.52765850200863, 50.78529147323579], [-115.52724561146368, 50.78503964219371], [-115.52664584400237, 50.78455742162749], [-115.52554456046849, 50.7838851958779], [-115.5241563213748, 50.78332617686887], [-115.52360929429821, 50.78301333286558], [-115.5222117392461, 50.782357312329964], [-115.52084591333303, 50.7819115132227], [-115.51918142103385, 50.78147874488215], [-115.51865967927651, 50.781219513874476], [-115.51772991142704, 50.78070804327983], [-115.51725396893842, 50.78063630775502], [-115.5169318029142, 50.780659455285495], [-115.51681648038517, 50.78072728719957], [-115.51649282177152, 50.78098755223091], [-115.51617100204663, 50.78133757901006], [-115.51578866180387, 50.78230221725996], [-115.51569402706987, 50.783063152059576], [-115.51570631236541, 50.784059752587545], [-115.51564082372973, 50.78474366870536], [-115.51523024908454, 50.78545573366009], [-115.51475062217624, 50.78587862305675], [-115.51436946054955, 50.786057494147634], [-115.51317473825195, 50.78656004322614], [-115.51144513099138, 50.786909353408944], [-115.51075144833057, 50.78695664287902], [-115.51010841003169, 50.78691339808439], [-115.50882864648541, 50.78662840569389], [-115.50696980861754, 50.786285689374346], [-115.50388891021422, 50.78553679881214], [-115.5020278444523, 50.784825669599634], [-115.50141010847673, 50.784507354651396], [-115.49877764314682, 50.78283298692589], [-115.49495693400435, 50.779380825293444], [-115.49380857862461, 50.77779931608063], [-115.49208684057236, 50.77540587810336], [-115.48933925973277, 50.773845981520914], [-115.48664616101799, 50.77266781909524], [-115.48415565867766, 50.77140751689955], [-115.48344243252252, 50.77080543950594], [-115.48341143822053, 50.769704129357514], [-115.48386017843372, 50.76818562049836], [-115.48436041766031, 50.767133554423154], [-115.48487021193243, 50.76578521939745], [-115.485279616024, 50.76341931688404], [-115.48572680905674, 50.762742780239975], [-115.4858438809512, 50.76161564412892], [-115.48544663538544, 50.760174045219365], [-115.48464868586623, 50.75865027708647], [-115.48432056264646, 50.757568670895886], [-115.48378173835368, 50.75676649052092], [-115.48257094312794, 50.755789915631595], [-115.48247984659658, 50.755655986742504], [-115.48236938845875, 50.75556730950319], [-115.481910361562, 50.7553754899798], [-115.48110598796123, 50.755349838475254], [-115.48066536742816, 50.75551098765182], [-115.47998187682569, 50.755619645107394], [-115.47930000737988, 50.755679044818436], [-115.47802198697927, 50.755544787906224], [-115.47662578598924, 50.755192781713895], [-115.47603463321491, 50.75502740701651], [-115.47471021131017, 50.754488109756366], [-115.47379459250818, 50.75397762667238], [-115.47284408262993, 50.75323762667439], [-115.4718490743887, 50.7525644075382], [-115.4707588237265, 50.7522132916182], [-115.4697789718103, 50.752375581908666], [-115.468391913384, 50.75268071705336], [-115.46698367503085, 50.7529855822004], [-115.46584013121137, 50.753617246892254], [-115.46534249432236, 50.75393404592602], [-115.46466658472274, 50.754517982166746], [-115.4637987525138, 50.755139783126786], [-115.4634276928013, 50.75547173160388], [-115.46306192019065, 50.75564206027392], [-115.46261231830168, 50.75578433805864], [-115.46182580434736, 50.75588893792479], [-115.45863438948022, 50.75718804170661], [-115.45820355678102, 50.75686715179866], [-115.45737030046318, 50.756445712270136], [-115.4562301198064, 50.75616524699597], [-115.45534278834177, 50.75598775842421], [-115.45436627143205, 50.755809073986434], [-115.45324989308212, 50.75579426789858], [-115.45244143927374, 50.755794603679355], [-115.45218836886502, 50.75570415877454], [-115.45198680142433, 50.755557092862475], [-115.45161880749535, 50.75503791951886], [-115.45083060742589, 50.7544151897771], [-115.45015387685235, 50.75391639080238], [-115.44867918002696, 50.75336006165169], [-115.44764958634437, 50.7533463579426], [-115.44540494918549, 50.754311139916254], [-115.44279818034228, 50.754688790604774], [-115.44124108855874, 50.75493492109474], [-115.4373340759986, 50.75609634061898], [-115.43139288541235, 50.75015135286714], [-115.42176188138319, 50.73767323100624], [-115.42115492000669, 50.73707542457089], [-115.42020950550813, 50.736407585907735], [-115.4191654791617, 50.73622312101961], [-115.4178069684107, 50.736204695266856], [-115.41682690602443, 50.73595558649949], [-115.41522202671298, 50.735304953881965], [-115.41409680561362, 50.73447741222647], [-115.4135461561234, 50.7337100957667], [-115.41377784618372, 50.73314283243368], [-115.41434590289548, 50.73265543106768], [-115.4145706446588, 50.73204782495176], [-115.4146863038974, 50.7316466114185], [-115.41463392215569, 50.73145027675895], [-115.41442596677454, 50.73088947029617], [-115.41419066521814, 50.730600424426946], [-115.41344929611758, 50.72985830178261], [-115.41234151415675, 50.72881286488695], [-115.41170165491896, 50.72801622521762], [-115.41170627420207, 50.7277359406115], [-115.41201595173892, 50.72717196024814], [-115.41261385625096, 50.726392173501736], [-115.41279238480932, 50.72579454173676], [-115.41280361012788, 50.72507963075336], [-115.41298973876859, 50.7238144060192], [-115.41302333814501, 50.723584606243996], [-115.41328949330611, 50.72331027702418], [-115.41415858537707, 50.722958432017364], [-115.41588018529495, 50.72226207603843], [-115.417219938791, 50.7218476827603], [-115.41762992117795, 50.72131549600533], [-115.41779105659246, 50.72074360530335], [-115.4179081329277, 50.71992340464362], [-115.41791149308486, 50.71831449581887], [-115.4177776291448, 50.717304049046454], [-115.41772409250758, 50.7162096243329], [-115.41767780821286, 50.71566625047615], [-115.41765076352458, 50.71476834020113], [-115.41775698339201, 50.714041359020264], [-115.41775187908792, 50.71358603102548], [-115.41772591670602, 50.71314342333771], [-115.41717538203021, 50.71257453909005], [-115.41640969083915, 50.71217598504436], [-115.41532156229651, 50.711718940171934], [-115.41436849607403, 50.711497850089316], [-115.41245325288476, 50.71132871463019], [-115.4097615415515, 50.71176029538855], [-115.40871405227554, 50.71191509507405], [-115.40699711415476, 50.71225405069045], [-115.40606605802351, 50.71256294189285], [-115.40585605056017, 50.71251963120922], [-115.39523383445018, 50.707674988039784], [-115.39101095609199, 50.70574703292204], [-115.38755419422579, 50.7082843620689], [-115.38244961040627, 50.70506725225203], [-115.3814247728605, 50.70508138936978], [-115.38003988945613, 50.70520390413714], [-115.37841141854787, 50.705932588645226], [-115.37739390047584, 50.708314163215455], [-115.37844063262415, 50.71089458897858], [-115.37865248857702, 50.71120940784226], [-115.37375159321812, 50.71253036330577], [-115.37180864275203, 50.71332545529805], [-115.37103681197057, 50.71401492005145], [-115.37199771030606, 50.71651455727069], [-115.37178213552849, 50.717239229999116], [-115.37024017903742, 50.71776342969272], [-115.36918257883976, 50.71805183607922], [-115.36794088942685, 50.71815572559757], [-115.36680279813083, 50.71801852050285], [-115.3654806883435, 50.717696791147425], [-115.3646281992059, 50.71756354538275], [-115.36423477831167, 50.71792185627801], [-115.36402752169673, 50.718404068524364], [-115.3636080448429, 50.71890119113023], [-115.36255528161972, 50.719656831089495], [-115.36167437219441, 50.720305166176594], [-115.36042084431705, 50.72077896552141], [-115.35977721712207, 50.72127346859719], [-115.35904698016697, 50.721331347097106], [-115.35820388182967, 50.7215401271472], [-115.35734626241506, 50.72187845656219], [-115.35634325054966, 50.722167993056836], [-115.3555648632495, 50.72234390225186], [-115.35479135328748, 50.72237970228652], [-115.35424328104438, 50.722278521740755], [-115.35381930121136, 50.722127103166116], [-115.353767170756, 50.722116012037496], [-115.35315375255882, 50.721898011685276], [-115.35201090744833, 50.721417837314974], [-115.35186888178548, 50.721364103074094], [-115.35112037065213, 50.721295946973775], [-115.35070119751705, 50.721308632332764], [-115.34984833931176, 50.721450637563336], [-115.34896782889243, 50.72147245862288], [-115.34830466026978, 50.721473567051575], [-115.34755257757381, 50.72156356193408], [-115.34694317006775, 50.72172376134619], [-115.34635651940785, 50.72192512302158], [-115.34612817600151, 50.72204163184746], [-115.34576775582066, 50.72217976744893], [-115.3456567579061, 50.7221953025428], [-115.34552576893867, 50.722194747941174], [-115.344531447775, 50.7223663937668], [-115.34391866134597, 50.722467433112605], [-115.34377344197968, 50.72248038097075], [-115.34351117756356, 50.722531793763416], [-115.34339180868747, 50.72254823302279], [-115.34316010624134, 50.72260870451869], [-115.34282442667397, 50.72264074808768], [-115.34253376993871, 50.72257088392424], [-115.34231301482289, 50.72251836253651], [-115.3422145249135, 50.722480749121374], [-115.34203837719869, 50.7224317236993], [-115.34160224660341, 50.72233092364142], [-115.34138228001865, 50.72231445820394], [-115.34121968500966, 50.722269652636804], [-115.34099390571218, 50.722238794582246], [-115.34086532900193, 50.722187859534145], [-115.34070491612795, 50.722157329812994], [-115.34041952438797, 50.722054330446255], [-115.33995735081055, 50.721902058957234], [-115.3396036394349, 50.72196405940395], [-115.33939742781263, 50.722044858783], [-115.33917188600172, 50.72215574275212], [-115.33906548378269, 50.722202343123605], [-115.33878646559853, 50.722337722934576], [-115.33867084050718, 50.722386877774646], [-115.33840187877304, 50.72253825212495], [-115.33794106522849, 50.72281954900068], [-115.33761170549172, 50.72311839543815], [-115.33751550538484, 50.72324332308727], [-115.33748247699627, 50.72335380108578], [-115.33746488615729, 50.723570129304974], [-115.33739377393997, 50.72388021979625], [-115.33737186650684, 50.7238843298371], [-115.33725957459575, 50.723905350370615], [-115.33693414824491, 50.72390610405368], [-115.33650176948684, 50.72387754885901], [-115.33608896791722, 50.723902619902915], [-115.33564494846765, 50.72397213058857], [-115.33539261230048, 50.72397572478293], [-115.33493146566677, 50.72395474964023], [-115.33489272410478, 50.72394903294568], [-115.33467493681925, 50.7239169107762], [-115.33413988291919, 50.723902073344], [-115.33412079333927, 50.723901478494966], [-115.33396308410681, 50.723896595342815], [-115.33381474821621, 50.723881240138326], [-115.33370604500452, 50.723848620286034], [-115.33367828335594, 50.723840291550715], [-115.33355080575619, 50.72381271117166], [-115.33339993666844, 50.723630460321736], [-115.33329790441613, 50.723562723636874], [-115.33300078770523, 50.72350085933258], [-115.33277465803158, 50.72348503401416], [-115.33262580700847, 50.72345193035558], [-115.33251717475929, 50.72342427349323], [-115.33244028456912, 50.723404691311934], [-115.33239996754428, 50.72338933037084], [-115.33234299238204, 50.72336764013554], [-115.3318817740917, 50.723252815426925], [-115.33143541123961, 50.72311229207914], [-115.33113354782121, 50.72301726079565], [-115.33108830147987, 50.722998969724955], [-115.33102146518972, 50.722971930499575], [-115.33071094683149, 50.72289421407983], [-115.33052514892834, 50.72286363979642], [-115.33029932173388, 50.72280924056975], [-115.32987152201531, 50.72269729289796], [-115.32954353381068, 50.72264723503321], [-115.32913110268326, 50.72259104147233], [-115.32877768267657, 50.722545549718596], [-115.32849202552654, 50.72254145350763], [-115.32807752001352, 50.722575943790545], [-115.3277377030478, 50.72257948684391], [-115.32707928248297, 50.72270261467525], [-115.3267567150294, 50.722809620892214], [-115.32647894803414, 50.72289285422638], [-115.32596407477132, 50.72299711279186], [-115.32574161110392, 50.72307067318847], [-115.3254503653638, 50.72322347971835], [-115.32528091393621, 50.72328588666471], [-115.32483957280779, 50.72350439650405], [-115.32467678578251, 50.72356998317717], [-115.3242524942455, 50.72375677002313], [-115.32397816471449, 50.72382118321408], [-115.32364796711599, 50.72394234458436], [-115.32340678625819, 50.72396515070083], [-115.32300775382353, 50.724095035286204], [-115.32285708163297, 50.72412123490888], [-115.3226679657034, 50.724182022728286], [-115.32264162510761, 50.72419049300231], [-115.32261961213136, 50.72419925538021], [-115.32246182347119, 50.72426206137623], [-115.32200600519931, 50.72453210575058], [-115.3219508247515, 50.72455175185943], [-115.32175470197276, 50.72467055113329], [-115.32165437330143, 50.724777061064295], [-115.3215449716128, 50.72484895199217], [-115.32143448090368, 50.72490341589246], [-115.3212101274652, 50.724990661971916], [-115.321068300457, 50.72511422261459], [-115.32098423539772, 50.725211712212484], [-115.32092997243227, 50.725293642054254], [-115.32090785704247, 50.72533484236485], [-115.32087756531058, 50.725391242358555], [-115.32087076516245, 50.725506661671], [-115.32091472729034, 50.725652151712076], [-115.32094508131405, 50.72575257046955], [-115.32093330271725, 50.72588405513218], [-115.32093597326202, 50.72591728644831], [-115.32095974675592, 50.72599883594544], [-115.32110010025004, 50.72622413166278], [-115.32116193484524, 50.72634569372554], [-115.32108528266953, 50.726467532818084], [-115.32098908250067, 50.72661564162459], [-115.3208330826926, 50.72677502204291], [-115.32067009657152, 50.72678650735053], [-115.3206314632329, 50.726758107113724], [-115.32042810056463, 50.726658906963195], [-115.32029492232962, 50.72660678337655], [-115.32006940418995, 50.726545803231424], [-115.3199470617612, 50.72649710597851], [-115.31976053458266, 50.72646581662368], [-115.31960907539997, 50.72641897117943], [-115.31935562293272, 50.72637721627915], [-115.31886237182827, 50.72631923569159], [-115.31843424429695, 50.726229034867686], [-115.31820316576865, 50.72619692543903], [-115.31785527577543, 50.72604653247935], [-115.31754024388661, 50.72594081585073], [-115.31722506197826, 50.72588781677906], [-115.31633563470061, 50.72565826239538], [-115.31616769519128, 50.725589552381024], [-115.31590955136977, 50.72542991367704], [-115.31579045572565, 50.72529764327512], [-115.31561723663695, 50.725152461663356], [-115.31546514493766, 50.72506589455967], [-115.3154115895167, 50.725031686998626], [-115.31538676444748, 50.72500522331063], [-115.31519041097938, 50.72485831331682], [-115.3151417714249, 50.724848636741704], [-115.315005060886, 50.72482145510156], [-115.31463625393219, 50.724648094041015], [-115.31457867400734, 50.72462102402579], [-115.31427614529535, 50.72436482264971], [-115.31406631183728, 50.72413155136732], [-115.31404009374654, 50.72399403586563], [-115.313982362912, 50.723920036329275], [-115.31394938906378, 50.723877771132315], [-115.31384436458237, 50.72377255305584], [-115.31379464114173, 50.72372473343994], [-115.31374369963505, 50.72367574572845], [-115.31344134550604, 50.723524842773095], [-115.31330403374753, 50.723420803175465], [-115.31336962231643, 50.7227930235434], [-115.31391211980905, 50.72251592597684], [-115.31404899052274, 50.72224333237249], [-115.31436488075488, 50.72161417228473], [-115.31484251874576, 50.720018216247375], [-115.31468167208622, 50.717469125134436], [-115.31449011009329, 50.716558061323234], [-115.31458660666388, 50.71580306097258], [-115.31467167049331, 50.71540066143473], [-115.31473218811743, 50.715114371214874], [-115.31472071054091, 50.714821144625326], [-115.3146644895516, 50.714525397389366], [-115.31461383158566, 50.714314616704584], [-115.31429336191331, 50.71386599615035], [-115.31410607717685, 50.713699286983015], [-115.31365900585924, 50.71347304103428], [-115.31346605060142, 50.71333766135229], [-115.31329136876792, 50.71323444177485], [-115.31325707763902, 50.713199531849696], [-115.31308912296124, 50.71312287336524], [-115.31262018517778, 50.71271486141015], [-115.31237420637368, 50.71237288082706], [-115.31189132745607, 50.71174138337787], [-115.31174063728943, 50.711521841745835], [-115.3112561984047, 50.710816055641416], [-115.31107532118483, 50.710471642066004], [-115.31101676041327, 50.710333222241545], [-115.31097810701623, 50.71024188774786], [-115.31086058540734, 50.70979934468123], [-115.31079943079372, 50.70970898416489], [-115.31067168973512, 50.709550945281975], [-115.3106174487346, 50.70947024116338], [-115.31053172163861, 50.70925944220994], [-115.3104765969408, 50.709039707264836], [-115.31034360556656, 50.70876541561106], [-115.31019661802003, 50.70859427441773], [-115.31010165024719, 50.708484732806234], [-115.30958130605427, 50.70803239658636], [-115.30928526789796, 50.70765650630509], [-115.30893633872334, 50.707298133209534], [-115.30887879710205, 50.70722269280385], [-115.30873335799909, 50.70697426140075], [-115.30853717765642, 50.70668793195277], [-115.30834943670529, 50.7063253715995], [-115.30825293780124, 50.70614387423656], [-115.30810945593758, 50.70594014445552], [-115.30809501512766, 50.70591963622359], [-115.30778102777305, 50.70571402277559], [-115.30757439687208, 50.705501687348026], [-115.30732641489581, 50.70527486090353], [-115.30718966664513, 50.705178286712766], [-115.30700684636237, 50.70502262357754], [-115.30695126799212, 50.70497530574418], [-115.3069081198384, 50.70490190645463], [-115.30689140362664, 50.70483523539266], [-115.30687453866119, 50.704767906169174], [-115.30674858412753, 50.704568216585336], [-115.30647302700545, 50.704304326544886], [-115.3064508018052, 50.70426348109615], [-115.30638984762342, 50.704067983578724], [-115.30633307243801, 50.70400935268525], [-115.30625633759263, 50.703961384769386], [-115.30615413633622, 50.70392820389294], [-115.30602364632816, 50.70388104272009], [-115.30593835569013, 50.70384447413354], [-115.30589449221625, 50.703824035631875], [-115.30568274309942, 50.7037252867173], [-115.30552089245873, 50.70366170746612], [-115.30534292472798, 50.70356564214863], [-115.3052022538844, 50.703381933152336], [-115.30509786553465, 50.703213126345815], [-115.30495805251647, 50.70294119787475], [-115.30479281388908, 50.70271762217888], [-115.30460685329302, 50.70262557110693], [-115.3044223034876, 50.70256357185091], [-115.30428217651742, 50.702488274569134], [-115.30418737645788, 50.70240411237972], [-115.30405005193712, 50.702264325366855], [-115.303847782065, 50.70188884213704], [-115.30377724528297, 50.70181784315152], [-115.30369196185684, 50.70172846112405], [-115.30365217415138, 50.70167665444883], [-115.30356713530918, 50.701445152586444], [-115.30351433682759, 50.701183397562104], [-115.30335664488547, 50.700883861717095], [-115.30328291631042, 50.70079557208539], [-115.30309501223545, 50.70067420375122], [-115.3029437997941, 50.70060222281594], [-115.30257721307063, 50.700408486828465], [-115.30232482591138, 50.70024780395354], [-115.30212271572324, 50.700063435374574], [-115.30201647136346, 50.69991464255413], [-115.30193667062115, 50.69976383608704], [-115.30213262575379, 50.69948442330009], [-115.30214713401065, 50.69938695261636], [-115.30214154255589, 50.69926675285383], [-115.30210064493087, 50.69898734553123], [-115.3021071928842, 50.69880576473968], [-115.30197446408702, 50.698402706806256], [-115.3018166256214, 50.69806763618584], [-115.30171216185911, 50.69782327481522], [-115.30163626342906, 50.69757213337464], [-115.30158537927772, 50.69733395243609], [-115.30152406409611, 50.697149596282664], [-115.30149857290264, 50.69699272561101], [-115.30138319839331, 50.69665827502443], [-115.30136899272591, 50.69642422213], [-115.30129255980894, 50.69620132570435], [-115.30118361111788, 50.695871770411905], [-115.30060271376905, 50.69492130738398], [-115.30038941060155, 50.69474374615321], [-115.30006826132788, 50.69454678481163], [-115.299927596802, 50.694460525744695], [-115.29978288764366, 50.69425828735853], [-115.29973903024775, 50.694196971353826], [-115.29958188919811, 50.6939853326395], [-115.29945666336714, 50.69373360385056], [-115.29937633928738, 50.6934415520104], [-115.29938804213413, 50.69281373197108], [-115.29936517670862, 50.69253428068447], [-115.29922382329424, 50.69219030585868], [-115.2990475002928, 50.69190164170055], [-115.29870826854908, 50.69156175250965], [-115.29866608645546, 50.691509822437524], [-115.29863084193262, 50.69146642315015], [-115.29862615299581, 50.691427461877325], [-115.29860008857291, 50.6912112880866], [-115.29857977151497, 50.69086209377054], [-115.2986374863728, 50.690185797126105], [-115.29869858893682, 50.68970201546053], [-115.29870715860187, 50.689464905945485], [-115.29861099575238, 50.68896043549121], [-115.29843609799157, 50.68862870704825], [-115.29812616898421, 50.68819426219625], [-115.29774857741273, 50.68779890686574], [-115.29764995837648, 50.68764046213919], [-115.29760064089506, 50.68730159762495], [-115.29758075700748, 50.6870480807465], [-115.29749279545754, 50.68674675149086], [-115.29746789934192, 50.68658733211376], [-115.29762508426333, 50.68627767420844], [-115.29775904722352, 50.68606681679955], [-115.29819582094021, 50.68568243566737], [-115.29848024086388, 50.68547010563499], [-115.29879143983082, 50.68522160285507], [-115.2988477555096, 50.685119771578044], [-115.29886202159682, 50.68502926146498], [-115.29879953081775, 50.684763035543924], [-115.29867085955509, 50.68448064131204], [-115.2986362085844, 50.68442149278441], [-115.29835232900204, 50.683936771396255], [-115.29828190500416, 50.683757816427025], [-115.29826049815375, 50.68356729410638], [-115.29824986445, 50.683472745295845], [-115.29826746484441, 50.68342024099817], [-115.29829469678833, 50.68334933196537], [-115.29837559464912, 50.68322075221335], [-115.2983856978652, 50.68314096415564], [-115.29838235664195, 50.683092396380395], [-115.29832163888054, 50.682962924943155], [-115.29807940725871, 50.68260177087618], [-115.29797871736909, 50.68234910642173], [-115.29778480607689, 50.68197264188823], [-115.29764289600254, 50.68174240302279], [-115.29737341977346, 50.681371287555905], [-115.29701811006088, 50.68070593263989], [-115.29669666337011, 50.679965532343324], [-115.2965283275599, 50.679634460407186], [-115.2963400829208, 50.67937353150402], [-115.29612824538171, 50.67916576388606], [-115.29591668250794, 50.67893472631693], [-115.29584464304801, 50.678801086223714], [-115.29577396640936, 50.6785507960169], [-115.29566726286319, 50.67845721575348], [-115.29559810163556, 50.678396550600986], [-115.29554348324298, 50.67832839573275], [-115.29545922411039, 50.6782232606828], [-115.29529647572328, 50.67786501551022], [-115.29513522519547, 50.677314893493836], [-115.29506921675281, 50.677151487579245], [-115.29496525567059, 50.676967023005595], [-115.29494800515799, 50.67693639716288], [-115.29492385696761, 50.676872861122504], [-115.2948156181192, 50.67658801568784], [-115.2947822437757, 50.6764479650569], [-115.29478641631297, 50.67633290565463], [-115.29490936624721, 50.6760480601558], [-115.29474668352323, 50.675913640999426], [-115.29443818615333, 50.67579050654287], [-115.29423930860851, 50.67567246019283], [-115.29409056539112, 50.67553421554678], [-115.29399746145366, 50.67537584167924], [-115.29379299241643, 50.674957661376254], [-115.29359905679759, 50.674703635425004], [-115.29340106162046, 50.67456117035563], [-115.29327802221817, 50.67447215067626], [-115.29303987364928, 50.67423686163334], [-115.2929361008453, 50.67405894424187], [-115.29276604159959, 50.67366982285296], [-115.2927487652235, 50.67332003588987], [-115.29268300459015, 50.67316555075871], [-115.2925562174844, 50.67302763582624], [-115.2923057698738, 50.67281811186535], [-115.29195170691419, 50.6725896355308], [-115.29161193289856, 50.67242067466893], [-115.29132085509785, 50.6723067314702], [-115.29102391271793, 50.672132931401684], [-115.29080449880054, 50.67197620350802], [-115.29063145349275, 50.671803752232925], [-115.29017801467306, 50.671048545855676], [-115.29015141494513, 50.67098400365158], [-115.29013728082691, 50.67091330550379], [-115.29026947462494, 50.67046628630213], [-115.29027937125471, 50.67042971192936], [-115.29024618290086, 50.670342170958506], [-115.29017746026254, 50.670196170149], [-115.29020668015382, 50.67006945537223], [-115.2903546013035, 50.669839016033954], [-115.29027610556449, 50.669584236105365], [-115.29012393043354, 50.66946204122423], [-115.28996905881162, 50.669387344292225], [-115.28994715031993, 50.66936715096535], [-115.28991082124662, 50.669168460659634], [-115.28985184020944, 50.66903152560157], [-115.28972874457392, 50.668912440886736], [-115.2896843823438, 50.66888364135947], [-115.28940778125684, 50.66875024261259], [-115.2891441112469, 50.66860333236835], [-115.28897384151944, 50.668454306102085], [-115.2887835302994, 50.66825263593646], [-115.28853363406638, 50.66802916477522], [-115.28724347737456, 50.667124016640805], [-115.28699943409319, 50.66698721574924], [-115.28642881224313, 50.666731732990904], [-115.28618958858021, 50.666608345138656], [-115.28588390262216, 50.6663190166695], [-115.28560879925705, 50.66600262252916], [-115.28514310295546, 50.66548301560424], [-115.28490803753714, 50.66520026101918], [-115.28487738050477, 50.665163383149064], [-115.2848439295744, 50.66511719697596], [-115.2845874501095, 50.664763105706136], [-115.28438186970897, 50.66452981714529], [-115.28427834899139, 50.664378564423345], [-115.28403814011871, 50.66405844133079], [-115.28393247025485, 50.66385183538218], [-115.28376990926462, 50.663499926313975], [-115.28373241860331, 50.66320673238344], [-115.2837257404309, 50.663028681653095], [-115.28374803644637, 50.66285621567292], [-115.28393147002662, 50.662637674080216], [-115.28414494147653, 50.66244697015599], [-115.28457334669467, 50.66210930643287], [-115.284870320941, 50.66182270711233], [-115.28599098628354, 50.66102755049542], [-115.28625061941777, 50.66084870570624], [-115.28638061034705, 50.66074595053005], [-115.28643583027075, 50.66058627366127], [-115.28643964956417, 50.66048166023697], [-115.28639470323287, 50.660358905253204], [-115.2862775091298, 50.66015398319958], [-115.28615455880818, 50.65994541531753], [-115.28585801158812, 50.659473286296404], [-115.28574265045106, 50.659344834311966], [-115.28552578479984, 50.65916331317391], [-115.28533307659193, 50.6589806420941], [-115.28526976711943, 50.65892063466485], [-115.28466447434731, 50.658510507039146], [-115.2844898177411, 50.65833349253542], [-115.28436401159175, 50.65817115088139], [-115.28423601656324, 50.65806809336945], [-115.28406818478051, 50.65796706170138], [-115.28399938512852, 50.65791427327418], [-115.28392485002578, 50.657834125562786], [-115.28388134495103, 50.657783661353484], [-115.2838533851094, 50.65774249419486], [-115.28380222951552, 50.65764607389186], [-115.28369247589902, 50.65750327452213], [-115.28366093932937, 50.65746224197502], [-115.28362063045998, 50.65739295068683], [-115.28347914635681, 50.65714985445783], [-115.28332154653067, 50.65680560285952], [-115.28316701629267, 50.65645270678292], [-115.283113545304, 50.65626352547471], [-115.28307205571679, 50.65597158402632], [-115.28301867434904, 50.65577643585986], [-115.28285840938172, 50.65536035173081], [-115.28285009867612, 50.65468442247322], [-115.28280797574887, 50.65448494464265], [-115.28272222768253, 50.654277840899795], [-115.28225120745542, 50.653649880442636], [-115.2820699564264, 50.653458926137105], [-115.28199229980292, 50.65337710591481], [-115.28187731738419, 50.653235307027174], [-115.28160888679203, 50.65290421672157], [-115.28140707292232, 50.65271981563562], [-115.2809204547293, 50.65240703495632], [-115.28075496368945, 50.652322325335895], [-115.28053862656927, 50.65215576390991], [-115.28042405193202, 50.65198661633113], [-115.27980921284978, 50.65139140314344], [-115.2791114728923, 50.65066240333152], [-115.27893033489357, 50.65051320270608], [-115.27858773704168, 50.650277874156075], [-115.27840896100892, 50.65014996396929], [-115.27816301431908, 50.64997397013921], [-115.27772562725802, 50.649656254274966], [-115.27732864601259, 50.64936788669466], [-115.27702048428426, 50.64909119665048], [-115.27675773446526, 50.64892333137242], [-115.27660942484107, 50.64885309384514], [-115.27623411577595, 50.648718706580716], [-115.27566381130393, 50.64857210680972], [-115.2757140703136, 50.64852713233867], [-115.27574997962759, 50.6484950030524], [-115.27591580638405, 50.64846257163611], [-115.27715633520116, 50.648453015439976], [-115.27773374114817, 50.64841968105394], [-115.27809357963066, 50.64836077105004], [-115.27861777972589, 50.64825483557683], [-115.27881194290252, 50.648198363366824], [-115.27974864454897, 50.647793544733005], [-115.28055370417565, 50.64738677015628], [-115.28140464519748, 50.6469248537694], [-115.28247699378474, 50.646410363315006], [-115.2834003229388, 50.64576807323137], [-115.28453377488384, 50.64477999578593], [-115.28481276142048, 50.64435149186944], [-115.28498765109806, 50.6437679430667], [-115.28505225155953, 50.64259664101609], [-115.28519265062526, 50.641834678401054], [-115.28521637893785, 50.64170592465102], [-115.28542000734926, 50.64108154962442], [-115.28548814054126, 50.640872614789515], [-115.28592597977396, 50.640074478666335], [-115.28598177250815, 50.63997278182943], [-115.28640392241208, 50.639416723607], [-115.28644278015402, 50.63936553054511], [-115.2869640246505, 50.638912672259124], [-115.28724976059891, 50.63878516182791], [-115.28739208906464, 50.6387216523884], [-115.28800744369502, 50.638393684911776], [-115.28849522378124, 50.63817183286974], [-115.28870399208202, 50.63807688484042], [-115.28948993623713, 50.63787039540049], [-115.2899696054706, 50.63779143905621], [-115.2904296965894, 50.63771572335457], [-115.29177292309842, 50.637596690300676], [-115.29314045209821, 50.63766628430408], [-115.2943600508464, 50.63795172284045], [-115.29543173630108, 50.63845301408999], [-115.29566302666653, 50.638699632985336], [-115.29660911706503, 50.63935481254322], [-115.29698875572979, 50.639338781581166], [-115.2977265810282, 50.63926583944362], [-115.29883309069363, 50.639197399753016], [-115.29962286743724, 50.63917005870685], [-115.3003056349274, 50.639254658565534], [-115.30134267382073, 50.63929731036407], [-115.3013574675481, 50.63929792166821], [-115.30178642939077, 50.63926928350467], [-115.30285653930461, 50.63911043100291], [-115.30401578287923, 50.63909950976292], [-115.30459651960129, 50.639121456602496], [-115.30530469269019, 50.63907630234288], [-115.30582340980783, 50.63899312812683], [-115.30694956437424, 50.638643321588845], [-115.30818582916493, 50.63844483773934], [-115.30883437910417, 50.63841239884799], [-115.30921696557328, 50.63845283740967], [-115.30986076394713, 50.63855288882502], [-115.31050231901938, 50.63871572154104], [-115.31134650181438, 50.63904193994425], [-115.31183676677487, 50.63913975991875], [-115.31232409452329, 50.63915356565088], [-115.31271613990094, 50.63909668800518], [-115.31299732053816, 50.638905379687436], [-115.31311296622052, 50.638739591150284], [-115.31319850721525, 50.63818959889576], [-115.31331790846792, 50.637919199143425], [-115.31359014761165, 50.63747154734226], [-115.31364671927243, 50.63731690754259], [-115.31360832632328, 50.637162836405935], [-115.3133366930898, 50.636782120065185], [-115.31322216597734, 50.636672630555566], [-115.312919874679, 50.63655103013295], [-115.31264047515462, 50.63638648928293], [-115.31233220877078, 50.6361099011765], [-115.31173307321409, 50.635682546860814], [-115.31155265418896, 50.635512475490025], [-115.31119233757424, 50.6348513465129], [-115.31102438298377, 50.63463959172639], [-115.31078691897355, 50.6342244557151], [-115.3107301192383, 50.63397243706052], [-115.31067461448039, 50.633378540519246], [-115.31069933748987, 50.63299512721894], [-115.31076841469857, 50.63259839745289], [-115.31091320827676, 50.63220167613921], [-115.31095590617498, 50.631959165998424], [-115.31101082866604, 50.63182910171498], [-115.31102510433767, 50.63179526841775], [-115.31126589128573, 50.63134977834946], [-115.31133320715337, 50.6312489920359], [-115.311436737766, 50.63109394697126], [-115.31161893728031, 50.63090819084584], [-115.31190080942716, 50.63069596569072], [-115.31236833805194, 50.63043235876574], [-115.312479316644, 50.62970654570504], [-115.31259729224664, 50.62939950114182], [-115.31258127243629, 50.6291567915168], [-115.31245905381957, 50.62866483596682], [-115.31235513701613, 50.628502837452686], [-115.31217473767599, 50.6283327650048], [-115.31192905334657, 50.628147792183334], [-115.31164967326883, 50.62798710110242], [-115.31135221352382, 50.62771379193954], [-115.31081598241562, 50.62737108881713], [-115.31064230425199, 50.62731972015303], [-115.310478342132, 50.62730339089609], [-115.31015316095021, 50.62719401129039], [-115.31001413560489, 50.62709430191998], [-115.30955917493141, 50.626627179022684], [-115.30902423135298, 50.626249591161425], [-115.30871228525486, 50.62607759853406], [-115.30824809582896, 50.62586850784791], [-115.30806245233703, 50.625844875040855], [-115.30742388411885, 50.625833849221834], [-115.30655304560133, 50.62580139108294], [-115.30600929498003, 50.62582025597985], [-115.30562404393372, 50.625856521590435], [-115.30539380581789, 50.62585316670841], [-115.30517314078186, 50.625822830369934], [-115.30494629027095, 50.625790836414595], [-115.304750669272, 50.62579392126858], [-115.30471579211029, 50.6257944569192], [-115.30450647098846, 50.62581932762543], [-115.30427297405876, 50.625906637047045], [-115.30385927099302, 50.62612390205234], [-115.30359011399945, 50.62628743680081], [-115.30341216147298, 50.6263546306699], [-115.302882372875, 50.62644459954466], [-115.30226762453843, 50.62645656728703], [-115.3015572237754, 50.62638341864475], [-115.30115456034903, 50.62628252738531], [-115.300817952994, 50.62619819269032], [-115.30046886228722, 50.62614425669004], [-115.29992804917948, 50.62610206997753], [-115.2995364240306, 50.62614461155922], [-115.29897097107441, 50.62631077903558], [-115.29813430170147, 50.62669629029768], [-115.29756631293797, 50.62693221245574], [-115.29705939081916, 50.627071909375935], [-115.29692137922203, 50.62702045812703], [-115.29702164249431, 50.626826561162225], [-115.29774979250459, 50.62610454725257], [-115.2981804941685, 50.6255645612601], [-115.29823697854424, 50.62537203115806], [-115.29825575206053, 50.62515599919743], [-115.29828971255142, 50.62502896694697], [-115.29835600276293, 50.62482303176392], [-115.298778809743, 50.623920831011866], [-115.29894632044034, 50.62355087597623], [-115.2990762112232, 50.62316432834694], [-115.29911740246237, 50.62287974127268], [-115.2990783339273, 50.62267756674274], [-115.29871809273548, 50.62109392177957], [-115.2985301586641, 50.620304430900745], [-115.29843548690437, 50.6199293467333], [-115.29820224255859, 50.619326057470715], [-115.29813911802707, 50.619083649585974], [-115.29815044825017, 50.61883359288154], [-115.29819706616516, 50.61861299287231], [-115.29827457672624, 50.61839285715692], [-115.29831222167277, 50.61820655934321], [-115.29832162103757, 50.61794607673361], [-115.29828084648715, 50.61757670754718], [-115.29820155689671, 50.6174182120078], [-115.29794975091859, 50.61711456561244], [-115.29775884105119, 50.61683643068843], [-115.29768221990625, 50.61660421244401], [-115.29755141971306, 50.61615974696413], [-115.29742791777849, 50.61551381171358], [-115.29733903878858, 50.615192902422336], [-115.29721083865239, 50.614891081838074], [-115.2968975106634, 50.614365275577036], [-115.29680613504331, 50.6141131791166], [-115.2967464004686, 50.61384185696439], [-115.29670217592349, 50.61335441736664], [-115.29652791676831, 50.61283063808508], [-115.29644879971579, 50.61266723038342], [-115.29618173621711, 50.61235845644854], [-115.29589606526385, 50.61213792044747], [-115.29540147748803, 50.611924166346355], [-115.29462181971826, 50.61168656669947], [-115.29434767807598, 50.61157436689514], [-115.2941218240027, 50.61140881092563], [-115.29389073475807, 50.61117432220655], [-115.29372846383073, 50.61096050136208], [-115.29331717404658, 50.61058077984954], [-115.29267003787257, 50.610099250596754], [-115.29245068822735, 50.609968191864354], [-115.29225182456435, 50.60991118018499], [-115.29192113528333, 50.609866993198914], [-115.29124502289207, 50.609825276089275], [-115.29102123569561, 50.60975052728281], [-115.2907629070417, 50.60962874119062], [-115.29054774704024, 50.60949032888367], [-115.2902631656548, 50.60924030299625], [-115.28989054545096, 50.60886112792404], [-115.28962844282586, 50.60871059334679], [-115.28813581728791, 50.60861041272398], [-115.28745027372211, 50.60860401268701], [-115.28706338475307, 50.60861799385892], [-115.28664311451482, 50.60870030866661], [-115.286355746933, 50.608740341829886], [-115.28610806224916, 50.60875143872476], [-115.28590832547617, 50.60871901181897], [-115.28557189336864, 50.608620631806964], [-115.28543555155609, 50.608544857186445], [-115.28522576327946, 50.608371566751266], [-115.28495456971312, 50.60821107733893], [-115.28464332596542, 50.60806439976351], [-115.28444190666806, 50.607954393850946], [-115.2842913122985, 50.60787214084811], [-115.2841132153149, 50.6077726899959], [-115.28400536964637, 50.607712476918536], [-115.28344235220338, 50.607355560421325], [-115.28297848542361, 50.60705319409681], [-115.28286772478454, 50.60697081189788], [-115.28280244214255, 50.60692225128182], [-115.28259837116948, 50.606735277966045], [-115.28225208038455, 50.60641801277704], [-115.28197799505514, 50.606193993878136], [-115.28169976400578, 50.60588372187804], [-115.28148186102482, 50.605501903582905], [-115.28070521475898, 50.60455125719919], [-115.28004010315824, 50.60361452891315], [-115.27963240107542, 50.603141392785815], [-115.27945819482377, 50.60283394784671], [-115.27933803384386, 50.60252732311539], [-115.27931323901292, 50.60235976793873], [-115.27934372884492, 50.601947192582564], [-115.27931838170745, 50.60183625879125], [-115.27926848361554, 50.601680547698294], [-115.27916574758183, 50.601531521828136], [-115.27881861323401, 50.60130512248617], [-115.27853019299266, 50.60116317988823], [-115.27784543904724, 50.60087276821746], [-115.27718332117163, 50.60052681216165], [-115.27669361738874, 50.6002558518471], [-115.27578712148807, 50.59969169062799], [-115.2746211599238, 50.59904012270816], [-115.27309105674894, 50.59841754805627], [-115.27270410232425, 50.598224961539195], [-115.27199986927938, 50.59783589012915], [-115.27184776501788, 50.59776972323859], [-115.27129561659407, 50.59765825777434], [-115.2712513066078, 50.59765588504938], [-115.27062676377933, 50.597622219659094], [-115.26995316498456, 50.59760883350665], [-115.26975941616226, 50.59762561319774], [-115.26918980980098, 50.597779420181226], [-115.2689753272263, 50.597802742123235], [-115.26856609947534, 50.5978091112835], [-115.26815901738235, 50.59779061426564], [-115.26722821499095, 50.597654348999626], [-115.26673729831587, 50.59755853054298], [-115.26556514568205, 50.59729032369362], [-115.26515307312833, 50.597151413329904], [-115.2648182280834, 50.59701365929878], [-115.26443145366434, 50.596877904305934], [-115.26408637536835, 50.5967470593029], [-115.26364614277507, 50.5965339950869], [-115.26322045272015, 50.59634571116711], [-115.26289145356085, 50.59616883312545], [-115.26271128467376, 50.596116840719525], [-115.2625031745607, 50.59610390469209], [-115.26181169800485, 50.596151344153405], [-115.26162023323234, 50.59616448489097], [-115.26123919403938, 50.59623254926374], [-115.26114014311227, 50.596266543320446], [-115.260902736184, 50.59634799557343], [-115.26066263273799, 50.59655302186011], [-115.26051343309473, 50.596639672163604], [-115.26032795501851, 50.59664182135884], [-115.26013583437715, 50.59661436241184], [-115.2598708327282, 50.59646781390164], [-115.25974520830022, 50.596313504804606], [-115.25962156292928, 50.59610512432022], [-115.25945649790307, 50.5957633692369], [-115.25927381305726, 50.59548036947963], [-115.2589863024517, 50.5951072859762], [-115.25860723302117, 50.59470333026524], [-115.25832442560657, 50.59444503314156], [-115.2582186321223, 50.59434840150765], [-115.25798803164226, 50.59418532455918], [-115.25757225052483, 50.59386176969085], [-115.25645124413973, 50.59304653018572], [-115.25604782418817, 50.592678523862354], [-115.25551618582969, 50.59225243370879], [-115.25499535901403, 50.59178995077261], [-115.25449838445482, 50.59144323395173], [-115.25396173936838, 50.59101967925707], [-115.25353656007239, 50.590715815230254], [-115.25292633918951, 50.59029853182669], [-115.25266140950501, 50.590151963042935], [-115.25219039036267, 50.589959524708895], [-115.25169462310386, 50.589768672786825], [-115.25144455159582, 50.58970451177605], [-115.25123264857135, 50.589650144554184], [-115.25113513960268, 50.58961995117763], [-115.25102006896188, 50.58958432553694], [-115.25061898493949, 50.58950912516299], [-115.2497987846165, 50.5893394609035], [-115.24969298282893, 50.58930739658273], [-115.24958178519947, 50.58927369192243], [-115.24942395201262, 50.58919052569901], [-115.24910849988886, 50.589024305509106], [-115.24894395856323, 50.58900015009517], [-115.24856948172732, 50.58899452427793], [-115.24808653246747, 50.589027531863046], [-115.2479324731791, 50.58904983532787], [-115.24709880404835, 50.58917044120364], [-115.24610938265818, 50.58939584236973], [-115.24567888135421, 50.589457513361644], [-115.24420415690781, 50.58959637161077], [-115.24376600242586, 50.58960215114762], [-115.24321251190328, 50.58956903581836], [-115.24283454961612, 50.58952616487866], [-115.24258144157508, 50.589528545556696], [-115.2417356912737, 50.58972013155689], [-115.24127646055234, 50.5895522163727], [-115.24096193735556, 50.589374002946236], [-115.24019631056892, 50.58886250649233], [-115.24012684740802, 50.5887553256265], [-115.24010140779664, 50.5885283071924], [-115.23987731158381, 50.5883168161338], [-115.23965718772783, 50.588087351745635], [-115.23918375569471, 50.587678016977236], [-115.23865249840485, 50.587150133331], [-115.23806453676058, 50.58643390625374], [-115.23789938747376, 50.58616501568625], [-115.23763496841444, 50.585798275359], [-115.23719624602437, 50.5852897712657], [-115.23709326339998, 50.585211126125216], [-115.23665040039371, 50.58495351379092], [-115.23646804351148, 50.5847555973393], [-115.23616064465998, 50.58399821692779], [-115.23603291408887, 50.583770152420044], [-115.23565857852222, 50.58334363613769], [-115.23521169517333, 50.582527435420964], [-115.23499053521635, 50.58224275277408], [-115.23472029647553, 50.5819947836286], [-115.2340563780319, 50.58141166097408], [-115.23387857987491, 50.58122311302992], [-115.23357322399971, 50.58080341666149], [-115.23331857952839, 50.5803287268332], [-115.2329530886561, 50.579437286786295], [-115.23279201578505, 50.578802931821485], [-115.2327793143515, 50.578623086613916], [-115.23293353264016, 50.57840241686641], [-115.23315490563527, 50.578207526799574], [-115.23405352732078, 50.577877765378304], [-115.23445234459842, 50.57774018363637], [-115.2356829524755, 50.57709594433955], [-115.23574470753016, 50.57705304152264], [-115.23642265674175, 50.576582016178364], [-115.23694049473374, 50.575984571503525], [-115.23724361637508, 50.57560758348816], [-115.23780905455419, 50.575392442175975], [-115.23892271290181, 50.575422441797365], [-115.23962077938307, 50.57552510591235], [-115.24093266775309, 50.575645112129266], [-115.2412535345554, 50.57553700311504], [-115.24148551490275, 50.57543043424047], [-115.2418296433665, 50.57512322175988], [-115.24248621869195, 50.5744116350883], [-115.2430109976183, 50.57390535081491], [-115.24353166108425, 50.573501254534634], [-115.24356181736835, 50.57346765329183], [-115.24366421689739, 50.57308504006468], [-115.24367575296752, 50.57277546016747], [-115.24358194582346, 50.57242093136692], [-115.243198513165, 50.5717460798076], [-115.24317182433751, 50.57170883487766], [-115.24248234547078, 50.570746472302126], [-115.24197833253162, 50.570175125392474], [-115.24165294494829, 50.56990072429334], [-115.24098462139105, 50.569562305847555], [-115.23937348623518, 50.568943241399666], [-115.23911474537621, 50.568849222059434], [-115.23803944130424, 50.568458441475336], [-115.23763668534353, 50.56830367349546], [-115.23731197667888, 50.5681534612426], [-115.23705821966284, 50.56790463387795], [-115.23672746698027, 50.567645634157], [-115.23587450330452, 50.56704418229982], [-115.23524792989716, 50.566632014759165], [-115.2350782728777, 50.56648696381927], [-115.23489219395879, 50.56626112580387], [-115.2348042528006, 50.56601199672613], [-115.23483348275933, 50.56523184062233], [-115.23483719267311, 50.56461239515272], [-115.23491989101679, 50.56370295148289], [-115.23490554799464, 50.56356644149734], [-115.23483078042209, 50.56342846092017], [-115.23457192266785, 50.56295072564686], [-115.23450370255786, 50.5627797638102], [-115.2344363040687, 50.56260406076422], [-115.2344203603696, 50.56256250607678], [-115.23412681798003, 50.56228464035923], [-115.2333429800842, 50.56165946070979], [-115.2329266376181, 50.56134958258477], [-115.23272068302859, 50.5611358345745], [-115.23261932637544, 50.56098561602926], [-115.23248388197604, 50.560754125406646], [-115.23232497403124, 50.56048253232025], [-115.23204514003115, 50.559936570755625], [-115.23200783145926, 50.559825660588054], [-115.23197585504043, 50.559730635328435], [-115.23190188217691, 50.559497182584074], [-115.23186799785158, 50.55858599668828], [-115.23183539176782, 50.558418235298], [-115.23172734092871, 50.55818736932595], [-115.23150521807095, 50.55788663417635], [-115.23134248137082, 50.557740306094665], [-115.23114008129656, 50.55750939660883], [-115.23089603708208, 50.556920512819524], [-115.23079418962337, 50.556474692820444], [-115.23077705359673, 50.55552144168724], [-115.23072619049209, 50.55532243418838], [-115.2305420164409, 50.555047041451395], [-115.23033539135906, 50.554851859748176], [-115.2300797191194, 50.554668324677536], [-115.22986290725235, 50.55448537091496], [-115.22976135832712, 50.55434133091024], [-115.22974679502462, 50.55421103550861], [-115.2298232093868, 50.55398915125437], [-115.23012943418088, 50.553574079866586], [-115.23040130643267, 50.55332639643484], [-115.23058093918256, 50.55305392527562], [-115.23072703457393, 50.552708104516476], [-115.23087830433225, 50.5520707496845], [-115.23094428007992, 50.55179281538242], [-115.23104810545246, 50.551570330659274], [-115.23113096995124, 50.55141286060245], [-115.23137242908376, 50.551057602706194], [-115.23176466565982, 50.550710434749874], [-115.23237651901252, 50.550211704387834], [-115.23292262778321, 50.54989641413927], [-115.23290461551899, 50.54985516918577], [-115.23285940746429, 50.54975156231863], [-115.23265881492162, 50.549291968744335], [-115.23243265982745, 50.54899894965212], [-115.23222184765524, 50.54844714931426], [-115.23194685366842, 50.54818558231882], [-115.23182656955943, 50.548022678966014], [-115.23179466504725, 50.547836342839815], [-115.23184119434839, 50.54763261447988], [-115.23211381303625, 50.54710396368188], [-115.23209972400817, 50.54696125905318], [-115.23201343359513, 50.54669630557664], [-115.2316424258181, 50.545932131028614], [-115.23148423198518, 50.54548370402539], [-115.23141465827118, 50.545005614526886], [-115.231290457934, 50.54468778226833], [-115.23103924629594, 50.54438660131923], [-115.23057520707049, 50.544057415041], [-115.23036492226232, 50.54397407259429], [-115.22977589672094, 50.54374061536374], [-115.22951306302993, 50.54358545265081], [-115.22939005748582, 50.54351283334415], [-115.22875852182493, 50.543243053538845], [-115.2284129013198, 50.54312629282434], [-115.22819314047608, 50.54302383418876], [-115.2279188045887, 50.542821413894764], [-115.22771825051454, 50.542725441263194], [-115.22743832219429, 50.5426716349013], [-115.22705630238126, 50.54264705971526], [-115.22688727543935, 50.5425889116006], [-115.22662933957798, 50.5424672801725], [-115.22614917214925, 50.542051104675274], [-115.22589895348564, 50.541725144142106], [-115.22569893409381, 50.54135658297089], [-115.22556987626757, 50.54116878318016], [-115.22538790176884, 50.54100105322664], [-115.22461136619545, 50.54054706047092], [-115.22432649309141, 50.54040392486434], [-115.22406990143867, 50.54021048506589], [-115.22377944386102, 50.53992108664181], [-115.22312413821359, 50.53912831102336], [-115.22212951302959, 50.53804361505811], [-115.22160109184249, 50.53762047345674], [-115.22110522190687, 50.537365105317164], [-115.22013565285783, 50.537040551586024], [-115.21987917025042, 50.53688177064819], [-115.21972298343537, 50.53673633117577], [-115.21909833612035, 50.53632157017981], [-115.21891656296985, 50.53624446011354], [-115.2184724735333, 50.5361633311872], [-115.21785349968386, 50.53607954452601], [-115.21740982135893, 50.535958131956995], [-115.21723851666543, 50.53589048598444], [-115.21712733069259, 50.535746304979014], [-115.21704709093802, 50.53542603414294], [-115.21678823984993, 50.535202144290544], [-115.21623320026026, 50.534905906481], [-115.21582716860975, 50.53465466020631], [-115.21508431032645, 50.53399280238615], [-115.21437669546938, 50.53317042170089], [-115.2141090511769, 50.53279461601589], [-115.21362306974527, 50.53197248683616], [-115.21356022513062, 50.531866151514784], [-115.2135381096733, 50.531828731035084], [-115.21337144561844, 50.531609344534864], [-115.21314424379776, 50.531360060556636], [-115.21286753534231, 50.53105645374981], [-115.21259591644015, 50.530785905766066], [-115.21213862450091, 50.530418473886556], [-115.21198282492136, 50.53029329307447], [-115.21184298580935, 50.530136273784215], [-115.21174200543611, 50.52997984223636], [-115.21170688765251, 50.529880125718414], [-115.21161915970048, 50.52963104207628], [-115.21145510704302, 50.52934354551552], [-115.21131479708862, 50.52919890607847], [-115.21074982366206, 50.52871941580982], [-115.20983964858806, 50.52811691253375], [-115.20963019891947, 50.52800219676476], [-115.20938924276088, 50.52794892634615], [-115.20937349307592, 50.52794868116262], [-115.2088452934396, 50.527940569897524], [-115.20752857917486, 50.52806284119838], [-115.20709648623641, 50.528180107028454], [-115.20687638512968, 50.52827419680769], [-115.20673572643871, 50.52846572671347], [-115.20661357833247, 50.52886652615085], [-115.20652002451878, 50.52902616474668], [-115.20629597868256, 50.52929530656739], [-115.2061108028509, 50.529609984136975], [-115.2055854561535, 50.53034373252368], [-115.20550869394233, 50.53052704189061], [-115.20536402373979, 50.53079876416991], [-115.20517974459462, 50.531043732879056], [-115.20500604273981, 50.531220596387065], [-115.20489773215235, 50.53130547426643], [-115.20465622439242, 50.53151888833355], [-115.20436814694287, 50.531681726036666], [-115.20415043510549, 50.531783680433314], [-115.20366616473049, 50.531993062549], [-115.20340745587379, 50.53215014609213], [-115.20285099884285, 50.53272391299433], [-115.2027055593945, 50.53296947579482], [-115.20267354532645, 50.53302752692291], [-115.20250968939673, 50.53332471296995], [-115.2024702035634, 50.53347482365262], [-115.2024911778612, 50.53384504292127], [-115.20194391362342, 50.53382504325611], [-115.20129823564193, 50.53367880386157], [-115.20073668724774, 50.53362057227316], [-115.20012991376625, 50.53363324239275], [-115.19930013156068, 50.53382143622088], [-115.19871893379394, 50.53402308768894], [-115.198293623558, 50.53421475251511], [-115.1977664542051, 50.53452875321291], [-115.19735369458604, 50.534646282759375], [-115.19649335913539, 50.53477546210433], [-115.19457101502346, 50.53496874628448], [-115.19389619727204, 50.53507600570216], [-115.19342560202958, 50.53518023750571], [-115.19206242091228, 50.535493643849314], [-115.1916394424344, 50.53562337326418], [-115.19146030705032, 50.53573211572642], [-115.19122593043048, 50.53601344486241], [-115.1909022037833, 50.53659695437899], [-115.18997628617625, 50.538026787012456], [-115.18983591207005, 50.53829024508449], [-115.18966289249069, 50.53849200013624], [-115.18936359769842, 50.53869178669846], [-115.18894792659873, 50.53888357425776], [-115.18861235834606, 50.53901465678862], [-115.18822559506792, 50.53921307777237], [-115.18765680255173, 50.53959453443275], [-115.18719248635152, 50.539868966915556], [-115.18695965323539, 50.54002664501586], [-115.18692592678981, 50.54009045784511], [-115.18690635903097, 50.54012748419031], [-115.18690498333845, 50.54017090866552], [-115.18690262185909, 50.54024567785461], [-115.18691015722816, 50.54055554872453], [-115.186897802425, 50.54081734909258], [-115.18684013121269, 50.54111201917718], [-115.18650534517312, 50.54198031001341], [-115.18627704338378, 50.54235464444159], [-115.1858266412604, 50.5429423686902], [-115.1854066752175, 50.54330503945936], [-115.18529213284789, 50.54349391562731], [-115.18520184303647, 50.543762839178854], [-115.18516833261516, 50.54384992947678], [-115.18513431222401, 50.54393012901251], [-115.18513143604386, 50.544027097680114], [-115.18522702242015, 50.544122490080554], [-115.18533151216077, 50.54418605908716], [-115.18557961635362, 50.54438513599836], [-115.1862647786812, 50.545212400556174], [-115.18651477877664, 50.54553824473072], [-115.1866705328585, 50.54567197393688], [-115.18693472841241, 50.54621568466882], [-115.18723977980332, 50.546580709944905], [-115.18739995996309, 50.546713290241996], [-115.18793366867891, 50.54699416718019], [-115.1885120578281, 50.54733560066231], [-115.1897860965865, 50.54819536835332], [-115.19000256820306, 50.54831487809084], [-115.19022936010724, 50.548485645189665], [-115.19058483820369, 50.54885049103231], [-115.19087820647951, 50.54931347761672], [-115.19106254717465, 50.5498305152389], [-115.19116774957124, 50.55012950986513], [-115.19122560130035, 50.55040849766701], [-115.19139189653724, 50.550876400352344], [-115.19147671549307, 50.5511998454771], [-115.19150062070655, 50.55159051047186], [-115.19146736289277, 50.55197833467037], [-115.19146893626946, 50.55199861987946], [-115.19152091572471, 50.55232803879352], [-115.1915104463663, 50.552854444634235], [-115.19144429138473, 50.553057857773375], [-115.19134945349018, 50.55324843817405], [-115.19129262546936, 50.55333792916413], [-115.1912372266154, 50.55341421946822], [-115.19116951702847, 50.55350258746843], [-115.19114362717106, 50.55353637517097], [-115.19108953567046, 50.5536252767736], [-115.19100805372939, 50.55378210954794], [-115.19092340158744, 50.553960446216216], [-115.19087689108335, 50.55441195497562], [-115.19090689878479, 50.55451712878035], [-115.1909545879716, 50.55466715502781], [-115.19094816269407, 50.55483432972176], [-115.19086447330093, 50.55498790913901], [-115.19061316795539, 50.55520083953385], [-115.1901274201757, 50.55544108516034], [-115.18958116846699, 50.55565849081248], [-115.1891556720482, 50.555927800091496], [-115.1889792922116, 50.55596222567811], [-115.18858009180026, 50.5559746063755], [-115.18808465162529, 50.55596071037166], [-115.1876581881169, 50.5559231097336], [-115.18654000605913, 50.555918109901796], [-115.18579305757297, 50.55586933026954], [-115.18501552927276, 50.55585722039734], [-115.18453760571116, 50.55589313633616], [-115.18403787889035, 50.55599066605403], [-115.18376216729995, 50.5560793114162], [-115.18320905030376, 50.556299897231504], [-115.18258336130975, 50.55663706674032], [-115.18157257925391, 50.55721920125383], [-115.18148619904896, 50.557290860419435], [-115.18097149639897, 50.55757834962843], [-115.18062509720342, 50.557734020910814], [-115.18023129052729, 50.55785795726131], [-115.17969240029514, 50.55796106011375], [-115.17878584563806, 50.558015046946636], [-115.17854094783411, 50.558060775470324], [-115.17844014829993, 50.55815213045632], [-115.17841263755543, 50.55841808545045], [-115.17848772830176, 50.55893344708292], [-115.1784736957774, 50.559135538357964], [-115.17842500670682, 50.55929795648498], [-115.1777227284814, 50.56060653035579], [-115.17745707212414, 50.560936912501255], [-115.1766433812086, 50.562107427915095], [-115.17639989802743, 50.56261780323978], [-115.17608573660257, 50.56319522277446], [-115.17590793065305, 50.563583369890715], [-115.1758848073937, 50.56363093123201], [-115.17587362703674, 50.56365393130372], [-115.17582604584571, 50.56408128566672], [-115.17582165295576, 50.56412075759493], [-115.17580733640115, 50.564355512516286], [-115.17570929102308, 50.56462655724337], [-115.17566153019023, 50.564855028839474], [-115.17556427992709, 50.56617082178874], [-115.17560380876796, 50.566594919054396], [-115.17559398268314, 50.56684875104934], [-115.17555027755557, 50.567114893112795], [-115.17553544015749, 50.56737962953248], [-115.17548644789056, 50.567615248044625], [-115.17536775088581, 50.567916957473095], [-115.17525551789254, 50.568051480697434], [-115.17506649132025, 50.568160041197544], [-115.17478996948209, 50.568267223063465], [-115.17428840094067, 50.568408041913855], [-115.1736897506246, 50.56855346041416], [-115.17278773659834, 50.56872524237708], [-115.17200589940366, 50.56881831246576], [-115.17170493573303, 50.568835868398885], [-115.17146960047866, 50.568849604090914], [-115.17122556875663, 50.56886642359173], [-115.17091369049321, 50.56888789992506], [-115.17053189178468, 50.568950047880946], [-115.17034500606027, 50.56900286072886], [-115.17017218818803, 50.56909364251296], [-115.16909773572209, 50.569486867608255], [-115.16863568982156, 50.56972210142063], [-115.16811194865743, 50.56989084271557], [-115.1674912584516, 50.570091720829716], [-115.16616299952032, 50.5704318102302], [-115.1655437480166, 50.57063724265025], [-115.16514687824674, 50.570835443555225], [-115.16426147242274, 50.571315629782156], [-115.16324749817932, 50.57164188198839], [-115.16294723850298, 50.57173124991272], [-115.16251433689534, 50.571860094704974], [-115.16161867094549, 50.57208342443495], [-115.16079769536272, 50.57220177961649], [-115.16039373407834, 50.57222261170748], [-115.16012613009423, 50.572255940469006], [-115.15928498614305, 50.57245672132513], [-115.15874102618147, 50.57271433970971], [-115.15849907106586, 50.57290513981901], [-115.15820982514091, 50.57308643109934], [-115.15785366921972, 50.573229140638816], [-115.15757863710803, 50.57331814021377], [-115.15735300475427, 50.57335167031025], [-115.15693607082274, 50.573362140048125], [-115.15633560709519, 50.57333108277025], [-115.15597327795095, 50.57327857934822], [-115.15558045800006, 50.57315021158832], [-115.15547192862122, 50.57310367046591], [-115.15540313438966, 50.573074161099875], [-115.1553386964353, 50.57303668374277], [-115.15523698645316, 50.572977521634755], [-115.15517928953518, 50.572946644231436], [-115.1551345591548, 50.57292269503636], [-115.15495955876628, 50.57279296065072], [-115.15461400484669, 50.57252469533623], [-115.15442307043378, 50.57237645153885], [-115.15435269646206, 50.57232125066728], [-115.15408381748118, 50.57211676099948], [-115.15351053344527, 50.57182769598904], [-115.1532971459428, 50.57173085148389], [-115.15315678585486, 50.57166716085252], [-115.15307054513386, 50.5716280321021], [-115.15271676449778, 50.571500922273074], [-115.15239059680187, 50.57138374186752], [-115.1521150933759, 50.57132535487144], [-115.15163813331687, 50.57124788300993], [-115.15126739692715, 50.5712482445136], [-115.15082581674402, 50.57128514071672], [-115.14987845426342, 50.571313296334324], [-115.1490572872789, 50.571221134536025], [-115.1487991140412, 50.57120031502669], [-115.14852391320149, 50.571198670785506], [-115.14848479841397, 50.57120056139497], [-115.14829184893259, 50.57120991553811], [-115.14810629512174, 50.571240515730196], [-115.14806669472463, 50.571247045552056], [-115.14798900460859, 50.571266134671525], [-115.1478646546027, 50.57129670348346], [-115.14776458278405, 50.571338845400966], [-115.1477020875104, 50.571365153853456], [-115.14731862244464, 50.571546071528346], [-115.14705764757615, 50.57173017475022], [-115.14692516478502, 50.57182364564768], [-115.1463490421322, 50.57212424589108], [-115.14599005362223, 50.572287606298964], [-115.1451328870323, 50.5726067348806], [-115.14409008739493, 50.5729697608307], [-115.14315724742848, 50.57329450322443], [-115.14281892505689, 50.57343456097599], [-115.14262030640732, 50.57352835452831], [-115.142366996357, 50.573683407012034], [-115.14220256329435, 50.57381411677792], [-115.14209399790607, 50.57388792379284], [-115.14202983585656, 50.573931542799784], [-115.1419715831446, 50.573941704589615], [-115.1416308153952, 50.57400113642799], [-115.1413682350585, 50.57408936281751], [-115.14121088807534, 50.574137175363504], [-115.14090389432656, 50.574230433348895], [-115.1404537326594, 50.5743287808783], [-115.13965599629178, 50.574456704233505], [-115.13934039596941, 50.57443493576259], [-115.13891039697188, 50.57430990488962], [-115.1387581127813, 50.57425758127305], [-115.13854808619801, 50.57418542710626], [-115.13816108723584, 50.57402903356155], [-115.1378808031325, 50.57391576171093], [-115.13695467211744, 50.57340634358159], [-115.13637302145538, 50.57311467246952], [-115.1357597749129, 50.57283687230051], [-115.13522219446473, 50.57258787149731], [-115.13511626456955, 50.572538807292794], [-115.13502324517773, 50.572492918280446], [-115.13455106592833, 50.572259962544706], [-115.13415008581659, 50.57209707251599], [-115.13373372219954, 50.572000472568064], [-115.13307239917005, 50.571916104354614], [-115.13197883365277, 50.57189505279181], [-115.13153011002109, 50.57192505357612], [-115.13122846481141, 50.57192641404518], [-115.13053187089525, 50.57182853640073], [-115.12952495518974, 50.57172654308559], [-115.12922375523586, 50.571696047505405], [-115.12893429007556, 50.57163565268841], [-115.12860006958927, 50.571533336643505], [-115.12776948303637, 50.571181854435416], [-115.12721761833419, 50.571013382192056], [-115.12586252639596, 50.570764537210806], [-115.12530139789013, 50.57067817581833], [-115.12474270772066, 50.570663808467586], [-115.12411951952978, 50.57063527249437], [-115.12343659086321, 50.57055106691567], [-115.1224835280969, 50.570438609351235], [-115.12142412717223, 50.57044313734005], [-115.12125812540846, 50.570440983709354], [-115.12084537857737, 50.57043561514856], [-115.11994788152063, 50.57044414511994], [-115.11986203750487, 50.57044496402823], [-115.11957615262087, 50.57039487415538], [-115.11934559587034, 50.57034302831254], [-115.11927859175933, 50.57033720946083], [-115.11919439771947, 50.57034913899881], [-115.11904966942596, 50.57042356435325], [-115.1189659517806, 50.5705709000341], [-115.11890966252321, 50.570762029121155], [-115.11883739108609, 50.57086617751576], [-115.11874726270938, 50.57097254467977], [-115.11867259638599, 50.571032397115], [-115.11858540958205, 50.571085138607266], [-115.11841566321061, 50.5711939185046], [-115.11826995834926, 50.57129171927699], [-115.11816892698789, 50.57135952610647], [-115.1181121985476, 50.5714071765536], [-115.11807444831382, 50.57145478434426], [-115.11801115765886, 50.571577674174236], [-115.11798035252812, 50.571720473304445], [-115.11797377185792, 50.5717509394296], [-115.11791850601968, 50.57194787347461], [-115.11792557688993, 50.572108087960544], [-115.11790488107465, 50.57228838434696], [-115.11784232798496, 50.57239268779801], [-115.11773141023417, 50.57249002982721], [-115.1173948882228, 50.57263327413409], [-115.11690695138928, 50.5727859380035], [-115.11639912714097, 50.57284070068984], [-115.11592381796683, 50.57292547440758], [-115.11563761092894, 50.57295250628592], [-115.11420506168854, 50.57324413916271], [-115.11380935882754, 50.57339063034682], [-115.11351037238235, 50.57352068784503], [-115.11282861098985, 50.573756074040844], [-115.11230930666265, 50.57401932642905], [-115.11179479682552, 50.57424658482955], [-115.11147735073818, 50.574484268695386], [-115.11110819776037, 50.57467254580947], [-115.11065948667868, 50.57480198475016], [-115.1102561590946, 50.57485659791325], [-115.10985058949123, 50.57496694674099], [-115.10944889882846, 50.57510708778784], [-115.10932340847697, 50.57515086872401], [-115.10872832516279, 50.57526714028264], [-115.10839749879217, 50.57527904904591], [-115.10814272430983, 50.57528821784686], [-115.10783457657487, 50.575294011346244], [-115.10779942853436, 50.57530283731554], [-115.10726557123354, 50.57556692089796], [-115.10700951744448, 50.575643294209], [-115.1068329955636, 50.57567761154973], [-115.10637153733835, 50.57580374022356], [-115.1061590684429, 50.57586181202392], [-115.1058359559631, 50.57591232057873], [-115.10525952579675, 50.57597110772655], [-115.1048703500466, 50.575970978331114], [-115.10434728608183, 50.5759129277466], [-115.1042013570931, 50.575866165462806], [-115.10383818864148, 50.57574977839017], [-115.10352230464291, 50.57562074010726], [-115.10332011894245, 50.575567894509085], [-115.10310596957515, 50.57557061235494], [-115.10276139444879, 50.57567032207325], [-115.10243432484366, 50.575843837402736], [-115.10227420713194, 50.57592877977293], [-115.10152943360634, 50.5763673216658], [-115.10124398869644, 50.57653539928447], [-115.10087749962686, 50.57680150133485], [-115.10016055023458, 50.57707214157198], [-115.09964919398551, 50.577265166577234], [-115.09729898752998, 50.577907038872866], [-115.09656697000928, 50.57820105028797], [-115.09621407738473, 50.5783427875254], [-115.09558017564595, 50.578401439242], [-115.09432458696365, 50.57851758704185], [-115.09371439358425, 50.578574032186076], [-115.09301745920453, 50.57854452184329], [-115.09203648329334, 50.578425690983664], [-115.09127609666184, 50.57848480060709], [-115.09029309785488, 50.57865885145826], [-115.09022047795565, 50.578671702914065], [-115.0893981729532, 50.57881727825227], [-115.08929338615141, 50.57884683199857], [-115.08711883196464, 50.57946009787565], [-115.08624142556324, 50.57999511121531], [-115.0859213159438, 50.58019027864032], [-115.08453016723365, 50.5810384793119], [-115.08444703317592, 50.58109296816212], [-115.08414891539609, 50.58128840082752], [-115.08383682537391, 50.581492988877315], [-115.08277572227821, 50.5821886010045], [-115.08224523203339, 50.582558860153526], [-115.08105521249114, 50.58338945906248], [-115.08087164490573, 50.58351761397781], [-115.07954143878992, 50.58473516901643], [-115.07936187600957, 50.584872259752466], [-115.0776896644303, 50.58614885375183], [-115.07680816622758, 50.58645453048414], [-115.07645999408234, 50.58657526011451], [-115.07575665598414, 50.586819164308444], [-115.0747277734631, 50.58674927281176], [-115.07378446377835, 50.58654338266489], [-115.07306343592394, 50.58626830645775], [-115.072861095029, 50.58621207938723], [-115.07219572125356, 50.58602723450415], [-115.07172771406948, 50.58588423426884], [-115.0688954110897, 50.585018751156326], [-115.06753593382604, 50.58460330021631], [-115.06729429998745, 50.58452945441329], [-115.0671307324541, 50.58447946210314], [-115.0666177181583, 50.584286771004756], [-115.06592445440221, 50.58382730028337], [-115.0656004357322, 50.58358658989264], [-115.0652760102125, 50.583345616114165], [-115.06479651844896, 50.582989384067915], [-115.06362323553505, 50.582117680803904], [-115.0630055183104, 50.58152199083936], [-115.06236945885742, 50.58051964157703], [-115.06176347772096, 50.57961925453107], [-115.06149645139625, 50.579222480614845], [-115.06058389677573, 50.57806647451364], [-115.06033418138, 50.57785419070928], [-115.05969705006571, 50.577312635317234], [-115.05868074785941, 50.57674977117006], [-115.05833637858336, 50.57655905452706], [-115.05762320496505, 50.57609806112398], [-115.05718867635001, 50.57561066170827], [-115.05674709532072, 50.574996184824194], [-115.05499938490934, 50.57293646230288], [-115.05457198559837, 50.572432732969375], [-115.0537683975212, 50.571728591598486], [-115.05291991428818, 50.572481532588334], [-115.05222227514966, 50.57350168100144], [-115.05130770712307, 50.57494421797023], [-115.05110874501946, 50.57512933281471], [-115.05004315936684, 50.575455875856385], [-115.0498158353135, 50.57552125558532], [-115.0485372478986, 50.575888915341274], [-115.04672150561458, 50.57641101815274], [-115.0451740682058, 50.576855933436285], [-115.04416102164572, 50.577155618826424], [-115.04006447367445, 50.57836736686027], [-115.03526013640428, 50.579744878340826], [-115.03444431230733, 50.580137929640316], [-115.03353833648578, 50.580736665126466], [-115.03320010437318, 50.580960194529624], [-115.03220095723094, 50.581489503728726], [-115.03186536161786, 50.581667283623574], [-115.03123485298816, 50.581968078977155], [-115.0306805381772, 50.5821941292609], [-115.02996649227963, 50.58251659486561], [-115.0295472471713, 50.58276971031233], [-115.02910886634147, 50.583130910548824], [-115.02895327171153, 50.58318746509287], [-115.02860702690388, 50.583264917264316], [-115.02769033661329, 50.58354677473869], [-115.02614424638608, 50.58375602744676], [-115.0256757352058, 50.583791460075965], [-115.02517647151468, 50.58386355021524], [-115.02438928420388, 50.58407324110346], [-115.02335007212389, 50.58426006634048], [-115.02271001430593, 50.584441266773574], [-115.02253188417886, 50.58451257537865], [-115.02230900093844, 50.58459105909656], [-115.02218980143859, 50.584613046516154], [-115.02202528446165, 50.58464337697519], [-115.02199724432904, 50.58464079480943], [-115.02191435624043, 50.58463317579364], [-115.02185294265986, 50.584615220830486], [-115.0218321106141, 50.58460913034137], [-115.02121980063816, 50.584367130274366], [-115.021001271251, 50.58428075613482], [-115.0201694507792, 50.58410959608893], [-115.01955634247336, 50.58395095124582], [-115.01952744540603, 50.583938756505646], [-115.0194982459029, 50.583926441252466], [-115.01849497287144, 50.58359473827393], [-115.01804669024416, 50.58346064009838], [-115.01732419155786, 50.58329315658222], [-115.01707402390495, 50.583221066595016], [-115.01687784541936, 50.58314339027688], [-115.01668768306371, 50.58303793800701], [-115.0165723028829, 50.5829630601536], [-115.0165181542327, 50.58290593129936], [-115.01648214213073, 50.58283619541119], [-115.01637524521591, 50.58260206112436], [-115.01629033368991, 50.58246688069285], [-115.01619110213713, 50.58235422104904], [-115.01606306819846, 50.58215997737786], [-115.01603094169886, 50.582052576815634], [-115.0160041998034, 50.58189755031148], [-115.01602746405034, 50.581273480372644], [-115.01601397863894, 50.58101614997528], [-115.01581750712198, 50.5803685061052], [-115.01574879727224, 50.57992128687565], [-115.01549152100876, 50.578869932016396], [-115.01543457885325, 50.578590822475334], [-115.01527913793714, 50.5776768482258], [-115.01524579819991, 50.57756897069516], [-115.01517213815572, 50.57744580932406], [-115.0149119526548, 50.57715639567693], [-115.01472408681683, 50.57688433785612], [-115.01464537163801, 50.576671738213086], [-115.01461986631125, 50.576543375681965], [-115.01461537038394, 50.57646059528024], [-115.01461617643002, 50.576398976385626], [-115.01463017085867, 50.57633973097886], [-115.01465346194544, 50.57627162079477], [-115.01472247936464, 50.57606969964985], [-115.01472712001238, 50.575999878820696], [-115.01471939652075, 50.57594275757836], [-115.01466650567208, 50.575771757461006], [-115.01458249940983, 50.57541957548178], [-115.01456441604248, 50.57520257590653], [-115.01450422103007, 50.574871022227164], [-115.01433411768099, 50.57454477036985], [-115.01423379643842, 50.57420525931025], [-115.01426576883348, 50.573908441445084], [-115.01434419539524, 50.5737031509015], [-115.01447795191005, 50.57349076938358], [-115.01455513894695, 50.57327526031419], [-115.0147056670638, 50.572568259566204], [-115.01473639455101, 50.57220658936985], [-115.01473713812065, 50.57195448554098], [-115.01473299409456, 50.571730950647], [-115.01473124113541, 50.571636549612165], [-115.01471899622913, 50.571529518443505], [-115.01466142218224, 50.57133784781678], [-115.01461733661841, 50.57110802197846], [-115.01451217533047, 50.57083364635432], [-115.0143143947287, 50.5705065753817], [-115.01421328414092, 50.57037868612452], [-115.0141036604832, 50.570162899390674], [-115.01405261338192, 50.570025085877575], [-115.01396831853195, 50.56965968508956], [-115.01386368611412, 50.56937293099388], [-115.0137293674545, 50.569098059626654], [-115.0135914080815, 50.56890984719896], [-115.0128625484051, 50.56843277548224], [-115.01250730451443, 50.56809217664821], [-115.01236039493244, 50.56788524141038], [-115.01221821829007, 50.567566860677374], [-115.01200086360633, 50.56718524741314], [-115.01162902707884, 50.566767775511785], [-115.01144617508842, 50.56650050489832], [-115.01085814681693, 50.56591433143076], [-115.01074937409626, 50.565799330357855], [-115.01069183715136, 50.56570704134484], [-115.01064614876707, 50.565652118422584], [-115.01062065679564, 50.565621466939774], [-115.01058426449504, 50.5655349950548], [-115.01057356588235, 50.5655095369536], [-115.0104515145213, 50.56529407881071], [-115.01026979338594, 50.565116750542806], [-115.00985380459731, 50.56476502694736], [-115.00978985577383, 50.564703607752044], [-115.0097530581501, 50.564668266105016], [-115.00949634662416, 50.564323440884074], [-115.0094722061126, 50.56429102206579], [-115.00918829613548, 50.563942085025566], [-115.00901623836377, 50.5638710077368], [-115.00813333361555, 50.56358953117586], [-115.00787651499788, 50.56354695088135], [-115.00773036548591, 50.56345873107185], [-115.00759979183617, 50.563326395261306], [-115.00726674754566, 50.56281042068229], [-115.00714239217342, 50.56264330600711], [-115.00705412745563, 50.56243115653502], [-115.00698668157057, 50.56201900912405], [-115.00698625557796, 50.56173615037827], [-115.00693711361347, 50.561518467210576], [-115.00681545495618, 50.5611756592463], [-115.00660002314272, 50.560750685277185], [-115.00631761090214, 50.56029980919423], [-115.00599116418063, 50.559987422149774], [-115.00546037084281, 50.559586666725046], [-115.00526520395897, 50.5593726854033], [-115.00511860957661, 50.55915953832349], [-115.00414569899436, 50.558250775750146], [-115.0040627496746, 50.558174595688385], [-115.00383783531144, 50.55796802091014], [-115.0036731445317, 50.55773646692795], [-115.00347256275597, 50.55726795099893], [-115.00342387848808, 50.55715426003619], [-115.00326921576074, 50.55698730569099], [-115.00289527910934, 50.556604660591326], [-115.00282276225627, 50.55656517006806], [-115.00252311214432, 50.55640202197967], [-115.00232906015495, 50.556323156570485], [-115.0021874329715, 50.556205659451884], [-115.00214214420703, 50.5560716207302], [-115.00213152262823, 50.55604019513997], [-115.00212205226943, 50.555919228081166], [-115.00212587339826, 50.55578415740978], [-115.00216065146915, 50.55535304138723], [-115.00211729877321, 50.555228389851536], [-115.00197738061543, 50.55495780842877], [-115.00190929904824, 50.554859305497985], [-115.00186353077876, 50.55483233205955], [-115.00169872420436, 50.554735221413985], [-115.0012655688789, 50.55439884048258], [-115.00102045953632, 50.554208479763425], [-115.00050836728363, 50.55391722096249], [-115.00022038672287, 50.55372977728206], [-115.00013005733693, 50.55360428654952], [-115.00007456694111, 50.55352719667586], [-115.00005496862615, 50.55345133212692], [-115.00001149047348, 50.55328295714916], [-115.0000089089948, 50.55311255067868], [-115.00002982017412, 50.55279345957941], [-115.00002425894655, 50.55248431892212], [-114.99996883222747, 50.55232686601131], [-114.99978265890353, 50.55213559574346], [-114.99958489017429, 50.55199895727262], [-114.99899429746053, 50.551675196767924], [-114.9988150962363, 50.55155577700615], [-114.99864556691736, 50.55140770588104], [-114.99855096047901, 50.5513252598969], [-114.99845808875502, 50.551233266457], [-114.99833876150879, 50.55102177710892], [-114.99821959783888, 50.55076970487932], [-114.99780614185401, 50.550334499317024], [-114.99763501792961, 50.55014691811888], [-114.99742994160283, 50.54983806086932], [-114.99723269656045, 50.54952675809848], [-114.99694067676988, 50.54922309980461], [-114.99662084935015, 50.54899566085101], [-114.99643849469521, 50.54892649881047], [-114.99599487619804, 50.54882684842797], [-114.99549537996788, 50.5486645890678], [-114.9951129405184, 50.54851268605154], [-114.99491795817019, 50.54841504081984], [-114.99480841706377, 50.54822488679184], [-114.99458223009206, 50.547814221068016], [-114.99376969274162, 50.54753275684909], [-114.99329079751742, 50.54742122206798], [-114.99317935794194, 50.547278022479546], [-114.99307841536987, 50.54706037665813], [-114.99298589251723, 50.54691504755553], [-114.9929366739031, 50.54683771885296], [-114.99278498358011, 50.54653190638967], [-114.99272892685286, 50.545788840610214], [-114.99253285433385, 50.5449005051745], [-114.99229925375414, 50.544351369840214], [-114.99224951926195, 50.544119556593294], [-114.99216043417407, 50.544033996384144], [-114.9915853831342, 50.54354150514444], [-114.99104633810745, 50.54281093122213], [-114.99091964797651, 50.542699287193656], [-114.99075391780981, 50.54260247927039], [-114.9903958334923, 50.5424435504203], [-114.98983031687582, 50.54207902900282], [-114.98937653765397, 50.5418548671226], [-114.98848212482308, 50.541383440916704], [-114.98770096312077, 50.54116848116178], [-114.98700083307266, 50.541041906322455], [-114.98679557448965, 50.540946686152154], [-114.98652907100244, 50.540748758129006], [-114.98625138215543, 50.540610989860035], [-114.98580155520901, 50.54033279578893], [-114.98566869089012, 50.54022488072358], [-114.9855228465153, 50.540128686740296], [-114.98503058152566, 50.53985239710625], [-114.98463199260128, 50.53960266737984], [-114.98425479296365, 50.53944684253168], [-114.98386760531629, 50.53932682239925], [-114.98332663192814, 50.53900635879393], [-114.98305787023594, 50.53879115754583], [-114.98301403267224, 50.53863457056822], [-114.98301430140071, 50.53845237787441], [-114.98292395311685, 50.538304977007336], [-114.98251019225026, 50.53800282226657], [-114.98241359774421, 50.537864132571805], [-114.98224120628602, 50.53769564819233], [-114.98198236053136, 50.53754219648586], [-114.98133493383597, 50.53710646855505], [-114.98065779820722, 50.53647604268216], [-114.98057513418547, 50.53637839723137], [-114.98055904276683, 50.5362440234395], [-114.98049231329504, 50.535956860762816], [-114.98041297973333, 50.53570793960093], [-114.98027571288232, 50.53550062967007], [-114.98012708069221, 50.53539424217574], [-114.97992330075215, 50.53531130690562], [-114.97986482392507, 50.535267771984486], [-114.97954944986427, 50.534877886524285], [-114.97940504183491, 50.53457737799563], [-114.97920733333552, 50.53428353181064], [-114.97886300919903, 50.533935589641146], [-114.97881364831181, 50.533904622599636], [-114.9787749015052, 50.53386366200096], [-114.97875466228983, 50.53381922299658], [-114.9787471705815, 50.5337478426271], [-114.97874770140511, 50.53360317738995], [-114.97874760397482, 50.53324195126698], [-114.97875255256669, 50.53315482331885], [-114.97877255745912, 50.53294699670794], [-114.97882157814814, 50.5326761903901], [-114.97879966020759, 50.532428932032815], [-114.97876204033514, 50.532175750886054], [-114.97874755215186, 50.53213202186619], [-114.97872320920415, 50.53208073191011], [-114.97869240797365, 50.53203379703031], [-114.9786232855101, 50.53196386822042], [-114.97861228143901, 50.53191333822058], [-114.9788030104568, 50.53144155788319], [-114.97885759018712, 50.53119099715424], [-114.97884307945988, 50.531078222876715], [-114.97876213750946, 50.53089037775686], [-114.97876240325732, 50.53082035188993], [-114.97878115793478, 50.530760441828434], [-114.97885622067709, 50.53062333301602], [-114.97889428721068, 50.530512822874826], [-114.9789054417997, 50.53038402269081], [-114.97889186786995, 50.530190260913336], [-114.97884462713155, 50.53006675825671], [-114.97871720738355, 50.52992215777897], [-114.9785913496398, 50.52973982293986], [-114.97838584755998, 50.52933333875588], [-114.97793124091201, 50.52855019085431], [-114.97748315077362, 50.52787866784134], [-114.97726835754398, 50.52758790063062], [-114.97716328487246, 50.52731137677581], [-114.97698735609139, 50.5270696223916], [-114.97689475051007, 50.52697437795634], [-114.97682346422526, 50.52687055830978], [-114.97676628513854, 50.52676359074196], [-114.97647914821935, 50.52615602178025], [-114.9761437564037, 50.525654687613795], [-114.97585014798902, 50.525350776912795], [-114.97572240101704, 50.52518233854927], [-114.97548364553342, 50.52489399025742], [-114.97519886551602, 50.52439866839479], [-114.97493717372355, 50.5239742872446], [-114.9745619474019, 50.523557680985405], [-114.97429255295698, 50.523302899679564], [-114.97412383754761, 50.52305000970125], [-114.97408168378458, 50.522878371190586], [-114.97369608377088, 50.5226450416075], [-114.97321116635302, 50.522392107202556], [-114.97306268417738, 50.5222661963307], [-114.97288192877254, 50.52201030577218], [-114.9725502428996, 50.521639770454186], [-114.97229443685409, 50.52142977032954], [-114.97205162405243, 50.52130693237568], [-114.9715975724645, 50.52096948764163], [-114.97131601655708, 50.52056933254924], [-114.9711764358358, 50.52048482310458], [-114.97101779178847, 50.520416519262724], [-114.970343042909, 50.52023028019673], [-114.97016226341286, 50.52020939731504], [-114.97004583730764, 50.520174519039834], [-114.97000606279043, 50.520097049560654], [-114.96996522222, 50.51990735134044], [-114.96994043568252, 50.5196328673697], [-114.96984284330401, 50.519329842742536], [-114.96969652521155, 50.519044377987456], [-114.96952209382404, 50.51890270588858], [-114.96928609341086, 50.51878577122541], [-114.96856395233391, 50.51852666720434], [-114.96847596377127, 50.51846108158399], [-114.96831509370408, 50.51812095885265], [-114.968158472767, 50.51763075880117], [-114.96812626171359, 50.51744799698568], [-114.96789429294262, 50.51718646860236], [-114.96780601687651, 50.51705899664788], [-114.96776497157016, 50.51687177163268], [-114.9675451895327, 50.51667392021268], [-114.96712647951915, 50.516308661944194], [-114.96674803343603, 50.515794796453754], [-114.96631677061696, 50.51510433318326], [-114.9662066798181, 50.514790919282746], [-114.96612570396972, 50.51468842338581], [-114.965864311178, 50.51456880944031], [-114.96573894935442, 50.51450059805562], [-114.96565704161831, 50.514467157807836], [-114.96517056890066, 50.514275713179366], [-114.96447090568812, 50.51410735775361], [-114.96443198736388, 50.514096132190794], [-114.96407278790343, 50.51399259765669], [-114.96396694902916, 50.51369202320061], [-114.96393474421504, 50.51341840985153], [-114.96374255019711, 50.513036861862666], [-114.9636963285807, 50.5129241204451], [-114.96357921331088, 50.512739797651015], [-114.96355614369259, 50.512557022879186], [-114.96351339552832, 50.5121749525376], [-114.96338481243586, 50.51188046120021], [-114.96298537982463, 50.511403042546256], [-114.96274323161344, 50.51110546256466], [-114.96263603745562, 50.51094991389502], [-114.96259119473478, 50.51081931367321], [-114.96259672292729, 50.5103439717332], [-114.96255198606279, 50.51022310072192], [-114.96174305847373, 50.50976324205743], [-114.96154542011962, 50.50954131253445], [-114.96148143931443, 50.509424377161785], [-114.96116619418012, 50.50879697878526], [-114.96086250768361, 50.508502559102254], [-114.96074090300453, 50.5082257980207], [-114.96062325761919, 50.508079023034504], [-114.96058321147723, 50.50797215912362], [-114.96071299844178, 50.50772399749278], [-114.9608188304123, 50.507361087025956], [-114.96096336678336, 50.506796810772094], [-114.96085379314336, 50.50667828165163], [-114.96064372001653, 50.50657213237132], [-114.96050043093275, 50.505918306703904], [-114.96035239774346, 50.50549302302049], [-114.9599790897063, 50.50512475242479], [-114.959869469708, 50.50500846794557], [-114.95975618380662, 50.50480084227796], [-114.95962763502006, 50.50432504869759], [-114.95939390040942, 50.50404799695531], [-114.95929344867156, 50.50393450054033], [-114.95925305533595, 50.50378291972552], [-114.95876595752762, 50.50320470643031], [-114.95829530162327, 50.50277861065368], [-114.95800113746508, 50.50253780976753], [-114.9577581763268, 50.50235186805844], [-114.95743073821836, 50.50228926190418], [-114.95687585349793, 50.50214613335099], [-114.95633077824806, 50.50197619694471], [-114.95628953903265, 50.50190950743535], [-114.95626703529321, 50.50181306149152], [-114.9562729368684, 50.50170364192556], [-114.95624600813302, 50.5015079335955], [-114.95613422760643, 50.50123333210401], [-114.95606587453365, 50.50111482288207], [-114.95593164659098, 50.50097163006382], [-114.95564887320695, 50.50078410696555], [-114.95542941521454, 50.500509920731915], [-114.9552903194269, 50.50020759754114], [-114.95518943391937, 50.50004379040476], [-114.95504884697056, 50.49971053326312], [-114.95488911867285, 50.49949188694031], [-114.95458847350847, 50.49927075814823], [-114.9540914524729, 50.49894906156067], [-114.95386313808977, 50.49876337828807], [-114.95363165410382, 50.498569558320966], [-114.95324391790734, 50.49841075946651], [-114.9526705436729, 50.498224391326005], [-114.95252100826164, 50.498173210163955], [-114.95204914167911, 50.4979220685844], [-114.95179142760065, 50.49776466788865], [-114.95147671711868, 50.497543287648206], [-114.9512473365966, 50.497305429438846], [-114.95115573506867, 50.497141939300136], [-114.95105645177196, 50.49681821138988], [-114.9510636270891, 50.496652867908125], [-114.95106436259199, 50.49644064255834], [-114.95093826552839, 50.49596717890302], [-114.95083574102857, 50.49574235211489], [-114.95047301318041, 50.49544637901868], [-114.95047196100846, 50.49541128712418], [-114.95073505086674, 50.495138030227594], [-114.95079525036411, 50.49503835221246], [-114.95086876004663, 50.49470868701195], [-114.95095322460395, 50.49400871993145], [-114.95094970211514, 50.493882733247396], [-114.95093460604498, 50.49384650002225], [-114.95082558117606, 50.493700700855804], [-114.95068087109885, 50.49357944257381], [-114.95051287008046, 50.49343439183882], [-114.95026630294463, 50.493268171830536], [-114.94968631539014, 50.492988151780224], [-114.94934582439942, 50.49271235925864], [-114.94917833455014, 50.49253133903604], [-114.94884212160915, 50.49229877873752], [-114.94871767072752, 50.492242630175355], [-114.94825804870892, 50.492113119898626], [-114.94813453523453, 50.49202370063056], [-114.94802906986548, 50.49177148876956], [-114.94792986289431, 50.49155424871442], [-114.94786489617199, 50.491427197940304], [-114.94782848127946, 50.49129166146391], [-114.94784014074817, 50.49069830732664], [-114.94787456037625, 50.49055502385257], [-114.94797452142497, 50.490363429374305], [-114.94764129322036, 50.490083262494004], [-114.94714660361545, 50.48984068784032], [-114.94689737741962, 50.489683423886], [-114.94629044148652, 50.48937593931055], [-114.94620586784399, 50.48929888864748], [-114.94599382205212, 50.489064932400076], [-114.94583828075953, 50.48893766924092], [-114.94572022946855, 50.48886044249302], [-114.94541622971448, 50.48873097898088], [-114.94497053900297, 50.48860619813646], [-114.94381700418344, 50.48822608789165], [-114.94358222956215, 50.488114024171196], [-114.94337049435462, 50.48804372038081], [-114.94223551977196, 50.48788515202146], [-114.94159373059176, 50.48773170820235], [-114.94101955815053, 50.4875794683149], [-114.94063406674591, 50.48749710190043], [-114.94044020896693, 50.487428934152035], [-114.9396106454489, 50.487043702257154], [-114.93945966707055, 50.486961901415334], [-114.93928242733952, 50.48682386866601], [-114.93899289270794, 50.486674843814384], [-114.938159917282, 50.486405431209285], [-114.93806520023873, 50.486289687934175], [-114.93807455520411, 50.485998463293384], [-114.93809407842906, 50.485550940906535], [-114.93819786520679, 50.4851750623834], [-114.93838069059247, 50.48473224368164], [-114.93837476881176, 50.48440637817797], [-114.93837155437157, 50.48423024952892], [-114.93822541898068, 50.48383195298231], [-114.93808536902631, 50.48355248155978], [-114.93792529138184, 50.48327984412057], [-114.93775802073725, 50.482848797713515], [-114.93774580057097, 50.482623758810874], [-114.93766948992207, 50.48209899869211], [-114.93746692974022, 50.48158457834137], [-114.93687819902473, 50.48053992122153], [-114.93677062480234, 50.48042110185481], [-114.93617013545654, 50.47996977890204], [-114.93540143681466, 50.47949748855459], [-114.93524965651922, 50.47942285043283], [-114.93501613507769, 50.47933595949937], [-114.93460348851961, 50.47923150819366], [-114.93415251465676, 50.47910119102321], [-114.93368762462588, 50.478837533563016], [-114.93321690812097, 50.47861397911886], [-114.93323621726401, 50.478406843518876], [-114.93342744361317, 50.47801811373153], [-114.93375158512369, 50.4775670117606], [-114.9338157342072, 50.47740088247683], [-114.93385175375651, 50.47722166285682], [-114.93382342330781, 50.476954940461276], [-114.93381583755858, 50.47675336030143], [-114.93390666121539, 50.476287333975904], [-114.93391450822878, 50.476107598073284], [-114.93388021563379, 50.47591273421389], [-114.93368638323834, 50.47563946860405], [-114.93354317129214, 50.475368952238185], [-114.93339869478284, 50.475010248985406], [-114.93324517160477, 50.47477008191958], [-114.93317538282002, 50.474637558674466], [-114.93306592695906, 50.474239914811236], [-114.93298809479393, 50.474085643064825], [-114.932676776594, 50.47379233302841], [-114.93253489412506, 50.47368328919868], [-114.93206820416323, 50.47320593994418], [-114.93185873118634, 50.47308528937148], [-114.93097425427423, 50.472440043529495], [-114.93064257011508, 50.47229026355608], [-114.92972300109236, 50.47204906232824], [-114.92936316893443, 50.471898759670715], [-114.92915823457965, 50.47175123135866], [-114.92903740206631, 50.47161417961996], [-114.92894630392287, 50.47144168184053], [-114.92888966082933, 50.47112590745704], [-114.92887428456677, 50.47075690186668], [-114.92888548526196, 50.47037217867167], [-114.92886462195843, 50.46994733296733], [-114.92884072390808, 50.469668120396214], [-114.92873869242848, 50.46942348196339], [-114.92853888346572, 50.46915912155802], [-114.92797070481681, 50.46861839795311], [-114.92780382107074, 50.468491308336155], [-114.9275105814936, 50.468365579358576], [-114.92715769124553, 50.468121862607006], [-114.92694637365332, 50.467927443315105], [-114.92644614135068, 50.467573178326134], [-114.92591943147639, 50.46737314125782], [-114.92546983763734, 50.467214044045484], [-114.92534417909172, 50.46715168857085], [-114.92524770214344, 50.467085979656495], [-114.9245661422306, 50.46656119887977], [-114.92425174906467, 50.466339752986606], [-114.92414345158664, 50.46623888804552], [-114.92402267059238, 50.46608924429235], [-114.92384983646285, 50.4658649332243], [-114.92360272170303, 50.465716624216654], [-114.92324372750677, 50.46554833973963], [-114.92294963064512, 50.46536681226099], [-114.92233054588104, 50.46502479806351], [-114.92185667023988, 50.46464939874831], [-114.92131568285319, 50.46420987056729], [-114.92092394552584, 50.46382515349172], [-114.92083344876707, 50.46369222524525], [-114.92068114579843, 50.46330998034555], [-114.92051708678486, 50.46314338013742], [-114.92011803534012, 50.46297796098693], [-114.91989932058117, 50.46277259956013], [-114.91972437813651, 50.46258510883848], [-114.91958694483239, 50.462506211600115], [-114.91934997133369, 50.462448024589165], [-114.91878459073048, 50.46241271432654], [-114.91854943451496, 50.46238873510475], [-114.91817208056884, 50.46231902485662], [-114.91761529932901, 50.46208781205516], [-114.91738486773698, 50.4617527215286], [-114.91723521653219, 50.46143887038952], [-114.91704064675926, 50.46086517883139], [-114.91706309958224, 50.460034611761806], [-114.91703655854566, 50.459740954299946], [-114.91699972548079, 50.459501069593145], [-114.91668429788298, 50.458716579006804], [-114.91657323517198, 50.45830628924481], [-114.91643896252992, 50.458016090082154], [-114.91632631679697, 50.45783421150994], [-114.91591700769018, 50.45745452078577], [-114.91553507745806, 50.45704115311091], [-114.9151957034366, 50.45674907060288], [-114.91491321267813, 50.456573134276745], [-114.91459108366989, 50.45640186278313], [-114.91434838921752, 50.45628237412293], [-114.91416818724123, 50.45615143116193], [-114.91368372282899, 50.455890915351816], [-114.91358332307895, 50.4558153600596], [-114.91350400818483, 50.45569702547337], [-114.91346964693861, 50.45550573382754], [-114.9134932785148, 50.455301121219634], [-114.91351140575078, 50.454941715613884], [-114.91348775374924, 50.45471105046262], [-114.91344607698466, 50.45444228960735], [-114.91339925214359, 50.454225611833344], [-114.91331240586254, 50.45389488948138], [-114.91326691715196, 50.45351995447089], [-114.91330793409031, 50.45311239976476], [-114.91329979393021, 50.453029502989445], [-114.91323387793778, 50.452735134788995], [-114.91317112142364, 50.452496578787304], [-114.91312285082182, 50.45224928851859], [-114.91309036141895, 50.45197531424653], [-114.9130181851223, 50.45169522475769], [-114.9129287543732, 50.451486759647196], [-114.91278341140634, 50.45126831453628], [-114.91246921194045, 50.45103421181387], [-114.91222254151532, 50.45088948275242], [-114.9114899870345, 50.450570522085506], [-114.91110061083751, 50.45045557889493], [-114.91019401171785, 50.45025039281864], [-114.90929395271058, 50.450012934485926], [-114.90881709413198, 50.449901798510204], [-114.90837309541305, 50.449748102058926], [-114.90786861058665, 50.44956093414432], [-114.90728940984376, 50.44940659381497], [-114.90680042910562, 50.449262870918005], [-114.90637282846157, 50.449057303487876], [-114.90605347321956, 50.44895259863832], [-114.90590180865641, 50.448877921913386], [-114.90576502846619, 50.44878551504155], [-114.90564311859593, 50.448675392458085], [-114.90541775274646, 50.44835655523144], [-114.9052012922338, 50.44815478064424], [-114.90481038457301, 50.44787250944211], [-114.90419120990771, 50.44747639960711], [-114.90372531852444, 50.44712984446023], [-114.90319744886641, 50.44682350268841], [-114.9029457390325, 50.44660312299327], [-114.90267006050254, 50.44614846339413], [-114.90238722664424, 50.44585555530265], [-114.90199563932222, 50.44558944509633], [-114.90186871746954, 50.44547744470379], [-114.90176329143264, 50.44531365060283], [-114.90161084129254, 50.44511842624607], [-114.90147038120664, 50.444930625333654], [-114.90061727209427, 50.44414533575598], [-114.90032669135907, 50.44371017389497], [-114.90014873018116, 50.44328786386022], [-114.90002924061605, 50.443123825733245], [-114.89957344488916, 50.44260293530468], [-114.89919651595937, 50.4422093807074], [-114.89899898087373, 50.44190002498903], [-114.89885931087652, 50.44155573540697], [-114.8988014384247, 50.441324444970135], [-114.89878835449828, 50.4409842509396], [-114.89876253440559, 50.4408794713504], [-114.89869656151704, 50.440779342428854], [-114.898602039383, 50.44068769073326], [-114.89770611484002, 50.44010845172985], [-114.89719140003295, 50.439710592862184], [-114.89693341933452, 50.43956922554497], [-114.89663660484442, 50.439454115919446], [-114.89530280600853, 50.438865115260164], [-114.89482025793629, 50.43863151631938], [-114.89385460583944, 50.43822904513301], [-114.89370078433207, 50.43815250420734], [-114.89300455173506, 50.437898813597585], [-114.89249444334244, 50.43765211601387], [-114.89214116605487, 50.437489201144864], [-114.89167361605466, 50.43729902600159], [-114.89120350653562, 50.43716636245494], [-114.8908401981961, 50.43703924581008], [-114.89021231296655, 50.43684434199855], [-114.8898727594874, 50.436790503525586], [-114.88982955240397, 50.436774426414125], [-114.8896123848781, 50.43666615610738], [-114.88926214572241, 50.436550052022994], [-114.88900124141766, 50.43647515551831], [-114.88868280357883, 50.436352433047816], [-114.88840295229585, 50.436363517390966], [-114.88778804089405, 50.43657355611879], [-114.88718808577755, 50.436711923569305], [-114.88707057590408, 50.43674575518808], [-114.88693039569293, 50.43680615613024], [-114.88639302319167, 50.43709673715529], [-114.88616816523962, 50.43716099515231], [-114.88541784053557, 50.43730019414358], [-114.88450586603965, 50.437538975655016], [-114.884260505754, 50.43762084548613], [-114.88370854303, 50.43785898138541], [-114.88298953122649, 50.4380652918463], [-114.88240053028608, 50.43819844714987], [-114.88214896303765, 50.438229827815796], [-114.88168214282939, 50.438327401354854], [-114.88087063996359, 50.43858598142764], [-114.87872464012537, 50.43890469223554], [-114.8782232717153, 50.43909338222934], [-114.87757759597716, 50.439410724419055], [-114.87678142012946, 50.4398404468973], [-114.87654028512259, 50.439904375730976], [-114.87647082073134, 50.43990849280387], [-114.8763828397566, 50.439830143698686], [-114.87642846609573, 50.439476924169824], [-114.87629979539479, 50.43927400285545], [-114.87613737465567, 50.439127138013085], [-114.87593230418675, 50.43897767233543], [-114.87547201891935, 50.43857532537716], [-114.87538117604274, 50.43840277589276], [-114.87528348405564, 50.437874402959515], [-114.87531369072309, 50.43770902770521], [-114.87545162011669, 50.43745973781334], [-114.87555657603833, 50.43731775723303], [-114.87560321378983, 50.43721967346166], [-114.87562412997444, 50.43706716285249], [-114.87557952847763, 50.43680553702322], [-114.8755891996263, 50.436589866390264], [-114.87569174849648, 50.436187028273714], [-114.87570267219192, 50.43580587209504], [-114.87584341810371, 50.43549367238151], [-114.87589372883713, 50.4353863632796], [-114.87592520122469, 50.43523975684904], [-114.87574654218038, 50.434964886580815], [-114.87566049112502, 50.43473665280373], [-114.87550748383926, 50.434254486686584], [-114.87542179226939, 50.43404156235487], [-114.87520032315199, 50.43364178341344], [-114.87512429107814, 50.43337866602837], [-114.87517021877306, 50.43305664666434], [-114.87516988179375, 50.43248733689258], [-114.87520319982266, 50.432120995582515], [-114.87518049059695, 50.43174824768027], [-114.87508878008167, 50.43141829274392], [-114.87496739741822, 50.43116153771597], [-114.87485728125189, 50.430928382969356], [-114.87467199073143, 50.43066417593442], [-114.8741936875312, 50.43014005305017], [-114.87399995227422, 50.429950338046204], [-114.87352710728477, 50.429555827102476], [-114.87291319828198, 50.429053491439], [-114.87261650713378, 50.42877374387162], [-114.87237117952851, 50.428581266919586], [-114.87196097194264, 50.428309317641556], [-114.87151379180845, 50.428045673492996], [-114.87099963506665, 50.42776822756666], [-114.87031454380518, 50.42728435628291], [-114.8697225395729, 50.42692271218085], [-114.8693605950259, 50.42665435608824], [-114.86895463502059, 50.42660191856066], [-114.86835323423274, 50.426562962884205], [-114.86816801673079, 50.42656046614847], [-114.8676913048045, 50.42651571203557], [-114.86752730675221, 50.42651109352237], [-114.86733919508607, 50.42651822795405], [-114.86697166063844, 50.426567962996714], [-114.86609310479994, 50.4266751567256], [-114.86568350550706, 50.426703582982746], [-114.8653065700595, 50.426683145146185], [-114.8650106596056, 50.42663722885511], [-114.86478799022204, 50.426579164627164], [-114.86449006047924, 50.42636770534682], [-114.86389772492963, 50.42613913810443], [-114.86353491684675, 50.42595347401687], [-114.86336892322748, 50.42588746799276], [-114.86306308389314, 50.42580087405486], [-114.86292700670332, 50.42574709353203], [-114.86278739492923, 50.42566987330432], [-114.86236425779951, 50.42537426666092], [-114.86185549715323, 50.425104066925066], [-114.86177623176921, 50.42505284825119], [-114.86171968407946, 50.424993629401364], [-114.86165518788908, 50.4248512292245], [-114.86092238709173, 50.42361813744208], [-114.86080278849487, 50.422774093752565], [-114.86078329775208, 50.42265592540931], [-114.86058559274677, 50.42234557643461], [-114.86038719385843, 50.422068067132514], [-114.86037431550638, 50.42203588739518], [-114.86062094704246, 50.42157366696329], [-114.86085194689646, 50.420822454302204], [-114.86144612280147, 50.42075159578707], [-114.86167516630458, 50.42072522817435], [-114.86198577338293, 50.42065451168372], [-114.862731812304, 50.42034450630744], [-114.86284758624066, 50.42027469291843], [-114.86303495387622, 50.42004160148636], [-114.86340843125687, 50.41970044760783], [-114.86349890222738, 50.41956720195488], [-114.86362832193132, 50.419307867452865], [-114.8639661751246, 50.418995712324495], [-114.86452243272754, 50.41858506675076], [-114.8647033208581, 50.41845619536147], [-114.86485288474739, 50.41826108552378], [-114.86491804454543, 50.41806442720959], [-114.86490165668151, 50.41754156320882], [-114.86489819212561, 50.41725461576381], [-114.86487405816088, 50.416841344272], [-114.86486024480936, 50.41653440241092], [-114.86488763094785, 50.41628938262771], [-114.86504843220712, 50.41610618316522], [-114.86517823124606, 50.41583785381768], [-114.86521213542568, 50.41559655724805], [-114.86528712061273, 50.41529484650595], [-114.86538787551424, 50.41513212438417], [-114.8654785208696, 50.41485767276949], [-114.86551624481649, 50.414468957217814], [-114.86554050237739, 50.413929781585445], [-114.86544334168047, 50.41358622800315], [-114.86529409605275, 50.41307532351167], [-114.86522160332801, 50.41277073733789], [-114.86520649415611, 50.41262038148386], [-114.86521300440401, 50.41244877632498], [-114.86515198425386, 50.41224079534483], [-114.86489565700171, 50.411857426552835], [-114.86463058378976, 50.41162860137742], [-114.86451736615639, 50.41132972358864], [-114.86435991875682, 50.41107499467464], [-114.86430243059816, 50.41090214347923], [-114.8642819191267, 50.4106697373299], [-114.86424427370176, 50.41056830419219], [-114.86420955335515, 50.410532156833206], [-114.86402669348645, 50.41039880176446], [-114.86375426058052, 50.41014646571057], [-114.86341020918472, 50.40996113753508], [-114.86301549998639, 50.40959949165134], [-114.86276893956632, 50.40938629196662], [-114.86250444099508, 50.40925909288305], [-114.86229360811552, 50.409139195730326], [-114.8621984095705, 50.409065485570444], [-114.86189116525254, 50.408700067053985], [-114.8614110099222, 50.40847444634422], [-114.86126653284767, 50.408344943738435], [-114.86123688012131, 50.40830553739944], [-114.861234982697, 50.408269737777786], [-114.86182947408346, 50.407933557143], [-114.86230738869041, 50.40758353667437], [-114.86281535223523, 50.40729340147108], [-114.86346274423039, 50.40693032331707], [-114.86397788067654, 50.40674196218948], [-114.86466258356165, 50.40653874412479], [-114.86526858354928, 50.406383523615936], [-114.86581251800476, 50.40631711000606], [-114.86615366019609, 50.40623075544014], [-114.8662370228309, 50.4061702905279], [-114.86630114504167, 50.40609227183962], [-114.86638051201594, 50.405880581998645], [-114.86650609357531, 50.405591491521335], [-114.86656249459014, 50.405338910683135], [-114.8665323185084, 50.404820323334725], [-114.86658658351493, 50.40436444672263], [-114.86686529304616, 50.40386233585428], [-114.86709000990969, 50.40355888542835], [-114.86717962761183, 50.40345530958962], [-114.86721918839766, 50.40331483371775], [-114.86717849220398, 50.403167491465865], [-114.86708611761081, 50.40303088480563], [-114.86694718951391, 50.40267757450619], [-114.86690145485628, 50.40244289038442], [-114.86695453723726, 50.402201046082105], [-114.86718734320083, 50.401656593898295], [-114.86726927386796, 50.401460355926524], [-114.86729665238303, 50.40116407163408], [-114.86715975123965, 50.400765827193574], [-114.86713929845536, 50.4005945614658], [-114.86717556288892, 50.40010058103692], [-114.8671057447164, 50.39977551035327], [-114.8671113890523, 50.399649709435785], [-114.86741438888876, 50.39916963315196], [-114.8674786987485, 50.39899094248333], [-114.86745582617708, 50.39887360044949], [-114.86740402716725, 50.39877371748501], [-114.8672433871269, 50.39859088360772], [-114.86705542569912, 50.398389554560815], [-114.86699576228938, 50.39827167193907], [-114.86684865291511, 50.397981032447724], [-114.8667182202532, 50.39743900037126], [-114.8665838510039, 50.39710604581911], [-114.86642392896509, 50.39678603188999], [-114.86627978032173, 50.396549535600066], [-114.86599422561483, 50.39632842681011], [-114.86506205039188, 50.39578061342319], [-114.86433898107752, 50.39533482549561], [-114.86414475954224, 50.39521507131828], [-114.86374596066787, 50.39500986458098], [-114.86307811007794, 50.394529865463966], [-114.86261791559286, 50.394125645279296], [-114.86245326927563, 50.39403266599167], [-114.86220142408573, 50.39400104563402], [-114.86130896052872, 50.39401356161668], [-114.8611611091246, 50.39398182721739], [-114.86096712830616, 50.39391528551801], [-114.86052778435926, 50.393673336471416], [-114.8600772250957, 50.3933682129942], [-114.85971797836302, 50.39306222621943], [-114.8594403989566, 50.3928258140261], [-114.85925006779873, 50.39267839399261], [-114.8589336240228, 50.39251964645132], [-114.85864165688662, 50.3924422916996], [-114.85822032592203, 50.392425517699905], [-114.85775357721562, 50.392479833510016], [-114.8572687126794, 50.392623755619226], [-114.85657338498214, 50.392754782759404], [-114.85569691336809, 50.39284648541211], [-114.85533812626481, 50.39286807177781], [-114.85455416564608, 50.392915253664775], [-114.85394845499684, 50.39293101517234], [-114.8535664536327, 50.39297789181858], [-114.85308319682552, 50.393085853494796], [-114.85256978280171, 50.39323822756202], [-114.8521291125379, 50.393337976346054], [-114.85143660280758, 50.39340607260037], [-114.85105662186649, 50.39340801412708], [-114.85018258322654, 50.39344575724121], [-114.84948722126113, 50.39357673837809], [-114.84855409178054, 50.3936763248671], [-114.84811748494074, 50.39368620303168], [-114.84778089199315, 50.3936619569069], [-114.84734754477279, 50.3935999374401], [-114.84691296342206, 50.393564873488074], [-114.84608027281037, 50.39362134504867], [-114.84521620156055, 50.39374916407348], [-114.84503261971136, 50.39376373780654], [-114.84452613801585, 50.39376330673975], [-114.84418628476507, 50.39381094486414], [-114.84382626514788, 50.39399310577015], [-114.84362413695658, 50.394106267217424], [-114.84335213125594, 50.39420912619016], [-114.84316732938034, 50.39425064869036], [-114.84272989110039, 50.394278474418186], [-114.84239331080605, 50.394254216324335], [-114.84199968445017, 50.394246873415085], [-114.84135013713124, 50.39429773862455], [-114.8407315755474, 50.39428619592821], [-114.83989380063923, 50.39414466861088], [-114.83944803296679, 50.39404640390478], [-114.83913344612328, 50.393960486567345], [-114.83756846478975, 50.39330081666852], [-114.83668485005995, 50.39298120276746], [-114.8357479807475, 50.392668718988354], [-114.8347019216551, 50.392221055601816], [-114.83399997951473, 50.39187875834257], [-114.83353150866891, 50.39160016458608], [-114.83314448938245, 50.39132491932343], [-114.83286781648133, 50.39117134553938], [-114.83253699804202, 50.39102125599344], [-114.83221717355097, 50.390938817605694], [-114.83207555829843, 50.39095864970676], [-114.83131747053082, 50.39153804997109], [-114.83098115858843, 50.391743088686475], [-114.83086895293195, 50.39180844933792], [-114.83046095278421, 50.392115585200685], [-114.83008312006332, 50.39237831465481], [-114.82975239203316, 50.392534003727185], [-114.82830010753547, 50.39308147572718], [-114.82700553939276, 50.39350673954993], [-114.82681621715992, 50.39356586897885], [-114.82676606989807, 50.393581526555074], [-114.82599424938128, 50.39399845674213], [-114.82592146180154, 50.393847184827905], [-114.82589548764051, 50.39366310771593], [-114.82589488117084, 50.393617340617084], [-114.82587235176781, 50.393477294811184], [-114.82587430744715, 50.39332914691769], [-114.82586344873279, 50.39327049508975], [-114.82581995130359, 50.39316443752296], [-114.82543015116563, 50.39239803686734], [-114.82532946154218, 50.39213891999105], [-114.82525928631802, 50.39188936593672], [-114.82513686265865, 50.3916748182101], [-114.82480793225055, 50.39129988936572], [-114.82466568074392, 50.39106294098377], [-114.82468624946908, 50.39071210847604], [-114.8246229583978, 50.39055803029347], [-114.82435170032372, 50.39033707623738], [-114.82417348023291, 50.39023478580155], [-114.82402420928575, 50.390115068404626], [-114.823987241406, 50.3900748694159], [-114.8239580425567, 50.390023874909446], [-114.82385953714191, 50.38976749505873], [-114.82379342884026, 50.38962505612183], [-114.82364744747494, 50.38943344953399], [-114.82340891969118, 50.389079184872315], [-114.82335839716447, 50.38897560422543], [-114.82306644747648, 50.388604069721225], [-114.82244410539872, 50.38775594049134], [-114.82232873688628, 50.3875109273738], [-114.82207852332947, 50.386831675394404], [-114.82200010476404, 50.386444359723505], [-114.82183272978348, 50.38610663092166], [-114.82166549729763, 50.38576530864998], [-114.82133845915763, 50.385411985225126], [-114.82097759305758, 50.385059830602984], [-114.82067842700724, 50.38477358528775], [-114.82043293010946, 50.384544121544415], [-114.81993648372472, 50.3840814700443], [-114.81972157539298, 50.38385976619745], [-114.81930459476493, 50.38326010718357], [-114.81911572860515, 50.38303440474948], [-114.81871349622062, 50.38290989437533], [-114.81814177423854, 50.382800186043205], [-114.81759868260143, 50.38272967503125], [-114.81709426514986, 50.38263652809614], [-114.81570778633129, 50.382502437359136], [-114.81532427744843, 50.382449315050245], [-114.815120372283, 50.38242838606826], [-114.8149975735695, 50.382405649579844], [-114.8148979738213, 50.38237023162425], [-114.81480848160915, 50.38231776583571], [-114.81473469517616, 50.3822502189154], [-114.81474048154956, 50.38212440593056], [-114.8148483863708, 50.38161378534716], [-114.81480747619955, 50.38097444963362], [-114.81483145517305, 50.38075905115867], [-114.81492777345858, 50.380500036624284], [-114.81493770209394, 50.38028436563631], [-114.8148033649392, 50.38014692130675], [-114.81435363683245, 50.37983263128545], [-114.81413663533455, 50.37965764978665], [-114.81359805683988, 50.37913480481312], [-114.81334634710478, 50.378797275444676], [-114.813286836619, 50.378562295128795], [-114.81334348018203, 50.37824858607952], [-114.81345551362999, 50.37795389567417], [-114.81390897155245, 50.37726994096227], [-114.81412970088985, 50.37705825078873], [-114.81425990124552, 50.37697976673712], [-114.81442554547556, 50.37691547529733], [-114.81476252658872, 50.37675541820349], [-114.81519941115921, 50.37643088857726], [-114.8154631250971, 50.376202031128436], [-114.81567019203895, 50.375981088919744], [-114.81646128106335, 50.375294495229966], [-114.81683476427706, 50.37505094641013], [-114.8171949915908, 50.374751584660274], [-114.81743343639407, 50.37450363075531], [-114.8176965252866, 50.37431626892819], [-114.81814284299153, 50.37416935968046], [-114.8186098929366, 50.37407460473685], [-114.81883489965885, 50.37396049454354], [-114.81896711955842, 50.37385203725879], [-114.8190313710488, 50.373712695081366], [-114.81905004119524, 50.373306203601864], [-114.81898033270127, 50.37306079689865], [-114.81878038979521, 50.37278613933227], [-114.81856492626416, 50.372535166312346], [-114.81814507395212, 50.37191120350827], [-114.81796120893505, 50.37182844862625], [-114.81769496411724, 50.37176979711184], [-114.81721408034886, 50.371725579301376], [-114.8169275457146, 50.37166838405931], [-114.81679926173788, 50.37158364907215], [-114.81677791820887, 50.37149450832734], [-114.8166983843461, 50.37133767539261], [-114.81658094360195, 50.371250384080184], [-114.81624817091044, 50.37112944906085], [-114.81575336444203, 50.37094812001301], [-114.81545380984784, 50.37073348749032], [-114.81516407288139, 50.37062637777191], [-114.81471765395042, 50.37060894552762], [-114.81375513050021, 50.37062133939594], [-114.81329176266009, 50.37066653924529], [-114.81172725218853, 50.370863585351486], [-114.81117087918138, 50.370912430140905], [-114.80998816168479, 50.370942186414226], [-114.80935855061308, 50.37050574757416], [-114.80895903193077, 50.37026432102295], [-114.80821378878962, 50.369895849686614], [-114.80810552922516, 50.3697760962317], [-114.80804267204255, 50.36963436034925], [-114.80799785236991, 50.369352418382434], [-114.80793140598796, 50.369127786321805], [-114.807653509833, 50.36866904954561], [-114.80749161876446, 50.36829241723463], [-114.80739212984261, 50.36781710895907], [-114.80732807824793, 50.36770123730031], [-114.80722307679062, 50.36759568938147], [-114.8067845160463, 50.367346785899805], [-114.80654220645509, 50.367187030229516], [-114.80613863013251, 50.36683807542061], [-114.80599307076835, 50.366680986396865], [-114.80574200435086, 50.36623238613027], [-114.80563123175781, 50.366126720939576], [-114.80548424963509, 50.366053668938626], [-114.80531663199238, 50.366002186035594], [-114.80440076646383, 50.365493720732026], [-114.80416278034615, 50.36536836680995], [-114.80366090703211, 50.36519363743545], [-114.80327992751653, 50.36495215943165], [-114.80289051363442, 50.36474503118456], [-114.80229604850074, 50.36448235966865], [-114.80154312590167, 50.364039920938], [-114.80110642837576, 50.363686580517054], [-114.80086967475091, 50.36346048860008], [-114.80051348818994, 50.36319647017054], [-114.80011424840883, 50.362951405519546], [-114.79993008700042, 50.36280427060644], [-114.79972227468323, 50.36267054713818], [-114.79958266845505, 50.36262752184985], [-114.7993295201196, 50.36258931553543], [-114.79929478379505, 50.36256292108631], [-114.7991392349054, 50.362463722247014], [-114.7986752016986, 50.362369817956335], [-114.79830958231359, 50.362274088755186], [-114.79793875658228, 50.362071915450926], [-114.79776994393056, 50.362005005714906], [-114.79762627328624, 50.361961450971826], [-114.79719421466065, 50.36188667024607], [-114.79681086576507, 50.3617936765132], [-114.7966160934012, 50.361731709536244], [-114.79627969344682, 50.361532657323835], [-114.79608131731874, 50.36137796079762], [-114.79562123352619, 50.36105077973643], [-114.79534658195749, 50.36076957996776], [-114.79483117455217, 50.360380916537686], [-114.79454918317703, 50.36019772175582], [-114.79411819485605, 50.359989567376644], [-114.79365124759589, 50.35973674175051], [-114.79283071755532, 50.35947696179219], [-114.7925246019606, 50.359365496204504], [-114.79192234239135, 50.35907336750326], [-114.79120104585556, 50.35877450991719], [-114.79088641381259, 50.35870192280331], [-114.79048407212822, 50.35861774874183], [-114.78982631742649, 50.35849669712155], [-114.78963727111068, 50.35852083287654], [-114.78934752227545, 50.358930599929124], [-114.78894166589346, 50.359313187667134], [-114.78844553667065, 50.35988294213858], [-114.78779546473103, 50.360678167223604], [-114.78745364482651, 50.36102558704316], [-114.78664922513731, 50.36166114873855], [-114.78639196220088, 50.36189071086818], [-114.78557835465821, 50.36245256194021], [-114.78542407052852, 50.36257714278404], [-114.78525468497975, 50.36267560754396], [-114.78505456237684, 50.36275129757495], [-114.78456531560539, 50.362847562885136], [-114.78428882607737, 50.36286607209707], [-114.78336416230836, 50.362834632478275], [-114.78279140006417, 50.36273749139551], [-114.78254962499888, 50.362714361530635], [-114.78159499909182, 50.362725633042466], [-114.78059674061724, 50.3627739688519], [-114.78039748447824, 50.362768698384], [-114.78034111523036, 50.36276116933054], [-114.779950181002, 50.362736123791024], [-114.7798204640506, 50.36277563289661], [-114.77967934020988, 50.3628400206296], [-114.77960059974903, 50.362850543809465], [-114.77912459872576, 50.36289407932407], [-114.77814750845629, 50.36289160788305], [-114.7780362641511, 50.362894033588205], [-114.77796279097898, 50.36289996279399], [-114.77782111372696, 50.36294669850091], [-114.77762621202703, 50.362974479758805], [-114.77729519340134, 50.362972653390166], [-114.77706566291803, 50.362934944070425], [-114.77671990120326, 50.36290978890891], [-114.77620106952824, 50.362959672154894], [-114.77614126826207, 50.36296003391779], [-114.77561615174683, 50.362863602377985], [-114.77543294054367, 50.36284776296891], [-114.77504075820902, 50.36271104087549], [-114.77478437868399, 50.362644583356115], [-114.77424108786423, 50.36247580788596], [-114.77410373444266, 50.36240820147873], [-114.77393835366351, 50.36229774481454], [-114.77381962987351, 50.362239982919206], [-114.77334722422158, 50.36207923514208], [-114.77290748793355, 50.3617683497736], [-114.77242212109226, 50.36126429917079], [-114.77214248616104, 50.361012982553824], [-114.7715586799687, 50.360639254600834], [-114.77139437795913, 50.3604437449495], [-114.77109317663793, 50.36020860875904], [-114.77073248795958, 50.36000932496429], [-114.77000670053413, 50.35950717056326], [-114.76972631962742, 50.3592723634636], [-114.76958535071365, 50.3591239450797], [-114.76955064090794, 50.35906811222959], [-114.7695311961379, 50.35899488041868], [-114.76953802185992, 50.358602943871176], [-114.76951307927766, 50.358395331120064], [-114.76942862818022, 50.3582235636469], [-114.76932951146144, 50.35811807932455], [-114.76926748680647, 50.35796154332504], [-114.76927117543629, 50.35781798374533], [-114.76931775022369, 50.3576296208443], [-114.76954733678731, 50.35698863410581], [-114.76961609882395, 50.35650911806988], [-114.7696253507333, 50.35606545455205], [-114.76956599392128, 50.35560566001417], [-114.76947486074694, 50.35533018930197], [-114.76930822164535, 50.354655550284804], [-114.76938688623902, 50.35424846082806], [-114.76955219472869, 50.353682052907054], [-114.76955106413625, 50.35346009897587], [-114.76946931063961, 50.35298507986041], [-114.76929074892959, 50.352372072366514], [-114.76916894808213, 50.35217851137425], [-114.76881874768367, 50.351757479323496], [-114.76831415580017, 50.351361208294776], [-114.76825175508206, 50.351270544137414], [-114.76822085867943, 50.3512029429767], [-114.7680279490476, 50.3509321696634], [-114.76792019199421, 50.35079598837498], [-114.76787866392304, 50.35069531767193], [-114.76784135496038, 50.350483235010664], [-114.76779271006943, 50.35017887319802], [-114.76828457397451, 50.34993014447984], [-114.76863268263524, 50.349796944145204], [-114.76881126304787, 50.3496702976836], [-114.7689984568925, 50.34950007878901], [-114.76922042433839, 50.34937477026445], [-114.76955522685105, 50.34921493085995], [-114.76981980642461, 50.34912016987834], [-114.77013325716538, 50.3490344084539], [-114.77044915465868, 50.348890052740884], [-114.77174684000104, 50.34809027206468], [-114.77197513592262, 50.347906052101855], [-114.77219668297653, 50.34765851108692], [-114.77313146369141, 50.346667078952024], [-114.77332245645037, 50.34641554979108], [-114.77353565672166, 50.346182943128355], [-114.77362170397937, 50.3460454078046], [-114.7739198201684, 50.345570820551714], [-114.77415103965073, 50.34532376777862], [-114.77450050851886, 50.345019806711086], [-114.77486361977913, 50.344671741864865], [-114.77513155497472, 50.34438100153489], [-114.77537707738725, 50.344075033727506], [-114.77555398614744, 50.34375296127548], [-114.77565052892251, 50.343666051724085], [-114.77589514829752, 50.34362638177152], [-114.77641386450519, 50.34362934878236], [-114.77687519286786, 50.343562677149286], [-114.77729314922391, 50.343401632487875], [-114.77767114838103, 50.34331356845444], [-114.77797917319792, 50.34321876212787], [-114.77842818823922, 50.343054697452935], [-114.77893243778382, 50.342911496037196], [-114.7791703494188, 50.34286647114299], [-114.77954622682077, 50.34277040572857], [-114.77979824390007, 50.34266401884795], [-114.78094915597192, 50.34190571688059], [-114.78129535475087, 50.34167254734244], [-114.78204832812011, 50.34113836693324], [-114.78235994784728, 50.340965631527375], [-114.78354677568106, 50.340470986987064], [-114.78416414985925, 50.340201367445836], [-114.78505322561342, 50.33987209047878], [-114.78605964658233, 50.339461019132315], [-114.78659193051723, 50.3392622499062], [-114.78691893711836, 50.3391631594588], [-114.78713194883197, 50.33908396628471], [-114.7877671753864, 50.33869372841674], [-114.78830993544427, 50.33838574156321], [-114.78871772880906, 50.338078746832174], [-114.78905128421421, 50.33789095947419], [-114.7895728778406, 50.33767347551265], [-114.78985873679996, 50.33759872055462], [-114.79029801901699, 50.337552366719684], [-114.79059670316151, 50.33750492139977], [-114.7913528209345, 50.33723967543307], [-114.79148098742061, 50.33716567531253], [-114.79202651741032, 50.33685770841096], [-114.79261516976337, 50.33634729559087], [-114.79304215457292, 50.33586798497455], [-114.79356048544031, 50.335176358418416], [-114.79376908520246, 50.334860146055334], [-114.79396250306372, 50.33450766950522], [-114.79426371014536, 50.33377049449021], [-114.79447904442604, 50.33330870807674], [-114.79478340675998, 50.332866578793826], [-114.79532934914081, 50.332184403768025], [-114.79599708450368, 50.33148116517949], [-114.79647142577144, 50.331130436365996], [-114.79675454961985, 50.33101160417008], [-114.79715311606536, 50.33088975893767], [-114.79771859294836, 50.330782184376964], [-114.79933704636787, 50.33064662852181], [-114.799931419286, 50.33053706870162], [-114.8002474405226, 50.33045314494951], [-114.80052983905347, 50.33034386807915], [-114.80126702167719, 50.32989104770169], [-114.80120989680739, 50.329836668448074], [-114.80118141902356, 50.329797287815666], [-114.80090419559245, 50.329471784206525], [-114.80066373035297, 50.32914156364711], [-114.8004408585293, 50.32879553957509], [-114.80020739412852, 50.32849604812452], [-114.79997847784458, 50.32822003578598], [-114.79979382633587, 50.327959268404456], [-114.79946569640184, 50.32727656392245], [-114.79850665767309, 50.32605335855684], [-114.79830195555743, 50.32585710675924], [-114.7979426632934, 50.325693035217334], [-114.79732879381436, 50.32547416548862], [-114.79674372876222, 50.32519484776669], [-114.79660875256059, 50.3250535381011], [-114.79648860577471, 50.324903275065466], [-114.79622144333493, 50.324683636372534], [-114.7957943650175, 50.3244239578773], [-114.79504644353358, 50.32410635762392], [-114.79284134695082, 50.32331703020707], [-114.79209619111286, 50.32294027387508], [-114.79182804115517, 50.32274280303661], [-114.79165465372996, 50.32249536561263], [-114.79158138410307, 50.32233120341955], [-114.79150412502857, 50.32200423033985], [-114.79142709260918, 50.32117419730969], [-114.79126468132068, 50.32069022903177], [-114.79111165560883, 50.320502357907635], [-114.79079974443843, 50.32025226792371], [-114.79029227350296, 50.31998363048309], [-114.78959839030553, 50.31974840382213], [-114.78864712537887, 50.31958223016794], [-114.78822172419403, 50.31953708750472], [-114.78740209977568, 50.31952137806314], [-114.78661574865947, 50.319535895015235], [-114.7860993834219, 50.319459404226045], [-114.78577010989605, 50.319334719870696], [-114.7855909231173, 50.31921291341491], [-114.78521009062398, 50.31887963017661], [-114.78466081481047, 50.31834432627286], [-114.78417414140598, 50.317744404886575], [-114.78402323988419, 50.317304359121565], [-114.78393303162878, 50.31712992709383], [-114.78361710962531, 50.3167946501678], [-114.78353438780856, 50.31627855868078], [-114.78340412307136, 50.316119539364784], [-114.78324767816527, 50.31597981682077], [-114.78305645787985, 50.31586280463059], [-114.78271032229422, 50.31569425661202], [-114.78251521327077, 50.31554376496641], [-114.78245283219087, 50.31539460466109], [-114.78250172156076, 50.31516674548441], [-114.78275514841334, 50.314361030886595], [-114.78285849469196, 50.313630636930654], [-114.78297512271284, 50.313359159692226], [-114.78312526953545, 50.313118894883665], [-114.78336583914394, 50.31271874576132], [-114.78352376175246, 50.312464525880195], [-114.78364094699889, 50.312119565390596], [-114.78365575967216, 50.31168090662058], [-114.783618965266, 50.311440694388004], [-114.7835201798885, 50.311214164807495], [-114.78341496541768, 50.310859766001165], [-114.78336865777112, 50.31042795891898], [-114.78335615933935, 50.31003088813405], [-114.78335496734607, 50.30979354020534], [-114.78335344911008, 50.30948575810084], [-114.7833528373007, 50.309016204683246], [-114.78325241709068, 50.308699455151185], [-114.78324058482625, 50.30835022891391], [-114.78312434040417, 50.30801158476765], [-114.78303922976028, 50.30788973902443], [-114.78277783511193, 50.30767387448482], [-114.78269341015657, 50.30755356468176], [-114.7826513067931, 50.30731169375943], [-114.78266356401636, 50.30686758487146], [-114.78281492043467, 50.306150894301595], [-114.78276651987841, 50.30587045504019], [-114.78257649483047, 50.30505794501784], [-114.78258807328852, 50.304266616847876], [-114.78260066766963, 50.30393584960542], [-114.78259013923615, 50.30349849433765], [-114.78255816520607, 50.30303913857638], [-114.78246746803498, 50.30251389441532], [-114.7824806483125, 50.30217054470364], [-114.78249449798886, 50.30181281690323], [-114.78233964696723, 50.301251559071396], [-114.78225154284264, 50.30114910675413], [-114.78201947228804, 50.30104847368004], [-114.78179487281204, 50.30091100343969], [-114.78164004782094, 50.300763777711], [-114.78141598206327, 50.30061520339066], [-114.78099730406826, 50.30042962920636], [-114.7804116718418, 50.300120474860414], [-114.7802756135564, 50.30008562896521], [-114.78006805417029, 50.30006077851873], [-114.77986822678807, 50.30002972707638], [-114.77963420753947, 50.30002904801216], [-114.77917506452368, 50.30017853981717], [-114.77894534315044, 50.300226286858056], [-114.77821471841345, 50.30041552082775], [-114.7776293360032, 50.30050139656112], [-114.77688542586625, 50.30067417867356], [-114.77620811816138, 50.300743888177244], [-114.77533211561507, 50.30085834528468], [-114.7749206524626, 50.30096002931741], [-114.7744511427536, 50.30112113915644], [-114.77409108473255, 50.30128803628936], [-114.77349060631758, 50.30149927559016], [-114.77266773470036, 50.301798229882884], [-114.77203404556799, 50.302075637671415], [-114.77139108516998, 50.30237085621129], [-114.7708294649012, 50.30260827520689], [-114.77061022577615, 50.302647740013995], [-114.77024593609873, 50.30265734766709], [-114.77008176120347, 50.30264863052814], [-114.76959130258481, 50.30257812743437], [-114.76938864475441, 50.302527978328975], [-114.76866768238358, 50.30229305077077], [-114.76787349022793, 50.30198024934854], [-114.7675234312434, 50.30183383127908], [-114.76623853566346, 50.30123350800816], [-114.76560796003086, 50.3008884176418], [-114.76537888171801, 50.30078597951051], [-114.76515714003325, 50.30065036687336], [-114.76490304260199, 50.30046607651113], [-114.76468403009594, 50.30036494035609], [-114.76416288169358, 50.300179877206254], [-114.76309684999964, 50.29988552212719], [-114.76227126821651, 50.29975856706482], [-114.7619773786246, 50.29974547583043], [-114.76112015939249, 50.299616050955834], [-114.76052012053384, 50.29948235968728], [-114.76013221071835, 50.29945103068753], [-114.75884411253138, 50.299429651753925], [-114.75702000312332, 50.29945900660754], [-114.75608204682631, 50.299508108840726], [-114.75578995046327, 50.29880189714291], [-114.75568029829371, 50.29850654225837], [-114.75556282259863, 50.29813905820576], [-114.75536209278, 50.29775018703865], [-114.75497869793438, 50.29718507125973], [-114.75464931038535, 50.29660660652324], [-114.75458906615634, 50.29643400649105], [-114.75452569157646, 50.29607170986723], [-114.75449889808367, 50.2955297477915], [-114.75441841997612, 50.29513056775815], [-114.75437083932053, 50.29481709080358], [-114.75439010942969, 50.294599341434434], [-114.75440604558005, 50.29426145064627], [-114.75444731048196, 50.29386287675884], [-114.7545286470822, 50.2934599212314], [-114.75450670930574, 50.29319843209694], [-114.75452871609725, 50.29281539881448], [-114.75447107858609, 50.29258429702574], [-114.75446842588094, 50.292472076369286], [-114.75452804637608, 50.2923095416362], [-114.75464316847925, 50.292150496175076], [-114.75479880180353, 50.29194665074309], [-114.75498553545546, 50.29173799955484], [-114.75531957561846, 50.29132354097687], [-114.75537596789361, 50.29110171452815], [-114.75535340163562, 50.290968121359256], [-114.75528598613029, 50.29078498687971], [-114.75524131012105, 50.290005179577676], [-114.75516053591821, 50.28951429580062], [-114.75509980578676, 50.28936714072845], [-114.7548997537899, 50.289149450672745], [-114.75473268242688, 50.28897996677511], [-114.75468047689088, 50.288916728528214], [-114.75454386276874, 50.28866835981346], [-114.7545115083384, 50.28856983851329], [-114.75448177351443, 50.28839344999226], [-114.75436262488005, 50.288196031399316], [-114.75432773359124, 50.28812014168716], [-114.75427475370905, 50.2879779419985], [-114.75407782435232, 50.28764394818651], [-114.75399625721553, 50.28738023797795], [-114.75390254804778, 50.28706671496474], [-114.75380161928874, 50.28689201811593], [-114.75379322499892, 50.28684456697826], [-114.75372087754428, 50.286670270676325], [-114.75361583770052, 50.286480516187495], [-114.75338915335381, 50.28623098696795], [-114.75332833293167, 50.286118914465284], [-114.75318246198775, 50.28575452855839], [-114.75322806245464, 50.28564445074997], [-114.75369339738592, 50.28507836590619], [-114.75417126183292, 50.284648386899676], [-114.75452204454513, 50.284309365898515], [-114.75475828348668, 50.283920959375344], [-114.75486519685528, 50.28361234064042], [-114.75494201721925, 50.28320695974445], [-114.75503912662374, 50.282861159789974], [-114.75529626369858, 50.2822428953045], [-114.75533992825608, 50.28205141818812], [-114.75524336503308, 50.28144045049927], [-114.75522640539255, 50.281245649921786], [-114.7551418871496, 50.28086396050242], [-114.75502357284314, 50.28064989559825], [-114.7548909251336, 50.280525268825905], [-114.75453699749066, 50.28031865632423], [-114.75433854685818, 50.2801474048388], [-114.75383599689803, 50.27913563020352], [-114.75347008557848, 50.2783819606792], [-114.7532802418088, 50.27794294081899], [-114.75317581438385, 50.27747856605381], [-114.75300707963255, 50.2769905411502], [-114.75265912525313, 50.27647011537553], [-114.75255178210529, 50.27630296653507], [-114.75225870648156, 50.27603096033932], [-114.75216494382258, 50.27593700562778], [-114.75209050535116, 50.27583443130984], [-114.75187188592842, 50.275697017854306], [-114.75172918289563, 50.27559394127193], [-114.75175321408585, 50.27543116053035], [-114.75184963310963, 50.27510015995982], [-114.75199518236052, 50.27483456070717], [-114.75228280026461, 50.274390418721815], [-114.75232650450009, 50.27416623758131], [-114.75233016935246, 50.27404053950967], [-114.75229785918948, 50.27391785623234], [-114.75222230403433, 50.2737686054812], [-114.75226496794106, 50.27363609503948], [-114.752384479847, 50.27354965584483], [-114.75334271117545, 50.27322371480134], [-114.75412645401227, 50.273080476424866], [-114.75542410590448, 50.27291518508708], [-114.75579382184213, 50.27290756618107], [-114.75615674269211, 50.272860966578605], [-114.75690051084383, 50.27272284943373], [-114.75791531082982, 50.27262526886674], [-114.75833698211245, 50.2726118496732], [-114.75859759618785, 50.27250145517669], [-114.75892059584658, 50.272259887305104], [-114.75928581667874, 50.271734339533154], [-114.75965848626652, 50.2710498750078], [-114.759962640069, 50.27021296592884], [-114.76003506125033, 50.27009734606891], [-114.76032259527993, 50.26987358392508], [-114.76043855152218, 50.26973896500501], [-114.76055175006682, 50.26956236452008], [-114.76112318362195, 50.26892940333336], [-114.76160610572545, 50.26844762932503], [-114.76182150388442, 50.268308429966424], [-114.76216786055487, 50.26799887436612], [-114.76231090420504, 50.2677830673793], [-114.76274689356494, 50.267588402849505], [-114.76288065318077, 50.26744304807517], [-114.76297671079939, 50.26723107439], [-114.7633986729011, 50.266979629525146], [-114.76432532397915, 50.26624253888037], [-114.76448184030504, 50.266092494019], [-114.76492397029526, 50.265266474766165], [-114.76524247342739, 50.2647581257444], [-114.76536548630592, 50.264289176210795], [-114.76556307941992, 50.26378568713495], [-114.76564550428014, 50.26340409251113], [-114.76573859564859, 50.262914764534045], [-114.76576809040314, 50.26284204694898], [-114.76591055068884, 50.26263396462928], [-114.76594072476891, 50.2624941378078], [-114.76593928508261, 50.26239038391061], [-114.76591792450053, 50.26202235656449], [-114.76588465284465, 50.26171409379641], [-114.76594349210659, 50.261622963879056], [-114.76619042043424, 50.261463144070404], [-114.76637741929706, 50.261228176928874], [-114.76651199963106, 50.26072238377696], [-114.7666333221082, 50.260528648257946], [-114.76680816872401, 50.26015062830118], [-114.76706261920629, 50.25957087262401], [-114.76733399482328, 50.258851647626834], [-114.76731987116798, 50.25863138249922], [-114.76726885786739, 50.258517491948396], [-114.76693823958702, 50.2580321629433], [-114.76674767111696, 50.2578194469681], [-114.76656448449182, 50.2575421955056], [-114.76651780074656, 50.25743033768257], [-114.76649521332862, 50.25729673686981], [-114.76648119305484, 50.25711821550951], [-114.76648359233121, 50.2570540158274], [-114.76649272324526, 50.25699995699373], [-114.76656210388938, 50.25685416427536], [-114.76673214179608, 50.25667251792254], [-114.7669608584513, 50.25646978242212], [-114.76703799392837, 50.2563011374976], [-114.76699949116542, 50.25613764651845], [-114.7665048517197, 50.25536613666484], [-114.76637754853935, 50.25508542872147], [-114.76642305608301, 50.254940763093664], [-114.76652821096467, 50.254832776790806], [-114.76667623020822, 50.25472562862174], [-114.76716250824339, 50.25449435724529], [-114.76757567665081, 50.254373963983106], [-114.76780879259906, 50.254329072883294], [-114.76854787012596, 50.2542404015782], [-114.76908263968959, 50.25415455704898], [-114.76958452966059, 50.25403107227159], [-114.76994776728343, 50.25391231164718], [-114.77022085219691, 50.25374743341286], [-114.77040239362928, 50.253565982496504], [-114.77086908317278, 50.25303264721197], [-114.77102654838863, 50.25282000107097], [-114.77116883190895, 50.252529363438406], [-114.77116500029031, 50.25236953730891], [-114.77093085621435, 50.252027413546735], [-114.77078283704991, 50.251721755989145], [-114.77077048417394, 50.251568227305555], [-114.77088794875674, 50.25104331670315], [-114.77102756582185, 50.250656356249266], [-114.77120525160565, 50.25021970480851], [-114.77119457843229, 50.250103755669606], [-114.7711544761932, 50.25004845321991], [-114.77096143780619, 50.249869536366006], [-114.77054030175513, 50.24958029069962], [-114.7698405668088, 50.24904959533297], [-114.76958870208888, 50.24880683371394], [-114.76918696447312, 50.24833853605857], [-114.76888821700061, 50.24794777525678], [-114.76864407393755, 50.24770918183764], [-114.76805988754019, 50.24700348522309], [-114.76740987517717, 50.24644582653179], [-114.76724634013647, 50.24627981414134], [-114.76712335802064, 50.246132795074026], [-114.76714336377249, 50.24599731805584], [-114.76725876478413, 50.24586804589606], [-114.76752830099167, 50.24565847176023], [-114.76797323549653, 50.245351466602365], [-114.76835325505897, 50.24511771762162], [-114.76863137796711, 50.24486104642933], [-114.76888614482193, 50.24464693746859], [-114.76897705399247, 50.24454747146647], [-114.76913623698641, 50.24426269075182], [-114.76944364797725, 50.24394213563477], [-114.76963062840984, 50.24376848447997], [-114.76985962969253, 50.243583291743704], [-114.76948354609668, 50.243454182073215], [-114.76859992047473, 50.24307396227222], [-114.76830692504214, 50.24292078088725], [-114.76806234370336, 50.24275235501155], [-114.76737367259078, 50.242422465900496], [-114.76692417571059, 50.242257253163885], [-114.7667986095629, 50.24217346502098], [-114.76665954504833, 50.24201716206397], [-114.7666278345954, 50.24199606632271], [-114.76654741401906, 50.24197200079909], [-114.76622947298638, 50.24187684694071], [-114.76560207170263, 50.24174711088467], [-114.76482643350755, 50.241527737445296], [-114.76460567361947, 50.24142543395867], [-114.76407269773111, 50.24121093741099], [-114.76397003257428, 50.241174833346385], [-114.7637507628184, 50.241100433658644], [-114.76350056155843, 50.241028955915446], [-114.7634584848099, 50.24100970424704], [-114.76338470331999, 50.240965802012916], [-114.76332492268929, 50.2409010275334], [-114.76328206657455, 50.240794995318794], [-114.76323648496118, 50.24067844689533], [-114.76317583212258, 50.240582556117296], [-114.76294772482763, 50.240345847303566], [-114.76287277605307, 50.2401953622082], [-114.76284146419397, 50.23998875641978], [-114.76288762752891, 50.2395634854976], [-114.763135298415, 50.238421981741524], [-114.76312409755568, 50.23778622785494], [-114.76302349726294, 50.23714278248434], [-114.76297402536301, 50.23650454271604], [-114.7630015152701, 50.23629500127269], [-114.76319341319515, 50.23603066489007], [-114.7631858064569, 50.235893775249316], [-114.76326206468495, 50.23570275596726], [-114.76356219266657, 50.23558262679807], [-114.76429500671097, 50.2349641815501], [-114.76446356201502, 50.234866632652476], [-114.76498762679991, 50.23471229044511], [-114.76491942633506, 50.23461682607975], [-114.76445601291884, 50.23459035517135], [-114.76420525051644, 50.23454605316125], [-114.76367189723676, 50.234498109985424], [-114.7634343606369, 50.23437337572075], [-114.76317214256301, 50.23413599481282], [-114.76303096185643, 50.23405035498566], [-114.7627848045026, 50.23394442596156], [-114.76259918762614, 50.233822491538035], [-114.76235137443237, 50.23370978143788], [-114.7620995870377, 50.23363655543986], [-114.76186869458054, 50.23359611650513], [-114.76149723137988, 50.233443213894546], [-114.76095196128182, 50.23328874345252], [-114.76090355294934, 50.233263161695376], [-114.76058789470409, 50.2330351750871], [-114.7603772489039, 50.23292500078474], [-114.76016718619283, 50.23286376185006], [-114.75888504979999, 50.2325934909998], [-114.7582660041336, 50.23249539570009], [-114.75779292057211, 50.232423324714176], [-114.75756246781411, 50.232383795850744], [-114.75729986941538, 50.23230383387863], [-114.75693844410635, 50.23215624602118], [-114.75649098539958, 50.231920337358254], [-114.75631375346828, 50.23176568539779], [-114.75621743094507, 50.23162469168883], [-114.75620334031045, 50.2315706926726], [-114.75623774061184, 50.23142013729307], [-114.75624902990391, 50.2313104729809], [-114.75623485000031, 50.23097300095196], [-114.7559543144288, 50.23024153724345], [-114.75585142889813, 50.23004342707422], [-114.75569438443571, 50.22989743414999], [-114.7555545387403, 50.229796602305015], [-114.75526693837621, 50.22950671720035], [-114.75523242336418, 50.22943055603747], [-114.75518202139021, 50.22919029180539], [-114.7550694277572, 50.22884089222874], [-114.7548954991845, 50.22860364604009], [-114.75432342250372, 50.22824909188168], [-114.7537926025374, 50.22799979550788], [-114.75362851086108, 50.22777100230666], [-114.75342284214496, 50.22749525363257], [-114.75324644691754, 50.22735369152783], [-114.75272195761143, 50.22699950574887], [-114.75240244744394, 50.22682018188784], [-114.7518722725883, 50.22665318189377], [-114.75151831856404, 50.226415227494876], [-114.75103544675024, 50.226041757189265], [-114.74970821949309, 50.225201705533806], [-114.74933004445813, 50.22489571207348], [-114.74844324573954, 50.22443411180971], [-114.74841304540779, 50.22433656405619], [-114.74849338162159, 50.22396553728647], [-114.74850756812438, 50.22370051769388], [-114.7483480182109, 50.223312853752034], [-114.74764236757676, 50.22262669190899], [-114.7468286959739, 50.22168616274204], [-114.74680217939839, 50.221586691720155], [-114.74681106952072, 50.22148246628015], [-114.74691656655779, 50.22117436314864], [-114.74693125670932, 50.22084213828341], [-114.74690722527123, 50.22049672535743], [-114.74684150839026, 50.22028495606944], [-114.74668013494993, 50.220084782732464], [-114.74654564431538, 50.21983447351054], [-114.74647058571125, 50.21958870429967], [-114.7463743992242, 50.21913167301855], [-114.74645690700002, 50.218676073559514], [-114.74670155318918, 50.218080201087524], [-114.74703317771882, 50.217689415461564], [-114.74731270744459, 50.21677338269176], [-114.747518403184, 50.21639418196533], [-114.74768724370708, 50.216157917047134], [-114.74785294632554, 50.21600696318414], [-114.74812935197926, 50.215805182030685], [-114.74853530844449, 50.21526462689598], [-114.7486167972052, 50.215065001202525], [-114.74850403651654, 50.21495267199011], [-114.74821698490204, 50.214812123768986], [-114.74808172763137, 50.21471507145246], [-114.74759719787475, 50.214279284856495], [-114.74740230792646, 50.21415931193195], [-114.7465568026884, 50.21387196188979], [-114.74615568735275, 50.21378245351027], [-114.74579613178273, 50.21367831143042], [-114.7455210415367, 50.21356681528582], [-114.7446368862998, 50.21335171057325], [-114.74344535168078, 50.212913265484154], [-114.74282707338361, 50.21275222829659], [-114.74229772605439, 50.212672343147396], [-114.74115294484764, 50.21250231123598], [-114.74024353158136, 50.21238291863766], [-114.74020902018785, 50.21228176355744], [-114.74020568646648, 50.21214275618742], [-114.74007345825825, 50.211686054138134], [-114.74005354272826, 50.21156589147511], [-114.7399769501348, 50.21143700232449], [-114.73990622035308, 50.21124278214687], [-114.73979954977862, 50.21094926594229], [-114.73976055057916, 50.210707434392916], [-114.73975077566128, 50.21040735649803], [-114.73970214181091, 50.21012440165879], [-114.7395914723942, 50.20971826728048], [-114.73939223286246, 50.209472646522514], [-114.73922574384035, 50.20917133697156], [-114.7391491950478, 50.208602917962445], [-114.73911005972448, 50.20776724647196], [-114.73910268314383, 50.20624376280043], [-114.73900603848035, 50.206087447119074], [-114.73890777294966, 50.205979092586254], [-114.73894252094415, 50.20560018245417], [-114.73893237381175, 50.205281556244664], [-114.73890445707657, 50.20495977520283], [-114.73900683156698, 50.20465513712721], [-114.7390393747023, 50.20444168504971], [-114.73896757361588, 50.20429995580758], [-114.73883997413644, 50.20415354304983], [-114.73872745070494, 50.20398404625026], [-114.73869545679571, 50.203771123900445], [-114.73896714812356, 50.20350765327849], [-114.73923714221893, 50.203215518028195], [-114.73937494601587, 50.20286038131833], [-114.73958979306983, 50.2025630271992], [-114.73914528235821, 50.2022615111616], [-114.73857628113382, 50.20190678190807], [-114.73808963823036, 50.20146468583904], [-114.73777152582068, 50.20096636220774], [-114.73742148852861, 50.20035506664577], [-114.73664539060252, 50.19927810568631], [-114.73609544954826, 50.19866568502749], [-114.73583088692608, 50.1984304523613], [-114.73530314526637, 50.19822678175394], [-114.73485665357124, 50.197890646060905], [-114.73435703465417, 50.19761101477821], [-114.73381588713151, 50.19714347339843], [-114.73361017718945, 50.196930755868124], [-114.73330430532656, 50.19652539581717], [-114.73281680733193, 50.19571704639104], [-114.7323886976212, 50.19499024699518], [-114.73215237720177, 50.19474926572446], [-114.73200561428742, 50.19451967251161], [-114.73189977525635, 50.194218536491086], [-114.73183333551906, 50.193623543615864], [-114.73182354375258, 50.193416466318645], [-114.73080558837437, 50.193324627840596], [-114.73051454191558, 50.19326718328382], [-114.7303054143694, 50.19319549280843], [-114.72987357548118, 50.19281698320977], [-114.729675967719, 50.19267393682452], [-114.72921229711801, 50.19240285306776], [-114.72912964622057, 50.192316892037304], [-114.72806579312137, 50.1914569372475], [-114.72795003157084, 50.19139224682516], [-114.72719463309575, 50.19117500272766], [-114.72680010314, 50.191094434458385], [-114.72655415480446, 50.19096380236567], [-114.72627766384242, 50.19077933847086], [-114.72580446241825, 50.18998926604884], [-114.72566325193274, 50.18960411124965], [-114.72556869561478, 50.189272447913744], [-114.7255016320506, 50.18893709213876], [-114.72552457271645, 50.188597776000165], [-114.72565762987495, 50.188249337458615], [-114.72572951981248, 50.18785164665199], [-114.72577801263806, 50.187683796226715], [-114.72584378661954, 50.18754386584381], [-114.72596776669667, 50.18728006722582], [-114.72624204327596, 50.18650672489239], [-114.72648010023255, 50.185922471929715], [-114.72674687460493, 50.18574798185057], [-114.7267008124448, 50.185626381825486], [-114.72637407639432, 50.18532457643481], [-114.72602628097458, 50.18489527248617], [-114.72582841114229, 50.18457903343858], [-114.7255216046532, 50.18373402842145], [-114.72548869943986, 50.18350928591691], [-114.72550118519167, 50.183349266295096], [-114.72564478420425, 50.182920665849856], [-114.72595553797342, 50.18251442765877], [-114.72616742996303, 50.182165834024815], [-114.72654180872503, 50.181496872832234], [-114.72709953911784, 50.180991692465675], [-114.72794598494723, 50.18012835550101], [-114.72837904160454, 50.179649091656984], [-114.72910149309881, 50.178744143682785], [-114.72967123034702, 50.17789535565429], [-114.73115171805937, 50.17644912373939], [-114.73150167527345, 50.1759810265558], [-114.73164427956226, 50.17574995558931], [-114.7317299829705, 50.17547815498407], [-114.73183266236911, 50.17526248508031], [-114.73173380322837, 50.174747844894526], [-114.73153993259083, 50.174367665332205], [-114.73144833754104, 50.17377615521324], [-114.73127356407446, 50.173314742153146], [-114.73113196281487, 50.17302202590301], [-114.7311159170282, 50.172915581877675], [-114.73127593649077, 50.172610470536064], [-114.73127284053955, 50.172358665636466], [-114.7312276020056, 50.17217587048687], [-114.73122736305946, 50.1720771108272], [-114.73145478215365, 50.17171096197655], [-114.73196771812877, 50.171112923073984], [-114.73216169985633, 50.17092062628217], [-114.73226613618873, 50.17066719957014], [-114.73241238762023, 50.17041819324004], [-114.7324941104158, 50.1701121547246], [-114.73280542679106, 50.1699851098537], [-114.73322385291587, 50.16984396112073], [-114.73350042647367, 50.16972970987793], [-114.73364867934413, 50.16961292165779], [-114.73357373705578, 50.169186161083395], [-114.73355107139275, 50.16896703299298], [-114.73363922161207, 50.16870249000043], [-114.73356549197409, 50.168439844885995], [-114.73336629721089, 50.16812525225619], [-114.73307969684096, 50.167814052016375], [-114.73283176917293, 50.16760802616668], [-114.73206867293894, 50.16732789041514], [-114.73171673733474, 50.167130310112945], [-114.7313527890377, 50.166831755386504], [-114.73087160122813, 50.1665254906648], [-114.73046450881047, 50.16631062605807], [-114.73004980626386, 50.16602005248518], [-114.72984984409766, 50.16586635444423], [-114.72971493493232, 50.165787781096604], [-114.72960813417937, 50.16567922526029], [-114.729491438234, 50.16544676087739], [-114.72935089766167, 50.16528674198163], [-114.72902340082578, 50.164988871194474], [-114.728714316688, 50.164597825640655], [-114.72841720022643, 50.16414730369971], [-114.72822496028132, 50.164021289714796], [-114.72780282440634, 50.16380095502184], [-114.72758469050218, 50.16364710965516], [-114.72695245712848, 50.16307365210405], [-114.72673840617882, 50.1627697557655], [-114.72648913403806, 50.162510199944684], [-114.72627606836217, 50.16232266507621], [-114.72602444324716, 50.16215411699552], [-114.72572767044218, 50.161858644920805], [-114.72572137987399, 50.161820290257154], [-114.72573040445401, 50.161623161876456], [-114.72574647006381, 50.161456580163836], [-114.7258953078672, 50.16121966408536], [-114.72608891492666, 50.160917613081544], [-114.72630564876339, 50.16065919975256], [-114.72643982386401, 50.160548271699625], [-114.72670318586894, 50.16042866449797], [-114.72693268697428, 50.16035421254233], [-114.72710313365594, 50.16027096048272], [-114.72727577861599, 50.16014192184782], [-114.72745082399165, 50.15996199915926], [-114.72756299792498, 50.15977064418521], [-114.72760218460654, 50.15961351690454], [-114.72760120449477, 50.15930390243875], [-114.72749657956203, 50.15900024586834], [-114.72737969346326, 50.158720644717924], [-114.72736335808735, 50.15846793526964], [-114.72742568875263, 50.15824879988955], [-114.72751064906873, 50.15803787102691], [-114.72754677757219, 50.15776362603637], [-114.7275388883291, 50.15741055388477], [-114.72762331335036, 50.1569498712488], [-114.72777533155019, 50.156726360821466], [-114.72773648759859, 50.15645474177201], [-114.72777409278122, 50.1550039601243], [-114.727893287491, 50.15431647034711], [-114.7278554938204, 50.15370755431869], [-114.72789042076465, 50.15318809014312], [-114.72787681524228, 50.15238413568306], [-114.72795092419624, 50.15194619895829], [-114.72796901525875, 50.15131894186355], [-114.72791015548705, 50.15086822492933], [-114.7278602008621, 50.15029049036322], [-114.7278445046457, 50.149710044991814], [-114.72778001957187, 50.14912306284611], [-114.72761347213641, 50.148338192692854], [-114.72757634344818, 50.148240191852025], [-114.72727161972493, 50.147890264383825], [-114.72717228462044, 50.147739978936194], [-114.72676873046889, 50.14697570877768], [-114.72644708324096, 50.14644921118304], [-114.72630090947072, 50.14617292236872], [-114.72599255623444, 50.145999012474704], [-114.72571456259186, 50.14578308340591], [-114.72552900029928, 50.145188844164004], [-114.72552385258788, 50.14503975330137], [-114.7255340003225, 50.1449272642072], [-114.72564432836887, 50.14478548937982], [-114.72567159394568, 50.144744888921444], [-114.72577344371194, 50.14457247022848], [-114.72583205187753, 50.144383424658926], [-114.72584988920656, 50.14421488877799], [-114.72575970409497, 50.143463025388186], [-114.72561661994067, 50.14283834179287], [-114.725602928436, 50.14253762544235], [-114.72563629003855, 50.14191128190155], [-114.72577321864439, 50.14155417971178], [-114.72594918095791, 50.14133123150032], [-114.72614108894184, 50.14073238002458], [-114.72619435502341, 50.14062363102758], [-114.7264198839899, 50.14039797911559], [-114.72654608330015, 50.14003464960783], [-114.72685530230558, 50.13966068905835], [-114.7271364819742, 50.139370741213796], [-114.727117371611, 50.13904162516215], [-114.7271310361399, 50.13885143124877], [-114.72715650808138, 50.13877782351887], [-114.72716037878827, 50.138750521732796], [-114.72755934120981, 50.13847633409364], [-114.72774652722859, 50.13825648831285], [-114.72797550247313, 50.13810762388244], [-114.72805401850955, 50.137967791127586], [-114.72796090015241, 50.13690653335633], [-114.7279157519474, 50.136689178533736], [-114.72761748758133, 50.13602614033711], [-114.72757608741694, 50.13557019766133], [-114.72757159808896, 50.13552065070649], [-114.72771186276357, 50.13513428134251], [-114.72784555879721, 50.13485226875744], [-114.72815346927455, 50.13435862432412], [-114.72828810642557, 50.13407568845885], [-114.72838059687565, 50.13365777827009], [-114.72855061119824, 50.13332046315127], [-114.72884490754919, 50.133022443825716], [-114.72894514061488, 50.13241315349791], [-114.7291249781139, 50.132103642776116], [-114.72937681769123, 50.13180466825123], [-114.72955955298207, 50.13149866179561], [-114.72962566856125, 50.13125304271482], [-114.72988291990893, 50.13099042402659], [-114.73029383621034, 50.130767622833375], [-114.73042644776841, 50.13056364321167], [-114.73036761057054, 50.130199868505265], [-114.73046253856145, 50.129614029673455], [-114.73068266687146, 50.12938964320785], [-114.7309231075763, 50.129071423771286], [-114.73113119617035, 50.12883470719768], [-114.73140204162304, 50.128438106376066], [-114.73174973896586, 50.12798837062171], [-114.7319911964101, 50.12761888725188], [-114.7322721203806, 50.12681508730691], [-114.7324145761895, 50.12638679754134], [-114.73256039545079, 50.126068757787095], [-114.73277494987455, 50.12569202353188], [-114.73291195753097, 50.12531886067766], [-114.73298579621884, 50.12517719785546], [-114.73307581620041, 50.12504202336896], [-114.73311858832547, 50.12475366795141], [-114.73313312572425, 50.12437173323385], [-114.73310238901455, 50.12350453237538], [-114.73312359054752, 50.1234160674973], [-114.73319715027252, 50.12310893300136], [-114.73342541625244, 50.12258282209964], [-114.73369262802154, 50.12191419713745], [-114.73410938823085, 50.12135431927846], [-114.73435078856588, 50.12124222148057], [-114.73459850378447, 50.121181428663434], [-114.73536575014148, 50.12097908616484], [-114.73477492369173, 50.1209640674546], [-114.73436539559899, 50.12089933202271], [-114.73400768613669, 50.120582537777366], [-114.73389262694555, 50.12029426110022], [-114.7328268848211, 50.11922271836221], [-114.73273576828089, 50.118880557415395], [-114.73271755008788, 50.11880640858348], [-114.73266450295296, 50.11859037737463], [-114.73258127693765, 50.118027880556255], [-114.7324715936342, 50.1176468614035], [-114.73256271583725, 50.11733062241898], [-114.73253551556279, 50.11639784218241], [-114.73242634961659, 50.116284758553064], [-114.73226719460158, 50.11616647958862], [-114.73186630327383, 50.115994337723315], [-114.73150172136896, 50.11572790553802], [-114.73094423281385, 50.11531779609685], [-114.73033739243485, 50.11489753174146], [-114.72961394683973, 50.114224571617896], [-114.72933577227015, 50.11410961038021], [-114.72896819175246, 50.11391042841663], [-114.72870007584294, 50.11371364251009], [-114.72827944265136, 50.11353535073403], [-114.7278259920733, 50.11339820883499], [-114.72725725594766, 50.1131783521719], [-114.7266228307943, 50.11304397805017], [-114.72586163585213, 50.112636423348256], [-114.72514920918472, 50.11252119080009], [-114.72427480337281, 50.11258546173471], [-114.72303976474628, 50.11225655217063], [-114.72270974557678, 50.11211577786881], [-114.72223282989731, 50.11180395796965], [-114.72190871803411, 50.111426377720406], [-114.72176798472736, 50.11063135796407], [-114.72175958477555, 50.11058397139188], [-114.72170367483572, 50.11035533326528], [-114.72161676372427, 50.11012773287358], [-114.72103962242424, 50.10948675131256], [-114.72064131238606, 50.109214441614974], [-114.72054409933854, 50.10885135816501], [-114.72053331106058, 50.10854484301846], [-114.72060749252077, 50.108241222592376], [-114.72072800966043, 50.10792259774819], [-114.72091606060337, 50.10755748123488], [-114.72107820931569, 50.107324990203], [-114.72118149740392, 50.10719704899821], [-114.72138820870447, 50.1069267526241], [-114.72144423533433, 50.10678410021006], [-114.72094940742765, 50.106210609403135], [-114.72087056271289, 50.10606050701057], [-114.7207777818555, 50.10593735817484], [-114.72072291800497, 50.105855332705296], [-114.72006105906114, 50.1054195065194], [-114.71972038222235, 50.105214972057816], [-114.71933005261018, 50.10508486814376], [-114.71899061982391, 50.104869487133975], [-114.71883823342375, 50.10476368720699], [-114.71861607725937, 50.10462630051133], [-114.71832518217467, 50.10452313334062], [-114.71782765227051, 50.104441771890826], [-114.71740227890345, 50.104393106351566], [-114.71708074296792, 50.10438206797357], [-114.71670349720523, 50.10425746116666], [-114.71634209629424, 50.10409044337834], [-114.71564140035152, 50.10382475146595], [-114.71544602533844, 50.10371271986441], [-114.71481845200596, 50.1034668689041], [-114.71352547704198, 50.10314248737442], [-114.71300941880679, 50.10290495265823], [-114.7122285789436, 50.102368133973535], [-114.71155529624379, 50.10181204361571], [-114.71086423609037, 50.101110888437624], [-114.71057635979666, 50.10095548229008], [-114.71045257897575, 50.100593577830644], [-114.71044718601766, 50.100414733307694], [-114.7103031275743, 50.10012799194266], [-114.70999535971688, 50.09975197130084], [-114.70984397876128, 50.0995435596438], [-114.70944495751047, 50.09885184374575], [-114.70923698315626, 50.0985355533024], [-114.70828220243283, 50.0975443324403], [-114.70785068629722, 50.09703382925851], [-114.70766963465888, 50.09676646919086], [-114.70744208773614, 50.09657057238828], [-114.7071970537992, 50.096391119897596], [-114.70697553924249, 50.09626626924185], [-114.70684766653243, 50.096209119878026], [-114.70563104676336, 50.095417023414306], [-114.70508882200521, 50.09512782371058], [-114.70473582012256, 50.09473884336675], [-114.70440543491691, 50.094504372877005], [-114.7040633816588, 50.09414290036604], [-114.70441426440678, 50.093502443098686], [-114.70443427127522, 50.0931430229031], [-114.70429595524324, 50.09276066253892], [-114.70429730485475, 50.09244044383313], [-114.70428589098478, 50.09209477817219], [-114.704261154284, 50.0916768877491], [-114.70420867107731, 50.09090404227728], [-114.70420938071445, 50.09053882336893], [-114.704412942047, 50.090201029093606], [-114.70486221218849, 50.089845662700526], [-114.70492399886743, 50.0897403596353], [-114.7045981540504, 50.089766442655105], [-114.70408262602041, 50.08968173346015], [-114.70307441372108, 50.089476423261324], [-114.7022466306279, 50.08929986262045], [-114.70185898094523, 50.08921839742638], [-114.70135602401615, 50.08903390050767], [-114.70081646880087, 50.08885406859204], [-114.70025767042252, 50.08872602469576], [-114.69957035272002, 50.08847846961297], [-114.69952997383827, 50.08831419782757], [-114.6993960500706, 50.088147573032295], [-114.69916455376016, 50.08790996023317], [-114.69912028886763, 50.08764519729297], [-114.69896130785851, 50.087415682609176], [-114.69861246153408, 50.08720157182457], [-114.6982843726576, 50.08695244331211], [-114.69807577891918, 50.08663704287136], [-114.69791781836821, 50.08631546291696], [-114.69750379653492, 50.08556057797761], [-114.69738562225845, 50.08516781155174], [-114.6973447788129, 50.08498077930512], [-114.69729143051391, 50.08486096028175], [-114.69672224354609, 50.0843647987786], [-114.69653026702673, 50.08376186824193], [-114.69650733850773, 50.083111868714404], [-114.69648092057844, 50.082615088231755], [-114.69635873794124, 50.08238030702196], [-114.69633793911994, 50.08187971358148], [-114.69598710486487, 50.08132217817779], [-114.69558766729337, 50.080670133507745], [-114.69537419490143, 50.08028085054141], [-114.69507946596084, 50.07977841108207], [-114.6948677770557, 50.07941076012123], [-114.69474144157394, 50.07902746332607], [-114.69426353670185, 50.078715043302964], [-114.69400486617874, 50.07846422437124], [-114.69370528424506, 50.07822713335805], [-114.69318944607674, 50.077525450070176], [-114.69257910502841, 50.07640371511661], [-114.6924496396326, 50.07583797821077], [-114.69229771615731, 50.07539055887652], [-114.69232708354824, 50.07477763112482], [-114.69240874872767, 50.07429886956113], [-114.69244948289398, 50.073740140706896], [-114.69244517402699, 50.073013178386155], [-114.6923281684549, 50.07253766919922], [-114.69257813409718, 50.07198850823858], [-114.69281740659902, 50.07153977801967], [-114.69282171668021, 50.071334261624294], [-114.69278639174257, 50.07122062425822], [-114.69254928419225, 50.07113153245866], [-114.6924198637094, 50.07103179170447], [-114.69213586429518, 50.07091435303515], [-114.69179736619535, 50.07083737860891], [-114.6900539921667, 50.0703458695807], [-114.68920639279729, 50.0700366693731], [-114.68880777300703, 50.06986579215719], [-114.6885726096025, 50.06976273318748], [-114.68828198512402, 50.06969517319543], [-114.6877722759305, 50.06971377258976], [-114.68741039098167, 50.06972470067325], [-114.68699661137227, 50.0696481015211], [-114.68624734643363, 50.069274869701594], [-114.68589669292908, 50.06900877202714], [-114.68566541552252, 50.06881964329557], [-114.68546983651534, 50.068699773356904], [-114.6852280613174, 50.06853499151826], [-114.68499207975718, 50.0684023534215], [-114.68476344062607, 50.068211792215045], [-114.68454577087556, 50.06809115890121], [-114.68409619059256, 50.067854534622796], [-114.68397345496687, 50.067805559674525], [-114.68385176509993, 50.067757024725964], [-114.6833826223485, 50.067297708423986], [-114.68279442181954, 50.066839862625834], [-114.68236965358335, 50.06643013385861], [-114.68218676976312, 50.066076449667236], [-114.68191807804276, 50.06582196048798], [-114.68166200211563, 50.06556675307342], [-114.68160876418958, 50.06533717964956], [-114.68164223987368, 50.064873662284604], [-114.68163294459752, 50.06467388876061], [-114.6815550793783, 50.06453546877952], [-114.68148581510432, 50.06439219205614], [-114.68143118974963, 50.06433570111982], [-114.68134880666332, 50.06428273479482], [-114.6809153313224, 50.064178998661745], [-114.68019469867353, 50.06392392084281], [-114.67971607745082, 50.06366966308569], [-114.6794605609947, 50.06356510772953], [-114.67924823411543, 50.06348556026325], [-114.67892863433623, 50.06346626946428], [-114.67873200672686, 50.06348572166335], [-114.67849656862427, 50.06349898008115], [-114.67834829631462, 50.06350141256], [-114.67810720019209, 50.06357395396381], [-114.6778385869369, 50.0635793415394], [-114.67704985222825, 50.06382079175354], [-114.67641261850397, 50.063989114607196], [-114.67612694803556, 50.06404337951403], [-114.6759786204387, 50.064062051244434], [-114.67578336783811, 50.06407604435588], [-114.67476476001089, 50.064179800032896], [-114.6737683493586, 50.0641632827199], [-114.67290645747536, 50.06402836071773], [-114.67280561294089, 50.06401258088153], [-114.66993434115747, 50.06467593445394], [-114.66939349658733, 50.06457002523331], [-114.66883125757852, 50.06458344494774], [-114.668628341134, 50.064774735669815], [-114.66850659811517, 50.065084890953756], [-114.66808549587094, 50.06531551029132], [-114.66738858554723, 50.065459665000965], [-114.66675910924513, 50.065567155046864], [-114.66298961798124, 50.06566301275667], [-114.66369783710424, 50.06541993663631], [-114.66420574642822, 50.06503251718427], [-114.66485436550064, 50.06439423177996], [-114.66542207521275, 50.0635222330574], [-114.66573082994529, 50.06280886383569], [-114.66607345012109, 50.06196101246444], [-114.66641145599156, 50.06109879375831], [-114.6669718560756, 50.060318393840554], [-114.66709005570101, 50.059493141227286], [-114.6674152347611, 50.058837560705314], [-114.66744454639256, 50.058174250578865], [-114.66740208592996, 50.05721583147407], [-114.6673002341706, 50.05676799394906], [-114.66709323651327, 50.056310445102866], [-114.66673200186952, 50.05554083222946], [-114.66653325287702, 50.054948012716785], [-114.66702808550305, 50.05373090315335], [-114.66709700211165, 50.05355364481112], [-114.66711967380509, 50.05333759293005], [-114.66709234282564, 50.052997392733744], [-114.66687558312037, 50.0521818708811], [-114.6669133567248, 50.05172742591996], [-114.66713465268306, 50.05148939939172], [-114.6674916669716, 50.051253735375525], [-114.66858768423808, 50.05060650170042], [-114.66906419642828, 50.05046137312072], [-114.66935418330627, 50.05042887063389], [-114.66966561430802, 50.050302644645846], [-114.6699647643794, 50.05021503120363], [-114.67050707265626, 50.05021156026404], [-114.67109570424098, 50.05017483156057], [-114.671473995561, 50.0501541790758], [-114.67164925301408, 50.050065172240046], [-114.67204637593282, 50.04970097970934], [-114.67222018156804, 50.049570334196], [-114.6724757643904, 50.049421153803785], [-114.67290458181405, 50.04925791383838], [-114.67329900311914, 50.049107758766404], [-114.67372003409982, 50.049011378454814], [-114.6741262917694, 50.04893137936576], [-114.67457258192105, 50.048774829716585], [-114.67561936464637, 50.04868252023756], [-114.67585584638643, 50.048588308355484], [-114.6764121952085, 50.048355462330505], [-114.67683436473928, 50.04822744911414], [-114.67691679722134, 50.04820246191009], [-114.67710873875184, 50.048084598347124], [-114.67656241492111, 50.047553578992876], [-114.67652304799694, 50.04721095202799], [-114.67658980816648, 50.04704315995561], [-114.67646813732475, 50.04677495852663], [-114.67618805239792, 50.04645035899606], [-114.67607318260957, 50.04631112081124], [-114.67582551747515, 50.046107887807636], [-114.67538460077165, 50.045901662999334], [-114.67489984723369, 50.04556239205472], [-114.67436551811106, 50.045305443073715], [-114.67435534345955, 50.04511092040083], [-114.67432229210408, 50.044869159062785], [-114.67423640137177, 50.04468032091879], [-114.67410031803327, 50.04437351986826], [-114.67404091593595, 50.044179042452356], [-114.67397029110573, 50.04397935984853], [-114.67384440675747, 50.04382862369111], [-114.67352380071523, 50.043755597464916], [-114.6729679608665, 50.04346195215857], [-114.67290385316589, 50.04342991456218], [-114.67266785287408, 50.04331197794566], [-114.67244093491406, 50.04320846265891], [-114.67220556120174, 50.04307762428707], [-114.67172292148715, 50.04290293378362], [-114.67140855443807, 50.04280435891999], [-114.67103459926592, 50.04272355916775], [-114.6705811365468, 50.04265628812886], [-114.67015642658741, 50.04262391419966], [-114.66942351663467, 50.042625753809155], [-114.6686452690849, 50.042309798579645], [-114.66792628219267, 50.042039823529535], [-114.66718220039593, 50.04177302378725], [-114.66699739364905, 50.04168768217531], [-114.66665786897386, 50.041588198044224], [-114.66630024338222, 50.041523179332245], [-114.6657170435997, 50.04106441136116], [-114.66559588242708, 50.04068986401527], [-114.66539330153698, 50.0406377526037], [-114.66524216093866, 50.040586134724265], [-114.66519488900002, 50.04055163106819], [-114.66516808109765, 50.04048947016756], [-114.66493719852123, 50.04041141175231], [-114.66482605099334, 50.04029528967903], [-114.66461685085504, 50.0401889795291], [-114.6648735534422, 50.03994901132255], [-114.66496188224357, 50.039767399253215], [-114.66501307007792, 50.03958995918765], [-114.66541082394323, 50.038775934718664], [-114.66542771448711, 50.03843170743065], [-114.66623111365193, 50.037633392405745], [-114.66667217258242, 50.03724317158987], [-114.667217340976, 50.03694466349254], [-114.66761069983941, 50.0368392102534], [-114.66799406964888, 50.03659504313177], [-114.66802520425611, 50.03658666902654], [-114.66808099176316, 50.03641506934038], [-114.6680871732675, 50.03623857162501], [-114.66808191477448, 50.036180262777066], [-114.66805766999607, 50.036133553351135], [-114.66744503038677, 50.03575996009158], [-114.66698682195137, 50.03547368785526], [-114.66677795800481, 50.03534535267555], [-114.66655148716303, 50.03529222447688], [-114.66644501061528, 50.03529908242398], [-114.66638457764653, 50.03533564963156], [-114.66629891408786, 50.03533097832735], [-114.66604562361351, 50.035240682009864], [-114.66530346855038, 50.034945597613714], [-114.6647460222435, 50.03480974050268], [-114.66355866805016, 50.03468510835949], [-114.66274323991931, 50.03422070808088], [-114.66269684017985, 50.03412665059383], [-114.66279126644793, 50.0339081602405], [-114.6627475121918, 50.03371364292797], [-114.66259795687166, 50.033505069681546], [-114.66220308619272, 50.03320588896387], [-114.66216886519216, 50.0329101020305], [-114.66206082710217, 50.032589579809795], [-114.66182193000589, 50.03235006341329], [-114.66157602100455, 50.032198308762155], [-114.66088498869654, 50.031761580057875], [-114.66004993077364, 50.031242779085666], [-114.65975280699824, 50.03095732042496], [-114.65932840192052, 50.03039987043917], [-114.65873060609798, 50.02986017250526], [-114.65889904467267, 50.02952855953954], [-114.6590422461386, 50.02935295957398], [-114.6592274643075, 50.02914093440702], [-114.65945852962534, 50.02903330089684], [-114.65965817363262, 50.02888404349067], [-114.65983248424857, 50.02864395411708], [-114.66010800033553, 50.02814573435701], [-114.6604470379802, 50.02802002386345], [-114.66062118758589, 50.02791039856515], [-114.6608436597581, 50.02771112139536], [-114.66105810976632, 50.02741188178701], [-114.66119924506194, 50.027161061804385], [-114.6612891497284, 50.026937081453006], [-114.6612755486048, 50.026784191646165], [-114.66118021932215, 50.02659482435979], [-114.66114814954146, 50.02635570840196], [-114.66109559478494, 50.02610931469798], [-114.66093320579716, 50.02581439254946], [-114.66073762023211, 50.02550008757037], [-114.66053852927067, 50.025254688533934], [-114.66038612867017, 50.025072810583104], [-114.66028498720075, 50.02484235304825], [-114.66011452838663, 50.02429699802549], [-114.65994079201602, 50.02330248862636], [-114.66003522453462, 50.02288395906156], [-114.66005274797979, 50.02278866953185], [-114.66002197262016, 50.02270446937658], [-114.65975545718838, 50.02234517885006], [-114.65959459746627, 50.02213639178486], [-114.65940618695927, 50.02189973349713], [-114.65927534620404, 50.02167254030235], [-114.65923508089094, 50.021438862911545], [-114.65920148354098, 50.02120115253752], [-114.65911454786888, 50.020999797941435], [-114.65875374764457, 50.02066072105069], [-114.65867521799628, 50.020380261884384], [-114.65855208243318, 50.02010772071498], [-114.65849303754369, 50.020013759057754], [-114.65847246145613, 50.019897578416746], [-114.65858849443832, 50.019747108403784], [-114.65870508232373, 50.019567487511594], [-114.65877204201588, 50.01938506807399], [-114.65878159150812, 50.01922371966099], [-114.65889004287897, 50.01900566186558], [-114.6590975136716, 50.01875508764043], [-114.65930879843852, 50.01849251416469], [-114.65957878454236, 50.01821604377574], [-114.65996258454956, 50.017732598541514], [-114.66093676501528, 50.01675546935505], [-114.66145164137971, 50.01632863015472], [-114.66184312784769, 50.01587006872115], [-114.66226015101174, 50.01537335281317], [-114.66257939030142, 50.01487599658218], [-114.66275510755767, 50.01443513262131], [-114.66283682316062, 50.01395818999578], [-114.66280297215111, 50.01338895902994], [-114.66265946058327, 50.01277793904204], [-114.66277202363196, 50.011952570528756], [-114.66286559763927, 50.0113107061718], [-114.6629591629424, 50.01097037678453], [-114.66333232430163, 50.010412938967875], [-114.6636211627256, 50.01002570008872], [-114.66393154560193, 50.009741312206025], [-114.66402850577582, 50.00963186823098], [-114.6640751067212, 50.00938160887963], [-114.66406951113422, 50.00905748051801], [-114.6640312158277, 50.00848926770499], [-114.66414162178204, 50.00838330684993], [-114.6643383060514, 50.008200377499975], [-114.66439310633544, 50.00804855098324], [-114.66448738325569, 50.00783095045314], [-114.66444936223427, 50.007635861021114], [-114.66477606065622, 50.007420332136256], [-114.66516212545972, 50.00727057025871], [-114.66561650608891, 50.00716815716559], [-114.66568586119033, 50.00711917753588], [-114.66580194368345, 50.00708553131467], [-114.66618346006538, 50.006931279294065], [-114.66624454539055, 50.00681351174262], [-114.66627126136066, 50.00667395733053], [-114.66626944040036, 50.00647440894831], [-114.66626735064281, 50.00632215154613], [-114.66623580274039, 50.0060962228562], [-114.6661614912597, 50.00584157652609], [-114.6659645507025, 50.00548209982012], [-114.66618073036517, 50.00521408561036], [-114.66650030523836, 50.00494555120828], [-114.666803162487, 50.00462096999187], [-114.66698425965095, 50.004462087072035], [-114.667134833509, 50.00423882252997], [-114.66745223287226, 50.00366471279171], [-114.66751074934572, 50.00349451129612], [-114.6676258913975, 50.00329373051882], [-114.66766001505756, 50.003080738099314], [-114.66764694435368, 50.00276022142939], [-114.66758107168053, 50.002500957232606], [-114.66751485337896, 50.00218342123752], [-114.66744469141449, 50.00187755646918], [-114.6673757039025, 50.00164478854805], [-114.66731234280532, 50.001491299058124], [-114.66725886052855, 50.0014262868393], [-114.66717211019515, 50.00137544049685], [-114.66681827752016, 50.001303550332366], [-114.66631547946238, 50.00102355716517], [-114.66613736882177, 50.00101277668065], [-114.66596203825436, 50.000944479960864], [-114.66552316294833, 50.0004966410571], [-114.66522207722288, 50.00037364185369], [-114.66476025104768, 50.00028517675444], [-114.66402001930712, 50.000182105176805], [-114.66361239345575, 50.000031389908706], [-114.66356558798407, 50.00000669953607], [-114.66301867077271, 49.99971822141287], [-114.66263950387427, 49.99953746111434], [-114.66221514704179, 49.99936540914872], [-114.66173094054314, 49.999196956589174], [-114.66087576580593, 49.99898735710356], [-114.66014263070622, 49.99887639591346], [-114.65986527072027, 49.99878226822715], [-114.65950559357398, 49.9986013514241], [-114.65886514583696, 49.99845622895578], [-114.65865207056763, 49.99834742316083], [-114.65856036713302, 49.998277041590136], [-114.65831478672187, 49.99795710060744], [-114.65814910189518, 49.997835951829266], [-114.65785054005418, 49.99768564726617], [-114.65750541081654, 49.99757288679511], [-114.6571665405915, 49.99748428637934], [-114.65681561085941, 49.99733775099023], [-114.65650126832968, 49.99716684194493], [-114.65614381048597, 49.996846899749904], [-114.65598196505888, 49.996723396430966], [-114.65537103714489, 49.99643893193591], [-114.65450370170826, 49.99596619096667], [-114.65423007513824, 49.995768331892094], [-114.65390381112266, 49.9953938218801], [-114.65363422936545, 49.99513537039553], [-114.65338316558625, 49.99474851895251], [-114.65313972581394, 49.994462280323766], [-114.652897904972, 49.99429628756916], [-114.6526543455458, 49.994089378392125], [-114.65215907339011, 49.99349060984324], [-114.65219789934733, 49.99327466101677], [-114.65245417595445, 49.99254042888079], [-114.65277022874214, 49.991951286485985], [-114.6533500982664, 49.99093559685107], [-114.65372783381616, 49.99022191888004], [-114.65386429830748, 49.990022706728034], [-114.6539914533839, 49.98970788760663], [-114.65403896344263, 49.989497267173824], [-114.65404029883676, 49.989011886646985], [-114.65420357634996, 49.98852222185235], [-114.654329737802, 49.98822249926494], [-114.65433445177749, 49.988010286325455], [-114.65435426573214, 49.987879448589496], [-114.65444571632463, 49.98761493121722], [-114.65452030481615, 49.987285369548786], [-114.6546722341424, 49.98693450652805], [-114.65458202623682, 49.98672031220874], [-114.65443140766577, 49.98652009848508], [-114.65416924499824, 49.986312821852316], [-114.65412881282907, 49.98618575811835], [-114.65419380861191, 49.985848408361214], [-114.654069336675, 49.98421579581221], [-114.65396891596274, 49.98363982120147], [-114.65395749694314, 49.98341478864354], [-114.65389876219709, 49.98313102185743], [-114.65396291592927, 49.982534866611545], [-114.6539496504134, 49.98234707902372], [-114.65387853648409, 49.982110466444375], [-114.65382157901615, 49.981793595077555], [-114.65364608471772, 49.9816109756282], [-114.65338295972724, 49.98083566675865], [-114.65345507074214, 49.98047600783731], [-114.65344133403642, 49.98037475152667], [-114.65309675925944, 49.98005253755608], [-114.6529994062643, 49.9798776997671], [-114.6528674252733, 49.979754795671255], [-114.65225470067912, 49.979051119184795], [-114.65202774164018, 49.97888782837375], [-114.6517486946905, 49.97874239600115], [-114.65165309637082, 49.97861815106528], [-114.65154334002128, 49.97842115657454], [-114.65134675874314, 49.97740250481429], [-114.65133494112705, 49.97687808583852], [-114.65149702930759, 49.975920222081236], [-114.65169135834519, 49.97561420831941], [-114.65199054068671, 49.97523831756211], [-114.65224597111929, 49.974852757290726], [-114.6527388222185, 49.97422315666663], [-114.6534783786532, 49.97357933141309], [-114.65358773354512, 49.97343847829807], [-114.6537030818489, 49.97321239492526], [-114.6538016804393, 49.97279362195256], [-114.65382484182186, 49.97263653139519], [-114.65391255847206, 49.972159884834156], [-114.65391420455732, 49.97197237532669], [-114.65388420231221, 49.97170035652346], [-114.65393019132603, 49.97144219596395], [-114.65391199060204, 49.97101896953768], [-114.65382678283822, 49.970756408144], [-114.65386642135618, 49.970575607286754], [-114.65386511909527, 49.970195827254436], [-114.6538963702342, 49.97001538824752], [-114.65389171181309, 49.96976275588756], [-114.65392071242752, 49.96961013112864], [-114.65411482788326, 49.9692966658506], [-114.65419466148234, 49.969187685788654], [-114.65447684142214, 49.96879763992706], [-114.65449513721117, 49.968650466335674], [-114.65463233896905, 49.96845654905545], [-114.6549607587857, 49.96830906012399], [-114.65515557592613, 49.968188175397195], [-114.65525997064461, 49.96806322103455], [-114.65529589177734, 49.96790729809282], [-114.65527428077733, 49.96773855518103], [-114.65518584768651, 49.96756364637029], [-114.65504907867229, 49.96740764017463], [-114.65481615074474, 49.96719309820753], [-114.6547997578327, 49.96707013678542], [-114.65492358219348, 49.9669764662525], [-114.65536700136462, 49.9668442202026], [-114.65575826620551, 49.9667691746667], [-114.65592873799415, 49.96675253610591], [-114.65616277000501, 49.966757266361725], [-114.65654044922195, 49.966734330589304], [-114.65680506820418, 49.966683916609504], [-114.65724322755264, 49.966678375517475], [-114.65766390003027, 49.96663111086297], [-114.65833331845852, 49.96645395563415], [-114.65858984906188, 49.96628638845185], [-114.65873057779578, 49.96625522047392], [-114.65908735906378, 49.96627685809427], [-114.6593449903116, 49.966344574236714], [-114.65983880394943, 49.96655597456373], [-114.66022282306993, 49.96663105950956], [-114.66094355875194, 49.96667927798756], [-114.66135389276897, 49.966673128972076], [-114.6619967148079, 49.9666380193723], [-114.66311779058346, 49.96673277463271], [-114.66429924203335, 49.96688917348863], [-114.66537293462906, 49.966944708863885], [-114.66673157281156, 49.96696432808064], [-114.66693360531103, 49.96696724590316], [-114.66817513368441, 49.96698517306843], [-114.66874509667058, 49.966984219584226], [-114.66893223122304, 49.96698389719073], [-114.66935204313053, 49.96698317436327], [-114.67002085056728, 49.96698203740677], [-114.67021803160638, 49.96698170192481], [-114.67073423278612, 49.96700493548861], [-114.670761671355, 49.967006174069965], [-114.67099179248376, 49.96701652828043], [-114.6716247873314, 49.96706610329207], [-114.67231398130669, 49.96712008233181], [-114.67235279223941, 49.96711835461474], [-114.67256810404703, 49.967109993578596], [-114.67289329640855, 49.96709706344728], [-114.67295642660022, 49.96709455471117], [-114.67301014029438, 49.96709048258708], [-114.67436328309923, 49.966988218039084], [-114.67454869774369, 49.96698891469746], [-114.67554112263505, 49.966992657318], [-114.67568942746244, 49.967000624698095], [-114.67594222677158, 49.96701417269106], [-114.67601195456247, 49.967017934144465], [-114.6766864070764, 49.9670541528977], [-114.67709738772989, 49.96711289561649], [-114.677370447144, 49.967171276790545], [-114.67829240851363, 49.96745252742095], [-114.67846507209404, 49.967489263354025], [-114.67902238773198, 49.96750225717711], [-114.67980506673698, 49.967458727773035], [-114.67994531745215, 49.96748799209896], [-114.68010238324672, 49.96761028155904], [-114.68040251791119, 49.96780883747947], [-114.68054571694125, 49.967847682782306], [-114.68068782712994, 49.96790017266594], [-114.6809244865317, 49.96784628137968], [-114.68106513655376, 49.96783650070265], [-114.68123187352901, 49.9677133535718], [-114.68133403318181, 49.96758101850662], [-114.68182091761265, 49.96696825625034], [-114.6822136075927, 49.96663249537835], [-114.68244614431912, 49.96649501696826], [-114.68273339591538, 49.966380236051236], [-114.68299140938734, 49.966275934266434], [-114.68294024787888, 49.966080313346026], [-114.68283947145372, 49.965870824426084], [-114.6830710839425, 49.965349804898146], [-114.68304923432189, 49.964736700877005], [-114.68297431730284, 49.964609365395965], [-114.68277880828299, 49.96441068105978], [-114.68254637499737, 49.96422825682966], [-114.68248103258435, 49.964089752236305], [-114.6824553357002, 49.9638091145407], [-114.68251131718584, 49.963329765859505], [-114.68255360598484, 49.963236443701994], [-114.68269647027705, 49.963016294647225], [-114.68265462543656, 49.962839313486306], [-114.68245540812816, 49.96248428091796], [-114.6823965562271, 49.96219579092304], [-114.68243684520667, 49.96203105547092], [-114.68246413481438, 49.96187176584083], [-114.68246600709726, 49.96183013303407], [-114.68272755526084, 49.96158931336939], [-114.68282640546805, 49.96147108166482], [-114.68292328432112, 49.96127704213714], [-114.68300435568554, 49.9608953906599], [-114.68304840524223, 49.960688062739784], [-114.68334488426301, 49.95978996576139], [-114.68341803133222, 49.95950772631109], [-114.68346100686192, 49.95922506256321], [-114.68346295527343, 49.95899765535068], [-114.68337945082295, 49.95849190009908], [-114.68337530283091, 49.95831965577946], [-114.68339400497281, 49.958235972025705], [-114.68345494111762, 49.95760387406155], [-114.68347411500464, 49.95716266258742], [-114.68353363208969, 49.9569556554873], [-114.68352409622837, 49.95650699107745], [-114.68355612258064, 49.95627295169242], [-114.68376587012006, 49.95559501617979], [-114.68382875950624, 49.95532999159279], [-114.68391567039627, 49.954795436481135], [-114.68395838073205, 49.95464466240516], [-114.68398744924198, 49.95454200350097], [-114.68426924454342, 49.95412451405249], [-114.68440403052516, 49.953780945444585], [-114.684601081081, 49.953294389957904], [-114.68517929420643, 49.95257550709749], [-114.68574716046791, 49.95207549417645], [-114.68591710055743, 49.951901171288185], [-114.68651169516761, 49.951130435949075], [-114.68659257784375, 49.95099600311806], [-114.68677335451977, 49.95083974512445], [-114.68701614059059, 49.95072852597552], [-114.6871977338521, 49.95042989264585], [-114.68725700330847, 49.950123416160324], [-114.68735329430822, 49.94997252603513], [-114.68745942482052, 49.94985684176364], [-114.68751371415001, 49.94977875073942], [-114.68752433234307, 49.94968594409654], [-114.68750673403945, 49.94939074509062], [-114.68759124896386, 49.949242750895735], [-114.68779075899198, 49.949044763343664], [-114.68800797828085, 49.94886636980369], [-114.68835167026207, 49.94853663511592], [-114.68849464831926, 49.94835195148298], [-114.6885884625324, 49.94798715173158], [-114.68860995922653, 49.94777120204826], [-114.68865653925823, 49.94761994518622], [-114.68896230165643, 49.94702565366026], [-114.68926014037504, 49.94671903444386], [-114.68939107000442, 49.94663029289066], [-114.68952637275825, 49.94657221466502], [-114.68990153991646, 49.94651427389792], [-114.69028769542683, 49.94638734483373], [-114.69043025005102, 49.94628920169024], [-114.69050760509931, 49.94619095101062], [-114.6907536673469, 49.94571981506058], [-114.69090398585413, 49.94545906107593], [-114.69102098535546, 49.94519374984913], [-114.69130515880173, 49.94470412478898], [-114.69146026921547, 49.944318679188996], [-114.69157206249307, 49.944108349644026], [-114.69215140384138, 49.94356603498821], [-114.69240806244903, 49.94327069300784], [-114.69265788097715, 49.94309974982685], [-114.69278691395144, 49.94281298913963], [-114.69290246864642, 49.94266703464733], [-114.69321904286001, 49.94234875038176], [-114.69333941155406, 49.94216841511247], [-114.69337975282092, 49.94206464074057], [-114.69335944975197, 49.941904344034256], [-114.6932493717928, 49.94171218818401], [-114.69306029348344, 49.94153532455237], [-114.69290594036983, 49.941423872745084], [-114.69267066685238, 49.941212259142745], [-114.69239317792709, 49.940913679444265], [-114.69206384775724, 49.94060642076388], [-114.69187673108983, 49.94045254967189], [-114.69164706044904, 49.94030730558866], [-114.69141389265451, 49.940196853317765], [-114.69125655777265, 49.94013787354565], [-114.69106677164463, 49.940052871959], [-114.6909835783132, 49.939931743708165], [-114.69087580352021, 49.9396776977976], [-114.69081855793264, 49.9393581045423], [-114.69080660268912, 49.93908258969437], [-114.69073873017363, 49.938751981757136], [-114.69066555594928, 49.93854452473705], [-114.69050446653205, 49.9382273428083], [-114.69039346794858, 49.93811709198641], [-114.69008573734226, 49.93788791206621], [-114.68995622242713, 49.937751834519034], [-114.68984384565445, 49.937610801689154], [-114.6896084015994, 49.93723582125241], [-114.68950142050622, 49.93698744105955], [-114.68937124164246, 49.93674058943984], [-114.68923826514092, 49.93656001498478], [-114.68902603886002, 49.93614132490889], [-114.68898451002217, 49.935944214430044], [-114.68899115582707, 49.93580489267137], [-114.68908622728536, 49.93568656944548], [-114.68926202105524, 49.935593911741435], [-114.68940598183123, 49.93554389177991], [-114.6896015311515, 49.9354151495844], [-114.68964095607785, 49.93530334432049], [-114.68959322582165, 49.93511345345191], [-114.6895812199153, 49.9350041684955], [-114.68967889155427, 49.9348347443454], [-114.68984289059144, 49.934663014103954], [-114.68997878817595, 49.93451950473395], [-114.69029984556815, 49.93415887305149], [-114.69033751850735, 49.93401767970034], [-114.69034713641076, 49.933815904964945], [-114.69089271164023, 49.93273396979551], [-114.69064835458582, 49.93156180159426], [-114.69058553456922, 49.93138305320948], [-114.69052384545692, 49.93103996326959], [-114.69041571564777, 49.93073554237692], [-114.69034412911388, 49.930424652351746], [-114.69031923928637, 49.93006971142537], [-114.6903593093389, 49.92963869846739], [-114.69089840658866, 49.92865423986761], [-114.69112837465825, 49.92750158789515], [-114.69118275420578, 49.92725003931538], [-114.69125074854654, 49.92701887814672], [-114.69131873559905, 49.926638162823295], [-114.69135952824705, 49.92637981342288], [-114.69138672878196, 49.92620305220078], [-114.69152254832763, 49.925118148343714], [-114.69140031582361, 49.92397311115485], [-114.69137312708118, 49.9237011614144], [-114.69133233457737, 49.92338843342852], [-114.69129153352004, 49.923102878734625], [-114.69125074773609, 49.92287174273009], [-114.6911963534089, 49.922681368281964], [-114.69116916506051, 49.922531813676486], [-114.69114197144565, 49.92230065261785], [-114.6908352055785, 49.921336458946676], [-114.69003778536973, 49.920481587365394], [-114.6897971446301, 49.92026805779787], [-114.6884058346627, 49.9191715432162], [-114.68790525455773, 49.9187405233025], [-114.68747179693962, 49.918317180858985], [-114.68694518337398, 49.91743976120307], [-114.68711748666091, 49.91638578037071], [-114.68711990647925, 49.916144471086106], [-114.68712022225466, 49.91611332872411], [-114.68715862244427, 49.915952859226365], [-114.6872816411267, 49.915689143111045], [-114.68735890431101, 49.915237258295974], [-114.68742631246778, 49.91464123970221], [-114.68754374489346, 49.91379601923829], [-114.68764495098215, 49.91354798104846], [-114.6878024589319, 49.91336838773598], [-114.68815845947238, 49.913086961793084], [-114.6882839056335, 49.91295481884424], [-114.6883667833418, 49.91277854227533], [-114.68845074922461, 49.91226325793481], [-114.68884283983498, 49.91087692309206], [-114.68912291028215, 49.90987936101982], [-114.68938425828773, 49.908807470964774], [-114.68951618163541, 49.90843585797634], [-114.6896675992779, 49.90765438686359], [-114.68978956913, 49.906981760719034], [-114.6897960190935, 49.9069462311763], [-114.68998792933908, 49.90613318102439], [-114.68997928516261, 49.905888109388975], [-114.68994916817343, 49.90573843105164], [-114.68985423905252, 49.90560510298877], [-114.68954183942726, 49.90537921888726], [-114.68944523197226, 49.90533529557196], [-114.68922843168531, 49.90529032131625], [-114.68889230280774, 49.90510174162318], [-114.68875761262525, 49.904959579878], [-114.68864954870477, 49.904726586229216], [-114.68859963191842, 49.90452361241021], [-114.68856543209651, 49.90406845729624], [-114.68857777928906, 49.9038090129195], [-114.68854550215745, 49.90354867667465], [-114.6884485090579, 49.9033183092847], [-114.68811861847932, 49.9029110518099], [-114.68798063164354, 49.90251065153815], [-114.6880081665203, 49.90219541288114], [-114.68809732786688, 49.9019358889756], [-114.68827608334867, 49.90162207001322], [-114.68908125594638, 49.900974509033574], [-114.6896941599554, 49.90061165035783], [-114.69027456636795, 49.900305850466594], [-114.69065930135486, 49.9000442306861], [-114.69097052713211, 49.89976190948621], [-114.6912069267761, 49.899487702209626], [-114.69145545685107, 49.898997656079594], [-114.69163810688526, 49.898404650141664], [-114.69166299147014, 49.89820652099291], [-114.6915691280327, 49.89777821193322], [-114.69158968062712, 49.89740435970397], [-114.69173083640474, 49.89713007606522], [-114.69190277252405, 49.89661892137008], [-114.69196384999832, 49.8964201216375], [-114.69197711958681, 49.89628872186275], [-114.69196992099168, 49.89614343803668], [-114.6915968884346, 49.89574679895329], [-114.69117076559257, 49.894965127440614], [-114.68985914487222, 49.89349407701567], [-114.6894591073059, 49.89312083038864], [-114.68911398967347, 49.892822449506404], [-114.68887732516602, 49.89264498012335], [-114.68848427978604, 49.8924176110941], [-114.68835289806859, 49.89231063180307], [-114.68818785347803, 49.89220835949622], [-114.68776177023688, 49.89197312861124], [-114.6870603244453, 49.89167121172032], [-114.68668459507013, 49.89143157961475], [-114.68632568478407, 49.8910141475263], [-114.68607319618901, 49.89058447025292], [-114.68592688652657, 49.89042936685335], [-114.68554323451649, 49.89013303207682], [-114.6850815177654, 49.889870780228215], [-114.68499576377774, 49.88970019821373], [-114.68499477613886, 49.88946634141313], [-114.6852363883988, 49.88918083170014], [-114.68547522558586, 49.88899145058137], [-114.68552036321078, 49.88887737948361], [-114.68519577537579, 49.88878325758655], [-114.68501391631385, 49.88873336731294], [-114.68487836755253, 49.88865692218833], [-114.68439921234354, 49.888424179891985], [-114.68403024673806, 49.88821885724252], [-114.68394755560881, 49.88818125120652], [-114.68356683296648, 49.88800804975028], [-114.68319487694997, 49.887748694952464], [-114.68289276925606, 49.887542928647925], [-114.6827093865006, 49.88729994743623], [-114.68250512134948, 49.88710030179731], [-114.68216020597352, 49.88696145754817], [-114.68207554038855, 49.886716985876845], [-114.68178717488543, 49.88654727633724], [-114.68169522401348, 49.886433940713665], [-114.681624103243, 49.88617341770342], [-114.68159266467426, 49.885956869959564], [-114.6814225873194, 49.8856691660349], [-114.68095276021701, 49.88501019927351], [-114.68022725129401, 49.8843406964205], [-114.67970605069712, 49.88394158669297], [-114.67908068165418, 49.88362496123972], [-114.67831651371858, 49.88300056067978], [-114.6779945853921, 49.88277421848784], [-114.67778636429777, 49.88269308939385], [-114.67748593953132, 49.88260783081767], [-114.67721392153899, 49.882445947369504], [-114.67698429508683, 49.88234514729629], [-114.67674773923123, 49.8822637214405], [-114.67644942414614, 49.88216850181714], [-114.67604333976847, 49.88210023130024], [-114.67581921070007, 49.8820404115397], [-114.67558826037919, 49.88195585692977], [-114.67543198947483, 49.881652508328735], [-114.67521375869524, 49.881441212266616], [-114.6750212746719, 49.88117918600742], [-114.67474929328363, 49.88095250320276], [-114.67379404871424, 49.8803850578743], [-114.67356671335236, 49.88015925727346], [-114.67345511190548, 49.88000314136971], [-114.67323120223072, 49.87947203771443], [-114.67298424654261, 49.879034257450954], [-114.67287697078648, 49.87873523101497], [-114.6728660729701, 49.87870485765606], [-114.67283933637401, 49.87839941254669], [-114.67286827305932, 49.87788254859659], [-114.67279509205103, 49.87692407068129], [-114.67276527875381, 49.8767695866677], [-114.67264607895986, 49.87650445181869], [-114.67253891727682, 49.87634492286988], [-114.67231831168515, 49.876197367954006], [-114.67205009252069, 49.875868095473926], [-114.67193111865302, 49.875540921943845], [-114.67192442104118, 49.87535276644983], [-114.6720552907077, 49.875021187108715], [-114.6720852733006, 49.87493552756424], [-114.67208311138056, 49.874713632059695], [-114.67208749157378, 49.87454337945826], [-114.6721406716457, 49.874465586655106], [-114.67229916931102, 49.874336740665484], [-114.67283809242704, 49.874074567266355], [-114.67287590928584, 49.87403829015829], [-114.67296149224833, 49.8739562118234], [-114.67304527766923, 49.87379677901324], [-114.67306664690574, 49.87360363147216], [-114.6730584077398, 49.873552457110996], [-114.67303060595654, 49.87338025112986], [-114.67298342599943, 49.8732383097291], [-114.67287569100253, 49.87307427684169], [-114.67279660109978, 49.872953856423436], [-114.67259142673183, 49.8725725086237], [-114.67197915419897, 49.87171027667336], [-114.67148142536715, 49.87123245129221], [-114.67119225696861, 49.87084361237033], [-114.6709807149216, 49.87063345699426], [-114.67076702450136, 49.87046805058622], [-114.67063658603925, 49.87033674113778], [-114.67054829026331, 49.870197050097715], [-114.67034177873474, 49.86966056721139], [-114.67030570789936, 49.869474109486234], [-114.67030119795756, 49.86927932847605], [-114.67038651409226, 49.86851865058358], [-114.67042775504731, 49.868408012858], [-114.67060457896982, 49.86807703147495], [-114.67065711448241, 49.867884501798954], [-114.67066368933277, 49.867730741207666], [-114.67061862359732, 49.867495476825546], [-114.67055833382146, 49.867314766534584], [-114.67049273317826, 49.867169541375475], [-114.67038242465298, 49.867014998636385], [-114.670316907199, 49.86689245728], [-114.67046256558191, 49.8666221861319], [-114.67060964291366, 49.86636041102773], [-114.67073380445765, 49.866109051388094], [-114.67077557979276, 49.86593943745145], [-114.67078771309951, 49.865685817817045], [-114.67068369395649, 49.86539563740071], [-114.67073037852394, 49.865089830945095], [-114.67080850788793, 49.86482416695304], [-114.67096076628212, 49.86445432157346], [-114.67101640345851, 49.864319160178475], [-114.67118907490202, 49.8640631219389], [-114.67182544264747, 49.8635037084912], [-114.67260188878714, 49.863049501823944], [-114.67206353469753, 49.86326245046452], [-114.67146413292778, 49.86354021180079], [-114.67094099719614, 49.863670275568516], [-114.67049563780746, 49.86367574108856], [-114.66958222342693, 49.8636353287261], [-114.66865059624426, 49.86355528978093], [-114.66695993260217, 49.86358387087082], [-114.66627093191293, 49.86361717933289], [-114.66594597608069, 49.86361603832459], [-114.66516943411597, 49.86356905710969], [-114.66416583541393, 49.863529786636974], [-114.66373169324936, 49.86346703123774], [-114.66354197823438, 49.86340307626501], [-114.66281168645297, 49.86307841247898], [-114.6626533496789, 49.862987942327045], [-114.66245397662368, 49.86277912194919], [-114.6622843957513, 49.862486012942284], [-114.66201967369052, 49.86220358038863], [-114.6613725311877, 49.86165610995448], [-114.66121376403257, 49.86121898715965], [-114.66118379513897, 49.8608354325685], [-114.66123384035754, 49.86065769576346], [-114.66137414206027, 49.86034985743511], [-114.66150836385813, 49.86013065027391], [-114.66148360259314, 49.85998321937901], [-114.66128902074456, 49.85968961285678], [-114.66125225170691, 49.859483219569675], [-114.66125974962843, 49.859372327959534], [-114.6613105109308, 49.85913529700446], [-114.66125856151731, 49.85877619915843], [-114.66129246436074, 49.85864709014814], [-114.66141243235722, 49.85845416745377], [-114.66167312338203, 49.858216160194694], [-114.66177616290311, 49.85808845129358], [-114.66182001332531, 49.85796401225415], [-114.66183138009242, 49.85765990909967], [-114.66176047288869, 49.85746619873906], [-114.66163506437279, 49.85727998648675], [-114.661626612839, 49.85718281145332], [-114.66169543894051, 49.8569958901082], [-114.66177594270798, 49.856365341301355], [-114.66172694289527, 49.85608005651919], [-114.66171339302332, 49.85593887583478], [-114.66179095484996, 49.85565736690309], [-114.661862489893, 49.85551781829377], [-114.66209710286697, 49.85519136726797], [-114.66209188504519, 49.855087017730206], [-114.66205734974268, 49.85497461238609], [-114.66211079503614, 49.85479890947071], [-114.66219672383806, 49.85470047623572], [-114.66244615446178, 49.85448958637903], [-114.66255761322931, 49.854358122102084], [-114.66286299370864, 49.853764547567465], [-114.66286121945696, 49.853657101975905], [-114.66280658095737, 49.85353403702658], [-114.66266712348391, 49.85337568921229], [-114.6623905096208, 49.85322689536683], [-114.66173175984987, 49.85296521261578], [-114.66119746387389, 49.852706031389914], [-114.66098267109837, 49.852567418694576], [-114.6608635939329, 49.852453128060624], [-114.66070360028297, 49.85219092865807], [-114.66050101108002, 49.851609986411034], [-114.66046168243575, 49.851378165977025], [-114.66055432776862, 49.85111314821371], [-114.66056190880302, 49.85097174120738], [-114.66051883235144, 49.850843889685954], [-114.66024086360308, 49.8502922572325], [-114.6600381522746, 49.85004647696614], [-114.65968483778433, 49.84976632857891], [-114.65943046208088, 49.84962281882258], [-114.65905732631855, 49.849288199863565], [-114.65874244835602, 49.84906194034426], [-114.65852806309854, 49.84889207082844], [-114.65834388082541, 49.84874123054394], [-114.65806132798107, 49.84858936021802], [-114.65750755212386, 49.84820287010877], [-114.65724750738865, 49.84799845164626], [-114.65646990636107, 49.84762021147477], [-114.65592748063773, 49.847101256590655], [-114.65575217028602, 49.84697370168506], [-114.65554050514942, 49.84680252094731], [-114.65486946074175, 49.846368230726874], [-114.65465057070797, 49.84617134856144], [-114.65430355107864, 49.84579845170246], [-114.65420694413301, 49.845678012509254], [-114.6541171381172, 49.84551558582129], [-114.65399635856265, 49.845135289871365], [-114.65386218942622, 49.844942508320244], [-114.6534811569701, 49.844628256592046], [-114.65339198952589, 49.8445055678534], [-114.65335094362756, 49.844328742070594], [-114.6533741239716, 49.84401514191029], [-114.65334730440554, 49.843710256977175], [-114.65325080821013, 49.84349354125758], [-114.65278030444368, 49.84291330888261], [-114.65246472392744, 49.84267727074504], [-114.65228538796286, 49.842511941303165], [-114.65217347958863, 49.842296812428636], [-114.65208236943471, 49.8420251668851], [-114.6517810774207, 49.84135152842669], [-114.65167710480048, 49.84062432183573], [-114.65158746620503, 49.840409701932714], [-114.65109161412867, 49.83976856733594], [-114.6508505541316, 49.839316129087884], [-114.65069509781749, 49.83901385746207], [-114.65053291671029, 49.83865850271892], [-114.65046314942965, 49.838402799615025], [-114.65038116640163, 49.83802689038972], [-114.65039132292593, 49.83775899849388], [-114.65042706345099, 49.837568740551376], [-114.65014445632097, 49.83729992221111], [-114.6501177024034, 49.837262251681565], [-114.6500914826301, 49.83699903147645], [-114.65002170168766, 49.83688812099504], [-114.64983671462423, 49.83668798628526], [-114.64921827671508, 49.836154611861176], [-114.6490828575697, 49.836093689048546], [-114.64895304484239, 49.83605972108424], [-114.64864310308454, 49.83603105758357], [-114.6483441861635, 49.83597581259671], [-114.64809256673291, 49.835827450397076], [-114.64779538619608, 49.83567819879287], [-114.64757548265769, 49.83559495993204], [-114.64754374696514, 49.83556209654411], [-114.64747312121162, 49.835374818209395], [-114.64732150096656, 49.835121637255156], [-114.64727472155825, 49.835039851206204], [-114.64722386279057, 49.834871721080596], [-114.64724441095836, 49.834732747432675], [-114.64725132096696, 49.834534012940054], [-114.64712649475737, 49.834124838526634], [-114.64700506096571, 49.833357676726195], [-114.64678622909342, 49.83282790943669], [-114.64666690053488, 49.83248667663641], [-114.6466152286705, 49.83233036698639], [-114.6464989718629, 49.8321722569299], [-114.6462560234973, 49.83195538691613], [-114.64603828149288, 49.8318016509613], [-114.64558706114187, 49.83154625119822], [-114.64428157125144, 49.8310445416118], [-114.64336698309154, 49.830911250256], [-114.64306776313227, 49.830725360242425], [-114.64286962844075, 49.830533386996], [-114.64281069287048, 49.83043036784864], [-114.64266140127197, 49.82998317934752], [-114.64251880819228, 49.82982254198206], [-114.64231751119976, 49.829695381032685], [-114.64201967279888, 49.82958808961947], [-114.6414119830613, 49.82916374129764], [-114.6412227685406, 49.828898876973], [-114.64115936279637, 49.82868034721296], [-114.64102349773403, 49.82842749618852], [-114.64086742714575, 49.8282459217544], [-114.64081484004694, 49.828141947636425], [-114.64069656321125, 49.82790816697641], [-114.64062347798868, 49.827811586725936], [-114.64049382839404, 49.827698586098855], [-114.64034003888746, 49.82738516019426], [-114.64008416167354, 49.827092947422244], [-114.64001316893246, 49.82699812247087], [-114.63991642572573, 49.82684212137149], [-114.6398520970008, 49.82672207775614], [-114.6398563114458, 49.82663627735717], [-114.63992009686454, 49.82652894816694], [-114.64004973530254, 49.82632045069813], [-114.64037700197464, 49.825996379407734], [-114.64046780848861, 49.825837129153186], [-114.64049147191052, 49.82559179949526], [-114.64046389756263, 49.82519003798684], [-114.64034598145939, 49.82475945823537], [-114.64036918686128, 49.824604437839106], [-114.64061365277236, 49.82427378689502], [-114.64073889645451, 49.82397650829388], [-114.64097394866825, 49.822849076034316], [-114.64108956115193, 49.822466579857576], [-114.64126985860747, 49.82217488963161], [-114.64168989101435, 49.82178961843135], [-114.64288747205434, 49.821062147176015], [-114.64400442698947, 49.820461695675], [-114.64426662687254, 49.820332759064065], [-114.64476574174849, 49.82016836559684], [-114.64487309012804, 49.82009447574743], [-114.64512047041549, 49.819844416984765], [-114.64526405200455, 49.81977877906161], [-114.64550100704604, 49.81969998542247], [-114.6456232781742, 49.819604030715766], [-114.64597469192766, 49.81906518532142], [-114.64616591112224, 49.81883188870917], [-114.64660120010812, 49.8184188298083], [-114.646812182049, 49.8181681471066], [-114.64716914227725, 49.81795721160469], [-114.6472138059034, 49.81773325678496], [-114.6473807105558, 49.816794630559464], [-114.64735498071613, 49.816684474724994], [-114.6470040773889, 49.81597587459915], [-114.64667366945004, 49.81548473937662], [-114.64659882393929, 49.815317636615134], [-114.64654608944383, 49.81512414719522], [-114.64652045133882, 49.81480475978116], [-114.64647096615175, 49.814359675311216], [-114.64622511389129, 49.81428705653192], [-114.64591785791256, 49.81400713970728], [-114.64556490941769, 49.813588256187884], [-114.64521820412786, 49.81321474586075], [-114.64498680410668, 49.812824702113716], [-114.64457068792713, 49.81200176578608], [-114.64430757977743, 49.8115847085982], [-114.64413771392587, 49.81126415968835], [-114.64380746789695, 49.810627760166376], [-114.64328087379782, 49.80980026822098], [-114.64299458497212, 49.80951558500421], [-114.64276709435066, 49.80916553921596], [-114.64261704973649, 49.80888002957495], [-114.64232580215935, 49.8085268763106], [-114.64221426798254, 49.80830692008548], [-114.64203022229286, 49.80812563628347], [-114.64194509291438, 49.80801357877176], [-114.64192433964949, 49.8078134876815], [-114.6418525835749, 49.80763208795859], [-114.64169413798096, 49.807439921361045], [-114.6415752232308, 49.80737064889977], [-114.64152591134058, 49.80728349487445], [-114.64152491290048, 49.807162648852426], [-114.64153028605052, 49.807092875302104], [-114.64158175676938, 49.80704354017452], [-114.64173833761676, 49.80695689501761], [-114.64204908560608, 49.80681921063745], [-114.64215881654633, 49.806657810708074], [-114.6421986475025, 49.8064121393095], [-114.64230917625292, 49.80619850118319], [-114.64239484696769, 49.80592497842935], [-114.64256649217589, 49.80565501044963], [-114.64275185422534, 49.80527556638405], [-114.6429863047742, 49.80440416604209], [-114.64315344785913, 49.80399916483233], [-114.64318354500269, 49.803842816654154], [-114.64316827285369, 49.803752998489486], [-114.64275437575998, 49.803288139732736], [-114.642612925391, 49.803070448935706], [-114.64246411111381, 49.80269339700756], [-114.64214611167182, 49.80173184925682], [-114.64194427285892, 49.8012759273742], [-114.64148238030572, 49.80037776467208], [-114.64119061978728, 49.80009296597122], [-114.64094446444359, 49.799728139273675], [-114.64084366462701, 49.79947267434086], [-114.64090374180206, 49.79927851997141], [-114.6407369998152, 49.79902478514944], [-114.64073523164028, 49.798919566082084], [-114.64073284573782, 49.79882832078804], [-114.6408660000525, 49.79864925582976], [-114.64104438160985, 49.79842583030716], [-114.64125051045917, 49.79841503032456], [-114.64149729206818, 49.79842784951376], [-114.64174221334206, 49.798403056192306], [-114.64211104467114, 49.79831230103239], [-114.64215178154782, 49.79828644960588], [-114.64236254157245, 49.797898527026135], [-114.64262838164704, 49.79735265565485], [-114.64277473030522, 49.79674468727678], [-114.64272656246176, 49.796423468520416], [-114.64263925050041, 49.79624863628801], [-114.6422695806008, 49.79589205489898], [-114.64212537375342, 49.79553327501595], [-114.64227868436778, 49.79485848780084], [-114.64233824481462, 49.79470461681144], [-114.64253430883824, 49.794445938863596], [-114.64234935334491, 49.79428981070375], [-114.64212921179839, 49.79409915802209], [-114.64169127110227, 49.793584563966064], [-114.6414496893052, 49.793383983657506], [-114.6412515080305, 49.79328819661076], [-114.64083904348777, 49.79284895903785], [-114.64058168348497, 49.792458855140524], [-114.64031990708301, 49.79215816454016], [-114.64003181178634, 49.791921228853276], [-114.63945119278999, 49.791520785069366], [-114.63909701224199, 49.79108831979683], [-114.63897579785933, 49.79101454546545], [-114.63853924973297, 49.790906707584895], [-114.63848613992933, 49.79082298459089], [-114.63837561611706, 49.790530319570664], [-114.63822897766514, 49.790253927070616], [-114.63795386778233, 49.78994398439569], [-114.63778090710971, 49.78980622961647], [-114.63771799023297, 49.78967964865764], [-114.63773851997475, 49.78941331947067], [-114.63793353883831, 49.78872284912061], [-114.63805598966817, 49.78842454615762], [-114.63812377834697, 49.78795828818068], [-114.63806821666789, 49.78782289968628], [-114.6379069979787, 49.787563668907524], [-114.63749375091784, 49.786981326418186], [-114.63693166038075, 49.78637434566943], [-114.63690471923526, 49.7863158749192], [-114.63681613870246, 49.78612371999804], [-114.63678724128256, 49.78580648706797], [-114.63685413093107, 49.785575764348174], [-114.63678719552495, 49.78518398416022], [-114.63663721624289, 49.78501014552797], [-114.63644355195211, 49.78482615845236], [-114.63639641466914, 49.7847460865418], [-114.63640397694131, 49.784682654429865], [-114.63646935612643, 49.7846207588107], [-114.63740085957713, 49.78409489959449], [-114.63771427974811, 49.78390438399467], [-114.6379266858132, 49.783801318667926], [-114.63873810026479, 49.78360305487318], [-114.63912057103765, 49.78341393844783], [-114.63929545997297, 49.783229544813715], [-114.63949511975092, 49.78282190604966], [-114.63982115031398, 49.78240863469632], [-114.64022528087808, 49.782042653775584], [-114.64146320888845, 49.78158211877499], [-114.64172010588157, 49.78141728670687], [-114.64175428569636, 49.78128373751931], [-114.64168446112393, 49.78118002814724], [-114.64152559533314, 49.780849345259455], [-114.64150025957807, 49.78061401529346], [-114.64149884151863, 49.78015194425529], [-114.6414974398125, 49.779683137307394], [-114.64158333027358, 49.77884578376524], [-114.64166957011692, 49.77764822736978], [-114.64197759463624, 49.77643725441435], [-114.64227597446542, 49.77542301423712], [-114.64247026497108, 49.77506958262534], [-114.64279174867197, 49.77448478224789], [-114.64301256964518, 49.77419712431928], [-114.64344117452404, 49.77363878233449], [-114.64358761382728, 49.77349287259174], [-114.6440222595314, 49.77305988604416], [-114.6443180644462, 49.7728299767617], [-114.64443267899935, 49.7727566723873], [-114.64493728603637, 49.77243408520446], [-114.64592246559423, 49.771689123496905], [-114.64617177628288, 49.7714795828879], [-114.64638279416347, 49.77130224583997], [-114.6467731567706, 49.77095796214533], [-114.64720171683071, 49.770526413453965], [-114.64777026593659, 49.77000964722239], [-114.64817539327618, 49.769328666291536], [-114.64847184681146, 49.768972845846434], [-114.64872946591882, 49.76877705227793], [-114.64908956926308, 49.76860336181047], [-114.64924077562364, 49.76846580764562], [-114.64938554827776, 49.76835646607546], [-114.65018499512837, 49.76768967084871], [-114.6505980961986, 49.7673890130815], [-114.65127377483972, 49.76689729166699], [-114.65158747699753, 49.76669780750726], [-114.65233433588625, 49.76639969789372], [-114.65264811819087, 49.7663178065628], [-114.65272604663913, 49.766306013362616], [-114.65400416858412, 49.76611280680194], [-114.65452975017416, 49.766033342247944], [-114.65529765968404, 49.76583479288429], [-114.6566692155899, 49.7652742520279], [-114.65781587877711, 49.76505457346781], [-114.65883290535214, 49.76475849721176], [-114.6591770464407, 49.764631825910364], [-114.65933366110697, 49.76453653465609], [-114.65942632482322, 49.76440640554802], [-114.6594753371398, 49.764250760988936], [-114.65947548573887, 49.76405185055889], [-114.65935328435383, 49.7638477611241], [-114.65921278925154, 49.76368492239513], [-114.65906809729496, 49.76334736140388], [-114.65907055497077, 49.763126045392234], [-114.65912672458582, 49.7628228701693], [-114.65909552279741, 49.76243937320767], [-114.65893499460715, 49.76202773480456], [-114.65873192359184, 49.76180593413974], [-114.65838197549948, 49.76157757427376], [-114.65825545778863, 49.76141798062872], [-114.65816914920725, 49.76115587007612], [-114.65785286526769, 49.76069251573003], [-114.65758259458167, 49.76048194206058], [-114.6572543679402, 49.76012680632862], [-114.65700254793623, 49.75990691528428], [-114.65678227846081, 49.75979347057082], [-114.65675919353798, 49.75979069017117], [-114.65630017285999, 49.75978313517535], [-114.65614243714343, 49.75976644546363], [-114.65545476637361, 49.75956008370651], [-114.65527687613557, 49.75948715441253], [-114.65500909722707, 49.759377374729986], [-114.65345630123443, 49.75892851567986], [-114.65294067681418, 49.75879573563867], [-114.65184072716718, 49.75840100565572], [-114.65150761161406, 49.75823271587416], [-114.6511766824361, 49.758065497080715], [-114.65099259138327, 49.75792347160489], [-114.65087926267314, 49.75769742643696], [-114.65093110218777, 49.75663340715081], [-114.65087572157225, 49.75606842651897], [-114.65078623636984, 49.7556369930523], [-114.65064827455157, 49.755345322420034], [-114.65006472110095, 49.75484052279121], [-114.64963367989505, 49.75451153577306], [-114.64957027336654, 49.75432576071069], [-114.64924854634866, 49.75392439302964], [-114.64902745411783, 49.7536252126305], [-114.648807210226, 49.75343202619618], [-114.64711611955894, 49.75232664542995], [-114.64668392354751, 49.75209054161151], [-114.6461857194781, 49.75179734161018], [-114.64529958231924, 49.751257013563475], [-114.64477369939009, 49.7508810969978], [-114.64439071196536, 49.7504742836132], [-114.64416616150521, 49.75015971619593], [-114.6441273614237, 49.75001877357925], [-114.64409071099364, 49.74974274227344], [-114.64409406004312, 49.749390181032034], [-114.64403840103978, 49.74913741249375], [-114.64386614322262, 49.74878069072123], [-114.64350754252234, 49.74825679426048], [-114.64324565845189, 49.747915360559624], [-114.64304985341812, 49.7477479223106], [-114.64249727160185, 49.74735166539945], [-114.64200960776634, 49.74710424568509], [-114.64190265150845, 49.74689838103932], [-114.64192167670362, 49.746705825173976], [-114.64202796726101, 49.746496381430866], [-114.64243169661982, 49.745900864761964], [-114.64285934257556, 49.74540542503146], [-114.64306947800787, 49.74503625149976], [-114.64333414122464, 49.74473043177654], [-114.64356805213252, 49.74453085076051], [-114.64396783330288, 49.74418996035402], [-114.64463829734505, 49.74393373608482], [-114.64476434183383, 49.74386325194095], [-114.64497952758379, 49.74378360546952], [-114.6452714912247, 49.74370193519014], [-114.64590889763961, 49.74349719374313], [-114.64603054241894, 49.743403515709325], [-114.64619734196162, 49.74323264412598], [-114.64620174179416, 49.74307135431779], [-114.64591456077942, 49.74286941296373], [-114.64557700507109, 49.742463805311765], [-114.64514800714062, 49.74225112167976], [-114.64487698713125, 49.741831811872565], [-114.64418023225863, 49.74109481286659], [-114.64396320661645, 49.74081105187574], [-114.64373329683401, 49.74060643221565], [-114.64282471321675, 49.74003105198978], [-114.64249418643048, 49.739900980084705], [-114.64163163541765, 49.739650811847504], [-114.64135856532718, 49.73956694143999], [-114.64128346799079, 49.73954856158582], [-114.64120834027942, 49.7395294131519], [-114.64086681662515, 49.73938956119499], [-114.64055015953856, 49.73929318137379], [-114.63949523056829, 49.739082270669805], [-114.6392067133146, 49.739004915712236], [-114.63871376485261, 49.73875196198871], [-114.63841963048473, 49.73861296141497], [-114.6382616543382, 49.73852473504705], [-114.6380708677066, 49.738386205605345], [-114.6375932690182, 49.73810358152829], [-114.6373036944644, 49.737944245875624], [-114.6370887587048, 49.73776876140433], [-114.63676825472588, 49.73742942681669], [-114.63639135782228, 49.73709714160315], [-114.63622501434894, 49.736963044471274], [-114.63601868612663, 49.736859954884544], [-114.63581823560374, 49.73683645176047], [-114.63545911078997, 49.73671709627958], [-114.63522343507607, 49.7366026257066], [-114.63503293890741, 49.73639716068032], [-114.63491680108126, 49.73622931677924], [-114.63486724798342, 49.73613583235256], [-114.6348010340748, 49.73603140588611], [-114.63402619599518, 49.73525032294086], [-114.6339152481658, 49.735092084565565], [-114.6337216466492, 49.734926283721016], [-114.63341474472986, 49.7347208455736], [-114.63278136386313, 49.73407876157195], [-114.6327462901067, 49.73385441233594], [-114.63269937654974, 49.73371004564909], [-114.63270690310475, 49.73352837446741], [-114.63266346595442, 49.73338587058872], [-114.63255838210375, 49.73322656247866], [-114.63253002631761, 49.73302647173694], [-114.63268010491264, 49.73285141273411], [-114.63283523344498, 49.73245875583616], [-114.6328705749315, 49.73204095456546], [-114.63296676180772, 49.73175254261852], [-114.6331823632093, 49.73135642533832], [-114.63323866642902, 49.73118640626772], [-114.63341561392978, 49.730286342426794], [-114.63353022688594, 49.730127960479614], [-114.63379906504173, 49.72993116183985], [-114.63399635498325, 49.72982316200266], [-114.63408349058568, 49.729736844896735], [-114.63416566558536, 49.72959943160758], [-114.63437046583195, 49.72937206436629], [-114.63450409132858, 49.729254652235774], [-114.6345875162059, 49.72914352245312], [-114.63465873573816, 49.728980321660494], [-114.63491995469367, 49.7286312069848], [-114.63518355464558, 49.72834691617471], [-114.63545227044895, 49.728143483460535], [-114.6356200697946, 49.72795084539402], [-114.6356708706085, 49.72785668339932], [-114.63576966512319, 49.72753996008907], [-114.63583882612572, 49.727401334894516], [-114.63594907186237, 49.727272213009535], [-114.63618095608967, 49.727078425769406], [-114.63629448443788, 49.726941114781354], [-114.63644904524315, 49.72679755999939], [-114.63658919887496, 49.726679064540726], [-114.63669162644476, 49.7265473151554], [-114.63682608898509, 49.72629953469228], [-114.6369277550479, 49.72618334043805], [-114.63717678173631, 49.72599462584969], [-114.63731433631717, 49.725848095841116], [-114.63731830908506, 49.725652064612895], [-114.6372938127273, 49.72529891457936], [-114.63743518001141, 49.72495994110747], [-114.63757539924535, 49.72470891501539], [-114.63779186317667, 49.724335715028545], [-114.6371364432066, 49.723737572889775], [-114.63676670160866, 49.723350393133266], [-114.6367047995347, 49.72325952139792], [-114.63666288341537, 49.72313415955105], [-114.63658586358304, 49.72264397409649], [-114.63654028957583, 49.72252532230891], [-114.63647981170713, 49.72228479281952], [-114.63639219783279, 49.72218253497247], [-114.63632182353764, 49.72205038004745], [-114.63627979317697, 49.72131632194453], [-114.63634906197586, 49.721092372876605], [-114.63649278030812, 49.72081508980582], [-114.63703235875151, 49.7198194247186], [-114.6372039979384, 49.719545933623145], [-114.63739475361749, 49.71932394076929], [-114.63743706464273, 49.7192477187446], [-114.63866229183186, 49.71772852307312], [-114.63867044939813, 49.71771840943327]]]}, "properties": {"OBJECTID": 1, "PROV_NAME": "ALBERTA"}}]}