production_month,product_class,operator,rate_mmcfd,rate_bbld
2025-07,BITUMEN,ATHABASCA OIL CORPORATION,0.0,36213.86842451613
2025-07,BITUMEN,AYIK ENERGY CORP.,0.0,320.6377722580645
2025-07,BITUMEN,BAYTEX ENERGY LTD.,0.0,37925.36358387097
2025-07,BITUMEN,BIGHORN ENERGY CORPORATION,0.0,145.61901483870966
2025-07,BITUMEN,CALTEX TRILOGY INC.,0.0,12125.963392258063
2025-07,BITUMEN,CANADIAN NATURAL RESOURCES LIMITED,0.0,393720.338156129
2025-07,BITUMEN,CENOVUS ENERGY INC.,0.0,535863.8732806451
2025-07,BITUMEN,CHECK ENERGY LTD.,0.0,215.51695354838708
2025-07,BITUMEN,CLEAR NORTH ENERGY CORP.,0.0,1616.1539651612902
2025-07,BITUMEN,CNOOC PETROLEUM NORTH AMERICA ULC,0.0,74435.92796129032
2025-07,BITUMEN,CONNACHER OIL AND GAS LIMITED,0.0,18493.188801290322
2025-07,BITUMEN,CONOCOPHILLIPS CANADA RESOURCES CORP.,0.0,147720.11238387096
2025-07,BITUMEN,CROVERRO ENERGY LTD.,0.0,193.34033612903227
2025-07,BITUMEN,DEERGARDEN RESOURCES LTD.,0.0,103.41648580645162
2025-07,BITUMEN,EVERGO RESOURCES LIMITED,0.0,23.15052193548387
2025-07,BITUMEN,GRAN TIERRA CANADA LTD.,0.0,257.8615103225806
2025-07,BITUMEN,GREENFIRE RESOURCES OPERATING CORPORATION,0.0,19517.249399999997
2025-07,BITUMEN,GRIZZLY OIL SANDS ULC,0.0,15.075230322580644
2025-07,BITUMEN,HARVEST OPERATIONS CORP.,0.0,10748.334874838709
2025-07,BITUMEN,HEADWATER EXPLORATION INC.,0.0,21175.17981096774
2025-07,BITUMEN,IMPERIAL OIL RESOURCES LIMITED,0.0,151116.5435148387
2025-07,BITUMEN,IPC CANADA LTD.,0.0,799.4132903225806
2025-07,BITUMEN,ISLANDER OIL & GAS INC.,0.0,4222.748533548387
2025-07,BITUMEN,KIHEW RESOURCES INC.,0.0,9.211513548387096
2025-07,BITUMEN,LINEUP RESOURCES CORP.,0.0,819.2160154838709
2025-07,BITUMEN,LYCOS ENERGY INC.,0.0,1081.6021238709677
2025-07,BITUMEN,MAHIKAN OIL CORPORATION,0.0,74.01674322580644
2025-07,BITUMEN,MEG ENERGY CORP.,0.0,108998.60214774193
2025-07,BITUMEN,O'NEILL INDUSTRIES INTERNATIONAL-CANADA INC.,0.0,12.620179354838708
2025-07,BITUMEN,OBSIDIAN ENERGY LTD.,0.0,11295.953268387097
2025-07,BITUMEN,PETROCHINA CANADA LTD.,0.0,9446.285405806451
2025-07,BITUMEN,RUBELLITE ENERGY INC.,0.0,5063.613634838709
2025-07,BITUMEN,SPUR PETROLEUM LTD.,0.0,23385.659007096772
2025-07,BITUMEN,STRATHCONA RESOURCES LTD.,0.0,61596.883856129025
2025-07,BITUMEN,SUNCOR ENERGY INC.,0.0,261899.50105354836
2025-07,BITUMEN,SURGE ENERGY INC.,0.0,6.594145161290323
2025-07,BITUMEN,TAMARACK VALLEY ENERGY LTD.,0.0,12290.634414193548
2025-07,BITUMEN,WEST LAKE ENERGY CORP.,0.0,36.643157419354836
2025-07,BITUMEN,WINDTALKER ENERGY CORP.,0.0,75.57904838709676
2025-07,BITUMEN,WOODCOTE OIL & GAS INC.,0.0,13.898429032258063
2025-07,COND,ADVANTAGE ENERGY LTD.,0.0,2.617368387096774
2025-07,COND,ALTAGAS LTD.,0.0,0.36521419354838713
2025-07,COND,APL OIL & GAS (1998) LTD.,0.0,3.9767767741935485
2025-07,COND,ARC RESOURCES LTD.,0.0,61107.37509870967
2025-07,COND,ATHABASCA OIL CORPORATION,0.0,332.9941858064516
2025-07,COND,AVILA ENERGY CORPORATION,0.0,1.8057812903225805
2025-07,COND,BACCALIEU ENERGY INC.,0.0,7.568049677419355
2025-07,COND,BARREL OIL CORP.,0.0,10.469473548387096
2025-07,COND,BATTLE RIVER ENERGY LTD.,0.0,0.20289677419354837
2025-07,COND,BAYTEX ENERGY LTD.,0.0,3.0637412903225805
2025-07,COND,BEARSPAW PETROLEUM LTD.,0.0,3.73330064516129
2025-07,COND,BIRCHCLIFF ENERGY LTD.,0.0,789.775693548387
2025-07,COND,BITSTONE RESOURCES INC.,0.0,6.715883225806452
2025-07,COND,BLUE STAR ENERGY INC.,0.0,0.46666258064516125
2025-07,COND,BTG ENERGY CORP.,0.0,42.46629483870967
2025-07,COND,CANADIAN NATURAL RESOURCES LIMITED,0.0,900.760229032258
2025-07,COND,CANLIN RESOURCES PARTNERSHIP,0.0,35.24316967741935
2025-07,COND,CARDINAL ENERGY LTD.,0.0,1.0550632258064514
2025-07,COND,CAVVY PRODUCTION LTD.,0.0,0.020289677419354838
2025-07,COND,CENOVUS ENERGY INC.,0.0,133.54665677419354
2025-07,COND,CLEARVIEW RESOURCES LTD.,0.0,5.904296129032258
2025-07,COND,CORSE ENERGY CORP.,0.0,1.724622580645161
2025-07,COND,CYGNET ENERGY LTD.,0.0,1068.2312264516129
2025-07,COND,DEL CANADA GP LTD.,0.0,2.3130232258064516
2025-07,COND,EMBER RESOURCES INC.,0.0,5.681109677419355
2025-07,COND,ENTRADA RESOURCES INC.,0.0,0.3855038709677419
2025-07,COND,GRAN TIERRA CANADA LTD.,0.0,110.55845225806452
2025-07,COND,GRYPHON PETROLEUM CORP.,0.0,7.385442580645161
2025-07,COND,HARD ROCK RESOURCES LTD.,0.0,0.6086903225806451
2025-07,COND,HARVEST OPERATIONS CORP.,0.0,47.68074193548387
2025-07,COND,HIGHWOOD ASSET MANAGEMENT LTD.,0.0,7.365152903225805
2025-07,COND,HWN ENERGY LTD.,0.0,103.78169999999999
2025-07,COND,INPLAY OIL CORP.,0.0,6.188351612903225
2025-07,COND,INSIGNIA ENERGY LTD.,0.0,929.6730193548386
2025-07,COND,IPC CANADA LTD.,0.0,0.3449245161290322
2025-07,COND,ISH ENERGY LTD.,0.0,5.356474838709677
2025-07,COND,JOURNEY ENERGY INC.,0.0,32.22000774193548
2025-07,COND,JX ENERGY LTD.,0.0,0.6086903225806451
2025-07,COND,KARVE ENERGY INC.,0.0,1.1970909677419355
2025-07,COND,KELT EXPLORATION LTD.,0.0,118.43084709677419
2025-07,COND,KIWETINOHK ENERGY CORP.,0.0,27.025850322580645
2025-07,COND,LOGAN ENERGY CORP.,0.0,0.12173806451612902
2025-07,COND,LOGIC ENERGY LTD.,0.0,0.06086903225806452
2025-07,COND,LONG RUN EXPLORATION LTD.,0.0,3.834749032258064
2025-07,COND,LONG TERM ASSET MANAGEMENT INC.,0.0,1.4811464516129031
2025-07,COND,LOYAL ENERGY (CANADA) OPERATING LTD.,0.0,385.2401051612903
2025-07,COND,LYNX ENERGY ULC,0.0,45.24598064516129
2025-07,COND,MAGA ENERGY LTD.,0.0,0.20289677419354837
2025-07,COND,MANCAL ENERGY INC.,0.0,56.08066838709677
2025-07,COND,MURPHY OIL COMPANY LTD.,0.0,799.9002425806451
2025-07,COND,NEW NORTH RESOURCES LTD.,0.0,5.8637167741935485
2025-07,COND,NEW TIMES ENERGY CANADA GP 2 LTD.,0.0,4.565177419354838
2025-07,COND,NEW TIMES ENERGY CANADA GP 3 LTD.,0.0,9.414410322580645
2025-07,COND,NORTH 40 RESOURCES LTD.,0.0,0.40579354838709675
2025-07,COND,NUVISTA ENERGY LTD.,0.0,9.170934193548387
2025-07,COND,OBSIDIAN ENERGY LTD.,0.0,28.364969032258063
2025-07,COND,ORLEN UPSTREAM CANADA LTD.,0.0,203.4648851612903
2025-07,COND,OUTLIER RESOURCES LTD.,0.0,26.538898064516125
2025-07,COND,OVINTIV CANADA ULC,0.0,7.770946451612903
2025-07,COND,PARAMOUNT RESOURCES LTD.,0.0,4809.444845806452
2025-07,COND,PERSIST OIL AND GAS INC.,0.0,3.3072174193548385
2025-07,COND,PETROCHINA DUVERNAY GAS PARTNERSHIP,0.0,105.46574322580645
2025-07,COND,PETRUS RESOURCES CORP.,0.0,899.8066141935483
2025-07,COND,PEYTO EXPLORATION & DEVELOPMENT CORP.,0.0,91.2021
2025-07,COND,PINE CLIFF ENERGY LTD.,0.0,86.90068838709676
2025-07,COND,PRAIRIE PROVIDENT RESOURCES CANADA LTD.,0.0,0.62898
2025-07,COND,PRAIRIE THUNDER RESOURCES LTD.,0.0,6.797041935483871
2025-07,COND,PULSE OIL OPERATING CORP.,0.0,0.9739045161290322
2025-07,COND,RELENTLESS RESOURCES LTD.,0.0,1.4202774193548386
2025-07,COND,RESOURCEFUL PETROLEUM CANADA LIMITED,0.0,29.39974258064516
2025-07,COND,ROK RESOURCES INC.,0.0,5.0724193548387095
2025-07,COND,SATURN OIL & GAS INC.,0.0,4.078225161290322
2025-07,COND,SHELL CANADA ENERGY,0.0,0.9739045161290322
2025-07,COND,SIGNALTA RESOURCES LIMITED,0.0,6.005744516129032
2025-07,COND,SINOPEC CANADA ENERGY LTD.,0.0,282.29028193548385
2025-07,COND,SOGAR RESOURCES LTD.,0.0,1.2173806451612903
2025-07,COND,SPARK INFRASTRUCTURE CORP.,0.0,0.8521664516129032
2025-07,COND,SPARTAN DELTA CORP.,0.0,149.83926774193546
2025-07,COND,SPOKE RESOURCES LTD.,0.0,1.25796
2025-07,COND,STRATHCONA RESOURCES LTD.,0.0,19.66069741935484
2025-07,COND,SURGE ENERGY INC.,0.0,0.08115870967741935
2025-07,COND,TAIGA ENERGY CORP.,0.0,5.721689032258064
2025-07,COND,TAMARACK VALLEY ENERGY LTD.,0.0,0.4869522580645161
2025-07,COND,TAQA NORTH LTD.,0.0,149.1088393548387
2025-07,COND,TEINE ENERGY LTD.,0.0,117.25404580645161
2025-07,COND,TENAZ ENERGY CORP.,0.0,31.347551612903224
2025-07,COND,TOURMALINE OIL CORP.,0.0,328.75364322580646
2025-07,COND,VANTAGE POINT RESOURCES INC.,0.0,6.066613548387096
2025-07,COND,VERMILION ENERGY INC.,0.0,357.5852748387096
2025-07,COND,WEST 5 RESOURCES INC.,0.0,0.2637658064516129
2025-07,COND,WHITECAP PARTNERSHIP,0.0,1680.00558
2025-07,COND,WHITECAP RESOURCES INC.,0.0,9610.48976516129
2025-07,COND,WHITEHALL ENERGY LTD.,0.0,1.1565116129032258
2025-07,COND,WOLF LAKE EXPLORATION LTD.,0.0,0.10144838709677419
2025-07,COND,YANGARRA RESOURCES CORP.,0.0,96.39625741935482
2025-07,CRUDE_OIL,1288131 ALBERTA LTD.,0.0,8.826009677419353
2025-07,CRUDE_OIL,1852797 ALBERTA ULC,0.0,175.9317929032258
2025-07,CRUDE_OIL,2155192 ALBERTA LTD.,0.0,23.698343225806454
2025-07,CRUDE_OIL,2363750 ALBERTA LTD.,0.0,50.03434451612903
2025-07,CRUDE_OIL,840586 ALBERTA LTD.,0.0,58.04876709677419
2025-07,CRUDE_OIL,935821 ALBERTA LTD.,0.0,8.095581290322581
2025-07,CRUDE_OIL,97837 RESOURCES LTD.,0.0,6.188351612903227
2025-07,CRUDE_OIL,979968 ALBERTA LTD.,0.0,2.921713548387097
2025-07,CRUDE_OIL,ACQUISITION OIL CORP.,0.0,844.4969535483871
2025-07,CRUDE_OIL,ADANAC OIL & GAS LIMITED,0.0,15.623051612903224
2025-07,CRUDE_OIL,ADVANTAGE ENERGY LTD.,0.0,7205.351403870967
2025-07,CRUDE_OIL,AENEID EXPLORATION INC.,0.0,84.99345870967741
2025-07,CRUDE_OIL,AERADEN ENERGY CORP.,0.0,15.156389032258064
2025-07,CRUDE_OIL,ALCHEMY ENERGY LTD,0.0,130.66552258064516
2025-07,CRUDE_OIL,ALEXANDER OILFIELD SERVICES LTD.,0.0,22.765018064516127
2025-07,CRUDE_OIL,ALLIED ENERGY II CORP.,0.0,2601.4409903225805
2025-07,CRUDE_OIL,ALSACE ENERGY CORP.,0.0,32.97072580645161
2025-07,CRUDE_OIL,ALTAIR ENERGY LTD.,0.0,194.55771677419352
2025-07,CRUDE_OIL,ALTIMA RESOURCES LTD.,0.0,52.38794709677419
2025-07,CRUDE_OIL,APAR ENERGY INC.,0.0,11.565116129032258
2025-07,CRUDE_OIL,ARAL RESOURCES LTD.,0.0,31.104075483870965
2025-07,CRUDE_OIL,ARC RESOURCES LTD.,0.0,7846.606658709677
2025-07,CRUDE_OIL,ARCHER EXPLORATION CORP.,0.0,8249.539362580645
2025-07,CRUDE_OIL,ARTIS EXPLORATION LTD.,0.0,9030.57020516129
2025-07,CRUDE_OIL,ASCENSUN OIL AND GAS LTD.,0.0,87.67169612903226
2025-07,CRUDE_OIL,ASPENLEAF ENERGY LIMITED,0.0,16129.17761612903
2025-07,CRUDE_OIL,ASTARA ENERGY CORP.,0.0,4749.955511612903
2025-07,CRUDE_OIL,ATCO NEXT ENERGY LTD.,0.0,28.3041
2025-07,CRUDE_OIL,ATHABASCA OIL CORPORATION,0.0,46.341623225806444
2025-07,CRUDE_OIL,AVILA ENERGY CORPORATION,0.0,14.38538129032258
2025-07,CRUDE_OIL,AXIOM OIL AND GAS INC.,0.0,822.5232329032258
2025-07,CRUDE_OIL,B-32 EXPLORATION LTD.,0.0,171.16371870967743
2025-07,CRUDE_OIL,BACCALIEU ENERGY INC.,0.0,2274.7974735483867
2025-07,CRUDE_OIL,BAND ENERGY RESOURCES LTD.,0.0,4.1593838709677415
2025-07,CRUDE_OIL,BARCOMP PETROLEUM LTD.,0.0,96.94407870967741
2025-07,CRUDE_OIL,"BARNWELL OF CANADA, LIMITED",0.0,447.20477999999997
2025-07,CRUDE_OIL,BARREL OIL CORP.,0.0,975.669718064516
2025-07,CRUDE_OIL,BATTLE RIVER ENERGY LTD.,0.0,1162.5376470967742
2025-07,CRUDE_OIL,BAY OIL AND GAS LTD.,0.0,157.67108322580646
2025-07,CRUDE_OIL,BAYTEX ENERGY LTD.,0.0,8744.019090967742
2025-07,CRUDE_OIL,BDJ ENERGY INC.,0.0,34.26926516129032
2025-07,CRUDE_OIL,BEARSPAW PETROLEUM LTD.,0.0,576.5717632258064
2025-07,CRUDE_OIL,BENCH CREEK RESOURCES LTD.,0.0,36.37939161290322
2025-07,CRUDE_OIL,BIGHORN ENERGY CORPORATION,0.0,175.3028129032258
2025-07,CRUDE_OIL,BIRCHCLIFF ENERGY LTD.,0.0,1439.917827096774
2025-07,CRUDE_OIL,BITSTONE RESOURCES INC.,0.0,70.79068451612903
2025-07,CRUDE_OIL,BLUE SKY RESOURCES LTD.,0.0,721.5212187096773
2025-07,CRUDE_OIL,BLUE STAR ENERGY INC.,0.0,11.504247096774193
2025-07,CRUDE_OIL,BONTERRA ENERGY CORP.,0.0,5940.330596129032
2025-07,CRUDE_OIL,BORNITE ENERGY LTD.,0.0,10.124549032258063
2025-07,CRUDE_OIL,BORRADAILE OIL LTD.,0.0,9.475279354838708
2025-07,CRUDE_OIL,BOUNTY DEVELOPMENTS LTD.,0.0,31.935952258064518
2025-07,CRUDE_OIL,"BRIGHTSPOT INTERNATIONAL ENERGY (CANADA) CO., LTD.",0.0,11.747723225806451
2025-07,CRUDE_OIL,BROTHERIN ENERGY LTD.,0.0,124.70035741935483
2025-07,CRUDE_OIL,BRW PETROLEUM CORP.,0.0,291.98874774193547
2025-07,CRUDE_OIL,BTG ENERGY CORP.,0.0,1604.9540632258063
2025-07,CRUDE_OIL,C GROUP ENERGY INC.,0.0,140.7089129032258
2025-07,CRUDE_OIL,CABOT ENERGY INC.,0.0,230.79508064516128
2025-07,CRUDE_OIL,CALEDONIAN MIDSTREAM CORPORATION,0.0,337.6202322580645
2025-07,CRUDE_OIL,CALTEX TRILOGY INC.,0.0,20.228808387096773
2025-07,CRUDE_OIL,CANADIAN NATURAL RESOURCES LIMITED,0.0,66838.8843348387
2025-07,CRUDE_OIL,CANLIN RESOURCES PARTNERSHIP,0.0,798.0741716129031
2025-07,CRUDE_OIL,CANUCK NORTH RESOURCES LTD.,0.0,23.27226
2025-07,CRUDE_OIL,CAPILLARY RESOURCES CORP.,0.0,13.614373548387094
2025-07,CRUDE_OIL,CAPITAN INVESTMENT LTD.,0.0,2.028967741935484
2025-07,CRUDE_OIL,CARDINAL ENERGY LTD.,0.0,14357.442404516129
2025-07,CRUDE_OIL,CENOVUS ENERGY INC.,0.0,12446.033053548386
2025-07,CRUDE_OIL,CENTENNIAL PETROLEUM COMPANY LTD.,0.0,0.7912974193548385
2025-07,CRUDE_OIL,CLAMPETT ENERGY LTD.,0.0,22.52154193548387
2025-07,CRUDE_OIL,CLEAR NORTH ENERGY CORP.,0.0,198.53449354838708
2025-07,CRUDE_OIL,CLEARVIEW RESOURCES LTD.,0.0,361.2779961290322
2025-07,CRUDE_OIL,COASTAL RESOURCES LIMITED,0.0,80.06306709677419
2025-07,CRUDE_OIL,COBALT ENERGY INC.,0.0,342.4694651612903
2025-07,CRUDE_OIL,CONCOURSE PETROLEUM INC.,0.0,142.90019806451613
2025-07,CRUDE_OIL,CONIFER ENERGY INC.,0.0,6105.245094193548
2025-07,CRUDE_OIL,CONVEGA ENERGY LTD.,0.0,17.32738451612903
2025-07,CRUDE_OIL,CORSE ENERGY CORP.,0.0,1.6028845161290322
2025-07,CRUDE_OIL,COURSER ENERGY LTD.,0.0,89.82240193548387
2025-07,CRUDE_OIL,COVEE ENERGY CORPORATION,0.0,64.80522967741935
2025-07,CRUDE_OIL,CRIMSON OIL & GAS LTD.,0.0,4.179673548387097
2025-07,CRUDE_OIL,CROVERRO ENERGY LTD.,0.0,343.5853974193548
2025-07,CRUDE_OIL,CYGNET ENERGY LTD.,0.0,1684.185253548387
2025-07,CRUDE_OIL,DARK ENERGY LTD.,0.0,43.76483419354838
2025-07,CRUDE_OIL,DARK WARRIOR RESOURCES LTD.,0.0,137.4219851612903
2025-07,CRUDE_OIL,DCP OIL CORP.,0.0,25.605572903225806
2025-07,CRUDE_OIL,DECCAN ENERGY LTD.,0.0,32.42290451612904
2025-07,CRUDE_OIL,DECIMUS OIL CORP.,0.0,67.92984
2025-07,CRUDE_OIL,DECKLAND INC.,0.0,30.45480580645161
2025-07,CRUDE_OIL,DEL CANADA GP LTD.,0.0,552.7922612903226
2025-07,CRUDE_OIL,DELTAWEST ENERGY LTD.,0.0,149.3726051612903
2025-07,CRUDE_OIL,DERRICK PETROLEUM LTD.,0.0,5.843427096774193
2025-07,CRUDE_OIL,DIRE RESOURCES LTD.,0.0,11.443378064516128
2025-07,CRUDE_OIL,DOAG ENERGY LTD.,0.0,85.48041096774193
2025-07,CRUDE_OIL,DURHAM CREEK ENERGY LTD.,0.0,38.10401419354839
2025-07,CRUDE_OIL,DWL RESOURCES LTD.,0.0,84.6891135483871
2025-07,CRUDE_OIL,EAGLE ENERGY INC.,0.0,1023.6345154838709
2025-07,CRUDE_OIL,ECLIPSE RESOURCES LTD.,0.0,675.1390161290323
2025-07,CRUDE_OIL,ECOCHAIN ENERGY LTD.,0.0,35.36490774193548
2025-07,CRUDE_OIL,EDALIS ENERGY INC.,0.0,29.82582580645161
2025-07,CRUDE_OIL,EMBER RESOURCES INC.,0.0,123.5438458064516
2025-07,CRUDE_OIL,ENDRUM ENERGY CORP.,0.0,35.14172129032258
2025-07,CRUDE_OIL,ENER T CORPORATION,0.0,75.29499290322579
2025-07,CRUDE_OIL,ENERCAPITA ENERGY LTD.,0.0,2747.0802948387095
2025-07,CRUDE_OIL,ENHANCE ENERGY INC.,0.0,2258.9309458064517
2025-07,CRUDE_OIL,ENTRADA RESOURCES INC.,0.0,959.539424516129
2025-07,CRUDE_OIL,EP RESOURCES CORPORATION,0.0,407.8833851612903
2025-07,CRUDE_OIL,ERDOL RESOURCES CORP.,0.0,143.6306264516129
2025-07,CRUDE_OIL,EXECUTIVE ADVENTURES 2008 INC.,0.0,58.55600903225807
2025-07,CRUDE_OIL,FALLON ENERGY INC.,0.0,6.452117419354838
2025-07,CRUDE_OIL,FIRE CREEK RESOURCES LTD.,0.0,205.29095612903225
2025-07,CRUDE_OIL,FIVE POINT ENERGY INC.,0.0,25.098330967741934
2025-07,CRUDE_OIL,FLYWHEEL RESOURCES CORP.,0.0,166.29419612903226
2025-07,CRUDE_OIL,FORDEN ENERGY INC.,0.0,6.330379354838709
2025-07,CRUDE_OIL,FORT CALGARY RESOURCES LTD.,0.0,56.811096774193544
2025-07,CRUDE_OIL,G. HERMAN GROUP INC.,0.0,33.376519354838706
2025-07,CRUDE_OIL,GLOBAL CANUCK ENERGY LTD.,0.0,4.910101935483871
2025-07,CRUDE_OIL,GMT EXPLORATION ZAMA INC.,0.0,626.9307425806452
2025-07,CRUDE_OIL,GOLDEN SPIKE ENERGY INC.,0.0,6.756462580645161
2025-07,CRUDE_OIL,GOOSE CREEK RESOURCES LTD.,0.0,137.50314387096773
2025-07,CRUDE_OIL,GRAN TIERRA CANADA LTD.,0.0,2740.6078877419354
2025-07,CRUDE_OIL,GRASSLAND ENERGY CORP.,0.0,1056.118289032258
2025-07,CRUDE_OIL,GREEN DAWG ENERGY INC.,0.0,2.0289677419354835
2025-07,CRUDE_OIL,GRIZZLY RESOURCES LTD.,0.0,1665.3564329032256
2025-07,CRUDE_OIL,GRYPHON PETROLEUM CORP.,0.0,123.9496393548387
2025-07,CRUDE_OIL,GUNNARR RESOURCES INC.,0.0,28.080913548387095
2025-07,CRUDE_OIL,HALO EXPLORATION LTD.,0.0,230.38928709677418
2025-07,CRUDE_OIL,HARD ROCK RESOURCES LTD.,0.0,39.19965677419355
2025-07,CRUDE_OIL,HARVARD RESOURCES INC.,0.0,74.13848129032257
2025-07,CRUDE_OIL,HARVEST ENERGY CORPORATION,0.0,4.565177419354838
2025-07,CRUDE_OIL,HARVEST OPERATIONS CORP.,0.0,1104.5903283870966
2025-07,CRUDE_OIL,HBC ENERGY LTD.,0.0,2.5564993548387096
2025-07,CRUDE_OIL,HEADWATER EXPLORATION INC.,0.0,259.5658432258064
2025-07,CRUDE_OIL,HEMISPHERE ENERGY CORPORATION,0.0,3432.5467567741935
2025-07,CRUDE_OIL,HESC ENERGY CORPORATION,0.0,116.72651419354838
2025-07,CRUDE_OIL,HIGHVALE ENERGY LIMITED,0.0,414.8630341935484
2025-07,CRUDE_OIL,HIGHWOOD ASSET MANAGEMENT LTD.,0.0,2617.7336012903224
2025-07,CRUDE_OIL,HITIC ENERGY LTD.,0.0,2524.056160645161
2025-07,CRUDE_OIL,HWN ENERGY LTD.,0.0,8986.419867096774
2025-07,CRUDE_OIL,HYDRO VAULT ENERGY LTD.,0.0,58.10963612903225
2025-07,CRUDE_OIL,INDRA OIL & GAS LTD.,0.0,17.509991612903224
2025-07,CRUDE_OIL,INNES OILFIELD SERVICES LTD.,0.0,3.165189677419354
2025-07,CRUDE_OIL,INPLAY OIL CORP.,0.0,9644.048891612903
2025-07,CRUDE_OIL,INSCH COMMODITY LTD.,0.0,14.060746451612903
2025-07,CRUDE_OIL,INSIGNIA ENERGY LTD.,0.0,707.2575754838709
2025-07,CRUDE_OIL,INTEGRITY OIL OPERATIONS LTD.,0.0,5.599950967741935
2025-07,CRUDE_OIL,IPC CANADA LTD.,0.0,11711.627889677418
2025-07,CRUDE_OIL,ISH ENERGY LTD.,0.0,386.47777548387097
2025-07,CRUDE_OIL,JAST ENERGY LTD.,0.0,31.12436516129032
2025-07,CRUDE_OIL,JOLI FOU PETROLEUMS LTD.,0.0,62.93857935483871
2025-07,CRUDE_OIL,JOURNEY ENERGY INC.,0.0,5278.562477419355
2025-07,CRUDE_OIL,JP ENERGY CORP.,0.0,23.698343225806447
2025-07,CRUDE_OIL,JX ENERGY LTD.,0.0,33.03159483870967
2025-07,CRUDE_OIL,KADEN ENERGY LTD.,0.0,268.4324322580645
2025-07,CRUDE_OIL,KARVE ENERGY INC.,0.0,4608.232114838709
2025-07,CRUDE_OIL,KELT EXPLORATION LTD.,0.0,6061.703446451613
2025-07,CRUDE_OIL,KEYERA ENERGY LTD.,0.0,2.1101264516129032
2025-07,CRUDE_OIL,KINMERC OIL & GAS INC.,0.0,266.6469406451613
2025-07,CRUDE_OIL,KIWETINOHK ENERGY CORP.,0.0,179.94914903225805
2025-07,CRUDE_OIL,KOHO ENERGY CORP.,0.0,2.739106451612903
2025-07,CRUDE_OIL,LEDGEND ROYALTY TRUST LTD.,0.0,17.225936129032256
2025-07,CRUDE_OIL,LOGAN ENERGY CORP.,0.0,5047.767396774193
2025-07,CRUDE_OIL,LOGIC ENERGY LTD.,0.0,149.47405354838708
2025-07,CRUDE_OIL,LONE TREE RESOURCES INC.,0.0,4.423149677419355
2025-07,CRUDE_OIL,LONG RUN EXPLORATION LTD.,0.0,1197.9431341935483
2025-07,CRUDE_OIL,LONG TERM ASSET MANAGEMENT INC.,0.0,18.950558709677416
2025-07,CRUDE_OIL,LONGRIDGE ENERGY LTD.,0.0,136.22489419354838
2025-07,CRUDE_OIL,LONGSHORE RESOURCES LTD.,0.0,2709.442943225806
2025-07,CRUDE_OIL,LOTUS CREEK EXPLORATION INC.,0.0,462.48290709677417
2025-07,CRUDE_OIL,LOYAL ENERGY (CANADA) OPERATING LTD.,0.0,902.7891967741936
2025-07,CRUDE_OIL,LUXUR RESOURCES INC.,0.0,2.394181935483871
2025-07,CRUDE_OIL,LYCOS ENERGY INC.,0.0,1881.6443941935481
2025-07,CRUDE_OIL,LYNX ENERGY ULC,0.0,1141.0711683870966
2025-07,CRUDE_OIL,MAGA ENERGY LTD.,0.0,116.99028
2025-07,CRUDE_OIL,MALAK ENERGY INC.,0.0,0.8927458064516129
2025-07,CRUDE_OIL,MANCAL ENERGY INC.,0.0,2399.436961935484
2025-07,CRUDE_OIL,MARLIN RESOURCES LTD.,0.0,260.6209064516129
2025-07,CRUDE_OIL,MATO INC.,0.0,3.652141935483871
2025-07,CRUDE_OIL,MCLAND RESOURCES LTD.,0.0,43.054695483870965
2025-07,CRUDE_OIL,MORNING STAR PETROLEUM INCORPORATED,0.0,5.8028477419354845
2025-07,CRUDE_OIL,MUDDY PETROLEUM COMPANY LTD.,0.0,2.272443870967742
2025-07,CRUDE_OIL,MURPHY OIL COMPANY LTD.,0.0,1764.8164316129032
2025-07,CRUDE_OIL,N7 ENERGY LTD.,0.0,295.41770322580646
2025-07,CRUDE_OIL,NEW NORTH RESOURCES LTD.,0.0,24.002688387096775
2025-07,CRUDE_OIL,NEW TIMES ENERGY CANADA GP 2 LTD.,0.0,35.06056258064516
2025-07,CRUDE_OIL,NEW WEST DATA CORP.,0.0,52.0227329032258
2025-07,CRUDE_OIL,NORTH 40 RESOURCES LTD.,0.0,3280.9219974193547
2025-07,CRUDE_OIL,NORTH FORK RESOURCES LTD,0.0,88.58473161290321
2025-07,CRUDE_OIL,NORTHERN UTILITIES (SASK.) LTD.,0.0,3.3275070967741933
2025-07,CRUDE_OIL,NORTHROCK RESOURCES PARTNERSHIP LTD.,0.0,1.866650322580645
2025-07,CRUDE_OIL,NOVUS ENERGY INC.,0.0,67.05738387096774
2025-07,CRUDE_OIL,NUOVA STRADA VENTURES LTD.,0.0,121.39313999999999
2025-07,CRUDE_OIL,NVP EXPLORATION INC.,0.0,14.243353548387097
2025-07,CRUDE_OIL,OAK RESOURCES LTD.,0.0,1.6028845161290322
2025-07,CRUDE_OIL,OBSIDIAN ENERGY LTD.,0.0,3900.5890354838707
2025-07,CRUDE_OIL,OHANA RESOURCES INC.,0.0,168.9318541935484
2025-07,CRUDE_OIL,ORGA ENERGY LTD.,0.0,230.57189419354836
2025-07,CRUDE_OIL,ORLEN UPSTREAM CANADA LTD.,0.0,869.87934
2025-07,CRUDE_OIL,OUTLIER RESOURCES LTD.,0.0,277.25844193548386
2025-07,CRUDE_OIL,OUTPOST ENERGY LTD.,0.0,13.310028387096771
2025-07,CRUDE_OIL,OVINTIV CANADA ULC,0.0,357.42295741935476
2025-07,CRUDE_OIL,PARALLAX ENERGY OPERATING INC.,0.0,12554.948041935482
2025-07,CRUDE_OIL,PARAMOUNT RESOURCES LTD.,0.0,1501.8419225806451
2025-07,CRUDE_OIL,PENTACOR ENERGY CORP.,0.0,53.300982580645154
2025-07,CRUDE_OIL,PERSIST OIL AND GAS INC.,0.0,1298.5596445161289
2025-07,CRUDE_OIL,PETRUS RESOURCES CORP.,0.0,601.020824516129
2025-07,CRUDE_OIL,PEYTO EXPLORATION & DEVELOPMENT CORP.,0.0,20.573732903225803
2025-07,CRUDE_OIL,PINE CLIFF ENERGY LTD.,0.0,1187.3316329032257
2025-07,CRUDE_OIL,PISMO ENERGY LTD.,0.0,0.9739045161290322
2025-07,CRUDE_OIL,PLATFORM ENERGY INC.,0.0,41.97934258064516
2025-07,CRUDE_OIL,POINT BAR RESOURCES INC.,0.0,747.8369303225805
2025-07,CRUDE_OIL,POINTBREAK RESOURCES INC.,0.0,1174.1027632258065
2025-07,CRUDE_OIL,POKER CHIP EXPLORATION LTD.,0.0,8.927458064516129
2025-07,CRUDE_OIL,POTTS PETROLEUM INC.,0.0,228.50234709677417
2025-07,CRUDE_OIL,PRAIRIE PROVIDENT RESOURCES CANADA LTD.,0.0,1264.9193593548387
2025-07,CRUDE_OIL,PRAIRIE THUNDER RESOURCES LTD.,0.0,3124.3668464516127
2025-07,CRUDE_OIL,PRIMROSE DRILLING VENTURES LTD.,0.0,11.808592258064515
2025-07,CRUDE_OIL,PRONGHORN RESOURCES LTD.,0.0,19.823014838709675
2025-07,CRUDE_OIL,PROSPERA ENERGY INC.,0.0,67.46317741935484
2025-07,CRUDE_OIL,PULSE OIL OPERATING CORP.,0.0,101.22520064516127
2025-07,CRUDE_OIL,QUESTERRE ENERGY CORPORATION,0.0,3.1043206451612906
2025-07,CRUDE_OIL,RAKE RESOURCES LTD,0.0,21.162133548387096
2025-07,CRUDE_OIL,RALLY CANADA RESOURCES LTD.,0.0,275.6352677419355
2025-07,CRUDE_OIL,RAMPART OIL INC.,0.0,543.1140851612903
2025-07,CRUDE_OIL,RANAHAN RESOURCES LIMITED,0.0,1304.2610438709678
2025-07,CRUDE_OIL,RED ANGUS ENERGY INC.,0.0,57.845870322580645
2025-07,CRUDE_OIL,RELENTLESS RESOURCES LTD.,0.0,40.843120645161285
2025-07,CRUDE_OIL,RESONANCE ENERGY LTD.,0.0,20.411415483870968
2025-07,CRUDE_OIL,RESOURCEFUL PETROLEUM CANADA LIMITED,0.0,41.3300729032258
2025-07,CRUDE_OIL,RESPONSE ENERGY CORPORATION,0.0,837.6593322580645
2025-07,CRUDE_OIL,REVIVAL ENERGY INC.,0.0,16.45492838709677
2025-07,CRUDE_OIL,REVOLUTION OIL & GAS CORPORATION,0.0,436.02516774193543
2025-07,CRUDE_OIL,REX ENERGY LTD.,0.0,43.805413548387094
2025-07,CRUDE_OIL,RIBBON CREEK RESOURCES INC.,0.0,43.359040645161286
2025-07,CRUDE_OIL,RICOCHET OIL CORP.,0.0,8664.138630967742
2025-07,CRUDE_OIL,RIDGELINE EXPLORATION INC.,0.0,19.356352258064515
2025-07,CRUDE_OIL,RIMFIRE ENERGY INC.,0.0,8.704271612903224
2025-07,CRUDE_OIL,RISING TIDE ENERGY LTD.,0.0,37.028661290322574
2025-07,CRUDE_OIL,ROCKEAST ENERGY CORP.,0.0,453.41342129032256
2025-07,CRUDE_OIL,ROK RESOURCES INC.,0.0,126.5061387096774
2025-07,CRUDE_OIL,RTD ENERGY INC.,0.0,7.202835483870967
2025-07,CRUDE_OIL,RUBELLITE ENERGY INC.,0.0,5658.506976774193
2025-07,CRUDE_OIL,RUSH RESOURCES LTD.,0.0,39.95037483870968
2025-07,CRUDE_OIL,SAND HILLS DIV CORP LTD.,0.0,418.83981096774187
2025-07,CRUDE_OIL,SANDPOINT RESOURCES INC.,0.0,27.817147741935482
2025-07,CRUDE_OIL,SATURN OIL & GAS INC.,0.0,3897.403556129032
2025-07,CRUDE_OIL,SHACKLETON EXPLORATION LTD.,0.0,496.7724619354838
2025-07,CRUDE_OIL,SHANPET RESOURCES LTD.,0.0,7.547759999999999
2025-07,CRUDE_OIL,SHARPTAIL ENERGY INC.,0.0,666.0492406451613
2025-07,CRUDE_OIL,SHELL CANADA ENERGY,0.0,28.547576129032254
2025-07,CRUDE_OIL,SHOT POINT RESOURCES LTD.,0.0,54.3154664516129
2025-07,CRUDE_OIL,SIFTON PETROLEUM INC.,0.0,650.3856096774193
2025-07,CRUDE_OIL,SIGNALTA RESOURCES LIMITED,0.0,144.6248206451613
2025-07,CRUDE_OIL,SILVERLEAF RESOURCES INC.,0.0,71.72400967741935
2025-07,CRUDE_OIL,SINOPEC CANADA ENERGY LTD.,0.0,2243.064418064516
2025-07,CRUDE_OIL,SOGAR RESOURCES LTD.,0.0,8.014422580645162
2025-07,CRUDE_OIL,SPARK INFRASTRUCTURE CORP.,0.0,10.104259354838709
2025-07,CRUDE_OIL,SPARTAN DELTA CORP.,0.0,5056.857172258065
2025-07,CRUDE_OIL,SPOKE RESOURCES LTD.,0.0,2128.650927096774
2025-07,CRUDE_OIL,SPUR PETROLEUM LTD.,0.0,29402.968639354836
2025-07,CRUDE_OIL,STRATHCONA RESOURCES LTD.,0.0,4278.403118709677
2025-07,CRUDE_OIL,SUCCESS RESOURCES LTD.,0.0,27.756278709677417
2025-07,CRUDE_OIL,SUEDE ENERGY LTD.,0.0,4090.7438922580645
2025-07,CRUDE_OIL,SUMERIAN OIL & GAS INC.,0.0,84.87172064516129
2025-07,CRUDE_OIL,SUN CENTURY PETROLEUM CORPORATION,0.0,55.83719225806451
2025-07,CRUDE_OIL,SUPREME ENERGY INC.,0.0,95.46293225806451
2025-07,CRUDE_OIL,SURGE ENERGY INC.,0.0,13016.517913548387
2025-07,CRUDE_OIL,SUTTON ENERGY LTD.,0.0,4.341990967741935
2025-07,CRUDE_OIL,TAGGART OIL CORP.,0.0,64.46030516129032
2025-07,CRUDE_OIL,TAKU GAS LIMITED,0.0,39.361974193548384
2025-07,CRUDE_OIL,TAMARACK VALLEY ENERGY LTD.,0.0,39337.768608387094
2025-07,CRUDE_OIL,TAQA NORTH LTD.,0.0,6005.50104
2025-07,CRUDE_OIL,TEINE ENERGY LTD.,0.0,11460.685159354838
2025-07,CRUDE_OIL,TENAZ ENERGY CORP.,0.0,1470.5755296774191
2025-07,CRUDE_OIL,TEXCAL ENERGY CANADA INC.,0.0,872.5778670967742
2025-07,CRUDE_OIL,THOROUGHBRED ENERGY LTD.,0.0,71.21676774193548
2025-07,CRUDE_OIL,TIDEWATER MIDSTREAM AND INFRASTRUCTURE LTD.,0.0,167.653604516129
2025-07,CRUDE_OIL,TOP OIL PRODUCTION LTD.,0.0,380.9386935483871
2025-07,CRUDE_OIL,TOURMALINE OIL CORP.,0.0,12826.221029032256
2025-07,CRUDE_OIL,TOWER RIDGE ENTERPRISES CORP.,0.0,5.397054193548387
2025-07,CRUDE_OIL,TRIPLE 555 OIL COMPANY LTD.,0.0,33.498257419354836
2025-07,CRUDE_OIL,TUKTU RESOURCES LTD.,0.0,270.78603483870967
2025-07,CRUDE_OIL,TWP50 RESOURCES LTD.,0.0,1.2173806451612903
2025-07,CRUDE_OIL,TYKEWEST LIMITED,0.0,23.596894838709677
2025-07,CRUDE_OIL,ULYSSES ENERGY CORP.,0.0,477.63929612903223
2025-07,CRUDE_OIL,UNIT 18 CORP.,0.0,206.54891612903225
2025-07,CRUDE_OIL,"VAALCO ENERGY CANADA, INC.",0.0,628.6553651612903
2025-07,CRUDE_OIL,VANRENA RESOURCES LTD.,0.0,4.4028599999999996
2025-07,CRUDE_OIL,VANTAGE POINT RESOURCES INC.,0.0,1013.4490974193548
2025-07,CRUDE_OIL,VERMILION ENERGY INC.,0.0,3421.9352554838706
2025-07,CRUDE_OIL,VITAL ENERGY INC.,0.0,311.8726316129032
2025-07,CRUDE_OIL,VULTURE ENERGY LTD.,0.0,24.469350967741935
2025-07,CRUDE_OIL,WASP ENTERPRIZES LTD.,0.0,61.173377419354836
2025-07,CRUDE_OIL,WESCAN ENERGY CORP.,0.0,95.03684903225806
2025-07,CRUDE_OIL,WEST 5 RESOURCES INC.,0.0,106.68312387096773
2025-07,CRUDE_OIL,WEST LAKE ENERGY CORP.,0.0,6321.046103225806
2025-07,CRUDE_OIL,WESTGATE ENERGY OPERATIONS LTD.,0.0,114.21059419354837
2025-07,CRUDE_OIL,WHITE TUNDRA PETROLEUM LTD.,0.0,34.28955483870968
2025-07,CRUDE_OIL,WHITECAP PARTNERSHIP,0.0,35134.31555806451
2025-07,CRUDE_OIL,WHITECAP RESOURCES INC.,0.0,20015.3001116129
2025-07,CRUDE_OIL,WHITEMUD CREEK RESOURCES LTD.,0.0,21.64908580645161
2025-07,CRUDE_OIL,WILCOX ENERGY CORP.,0.0,21.81140322580645
2025-07,CRUDE_OIL,WILDCAT RENTALS LTD.,0.0,21.851982580645164
2025-07,CRUDE_OIL,WOLF LAKE EXPLORATION LTD.,0.0,544.412624516129
2025-07,CRUDE_OIL,WOODCOTE OIL & GAS INC.,0.0,1938.0699870967742
2025-07,CRUDE_OIL,WOODSMAN ENERGY CORP.,0.0,301.86982064516127
2025-07,CRUDE_OIL,XENOTIME ENERGY INC.,0.0,6.391248387096773
2025-07,CRUDE_OIL,YANGARRA RESOURCES CORP.,0.0,1766.5816335483871
2025-07,CRUDE_OIL,ZNX ENERGY LTD.,0.0,14.791174838709678
2025-07,CRUDE_OIL,ZYZYGY RESOURCES LTD.,0.0,56.22269612903225
2025-07,GAS,1170778 ALBERTA LTD.,0.0022783677419354843,0.0
2025-07,GAS,1288131 ALBERTA LTD.,0.04374466064516129,0.0
2025-07,GAS,1852797 ALBERTA ULC,0.008771715806451613,0.0
2025-07,GAS,2155192 ALBERTA LTD.,0.10412140580645163,0.0
2025-07,GAS,2363750 ALBERTA LTD.,0.16381464064516132,0.0
2025-07,GAS,840586 ALBERTA LTD.,0.16586517161290323,0.0
2025-07,GAS,935821 ALBERTA LTD.,0.0001139183870967742,0.0
2025-07,GAS,97837 RESOURCES LTD.,0.03360592419354839,0.0
2025-07,GAS,979968 ALBERTA LTD.,0.10719720225806453,0.0
2025-07,GAS,ACQUISITION OIL CORP.,0.4739004903225807,0.0
2025-07,GAS,ADANAC OIL & GAS LIMITED,0.05126327419354839,0.0
2025-07,GAS,ADVANTAGE ENERGY LTD.,417.57548043516135,0.0
2025-07,GAS,AENEID EXPLORATION INC.,0.03508686322580646,0.0
2025-07,GAS,AERADEN ENERGY CORP.,0.02027747290322581,0.0
2025-07,GAS,ALCHEMY ENERGY LTD,0.46672363193548394,0.0
2025-07,GAS,ALEXANDER OILFIELD SERVICES LTD.,0.012303185806451615,0.0
2025-07,GAS,ALLIED ENERGY II CORP.,5.5989748074193555,0.0
2025-07,GAS,ALSACE ENERGY CORP.,0.0022783677419354843,0.0
2025-07,GAS,ALTAGAS LTD.,0.02494812677419355,0.0
2025-07,GAS,ALTAIR ENERGY LTD.,1.4604337225806454,0.0
2025-07,GAS,ALTIMA RESOURCES LTD.,0.023125432580645162,0.0
2025-07,GAS,APAR ENERGY INC.,0.005809837741935484,0.0
2025-07,GAS,APL OIL & GAS (1998) LTD.,0.2659994338709678,0.0
2025-07,GAS,ARAL RESOURCES LTD.,0.034631189677419356,0.0
2025-07,GAS,ARC RESOURCES LTD.,626.4187558664516,0.0
2025-07,GAS,ARCHER EXPLORATION CORP.,39.714569864838715,0.0
2025-07,GAS,ARROW EXPLORATION CORP.,0.8670328441935485,0.0
2025-07,GAS,ARTIS EXPLORATION LTD.,17.09732720903226,0.0
2025-07,GAS,ASCENSUN OIL AND GAS LTD.,0.05525041774193549,0.0
2025-07,GAS,ASPENLEAF ENERGY LIMITED,36.79051270483871,0.0
2025-07,GAS,ASTARA ENERGY CORP.,18.47277781483871,0.0
2025-07,GAS,ATCO NEXT ENERGY LTD.,5.40599705967742,0.0
2025-07,GAS,ATHABASCA OIL CORPORATION,5.951666133870969,0.0
2025-07,GAS,AVILA ENERGY CORPORATION,0.7105089803225807,0.0
2025-07,GAS,AXIOM OIL AND GAS INC.,4.083632422258065,0.0
2025-07,GAS,AYIK ENERGY CORP.,0.42297897129032264,0.0
2025-07,GAS,B-32 EXPLORATION LTD.,0.057187030322580656,0.0
2025-07,GAS,BACCALIEU ENERGY INC.,15.09600898451613,0.0
2025-07,GAS,BAND ENERGY RESOURCES LTD.,0.0005695919354838711,0.0
2025-07,GAS,BARCOMP PETROLEUM LTD.,0.002734041290322581,0.0
2025-07,GAS,"BARNWELL OF CANADA, LIMITED",2.214003853225807,0.0
2025-07,GAS,BARREL OIL CORP.,18.42128670387097,0.0
2025-07,GAS,BATTLE RIVER ENERGY LTD.,6.47250099967742,0.0
2025-07,GAS,BAY OIL AND GAS LTD.,0.37843688193548397,0.0
2025-07,GAS,BAYTEX ENERGY LTD.,66.01809760870968,0.0
2025-07,GAS,BDJ ENERGY INC.,0.05365556032258064,0.0
2025-07,GAS,BEAR HILLS INDUSTRIES LTD.,0.10947557000000001,0.0
2025-07,GAS,BEARSPAW PETROLEUM LTD.,2.6278693535483875,0.0
2025-07,GAS,BENCH CREEK RESOURCES LTD.,0.6735994229032258,0.0
2025-07,GAS,BIGHORN ENERGY CORPORATION,6.495740350645162,0.0
2025-07,GAS,BIRCHCLIFF ENERGY LTD.,440.66776276516134,0.0
2025-07,GAS,BITSTONE RESOURCES INC.,0.4659262032258065,0.0
2025-07,GAS,BLUE SKY RESOURCES LTD.,1.2868221006451614,0.0
2025-07,GAS,BLUE STAR ENERGY INC.,0.0680092770967742,0.0
2025-07,GAS,BONTERRA ENERGY CORP.,50.27263989935484,0.0
2025-07,GAS,BORNITE ENERGY LTD.,2.7979495054838712,0.0
2025-07,GAS,BORRADAILE OIL LTD.,0.014011961612903228,0.0
2025-07,GAS,BOUNTY DEVELOPMENTS LTD.,0.0035314700000000005,0.0
2025-07,GAS,"BRIGHTSPOT INTERNATIONAL ENERGY (CANADA) CO., LTD.",0.02460637161290323,0.0
2025-07,GAS,BROTHERIN ENERGY LTD.,0.36408316516129036,0.0
2025-07,GAS,BRW PETROLEUM CORP.,0.10184303806451614,0.0
2025-07,GAS,BTG ENERGY CORP.,26.314691745806456,0.0
2025-07,GAS,C GROUP ENERGY INC.,0.23216567290322584,0.0
2025-07,GAS,CABOT ENERGY INC.,0.3026811545161291,0.0
2025-07,GAS,CALEDONIAN MIDSTREAM CORPORATION,21.845217746451617,0.0
2025-07,GAS,CALTEX TRILOGY INC.,5.536205776129033,0.0
2025-07,GAS,CANADIAN NATURAL RESOURCES LIMITED,2126.219255476129,0.0
2025-07,GAS,CANLIN RESOURCES PARTNERSHIP,202.11514157096778,0.0
2025-07,GAS,CANSTONE ENERGY LTD.,2.4165507454838715,0.0
2025-07,GAS,CANUCK NORTH RESOURCES LTD.,0.048073559354838716,0.0
2025-07,GAS,CAPILLARY RESOURCES CORP.,0.01298669612903226,0.0
2025-07,GAS,CAPITAN INVESTMENT LTD.,0.0001139183870967742,0.0
2025-07,GAS,CARDINAL ENERGY LTD.,21.823687171290324,0.0
2025-07,GAS,CAVVY PRODUCTION LTD.,165.15375128548388,0.0
2025-07,GAS,CENOVUS ENERGY INC.,781.1702774709678,0.0
2025-07,GAS,CENTENNIAL PETROLEUM COMPANY LTD.,0.05479474419354839,0.0
2025-07,GAS,CHECK ENERGY LTD.,0.010138736451612904,0.0
2025-07,GAS,CLAMPETT ENERGY LTD.,0.021758411935483876,0.0
2025-07,GAS,CLEAR NORTH ENERGY CORP.,1.3705521151612905,0.0
2025-07,GAS,CLEARVIEW RESOURCES LTD.,4.572797976451613,0.0
2025-07,GAS,CNOOC PETROLEUM NORTH AMERICA ULC,4.575532017741936,0.0
2025-07,GAS,COASTAL RESOURCES LIMITED,0.057642703870967746,0.0
2025-07,GAS,COBALT ENERGY INC.,0.3021115625806452,0.0
2025-07,GAS,CONCOURSE PETROLEUM INC.,0.31498434032258066,0.0
2025-07,GAS,CONIFER ENERGY INC.,11.431596226774195,0.0
2025-07,GAS,CONNACHER OIL AND GAS LIMITED,7.333724006129033,0.0
2025-07,GAS,CONOCOPHILLIPS CANADA RESOURCES CORP.,8.06234601,0.0
2025-07,GAS,CONVEGA ENERGY LTD.,0.24492453225806454,0.0
2025-07,GAS,CORSE ENERGY CORP.,1.1470442396774194,0.0
2025-07,GAS,COURSER ENERGY LTD.,0.1403474529032258,0.0
2025-07,GAS,COVEE ENERGY CORPORATION,0.5800724270967742,0.0
2025-07,GAS,CRIMSON OIL & GAS LTD.,0.0001139183870967742,0.0
2025-07,GAS,CROVERRO ENERGY LTD.,0.20026852451612906,0.0
2025-07,GAS,CYGNET ENERGY LTD.,29.67289187903226,0.0
2025-07,GAS,DARK ENERGY LTD.,0.015037227096774195,0.0
2025-07,GAS,DARK WARRIOR RESOURCES LTD.,0.18807925709677423,0.0
2025-07,GAS,DAVIES LIVESTOCK CO. LTD.,0.0026201229032258066,0.0
2025-07,GAS,DCP OIL CORP.,0.07530005387096775,0.0
2025-07,GAS,DECCAN ENERGY LTD.,0.019593962580645163,0.0
2025-07,GAS,DECIMUS OIL CORP.,0.11653851000000001,0.0
2025-07,GAS,DECKLAND INC.,0.21143252645161295,0.0
2025-07,GAS,DEERGARDEN RESOURCES LTD.,0.03166931161290323,0.0
2025-07,GAS,DEL CANADA GP LTD.,2.34808579483871,0.0
2025-07,GAS,DELTAWEST ENERGY LTD.,0.10013426225806453,0.0
2025-07,GAS,DERRICK PETROLEUM LTD.,0.024606371612903227,0.0
2025-07,GAS,DIRE RESOURCES LTD.,0.005809837741935484,0.0
2025-07,GAS,DOAG ENERGY LTD.,0.31122503354838715,0.0
2025-07,GAS,DURHAM CREEK ENERGY LTD.,0.1042353241935484,0.0
2025-07,GAS,DWL RESOURCES LTD.,0.23330485677419358,0.0
2025-07,GAS,EAGLE ENERGY INC.,0.5552382187096775,0.0
2025-07,GAS,ECLIPSE RESOURCES LTD.,0.4302697480645162,0.0
2025-07,GAS,ECOCHAIN ENERGY LTD.,0.030644046129032262,0.0
2025-07,GAS,EDALIS ENERGY INC.,0.08110989161290323,0.0
2025-07,GAS,EMBER RESOURCES INC.,195.23561017419357,0.0
2025-07,GAS,ENDRUM ENERGY CORP.,3.9468164393548393,0.0
2025-07,GAS,ENER T CORPORATION,0.0887424235483871,0.0
2025-07,GAS,ENERCAPITA ENERGY LTD.,9.884242774838711,0.0
2025-07,GAS,ENHANCE ENERGY INC.,20.187591295806453,0.0
2025-07,GAS,ENTRADA RESOURCES INC.,11.809235680000002,0.0
2025-07,GAS,EP RESOURCES CORPORATION,0.17292811161290325,0.0
2025-07,GAS,ERDOL RESOURCES CORP.,0.5204931106451613,0.0
2025-07,GAS,EVERGO RESOURCES LIMITED,0.027568249677419356,0.0
2025-07,GAS,EXECUTIVE ADVENTURES 2008 INC.,0.05285813161290323,0.0
2025-07,GAS,FABIAN SEED FARMS INC.,0.0011391838709677421,0.0
2025-07,GAS,FALLON ENERGY INC.,0.03326416903225807,0.0
2025-07,GAS,FIRE CREEK RESOURCES LTD.,0.10594410000000001,0.0
2025-07,GAS,FIVE POINT ENERGY INC.,0.2591643306451613,0.0
2025-07,GAS,FLYWHEEL RESOURCES CORP.,0.3776394532258065,0.0
2025-07,GAS,FORDEN ENERGY INC.,0.004898490645161291,0.0
2025-07,GAS,FORT CALGARY RESOURCES LTD.,0.08771715806451615,0.0
2025-07,GAS,G. HERMAN GROUP INC.,0.7702022151612904,0.0
2025-07,GAS,G2B DEVELOPMENT CORPORATION,0.8840066838709678,0.0
2025-07,GAS,GEX RESOURCES LTD.,0.49919037225806456,0.0
2025-07,GAS,GLOBAL CANUCK ENERGY LTD.,0.0021644493548387098,0.0
2025-07,GAS,GMT EXPLORATION ZAMA INC.,0.8923227261290324,0.0
2025-07,GAS,GOLDEN SPIKE ENERGY INC.,0.008088205483870969,0.0
2025-07,GAS,GOOSE CREEK RESOURCES LTD.,1.4138411022580646,0.0
2025-07,GAS,GRAN TIERRA CANADA LTD.,55.06245240322581,0.0
2025-07,GAS,GRASSLAND ENERGY CORP.,4.027926330967743,0.0
2025-07,GAS,GREENFIRE RESOURCES OPERATING CORPORATION,2.8336059606451616,0.0
2025-07,GAS,GRIZZLY OIL SANDS ULC,0.0017087758064516132,0.0
2025-07,GAS,GRIZZLY RESOURCES LTD.,0.07894544225806452,0.0
2025-07,GAS,GRYPHON PETROLEUM CORP.,0.4750396741935484,0.0
2025-07,GAS,GUNNARR RESOURCES INC.,0.04533951806451613,0.0
2025-07,GAS,HALO EXPLORATION LTD.,1.522291406774194,0.0
2025-07,GAS,HARD ROCK RESOURCES LTD.,0.9274095893548389,0.0
2025-07,GAS,HARVARD RESOURCES INC.,0.06869278741935485,0.0
2025-07,GAS,HARVEST ENERGY CORPORATION,0.0038732251612903228,0.0
2025-07,GAS,HARVEST OPERATIONS CORP.,36.68958101387097,0.0
2025-07,GAS,HBC ENERGY LTD.,0.0002278367741935484,0.0
2025-07,GAS,HEADWATER EXPLORATION INC.,15.708320315161291,0.0
2025-07,GAS,HEMISPHERE ENERGY CORPORATION,0.9128280358064517,0.0
2025-07,GAS,HESC ENERGY CORPORATION,0.3447170393548387,0.0
2025-07,GAS,HIGHVALE ENERGY LIMITED,5.118808805806452,0.0
2025-07,GAS,HIGHWOOD ASSET MANAGEMENT LTD.,15.879767487741939,0.0
2025-07,GAS,HIS MAJESTY THE KING IN RIGHT OF CANADA AS REPRESENTED HEREIN BY THE MINISTER OF NATIONAL DEFENCE,0.11266528483870969,0.0
2025-07,GAS,HITIC ENERGY LTD.,3.78505232967742,0.0
2025-07,GAS,HWN ENERGY LTD.,78.19039118838711,0.0
2025-07,GAS,HYDRO VAULT ENERGY LTD.,0.14365108612903227,0.0
2025-07,GAS,IMPERIAL OIL RESOURCES LIMITED,35.02147407161291,0.0
2025-07,GAS,INDRA OIL & GAS LTD.,0.02050530967741936,0.0
2025-07,GAS,INNES OILFIELD SERVICES LTD.,0.0001139183870967742,0.0
2025-07,GAS,INPLAY OIL CORP.,53.952659476129035,0.0
2025-07,GAS,INSCH COMMODITY LTD.,0.09022336258064517,0.0
2025-07,GAS,INSIGNIA ENERGY LTD.,35.70065549548387,0.0
2025-07,GAS,INTEGRITY OIL OPERATIONS LTD.,0.003987143548387097,0.0
2025-07,GAS,IPC CANADA LTD.,109.7832635635484,0.0
2025-07,GAS,ISH ENERGY LTD.,4.850986677741936,0.0
2025-07,GAS,ISLANDER OIL & GAS INC.,0.2744293945161291,0.0
2025-07,GAS,JAST ENERGY LTD.,0.0038732251612903228,0.0
2025-07,GAS,JAYHAWK RESOURCES LTD.,1.376361952903226,0.0
2025-07,GAS,JOLI FOU PETROLEUMS LTD.,0.003759306774193549,0.0
2025-07,GAS,JOURNEY ENERGY INC.,42.68658666580646,0.0
2025-07,GAS,JP ENERGY CORP.,0.039871435483870975,0.0
2025-07,GAS,JX ENERGY LTD.,0.6372594574193549,0.0
2025-07,GAS,KADEN ENERGY LTD.,3.8991985535483877,0.0
2025-07,GAS,KAISER EXPLORATION LTD.,0.15492900645161292,0.0
2025-07,GAS,KARVE ENERGY INC.,17.761471405806454,0.0
2025-07,GAS,KELT EXPLORATION LTD.,145.5925972003226,0.0
2025-07,GAS,KEYERA ENERGY LTD.,0.16108059935483873,0.0
2025-07,GAS,KIHEW RESOURCES INC.,0.01788518677419355,0.0
2025-07,GAS,KINMERC OIL & GAS INC.,0.1515114548387097,0.0
2025-07,GAS,KIWETINOHK ENERGY CORP.,120.7555408535484,0.0
2025-07,GAS,KOHO ENERGY CORP.,0.0002278367741935484,0.0
2025-07,GAS,LEDGEND ROYALTY TRUST LTD.,0.1938890948387097,0.0
2025-07,GAS,LINEUP RESOURCES CORP.,0.205850525483871,0.0
2025-07,GAS,LOGAN ENERGY CORP.,51.855194132903236,0.0
2025-07,GAS,LOGIC ENERGY LTD.,0.6121974122580646,0.0
2025-07,GAS,LONE TREE RESOURCES INC.,0.05479474419354839,0.0
2025-07,GAS,LONG RUN EXPLORATION LTD.,22.744261657419358,0.0
2025-07,GAS,LONG TERM ASSET MANAGEMENT INC.,15.953358765806454,0.0
2025-07,GAS,LONGRIDGE ENERGY LTD.,0.47219171451612907,0.0
2025-07,GAS,LONGSHORE RESOURCES LTD.,0.8101875690322582,0.0
2025-07,GAS,LOTUS CREEK EXPLORATION INC.,1.5375564706451614,0.0
2025-07,GAS,LOYAL ENERGY (CANADA) OPERATING LTD.,30.50779973806452,0.0
2025-07,GAS,LYCOS ENERGY INC.,3.3784776061290325,0.0
2025-07,GAS,LYNX ENERGY ULC,97.46424310129034,0.0
2025-07,GAS,MAGA ENERGY LTD.,1.1647015896774195,0.0
2025-07,GAS,MAHIKAN OIL CORPORATION,0.039187925161290334,0.0
2025-07,GAS,MALAK ENERGY INC.,0.0006835103225806452,0.0
2025-07,GAS,MANCAL ENERGY INC.,47.35655702645162,0.0
2025-07,GAS,MARLIN RESOURCES LTD.,0.46011636548387097,0.0
2025-07,GAS,MATO INC.,0.1143740606451613,0.0
2025-07,GAS,MCLAND RESOURCES LTD.,0.037934822903225814,0.0
2025-07,GAS,"MEDICINE HAT, CITY OF",10.16117837387097,0.0
2025-07,GAS,MEG ENERGY CORP.,55.28778297290323,0.0
2025-07,GAS,MORNING STAR PETROLEUM INCORPORATED,0.1683713761290323,0.0
2025-07,GAS,MUDDY PETROLEUM COMPANY LTD.,0.0003417551612903226,0.0
2025-07,GAS,MURPHY OIL COMPANY LTD.,14.278188883548388,0.0
2025-07,GAS,N7 ENERGY LTD.,10.95325291935484,0.0
2025-07,GAS,NEW NORTH RESOURCES LTD.,0.8411733703225808,0.0
2025-07,GAS,NEW TIMES ENERGY CANADA GP 2 LTD.,1.6211725667741939,0.0
2025-07,GAS,NEW TIMES ENERGY CANADA GP 3 LTD.,2.8609463735483875,0.0
2025-07,GAS,NEW WEST DATA CORP.,0.40885309129032266,0.0
2025-07,GAS,NORTH 40 RESOURCES LTD.,21.12354476419355,0.0
2025-07,GAS,NORTH FORK RESOURCES LTD,0.16142235451612907,0.0
2025-07,GAS,NORTHERN UTILITIES (SASK.) LTD.,0.0001139183870967742,0.0
2025-07,GAS,NORTHROCK RESOURCES PARTNERSHIP LTD.,0.041580211290322584,0.0
2025-07,GAS,NOVUS ENERGY INC.,0.24355751161290326,0.0
2025-07,GAS,NUOVA STRADA VENTURES LTD.,0.17087758064516131,0.0
2025-07,GAS,NUVISTA ENERGY LTD.,197.13907250419356,0.0
2025-07,GAS,NVP EXPLORATION INC.,0.034631189677419356,0.0
2025-07,GAS,O'NEILL INDUSTRIES INTERNATIONAL-CANADA INC.,0.0042149803225806455,0.0
2025-07,GAS,OAK RESOURCES LTD.,0.0001139183870967742,0.0
2025-07,GAS,OBSIDIAN ENERGY LTD.,57.12357778096775,0.0
2025-07,GAS,OHANA RESOURCES INC.,0.0719964206451613,0.0
2025-07,GAS,OK RADIO GROUP LTD.,0.1894462777419355,0.0
2025-07,GAS,ORGA ENERGY LTD.,0.010024818064516132,0.0
2025-07,GAS,ORLEN UPSTREAM CANADA LTD.,53.27940180838711,0.0
2025-07,GAS,OUTLIER RESOURCES LTD.,29.410423915161292,0.0
2025-07,GAS,OUTPOST ENERGY LTD.,0.2495951861290323,0.0
2025-07,GAS,OVINTIV CANADA ULC,622.4359412167743,0.0
2025-07,GAS,PARAGON ENERGY LTD.,0.0011391838709677421,0.0
2025-07,GAS,PARALLAX ENERGY OPERATING INC.,19.84982327806452,0.0
2025-07,GAS,PARAMOUNT RESOURCES LTD.,121.3099816435484,0.0
2025-07,GAS,PENTACOR ENERGY CORP.,0.02232800387096774,0.0
2025-07,GAS,PERSIST OIL AND GAS INC.,15.171309038387099,0.0
2025-07,GAS,PETROCHINA CANADA LTD.,0.6320192116129033,0.0
2025-07,GAS,PETROCHINA DUVERNAY GAS PARTNERSHIP,53.05384340193549,0.0
2025-07,GAS,PETRUS RESOURCES CORP.,47.304724160322586,0.0
2025-07,GAS,PEYTO CANADA CORP.,18.996004966774198,0.0
2025-07,GAS,PEYTO EXPLORATION & DEVELOPMENT CORP.,739.0512322096776,0.0
2025-07,GAS,PINE CLIFF ENERGY LTD.,110.38304387161291,0.0
2025-07,GAS,PLATFORM ENERGY INC.,1.1620814667741939,0.0
2025-07,GAS,POINT BAR RESOURCES INC.,0.8942593387096776,0.0
2025-07,GAS,POINTBREAK RESOURCES INC.,4.051165681935484,0.0
2025-07,GAS,POKER CHIP EXPLORATION LTD.,0.025517718709677423,0.0
2025-07,GAS,POTTS PETROLEUM INC.,0.3581594090322581,0.0
2025-07,GAS,PRAIRIE PROVIDENT RESOURCES CANADA LTD.,7.134822502258065,0.0
2025-07,GAS,PRAIRIE THUNDER RESOURCES LTD.,7.779828410000001,0.0
2025-07,GAS,PRIMROSE DRILLING VENTURES LTD.,0.004898490645161291,0.0
2025-07,GAS,PRONGHORN RESOURCES LTD.,0.050807600645161294,0.0
2025-07,GAS,PROSPERA ENERGY INC.,0.1478660664516129,0.0
2025-07,GAS,PULSE OIL OPERATING CORP.,0.2796696403225807,0.0
2025-07,GAS,QUESTERRE ENERGY CORPORATION,0.0002278367741935484,0.0
2025-07,GAS,RAKE RESOURCES LTD,0.02494812677419355,0.0
2025-07,GAS,RALLY CANADA RESOURCES LTD.,0.34859026451612907,0.0
2025-07,GAS,RAMPART OIL INC.,0.2035721577419355,0.0
2025-07,GAS,RANAHAN RESOURCES LIMITED,6.242499776129033,0.0
2025-07,GAS,RED ANGUS ENERGY INC.,0.10343789548387097,0.0
2025-07,GAS,RELENTLESS RESOURCES LTD.,0.18921844096774196,0.0
2025-07,GAS,RESISTANCE ENERGY LTD.,0.012872777741935485,0.0
2025-07,GAS,RESONANCE ENERGY LTD.,0.25164571709677425,0.0
2025-07,GAS,RESOURCEFUL PETROLEUM CANADA LIMITED,1.1772326122580647,0.0
2025-07,GAS,RESPONSE ENERGY CORPORATION,0.5210627025806452,0.0
2025-07,GAS,REVIVAL ENERGY INC.,0.025289881935483875,0.0
2025-07,GAS,REVOLUTION OIL & GAS CORPORATION,1.0542007541935485,0.0
2025-07,GAS,REX ENERGY LTD.,0.2710118429032259,0.0
2025-07,GAS,RIBBON CREEK RESOURCES INC.,0.20664795419354842,0.0
2025-07,GAS,RICOCHET OIL CORP.,19.77486497935484,0.0
2025-07,GAS,RIDGELINE EXPLORATION INC.,0.00865779741935484,0.0
2025-07,GAS,RIMFIRE ENERGY INC.,0.07427478838709678,0.0
2025-07,GAS,RISING TIDE ENERGY LTD.,3.5540258406451617,0.0
2025-07,GAS,ROCKEAST ENERGY CORP.,0.557516586451613,0.0
2025-07,GAS,ROCKPOINT GAS STORAGE CANADA LTD.,0.0004556735483870968,0.0
2025-07,GAS,ROK RESOURCES INC.,4.585784672580646,0.0
2025-07,GAS,RTD ENERGY INC.,0.0001139183870967742,0.0
2025-07,GAS,RUBELLITE ENERGY INC.,10.54041268451613,0.0
2025-07,GAS,RUSH RESOURCES LTD.,0.07404695161290323,0.0
2025-07,GAS,SAND HILLS DIV CORP LTD.,1.6798405361290323,0.0
2025-07,GAS,SANDPOINT RESOURCES INC.,0.0009113470967741935,0.0
2025-07,GAS,SATURN OIL & GAS INC.,32.2107657067742,0.0
2025-07,GAS,SCAVENGER ENERGY GP INC.,0.019593962580645163,0.0
2025-07,GAS,SHACKLETON EXPLORATION LTD.,3.6408316516129036,0.0
2025-07,GAS,SHANPET RESOURCES LTD.,0.13089222677419357,0.0
2025-07,GAS,SHARPTAIL ENERGY INC.,1.923284129354839,0.0
2025-07,GAS,SHELL CANADA ENERGY,2.3407950180645165,0.0
2025-07,GAS,SHOT POINT RESOURCES LTD.,0.011391838709677419,0.0
2025-07,GAS,SIFTON PETROLEUM INC.,1.3160991261290325,0.0
2025-07,GAS,SIGNALTA RESOURCES LIMITED,3.509483751290323,0.0
2025-07,GAS,SILVERLEAF RESOURCES INC.,1.035290301935484,0.0
2025-07,GAS,SINOPEC CANADA ENERGY LTD.,49.01190510935484,0.0
2025-07,GAS,SOGAR RESOURCES LTD.,0.9724073522580646,0.0
2025-07,GAS,SPARK INFRASTRUCTURE CORP.,5.271345526129033,0.0
2025-07,GAS,SPARTAN DELTA CORP.,188.05476464354842,0.0
2025-07,GAS,SPOKE RESOURCES LTD.,10.470922468387098,0.0
2025-07,GAS,SPROCKET ENERGY CORPORATION,8.87572329387097,0.0
2025-07,GAS,SPUR PETROLEUM LTD.,37.852004235806454,0.0
2025-07,GAS,STORM DEVELOPMENT CORP.,21.410049507741938,0.0
2025-07,GAS,STRATHCONA RESOURCES LTD.,162.14960949935485,0.0
2025-07,GAS,SUCCESS RESOURCES LTD.,1.0072663787096776,0.0
2025-07,GAS,SUEDE ENERGY LTD.,11.019553420645163,0.0
2025-07,GAS,SUMERIAN OIL & GAS INC.,0.5993246345161292,0.0
2025-07,GAS,SUN CENTURY PETROLEUM CORPORATION,5.648643224193549,0.0
2025-07,GAS,SUNCOR ENERGY INC.,6.8869360919354845,0.0
2025-07,GAS,SUPREME ENERGY INC.,0.6192603522580646,0.0
2025-07,GAS,SURGE ENERGY INC.,17.933829925483874,0.0
2025-07,GAS,SUTTON ENERGY LTD.,0.006379429677419356,0.0
2025-07,GAS,TAGGART OIL CORP.,0.3990561100000001,0.0
2025-07,GAS,TAIGA ENERGY CORP.,1.1338297067741936,0.0
2025-07,GAS,TAKU GAS LIMITED,0.026429065806451615,0.0
2025-07,GAS,TAMARACK VALLEY ENERGY LTD.,82.85272901709678,0.0
2025-07,GAS,TAQA NORTH LTD.,375.0781122103226,0.0
2025-07,GAS,TEINE ENERGY LTD.,22.451833157741937,0.0
2025-07,GAS,TENAZ ENERGY CORP.,7.3757598909677435,0.0
2025-07,GAS,TEXCAL ENERGY CANADA INC.,2.0547459480645163,0.0
2025-07,GAS,THOR RESOURCES INC.,2.384881433870968,0.0
2025-07,GAS,THOROUGHBRED ENERGY LTD.,0.043175068709677425,0.0
2025-07,GAS,TIDEWATER MIDSTREAM AND INFRASTRUCTURE LTD.,5.702184866129033,0.0
2025-07,GAS,TMAX ENERGY LTD.,1.6486268980645162,0.0
2025-07,GAS,TOP OIL PRODUCTION LTD.,1.1751820812903226,0.0
2025-07,GAS,TOURMALINE OIL CORP.,1716.7758391038712,0.0
2025-07,GAS,TOWER RIDGE ENTERPRISES CORP.,0.0026201229032258074,0.0
2025-07,GAS,TRIPLE 555 OIL COMPANY LTD.,0.1511696996774194,0.0
2025-07,GAS,TUKTU RESOURCES LTD.,2.2649253722580647,0.0
2025-07,GAS,TWP50 RESOURCES LTD.,0.007518613548387097,0.0
2025-07,GAS,TYKEWEST LIMITED,0.018226941935483874,0.0
2025-07,GAS,ULYSSES ENERGY CORP.,0.32113593322580647,0.0
2025-07,GAS,UNIT 18 CORP.,0.053655560322580655,0.0
2025-07,GAS,"VAALCO ENERGY CANADA, INC.",6.206387647419356,0.0
2025-07,GAS,VANRENA RESOURCES LTD.,0.0005695919354838711,0.0
2025-07,GAS,VANTAGE POINT RESOURCES INC.,8.699263712258066,0.0
2025-07,GAS,VERMILION ENERGY INC.,351.6773388880646,0.0
2025-07,GAS,VITAL ENERGY INC.,0.6306521909677419,0.0
2025-07,GAS,VULTURE ENERGY LTD.,0.07062940000000001,0.0
2025-07,GAS,WARWICK GAS STORAGE LTD.,0.48346963483870975,0.0
2025-07,GAS,WASP ENTERPRIZES LTD.,0.013442369677419356,0.0
2025-07,GAS,"WEIL GROUP CANADA, LTD.",0.027796086451612904,0.0
2025-07,GAS,WESCAN ENERGY CORP.,0.17087758064516131,0.0
2025-07,GAS,WEST 5 RESOURCES INC.,0.8211237341935484,0.0
2025-07,GAS,WEST LAKE ENERGY CORP.,5.814622314193549,0.0
2025-07,GAS,WEST STAR OIL & GAS CO. LTD.,0.11391838709677421,0.0
2025-07,GAS,WESTGATE ENERGY OPERATIONS LTD.,0.6992310600000001,0.0
2025-07,GAS,WHITE TUNDRA PETROLEUM LTD.,0.13009479806451615,0.0
2025-07,GAS,WHITECAP PARTNERSHIP,478.65498812645166,0.0
2025-07,GAS,WHITECAP RESOURCES INC.,515.8065082,0.0
2025-07,GAS,WHITEHALL ENERGY LTD.,0.17919362290322582,0.0
2025-07,GAS,WHITEMUD CREEK RESOURCES LTD.,0.0578705406451613,0.0
2025-07,GAS,WILCOX ENERGY CORP.,0.019366125806451615,0.0
2025-07,GAS,WILDCAT RENTALS LTD.,0.05969323483870968,0.0
2025-07,GAS,WINDSOR SALT LTD/SEL WINDSOR LTEE,0.01572073741935484,0.0
2025-07,GAS,WINDTALKER ENERGY CORP.,0.047617885806451626,0.0
2025-07,GAS,WOLF LAKE EXPLORATION LTD.,7.513031547419356,0.0
2025-07,GAS,WOODCOTE OIL & GAS INC.,1.5225192435483872,0.0
2025-07,GAS,WOODSMAN ENERGY CORP.,0.5214044577419356,0.0
2025-07,GAS,XENOTIME ENERGY INC.,0.002392286129032259,0.0
2025-07,GAS,YANGARRA RESOURCES CORP.,46.45079193064517,0.0
2025-07,GAS,YOHO RESOURCES INC.,1.062061122903226,0.0
2025-07,GAS,ZNX ENERGY LTD.,0.11790553064516131,0.0
2025-07,GAS,ZYZYGY RESOURCES LTD.,0.24948126774193552,0.0
2025-07,OIL_AT_GAS_BATTERY,2155192 ALBERTA LTD.,0.0,4.2811219354838705
2025-07,OIL_AT_GAS_BATTERY,ADVANTAGE ENERGY LTD.,0.0,148.03348645161287
2025-07,OIL_AT_GAS_BATTERY,ALCHEMY ENERGY LTD,0.0,1.6028845161290322
2025-07,OIL_AT_GAS_BATTERY,ARC RESOURCES LTD.,0.0,0.507241935483871
2025-07,OIL_AT_GAS_BATTERY,AXIOM OIL AND GAS INC.,0.0,11.382509032258064
2025-07,OIL_AT_GAS_BATTERY,BACCALIEU ENERGY INC.,0.0,42.141659999999995
2025-07,OIL_AT_GAS_BATTERY,BARREL OIL CORP.,0.0,5.255026451612903
2025-07,OIL_AT_GAS_BATTERY,BAYTEX ENERGY LTD.,0.0,1.9478090322580643
2025-07,OIL_AT_GAS_BATTERY,BIRCHCLIFF ENERGY LTD.,0.0,1.0956425806451613
2025-07,OIL_AT_GAS_BATTERY,BONTERRA ENERGY CORP.,0.0,278.4961122580645
2025-07,OIL_AT_GAS_BATTERY,BTG ENERGY CORP.,0.0,10.712949677419354
2025-07,OIL_AT_GAS_BATTERY,CANADIAN NATURAL RESOURCES LIMITED,0.0,368.8460458064516
2025-07,OIL_AT_GAS_BATTERY,CANLIN RESOURCES PARTNERSHIP,0.0,0.3246348387096774
2025-07,OIL_AT_GAS_BATTERY,CANSTONE ENERGY LTD.,0.0,0.5681109677419355
2025-07,OIL_AT_GAS_BATTERY,CENOVUS ENERGY INC.,0.0,23.941819354838707
2025-07,OIL_AT_GAS_BATTERY,CLEARVIEW RESOURCES LTD.,0.0,2.008678064516129
2025-07,OIL_AT_GAS_BATTERY,CORSE ENERGY CORP.,0.0,0.08115870967741935
2025-07,OIL_AT_GAS_BATTERY,CYGNET ENERGY LTD.,0.0,1801.3378509677418
2025-07,OIL_AT_GAS_BATTERY,DARK WARRIOR RESOURCES LTD.,0.0,12.376703225806452
2025-07,OIL_AT_GAS_BATTERY,DEL CANADA GP LTD.,0.0,3.7130109677419356
2025-07,OIL_AT_GAS_BATTERY,EMBER RESOURCES INC.,0.0,1.2173806451612903
2025-07,OIL_AT_GAS_BATTERY,ENERCAPITA ENERGY LTD.,0.0,8.765140645161289
2025-07,OIL_AT_GAS_BATTERY,ENHANCE ENERGY INC.,0.0,0.9333251612903225
2025-07,OIL_AT_GAS_BATTERY,G. HERMAN GROUP INC.,0.0,0.7304283870967743
2025-07,OIL_AT_GAS_BATTERY,GRAN TIERRA CANADA LTD.,0.0,82.41666967741935
2025-07,OIL_AT_GAS_BATTERY,HARD ROCK RESOURCES LTD.,0.0,1.8260709677419353
2025-07,OIL_AT_GAS_BATTERY,HARVEST OPERATIONS CORP.,0.0,15.846238064516127
2025-07,OIL_AT_GAS_BATTERY,HIGHWOOD ASSET MANAGEMENT LTD.,0.0,0.9333251612903226
2025-07,OIL_AT_GAS_BATTERY,HWN ENERGY LTD.,0.0,35.68954258064516
2025-07,OIL_AT_GAS_BATTERY,INPLAY OIL CORP.,0.0,11.19990193548387
2025-07,OIL_AT_GAS_BATTERY,JOURNEY ENERGY INC.,0.0,52.46910580645161
2025-07,OIL_AT_GAS_BATTERY,KARVE ENERGY INC.,0.0,22.886756129032257
2025-07,OIL_AT_GAS_BATTERY,KELT EXPLORATION LTD.,0.0,2858.9372864516126
2025-07,OIL_AT_GAS_BATTERY,KIWETINOHK ENERGY CORP.,0.0,32.72724967741935
2025-07,OIL_AT_GAS_BATTERY,LOGAN ENERGY CORP.,0.0,578.6413103225806
2025-07,OIL_AT_GAS_BATTERY,LONG RUN EXPLORATION LTD.,0.0,67.82839161290322
2025-07,OIL_AT_GAS_BATTERY,LONG TERM ASSET MANAGEMENT INC.,0.0,0.22318645161290324
2025-07,OIL_AT_GAS_BATTERY,LOTUS CREEK EXPLORATION INC.,0.0,5.6202406451612905
2025-07,OIL_AT_GAS_BATTERY,LOYAL ENERGY (CANADA) OPERATING LTD.,0.0,4.99126064516129
2025-07,OIL_AT_GAS_BATTERY,LYNX ENERGY ULC,0.0,8.440505806451611
2025-07,OIL_AT_GAS_BATTERY,MAGA ENERGY LTD.,0.0,0.3855038709677419
2025-07,OIL_AT_GAS_BATTERY,MANCAL ENERGY INC.,0.0,5.417343870967742
2025-07,OIL_AT_GAS_BATTERY,MARLIN RESOURCES LTD.,0.0,5.762268387096774
2025-07,OIL_AT_GAS_BATTERY,NEW WEST DATA CORP.,0.0,8.420216129032259
2025-07,OIL_AT_GAS_BATTERY,NORTH 40 RESOURCES LTD.,0.0,46.503940645161286
2025-07,OIL_AT_GAS_BATTERY,OBSIDIAN ENERGY LTD.,0.0,14.85204387096774
2025-07,OIL_AT_GAS_BATTERY,ORLEN UPSTREAM CANADA LTD.,0.0,6.857910967741935
2025-07,OIL_AT_GAS_BATTERY,OUTLIER RESOURCES LTD.,0.0,36.48083999999999
2025-07,OIL_AT_GAS_BATTERY,OVINTIV CANADA ULC,0.0,194.8823516129032
2025-07,OIL_AT_GAS_BATTERY,PARAMOUNT RESOURCES LTD.,0.0,0.3449245161290322
2025-07,OIL_AT_GAS_BATTERY,PETRUS RESOURCES CORP.,0.0,16.475218064516127
2025-07,OIL_AT_GAS_BATTERY,PEYTO EXPLORATION & DEVELOPMENT CORP.,0.0,11.788302580645162
2025-07,OIL_AT_GAS_BATTERY,PINE CLIFF ENERGY LTD.,0.0,27.776568387096773
2025-07,OIL_AT_GAS_BATTERY,PRAIRIE PROVIDENT RESOURCES CANADA LTD.,0.0,9.475279354838708
2025-07,OIL_AT_GAS_BATTERY,RESISTANCE ENERGY LTD.,0.0,19.437510967741932
2025-07,OIL_AT_GAS_BATTERY,RESPONSE ENERGY CORPORATION,0.0,2.1101264516129032
2025-07,OIL_AT_GAS_BATTERY,SIGNALTA RESOURCES LIMITED,0.0,3.165189677419354
2025-07,OIL_AT_GAS_BATTERY,SILVERLEAF RESOURCES INC.,0.0,3.794169677419354
2025-07,OIL_AT_GAS_BATTERY,SINOPEC CANADA ENERGY LTD.,0.0,0.994194193548387
2025-07,OIL_AT_GAS_BATTERY,SPARK INFRASTRUCTURE CORP.,0.0,0.4260832258064516
2025-07,OIL_AT_GAS_BATTERY,SPARTAN DELTA CORP.,0.0,3.246348387096774
2025-07,OIL_AT_GAS_BATTERY,SPOKE RESOURCES LTD.,0.0,0.22318645161290324
2025-07,OIL_AT_GAS_BATTERY,STRATHCONA RESOURCES LTD.,0.0,1.6840432258064515
2025-07,OIL_AT_GAS_BATTERY,SUCCESS RESOURCES LTD.,0.0,23.333129032258064
2025-07,OIL_AT_GAS_BATTERY,TAQA NORTH LTD.,0.0,156.73775806451613
2025-07,OIL_AT_GAS_BATTERY,TOURMALINE OIL CORP.,0.0,276.14250967741935
2025-07,OIL_AT_GAS_BATTERY,"VAALCO ENERGY CANADA, INC.",0.0,0.9739045161290322
2025-07,OIL_AT_GAS_BATTERY,VANTAGE POINT RESOURCES INC.,0.0,1.8463606451612902
2025-07,OIL_AT_GAS_BATTERY,VERMILION ENERGY INC.,0.0,333.1362135483871
2025-07,OIL_AT_GAS_BATTERY,WESTGATE ENERGY OPERATIONS LTD.,0.0,0.5884006451612902
2025-07,OIL_AT_GAS_BATTERY,WHITECAP PARTNERSHIP,0.0,0.9333251612903225
2025-07,OIL_AT_GAS_BATTERY,WHITECAP RESOURCES INC.,0.0,160.41018967741937
2025-07,OIL_AT_GAS_BATTERY,WOODSMAN ENERGY CORP.,0.0,0.040579354838709676
2025-07,OIL_AT_GAS_BATTERY,YANGARRA RESOURCES CORP.,0.0,4.118804516129032
2025-07,OIL_UNCLASSIFIED,CANADIAN NATURAL RESOURCES LIMITED,0.0,34.45187225806451
2025-08,BITUMEN,ATHABASCA OIL CORPORATION,0.0,36538.54384258064
2025-08,BITUMEN,AYIK ENERGY CORP.,0.0,455.7467341935484
2025-08,BITUMEN,BAYTEX ENERGY LTD.,0.0,36546.80174129032
2025-08,BITUMEN,BIGHORN ENERGY CORPORATION,0.0,173.65934903225806
2025-08,BITUMEN,CALTEX TRILOGY INC.,0.0,11938.36503483871
2025-08,BITUMEN,CANADIAN NATURAL RESOURCES LIMITED,0.0,384187.86220064515
2025-08,BITUMEN,CENOVUS ENERGY INC.,0.0,519048.23500838707
2025-08,BITUMEN,CHECK ENERGY LTD.,0.0,165.03623612903226
2025-08,BITUMEN,CLEAR NORTH ENERGY CORP.,0.0,1497.4593522580644
2025-08,BITUMEN,CNOOC PETROLEUM NORTH AMERICA ULC,0.0,67259.48934774194
2025-08,BITUMEN,CONNACHER OIL AND GAS LIMITED,0.0,19516.032019354836
2025-08,BITUMEN,CONOCOPHILLIPS CANADA RESOURCES CORP.,0.0,149355.88646709677
2025-08,BITUMEN,CROVERRO ENERGY LTD.,0.0,170.69705612903226
2025-08,BITUMEN,DEERGARDEN RESOURCES LTD.,0.0,101.40780774193547
2025-08,BITUMEN,EVERGO RESOURCES LIMITED,0.0,17.002749677419356
2025-08,BITUMEN,GRAN TIERRA CANADA LTD.,0.0,246.8239258064516
2025-08,BITUMEN,GREENFIRE RESOURCES OPERATING CORPORATION,0.0,19591.002377419354
2025-08,BITUMEN,GRIZZLY OIL SANDS ULC,0.0,0.020289677419354838
2025-08,BITUMEN,HARVEST OPERATIONS CORP.,0.0,3845.56343032258
2025-08,BITUMEN,HEADWATER EXPLORATION INC.,0.0,20521.0000316129
2025-08,BITUMEN,HIGHWOOD ASSET MANAGEMENT LTD.,0.0,2.7999754838709676
2025-08,BITUMEN,IMPERIAL OIL RESOURCES LIMITED,0.0,162350.06544580645
2025-08,BITUMEN,IPC CANADA LTD.,0.0,791.1756812903226
2025-08,BITUMEN,ISLANDER OIL & GAS INC.,0.0,4045.497911612903
2025-08,BITUMEN,KIHEW RESOURCES INC.,0.0,2.9622929032258063
2025-08,BITUMEN,LINEUP RESOURCES CORP.,0.0,846.3636038709677
2025-08,BITUMEN,LYCOS ENERGY INC.,0.0,1071.9645270967742
2025-08,BITUMEN,MAHIKAN OIL CORPORATION,0.0,64.33856709677418
2025-08,BITUMEN,MEG ENERGY CORP.,0.0,106399.0075180645
2025-08,BITUMEN,O'NEILL INDUSTRIES INTERNATIONAL-CANADA INC.,0.0,32.098269677419346
2025-08,BITUMEN,OBSIDIAN ENERGY LTD.,0.0,13073.734803870968
2025-08,BITUMEN,PETROCHINA CANADA LTD.,0.0,9318.054644516129
2025-08,BITUMEN,RUBELLITE ENERGY INC.,0.0,5033.280567096774
2025-08,BITUMEN,SPUR PETROLEUM LTD.,0.0,23194.773721935482
2025-08,BITUMEN,STRATHCONA RESOURCES LTD.,0.0,58420.04790387097
2025-08,BITUMEN,SUNCOR ENERGY INC.,0.0,279562.80146903225
2025-08,BITUMEN,SURGE ENERGY INC.,0.0,9.211513548387096
2025-08,BITUMEN,TAMARACK VALLEY ENERGY LTD.,0.0,14521.017783870968
2025-08,BITUMEN,WEST LAKE ENERGY CORP.,0.0,30.98233741935484
2025-08,BITUMEN,WESTGATE ENERGY OPERATIONS LTD.,0.0,152.94358838709678
2025-08,BITUMEN,WINDTALKER ENERGY CORP.,0.0,80.65146774193548
2025-08,COND,840586 ALBERTA LTD.,0.0,0.22318645161290324
2025-08,COND,ARC RESOURCES LTD.,0.0,61475.795061290315
2025-08,COND,ASTARA ENERGY CORP.,0.0,0.8724561290322581
2025-08,COND,ATHABASCA OIL CORPORATION,0.0,338.31008129032256
2025-08,COND,AVILA ENERGY CORPORATION,0.0,0.9536148387096773
2025-08,COND,BACCALIEU ENERGY INC.,0.0,8.399926451612902
2025-08,COND,BARREL OIL CORP.,0.0,8.13616064516129
2025-08,COND,BATTLE RIVER ENERGY LTD.,0.0,0.9941941935483871
2025-08,COND,BAYTEX ENERGY LTD.,0.0,1.2579599999999997
2025-08,COND,BEARSPAW PETROLEUM LTD.,0.0,5.214447096774193
2025-08,COND,BIRCHCLIFF ENERGY LTD.,0.0,669.518775483871
2025-08,COND,BITSTONE RESOURCES INC.,0.0,6.655014193548387
2025-08,COND,BLUE STAR ENERGY INC.,0.0,4.179673548387097
2025-08,COND,BORNITE ENERGY LTD.,0.0,0.06086903225806451
2025-08,COND,BTG ENERGY CORP.,0.0,43.11556451612903
2025-08,COND,CANADIAN NATURAL RESOURCES LIMITED,0.0,858.9837832258064
2025-08,COND,CANLIN RESOURCES PARTNERSHIP,0.0,30.90117870967742
2025-08,COND,CANSTONE ENERGY LTD.,0.0,1.4202774193548386
2025-08,COND,CARDINAL ENERGY LTD.,0.0,0.4260832258064516
2025-08,COND,CAVVY PRODUCTION LTD.,0.0,4.9506812903225805
2025-08,COND,CENOVUS ENERGY INC.,0.0,109.36136129032258
2025-08,COND,CLEARVIEW RESOURCES LTD.,0.0,6.939069677419354
2025-08,COND,CORSE ENERGY CORP.,0.0,2.0695470967741936
2025-08,COND,CYGNET ENERGY LTD.,0.0,1149.0044322580645
2025-08,COND,DEL CANADA GP LTD.,0.0,5.234736774193548
2025-08,COND,EMBER RESOURCES INC.,0.0,8.481085161290322
2025-08,COND,ENHANCE ENERGY INC.,0.0,0.12173806451612902
2025-08,COND,ENTRADA RESOURCES INC.,0.0,0.7304283870967743
2025-08,COND,GRAN TIERRA CANADA LTD.,0.0,73.3674735483871
2025-08,COND,GRYPHON PETROLEUM CORP.,0.0,6.289799999999999
2025-08,COND,HARD ROCK RESOURCES LTD.,0.0,0.507241935483871
2025-08,COND,HARVEST OPERATIONS CORP.,0.0,48.6546464516129
2025-08,COND,HIGHWOOD ASSET MANAGEMENT LTD.,0.0,7.365152903225806
2025-08,COND,HWN ENERGY LTD.,0.0,93.19048838709676
2025-08,COND,INPLAY OIL CORP.,0.0,5.944875483870968
2025-08,COND,INSIGNIA ENERGY LTD.,0.0,826.1753748387097
2025-08,COND,ISH ENERGY LTD.,0.0,2.3941819354838705
2025-08,COND,JOURNEY ENERGY INC.,0.0,31.185234193548386
2025-08,COND,KARVE ENERGY INC.,0.0,1.4811464516129031
2025-08,COND,KELT EXPLORATION LTD.,0.0,179.13756193548386
2025-08,COND,KIWETINOHK ENERGY CORP.,0.0,16.86072193548387
2025-08,COND,LOGAN ENERGY CORP.,0.0,1.8260709677419356
2025-08,COND,LONG RUN EXPLORATION LTD.,0.0,5.843427096774193
2025-08,COND,LONG TERM ASSET MANAGEMENT INC.,0.0,3.3883761290322583
2025-08,COND,LOYAL ENERGY (CANADA) OPERATING LTD.,0.0,301.48431677419353
2025-08,COND,LYNX ENERGY ULC,0.0,51.47491161290322
2025-08,COND,MAGA ENERGY LTD.,0.0,0.12173806451612902
2025-08,COND,MANCAL ENERGY INC.,0.0,41.53296967741935
2025-08,COND,MURPHY OIL COMPANY LTD.,0.0,3557.1659554838707
2025-08,COND,NEW NORTH RESOURCES LTD.,0.0,6.655014193548386
2025-08,COND,NEW TIMES ENERGY CANADA GP 2 LTD.,0.0,4.341990967741935
2025-08,COND,NEW TIMES ENERGY CANADA GP 3 LTD.,0.0,11.950619999999999
2025-08,COND,NORTH 40 RESOURCES LTD.,0.0,0.08115870967741935
2025-08,COND,NUVISTA ENERGY LTD.,0.0,38.306910967741935
2025-08,COND,OBSIDIAN ENERGY LTD.,0.0,24.93601354838709
2025-08,COND,ORLEN UPSTREAM CANADA LTD.,0.0,126.74961483870968
2025-08,COND,OUTLIER RESOURCES LTD.,0.0,20.269387741935482
2025-08,COND,OVINTIV CANADA ULC,0.0,14.912912903225804
2025-08,COND,PARAMOUNT RESOURCES LTD.,0.0,5361.303781935483
2025-08,COND,PERSIST OIL AND GAS INC.,0.0,3.023161935483871
2025-08,COND,PETROCHINA DUVERNAY GAS PARTNERSHIP,0.0,92.84556387096774
2025-08,COND,PETRUS RESOURCES CORP.,0.0,952.6409341935483
2025-08,COND,PEYTO EXPLORATION & DEVELOPMENT CORP.,0.0,88.40212451612904
2025-08,COND,PINE CLIFF ENERGY LTD.,0.0,104.61357677419355
2025-08,COND,PRAIRIE PROVIDENT RESOURCES CANADA LTD.,0.0,1.7854916129032257
2025-08,COND,PRAIRIE THUNDER RESOURCES LTD.,0.0,6.817331612903225
2025-08,COND,PULSE OIL OPERATING CORP.,0.0,1.0753529032258062
2025-08,COND,RELENTLESS RESOURCES LTD.,0.0,1.5623051612903227
2025-08,COND,RESOURCEFUL PETROLEUM CANADA LIMITED,0.0,31.895372903225805
2025-08,COND,ROK RESOURCES INC.,0.0,1.623174193548387
2025-08,COND,SATURN OIL & GAS INC.,0.0,3.530403870967742
2025-08,COND,SHELL CANADA ENERGY,0.0,0.8115870967741936
2025-08,COND,SIGNALTA RESOURCES LIMITED,0.0,7.831815483870967
2025-08,COND,SINOPEC CANADA ENERGY LTD.,0.0,199.42723935483872
2025-08,COND,SOGAR RESOURCES LTD.,0.0,1.1565116129032258
2025-08,COND,SPARK INFRASTRUCTURE CORP.,0.0,2.4753406451612903
2025-08,COND,SPARTAN DELTA CORP.,0.0,128.92061032258064
2025-08,COND,SPOKE RESOURCES LTD.,0.0,1.25796
2025-08,COND,SUN CENTURY PETROLEUM CORPORATION,0.0,1.1565116129032258
2025-08,COND,TAMARACK VALLEY ENERGY LTD.,0.0,0.5681109677419355
2025-08,COND,TAQA NORTH LTD.,0.0,316.6407058064516
2025-08,COND,TEINE ENERGY LTD.,0.0,106.9671793548387
2025-08,COND,TENAZ ENERGY CORP.,0.0,23.73892258064516
2025-08,COND,TIDEWATER MIDSTREAM AND INFRASTRUCTURE LTD.,0.0,1.0347735483870968
2025-08,COND,TOURMALINE OIL CORP.,0.0,258.53106967741934
2025-08,COND,VANTAGE POINT RESOURCES INC.,0.0,0.6492696774193548
2025-08,COND,VERMILION ENERGY INC.,0.0,439.81933741935484
2025-08,COND,WEST 5 RESOURCES INC.,0.0,0.24347612903225804
2025-08,COND,WHITECAP PARTNERSHIP,0.0,1827.6738522580645
2025-08,COND,WHITECAP RESOURCES INC.,0.0,9202.525221290321
2025-08,COND,WOLF LAKE EXPLORATION LTD.,0.0,0.14202774193548387
2025-08,COND,YANGARRA RESOURCES CORP.,0.0,99.19623290322579
2025-08,CRUDE_OIL,1288131 ALBERTA LTD.,0.0,8.602823225806452
2025-08,CRUDE_OIL,1852797 ALBERTA ULC,0.0,204.58081741935484
2025-08,CRUDE_OIL,2155192 ALBERTA LTD.,0.0,24.44906129032258
2025-08,CRUDE_OIL,2363750 ALBERTA LTD.,0.0,51.71838774193548
2025-08,CRUDE_OIL,840586 ALBERTA LTD.,0.0,54.883577419354836
2025-08,CRUDE_OIL,935821 ALBERTA LTD.,0.0,6.614434838709677
2025-08,CRUDE_OIL,97837 RESOURCES LTD.,0.0,6.350669032258065
2025-08,CRUDE_OIL,979968 ALBERTA LTD.,0.0,3.2666380645161293
2025-08,CRUDE_OIL,ACQUISITION OIL CORP.,0.0,948.5424193548387
2025-08,CRUDE_OIL,ADANAC OIL & GAS LIMITED,0.0,15.13609935483871
2025-08,CRUDE_OIL,ADVANTAGE ENERGY LTD.,0.0,7601.060982580645
2025-08,CRUDE_OIL,AENEID EXPLORATION INC.,0.0,92.92672258064515
2025-08,CRUDE_OIL,AERADEN ENERGY CORP.,0.0,29.33887354838709
2025-08,CRUDE_OIL,ALBERTA PETROLEUM ENERGY LIMITED,0.0,4.179673548387096
2025-08,CRUDE_OIL,ALCHEMY ENERGY LTD,0.0,123.80761161290322
2025-08,CRUDE_OIL,ALEXANDER OILFIELD SERVICES LTD.,0.0,24.40848193548387
2025-08,CRUDE_OIL,ALLIED ENERGY II CORP.,0.0,2317.9941967741934
2025-08,CRUDE_OIL,ALSACE ENERGY CORP.,0.0,26.72150516129032
2025-08,CRUDE_OIL,ALTAIR ENERGY LTD.,0.0,185.46794129032256
2025-08,CRUDE_OIL,ALTIMA RESOURCES LTD.,0.0,146.22770516129032
2025-08,CRUDE_OIL,APAR ENERGY INC.,0.0,32.03740064516129
2025-08,CRUDE_OIL,ARAL RESOURCES LTD.,0.0,29.034528387096774
2025-08,CRUDE_OIL,ARC RESOURCES LTD.,0.0,7860.97175032258
2025-08,CRUDE_OIL,ARCHER EXPLORATION CORP.,0.0,8573.058269032257
2025-08,CRUDE_OIL,ARTIS EXPLORATION LTD.,0.0,8397.856904516128
2025-08,CRUDE_OIL,ASCENSUN OIL AND GAS LTD.,0.0,82.09203483870968
2025-08,CRUDE_OIL,ASPENLEAF ENERGY LIMITED,0.0,15801.722512258064
2025-08,CRUDE_OIL,ASTARA ENERGY CORP.,0.0,5018.976344516129
2025-08,CRUDE_OIL,ATCO NEXT ENERGY LTD.,0.0,39.40255354838709
2025-08,CRUDE_OIL,ATHABASCA OIL CORPORATION,0.0,46.3619129032258
2025-08,CRUDE_OIL,AVILA ENERGY CORPORATION,0.0,2.9014238709677422
2025-08,CRUDE_OIL,AXIOM OIL AND GAS INC.,0.0,778.332315483871
2025-08,CRUDE_OIL,B-32 EXPLORATION LTD.,0.0,172.7868929032258
2025-08,CRUDE_OIL,BACCALIEU ENERGY INC.,0.0,2125.891530967742
2025-08,CRUDE_OIL,BAND ENERGY RESOURCES LTD.,0.0,3.915907741935484
2025-08,CRUDE_OIL,BARCOMP PETROLEUM LTD.,0.0,98.62812193548386
2025-08,CRUDE_OIL,"BARNWELL OF CANADA, LIMITED",0.0,462.50319677419355
2025-08,CRUDE_OIL,BARREL OIL CORP.,0.0,953.0061483870967
2025-08,CRUDE_OIL,BATTLE RIVER ENERGY LTD.,0.0,1223.7516038709678
2025-08,CRUDE_OIL,BAY OIL AND GAS LTD.,0.0,132.53217290322578
2025-08,CRUDE_OIL,BAYTEX ENERGY LTD.,0.0,7429.288573548387
2025-08,CRUDE_OIL,BDJ ENERGY INC.,0.0,44.67786967741935
2025-08,CRUDE_OIL,BEARSPAW PETROLEUM LTD.,0.0,608.2642393548387
2025-08,CRUDE_OIL,BENCH CREEK RESOURCES LTD.,0.0,54.51836322580645
2025-08,CRUDE_OIL,BIGHORN ENERGY CORPORATION,0.0,165.34058129032258
2025-08,CRUDE_OIL,BIRCHCLIFF ENERGY LTD.,0.0,1467.0654154838708
2025-08,CRUDE_OIL,BITSTONE RESOURCES INC.,0.0,82.41666967741935
2025-08,CRUDE_OIL,BLUE SKY RESOURCES LTD.,0.0,865.1112658064516
2025-08,CRUDE_OIL,BLUE STAR ENERGY INC.,0.0,11.524536774193548
2025-08,CRUDE_OIL,BONTERRA ENERGY CORP.,0.0,5417.343870967741
2025-08,CRUDE_OIL,BORNITE ENERGY LTD.,0.0,5.70139935483871
2025-08,CRUDE_OIL,BORRADAILE OIL LTD.,0.0,9.799914193548387
2025-08,CRUDE_OIL,BOUNTY DEVELOPMENTS LTD.,0.0,30.49538516129032
2025-08,CRUDE_OIL,"BRIGHTSPOT INTERNATIONAL ENERGY (CANADA) CO., LTD.",0.0,34.735927741935484
2025-08,CRUDE_OIL,BROTHERIN ENERGY LTD.,0.0,139.61327032258063
2025-08,CRUDE_OIL,BRW PETROLEUM CORP.,0.0,298.3394167741935
2025-08,CRUDE_OIL,BTG ENERGY CORP.,0.0,1510.6679322580644
2025-08,CRUDE_OIL,C GROUP ENERGY INC.,0.0,142.83932903225806
2025-08,CRUDE_OIL,CABOT ENERGY INC.,0.0,222.13138838709676
2025-08,CRUDE_OIL,CALEDONIAN MIDSTREAM CORPORATION,0.0,321.7334148387097
2025-08,CRUDE_OIL,CALTEX TRILOGY INC.,0.0,39.82863677419354
2025-08,CRUDE_OIL,CANADIAN NATURAL RESOURCES LIMITED,0.0,67959.97017096773
2025-08,CRUDE_OIL,CANEX RESOURCES LTD.,0.0,4.808653548387096
2025-08,CRUDE_OIL,CANLIN RESOURCES PARTNERSHIP,0.0,862.8185322580645
2025-08,CRUDE_OIL,CANUCK NORTH RESOURCES LTD.,0.0,23.69834322580645
2025-08,CRUDE_OIL,CAPITAN INVESTMENT LTD.,0.0,3.226058709677419
2025-08,CRUDE_OIL,CARDINAL ENERGY LTD.,0.0,14173.252712903224
2025-08,CRUDE_OIL,CENOVUS ENERGY INC.,0.0,12578.64638516129
2025-08,CRUDE_OIL,CENTENNIAL PETROLEUM COMPANY LTD.,0.0,0.6492696774193548
2025-08,CRUDE_OIL,CLAMPETT ENERGY LTD.,0.0,22.237486451612902
2025-08,CRUDE_OIL,CLEAR NORTH ENERGY CORP.,0.0,210.2619270967742
2025-08,CRUDE_OIL,CLEARVIEW RESOURCES LTD.,0.0,354.37950580645156
2025-08,CRUDE_OIL,COASTAL RESOURCES LIMITED,0.0,86.31228774193548
2025-08,CRUDE_OIL,COBALT ENERGY INC.,0.0,347.1563806451613
2025-08,CRUDE_OIL,CONCOURSE PETROLEUM INC.,0.0,134.6828787096774
2025-08,CRUDE_OIL,CONIFER ENERGY INC.,0.0,5942.034929032257
2025-08,CRUDE_OIL,CONVEGA ENERGY LTD.,0.0,6.878200645161289
2025-08,CRUDE_OIL,CORSE ENERGY CORP.,0.0,1.6028845161290322
2025-08,CRUDE_OIL,COURSER ENERGY LTD.,0.0,111.00482516129031
2025-08,CRUDE_OIL,COVEE ENERGY CORPORATION,0.0,57.13573161290323
2025-08,CRUDE_OIL,CRIMSON OIL & GAS LTD.,0.0,4.260832258064516
2025-08,CRUDE_OIL,CROVERRO ENERGY LTD.,0.0,302.41764193548386
2025-08,CRUDE_OIL,CYGNET ENERGY LTD.,0.0,1379.7386438709675
2025-08,CRUDE_OIL,DARK ENERGY LTD.,0.0,31.509869032258063
2025-08,CRUDE_OIL,DARK WARRIOR RESOURCES LTD.,0.0,162.1348122580645
2025-08,CRUDE_OIL,DCP OIL CORP.,0.0,21.385319999999997
2025-08,CRUDE_OIL,DECCAN ENERGY LTD.,0.0,30.495385161290322
2025-08,CRUDE_OIL,DECIMUS OIL CORP.,0.0,73.14428709677419
2025-08,CRUDE_OIL,DECKLAND INC.,0.0,32.72724967741935
2025-08,CRUDE_OIL,DEL CANADA GP LTD.,0.0,429.69478838709676
2025-08,CRUDE_OIL,DELTAWEST ENERGY LTD.,0.0,168.58692967741936
2025-08,CRUDE_OIL,DERRICK PETROLEUM LTD.,0.0,6.046323870967742
2025-08,CRUDE_OIL,DIRE RESOURCES LTD.,0.0,10.591211612903226
2025-08,CRUDE_OIL,DOAG ENERGY LTD.,0.0,61.315405161290315
2025-08,CRUDE_OIL,DURHAM CREEK ENERGY LTD.,0.0,34.75621741935484
2025-08,CRUDE_OIL,DWL RESOURCES LTD.,0.0,87.08329548387097
2025-08,CRUDE_OIL,EAGLE ENERGY INC.,0.0,1019.6780283870967
2025-08,CRUDE_OIL,ECLIPSE RESOURCES LTD.,0.0,692.0606070967741
2025-08,CRUDE_OIL,ECOCHAIN ENERGY LTD.,0.0,32.86927741935484
2025-08,CRUDE_OIL,EDALIS ENERGY INC.,0.0,13.025972903225806
2025-08,CRUDE_OIL,EMBER RESOURCES INC.,0.0,141.98716258064516
2025-08,CRUDE_OIL,ENDRUM ENERGY CORP.,0.0,42.385136129032254
2025-08,CRUDE_OIL,ENER T CORPORATION,0.0,89.86298129032257
2025-08,CRUDE_OIL,ENERCAPITA ENERGY LTD.,0.0,2889.2906438709674
2025-08,CRUDE_OIL,ENHANCE ENERGY INC.,0.0,2131.004529677419
2025-08,CRUDE_OIL,ENTRADA RESOURCES INC.,0.0,927.8875277419354
2025-08,CRUDE_OIL,EP RESOURCES CORPORATION,0.0,474.6567135483871
2025-08,CRUDE_OIL,ERDOL RESOURCES CORP.,0.0,147.87116903225805
2025-08,CRUDE_OIL,EXECUTIVE ADVENTURES 2008 INC.,0.0,14.669436774193548
2025-08,CRUDE_OIL,FALLON ENERGY INC.,0.0,5.70139935483871
2025-08,CRUDE_OIL,FIRE CREEK RESOURCES LTD.,0.0,192.89396322580643
2025-08,CRUDE_OIL,FIVE POINT ENERGY INC.,0.0,21.42589935483871
2025-08,CRUDE_OIL,FLYWHEEL RESOURCES CORP.,0.0,149.29144645161287
2025-08,CRUDE_OIL,FORDEN ENERGY INC.,0.0,6.695593548387096
2025-08,CRUDE_OIL,FORT CALGARY RESOURCES LTD.,0.0,62.51249612903226
2025-08,CRUDE_OIL,G. HERMAN GROUP INC.,0.0,28.263520645161286
2025-08,CRUDE_OIL,GLOBAL CANUCK ENERGY LTD.,0.0,4.727494838709677
2025-08,CRUDE_OIL,GMT EXPLORATION ZAMA INC.,0.0,542.18076
2025-08,CRUDE_OIL,GOLDEN SPIKE ENERGY INC.,0.0,6.4115380645161295
2025-08,CRUDE_OIL,GOOSE CREEK RESOURCES LTD.,0.0,128.02786451612903
2025-08,CRUDE_OIL,GRAN TIERRA CANADA LTD.,0.0,2693.738732903226
2025-08,CRUDE_OIL,GRASSLAND ENERGY CORP.,0.0,1356.4663838709678
2025-08,CRUDE_OIL,GREEN DAWG ENERGY INC.,0.0,7.101387096774194
2025-08,CRUDE_OIL,GRIZZLY RESOURCES LTD.,0.0,1717.9472767741934
2025-08,CRUDE_OIL,GRYPHON PETROLEUM CORP.,0.0,118.39026774193547
2025-08,CRUDE_OIL,GUNNARR RESOURCES INC.,0.0,26.92440193548387
2025-08,CRUDE_OIL,HALO EXPLORATION LTD.,0.0,212.91987483870966
2025-08,CRUDE_OIL,HARD ROCK RESOURCES LTD.,0.0,38.732994193548386
2025-08,CRUDE_OIL,HARVARD RESOURCES INC.,0.0,80.75291612903226
2025-08,CRUDE_OIL,HARVEST ENERGY CORPORATION,0.0,0.020289677419354838
2025-08,CRUDE_OIL,HARVEST OPERATIONS CORP.,0.0,1141.7001483870968
2025-08,CRUDE_OIL,HBC ENERGY LTD.,0.0,3.0840309677419357
2025-08,CRUDE_OIL,HEADWATER EXPLORATION INC.,0.0,277.5830767741935
2025-08,CRUDE_OIL,HEMISPHERE ENERGY CORPORATION,0.0,3499.2186367741933
2025-08,CRUDE_OIL,HESC ENERGY CORPORATION,0.0,107.1497864516129
2025-08,CRUDE_OIL,HIGHVALE ENERGY LIMITED,0.0,391.3878774193548
2025-08,CRUDE_OIL,HIGHWOOD ASSET MANAGEMENT LTD.,0.0,2688.909789677419
2025-08,CRUDE_OIL,HITIC ENERGY LTD.,0.0,2437.480107096774
2025-08,CRUDE_OIL,HWN ENERGY LTD.,0.0,8349.283416774193
2025-08,CRUDE_OIL,HYDRO VAULT ENERGY LTD.,0.0,52.69229225806451
2025-08,CRUDE_OIL,IHH ENERGY CORP.,0.0,1.6434638709677418
2025-08,CRUDE_OIL,INDRA OIL & GAS LTD.,0.0,16.170872903225806
2025-08,CRUDE_OIL,INNES OILFIELD SERVICES LTD.,0.0,0.6492696774193548
2025-08,CRUDE_OIL,INPLAY OIL CORP.,0.0,9368.373044516129
2025-08,CRUDE_OIL,INSCH COMMODITY LTD.,0.0,14.730305806451613
2025-08,CRUDE_OIL,INSIGNIA ENERGY LTD.,0.0,723.2255516129032
2025-08,CRUDE_OIL,INTEGRITY OIL OPERATIONS LTD.,0.0,11.930330322580643
2025-08,CRUDE_OIL,IPC CANADA LTD.,0.0,11335.15292516129
2025-08,CRUDE_OIL,ISH ENERGY LTD.,0.0,556.5661412903225
2025-08,CRUDE_OIL,JAST ENERGY LTD.,0.0,30.779440645161287
2025-08,CRUDE_OIL,JOLI FOU PETROLEUMS LTD.,0.0,48.269142580645166
2025-08,CRUDE_OIL,JOURNEY ENERGY INC.,0.0,5078.607706451613
2025-08,CRUDE_OIL,JP ENERGY CORP.,0.0,21.182423225806453
2025-08,CRUDE_OIL,JX ENERGY LTD.,0.0,27.451933548387096
2025-08,CRUDE_OIL,KADEN ENERGY LTD.,0.0,255.95428064516128
2025-08,CRUDE_OIL,KARVE ENERGY INC.,0.0,4677.176438709677
2025-08,CRUDE_OIL,KELT EXPLORATION LTD.,0.0,7152.821429032258
2025-08,CRUDE_OIL,KEYERA ENERGY LTD.,0.0,2.3130232258064516
2025-08,CRUDE_OIL,KINMERC OIL & GAS INC.,0.0,245.85002129032256
2025-08,CRUDE_OIL,KIWETINOHK ENERGY CORP.,0.0,114.47435999999999
2025-08,CRUDE_OIL,KOHO ENERGY CORP.,0.0,2.881134193548387
2025-08,CRUDE_OIL,LEDGEND ROYALTY TRUST LTD.,0.0,18.88968967741935
2025-08,CRUDE_OIL,LOGAN ENERGY CORP.,0.0,5048.863039354838
2025-08,CRUDE_OIL,LOGIC ENERGY LTD.,0.0,144.9291658064516
2025-08,CRUDE_OIL,LONE TREE RESOURCES INC.,0.0,3.4695348387096776
2025-08,CRUDE_OIL,LONG RUN EXPLORATION LTD.,0.0,1110.4134658064515
2025-08,CRUDE_OIL,LONG TERM ASSET MANAGEMENT INC.,0.0,20.025911612903222
2025-08,CRUDE_OIL,LONGRIDGE ENERGY LTD.,0.0,130.82783999999998
2025-08,CRUDE_OIL,LONGSHORE RESOURCES LTD.,0.0,2841.8330883870967
2025-08,CRUDE_OIL,LOTUS CREEK EXPLORATION INC.,0.0,437.32370709677417
2025-08,CRUDE_OIL,LOYAL ENERGY (CANADA) OPERATING LTD.,0.0,928.0295554838709
2025-08,CRUDE_OIL,LUXUR RESOURCES INC.,0.0,3.246348387096774
2025-08,CRUDE_OIL,LYCOS ENERGY INC.,0.0,1837.8186909677418
2025-08,CRUDE_OIL,LYNX ENERGY ULC,0.0,1213.0589438709676
2025-08,CRUDE_OIL,MAGA ENERGY LTD.,0.0,108.18455999999999
2025-08,CRUDE_OIL,MALAK ENERGY INC.,0.0,0.14202774193548387
2025-08,CRUDE_OIL,MANCAL ENERGY INC.,0.0,2319.799978064516
2025-08,CRUDE_OIL,MARLIN RESOURCES LTD.,0.0,248.6702864516129
2025-08,CRUDE_OIL,MATO INC.,0.0,3.9159077419354835
2025-08,CRUDE_OIL,MCLAND RESOURCES LTD.,0.0,29.58234967741935
2025-08,CRUDE_OIL,MORNING STAR PETROLEUM INCORPORATED,0.0,5.904296129032257
2025-08,CRUDE_OIL,MUDDY PETROLEUM COMPANY LTD.,0.0,0.1623174193548387
2025-08,CRUDE_OIL,MURPHY OIL COMPANY LTD.,0.0,1863.9720851612901
2025-08,CRUDE_OIL,N7 ENERGY LTD.,0.0,249.01521096774192
2025-08,CRUDE_OIL,NEW NORTH RESOURCES LTD.,0.0,19.092586451612902
2025-08,CRUDE_OIL,NEW TIMES ENERGY CANADA GP 2 LTD.,0.0,27.8983064516129
2025-08,CRUDE_OIL,NEW WEST DATA CORP.,0.0,48.95899161290322
2025-08,CRUDE_OIL,NORTH 40 RESOURCES LTD.,0.0,3325.498418709677
2025-08,CRUDE_OIL,NORTH FORK RESOURCES LTD,0.0,188.83602774193548
2025-08,CRUDE_OIL,NORTHERN UTILITIES (SASK.) LTD.,0.0,3.5101141935483873
2025-08,CRUDE_OIL,NORTHROCK RESOURCES PARTNERSHIP LTD.,0.0,8.257898709677418
2025-08,CRUDE_OIL,NOVACOR EXPLORATION LTD.,0.0,23.06936322580645
2025-08,CRUDE_OIL,NOVUS ENERGY INC.,0.0,68.43708193548386
2025-08,CRUDE_OIL,NUOVA STRADA VENTURES LTD.,0.0,117.05114903225805
2025-08,CRUDE_OIL,NVP EXPLORATION INC.,0.0,13.249159354838708
2025-08,CRUDE_OIL,NVS ENGINEERING INC.,0.0,30.170750322580645
2025-08,CRUDE_OIL,OBSIDIAN ENERGY LTD.,0.0,3771.607556129032
2025-08,CRUDE_OIL,OHANA RESOURCES INC.,0.0,162.45944709677417
2025-08,CRUDE_OIL,ORGA ENERGY LTD.,0.0,286.3685070967742
2025-08,CRUDE_OIL,ORLEN UPSTREAM CANADA LTD.,0.0,863.650409032258
2025-08,CRUDE_OIL,OUTLIER RESOURCES LTD.,0.0,248.97463161290318
2025-08,CRUDE_OIL,OUTPOST ENERGY LTD.,0.0,12.37670322580645
2025-08,CRUDE_OIL,OVINTIV CANADA ULC,0.0,411.83987225806453
2025-08,CRUDE_OIL,PARAGON ENERGY LTD.,0.0,27.979465161290324
2025-08,CRUDE_OIL,PARALLAX ENERGY OPERATING INC.,0.0,13257.721598709677
2025-08,CRUDE_OIL,PARAMOUNT RESOURCES LTD.,0.0,1363.7300883870967
2025-08,CRUDE_OIL,PENTACOR ENERGY CORP.,0.0,18.42302709677419
2025-08,CRUDE_OIL,PERSIST OIL AND GAS INC.,0.0,1322.014511612903
2025-08,CRUDE_OIL,PERTHRO (CANADA) INC.,0.0,31.469289677419354
2025-08,CRUDE_OIL,PETRUS RESOURCES CORP.,0.0,514.1810051612903
2025-08,CRUDE_OIL,PEYTO EXPLORATION & DEVELOPMENT CORP.,0.0,34.47216193548387
2025-08,CRUDE_OIL,PINE CLIFF ENERGY LTD.,0.0,1101.0193451612902
2025-08,CRUDE_OIL,PISMO ENERGY LTD.,0.0,1.7652019354838708
2025-08,CRUDE_OIL,PLATFORM ENERGY INC.,0.0,2.333312903225806
2025-08,CRUDE_OIL,POINT BAR RESOURCES INC.,0.0,808.1175619354838
2025-08,CRUDE_OIL,POINTBREAK RESOURCES INC.,0.0,1035.1590522580645
2025-08,CRUDE_OIL,POKER CHIP EXPLORATION LTD.,0.0,13.736111612903226
2025-08,CRUDE_OIL,POTTS PETROLEUM INC.,0.0,251.49055161290323
2025-08,CRUDE_OIL,PRAIRIE PROVIDENT RESOURCES CANADA LTD.,0.0,1251.852807096774
2025-08,CRUDE_OIL,PRAIRIE THUNDER RESOURCES LTD.,0.0,3137.1087638709673
2025-08,CRUDE_OIL,PRIMROSE DRILLING VENTURES LTD.,0.0,10.976715483870967
2025-08,CRUDE_OIL,PRONGHORN RESOURCES LTD.,0.0,14.811464516129032
2025-08,CRUDE_OIL,PROSPERA ENERGY INC.,0.0,57.68355290322581
2025-08,CRUDE_OIL,PULSE OIL OPERATING CORP.,0.0,117.86273612903224
2025-08,CRUDE_OIL,QUESTERRE ENERGY CORPORATION,0.0,2.7391064516129027
2025-08,CRUDE_OIL,RAKE RESOURCES LTD,0.0,16.759273548387092
2025-08,CRUDE_OIL,RALLY CANADA RESOURCES LTD.,0.0,276.95409677419354
2025-08,CRUDE_OIL,RAMPART OIL INC.,0.0,534.3083651612902
2025-08,CRUDE_OIL,RANAHAN RESOURCES LIMITED,0.0,1259.84694
2025-08,CRUDE_OIL,RED ANGUS ENERGY INC.,0.0,61.538591612903225
2025-08,CRUDE_OIL,RED JACK PETROLEUM LTD.,0.0,8.521664516129032
2025-08,CRUDE_OIL,RELENTLESS RESOURCES LTD.,0.0,41.83731483870967
2025-08,CRUDE_OIL,RESONANCE ENERGY LTD.,0.0,32.3011664516129
2025-08,CRUDE_OIL,RESOURCEFUL PETROLEUM CANADA LIMITED,0.0,39.42284322580645
2025-08,CRUDE_OIL,RESPONSE ENERGY CORPORATION,0.0,790.0191696774193
2025-08,CRUDE_OIL,REVOLUTION OIL & GAS CORPORATION,0.0,415.8978077419355
2025-08,CRUDE_OIL,REX ENERGY LTD.,0.0,3.1448999999999994
2025-08,CRUDE_OIL,RIBBON CREEK RESOURCES INC.,0.0,38.93589096774193
2025-08,CRUDE_OIL,RICOCHET OIL CORP.,0.0,9399.497409677419
2025-08,CRUDE_OIL,RIDGELINE EXPLORATION INC.,0.0,25.321517419354834
2025-08,CRUDE_OIL,RIMFIRE ENERGY INC.,0.0,9.576727741935484
2025-08,CRUDE_OIL,RISING TIDE ENERGY LTD.,0.0,29.501190967741934
2025-08,CRUDE_OIL,ROCKEAST ENERGY CORP.,0.0,433.9556206451613
2025-08,CRUDE_OIL,ROK RESOURCES INC.,0.0,134.68287870967742
2025-08,CRUDE_OIL,RTD ENERGY INC.,0.0,10.692659999999998
2025-08,CRUDE_OIL,RUBELLITE ENERGY INC.,0.0,5171.290952903226
2025-08,CRUDE_OIL,RURALCO RESOURCES CORP.,0.0,10.185418064516128
2025-08,CRUDE_OIL,RUSH RESOURCES LTD.,0.0,38.306910967741935
2025-08,CRUDE_OIL,SAND HILLS DIV CORP LTD.,0.0,319.35952258064515
2025-08,CRUDE_OIL,SANDPOINT RESOURCES INC.,0.0,21.68966516129032
2025-08,CRUDE_OIL,SATURN OIL & GAS INC.,0.0,3615.965440645161
2025-08,CRUDE_OIL,SHACKLETON EXPLORATION LTD.,0.0,606.1946922580645
2025-08,CRUDE_OIL,SHANPET RESOURCES LTD.,0.0,7.669498064516128
2025-08,CRUDE_OIL,SHARPTAIL ENERGY INC.,0.0,677.0868251612903
2025-08,CRUDE_OIL,SHELL CANADA ENERGY,0.0,10.672370322580646
2025-08,CRUDE_OIL,SHOT POINT RESOURCES LTD.,0.0,55.248791612903226
2025-08,CRUDE_OIL,SIFTON PETROLEUM INC.,0.0,639.6320806451613
2025-08,CRUDE_OIL,SIGNALTA RESOURCES LIMITED,0.0,145.37553870967741
2025-08,CRUDE_OIL,SILVERLEAF RESOURCES INC.,0.0,93.23106774193548
2025-08,CRUDE_OIL,SINOPEC CANADA ENERGY LTD.,0.0,2252.154193548387
2025-08,CRUDE_OIL,SOGAR RESOURCES LTD.,0.0,6.857910967741936
2025-08,CRUDE_OIL,SPARK INFRASTRUCTURE CORP.,0.0,9.373830967741934
2025-08,CRUDE_OIL,SPARTAN DELTA CORP.,0.0,6338.982178064516
2025-08,CRUDE_OIL,SPOKE RESOURCES LTD.,0.0,2061.6949916129033
2025-08,CRUDE_OIL,SPUR PETROLEUM LTD.,0.0,30243.914899354837
2025-08,CRUDE_OIL,STRATHCONA RESOURCES LTD.,0.0,4095.694573548387
2025-08,CRUDE_OIL,SUCCESS RESOURCES LTD.,0.0,38.672125161290325
2025-08,CRUDE_OIL,SUEDE ENERGY LTD.,0.0,4574.064298064516
2025-08,CRUDE_OIL,SUMERIAN OIL & GAS INC.,0.0,101.12375225806451
2025-08,CRUDE_OIL,SUN CENTURY PETROLEUM CORPORATION,0.0,47.86334903225806
2025-08,CRUDE_OIL,SUPREME ENERGY INC.,0.0,94.46873806451612
2025-08,CRUDE_OIL,SURGE ENERGY INC.,0.0,13096.743298064515
2025-08,CRUDE_OIL,SUTTON ENERGY LTD.,0.0,4.240542580645161
2025-08,CRUDE_OIL,TAGGART OIL CORP.,0.0,68.94432387096774
2025-08,CRUDE_OIL,TAKU GAS LIMITED,0.0,40.640223870967745
2025-08,CRUDE_OIL,TAMARACK VALLEY ENERGY LTD.,0.0,38935.68807096774
2025-08,CRUDE_OIL,TAQA NORTH LTD.,0.0,6145.4998141935475
2025-08,CRUDE_OIL,TEINE ENERGY LTD.,0.0,12500.815182580644
2025-08,CRUDE_OIL,TENAZ ENERGY CORP.,0.0,1544.835749032258
2025-08,CRUDE_OIL,TEXCAL ENERGY CANADA INC.,0.0,800.3466154838709
2025-08,CRUDE_OIL,THOROUGHBRED ENERGY LTD.,0.0,65.51536838709677
2025-08,CRUDE_OIL,TIDEWATER MIDSTREAM AND INFRASTRUCTURE LTD.,0.0,113.72364193548387
2025-08,CRUDE_OIL,TOP OIL PRODUCTION LTD.,0.0,315.76824967741936
2025-08,CRUDE_OIL,TOURMALINE OIL CORP.,0.0,12665.628232258065
2025-08,CRUDE_OIL,TOWER RIDGE ENTERPRISES CORP.,0.0,11.86946129032258
2025-08,CRUDE_OIL,TRIPLE 555 OIL COMPANY LTD.,0.0,31.388130967741937
2025-08,CRUDE_OIL,TUKTU RESOURCES LTD.,0.0,250.67896451612904
2025-08,CRUDE_OIL,TYKEWEST LIMITED,0.0,120.37865612903225
2025-08,CRUDE_OIL,ULYSSES ENERGY CORP.,0.0,508.6013438709677
2025-08,CRUDE_OIL,UNIT 18 CORP.,0.0,201.19244129032256
2025-08,CRUDE_OIL,"VAALCO ENERGY CANADA, INC.",0.0,576.4500251612903
2025-08,CRUDE_OIL,VANRENA RESOURCES LTD.,0.0,4.139094193548386
2025-08,CRUDE_OIL,VANTAGE POINT RESOURCES INC.,0.0,1022.2345277419354
2025-08,CRUDE_OIL,VERMILION ENERGY INC.,0.0,3361.167671612903
2025-08,CRUDE_OIL,VITAL ENERGY INC.,0.0,269.60923354838707
2025-08,CRUDE_OIL,VULTURE ENERGY LTD.,0.0,21.283871612903226
2025-08,CRUDE_OIL,WASP ENTERPRIZES LTD.,0.0,73.93558451612903
2025-08,CRUDE_OIL,WESCAN ENERGY CORP.,0.0,101.87447032258063
2025-08,CRUDE_OIL,WEST 5 RESOURCES INC.,0.0,103.84256903225806
2025-08,CRUDE_OIL,WEST LAKE ENERGY CORP.,0.0,5997.62864516129
2025-08,CRUDE_OIL,WESTGATE ENERGY OPERATIONS LTD.,0.0,125.12644064516127
2025-08,CRUDE_OIL,WHITE TUNDRA PETROLEUM LTD.,0.0,30.27219870967742
2025-08,CRUDE_OIL,WHITECAP PARTNERSHIP,0.0,37806.26317741935
2025-08,CRUDE_OIL,WHITECAP RESOURCES INC.,0.0,18404.279434838707
2025-08,CRUDE_OIL,WHITEMUD CREEK RESOURCES LTD.,0.0,20.228808387096773
2025-08,CRUDE_OIL,WILCOX ENERGY CORP.,0.0,22.68385935483871
2025-08,CRUDE_OIL,WILDCAT RENTALS LTD.,0.0,17.26651548387097
2025-08,CRUDE_OIL,WOLF LAKE EXPLORATION LTD.,0.0,507.30280451612896
2025-08,CRUDE_OIL,WOODCOTE INC.,0.0,766.6860406451613
2025-08,CRUDE_OIL,WOODSMAN ENERGY CORP.,0.0,261.6151006451613
2025-08,CRUDE_OIL,XENOTIME ENERGY INC.,0.0,5.944875483870967
2025-08,CRUDE_OIL,YANGARRA RESOURCES CORP.,0.0,1761.3468967741935
2025-08,CRUDE_OIL,ZNX ENERGY LTD.,0.0,14.182484516129032
2025-08,CRUDE_OIL,ZYZYGY RESOURCES LTD.,0.0,56.10095806451613
2025-08,GAS,1170778 ALBERTA LTD.,0.0022783677419354843,0.0
2025-08,GAS,1288131 ALBERTA LTD.,0.04454208935483872,0.0
2025-08,GAS,1852797 ALBERTA ULC,0.009227389354838711,0.0
2025-08,GAS,2155192 ALBERTA LTD.,0.10309614032258066,0.0
2025-08,GAS,2363750 ALBERTA LTD.,0.15014443419354842,0.0
2025-08,GAS,840586 ALBERTA LTD.,0.12770251193548388,0.0
2025-08,GAS,935821 ALBERTA LTD.,0.0001139183870967742,0.0
2025-08,GAS,97837 RESOURCES LTD.,0.0322389035483871,0.0
2025-08,GAS,979968 ALBERTA LTD.,0.10890597806451613,0.0
2025-08,GAS,ACQUISITION OIL CORP.,0.5503397280645163,0.0
2025-08,GAS,ADANAC OIL & GAS LIMITED,0.05126327419354839,0.0
2025-08,GAS,ADVANTAGE ENERGY LTD.,409.0155389103226,0.0
2025-08,GAS,AENEID EXPLORATION INC.,0.03633996548387097,0.0
2025-08,GAS,AERADEN ENERGY CORP.,0.044769926129032266,0.0
2025-08,GAS,ALBERTA PETROLEUM ENERGY LIMITED,0.0028479596774193547,0.0
2025-08,GAS,ALCHEMY ENERGY LTD,0.368298145483871,0.0
2025-08,GAS,ALEXANDER OILFIELD SERVICES LTD.,0.033605924193548395,0.0
2025-08,GAS,ALLIED ENERGY II CORP.,5.258928421935485,0.0
2025-08,GAS,ALSACE ENERGY CORP.,0.0022783677419354843,0.0
2025-08,GAS,ALTAGAS LTD.,7.362773194838711,0.0
2025-08,GAS,ALTAIR ENERGY LTD.,1.2674559748387098,0.0
2025-08,GAS,ALTIMA RESOURCES LTD.,0.03588429193548388,0.0
2025-08,GAS,APAR ENERGY INC.,0.009455226129032258,0.0
2025-08,GAS,APL OIL & GAS (1998) LTD.,0.14832174,0.0
2025-08,GAS,ARAL RESOURCES LTD.,0.03258065870967742,0.0
2025-08,GAS,ARC RESOURCES LTD.,728.2009615122581,0.0
2025-08,GAS,ARCHER EXPLORATION CORP.,40.39864977935484,0.0
2025-08,GAS,ARROW EXPLORATION CORP.,0.8360470429032258,0.0
2025-08,GAS,ARTIS EXPLORATION LTD.,15.320200370322583,0.0
2025-08,GAS,ASCENSUN OIL AND GAS LTD.,0.0574148670967742,0.0
2025-08,GAS,ASPENLEAF ENERGY LIMITED,36.008007303870976,0.0
2025-08,GAS,ASTARA ENERGY CORP.,19.150022626129036,0.0
2025-08,GAS,ATCO NEXT ENERGY LTD.,12.62933414870968,0.0
2025-08,GAS,ATHABASCA OIL CORPORATION,6.509866230645162,0.0
2025-08,GAS,AVILA ENERGY CORPORATION,0.7217869006451614,0.0
2025-08,GAS,AXIOM OIL AND GAS INC.,4.078733931612904,0.0
2025-08,GAS,AYIK ENERGY CORP.,0.47914073612903235,0.0
2025-08,GAS,B-32 EXPLORATION LTD.,0.06254119451612904,0.0
2025-08,GAS,BACCALIEU ENERGY INC.,14.587819059677422,0.0
2025-08,GAS,BAND ENERGY RESOURCES LTD.,0.0005695919354838711,0.0
2025-08,GAS,BARCOMP PETROLEUM LTD.,0.002734041290322581,0.0
2025-08,GAS,"BARNWELL OF CANADA, LIMITED",2.3013792561290325,0.0
2025-08,GAS,BARREL OIL CORP.,17.31662010419355,0.0
2025-08,GAS,BATTLE RIVER ENERGY LTD.,6.1144555090322585,0.0
2025-08,GAS,BAY OIL AND GAS LTD.,0.33389479258064525,0.0
2025-08,GAS,BAYTEX ENERGY LTD.,68.79770625387097,0.0
2025-08,GAS,BDJ ENERGY INC.,0.05513649935483871,0.0
2025-08,GAS,BEAR HILLS INDUSTRIES LTD.,0.10400748741935485,0.0
2025-08,GAS,BEARSPAW PETROLEUM LTD.,2.120476857419355,0.0
2025-08,GAS,BENCH CREEK RESOURCES LTD.,0.40315717193548395,0.0
2025-08,GAS,BIGHORN ENERGY CORPORATION,5.836038970967742,0.0
2025-08,GAS,BIRCHCLIFF ENERGY LTD.,407.4979181574194,0.0
2025-08,GAS,BITSTONE RESOURCES INC.,0.42263721612903227,0.0
2025-08,GAS,BLUE SKY RESOURCES LTD.,2.547898645806452,0.0
2025-08,GAS,BLUE STAR ENERGY INC.,0.06709793,0.0
2025-08,GAS,BONTERRA ENERGY CORP.,46.716905282903234,0.0
2025-08,GAS,BORNITE ENERGY LTD.,2.8639082516129037,0.0
2025-08,GAS,BORRADAILE OIL LTD.,0.014125880000000002,0.0
2025-08,GAS,BOUNTY DEVELOPMENTS LTD.,0.003303633225806452,0.0
2025-08,GAS,"BRIGHTSPOT INTERNATIONAL ENERGY (CANADA) CO., LTD.",0.023922861290322586,0.0
2025-08,GAS,BROTHERIN ENERGY LTD.,0.38572765870967746,0.0
2025-08,GAS,BRW PETROLEUM CORP.,0.12496847064516131,0.0
2025-08,GAS,BTG ENERGY CORP.,27.33642575967742,0.0
2025-08,GAS,C GROUP ENERGY INC.,0.3062126245161291,0.0
2025-08,GAS,CABOT ENERGY INC.,0.4442817096774194,0.0
2025-08,GAS,CALEDONIAN MIDSTREAM CORPORATION,14.191041317419359,0.0
2025-08,GAS,CALTEX TRILOGY INC.,5.5958990109677424,0.0
2025-08,GAS,CANADIAN NATURAL RESOURCES LIMITED,2145.1199107529037,0.0
2025-08,GAS,CANEX RESOURCES LTD.,0.0002278367741935484,0.0
2025-08,GAS,CANLIN RESOURCES PARTNERSHIP,204.26387018838713,0.0
2025-08,GAS,CANSTONE ENERGY LTD.,2.3757679629032262,0.0
2025-08,GAS,CANUCK NORTH RESOURCES LTD.,0.047845722580645164,0.0
2025-08,GAS,CAPITAN INVESTMENT LTD.,0.0001139183870967742,0.0
2025-08,GAS,CARDINAL ENERGY LTD.,21.17799775322581,0.0
2025-08,GAS,CAVVY PRODUCTION LTD.,169.82987323903228,0.0
2025-08,GAS,CENOVUS ENERGY INC.,785.1576488561292,0.0
2025-08,GAS,CENTENNIAL PETROLEUM COMPANY LTD.,0.05627568322580646,0.0
2025-08,GAS,CHECK ENERGY LTD.,0.0076325319354838715,0.0
2025-08,GAS,CLAMPETT ENERGY LTD.,0.02278367741935484,0.0
2025-08,GAS,CLEAR NORTH ENERGY CORP.,1.3564262351612906,0.0
2025-08,GAS,CLEARVIEW RESOURCES LTD.,4.271825597741936,0.0
2025-08,GAS,CNOOC PETROLEUM NORTH AMERICA ULC,4.067000337741936,0.0
2025-08,GAS,COASTAL RESOURCES LIMITED,0.07028764483870968,0.0
2025-08,GAS,COBALT ENERGY INC.,0.2863908251612904,0.0
2025-08,GAS,CONCOURSE PETROLEUM INC.,0.3164652793548387,0.0
2025-08,GAS,CONIFER ENERGY INC.,11.167875160645163,0.0
2025-08,GAS,CONNACHER OIL AND GAS LIMITED,4.447373832258065,0.0
2025-08,GAS,CONOCOPHILLIPS CANADA RESOURCES CORP.,8.30852364451613,0.0
2025-08,GAS,CONVEGA ENERGY LTD.,0.21120468967741937,0.0
2025-08,GAS,CORSE ENERGY CORP.,1.1460189741935485,0.0
2025-08,GAS,COURSER ENERGY LTD.,0.2524431458064516,0.0
2025-08,GAS,COVEE ENERGY CORPORATION,0.5481752787096775,0.0
2025-08,GAS,CRIMSON OIL & GAS LTD.,0.0001139183870967742,0.0
2025-08,GAS,CROVERRO ENERGY LTD.,0.13396802322580648,0.0
2025-08,GAS,CYGNET ENERGY LTD.,27.72534313322581,0.0
2025-08,GAS,DARK ENERGY LTD.,0.02358110612903226,0.0
2025-08,GAS,DARK WARRIOR RESOURCES LTD.,0.1895601961290323,0.0
2025-08,GAS,DAVIES LIVESTOCK CO. LTD.,0.0027340412903225806,0.0
2025-08,GAS,DCP OIL CORP.,0.08429960645161293,0.0
2025-08,GAS,DECCAN ENERGY LTD.,0.01970788096774194,0.0
2025-08,GAS,DECIMUS OIL CORP.,0.11528540774193549,0.0
2025-08,GAS,DECKLAND INC.,0.22669759032258063,0.0
2025-08,GAS,DEERGARDEN RESOURCES LTD.,0.030416209354838714,0.0
2025-08,GAS,DEL CANADA GP LTD.,2.379299432903226,0.0
2025-08,GAS,DELTAWEST ENERGY LTD.,0.09728630258064518,0.0
2025-08,GAS,DERRICK PETROLEUM LTD.,0.022897595806451614,0.0
2025-08,GAS,DIRE RESOURCES LTD.,0.005809837741935484,0.0
2025-08,GAS,DOAG ENERGY LTD.,0.2072175461290323,0.0
2025-08,GAS,DURHAM CREEK ENERGY LTD.,0.06573090935483872,0.0
2025-08,GAS,DWL RESOURCES LTD.,0.2323935096774194,0.0
2025-08,GAS,EAGLE ENERGY INC.,0.5364416848387097,0.0
2025-08,GAS,ECLIPSE RESOURCES LTD.,0.4442817096774194,0.0
2025-08,GAS,ECOCHAIN ENERGY LTD.,0.03440335290322581,0.0
2025-08,GAS,EDALIS ENERGY INC.,0.0393018435483871,0.0
2025-08,GAS,EMBER RESOURCES INC.,148.527704443871,0.0
2025-08,GAS,ENDRUM ENERGY CORP.,4.056178090967743,0.0
2025-08,GAS,ENER T CORPORATION,0.10434924258064517,0.0
2025-08,GAS,ENERCAPITA ENERGY LTD.,10.155368536129034,0.0
2025-08,GAS,ENHANCE ENERGY INC.,17.93542478290323,0.0
2025-08,GAS,ENTRADA RESOURCES INC.,11.62389046419355,0.0
2025-08,GAS,EP RESOURCES CORPORATION,0.2394564496774194,0.0
2025-08,GAS,ERDOL RESOURCES CORP.,0.5358720929032259,0.0
2025-08,GAS,EVERGO RESOURCES LIMITED,0.04032710903225807,0.0
2025-08,GAS,EXECUTIVE ADVENTURES 2008 INC.,0.01298669612903226,0.0
2025-08,GAS,FABIAN SEED FARMS INC.,0.0011391838709677421,0.0
2025-08,GAS,FALLON ENERGY INC.,0.03326416903225807,0.0
2025-08,GAS,FIRE CREEK RESOURCES LTD.,0.1258798177419355,0.0
2025-08,GAS,FIVE POINT ENERGY INC.,0.2794418035483871,0.0
2025-08,GAS,FLYWHEEL RESOURCES CORP.,0.3793482290322581,0.0
2025-08,GAS,FORDEN ENERGY INC.,0.01708775806451613,0.0
2025-08,GAS,FORT CALGARY RESOURCES LTD.,0.08737540290322582,0.0
2025-08,GAS,G. HERMAN GROUP INC.,0.6362341919354839,0.0
2025-08,GAS,G2B DEVELOPMENT CORPORATION,0.7086862861290324,0.0
2025-08,GAS,GEX RESOURCES LTD.,0.5097847822580646,0.0
2025-08,GAS,GLOBAL CANUCK ENERGY LTD.,0.0022783677419354843,0.0
2025-08,GAS,GMT EXPLORATION ZAMA INC.,0.6499043983870969,0.0
2025-08,GAS,GOLDEN SPIKE ENERGY INC.,0.007974287096774195,0.0
2025-08,GAS,GOOSE CREEK RESOURCES LTD.,1.4173725722580648,0.0
2025-08,GAS,GRAN TIERRA CANADA LTD.,52.905407743548395,0.0
2025-08,GAS,GRASSLAND ENERGY CORP.,4.033052658387097,0.0
2025-08,GAS,GREEN DAWG ENERGY INC.,0.00034175516129032263,0.0
2025-08,GAS,GREENFIRE RESOURCES OPERATING CORPORATION,3.3471500496774196,0.0
2025-08,GAS,GRIZZLY RESOURCES LTD.,0.07404695161290323,0.0
2025-08,GAS,GRYPHON PETROLEUM CORP.,0.5381504606451614,0.0
2025-08,GAS,GUNNARR RESOURCES INC.,0.046820457096774196,0.0
2025-08,GAS,HALO EXPLORATION LTD.,1.3141625135483872,0.0
2025-08,GAS,HARD ROCK RESOURCES LTD.,0.9295740387096776,0.0
2025-08,GAS,HARVARD RESOURCES INC.,0.0658448277419355,0.0
2025-08,GAS,HARVEST ENERGY CORPORATION,0.0010252654838709678,0.0
2025-08,GAS,HARVEST OPERATIONS CORP.,35.678441410000005,0.0
2025-08,GAS,HBC ENERGY LTD.,0.0002278367741935484,0.0
2025-08,GAS,HEADWATER EXPLORATION INC.,14.747076964838712,0.0
2025-08,GAS,HEMISPHERE ENERGY CORPORATION,0.9448391025806453,0.0
2025-08,GAS,HESC ENERGY CORPORATION,0.3563367148387097,0.0
2025-08,GAS,HIGHVALE ENERGY LIMITED,4.77773715483871,0.0
2025-08,GAS,HIGHWOOD ASSET MANAGEMENT LTD.,15.76345681451613,0.0
2025-08,GAS,HIS MAJESTY THE KING IN RIGHT OF CANADA AS REPRESENTED HEREIN BY THE MINISTER OF NATIONAL DEFENCE,0.06960413451612904,0.0
2025-08,GAS,HITIC ENERGY LTD.,3.1389072380645167,0.0
2025-08,GAS,HWN ENERGY LTD.,74.72875315967742,0.0
2025-08,GAS,HYDRO VAULT ENERGY LTD.,0.13989177935483874,0.0
2025-08,GAS,IHH ENERGY CORP.,0.0002278367741935484,0.0
2025-08,GAS,IMPERIAL OIL RESOURCES LIMITED,38.84195501967742,0.0
2025-08,GAS,INDRA OIL & GAS LTD.,0.02050530967741936,0.0
2025-08,GAS,INPLAY OIL CORP.,52.948468893870974,0.0
2025-08,GAS,INSCH COMMODITY LTD.,0.09637495548387098,0.0
2025-08,GAS,INSIGNIA ENERGY LTD.,36.794272011612904,0.0
2025-08,GAS,INTEGRITY OIL OPERATIONS LTD.,0.0038732251612903228,0.0
2025-08,GAS,IPC CANADA LTD.,107.89107915387098,0.0
2025-08,GAS,ISH ENERGY LTD.,4.710525306451614,0.0
2025-08,GAS,ISLANDER OIL & GAS INC.,0.252784900967742,0.0
2025-08,GAS,JAST ENERGY LTD.,0.0037593067741935487,0.0
2025-08,GAS,JAYHAWK RESOURCES LTD.,1.3579071741935484,0.0
2025-08,GAS,JOLI FOU PETROLEUMS LTD.,0.003417551612903226,0.0
2025-08,GAS,JOURNEY ENERGY INC.,41.93506706612904,0.0
2025-08,GAS,JP ENERGY CORP.,0.03975751709677419,0.0
2025-08,GAS,JX ENERGY LTD.,0.009910899677419356,0.0
2025-08,GAS,KADEN ENERGY LTD.,3.9701697087096783,0.0
2025-08,GAS,KAISER EXPLORATION LTD.,0.15447333290322582,0.0
2025-08,GAS,KARVE ENERGY INC.,17.18253816258065,0.0
2025-08,GAS,KELT EXPLORATION LTD.,145.25482918258066,0.0
2025-08,GAS,KEYERA ENERGY LTD.,0.15561251677419355,0.0
2025-08,GAS,KIHEW RESOURCES INC.,0.017771268387096775,0.0
2025-08,GAS,KINMERC OIL & GAS INC.,0.1338541048387097,0.0
2025-08,GAS,KIWETINOHK ENERGY CORP.,110.66886510483873,0.0
2025-08,GAS,KOHO ENERGY CORP.,0.0004556735483870968,0.0
2025-08,GAS,LEDGEND ROYALTY TRUST LTD.,0.16267545677419357,0.0
2025-08,GAS,LINEUP RESOURCES CORP.,0.2705561693548388,0.0
2025-08,GAS,LOGAN ENERGY CORP.,60.9250343583871,0.0
2025-08,GAS,LOGIC ENERGY LTD.,0.5191260900000001,0.0
2025-08,GAS,LONE TREE RESOURCES INC.,0.05479474419354839,0.0
2025-08,GAS,LONG RUN EXPLORATION LTD.,21.572383209354843,0.0
2025-08,GAS,LONG TERM ASSET MANAGEMENT INC.,15.619236136451615,0.0
2025-08,GAS,LONGRIDGE ENERGY LTD.,0.4672932238709678,0.0
2025-08,GAS,LONGSHORE RESOURCES LTD.,0.8607673329032259,0.0
2025-08,GAS,LOTUS CREEK EXPLORATION INC.,1.4382196370967744,0.0
2025-08,GAS,LOYAL ENERGY (CANADA) OPERATING LTD.,29.801961411612908,0.0
2025-08,GAS,LYCOS ENERGY INC.,2.938069121612904,0.0
2025-08,GAS,LYNX ENERGY ULC,95.15648441548389,0.0
2025-08,GAS,MAGA ENERGY LTD.,1.1192481532258065,0.0
2025-08,GAS,MAHIKAN OIL CORPORATION,0.0432889870967742,0.0
2025-08,GAS,MALAK ENERGY INC.,0.0002278367741935484,0.0
2025-08,GAS,MANCAL ENERGY INC.,46.93653993322581,0.0
2025-08,GAS,MARLIN RESOURCES LTD.,0.42389031838709684,0.0
2025-08,GAS,MATO INC.,0.10560234483870969,0.0
2025-08,GAS,MCLAND RESOURCES LTD.,0.030985801290322582,0.0
2025-08,GAS,"MEDICINE HAT, CITY OF",10.301184071612905,0.0
2025-08,GAS,MEG ENERGY CORP.,55.5783887783871,0.0
2025-08,GAS,MORNING STAR PETROLEUM INCORPORATED,0.1516253732258065,0.0
2025-08,GAS,MUDDY PETROLEUM COMPANY LTD.,0.0001139183870967742,0.0
2025-08,GAS,MURPHY OIL COMPANY LTD.,16.215257137741936,0.0
2025-08,GAS,N7 ENERGY LTD.,9.85815546419355,0.0
2025-08,GAS,NEW NORTH RESOURCES LTD.,0.9466617967741937,0.0
2025-08,GAS,NEW TIMES ENERGY CANADA GP 2 LTD.,1.4239798387096776,0.0
2025-08,GAS,NEW TIMES ENERGY CANADA GP 3 LTD.,2.8088856706451617,0.0
2025-08,GAS,NEW WEST DATA CORP.,0.4336872996774194,0.0
2025-08,GAS,NORTH 40 RESOURCES LTD.,21.47247678387097,0.0
2025-08,GAS,NORTH FORK RESOURCES LTD,0.2936816019354839,0.0
2025-08,GAS,NORTHERN UTILITIES (SASK.) LTD.,0.0001139183870967742,0.0
2025-08,GAS,NORTHROCK RESOURCES PARTNERSHIP LTD.,0.049098824838709684,0.0
2025-08,GAS,NOVACOR EXPLORATION LTD.,0.01298669612903226,0.0
2025-08,GAS,NOVUS ENERGY INC.,0.2796696403225807,0.0
2025-08,GAS,NUOVA STRADA VENTURES LTD.,0.14763822967741935,0.0
2025-08,GAS,NUVISTA ENERGY LTD.,246.45821550354842,0.0
2025-08,GAS,NVP EXPLORATION INC.,0.04613694677419355,0.0
2025-08,GAS,NVS ENGINEERING INC.,0.023125432580645162,0.0
2025-08,GAS,O'NEILL INDUSTRIES INTERNATIONAL-CANADA INC.,0.010822246774193548,0.0
2025-08,GAS,OBSIDIAN ENERGY LTD.,58.02079899774194,0.0
2025-08,GAS,OHANA RESOURCES INC.,0.06823711387096776,0.0
2025-08,GAS,OK RADIO GROUP LTD.,0.18295292967741938,0.0
2025-08,GAS,ORGA ENERGY LTD.,0.00865779741935484,0.0
2025-08,GAS,ORLEN UPSTREAM CANADA LTD.,52.774629435161295,0.0
2025-08,GAS,OUTLIER RESOURCES LTD.,29.528101609032262,0.0
2025-08,GAS,OUTPOST ENERGY LTD.,0.007518613548387098,0.0
2025-08,GAS,OVINTIV CANADA ULC,597.6869437832258,0.0
2025-08,GAS,PARAGON ENERGY LTD.,0.01845477870967742,0.0
2025-08,GAS,PARALLAX ENERGY OPERATING INC.,19.619366380967744,0.0
2025-08,GAS,PARAMOUNT RESOURCES LTD.,139.83163044645164,0.0
2025-08,GAS,PENTACOR ENERGY CORP.,0.014809390322580647,0.0
2025-08,GAS,PERSIST OIL AND GAS INC.,14.678839850967744,0.0
2025-08,GAS,PERTHRO (CANADA) INC.,0.05297205000000001,0.0
2025-08,GAS,PETROCHINA CANADA LTD.,0.6439806422580646,0.0
2025-08,GAS,PETROCHINA DUVERNAY GAS PARTNERSHIP,55.39634719580646,0.0
2025-08,GAS,PETRUS RESOURCES CORP.,47.578242207741944,0.0
2025-08,GAS,PEYTO CANADA CORP.,17.61998476903226,0.0
2025-08,GAS,PEYTO EXPLORATION & DEVELOPMENT CORP.,738.4261620196775,0.0
2025-08,GAS,PINE CLIFF ENERGY LTD.,108.07642436967744,0.0
2025-08,GAS,PLATFORM ENERGY INC.,0.06573090935483872,0.0
2025-08,GAS,POINT BAR RESOURCES INC.,0.9094104841935485,0.0
2025-08,GAS,POINTBREAK RESOURCES INC.,4.115985244193549,0.0
2025-08,GAS,POKER CHIP EXPLORATION LTD.,0.025859473870967747,0.0
2025-08,GAS,POTTS PETROLEUM INC.,0.40190406967741943,0.0
2025-08,GAS,PRAIRIE PROVIDENT RESOURCES CANADA LTD.,6.963603166451613,0.0
2025-08,GAS,PRAIRIE THUNDER RESOURCES LTD.,7.978388158709678,0.0
2025-08,GAS,PRIMROSE DRILLING VENTURES LTD.,0.004784572258064518,0.0
2025-08,GAS,PRONGHORN RESOURCES LTD.,0.06903454258064518,0.0
2025-08,GAS,PROSPERA ENERGY INC.,0.14923308709677421,0.0
2025-08,GAS,PULSE OIL OPERATING CORP.,0.2562024525806452,0.0
2025-08,GAS,QUESTERRE ENERGY CORPORATION,0.0002278367741935484,0.0
2025-08,GAS,RAKE RESOURCES LTD,0.0010252654838709676,0.0
2025-08,GAS,RALLY CANADA RESOURCES LTD.,0.3723992074193549,0.0
2025-08,GAS,RAMPART OIL INC.,0.21485007806451617,0.0
2025-08,GAS,RANAHAN RESOURCES LIMITED,6.012840307741937,0.0
2025-08,GAS,RED ANGUS ENERGY INC.,0.10503275290322582,0.0
2025-08,GAS,RED JACK PETROLEUM LTD.,0.025517718709677423,0.0
2025-08,GAS,RELENTLESS RESOURCES LTD.,0.18477562387096777,0.0
2025-08,GAS,RESISTANCE ENERGY LTD.,0.017315594838709678,0.0
2025-08,GAS,RESONANCE ENERGY LTD.,0.43391513645161295,0.0
2025-08,GAS,RESOURCEFUL PETROLEUM CANADA LIMITED,1.2775947112903228,0.0
2025-08,GAS,RESPONSE ENERGY CORPORATION,0.3845884748387097,0.0
2025-08,GAS,REVOLUTION OIL & GAS CORPORATION,0.7803409516129033,0.0
2025-08,GAS,REX ENERGY LTD.,0.2746572312903226,0.0
2025-08,GAS,RIBBON CREEK RESOURCES INC.,0.20072419806451616,0.0
2025-08,GAS,RICOCHET OIL CORP.,20.211969830645163,0.0
2025-08,GAS,RIDGELINE EXPLORATION INC.,0.010594410000000002,0.0
2025-08,GAS,RIMFIRE ENERGY INC.,0.07484438032258066,0.0
2025-08,GAS,RISING TIDE ENERGY LTD.,0.9188657103225808,0.0
2025-08,GAS,ROCKEAST ENERGY CORP.,0.46888808129032267,0.0
2025-08,GAS,ROCKPOINT GAS STORAGE CANADA LTD.,2.7786972980645164,0.0
2025-08,GAS,ROK RESOURCES INC.,3.515065752258065,0.0
2025-08,GAS,RTD ENERGY INC.,0.0002278367741935484,0.0
2025-08,GAS,RUBELLITE ENERGY INC.,10.469213692580647,0.0
2025-08,GAS,RURALCO RESOURCES CORP.,0.008657797419354839,0.0
2025-08,GAS,RUSH RESOURCES LTD.,0.08270474903225807,0.0
2025-08,GAS,SAND HILLS DIV CORP LTD.,1.6600187367741939,0.0
2025-08,GAS,SANDPOINT RESOURCES INC.,0.0009113470967741935,0.0
2025-08,GAS,SATURN OIL & GAS INC.,31.111225434516133,0.0
2025-08,GAS,SCAVENGER ENERGY GP INC.,0.028821351935483876,0.0
2025-08,GAS,SHACKLETON EXPLORATION LTD.,3.7907482490322586,0.0
2025-08,GAS,SHANPET RESOURCES LTD.,0.12690508322580646,0.0
2025-08,GAS,SHARPTAIL ENERGY INC.,2.132780043225807,0.0
2025-08,GAS,SHELL CANADA ENERGY,1.6208308116129033,0.0
2025-08,GAS,SHOT POINT RESOURCES LTD.,0.010708328387096776,0.0
2025-08,GAS,SIFTON PETROLEUM INC.,1.2300907438709678,0.0
2025-08,GAS,SIGNALTA RESOURCES LIMITED,3.6994996209677424,0.0
2025-08,GAS,SILVERLEAF RESOURCES INC.,0.6904593441935485,0.0
2025-08,GAS,SINOPEC CANADA ENERGY LTD.,53.45700057387098,0.0
2025-08,GAS,SOGAR RESOURCES LTD.,0.9593067377419355,0.0
2025-08,GAS,SPARK INFRASTRUCTURE CORP.,4.864998639354839,0.0
2025-08,GAS,SPARTAN DELTA CORP.,197.97830926193552,0.0
2025-08,GAS,SPOKE RESOURCES LTD.,10.949493612580646,0.0
2025-08,GAS,SPROCKET ENERGY CORPORATION,8.416746112258066,0.0
2025-08,GAS,SPUR PETROLEUM LTD.,37.97982066612904,0.0
2025-08,GAS,STORM DEVELOPMENT CORP.,16.19258737870968,0.0
2025-08,GAS,STRATHCONA RESOURCES LTD.,26.904333317419358,0.0
2025-08,GAS,SUCCESS RESOURCES LTD.,0.9336751006451613,0.0
2025-08,GAS,SUEDE ENERGY LTD.,12.954343307096776,0.0
2025-08,GAS,SUMERIAN OIL & GAS INC.,0.33218601677419357,0.0
2025-08,GAS,SUN CENTURY PETROLEUM CORPORATION,5.5786973345161295,0.0
2025-08,GAS,SUNCOR ENERGY INC.,7.734147136774195,0.0
2025-08,GAS,SUPREME ENERGY INC.,0.628145986451613,0.0
2025-08,GAS,SURGE ENERGY INC.,17.521901037741937,0.0
2025-08,GAS,SUTTON ENERGY LTD.,0.00649334806451613,0.0
2025-08,GAS,TAGGART OIL CORP.,0.21803979290322584,0.0
2025-08,GAS,TAIGA ENERGY CORP.,0.07814801354838712,0.0
2025-08,GAS,TAKU GAS LIMITED,0.02608731064516129,0.0
2025-08,GAS,TAMARACK VALLEY ENERGY LTD.,79.87695290935484,0.0
2025-08,GAS,TAQA NORTH LTD.,370.6894063474194,0.0
2025-08,GAS,TEINE ENERGY LTD.,25.86596721903226,0.0
2025-08,GAS,TENAZ ENERGY CORP.,7.572041271935485,0.0
2025-08,GAS,TEXCAL ENERGY CANADA INC.,1.8715651816129035,0.0
2025-08,GAS,THOR RESOURCES INC.,2.4518654454838718,0.0
2025-08,GAS,THOROUGHBRED ENERGY LTD.,0.030644046129032262,0.0
2025-08,GAS,TIDEWATER MIDSTREAM AND INFRASTRUCTURE LTD.,4.016648410645161,0.0
2025-08,GAS,TMAX ENERGY LTD.,1.5103299761290323,0.0
2025-08,GAS,TOP OIL PRODUCTION LTD.,0.8239716938709678,0.0
2025-08,GAS,TOURMALINE OIL CORP.,1733.111052303226,0.0
2025-08,GAS,TOWER RIDGE ENTERPRISES CORP.,0.0026201229032258074,0.0
2025-08,GAS,TRANSCANADA ENERGY LTD.,0.0022783677419354843,0.0
2025-08,GAS,TRIPLE 555 OIL COMPANY LTD.,0.31122503354838715,0.0
2025-08,GAS,TUKTU RESOURCES LTD.,2.416095071935484,0.0
2025-08,GAS,TYKEWEST LIMITED,0.10218479322580647,0.0
2025-08,GAS,ULYSSES ENERGY CORP.,0.24629155290322582,0.0
2025-08,GAS,UNIT 18 CORP.,0.04955449838709678,0.0
2025-08,GAS,"VAALCO ENERGY CANADA, INC.",6.13347987967742,0.0
2025-08,GAS,VANRENA RESOURCES LTD.,0.0005695919354838711,0.0
2025-08,GAS,VANTAGE POINT RESOURCES INC.,8.500248290000002,0.0
2025-08,GAS,VERMILION ENERGY INC.,328.3291958606452,0.0
2025-08,GAS,VITAL ENERGY INC.,0.558997525483871,0.0
2025-08,GAS,VULTURE ENERGY LTD.,0.07051548161290323,0.0
2025-08,GAS,WARWICK GAS STORAGE LTD.,0.4515724864516129,0.0
2025-08,GAS,WASP ENTERPRIZES LTD.,0.01708775806451613,0.0
2025-08,GAS,WESCAN ENERGY CORP.,0.1449041883870968,0.0
2025-08,GAS,WEST 5 RESOURCES INC.,0.7866064629032259,0.0
2025-08,GAS,WEST LAKE ENERGY CORP.,5.6419220393548395,0.0
2025-08,GAS,WESTGATE ENERGY OPERATIONS LTD.,0.709369796451613,0.0
2025-08,GAS,WHITE TUNDRA PETROLEUM LTD.,0.10639977354838712,0.0
2025-08,GAS,WHITECAP PARTNERSHIP,484.86137577387103,0.0
2025-08,GAS,WHITECAP RESOURCES INC.,553.4466242358066,0.0
2025-08,GAS,WHITEHALL ENERGY LTD.,0.16985231516129037,0.0
2025-08,GAS,WHITEMUD CREEK RESOURCES LTD.,0.05752878548387097,0.0
2025-08,GAS,WILCOX ENERGY CORP.,0.019480044193548388,0.0
2025-08,GAS,WILDCAT RENTALS LTD.,0.04135237451612904,0.0
2025-08,GAS,WINDSOR SALT LTD/SEL WINDSOR LTEE,0.015606819032258065,0.0
2025-08,GAS,WINDTALKER ENERGY CORP.,0.052402458064516134,0.0
2025-08,GAS,WOLF LAKE EXPLORATION LTD.,7.666935288387098,0.0
2025-08,GAS,WOODCOTE INC.,0.3712600235483871,0.0
2025-08,GAS,WOODSMAN ENERGY CORP.,0.5637820977419356,0.0
2025-08,GAS,XENOTIME ENERGY INC.,0.003189714838709678,0.0
2025-08,GAS,YANGARRA RESOURCES CORP.,45.27800213548388,0.0
2025-08,GAS,YOHO RESOURCES INC.,0.9539525735483871,0.0
2025-08,GAS,ZNX ENERGY LTD.,0.10947557000000001,0.0
2025-08,GAS,ZYZYGY RESOURCES LTD.,0.24515236903225807,0.0
2025-08,OIL_AT_GAS_BATTERY,2155192 ALBERTA LTD.,0.0,5.518792258064515
2025-08,OIL_AT_GAS_BATTERY,ADVANTAGE ENERGY LTD.,0.0,176.76366967741933
2025-08,OIL_AT_GAS_BATTERY,ALCHEMY ENERGY LTD,0.0,1.25796
2025-08,OIL_AT_GAS_BATTERY,ARC RESOURCES LTD.,0.0,1.88694
2025-08,OIL_AT_GAS_BATTERY,ASTARA ENERGY CORP.,0.0,0.8521664516129032
2025-08,OIL_AT_GAS_BATTERY,AXIOM OIL AND GAS INC.,0.0,11.646274838709676
2025-08,OIL_AT_GAS_BATTERY,BACCALIEU ENERGY INC.,0.0,39.03733935483871
2025-08,OIL_AT_GAS_BATTERY,BARREL OIL CORP.,0.0,5.57966129032258
2025-08,OIL_AT_GAS_BATTERY,BIRCHCLIFF ENERGY LTD.,0.0,0.5275316129032258
2025-08,OIL_AT_GAS_BATTERY,BONTERRA ENERGY CORP.,0.0,250.13114322580645
2025-08,OIL_AT_GAS_BATTERY,BORNITE ENERGY LTD.,0.0,1.501436129032258
2025-08,OIL_AT_GAS_BATTERY,BTG ENERGY CORP.,0.0,8.541954193548387
2025-08,OIL_AT_GAS_BATTERY,CANADIAN NATURAL RESOURCES LIMITED,0.0,495.77826774193545
2025-08,OIL_AT_GAS_BATTERY,CANLIN RESOURCES PARTNERSHIP,0.0,0.12173806451612902
2025-08,OIL_AT_GAS_BATTERY,CENOVUS ENERGY INC.,0.0,21.7911135483871
2025-08,OIL_AT_GAS_BATTERY,CLEARVIEW RESOURCES LTD.,0.0,1.866650322580645
2025-08,OIL_AT_GAS_BATTERY,CORSE ENERGY CORP.,0.0,0.10144838709677419
2025-08,OIL_AT_GAS_BATTERY,CYGNET ENERGY LTD.,0.0,1704.028558064516
2025-08,OIL_AT_GAS_BATTERY,DARK WARRIOR RESOURCES LTD.,0.0,15.805658709677418
2025-08,OIL_AT_GAS_BATTERY,DEL CANADA GP LTD.,0.0,0.872456129032258
2025-08,OIL_AT_GAS_BATTERY,EMBER RESOURCES INC.,0.0,0.8521664516129032
2025-08,OIL_AT_GAS_BATTERY,ENERCAPITA ENERGY LTD.,0.0,8.927458064516129
2025-08,OIL_AT_GAS_BATTERY,ENHANCE ENERGY INC.,0.0,0.7710077419354838
2025-08,OIL_AT_GAS_BATTERY,G. HERMAN GROUP INC.,0.0,0.7304283870967743
2025-08,OIL_AT_GAS_BATTERY,GRAN TIERRA CANADA LTD.,0.0,83.75578838709677
2025-08,OIL_AT_GAS_BATTERY,HARD ROCK RESOURCES LTD.,0.0,1.5217258064516128
2025-08,OIL_AT_GAS_BATTERY,HARVEST OPERATIONS CORP.,0.0,13.452056129032258
2025-08,OIL_AT_GAS_BATTERY,HIGHWOOD ASSET MANAGEMENT LTD.,0.0,0.7912974193548387
2025-08,OIL_AT_GAS_BATTERY,HWN ENERGY LTD.,0.0,25.76789032258064
2025-08,OIL_AT_GAS_BATTERY,INPLAY OIL CORP.,0.0,7.568049677419355
2025-08,OIL_AT_GAS_BATTERY,JOURNEY ENERGY INC.,0.0,44.231496774193545
2025-08,OIL_AT_GAS_BATTERY,KARVE ENERGY INC.,0.0,19.17374516129032
2025-08,OIL_AT_GAS_BATTERY,KELT EXPLORATION LTD.,0.0,2409.7644077419354
2025-08,OIL_AT_GAS_BATTERY,KIWETINOHK ENERGY CORP.,0.0,29.17655612903226
2025-08,OIL_AT_GAS_BATTERY,LOGAN ENERGY CORP.,0.0,520.9577574193548
2025-08,OIL_AT_GAS_BATTERY,LONG RUN EXPLORATION LTD.,0.0,64.31827741935484
2025-08,OIL_AT_GAS_BATTERY,LONG TERM ASSET MANAGEMENT INC.,0.0,0.18260709677419357
2025-08,OIL_AT_GAS_BATTERY,LOTUS CREEK EXPLORATION INC.,0.0,4.686915483870967
2025-08,OIL_AT_GAS_BATTERY,LOYAL ENERGY (CANADA) OPERATING LTD.,0.0,3.388376129032258
2025-08,OIL_AT_GAS_BATTERY,LYNX ENERGY ULC,0.0,16.02884516129032
2025-08,OIL_AT_GAS_BATTERY,MANCAL ENERGY INC.,0.0,6.857910967741935
2025-08,OIL_AT_GAS_BATTERY,MARLIN RESOURCES LTD.,0.0,4.768074193548387
2025-08,OIL_AT_GAS_BATTERY,NEW WEST DATA CORP.,0.0,7.243414838709677
2025-08,OIL_AT_GAS_BATTERY,NORTH 40 RESOURCES LTD.,0.0,51.556070322580645
2025-08,OIL_AT_GAS_BATTERY,OBSIDIAN ENERGY LTD.,0.0,13.20858
2025-08,OIL_AT_GAS_BATTERY,ORLEN UPSTREAM CANADA LTD.,0.0,6.168061935483871
2025-08,OIL_AT_GAS_BATTERY,OUTLIER RESOURCES LTD.,0.0,28.080913548387095
2025-08,OIL_AT_GAS_BATTERY,OVINTIV CANADA ULC,0.0,69.79649032258065
2025-08,OIL_AT_GAS_BATTERY,PARAMOUNT RESOURCES LTD.,0.0,0.8115870967741934
2025-08,OIL_AT_GAS_BATTERY,PETRUS RESOURCES CORP.,0.0,14.872333548387095
2025-08,OIL_AT_GAS_BATTERY,PEYTO EXPLORATION & DEVELOPMENT CORP.,0.0,6.675303870967742
2025-08,OIL_AT_GAS_BATTERY,PINE CLIFF ENERGY LTD.,0.0,25.42296580645161
2025-08,OIL_AT_GAS_BATTERY,PRAIRIE PROVIDENT RESOURCES CANADA LTD.,0.0,12.194096129032257
2025-08,OIL_AT_GAS_BATTERY,RESISTANCE ENERGY LTD.,0.0,27.289616129032257
2025-08,OIL_AT_GAS_BATTERY,RESPONSE ENERGY CORPORATION,0.0,2.0492574193548387
2025-08,OIL_AT_GAS_BATTERY,SIGNALTA RESOURCES LIMITED,0.0,2.6782374193548386
2025-08,OIL_AT_GAS_BATTERY,SILVERLEAF RESOURCES INC.,0.0,3.976776774193548
2025-08,OIL_AT_GAS_BATTERY,SINOPEC CANADA ENERGY LTD.,0.0,1.1565116129032256
2025-08,OIL_AT_GAS_BATTERY,SPARK INFRASTRUCTURE CORP.,0.0,1.88694
2025-08,OIL_AT_GAS_BATTERY,SPARTAN DELTA CORP.,0.0,4.179673548387097
2025-08,OIL_AT_GAS_BATTERY,SUCCESS RESOURCES LTD.,0.0,22.48096258064516
2025-08,OIL_AT_GAS_BATTERY,SUN CENTURY PETROLEUM CORPORATION,0.0,2.8405548387096773
2025-08,OIL_AT_GAS_BATTERY,TAQA NORTH LTD.,0.0,161.07974903225804
2025-08,OIL_AT_GAS_BATTERY,TOURMALINE OIL CORP.,0.0,280.7279767741935
2025-08,OIL_AT_GAS_BATTERY,"VAALCO ENERGY CANADA, INC.",0.0,0.9536148387096773
2025-08,OIL_AT_GAS_BATTERY,VANTAGE POINT RESOURCES INC.,0.0,1.88694
2025-08,OIL_AT_GAS_BATTERY,VERMILION ENERGY INC.,0.0,246.74276709677417
2025-08,OIL_AT_GAS_BATTERY,WESTGATE ENERGY OPERATIONS LTD.,0.0,3.611562580645161
2025-08,OIL_AT_GAS_BATTERY,WHITECAP PARTNERSHIP,0.0,1.9478090322580643
2025-08,OIL_AT_GAS_BATTERY,WHITECAP RESOURCES INC.,0.0,147.07987161290322
2025-08,OIL_AT_GAS_BATTERY,WOODSMAN ENERGY CORP.,0.0,0.08115870967741935
2025-08,OIL_AT_GAS_BATTERY,YANGARRA RESOURCES CORP.,0.0,2.252154193548387
2025-08,OIL_UNCLASSIFIED,LOTUS CREEK EXPLORATION INC.,0.0,13.59408387096774
2025-09,BITUMEN,ATHABASCA OIL CORPORATION,0.0,37011.69912
2025-09,BITUMEN,AYIK ENERGY CORP.,0.0,623.444976
2025-09,BITUMEN,BAYTEX ENERGY LTD.,0.0,36638.50432
2025-09,BITUMEN,BIGHORN ENERGY CORPORATION,0.0,138.878784
2025-09,BITUMEN,CALTEX TRILOGY INC.,0.0,12529.113872
2025-09,BITUMEN,CANADIAN NATURAL RESOURCES LIMITED,0.0,383373.18498599995
2025-09,BITUMEN,CENOVUS ENERGY INC.,0.0,509081.29551399994
2025-09,BITUMEN,CHECK ENERGY LTD.,0.0,220.604252
2025-09,BITUMEN,CLEAR NORTH ENERGY CORP.,0.0,1782.382558
2025-09,BITUMEN,CNOOC PETROLEUM NORTH AMERICA ULC,0.0,60586.687194
2025-09,BITUMEN,CONNACHER OIL AND GAS LIMITED,0.0,19530.478946
2025-09,BITUMEN,CONOCOPHILLIPS CANADA RESOURCES CORP.,0.0,142550.056396
2025-09,BITUMEN,CROVERRO ENERGY LTD.,0.0,170.36971599999998
2025-09,BITUMEN,DEERGARDEN RESOURCES LTD.,0.0,116.424198
2025-09,BITUMEN,EVERGO RESOURCES LIMITED,0.0,17.988827999999998
2025-09,BITUMEN,GRAN TIERRA CANADA LTD.,0.0,260.125162
2025-09,BITUMEN,GREENFIRE RESOURCES OPERATING CORPORATION,0.0,18524.236741999997
2025-09,BITUMEN,HARVEST OPERATIONS CORP.,0.0,461.126204
2025-09,BITUMEN,HEADWATER EXPLORATION INC.,0.0,20792.736976
2025-09,BITUMEN,HIGHWOOD ASSET MANAGEMENT LTD.,0.0,26.354262
2025-09,BITUMEN,IMPERIAL OIL RESOURCES LIMITED,0.0,157338.990578
2025-09,BITUMEN,IPC CANADA LTD.,0.0,807.379694
2025-09,BITUMEN,ISLANDER OIL & GAS INC.,0.0,3791.4704739999997
2025-09,BITUMEN,LINEUP RESOURCES CORP.,0.0,976.8478719999999
2025-09,BITUMEN,LYCOS ENERGY INC.,0.0,1014.9221279999999
2025-09,BITUMEN,MAHIKAN OIL CORPORATION,0.0,72.85685
2025-09,BITUMEN,MEG ENERGY CORP.,0.0,109085.007768
2025-09,BITUMEN,O'NEILL INDUSTRIES INTERNATIONAL-CANADA INC.,0.0,43.022231999999995
2025-09,BITUMEN,OBSIDIAN ENERGY LTD.,0.0,13482.1863
2025-09,BITUMEN,PETROCHINA CANADA LTD.,0.0,9389.455371999999
2025-09,BITUMEN,RUBELLITE ENERGY INC.,0.0,5026.7662279999995
2025-09,BITUMEN,SPUR PETROLEUM LTD.,0.0,22903.614822
2025-09,BITUMEN,STRATHCONA RESOURCES LTD.,0.0,63563.062485999995
2025-09,BITUMEN,SUNCOR ENERGY INC.,0.0,268246.719488
2025-09,BITUMEN,SURGE ENERGY INC.,0.0,9.812087999999997
2025-09,BITUMEN,TAMARACK VALLEY ENERGY LTD.,0.0,15711.18659
2025-09,BITUMEN,WEST LAKE ENERGY CORP.,0.0,33.75525999999999
2025-09,BITUMEN,WESTGATE ENERGY OPERATIONS LTD.,0.0,462.153538
2025-09,BITUMEN,WINDTALKER ENERGY CORP.,0.0,102.62857
2025-09,COND,ARC RESOURCES LTD.,0.0,64134.742408
2025-09,COND,ARCHER EXPLORATION CORP.,0.0,0.062898
2025-09,COND,ASTARA ENERGY CORP.,0.0,0.041932
2025-09,COND,ATHABASCA OIL CORPORATION,0.0,325.24555799999996
2025-09,COND,BACCALIEU ENERGY INC.,0.0,7.946114
2025-09,COND,BARREL OIL CORP.,0.0,11.678061999999999
2025-09,COND,BATTLE RIVER ENERGY LTD.,0.0,0.880572
2025-09,COND,BAYTEX ENERGY LTD.,0.0,1.4466539999999999
2025-09,COND,BEARSPAW PETROLEUM LTD.,0.0,5.262466
2025-09,COND,BIRCHCLIFF ENERGY LTD.,0.0,779.6836079999999
2025-09,COND,BITSTONE RESOURCES INC.,0.0,5.828548
2025-09,COND,BORNITE ENERGY LTD.,0.0,0.083864
2025-09,COND,BTG ENERGY CORP.,0.0,43.08513
2025-09,COND,CANADIAN NATURAL RESOURCES LIMITED,0.0,928.5631739999999
2025-09,COND,CANLIN RESOURCES PARTNERSHIP,0.0,44.049566
2025-09,COND,CANSTONE ENERGY LTD.,0.0,0.796708
2025-09,COND,CARDINAL ENERGY LTD.,0.0,0.5451159999999999
2025-09,COND,CENOVUS ENERGY INC.,0.0,100.909358
2025-09,COND,CLEARVIEW RESOURCES LTD.,0.0,5.262466
2025-09,COND,CORSE ENERGY CORP.,0.0,2.3272259999999996
2025-09,COND,CYGNET ENERGY LTD.,0.0,1061.173124
2025-09,COND,DEL CANADA GP LTD.,0.0,3.1239339999999998
2025-09,COND,EMBER RESOURCES INC.,0.0,9.308904
2025-09,COND,ENTRADA RESOURCES INC.,0.0,0.6080139999999999
2025-09,COND,FIDDLEHEAD RESOURCES CORP.,0.0,0.8596059999999999
2025-09,COND,GRAN TIERRA CANADA LTD.,0.0,89.399024
2025-09,COND,GRYPHON PETROLEUM CORP.,0.0,10.042713999999998
2025-09,COND,HARVEST OPERATIONS CORP.,0.0,36.459874
2025-09,COND,HIGHWOOD ASSET MANAGEMENT LTD.,0.0,7.589691999999999
2025-09,COND,HWN ENERGY LTD.,0.0,77.490336
2025-09,COND,INPLAY OIL CORP.,0.0,8.742822
2025-09,COND,INSIGNIA ENERGY LTD.,0.0,730.916692
2025-09,COND,ISH ENERGY LTD.,0.0,1.6353479999999998
2025-09,COND,JOURNEY ENERGY INC.,0.0,33.629464
2025-09,COND,KARVE ENERGY INC.,0.0,1.25796
2025-09,COND,KELT EXPLORATION LTD.,0.0,246.706922
2025-09,COND,KIWETINOHK ENERGY CORP.,0.0,39.080624
2025-09,COND,LOGAN ENERGY CORP.,0.0,3.8996759999999995
2025-09,COND,LONG RUN EXPLORATION LTD.,0.0,2.7465459999999995
2025-09,COND,LONG TERM ASSET MANAGEMENT INC.,0.0,0.691878
2025-09,COND,LOYAL ENERGY (CANADA) OPERATING LTD.,0.0,321.282984
2025-09,COND,LYNX ENERGY ULC,0.0,68.307228
2025-09,COND,MANCAL ENERGY INC.,0.0,46.54452
2025-09,COND,MURPHY OIL COMPANY LTD.,0.0,2729.56354
2025-09,COND,NEW NORTH RESOURCES LTD.,0.0,6.038207999999999
2025-09,COND,NEW TIMES ENERGY CANADA GP 2 LTD.,0.0,5.073772
2025-09,COND,NEW TIMES ENERGY CANADA GP 3 LTD.,0.0,16.269616
2025-09,COND,NORTH 40 RESOURCES LTD.,0.0,3.061036
2025-09,COND,NOVUS ENERGY INC.,0.0,0.10482999999999999
2025-09,COND,NUVISTA ENERGY LTD.,0.0,14.948758
2025-09,COND,OBSIDIAN ENERGY LTD.,0.0,22.223959999999998
2025-09,COND,ORLEN UPSTREAM CANADA LTD.,0.0,135.41939399999998
2025-09,COND,OUTLIER RESOURCES LTD.,0.0,23.712546
2025-09,COND,OVINTIV CANADA ULC,0.0,30.107176
2025-09,COND,PARAMOUNT RESOURCES LTD.,0.0,5922.559544
2025-09,COND,PERSIST OIL AND GAS INC.,0.0,2.83041
2025-09,COND,PETROCHINA DUVERNAY GAS PARTNERSHIP,0.0,95.62592599999999
2025-09,COND,PETRUS RESOURCES CORP.,0.0,733.2648839999999
2025-09,COND,PEYTO EXPLORATION & DEVELOPMENT CORP.,0.0,160.13830799999997
2025-09,COND,PINE CLIFF ENERGY LTD.,0.0,100.00782
2025-09,COND,PRAIRIE PROVIDENT RESOURCES CANADA LTD.,0.0,2.93524
2025-09,COND,PRAIRIE THUNDER RESOURCES LTD.,0.0,6.646222
2025-09,COND,RELENTLESS RESOURCES LTD.,0.0,1.509552
2025-09,COND,RESOURCEFUL PETROLEUM CANADA LIMITED,0.0,25.955908
2025-09,COND,SATURN OIL & GAS INC.,0.0,3.66905
2025-09,COND,SIGNALTA RESOURCES LIMITED,0.0,11.258742
2025-09,COND,SILVERLEAF RESOURCES INC.,0.0,0.14676199999999998
2025-09,COND,SINOPEC CANADA ENERGY LTD.,0.0,81.180352
2025-09,COND,SOGAR RESOURCES LTD.,0.0,1.5514839999999999
2025-09,COND,SPARK INFRASTRUCTURE CORP.,0.0,0.9434699999999999
2025-09,COND,SPARTAN DELTA CORP.,0.0,140.49316599999997
2025-09,COND,SPOKE RESOURCES LTD.,0.0,0.9434699999999999
2025-09,COND,SUCCESS RESOURCES LTD.,0.0,0.041932
2025-09,COND,SUN CENTURY PETROLEUM CORPORATION,0.0,0.691878
2025-09,COND,SURGE ENERGY INC.,0.0,1.5305179999999998
2025-09,COND,TAMARACK VALLEY ENERGY LTD.,0.0,0.796708
2025-09,COND,TAQA NORTH LTD.,0.0,318.05422
2025-09,COND,TEINE ENERGY LTD.,0.0,80.698134
2025-09,COND,TENAZ ENERGY CORP.,0.0,27.339664000000003
2025-09,COND,TOURMALINE OIL CORP.,0.0,287.401928
2025-09,COND,VANTAGE POINT RESOURCES INC.,0.0,2.3481919999999996
2025-09,COND,VERMILION ENERGY INC.,0.0,503.58235399999995
2025-09,COND,WEST 5 RESOURCES INC.,0.0,0.230626
2025-09,COND,WHITECAP PARTNERSHIP,0.0,1280.372654
2025-09,COND,WHITECAP RESOURCES INC.,0.0,8232.09024
2025-09,COND,YANGARRA RESOURCES CORP.,0.0,74.051912
2025-09,CRUDE_OIL,1288131 ALBERTA LTD.,0.0,3.0610359999999996
2025-09,CRUDE_OIL,1506928 ALBERTA LTD.,0.0,0.062898
2025-09,CRUDE_OIL,1852797 ALBERTA ULC,0.0,204.900718
2025-09,CRUDE_OIL,2155192 ALBERTA LTD.,0.0,18.65974
2025-09,CRUDE_OIL,2363750 ALBERTA LTD.,0.0,49.06044
2025-09,CRUDE_OIL,840586 ALBERTA LTD.,0.0,40.380516
2025-09,CRUDE_OIL,935821 ALBERTA LTD.,0.0,7.359065999999999
2025-09,CRUDE_OIL,97837 RESOURCES LTD.,0.0,5.493091999999999
2025-09,CRUDE_OIL,979968 ALBERTA LTD.,0.0,4.360928
2025-09,CRUDE_OIL,ACQUISITION OIL CORP.,0.0,979.342826
2025-09,CRUDE_OIL,ADANAC OIL & GAS LIMITED,0.0,17.045357999999997
2025-09,CRUDE_OIL,ADVANTAGE ENERGY LTD.,0.0,6585.483498
2025-09,CRUDE_OIL,AENEID EXPLORATION INC.,0.0,94.30506799999999
2025-09,CRUDE_OIL,AERADEN ENERGY CORP.,0.0,30.505529999999997
2025-09,CRUDE_OIL,ALBERTA PETROLEUM ENERGY LIMITED,0.0,15.368077999999997
2025-09,CRUDE_OIL,ALCHEMY ENERGY LTD,0.0,115.543626
2025-09,CRUDE_OIL,ALEXANDER OILFIELD SERVICES LTD.,0.0,23.565784
2025-09,CRUDE_OIL,ALLIED ENERGY II CORP.,0.0,2321.1458599999996
2025-09,CRUDE_OIL,ALSACE ENERGY CORP.,0.0,29.394332
2025-09,CRUDE_OIL,ALTAIR ENERGY LTD.,0.0,156.02897199999998
2025-09,CRUDE_OIL,ALTIMA RESOURCES LTD.,0.0,168.273116
2025-09,CRUDE_OIL,APAR ENERGY INC.,0.0,35.01322
2025-09,CRUDE_OIL,ARAL RESOURCES LTD.,0.0,33.503668
2025-09,CRUDE_OIL,ARC RESOURCES LTD.,0.0,7228.9090719999995
2025-09,CRUDE_OIL,ARCHER EXPLORATION CORP.,0.0,8055.388792
2025-09,CRUDE_OIL,ARTIS EXPLORATION LTD.,0.0,9064.943624
2025-09,CRUDE_OIL,ASCENSUN OIL AND GAS LTD.,0.0,78.790228
2025-09,CRUDE_OIL,ASPENLEAF ENERGY LIMITED,0.0,16236.783243999998
2025-09,CRUDE_OIL,ASTARA ENERGY CORP.,0.0,4925.43755
2025-09,CRUDE_OIL,ATCO NEXT ENERGY LTD.,0.0,21.406285999999998
2025-09,CRUDE_OIL,ATHABASCA OIL CORPORATION,0.0,57.34200999999999
2025-09,CRUDE_OIL,AVILA ENERGY CORPORATION,0.0,8.763788
2025-09,CRUDE_OIL,AXIOM OIL AND GAS INC.,0.0,789.0973419999999
2025-09,CRUDE_OIL,B-32 EXPLORATION LTD.,0.0,153.24049399999998
2025-09,CRUDE_OIL,BACCALIEU ENERGY INC.,0.0,1895.892482
2025-09,CRUDE_OIL,BAND ENERGY RESOURCES LTD.,0.0,2.8304099999999996
2025-09,CRUDE_OIL,BARCOMP PETROLEUM LTD.,0.0,93.00517599999999
2025-09,CRUDE_OIL,"BARNWELL OF CANADA, LIMITED",0.0,430.998062
2025-09,CRUDE_OIL,BARREL OIL CORP.,0.0,966.1761779999999
2025-09,CRUDE_OIL,BATTLE RIVER ENERGY LTD.,0.0,1109.1223659999998
2025-09,CRUDE_OIL,BAY OIL AND GAS LTD.,0.0,93.96961200000001
2025-09,CRUDE_OIL,BAYTEX ENERGY LTD.,0.0,7683.976102
2025-09,CRUDE_OIL,BDJ ENERGY INC.,0.0,35.684132000000005
2025-09,CRUDE_OIL,BEARSPAW PETROLEUM LTD.,0.0,624.9335619999999
2025-09,CRUDE_OIL,BENCH CREEK RESOURCES LTD.,0.0,60.969128
2025-09,CRUDE_OIL,BIGHORN ENERGY CORPORATION,0.0,137.474062
2025-09,CRUDE_OIL,BIRCHCLIFF ENERGY LTD.,0.0,1407.279852
2025-09,CRUDE_OIL,BITSTONE RESOURCES INC.,0.0,71.787584
2025-09,CRUDE_OIL,BLUE SKY RESOURCES LTD.,0.0,761.925406
2025-09,CRUDE_OIL,BLUE STAR ENERGY INC.,0.0,14.760064
2025-09,CRUDE_OIL,BONTERRA ENERGY CORP.,0.0,5284.983483999999
2025-09,CRUDE_OIL,BORNITE ENERGY LTD.,0.0,7.841284
2025-09,CRUDE_OIL,BORRADAILE OIL LTD.,0.0,6.080139999999999
2025-09,CRUDE_OIL,BOUNTY DEVELOPMENTS LTD.,0.0,35.201913999999995
2025-09,CRUDE_OIL,"BRIGHTSPOT INTERNATIONAL ENERGY (CANADA) CO., LTD.",0.0,31.386102
2025-09,CRUDE_OIL,BROTHERIN ENERGY LTD.,0.0,142.44300399999997
2025-09,CRUDE_OIL,BRW PETROLEUM CORP.,0.0,330.675752
2025-09,CRUDE_OIL,BTG ENERGY CORP.,0.0,1602.871666
2025-09,CRUDE_OIL,C GROUP ENERGY INC.,0.0,141.79305799999997
2025-09,CRUDE_OIL,CABOT ENERGY INC.,0.0,230.05991799999998
2025-09,CRUDE_OIL,CALEDONIAN MIDSTREAM CORPORATION,0.0,310.883848
2025-09,CRUDE_OIL,CALTEX TRILOGY INC.,0.0,38.346813999999995
2025-09,CRUDE_OIL,CANADIAN NATURAL RESOURCES LIMITED,0.0,66379.152708
2025-09,CRUDE_OIL,CANEX RESOURCES LTD.,0.0,0.503184
2025-09,CRUDE_OIL,CANLIN RESOURCES PARTNERSHIP,0.0,752.3649099999999
2025-09,CRUDE_OIL,CANUCK NORTH RESOURCES LTD.,0.0,19.100026
2025-09,CRUDE_OIL,CAPITAN INVESTMENT LTD.,0.0,5.723718
2025-09,CRUDE_OIL,CARDINAL ENERGY LTD.,0.0,14178.446193999998
2025-09,CRUDE_OIL,CENOVUS ENERGY INC.,0.0,12357.444264
2025-09,CRUDE_OIL,CENTENNIAL PETROLEUM COMPANY LTD.,0.0,0.6918779999999999
2025-09,CRUDE_OIL,CLAMPETT ENERGY LTD.,0.0,19.9177
2025-09,CRUDE_OIL,CLEAR NORTH ENERGY CORP.,0.0,200.22529999999998
2025-09,CRUDE_OIL,CLEARVIEW RESOURCES LTD.,0.0,331.36762999999996
2025-09,CRUDE_OIL,COASTAL RESOURCES LIMITED,0.0,108.876438
2025-09,CRUDE_OIL,COBALT ENERGY INC.,0.0,340.005622
2025-09,CRUDE_OIL,CONCOURSE PETROLEUM INC.,0.0,136.656388
2025-09,CRUDE_OIL,CONIFER ENERGY INC.,0.0,5732.880142
2025-09,CRUDE_OIL,COURSER ENERGY LTD.,0.0,93.92768
2025-09,CRUDE_OIL,COVEE ENERGY CORPORATION,0.0,50.989312
2025-09,CRUDE_OIL,CREST JINN PETROLEUM CORPORATION,0.0,7.170372
2025-09,CRUDE_OIL,CRIMSON OIL & GAS LTD.,0.0,5.157635999999999
2025-09,CRUDE_OIL,CROVERRO ENERGY LTD.,0.0,285.55692
2025-09,CRUDE_OIL,CYGNET ENERGY LTD.,0.0,1171.013998
2025-09,CRUDE_OIL,DARK ENERGY LTD.,0.0,66.000968
2025-09,CRUDE_OIL,DARK WARRIOR RESOURCES LTD.,0.0,125.06218999999999
2025-09,CRUDE_OIL,DCP OIL CORP.,0.0,4.71735
2025-09,CRUDE_OIL,DECCAN ENERGY LTD.,0.0,27.947678
2025-09,CRUDE_OIL,DECIMUS OIL CORP.,0.0,65.09943
2025-09,CRUDE_OIL,DECKLAND INC.,0.0,29.310467999999997
2025-09,CRUDE_OIL,DEL CANADA GP LTD.,0.0,448.98688999999996
2025-09,CRUDE_OIL,DELTAWEST ENERGY LTD.,0.0,145.27341399999997
2025-09,CRUDE_OIL,DERRICK PETROLEUM LTD.,0.0,7.65259
2025-09,CRUDE_OIL,DIRE RESOURCES LTD.,0.0,11.070047999999998
2025-09,CRUDE_OIL,DOAG ENERGY LTD.,0.0,74.4293
2025-09,CRUDE_OIL,DURHAM CREEK ENERGY LTD.,0.0,38.89193
2025-09,CRUDE_OIL,DWL RESOURCES LTD.,0.0,91.579488
2025-09,CRUDE_OIL,EAGLE ENERGY INC.,0.0,1001.02167
2025-09,CRUDE_OIL,ECLIPSE RESOURCES LTD.,0.0,621.6838319999999
2025-09,CRUDE_OIL,ECOCHAIN ENERGY LTD.,0.0,48.85078
2025-09,CRUDE_OIL,EDALIS ENERGY INC.,0.0,19.729006
2025-09,CRUDE_OIL,EMBER RESOURCES INC.,0.0,133.155066
2025-09,CRUDE_OIL,ENDRUM ENERGY CORP.,0.0,34.950322
2025-09,CRUDE_OIL,ENER T CORPORATION,0.0,84.09462599999999
2025-09,CRUDE_OIL,ENERCAPITA ENERGY LTD.,0.0,2889.32446
2025-09,CRUDE_OIL,ENHANCE ENERGY INC.,0.0,2289.80169
2025-09,CRUDE_OIL,ENTRADA RESOURCES INC.,0.0,865.3716499999999
2025-09,CRUDE_OIL,EP RESOURCES CORPORATION,0.0,466.34673799999996
2025-09,CRUDE_OIL,ERDOL RESOURCES CORP.,0.0,165.69429799999997
2025-09,CRUDE_OIL,EXECUTIVE ADVENTURES 2008 INC.,0.0,45.559118
2025-09,CRUDE_OIL,FALLON ENERGY INC.,0.0,5.493092
2025-09,CRUDE_OIL,FIDDLEHEAD RESOURCES CORP.,0.0,19.791904
2025-09,CRUDE_OIL,FIRE CREEK RESOURCES LTD.,0.0,192.174356
2025-09,CRUDE_OIL,FIVE POINT ENERGY INC.,0.0,24.907607999999996
2025-09,CRUDE_OIL,FLYWHEEL RESOURCES CORP.,0.0,139.52873
2025-09,CRUDE_OIL,FORT CALGARY RESOURCES LTD.,0.0,58.306445999999994
2025-09,CRUDE_OIL,G. HERMAN GROUP INC.,0.0,6.960711999999999
2025-09,CRUDE_OIL,GLOBAL CANUCK ENERGY LTD.,0.0,5.2415
2025-09,CRUDE_OIL,GMT EXPLORATION ZAMA INC.,0.0,630.279892
2025-09,CRUDE_OIL,GOLDEN SPIKE ENERGY INC.,0.0,6.457528
2025-09,CRUDE_OIL,GOOSE CREEK RESOURCES LTD.,0.0,142.002718
2025-09,CRUDE_OIL,GRAN TIERRA CANADA LTD.,0.0,2710.0651599999997
2025-09,CRUDE_OIL,GRASSLAND ENERGY CORP.,0.0,1375.537328
2025-09,CRUDE_OIL,GREEN DAWG ENERGY INC.,0.0,4.004506
2025-09,CRUDE_OIL,GRIZZLY RESOURCES LTD.,0.0,1736.8024739999998
2025-09,CRUDE_OIL,GRYPHON PETROLEUM CORP.,0.0,137.53696
2025-09,CRUDE_OIL,GUNNARR RESOURCES INC.,0.0,22.643279999999997
2025-09,CRUDE_OIL,HALO EXPLORATION LTD.,0.0,214.39831599999997
2025-09,CRUDE_OIL,HARD ROCK RESOURCES LTD.,0.0,40.317617999999996
2025-09,CRUDE_OIL,HARVARD RESOURCES INC.,0.0,77.63709800000001
2025-09,CRUDE_OIL,HARVEST ENERGY CORPORATION,0.0,5.954344
2025-09,CRUDE_OIL,HARVEST OPERATIONS CORP.,0.0,1064.3809219999998
2025-09,CRUDE_OIL,HBC ENERGY LTD.,0.0,4.339962
2025-09,CRUDE_OIL,HEADWATER EXPLORATION INC.,0.0,325.560048
2025-09,CRUDE_OIL,HEMISPHERE ENERGY CORPORATION,0.0,3714.5462199999997
2025-09,CRUDE_OIL,HESC ENERGY CORPORATION,0.0,110.74241199999999
2025-09,CRUDE_OIL,HIGHVALE ENERGY LIMITED,0.0,393.825344
2025-09,CRUDE_OIL,HIGHWOOD ASSET MANAGEMENT LTD.,0.0,2466.943424
2025-09,CRUDE_OIL,HITIC ENERGY LTD.,0.0,2269.5695
2025-09,CRUDE_OIL,HWN ENERGY LTD.,0.0,9418.891636
2025-09,CRUDE_OIL,HYDRO VAULT ENERGY LTD.,0.0,52.121476
2025-09,CRUDE_OIL,IHH ENERGY CORP.,0.0,4.151268
2025-09,CRUDE_OIL,INNES OILFIELD SERVICES LTD.,0.0,0.377388
2025-09,CRUDE_OIL,INPLAY OIL CORP.,0.0,8749.908507999999
2025-09,CRUDE_OIL,INSCH COMMODITY LTD.,0.0,13.774662
2025-09,CRUDE_OIL,INSIGNIA ENERGY LTD.,0.0,694.624546
2025-09,CRUDE_OIL,INTEGRITY OIL OPERATIONS LTD.,0.0,5.828548
2025-09,CRUDE_OIL,IPC CANADA LTD.,0.0,11568.954936
2025-09,CRUDE_OIL,ISH ENERGY LTD.,0.0,892.0613679999999
2025-09,CRUDE_OIL,JAST ENERGY LTD.,0.0,30.61036
2025-09,CRUDE_OIL,JOLI FOU PETROLEUMS LTD.,0.0,67.028302
2025-09,CRUDE_OIL,JOURNEY ENERGY INC.,0.0,4738.986911999999
2025-09,CRUDE_OIL,JP ENERGY CORP.,0.0,17.779167999999995
2025-09,CRUDE_OIL,JX ENERGY LTD.,0.0,29.729788
2025-09,CRUDE_OIL,KADEN ENERGY LTD.,0.0,235.301418
2025-09,CRUDE_OIL,KARVE ENERGY INC.,0.0,4752.635778
2025-09,CRUDE_OIL,KELT EXPLORATION LTD.,0.0,6445.15806
2025-09,CRUDE_OIL,KEYERA ENERGY LTD.,0.0,1.46762
2025-09,CRUDE_OIL,KINMERC OIL & GAS INC.,0.0,272.914422
2025-09,CRUDE_OIL,KIWETINOHK ENERGY CORP.,0.0,21.049864
2025-09,CRUDE_OIL,KOHO ENERGY CORP.,0.0,2.3481919999999996
2025-09,CRUDE_OIL,LEDGEND ROYALTY TRUST LTD.,0.0,13.523069999999999
2025-09,CRUDE_OIL,LOGAN ENERGY CORP.,0.0,4841.133263999999
2025-09,CRUDE_OIL,LOGIC ENERGY LTD.,0.0,136.656388
2025-09,CRUDE_OIL,LONE TREE RESOURCES INC.,0.0,3.9206419999999995
2025-09,CRUDE_OIL,LONG RUN EXPLORATION LTD.,0.0,1126.733806
2025-09,CRUDE_OIL,LONG TERM ASSET MANAGEMENT INC.,0.0,18.806502
2025-09,CRUDE_OIL,LONGRIDGE ENERGY LTD.,0.0,128.437716
2025-09,CRUDE_OIL,LONGSHORE RESOURCES LTD.,0.0,2697.129138
2025-09,CRUDE_OIL,LOTUS CREEK EXPLORATION INC.,0.0,527.127172
2025-09,CRUDE_OIL,LOYAL ENERGY (CANADA) OPERATING LTD.,0.0,922.7765579999999
2025-09,CRUDE_OIL,LYCOS ENERGY INC.,0.0,1802.1325299999999
2025-09,CRUDE_OIL,LYNX ENERGY ULC,0.0,1219.5293219999999
2025-09,CRUDE_OIL,MAGA ENERGY LTD.,0.0,123.468774
2025-09,CRUDE_OIL,MANCAL ENERGY INC.,0.0,2230.99206
2025-09,CRUDE_OIL,MARLIN RESOURCES LTD.,0.0,229.242244
2025-09,CRUDE_OIL,MATO INC.,0.0,3.1658660000000003
2025-09,CRUDE_OIL,MCLAND RESOURCES LTD.,0.0,25.054369999999995
2025-09,CRUDE_OIL,MORNING STAR PETROLEUM INCORPORATED,0.0,5.5559899999999995
2025-09,CRUDE_OIL,MUDDY PETROLEUM COMPANY LTD.,0.0,1.46762
2025-09,CRUDE_OIL,MURPHY OIL COMPANY LTD.,0.0,1982.6078579999999
2025-09,CRUDE_OIL,N7 ENERGY LTD.,0.0,267.25360199999994
2025-09,CRUDE_OIL,NEW NORTH RESOURCES LTD.,0.0,20.798271999999997
2025-09,CRUDE_OIL,NEW TIMES ENERGY CANADA GP 2 LTD.,0.0,28.010575999999997
2025-09,CRUDE_OIL,NEW WEST DATA CORP.,0.0,57.006553999999994
2025-09,CRUDE_OIL,NORTH 40 RESOURCES LTD.,0.0,3553.3596119999997
2025-09,CRUDE_OIL,NORTH FORK RESOURCES LTD.,0.0,196.78687599999998
2025-09,CRUDE_OIL,NORTHERN SMILODON ENERGY INC.,0.0,21.091796
2025-09,CRUDE_OIL,NORTHROCK RESOURCES PARTNERSHIP LTD.,0.0,3.794846
2025-09,CRUDE_OIL,NOVACOR EXPLORATION LTD.,0.0,35.621233999999994
2025-09,CRUDE_OIL,NOVUS ENERGY INC.,0.0,63.610844
2025-09,CRUDE_OIL,NUOVA STRADA VENTURES LTD.,0.0,111.68588199999999
2025-09,CRUDE_OIL,NVP EXPLORATION INC.,0.0,14.760064
2025-09,CRUDE_OIL,NVS ENGINEERING INC.,0.0,21.825605999999997
2025-09,CRUDE_OIL,OBSIDIAN ENERGY LTD.,0.0,3713.8333759999996
2025-09,CRUDE_OIL,OHANA RESOURCES INC.,0.0,156.36442799999998
2025-09,CRUDE_OIL,ORGA ENERGY LTD.,0.0,330.025806
2025-09,CRUDE_OIL,ORLEN UPSTREAM CANADA LTD.,0.0,1084.88567
2025-09,CRUDE_OIL,OUTLIER RESOURCES LTD.,0.0,230.73083
2025-09,CRUDE_OIL,OUTPOST ENERGY LTD.,0.0,19.477414000000003
2025-09,CRUDE_OIL,OVINTIV CANADA ULC,0.0,397.704054
2025-09,CRUDE_OIL,PARAGON ENERGY LTD.,0.0,21.259524
2025-09,CRUDE_OIL,PARALLAX ENERGY OPERATING INC.,0.0,14423.748393999998
2025-09,CRUDE_OIL,PARAMOUNT RESOURCES LTD.,0.0,1304.148098
2025-09,CRUDE_OIL,PENTACOR ENERGY CORP.,0.0,123.95099199999999
2025-09,CRUDE_OIL,PERSIST OIL AND GAS INC.,0.0,1243.241868
2025-09,CRUDE_OIL,PETRUS RESOURCES CORP.,0.0,727.583098
2025-09,CRUDE_OIL,PEYTO EXPLORATION & DEVELOPMENT CORP.,0.0,37.382378
2025-09,CRUDE_OIL,PINE CLIFF ENERGY LTD.,0.0,1123.588906
2025-09,CRUDE_OIL,PISMO ENERGY LTD.,0.0,1.9079059999999999
2025-09,CRUDE_OIL,PLATFORM ENERGY INC.,0.0,5.828548
2025-09,CRUDE_OIL,POINT BAR RESOURCES INC.,0.0,798.6159059999999
2025-09,CRUDE_OIL,POINTBREAK RESOURCES INC.,0.0,1191.2461879999998
2025-09,CRUDE_OIL,POKER CHIP EXPLORATION LTD.,0.0,16.458309999999997
2025-09,CRUDE_OIL,POTTS PETROLEUM INC.,0.0,242.87014399999998
2025-09,CRUDE_OIL,PRAIRIE PROVIDENT RESOURCES CANADA LTD.,0.0,1203.5951619999998
2025-09,CRUDE_OIL,PRAIRIE THUNDER RESOURCES LTD.,0.0,4377.008922
2025-09,CRUDE_OIL,PRIMROSE DRILLING VENTURES LTD.,0.0,12.495735999999999
2025-09,CRUDE_OIL,PRONGHORN RESOURCES LTD.,0.0,12.537668
2025-09,CRUDE_OIL,PROSPERA ENERGY INC.,0.0,59.103153999999996
2025-09,CRUDE_OIL,PULSE OIL OPERATING CORP.,0.0,82.060924
2025-09,CRUDE_OIL,QUESTERRE ENERGY CORPORATION,0.0,3.0610359999999996
2025-09,CRUDE_OIL,RAKE RESOURCES LTD,0.0,21.154694
2025-09,CRUDE_OIL,RALLY CANADA RESOURCES LTD.,0.0,278.763936
2025-09,CRUDE_OIL,RAMPART OIL INC.,0.0,511.65426399999996
2025-09,CRUDE_OIL,RANAHAN RESOURCES LIMITED,0.0,1277.35355
2025-09,CRUDE_OIL,RED ANGUS ENERGY INC.,0.0,60.214352
2025-09,CRUDE_OIL,RED JACK PETROLEUM LTD.,0.0,9.057312
2025-09,CRUDE_OIL,RELENTLESS RESOURCES LTD.,0.0,40.212787999999996
2025-09,CRUDE_OIL,RESONANCE ENERGY LTD.,0.0,32.958552
2025-09,CRUDE_OIL,RESOURCEFUL PETROLEUM CANADA LIMITED,0.0,32.623096
2025-09,CRUDE_OIL,RESPONSE ENERGY CORPORATION,0.0,715.2760559999999
2025-09,CRUDE_OIL,REVOLUTION OIL & GAS CORPORATION,0.0,396.970244
2025-09,CRUDE_OIL,REX ENERGY LTD.,0.0,28.849216
2025-09,CRUDE_OIL,RIBBON CREEK RESOURCES INC.,0.0,39.604774
2025-09,CRUDE_OIL,RICOCHET OIL CORP.,0.0,9832.592748
2025-09,CRUDE_OIL,RIDGELINE EXPLORATION INC.,0.0,47.236397999999994
2025-09,CRUDE_OIL,RIMFIRE ENERGY INC.,0.0,9.4347
2025-09,CRUDE_OIL,RISING TIDE ENERGY LTD.,0.0,40.548244
2025-09,CRUDE_OIL,ROCKEAST ENERGY CORP.,0.0,769.368336
2025-09,CRUDE_OIL,ROK RESOURCES INC.,0.0,141.373738
2025-09,CRUDE_OIL,RTD ENERGY INC.,0.0,12.139313999999999
2025-09,CRUDE_OIL,RUBELLITE ENERGY INC.,0.0,5417.257978
2025-09,CRUDE_OIL,RURALCO RESOURCES CORP.,0.0,9.833053999999999
2025-09,CRUDE_OIL,RUSH RESOURCES LTD.,0.0,24.593117999999997
2025-09,CRUDE_OIL,SAND HILLS DIV CORP LTD.,0.0,338.39124
2025-09,CRUDE_OIL,SANDPOINT RESOURCES INC.,0.0,25.599486000000002
2025-09,CRUDE_OIL,SATURN OIL & GAS INC.,0.0,3655.715624
2025-09,CRUDE_OIL,SHACKLETON EXPLORATION LTD.,0.0,548.0722059999999
2025-09,CRUDE_OIL,SHANPET RESOURCES LTD.,0.0,5.5559899999999995
2025-09,CRUDE_OIL,SHARPTAIL ENERGY INC.,0.0,627.575278
2025-09,CRUDE_OIL,SHELL CANADA ENERGY,0.0,0.7757419999999999
2025-09,CRUDE_OIL,SHOT POINT RESOURCES LTD.,0.0,42.98029999999999
2025-09,CRUDE_OIL,SIFTON PETROLEUM INC.,0.0,809.0779399999999
2025-09,CRUDE_OIL,SIGNALTA RESOURCES LIMITED,0.0,131.66647999999998
2025-09,CRUDE_OIL,SILVERLEAF RESOURCES INC.,0.0,102.146352
2025-09,CRUDE_OIL,SINOPEC CANADA ENERGY LTD.,0.0,1770.306142
2025-09,CRUDE_OIL,SOGAR RESOURCES LTD.,0.0,8.512196
2025-09,CRUDE_OIL,SPARK INFRASTRUCTURE CORP.,0.0,10.58783
2025-09,CRUDE_OIL,SPARTAN DELTA CORP.,0.0,5760.303669999999
2025-09,CRUDE_OIL,SPOKE RESOURCES LTD.,0.0,2018.1242619999998
2025-09,CRUDE_OIL,SPUR PETROLEUM LTD.,0.0,30533.813133999996
2025-09,CRUDE_OIL,STRATHCONA RESOURCES LTD.,0.0,3809.060948
2025-09,CRUDE_OIL,SUCCESS RESOURCES LTD.,0.0,26.459092
2025-09,CRUDE_OIL,SUEDE ENERGY LTD.,0.0,3917.60193
2025-09,CRUDE_OIL,SUMERIAN OIL & GAS INC.,0.0,83.255986
2025-09,CRUDE_OIL,SUN CENTURY PETROLEUM CORPORATION,0.0,50.56999199999999
2025-09,CRUDE_OIL,SUPREME ENERGY INC.,0.0,96.12911
2025-09,CRUDE_OIL,SURGE ENERGY INC.,0.0,13742.688849999999
2025-09,CRUDE_OIL,SUTTON ENERGY LTD.,0.0,3.4174580000000003
2025-09,CRUDE_OIL,TAGGART OIL CORP.,0.0,88.707146
2025-09,CRUDE_OIL,TAKU GAS LIMITED,0.0,41.156258
2025-09,CRUDE_OIL,TAMARACK VALLEY ENERGY LTD.,0.0,39688.470272
2025-09,CRUDE_OIL,TAQA NORTH LTD.,0.0,5548.819627999999
2025-09,CRUDE_OIL,TEINE ENERGY LTD.,0.0,11499.033325999999
2025-09,CRUDE_OIL,TENAZ ENERGY CORP.,0.0,1469.7794979999999
2025-09,CRUDE_OIL,TEXCAL ENERGY CANADA INC.,0.0,811.0487439999999
2025-09,CRUDE_OIL,THOROUGHBRED ENERGY LTD.,0.0,76.337206
2025-09,CRUDE_OIL,TIDEWATER MIDSTREAM AND INFRASTRUCTURE LTD.,0.0,107.366886
2025-09,CRUDE_OIL,TOP OIL PRODUCTION LTD.,0.0,321.17815399999995
2025-09,CRUDE_OIL,TOURMALINE OIL CORP.,0.0,12279.408812
2025-09,CRUDE_OIL,TOWER RIDGE ENTERPRISES CORP.,0.0,4.947976
2025-09,CRUDE_OIL,TRIPLE 555 OIL COMPANY LTD.,0.0,22.349755999999996
2025-09,CRUDE_OIL,TUKTU RESOURCES LTD.,0.0,208.90522399999998
2025-09,CRUDE_OIL,TYKEWEST LIMITED,0.0,104.64130599999999
2025-09,CRUDE_OIL,ULYSSES ENERGY CORP.,0.0,491.42207399999995
2025-09,CRUDE_OIL,UNIT 18 CORP.,0.0,192.027594
2025-09,CRUDE_OIL,"VAALCO ENERGY CANADA, INC.",0.0,415.48322199999996
2025-09,CRUDE_OIL,VANRENA RESOURCES LTD.,0.0,6.310765999999999
2025-09,CRUDE_OIL,VANTAGE POINT RESOURCES INC.,0.0,1013.1400179999999
2025-09,CRUDE_OIL,VERMILION ENERGY INC.,0.0,3088.417596
2025-09,CRUDE_OIL,VITAL ENERGY INC.,0.0,270.398502
2025-09,CRUDE_OIL,VULTURE ENERGY LTD.,0.0,24.383457999999997
2025-09,CRUDE_OIL,WASP ENTERPRIZES LTD.,0.0,55.098648
2025-09,CRUDE_OIL,WESCAN ENERGY CORP.,0.0,141.20601
2025-09,CRUDE_OIL,WEST 5 RESOURCES INC.,0.0,98.56116599999999
2025-09,CRUDE_OIL,WEST LAKE ENERGY CORP.,0.0,6441.1325879999995
2025-09,CRUDE_OIL,WESTGATE ENERGY OPERATIONS LTD.,0.0,89.98607200000001
2025-09,CRUDE_OIL,WHITE TUNDRA PETROLEUM LTD.,0.0,34.06975
2025-09,CRUDE_OIL,WHITECAP PARTNERSHIP,0.0,39721.533654
2025-09,CRUDE_OIL,WHITECAP RESOURCES INC.,0.0,15702.737292
2025-09,CRUDE_OIL,WHITEMUD CREEK RESOURCES LTD.,0.0,23.607715999999996
2025-09,CRUDE_OIL,WILCOX ENERGY CORP.,0.0,22.433619999999998
2025-09,CRUDE_OIL,WILDCAT RENTALS LTD.,0.0,18.8694
2025-09,CRUDE_OIL,WOLF LAKE EXPLORATION LTD.,0.0,284.38282399999997
2025-09,CRUDE_OIL,WOODCOTE INC.,0.0,672.5892799999999
2025-09,CRUDE_OIL,WOODSMAN ENERGY CORP.,0.0,279.078426
2025-09,CRUDE_OIL,XENOTIME ENERGY INC.,0.0,6.038208
2025-09,CRUDE_OIL,YANGARRA RESOURCES CORP.,0.0,1512.2146819999998
2025-09,CRUDE_OIL,ZNX ENERGY LTD.,0.0,14.697166
2025-09,CRUDE_OIL,ZYZYGY RESOURCES LTD.,0.0,54.993818
2025-09,GAS,1170778 ALBERTA LTD.,0.002354313333333334,0.0
2025-09,GAS,1288131 ALBERTA LTD.,0.02342541766666667,0.0
2025-09,GAS,1506928 ALBERTA LTD.,0.0021188820000000003,0.0
2025-09,GAS,1852797 ALBERTA ULC,0.009417253333333335,0.0
2025-09,GAS,2155192 ALBERTA LTD.,0.13101753700000002,0.0
2025-09,GAS,2363750 ALBERTA LTD.,0.15491381733333334,0.0
2025-09,GAS,840586 ALBERTA LTD.,0.24649660600000003,0.0
2025-09,GAS,935821 ALBERTA LTD.,0.00011771566666666669,0.0
2025-09,GAS,97837 RESOURCES LTD.,0.03543241566666667,0.0
2025-09,GAS,979968 ALBERTA LTD.,0.10665039400000001,0.0
2025-09,GAS,ACQUISITION OIL CORP.,0.4905211830000001,0.0
2025-09,GAS,ADANAC OIL & GAS LIMITED,0.05108859933333334,0.0
2025-09,GAS,ADVANTAGE ENERGY LTD.,305.0050592346667,0.0
2025-09,GAS,AENEID EXPLORATION INC.,0.03908160133333334,0.0
2025-09,GAS,AERADEN ENERGY CORP.,0.03660957233333334,0.0
2025-09,GAS,ALBERTA PETROLEUM ENERGY LIMITED,0.0063566460000000005,0.0
2025-09,GAS,ALCHEMY ENERGY LTD,0.3998801196666667,0.0
2025-09,GAS,ALEXANDER OILFIELD SERVICES LTD.,0.06933452766666667,0.0
2025-09,GAS,ALLIED ENERGY II CORP.,5.0288132800000005,0.0
2025-09,GAS,ALSACE ENERGY CORP.,0.002354313333333334,0.0
2025-09,GAS,ALTAGAS LTD.,6.274245033333334,0.0
2025-09,GAS,ALTAIR ENERGY LTD.,1.4227115473333334,0.0
2025-09,GAS,ALTIMA RESOURCES LTD.,0.06168300933333334,0.0
2025-09,GAS,APAR ENERGY INC.,0.009534969,0.0
2025-09,GAS,APL OIL & GAS (1998) LTD.,0.20270637800000002,0.0
2025-09,GAS,ARAL RESOURCES LTD.,0.034608406,0.0
2025-09,GAS,ARC RESOURCES LTD.,708.4931640846668,0.0
2025-09,GAS,ARCHER EXPLORATION CORP.,40.56293528266667,0.0
2025-09,GAS,ARROW EXPLORATION CORP.,0.8524968580000002,0.0
2025-09,GAS,ARTIS EXPLORATION LTD.,15.043709053,0.0
2025-09,GAS,ASCENSUN OIL AND GAS LTD.,0.05838697066666668,0.0
2025-09,GAS,ASPENLEAF ENERGY LIMITED,38.125985551333336,0.0
2025-09,GAS,ASTARA ENERGY CORP.,19.277117573333335,0.0
2025-09,GAS,ATCO NEXT ENERGY LTD.,8.354516294666666,0.0
2025-09,GAS,ATHABASCA OIL CORPORATION,5.742287935666668,0.0
2025-09,GAS,AVILA ENERGY CORPORATION,0.4399034463333334,0.0
2025-09,GAS,AXIOM OIL AND GAS INC.,4.308040253000001,0.0
2025-09,GAS,AYIK ENERGY CORP.,0.32136377000000005,0.0
2025-09,GAS,B-32 EXPLORATION LTD.,0.058857833333333345,0.0
2025-09,GAS,BACCALIEU ENERGY INC.,12.481392136666669,0.0
2025-09,GAS,BAND ENERGY RESOURCES LTD.,0.0005885783333333335,0.0
2025-09,GAS,BARCOMP PETROLEUM LTD.,0.0028251760000000004,0.0
2025-09,GAS,"BARNWELL OF CANADA, LIMITED",2.2656734363333335,0.0
2025-09,GAS,BARREL OIL CORP.,17.937513286666668,0.0
2025-09,GAS,BATTLE RIVER ENERGY LTD.,6.145110947000001,0.0
2025-09,GAS,BAY OIL AND GAS LTD.,0.28110501200000004,0.0
2025-09,GAS,BAYTEX ENERGY LTD.,76.49246420966668,0.0
2025-09,GAS,BDJ ENERGY INC.,0.043437081,0.0
2025-09,GAS,BEAR HILLS INDUSTRIES LTD.,0.10924013866666667,0.0
2025-09,GAS,BEARSPAW PETROLEUM LTD.,2.7943344953333336,0.0
2025-09,GAS,BENCH CREEK RESOURCES LTD.,0.4222460963333334,0.0
2025-09,GAS,BIGHORN ENERGY CORPORATION,5.114157138333334,0.0
2025-09,GAS,BIRCHCLIFF ENERGY LTD.,416.99338785533337,0.0
2025-09,GAS,BITSTONE RESOURCES INC.,0.4557950613333334,0.0
2025-09,GAS,BLUE SKY RESOURCES LTD.,1.568090395666667,0.0
2025-09,GAS,BLUE STAR ENERGY INC.,0.06521447933333334,0.0
2025-09,GAS,BONTERRA ENERGY CORP.,43.730899304000005,0.0
2025-09,GAS,BORNITE ENERGY LTD.,2.7332400643333337,0.0
2025-09,GAS,BORRADAILE OIL LTD.,0.014008164333333337,0.0
2025-09,GAS,BOUNTY DEVELOPMENTS LTD.,0.0037669013333333336,0.0
2025-09,GAS,"BRIGHTSPOT INTERNATIONAL ENERGY (CANADA) CO., LTD.",0.01600933066666667,0.0
2025-09,GAS,BROTHERIN ENERGY LTD.,0.6057648206666668,0.0
2025-09,GAS,BRW PETROLEUM CORP.,0.1321946936666667,0.0
2025-09,GAS,BTG ENERGY CORP.,27.62680752566667,0.0
2025-09,GAS,C GROUP ENERGY INC.,0.2557961436666667,0.0
2025-09,GAS,CABOT ENERGY INC.,0.4287204580000001,0.0
2025-09,GAS,CALEDONIAN MIDSTREAM CORPORATION,22.410590904333336,0.0
2025-09,GAS,CALTEX TRILOGY INC.,5.674483711666667,0.0
2025-09,GAS,CANADIAN NATURAL RESOURCES LIMITED,2072.670007589667,0.0
2025-09,GAS,CANLIN RESOURCES PARTNERSHIP,187.51587751066668,0.0
2025-09,GAS,CANSTONE ENERGY LTD.,2.2850965213333336,0.0
2025-09,GAS,CANUCK NORTH RESOURCES LTD.,0.04284850266666667,0.0
2025-09,GAS,CAPITAN INVESTMENT LTD.,0.00011771566666666669,0.0
2025-09,GAS,CARDINAL ENERGY LTD.,20.969162566,0.0
2025-09,GAS,CAVVY PRODUCTION LTD.,163.40829755566668,0.0
2025-09,GAS,CENOVUS ENERGY INC.,788.9358129206668,0.0
2025-09,GAS,CENTENNIAL PETROLEUM COMPANY LTD.,0.055797226000000005,0.0
2025-09,GAS,CHECK ENERGY LTD.,0.010594410000000002,0.0
2025-09,GAS,CLAMPETT ENERGY LTD.,0.029075769666666668,0.0
2025-09,GAS,CLEAR NORTH ENERGY CORP.,1.4248304293333336,0.0
2025-09,GAS,CLEARVIEW RESOURCES LTD.,3.4897986540000003,0.0
2025-09,GAS,CNOOC PETROLEUM NORTH AMERICA ULC,3.795741671666667,0.0
2025-09,GAS,COASTAL RESOURCES LIMITED,0.16044645366666668,0.0
2025-09,GAS,COBALT ENERGY INC.,0.27286491533333335,0.0
2025-09,GAS,CONCOURSE PETROLEUM INC.,0.32207006400000004,0.0
2025-09,GAS,CONIFER ENERGY INC.,11.127544254333335,0.0
2025-09,GAS,CONNACHER OIL AND GAS LIMITED,7.0524633056666675,0.0
2025-09,GAS,CONOCOPHILLIPS CANADA RESOURCES CORP.,8.319554741666668,0.0
2025-09,GAS,CONVEGA ENERGY LTD.,0.07639746766666668,0.0
2025-09,GAS,CORSE ENERGY CORP.,1.1205354310000002,0.0
2025-09,GAS,COURSER ENERGY LTD.,0.1943485656666667,0.0
2025-09,GAS,COVEE ENERGY CORPORATION,0.756440874,0.0
2025-09,GAS,CREST JINN PETROLEUM CORPORATION,0.0009417253333333335,0.0
2025-09,GAS,CRIMSON OIL & GAS LTD.,0.00023543133333333338,0.0
2025-09,GAS,CROVERRO ENERGY LTD.,0.11983454866666668,0.0
2025-09,GAS,CYGNET ENERGY LTD.,26.701444670000004,0.0
2025-09,GAS,DARK ENERGY LTD.,0.028487191333333335,0.0
2025-09,GAS,DARK WARRIOR RESOURCES LTD.,0.14584971100000002,0.0
2025-09,GAS,DAVIES LIVESTOCK CO. LTD.,0.0020011663333333336,0.0
2025-09,GAS,DCP OIL CORP.,0.016244762000000003,0.0
2025-09,GAS,DECCAN ENERGY LTD.,0.02060024166666667,0.0
2025-09,GAS,DECIMUS OIL CORP.,0.09970516966666668,0.0
2025-09,GAS,DECKLAND INC.,0.16056416933333334,0.0
2025-09,GAS,DEERGARDEN RESOURCES LTD.,0.035196984333333334,0.0
2025-09,GAS,DEL CANADA GP LTD.,2.857547808333334,0.0
2025-09,GAS,DELTAWEST ENERGY LTD.,0.08581472100000001,0.0
2025-09,GAS,DERRICK PETROLEUM LTD.,0.023425417666666667,0.0
2025-09,GAS,DIRE RESOURCES LTD.,0.006003499,0.0
2025-09,GAS,DOAG ENERGY LTD.,0.21848027733333336,0.0
2025-09,GAS,DURHAM CREEK ENERGY LTD.,0.058975549,0.0
2025-09,GAS,DWL RESOURCES LTD.,0.16303619833333335,0.0
2025-09,GAS,EAGLE ENERGY INC.,0.5233638540000001,0.0
2025-09,GAS,ECLIPSE RESOURCES LTD.,0.41247569600000006,0.0
2025-09,GAS,ECOCHAIN ENERGY LTD.,0.022601408000000003,0.0
2025-09,GAS,EDALIS ENERGY INC.,0.04108276766666667,0.0
2025-09,GAS,EMBER RESOURCES INC.,172.18199933933334,0.0
2025-09,GAS,ENDRUM ENERGY CORP.,3.5335888820000005,0.0
2025-09,GAS,ENER T CORPORATION,0.27557237566666665,0.0
2025-09,GAS,ENERCAPITA ENERGY LTD.,10.091057809333334,0.0
2025-09,GAS,ENHANCE ENERGY INC.,20.065341677333336,0.0
2025-09,GAS,ENTRADA RESOURCES INC.,11.163918395333335,0.0
2025-09,GAS,EP RESOURCES CORPORATION,0.21388936633333336,0.0
2025-09,GAS,ERDOL RESOURCES CORP.,0.532545676,0.0
2025-09,GAS,EVERGO RESOURCES LIMITED,0.043083934000000004,0.0
2025-09,GAS,EXECUTIVE ADVENTURES 2008 INC.,0.07274828200000001,0.0
2025-09,GAS,FABIAN SEED FARMS INC.,0.001177156666666667,0.0
2025-09,GAS,FALLON ENERGY INC.,0.03437297466666667,0.0
2025-09,GAS,FIDDLEHEAD RESOURCES CORP.,2.730650319666667,0.0
2025-09,GAS,FIRE CREEK RESOURCES LTD.,0.102059483,0.0
2025-09,GAS,FIVE POINT ENERGY INC.,0.2763963853333334,0.0
2025-09,GAS,FLYWHEEL RESOURCES CORP.,0.4028230113333334,0.0
2025-09,GAS,FORT CALGARY RESOURCES LTD.,0.09534969,0.0
2025-09,GAS,G. HERMAN GROUP INC.,0.10100004200000001,0.0
2025-09,GAS,G2B DEVELOPMENT CORPORATION,1.3165320160000002,0.0
2025-09,GAS,GEX RESOURCES LTD.,0.46638947133333336,0.0
2025-09,GAS,GLOBAL CANUCK ENERGY LTD.,0.00011771566666666669,0.0
2025-09,GAS,GMT EXPLORATION ZAMA INC.,0.7298371333333334,0.0
2025-09,GAS,GOLDEN SPIKE ENERGY INC.,0.007886949666666667,0.0
2025-09,GAS,GOOSE CREEK RESOURCES LTD.,1.318650898,0.0
2025-09,GAS,GRAN TIERRA CANADA LTD.,53.897295140000004,0.0
2025-09,GAS,GRASSLAND ENERGY CORP.,4.30486193,0.0
2025-09,GAS,GREEN DAWG ENERGY INC.,0.00035314700000000005,0.0
2025-09,GAS,GREENFIRE RESOURCES OPERATING CORPORATION,3.311223987666667,0.0
2025-09,GAS,GRIZZLY RESOURCES LTD.,0.08675644633333335,0.0
2025-09,GAS,GRYPHON PETROLEUM CORP.,0.5245410106666667,0.0
2025-09,GAS,GUNNARR RESOURCES INC.,0.04732169800000001,0.0
2025-09,GAS,HALO EXPLORATION LTD.,1.291223147666667,0.0
2025-09,GAS,HARD ROCK RESOURCES LTD.,0.8320143320000001,0.0
2025-09,GAS,HARVARD RESOURCES INC.,0.06650935166666667,0.0
2025-09,GAS,HARVEST ENERGY CORPORATION,0.0020011663333333336,0.0
2025-09,GAS,HARVEST OPERATIONS CORP.,27.601498657333337,0.0
2025-09,GAS,HBC ENERGY LTD.,0.00023543133333333338,0.0
2025-09,GAS,HEADWATER EXPLORATION INC.,15.488674273000003,0.0
2025-09,GAS,HEMISPHERE ENERGY CORPORATION,0.9838675420000002,0.0
2025-09,GAS,HESC ENERGY CORPORATION,0.3059430176666667,0.0
2025-09,GAS,HIGHVALE ENERGY LIMITED,4.263072868333334,0.0
2025-09,GAS,HIGHWOOD ASSET MANAGEMENT LTD.,15.251477204666669,0.0
2025-09,GAS,HIS MAJESTY THE KING IN RIGHT OF CANADA AS REPRESENTED HEREIN BY THE MINISTER OF NATIONAL DEFENCE,0.14161194700000002,0.0
2025-09,GAS,HITIC ENERGY LTD.,3.511105189666667,0.0
2025-09,GAS,HWN ENERGY LTD.,72.63103719600001,0.0
2025-09,GAS,HYDRO VAULT ENERGY LTD.,0.14608514233333336,0.0
2025-09,GAS,IHH ENERGY CORP.,0.000353147,0.0
2025-09,GAS,IMPERIAL OIL RESOURCES LIMITED,38.095379478000005,0.0
2025-09,GAS,INPLAY OIL CORP.,51.49648411833334,0.0
2025-09,GAS,INSCH COMMODITY LTD.,0.09817486600000001,0.0
2025-09,GAS,INSIGNIA ENERGY LTD.,38.158475075333335,0.0
2025-09,GAS,INTEGRITY OIL OPERATIONS LTD.,0.0038846170000000004,0.0
2025-09,GAS,IPC CANADA LTD.,109.31006177266669,0.0
2025-09,GAS,ISH ENERGY LTD.,5.046706061333334,0.0
2025-09,GAS,ISLANDER OIL & GAS INC.,0.23696163700000003,0.0
2025-09,GAS,JAST ENERGY LTD.,0.0038846170000000004,0.0
2025-09,GAS,JAYHAWK RESOURCES LTD.,1.3902220233333336,0.0
2025-09,GAS,JOLI FOU PETROLEUMS LTD.,0.003884617000000001,0.0
2025-09,GAS,JOURNEY ENERGY INC.,39.780243815000006,0.0
2025-09,GAS,JP ENERGY CORP.,0.04037647366666667,0.0
2025-09,GAS,JX ENERGY LTD.,0.010123547333333335,0.0
2025-09,GAS,KADEN ENERGY LTD.,3.882615833666667,0.0
2025-09,GAS,KAISER EXPLORATION LTD.,0.1420828096666667,0.0
2025-09,GAS,KARVE ENERGY INC.,17.09419825066667,0.0
2025-09,GAS,KELT EXPLORATION LTD.,118.23785336400002,0.0
2025-09,GAS,KEYERA ENERGY LTD.,0.14749773033333335,0.0
2025-09,GAS,KIHEW RESOURCES INC.,0.008357812333333336,0.0
2025-09,GAS,KINMERC OIL & GAS INC.,0.144083976,0.0
2025-09,GAS,KIWETINOHK ENERGY CORP.,137.95098976666668,0.0
2025-09,GAS,KOHO ENERGY CORP.,0.00023543133333333338,0.0
2025-09,GAS,LEDGEND ROYALTY TRUST LTD.,0.1572681306666667,0.0
2025-09,GAS,LINEUP RESOURCES CORP.,0.4055304716666667,0.0
2025-09,GAS,LOGAN ENERGY CORP.,61.59966664133334,0.0
2025-09,GAS,LOGIC ENERGY LTD.,0.5333696856666668,0.0
2025-09,GAS,LONE TREE RESOURCES INC.,0.04579139433333334,0.0
2025-09,GAS,LONG RUN EXPLORATION LTD.,18.879944914000003,0.0
2025-09,GAS,LONG TERM ASSET MANAGEMENT INC.,15.042885043333335,0.0
2025-09,GAS,LONGRIDGE ENERGY LTD.,0.4796913416666667,0.0
2025-09,GAS,LONGSHORE RESOURCES LTD.,0.9336029523333335,0.0
2025-09,GAS,LOTUS CREEK EXPLORATION INC.,1.6356591883333336,0.0
2025-09,GAS,LOYAL ENERGY (CANADA) OPERATING LTD.,27.89590553966667,0.0
2025-09,GAS,LYCOS ENERGY INC.,2.927706345666667,0.0
2025-09,GAS,LYNX ENERGY ULC,88.98609877566668,0.0
2025-09,GAS,MAGA ENERGY LTD.,1.045079688666667,0.0
2025-09,GAS,MAHIKAN OIL CORPORATION,0.041318199,0.0
2025-09,GAS,MANCAL ENERGY INC.,45.58127186833334,0.0
2025-09,GAS,MARLIN RESOURCES LTD.,0.40294072700000005,0.0
2025-09,GAS,MATO INC.,0.10441379633333336,0.0
2025-09,GAS,MCLAND RESOURCES LTD.,0.028369475666666668,0.0
2025-09,GAS,"MEDICINE HAT, CITY OF",6.172303266000001,0.0
2025-09,GAS,MEG ENERGY CORP.,58.17272815333334,0.0
2025-09,GAS,MORNING STAR PETROLEUM INCORPORATED,0.14891031833333335,0.0
2025-09,GAS,MUDDY PETROLEUM COMPANY LTD.,0.00011771566666666669,0.0
2025-09,GAS,MURPHY OIL COMPANY LTD.,15.591910912666668,0.0
2025-09,GAS,N7 ENERGY LTD.,7.951457852000001,0.0
2025-09,GAS,NEW NORTH RESOURCES LTD.,1.0747440366666667,0.0
2025-09,GAS,NEW TIMES ENERGY CANADA GP 2 LTD.,1.368915487666667,0.0
2025-09,GAS,NEW TIMES ENERGY CANADA GP 3 LTD.,2.823174833666667,0.0
2025-09,GAS,NEW WEST DATA CORP.,0.49499437833333343,0.0
2025-09,GAS,NORTH 40 RESOURCES LTD.,22.86356078966667,0.0
2025-09,GAS,NORTH FORK RESOURCES LTD.,0.24896863500000002,0.0
2025-09,GAS,NORTHERN SMILODON ENERGY INC.,0.005885783333333334,0.0
2025-09,GAS,NORTHROCK RESOURCES PARTNERSHIP LTD.,0.03766901333333334,0.0
2025-09,GAS,NOVACOR EXPLORATION LTD.,0.020011663333333336,0.0
2025-09,GAS,NOVUS ENERGY INC.,0.27121689600000004,0.0
2025-09,GAS,NPS INDUSTRIAL POWER CORP.,0.08440213300000002,0.0
2025-09,GAS,NUOVA STRADA VENTURES LTD.,0.18163527366666668,0.0
2025-09,GAS,NUVISTA ENERGY LTD.,423.2695163393334,0.0
2025-09,GAS,NVP EXPLORATION INC.,0.046144541333333344,0.0
2025-09,GAS,NVS ENGINEERING INC.,0.01389044866666667,0.0
2025-09,GAS,O'NEILL INDUSTRIES INTERNATIONAL-CANADA INC.,0.014479027000000004,0.0
2025-09,GAS,OBSIDIAN ENERGY LTD.,58.34188556633334,0.0
2025-09,GAS,OHANA RESOURCES INC.,0.06709793000000001,0.0
2025-09,GAS,OK RADIO GROUP LTD.,0.19811546700000005,0.0
2025-09,GAS,ORGA ENERGY LTD.,0.010476694333333337,0.0
2025-09,GAS,ORLEN UPSTREAM CANADA LTD.,56.50764004833334,0.0
2025-09,GAS,OUTLIER RESOURCES LTD.,24.053548464000002,0.0
2025-09,GAS,OUTPOST ENERGY LTD.,0.005532636333333334,0.0
2025-09,GAS,OVINTIV CANADA ULC,622.3260023786668,0.0
2025-09,GAS,PARAGON ENERGY LTD.,0.018481359666666666,0.0
2025-09,GAS,PARALLAX ENERGY OPERATING INC.,20.100067799,0.0
2025-09,GAS,PARAMOUNT RESOURCES LTD.,145.979315949,0.0
2025-09,GAS,PENTACOR ENERGY CORP.,0.02236597666666667,0.0
2025-09,GAS,PERSIST OIL AND GAS INC.,12.655964470333334,0.0
2025-09,GAS,PETROCHINA CANADA LTD.,0.5888137646666667,0.0
2025-09,GAS,PETROCHINA DUVERNAY GAS PARTNERSHIP,66.71170489766668,0.0
2025-09,GAS,PETRUS RESOURCES CORP.,41.84544747100001,0.0
2025-09,GAS,PEYTO CANADA CORP.,16.59272951066667,0.0
2025-09,GAS,PEYTO EXPLORATION & DEVELOPMENT CORP.,719.8010487403334,0.0
2025-09,GAS,PINE CLIFF ENERGY LTD.,103.23970027400001,0.0
2025-09,GAS,PLATFORM ENERGY INC.,0.11230074600000002,0.0
2025-09,GAS,POINT BAR RESOURCES INC.,0.9534969000000001,0.0
2025-09,GAS,POINTBREAK RESOURCES INC.,3.6720225060000002,0.0
2025-09,GAS,POKER CHIP EXPLORATION LTD.,0.025426584000000002,0.0
2025-09,GAS,POTTS PETROLEUM INC.,0.38304677933333336,0.0
2025-09,GAS,PRAIRIE PROVIDENT RESOURCES CANADA LTD.,6.678833779666667,0.0
2025-09,GAS,PRAIRIE THUNDER RESOURCES LTD.,10.222546209,0.0
2025-09,GAS,PRIMROSE DRILLING VENTURES LTD.,0.002942891666666667,0.0
2025-09,GAS,PRONGHORN RESOURCES LTD.,0.076986046,0.0
2025-09,GAS,PROSPERA ENERGY INC.,0.12889865500000003,0.0
2025-09,GAS,PULSE OIL OPERATING CORP.,0.10924013866666668,0.0
2025-09,GAS,QUESTERRE ENERGY CORPORATION,0.00023543133333333338,0.0
2025-09,GAS,RAKE RESOURCES LTD,0.001059441,0.0
2025-09,GAS,RALLY CANADA RESOURCES LTD.,0.337255385,0.0
2025-09,GAS,RAMPART OIL INC.,0.2455548806666667,0.0
2025-09,GAS,RANAHAN RESOURCES LIMITED,7.166882933666668,0.0
2025-09,GAS,RED ANGUS ENERGY INC.,0.12112942100000001,0.0
2025-09,GAS,RED JACK PETROLEUM LTD.,0.027898613000000003,0.0
2025-09,GAS,RELENTLESS RESOURCES LTD.,0.179751823,0.0
2025-09,GAS,RESISTANCE ENERGY LTD.,0.023425417666666667,0.0
2025-09,GAS,RESONANCE ENERGY LTD.,0.4200094986666667,0.0
2025-09,GAS,RESOURCEFUL PETROLEUM CANADA LIMITED,1.0594410000000003,0.0
2025-09,GAS,RESPONSE ENERGY CORPORATION,0.33301762100000004,0.0
2025-09,GAS,REVOLUTION OIL & GAS CORPORATION,0.7431390036666667,0.0
2025-09,GAS,REX ENERGY LTD.,0.25344183033333334,0.0
2025-09,GAS,RIBBON CREEK RESOURCES INC.,0.1999989176666667,0.0
2025-09,GAS,RICOCHET OIL CORP.,21.050033229000004,0.0
2025-09,GAS,RIDGELINE EXPLORATION INC.,0.23166443200000003,0.0
2025-09,GAS,RIMFIRE ENERGY INC.,0.07357229166666668,0.0
2025-09,GAS,RISING TIDE ENERGY LTD.,3.688031836666667,0.0
2025-09,GAS,ROCKEAST ENERGY CORP.,0.6695667120000001,0.0
2025-09,GAS,ROCKPOINT GAS STORAGE CANADA LTD.,0.0016480193333333337,0.0
2025-09,GAS,ROK RESOURCES INC.,3.5710224640000003,0.0
2025-09,GAS,RTD ENERGY INC.,0.00023543133333333338,0.0
2025-09,GAS,RUBELLITE ENERGY INC.,9.800300112666667,0.0
2025-09,GAS,RURALCO RESOURCES CORP.,0.008475528000000001,0.0
2025-09,GAS,RUSH RESOURCES LTD.,0.034961553000000006,0.0
2025-09,GAS,SAND HILLS DIV CORP LTD.,2.3458378053333337,0.0
2025-09,GAS,SANDPOINT RESOURCES INC.,0.001177156666666667,0.0
2025-09,GAS,SATURN OIL & GAS INC.,30.74332980066667,0.0
2025-09,GAS,SCAVENGER ENERGY GP INC.,0.02448485866666667,0.0
2025-09,GAS,SHACKLETON EXPLORATION LTD.,4.199270977,0.0
2025-09,GAS,SHANPET RESOURCES LTD.,0.10088232633333336,0.0
2025-09,GAS,SHARPTAIL ENERGY INC.,2.030712965666667,0.0
2025-09,GAS,SHELL CANADA ENERGY,2.632122306666667,0.0
2025-09,GAS,SHOT POINT RESOURCES LTD.,0.009770400333333335,0.0
2025-09,GAS,SIFTON PETROLEUM INC.,1.5589085736666668,0.0
2025-09,GAS,SIGNALTA RESOURCES LIMITED,3.6628406840000003,0.0
2025-09,GAS,SILVERLEAF RESOURCES INC.,0.6840457390000001,0.0
2025-09,GAS,SINOPEC CANADA ENERGY LTD.,93.22503993233335,0.0
2025-09,GAS,SOGAR RESOURCES LTD.,0.9371344223333334,0.0
2025-09,GAS,SPARK INFRASTRUCTURE CORP.,4.837878468666667,0.0
2025-09,GAS,SPARTAN DELTA CORP.,197.9100531616667,0.0
2025-09,GAS,SPOKE RESOURCES LTD.,10.344852786666667,0.0
2025-09,GAS,SPROCKET ENERGY CORPORATION,9.283763767333335,0.0
2025-09,GAS,SPUR PETROLEUM LTD.,38.03028271433334,0.0
2025-09,GAS,STORM DEVELOPMENT CORP.,14.138122429333334,0.0
2025-09,GAS,STRATHCONA RESOURCES LTD.,29.451282643333336,0.0
2025-09,GAS,SUCCESS RESOURCES LTD.,0.9348978246666668,0.0
2025-09,GAS,SUEDE ENERGY LTD.,16.31762799766667,0.0
2025-09,GAS,SUMERIAN OIL & GAS INC.,0.34337659966666667,0.0
2025-09,GAS,SUN CENTURY PETROLEUM CORPORATION,5.529693441666668,0.0
2025-09,GAS,SUNCOR ENERGY INC.,8.342980159333335,0.0
2025-09,GAS,SUPREME ENERGY INC.,0.6344874433333334,0.0
2025-09,GAS,SURGE ENERGY INC.,18.036983025,0.0
2025-09,GAS,SUTTON ENERGY LTD.,0.006003499,0.0
2025-09,GAS,TAGGART OIL CORP.,0.30700245866666676,0.0
2025-09,GAS,TAIGA ENERGY CORP.,0.2197751496666667,0.0
2025-09,GAS,TAKU GAS LIMITED,0.027545466000000005,0.0
2025-09,GAS,TAMARACK VALLEY ENERGY LTD.,76.72412864166668,0.0
2025-09,GAS,TAQA NORTH LTD.,354.04152135100003,0.0
2025-09,GAS,TEINE ENERGY LTD.,22.55137884166667,0.0
2025-09,GAS,TENAZ ENERGY CORP.,7.938862275666668,0.0
2025-09,GAS,TEXCAL ENERGY CANADA INC.,1.9222968366666668,0.0
2025-09,GAS,THOR RESOURCES INC.,2.2021069763333334,0.0
2025-09,GAS,THOROUGHBRED ENERGY LTD.,0.030841504666666672,0.0
2025-09,GAS,TIDEWATER MIDSTREAM AND INFRASTRUCTURE LTD.,4.068842018333334,0.0
2025-09,GAS,TMAX ENERGY LTD.,1.4316579380000003,0.0
2025-09,GAS,TOP OIL PRODUCTION LTD.,0.7264233790000001,0.0
2025-09,GAS,TOURMALINE OIL CORP.,1752.5422520896668,0.0
2025-09,GAS,TOWER RIDGE ENTERPRISES CORP.,0.0025897446666666673,0.0
2025-09,GAS,TRANSCANADA ENERGY LTD.,0.004590911000000001,0.0
2025-09,GAS,TRIPLE 555 OIL COMPANY LTD.,0.22660265833333335,0.0
2025-09,GAS,TUKTU RESOURCES LTD.,1.1232428913333334,0.0
2025-09,GAS,TYKEWEST LIMITED,0.16586137433333334,0.0
2025-09,GAS,ULYSSES ENERGY CORP.,0.31277052633333335,0.0
2025-09,GAS,UNIT 18 CORP.,0.04826342333333334,0.0
2025-09,GAS,"VAALCO ENERGY CANADA, INC.",5.535108362333334,0.0
2025-09,GAS,VANRENA RESOURCES LTD.,0.0008240096666666668,0.0
2025-09,GAS,VANTAGE POINT RESOURCES INC.,8.331914886666668,0.0
2025-09,GAS,VERMILION ENERGY INC.,315.40794584500003,0.0
2025-09,GAS,VITAL ENERGY INC.,0.4574430806666667,0.0
2025-09,GAS,VULTURE ENERGY LTD.,0.06945224333333334,0.0
2025-09,GAS,WARWICK GAS STORAGE LTD.,1.0746263210000002,0.0
2025-09,GAS,WASP ENTERPRIZES LTD.,0.004590911000000001,0.0
2025-09,GAS,WESCAN ENERGY CORP.,0.13949306500000003,0.0
2025-09,GAS,WEST 5 RESOURCES INC.,0.6408440893333334,0.0
2025-09,GAS,WEST LAKE ENERGY CORP.,5.046823777,0.0
2025-09,GAS,WESTGATE ENERGY OPERATIONS LTD.,0.7290131236666668,0.0
2025-09,GAS,WHITE TUNDRA PETROLEUM LTD.,0.10994643266666668,0.0
2025-09,GAS,WHITECAP PARTNERSHIP,488.7658069786667,0.0
2025-09,GAS,WHITECAP RESOURCES INC.,547.2648429600001,0.0
2025-09,GAS,WHITEHALL ENERGY LTD.,0.16338934533333335,0.0
2025-09,GAS,WHITEMUD CREEK RESOURCES LTD.,0.05626808866666667,0.0
2025-09,GAS,WILCOX ENERGY CORP.,0.06097671533333334,0.0
2025-09,GAS,WILDCAT RENTALS LTD.,0.04732169800000001,0.0
2025-09,GAS,WINDSOR SALT LTD/SEL WINDSOR LTEE,0.01636247766666667,0.0
2025-09,GAS,WINDTALKER ENERGY CORP.,0.06286016600000001,0.0
2025-09,GAS,WOLF LAKE EXPLORATION LTD.,1.4397803190000003,0.0
2025-09,GAS,WOODCOTE INC.,0.3596213616666667,0.0
2025-09,GAS,WOODSMAN ENERGY CORP.,0.5458475463333333,0.0
2025-09,GAS,XENOTIME ENERGY INC.,0.0031783230000000007,0.0
2025-09,GAS,YANGARRA RESOURCES CORP.,39.39142896800001,0.0
2025-09,GAS,YOHO RESOURCES INC.,1.1172393923333335,0.0
2025-09,GAS,ZNX ENERGY LTD.,0.11948140166666668,0.0
2025-09,GAS,ZYZYGY RESOURCES LTD.,0.26803857300000006,0.0
2025-09,OIL_AT_GAS_BATTERY,2155192 ALBERTA LTD.,0.0,2.5578519999999996
2025-09,OIL_AT_GAS_BATTERY,ADVANTAGE ENERGY LTD.,0.0,65.854206
2025-09,OIL_AT_GAS_BATTERY,ALCHEMY ENERGY LTD,0.0,2.704614
2025-09,OIL_AT_GAS_BATTERY,ARC RESOURCES LTD.,0.0,5.5979220000000005
2025-09,OIL_AT_GAS_BATTERY,ASTARA ENERGY CORP.,0.0,2.3062599999999995
2025-09,OIL_AT_GAS_BATTERY,AXIOM OIL AND GAS INC.,0.0,11.279708
2025-09,OIL_AT_GAS_BATTERY,BACCALIEU ENERGY INC.,0.0,36.543738
2025-09,OIL_AT_GAS_BATTERY,BARREL OIL CORP.,0.0,5.34633
2025-09,OIL_AT_GAS_BATTERY,BATTLE RIVER ENERGY LTD.,0.0,0.31449
2025-09,OIL_AT_GAS_BATTERY,BIRCHCLIFF ENERGY LTD.,0.0,0.880572
2025-09,OIL_AT_GAS_BATTERY,BONTERRA ENERGY CORP.,0.0,248.53096399999998
2025-09,OIL_AT_GAS_BATTERY,BORNITE ENERGY LTD.,0.0,0.901538
2025-09,OIL_AT_GAS_BATTERY,BTG ENERGY CORP.,0.0,7.75742
2025-09,OIL_AT_GAS_BATTERY,CANADIAN NATURAL RESOURCES LIMITED,0.0,487.375636
2025-09,OIL_AT_GAS_BATTERY,CANLIN RESOURCES PARTNERSHIP,0.0,0.377388
2025-09,OIL_AT_GAS_BATTERY,CENOVUS ENERGY INC.,0.0,16.311548
2025-09,OIL_AT_GAS_BATTERY,CLEARVIEW RESOURCES LTD.,0.0,0.587048
2025-09,OIL_AT_GAS_BATTERY,CYGNET ENERGY LTD.,0.0,1540.665544
2025-09,OIL_AT_GAS_BATTERY,DARK WARRIOR RESOURCES LTD.,0.0,6.415596
2025-09,OIL_AT_GAS_BATTERY,EMBER RESOURCES INC.,0.0,2.998138
2025-09,OIL_AT_GAS_BATTERY,ENERCAPITA ENERGY LTD.,0.0,8.197706
2025-09,OIL_AT_GAS_BATTERY,ENHANCE ENERGY INC.,0.0,1.090232
2025-09,OIL_AT_GAS_BATTERY,G. HERMAN GROUP INC.,0.0,0.041932
2025-09,OIL_AT_GAS_BATTERY,GRAN TIERRA CANADA LTD.,0.0,81.809332
2025-09,OIL_AT_GAS_BATTERY,HARD ROCK RESOURCES LTD.,0.0,1.8869399999999998
2025-09,OIL_AT_GAS_BATTERY,HARVEST OPERATIONS CORP.,0.0,7.44293
2025-09,OIL_AT_GAS_BATTERY,HIGHWOOD ASSET MANAGEMENT LTD.,0.0,0.901538
2025-09,OIL_AT_GAS_BATTERY,HWN ENERGY LTD.,0.0,28.597624
2025-09,OIL_AT_GAS_BATTERY,INPLAY OIL CORP.,0.0,7.086508
2025-09,OIL_AT_GAS_BATTERY,JOURNEY ENERGY INC.,0.0,45.328492
2025-09,OIL_AT_GAS_BATTERY,KARVE ENERGY INC.,0.0,16.98246
2025-09,OIL_AT_GAS_BATTERY,KELT EXPLORATION LTD.,0.0,1824.188762
2025-09,OIL_AT_GAS_BATTERY,KIWETINOHK ENERGY CORP.,0.0,29.98138
2025-09,OIL_AT_GAS_BATTERY,LOGAN ENERGY CORP.,0.0,490.20604599999996
2025-09,OIL_AT_GAS_BATTERY,LONG RUN EXPLORATION LTD.,0.0,63.736639999999994
2025-09,OIL_AT_GAS_BATTERY,LONG TERM ASSET MANAGEMENT INC.,0.0,0.041932
2025-09,OIL_AT_GAS_BATTERY,LOTUS CREEK EXPLORATION INC.,0.0,6.2898
2025-09,OIL_AT_GAS_BATTERY,LOYAL ENERGY (CANADA) OPERATING LTD.,0.0,0.7338100000000001
2025-09,OIL_AT_GAS_BATTERY,LYNX ENERGY ULC,0.0,13.963356000000001
2025-09,OIL_AT_GAS_BATTERY,MANCAL ENERGY INC.,0.0,6.038208
2025-09,OIL_AT_GAS_BATTERY,MARLIN RESOURCES LTD.,0.0,4.654452
2025-09,OIL_AT_GAS_BATTERY,NEW WEST DATA CORP.,0.0,8.029977999999998
2025-09,OIL_AT_GAS_BATTERY,NORTH 40 RESOURCES LTD.,0.0,33.105314
2025-09,OIL_AT_GAS_BATTERY,OBSIDIAN ENERGY LTD.,0.0,21.070829999999997
2025-09,OIL_AT_GAS_BATTERY,ORLEN UPSTREAM CANADA LTD.,0.0,6.855881999999999
2025-09,OIL_AT_GAS_BATTERY,OUTLIER RESOURCES LTD.,0.0,25.326928
2025-09,OIL_AT_GAS_BATTERY,OVINTIV CANADA ULC,0.0,170.95676399999996
2025-09,OIL_AT_GAS_BATTERY,PARAMOUNT RESOURCES LTD.,0.0,3.5013219999999996
2025-09,OIL_AT_GAS_BATTERY,PETRUS RESOURCES CORP.,0.0,48.62015399999999
2025-09,OIL_AT_GAS_BATTERY,PEYTO EXPLORATION & DEVELOPMENT CORP.,0.0,9.183108
2025-09,OIL_AT_GAS_BATTERY,PINE CLIFF ENERGY LTD.,0.0,25.075336
2025-09,OIL_AT_GAS_BATTERY,PRAIRIE PROVIDENT RESOURCES CANADA LTD.,0.0,12.537667999999998
2025-09,OIL_AT_GAS_BATTERY,RESISTANCE ENERGY LTD.,0.0,33.671395999999994
2025-09,OIL_AT_GAS_BATTERY,SIGNALTA RESOURCES LIMITED,0.0,1.5514839999999999
2025-09,OIL_AT_GAS_BATTERY,SILVERLEAF RESOURCES INC.,0.0,4.067404
2025-09,OIL_AT_GAS_BATTERY,SINOPEC CANADA ENERGY LTD.,0.0,0.8176739999999999
2025-09,OIL_AT_GAS_BATTERY,SPARK INFRASTRUCTURE CORP.,0.0,0.62898
2025-09,OIL_AT_GAS_BATTERY,SPARTAN DELTA CORP.,0.0,6.0172419999999995
2025-09,OIL_AT_GAS_BATTERY,SUCCESS RESOURCES LTD.,0.0,23.964138
2025-09,OIL_AT_GAS_BATTERY,TAQA NORTH LTD.,0.0,187.666666
2025-09,OIL_AT_GAS_BATTERY,TOURMALINE OIL CORP.,0.0,235.55301
2025-09,OIL_AT_GAS_BATTERY,"VAALCO ENERGY CANADA, INC.",0.0,0.922504
2025-09,OIL_AT_GAS_BATTERY,VANTAGE POINT RESOURCES INC.,0.0,1.9079059999999999
2025-09,OIL_AT_GAS_BATTERY,VERMILION ENERGY INC.,0.0,278.491378
2025-09,OIL_AT_GAS_BATTERY,WESTGATE ENERGY OPERATIONS LTD.,0.0,4.947976
2025-09,OIL_AT_GAS_BATTERY,WHITECAP PARTNERSHIP,0.0,3.3545599999999998
2025-09,OIL_AT_GAS_BATTERY,WHITECAP RESOURCES INC.,0.0,129.52794799999998
2025-09,OIL_AT_GAS_BATTERY,YANGARRA RESOURCES CORP.,0.0,0.670912
2025-09,OIL_UNCLASSIFIED,CANADIAN NATURAL RESOURCES LIMITED,0.0,31.071612
2025-09,OIL_UNCLASSIFIED,OUTLIER RESOURCES LTD.,0.0,62.352883999999996
2025-10,BITUMEN,ATHABASCA OIL CORPORATION,0.0,36340.98325354839
2025-10,BITUMEN,AYIK ENERGY CORP.,0.0,678.8926064516129
2025-10,BITUMEN,BAYTEX ENERGY LTD.,0.0,35684.023788387094
2025-10,BITUMEN,BIGHORN ENERGY CORPORATION,0.0,150.1030335483871
2025-10,BITUMEN,CALTEX TRILOGY INC.,0.0,13219.88135032258
2025-10,BITUMEN,CANADIAN NATURAL RESOURCES LIMITED,0.0,391920.03507870965
2025-10,BITUMEN,CENOVUS ENERGY INC.,0.0,530196.6011632258
2025-10,BITUMEN,CHECK ENERGY LTD.,0.0,255.32530064516126
2025-10,BITUMEN,CLEAR NORTH ENERGY CORP.,0.0,1861.9228277419354
2025-10,BITUMEN,CNOOC PETROLEUM NORTH AMERICA ULC,0.0,71636.60174709676
2025-10,BITUMEN,CONNACHER OIL AND GAS LIMITED,0.0,19286.839823225804
2025-10,BITUMEN,CONOCOPHILLIPS CANADA RESOURCES CORP.,0.0,145225.5168348387
2025-10,BITUMEN,CROVERRO ENERGY LTD.,0.0,144.15815806451613
2025-10,BITUMEN,DEERGARDEN RESOURCES LTD.,0.0,101.18462129032258
2025-10,BITUMEN,EVERGO RESOURCES LIMITED,0.0,11.768012903225806
2025-10,BITUMEN,GRAN TIERRA CANADA LTD.,0.0,228.1371329032258
2025-10,BITUMEN,GREENFIRE RESOURCES OPERATING CORPORATION,0.0,18769.615366451613
2025-10,BITUMEN,HARVEST OPERATIONS CORP.,0.0,6959.5013825806445
2025-10,BITUMEN,HEADWATER EXPLORATION INC.,0.0,21465.910598709677
2025-10,BITUMEN,HIGHWOOD ASSET MANAGEMENT LTD.,0.0,18.70708258064516
2025-10,BITUMEN,IMPERIAL OIL RESOURCES LIMITED,0.0,148248.5976116129
2025-10,BITUMEN,IPC CANADA LTD.,0.0,789.1264238709676
2025-10,BITUMEN,ISLANDER OIL & GAS INC.,0.0,4158.551994193548
2025-10,BITUMEN,KIHEW RESOURCES INC.,0.0,4.788363870967742
2025-10,BITUMEN,LINEUP RESOURCES CORP.,0.0,1038.851773548387
2025-10,BITUMEN,LOTUS CREEK EXPLORATION INC.,0.0,85.52099032258064
2025-10,BITUMEN,LYCOS ENERGY INC.,0.0,706.7097541935484
2025-10,BITUMEN,MAHIKAN OIL CORPORATION,0.0,83.73549870967742
2025-10,BITUMEN,MEG ENERGY CORP.,0.0,111858.61478709677
2025-10,BITUMEN,O'NEILL INDUSTRIES INTERNATIONAL-CANADA INC.,0.0,57.500945806451604
2025-10,BITUMEN,OBSIDIAN ENERGY LTD.,0.0,13344.297652258065
2025-10,BITUMEN,PETROCHINA CANADA LTD.,0.0,9068.532191612903
2025-10,BITUMEN,PETROFRONTIER CORP.,0.0,6.350669032258064
2025-10,BITUMEN,RUBELLITE ENERGY INC.,0.0,4955.895737419354
2025-10,BITUMEN,SPUR PETROLEUM LTD.,0.0,23036.2910516129
2025-10,BITUMEN,STRATHCONA RESOURCES LTD.,0.0,63275.793793548386
2025-10,BITUMEN,SUNCOR ENERGY INC.,0.0,270074.0294787097
2025-10,BITUMEN,SURGE ENERGY INC.,0.0,13.046262580645159
2025-10,BITUMEN,TAMARACK VALLEY ENERGY LTD.,0.0,15437.137298709677
2025-10,BITUMEN,WEST LAKE ENERGY CORP.,0.0,49.12130903225806
2025-10,BITUMEN,WESTGATE ENERGY OPERATIONS LTD.,0.0,287.2612529032258
2025-10,BITUMEN,WINDTALKER ENERGY CORP.,0.0,67.58491548387096
2025-10,COND,ADVANTAGE ENERGY LTD.,0.0,1.7246225806451612
2025-10,COND,APL OIL & GAS (1998) LTD.,0.0,3.165189677419355
2025-10,COND,ARC RESOURCES LTD.,0.0,65978.31795677419
2025-10,COND,ATHABASCA OIL CORPORATION,0.0,1015.3969064516128
2025-10,COND,BACCALIEU ENERGY INC.,0.0,8.034712258064515
2025-10,COND,BARREL OIL CORP.,0.0,6.533276129032258
2025-10,COND,BEARSPAW PETROLEUM LTD.,0.0,4.504308387096774
2025-10,COND,BIRCHCLIFF ENERGY LTD.,0.0,563.911004516129
2025-10,COND,BITSTONE RESOURCES INC.,0.0,6.188351612903226
2025-10,COND,BORNITE ENERGY LTD.,0.0,0.28405548387096774
2025-10,COND,BTG ENERGY CORP.,0.0,45.408298064516124
2025-10,COND,CANADIAN NATURAL RESOURCES LIMITED,0.0,913.1572219354838
2025-10,COND,CANLIN RESOURCES PARTNERSHIP,0.0,48.10682516129032
2025-10,COND,CANSTONE ENERGY LTD.,0.0,0.9739045161290322
2025-10,COND,CARDINAL ENERGY LTD.,0.0,0.6086903225806451
2025-10,COND,CAVVY PRODUCTION LTD.,0.0,0.5884006451612903
2025-10,COND,CENOVUS ENERGY INC.,0.0,117.4772322580645
2025-10,COND,CLEARVIEW RESOURCES LTD.,0.0,2.6985270967741934
2025-10,COND,CORSE ENERGY CORP.,0.0,1.9478090322580646
2025-10,COND,CYGNET ENERGY LTD.,0.0,1004.197004516129
2025-10,COND,DEL CANADA GP LTD.,0.0,1.6840432258064515
2025-10,COND,EMBER RESOURCES INC.,0.0,6.2898
2025-10,COND,ENERCAPITA ENERGY LTD.,0.0,0.040579354838709676
2025-10,COND,FIDDLEHEAD RESOURCES CORP.,0.0,2.7188167741935483
2025-10,COND,GRAN TIERRA CANADA LTD.,0.0,79.19061096774193
2025-10,COND,GRYPHON PETROLEUM CORP.,0.0,10.915846451612902
2025-10,COND,HARD ROCK RESOURCES LTD.,0.0,0.40579354838709675
2025-10,COND,HARVEST OPERATIONS CORP.,0.0,64.76465032258065
2025-10,COND,HIGHWOOD ASSET MANAGEMENT LTD.,0.0,12.823076129032257
2025-10,COND,HWN ENERGY LTD.,0.0,86.3934464516129
2025-10,COND,INPLAY OIL CORP.,0.0,6.20864129032258
2025-10,COND,INSIGNIA ENERGY LTD.,0.0,730.935629032258
2025-10,COND,ISH ENERGY LTD.,0.0,3.530403870967741
2025-10,COND,JOURNEY ENERGY INC.,0.0,27.878016774193547
2025-10,COND,JX ENERGY LTD.,0.0,1.25796
2025-10,COND,KARVE ENERGY INC.,0.0,2.739106451612903
2025-10,COND,KELT EXPLORATION LTD.,0.0,331.0260870967742
2025-10,COND,KIWETINOHK ENERGY CORP.,0.0,56.40530322580645
2025-10,COND,LOGAN ENERGY CORP.,0.0,0.5681109677419355
2025-10,COND,LOGIC ENERGY LTD.,0.0,0.020289677419354838
2025-10,COND,LONG RUN EXPLORATION LTD.,0.0,5.782558064516128
2025-10,COND,LONG TERM ASSET MANAGEMENT INC.,0.0,2.759396129032258
2025-10,COND,LOYAL ENERGY (CANADA) OPERATING LTD.,0.0,510.4679941935483
2025-10,COND,LYNX ENERGY ULC,0.0,62.67481354838709
2025-10,COND,MANCAL ENERGY INC.,0.0,56.89225548387096
2025-10,COND,MURPHY OIL COMPANY LTD.,0.0,2506.018637419355
2025-10,COND,NEW NORTH RESOURCES LTD.,0.0,6.736172903225806
2025-10,COND,NEW TIMES ENERGY CANADA GP 2 LTD.,0.0,5.336185161290323
2025-10,COND,NEW TIMES ENERGY CANADA GP 3 LTD.,0.0,14.669436774193548
2025-10,COND,NORTH 40 RESOURCES LTD.,0.0,3.489824516129032
2025-10,COND,NUVISTA ENERGY LTD.,0.0,18.88968967741935
2025-10,COND,OBSIDIAN ENERGY LTD.,0.0,26.620056774193543
2025-10,COND,ORLEN UPSTREAM CANADA LTD.,0.0,131.7205858064516
2025-10,COND,OUTLIER RESOURCES LTD.,0.0,12.88394516129032
2025-10,COND,OUTPOST ENERGY LTD.,0.0,0.6492696774193548
2025-10,COND,OVINTIV CANADA ULC,0.0,15.602761935483871
2025-10,COND,PARAMOUNT RESOURCES LTD.,0.0,5615.7972058064515
2025-10,COND,PERSIST OIL AND GAS INC.,0.0,1.379698064516129
2025-10,COND,PETROCHINA DUVERNAY GAS PARTNERSHIP,0.0,90.63398903225806
2025-10,COND,PETRUS RESOURCES CORP.,0.0,649.6348916129032
2025-10,COND,PEYTO EXPLORATION & DEVELOPMENT CORP.,0.0,66.7124593548387
2025-10,COND,PINE CLIFF ENERGY LTD.,0.0,97.24842387096774
2025-10,COND,PRAIRIE PROVIDENT RESOURCES CANADA LTD.,0.0,1.0347735483870968
2025-10,COND,PRAIRIE THUNDER RESOURCES LTD.,0.0,7.405732258064515
2025-10,COND,RELENTLESS RESOURCES LTD.,0.0,1.1970909677419355
2025-10,COND,RESOURCEFUL PETROLEUM CANADA LIMITED,0.0,26.295421935483866
2025-10,COND,ROK RESOURCES INC.,0.0,1.25796
2025-10,COND,RUSH RESOURCES LTD.,0.0,0.7304283870967742
2025-10,COND,SATURN OIL & GAS INC.,0.0,3.875328387096774
2025-10,COND,SIGNALTA RESOURCES LIMITED,0.0,10.083969677419354
2025-10,COND,SINOPEC CANADA ENERGY LTD.,0.0,100.33245483870968
2025-10,COND,SOGAR RESOURCES LTD.,0.0,2.576789032258064
2025-10,COND,SPARK INFRASTRUCTURE CORP.,0.0,0.9536148387096773
2025-10,COND,SPARTAN DELTA CORP.,0.0,95.07742838709677
2025-10,COND,SPOKE RESOURCES LTD.,0.0,1.3594083870967741
2025-10,COND,SUCCESS RESOURCES LTD.,0.0,0.06086903225806451
2025-10,COND,SUN CENTURY PETROLEUM CORPORATION,0.0,1.5420154838709677
2025-10,COND,SURGE ENERGY INC.,0.0,5.336185161290323
2025-10,COND,TAMARACK VALLEY ENERGY LTD.,0.0,0.750718064516129
2025-10,COND,TAQA NORTH LTD.,0.0,80.12393612903226
2025-10,COND,TEINE ENERGY LTD.,0.0,100.88027612903225
2025-10,COND,TENAZ ENERGY CORP.,0.0,29.257714838709674
2025-10,COND,TOURMALINE OIL CORP.,0.0,285.7801064516129
2025-10,COND,VANTAGE POINT RESOURCES INC.,0.0,8.399926451612902
2025-10,COND,VERMILION ENERGY INC.,0.0,508.17526064516125
2025-10,COND,WEST 5 RESOURCES INC.,0.0,0.5681109677419355
2025-10,COND,WHITECAP PARTNERSHIP,0.0,1467.694395483871
2025-10,COND,WHITECAP RESOURCES INC.,0.0,7486.890967741935
2025-10,COND,YANGARRA RESOURCES CORP.,0.0,138.59878645161288
2025-10,CRUDE_OIL,1288131 ALBERTA LTD.,0.0,8.64340258064516
2025-10,CRUDE_OIL,1852797 ALBERTA ULC,0.0,202.63300838709677
2025-10,CRUDE_OIL,2155192 ALBERTA LTD.,0.0,22.0143
2025-10,CRUDE_OIL,2363750 ALBERTA LTD.,0.0,50.09521354838709
2025-10,CRUDE_OIL,501 ENERGY CORP.,0.0,120.3583664516129
2025-10,CRUDE_OIL,840586 ALBERTA LTD.,0.0,41.634418064516126
2025-10,CRUDE_OIL,935821 ALBERTA LTD.,0.0,5.884006451612903
2025-10,CRUDE_OIL,97837 RESOURCES LTD.,0.0,6.817331612903224
2025-10,CRUDE_OIL,979968 ALBERTA LTD.,0.0,5.356474838709677
2025-10,CRUDE_OIL,ACQUISITION OIL CORP.,0.0,978.8957767741936
2025-10,CRUDE_OIL,ADANAC OIL & GAS LIMITED,0.0,11.179612258064516
2025-10,CRUDE_OIL,ADVANTAGE ENERGY LTD.,0.0,6525.6675
2025-10,CRUDE_OIL,AENEID EXPLORATION INC.,0.0,83.55289161290321
2025-10,CRUDE_OIL,AERADEN ENERGY CORP.,0.0,31.814214193548388
2025-10,CRUDE_OIL,ALBERTA PETROLEUM ENERGY LIMITED,0.0,20.107070322580643
2025-10,CRUDE_OIL,ALCHEMY ENERGY LTD,0.0,103.05127161290322
2025-10,CRUDE_OIL,ALEXANDER OILFIELD SERVICES LTD.,0.0,21.912851612903225
2025-10,CRUDE_OIL,ALLIED ENERGY II CORP.,0.0,2193.7605019354837
2025-10,CRUDE_OIL,ALSACE ENERGY CORP.,0.0,29.298294193548386
2025-10,CRUDE_OIL,ALTAIR ENERGY LTD.,0.0,209.16628451612902
2025-10,CRUDE_OIL,ALTIMA RESOURCES LTD.,0.0,159.7203406451613
2025-10,CRUDE_OIL,APAR ENERGY INC.,0.0,32.40261483870968
2025-10,CRUDE_OIL,ARAL RESOURCES LTD.,0.0,27.817147741935482
2025-10,CRUDE_OIL,ARC RESOURCES LTD.,0.0,6975.99689032258
2025-10,CRUDE_OIL,ARCHER EXPLORATION CORP.,0.0,6850.728421935483
2025-10,CRUDE_OIL,ARTIS EXPLORATION LTD.,0.0,9185.197836774192
2025-10,CRUDE_OIL,ASCENSUN OIL AND GAS LTD.,0.0,78.05438903225806
2025-10,CRUDE_OIL,ASPENLEAF ENERGY LIMITED,0.0,16958.092097419354
2025-10,CRUDE_OIL,ASTARA ENERGY CORP.,0.0,4782.581312903226
2025-10,CRUDE_OIL,ATCO NEXT ENERGY LTD.,0.0,50.886510967741934
2025-10,CRUDE_OIL,ATHABASCA OIL CORPORATION,0.0,50.5415864516129
2025-10,CRUDE_OIL,AXIOM OIL AND GAS INC.,0.0,839.7897483870968
2025-10,CRUDE_OIL,B-32 EXPLORATION LTD.,0.0,147.52624451612903
2025-10,CRUDE_OIL,BACCALIEU ENERGY INC.,0.0,1946.0641199999998
2025-10,CRUDE_OIL,BAND ENERGY RESOURCES LTD.,0.0,4.2202529032258065
2025-10,CRUDE_OIL,BARCOMP PETROLEUM LTD.,0.0,94.67163483870968
2025-10,CRUDE_OIL,"BARNWELL OF CANADA, LIMITED",0.0,445.5613161290322
2025-10,CRUDE_OIL,BARREL OIL CORP.,0.0,907.4761122580644
2025-10,CRUDE_OIL,BATTLE RIVER ENERGY LTD.,0.0,1001.457898064516
2025-10,CRUDE_OIL,BAY OIL AND GAS LTD.,0.0,56.567620645161284
2025-10,CRUDE_OIL,BAYTEX ENERGY LTD.,0.0,7282.533336774193
2025-10,CRUDE_OIL,BDJ ENERGY INC.,0.0,35.99388774193548
2025-10,CRUDE_OIL,BEARSPAW PETROLEUM LTD.,0.0,582.8412735483871
2025-10,CRUDE_OIL,BENCH CREEK RESOURCES LTD.,0.0,44.718449032258064
2025-10,CRUDE_OIL,BIGHORN ENERGY CORPORATION,0.0,110.13236903225807
2025-10,CRUDE_OIL,BIRCHCLIFF ENERGY LTD.,0.0,1401.0225154838708
2025-10,CRUDE_OIL,BITSTONE RESOURCES INC.,0.0,82.25435225806451
2025-10,CRUDE_OIL,BLUE SKY RESOURCES LTD.,0.0,538.9344116129032
2025-10,CRUDE_OIL,BLUE STAR ENERGY INC.,0.0,10.591211612903226
2025-10,CRUDE_OIL,BONTERRA ENERGY CORP.,0.0,5360.755960645161
2025-10,CRUDE_OIL,BORNITE ENERGY LTD.,0.0,11.544826451612902
2025-10,CRUDE_OIL,BORRADAILE OIL LTD.,0.0,9.799914193548387
2025-10,CRUDE_OIL,BOUNTY DEVELOPMENTS LTD.,0.0,19.92446322580645
2025-10,CRUDE_OIL,"BRIGHTSPOT INTERNATIONAL ENERGY (CANADA) CO., LTD.",0.0,113.11495161290321
2025-10,CRUDE_OIL,BROTHERIN ENERGY LTD.,0.0,124.35543290322579
2025-10,CRUDE_OIL,BRW PETROLEUM CORP.,0.0,314.3682619354839
2025-10,CRUDE_OIL,BTG ENERGY CORP.,0.0,1549.9487477419354
2025-10,CRUDE_OIL,C GROUP ENERGY INC.,0.0,143.97555096774192
2025-10,CRUDE_OIL,CABOT ENERGY INC.,0.0,212.0068393548387
2025-10,CRUDE_OIL,CALEDONIAN MIDSTREAM CORPORATION,0.0,291.64382322580644
2025-10,CRUDE_OIL,CALTEX TRILOGY INC.,0.0,100.27158580645161
2025-10,CRUDE_OIL,CANADIAN NATURAL RESOURCES LIMITED,0.0,67184.35667225806
2025-10,CRUDE_OIL,CANEX RESOURCES LTD.,0.0,4.768074193548387
2025-10,CRUDE_OIL,CANLIN RESOURCES PARTNERSHIP,0.0,716.469089032258
2025-10,CRUDE_OIL,CANUCK NORTH RESOURCES LTD.,0.0,21.14184387096774
2025-10,CRUDE_OIL,CAPITAN INVESTMENT LTD.,0.0,4.727494838709677
2025-10,CRUDE_OIL,CARDINAL ENERGY LTD.,0.0,14168.38319032258
2025-10,CRUDE_OIL,CENOVUS ENERGY INC.,0.0,13579.69848967742
2025-10,CRUDE_OIL,CLAMPETT ENERGY LTD.,0.0,22.48096258064516
2025-10,CRUDE_OIL,CLEAR NORTH ENERGY CORP.,0.0,198.1287
2025-10,CRUDE_OIL,CLEARVIEW RESOURCES LTD.,0.0,313.47551612903226
2025-10,CRUDE_OIL,COASTAL RESOURCES LIMITED,0.0,103.57880322580645
2025-10,CRUDE_OIL,COBALT ENERGY INC.,0.0,331.0666664516129
2025-10,CRUDE_OIL,CONCOURSE PETROLEUM INC.,0.0,135.49446580645161
2025-10,CRUDE_OIL,CONIFER ENERGY INC.,0.0,5745.914907096774
2025-10,CRUDE_OIL,CORSE ENERGY CORP.,0.0,1.9072296774193547
2025-10,CRUDE_OIL,COURSER ENERGY LTD.,0.0,92.96730193548386
2025-10,CRUDE_OIL,CRIMSON OIL & GAS LTD.,0.0,4.524598064516129
2025-10,CRUDE_OIL,CROVERRO ENERGY LTD.,0.0,265.97738129032257
2025-10,CRUDE_OIL,CYGNET ENERGY LTD.,0.0,1178.1201193548386
2025-10,CRUDE_OIL,DARK ENERGY LTD.,0.0,63.32408322580645
2025-10,CRUDE_OIL,DARK WARRIOR RESOURCES LTD.,0.0,161.3232251612903
2025-10,CRUDE_OIL,DCP OIL CORP.,0.0,3.3477967741935486
2025-10,CRUDE_OIL,DECCAN ENERGY LTD.,0.0,27.107009032258063
2025-10,CRUDE_OIL,DECIMUS OIL CORP.,0.0,79.12974193548386
2025-10,CRUDE_OIL,DECKLAND INC.,0.0,31.976531612903223
2025-10,CRUDE_OIL,DEL CANADA GP LTD.,0.0,431.54114903225803
2025-10,CRUDE_OIL,DELTAWEST ENERGY LTD.,0.0,145.21322129032256
2025-10,CRUDE_OIL,DERRICK PETROLEUM LTD.,0.0,6.20864129032258
2025-10,CRUDE_OIL,DIRE RESOURCES LTD.,0.0,9.98252129032258
2025-10,CRUDE_OIL,DOAG ENERGY LTD.,0.0,74.13848129032257
2025-10,CRUDE_OIL,DURHAM CREEK ENERGY LTD.,0.0,39.34168451612903
2025-10,CRUDE_OIL,DWL RESOURCES LTD.,0.0,85.13548645161289
2025-10,CRUDE_OIL,EAGLE ENERGY INC.,0.0,966.5799425806451
2025-10,CRUDE_OIL,ECLIPSE RESOURCES LTD.,0.0,704.4576
2025-10,CRUDE_OIL,ECOCHAIN ENERGY LTD.,0.0,27.95917548387097
2025-10,CRUDE_OIL,EDALIS ENERGY INC.,0.0,26.721505161290324
2025-10,CRUDE_OIL,EMBER RESOURCES INC.,0.0,124.29456387096774
2025-10,CRUDE_OIL,ENDRUM ENERGY CORP.,0.0,34.43158258064516
2025-10,CRUDE_OIL,ENER T CORPORATION,0.0,122.73225870967741
2025-10,CRUDE_OIL,ENERCAPITA ENERGY LTD.,0.0,2917.736771612903
2025-10,CRUDE_OIL,ENHANCE ENERGY INC.,0.0,2254.913589677419
2025-10,CRUDE_OIL,ENTRADA RESOURCES INC.,0.0,1186.2359903225806
2025-10,CRUDE_OIL,EP RESOURCES CORPORATION,0.0,456.9641148387097
2025-10,CRUDE_OIL,ERDOL RESOURCES CORP.,0.0,162.56089548387095
2025-10,CRUDE_OIL,EXECUTIVE ADVENTURES 2008 INC.,0.0,56.04008903225807
2025-10,CRUDE_OIL,FALLON ENERGY INC.,0.0,2.7391064516129027
2025-10,CRUDE_OIL,FIDDLEHEAD RESOURCES CORP.,0.0,16.414349032258063
2025-10,CRUDE_OIL,FIRE CREEK RESOURCES LTD.,0.0,190.68238838709675
2025-10,CRUDE_OIL,FIVE POINT ENERGY INC.,0.0,20.12736
2025-10,CRUDE_OIL,FLYWHEEL RESOURCES CORP.,0.0,136.3466322580645
2025-10,CRUDE_OIL,FORT CALGARY RESOURCES LTD.,0.0,29.27800451612903
2025-10,CRUDE_OIL,G. HERMAN GROUP INC.,0.0,28.791052258064518
2025-10,CRUDE_OIL,GLOBAL CANUCK ENERGY LTD.,0.0,0.4260832258064516
2025-10,CRUDE_OIL,GMT EXPLORATION ZAMA INC.,0.0,650.8116929032258
2025-10,CRUDE_OIL,GOLDEN SPIKE ENERGY INC.,0.0,7.385442580645162
2025-10,CRUDE_OIL,GOOSE CREEK RESOURCES LTD.,0.0,140.95238903225805
2025-10,CRUDE_OIL,GRAN TIERRA CANADA LTD.,0.0,2705.121241935484
2025-10,CRUDE_OIL,GRASSLAND ENERGY CORP.,0.0,1219.2270058064514
2025-10,CRUDE_OIL,GREEN DAWG ENERGY INC.,0.0,6.08690322580645
2025-10,CRUDE_OIL,GRIZZLY RESOURCES LTD.,0.0,1705.225649032258
2025-10,CRUDE_OIL,GRYPHON PETROLEUM CORP.,0.0,6.553565806451612
2025-10,CRUDE_OIL,GUNNARR RESOURCES INC.,0.0,32.382325161290325
2025-10,CRUDE_OIL,HALO EXPLORATION LTD.,0.0,201.65910387096773
2025-10,CRUDE_OIL,HARD ROCK RESOURCES LTD.,0.0,39.28081548387097
2025-10,CRUDE_OIL,HARVARD RESOURCES INC.,0.0,76.9587464516129
2025-10,CRUDE_OIL,HARVEST ENERGY CORPORATION,0.0,4.768074193548387
2025-10,CRUDE_OIL,HARVEST OPERATIONS CORP.,0.0,1176.9027387096774
2025-10,CRUDE_OIL,HBC ENERGY LTD.,0.0,4.260832258064515
2025-10,CRUDE_OIL,HEADWATER EXPLORATION INC.,0.0,512.8621761290323
2025-10,CRUDE_OIL,HEMISPHERE ENERGY CORPORATION,0.0,2731.0717393548384
2025-10,CRUDE_OIL,HESC ENERGY CORPORATION,0.0,97.22813419354839
2025-10,CRUDE_OIL,HIGHVALE ENERGY LIMITED,0.0,331.43188064516124
2025-10,CRUDE_OIL,HIGHWOOD ASSET MANAGEMENT LTD.,0.0,2374.2574722580644
2025-10,CRUDE_OIL,HITIC ENERGY LTD.,0.0,2251.403475483871
2025-10,CRUDE_OIL,HWN ENERGY LTD.,0.0,8929.689929032258
2025-10,CRUDE_OIL,HYDRO VAULT ENERGY LTD.,0.0,49.66913032258064
2025-10,CRUDE_OIL,INNES OILFIELD SERVICES LTD.,0.0,2.1507058064516125
2025-10,CRUDE_OIL,INPLAY OIL CORP.,0.0,9532.82088
2025-10,CRUDE_OIL,INSCH COMMODITY LTD.,0.0,19.376641935483867
2025-10,CRUDE_OIL,INSIGNIA ENERGY LTD.,0.0,750.3122709677419
2025-10,CRUDE_OIL,INTEGRITY OIL OPERATIONS LTD.,0.0,5.397054193548388
2025-10,CRUDE_OIL,IPC CANADA LTD.,0.0,11622.617074838709
2025-10,CRUDE_OIL,ISH ENERGY LTD.,0.0,915.0441619354838
2025-10,CRUDE_OIL,JAST ENERGY LTD.,0.0,30.373647096774192
2025-10,CRUDE_OIL,JOLI FOU PETROLEUMS LTD.,0.0,43.72425483870967
2025-10,CRUDE_OIL,JOURNEY ENERGY INC.,0.0,5369.095018064516
2025-10,CRUDE_OIL,JP ENERGY CORP.,0.0,0.9739045161290322
2025-10,CRUDE_OIL,JX ENERGY LTD.,0.0,30.19104
2025-10,CRUDE_OIL,KARVE ENERGY INC.,0.0,5124.584115483871
2025-10,CRUDE_OIL,KELT EXPLORATION LTD.,0.0,6399.161361290322
2025-10,CRUDE_OIL,KEYERA ENERGY LTD.,0.0,2.008678064516129
2025-10,CRUDE_OIL,KINMERC OIL & GAS INC.,0.0,274.60049419354834
2025-10,CRUDE_OIL,KIWETINOHK ENERGY CORP.,0.0,129.71190774193548
2025-10,CRUDE_OIL,KOHO ENERGY CORP.,0.0,2.617368387096774
2025-10,CRUDE_OIL,LEDGEND ROYALTY TRUST LTD.,0.0,22.643279999999997
2025-10,CRUDE_OIL,LOGAN ENERGY CORP.,0.0,5413.651149677419
2025-10,CRUDE_OIL,LOGIC ENERGY LTD.,0.0,134.35824387096773
2025-10,CRUDE_OIL,LONE TREE RESOURCES INC.,0.0,2.6579477419354838
2025-10,CRUDE_OIL,LONG RUN EXPLORATION LTD.,0.0,1081.7035722580645
2025-10,CRUDE_OIL,LONG TERM ASSET MANAGEMENT INC.,0.0,18.8694
2025-10,CRUDE_OIL,LONGRIDGE ENERGY LTD.,0.0,125.36991677419354
2025-10,CRUDE_OIL,LONGSHORE RESOURCES LTD.,0.0,2578.7368412903224
2025-10,CRUDE_OIL,LOTUS CREEK EXPLORATION INC.,0.0,1514.0968877419352
2025-10,CRUDE_OIL,LOYAL ENERGY (CANADA) OPERATING LTD.,0.0,952.4380374193548
2025-10,CRUDE_OIL,LYCOS ENERGY INC.,0.0,1474.0653541935483
2025-10,CRUDE_OIL,LYNX ENERGY ULC,0.0,1207.2155167741935
2025-10,CRUDE_OIL,MAGA ENERGY LTD.,0.0,119.1004064516129
2025-10,CRUDE_OIL,MANCAL ENERGY INC.,0.0,2291.6176161290323
2025-10,CRUDE_OIL,MARLIN RESOURCES LTD.,0.0,217.46476258064516
2025-10,CRUDE_OIL,MATO INC.,0.0,3.4086658064516127
2025-10,CRUDE_OIL,MCLAND RESOURCES LTD.,0.0,22.15632774193548
2025-10,CRUDE_OIL,MORNING STAR PETROLEUM INCORPORATED,0.0,7.385442580645161
2025-10,CRUDE_OIL,MUDDY PETROLEUM COMPANY LTD.,0.0,1.014483870967742
2025-10,CRUDE_OIL,MURPHY OIL COMPANY LTD.,0.0,1913.296290967742
2025-10,CRUDE_OIL,N7 ENERGY LTD.,0.0,213.91406903225806
2025-10,CRUDE_OIL,NEW NORTH RESOURCES LTD.,0.0,21.405609677419353
2025-10,CRUDE_OIL,NEW TIMES ENERGY CANADA GP 2 LTD.,0.0,30.27219870967742
2025-10,CRUDE_OIL,NEW WEST DATA ACQUISITION CORP.,0.0,246.0123387096774
2025-10,CRUDE_OIL,NEW WEST DATA CORP.,0.0,64.11538064516128
2025-10,CRUDE_OIL,NORTH 40 RESOURCES LTD.,0.0,3246.16578
2025-10,CRUDE_OIL,NORTH FORK RESOURCES LTD.,0.0,231.30232258064515
2025-10,CRUDE_OIL,NORTHERN SMILODON ENERGY INC.,0.0,6.472407096774193
2025-10,CRUDE_OIL,NORTHERN UTILITIES (SASK.) LTD.,0.0,9.312961935483871
2025-10,CRUDE_OIL,NORTHROCK RESOURCES PARTNERSHIP LTD.,0.0,4.930391612903226
2025-10,CRUDE_OIL,NOVACOR EXPLORATION LTD.,0.0,37.47503419354839
2025-10,CRUDE_OIL,NOVUS ENERGY INC.,0.0,63.42553161290323
2025-10,CRUDE_OIL,NUOVA STRADA VENTURES LTD.,0.0,123.15834193548386
2025-10,CRUDE_OIL,NVP EXPLORATION INC.,0.0,12.721627741935484
2025-10,CRUDE_OIL,NVS ENGINEERING INC.,0.0,15.115809677419353
2025-10,CRUDE_OIL,OAK RESOURCES LTD.,0.0,3.246348387096774
2025-10,CRUDE_OIL,OBSIDIAN ENERGY LTD.,0.0,3953.8088593548387
2025-10,CRUDE_OIL,OHANA RESOURCES INC.,0.0,162.78408193548387
2025-10,CRUDE_OIL,ORGA ENERGY LTD.,0.0,319.4203916129032
2025-10,CRUDE_OIL,ORLEN UPSTREAM CANADA LTD.,0.0,1432.3294877419355
2025-10,CRUDE_OIL,OUTLIER RESOURCES LTD.,0.0,198.25043806451612
2025-10,CRUDE_OIL,OUTPOST ENERGY LTD.,0.0,16.19116258064516
2025-10,CRUDE_OIL,OVINTIV CANADA ULC,0.0,257.5774548387097
2025-10,CRUDE_OIL,PARAGON ENERGY LTD.,0.0,13.208579999999998
2025-10,CRUDE_OIL,PARALLAX ENERGY OPERATING INC.,0.0,12891.634949032257
2025-10,CRUDE_OIL,PARAMOUNT RESOURCES LTD.,0.0,1318.7884529032258
2025-10,CRUDE_OIL,PENTACOR ENERGY CORP.,0.0,220.1835793548387
2025-10,CRUDE_OIL,PERSIST OIL AND GAS INC.,0.0,1184.2881812903224
2025-10,CRUDE_OIL,PERTHRO (CANADA) INC.,0.0,4.504308387096774
2025-10,CRUDE_OIL,PETRUS RESOURCES CORP.,0.0,910.7224606451613
2025-10,CRUDE_OIL,PEYTO EXPLORATION & DEVELOPMENT CORP.,0.0,47.498134838709674
2025-10,CRUDE_OIL,PINE CLIFF ENERGY LTD.,0.0,1205.6126322580644
2025-10,CRUDE_OIL,PISMO ENERGY LTD.,0.0,1.1565116129032258
2025-10,CRUDE_OIL,PLATFORM ENERGY INC.,0.0,37.15039935483871
2025-10,CRUDE_OIL,POINT BAR RESOURCES INC.,0.0,743.6166774193548
2025-10,CRUDE_OIL,POINTBREAK RESOURCES INC.,0.0,1181.001253548387
2025-10,CRUDE_OIL,POKER CHIP EXPLORATION LTD.,0.0,15.886817419354838
2025-10,CRUDE_OIL,POTTS PETROLEUM INC.,0.0,239.96601483870967
2025-10,CRUDE_OIL,PRAIRIE PROVIDENT RESOURCES CANADA LTD.,0.0,1217.3400658064515
2025-10,CRUDE_OIL,PRAIRIE THUNDER RESOURCES LTD.,0.0,4546.389178064515
2025-10,CRUDE_OIL,PRIMROSE DRILLING VENTURES LTD.,0.0,15.034650967741934
2025-10,CRUDE_OIL,PRONGHORN RESOURCES LTD.,0.0,20.289677419354838
2025-10,CRUDE_OIL,PROSPERA ENERGY INC.,0.0,48.39088064516129
2025-10,CRUDE_OIL,PULSE OIL OPERATING CORP.,0.0,117.55839096774193
2025-10,CRUDE_OIL,QUESTERRE ENERGY CORPORATION,0.0,2.394181935483871
2025-10,CRUDE_OIL,RAKE RESOURCES LTD,0.0,16.049134838709676
2025-10,CRUDE_OIL,RALLY CANADA RESOURCES LTD.,0.0,360.8519129032258
2025-10,CRUDE_OIL,RAMPART OIL INC.,0.0,508.9259787096774
2025-10,CRUDE_OIL,RANAHAN RESOURCES LIMITED,0.0,1264.8382006451614
2025-10,CRUDE_OIL,RED ANGUS ENERGY INC.,0.0,64.48059483870968
2025-10,CRUDE_OIL,RED JACK PETROLEUM LTD.,0.0,8.440505806451613
2025-10,CRUDE_OIL,RELENTLESS RESOURCES LTD.,0.0,35.466356129032256
2025-10,CRUDE_OIL,RESISTANCE ENERGY LTD.,0.0,14.283932903225807
2025-10,CRUDE_OIL,RESOURCEFUL PETROLEUM CANADA LIMITED,0.0,38.8141529032258
2025-10,CRUDE_OIL,RESPONSE ENERGY CORPORATION,0.0,720.1415206451613
2025-10,CRUDE_OIL,REVOLUTION OIL & GAS CORPORATION,0.0,423.648464516129
2025-10,CRUDE_OIL,REX ENERGY LTD.,0.0,22.399803870967737
2025-10,CRUDE_OIL,RIBBON CREEK RESOURCES INC.,0.0,39.34168451612903
2025-10,CRUDE_OIL,RICOCHET OIL CORP.,0.0,9668.05158
2025-10,CRUDE_OIL,RIDGELINE EXPLORATION INC.,0.0,97.9382729032258
2025-10,CRUDE_OIL,RIMFIRE ENERGY INC.,0.0,9.170934193548387
2025-10,CRUDE_OIL,RISING TIDE ENERGY LTD.,0.0,39.07791870967742
2025-10,CRUDE_OIL,ROCKEAST ENERGY CORP.,0.0,990.5420516129032
2025-10,CRUDE_OIL,ROK RESOURCES INC.,0.0,112.77002709677419
2025-10,CRUDE_OIL,RTD ENERGY INC.,0.0,8.521664516129032
2025-10,CRUDE_OIL,RUBELLITE ENERGY INC.,0.0,5196.653049677419
2025-10,CRUDE_OIL,RURALCO RESOURCES CORP.,0.0,11.849171612903223
2025-10,CRUDE_OIL,RUSH RESOURCES LTD.,0.0,207.3807929032258
2025-10,CRUDE_OIL,SAND HILLS DIV CORP LTD.,0.0,290.6496290322581
2025-10,CRUDE_OIL,SANDPOINT RESOURCES INC.,0.0,27.93888580645161
2025-10,CRUDE_OIL,SATURN OIL & GAS INC.,0.0,3870.540023225806
2025-10,CRUDE_OIL,SHACKLETON EXPLORATION LTD.,0.0,528.3026206451613
2025-10,CRUDE_OIL,SHANPET RESOURCES LTD.,0.0,4.301411612903226
2025-10,CRUDE_OIL,SHARPTAIL ENERGY INC.,0.0,686.4200767741935
2025-10,CRUDE_OIL,SHOT POINT RESOURCES LTD.,0.0,56.425592903225805
2025-10,CRUDE_OIL,SIFTON PETROLEUM INC.,0.0,655.3565806451613
2025-10,CRUDE_OIL,SIGNALTA RESOURCES LIMITED,0.0,158.7667258064516
2025-10,CRUDE_OIL,SILVERLEAF RESOURCES INC.,0.0,84.38476838709677
2025-10,CRUDE_OIL,SINOPEC CANADA ENERGY LTD.,0.0,2136.7059290322577
2025-10,CRUDE_OIL,SOGAR RESOURCES LTD.,0.0,8.460795483870967
2025-10,CRUDE_OIL,SPARK INFRASTRUCTURE CORP.,0.0,9.292672258064517
2025-10,CRUDE_OIL,SPARTAN DELTA CORP.,0.0,9038.949841935484
2025-10,CRUDE_OIL,SPOKE RESOURCES LTD.,0.0,2140.702995483871
2025-10,CRUDE_OIL,SPUR PETROLEUM LTD.,0.0,30141.06652451613
2025-10,CRUDE_OIL,STRATHCONA RESOURCES LTD.,0.0,3970.5681329032254
2025-10,CRUDE_OIL,SUCCESS RESOURCES LTD.,0.0,25.382386451612902
2025-10,CRUDE_OIL,SUEDE ENERGY LTD.,0.0,3431.958356129032
2025-10,CRUDE_OIL,SUMERIAN OIL & GAS INC.,0.0,89.3557393548387
2025-10,CRUDE_OIL,SUN CENTURY PETROLEUM CORPORATION,0.0,50.72419354838709
2025-10,CRUDE_OIL,SUPREME ENERGY INC.,0.0,39.361974193548384
2025-10,CRUDE_OIL,SURGE ENERGY INC.,0.0,13374.87419612903
2025-10,CRUDE_OIL,SUTTON ENERGY LTD.,0.0,5.052129677419354
2025-10,CRUDE_OIL,TAGGART OIL CORP.,0.0,79.33263870967741
2025-10,CRUDE_OIL,TAKU GAS LIMITED,0.0,27.73598903225806
2025-10,CRUDE_OIL,TAMARACK VALLEY ENERGY LTD.,0.0,42144.37881677419
2025-10,CRUDE_OIL,TAQA NORTH LTD.,0.0,5670.051803225806
2025-10,CRUDE_OIL,TEINE ENERGY LTD.,0.0,11128.035898064516
2025-10,CRUDE_OIL,TENAZ ENERGY CORP.,0.0,1402.118158064516
2025-10,CRUDE_OIL,TEXCAL ENERGY CANADA INC.,0.0,771.9613567741935
2025-10,CRUDE_OIL,THOROUGHBRED ENERGY LTD.,0.0,66.91535612903225
2025-10,CRUDE_OIL,TIDEWATER MIDSTREAM AND INFRASTRUCTURE LTD.,0.0,97.14697548387096
2025-10,CRUDE_OIL,TOP OIL PRODUCTION LTD.,0.0,260.9455412903226
2025-10,CRUDE_OIL,TOURMALINE OIL CORP.,0.0,12789.31410580645
2025-10,CRUDE_OIL,TOWER RIDGE ENTERPRISES CORP.,0.0,9.069485806451613
2025-10,CRUDE_OIL,TRIPLE 555 OIL COMPANY LTD.,0.0,27.24903677419355
2025-10,CRUDE_OIL,TUKTU RESOURCES LTD.,0.0,205.96051548387095
2025-10,CRUDE_OIL,TYKEWEST LIMITED,0.0,110.3352658064516
2025-10,CRUDE_OIL,ULYSSES ENERGY CORP.,0.0,509.0274270967742
2025-10,CRUDE_OIL,UNIT 18 CORP.,0.0,177.31149096774192
2025-10,CRUDE_OIL,"VAALCO ENERGY CANADA, INC.",0.0,422.9991948387096
2025-10,CRUDE_OIL,VANRENA RESOURCES LTD.,0.0,4.139094193548386
2025-10,CRUDE_OIL,VANTAGE POINT RESOURCES INC.,0.0,1005.8810477419354
2025-10,CRUDE_OIL,VERMILION ENERGY INC.,0.0,2994.4926212903224
2025-10,CRUDE_OIL,VITAL ENERGY INC.,0.0,252.58619419354835
2025-10,CRUDE_OIL,VULTURE ENERGY LTD.,0.0,21.14184387096774
2025-10,CRUDE_OIL,WASP ENTERPRIZES LTD.,0.0,41.26920387096774
2025-10,CRUDE_OIL,WESCAN ENERGY CORP.,0.0,193.88815741935483
2025-10,CRUDE_OIL,WEST 5 RESOURCES INC.,0.0,84.89201032258065
2025-10,CRUDE_OIL,WEST LAKE ENERGY CORP.,0.0,6469.6274109677415
2025-10,CRUDE_OIL,WESTGATE ENERGY OPERATIONS LTD.,0.0,120.15546967741935
2025-10,CRUDE_OIL,WHITE TUNDRA PETROLEUM LTD.,0.0,27.167878064516128
2025-10,CRUDE_OIL,WHITECAP PARTNERSHIP,0.0,38741.069485161286
2025-10,CRUDE_OIL,WHITECAP RESOURCES INC.,0.0,18045.09127548387
2025-10,CRUDE_OIL,WHITEMUD CREEK RESOURCES LTD.,0.0,23.231680645161287
2025-10,CRUDE_OIL,WILCOX ENERGY CORP.,0.0,19.031717419354838
2025-10,CRUDE_OIL,WILDCAT RENTALS LTD.,0.0,8.988327096774192
2025-10,CRUDE_OIL,WOLF LAKE EXPLORATION LTD.,0.0,546.6647787096774
2025-10,CRUDE_OIL,WOODCOTE INC.,0.0,645.5972458064516
2025-10,CRUDE_OIL,WOODSMAN ENERGY CORP.,0.0,295.1336477419355
2025-10,CRUDE_OIL,XENOTIME ENERGY INC.,0.0,5.863716774193548
2025-10,CRUDE_OIL,YANGARRA RESOURCES CORP.,0.0,1464.792971612903
2025-10,CRUDE_OIL,ZNX ENERGY LTD.,0.0,13.939008387096774
2025-10,CRUDE_OIL,ZYZYGY RESOURCES LTD.,0.0,55.24879161290322
2025-10,GAS,1170778 ALBERTA LTD.,0.0019366125806451614,0.0
2025-10,GAS,1288131 ALBERTA LTD.,0.045225599677419355,0.0
2025-10,GAS,1852797 ALBERTA ULC,0.009569144516129034,0.0
2025-10,GAS,2155192 ALBERTA LTD.,0.08691972935483872,0.0
2025-10,GAS,2363750 ALBERTA LTD.,0.1453598619354839,0.0
2025-10,GAS,501 ENERGY CORP.,0.10412140580645163,0.0
2025-10,GAS,840586 ALBERTA LTD.,0.10685544709677419,0.0
2025-10,GAS,935821 ALBERTA LTD.,0.0001139183870967742,0.0
2025-10,GAS,97837 RESOURCES LTD.,0.023011514193548393,0.0
2025-10,GAS,979968 ALBERTA LTD.,0.10537450806451613,0.0
2025-10,GAS,ACQUISITION OIL CORP.,0.44097807645161297,0.0
2025-10,GAS,ADANAC OIL & GAS LIMITED,0.0675536035483871,0.0
2025-10,GAS,ADVANTAGE ENERGY LTD.,437.0055144567742,0.0
2025-10,GAS,AENEID EXPLORATION INC.,0.03485902645161291,0.0
2025-10,GAS,AERADEN ENERGY CORP.,0.03155539322580646,0.0
2025-10,GAS,ALBERTA PETROLEUM ENERGY LIMITED,0.006379429677419356,0.0
2025-10,GAS,ALCHEMY ENERGY LTD,0.34779283580645165,0.0
2025-10,GAS,ALEXANDER OILFIELD SERVICES LTD.,0.0397575170967742,0.0
2025-10,GAS,ALLIED ENERGY II CORP.,4.56265924,0.0
2025-10,GAS,ALSACE ENERGY CORP.,0.002392286129032259,0.0
2025-10,GAS,ALTAGAS LTD.,8.834484837741938,0.0
2025-10,GAS,ALTAIR ENERGY LTD.,1.4310427787096776,0.0
2025-10,GAS,ALTIMA RESOURCES LTD.,0.058667969354838714,0.0
2025-10,GAS,APAR ENERGY INC.,0.009341307741935485,0.0
2025-10,GAS,APL OIL & GAS (1998) LTD.,0.30473168548387103,0.0
2025-10,GAS,ARAL RESOURCES LTD.,0.03474510806451613,0.0
2025-10,GAS,ARC RESOURCES LTD.,722.1280862145162,0.0
2025-10,GAS,ARCHER EXPLORATION CORP.,34.9546039783871,0.0
2025-10,GAS,ARROW EXPLORATION CORP.,0.8139468758064516,0.0
2025-10,GAS,ARTIS EXPLORATION LTD.,14.485292511290325,0.0
2025-10,GAS,ASCENSUN OIL AND GAS LTD.,0.056959193548387105,0.0
2025-10,GAS,ASPENLEAF ENERGY LIMITED,39.71001312935484,0.0
2025-10,GAS,ASTARA ENERGY CORP.,18.70767752903226,0.0
2025-10,GAS,ATCO NEXT ENERGY LTD.,22.393734780322582,0.0
2025-10,GAS,ATHABASCA OIL CORPORATION,5.018104951612904,0.0
2025-10,GAS,AVILA ENERGY CORPORATION,0.3610073687096775,0.0
2025-10,GAS,AXIOM OIL AND GAS INC.,4.193563665806452,0.0
2025-10,GAS,AYIK ENERGY CORP.,0.2744293945161291,0.0
2025-10,GAS,B-32 EXPLORATION LTD.,0.05707311193548388,0.0
2025-10,GAS,BACCALIEU ENERGY INC.,14.186484581935487,0.0
2025-10,GAS,BAND ENERGY RESOURCES LTD.,0.0005695919354838711,0.0
2025-10,GAS,BARCOMP PETROLEUM LTD.,0.002734041290322581,0.0
2025-10,GAS,"BARNWELL OF CANADA, LIMITED",2.288164723225807,0.0
2025-10,GAS,BARREL OIL CORP.,17.01428070483871,0.0
2025-10,GAS,BATTLE RIVER ENERGY LTD.,5.624378607741936,0.0
2025-10,GAS,BAY OIL AND GAS LTD.,0.1824972561290323,0.0
2025-10,GAS,BAYTEX ENERGY LTD.,75.94562937064516,0.0
2025-10,GAS,BDJ ENERGY INC.,0.060262826774193555,0.0
2025-10,GAS,BEAR HILLS INDUSTRIES LTD.,0.20163554516129037,0.0
2025-10,GAS,BEARSPAW PETROLEUM LTD.,4.5469385025806455,0.0
2025-10,GAS,BENCH CREEK RESOURCES LTD.,0.3778672900000001,0.0
2025-10,GAS,BIGHORN ENERGY CORPORATION,4.97481596451613,0.0
2025-10,GAS,BIRCHCLIFF ENERGY LTD.,436.09416736000003,0.0
2025-10,GAS,BITSTONE RESOURCES INC.,0.4350543203225807,0.0
2025-10,GAS,BLUE SKY RESOURCES LTD.,0.3892591287096775,0.0
2025-10,GAS,BLUE STAR ENERGY INC.,0.06424997032258065,0.0
2025-10,GAS,BONTERRA ENERGY CORP.,44.617275490322584,0.0
2025-10,GAS,BORNITE ENERGY LTD.,3.3640099709677425,0.0
2025-10,GAS,BORRADAILE OIL LTD.,0.01982179935483871,0.0
2025-10,GAS,BOUNTY DEVELOPMENTS LTD.,0.00216444935483871,0.0
2025-10,GAS,"BRIGHTSPOT INTERNATIONAL ENERGY (CANADA) CO., LTD.",0.03451727129032259,0.0
2025-10,GAS,BROTHERIN ENERGY LTD.,0.5249359277419355,0.0
2025-10,GAS,BRW PETROLEUM CORP.,0.13191749225806454,0.0
2025-10,GAS,BTG ENERGY CORP.,27.434623409354842,0.0
2025-10,GAS,C GROUP ENERGY INC.,0.25665812612903227,0.0
2025-10,GAS,CABOT ENERGY INC.,0.33218601677419357,0.0
2025-10,GAS,CALEDONIAN MIDSTREAM CORPORATION,13.969583972903227,0.0
2025-10,GAS,CALTEX TRILOGY INC.,6.255372553870968,0.0
2025-10,GAS,CANADIAN NATURAL RESOURCES LIMITED,2139.223153281613,0.0
2025-10,GAS,CANEX RESOURCES LTD.,0.0020505309677419357,0.0
2025-10,GAS,CANLIN RESOURCES PARTNERSHIP,203.40686216225808,0.0
2025-10,GAS,CANSTONE ENERGY LTD.,2.304113297419355,0.0
2025-10,GAS,CANUCK NORTH RESOURCES LTD.,0.04716221225806452,0.0
2025-10,GAS,CAPITAN INVESTMENT LTD.,0.0001139183870967742,0.0
2025-10,GAS,CARDINAL ENERGY LTD.,19.4761709683871,0.0
2025-10,GAS,CAVVY PRODUCTION LTD.,136.5135295854839,0.0
2025-10,GAS,CENOVUS ENERGY INC.,778.2307274103226,0.0
2025-10,GAS,CENTENNIAL PETROLEUM COMPANY LTD.,0.05422515225806453,0.0
2025-10,GAS,CHECK ENERGY LTD.,0.011505757096774195,0.0
2025-10,GAS,CLAMPETT ENERGY LTD.,0.02494812677419355,0.0
2025-10,GAS,CLEAR NORTH ENERGY CORP.,1.4473331080645164,0.0
2025-10,GAS,CLEARVIEW RESOURCES LTD.,4.0001302445161295,0.0
2025-10,GAS,CNOOC PETROLEUM NORTH AMERICA ULC,4.599910552580646,0.0
2025-10,GAS,COASTAL RESOURCES LIMITED,0.21758411935483873,0.0
2025-10,GAS,COBALT ENERGY INC.,0.2902640503225807,0.0
2025-10,GAS,CONCOURSE PETROLEUM INC.,0.3124781358064516,0.0
2025-10,GAS,CONIFER ENERGY INC.,11.080955431290324,0.0
2025-10,GAS,CONNACHER OIL AND GAS LIMITED,8.466186692258066,0.0
2025-10,GAS,CONOCOPHILLIPS CANADA RESOURCES CORP.,8.685821342580645,0.0
2025-10,GAS,CONVEGA ENERGY LTD.,0.06949021612903226,0.0
2025-10,GAS,CORSE ENERGY CORP.,1.1364498296774195,0.0
2025-10,GAS,COURSER ENERGY LTD.,0.2595060858064516,0.0
2025-10,GAS,CRIMSON OIL & GAS LTD.,0.0002278367741935484,0.0
2025-10,GAS,CROVERRO ENERGY LTD.,0.11050083548387099,0.0
2025-10,GAS,CYGNET ENERGY LTD.,21.835648601935485,0.0
2025-10,GAS,DARK ENERGY LTD.,0.019138289032258067,0.0
2025-10,GAS,DARK WARRIOR RESOURCES LTD.,0.13089222677419357,0.0
2025-10,GAS,DAVIES LIVESTOCK CO. LTD.,0.0011391838709677421,0.0
2025-10,GAS,DCP OIL CORP.,0.010594410000000002,0.0
2025-10,GAS,DECCAN ENERGY LTD.,0.024150698064516134,0.0
2025-10,GAS,DECIMUS OIL CORP.,0.12724683838709677,0.0
2025-10,GAS,DECKLAND INC.,0.1815859090322581,0.0
2025-10,GAS,DEERGARDEN RESOURCES LTD.,0.03007445419354839,0.0
2025-10,GAS,DEL CANADA GP LTD.,2.918816914193549,0.0
2025-10,GAS,DELTAWEST ENERGY LTD.,0.06254119451612904,0.0
2025-10,GAS,DERRICK PETROLEUM LTD.,0.024150698064516134,0.0
2025-10,GAS,DIRE RESOURCES LTD.,0.006949021612903226,0.0
2025-10,GAS,DOAG ENERGY LTD.,0.22271044677419358,0.0
2025-10,GAS,DURHAM CREEK ENERGY LTD.,0.0432889870967742,0.0
2025-10,GAS,DWL RESOURCES LTD.,0.15128361806451615,0.0
2025-10,GAS,EAGLE ENERGY INC.,0.4531673438709678,0.0
2025-10,GAS,ECLIPSE RESOURCES LTD.,0.44621832225806457,0.0
2025-10,GAS,ECOCHAIN ENERGY LTD.,0.01845477870967742,0.0
2025-10,GAS,EDALIS ENERGY INC.,0.049668416774193556,0.0
2025-10,GAS,EMBER RESOURCES INC.,166.11134924741938,0.0
2025-10,GAS,ENDRUM ENERGY CORP.,3.519052895806452,0.0
2025-10,GAS,ENER T CORPORATION,0.23922861290322586,0.0
2025-10,GAS,ENERCAPITA ENERGY LTD.,10.370788206129033,0.0
2025-10,GAS,ENHANCE ENERGY INC.,18.89735164354839,0.0
2025-10,GAS,ENTRADA RESOURCES INC.,11.793287105806453,0.0
2025-10,GAS,EP RESOURCES CORPORATION,0.18694007322580647,0.0
2025-10,GAS,ERDOL RESOURCES CORP.,0.464673100967742,0.0
2025-10,GAS,EVERGO RESOURCES LIMITED,0.0446560077419355,0.0
2025-10,GAS,EXECUTIVE ADVENTURES 2008 INC.,0.08498311677419355,0.0
2025-10,GAS,FABIAN SEED FARMS INC.,0.0017087758064516132,0.0
2025-10,GAS,FALLON ENERGY INC.,0.02574555548387097,0.0
2025-10,GAS,FIDDLEHEAD RESOURCES CORP.,4.70995571451613,0.0
2025-10,GAS,FIRE CREEK RESOURCES LTD.,0.10138736451612905,0.0
2025-10,GAS,FIVE POINT ENERGY INC.,0.2755685783870968,0.0
2025-10,GAS,FLYWHEEL RESOURCES CORP.,0.38834778161290323,0.0
2025-10,GAS,FORT CALGARY RESOURCES LTD.,0.02198624870967742,0.0
2025-10,GAS,G. HERMAN GROUP INC.,0.38538590354838714,0.0
2025-10,GAS,G2B DEVELOPMENT CORPORATION,1.236242336774194,0.0
2025-10,GAS,GEX RESOURCES LTD.,0.5023800870967743,0.0
2025-10,GAS,GLOBAL CANUCK ENERGY LTD.,0.0001139183870967742,0.0
2025-10,GAS,GMT EXPLORATION ZAMA INC.,0.7163188180645162,0.0
2025-10,GAS,GOLDEN SPIKE ENERGY INC.,0.008543879032258065,0.0
2025-10,GAS,GOOSE CREEK RESOURCES LTD.,1.223483477419355,0.0
2025-10,GAS,GRAN TIERRA CANADA LTD.,52.00887003709678,0.0
2025-10,GAS,GRASSLAND ENERGY CORP.,3.9456772554838713,0.0
2025-10,GAS,GREEN DAWG ENERGY INC.,0.00034175516129032263,0.0
2025-10,GAS,GREENFIRE RESOURCES OPERATING CORPORATION,3.2519142780645165,0.0
2025-10,GAS,GRIZZLY RESOURCES LTD.,0.07233817580645162,0.0
2025-10,GAS,GRYPHON PETROLEUM CORP.,0.3119085438709678,0.0
2025-10,GAS,GUNNARR RESOURCES INC.,0.046136946774193555,0.0
2025-10,GAS,HALO EXPLORATION LTD.,1.3825135458064517,0.0
2025-10,GAS,HARD ROCK RESOURCES LTD.,0.8854876229032259,0.0
2025-10,GAS,HARVARD RESOURCES INC.,0.06698401161290324,0.0
2025-10,GAS,HARVEST ENERGY CORPORATION,0.0018226941935483873,0.0
2025-10,GAS,HARVEST OPERATIONS CORP.,32.392465534193555,0.0
2025-10,GAS,HBC ENERGY LTD.,0.00034175516129032263,0.0
2025-10,GAS,HEADWATER EXPLORATION INC.,15.337857720322582,0.0
2025-10,GAS,HEMISPHERE ENERGY CORPORATION,0.987330660967742,0.0
2025-10,GAS,HESC ENERGY CORPORATION,0.3233003825806452,0.0
2025-10,GAS,HIGHVALE ENERGY LIMITED,4.651287745161291,0.0
2025-10,GAS,HIGHWOOD ASSET MANAGEMENT LTD.,15.834769724838711,0.0
2025-10,GAS,HIS MAJESTY THE KING IN RIGHT OF CANADA AS REPRESENTED HEREIN BY THE MINISTER OF NATIONAL DEFENCE,0.4906464932258065,0.0
2025-10,GAS,HITIC ENERGY LTD.,3.432361003225807,0.0
2025-10,GAS,HWN ENERGY LTD.,70.99416667548388,0.0
2025-10,GAS,HYDRO VAULT ENERGY LTD.,0.13749949322580646,0.0
2025-10,GAS,IMPERIAL OIL RESOURCES LIMITED,36.04810657612904,0.0
2025-10,GAS,INPLAY OIL CORP.,52.37750993774194,0.0
2025-10,GAS,INSCH COMMODITY LTD.,0.12599373612903228,0.0
2025-10,GAS,INSIGNIA ENERGY LTD.,35.70054157709678,0.0
2025-10,GAS,INTEGRITY OIL OPERATIONS LTD.,0.0036453883870967746,0.0
2025-10,GAS,IPC CANADA LTD.,109.94320497903227,0.0
2025-10,GAS,ISH ENERGY LTD.,5.008080133548388,0.0
2025-10,GAS,ISLANDER OIL & GAS INC.,0.25813906516129037,0.0
2025-10,GAS,JAST ENERGY LTD.,0.0038732251612903228,0.0
2025-10,GAS,JAYHAWK RESOURCES LTD.,1.3207697800000002,0.0
2025-10,GAS,JOLI FOU PETROLEUMS LTD.,0.003987143548387097,0.0
2025-10,GAS,JOURNEY ENERGY INC.,38.571057095161294,0.0
2025-10,GAS,JP ENERGY CORP.,0.011733593870967745,0.0
2025-10,GAS,JX ENERGY LTD.,2.7054477751612906,0.0
2025-10,GAS,KAISER EXPLORATION LTD.,0.15037227096774194,0.0
2025-10,GAS,KARVE ENERGY INC.,17.192790817419358,0.0
2025-10,GAS,KELT EXPLORATION LTD.,148.04788019741937,0.0
2025-10,GAS,KEYERA ENERGY LTD.,0.1617641096774194,0.0
2025-10,GAS,KIHEW RESOURCES INC.,0.0005695919354838711,0.0
2025-10,GAS,KINMERC OIL & GAS INC.,0.1554985983870968,0.0
2025-10,GAS,KIWETINOHK ENERGY CORP.,140.92900626935486,0.0
2025-10,GAS,KOHO ENERGY CORP.,0.0002278367741935484,0.0
2025-10,GAS,LEDGEND ROYALTY TRUST LTD.,0.1704219070967742,0.0
2025-10,GAS,LINEUP RESOURCES CORP.,0.334008710967742,0.0
2025-10,GAS,LOGAN ENERGY CORP.,65.03714637741936,0.0
2025-10,GAS,LOGIC ENERGY LTD.,0.5321127861290323,0.0
2025-10,GAS,LONE TREE RESOURCES INC.,0.049098824838709684,0.0
2025-10,GAS,LONG RUN EXPLORATION LTD.,15.282721220967744,0.0
2025-10,GAS,LONG TERM ASSET MANAGEMENT INC.,12.302844051290323,0.0
2025-10,GAS,LONGRIDGE ENERGY LTD.,0.48027992,0.0
2025-10,GAS,LONGSHORE RESOURCES LTD.,0.6728019941935485,0.0
2025-10,GAS,LOTUS CREEK EXPLORATION INC.,3.807608170322581,0.0
2025-10,GAS,LOYAL ENERGY (CANADA) OPERATING LTD.,29.176777303225812,0.0
2025-10,GAS,LYCOS ENERGY INC.,2.6762846680645165,0.0
2025-10,GAS,LYNX ENERGY ULC,87.25202929000001,0.0
2025-10,GAS,MAGA ENERGY LTD.,1.068098797419355,0.0
2025-10,GAS,MAHIKAN OIL CORPORATION,0.037934822903225814,0.0
2025-10,GAS,MANCAL ENERGY INC.,45.15029962354839,0.0
2025-10,GAS,MARLIN RESOURCES LTD.,0.4170552151612904,0.0
2025-10,GAS,MATO INC.,0.09364091419354839,0.0
2025-10,GAS,MCLAND RESOURCES LTD.,0.028365678387096777,0.0
2025-10,GAS,"MEDICINE HAT, CITY OF",10.897205072903228,0.0
2025-10,GAS,MEG ENERGY CORP.,55.737304928387104,0.0
2025-10,GAS,MORNING STAR PETROLEUM INCORPORATED,0.18443386870967743,0.0
2025-10,GAS,MUDDY PETROLEUM COMPANY LTD.,0.0002278367741935484,0.0
2025-10,GAS,MURPHY OIL COMPANY LTD.,16.126286877419357,0.0
2025-10,GAS,N7 ENERGY LTD.,8.143797656774195,0.0
2025-10,GAS,NEW NORTH RESOURCES LTD.,1.1426014225806453,0.0
2025-10,GAS,NEW TIMES ENERGY CANADA GP 2 LTD.,1.3437812941935485,0.0
2025-10,GAS,NEW TIMES ENERGY CANADA GP 3 LTD.,2.4179177661290328,0.0
2025-10,GAS,NEW WEST DATA ACQUISITION CORP.,3.7721795519354844,0.0
2025-10,GAS,NEW WEST DATA CORP.,0.48187477741935486,0.0
2025-10,GAS,NORTH 40 RESOURCES LTD.,21.346824802903228,0.0
2025-10,GAS,NORTH FORK RESOURCES LTD.,0.29539037774193555,0.0
2025-10,GAS,NORTHERN SMILODON ENERGY INC.,0.0018226941935483873,0.0
2025-10,GAS,NORTHERN UTILITIES (SASK.) LTD.,0.0001139183870967742,0.0
2025-10,GAS,NORTHROCK RESOURCES PARTNERSHIP LTD.,0.031099719677419358,0.0
2025-10,GAS,NORWEGIAN ENERGY INC.,0.17702917354838715,0.0
2025-10,GAS,NOVACOR EXPLORATION LTD.,0.020960983225806456,0.0
2025-10,GAS,NOVUS ENERGY INC.,0.27180927161290325,0.0
2025-10,GAS,NPS INDUSTRIAL POWER CORP.,0.4031571719354839,0.0
2025-10,GAS,NUOVA STRADA VENTURES LTD.,0.20585052548387098,0.0
2025-10,GAS,NUVISTA ENERGY LTD.,432.4482093809678,0.0
2025-10,GAS,NVP EXPLORATION INC.,0.02973269903225807,0.0
2025-10,GAS,NVS ENGINEERING INC.,0.008088205483870969,0.0
2025-10,GAS,O'NEILL INDUSTRIES INTERNATIONAL-CANADA INC.,0.019366125806451615,0.0
2025-10,GAS,OAK RESOURCES LTD.,0.0003417551612903226,0.0
2025-10,GAS,OBSIDIAN ENERGY LTD.,58.75500300258065,0.0
2025-10,GAS,OHANA RESOURCES INC.,0.0684649506451613,0.0
2025-10,GAS,OK RADIO GROUP LTD.,0.20038244290322582,0.0
2025-10,GAS,ORGA ENERGY LTD.,0.0018226941935483873,0.0
2025-10,GAS,ORLEN UPSTREAM CANADA LTD.,55.96263549806452,0.0
2025-10,GAS,OUTLIER RESOURCES LTD.,27.544440734516133,0.0
2025-10,GAS,OUTPOST ENERGY LTD.,0.10058993580645162,0.0
2025-10,GAS,OVINTIV CANADA ULC,615.2353878051614,0.0
2025-10,GAS,PARAGON ENERGY LTD.,0.011050083548387097,0.0
2025-10,GAS,PARALLAX ENERGY OPERATING INC.,18.607657185161294,0.0
2025-10,GAS,PARAMOUNT RESOURCES LTD.,159.1464929787097,0.0
2025-10,GAS,PENTACOR ENERGY CORP.,0.020391391290322584,0.0
2025-10,GAS,PERSIST OIL AND GAS INC.,11.198519206774195,0.0
2025-10,GAS,PERTHRO (CANADA) INC.,0.008202123870967743,0.0
2025-10,GAS,PETROCHINA CANADA LTD.,0.8216933261290323,0.0
2025-10,GAS,PETROCHINA DUVERNAY GAS PARTNERSHIP,59.174222667096785,0.0
2025-10,GAS,PETROFRONTIER CORP.,0.0005695919354838711,0.0
2025-10,GAS,PETRUS RESOURCES CORP.,47.70218541290323,0.0
2025-10,GAS,PEYTO CANADA CORP.,18.302811581290324,0.0
2025-10,GAS,PEYTO EXPLORATION & DEVELOPMENT CORP.,751.6699719483872,0.0
2025-10,GAS,PINE CLIFF ENERGY LTD.,110.43726902387098,0.0
2025-10,GAS,PLATFORM ENERGY INC.,0.48301396129032265,0.0
2025-10,GAS,POINT BAR RESOURCES INC.,1.0077220522580645,0.0
2025-10,GAS,POINTBREAK RESOURCES INC.,3.4977501574193552,0.0
2025-10,GAS,POKER CHIP EXPLORATION LTD.,0.025289881935483875,0.0
2025-10,GAS,POTTS PETROLEUM INC.,0.3807152496774194,0.0
2025-10,GAS,PRAIRIE PROVIDENT RESOURCES CANADA LTD.,6.298091949032258,0.0
2025-10,GAS,PRAIRIE THUNDER RESOURCES LTD.,9.458301925483871,0.0
2025-10,GAS,PRIMROSE DRILLING VENTURES LTD.,0.003303633225806452,0.0
2025-10,GAS,PRONGHORN RESOURCES LTD.,0.08475528000000002,0.0
2025-10,GAS,PROSPERA ENERGY INC.,0.1218926741935484,0.0
2025-10,GAS,PULSE OIL OPERATING CORP.,0.0786036870967742,0.0
2025-10,GAS,QUESTERRE ENERGY CORPORATION,0.0002278367741935484,0.0
2025-10,GAS,RAKE RESOURCES LTD,0.001139183870967742,0.0
2025-10,GAS,RALLY CANADA RESOURCES LTD.,0.4559013851612904,0.0
2025-10,GAS,RAMPART OIL INC.,0.24127914387096777,0.0
2025-10,GAS,RANAHAN RESOURCES LIMITED,6.99869002967742,0.0
2025-10,GAS,RED ANGUS ENERGY INC.,0.12360145000000002,0.0
2025-10,GAS,RED JACK PETROLEUM LTD.,0.026201229032258067,0.0
2025-10,GAS,RELENTLESS RESOURCES LTD.,0.1699662335483871,0.0
2025-10,GAS,RESISTANCE ENERGY LTD.,0.029277025483870976,0.0
2025-10,GAS,RESONANCE ENERGY LTD.,0.029049188709677425,0.0
2025-10,GAS,RESOURCEFUL PETROLEUM CANADA LIMITED,1.1531958325806453,0.0
2025-10,GAS,RESPONSE ENERGY CORPORATION,0.3338947925806452,0.0
2025-10,GAS,REVOLUTION OIL & GAS CORPORATION,0.7624557648387098,0.0
2025-10,GAS,REX ENERGY LTD.,0.3387932832258065,0.0
2025-10,GAS,RIBBON CREEK RESOURCES INC.,0.19537003387096777,0.0
2025-10,GAS,RICOCHET OIL CORP.,20.17574378354839,0.0
2025-10,GAS,RIDGELINE EXPLORATION INC.,0.3056430325806452,0.0
2025-10,GAS,RIMFIRE ENERGY INC.,0.06926237935483871,0.0
2025-10,GAS,RISING TIDE ENERGY LTD.,3.803621026774194,0.0
2025-10,GAS,ROCKEAST ENERGY CORP.,0.7748728690322582,0.0
2025-10,GAS,ROCKPOINT GAS STORAGE CANADA LTD.,59.70576586129033,0.0
2025-10,GAS,ROK RESOURCES INC.,4.060393071290323,0.0
2025-10,GAS,RTD ENERGY INC.,0.0002278367741935484,0.0
2025-10,GAS,RUBELLITE ENERGY INC.,10.211872056129033,0.0
2025-10,GAS,RURALCO RESOURCES CORP.,0.010366573225806454,0.0
2025-10,GAS,RUSH RESOURCES LTD.,0.61094431,0.0
2025-10,GAS,SAND HILLS DIV CORP LTD.,2.28839256,0.0
2025-10,GAS,SANDPOINT RESOURCES INC.,0.001594857419354839,0.0
2025-10,GAS,SATURN OIL & GAS INC.,31.026697991290327,0.0
2025-10,GAS,SCAVENGER ENERGY GP INC.,0.02301151419354839,0.0
2025-10,GAS,SHACKLETON EXPLORATION LTD.,4.2664714335483875,0.0
2025-10,GAS,SHANPET RESOURCES LTD.,0.053769478709677423,0.0
2025-10,GAS,SHARPTAIL ENERGY INC.,1.9229423741935485,0.0
2025-10,GAS,SHELL CANADA ENERGY,1.4381057187096775,0.0
2025-10,GAS,SHOT POINT RESOURCES LTD.,0.011505757096774195,0.0
2025-10,GAS,SIFTON PETROLEUM INC.,1.568542271935484,0.0
2025-10,GAS,SIGNALTA RESOURCES LIMITED,3.378819361290323,0.0
2025-10,GAS,SILVERLEAF RESOURCES INC.,0.8991578293548388,0.0
2025-10,GAS,SINOPEC CANADA ENERGY LTD.,93.07735993258066,0.0
2025-10,GAS,SOGAR RESOURCES LTD.,0.9431303267741936,0.0
2025-10,GAS,SPARK INFRASTRUCTURE CORP.,4.622580311612904,0.0
2025-10,GAS,SPARTAN DELTA CORP.,205.48484746129034,0.0
2025-10,GAS,SPOKE RESOURCES LTD.,10.811196690645163,0.0
2025-10,GAS,SPROCKET ENERGY CORPORATION,8.27571514903226,0.0
2025-10,GAS,SPUR PETROLEUM LTD.,37.03486764516129,0.0
2025-10,GAS,STORM DEVELOPMENT CORP.,17.650287060000004,0.0
2025-10,GAS,STRATHCONA RESOURCES LTD.,27.29382028290323,0.0
2025-10,GAS,SUCCESS RESOURCES LTD.,0.896537706451613,0.0
2025-10,GAS,SUEDE ENERGY LTD.,15.309378123548388,0.0
2025-10,GAS,SUMERIAN OIL & GAS INC.,0.3595264296774194,0.0
2025-10,GAS,SUN CENTURY PETROLEUM CORPORATION,5.552610023870969,0.0
2025-10,GAS,SUNCOR ENERGY INC.,8.44556746419355,0.0
2025-10,GAS,SUPREME ENERGY INC.,0.26486025,0.0
2025-10,GAS,SURGE ENERGY INC.,17.61930125870968,0.0
2025-10,GAS,SUTTON ENERGY LTD.,0.0060376745161290326,0.0
2025-10,GAS,TAGGART OIL CORP.,0.8869685619354839,0.0
2025-10,GAS,TAKU GAS LIMITED,0.02335326935483871,0.0
2025-10,GAS,TAMARACK VALLEY ENERGY LTD.,87.1892602587097,0.0
2025-10,GAS,TAQA NORTH LTD.,383.3668140554839,0.0
2025-10,GAS,TEINE ENERGY LTD.,21.95560466354839,0.0
2025-10,GAS,TENAZ ENERGY CORP.,7.930884191290324,0.0
2025-10,GAS,TEXCAL ENERGY CANADA INC.,1.8463892180645163,0.0
2025-10,GAS,THOR RESOURCES INC.,2.305138562903226,0.0
2025-10,GAS,THOROUGHBRED ENERGY LTD.,0.027682168064516132,0.0
2025-10,GAS,TIDEWATER MIDSTREAM AND INFRASTRUCTURE LTD.,3.9624232583870973,0.0
2025-10,GAS,TMAX ENERGY LTD.,1.3805769332258064,0.0
2025-10,GAS,TOP OIL PRODUCTION LTD.,0.8285284293548388,0.0
2025-10,GAS,TOURMALINE OIL CORP.,1756.067771752581,0.0
2025-10,GAS,TOWER RIDGE ENTERPRISES CORP.,0.0026201229032258074,0.0
2025-10,GAS,TRANSCANADA ENERGY LTD.,0.019366125806451615,0.0
2025-10,GAS,TRIPLE 555 OIL COMPANY LTD.,0.2319378361290323,0.0
2025-10,GAS,TUKTU RESOURCES LTD.,2.0415314151612907,0.0
2025-10,GAS,TYKEWEST LIMITED,0.16666260032258068,0.0
2025-10,GAS,ULYSSES ENERGY CORP.,0.3530330816129033,0.0
2025-10,GAS,UNIT 18 CORP.,0.047503967419354844,0.0
2025-10,GAS,"VAALCO ENERGY CANADA, INC.",5.421034286774194,0.0
2025-10,GAS,VANRENA RESOURCES LTD.,0.0005695919354838711,0.0
2025-10,GAS,VANTAGE POINT RESOURCES INC.,8.284714701612904,0.0
2025-10,GAS,VERMILION ENERGY INC.,326.0426259948388,0.0
2025-10,GAS,VITAL ENERGY INC.,0.3892591287096775,0.0
2025-10,GAS,VULTURE ENERGY LTD.,0.07985678935483873,0.0
2025-10,GAS,WARWICK GAS STORAGE LTD.,0.05547825451612904,0.0
2025-10,GAS,WASP ENTERPRIZES LTD.,0.007974287096774195,0.0
2025-10,GAS,WESCAN ENERGY CORP.,0.15584035354838713,0.0
2025-10,GAS,WEST 5 RESOURCES INC.,0.7990235670967742,0.0
2025-10,GAS,WEST LAKE ENERGY CORP.,5.168705059354839,0.0
2025-10,GAS,WESTGATE ENERGY OPERATIONS LTD.,0.6594735429032259,0.0
2025-10,GAS,WHITE TUNDRA PETROLEUM LTD.,0.10947557000000001,0.0
2025-10,GAS,WHITECAP PARTNERSHIP,478.94149287000005,0.0
2025-10,GAS,WHITECAP RESOURCES INC.,545.4048974538711,0.0
2025-10,GAS,WHITEHALL ENERGY LTD.,0.15572643516129034,0.0
2025-10,GAS,WHITEMUD CREEK RESOURCES LTD.,0.05285813161290323,0.0
2025-10,GAS,WILCOX ENERGY CORP.,0.02198624870967742,0.0
2025-10,GAS,WILDCAT RENTALS LTD.,0.0287074335483871,0.0
2025-10,GAS,WINDSOR SALT LTD/SEL WINDSOR LTEE,0.015378982258064517,0.0
2025-10,GAS,WINDTALKER ENERGY CORP.,0.05354164193548388,0.0
2025-10,GAS,WOLF LAKE EXPLORATION LTD.,6.868253476451613,0.0
2025-10,GAS,WOODCOTE INC.,0.3669311248387097,0.0
2025-10,GAS,WOODSMAN ENERGY CORP.,0.5765409570967742,0.0
2025-10,GAS,XENOTIME ENERGY INC.,0.0030757964516129038,0.0
2025-10,GAS,YANGARRA RESOURCES CORP.,41.2089512667742,0.0
2025-10,GAS,YOHO RESOURCES INC.,0.757785110967742,0.0
2025-10,GAS,ZNX ENERGY LTD.,0.10651369193548389,0.0
2025-10,GAS,ZYZYGY RESOURCES LTD.,0.2653159235483871,0.0
2025-10,OIL_AT_GAS_BATTERY,2155192 ALBERTA LTD.,0.0,5.7419787096774195
2025-10,OIL_AT_GAS_BATTERY,ADVANTAGE ENERGY LTD.,0.0,123.01631419354838
2025-10,OIL_AT_GAS_BATTERY,ALCHEMY ENERGY LTD,0.0,2.2318645161290322
2025-10,OIL_AT_GAS_BATTERY,ARC RESOURCES LTD.,0.0,4.768074193548387
2025-10,OIL_AT_GAS_BATTERY,AXIOM OIL AND GAS INC.,0.0,7.608629032258064
2025-10,OIL_AT_GAS_BATTERY,BACCALIEU ENERGY INC.,0.0,38.26633161290323
2025-10,OIL_AT_GAS_BATTERY,BARREL OIL CORP.,0.0,4.36228064516129
2025-10,OIL_AT_GAS_BATTERY,BAYTEX ENERGY LTD.,0.0,2.2927335483870968
2025-10,OIL_AT_GAS_BATTERY,BIRCHCLIFF ENERGY LTD.,0.0,0.6086903225806451
2025-10,OIL_AT_GAS_BATTERY,BONTERRA ENERGY CORP.,0.0,215.49666387096772
2025-10,OIL_AT_GAS_BATTERY,BTG ENERGY CORP.,0.0,12.924524516129031
2025-10,OIL_AT_GAS_BATTERY,CANADIAN NATURAL RESOURCES LIMITED,0.0,468.61038967741933
2025-10,OIL_AT_GAS_BATTERY,CANLIN RESOURCES PARTNERSHIP,0.0,2.779685806451613
2025-10,OIL_AT_GAS_BATTERY,CANSTONE ENERGY LTD.,0.0,0.9536148387096773
2025-10,OIL_AT_GAS_BATTERY,CENOVUS ENERGY INC.,0.0,25.970787096774192
2025-10,OIL_AT_GAS_BATTERY,CLEARVIEW RESOURCES LTD.,0.0,2.6985270967741934
2025-10,OIL_AT_GAS_BATTERY,CORSE ENERGY CORP.,0.0,0.06086903225806451
2025-10,OIL_AT_GAS_BATTERY,CYGNET ENERGY LTD.,0.0,702.7532670967742
2025-10,OIL_AT_GAS_BATTERY,DEL CANADA GP LTD.,0.0,0.46666258064516125
2025-10,OIL_AT_GAS_BATTERY,EMBER RESOURCES INC.,0.0,2.2724438709677415
2025-10,OIL_AT_GAS_BATTERY,ENERCAPITA ENERGY LTD.,0.0,5.782558064516128
2025-10,OIL_AT_GAS_BATTERY,ENHANCE ENERGY INC.,0.0,0.7912974193548385
2025-10,OIL_AT_GAS_BATTERY,GRAN TIERRA CANADA LTD.,0.0,86.19054967741936
2025-10,OIL_AT_GAS_BATTERY,HARD ROCK RESOURCES LTD.,0.0,2.2318645161290322
2025-10,OIL_AT_GAS_BATTERY,HARVEST OPERATIONS CORP.,0.0,23.353418709677417
2025-10,OIL_AT_GAS_BATTERY,HIGHWOOD ASSET MANAGEMENT LTD.,0.0,1.5420154838709677
2025-10,OIL_AT_GAS_BATTERY,HWN ENERGY LTD.,0.0,29.19684580645161
2025-10,OIL_AT_GAS_BATTERY,INPLAY OIL CORP.,0.0,7.831815483870968
2025-10,OIL_AT_GAS_BATTERY,JOURNEY ENERGY INC.,0.0,55.08647419354838
2025-10,OIL_AT_GAS_BATTERY,KARVE ENERGY INC.,0.0,19.84330451612903
2025-10,OIL_AT_GAS_BATTERY,KELT EXPLORATION LTD.,0.0,3550.89644516129
2025-10,OIL_AT_GAS_BATTERY,KIWETINOHK ENERGY CORP.,0.0,28.730183225806453
2025-10,OIL_AT_GAS_BATTERY,LOGAN ENERGY CORP.,0.0,434.5643109677419
2025-10,OIL_AT_GAS_BATTERY,LONG RUN EXPLORATION LTD.,0.0,55.08647419354838
2025-10,OIL_AT_GAS_BATTERY,LONG TERM ASSET MANAGEMENT INC.,0.0,0.1623174193548387
2025-10,OIL_AT_GAS_BATTERY,LOTUS CREEK EXPLORATION INC.,0.0,4.0985148387096775
2025-10,OIL_AT_GAS_BATTERY,LOYAL ENERGY (CANADA) OPERATING LTD.,0.0,2.4144716129032258
2025-10,OIL_AT_GAS_BATTERY,LYNX ENERGY ULC,0.0,13.573794193548386
2025-10,OIL_AT_GAS_BATTERY,MANCAL ENERGY INC.,0.0,6.634724516129032
2025-10,OIL_AT_GAS_BATTERY,MARLIN RESOURCES LTD.,0.0,0.24347612903225804
2025-10,OIL_AT_GAS_BATTERY,NEW NORTH RESOURCES LTD.,0.0,0.08115870967741935
2025-10,OIL_AT_GAS_BATTERY,NEW WEST DATA CORP.,0.0,7.770946451612902
2025-10,OIL_AT_GAS_BATTERY,NORTH 40 RESOURCES LTD.,0.0,43.58222709677419
2025-10,OIL_AT_GAS_BATTERY,OBSIDIAN ENERGY LTD.,0.0,13.249159354838708
2025-10,OIL_AT_GAS_BATTERY,ORLEN UPSTREAM CANADA LTD.,0.0,6.1071929032258065
2025-10,OIL_AT_GAS_BATTERY,OUTLIER RESOURCES LTD.,0.0,26.214263225806448
2025-10,OIL_AT_GAS_BATTERY,OUTPOST ENERGY LTD.,0.0,0.06086903225806451
2025-10,OIL_AT_GAS_BATTERY,OVINTIV CANADA ULC,0.0,65.6776858064516
2025-10,OIL_AT_GAS_BATTERY,PARAMOUNT RESOURCES LTD.,0.0,1.1768012903225806
2025-10,OIL_AT_GAS_BATTERY,PETRUS RESOURCES CORP.,0.0,16.759273548387096
2025-10,OIL_AT_GAS_BATTERY,PEYTO EXPLORATION & DEVELOPMENT CORP.,0.0,9.049196129032257
2025-10,OIL_AT_GAS_BATTERY,PINE CLIFF ENERGY LTD.,0.0,23.211390967741934
2025-10,OIL_AT_GAS_BATTERY,PRAIRIE PROVIDENT RESOURCES CANADA LTD.,0.0,11.889750967741934
2025-10,OIL_AT_GAS_BATTERY,RESISTANCE ENERGY LTD.,0.0,30.75915096774193
2025-10,OIL_AT_GAS_BATTERY,SIGNALTA RESOURCES LIMITED,0.0,3.6318522580645154
2025-10,OIL_AT_GAS_BATTERY,SILVERLEAF RESOURCES INC.,0.0,3.7941696774193545
2025-10,OIL_AT_GAS_BATTERY,SINOPEC CANADA ENERGY LTD.,0.0,1.1159322580645161
2025-10,OIL_AT_GAS_BATTERY,SOGAR RESOURCES LTD.,0.0,0.020289677419354838
2025-10,OIL_AT_GAS_BATTERY,SPARK INFRASTRUCTURE CORP.,0.0,0.7304283870967743
2025-10,OIL_AT_GAS_BATTERY,SPARTAN DELTA CORP.,0.0,5.255026451612903
2025-10,OIL_AT_GAS_BATTERY,SPOKE RESOURCES LTD.,0.0,0.20289677419354837
2025-10,OIL_AT_GAS_BATTERY,SUCCESS RESOURCES LTD.,0.0,21.304161290322583
2025-10,OIL_AT_GAS_BATTERY,TAQA NORTH LTD.,0.0,184.636064516129
2025-10,OIL_AT_GAS_BATTERY,TOURMALINE OIL CORP.,0.0,253.41807096774193
2025-10,OIL_AT_GAS_BATTERY,"VAALCO ENERGY CANADA, INC.",0.0,0.7912974193548385
2025-10,OIL_AT_GAS_BATTERY,VANTAGE POINT RESOURCES INC.,0.0,10.368025161290323
2025-10,OIL_AT_GAS_BATTERY,VERMILION ENERGY INC.,0.0,285.8612651612903
2025-10,OIL_AT_GAS_BATTERY,WESTGATE ENERGY OPERATIONS LTD.,0.0,4.4637290322580645
2025-10,OIL_AT_GAS_BATTERY,WHITECAP PARTNERSHIP,0.0,1.8869399999999998
2025-10,OIL_AT_GAS_BATTERY,WHITECAP RESOURCES INC.,0.0,125.16701999999998
2025-10,OIL_AT_GAS_BATTERY,YANGARRA RESOURCES CORP.,0.0,2.5970787096774193
2025-10,OIL_UNCLASSIFIED,CANADIAN NATURAL RESOURCES LIMITED,0.0,1.5217258064516128
2025-10,OIL_UNCLASSIFIED,CARDINAL ENERGY LTD.,0.0,15.541892903225804
2025-10,OIL_UNCLASSIFIED,PERSIST OIL AND GAS INC.,0.0,2.4347612903225806
2025-10,OIL_UNCLASSIFIED,VERMILION ENERGY INC.,0.0,40.0721129032258
2025-10,OIL_UNCLASSIFIED,WHITECAP RESOURCES INC.,0.0,2.4144716129032258
2025-11,BITUMEN,ATHABASCA OIL CORPORATION,0.0,35522.06482
2025-11,BITUMEN,AYIK ENERGY CORP.,0.0,655.1455679999999
2025-11,BITUMEN,BAYTEX ENERGY LTD.,0.0,36838.10064
2025-11,BITUMEN,BIGHORN ENERGY CORPORATION,0.0,148.75377
2025-11,BITUMEN,CALTEX TRILOGY INC.,0.0,13044.143661999999
2025-11,BITUMEN,CANADIAN NATURAL RESOURCES LIMITED,0.0,385273.01907599997
2025-11,BITUMEN,CENOVUS ENERGY INC.,0.0,525417.60436
2025-11,BITUMEN,CHECK ENERGY LTD.,0.0,195.71761
2025-11,BITUMEN,CLEAR NORTH ENERGY CORP.,0.0,2133.9823779999997
2025-11,BITUMEN,CNOOC PETROLEUM NORTH AMERICA ULC,0.0,80979.854142
2025-11,BITUMEN,CONNACHER OIL AND GAS LIMITED,0.0,20154.028752
2025-11,BITUMEN,CONOCOPHILLIPS CANADA RESOURCES CORP.,0.0,150918.320806
2025-11,BITUMEN,CROVERRO ENERGY LTD.,0.0,159.194838
2025-11,BITUMEN,DEERGARDEN RESOURCES LTD.,0.0,112.90191
2025-11,BITUMEN,EVERGO RESOURCES LIMITED,0.0,12.16028
2025-11,BITUMEN,GRAN TIERRA CANADA LTD.,0.0,210.058354
2025-11,BITUMEN,GREENFIRE RESOURCES OPERATING CORPORATION,0.0,18949.112731999998
2025-11,BITUMEN,HARVEST OPERATIONS CORP.,0.0,10898.944474
2025-11,BITUMEN,HEADWATER EXPLORATION INC.,0.0,21230.80058
2025-11,BITUMEN,HIGHWOOD ASSET MANAGEMENT LTD.,0.0,14.298812
2025-11,BITUMEN,IMPERIAL OIL RESOURCES LIMITED,0.0,163784.19056999998
2025-11,BITUMEN,IPC CANADA LTD.,0.0,727.5621319999999
2025-11,BITUMEN,ISLANDER OIL & GAS INC.,0.0,4231.924202
2025-11,BITUMEN,LINEUP RESOURCES CORP.,0.0,875.3933979999999
2025-11,BITUMEN,LOTUS CREEK EXPLORATION INC.,0.0,50.234536
2025-11,BITUMEN,MAHIKAN OIL CORPORATION,0.0,83.54951
2025-11,BITUMEN,MEG ENERGY CORP.,0.0,113462.22635
2025-11,BITUMEN,O'NEILL INDUSTRIES INTERNATIONAL-CANADA INC.,0.0,55.24541
2025-11,BITUMEN,OBSIDIAN ENERGY LTD.,0.0,13136.603722
2025-11,BITUMEN,PETROCHINA CANADA LTD.,0.0,9045.15172
2025-11,BITUMEN,PRAIRIE THUNDER RESOURCES LTD.,0.0,9.120209999999998
2025-11,BITUMEN,RUBELLITE ENERGY INC.,0.0,5323.959277999999
2025-11,BITUMEN,SPUR PETROLEUM LTD.,0.0,23239.364346
2025-11,BITUMEN,STRATHCONA RESOURCES LTD.,0.0,62688.717388
2025-11,BITUMEN,SUNCOR ENERGY INC.,0.0,288120.53764999995
2025-11,BITUMEN,SURGE ENERGY INC.,0.0,8.218672
2025-11,BITUMEN,TAMARACK VALLEY ENERGY LTD.,0.0,15955.775945999998
2025-11,BITUMEN,WEST LAKE ENERGY CORP.,0.0,27.2558
2025-11,BITUMEN,WESTGATE ENERGY OPERATIONS LTD.,0.0,244.54742399999998
2025-11,BITUMEN,WINDTALKER ENERGY CORP.,0.0,74.051912
2025-11,COND,ADVANTAGE ENERGY LTD.,0.0,0.10482999999999999
2025-11,COND,APL OIL & GAS (1998) LTD.,0.0,2.3691579999999997
2025-11,COND,ARC RESOURCES LTD.,0.0,73309.50594
2025-11,COND,ATHABASCA OIL CORPORATION,0.0,3026.0437459999994
2025-11,COND,BACCALIEU ENERGY INC.,0.0,54.218076
2025-11,COND,BARREL OIL CORP.,0.0,26.501023999999997
2025-11,COND,BEARSPAW PETROLEUM LTD.,0.0,9.32987
2025-11,COND,BIRCHCLIFF ENERGY LTD.,0.0,1026.0131419999998
2025-11,COND,BITSTONE RESOURCES INC.,0.0,6.91878
2025-11,COND,BLUE STAR ENERGY INC.,0.0,0.41931999999999997
2025-11,COND,BORNITE ENERGY LTD.,0.0,0.649946
2025-11,COND,BTG ENERGY CORP.,0.0,50.21357
2025-11,COND,CANADIAN NATURAL RESOURCES LIMITED,0.0,1450.868166
2025-11,COND,CANLIN RESOURCES PARTNERSHIP,0.0,52.43596599999999
2025-11,COND,CANSTONE ENERGY LTD.,0.0,0.398354
2025-11,COND,CARDINAL ENERGY LTD.,0.0,0.41931999999999997
2025-11,COND,CAVVY PRODUCTION LTD.,0.0,9.246005999999998
2025-11,COND,CENOVUS ENERGY INC.,0.0,98.980486
2025-11,COND,CLEARVIEW RESOURCES LTD.,0.0,2.51592
2025-11,COND,CORSE ENERGY CORP.,0.0,1.9917699999999998
2025-11,COND,CYGNET ENERGY LTD.,0.0,1162.271176
2025-11,COND,DEL CANADA GP LTD.,0.0,3.0400699999999996
2025-11,COND,EMBER RESOURCES INC.,0.0,16.101888
2025-11,COND,ENERCAPITA ENERGY LTD.,0.0,0.020966
2025-11,COND,ENTRADA RESOURCES INC.,0.0,0.922504
2025-11,COND,FIDDLEHEAD RESOURCES CORP.,0.0,0.9644359999999998
2025-11,COND,GRAN TIERRA CANADA LTD.,0.0,81.13842
2025-11,COND,GRYPHON PETROLEUM CORP.,0.0,8.512196
2025-11,COND,HARD ROCK RESOURCES LTD.,0.0,0.41931999999999997
2025-11,COND,HARVEST OPERATIONS CORP.,0.0,73.108442
2025-11,COND,HIGHWOOD ASSET MANAGEMENT LTD.,0.0,11.174878
2025-11,COND,HWN ENERGY LTD.,0.0,82.752802
2025-11,COND,INPLAY OIL CORP.,0.0,8.3864
2025-11,COND,INSIGNIA ENERGY LTD.,0.0,621.075818
2025-11,COND,ISH ENERGY LTD.,0.0,3.690016
2025-11,COND,JOURNEY ENERGY INC.,0.0,36.79533
2025-11,COND,JX ENERGY LTD.,0.0,15.179383999999999
2025-11,COND,KARVE ENERGY INC.,0.0,11.300673999999999
2025-11,COND,KELT EXPLORATION LTD.,0.0,519.43265
2025-11,COND,KIWETINOHK ENERGY CORP.,0.0,104.51550999999999
2025-11,COND,LONE TREE RESOURCES INC.,0.0,9.518564
2025-11,COND,LONG TERM ASSET MANAGEMENT INC.,0.0,0.398354
2025-11,COND,LOYAL ENERGY (CANADA) OPERATING LTD.,0.0,672.023198
2025-11,COND,LYNX ENERGY ULC,0.0,56.461437999999994
2025-11,COND,MAGA ENERGY LTD.,0.0,0.335456
2025-11,COND,MANCAL ENERGY INC.,0.0,39.20642
2025-11,COND,MURPHY OIL COMPANY LTD.,0.0,2316.2188499999997
2025-11,COND,NEW NORTH RESOURCES LTD.,0.0,6.960711999999999
2025-11,COND,NEW TIMES ENERGY CANADA GP 2 LTD.,0.0,5.430193999999999
2025-11,COND,NEW TIMES ENERGY CANADA GP 3 LTD.,0.0,17.338881999999998
2025-11,COND,NORTH 40 RESOURCES LTD.,0.0,1.8450079999999998
2025-11,COND,NPS INDUSTRIAL POWER CORP.,0.0,1.1111979999999997
2025-11,COND,NUVISTA ENERGY LTD.,0.0,7.568726
2025-11,COND,OBSIDIAN ENERGY LTD.,0.0,25.305961999999997
2025-11,COND,ORLEN UPSTREAM CANADA LTD.,0.0,168.902096
2025-11,COND,OUTLIER RESOURCES LTD.,0.0,27.318697999999998
2025-11,COND,OUTPOST ENERGY LTD.,0.0,0.29352399999999995
2025-11,COND,OVINTIV CANADA ULC,0.0,13.732729999999997
2025-11,COND,PARAMOUNT RESOURCES LTD.,0.0,5261.690258
2025-11,COND,PERSIST OIL AND GAS INC.,0.0,3.1029679999999997
2025-11,COND,PETROCHINA DUVERNAY GAS PARTNERSHIP,0.0,186.052284
2025-11,COND,PETRUS RESOURCES CORP.,0.0,567.612518
2025-11,COND,PEYTO EXPLORATION & DEVELOPMENT CORP.,0.0,103.907496
2025-11,COND,PINE CLIFF ENERGY LTD.,0.0,102.56567199999999
2025-11,COND,PRAIRIE PROVIDENT RESOURCES CANADA LTD.,0.0,7.610658
2025-11,COND,PRAIRIE THUNDER RESOURCES LTD.,0.0,5.681785999999999
2025-11,COND,RELENTLESS RESOURCES LTD.,0.0,1.3208579999999999
2025-11,COND,RESOURCEFUL PETROLEUM CANADA LIMITED,0.0,34.195546
2025-11,COND,ROK RESOURCES INC.,0.0,11.111979999999999
2025-11,COND,RUSH RESOURCES LTD.,0.0,5.576956
2025-11,COND,SATURN OIL & GAS INC.,0.0,3.6690499999999995
2025-11,COND,SIGNALTA RESOURCES LIMITED,0.0,12.36994
2025-11,COND,SINOPEC CANADA ENERGY LTD.,0.0,102.439876
2025-11,COND,SOGAR RESOURCES LTD.,0.0,2.2643279999999995
2025-11,COND,SPARK INFRASTRUCTURE CORP.,0.0,1.5514839999999999
2025-11,COND,SPARTAN DELTA CORP.,0.0,162.61229599999996
2025-11,COND,SPOKE RESOURCES LTD.,0.0,3.45939
2025-11,COND,SUCCESS RESOURCES LTD.,0.0,0.6289800000000001
2025-11,COND,SUN CENTURY PETROLEUM CORPORATION,0.0,0.922504
2025-11,COND,SURGE ENERGY INC.,0.0,6.625255999999999
2025-11,COND,SUTTON ENERGY LTD.,0.0,0.41931999999999997
2025-11,COND,TAMARACK VALLEY ENERGY LTD.,0.0,0.52415
2025-11,COND,TAQA NORTH LTD.,0.0,202.783152
2025-11,COND,TEINE ENERGY LTD.,0.0,74.99538199999999
2025-11,COND,TENAZ ENERGY CORP.,0.0,28.639555999999995
2025-11,COND,TOURMALINE OIL CORP.,0.0,220.83487799999997
2025-11,COND,VANTAGE POINT RESOURCES INC.,0.0,5.430193999999999
2025-11,COND,VERMILION ENERGY INC.,0.0,348.24526
2025-11,COND,WEST 5 RESOURCES INC.,0.0,0.20965999999999999
2025-11,COND,WHITECAP PARTNERSHIP,0.0,1355.514798
2025-11,COND,WHITECAP RESOURCES INC.,0.0,7419.049725999999
2025-11,COND,WHITEHALL ENERGY LTD.,0.0,1.25796
2025-11,COND,YANGARRA RESOURCES CORP.,0.0,200.707518
2025-11,CRUDE_OIL,1288131 ALBERTA LTD.,0.0,8.470264
2025-11,CRUDE_OIL,1852797 ALBERTA ULC,0.0,200.518824
2025-11,CRUDE_OIL,2155192 ALBERTA LTD.,0.0,22.286858
2025-11,CRUDE_OIL,2363750 ALBERTA LTD.,0.0,41.764272
2025-11,CRUDE_OIL,501 ENERGY CORP.,0.0,116.17260599999999
2025-11,CRUDE_OIL,840586 ALBERTA LTD.,0.0,41.449782
2025-11,CRUDE_OIL,935821 ALBERTA LTD.,0.0,14.88586
2025-11,CRUDE_OIL,97837 RESOURCES LTD.,0.0,6.2059359999999995
2025-11,CRUDE_OIL,979968 ALBERTA LTD.,0.0,5.262466
2025-11,CRUDE_OIL,ACQUISITION OIL CORP.,0.0,959.5509219999999
2025-11,CRUDE_OIL,ADANAC OIL & GAS LIMITED,0.0,16.793765999999998
2025-11,CRUDE_OIL,ADVANTAGE ENERGY LTD.,0.0,6004.012454
2025-11,CRUDE_OIL,AENEID EXPLORATION INC.,0.0,91.83107999999999
2025-11,CRUDE_OIL,AERADEN ENERGY CORP.,0.0,31.176441999999998
2025-11,CRUDE_OIL,ALBERTA PETROLEUM ENERGY LIMITED,0.0,18.575875999999997
2025-11,CRUDE_OIL,ALCHEMY ENERGY LTD,0.0,97.70156
2025-11,CRUDE_OIL,ALEXANDER OILFIELD SERVICES LTD.,0.0,23.27226
2025-11,CRUDE_OIL,ALLIED ENERGY II CORP.,0.0,2240.259032
2025-11,CRUDE_OIL,ALSACE ENERGY CORP.,0.0,28.408929999999998
2025-11,CRUDE_OIL,ALTAIR ENERGY LTD.,0.0,214.60797599999998
2025-11,CRUDE_OIL,ALTIMA RESOURCES LTD.,0.0,160.34796799999998
2025-11,CRUDE_OIL,APAR ENERGY INC.,0.0,31.469965999999996
2025-11,CRUDE_OIL,ARAL RESOURCES LTD.,0.0,25.05437
2025-11,CRUDE_OIL,ARC RESOURCES LTD.,0.0,6844.644224
2025-11,CRUDE_OIL,ARCHER EXPLORATION CORP.,0.0,7952.466697999999
2025-11,CRUDE_OIL,ARTIS EXPLORATION LTD.,0.0,9348.173318
2025-11,CRUDE_OIL,ASCENSUN OIL AND GAS LTD.,0.0,76.861356
2025-11,CRUDE_OIL,ASPENLEAF ENERGY LIMITED,0.0,16406.544945999998
2025-11,CRUDE_OIL,ASTARA ENERGY CORP.,0.0,4654.074611999999
2025-11,CRUDE_OIL,ATCO NEXT ENERGY LTD.,0.0,52.813354
2025-11,CRUDE_OIL,ATHABASCA OIL CORPORATION,0.0,56.92269
2025-11,CRUDE_OIL,AXIOM OIL AND GAS INC.,0.0,800.3770499999999
2025-11,CRUDE_OIL,B-32 EXPLORATION LTD.,0.0,141.478568
2025-11,CRUDE_OIL,BACCALIEU ENERGY INC.,0.0,1830.7301539999999
2025-11,CRUDE_OIL,BAND ENERGY RESOURCES LTD.,0.0,4.444791999999999
2025-11,CRUDE_OIL,BARCOMP PETROLEUM LTD.,0.0,93.92768
2025-11,CRUDE_OIL,"BARNWELL OF CANADA, LIMITED",0.0,415.357426
2025-11,CRUDE_OIL,BARREL OIL CORP.,0.0,1968.4977399999998
2025-11,CRUDE_OIL,BATTLE RIVER ENERGY LTD.,0.0,984.3536999999999
2025-11,CRUDE_OIL,BAY OIL AND GAS LTD.,0.0,137.809518
2025-11,CRUDE_OIL,BAYTEX ENERGY LTD.,0.0,6824.537829999999
2025-11,CRUDE_OIL,BDJ ENERGY INC.,0.0,47.949242
2025-11,CRUDE_OIL,BEARSPAW PETROLEUM LTD.,0.0,592.39433
2025-11,CRUDE_OIL,BENCH CREEK RESOURCES LTD.,0.0,18.219454
2025-11,CRUDE_OIL,BIGHORN ENERGY CORPORATION,0.0,135.20973399999997
2025-11,CRUDE_OIL,BIRCHCLIFF ENERGY LTD.,0.0,1399.7740239999998
2025-11,CRUDE_OIL,BITSTONE RESOURCES INC.,0.0,63.485048
2025-11,CRUDE_OIL,BLUE SKY RESOURCES LTD.,0.0,696.0921659999999
2025-11,CRUDE_OIL,BLUE STAR ENERGY INC.,0.0,10.69266
2025-11,CRUDE_OIL,BONTERRA ENERGY CORP.,0.0,6110.624564
2025-11,CRUDE_OIL,BORNITE ENERGY LTD.,0.0,2.599784
2025-11,CRUDE_OIL,BORRADAILE OIL LTD.,0.0,8.197706
2025-11,CRUDE_OIL,BOUNTY DEVELOPMENTS LTD.,0.0,27.234834
2025-11,CRUDE_OIL,"BRIGHTSPOT INTERNATIONAL ENERGY (CANADA) CO., LTD.",0.0,62.310952
2025-11,CRUDE_OIL,BROTHERIN ENERGY LTD.,0.0,115.58555799999999
2025-11,CRUDE_OIL,BRW PETROLEUM CORP.,0.0,292.035414
2025-11,CRUDE_OIL,BTG ENERGY CORP.,0.0,1534.7531319999998
2025-11,CRUDE_OIL,C GROUP ENERGY INC.,0.0,143.323576
2025-11,CRUDE_OIL,CABOT ENERGY INC.,0.0,227.774624
2025-11,CRUDE_OIL,CALEDONIAN MIDSTREAM CORPORATION,0.0,290.21137200000004
2025-11,CRUDE_OIL,CALTEX TRILOGY INC.,0.0,104.47357799999999
2025-11,CRUDE_OIL,CANADIAN NATURAL RESOURCES LIMITED,0.0,67134.95604199999
2025-11,CRUDE_OIL,CANEX RESOURCES LTD.,0.0,1.803076
2025-11,CRUDE_OIL,CANLIN RESOURCES PARTNERSHIP,0.0,707.329942
2025-11,CRUDE_OIL,CANUCK NORTH RESOURCES LTD.,0.0,19.120992
2025-11,CRUDE_OIL,CAPITAN INVESTMENT LTD.,0.0,3.9835399999999996
2025-11,CRUDE_OIL,CARDINAL ENERGY LTD.,0.0,13910.018495999999
2025-11,CRUDE_OIL,CENOVUS ENERGY INC.,0.0,12757.286849999999
2025-11,CRUDE_OIL,CENTENNIAL PETROLEUM COMPANY LTD.,0.0,0.14676199999999998
2025-11,CRUDE_OIL,CLAMPETT ENERGY LTD.,0.0,21.511115999999998
2025-11,CRUDE_OIL,CLEAR NORTH ENERGY CORP.,0.0,193.51617999999996
2025-11,CRUDE_OIL,CLEARVIEW RESOURCES LTD.,0.0,305.977804
2025-11,CRUDE_OIL,COASTAL RESOURCES LIMITED,0.0,101.37061
2025-11,CRUDE_OIL,COBALT ENERGY INC.,0.0,330.235466
2025-11,CRUDE_OIL,CONCOURSE PETROLEUM INC.,0.0,136.614456
2025-11,CRUDE_OIL,CONIFER ENERGY INC.,0.0,5641.761906
2025-11,CRUDE_OIL,CONVEGA ENERGY LTD.,0.0,1.698246
2025-11,CRUDE_OIL,CORSE ENERGY CORP.,0.0,1.593416
2025-11,CRUDE_OIL,COURSER ENERGY LTD.,0.0,97.156444
2025-11,CRUDE_OIL,COVEE ENERGY CORPORATION,0.0,81.893196
2025-11,CRUDE_OIL,CREST JINN PETROLEUM CORPORATION,0.0,26.542955999999997
2025-11,CRUDE_OIL,CROVERRO ENERGY LTD.,0.0,283.628048
2025-11,CRUDE_OIL,CYGNET ENERGY LTD.,0.0,1000.036268
2025-11,CRUDE_OIL,DARK ENERGY LTD.,0.0,54.868021999999996
2025-11,CRUDE_OIL,DARK WARRIOR RESOURCES LTD.,0.0,162.59133
2025-11,CRUDE_OIL,DECCAN ENERGY LTD.,0.0,54.700294
2025-11,CRUDE_OIL,DECIMUS OIL CORP.,0.0,70.298998
2025-11,CRUDE_OIL,DECKLAND INC.,0.0,29.436264
2025-11,CRUDE_OIL,DEL CANADA GP LTD.,0.0,407.096822
2025-11,CRUDE_OIL,DELTAWEST ENERGY LTD.,0.0,147.39097999999998
2025-11,CRUDE_OIL,DERRICK PETROLEUM LTD.,0.0,7.568726
2025-11,CRUDE_OIL,DIRE RESOURCES LTD.,0.0,23.314192
2025-11,CRUDE_OIL,DOAG ENERGY LTD.,0.0,72.37463199999999
2025-11,CRUDE_OIL,DURHAM CREEK ENERGY LTD.,0.0,40.25472
2025-11,CRUDE_OIL,DWL RESOURCES LTD.,0.0,90.028004
2025-11,CRUDE_OIL,EAGLE ENERGY INC.,0.0,961.689454
2025-11,CRUDE_OIL,ECLIPSE RESOURCES LTD.,0.0,665.1253839999999
2025-11,CRUDE_OIL,ECOCHAIN ENERGY LTD.,0.0,28.72342
2025-11,CRUDE_OIL,EDALIS ENERGY INC.,0.0,27.717051999999995
2025-11,CRUDE_OIL,EMBER RESOURCES INC.,0.0,116.277436
2025-11,CRUDE_OIL,ENDRUM ENERGY CORP.,0.0,27.905746
2025-11,CRUDE_OIL,ENER T CORPORATION,0.0,88.707146
2025-11,CRUDE_OIL,ENERCAPITA ENERGY LTD.,0.0,3395.925918
2025-11,CRUDE_OIL,ENHANCE ENERGY INC.,0.0,2319.636308
2025-11,CRUDE_OIL,ENTRADA RESOURCES INC.,0.0,1438.749818
2025-11,CRUDE_OIL,EP RESOURCES CORPORATION,0.0,444.70982599999996
2025-11,CRUDE_OIL,ERDOL RESOURCES CORP.,0.0,162.213942
2025-11,CRUDE_OIL,EXECUTIVE ADVENTURES 2008 INC.,0.0,23.754478000000002
2025-11,CRUDE_OIL,FALLON ENERGY INC.,0.0,5.430193999999999
2025-11,CRUDE_OIL,FIDDLEHEAD RESOURCES CORP.,0.0,20.295088
2025-11,CRUDE_OIL,FIRE CREEK RESOURCES LTD.,0.0,212.93069599999998
2025-11,CRUDE_OIL,FIVE POINT ENERGY INC.,0.0,20.44185
2025-11,CRUDE_OIL,FLYWHEEL RESOURCES CORP.,0.0,96.02427999999999
2025-11,CRUDE_OIL,FORT CALGARY RESOURCES LTD.,0.0,19.162923999999997
2025-11,CRUDE_OIL,G. HERMAN GROUP INC.,0.0,32.455368
2025-11,CRUDE_OIL,GMT EXPLORATION ZAMA INC.,0.0,759.870738
2025-11,CRUDE_OIL,GOLDEN SPIKE ENERGY INC.,0.0,5.535024
2025-11,CRUDE_OIL,GOOSE CREEK RESOURCES LTD.,0.0,128.41674999999998
2025-11,CRUDE_OIL,GRAN TIERRA CANADA LTD.,0.0,2500.635786
2025-11,CRUDE_OIL,GRASSLAND ENERGY CORP.,0.0,1148.978732
2025-11,CRUDE_OIL,GREEN DAWG ENERGY INC.,0.0,2.1385319999999997
2025-11,CRUDE_OIL,GRIZZLY RESOURCES LTD.,0.0,1690.132158
2025-11,CRUDE_OIL,GRYPHON PETROLEUM CORP.,0.0,9.32987
2025-11,CRUDE_OIL,GUNNARR RESOURCES INC.,0.0,20.75634
2025-11,CRUDE_OIL,HALO EXPLORATION LTD.,0.0,158.33523199999996
2025-11,CRUDE_OIL,HARD ROCK RESOURCES LTD.,0.0,35.998622
2025-11,CRUDE_OIL,HARVARD RESOURCES INC.,0.0,74.34543599999999
2025-11,CRUDE_OIL,HARVEST ENERGY CORPORATION,0.0,4.486723999999999
2025-11,CRUDE_OIL,HARVEST OPERATIONS CORP.,0.0,1083.292254
2025-11,CRUDE_OIL,HBC ENERGY LTD.,0.0,4.088369999999999
2025-11,CRUDE_OIL,HEADWATER EXPLORATION INC.,0.0,492.2187819999999
2025-11,CRUDE_OIL,HEMISPHERE ENERGY CORPORATION,0.0,3660.013654
2025-11,CRUDE_OIL,HESC ENERGY CORPORATION,0.0,111.39235799999999
2025-11,CRUDE_OIL,HIGHVALE ENERGY LIMITED,0.0,359.48303599999997
2025-11,CRUDE_OIL,HIGHWOOD ASSET MANAGEMENT LTD.,0.0,2142.767132
2025-11,CRUDE_OIL,HITIC ENERGY LTD.,0.0,2178.99638
2025-11,CRUDE_OIL,HWN ENERGY LTD.,0.0,9072.449451999999
2025-11,CRUDE_OIL,HYDRO VAULT ENERGY LTD.,0.0,47.27833
2025-11,CRUDE_OIL,INDRA OIL & GAS LTD.,0.0,29.289502
2025-11,CRUDE_OIL,INNES OILFIELD SERVICES LTD.,0.0,1.404722
2025-11,CRUDE_OIL,INPLAY OIL CORP.,0.0,9873.287753999999
2025-11,CRUDE_OIL,INSCH COMMODITY LTD.,0.0,16.018024
2025-11,CRUDE_OIL,INSIGNIA ENERGY LTD.,0.0,1089.4143259999998
2025-11,CRUDE_OIL,INTEGRITY OIL OPERATIONS LTD.,0.0,5.681786
2025-11,CRUDE_OIL,IPC CANADA LTD.,0.0,11432.067922
2025-11,CRUDE_OIL,ISH ENERGY LTD.,0.0,1082.537478
2025-11,CRUDE_OIL,JAST ENERGY LTD.,0.0,32.015082
2025-11,CRUDE_OIL,JOLI FOU PETROLEUMS LTD.,0.0,62.897999999999996
2025-11,CRUDE_OIL,JOURNEY ENERGY INC.,0.0,5307.354206
2025-11,CRUDE_OIL,JP ENERGY CORP.,0.0,19.016162
2025-11,CRUDE_OIL,JX ENERGY LTD.,0.0,27.046139999999998
2025-11,CRUDE_OIL,KARVE ENERGY INC.,0.0,8602.3498
2025-11,CRUDE_OIL,KELT EXPLORATION LTD.,0.0,6907.080972
2025-11,CRUDE_OIL,KEYERA ENERGY LTD.,0.0,2.075634
2025-11,CRUDE_OIL,KINMERC OIL & GAS INC.,0.0,256.015826
2025-11,CRUDE_OIL,KIWETINOHK ENERGY CORP.,0.0,226.097344
2025-11,CRUDE_OIL,KOHO ENERGY CORP.,0.0,2.075634
2025-11,CRUDE_OIL,LANCE EXPLORATION CORP.,0.0,0.35642199999999996
2025-11,CRUDE_OIL,LEDGEND ROYALTY TRUST LTD.,0.0,30.002346
2025-11,CRUDE_OIL,LOGAN ENERGY CORP.,0.0,5185.583677999999
2025-11,CRUDE_OIL,LOGIC ENERGY LTD.,0.0,137.704688
2025-11,CRUDE_OIL,LONE TREE RESOURCES INC.,0.0,1.509552
2025-11,CRUDE_OIL,LONG RUN EXPLORATION LTD.,0.0,319.794398
2025-11,CRUDE_OIL,LONG TERM ASSET MANAGEMENT INC.,0.0,20.483781999999998
2025-11,CRUDE_OIL,LONGRIDGE ENERGY LTD.,0.0,116.94834799999998
2025-11,CRUDE_OIL,LONGSHORE RESOURCES LTD.,0.0,2603.390152
2025-11,CRUDE_OIL,LOTUS CREEK EXPLORATION INC.,0.0,1556.327146
2025-11,CRUDE_OIL,LOYAL ENERGY (CANADA) OPERATING LTD.,0.0,948.690534
2025-11,CRUDE_OIL,LYCOS ENERGY INC.,0.0,1560.834836
2025-11,CRUDE_OIL,LYNX ENERGY ULC,0.0,1173.655714
2025-11,CRUDE_OIL,MAGA ENERGY LTD.,0.0,113.04867199999998
2025-11,CRUDE_OIL,MANCAL ENERGY INC.,0.0,2457.1942339999996
2025-11,CRUDE_OIL,MARLIN RESOURCES LTD.,0.0,211.7566
2025-11,CRUDE_OIL,MATO INC.,0.0,4.570588
2025-11,CRUDE_OIL,MCLAND RESOURCES LTD.,0.0,18.701672000000002
2025-11,CRUDE_OIL,MORNING STAR PETROLEUM INCORPORATED,0.0,5.094738
2025-11,CRUDE_OIL,MUDDY PETROLEUM COMPANY LTD.,0.0,1.614382
2025-11,CRUDE_OIL,MURPHY OIL COMPANY LTD.,0.0,1873.018576
2025-11,CRUDE_OIL,N7 ENERGY LTD.,0.0,252.20001399999998
2025-11,CRUDE_OIL,NEW NORTH RESOURCES LTD.,0.0,21.448217999999997
2025-11,CRUDE_OIL,NEW TIMES ENERGY CANADA GP 2 LTD.,0.0,33.713328
2025-11,CRUDE_OIL,NEW WEST DATA ACQUISITION CORP.,0.0,235.23852
2025-11,CRUDE_OIL,NEW WEST DATA CORP.,0.0,57.76133
2025-11,CRUDE_OIL,NORTH 40 RESOURCES LTD.,0.0,3309.1686099999997
2025-11,CRUDE_OIL,NORTH FORK RESOURCES LTD.,0.0,217.333556
2025-11,CRUDE_OIL,NORTHERN SMILODON ENERGY INC.,0.0,7.0865079999999985
2025-11,CRUDE_OIL,NORTHROCK RESOURCES PARTNERSHIP LTD.,0.0,23.754478
2025-11,CRUDE_OIL,NOVACOR EXPLORATION LTD.,0.0,38.619372
2025-11,CRUDE_OIL,NOVUS ENERGY INC.,0.0,64.30272199999999
2025-11,CRUDE_OIL,NUOVA STRADA VENTURES LTD.,0.0,116.403232
2025-11,CRUDE_OIL,NVP EXPLORATION INC.,0.0,10.965217999999998
2025-11,CRUDE_OIL,NVS ENGINEERING INC.,0.0,23.146463999999998
2025-11,CRUDE_OIL,OAK RESOURCES LTD.,0.0,0.20965999999999999
2025-11,CRUDE_OIL,OBSIDIAN ENERGY LTD.,0.0,3849.001178
2025-11,CRUDE_OIL,OHANA RESOURCES INC.,0.0,165.04435199999998
2025-11,CRUDE_OIL,ORGA ENERGY LTD.,0.0,358.057348
2025-11,CRUDE_OIL,ORLEN UPSTREAM CANADA LTD.,0.0,1608.993738
2025-11,CRUDE_OIL,OUTLIER RESOURCES LTD.,0.0,312.18374
2025-11,CRUDE_OIL,OUTPOST ENERGY LTD.,0.0,10.881353999999998
2025-11,CRUDE_OIL,OVINTIV CANADA ULC,0.0,400.953784
2025-11,CRUDE_OIL,PARAGON ENERGY LTD.,0.0,9.476632
2025-11,CRUDE_OIL,PARALLAX ENERGY OPERATING INC.,0.0,15835.410139999998
2025-11,CRUDE_OIL,PARAMOUNT RESOURCES LTD.,0.0,1278.2341219999998
2025-11,CRUDE_OIL,PENTACOR ENERGY CORP.,0.0,225.46836399999998
2025-11,CRUDE_OIL,PERSIST OIL AND GAS INC.,0.0,1273.097452
2025-11,CRUDE_OIL,PERTHRO (CANADA) INC.,0.0,3.35456
2025-11,CRUDE_OIL,PETRUS RESOURCES CORP.,0.0,761.296426
2025-11,CRUDE_OIL,PEYTO EXPLORATION & DEVELOPMENT CORP.,0.0,58.306445999999994
2025-11,CRUDE_OIL,PINE CLIFF ENERGY LTD.,0.0,1175.5426539999999
2025-11,CRUDE_OIL,PISMO ENERGY LTD.,0.0,3.690016
2025-11,CRUDE_OIL,POINT BAR RESOURCES INC.,0.0,759.996534
2025-11,CRUDE_OIL,POINTBREAK RESOURCES INC.,0.0,1178.519826
2025-11,CRUDE_OIL,POKER CHIP EXPLORATION LTD.,0.0,11.929654
2025-11,CRUDE_OIL,POTTS PETROLEUM INC.,0.0,209.17778199999998
2025-11,CRUDE_OIL,PRAIRIE PROVIDENT RESOURCES CANADA LTD.,0.0,1218.166532
2025-11,CRUDE_OIL,PRAIRIE THUNDER RESOURCES LTD.,0.0,5132.455833999999
2025-11,CRUDE_OIL,PRIMROSE DRILLING VENTURES LTD.,0.0,12.432837999999999
2025-11,CRUDE_OIL,PRONGHORN RESOURCES LTD.,0.0,14.822962
2025-11,CRUDE_OIL,PROSPERA ENERGY INC.,0.0,59.396677999999994
2025-11,CRUDE_OIL,PULSE OIL OPERATING CORP.,0.0,119.52716600000001
2025-11,CRUDE_OIL,QUESTERRE ENERGY CORPORATION,0.0,1.803076
2025-11,CRUDE_OIL,RAKE RESOURCES LTD,0.0,15.430976000000001
2025-11,CRUDE_OIL,RALLY CANADA RESOURCES LTD.,0.0,337.30100799999997
2025-11,CRUDE_OIL,RAMPART OIL INC.,0.0,490.625366
2025-11,CRUDE_OIL,RANAHAN RESOURCES LIMITED,0.0,1275.550474
2025-11,CRUDE_OIL,RED ANGUS ENERGY INC.,0.0,82.14478799999999
2025-11,CRUDE_OIL,RED JACK PETROLEUM LTD.,0.0,8.784754
2025-11,CRUDE_OIL,RELENTLESS RESOURCES LTD.,0.0,31.365136
2025-11,CRUDE_OIL,RESISTANCE ENERGY LTD.,0.0,16.395412
2025-11,CRUDE_OIL,RESOURCEFUL PETROLEUM CANADA LIMITED,0.0,36.984024
2025-11,CRUDE_OIL,RESPONSE ENERGY CORPORATION,0.0,695.190628
2025-11,CRUDE_OIL,REVOLUTION OIL & GAS CORPORATION,0.0,429.11112199999997
2025-11,CRUDE_OIL,REX ENERGY LTD.,0.0,12.621531999999998
2025-11,CRUDE_OIL,RIBBON CREEK RESOURCES INC.,0.0,42.24649
2025-11,CRUDE_OIL,RICOCHET OIL CORP.,0.0,9929.057314
2025-11,CRUDE_OIL,RIDGELINE EXPLORATION INC.,0.0,86.547648
2025-11,CRUDE_OIL,RIMFIRE ENERGY INC.,0.0,9.812088
2025-11,CRUDE_OIL,RISING TIDE ENERGY LTD.,0.0,47.026737999999995
2025-11,CRUDE_OIL,ROCKEAST ENERGY CORP.,0.0,992.886862
2025-11,CRUDE_OIL,ROK RESOURCES INC.,0.0,100.406174
2025-11,CRUDE_OIL,RTD ENERGY INC.,0.0,14.697166
2025-11,CRUDE_OIL,RUBELLITE ENERGY INC.,0.0,5189.7139799999995
2025-11,CRUDE_OIL,RURALCO RESOURCES CORP.,0.0,10.734592
2025-11,CRUDE_OIL,RUSH RESOURCES LTD.,0.0,212.783934
2025-11,CRUDE_OIL,SAND HILLS DIV CORP LTD.,0.0,268.82605199999995
2025-11,CRUDE_OIL,SANDPOINT RESOURCES INC.,0.0,26.354262
2025-11,CRUDE_OIL,SATURN OIL & GAS INC.,0.0,4181.87836
2025-11,CRUDE_OIL,SHACKLETON EXPLORATION LTD.,0.0,664.664132
2025-11,CRUDE_OIL,SHANPET RESOURCES LTD.,0.0,6.772018
2025-11,CRUDE_OIL,SHARPTAIL ENERGY INC.,0.0,666.886528
2025-11,CRUDE_OIL,SHOT POINT RESOURCES LTD.,0.0,60.969128
2025-11,CRUDE_OIL,SIFTON PETROLEUM INC.,0.0,610.236396
2025-11,CRUDE_OIL,SIGNALTA RESOURCES LIMITED,0.0,177.20463199999998
2025-11,CRUDE_OIL,SILVERLEAF RESOURCES INC.,0.0,92.58585599999999
2025-11,CRUDE_OIL,SINOPEC CANADA ENERGY LTD.,0.0,2186.145786
2025-11,CRUDE_OIL,SOGAR RESOURCES LTD.,0.0,9.854019999999998
2025-11,CRUDE_OIL,SPARK INFRASTRUCTURE CORP.,0.0,12.328007999999999
2025-11,CRUDE_OIL,SPARTAN DELTA CORP.,0.0,7628.940352
2025-11,CRUDE_OIL,SPOKE RESOURCES LTD.,0.0,2033.8068299999998
2025-11,CRUDE_OIL,SPUR PETROLEUM LTD.,0.0,33306.734361999996
2025-11,CRUDE_OIL,STRATHCONA RESOURCES LTD.,0.0,3730.207822
2025-11,CRUDE_OIL,SUCCESS RESOURCES LTD.,0.0,31.448999999999998
2025-11,CRUDE_OIL,SUEDE ENERGY LTD.,0.0,3382.6125079999997
2025-11,CRUDE_OIL,SUMERIAN OIL & GAS INC.,0.0,90.19573199999999
2025-11,CRUDE_OIL,SUN CENTURY PETROLEUM CORPORATION,0.0,51.555394
2025-11,CRUDE_OIL,SUPREME ENERGY INC.,0.0,86.296056
2025-11,CRUDE_OIL,SURGE ENERGY INC.,0.0,12873.124
2025-11,CRUDE_OIL,SUTTON ENERGY LTD.,0.0,4.465757999999999
2025-11,CRUDE_OIL,TAGGART OIL CORP.,0.0,56.482403999999995
2025-11,CRUDE_OIL,TAKU GAS LIMITED,0.0,25.117268
2025-11,CRUDE_OIL,TAMARACK VALLEY ENERGY LTD.,0.0,39957.883372
2025-11,CRUDE_OIL,TAQA NORTH LTD.,0.0,5387.800748
2025-11,CRUDE_OIL,TEINE ENERGY LTD.,0.0,11282.64324
2025-11,CRUDE_OIL,TENAZ ENERGY CORP.,0.0,1354.110076
2025-11,CRUDE_OIL,TEXCAL ENERGY CANADA INC.,0.0,769.787656
2025-11,CRUDE_OIL,THOROUGHBRED ENERGY LTD.,0.0,66.56705
2025-11,CRUDE_OIL,TIDEWATER MIDSTREAM AND INFRASTRUCTURE LTD.,0.0,125.29281599999999
2025-11,CRUDE_OIL,TOP OIL PRODUCTION LTD.,0.0,276.478642
2025-11,CRUDE_OIL,TOURMALINE OIL CORP.,0.0,12791.272735999999
2025-11,CRUDE_OIL,TOWER RIDGE ENTERPRISES CORP.,0.0,11.405503999999999
2025-11,CRUDE_OIL,TRIPLE 555 OIL COMPANY LTD.,0.0,21.951401999999998
2025-11,CRUDE_OIL,TUKTU RESOURCES LTD.,0.0,197.49971999999997
2025-11,CRUDE_OIL,TYKEWEST LIMITED,0.0,127.47327999999999
2025-11,CRUDE_OIL,ULYSSES ENERGY CORP.,0.0,459.86824399999995
2025-11,CRUDE_OIL,UNIT 18 CORP.,0.0,186.974788
2025-11,CRUDE_OIL,"VAALCO ENERGY CANADA, INC.",0.0,673.616614
2025-11,CRUDE_OIL,VANRENA RESOURCES LTD.,0.0,4.801214
2025-11,CRUDE_OIL,VANTAGE POINT RESOURCES INC.,0.0,1008.066246
2025-11,CRUDE_OIL,VERMILION ENERGY INC.,0.0,2881.4622099999997
2025-11,CRUDE_OIL,VITAL ENERGY INC.,0.0,284.11026599999997
2025-11,CRUDE_OIL,VULTURE ENERGY LTD.,0.0,23.565784
2025-11,CRUDE_OIL,WASP ENTERPRIZES LTD.,0.0,58.558037999999996
2025-11,CRUDE_OIL,WESCAN ENERGY CORP.,0.0,194.37578599999998
2025-11,CRUDE_OIL,WEST 5 RESOURCES INC.,0.0,92.75358399999999
2025-11,CRUDE_OIL,WEST LAKE ENERGY CORP.,0.0,6488.3689859999995
2025-11,CRUDE_OIL,WESTGATE ENERGY OPERATIONS LTD.,0.0,110.553718
2025-11,CRUDE_OIL,WHITE TUNDRA PETROLEUM LTD.,0.0,12.663463999999998
2025-11,CRUDE_OIL,WHITECAP PARTNERSHIP,0.0,43772.018092
2025-11,CRUDE_OIL,WHITECAP RESOURCES INC.,0.0,17844.728681999997
2025-11,CRUDE_OIL,WHITEMUD CREEK RESOURCES LTD.,0.0,20.504748
2025-11,CRUDE_OIL,WILCOX ENERGY CORP.,0.0,17.108255999999997
2025-11,CRUDE_OIL,WILDCAT RENTALS LTD.,0.0,15.200349999999998
2025-11,CRUDE_OIL,WOLF LAKE EXPLORATION LTD.,0.0,494.58794
2025-11,CRUDE_OIL,WOODCOTE INC.,0.0,606.210924
2025-11,CRUDE_OIL,WOODSMAN ENERGY CORP.,0.0,306.14553199999995
2025-11,CRUDE_OIL,XENOTIME ENERGY INC.,0.0,5.535023999999999
2025-11,CRUDE_OIL,YANGARRA RESOURCES CORP.,0.0,1668.9774639999998
2025-11,CRUDE_OIL,ZNX ENERGY LTD.,0.0,14.529437999999999
2025-11,CRUDE_OIL,ZYZYGY RESOURCES LTD.,0.0,58.474174000000005
2025-11,GAS,1170778 ALBERTA LTD.,0.0017657350000000003,0.0
2025-11,GAS,1288131 ALBERTA LTD.,0.04473195333333334,0.0
2025-11,GAS,1852797 ALBERTA ULC,0.009534969,0.0
2025-11,GAS,2155192 ALBERTA LTD.,0.06556762633333334,0.0
2025-11,GAS,2363750 ALBERTA LTD.,0.1336072816666667,0.0
2025-11,GAS,501 ENERGY CORP.,0.10005831666666667,0.0
2025-11,GAS,840586 ALBERTA LTD.,0.6218918670000001,0.0
2025-11,GAS,935821 ALBERTA LTD.,0.00023543133333333338,0.0
2025-11,GAS,97837 RESOURCES LTD.,0.029311201000000005,0.0
2025-11,GAS,979968 ALBERTA LTD.,0.10311892400000001,0.0
2025-11,GAS,ACQUISITION OIL CORP.,0.4321342123333334,0.0
2025-11,GAS,ADANAC OIL & GAS LIMITED,0.04637997266666667,0.0
2025-11,GAS,ADVANTAGE ENERGY LTD.,441.87106370166674,0.0
2025-11,GAS,AENEID EXPLORATION INC.,0.03660957233333334,0.0
2025-11,GAS,AERADEN ENERGY CORP.,0.030370642000000007,0.0
2025-11,GAS,ALBERTA PETROLEUM ENERGY LIMITED,0.005179489333333334,0.0
2025-11,GAS,ALCHEMY ENERGY LTD,0.29099312800000005,0.0
2025-11,GAS,ALEXANDER OILFIELD SERVICES LTD.,0.04461423766666667,0.0
2025-11,GAS,ALLIED ENERGY II CORP.,4.688026425,0.0
2025-11,GAS,ALSACE ENERGY CORP.,0.002354313333333334,0.0
2025-11,GAS,ALTAGAS LTD.,77.54401826,0.0
2025-11,GAS,ALTAIR ENERGY LTD.,1.3577324993333335,0.0
2025-11,GAS,ALTIMA RESOURCES LTD.,0.06580305766666668,0.0
2025-11,GAS,APAR ENERGY INC.,0.009534969,0.0
2025-11,GAS,APL OIL & GAS (1998) LTD.,0.24920406633333336,0.0
2025-11,GAS,ARAL RESOURCES LTD.,0.0009417253333333335,0.0
2025-11,GAS,ARC RESOURCES LTD.,736.969407861,0.0
2025-11,GAS,ARCHER EXPLORATION CORP.,39.24334265933334,0.0
2025-11,GAS,ARROW EXPLORATION CORP.,0.7642101080000001,0.0
2025-11,GAS,ARTIS EXPLORATION LTD.,14.635353405333335,0.0
2025-11,GAS,ASCENSUN OIL AND GAS LTD.,0.05662123566666667,0.0
2025-11,GAS,ASPENLEAF ENERGY LIMITED,37.750708006,0.0
2025-11,GAS,ASTARA ENERGY CORP.,18.06288047166667,0.0
2025-11,GAS,ATCO NEXT ENERGY LTD.,108.11336430533335,0.0
2025-11,GAS,ATHABASCA OIL CORPORATION,6.869533159666667,0.0
2025-11,GAS,AVILA ENERGY CORPORATION,0.36868546800000007,0.0
2025-11,GAS,AXIOM OIL AND GAS INC.,4.249182419666667,0.0
2025-11,GAS,AYIK ENERGY CORP.,0.412122549,0.0
2025-11,GAS,B-32 EXPLORATION LTD.,0.057209814000000005,0.0
2025-11,GAS,BACCALIEU ENERGY INC.,17.423095823333338,0.0
2025-11,GAS,BAND ENERGY RESOURCES LTD.,0.0005885783333333335,0.0
2025-11,GAS,BARCOMP PETROLEUM LTD.,0.0028251760000000004,0.0
2025-11,GAS,"BARNWELL OF CANADA, LIMITED",2.289216569666667,0.0
2025-11,GAS,BARREL OIL CORP.,32.54049488366667,0.0
2025-11,GAS,BATTLE RIVER ENERGY LTD.,5.316039506666668,0.0
2025-11,GAS,BAY OIL AND GAS LTD.,0.224601492,0.0
2025-11,GAS,BAYTEX ENERGY LTD.,83.93739154800001,0.0
2025-11,GAS,BDJ ENERGY INC.,0.07745690866666669,0.0
2025-11,GAS,BEAR HILLS INDUSTRIES LTD.,0.2678031416666667,0.0
2025-11,GAS,BEARSPAW PETROLEUM LTD.,7.4914250266666675,0.0
2025-11,GAS,BENCH CREEK RESOURCES LTD.,0.6614443310000001,0.0
2025-11,GAS,BIGHORN ENERGY CORPORATION,5.476132813333334,0.0
2025-11,GAS,BIRCHCLIFF ENERGY LTD.,444.5075414880001,0.0
2025-11,GAS,BITSTONE RESOURCES INC.,0.35526588200000003,0.0
2025-11,GAS,BLUE SKY RESOURCES LTD.,0.38033931900000006,0.0
2025-11,GAS,BLUE STAR ENERGY INC.,0.06227158766666667,0.0
2025-11,GAS,BONTERRA ENERGY CORP.,52.60960346233334,0.0
2025-11,GAS,BORNITE ENERGY LTD.,3.602570262666667,0.0
2025-11,GAS,BORRADAILE OIL LTD.,0.2554429966666667,0.0
2025-11,GAS,BOUNTY DEVELOPMENTS LTD.,0.0029428916666666667,0.0
2025-11,GAS,"BRIGHTSPOT INTERNATIONAL ENERGY (CANADA) CO., LTD.",0.02024709466666667,0.0
2025-11,GAS,BROTHERIN ENERGY LTD.,0.513475738,0.0
2025-11,GAS,BRW PETROLEUM CORP.,0.133489566,0.0
2025-11,GAS,BTG ENERGY CORP.,27.08449144933334,0.0
2025-11,GAS,C GROUP ENERGY INC.,0.256384722,0.0
2025-11,GAS,CABOT ENERGY INC.,0.3696271933333334,0.0
2025-11,GAS,CALEDONIAN MIDSTREAM CORPORATION,11.338843876000002,0.0
2025-11,GAS,CALTEX TRILOGY INC.,6.473773088333334,0.0
2025-11,GAS,CANADIAN NATURAL RESOURCES LIMITED,2140.342036896,0.0
2025-11,GAS,CANEX RESOURCES LTD.,0.002942891666666667,0.0
2025-11,GAS,CANLIN RESOURCES PARTNERSHIP,197.31770792700001,0.0
2025-11,GAS,CANSTONE ENERGY LTD.,2.4533122090000004,0.0
2025-11,GAS,CANUCK NORTH RESOURCES LTD.,0.04614454133333334,0.0
2025-11,GAS,CAPITAN INVESTMENT LTD.,0.00011771566666666669,0.0
2025-11,GAS,CARDINAL ENERGY LTD.,18.589658080000003,0.0
2025-11,GAS,CAVVY PRODUCTION LTD.,163.76462287866667,0.0
2025-11,GAS,CENOVUS ENERGY INC.,811.1858396556668,0.0
2025-11,GAS,CENTENNIAL PETROLEUM COMPANY LTD.,0.052854334333333336,0.0
2025-11,GAS,CHECK ENERGY LTD.,0.008122381000000001,0.0
2025-11,GAS,CLAMPETT ENERGY LTD.,0.028840338333333337,0.0
2025-11,GAS,CLEAR NORTH ENERGY CORP.,1.5450181250000001,0.0
2025-11,GAS,CLEARVIEW RESOURCES LTD.,3.9481834600000005,0.0
2025-11,GAS,CNOOC PETROLEUM NORTH AMERICA ULC,5.158889091666667,0.0
2025-11,GAS,COASTAL RESOURCES LIMITED,0.19340684033333336,0.0
2025-11,GAS,COBALT ENERGY INC.,0.2836947566666667,0.0
2025-11,GAS,CONCOURSE PETROLEUM INC.,0.3288975726666667,0.0
2025-11,GAS,CONIFER ENERGY INC.,10.816068600333335,0.0
2025-11,GAS,CONNACHER OIL AND GAS LIMITED,8.259990614333335,0.0
2025-11,GAS,CONOCOPHILLIPS CANADA RESOURCES CORP.,9.692237130666667,0.0
2025-11,GAS,CONVEGA ENERGY LTD.,0.03319581800000001,0.0
2025-11,GAS,CORSE ENERGY CORP.,1.0561449613333336,0.0
2025-11,GAS,COURSER ENERGY LTD.,0.188580498,0.0
2025-11,GAS,COVEE ENERGY CORPORATION,0.9735085633333334,0.0
2025-11,GAS,CREST JINN PETROLEUM CORPORATION,0.002942891666666667,0.0
2025-11,GAS,CROVERRO ENERGY LTD.,0.11630307866666667,0.0
2025-11,GAS,CYGNET ENERGY LTD.,23.25202248966667,0.0
2025-11,GAS,DARK ENERGY LTD.,0.02530886833333334,0.0
2025-11,GAS,DARK WARRIOR RESOURCES LTD.,0.10594410000000001,0.0
2025-11,GAS,DAVIES LIVESTOCK CO. LTD.,0.004944058000000001,0.0
2025-11,GAS,DECCAN ENERGY LTD.,0.026486025000000003,0.0
2025-11,GAS,DECIMUS OIL CORP.,0.11901053900000003,0.0
2025-11,GAS,DECKLAND INC.,0.230251844,0.0
2025-11,GAS,DEERGARDEN RESOURCES LTD.,0.04437880633333333,0.0
2025-11,GAS,DEL CANADA GP LTD.,3.5364140580000005,0.0
2025-11,GAS,DELTAWEST ENERGY LTD.,0.07004082166666667,0.0
2025-11,GAS,DERRICK PETROLEUM LTD.,0.023307702000000003,0.0
2025-11,GAS,DIRE RESOURCES LTD.,0.009064106333333335,0.0
2025-11,GAS,DOAG ENERGY LTD.,0.22413062933333336,0.0
2025-11,GAS,DURHAM CREEK ENERGY LTD.,0.06662706733333335,0.0
2025-11,GAS,DWL RESOURCES LTD.,0.27227633700000003,0.0
2025-11,GAS,EAGLE ENERGY INC.,0.5073545233333334,0.0
2025-11,GAS,ECLIPSE RESOURCES LTD.,0.38081018166666675,0.0
2025-11,GAS,ECOCHAIN ENERGY LTD.,0.014008164333333335,0.0
2025-11,GAS,EDALIS ENERGY INC.,0.04720398233333334,0.0
2025-11,GAS,EMBER RESOURCES INC.,236.07500259866669,0.0
2025-11,GAS,ENDRUM ENERGY CORP.,3.943003970666667,0.0
2025-11,GAS,ENER T CORPORATION,0.2088275926666667,0.0
2025-11,GAS,ENERCAPITA ENERGY LTD.,11.377690046000001,0.0
2025-11,GAS,ENHANCE ENERGY INC.,18.87865004166667,0.0
2025-11,GAS,ENTRADA RESOURCES INC.,12.768736079000002,0.0
2025-11,GAS,EP RESOURCES CORPORATION,0.17598492166666668,0.0
2025-11,GAS,ERDOL RESOURCES CORP.,0.399762404,0.0
2025-11,GAS,EVERGO RESOURCES LIMITED,0.027192319000000006,0.0
2025-11,GAS,EXECUTIVE ADVENTURES 2008 INC.,0.04908743300000001,0.0
2025-11,GAS,FABIAN SEED FARMS INC.,0.004708626666666668,0.0
2025-11,GAS,FALLON ENERGY INC.,0.033195818,0.0
2025-11,GAS,FIDDLEHEAD RESOURCES CORP.,5.914152809000001,0.0
2025-11,GAS,FIRE CREEK RESOURCES LTD.,0.11971683300000001,0.0
2025-11,GAS,FIVE POINT ENERGY INC.,0.26509568133333333,0.0
2025-11,GAS,FLYWHEEL RESOURCES CORP.,0.3804570346666667,0.0
2025-11,GAS,FORT CALGARY RESOURCES LTD.,0.045555963000000005,0.0
2025-11,GAS,G. HERMAN GROUP INC.,0.6434338340000001,0.0
2025-11,GAS,G2B DEVELOPMENT CORPORATION,1.5886906373333336,0.0
2025-11,GAS,GEX RESOURCES LTD.,0.5211272563333333,0.0
2025-11,GAS,GMT EXPLORATION ZAMA INC.,0.8084711986666668,0.0
2025-11,GAS,GOLDEN SPIKE ENERGY INC.,0.006121214666666667,0.0
2025-11,GAS,GOOSE CREEK RESOURCES LTD.,1.3067616156666668,0.0
2025-11,GAS,GRAN TIERRA CANADA LTD.,50.26141134366667,0.0
2025-11,GAS,GRASSLAND ENERGY CORP.,3.6536588620000003,0.0
2025-11,GAS,GREEN DAWG ENERGY INC.,0.00023543133333333338,0.0
2025-11,GAS,GREENFIRE RESOURCES OPERATING CORPORATION,1.5127640323333336,0.0
2025-11,GAS,GRIZZLY RESOURCES LTD.,0.10994643266666668,0.0
2025-11,GAS,GRYPHON PETROLEUM CORP.,0.285695923,0.0
2025-11,GAS,GUNNARR RESOURCES INC.,0.04049418933333334,0.0
2025-11,GAS,HALO EXPLORATION LTD.,1.0690936846666668,0.0
2025-11,GAS,HARD ROCK RESOURCES LTD.,0.9346623933333335,0.0
2025-11,GAS,HARVARD RESOURCES INC.,0.06768650833333334,0.0
2025-11,GAS,HARVEST ENERGY CORPORATION,0.0017657350000000003,0.0
2025-11,GAS,HARVEST OPERATIONS CORP.,34.54790014733334,0.0
2025-11,GAS,HBC ENERGY LTD.,0.00035314700000000005,0.0
2025-11,GAS,HEADWATER EXPLORATION INC.,16.726925370666667,0.0
2025-11,GAS,HEMISPHERE ENERGY CORPORATION,1.4183560676666669,0.0
2025-11,GAS,HESC ENERGY CORPORATION,0.3233649363333334,0.0
2025-11,GAS,HIGHVALE ENERGY LIMITED,4.346180129,0.0
2025-11,GAS,HIGHWOOD ASSET MANAGEMENT LTD.,14.721874420333336,0.0
2025-11,GAS,HIS MAJESTY THE KING IN RIGHT OF CANADA AS REPRESENTED HEREIN BY THE MINISTER OF NATIONAL DEFENCE,0.6931098453333334,0.0
2025-11,GAS,HITIC ENERGY LTD.,3.579027129333334,0.0
2025-11,GAS,HWN ENERGY LTD.,73.15699079466667,0.0
2025-11,GAS,HYDRO VAULT ENERGY LTD.,0.10406064933333335,0.0
2025-11,GAS,IMPERIAL OIL RESOURCES LIMITED,40.79189225433334,0.0
2025-11,GAS,INDRA OIL & GAS LTD.,0.021188820000000004,0.0
2025-11,GAS,INPLAY OIL CORP.,54.87056827200001,0.0
2025-11,GAS,INSCH COMMODITY LTD.,0.13560844800000002,0.0
2025-11,GAS,INSIGNIA ENERGY LTD.,38.84416883366667,0.0
2025-11,GAS,INTEGRITY OIL OPERATIONS LTD.,0.004002332666666667,0.0
2025-11,GAS,IPC CANADA LTD.,111.36655446933335,0.0
2025-11,GAS,ISH ENERGY LTD.,4.886259607666667,0.0
2025-11,GAS,ISLANDER OIL & GAS INC.,0.25556071233333333,0.0
2025-11,GAS,JAST ENERGY LTD.,0.0038846170000000004,0.0
2025-11,GAS,JAYHAWK RESOURCES LTD.,1.3639714296666667,0.0
2025-11,GAS,JOLI FOU PETROLEUMS LTD.,0.004355479666666667,0.0
2025-11,GAS,JOURNEY ENERGY INC.,39.16412001566667,0.0
2025-11,GAS,JP ENERGY CORP.,0.035785562666666666,0.0
2025-11,GAS,JX ENERGY LTD.,5.902734389333333,0.0
2025-11,GAS,KAISER EXPLORATION LTD.,0.15844528733333335,0.0
2025-11,GAS,KARVE ENERGY INC.,19.992593395333337,0.0
2025-11,GAS,KELT EXPLORATION LTD.,176.56149300200002,0.0
2025-11,GAS,KEYERA ENERGY LTD.,0.16727396233333336,0.0
2025-11,GAS,KINMERC OIL & GAS INC.,0.14573199533333336,0.0
2025-11,GAS,KIWETINOHK ENERGY CORP.,132.94489561033336,0.0
2025-11,GAS,KOHO ENERGY CORP.,0.00023543133333333338,0.0
2025-11,GAS,LEDGEND ROYALTY TRUST LTD.,0.207297289,0.0
2025-11,GAS,LINEUP RESOURCES CORP.,0.2989977933333334,0.0
2025-11,GAS,LOGAN ENERGY CORP.,64.33879248900001,0.0
2025-11,GAS,LOGIC ENERGY LTD.,0.5431400860000001,0.0
2025-11,GAS,LONE TREE RESOURCES INC.,1.0854561623333334,0.0
2025-11,GAS,LONG RUN EXPLORATION LTD.,3.4547193853333336,0.0
2025-11,GAS,LONG TERM ASSET MANAGEMENT INC.,16.775071078333337,0.0
2025-11,GAS,LONGRIDGE ENERGY LTD.,0.4795736260000001,0.0
2025-11,GAS,LONGSHORE RESOURCES LTD.,0.5659769253333334,0.0
2025-11,GAS,LOTUS CREEK EXPLORATION INC.,5.401618796333334,0.0
2025-11,GAS,LOYAL ENERGY (CANADA) OPERATING LTD.,33.922476810333336,0.0
2025-11,GAS,LYCOS ENERGY INC.,2.2601408000000003,0.0
2025-11,GAS,LYNX ENERGY ULC,101.51940352133334,0.0
2025-11,GAS,MAGA ENERGY LTD.,1.0182405166666668,0.0
2025-11,GAS,MAHIKAN OIL CORPORATION,0.034372974666666674,0.0
2025-11,GAS,MANCAL ENERGY INC.,46.14560077433334,0.0
2025-11,GAS,MARLIN RESOURCES LTD.,0.4034115896666667,0.0
2025-11,GAS,MATO INC.,0.09523197433333334,0.0
2025-11,GAS,MCLAND RESOURCES LTD.,0.024367143,0.0
2025-11,GAS,"MEDICINE HAT, CITY OF",10.500002035333335,0.0
2025-11,GAS,MEG ENERGY CORP.,58.21098574500001,0.0
2025-11,GAS,MORNING STAR PETROLEUM INCORPORATED,0.1689219816666667,0.0
2025-11,GAS,MUDDY PETROLEUM COMPANY LTD.,0.000353147,0.0
2025-11,GAS,MURPHY OIL COMPANY LTD.,16.737755212000003,0.0
2025-11,GAS,N7 ENERGY LTD.,9.086354594333335,0.0
2025-11,GAS,NEW NORTH RESOURCES LTD.,1.772209361666667,0.0
2025-11,GAS,NEW TIMES ENERGY CANADA GP 2 LTD.,1.365384017666667,0.0
2025-11,GAS,NEW TIMES ENERGY CANADA GP 3 LTD.,2.627884542666667,0.0
2025-11,GAS,NEW WEST DATA ACQUISITION CORP.,3.805512072000001,0.0
2025-11,GAS,NEW WEST DATA CORP.,0.39340575800000005,0.0
2025-11,GAS,NORTH 40 RESOURCES LTD.,20.970928301000004,0.0
2025-11,GAS,NORTH FORK RESOURCES LTD.,0.25779731000000006,0.0
2025-11,GAS,NORTHERN SMILODON ENERGY INC.,0.004237764,0.0
2025-11,GAS,NORTHRIVER MIDSTREAM INC.,0.14455483866666669,0.0
2025-11,GAS,NORTHROCK RESOURCES PARTNERSHIP LTD.,0.060741284,0.0
2025-11,GAS,NORWEGIAN ENERGY INC.,2.0779169480000004,0.0
2025-11,GAS,NOVACOR EXPLORATION LTD.,0.021777398333333337,0.0
2025-11,GAS,NOVUS ENERGY INC.,0.24790919400000005,0.0
2025-11,GAS,NPS INDUSTRIAL POWER CORP.,1.141724251,0.0
2025-11,GAS,NUOVA STRADA VENTURES LTD.,0.20859216133333336,0.0
2025-11,GAS,NUVISTA ENERGY LTD.,447.00005301400006,0.0
2025-11,GAS,NVP EXPLORATION INC.,0.023307702000000003,0.0
2025-11,GAS,NVS ENGINEERING INC.,0.024367143000000004,0.0
2025-11,GAS,O'NEILL INDUSTRIES INTERNATIONAL-CANADA INC.,0.018599075333333336,0.0
2025-11,GAS,OAK RESOURCES LTD.,0.00023543133333333338,0.0
2025-11,GAS,OBSIDIAN ENERGY LTD.,58.04947985033334,0.0
2025-11,GAS,OHANA RESOURCES INC.,0.06956995900000001,0.0
2025-11,GAS,OK RADIO GROUP LTD.,0.1954080066666667,0.0
2025-11,GAS,ORGA ENERGY LTD.,0.012124713666666667,0.0
2025-11,GAS,ORLEN UPSTREAM CANADA LTD.,56.39463300833334,0.0
2025-11,GAS,OUTLIER RESOURCES LTD.,29.252460882333338,0.0
2025-11,GAS,OUTPOST ENERGY LTD.,0.9356041186666667,0.0
2025-11,GAS,OVINTIV CANADA ULC,618.4759937846668,0.0
2025-11,GAS,PARAGON ENERGY LTD.,0.007769234000000001,0.0
2025-11,GAS,PARALLAX ENERGY OPERATING INC.,20.702772012333337,0.0
2025-11,GAS,PARAMOUNT RESOURCES LTD.,160.87364382100003,0.0
2025-11,GAS,PENTACOR ENERGY CORP.,0.023660849,0.0
2025-11,GAS,PERSIST OIL AND GAS INC.,11.994755570666669,0.0
2025-11,GAS,PERTHRO (CANADA) INC.,0.006709793,0.0
2025-11,GAS,PETROCHINA CANADA LTD.,0.6636809286666667,0.0
2025-11,GAS,PETROCHINA DUVERNAY GAS PARTNERSHIP,71.35947256466667,0.0
2025-11,GAS,PETRUS RESOURCES CORP.,47.200686294666674,0.0
2025-11,GAS,PEYTO CANADA CORP.,16.986488415666667,0.0
2025-11,GAS,PEYTO EXPLORATION & DEVELOPMENT CORP.,796.8235865970001,0.0
2025-11,GAS,PINE CLIFF ENERGY LTD.,111.70946020633335,0.0
2025-11,GAS,POINT BAR RESOURCES INC.,0.8992299776666668,0.0
2025-11,GAS,POINTBREAK RESOURCES INC.,3.4182275286666672,0.0
2025-11,GAS,POKER CHIP EXPLORATION LTD.,0.022130545333333338,0.0
2025-11,GAS,POTTS PETROLEUM INC.,0.35302928433333336,0.0
2025-11,GAS,PRAIRIE PROVIDENT RESOURCES CANADA LTD.,6.496492212000001,0.0
2025-11,GAS,PRAIRIE THUNDER RESOURCES LTD.,9.479289489666668,0.0
2025-11,GAS,PRIMROSE DRILLING VENTURES LTD.,0.002354313333333334,0.0
2025-11,GAS,PRONGHORN RESOURCES LTD.,0.06709793000000001,0.0
2025-11,GAS,PROSPERA ENERGY INC.,0.146202858,0.0
2025-11,GAS,PULSE OIL OPERATING CORP.,0.07745690866666667,0.0
2025-11,GAS,QUESTERRE ENERGY CORPORATION,0.00011771566666666669,0.0
2025-11,GAS,RAKE RESOURCES LTD,0.0010594410000000002,0.0
2025-11,GAS,RALLY CANADA RESOURCES LTD.,0.43543025100000005,0.0
2025-11,GAS,RAMPART OIL INC.,0.23790336233333337,0.0
2025-11,GAS,RANAHAN RESOURCES LIMITED,5.661181841333334,0.0
2025-11,GAS,RED ANGUS ENERGY INC.,0.4596796783333334,0.0
2025-11,GAS,RED JACK PETROLEUM LTD.,0.02766318166666667,0.0
2025-11,GAS,RELENTLESS RESOURCES LTD.,0.1555023956666667,0.0
2025-11,GAS,RESISTANCE ENERGY LTD.,0.035432415666666675,0.0
2025-11,GAS,RESOURCEFUL PETROLEUM CANADA LIMITED,1.2913408633333336,0.0
2025-11,GAS,RESPONSE ENERGY CORPORATION,0.3596213616666667,0.0
2025-11,GAS,REVOLUTION OIL & GAS CORPORATION,0.5676249446666668,0.0
2025-11,GAS,REX ENERGY LTD.,0.1329009876666667,0.0
2025-11,GAS,RIBBON CREEK RESOURCES INC.,0.20223551533333337,0.0
2025-11,GAS,RICOCHET OIL CORP.,21.900764352000003,0.0
2025-11,GAS,RIDGELINE EXPLORATION INC.,0.3009989596666667,0.0
2025-11,GAS,RIMFIRE ENERGY INC.,0.07286599766666667,0.0
2025-11,GAS,RISING TIDE ENERGY LTD.,4.581964609333334,0.0
2025-11,GAS,RKSMITH ENERGY CORP.,0.036374141000000006,0.0
2025-11,GAS,ROCKEAST ENERGY CORP.,0.8464933590000001,0.0
2025-11,GAS,ROCKPOINT GAS STORAGE CANADA LTD.,137.31214684366668,0.0
2025-11,GAS,ROK RESOURCES INC.,5.003857558666667,0.0
2025-11,GAS,RTD ENERGY INC.,0.00035314700000000005,0.0
2025-11,GAS,RUBELLITE ENERGY INC.,10.599471773666668,0.0
2025-11,GAS,RURALCO RESOURCES CORP.,0.009064106333333334,0.0
2025-11,GAS,RUSH RESOURCES LTD.,0.7325445936666668,0.0
2025-11,GAS,SAND HILLS DIV CORP LTD.,2.4546070813333336,0.0
2025-11,GAS,SANDPOINT RESOURCES INC.,0.001530303666666667,0.0
2025-11,GAS,SATURN OIL & GAS INC.,30.85315851766667,0.0
2025-11,GAS,SCAVENGER ENERGY GP INC.,0.022130545333333338,0.0
2025-11,GAS,SHACKLETON EXPLORATION LTD.,3.670021339666667,0.0
2025-11,GAS,SHANPET RESOURCES LTD.,0.10512009033333333,0.0
2025-11,GAS,SHARPTAIL ENERGY INC.,1.9167642003333336,0.0
2025-11,GAS,SHELL CANADA ENERGY,1.4932232316666667,0.0
2025-11,GAS,SHOT POINT RESOURCES LTD.,0.023660849000000005,0.0
2025-11,GAS,SIFTON PETROLEUM INC.,1.370328075666667,0.0
2025-11,GAS,SIGNALTA RESOURCES LIMITED,4.150889838,0.0
2025-11,GAS,SILVERLEAF RESOURCES INC.,1.2191811596666668,0.0
2025-11,GAS,SINOPEC CANADA ENERGY LTD.,96.97569650366668,0.0
2025-11,GAS,SOGAR RESOURCES LTD.,0.9567929386666667,0.0
2025-11,GAS,SPARK INFRASTRUCTURE CORP.,4.559951779666667,0.0
2025-11,GAS,SPARTAN DELTA CORP.,207.08952084833336,0.0
2025-11,GAS,SPOKE RESOURCES LTD.,15.498091526333335,0.0
2025-11,GAS,SPROCKET ENERGY CORPORATION,8.962282281666667,0.0
2025-11,GAS,SPUR PETROLEUM LTD.,38.416036954000006,0.0
2025-11,GAS,STORM DEVELOPMENT CORP.,28.132984892333337,0.0
2025-11,GAS,STRATHCONA RESOURCES LTD.,25.964309165333336,0.0
2025-11,GAS,SUCCESS RESOURCES LTD.,1.862261846666667,0.0
2025-11,GAS,SUEDE ENERGY LTD.,15.595442382666668,0.0
2025-11,GAS,SUMERIAN OIL & GAS INC.,0.2741597876666667,0.0
2025-11,GAS,SUN CENTURY PETROLEUM CORPORATION,5.498851937,0.0
2025-11,GAS,SUNCOR ENERGY INC.,8.877173854666667,0.0
2025-11,GAS,SUPREME ENERGY INC.,0.574923316,0.0
2025-11,GAS,SURGE ENERGY INC.,16.905029174333336,0.0
2025-11,GAS,SUTTON ENERGY LTD.,0.34796751066666676,0.0
2025-11,GAS,TAGGART OIL CORP.,0.49581838800000005,0.0
2025-11,GAS,TAKU GAS LIMITED,0.022601408000000003,0.0
2025-11,GAS,TAMARACK VALLEY ENERGY LTD.,88.43401229900002,0.0
2025-11,GAS,TAQA NORTH LTD.,392.20329246500006,0.0
2025-11,GAS,TEINE ENERGY LTD.,23.153376761,0.0
2025-11,GAS,TENAZ ENERGY CORP.,8.286712070666667,0.0
2025-11,GAS,TEXCAL ENERGY CANADA INC.,1.8282420190000002,0.0
2025-11,GAS,THOR RESOURCES INC.,2.1989286533333336,0.0
2025-11,GAS,THOROUGHBRED ENERGY LTD.,0.03178323,0.0
2025-11,GAS,TIDEWATER MIDSTREAM AND INFRASTRUCTURE LTD.,11.884338275333334,0.0
2025-11,GAS,TMAX ENERGY LTD.,1.250964389666667,0.0
2025-11,GAS,TOP OIL PRODUCTION LTD.,0.8255399703333334,0.0
2025-11,GAS,TOURMALINE OIL CORP.,1808.7421833853336,0.0
2025-11,GAS,TOWER RIDGE ENTERPRISES CORP.,0.002236597666666667,0.0
2025-11,GAS,TRANSCANADA ENERGY LTD.,33.54908271566667,0.0
2025-11,GAS,TRIPLE 555 OIL COMPANY LTD.,0.14573199533333334,0.0
2025-11,GAS,TUKTU RESOURCES LTD.,2.2760324150000004,0.0
2025-11,GAS,TYKEWEST LIMITED,0.24473087100000004,0.0
2025-11,GAS,ULYSSES ENERGY CORP.,0.327367269,0.0
2025-11,GAS,UNIT 18 CORP.,0.04543824733333334,0.0
2025-11,GAS,"VAALCO ENERGY CANADA, INC.",5.831634126666668,0.0
2025-11,GAS,VANRENA RESOURCES LTD.,0.0005885783333333335,0.0
2025-11,GAS,VANTAGE POINT RESOURCES INC.,8.691418532666667,0.0
2025-11,GAS,VERMILION ENERGY INC.,382.76002396933336,0.0
2025-11,GAS,VITAL ENERGY INC.,0.39658408100000003,0.0
2025-11,GAS,VULTURE ENERGY LTD.,0.07592660500000001,0.0
2025-11,GAS,WARWICK GAS STORAGE LTD.,0.06062356833333334,0.0
2025-11,GAS,WASP ENTERPRIZES LTD.,0.10829841333333334,0.0
2025-11,GAS,WESCAN ENERGY CORP.,0.24732061566666672,0.0
2025-11,GAS,WEST 5 RESOURCES INC.,0.7512613846666667,0.0
2025-11,GAS,WEST LAKE ENERGY CORP.,5.406445138666667,0.0
2025-11,GAS,WESTGATE ENERGY OPERATIONS LTD.,0.737370936,0.0
2025-11,GAS,WHITE TUNDRA PETROLEUM LTD.,0.05344291266666667,0.0
2025-11,GAS,WHITECAP PARTNERSHIP,482.5258172043334,0.0
2025-11,GAS,WHITECAP RESOURCES INC.,542.5892943956667,0.0
2025-11,GAS,WHITEHALL ENERGY LTD.,0.09640913100000001,0.0
2025-11,GAS,WHITEMUD CREEK RESOURCES LTD.,0.05250118733333334,0.0
2025-11,GAS,WILCOX ENERGY CORP.,0.5157123356666667,0.0
2025-11,GAS,WILDCAT RENTALS LTD.,0.04249535566666667,0.0
2025-11,GAS,WINDSOR SALT LTD/SEL WINDSOR LTEE,0.01565618366666667,0.0
2025-11,GAS,WINDTALKER ENERGY CORP.,0.048498854666666674,0.0
2025-11,GAS,WOLF LAKE EXPLORATION LTD.,8.187830910666667,0.0
2025-11,GAS,WOODCOTE INC.,0.31995118200000006,0.0
2025-11,GAS,WOODSMAN ENERGY CORP.,0.8181238833333334,0.0
2025-11,GAS,XENOTIME ENERGY INC.,0.002942891666666667,0.0
2025-11,GAS,YANGARRA RESOURCES CORP.,43.300766258,0.0
2025-11,GAS,YOHO RESOURCES INC.,0.4486144056666667,0.0
2025-11,GAS,ZNX ENERGY LTD.,0.11830424500000002,0.0
2025-11,GAS,ZYZYGY RESOURCES LTD.,0.23802107800000002,0.0
2025-11,OIL_AT_GAS_BATTERY,2155192 ALBERTA LTD.,0.0,6.08014
2025-11,OIL_AT_GAS_BATTERY,ADVANTAGE ENERGY LTD.,0.0,160.138308
2025-11,OIL_AT_GAS_BATTERY,ALCHEMY ENERGY LTD,0.0,2.473988
2025-11,OIL_AT_GAS_BATTERY,ARC RESOURCES LTD.,0.0,3.87871
2025-11,OIL_AT_GAS_BATTERY,ASTARA ENERGY CORP.,0.0,1.36279
2025-11,OIL_AT_GAS_BATTERY,AXIOM OIL AND GAS INC.,0.0,7.44293
2025-11,OIL_AT_GAS_BATTERY,BACCALIEU ENERGY INC.,0.0,33.797191999999995
2025-11,OIL_AT_GAS_BATTERY,BARREL OIL CORP.,0.0,65.66551199999999
2025-11,OIL_AT_GAS_BATTERY,BAYTEX ENERGY LTD.,0.0,2.1175659999999996
2025-11,OIL_AT_GAS_BATTERY,BIRCHCLIFF ENERGY LTD.,0.0,0.649946
2025-11,OIL_AT_GAS_BATTERY,BONTERRA ENERGY CORP.,0.0,247.56652799999998
2025-11,OIL_AT_GAS_BATTERY,BORNITE ENERGY LTD.,0.0,1.5514839999999999
2025-11,OIL_AT_GAS_BATTERY,BTG ENERGY CORP.,0.0,7.568726
2025-11,OIL_AT_GAS_BATTERY,CANADIAN NATURAL RESOURCES LIMITED,0.0,423.84865599999995
2025-11,OIL_AT_GAS_BATTERY,CANLIN RESOURCES PARTNERSHIP,0.0,1.2998919999999998
2025-11,OIL_AT_GAS_BATTERY,CENOVUS ENERGY INC.,0.0,26.270397999999997
2025-11,OIL_AT_GAS_BATTERY,CLEARVIEW RESOURCES LTD.,0.0,3.375526
2025-11,OIL_AT_GAS_BATTERY,CORSE ENERGY CORP.,0.0,0.083864
2025-11,OIL_AT_GAS_BATTERY,CYGNET ENERGY LTD.,0.0,1124.008226
2025-11,OIL_AT_GAS_BATTERY,DEL CANADA GP LTD.,0.0,1.2160279999999999
2025-11,OIL_AT_GAS_BATTERY,EMBER RESOURCES INC.,0.0,1.8240419999999997
2025-11,OIL_AT_GAS_BATTERY,ENERCAPITA ENERGY LTD.,0.0,7.610657999999999
2025-11,OIL_AT_GAS_BATTERY,ENHANCE ENERGY INC.,0.0,1.1740959999999998
2025-11,OIL_AT_GAS_BATTERY,G. HERMAN GROUP INC.,0.0,0.10482999999999999
2025-11,OIL_AT_GAS_BATTERY,GRAN TIERRA CANADA LTD.,0.0,79.90142599999999
2025-11,OIL_AT_GAS_BATTERY,HARD ROCK RESOURCES LTD.,0.0,1.9917699999999998
2025-11,OIL_AT_GAS_BATTERY,HARVEST OPERATIONS CORP.,0.0,28.849216
2025-11,OIL_AT_GAS_BATTERY,HIGHWOOD ASSET MANAGEMENT LTD.,0.0,1.5305179999999998
2025-11,OIL_AT_GAS_BATTERY,HWN ENERGY LTD.,0.0,157.22403399999996
2025-11,OIL_AT_GAS_BATTERY,INPLAY OIL CORP.,0.0,4.654452
2025-11,OIL_AT_GAS_BATTERY,JOURNEY ENERGY INC.,0.0,49.123338
2025-11,OIL_AT_GAS_BATTERY,KARVE ENERGY INC.,0.0,25.180166
2025-11,OIL_AT_GAS_BATTERY,KELT EXPLORATION LTD.,0.0,4844.7603819999995
2025-11,OIL_AT_GAS_BATTERY,KIWETINOHK ENERGY CORP.,0.0,32.266674
2025-11,OIL_AT_GAS_BATTERY,LOGAN ENERGY CORP.,0.0,413.114064
2025-11,OIL_AT_GAS_BATTERY,LONG RUN EXPLORATION LTD.,0.0,0.31449
2025-11,OIL_AT_GAS_BATTERY,LONG TERM ASSET MANAGEMENT INC.,0.0,0.020966
2025-11,OIL_AT_GAS_BATTERY,LOTUS CREEK EXPLORATION INC.,0.0,5.388261999999999
2025-11,OIL_AT_GAS_BATTERY,LOYAL ENERGY (CANADA) OPERATING LTD.,0.0,0.649946
2025-11,OIL_AT_GAS_BATTERY,LYNX ENERGY ULC,0.0,12.432838
2025-11,OIL_AT_GAS_BATTERY,MANCAL ENERGY INC.,0.0,39.73057
2025-11,OIL_AT_GAS_BATTERY,MARLIN RESOURCES LTD.,0.0,0.020966
2025-11,OIL_AT_GAS_BATTERY,NEW NORTH RESOURCES LTD.,0.0,0.10482999999999999
2025-11,OIL_AT_GAS_BATTERY,NEW WEST DATA CORP.,0.0,7.23327
2025-11,OIL_AT_GAS_BATTERY,NORTH 40 RESOURCES LTD.,0.0,57.97099
2025-11,OIL_AT_GAS_BATTERY,NORWEGIAN ENERGY INC.,0.0,3.522288
2025-11,OIL_AT_GAS_BATTERY,OBSIDIAN ENERGY LTD.,0.0,13.145681999999999
2025-11,OIL_AT_GAS_BATTERY,ORLEN UPSTREAM CANADA LTD.,0.0,7.44293
2025-11,OIL_AT_GAS_BATTERY,OUTLIER RESOURCES LTD.,0.0,34.048784
2025-11,OIL_AT_GAS_BATTERY,OVINTIV CANADA ULC,0.0,87.86850599999998
2025-11,OIL_AT_GAS_BATTERY,PARAMOUNT RESOURCES LTD.,0.0,10.126577999999999
2025-11,OIL_AT_GAS_BATTERY,PERSIST OIL AND GAS INC.,0.0,1.4466539999999999
2025-11,OIL_AT_GAS_BATTERY,PETRUS RESOURCES CORP.,0.0,12.998919999999998
2025-11,OIL_AT_GAS_BATTERY,PEYTO EXPLORATION & DEVELOPMENT CORP.,0.0,11.740959999999998
2025-11,OIL_AT_GAS_BATTERY,PINE CLIFF ENERGY LTD.,0.0,24.509254
2025-11,OIL_AT_GAS_BATTERY,PRAIRIE PROVIDENT RESOURCES CANADA LTD.,0.0,12.181246
2025-11,OIL_AT_GAS_BATTERY,RED ANGUS ENERGY INC.,0.0,0.125796
2025-11,OIL_AT_GAS_BATTERY,RESISTANCE ENERGY LTD.,0.0,37.340446
2025-11,OIL_AT_GAS_BATTERY,RESPONSE ENERGY CORPORATION,0.0,0.020966
2025-11,OIL_AT_GAS_BATTERY,SIGNALTA RESOURCES LIMITED,0.0,3.1029679999999997
2025-11,OIL_AT_GAS_BATTERY,SILVERLEAF RESOURCES INC.,0.0,3.836778
2025-11,OIL_AT_GAS_BATTERY,SINOPEC CANADA ENERGY LTD.,0.0,1.6563139999999998
2025-11,OIL_AT_GAS_BATTERY,SPARTAN DELTA CORP.,0.0,9.602428
2025-11,OIL_AT_GAS_BATTERY,STORM DEVELOPMENT CORP.,0.0,54.658362
2025-11,OIL_AT_GAS_BATTERY,SUCCESS RESOURCES LTD.,0.0,19.477414
2025-11,OIL_AT_GAS_BATTERY,SUN CENTURY PETROLEUM CORPORATION,0.0,1.970804
2025-11,OIL_AT_GAS_BATTERY,TAQA NORTH LTD.,0.0,190.727702
2025-11,OIL_AT_GAS_BATTERY,TOURMALINE OIL CORP.,0.0,226.831154
2025-11,OIL_AT_GAS_BATTERY,"VAALCO ENERGY CANADA, INC.",0.0,1.006368
2025-11,OIL_AT_GAS_BATTERY,VANTAGE POINT RESOURCES INC.,0.0,2.054668
2025-11,OIL_AT_GAS_BATTERY,VERMILION ENERGY INC.,0.0,534.5281699999999
2025-11,OIL_AT_GAS_BATTERY,WESTGATE ENERGY OPERATIONS LTD.,0.0,4.151268
2025-11,OIL_AT_GAS_BATTERY,WHITECAP PARTNERSHIP,0.0,1.5934159999999997
2025-11,OIL_AT_GAS_BATTERY,WHITECAP RESOURCES INC.,0.0,122.50433799999998
2025-11,OIL_AT_GAS_BATTERY,WILCOX ENERGY CORP.,0.0,0.062898
2025-11,OIL_AT_GAS_BATTERY,YANGARRA RESOURCES CORP.,0.0,73.192306
2025-11,OIL_UNCLASSIFIED,CANADIAN NATURAL RESOURCES LIMITED,0.0,2.054668
2025-11,OIL_UNCLASSIFIED,CYGNET ENERGY LTD.,0.0,570.254234
2025-12,BITUMEN,ATHABASCA OIL CORPORATION,0.0,35523.45128129032
2025-12,BITUMEN,AYIK ENERGY CORP.,0.0,972.0378658064516
2025-12,BITUMEN,BAYTEX ENERGY LTD.,0.0,30463.99703032258
2025-12,BITUMEN,BENKOIL RESOURCES LIMITED,0.0,3.3275070967741938
2025-12,BITUMEN,BIGHORN ENERGY CORPORATION,0.0,134.6422993548387
2025-12,BITUMEN,CALTEX TRILOGY INC.,0.0,13024.998998709676
2025-12,BITUMEN,CANADIAN NATURAL RESOURCES LIMITED,0.0,368221.93532903225
2025-12,BITUMEN,CENOVUS ENERGY INC.,0.0,539889.0612251613
2025-12,BITUMEN,CHECK ENERGY LTD.,0.0,193.42149483870966
2025-12,BITUMEN,CLEAR NORTH ENERGY CORP.,0.0,2107.854007741935
2025-12,BITUMEN,CNOOC PETROLEUM NORTH AMERICA ULC,0.0,80623.04190387097
2025-12,BITUMEN,CONNACHER OIL AND GAS LIMITED,0.0,19568.663442580644
2025-12,BITUMEN,CONOCOPHILLIPS CANADA RESOURCES CORP.,0.0,149846.61260516127
2025-12,BITUMEN,CROVERRO ENERGY LTD.,0.0,170.06807612903225
2025-12,BITUMEN,DEERGARDEN RESOURCES LTD.,0.0,87.00213677419354
2025-12,BITUMEN,GRAN TIERRA CANADA LTD.,0.0,219.8386548387097
2025-12,BITUMEN,GREENFIRE RESOURCES OPERATING CORPORATION,0.0,19230.880892903224
2025-12,BITUMEN,HARVEST OPERATIONS CORP.,0.0,10166.79214064516
2025-12,BITUMEN,HEADWATER EXPLORATION INC.,0.0,21059.609808387097
2025-12,BITUMEN,HIGHWOOD ASSET MANAGEMENT LTD.,0.0,13.817270322580644
2025-12,BITUMEN,IMPERIAL OIL RESOURCES LIMITED,0.0,163481.60046580643
2025-12,BITUMEN,IPC CANADA LTD.,0.0,663.918824516129
2025-12,BITUMEN,ISLANDER OIL & GAS INC.,0.0,3637.3710503225807
2025-12,BITUMEN,LINEUP RESOURCES CORP.,0.0,1079.0862038709677
2025-12,BITUMEN,LOTUS CREEK EXPLORATION INC.,0.0,112.83089612903225
2025-12,BITUMEN,MAHIKAN OIL CORPORATION,0.0,94.40786903225806
2025-12,BITUMEN,MEG ENERGY CORP.,0.0,111611.5676748387
2025-12,BITUMEN,O'NEILL INDUSTRIES INTERNATIONAL-CANADA INC.,0.0,20.066490967741938
2025-12,BITUMEN,OBSIDIAN ENERGY LTD.,0.0,12547.704627096773
2025-12,BITUMEN,PETROCHINA CANADA LTD.,0.0,8869.85567032258
2025-12,BITUMEN,PRAIRIE THUNDER RESOURCES LTD.,0.0,56.161827096774196
2025-12,BITUMEN,RUBELLITE ENERGY INC.,0.0,5351.767633548387
2025-12,BITUMEN,SPUR PETROLEUM LTD.,0.0,23225.71548
2025-12,BITUMEN,STRATHCONA RESOURCES LTD.,0.0,61386.37845290322
2025-12,BITUMEN,SUNCOR ENERGY INC.,0.0,282348.8379445161
2025-12,BITUMEN,SURGE ENERGY INC.,0.0,7.912974193548386
2025-12,BITUMEN,TAMARACK VALLEY ENERGY LTD.,0.0,16444.174858064514
2025-12,BITUMEN,WEST LAKE ENERGY CORP.,0.0,34.28955483870968
2025-12,BITUMEN,WESTGATE ENERGY OPERATIONS LTD.,0.0,383.19084774193544
2025-12,BITUMEN,WINDTALKER ENERGY CORP.,0.0,50.44013806451612
2025-12,COND,ADVANTAGE ENERGY LTD.,0.0,0.020289677419354838
2025-12,COND,APL OIL & GAS (1998) LTD.,0.0,1.3796980645161288
2025-12,COND,ARC RESOURCES LTD.,0.0,72336.98112193547
2025-12,COND,ATHABASCA OIL CORPORATION,0.0,2348.854796129032
2025-12,COND,BACCALIEU ENERGY INC.,0.0,62.73568258064516
2025-12,COND,BARREL OIL CORP.,0.0,21.66937548387097
2025-12,COND,BAYTEX ENERGY LTD.,0.0,1.3391187096774193
2025-12,COND,BEARSPAW PETROLEUM LTD.,0.0,2.5767890322580644
2025-12,COND,BIRCHCLIFF ENERGY LTD.,0.0,1084.2600716129032
2025-12,COND,BITSTONE RESOURCES INC.,0.0,8.663692258064517
2025-12,COND,BLUE SKY RESOURCES LTD.,0.0,2.5767890322580644
2025-12,COND,BTG ENERGY CORP.,0.0,47.680741935483866
2025-12,COND,CANADIAN NATURAL RESOURCES LIMITED,0.0,1368.4170038709676
2025-12,COND,CANLIN RESOURCES PARTNERSHIP,0.0,63.3443729032258
2025-12,COND,CANSTONE ENERGY LTD.,0.0,1.2173806451612903
2025-12,COND,CARDINAL ENERGY LTD.,0.0,1.014483870967742
2025-12,COND,CAVVY PRODUCTION LTD.,0.0,7.710077419354837
2025-12,COND,CENOVUS ENERGY INC.,0.0,159.51744387096772
2025-12,COND,CORSE ENERGY CORP.,0.0,1.9680987096774192
2025-12,COND,CYGNET ENERGY LTD.,0.0,1027.2257883870966
2025-12,COND,DEL CANADA GP LTD.,0.0,7.223125161290323
2025-12,COND,EMBER RESOURCES INC.,0.0,10.48976322580645
2025-12,COND,ENTRADA RESOURCES INC.,0.0,0.9739045161290322
2025-12,COND,FIDDLEHEAD RESOURCES CORP.,0.0,6.005744516129032
2025-12,COND,GRAN TIERRA CANADA LTD.,0.0,85.41954193548386
2025-12,COND,GRYPHON PETROLEUM CORP.,0.0,4.504308387096774
2025-12,COND,HARD ROCK RESOURCES LTD.,0.0,1.014483870967742
2025-12,COND,HARVEST OPERATIONS CORP.,0.0,84.16158193548387
2025-12,COND,HIGHWOOD ASSET MANAGEMENT LTD.,0.0,10.469473548387096
2025-12,COND,HWN ENERGY LTD.,0.0,92.39919096774193
2025-12,COND,INPLAY OIL CORP.,0.0,7.162256129032258
2025-12,COND,INSIGNIA ENERGY LTD.,0.0,524.8127961290322
2025-12,COND,ISH ENERGY LTD.,0.0,2.150705806451613
2025-12,COND,JOURNEY ENERGY INC.,0.0,27.20845741935484
2025-12,COND,JX ENERGY LTD.,0.0,2.150705806451613
2025-12,COND,KARVE ENERGY INC.,0.0,0.7710077419354839
2025-12,COND,KELT EXPLORATION LTD.,0.0,343.0984451612903
2025-12,COND,KIWETINOHK ENERGY CORP.,0.0,57.602394193548385
2025-12,COND,LOGIC ENERGY LTD.,0.0,0.020289677419354838
2025-12,COND,LONE TREE RESOURCES INC.,0.0,7.750656774193549
2025-12,COND,LONG TERM ASSET MANAGEMENT INC.,0.0,0.2231864516129032
2025-12,COND,LOYAL ENERGY (CANADA) OPERATING LTD.,0.0,520.0853012903226
2025-12,COND,LYNX ENERGY ULC,0.0,42.40542580645161
2025-12,COND,MANCAL ENERGY INC.,0.0,52.063312258064514
2025-12,COND,MURPHY OIL COMPANY LTD.,0.0,2008.7186438709675
2025-12,COND,NEW NORTH RESOURCES LTD.,0.0,8.907168387096775
2025-12,COND,NEW TIMES ENERGY CANADA GP 2 LTD.,0.0,5.275316129032258
2025-12,COND,NEW TIMES ENERGY CANADA GP 3 LTD.,0.0,14.081036129032258
2025-12,COND,NORTH 40 RESOURCES LTD.,0.0,5.6811096774193555
2025-12,COND,NORWEGIAN ENERGY INC.,0.0,1.1565116129032258
2025-12,COND,NUVISTA ENERGY LTD.,0.0,6.492696774193548
2025-12,COND,OBSIDIAN ENERGY LTD.,0.0,23.069363225806452
2025-12,COND,ORLEN UPSTREAM CANADA LTD.,0.0,199.73158451612903
2025-12,COND,OUTLIER RESOURCES LTD.,0.0,25.382386451612902
2025-12,COND,OVINTIV CANADA ULC,0.0,20.736050322580645
2025-12,COND,PARAMOUNT RESOURCES LTD.,0.0,4883.603616774193
2025-12,COND,PERSIST OIL AND GAS INC.,0.0,2.779685806451613
2025-12,COND,PETROCHINA DUVERNAY GAS PARTNERSHIP,0.0,46.34162322580645
2025-12,COND,PETRUS RESOURCES CORP.,0.0,534.2474961290322
2025-12,COND,PEYTO EXPLORATION & DEVELOPMENT CORP.,0.0,120.68300129032258
2025-12,COND,PINE CLIFF ENERGY LTD.,0.0,84.77027225806451
2025-12,COND,PRAIRIE PROVIDENT RESOURCES CANADA LTD.,0.0,4.199963225806451
2025-12,COND,PRAIRIE THUNDER RESOURCES LTD.,0.0,5.599950967741935
2025-12,COND,RELENTLESS RESOURCES LTD.,0.0,1.0753529032258062
2025-12,COND,RESOURCEFUL PETROLEUM CANADA LIMITED,0.0,32.07798
2025-12,COND,ROCKPOINT GAS STORAGE CANADA LTD.,0.0,41.85760451612903
2025-12,COND,ROK RESOURCES INC.,0.0,7.953553548387096
2025-12,COND,RUSH RESOURCES LTD.,0.0,5.53908193548387
2025-12,COND,SATURN OIL & GAS INC.,0.0,7.405732258064516
2025-12,COND,SIGNALTA RESOURCES LIMITED,0.0,12.092647741935483
2025-12,COND,SINOPEC CANADA ENERGY LTD.,0.0,93.59628193548386
2025-12,COND,SOGAR RESOURCES LTD.,0.0,1.2782496774193546
2025-12,COND,SPARK INFRASTRUCTURE CORP.,0.0,0.8115870967741934
2025-12,COND,SPARTAN DELTA CORP.,0.0,190.0939877419355
2025-12,COND,SPOKE RESOURCES LTD.,0.0,8.156450322580644
2025-12,COND,SUCCESS RESOURCES LTD.,0.0,0.4057935483870967
2025-12,COND,SUN CENTURY PETROLEUM CORPORATION,0.0,1.1768012903225806
2025-12,COND,SURGE ENERGY INC.,0.0,6.75646258064516
2025-12,COND,SUTTON ENERGY LTD.,0.0,0.1623174193548387
2025-12,COND,TAMARACK VALLEY ENERGY LTD.,0.0,0.3855038709677419
2025-12,COND,TAQA NORTH LTD.,0.0,609.3395922580645
2025-12,COND,TEINE ENERGY LTD.,0.0,97.28900322580645
2025-12,COND,TENAZ ENERGY CORP.,0.0,26.741794838709676
2025-12,COND,TOURMALINE OIL CORP.,0.0,237.10517032258065
2025-12,COND,VANTAGE POINT RESOURCES INC.,0.0,7.101387096774193
2025-12,COND,VERMILION ENERGY INC.,0.0,276.467144516129
2025-12,COND,WEST 5 RESOURCES INC.,0.0,0.12173806451612902
2025-12,COND,WHITECAP PARTNERSHIP,0.0,1740.7528741935482
2025-12,COND,WHITECAP RESOURCES INC.,0.0,8181.508074193548
2025-12,COND,YANGARRA RESOURCES CORP.,0.0,163.21016516129032
2025-12,CRUDE_OIL,1288131 ALBERTA LTD.,0.0,7.770946451612902
2025-12,CRUDE_OIL,1852797 ALBERTA ULC,0.0,163.49422064516128
2025-12,CRUDE_OIL,2155192 ALBERTA LTD.,0.0,20.756339999999998
2025-12,CRUDE_OIL,2363750 ALBERTA LTD.,0.0,37.3330064516129
2025-12,CRUDE_OIL,501 ENERGY CORP.,0.0,119.01924774193547
2025-12,CRUDE_OIL,840586 ALBERTA LTD.,0.0,47.23436903225806
2025-12,CRUDE_OIL,97837 RESOURCES LTD.,0.0,6.391248387096773
2025-12,CRUDE_OIL,979968 ALBERTA LTD.,0.0,3.997066451612903
2025-12,CRUDE_OIL,ACQUISITION OIL CORP.,0.0,869.2706496774193
2025-12,CRUDE_OIL,ADANAC OIL & GAS LIMITED,0.0,5.884006451612903
2025-12,CRUDE_OIL,ADVANTAGE ENERGY LTD.,0.0,6263.301681290322
2025-12,CRUDE_OIL,AENEID EXPLORATION INC.,0.0,85.48041096774193
2025-12,CRUDE_OIL,AERADEN ENERGY CORP.,0.0,24.266454193548388
2025-12,CRUDE_OIL,ALBERTA PETROLEUM ENERGY LIMITED,0.0,21.080974838709675
2025-12,CRUDE_OIL,ALCHEMY ENERGY LTD,0.0,118.08592258064515
2025-12,CRUDE_OIL,ALEXANDER OILFIELD SERVICES LTD.,0.0,21.243292258064514
2025-12,CRUDE_OIL,ALLIED ENERGY II CORP.,0.0,2057.7790838709675
2025-12,CRUDE_OIL,ALSACE ENERGY CORP.,0.0,28.10120322580645
2025-12,CRUDE_OIL,ALTAIR ENERGY LTD.,0.0,202.53155999999998
2025-12,CRUDE_OIL,ALTIMA RESOURCES LTD.,0.0,132.41043483870968
2025-12,CRUDE_OIL,APAR ENERGY INC.,0.0,27.97946516129032
2025-12,CRUDE_OIL,ARAL RESOURCES LTD.,0.0,16.840432258064517
2025-12,CRUDE_OIL,ARC RESOURCES LTD.,0.0,6254.130747096774
2025-12,CRUDE_OIL,ARCHER EXPLORATION CORP.,0.0,7642.167869032258
2025-12,CRUDE_OIL,ARTIS EXPLORATION LTD.,0.0,8494.780693548386
2025-12,CRUDE_OIL,ASCENSUN OIL AND GAS LTD.,0.0,77.8109129032258
2025-12,CRUDE_OIL,ASPENLEAF ENERGY LIMITED,0.0,15273.82568516129
2025-12,CRUDE_OIL,ASTARA ENERGY CORP.,0.0,4337.506949032258
2025-12,CRUDE_OIL,ATCO NEXT ENERGY LTD.,0.0,51.799546451612905
2025-12,CRUDE_OIL,ATHABASCA OIL CORPORATION,0.0,44.81989741935484
2025-12,CRUDE_OIL,AXIOM OIL AND GAS INC.,0.0,741.1210470967742
2025-12,CRUDE_OIL,B-32 EXPLORATION LTD.,0.0,131.3147922580645
2025-12,CRUDE_OIL,BACCALIEU ENERGY INC.,0.0,1847.9432399999998
2025-12,CRUDE_OIL,BAND ENERGY RESOURCES LTD.,0.0,3.6521419354838707
2025-12,CRUDE_OIL,BARCOMP PETROLEUM LTD.,0.0,86.75866064516129
2025-12,CRUDE_OIL,"BARNWELL OF CANADA, LIMITED",0.0,395.2226264516129
2025-12,CRUDE_OIL,BARREL OIL CORP.,0.0,1987.4347722580644
2025-12,CRUDE_OIL,BATTLE RIVER ENERGY LTD.,0.0,920.9890374193548
2025-12,CRUDE_OIL,BAY OIL AND GAS LTD.,0.0,96.47741612903225
2025-12,CRUDE_OIL,BAYTEX ENERGY LTD.,0.0,6200.525419354838
2025-12,CRUDE_OIL,BDJ ENERGY INC.,0.0,45.205401290322584
2025-12,CRUDE_OIL,BEARSPAW PETROLEUM LTD.,0.0,560.8878425806452
2025-12,CRUDE_OIL,BENCH CREEK RESOURCES LTD.,0.0,22.420093548387097
2025-12,CRUDE_OIL,BIGHORN ENERGY CORPORATION,0.0,103.53822387096774
2025-12,CRUDE_OIL,BIRCHCLIFF ENERGY LTD.,0.0,1277.5395387096773
2025-12,CRUDE_OIL,BITSTONE RESOURCES INC.,0.0,67.66607419354838
2025-12,CRUDE_OIL,BLUE SKY RESOURCES LTD.,0.0,527.0649503225807
2025-12,CRUDE_OIL,BLUE STAR ENERGY INC.,0.0,8.866589032258064
2025-12,CRUDE_OIL,BONTERRA ENERGY CORP.,0.0,5791.526101935484
2025-12,CRUDE_OIL,BORNITE ENERGY LTD.,0.0,6.655014193548387
2025-12,CRUDE_OIL,BORRADAILE OIL LTD.,0.0,11.179612258064516
2025-12,CRUDE_OIL,BOUNTY DEVELOPMENTS LTD.,0.0,24.753406451612904
2025-12,CRUDE_OIL,"BRIGHTSPOT INTERNATIONAL ENERGY (CANADA) CO., LTD.",0.0,41.22862451612903
2025-12,CRUDE_OIL,BROTHERIN ENERGY LTD.,0.0,43.07498516129032
2025-12,CRUDE_OIL,BRW PETROLEUM CORP.,0.0,258.0644070967742
2025-12,CRUDE_OIL,BTG ENERGY CORP.,0.0,1549.5429541935482
2025-12,CRUDE_OIL,C GROUP ENERGY INC.,0.0,131.84232387096773
2025-12,CRUDE_OIL,CABOT ENERGY INC.,0.0,184.1491122580645
2025-12,CRUDE_OIL,CALEDONIAN MIDSTREAM CORPORATION,0.0,275.1686051612903
2025-12,CRUDE_OIL,CALTEX TRILOGY INC.,0.0,111.49177741935483
2025-12,CRUDE_OIL,CANADIAN NATURAL RESOURCES LIMITED,0.0,64317.77017741935
2025-12,CRUDE_OIL,CANEX RESOURCES LTD.,0.0,1.623174193548387
2025-12,CRUDE_OIL,CANLIN RESOURCES PARTNERSHIP,0.0,726.3095825806452
2025-12,CRUDE_OIL,CANUCK NORTH RESOURCES LTD.,0.0,20.289677419354838
2025-12,CRUDE_OIL,CAPITAN INVESTMENT LTD.,0.0,2.2318645161290322
2025-12,CRUDE_OIL,CARDINAL ENERGY LTD.,0.0,13657.144188387096
2025-12,CRUDE_OIL,CENOVUS ENERGY INC.,0.0,12181.942612258064
2025-12,CRUDE_OIL,CENTENNIAL PETROLEUM COMPANY LTD.,0.0,1.5420154838709677
2025-12,CRUDE_OIL,CLAMPETT ENERGY LTD.,0.0,20.817209032258063
2025-12,CRUDE_OIL,CLEAR NORTH ENERGY CORP.,0.0,31.002627096774194
2025-12,CRUDE_OIL,COASTAL RESOURCES LIMITED,0.0,95.48322193548387
2025-12,CRUDE_OIL,COBALT ENERGY INC.,0.0,322.3218154838709
2025-12,CRUDE_OIL,CONCOURSE PETROLEUM INC.,0.0,69.61388322580645
2025-12,CRUDE_OIL,CONIFER ENERGY INC.,0.0,5505.624257419355
2025-12,CRUDE_OIL,CONVEGA ENERGY LTD.,0.0,11.768012903225806
2025-12,CRUDE_OIL,CORSE ENERGY CORP.,0.0,1.5623051612903227
2025-12,CRUDE_OIL,COURSER ENERGY LTD.,0.0,97.02523741935484
2025-12,CRUDE_OIL,COVEE ENERGY CORPORATION,0.0,42.750350322580644
2025-12,CRUDE_OIL,CREST JINN PETROLEUM CORPORATION,0.0,12.762207096774194
2025-12,CRUDE_OIL,CROVERRO ENERGY LTD.,0.0,240.41238774193548
2025-12,CRUDE_OIL,CYGNET ENERGY LTD.,0.0,916.1195148387096
2025-12,CRUDE_OIL,DARK ENERGY LTD.,0.0,42.30397741935484
2025-12,CRUDE_OIL,DARK WARRIOR RESOURCES LTD.,0.0,125.04528193548387
2025-12,CRUDE_OIL,DECIMUS OIL CORP.,0.0,55.492267741935486
2025-12,CRUDE_OIL,DECKLAND INC.,0.0,34.49245161290322
2025-12,CRUDE_OIL,DEL CANADA GP LTD.,0.0,373.4923819354839
2025-12,CRUDE_OIL,DELTAWEST ENERGY LTD.,0.0,155.2566116129032
2025-12,CRUDE_OIL,DERRICK PETROLEUM LTD.,0.0,5.214447096774194
2025-12,CRUDE_OIL,DIRE RESOURCES LTD.,0.0,18.524475483870965
2025-12,CRUDE_OIL,DOAG ENERGY LTD.,0.0,57.15602129032258
2025-12,CRUDE_OIL,DURHAM CREEK ENERGY LTD.,0.0,32.463483870967735
2025-12,CRUDE_OIL,DWL RESOURCES LTD.,0.0,86.35286709677419
2025-12,CRUDE_OIL,EAGLE ENERGY INC.,0.0,914.2122851612903
2025-12,CRUDE_OIL,ECLIPSE RESOURCES LTD.,0.0,681.3070780645161
2025-12,CRUDE_OIL,ECOCHAIN ENERGY LTD.,0.0,22.31864516129032
2025-12,CRUDE_OIL,EDALIS ENERGY INC.,0.0,16.921590967741935
2025-12,CRUDE_OIL,EMBER RESOURCES INC.,0.0,133.22202193548387
2025-12,CRUDE_OIL,ENDRUM ENERGY CORP.,0.0,26.944691612903224
2025-12,CRUDE_OIL,ENER T CORPORATION,0.0,70.83126387096773
2025-12,CRUDE_OIL,ENERCAPITA ENERGY LTD.,0.0,3040.428450967742
2025-12,CRUDE_OIL,ENHANCE ENERGY INC.,0.0,2240.284732258064
2025-12,CRUDE_OIL,ENTRADA RESOURCES INC.,0.0,1184.2678916129032
2025-12,CRUDE_OIL,EP RESOURCES CORPORATION,0.0,425.7180116129032
2025-12,CRUDE_OIL,ERDOL RESOURCES CORP.,0.0,136.95532258064517
2025-12,CRUDE_OIL,EXECUTIVE ADVENTURES 2008 INC.,0.0,85.92678387096772
2025-12,CRUDE_OIL,FALLON ENERGY INC.,0.0,2.1709954838709673
2025-12,CRUDE_OIL,FIDDLEHEAD RESOURCES CORP.,0.0,23.353418709677417
2025-12,CRUDE_OIL,FIRE CREEK RESOURCES LTD.,0.0,193.86786774193547
2025-12,CRUDE_OIL,FIVE POINT ENERGY INC.,0.0,22.0143
2025-12,CRUDE_OIL,FLYWHEEL RESOURCES CORP.,0.0,297.28435354838706
2025-12,CRUDE_OIL,FORT CALGARY RESOURCES LTD.,0.0,20.59402258064516
2025-12,CRUDE_OIL,G. HERMAN GROUP INC.,0.0,33.17362258064516
2025-12,CRUDE_OIL,GLOBAL CANUCK ENERGY LTD.,0.0,1.4608567741935485
2025-12,CRUDE_OIL,GMT EXPLORATION ZAMA INC.,0.0,1059.8515896774193
2025-12,CRUDE_OIL,GOLDEN SPIKE ENERGY INC.,0.0,6.127482580645161
2025-12,CRUDE_OIL,GOOSE CREEK RESOURCES LTD.,0.0,126.81048387096773
2025-12,CRUDE_OIL,GRAN TIERRA CANADA LTD.,0.0,2484.8970832258065
2025-12,CRUDE_OIL,GRASSLAND ENERGY CORP.,0.0,954.6090329032257
2025-12,CRUDE_OIL,GREEN DAWG ENERGY INC.,0.0,3.0434516129032256
2025-12,CRUDE_OIL,GRIZZLY RESOURCES LTD.,0.0,1634.0900399999998
2025-12,CRUDE_OIL,GRYPHON PETROLEUM CORP.,0.0,6.75646258064516
2025-12,CRUDE_OIL,GUNNARR RESOURCES INC.,0.0,14.872333548387095
2025-12,CRUDE_OIL,HALO EXPLORATION LTD.,0.0,200.07650903225806
2025-12,CRUDE_OIL,HARD ROCK RESOURCES LTD.,0.0,34.33013419354839
2025-12,CRUDE_OIL,HARVARD RESOURCES INC.,0.0,68.11244709677419
2025-12,CRUDE_OIL,HARVEST ENERGY CORPORATION,0.0,4.5245980645161294
2025-12,CRUDE_OIL,HARVEST OPERATIONS CORP.,0.0,1189.0765451612901
2025-12,CRUDE_OIL,HBC ENERGY LTD.,0.0,1.9478090322580643
2025-12,CRUDE_OIL,HEADWATER EXPLORATION INC.,0.0,464.2075296774193
2025-12,CRUDE_OIL,HEMISPHERE ENERGY CORPORATION,0.0,3586.504829032258
2025-12,CRUDE_OIL,HESC ENERGY CORPORATION,0.0,88.6456006451613
2025-12,CRUDE_OIL,HIGHVALE ENERGY LIMITED,0.0,317.5131619354838
2025-12,CRUDE_OIL,HIGHWOOD ASSET MANAGEMENT LTD.,0.0,2690.208329032258
2025-12,CRUDE_OIL,HITIC ENERGY LTD.,0.0,1579.36878
2025-12,CRUDE_OIL,HWN ENERGY LTD.,0.0,8470.737425806452
2025-12,CRUDE_OIL,HYDRO VAULT ENERGY LTD.,0.0,47.1735
2025-12,CRUDE_OIL,INDRA OIL & GAS LTD.,0.0,16.515797419354836
2025-12,CRUDE_OIL,INPLAY OIL CORP.,0.0,9364.781771612903
2025-12,CRUDE_OIL,INSCH COMMODITY LTD.,0.0,9.454989677419354
2025-12,CRUDE_OIL,INSIGNIA ENERGY LTD.,0.0,982.4058909677419
2025-12,CRUDE_OIL,INTEGRITY OIL OPERATIONS LTD.,0.0,5.336185161290323
2025-12,CRUDE_OIL,IPC CANADA LTD.,0.0,10891.661156129032
2025-12,CRUDE_OIL,ISH ENERGY LTD.,0.0,1039.4807535483872
2025-12,CRUDE_OIL,JAST ENERGY LTD.,0.0,29.56206
2025-12,CRUDE_OIL,JOLI FOU PETROLEUMS LTD.,0.0,46.80828580645161
2025-12,CRUDE_OIL,JOURNEY ENERGY INC.,0.0,5094.311916774193
2025-12,CRUDE_OIL,JP ENERGY CORP.,0.0,12.234675483870966
2025-12,CRUDE_OIL,JX ENERGY LTD.,0.0,26.51860838709677
2025-12,CRUDE_OIL,KARVE ENERGY INC.,0.0,8103.859478709677
2025-12,CRUDE_OIL,KELT EXPLORATION LTD.,0.0,6513.473403870968
2025-12,CRUDE_OIL,KEYERA ENERGY LTD.,0.0,1.6434638709677418
2025-12,CRUDE_OIL,KINMERC OIL & GAS INC.,0.0,227.9139464516129
2025-12,CRUDE_OIL,KIWETINOHK ENERGY CORP.,0.0,220.97487677419352
2025-12,CRUDE_OIL,KOHO ENERGY CORP.,0.0,3.631852258064516
2025-12,CRUDE_OIL,LEDGEND ROYALTY TRUST LTD.,0.0,18.828820645161287
2025-12,CRUDE_OIL,LOGAN ENERGY CORP.,0.0,4636.150710967741
2025-12,CRUDE_OIL,LOGIC ENERGY LTD.,0.0,137.5234335483871
2025-12,CRUDE_OIL,LONE TREE RESOURCES INC.,0.0,5.255026451612903
2025-12,CRUDE_OIL,LONG RUN EXPLORATION LTD.,0.0,248.16304451612902
2025-12,CRUDE_OIL,LONG TERM ASSET MANAGEMENT INC.,0.0,21.405609677419353
2025-12,CRUDE_OIL,LONGRIDGE ENERGY LTD.,0.0,117.86273612903224
2025-12,CRUDE_OIL,LONGSHORE RESOURCES LTD.,0.0,2506.9925419354836
2025-12,CRUDE_OIL,LOTUS CREEK EXPLORATION INC.,0.0,1834.5317632258063
2025-12,CRUDE_OIL,LOYAL ENERGY (CANADA) OPERATING LTD.,0.0,984.4551483870966
2025-12,CRUDE_OIL,LYCOS ENERGY INC.,0.0,1744.4861748387095
2025-12,CRUDE_OIL,LYNX ENERGY ULC,0.0,1192.6272387096774
2025-12,CRUDE_OIL,MAGA ENERGY LTD.,0.0,91.4658658064516
2025-12,CRUDE_OIL,MANCAL ENERGY INC.,0.0,2591.235282580645
2025-12,CRUDE_OIL,MARLIN RESOURCES LTD.,0.0,175.38397161290322
2025-12,CRUDE_OIL,MARS ENERGY RESOURCES MANAGEMENT LTD.,0.0,11.747723225806451
2025-12,CRUDE_OIL,MATO INC.,0.0,2.881134193548387
2025-12,CRUDE_OIL,MCLAND RESOURCES LTD.,0.0,8.744850967741934
2025-12,CRUDE_OIL,MUDDY PETROLEUM COMPANY LTD.,0.0,1.5217258064516128
2025-12,CRUDE_OIL,MURPHY OIL COMPANY LTD.,0.0,1941.0119903225805
2025-12,CRUDE_OIL,N7 ENERGY LTD.,0.0,643.1827741935484
2025-12,CRUDE_OIL,NEW NORTH RESOURCES LTD.,0.0,18.95055870967742
2025-12,CRUDE_OIL,NEW TIMES ENERGY CANADA GP 2 LTD.,0.0,33.41709870967742
2025-12,CRUDE_OIL,NEW WEST DATA ACQUISITION CORP.,0.0,215.7807193548387
2025-12,CRUDE_OIL,NEW WEST DATA CORP.,0.0,60.6052664516129
2025-12,CRUDE_OIL,NORTH 40 RESOURCES LTD.,0.0,2633.8638948387093
2025-12,CRUDE_OIL,NORTH FORK RESOURCES LTD.,0.0,203.03880193548386
2025-12,CRUDE_OIL,NORTHERN UTILITIES (SASK.) LTD.,0.0,4.9506812903225805
2025-12,CRUDE_OIL,NORTHROCK RESOURCES PARTNERSHIP LTD.,0.0,43.054695483870965
2025-12,CRUDE_OIL,NOVACOR EXPLORATION LTD.,0.0,30.089591612903227
2025-12,CRUDE_OIL,NOVUS ENERGY INC.,0.0,44.2517864516129
2025-12,CRUDE_OIL,NUOVA STRADA VENTURES LTD.,0.0,114.02798709677418
2025-12,CRUDE_OIL,NVP EXPLORATION INC.,0.0,13.228869677419356
2025-12,CRUDE_OIL,NVS ENGINEERING INC.,0.0,16.98246
2025-12,CRUDE_OIL,OBSIDIAN ENERGY LTD.,0.0,3884.7427974193547
2025-12,CRUDE_OIL,OHANA RESOURCES INC.,0.0,156.23051612903225
2025-12,CRUDE_OIL,ORGA ENERGY LTD.,0.0,279.6729135483871
2025-12,CRUDE_OIL,ORLEN UPSTREAM CANADA LTD.,0.0,1452.2945303225806
2025-12,CRUDE_OIL,OUTLIER RESOURCES LTD.,0.0,208.57788387096772
2025-12,CRUDE_OIL,OUTPOST ENERGY LTD.,0.0,17.550570967741933
2025-12,CRUDE_OIL,OVINTIV CANADA ULC,0.0,374.6083141935483
2025-12,CRUDE_OIL,PARAGON ENERGY LTD.,0.0,7.770946451612902
2025-12,CRUDE_OIL,PARALLAX ENERGY OPERATING INC.,0.0,14997.155643870967
2025-12,CRUDE_OIL,PARAMOUNT RESOURCES LTD.,0.0,1063.7066283870968
2025-12,CRUDE_OIL,PENTACOR ENERGY CORP.,0.0,203.3431470967742
2025-12,CRUDE_OIL,PERSIST OIL AND GAS INC.,0.0,1576.3861974193546
2025-12,CRUDE_OIL,PERTHRO (CANADA) INC.,0.0,14.527409032258063
2025-12,CRUDE_OIL,PETRUS RESOURCES CORP.,0.0,1047.819810967742
2025-12,CRUDE_OIL,PEYTO EXPLORATION & DEVELOPMENT CORP.,0.0,14.912912903225806
2025-12,CRUDE_OIL,PINE CLIFF ENERGY LTD.,0.0,1045.36476
2025-12,CRUDE_OIL,PISMO ENERGY LTD.,0.0,13.898429032258063
2025-12,CRUDE_OIL,POINT BAR RESOURCES INC.,0.0,706.8112025806452
2025-12,CRUDE_OIL,POINTBREAK RESOURCES INC.,0.0,1138.2711929032257
2025-12,CRUDE_OIL,POKER CHIP EXPLORATION LTD.,0.0,6.87820064516129
2025-12,CRUDE_OIL,POTTS PETROLEUM INC.,0.0,195.8765458064516
2025-12,CRUDE_OIL,PRAIRIE PROVIDENT RESOURCES CANADA LTD.,0.0,1239.963056129032
2025-12,CRUDE_OIL,PRAIRIE THUNDER RESOURCES LTD.,0.0,4918.075778709677
2025-12,CRUDE_OIL,PRIMROSE DRILLING VENTURES LTD.,0.0,18.849110322580643
2025-12,CRUDE_OIL,PRONGHORN RESOURCES LTD.,0.0,13.411476774193547
2025-12,CRUDE_OIL,PROSPERA ENERGY INC.,0.0,37.35329612903226
2025-12,CRUDE_OIL,PULSE OIL OPERATING CORP.,0.0,116.50332774193548
2025-12,CRUDE_OIL,QUESTERRE ENERGY CORPORATION,0.0,3.73330064516129
2025-12,CRUDE_OIL,RAKE RESOURCES LTD,0.0,14.202774193548386
2025-12,CRUDE_OIL,RALLY CANADA RESOURCES LTD.,0.0,307.73353741935483
2025-12,CRUDE_OIL,RAMPART OIL INC.,0.0,493.26234774193546
2025-12,CRUDE_OIL,RANAHAN RESOURCES LIMITED,0.0,1341.8172367741936
2025-12,CRUDE_OIL,RED ANGUS ENERGY INC.,0.0,98.62812193548388
2025-12,CRUDE_OIL,RED JACK PETROLEUM LTD.,0.0,3.185479354838709
2025-12,CRUDE_OIL,RELENTLESS RESOURCES LTD.,0.0,28.73018322580645
2025-12,CRUDE_OIL,RESISTANCE ENERGY LTD.,0.0,12.802786451612903
2025-12,CRUDE_OIL,RESOURCEFUL PETROLEUM CANADA LIMITED,0.0,38.10401419354839
2025-12,CRUDE_OIL,RESPONSE ENERGY CORPORATION,0.0,667.692704516129
2025-12,CRUDE_OIL,REVOLUTION OIL & GAS CORPORATION,0.0,401.89793032258063
2025-12,CRUDE_OIL,REX ENERGY LTD.,0.0,3.4492451612903223
2025-12,CRUDE_OIL,RIBBON CREEK RESOURCES INC.,0.0,39.4025535483871
2025-12,CRUDE_OIL,RICOCHET OIL CORP.,0.0,9384.34102064516
2025-12,CRUDE_OIL,RIDGELINE EXPLORATION INC.,0.0,65.77913419354839
2025-12,CRUDE_OIL,RIMFIRE ENERGY INC.,0.0,10.44918387096774
2025-12,CRUDE_OIL,RISING TIDE ENERGY LTD.,0.0,39.909795483870965
2025-12,CRUDE_OIL,ROCKEAST ENERGY CORP.,0.0,912.9746148387096
2025-12,CRUDE_OIL,ROK RESOURCES INC.,0.0,82.86304258064516
2025-12,CRUDE_OIL,RTD ENERGY INC.,0.0,12.011489032258064
2025-12,CRUDE_OIL,RUBELLITE ENERGY INC.,0.0,5009.460485806451
2025-12,CRUDE_OIL,RURALCO RESOURCES CORP.,0.0,12.153516774193546
2025-12,CRUDE_OIL,RUSH RESOURCES LTD.,0.0,166.0912993548387
2025-12,CRUDE_OIL,SAND HILLS DIV CORP LTD.,0.0,277.38018
2025-12,CRUDE_OIL,SANDPOINT RESOURCES INC.,0.0,27.959175483870965
2025-12,CRUDE_OIL,SATURN OIL & GAS INC.,0.0,4960.826129032258
2025-12,CRUDE_OIL,SHACKLETON EXPLORATION LTD.,0.0,621.7365851612902
2025-12,CRUDE_OIL,SHANPET RESOURCES LTD.,0.0,8.399926451612902
2025-12,CRUDE_OIL,SHARPTAIL ENERGY INC.,0.0,715.9212677419355
2025-12,CRUDE_OIL,SHOT POINT RESOURCES LTD.,0.0,54.579232258064515
2025-12,CRUDE_OIL,SIFTON PETROLEUM INC.,0.0,713.8720103225806
2025-12,CRUDE_OIL,SIGNALTA RESOURCES LIMITED,0.0,169.29706838709677
2025-12,CRUDE_OIL,SILVERLEAF RESOURCES INC.,0.0,85.70359741935484
2025-12,CRUDE_OIL,SINOPEC CANADA ENERGY LTD.,0.0,2243.348473548387
2025-12,CRUDE_OIL,SOGAR RESOURCES LTD.,0.0,9.31296193548387
2025-12,CRUDE_OIL,SPARK INFRASTRUCTURE CORP.,0.0,15.724499999999999
2025-12,CRUDE_OIL,SPARTAN DELTA CORP.,0.0,9164.502365806451
2025-12,CRUDE_OIL,SPOKE RESOURCES LTD.,0.0,1807.1406987096773
2025-12,CRUDE_OIL,SPUR PETROLEUM LTD.,0.0,33185.20798645161
2025-12,CRUDE_OIL,STRATHCONA RESOURCES LTD.,0.0,3536.3893258064513
2025-12,CRUDE_OIL,SUCCESS RESOURCES LTD.,0.0,25.078041290322577
2025-12,CRUDE_OIL,SUEDE ENERGY LTD.,0.0,2487.859376129032
2025-12,CRUDE_OIL,SUMERIAN OIL & GAS INC.,0.0,70.46604967741935
2025-12,CRUDE_OIL,SUN CENTURY PETROLEUM CORPORATION,0.0,52.245919354838705
2025-12,CRUDE_OIL,SUPREME ENERGY INC.,0.0,99.90637161290321
2025-12,CRUDE_OIL,SURGE ENERGY INC.,0.0,13074.039149032258
2025-12,CRUDE_OIL,SUTTON ENERGY LTD.,0.0,3.246348387096774
2025-12,CRUDE_OIL,TAGGART OIL CORP.,0.0,58.028477419354836
2025-12,CRUDE_OIL,TAKU GAS LIMITED,0.0,12.843365806451612
2025-12,CRUDE_OIL,TAMARACK VALLEY ENERGY LTD.,0.0,38701.179979354834
2025-12,CRUDE_OIL,TAQA NORTH LTD.,0.0,5023.054569677419
2025-12,CRUDE_OIL,TEINE ENERGY LTD.,0.0,12166.603616129032
2025-12,CRUDE_OIL,TENAZ ENERGY CORP.,0.0,1298.1944303225805
2025-12,CRUDE_OIL,TEXCAL ENERGY CANADA INC.,0.0,744.9557961290323
2025-12,CRUDE_OIL,THOROUGHBRED ENERGY LTD.,0.0,67.13854258064517
2025-12,CRUDE_OIL,TIDEWATER MIDSTREAM AND INFRASTRUCTURE LTD.,0.0,137.3814058064516
2025-12,CRUDE_OIL,TOP OIL PRODUCTION LTD.,0.0,230.91681870967741
2025-12,CRUDE_OIL,TOURMALINE OIL CORP.,0.0,12220.41184064516
2025-12,CRUDE_OIL,TOWER RIDGE ENTERPRISES CORP.,0.0,4.341990967741935
2025-12,CRUDE_OIL,TRIPLE 555 OIL COMPANY LTD.,0.0,32.443194193548386
2025-12,CRUDE_OIL,TUKTU RESOURCES LTD.,0.0,187.0302464516129
2025-12,CRUDE_OIL,TUSCANY PETROLEUM LTD.,0.0,16.292610967741933
2025-12,CRUDE_OIL,TYKEWEST LIMITED,0.0,110.9642458064516
2025-12,CRUDE_OIL,ULYSSES ENERGY CORP.,0.0,667.0840141935483
2025-12,CRUDE_OIL,UNIT 18 CORP.,0.0,193.15772903225803
2025-12,CRUDE_OIL,"VAALCO ENERGY CANADA, INC.",0.0,772.9555509677419
2025-12,CRUDE_OIL,VANRENA RESOURCES LTD.,0.0,3.915907741935484
2025-12,CRUDE_OIL,VANTAGE POINT RESOURCES INC.,0.0,889.9255412903225
2025-12,CRUDE_OIL,VERMILION ENERGY INC.,0.0,2599.3308638709677
2025-12,CRUDE_OIL,VITAL ENERGY INC.,0.0,341.3332432258064
2025-12,CRUDE_OIL,VULTURE ENERGY LTD.,0.0,20.20851870967742
2025-12,CRUDE_OIL,WASP ENTERPRIZES LTD.,0.0,70.83126387096775
2025-12,CRUDE_OIL,WESCAN ENERGY CORP.,0.0,181.93753741935484
2025-12,CRUDE_OIL,WEST 5 RESOURCES INC.,0.0,84.16158193548387
2025-12,CRUDE_OIL,WEST LAKE ENERGY CORP.,0.0,6840.563293548386
2025-12,CRUDE_OIL,WESTGATE ENERGY OPERATIONS LTD.,0.0,113.70335225806451
2025-12,CRUDE_OIL,WHITECAP PARTNERSHIP,0.0,42173.981456129026
2025-12,CRUDE_OIL,WHITECAP RESOURCES INC.,0.0,16831.362772258064
2025-12,CRUDE_OIL,WHITEMUD CREEK RESOURCES LTD.,0.0,15.359285806451613
2025-12,CRUDE_OIL,WILCOX ENERGY CORP.,0.0,18.07810258064516
2025-12,CRUDE_OIL,WILDCAT RENTALS LTD.,0.0,14.892623225806451
2025-12,CRUDE_OIL,WOLF LAKE EXPLORATION LTD.,0.0,497.78694580645157
2025-12,CRUDE_OIL,WOODCOTE INC.,0.0,600.5744516129032
2025-12,CRUDE_OIL,WOODSMAN ENERGY CORP.,0.0,294.5452470967742
2025-12,CRUDE_OIL,XENOTIME ENERGY INC.,0.0,4.9506812903225805
2025-12,CRUDE_OIL,YANGARRA RESOURCES CORP.,0.0,1574.6615748387096
2025-12,CRUDE_OIL,ZNX ENERGY LTD.,0.0,13.005683225806449
2025-12,CRUDE_OIL,ZYZYGY RESOURCES LTD.,0.0,43.64309612903226
2025-12,GAS,1170778 ALBERTA LTD.,0.0019366125806451614,0.0
2025-12,GAS,1288131 ALBERTA LTD.,0.041580211290322584,0.0
2025-12,GAS,1852797 ALBERTA ULC,0.009113470967741937,0.0
2025-12,GAS,2155192 ALBERTA LTD.,0.1249684706451613,0.0
2025-12,GAS,2363750 ALBERTA LTD.,0.12906953258064519,0.0
2025-12,GAS,501 ENERGY CORP.,0.10970340677419356,0.0
2025-12,GAS,840586 ALBERTA LTD.,1.939916213870968,0.0
2025-12,GAS,97837 RESOURCES LTD.,0.024720290000000006,0.0
2025-12,GAS,979968 ALBERTA LTD.,0.09751413935483871,0.0
2025-12,GAS,ACQUISITION OIL CORP.,0.3989421916129033,0.0
2025-12,GAS,ADANAC OIL & GAS LIMITED,0.046364783548387106,0.0
2025-12,GAS,ADVANTAGE ENERGY LTD.,431.41451393645167,0.0
2025-12,GAS,AENEID EXPLORATION INC.,0.03907400677419355,0.0
2025-12,GAS,AERADEN ENERGY CORP.,0.016746002903225806,0.0
2025-12,GAS,ALBERTA PETROLEUM ENERGY LIMITED,0.009796981290322582,0.0
2025-12,GAS,ALCHEMY ENERGY LTD,0.32842671,0.0
2025-12,GAS,ALEXANDER OILFIELD SERVICES LTD.,0.03918792516129032,0.0
2025-12,GAS,ALLIED ENERGY II CORP.,4.498295351290324,0.0
2025-12,GAS,ALSACE ENERGY CORP.,0.002392286129032259,0.0
2025-12,GAS,ALTAGAS LTD.,80.38890214096776,0.0
2025-12,GAS,ALTAIR ENERGY LTD.,0.9898368654838712,0.0
2025-12,GAS,ALTIMA RESOURCES LTD.,0.06049066354838711,0.0
2025-12,GAS,APAR ENERGY INC.,0.00649334806451613,0.0
2025-12,GAS,APL OIL & GAS (1998) LTD.,0.22840636612903226,0.0
2025-12,GAS,ARAL RESOURCES LTD.,0.01845477870967742,0.0
2025-12,GAS,ARC RESOURCES LTD.,739.9740850635485,0.0
2025-12,GAS,ARCHER EXPLORATION CORP.,38.21996062612904,0.0
2025-12,GAS,ARROW EXPLORATION CORP.,0.781024461935484,0.0
2025-12,GAS,ARTIS EXPLORATION LTD.,13.922307842258066,0.0
2025-12,GAS,ASCENSUN OIL AND GAS LTD.,0.057300948709677425,0.0
2025-12,GAS,ASPENLEAF ENERGY LIMITED,36.87868553645162,0.0
2025-12,GAS,ASTARA ENERGY CORP.,16.922690321612905,0.0
2025-12,GAS,ATCO NEXT ENERGY LTD.,444.5102299619355,0.0
2025-12,GAS,ATHABASCA OIL CORPORATION,7.589470785161291,0.0
2025-12,GAS,AVILA ENERGY CORPORATION,0.44075023967741944,0.0
2025-12,GAS,AXIOM OIL AND GAS INC.,4.052760539354839,0.0
2025-12,GAS,AYIK ENERGY CORP.,0.44154766838709686,0.0
2025-12,GAS,B-32 EXPLORATION LTD.,0.04955449838709679,0.0
2025-12,GAS,BACCALIEU ENERGY INC.,20.019561674838712,0.0
2025-12,GAS,BAND ENERGY RESOURCES LTD.,0.0004556735483870968,0.0
2025-12,GAS,BARCOMP PETROLEUM LTD.,0.002734041290322581,0.0
2025-12,GAS,"BARNWELL OF CANADA, LIMITED",2.1267423687096776,0.0
2025-12,GAS,BARREL OIL CORP.,36.04115755451613,0.0
2025-12,GAS,BATTLE RIVER ENERGY LTD.,4.033622250322581,0.0
2025-12,GAS,BAY OIL AND GAS LTD.,0.22806461096774197,0.0
2025-12,GAS,BAYTEX ENERGY LTD.,79.92012797806453,0.0
2025-12,GAS,BDJ ENERGY INC.,0.13567679903225807,0.0
2025-12,GAS,BEAR HILLS INDUSTRIES LTD.,0.35223565290322584,0.0
2025-12,GAS,BEARSPAW PETROLEUM LTD.,7.3641402154838715,0.0
2025-12,GAS,BENCH CREEK RESOURCES LTD.,0.5471500132258065,0.0
2025-12,GAS,BENKOIL RESOURCES LIMITED,0.008088205483870969,0.0
2025-12,GAS,BIGHORN ENERGY CORPORATION,4.965930330322581,0.0
2025-12,GAS,BIRCHCLIFF ENERGY LTD.,435.94504819129037,0.0
2025-12,GAS,BITSTONE RESOURCES INC.,0.3343504661290323,0.0
2025-12,GAS,BLUE SKY RESOURCES LTD.,0.15492900645161292,0.0
2025-12,GAS,BLUE STAR ENERGY INC.,0.057187030322580656,0.0
2025-12,GAS,BONTERRA ENERGY CORP.,53.144294601290326,0.0
2025-12,GAS,BORNITE ENERGY LTD.,3.3251638009677422,0.0
2025-12,GAS,BORRADAILE OIL LTD.,0.5790471616129033,0.0
2025-12,GAS,BOUNTY DEVELOPMENTS LTD.,0.0026201229032258066,0.0
2025-12,GAS,"BRIGHTSPOT INTERNATIONAL ENERGY (CANADA) CO., LTD.",0.012872777741935485,0.0
2025-12,GAS,BROTHERIN ENERGY LTD.,0.3074657267741936,0.0
2025-12,GAS,BRW PETROLEUM CORP.,0.12098132709677421,0.0
2025-12,GAS,BTG ENERGY CORP.,26.531250599677424,0.0
2025-12,GAS,C GROUP ENERGY INC.,0.25643028935483875,0.0
2025-12,GAS,CABOT ENERGY INC.,0.31657919774193555,0.0
2025-12,GAS,CALEDONIAN MIDSTREAM CORPORATION,12.03775596451613,0.0
2025-12,GAS,CALTEX TRILOGY INC.,6.410985070645162,0.0
2025-12,GAS,CANADIAN NATURAL RESOURCES LIMITED,2121.2387435922583,0.0
2025-12,GAS,CANEX RESOURCES LTD.,0.0010252654838709678,0.0
2025-12,GAS,CANLIN RESOURCES PARTNERSHIP,200.64912584741938,0.0
2025-12,GAS,CANSTONE ENERGY LTD.,2.3271248116129035,0.0
2025-12,GAS,CANUCK NORTH RESOURCES LTD.,0.04431425258064517,0.0
2025-12,GAS,CAPITAN INVESTMENT LTD.,0.0001139183870967742,0.0
2025-12,GAS,CARDINAL ENERGY LTD.,19.858822830645163,0.0
2025-12,GAS,CAVVY PRODUCTION LTD.,163.86180285741938,0.0
2025-12,GAS,CENOVUS ENERGY INC.,857.0549605045162,0.0
2025-12,GAS,CENTENNIAL PETROLEUM COMPANY LTD.,0.048984906451612915,0.0
2025-12,GAS,CHECK ENERGY LTD.,0.009227389354838711,0.0
2025-12,GAS,CLAMPETT ENERGY LTD.,0.02301151419354839,0.0
2025-12,GAS,CLEAR NORTH ENERGY CORP.,1.3547174593548388,0.0
2025-12,GAS,CNOOC PETROLEUM NORTH AMERICA ULC,4.584075896774194,0.0
2025-12,GAS,COASTAL RESOURCES LIMITED,0.17566215290322582,0.0
2025-12,GAS,COBALT ENERGY INC.,0.2804670690322581,0.0
2025-12,GAS,CONCOURSE PETROLEUM INC.,0.16438423258064516,0.0
2025-12,GAS,CONIFER ENERGY INC.,10.47012503967742,0.0
2025-12,GAS,CONNACHER OIL AND GAS LIMITED,8.38519071903226,0.0
2025-12,GAS,CONOCOPHILLIPS CANADA RESOURCES CORP.,9.914431147419355,0.0
2025-12,GAS,CONVEGA ENERGY LTD.,0.0037593067741935487,0.0
2025-12,GAS,CORSE ENERGY CORP.,1.01706336,0.0
2025-12,GAS,COURSER ENERGY LTD.,0.2204320790322581,0.0
2025-12,GAS,COVEE ENERGY CORPORATION,0.8702225590322581,0.0
2025-12,GAS,CREST JINN PETROLEUM CORPORATION,0.003189714838709678,0.0
2025-12,GAS,CROVERRO ENERGY LTD.,0.1112982641935484,0.0
2025-12,GAS,CYGNET ENERGY LTD.,24.6215227583871,0.0
2025-12,GAS,DARK ENERGY LTD.,0.010138736451612904,0.0
2025-12,GAS,DARK WARRIOR RESOURCES LTD.,0.09398266935483872,0.0
2025-12,GAS,DAVIES LIVESTOCK CO. LTD.,0.008088205483870969,0.0
2025-12,GAS,DECIMUS OIL CORP.,0.1506001077419355,0.0
2025-12,GAS,DECKLAND INC.,0.2319378361290323,0.0
2025-12,GAS,DEERGARDEN RESOURCES LTD.,0.04590911,0.0
2025-12,GAS,DEL CANADA GP LTD.,3.7407380770967746,0.0
2025-12,GAS,DELTAWEST ENERGY LTD.,0.05650352000000001,0.0
2025-12,GAS,DERRICK PETROLEUM LTD.,0.025289881935483875,0.0
2025-12,GAS,DIRE RESOURCES LTD.,0.008543879032258065,0.0
2025-12,GAS,DOAG ENERGY LTD.,0.2425322461290323,0.0
2025-12,GAS,DURHAM CREEK ENERGY LTD.,0.04670653870967743,0.0
2025-12,GAS,DWL RESOURCES LTD.,0.2857073148387097,0.0
2025-12,GAS,EAGLE ENERGY INC.,0.5020383319354839,0.0
2025-12,GAS,ECLIPSE RESOURCES LTD.,0.4191057461290323,0.0
2025-12,GAS,ECOCHAIN ENERGY LTD.,0.01412588,0.0
2025-12,GAS,EDALIS ENERGY INC.,0.038618333225806455,0.0
2025-12,GAS,EMBER RESOURCES INC.,202.95585926774197,0.0
2025-12,GAS,ENDRUM ENERGY CORP.,3.409577325806452,0.0
2025-12,GAS,ENER T CORPORATION,0.15048618935483873,0.0
2025-12,GAS,ENERCAPITA ENERGY LTD.,10.906546380645162,0.0
2025-12,GAS,ENHANCE ENERGY INC.,18.719866796451615,0.0
2025-12,GAS,ENTRADA RESOURCES INC.,11.863119077096776,0.0
2025-12,GAS,EP RESOURCES CORPORATION,0.16597909000000002,0.0
2025-12,GAS,ERDOL RESOURCES CORP.,0.1452459435483871,0.0
2025-12,GAS,EXECUTIVE ADVENTURES 2008 INC.,0.13909435064516132,0.0
2025-12,GAS,FABIAN SEED FARMS INC.,0.004556735483870969,0.0
2025-12,GAS,FALLON ENERGY INC.,0.011961430645161293,0.0
2025-12,GAS,FIDDLEHEAD RESOURCES CORP.,5.516839650322582,0.0
2025-12,GAS,FIRE CREEK RESOURCES LTD.,0.11095650903225808,0.0
2025-12,GAS,FIVE POINT ENERGY INC.,0.23854510258064518,0.0
2025-12,GAS,FLYWHEEL RESOURCES CORP.,0.6723463206451614,0.0
2025-12,GAS,FORT CALGARY RESOURCES LTD.,0.01594857419354839,0.0
2025-12,GAS,G. HERMAN GROUP INC.,0.8384393290322582,0.0
2025-12,GAS,G2B DEVELOPMENT CORPORATION,1.5135196909677422,0.0
2025-12,GAS,GEX RESOURCES LTD.,0.35713414354838713,0.0
2025-12,GAS,GMT EXPLORATION ZAMA INC.,1.1312095838709677,0.0
2025-12,GAS,GOLDEN SPIKE ENERGY INC.,0.00706294,0.0
2025-12,GAS,GOOSE CREEK RESOURCES LTD.,1.2998087967741936,0.0
2025-12,GAS,GRAN TIERRA CANADA LTD.,49.5539287951613,0.0
2025-12,GAS,GRASSLAND ENERGY CORP.,3.210789740322581,0.0
2025-12,GAS,GREEN DAWG ENERGY INC.,0.00034175516129032263,0.0
2025-12,GAS,GREENFIRE RESOURCES OPERATING CORPORATION,2.855022617419355,0.0
2025-12,GAS,GRIZZLY RESOURCES LTD.,0.10583018161290324,0.0
2025-12,GAS,GRYPHON PETROLEUM CORP.,0.30678221645161297,0.0
2025-12,GAS,GUNNARR RESOURCES INC.,0.03565645516129033,0.0
2025-12,GAS,HALO EXPLORATION LTD.,1.2726962206451613,0.0
2025-12,GAS,HARD ROCK RESOURCES LTD.,0.931282814516129,0.0
2025-12,GAS,HARVARD RESOURCES INC.,0.05707311193548388,0.0
2025-12,GAS,HARVEST ENERGY CORPORATION,0.0018226941935483873,0.0
2025-12,GAS,HARVEST OPERATIONS CORP.,30.464624669354844,0.0
2025-12,GAS,HBC ENERGY LTD.,0.0002278367741935484,0.0
2025-12,GAS,HEADWATER EXPLORATION INC.,14.383791228387098,0.0
2025-12,GAS,HEMISPHERE ENERGY CORPORATION,1.413727183870968,0.0
2025-12,GAS,HESC ENERGY CORPORATION,0.30063062354838715,0.0
2025-12,GAS,HIGHVALE ENERGY LIMITED,4.205980770000001,0.0
2025-12,GAS,HIGHWOOD ASSET MANAGEMENT LTD.,13.555034962258066,0.0
2025-12,GAS,HIS MAJESTY THE KING IN RIGHT OF CANADA AS REPRESENTED HEREIN BY THE MINISTER OF NATIONAL DEFENCE,0.6288294967741936,0.0
2025-12,GAS,HITIC ENERGY LTD.,1.9730664645161293,0.0
2025-12,GAS,HWN ENERGY LTD.,72.99309261387097,0.0
2025-12,GAS,HYDRO VAULT ENERGY LTD.,0.07666707451612904,0.0
2025-12,GAS,IMPERIAL OIL RESOURCES LIMITED,39.701924923870976,0.0
2025-12,GAS,INDRA OIL & GAS LTD.,0.01708775806451613,0.0
2025-12,GAS,INPLAY OIL CORP.,54.59493134258065,0.0
2025-12,GAS,INSCH COMMODITY LTD.,0.05844013258064516,0.0
2025-12,GAS,INSIGNIA ENERGY LTD.,35.38840519645162,0.0
2025-12,GAS,INTEGRITY OIL OPERATIONS LTD.,0.0035314700000000005,0.0
2025-12,GAS,IPC CANADA LTD.,106.10757288548389,0.0
2025-12,GAS,ISH ENERGY LTD.,4.743789475483871,0.0
2025-12,GAS,ISLANDER OIL & GAS INC.,0.23022906032258067,0.0
2025-12,GAS,JAST ENERGY LTD.,0.0037593067741935487,0.0
2025-12,GAS,JAYHAWK RESOURCES LTD.,1.2870499374193551,0.0
2025-12,GAS,JOLI FOU PETROLEUMS LTD.,0.004101061935483871,0.0
2025-12,GAS,JOURNEY ENERGY INC.,37.00855249774194,0.0
2025-12,GAS,JP ENERGY CORP.,0.02346718774193549,0.0
2025-12,GAS,JX ENERGY LTD.,12.757720170967744,0.0
2025-12,GAS,KAISER EXPLORATION LTD.,0.1435371677419355,0.0
2025-12,GAS,KARVE ENERGY INC.,18.716563163225807,0.0
2025-12,GAS,KELT EXPLORATION LTD.,173.05467494096777,0.0
2025-12,GAS,KEYERA ENERGY LTD.,0.15219496516129033,0.0
2025-12,GAS,KINMERC OIL & GAS INC.,0.09751413935483873,0.0
2025-12,GAS,KIWETINOHK ENERGY CORP.,141.56808842096777,0.0
2025-12,GAS,LEDGEND ROYALTY TRUST LTD.,0.18705399161290326,0.0
2025-12,GAS,LINEUP RESOURCES CORP.,0.40759998903225814,0.0
2025-12,GAS,LOGAN ENERGY CORP.,60.590911729032264,0.0
2025-12,GAS,LOGIC ENERGY LTD.,0.5227714783870968,0.0
2025-12,GAS,LONE TREE RESOURCES INC.,0.9961023767741937,0.0
2025-12,GAS,LONG RUN EXPLORATION LTD.,2.666373768387097,0.0
2025-12,GAS,LONG TERM ASSET MANAGEMENT INC.,15.383766830322582,0.0
2025-12,GAS,LONGRIDGE ENERGY LTD.,0.47948249129032267,0.0
2025-12,GAS,LONGSHORE RESOURCES LTD.,0.5470360948387097,0.0
2025-12,GAS,LOTUS CREEK EXPLORATION INC.,6.043256517096775,0.0
2025-12,GAS,LOYAL ENERGY (CANADA) OPERATING LTD.,29.995508751290327,0.0
2025-12,GAS,LYCOS ENERGY INC.,1.8852353880645163,0.0
2025-12,GAS,LYNX ENERGY ULC,88.29050930677421,0.0
2025-12,GAS,MAGA ENERGY LTD.,0.7920745454838711,0.0
2025-12,GAS,MAHIKAN OIL CORPORATION,0.03053012774193549,0.0
2025-12,GAS,MANCAL ENERGY INC.,46.58054497354839,0.0
2025-12,GAS,MARLIN RESOURCES LTD.,0.37422190161290325,0.0
2025-12,GAS,MARS ENERGY RESOURCES MANAGEMENT LTD.,0.01708775806451613,0.0
2025-12,GAS,MATO INC.,0.0719964206451613,0.0
2025-12,GAS,MCLAND RESOURCES LTD.,0.016518166129032258,0.0
2025-12,GAS,"MEDICINE HAT, CITY OF",10.18510123516129,0.0
2025-12,GAS,MEG ENERGY CORP.,59.76397815709678,0.0
2025-12,GAS,MORNING STAR PETROLEUM INCORPORATED,0.11779161225806455,0.0
2025-12,GAS,MUDDY PETROLEUM COMPANY LTD.,0.0003417551612903226,0.0
2025-12,GAS,MURPHY OIL COMPANY LTD.,16.497888656129035,0.0
2025-12,GAS,N7 ENERGY LTD.,8.988160741935484,0.0
2025-12,GAS,NEW NORTH RESOURCES LTD.,2.412107928387097,0.0
2025-12,GAS,NEW TIMES ENERGY CANADA GP 2 LTD.,1.281467936451613,0.0
2025-12,GAS,NEW TIMES ENERGY CANADA GP 3 LTD.,2.6651206661290328,0.0
2025-12,GAS,NEW WEST DATA ACQUISITION CORP.,4.0017251019354845,0.0
2025-12,GAS,NEW WEST DATA CORP.,0.3087188290322581,0.0
2025-12,GAS,NORTH 40 RESOURCES LTD.,22.765906150967744,0.0
2025-12,GAS,NORTH FORK RESOURCES LTD.,0.24013996,0.0
2025-12,GAS,NORTHERN UTILITIES (SASK.) LTD.,0.0001139183870967742,0.0
2025-12,GAS,NORTHRIVER MIDSTREAM INC.,0.1381830035483871,0.0
2025-12,GAS,NORTHROCK RESOURCES PARTNERSHIP LTD.,0.15094186290322584,0.0
2025-12,GAS,NORWEGIAN ENERGY INC.,1.752748303870968,0.0
2025-12,GAS,NOVACOR EXPLORATION LTD.,0.016859921290322582,0.0
2025-12,GAS,NOVUS ENERGY INC.,0.2049391783870968,0.0
2025-12,GAS,NPS INDUSTRIAL POWER CORP.,1.5505431667741938,0.0
2025-12,GAS,NUOVA STRADA VENTURES LTD.,0.19411693161290325,0.0
2025-12,GAS,NUVISTA ENERGY LTD.,435.7073005174194,0.0
2025-12,GAS,NVP EXPLORATION INC.,0.023125432580645165,0.0
2025-12,GAS,NVS ENGINEERING INC.,0.012075349032258067,0.0
2025-12,GAS,O'NEILL INDUSTRIES INTERNATIONAL-CANADA INC.,0.006721184838709679,0.0
2025-12,GAS,OBSIDIAN ENERGY LTD.,58.73005487580646,0.0
2025-12,GAS,OHANA RESOURCES INC.,0.06527523580645161,0.0
2025-12,GAS,OK RADIO GROUP LTD.,0.18135807225806452,0.0
2025-12,GAS,ORGA ENERGY LTD.,0.011847512258064517,0.0
2025-12,GAS,ORLEN UPSTREAM CANADA LTD.,57.20810522419355,0.0
2025-12,GAS,OUTLIER RESOURCES LTD.,27.838919765161293,0.0
2025-12,GAS,OUTPOST ENERGY LTD.,0.9581675538709679,0.0
2025-12,GAS,OVINTIV CANADA ULC,638.0817203374195,0.0
2025-12,GAS,PARAGON ENERGY LTD.,0.0042149803225806455,0.0
2025-12,GAS,PARALLAX ENERGY OPERATING INC.,21.897734122903227,0.0
2025-12,GAS,PARAMOUNT RESOURCES LTD.,170.18096970806454,0.0
2025-12,GAS,PENTACOR ENERGY CORP.,0.020733146451612908,0.0
2025-12,GAS,PERSIST OIL AND GAS INC.,12.322665850645162,0.0
2025-12,GAS,PERTHRO (CANADA) INC.,0.026770820967741936,0.0
2025-12,GAS,PETROCHINA CANADA LTD.,0.6954717532258066,0.0
2025-12,GAS,PETROCHINA DUVERNAY GAS PARTNERSHIP,72.9643851803226,0.0
2025-12,GAS,PETRUS RESOURCES CORP.,46.003890098064524,0.0
2025-12,GAS,PEYTO CANADA CORP.,15.654436918064517,0.0
2025-12,GAS,PEYTO EXPLORATION & DEVELOPMENT CORP.,824.9119762380647,0.0
2025-12,GAS,PINE CLIFF ENERGY LTD.,104.67037851387099,0.0
2025-12,GAS,PISMO ENERGY LTD.,0.00045567354838709677,0.0
2025-12,GAS,POINT BAR RESOURCES INC.,0.8081370380645162,0.0
2025-12,GAS,POINTBREAK RESOURCES INC.,3.341454130322581,0.0
2025-12,GAS,POKER CHIP EXPLORATION LTD.,0.008543879032258065,0.0
2025-12,GAS,POTTS PETROLEUM INC.,0.33366695580645167,0.0
2025-12,GAS,PRAIRIE PROVIDENT RESOURCES CANADA LTD.,6.523080763548387,0.0
2025-12,GAS,PRAIRIE THUNDER RESOURCES LTD.,9.43118934935484,0.0
2025-12,GAS,PRIMROSE DRILLING VENTURES LTD.,0.0035314700000000005,0.0
2025-12,GAS,PRONGHORN RESOURCES LTD.,0.061629847419354844,0.0
2025-12,GAS,PROSPERA ENERGY INC.,0.09318524064516129,0.0
2025-12,GAS,PULSE OIL OPERATING CORP.,0.08327434096774194,0.0
2025-12,GAS,QUESTERRE ENERGY CORPORATION,0.0003417551612903226,0.0
2025-12,GAS,RAKE RESOURCES LTD,0.0011391838709677421,0.0
2025-12,GAS,RALLY CANADA RESOURCES LTD.,0.3013141338709678,0.0
2025-12,GAS,RAMPART OIL INC.,0.2701004958064516,0.0
2025-12,GAS,RANAHAN RESOURCES LIMITED,7.435567044193549,0.0
2025-12,GAS,RED ANGUS ENERGY INC.,0.5970462667741936,0.0
2025-12,GAS,RED JACK PETROLEUM LTD.,0.022441922258064517,0.0
2025-12,GAS,RELENTLESS RESOURCES LTD.,0.17600390806451616,0.0
2025-12,GAS,RESISTANCE ENERGY LTD.,0.03508686322580645,0.0
2025-12,GAS,RESOURCEFUL PETROLEUM CANADA LIMITED,1.1152610096774196,0.0
2025-12,GAS,RESPONSE ENERGY CORPORATION,0.42104235870967743,0.0
2025-12,GAS,REVOLUTION OIL & GAS CORPORATION,0.5637820977419357,0.0
2025-12,GAS,REX ENERGY LTD.,0.04613694677419355,0.0
2025-12,GAS,RIBBON CREEK RESOURCES INC.,0.1912689719354839,0.0
2025-12,GAS,RICOCHET OIL CORP.,20.89468272451613,0.0
2025-12,GAS,RIDGELINE EXPLORATION INC.,0.1427397390322581,0.0
2025-12,GAS,RIMFIRE ENERGY INC.,0.06914846096774195,0.0
2025-12,GAS,RISING TIDE ENERGY LTD.,4.2751292309677424,0.0
2025-12,GAS,RKSMITH ENERGY CORP.,0.857691536451613,0.0
2025-12,GAS,ROCKEAST ENERGY CORP.,0.8560966790322582,0.0
2025-12,GAS,ROCKPOINT GAS STORAGE CANADA LTD.,874.4037055938711,0.0
2025-12,GAS,ROK RESOURCES INC.,3.081492370967742,0.0
2025-12,GAS,RTD ENERGY INC.,0.00034175516129032263,0.0
2025-12,GAS,RUBELLITE ENERGY INC.,11.421799245483873,0.0
2025-12,GAS,RURALCO RESOURCES CORP.,0.010594410000000002,0.0
2025-12,GAS,RUSH RESOURCES LTD.,0.8272753270967743,0.0
2025-12,GAS,SAND HILLS DIV CORP LTD.,2.7651410100000007,0.0
2025-12,GAS,SANDPOINT RESOURCES INC.,0.0014809390322580648,0.0
2025-12,GAS,SATURN OIL & GAS INC.,33.216665064838715,0.0
2025-12,GAS,SCAVENGER ENERGY GP INC.,0.025631637096774195,0.0
2025-12,GAS,SHACKLETON EXPLORATION LTD.,3.882338632258065,0.0
2025-12,GAS,SHANPET RESOURCES LTD.,0.1427397390322581,0.0
2025-12,GAS,SHARPTAIL ENERGY INC.,1.810732762903226,0.0
2025-12,GAS,SHELL CANADA ENERGY,1.134627135483871,0.0
2025-12,GAS,SHOT POINT RESOURCES LTD.,0.0251759635483871,0.0
2025-12,GAS,SIFTON PETROLEUM INC.,1.5152284667741938,0.0
2025-12,GAS,SIGNALTA RESOURCES LIMITED,4.0274706574193555,0.0
2025-12,GAS,SILVERLEAF RESOURCES INC.,1.0046462558064517,0.0
2025-12,GAS,SINOPEC CANADA ENERGY LTD.,90.03927046709678,0.0
2025-12,GAS,SOGAR RESOURCES LTD.,0.9362952235483872,0.0
2025-12,GAS,SPARK INFRASTRUCTURE CORP.,4.313747564193549,0.0
2025-12,GAS,SPARTAN DELTA CORP.,220.96658410451616,0.0
2025-12,GAS,SPOKE RESOURCES LTD.,15.79068330903226,0.0
2025-12,GAS,SPROCKET ENERGY CORPORATION,9.00353972419355,0.0
2025-12,GAS,SPUR PETROLEUM LTD.,39.42339446741936,0.0
2025-12,GAS,STORM DEVELOPMENT CORP.,28.364311366451616,0.0
2025-12,GAS,STRATHCONA RESOURCES LTD.,26.74256920774194,0.0
2025-12,GAS,SUCCESS RESOURCES LTD.,1.847072728387097,0.0
2025-12,GAS,SUEDE ENERGY LTD.,12.978380086774196,0.0
2025-12,GAS,SUMERIAN OIL & GAS INC.,0.27351804741935487,0.0
2025-12,GAS,SUN CENTURY PETROLEUM CORPORATION,5.132251175483872,0.0
2025-12,GAS,SUNCOR ENERGY INC.,9.072916021935486,0.0
2025-12,GAS,SUPREME ENERGY INC.,0.61800725,0.0
2025-12,GAS,SURGE ENERGY INC.,16.377021247419357,0.0
2025-12,GAS,SUTTON ENERGY LTD.,0.24344359322580647,0.0
2025-12,GAS,TAGGART OIL CORP.,0.41865007258064524,0.0
2025-12,GAS,TAIGA ENERGY CORP.,0.39746125258064524,0.0
2025-12,GAS,TAKU GAS LIMITED,0.01275885935483871,0.0
2025-12,GAS,TAMARACK VALLEY ENERGY LTD.,86.10327627451613,0.0
2025-12,GAS,TAQA NORTH LTD.,391.34702490838714,0.0
2025-12,GAS,TEINE ENERGY LTD.,24.953594856774195,0.0
2025-12,GAS,TENAZ ENERGY CORP.,7.905822146129033,0.0
2025-12,GAS,TEXCAL ENERGY CANADA INC.,1.8478701570967744,0.0
2025-12,GAS,THOR RESOURCES INC.,2.2085357706451614,0.0
2025-12,GAS,THOROUGHBRED ENERGY LTD.,0.03417551612903226,0.0
2025-12,GAS,TIDEWATER MIDSTREAM AND INFRASTRUCTURE LTD.,14.523113415806453,0.0
2025-12,GAS,TMAX ENERGY LTD.,1.1903332267741937,0.0
2025-12,GAS,TOP OIL PRODUCTION LTD.,0.8141747125806452,0.0
2025-12,GAS,TOURMALINE OIL CORP.,1824.8251508974197,0.0
2025-12,GAS,TOWER RIDGE ENTERPRISES CORP.,0.0002278367741935484,0.0
2025-12,GAS,TRANSCANADA ENERGY LTD.,394.2616268422581,0.0
2025-12,GAS,TRIPLE 555 OIL COMPANY LTD.,0.16586517161290323,0.0
2025-12,GAS,TUKTU RESOURCES LTD.,2.2979617045161294,0.0
2025-12,GAS,TUSCANY PETROLEUM LTD.,0.03599821032258065,0.0
2025-12,GAS,TYKEWEST LIMITED,0.2359249796774194,0.0
2025-12,GAS,ULYSSES ENERGY CORP.,0.3379958545161291,0.0
2025-12,GAS,UNIT 18 CORP.,0.040554945806451616,0.0
2025-12,GAS,"VAALCO ENERGY CANADA, INC.",5.930591232258065,0.0
2025-12,GAS,VANRENA RESOURCES LTD.,0.0005695919354838711,0.0
2025-12,GAS,VANTAGE POINT RESOURCES INC.,8.678188810645162,0.0
2025-12,GAS,VERMILION ENERGY INC.,385.0292250783871,0.0
2025-12,GAS,VITAL ENERGY INC.,0.3769559429032258,0.0
2025-12,GAS,VULTURE ENERGY LTD.,0.06538915419354839,0.0
2025-12,GAS,WARWICK GAS STORAGE LTD.,105.92746791548389,0.0
2025-12,GAS,WASP ENTERPRIZES LTD.,0.04476992612903226,0.0
2025-12,GAS,WESCAN ENERGY CORP.,0.22544448806451617,0.0
2025-12,GAS,WEST 5 RESOURCES INC.,0.7279384935483872,0.0
2025-12,GAS,WEST LAKE ENERGY CORP.,5.4724114793548395,0.0
2025-12,GAS,WESTGATE ENERGY OPERATIONS LTD.,0.668473095483871,0.0
2025-12,GAS,WHITECAP PARTNERSHIP,470.3439582774194,0.0
2025-12,GAS,WHITECAP RESOURCES INC.,537.3711449590323,0.0
2025-12,GAS,WHITEMUD CREEK RESOURCES LTD.,0.047503967419354844,0.0
2025-12,GAS,WILCOX ENERGY CORP.,0.5374669503225806,0.0
2025-12,GAS,WILDCAT RENTALS LTD.,0.038846170000000006,0.0
2025-12,GAS,WINDSOR SALT LTD/SEL WINDSOR LTEE,0.018682615483870967,0.0
2025-12,GAS,WINDTALKER ENERGY CORP.,0.03030229096774194,0.0
2025-12,GAS,WOLF LAKE EXPLORATION LTD.,7.485349379354839,0.0
2025-12,GAS,WOODCOTE INC.,0.28320111032258066,0.0
2025-12,GAS,WOODSMAN ENERGY CORP.,1.1971683300000002,0.0
2025-12,GAS,XENOTIME ENERGY INC.,0.0026201229032258066,0.0
2025-12,GAS,YANGARRA RESOURCES CORP.,42.72623026451613,0.0
2025-12,GAS,YOHO RESOURCES INC.,0.44963587387096776,0.0
2025-12,GAS,ZNX ENERGY LTD.,0.10195695645161292,0.0
2025-12,GAS,ZYZYGY RESOURCES LTD.,0.21006550580645167,0.0
2025-12,OIL_AT_GAS_BATTERY,2155192 ALBERTA LTD.,0.0,5.518792258064515
2025-12,OIL_AT_GAS_BATTERY,840586 ALBERTA LTD.,0.0,1.014483870967742
2025-12,OIL_AT_GAS_BATTERY,ADVANTAGE ENERGY LTD.,0.0,205.85906709677417
2025-12,OIL_AT_GAS_BATTERY,ARC RESOURCES LTD.,0.0,3.246348387096774
2025-12,OIL_AT_GAS_BATTERY,ATCO NEXT ENERGY LTD.,0.0,2.3333129032258064
2025-12,OIL_AT_GAS_BATTERY,AXIOM OIL AND GAS INC.,0.0,7.791236129032257
2025-12,OIL_AT_GAS_BATTERY,BACCALIEU ENERGY INC.,0.0,37.150399354838704
2025-12,OIL_AT_GAS_BATTERY,BARREL OIL CORP.,0.0,57.76471161290322
2025-12,OIL_AT_GAS_BATTERY,BAYTEX ENERGY LTD.,0.0,1.623174193548387
2025-12,OIL_AT_GAS_BATTERY,BIRCHCLIFF ENERGY LTD.,0.0,0.750718064516129
2025-12,OIL_AT_GAS_BATTERY,BLUE SKY RESOURCES LTD.,0.0,2.110126451612903
2025-12,OIL_AT_GAS_BATTERY,BONTERRA ENERGY CORP.,0.0,224.54586
2025-12,OIL_AT_GAS_BATTERY,BTG ENERGY CORP.,0.0,8.115870967741936
2025-12,OIL_AT_GAS_BATTERY,CANADIAN NATURAL RESOURCES LIMITED,0.0,376.0691709677419
2025-12,OIL_AT_GAS_BATTERY,CANLIN RESOURCES PARTNERSHIP,0.0,1.501436129032258
2025-12,OIL_AT_GAS_BATTERY,CENOVUS ENERGY INC.,0.0,33.883761290322575
2025-12,OIL_AT_GAS_BATTERY,CORSE ENERGY CORP.,0.0,0.10144838709677419
2025-12,OIL_AT_GAS_BATTERY,CYGNET ENERGY LTD.,0.0,2507.1548593548387
2025-12,OIL_AT_GAS_BATTERY,DEL CANADA GP LTD.,0.0,0.8927458064516129
2025-12,OIL_AT_GAS_BATTERY,EMBER RESOURCES INC.,0.0,1.765201935483871
2025-12,OIL_AT_GAS_BATTERY,ENERCAPITA ENERGY LTD.,0.0,7.892684516129032
2025-12,OIL_AT_GAS_BATTERY,ENHANCE ENERGY INC.,0.0,2.272443870967742
2025-12,OIL_AT_GAS_BATTERY,G. HERMAN GROUP INC.,0.0,0.6086903225806451
2025-12,OIL_AT_GAS_BATTERY,GRAN TIERRA CANADA LTD.,0.0,77.58772645161291
2025-12,OIL_AT_GAS_BATTERY,HARD ROCK RESOURCES LTD.,0.0,2.2318645161290322
2025-12,OIL_AT_GAS_BATTERY,HARVEST OPERATIONS CORP.,0.0,29.967853548387094
2025-12,OIL_AT_GAS_BATTERY,HIGHWOOD ASSET MANAGEMENT LTD.,0.0,1.014483870967742
2025-12,OIL_AT_GAS_BATTERY,HWN ENERGY LTD.,0.0,230.18639032258065
2025-12,OIL_AT_GAS_BATTERY,INPLAY OIL CORP.,0.0,9.191223870967741
2025-12,OIL_AT_GAS_BATTERY,JOURNEY ENERGY INC.,0.0,49.66913032258064
2025-12,OIL_AT_GAS_BATTERY,KARVE ENERGY INC.,0.0,22.643279999999997
2025-12,OIL_AT_GAS_BATTERY,KELT EXPLORATION LTD.,0.0,4628.318895483871
2025-12,OIL_AT_GAS_BATTERY,KIWETINOHK ENERGY CORP.,0.0,33.66057483870968
2025-12,OIL_AT_GAS_BATTERY,LOGAN ENERGY CORP.,0.0,393.5588729032258
2025-12,OIL_AT_GAS_BATTERY,LONG RUN EXPLORATION LTD.,0.0,0.10144838709677419
2025-12,OIL_AT_GAS_BATTERY,LONG TERM ASSET MANAGEMENT INC.,0.0,0.020289677419354838
2025-12,OIL_AT_GAS_BATTERY,LOTUS CREEK EXPLORATION INC.,0.0,4.626046451612903
2025-12,OIL_AT_GAS_BATTERY,LOYAL ENERGY (CANADA) OPERATING LTD.,0.0,0.5681109677419355
2025-12,OIL_AT_GAS_BATTERY,LYNX ENERGY ULC,0.0,11.139032903225806
2025-12,OIL_AT_GAS_BATTERY,MANCAL ENERGY INC.,0.0,9.495569032258064
2025-12,OIL_AT_GAS_BATTERY,NEW NORTH RESOURCES LTD.,0.0,1.136221935483871
2025-12,OIL_AT_GAS_BATTERY,NEW WEST DATA CORP.,0.0,14.791174838709678
2025-12,OIL_AT_GAS_BATTERY,NORTH 40 RESOURCES LTD.,0.0,49.42565419354838
2025-12,OIL_AT_GAS_BATTERY,NORWEGIAN ENERGY INC.,0.0,2.1101264516129032
2025-12,OIL_AT_GAS_BATTERY,OBSIDIAN ENERGY LTD.,0.0,11.849171612903225
2025-12,OIL_AT_GAS_BATTERY,ORLEN UPSTREAM CANADA LTD.,0.0,7.568049677419354
2025-12,OIL_AT_GAS_BATTERY,OUTLIER RESOURCES LTD.,0.0,43.50106838709677
2025-12,OIL_AT_GAS_BATTERY,OUTPOST ENERGY LTD.,0.0,0.3246348387096774
2025-12,OIL_AT_GAS_BATTERY,OVINTIV CANADA ULC,0.0,129.00176903225804
2025-12,OIL_AT_GAS_BATTERY,PARAMOUNT RESOURCES LTD.,0.0,3.3883761290322574
2025-12,OIL_AT_GAS_BATTERY,PERSIST OIL AND GAS INC.,0.0,2.5362096774193548
2025-12,OIL_AT_GAS_BATTERY,PETRUS RESOURCES CORP.,0.0,17.57086064516129
2025-12,OIL_AT_GAS_BATTERY,PEYTO EXPLORATION & DEVELOPMENT CORP.,0.0,7.141966451612903
2025-12,OIL_AT_GAS_BATTERY,PINE CLIFF ENERGY LTD.,0.0,22.886756129032257
2025-12,OIL_AT_GAS_BATTERY,PRAIRIE PROVIDENT RESOURCES CANADA LTD.,0.0,7.872394838709677
2025-12,OIL_AT_GAS_BATTERY,RED ANGUS ENERGY INC.,0.0,0.12173806451612902
2025-12,OIL_AT_GAS_BATTERY,RESISTANCE ENERGY LTD.,0.0,36.338812258064515
2025-12,OIL_AT_GAS_BATTERY,RESPONSE ENERGY CORPORATION,0.0,5.721689032258064
2025-12,OIL_AT_GAS_BATTERY,RKSMITH ENERGY CORP.,0.0,0.3449245161290322
2025-12,OIL_AT_GAS_BATTERY,SATURN OIL & GAS INC.,0.0,3.81445935483871
2025-12,OIL_AT_GAS_BATTERY,SIGNALTA RESOURCES LIMITED,0.0,2.881134193548387
2025-12,OIL_AT_GAS_BATTERY,SILVERLEAF RESOURCES INC.,0.0,3.611562580645161
2025-12,OIL_AT_GAS_BATTERY,SINOPEC CANADA ENERGY LTD.,0.0,2.0492574193548387
2025-12,OIL_AT_GAS_BATTERY,SPARK INFRASTRUCTURE CORP.,0.0,0.872456129032258
2025-12,OIL_AT_GAS_BATTERY,SPARTAN DELTA CORP.,0.0,7.486890967741934
2025-12,OIL_AT_GAS_BATTERY,SPOKE RESOURCES LTD.,0.0,1.3796980645161288
2025-12,OIL_AT_GAS_BATTERY,SUCCESS RESOURCES LTD.,0.0,20.16793935483871
2025-12,OIL_AT_GAS_BATTERY,SUN CENTURY PETROLEUM CORPORATION,0.0,2.51592
2025-12,OIL_AT_GAS_BATTERY,TAQA NORTH LTD.,0.0,171.54922258064516
2025-12,OIL_AT_GAS_BATTERY,TIDEWATER MIDSTREAM AND INFRASTRUCTURE LTD.,0.0,0.14202774193548387
2025-12,OIL_AT_GAS_BATTERY,TOURMALINE OIL CORP.,0.0,228.70524387096773
2025-12,OIL_AT_GAS_BATTERY,"VAALCO ENERGY CANADA, INC.",0.0,1.1768012903225804
2025-12,OIL_AT_GAS_BATTERY,VANTAGE POINT RESOURCES INC.,0.0,2.1912851612903226
2025-12,OIL_AT_GAS_BATTERY,VERMILION ENERGY INC.,0.0,411.068864516129
2025-12,OIL_AT_GAS_BATTERY,WESTGATE ENERGY OPERATIONS LTD.,0.0,2.353602580645161
2025-12,OIL_AT_GAS_BATTERY,WHITECAP RESOURCES INC.,0.0,115.77289935483871
2025-12,OIL_AT_GAS_BATTERY,WILCOX ENERGY CORP.,0.0,0.3855038709677419
2025-12,OIL_AT_GAS_BATTERY,YANGARRA RESOURCES CORP.,0.0,189.05921419354837
2025-12,OIL_UNCLASSIFIED,ADVANTAGE ENERGY LTD.,0.0,0.3855038709677419
2025-12,OIL_UNCLASSIFIED,CANADIAN NATURAL RESOURCES LIMITED,0.0,12.701338064516131
2026-01,BITUMEN,ATHABASCA OIL CORPORATION,0.0,36102.39693677419
2026-01,BITUMEN,AYIK ENERGY CORP.,0.0,866.10546
2026-01,BITUMEN,BAYTEX ENERGY LTD.,0.0,36096.55350967742
2026-01,BITUMEN,BENKOIL RESOURCES LIMITED,0.0,63.20234516129032
2026-01,BITUMEN,BIGHORN ENERGY CORPORATION,0.0,147.4856651612903
2026-01,BITUMEN,CALTEX TRILOGY INC.,0.0,13492.27026967742
2026-01,BITUMEN,CANADIAN NATURAL RESOURCES LIMITED,0.0,387445.0655651613
2026-01,BITUMEN,CENOVUS ENERGY INC.,0.0,641588.9794529031
2026-01,BITUMEN,CHECK ENERGY LTD.,0.0,187.23314322580646
2026-01,BITUMEN,CLEAR NORTH ENERGY CORP.,0.0,1841.8563367741933
2026-01,BITUMEN,CNOOC PETROLEUM NORTH AMERICA ULC,0.0,81075.6234483871
2026-01,BITUMEN,CONNACHER OIL AND GAS LIMITED,0.0,19382.688259354836
2026-01,BITUMEN,CONOCOPHILLIPS CANADA RESOURCES CORP.,0.0,148346.67791225805
2026-01,BITUMEN,CROVERRO ENERGY LTD.,0.0,192.1432451612903
2026-01,BITUMEN,DEERGARDEN RESOURCES LTD.,0.0,80.44857096774193
2026-01,BITUMEN,EVERGO RESOURCES LIMITED,0.0,5.336185161290323
2026-01,BITUMEN,GRAN TIERRA CANADA LTD.,0.0,251.71373806451612
2026-01,BITUMEN,GREENFIRE RESOURCES OPERATING CORPORATION,0.0,18575.42286387097
2026-01,BITUMEN,HARVEST OPERATIONS CORP.,0.0,10799.282254838708
2026-01,BITUMEN,HEADWATER EXPLORATION INC.,0.0,21431.357278064515
2026-01,BITUMEN,HIGHWOOD ASSET MANAGEMENT LTD.,0.0,9.028906451612903
2026-01,BITUMEN,IMPERIAL OIL RESOURCES LIMITED,0.0,157904.25219870967
2026-01,BITUMEN,IPC CANADA LTD.,0.0,688.1446993548387
2026-01,BITUMEN,ISLANDER OIL & GAS INC.,0.0,3389.187716129032
2026-01,BITUMEN,LINEUP RESOURCES CORP.,0.0,1350.1157148387097
2026-01,BITUMEN,LOTUS CREEK EXPLORATION INC.,0.0,85.54127999999999
2026-01,BITUMEN,MAHIKAN OIL CORPORATION,0.0,56.97341419354838
2026-01,BITUMEN,O'NEILL INDUSTRIES INTERNATIONAL-CANADA INC.,0.0,57.54152516129032
2026-01,BITUMEN,OBSIDIAN ENERGY LTD.,0.0,12237.130534838709
2026-01,BITUMEN,PETROCHINA CANADA LTD.,0.0,9052.381608387097
2026-01,BITUMEN,PRAIRIE THUNDER RESOURCES LTD.,0.0,1.1970909677419355
2026-01,BITUMEN,RUBELLITE ENERGY INC.,0.0,5255.574272903225
2026-01,BITUMEN,SPUR PETROLEUM LTD.,0.0,24166.223187096773
2026-01,BITUMEN,STRATHCONA RESOURCES LTD.,0.0,61642.71823741935
2026-01,BITUMEN,SUNCOR ENERGY INC.,0.0,288966.78289741935
2026-01,BITUMEN,SURGE ENERGY INC.,0.0,7.507180645161291
2026-01,BITUMEN,TAMARACK VALLEY ENERGY LTD.,0.0,16716.807253548384
2026-01,BITUMEN,WEST LAKE ENERGY CORP.,0.0,39.07791870967741
2026-01,BITUMEN,WESTGATE ENERGY OPERATIONS LTD.,0.0,420.88906838709676
2026-01,COND,840586 ALBERTA LTD.,0.0,1.88694
2026-01,COND,ADVANTAGE ENERGY LTD.,0.0,0.14202774193548387
2026-01,COND,APL OIL & GAS (1998) LTD.,0.0,2.6579477419354838
2026-01,COND,ARC RESOURCES LTD.,0.0,67640.89470387096
2026-01,COND,ATHABASCA OIL CORPORATION,0.0,2098.3178593548387
2026-01,COND,BACCALIEU ENERGY INC.,0.0,38.306910967741935
2026-01,COND,BARREL OIL CORP.,0.0,29.70408774193548
2026-01,COND,BATTLE RIVER ENERGY LTD.,0.0,1.014483870967742
2026-01,COND,BEARSPAW PETROLEUM LTD.,0.0,3.6521419354838707
2026-01,COND,BIRCHCLIFF ENERGY LTD.,0.0,826.3985612903225
2026-01,COND,BITSTONE RESOURCES INC.,0.0,4.747784516129031
2026-01,COND,BLUE STAR ENERGY INC.,0.0,0.40579354838709675
2026-01,COND,BORNITE ENERGY LTD.,0.0,1.2376703225806451
2026-01,COND,BTG ENERGY CORP.,0.0,53.300982580645154
2026-01,COND,CANADIAN NATURAL RESOURCES LIMITED,0.0,545.9343503225806
2026-01,COND,CANLIN RESOURCES PARTNERSHIP,0.0,51.434332258064515
2026-01,COND,CANSTONE ENERGY LTD.,0.0,0.8521664516129032
2026-01,COND,CARDINAL ENERGY LTD.,0.0,1.744912258064516
2026-01,COND,CENOVUS ENERGY INC.,0.0,121.08879483870966
2026-01,COND,CORSE ENERGY CORP.,0.0,2.0492574193548387
2026-01,COND,CYGNET ENERGY LTD.,0.0,1253.7194574193547
2026-01,COND,DEL CANADA GP LTD.,0.0,4.808653548387096
2026-01,COND,EMBER RESOURCES INC.,0.0,10.307156129032258
2026-01,COND,ENTRADA RESOURCES INC.,0.0,0.7710077419354838
2026-01,COND,FIDDLEHEAD RESOURCES CORP.,0.0,4.139094193548386
2026-01,COND,G2B DEVELOPMENT CORPORATION,0.0,5.620240645161289
2026-01,COND,GRAN TIERRA CANADA LTD.,0.0,91.28325870967741
2026-01,COND,GRYPHON PETROLEUM CORP.,0.0,0.4869522580645161
2026-01,COND,HARD ROCK RESOURCES LTD.,0.0,0.3043451612903226
2026-01,COND,HARVEST OPERATIONS CORP.,0.0,81.17899935483871
2026-01,COND,HIGHWOOD ASSET MANAGEMENT LTD.,0.0,9.98252129032258
2026-01,COND,HWN ENERGY LTD.,0.0,89.57892580645161
2026-01,COND,INPLAY OIL CORP.,0.0,6.472407096774194
2026-01,COND,INSIGNIA ENERGY LTD.,0.0,648.2349038709676
2026-01,COND,ISH ENERGY LTD.,0.0,1.1565116129032258
2026-01,COND,JOURNEY ENERGY INC.,0.0,29.52148064516129
2026-01,COND,JX ENERGY LTD.,0.0,16.170872903225806
2026-01,COND,KARVE ENERGY INC.,0.0,0.9333251612903226
2026-01,COND,KELT EXPLORATION LTD.,0.0,406.32108
2026-01,COND,KIWETINOHK ENERGY CORP.,0.0,51.47491161290323
2026-01,COND,LOGAN ENERGY CORP.,0.0,10.225997419354838
2026-01,COND,LOGIC ENERGY LTD.,0.0,0.020289677419354838
2026-01,COND,LONE TREE RESOURCES INC.,0.0,5.965165161290321
2026-01,COND,LONG TERM ASSET MANAGEMENT INC.,0.0,2.2318645161290322
2026-01,COND,LOYAL ENERGY (CANADA) OPERATING LTD.,0.0,455.4220993548387
2026-01,COND,LYNX ENERGY ULC,0.0,62.30959935483871
2026-01,COND,MANCAL ENERGY INC.,0.0,49.48652322580645
2026-01,COND,MURPHY OIL COMPANY LTD.,0.0,1799.004538064516
2026-01,COND,NEW NORTH RESOURCES LTD.,0.0,8.562243870967741
2026-01,COND,NEW TIMES ENERGY CANADA GP 2 LTD.,0.0,5.356474838709677
2026-01,COND,NEW TIMES ENERGY CANADA GP 3 LTD.,0.0,15.967976129032257
2026-01,COND,NORTH 40 RESOURCES LTD.,0.0,8.886878709677418
2026-01,COND,NUVISTA ENERGY LTD.,0.0,3.3275070967741933
2026-01,COND,OBSIDIAN ENERGY LTD.,0.0,15.338996129032257
2026-01,COND,ORLEN UPSTREAM CANADA LTD.,0.0,161.85075677419354
2026-01,COND,OUTLIER RESOURCES LTD.,0.0,18.463606451612904
2026-01,COND,OUTPOST ENERGY LTD.,0.0,0.7710077419354838
2026-01,COND,OVINTIV CANADA ULC,0.0,18.78824129032258
2026-01,COND,PARAMOUNT RESOURCES LTD.,0.0,4385.309429032258
2026-01,COND,PERSIST OIL AND GAS INC.,0.0,2.5970787096774193
2026-01,COND,PETROCHINA DUVERNAY GAS PARTNERSHIP,0.0,37.77937935483871
2026-01,COND,PETRUS RESOURCES CORP.,0.0,476.8074193548387
2026-01,COND,PEYTO EXPLORATION & DEVELOPMENT CORP.,0.0,50.09521354838709
2026-01,COND,PINE CLIFF ENERGY LTD.,0.0,94.04265483870967
2026-01,COND,PRAIRIE PROVIDENT RESOURCES CANADA LTD.,0.0,0.7912974193548387
2026-01,COND,PRAIRIE THUNDER RESOURCES LTD.,0.0,6.228930967741935
2026-01,COND,RELENTLESS RESOURCES LTD.,0.0,1.1159322580645161
2026-01,COND,RESOURCEFUL PETROLEUM CANADA LIMITED,0.0,30.414226451612905
2026-01,COND,ROCKPOINT GAS STORAGE CANADA LTD.,0.0,20.938947096774193
2026-01,COND,ROK RESOURCES INC.,0.0,8.298478064516129
2026-01,COND,RUSH RESOURCES LTD.,0.0,10.02310064516129
2026-01,COND,SATURN OIL & GAS INC.,0.0,6.91878
2026-01,COND,SIGNALTA RESOURCES LIMITED,0.0,13.979587741935482
2026-01,COND,SINOPEC CANADA ENERGY LTD.,0.0,102.82808516129032
2026-01,COND,SOGAR RESOURCES LTD.,0.0,1.4811464516129031
2026-01,COND,SPARK INFRASTRUCTURE CORP.,0.0,5.782558064516129
2026-01,COND,SPARTAN DELTA CORP.,0.0,137.9698064516129
2026-01,COND,SPOKE RESOURCES LTD.,0.0,6.736172903225806
2026-01,COND,SUCCESS RESOURCES LTD.,0.0,0.1623174193548387
2026-01,COND,SUN CENTURY PETROLEUM CORPORATION,0.0,2.739106451612903
2026-01,COND,SURGE ENERGY INC.,0.0,5.904296129032257
2026-01,COND,SUTTON ENERGY LTD.,0.0,0.28405548387096774
2026-01,COND,TAMARACK VALLEY ENERGY LTD.,0.0,0.36521419354838713
2026-01,COND,TAQA NORTH LTD.,0.0,524.7519270967741
2026-01,COND,TEINE ENERGY LTD.,0.0,94.91511096774192
2026-01,COND,TENAZ ENERGY CORP.,0.0,26.944691612903224
2026-01,COND,TOURMALINE OIL CORP.,0.0,290.8931051612903
2026-01,COND,VANTAGE POINT RESOURCES INC.,0.0,3.5506935483870965
2026-01,COND,VERMILION ENERGY INC.,0.0,252.42387677419353
2026-01,COND,WEST 5 RESOURCES INC.,0.0,0.4260832258064516
2026-01,COND,WHITECAP PARTNERSHIP,0.0,1726.2254651612902
2026-01,COND,WHITECAP RESOURCES INC.,0.0,10542.861311612902
2026-01,COND,YANGARRA RESOURCES CORP.,0.0,149.9610058064516
2026-01,CRUDE_OIL,1288131 ALBERTA LTD.,0.0,8.399926451612902
2026-01,CRUDE_OIL,1506928 ALBERTA LTD.,0.0,4.666625806451612
2026-01,CRUDE_OIL,1852797 ALBERTA ULC,0.0,171.3057464516129
2026-01,CRUDE_OIL,2155192 ALBERTA LTD.,0.0,29.338873548387095
2026-01,CRUDE_OIL,2363750 ALBERTA LTD.,0.0,36.399681290322576
2026-01,CRUDE_OIL,501 ENERGY CORP.,0.0,105.22226709677419
2026-01,CRUDE_OIL,840586 ALBERTA LTD.,0.0,52.22562967741936
2026-01,CRUDE_OIL,97837 RESOURCES LTD.,0.0,6.066613548387097
2026-01,CRUDE_OIL,979968 ALBERTA LTD.,0.0,3.0637412903225805
2026-01,CRUDE_OIL,ACQUISITION OIL CORP.,0.0,899.4413999999999
2026-01,CRUDE_OIL,ADANAC OIL & GAS LIMITED,0.0,13.654952903225805
2026-01,CRUDE_OIL,ADVANTAGE ENERGY LTD.,0.0,6358.379109677419
2026-01,CRUDE_OIL,AENEID EXPLORATION INC.,0.0,105.03966
2026-01,CRUDE_OIL,AERADEN ENERGY CORP.,0.0,28.344679354838707
2026-01,CRUDE_OIL,ALBERTA PETROLEUM ENERGY LIMITED,0.0,21.486768387096774
2026-01,CRUDE_OIL,ALCHEMY ENERGY LTD,0.0,163.00726838709676
2026-01,CRUDE_OIL,ALEXANDER OILFIELD SERVICES LTD.,0.0,17.733178064516128
2026-01,CRUDE_OIL,ALLIED ENERGY II CORP.,0.0,2031.788007096774
2026-01,CRUDE_OIL,ALSACE ENERGY CORP.,0.0,28.425838064516128
2026-01,CRUDE_OIL,ALTAIR ENERGY LTD.,0.0,204.11415483870965
2026-01,CRUDE_OIL,ALTIMA RESOURCES LTD.,0.0,141.3784722580645
2026-01,CRUDE_OIL,APAR ENERGY INC.,0.0,27.127298709677415
2026-01,CRUDE_OIL,ARAL RESOURCES LTD.,0.0,27.898306451612903
2026-01,CRUDE_OIL,ARC RESOURCES LTD.,0.0,6278.255173548387
2026-01,CRUDE_OIL,ARCHER EXPLORATION CORP.,0.0,7675.037146451612
2026-01,CRUDE_OIL,ARTIS EXPLORATION LTD.,0.0,8469.743231612903
2026-01,CRUDE_OIL,ASCENSUN OIL AND GAS LTD.,0.0,79.90074967741936
2026-01,CRUDE_OIL,ASPENLEAF ENERGY LIMITED,0.0,16040.795781290322
2026-01,CRUDE_OIL,ASTARA ENERGY CORP.,0.0,3975.0318619354834
2026-01,CRUDE_OIL,ATCO NEXT ENERGY LTD.,0.0,53.76764516129032
2026-01,CRUDE_OIL,ATHABASCA OIL CORPORATION,0.0,60.686425161290316
2026-01,CRUDE_OIL,AXIOM OIL AND GAS INC.,0.0,656.1478780645161
2026-01,CRUDE_OIL,B-32 EXPLORATION LTD.,0.0,132.06551032258062
2026-01,CRUDE_OIL,BACCALIEU ENERGY INC.,0.0,1902.3601548387096
2026-01,CRUDE_OIL,BAND ENERGY RESOURCES LTD.,0.0,3.226058709677419
2026-01,CRUDE_OIL,BARCOMP PETROLEUM LTD.,0.0,96.4571264516129
2026-01,CRUDE_OIL,"BARNWELL OF CANADA, LIMITED",0.0,403.27762838709674
2026-01,CRUDE_OIL,BARREL OIL CORP.,0.0,2180.9982948387096
2026-01,CRUDE_OIL,BATTLE RIVER ENERGY LTD.,0.0,891.4066877419355
2026-01,CRUDE_OIL,BAY OIL AND GAS LTD.,0.0,86.17026
2026-01,CRUDE_OIL,BAYTEX ENERGY LTD.,0.0,5641.463647741935
2026-01,CRUDE_OIL,BDJ ENERGY INC.,0.0,37.84024838709677
2026-01,CRUDE_OIL,BEARSPAW PETROLEUM LTD.,0.0,531.1228858064516
2026-01,CRUDE_OIL,BENCH CREEK RESOURCES LTD.,0.0,29.014238709677418
2026-01,CRUDE_OIL,BIGHORN ENERGY CORPORATION,0.0,136.3060529032258
2026-01,CRUDE_OIL,BIRCHCLIFF ENERGY LTD.,0.0,1299.9393425806452
2026-01,CRUDE_OIL,BITSTONE RESOURCES INC.,0.0,67.48346709677419
2026-01,CRUDE_OIL,BLUE SKY RESOURCES LTD.,0.0,464.14666064516126
2026-01,CRUDE_OIL,BLUE STAR ENERGY INC.,0.0,12.53902064516129
2026-01,CRUDE_OIL,BONTERRA ENERGY CORP.,0.0,5680.358959354839
2026-01,CRUDE_OIL,BORNITE ENERGY LTD.,0.0,11.301350322580644
2026-01,CRUDE_OIL,BORRADAILE OIL LTD.,0.0,11.625985161290323
2026-01,CRUDE_OIL,BOUNTY DEVELOPMENTS LTD.,0.0,13.71582193548387
2026-01,CRUDE_OIL,"BRIGHTSPOT INTERNATIONAL ENERGY (CANADA) CO., LTD.",0.0,75.86310387096773
2026-01,CRUDE_OIL,BROTHERIN ENERGY LTD.,0.0,81.72682064516128
2026-01,CRUDE_OIL,BRW PETROLEUM CORP.,0.0,259.5049741935484
2026-01,CRUDE_OIL,BTG ENERGY CORP.,0.0,1467.755264516129
2026-01,CRUDE_OIL,C GROUP ENERGY INC.,0.0,134.25679548387097
2026-01,CRUDE_OIL,CABOT ENERGY INC.,0.0,206.30544
2026-01,CRUDE_OIL,CALEDONIAN MIDSTREAM CORPORATION,0.0,273.3831135483871
2026-01,CRUDE_OIL,CALTEX TRILOGY INC.,0.0,209.51120903225805
2026-01,CRUDE_OIL,CANADIAN NATURAL RESOURCES LIMITED,0.0,64026.77562387096
2026-01,CRUDE_OIL,CANEX RESOURCES LTD.,0.0,1.5420154838709677
2026-01,CRUDE_OIL,CANLIN RESOURCES PARTNERSHIP,0.0,690.5591709677419
2026-01,CRUDE_OIL,CANUCK NORTH RESOURCES LTD.,0.0,18.849110322580643
2026-01,CRUDE_OIL,CAPITAN INVESTMENT LTD.,0.0,1.6434638709677418
2026-01,CRUDE_OIL,CARDINAL ENERGY LTD.,0.0,13456.235802580644
2026-01,CRUDE_OIL,CENOVUS ENERGY INC.,0.0,12960.11261032258
2026-01,CRUDE_OIL,CENTENNIAL PETROLEUM COMPANY LTD.,0.0,0.8521664516129032
2026-01,CRUDE_OIL,CLAMPETT ENERGY LTD.,0.0,36.84605419354838
2026-01,CRUDE_OIL,CLEAR NORTH ENERGY CORP.,0.0,33.37651935483871
2026-01,CRUDE_OIL,COASTAL RESOURCES LIMITED,0.0,86.98184709677419
2026-01,CRUDE_OIL,COBALT ENERGY INC.,0.0,341.2723741935484
2026-01,CRUDE_OIL,CONIFER ENERGY INC.,0.0,5438.627742580645
2026-01,CRUDE_OIL,CONVEGA ENERGY LTD.,0.0,8.582533548387097
2026-01,CRUDE_OIL,CORSE ENERGY CORP.,0.0,1.6028845161290322
2026-01,CRUDE_OIL,COURSER ENERGY LTD.,0.0,85.50070064516129
2026-01,CRUDE_OIL,COVEE ENERGY CORPORATION,0.0,46.78799612903226
2026-01,CRUDE_OIL,CREST JINN PETROLEUM CORPORATION,0.0,22.318645161290323
2026-01,CRUDE_OIL,CROVERRO ENERGY LTD.,0.0,236.11097612903225
2026-01,CRUDE_OIL,CYGNET ENERGY LTD.,0.0,812.358104516129
2026-01,CRUDE_OIL,DARK ENERGY LTD.,0.0,32.58522193548387
2026-01,CRUDE_OIL,DARK WARRIOR RESOURCES LTD.,0.0,115.87434774193548
2026-01,CRUDE_OIL,DECIMUS OIL CORP.,0.0,54.51836322580645
2026-01,CRUDE_OIL,DECKLAND INC.,0.0,33.03159483870967
2026-01,CRUDE_OIL,DEL CANADA GP LTD.,0.0,402.48633096774194
2026-01,CRUDE_OIL,DELTAWEST ENERGY LTD.,0.0,147.97261741935483
2026-01,CRUDE_OIL,DERRICK PETROLEUM LTD.,0.0,5.599950967741935
2026-01,CRUDE_OIL,DIRE RESOURCES LTD.,0.0,23.840370967741933
2026-01,CRUDE_OIL,DOAG ENERGY LTD.,0.0,58.92122322580645
2026-01,CRUDE_OIL,DURHAM CREEK ENERGY LTD.,0.0,33.619995483870966
2026-01,CRUDE_OIL,DWL RESOURCES LTD.,0.0,75.19354451612904
2026-01,CRUDE_OIL,EAGLE ENERGY INC.,0.0,897.3921425806451
2026-01,CRUDE_OIL,ECLIPSE RESOURCES LTD.,0.0,651.4609625806452
2026-01,CRUDE_OIL,ECOCHAIN ENERGY LTD.,0.0,22.09545870967742
2026-01,CRUDE_OIL,EDALIS ENERGY INC.,0.0,19.84330451612903
2026-01,CRUDE_OIL,EMBER RESOURCES INC.,0.0,149.61608129032257
2026-01,CRUDE_OIL,ENDRUM ENERGY CORP.,0.0,29.420032258064513
2026-01,CRUDE_OIL,ENER T CORPORATION,0.0,104.51212838709677
2026-01,CRUDE_OIL,ENERCAPITA ENERGY LTD.,0.0,3015.756203225806
2026-01,CRUDE_OIL,ENHANCE ENERGY INC.,0.0,2211.9806322580644
2026-01,CRUDE_OIL,ENTRADA RESOURCES INC.,0.0,1097.5498103225807
2026-01,CRUDE_OIL,EP RESOURCES CORPORATION,0.0,408.35004774193544
2026-01,CRUDE_OIL,ERDOL RESOURCES CORP.,0.0,134.6422993548387
2026-01,CRUDE_OIL,EXECUTIVE ADVENTURES 2008 INC.,0.0,94.02236516129031
2026-01,CRUDE_OIL,FIDDLEHEAD RESOURCES CORP.,0.0,23.02878387096774
2026-01,CRUDE_OIL,FIRE CREEK RESOURCES LTD.,0.0,223.12558258064516
2026-01,CRUDE_OIL,FIVE POINT ENERGY INC.,0.0,21.182423225806453
2026-01,CRUDE_OIL,FLYWHEEL RESOURCES CORP.,0.0,280.93087354838707
2026-01,CRUDE_OIL,FORT CALGARY RESOURCES LTD.,0.0,26.904112258064515
2026-01,CRUDE_OIL,G. HERMAN GROUP INC.,0.0,28.750472903225806
2026-01,CRUDE_OIL,GMT EXPLORATION ZAMA INC.,0.0,1036.7619367741936
2026-01,CRUDE_OIL,GOLDEN SPIKE ENERGY INC.,0.0,2.1507058064516125
2026-01,CRUDE_OIL,GOOSE CREEK RESOURCES LTD.,0.0,123.15834193548388
2026-01,CRUDE_OIL,GRAN TIERRA CANADA LTD.,0.0,2474.752244516129
2026-01,CRUDE_OIL,GRASSLAND ENERGY CORP.,0.0,885.7052883870967
2026-01,CRUDE_OIL,GREEN DAWG ENERGY INC.,0.0,2.718816774193548
2026-01,CRUDE_OIL,GRIZZLY RESOURCES LTD.,0.0,1666.0462819354836
2026-01,CRUDE_OIL,GRYPHON PETROLEUM CORP.,0.0,6.5332761290322585
2026-01,CRUDE_OIL,GUNNARR RESOURCES INC.,0.0,13.33031806451613
2026-01,CRUDE_OIL,HALO EXPLORATION LTD.,0.0,198.00696193548384
2026-01,CRUDE_OIL,HARD ROCK RESOURCES LTD.,0.0,30.901178709677417
2026-01,CRUDE_OIL,HARVARD RESOURCES INC.,0.0,74.01674322580645
2026-01,CRUDE_OIL,HARVEST ENERGY CORPORATION,0.0,4.626046451612903
2026-01,CRUDE_OIL,HARVEST OPERATIONS CORP.,0.0,1199.2213838709677
2026-01,CRUDE_OIL,HBC ENERGY LTD.,0.0,3.0637412903225805
2026-01,CRUDE_OIL,HEADWATER EXPLORATION INC.,0.0,461.387264516129
2026-01,CRUDE_OIL,HEMISPHERE ENERGY CORPORATION,0.0,3829.067922580645
2026-01,CRUDE_OIL,HESC ENERGY CORPORATION,0.0,106.9671793548387
2026-01,CRUDE_OIL,HIGHVALE ENERGY LIMITED,0.0,353.24328387096773
2026-01,CRUDE_OIL,HIGHWOOD ASSET MANAGEMENT LTD.,0.0,3535.6994767741935
2026-01,CRUDE_OIL,HITIC ENERGY LTD.,0.0,2040.127064516129
2026-01,CRUDE_OIL,HWN ENERGY LTD.,0.0,9374.62226516129
2026-01,CRUDE_OIL,HYDRO VAULT ENERGY LTD.,0.0,43.68367548387097
2026-01,CRUDE_OIL,INDRA OIL & GAS LTD.,0.0,16.881011612903222
2026-01,CRUDE_OIL,INPLAY OIL CORP.,0.0,8867.684674838709
2026-01,CRUDE_OIL,INSCH COMMODITY LTD.,0.0,11.91004064516129
2026-01,CRUDE_OIL,INSIGNIA ENERGY LTD.,0.0,914.7803961290322
2026-01,CRUDE_OIL,INTEGRITY OIL OPERATIONS LTD.,0.0,5.498502580645161
2026-01,CRUDE_OIL,IPC CANADA LTD.,0.0,10939.625953548386
2026-01,CRUDE_OIL,ISH ENERGY LTD.,0.0,917.7223993548387
2026-01,CRUDE_OIL,JAST ENERGY LTD.,0.0,29.886694838709676
2026-01,CRUDE_OIL,JOLI FOU PETROLEUMS LTD.,0.0,26.336001290322578
2026-01,CRUDE_OIL,JOURNEY ENERGY INC.,0.0,4984.686789677419
2026-01,CRUDE_OIL,JX ENERGY LTD.,0.0,21.770823870967742
2026-01,CRUDE_OIL,KARVE ENERGY INC.,0.0,8017.121107741935
2026-01,CRUDE_OIL,KELT EXPLORATION LTD.,0.0,6334.092365806451
2026-01,CRUDE_OIL,KEYERA ENERGY LTD.,0.0,1.9680987096774194
2026-01,CRUDE_OIL,KINMERC OIL & GAS INC.,0.0,258.34846258064516
2026-01,CRUDE_OIL,KIWETINOHK ENERGY CORP.,0.0,195.00408967741936
2026-01,CRUDE_OIL,KOHO ENERGY CORP.,0.0,2.1101264516129032
2026-01,CRUDE_OIL,LEDGEND ROYALTY TRUST LTD.,0.0,22.115748387096772
2026-01,CRUDE_OIL,LOGAN ENERGY CORP.,0.0,4272.417663870968
2026-01,CRUDE_OIL,LOGIC ENERGY LTD.,0.0,133.93216064516128
2026-01,CRUDE_OIL,LONE TREE RESOURCES INC.,0.0,4.910101935483871
2026-01,CRUDE_OIL,LONG RUN EXPLORATION LTD.,0.0,189.5867458064516
2026-01,CRUDE_OIL,LONG TERM ASSET MANAGEMENT INC.,0.0,20.736050322580645
2026-01,CRUDE_OIL,LONGRIDGE ENERGY LTD.,0.0,107.61644903225806
2026-01,CRUDE_OIL,LONGSHORE RESOURCES LTD.,0.0,2436.0395399999998
2026-01,CRUDE_OIL,LOTUS CREEK EXPLORATION INC.,0.0,1755.9295529032256
2026-01,CRUDE_OIL,LOYAL ENERGY (CANADA) OPERATING LTD.,0.0,958.1800161290322
2026-01,CRUDE_OIL,LYCOS ENERGY INC.,0.0,1464.2045709677418
2026-01,CRUDE_OIL,LYNX ENERGY ULC,0.0,1188.4475651612902
2026-01,CRUDE_OIL,MAGA ENERGY LTD.,0.0,95.46293225806451
2026-01,CRUDE_OIL,MANCAL ENERGY INC.,0.0,2571.513716129032
2026-01,CRUDE_OIL,MARLIN RESOURCES LTD.,0.0,159.27396774193548
2026-01,CRUDE_OIL,MARS ENERGY RESOURCES MANAGEMENT LTD.,0.0,103.74112064516127
2026-01,CRUDE_OIL,MATO INC.,0.0,3.3072174193548385
2026-01,CRUDE_OIL,MCLAND RESOURCES LTD.,0.0,6.594145161290323
2026-01,CRUDE_OIL,MORNING STAR PETROLEUM INCORPORATED,0.0,9.252092903225806
2026-01,CRUDE_OIL,MURPHY OIL COMPANY LTD.,0.0,1863.8097677419353
2026-01,CRUDE_OIL,N7 ENERGY LTD.,0.0,412.7529077419355
2026-01,CRUDE_OIL,NEW NORTH RESOURCES LTD.,0.0,26.234552903225804
2026-01,CRUDE_OIL,NEW TIMES ENERGY CANADA GP 2 LTD.,0.0,29.135976774193548
2026-01,CRUDE_OIL,NEW WEST DATA ACQUISITION CORP.,0.0,223.9574593548387
2026-01,CRUDE_OIL,NEW WEST DATA CORP.,0.0,57.80529096774193
2026-01,CRUDE_OIL,NORTH 40 RESOURCES LTD.,0.0,2633.4581012903222
2026-01,CRUDE_OIL,NORTH FORK RESOURCES LTD.,0.0,201.3141793548387
2026-01,CRUDE_OIL,NORTHERN UTILITIES (SASK.) LTD.,0.0,4.626046451612903
2026-01,CRUDE_OIL,NORTHROCK RESOURCES PARTNERSHIP LTD.,0.0,71.2573470967742
2026-01,CRUDE_OIL,NOVACOR EXPLORATION LTD.,0.0,2.353602580645161
2026-01,CRUDE_OIL,NOVUS ENERGY INC.,0.0,42.64890193548387
2026-01,CRUDE_OIL,NUOVA STRADA VENTURES LTD.,0.0,76.75584967741935
2026-01,CRUDE_OIL,NVP EXPLORATION INC.,0.0,13.492635483870966
2026-01,CRUDE_OIL,NVS ENGINEERING INC.,0.0,22.663569677419353
2026-01,CRUDE_OIL,OBSIDIAN ENERGY LTD.,0.0,4019.263358709677
2026-01,CRUDE_OIL,OHANA RESOURCES INC.,0.0,155.90588129032258
2026-01,CRUDE_OIL,ORGA ENERGY LTD.,0.0,187.39546064516128
2026-01,CRUDE_OIL,ORLEN UPSTREAM CANADA LTD.,0.0,762.5063670967742
2026-01,CRUDE_OIL,OUTLIER RESOURCES LTD.,0.0,219.69662709677417
2026-01,CRUDE_OIL,OUTPOST ENERGY LTD.,0.0,11.301350322580644
2026-01,CRUDE_OIL,OVINTIV CANADA ULC,0.0,371.50399354838714
2026-01,CRUDE_OIL,PARAGON ENERGY LTD.,0.0,7.202835483870967
2026-01,CRUDE_OIL,PARALLAX ENERGY OPERATING INC.,0.0,14514.727983870967
2026-01,CRUDE_OIL,PARAMOUNT RESOURCES LTD.,0.0,1111.0830251612904
2026-01,CRUDE_OIL,PENTACOR ENERGY CORP.,0.0,215.80100903225804
2026-01,CRUDE_OIL,PERSIST OIL AND GAS INC.,0.0,1482.7899154838708
2026-01,CRUDE_OIL,PERTHRO (CANADA) INC.,0.0,40.37645806451613
2026-01,CRUDE_OIL,PETRUS RESOURCES CORP.,0.0,967.3509503225806
2026-01,CRUDE_OIL,PEYTO EXPLORATION & DEVELOPMENT CORP.,0.0,25.443255483870967
2026-01,CRUDE_OIL,PINE CLIFF ENERGY LTD.,0.0,1024.3446541935484
2026-01,CRUDE_OIL,PLATFORM ENERGY INC.,0.0,57.27775935483871
2026-01,CRUDE_OIL,POINT BAR RESOURCES INC.,0.0,783.5061832258064
2026-01,CRUDE_OIL,POINTBREAK RESOURCES INC.,0.0,1154.2594587096773
2026-01,CRUDE_OIL,POKER CHIP EXPLORATION LTD.,0.0,15.541892903225804
2026-01,CRUDE_OIL,POTTS PETROLEUM INC.,0.0,196.3229187096774
2026-01,CRUDE_OIL,PRAIRIE PROVIDENT RESOURCES CANADA LTD.,0.0,1325.6463638709677
2026-01,CRUDE_OIL,PRAIRIE THUNDER RESOURCES LTD.,0.0,6138.865089677419
2026-01,CRUDE_OIL,PRIMROSE DRILLING VENTURES LTD.,0.0,19.924463225806452
2026-01,CRUDE_OIL,PRONGHORN RESOURCES LTD.,0.0,14.446250322580644
2026-01,CRUDE_OIL,PROSPERA ENERGY INC.,0.0,35.81128064516129
2026-01,CRUDE_OIL,PULSE OIL OPERATING CORP.,0.0,124.09166709677419
2026-01,CRUDE_OIL,QUESTERRE ENERGY CORPORATION,0.0,4.544887741935484
2026-01,CRUDE_OIL,RAKE RESOURCES LTD,0.0,10.144838709677419
2026-01,CRUDE_OIL,RALLY CANADA RESOURCES LTD.,0.0,388.89224709677416
2026-01,CRUDE_OIL,RAMPART OIL INC.,0.0,478.79580774193545
2026-01,CRUDE_OIL,RANAHAN RESOURCES LIMITED,0.0,1291.255360645161
2026-01,CRUDE_OIL,RED ANGUS ENERGY INC.,0.0,107.17007612903225
2026-01,CRUDE_OIL,RED JACK PETROLEUM LTD.,0.0,8.76514064516129
2026-01,CRUDE_OIL,RELENTLESS RESOURCES LTD.,0.0,34.796796774193545
2026-01,CRUDE_OIL,RESISTANCE ENERGY LTD.,0.0,10.083969677419354
2026-01,CRUDE_OIL,RESONANCE ENERGY LTD.,0.0,0.9536148387096773
2026-01,CRUDE_OIL,RESOURCEFUL PETROLEUM CANADA LIMITED,0.0,35.87214967741936
2026-01,CRUDE_OIL,RESPONSE ENERGY CORPORATION,0.0,651.7044387096774
2026-01,CRUDE_OIL,REVOLUTION OIL & GAS CORPORATION,0.0,429.1672567741935
2026-01,CRUDE_OIL,REX ENERGY LTD.,0.0,10.550632258064516
2026-01,CRUDE_OIL,RIBBON CREEK RESOURCES INC.,0.0,38.428649032258065
2026-01,CRUDE_OIL,RICOCHET OIL CORP.,0.0,9135.812761935484
2026-01,CRUDE_OIL,RIDGELINE EXPLORATION INC.,0.0,36.35910193548387
2026-01,CRUDE_OIL,RIMFIRE ENERGY INC.,0.0,9.373830967741934
2026-01,CRUDE_OIL,RISING TIDE ENERGY LTD.,0.0,40.538775483870964
2026-01,CRUDE_OIL,ROCKEAST ENERGY CORP.,0.0,875.601029032258
2026-01,CRUDE_OIL,ROK RESOURCES INC.,0.0,100.59622064516128
2026-01,CRUDE_OIL,RTD ENERGY INC.,0.0,13.107131612903224
2026-01,CRUDE_OIL,RUBELLITE ENERGY INC.,0.0,4934.165492903226
2026-01,CRUDE_OIL,RURALCO RESOURCES CORP.,0.0,6.350669032258064
2026-01,CRUDE_OIL,RUSH RESOURCES LTD.,0.0,172.6448651612903
2026-01,CRUDE_OIL,SAND HILLS DIV CORP LTD.,0.0,270.92806258064513
2026-01,CRUDE_OIL,SANDPOINT RESOURCES INC.,0.0,23.962109032258063
2026-01,CRUDE_OIL,SATURN OIL & GAS INC.,0.0,5186.812556129032
2026-01,CRUDE_OIL,SHACKLETON EXPLORATION LTD.,0.0,576.490604516129
2026-01,CRUDE_OIL,SHANPET RESOURCES LTD.,0.0,5.153578064516129
2026-01,CRUDE_OIL,SHARPTAIL ENERGY INC.,0.0,693.9475470967742
2026-01,CRUDE_OIL,SHOT POINT RESOURCES LTD.,0.0,55.95893032258064
2026-01,CRUDE_OIL,SIFTON PETROLEUM INC.,0.0,1212.511122580645
2026-01,CRUDE_OIL,SIGNALTA RESOURCES LIMITED,0.0,169.01301290322579
2026-01,CRUDE_OIL,SILVERLEAF RESOURCES INC.,0.0,94.08323419354838
2026-01,CRUDE_OIL,SINOPEC CANADA ENERGY LTD.,0.0,2131.2074264516127
2026-01,CRUDE_OIL,SOGAR RESOURCES LTD.,0.0,9.576727741935484
2026-01,CRUDE_OIL,SPARK INFRASTRUCTURE CORP.,0.0,15.399865161290322
2026-01,CRUDE_OIL,SPARTAN DELTA CORP.,0.0,7826.885092258064
2026-01,CRUDE_OIL,SPOKE RESOURCES LTD.,0.0,1960.8958741935483
2026-01,CRUDE_OIL,SPUR PETROLEUM LTD.,0.0,35056.76841096774
2026-01,CRUDE_OIL,STRATHCONA RESOURCES LTD.,0.0,3471.868151612903
2026-01,CRUDE_OIL,SUCCESS RESOURCES LTD.,0.0,30.312778064516124
2026-01,CRUDE_OIL,SUEDE ENERGY LTD.,0.0,2841.691060645161
2026-01,CRUDE_OIL,SUMERIAN OIL & GAS INC.,0.0,97.73537612903226
2026-01,CRUDE_OIL,SUN CENTURY PETROLEUM CORPORATION,0.0,52.95605806451613
2026-01,CRUDE_OIL,SUPREME ENERGY INC.,0.0,105.12081870967741
2026-01,CRUDE_OIL,SURGE ENERGY INC.,0.0,13082.540523870966
2026-01,CRUDE_OIL,SUTTON ENERGY LTD.,0.0,2.962292903225806
2026-01,CRUDE_OIL,TAGGART OIL CORP.,0.0,63.66900774193548
2026-01,CRUDE_OIL,TAKU GAS LIMITED,0.0,23.941819354838707
2026-01,CRUDE_OIL,TAMARACK VALLEY ENERGY LTD.,0.0,40637.302157419355
2026-01,CRUDE_OIL,TAQA NORTH LTD.,0.0,5039.590656774193
2026-01,CRUDE_OIL,TEINE ENERGY LTD.,0.0,10673.831179354838
2026-01,CRUDE_OIL,TENAZ ENERGY CORP.,0.0,1232.577613548387
2026-01,CRUDE_OIL,TEXCAL ENERGY CANADA INC.,0.0,706.7503335483871
2026-01,CRUDE_OIL,THOROUGHBRED ENERGY LTD.,0.0,69.02548258064516
2026-01,CRUDE_OIL,TIDEWATER MIDSTREAM AND INFRASTRUCTURE LTD.,0.0,140.28282967741936
2026-01,CRUDE_OIL,TOP OIL PRODUCTION LTD.,0.0,275.53381935483867
2026-01,CRUDE_OIL,TOURMALINE OIL CORP.,0.0,12657.045698709677
2026-01,CRUDE_OIL,TOWER RIDGE ENTERPRISES CORP.,0.0,4.260832258064516
2026-01,CRUDE_OIL,TRIPLE 555 OIL COMPANY LTD.,0.0,29.11568709677419
2026-01,CRUDE_OIL,TUKTU RESOURCES LTD.,0.0,162.92610967741936
2026-01,CRUDE_OIL,TUSCANY PETROLEUM LTD.,0.0,23.61718451612903
2026-01,CRUDE_OIL,TYKEWEST LIMITED,0.0,122.44820322580644
2026-01,CRUDE_OIL,ULYSSES ENERGY CORP.,0.0,887.6936767741936
2026-01,CRUDE_OIL,UNIT 18 CORP.,0.0,188.1867580645161
2026-01,CRUDE_OIL,"VAALCO ENERGY CANADA, INC.",0.0,604.9570219354839
2026-01,CRUDE_OIL,VANRENA RESOURCES LTD.,0.0,4.240542580645161
2026-01,CRUDE_OIL,VANTAGE POINT RESOURCES INC.,0.0,964.7944509677419
2026-01,CRUDE_OIL,VERMILION ENERGY INC.,0.0,2725.0457051612902
2026-01,CRUDE_OIL,VITAL ENERGY INC.,0.0,358.4171516129032
2026-01,CRUDE_OIL,VULTURE ENERGY LTD.,0.0,22.582410967741936
2026-01,CRUDE_OIL,WASP ENTERPRIZES LTD.,0.0,77.68917483870968
2026-01,CRUDE_OIL,WESCAN ENERGY CORP.,0.0,184.5143264516129
2026-01,CRUDE_OIL,WEST 5 RESOURCES INC.,0.0,87.67169612903226
2026-01,CRUDE_OIL,WEST LAKE ENERGY CORP.,0.0,6808.911396774193
2026-01,CRUDE_OIL,WESTGATE ENERGY OPERATIONS LTD.,0.0,120.90618774193547
2026-01,CRUDE_OIL,WHITECAP PARTNERSHIP,0.0,41358.53932064516
2026-01,CRUDE_OIL,WHITECAP RESOURCES INC.,0.0,16539.840687096774
2026-01,CRUDE_OIL,WHITEMUD CREEK RESOURCES LTD.,0.0,20.492574193548386
2026-01,CRUDE_OIL,WILCOX ENERGY CORP.,0.0,21.97372064516129
2026-01,CRUDE_OIL,WILDCAT RENTALS LTD.,0.0,12.70133806451613
2026-01,CRUDE_OIL,WOLF LAKE EXPLORATION LTD.,0.0,492.45076064516127
2026-01,CRUDE_OIL,WOODCOTE INC.,0.0,838.5926574193547
2026-01,CRUDE_OIL,WOODSMAN ENERGY CORP.,0.0,297.9133335483871
2026-01,CRUDE_OIL,XENOTIME ENERGY INC.,0.0,5.843427096774194
2026-01,CRUDE_OIL,YANGARRA RESOURCES CORP.,0.0,1513.0824038709677
2026-01,CRUDE_OIL,ZNX ENERGY LTD.,0.0,14.953492258064514
2026-01,CRUDE_OIL,ZYZYGY RESOURCES LTD.,0.0,50.80535225806451
2026-01,GAS,1170778 ALBERTA LTD.,0.0020505309677419357,0.0
2026-01,GAS,1288131 ALBERTA LTD.,0.04135237451612904,0.0
2026-01,GAS,1506928 ALBERTA LTD.,0.0013670206451612903,0.0
2026-01,GAS,1852797 ALBERTA ULC,0.00922738935483871,0.0
2026-01,GAS,2155192 ALBERTA LTD.,0.13225924741935485,0.0
2026-01,GAS,2363750 ALBERTA LTD.,0.13077830838709678,0.0
2026-01,GAS,501 ENERGY CORP.,0.10537450806451615,0.0
2026-01,GAS,840586 ALBERTA LTD.,1.8332886035483873,0.0
2026-01,GAS,97837 RESOURCES LTD.,0.024492453225806454,0.0
2026-01,GAS,979968 ALBERTA LTD.,0.10275438516129035,0.0
2026-01,GAS,ACQUISITION OIL CORP.,0.41272631645161295,0.0
2026-01,GAS,ADANAC OIL & GAS LIMITED,0.0256316370967742,0.0
2026-01,GAS,ADVANTAGE ENERGY LTD.,441.1626242387097,0.0
2026-01,GAS,AENEID EXPLORATION INC.,0.06618658290322582,0.0
2026-01,GAS,AERADEN ENERGY CORP.,0.03804874129032259,0.0
2026-01,GAS,ALBERTA PETROLEUM ENERGY LIMITED,0.010936165161290324,0.0
2026-01,GAS,ALCHEMY ENERGY LTD,0.40292933516129037,0.0
2026-01,GAS,ALEXANDER OILFIELD SERVICES LTD.,0.029163107096774197,0.0
2026-01,GAS,ALLIED ENERGY II CORP.,4.459335262903227,0.0
2026-01,GAS,ALSACE ENERGY CORP.,0.002392286129032259,0.0
2026-01,GAS,ALTAGAS LTD.,67.87895446193549,0.0
2026-01,GAS,ALTAIR ENERGY LTD.,0.9590789009677421,0.0
2026-01,GAS,ALTIMA RESOURCES LTD.,0.07883152387096774,0.0
2026-01,GAS,APAR ENERGY INC.,0.005354164193548388,0.0
2026-01,GAS,APL OIL & GAS (1998) LTD.,0.19901542225806457,0.0
2026-01,GAS,ARAL RESOURCES LTD.,0.02278367741935484,0.0
2026-01,GAS,ARC RESOURCES LTD.,755.7401620009679,0.0
2026-01,GAS,ARCHER EXPLORATION CORP.,39.459164840967745,0.0
2026-01,GAS,ARROW EXPLORATION CORP.,0.7332926577419356,0.0
2026-01,GAS,ARTIS EXPLORATION LTD.,13.929712537419357,0.0
2026-01,GAS,ASCENSUN OIL AND GAS LTD.,0.057642703870967746,0.0
2026-01,GAS,ASPENLEAF ENERGY LIMITED,37.38300223612904,0.0
2026-01,GAS,ASTARA ENERGY CORP.,12.77902290935484,0.0
2026-01,GAS,ATCO NEXT ENERGY LTD.,454.5866530558065,0.0
2026-01,GAS,ATHABASCA OIL CORPORATION,7.501184035161291,0.0
2026-01,GAS,AVILA ENERGY CORPORATION,0.46045812064516134,0.0
2026-01,GAS,AXIOM OIL AND GAS INC.,3.9175394138709683,0.0
2026-01,GAS,AYIK ENERGY CORP.,0.42366248161290326,0.0
2026-01,GAS,B-32 EXPLORATION LTD.,0.05046584548387098,0.0
2026-01,GAS,BACCALIEU ENERGY INC.,18.675780380645165,0.0
2026-01,GAS,BAND ENERGY RESOURCES LTD.,0.0005695919354838711,0.0
2026-01,GAS,BARCOMP PETROLEUM LTD.,0.002734041290322581,0.0
2026-01,GAS,"BARNWELL OF CANADA, LIMITED",2.1004272212903228,0.0
2026-01,GAS,BARREL OIL CORP.,38.44916442096775,0.0
2026-01,GAS,BATTLE RIVER ENERGY LTD.,3.8906546745161297,0.0
2026-01,GAS,BAY OIL AND GAS LTD.,0.21200211838709682,0.0
2026-01,GAS,BAYTEX ENERGY LTD.,83.52917639967743,0.0
2026-01,GAS,BDJ ENERGY INC.,0.09181822000000002,0.0
2026-01,GAS,BEAR HILLS INDUSTRIES LTD.,0.26246796387096777,0.0
2026-01,GAS,BEARSPAW PETROLEUM LTD.,7.4117581012903235,0.0
2026-01,GAS,BENCH CREEK RESOURCES LTD.,0.6446641525806452,0.0
2026-01,GAS,BENKOIL RESOURCES LIMITED,0.049098824838709684,0.0
2026-01,GAS,BIGHORN ENERGY CORPORATION,5.526864468387098,0.0
2026-01,GAS,BIRCHCLIFF ENERGY LTD.,420.4223009287097,0.0
2026-01,GAS,BITSTONE RESOURCES INC.,0.36601977774193556,0.0
2026-01,GAS,BLUE SKY RESOURCES LTD.,0.09341307741935485,0.0
2026-01,GAS,BLUE STAR ENERGY INC.,0.06709793000000001,0.0
2026-01,GAS,BONTERRA ENERGY CORP.,53.37771337645162,0.0
2026-01,GAS,BORNITE ENERGY LTD.,2.9411449180645164,0.0
2026-01,GAS,BORRADAILE OIL LTD.,0.47560926612903237,0.0
2026-01,GAS,BOUNTY DEVELOPMENTS LTD.,0.0014809390322580648,0.0
2026-01,GAS,"BRIGHTSPOT INTERNATIONAL ENERGY (CANADA) CO., LTD.",0.022669759032258065,0.0
2026-01,GAS,BROTHERIN ENERGY LTD.,0.41637170483870967,0.0
2026-01,GAS,BRW PETROLEUM CORP.,0.1516253732258065,0.0
2026-01,GAS,BTG ENERGY CORP.,27.307718326129034,0.0
2026-01,GAS,C GROUP ENERGY INC.,0.22510273290322586,0.0
2026-01,GAS,CABOT ENERGY INC.,0.2641767396774194,0.0
2026-01,GAS,CALEDONIAN MIDSTREAM CORPORATION,21.55757381903226,0.0
2026-01,GAS,CALTEX TRILOGY INC.,6.610000492903227,0.0
2026-01,GAS,CANADIAN NATURAL RESOURCES LIMITED,2156.3676427029036,0.0
2026-01,GAS,CANEX RESOURCES LTD.,0.0019366125806451614,0.0
2026-01,GAS,CANLIN RESOURCES PARTNERSHIP,199.7800424722581,0.0
2026-01,GAS,CANSTONE ENERGY LTD.,2.2356483467741937,0.0
2026-01,GAS,CANUCK NORTH RESOURCES LTD.,0.041580211290322584,0.0
2026-01,GAS,CAPITAN INVESTMENT LTD.,0.0001139183870967742,0.0
2026-01,GAS,CARDINAL ENERGY LTD.,19.321128043548388,0.0
2026-01,GAS,CAVVY PRODUCTION LTD.,170.5880001051613,0.0
2026-01,GAS,CENOVUS ENERGY INC.,889.9242884070969,0.0
2026-01,GAS,CENTENNIAL PETROLEUM COMPANY LTD.,0.05285813161290323,0.0
2026-01,GAS,CHECK ENERGY LTD.,0.008999552580645163,0.0
2026-01,GAS,CLAMPETT ENERGY LTD.,0.7678099290322581,0.0
2026-01,GAS,CLEAR NORTH ENERGY CORP.,1.326351780967742,0.0
2026-01,GAS,CNOOC PETROLEUM NORTH AMERICA ULC,4.611985901612904,0.0
2026-01,GAS,COASTAL RESOURCES LIMITED,0.18716791000000002,0.0
2026-01,GAS,COBALT ENERGY INC.,0.28559339645161297,0.0
2026-01,GAS,CONIFER ENERGY INC.,10.299019622258065,0.0
2026-01,GAS,CONNACHER OIL AND GAS LIMITED,9.455226129032258,0.0
2026-01,GAS,CONOCOPHILLIPS CANADA RESOURCES CORP.,8.77820915451613,0.0
2026-01,GAS,CONVEGA ENERGY LTD.,0.2724927819354839,0.0
2026-01,GAS,CORSE ENERGY CORP.,1.0478213245161292,0.0
2026-01,GAS,COURSER ENERGY LTD.,0.18568697096774198,0.0
2026-01,GAS,COVEE ENERGY CORPORATION,1.1081980696774194,0.0
2026-01,GAS,CREST JINN PETROLEUM CORPORATION,0.0026201229032258066,0.0
2026-01,GAS,CROVERRO ENERGY LTD.,0.11255136645161293,0.0
2026-01,GAS,CYGNET ENERGY LTD.,28.091362910967746,0.0
2026-01,GAS,DARK ENERGY LTD.,0.008088205483870969,0.0
2026-01,GAS,DARK WARRIOR RESOURCES LTD.,0.09045119935483871,0.0
2026-01,GAS,DAVIES LIVESTOCK CO. LTD.,0.007518613548387097,0.0
2026-01,GAS,DECIMUS OIL CORP.,0.12291793967741937,0.0
2026-01,GAS,DECKLAND INC.,0.23148216258064522,0.0
2026-01,GAS,DEERGARDEN RESOURCES LTD.,0.04009927225806452,0.0
2026-01,GAS,DEL CANADA GP LTD.,3.8168355596774197,0.0
2026-01,GAS,DELTAWEST ENERGY LTD.,0.06481956225806453,0.0
2026-01,GAS,DERRICK PETROLEUM LTD.,0.025517718709677423,0.0
2026-01,GAS,DIRE RESOURCES LTD.,0.00945522612903226,0.0
2026-01,GAS,DOAG ENERGY LTD.,0.19229423741935486,0.0
2026-01,GAS,DURHAM CREEK ENERGY LTD.,0.060604581935483876,0.0
2026-01,GAS,DWL RESOURCES LTD.,0.1886488490322581,0.0
2026-01,GAS,EAGLE ENERGY INC.,0.47731804193548394,0.0
2026-01,GAS,ECLIPSE RESOURCES LTD.,0.513658007419355,0.0
2026-01,GAS,ECOCHAIN ENERGY LTD.,0.013100614516129034,0.0
2026-01,GAS,EDALIS ENERGY INC.,0.07005980806451614,0.0
2026-01,GAS,EMBER RESOURCES INC.,220.03131414645165,0.0
2026-01,GAS,ENDRUM ENERGY CORP.,3.356035683870968,0.0
2026-01,GAS,ENER T CORPORATION,0.17611782645161292,0.0
2026-01,GAS,ENERCAPITA ENERGY LTD.,11.214467780967743,0.0
2026-01,GAS,ENHANCE ENERGY INC.,18.792204972258066,0.0
2026-01,GAS,ENTRADA RESOURCES INC.,12.41528149935484,0.0
2026-01,GAS,EP RESOURCES CORPORATION,0.16518166129032258,0.0
2026-01,GAS,ERDOL RESOURCES CORP.,0.32045242290322584,0.0
2026-01,GAS,EXECUTIVE ADVENTURES 2008 INC.,0.10161520129032259,0.0
2026-01,GAS,FABIAN SEED FARMS INC.,0.004556735483870969,0.0
2026-01,GAS,FIDDLEHEAD RESOURCES CORP.,5.721209236774194,0.0
2026-01,GAS,FIRE CREEK RESOURCES LTD.,0.11266528483870969,0.0
2026-01,GAS,FIVE POINT ENERGY INC.,0.2521013906451613,0.0
2026-01,GAS,FLYWHEEL RESOURCES CORP.,0.5915781841935485,0.0
2026-01,GAS,FORT CALGARY RESOURCES LTD.,0.04761788580645162,0.0
2026-01,GAS,G. HERMAN GROUP INC.,0.693762977419355,0.0
2026-01,GAS,G2B DEVELOPMENT CORPORATION,1.0215061770967744,0.0
2026-01,GAS,GEX RESOURCES LTD.,0.5010130664516129,0.0
2026-01,GAS,GMT EXPLORATION ZAMA INC.,0.9568005332258066,0.0
2026-01,GAS,GOLDEN SPIKE ENERGY INC.,0.0017087758064516132,0.0
2026-01,GAS,GOOSE CREEK RESOURCES LTD.,1.1979657587096775,0.0
2026-01,GAS,GRAN TIERRA CANADA LTD.,49.638228401612906,0.0
2026-01,GAS,GRASSLAND ENERGY CORP.,3.1379958909677423,0.0
2026-01,GAS,GREEN DAWG ENERGY INC.,0.0001139183870967742,0.0
2026-01,GAS,GREENFIRE RESOURCES OPERATING CORPORATION,3.1056430690322587,0.0
2026-01,GAS,GRIZZLY RESOURCES LTD.,0.10890597806451614,0.0
2026-01,GAS,GRYPHON PETROLEUM CORP.,0.2265836719354839,0.0
2026-01,GAS,GUNNARR RESOURCES INC.,0.025289881935483878,0.0
2026-01,GAS,HALO EXPLORATION LTD.,1.2803287525806453,0.0
2026-01,GAS,HARD ROCK RESOURCES LTD.,0.6897758338709679,0.0
2026-01,GAS,HARVARD RESOURCES INC.,0.06003499000000001,0.0
2026-01,GAS,HARVEST ENERGY CORPORATION,0.0018226941935483873,0.0
2026-01,GAS,HARVEST OPERATIONS CORP.,32.81874813870968,0.0
2026-01,GAS,HBC ENERGY LTD.,0.0002278367741935484,0.0
2026-01,GAS,HEADWATER EXPLORATION INC.,13.854412483548389,0.0
2026-01,GAS,HEMISPHERE ENERGY CORPORATION,1.4256886145161292,0.0
2026-01,GAS,HESC ENERGY CORPORATION,0.3288823835483871,0.0
2026-01,GAS,HIGHVALE ENERGY LIMITED,5.122909867741936,0.0
2026-01,GAS,HIGHWOOD ASSET MANAGEMENT LTD.,15.69180214903226,0.0
2026-01,GAS,HIS MAJESTY THE KING IN RIGHT OF CANADA AS REPRESENTED HEREIN BY THE MINISTER OF NATIONAL DEFENCE,0.5550103819354839,0.0
2026-01,GAS,HITIC ENERGY LTD.,2.505862760967742,0.0
2026-01,GAS,HWN ENERGY LTD.,78.89030575870969,0.0
2026-01,GAS,HYDRO VAULT ENERGY LTD.,0.08304650419354839,0.0
2026-01,GAS,IMPERIAL OIL RESOURCES LIMITED,37.16427893290323,0.0
2026-01,GAS,INDRA OIL & GAS LTD.,0.017429513225806454,0.0
2026-01,GAS,INPLAY OIL CORP.,53.5373130367742,0.0
2026-01,GAS,INSCH COMMODITY LTD.,0.05114935580645162,0.0
2026-01,GAS,INSIGNIA ENERGY LTD.,44.60189650806453,0.0
2026-01,GAS,INTEGRITY OIL OPERATIONS LTD.,0.0030757964516129038,0.0
2026-01,GAS,IPC CANADA LTD.,99.88705935806453,0.0
2026-01,GAS,ISH ENERGY LTD.,4.700386570000001,0.0
2026-01,GAS,ISLANDER OIL & GAS INC.,0.22738110064516132,0.0
2026-01,GAS,JAST ENERGY LTD.,0.0038732251612903228,0.0
2026-01,GAS,JAYHAWK RESOURCES LTD.,1.373286156451613,0.0
2026-01,GAS,JOLI FOU PETROLEUMS LTD.,0.003759306774193549,0.0
2026-01,GAS,JOURNEY ENERGY INC.,39.02490794935484,0.0
2026-01,GAS,JX ENERGY LTD.,10.505439739677422,0.0
2026-01,GAS,KAISER EXPLORATION LTD.,0.05923756129032259,0.0
2026-01,GAS,KARVE ENERGY INC.,18.869327720322584,0.0
2026-01,GAS,KELT EXPLORATION LTD.,171.93314842,0.0
2026-01,GAS,KEYERA ENERGY LTD.,0.1559542719354839,0.0
2026-01,GAS,KINMERC OIL & GAS INC.,0.15515684322580647,0.0
2026-01,GAS,KIWETINOHK ENERGY CORP.,147.2766527167742,0.0
2026-01,GAS,KOHO ENERGY CORP.,0.0002278367741935484,0.0
2026-01,GAS,LEDGEND ROYALTY TRUST LTD.,0.18580088935483874,0.0
2026-01,GAS,LINEUP RESOURCES CORP.,0.44564873032258073,0.0
2026-01,GAS,LOGAN ENERGY CORP.,60.929021501935495,0.0
2026-01,GAS,LOGIC ENERGY LTD.,0.4998738825806452,0.0
2026-01,GAS,LONE TREE RESOURCES INC.,0.9269539158064518,0.0
2026-01,GAS,LONG RUN EXPLORATION LTD.,0.6120834938709678,0.0
2026-01,GAS,LONG TERM ASSET MANAGEMENT INC.,15.944587050000003,0.0
2026-01,GAS,LONGRIDGE ENERGY LTD.,0.4397249741935484,0.0
2026-01,GAS,LONGSHORE RESOURCES LTD.,0.6194881890322581,0.0
2026-01,GAS,LOTUS CREEK EXPLORATION INC.,5.847544728064517,0.0
2026-01,GAS,LOYAL ENERGY (CANADA) OPERATING LTD.,29.46134543419355,0.0
2026-01,GAS,LYCOS ENERGY INC.,2.099401955806452,0.0
2026-01,GAS,LYNX ENERGY ULC,91.47555349161291,0.0
2026-01,GAS,MAGA ENERGY LTD.,0.7617722545161291,0.0
2026-01,GAS,MAHIKAN OIL CORPORATION,0.024150698064516134,0.0
2026-01,GAS,MANCAL ENERGY INC.,49.198731264193555,0.0
2026-01,GAS,MARLIN RESOURCES LTD.,0.17247243806451615,0.0
2026-01,GAS,MARS ENERGY RESOURCES MANAGEMENT LTD.,0.15208104677419357,0.0
2026-01,GAS,MATO INC.,0.08760323967741937,0.0
2026-01,GAS,MCLAND RESOURCES LTD.,0.01139183870967742,0.0
2026-01,GAS,"MEDICINE HAT, CITY OF",9.943138580967743,0.0
2026-01,GAS,MORNING STAR PETROLEUM INCORPORATED,0.15652386387096776,0.0
2026-01,GAS,MURPHY OIL COMPANY LTD.,15.549290246774195,0.0
2026-01,GAS,N7 ENERGY LTD.,10.334334322258066,0.0
2026-01,GAS,NEW NORTH RESOURCES LTD.,2.3378331400000003,0.0
2026-01,GAS,NEW TIMES ENERGY CANADA GP 2 LTD.,1.2400016435483872,0.0
2026-01,GAS,NEW TIMES ENERGY CANADA GP 3 LTD.,2.5197608041935484,0.0
2026-01,GAS,NEW WEST DATA ACQUISITION CORP.,3.84155584967742,0.0
2026-01,GAS,NEW WEST DATA CORP.,0.3628300629032259,0.0
2026-01,GAS,NORTH 40 RESOURCES LTD.,22.753602965161292,0.0
2026-01,GAS,NORTH FORK RESOURCES LTD.,0.23900077612903228,0.0
2026-01,GAS,NORTHERN UTILITIES (SASK.) LTD.,0.0001139183870967742,0.0
2026-01,GAS,NORTHRIVER MIDSTREAM INC.,0.1364742277419355,0.0
2026-01,GAS,NORTHROCK RESOURCES PARTNERSHIP LTD.,0.17338378516129033,0.0
2026-01,GAS,NORWEGIAN ENERGY INC.,1.5492900645161292,0.0
2026-01,GAS,NOVUS ENERGY INC.,0.21302738387096776,0.0
2026-01,GAS,NPS INDUSTRIAL POWER CORP.,1.6436144890322582,0.0
2026-01,GAS,NUOVA STRADA VENTURES LTD.,0.2915171525806452,0.0
2026-01,GAS,NUVISTA ENERGY LTD.,447.91547838903233,0.0
2026-01,GAS,NVP EXPLORATION INC.,0.026087310645161295,0.0
2026-01,GAS,NVS ENGINEERING INC.,0.019138289032258067,0.0
2026-01,GAS,O'NEILL INDUSTRIES INTERNATIONAL-CANADA INC.,0.019366125806451615,0.0
2026-01,GAS,OBSIDIAN ENERGY LTD.,59.26786358129033,0.0
2026-01,GAS,OHANA RESOURCES INC.,0.0658448277419355,0.0
2026-01,GAS,OK RADIO GROUP LTD.,0.1868261548387097,0.0
2026-01,GAS,ORGA ENERGY LTD.,0.012075349032258067,0.0
2026-01,GAS,ORLEN UPSTREAM CANADA LTD.,55.449888837741945,0.0
2026-01,GAS,OUTLIER RESOURCES LTD.,27.275707259354842,0.0
2026-01,GAS,OUTPOST ENERGY LTD.,0.84402133,0.0
2026-01,GAS,OVINTIV CANADA ULC,648.1565485738711,0.0
2026-01,GAS,PARAGON ENERGY LTD.,0.00649334806451613,0.0
2026-01,GAS,PARALLAX ENERGY OPERATING INC.,21.767411488064518,0.0
2026-01,GAS,PARAMOUNT RESOURCES LTD.,176.77969228064518,0.0
2026-01,GAS,PENTACOR ENERGY CORP.,0.023695024516129037,0.0
2026-01,GAS,PERSIST OIL AND GAS INC.,12.385776637096775,0.0
2026-01,GAS,PERTHRO (CANADA) INC.,0.06687009322580646,0.0
2026-01,GAS,PETROCHINA CANADA LTD.,0.7166605732258066,0.0
2026-01,GAS,PETROCHINA DUVERNAY GAS PARTNERSHIP,78.17170857290324,0.0
2026-01,GAS,PETRUS RESOURCES CORP.,44.87643982096775,0.0
2026-01,GAS,PEYTO CANADA CORP.,16.72618110387097,0.0
2026-01,GAS,PEYTO EXPLORATION & DEVELOPMENT CORP.,840.3055400496776,0.0
2026-01,GAS,PINE CLIFF ENERGY LTD.,105.03206939290324,0.0
2026-01,GAS,PLATFORM ENERGY INC.,0.2350136325806452,0.0
2026-01,GAS,POINT BAR RESOURCES INC.,0.8897026032258065,0.0
2026-01,GAS,POINTBREAK RESOURCES INC.,3.4148175716129034,0.0
2026-01,GAS,POKER CHIP EXPLORATION LTD.,0.0044428170967741945,0.0
2026-01,GAS,POTTS PETROLEUM INC.,0.33708450741935486,0.0
2026-01,GAS,PRAIRIE PROVIDENT RESOURCES CANADA LTD.,6.343203630322582,0.0
2026-01,GAS,PRAIRIE THUNDER RESOURCES LTD.,10.736010555161291,0.0
2026-01,GAS,PRIMROSE DRILLING VENTURES LTD.,0.005240245806451613,0.0
2026-01,GAS,PRONGHORN RESOURCES LTD.,0.061629847419354844,0.0
2026-01,GAS,PROSPERA ENERGY INC.,0.07974287096774195,0.0
2026-01,GAS,PULSE OIL OPERATING CORP.,0.10093169096774195,0.0
2026-01,GAS,QUESTERRE ENERGY CORPORATION,0.0003417551612903226,0.0
2026-01,GAS,RAKE RESOURCES LTD,0.0007974287096774195,0.0
2026-01,GAS,RALLY CANADA RESOURCES LTD.,0.28194800806451614,0.0
2026-01,GAS,RAMPART OIL INC.,0.2310264890322581,0.0
2026-01,GAS,RANAHAN RESOURCES LIMITED,7.0947232300000005,0.0
2026-01,GAS,RED ANGUS ENERGY INC.,0.5523902590322581,0.0
2026-01,GAS,RED JACK PETROLEUM LTD.,0.027682168064516136,0.0
2026-01,GAS,RELENTLESS RESOURCES LTD.,0.1727002748387097,0.0
2026-01,GAS,RESISTANCE ENERGY LTD.,0.04101061935483872,0.0
2026-01,GAS,RESONANCE ENERGY LTD.,0.024834208387096778,0.0
2026-01,GAS,RESOURCEFUL PETROLEUM CANADA LIMITED,1.1398673812903226,0.0
2026-01,GAS,RESPONSE ENERGY CORPORATION,0.41716913354838714,0.0
2026-01,GAS,REVOLUTION OIL & GAS CORPORATION,0.5195817635483871,0.0
2026-01,GAS,REX ENERGY LTD.,0.12371536838709679,0.0
2026-01,GAS,RIBBON CREEK RESOURCES INC.,0.1938890948387097,0.0
2026-01,GAS,RICOCHET OIL CORP.,20.583913364516132,0.0
2026-01,GAS,RIDGELINE EXPLORATION INC.,0.11266528483870969,0.0
2026-01,GAS,RIMFIRE ENERGY INC.,0.06971805290322582,0.0
2026-01,GAS,RISING TIDE ENERGY LTD.,4.2032467287096775,0.0
2026-01,GAS,RKSMITH ENERGY CORP.,0.40441027419354847,0.0
2026-01,GAS,ROCKEAST ENERGY CORP.,0.8871963987096775,0.0
2026-01,GAS,ROCKPOINT GAS STORAGE CANADA LTD.,675.0260228648388,0.0
2026-01,GAS,ROK RESOURCES INC.,2.761381703225807,0.0
2026-01,GAS,RTD ENERGY INC.,0.0002278367741935484,0.0
2026-01,GAS,RUBELLITE ENERGY INC.,11.655218020645163,0.0
2026-01,GAS,RURALCO RESOURCES CORP.,0.0061515929032258075,0.0
2026-01,GAS,RUSH RESOURCES LTD.,1.2053704538709678,0.0
2026-01,GAS,SAND HILLS DIV CORP LTD.,2.8782619683870974,0.0
2026-01,GAS,SANDPOINT RESOURCES INC.,0.0014809390322580648,0.0
2026-01,GAS,SATURN OIL & GAS INC.,33.80266124806452,0.0
2026-01,GAS,SCAVENGER ENERGY GP INC.,0.021074901612903228,0.0
2026-01,GAS,SHACKLETON EXPLORATION LTD.,3.76067379483871,0.0
2026-01,GAS,SHANPET RESOURCES LTD.,0.10241263,0.0
2026-01,GAS,SHARPTAIL ENERGY INC.,1.9379796012903228,0.0
2026-01,GAS,SHELL CANADA ENERGY,1.0899711277419355,0.0
2026-01,GAS,SHOT POINT RESOURCES LTD.,0.02597339225806452,0.0
2026-01,GAS,SIFTON PETROLEUM INC.,1.6458928567741937,0.0
2026-01,GAS,SIGNALTA RESOURCES LIMITED,3.9436267245161294,0.0
2026-01,GAS,SILVERLEAF RESOURCES INC.,0.9347003661290324,0.0
2026-01,GAS,SINOPEC CANADA ENERGY LTD.,87.88587119580646,0.0
2026-01,GAS,SOGAR RESOURCES LTD.,0.9577118803225807,0.0
2026-01,GAS,SPARK INFRASTRUCTURE CORP.,5.094544189354839,0.0
2026-01,GAS,SPARTAN DELTA CORP.,225.35266984451616,0.0
2026-01,GAS,SPOKE RESOURCES LTD.,15.574010536774194,0.0
2026-01,GAS,SPROCKET ENERGY CORPORATION,5.6184548516129045,0.0
2026-01,GAS,SPUR PETROLEUM LTD.,40.67273741870968,0.0
2026-01,GAS,STORM DEVELOPMENT CORP.,32.80724238161291,0.0
2026-01,GAS,STRATHCONA RESOURCES LTD.,26.586614935806455,0.0
2026-01,GAS,SUCCESS RESOURCES LTD.,1.7520647935483873,0.0
2026-01,GAS,SUEDE ENERGY LTD.,10.19615131870968,0.0
2026-01,GAS,SUMERIAN OIL & GAS INC.,0.2403677967741936,0.0
2026-01,GAS,SUN CENTURY PETROLEUM CORPORATION,5.605695992258065,0.0
2026-01,GAS,SUNCOR ENERGY INC.,9.319891085161291,0.0
2026-01,GAS,SUPREME ENERGY INC.,0.6300825990322582,0.0
2026-01,GAS,SURGE ENERGY INC.,16.55416433935484,0.0
2026-01,GAS,SUTTON ENERGY LTD.,0.209381995483871,0.0
2026-01,GAS,TAGGART OIL CORP.,0.4219537058064517,0.0
2026-01,GAS,TAIGA ENERGY CORP.,0.4932666161290323,0.0
2026-01,GAS,TAKU GAS LIMITED,0.021758411935483873,0.0
2026-01,GAS,TAMARACK VALLEY ENERGY LTD.,86.18814547290323,0.0
2026-01,GAS,TAQA NORTH LTD.,404.7172842467742,0.0
2026-01,GAS,TEINE ENERGY LTD.,22.305106275161293,0.0
2026-01,GAS,TENAZ ENERGY CORP.,8.089458586129034,0.0
2026-01,GAS,TEXCAL ENERGY CANADA INC.,1.7858985545161292,0.0
2026-01,GAS,THOR RESOURCES INC.,2.126172776774194,0.0
2026-01,GAS,THOROUGHBRED ENERGY LTD.,0.03782090451612904,0.0
2026-01,GAS,TIDEWATER MIDSTREAM AND INFRASTRUCTURE LTD.,12.49080939,0.0
2026-01,GAS,TMAX ENERGY LTD.,1.1778022041935485,0.0
2026-01,GAS,TOP OIL PRODUCTION LTD.,0.7721388277419355,0.0
2026-01,GAS,TOURMALINE OIL CORP.,1854.218031380968,0.0
2026-01,GAS,TOWER RIDGE ENTERPRISES CORP.,0.0013670206451612905,0.0
2026-01,GAS,TRANSCANADA ENERGY LTD.,422.4574529141936,0.0
2026-01,GAS,TRIPLE 555 OIL COMPANY LTD.,0.14866349516129032,0.0
2026-01,GAS,TUKTU RESOURCES LTD.,2.133121798387097,0.0
2026-01,GAS,TUSCANY PETROLEUM LTD.,0.04647870193548388,0.0
2026-01,GAS,TYKEWEST LIMITED,0.18363644,0.0
2026-01,GAS,ULYSSES ENERGY CORP.,0.4995321274193549,0.0
2026-01,GAS,UNIT 18 CORP.,0.04260547677419355,0.0
2026-01,GAS,"VAALCO ENERGY CANADA, INC.",5.8489117487096784,0.0
2026-01,GAS,VANRENA RESOURCES LTD.,0.0005695919354838711,0.0
2026-01,GAS,VANTAGE POINT RESOURCES INC.,8.777639562580646,0.0
2026-01,GAS,VERMILION ENERGY INC.,404.0442544158065,0.0
2026-01,GAS,VITAL ENERGY INC.,0.35417226548387104,0.0
2026-01,GAS,VULTURE ENERGY LTD.,0.07416087,0.0
2026-01,GAS,WARWICK GAS STORAGE LTD.,56.36419781258065,0.0
2026-01,GAS,WASP ENTERPRIZES LTD.,0.0578705406451613,0.0
2026-01,GAS,WESCAN ENERGY CORP.,0.2212295077419355,0.0
2026-01,GAS,WEST 5 RESOURCES INC.,0.8568941077419356,0.0
2026-01,GAS,WEST LAKE ENERGY CORP.,5.467171233548388,0.0
2026-01,GAS,WESTGATE ENERGY OPERATIONS LTD.,0.6532080316129033,0.0
2026-01,GAS,WHITE TUNDRA PETROLEUM LTD.,0.04909882483870968,0.0
2026-01,GAS,WHITECAP PARTNERSHIP,480.0488935109678,0.0
2026-01,GAS,WHITECAP RESOURCES INC.,565.8321730361291,0.0
2026-01,GAS,WHITEMUD CREEK RESOURCES LTD.,0.047503967419354844,0.0
2026-01,GAS,WILCOX ENERGY CORP.,0.43733268806451625,0.0
2026-01,GAS,WILDCAT RENTALS LTD.,0.03292241387096774,0.0
2026-01,GAS,WINDSOR SALT LTD/SEL WINDSOR LTEE,0.017771268387096775,0.0
2026-01,GAS,WOLF LAKE EXPLORATION LTD.,7.470653907419356,0.0
2026-01,GAS,WOODCOTE INC.,0.3352618132258065,0.0
2026-01,GAS,WOODSMAN ENERGY CORP.,1.3386549667741938,0.0
2026-01,GAS,XENOTIME ENERGY INC.,0.0030757964516129038,0.0
2026-01,GAS,YANGARRA RESOURCES CORP.,42.95144691580646,0.0
2026-01,GAS,YOHO RESOURCES INC.,0.43926930064516134,0.0
2026-01,GAS,ZNX ENERGY LTD.,0.11688026516129033,0.0
2026-01,GAS,ZYZYGY RESOURCES LTD.,0.23979820483870967,0.0
2026-01,OIL_AT_GAS_BATTERY,2155192 ALBERTA LTD.,0.0,5.985454838709677
2026-01,OIL_AT_GAS_BATTERY,840586 ALBERTA LTD.,0.0,1.0347735483870966
2026-01,OIL_AT_GAS_BATTERY,ADVANTAGE ENERGY LTD.,0.0,194.8011929032258
2026-01,OIL_AT_GAS_BATTERY,ARC RESOURCES LTD.,0.0,5.8637167741935485
2026-01,OIL_AT_GAS_BATTERY,ASTARA ENERGY CORP.,0.0,1.2173806451612903
2026-01,OIL_AT_GAS_BATTERY,ATCO NEXT ENERGY LTD.,0.0,1.8869399999999998
2026-01,OIL_AT_GAS_BATTERY,AXIOM OIL AND GAS INC.,0.0,7.710077419354839
2026-01,OIL_AT_GAS_BATTERY,BACCALIEU ENERGY INC.,0.0,35.81128064516129
2026-01,OIL_AT_GAS_BATTERY,BARREL OIL CORP.,0.0,64.17624967741935
2026-01,OIL_AT_GAS_BATTERY,BIRCHCLIFF ENERGY LTD.,0.0,2.4550509677419354
2026-01,OIL_AT_GAS_BATTERY,BONTERRA ENERGY CORP.,0.0,196.1808909677419
2026-01,OIL_AT_GAS_BATTERY,BTG ENERGY CORP.,0.0,8.76514064516129
2026-01,OIL_AT_GAS_BATTERY,CANADIAN NATURAL RESOURCES LIMITED,0.0,352.9389387096774
2026-01,OIL_AT_GAS_BATTERY,CANLIN RESOURCES PARTNERSHIP,0.0,1.9072296774193545
2026-01,OIL_AT_GAS_BATTERY,CENOVUS ENERGY INC.,0.0,31.854793548387097
2026-01,OIL_AT_GAS_BATTERY,CORSE ENERGY CORP.,0.0,0.10144838709677419
2026-01,OIL_AT_GAS_BATTERY,CYGNET ENERGY LTD.,0.0,3508.9576819354834
2026-01,OIL_AT_GAS_BATTERY,DEL CANADA GP LTD.,0.0,0.6695593548387097
2026-01,OIL_AT_GAS_BATTERY,EMBER RESOURCES INC.,0.0,1.5217258064516128
2026-01,OIL_AT_GAS_BATTERY,ENERCAPITA ENERGY LTD.,0.0,8.460795483870967
2026-01,OIL_AT_GAS_BATTERY,ENHANCE ENERGY INC.,0.0,0.8927458064516129
2026-01,OIL_AT_GAS_BATTERY,G. HERMAN GROUP INC.,0.0,0.46666258064516125
2026-01,OIL_AT_GAS_BATTERY,GRAN TIERRA CANADA LTD.,0.0,81.56450322580645
2026-01,OIL_AT_GAS_BATTERY,HARD ROCK RESOURCES LTD.,0.0,1.9478090322580643
2026-01,OIL_AT_GAS_BATTERY,HARVEST OPERATIONS CORP.,0.0,24.489640645161288
2026-01,OIL_AT_GAS_BATTERY,HIGHWOOD ASSET MANAGEMENT LTD.,0.0,2.495630322580645
2026-01,OIL_AT_GAS_BATTERY,HWN ENERGY LTD.,0.0,186.84763935483872
2026-01,OIL_AT_GAS_BATTERY,INPLAY OIL CORP.,0.0,5.052129677419354
2026-01,OIL_AT_GAS_BATTERY,JOURNEY ENERGY INC.,0.0,54.11256967741935
2026-01,OIL_AT_GAS_BATTERY,KARVE ENERGY INC.,0.0,9.27238258064516
2026-01,OIL_AT_GAS_BATTERY,KELT EXPLORATION LTD.,0.0,4735.062888387097
2026-01,OIL_AT_GAS_BATTERY,KIWETINOHK ENERGY CORP.,0.0,34.45187225806452
2026-01,OIL_AT_GAS_BATTERY,LOGAN ENERGY CORP.,0.0,387.3908109677419
2026-01,OIL_AT_GAS_BATTERY,LONG TERM ASSET MANAGEMENT INC.,0.0,0.14202774193548387
2026-01,OIL_AT_GAS_BATTERY,LOTUS CREEK EXPLORATION INC.,0.0,5.437633548387096
2026-01,OIL_AT_GAS_BATTERY,LOYAL ENERGY (CANADA) OPERATING LTD.,0.0,0.6492696774193548
2026-01,OIL_AT_GAS_BATTERY,LYNX ENERGY ULC,0.0,12.62017935483871
2026-01,OIL_AT_GAS_BATTERY,MANCAL ENERGY INC.,0.0,6.655014193548387
2026-01,OIL_AT_GAS_BATTERY,NEW WEST DATA CORP.,0.0,13.066552258064517
2026-01,OIL_AT_GAS_BATTERY,NORTH 40 RESOURCES LTD.,0.0,44.15033806451613
2026-01,OIL_AT_GAS_BATTERY,NORWEGIAN ENERGY INC.,0.0,3.794169677419354
2026-01,OIL_AT_GAS_BATTERY,OBSIDIAN ENERGY LTD.,0.0,15.481023870967741
2026-01,OIL_AT_GAS_BATTERY,ORLEN UPSTREAM CANADA LTD.,0.0,6.95935935483871
2026-01,OIL_AT_GAS_BATTERY,OUTLIER RESOURCES LTD.,0.0,36.48084
2026-01,OIL_AT_GAS_BATTERY,OUTPOST ENERGY LTD.,0.0,0.36521419354838713
2026-01,OIL_AT_GAS_BATTERY,OVINTIV CANADA ULC,0.0,179.25929999999997
2026-01,OIL_AT_GAS_BATTERY,PARAMOUNT RESOURCES LTD.,0.0,3.002872258064516
2026-01,OIL_AT_GAS_BATTERY,PERSIST OIL AND GAS INC.,0.0,2.008678064516129
2026-01,OIL_AT_GAS_BATTERY,PETRUS RESOURCES CORP.,0.0,11.78830258064516
2026-01,OIL_AT_GAS_BATTERY,PEYTO EXPLORATION & DEVELOPMENT CORP.,0.0,5.681109677419354
2026-01,OIL_AT_GAS_BATTERY,PINE CLIFF ENERGY LTD.,0.0,22.298355483870967
2026-01,OIL_AT_GAS_BATTERY,PRAIRIE PROVIDENT RESOURCES CANADA LTD.,0.0,2.3536025806451613
2026-01,OIL_AT_GAS_BATTERY,RED ANGUS ENERGY INC.,0.0,0.18260709677419357
2026-01,OIL_AT_GAS_BATTERY,RESISTANCE ENERGY LTD.,0.0,36.90692322580645
2026-01,OIL_AT_GAS_BATTERY,RESPONSE ENERGY CORPORATION,0.0,1.6840432258064515
2026-01,OIL_AT_GAS_BATTERY,RKSMITH ENERGY CORP.,0.0,0.3246348387096774
2026-01,OIL_AT_GAS_BATTERY,SATURN OIL & GAS INC.,0.0,3.652141935483871
2026-01,OIL_AT_GAS_BATTERY,SIGNALTA RESOURCES LIMITED,0.0,2.637658064516129
2026-01,OIL_AT_GAS_BATTERY,SILVERLEAF RESOURCES INC.,0.0,3.6521419354838707
2026-01,OIL_AT_GAS_BATTERY,SINOPEC CANADA ENERGY LTD.,0.0,0.9536148387096773
2026-01,OIL_AT_GAS_BATTERY,SPARK INFRASTRUCTURE CORP.,0.0,0.6086903225806451
2026-01,OIL_AT_GAS_BATTERY,SPARTAN DELTA CORP.,0.0,9.292672258064517
2026-01,OIL_AT_GAS_BATTERY,SUCCESS RESOURCES LTD.,0.0,19.76214580645161
2026-01,OIL_AT_GAS_BATTERY,SUN CENTURY PETROLEUM CORPORATION,0.0,2.1101264516129032
2026-01,OIL_AT_GAS_BATTERY,TAQA NORTH LTD.,0.0,189.32298
2026-01,OIL_AT_GAS_BATTERY,TIDEWATER MIDSTREAM AND INFRASTRUCTURE LTD.,0.0,0.3855038709677419
2026-01,OIL_AT_GAS_BATTERY,TOURMALINE OIL CORP.,0.0,192.9548322580645
2026-01,OIL_AT_GAS_BATTERY,"VAALCO ENERGY CANADA, INC.",0.0,1.25796
2026-01,OIL_AT_GAS_BATTERY,VANTAGE POINT RESOURCES INC.,0.0,1.9883883870967742
2026-01,OIL_AT_GAS_BATTERY,VERMILION ENERGY INC.,0.0,346.48682129032255
2026-01,OIL_AT_GAS_BATTERY,WESTGATE ENERGY OPERATIONS LTD.,0.0,0.7101387096774193
2026-01,OIL_AT_GAS_BATTERY,WHITECAP RESOURCES INC.,0.0,104.81647354838708
2026-01,OIL_AT_GAS_BATTERY,WILCOX ENERGY CORP.,0.0,0.8521664516129032
2026-01,OIL_AT_GAS_BATTERY,YANGARRA RESOURCES CORP.,0.0,126.26266258064516
2026-01,OIL_UNCLASSIFIED,CANADIAN NATURAL RESOURCES LIMITED,0.0,8.623112903225806
2026-01,OIL_UNCLASSIFIED,CYGNET ENERGY LTD.,0.0,176.05353096774195
2026-02,BITUMEN,ATHABASCA OIL CORPORATION,0.0,36092.44485
2026-02,BITUMEN,AYIK ENERGY CORP.,0.0,784.1583514285713
2026-02,BITUMEN,BAYTEX ENERGY LTD.,0.0,36879.56839285714
2026-02,BITUMEN,BENKOIL RESOURCES LIMITED,0.0,51.19447928571428
2026-02,BITUMEN,BIGHORN ENERGY CORPORATION,0.0,136.331415
2026-02,BITUMEN,CALTEX TRILOGY INC.,0.0,13737.68696142857
2026-02,BITUMEN,CANADIAN NATURAL RESOURCES LIMITED,0.0,396904.1936121428
2026-02,BITUMEN,CENOVUS ENERGY INC.,0.0,642107.3966528571
2026-02,BITUMEN,CHECK ENERGY LTD.,0.0,195.74756142857143
2026-02,BITUMEN,CLEAR NORTH ENERGY CORP.,0.0,2141.9464628571427
2026-02,BITUMEN,CNOOC PETROLEUM NORTH AMERICA ULC,0.0,80092.89799499999
2026-02,BITUMEN,CONNACHER OIL AND GAS LIMITED,0.0,18711.61587428571
2026-02,BITUMEN,CONOCOPHILLIPS CANADA RESOURCES CORP.,0.0,155511.08184857143
2026-02,BITUMEN,CROVERRO ENERGY LTD.,0.0,165.46666714285715
2026-02,BITUMEN,DEERGARDEN RESOURCES LTD.,0.0,105.53385857142857
2026-02,BITUMEN,EVERGO RESOURCES LIMITED,0.0,11.770911428571427
2026-02,BITUMEN,GRAN TIERRA CANADA LTD.,0.0,262.28466
2026-02,BITUMEN,GREENFIRE RESOURCES OPERATING CORPORATION,0.0,17149.207090714284
2026-02,BITUMEN,HARVEST OPERATIONS CORP.,0.0,10657.616828571428
2026-02,BITUMEN,HEADWATER EXPLORATION INC.,0.0,20604.373939285713
2026-02,BITUMEN,HIGHWOOD ASSET MANAGEMENT LTD.,0.0,11.681057142857142
2026-02,BITUMEN,IMPERIAL OIL RESOURCES LIMITED,0.0,163669.7836007143
2026-02,BITUMEN,IPC CANADA LTD.,0.0,664.7869328571428
2026-02,BITUMEN,ISLANDER OIL & GAS INC.,0.0,3208.988569285714
2026-02,BITUMEN,LINEUP RESOURCES CORP.,0.0,1409.4767892857142
2026-02,BITUMEN,LOTUS CREEK EXPLORATION INC.,0.0,78.03844714285714
2026-02,BITUMEN,MAHIKAN OIL CORPORATION,0.0,57.25964357142857
2026-02,BITUMEN,O'NEILL INDUSTRIES INTERNATIONAL-CANADA INC.,0.0,82.28406214285714
2026-02,BITUMEN,OBSIDIAN ENERGY LTD.,0.0,11834.101455
2026-02,BITUMEN,PETROCHINA CANADA LTD.,0.0,9009.689228571428
2026-02,BITUMEN,RUBELLITE ENERGY INC.,0.0,5454.6493414285715
2026-02,BITUMEN,SPUR PETROLEUM LTD.,0.0,23841.217337142854
2026-02,BITUMEN,STRATHCONA RESOURCES LTD.,0.0,62240.850681428565
2026-02,BITUMEN,SUNCOR ENERGY INC.,0.0,281479.19773285714
2026-02,BITUMEN,SURGE ENERGY INC.,0.0,5.997773571428572
2026-02,BITUMEN,TAMARACK VALLEY ENERGY LTD.,0.0,17244.36277928571
2026-02,BITUMEN,WEST LAKE ENERGY CORP.,0.0,30.280894285714282
2026-02,BITUMEN,WESTGATE ENERGY OPERATIONS LTD.,0.0,427.9984264285714
2026-02,COND,840586 ALBERTA LTD.,0.0,3.0101185714285714
2026-02,COND,ADVANTAGE ENERGY LTD.,0.0,7.817322857142857
2026-02,COND,ARC RESOURCES LTD.,0.0,63084.492569999995
2026-02,COND,ATHABASCA OIL CORPORATION,0.0,1646.6471764285711
2026-02,COND,BACCALIEU ENERGY INC.,0.0,26.61933214285714
2026-02,COND,BARREL OIL CORP.,0.0,24.57514714285714
2026-02,COND,BATTLE RIVER ENERGY LTD.,0.0,0.0898542857142857
2026-02,COND,BEARSPAW PETROLEUM LTD.,0.0,3.9311249999999998
2026-02,COND,BIRCHCLIFF ENERGY LTD.,0.0,809.0704521428571
2026-02,COND,BITSTONE RESOURCES INC.,0.0,7.008634285714285
2026-02,COND,BLUE STAR ENERGY INC.,0.0,0.04492714285714285
2026-02,COND,BTG ENERGY CORP.,0.0,41.647461428571425
2026-02,COND,CANADIAN NATURAL RESOURCES LIMITED,0.0,552.2669035714285
2026-02,COND,CANLIN RESOURCES PARTNERSHIP,0.0,52.497366428571425
2026-02,COND,CANSTONE ENERGY LTD.,0.0,1.0108607142857142
2026-02,COND,CARDINAL ENERGY LTD.,0.0,2.1789664285714285
2026-02,COND,CAVVY PRODUCTION LTD.,0.0,7.862249999999999
2026-02,COND,CENOVUS ENERGY INC.,0.0,116.78810785714285
2026-02,COND,CORSE ENERGY CORP.,0.0,2.268820714285714
2026-02,COND,CYGNET ENERGY LTD.,0.0,772.0954135714285
2026-02,COND,DEL CANADA GP LTD.,0.0,3.481853571428571
2026-02,COND,EMBER RESOURCES INC.,0.0,11.905692857142856
2026-02,COND,ENTRADA RESOURCES INC.,0.0,0.6065164285714285
2026-02,COND,FIDDLEHEAD RESOURCES CORP.,0.0,2.5833107142857137
2026-02,COND,G2B DEVELOPMENT CORPORATION,0.0,0.9210064285714284
2026-02,COND,GRAN TIERRA CANADA LTD.,0.0,84.21592928571428
2026-02,COND,HARD ROCK RESOURCES LTD.,0.0,0.6739071428571428
2026-02,COND,HARVEST OPERATIONS CORP.,0.0,75.74716285714285
2026-02,COND,HIGHWOOD ASSET MANAGEMENT LTD.,0.0,9.277455
2026-02,COND,HWN ENERGY LTD.,0.0,77.47685785714286
2026-02,COND,INPLAY OIL CORP.,0.0,11.299176428571428
2026-02,COND,INSIGNIA ENERGY LTD.,0.0,621.2525314285714
2026-02,COND,ISH ENERGY LTD.,0.0,8.468766428571428
2026-02,COND,JOURNEY ENERGY INC.,0.0,36.36852214285714
2026-02,COND,JX ENERGY LTD.,0.0,13.545533571428571
2026-02,COND,KARVE ENERGY INC.,0.0,2.156502857142857
2026-02,COND,KELT EXPLORATION LTD.,0.0,382.68940285714285
2026-02,COND,KIWETINOHK ENERGY CORP.,0.0,51.216942857142854
2026-02,COND,LOGAN ENERGY CORP.,0.0,2.2912842857142857
2026-02,COND,LOGIC ENERGY LTD.,0.0,0.022463571428571426
2026-02,COND,LONE TREE RESOURCES INC.,0.0,7.615150714285713
2026-02,COND,LONG TERM ASSET MANAGEMENT INC.,0.0,4.515177857142857
2026-02,COND,LOYAL ENERGY (CANADA) OPERATING LTD.,0.0,451.71995785714284
2026-02,COND,LYNX ENERGY ULC,0.0,48.83580428571428
2026-02,COND,MAGA ENERGY LTD.,0.0,0.06739071428571428
2026-02,COND,MANCAL ENERGY INC.,0.0,47.487989999999996
2026-02,COND,MURPHY OIL COMPANY LTD.,0.0,1655.4978235714284
2026-02,COND,NEW NORTH RESOURCES LTD.,0.0,6.6716807142857135
2026-02,COND,NEW TIMES ENERGY CANADA GP 2 LTD.,0.0,5.323866428571428
2026-02,COND,NEW TIMES ENERGY CANADA GP 3 LTD.,0.0,13.545533571428571
2026-02,COND,NORTH 40 RESOURCES LTD.,0.0,13.545533571428571
2026-02,COND,OBSIDIAN ENERGY LTD.,0.0,13.86002357142857
2026-02,COND,ORLEN UPSTREAM CANADA LTD.,0.0,158.48049642857143
2026-02,COND,OUTLIER RESOURCES LTD.,0.0,24.57514714285714
2026-02,COND,OUTPOST ENERGY LTD.,0.0,0.4043442857142857
2026-02,COND,OVINTIV CANADA ULC,0.0,19.475916428571427
2026-02,COND,PARAMOUNT RESOURCES LTD.,0.0,3615.107477142857
2026-02,COND,PERSIST OIL AND GAS INC.,0.0,2.156502857142857
2026-02,COND,PETROCHINA DUVERNAY GAS PARTNERSHIP,0.0,30.50553
2026-02,COND,PETRUS RESOURCES CORP.,0.0,439.2526757142857
2026-02,COND,PEYTO EXPLORATION & DEVELOPMENT CORP.,0.0,44.500335
2026-02,COND,PINE CLIFF ENERGY LTD.,0.0,96.03176785714285
2026-02,COND,PRAIRIE PROVIDENT RESOURCES CANADA LTD.,0.0,3.9760521428571427
2026-02,COND,PRAIRIE THUNDER RESOURCES LTD.,0.0,7.233269999999999
2026-02,COND,RELENTLESS RESOURCES LTD.,0.0,0.9210064285714284
2026-02,COND,RESOURCEFUL PETROLEUM CANADA LIMITED,0.0,27.787437857142855
2026-02,COND,ROCKPOINT GAS STORAGE CANADA LTD.,0.0,38.772124285714284
2026-02,COND,ROK RESOURCES INC.,0.0,5.907919285714286
2026-02,COND,RUSH RESOURCES LTD.,0.0,9.12021
2026-02,COND,SATURN OIL & GAS INC.,0.0,5.34633
2026-02,COND,SIGNALTA RESOURCES LIMITED,0.0,10.265852142857142
2026-02,COND,SILVERLEAF RESOURCES INC.,0.0,0.3369535714285714
2026-02,COND,SINOPEC CANADA ENERGY LTD.,0.0,93.1564307142857
2026-02,COND,SOGAR RESOURCES LTD.,0.0,1.1905692857142858
2026-02,COND,SPARTAN DELTA CORP.,0.0,126.44744357142855
2026-02,COND,SPOKE RESOURCES LTD.,0.0,10.894832142857142
2026-02,COND,STORM DEVELOPMENT CORP.,0.0,0.2695628571428571
2026-02,COND,SUCCESS RESOURCES LTD.,0.0,0.5615892857142857
2026-02,COND,SUN CENTURY PETROLEUM CORPORATION,0.0,1.4825957142857142
2026-02,COND,SURGE ENERGY INC.,0.0,8.446302857142857
2026-02,COND,SUTTON ENERGY LTD.,0.0,0.26956285714285716
2026-02,COND,TAIGA ENERGY CORP.,0.0,2.1789664285714285
2026-02,COND,TAQA NORTH LTD.,0.0,289.3757271428571
2026-02,COND,TEINE ENERGY LTD.,0.0,89.0905242857143
2026-02,COND,TENAZ ENERGY CORP.,0.0,23.878776428571427
2026-02,COND,TOURMALINE OIL CORP.,0.0,266.530275
2026-02,COND,VANTAGE POINT RESOURCES INC.,0.0,1.8869399999999998
2026-02,COND,VERMILION ENERGY INC.,0.0,356.96861357142853
2026-02,COND,WEST 5 RESOURCES INC.,0.0,0.06739071428571428
2026-02,COND,WHITECAP PARTNERSHIP,0.0,1675.7824285714285
2026-02,COND,WHITECAP RESOURCES INC.,0.0,13141.121895
2026-02,COND,YANGARRA RESOURCES CORP.,0.0,150.93273642857142
2026-02,COND,YOHO RESOURCES INC.,0.0,3.324608571428571
2026-02,CRUDE_OIL,1288131 ALBERTA LTD.,0.0,8.51369357142857
2026-02,CRUDE_OIL,1506928 ALBERTA LTD.,0.0,17.29695
2026-02,CRUDE_OIL,1852797 ALBERTA ULC,0.0,172.69993714285715
2026-02,CRUDE_OIL,2155192 ALBERTA LTD.,0.0,34.45911857142857
2026-02,CRUDE_OIL,2363750 ALBERTA LTD.,0.0,37.19967428571428
2026-02,CRUDE_OIL,501 ENERGY CORP.,0.0,106.5222557142857
2026-02,CRUDE_OIL,840586 ALBERTA LTD.,0.0,36.907647857142855
2026-02,CRUDE_OIL,97837 RESOURCES LTD.,0.0,5.8854557142857145
2026-02,CRUDE_OIL,979968 ALBERTA LTD.,0.0,3.0101185714285714
2026-02,CRUDE_OIL,ACQUISITION OIL CORP.,0.0,773.4656914285714
2026-02,CRUDE_OIL,ADANAC OIL & GAS LIMITED,0.0,18.352737857142856
2026-02,CRUDE_OIL,ADVANTAGE ENERGY LTD.,0.0,6494.330817857142
2026-02,CRUDE_OIL,AENEID EXPLORATION INC.,0.0,94.86366214285714
2026-02,CRUDE_OIL,AERADEN ENERGY CORP.,0.0,27.630192857142855
2026-02,CRUDE_OIL,ALBERTA PETROLEUM ENERGY LIMITED,0.0,13.455679285714284
2026-02,CRUDE_OIL,ALCHEMY ENERGY LTD,0.0,364.6960821428571
2026-02,CRUDE_OIL,ALEXANDER OILFIELD SERVICES LTD.,0.0,18.262883571428567
2026-02,CRUDE_OIL,ALLIED ENERGY II CORP.,0.0,1816.80873
2026-02,CRUDE_OIL,ALSACE ENERGY CORP.,0.0,28.259172857142854
2026-02,CRUDE_OIL,ALTAIR ENERGY LTD.,0.0,220.00821857142856
2026-02,CRUDE_OIL,ALTIMA RESOURCES LTD.,0.0,77.22975857142858
2026-02,CRUDE_OIL,APAR ENERGY INC.,0.0,24.77731928571428
2026-02,CRUDE_OIL,ARAL RESOURCES LTD.,0.0,33.672893571428574
2026-02,CRUDE_OIL,ARC RESOURCES LTD.,0.0,7983.306186428571
2026-02,CRUDE_OIL,ARCHER EXPLORATION CORP.,0.0,7327.3923642857135
2026-02,CRUDE_OIL,ARTIS EXPLORATION LTD.,0.0,9470.282297142856
2026-02,CRUDE_OIL,ASCENSUN OIL AND GAS LTD.,0.0,74.64644785714285
2026-02,CRUDE_OIL,ASPENLEAF ENERGY LIMITED,0.0,16158.114319285713
2026-02,CRUDE_OIL,ASTARA ENERGY CORP.,0.0,4050.563809285714
2026-02,CRUDE_OIL,ATCO NEXT ENERGY LTD.,0.0,49.82420142857143
2026-02,CRUDE_OIL,ATHABASCA OIL CORPORATION,0.0,57.30457071428572
2026-02,CRUDE_OIL,AXIOM OIL AND GAS INC.,0.0,717.1270542857143
2026-02,CRUDE_OIL,B-32 EXPLORATION LTD.,0.0,127.48076785714285
2026-02,CRUDE_OIL,BACCALIEU ENERGY INC.,0.0,2003.5933264285713
2026-02,CRUDE_OIL,BAND ENERGY RESOURCES LTD.,0.0,3.369535714285714
2026-02,CRUDE_OIL,BARCOMP PETROLEUM LTD.,0.0,86.68692214285714
2026-02,CRUDE_OIL,"BARNWELL OF CANADA, LIMITED",0.0,395.3363935714285
2026-02,CRUDE_OIL,BARREL OIL CORP.,0.0,2494.9614878571424
2026-02,CRUDE_OIL,BATTLE RIVER ENERGY LTD.,0.0,841.5977035714285
2026-02,CRUDE_OIL,BAY OIL AND GAS LTD.,0.0,88.57386214285714
2026-02,CRUDE_OIL,BAYTEX ENERGY LTD.,0.0,5471.789046428571
2026-02,CRUDE_OIL,BDJ ENERGY INC.,0.0,32.05551642857142
2026-02,CRUDE_OIL,BEARSPAW PETROLEUM LTD.,0.0,544.8314614285714
2026-02,CRUDE_OIL,BENCH CREEK RESOURCES LTD.,0.0,33.20115857142857
2026-02,CRUDE_OIL,BIGHORN ENERGY CORPORATION,0.0,129.99668785714286
2026-02,CRUDE_OIL,BIRCHCLIFF ENERGY LTD.,0.0,1306.6610228571428
2026-02,CRUDE_OIL,BITSTONE RESOURCES INC.,0.0,72.75950785714285
2026-02,CRUDE_OIL,BLUE SKY RESOURCES LTD.,0.0,85.1369357142857
2026-02,CRUDE_OIL,BLUE STAR ENERGY INC.,0.0,22.530962142857142
2026-02,CRUDE_OIL,BONTERRA ENERGY CORP.,0.0,5598.753152142856
2026-02,CRUDE_OIL,BORNITE ENERGY LTD.,0.0,6.806462142857143
2026-02,CRUDE_OIL,BORRADAILE OIL LTD.,0.0,17.701294285714287
2026-02,CRUDE_OIL,BOUNTY DEVELOPMENTS LTD.,0.0,28.05700071428571
2026-02,CRUDE_OIL,"BRIGHTSPOT INTERNATIONAL ENERGY (CANADA) CO., LTD.",0.0,237.55226785714285
2026-02,CRUDE_OIL,BROTHERIN ENERGY LTD.,0.0,85.02461785714286
2026-02,CRUDE_OIL,BRW PETROLEUM CORP.,0.0,277.69467
2026-02,CRUDE_OIL,BTG ENERGY CORP.,0.0,1552.0755407142856
2026-02,CRUDE_OIL,C GROUP ENERGY INC.,0.0,134.73650142857142
2026-02,CRUDE_OIL,CABOT ENERGY INC.,0.0,195.02872714285712
2026-02,CRUDE_OIL,CALEDONIAN MIDSTREAM CORPORATION,0.0,258.19629000000003
2026-02,CRUDE_OIL,CALTEX TRILOGY INC.,0.0,144.59800928571428
2026-02,CRUDE_OIL,CANADIAN NATURAL RESOURCES LIMITED,0.0,77064.33683142856
2026-02,CRUDE_OIL,CANLIN RESOURCES PARTNERSHIP,0.0,661.6195692857142
2026-02,CRUDE_OIL,CANUCK NORTH RESOURCES LTD.,0.0,20.846194285714287
2026-02,CRUDE_OIL,CAPITAN INVESTMENT LTD.,0.0,4.941985714285714
2026-02,CRUDE_OIL,CARDINAL ENERGY LTD.,0.0,13383.099486428571
2026-02,CRUDE_OIL,CENOVUS ENERGY INC.,0.0,14341.148344285713
2026-02,CRUDE_OIL,CENTENNIAL PETROLEUM COMPANY LTD.,0.0,0.9659335714285714
2026-02,CRUDE_OIL,CLAMPETT ENERGY LTD.,0.0,46.656837857142854
2026-02,CRUDE_OIL,CLEAR NORTH ENERGY CORP.,0.0,4.4028599999999996
2026-02,CRUDE_OIL,COASTAL RESOURCES LIMITED,0.0,87.09126642857142
2026-02,CRUDE_OIL,COBALT ENERGY INC.,0.0,331.33767857142857
2026-02,CRUDE_OIL,CONIFER ENERGY INC.,0.0,5452.987037142857
2026-02,CRUDE_OIL,CORSE ENERGY CORP.,0.0,1.4601321428571428
2026-02,CRUDE_OIL,COURSER ENERGY LTD.,0.0,141.96977142857142
2026-02,CRUDE_OIL,COVEE ENERGY CORPORATION,0.0,41.782242857142855
2026-02,CRUDE_OIL,CREST JINN PETROLEUM CORPORATION,0.0,20.868657857142857
2026-02,CRUDE_OIL,CROVERRO ENERGY LTD.,0.0,226.4103364285714
2026-02,CRUDE_OIL,CYGNET ENERGY LTD.,0.0,350.38678714285714
2026-02,CRUDE_OIL,DARK ENERGY LTD.,0.0,41.28804428571428
2026-02,CRUDE_OIL,DARK WARRIOR RESOURCES LTD.,0.0,117.59679642857141
2026-02,CRUDE_OIL,DECCAN ENERGY LTD.,0.0,72.01820999999998
2026-02,CRUDE_OIL,DECIMUS OIL CORP.,0.0,51.32926071428571
2026-02,CRUDE_OIL,DECKLAND INC.,0.0,25.60847142857143
2026-02,CRUDE_OIL,DEL CANADA GP LTD.,0.0,398.301585
2026-02,CRUDE_OIL,DELTAWEST ENERGY LTD.,0.0,132.04087285714283
2026-02,CRUDE_OIL,DERRICK PETROLEUM LTD.,0.0,5.638356428571428
2026-02,CRUDE_OIL,DIRE RESOURCES LTD.,0.0,21.452710714285715
2026-02,CRUDE_OIL,DOAG ENERGY LTD.,0.0,83.83404857142857
2026-02,CRUDE_OIL,DURHAM CREEK ENERGY LTD.,0.0,33.67289357142857
2026-02,CRUDE_OIL,DWL RESOURCES LTD.,0.0,86.75431285714285
2026-02,CRUDE_OIL,EAGLE ENERGY INC.,0.0,906.7645242857143
2026-02,CRUDE_OIL,ECLIPSE RESOURCES LTD.,0.0,607.5048257142856
2026-02,CRUDE_OIL,ECOCHAIN ENERGY LTD.,0.0,20.059969285714285
2026-02,CRUDE_OIL,EDALIS ENERGY INC.,0.0,18.59983714285714
2026-02,CRUDE_OIL,EMBER RESOURCES INC.,0.0,121.70763000000001
2026-02,CRUDE_OIL,ENDRUM ENERGY CORP.,0.0,29.157715714285715
2026-02,CRUDE_OIL,ENER T CORPORATION,0.0,1.7970857142857142
2026-02,CRUDE_OIL,ENERCAPITA ENERGY LTD.,0.0,2872.327024285714
2026-02,CRUDE_OIL,ENHANCE ENERGY INC.,0.0,2135.4544907142854
2026-02,CRUDE_OIL,ENTRADA RESOURCES INC.,0.0,1057.7421878571429
2026-02,CRUDE_OIL,EP RESOURCES CORPORATION,0.0,415.5536078571428
2026-02,CRUDE_OIL,ERDOL RESOURCES CORP.,0.0,141.96977142857142
2026-02,CRUDE_OIL,EXECUTIVE ADVENTURES 2008 INC.,0.0,80.666685
2026-02,CRUDE_OIL,FIDDLEHEAD RESOURCES CORP.,0.0,22.66574357142857
2026-02,CRUDE_OIL,FIRE CREEK RESOURCES LTD.,0.0,255.5006614285714
2026-02,CRUDE_OIL,FIVE POINT ENERGY INC.,0.0,20.958512142857142
2026-02,CRUDE_OIL,FLYWHEEL RESOURCES CORP.,0.0,215.15608714285713
2026-02,CRUDE_OIL,FORT CALGARY RESOURCES LTD.,0.0,20.01504214285714
2026-02,CRUDE_OIL,G. HERMAN GROUP INC.,0.0,34.077237857142855
2026-02,CRUDE_OIL,GLOBAL CANUCK ENERGY LTD.,0.0,2.2463571428571427
2026-02,CRUDE_OIL,GMT EXPLORATION ZAMA INC.,0.0,871.0923728571428
2026-02,CRUDE_OIL,GOLDEN SPIKE ENERGY INC.,0.0,2.1340392857142856
2026-02,CRUDE_OIL,GOOSE CREEK RESOURCES LTD.,0.0,125.72860928571428
2026-02,CRUDE_OIL,GRAN TIERRA CANADA LTD.,0.0,2360.6293307142855
2026-02,CRUDE_OIL,GRASSLAND ENERGY CORP.,0.0,868.1271814285714
2026-02,CRUDE_OIL,GREEN DAWG ENERGY INC.,0.0,1.7970857142857142
2026-02,CRUDE_OIL,GRIZZLY RESOURCES LTD.,0.0,1653.8804464285713
2026-02,CRUDE_OIL,GRYPHON PETROLEUM CORP.,0.0,1.2804235714285714
2026-02,CRUDE_OIL,GUNNARR RESOURCES INC.,0.0,11.411494285714285
2026-02,CRUDE_OIL,HALO EXPLORATION LTD.,0.0,149.27043214285715
2026-02,CRUDE_OIL,HARD ROCK RESOURCES LTD.,0.0,37.80619071428571
2026-02,CRUDE_OIL,HARVARD RESOURCES INC.,0.0,69.74938928571427
2026-02,CRUDE_OIL,HARVEST ENERGY CORPORATION,0.0,4.560105
2026-02,CRUDE_OIL,HARVEST OPERATIONS CORP.,0.0,1144.1370835714285
2026-02,CRUDE_OIL,HBC ENERGY LTD.,0.0,2.403602142857143
2026-02,CRUDE_OIL,HEADWATER EXPLORATION INC.,0.0,467.82633857142855
2026-02,CRUDE_OIL,HEMISPHERE ENERGY CORPORATION,0.0,3752.6069978571427
2026-02,CRUDE_OIL,HESC ENERGY CORPORATION,0.0,112.430175
2026-02,CRUDE_OIL,HIGHVALE ENERGY LIMITED,0.0,346.83754285714286
2026-02,CRUDE_OIL,HIGHWOOD ASSET MANAGEMENT LTD.,0.0,2973.7500492857143
2026-02,CRUDE_OIL,HITIC ENERGY LTD.,0.0,2096.9294657142855
2026-02,CRUDE_OIL,HWN ENERGY LTD.,0.0,9413.876269285714
2026-02,CRUDE_OIL,HYDRO VAULT ENERGY LTD.,0.0,45.39887785714286
2026-02,CRUDE_OIL,INDRA OIL & GAS LTD.,0.0,15.679572857142857
2026-02,CRUDE_OIL,INPLAY OIL CORP.,0.0,8783.121647142856
2026-02,CRUDE_OIL,INSCH COMMODITY LTD.,0.0,8.738329285714286
2026-02,CRUDE_OIL,INSIGNIA ENERGY LTD.,0.0,845.9556364285714
2026-02,CRUDE_OIL,INTEGRITY OIL OPERATIONS LTD.,0.0,5.795601428571429
2026-02,CRUDE_OIL,IPC CANADA LTD.,0.0,10656.269014285714
2026-02,CRUDE_OIL,ISH ENERGY LTD.,0.0,838.5426578571428
2026-02,CRUDE_OIL,JAST ENERGY LTD.,0.0,30.572920714285715
2026-02,CRUDE_OIL,JOLI FOU PETROLEUMS LTD.,0.0,15.477400714285714
2026-02,CRUDE_OIL,JOURNEY ENERGY INC.,0.0,5104.8915342857135
2026-02,CRUDE_OIL,JX ENERGY LTD.,0.0,42.65832214285714
2026-02,CRUDE_OIL,KARVE ENERGY INC.,0.0,8107.035537857142
2026-02,CRUDE_OIL,KELT EXPLORATION LTD.,0.0,5576.087408571429
2026-02,CRUDE_OIL,KEYERA ENERGY LTD.,0.0,2.066648571428571
2026-02,CRUDE_OIL,KINMERC OIL & GAS INC.,0.0,257.7919457142857
2026-02,CRUDE_OIL,KIWETINOHK ENERGY CORP.,0.0,171.3071957142857
2026-02,CRUDE_OIL,KOHO ENERGY CORP.,0.0,2.673165
2026-02,CRUDE_OIL,LEDGEND ROYALTY TRUST LTD.,0.0,18.824472857142858
2026-02,CRUDE_OIL,LOGAN ENERGY CORP.,0.0,4023.2256428571427
2026-02,CRUDE_OIL,LOGIC ENERGY LTD.,0.0,143.60961214285715
2026-02,CRUDE_OIL,LONE TREE RESOURCES INC.,0.0,7.5702235714285715
2026-02,CRUDE_OIL,LONG RUN EXPLORATION LTD.,0.0,158.95223142857142
2026-02,CRUDE_OIL,LONG TERM ASSET MANAGEMENT INC.,0.0,19.633161428571427
2026-02,CRUDE_OIL,LONGRIDGE ENERGY LTD.,0.0,103.93894499999999
2026-02,CRUDE_OIL,LONGSHORE RESOURCES LTD.,0.0,2413.4187235714285
2026-02,CRUDE_OIL,LOTUS CREEK EXPLORATION INC.,0.0,1680.0729707142855
2026-02,CRUDE_OIL,LOYAL ENERGY (CANADA) OPERATING LTD.,0.0,926.0607321428571
2026-02,CRUDE_OIL,LUCKY STRIKE RESOURCES LTD.,0.0,130.71552214285714
2026-02,CRUDE_OIL,LUXUR RESOURCES INC.,0.0,6.604290000000001
2026-02,CRUDE_OIL,LYCOS ENERGY INC.,0.0,1645.2768985714285
2026-02,CRUDE_OIL,LYNX ENERGY ULC,0.0,1428.09909
2026-02,CRUDE_OIL,MAGA ENERGY LTD.,0.0,80.39712214285714
2026-02,CRUDE_OIL,MANCAL ENERGY INC.,0.0,2491.0752899999998
2026-02,CRUDE_OIL,MARLIN RESOURCES LTD.,0.0,149.7870942857143
2026-02,CRUDE_OIL,MARS ENERGY RESOURCES MANAGEMENT LTD.,0.0,161.82756857142857
2026-02,CRUDE_OIL,MATO INC.,0.0,3.9086614285714285
2026-02,CRUDE_OIL,MORNING STAR PETROLEUM INCORPORATED,0.0,5.009376428571429
2026-02,CRUDE_OIL,MUDDY PETROLEUM COMPANY LTD.,0.0,2.6282378571428566
2026-02,CRUDE_OIL,MURPHY OIL COMPANY LTD.,0.0,1833.2520642857141
2026-02,CRUDE_OIL,N7 ENERGY LTD.,0.0,280.2555171428571
2026-02,CRUDE_OIL,NEW NORTH RESOURCES LTD.,0.0,17.364340714285714
2026-02,CRUDE_OIL,NEW TIMES ENERGY CANADA GP 2 LTD.,0.0,31.201900714285713
2026-02,CRUDE_OIL,NEW WEST DATA ACQUISITION CORP.,0.0,214.3923257142857
2026-02,CRUDE_OIL,NEW WEST DATA CORP.,0.0,57.506742857142854
2026-02,CRUDE_OIL,NORTH 40 RESOURCES LTD.,0.0,2950.0509814285715
2026-02,CRUDE_OIL,NORTH FORK RESOURCES LTD.,0.0,220.86183428571428
2026-02,CRUDE_OIL,NORTHROCK RESOURCES PARTNERSHIP LTD.,0.0,67.30085999999999
2026-02,CRUDE_OIL,NOVUS ENERGY INC.,0.0,36.772866428571426
2026-02,CRUDE_OIL,NUOVA STRADA VENTURES LTD.,0.0,83.182605
2026-02,CRUDE_OIL,NVP EXPLORATION INC.,0.0,9.569481428571427
2026-02,CRUDE_OIL,NVS ENGINEERING INC.,0.0,15.589718571428572
2026-02,CRUDE_OIL,OBSIDIAN ENERGY LTD.,0.0,5061.446987142857
2026-02,CRUDE_OIL,OHANA RESOURCES INC.,0.0,164.43334285714286
2026-02,CRUDE_OIL,ORGA ENERGY LTD.,0.0,280.7497157142857
2026-02,CRUDE_OIL,ORLEN UPSTREAM CANADA LTD.,0.0,709.7590028571428
2026-02,CRUDE_OIL,OUTLIER RESOURCES LTD.,0.0,267.81069857142853
2026-02,CRUDE_OIL,OUTPOST ENERGY LTD.,0.0,13.635387857142856
2026-02,CRUDE_OIL,OVINTIV CANADA ULC,0.0,318.0167807142857
2026-02,CRUDE_OIL,PARAGON ENERGY LTD.,0.0,9.12021
2026-02,CRUDE_OIL,PARALLAX ENERGY OPERATING INC.,0.0,15182.341703571428
2026-02,CRUDE_OIL,PARAMOUNT RESOURCES LTD.,0.0,1256.859285
2026-02,CRUDE_OIL,PENTACOR ENERGY CORP.,0.0,116.13666428571429
2026-02,CRUDE_OIL,PERSIST OIL AND GAS INC.,0.0,1395.1001035714285
2026-02,CRUDE_OIL,PERTHRO (CANADA) INC.,0.0,62.31394714285714
2026-02,CRUDE_OIL,PETRUS RESOURCES CORP.,0.0,897.5769235714286
2026-02,CRUDE_OIL,PEYTO EXPLORATION & DEVELOPMENT CORP.,0.0,16.173771428571428
2026-02,CRUDE_OIL,PINE CLIFF ENERGY LTD.,0.0,987.1616464285714
2026-02,CRUDE_OIL,PLATFORM ENERGY INC.,0.0,13.478142857142856
2026-02,CRUDE_OIL,POINT BAR RESOURCES INC.,0.0,782.0467757142857
2026-02,CRUDE_OIL,POINTBREAK RESOURCES INC.,0.0,1124.773485
2026-02,CRUDE_OIL,POKER CHIP EXPLORATION LTD.,0.0,20.23967785714286
2026-02,CRUDE_OIL,POTTS PETROLEUM INC.,0.0,198.35333571428572
2026-02,CRUDE_OIL,PRAIRIE PROVIDENT RESOURCES CANADA LTD.,0.0,1258.90347
2026-02,CRUDE_OIL,PRAIRIE THUNDER RESOURCES LTD.,0.0,5417.561984999999
2026-02,CRUDE_OIL,PRIMROSE DRILLING VENTURES LTD.,0.0,19.925187857142856
2026-02,CRUDE_OIL,PRONGHORN RESOURCES LTD.,0.0,13.612924285714286
2026-02,CRUDE_OIL,PROSPERA ENERGY INC.,0.0,19.54330714285714
2026-02,CRUDE_OIL,PULSE OIL OPERATING CORP.,0.0,130.04161499999998
2026-02,CRUDE_OIL,QUESTERRE ENERGY CORPORATION,0.0,3.5267807142857137
2026-02,CRUDE_OIL,RAKE RESOURCES LTD,0.0,13.927414285714285
2026-02,CRUDE_OIL,RALLY CANADA RESOURCES LTD.,0.0,400.7051871428571
2026-02,CRUDE_OIL,RAMPART OIL INC.,0.0,435.61357714285714
2026-02,CRUDE_OIL,RANAHAN RESOURCES LIMITED,0.0,1286.3539542857143
2026-02,CRUDE_OIL,RED ANGUS ENERGY INC.,0.0,104.56792499999999
2026-02,CRUDE_OIL,RED JACK PETROLEUM LTD.,0.0,6.9637071428571415
2026-02,CRUDE_OIL,RELENTLESS RESOURCES LTD.,0.0,32.617105714285714
2026-02,CRUDE_OIL,RESISTANCE ENERGY LTD.,0.0,6.896316428571429
2026-02,CRUDE_OIL,RESONANCE ENERGY LTD.,0.0,2.560847142857143
2026-02,CRUDE_OIL,RESOURCEFUL PETROLEUM CANADA LIMITED,0.0,31.943198571428564
2026-02,CRUDE_OIL,RESPONSE ENERGY CORPORATION,0.0,603.9555814285713
2026-02,CRUDE_OIL,REVOLUTION OIL & GAS CORPORATION,0.0,420.89993785714285
2026-02,CRUDE_OIL,REX ENERGY LTD.,0.0,10.647732857142856
2026-02,CRUDE_OIL,RIBBON CREEK RESOURCES INC.,0.0,39.49095857142857
2026-02,CRUDE_OIL,RICOCHET OIL CORP.,0.0,9948.86868642857
2026-02,CRUDE_OIL,RIDGELINE EXPLORATION INC.,0.0,62.69582785714285
2026-02,CRUDE_OIL,RIMFIRE ENERGY INC.,0.0,9.524554285714284
2026-02,CRUDE_OIL,RISING TIDE ENERGY LTD.,0.0,40.546746428571424
2026-02,CRUDE_OIL,ROCKEAST ENERGY CORP.,0.0,786.0902185714285
2026-02,CRUDE_OIL,ROK RESOURCES INC.,0.0,118.65258428571427
2026-02,CRUDE_OIL,RTD ENERGY INC.,0.0,4.8970585714285715
2026-02,CRUDE_OIL,RUBELLITE ENERGY INC.,0.0,5380.7217278571425
2026-02,CRUDE_OIL,RURALCO RESOURCES CORP.,0.0,14.129586428571427
2026-02,CRUDE_OIL,RUSH RESOURCES LTD.,0.0,169.68981857142856
2026-02,CRUDE_OIL,SAND HILLS DIV CORP LTD.,0.0,248.7391264285714
2026-02,CRUDE_OIL,SANDPOINT RESOURCES INC.,0.0,25.114272857142858
2026-02,CRUDE_OIL,SATURN OIL & GAS INC.,0.0,4856.399507142857
2026-02,CRUDE_OIL,SHACKLETON EXPLORATION LTD.,0.0,565.3182385714285
2026-02,CRUDE_OIL,SHANPET RESOURCES LTD.,0.0,4.560105
2026-02,CRUDE_OIL,SHARPTAIL ENERGY INC.,0.0,666.5840185714285
2026-02,CRUDE_OIL,SHOT POINT RESOURCES LTD.,0.0,55.507484999999996
2026-02,CRUDE_OIL,SIFTON PETROLEUM INC.,0.0,1003.1332457142856
2026-02,CRUDE_OIL,SIGNALTA RESOURCES LIMITED,0.0,158.43556928571428
2026-02,CRUDE_OIL,SILVERLEAF RESOURCES INC.,0.0,58.966875
2026-02,CRUDE_OIL,SINOPEC CANADA ENERGY LTD.,0.0,1946.7155635714284
2026-02,CRUDE_OIL,SOGAR RESOURCES LTD.,0.0,8.940501428571428
2026-02,CRUDE_OIL,SPARK INFRASTRUCTURE CORP.,0.0,13.725242142857141
2026-02,CRUDE_OIL,SPARTAN DELTA CORP.,0.0,7394.199025714285
2026-02,CRUDE_OIL,SPOKE RESOURCES LTD.,0.0,1872.9451949999998
2026-02,CRUDE_OIL,SPUR PETROLEUM LTD.,0.0,35231.30383928571
2026-02,CRUDE_OIL,STRATHCONA RESOURCES LTD.,0.0,3594.508382142857
2026-02,CRUDE_OIL,SUCCESS RESOURCES LTD.,0.0,28.3041
2026-02,CRUDE_OIL,SUEDE ENERGY LTD.,0.0,2714.4305807142855
2026-02,CRUDE_OIL,SUMERIAN OIL & GAS INC.,0.0,106.63457357142858
2026-02,CRUDE_OIL,SUN CENTURY PETROLEUM CORPORATION,0.0,51.75606857142857
2026-02,CRUDE_OIL,SUPREME ENERGY INC.,0.0,103.80416357142857
2026-02,CRUDE_OIL,SURGE ENERGY INC.,0.0,14092.004873571428
2026-02,CRUDE_OIL,SUTTON ENERGY LTD.,0.0,3.8412707142857143
2026-02,CRUDE_OIL,TAGGART OIL CORP.,0.0,49.59956571428571
2026-02,CRUDE_OIL,TAKU GAS LIMITED,0.0,12.961480714285713
2026-02,CRUDE_OIL,TAMARACK VALLEY ENERGY LTD.,0.0,40738.630255714284
2026-02,CRUDE_OIL,TAQA NORTH LTD.,0.0,4804.239094285714
2026-02,CRUDE_OIL,TEINE ENERGY LTD.,0.0,11974.835729999999
2026-02,CRUDE_OIL,TENAZ ENERGY CORP.,0.0,1149.46095
2026-02,CRUDE_OIL,TEXCAL ENERGY CANADA INC.,0.0,636.6176142857142
2026-02,CRUDE_OIL,THOROUGHBRED ENERGY LTD.,0.0,65.03203928571429
2026-02,CRUDE_OIL,TIDEWATER MIDSTREAM AND INFRASTRUCTURE LTD.,0.0,114.49682357142856
2026-02,CRUDE_OIL,TOP OIL PRODUCTION LTD.,0.0,256.2868864285714
2026-02,CRUDE_OIL,TOURMALINE OIL CORP.,0.0,1070.9283042857144
2026-02,CRUDE_OIL,TOWER RIDGE ENTERPRISES CORP.,0.0,4.268078571428571
2026-02,CRUDE_OIL,TRANSACTION OIL & GAS VENTURES INC.,0.0,33.897529285714285
2026-02,CRUDE_OIL,TRIPLE 555 OIL COMPANY LTD.,0.0,20.374459285714284
2026-02,CRUDE_OIL,TUKTU RESOURCES LTD.,0.0,152.21316
2026-02,CRUDE_OIL,TUSCANY PETROLEUM LTD.,0.0,28.843225714285715
2026-02,CRUDE_OIL,TYKEWEST LIMITED,0.0,117.82143214285712
2026-02,CRUDE_OIL,ULYSSES ENERGY CORP.,0.0,839.7781542857142
2026-02,CRUDE_OIL,UNIT 18 CORP.,0.0,187.25633142857143
2026-02,CRUDE_OIL,"VAALCO ENERGY CANADA, INC.",0.0,600.5860457142857
2026-02,CRUDE_OIL,VANRENA RESOURCES LTD.,0.0,3.45939
2026-02,CRUDE_OIL,VANTAGE POINT RESOURCES INC.,0.0,921.5006271428571
2026-02,CRUDE_OIL,VERMILION ENERGY INC.,0.0,2957.4864235714285
2026-02,CRUDE_OIL,VITAL ENERGY INC.,0.0,417.5304021428571
2026-02,CRUDE_OIL,VULTURE ENERGY LTD.,0.0,27.85482857142857
2026-02,CRUDE_OIL,WASP ENTERPRIZES LTD.,0.0,92.99918571428572
2026-02,CRUDE_OIL,WESCAN ENERGY CORP.,0.0,184.3585307142857
2026-02,CRUDE_OIL,WEST 5 RESOURCES INC.,0.0,84.73259142857142
2026-02,CRUDE_OIL,WEST LAKE ENERGY CORP.,0.0,6822.411278571428
2026-02,CRUDE_OIL,WESTGATE ENERGY OPERATIONS LTD.,0.0,126.71700642857141
2026-02,CRUDE_OIL,WHITE TUNDRA PETROLEUM LTD.,0.0,13.747705714285713
2026-02,CRUDE_OIL,WHITECAP PARTNERSHIP,0.0,40758.78007928571
2026-02,CRUDE_OIL,WHITECAP RESOURCES INC.,0.0,18576.699664285712
2026-02,CRUDE_OIL,WHITEMUD CREEK RESOURCES LTD.,0.0,17.656367142857142
2026-02,CRUDE_OIL,WILCOX ENERGY CORP.,0.0,16.825215
2026-02,CRUDE_OIL,WILDCAT RENTALS LTD.,0.0,12.107865
2026-02,CRUDE_OIL,WOLF LAKE EXPLORATION LTD.,0.0,355.75558071428566
2026-02,CRUDE_OIL,WOODCOTE INC.,0.0,737.5689042857142
2026-02,CRUDE_OIL,WOODSMAN ENERGY CORP.,0.0,299.551725
2026-02,CRUDE_OIL,XENOTIME ENERGY INC.,0.0,5.5934292857142855
2026-02,CRUDE_OIL,YANGARRA RESOURCES CORP.,0.0,1602.9779935714284
2026-02,CRUDE_OIL,ZNX ENERGY LTD.,0.0,14.444076428571426
2026-02,CRUDE_OIL,ZYZYGY RESOURCES LTD.,0.0,50.47564499999999
2026-02,GAS,1170778 ALBERTA LTD.,0.0022702307142857146,0.0
2026-02,GAS,1288131 ALBERTA LTD.,0.04338663142857144,0.0
2026-02,GAS,1506928 ALBERTA LTD.,0.0022702307142857146,0.0
2026-02,GAS,1852797 ALBERTA ULC,0.009837666428571428,0.0
2026-02,GAS,2155192 ALBERTA LTD.,0.0983766642857143,0.0
2026-02,GAS,2363750 ALBERTA LTD.,0.12347532607142858,0.0
2026-02,GAS,501 ENERGY CORP.,0.08879124571428572,0.0
2026-02,GAS,840586 ALBERTA LTD.,1.767752982857143,0.0
2026-02,GAS,97837 RESOURCES LTD.,0.026107653214285716,0.0
2026-02,GAS,979968 ALBERTA LTD.,0.10783595892857144,0.0
2026-02,GAS,ACQUISITION OIL CORP.,0.3622279228571429,0.0
2026-02,GAS,ADANAC OIL & GAS LIMITED,0.03632369142857144,0.0
2026-02,GAS,ADVANTAGE ENERGY LTD.,449.3008561685715,0.0
2026-02,GAS,AENEID EXPLORATION INC.,0.03392733678571429,0.0
2026-02,GAS,AERADEN ENERGY CORP.,0.032666097500000005,0.0
2026-02,GAS,ALBERTA PETROLEUM ENERGY LIMITED,0.0114772775,0.0
2026-02,GAS,ALCHEMY ENERGY LTD,0.6882582782142858,0.0
2026-02,GAS,ALEXANDER OILFIELD SERVICES LTD.,0.06243134464285715,0.0
2026-02,GAS,ALLIED ENERGY II CORP.,3.9455348575000007,0.0
2026-02,GAS,ALSACE ENERGY CORP.,0.0022702307142857146,0.0
2026-02,GAS,ALTAGAS LTD.,67.02755284785715,0.0
2026-02,GAS,ALTAIR ENERGY LTD.,1.0086130567857143,0.0
2026-02,GAS,ALTIMA RESOURCES LTD.,0.0591521225,0.0
2026-02,GAS,APAR ENERGY INC.,0.005297205000000001,0.0
2026-02,GAS,APL OIL & GAS (1998) LTD.,0.21983400750000004,0.0
2026-02,GAS,ARAL RESOURCES LTD.,0.027999512142857143,0.0
2026-02,GAS,ARC RESOURCES LTD.,755.2356337385716,0.0
2026-02,GAS,ARCHER EXPLORATION CORP.,40.190146582857146,0.0
2026-02,GAS,ARROW EXPLORATION CORP.,0.6840961885714286,0.0
2026-02,GAS,ARTIS EXPLORATION LTD.,14.378001733214289,0.0
2026-02,GAS,ASCENSUN OIL AND GAS LTD.,0.057638635357142864,0.0
2026-02,GAS,ASPENLEAF ENERGY LIMITED,38.025986092500005,0.0
2026-02,GAS,ASTARA ENERGY CORP.,12.570015217142858,0.0
2026-02,GAS,ATCO NEXT ENERGY LTD.,290.9148050403572,0.0
2026-02,GAS,ATHABASCA OIL CORPORATION,6.9944547067857155,0.0
2026-02,GAS,AVILA ENERGY CORPORATION,0.38972293928571433,0.0
2026-02,GAS,AXIOM OIL AND GAS INC.,3.9481834600000005,0.0
2026-02,GAS,AYIK ENERGY CORP.,0.35857032892857144,0.0
2026-02,GAS,B-32 EXPLORATION LTD.,0.0485577125,0.0
2026-02,GAS,BACCALIEU ENERGY INC.,17.561495814285717,0.0
2026-02,GAS,BAND ENERGY RESOURCES LTD.,0.0005044957142857143,0.0
2026-02,GAS,BARCOMP PETROLEUM LTD.,0.003026974285714286,0.0
2026-02,GAS,"BARNWELL OF CANADA, LIMITED",2.0809186975000005,0.0
2026-02,GAS,BARREL OIL CORP.,38.929159545000005,0.0
2026-02,GAS,BATTLE RIVER ENERGY LTD.,4.190215278928572,0.0
2026-02,GAS,BAY OIL AND GAS LTD.,0.20860897785714289,0.0
2026-02,GAS,BAYTEX ENERGY LTD.,83.47310414214287,0.0
2026-02,GAS,BDJ ENERGY INC.,0.0874038825,0.0
2026-02,GAS,BEAR HILLS INDUSTRIES LTD.,0.26221164750000003,0.0
2026-02,GAS,BEARSPAW PETROLEUM LTD.,7.585597560000001,0.0
2026-02,GAS,BENCH CREEK RESOURCES LTD.,0.7292485550000001,0.0
2026-02,GAS,BENKOIL RESOURCES LIMITED,0.048683836428571436,0.0
2026-02,GAS,BIGHORN ENERGY CORPORATION,5.882420028571429,0.0
2026-02,GAS,BIRCHCLIFF ENERGY LTD.,437.90038814107146,0.0
2026-02,GAS,BITSTONE RESOURCES INC.,0.3516335128571429,0.0
2026-02,GAS,BLUE SKY RESOURCES LTD.,0.010089914285714287,0.0
2026-02,GAS,BLUE STAR ENERGY INC.,0.07945807500000002,0.0
2026-02,GAS,BONTERRA ENERGY CORP.,49.579442445357145,0.0
2026-02,GAS,BORNITE ENERGY LTD.,2.898075630714286,0.0
2026-02,GAS,BORRADAILE OIL LTD.,0.38972293928571433,0.0
2026-02,GAS,BOUNTY DEVELOPMENTS LTD.,0.0030269742857142864,0.0
2026-02,GAS,"BRIGHTSPOT INTERNATIONAL ENERGY (CANADA) CO., LTD.",0.0586476267857143,0.0
2026-02,GAS,BROTHERIN ENERGY LTD.,0.3711827217857143,0.0
2026-02,GAS,BRW PETROLEUM CORP.,0.18918589285714288,0.0
2026-02,GAS,BTG ENERGY CORP.,26.604455368928576,0.0
2026-02,GAS,C GROUP ENERGY INC.,0.18250132464285718,0.0
2026-02,GAS,CABOT ENERGY INC.,0.2782293864285714,0.0
2026-02,GAS,CALEDONIAN MIDSTREAM CORPORATION,23.797062842857144,0.0
2026-02,GAS,CALTEX TRILOGY INC.,6.436608570714286,0.0
2026-02,GAS,CANADIAN NATURAL RESOURCES LIMITED,2231.2830145232147,0.0
2026-02,GAS,CANLIN RESOURCES PARTNERSHIP,202.8534385007143,0.0
2026-02,GAS,CANSTONE ENERGY LTD.,2.279185513214286,0.0
2026-02,GAS,CANUCK NORTH RESOURCES LTD.,0.03972903750000001,0.0
2026-02,GAS,CAPITAN INVESTMENT LTD.,0.00012612392857142858,0.0
2026-02,GAS,CARDINAL ENERGY LTD.,19.123162297857146,0.0
2026-02,GAS,CAVVY PRODUCTION LTD.,163.93247701107146,0.0
2026-02,GAS,CENOVUS ENERGY INC.,873.8290809067859,0.0
2026-02,GAS,CENTENNIAL PETROLEUM COMPANY LTD.,0.0515846867857143,0.0
2026-02,GAS,CHECK ENERGY LTD.,0.009333170714285716,0.0
2026-02,GAS,CLAMPETT ENERGY LTD.,0.9077139139285716,0.0
2026-02,GAS,CLEAR NORTH ENERGY CORP.,1.3770210521428572,0.0
2026-02,GAS,CNOOC PETROLEUM NORTH AMERICA ULC,4.610838580714287,0.0
2026-02,GAS,COASTAL RESOURCES LIMITED,0.19725782428571434,0.0
2026-02,GAS,COBALT ENERGY INC.,0.2841572110714286,0.0
2026-02,GAS,CONIFER ENERGY INC.,10.028113560714287,0.0
2026-02,GAS,CONNACHER OIL AND GAS LIMITED,10.024708214642859,0.0
2026-02,GAS,CONOCOPHILLIPS CANADA RESOURCES CORP.,8.863863576071429,0.0
2026-02,GAS,CONVEGA ENERGY LTD.,0.46211807428571433,0.0
2026-02,GAS,CORSE ENERGY CORP.,1.0221083171428573,0.0
2026-02,GAS,COURSER ENERGY LTD.,0.18237520071428573,0.0
2026-02,GAS,COVEE ENERGY CORPORATION,1.1150616525000001,0.0
2026-02,GAS,CREST JINN PETROLEUM CORPORATION,0.0022702307142857146,0.0
2026-02,GAS,CROVERRO ENERGY LTD.,0.13167338142857143,0.0
2026-02,GAS,CYGNET ENERGY LTD.,30.48226167678572,0.0
2026-02,GAS,DARK ENERGY LTD.,0.00807193142857143,0.0
2026-02,GAS,DARK WARRIOR RESOURCES LTD.,0.09434069857142857,0.0
2026-02,GAS,DAVIES LIVESTOCK CO. LTD.,0.009207046785714287,0.0
2026-02,GAS,DECCAN ENERGY LTD.,0.2112575803571429,0.0
2026-02,GAS,DECIMUS OIL CORP.,0.07340412642857143,0.0
2026-02,GAS,DECKLAND INC.,0.20469913607142862,0.0
2026-02,GAS,DEERGARDEN RESOURCES LTD.,0.041494772500000006,0.0
2026-02,GAS,DEL CANADA GP LTD.,3.7640425242857147,0.0
2026-02,GAS,DELTAWEST ENERGY LTD.,0.05776475928571429,0.0
2026-02,GAS,DERRICK PETROLEUM LTD.,0.024972537857142863,0.0
2026-02,GAS,DIRE RESOURCES LTD.,0.007819683571428572,0.0
2026-02,GAS,DOAG ENERGY LTD.,0.18578054678571432,0.0
2026-02,GAS,DURHAM CREEK ENERGY LTD.,0.06608893857142858,0.0
2026-02,GAS,DWL RESOURCES LTD.,0.1416371717857143,0.0
2026-02,GAS,EAGLE ENERGY INC.,0.4850726292857143,0.0
2026-02,GAS,ECLIPSE RESOURCES LTD.,0.4548028864285715,0.0
2026-02,GAS,ECOCHAIN ENERGY LTD.,0.012612392857142858,0.0
2026-02,GAS,EDALIS ENERGY INC.,0.07226901107142858,0.0
2026-02,GAS,EMBER RESOURCES INC.,222.33731523428574,0.0
2026-02,GAS,ENDRUM ENERGY CORP.,3.4873266250000006,0.0
2026-02,GAS,ENER T CORPORATION,0.01790959785714286,0.0
2026-02,GAS,ENERCAPITA ENERGY LTD.,11.172435964642858,0.0
2026-02,GAS,ENHANCE ENERGY INC.,18.691944586071433,0.0
2026-02,GAS,ENTRADA RESOURCES INC.,12.53129517107143,0.0
2026-02,GAS,EP RESOURCES CORPORATION,0.20154603785714287,0.0
2026-02,GAS,ERDOL RESOURCES CORP.,0.37547093535714293,0.0
2026-02,GAS,EVERGO RESOURCES LIMITED,0.020684324285714286,0.0
2026-02,GAS,EXECUTIVE ADVENTURES 2008 INC.,0.08172830571428573,0.0
2026-02,GAS,FABIAN SEED FARMS INC.,0.00630619642857143,0.0
2026-02,GAS,FIDDLEHEAD RESOURCES CORP.,5.499129409642858,0.0
2026-02,GAS,FIRE CREEK RESOURCES LTD.,0.1690060642857143,0.0
2026-02,GAS,FIVE POINT ENERGY INC.,0.2364823660714286,0.0
2026-02,GAS,FLYWHEEL RESOURCES CORP.,0.4830546464285715,0.0
2026-02,GAS,FORT CALGARY RESOURCES LTD.,0.05322429785714286,0.0
2026-02,GAS,G. HERMAN GROUP INC.,0.780707117857143,0.0
2026-02,GAS,G2B DEVELOPMENT CORPORATION,1.1837991935714287,0.0
2026-02,GAS,GEX RESOURCES LTD.,0.5274502692857144,0.0
2026-02,GAS,GMT EXPLORATION ZAMA INC.,0.8042922925000001,0.0
2026-02,GAS,GOLDEN SPIKE ENERGY INC.,0.0016396110714285718,0.0
2026-02,GAS,GOOSE CREEK RESOURCES LTD.,1.2268074532142859,0.0
2026-02,GAS,GRAN TIERRA CANADA LTD.,49.27018657250001,0.0
2026-02,GAS,GRASSLAND ENERGY CORP.,3.270015096071429,0.0
2026-02,GAS,GREENFIRE RESOURCES OPERATING CORPORATION,3.064559216428572,0.0
2026-02,GAS,GRIZZLY RESOURCES LTD.,0.08677326285714287,0.0
2026-02,GAS,GRYPHON PETROLEUM CORP.,0.15828553035714288,0.0
2026-02,GAS,GUNNARR RESOURCES INC.,0.026612148928571434,0.0
2026-02,GAS,HALO EXPLORATION LTD.,1.230969542857143,0.0
2026-02,GAS,HARD ROCK RESOURCES LTD.,0.8534806246428573,0.0
2026-02,GAS,HARVARD RESOURCES INC.,0.05675576785714287,0.0
2026-02,GAS,HARVEST ENERGY CORPORATION,0.0017657350000000003,0.0
2026-02,GAS,HARVEST OPERATIONS CORP.,32.82539202178572,0.0
2026-02,GAS,HBC ENERGY LTD.,0.00025224785714285717,0.0
2026-02,GAS,HEADWATER EXPLORATION INC.,13.19874300107143,0.0
2026-02,GAS,HEMISPHERE ENERGY CORPORATION,1.5447658771428574,0.0
2026-02,GAS,HESC ENERGY CORPORATION,0.3334716671428572,0.0
2026-02,GAS,HIGHVALE ENERGY LIMITED,5.1449734182142866,0.0
2026-02,GAS,HIGHWOOD ASSET MANAGEMENT LTD.,15.562431546428574,0.0
2026-02,GAS,HIS MAJESTY THE KING IN RIGHT OF CANADA AS REPRESENTED HEREIN BY THE MINISTER OF NATIONAL DEFENCE,0.5944220753571429,0.0
2026-02,GAS,HITIC ENERGY LTD.,2.937426296428572,0.0
2026-02,GAS,HWN ENERGY LTD.,84.07458915750001,0.0
2026-02,GAS,HYDRO VAULT ENERGY LTD.,0.08664713892857144,0.0
2026-02,GAS,IMPERIAL OIL RESOURCES LIMITED,41.12106729964286,0.0
2026-02,GAS,INDRA OIL & GAS LTD.,0.019296961071428573,0.0
2026-02,GAS,INPLAY OIL CORP.,51.36195192785715,0.0
2026-02,GAS,INSCH COMMODITY LTD.,0.10644859571428573,0.0
2026-02,GAS,INSIGNIA ENERGY LTD.,45.86446212928572,0.0
2026-02,GAS,INTEGRITY OIL OPERATIONS LTD.,0.0031530982142857146,0.0
2026-02,GAS,IPC CANADA LTD.,99.19028974892858,0.0
2026-02,GAS,ISH ENERGY LTD.,5.1466130292857155,0.0
2026-02,GAS,ISLANDER OIL & GAS INC.,0.2449326692857143,0.0
2026-02,GAS,JAST ENERGY LTD.,0.0037837178571428574,0.0
2026-02,GAS,JAYHAWK RESOURCES LTD.,1.3149680792857146,0.0
2026-02,GAS,JOLI FOU PETROLEUMS LTD.,0.003909841785714286,0.0
2026-02,GAS,JOURNEY ENERGY INC.,39.01114009857143,0.0
2026-02,GAS,JX ENERGY LTD.,8.098543577500001,0.0
2026-02,GAS,KAISER EXPLORATION LTD.,0.18325806821428575,0.0
2026-02,GAS,KARVE ENERGY INC.,19.124801908928575,0.0
2026-02,GAS,KELT EXPLORATION LTD.,176.70567787714288,0.0
2026-02,GAS,KEYERA ENERGY LTD.,0.1605557610714286,0.0
2026-02,GAS,KINMERC OIL & GAS INC.,0.1474388725,0.0
2026-02,GAS,KIWETINOHK ENERGY CORP.,137.7958152932143,0.0
2026-02,GAS,KOHO ENERGY CORP.,0.00037837178571428575,0.0
2026-02,GAS,LEDGEND ROYALTY TRUST LTD.,0.22841043464285715,0.0
2026-02,GAS,LINEUP RESOURCES CORP.,0.44294723714285716,0.0
2026-02,GAS,LOGAN ENERGY CORP.,63.18443062035715,0.0
2026-02,GAS,LOGIC ENERGY LTD.,0.5041173425000001,0.0
2026-02,GAS,LONE TREE RESOURCES INC.,0.8886692007142858,0.0
2026-02,GAS,LONG RUN EXPLORATION LTD.,0.5205134532142858,0.0
2026-02,GAS,LONG TERM ASSET MANAGEMENT INC.,18.123630163928574,0.0
2026-02,GAS,LONGRIDGE ENERGY LTD.,0.4867122403571429,0.0
2026-02,GAS,LONGSHORE RESOURCES LTD.,0.679177355357143,0.0
2026-02,GAS,LOTUS CREEK EXPLORATION INC.,5.373383852857144,0.0
2026-02,GAS,LOYAL ENERGY (CANADA) OPERATING LTD.,29.458639872500004,0.0
2026-02,GAS,LUCKY STRIKE RESOURCES LTD.,0.45164978821428575,0.0
2026-02,GAS,LYCOS ENERGY INC.,2.1115668121428572,0.0
2026-02,GAS,LYNX ENERGY ULC,94.4532011157143,0.0
2026-02,GAS,MAGA ENERGY LTD.,0.6900240132142857,0.0
2026-02,GAS,MAHIKAN OIL CORPORATION,0.029386875357142864,0.0
2026-02,GAS,MANCAL ENERGY INC.,48.109089686071435,0.0
2026-02,GAS,MARLIN RESOURCES LTD.,0.14125880000000002,0.0
2026-02,GAS,MARS ENERGY RESOURCES MANAGEMENT LTD.,0.23307702000000005,0.0
2026-02,GAS,MATO INC.,0.09358395500000002,0.0
2026-02,GAS,"MEDICINE HAT, CITY OF",10.028870304285716,0.0
2026-02,GAS,MORNING STAR PETROLEUM INCORPORATED,0.1261239285714286,0.0
2026-02,GAS,MUDDY PETROLEUM COMPANY LTD.,0.000630619642857143,0.0
2026-02,GAS,MURPHY OIL COMPANY LTD.,14.925631831071431,0.0
2026-02,GAS,N7 ENERGY LTD.,10.094202499285716,0.0
2026-02,GAS,NEW NORTH RESOURCES LTD.,2.2283575700000005,0.0
2026-02,GAS,NEW TIMES ENERGY CANADA GP 2 LTD.,1.2211318764285717,0.0
2026-02,GAS,NEW TIMES ENERGY CANADA GP 3 LTD.,2.443146620357143,0.0
2026-02,GAS,NEW WEST DATA ACQUISITION CORP.,3.798852728571429,0.0
2026-02,GAS,NEW WEST DATA CORP.,0.31657106071428576,0.0
2026-02,GAS,NORTH 40 RESOURCES LTD.,24.829765570000003,0.0
2026-02,GAS,NORTH FORK RESOURCES LTD.,0.22450059285714288,0.0
2026-02,GAS,NORTHRIVER MIDSTREAM INC.,0.18842914928571433,0.0
2026-02,GAS,NORTHROCK RESOURCES PARTNERSHIP LTD.,0.17833923500000004,0.0
2026-02,GAS,NORWEGIAN ENERGY INC.,1.0808820678571431,0.0
2026-02,GAS,NOVUS ENERGY INC.,0.19877131142857146,0.0
2026-02,GAS,NPS INDUSTRIAL POWER CORP.,1.3343911642857145,0.0
2026-02,GAS,NUOVA STRADA VENTURES LTD.,0.1711501710714286,0.0
2026-02,GAS,NVP EXPLORATION INC.,0.022576183214285717,0.0
2026-02,GAS,NVS ENGINEERING INC.,0.01614386285714286,0.0
2026-02,GAS,O'NEILL INDUSTRIES INTERNATIONAL-CANADA INC.,0.027747264285714286,0.0
2026-02,GAS,OBSIDIAN ENERGY LTD.,61.452370709285724,0.0
2026-02,GAS,OHANA RESOURCES INC.,0.06949428464285715,0.0
2026-02,GAS,OK RADIO GROUP LTD.,0.18451930750000003,0.0
2026-02,GAS,ORGA ENERGY LTD.,0.0020179828571428573,0.0
2026-02,GAS,ORLEN UPSTREAM CANADA LTD.,54.00260862035715,0.0
2026-02,GAS,OUTLIER RESOURCES LTD.,28.92059519321429,0.0
2026-02,GAS,OUTPOST ENERGY LTD.,0.9198218110714287,0.0
2026-02,GAS,OVINTIV CANADA ULC,1072.1300762057144,0.0
2026-02,GAS,PARAGON ENERGY LTD.,0.008576427142857144,0.0
2026-02,GAS,PARALLAX ENERGY OPERATING INC.,21.848448146428574,0.0
2026-02,GAS,PARAMOUNT RESOURCES LTD.,169.5878739682143,0.0
2026-02,GAS,PEMBINA GAS INFRASTRUCTURE INC.,0.054359413214285716,0.0
2026-02,GAS,PENTACOR ENERGY CORP.,0.01513487142857143,0.0
2026-02,GAS,PERSIST OIL AND GAS INC.,11.928927288214288,0.0
2026-02,GAS,PERTHRO (CANADA) INC.,0.14756499642857146,0.0
2026-02,GAS,PETROCHINA CANADA LTD.,0.715374922857143,0.0
2026-02,GAS,PETROCHINA DUVERNAY GAS PARTNERSHIP,74.2399497032143,0.0
2026-02,GAS,PETRUS RESOURCES CORP.,48.42982283642858,0.0
2026-02,GAS,PEYTO CANADA CORP.,15.73168985857143,0.0
2026-02,GAS,PEYTO EXPLORATION & DEVELOPMENT CORP.,826.8070533610716,0.0
2026-02,GAS,PINE CLIFF ENERGY LTD.,106.64673640607144,0.0
2026-02,GAS,PLATFORM ENERGY INC.,0.10758371107142858,0.0
2026-02,GAS,POINT BAR RESOURCES INC.,0.8759306839285715,0.0
2026-02,GAS,POINTBREAK RESOURCES INC.,3.5488751021428575,0.0
2026-02,GAS,POKER CHIP EXPLORATION LTD.,0.017657350000000002,0.0
2026-02,GAS,POTTS PETROLEUM INC.,0.3980471185714286,0.0
2026-02,GAS,PRAIRIE PROVIDENT RESOURCES CANADA LTD.,6.836799796071429,0.0
2026-02,GAS,PRAIRIE THUNDER RESOURCES LTD.,11.010745088214287,0.0
2026-02,GAS,PRIMROSE DRILLING VENTURES LTD.,0.004792709285714286,0.0
2026-02,GAS,PRONGHORN RESOURCES LTD.,0.06255746857142859,0.0
2026-02,GAS,PROSPERA ENERGY INC.,0.03392733678571429,0.0
2026-02,GAS,PULSE OIL OPERATING CORP.,0.11363765964285716,0.0
2026-02,GAS,QUESTERRE ENERGY CORPORATION,0.00025224785714285717,0.0
2026-02,GAS,RAKE RESOURCES LTD,0.0010089914285714287,0.0
2026-02,GAS,RALLY CANADA RESOURCES LTD.,0.2979047192857143,0.0
2026-02,GAS,RAMPART OIL INC.,0.23030229357142862,0.0
2026-02,GAS,RANAHAN RESOURCES LIMITED,7.370556261785715,0.0
2026-02,GAS,RED ANGUS ENERGY INC.,0.5086578039285715,0.0
2026-02,GAS,RED JACK PETROLEUM LTD.,0.024594166071428575,0.0
2026-02,GAS,RELENTLESS RESOURCES LTD.,0.17581675642857145,0.0
2026-02,GAS,RESISTANCE ENERGY LTD.,0.040107409285714296,0.0
2026-02,GAS,RESONANCE ENERGY LTD.,0.0432605075,0.0
2026-02,GAS,RESOURCEFUL PETROLEUM CANADA LIMITED,1.1167012635714286,0.0
2026-02,GAS,RESPONSE ENERGY CORPORATION,0.40435331500000005,0.0
2026-02,GAS,REVOLUTION OIL & GAS CORPORATION,0.5236665514285714,0.0
2026-02,GAS,REX ENERGY LTD.,0.06495382321428572,0.0
2026-02,GAS,RIBBON CREEK RESOURCES INC.,0.19523984142857145,0.0
2026-02,GAS,RICOCHET OIL CORP.,21.16914466714286,0.0
2026-02,GAS,RIDGELINE EXPLORATION INC.,0.20305952500000005,0.0
2026-02,GAS,RIMFIRE ENERGY INC.,0.068863665,0.0
2026-02,GAS,RISING TIDE ENERGY LTD.,4.114793169642858,0.0
2026-02,GAS,RKSMITH ENERGY CORP.,0.47006388178571434,0.0
2026-02,GAS,ROCKEAST ENERGY CORP.,0.7993734592857145,0.0
2026-02,GAS,ROCKPOINT GAS STORAGE CANADA LTD.,448.5288516017858,0.0
2026-02,GAS,ROK RESOURCES INC.,2.964290693214286,0.0
2026-02,GAS,RTD ENERGY INC.,0.00012612392857142858,0.0
2026-02,GAS,RUBELLITE ENERGY INC.,12.04571804607143,0.0
2026-02,GAS,RURALCO RESOURCES CORP.,0.011981773214285715,0.0
2026-02,GAS,RUSH RESOURCES LTD.,1.3775255478571429,0.0
2026-02,GAS,SAND HILLS DIV CORP LTD.,2.943984740714286,0.0
2026-02,GAS,SANDPOINT RESOURCES INC.,0.0015134871428571432,0.0
2026-02,GAS,SATURN OIL & GAS INC.,33.667647616785715,0.0
2026-02,GAS,SCAVENGER ENERGY GP INC.,0.015260995357142858,0.0
2026-02,GAS,SHACKLETON EXPLORATION LTD.,3.4667684246428574,0.0
2026-02,GAS,SHANPET RESOURCES LTD.,0.11489889892857146,0.0
2026-02,GAS,SHARPTAIL ENERGY INC.,1.8237520071428575,0.0
2026-02,GAS,SHELL CANADA ENERGY,1.7154115525000002,0.0
2026-02,GAS,SHOT POINT RESOURCES LTD.,0.0256031575,0.0
2026-02,GAS,SIFTON PETROLEUM INC.,1.4153627264285715,0.0
2026-02,GAS,SIGNALTA RESOURCES LIMITED,3.710187606785715,0.0
2026-02,GAS,SILVERLEAF RESOURCES INC.,0.9978925228571429,0.0
2026-02,GAS,SINOPEC CANADA ENERGY LTD.,90.52053089892858,0.0
2026-02,GAS,SOGAR RESOURCES LTD.,0.9592986007142859,0.0
2026-02,GAS,SPARK INFRASTRUCTURE CORP.,4.719431283214286,0.0
2026-02,GAS,SPARTAN DELTA CORP.,220.62896662178574,0.0
2026-02,GAS,SPOKE RESOURCES LTD.,15.11809694607143,0.0
2026-02,GAS,SPROCKET ENERGY CORPORATION,7.633650776785715,0.0
2026-02,GAS,SPUR PETROLEUM LTD.,41.05914045071429,0.0
2026-02,GAS,STORM DEVELOPMENT CORP.,39.02614884607143,0.0
2026-02,GAS,STRATHCONA RESOURCES LTD.,24.81727930107143,0.0
2026-02,GAS,SUCCESS RESOURCES LTD.,1.5288742621428573,0.0
2026-02,GAS,SUEDE ENERGY LTD.,9.186740833214287,0.0
2026-02,GAS,SUMERIAN OIL & GAS INC.,0.8147605785714287,0.0
2026-02,GAS,SUN CENTURY PETROLEUM CORPORATION,5.416896608214286,0.0
2026-02,GAS,SUNCOR ENERGY INC.,9.443403027857144,0.0
2026-02,GAS,SUPREME ENERGY INC.,0.6379348307142858,0.0
2026-02,GAS,SURGE ENERGY INC.,16.807526969285718,0.0
2026-02,GAS,SUTTON ENERGY LTD.,0.21352781107142857,0.0
2026-02,GAS,TAGGART OIL CORP.,0.1951137175,0.0
2026-02,GAS,TAIGA ENERGY CORP.,0.4154522207142858,0.0
2026-02,GAS,TAKU GAS LIMITED,0.00983766642857143,0.0
2026-02,GAS,TAMARACK VALLEY ENERGY LTD.,86.37546798642859,0.0
2026-02,GAS,TAQA NORTH LTD.,406.0450152539286,0.0
2026-02,GAS,TEINE ENERGY LTD.,25.574905740000002,0.0
2026-02,GAS,TENAZ ENERGY CORP.,8.127930452857143,0.0
2026-02,GAS,TEXCAL ENERGY CANADA INC.,1.5567476503571431,0.0
2026-02,GAS,THOR RESOURCES INC.,2.037784313928572,0.0
2026-02,GAS,THOROUGHBRED ENERGY LTD.,0.03216160178571429,0.0
2026-02,GAS,TIDEWATER MIDSTREAM AND INFRASTRUCTURE LTD.,8.199947216071429,0.0
2026-02,GAS,TMAX ENERGY LTD.,1.1497457328571432,0.0
2026-02,GAS,TOP OIL PRODUCTION LTD.,0.7234468542857143,0.0
2026-02,GAS,TOURMALINE OIL CORP.,1736.6360655717858,0.0
2026-02,GAS,TOWER RIDGE ENTERPRISES CORP.,0.0020179828571428573,0.0
2026-02,GAS,TRANSACTION OIL & GAS VENTURES INC.,0.00012612392857142858,0.0
2026-02,GAS,TRANSCANADA ENERGY LTD.,370.5505886557143,0.0
2026-02,GAS,TRIPLE 555 OIL COMPANY LTD.,0.1459253853571429,0.0
2026-02,GAS,TUKTU RESOURCES LTD.,2.1354042346428574,0.0
2026-02,GAS,TUSCANY PETROLEUM LTD.,0.050827943214285715,0.0
2026-02,GAS,TYKEWEST LIMITED,0.2921030185714286,0.0
2026-02,GAS,ULYSSES ENERGY CORP.,0.5626388453571429,0.0
2026-02,GAS,UNIT 18 CORP.,0.044143375000000006,0.0
2026-02,GAS,"VAALCO ENERGY CANADA, INC.",5.766764386071429,0.0
2026-02,GAS,VANRENA RESOURCES LTD.,0.00037837178571428575,0.0
2026-02,GAS,VANTAGE POINT RESOURCES INC.,8.390268224285716,0.0
2026-02,GAS,VERMILION ENERGY INC.,440.30960742464293,0.0
2026-02,GAS,VITAL ENERGY INC.,0.4413076260714286,0.0
2026-02,GAS,VULTURE ENERGY LTD.,0.07895357928571428,0.0
2026-02,GAS,WARWICK GAS STORAGE LTD.,50.96403093321429,0.0
2026-02,GAS,WASP ENTERPRIZES LTD.,0.06760242571428572,0.0
2026-02,GAS,WESCAN ENERGY CORP.,0.21731152892857145,0.0
2026-02,GAS,WEST 5 RESOURCES INC.,0.8042922925000001,0.0
2026-02,GAS,WEST LAKE ENERGY CORP.,5.578209112857143,0.0
2026-02,GAS,WESTGATE ENERGY OPERATIONS LTD.,0.6481508689285715,0.0
2026-02,GAS,WHITE TUNDRA PETROLEUM LTD.,0.17178079071428573,0.0
2026-02,GAS,WHITECAP PARTNERSHIP,483.4036313389286,0.0
2026-02,GAS,WHITECAP RESOURCES INC.,570.7230108067857,0.0
2026-02,GAS,WHITEMUD CREEK RESOURCES LTD.,0.0467919775,0.0
2026-02,GAS,WILCOX ENERGY CORP.,0.39388502892857147,0.0
2026-02,GAS,WILDCAT RENTALS LTD.,0.03733268285714286,0.0
2026-02,GAS,WINDSOR SALT LTD/SEL WINDSOR LTEE,0.020558200357142863,0.0
2026-02,GAS,WOLF LAKE EXPLORATION LTD.,6.600191306071429,0.0
2026-02,GAS,WOODCOTE INC.,0.8977501235714286,0.0
2026-02,GAS,WOODSMAN ENERGY CORP.,0.8240937492857144,0.0
2026-02,GAS,XENOTIME ENERGY INC.,0.0029008503571428573,0.0
2026-02,GAS,YANGARRA RESOURCES CORP.,42.18366139785715,0.0
2026-02,GAS,YOHO RESOURCES INC.,0.4328573228571429,0.0
2026-02,GAS,ZNX ENERGY LTD.,0.11313316392857144,0.0
2026-02,GAS,ZYZYGY RESOURCES LTD.,0.2511127417857143,0.0
2026-02,OIL_AT_GAS_BATTERY,2155192 ALBERTA LTD.,0.0,5.795601428571429
2026-02,OIL_AT_GAS_BATTERY,840586 ALBERTA LTD.,0.0,1.1231785714285714
2026-02,OIL_AT_GAS_BATTERY,ADVANTAGE ENERGY LTD.,0.0,195.23089928571426
2026-02,OIL_AT_GAS_BATTERY,ARC RESOURCES LTD.,0.0,4.829667857142857
2026-02,OIL_AT_GAS_BATTERY,ASTARA ENERGY CORP.,0.0,0.786225
2026-02,OIL_AT_GAS_BATTERY,ATCO NEXT ENERGY LTD.,0.0,16.825215
2026-02,OIL_AT_GAS_BATTERY,AXIOM OIL AND GAS INC.,0.0,7.727468571428571
2026-02,OIL_AT_GAS_BATTERY,BACCALIEU ENERGY INC.,0.0,38.09821714285714
2026-02,OIL_AT_GAS_BATTERY,BARREL OIL CORP.,0.0,65.885655
2026-02,OIL_AT_GAS_BATTERY,BAYTEX ENERGY LTD.,0.0,2.2014299999999998
2026-02,OIL_AT_GAS_BATTERY,BIRCHCLIFF ENERGY LTD.,0.0,2.5383835714285716
2026-02,OIL_AT_GAS_BATTERY,BONTERRA ENERGY CORP.,0.0,216.27926571428569
2026-02,OIL_AT_GAS_BATTERY,BORNITE ENERGY LTD.,0.0,1.3927414285714286
2026-02,OIL_AT_GAS_BATTERY,BTG ENERGY CORP.,0.0,8.850647142857142
2026-02,OIL_AT_GAS_BATTERY,CANADIAN NATURAL RESOURCES LIMITED,0.0,398.5936114285714
2026-02,OIL_AT_GAS_BATTERY,CANLIN RESOURCES PARTNERSHIP,0.0,4.762277142857142
2026-02,OIL_AT_GAS_BATTERY,CENOVUS ENERGY INC.,0.0,32.527251428571425
2026-02,OIL_AT_GAS_BATTERY,CORSE ENERGY CORP.,0.0,0.04492714285714285
2026-02,OIL_AT_GAS_BATTERY,CYGNET ENERGY LTD.,0.0,6322.7765228571425
2026-02,OIL_AT_GAS_BATTERY,DEL CANADA GP LTD.,0.0,1.639840714285714
2026-02,OIL_AT_GAS_BATTERY,EMBER RESOURCES INC.,0.0,2.7630192857142855
2026-02,OIL_AT_GAS_BATTERY,ENERCAPITA ENERGY LTD.,0.0,11.231785714285714
2026-02,OIL_AT_GAS_BATTERY,ENHANCE ENERGY INC.,0.0,1.0108607142857142
2026-02,OIL_AT_GAS_BATTERY,G. HERMAN GROUP INC.,0.0,0.6739071428571428
2026-02,OIL_AT_GAS_BATTERY,GRAN TIERRA CANADA LTD.,0.0,77.47685785714285
2026-02,OIL_AT_GAS_BATTERY,HARD ROCK RESOURCES LTD.,0.0,2.3137478571428574
2026-02,OIL_AT_GAS_BATTERY,HARVEST OPERATIONS CORP.,0.0,23.991094285714283
2026-02,OIL_AT_GAS_BATTERY,HIGHWOOD ASSET MANAGEMENT LTD.,0.0,0.9883971428571428
2026-02,OIL_AT_GAS_BATTERY,HWN ENERGY LTD.,0.0,165.53405785714284
2026-02,OIL_AT_GAS_BATTERY,INPLAY OIL CORP.,0.0,5.907919285714286
2026-02,OIL_AT_GAS_BATTERY,JOURNEY ENERGY INC.,0.0,51.14955214285714
2026-02,OIL_AT_GAS_BATTERY,KARVE ENERGY INC.,0.0,14.219440714285714
2026-02,OIL_AT_GAS_BATTERY,KELT EXPLORATION LTD.,0.0,4514.211923571428
2026-02,OIL_AT_GAS_BATTERY,KIWETINOHK ENERGY CORP.,0.0,31.22436428571428
2026-02,OIL_AT_GAS_BATTERY,LOGAN ENERGY CORP.,0.0,430.62666428571424
2026-02,OIL_AT_GAS_BATTERY,LONG TERM ASSET MANAGEMENT INC.,0.0,0.22463571428571427
2026-02,OIL_AT_GAS_BATTERY,LOTUS CREEK EXPLORATION INC.,0.0,5.054303571428571
2026-02,OIL_AT_GAS_BATTERY,LOYAL ENERGY (CANADA) OPERATING LTD.,0.0,0.6739071428571428
2026-02,OIL_AT_GAS_BATTERY,LYNX ENERGY ULC,0.0,16.600579285714286
2026-02,OIL_AT_GAS_BATTERY,MANCAL ENERGY INC.,0.0,8.333984999999998
2026-02,OIL_AT_GAS_BATTERY,NEW WEST DATA CORP.,0.0,10.849904999999998
2026-02,OIL_AT_GAS_BATTERY,NORTH 40 RESOURCES LTD.,0.0,59.011802142857135
2026-02,OIL_AT_GAS_BATTERY,OBSIDIAN ENERGY LTD.,0.0,14.960738571428571
2026-02,OIL_AT_GAS_BATTERY,ORLEN UPSTREAM CANADA LTD.,0.0,6.91878
2026-02,OIL_AT_GAS_BATTERY,OUTLIER RESOURCES LTD.,0.0,31.15697357142857
2026-02,OIL_AT_GAS_BATTERY,OVINTIV CANADA ULC,0.0,170.8354607142857
2026-02,OIL_AT_GAS_BATTERY,PARAMOUNT RESOURCES LTD.,0.0,5.548502142857143
2026-02,OIL_AT_GAS_BATTERY,PERSIST OIL AND GAS INC.,0.0,1.3927414285714286
2026-02,OIL_AT_GAS_BATTERY,PETRUS RESOURCES CORP.,0.0,15.499864285714285
2026-02,OIL_AT_GAS_BATTERY,PEYTO EXPLORATION & DEVELOPMENT CORP.,0.0,5.413720714285714
2026-02,OIL_AT_GAS_BATTERY,PINE CLIFF ENERGY LTD.,0.0,21.362856428571426
2026-02,OIL_AT_GAS_BATTERY,PRAIRIE PROVIDENT RESOURCES CANADA LTD.,0.0,8.446302857142856
2026-02,OIL_AT_GAS_BATTERY,RED ANGUS ENERGY INC.,0.0,0.13478142857142855
2026-02,OIL_AT_GAS_BATTERY,RESISTANCE ENERGY LTD.,0.0,33.69535714285714
2026-02,OIL_AT_GAS_BATTERY,RESPONSE ENERGY CORPORATION,0.0,3.8188071428571426
2026-02,OIL_AT_GAS_BATTERY,RKSMITH ENERGY CORP.,0.0,0.11231785714285714
2026-02,OIL_AT_GAS_BATTERY,SATURN OIL & GAS INC.,0.0,3.5043171428571425
2026-02,OIL_AT_GAS_BATTERY,SIGNALTA RESOURCES LIMITED,0.0,2.807946428571429
2026-02,OIL_AT_GAS_BATTERY,SILVERLEAF RESOURCES INC.,0.0,1.7521585714285712
2026-02,OIL_AT_GAS_BATTERY,SINOPEC CANADA ENERGY LTD.,0.0,1.2354964285714285
2026-02,OIL_AT_GAS_BATTERY,SPARTAN DELTA CORP.,0.0,9.479627142857144
2026-02,OIL_AT_GAS_BATTERY,SPOKE RESOURCES LTD.,0.0,1.9992578571428568
2026-02,OIL_AT_GAS_BATTERY,SUCCESS RESOURCES LTD.,0.0,15.881744999999999
2026-02,OIL_AT_GAS_BATTERY,SUN CENTURY PETROLEUM CORPORATION,0.0,3.7289528571428567
2026-02,OIL_AT_GAS_BATTERY,TAQA NORTH LTD.,0.0,129.39017142857142
2026-02,OIL_AT_GAS_BATTERY,TOURMALINE OIL CORP.,0.0,240.58485
2026-02,OIL_AT_GAS_BATTERY,"VAALCO ENERGY CANADA, INC.",0.0,1.0782514285714284
2026-02,OIL_AT_GAS_BATTERY,VANTAGE POINT RESOURCES INC.,0.0,1.8869399999999998
2026-02,OIL_AT_GAS_BATTERY,VERMILION ENERGY INC.,0.0,304.9879092857143
2026-02,OIL_AT_GAS_BATTERY,WESTGATE ENERGY OPERATIONS LTD.,0.0,0.38188071428571424
2026-02,OIL_AT_GAS_BATTERY,WHITECAP RESOURCES INC.,0.0,104.43314357142856
2026-02,OIL_AT_GAS_BATTERY,WILCOX ENERGY CORP.,0.0,0.4043442857142857
2026-02,OIL_AT_GAS_BATTERY,YANGARRA RESOURCES CORP.,0.0,102.81576642857142
2026-02,OIL_UNCLASSIFIED,CYGNET ENERGY LTD.,0.0,75.56745428571429
2026-02,OIL_UNCLASSIFIED,WHITECAP RESOURCES INC.,0.0,1.954330714285714
2026-03,BITUMEN,ATHABASCA OIL CORPORATION,0.0,34799.414142580645
2026-03,BITUMEN,AYIK ENERGY CORP.,0.0,893.0501516129032
2026-03,BITUMEN,BAYTEX ENERGY LTD.,0.0,38539.3900916129
2026-03,BITUMEN,BENKOIL RESOURCES LIMITED,0.0,41.18804516129032
2026-03,BITUMEN,BIGHORN ENERGY CORPORATION,0.0,150.46824774193547
2026-03,BITUMEN,CALTEX TRILOGY INC.,0.0,14540.597322580645
2026-03,BITUMEN,CANADIAN NATURAL RESOURCES LIMITED,0.0,394656.42271354835
2026-03,BITUMEN,CENOVUS ENERGY INC.,0.0,647138.3482548386
2026-03,BITUMEN,CHECK ENERGY LTD.,0.0,237.63270193548385
2026-03,BITUMEN,CLEAR NORTH ENERGY CORP.,0.0,2622.3596477419355
2026-03,BITUMEN,CNOOC PETROLEUM NORTH AMERICA ULC,0.0,78380.7687832258
2026-03,BITUMEN,CONNACHER OIL AND GAS LIMITED,0.0,18465.53397096774
2026-03,BITUMEN,CONOCOPHILLIPS CANADA RESOURCES CORP.,0.0,157386.4393412903
2026-03,BITUMEN,CROVERRO ENERGY LTD.,0.0,153.59285806451612
2026-03,BITUMEN,DEERGARDEN RESOURCES LTD.,0.0,95.7875670967742
2026-03,BITUMEN,EVERGO RESOURCES LIMITED,0.0,18.54476516129032
2026-03,BITUMEN,GRAN TIERRA CANADA LTD.,0.0,257.3745580645161
2026-03,BITUMEN,GREENFIRE RESOURCES OPERATING CORPORATION,0.0,17149.768679999997
2026-03,BITUMEN,HARVEST OPERATIONS CORP.,0.0,10516.82965548387
2026-03,BITUMEN,HEADWATER EXPLORATION INC.,0.0,21739.41545032258
2026-03,BITUMEN,HIGHWOOD ASSET MANAGEMENT LTD.,0.0,12.396992903225806
2026-03,BITUMEN,IMPERIAL OIL RESOURCES LIMITED,0.0,162563.3505348387
2026-03,BITUMEN,IPC CANADA LTD.,0.0,622.3655651612902
2026-03,BITUMEN,ISLANDER OIL & GAS INC.,0.0,3668.1910703225803
2026-03,BITUMEN,LINEUP RESOURCES CORP.,0.0,1444.604742580645
2026-03,BITUMEN,LOTUS CREEK EXPLORATION INC.,0.0,54.477783870967734
2026-03,BITUMEN,MAHIKAN OIL CORPORATION,0.0,134.66258903225807
2026-03,BITUMEN,O'NEILL INDUSTRIES INTERNATIONAL-CANADA INC.,0.0,79.02829354838708
2026-03,BITUMEN,OBSIDIAN ENERGY LTD.,0.0,11818.006668387095
2026-03,BITUMEN,PETROCHINA CANADA LTD.,0.0,8316.231532258063
2026-03,BITUMEN,RUBELLITE ENERGY INC.,0.0,5203.510960645161
2026-03,BITUMEN,SPUR PETROLEUM LTD.,0.0,24603.648342580644
2026-03,BITUMEN,STRATHCONA RESOURCES LTD.,0.0,60511.284665806445
2026-03,BITUMEN,SUNCOR ENERGY INC.,0.0,273131.8258935484
2026-03,BITUMEN,SURGE ENERGY INC.,0.0,3.2057690322580643
2026-03,BITUMEN,TAMARACK VALLEY ENERGY LTD.,0.0,17600.483574193546
2026-03,BITUMEN,TOP OIL PRODUCTION LTD.,0.0,5.3767645161290325
2026-03,BITUMEN,WEST LAKE ENERGY CORP.,0.0,45.63148451612903
2026-03,BITUMEN,WESTGATE ENERGY OPERATIONS LTD.,0.0,469.3002387096774
2026-03,COND,ADVANTAGE ENERGY LTD.,0.0,0.7912974193548385
2026-03,COND,APL OIL & GAS (1998) LTD.,0.0,0.8724561290322579
2026-03,COND,ARC RESOURCES LTD.,0.0,56449.189798064515
2026-03,COND,ATHABASCA OIL CORPORATION,0.0,1612.2380574193546
2026-03,COND,BACCALIEU ENERGY INC.,0.0,23.88095032258065
2026-03,COND,BARREL OIL CORP.,0.0,32.19971806451613
2026-03,COND,BAYTEX ENERGY LTD.,0.0,1.2173806451612903
2026-03,COND,BEARSPAW PETROLEUM LTD.,0.0,3.469534838709677
2026-03,COND,BIRCHCLIFF ENERGY LTD.,0.0,771.0483212903225
2026-03,COND,BITSTONE RESOURCES INC.,0.0,5.275316129032258
2026-03,COND,BLUE STAR ENERGY INC.,0.0,0.40579354838709675
2026-03,COND,BTG ENERGY CORP.,0.0,51.23143548387097
2026-03,COND,CANADIAN NATURAL RESOURCES LIMITED,0.0,655.6406361290323
2026-03,COND,CANLIN RESOURCES PARTNERSHIP,0.0,38.875021935483865
2026-03,COND,CANSTONE ENERGY LTD.,0.0,1.3188290322580645
2026-03,COND,CARDINAL ENERGY LTD.,0.0,3.936197419354839
2026-03,COND,CAVVY PRODUCTION LTD.,0.0,9.982521290322579
2026-03,COND,CENOVUS ENERGY INC.,0.0,84.56737548387096
2026-03,COND,CORSE ENERGY CORP.,0.0,2.2115748387096774
2026-03,COND,CYGNET ENERGY LTD.,0.0,686.4403664516128
2026-03,COND,DEL CANADA GP LTD.,0.0,6.655014193548387
2026-03,COND,EMBER RESOURCES INC.,0.0,15.805658709677418
2026-03,COND,ENTRADA RESOURCES INC.,0.0,0.6492696774193548
2026-03,COND,FIDDLEHEAD RESOURCES CORP.,0.0,6.350669032258065
2026-03,COND,GRAN TIERRA CANADA LTD.,0.0,73.50950129032258
2026-03,COND,HARD ROCK RESOURCES LTD.,0.0,0.6086903225806451
2026-03,COND,HARVEST OPERATIONS CORP.,0.0,117.94389483870967
2026-03,COND,HIGHWOOD ASSET MANAGEMENT LTD.,0.0,12.45786193548387
2026-03,COND,HWN ENERGY LTD.,0.0,79.79930129032257
2026-03,COND,INPLAY OIL CORP.,0.0,9.657886451612903
2026-03,COND,INSIGNIA ENERGY LTD.,0.0,581.9079483870968
2026-03,COND,ISH ENERGY LTD.,0.0,10.286866451612903
2026-03,COND,JOURNEY ENERGY INC.,0.0,36.68373677419355
2026-03,COND,JX ENERGY LTD.,0.0,8.52166451612903
2026-03,COND,KARVE ENERGY INC.,0.0,2.47534064516129
2026-03,COND,KELT EXPLORATION LTD.,0.0,305.1161690322581
2026-03,COND,KIWETINOHK ENERGY CORP.,0.0,53.524169032258065
2026-03,COND,LONE TREE RESOURCES INC.,0.0,7.060807741935483
2026-03,COND,LONG TERM ASSET MANAGEMENT INC.,0.0,4.565177419354838
2026-03,COND,LOYAL ENERGY (CANADA) OPERATING LTD.,0.0,545.4271083870967
2026-03,COND,LUCKY STRIKE RESOURCES LTD.,0.0,0.08115870967741935
2026-03,COND,LYNX ENERGY ULC,0.0,65.02841612903225
2026-03,COND,MAGA ENERGY LTD.,0.0,0.10144838709677419
2026-03,COND,MANCAL ENERGY INC.,0.0,40.05182322580645
2026-03,COND,MURPHY OIL COMPANY LTD.,0.0,1547.2908
2026-03,COND,NEW NORTH RESOURCES LTD.,0.0,7.750656774193548
2026-03,COND,NEW TIMES ENERGY CANADA GP 2 LTD.,0.0,5.153578064516128
2026-03,COND,NEW TIMES ENERGY CANADA GP 3 LTD.,0.0,16.637535483870966
2026-03,COND,NORTH 40 RESOURCES LTD.,0.0,6.33037935483871
2026-03,COND,NOVUS ENERGY INC.,0.0,0.020289677419354838
2026-03,COND,OBSIDIAN ENERGY LTD.,0.0,15.014361290322581
2026-03,COND,ORLEN UPSTREAM CANADA LTD.,0.0,16.43463870967742
2026-03,COND,OUTLIER RESOURCES LTD.,0.0,11.139032903225807
2026-03,COND,OUTPOST ENERGY LTD.,0.0,0.7304283870967743
2026-03,COND,OVINTIV CANADA ULC,0.0,44.33294516129032
2026-03,COND,PARAMOUNT RESOURCES LTD.,0.0,3413.9005432258064
2026-03,COND,PERSIST OIL AND GAS INC.,0.0,3.10432064516129
2026-03,COND,PETROCHINA DUVERNAY GAS PARTNERSHIP,0.0,36.11562580645161
2026-03,COND,PETRUS RESOURCES CORP.,0.0,389.7647032258064
2026-03,COND,PEYTO EXPLORATION & DEVELOPMENT CORP.,0.0,90.3905129032258
2026-03,COND,PINE CLIFF ENERGY LTD.,0.0,85.01374838709677
2026-03,COND,PRAIRIE PROVIDENT RESOURCES CANADA LTD.,0.0,2.881134193548387
2026-03,COND,PRAIRIE THUNDER RESOURCES LTD.,0.0,4.707205161290322
2026-03,COND,RELENTLESS RESOURCES LTD.,0.0,0.9333251612903225
2026-03,COND,RESOURCEFUL PETROLEUM CANADA LIMITED,0.0,39.13878774193548
2026-03,COND,RISING TIDE ENERGY LTD.,0.0,0.36521419354838713
2026-03,COND,ROCKPOINT GAS STORAGE CANADA LTD.,0.0,57.1966006451613
2026-03,COND,ROK RESOURCES INC.,0.0,10.57092193548387
2026-03,COND,RUSH RESOURCES LTD.,0.0,12.478151612903225
2026-03,COND,SATURN OIL & GAS INC.,0.0,5.153578064516129
2026-03,COND,SIGNALTA RESOURCES LIMITED,0.0,14.588278064516128
2026-03,COND,SINOPEC CANADA ENERGY LTD.,0.0,79.00800387096774
2026-03,COND,SOGAR RESOURCES LTD.,0.0,1.2782496774193546
2026-03,COND,SPARK INFRASTRUCTURE CORP.,0.0,1.1565116129032258
2026-03,COND,SPARTAN DELTA CORP.,0.0,187.51719870967742
2026-03,COND,SPOKE RESOURCES LTD.,0.0,6.391248387096773
2026-03,COND,SPROCKET ENERGY CORPORATION,0.0,0.7710077419354839
2026-03,COND,SUCCESS RESOURCES LTD.,0.0,0.020289677419354838
2026-03,COND,SUN CENTURY PETROLEUM CORPORATION,0.0,2.2724438709677415
2026-03,COND,SURGE ENERGY INC.,0.0,4.910101935483871
2026-03,COND,SUTTON ENERGY LTD.,0.0,0.20289677419354837
2026-03,COND,TAQA NORTH LTD.,0.0,487.8247141935484
2026-03,COND,TEINE ENERGY LTD.,0.0,77.32396064516129
2026-03,COND,TENAZ ENERGY CORP.,0.0,20.715760645161286
2026-03,COND,TIDEWATER MIDSTREAM AND INFRASTRUCTURE LTD.,0.0,0.7912974193548385
2026-03,COND,TMAX ENERGY LTD.,0.0,0.7101387096774193
2026-03,COND,TOURMALINE OIL CORP.,0.0,528.7692832258065
2026-03,COND,VANTAGE POINT RESOURCES INC.,0.0,5.052129677419355
2026-03,COND,VERMILION ENERGY INC.,0.0,300.368384516129
2026-03,COND,WEST 5 RESOURCES INC.,0.0,0.24347612903225804
2026-03,COND,WHITECAP PARTNERSHIP,0.0,1328.527498064516
2026-03,COND,WHITECAP RESOURCES INC.,0.0,12475.371927096774
2026-03,COND,YANGARRA RESOURCES CORP.,0.0,108.9961470967742
2026-03,CRUDE_OIL,1288131 ALBERTA LTD.,0.0,9.779624516129031
2026-03,CRUDE_OIL,1506928 ALBERTA LTD.,0.0,21.32445096774193
2026-03,CRUDE_OIL,1852797 ALBERTA ULC,0.0,173.96369419354838
2026-03,CRUDE_OIL,2155192 ALBERTA LTD.,0.0,22.156327741935485
2026-03,CRUDE_OIL,2363750 ALBERTA LTD.,0.0,50.15608258064516
2026-03,CRUDE_OIL,501 ENERGY CORP.,0.0,120.13517999999999
2026-03,CRUDE_OIL,840586 ALBERTA LTD.,0.0,56.2024064516129
2026-03,CRUDE_OIL,97837 RESOURCES LTD.,0.0,6.797041935483871
2026-03,CRUDE_OIL,979968 ALBERTA LTD.,0.0,4.48401870967742
2026-03,CRUDE_OIL,ACQUISITION OIL CORP.,0.0,745.4833277419355
2026-03,CRUDE_OIL,ADANAC OIL & GAS LIMITED,0.0,24.063557419354836
2026-03,CRUDE_OIL,ADVANTAGE ENERGY LTD.,0.0,6529.076165806451
2026-03,CRUDE_OIL,AENEID EXPLORATION INC.,0.0,101.10346258064516
2026-03,CRUDE_OIL,AERADEN ENERGY CORP.,0.0,24.895434193548386
2026-03,CRUDE_OIL,ALBERTA PETROLEUM ENERGY LIMITED,0.0,17.063618709677417
2026-03,CRUDE_OIL,ALCHEMY ENERGY LTD,0.0,562.0037748387097
2026-03,CRUDE_OIL,ALEXANDER OILFIELD SERVICES LTD.,0.0,18.727372258064513
2026-03,CRUDE_OIL,ALLIED ENERGY II CORP.,0.0,1805.3552070967742
2026-03,CRUDE_OIL,ALSACE ENERGY CORP.,0.0,29.11568709677419
2026-03,CRUDE_OIL,ALTAIR ENERGY LTD.,0.0,197.7634858064516
2026-03,CRUDE_OIL,ALTIMA RESOURCES LTD.,0.0,20.999816129032254
2026-03,CRUDE_OIL,APAR ENERGY INC.,0.0,19.944752903225805
2026-03,CRUDE_OIL,ARAL RESOURCES LTD.,0.0,25.341807096774193
2026-03,CRUDE_OIL,ARC RESOURCES LTD.,0.0,7986.219929032258
2026-03,CRUDE_OIL,ARCHER EXPLORATION CORP.,0.0,7970.73890516129
2026-03,CRUDE_OIL,ARTIS EXPLORATION LTD.,0.0,9179.455858064515
2026-03,CRUDE_OIL,ASCENSUN OIL AND GAS LTD.,0.0,80.57030903225807
2026-03,CRUDE_OIL,ASPENLEAF ENERGY LIMITED,0.0,15698.569792258064
2026-03,CRUDE_OIL,ASTARA ENERGY CORP.,0.0,4051.848580645161
2026-03,CRUDE_OIL,ATCO NEXT ENERGY LTD.,0.0,52.854609677419354
2026-03,CRUDE_OIL,ATHABASCA OIL CORPORATION,0.0,117.49752193548386
2026-03,CRUDE_OIL,AXIOM OIL AND GAS INC.,0.0,688.9562864516129
2026-03,CRUDE_OIL,B-32 EXPLORATION LTD.,0.0,141.39876193548386
2026-03,CRUDE_OIL,BACCALIEU ENERGY INC.,0.0,2011.254853548387
2026-03,CRUDE_OIL,BAND ENERGY RESOURCES LTD.,0.0,4.48401870967742
2026-03,CRUDE_OIL,BARCOMP PETROLEUM LTD.,0.0,90.47167161290322
2026-03,CRUDE_OIL,"BARNWELL OF CANADA, LIMITED",0.0,382.60244709677414
2026-03,CRUDE_OIL,BARREL OIL CORP.,0.0,3072.648458709677
2026-03,CRUDE_OIL,BATTLE RIVER ENERGY LTD.,0.0,840.1549625806451
2026-03,CRUDE_OIL,BAY OIL AND GAS LTD.,0.0,82.51811806451613
2026-03,CRUDE_OIL,BAYTEX ENERGY LTD.,0.0,5277.243648387096
2026-03,CRUDE_OIL,BDJ ENERGY INC.,0.0,40.05182322580645
2026-03,CRUDE_OIL,BEARSPAW PETROLEUM LTD.,0.0,560.6037870967741
2026-03,CRUDE_OIL,BENCH CREEK RESOURCES LTD.,0.0,33.863471612903226
2026-03,CRUDE_OIL,BIGHORN ENERGY CORPORATION,0.0,127.74380903225807
2026-03,CRUDE_OIL,BIRCHCLIFF ENERGY LTD.,0.0,1169.4361374193547
2026-03,CRUDE_OIL,BITSTONE RESOURCES INC.,0.0,70.52691870967742
2026-03,CRUDE_OIL,BLUE SKY RESOURCES LTD.,0.0,4.301411612903225
2026-03,CRUDE_OIL,BLUE STAR ENERGY INC.,0.0,18.970848387096773
2026-03,CRUDE_OIL,BONTERRA ENERGY CORP.,0.0,6190.380580645161
2026-03,CRUDE_OIL,BORNITE ENERGY LTD.,0.0,9.820203870967742
2026-03,CRUDE_OIL,BORRADAILE OIL LTD.,0.0,14.872333548387095
2026-03,CRUDE_OIL,BOUNTY DEVELOPMENTS LTD.,0.0,14.182484516129032
2026-03,CRUDE_OIL,"BRIGHTSPOT INTERNATIONAL ENERGY (CANADA) CO., LTD.",0.0,201.69968322580644
2026-03,CRUDE_OIL,BROTHERIN ENERGY LTD.,0.0,66.32695548387096
2026-03,CRUDE_OIL,BRW PETROLEUM CORP.,0.0,260.0933748387097
2026-03,CRUDE_OIL,BTG ENERGY CORP.,0.0,1490.7840483870966
2026-03,CRUDE_OIL,C GROUP ENERGY INC.,0.0,131.29450258064514
2026-03,CRUDE_OIL,CABOT ENERGY INC.,0.0,151.8479458064516
2026-03,CRUDE_OIL,CALEDONIAN MIDSTREAM CORPORATION,0.0,258.9571529032258
2026-03,CRUDE_OIL,CALTEX TRILOGY INC.,0.0,248.60941741935483
2026-03,CRUDE_OIL,CANADIAN NATURAL RESOURCES LIMITED,0.0,78685.45886903226
2026-03,CRUDE_OIL,CANEX RESOURCES LTD.,0.0,0.040579354838709676
2026-03,CRUDE_OIL,CANLIN RESOURCES PARTNERSHIP,0.0,688.3273064516129
2026-03,CRUDE_OIL,CANUCK NORTH RESOURCES LTD.,0.0,17.712888387096772
2026-03,CRUDE_OIL,CAPITAN INVESTMENT LTD.,0.0,2.8202651612903225
2026-03,CRUDE_OIL,CARDINAL ENERGY LTD.,0.0,13191.861305806451
2026-03,CRUDE_OIL,CENOVUS ENERGY INC.,0.0,13537.84088516129
2026-03,CRUDE_OIL,CENTENNIAL PETROLEUM COMPANY LTD.,0.0,0.9536148387096773
2026-03,CRUDE_OIL,CLAMPETT ENERGY LTD.,0.0,43.01411612903226
2026-03,CRUDE_OIL,COASTAL RESOURCES LIMITED,0.0,84.60795483870967
2026-03,CRUDE_OIL,COBALT ENERGY INC.,0.0,331.79709483870965
2026-03,CRUDE_OIL,CONIFER ENERGY INC.,0.0,5494.830149032257
2026-03,CRUDE_OIL,CONVEGA ENERGY LTD.,0.0,7.283994193548386
2026-03,CRUDE_OIL,CORSE ENERGY CORP.,0.0,1.501436129032258
2026-03,CRUDE_OIL,COURSER ENERGY LTD.,0.0,144.58424129032258
2026-03,CRUDE_OIL,CREST JINN PETROLEUM CORPORATION,0.0,19.944752903225805
2026-03,CRUDE_OIL,CROVERRO ENERGY LTD.,0.0,304.2234232258064
2026-03,CRUDE_OIL,CYGNET ENERGY LTD.,0.0,514.8505645161291
2026-03,CRUDE_OIL,DARK ENERGY LTD.,0.0,30.94175806451613
2026-03,CRUDE_OIL,DARK WARRIOR RESOURCES LTD.,0.0,127.37859483870967
2026-03,CRUDE_OIL,DECCAN ENERGY LTD.,0.0,102.82808516129032
2026-03,CRUDE_OIL,DECIMUS OIL CORP.,0.0,48.2488529032258
2026-03,CRUDE_OIL,DECKLAND INC.,0.0,30.089591612903227
2026-03,CRUDE_OIL,DEL CANADA GP LTD.,0.0,394.91828129032257
2026-03,CRUDE_OIL,DELTAWEST ENERGY LTD.,0.0,136.3872116129032
2026-03,CRUDE_OIL,DERRICK PETROLEUM LTD.,0.0,6.736172903225805
2026-03,CRUDE_OIL,DIRE RESOURCES LTD.,0.0,22.785307741935483
2026-03,CRUDE_OIL,DOAG ENERGY LTD.,0.0,63.283503870967735
2026-03,CRUDE_OIL,DURHAM CREEK ENERGY LTD.,0.0,29.886694838709673
2026-03,CRUDE_OIL,DWL RESOURCES LTD.,0.0,87.0224264516129
2026-03,CRUDE_OIL,EAGLE ENERGY INC.,0.0,951.3018154838709
2026-03,CRUDE_OIL,ECLIPSE RESOURCES LTD.,0.0,503.873849032258
2026-03,CRUDE_OIL,ECOCHAIN ENERGY LTD.,0.0,22.967914838709678
2026-03,CRUDE_OIL,EDALIS ENERGY INC.,0.0,12.011489032258064
2026-03,CRUDE_OIL,EMBER RESOURCES INC.,0.0,141.236444516129
2026-03,CRUDE_OIL,ENDRUM ENERGY CORP.,0.0,32.58522193548387
2026-03,CRUDE_OIL,ENER T CORPORATION,0.0,45.75322258064516
2026-03,CRUDE_OIL,ENERCAPITA ENERGY LTD.,0.0,2906.8209251612902
2026-03,CRUDE_OIL,ENHANCE ENERGY INC.,0.0,2134.7378303225805
2026-03,CRUDE_OIL,ENTRADA RESOURCES INC.,0.0,1133.3002219354837
2026-03,CRUDE_OIL,EP RESOURCES CORPORATION,0.0,411.49494774193545
2026-03,CRUDE_OIL,ERDOL RESOURCES CORP.,0.0,160.26816193548385
2026-03,CRUDE_OIL,EXECUTIVE ADVENTURES 2008 INC.,0.0,74.19935032258064
2026-03,CRUDE_OIL,FIDDLEHEAD RESOURCES CORP.,0.0,16.617245806451614
2026-03,CRUDE_OIL,FIRE CREEK RESOURCES LTD.,0.0,256.54268129032255
2026-03,CRUDE_OIL,FIVE POINT ENERGY INC.,0.0,21.709954838709674
2026-03,CRUDE_OIL,FLYWHEEL RESOURCES CORP.,0.0,299.21187290322575
2026-03,CRUDE_OIL,FORT CALGARY RESOURCES LTD.,0.0,26.904112258064515
2026-03,CRUDE_OIL,G. HERMAN GROUP INC.,0.0,31.570738064516128
2026-03,CRUDE_OIL,GLOBAL CANUCK ENERGY LTD.,0.0,3.9361974193548384
2026-03,CRUDE_OIL,GMT EXPLORATION ZAMA INC.,0.0,989.7710438709677
2026-03,CRUDE_OIL,GOLDEN SPIKE ENERGY INC.,0.0,2.2115748387096774
2026-03,CRUDE_OIL,GOOSE CREEK RESOURCES LTD.,0.0,127.43946387096774
2026-03,CRUDE_OIL,GRAN TIERRA CANADA LTD.,0.0,2401.567378064516
2026-03,CRUDE_OIL,GRASSLAND ENERGY CORP.,0.0,803.5726741935483
2026-03,CRUDE_OIL,GRIZZLY RESOURCES LTD.,0.0,1645.188493548387
2026-03,CRUDE_OIL,GRYPHON PETROLEUM CORP.,0.0,5.924585806451612
2026-03,CRUDE_OIL,GUNNARR RESOURCES INC.,0.0,15.136099354838707
2026-03,CRUDE_OIL,HALO EXPLORATION LTD.,0.0,124.68006774193547
2026-03,CRUDE_OIL,HARD ROCK RESOURCES LTD.,0.0,25.179489677419355
2026-03,CRUDE_OIL,HARVARD RESOURCES INC.,0.0,65.67768580645162
2026-03,CRUDE_OIL,HARVEST ENERGY CORPORATION,0.0,4.423149677419355
2026-03,CRUDE_OIL,HARVEST OPERATIONS CORP.,0.0,1208.2300006451612
2026-03,CRUDE_OIL,HBC ENERGY LTD.,0.0,2.3941819354838705
2026-03,CRUDE_OIL,HEADWATER EXPLORATION INC.,0.0,442.70047161290313
2026-03,CRUDE_OIL,HEMISPHERE ENERGY CORPORATION,0.0,3671.7011845161287
2026-03,CRUDE_OIL,HESC ENERGY CORPORATION,0.0,109.86860322580644
2026-03,CRUDE_OIL,HIGHVALE ENERGY LIMITED,0.0,437.34399677419356
2026-03,CRUDE_OIL,HIGHWOOD ASSET MANAGEMENT LTD.,0.0,2693.3126496774194
2026-03,CRUDE_OIL,HITIC ENERGY LTD.,0.0,3651.6346935483866
2026-03,CRUDE_OIL,HWN ENERGY LTD.,0.0,10428.873903870966
2026-03,CRUDE_OIL,HYDRO VAULT ENERGY LTD.,0.0,43.440199354838704
2026-03,CRUDE_OIL,INDRA OIL & GAS LTD.,0.0,13.51292516129032
2026-03,CRUDE_OIL,INPLAY OIL CORP.,0.0,8930.704412903226
2026-03,CRUDE_OIL,INSCH COMMODITY LTD.,0.0,10.246287096774193
2026-03,CRUDE_OIL,INSIGNIA ENERGY LTD.,0.0,775.8163954838709
2026-03,CRUDE_OIL,INTEGRITY OIL OPERATIONS LTD.,0.0,5.518792258064515
2026-03,CRUDE_OIL,IPC CANADA LTD.,0.0,10736.05962
2026-03,CRUDE_OIL,ISH ENERGY LTD.,0.0,779.4076683870967
2026-03,CRUDE_OIL,JAST ENERGY LTD.,0.0,30.109881290322576
2026-03,CRUDE_OIL,JOLI FOU PETROLEUMS LTD.,0.0,24.266454193548388
2026-03,CRUDE_OIL,JOURNEY ENERGY INC.,0.0,5039.103704516128
2026-03,CRUDE_OIL,JP ENERGY CORP.,0.0,8.866589032258064
2026-03,CRUDE_OIL,JX ENERGY LTD.,0.0,28.425838064516128
2026-03,CRUDE_OIL,KARVE ENERGY INC.,0.0,8417.923395483871
2026-03,CRUDE_OIL,KELT EXPLORATION LTD.,0.0,5528.024061290323
2026-03,CRUDE_OIL,KEYERA ENERGY LTD.,0.0,1.9680987096774192
2026-03,CRUDE_OIL,KINMERC OIL & GAS INC.,0.0,249.27897677419352
2026-03,CRUDE_OIL,KIWETINOHK ENERGY CORP.,0.0,156.61602
2026-03,CRUDE_OIL,KOHO ENERGY CORP.,0.0,2.252154193548387
2026-03,CRUDE_OIL,LEDGEND ROYALTY TRUST LTD.,0.0,20.08678064516129
2026-03,CRUDE_OIL,LOGAN ENERGY CORP.,0.0,3587.6004716129028
2026-03,CRUDE_OIL,LOGIC ENERGY LTD.,0.0,144.68568967741933
2026-03,CRUDE_OIL,LONE TREE RESOURCES INC.,0.0,19.640407741935483
2026-03,CRUDE_OIL,LONG TERM ASSET MANAGEMENT INC.,0.0,19.031717419354838
2026-03,CRUDE_OIL,LONGRIDGE ENERGY LTD.,0.0,113.52074516129031
2026-03,CRUDE_OIL,LONGSHORE RESOURCES LTD.,0.0,3189.679318064516
2026-03,CRUDE_OIL,LOTUS CREEK EXPLORATION INC.,0.0,2190.514153548387
2026-03,CRUDE_OIL,LOYAL ENERGY (CANADA) OPERATING LTD.,0.0,917.4383438709676
2026-03,CRUDE_OIL,LUCKY STRIKE RESOURCES LTD.,0.0,133.22202193548387
2026-03,CRUDE_OIL,LUXUR RESOURCES INC.,0.0,5.478212903225806
2026-03,CRUDE_OIL,LYCOS ENERGY INC.,0.0,1607.1453483870966
2026-03,CRUDE_OIL,LYNX ENERGY ULC,0.0,1324.0840587096773
2026-03,CRUDE_OIL,MAGA ENERGY LTD.,0.0,73.38776322580645
2026-03,CRUDE_OIL,MALAK ENERGY INC.,0.0,2.962292903225806
2026-03,CRUDE_OIL,MANCAL ENERGY INC.,0.0,2494.088307096774
2026-03,CRUDE_OIL,MARLIN RESOURCES LTD.,0.0,125.81628967741935
2026-03,CRUDE_OIL,MARS ENERGY RESOURCES MANAGEMENT LTD.,0.0,228.5429264516129
2026-03,CRUDE_OIL,MATO INC.,0.0,3.002872258064516
2026-03,CRUDE_OIL,MORNING STAR PETROLEUM INCORPORATED,0.0,5.498502580645161
2026-03,CRUDE_OIL,MUDDY PETROLEUM COMPANY LTD.,0.0,1.5623051612903227
2026-03,CRUDE_OIL,MURPHY OIL COMPANY LTD.,0.0,1829.2767367741935
2026-03,CRUDE_OIL,N7 ENERGY LTD.,0.0,326.5623580645161
2026-03,CRUDE_OIL,NEW NORTH RESOURCES LTD.,0.0,17.834626451612902
2026-03,CRUDE_OIL,NEW TIMES ENERGY CANADA GP 2 LTD.,0.0,26.05194580645161
2026-03,CRUDE_OIL,NEW WEST DATA ACQUISITION CORP.,0.0,194.41568903225806
2026-03,CRUDE_OIL,NEW WEST DATA CORP.,0.0,56.303854838709675
2026-03,CRUDE_OIL,NORTH 40 RESOURCES LTD.,0.0,3134.0856019354837
2026-03,CRUDE_OIL,NORTH FORK RESOURCES LTD.,0.0,219.67633741935484
2026-03,CRUDE_OIL,NORTHERN SMILODON ENERGY INC.,0.0,7.040518064516129
2026-03,CRUDE_OIL,NORTHROCK RESOURCES PARTNERSHIP LTD.,0.0,65.71826516129032
2026-03,CRUDE_OIL,NOVACOR EXPLORATION LTD.,0.0,14.020167096774193
2026-03,CRUDE_OIL,NOVUS ENERGY INC.,0.0,46.36191290322581
2026-03,CRUDE_OIL,NUOVA STRADA VENTURES LTD.,0.0,90.63398903225806
2026-03,CRUDE_OIL,NVP EXPLORATION INC.,0.0,11.179612258064516
2026-03,CRUDE_OIL,NVS ENGINEERING INC.,0.0,22.237486451612902
2026-03,CRUDE_OIL,OBSIDIAN ENERGY LTD.,0.0,4939.298781290322
2026-03,CRUDE_OIL,OHANA RESOURCES INC.,0.0,162.52031612903227
2026-03,CRUDE_OIL,ORGA ENERGY LTD.,0.0,228.96900967741934
2026-03,CRUDE_OIL,ORLEN UPSTREAM CANADA LTD.,0.0,1081.054302580645
2026-03,CRUDE_OIL,OUTLIER RESOURCES LTD.,0.0,239.2355864516129
2026-03,CRUDE_OIL,OUTPOST ENERGY LTD.,0.0,15.643341290322581
2026-03,CRUDE_OIL,OVINTIV CANADA ULC,0.0,300.8147574193548
2026-03,CRUDE_OIL,PARAGON ENERGY LTD.,0.0,8.826009677419353
2026-03,CRUDE_OIL,PARALLAX ENERGY OPERATING INC.,0.0,14891.933376774192
2026-03,CRUDE_OIL,PARAMOUNT RESOURCES LTD.,0.0,1086.1470116129033
2026-03,CRUDE_OIL,PENTACOR ENERGY CORP.,0.0,328.79422258064517
2026-03,CRUDE_OIL,PERISSON PETROLEUM CORPORATION,0.0,2.556499354838709
2026-03,CRUDE_OIL,PERSIST OIL AND GAS INC.,0.0,1302.232076129032
2026-03,CRUDE_OIL,PERTHRO (CANADA) INC.,0.0,58.55600903225806
2026-03,CRUDE_OIL,PETRUS RESOURCES CORP.,0.0,1385.2574361290322
2026-03,CRUDE_OIL,PEYTO EXPLORATION & DEVELOPMENT CORP.,0.0,13.614373548387094
2026-03,CRUDE_OIL,PINE CLIFF ENERGY LTD.,0.0,969.8871599999999
2026-03,CRUDE_OIL,POINT BAR RESOURCES INC.,0.0,830.1115722580645
2026-03,CRUDE_OIL,POINTBREAK RESOURCES INC.,0.0,1103.2512096774194
2026-03,CRUDE_OIL,POKER CHIP EXPLORATION LTD.,0.0,21.30416129032258
2026-03,CRUDE_OIL,POTTS PETROLEUM INC.,0.0,190.94615419354838
2026-03,CRUDE_OIL,PRAIRIE PROVIDENT RESOURCES CANADA LTD.,0.0,1263.2556058064515
2026-03,CRUDE_OIL,PRAIRIE THUNDER RESOURCES LTD.,0.0,4677.9271567741935
2026-03,CRUDE_OIL,PRIMROSE DRILLING VENTURES LTD.,0.0,18.44331677419355
2026-03,CRUDE_OIL,PRONGHORN RESOURCES LTD.,0.0,17.06361870967742
2026-03,CRUDE_OIL,PROSPERA ENERGY INC.,0.0,10.956425806451612
2026-03,CRUDE_OIL,PULSE OIL OPERATING CORP.,0.0,118.4714264516129
2026-03,CRUDE_OIL,QUESTERRE ENERGY CORPORATION,0.0,3.0840309677419353
2026-03,CRUDE_OIL,RAKE RESOURCES LTD,0.0,13.533214838709677
2026-03,CRUDE_OIL,RALLY CANADA RESOURCES LTD.,0.0,414.37608193548385
2026-03,CRUDE_OIL,RAMPART OIL INC.,0.0,506.24774129032255
2026-03,CRUDE_OIL,RANAHAN RESOURCES LIMITED,0.0,1305.194369032258
2026-03,CRUDE_OIL,RED ANGUS ENERGY INC.,0.0,102.72663677419354
2026-03,CRUDE_OIL,RED JACK PETROLEUM LTD.,0.0,7.852105161290322
2026-03,CRUDE_OIL,RELENTLESS RESOURCES LTD.,0.0,31.895372903225805
2026-03,CRUDE_OIL,RESISTANCE ENERGY LTD.,0.0,19.112876129032255
2026-03,CRUDE_OIL,RESONANCE ENERGY LTD.,0.0,3.794169677419354
2026-03,CRUDE_OIL,RESOURCEFUL PETROLEUM CANADA LIMITED,0.0,30.779440645161284
2026-03,CRUDE_OIL,RESPONSE ENERGY CORPORATION,0.0,772.1845432258065
2026-03,CRUDE_OIL,REVOLUTION OIL & GAS CORPORATION,0.0,453.69747677419355
2026-03,CRUDE_OIL,REX ENERGY LTD.,0.0,13.168000645161289
2026-03,CRUDE_OIL,RIBBON CREEK RESOURCES INC.,0.0,39.544581290322576
2026-03,CRUDE_OIL,RICOCHET OIL CORP.,0.0,10407.285687096773
2026-03,CRUDE_OIL,RIDGELINE EXPLORATION INC.,0.0,53.80822451612903
2026-03,CRUDE_OIL,RIMFIRE ENERGY INC.,0.0,9.94194193548387
2026-03,CRUDE_OIL,RISING TIDE ENERGY LTD.,0.0,40.0721129032258
2026-03,CRUDE_OIL,ROCKEAST ENERGY CORP.,0.0,756.9875748387096
2026-03,CRUDE_OIL,ROK RESOURCES INC.,0.0,117.70041870967741
2026-03,CRUDE_OIL,ROTHMANS ENERGY INC.,0.0,4.4637290322580645
2026-03,CRUDE_OIL,RTD ENERGY INC.,0.0,4.8898122580645165
2026-03,CRUDE_OIL,RUBELLITE ENERGY INC.,0.0,5641.118723225806
2026-03,CRUDE_OIL,RURALCO RESOURCES CORP.,0.0,8.72456129032258
2026-03,CRUDE_OIL,RUSH RESOURCES LTD.,0.0,176.84482838709675
2026-03,CRUDE_OIL,SAND HILLS DIV CORP LTD.,0.0,254.79776903225806
2026-03,CRUDE_OIL,SANDPOINT RESOURCES INC.,0.0,24.28674387096774
2026-03,CRUDE_OIL,SATURN OIL & GAS INC.,0.0,4601.881445806452
2026-03,CRUDE_OIL,SHACKLETON EXPLORATION LTD.,0.0,540.4358477419354
2026-03,CRUDE_OIL,SHANPET RESOURCES LTD.,0.0,6.228930967741935
2026-03,CRUDE_OIL,SHARPTAIL ENERGY INC.,0.0,648.5798283870968
2026-03,CRUDE_OIL,SHOT POINT RESOURCES LTD.,0.0,53.56474838709677
2026-03,CRUDE_OIL,SIFTON PETROLEUM INC.,0.0,1241.0789883870966
2026-03,CRUDE_OIL,SIGNALTA RESOURCES LIMITED,0.0,159.2130987096774
2026-03,CRUDE_OIL,SILVERLEAF RESOURCES INC.,0.0,80.12393612903226
2026-03,CRUDE_OIL,SINOPEC CANADA ENERGY LTD.,0.0,2313.7130748387094
2026-03,CRUDE_OIL,SOGAR RESOURCES LTD.,0.0,8.927458064516129
2026-03,CRUDE_OIL,SPARK INFRASTRUCTURE CORP.,0.0,14.162194838709677
2026-03,CRUDE_OIL,SPARTAN DELTA CORP.,0.0,8100.714578709677
2026-03,CRUDE_OIL,SPOKE RESOURCES LTD.,0.0,1851.3113264516128
2026-03,CRUDE_OIL,SPUR PETROLEUM LTD.,0.0,36614.02144258064
2026-03,CRUDE_OIL,STRATHCONA RESOURCES LTD.,0.0,3468.885569032258
2026-03,CRUDE_OIL,SUCCESS RESOURCES LTD.,0.0,33.376519354838706
2026-03,CRUDE_OIL,SUMERIAN OIL & GAS INC.,0.0,108.73238129032258
2026-03,CRUDE_OIL,SUN CENTURY PETROLEUM CORPORATION,0.0,51.10969741935484
2026-03,CRUDE_OIL,SUPREME ENERGY INC.,0.0,98.24261806451612
2026-03,CRUDE_OIL,SURGE ENERGY INC.,0.0,14129.589327096774
2026-03,CRUDE_OIL,SUTTON ENERGY LTD.,0.0,2.7391064516129027
2026-03,CRUDE_OIL,TAGGART OIL CORP.,0.0,51.332883870967734
2026-03,CRUDE_OIL,TAKU GAS LIMITED,0.0,7.608629032258063
2026-03,CRUDE_OIL,TAMARACK VALLEY ENERGY LTD.,0.0,42069.773672903226
2026-03,CRUDE_OIL,TAQA NORTH LTD.,0.0,4757.320664516129
2026-03,CRUDE_OIL,TEINE ENERGY LTD.,0.0,10864.02661548387
2026-03,CRUDE_OIL,TENAZ ENERGY CORP.,0.0,1260.9020032258063
2026-03,CRUDE_OIL,TEXCAL ENERGY CANADA INC.,0.0,594.446969032258
2026-03,CRUDE_OIL,THOROUGHBRED ENERGY LTD.,0.0,64.80522967741935
2026-03,CRUDE_OIL,TIDEWATER MIDSTREAM AND INFRASTRUCTURE LTD.,0.0,139.65384967741934
2026-03,CRUDE_OIL,TOP OIL PRODUCTION LTD.,0.0,284.7250432258064
2026-03,CRUDE_OIL,TOURMALINE OIL CORP.,0.0,1086.3296187096773
2026-03,CRUDE_OIL,TOWER RIDGE ENTERPRISES CORP.,0.0,5.336185161290322
2026-03,CRUDE_OIL,TRANSACTION OIL & GAS VENTURES INC.,0.0,62.512496129032264
2026-03,CRUDE_OIL,TRIPLE 555 OIL COMPANY LTD.,0.0,19.498379999999997
2026-03,CRUDE_OIL,TUKTU RESOURCES LTD.,0.0,144.90887612903225
2026-03,CRUDE_OIL,TUSCANY PETROLEUM LTD.,0.0,21.68966516129032
2026-03,CRUDE_OIL,TYKEWEST LIMITED,0.0,110.86279741935482
2026-03,CRUDE_OIL,ULYSSES ENERGY CORP.,0.0,885.8878954838709
2026-03,CRUDE_OIL,UNIT 18 CORP.,0.0,172.11733354838708
2026-03,CRUDE_OIL,VANRENA RESOURCES LTD.,0.0,3.6521419354838707
2026-03,CRUDE_OIL,VANTAGE POINT RESOURCES INC.,0.0,933.0005264516128
2026-03,CRUDE_OIL,VERMILION ENERGY INC.,0.0,2783.601714193548
2026-03,CRUDE_OIL,VITAL ENERGY INC.,0.0,355.73891419354834
2026-03,CRUDE_OIL,VULTURE ENERGY LTD.,0.0,31.306972258064516
2026-03,CRUDE_OIL,WASP ENTERPRIZES LTD.,0.0,84.36447870967741
2026-03,CRUDE_OIL,WESCAN ENERGY CORP.,0.0,178.4071335483871
2026-03,CRUDE_OIL,WEST 5 RESOURCES INC.,0.0,91.08036193548386
2026-03,CRUDE_OIL,WEST LAKE ENERGY CORP.,0.0,6614.150783225806
2026-03,CRUDE_OIL,WESTERN BASIN ENERGY CORPORATION,0.0,2468.0769406451614
2026-03,CRUDE_OIL,WESTGATE ENERGY OPERATIONS LTD.,0.0,134.52056129032258
2026-03,CRUDE_OIL,WHITE TUNDRA PETROLEUM LTD.,0.0,25.28093806451613
2026-03,CRUDE_OIL,WHITECAP PARTNERSHIP,0.0,41214.320293548386
2026-03,CRUDE_OIL,WHITECAP RESOURCES INC.,0.0,21438.11374064516
2026-03,CRUDE_OIL,WHITEMUD CREEK RESOURCES LTD.,0.0,20.04620129032258
2026-03,CRUDE_OIL,WILCOX ENERGY CORP.,0.0,19.11287612903226
2026-03,CRUDE_OIL,WILDCAT RENTALS LTD.,0.0,14.73030580645161
2026-03,CRUDE_OIL,WOLF LAKE EXPLORATION LTD.,0.0,400.39649419354834
2026-03,CRUDE_OIL,WOODCOTE INC.,0.0,702.002549032258
2026-03,CRUDE_OIL,WOODSMAN ENERGY CORP.,0.0,307.26687483870967
2026-03,CRUDE_OIL,XENOTIME ENERGY INC.,0.0,5.62024064516129
2026-03,CRUDE_OIL,YANGARRA RESOURCES CORP.,0.0,1753.90058516129
2026-03,CRUDE_OIL,ZNX ENERGY LTD.,0.0,14.912912903225806
2026-03,CRUDE_OIL,ZYZYGY RESOURCES LTD.,0.0,47.15321032258064
2026-03,GAS,1170778 ALBERTA LTD.,0.0022783677419354843,0.0
2026-03,GAS,1288131 ALBERTA LTD.,0.04294723193548387,0.0
2026-03,GAS,1506928 ALBERTA LTD.,0.002392286129032259,0.0
2026-03,GAS,1852797 ALBERTA ULC,0.005809837741935484,0.0
2026-03,GAS,2155192 ALBERTA LTD.,0.09364091419354839,0.0
2026-03,GAS,2363750 ALBERTA LTD.,0.15185321000000002,0.0
2026-03,GAS,501 ENERGY CORP.,0.11277920322580647,0.0
2026-03,GAS,840586 ALBERTA LTD.,0.4435981993548388,0.0
2026-03,GAS,97837 RESOURCES LTD.,0.026201229032258067,0.0
2026-03,GAS,979968 ALBERTA LTD.,0.10480491612903227,0.0
2026-03,GAS,ACQUISITION OIL CORP.,0.44542089354838715,0.0
2026-03,GAS,ADANAC OIL & GAS LIMITED,0.0538833970967742,0.0
2026-03,GAS,ADVANTAGE ENERGY LTD.,447.08091228516133,0.0
2026-03,GAS,AENEID EXPLORATION INC.,0.030416209354838714,0.0
2026-03,GAS,AERADEN ENERGY CORP.,0.03189714838709678,0.0
2026-03,GAS,ALBERTA PETROLEUM ENERGY LIMITED,0.0029618780645161297,0.0
2026-03,GAS,ALCHEMY ENERGY LTD,1.129614726451613,0.0
2026-03,GAS,ALEXANDER OILFIELD SERVICES LTD.,0.04613694677419355,0.0
2026-03,GAS,ALLIED ENERGY II CORP.,4.620188025483872,0.0
2026-03,GAS,ALSACE ENERGY CORP.,0.0020505309677419357,0.0
2026-03,GAS,ALTAGAS LTD.,71.26084961967743,0.0
2026-03,GAS,ALTAIR ENERGY LTD.,0.9646609019354839,0.0
2026-03,GAS,ALTIMA RESOURCES LTD.,0.027454331290322584,0.0
2026-03,GAS,APAR ENERGY INC.,0.005354164193548388,0.0
2026-03,GAS,APL OIL & GAS (1998) LTD.,0.23091257064516132,0.0
2026-03,GAS,ARAL RESOURCES LTD.,0.03053012774193549,0.0
2026-03,GAS,ARC RESOURCES LTD.,724.168934119355,0.0
2026-03,GAS,ARCHER EXPLORATION CORP.,41.54740279483872,0.0
2026-03,GAS,ARROW EXPLORATION CORP.,0.7371658829032259,0.0
2026-03,GAS,ARTIS EXPLORATION LTD.,14.03018855483871,0.0
2026-03,GAS,ASCENSUN OIL AND GAS LTD.,0.054339070645161296,0.0
2026-03,GAS,ASPENLEAF ENERGY LIMITED,36.855787940645165,0.0
2026-03,GAS,ASTARA ENERGY CORP.,13.31409757354839,0.0
2026-03,GAS,ATCO NEXT ENERGY LTD.,260.9231166235484,0.0
2026-03,GAS,ATHABASCA OIL CORPORATION,7.237007295483872,0.0
2026-03,GAS,AVILA ENERGY CORPORATION,0.37490541193548393,0.0
2026-03,GAS,AXIOM OIL AND GAS INC.,3.099377557741936,0.0
2026-03,GAS,AYIK ENERGY CORP.,0.3193132390322581,0.0
2026-03,GAS,B-32 EXPLORATION LTD.,0.05012409032258065,0.0
2026-03,GAS,BACCALIEU ENERGY INC.,16.704878365483875,0.0
2026-03,GAS,BAND ENERGY RESOURCES LTD.,0.0005695919354838711,0.0
2026-03,GAS,BARCOMP PETROLEUM LTD.,0.002734041290322581,0.0
2026-03,GAS,"BARNWELL OF CANADA, LIMITED",2.0763904416129035,0.0
2026-03,GAS,BARREL OIL CORP.,43.692941697419364,0.0
2026-03,GAS,BATTLE RIVER ENERGY LTD.,3.994434325161291,0.0
2026-03,GAS,BAY OIL AND GAS LTD.,0.21610318032258066,0.0
2026-03,GAS,BAYTEX ENERGY LTD.,78.74471806000001,0.0
2026-03,GAS,BDJ ENERGY INC.,0.08680581096774193,0.0
2026-03,GAS,BEAR HILLS INDUSTRIES LTD.,0.23683632677419358,0.0
2026-03,GAS,BEARSPAW PETROLEUM LTD.,7.850229973225807,0.0
2026-03,GAS,BENCH CREEK RESOURCES LTD.,0.3620326341935485,0.0
2026-03,GAS,BENKOIL RESOURCES LIMITED,0.08532487193548388,0.0
2026-03,GAS,BIGHORN ENERGY CORPORATION,5.795028351612904,0.0
2026-03,GAS,BIRCHCLIFF ENERGY LTD.,431.3275942070968,0.0
2026-03,GAS,BITSTONE RESOURCES INC.,0.33013548580645163,0.0
2026-03,GAS,BLUE STAR ENERGY INC.,0.07575572741935485,0.0
2026-03,GAS,BONTERRA ENERGY CORP.,54.83085632225807,0.0
2026-03,GAS,BORNITE ENERGY LTD.,2.9650677793548392,0.0
2026-03,GAS,BORRADAILE OIL LTD.,0.2981244190322581,0.0
2026-03,GAS,BOUNTY DEVELOPMENTS LTD.,0.0014809390322580648,0.0
2026-03,GAS,"BRIGHTSPOT INTERNATIONAL ENERGY (CANADA) CO., LTD.",0.04693437548387097,0.0
2026-03,GAS,BROTHERIN ENERGY LTD.,0.581667284516129,0.0
2026-03,GAS,BRW PETROLEUM CORP.,0.19274991096774197,0.0
2026-03,GAS,BTG ENERGY CORP.,26.19450784741936,0.0
2026-03,GAS,C GROUP ENERGY INC.,0.22567232483870972,0.0
2026-03,GAS,CABOT ENERGY INC.,0.24230440935483874,0.0
2026-03,GAS,CALEDONIAN MIDSTREAM CORPORATION,23.30485404032258,0.0
2026-03,GAS,CALTEX TRILOGY INC.,6.725741574193549,0.0
2026-03,GAS,CANADIAN NATURAL RESOURCES LIMITED,2221.224684110323,0.0
2026-03,GAS,CANEX RESOURCES LTD.,0.0001139183870967742,0.0
2026-03,GAS,CANLIN RESOURCES PARTNERSHIP,203.27631169064517,0.0
2026-03,GAS,CANSTONE ENERGY LTD.,2.2275601412903225,0.0
2026-03,GAS,CANUCK NORTH RESOURCES LTD.,0.04271939516129033,0.0
2026-03,GAS,CAPITAN INVESTMENT LTD.,0.0001139183870967742,0.0
2026-03,GAS,CARDINAL ENERGY LTD.,18.93050189419355,0.0
2026-03,GAS,CAVVY PRODUCTION LTD.,163.78126255774197,0.0
2026-03,GAS,CENOVUS ENERGY INC.,902.4730822561291,0.0
2026-03,GAS,CENTENNIAL PETROLEUM COMPANY LTD.,0.04761788580645161,0.0
2026-03,GAS,CHECK ENERGY LTD.,0.011619675483870969,0.0
2026-03,GAS,CLAMPETT ENERGY LTD.,0.9602180848387099,0.0
2026-03,GAS,CLEAR NORTH ENERGY CORP.,1.4317262890322582,0.0
2026-03,GAS,CNOOC PETROLEUM NORTH AMERICA ULC,4.446348566774194,0.0
2026-03,GAS,COASTAL RESOURCES LIMITED,0.18113023548387097,0.0
2026-03,GAS,COBALT ENERGY INC.,0.2795557219354839,0.0
2026-03,GAS,CONIFER ENERGY INC.,10.237845448387098,0.0
2026-03,GAS,CONNACHER OIL AND GAS LIMITED,7.6444933661290335,0.0
2026-03,GAS,CONOCOPHILLIPS CANADA RESOURCES CORP.,9.459213272580646,0.0
2026-03,GAS,CONVEGA ENERGY LTD.,0.40384068225806463,0.0
2026-03,GAS,CORSE ENERGY CORP.,1.0210505035483872,0.0
2026-03,GAS,COURSER ENERGY LTD.,0.1611945177419355,0.0
2026-03,GAS,CREST JINN PETROLEUM CORPORATION,0.0026201229032258066,0.0
2026-03,GAS,CROVERRO ENERGY LTD.,0.14080312645161291,0.0
2026-03,GAS,CYGNET ENERGY LTD.,31.195525040967745,0.0
2026-03,GAS,DARK ENERGY LTD.,0.02084706483870968,0.0
2026-03,GAS,DARK WARRIOR RESOURCES LTD.,0.15367590419354843,0.0
2026-03,GAS,DAVIES LIVESTOCK CO. LTD.,0.0059237561290322585,0.0
2026-03,GAS,DECCAN ENERGY LTD.,0.24492453225806454,0.0
2026-03,GAS,DECIMUS OIL CORP.,0.06573090935483872,0.0
2026-03,GAS,DECKLAND INC.,0.2110907712903226,0.0
2026-03,GAS,DEERGARDEN RESOURCES LTD.,0.04135237451612904,0.0
2026-03,GAS,DEL CANADA GP LTD.,3.4689288054838716,0.0
2026-03,GAS,DELTAWEST ENERGY LTD.,0.05752878548387098,0.0
2026-03,GAS,DERRICK PETROLEUM LTD.,0.021530575161290325,0.0
2026-03,GAS,DIRE RESOURCES LTD.,0.008771715806451613,0.0
2026-03,GAS,DOAG ENERGY LTD.,0.22043207903225812,0.0
2026-03,GAS,DURHAM CREEK ENERGY LTD.,0.1007038541935484,0.0
2026-03,GAS,DWL RESOURCES LTD.,0.32159160677419363,0.0
2026-03,GAS,EAGLE ENERGY INC.,0.478798980967742,0.0
2026-03,GAS,ECLIPSE RESOURCES LTD.,0.2208877525806452,0.0
2026-03,GAS,ECOCHAIN ENERGY LTD.,0.007632531935483872,0.0
2026-03,GAS,EDALIS ENERGY INC.,0.05114935580645162,0.0
2026-03,GAS,EMBER RESOURCES INC.,238.8310377322581,0.0
2026-03,GAS,ENDRUM ENERGY CORP.,3.7377761990322584,0.0
2026-03,GAS,ENER T CORPORATION,0.2287481212903226,0.0
2026-03,GAS,ENERCAPITA ENERGY LTD.,11.078107471612904,0.0
2026-03,GAS,ENHANCE ENERGY INC.,19.31679914483871,0.0
2026-03,GAS,ENTRADA RESOURCES INC.,12.113625610322583,0.0
2026-03,GAS,EP RESOURCES CORPORATION,0.2204320790322581,0.0
2026-03,GAS,ERDOL RESOURCES CORP.,0.4134098267741936,0.0
2026-03,GAS,EVERGO RESOURCES LIMITED,0.018682615483870967,0.0
2026-03,GAS,EXECUTIVE ADVENTURES 2008 INC.,0.07769234000000001,0.0
2026-03,GAS,FABIAN SEED FARMS INC.,0.004556735483870969,0.0
2026-03,GAS,FIDDLEHEAD RESOURCES CORP.,5.399617630000001,0.0
2026-03,GAS,FIRE CREEK RESOURCES LTD.,0.145815535483871,0.0
2026-03,GAS,FIVE POINT ENERGY INC.,0.2681638832258065,0.0
2026-03,GAS,FLYWHEEL RESOURCES CORP.,0.48802637032258067,0.0
2026-03,GAS,FORT CALGARY RESOURCES LTD.,0.07484438032258066,0.0
2026-03,GAS,G. HERMAN GROUP INC.,0.8010740980645161,0.0
2026-03,GAS,G2B DEVELOPMENT CORPORATION,1.5593148825806453,0.0
2026-03,GAS,GEX RESOURCES LTD.,0.5330241332258066,0.0
2026-03,GAS,GLOBAL CANUCK ENERGY LTD.,0.0001139183870967742,0.0
2026-03,GAS,GMT EXPLORATION ZAMA INC.,0.8779690093548387,0.0
2026-03,GAS,GOLDEN SPIKE ENERGY INC.,0.0017087758064516132,0.0
2026-03,GAS,GOOSE CREEK RESOURCES LTD.,1.3002644703225807,0.0
2026-03,GAS,GRAN TIERRA CANADA LTD.,49.019993314838715,0.0
2026-03,GAS,GRASSLAND ENERGY CORP.,2.9880792935483873,0.0
2026-03,GAS,GREENFIRE RESOURCES OPERATING CORPORATION,2.8693763341935488,0.0
2026-03,GAS,GRIZZLY RESOURCES LTD.,0.08805891322580646,0.0
2026-03,GAS,GRYPHON PETROLEUM CORP.,0.20710362774193553,0.0
2026-03,GAS,GUNNARR RESOURCES INC.,0.036567802258064525,0.0
2026-03,GAS,HALO EXPLORATION LTD.,1.3159852077419358,0.0
2026-03,GAS,HARD ROCK RESOURCES LTD.,0.8493754941935485,0.0
2026-03,GAS,HARVARD RESOURCES INC.,0.055933928064516136,0.0
2026-03,GAS,HARVEST ENERGY CORPORATION,0.0017087758064516132,0.0
2026-03,GAS,HARVEST OPERATIONS CORP.,32.31192523451613,0.0
2026-03,GAS,HBC ENERGY LTD.,0.0002278367741935484,0.0
2026-03,GAS,HEADWATER EXPLORATION INC.,13.47050751903226,0.0
2026-03,GAS,HEMISPHERE ENERGY CORPORATION,1.5189877735483874,0.0
2026-03,GAS,HESC ENERGY CORPORATION,0.2813784161290323,0.0
2026-03,GAS,HIGHVALE ENERGY LIMITED,5.2514098083870975,0.0
2026-03,GAS,HIGHWOOD ASSET MANAGEMENT LTD.,15.720851337741937,0.0
2026-03,GAS,HIS MAJESTY THE KING IN RIGHT OF CANADA AS REPRESENTED HEREIN BY THE MINISTER OF NATIONAL DEFENCE,0.5493144625806452,0.0
2026-03,GAS,HITIC ENERGY LTD.,4.344049855161291,0.0
2026-03,GAS,HWN ENERGY LTD.,90.32144631193549,0.0
2026-03,GAS,HYDRO VAULT ENERGY LTD.,0.08054029967741937,0.0
2026-03,GAS,IMPERIAL OIL RESOURCES LIMITED,41.60641251935484,0.0
2026-03,GAS,INDRA OIL & GAS LTD.,0.017429513225806454,0.0
2026-03,GAS,INPLAY OIL CORP.,49.80944773741936,0.0
2026-03,GAS,INSCH COMMODITY LTD.,0.056275683225806464,0.0
2026-03,GAS,INSIGNIA ENERGY LTD.,42.57095950290323,0.0
2026-03,GAS,INTEGRITY OIL OPERATIONS LTD.,0.0029618780645161297,0.0
2026-03,GAS,IPC CANADA LTD.,104.30481440967743,0.0
2026-03,GAS,ISH ENERGY LTD.,4.553204013870968,0.0
2026-03,GAS,ISLANDER OIL & GAS INC.,0.22259652838709681,0.0
2026-03,GAS,JAST ENERGY LTD.,0.0038732251612903228,0.0
2026-03,GAS,JAYHAWK RESOURCES LTD.,1.319858432903226,0.0
2026-03,GAS,JOLI FOU PETROLEUMS LTD.,0.0036453883870967746,0.0
2026-03,GAS,JOURNEY ENERGY INC.,38.54098264096775,0.0
2026-03,GAS,JP ENERGY CORP.,0.024720290000000002,0.0
2026-03,GAS,JX ENERGY LTD.,7.69438961967742,0.0
2026-03,GAS,KAISER EXPLORATION LTD.,0.16290329354838712,0.0
2026-03,GAS,KARVE ENERGY INC.,20.37202516451613,0.0
2026-03,GAS,KELT EXPLORATION LTD.,179.91951086580647,0.0
2026-03,GAS,KEYERA ENERGY LTD.,0.1536759041935484,0.0
2026-03,GAS,KINMERC OIL & GAS INC.,0.1427397390322581,0.0
2026-03,GAS,KIWETINOHK ENERGY CORP.,120.55299396129034,0.0
2026-03,GAS,KOHO ENERGY CORP.,0.00034175516129032263,0.0
2026-03,GAS,LEDGEND ROYALTY TRUST LTD.,0.18648439967741937,0.0
2026-03,GAS,LINEUP RESOURCES CORP.,0.4274217883870969,0.0
2026-03,GAS,LOGAN ENERGY CORP.,60.29164812612904,0.0
2026-03,GAS,LOGIC ENERGY LTD.,0.5227714783870968,0.0
2026-03,GAS,LONE TREE RESOURCES INC.,0.9164734241935486,0.0
2026-03,GAS,LONG TERM ASSET MANAGEMENT INC.,17.630465260645163,0.0
2026-03,GAS,LONGRIDGE ENERGY LTD.,0.46968551000000003,0.0
2026-03,GAS,LONGSHORE RESOURCES LTD.,0.8311485522580646,0.0
2026-03,GAS,LOTUS CREEK EXPLORATION INC.,7.476121990000001,0.0
2026-03,GAS,LOYAL ENERGY (CANADA) OPERATING LTD.,33.18966640709678,0.0
2026-03,GAS,LUCKY STRIKE RESOURCES LTD.,0.46581228483870973,0.0
2026-03,GAS,LYCOS ENERGY INC.,2.2247121816129036,0.0
2026-03,GAS,LYNX ENERGY ULC,96.95115468580646,0.0
2026-03,GAS,MAGA ENERGY LTD.,0.9609015951612904,0.0
2026-03,GAS,MAHIKAN OIL CORPORATION,0.0331502506451613,0.0
2026-03,GAS,MALAK ENERGY INC.,0.002847959677419355,0.0
2026-03,GAS,MANCAL ENERGY INC.,46.91421192935484,0.0
2026-03,GAS,MARLIN RESOURCES LTD.,0.21485007806451614,0.0
2026-03,GAS,MARS ENERGY RESOURCES MANAGEMENT LTD.,0.2266975903225807,0.0
2026-03,GAS,MATO INC.,0.11357663193548388,0.0
2026-03,GAS,"MEDICINE HAT, CITY OF",9.875243222258066,0.0
2026-03,GAS,MORNING STAR PETROLEUM INCORPORATED,0.03998535387096775,0.0
2026-03,GAS,MUDDY PETROLEUM COMPANY LTD.,0.0003417551612903226,0.0
2026-03,GAS,MURPHY OIL COMPANY LTD.,14.153903923225808,0.0
2026-03,GAS,N7 ENERGY LTD.,9.396899914838711,0.0
2026-03,GAS,NEW NORTH RESOURCES LTD.,2.4042475596774198,0.0
2026-03,GAS,NEW TIMES ENERGY CANADA GP 2 LTD.,1.1160584383870968,0.0
2026-03,GAS,NEW TIMES ENERGY CANADA GP 3 LTD.,2.345465671935484,0.0
2026-03,GAS,NEW WEST DATA ACQUISITION CORP.,3.461524110322581,0.0
2026-03,GAS,NEW WEST DATA CORP.,0.38105700483870975,0.0
2026-03,GAS,NORTH 40 RESOURCES LTD.,24.275666535161292,0.0
2026-03,GAS,NORTH FORK RESOURCES LTD.,0.24743073677419358,0.0
2026-03,GAS,NORTHERN SMILODON ENERGY INC.,0.004898490645161291,0.0
2026-03,GAS,NORTHRIVER MIDSTREAM INC.,0.15811872129032262,0.0
2026-03,GAS,NORTHROCK RESOURCES PARTNERSHIP LTD.,0.1946865235483871,0.0
2026-03,GAS,NORWEGIAN ENERGY INC.,1.486976706774194,0.0
2026-03,GAS,NOVACOR EXPLORATION LTD.,0.0061515929032258075,0.0
2026-03,GAS,NOVUS ENERGY INC.,0.20824281161290326,0.0
2026-03,GAS,NPS INDUSTRIAL POWER CORP.,1.5340250006451615,0.0
2026-03,GAS,NUOVA STRADA VENTURES LTD.,0.18443386870967743,0.0
2026-03,GAS,NVP EXPLORATION INC.,0.025403800322580647,0.0
2026-03,GAS,NVS ENGINEERING INC.,0.030416209354838714,0.0
2026-03,GAS,O'NEILL INDUSTRIES INTERNATIONAL-CANADA INC.,0.02665690258064516,0.0
2026-03,GAS,OBSIDIAN ENERGY LTD.,62.99413402322581,0.0
2026-03,GAS,OHANA RESOURCES INC.,0.06823711387096774,0.0
2026-03,GAS,OK RADIO GROUP LTD.,0.16905488645161293,0.0
2026-03,GAS,ORGA ENERGY LTD.,0.03918792516129033,0.0
2026-03,GAS,ORLEN UPSTREAM CANADA LTD.,51.4537457367742,0.0
2026-03,GAS,OUTLIER RESOURCES LTD.,26.907295195483876,0.0
2026-03,GAS,OUTPOST ENERGY LTD.,0.8369583900000002,0.0
2026-03,GAS,OVINTIV CANADA ULC,1011.5146232012904,0.0
2026-03,GAS,PARAGON ENERGY LTD.,0.008202123870967743,0.0
2026-03,GAS,PARALLAX ENERGY OPERATING INC.,20.547003807096775,0.0
2026-03,GAS,PARAMOUNT RESOURCES LTD.,174.24421073903227,0.0
2026-03,GAS,PEMBINA GAS INFRASTRUCTURE INC.,4.435868075161292,0.0
2026-03,GAS,PENTACOR ENERGY CORP.,0.04135237451612904,0.0
2026-03,GAS,PERSIST OIL AND GAS INC.,11.834639480322583,0.0
2026-03,GAS,PERTHRO (CANADA) INC.,0.1453598619354839,0.0
2026-03,GAS,PETROCHINA CANADA LTD.,0.6959274267741936,0.0
2026-03,GAS,PETROCHINA DUVERNAY GAS PARTNERSHIP,70.41318290129033,0.0
2026-03,GAS,PETRUS RESOURCES CORP.,52.70172166741936,0.0
2026-03,GAS,PEYTO CANADA CORP.,15.732243176451615,0.0
2026-03,GAS,PEYTO EXPLORATION & DEVELOPMENT CORP.,836.1929723570969,0.0
2026-03,GAS,PINE CLIFF ENERGY LTD.,108.05352677387098,0.0
2026-03,GAS,POINT BAR RESOURCES INC.,0.8623621903225808,0.0
2026-03,GAS,POINTBREAK RESOURCES INC.,3.410032999354839,0.0
2026-03,GAS,POKER CHIP EXPLORATION LTD.,0.020391391290322584,0.0
2026-03,GAS,POTTS PETROLEUM INC.,0.3829936174193549,0.0
2026-03,GAS,PRAIRIE PROVIDENT RESOURCES CANADA LTD.,6.692705241935485,0.0
2026-03,GAS,PRAIRIE THUNDER RESOURCES LTD.,10.486301450645163,0.0
2026-03,GAS,PRIMROSE DRILLING VENTURES LTD.,0.004898490645161291,0.0
2026-03,GAS,PRONGHORN RESOURCES LTD.,0.06265511290322581,0.0
2026-03,GAS,PROSPERA ENERGY INC.,0.017315594838709678,0.0
2026-03,GAS,PULSE OIL OPERATING CORP.,0.10970340677419356,0.0
2026-03,GAS,QUESTERRE ENERGY CORPORATION,0.0002278367741935484,0.0
2026-03,GAS,RAKE RESOURCES LTD,0.0010252654838709678,0.0
2026-03,GAS,RALLY CANADA RESOURCES LTD.,0.3123642174193549,0.0
2026-03,GAS,RAMPART OIL INC.,0.21348305741935486,0.0
2026-03,GAS,RANAHAN RESOURCES LIMITED,6.953920103548388,0.0
2026-03,GAS,RED ANGUS ENERGY INC.,0.5133162522580645,0.0
2026-03,GAS,RED JACK PETROLEUM LTD.,0.026429065806451615,0.0
2026-03,GAS,RELENTLESS RESOURCES LTD.,0.16529557967741937,0.0
2026-03,GAS,RESISTANCE ENERGY LTD.,0.037593067741935486,0.0
2026-03,GAS,RESONANCE ENERGY LTD.,0.03485902645161291,0.0
2026-03,GAS,RESOURCEFUL PETROLEUM CANADA LIMITED,1.6743724535483873,0.0
2026-03,GAS,RESPONSE ENERGY CORPORATION,0.5277838874193549,0.0
2026-03,GAS,REVOLUTION OIL & GAS CORPORATION,0.5404288283870968,0.0
2026-03,GAS,REX ENERGY LTD.,0.14866349516129035,0.0
2026-03,GAS,RIBBON CREEK RESOURCES INC.,0.18842101225806454,0.0
2026-03,GAS,RICOCHET OIL CORP.,22.76009631322581,0.0
2026-03,GAS,RIDGELINE EXPLORATION INC.,0.17110541741935487,0.0
2026-03,GAS,RIMFIRE ENERGY INC.,0.06618658290322582,0.0
2026-03,GAS,RISING TIDE ENERGY LTD.,4.048773395806452,0.0
2026-03,GAS,RKSMITH ENERGY CORP.,0.2911753974193549,0.0
2026-03,GAS,ROCKEAST ENERGY CORP.,0.7458236803225807,0.0
2026-03,GAS,ROCKPOINT GAS STORAGE CANADA LTD.,133.3135620919355,0.0
2026-03,GAS,ROK RESOURCES INC.,2.8462509016129034,0.0
2026-03,GAS,ROTHMANS ENERGY INC.,0.01606249258064516,0.0
2026-03,GAS,RTD ENERGY INC.,0.0001139183870967742,0.0
2026-03,GAS,RUBELLITE ENERGY INC.,12.425306317419356,0.0
2026-03,GAS,RURALCO RESOURCES CORP.,0.007404695161290324,0.0
2026-03,GAS,RUSH RESOURCES LTD.,1.5721876603225808,0.0
2026-03,GAS,SAND HILLS DIV CORP LTD.,2.878489805161291,0.0
2026-03,GAS,SANDPOINT RESOURCES INC.,0.0014809390322580648,0.0
2026-03,GAS,SATURN OIL & GAS INC.,33.201513919354845,0.0
2026-03,GAS,SHACKLETON EXPLORATION LTD.,3.6859433329032263,0.0
2026-03,GAS,SHANPET RESOURCES LTD.,0.11095650903225807,0.0
2026-03,GAS,SHARPTAIL ENERGY INC.,1.9077912287096777,0.0
2026-03,GAS,SHELL CANADA ENERGY,0.7465071906451614,0.0
2026-03,GAS,SHOT POINT RESOURCES LTD.,0.023922861290322582,0.0
2026-03,GAS,SIFTON PETROLEUM INC.,2.022279207741936,0.0
2026-03,GAS,SIGNALTA RESOURCES LIMITED,3.759648529354839,0.0
2026-03,GAS,SILVERLEAF RESOURCES INC.,0.9542943287096776,0.0
2026-03,GAS,SINOPEC CANADA ENERGY LTD.,73.14164219064517,0.0
2026-03,GAS,SOGAR RESOURCES LTD.,0.9492819196774195,0.0
2026-03,GAS,SPARK INFRASTRUCTURE CORP.,5.139655870645162,0.0
2026-03,GAS,SPARTAN DELTA CORP.,218.22160664903228,0.0
2026-03,GAS,SPOKE RESOURCES LTD.,15.210724800322582,0.0
2026-03,GAS,SPROCKET ENERGY CORPORATION,9.942682907419355,0.0
2026-03,GAS,SPUR PETROLEUM LTD.,41.92413090096775,0.0
2026-03,GAS,STORM DEVELOPMENT CORP.,40.41858549709678,0.0
2026-03,GAS,STRATHCONA RESOURCES LTD.,26.477139365806455,0.0
2026-03,GAS,SUCCESS RESOURCES LTD.,1.3636030935483872,0.0
2026-03,GAS,SUMERIAN OIL & GAS INC.,1.8539078316129034,0.0
2026-03,GAS,SUN CENTURY PETROLEUM CORPORATION,5.5029416070967745,0.0
2026-03,GAS,SUNCOR ENERGY INC.,8.796436096451615,0.0
2026-03,GAS,SUPREME ENERGY INC.,0.6330444770967742,0.0
2026-03,GAS,SURGE ENERGY INC.,16.806151811612906,0.0
2026-03,GAS,SUTTON ENERGY LTD.,0.20197730032258068,0.0
2026-03,GAS,TAGGART OIL CORP.,0.06071850032258065,0.0
2026-03,GAS,TAIGA ENERGY CORP.,0.5052280467741936,0.0
2026-03,GAS,TAKU GAS LIMITED,0.0030757964516129038,0.0
2026-03,GAS,TAMARACK VALLEY ENERGY LTD.,86.60075787096775,0.0
2026-03,GAS,TAQA NORTH LTD.,394.3651786561291,0.0
2026-03,GAS,TEINE ENERGY LTD.,22.974035044193553,0.0
2026-03,GAS,TENAZ ENERGY CORP.,7.79258726935484,0.0
2026-03,GAS,TEXCAL ENERGY CANADA INC.,1.44402947483871,0.0
2026-03,GAS,THOR RESOURCES INC.,1.9661174429032262,0.0
2026-03,GAS,THOROUGHBRED ENERGY LTD.,0.05445298903225807,0.0
2026-03,GAS,TIDEWATER MIDSTREAM AND INFRASTRUCTURE LTD.,12.220367139032259,0.0
2026-03,GAS,TMAX ENERGY LTD.,1.1067171306451613,0.0
2026-03,GAS,TOP OIL PRODUCTION LTD.,0.7593799683870969,0.0
2026-03,GAS,TOURMALINE OIL CORP.,1746.9527059274196,0.0
2026-03,GAS,TOWER RIDGE ENTERPRISES CORP.,0.0021644493548387098,0.0
2026-03,GAS,TRANSACTION OIL & GAS VENTURES INC.,0.0001139183870967742,0.0
2026-03,GAS,TRANSCANADA ENERGY LTD.,8.91878444419355,0.0
2026-03,GAS,TRIPLE 555 OIL COMPANY LTD.,0.13579071741935486,0.0
2026-03,GAS,TUKTU RESOURCES LTD.,2.089832811290323,0.0
2026-03,GAS,TUSCANY PETROLEUM LTD.,0.04044102741935485,0.0
2026-03,GAS,TYKEWEST LIMITED,0.2994914396774194,0.0
2026-03,GAS,ULYSSES ENERGY CORP.,0.5322267045161291,0.0
2026-03,GAS,UNIT 18 CORP.,0.041921966451612905,0.0
2026-03,GAS,VANRENA RESOURCES LTD.,0.0004556735483870968,0.0
2026-03,GAS,VANTAGE POINT RESOURCES INC.,8.469262488709678,0.0
2026-03,GAS,VERMILION ENERGY INC.,435.73464093032266,0.0
2026-03,GAS,VITAL ENERGY INC.,0.3719435338709678,0.0
2026-03,GAS,VULTURE ENERGY LTD.,0.07814801354838712,0.0
2026-03,GAS,WARWICK GAS STORAGE LTD.,68.76751788129033,0.0
2026-03,GAS,WASP ENTERPRIZES LTD.,0.053655560322580655,0.0
2026-03,GAS,WESCAN ENERGY CORP.,0.22145734451612906,0.0
2026-03,GAS,WEST 5 RESOURCES INC.,0.832971246451613,0.0
2026-03,GAS,WEST LAKE ENERGY CORP.,5.5833679883870975,0.0
2026-03,GAS,WESTERN BASIN ENERGY CORPORATION,8.940201100967743,0.0
2026-03,GAS,WESTGATE ENERGY OPERATIONS LTD.,0.5121770683870968,0.0
2026-03,GAS,WHITE TUNDRA PETROLEUM LTD.,0.15515684322580647,0.0
2026-03,GAS,WHITECAP PARTNERSHIP,484.4672181545162,0.0
2026-03,GAS,WHITECAP RESOURCES INC.,551.0943234606452,0.0
2026-03,GAS,WHITEMUD CREEK RESOURCES LTD.,0.04693437548387097,0.0
2026-03,GAS,WILCOX ENERGY CORP.,0.37513324870967746,0.0
2026-03,GAS,WILDCAT RENTALS LTD.,0.03918792516129033,0.0
2026-03,GAS,WINDSOR SALT LTD/SEL WINDSOR LTEE,0.02301151419354839,0.0
2026-03,GAS,WOLF LAKE EXPLORATION LTD.,6.539143256129034,0.0
2026-03,GAS,WOODCOTE INC.,0.5686805883870969,0.0
2026-03,GAS,WOODSMAN ENERGY CORP.,0.4758371029032259,0.0
2026-03,GAS,XENOTIME ENERGY INC.,0.0029618780645161297,0.0
2026-03,GAS,YANGARRA RESOURCES CORP.,41.23264629129033,0.0
2026-03,GAS,YOHO RESOURCES INC.,0.30097237870967747,0.0
2026-03,GAS,ZNX ENERGY LTD.,0.11095650903225808,0.0
2026-03,GAS,ZYZYGY RESOURCES LTD.,0.2278367741935484,0.0
2026-03,OIL_AT_GAS_BATTERY,2155192 ALBERTA LTD.,0.0,5.518792258064515
2026-03,OIL_AT_GAS_BATTERY,ADVANTAGE ENERGY LTD.,0.0,160.51163806451612
2026-03,OIL_AT_GAS_BATTERY,ALCHEMY ENERGY LTD,0.0,0.3043451612903226
2026-03,OIL_AT_GAS_BATTERY,ARC RESOURCES LTD.,0.0,3.0840309677419353
2026-03,OIL_AT_GAS_BATTERY,ATCO NEXT ENERGY LTD.,0.0,37.84024838709677
2026-03,OIL_AT_GAS_BATTERY,AXIOM OIL AND GAS INC.,0.0,7.507180645161291
2026-03,OIL_AT_GAS_BATTERY,BACCALIEU ENERGY INC.,0.0,32.82869806451613
2026-03,OIL_AT_GAS_BATTERY,BARREL OIL CORP.,0.0,63.58784903225806
2026-03,OIL_AT_GAS_BATTERY,BATTLE RIVER ENERGY LTD.,0.0,11.930330322580643
2026-03,OIL_AT_GAS_BATTERY,BAYTEX ENERGY LTD.,0.0,1.88694
2026-03,OIL_AT_GAS_BATTERY,BIRCHCLIFF ENERGY LTD.,0.0,1.8260709677419353
2026-03,OIL_AT_GAS_BATTERY,BONTERRA ENERGY CORP.,0.0,355.4548587096774
2026-03,OIL_AT_GAS_BATTERY,BTG ENERGY CORP.,0.0,9.678176129032257
2026-03,OIL_AT_GAS_BATTERY,CANADIAN NATURAL RESOURCES LIMITED,0.0,474.9001896774193
2026-03,OIL_AT_GAS_BATTERY,CANLIN RESOURCES PARTNERSHIP,0.0,2.008678064516129
2026-03,OIL_AT_GAS_BATTERY,CANSTONE ENERGY LTD.,0.0,0.6695593548387097
2026-03,OIL_AT_GAS_BATTERY,CENOVUS ENERGY INC.,0.0,25.321517419354837
2026-03,OIL_AT_GAS_BATTERY,CORSE ENERGY CORP.,0.0,0.08115870967741935
2026-03,OIL_AT_GAS_BATTERY,CYGNET ENERGY LTD.,0.0,7129.265113548387
2026-03,OIL_AT_GAS_BATTERY,DEL CANADA GP LTD.,0.0,2.4144716129032258
2026-03,OIL_AT_GAS_BATTERY,EMBER RESOURCES INC.,0.0,2.0898367741935484
2026-03,OIL_AT_GAS_BATTERY,ENERCAPITA ENERGY LTD.,0.0,8.05500193548387
2026-03,OIL_AT_GAS_BATTERY,ENHANCE ENERGY INC.,0.0,1.3188290322580645
2026-03,OIL_AT_GAS_BATTERY,G. HERMAN GROUP INC.,0.0,0.6695593548387097
2026-03,OIL_AT_GAS_BATTERY,GRAN TIERRA CANADA LTD.,0.0,81.30073741935483
2026-03,OIL_AT_GAS_BATTERY,HARD ROCK RESOURCES LTD.,0.0,2.2318645161290322
2026-03,OIL_AT_GAS_BATTERY,HARVEST OPERATIONS CORP.,0.0,26.336001290322578
2026-03,OIL_AT_GAS_BATTERY,HIGHWOOD ASSET MANAGEMENT LTD.,0.0,3.1854793548387095
2026-03,OIL_AT_GAS_BATTERY,HWN ENERGY LTD.,0.0,168.22171548387095
2026-03,OIL_AT_GAS_BATTERY,INPLAY OIL CORP.,0.0,3.936197419354839
2026-03,OIL_AT_GAS_BATTERY,JOURNEY ENERGY INC.,0.0,46.138726451612904
2026-03,OIL_AT_GAS_BATTERY,KARVE ENERGY INC.,0.0,15.602761935483871
2026-03,OIL_AT_GAS_BATTERY,KELT EXPLORATION LTD.,0.0,4472.210117419355
2026-03,OIL_AT_GAS_BATTERY,KIWETINOHK ENERGY CORP.,0.0,19.072296774193546
2026-03,OIL_AT_GAS_BATTERY,LOGAN ENERGY CORP.,0.0,375.6836670967742
2026-03,OIL_AT_GAS_BATTERY,LONG TERM ASSET MANAGEMENT INC.,0.0,0.24347612903225804
2026-03,OIL_AT_GAS_BATTERY,LOTUS CREEK EXPLORATION INC.,0.0,5.70139935483871
2026-03,OIL_AT_GAS_BATTERY,LOYAL ENERGY (CANADA) OPERATING LTD.,0.0,0.7101387096774192
2026-03,OIL_AT_GAS_BATTERY,LUCKY STRIKE RESOURCES LTD.,0.0,0.28405548387096774
2026-03,OIL_AT_GAS_BATTERY,LYNX ENERGY ULC,0.0,9.759334838709677
2026-03,OIL_AT_GAS_BATTERY,MANCAL ENERGY INC.,0.0,5.112998709677419
2026-03,OIL_AT_GAS_BATTERY,NEW NORTH RESOURCES LTD.,0.0,0.8927458064516129
2026-03,OIL_AT_GAS_BATTERY,NEW WEST DATA CORP.,0.0,7.202835483870967
2026-03,OIL_AT_GAS_BATTERY,NORTH 40 RESOURCES LTD.,0.0,47.76190064516129
2026-03,OIL_AT_GAS_BATTERY,NORWEGIAN ENERGY INC.,0.0,2.1507058064516125
2026-03,OIL_AT_GAS_BATTERY,OBSIDIAN ENERGY LTD.,0.0,22.785307741935483
2026-03,OIL_AT_GAS_BATTERY,ORLEN UPSTREAM CANADA LTD.,0.0,7.689787741935484
2026-03,OIL_AT_GAS_BATTERY,OUTLIER RESOURCES LTD.,0.0,26.478029032258064
2026-03,OIL_AT_GAS_BATTERY,OUTPOST ENERGY LTD.,0.0,0.18260709677419357
2026-03,OIL_AT_GAS_BATTERY,OVINTIV CANADA ULC,0.0,240.59499483870968
2026-03,OIL_AT_GAS_BATTERY,PARAMOUNT RESOURCES LTD.,0.0,8.237609032258064
2026-03,OIL_AT_GAS_BATTERY,PERSIST OIL AND GAS INC.,0.0,1.3391187096774193
2026-03,OIL_AT_GAS_BATTERY,PETRUS RESOURCES CORP.,0.0,16.39405935483871
2026-03,OIL_AT_GAS_BATTERY,PEYTO EXPLORATION & DEVELOPMENT CORP.,0.0,8.075291612903225
2026-03,OIL_AT_GAS_BATTERY,PINE CLIFF ENERGY LTD.,0.0,25.727310967741932
2026-03,OIL_AT_GAS_BATTERY,PRAIRIE PROVIDENT RESOURCES CANADA LTD.,0.0,4.4637290322580645
2026-03,OIL_AT_GAS_BATTERY,RED ANGUS ENERGY INC.,0.0,1.1970909677419355
2026-03,OIL_AT_GAS_BATTERY,RESISTANCE ENERGY LTD.,0.0,36.39968129032258
2026-03,OIL_AT_GAS_BATTERY,RESPONSE ENERGY CORPORATION,0.0,2.4347612903225806
2026-03,OIL_AT_GAS_BATTERY,SATURN OIL & GAS INC.,0.0,3.5304038709677417
2026-03,OIL_AT_GAS_BATTERY,SIGNALTA RESOURCES LIMITED,0.0,3.1246103225806454
2026-03,OIL_AT_GAS_BATTERY,SILVERLEAF RESOURCES INC.,0.0,3.4086658064516127
2026-03,OIL_AT_GAS_BATTERY,SINOPEC CANADA ENERGY LTD.,0.0,2.5362096774193548
2026-03,OIL_AT_GAS_BATTERY,SPARK INFRASTRUCTURE CORP.,0.0,0.6492696774193548
2026-03,OIL_AT_GAS_BATTERY,SPARTAN DELTA CORP.,0.0,7.608629032258064
2026-03,OIL_AT_GAS_BATTERY,SUCCESS RESOURCES LTD.,0.0,18.098392258064514
2026-03,OIL_AT_GAS_BATTERY,SUN CENTURY PETROLEUM CORPORATION,0.0,3.6115625806451614
2026-03,OIL_AT_GAS_BATTERY,TAMARACK VALLEY ENERGY LTD.,0.0,0.14202774193548387
2026-03,OIL_AT_GAS_BATTERY,TAQA NORTH LTD.,0.0,143.26541225806452
2026-03,OIL_AT_GAS_BATTERY,TIDEWATER MIDSTREAM AND INFRASTRUCTURE LTD.,0.0,0.5275316129032258
2026-03,OIL_AT_GAS_BATTERY,TOURMALINE OIL CORP.,0.0,183.90563612903225
2026-03,OIL_AT_GAS_BATTERY,VANTAGE POINT RESOURCES INC.,0.0,3.3072174193548385
2026-03,OIL_AT_GAS_BATTERY,VERMILION ENERGY INC.,0.0,285.8409754838709
2026-03,OIL_AT_GAS_BATTERY,WHITECAP RESOURCES INC.,0.0,108.57006387096773
2026-03,OIL_AT_GAS_BATTERY,WILCOX ENERGY CORP.,0.0,0.4869522580645161
2026-03,OIL_AT_GAS_BATTERY,YANGARRA RESOURCES CORP.,0.0,70.64865677419354
2026-03,OIL_UNCLASSIFIED,WHITECAP RESOURCES INC.,0.0,180.61870838709677
2026-04,BITUMEN,ATHABASCA OIL CORPORATION,0.0,34514.375962
2026-04,BITUMEN,AYIK ENERGY CORP.,0.0,1030.646628
2026-04,BITUMEN,BAYTEX ENERGY LTD.,0.0,37792.200401999995
2026-04,BITUMEN,BENKOIL RESOURCES LIMITED,0.0,38.808066
2026-04,BITUMEN,BIGHORN ENERGY CORPORATION,0.0,126.445946
2026-04,BITUMEN,CALTEX TRILOGY INC.,0.0,14363.324381999999
2026-04,BITUMEN,CANADIAN NATURAL RESOURCES LIMITED,0.0,370540.04314799997
2026-04,BITUMEN,CENOVUS ENERGY INC.,0.0,662929.048738
2026-04,BITUMEN,CHECK ENERGY LTD.,0.0,199.533422
2026-04,BITUMEN,CLEAR NORTH ENERGY CORP.,0.0,3058.541046
2026-04,BITUMEN,CNOOC PETROLEUM NORTH AMERICA ULC,0.0,72890.542362
2026-04,BITUMEN,CONNACHER OIL AND GAS LIMITED,0.0,18264.635729999998
2026-04,BITUMEN,CONOCOPHILLIPS CANADA RESOURCES CORP.,0.0,151230.252954
2026-04,BITUMEN,CROVERRO ENERGY LTD.,0.0,119.967452
2026-04,BITUMEN,DEERGARDEN RESOURCES LTD.,0.0,88.43458799999999
2026-04,BITUMEN,ETTHEN ENERGY CORPORATION,0.0,24.341525999999998
2026-04,BITUMEN,EVERGO RESOURCES LIMITED,0.0,12.244143999999999
2026-04,BITUMEN,GRAN TIERRA CANADA LTD.,0.0,237.35608599999998
2026-04,BITUMEN,GREENFIRE RESOURCES OPERATING CORPORATION,0.0,17286.529898
2026-04,BITUMEN,GRIZZLY OIL SANDS ULC,0.0,4.486724
2026-04,BITUMEN,HARVEST OPERATIONS CORP.,0.0,10417.963468
2026-04,BITUMEN,HEADWATER EXPLORATION INC.,0.0,22566.670235999998
2026-04,BITUMEN,HIGHWOOD ASSET MANAGEMENT LTD.,0.0,11.510333999999999
2026-04,BITUMEN,IMPERIAL OIL RESOURCES LIMITED,0.0,156102.290102
2026-04,BITUMEN,IPC CANADA LTD.,0.0,730.8747599999999
2026-04,BITUMEN,ISLANDER OIL & GAS INC.,0.0,3704.398676
2026-04,BITUMEN,LINEUP RESOURCES CORP.,0.0,1122.163218
2026-04,BITUMEN,LOTUS CREEK EXPLORATION INC.,0.0,22.286858
2026-04,BITUMEN,MAHIKAN OIL CORPORATION,0.0,282.453952
2026-04,BITUMEN,O'NEILL INDUSTRIES INTERNATIONAL-CANADA INC.,0.0,69.586154
2026-04,BITUMEN,OBSIDIAN ENERGY LTD.,0.0,11381.959181999999
2026-04,BITUMEN,PETROCHINA CANADA LTD.,0.0,7925.609251999999
2026-04,BITUMEN,RUBELLITE ENERGY INC.,0.0,5066.685492
2026-04,BITUMEN,SPUR PETROLEUM LTD.,0.0,25922.152739999998
2026-04,BITUMEN,STRATHCONA RESOURCES LTD.,0.0,60339.917374
2026-04,BITUMEN,SUNCOR ENERGY INC.,0.0,251219.76963599998
2026-04,BITUMEN,SURGE ENERGY INC.,0.0,9.833053999999999
2026-04,BITUMEN,TAMARACK VALLEY ENERGY LTD.,0.0,17486.189115999998
2026-04,BITUMEN,WEST LAKE ENERGY CORP.,0.0,29.14274
2026-04,BITUMEN,WESTGATE ENERGY OPERATIONS LTD.,0.0,384.55837199999996
2026-04,COND,ADVANTAGE ENERGY LTD.,0.0,1.3208579999999999
2026-04,COND,ARC RESOURCES LTD.,0.0,60714.873318
2026-04,COND,ATHABASCA OIL CORPORATION,0.0,1314.8407579999998
2026-04,COND,BACCALIEU ENERGY INC.,0.0,21.091795999999995
2026-04,COND,BARREL OIL CORP.,0.0,27.696085999999998
2026-04,COND,BEARSPAW PETROLEUM LTD.,0.0,5.241499999999999
2026-04,COND,BIRCHCLIFF ENERGY LTD.,0.0,709.0491539999999
2026-04,COND,BITSTONE RESOURCES INC.,0.0,5.618888
2026-04,COND,BLUE STAR ENERGY INC.,0.0,0.41931999999999997
2026-04,COND,BORNITE ENERGY LTD.,0.0,0.901538
2026-04,COND,BTG ENERGY CORP.,0.0,50.486127999999994
2026-04,COND,CANADIAN NATURAL RESOURCES LIMITED,0.0,701.1869039999999
2026-04,COND,CANLIN RESOURCES PARTNERSHIP,0.0,45.370424
2026-04,COND,CANSTONE ENERGY LTD.,0.0,0.8386399999999999
2026-04,COND,CARDINAL ENERGY LTD.,0.0,1.5514839999999999
2026-04,COND,CENOVUS ENERGY INC.,0.0,78.287044
2026-04,COND,CORSE ENERGY CORP.,0.0,1.9708039999999998
2026-04,COND,CYGNET ENERGY LTD.,0.0,538.8052339999999
2026-04,COND,DEL CANADA GP LTD.,0.0,4.675418
2026-04,COND,EMBER RESOURCES INC.,0.0,9.162142
2026-04,COND,ENTRADA RESOURCES INC.,0.0,0.566082
2026-04,COND,FIDDLEHEAD RESOURCES CORP.,0.0,3.165866
2026-04,COND,GRAN TIERRA CANADA LTD.,0.0,56.524336
2026-04,COND,HARD ROCK RESOURCES LTD.,0.0,0.41931999999999997
2026-04,COND,HARVEST OPERATIONS CORP.,0.0,27.696085999999998
2026-04,COND,HIGHWOOD ASSET MANAGEMENT LTD.,0.0,8.721855999999999
2026-04,COND,HWN ENERGY LTD.,0.0,81.55774
2026-04,COND,INPLAY OIL CORP.,0.0,10.06368
2026-04,COND,INSIGNIA ENERGY LTD.,0.0,543.64838
2026-04,COND,ISH ENERGY LTD.,0.0,0.9644359999999998
2026-04,COND,JOURNEY ENERGY INC.,0.0,31.302238
2026-04,COND,JX ENERGY LTD.,0.0,5.430193999999999
2026-04,COND,KARVE ENERGY INC.,0.0,0.398354
2026-04,COND,KELT EXPLORATION LTD.,0.0,336.67202799999995
2026-04,COND,KIWETINOHK ENERGY CORP.,0.0,23.104532
2026-04,COND,LONE TREE RESOURCES INC.,0.0,5.912412
2026-04,COND,LONG TERM ASSET MANAGEMENT INC.,0.0,15.011655999999999
2026-04,COND,LOYAL ENERGY (CANADA) OPERATING LTD.,0.0,400.99571599999996
2026-04,COND,LUCKY STRIKE RESOURCES LTD.,0.0,0.125796
2026-04,COND,LYNX ENERGY ULC,0.0,45.412355999999996
2026-04,COND,MAGA ENERGY LTD.,0.0,1.698246
2026-04,COND,MANCAL ENERGY INC.,0.0,42.644844
2026-04,COND,MURPHY OIL COMPANY LTD.,0.0,5139.458478
2026-04,COND,NEW NORTH RESOURCES LTD.,0.0,5.010873999999999
2026-04,COND,NEW TIMES ENERGY CANADA GP 2 LTD.,0.0,4.968941999999999
2026-04,COND,NEW TIMES ENERGY CANADA GP 3 LTD.,0.0,18.324284
2026-04,COND,OBSIDIAN ENERGY LTD.,0.0,14.068185999999999
2026-04,COND,ORLEN UPSTREAM CANADA LTD.,0.0,10.16851
2026-04,COND,OUTLIER RESOURCES LTD.,0.0,21.553047999999997
2026-04,COND,OVINTIV CANADA ULC,0.0,31.02968
2026-04,COND,PARAMOUNT RESOURCES LTD.,0.0,4434.707354
2026-04,COND,PERSIST OIL AND GAS INC.,0.0,2.285294
2026-04,COND,PETROCHINA DUVERNAY GAS PARTNERSHIP,0.0,36.250214
2026-04,COND,PETRUS RESOURCES CORP.,0.0,368.22585799999996
2026-04,COND,PEYTO EXPLORATION & DEVELOPMENT CORP.,0.0,66.56705
2026-04,COND,PINE CLIFF ENERGY LTD.,0.0,80.236882
2026-04,COND,PRAIRIE PROVIDENT RESOURCES CANADA LTD.,0.0,5.954344
2026-04,COND,PRAIRIE THUNDER RESOURCES LTD.,0.0,6.9397459999999995
2026-04,COND,RELENTLESS RESOURCES LTD.,0.0,1.195062
2026-04,COND,RESOURCEFUL PETROLEUM CANADA LIMITED,0.0,33.482701999999996
2026-04,COND,ROK RESOURCES INC.,0.0,4.549622
2026-04,COND,RUSH RESOURCES LTD.,0.0,9.812088
2026-04,COND,SATURN OIL & GAS INC.,0.0,4.50769
2026-04,COND,SIGNALTA RESOURCES LIMITED,0.0,7.463895999999999
2026-04,COND,SINOPEC CANADA ENERGY LTD.,0.0,91.977842
2026-04,COND,SOGAR RESOURCES LTD.,0.0,1.2789259999999998
2026-04,COND,SPARK INFRASTRUCTURE CORP.,0.0,3.690016
2026-04,COND,SPARTAN DELTA CORP.,0.0,1999.464522
2026-04,COND,SPOKE RESOURCES LTD.,0.0,6.772017999999999
2026-04,COND,SPROCKET ENERGY CORPORATION,0.0,0.10482999999999999
2026-04,COND,SUCCESS RESOURCES LTD.,0.0,1.8869399999999998
2026-04,COND,SUN CENTURY PETROLEUM CORPORATION,0.0,1.4256879999999996
2026-04,COND,SURGE ENERGY INC.,0.0,6.834916000000001
2026-04,COND,SUTTON ENERGY LTD.,0.0,0.146762
2026-04,COND,TAIGA ENERGY CORP.,0.0,2.012736
2026-04,COND,TAQA NORTH LTD.,0.0,577.82296
2026-04,COND,TEINE ENERGY LTD.,0.0,16.458309999999997
2026-04,COND,TENAZ ENERGY CORP.,0.0,9.120209999999998
2026-04,COND,TOURMALINE OIL CORP.,0.0,551.19614
2026-04,COND,VANTAGE POINT RESOURCES INC.,0.0,0.985402
2026-04,COND,VERMILION ENERGY INC.,0.0,178.294864
2026-04,COND,WEST 5 RESOURCES INC.,0.0,0.230626
2026-04,COND,WHITECAP PARTNERSHIP,0.0,722.6980199999999
2026-04,COND,WHITECAP RESOURCES INC.,0.0,12682.878515999999
2026-04,COND,YANGARRA RESOURCES CORP.,0.0,156.21766599999998
2026-04,CRUDE_OIL,1288131 ALBERTA LTD.,0.0,8.868618
2026-04,CRUDE_OIL,1506928 ALBERTA LTD.,0.0,21.343387999999997
2026-04,CRUDE_OIL,1852797 ALBERTA ULC,0.0,158.90131399999999
2026-04,CRUDE_OIL,2155192 ALBERTA LTD.,0.0,26.480058
2026-04,CRUDE_OIL,2363750 ALBERTA LTD.,0.0,45.433322
2026-04,CRUDE_OIL,2672682 ALBERTA LTD,0.0,10.210442
2026-04,CRUDE_OIL,501 ENERGY CORP.,0.0,124.18161799999999
2026-04,CRUDE_OIL,840586 ALBERTA LTD.,0.0,34.971288
2026-04,CRUDE_OIL,97837 RESOURCES LTD.,0.0,5.241499999999999
2026-04,CRUDE_OIL,979968 ALBERTA LTD.,0.0,7.254236000000001
2026-04,CRUDE_OIL,ACQUISITION OIL CORP.,0.0,764.3574619999999
2026-04,CRUDE_OIL,ADANAC OIL & GAS LIMITED,0.0,20.840204
2026-04,CRUDE_OIL,ADVANTAGE ENERGY LTD.,0.0,7156.618304
2026-04,CRUDE_OIL,AENEID EXPLORATION INC.,0.0,85.394518
2026-04,CRUDE_OIL,AERADEN ENERGY CORP.,0.0,27.947677999999996
2026-04,CRUDE_OIL,ALBERTA PETROLEUM ENERGY LIMITED,0.0,11.866755999999999
2026-04,CRUDE_OIL,ALCHEMY ENERGY LTD,0.0,430.51584399999996
2026-04,CRUDE_OIL,ALEXANDER OILFIELD SERVICES LTD.,0.0,25.934942
2026-04,CRUDE_OIL,ALLIED ENERGY II CORP.,0.0,1826.6208179999999
2026-04,CRUDE_OIL,ALSACE ENERGY CORP.,0.0,28.576658000000002
2026-04,CRUDE_OIL,ALTAIR ENERGY LTD.,0.0,166.80549599999998
2026-04,CRUDE_OIL,ALTIMA RESOURCES LTD.,0.0,19.309686
2026-04,CRUDE_OIL,APAR ENERGY INC.,0.0,21.007931999999997
2026-04,CRUDE_OIL,ARAL RESOURCES LTD.,0.0,28.115406
2026-04,CRUDE_OIL,ARC RESOURCES LTD.,0.0,8174.412773999999
2026-04,CRUDE_OIL,ARCHER EXPLORATION CORP.,0.0,8580.629024
2026-04,CRUDE_OIL,ARTIS EXPLORATION LTD.,0.0,10061.143113999999
2026-04,CRUDE_OIL,ASCENSUN OIL AND GAS LTD.,0.0,83.989796
2026-04,CRUDE_OIL,ASPENLEAF ENERGY LIMITED,0.0,15764.251536
2026-04,CRUDE_OIL,ASTARA ENERGY CORP.,0.0,4059.0385659999997
2026-04,CRUDE_OIL,ATCO NEXT ENERGY LTD.,0.0,49.773284
2026-04,CRUDE_OIL,ATHABASCA OIL CORPORATION,0.0,107.91200199999999
2026-04,CRUDE_OIL,AXIOM OIL AND GAS INC.,0.0,686.0704179999999
2026-04,CRUDE_OIL,B-32 EXPLORATION LTD.,0.0,118.730458
2026-04,CRUDE_OIL,BACCALIEU ENERGY INC.,0.0,1918.3261019999998
2026-04,CRUDE_OIL,BAND ENERGY RESOURCES LTD.,0.0,4.1932
2026-04,CRUDE_OIL,BARCOMP PETROLEUM LTD.,0.0,95.038878
2026-04,CRUDE_OIL,"BARNWELL OF CANADA, LIMITED",0.0,445.674262
2026-04,CRUDE_OIL,BARREL OIL CORP.,0.0,2631.107204
2026-04,CRUDE_OIL,BATTLE RIVER ENERGY LTD.,0.0,867.2585899999999
2026-04,CRUDE_OIL,BAY OIL AND GAS LTD.,0.0,61.409414
2026-04,CRUDE_OIL,BAYTEX ENERGY LTD.,0.0,4833.040387999999
2026-04,CRUDE_OIL,BDJ ENERGY INC.,0.0,40.904666
2026-04,CRUDE_OIL,BEARSPAW PETROLEUM LTD.,0.0,558.932594
2026-04,CRUDE_OIL,BENCH CREEK RESOURCES LTD.,0.0,37.906527999999994
2026-04,CRUDE_OIL,BIGHORN ENERGY CORPORATION,0.0,150.661676
2026-04,CRUDE_OIL,BIRCHCLIFF ENERGY LTD.,0.0,1241.4178259999999
2026-04,CRUDE_OIL,BITSTONE RESOURCES INC.,0.0,72.60525799999999
2026-04,CRUDE_OIL,BLUE STAR ENERGY INC.,0.0,20.33702
2026-04,CRUDE_OIL,BONTERRA ENERGY CORP.,0.0,6295.481785999999
2026-04,CRUDE_OIL,BORNITE ENERGY LTD.,0.0,5.2415
2026-04,CRUDE_OIL,BORRADAILE OIL LTD.,0.0,17.024392
2026-04,CRUDE_OIL,BOUNTY DEVELOPMENTS LTD.,0.0,10.524932
2026-04,CRUDE_OIL,"BRIGHTSPOT INTERNATIONAL ENERGY (CANADA) CO., LTD.",0.0,207.919822
2026-04,CRUDE_OIL,BROTHERIN ENERGY LTD.,0.0,72.710088
2026-04,CRUDE_OIL,BRW PETROLEUM CORP.,0.0,235.196588
2026-04,CRUDE_OIL,BTG ENERGY CORP.,0.0,1356.416336
2026-04,CRUDE_OIL,C GROUP ENERGY INC.,0.0,159.04807599999998
2026-04,CRUDE_OIL,CABOT ENERGY INC.,0.0,144.434774
2026-04,CRUDE_OIL,CALEDONIAN MIDSTREAM CORPORATION,0.0,264.82154599999996
2026-04,CRUDE_OIL,CALTEX TRILOGY INC.,0.0,196.28369199999997
2026-04,CRUDE_OIL,CANADIAN NATURAL RESOURCES LIMITED,0.0,78324.489276
2026-04,CRUDE_OIL,CANEX RESOURCES LTD.,0.0,2.977172
2026-04,CRUDE_OIL,CANLIN RESOURCES PARTNERSHIP,0.0,714.982532
2026-04,CRUDE_OIL,CANUCK NORTH RESOURCES LTD.,0.0,20.588611999999998
2026-04,CRUDE_OIL,CARDINAL ENERGY LTD.,0.0,13415.178963999999
2026-04,CRUDE_OIL,CENOVUS ENERGY INC.,0.0,12992.378607999999
2026-04,CRUDE_OIL,CENTENNIAL PETROLEUM COMPANY LTD.,0.0,0.922504
2026-04,CRUDE_OIL,CLAMPETT ENERGY LTD.,0.0,47.131568
2026-04,CRUDE_OIL,COASTAL RESOURCES LIMITED,0.0,94.598592
2026-04,CRUDE_OIL,COBALT ENERGY INC.,0.0,330.570922
2026-04,CRUDE_OIL,CONIFER ENERGY INC.,0.0,5584.4408619999995
2026-04,CRUDE_OIL,CONVEGA ENERGY LTD.,0.0,14.005287999999998
2026-04,CRUDE_OIL,CORSE ENERGY CORP.,0.0,0.566082
2026-04,CRUDE_OIL,COURSER ENERGY LTD.,0.0,104.431646
2026-04,CRUDE_OIL,CREST JINN PETROLEUM CORPORATION,0.0,39.541876
2026-04,CRUDE_OIL,CROVERRO ENERGY LTD.,0.0,330.193534
2026-04,CRUDE_OIL,CYGNET ENERGY LTD.,0.0,2185.3490779999997
2026-04,CRUDE_OIL,DARK ENERGY LTD.,0.0,34.929356
2026-04,CRUDE_OIL,DARK WARRIOR RESOURCES LTD.,0.0,115.16623799999999
2026-04,CRUDE_OIL,DECCAN ENERGY LTD.,0.0,102.94305999999999
2026-04,CRUDE_OIL,DECIMUS OIL CORP.,0.0,42.9803
2026-04,CRUDE_OIL,DECKLAND INC.,0.0,29.520128
2026-04,CRUDE_OIL,DEL CANADA GP LTD.,0.0,380.97318599999994
2026-04,CRUDE_OIL,DELTAWEST ENERGY LTD.,0.0,132.001936
2026-04,CRUDE_OIL,DERRICK PETROLEUM LTD.,0.0,5.5140579999999995
2026-04,CRUDE_OIL,DIRE RESOURCES LTD.,0.0,18.743603999999998
2026-04,CRUDE_OIL,DOAG ENERGY LTD.,0.0,33.524634
2026-04,CRUDE_OIL,DURHAM CREEK ENERGY LTD.,0.0,31.34417
2026-04,CRUDE_OIL,DWL RESOURCES LTD.,0.0,90.15379999999999
2026-04,CRUDE_OIL,EAGLE ENERGY INC.,0.0,926.2569139999999
2026-04,CRUDE_OIL,ECLIPSE RESOURCES LTD.,0.0,450.160986
2026-04,CRUDE_OIL,ECOCHAIN ENERGY LTD.,0.0,27.821881999999995
2026-04,CRUDE_OIL,EDALIS ENERGY INC.,0.0,9.770155999999998
2026-04,CRUDE_OIL,EMBER RESOURCES INC.,0.0,139.989982
2026-04,CRUDE_OIL,ENDRUM ENERGY CORP.,0.0,20.714408
2026-04,CRUDE_OIL,ENER T CORPORATION,0.0,53.693926
2026-04,CRUDE_OIL,ENERCAPITA ENERGY LTD.,0.0,2956.352762
2026-04,CRUDE_OIL,ENHANCE ENERGY INC.,0.0,2134.8419839999997
2026-04,CRUDE_OIL,ENTRADA RESOURCES INC.,0.0,1083.0196959999998
2026-04,CRUDE_OIL,EP RESOURCES CORPORATION,0.0,396.38319599999994
2026-04,CRUDE_OIL,ERDOL RESOURCES CORP.,0.0,173.745242
2026-04,CRUDE_OIL,EXECUTIVE ADVENTURES 2008 INC.,0.0,55.853424
2026-04,CRUDE_OIL,FIDDLEHEAD RESOURCES CORP.,0.0,17.359848
2026-04,CRUDE_OIL,FIRE CREEK RESOURCES LTD.,0.0,246.03600999999998
2026-04,CRUDE_OIL,FIVE POINT ENERGY INC.,0.0,21.657877999999997
2026-04,CRUDE_OIL,FLYWHEEL RESOURCES CORP.,0.0,474.35575
2026-04,CRUDE_OIL,FORT CALGARY RESOURCES LTD.,0.0,21.846572
2026-04,CRUDE_OIL,G. HERMAN GROUP INC.,0.0,17.632406
2026-04,CRUDE_OIL,GLOBAL CANUCK ENERGY LTD.,0.0,2.494954
2026-04,CRUDE_OIL,GMT EXPLORATION ZAMA INC.,0.0,842.2880839999999
2026-04,CRUDE_OIL,GOLDEN SPIKE ENERGY INC.,0.0,2.20143
2026-04,CRUDE_OIL,GOOSE CREEK RESOURCES LTD.,0.0,139.025546
2026-04,CRUDE_OIL,GRAN TIERRA CANADA LTD.,0.0,2286.65679
2026-04,CRUDE_OIL,GRASSLAND ENERGY CORP.,0.0,630.1331299999999
2026-04,CRUDE_OIL,GRIZZLY RESOURCES LTD.,0.0,1608.700214
2026-04,CRUDE_OIL,GUNNARR RESOURCES INC.,0.0,15.808364000000001
2026-04,CRUDE_OIL,HALO EXPLORATION LTD.,0.0,131.498752
2026-04,CRUDE_OIL,HARD ROCK RESOURCES LTD.,0.0,36.229248
2026-04,CRUDE_OIL,HARVARD RESOURCES INC.,0.0,66.588016
2026-04,CRUDE_OIL,HARVEST ENERGY CORPORATION,0.0,3.731948
2026-04,CRUDE_OIL,HARVEST OPERATIONS CORP.,0.0,1101.637504
2026-04,CRUDE_OIL,HBC ENERGY LTD.,0.0,2.390124
2026-04,CRUDE_OIL,HEADWATER EXPLORATION INC.,0.0,441.96327999999994
2026-04,CRUDE_OIL,HEMISPHERE ENERGY CORPORATION,0.0,3492.977532
2026-04,CRUDE_OIL,HESC ENERGY CORPORATION,0.0,111.20366399999999
2026-04,CRUDE_OIL,HIGHVALE ENERGY LIMITED,0.0,427.58060399999994
2026-04,CRUDE_OIL,HIGHWOOD ASSET MANAGEMENT LTD.,0.0,2459.8778819999998
2026-04,CRUDE_OIL,HITIC ENERGY LTD.,0.0,3908.9010399999997
2026-04,CRUDE_OIL,HWN ENERGY LTD.,0.0,11603.506904
2026-04,CRUDE_OIL,HYDRO VAULT ENERGY LTD.,0.0,53.84068799999999
2026-04,CRUDE_OIL,INDRA OIL & GAS LTD.,0.0,12.286075999999998
2026-04,CRUDE_OIL,INNES OILFIELD SERVICES LTD.,0.0,12.013518
2026-04,CRUDE_OIL,INPLAY OIL CORP.,0.0,9126.835256
2026-04,CRUDE_OIL,INSCH COMMODITY LTD.,0.0,11.887722
2026-04,CRUDE_OIL,INSIGNIA ENERGY LTD.,0.0,733.1390879999999
2026-04,CRUDE_OIL,INTEGRITY OIL OPERATIONS LTD.,0.0,5.367296
2026-04,CRUDE_OIL,IPC CANADA LTD.,0.0,10696.832234
2026-04,CRUDE_OIL,ISH ENERGY LTD.,0.0,690.661972
2026-04,CRUDE_OIL,JAST ENERGY LTD.,0.0,30.945815999999997
2026-04,CRUDE_OIL,JOLI FOU PETROLEUMS LTD.,0.0,21.448217999999997
2026-04,CRUDE_OIL,JOURNEY ENERGY INC.,0.0,5051.4641759999995
2026-04,CRUDE_OIL,JX ENERGY LTD.,0.0,32.329572
2026-04,CRUDE_OIL,KARVE ENERGY INC.,0.0,8166.1941019999995
2026-04,CRUDE_OIL,KELT EXPLORATION LTD.,0.0,5099.476315999999
2026-04,CRUDE_OIL,KEYERA ENERGY LTD.,0.0,1.7821099999999999
2026-04,CRUDE_OIL,KINMERC OIL & GAS INC.,0.0,282.034632
2026-04,CRUDE_OIL,KIWETINOHK ENERGY CORP.,0.0,162.926786
2026-04,CRUDE_OIL,KOHO ENERGY CORP.,0.0,2.767512
2026-04,CRUDE_OIL,LEDGEND ROYALTY TRUST LTD.,0.0,17.213086
2026-04,CRUDE_OIL,LOGAN ENERGY CORP.,0.0,3971.0232979999996
2026-04,CRUDE_OIL,LOGIC ENERGY LTD.,0.0,209.76483
2026-04,CRUDE_OIL,LONE TREE RESOURCES INC.,0.0,20.609578
2026-04,CRUDE_OIL,LONG TERM ASSET MANAGEMENT INC.,0.0,19.582243999999996
2026-04,CRUDE_OIL,LONGRIDGE ENERGY LTD.,0.0,109.33769
2026-04,CRUDE_OIL,LONGSHORE RESOURCES LTD.,0.0,3245.620664
2026-04,CRUDE_OIL,LOTUS CREEK EXPLORATION INC.,0.0,1819.8907319999998
2026-04,CRUDE_OIL,LOYAL ENERGY (CANADA) OPERATING LTD.,0.0,621.4532059999999
2026-04,CRUDE_OIL,LUCKY STRIKE RESOURCES LTD.,0.0,124.517074
2026-04,CRUDE_OIL,LUXUR RESOURCES INC.,0.0,5.7446839999999995
2026-04,CRUDE_OIL,LYCOS ENERGY INC.,0.0,1549.534162
2026-04,CRUDE_OIL,LYNX ENERGY ULC,0.0,1338.762964
2026-04,CRUDE_OIL,MAGA ENERGY LTD.,0.0,44.112463999999996
2026-04,CRUDE_OIL,MANCAL ENERGY INC.,0.0,2348.2968299999998
2026-04,CRUDE_OIL,MARLIN RESOURCES LTD.,0.0,141.54146599999999
2026-04,CRUDE_OIL,MARS ENERGY RESOURCES MANAGEMENT LTD.,0.0,202.238036
2026-04,CRUDE_OIL,MATO INC.,0.0,2.851376
2026-04,CRUDE_OIL,MORNING STAR PETROLEUM INCORPORATED,0.0,4.570588
2026-04,CRUDE_OIL,MUDDY PETROLEUM COMPANY LTD.,0.0,1.0692659999999998
2026-04,CRUDE_OIL,MURPHY OIL COMPANY LTD.,0.0,1563.0572319999999
2026-04,CRUDE_OIL,N7 ENERGY LTD.,0.0,319.563772
2026-04,CRUDE_OIL,NEW NORTH RESOURCES LTD.,0.0,26.501023999999997
2026-04,CRUDE_OIL,NEW TIMES ENERGY CANADA GP 2 LTD.,0.0,26.815513999999997
2026-04,CRUDE_OIL,NEW WEST DATA ACQUISITION CORP.,0.0,196.430454
2026-04,CRUDE_OIL,NEW WEST DATA CORP.,0.0,53.4633
2026-04,CRUDE_OIL,NORTH 40 RESOURCES LTD.,0.0,2938.971948
2026-04,CRUDE_OIL,NORTH FORK RESOURCES LTD.,0.0,206.72475999999997
2026-04,CRUDE_OIL,NORTHERN SMILODON ENERGY INC.,0.0,2.977172
2026-04,CRUDE_OIL,NORTHROCK RESOURCES PARTNERSHIP LTD.,0.0,68.600752
2026-04,CRUDE_OIL,NOVACOR EXPLORATION LTD.,0.0,35.684132
2026-04,CRUDE_OIL,NOVUS ENERGY INC.,0.0,42.330354
2026-04,CRUDE_OIL,NUOVA STRADA VENTURES LTD.,0.0,98.41440399999999
2026-04,CRUDE_OIL,NVP EXPLORATION INC.,0.0,11.489367999999997
2026-04,CRUDE_OIL,NVS ENGINEERING INC.,0.0,21.90947
2026-04,CRUDE_OIL,OBSIDIAN ENERGY LTD.,0.0,4898.370444
2026-04,CRUDE_OIL,OHANA RESOURCES INC.,0.0,160.410866
2026-04,CRUDE_OIL,ORGA ENERGY LTD.,0.0,182.697724
2026-04,CRUDE_OIL,ORLEN UPSTREAM CANADA LTD.,0.0,698.566154
2026-04,CRUDE_OIL,OUTLIER RESOURCES LTD.,0.0,283.439354
2026-04,CRUDE_OIL,OUTPOST ENERGY LTD.,0.0,13.565002
2026-04,CRUDE_OIL,OVINTIV CANADA ULC,0.0,411.45775
2026-04,CRUDE_OIL,PARALLAX ENERGY OPERATING INC.,0.0,14004.596121999999
2026-04,CRUDE_OIL,PARAMOUNT RESOURCES LTD.,0.0,999.9733699999999
2026-04,CRUDE_OIL,PENTACOR ENERGY CORP.,0.0,369.42091999999997
2026-04,CRUDE_OIL,PERISSON PETROLEUM CORPORATION,0.0,20.295088
2026-04,CRUDE_OIL,PERSIST OIL AND GAS INC.,0.0,1458.520756
2026-04,CRUDE_OIL,PERTHRO (CANADA) INC.,0.0,50.528059999999996
2026-04,CRUDE_OIL,PETRUS RESOURCES CORP.,0.0,1779.8247059999999
2026-04,CRUDE_OIL,PEYTO EXPLORATION & DEVELOPMENT CORP.,0.0,30.4007
2026-04,CRUDE_OIL,PINE CLIFF ENERGY LTD.,0.0,946.489104
2026-04,CRUDE_OIL,POINT BAR RESOURCES INC.,0.0,803.270358
2026-04,CRUDE_OIL,POINTBREAK RESOURCES INC.,0.0,1125.224254
2026-04,CRUDE_OIL,POKER CHIP EXPLORATION LTD.,0.0,19.980598
2026-04,CRUDE_OIL,POTTS PETROLEUM INC.,0.0,189.972926
2026-04,CRUDE_OIL,PRAIRIE PROVIDENT RESOURCES CANADA LTD.,0.0,1209.5495059999998
2026-04,CRUDE_OIL,PRAIRIE THUNDER RESOURCES LTD.,0.0,4329.856388
2026-04,CRUDE_OIL,PRIMROSE DRILLING VENTURES LTD.,0.0,9.32987
2026-04,CRUDE_OIL,PRONGHORN RESOURCES LTD.,0.0,19.435482
2026-04,CRUDE_OIL,PROSPERA ENERGY INC.,0.0,8.617026
2026-04,CRUDE_OIL,PULSE OIL OPERATING CORP.,0.0,125.460544
2026-04,CRUDE_OIL,QUESTERRE ENERGY CORPORATION,0.0,3.6271180000000003
2026-04,CRUDE_OIL,RAKE RESOURCES LTD,0.0,13.481138
2026-04,CRUDE_OIL,RALLY CANADA RESOURCES LTD.,0.0,376.65418999999997
2026-04,CRUDE_OIL,RAMPART OIL INC.,0.0,445.42267
2026-04,CRUDE_OIL,RANAHAN RESOURCES LIMITED,0.0,1345.031798
2026-04,CRUDE_OIL,RED ANGUS ENERGY INC.,0.0,117.451532
2026-04,CRUDE_OIL,RED JACK PETROLEUM LTD.,0.0,3.962573999999999
2026-04,CRUDE_OIL,RELENTLESS RESOURCES LTD.,0.0,34.656797999999995
2026-04,CRUDE_OIL,RESISTANCE ENERGY LTD.,0.0,26.249432
2026-04,CRUDE_OIL,RESONANCE ENERGY LTD.,0.0,5.765649999999999
2026-04,CRUDE_OIL,RESOURCEFUL PETROLEUM CANADA LIMITED,0.0,28.849216
2026-04,CRUDE_OIL,RESPONSE ENERGY CORPORATION,0.0,752.448774
2026-04,CRUDE_OIL,REVOLUTION OIL & GAS CORPORATION,0.0,442.613226
2026-04,CRUDE_OIL,REX ENERGY LTD.,0.0,6.499459999999999
2026-04,CRUDE_OIL,RIBBON CREEK RESOURCES INC.,0.0,38.493576
2026-04,CRUDE_OIL,RICOCHET OIL CORP.,0.0,10001.746436
2026-04,CRUDE_OIL,RIDGELINE EXPLORATION INC.,0.0,52.331136
2026-04,CRUDE_OIL,RIMFIRE ENERGY INC.,0.0,9.078278000000001
2026-04,CRUDE_OIL,RISING TIDE ENERGY LTD.,0.0,31.532863999999996
2026-04,CRUDE_OIL,ROCKEAST ENERGY CORP.,0.0,712.969796
2026-04,CRUDE_OIL,ROK RESOURCES INC.,0.0,120.386772
2026-04,CRUDE_OIL,ROTHMANS ENERGY INC.,0.0,11.237776
2026-04,CRUDE_OIL,RTD ENERGY INC.,0.0,5.7866159999999995
2026-04,CRUDE_OIL,RUBELLITE ENERGY INC.,0.0,5776.720047999999
2026-04,CRUDE_OIL,RURALCO RESOURCES CORP.,0.0,14.529437999999999
2026-04,CRUDE_OIL,RUSH RESOURCES LTD.,0.0,180.07697399999998
2026-04,CRUDE_OIL,SAND HILLS DIV CORP LTD.,0.0,296.501172
2026-04,CRUDE_OIL,SANDPOINT RESOURCES INC.,0.0,23.754478000000002
2026-04,CRUDE_OIL,SATURN OIL & GAS INC.,0.0,4288.951722
2026-04,CRUDE_OIL,SHACKLETON EXPLORATION LTD.,0.0,520.145494
2026-04,CRUDE_OIL,SHANPET RESOURCES LTD.,0.0,10.713626
2026-04,CRUDE_OIL,SHARPTAIL ENERGY INC.,0.0,625.751236
2026-04,CRUDE_OIL,SHOT POINT RESOURCES LTD.,0.0,50.653856
2026-04,CRUDE_OIL,SIFTON PETROLEUM INC.,0.0,1227.810892
2026-04,CRUDE_OIL,SIGNALTA RESOURCES LIMITED,0.0,159.15290599999997
2026-04,CRUDE_OIL,SILVERLEAF RESOURCES INC.,0.0,84.95423199999999
2026-04,CRUDE_OIL,SINOPEC CANADA ENERGY LTD.,0.0,2072.824556
2026-04,CRUDE_OIL,SOGAR RESOURCES LTD.,0.0,7.820317999999999
2026-04,CRUDE_OIL,SPARK INFRASTRUCTURE CORP.,0.0,13.83756
2026-04,CRUDE_OIL,SPARTAN DELTA CORP.,0.0,7179.28255
2026-04,CRUDE_OIL,SPOKE RESOURCES LTD.,0.0,2106.87334
2026-04,CRUDE_OIL,SPUR PETROLEUM LTD.,0.0,37478.423246
2026-04,CRUDE_OIL,STRATHCONA RESOURCES LTD.,0.0,3268.70423
2026-04,CRUDE_OIL,SUCCESS RESOURCES LTD.,0.0,24.718913999999998
2026-04,CRUDE_OIL,SUMERIAN OIL & GAS INC.,0.0,101.727032
2026-04,CRUDE_OIL,SUN CENTURY PETROLEUM CORPORATION,0.0,49.018508
2026-04,CRUDE_OIL,SUPREME ENERGY INC.,0.0,97.512866
2026-04,CRUDE_OIL,SURGE ENERGY INC.,0.0,13671.383483999998
2026-04,CRUDE_OIL,SUTTON ENERGY LTD.,0.0,3.1449
2026-04,CRUDE_OIL,TAGGART OIL CORP.,0.0,68.537854
2026-04,CRUDE_OIL,TAKU GAS LIMITED,0.0,15.116485999999998
2026-04,CRUDE_OIL,TAMARACK VALLEY ENERGY LTD.,0.0,42480.910846
2026-04,CRUDE_OIL,TAQA NORTH LTD.,0.0,4544.736922
2026-04,CRUDE_OIL,TEINE ENERGY LTD.,0.0,10855.335194
2026-04,CRUDE_OIL,TENAZ ENERGY CORP.,0.0,1590.250134
2026-04,CRUDE_OIL,TEXCAL ENERGY CANADA INC.,0.0,600.487206
2026-04,CRUDE_OIL,THOROUGHBRED ENERGY LTD.,0.0,67.13313199999999
2026-04,CRUDE_OIL,TIDEWATER MIDSTREAM AND INFRASTRUCTURE LTD.,0.0,169.342382
2026-04,CRUDE_OIL,TOP OIL PRODUCTION LTD.,0.0,245.38606399999998
2026-04,CRUDE_OIL,TOURMALINE OIL CORP.,0.0,1320.1661219999999
2026-04,CRUDE_OIL,TOWER RIDGE ENTERPRISES CORP.,0.0,4.423826
2026-04,CRUDE_OIL,TRIPLE 555 OIL COMPANY LTD.,0.0,17.800134
2026-04,CRUDE_OIL,TUKTU RESOURCES LTD.,0.0,132.29546
2026-04,CRUDE_OIL,TUSCANY PETROLEUM LTD.,0.0,13.082784
2026-04,CRUDE_OIL,TYKEWEST LIMITED,0.0,113.887312
2026-04,CRUDE_OIL,ULYSSES ENERGY CORP.,0.0,935.104566
2026-04,CRUDE_OIL,UNIT 18 CORP.,0.0,180.87368199999997
2026-04,CRUDE_OIL,VANRENA RESOURCES LTD.,0.0,4.151268
2026-04,CRUDE_OIL,VANTAGE POINT RESOURCES INC.,0.0,994.354482
2026-04,CRUDE_OIL,VERMILION ENERGY INC.,0.0,2692.894006
2026-04,CRUDE_OIL,VITAL ENERGY INC.,0.0,341.452276
2026-04,CRUDE_OIL,VULTURE ENERGY LTD.,0.0,23.544818
2026-04,CRUDE_OIL,WASP ENTERPRIZES LTD.,0.0,107.828138
2026-04,CRUDE_OIL,WESCAN ENERGY CORP.,0.0,166.05071999999998
2026-04,CRUDE_OIL,WEST 5 RESOURCES INC.,0.0,174.03876599999998
2026-04,CRUDE_OIL,WEST LAKE ENERGY CORP.,0.0,6523.193512
2026-04,CRUDE_OIL,WESTERN BASIN ENERGY CORPORATION,0.0,2103.8542359999997
2026-04,CRUDE_OIL,WESTGATE ENERGY OPERATIONS LTD.,0.0,129.46505
2026-04,CRUDE_OIL,WHITE TUNDRA PETROLEUM LTD.,0.0,26.060737999999997
2026-04,CRUDE_OIL,WHITECAP PARTNERSHIP,0.0,40480.922174
2026-04,CRUDE_OIL,WHITECAP RESOURCES INC.,0.0,21737.318174
2026-04,CRUDE_OIL,WHITEMUD CREEK RESOURCES LTD.,0.0,23.188395999999997
2026-04,CRUDE_OIL,WILCOX ENERGY CORP.,0.0,18.596842
2026-04,CRUDE_OIL,WILDCAT RENTALS LTD.,0.0,15.263247999999997
2026-04,CRUDE_OIL,WOLF LAKE EXPLORATION LTD.,0.0,387.34685
2026-04,CRUDE_OIL,WOODCOTE INC.,0.0,769.2844719999999
2026-04,CRUDE_OIL,WOODSMAN ENERGY CORP.,0.0,303.71347599999996
2026-04,CRUDE_OIL,XENOTIME ENERGY INC.,0.0,5.199568
2026-04,CRUDE_OIL,YANGARRA RESOURCES CORP.,0.0,1906.3545159999999
2026-04,CRUDE_OIL,ZNX ENERGY LTD.,0.0,11.195844
2026-04,CRUDE_OIL,ZYZYGY RESOURCES LTD.,0.0,47.550888
2026-04,GAS,1170778 ALBERTA LTD.,0.001883450666666667,0.0
2026-04,GAS,1288131 ALBERTA LTD.,0.042730787000000006,0.0
2026-04,GAS,1506928 ALBERTA LTD.,0.002354313333333334,0.0
2026-04,GAS,1852797 ALBERTA ULC,0.003884617000000001,0.0
2026-04,GAS,2155192 ALBERTA LTD.,0.086521015,0.0
2026-04,GAS,2363750 ALBERTA LTD.,0.15126463166666668,0.0
2026-04,GAS,2672682 ALBERTA LTD,0.02483800566666667,0.0
2026-04,GAS,501 ENERGY CORP.,0.11571450033333334,0.0
2026-04,GAS,840586 ALBERTA LTD.,0.1765735,0.0
2026-04,GAS,97837 RESOURCES LTD.,0.027427750333333334,0.0
2026-04,GAS,979968 ALBERTA LTD.,0.10453151200000002,0.0
2026-04,GAS,ACQUISITION OIL CORP.,0.550203026,0.0
2026-04,GAS,ADANAC OIL & GAS LIMITED,0.048027992000000005,0.0
2026-04,GAS,ADVANTAGE ENERGY LTD.,460.9771404113334,0.0
2026-04,GAS,AENEID EXPLORATION INC.,0.029546632333333336,0.0
2026-04,GAS,AERADEN ENERGY CORP.,0.033431249333333336,0.0
2026-04,GAS,ALBERTA PETROLEUM ENERGY LIMITED,0.007651518333333334,0.0
2026-04,GAS,ALCHEMY ENERGY LTD,1.1490226223333335,0.0
2026-04,GAS,ALEXANDER OILFIELD SERVICES LTD.,0.048145707666666676,0.0
2026-04,GAS,ALLIED ENERGY II CORP.,4.687673278,0.0
2026-04,GAS,ALSACE ENERGY CORP.,0.0021188820000000003,0.0
2026-04,GAS,ALTAGAS LTD.,0.17516091200000003,0.0
2026-04,GAS,ALTAIR ENERGY LTD.,0.9505540083333335,0.0
2026-04,GAS,ALTIMA RESOURCES LTD.,0.021541967000000002,0.0
2026-04,GAS,APAR ENERGY INC.,0.005297205000000001,0.0
2026-04,GAS,APL OIL & GAS (1998) LTD.,0.22401291366666667,0.0
2026-04,GAS,ARAL RESOURCES LTD.,0.03578556266666667,0.0
2026-04,GAS,ARC RESOURCES LTD.,742.0189390983335,0.0
2026-04,GAS,ARCHER EXPLORATION CORP.,43.661682492000004,0.0
2026-04,GAS,ARROW EXPLORATION CORP.,0.20906302400000004,0.0
2026-04,GAS,ARTIS EXPLORATION LTD.,14.950831392000001,0.0
2026-04,GAS,ASCENSUN OIL AND GAS LTD.,0.052383471666666674,0.0
2026-04,GAS,ASPENLEAF ENERGY LIMITED,37.37590132333334,0.0
2026-04,GAS,ASTARA ENERGY CORP.,13.873733042000001,0.0
2026-04,GAS,ATCO NEXT ENERGY LTD.,82.000380253,0.0
2026-04,GAS,ATHABASCA OIL CORPORATION,6.593607637000001,0.0
2026-04,GAS,AVILA ENERGY CORPORATION,0.12960494900000002,0.0
2026-04,GAS,AXIOM OIL AND GAS INC.,2.617407848333334,0.0
2026-04,GAS,AYIK ENERGY CORP.,0.276867248,0.0
2026-04,GAS,B-32 EXPLORATION LTD.,0.045673678666666676,0.0
2026-04,GAS,BACCALIEU ENERGY INC.,18.103963239333336,0.0
2026-04,GAS,BAND ENERGY RESOURCES LTD.,0.0005885783333333335,0.0
2026-04,GAS,BARCOMP PETROLEUM LTD.,0.0028251760000000004,0.0
2026-04,GAS,"BARNWELL OF CANADA, LIMITED",2.2919240300000006,0.0
2026-04,GAS,BARREL OIL CORP.,45.91711466533334,0.0
2026-04,GAS,BATTLE RIVER ENERGY LTD.,4.420223283333334,0.0
2026-04,GAS,BAY OIL AND GAS LTD.,0.16739167800000002,0.0
2026-04,GAS,BAYTEX ENERGY LTD.,81.56283112000001,0.0
2026-04,GAS,BDJ ENERGY INC.,0.066744783,0.0
2026-04,GAS,BEAR HILLS INDUSTRIES LTD.,0.18493131233333335,0.0
2026-04,GAS,BEARSPAW PETROLEUM LTD.,7.614202467000001,0.0
2026-04,GAS,BENCH CREEK RESOURCES LTD.,0.6017624880000001,0.0
2026-04,GAS,BENKOIL RESOURCES LIMITED,0.07792777133333334,0.0
2026-04,GAS,BIGHORN ENERGY CORPORATION,5.016099988000001,0.0
2026-04,GAS,BIRCHCLIFF ENERGY LTD.,380.7349613556667,0.0
2026-04,GAS,BITSTONE RESOURCES INC.,0.379633025,0.0
2026-04,GAS,BLUE STAR ENERGY INC.,0.07463173266666667,0.0
2026-04,GAS,BONTERRA ENERGY CORP.,57.731176687666675,0.0
2026-04,GAS,BORNITE ENERGY LTD.,2.8188193540000004,0.0
2026-04,GAS,BORRADAILE OIL LTD.,0.3141831143333334,0.0
2026-04,GAS,BOUNTY DEVELOPMENTS LTD.,0.001177156666666667,0.0
2026-04,GAS,"BRIGHTSPOT INTERNATIONAL ENERGY (CANADA) CO., LTD.",0.048969717333333336,0.0
2026-04,GAS,BROTHERIN ENERGY LTD.,0.4162425973333334,0.0
2026-04,GAS,BRW PETROLEUM CORP.,0.19270054633333336,0.0
2026-04,GAS,BTG ENERGY CORP.,25.050835592000002,0.0
2026-04,GAS,C GROUP ENERGY INC.,0.23260615733333334,0.0
2026-04,GAS,CABOT ENERGY INC.,0.22589636433333338,0.0
2026-04,GAS,CALEDONIAN MIDSTREAM CORPORATION,23.071682088333336,0.0
2026-04,GAS,CALTEX TRILOGY INC.,7.073769841333334,0.0
2026-04,GAS,CANADIAN NATURAL RESOURCES LIMITED,2196.3256067963334,0.0
2026-04,GAS,CANLIN RESOURCES PARTNERSHIP,182.4824733196667,0.0
2026-04,GAS,CANSTONE ENERGY LTD.,2.197280634,0.0
2026-04,GAS,CANUCK NORTH RESOURCES LTD.,0.04072962066666667,0.0
2026-04,GAS,CARDINAL ENERGY LTD.,18.783535783,0.0
2026-04,GAS,CAVVY PRODUCTION LTD.,165.56284740266668,0.0
2026-04,GAS,CENOVUS ENERGY INC.,816.0916400640001,0.0
2026-04,GAS,CENTENNIAL PETROLEUM COMPANY LTD.,0.05073545233333334,0.0
2026-04,GAS,CHECK ENERGY LTD.,0.009770400333333335,0.0
2026-04,GAS,CLAMPETT ENERGY LTD.,0.9544386253333335,0.0
2026-04,GAS,CLEAR NORTH ENERGY CORP.,1.4862780073333335,0.0
2026-04,GAS,CNOOC PETROLEUM NORTH AMERICA ULC,3.946535440666667,0.0
2026-04,GAS,COASTAL RESOURCES LIMITED,0.1759849216666667,0.0
2026-04,GAS,COBALT ENERGY INC.,0.2746306503333334,0.0
2026-04,GAS,CONIFER ENERGY INC.,10.551679213000002,0.0
2026-04,GAS,CONNACHER OIL AND GAS LIMITED,8.696480306333335,0.0
2026-04,GAS,CONOCOPHILLIPS CANADA RESOURCES CORP.,9.774520381666667,0.0
2026-04,GAS,CONVEGA ENERGY LTD.,0.0045909110000000005,0.0
2026-04,GAS,CORSE ENERGY CORP.,0.9988174316666668,0.0
2026-04,GAS,COURSER ENERGY LTD.,0.08887532833333334,0.0
2026-04,GAS,CREST JINN PETROLEUM CORPORATION,0.0025897446666666673,0.0
2026-04,GAS,CROVERRO ENERGY LTD.,0.14926346533333334,0.0
2026-04,GAS,CYGNET ENERGY LTD.,36.192741157666674,0.0
2026-04,GAS,DARK ENERGY LTD.,0.02589744666666667,0.0
2026-04,GAS,DARK WARRIOR RESOURCES LTD.,0.10712125666666668,0.0
2026-04,GAS,DAVIES LIVESTOCK CO. LTD.,0.003649185666666667,0.0
2026-04,GAS,DECCAN ENERGY LTD.,0.24838005666666668,0.0
2026-04,GAS,DECIMUS OIL CORP.,0.07981122200000001,0.0
2026-04,GAS,DECKLAND INC.,0.21541967,0.0
2026-04,GAS,DEERGARDEN RESOURCES LTD.,0.036727288000000004,0.0
2026-04,GAS,DEL CANADA GP LTD.,3.489210075666667,0.0
2026-04,GAS,DELTAWEST ENERGY LTD.,0.066038489,0.0
2026-04,GAS,DERRICK PETROLEUM LTD.,0.021659682666666666,0.0
2026-04,GAS,DIRE RESOURCES LTD.,0.007416087000000002,0.0
2026-04,GAS,DOAG ENERGY LTD.,0.10111775766666667,0.0
2026-04,GAS,DURHAM CREEK ENERGY LTD.,0.07121797833333335,0.0
2026-04,GAS,DWL RESOURCES LTD.,0.3797507406666667,0.0
2026-04,GAS,EAGLE ENERGY INC.,0.42083350833333344,0.0
2026-04,GAS,ECLIPSE RESOURCES LTD.,0.147968593,0.0
2026-04,GAS,ECOCHAIN ENERGY LTD.,0.008004665333333334,0.0
2026-04,GAS,EDALIS ENERGY INC.,0.03625642533333334,0.0
2026-04,GAS,EMBER RESOURCES INC.,231.1983956756667,0.0
2026-04,GAS,ENDRUM ENERGY CORP.,3.5786739823333336,0.0
2026-04,GAS,ENER T CORPORATION,0.25379497733333334,0.0
2026-04,GAS,ENERCAPITA ENERGY LTD.,11.310238969000002,0.0
2026-04,GAS,ENHANCE ENERGY INC.,19.39247892666667,0.0
2026-04,GAS,ENTRADA RESOURCES INC.,11.863620318000002,0.0
2026-04,GAS,EP RESOURCES CORPORATION,0.24861548800000002,0.0
2026-04,GAS,ERDOL RESOURCES CORP.,0.4783964693333334,0.0
2026-04,GAS,ETTHEN ENERGY CORPORATION,0.00011771566666666669,0.0
2026-04,GAS,EVERGO RESOURCES LIMITED,0.03872845433333334,0.0
2026-04,GAS,EXECUTIVE ADVENTURES 2008 INC.,0.07898721233333335,0.0
2026-04,GAS,FABIAN SEED FARMS INC.,0.002354313333333334,0.0
2026-04,GAS,FIDDLEHEAD RESOURCES CORP.,5.525926540333334,0.0
2026-04,GAS,FIRE CREEK RESOURCES LTD.,0.16291848266666667,0.0
2026-04,GAS,FIVE POINT ENERGY INC.,0.24367143000000002,0.0
2026-04,GAS,FLYWHEEL RESOURCES CORP.,0.5199500996666667,0.0
2026-04,GAS,FORT CALGARY RESOURCES LTD.,0.05720981400000001,0.0
2026-04,GAS,G. HERMAN GROUP INC.,0.4995852893333334,0.0
2026-04,GAS,G2B DEVELOPMENT CORPORATION,2.025062613666667,0.0
2026-04,GAS,GEX RESOURCES LTD.,0.5458475463333334,0.0
2026-04,GAS,GMT EXPLORATION ZAMA INC.,0.9483174106666667,0.0
2026-04,GAS,GOLDEN SPIKE ENERGY INC.,0.0016480193333333335,0.0
2026-04,GAS,GOOSE CREEK RESOURCES LTD.,1.4188269303333336,0.0
2026-04,GAS,GRAN TIERRA CANADA LTD.,46.94536101366667,0.0
2026-04,GAS,GRASSLAND ENERGY CORP.,2.9434802450000004,0.0
2026-04,GAS,GREENFIRE RESOURCES OPERATING CORPORATION,2.6364777863333337,0.0
2026-04,GAS,GRIZZLY RESOURCES LTD.,0.08993476933333334,0.0
2026-04,GAS,GUNNARR RESOURCES INC.,0.03366668066666667,0.0
2026-04,GAS,HALO EXPLORATION LTD.,0.846846506,0.0
2026-04,GAS,HARD ROCK RESOURCES LTD.,0.8402544286666668,0.0
2026-04,GAS,HARVARD RESOURCES INC.,0.054031491,0.0
2026-04,GAS,HARVEST ENERGY CORPORATION,0.0017657350000000003,0.0
2026-04,GAS,HARVEST OPERATIONS CORP.,20.335499132333336,0.0
2026-04,GAS,HBC ENERGY LTD.,0.00023543133333333338,0.0
2026-04,GAS,HEADWATER EXPLORATION INC.,14.691268347000001,0.0
2026-04,GAS,HEMISPHERE ENERGY CORPORATION,1.3944597873333335,0.0
2026-04,GAS,HESC ENERGY CORPORATION,0.31853859400000006,0.0
2026-04,GAS,HIGHVALE ENERGY LIMITED,5.2339916870000005,0.0
2026-04,GAS,HIGHWOOD ASSET MANAGEMENT LTD.,14.784381439333334,0.0
2026-04,GAS,HIS MAJESTY THE KING IN RIGHT OF CANADA AS REPRESENTED HEREIN BY THE MINISTER OF NATIONAL DEFENCE,0.5059419353333334,0.0
2026-04,GAS,HITIC ENERGY LTD.,4.734288682000001,0.0
2026-04,GAS,HWN ENERGY LTD.,93.40608662766668,0.0
2026-04,GAS,HYDRO VAULT ENERGY LTD.,0.09134735733333335,0.0
2026-04,GAS,IMPERIAL OIL RESOURCES LIMITED,38.31974553866667,0.0
2026-04,GAS,INDRA OIL & GAS LTD.,0.017892781333333337,0.0
2026-04,GAS,INNES OILFIELD SERVICES LTD.,0.003766901333333334,0.0
2026-04,GAS,INPLAY OIL CORP.,49.43292848166667,0.0
2026-04,GAS,INSCH COMMODITY LTD.,0.04649768833333334,0.0
2026-04,GAS,INSIGNIA ENERGY LTD.,43.939609181,0.0
2026-04,GAS,INTEGRITY OIL OPERATIONS LTD.,0.002942891666666667,0.0
2026-04,GAS,IPC CANADA LTD.,104.002497794,0.0
2026-04,GAS,ISH ENERGY LTD.,4.000802363,0.0
2026-04,GAS,ISLANDER OIL & GAS INC.,0.2091807396666667,0.0
2026-04,GAS,JAST ENERGY LTD.,0.0038846170000000004,0.0
2026-04,GAS,JAYHAWK RESOURCES LTD.,1.2921648730000002,0.0
2026-04,GAS,JOLI FOU PETROLEUMS LTD.,0.0028251760000000004,0.0
2026-04,GAS,JOURNEY ENERGY INC.,39.87159117233334,0.0
2026-04,GAS,JX ENERGY LTD.,6.647403696666667,0.0
2026-04,GAS,KAISER EXPLORATION LTD.,0.15526696433333337,0.0
2026-04,GAS,KARVE ENERGY INC.,20.716897892333336,0.0
2026-04,GAS,KELT EXPLORATION LTD.,179.77536613333336,0.0
2026-04,GAS,KEYERA ENERGY LTD.,0.14867488700000003,0.0
2026-04,GAS,KINMERC OIL & GAS INC.,0.147262299,0.0
2026-04,GAS,KIWETINOHK ENERGY CORP.,134.46872491533335,0.0
2026-04,GAS,KOHO ENERGY CORP.,0.00035314700000000005,0.0
2026-04,GAS,LEDGEND ROYALTY TRUST LTD.,0.17386603966666667,0.0
2026-04,GAS,LINEUP RESOURCES CORP.,0.34125771766666674,0.0
2026-04,GAS,LOGAN ENERGY CORP.,63.67899617733334,0.0
2026-04,GAS,LOGIC ENERGY LTD.,0.7286599766666667,0.0
2026-04,GAS,LONE TREE RESOURCES INC.,0.9073523586666667,0.0
2026-04,GAS,LONG TERM ASSET MANAGEMENT INC.,17.146934869333336,0.0
2026-04,GAS,LONGRIDGE ENERGY LTD.,0.4689792160000001,0.0
2026-04,GAS,LONGSHORE RESOURCES LTD.,0.8407252913333334,0.0
2026-04,GAS,LOTUS CREEK EXPLORATION INC.,8.283062885000001,0.0
2026-04,GAS,LOYAL ENERGY (CANADA) OPERATING LTD.,24.475559129000004,0.0
2026-04,GAS,LUCKY STRIKE RESOURCES LTD.,0.4565013553333334,0.0
2026-04,GAS,LYCOS ENERGY INC.,1.9386593143333335,0.0
2026-04,GAS,LYNX ENERGY ULC,92.36783444766668,0.0
2026-04,GAS,MAGA ENERGY LTD.,0.9524374590000001,0.0
2026-04,GAS,MAHIKAN OIL CORPORATION,0.04178906166666667,0.0
2026-04,GAS,MANCAL ENERGY INC.,47.58008388833334,0.0
2026-04,GAS,MARLIN RESOURCES LTD.,0.2974674896666667,0.0
2026-04,GAS,MARS ENERGY RESOURCES MANAGEMENT LTD.,0.310416213,0.0
2026-04,GAS,MATO INC.,0.10005831666666667,0.0
2026-04,GAS,"MEDICINE HAT, CITY OF",9.764985412666668,0.0
2026-04,GAS,MORNING STAR PETROLEUM INCORPORATED,0.037786729000000005,0.0
2026-04,GAS,MUDDY PETROLEUM COMPANY LTD.,0.00023543133333333338,0.0
2026-04,GAS,MURPHY OIL COMPANY LTD.,16.21651024,0.0
2026-04,GAS,N7 ENERGY LTD.,9.183940882000002,0.0
2026-04,GAS,NEW NORTH RESOURCES LTD.,1.290516853666667,0.0
2026-04,GAS,NEW TIMES ENERGY CANADA GP 2 LTD.,1.1769212353333334,0.0
2026-04,GAS,NEW TIMES ENERGY CANADA GP 3 LTD.,2.6906269930000004,0.0
2026-04,GAS,NEW WEST DATA ACQUISITION CORP.,3.0487180510000003,0.0
2026-04,GAS,NEW WEST DATA CORP.,0.3486738046666667,0.0
2026-04,GAS,NORTH 40 RESOURCES LTD.,20.11960859966667,0.0
2026-04,GAS,NORTH FORK RESOURCES LTD.,0.24790919400000003,0.0
2026-04,GAS,NORTHERN SMILODON ENERGY INC.,0.011889282333333334,0.0
2026-04,GAS,NORTHRIVER MIDSTREAM INC.,0.13902220233333334,0.0
2026-04,GAS,NORTHROCK RESOURCES PARTNERSHIP LTD.,0.1824592833333334,0.0
2026-04,GAS,NOVACOR EXPLORATION LTD.,0.020011663333333336,0.0
2026-04,GAS,NOVUS ENERGY INC.,0.22189403166666669,0.0
2026-04,GAS,NPS INDUSTRIAL POWER CORP.,0.4157717346666667,0.0
2026-04,GAS,NUOVA STRADA VENTURES LTD.,0.1876387726666667,0.0
2026-04,GAS,NVP EXPLORATION INC.,0.025073437000000007,0.0
2026-04,GAS,NVS ENGINEERING INC.,0.03507926866666667,0.0
2026-04,GAS,O'NEILL INDUSTRIES INTERNATIONAL-CANADA INC.,0.023425417666666667,0.0
2026-04,GAS,OBSIDIAN ENERGY LTD.,62.76081397733334,0.0
2026-04,GAS,OHANA RESOURCES INC.,0.06709793000000001,0.0
2026-04,GAS,OK RADIO GROUP LTD.,0.18740334133333333,0.0
2026-04,GAS,ORGA ENERGY LTD.,0.056738951333333336,0.0
2026-04,GAS,ORLEN UPSTREAM CANADA LTD.,51.27506094933334,0.0
2026-04,GAS,OUTLIER RESOURCES LTD.,27.98313284866667,0.0
2026-04,GAS,OUTPOST ENERGY LTD.,0.6397846483333334,0.0
2026-04,GAS,OVINTIV CANADA ULC,1019.8163762963335,0.0
2026-04,GAS,PARALLAX ENERGY OPERATING INC.,21.366806088000004,0.0
2026-04,GAS,PARAMOUNT RESOURCES LTD.,161.23903325033336,0.0
2026-04,GAS,PENTACOR ENERGY CORP.,0.038257591666666674,0.0
2026-04,GAS,PERISSON PETROLEUM CORPORATION,0.0008240096666666668,0.0
2026-04,GAS,PERSIST OIL AND GAS INC.,11.44773086766667,0.0
2026-04,GAS,PERTHRO (CANADA) INC.,0.11453734366666668,0.0
2026-04,GAS,PETROCHINA CANADA LTD.,0.7562054426666668,0.0
2026-04,GAS,PETROCHINA DUVERNAY GAS PARTNERSHIP,70.628693706,0.0
2026-04,GAS,PETRUS RESOURCES CORP.,52.09848203766667,0.0
2026-04,GAS,PEYTO CANADA CORP.,14.947299922000001,0.0
2026-04,GAS,PEYTO EXPLORATION & DEVELOPMENT CORP.,833.4517580056668,0.0
2026-04,GAS,PINE CLIFF ENERGY LTD.,106.24180292100002,0.0
2026-04,GAS,POINT BAR RESOURCES INC.,0.9001717030000002,0.0
2026-04,GAS,POINTBREAK RESOURCES INC.,3.825523735333334,0.0
2026-04,GAS,POKER CHIP EXPLORATION LTD.,0.01989394766666667,0.0
2026-04,GAS,POTTS PETROLEUM INC.,0.32171691700000005,0.0
2026-04,GAS,PRAIRIE PROVIDENT RESOURCES CANADA LTD.,6.615973613666667,0.0
2026-04,GAS,PRAIRIE THUNDER RESOURCES LTD.,10.958151410000001,0.0
2026-04,GAS,PRIMROSE DRILLING VENTURES LTD.,0.0022365976666666666,0.0
2026-04,GAS,PRONGHORN RESOURCES LTD.,0.06262473466666668,0.0
2026-04,GAS,PROSPERA ENERGY INC.,0.0038846170000000004,0.0
2026-04,GAS,PULSE OIL OPERATING CORP.,0.11795109800000003,0.0
2026-04,GAS,QUESTERRE ENERGY CORPORATION,0.00023543133333333338,0.0
2026-04,GAS,RAKE RESOURCES LTD,0.0009417253333333334,0.0
2026-04,GAS,RALLY CANADA RESOURCES LTD.,0.28228216866666667,0.0
2026-04,GAS,RAMPART OIL INC.,0.19729145733333336,0.0
2026-04,GAS,RANAHAN RESOURCES LIMITED,6.942046010333335,0.0
2026-04,GAS,RED ANGUS ENERGY INC.,0.35126354933333337,0.0
2026-04,GAS,RED JACK PETROLEUM LTD.,0.014832174000000002,0.0
2026-04,GAS,RELENTLESS RESOURCES LTD.,0.17563177466666668,0.0
2026-04,GAS,RESISTANCE ENERGY LTD.,0.037080435,0.0
2026-04,GAS,RESONANCE ENERGY LTD.,0.02778089733333334,0.0
2026-04,GAS,RESOURCEFUL PETROLEUM CANADA LIMITED,1.4248304293333334,0.0
2026-04,GAS,RESPONSE ENERGY CORPORATION,0.4483789743333334,0.0
2026-04,GAS,REVOLUTION OIL & GAS CORPORATION,0.551262467,0.0
2026-04,GAS,REX ENERGY LTD.,0.179751823,0.0
2026-04,GAS,RIBBON CREEK RESOURCES INC.,0.200234349,0.0
2026-04,GAS,RICOCHET OIL CORP.,23.92865214166667,0.0
2026-04,GAS,RIDGELINE EXPLORATION INC.,0.17563177466666668,0.0
2026-04,GAS,RIMFIRE ENERGY INC.,0.06945224333333334,0.0
2026-04,GAS,RISING TIDE ENERGY LTD.,4.153008720000001,0.0
2026-04,GAS,RKSMITH ENERGY CORP.,0.17680893133333336,0.0
2026-04,GAS,ROCKEAST ENERGY CORP.,0.7688010190000001,0.0
2026-04,GAS,ROCKPOINT GAS STORAGE CANADA LTD.,0.001883450666666667,0.0
2026-04,GAS,ROK RESOURCES INC.,2.9985711770000005,0.0
2026-04,GAS,ROTHMANS ENERGY INC.,0.018952222333333338,0.0
2026-04,GAS,RTD ENERGY INC.,0.00011771566666666669,0.0
2026-04,GAS,RUBELLITE ENERGY INC.,12.92953567966667,0.0
2026-04,GAS,RURALCO RESOURCES CORP.,0.012360145000000001,0.0
2026-04,GAS,RUSH RESOURCES LTD.,1.4289504776666668,0.0
2026-04,GAS,SAND HILLS DIV CORP LTD.,3.3511295986666667,0.0
2026-04,GAS,SANDPOINT RESOURCES INC.,0.001530303666666667,0.0
2026-04,GAS,SATURN OIL & GAS INC.,31.46940003266667,0.0
2026-04,GAS,SHACKLETON EXPLORATION LTD.,3.924051748333334,0.0
2026-04,GAS,SHANPET RESOURCES LTD.,0.10500237466666668,0.0
2026-04,GAS,SHARPTAIL ENERGY INC.,1.9375998733333335,0.0
2026-04,GAS,SHELL CANADA ENERGY,2.1059332766666667,0.0
2026-04,GAS,SHOT POINT RESOURCES LTD.,0.02554429966666667,0.0
2026-04,GAS,SIFTON PETROLEUM INC.,1.7521976983333336,0.0
2026-04,GAS,SIGNALTA RESOURCES LIMITED,3.5966844793333337,0.0
2026-04,GAS,SILVERLEAF RESOURCES INC.,1.0694468316666668,0.0
2026-04,GAS,SINOPEC CANADA ENERGY LTD.,91.51957535366668,0.0
2026-04,GAS,SOGAR RESOURCES LTD.,0.9464339600000001,0.0
2026-04,GAS,SPARK INFRASTRUCTURE CORP.,4.994322589666667,0.0
2026-04,GAS,SPARTAN DELTA CORP.,226.77005001133335,0.0
2026-04,GAS,SPOKE RESOURCES LTD.,15.384731339333335,0.0
2026-04,GAS,SPROCKET ENERGY CORPORATION,9.471049393000001,0.0
2026-04,GAS,SPUR PETROLEUM LTD.,42.98246309533334,0.0
2026-04,GAS,STORM DEVELOPMENT CORP.,39.232277386666674,0.0
2026-04,GAS,STRATHCONA RESOURCES LTD.,34.60405052033334,0.0
2026-04,GAS,SUCCESS RESOURCES LTD.,1.3199457703333335,0.0
2026-04,GAS,SUMERIAN OIL & GAS INC.,2.550898496666667,0.0
2026-04,GAS,SUN CENTURY PETROLEUM CORPORATION,5.416921833000001,0.0
2026-04,GAS,SUNCOR ENERGY INC.,8.100603601666668,0.0
2026-04,GAS,SUPREME ENERGY INC.,0.6371949036666668,0.0
2026-04,GAS,SURGE ENERGY INC.,16.379899585333337,0.0
2026-04,GAS,SUTTON ENERGY LTD.,0.19846861400000004,0.0
2026-04,GAS,TAGGART OIL CORP.,0.10205948300000002,0.0
2026-04,GAS,TAIGA ENERGY CORP.,1.4539061990000002,0.0
2026-04,GAS,TAKU GAS LIMITED,0.014361311333333335,0.0
2026-04,GAS,TAMARACK VALLEY ENERGY LTD.,87.25120528033334,0.0
2026-04,GAS,TAQA NORTH LTD.,393.2702672676667,0.0
2026-04,GAS,TEINE ENERGY LTD.,22.488047813,0.0
2026-04,GAS,TENAZ ENERGY CORP.,8.578529208333334,0.0
2026-04,GAS,TEXCAL ENERGY CANADA INC.,1.4895740460000002,0.0
2026-04,GAS,THOR RESOURCES INC.,1.9061697903333334,0.0
2026-04,GAS,THOROUGHBRED ENERGY LTD.,0.03013521066666667,0.0
2026-04,GAS,TIDEWATER MIDSTREAM AND INFRASTRUCTURE LTD.,12.08939896666667,0.0
2026-04,GAS,TMAX ENERGY LTD.,1.0896939263333336,0.0
2026-04,GAS,TOP OIL PRODUCTION LTD.,0.7312497213333334,0.0
2026-04,GAS,TOURMALINE OIL CORP.,1706.4338494660003,0.0
2026-04,GAS,TOWER RIDGE ENTERPRISES CORP.,0.0021188820000000003,0.0
2026-04,GAS,TRANSCANADA ENERGY LTD.,0.21400708200000004,0.0
2026-04,GAS,TRIPLE 555 OIL COMPANY LTD.,0.12277744033333335,0.0
2026-04,GAS,TUKTU RESOURCES LTD.,2.0981640426666672,0.0
2026-04,GAS,TUSCANY PETROLEUM LTD.,0.027310034666666667,0.0
2026-04,GAS,TYKEWEST LIMITED,0.2632122306666667,0.0
2026-04,GAS,ULYSSES ENERGY CORP.,0.5789256486666667,0.0
2026-04,GAS,UNIT 18 CORP.,0.045085100333333336,0.0
2026-04,GAS,VANRENA RESOURCES LTD.,0.00047086266666666676,0.0
2026-04,GAS,VANTAGE POINT RESOURCES INC.,8.615962790333334,0.0
2026-04,GAS,VERMILION ENERGY INC.,451.3549441023334,0.0
2026-04,GAS,VITAL ENERGY INC.,0.45485333600000005,0.0
2026-04,GAS,VULTURE ENERGY LTD.,0.07439630133333335,0.0
2026-04,GAS,WARWICK GAS STORAGE LTD.,1.1338373013333334,0.0
2026-04,GAS,WASP ENTERPRIZES LTD.,0.05815153933333334,0.0
2026-04,GAS,WESCAN ENERGY CORP.,0.20776815166666668,0.0
2026-04,GAS,WEST 5 RESOURCES INC.,1.7731510870000002,0.0
2026-04,GAS,WEST LAKE ENERGY CORP.,5.493083869333334,0.0
2026-04,GAS,WESTERN BASIN ENERGY CORPORATION,8.033152524666669,0.0
2026-04,GAS,WESTGATE ENERGY OPERATIONS LTD.,0.6145934956666668,0.0
2026-04,GAS,WHITE TUNDRA PETROLEUM LTD.,0.1321946936666667,0.0
2026-04,GAS,WHITECAP PARTNERSHIP,492.25843080866673,0.0
2026-04,GAS,WHITECAP RESOURCES INC.,561.7907207953334,0.0
2026-04,GAS,WHITEMUD CREEK RESOURCES LTD.,0.03590327833333334,0.0
2026-04,GAS,WILCOX ENERGY CORP.,0.3703334873333334,0.0
2026-04,GAS,WILDCAT RENTALS LTD.,0.03990561100000001,0.0
2026-04,GAS,WINDSOR SALT LTD/SEL WINDSOR LTEE,0.02248369233333334,0.0
2026-04,GAS,WOLF LAKE EXPLORATION LTD.,6.101556150333335,0.0
2026-04,GAS,WOODCOTE INC.,0.3564430386666667,0.0
2026-04,GAS,WOODSMAN ENERGY CORP.,0.47604215600000005,0.0
2026-04,GAS,XENOTIME ENERGY INC.,0.0027074603333333337,0.0
2026-04,GAS,YANGARRA RESOURCES CORP.,42.607067834333336,0.0
2026-04,GAS,ZNX ENERGY LTD.,0.09911659133333335,0.0
2026-04,GAS,ZYZYGY RESOURCES LTD.,0.20941617100000004,0.0
2026-04,OIL_AT_GAS_BATTERY,2155192 ALBERTA LTD.,0.0,5.493092
2026-04,OIL_AT_GAS_BATTERY,ADVANTAGE ENERGY LTD.,0.0,35.139016
2026-04,OIL_AT_GAS_BATTERY,ALCHEMY ENERGY LTD,0.0,0.041932
2026-04,OIL_AT_GAS_BATTERY,ARC RESOURCES LTD.,0.0,6.226901999999999
2026-04,OIL_AT_GAS_BATTERY,ATCO NEXT ENERGY LTD.,0.0,39.080624
2026-04,OIL_AT_GAS_BATTERY,AXIOM OIL AND GAS INC.,0.0,7.6735560000000005
2026-04,OIL_AT_GAS_BATTERY,BACCALIEU ENERGY INC.,0.0,43.252857999999996
2026-04,OIL_AT_GAS_BATTERY,BARREL OIL CORP.,0.0,61.577141999999995
2026-04,OIL_AT_GAS_BATTERY,BIRCHCLIFF ENERGY LTD.,0.0,1.509552
2026-04,OIL_AT_GAS_BATTERY,BONTERRA ENERGY CORP.,0.0,454.899302
2026-04,OIL_AT_GAS_BATTERY,BTG ENERGY CORP.,0.0,6.2478679999999995
2026-04,OIL_AT_GAS_BATTERY,CANADIAN NATURAL RESOURCES LIMITED,0.0,467.416004
2026-04,OIL_AT_GAS_BATTERY,CANLIN RESOURCES PARTNERSHIP,0.0,1.824042
2026-04,OIL_AT_GAS_BATTERY,CENOVUS ENERGY INC.,0.0,25.683349999999997
2026-04,OIL_AT_GAS_BATTERY,CORSE ENERGY CORP.,0.0,0.062898
2026-04,OIL_AT_GAS_BATTERY,CYGNET ENERGY LTD.,0.0,7212.702353999999
2026-04,OIL_AT_GAS_BATTERY,DEL CANADA GP LTD.,0.0,1.7611439999999998
2026-04,OIL_AT_GAS_BATTERY,EMBER RESOURCES INC.,0.0,3.270696
2026-04,OIL_AT_GAS_BATTERY,ENERCAPITA ENERGY LTD.,0.0,8.931516
2026-04,OIL_AT_GAS_BATTERY,ENHANCE ENERGY INC.,0.0,1.2789259999999998
2026-04,OIL_AT_GAS_BATTERY,GRAN TIERRA CANADA LTD.,0.0,79.649834
2026-04,OIL_AT_GAS_BATTERY,HARD ROCK RESOURCES LTD.,0.0,1.132164
2026-04,OIL_AT_GAS_BATTERY,HARVEST OPERATIONS CORP.,0.0,23.985103999999996
2026-04,OIL_AT_GAS_BATTERY,HIGHWOOD ASSET MANAGEMENT LTD.,0.0,0.83864
2026-04,OIL_AT_GAS_BATTERY,HWN ENERGY LTD.,0.0,136.509626
2026-04,OIL_AT_GAS_BATTERY,INPLAY OIL CORP.,0.0,6.205936
2026-04,OIL_AT_GAS_BATTERY,JOURNEY ENERGY INC.,0.0,50.863516
2026-04,OIL_AT_GAS_BATTERY,KARVE ENERGY INC.,0.0,9.581461999999998
2026-04,OIL_AT_GAS_BATTERY,KELT EXPLORATION LTD.,0.0,5916.793893999999
2026-04,OIL_AT_GAS_BATTERY,KIWETINOHK ENERGY CORP.,0.0,32.685994
2026-04,OIL_AT_GAS_BATTERY,LOGAN ENERGY CORP.,0.0,364.997094
2026-04,OIL_AT_GAS_BATTERY,LONG TERM ASSET MANAGEMENT INC.,0.0,6.143038000000001
2026-04,OIL_AT_GAS_BATTERY,LOTUS CREEK EXPLORATION INC.,0.0,5.493092
2026-04,OIL_AT_GAS_BATTERY,LOYAL ENERGY (CANADA) OPERATING LTD.,0.0,0.482218
2026-04,OIL_AT_GAS_BATTERY,LYNX ENERGY ULC,0.0,14.277845999999998
2026-04,OIL_AT_GAS_BATTERY,MANCAL ENERGY INC.,0.0,5.912411999999999
2026-04,OIL_AT_GAS_BATTERY,NEW NORTH RESOURCES LTD.,0.0,0.461252
2026-04,OIL_AT_GAS_BATTERY,NEW WEST DATA CORP.,0.0,2.20143
2026-04,OIL_AT_GAS_BATTERY,NORTH 40 RESOURCES LTD.,0.0,25.494655999999996
2026-04,OIL_AT_GAS_BATTERY,OBSIDIAN ENERGY LTD.,0.0,24.341525999999998
2026-04,OIL_AT_GAS_BATTERY,ORLEN UPSTREAM CANADA LTD.,0.0,7.610658
2026-04,OIL_AT_GAS_BATTERY,OUTLIER RESOURCES LTD.,0.0,22.538449999999997
2026-04,OIL_AT_GAS_BATTERY,OVINTIV CANADA ULC,0.0,165.505604
2026-04,OIL_AT_GAS_BATTERY,PARAMOUNT RESOURCES LTD.,0.0,7.547759999999999
2026-04,OIL_AT_GAS_BATTERY,PERSIST OIL AND GAS INC.,0.0,1.2160279999999999
2026-04,OIL_AT_GAS_BATTERY,PETRUS RESOURCES CORP.,0.0,17.904964
2026-04,OIL_AT_GAS_BATTERY,PEYTO EXPLORATION & DEVELOPMENT CORP.,0.0,11.782892
2026-04,OIL_AT_GAS_BATTERY,PINE CLIFF ENERGY LTD.,0.0,23.020667999999997
2026-04,OIL_AT_GAS_BATTERY,PRAIRIE PROVIDENT RESOURCES CANADA LTD.,0.0,12.26511
2026-04,OIL_AT_GAS_BATTERY,RESISTANCE ENERGY LTD.,0.0,31.155476
2026-04,OIL_AT_GAS_BATTERY,RESPONSE ENERGY CORPORATION,0.0,1.803076
2026-04,OIL_AT_GAS_BATTERY,SATURN OIL & GAS INC.,0.0,3.24973
2026-04,OIL_AT_GAS_BATTERY,SIGNALTA RESOURCES LIMITED,0.0,2.704614
2026-04,OIL_AT_GAS_BATTERY,SILVERLEAF RESOURCES INC.,0.0,4.088369999999999
2026-04,OIL_AT_GAS_BATTERY,SINOPEC CANADA ENERGY LTD.,0.0,1.88694
2026-04,OIL_AT_GAS_BATTERY,SPARK INFRASTRUCTURE CORP.,0.0,1.5095519999999998
2026-04,OIL_AT_GAS_BATTERY,SPARTAN DELTA CORP.,0.0,4.004506
2026-04,OIL_AT_GAS_BATTERY,SPOKE RESOURCES LTD.,0.0,0.188694
2026-04,OIL_AT_GAS_BATTERY,SUCCESS RESOURCES LTD.,0.0,18.55491
2026-04,OIL_AT_GAS_BATTERY,SUN CENTURY PETROLEUM CORPORATION,0.0,3.6271179999999994
2026-04,OIL_AT_GAS_BATTERY,TAQA NORTH LTD.,0.0,184.5008
2026-04,OIL_AT_GAS_BATTERY,TOURMALINE OIL CORP.,0.0,131.918072
2026-04,OIL_AT_GAS_BATTERY,VANTAGE POINT RESOURCES INC.,0.0,1.6563139999999998
2026-04,OIL_AT_GAS_BATTERY,VERMILION ENERGY INC.,0.0,248.845454
2026-04,OIL_AT_GAS_BATTERY,WESTGATE ENERGY OPERATIONS LTD.,0.0,2.683648
2026-04,OIL_AT_GAS_BATTERY,WHITECAP RESOURCES INC.,0.0,97.80639
2026-04,OIL_AT_GAS_BATTERY,WILCOX ENERGY CORP.,0.0,0.649946
2026-04,OIL_AT_GAS_BATTERY,YANGARRA RESOURCES CORP.,0.0,64.55431399999999
2026-05,BITUMEN,ATHABASCA OIL CORPORATION,0.0,15054.798617419354
2026-05,BITUMEN,AYIK ENERGY CORP.,0.0,1245.2789516129033
2026-05,BITUMEN,BAYTEX ENERGY LTD.,0.0,35070.86973677419
2026-05,BITUMEN,BENKOIL RESOURCES LIMITED,0.0,26.031656129032257
2026-05,BITUMEN,BIGHORN ENERGY CORPORATION,0.0,150.08274387096773
2026-05,BITUMEN,CALTEX TRILOGY INC.,0.0,14228.988456774192
2026-05,BITUMEN,CANADIAN NATURAL RESOURCES LIMITED,0.0,406749.88204258063
2026-05,BITUMEN,CENOVUS ENERGY INC.,0.0,672432.9818516129
2026-05,BITUMEN,CHECK ENERGY LTD.,0.0,208.33440774193548
2026-05,BITUMEN,CLEAR NORTH ENERGY CORP.,0.0,3370.825558064516
2026-05,BITUMEN,CNOOC PETROLEUM NORTH AMERICA ULC,0.0,73319.91454451613
2026-05,BITUMEN,CONNACHER OIL AND GAS LIMITED,0.0,19235.628677419354
2026-05,BITUMEN,CONOCOPHILLIPS CANADA RESOURCES CORP.,0.0,140726.88955741934
2026-05,BITUMEN,CROVERRO ENERGY LTD.,0.0,108.46861548387096
2026-05,BITUMEN,DEERGARDEN RESOURCES LTD.,0.0,119.18156516129031
2026-05,BITUMEN,ETTHEN ENERGY CORPORATION,0.0,128.88003096774193
2026-05,BITUMEN,EVERGO RESOURCES LIMITED,0.0,17.733178064516128
2026-05,BITUMEN,GRAN TIERRA CANADA LTD.,0.0,240.39209806451612
2026-05,BITUMEN,GREENFIRE RESOURCES OPERATING CORPORATION,0.0,13744.349221935483
2026-05,BITUMEN,GRIZZLY OIL SANDS ULC,0.0,109.28020258064515
2026-05,BITUMEN,HARVEST OPERATIONS CORP.,0.0,10554.710483225806
2026-05,BITUMEN,HEADWATER EXPLORATION INC.,0.0,22419.748623870968
2026-05,BITUMEN,HIGHWOOD ASSET MANAGEMENT LTD.,0.0,9.840493548387096
2026-05,BITUMEN,IMPERIAL OIL RESOURCES LIMITED,0.0,147785.44514516127
2026-05,BITUMEN,IPC CANADA LTD.,0.0,967.7364541935483
2026-05,BITUMEN,ISLANDER OIL & GAS INC.,0.0,3505.163512258064
2026-05,BITUMEN,LINEUP RESOURCES CORP.,0.0,1450.4075903225805
2026-05,BITUMEN,LOTUS CREEK EXPLORATION INC.,0.0,35.95330838709677
2026-05,BITUMEN,MAHIKAN OIL CORPORATION,0.0,329.44349225806445
2026-05,BITUMEN,O'NEILL INDUSTRIES INTERNATIONAL-CANADA INC.,0.0,32.646090967741934
2026-05,BITUMEN,OBSIDIAN ENERGY LTD.,0.0,10766.757901935483
2026-05,BITUMEN,PETROCHINA CANADA LTD.,0.0,829.7869374193548
2026-05,BITUMEN,RUBELLITE ENERGY INC.,0.0,4858.85021032258
2026-05,BITUMEN,SPUR PETROLEUM LTD.,0.0,25501.446278709675
2026-05,BITUMEN,STRATHCONA RESOURCES LTD.,0.0,62784.6821516129
2026-05,BITUMEN,SUNCOR ENERGY INC.,0.0,141043.67229096772
2026-05,BITUMEN,SURGE ENERGY INC.,0.0,7.527470322580645
2026-05,BITUMEN,TAMARACK VALLEY ENERGY LTD.,0.0,17805.75424064516
2026-05,BITUMEN,WEST LAKE ENERGY CORP.,0.0,35.01998322580645
2026-05,BITUMEN,WESTGATE ENERGY OPERATIONS LTD.,0.0,414.49782
2026-05,COND,ACERTA OPERATING CORPORATION,0.0,59.79367935483871
2026-05,COND,ADVANTAGE ENERGY LTD.,0.0,0.14202774193548387
2026-05,COND,ARC RESOURCES LTD.,0.0,58405.21614967741
2026-05,COND,ATHABASCA OIL CORPORATION,0.0,1249.620942580645
2026-05,COND,BACCALIEU ENERGY INC.,0.0,15.967976129032257
2026-05,COND,BARREL OIL CORP.,0.0,30.718571612903222
2026-05,COND,BEARSPAW PETROLEUM LTD.,0.0,6.492696774193548
2026-05,COND,BIRCHCLIFF ENERGY LTD.,0.0,524.8939548387096
2026-05,COND,BITSTONE RESOURCES INC.,0.0,7.304283870967741
2026-05,COND,BLUE STAR ENERGY INC.,0.0,0.40579354838709675
2026-05,COND,BORNITE ENERGY LTD.,0.0,0.8521664516129032
2026-05,COND,BTG ENERGY CORP.,0.0,38.75328387096774
2026-05,COND,CANADIAN NATURAL RESOURCES LIMITED,0.0,575.171775483871
2026-05,COND,CANLIN RESOURCES PARTNERSHIP,0.0,43.82570322580645
2026-05,COND,CANSTONE ENERGY LTD.,0.0,1.0347735483870966
2026-05,COND,CARDINAL ENERGY LTD.,0.0,1.1768012903225804
2026-05,COND,CAVVY PRODUCTION LTD.,0.0,7.62891870967742
2026-05,COND,CENOVUS ENERGY INC.,0.0,74.30079870967741
2026-05,COND,CORSE ENERGY CORP.,0.0,1.9072296774193547
2026-05,COND,CYGNET ENERGY LTD.,0.0,600.0874993548387
2026-05,COND,DEL CANADA GP LTD.,0.0,3.1449
2026-05,COND,EMBER RESOURCES INC.,0.0,6.147772258064515
2026-05,COND,ENTRADA RESOURCES INC.,0.0,0.5884006451612902
2026-05,COND,FIDDLEHEAD RESOURCES CORP.,0.0,2.982582580645161
2026-05,COND,G2B DEVELOPMENT CORPORATION,0.0,4.605756774193548
2026-05,COND,GRAN TIERRA CANADA LTD.,0.0,73.59066
2026-05,COND,HARD ROCK RESOURCES LTD.,0.0,0.20289677419354837
2026-05,COND,HARVEST OPERATIONS CORP.,0.0,25.930207741935483
2026-05,COND,HIGHWOOD ASSET MANAGEMENT LTD.,0.0,8.988327096774194
2026-05,COND,HWN ENERGY LTD.,0.0,9.698465806451612
2026-05,COND,INPLAY OIL CORP.,0.0,9.170934193548387
2026-05,COND,INSIGNIA ENERGY LTD.,0.0,511.94914064516126
2026-05,COND,ISH ENERGY LTD.,0.0,5.2550264516129035
2026-05,COND,JOURNEY ENERGY INC.,0.0,29.217135483870965
2026-05,COND,JX ENERGY LTD.,0.0,9.576727741935482
2026-05,COND,KARVE ENERGY INC.,0.0,0.5681109677419355
2026-05,COND,KELT EXPLORATION LTD.,0.0,281.9453574193548
2026-05,COND,KIWETINOHK ENERGY CORP.,0.0,28.649024516129035
2026-05,COND,LONG TERM ASSET MANAGEMENT INC.,0.0,3.368086451612903
2026-05,COND,LOYAL ENERGY (CANADA) OPERATING LTD.,0.0,296.0263935483871
2026-05,COND,LUCKY STRIKE RESOURCES LTD.,0.0,0.10144838709677419
2026-05,COND,LYNX ENERGY ULC,0.0,51.941574193548384
2026-05,COND,MANCAL ENERGY INC.,0.0,39.788057419354836
2026-05,COND,MURPHY OIL COMPANY LTD.,0.0,4992.964978064516
2026-05,COND,NEW NORTH RESOURCES LTD.,0.0,3.124610322580645
2026-05,COND,NEW TIMES ENERGY CANADA GP 2 LTD.,0.0,4.504308387096774
2026-05,COND,NEW TIMES ENERGY CANADA GP 3 LTD.,0.0,14.30422258064516
2026-05,COND,NOVUS ENERGY INC.,0.0,1.5420154838709677
2026-05,COND,OBSIDIAN ENERGY LTD.,0.0,12.295544516129032
2026-05,COND,ORLEN UPSTREAM CANADA LTD.,0.0,10.550632258064516
2026-05,COND,OUTLIER RESOURCES LTD.,0.0,15.967976129032255
2026-05,COND,OUTPOST ENERGY LTD.,0.0,0.6695593548387097
2026-05,COND,OVINTIV CANADA ULC,0.0,1080.2021361290322
2026-05,COND,PARAMOUNT RESOURCES LTD.,0.0,5403.141096774193
2026-05,COND,PERSIST OIL AND GAS INC.,0.0,1.2173806451612903
2026-05,COND,PETROCHINA DUVERNAY GAS PARTNERSHIP,0.0,94.06294451612902
2026-05,COND,PETRUS RESOURCES CORP.,0.0,336.50429999999994
2026-05,COND,PEYTO EXPLORATION & DEVELOPMENT CORP.,0.0,52.24591935483871
2026-05,COND,PINE CLIFF ENERGY LTD.,0.0,83.61376064516128
2026-05,COND,PRAIRIE PROVIDENT RESOURCES CANADA LTD.,0.0,4.423149677419355
2026-05,COND,PRAIRIE THUNDER RESOURCES LTD.,0.0,7.953553548387096
2026-05,COND,RELENTLESS RESOURCES LTD.,0.0,1.25796
2026-05,COND,RESOURCEFUL PETROLEUM CANADA LIMITED,0.0,23.47515677419355
2026-05,COND,RESPONSE ENERGY CORPORATION,0.0,0.06086903225806451
2026-05,COND,RISING TIDE ENERGY LTD.,0.0,2.333312903225806
2026-05,COND,ROK RESOURCES INC.,0.0,4.057935483870968
2026-05,COND,RUSH RESOURCES LTD.,0.0,8.866589032258064
2026-05,COND,SATURN OIL & GAS INC.,0.0,5.133288387096774
2026-05,COND,SHACKLETON EXPLORATION LTD.,0.0,8.663692258064517
2026-05,COND,SIGNALTA RESOURCES LIMITED,0.0,11.808592258064515
2026-05,COND,SILVERLEAF RESOURCES INC.,0.0,0.22318645161290324
2026-05,COND,SINOPEC CANADA ENERGY LTD.,0.0,82.59927677419354
2026-05,COND,SOGAR RESOURCES LTD.,0.0,1.1768012903225804
2026-05,COND,SPARTAN DELTA CORP.,0.0,731.8689541935483
2026-05,COND,SPOKE RESOURCES LTD.,0.0,0.7710077419354839
2026-05,COND,SUCCESS RESOURCES LTD.,0.0,0.7304283870967742
2026-05,COND,SURGE ENERGY INC.,0.0,6.411538064516129
2026-05,COND,SUTTON ENERGY LTD.,0.0,0.2637658064516129
2026-05,COND,TAIGA ENERGY CORP.,0.0,5.3158954838709676
2026-05,COND,TAQA NORTH LTD.,0.0,523.1287529032257
2026-05,COND,TEINE ENERGY LTD.,0.0,1104.265693548387
2026-05,COND,TENAZ ENERGY CORP.,0.0,17.36796387096774
2026-05,COND,TIDEWATER MIDSTREAM AND INFRASTRUCTURE LTD.,0.0,0.14202774193548387
2026-05,COND,TOURMALINE OIL CORP.,0.0,550.702424516129
2026-05,COND,VANTAGE POINT RESOURCES INC.,0.0,4.179673548387097
2026-05,COND,VERMILION ENERGY INC.,0.0,158.25948387096773
2026-05,COND,WEST 5 RESOURCES INC.,0.0,0.24347612903225804
2026-05,COND,WHITECAP PARTNERSHIP,0.0,954.3858464516129
2026-05,COND,WHITECAP RESOURCES INC.,0.0,10462.230133548386
2026-05,COND,YANGARRA RESOURCES CORP.,0.0,145.39582838709677
2026-05,CRUDE_OIL,1288131 ALBERTA LTD.,0.0,9.779624516129033
2026-05,CRUDE_OIL,1506928 ALBERTA LTD.,0.0,18.037523225806453
2026-05,CRUDE_OIL,1852797 ALBERTA ULC,0.0,133.32347032258065
2026-05,CRUDE_OIL,2155192 ALBERTA LTD.,0.0,25.727310967741936
2026-05,CRUDE_OIL,2363750 ALBERTA LTD.,0.0,51.71838774193548
2026-05,CRUDE_OIL,2672682 ALBERTA LTD,0.0,7.649208387096774
2026-05,CRUDE_OIL,501 ENERGY CORP.,0.0,116.42216903225805
2026-05,CRUDE_OIL,840586 ALBERTA LTD.,0.0,47.64016258064516
2026-05,CRUDE_OIL,97837 RESOURCES LTD.,0.0,7.588339354838709
2026-05,CRUDE_OIL,979968 ALBERTA LTD.,0.0,5.762268387096774
2026-05,CRUDE_OIL,ACERTA OPERATING CORPORATION,0.0,4618.823326451613
2026-05,CRUDE_OIL,ACQUISITION OIL CORP.,0.0,715.9212677419355
2026-05,CRUDE_OIL,ADANAC OIL & GAS LIMITED,0.0,16.881011612903222
2026-05,CRUDE_OIL,ADVANTAGE ENERGY LTD.,0.0,6482.430197419354
2026-05,CRUDE_OIL,AENEID EXPLORATION INC.,0.0,52.732871612903224
2026-05,CRUDE_OIL,AERADEN ENERGY CORP.,0.0,24.266454193548388
2026-05,CRUDE_OIL,ALBERTA PETROLEUM ENERGY LIMITED,0.0,16.19116258064516
2026-05,CRUDE_OIL,ALCHEMY ENERGY LTD,0.0,464.73506129032256
2026-05,CRUDE_OIL,ALEXANDER OILFIELD SERVICES LTD.,0.0,22.825887096774192
2026-05,CRUDE_OIL,ALLIED ENERGY II CORP.,0.0,1727.463135483871
2026-05,CRUDE_OIL,ALSACE ENERGY CORP.,0.0,28.364969032258063
2026-05,CRUDE_OIL,ALTAIR ENERGY LTD.,0.0,151.4015729032258
2026-05,CRUDE_OIL,ALTIMA RESOURCES LTD.,0.0,16.08971419354839
2026-05,CRUDE_OIL,APAR ENERGY INC.,0.0,22.704149032258066
2026-05,CRUDE_OIL,ARAL RESOURCES LTD.,0.0,26.701215483870968
2026-05,CRUDE_OIL,ARC RESOURCES LTD.,0.0,7577.098873548387
2026-05,CRUDE_OIL,ARCHER EXPLORATION CORP.,0.0,8131.7577851612905
2026-05,CRUDE_OIL,ARTIS EXPLORATION LTD.,0.0,10016.060127096773
2026-05,CRUDE_OIL,ASCENSUN OIL AND GAS LTD.,0.0,80.79349548387096
2026-05,CRUDE_OIL,ASPENLEAF ENERGY LIMITED,0.0,16001.454096774192
2026-05,CRUDE_OIL,ASTARA ENERGY CORP.,0.0,3931.9568767741935
2026-05,CRUDE_OIL,ATCO NEXT ENERGY LTD.,0.0,34.796796774193545
2026-05,CRUDE_OIL,ATHABASCA OIL CORPORATION,0.0,105.56719161290322
2026-05,CRUDE_OIL,AXIOM OIL AND GAS INC.,0.0,645.3740593548387
2026-05,CRUDE_OIL,B-32 EXPLORATION LTD.,0.0,123.01631419354838
2026-05,CRUDE_OIL,BACCALIEU ENERGY INC.,0.0,1771.3091283870967
2026-05,CRUDE_OIL,BAND ENERGY RESOURCES LTD.,0.0,4.1593838709677415
2026-05,CRUDE_OIL,BARCOMP PETROLEUM LTD.,0.0,89.1325529032258
2026-05,CRUDE_OIL,"BARNWELL OF CANADA, LIMITED",0.0,426.79336451612903
2026-05,CRUDE_OIL,BARREL OIL CORP.,0.0,2515.3721787096774
2026-05,CRUDE_OIL,BATTLE RIVER ENERGY LTD.,0.0,885.4415225806451
2026-05,CRUDE_OIL,BAY OIL AND GAS LTD.,0.0,62.67481354838709
2026-05,CRUDE_OIL,BAYTEX ENERGY LTD.,0.0,4564.304963225806
2026-05,CRUDE_OIL,BDJ ENERGY INC.,0.0,40.0721129032258
2026-05,CRUDE_OIL,BEARSPAW PETROLEUM LTD.,0.0,539.1373083870967
2026-05,CRUDE_OIL,BENCH CREEK RESOURCES LTD.,0.0,35.60838387096774
2026-05,CRUDE_OIL,BIGHORN ENERGY CORPORATION,0.0,130.30030838709678
2026-05,CRUDE_OIL,BIRCHCLIFF ENERGY LTD.,0.0,1310.104470967742
2026-05,CRUDE_OIL,BITSTONE RESOURCES INC.,0.0,65.19073354838709
2026-05,CRUDE_OIL,BLUE STAR ENERGY INC.,0.0,19.518669677419354
2026-05,CRUDE_OIL,BONTERRA ENERGY CORP.,0.0,5992.941729677419
2026-05,CRUDE_OIL,BORNITE ENERGY LTD.,0.0,6.512986451612903
2026-05,CRUDE_OIL,BORRADAILE OIL LTD.,0.0,8.927458064516129
2026-05,CRUDE_OIL,BOUNTY DEVELOPMENTS LTD.,0.0,10.266576774193547
2026-05,CRUDE_OIL,"BRIGHTSPOT INTERNATIONAL ENERGY (CANADA) CO., LTD.",0.0,221.42124967741935
2026-05,CRUDE_OIL,BROTHERIN ENERGY LTD.,0.0,67.44288774193548
2026-05,CRUDE_OIL,BRW PETROLEUM CORP.,0.0,261.35133483870965
2026-05,CRUDE_OIL,BTG ENERGY CORP.,0.0,1577.1166258064516
2026-05,CRUDE_OIL,C GROUP ENERGY INC.,0.0,153.6537270967742
2026-05,CRUDE_OIL,CALEDONIAN MIDSTREAM CORPORATION,0.0,242.90801806451609
2026-05,CRUDE_OIL,CALTEX TRILOGY INC.,0.0,190.49978129032257
2026-05,CRUDE_OIL,CANADIAN NATURAL RESOURCES LIMITED,0.0,78508.49230258063
2026-05,CRUDE_OIL,CANEX RESOURCES LTD.,0.0,5.133288387096774
2026-05,CRUDE_OIL,CANLIN RESOURCES PARTNERSHIP,0.0,683.1940180645161
2026-05,CRUDE_OIL,CANUCK NORTH RESOURCES LTD.,0.0,19.194034838709676
2026-05,CRUDE_OIL,CARDINAL ENERGY LTD.,0.0,13225.603039354837
2026-05,CRUDE_OIL,CENOVUS ENERGY INC.,0.0,12718.259655483871
2026-05,CRUDE_OIL,CENTENNIAL PETROLEUM COMPANY LTD.,0.0,0.9739045161290322
2026-05,CRUDE_OIL,CLAMPETT ENERGY LTD.,0.0,114.6975464516129
2026-05,CRUDE_OIL,COASTAL RESOURCES LIMITED,0.0,106.48022709677419
2026-05,CRUDE_OIL,COBALT ENERGY INC.,0.0,321.8551529032258
2026-05,CRUDE_OIL,CONIFER ENERGY INC.,0.0,5655.747580645161
2026-05,CRUDE_OIL,CONVEGA ENERGY LTD.,0.0,7.892684516129032
2026-05,CRUDE_OIL,CORSE ENERGY CORP.,0.0,1.6028845161290322
2026-05,CRUDE_OIL,COURSER ENERGY LTD.,0.0,96.07162258064515
2026-05,CRUDE_OIL,CREST JINN PETROLEUM CORPORATION,0.0,29.01423870967742
2026-05,CRUDE_OIL,CROVERRO ENERGY LTD.,0.0,336.70719677419356
2026-05,CRUDE_OIL,CYGNET ENERGY LTD.,0.0,2553.8414070967738
2026-05,CRUDE_OIL,DARK ENERGY LTD.,0.0,44.29236580645161
2026-05,CRUDE_OIL,DARK WARRIOR RESOURCES LTD.,0.0,67.64578451612903
2026-05,CRUDE_OIL,DECCAN ENERGY LTD.,0.0,90.45138193548387
2026-05,CRUDE_OIL,DECIMUS OIL CORP.,0.0,37.71851032258064
2026-05,CRUDE_OIL,DECKLAND INC.,0.0,26.17368387096774
2026-05,CRUDE_OIL,DEL CANADA GP LTD.,0.0,375.7445361290322
2026-05,CRUDE_OIL,DELTAWEST ENERGY LTD.,0.0,139.87703612903223
2026-05,CRUDE_OIL,DERRICK PETROLEUM LTD.,0.0,5.3158954838709676
2026-05,CRUDE_OIL,DIRE RESOURCES LTD.,0.0,15.866527741935483
2026-05,CRUDE_OIL,DOAG ENERGY LTD.,0.0,21.304161290322575
2026-05,CRUDE_OIL,DURHAM CREEK ENERGY LTD.,0.0,26.964981290322577
2026-05,CRUDE_OIL,DWL RESOURCES LTD.,0.0,82.86304258064516
2026-05,CRUDE_OIL,EAGLE ENERGY INC.,0.0,865.4156109677419
2026-05,CRUDE_OIL,EASTNELL RESOURCES LTD.,0.0,6.492696774193548
2026-05,CRUDE_OIL,ECLIPSE RESOURCES LTD.,0.0,448.0975258064516
2026-05,CRUDE_OIL,ECOCHAIN ENERGY LTD.,0.0,27.67512
2026-05,CRUDE_OIL,EDALIS ENERGY INC.,0.0,43.480778709677416
2026-05,CRUDE_OIL,EMBER RESOURCES INC.,0.0,133.12057354838709
2026-05,CRUDE_OIL,ENDRUM ENERGY CORP.,0.0,16.414349032258063
2026-05,CRUDE_OIL,ENER T CORPORATION,0.0,73.8544258064516
2026-05,CRUDE_OIL,ENERCAPITA ENERGY LTD.,0.0,3124.1436599999997
2026-05,CRUDE_OIL,ENHANCE ENERGY INC.,0.0,2093.367178064516
2026-05,CRUDE_OIL,ENTRADA RESOURCES INC.,0.0,975.892904516129
2026-05,CRUDE_OIL,EP RESOURCES CORPORATION,0.0,402.0196683870967
2026-05,CRUDE_OIL,ERDOL RESOURCES CORP.,0.0,168.2014258064516
2026-05,CRUDE_OIL,EXECUTIVE ADVENTURES 2008 INC.,0.0,55.97922
2026-05,CRUDE_OIL,FIDDLEHEAD RESOURCES CORP.,0.0,16.414349032258063
2026-05,CRUDE_OIL,FIRE CREEK RESOURCES LTD.,0.0,243.61815677419352
2026-05,CRUDE_OIL,FIVE POINT ENERGY INC.,0.0,21.81140322580645
2026-05,CRUDE_OIL,FLYWHEEL RESOURCES CORP.,0.0,577.6876954838709
2026-05,CRUDE_OIL,FORT CALGARY RESOURCES LTD.,0.0,23.880950322580645
2026-05,CRUDE_OIL,G. HERMAN GROUP INC.,0.0,10.408604516129031
2026-05,CRUDE_OIL,GLOBAL CANUCK ENERGY LTD.,0.0,5.478212903225805
2026-05,CRUDE_OIL,GMT EXPLORATION ZAMA INC.,0.0,712.1068083870967
2026-05,CRUDE_OIL,GOLDEN SPIKE ENERGY INC.,0.0,8.13616064516129
2026-05,CRUDE_OIL,GOOSE CREEK RESOURCES LTD.,0.0,138.61907612903224
2026-05,CRUDE_OIL,GRAN TIERRA CANADA LTD.,0.0,2126.3379038709677
2026-05,CRUDE_OIL,GRASSLAND ENERGY CORP.,0.0,758.5904593548387
2026-05,CRUDE_OIL,GRIZZLY RESOURCES LTD.,0.0,1591.8672212903225
2026-05,CRUDE_OIL,GUNNARR RESOURCES INC.,0.0,13.330318064516128
2026-05,CRUDE_OIL,HALO EXPLORATION LTD.,0.0,176.66222129032258
2026-05,CRUDE_OIL,HARD ROCK RESOURCES LTD.,0.0,34.492451612903224
2026-05,CRUDE_OIL,HARVARD RESOURCES INC.,0.0,62.12699225806451
2026-05,CRUDE_OIL,HARVEST ENERGY CORPORATION,0.0,3.2057690322580643
2026-05,CRUDE_OIL,HARVEST OPERATIONS CORP.,0.0,1081.9267587096774
2026-05,CRUDE_OIL,HBC ENERGY LTD.,0.0,1.5825948387096773
2026-05,CRUDE_OIL,HEADWATER EXPLORATION INC.,0.0,409.1616348387097
2026-05,CRUDE_OIL,HEMISPHERE ENERGY CORPORATION,0.0,3606.124947096774
2026-05,CRUDE_OIL,HESC ENERGY CORPORATION,0.0,99.80492322580645
2026-05,CRUDE_OIL,HIGHVALE ENERGY LIMITED,0.0,453.210524516129
2026-05,CRUDE_OIL,HIGHWOOD ASSET MANAGEMENT LTD.,0.0,2484.1057858064514
2026-05,CRUDE_OIL,HITIC ENERGY LTD.,0.0,3351.732971612903
2026-05,CRUDE_OIL,HWN ENERGY LTD.,0.0,5789.375396129032
2026-05,CRUDE_OIL,HYDRO VAULT ENERGY LTD.,0.0,55.20821225806451
2026-05,CRUDE_OIL,INDRA OIL & GAS LTD.,0.0,14.446250322580642
2026-05,CRUDE_OIL,INNES OILFIELD SERVICES LTD.,0.0,5.356474838709677
2026-05,CRUDE_OIL,INPLAY OIL CORP.,0.0,9285.205656774193
2026-05,CRUDE_OIL,INSCH COMMODITY LTD.,0.0,20.228808387096773
2026-05,CRUDE_OIL,INSIGNIA ENERGY LTD.,0.0,470.4161709677419
2026-05,CRUDE_OIL,INTEGRITY OIL OPERATIONS LTD.,0.0,6.066613548387096
2026-05,CRUDE_OIL,IPC CANADA LTD.,0.0,10277.675227741935
2026-05,CRUDE_OIL,ISH ENERGY LTD.,0.0,712.411153548387
2026-05,CRUDE_OIL,JAST ENERGY LTD.,0.0,31.408420645161286
2026-05,CRUDE_OIL,JOLI FOU PETROLEUMS LTD.,0.0,30.86059935483871
2026-05,CRUDE_OIL,JOURNEY ENERGY INC.,0.0,5028.715389677419
2026-05,CRUDE_OIL,JP ENERGY CORP.,0.0,4.48401870967742
2026-05,CRUDE_OIL,JX ENERGY LTD.,0.0,23.840370967741933
2026-05,CRUDE_OIL,KARVE ENERGY INC.,0.0,9051.97581483871
2026-05,CRUDE_OIL,KELT EXPLORATION LTD.,0.0,5020.7415464516125
2026-05,CRUDE_OIL,KEYERA ENERGY LTD.,0.0,1.9883883870967742
2026-05,CRUDE_OIL,KINMERC OIL & GAS INC.,0.0,266.26143677419356
2026-05,CRUDE_OIL,KIWETINOHK ENERGY CORP.,0.0,202.49098064516127
2026-05,CRUDE_OIL,KOHO ENERGY CORP.,0.0,2.901423870967742
2026-05,CRUDE_OIL,LEDGEND ROYALTY TRUST LTD.,0.0,10.65208064516129
2026-05,CRUDE_OIL,LOGAN ENERGY CORP.,0.0,5222.847023225806
2026-05,CRUDE_OIL,LOGIC ENERGY LTD.,0.0,221.8473329032258
2026-05,CRUDE_OIL,LONE TREE RESOURCES INC.,0.0,17.367963870967742
2026-05,CRUDE_OIL,LONG TERM ASSET MANAGEMENT INC.,0.0,18.78824129032258
2026-05,CRUDE_OIL,LONGRIDGE ENERGY LTD.,0.0,105.24255677419355
2026-05,CRUDE_OIL,LONGSHORE RESOURCES LTD.,0.0,2933.5424303225805
2026-05,CRUDE_OIL,LOTUS CREEK EXPLORATION INC.,0.0,1535.0764141935483
2026-05,CRUDE_OIL,LOYAL ENERGY (CANADA) OPERATING LTD.,0.0,292.9423625806451
2026-05,CRUDE_OIL,LUCKY STRIKE RESOURCES LTD.,0.0,128.06844387096774
2026-05,CRUDE_OIL,LUXUR RESOURCES INC.,0.0,9.211513548387096
2026-05,CRUDE_OIL,LYCOS ENERGY INC.,0.0,1492.5492503225805
2026-05,CRUDE_OIL,LYNX ENERGY ULC,0.0,1273.6236309677417
2026-05,CRUDE_OIL,MAGA ENERGY LTD.,0.0,10.205707741935484
2026-05,CRUDE_OIL,MALAK ENERGY INC.,0.0,3.5101141935483873
2026-05,CRUDE_OIL,MANCAL ENERGY INC.,0.0,2182.4794412903225
2026-05,CRUDE_OIL,MARLIN RESOURCES LTD.,0.0,159.94352709677418
2026-05,CRUDE_OIL,MARS ENERGY RESOURCES MANAGEMENT LTD.,0.0,238.46457870967737
2026-05,CRUDE_OIL,MATO INC.,0.0,2.9622929032258063
2026-05,CRUDE_OIL,MORNING STAR PETROLEUM INCORPORATED,0.0,5.924585806451612
2026-05,CRUDE_OIL,MUDDY PETROLEUM COMPANY LTD.,0.0,1.7043329032258063
2026-05,CRUDE_OIL,MURPHY OIL COMPANY LTD.,0.0,1610.9598077419355
2026-05,CRUDE_OIL,N7 ENERGY LTD.,0.0,314.10449612903227
2026-05,CRUDE_OIL,NEW NORTH RESOURCES LTD.,0.0,23.57660516129032
2026-05,CRUDE_OIL,NEW TIMES ENERGY CANADA GP 2 LTD.,0.0,28.22294129032258
2026-05,CRUDE_OIL,NEW WEST DATA ACQUISITION CORP.,0.0,172.07675419354837
2026-05,CRUDE_OIL,NEW WEST DATA CORP.,0.0,49.2836264516129
2026-05,CRUDE_OIL,NORTH 40 RESOURCES LTD.,0.0,2704.6951587096773
2026-05,CRUDE_OIL,NORTH FORK RESOURCES LTD.,0.0,224.16035612903224
2026-05,CRUDE_OIL,NORTHROCK RESOURCES PARTNERSHIP LTD.,0.0,63.3443729032258
2026-05,CRUDE_OIL,NOVACOR EXPLORATION LTD.,0.0,54.579232258064515
2026-05,CRUDE_OIL,NOVUS ENERGY INC.,0.0,52.77345096774194
2026-05,CRUDE_OIL,NUOVA STRADA VENTURES LTD.,0.0,117.96418451612902
2026-05,CRUDE_OIL,NVP EXPLORATION INC.,0.0,10.205707741935484
2026-05,CRUDE_OIL,NVS ENGINEERING INC.,0.0,12.559310322580643
2026-05,CRUDE_OIL,OAK RESOURCES LTD.,0.0,3.0637412903225805
2026-05,CRUDE_OIL,OBSIDIAN ENERGY LTD.,0.0,4603.666937419354
2026-05,CRUDE_OIL,OHANA RESOURCES INC.,0.0,148.72333548387095
2026-05,CRUDE_OIL,ORGA ENERGY LTD.,0.0,226.69656580645162
2026-05,CRUDE_OIL,ORLEN UPSTREAM CANADA LTD.,0.0,470.35530193548385
2026-05,CRUDE_OIL,OUTLIER RESOURCES LTD.,0.0,299.7191148387097
2026-05,CRUDE_OIL,OUTPOST ENERGY LTD.,0.0,23.170811612903226
2026-05,CRUDE_OIL,OVINTIV CANADA ULC,0.0,385.6661883870968
2026-05,CRUDE_OIL,PARAGON ENERGY LTD.,0.0,6.675303870967742
2026-05,CRUDE_OIL,PARALLAX ENERGY OPERATING INC.,0.0,14084.850588387097
2026-05,CRUDE_OIL,PARAMOUNT RESOURCES LTD.,0.0,867.7895032258064
2026-05,CRUDE_OIL,PENTACOR ENERGY CORP.,0.0,634.6611096774193
2026-05,CRUDE_OIL,PERISSON PETROLEUM CORPORATION,0.0,6.594145161290323
2026-05,CRUDE_OIL,PERSIST OIL AND GAS INC.,0.0,1811.1580548387096
2026-05,CRUDE_OIL,PERTHRO (CANADA) INC.,0.0,37.21126838709677
2026-05,CRUDE_OIL,PETRUS RESOURCES CORP.,0.0,1528.6242967741935
2026-05,CRUDE_OIL,PEYTO EXPLORATION & DEVELOPMENT CORP.,0.0,26.37658064516129
2026-05,CRUDE_OIL,PINE CLIFF ENERGY LTD.,0.0,923.9716199999999
2026-05,CRUDE_OIL,POINT BAR RESOURCES INC.,0.0,815.3406870967741
2026-05,CRUDE_OIL,POKER CHIP EXPLORATION LTD.,0.0,22.582410967741936
2026-05,CRUDE_OIL,POTTS PETROLEUM INC.,0.0,188.67371032258063
2026-05,CRUDE_OIL,PRAIRIE PROVIDENT RESOURCES CANADA LTD.,0.0,1243.5137496774194
2026-05,CRUDE_OIL,PRAIRIE THUNDER RESOURCES LTD.,0.0,4482.781039354839
2026-05,CRUDE_OIL,PRIMROSE DRILLING VENTURES LTD.,0.0,21.973720645161286
2026-05,CRUDE_OIL,PRONGHORN RESOURCES LTD.,0.0,15.460734193548385
2026-05,CRUDE_OIL,PROSPERA ENERGY INC.,0.0,10.388314838709677
2026-05,CRUDE_OIL,PULSE OIL OPERATING CORP.,0.0,123.7264529032258
2026-05,CRUDE_OIL,QUESTERRE ENERGY CORPORATION,0.0,2.7796858064516123
2026-05,CRUDE_OIL,RAKE RESOURCES LTD,0.0,13.553504516129031
2026-05,CRUDE_OIL,RALLY CANADA RESOURCES LTD.,0.0,408.12686129032255
2026-05,CRUDE_OIL,RAMPART OIL INC.,0.0,401.5327161290322
2026-05,CRUDE_OIL,RANAHAN RESOURCES LIMITED,0.0,1312.0117006451612
2026-05,CRUDE_OIL,RED ANGUS ENERGY INC.,0.0,88.44270387096773
2026-05,CRUDE_OIL,RELENTLESS RESOURCES LTD.,0.0,32.88956709677419
2026-05,CRUDE_OIL,RESISTANCE ENERGY LTD.,0.0,13.350607741935484
2026-05,CRUDE_OIL,RESONANCE ENERGY LTD.,0.0,1.623174193548387
2026-05,CRUDE_OIL,RESOURCEFUL PETROLEUM CANADA LIMITED,0.0,27.918596129032256
2026-05,CRUDE_OIL,RESPONSE ENERGY CORPORATION,0.0,659.6174129032257
2026-05,CRUDE_OIL,REVOLUTION OIL & GAS CORPORATION,0.0,441.3004838709677
2026-05,CRUDE_OIL,REX ENERGY LTD.,0.0,20.289677419354838
2026-05,CRUDE_OIL,RIBBON CREEK RESOURCES INC.,0.0,38.14459354838709
2026-05,CRUDE_OIL,RICOCHET OIL CORP.,0.0,9221.80041483871
2026-05,CRUDE_OIL,RIDGELINE EXPLORATION INC.,0.0,57.88644967741935
2026-05,CRUDE_OIL,RIMFIRE ENERGY INC.,0.0,9.333251612903226
2026-05,CRUDE_OIL,RISING TIDE ENERGY LTD.,0.0,20.999816129032258
2026-05,CRUDE_OIL,ROCKEAST ENERGY CORP.,0.0,660.6318967741935
2026-05,CRUDE_OIL,ROK RESOURCES INC.,0.0,74.84862
2026-05,CRUDE_OIL,ROTHMANS ENERGY INC.,0.0,26.13310451612903
2026-05,CRUDE_OIL,RTD ENERGY INC.,0.0,9.252092903225806
2026-05,CRUDE_OIL,RUBELLITE ENERGY INC.,0.0,5309.808580645161
2026-05,CRUDE_OIL,RURALCO RESOURCES CORP.,0.0,5.234736774193548
2026-05,CRUDE_OIL,RUSH RESOURCES LTD.,0.0,160.63337612903226
2026-05,CRUDE_OIL,SAND HILLS DIV CORP LTD.,0.0,271.3541458064516
2026-05,CRUDE_OIL,SANDPOINT RESOURCES INC.,0.0,22.37951419354839
2026-05,CRUDE_OIL,SATURN OIL & GAS INC.,0.0,4169.3663922580645
2026-05,CRUDE_OIL,SHACKLETON EXPLORATION LTD.,0.0,500.5057625806451
2026-05,CRUDE_OIL,SHANPET RESOURCES LTD.,0.0,13.168000645161289
2026-05,CRUDE_OIL,SHARPTAIL ENERGY INC.,0.0,640.8494612903226
2026-05,CRUDE_OIL,SHOT POINT RESOURCES LTD.,0.0,53.6864864516129
2026-05,CRUDE_OIL,SIFTON PETROLEUM INC.,0.0,1178.0389606451613
2026-05,CRUDE_OIL,SIGNALTA RESOURCES LIMITED,0.0,151.03635870967742
2026-05,CRUDE_OIL,SILVERLEAF RESOURCES INC.,0.0,79.69785290322581
2026-05,CRUDE_OIL,SINOPEC CANADA ENERGY LTD.,0.0,2133.337842580645
2026-05,CRUDE_OIL,SOGAR RESOURCES LTD.,0.0,8.034712258064516
2026-05,CRUDE_OIL,SPARK INFRASTRUCTURE CORP.,0.0,13.208580000000001
2026-05,CRUDE_OIL,SPARTAN DELTA CORP.,0.0,6615.956564516129
2026-05,CRUDE_OIL,SPOKE RESOURCES LTD.,0.0,1948.4583019354839
2026-05,CRUDE_OIL,SPUR PETROLEUM LTD.,0.0,37452.26917548387
2026-05,CRUDE_OIL,STRATHCONA RESOURCES LTD.,0.0,3260.794637419355
2026-05,CRUDE_OIL,SUCCESS RESOURCES LTD.,0.0,33.05188451612903
2026-05,CRUDE_OIL,SUMERIAN OIL & GAS INC.,0.0,89.7615329032258
2026-05,CRUDE_OIL,SUN CENTURY PETROLEUM CORPORATION,0.0,45.631484516129035
2026-05,CRUDE_OIL,SUPREME ENERGY INC.,0.0,102.86866451612903
2026-05,CRUDE_OIL,SURGE ENERGY INC.,0.0,11521.838247096774
2026-05,CRUDE_OIL,SUTTON ENERGY LTD.,0.0,3.428955483870967
2026-05,CRUDE_OIL,TAGGART OIL CORP.,0.0,71.56169225806451
2026-05,CRUDE_OIL,TAKU GAS LIMITED,0.0,16.86072193548387
2026-05,CRUDE_OIL,TAMARACK VALLEY ENERGY LTD.,0.0,42353.585680645156
2026-05,CRUDE_OIL,TAQA NORTH LTD.,0.0,4414.059901935484
2026-05,CRUDE_OIL,TEINE ENERGY LTD.,0.0,10322.332807741936
2026-05,CRUDE_OIL,TENAZ ENERGY CORP.,0.0,1513.8737012903225
2026-05,CRUDE_OIL,TEXCAL ENERGY CANADA INC.,0.0,573.5080219354838
2026-05,CRUDE_OIL,THOROUGHBRED ENERGY LTD.,0.0,61.254536129032246
2026-05,CRUDE_OIL,TIDEWATER MIDSTREAM AND INFRASTRUCTURE LTD.,0.0,157.52905548387096
2026-05,CRUDE_OIL,TOP OIL PRODUCTION LTD.,0.0,256.7049987096774
2026-05,CRUDE_OIL,TOURMALINE OIL CORP.,0.0,1842.3229993548387
2026-05,CRUDE_OIL,TOWER RIDGE ENTERPRISES CORP.,0.0,8.541954193548387
2026-05,CRUDE_OIL,TRANSACTION OIL & GAS VENTURES INC.,0.0,19.29548322580645
2026-05,CRUDE_OIL,TRIPLE 555 OIL COMPANY LTD.,0.0,26.396870322580643
2026-05,CRUDE_OIL,TUKTU RESOURCES LTD.,0.0,122.8742864516129
2026-05,CRUDE_OIL,TUSCANY PETROLEUM LTD.,0.0,129.914804516129
2026-05,CRUDE_OIL,TYKEWEST LIMITED,0.0,116.36129999999999
2026-05,CRUDE_OIL,ULYSSES ENERGY CORP.,0.0,841.1085774193548
2026-05,CRUDE_OIL,UNIT 18 CORP.,0.0,169.03330258064514
2026-05,CRUDE_OIL,VANRENA RESOURCES LTD.,0.0,2.2115748387096774
2026-05,CRUDE_OIL,VANTAGE POINT RESOURCES INC.,0.0,982.6087877419354
2026-05,CRUDE_OIL,VERMILION ENERGY INC.,0.0,2586.649815483871
2026-05,CRUDE_OIL,VITAL ENERGY INC.,0.0,310.7364096774193
2026-05,CRUDE_OIL,VULTURE ENERGY LTD.,0.0,25.54470387096774
2026-05,CRUDE_OIL,WASP ENTERPRIZES LTD.,0.0,70.4051806451613
2026-05,CRUDE_OIL,WESCAN ENERGY CORP.,0.0,170.5347387096774
2026-05,CRUDE_OIL,WEST 5 RESOURCES INC.,0.0,180.47668064516128
2026-05,CRUDE_OIL,WEST LAKE ENERGY CORP.,0.0,6358.886351612903
2026-05,CRUDE_OIL,WESTERN BASIN ENERGY CORPORATION,0.0,2019.8170974193547
2026-05,CRUDE_OIL,WESTGATE ENERGY OPERATIONS LTD.,0.0,121.06850516129032
2026-05,CRUDE_OIL,WHITE TUNDRA PETROLEUM LTD.,0.0,27.55338193548387
2026-05,CRUDE_OIL,WHITECAP PARTNERSHIP,0.0,39487.40497935483
2026-05,CRUDE_OIL,WHITECAP RESOURCES INC.,0.0,19625.190483870967
2026-05,CRUDE_OIL,WHITEMUD CREEK RESOURCES LTD.,0.0,24.91572387096774
2026-05,CRUDE_OIL,WILCOX ENERGY CORP.,0.0,17.225936129032256
2026-05,CRUDE_OIL,WILDCAT RENTALS LTD.,0.0,16.414349032258063
2026-05,CRUDE_OIL,WOLF LAKE EXPLORATION LTD.,0.0,385.78792645161286
2026-05,CRUDE_OIL,WOODCOTE INC.,0.0,986.017453548387
2026-05,CRUDE_OIL,WOODSMAN ENERGY CORP.,0.0,313.41464709677416
2026-05,CRUDE_OIL,XENOTIME ENERGY INC.,0.0,4.2202529032258065
2026-05,CRUDE_OIL,YANGARRA RESOURCES CORP.,0.0,1932.3077187096774
2026-05,CRUDE_OIL,ZNX ENERGY LTD.,0.0,14.649147096774193
2026-05,CRUDE_OIL,ZYZYGY RESOURCES LTD.,0.0,48.248852903225796
2026-05,GAS,1170778 ALBERTA LTD.,0.0022783677419354843,0.0
2026-05,GAS,1288131 ALBERTA LTD.,0.04420033419354839,0.0
2026-05,GAS,1506928 ALBERTA LTD.,0.0022783677419354843,0.0
2026-05,GAS,1852797 ALBERTA ULC,0.0039871435483870964,0.0
2026-05,GAS,2155192 ALBERTA LTD.,0.01868261548387097,0.0
2026-05,GAS,2363750 ALBERTA LTD.,0.20152162677419358,0.0
2026-05,GAS,2672682 ALBERTA LTD,0.018910452258064522,0.0
2026-05,GAS,501 ENERGY CORP.,0.10548842645161291,0.0
2026-05,GAS,840586 ALBERTA LTD.,0.1783961941935484,0.0
2026-05,GAS,97837 RESOURCES LTD.,0.029163107096774197,0.0
2026-05,GAS,979968 ALBERTA LTD.,0.09899507838709679,0.0
2026-05,GAS,ACERTA OPERATING CORPORATION,30.06534072258065,0.0
2026-05,GAS,ACQUISITION OIL CORP.,0.5742625893548388,0.0
2026-05,GAS,ADANAC OIL & GAS LIMITED,0.041238456129032264,0.0
2026-05,GAS,ADVANTAGE ENERGY LTD.,353.87710294290326,0.0
2026-05,GAS,AENEID EXPLORATION INC.,0.023239350967741938,0.0
2026-05,GAS,AERADEN ENERGY CORP.,0.030074454193548393,0.0
2026-05,GAS,ALBERTA PETROLEUM ENERGY LIMITED,0.005126327419354839,0.0
2026-05,GAS,ALCHEMY ENERGY LTD,0.948484490967742,0.0
2026-05,GAS,ALEXANDER OILFIELD SERVICES LTD.,0.0472761306451613,0.0
2026-05,GAS,ALLIED ENERGY II CORP.,3.938272560322581,0.0
2026-05,GAS,ALSACE ENERGY CORP.,0.0022783677419354843,0.0
2026-05,GAS,ALTAGAS LTD.,0.19058546161290327,0.0
2026-05,GAS,ALTAIR ENERGY LTD.,0.9139672196774195,0.0
2026-05,GAS,ALTIMA RESOURCES LTD.,0.030302290967741938,0.0
2026-05,GAS,APAR ENERGY INC.,0.00569591935483871,0.0
2026-05,GAS,APL OIL & GAS (1998) LTD.,0.188193175483871,0.0
2026-05,GAS,ARAL RESOURCES LTD.,0.03542861838709678,0.0
2026-05,GAS,ARC RESOURCES LTD.,600.8439640448388,0.0
2026-05,GAS,ARCHER EXPLORATION CORP.,43.59793376258065,0.0
2026-05,GAS,ARTIS EXPLORATION LTD.,15.766190855806453,0.0
2026-05,GAS,ASCENSUN OIL AND GAS LTD.,0.05149111096774194,0.0
2026-05,GAS,ASPENLEAF ENERGY LIMITED,36.34019332064516,0.0
2026-05,GAS,ASTARA ENERGY CORP.,12.621815535161293,0.0
2026-05,GAS,ATCO NEXT ENERGY LTD.,18.336417505483873,0.0
2026-05,GAS,ATHABASCA OIL CORPORATION,3.593213765806452,0.0
2026-05,GAS,AVILA ENERGY CORPORATION,0.024264616451612906,0.0
2026-05,GAS,AXIOM OIL AND GAS INC.,2.5038122300000003,0.0
2026-05,GAS,AYIK ENERGY CORP.,0.3154400138709678,0.0
2026-05,GAS,B-32 EXPLORATION LTD.,0.039529680322580654,0.0
2026-05,GAS,BACCALIEU ENERGY INC.,17.030798870967747,0.0
2026-05,GAS,BAND ENERGY RESOURCES LTD.,0.0005695919354838711,0.0
2026-05,GAS,BARCOMP PETROLEUM LTD.,0.002734041290322581,0.0
2026-05,GAS,"BARNWELL OF CANADA, LIMITED",2.2862281106451614,0.0
2026-05,GAS,BARREL OIL CORP.,47.332634165161295,0.0
2026-05,GAS,BATTLE RIVER ENERGY LTD.,5.271345526129033,0.0
2026-05,GAS,BAY OIL AND GAS LTD.,0.13020871645161292,0.0
2026-05,GAS,BAYTEX ENERGY LTD.,77.64221590967743,0.0
2026-05,GAS,BDJ ENERGY INC.,0.08623621903225807,0.0
2026-05,GAS,BEAR HILLS INDUSTRIES LTD.,0.10845030451612905,0.0
2026-05,GAS,BEARSPAW PETROLEUM LTD.,8.320485075161292,0.0
2026-05,GAS,BENCH CREEK RESOURCES LTD.,0.41956141967741944,0.0
2026-05,GAS,BENKOIL RESOURCES LIMITED,0.11209569290322582,0.0
2026-05,GAS,BIGHORN ENERGY CORPORATION,4.042621802903226,0.0
2026-05,GAS,BIRCHCLIFF ENERGY LTD.,393.59349550193554,0.0
2026-05,GAS,BITSTONE RESOURCES INC.,0.33298344548387104,0.0
2026-05,GAS,BLUE STAR ENERGY INC.,0.07621140096774194,0.0
2026-05,GAS,BONTERRA ENERGY CORP.,57.46499118709678,0.0
2026-05,GAS,BORNITE ENERGY LTD.,2.509622067741936,0.0
2026-05,GAS,BORRADAILE OIL LTD.,0.02278367741935484,0.0
2026-05,GAS,BOUNTY DEVELOPMENTS LTD.,0.0011391838709677421,0.0
2026-05,GAS,"BRIGHTSPOT INTERNATIONAL ENERGY (CANADA) CO., LTD.",0.051035437419354845,0.0
2026-05,GAS,BROTHERIN ENERGY LTD.,0.5546686267741936,0.0
2026-05,GAS,BRW PETROLEUM CORP.,0.20619228064516132,0.0
2026-05,GAS,BTG ENERGY CORP.,26.510973126774196,0.0
2026-05,GAS,C GROUP ENERGY INC.,0.23991212322580652,0.0
2026-05,GAS,CALEDONIAN MIDSTREAM CORPORATION,22.621457636129037,0.0
2026-05,GAS,CALTEX TRILOGY INC.,7.17811148935484,0.0
2026-05,GAS,CANADIAN NATURAL RESOURCES LIMITED,2193.5272509819356,0.0
2026-05,GAS,CANEX RESOURCES LTD.,0.008999552580645163,0.0
2026-05,GAS,CANLIN RESOURCES PARTNERSHIP,170.62058076387098,0.0
2026-05,GAS,CANSTONE ENERGY LTD.,1.671980167419355,0.0
2026-05,GAS,CANUCK NORTH RESOURCES LTD.,0.03952968032258065,0.0
2026-05,GAS,CARDINAL ENERGY LTD.,19.361113397419356,0.0
2026-05,GAS,CAVVY PRODUCTION LTD.,158.02428294741938,0.0
2026-05,GAS,CENOVUS ENERGY INC.,789.3873246506453,0.0
2026-05,GAS,CENTENNIAL PETROLEUM COMPANY LTD.,0.05057976387096775,0.0
2026-05,GAS,CHECK ENERGY LTD.,0.009796981290322582,0.0
2026-05,GAS,CLAMPETT ENERGY LTD.,1.2615322187096776,0.0
2026-05,GAS,CLEAR NORTH ENERGY CORP.,1.5135196909677422,0.0
2026-05,GAS,CNOOC PETROLEUM NORTH AMERICA ULC,4.066886419354839,0.0
2026-05,GAS,COASTAL RESOURCES LIMITED,0.1819276641935484,0.0
2026-05,GAS,COBALT ENERGY INC.,0.27249278193548393,0.0
2026-05,GAS,CONIFER ENERGY INC.,10.752756558064517,0.0
2026-05,GAS,CONNACHER OIL AND GAS LIMITED,9.226250170967743,0.0
2026-05,GAS,CONOCOPHILLIPS CANADA RESOURCES CORP.,8.601179980967743,0.0
2026-05,GAS,CONVEGA ENERGY LTD.,0.004442817096774194,0.0
2026-05,GAS,CORSE ENERGY CORP.,0.9802677209677421,0.0
2026-05,GAS,COURSER ENERGY LTD.,0.11494365258064518,0.0
2026-05,GAS,CREST JINN PETROLEUM CORPORATION,0.004101061935483871,0.0
2026-05,GAS,CROVERRO ENERGY LTD.,0.13704381967741938,0.0
2026-05,GAS,CYGNET ENERGY LTD.,36.31524519387097,0.0
2026-05,GAS,DARK ENERGY LTD.,0.017543431612903226,0.0
2026-05,GAS,DARK WARRIOR RESOURCES LTD.,0.07142682870967743,0.0
2026-05,GAS,DAVIES LIVESTOCK CO. LTD.,0.0013670206451612905,0.0
2026-05,GAS,DECCAN ENERGY LTD.,0.24834208387096776,0.0
2026-05,GAS,DECIMUS OIL CORP.,0.06550307258064517,0.0
2026-05,GAS,DECKLAND INC.,0.20698970935483874,0.0
2026-05,GAS,DEERGARDEN RESOURCES LTD.,0.04852923290322581,0.0
2026-05,GAS,DEL CANADA GP LTD.,3.237560561290323,0.0
2026-05,GAS,DELTAWEST ENERGY LTD.,0.06766752193548388,0.0
2026-05,GAS,DERRICK PETROLEUM LTD.,0.018568697096774195,0.0
2026-05,GAS,DIRE RESOURCES LTD.,0.00706294,0.0
2026-05,GAS,DOAG ENERGY LTD.,0.060604581935483876,0.0
2026-05,GAS,DURHAM CREEK ENERGY LTD.,0.07381911483870969,0.0
2026-05,GAS,DWL RESOURCES LTD.,0.3237560561290323,0.0
2026-05,GAS,EAGLE ENERGY INC.,0.36066561354838717,0.0
2026-05,GAS,EASTNELL RESOURCES LTD.,0.0001139183870967742,0.0
2026-05,GAS,ECLIPSE RESOURCES LTD.,0.1378412483870968,0.0
2026-05,GAS,ECOCHAIN ENERGY LTD.,0.008771715806451613,0.0
2026-05,GAS,EDALIS ENERGY INC.,0.04055494580645162,0.0
2026-05,GAS,EMBER RESOURCES INC.,216.9137096467742,0.0
2026-05,GAS,ENDRUM ENERGY CORP.,3.303177552258065,0.0
2026-05,GAS,ENER T CORPORATION,0.20915415870967743,0.0
2026-05,GAS,ENERCAPITA ENERGY LTD.,11.02388231935484,0.0
2026-05,GAS,ENHANCE ENERGY INC.,19.095569637096776,0.0
2026-05,GAS,ENTRADA RESOURCES INC.,12.07455160354839,0.0
2026-05,GAS,EP RESOURCES CORPORATION,0.20653403580645163,0.0
2026-05,GAS,ERDOL RESOURCES CORP.,0.4753814293548388,0.0
2026-05,GAS,ETTHEN ENERGY CORPORATION,0.009683062903225808,0.0
2026-05,GAS,EVERGO RESOURCES LIMITED,0.03747914935483872,0.0
2026-05,GAS,EXECUTIVE ADVENTURES 2008 INC.,0.0764392377419355,0.0
2026-05,GAS,FABIAN SEED FARMS INC.,0.0022783677419354843,0.0
2026-05,GAS,FIDDLEHEAD RESOURCES CORP.,5.588608234193549,0.0
2026-05,GAS,FIRE CREEK RESOURCES LTD.,0.16837137612903227,0.0
2026-05,GAS,FIVE POINT ENERGY INC.,0.24879775741935486,0.0
2026-05,GAS,FLYWHEEL RESOURCES CORP.,0.43414297322580647,0.0
2026-05,GAS,FORT CALGARY RESOURCES LTD.,0.057642703870967746,0.0
2026-05,GAS,G. HERMAN GROUP INC.,0.24116522548387098,0.0
2026-05,GAS,G2B DEVELOPMENT CORPORATION,1.8430855848387098,0.0
2026-05,GAS,GEX RESOURCES LTD.,0.5231132335483871,0.0
2026-05,GAS,GLOBAL CANUCK ENERGY LTD.,0.0001139183870967742,0.0
2026-05,GAS,GMT EXPLORATION ZAMA INC.,0.8711339061290324,0.0
2026-05,GAS,GOLDEN SPIKE ENERGY INC.,0.008202123870967743,0.0
2026-05,GAS,GOOSE CREEK RESOURCES LTD.,1.3646283590322583,0.0
2026-05,GAS,GRAN TIERRA CANADA LTD.,45.60973247870968,0.0
2026-05,GAS,GRASSLAND ENERGY CORP.,2.6839172000000002,0.0
2026-05,GAS,GREENFIRE RESOURCES OPERATING CORPORATION,2.7897473816129037,0.0
2026-05,GAS,GRIZZLY OIL SANDS ULC,0.0025062045161290325,0.0
2026-05,GAS,GRIZZLY RESOURCES LTD.,0.08532487193548388,0.0
2026-05,GAS,GUNNARR RESOURCES INC.,0.039985353870967744,0.0
2026-05,GAS,HALO EXPLORATION LTD.,1.1295008080645164,0.0
2026-05,GAS,HARD ROCK RESOURCES LTD.,0.7123316745161292,0.0
2026-05,GAS,HARVARD RESOURCES INC.,0.05297205000000001,0.0
2026-05,GAS,HARVEST ENERGY CORPORATION,0.0012531022580645162,0.0
2026-05,GAS,HARVEST OPERATIONS CORP.,21.166491996129036,0.0
2026-05,GAS,HBC ENERGY LTD.,0.0002278367741935484,0.0
2026-05,GAS,HEADWATER EXPLORATION INC.,13.461849721612905,0.0
2026-05,GAS,HEMISPHERE ENERGY CORPORATION,1.3806908516129033,0.0
2026-05,GAS,HESC ENERGY CORPORATION,0.2583669019354839,0.0
2026-05,GAS,HIGHVALE ENERGY LIMITED,5.322836637096775,0.0
2026-05,GAS,HIGHWOOD ASSET MANAGEMENT LTD.,14.523796926129034,0.0
2026-05,GAS,HIS MAJESTY THE KING IN RIGHT OF CANADA AS REPRESENTED HEREIN BY THE MINISTER OF NATIONAL DEFENCE,0.3075796451612904,0.0
2026-05,GAS,HITIC ENERGY LTD.,4.84096185967742,0.0
2026-05,GAS,HWN ENERGY LTD.,58.68870250129033,0.0
2026-05,GAS,HYDRO VAULT ENERGY LTD.,0.0945522612903226,0.0
2026-05,GAS,IMPERIAL OIL RESOURCES LIMITED,34.37567073516129,0.0
2026-05,GAS,INDRA OIL & GAS LTD.,0.01731559483870968,0.0
2026-05,GAS,INNES OILFIELD SERVICES LTD.,0.0036453883870967746,0.0
2026-05,GAS,INPLAY OIL CORP.,49.9600478451613,0.0
2026-05,GAS,INSCH COMMODITY LTD.,0.05878188774193549,0.0
2026-05,GAS,INSIGNIA ENERGY LTD.,39.73655611354839,0.0
2026-05,GAS,INTEGRITY OIL OPERATIONS LTD.,0.0029618780645161297,0.0
2026-05,GAS,IPC CANADA LTD.,102.03328177096776,0.0
2026-05,GAS,ISH ENERGY LTD.,3.7620408154838714,0.0
2026-05,GAS,ISLANDER OIL & GAS INC.,0.18625656290322584,0.0
2026-05,GAS,JAST ENERGY LTD.,0.0038732251612903228,0.0
2026-05,GAS,JAYHAWK RESOURCES LTD.,0.987330660967742,0.0
2026-05,GAS,JOLI FOU PETROLEUMS LTD.,0.002734041290322581,0.0
2026-05,GAS,JOURNEY ENERGY INC.,38.71003752741936,0.0
2026-05,GAS,JP ENERGY CORP.,0.018796533870967743,0.0
2026-05,GAS,JX ENERGY LTD.,7.387379566451614,0.0
2026-05,GAS,KAISER EXPLORATION LTD.,0.13453761516129034,0.0
2026-05,GAS,KARVE ENERGY INC.,25.00189625290323,0.0
2026-05,GAS,KELT EXPLORATION LTD.,191.60286672806455,0.0
2026-05,GAS,KEYERA ENERGY LTD.,0.16290329354838712,0.0
2026-05,GAS,KINMERC OIL & GAS INC.,0.12132308225806453,0.0
2026-05,GAS,KIWETINOHK ENERGY CORP.,126.32922577903227,0.0
2026-05,GAS,KOHO ENERGY CORP.,0.0004556735483870968,0.0
2026-05,GAS,LEDGEND ROYALTY TRUST LTD.,0.170535825483871,0.0
2026-05,GAS,LINEUP RESOURCES CORP.,0.36886773741935486,0.0
2026-05,GAS,LOGAN ENERGY CORP.,68.37051230225808,0.0
2026-05,GAS,LOGIC ENERGY LTD.,0.6466007651612904,0.0
2026-05,GAS,LONE TREE RESOURCES INC.,0.1292973693548387,0.0
2026-05,GAS,LONG TERM ASSET MANAGEMENT INC.,15.905513043225808,0.0
2026-05,GAS,LONGRIDGE ENERGY LTD.,0.4631921619354839,0.0
2026-05,GAS,LONGSHORE RESOURCES LTD.,0.6675617483870968,0.0
2026-05,GAS,LOTUS CREEK EXPLORATION INC.,8.186403133548389,0.0
2026-05,GAS,LOYAL ENERGY (CANADA) OPERATING LTD.,15.53425301967742,0.0
2026-05,GAS,LUCKY STRIKE RESOURCES LTD.,0.41659954161290325,0.0
2026-05,GAS,LUXUR RESOURCES INC.,0.0001139183870967742,0.0
2026-05,GAS,LYCOS ENERGY INC.,1.9746613219354843,0.0
2026-05,GAS,LYNX ENERGY ULC,93.14844500612904,0.0
2026-05,GAS,MAGA ENERGY LTD.,0.07792017677419356,0.0
2026-05,GAS,MAHIKAN OIL CORPORATION,0.01708775806451613,0.0
2026-05,GAS,MALAK ENERGY INC.,0.0001139183870967742,0.0
2026-05,GAS,MANCAL ENERGY INC.,45.93508339225807,0.0
2026-05,GAS,MARLIN RESOURCES LTD.,0.15435941451612903,0.0
2026-05,GAS,MARS ENERGY RESOURCES MANAGEMENT LTD.,0.4537369358064517,0.0
2026-05,GAS,MATO INC.,0.10526058967741936,0.0
2026-05,GAS,"MEDICINE HAT, CITY OF",7.752715833870969,0.0
2026-05,GAS,MORNING STAR PETROLEUM INCORPORATED,0.04761788580645161,0.0
2026-05,GAS,MUDDY PETROLEUM COMPANY LTD.,0.0004556735483870968,0.0
2026-05,GAS,MURPHY OIL COMPANY LTD.,14.845046777741938,0.0
2026-05,GAS,N7 ENERGY LTD.,8.523031967419357,0.0
2026-05,GAS,NEW NORTH RESOURCES LTD.,0.8271614087096775,0.0
2026-05,GAS,NEW TIMES ENERGY CANADA GP 2 LTD.,1.2313438461290325,0.0
2026-05,GAS,NEW TIMES ENERGY CANADA GP 3 LTD.,2.4532324661290326,0.0
2026-05,GAS,NEW WEST DATA ACQUISITION CORP.,2.855478290967742,0.0
2026-05,GAS,NEW WEST DATA CORP.,0.29926360290322584,0.0
2026-05,GAS,NORTH 40 RESOURCES LTD.,19.057862650967746,0.0
2026-05,GAS,NORTH FORK RESOURCES LTD.,0.23433012225806454,0.0
2026-05,GAS,NORTHERN SMILODON ENERGY INC.,0.011505757096774195,0.0
2026-05,GAS,NORTHRIVER MIDSTREAM INC.,0.13419586000000003,0.0
2026-05,GAS,NORTHROCK RESOURCES PARTNERSHIP LTD.,0.0397575170967742,0.0
2026-05,GAS,NORWEGIAN ENERGY INC.,0.0001139183870967742,0.0
2026-05,GAS,NOVACOR EXPLORATION LTD.,0.030644046129032262,0.0
2026-05,GAS,NOVUS ENERGY INC.,0.2063061990322581,0.0
2026-05,GAS,NPS INDUSTRIAL POWER CORP.,0.5657187103225807,0.0
2026-05,GAS,NUOVA STRADA VENTURES LTD.,0.18716791000000002,0.0
2026-05,GAS,NVP EXPLORATION INC.,0.025631637096774195,0.0
2026-05,GAS,NVS ENGINEERING INC.,0.007746450322580646,0.0
2026-05,GAS,O'NEILL INDUSTRIES INTERNATIONAL-CANADA INC.,0.011050083548387097,0.0
2026-05,GAS,OAK RESOURCES LTD.,0.0007974287096774195,0.0
2026-05,GAS,OBSIDIAN ENERGY LTD.,61.56764798000001,0.0
2026-05,GAS,OHANA RESOURCES INC.,0.06436388870967742,0.0
2026-05,GAS,OK RADIO GROUP LTD.,0.1860287261290323,0.0
2026-05,GAS,ORGA ENERGY LTD.,0.0018226941935483873,0.0
2026-05,GAS,ORLEN UPSTREAM CANADA LTD.,45.00926866032258,0.0
2026-05,GAS,OUTLIER RESOURCES LTD.,28.373424837419357,0.0
2026-05,GAS,OUTPOST ENERGY LTD.,0.6205134545161292,0.0
2026-05,GAS,OVINTIV CANADA ULC,982.2677860900001,0.0
2026-05,GAS,PARAGON ENERGY LTD.,0.0077464503225806456,0.0
2026-05,GAS,PARALLAX ENERGY OPERATING INC.,23.199137777096777,0.0
2026-05,GAS,PARAMOUNT RESOURCES LTD.,149.78593302935485,0.0
2026-05,GAS,PENTACOR ENERGY CORP.,0.06379429677419356,0.0
2026-05,GAS,PERISSON PETROLEUM CORPORATION,0.0002278367741935484,0.0
2026-05,GAS,PERSIST OIL AND GAS INC.,12.541616990645164,0.0
2026-05,GAS,PERTHRO (CANADA) INC.,0.10810854935483873,0.0
2026-05,GAS,PETROCHINA CANADA LTD.,0.12291793967741937,0.0
2026-05,GAS,PETROCHINA DUVERNAY GAS PARTNERSHIP,67.9244078983871,0.0
2026-05,GAS,PETRUS RESOURCES CORP.,50.826055423870976,0.0
2026-05,GAS,PEYTO CANADA CORP.,15.461687007096776,0.0
2026-05,GAS,PEYTO EXPLORATION & DEVELOPMENT CORP.,810.3001203987097,0.0
2026-05,GAS,PINE CLIFF ENERGY LTD.,102.50000540290324,0.0
2026-05,GAS,POINT BAR RESOURCES INC.,0.9824321703225808,0.0
2026-05,GAS,POKER CHIP EXPLORATION LTD.,0.03292241387096775,0.0
2026-05,GAS,POTTS PETROLEUM INC.,0.32136377000000005,0.0
2026-05,GAS,PRAIRIE PROVIDENT RESOURCES CANADA LTD.,6.612392779032259,0.0
2026-05,GAS,PRAIRIE THUNDER RESOURCES LTD.,12.765010947741937,0.0
2026-05,GAS,PRIMROSE DRILLING VENTURES LTD.,0.003645388387096774,0.0
2026-05,GAS,PRONGHORN RESOURCES LTD.,0.060604581935483876,0.0
2026-05,GAS,PROSPERA ENERGY INC.,0.002847959677419355,0.0
2026-05,GAS,PULSE OIL OPERATING CORP.,0.1126652848387097,0.0
2026-05,GAS,QUESTERRE ENERGY CORPORATION,0.0002278367741935484,0.0
2026-05,GAS,RAKE RESOURCES LTD,0.001139183870967742,0.0
2026-05,GAS,RALLY CANADA RESOURCES LTD.,0.2874160906451613,0.0
2026-05,GAS,RAMPART OIL INC.,0.17475080580645164,0.0
2026-05,GAS,RANAHAN RESOURCES LIMITED,6.626290822258065,0.0
2026-05,GAS,RED ANGUS ENERGY INC.,0.1545872512903226,0.0
2026-05,GAS,RELENTLESS RESOURCES LTD.,0.18226941935483873,0.0
2026-05,GAS,RESISTANCE ENERGY LTD.,0.03736523096774194,0.0
2026-05,GAS,RESONANCE ENERGY LTD.,0.028593515161290325,0.0
2026-05,GAS,RESOURCEFUL PETROLEUM CANADA LIMITED,1.1586639151612905,0.0
2026-05,GAS,RESPONSE ENERGY CORPORATION,0.43448472838709684,0.0
2026-05,GAS,REVOLUTION OIL & GAS CORPORATION,0.5432767880645162,0.0
2026-05,GAS,REX ENERGY LTD.,0.17008015193548387,0.0
2026-05,GAS,RIBBON CREEK RESOURCES INC.,0.1974205648387097,0.0
2026-05,GAS,RICOCHET OIL CORP.,23.420595121612905,0.0
2026-05,GAS,RIDGELINE EXPLORATION INC.,0.16563733483870968,0.0
2026-05,GAS,RIMFIRE ENERGY INC.,0.06550307258064517,0.0
2026-05,GAS,RISING TIDE ENERGY LTD.,4.105276915806452,0.0
2026-05,GAS,ROCKEAST ENERGY CORP.,0.7487855583870968,0.0
2026-05,GAS,ROCKPOINT GAS STORAGE CANADA LTD.,0.0020505309677419357,0.0
2026-05,GAS,ROK RESOURCES INC.,2.879742907419355,0.0
2026-05,GAS,ROTHMANS ENERGY INC.,0.029277025483870973,0.0
2026-05,GAS,RTD ENERGY INC.,0.0001139183870967742,0.0
2026-05,GAS,RUBELLITE ENERGY INC.,12.908548115483873,0.0
2026-05,GAS,RURALCO RESOURCES CORP.,0.004556735483870969,0.0
2026-05,GAS,RUSH RESOURCES LTD.,1.2196102522580647,0.0
2026-05,GAS,SAND HILLS DIV CORP LTD.,2.689043527419355,0.0
2026-05,GAS,SANDPOINT RESOURCES INC.,0.0014809390322580648,0.0
2026-05,GAS,SATURN OIL & GAS INC.,29.503950910967745,0.0
2026-05,GAS,SHACKLETON EXPLORATION LTD.,3.9437406429032262,0.0
2026-05,GAS,SHANPET RESOURCES LTD.,0.06618658290322582,0.0
2026-05,GAS,SHARPTAIL ENERGY INC.,1.9145124135483873,0.0
2026-05,GAS,SHELL CANADA ENERGY,4.1445787593548395,0.0
2026-05,GAS,SHOT POINT RESOURCES LTD.,0.02677082096774194,0.0
2026-05,GAS,SIFTON PETROLEUM INC.,1.808682231935484,0.0
2026-05,GAS,SIGNALTA RESOURCES LIMITED,3.6371862632258067,0.0
2026-05,GAS,SILVERLEAF RESOURCES INC.,1.0146710738709679,0.0
2026-05,GAS,SINOPEC CANADA ENERGY LTD.,90.94025099064517,0.0
2026-05,GAS,SOGAR RESOURCES LTD.,0.9309410593548388,0.0
2026-05,GAS,SPARK INFRASTRUCTURE CORP.,5.054330998709678,0.0
2026-05,GAS,SPARTAN DELTA CORP.,219.3933711787097,0.0
2026-05,GAS,SPOKE RESOURCES LTD.,8.116912917419356,0.0
2026-05,GAS,SPROCKET ENERGY CORPORATION,5.533243898064517,0.0
2026-05,GAS,SPUR PETROLEUM LTD.,43.3843367867742,0.0
2026-05,GAS,STORM DEVELOPMENT CORP.,34.85879861483871,0.0
2026-05,GAS,STRATHCONA RESOURCES LTD.,37.11734455741936,0.0
2026-05,GAS,SUCCESS RESOURCES LTD.,1.324870841935484,0.0
2026-05,GAS,SUMERIAN OIL & GAS INC.,2.554278075483871,0.0
2026-05,GAS,SUN CENTURY PETROLEUM CORPORATION,4.694690650645162,0.0
2026-05,GAS,SUNCOR ENERGY INC.,3.30830387967742,0.0
2026-05,GAS,SUPREME ENERGY INC.,0.6602709716129034,0.0
2026-05,GAS,SURGE ENERGY INC.,14.922397362580647,0.0
2026-05,GAS,SUTTON ENERGY LTD.,0.18477562387096777,0.0
2026-05,GAS,TAGGART OIL CORP.,0.10503275290322582,0.0
2026-05,GAS,TAIGA ENERGY CORP.,1.3988038751612906,0.0
2026-05,GAS,TAKU GAS LIMITED,0.014809390322580645,0.0
2026-05,GAS,TAMARACK VALLEY ENERGY LTD.,85.7234723719355,0.0
2026-05,GAS,TAQA NORTH LTD.,371.62866344903233,0.0
2026-05,GAS,TEINE ENERGY LTD.,29.486293560967745,0.0
2026-05,GAS,TENAZ ENERGY CORP.,9.09250998451613,0.0
2026-05,GAS,TEXCAL ENERGY CANADA INC.,1.486293196451613,0.0
2026-05,GAS,THOR RESOURCES INC.,1.8290736232258067,0.0
2026-05,GAS,THOROUGHBRED ENERGY LTD.,0.026770820967741936,0.0
2026-05,GAS,TIDEWATER MIDSTREAM AND INFRASTRUCTURE LTD.,6.071394358709679,0.0
2026-05,GAS,TMAX ENERGY LTD.,1.045429038387097,0.0
2026-05,GAS,TOP OIL PRODUCTION LTD.,0.7397860058064517,0.0
2026-05,GAS,TOURMALINE OIL CORP.,1575.4190692909679,0.0
2026-05,GAS,TOWER RIDGE ENTERPRISES CORP.,0.0019366125806451616,0.0
2026-05,GAS,TRANSACTION OIL & GAS VENTURES INC.,0.0002278367741935484,0.0
2026-05,GAS,TRIPLE 555 OIL COMPANY LTD.,0.07450262516129033,0.0
2026-05,GAS,TUKTU RESOURCES LTD.,2.0310509235483876,0.0
2026-05,GAS,TUSCANY PETROLEUM LTD.,0.23136824419354843,0.0
2026-05,GAS,TYKEWEST LIMITED,0.2724927819354839,0.0
2026-05,GAS,ULYSSES ENERGY CORP.,0.5738069158064517,0.0
2026-05,GAS,UNIT 18 CORP.,0.04237764,0.0
2026-05,GAS,VANRENA RESOURCES LTD.,0.0002278367741935484,0.0
2026-05,GAS,VANTAGE POINT RESOURCES INC.,8.546954828709678,0.0
2026-05,GAS,VERMILION ENERGY INC.,392.50534706838715,0.0
2026-05,GAS,VITAL ENERGY INC.,0.5243663358064516,0.0
2026-05,GAS,VULTURE ENERGY LTD.,0.0767809929032258,0.0
2026-05,GAS,WARWICK GAS STORAGE LTD.,0.6096912077419355,0.0
2026-05,GAS,WASP ENTERPRIZES LTD.,0.016290329354838713,0.0
2026-05,GAS,"WEIL GROUP CANADA, LTD.",1.955067359354839,0.0
2026-05,GAS,WESCAN ENERGY CORP.,0.23603889806451617,0.0
2026-05,GAS,WEST 5 RESOURCES INC.,1.6793848625806453,0.0
2026-05,GAS,WEST LAKE ENERGY CORP.,5.307913328387097,0.0
2026-05,GAS,WESTERN BASIN ENERGY CORPORATION,7.564522658387098,0.0
2026-05,GAS,WESTGATE ENERGY OPERATIONS LTD.,0.6635746048387098,0.0
2026-05,GAS,WHITE TUNDRA PETROLEUM LTD.,0.12793034870967743,0.0
2026-05,GAS,WHITECAP PARTNERSHIP,453.53222446483875,0.0
2026-05,GAS,WHITECAP RESOURCES INC.,540.249976519355,0.0
2026-05,GAS,WHITEMUD CREEK RESOURCES LTD.,0.03326416903225807,0.0
2026-05,GAS,WILCOX ENERGY CORP.,0.020163554516129036,0.0
2026-05,GAS,WILDCAT RENTALS LTD.,0.046250865161290323,0.0
2026-05,GAS,WINDSOR SALT LTD/SEL WINDSOR LTEE,0.022555840645161293,0.0
2026-05,GAS,WOLF LAKE EXPLORATION LTD.,5.812799620000001,0.0
2026-05,GAS,WOODCOTE INC.,0.3475649990322581,0.0
2026-05,GAS,WOODSMAN ENERGY CORP.,0.479824246451613,0.0
2026-05,GAS,XENOTIME ENERGY INC.,0.0022783677419354843,0.0
2026-05,GAS,YANGARRA RESOURCES CORP.,42.26372161290323,0.0
2026-05,GAS,ZNX ENERGY LTD.,0.11608283645161292,0.0
2026-05,GAS,ZYZYGY RESOURCES LTD.,0.20744538290322584,0.0
2026-05,OIL_AT_GAS_BATTERY,2155192 ALBERTA LTD.,0.0,5.092709032258064
2026-05,OIL_AT_GAS_BATTERY,ACERTA OPERATING CORPORATION,0.0,21.791113548387095
2026-05,OIL_AT_GAS_BATTERY,ADVANTAGE ENERGY LTD.,0.0,90.67456838709677
2026-05,OIL_AT_GAS_BATTERY,ARC RESOURCES LTD.,0.0,8.237609032258064
2026-05,OIL_AT_GAS_BATTERY,ATCO NEXT ENERGY LTD.,0.0,1.8869399999999998
2026-05,OIL_AT_GAS_BATTERY,AXIOM OIL AND GAS INC.,0.0,7.202835483870967
2026-05,OIL_AT_GAS_BATTERY,BACCALIEU ENERGY INC.,0.0,74.74717161290323
2026-05,OIL_AT_GAS_BATTERY,BARREL OIL CORP.,0.0,74.40224709677419
2026-05,OIL_AT_GAS_BATTERY,BAYTEX ENERGY LTD.,0.0,1.9275193548387095
2026-05,OIL_AT_GAS_BATTERY,BEAR HILLS INDUSTRIES LTD.,0.0,0.7304283870967743
2026-05,OIL_AT_GAS_BATTERY,BIRCHCLIFF ENERGY LTD.,0.0,1.744912258064516
2026-05,OIL_AT_GAS_BATTERY,BONTERRA ENERGY CORP.,0.0,432.7585296774193
2026-05,OIL_AT_GAS_BATTERY,BTG ENERGY CORP.,0.0,7.608629032258064
2026-05,OIL_AT_GAS_BATTERY,CANADIAN NATURAL RESOURCES LIMITED,0.0,424.58178967741935
2026-05,OIL_AT_GAS_BATTERY,CANLIN RESOURCES PARTNERSHIP,0.0,1.6028845161290322
2026-05,OIL_AT_GAS_BATTERY,CAVVY PRODUCTION LTD.,0.0,0.020289677419354838
2026-05,OIL_AT_GAS_BATTERY,CENOVUS ENERGY INC.,0.0,29.257714838709674
2026-05,OIL_AT_GAS_BATTERY,CORSE ENERGY CORP.,0.0,0.06086903225806451
2026-05,OIL_AT_GAS_BATTERY,CYGNET ENERGY LTD.,0.0,6226.820841290322
2026-05,OIL_AT_GAS_BATTERY,DEL CANADA GP LTD.,0.0,0.9536148387096774
2026-05,OIL_AT_GAS_BATTERY,EMBER RESOURCES INC.,0.0,2.3536025806451613
2026-05,OIL_AT_GAS_BATTERY,ENERCAPITA ENERGY LTD.,0.0,9.860783225806452
2026-05,OIL_AT_GAS_BATTERY,ENHANCE ENERGY INC.,0.0,0.9536148387096773
2026-05,OIL_AT_GAS_BATTERY,GRAN TIERRA CANADA LTD.,0.0,54.19372838709677
2026-05,OIL_AT_GAS_BATTERY,HARD ROCK RESOURCES LTD.,0.0,0.20289677419354837
2026-05,OIL_AT_GAS_BATTERY,HARVEST OPERATIONS CORP.,0.0,23.130232258064513
2026-05,OIL_AT_GAS_BATTERY,HIGHWOOD ASSET MANAGEMENT LTD.,0.0,0.9130354838709677
2026-05,OIL_AT_GAS_BATTERY,HWN ENERGY LTD.,0.0,78.33844451612903
2026-05,OIL_AT_GAS_BATTERY,INPLAY OIL CORP.,0.0,8.05500193548387
2026-05,OIL_AT_GAS_BATTERY,JOURNEY ENERGY INC.,0.0,42.60832258064516
2026-05,OIL_AT_GAS_BATTERY,KARVE ENERGY INC.,0.0,16.069424516129033
2026-05,OIL_AT_GAS_BATTERY,KELT EXPLORATION LTD.,0.0,7227.162807096774
2026-05,OIL_AT_GAS_BATTERY,KIWETINOHK ENERGY CORP.,0.0,29.886694838709676
2026-05,OIL_AT_GAS_BATTERY,LOGAN ENERGY CORP.,0.0,342.57091354838707
2026-05,OIL_AT_GAS_BATTERY,LONG TERM ASSET MANAGEMENT INC.,0.0,1.9680987096774194
2026-05,OIL_AT_GAS_BATTERY,LOTUS CREEK EXPLORATION INC.,0.0,6.20864129032258
2026-05,OIL_AT_GAS_BATTERY,LOYAL ENERGY (CANADA) OPERATING LTD.,0.0,0.1623174193548387
2026-05,OIL_AT_GAS_BATTERY,LYNX ENERGY ULC,0.0,15.034650967741936
2026-05,OIL_AT_GAS_BATTERY,MANCAL ENERGY INC.,0.0,7.669498064516129
2026-05,OIL_AT_GAS_BATTERY,MURPHY OIL COMPANY LTD.,0.0,0.12173806451612902
2026-05,OIL_AT_GAS_BATTERY,NEW NORTH RESOURCES LTD.,0.0,0.40579354838709675
2026-05,OIL_AT_GAS_BATTERY,NEW WEST DATA CORP.,0.0,2.394181935483871
2026-05,OIL_AT_GAS_BATTERY,NORTH 40 RESOURCES LTD.,0.0,32.524352903225804
2026-05,OIL_AT_GAS_BATTERY,NORWEGIAN ENERGY INC.,0.0,0.20289677419354837
2026-05,OIL_AT_GAS_BATTERY,OBSIDIAN ENERGY LTD.,0.0,17.02303935483871
2026-05,OIL_AT_GAS_BATTERY,ORLEN UPSTREAM CANADA LTD.,0.0,6.12748258064516
2026-05,OIL_AT_GAS_BATTERY,OUTLIER RESOURCES LTD.,0.0,25.301227741935485
2026-05,OIL_AT_GAS_BATTERY,OVINTIV CANADA ULC,0.0,115.10334
2026-05,OIL_AT_GAS_BATTERY,PARAMOUNT RESOURCES LTD.,0.0,6.857910967741935
2026-05,OIL_AT_GAS_BATTERY,PERSIST OIL AND GAS INC.,0.0,0.44637290322580647
2026-05,OIL_AT_GAS_BATTERY,PETRUS RESOURCES CORP.,0.0,17.95636451612903
2026-05,OIL_AT_GAS_BATTERY,PEYTO EXPLORATION & DEVELOPMENT CORP.,0.0,7.486890967741935
2026-05,OIL_AT_GAS_BATTERY,PINE CLIFF ENERGY LTD.,0.0,15.156389032258065
2026-05,OIL_AT_GAS_BATTERY,PRAIRIE PROVIDENT RESOURCES CANADA LTD.,0.0,6.959359354838709
2026-05,OIL_AT_GAS_BATTERY,RESISTANCE ENERGY LTD.,0.0,34.5939
2026-05,OIL_AT_GAS_BATTERY,RESPONSE ENERGY CORPORATION,0.0,1.5217258064516128
2026-05,OIL_AT_GAS_BATTERY,SATURN OIL & GAS INC.,0.0,3.266638064516129
2026-05,OIL_AT_GAS_BATTERY,SIGNALTA RESOURCES LIMITED,0.0,2.2927335483870968
2026-05,OIL_AT_GAS_BATTERY,SILVERLEAF RESOURCES INC.,0.0,1.5623051612903225
2026-05,OIL_AT_GAS_BATTERY,SINOPEC CANADA ENERGY LTD.,0.0,0.9536148387096774
2026-05,OIL_AT_GAS_BATTERY,SPARTAN DELTA CORP.,0.0,3.8753283870967734
2026-05,OIL_AT_GAS_BATTERY,SUCCESS RESOURCES LTD.,0.0,22.338934838709676
2026-05,OIL_AT_GAS_BATTERY,TAQA NORTH LTD.,0.0,154.26241741935482
2026-05,OIL_AT_GAS_BATTERY,TOURMALINE OIL CORP.,0.0,130.19886
2026-05,OIL_AT_GAS_BATTERY,VANTAGE POINT RESOURCES INC.,0.0,2.0492574193548387
2026-05,OIL_AT_GAS_BATTERY,VERMILION ENERGY INC.,0.0,230.36899741935483
2026-05,OIL_AT_GAS_BATTERY,WESTGATE ENERGY OPERATIONS LTD.,0.0,4.686915483870967
2026-05,OIL_AT_GAS_BATTERY,WHITECAP RESOURCES INC.,0.0,97.59334838709677
2026-05,OIL_AT_GAS_BATTERY,YANGARRA RESOURCES CORP.,0.0,61.35598451612903
2026-05,OIL_UNCLASSIFIED,ARCHER EXPLORATION CORP.,0.0,1460.49156
2026-06,BITUMEN,ATHABASCA OIL CORPORATION,0.0,32250.026995999997
2026-06,BITUMEN,AYIK ENERGY CORP.,0.0,947.13905
2026-06,BITUMEN,BAYTEX ENERGY LTD.,0.0,35792.94554
2026-06,BITUMEN,BIGHORN ENERGY CORPORATION,0.0,84.639742
2026-06,BITUMEN,CALTEX TRILOGY INC.,0.0,14155.215865999999
2026-06,BITUMEN,CANADIAN NATURAL RESOURCES LIMITED,0.0,407756.852646
2026-06,BITUMEN,CENOVUS ENERGY INC.,0.0,627175.3515499999
2026-06,BITUMEN,CHECK ENERGY LTD.,0.0,234.23215199999999
2026-06,BITUMEN,CLEAR NORTH ENERGY CORP.,0.0,3253.60871
2026-06,BITUMEN,CNOOC PETROLEUM NORTH AMERICA ULC,0.0,69220.31826599999
2026-06,BITUMEN,CONNACHER OIL AND GAS LIMITED,0.0,20571.482777999998
2026-06,BITUMEN,CONOCOPHILLIPS CANADA RESOURCES CORP.,0.0,135913.520688
2026-06,BITUMEN,CROVERRO ENERGY LTD.,0.0,69.39746
2026-06,BITUMEN,DEERGARDEN RESOURCES LTD.,0.0,131.85517399999998
2026-06,BITUMEN,ETTHEN ENERGY CORPORATION,0.0,114.09697200000001
2026-06,BITUMEN,EVERGO RESOURCES LIMITED,0.0,12.998919999999998
2026-06,BITUMEN,GRAN TIERRA CANADA LTD.,0.0,225.30063599999997
2026-06,BITUMEN,GREENFIRE RESOURCES OPERATING CORPORATION,0.0,17690.817275999998
2026-06,BITUMEN,GRIZZLY OIL SANDS ULC,0.0,283.061966
2026-06,BITUMEN,HARVEST OPERATIONS CORP.,0.0,10237.278479999999
2026-06,BITUMEN,HEADWATER EXPLORATION INC.,0.0,22881.097338
2026-06,BITUMEN,HIGHWOOD ASSET MANAGEMENT LTD.,0.0,9.476632
2026-06,BITUMEN,IMPERIAL OIL RESOURCES LIMITED,0.0,160427.282378
2026-06,BITUMEN,IPC CANADA LTD.,0.0,2371.9045459999998
2026-06,BITUMEN,ISLANDER OIL & GAS INC.,0.0,3209.643008
2026-06,BITUMEN,LINEUP RESOURCES CORP.,0.0,1317.4405419999998
2026-06,BITUMEN,LOTUS CREEK EXPLORATION INC.,0.0,15.137452
2026-06,BITUMEN,MAHIKAN OIL CORPORATION,0.0,383.6778
2026-06,BITUMEN,O'NEILL INDUSTRIES INTERNATIONAL-CANADA INC.,0.0,54.90995399999999
2026-06,BITUMEN,OBSIDIAN ENERGY LTD.,0.0,10324.28738
2026-06,BITUMEN,PETROCHINA CANADA LTD.,0.0,7573.380451999999
2026-06,BITUMEN,RUBELLITE ENERGY INC.,0.0,4811.151884
2026-06,BITUMEN,SPUR PETROLEUM LTD.,0.0,24750.195271999997
2026-06,BITUMEN,STRATHCONA RESOURCES LTD.,0.0,65062.718534
2026-06,BITUMEN,SUNCOR ENERGY INC.,0.0,275728.143064
2026-06,BITUMEN,SURGE ENERGY INC.,0.0,6.39463
2026-06,BITUMEN,TAMARACK VALLEY ENERGY LTD.,0.0,17362.321988
2026-06,BITUMEN,WEST LAKE ENERGY CORP.,0.0,27.947678
2026-06,BITUMEN,WESTGATE ENERGY OPERATIONS LTD.,0.0,375.39623
2026-06,COND,ACERTA OPERATING CORPORATION,0.0,65.539716
2026-06,COND,ADVANTAGE ENERGY LTD.,0.0,0.10482999999999999
2026-06,COND,APL OIL & GAS (1998) LTD.,0.0,4.528655999999999
2026-06,COND,ARC RESOURCES LTD.,0.0,65923.519596
2026-06,COND,ATHABASCA OIL CORPORATION,0.0,1200.3035
2026-06,COND,BACCALIEU ENERGY INC.,0.0,11.908687999999998
2026-06,COND,BARREL OIL CORP.,0.0,22.349756
2026-06,COND,BATTLE RIVER ENERGY LTD.,0.0,0.10482999999999999
2026-06,COND,BEARSPAW PETROLEUM LTD.,0.0,4.235131999999999
2026-06,COND,BIRCHCLIFF ENERGY LTD.,0.0,801.3414859999999
2026-06,COND,BITSTONE RESOURCES INC.,0.0,6.226901999999999
2026-06,COND,BLUE STAR ENERGY INC.,0.0,0.41931999999999997
2026-06,COND,BTG ENERGY CORP.,0.0,43.944736
2026-06,COND,CANADIAN NATURAL RESOURCES LIMITED,0.0,554.320074
2026-06,COND,CANLIN RESOURCES PARTNERSHIP,0.0,34.5939
2026-06,COND,CARDINAL ENERGY LTD.,0.0,0.398354
2026-06,COND,CAVVY PRODUCTION LTD.,0.0,5.5140579999999995
2026-06,COND,CENOVUS ENERGY INC.,0.0,71.49405999999999
2026-06,COND,CORSE ENERGY CORP.,0.0,1.9708039999999998
2026-06,COND,CYGNET ENERGY LTD.,0.0,584.175658
2026-06,COND,DEL CANADA GP LTD.,0.0,3.690016
2026-06,COND,EMBER RESOURCES INC.,0.0,9.015379999999999
2026-06,COND,ENTRADA RESOURCES INC.,0.0,0.62898
2026-06,COND,GRAN TIERRA CANADA LTD.,0.0,68.05563599999999
2026-06,COND,HARD ROCK RESOURCES LTD.,0.0,0.41931999999999997
2026-06,COND,HARVEST OPERATIONS CORP.,0.0,22.328789999999998
2026-06,COND,HIGHWOOD ASSET MANAGEMENT LTD.,0.0,7.275202
2026-06,COND,HWN ENERGY LTD.,0.0,6.855881999999999
2026-06,COND,INPLAY OIL CORP.,0.0,10.084646
2026-06,COND,INSIGNIA ENERGY LTD.,0.0,522.1791959999999
2026-06,COND,ISH ENERGY LTD.,0.0,3.941608
2026-06,COND,JOURNEY ENERGY INC.,0.0,24.425389999999997
2026-06,COND,JX ENERGY LTD.,0.0,8.742822
2026-06,COND,KARVE ENERGY INC.,0.0,1.320858
2026-06,COND,KELT EXPLORATION LTD.,0.0,244.44259399999999
2026-06,COND,KIWETINOHK ENERGY CORP.,0.0,31.910251999999996
2026-06,COND,LONG TERM ASSET MANAGEMENT INC.,0.0,0.73381
2026-06,COND,LOYAL ENERGY (CANADA) OPERATING LTD.,0.0,428.27248199999997
2026-06,COND,LUCKY STRIKE RESOURCES LTD.,0.0,0.10482999999999999
2026-06,COND,LYNX ENERGY ULC,0.0,58.59997
2026-06,COND,MANCAL ENERGY INC.,0.0,34.614866
2026-06,COND,MURPHY OIL COMPANY LTD.,0.0,4455.1911359999995
2026-06,COND,NEW NORTH RESOURCES LTD.,0.0,6.436562
2026-06,COND,NEW TIMES ENERGY CANADA GP 2 LTD.,0.0,4.570588
2026-06,COND,NEW TIMES ENERGY CANADA GP 3 LTD.,0.0,12.244143999999999
2026-06,COND,OBSIDIAN ENERGY LTD.,0.0,16.227684
2026-06,COND,ORLEN UPSTREAM CANADA LTD.,0.0,9.392767999999998
2026-06,COND,OUTLIER RESOURCES LTD.,0.0,25.599486
2026-06,COND,OVINTIV CANADA ULC,0.0,211.253416
2026-06,COND,PARAMOUNT RESOURCES LTD.,0.0,5167.531951999999
2026-06,COND,PERSIST OIL AND GAS INC.,0.0,1.7821099999999999
2026-06,COND,PETROCHINA DUVERNAY GAS PARTNERSHIP,0.0,40.967563999999996
2026-06,COND,PETRUS RESOURCES CORP.,0.0,307.005138
2026-06,COND,PEYTO EXPLORATION & DEVELOPMENT CORP.,0.0,85.289688
2026-06,COND,PINE CLIFF ENERGY LTD.,0.0,63.191523999999994
2026-06,COND,PRAIRIE PROVIDENT RESOURCES CANADA LTD.,0.0,3.962574
2026-06,COND,PRAIRIE THUNDER RESOURCES LTD.,0.0,5.87048
2026-06,COND,RELENTLESS RESOURCES LTD.,0.0,1.4466539999999999
2026-06,COND,RESOURCEFUL PETROLEUM CANADA LIMITED,0.0,29.184672
2026-06,COND,RICOCHET OIL CORP.,0.0,2.222396
2026-06,COND,ROK RESOURCES INC.,0.0,2.914274
2026-06,COND,RUSH RESOURCES LTD.,0.0,9.287937999999999
2026-06,COND,SATURN OIL & GAS INC.,0.0,4.004506
2026-06,COND,SHACKLETON EXPLORATION LTD.,0.0,5.178602
2026-06,COND,SIGNALTA RESOURCES LIMITED,0.0,5.723718
2026-06,COND,SILVERLEAF RESOURCES INC.,0.0,0.251592
2026-06,COND,SINOPEC CANADA ENERGY LTD.,0.0,77.008118
2026-06,COND,SOGAR RESOURCES LTD.,0.0,2.1385319999999997
2026-06,COND,SPARK INFRASTRUCTURE CORP.,0.0,0.7757419999999999
2026-06,COND,SPARTAN DELTA CORP.,0.0,548.9947099999999
2026-06,COND,SPOKE RESOURCES LTD.,0.0,0.398354
2026-06,COND,SUCCESS RESOURCES LTD.,0.0,0.398354
2026-06,COND,SUN CENTURY PETROLEUM CORPORATION,0.0,0.503184
2026-06,COND,SURGE ENERGY INC.,0.0,7.8622499999999995
2026-06,COND,TAIGA ENERGY CORP.,0.0,2.8933079999999998
2026-06,COND,TAQA NORTH LTD.,0.0,363.88589599999995
2026-06,COND,TEINE ENERGY LTD.,0.0,1144.596838
2026-06,COND,TENAZ ENERGY CORP.,0.0,17.569508
2026-06,COND,TOURMALINE OIL CORP.,0.0,431.627042
2026-06,COND,VANTAGE POINT RESOURCES INC.,0.0,2.51592
2026-06,COND,VERMILION ENERGY INC.,0.0,128.60544399999998
2026-06,COND,WEST 5 RESOURCES INC.,0.0,0.230626
2026-06,COND,WHITECAP PARTNERSHIP,0.0,1131.95434
2026-06,COND,WHITECAP RESOURCES INC.,0.0,11852.562017999999
2026-06,COND,YANGARRA RESOURCES CORP.,0.0,131.792276
2026-06,CRUDE_OIL,1288131 ALBERTA LTD.,0.0,10.042713999999998
2026-06,CRUDE_OIL,1506928 ALBERTA LTD.,0.0,21.259524
2026-06,CRUDE_OIL,1852797 ALBERTA ULC,0.0,152.27605799999998
2026-06,CRUDE_OIL,2155192 ALBERTA LTD.,0.0,17.569508
2026-06,CRUDE_OIL,2363750 ALBERTA LTD.,0.0,34.06975
2026-06,CRUDE_OIL,2672682 ALBERTA LTD,0.0,11.195844000000001
2026-06,CRUDE_OIL,501 ENERGY CORP.,0.0,99.02241799999999
2026-06,CRUDE_OIL,840586 ALBERTA LTD.,0.0,56.94365599999999
2026-06,CRUDE_OIL,97837 RESOURCES LTD.,0.0,6.478494
2026-06,CRUDE_OIL,979968 ALBERTA LTD.,0.0,4.088369999999999
2026-06,CRUDE_OIL,ACERTA OPERATING CORPORATION,0.0,4209.364786
2026-06,CRUDE_OIL,ACQUISITION OIL CORP.,0.0,775.301714
2026-06,CRUDE_OIL,ADANAC OIL & GAS LIMITED,0.0,17.045357999999997
2026-06,CRUDE_OIL,ADVANTAGE ENERGY LTD.,0.0,5866.664188
2026-06,CRUDE_OIL,AENEID EXPLORATION INC.,0.0,86.946002
2026-06,CRUDE_OIL,AERADEN ENERGY CORP.,0.0,24.467321999999996
2026-06,CRUDE_OIL,ALBERTA PETROLEUM ENERGY LIMITED,0.0,18.995196
2026-06,CRUDE_OIL,ALCHEMY ENERGY LTD,0.0,493.30901399999993
2026-06,CRUDE_OIL,ALEXANDER OILFIELD SERVICES LTD.,0.0,19.037128
2026-06,CRUDE_OIL,ALLIED ENERGY II CORP.,0.0,1714.8091399999998
2026-06,CRUDE_OIL,ALSACE ENERGY CORP.,0.0,25.704316
2026-06,CRUDE_OIL,ALTAIR ENERGY LTD.,0.0,150.493948
2026-06,CRUDE_OIL,ALTIMA RESOURCES LTD.,0.0,14.193981999999998
2026-06,CRUDE_OIL,APAR ENERGY INC.,0.0,22.957769999999996
2026-06,CRUDE_OIL,ARAL RESOURCES LTD.,0.0,23.125498
2026-06,CRUDE_OIL,ARC RESOURCES LTD.,0.0,7171.042912
2026-06,CRUDE_OIL,ARCHER EXPLORATION CORP.,0.0,10304.495476
2026-06,CRUDE_OIL,ARTIS EXPLORATION LTD.,0.0,10165.302201999999
2026-06,CRUDE_OIL,ASCENSUN OIL AND GAS LTD.,0.0,80.86586199999999
2026-06,CRUDE_OIL,ASPENLEAF ENERGY LIMITED,0.0,14866.005197999999
2026-06,CRUDE_OIL,ASTARA ENERGY CORP.,0.0,4204.123286
2026-06,CRUDE_OIL,ATCO NEXT ENERGY LTD.,0.0,11.447436
2026-06,CRUDE_OIL,ATHABASCA OIL CORPORATION,0.0,81.159386
2026-06,CRUDE_OIL,AXIOM OIL AND GAS INC.,0.0,681.353068
2026-06,CRUDE_OIL,B-32 EXPLORATION LTD.,0.0,114.18083599999999
2026-06,CRUDE_OIL,BACCALIEU ENERGY INC.,0.0,1724.6631599999998
2026-06,CRUDE_OIL,BAND ENERGY RESOURCES LTD.,0.0,4.277063999999999
2026-06,CRUDE_OIL,BARCOMP PETROLEUM LTD.,0.0,92.627788
2026-06,CRUDE_OIL,"BARNWELL OF CANADA, LIMITED",0.0,446.806426
2026-06,CRUDE_OIL,BARREL OIL CORP.,0.0,2528.7721579999998
2026-06,CRUDE_OIL,BATTLE RIVER ENERGY LTD.,0.0,813.983984
2026-06,CRUDE_OIL,BAY OIL AND GAS LTD.,0.0,54.951886
2026-06,CRUDE_OIL,BAYTEX ENERGY LTD.,0.0,7954.185909999999
2026-06,CRUDE_OIL,BDJ ENERGY INC.,0.0,13.187614
2026-06,CRUDE_OIL,BEARSPAW PETROLEUM LTD.,0.0,500.45842
2026-06,CRUDE_OIL,BENCH CREEK RESOURCES LTD.,0.0,31.721558
2026-06,CRUDE_OIL,BIGHORN ENERGY CORPORATION,0.0,112.084236
2026-06,CRUDE_OIL,BIRCHCLIFF ENERGY LTD.,0.0,1346.1639619999999
2026-06,CRUDE_OIL,BITSTONE RESOURCES INC.,0.0,55.182511999999996
2026-06,CRUDE_OIL,BLUE STAR ENERGY INC.,0.0,19.225821999999997
2026-06,CRUDE_OIL,BONTERRA ENERGY CORP.,0.0,6364.376061999999
2026-06,CRUDE_OIL,BORNITE ENERGY LTD.,0.0,12.244144
2026-06,CRUDE_OIL,BORRADAILE OIL LTD.,0.0,8.575094
2026-06,CRUDE_OIL,BOUNTY DEVELOPMENTS LTD.,0.0,8.742821999999999
2026-06,CRUDE_OIL,"BRIGHTSPOT INTERNATIONAL ENERGY (CANADA) CO., LTD.",0.0,153.617882
2026-06,CRUDE_OIL,BROTHERIN ENERGY LTD.,0.0,71.72468599999999
2026-06,CRUDE_OIL,BRW PETROLEUM CORP.,0.0,265.32473
2026-06,CRUDE_OIL,BTG ENERGY CORP.,0.0,1635.893116
2026-06,CRUDE_OIL,C GROUP ENERGY INC.,0.0,141.583398
2026-06,CRUDE_OIL,CALEDONIAN MIDSTREAM CORPORATION,0.0,233.938628
2026-06,CRUDE_OIL,CALTEX TRILOGY INC.,0.0,218.025434
2026-06,CRUDE_OIL,CANADIAN NATURAL RESOURCES LIMITED,0.0,74523.038986
2026-06,CRUDE_OIL,CANEX RESOURCES LTD.,0.0,2.683648
2026-06,CRUDE_OIL,CANLIN RESOURCES PARTNERSHIP,0.0,638.813054
2026-06,CRUDE_OIL,CANUCK NORTH RESOURCES LTD.,0.0,14.99069
2026-06,CRUDE_OIL,CANYON ENERGY CORPORATION,0.0,13.921424
2026-06,CRUDE_OIL,CARDINAL ENERGY LTD.,0.0,12963.38263
2026-06,CRUDE_OIL,CENOVUS ENERGY INC.,0.0,13262.169096
2026-06,CRUDE_OIL,CENTENNIAL PETROLEUM COMPANY LTD.,0.0,0.985402
2026-06,CRUDE_OIL,CLAMPETT ENERGY LTD.,0.0,112.608386
2026-06,CRUDE_OIL,COASTAL RESOURCES LIMITED,0.0,103.278516
2026-06,CRUDE_OIL,COBALT ENERGY INC.,0.0,323.00219599999997
2026-06,CRUDE_OIL,CONIFER ENERGY INC.,0.0,5477.661024
2026-06,CRUDE_OIL,CONVEGA ENERGY LTD.,0.0,8.533161999999999
2026-06,CRUDE_OIL,CORSE ENERGY CORP.,0.0,1.46762
2026-06,CRUDE_OIL,COURSER ENERGY LTD.,0.0,88.749078
2026-06,CRUDE_OIL,CROVERRO ENERGY LTD.,0.0,302.70710799999995
2026-06,CRUDE_OIL,CYGNET ENERGY LTD.,0.0,2242.20887
2026-06,CRUDE_OIL,DARK ENERGY LTD.,0.0,27.549324
2026-06,CRUDE_OIL,DARK WARRIOR RESOURCES LTD.,0.0,102.98499199999999
2026-06,CRUDE_OIL,DECCAN ENERGY LTD.,0.0,88.707146
2026-06,CRUDE_OIL,DECIMUS OIL CORP.,0.0,47.802479999999996
2026-06,CRUDE_OIL,DECKLAND INC.,0.0,20.735373999999997
2026-06,CRUDE_OIL,DEL CANADA GP LTD.,0.0,369.71444399999996
2026-06,CRUDE_OIL,DELTAWEST ENERGY LTD.,0.0,144.43477399999998
2026-06,CRUDE_OIL,DERRICK PETROLEUM LTD.,0.0,4.109336
2026-06,CRUDE_OIL,DIRE RESOURCES LTD.,0.0,9.476632
2026-06,CRUDE_OIL,DOAG ENERGY LTD.,0.0,36.14538399999999
2026-06,CRUDE_OIL,DURHAM CREEK ENERGY LTD.,0.0,29.436264
2026-06,CRUDE_OIL,DWL RESOURCES LTD.,0.0,75.519532
2026-06,CRUDE_OIL,EAGLE ENERGY INC.,0.0,945.0843819999999
2026-06,CRUDE_OIL,EASTNELL RESOURCES LTD.,0.0,21.867538
2026-06,CRUDE_OIL,ECLIPSE RESOURCES LTD.,0.0,417.01374
2026-06,CRUDE_OIL,ECOCHAIN ENERGY LTD.,0.0,25.473689999999998
2026-06,CRUDE_OIL,EDALIS ENERGY INC.,0.0,34.69873
2026-06,CRUDE_OIL,EMBER RESOURCES INC.,0.0,133.637284
2026-06,CRUDE_OIL,ENDRUM ENERGY CORP.,0.0,21.553048
2026-06,CRUDE_OIL,ENER T CORPORATION,0.0,66.378356
2026-06,CRUDE_OIL,ENERCAPITA ENERGY LTD.,0.0,2929.47435
2026-06,CRUDE_OIL,ENHANCE ENERGY INC.,0.0,2076.05332
2026-06,CRUDE_OIL,ENTRADA RESOURCES INC.,0.0,904.1377839999999
2026-06,CRUDE_OIL,EP RESOURCES CORPORATION,0.0,272.830558
2026-06,CRUDE_OIL,ERDOL RESOURCES CORP.,0.0,167.37157799999997
2026-06,CRUDE_OIL,EXECUTIVE ADVENTURES 2008 INC.,0.0,35.390608
2026-06,CRUDE_OIL,FIDDLEHEAD RESOURCES CORP.,0.0,14.026253999999998
2026-06,CRUDE_OIL,FIRE CREEK RESOURCES LTD.,0.0,244.799016
2026-06,CRUDE_OIL,FIVE POINT ENERGY INC.,0.0,21.448217999999997
2026-06,CRUDE_OIL,FLYWHEEL RESOURCES CORP.,0.0,753.539006
2026-06,CRUDE_OIL,FORT CALGARY RESOURCES LTD.,0.0,26.962275999999996
2026-06,CRUDE_OIL,G. HERMAN GROUP INC.,0.0,29.45723
2026-06,CRUDE_OIL,GLOBAL CANUCK ENERGY LTD.,0.0,4.318996
2026-06,CRUDE_OIL,GMT EXPLORATION ZAMA INC.,0.0,763.854278
2026-06,CRUDE_OIL,GOLDEN SPIKE ENERGY INC.,0.0,6.394629999999999
2026-06,CRUDE_OIL,GOOSE CREEK RESOURCES LTD.,0.0,132.840576
2026-06,CRUDE_OIL,GRAN TIERRA CANADA LTD.,0.0,2006.8445539999998
2026-06,CRUDE_OIL,GRASSLAND ENERGY CORP.,0.0,584.070828
2026-06,CRUDE_OIL,GRIZZLY RESOURCES LTD.,0.0,1656.272068
2026-06,CRUDE_OIL,GUNNARR RESOURCES INC.,0.0,24.907607999999996
2026-06,CRUDE_OIL,HARD ROCK RESOURCES LTD.,0.0,38.15812
2026-06,CRUDE_OIL,HARVARD RESOURCES INC.,0.0,64.68010999999998
2026-06,CRUDE_OIL,HARVEST ENERGY CORPORATION,0.0,6.2059359999999995
2026-06,CRUDE_OIL,HARVEST OPERATIONS CORP.,0.0,1090.085238
2026-06,CRUDE_OIL,HBC ENERGY LTD.,0.0,1.5305179999999998
2026-06,CRUDE_OIL,HEADWATER EXPLORATION INC.,0.0,388.416116
2026-06,CRUDE_OIL,HEMISPHERE ENERGY CORPORATION,0.0,3399.4901379999997
2026-06,CRUDE_OIL,HESC ENERGY CORPORATION,0.0,95.248538
2026-06,CRUDE_OIL,HIGHVALE ENERGY LIMITED,0.0,421.06017799999995
2026-06,CRUDE_OIL,HIGHWOOD ASSET MANAGEMENT LTD.,0.0,2068.7781179999997
2026-06,CRUDE_OIL,HITIC ENERGY LTD.,0.0,2837.5174739999998
2026-06,CRUDE_OIL,HWN ENERGY LTD.,0.0,5808.420639999999
2026-06,CRUDE_OIL,HYDRO VAULT ENERGY LTD.,0.0,49.458794
2026-06,CRUDE_OIL,INDRA OIL & GAS LTD.,0.0,15.451941999999999
2026-06,CRUDE_OIL,INNES OILFIELD SERVICES LTD.,0.0,9.099243999999999
2026-06,CRUDE_OIL,INPLAY OIL CORP.,0.0,9642.724651999999
2026-06,CRUDE_OIL,INSCH COMMODITY LTD.,0.0,12.726362
2026-06,CRUDE_OIL,INSIGNIA ENERGY LTD.,0.0,1059.118456
2026-06,CRUDE_OIL,INTEGRITY OIL OPERATIONS LTD.,0.0,5.807581999999999
2026-06,CRUDE_OIL,IPC CANADA LTD.,0.0,10231.659592
2026-06,CRUDE_OIL,ISH ENERGY LTD.,0.0,662.798158
2026-06,CRUDE_OIL,JAST ENERGY LTD.,0.0,30.736155999999994
2026-06,CRUDE_OIL,JOLI FOU PETROLEUMS LTD.,0.0,22.056231999999998
2026-06,CRUDE_OIL,JOURNEY ENERGY INC.,0.0,4884.428054
2026-06,CRUDE_OIL,JX ENERGY LTD.,0.0,23.901239999999998
2026-06,CRUDE_OIL,KARVE ENERGY INC.,0.0,8911.220911999999
2026-06,CRUDE_OIL,KELT EXPLORATION LTD.,0.0,4783.330002
2026-06,CRUDE_OIL,KEYERA ENERGY LTD.,0.0,2.1804639999999997
2026-06,CRUDE_OIL,KINMERC OIL & GAS INC.,0.0,207.206978
2026-06,CRUDE_OIL,KIWETINOHK ENERGY CORP.,0.0,305.11819799999995
2026-06,CRUDE_OIL,KOHO ENERGY CORP.,0.0,2.51592
2026-06,CRUDE_OIL,LEDGEND ROYALTY TRUST LTD.,0.0,19.309686
2026-06,CRUDE_OIL,LOGAN ENERGY CORP.,0.0,5642.5376479999995
2026-06,CRUDE_OIL,LOGIC ENERGY LTD.,0.0,220.520388
2026-06,CRUDE_OIL,LONE TREE RESOURCES INC.,0.0,19.183889999999998
2026-06,CRUDE_OIL,LONG TERM ASSET MANAGEMENT INC.,0.0,19.28872
2026-06,CRUDE_OIL,LONGRIDGE ENERGY LTD.,0.0,100.28037799999998
2026-06,CRUDE_OIL,LONGSHORE RESOURCES LTD.,0.0,2982.0151459999997
2026-06,CRUDE_OIL,LOTUS CREEK EXPLORATION INC.,0.0,1186.403042
2026-06,CRUDE_OIL,LOYAL ENERGY (CANADA) OPERATING LTD.,0.0,913.0692999999999
2026-06,CRUDE_OIL,LUCKY STRIKE RESOURCES LTD.,0.0,124.517074
2026-06,CRUDE_OIL,LUXUR RESOURCES INC.,0.0,5.220534
2026-06,CRUDE_OIL,LYCOS ENERGY INC.,0.0,1418.706322
2026-06,CRUDE_OIL,LYNX ENERGY ULC,0.0,1118.032916
2026-06,CRUDE_OIL,MALAK ENERGY INC.,0.0,1.949838
2026-06,CRUDE_OIL,MANCAL ENERGY INC.,0.0,2146.81357
2026-06,CRUDE_OIL,MARLIN RESOURCES LTD.,0.0,183.51539799999998
2026-06,CRUDE_OIL,MARS ENERGY RESOURCES MANAGEMENT LTD.,0.0,226.87308599999997
2026-06,CRUDE_OIL,MATO INC.,0.0,1.593416
2026-06,CRUDE_OIL,MORNING STAR PETROLEUM INCORPORATED,0.0,5.304398
2026-06,CRUDE_OIL,MUDDY PETROLEUM COMPANY LTD.,0.0,1.299892
2026-06,CRUDE_OIL,MURPHY OIL COMPANY LTD.,0.0,1809.240004
2026-06,CRUDE_OIL,N7 ENERGY LTD.,0.0,176.994972
2026-06,CRUDE_OIL,NEW NORTH RESOURCES LTD.,0.0,18.492012
2026-06,CRUDE_OIL,NEW TIMES ENERGY CANADA GP 2 LTD.,0.0,29.100808
2026-06,CRUDE_OIL,NEW WEST DATA ACQUISITION CORP.,0.0,219.178564
2026-06,CRUDE_OIL,NEW WEST DATA CORP.,0.0,44.90917199999999
2026-06,CRUDE_OIL,NORTH 40 RESOURCES LTD.,0.0,2654.5471919999995
2026-06,CRUDE_OIL,NORTH FORK RESOURCES LTD.,0.0,226.055412
2026-06,CRUDE_OIL,NORTHROCK RESOURCES PARTNERSHIP LTD.,0.0,66.44125399999999
2026-06,CRUDE_OIL,NOVACOR EXPLORATION LTD.,0.0,54.61643
2026-06,CRUDE_OIL,NOVUS ENERGY INC.,0.0,51.618292
2026-06,CRUDE_OIL,NUOVA STRADA VENTURES LTD.,0.0,110.30212599999999
2026-06,CRUDE_OIL,NVP EXPLORATION INC.,0.0,11.594197999999999
2026-06,CRUDE_OIL,NVS ENGINEERING INC.,0.0,20.798271999999997
2026-06,CRUDE_OIL,OAK RESOURCES LTD.,0.0,1.25796
2026-06,CRUDE_OIL,OBSIDIAN ENERGY LTD.,0.0,4372.731858
2026-06,CRUDE_OIL,OHANA RESOURCES INC.,0.0,163.13644599999998
2026-06,CRUDE_OIL,ORGA ENERGY LTD.,0.0,340.80233
2026-06,CRUDE_OIL,ORLEN UPSTREAM CANADA LTD.,0.0,475.84433599999994
2026-06,CRUDE_OIL,OUTLIER RESOURCES LTD.,0.0,228.885822
2026-06,CRUDE_OIL,OUTPOST ENERGY LTD.,0.0,8.050944
2026-06,CRUDE_OIL,OVINTIV CANADA ULC,0.0,399.44423199999994
2026-06,CRUDE_OIL,PARAGON ENERGY LTD.,0.0,7.925147999999998
2026-06,CRUDE_OIL,PARALLAX ENERGY OPERATING INC.,0.0,13164.467536
2026-06,CRUDE_OIL,PARAMOUNT RESOURCES LTD.,0.0,844.3008199999999
2026-06,CRUDE_OIL,PENTACOR ENERGY CORP.,0.0,661.833722
2026-06,CRUDE_OIL,PERISSON PETROLEUM CORPORATION,0.0,2.51592
2026-06,CRUDE_OIL,PERSIST OIL AND GAS INC.,0.0,1618.68003
2026-06,CRUDE_OIL,PERTHRO (CANADA) INC.,0.0,50.276468
2026-06,CRUDE_OIL,PETRUS RESOURCES CORP.,0.0,1631.5950859999998
2026-06,CRUDE_OIL,PEYTO EXPLORATION & DEVELOPMENT CORP.,0.0,14.969724
2026-06,CRUDE_OIL,PINE CLIFF ENERGY LTD.,0.0,1058.950728
2026-06,CRUDE_OIL,PLATFORM ENERGY INC.,0.0,2.264328
2026-06,CRUDE_OIL,POINT BAR RESOURCES INC.,0.0,827.5070539999999
2026-06,CRUDE_OIL,POKER CHIP EXPLORATION LTD.,0.0,23.733511999999997
2026-06,CRUDE_OIL,POTTS PETROLEUM INC.,0.0,207.626298
2026-06,CRUDE_OIL,PRAIRIE PROVIDENT RESOURCES CANADA LTD.,0.0,1165.7096
2026-06,CRUDE_OIL,PRAIRIE THUNDER RESOURCES LTD.,0.0,4193.703184
2026-06,CRUDE_OIL,PRIMROSE DRILLING VENTURES LTD.,0.0,96.716158
2026-06,CRUDE_OIL,PRONGHORN RESOURCES LTD.,0.0,10.378169999999999
2026-06,CRUDE_OIL,PROSPERA ENERGY INC.,0.0,6.7091199999999995
2026-06,CRUDE_OIL,PULSE OIL OPERATING CORP.,0.0,114.830782
2026-06,CRUDE_OIL,QUESTERRE ENERGY CORPORATION,0.0,3.186832
2026-06,CRUDE_OIL,RAKE RESOURCES LTD,0.0,13.418239999999999
2026-06,CRUDE_OIL,RALLY CANADA RESOURCES LTD.,0.0,433.534948
2026-06,CRUDE_OIL,RAMPART OIL INC.,0.0,386.864632
2026-06,CRUDE_OIL,RANAHAN RESOURCES LIMITED,0.0,1082.4745799999998
2026-06,CRUDE_OIL,RED ANGUS ENERGY INC.,0.0,90.489256
2026-06,CRUDE_OIL,RELENTLESS RESOURCES LTD.,0.0,43.001266
2026-06,CRUDE_OIL,RESISTANCE ENERGY LTD.,0.0,15.997057999999999
2026-06,CRUDE_OIL,RESONANCE ENERGY LTD.,0.0,24.656015999999997
2026-06,CRUDE_OIL,RESOURCEFUL PETROLEUM CANADA LIMITED,0.0,26.647785999999996
2026-06,CRUDE_OIL,RESPONSE ENERGY CORPORATION,0.0,715.527648
2026-06,CRUDE_OIL,REVOLUTION OIL & GAS CORPORATION,0.0,420.87148399999995
2026-06,CRUDE_OIL,REX ENERGY LTD.,0.0,11.384538
2026-06,CRUDE_OIL,RIBBON CREEK RESOURCES INC.,0.0,37.130786
2026-06,CRUDE_OIL,RICOCHET OIL CORP.,0.0,8439.171422
2026-06,CRUDE_OIL,RIDGELINE EXPLORATION INC.,0.0,36.501806
2026-06,CRUDE_OIL,RIMFIRE ENERGY INC.,0.0,4.423826
2026-06,CRUDE_OIL,RISING TIDE ENERGY LTD.,0.0,38.808066
2026-06,CRUDE_OIL,ROCKEAST ENERGY CORP.,0.0,632.166832
2026-06,CRUDE_OIL,ROK RESOURCES INC.,0.0,100.00782
2026-06,CRUDE_OIL,ROTHMANS ENERGY INC.,0.0,41.617509999999996
2026-06,CRUDE_OIL,RTD ENERGY INC.,0.0,10.566863999999999
2026-06,CRUDE_OIL,RUBELLITE ENERGY INC.,0.0,5214.45386
2026-06,CRUDE_OIL,RURALCO RESOURCES CORP.,0.0,14.718131999999999
2026-06,CRUDE_OIL,RUSH RESOURCES LTD.,0.0,183.41056799999998
2026-06,CRUDE_OIL,SAND HILLS DIV CORP LTD.,0.0,295.28514399999995
2026-06,CRUDE_OIL,SANDPOINT RESOURCES INC.,0.0,23.523851999999998
2026-06,CRUDE_OIL,SATURN OIL & GAS INC.,0.0,4219.826819999999
2026-06,CRUDE_OIL,SHACKLETON EXPLORATION LTD.,0.0,464.90008399999994
2026-06,CRUDE_OIL,SHANPET RESOURCES LTD.,0.0,16.563139999999997
2026-06,CRUDE_OIL,SHARPTAIL ENERGY INC.,0.0,644.18035
2026-06,CRUDE_OIL,SHOT POINT RESOURCES LTD.,0.0,53.526198
2026-06,CRUDE_OIL,SIFTON PETROLEUM INC.,0.0,1166.841764
2026-06,CRUDE_OIL,SIGNALTA RESOURCES LIMITED,0.0,166.47003999999998
2026-06,CRUDE_OIL,SILVERLEAF RESOURCES INC.,0.0,72.898782
2026-06,CRUDE_OIL,SINOPEC CANADA ENERGY LTD.,0.0,2215.309492
2026-06,CRUDE_OIL,SOGAR RESOURCES LTD.,0.0,8.323502
2026-06,CRUDE_OIL,SPARK INFRASTRUCTURE CORP.,0.0,13.460172
2026-06,CRUDE_OIL,SPARTAN DELTA CORP.,0.0,8292.619082
2026-06,CRUDE_OIL,SPOKE RESOURCES LTD.,0.0,1834.2943739999998
2026-06,CRUDE_OIL,SPUR PETROLEUM LTD.,0.0,38894.383021999995
2026-06,CRUDE_OIL,STRATHCONA RESOURCES LTD.,0.0,3166.222422
2026-06,CRUDE_OIL,SUCCESS RESOURCES LTD.,0.0,27.318697999999998
2026-06,CRUDE_OIL,SUMERIAN OIL & GAS INC.,0.0,106.04602799999999
2026-06,CRUDE_OIL,SUN CENTURY PETROLEUM CORPORATION,0.0,49.416861999999995
2026-06,CRUDE_OIL,SUPREME ENERGY INC.,0.0,102.35601199999999
2026-06,CRUDE_OIL,SURGE ENERGY INC.,0.0,12241.355522
2026-06,CRUDE_OIL,SUTTON ENERGY LTD.,0.0,3.6690499999999995
2026-06,CRUDE_OIL,TAGGART OIL CORP.,0.0,110.91014
2026-06,CRUDE_OIL,TAKU GAS LIMITED,0.0,14.298811999999998
2026-06,CRUDE_OIL,TAMARACK VALLEY ENERGY LTD.,0.0,40358.962951999994
2026-06,CRUDE_OIL,TAQA NORTH LTD.,0.0,4209.259956
2026-06,CRUDE_OIL,TEINE ENERGY LTD.,0.0,9826.156186
2026-06,CRUDE_OIL,TENAZ ENERGY CORP.,0.0,1436.59032
2026-06,CRUDE_OIL,TEXCAL ENERGY CANADA INC.,0.0,391.372322
2026-06,CRUDE_OIL,THOROUGHBRED ENERGY LTD.,0.0,48.07503799999999
2026-06,CRUDE_OIL,TIDEWATER MIDSTREAM AND INFRASTRUCTURE LTD.,0.0,158.523926
2026-06,CRUDE_OIL,TOP OIL PRODUCTION LTD.,0.0,201.734852
2026-06,CRUDE_OIL,TOURMALINE OIL CORP.,0.0,1748.0612159999998
2026-06,CRUDE_OIL,TOWER RIDGE ENTERPRISES CORP.,0.0,7.338100000000001
2026-06,CRUDE_OIL,TRANSACTION OIL & GAS VENTURES INC.,0.0,10.79749
2026-06,CRUDE_OIL,TRIPLE 555 OIL COMPANY LTD.,0.0,26.354262
2026-06,CRUDE_OIL,TUKTU RESOURCES LTD.,0.0,127.221688
2026-06,CRUDE_OIL,TUSCANY PETROLEUM LTD.,0.0,160.935016
2026-06,CRUDE_OIL,TYKEWEST LIMITED,0.0,103.110788
2026-06,CRUDE_OIL,ULYSSES ENERGY CORP.,0.0,797.7562999999999
2026-06,CRUDE_OIL,UNIT 18 CORP.,0.0,183.263806
2026-06,CRUDE_OIL,VANRENA RESOURCES LTD.,0.0,4.1303019999999995
2026-06,CRUDE_OIL,VANTAGE POINT RESOURCES INC.,0.0,969.8871599999999
2026-06,CRUDE_OIL,VERMILION ENERGY INC.,0.0,2413.647852
2026-06,CRUDE_OIL,VITAL ENERGY INC.,0.0,264.926376
2026-06,CRUDE_OIL,VULTURE ENERGY LTD.,0.0,26.52199
2026-06,CRUDE_OIL,WASP ENTERPRIZES LTD.,0.0,70.278032
2026-06,CRUDE_OIL,WESCAN ENERGY CORP.,0.0,186.932856
2026-06,CRUDE_OIL,WEST 5 RESOURCES INC.,0.0,119.652962
2026-06,CRUDE_OIL,WEST LAKE ENERGY CORP.,0.0,6035.293726
2026-06,CRUDE_OIL,WESTERN BASIN ENERGY CORPORATION,0.0,1915.13927
2026-06,CRUDE_OIL,WESTGATE ENERGY OPERATIONS LTD.,0.0,139.256172
2026-06,CRUDE_OIL,WHITE TUNDRA PETROLEUM LTD.,0.0,26.710684
2026-06,CRUDE_OIL,WHITECAP PARTNERSHIP,0.0,40326.339856
2026-06,CRUDE_OIL,WHITECAP RESOURCES INC.,0.0,19315.745174
2026-06,CRUDE_OIL,WHITEMUD CREEK RESOURCES LTD.,0.0,20.169292
2026-06,CRUDE_OIL,WILDCAT RENTALS LTD.,0.0,13.73273
2026-06,CRUDE_OIL,WOLF LAKE EXPLORATION LTD.,0.0,418.54425799999996
2026-06,CRUDE_OIL,WOODCOTE INC.,0.0,1309.6411899999998
2026-06,CRUDE_OIL,WOODSMAN ENERGY CORP.,0.0,318.15905
2026-06,CRUDE_OIL,XENOTIME ENERGY INC.,0.0,3.606152
2026-06,CRUDE_OIL,YANGARRA RESOURCES CORP.,0.0,1755.06386
2026-06,CRUDE_OIL,ZNX ENERGY LTD.,0.0,13.816594
2026-06,CRUDE_OIL,ZYZYGY RESOURCES LTD.,0.0,53.798756
2026-06,GAS,1170778 ALBERTA LTD.,0.002354313333333334,0.0
2026-06,GAS,1288131 ALBERTA LTD.,0.044025659333333335,0.0
2026-06,GAS,1506928 ALBERTA LTD.,0.002354313333333334,0.0
2026-06,GAS,1852797 ALBERTA ULC,0.0037669013333333336,0.0
2026-06,GAS,2155192 ALBERTA LTD.,0.019423085000000003,0.0
2026-06,GAS,2363750 ALBERTA LTD.,0.1487926026666667,0.0
2026-06,GAS,2672682 ALBERTA LTD,0.018952222333333334,0.0
2026-06,GAS,501 ENERGY CORP.,0.09370167066666668,0.0
2026-06,GAS,840586 ALBERTA LTD.,0.18316557733333336,0.0
2026-06,GAS,97837 RESOURCES LTD.,0.03095922033333334,0.0
2026-06,GAS,979968 ALBERTA LTD.,0.10441379633333335,0.0
2026-06,GAS,ACERTA OPERATING CORPORATION,37.029817263333335,0.0
2026-06,GAS,ACQUISITION OIL CORP.,0.5784547860000001,0.0
2026-06,GAS,ADANAC OIL & GAS LIMITED,0.05603265733333334,0.0
2026-06,GAS,ADVANTAGE ENERGY LTD.,300.653111038,0.0
2026-06,GAS,AENEID EXPLORATION INC.,0.03425525900000001,0.0
2026-06,GAS,AERADEN ENERGY CORP.,0.02907576966666667,0.0
2026-06,GAS,ALBERTA PETROLEUM ENERGY LIMITED,0.004002332666666667,0.0
2026-06,GAS,ALCHEMY ENERGY LTD,1.6281253856666669,0.0
2026-06,GAS,ALEXANDER OILFIELD SERVICES LTD.,0.046144541333333344,0.0
2026-06,GAS,ALLIED ENERGY II CORP.,4.7771371846666675,0.0
2026-06,GAS,ALSACE ENERGY CORP.,0.002354313333333334,0.0
2026-06,GAS,ALTAIR ENERGY LTD.,1.054143795,0.0
2026-06,GAS,ALTIMA RESOURCES LTD.,0.02589744666666667,0.0
2026-06,GAS,APAR ENERGY INC.,0.005297205000000001,0.0
2026-06,GAS,APL OIL & GAS (1998) LTD.,0.06274245033333334,0.0
2026-06,GAS,ARAL RESOURCES LTD.,0.03743358200000001,0.0
2026-06,GAS,ARC RESOURCES LTD.,714.8333298913334,0.0
2026-06,GAS,ARCHER EXPLORATION CORP.,45.420589983333336,0.0
2026-06,GAS,ARTIS EXPLORATION LTD.,16.502206163000004,0.0
2026-06,GAS,ASCENSUN OIL AND GAS LTD.,0.05403149100000001,0.0
2026-06,GAS,ASPENLEAF ENERGY LIMITED,35.57249731,0.0
2026-06,GAS,ASTARA ENERGY CORP.,12.150493397666668,0.0
2026-06,GAS,ATCO NEXT ENERGY LTD.,11.851966467,0.0
2026-06,GAS,ATHABASCA OIL CORPORATION,5.543113027666667,0.0
2026-06,GAS,AVILA ENERGY CORPORATION,0.08134152566666668,0.0
2026-06,GAS,AXIOM OIL AND GAS INC.,2.8887424600000005,0.0
2026-06,GAS,AYIK ENERGY CORP.,0.2988800776666667,0.0
2026-06,GAS,B-32 EXPLORATION LTD.,0.05450235366666668,0.0
2026-06,GAS,BACCALIEU ENERGY INC.,16.006270059333335,0.0
2026-06,GAS,BAND ENERGY RESOURCES LTD.,0.0005885783333333335,0.0
2026-06,GAS,BARCOMP PETROLEUM LTD.,0.0028251760000000004,0.0
2026-06,GAS,"BARNWELL OF CANADA, LIMITED",2.1943377423333335,0.0
2026-06,GAS,BARREL OIL CORP.,44.68286590033334,0.0
2026-06,GAS,BATTLE RIVER ENERGY LTD.,4.623047377000001,0.0
2026-06,GAS,BAY OIL AND GAS LTD.,0.14584971100000002,0.0
2026-06,GAS,BAYTEX ENERGY LTD.,84.20389981733335,0.0
2026-06,GAS,BDJ ENERGY INC.,0.06992310600000001,0.0
2026-06,GAS,BEAR HILLS INDUSTRIES LTD.,0.11206531466666668,0.0
2026-06,GAS,BEARSPAW PETROLEUM LTD.,7.412437814333335,0.0
2026-06,GAS,BENCH CREEK RESOURCES LTD.,0.24202341066666666,0.0
2026-06,GAS,BENKOIL RESOURCES LIMITED,0.012006998000000001,0.0
2026-06,GAS,BIGHORN ENERGY CORPORATION,5.925453513000001,0.0
2026-06,GAS,BIRCHCLIFF ENERGY LTD.,463.5733594396667,0.0
2026-06,GAS,BITSTONE RESOURCES INC.,0.24496630233333336,0.0
2026-06,GAS,BLUE STAR ENERGY INC.,0.05991727433333334,0.0
2026-06,GAS,BONTERRA ENERGY CORP.,56.46290809500001,0.0
2026-06,GAS,BORNITE ENERGY LTD.,2.897688850666667,0.0
2026-06,GAS,BORRADAILE OIL LTD.,0.2321352946666667,0.0
2026-06,GAS,BOUNTY DEVELOPMENTS LTD.,0.0009417253333333335,0.0
2026-06,GAS,"BRIGHTSPOT INTERNATIONAL ENERGY (CANADA) CO., LTD.",0.03507926866666667,0.0
2026-06,GAS,BROTHERIN ENERGY LTD.,0.5454943993333334,0.0
2026-06,GAS,BRW PETROLEUM CORP.,0.21965743400000004,0.0
2026-06,GAS,BTG ENERGY CORP.,27.139700097000002,0.0
2026-06,GAS,C GROUP ENERGY INC.,0.18363644,0.0
2026-06,GAS,CALEDONIAN MIDSTREAM CORPORATION,20.96327678266667,0.0
2026-06,GAS,CALTEX TRILOGY INC.,7.651753764666668,0.0
2026-06,GAS,CANADIAN NATURAL RESOURCES LIMITED,2113.7980957880004,0.0
2026-06,GAS,CANEX RESOURCES LTD.,0.002825176,0.0
2026-06,GAS,CANLIN RESOURCES PARTNERSHIP,194.50336176833335,0.0
2026-06,GAS,CANSTONE ENERGY LTD.,2.1571395916666667,0.0
2026-06,GAS,CANUCK NORTH RESOURCES LTD.,0.029899779333333334,0.0
2026-06,GAS,CANYON ENERGY CORPORATION,0.01600933066666667,0.0
2026-06,GAS,CARDINAL ENERGY LTD.,19.41084257066667,0.0
2026-06,GAS,CAVVY PRODUCTION LTD.,107.51925333566668,0.0
2026-06,GAS,CENOVUS ENERGY INC.,704.5197894720001,0.0
2026-06,GAS,CENTENNIAL PETROLEUM COMPANY LTD.,0.05073545233333334,0.0
2026-06,GAS,CHECK ENERGY LTD.,0.011065272666666667,0.0
2026-06,GAS,CLAMPETT ENERGY LTD.,1.1997580746666667,0.0
2026-06,GAS,CLEAR NORTH ENERGY CORP.,1.6562594300000002,0.0
2026-06,GAS,CNOOC PETROLEUM NORTH AMERICA ULC,3.1878579690000004,0.0
2026-06,GAS,COASTAL RESOURCES LIMITED,0.18340100866666667,0.0
2026-06,GAS,COBALT ENERGY INC.,0.29028683400000005,0.0
2026-06,GAS,CONIFER ENERGY INC.,10.502709495666668,0.0
2026-06,GAS,CONNACHER OIL AND GAS LIMITED,9.415369882666667,0.0
2026-06,GAS,CONOCOPHILLIPS CANADA RESOURCES CORP.,9.302951421000001,0.0
2026-06,GAS,CONVEGA ENERGY LTD.,0.0034137543333333333,0.0
2026-06,GAS,CORSE ENERGY CORP.,0.9311309233333335,0.0
2026-06,GAS,COURSER ENERGY LTD.,0.13725646733333335,0.0
2026-06,GAS,CROVERRO ENERGY LTD.,0.13549073233333336,0.0
2026-06,GAS,CYGNET ENERGY LTD.,40.97293894966667,0.0
2026-06,GAS,DARK ENERGY LTD.,0.013419586000000002,0.0
2026-06,GAS,DARK WARRIOR RESOURCES LTD.,0.117597951,0.0
2026-06,GAS,DAVIES LIVESTOCK CO. LTD.,0.0009417253333333334,0.0
2026-06,GAS,DECCAN ENERGY LTD.,0.26026933900000004,0.0
2026-06,GAS,DECIMUS OIL CORP.,0.09064106333333335,0.0
2026-06,GAS,DECKLAND INC.,0.15173549433333336,0.0
2026-06,GAS,DEERGARDEN RESOURCES LTD.,0.05308976566666667,0.0
2026-06,GAS,DEL CANADA GP LTD.,3.585266059666667,0.0
2026-06,GAS,DELTAWEST ENERGY LTD.,0.066038489,0.0
2026-06,GAS,DERRICK PETROLEUM LTD.,0.02095338866666667,0.0
2026-06,GAS,DIRE RESOURCES LTD.,0.006003499,0.0
2026-06,GAS,DOAG ENERGY LTD.,0.07863406533333335,0.0
2026-06,GAS,DURHAM CREEK ENERGY LTD.,0.05462006933333334,0.0
2026-06,GAS,DWL RESOURCES LTD.,0.22519007033333335,0.0
2026-06,GAS,EAGLE ENERGY INC.,0.33372391500000004,0.0
2026-06,GAS,EASTNELL RESOURCES LTD.,0.00011771566666666669,0.0
2026-06,GAS,ECLIPSE RESOURCES LTD.,0.12501403800000002,0.0
2026-06,GAS,ECOCHAIN ENERGY LTD.,0.0027074603333333332,0.0
2026-06,GAS,EDALIS ENERGY INC.,0.07298371333333334,0.0
2026-06,GAS,EMBER RESOURCES INC.,220.92523173000004,0.0
2026-06,GAS,ENDRUM ENERGY CORP.,3.338063159666667,0.0
2026-06,GAS,ENER T CORPORATION,0.20670871066666668,0.0
2026-06,GAS,ENERCAPITA ENERGY LTD.,10.463745610000002,0.0
2026-06,GAS,ENHANCE ENERGY INC.,19.17176205166667,0.0
2026-06,GAS,ENTRADA RESOURCES INC.,11.952966509000001,0.0
2026-06,GAS,EP RESOURCES CORPORATION,0.12701520433333335,0.0
2026-06,GAS,ERDOL RESOURCES CORP.,0.44390577900000006,0.0
2026-06,GAS,ETTHEN ENERGY CORPORATION,0.008710959333333334,0.0
2026-06,GAS,EVERGO RESOURCES LIMITED,0.044143375000000006,0.0
2026-06,GAS,EXECUTIVE ADVENTURES 2008 INC.,0.06721564566666668,0.0
2026-06,GAS,FABIAN SEED FARMS INC.,0.0017657350000000005,0.0
2026-06,GAS,FIDDLEHEAD RESOURCES CORP.,4.9818447290000005,0.0
2026-06,GAS,FIRE CREEK RESOURCES LTD.,0.18057583266666669,0.0
2026-06,GAS,FIVE POINT ENERGY INC.,0.23766793100000003,0.0
2026-06,GAS,FLYWHEEL RESOURCES CORP.,0.4495561310000001,0.0
2026-06,GAS,FORT CALGARY RESOURCES LTD.,0.040258758000000006,0.0
2026-06,GAS,G. HERMAN GROUP INC.,0.7365469263333335,0.0
2026-06,GAS,G2B DEVELOPMENT CORPORATION,1.633658022,0.0
2026-06,GAS,GEX RESOURCES LTD.,0.512416297,0.0
2026-06,GAS,GLOBAL CANUCK ENERGY LTD.,0.00011771566666666669,0.0
2026-06,GAS,GMT EXPLORATION ZAMA INC.,1.0527312070000001,0.0
2026-06,GAS,GOLDEN SPIKE ENERGY INC.,0.006709793000000001,0.0
2026-06,GAS,GOOSE CREEK RESOURCES LTD.,1.4282441836666668,0.0
2026-06,GAS,GRAN TIERRA CANADA LTD.,44.85720280266667,0.0
2026-06,GAS,GRASSLAND ENERGY CORP.,2.2423657343333336,0.0
2026-06,GAS,GREENFIRE RESOURCES OPERATING CORPORATION,3.182560764,0.0
2026-06,GAS,GRIZZLY OIL SANDS ULC,0.008240096666666669,0.0
2026-06,GAS,GRIZZLY RESOURCES LTD.,0.09381938633333334,0.0
2026-06,GAS,GUNNARR RESOURCES INC.,0.04190677733333334,0.0
2026-06,GAS,HARD ROCK RESOURCES LTD.,0.9458453816666667,0.0
2026-06,GAS,HARVARD RESOURCES INC.,0.051559462,0.0
2026-06,GAS,HARVEST ENERGY CORPORATION,0.0009417253333333335,0.0
2026-06,GAS,HARVEST OPERATIONS CORP.,22.028132703333334,0.0
2026-06,GAS,HBC ENERGY LTD.,0.00011771566666666669,0.0
2026-06,GAS,HEADWATER EXPLORATION INC.,12.920000710666669,0.0
2026-06,GAS,HEMISPHERE ENERGY CORPORATION,1.2189457283333334,0.0
2026-06,GAS,HESC ENERGY CORPORATION,0.2572087316666667,0.0
2026-06,GAS,HIGHVALE ENERGY LIMITED,5.148765544333334,0.0
2026-06,GAS,HIGHWOOD ASSET MANAGEMENT LTD.,12.774033284000001,0.0
2026-06,GAS,HIS MAJESTY THE KING IN RIGHT OF CANADA AS REPRESENTED HEREIN BY THE MINISTER OF NATIONAL DEFENCE,0.23437189233333336,0.0
2026-06,GAS,HITIC ENERGY LTD.,4.573724512666667,0.0
2026-06,GAS,HWN ENERGY LTD.,58.69197195900001,0.0
2026-06,GAS,HYDRO VAULT ENERGY LTD.,0.0961736996666667,0.0
2026-06,GAS,IMPERIAL OIL RESOURCES LIMITED,36.30504190366667,0.0
2026-06,GAS,INDRA OIL & GAS LTD.,0.017892781333333337,0.0
2026-06,GAS,INNES OILFIELD SERVICES LTD.,0.003766901333333334,0.0
2026-06,GAS,INPLAY OIL CORP.,50.660938316333336,0.0
2026-06,GAS,INSCH COMMODITY LTD.,0.046026825666666674,0.0
2026-06,GAS,INSIGNIA ENERGY LTD.,37.32893277233334,0.0
2026-06,GAS,INTEGRITY OIL OPERATIONS LTD.,0.004237764000000001,0.0
2026-06,GAS,IPC CANADA LTD.,99.74566385600001,0.0
2026-06,GAS,ISH ENERGY LTD.,3.520522443000001,0.0
2026-06,GAS,ISLANDER OIL & GAS INC.,0.18469588100000003,0.0
2026-06,GAS,JAST ENERGY LTD.,0.0038846170000000004,0.0
2026-06,GAS,JAYHAWK RESOURCES LTD.,1.4092919613333335,0.0
2026-06,GAS,JOLI FOU PETROLEUMS LTD.,0.0028251760000000004,0.0
2026-06,GAS,JOURNEY ENERGY INC.,37.22004578066667,0.0
2026-06,GAS,JX ENERGY LTD.,8.599129450000001,0.0
2026-06,GAS,KAISER EXPLORATION LTD.,0.16444878633333335,0.0
2026-06,GAS,KARVE ENERGY INC.,24.108168533333338,0.0
2026-06,GAS,KELT EXPLORATION LTD.,180.03740120733335,0.0
2026-06,GAS,KEYERA ENERGY LTD.,0.16480193333333337,0.0
2026-06,GAS,KINMERC OIL & GAS INC.,0.12442545966666668,0.0
2026-06,GAS,KIWETINOHK ENERGY CORP.,123.35954430500001,0.0
2026-06,GAS,KOHO ENERGY CORP.,0.00035314700000000005,0.0
2026-06,GAS,KOLBRA FIELD MANAGEMENT LTD.,0.00011771566666666669,0.0
2026-06,GAS,LEDGEND ROYALTY TRUST LTD.,0.147262299,0.0
2026-06,GAS,LINEUP RESOURCES CORP.,0.34502461900000003,0.0
2026-06,GAS,LOGAN ENERGY CORP.,73.87964727233334,0.0
2026-06,GAS,LOGIC ENERGY LTD.,0.6110620256666668,0.0
2026-06,GAS,LONE TREE RESOURCES INC.,0.147968593,0.0
2026-06,GAS,LONG TERM ASSET MANAGEMENT INC.,17.009678402000002,0.0
2026-06,GAS,LONGRIDGE ENERGY LTD.,0.40376473666666673,0.0
2026-06,GAS,LONGSHORE RESOURCES LTD.,0.7190072920000001,0.0
2026-06,GAS,LOTUS CREEK EXPLORATION INC.,6.891899136333334,0.0
2026-06,GAS,LOYAL ENERGY (CANADA) OPERATING LTD.,30.492713146333337,0.0
2026-06,GAS,LUCKY STRIKE RESOURCES LTD.,0.4397857306666667,0.0
2026-06,GAS,LYCOS ENERGY INC.,1.949489155666667,0.0
2026-06,GAS,LYNX ENERGY ULC,93.01409345766668,0.0
2026-06,GAS,MAHIKAN OIL CORPORATION,0.020835673000000002,0.0
2026-06,GAS,MANCAL ENERGY INC.,44.536780758000006,0.0
2026-06,GAS,MARLIN RESOURCES LTD.,0.11971683300000002,0.0
2026-06,GAS,MARS ENERGY RESOURCES MANAGEMENT LTD.,0.55444079,0.0
2026-06,GAS,MATO INC.,0.09982288533333336,0.0
2026-06,GAS,"MEDICINE HAT, CITY OF",8.678352093666668,0.0
2026-06,GAS,MORNING STAR PETROLEUM INCORPORATED,0.05344291266666667,0.0
2026-06,GAS,MUDDY PETROLEUM COMPANY LTD.,0.000353147,0.0
2026-06,GAS,MURPHY OIL COMPANY LTD.,16.721981312666667,0.0
2026-06,GAS,N7 ENERGY LTD.,8.480001195333335,0.0
2026-06,GAS,NEW NORTH RESOURCES LTD.,1.9981057260000004,0.0
2026-06,GAS,NEW TIMES ENERGY CANADA GP 2 LTD.,1.2532009873333334,0.0
2026-06,GAS,NEW TIMES ENERGY CANADA GP 3 LTD.,2.1549029940000004,0.0
2026-06,GAS,NEW WEST DATA ACQUISITION CORP.,3.429645948333334,0.0
2026-06,GAS,NEW WEST DATA CORP.,0.20670871066666668,0.0
2026-06,GAS,NORTH 40 RESOURCES LTD.,17.857584349000003,0.0
2026-06,GAS,NORTH FORK RESOURCES LTD.,0.22813296200000002,0.0
2026-06,GAS,NORTHRIVER MIDSTREAM INC.,0.139493065,0.0
2026-06,GAS,NORTHROCK RESOURCES PARTNERSHIP LTD.,0.036256425333333335,0.0
2026-06,GAS,NORWEGIAN ENERGY INC.,0.06780422400000001,0.0
2026-06,GAS,NOVACOR EXPLORATION LTD.,0.030606073333333338,0.0
2026-06,GAS,NOVUS ENERGY INC.,0.226367227,0.0
2026-06,GAS,NPS INDUSTRIAL POWER CORP.,1.8447222123333336,0.0
2026-06,GAS,NUOVA STRADA VENTURES LTD.,0.18916907633333335,0.0
2026-06,GAS,NVP EXPLORATION INC.,0.024955721333333337,0.0
2026-06,GAS,NVS ENGINEERING INC.,0.028604907000000006,0.0
2026-06,GAS,O'NEILL INDUSTRIES INTERNATIONAL-CANADA INC.,0.018481359666666666,0.0
2026-06,GAS,OAK RESOURCES LTD.,0.00047086266666666676,0.0
2026-06,GAS,OBSIDIAN ENERGY LTD.,61.29807910333334,0.0
2026-06,GAS,OHANA RESOURCES INC.,0.06921681200000002,0.0
2026-06,GAS,OK RADIO GROUP LTD.,0.20223551533333337,0.0
2026-06,GAS,ORGA ENERGY LTD.,0.001883450666666667,0.0
2026-06,GAS,ORLEN UPSTREAM CANADA LTD.,49.54817211933334,0.0
2026-06,GAS,OUTLIER RESOURCES LTD.,26.599738334000005,0.0
2026-06,GAS,OUTPOST ENERGY LTD.,0.5157123356666667,0.0
2026-06,GAS,OVINTIV CANADA ULC,1018.7768292440002,0.0
2026-06,GAS,PARAGON ENERGY LTD.,0.007886949666666667,0.0
2026-06,GAS,PARALLAX ENERGY OPERATING INC.,21.22354612166667,0.0
2026-06,GAS,PARAMOUNT RESOURCES LTD.,202.7969013476667,0.0
2026-06,GAS,PENTACOR ENERGY CORP.,0.06450818533333334,0.0
2026-06,GAS,PERISSON PETROLEUM CORPORATION,0.00011771566666666669,0.0
2026-06,GAS,PERSIST OIL AND GAS INC.,13.867729543000001,0.0
2026-06,GAS,PERTHRO (CANADA) INC.,0.11606764733333336,0.0
2026-06,GAS,PETROCHINA CANADA LTD.,0.8875761266666667,0.0
2026-06,GAS,PETROCHINA DUVERNAY GAS PARTNERSHIP,66.62612560800001,0.0
2026-06,GAS,PETRUS RESOURCES CORP.,57.50857636200001,0.0
2026-06,GAS,PEYTO CANADA CORP.,14.931643738333335,0.0
2026-06,GAS,PEYTO EXPLORATION & DEVELOPMENT CORP.,794.0004117633334,0.0
2026-06,GAS,PINE CLIFF ENERGY LTD.,104.95163921433334,0.0
2026-06,GAS,PLATFORM ENERGY INC.,0.08969933800000002,0.0
2026-06,GAS,POINT BAR RESOURCES INC.,1.0621484603333335,0.0
2026-06,GAS,POKER CHIP EXPLORATION LTD.,0.030370642000000007,0.0
2026-06,GAS,POTTS PETROLEUM INC.,0.3571493326666667,0.0
2026-06,GAS,PRAIRIE PROVIDENT RESOURCES CANADA LTD.,6.6641193213333345,0.0
2026-06,GAS,PRAIRIE THUNDER RESOURCES LTD.,11.506824132333335,0.0
2026-06,GAS,PRIMROSE DRILLING VENTURES LTD.,0.012360145000000003,0.0
2026-06,GAS,PRONGHORN RESOURCES LTD.,0.06262473466666668,0.0
2026-06,GAS,PROSPERA ENERGY INC.,0.0020011663333333336,0.0
2026-06,GAS,PULSE OIL OPERATING CORP.,0.094996543,0.0
2026-06,GAS,QUESTERRE ENERGY CORPORATION,0.00023543133333333338,0.0
2026-06,GAS,RAKE RESOURCES LTD,0.0010594410000000002,0.0
2026-06,GAS,RALLY CANADA RESOURCES LTD.,0.3377262476666667,0.0
2026-06,GAS,RAMPART OIL INC.,0.16915741300000003,0.0
2026-06,GAS,RANAHAN RESOURCES LIMITED,4.964187379,0.0
2026-06,GAS,RED ANGUS ENERGY INC.,0.1745723336666667,0.0
2026-06,GAS,RELENTLESS RESOURCES LTD.,0.1781038036666667,0.0
2026-06,GAS,RESISTANCE ENERGY LTD.,0.035314700000000004,0.0
2026-06,GAS,RESONANCE ENERGY LTD.,0.19870404533333336,0.0
2026-06,GAS,RESOURCEFUL PETROLEUM CANADA LIMITED,1.2052907110000002,0.0
2026-06,GAS,RESPONSE ENERGY CORPORATION,0.5317216663333334,0.0
2026-06,GAS,REVOLUTION OIL & GAS CORPORATION,0.5064127980000002,0.0
2026-06,GAS,REX ENERGY LTD.,0.11018186400000002,0.0
2026-06,GAS,RIBBON CREEK RESOURCES INC.,0.183283293,0.0
2026-06,GAS,RICOCHET OIL CORP.,22.680866075000004,0.0
2026-06,GAS,RIDGELINE EXPLORATION INC.,0.12313058733333335,0.0
2026-06,GAS,RIMFIRE ENERGY INC.,0.05838697066666667,0.0
2026-06,GAS,RISING TIDE ENERGY LTD.,2.480151381,0.0
2026-06,GAS,RKSMITH ENERGY CORP.,0.21530195433333335,0.0
2026-06,GAS,ROCKEAST ENERGY CORP.,0.7118266363333334,0.0
2026-06,GAS,ROCKPOINT GAS STORAGE CANADA LTD.,25.773727501000003,0.0
2026-06,GAS,ROK RESOURCES INC.,4.692146473333334,0.0
2026-06,GAS,ROTHMANS ENERGY INC.,0.04190677733333334,0.0
2026-06,GAS,RUBELLITE ENERGY INC.,12.913055486333334,0.0
2026-06,GAS,RURALCO RESOURCES CORP.,0.012595576333333334,0.0
2026-06,GAS,RUSH RESOURCES LTD.,1.2633245346666666,0.0
2026-06,GAS,SAND HILLS DIV CORP LTD.,3.212342827666667,0.0
2026-06,GAS,SANDPOINT RESOURCES INC.,0.001530303666666667,0.0
2026-06,GAS,SATURN OIL & GAS INC.,31.402537534000004,0.0
2026-06,GAS,SHACKLETON EXPLORATION LTD.,3.7790260470000003,0.0
2026-06,GAS,SHANPET RESOURCES LTD.,0.14196509400000001,0.0
2026-06,GAS,SHARPTAIL ENERGY INC.,1.9034623300000002,0.0
2026-06,GAS,SHELL CANADA ENERGY,3.8661356403333342,0.0
2026-06,GAS,SHOT POINT RESOURCES LTD.,0.026132878000000002,0.0
2026-06,GAS,SIFTON PETROLEUM INC.,1.8281243033333334,0.0
2026-06,GAS,SIGNALTA RESOURCES LIMITED,3.4782625186666674,0.0
2026-06,GAS,SILVERLEAF RESOURCES INC.,1.0261274663333335,0.0
2026-06,GAS,SINOPEC CANADA ENERGY LTD.,85.96316045566668,0.0
2026-06,GAS,SOGAR RESOURCES LTD.,0.9426670586666668,0.0
2026-06,GAS,SPARK INFRASTRUCTURE CORP.,5.027165260666667,0.0
2026-06,GAS,SPARTAN DELTA CORP.,223.38725489833337,0.0
2026-06,GAS,SPOKE RESOURCES LTD.,8.717904557666667,0.0
2026-06,GAS,SPROCKET ENERGY CORPORATION,9.169108708000001,0.0
2026-06,GAS,SPUR PETROLEUM LTD.,43.37469169666667,0.0
2026-06,GAS,STORM DEVELOPMENT CORP.,35.76166638633334,0.0
2026-06,GAS,STRATHCONA RESOURCES LTD.,37.85759383133334,0.0
2026-06,GAS,SUCCESS RESOURCES LTD.,1.2147079643333336,0.0
2026-06,GAS,SUMERIAN OIL & GAS INC.,2.2188226010000003,0.0
2026-06,GAS,SUN CENTURY PETROLEUM CORPORATION,4.538998391000001,0.0
2026-06,GAS,SUNCOR ENERGY INC.,7.280478552000001,0.0
2026-06,GAS,SUPREME ENERGY INC.,0.6646226540000001,0.0
2026-06,GAS,SURGE ENERGY INC.,15.874310797000001,0.0
2026-06,GAS,SUTTON ENERGY LTD.,0.18975765466666672,0.0
2026-06,GAS,TAGGART OIL CORP.,0.07121797833333335,0.0
2026-06,GAS,TAIGA ENERGY CORP.,1.0274223386666668,0.0
2026-06,GAS,TAKU GAS LIMITED,0.013184154666666668,0.0
2026-06,GAS,TAMARACK VALLEY ENERGY LTD.,84.12032169400001,0.0
2026-06,GAS,TAQA NORTH LTD.,386.38731452200005,0.0
2026-06,GAS,TEINE ENERGY LTD.,26.565836222000005,0.0
2026-06,GAS,TENAZ ENERGY CORP.,9.056337099333334,0.0
2026-06,GAS,TEXCAL ENERGY CANADA INC.,1.041548218666667,0.0
2026-06,GAS,THOR RESOURCES INC.,1.7217093406666668,0.0
2026-06,GAS,THOROUGHBRED ENERGY LTD.,0.025426584000000006,0.0
2026-06,GAS,TIDEWATER MIDSTREAM AND INFRASTRUCTURE LTD.,9.670577448000001,0.0
2026-06,GAS,TMAX ENERGY LTD.,1.0250680253333333,0.0
2026-06,GAS,TOP OIL PRODUCTION LTD.,0.7808080170000001,0.0
2026-06,GAS,TOURMALINE OIL CORP.,1610.039315208667,0.0
2026-06,GAS,TOWER RIDGE ENTERPRISES CORP.,0.0017657350000000003,0.0
2026-06,GAS,TRANSACTION OIL & GAS VENTURES INC.,0.00011771566666666669,0.0
2026-06,GAS,TRANSCANADA ENERGY LTD.,0.004708626666666668,0.0
2026-06,GAS,TRIPLE 555 OIL COMPANY LTD.,0.03967017966666667,0.0
2026-06,GAS,TUKTU RESOURCES LTD.,2.0234145943333335,0.0
2026-06,GAS,TUSCANY PETROLEUM LTD.,0.2675677103333334,0.0
2026-06,GAS,TYKEWEST LIMITED,0.2628590836666667,0.0
2026-06,GAS,ULYSSES ENERGY CORP.,0.5746878846666668,0.0
2026-06,GAS,UNIT 18 CORP.,0.04355479666666667,0.0
2026-06,GAS,VANRENA RESOURCES LTD.,0.00047086266666666676,0.0
2026-06,GAS,VANTAGE POINT RESOURCES INC.,8.351808834333335,0.0
2026-06,GAS,VERMILION ENERGY INC.,345.8546321656667,0.0
2026-06,GAS,VITAL ENERGY INC.,0.429779899,0.0
2026-06,GAS,VULTURE ENERGY LTD.,0.07404315433333333,0.0
2026-06,GAS,WARWICK GAS STORAGE LTD.,0.5400794786666667,0.0
2026-06,GAS,WASP ENTERPRIZES LTD.,0.014479027000000002,0.0
2026-06,GAS,"WEIL GROUP CANADA, LTD.",2.499339034666667,0.0
2026-06,GAS,WESCAN ENERGY CORP.,0.2767495323333333,0.0
2026-06,GAS,WEST 5 RESOURCES INC.,1.2593222020000003,0.0
2026-06,GAS,WEST LAKE ENERGY CORP.,4.876018344666667,0.0
2026-06,GAS,WESTERN BASIN ENERGY CORPORATION,6.995018060333334,0.0
2026-06,GAS,WESTGATE ENERGY OPERATIONS LTD.,0.6507322053333334,0.0
2026-06,GAS,WHITE TUNDRA PETROLEUM LTD.,0.12889865500000003,0.0
2026-06,GAS,WHITECAP PARTNERSHIP,481.85954653100003,0.0
2026-06,GAS,WHITECAP RESOURCES INC.,565.8176560363335,0.0
2026-06,GAS,WHITEMUD CREEK RESOURCES LTD.,0.03154779866666667,0.0
2026-06,GAS,WILDCAT RENTALS LTD.,0.032842671000000004,0.0
2026-06,GAS,WINDSOR SALT LTD/SEL WINDSOR LTEE,0.023072270666666672,0.0
2026-06,GAS,WOLF LAKE EXPLORATION LTD.,5.763829902666667,0.0
2026-06,GAS,WOODCOTE INC.,0.47886733200000003,0.0
2026-06,GAS,WOODSMAN ENERGY CORP.,0.4928754963333334,0.0
2026-06,GAS,XENOTIME ENERGY INC.,0.001883450666666667,0.0
2026-06,GAS,YANGARRA RESOURCES CORP.,41.21343205666667,0.0
2026-06,GAS,ZNX ENERGY LTD.,0.11230074600000002,0.0
2026-06,GAS,ZYZYGY RESOURCES LTD.,0.2188334243333334,0.0
2026-06,OIL_AT_GAS_BATTERY,2155192 ALBERTA LTD.,0.0,4.8641119999999995
2026-06,OIL_AT_GAS_BATTERY,ACERTA OPERATING CORPORATION,0.0,21.972368
2026-06,OIL_AT_GAS_BATTERY,ADVANTAGE ENERGY LTD.,0.0,174.416154
2026-06,OIL_AT_GAS_BATTERY,ARC RESOURCES LTD.,0.0,10.776524
2026-06,OIL_AT_GAS_BATTERY,AXIOM OIL AND GAS INC.,0.0,6.8978139999999994
2026-06,OIL_AT_GAS_BATTERY,BACCALIEU ENERGY INC.,0.0,61.136855999999995
2026-06,OIL_AT_GAS_BATTERY,BARREL OIL CORP.,0.0,65.87517199999999
2026-06,OIL_AT_GAS_BATTERY,BATTLE RIVER ENERGY LTD.,0.0,0.7128439999999999
2026-06,OIL_AT_GAS_BATTERY,BAYTEX ENERGY LTD.,0.0,1.970804
2026-06,OIL_AT_GAS_BATTERY,BIRCHCLIFF ENERGY LTD.,0.0,3.186832
2026-06,OIL_AT_GAS_BATTERY,BONTERRA ENERGY CORP.,0.0,417.32822999999996
2026-06,OIL_AT_GAS_BATTERY,BORNITE ENERGY LTD.,0.0,1.740178
2026-06,OIL_AT_GAS_BATTERY,BTG ENERGY CORP.,0.0,7.568726
2026-06,OIL_AT_GAS_BATTERY,CANADIAN NATURAL RESOURCES LIMITED,0.0,445.42267
2026-06,OIL_AT_GAS_BATTERY,CANLIN RESOURCES PARTNERSHIP,0.0,8.407365999999998
2026-06,OIL_AT_GAS_BATTERY,CENOVUS ENERGY INC.,0.0,24.907608
2026-06,OIL_AT_GAS_BATTERY,CORSE ENERGY CORP.,0.0,0.083864
2026-06,OIL_AT_GAS_BATTERY,CYGNET ENERGY LTD.,0.0,5728.183757999999
2026-06,OIL_AT_GAS_BATTERY,DEL CANADA GP LTD.,0.0,0.859606
2026-06,OIL_AT_GAS_BATTERY,EMBER RESOURCES INC.,0.0,3.082002
2026-06,OIL_AT_GAS_BATTERY,ENERCAPITA ENERGY LTD.,0.0,11.84579
2026-06,OIL_AT_GAS_BATTERY,ENHANCE ENERGY INC.,0.0,1.2789259999999998
2026-06,OIL_AT_GAS_BATTERY,GRAN TIERRA CANADA LTD.,0.0,55.371206
2026-06,OIL_AT_GAS_BATTERY,HARD ROCK RESOURCES LTD.,0.0,0.901538
2026-06,OIL_AT_GAS_BATTERY,HARVEST OPERATIONS CORP.,0.0,22.999702
2026-06,OIL_AT_GAS_BATTERY,HIGHWOOD ASSET MANAGEMENT LTD.,0.0,2.327226
2026-06,OIL_AT_GAS_BATTERY,HWN ENERGY LTD.,0.0,78.32897599999998
2026-06,OIL_AT_GAS_BATTERY,INPLAY OIL CORP.,0.0,6.897814
2026-06,OIL_AT_GAS_BATTERY,JOURNEY ENERGY INC.,0.0,27.738018
2026-06,OIL_AT_GAS_BATTERY,KARVE ENERGY INC.,0.0,15.640635999999999
2026-06,OIL_AT_GAS_BATTERY,KELT EXPLORATION LTD.,0.0,6401.318154
2026-06,OIL_AT_GAS_BATTERY,KIWETINOHK ENERGY CORP.,0.0,28.681488
2026-06,OIL_AT_GAS_BATTERY,LOGAN ENERGY CORP.,0.0,341.934494
2026-06,OIL_AT_GAS_BATTERY,LONG TERM ASSET MANAGEMENT INC.,0.0,0.041932
2026-06,OIL_AT_GAS_BATTERY,LOTUS CREEK EXPLORATION INC.,0.0,5.639854
2026-06,OIL_AT_GAS_BATTERY,LOYAL ENERGY (CANADA) OPERATING LTD.,0.0,0.859606
2026-06,OIL_AT_GAS_BATTERY,LYNX ENERGY ULC,0.0,18.408148
2026-06,OIL_AT_GAS_BATTERY,MANCAL ENERGY INC.,0.0,7.254236
2026-06,OIL_AT_GAS_BATTERY,NEW NORTH RESOURCES LTD.,0.0,0.6080139999999999
2026-06,OIL_AT_GAS_BATTERY,NORTH 40 RESOURCES LTD.,0.0,31.742523999999996
2026-06,OIL_AT_GAS_BATTERY,NORWEGIAN ENERGY INC.,0.0,3.04007
2026-06,OIL_AT_GAS_BATTERY,OBSIDIAN ENERGY LTD.,0.0,17.150188
2026-06,OIL_AT_GAS_BATTERY,ORLEN UPSTREAM CANADA LTD.,0.0,7.799351999999999
2026-06,OIL_AT_GAS_BATTERY,OUTLIER RESOURCES LTD.,0.0,31.469965999999996
2026-06,OIL_AT_GAS_BATTERY,OVINTIV CANADA ULC,0.0,310.77901799999995
2026-06,OIL_AT_GAS_BATTERY,PARAMOUNT RESOURCES LTD.,0.0,0.4822179999999999
2026-06,OIL_AT_GAS_BATTERY,PERSIST OIL AND GAS INC.,0.0,1.6772799999999999
2026-06,OIL_AT_GAS_BATTERY,PETRUS RESOURCES CORP.,0.0,11.468402
2026-06,OIL_AT_GAS_BATTERY,PEYTO EXPLORATION & DEVELOPMENT CORP.,0.0,9.455665999999999
2026-06,OIL_AT_GAS_BATTERY,PINE CLIFF ENERGY LTD.,0.0,20.043495999999998
2026-06,OIL_AT_GAS_BATTERY,PRAIRIE PROVIDENT RESOURCES CANADA LTD.,0.0,7.820317999999999
2026-06,OIL_AT_GAS_BATTERY,RESISTANCE ENERGY LTD.,0.0,29.184671999999996
2026-06,OIL_AT_GAS_BATTERY,RESPONSE ENERGY CORPORATION,0.0,4.654452
2026-06,OIL_AT_GAS_BATTERY,SATURN OIL & GAS INC.,0.0,1.6563139999999998
2026-06,OIL_AT_GAS_BATTERY,SIGNALTA RESOURCES LIMITED,0.0,2.8513759999999997
2026-06,OIL_AT_GAS_BATTERY,SILVERLEAF RESOURCES INC.,0.0,0.29352399999999995
2026-06,OIL_AT_GAS_BATTERY,SINOPEC CANADA ENERGY LTD.,0.0,1.865974
2026-06,OIL_AT_GAS_BATTERY,SPARK INFRASTRUCTURE CORP.,0.0,1.36279
2026-06,OIL_AT_GAS_BATTERY,SPARTAN DELTA CORP.,0.0,3.606152
2026-06,OIL_AT_GAS_BATTERY,SUCCESS RESOURCES LTD.,0.0,16.101888
2026-06,OIL_AT_GAS_BATTERY,SUN CENTURY PETROLEUM CORPORATION,0.0,2.1385319999999997
2026-06,OIL_AT_GAS_BATTERY,TAQA NORTH LTD.,0.0,116.948348
2026-06,OIL_AT_GAS_BATTERY,TOURMALINE OIL CORP.,0.0,189.91002799999998
2026-06,OIL_AT_GAS_BATTERY,VANTAGE POINT RESOURCES INC.,0.0,2.4320559999999998
2026-06,OIL_AT_GAS_BATTERY,VERMILION ENERGY INC.,0.0,235.30141799999998
2026-06,OIL_AT_GAS_BATTERY,WESTGATE ENERGY OPERATIONS LTD.,0.0,5.052806
2026-06,OIL_AT_GAS_BATTERY,WHITECAP RESOURCES INC.,0.0,93.15193799999999
2026-06,OIL_AT_GAS_BATTERY,YANGARRA RESOURCES CORP.,0.0,44.573716
2026-06,OIL_UNCLASSIFIED,CARDINAL ENERGY LTD.,0.0,1.5514839999999999
